20
1000
536158541 543454342 496312897 498990496 954095416 264462547 844836479 121638456 522303483 720501598 177003863 997227894 731060180 425996486 425989639 821667914 233836455 965010511 179722952 742732147 708145571 512467085 473709948 42689121 591327412 388045033 930423450 77293520 450744345 106923741 24984552 146068784 435440842 536333576 11893738 604556368 474426211 538470305 453070845 193103351 132119254 562845128 513170321 153117275 53188816 66319519 587927554 28771553 638433662 674648258 685314563 285438198 66496107 230040926 306628996 468062487 310682684 544364248 311960194 12273009 40191468 820668958 281842692 466360213 971628501 76575321 695006356 190978927 622500409 252858375 546757304 590168963 248586400 374721430 21674461 613837146 343157056 429751028 265679323 781921682 205893967 823562971 921377820 329493033 598362696 772520739 665771298 432485341 784441135 377314376 253814325 988806639 186115900 640705304 458772106 192733691 138004157 441997588 82101336 87873698 416037171 394609090 499297183 280472027 433644454 811481301 366572541 295298554 106194971 6365374 196990712 582513106 885766864 786355499 501569597 224988020 662577435 505219429 200039669 161741680 883979251 816952843 380063546 386796129 881412825 288674 61048611 173779017 429425004 756589139 711587472 761381721 513881946 674111609 248620728 477727482 880827796 161902668 94758321 348672211 222418455 357252627 451759104 136844448 942929471 715362767 54592042 329260210 563645175 890148956 19628630 192880067 964536562 734230253 491086930 498443921 445421669 109738975 349436658 443170457 151730553 233572846 134150642 613601880 452700448 934934334 537138779 889744527 974351730 707376954 360078621 743107339 966640650 700870681 431736242 920719346 586804171 894778958 501191117 633810127 901958373 981435592 163212130 536857723 540964453 289962955 175778881 760598615 612221874 211743462 766739369 710242030 69728944 995116968 697531125 282536065 407782637 560034041 555099225 559804699 532588306 357893538 239231850 794129097 122252299 30778832 372426210 413379239 215939549 615146998 95328610 500087002 158838800 789830522 536328253 67707324 728556493 491433908 106298574 540433772 851637341 825249847 190287984 787383660 670143761 684317591 127475958 349184534 79430447 547009132 638652281 701120004 937748759 895948693 270000698 681089634 63176819 64999322 191152904 437223447 385116256 378761269 804746860 318467396 944871235 697049386 868414739 127238419 464340096 511370753 293141508 810234450 471121661 36525746 69024774 143833290 433077140 24429940 598261088 831365869 897160218 274758552 643299265 96027249 952604986 327996376 955746200 674983855 440716110 489695673 851196912 459501554 527234398 825247997 756527319 583709986 906287322 919712913 503701405 453215016 260140695 712559434 934835238 131322237 849475542 731447886 534101631 104521659 396448587 894896847 677603648 200158950 766567264 765046479 674346202 814962465 527055114 553242092 316311718 679722233 44821861 188912986 675840544 822815827 208156688 202309505 423903305 477780545 210773195 193192572 32766963 123410864 642902821 687363743 245815918 85504954 286579581 509427453 305953415 862030824 67467912 82613160 14495863 585133516 943348996 230469387 455793801 101189094 836357166 901191202 755574581 660423356 145560359 657622518 168575394 830648873 16282427 568036238 760041615 429375354 805276015 787387395 54620794 410429615 773061257 695832303 276990451 843696759 745773198 563424396 551531449 810789037 650319419 443218345 338684027 288456587 499059750 231980073 208259428 897230831 476318414 817812615 235009965 102096291 352276063 319792876 8998797 801467623 698399276 279111154 991994023 349671250 567855466 416983940 752159460 40635313 859924681 100603083 990013929 772817954 756244019 456930223 76341400 918134787 51561765 734715516 528365634 10583636 906108802 841959750 568407591 724545045 348722029 963791821 524612859 494241685 749278734 429088181 827407512 56910183 557791567 402883802 169317077 704667846 255435433 339867782 137944676 480254429 741355431 936089036 562943263 664818546 95070821 886543010 730311149 749924574 192942635 357500240 175680376 807320682 70861526 830565598 402450156 3919060 301366597 688089888 661468530 944061216 676813226 760914693 570128593 73351519 587388495 787723861 819332391 774839920 145689480 981576939 206132842 464989789 905606848 956889026 441412235 376126882 698595642 343906806 560190132 571885766 20333066 784799154 359519265 411601771 188681019 653256295 773067505 770660727 516308836 403458241 867861061 812852433 362766291 191312337 497397750 94141217 9101247 748356626 822983906 382534020 716818743 721328554 173107573 234801104 779348101 137393994 466606065 511103960 948843616 507586519 630005178 477687404 206608614 826783359 193390219 505836800 514168466 839472764 93803931 340470785 488292685 74334343 472350603 50888396 793715229 912953871 344176040 714202832 798642226 863332737 334881106 716738668 275187965 183501690 360868919 445159935 825257325 10308326 820478579 177427771 803209607 742075184 13305285 411218871 459444558 197250932 386539652 215716710 882111618 675385612 960209268 500371107 738105398 326521803 186418431 971798340 392835899 812095232 82538665 358320992 691522722 374753997 998568508 964320792 498520331 264714488 888624152 436145438 589259942 43039905 802175885 668764256 253140394 935923138 672931117 521572490 165484385 789568476 769067095 874727651 637786483 686055936 62249868 164881914 949836440 369929464 632673072 914002509 484123451 86287839 462921890 380118044 978288468 548767322 476027161 856107579 198409239 263834405 981573013 796403247 377933492 101102205 860424683 874637319 772601391 935728612 964881870 718339352 676087834 174985457 981412425 894061611 514555026 83895310 714484701 678571252 332736925 911393414 502371556 539735181 516543072 432883942 320224875 701971423 283255292 898305953 260739967 634751454 401175931 131279557 479924415 64287279 556290732 176763100 518821121 592804534 348604116 863670164 985097885 259783941 594715770 728366172 744734958 233770363 227851769 334100212 159138614 692446841 640732779 965900721 304733384 968990854 973718507 795616520 461949870 918849018 519250433 276984056 72524001 162661453 316674562 149547201 304543029 211498057 977070590 554449176 998179506 7014757 677650169 109511751 54681381 319764317 316360184 960443109 473975002 529514045 441089130 679857563 193464296 978792494 590228012 572233227 635189009 615880012 617360298 505825896 969764140 225982391 579948082 851875216 45020143 624520823 961522655 960287096 839395115 212432790 969129499 799229128 504186770 159525010 643612930 320472717 494319365 909209366 27214278 392987345 21169427 467195115 588653039 853675773 757232560 608228301 347618865 728129831 273196229 852889317 935855755 709626974 841615221 790042488 96291677 532367499 633526285 441633401 96667581 411900989 995182599 652269402 242800711 543149762 731613410 610311075 292086566 969205079 34877846 322121217 271607823 201188098 873973522 719905388 194485914 543112716 908890819 276836709 57397089 375232600 303393813 475459595 234011207 196987554 438624054 185345971 192315374 835111298 536260407 227947513 668927691 277871013 394085488 303107723 92714479 859896948 530684661 536954347 477336812 243859008 88698797 798918012 601756495 356350317 431807568 827591667 809317292 138300711 743100888 881314137 75271739 230241617 591970356 942569141 725364861 397694486 504858670 541101918 942970867 137015263 640370115 23742855 749038124 265546603 574389606 854372039 868173466 220751662 813905337 377380562 546008633 352803065 796526603 158080444 687272111 442165258 517313036 96440386 741911401 106751790 489197345 613188633 650406379 410049683 156319041 921078127 655083866 535124887 448206201 202921519 737811020 70572377 298158474 202134543 302498622 690254225 753374336 44544933 513614337 607552718 716371864 456190968 436048073 832129547 100477760 961678294 99381310 213139759 458677708 656633269 811268741 924245066 403780006 295831458 783383302 176548393 473812987 713614984 754725381 381264524 820976889 615186835 549606201 556379559 783760179 445611303 115875871 593378345 7752793 661394886 87137771 907839004 236326311 167902846 127771081 433892384 705517501 626567253 566353172 76157862 704821378 347541614 515291159 708760331 133683063 433789398 321614878 190211200 206672472 80065969 782664437 763972551 355604907 825166968 163520547 23646839 312558742 994300625 620698696 895457131 898182664 50209265 45963390 467908189 65496941 233298439 283735388 383150548 76502116 308215848 946150651 287420001 282225388 653559623 400058549 723955396 279607517 233752385 956828240 873293386 1425002 636591389 168199912 248607612 735491530 881589867 158663757 950053664 361897415 26249236 424342187 412937954 871755314 914770410 561891942 705758185 351016631 371271731 717714786 91550674 397391953 199755632 785727918 588070205 333251349 660575165 769357728 690229826 525181327 556584129 284103782 991471689 220230477 698234956 871116874 349326768 13261598 719588841 699186628 27945570 325547239 35357913 337894590 187894853 794469500 497445763 616824892 268318339 567033499 76161164 284055784 996440617 169505289 725969988 601306397 767772507 204534378 620074842 321070115 835141986 421820534 996021034 890934653 213458772 35510596 791756042 965875831 265402231 804919414 667168142 339442487 359761846 659508381 187184307 605591423 83262779 226209999 634686590 473606369 988554291 277182661 673183150 404112869 911829761 625528113 851199709 374004559 711794724 498912228 233454114 506413662 730366535 591248304 205152136 722340443 16088960 573910692 456229433 561355775 218224560 579225126 611666732 683867877 792544036 423342374 850264100 562223467 901474177 655717430 207648811 122701690 748328297 63890314 37520670 130343364 775949874 519053012 342536954 804119643 687464369 704204052 181436488 796730392 195747557 804248147 820236770
1000
547744017 255104820 461094541 738918284 977732114 542058348 887945483 545306428 979146632 136633082 349901508 507461899 97360268 972206293 396655860 201146570 299240667 235148994 11840472 670657367 972743865 277202849 232781110 884125755 46312195 757663965 90858898 118313718 915989148 551422079 807424867 607040302 393261780 369046747 508586266 158094641 460851385 275713837 881012261 653621052 816545472 480769622 96920780 42582615 156635295 282910927 844163164 401136100 758841006 458784368 364896071 41465878 838212012 937209425 550649366 247320620 18901671 621384857 470671881 457941980 352928080 394273816 674864651 699900778 323309371 786026893 416475357 14486571 57907508 85866215 155979120 265417238 699961546 724433093 347520900 958165343 240830233 936348682 308060703 394310800 994090769 259643953 187914079 425438912 319010091 792998740 745779263 905848704 51024724 16803585 406439933 772995085 105548049 144348806 88013803 366727587 834512046 628066604 25613774 509473695 741980826 69911963 876079601 205057370 747760289 562729398 106855380 995908459 370863779 377043968 931934100 492432179 649888232 85178089 914582565 586352110 592813366 488230022 362592544 28430952 811631846 364979244 658155823 368006683 302461764 951466055 18619269 369782180 863918676 893136302 719883519 331555770 892129755 582923647 829381915 841686274 413382819 817649413 835363365 265321943 584075193 35980374 606356502 277567228 734102176 854613349 878371315 189576479 372620427 936360456 759536868 779089429 127421883 746071408 299591890 935429189 172578813 333855581 46194975 622541887 798595334 417874469 574121777 389791938 16861947 289133801 874530175 85490703 62535527 315992680 732137634 355147014 40996776 358979583 537109152 482053241 282643478 955586866 100910887 67088637 331333362 985762808 180037724 887610128 109690378 368054517 675406102 951743027 584107821 569951331 377227821 728337655 661966695 26053530 105441263 967671716 276119445 722909778 80774811 885365139 143058419 198319361 167149749 676565531 998761191 555806129 545166622 181243500 51381895 754062349 201361326 449559132 905936094 423625851 613962718 876731251 691775790 22913183 918564247 480362574 527226825 105753593 735999070 248657147 532597813 968224436 492787037 972911112 871527477 291156551 550242531 372334641 450625536 661505066 153921643 536497313 123682655 884926528 667822744 205326726 510859214 314072577 16831172 630352464 104753301 195128657 149415844 372682294 192586993 861554997 704854577 431420580 551835974 212283774 336409719 83134061 475082238 774573017 851165489 169583816 376661067 478478202 553483708 675568769 76510127 348051357 140339902 932204854 526133534 95589918 254190467 598867415 475095076 296160651 750222314 523313287 915446283 545978042 437049820 175163014 645133749 120960628 856586317 62105360 166468059 509882663 806860331 959431843 792845234 600415980 50429073 713617402 910547023 323461002 122460903 648604540 878811910 171495431 464917885 11067672 920942960 849499708 623936591 953135743 683939130 211654141 369893831 768471930 267100477 873165774 771613051 519062519 871480147 281523124 292397202 116533088 967977576 176376476 683072676 607177998 161897017 284247072 369680086 826532325 372280897 219130810 373413071 245232952 726165360 210221058 583242156 365014548 52335409 192772944 645692188 377423792 427033310 358958704 274660400 698928432 9539571 712732271 891749289 255156909 361218359 301393107 619665732 854202358 255702140 265267117 538842176 889416242 269627274 505601016 806640436 706467903 585854944 587009634 552722954 608110625 413948403 204763735 123004085 259190876 686792024 928571529 67942574 94918227 108092556 161205560 541449336 876148454 563446037 286293661 119381767 640823355 775863001 678732722 901471900 597617196 741347490 693425304 499480314 202089818 253402013 157568586 587993308 114185262 185402108 299597518 545141757 646476725 709795853 674903120 42997131 356407545 393773576 534799982 172923612 997332347 54408352 912932157 529700484 636344257 625365020 144049027 893214626 131987331 681720970 907260352 467663803 807407317 105770521 684552403 565581682 823509451 111980175 616721792 237349501 66178965 657690016 98226533 967727050 18006235 201800682 957063710 709183855 763481049 901664666 517064876 433863366 368853841 318972587 441936564 860154042 638455925 896469396 661266800 863107345 14336210 974369001 541142042 88332413 498984512 88587150 554667850 372787558 753041356 299863639 882421243 140168270 826170806 34029009 487471670 754984393 48483160 665170081 165422213 939450605 234672971 869965253 436179927 849143852 430331537 12182875 334347709 328301103 544515159 396162877 621655366 667244080 520050075 328963881 17671735 929713386 299830858 888229934 77613226 112399447 374400235 50398489 633974332 140518 670856544 965993437 628900832 819419714 555731966 52205311 178330909 846845547 897333821 366066690 250640141 964891281 893716157 932451367 39504500 527336341 36778147 313837574 211231957 379352089 518532822 394730410 553418068 552958137 619609671 484369627 395628473 670753044 527642426 670958362 185912768 623267578 179693858 237099878 66185797 609790166 889363615 13960904 556565544 306335143 660476784 881879891 527418669 453825901 27275931 342274571 378095895 47424524 3750692 36294502 393050114 14654156 886780100 568250431 83131869 99543204 904963936 696212604 971945101 386329285 734736568 650735434 958249883 570906049 638423058 815984661 144497159 793930581 522847176 591359134 305613308 435779291 946718131 957879969 385521465 344153115 728022243 189222833 26522737 956151535 117145101 931475331 563807685 410284906 128581034 619908362 53117766 757152727 649068492 652584971 825209511 886402467 884138900 801647782 160825906 839515997 665032949 71516980 840152481 359459440 22598790 910471466 432654534 138570742 425616236 620899237 540549230 182042260 971652356 192070844 964528382 518215828 17128103 493517023 842830279 890349132 356885115 779206581 585380409 158834512 325308235 141894681 2761330 749061376 200579585 59630529 214418827 969795628 348694727 118734033 267566074 251788220 164204828 933374879 410201816 273556069 548527158 459367244 114792084 899600520 283612093 590651165 626778374 176162939 252372374 221275118 145378043 679562073 856988298 851501936 754204824 453605216 621145033 647127247 382936590 464825252 98450120 301512672 418409700 329487657 967970074 419170278 869636526 638390696 424902065 501559441 793003957 489181069 546117822 334475578 530324769 452969421 442843201 905845186 735662542 147583380 623656145 955777463 661822713 822569067 194526179 658928452 4869305 241236138 513826163 913528898 860566487 136830645 771784173 771200182 655576020 637695068 45816124 792475089 894591845 655142962 99402109 514341288 133311868 56327321 680780058 49699590 488190668 757710705 504522824 482649012 475819344 623104416 64489329 479199629 336114864 709982393 672266562 346965301 669791509 487248336 297881812 347204723 496539791 843635122 326449972 124188603 118929049 676343728 370841007 866229878 882773001 15013164 552395221 692023563 775926646 680622036 353562274 814692603 92955172 944471865 437866224 247349517 130191022 978097088 416890105 123499999 693517897 49074720 249637660 541118825 355095517 822796978 358640051 442409495 560322086 249477231 560737193 961184057 996050383 726513562 414933752 75358311 394679313 439395980 826189635 979033961 691845789 262610734 25705043 631809008 614563630 514412104 224643645 938151653 794622253 201671647 338560107 152520924 212013610 194028351 34424308 766018574 927315797 794065107 377331693 704069872 671646357 474115312 220073535 109001252 122989066 75100071 127844575 651661729 20381929 864218588 618156825 558906070 851697538 633569963 771034627 336147040 295489762 563182208 281293512 52493284 77165790 698642942 147989559 434760724 600393512 242540581 199775967 725768163 443172449 46322417 204956788 13574416 43166072 826825628 786648673 330261942 596640926 877530780 425188726 795985723 443624552 724472631 881010651 210565212 191404538 225901632 44326258 985968690 768573292 246545287 452077196 315963187 558679861 552283217 955775141 888779061 969697440 701704269 492572280 195034500 479664403 144723558 607735550 891249702 968952906 486909491 134161260 656062482 593310394 256571751 305041166 528183755 468909186 777541508 943143499 413349750 219333853 540668338 643102617 513050894 22900102 674097986 239895607 60813035 639074590 235908070 661979815 694927198 543895610 303863493 866225428 25104606 928785664 275620274 841004507 794493525 359814871 861218403 606338544 513727714 731592491 108327698 449343094 980593787 739974736 592272927 181958845 667734127 785208733 620471349 350944048 724187878 666752131 844310719 823364865 151120682 95013290 930473355 730465721 108939225 350277476 658235094 223060963 878461690 119044196 578878256 693880522 497734334 574843786 159715478 467673738 536647183 177650708 19373457 314245881 233283915 856358148 679877610 232615331 422444682 845580536 792049468 413225695 898682702 483921099 613402515 216183046 701934543 707769337 585414102 23647783 378623950 401426466 929410560 82377844 257810169 210162300 455951703 119905637 652474552 385518042 314101229 347007278 101656436 385969366 45977219 338763531 884251673 971648591 456205449 874691747 659682606 868029857 573890883 482409347 485348209 487288699 190318116 942922227 327124288 102321812 882627356 756809554 781938813 688965231 788749374 921267904 571902294 355149079 683568713 973682120 542662217 623939644 795258610 735269436 90544069 728789754 317059032 891523178 236700778 67265443 467061525 848354625 567758069 104443627 471744393 943313868 128894271 559314411 344768227 798551291 679494589 235788659 444285181 124768370 926987971 364635236 182448425 450142043 231876823 131310219 241265652 767320682 67770278 776802660 715358336 19834586 698159661 455704061 903442165 72365918 671279135 956530719 521088213 314463361
1000
27873634 160062578 896743381 924651931 151596416 704770277 164263184 364412608 472239234 651743621 154742962 155047584 391144219 720038280 635462483 103739228 825950445 455464334 357718427 18055964 717593503 948368786 218833301 73467470 80212946 858199333 465415271 87108941 740226614 134818611 129729345 278738121 952664393 605490400 532527250 435779094 418666475 305182036 587807516 32010422 711406743 285900105 120594531 174251264 540199314 117626829 115120794 43163460 735902455 25081128 775297031 800680224 635469242 160612477 343252650 790688341 312606524 839679476 211231234 162623266 336114248 570637287 252501712 722459988 899030600 658250436 499459027 428028205 204525190 824064758 798284490 768346078 741410279 76290383 215204416 141313885 343263733 469137839 473080236 744576934 172950439 701591525 652975802 984972243 692129681 219055813 392918247 36276700 703785932 603338000 49629555 614165983 321031414 202294966 937064020 279921812 435999378 157066755 642967374 729168390 466275629 325920451 484932527 862656797 63895738 525093457 830696562 930027649 180345964 106556016 414226408 505285108 474213774 550257734 619168896 807637379 617194622 543716073 830343359 326533119 952261567 387255761 102633512 398963748 815963703 475373310 95348536 187165726 369722781 311768652 994319743 800318373 414340447 596543547 233304693 168108163 897204673 70175799 353717055 61101225 933791653 178729404 927025903 182409754 781609051 447600993 558768044 757278919 612811712 854101420 512627474 3134554 768468095 822738986 61737749 297716891 104392500 631091863 758733294 872027834 209414594 339209233 247784417 404232875 380272528 406851225 718882004 675686767 256368850 133002794 266501517 521659140 931015446 518557693 238679482 530263496 183829476 555062510 167544788 528593577 757766990 41471638 68878932 662635940 196395254 172309137 970617091 70552932 206416556 883238789 551170499 420077223 578255205 299370739 136244206 290022307 12501200 403499286 499231277 382956719 220784647 441786269 496919012 92655005 285396016 837480298 940258081 968467193 702153968 368480551 26167065 537467297 85407321 322155097 450238076 139437884 905361502 950293226 592840654 729348229 903486770 27222460 149390872 791570585 228618861 221668669 890495722 849666867 868454150 404862517 772903203 779225508 777000272 793825543 919174609 284986360 971170258 858916377 989214958 539542363 961345498 650228460 591412242 665366287 129148470 399855879 187181050 8995444 90061145 384099439 415900968 535864780 54686734 474928134 934406189 279186619 262086284 570547842 224745688 309336451 905638076 645571310 227394330 778459687 640526356 962095107 422870594 238887081 849463627 424842185 272264357 596428136 102415940 792262774 3988248 952384307 743094982 767752650 332665579 443331294 286442710 943163562 164696921 300614080 309582318 198968751 589386908 181282551 593852215 866663105 486217346 941832785 970768920 417139485 693985922 138286599 438267512 630400143 163706176 222529817 457326738 263094095 563991648 816126540 670551739 131238939 154682221 799762670 758471590 371492398 357112325 991693736 557369675 329300117 109801140 200231699 673246455 816559614 54308064 109469567 472293122 708960367 89910063 152023540 139464149 659678284 271934366 529390259 826972098 752165147 626346423 179779171 472502880 122320134 733114811 865693048 820396043 795331369 193099209 243177254 747596837 81827229 343963976 628116727 880295514 223857164 129510737 248166066 838642964 71883838 30088964 815508794 924776402 839773977 236989033 849934254 652368512 359271380 378838555 586517239 974400831 926462250 981379701 509445855 950257553 16493153 97566500 773357264 972469733 884616093 659372618 589749187 270287926 643157980 251364754 488879508 458582962 84201911 67328989 408320519 537932104 983487130 862387230 173154199 693085107 697135606 885142494 60290987 913815929 704357478 231584999 804098751 66539826 261635343 977843075 405709858 438941719 380515732 567786271 1621661 443583690 918617972 795631591 226393991 360638564 730600949 552294991 396166538 212974873 593616565 142221551 975379781 600757630 478569603 880297805 395204760 53213721 365181281 471652914 134640248 695316792 574885465 439056620 71630577 549563346 6928812 445006060 700755100 98795376 298057580 225200648 268681849 819632942 134458641 403311956 114326097 95426975 641250076 509490549 853998714 896138846 723784188 419792380 307581957 837141062 464812332 985274468 781878968 618210590 737203366 684623315 294950463 98357484 307949556 206987189 771305659 73731590 130400335 373282519 362184644 576330083 33775342 831013592 377374477 790806611 668403847 943512034 665380075 836217351 535339135 713105860 809380917 472528909 330052927 270394681 587827694 241783443 344726807 674746565 475920732 93859473 490952522 82404827 806390009 861781926 618882839 288286992 692621853 615185613 50777994 282708562 929424471 407457645 466988485 523668555 840823617 286386076 512650740 256090625 513789796 204605116 777620151 249967310 732592225 65143165 460803617 599887958 658203761 509752947 339613609 775691763 726573264 184137555 483678879 808960232 145705908 618598655 33368576 723523783 257385897 145530659 831059751 651769905 311763748 189840820 652943627 176447356 65545845 426088153 250983290 69576423 214596273 515500704 269422842 62111550 644306814 966496481 703579409 379800864 533892456 477988332 995885046 350454677 600439988 234591071 816006767 188824932 610159380 160708538 246391668 348018763 559448013 965048881 171260254 313601109 636689839 973746717 338188292 6227783 653622343 472880659 509457573 203420571 630980027 490699747 77457112 689541860 318450321 463070680 719113684 555460800 66184741 12038090 808555333 622752805 533934207 84735974 162070122 346685232 338388328 681680078 542608466 299026517 337148987 669673423 775658235 63909483 331800911 627416222 499146001 16463100 908550079 264110938 584283091 898754190 877932272 871357610 237681964 284496349 597590756 323682250 642839573 427025634 999960989 942037280 170351846 615725658 205690877 220904080 747836731 148256977 366447304 237303897 903271807 647021623 782855787 76313802 936346810 842645244 404178625 327913547 959707609 672642283 614708828 809637867 271560146 174707422 332420443 362302459 779207928 483064057 857838069 242897672 319351998 646030101 762446490 91757542 103665790 167001243 534815607 210796318 207916044 30308651 746454575 761160233 682594044 12258022 367583459 399700208 367428214 568839250 928540042 552303497 76919981 420817236 618417301 937431355 980709422 724510976 48243708 94689538 327761180 263374859 648311517 90142404 702201989 258950859 885725252 717387953 335362865 324857309 486599290 973660707 234081030 91614605 882769662 475900739 764464159 889748666 659298633 715640516 874513527 549042967 131159099 495715314 597065102 118908150 84640038 925373340 781324644 612778848 497765984 162663014 687311635 987707717 921656516 106290615 838849751 692727967 800700330 850732516 323003684 129780347 86444894 835902049 136094756 739361244 130536426 637700644 470696116 665767629 894028683 784525717 424458581 119222341 294940604 612265376 923065809 131843741 904559285 870944212 251147040 822571387 817884894 651165499 5692818 194020006 869126345 704190362 235153595 891572167 520090661 731861304 913716311 849272364 855043043 322986172 21210993 131283829 447430390 301435396 863332650 247652073 743194056 630683225 611445799 403909736 4131359 577625949 527301719 466997614 636752632 46470185 889263510 758226858 701654243 661087728 745785769 554529687 789483996 248171116 104907140 182321098 524051587 345293254 896297631 882719205 751132780 307136257 816978087 795201602 628519286 9431223 550592436 371866415 537145581 815898617 172552310 779063137 484496940 446455764 84589053 676006562 186208486 336414396 984396248 303000345 882815386 10628831 619188821 684548784 796204031 27938320 494553096 415339107 949038093 982062885 535888624 531304922 974662415 459499398 487717380 291889014 480520138 454655447 487969892 219482383 983056187 42884413 974807508 357457010 752493835 38904652 246586794 756340354 795509526 996288650 496613335 536392906 879374413 718714810 936592726 33645439 182528192 79956972 586588632 318007595 484750440 834013229 833358156 764509253 383539463 289622185 628602862 364368134 390089214 279060195 354401100 185381680 304555336 301955025 256785360 459818625 779616360 202647163 205160088 471164060 283270663 115604556 266373082 836029241 752119633 186020317 393245017 112043098 636214908 225203559 433601400 540728557 15981764 407271257 376096576 138161358 674516273 144141305 218521310 897134611 927497957 400964664 601149081 156514921 325408949 717440819 507603927 559658388 85902422 880822638 334034262 979561494 272153299 994583704 685060405 143001406 675423923 861145774 895202624 609980328 515650633 860808869 467740140 836927426 103353062 497220359 373778919 176719892 378871387 201989534 128839032 242266676 226967926 659673565 773906004 599930748 894303606 716918914 789991662 862858244 763387043 44013522 17448630 411677296 487418077 69370737 538646011 232662910 545262528 377452294 799305498 302872542 587637781 868061624 426484237 963047094 99894376 581877351 738588633 232733559 984817704 119728561 582892145 679485017 326749404 263515637 434523398 19057329 826936243 388480743 756764352 403311018 822472562 313825298 287770493 508180642 816895818 770581042 312813919 264124375 744610044 283685520 726579408 59703764 576689400 466560496 774366817 230956506 744928396 259561744 727469918 467382896 804358359 928945859 196785544 251328557 329306988 947790163 880799395 307462736 982488161 470081035 576465276 605153577 770961844 988918601 539187315 212909369 769693424 727419503 725093493 38514190 134265027 113822980 126465533 649786115 158961785 811910036 699386275 632435570 654570129 272266964 739294460 664358 550335589 994112662 936202709 683437485 946373411 658868078 55027937 261987666 196968576
1000
276604891 576364032 261523428 811723041 728383067 24803112 835559377 185625113 572311300 734173310 962298384 686308685 133679323 313662038 577978559 887411413 795257745 379101782 476497290 165416474 69966518 208537072 550503745 546634538 911075245 776174067 973116602 276706943 69600733 97921842 940185895 422538200 215287581 880043701 583570899 838446977 961060550 759199257 408660509 939539208 114527248 85318541 883494601 447957406 631765759 315021045 743767958 503128127 280779046 840743488 554696088 409921694 70092784 678591779 758586606 278152629 920510429 273034018 882180592 542703553 269936141 265336682 456487301 771677988 379019006 212913357 457302105 346761630 675929972 6115157 634148284 84072503 708974437 545675154 121982721 638120692 387521607 555428710 192145021 471227271 954346030 166632322 84045197 670468949 405454551 978376658 171261876 838166460 54617534 469842681 98318310 668235972 992688093 852082643 454969740 793232121 600974826 85052434 528287236 741936370 458151714 827388802 232298173 550679841 618874054 178713268 326071750 738875168 810386473 516335590 254500537 359418664 329312374 669987468 975322115 986235992 397695257 615496885 119797823 627768778 193812856 444631791 386572560 812775651 283808740 604102680 672317529 800793579 556351757 522648171 331515562 864981222 606825263 774518537 103482000 116905466 728656045 309555219 281586777 925414532 482310923 407358753 423414116 540530905 360795283 207198867 145506755 509431116 746897290 364187605 935538189 303126897 464698173 396767743 691716276 715945381 210340351 840417356 784335886 163507268 399938119 825137108 97253985 414394339 830189423 239029897 967198367 228793038 982355280 137931679 499201008 701056061 156534457 513144511 138886407 400984300 898566190 187766582 675895471 876525043 100926182 68833560 498507695 747529124 61789829 552879660 323682920 525749366 821568893 670886058 395156692 863241999 946342466 79461315 855848004 435114989 558514033 724367258 765344304 25654908 404679361 828259747 354021824 958060207 8246926 428367571 990183012 982832982 87483260 522336721 417011858 775806916 495036023 656396042 336038066 181581790 354285946 636061644 633362280 543118025 181116066 774986729 590863334 880266357 373932322 245684680 842659922 233096427 161077018 458414485 88267278 613484436 875553367 3872993 449054314 72208003 976377780 559568932 941038358 200583342 828208837 1831145 538765664 441633353 795461557 788752604 252586529 933409604 126166671 584870999 777357326 611040964 503169067 436662698 992003750 91550248 935498407 607061085 44074222 141622243 778840427 769494506 717032746 537038038 933947087 429009259 156010717 224891492 993997636 530152707 23828295 49367247 604485344 746586983 439049907 289600875 384332828 696984112 874739765 381682388 830957952 374176262 745059780 529180463 718066248 159024670 333951840 801335331 725347853 730387032 884172444 927131848 905207688 825843670 78585325 675252296 404492700 968941299 130889244 836287012 765328715 558294655 146570667 284139439 416469659 234099084 230068125 625575053 210294508 654210102 736400283 313287119 396790366 240163705 387660786 13022123 904381163 712433232 618287990 835728119 198762366 330282458 343819913 163980349 227641078 41597096 999818723 429816437 686027267 512643446 640353237 52093313 728954998 557915042 174268845 692094477 214293211 413918265 509025532 399918065 532283552 668960170 660883619 783294072 990388312 120523010 761915287 892728464 661909177 502843246 833377348 819550706 241594938 821071683 710314198 885571069 299960811 11116911 746161433 894603313 363490250 913335286 807498029 130326408 821567403 58993296 46384019 507700629 148238539 538929328 489544547 699056693 133933502 840327580 540278842 578538191 107519715 999403354 592824510 986625033 166204540 906783919 811524506 247921205 589876841 450997743 929513575 759475566 970005055 135492145 996917346 635954699 275179747 237874918 515882284 654853744 28680052 809908250 993133008 717001099 862088141 636556934 678871864 845855822 461059148 914550993 492426617 910323713 852719959 896446895 539615456 93692209 626936046 463626906 411054283 376215677 497506318 36959655 522578160 821268369 414952326 518107291 949492908 873254334 410388021 867819277 32653983 913244607 319994848 80139574 910183072 894484024 476997533 67316218 366916125 420054311 32732565 305258984 379913180 523727553 864234853 464324855 311322089 73537897 638710904 473933331 119044067 135598653 456749518 980544270 498567671 918031516 614110401 227890322 39989808 15278168 284170453 682092964 457623353 671124952 805827339 76708029 271106825 219937232 842574010 42689919 954150525 233934437 240926862 139335732 765280097 597681084 284211049 696506678 517271320 394990356 847694739 36367642 416939050 426995121 84346833 657131648 775203988 21936353 404076671 498854739 275584495 700977258 385415358 238990412 207712437 39179113 893103473 633753784 276582435 404839210 660478595 658997102 123439366 317300171 982078717 128759050 932973986 743084294 921637072 474724718 33929751 843302805 722412225 999009969 148961628 320596884 981431179 452205950 773986673 123471975 132188540 423754878 436950267 256845613 560757073 78576753 933436936 792309251 945447498 642355890 778178345 448114780 894563450 690019833 764894271 385920356 41811816 615748617 429426057 432474764 50953656 126690614 291319640 94073923 179115756 549805943 390070999 968124106 19444405 122506958 979052423 942845015 969057429 759158143 393978168 117324553 201688222 496527491 93206806 686359576 609942488 12822670 602481887 724199286 682586585 534774133 364924640 116244088 419619213 446187310 284256273 822322870 976384488 61619430 655542501 757834119 371514843 523569322 208057424 948732183 903247477 497840082 726239268 755555534 851151630 186756122 490285383 705003920 543085225 690747312 765256003 460040191 652554891 501676859 59727454 459059926 41517495 80741842 350662476 80659782 87629851 354069502 276655779 113909650 555446003 135906735 169291517 441264684 312880119 474247330 670615911 350419191 886554469 131875693 223692512 638177163 575899458 257497373 435734412 914891128 819422320 757464537 123036645 944796779 168835168 328953932 367138032 260356416 886027836 941699896 949893554 99725510 133373997 888007385 798377971 132247323 511420920 906561161 891858312 680193482 453366641 800750791 14375433 81408287 342682330 803577509 867011166 219938920 864510761 527040113 84314599 293631263 496789125 373133890 179935610 89086493 627452881 770477002 445957504 192314232 460270777 110086793 631325797 655751572 189175923 565543053 60797855 715767870 749838739 646633739 373898199 966511065 609837164 628278808 438641982 90983328 17683729 998102117 460175464 562967170 658619926 348553506 639596539 166720350 549247652 357609010 258980386 376244637 237130166 579741597 249948753 904685422 129318711 319490421 362365439 430715847 956842426 600436483 791166220 74265978 199838417 507436899 495715669 633426800 723759693 801784015 964624256 420730925 682946529 537315867 646100434 707525904 279497708 495779069 574158288 77242104 365957217 715215569 782927733 262919965 215703930 131234998 863127188 267564719 82011024 946844073 150074188 742006616 285386786 56472202 263229842 757746396 453586430 25910442 601717982 454592232 137863332 595547632 702944308 799559253 941051915 290352712 57904640 452744271 622427073 429125369 660681469 810369835 495801663 478168322 474734713 11764346 123118111 571978947 716554546 48111536 258911385 493410213 82950947 836879197 311700841 698718005 792317502 251465029 779407974 42639925 662670293 356346134 801750226 364259287 16964377 170800258 420020526 653973489 66637493 928024507 440598856 119357938 750844820 404901902 79103250 194382030 911172669 639062625 243460799 137751106 128156490 551691447 334488714 239722929 544669914 189589524 268459177 961533564 362032818 592290149 268607525 912375128 831296548 999977034 285595381 595974815 813944602 995772247 534406136 138385436 244627933 821361968 685004515 403267094 414092035 106169310 704419320 846043013 177968790 112724126 429332448 387018401 942649514 791777758 608194867 711771662 115810492 374565760 660473354 546732096 957927665 274497239 894547433 334246326 46607167 558017065 47108502 202947468 720823207 576192006 210716283 119208114 163301761 967207620 510169316 345194590 560671326 138920711 300437967 32192548 953864994 417028369 652218354 591126411 344083773 568052980 246307874 311756056 835719636 989195107 785779777 5371978 220632648 801792215 103723432 50653113 754509848 79992633 146029151 523847205 653022510 910111362 271407343 421277618 266048131 820657783 469922025 586665539 23214854 626655624 337702497 820723438 292148120 98371393 270973427 20409551 906679704 458204523 187993396 712875673 653881967 871251149 441290082 743829561 943835646 847014642 589959650 326195881 180802935 976456038 464152379 189636760 337855157 25077202 583129852 132445130 768065995 195154333 356101631 500423450 252004735 13096344 29944730 726658957 714821007 80401862 287211841 631303959 794721175 633611540 663608542 462920212 913260028 608874921 467347907 769540382 686389054 627842213 263680897 470689344 318466529 760838321 321825924 346877274 780024937 130463668 865886498 293610147 664912777 296217079 885698562 578392984 291648431 316280140 721520287 13274641 219247585 365953901 411659582 283885398 523921942 784116877 411243095 656136734 799460397 402936863 65081506 642891639 718904370 779781192 274737414 323562343 249722787 139410055 123759266 151020011 839646763 941650726 892668663 223169352 275240193 170028507 473004514 250499259 795856016 241987327 527335959 928558142 310457599 841987329 332141848 996416966 279866974 805044465 911534446 289152282 985031754 28995904 234803643 207994566 965282703 167188257 785614376 520886677 274776877 588052172 652042721 121120861 526191696 867131935 392868606 571219095 86564271 151687872 711003375 31474537 714100500 192836406
1000
511146630 416398559 213700453 510986854 595370631 421349220 679859349 222352533 992760608 574587291 762226479 685724373 47298944 559821885 409352014 309877964 941155104 952107516 257039907 900606741 105441948 649995376 472019117 734658128 457667643 563481184 389938585 281031342 677451021 691210109 857914842 21291601 460294874 116519040 20682278 647681265 649166668 217834801 107329262 271968755 650387084 915841070 486051582 218954498 765679799 786730918 812378941 588714462 219232348 111892346 771854488 404386219 619928178 314335900 545252530 329486338 828996198 264241365 748713697 754804419 633500717 905702452 163337203 192172668 523005738 991306105 153787501 559214991 855169541 728933384 519048135 248905739 426422656 743409622 514952507 281966931 455576158 821399314 758038241 774401956 911035048 495089852 648136906 850013293 695971554 830851031 723155856 941915945 530966173 406545243 247433061 399381224 920845965 641668963 925624597 183229242 877224764 986958501 190931788 62515391 422318969 720233126 158621206 378422054 480531425 816924583 292080543 14473487 285353652 949625179 675740715 56901627 613879431 926023878 309123546 859005641 522025921 724824570 440005745 57286580 887644759 833353211 559066203 488574346 318135757 53407076 776560224 442956577 532130631 912539404 499306181 910881168 525427492 702978612 79696429 903946099 139929632 752441061 228363124 678120944 247578182 300671534 590638109 70428453 815930099 22729965 733802585 285612164 793282024 817971117 617052323 51619715 800036066 296794239 747894969 383716845 123845736 171889522 947279849 250554829 881233778 73315515 305078038 545353085 462230822 919685074 538935976 515253586 5783192 239526553 240168406 225149961 886244012 238420168 76318742 558633033 446197103 998512352 224473836 423931945 25995972 903199714 630641433 793787955 355148108 135856960 804988146 433437580 182413461 256782743 603049859 305019490 733016381 446172828 435908998 256933407 681782740 510781408 48553317 712957966 227905265 723312453 231564773 497300232 516818174 4358717 477939989 69873301 265332765 861777889 131620791 924210495 17814096 249473114 372109963 753516103 814577754 606724912 4563644 28010828 710025418 143282340 269718458 516870089 453758207 317937266 729852646 789235772 635308777 205134257 860138193 351147813 48815026 541238196 51372032 901000466 247393609 417378535 697954470 230693246 518968705 916059892 273617171 389440686 598169906 866553721 836514848 122794466 873194944 749356330 819266658 676007490 600231897 268832015 907984836 175413025 774782437 877730230 691944390 967403960 369959774 160460522 188437507 292115172 105416852 435972470 804508916 900103632 116623440 764031984 480353069 728971195 930749826 342400060 506873770 102350959 8684644 514544216 166534786 214522928 217293478 36949360 556183912 219343981 412988151 187227781 876283843 164056181 608269539 904971423 518782129 520019240 133954888 172089035 453346095 77280362 572463683 543589560 980602610 864593902 210681264 413166612 487375105 335675730 713705207 960601311 972889188 906740185 860116375 193668461 763432575 466641952 509516221 532228118 276020282 531752519 321163354 908330164 449629573 440810184 993965729 611400117 789885118 960207743 27183173 266186973 390600553 763829345 146637884 198268909 996427673 967716513 202133027 738516212 642163603 501349688 232639443 193923035 200280075 862516719 292546931 180389360 389908418 267532910 265558242 803305300 116449151 11550416 170794916 936116585 805943325 797965681 878484582 93103288 726070921 663948925 815061935 771781177 506033853 345562965 966228190 721350126 785543822 511921656 801161778 948331532 33490450 748051948 177764392 663997338 410541710 33540223 180789354 549616865 502604119 872630439 125521708 954455377 238188833 376747192 168584081 724001693 229926281 144720386 49157014 701109977 297044836 343177087 819567109 857680416 288130862 821544452 856371649 472540757 1966987 647967267 176844646 194190311 973990937 911652694 163694766 503247264 651228748 226006755 245023924 17908766 451465161 310845139 13116081 968861749 720024792 324634434 181903593 281599423 961622722 60410371 708406671 27667567 809506706 173708693 658487099 999042993 760982595 765661002 52304678 504373641 641287855 371749129 111684543 713922867 723970428 164923911 948787012 962164310 374573455 975284312 622404064 214321333 583916825 83454674 529371921 300207833 945945936 259778884 996965965 685740228 813338073 12967239 301011891 582199499 752509495 769918671 516228657 739365383 222837055 230864385 935920490 432745045 233424698 107861634 135854293 2486761 283011570 390199606 108310846 553050844 211221881 484299851 693585902 825076332 61051077 716894099 277032859 322810979 87770166 813614753 109102028 787693724 658012606 618750073 457607839 839700703 139659060 593655308 545685474 880789126 164788488 362516941 861671927 708858535 31214407 589283210 325405094 11620770 758083655 533521217 594264823 599665409 363059477 270229087 111730012 116372039 203671054 933585408 582553498 548396595 310242632 197793478 265568331 24054524 294882192 295217334 10036555 651051548 676756531 463040415 510938773 999491930 150108775 202037688 797495634 554964017 940245666 916410432 799812776 752027246 273136112 490468276 67277458 59191374 737874119 633488614 90060857 745437545 674422836 327898284 188870253 728211622 760686721 72578650 917198469 506201250 334239580 3487480 65324442 383628577 438663961 86202699 950587480 455717829 898192020 647735407 563573637 999833902 189749972 490264636 39313825 671354833 373414352 875098450 799670098 483893313 260239624 535280005 851097172 672428642 805559157 862764407 749978462 489626182 712319849 352595486 52756645 528791474 44201492 261042038 79104263 622436312 924887309 987536751 550167885 701097958 688740992 752538148 984352091 157629649 991575167 779606522 246622263 40350451 551555561 849979800 130090602 201109852 712549895 376440894 229855458 198156044 885004191 230977446 32944459 354362162 720892078 103650798 819511207 280472818 472073692 321999099 905804539 434005717 220915716 822152690 518360104 904159765 938974781 165057185 766165974 275646618 237953726 504101871 479841596 370833491 455706633 901573788 155491093 441885846 874740774 814581354 2035015 684886716 634005990 628452329 525669499 815617836 363750456 236472669 856067800 216113616 119679028 381844205 688428346 755596139 980726965 316027404 986266202 944126024 935540362 393905965 60960582 88622610 344555527 755556059 956720488 460936332 635563716 439572936 807061275 43476129 55926004 603868486 521850426 250084049 170027688 670203962 232120429 201021210 213199601 254254391 218890113 676546649 817449390 994629989 365173185 853169146 227288411 461943269 800797359 683112210 980126926 637108679 693757446 161984230 694301213 200887635 210282060 624057540 537155476 642056793 589488931 720646934 661172715 31188439 272478058 178893046 92120487 775624235 49264125 31309386 949635610 27479249 760562178 605545320 124216383 309296784 381399028 847183157 56591132 572352265 776282705 942829922 442709937 198884633 554726758 768464491 50286045 515994295 750018950 729400708 759824839 303337762 175419041 723097605 361955314 110011642 16871544 253051610 818045531 895011728 141283897 344589449 914024612 186451264 490010696 208981764 890173724 94156563 746576300 474876540 7014601 550834505 623052619 699553633 508855315 688823110 614866227 899359317 546936039 641880122 714898602 363340048 665504019 287857570 965144271 669579757 938006149 88854371 12836018 405227064 793716210 55099340 16134836 839528190 500195649 685231638 28999607 683604833 865341212 638051446 135723930 292057313 576427198 298435676 837306792 100123953 355618517 9491756 877926791 363299339 922271945 748417177 333902122 341906638 75803657 654258539 187915454 736043596 21682425 5813217 220177690 989219804 687405919 732959186 353576873 367265786 902335076 682668224 268507193 109745201 393509213 673392800 965233158 564551673 328082955 409300375 254528495 524560016 117264856 911550925 692620303 687356379 515359562 486171674 975372677 241317721 206931348 769100499 336990824 770949439 547710007 624204137 337518024 404456379 432648868 204639038 989373587 968874929 865077871 216614471 768736947 572429097 227682939 635398288 400323486 348709432 745374569 446066015 391760348 994865076 505277174 524593000 947496369 949456495 87819223 488403971 328272127 858102454 476115235 721456956 314056784 127474239 915513089 744826666 588263159 883402233 101643083 89167227 694678381 604859854 294913117 250060427 306514758 598996622 381287554 818270563 677544877 151531455 744014726 312488502 287709577 586014874 11700923 778535778 499693734 803629477 130003674 591415968 590218682 517555139 245493762 640779684 45999976 905920996 74888271 96662789 632706499 190403457 675697425 564813082 310787635 102723849 463478268 627424682 152382493 676632627 229478617 16352755 38485313 362154634 167792270 420994820 816394443 74527002 719518084 446239378 265911959 639585196 408585524 19247665 610703934 902881151 951708568 656034326 901363557 406800781 626931488 867232006 560502793 223391856 521430102 657997552 412783960 993346708 45216669 890599002 229813396 688750732 1295351 118519957 901453614 220978034 739787354 100318524 733226105 476297686 734469977 515593825 513436467 804016837 359893337 959698970 915496706 278504941 676569801 252031088 175247076 547865482 276421494 307727852 980450345 318370929 66980304 692559693 321353345 164179198 346991461 416380423 723658729 283770109 711654169 954636958 117462392 142969295 364375898 557355003 604388369 467695413 735172948 229433453 755664042 833358218 878415339 730435476 725650577 270103122 853034733 727533155 996067936 387789430 814880171 460799688 228107214 331903359 649099281 999334730 228438698 155956058 312172582 472724508 27728672 283512288 95306972 724656588 830302735 508483208 921455861 788809832 265716965 50818992 378441591 506055612
1000
997174235 996044514 994565692 994023821 992837531 991065006 990008380 989962469 988442371 987923383 987792317 987782086 987520582 987264874 986375306 984189448 982888222 981308464 980363498 977155274 976714190 975636546 972913156 972620530 972223819 971722067 971652638 971449501 970684029 970213194 969338139 968451352 967014700 966533855 966331687 966166706 965124667 964859206 964616594 964498625 963994611 963573606 963126376 962044886 960727550 960357248 959840323 958356279 957368811 957252984 957105196 956156185 955409023 952724199 951327378 951166998 948091517 946947322 945967181 945835109 945473855 943884087 943262495 943058748 940255534 937084884 936174869 935112543 934992492 933659915 932111067 931927026 930932825 930738478 928558837 928101696 927130015 926695040 926368696 925803491 924006781 923353740 923233711 922465296 922068205 920702867 920608469 920520881 920052661 918186624 916992185 915247508 912872338 911762281 911753135 909709375 909271981 905325699 904394373 904368852 903798763 902645510 901936553 901371896 901139715 899975253 899658527 899624667 899057044 898006283 897494422 897066544 894248516 893236931 889349641 888399718 886061787 884895294 883871537 883473531 883218888 881424334 881129874 880684701 880418399 876294596 875783773 869590215 866375937 864786728 864002182 863238170 861330195 860110015 857399649 856676693 856098581 855803290 855737643 854235539 853262457 852793685 851053771 850850892 850162841 847986350 847130637 846686013 845712652 845040696 844827442 843948197 841219442 840763946 840689067 840504049 840241751 839913603 838562989 838100816 838097933 837941701 837527771 834183758 833867773 832378093 832097575 830050599 829368681 827548469 825255495 825055978 823673441 821886313 821703904 821364405 820698764 819824853 818331692 818050062 817961171 815518103 815362934 814670031 811809957 811510279 811392026 810795880 809711581 806256701 804901788 803627175 803208274 802128562 800884149 800779374 800042681 799303714 796378115 795384400 794237249 791119652 790064988 789069822 788295252 784981367 784761571 784691553 782677933 779936088 778912777 777965403 777524858 777281872 776724821 776384398 774456490 774402374 770414843 768335156 767637881 765959303 763738315 763734514 762792060 762747778 760254062 757908492 756554711 756323678 755901291 754560869 753366647 753194622 752561462 749344286 747806663 745530449 739950139 739052194 738809367 738453434 738124804 737031850 736464010 736142914 735588769 733596956 732974886 732336127 732109847 730757678 730308937 728641202 728440620 726747946 726418058 725571070 724987281 724699949 724097648 722917932 721523714 721278198 716695059 712799953 712069402 712001453 711874734 710425600 710172077 710156060 708863360 707027282 706540585 705989345 705747405 705436586 704259826 703091532 702014870 700387343 700324114 699572302 696553043 696400710 696303565 696303036 695958299 695796642 694252526 694251711 693114116 692167876 691550248 690604354 689746864 686366262 686193774 685291187 684926092 684837318 683663322 681726557 680986929 680549444 677739541 677116464 677041125 676764281 676262050 676139599 675992498 675241331 672218092 672032936 671337780 671277394 670606382 669209162 669022766 668657090 667596354 662674643 660075752 659605759 659174327 659165742 658746342 658567383 657701901 656926061 652331640 652110282 651856616 651377504 650288215 649976482 648596774 644886297 644187710 641391413 640700903 639885050 637892103 636929617 636255409 634238121 633764550 633620687 633321085 632427042 630871092 630727420 630051003 628279017 626400604 626312553 620098178 619875157 618514945 616761609 615586616 615010255 613531653 612739712 612405374 611369548 609835044 609383216 607314142 607187189 607137762 606273872 604510118 603684439 603496846 602730908 602711535 601321154 601184561 600992753 600725134 599786457 597817437 595730623 594464531 594111134 592812708 592242046 590127004 589844128 586718552 586320225 585679667 584213433 584073889 583339600 582190816 582094444 581737652 581222580 580588521 580415840 580233556 579536475 574942299 573847850 573682769 572569503 571513874 571439007 568846151 568787149 568098881 562834295 562453310 562154597 561023575 560966493 560482074 560361023 559744750 558393238 558107342 557313108 554184120 553560022 553189771 552533397 551420865 548995336 548709923 548199665 546268345 545702906 544673419 544328738 544313772 543466246 539717838 539414077 539103208 538633833 538093512 536350545 535873701 533965306 533650308 531905709 529611368 529596952 526885023 525211433 525163152 525115969 524561298 524503451 523856343 523847600 522442989 520398676 519638319 517513706 517214234 517171802 516494668 516122250 515729697 514614084 513740880 512990245 512209752 512124720 510147904 510006609 507284874 506532398 506277065 505718998 502583309 502314093 501628252 500563097 496171809 495897241 495288010 495162908 494552952 493853367 492702334 492475125 490543037 490075300 489187706 488105653 487569958 486974739 485261089 484206140 484107543 483872486 481869230 480885791 480067993 478349202 478017811 476925791 475793137 474296967 470351770 468209624 467990358 467689800 467111763 466973403 466852507 466333932 465317835 463747196 460274297 459768777 459042090 458604941 458359112 454828104 454376833 453126476 451546679 451111463 450855428 449954196 449901423 447777541 447668235 444752173 444475807 442013565 441331402 440904421 438400492 438133359 436817110 436615367 435070306 433570039 430827644 430820467 430495514 430317339 429365088 428641863 428252928 427445771 425326425 424434403 421850177 421304470 420304695 419614200 418996391 417777168 417109885 416324787 416188349 415149340 414760615 413674130 412066069 410660483 410605722 409314232 408131389 407858263 406555863 403936978 399591513 398863893 397634925 392108101 392094821 392067648 391474910 390734636 390498837 390300603 389592951 389509094 387335792 387322291 385987666 385852328 385591392 382952048 382693725 380912720 377507393 377246403 375429325 375075504 373736619 370743985 370365661 369674011 368270408 366697091 366362079 365768454 364796816 360586479 360274445 359909089 359592787 357446461 356387054 356153678 355634541 354978101 353821583 353821334 352386302 351911407 351896626 351892263 351484651 349402230 348063540 347622230 347611203 346536817 344771960 343296347 341978303 341970479 341687005 341479507 339331035 337788629 337759693 337445243 336411930 335770949 333265442 331949940 328191464 327647953 326732110 326597809 322951593 322354286 319538302 318386752 317005931 316771954 316200565 315744546 315058756 313165565 311711637 311040386 309502104 308808621 306481087 304266371 301869419 300952056 299475035 290484968 289278450 288737724 288613136 287523981 286964022 284696237 284451436 283863667 283543860 283518387 282963023 279653692 278676606 277498039 276196878 275854362 275602010 274835842 270858814 270221208 267786770 265559310 265387748 264595700 264229351 263860516 263853125 263256043 262889392 262089575 261413342 259621122 259277709 258640156 257313038 256110233 255047601 253609110 253297452 252549838 251972330 251229979 250569090 250429552 249492367 247829819 247484724 247474377 246826235 246627716 245256684 244536359 243613484 241827455 240728329 239816710 239671895 238822113 237764108 236288734 235053565 232618884 232260218 230645406 229461091 228660313 228261775 227972868 227095891 226131012 225968826 225858315 225833479 222871165 222798840 222444135 220233096 219961524 218960630 216436093 216251879 215478381 214555766 214116037 212869298 211339014 210852929 209501860 209475846 208034028 206329812 205791314 205493149 205398964 204812016 204234850 198505548 197687763 192939651 192625644 191679057 190374904 189466152 188769579 187748047 185040376 183826899 183393062 182730128 181862803 181009796 180693223 180025603 179759100 178418784 176839216 175460860 174102273 173591180 173132344 172850641 170729047 169629566 166896481 166021504 165857348 163084466 162144526 157362973 156894167 156703436 156190102 153109871 150927736 150289298 147610181 146375490 146028263 145693157 144485815 143993279 143579360 143131913 142578905 140994013 140185142 139919875 139528240 139177592 138242400 137833933 136519279 136049523 135597288 134883961 134261729 133743393 132300121 129336745 128889103 128708065 127994528 127465658 127256001 127182286 126964712 126638543 124485079 124467123 124181955 123076124 122990748 121163813 117072160 116953663 116778518 116776847 116588993 116503124 116297206 115755804 115143237 114302851 113872063 113287568 113082725 110902472 110568208 110062587 109418896 109223719 109195787 109131634 108126262 105751221 104945377 104559004 103915769 103781315 102835276 101949322 101812306 101692460 100804062 100344976 99695596 99282181 99072480 98419056 95793506 95579804 94529969 92916931 92373939 90846487 90532041 90140209 89952084 89857822 89822584 87703249 85748264 85554417 84266044 83764780 83428550 82697326 82229485 82121439 82109502 81853120 78079855 77303012 76679899 75988164 75656300 75219802 74770693 73717211 73458212 70851702 70667459 70589495 70494890 68453403 68327846 68003154 66500571 64550336 64092033 63975328 63053916 61863989 60407065 59229394 59052724 58944520 58532529 57670200 57332627 57286620 57072504 56282204 55569686 55566450 54997230 53925488 53287060 53211513 50494867 50152351 49995808 49513903 49493090 49036696 47761534 47734040 47081444 45725464 45171502 42634164 42258415 39605749 39238595 37930708 37364426 37285642 36943315 36494954 34571045 33939477 33708565 33310878 31041432 30358346 29264164 29189669 27533214 26106073 25535448 25372522 24489855 23762212 22532852 21216871 20668837 18544540 15708216 15650735 15616220 15126675 15064659 14492416 13564232 13103790 11635475 11140647 11020329 10551981 10169215 8832991 8133383 7733279 7653564 6448654 6217111 6118847 3326877 2899546 2487205 1865976 113558
1000
504902824 359768787 204826041 858009586 509700543 302479401 215286250 754158546 771044632 106895387 184363117 488161416 452373928 950359393 374209606 761825725 783113105 190473228 566477613 760032333 256397421 487193131 831157831 484223280 107250331 412064669 600716009 130055383 340530189 99205657 115313246 52000203 157936964 974562914 297360061 546370437 230350122 617373838 506421615 92713282 714702635 403330421 908997686 432316429 707105099 823818442 616092856 329046895 607466331 538736151 902386267 633290003 168586762 449082274 509621908 309266917 229881877 438399413 621148806 128348024 650767661 848269493 752204899 69470231 22535410 786241496 530895639 634205555 260234439 173779690 860534528 580875442 503821917 500070073 852948057 271542071 196418085 10526430 849867913 589616972 426337187 193172635 937736529 5047124 648521939 381431647 244663482 512564051 507581304 221846272 977915066 445091211 883377194 252977555 831174642 958408236 445455637 238798971 786311261 719003943 462050533 628780216 565514335 31978539 528675481 171479837 847866339 291620901 764746475 138625676 342936775 494276409 186909637 968211516 553732794 228185234 718596116 783038462 977094876 40027407 413400894 715364804 700138662 277523501 292420390 848713277 234633596 90179994 6917717 222687409 302898351 578167067 294239230 420012580 653781127 259949472 523163024 506802734 693573103 46404307 28029764 302458947 341663281 511156680 371759237 203716082 154480631 652969494 123629197 172789466 671088686 246103175 97297444 838692593 141843201 44294031 150568454 981150209 992985100 259969635 656220353 217903123 107398891 436567592 518235642 335476593 512382290 778775660 121082528 208826033 977406961 406746184 660220698 209072984 799808451 774764568 417201751 832198024 337637824 963705708 201418885 721527012 596289323 778880767 673013929 19199234 154272794 11746077 546617558 69726462 283779210 429011478 771195033 508711253 919184208 215178790 862305761 854410376 684056400 808099869 544916047 272251201 297924410 431378192 645152590 28660542 340955621 39589025 615506351 138074645 577072472 803046255 34535673 469299779 727594650 89199555 186271501 513816078 336268595 861289245 565789952 912932342 24690778 294609601 782148181 778196018 640606155 817388528 463643445 616721152 384814629 203431699 761656029 424825631 705033338 805344662 973756623 792212207 589078817 149533220 270291034 691083817 788276013 722161224 275177395 316612129 909179857 96922919 52649634 717500672 862820809 72990300 408970857 30253232 664956892 946874027 576593881 917715288 843660385 739136467 486737789 149417136 400983965 615302900 797212587 925256800 953470233 750144218 478194227 300751355 765061214 401667219 528906942 640254320 184720446 263628800 664907001 866994126 823269619 514607504 196640534 14132503 51826818 312596294 600706337 486032699 456134867 936942757 126507833 283887918 315724437 466211149 342741700 89531576 357434118 245221303 402431305 513758707 94760539 262182036 76441226 929537528 270206698 457456246 67186170 583324861 418904532 611228993 735082892 490426172 954107181 142170295 207055478 435174308 922125750 637670731 866246618 231592465 333399001 659411846 863243619 492982092 909083572 285759005 702625334 142418435 346178158 590504194 208642574 906276423 132560481 437673903 150252462 133457281 562712978 737730112 347382690 932973077 847481839 492166580 545726502 857335942 685060893 766535058 961319637 961278449 346076299 83729755 14881227 657386383 126807262 907362659 681070917 944099148 391248391 664397241 712562226 565462389 376455747 701163961 280447590 75031463 728419773 70757484 364119922 864068939 419563206 388662785 596923669 139198129 350069341 743109236 186518426 754479716 368130333 769084145 779611811 275631250 478037582 132214495 450220031 225902257 731704989 356184253 867519755 294869016 224999333 853647717 894121978 381586509 838338456 889583702 432983135 396423307 273162085 36521268 804423045 234977799 997024072 153690469 517819185 898481864 394548713 39852036 158575385 55145866 40472611 500835114 615521310 675404183 837543649 564612549 589747881 792891138 441475586 432064014 975249346 538234144 295743571 991409926 231113664 941107347 876111030 119626721 355520361 807185766 415006895 561714941 966850398 728659096 173547434 902575766 344783723 428149625 937747705 517440908 30200345 697953517 707837159 189883063 623235430 423131357 38640128 192933220 138494676 443528121 735025407 364148805 300317018 438906612 465404491 883690366 581493853 861096009 282156509 42741531 696021491 917485306 149433082 902913799 981219697 777801204 433188477 897213533 826536748 637601507 633542059 126919156 987684474 231510825 537563149 429181268 454177327 463131689 993969311 224884929 651015293 343979307 839645602 413317802 288588659 376403194 325578097 799041698 894738701 730011141 80664871 17709815 698212035 882415804 257710447 280038940 7954798 352053956 148235172 620428826 533438471 991962795 203896379 293166121 755413340 936595335 947542953 321665531 646093205 820230205 863495649 57250962 570267341 638415686 405416659 226924511 410256352 971991098 849211536 983901123 952269016 474389343 362512079 890391398 676719047 334460057 493441049 119450213 540424670 792488338 760553416 414019098 685033830 70339235 283244429 408928502 356105189 706663364 186753269 607205633 582003840 979997885 452205728 883591337 216622004 519406650 877715141 540851275 303611208 572167713 34481697 659034216 784048927 903820687 557186212 319948384 919952346 286590623 289413350 768032358 673566351 273958201 391154385 975932439 123301241 558221534 216971834 219643685 980696360 544655011 941521275 561869164 592688370 121100463 651815658 694947150 834675580 858832607 997130551 404501464 560660000 578275919 18189461 287833568 231895112 130145477 17426260 215669812 339602478 193502346 726590809 270584026 474801434 107684641 460186220 114007347 420558194 566206504 978230091 4755427 599604393 784625747 884239423 737399237 874418456 731436920 156796440 371001598 518863533 418567560 987197422 470485711 948117680 995759719 885930885 249619009 443665794 183311126 184543174 103801578 351403848 323711904 247609521 955975221 519532506 65826959 86510274 447045112 860716217 532716307 717547964 710001462 82115676 134788740 563457004 100564448 10745162 676797814 529860577 535953044 598063658 370816927 948271857 568203530 287100130 964149788 943351810 786017403 708735260 788484017 723866471 801051133 615589079 259361158 358387569 435496469 894649483 432843246 273526606 298754787 134381621 369189372 276729532 800054322 74330720 906967993 2687802 150625989 418340121 252688699 682091686 266970355 116811479 948745755 445846196 610114658 335219806 819541092 802560236 477536314 744378803 41989164 674461719 23218829 373704710 730959841 167419288 809652635 501746604 516703367 493562307 646535762 44345353 708966217 788492293 384938963 141434636 277067299 839905410 680939267 672567876 144328850 11330727 587741440 223037820 353791417 244324806 1277652 929460096 689604420 240592075 880154302 982011425 129037582 773142912 542039778 749594784 507001307 968857146 812623547 794477084 124009581 161604847 926059271 980512822 58284798 536586569 991247696 591656755 765800465 442317095 66267970 242638738 853247948 369886452 554812876 17682295 885504303 548964226 302996633 788812321 266632846 899715956 991684091 816740937 847848017 850940744 696808240 287410607 975761869 198096305 569441501 124017048 819726235 487193860 956845324 645889058 142553976 534250895 695537159 130841971 649869792 897692630 925645079 523752572 151392751 505163676 227700781 977105394 898097983 401963813 299753973 181627128 526572746 521861043 849489040 802128759 193349180 706608843 424115576 323603083 563193909 68677926 137738438 662678726 884480088 302100203 274069099 297717554 788831193 156347421 703619192 350970651 133361797 130243885 476174190 15693724 572792096 362903286 639066194 573677426 926786400 692729127 262746920 986932743 645581358 203710329 87993784 959835705 730671312 729920786 515840078 664569107 84125241 107396997 689188619 746088786 541535135 135473507 412558321 93152213 244154089 244534869 851587767 123083198 546640910 538090835 987545555 490473482 995240586 397465768 766761151 596644936 538239029 986199734 256735346 954686478 274981711 402334541 761022449 106520485 676944868 614377478 131162366 474466734 41304785 421729115 819835304 778555759 79626455 438897356 796193581 921773221 669176822 132939039 662972190 699740303 228706790 388935041 748662436 712119205 481436104 456397530 200810152 871107333 240478181 527584325 173124025 34619716 774480693 983014543 282276182 317617515 373620324 686556592 509586120 431431037 36788543 67361206 5945362 564156248 145531203 993673747 634693896 257948806 603217764 88836166 396871123 176674199 225046005 34996717 730510851 9628467 189615896 484969389 73679726 581893991 869695960 17986511 223530226 279539521 464309042 542566816 111254954 526122029 704721961 884328932 339464870 542498590 729529425 599409220 753300423 301069780 907819622 231427330 800597927 126815456 795155252 819419493 395681136 251221811 719958732 557992960 780079898 87512579 721950985 547010061 886133981 375964924 742716868 354743214 411156526 8108114 618576891 593283513 34959782 669374828 779466816 942323549 257939139 433174200 611832292 973782118 16167036 768521738 946972429 955158317 419434109 854595899 99080399 843330947 131932146 358305447 439499460 800600978 123405342 343363158 649998991 941312412 355867137 671630587 978166786 632223349 57451639 237865108 375857243 674563793 504940602 309475212 199541683 752176893 37983975 205804815 575286220 678131396 875117607 835850244 721612800 318398668 2048009 512013188 680489629 881385933 830408554 230944359 897098253 965953794 41207274 953285636 311079150 844828208 730099771 832177013 754925791 474354141 892068169 54808213 252202174 810791127 612751267 291108604 19233187 230541858 622760470
1000
87827324 87827396 87827088 87826685 87827057 87826705 87827301 87827363 87826546 87826780 87827016 87826854 87827112 87826993 87826951 87826705 87827415 87827334 87827065 87827476 87827473 87827273 87827003 87826633 87826758 87827325 87826563 87827015 87826916 87826631 87826526 87827347 87826514 87826802 87826988 87826977 87827268 87826551 87827440 87826806 87827400 87826954 87826627 87826890 87826635 87826642 87827128 87826738 87827398 87827177 87827392 87826748 87827014 87826858 87826693 87827037 87826697 87826848 87827068 87826788 87827386 87827028 87826778 87826597 87827143 87826695 87826555 87827093 87826712 87826615 87827440 87826578 87826632 87826543 87827208 87826626 87826662 87827317 87827262 87827290 87827420 87826904 87827326 87827523 87826587 87827276 87826948 87827046 87827466 87827158 87826896 87827367 87827207 87827199 87827399 87827176 87826606 87826894 87826792 87826671 87827320 87826918 87826690 87827001 87827029 87827267 87826941 87827031 87827264 87827359 87826664 87826781 87827034 87826648 87826696 87827559 87826896 87827431 87827481 87826587 87827299 87827502 87827233 87827245 87826786 87827354 87827065 87826815 87827416 87826936 87827303 87827086 87826603 87826834 87827342 87827137 87827050 87826948 87826896 87826622 87827265 87826891 87827524 87826605 87826710 87827442 87827429 87827548 87827459 87827113 87826661 87827499 87826875 87827498 87827257 87827465 87827291 87827031 87827457 87827571 87826981 87827468 87826642 87827521 87827503 87827123 87827056 87827369 87827361 87826655 87826674 87827322 87827403 87826966 87827378 87827122 87826677 87827560 87826795 87827166 87827551 87826731 87827591 87827489 87826724 87827547 87827068 87826981 87827608 87826789 87827554 87827050 87827152 87826665 87827271 87826687 87826823 87826852 87826661 87827457 87827215 87827471 87826885 87826990 87826941 87827239 87826764 87826981 87827071 87827517 87827575 87827260 87826968 87827488 87827063 87827365 87826740 87826883 87827207 87827442 87826934 87827629 87826716 87826807 87826916 87827474 87827562 87827058 87827128 87826874 87827249 87827183 87826874 87827325 87827267 87827198 87826723 87827163 87826801 87826847 87826759 87826875 87827051 87827093 87827071 87826733 87827465 87826868 87827469 87827659 87826995 87827306 87827193 87827702 87826802 87827567 87826779 87827483 87827092 87827291 87827297 87827136 87826842 87826923 87827621 87827323 87827483 87827642 87827356 87827439 87827301 87827240 87827187 87826782 87826769 87826828 87827338 87827404 87827343 87827533 87826824 87827251 87827633 87827468 87827612 87827006 87827715 87827079 87827431 87827398 87827537 87827170 87827118 87827108 87827607 87827315 87827366 87826874 87826798 87827192 87826847 87827540 87827280 87827288 87827509 87827159 87827200 87827636 87827257 87827111 87827233 87827465 87827196 87827373 87827215 87827731 87827355 87826887 87827750 87827317 87826872 87827435 87827007 87827661 87827096 87827776 87827215 87827381 87827024 87827755 87827660 87827018 87827035 87827589 87827524 87827087 87827514 87827787 87826966 87827521 87827612 87827571 87827249 87827770 87827437 87827049 87827730 87827762 87826817 87826825 87827067 87827769 87826920 87826960 87827734 87827802 87827002 87827409 87827098 87827040 87826947 87826918 87826978 87827470 87827152 87827160 87827155 87827350 87827737 87827655 87827480 87826896 87827214 87826863 87827711 87827539 87827157 87826970 87827449 87827252 87826892 87827713 87827158 87827310 87827424 87826981 87827047 87827366 87827483 87827554 87827376 87826882 87827525 87827314 87827575 87827165 87827011 87827241 87827488 87827117 87827299 87826993 87827830 87827041 87827535 87827599 87827753 87827716 87826883 87827472 87827361 87827068 87826941 87827497 87827033 87827656 87827283 87827580 87827182 87827018 87827070 87827282 87827443 87827237 87827126 87827573 87826887 87827816 87827081 87827362 87827259 87827186 87827477 87827335 87827142 87827030 87827669 87827269 87827366 87827150 87827145 87827278 87827219 87827722 87827803 87827283 87827153 87827708 87827580 87827636 87827724 87827105 87827694 87827024 87827398 87827234 87827334 87826959 87827449 87827753 87827521 87827502 87827485 87827874 87827841 87827063 87826982 87827215 87827442 87827813 87826949 87827825 87827559 87827491 87827541 87827800 87827831 87827898 87827238 87827451 87827619 87826998 87827709 87827107 87827803 87827107 87827454 87827515 87827186 87827439 87827670 87826999 87827735 87827271 87827352 87827947 87827058 87827357 87827708 87827658 87827356 87827148 87827406 87827706 87826968 87827461 87827937 87827483 87827176 87827827 87827448 87827037 87827667 87827199 87827411 87827204 87827326 87827878 87827941 87827608 87827169 87827391 87827699 87827741 87827037 87827139 87827099 87827847 87827034 87827506 87827767 87827121 87827503 87827590 87827548 87827838 87827903 87827111 87827237 87827612 87827166 87827475 87827360 87827710 87827489 87827703 87827612 87827275 87827543 87827617 87827350 87827164 87827750 87827722 87827119 87827716 87827120 87827948 87827057 87827827 87827290 87827509 87827275 87827729 87827833 87827850 87827683 87827240 87827590 87827896 87827382 87827290 87827296 87827268 87827591 87827212 87827747 87827701 87827450 87827431 87827572 87827047 87827770 87827701 87827613 87827216 87827832 87827821 87827728 87827419 87827654 87827330 87827764 87827740 87827946 87827926 87827332 87827248 87827201 87827735 87827252 87827537 87827925 87827360 87828007 87827993 87828020 87827829 87827807 87827907 87827944 87827576 87827769 87827417 87828055 87827753 87828059 87827222 87827547 87827467 87827165 87827859 87828020 87827156 87827373 87827885 87828082 87828040 87828025 87827497 87827172 87827886 87827607 87827707 87827693 87828068 87828041 87828029 87827136 87827316 87827179 87827573 87827957 87827496 87827561 87827399 87827688 87827362 87827197 87827284 87827954 87827412 87827270 87827544 87827159 87827264 87827239 87827544 87827225 87827960 87827484 87827286 87827241 87827662 87827331 87827795 87827578 87827351 87827458 87827843 87828100 87827676 87827192 87827262 87827910 87827801 87827396 87828020 87827681 87827257 87827801 87827199 87827467 87827594 87827968 87828110 87827716 87827361 87827979 87827221 87827567 87827851 87827860 87827299 87828066 87827695 87827962 87827613 87827842 87827371 87827924 87827161 87827538 87827586 87827750 87827920 87827570 87827704 87828030 87827666 87828110 87827672 87827495 87827459 87827620 87828102 87827597 87827931 87828122 87827552 87827736 87827280 87827826 87827951 87827748 87827726 87827710 87827939 87827491 87827385 87827601 87827469 87828190 87828106 87827830 87828183 87827552 87827360 87827205 87827670 87827778 87827225 87827822 87827518 87827572 87827511 87827514 87828171 87827490 87827285 87828013 87827874 87827417 87827484 87827852 87827448 87827552 87827862 87827852 87827465 87827225 87828199 87828138 87828040 87827428 87827474 87828099 87827896 87827521 87827542 87827764 87827332 87827690 87827348 87827927 87827444 87827820 87827510 87827449 87827294 87827689 87828220 87827602 87827509 87828071 87827341 87828002 87827265 87827844 87827530 87827394 87827787 87827712 87828200 87827634 87827560 87828002 87827693 87828091 87827811 87828081 87827460 87828176 87827722 87828198 87828087 87827709 87827610 87828000 87827818 87828252 87827691 87828218 87828258 87827825 87827597 87828105 87827807 87827429 87827729 87827496 87827349 87828067 87828088 87828145 87827967 87827819 87827635 87828063 87827564 87827932 87827308 87827671 87827982 87828031 87827842 87827933 87827480 87827663 87827984 87827848 87827942 87828055 87827665 87828039 87827589 87827556 87827646 87827989 87828286 87827925 87827336 87828130 87827761 87828029 87828108 87827799 87827486 87827734 87827606 87827441 87827718 87828297 87827962 87827799 87827339 87828156 87828068 87827753 87827391 87828141 87827596 87827818 87828025 87827494 87827476 87827842 87827370 87827359 87827511 87827558 87828315 87827458 87827961 87827627 87827428 87827427 87827499 87827674 87827687 87828138 87827650 87827604 87827833 87827780 87828159 87827427 87827940 87828094 87827971 87828037 87827428 87828194 87828238 87827773 87827756 87827427 87828169 87828021 87827750 87827776 87828307 87828348 87828359 87828022 87828300 87828099 87828285 87828118 87828312 87827560 87828311 87828111 87827685 87828270 87827652 87827781 87827822 87828187 87827882 87828137 87827966 87828015 87827798 87828054 87828276 87828193 87828056 87828304 87827869 87827786 87827742 87828088 87827979 87827538 87828225 87827994 87827626 87828402 87827422 87828066 87827856 87828161 87827978 87827705 87828410 87827688 87827593 87827962 87828255 87827635 87827594 87827610 87828188 87828383 87827938 87828345 87827859 87827752 87827691 87827983 87828083 87827469 87827542 87828396 87828002 87827634 87827507 87828028 87827659 87828065 87828254 87828033 87828234 87828060 87828076 87828172 87828289 87828337 87828375 87827653 87827804 87827811 87828260 87827549 87828171 87828349 87828414 87827843 87828458
1000
940685670 940685327 940685475 940685684 940685072 940685695 940685140 940685334 940685899 940685560 940685545 940686013 940685717 940685458 940685484 940685767 940685681 940685441 940685870 940685904 940685337 940685829 940685737 940685185 940685321 940686003 940685798 940685226 940685554 940685972 940685785 940685508 940685997 940685219 940685943 940685185 940685107 940685573 940685886 940685553 940685650 940685587 940685580 940685545 940685622 940685485 940685121 940685084 940685618 940685654 940685379 940685715 940685147 940685200 940685472 940685815 940685158 940685768 940685746 940685710 940685784 940685462 940685413 940685343 940685486 940685893 940685779 940685215 940685528 940685143 940685520 940685920 940685885 940685898 940685184 940685560 940686085 940685249 940685322 940685222 940685802 940685455 940685435 940685912 940685636 940685932 940685486 940685791 940685991 940686044 940685270 940685439 940685621 940685177 940686053 940685742 940685916 940685453 940685698 940685494 940685438 940685411 940685242 940685160 940685368 940685263 940685339 940685392 940685471 940686028 940685875 940685982 940685391 940685289 940685902 940686027 940685429 940685572 940686023 940685819 940685345 940685938 940685387 940685782 940685417 940685893 940685538 940686131 940686111 940685615 940685484 940685828 940685906 940685754 940686044 940686011 940685991 940685833 940685221 940685349 940685318 940685268 940685905 940685230 940686113 940685886 940686018 940685791 940685389 940685891 940686174 940685963 940685435 940685581 940686014 940686160 940685425 940685832 940686008 940685845 940686057 940686069 940685344 940685478 940685525 940685787 940685426 940686051 940686125 940685636 940685340 940685598 940685656 940685295 940685212 940685305 940685837 940685319 940686047 940685941 940685409 940686175 940685615 940685767 940685994 940685845 940685977 940685935 940685975 940685500 940685700 940685329 940685974 940686183 940685572 940685631 940686052 940685410 940685914 940685585 940685727 940685268 940685414 940685237 940685372 940685897 940685468 940686177 940685312 940685619 940686121 940686075 940685460 940685711 940685945 940685981 940685651 940685700 940685641 940685587 940685683 940686099 940685670 940685621 940686075 940685447 940686037 940686022 940685684 940685608 940686166 940685566 940685520 940686234 940685954 940686193 940686189 940685397 940685473 940685645 940685338 940685824 940685735 940685842 940685751 940685805 940685665 940685661 940686264 940685766 940685581 940685620 940685393 940685974 940685302 940685780 940685964 940686111 940685850 940685596 940685465 940685495 940685436 940685514 940685701 940686008 940686100 940686251 940685557 940685800 940685498 940686284 940685778 940685684 940685329 940686198 940685315 940686092 940686012 940686008 940686213 940685362 940686015 940685954 940685814 940685922 940685670 940686077 940686251 940685355 940685999 940685681 940685383 940685525 940685491 940685650 940685916 940685686 940685638 940685707 940685622 940685445 940685421 940685511 940685861 940685748 940685978 940686025 940685937 940685608 940686307 940685741 940686283 940685576 940685420 940686042 940685775 940686306 940686233 940685723 940685922 940685527 940686146 940686125 940685554 940685746 940686184 940685412 940686063 940685832 940685984 940685477 940686163 940685896 940686064 940686234 940685777 940685368 940685639 940686045 940685418 940685936 940685974 940686122 940686091 940685692 940686047 940686084 940685892 940686243 940685855 940685790 940685546 940685506 940686369 940685909 940686333 940685400 940686016 940685766 940686083 940686029 940685992 940686312 940686043 940686072 940685907 940686103 940685858 940686201 940686108 940686371 940685989 940685405 940686248 940686208 940686129 940685697 940685723 940685590 940685429 940685460 940686389 940685692 940685550 940685609 940685576 940686148 940686409 940685748 940686059 940685924 940685777 940685660 940685575 940685895 940685801 940685846 940686366 940686168 940685690 940686019 940686412 940685453 940686148 940686043 940686248 940685784 940686354 940685472 940685902 940685719 940685980 940686283 940685688 940685551 940686278 940685633 940686157 940685861 940686412 940686220 940685937 940685985 940686156 940686405 940686374 940685797 940686212 940685683 940686271 940685818 940686267 940685469 940686395 940685741 940685494 940685478 940686014 940686095 940685724 940685574 940685825 940686246 940685787 940686263 940685572 940685539 940686224 940685572 940686063 940685769 940686386 940685515 940685691 940686278 940685918 940686068 940686354 940685690 940686174 940685644 940686308 940685964 940686386 940686036 940686355 940686046 940686428 940686267 940686398 940685671 940685813 940685840 940685899 940685941 940685627 940685997 940685866 940686115 940685531 940686448 940686507 940685704 940686124 940686398 940685835 940686463 940685644 940685609 940686193 940686058 940686142 940686437 940685830 940685524 940686326 940686184 940685776 940685636 940686194 940685847 940685603 940686309 940685593 940686054 940686351 940685958 940686160 940686202 940686235 940686291 940686229 940685705 940685775 940685592 940685948 940686268 940686141 940686449 940685946 940686108 940686542 940686367 940685764 940686048 940686044 940686203 940685925 940685720 940686183 940685780 940686277 940686164 940686050 940686072 940685651 940686263 940685602 940686184 940686467 940685665 940686087 940685996 940686341 940686341 940686542 940685682 940686026 940686392 940685907 940686229 940686545 940686034 940686573 940685608 940686494 940685885 940685759 940685953 940686447 940686100 940686290 940686138 940686427 940686168 940686375 940686447 940686042 940686363 940685679 940685689 940686138 940686037 940686413 940686208 940686555 940685849 940685689 940686319 940685625 940685785 940685785 940685947 940685636 940686453 940686525 940685879 940686606 940685738 940686496 940686301 940685777 940686152 940686158 940686549 940686355 940686390 940685871 940685763 940686284 940685815 940685790 940686534 940686520 940686443 940685801 940686618 940686215 940685730 940685703 940686599 940686116 940686312 940686372 940686429 940685892 940686138 940686087 940686127 940686246 940685778 940686495 940686221 940686630 940685920 940686168 940686531 940686317 940686564 940685658 940685721 940685962 940686005 940686301 940686492 940686094 940685892 940685792 940685742 940686094 940686238 940685682 940686034 940685951 940685898 940686628 940685943 940686260 940686065 940686525 940686591 940685854 940685761 940685825 940686142 940686241 940685981 940686544 940686579 940685849 940685822 940686253 940686610 940685966 940686565 940686447 940686358 940685740 940686590 940685938 940686123 940686137 940686246 940685709 940686269 940686282 940686530 940686650 940686652 940686273 940686344 940685939 940685969 940686636 940686250 940686568 940685990 940685934 940686171 940685907 940685911 940685746 940686341 940685878 940686390 940686694 940686659 940686586 940686565 940685879 940686100 940685993 940686386 940685790 940686166 940686135 940686007 940686020 940686364 940685769 940685850 940686653 940686611 940686506 940686358 940686288 940686536 940686545 940685989 940685897 940686348 940686664 940686161 940686068 940686283 940686308 940686221 940686447 940685881 940685786 940686054 940686510 940686348 940686191 940685962 940686506 940685975 940685964 940686604 940685857 940686035 940686270 940686234 940686761 940685995 940686242 940686336 940686615 940685881 940685792 940686379 940686391 940686126 940685993 940686672 940686176 940686015 940686722 940685872 940686206 940686236 940686785 940686530 940686763 940686702 940685933 940686044 940685798 940686151 940686325 940686542 940686358 940686241 940685902 940686400 940686385 940686257 940686300 940686584 940686016 940685846 940686416 940685908 940685860 940686534 940686285 940686401 940686614 940686424 940685977 940686564 940685889 940686189 940686119 940685839 940686083 940686131 940686330 940686387 940686750 940686702 940686233 940685996 940685920 940686731 940686701 940685854 940686644 940686734 940686567 940686392 940686408 940686674 940685913 940686090 940685912 940686036 940686025 940686711 940686299 940686503 940686346 940686185 940686613 940686833 940686270 940686751 940686530 940685917 940685944 940686834 940686088 940686078 940686779 940686252 940686308 940686739 940686412 940685970 940685920 940686360 940686354 940685876 940686521 940685914 940686160 940686622 940686669 940686805 940686836 940686066 940686833 940686224 940686113 940686830 940686693 940686640 940686305 940686810 940686616 940686647 940686160 940686358 940686377 940686442 940686281 940686631 940686187 940686515 940686117 940686229 940685979 940686530 940686792 940686849 940686119 940686348 940686418 940686388 940686414 940686284 940686425 940686868 940686244 940685979 940685986 940686477 940686435 940686635 940686470 940686495 940686272 940686198 940686695 940686776 940686673 940686385 940686683 940686301 940686793 940686070 940686235 940686112 940686077 940686176 940686272 940686012 940686464 940686904 940686824 940686345 940686592 940686842 940686467 940686774 940686466 940686393 940686429 940686223 940686295 940686675 940686145 940686141 940686532 940686494 940686415 940686072 940686124 940686211 940686942 940686043 940686061 940686275 940686646 940686300 940686345 940686556 940686113 940685966 940686823 940686322 940686355 940686106 940686005 940685991 940686198 940686286 940686103 940686591 940686192 940686110 940686284 940686013 940686920 940686331 940686308 940686223 940686632 940686456 940686276 940686034 940686976 940686313 940686986 940686772 940686782 940686633 940686360 940686585 940686774 940686595 940686253 940686795 940686961 940686907 940686661 940686175 940686818 940686869 940686581 940686529 940686147 940686065 940686975 940686864 940686547 940686894 940686309 940686638 940686790 940686664 940686633 940686691 940686064 940686745 940686389 940686659 940686875 940687025
1000
189385646 189386350 189385677 189386196 189385717 189385708 189386252 189386180 189385707 189386461 189385980 189385833 189386483 189385587 189385648 189386385 189385633 189385955 189386378 189386048 189385671 189386004 189386108 189385514 189386061 189385594 189386485 189385570 189386505 189385871 189386043 189385788 189386129 189385835 189386200 189386056 189385706 189386022 189386219 189386377 189385626 189385664 189386026 189386506 189386336 189385622 189386258 189385968 189385784 189385587 189386121 189386028 189386167 189385612 189385594 189386446 189385583 189386177 189386134 189386367 189386385 189386516 189386430 189386030 189385773 189385745 189386175 189385920 189386275 189386330 189385946 189385973 189385880 189385995 189385604 189385584 189385960 189386442 189386044 189385971 189385968 189385691 189386209 189385662 189385610 189385597 189385831 189386359 189385607 189386305 189386237 189385719 189386434 189386045 189386535 189385715 189386345 189386043 189385965 189385760 189386521 189386243 189385706 189386194 189385639 189386199 189386346 189386169 189385874 189385665 189385671 189386172 189386311 189386006 189385933 189385821 189386294 189386533 189386413 189386000 189385635 189385924 189386214 189386452 189385930 189385797 189386228 189386528 189385764 189385689 189385695 189386281 189385928 189386122 189386098 189385632 189386615 189386362 189386438 189385770 189385785 189386336 189385681 189386525 189386546 189386444 189386055 189385927 189386111 189386223 189385928 189386007 189386449 189386607 189386213 189386292 189386560 189386237 189386462 189386280 189385717 189386448 189386260 189385810 189385928 189386133 189386065 189386399 189386530 189385959 189386554 189386641 189386629 189386177 189385702 189385760 189386082 189386407 189386609 189386659 189386655 189386504 189385791 189386264 189385816 189386614 189385977 189385948 189385743 189386578 189385946 189386324 189385876 189386061 189385934 189386181 189385884 189386655 189386367 189385703 189385998 189386666 189386421 189386637 189385727 189385687 189386564 189386604 189386560 189386493 189386446 189386328 189385790 189385872 189386282 189385710 189386575 189386486 189386538 189386489 189386671 189385784 189386063 189385776 189385770 189385719 189386477 189385729 189386631 189385883 189386107 189386630 189385826 189386699 189386089 189386537 189386428 189386086 189386317 189385869 189385839 189386287 189386531 189386395 189386148 189386074 189386091 189385836 189386680 189385917 189386446 189385929 189385986 189386207 189385798 189386355 189385849 189386235 189386062 189385967 189386145 189385768 189386553 189386042 189386040 189386404 189386715 189386454 189386226 189386528 189386706 189386130 189385765 189386387 189386163 189385891 189386494 189385968 189386678 189385955 189386219 189386621 189386678 189386104 189385923 189386363 189386369 189386697 189386203 189386162 189386547 189385968 189386077 189386743 189386185 189386536 189386001 189385918 189386522 189386331 189386651 189385908 189386284 189386275 189386493 189386608 189386037 189386678 189386131 189386062 189385827 189386108 189386444 189386360 189386692 189385915 189385891 189386648 189386492 189386713 189386503 189386361 189386536 189385994 189386393 189386007 189386455 189386594 189385862 189385840 189386488 189386140 189386646 189386347 189385924 189386249 189386753 189385964 189386294 189386766 189386785 189386092 189386350 189386137 189386499 189386115 189386362 189386424 189385945 189386227 189386510 189386614 189385924 189386223 189386461 189385869 189385962 189386075 189385938 189386744 189386046 189385903 189386219 189385961 189386721 189386630 189385874 189386295 189386216 189386264 189386816 189386490 189386601 189386671 189386155 189386247 189386313 189386720 189386319 189385962 189385909 189386250 189386197 189386565 189386255 189386800 189386646 189385924 189386395 189386857 189386664 189386383 189386739 189386720 189386220 189386438 189386275 189386446 189386345 189386335 189386056 189386044 189386795 189386351 189385924 189386872 189386178 189386633 189386136 189386058 189386515 189386663 189386172 189386693 189386537 189385937 189385970 189386035 189386059 189386554 189386842 189386008 189386550 189386121 189386318 189386009 189386548 189386176 189386762 189386569 189386021 189386205 189386856 189386746 189386335 189386812 189386280 189386311 189386226 189386181 189386880 189386471 189386506 189386155 189386190 189386015 189386881 189386180 189386108 189386764 189386131 189386080 189386770 189386872 189385987 189386198 189386932 189386919 189386354 189386452 189385992 189386366 189386666 189386380 189386078 189386295 189386460 189386104 189386161 189386670 189386475 189386035 189386333 189386629 189386399 189386326 189386289 189386125 189386439 189386926 189386255 189386441 189386896 189386212 189386509 189386763 189386858 189386307 189386863 189386824 189386773 189386728 189386304 189386904 189386490 189386097 189386956 189386803 189386928 189386862 189386465 189386540 189385998 189386447 189386952 189386341 189386683 189386230 189386981 189386670 189386897 189386897 189386895 189386065 189386988 189386046 189386647 189386451 189386789 189386311 189386348 189386156 189386848 189386270 189386861 189386556 189386683 189386812 189386375 189386739 189386066 189386675 189386770 189386561 189386696 189386188 189386319 189386354 189386627 189386972 189386489 189386522 189386817 189386456 189386519 189386480 189386922 189386864 189386763 189386251 189386610 189386170 189386287 189386863 189386898 189386593 189386884 189386295 189386642 189386815 189386223 189386421 189386306 189386050 189387028 189387007 189386888 189386710 189386988 189386816 189386086 189386183 189386849 189386230 189386593 189386549 189386778 189386339 189386243 189386187 189386244 189386439 189386602 189386275 189386228 189386748 189386976 189386352 189386830 189386994 189386338 189386186 189386901 189386729 189386745 189386931 189386385 189386930 189386527 189386406 189387012 189386177 189386533 189386851 189386768 189386675 189386732 189387060 189386293 189386955 189386934 189386736 189386333 189386575 189386656 189386354 189386603 189386958 189386730 189386592 189386258 189386796 189386624 189386248 189386897 189386805 189386109 189386473 189386412 189386852 189386325 189386202 189386183 189386391 189386916 189386367 189386723 189387098 189386332 189386872 189386788 189386960 189386695 189386425 189387042 189386995 189386357 189386168 189386197 189386591 189386253 189386775 189386518 189386464 189386633 189386145 189386749 189387094 189386555 189386389 189386382 189386591 189386967 189386979 189386391 189386190 189386812 189387106 189386964 189386950 189386627 189386859 189386345 189387026 189386950 189386939 189386194 189386508 189386812 189386519 189386736 189386194 189386601 189387139 189386536 189386232 189386965 189387035 189387044 189386516 189386357 189386602 189386446 189386745 189386544 189386335 189386415 189386181 189387111 189386492 189386894 189386713 189386612 189386713 189386547 189386637 189386302 189386740 189386635 189386899 189387128 189386817 189386575 189386930 189386665 189387140 189387139 189386227 189386310 189386963 189386270 189386948 189386710 189386385 189386774 189386347 189386825 189386784 189387083 189386647 189386235 189386721 189386411 189387112 189386850 189386780 189387075 189387067 189386236 189386939 189386946 189386428 189386711 189386484 189386521 189386751 189386764 189386548 189387117 189386740 189386650 189386240 189387040 189386724 189386506 189386766 189386361 189387002 189386802 189386527 189386341 189386982 189387142 189386587 189386454 189386956 189386631 189386417 189386253 189387076 189386428 189386819 189386931 189386469 189386511 189386972 189387066 189386774 189386281 189386345 189386362 189386550 189387050 189386425 189386902 189386938 189386387 189387099 189386851 189387198 189386799 189386970 189386963 189386979 189386300 189387127 189386369 189386507 189386909 189386940 189387167 189386470 189386974 189387281 189386304 189386637 189386907 189386473 189386349 189386397 189386877 189386764 189386304 189386301 189386865 189386739 189387208 189386430 189386734 189387069 189386892 189387175 189386971 189386527 189387188 189387038 189386393 189386707 189386778 189387013 189387058 189386996 189386546 189386792 189386554 189386674 189386674 189386975 189387211 189387308 189386565 189386875 189386797 189386593 189386752 189387015 189386721 189386665 189386889 189386914 189386757 189386733 189386716 189387261 189386752 189386671 189386871 189386947 189386744 189386692 189386955 189387222 189387115 189386425 189387084 189386498 189386621 189386922 189387134 189386566 189386684 189386572 189386947 189387003 189386800 189386897 189386788 189386878 189387089 189387084 189387174 189386985 189387121 189387204 189386901 189387039 189386653 189386910 189386543 189386648 189387093 189387334 189386980 189387337 189386418 189386895 189386992 189387369 189387065 189386926 189387338 189387136 189387268 189386906 189387102 189387015 189386632 189387141 189387016 189386561 189386833 189386765 189386832 189387341 189386724 189386749 189386415 189387125 189386404 189386955 189386644 189386547 189386546 189387178 189386472 189386949 189387300 189386953 189386617 189386728 189386693 189387189 189386767 189387359 189387007 189387048 189387112 189387146 189386871 189387232 189386485 189386766 189387008 189387244 189387026 189387352 189387257 189386892 189387210 189386889 189387331 189386751 189386725 189386748 189386661 189386792 189386846 189386674 189386673 189387127 189387348 189387204 189387368 189387017 189386940 189386580 189387361 189386738 189387026 189387255 189387201 189387156 189386688 189386876 189387196 189387010 189386781 189386677 189387063 189387082 189386767 189387126 189386977 189386981 189386964 189386868 189386848 189386773 189386599 189386672 189386989 189386492 189387337 189386936 189386668 189386553 189387250 189386565 189386885 189387480
1000
102451 1090307 1630361 1746365 2601996 2804804 3020965 3144420 3723303 3951116 4968899 5420188 5489289 7015563 9411884 10966301 11937437 14984876 15694255 15764866 21453782 21824184 22126364 23062053 23092576 23557283 23744022 23838185 25915193 27186807 29457271 30421928 31589106 32024720 33000892 33541563 34666227 34782985 36538584 37193999 37340472 38839205 38865983 40833798 41315285 42475981 42994932 43842990 46452626 46611720 47106450 49017069 49704236 49804104 50190342 51657875 51903259 53085988 55209833 56988928 58059927 59302891 59572814 60726857 62087314 62555867 62711792 63342446 64977062 66155733 66497046 67571190 67785025 68754086 69052165 70160509 70497853 70700474 71039680 71470512 71713906 72427909 72799495 73460320 73509641 74973226 76084141 76485189 77484102 78100628 78189372 79728759 81985535 84096574 84402938 84609562 84712349 85867658 87106014 88205180 89048424 89553736 91700919 92264113 94710724 96490444 97124227 97394382 97760314 98058436 99854620 100494871 104108063 104652200 104820243 106382932 107380757 107569859 108126744 110322764 112130729 112624048 114275732 115154568 116335093 118199289 119898286 120820938 124416653 125843251 126789797 126960626 129790907 130846767 132003796 132962489 134012066 135064303 136411199 138572413 138679506 140455093 140790737 140913572 141059892 141608181 142040661 142243047 143244507 146142806 146178737 146727699 146847397 147300067 147936032 148625091 149607012 149989372 150643416 150874865 152595623 152848497 155369452 157447564 158329158 158802906 159145870 159633932 163036919 163535596 167899102 168155575 168623275 170003615 170216067 170934229 171608567 172622938 174920860 176568811 176766888 176835371 176948155 177285759 177454706 178538102 179374075 180194120 180752102 183263790 184365838 185593741 187171082 187646109 188205712 189778568 190484461 190881632 190962567 191107014 191229880 192730142 193584572 194824970 202501534 202704690 203774914 204617899 204877810 204990727 205759711 206255995 206395517 206498031 207410604 207788067 207947917 208063734 208482883 209349039 209385947 211003616 211187416 212051247 214356480 215328965 215709339 217188670 219081895 219816740 220255793 220530129 221444113 222493378 222807824 226870467 227818304 227984977 229441411 229995586 230975849 231983455 233559856 234024974 234217953 234326178 234400633 235434328 238872130 239750876 242218662 244620993 246162872 246233642 247041854 248581484 249538631 249646691 249682475 250496059 251297673 251560012 251796868 252377069 252722726 252932623 253087403 254407474 255893367 256260900 261576809 262490862 263943627 263964280 265315458 266661210 267795599 268299368 268836356 270397845 271028333 271379525 272944037 274513999 274559951 274788138 275469033 275555453 275934440 277397344 277511671 277654281 277907013 280292168 280491727 281240591 281380020 282339489 282410963 282995881 284877060 285642486 286411797 287821857 288691656 289402538 289634085 289821214 290952096 290985050 291959796 295844600 297786287 299960937 300013535 300084400 300197974 300445249 300977275 302015059 303615235 305701446 308122069 308391324 310353874 311146368 315057683 315214592 316914917 318188292 318348945 319117104 322084920 322476409 324615759 324759265 325910455 326251218 329604259 331215144 331271216 333051451 333240075 334325269 335156283 336937067 338038334 338244299 339041958 339822188 340304082 340713811 342953644 343750922 345310574 345931829 346208702 346861118 348497247 349403408 353745196 354263922 354709131 358913558 359437475 360046364 360127197 360567468 360937679 361200668 361580527 362935164 365643032 366220270 366575007 367137906 368202389 368333392 368615097 369707911 370332351 371455043 372017140 373026278 374235654 378148180 379412796 379975022 380043023 380483982 380987554 381013617 384024302 384141946 384587277 386341265 386965742 388320888 388775448 389779408 390103124 390259732 390355419 390566435 391800675 391882105 392841882 392882718 396036628 397598047 400800757 404308512 404690866 408055165 408322345 409204229 409430597 410534772 411139620 411505390 411885230 413064722 413494310 413754377 413873148 414093340 414857362 417263240 419074208 419737411 422368305 422605072 423185275 427126895 427631978 427820374 428720210 429313742 429927838 431183748 431218815 432430309 433586014 434346571 435186222 435924871 436108098 436629333 436870420 436937598 437291875 438237611 440248281 440878744 441577774 444403884 445543887 449662983 450081476 450554790 453073918 453861140 454200767 454524850 455106729 455567276 455830047 455923352 457271572 457337113 460001277 460878719 461374152 462649597 463910700 463918305 464424861 465041221 466541439 467684810 468610328 469258774 469531086 470624827 470997900 471166213 471441926 471757588 472337391 473756483 475977760 476258252 477696975 479436111 482084025 482222245 482647370 483308588 484614975 484771494 486011877 488891952 491079660 491086053 491540885 492315726 492802211 494148587 494202963 494590229 496366034 496424990 501476935 501542451 502049543 502063522 503458045 503591331 503645860 504255243 505914830 506527161 506740242 507262995 507264749 507822766 510118077 510721892 512415159 514259748 515715075 518461869 518548519 519497334 519978008 521564623 521631175 521790500 521873234 522379771 522582486 524630890 525082760 527127797 527131643 528152309 530404338 531696239 532191292 532945786 534494094 534814598 536126279 538638246 538985810 540714266 542030075 543722250 544835235 544888189 547755090 548628581 553082255 553421334 553992317 554344524 555223768 555401556 555547570 555666099 556163764 557782342 558286753 561312905 562899456 563189625 564712375 565056468 566177099 566319279 566845984 567110826 568251887 569355058 571388216 572364912 575629133 575804034 578695335 579154079 581007451 581073523 582364240 583780698 583860481 585315042 585450405 586660736 586894409 587422220 587997377 588374732 589814912 590236457 591932437 592879580 594345407 595275539 595944166 598496989 600827798 601950222 602125450 602247638 602630231 603005246 604335760 604478867 605355159 605823637 606726467 608756097 609164576 612126482 612515317 613575664 614121950 614265753 614691141 615447824 616076044 616797792 617951211 618314801 618600360 619322546 619568928 620205492 623081660 627040394 627144823 627573470 627769972 628575898 630108677 632030113 632170281 633078133 634439463 634510111 635212189 636958723 637356706 638610059 640849730 641826662 643099314 643261928 643659589 644815411 644915565 646171086 646553178 647571149 648925427 650211003 650391531 650523639 651375899 651587515 651627947 653873129 657823408 659227135 659348569 661117232 662483177 663533063 663839830 664056951 666244334 667174658 669305872 669587130 669935371 670598048 670813979 672081366 675199200 675917171 677068112 678566382 678960843 685129168 686424749 687570827 687733526 688136475 689073443 689263786 689376669 696592833 697412512 700433593 700762918 700895124 702618298 703423488 704066609 705043803 705101511 705451440 706422618 707273524 707679600 707940020 709550355 716972129 718374456 721206689 721585678 725187503 725441116 725461902 725927226 728867935 731629055 733238484 733872425 736294482 736624322 737524188 738394447 738600739 740747158 742806840 743708831 744017644 744175686 745221931 745422153 745532527 745976430 750005214 750661153 751484268 751491451 752906141 752942953 753195214 755731183 756606574 756936256 757158311 757283158 757718614 758704695 760000332 760106956 761415933 762099306 762598252 763529706 764492512 765682222 767188639 767427023 769111973 769937356 770624876 771167430 773459453 773540170 774435088 775186168 775294526 778131125 778723328 779975830 779980097 781050476 782436566 783861730 784042512 785018368 785767770 787894518 788345875 788449239 788740775 789945394 790667950 791894281 793615248 793680400 793983365 794020641 794077017 796832381 797259247 799405657 799737043 801704807 803157298 803663207 803929375 804431737 805271201 810276855 811743171 811952440 813074736 813404992 813458932 813849758 813983897 815011437 815898670 817500389 817572171 819150650 820300684 820341987 822131391 823111860 824357572 826024686 827492599 827728844 828080920 828221047 828348388 829633092 829947695 830181723 831800872 831837209 832303207 833386790 835911578 838339299 838902496 839704557 840508531 840605321 841142684 841253517 841474489 842071480 842927793 845962705 846065928 846145236 846705925 846917820 848395494 851745470 853936774 854277271 854291674 857602652 858125273 858516467 861524428 863572678 865296089 867944149 868225410 869074054 870823037 874314742 874808084 875228118 877450418 877947199 878353955 878396788 878960668 879355152 879646619 880752822 882936510 883964961 884123693 884129876 884241510 884920625 886955761 887339122 887865828 888875784 889396628 889540523 889592166 892088734 892357881 896373074 896461110 896979397 897243025 897347025 897952476 898220407 899253737 899535788 899749819 900920572 901237066 903656275 903882120 907529909 908582800 909853250 910268267 912627655 912767507 914464119 915023766 915280284 916626069 917411300 921024508 923991309 924336707 925199488 925906164 927389886 928367372 930556206 934306183 934651686 936397820 936713127 938255404 939206073 939241588 940848983 941277703 942503056 945208011 945423462 946115771 946228943 947717698 948026404 948313214 948730273 949142920 949232771 949397114 949563556 949578841 950252176 950600097 950853448 951878092 954190600 958188287 959677741 960083706 960536662 961860487 962635068 964052299 964195049 964223930 964583095 964687222 968230332 969271501 971515882 972155412 972311896 972859672 973507419 974175490 974912306 980859710 981048907 981167872 981792724 983206640 983846195 983901880 985885573 986079790 986953202 987643791 989663467 990184953 990916360 991876436 992531885 993452704 994070462 995847791 996893683 998802866 999082751 999123990
1000
958381634 958381042 958381599 958381216 958380829 958381668 958381165 958381697 958381357 958380888 958381643 958381564 958381668 958381381 958381374 958380920 958381067 958380962 958381058 958381339 958381097 958381823 958381585 958381609 958381122 958381082 958380923 958380965 958380895 958380872 958381675 958381785 958381816 958380954 958381033 958381599 958381355 958381173 958381399 958381325 958380972 958381404 958381002 958381305 958381387 958381229 958381805 958381552 958381110 958381741 958381080 958381244 958381331 958381303 958380913 958381455 958381854 958380980 958381355 958381827 958381444 958381359 958381028 958381035 958380891 958380945 958381572 958380916 958381222 958381748 958381590 958380890 958381771 958381817 958381681 958381725 958381707 958380941 958381021 958380971 958381656 958381458 958381797 958381633 958381541 958381350 958381337 958381515 958381775 958381855 958381270 958381492 958381256 958381033 958381450 958381060 958381510 958381578 958381657 958381496 958381092 958380907 958381902 958381228 958380939 958381842 958381074 958381440 958381106 958381025 958381515 958381831 958381554 958381606 958381374 958381530 958381725 958381146 958381522 958380932 958381312 958381360 958381330 958381546 958380941 958381737 958381518 958381582 958381769 958381153 958381481 958381526 958381881 958381159 958381115 958381917 958381875 958381841 958381416 958381187 958381759 958381105 958381859 958381193 958381212 958381294 958381644 958381887 958381330 958381581 958381739 958381884 958381680 958381340 958381300 958381177 958381941 958381277 958381196 958381570 958381404 958381786 958381264 958381270 958381468 958381927 958381914 958381158 958381797 958381256 958381836 958381213 958381375 958381907 958381949 958381447 958380983 958381866 958381866 958381940 958381473 958381069 958381357 958381073 958381524 958381293 958381613 958381626 958381815 958381084 958381443 958381791 958381812 958381572 958381431 958381560 958381079 958381101 958381667 958381013 958381321 958381307 958381158 958381281 958381796 958381067 958381091 958381610 958381807 958381877 958381643 958381592 958381829 958381788 958381917 958381760 958381274 958381692 958381685 958382005 958381383 958381304 958381449 958381917 958381364 958381468 958381199 958381776 958381728 958381573 958381493 958381570 958381625 958381115 958381888 958381190 958381607 958381407 958381823 958381701 958381680 958381883 958381086 958382030 958381399 958381915 958381293 958381966 958381106 958381376 958381873 958381829 958381890 958381904 958381386 958381765 958381387 958382040 958381278 958381561 958381201 958381619 958381547 958381324 958381307 958381310 958381616 958381348 958381911 958381883 958381256 958381456 958381993 958381528 958381868 958381183 958381177 958381244 958382004 958381661 958381941 958381928 958381600 958381994 958381879 958382020 958381307 958381861 958381466 958381917 958381627 958381617 958381617 958381804 958381300 958381515 958381142 958381117 958381498 958381144 958381334 958381892 958381403 958381857 958381820 958381502 958382083 958381309 958381292 958381682 958381690 958382099 958381446 958381634 958381775 958381667 958381369 958381857 958381820 958381182 958381510 958381283 958381893 958381571 958381349 958381985 958381349 958381304 958381214 958381137 958381718 958382074 958381470 958381159 958381545 958381212 958381830 958381506 958381662 958381787 958382024 958381759 958381343 958382138 958381258 958382018 958381176 958382069 958381843 958381591 958382121 958382111 958381680 958381765 958381702 958381447 958381718 958381634 958381830 958381901 958381850 958381170 958381310 958381486 958381613 958381786 958381436 958381395 958381399 958381672 958381800 958381536 958381797 958381547 958382152 958381810 958381307 958381524 958381634 958381805 958381918 958381236 958381905 958381522 958381207 958381899 958381376 958381917 958382010 958381635 958381602 958382146 958382000 958381598 958381670 958381219 958381669 958381880 958381634 958381885 958381480 958381710 958381733 958381255 958382075 958381771 958381562 958381422 958381860 958381766 958381498 958381862 958381982 958381614 958381624 958381247 958381896 958381664 958381679 958382182 958381472 958381757 958381796 958381517 958381377 958381862 958382037 958381636 958381824 958381876 958382085 958381715 958382160 958381788 958381538 958382045 958382073 958381976 958381609 958382166 958381333 958382110 958382109 958381294 958381500 958382022 958381392 958382176 958382097 958381278 958382151 958381987 958382184 958382014 958381604 958381435 958381720 958381496 958381947 958381348 958382135 958382169 958381777 958382053 958381870 958381337 958381576 958382237 958382193 958381736 958381687 958382176 958381356 958381522 958382092 958381414 958382229 958381702 958382117 958382155 958381684 958381705 958381310 958381919 958381384 958381400 958381861 958381365 958381555 958382253 958381358 958382038 958381398 958381852 958381685 958381730 958381915 958381630 958382245 958381651 958381452 958382219 958381759 958381810 958381633 958381323 958381578 958381778 958381339 958381988 958381848 958381801 958381381 958381807 958381492 958381935 958381387 958381632 958382044 958381718 958381734 958382103 958381827 958381752 958381838 958381372 958381904 958381835 958381402 958382144 958381383 958381427 958381389 958381992 958382276 958381696 958381849 958381581 958381565 958382004 958381909 958382248 958381352 958381929 958381405 958381778 958381690 958381765 958381993 958381639 958381539 958381893 958381402 958382189 958381756 958381717 958381422 958382103 958381491 958382218 958382361 958382357 958382012 958382029 958382116 958382239 958381523 958381389 958382130 958382293 958381713 958382150 958382250 958381895 958381772 958381843 958381387 958381570 958381664 958381682 958382114 958382168 958382217 958381482 958381741 958381711 958381544 958381596 958381461 958382383 958381569 958382128 958381727 958381903 958382023 958382387 958381854 958382390 958382163 958381569 958382074 958382100 958382255 958382300 958381936 958382218 958381887 958382015 958381935 958381830 958381752 958382002 958382136 958381725 958381453 958382388 958382059 958381964 958381994 958381594 958381761 958381714 958382129 958382045 958382149 958381612 958382102 958381610 958382098 958381689 958382213 958381561 958381627 958382003 958381830 958381594 958382099 958382277 958381555 958381613 958381455 958381869 958382100 958381579 958382441 958382450 958381929 958382327 958382362 958381574 958381833 958381747 958382195 958381614 958381573 958382458 958381576 958381739 958382150 958382217 958381670 958382319 958382385 958381882 958381599 958382422 958381629 958381746 958382289 958382367 958381511 958382135 958381926 958381510 958381583 958382279 958382378 958381533 958382266 958382235 958381688 958381858 958381848 958382231 958382192 958381521 958382427 958382004 958382418 958381868 958382099 958381529 958381706 958381982 958381789 958381606 958382280 958382135 958381929 958382430 958381995 958382214 958382438 958381710 958381617 958382214 958382332 958381844 958381712 958381768 958382197 958382483 958382516 958382469 958382472 958382256 958381821 958381772 958382390 958381535 958382176 958381717 958382153 958381728 958382259 958382390 958381840 958382209 958381856 958382139 958381606 958382258 958382062 958382349 958382046 958381967 958382036 958381708 958381675 958382270 958382181 958381812 958382024 958382311 958382055 958381926 958382247 958381681 958382138 958381677 958382049 958381873 958381785 958382446 958382046 958382441 958381621 958382440 958382003 958381981 958382445 958381826 958382050 958381989 958382459 958382478 958382263 958382102 958382289 958381945 958382560 958382275 958381917 958382376 958382480 958382229 958381934 958382306 958382176 958382377 958381601 958381703 958382534 958381868 958381853 958382234 958381771 958382331 958382368 958382242 958382189 958381865 958381922 958382031 958381743 958382427 958381690 958382274 958382543 958382193 958382551 958381777 958381720 958382192 958382038 958381665 958382001 958381710 958382180 958382390 958381899 958382520 958382581 958382437 958381783 958382055 958382010 958382591 958382530 958381854 958382426 958382127 958381906 958381971 958381664 958381822 958381925 958382432 958382619 958382347 958382352 958382216 958381832 958382174 958382615 958382407 958382527 958382025 958382316 958382406 958382109 958382187 958382472 958381769 958381838 958382125 958382052 958382070 958381690 958381922 958382065 958381732 958382425 958381804 958381900 958382340 958381806 958382408 958382132 958382452 958382183 958382611 958382286 958381979 958382516 958382565 958381985 958381742 958382138 958381986 958382389 958382039 958382173 958381820 958381911 958382105 958381688 958382028 958382324 958382589 958382524 958382341 958381899 958382142 958382091 958381812 958382072 958382331 958382445 958382007 958382567 958382408 958382461 958381906 958381948 958382660 958381783 958382010 958382665 958381996 958381936 958382090 958382074 958382702 958382416 958381834 958382251 958382375 958381984 958382020 958381892 958381745 958382299 958382509 958382243 958381903 958382250 958382319 958382664 958382452 958382195 958382394 958381938 958382189 958382024 958381758 958381850 958382223 958382095 958381993 958382626 958381997 958382348 958382149 958381804 958382495 958382177 958382440 958382717 958382715 958382192 958382605 958381840 958382605 958382019 958381852 958381964 958382071 958381960 958381960 958381798 958382731 958382553 958382387 958382438 958381865 958382047 958382638 958382604 958382641 958382526 958381815 958382433 958382376 958381855 958382028 958382623 958382705 958382321 958382501 958382257 958382378 958382389 958382133 958381876 958381994 958382765 958381889 958382626 958382467 958382582 958382472 958382091 958382350 958382157 958381929 958382340 958381929 958382279 958382021 958382545 958382307 958382507 958381947 958382490 958382148 958382712 958382380 958382001 958382363
1000
822538950 822539618 822538799 822539395 822538840 822539264 822539106 822539053 822539408 822539236 822539042 822538882 822539372 822539702 822538958 822539490 822538978 822539119 822539638 822539699 822539004 822538783 822538914 822538906 822538869 822539248 822539326 822539681 822539291 822538964 822539489 822539625 822539172 822538853 822539294 822538973 822539569 822538913 822539202 822539069 822539480 822538915 822539432 822538882 822539262 822539057 822539653 822539239 822539274 822539219 822539416 822539691 822539218 822539240 822539058 822539049 822538919 822539633 822539013 822539551 822538957 822539399 822539783 822539176 822539527 822539669 822539224 822539203 822538880 822539721 822539139 822539136 822539642 822538920 822539667 822539342 822539661 822539087 822539814 822538877 822539423 822538864 822539735 822539406 822538997 822539363 822539595 822539492 822539505 822539156 822539242 822539570 822539342 822539001 822539228 822539478 822539222 822538897 822539550 822538990 822539401 822539692 822539149 822538933 822539618 822539605 822539724 822539822 822539156 822538872 822539413 822539340 822539637 822539610 822539726 822539250 822539124 822539713 822539241 822539624 822539751 822539185 822539848 822539512 822539559 822538969 822538951 822539255 822539008 822539599 822539434 822539246 822538974 822539616 822539340 822539768 822538987 822539623 822539197 822539823 822539844 822538946 822539263 822539722 822539609 822539270 822539039 822539296 822539246 822539010 822539034 822539821 822539011 822539649 822539036 822539503 822539898 822539243 822539577 822539541 822539391 822539718 822539748 822538921 822539034 822539101 822539320 822539344 822539886 822539576 822539591 822539261 822539744 822539106 822539175 822539502 822539534 822539138 822539453 822539806 822539313 822539577 822539188 822539895 822539224 822539023 822539379 822539436 822539139 822539866 822539749 822538970 822539792 822539640 822539786 822539121 822539454 822539051 822539001 822539915 822539114 822539665 822539490 822539571 822539243 822539099 822539820 822539662 822539810 822539885 822539729 822539581 822539749 822539285 822539003 822538995 822539534 822539272 822539720 822539144 822539885 822539028 822539865 822539250 822539166 822539044 822539576 822539516 822539375 822539732 822539692 822539495 822539255 822539379 822539284 822539658 822539062 822539765 822539409 822539576 822539607 822539262 822539477 822539782 822539090 822539632 822539366 822539488 822539265 822539942 822539415 822539334 822539198 822539267 822539540 822539649 822539276 822539960 822539919 822539573 822539055 822539200 822539216 822539338 822539050 822539549 822539383 822539599 822539935 822539184 822539541 822539416 822539928 822539096 822539066 822539290 822539077 822539235 822539608 822539122 822539138 822539241 822539466 822539442 822539932 822540010 822539185 822539312 822539766 822539494 822539152 822539873 822539654 822539115 822539994 822539549 822540048 822539805 822539816 822539228 822539957 822539451 822539624 822539779 822539637 822539696 822539273 822539729 822539468 822539382 822539862 822539849 822539609 822540008 822539086 822539649 822539917 822539302 822539136 822539085 822539835 822539583 822539371 822539083 822539703 822539743 822539645 822540026 822539669 822539671 822540039 822539493 822539515 822539726 822539412 822539716 822540082 822539106 822540058 822540087 822539419 822539964 822539611 822540005 822540008 822539933 822539236 822539259 822539556 822539610 822539552 822539492 822539284 822540058 822539397 822539980 822539797 822539347 822539339 822539562 822539492 822539669 822539138 822539834 822539491 822539533 822539424 822540049 822539935 822539236 822540076 822539522 822539290 822539278 822539224 822539549 822540050 822540013 822539955 822539839 822539656 822539790 822539703 822539268 822539932 822540134 822540025 822539562 822539475 822539358 822540011 822539472 822539732 822539675 822539533 822539322 822539298 822539457 822539632 822539704 822539182 822539423 822539960 822539627 822539522 822539656 822539505 822539355 822539612 822539641 822539511 822539167 822539680 822539281 822539726 822539653 822540157 822539642 822539212 822539329 822539502 822539665 822540161 822539704 822539604 822540136 822539471 822539837 822539779 822539447 822539961 822539417 822539205 822539963 822539765 822540077 822539782 822539606 822539915 822539476 822539765 822540163 822539586 822539742 822540010 822539957 822539363 822539989 822539431 822540194 822539415 822539408 822539745 822539841 822539879 822539850 822539285 822539702 822540103 822539422 822540143 822539929 822539877 822539659 822539444 822540188 822539919 822539333 822539989 822540059 822539511 822539707 822539792 822539989 822539402 822539767 822540051 822539907 822540115 822539603 822539376 822539379 822539267 822539964 822539393 822539614 822539597 822539561 822539399 822539926 822540223 822539502 822539474 822539802 822539914 822539864 822539527 822539362 822540020 822539289 822539730 822539864 822539815 822540197 822540167 822539442 822539447 822539794 822539497 822539960 822539269 822540002 822539609 822539435 822539945 822539507 822539280 822539494 822540134 822539728 822540008 822539468 822539938 822540136 822540104 822540232 822540027 822539792 822539964 822539686 822539367 822539371 822539334 822539905 822539710 822540181 822539678 822539372 822539951 822539796 822539593 822540109 822539353 822540049 822539399 822540262 822539890 822540142 822539658 822539815 822539439 822539308 822539475 822539440 822539606 822540206 822539796 822540288 822539903 822539962 822539655 822540305 822539533 822540074 822539911 822539609 822540130 822539596 822540026 822539397 822539677 822539449 822540221 822539789 822540073 822540137 822539764 822539465 822540302 822539940 822539939 822540262 822540127 822539894 822539955 822539786 822540032 822540067 822540273 822539701 822539496 822539907 822539369 822540279 822539421 822539738 822540053 822539888 822539458 822540291 822539936 822539553 822540165 822539836 822540207 822540140 822539663 822539484 822540343 822539685 822540066 822540246 822540325 822540343 822539963 822539969 822540143 822539870 822540029 822539373 822540321 822540296 822540163 822539563 822540362 822540132 822539614 822540224 822539547 822540244 822540268 822540297 822540061 822539846 822539503 822539829 822539403 822540181 822540307 822539882 822539914 822539562 822540198 822540194 822539660 822539764 822540021 822540375 822539785 822540178 822539643 822539949 822539849 822539691 822539450 822539811 822539856 822540102 822540219 822539814 822539764 822540333 822540364 822539719 822539853 822540039 822540110 822540401 822540100 822539775 822540027 822540195 822539882 822539871 822540122 822539990 822540104 822539550 822539683 822540429 822539901 822539640 822539689 822540230 822539537 822540234 822540119 822539723 822540090 822539499 822539524 822540350 822540179 822540334 822540047 822539943 822540097 822539600 822539614 822540096 822539917 822540275 822540357 822539659 822540330 822540033 822539562 822539889 822540181 822540152 822540016 822539472 822539865 822539716 822539806 822539715 822539809 822539741 822539932 822539897 822539475 822540264 822539755 822539934 822539537 822539691 822539788 822540459 822539580 822540019 822539929 822540296 822539636 822540314 822539929 822540108 822540270 822539957 822539602 822540482 822539714 822540179 822539662 822540373 822540237 822540062 822539699 822540461 822539727 822539863 822540321 822540201 822539855 822539524 822539633 822540275 822540180 822540206 822539528 822540512 822540125 822539691 822540101 822540040 822540198 822539672 822540122 822540327 822540144 822539899 822540353 822540307 822540378 822539564 822540328 822540422 822539884 822540216 822540252 822539747 822539999 822540304 822540037 822540370 822539592 822540079 822539814 822540191 822539758 822540367 822540204 822539559 822539855 822540170 822540521 822539576 822539697 822539628 822539883 822540507 822540079 822539633 822539893 822540414 822540056 822540012 822540052 822539901 822539780 822540428 822539634 822540445 822540472 822540486 822540149 822539904 822540445 822539894 822539794 822539635 822540093 822539595 822540276 822539757 822539657 822540434 822539640 822540097 822540313 822539842 822540581 822539833 822539763 822539598 822540295 822539834 822539711 822540332 822540118 822540323 822540484 822540410 822540470 822540590 822540100 822540455 822539633 822539842 822539652 822540064 822539847 822540317 822539752 822540399 822539915 822540381 822540514 822540237 822540284 822540243 822540484 822540414 822539655 822540447 822540242 822540369 822540356 822539933 822540357 822540467 822540557 822539976 822539859 822539943 822539893 822540042 822539664 822540556 822540345 822539736 822540018 822540188 822539953 822540247 822540112 822539969 822540072 822539975 822540274 822540585 822540173 822540523 822540334 822540362 822540131 822540058 822540281 822539712 822540193 822539740 822539864 822540143 822539937 822539901 822539849 822540645 822540178 822540389 822539976 822539730 822540122 822539759 822540320 822539909 822540585 822540063 822539694 822540139 822540637 822539892 822539962 822540206 822540521 822540335 822539733 822540164 822539775 822540437 822540175 822540666 822539825 822540628 822540111 822539805 822540244 822540362 822539987 822539912 822540110 822540124 822540062 822539884 822540123 822540052 822539750 822540613 822540298 822540001 822540677 822539766 822539941 822539900 822540557 822539834 822540426 822540086 822540496 822539843 822540254 822540514 822540658 822540151 822540672 822540289 822540572 822540126 822540644 822540296 822539977 822540619 822540161 822540144 822540370 822540523 822540276 822540374 822540092 822539955 822540669 822540669 822540014 822540513 822540495 822539767 822540390 822540502 822539910 822539762 822540068 822540677 822540345 822540489 822540088 822539792 822540318 822540617 822540490 822540586 822540571 822540025
1000
4448368 4448046 4448054 4447772 4447784 4448362 4448672 4448758 4447995 4448618 4448305 4448139 4448500 4448520 4448647 4448144 4448743 4448104 4448026 4448160 4447942 4447963 4448362 4448169 4448666 4448644 4448341 4447798 4448397 4448693 4448021 4448440 4447945 4448800 4447804 4447995 4448642 4448546 4448269 4448422 4448589 4448297 4448045 4448192 4448018 4448267 4448717 4448512 4448496 4448566 4448158 4448680 4448528 4448033 4448175 4448455 4448268 4448696 4448329 4448163 4447930 4448699 4448596 4447986 4447969 4448055 4447838 4447926 4448791 4448805 4448513 4448415 4448041 4448669 4448235 4448499 4447969 4448628 4448054 4448601 4448839 4448364 4448339 4448002 4448729 4448168 4448485 4448377 4448390 4448661 4447916 4447890 4447982 4448267 4448137 4448686 4448493 4448214 4448246 4447994 4448792 4448676 4447912 4448309 4448802 4448496 4448291 4448671 4448165 4448072 4448828 4448800 4448426 4448290 4448566 4448703 4448500 4448585 4448802 4448684 4448657 4448056 4448312 4448540 4447993 4448871 4448063 4448587 4448508 4448023 4448355 4448494 4448848 4448186 4448710 4448127 4448114 4448541 4448706 4447978 4447947 4448881 4448054 4448601 4448148 4448147 4448333 4448434 4447952 4448515 4448822 4448678 4448360 4448764 4448582 4447940 4448460 4448812 4448278 4448491 4448430 4448443 4448891 4448746 4447956 4448201 4448547 4448409 4448762 4448047 4448585 4448023 4448672 4448502 4448297 4448732 4448134 4448284 4448045 4448811 4448008 4448187 4448568 4448416 4448686 4448932 4448316 4448155 4448163 4448444 4448751 4448023 4447976 4448358 4448221 4447990 4448116 4448015 4448386 4448217 4448215 4448045 4448221 4448563 4448193 4448032 4448399 4448322 4448726 4448208 4448061 4448313 4448961 4448894 4448655 4448525 4448513 4448403 4448378 4448545 4448022 4448848 4448033 4448522 4448404 4448753 4448959 4448894 4448257 4448089 4448519 4448589 4448727 4448856 4448309 4448024 4448425 4448269 4448479 4448641 4448612 4448487 4448801 4448842 4448284 4448403 4448532 4448891 4448448 4448215 4448024 4448805 4448682 4448601 4448533 4448056 4448465 4448522 4448211 4449012 4448552 4448986 4448863 4449025 4448715 4448993 4448996 4448874 4448876 4448682 4448213 4448972 4448664 4448990 4448354 4448706 4448880 4448756 4448941 4448072 4448447 4448215 4448355 4448715 4448248 4448872 4448619 4448152 4448540 4448561 4448660 4448073 4448818 4448833 4448720 4448994 4448733 4448687 4448242 4448914 4448200 4448570 4448116 4448526 4449013 4448728 4448439 4448186 4448881 4448654 4448748 4448212 4448655 4448427 4448630 4448801 4448200 4448581 4448195 4448422 4448897 4448824 4448147 4449016 4448954 4448638 4448101 4448761 4448482 4448134 4448676 4448582 4448662 4448709 4448965 4448873 4448894 4448834 4448268 4448577 4448865 4448222 4448129 4448462 4448618 4448886 4448860 4448965 4448606 4448248 4448612 4448239 4448582 4448969 4448365 4448825 4448284 4448275 4448331 4448591 4448179 4448866 4449073 4448498 4448312 4449069 4448379 4448164 4449027 4448814 4448440 4448921 4448672 4448151 4448355 4448467 4448406 4448375 4448282 4448362 4448776 4448231 4449061 4448403 4448206 4448288 4448714 4448868 4448875 4448880 4448797 4448812 4448468 4448536 4449007 4448643 4448967 4448409 4449073 4448723 4448980 4448239 4449114 4449161 4448688 4449107 4448532 4448952 4448782 4448319 4448213 4448654 4448657 4448786 4448282 4448231 4449104 4448433 4448587 4448620 4448283 4448444 4448951 4448485 4448595 4448283 4448491 4448525 4448442 4449019 4448494 4448819 4448713 4448316 4448859 4448824 4448685 4448542 4449195 4449008 4448522 4448507 4448881 4448408 4448225 4448433 4448361 4448714 4448453 4448852 4449163 4448322 4448551 4448817 4449189 4449151 4448805 4449133 4448698 4448980 4449044 4448969 4449140 4448924 4448773 4448719 4449055 4448589 4448316 4448420 4448571 4448898 4448248 4448348 4449060 4448416 4448858 4448417 4448532 4448663 4448999 4448427 4448510 4448893 4448466 4449162 4448908 4448666 4448838 4448371 4449141 4448552 4448833 4449088 4448579 4448745 4448513 4448975 4448713 4448795 4448834 4448453 4448608 4448810 4448327 4448556 4448537 4448344 4448971 4449114 4448945 4449256 4448874 4448343 4449179 4448741 4449152 4448664 4448372 4448505 4449132 4448447 4448907 4448430 4448549 4448961 4448424 4448721 4448566 4448437 4448480 4448440 4448340 4448345 4449057 4448891 4448626 4448333 4448638 4448757 4449245 4448906 4448962 4448614 4448361 4449295 4449038 4448556 4449072 4448705 4449094 4448393 4448686 4448609 4448801 4449032 4449112 4448513 4448889 4448394 4449033 4449050 4448533 4448363 4449250 4448983 4448638 4448484 4448721 4449038 4449054 4449261 4448870 4448926 4448632 4449223 4448472 4448794 4448939 4449043 4448614 4448779 4448741 4448504 4448675 4449265 4449294 4448853 4448847 4448561 4448863 4449154 4448773 4448853 4448385 4449054 4449264 4449223 4449047 4449342 4448621 4449045 4448715 4448653 4448925 4449292 4449291 4448534 4448649 4448698 4449375 4448497 4448425 4448751 4448621 4449127 4448818 4448846 4448439 4448544 4448998 4448960 4448753 4448396 4449261 4449247 4449100 4449110 4448561 4448865 4448834 4448740 4448692 4448809 4449133 4449373 4449206 4448573 4449352 4448588 4448487 4449188 4449405 4449340 4448487 4448872 4449329 4448585 4449203 4448804 4449090 4448644 4448576 4449058 4448891 4449034 4449273 4449190 4448721 4448811 4449206 4449392 4449302 4448980 4448660 4449181 4449264 4449337 4449423 4448446 4448739 4449408 4449007 4448876 4449226 4449333 4448788 4448445 4448757 4448816 4448516 4448806 4448776 4449390 4449266 4449342 4448734 4448736 4449055 4448659 4448587 4449092 4449030 4448647 4449414 4448909 4448907 4449412 4449152 4449402 4449005 4449163 4448618 4449313 4448714 4449290 4449101 4448802 4448848 4449239 4449310 4448939 4448805 4448886 4449025 4449317 4449212 4449377 4448802 4448911 4448584 4449383 4449482 4448585 4449179 4449399 4448804 4449102 4449472 4449268 4449024 4449137 4449357 4448589 4448734 4448666 4448730 4449149 4448910 4449292 4449048 4448916 4448719 4448978 4448550 4449487 4449101 4448619 4449026 4448944 4449342 4449313 4448799 4448627 4448645 4449230 4449170 4448927 4449506 4449525 4449291 4449434 4449113 4448907 4448543 4449068 4448621 4449028 4449239 4449533 4449089 4449471 4448686 4448799 4448685 4448886 4448959 4448669 4449079 4449047 4449408 4448569 4449100 4449059 4449545 4449295 4449364 4448633 4449483 4448655 4448857 4449339 4449234 4449427 4449292 4449019 4448829 4449432 4448997 4449210 4448598 4449425 4449018 4448999 4448901 4449457 4448767 4448636 4449135 4449478 4449130 4449301 4449459 4449229 4449011 4448609 4449282 4448818 4448877 4448721 4449064 4448907 4448784 4448656 4448664 4449579 4449293 4448658 4448967 4448644 4449315 4449190 4448956 4448983 4448829 4448992 4448858 4449235 4448714 4448878 4449322 4449551 4449536 4448880 4448664 4448842 4449059 4448779 4449242 4449502 4448735 4448978 4449281 4449325 4449145 4448716 4449141 4449307 4448842 4449591 4449313 4448957 4449363 4449429 4449251 4448942 4448652 4449470 4449590 4449103 4449109 4449384 4449004 4449319 4449434 4448899 4449218 4448701 4449249 4449226 4449022 4449338 4449523 4448918 4449538 4448668 4449238 4449199 4449066 4449470 4448739 4449505 4449398 4448832 4449230 4449116 4449463 4449579 4449118 4449253 4449222 4449011 4448759 4449564 4449424 4449313 4449070 4449641 4448795 4449075 4448877 4449426 4449063 4449492 4448767 4449031 4449052 4449563 4449063 4448760 4449452 4449002 4449132 4449379 4449645 4449318 4449249 4449633 4449684 4448888 4448974 4449184 4448877 4449239 4449477 4449009 4449224 4449119 4449432 4449475 4448813 4448847 4448984 4449447 4449668 4448754 4449239 4448993 4448905 4448794 4448935 4449142 4449601 4449488 4448788 4448910 4448836 4449045 4449555 4448888 4449603 4449535 4449167 4449715 4449620 4449691 4449385 4449400 4449589 4449176 4449250 4449246 4448951 4448920 4449092 4449143 4449715 4449302 4449489 4449720 4449573 4449672 4449145 4449633 4449203 4449478 4449054 4449467 4449251 4449266 4449437 4449046 4448881 4449712 4449331 4449372 4449616 4449159 4449540 4448789
1000
514409832 514409868 514410051 514409966 514409938 514410166 514409716 514410261 514410391 514410173 514409989 514409760 514410018 514410151 514410307 514409989 514409840 514410566 514410073 514410295 514410056 514410304 514410032 514410147 514409859 514409907 514410323 514410428 514410187 514409798 514410533 514410422 514410509 514410467 514410217 514410461 514410449 514410309 514410553 514409656 514409892 514410176 514409699 514409790 514409611 514409862 514409603 514410201 514410546 514409768 514410215 514410010 514410248 514410351 514410307 514409972 514410243 514410177 514410338 514410593 514410406 514410514 514410063 514410216 514410080 514410610 514410577 514410497 514410182 514409721 514410508 514409985 514410373 514409883 514409873 514410512 514409921 514410295 514410429 514410368 514410519 514410591 514409698 514409884 514409927 514410347 514409811 514409733 514409766 514410172 514409852 514409761 514410357 514409773 514409754 514409921 514409960 514410468 514409753 514410647 514410418 514409776 514410221 514410596 514410574 514409849 514410564 514410185 514409926 514410390 514410360 514410221 514409997 514409740 514410092 514409760 514410328 514410409 514409684 514410085 514410313 514410430 514410336 514410299 514410343 514410394 514410511 514409851 514410245 514410038 514410381 514410242 514409940 514409974 514409948 514410305 514410603 514410200 514409989 514410506 514409892 514409799 514410279 514410486 514410634 514409887 514409796 514410610 514410465 514410502 514409931 514410061 514410687 514410118 514410640 514410355 514410643 514410526 514409748 514409941 514409821 514410161 514410173 514409874 514410342 514409970 514409899 514409722 514410049 514409802 514409750 514410301 514409733 514409786 514410547 514409838 514410146 514410204 514410328 514409970 514410131 514409868 514410666 514410329 514409963 514410244 514410635 514410237 514409767 514410334 514410243 514409958 514410116 514410169 514410256 514410322 514410040 514410120 514409862 514409947 514410566 514409805 514410595 514410720 514410340 514410014 514410743 514410575 514410388 514410570 514410515 514410642 514410292 514410092 514410682 514410126 514410339 514409933 514410762 514410216 514410425 514410683 514410175 514410446 514410715 514410725 514410447 514410272 514410702 514410345 514409966 514410320 514410471 514410017 514410476 514410503 514410523 514410003 514410335 514410616 514410656 514410071 514410217 514409961 514410305 514410032 514410710 514409984 514410234 514410184 514410700 514410011 514410735 514410106 514410284 514409875 514410471 514410042 514409853 514410799 514410652 514409932 514410525 514410207 514410219 514410451 514410211 514410473 514410176 514410410 514410422 514410418 514410411 514410684 514409884 514410711 514410383 514410596 514410085 514410685 514409911 514410471 514410457 514410744 514410501 514410601 514410623 514410416 514409988 514410349 514410028 514410593 514410720 514409970 514410237 514410083 514410319 514410410 514410238 514410167 514410233 514409936 514410845 514410548 514410120 514410677 514410534 514410727 514410827 514410491 514410283 514410033 514410769 514410357 514410861 514410660 514409985 514410703 514410825 514410791 514409896 514410072 514410654 514410803 514410561 514410735 514409975 514410050 514410730 514410751 514410586 514410153 514410458 514410507 514410316 514409940 514410400 514410135 514410415 514410013 514410625 514410704 514410881 514410665 514410030 514409956 514410150 514410799 514410427 514410705 514410369 514410850 514410008 514409913 514410543 514410189 514410113 514410049 514410283 514410361 514410397 514410596 514410608 514410526 514410604 514410809 514410464 514410217 514410862 514410376 514410072 514410486 514410908 514409957 514410754 514410037 514410449 514410618 514410198 514410449 514409977 514410658 514410825 514410310 514410022 514410424 514410578 514410469 514410699 514410341 514410338 514410099 514410086 514410293 514409956 514410016 514410322 514410882 514410618 514410920 514410916 514410570 514410199 514410508 514410422 514410136 514410293 514410337 514410257 514410045 514410577 514410259 514410407 514410007 514410835 514410515 514410550 514410814 514410628 514410178 514410038 514410280 514410178 514410868 514410108 514410430 514410435 514410023 514410288 514410777 514410505 514410587 514410210 514410727 514409997 514410008 514410645 514410005 514410029 514410130 514410968 514410084 514410317 514410372 514410747 514410810 514410283 514410645 514410552 514410955 514410654 514410833 514410150 514410104 514410077 514410588 514410428 514410013 514410746 514410702 514410231 514410492 514410476 514410427 514410260 514410860 514410854 514410290 514410506 514410490 514410895 514410674 514410114 514410367 514410111 514410632 514410879 514410909 514410063 514410172 514410936 514410105 514410252 514410503 514410245 514410798 514410494 514411016 514410047 514410661 514410828 514410820 514410407 514411035 514410497 514410272 514410068 514410811 514410353 514410400 514410207 514410774 514411032 514410474 514410913 514410385 514410540 514410948 514410987 514411027 514410998 514410338 514410402 514410657 514411055 514410789 514410374 514410564 514410294 514410475 514410545 514410409 514410872 514410963 514410427 514410300 514410720 514410950 514410848 514410489 514410414 514410210 514410748 514410829 514410855 514411044 514410412 514410238 514411039 514410460 514410764 514410223 514410106 514410922 514410212 514410789 514410950 514410436 514410561 514410442 514410644 514410545 514410480 514411049 514411104 514410902 514411022 514410955 514410948 514410918 514410148 514410307 514411075 514410376 514410462 514410605 514410726 514410902 514410176 514410191 514410641 514410967 514410966 514410991 514411025 514410497 514410559 514410327 514410559 514410278 514410905 514410423 514410401 514410385 514410488 514410812 514410532 514411034 514411102 514410543 514410671 514410509 514410224 514410296 514410968 514410959 514410326 514410311 514411131 514410410 514410751 514411152 514410686 514410498 514411086 514410994 514410635 514410273 514410830 514410961 514410567 514410687 514410211 514410222 514411090 514410407 514410343 514410950 514411072 514411061 514410552 514410221 514410248 514410954 514410710 514410940 514410814 514411181 514411106 514410714 514410436 514410462 514411159 514410428 514410459 514410463 514410510 514410380 514411158 514410397 514411027 514410710 514411166 514410556 514411063 514410510 514410232 514411120 514410990 514410706 514410974 514410887 514410229 514410530 514410350 514410910 514410494 514410615 514410790 514410814 514411014 514410804 514410315 514410696 514410613 514410739 514410520 514410901 514411193 514410656 514410491 514411197 514410664 514411119 514410281 514411056 514410491 514410795 514410734 514410771 514410905 514410733 514411082 514410554 514410367 514410448 514410888 514410550 514410730 514410902 514411236 514411203 514410978 514410285 514411106 514410767 514411066 514410988 514411190 514410472 514410688 514410662 514410594 514411015 514411209 514411243 514410396 514410880 514411115 514411071 514411016 514410779 514410990 514410861 514410610 514410460 514411076 514410914 514410518 514410373 514410576 514411061 514410997 514410814 514411151 514410768 514410374 514411006 514411209 514410287 514410456 514411109 514410497 514411264 514410446 514410538 514410683 514411041 514410939 514410529 514411063 514411210 514410950 514410852 514411143 514410971 514411004 514410336 514410890 514410948 514411125 514411108 514411254 514411261 514411018 514410796 514410595 514410925 514410336 514411192 514410331 514411110 514410731 514410859 514410496 514411095 514410869 514410763 514411197 514410543 514410794 514410861 514410445 514410950 514411222 514410645 514410531 514410378 514410393 514410372 514411012 514410627 514410963 514410450 514411239 514410621 514410706 514411071 514411292 514410553 514410726 514411344 514410900 514410690 514410733 514410917 514410945 514411104 514410552 514411058 514411011 514410790 514410508 514410665 514410410 514410906 514411266 514410382 514410999 514410776 514410408 514410899 514410724 514410781 514410794 514410459 514410596 514410521 514410405 514411071 514410692 514410650 514410868 514410944 514410949 514410802 514410957 514410499 514410430 514411078 514410511 514410470 514410972 514410616 514410776 514410828 514411170 514410949 514410420 514410871 514410568 514411089 514410877 514410842 514411376 514410795 514410420 514410564 514410976 514410955 514411107 514410720 514410757 514410940 514411124 514411290 514410729 514410546 514410870 514410924 514410877 514410851 514410961 514411110 514410730 514410651 514411028 514411208 514410482 514410598 514410663 514410576 514410965 514411173 514411156 514410732 514410573 514410502 514410945 514411376 514410556 514411433 514410977 514410909 514410767 514410606 514411093 514410676 514411411 514411199 514410531 514410525 514410522 514411077 514410780 514411253 514411081 514410537 514410545 514411226 514411066 514411360 514411228 514411211 514410932 514410488 514411290 514410891 514410520 514410538 514410491 514410646 514411327 514411378 514410754 514411323 514410575 514411150 514410488 514410632 514410911 514410549 514410525 514411251 514410493 514411447 514410833 514411029 514411194 514410845 514410868 514411162 514411161 514411091 514410812 514411311 514410651 514411273 514410986 514410648 514410605 514411212 514410883 514410842 514411288 514410510 514411213 514411126 514411014 514411424 514411355 514411241 514411366 514410855 514410694 514411013 514411251 514410955 514411129 514410944 514411014 514411316 514410657 514410704 514411388 514410685 514411437 514411197 514411163 514410708 514410655 514411231 514410819 514410661 514410807 514410709 514411315 514410749 514410909 514410870 514410841 514411242 514410919 514411478 514411401 514411284 514410780 514411225 514410741 514410993 514411479 514410610 514410804 514410899 514410762 514411046 514411011 514410959 514410917 514411021
1000
57320130 57320212 57319725 57319928 57320533 57319807 57320479 57320084 57319714 57319875 57320218 57320648 57319969 57320664 57320422 57320109 57320143 57319926 57320050 57320369 57320599 57319849 57320644 57320126 57320556 57320166 57319944 57320427 57320065 57320639 57320549 57320229 57320418 57319984 57319953 57320709 57320331 57320139 57319765 57320333 57319934 57320026 57320649 57320446 57320500 57320281 57319893 57320356 57319805 57319799 57320481 57319915 57319784 57320131 57320663 57320335 57320257 57320371 57319754 57320633 57320693 57319885 57320014 57320298 57320253 57320726 57319818 57320652 57319843 57320614 57320643 57319869 57320542 57319862 57319987 57319979 57319974 57320126 57320107 57320218 57319967 57320399 57320653 57320416 57320604 57319916 57320390 57320283 57319873 57319881 57320171 57319811 57319789 57320172 57320534 57320108 57320220 57320235 57320106 57320060 57319838 57320452 57319792 57319792 57319818 57320737 57320548 57320461 57320559 57320097 57320124 57320061 57320408 57320702 57320448 57320073 57320169 57320107 57320794 57320237 57320529 57319832 57320388 57320407 57320260 57320253 57320744 57320306 57320515 57320601 57320300 57320478 57320417 57320028 57320134 57320171 57320570 57319982 57319896 57320010 57320388 57320014 57320823 57320054 57320203 57319971 57320622 57320822 57320814 57320428 57320578 57319951 57320175 57320628 57320797 57320117 57320445 57320387 57320231 57319946 57320340 57320726 57320811 57319923 57320420 57320372 57320441 57320662 57320110 57320281 57320156 57320586 57320503 57320355 57320288 57320499 57320378 57320020 57320759 57320848 57320640 57320003 57320152 57320393 57320861 57320035 57320531 57320297 57320789 57320744 57320739 57320137 57319895 57320278 57320872 57320843 57320622 57320668 57320571 57319960 57320797 57320084 57320132 57320509 57320226 57320340 57320841 57320008 57320356 57320707 57319969 57320550 57320209 57320335 57320423 57320676 57319932 57320702 57320491 57320554 57320352 57320823 57320781 57320279 57320291 57320275 57320371 57320021 57320432 57320627 57320913 57320151 57320381 57320113 57320338 57320761 57319924 57320163 57320254 57320597 57320259 57320558 57320209 57320563 57320485 57320228 57320423 57320471 57320369 57320795 57320255 57320338 57320829 57320186 57320360 57320473 57320062 57320648 57320882 57320403 57320898 57320495 57320409 57320784 57320163 57320470 57320646 57320291 57320918 57320284 57320491 57320911 57320447 57320711 57319998 57320456 57320088 57320735 57320145 57320495 57319975 57320509 57320204 57320801 57320067 57320101 57320692 57319991 57320604 57320164 57320395 57320867 57320267 57320282 57320761 57320227 57320619 57320150 57320467 57320660 57320055 57320070 57320770 57320410 57320721 57320276 57320117 57320818 57320585 57320566 57320804 57320469 57320241 57320599 57320032 57320203 57320598 57320797 57320901 57320612 57320744 57320069 57320770 57320879 57320453 57320872 57320637 57320969 57320600 57320096 57320284 57320840 57320420 57320328 57320938 57321020 57320759 57320223 57320119 57320158 57320882 57320975 57320135 57320907 57320407 57320501 57320896 57320193 57320773 57320582 57320919 57320098 57320097 57320180 57320397 57320444 57320598 57320977 57320609 57320959 57320287 57320839 57320481 57320219 57320159 57320519 57320499 57320937 57320620 57320753 57320421 57320686 57320465 57320095 57320291 57320716 57320630 57320463 57320140 57321005 57320451 57320948 57320916 57320674 57320736 57320136 57320980 57320999 57320545 57320679 57320782 57320977 57320748 57320473 57321049 57320581 57320182 57320179 57320667 57320858 57320721 57320250 57321013 57320421 57320944 57320933 57320306 57320515 57320099 57320260 57321073 57320268 57320896 57320559 57320395 57320206 57320988 57320917 57320914 57320413 57320174 57320302 57320675 57320405 57321083 57320724 57320278 57320746 57320914 57320287 57320239 57320975 57321088 57320499 57320996 57320664 57320210 57320381 57320925 57320353 57320248 57320187 57320843 57321096 57320298 57320222 57320814 57321029 57320391 57320915 57320362 57320710 57320672 57320464 57320957 57320795 57320993 57320512 57320295 57320263 57320987 57320769 57320850 57320648 57320884 57320414 57320630 57321088 57320205 57320628 57320195 57320409 57320412 57320490 57320741 57320712 57320528 57320274 57320863 57320235 57320874 57320541 57320650 57320904 57321166 57320610 57321101 57320851 57320364 57321162 57320901 57320921 57320381 57320558 57320284 57320902 57320564 57320522 57320268 57320264 57320460 57320237 57321156 57321026 57320272 57320406 57321081 57320721 57320431 57320214 57320203 57320698 57320611 57320516 57320302 57320707 57320997 57320767 57320442 57320520 57321104 57320317 57321206 57321118 57320427 57320957 57320643 57320344 57321198 57320495 57320795 57320930 57320437 57321178 57320349 57320648 57320697 57320301 57320653 57321043 57320275 57320579 57320251 57320569 57320238 57320967 57320807 57320559 57320731 57320484 57320326 57320549 57320999 57320775 57320926 57321163 57320909 57320694 57320968 57320261 57320363 57320883 57320288 57320459 57320434 57320571 57320308 57320602 57320429 57320297 57320485 57321233 57320338 57320514 57320724 57320749 57320596 57321167 57320523 57321215 57321219 57320879 57320492 57320875 57320668 57320639 57320981 57320550 57320869 57320829 57321147 57320582 57320776 57320842 57320343 57320293 57320955 57321026 57321133 57320941 57321044 57320901 57320303 57320932 57320727 57321143 57321286 57321205 57320913 57320678 57320484 57320810 57320346 57320503 57320357 57320928 57320946 57320658 57320534 57320994 57320479 57320560 57320586 57320462 57320431 57320356 57321000 57320452 57320788 57320972 57320853 57320762 57320514 57320580 57321096 57320699 57320919 57321064 57320506 57320611 57320639 57320420 57320861 57321097 57321212 57320787 57321204 57320841 57320461 57320937 57321105 57320698 57320709 57320751 57320622 57321243 57320686 57321270 57320716 57320986 57320694 57320823 57321067 57320890 57320442 57320672 57321168 57320654 57321004 57320979 57321153 57320531 57320550 57321253 57320880 57320455 57320607 57321176 57320770 57320719 57320636 57320844 57321312 57320809 57320897 57320785 57320707 57320732 57321195 57320669 57320624 57320619 57320404 57321170 57321130 57320838 57320964 57320870 57321112 57321082 57321327 57320872 57321268 57321344 57320566 57321084 57321068 57321285 57321373 57320897 57321163 57321014 57321358 57321131 57320547 57320563 57320971 57321271 57321159 57320549 57320782 57320428 57321386 57321276 57320468 57320602 57320800 57320843 57320500 57320442 57320791 57320575 57320995 57320596 57320886 57320556 57321284 57321389 57321064 57320809 57321398 57320583 57321067 57320936 57321369 57320647 57320446 57320583 57321115 57321119 57321214 57321106 57321010 57321376 57320979 57321245 57320653 57320929 57321274 57320600 57320715 57321252 57321314 57320918 57320954 57320941 57320998 57320477 57321309 57321134 57320661 57320988 57320693 57321044 57321267 57321371 57321133 57321229 57320562 57320854 57321397 57320653 57321179 57320980 57320604 57321316 57320832 57321061 57321237 57321268 57320669 57320739 57320728 57320770 57321038 57321355 57321357 57320750 57321287 57321430 57320669 57321048 57321002 57320768 57320711 57320833 57321336 57321299 57320800 57320530 57321353 57320908 57321188 57321226 57321493 57321122 57320936 57321219 57321405 57320538 57320929 57320800 57320798 57321337 57320977 57321051 57321029 57321332 57320876 57321222 57321501 57320768 57320547 57320967 57321172 57320931 57321180 57321504 57320939 57321402 57320836 57321287 57320869 57321306 57321341 57320650 57320819 57321359 57320754 57321000 57320734 57320661 57321444 57320862 57320893 57320594 57321158 57321302 57321240 57321395 57321488 57321273 57321476 57320867 57321227 57321494 57320689 57321213 57321525 57321036 57320961 57321141 57321307 57321383 57320703 57321480 57320920 57321209 57321154 57320771 57321095 57320721 57321251 57321121 57321487 57320957 57321572 57320861 57321575 57321266 57320663 57320624 57321152 57320592 57321125 57321060 57320761 57321313 57321437 57321498 57320902 57320860 57321371 57321409 57321015 57320704 57321414 57321204 57321365 57321148 57320748 57320942 57321301 57321156 57321109 57320997 57321162 57320886 57320750 57321268 57321357 57320651 57321513 57321224 57321007 57320739 57321304 57321317 57321596 57321535 57321574 57321297 57320942 57320926 57320642 57320664 57321583 57321488 57321377 57321472 57321414 57321423 57321385 57320761 57321256 57321564 57320924 57320688 57321367 57321044 57321438 57321475 57321545 57320846 57320839 57320790 57321218 57320865 57321339 57321246 57320944 57321476 57321038 57321396 57320656 57321313 57321178 57320720 57321640 57321494 57321330 57320742 57321236 57321369 57321165 57321115 57320739 57321381 57321594 57321145 57320814 57321498 57321072 57320723 57321017 57321486 57321436 57321647 57321030 57321502 57321455 57320846 57321363 57321238 57320711 57321273 57321174 57321519 57321326 57321336
1000
250493 2723514 5236423 6119891 8811610 9448698 9748207 10500771 12613493 13191197 13210672 13662633 18949880 19835613 21163020 21522248 21835664 21848953 23461241 24442867 25017265 26276919 26809669 28705481 29110570 29448889 31509372 33787226 34430980 35012224 35421482 36346336 36688176 39006372 41728298 42202648 42284443 43403436 45545508 46041319 47787706 47873366 48086197 48216550 48222637 48274816 49115417 49563502 49789232 51674103 52432161 53218905 53602175 54908136 55672880 56264902 57869381 59647003 61012790 61688833 62664884 64365818 64497331 64813483 66344080 67618353 68217807 69935796 71257474 74500586 75347920 75978369 79403307 81079901 85942290 89539540 90048114 94534829 95200955 96157598 96962587 96996137 98123028 98563869 98689731 99261552 102157602 103017112 105053663 106820693 107097547 108651670 110368000 110802117 111121150 111193551 111529570 112391555 113908314 114938641 115199813 115274210 115456704 115959482 116428463 116780011 116933557 116940871 117231931 117764624 118006543 120035540 120329807 122559516 122757571 122793071 124140439 126254978 127227479 127265668 128253473 128921310 131727177 131907071 131915732 132011905 132586406 134118194 135312364 136847403 137042957 137629655 139124899 139275070 143309331 144201543 146115811 146295009 146789603 147808017 147810721 148421612 149013052 149579834 149953873 152818746 152884844 154461511 154500846 155726649 158420418 158704176 159884809 159960365 160707834 161192720 162558962 162771511 163674020 164747729 165136508 165831159 166656545 168763525 168880047 168986217 169001866 169641112 169885824 171338090 172224293 172888778 174077183 174306812 174431557 175731498 178569421 178965848 180844547 182370261 182496205 183103263 183269820 183816107 184425739 185322536 188428096 189842398 191110097 191905638 191914677 193915126 195165541 198591644 199732374 200616248 200768055 200964551 203093335 203151852 204320217 206502059 209568385 209976304 210398418 210741184 211766751 212964945 213236890 213475566 213602503 215351614 215483339 216088856 217204549 217856457 219161704 222973506 223903729 225760793 226935080 227416119 227631389 228391106 229342055 231832497 233615600 234438309 234464555 236630171 237206414 237491741 239109361 239190305 239764287 241159130 242731913 242889095 243469728 244071678 244822530 244885778 245763281 246264208 246779190 247394803 248106892 248749688 249390010 249590777 250346479 251682516 252537094 253656561 255240877 256358984 256624038 258323348 260068588 260924493 261678263 262605232 265291739 265517978 266386733 267179014 267314121 267610967 268454416 270673079 272807962 273275952 273753370 276849910 277849196 277925515 279531522 280723457 281199368 281911727 282118373 282145489 282576947 283960933 284436521 284921616 285829384 285868024 287857894 288028282 288614844 289859580 290054941 290738585 291059207 293507217 297045925 297962727 298084457 299080047 299646333 301351339 301469733 302431350 303367664 304547514 304621425 305374024 305756423 306334868 306930542 308117055 311114961 311512753 311739806 313764755 315242802 315579358 315904889 316695325 317211708 318805670 319376423 321947449 322171337 323599327 323988281 327530140 327563793 329099096 329233526 329532036 330208324 330276104 333201200 334044638 338768374 341607253 342894468 344381216 344473734 345751394 346063368 346113161 346987937 347419643 347595755 348123511 348362383 348583017 351810136 352798145 353199568 354201747 354769714 357003751 357673832 358193250 358485027 359285609 361940215 362076710 363086568 365044765 366156308 366294648 366355236 368105703 370954551 371256173 371511208 371564511 371801219 371805941 373357730 373663835 375191249 376994421 378831875 378943364 379979554 380164175 380856766 381723800 382113708 383195222 383569145 383752537 384385004 384522569 384777955 385664905 385821734 386508876 389040145 391537760 392515465 394068319 395641445 396095824 396546669 396568938 397834198 398933599 399076511 399473703 400000047 400897129 401491983 401996859 402880096 403156499 404236047 404801515 405657155 406881925 407314602 408036169 410595497 411596662 412979483 417759682 418282869 418608508 418949654 419639750 422736993 423732104 424616784 426729408 427923422 428063575 429015960 429748666 430702329 430882691 432312558 433060169 434028070 434050823 434686859 434939883 435241703 436050331 437570857 439215807 439250278 441673823 442893514 443250034 444333048 445233013 448832223 449074392 452067329 452138880 453652972 455372130 457583726 458266989 458878770 459016766 462090050 462267689 463173620 464307884 464726979 465118947 465131334 466986725 469789638 471669426 471954078 474778934 475719448 477906126 479953989 480060022 481535057 484010514 484524153 485242796 486459723 486485351 487405509 488250334 491037904 491163124 492451415 493551300 493795671 494849683 495676704 496123129 497186558 498104938 499170063 500526037 501073674 501106282 501555539 504758386 508298878 509962761 511423205 511912384 512134011 512355291 512627483 514190853 515866943 517678767 518778713 519258805 519394525 519432407 520816185 521172657 521369472 521786512 522317832 522363663 525103748 525859217 525961874 526478083 527095869 529538246 530194743 533249787 536410014 536952721 538517976 539298467 539498201 540691089 540844304 540939449 542543155 542891614 543072038 543803274 546619765 547614578 547736173 548468651 548735167 549056583 549558819 549889201 550853511 551522041 551539690 552932097 553907074 554026192 554847823 555826649 556901929 558204257 558555559 558758140 560611069 562490442 563641078 564321638 565316743 567829710 568756994 569066546 569964112 570113756 570356611 571233581 572429564 576099621 576687287 576975854 577255680 578092734 578538764 581923457 582031228 583256717 584804752 585991346 586398014 587446191 587778829 589488171 590020401 590340678 590361709 590421963 592919921 594202419 596065525 596444907 597807886 598285977 599125741 602346320 603404305 603749778 605965157 606965252 607143230 608300314 608485129 610015898 610252158 611846235 614308692 614421699 614567507 615680480 616627664 618604137 618736980 619454713 619502962 620309227 620560906 622563837 622683352 623615142 624566132 625453632 626109160 626477680 627273579 627287337 627847915 628407820 629008450 629582896 629799946 630822051 630884999 631967084 637036171 638566558 639584164 640763409 642873921 643344358 644307573 644336379 644360808 645316068 647227245 651923037 651973552 652887687 654643326 654929624 655200741 656195079 656367196 656745193 656882460 657251730 657294921 658360959 658603647 658605563 659455658 659980988 660185855 662141361 662960486 663532082 665386374 666241149 666367225 668066645 668369530 670152423 673461292 674473564 674872363 678234653 678882611 679040193 679571830 679689770 681500650 682492500 682907364 685416175 686721121 688170750 690085747 692323988 692792870 692808298 700284017 700320585 701885419 702462165 703204025 703350240 703401690 705105529 707408795 708042949 708636960 709448236 710283308 710436002 711605329 712020380 713521994 714845769 715019691 715399802 715787694 716453389 717842832 718951707 718992106 719722782 720490236 721168916 722428076 722737980 723624851 723852030 724644531 724713629 726539893 727200158 728125242 728720187 731538825 731544347 731916875 732677929 732850798 733050676 733238377 734628464 734643606 735575017 737641601 740804428 741449897 742389129 744175084 747230442 747426631 747732682 749594815 750609290 753109917 754207411 754254722 755226718 756935567 757112055 757661318 759059137 760192105 761607198 762487562 763036039 763485750 764362352 764637357 766520980 766727607 766890133 767332098 767372506 767387510 769644661 769889290 770632507 772427457 772565439 772568752 772702538 773020934 774410643 775851128 778857610 781746573 782818720 783549600 783624499 786277569 788499376 789511471 789789212 790658144 792124892 795501086 796570937 797025270 797156871 798121654 798144859 798319941 798443836 803075488 803178995 805010593 805217513 805991757 806490934 808409081 809868773 811483828 813619934 813971331 814816710 816690819 817253462 817348020 817385755 817626121 818257407 819787010 819849045 822090926 823444816 825464974 825606482 825778694 827206746 827585215 828631815 828869283 829805624 830432568 830968635 831363671 835154253 840213726 842723128 843777027 844338553 844871575 846773223 848021924 853203287 854142899 854592196 854962694 856547905 856725939 857194730 857279244 857453030 858079921 863169447 863197408 863363302 863554650 865089013 865692281 866342065 866462474 866992126 867213403 867236525 868829484 869817195 871250724 875456093 876651466 876668607 877755571 878396871 880584599 885869107 887092119 888508125 888761407 890569548 891318453 891568452 892659426 893176518 893457199 894157392 896889209 897566826 899014103 899993890 900727260 903156734 903234204 903361286 903982921 904792919 906201328 906421992 907403500 909481001 909848741 911367677 912086500 912588554 913604908 913902450 916638021 917423495 917793835 918013803 920396203 920619402 921522772 922740828 922913911 923062728 923894228 923896491 924055006 924980108 925144510 925810399 926347466 927227400 928624650 929153589 930325389 932121318 933204942 934522985 935150729 935775770 937981588 938891601 939763393 944651432 944812120 945551409 945872188 947311472 948296008 949756351 950129052 951588751 951739041 952377077 952572812 952802696 953267595 953360743 953658385 954142588 955474680 961445698 962298125 963384157 963411657 963597006 963824245 964571515 964643439 965021768 965037522 965067342 965086703 965943550 966909351 967665563 967835737 968136088 968152619 968288064 972846614 973391772 976060335 979875938 981306259 982074775 983531737 984266525 985407316 986212127 986574301 987313755 989617831 990243390 990350274 991122330 991367511 992241478 993387613 993487850 993931594 994138575 995299740 996340387 998558133 998873026 999349404 999827732
1000
101426 102098 101214 102338 102206 101280 102439 101493 102314 101886 101117 101662 101589 101434 101553 102510 102298 101650 101326 101471 101414 102321 101822 102443 101839 101662 101035 101740 101310 102212 101986 101995 101441 102153 102095 102053 101475 102475 101784 102097 101743 101772 102386 102412 101491 101461 102373 101917 101899 102257 102061 101209 102280 102550 101301 101186 101738 102112 101703 101090 102356 101392 101335 101525 102332 101276 101540 101456 102059 101976 101180 102417 101132 101295 102361 101533 101628 102249 102356 101248 101810 102517 102404 101177 102570 101635 101437 102357 102104 102130 101268 101977 102322 102352 101387 101671 102102 102005 101662 101227 101265 102231 102409 101730 102194 102470 101708 101405 101980 102382 101854 102552 102097 102295 102261 102406 102435 101256 102588 102190 101283 101599 102332 101737 101809 101149 101330 101318 101361 101145 101430 101822 101748 101524 101145 102169 101248 101159 102605 102085 101402 101783 101162 101550 102258 102283 101343 101306 101927 101532 102552 101889 101925 102357 102634 101378 102474 101912 101751 101308 101573 101488 102397 101359 101548 102575 101686 102393 102312 102118 101894 101304 101351 102672 101604 102537 101323 101679 102283 102211 102342 102165 101196 101282 102307 102489 101257 102098 102103 102662 101980 102672 102275 102090 102029 101864 102125 101681 102550 101494 101883 102543 101813 102488 101986 101217 102455 102064 102302 102019 102539 101540 101281 102506 102059 101256 102056 102003 102159 102150 102665 101263 102159 102161 102149 102092 101510 102723 101495 102114 102034 102049 101911 102605 101355 101348 101537 102011 101440 101295 101788 102693 101953 101339 102443 102110 102671 101972 101934 101777 101467 102339 102023 102568 101389 102631 101812 102457 102424 102309 102334 101656 102499 102469 102279 102338 101828 102422 102635 101307 102159 101374 102595 101678 101780 101412 102253 102256 101513 102088 101460 101306 101825 101853 101288 102672 101951 101919 102038 101459 101823 102704 102314 101394 102262 102093 101969 101880 102039 102544 102689 101891 102429 101887 101575 102301 102272 102138 101459 101552 102397 102542 101842 101959 102008 101507 101631 102642 101320 101877 101368 102097 101340 101457 102178 102446 101795 102722 101415 102784 101598 101902 101858 102092 102802 101815 102000 101552 102839 102308 102124 101683 102362 101785 102157 102788 102094 102511 101384 102726 101447 102271 102669 102169 101722 102454 102632 101589 102214 102578 102446 102062 101602 101513 102533 101635 102668 102144 102485 102494 101428 101859 102634 101824 101915 102263 101613 101912 101813 101670 101640 102863 101434 102782 102496 102656 101869 101741 102850 101418 101944 102318 102549 102617 102724 101474 101616 101615 101897 101722 101922 102004 101878 102100 102511 102226 102541 102604 101523 101686 101563 101537 102164 102482 102724 101689 101589 101772 102224 102671 101944 102906 101735 102281 102723 102471 101692 102830 102786 101733 101518 102601 101661 102024 102029 102060 102055 102398 102288 102561 101972 101882 102338 101900 102628 102066 102930 101530 101690 102799 102900 101901 102030 101709 102669 101545 101892 102598 102841 102467 102438 102287 102451 102408 101754 101550 102755 102778 101775 101547 101966 101546 101537 102499 102795 101733 102386 102451 102075 102815 102896 102659 101552 102209 101589 102844 102857 102268 102336 102910 101954 102765 102982 102546 102820 102922 102154 102011 102128 102328 102403 102612 101638 102541 102108 102784 102017 102429 102328 102613 102065 101736 102751 101879 101670 101720 102498 102597 102816 101856 101593 102968 102269 101894 102171 102465 102974 102144 101610 102244 102270 102774 102562 102712 101748 101958 102009 101910 102931 102520 102503 101847 101899 101868 102376 102741 101708 101775 103027 102807 102536 102240 102628 102001 101968 101622 102131 102010 102660 102395 102235 102689 102387 102477 102818 101904 101709 101607 101931 101957 102949 102634 102026 101767 102147 101854 101776 102571 102249 102125 102846 102315 102952 102871 101873 102752 102014 102320 102448 102740 101845 102546 102352 102260 102816 101719 102317 102772 102105 101766 102997 101976 102602 102546 103069 102622 102988 102715 101801 102601 102119 101641 101756 102580 103108 102671 102222 102400 102482 101984 101774 102666 102692 102769 102192 102957 102283 102172 102146 102225 102085 103037 102024 102546 101922 102968 102701 101959 102512 102396 101926 102981 102997 102884 102013 102083 101739 102028 102809 101717 103057 101659 102221 102321 101699 103003 102421 102029 102520 102658 102338 103132 101843 102356 103024 102860 103057 102856 102859 101712 103144 102551 103057 102859 102633 103109 102703 102941 102469 102083 103139 103112 101857 102115 103156 102334 101931 102570 101723 102501 101770 103095 102195 101931 101721 102318 102459 102850 102945 102537 102298 102455 102420 102716 103158 102800 102402 102069 102989 102228 102446 101965 102556 102205 101720 101806 101839 101953 102161 101783 102319 102719 102040 102289 102843 102603 102433 102941 102114 102223 102309 102369 103146 102818 103097 102272 102317 102390 103221 102020 102439 102447 101925 102054 102505 101976 103175 102247 101919 102830 101940 103104 101959 103043 102393 102105 103248 102728 102951 102010 102420 103230 102738 102163 102997 102074 102409 102648 102556 102030 103193 102383 102285 101819 102493 102430 102033 102787 103134 103171 102032 101968 102739 103191 103068 102130 103124 103187 101907 102402 102507 102478 102724 102841 102872 101912 101918 102977 102855 102152 102949 101931 102478 102854 101989 102696 102658 102441 102144 102157 103019 102059 102214 102401 103021 102422 102431 102357 102285 103176 102394 102254 101963 102728 102658 102205 102653 103208 102968 103166 102484 102493 103017 102966 102601 102104 102155 102078 103025 102755 102157 102973 102498 102742 102779 102142 103058 102948 102857 102247 101912 102894 102881 102771 102878 101888 103015 102302 103284 102968 103176 103324 103127 103281 102956 103142 102243 102213 102265 103087 102823 102907 102174 102601 102846 103314 102374 102107 102779 102507 103177 102562 103294 103025 102944 103279 102220 102488 103019 102782 102499 102526 101942 102704 102384 102657 102320 101992 102074 102087 102311 103075 103122 102907 102464 102103 102745 103395 102135 102018 102858 102704 102067 102755 103227 102275 102784 102250 102449 102169 102922 102131 103182 102452 102732 102441 103103 102722 102271 103359 102535 102309 102518 102735 102692 103191 102687 102473 102413 102084 102708 103056 102739 102104 101998 103012 102286 103404 103198 103243 102026 102694 102311 102371 102947 102659 102543 103434 103175 103332 102806 102671 103326 102505 102172 102916 102230 102630 103459 102080 102186 102905 102293 103171 102697 102470 102436 102800 103352 102688 102451 103072 102858 102877 102132 102625 102452 102757 102911 102409 103451 103467 103452 102474 103097 102982 103304 103036 102503 103135
1000
101430 101447 103186 103320 103427 102301 103043 101462 102155 102213 102169 101449 101943 103236 101230 102260 103379 103281 103210 101248 101710 102552 101274 102899 102966 103031 103411 102886 103418 102207 103040 102198 102528 101363 102906 101847 102673 101385 102235 101913 102668 101353 103033 101418 102752 103348 101609 101295 103040 101365 101588 103404 101536 102844 101130 102589 103469 102631 102141 103297 102640 101926 101794 101114 101179 101568 101638 102075 101898 102351 101828 102356 102612 101743 103292 102923 101225 102484 103376 102289 101594 103419 101541 103351 102719 101791 102596 101855 102823 102895 101153 102700 101713 103558 102483 103603 102190 101207 102935 102752 103278 102971 102282 103077 101893 101131 101958 102796 102592 102770 101941 102051 103614 102816 102650 102687 102194 102358 102546 101171 103607 101300 101997 101182 102247 101827 103473 101913 101991 101210 102314 101325 101235 103522 102090 102477 102338 102224 102483 102689 103102 103128 102666 102002 102626 102826 103602 102183 102431 103180 101730 103357 101364 101443 103331 101835 103170 101430 102587 101931 101246 101909 102662 102122 102291 102794 102982 102227 101663 102935 103063 101784 101665 103017 103461 101449 101455 103293 102849 102435 103247 103338 103697 101711 101503 101600 102380 101845 103290 103145 103315 102748 102631 102284 101551 101726 102149 102999 103649 102002 101942 101223 102413 102366 103619 102613 101537 102547 102537 102423 103073 103590 102683 102314 101522 102940 102011 102065 101682 103185 103494 101650 102335 102969 103322 102117 101549 102501 103675 102272 102063 102985 103706 103558 103585 101629 103344 102572 101253 103559 103549 102017 101316 102064 103036 103707 101408 102540 102606 102747 102948 102577 103434 102373 103101 102221 102616 102023 101661 101769 102394 102786 102515 101439 103435 102003 102699 101927 103539 103207 103158 102053 102351 103440 103130 101873 103541 103053 102509 102445 102226 102652 103687 103419 101629 101757 103028 102987 102712 103174 102401 103382 102315 103074 101336 101718 101684 101355 103355 101759 103621 103745 101876 102613 103215 102685 102413 103711 101853 101951 101463 101504 103190 102128 102735 102540 101962 102900 102459 101330 101560 101787 102668 101402 102802 102171 102724 102925 103813 102012 101941 102370 102796 101773 102320 102802 102658 103020 102313 103097 101379 101647 102056 102621 102057 103783 103211 101689 103080 103471 103863 103246 103462 101706 103711 103040 101495 103351 103007 102594 103299 103189 103796 102344 103691 103085 101609 101463 102538 102140 103523 101651 102501 103293 102426 103515 103530 102614 101914 101559 102887 101727 102015 103881 103842 103329 102137 103893 103193 103623 102013 102808 103724 102358 102854 101407 101616 101757 103379 101659 102456 103403 103530 101795 102280 101557 103446 103319 103003 101642 103206 102938 102066 103420 102382 103165 102436 102153 101915 103792 101870 102139 101714 103351 103718 102221 102331 103694 101674 103015 101893 102375 103078 103285 103780 103351 102160 101799 102569 102230 103008 102886 101958 103954 101546 103603 102515 101818 101924 102640 103581 103792 103030 102804 103058 103600 102262 103733 101932 102933 102746 103128 103611 102510 102951 102587 101483 103665 102739 103132 103538 103636 103469 101691 102273 102967 102238 101544 103780 103311 102854 103414 103999 103200 103678 101892 102102 102537 102727 102534 103892 101849 102011 103580 103375 103161 101546 102892 102410 101935 102491 103779 102937 102327 102847 101768 103761 101650 103138 103373 102150 103368 103606 102733 103353 102409 101836 102775 102742 101703 101652 103606 103522 103363 102740 103578 102195 103479 103612 103959 103553 101931 103191 101568 103352 101694 101693 103251 102436 102628 103659 102448 101549 101837 103312 102534 101707 103616 103957 102717 101922 102165 102158 103426 103781 102857 103932 102793 102083 102460 102288 102050 101698 101922 103179 101945 103327 102710 101892 101639 102146 103275 101899 102888 103285 104056 101858 103030 103143 103954 102656 103023 103633 103656 102578 103196 103074 103616 101713 103488 103839 103426 103181 103958 102213 103573 103157 101691 103914 103647 102035 102983 103137 103341 102799 103222 102389 102634 103839 103259 102365 104029 102023 102086 102209 101964 101979 102861 103550 101717 102017 102593 103805 102368 103515 101850 103703 103028 102198 103005 103428 103936 103583 102043 104088 103863 102270 101908 102508 102714 102266 101906 103667 101842 103285 103265 103411 103302 101949 101821 102755 104106 102203 102789 103906 103261 103012 101741 102764 102325 102731 102611 103180 104182 104158 102032 102484 102361 102867 101717 102701 102096 104073 101784 102329 102197 101908 101843 103584 102100 102255 102659 102113 103376 103896 101893 103848 102166 102705 102892 103910 102198 102594 103505 103858 102242 104010 103626 103322 102814 102699 102545 101823 103612 103966 102188 102499 102083 103026 101896 102484 101968 102164 101980 104141 103015 103904 104156 103928 101740 104051 102256 102351 102983 102256 102060 102728 101918 101926 103665 102994 102848 103409 102442 102672 102589 104203 102410 103464 103175 103548 102326 103519 102581 103258 101914 102938 102397 103467 102900 103423 104172 103886 102197 103249 101862 102308 104029 104018 103579 102447 102916 104203 102365 102360 104078 102109 104257 102687 102269 101859 103390 104249 102157 101901 103162 102679 103701 102712 102557 103706 102665 103016 103374 102794 103730 102701 101832 102941 102598 102374 103982 103904 102958 103969 103162 104139 102404 101945 102754 103432 103422 102716 102268 102715 103763 104090 102995 102342 104297 104011 103820 102383 104048 103602 103167 103065 102685 102653 103125 102781 103882 103516 104211 103903 103573 104344 103871 102825 102120 101886 102718 102171 102722 102400 102368 102664 103212 103012 102719 102874 103859 102146 102766 102140 103338 102883 103298 104090 102037 103634 102095 104288 103959 102552 102589 101986 104254 102004 103761 102969 103273 102002 103880 102068 103648 103179 103902 101900 103818 102883 104085 102799 103292 103882 102383 102462 104246 101971 104087 102962 102405 103774 104129 102444 103485 102890 103153 103272 103298 104249 102433 103346 104260 102570 102617 102563 102150 102647 104293 104191 103349 103423 102380 101908 102760 103299 103271 102678 102430 103241 103179 102198 103121 104117 102020 102153 104076 103221 104115 102509 103984 103771 103747 104006 103478 103803 104400 103265 103471 104143 103477 103271 103389 102422 104215 102492 103146 102920 103230 101986 102216 102694 103216 103823 103668 103812 103719 103529 103334 103453 104208 103299 103668 101983 102178 103686 104291 102076 103372 104342 103025 103087 102380 102508 103608 102434 102876 103952 103882 103755 103993 103069 102273 103944 104116 102178 102081 102970 103449 103209 102362 102843 104503 103274 102577 103685 102624 104459 103790 103394 104123 103507 103703 103061 103133 102838 103956 102661 104180
1000
102023 103752 103674 101787 102332 101939 102606 102936 103134 101539 103472 103052 102673 101974 101752 103919 101908 103125 101027 103053 101559 103164 103255 103532 102455 101748 103670 102080 103254 103191 102675 101842 101648 102625 102584 101534 103625 101922 103158 103493 102105 103650 103225 103058 103586 103976 103386 103421 101111 103847 102104 101825 103462 101894 101421 101654 103517 103378 101254 103855 103287 102703 103310 101264 104057 102041 103015 102376 103001 101605 102800 101908 101226 103468 102064 104023 103955 103461 103954 103557 102675 101532 101376 102491 101688 103184 101339 103452 102475 103854 101775 102289 103302 101419 101707 102906 102793 102769 102706 101667 102879 103857 102465 101325 102429 103977 102949 101382 103601 101565 102600 103270 103599 102256 102208 101476 103110 103043 101186 101419 103388 102321 102013 102346 102586 103261 103987 101604 103214 101737 103199 101794 101361 101876 103953 103282 101641 103604 103904 101161 104049 103823 103956 103542 103263 102568 102477 103365 101311 102302 102828 101503 103380 103644 104109 103177 101971 102679 101795 102878 102716 102364 101842 102642 101315 102642 102132 103300 102929 103110 102231 101462 102937 102996 103374 101967 103561 102880 101980 101222 103602 103305 103872 103689 102215 102436 102577 103271 103252 101670 101365 101228 104021 101719 102667 102203 101460 103527 101367 101796 104000 103100 102323 103520 103718 101503 101593 103223 101894 101389 102698 101357 102440 103849 102996 103714 104026 103930 102089 103471 102430 103705 103158 102253 102395 101920 104205 102575 101822 102366 103542 103713 101624 101871 102215 102161 101674 103934 101702 102924 101707 103730 102432 102002 103399 103711 102489 103739 101836 103535 103471 103064 103938 102420 101257 103977 103491 102520 101959 102327 101466 101362 102028 102575 101685 101915 101481 101506 103191 101872 102035 103682 102437 103433 102708 103583 101322 102385 101617 104219 101842 101937 103676 103900 102072 103701 104072 103892 103117 102740 103108 102703 103203 104135 102793 103703 103292 103958 103101 103886 103698 103442 103633 101487 102762 102721 103040 103948 103298 102544 102898 102679 102351 103015 102208 104047 102253 102632 101843 103793 103491 103763 102581 103684 102818 102778 103797 101830 103212 104302 103145 102063 102467 101404 103059 101413 102968 102519 103417 102170 101433 101465 101827 102596 102200 102211 103770 104330 101506 101823 103403 103480 103898 103428 103021 102515 101801 101468 103476 101409 103864 102716 103076 102643 102264 103436 102102 103123 102092 102213 101432 103010 102712 102226 104108 101749 101553 102474 104006 102779 103224 104029 103738 103834 101466 101812 103008 101933 102903 102941 102973 103248 104346 103993 103192 101501 102022 103270 104255 102972 102702 102054 102421 101805 102158 102715 102970 102913 103828 103451 103180 102200 104215 101850 102103 101427 102984 103678 103971 103032 102959 101589 104356 103712 101879 102286 101543 102207 101489 102381 103139 101741 101554 102419 102655 104187 101660 102705 104305 102777 103743 104392 102926 104102 101923 104223 102896 102992 102801 103085 103487 104017 103278 102004 101699 104246 102497 103900 102863 103360 101901 102947 102812 103303 104245 102175 102758 104214 103837 102502 104382 103581 102027 102769 103164 104337 101824 102696 101783 102478 102915 101596 103444 102155 102413 102143 102724 102452 103170 101824 103466 104004 102207 102921 103881 101774 103886 102768 104111 103204 102947 103702 103998 101774 104234 102510 103884 102718 103723 102543 104191 102816 103601 103563 101723 103141 104491 102630 102104 101574 102100 103314 102464 101630 104106 104362 101624 102812 102376 104121 103070 102568 104234 103880 103649 102332 103063 104311 104072 103376 102860 102050 101939 102981 104176 104371 103333 102252 103409 103173 103754 103020 103824 101589 102630 101906 102101 103917 102258 103465 101945 103308 102390 103465 102403 102853 102654 103947 101625 102795 103226 103162 102749 104561 104419 103235 104226 104197 104203 104504 103579 102190 102383 104132 102693 103556 102830 102497 102078 104035 102506 101719 103427 102003 103796 102153 104483 103393 102250 101887 102167 102759 104294 102901 102694 104129 103897 103884 104146 102103 102448 103121 103149 104321 102762 102526 101622 104111 103247 101623 102874 103771 102429 102101 104532 102274 104346 101909 103657 103837 102347 102995 102011 101973 102262 103772 102828 102763 103303 103050 102979 103905 103886 103507 102309 104362 102894 103658 103704 102865 103299 104089 102273 101669 102477 102045 102997 104034 102871 102367 102779 103579 103039 103512 104007 103484 102377 103501 103134 102672 101797 102447 102132 101806 103420 103326 102720 102454 104020 103683 103212 101948 102640 104426 103173 103333 104601 102562 102030 103672 103667 102199 104251 102888 104085 103713 104354 101946 102002 102518 103353 103203 103880 102536 101780 102586 102132 104164 103053 102885 102655 104654 104672 101917 102346 103728 102445 103454 102851 101953 103426 102105 101919 103300 103284 103228 103384 102491 102475 101756 102724 103686 102423 103208 104016 101927 104730 103500 103654 103471 102778 102110 103015 102028 101943 102332 103700 104187 103120 104554 102064 104084 101887 104437 102703 104087 103833 102863 102661 102351 103517 102083 103138 103709 104293 103550 102442 102663 104736 103870 103222 103659 102856 102223 104055 103656 102094 103631 104211 103745 102733 102038 102852 102398 102208 104488 102831 103352 104344 103657 103715 104089 102207 102725 104532 102984 103670 103415 102565 103737 103992 101926 102322 104040 104468 103241 103869 104384 103616 103583 104052 102927 102730 104241 101897 102055 104650 102012 102751 101962 102894 104390 102009 102179 102576 103495 103431 104765 102841 102960 103837 104428 104510 102414 102008 104561 103713 103959 102048 103730 103598 103990 103261 104194 104181 104668 103078 104332 103954 104732 103126 102774 103759 103946 102395 104532 104778 102189 102909 104264 103109 103825 102831 104840 102333 102441 103654 103442 104125 104629 103897 104321 103149 101914 104192 103771 104051 103973 104852 102057 104812 103601 104456 102289 104551 104180 104106 102214 101975 102779 104632 103952 103890 103099 103649 102665 101917 104682 104746 104461 102874 102597 103644 102172 104511 104230 103288 103368 102425 101997 103796 103890 102697 102427 104346 102963 103610 102178 102934 102300 102492 104370 103144 102270 104551 104156 104844 104446 104825 104569 103264 102989 103977 104586 102839 102812 102272 102156 102966 103382 102080 102731 103522 103024 103403 103465 103133 103049 102039 104878 104116 102618 104899 103094 104846 102317 103980 103709 104145 104361 102872 102607 103388 103358 102034 102029 102772 103769 103809 102000 102501 103743 104936 103506 104020 103206 102932 104173 104831 103655 103075 103340 102399 103364 104883 103972 104757 102148 103710 103947 102422 104291 102401 102537 102956 102466 102714 102638 103013 103794
1000
102298 103152 103705 101089 102342 102294 101075 104554 104606 104873 105605 101144 103484 105658 101821 102546 103101 101202 103813 103496 102935 104497 105743 103509 104797 105113 104979 102874 106232 103817 103288 103623 103188 104071 102264 106295 104876 104448 101285 103916 101374 103503 105290 102800 103548 101465 101660 101949 105822 106264 104166 104694 101900 104490 102412 101706 102819 101998 102935 102082 105262 102259 101491 105777 103717 106318 103749 106103 102669 104359 102606 106117 103693 103890 106009 103823 104347 103413 103588 101626 101816 103665 101762 102503 102146 104486 105891 101292 105394 102026 104959 104255 105868 101425 102296 106243 105796 104977 102433 103780 102894 101721 105571 104562 102836 105368 102334 103718 104535 103831 103500 106010 101170 105458 103326 104930 103190 102048 105307 106077 105879 102154 105452 104764 104481 101406 105759 105383 106105 104933 104547 106245 105421 103359 102606 105902 102967 101149 103184 103478 104326 102507 101364 103174 104991 105330 106127 104912 103565 105695 105454 104870 101863 102821 102011 106271 103616 106369 104862 101289 103707 101488 105168 104448 105162 104270 101841 101857 103004 103165 102571 104821 101765 105941 102617 102984 104804 102441 101244 102496 101757 104718 102062 103168 104822 102887 102466 102019 104739 103294 103519 102880 103620 103771 105726 103525 104458 101959 101869 105137 104023 103901 105473 106417 103602 101773 105743 104537 104062 103127 105778 101815 103042 105227 101356 103634 105837 104735 106047 104437 104660 104034 104355 102803 102915 105269 101638 101440 102020 105921 105459 102481 103289 104141 105422 101274 101769 106228 104101 104860 105669 105393 105155 106041 102029 101685 101678 103471 103574 104969 106236 102990 102962 102107 103452 105065 102042 105797 101278 103778 105840 101502 101959 104498 105879 105043 103827 103497 105904 104169 105292 102251 106237 103720 103599 101934 106016 101999 101988 105169 102668 102308 102908 105390 105230 101679 101729 104608 105457 101845 104667 103594 102151 102590 106035 105130 103142 102861 102054 106225 102055 105030 104881 106314 102869 106500 102398 102715 105759 102072 103874 104005 104413 103086 102767 104960 106375 103932 102569 103229 104290 105113 103035 105688 103185 104111 103509 104271 102951 105480 103626 103442 103863 102950 104581 104475 104410 104462 103906 101694 105942 105811 105455 103071 102786 106044 103463 106286 106019 103439 103546 105049 101645 102009 103283 101659 102342 106083 105314 105816 103816 104382 104443 104931 103004 104288 105782 102467 102973 102255 103174 102810 104107 106029 104398 105248 102936 103516 102348 102931 103980 101644 104606 102731 102383 104541 103910 103866 101748 101722 105855 105586 106283 101689 104567 102025 101555 101589 101885 103465 102899 101655 102349 105581 106411 105360 104703 102379 103610 104168 102651 103373 101436 106003 101624 105822 101886 102467 101879 104451 102433 101567 104838 104526 103478 103762 102145 104675 104364 105120 101614 103569 102855 105650 105676 106507 101811 103427 106114 102918 103673 105068 105936 104461 103060 106551 105329 103559 106237 103449 104733 105023 102954 103692 102585 105437 104639 106481 106267 106690 106311 105283 101573 104414 102385 106280 104126 105853 105056 103778 104114 103015 105379 106263 106231 105463 105094 105271 105261 106070 103418 105318 103647 102978 102326 101658 101965 101549 106489 106064 103650 105370 106065 104357 103701 104947 102868 105663 105012 102006 105849 103193 103471 106741 105119 104183 102149 104495 105759 104904 104968 104864 102008 106071 103187 102306 105445 103769 106021 103807 101796 104187 102442 105589 105166 103206 105685 104490 104785 104875 103010 106159 105210 104355 104406 105038 103878 102609 102498 103710 104289 102569 106061 103534 103553 103434 104597 103192 101728 101599 103459 104964 106258 102790 105804 101952 106714 102599 103908 103998 104296 105087 106613 106650 105885 103813 102380 103175 105544 103422 103032 102079 103514 104583 102796 105758 106699 103491 104685 101748 104318 106400 105084 104159 102276 106468 103573 101702 102767 105974 106073 103490 104201 102306 101904 102505 105196 106670 106111 103618 104231 105899 105834 105639 106097 101863 106148 101655 105755 101926 104147 101996 104654 106678 104244 106838 103618 104843 101957 106701 102379 104398 104588 102707 101700 102769 105120 105124 101975 105550 102960 102273 102434 106526 103458 101787 103729 103830 103739 106187 104443 102415 104198 102156 101696 104625 102342 103004 105870 105688 102302 106211 106050 102814 101660 106036 105446 103053 104028 104374 101933 101944 106844 102903 103918 103373 103746 104340 106931 103795 103259 105794 105729 102886 105871 106557 104826 102096 101879 103606 105837 105908 102687 106468 106912 102598 103421 104091 105937 104535 102161 103212 106864 102289 103248 102277 103419 102836 105769 105072 104510 106789 105869 104660 102974 102995 104914 104257 104799 104815 102751 101882 104520 105993 104968 104447 103971 103384 106910 106482 106559 102846 105751 102393 105682 106693 106827 105482 104992 102576 106749 105842 102394 104502 104062 106440 105403 102606 102887 105911 106661 101834 103916 102527 105872 106908 104503 104673 102572 103128 105066 103025 105547 101894 107026 103725 103267 104599 101878 104418 103014 102507 103179 106079 102929 106909 103910 101916 106682 106437 103343 104829 106583 103257 106717 101998 106251 104356 105451 104845 104420 103999 105439 101962 104144 103604 104841 105996 102472 106738 104083 104794 104170 105036 105305 103677 106461 106242 105482 106659 102493 104687 102797 103434 104384 102307 105289 103465 106179 105777 105521 101884 105914 106813 103457 102034 104089 103302 103273 105258 102271 105211 104640 104612 106559 106958 101856 105745 104840 105151 105195 106581 104537 105402 106709 104220 102069 104873 102029 103997 104755 102345 104556 103052 105821 103273 104163 106458 103490 105986 105742 105237 105019 105753 107100 103320 102711 102380 103569 103606 102560 102226 105142 105223 106731 103022 106710 101969 103041 106774 106899 103896 105070 104973 104509 102928 106267 105356 104711 103706 104162 103903 105737 105846 104591 106953 103833 102863 106244 104018 103866 106577 106353 102599 105201 106715 106548 106605 104170 103395 104103 103390 103552 102982 104594 105207 106787 104176 107001 105467 104344 105357 102401 103952 102790 105270 102554 105653 104290 103785 103357 103780 105525 105263 103231 107061 105757 105967 103513 106352 102700 102217 106735 107202 102474 106541 107098 106462 102131 103811 102852 103058 104795 106853 106240 106126 102085 104876 106386 103143 104846 102517 103689 106006 101961 106048 103758 105568 105706 103558 105818 105740 103751 106760 107014 106044 104858 107197 104377 102921 104466 104187 102250 103300 105418 104970 103085 105511 102852 105163 103762 105447 104245 103871 105439 102881 103939 103172 103398 102391 106330 102174 107044 106962 102586 105185 105292 102728 105739 105483
1000
137385 145095 134695 111203 134443 121136 129455 108816 126531 135658 139224 132216 116135 102709 114651 142895 137662 142494 112320 128159 134296 119318 145184 150839 139437 130800 128537 149983 137173 145960 125927 116712 117426 122289 130840 148236 113476 148110 124463 126836 148379 149705 102565 136732 116159 139556 113738 130702 146420 137064 123398 120618 147280 114464 129090 134425 134959 123714 107863 121395 125838 107466 140023 109061 121250 115530 103357 123372 105168 126013 128428 114171 116941 149138 101903 127336 150081 134284 127805 146674 110256 142196 130954 146989 128000 132545 122990 101836 137543 148102 138416 116869 110346 134456 145314 143818 138616 123905 109956 123835 131572 119968 109716 138875 111999 121024 132046 145505 138638 118053 109640 106438 131536 139228 113250 115025 140636 110901 121598 142054 132273 113754 109009 141956 105459 102036 116177 134496 115399 118183 113334 141410 130116 110432 123340 133394 130844 109201 111844 115908 120141 118910 114683 120239 104764 131309 141962 114017 138346 112165 141176 137460 112295 139231 110780 103363 105913 105407 119901 117476 147519 144820 103700 107441 134661 128133 144760 108547 131547 123631 145096 119767 101336 116452 112972 134193 121163 134818 129114 148452 117315 137219 107297 125871 149836 136705 126583 133314 104706 103182 148629 143968 147951 118047 119849 143606 112256 133213 151019 135476 126459 148697 135273 135279 110891 136064 115618 126909 121402 120896 125207 147989 136572 121606 102333 147088 133059 111645 110528 150340 132305 118697 140684 114526 129575 119577 117727 146089 123228 144648 131615 102531 121850 144988 124769 118392 102226 106803 117171 142950 128135 119735 129042 149838 130200 116828 119114 123359 101790 140227 149577 151281 144810 109228 117540 134680 146724 107967 121974 145903 132035 140063 104875 136967 110029 125277 117365 146815 107562 113610 115117 121326 134808 127428 145640 143575 139620 143809 122449 121553 134948 143421 141931 111127 112787 141838 140696 109978 106916 112210 123679 145945 112098 109443 141934 115938 133396 123384 119261 104042 104339 142486 115075 133050 115913 131236 128463 124110 149357 117517 127348 142241 144213 119038 122877 135450 109708 135084 146059 108767 149511 140050 111800 151188 123216 151256 148970 103795 122146 130799 116312 107184 126866 125926 112011 149173 136039 127866 113288 147204 114495 105507 119396 146177 104171 106238 131808 128296 111484 105048 137532 114667 136689 124182 130103 105315 132996 117178 126129 117384 119775 114586 150797 125088 112578 111405 127443 132340 131452 144726 137882 122397 129025 121229 107554 144043 134822 132577 151090 149773 135600 127603 145869 134393 112259 143718 106374 103708 143438 150212 130627 130299 135902 150516 126339 122139 130427 136560 134157 142157 147046 102210 106767 107427 127138 106919 124615 121022 104735 131624 149334 110865 127571 127273 136862 129288 108389 124070 141930 126693 113438 103598 124876 132016 127766 140054 138396 145597 148462 114045 105460 128193 129263 113963 135066 129796 110373 120013 141076 129690 118270 107492 143641 125317 149141 145296 124555 104974 103528 102668 142470 146550 151412 107380 133694 133012 130822 144087 144582 109709 117403 140805 133685 135397 118141 118701 114268 134314 131071 122337 126549 139050 113743 130743 106137 149499 122992 121366 124410 151202 126890 145177 126669 108055 128549 133975 114259 147417 107710 111299 117956 127952 114448 120985 134645 129700 135932 115565 102268 111765 125827 116089 147277 130325 141357 134989 140048 102722 141729 150954 148172 126956 117846 135112 120704 127123 119624 117027 102002 146709 130182 149625 106609 115880 104942 148805 125794 130065 116016 117535 116909 134804 126155 126513 135965 140753 137289 145849 140591 110507 150285 110703 144841 132286 109977 122090 119931 106414 111140 105341 116285 118305 102946 107011 118960 103949 113457 111702 102025 136190 114588 116661 116412 133905 149795 134248 119772 149013 102650 134085 144074 129934 134504 133290 106761 137851 110615 151126 124825 126048 112984 111068 106850 106969 106014 132639 147708 129312 142952 125751 103420 133409 112820 111368 151107 141539 122382 128137 127612 129343 148734 130726 146709 107353 120407 147907 128029 121391 120320 120986 113329 112635 129013 140738 136721 127357 125125 142063 131505 136886 103216 124677 146771 137523 125082 119023 142883 115789 128941 102290 107218 123252 134035 144490 109283 125704 138912 116240 137492 146242 102069 143157 123746 108956 111926 103378 126445 116566 138676 148123 129020 137188 119022 134125 104342 129055 142343 144750 133563 147534 123114 143458 144029 150550 126808 145621 126513 132926 128359 104215 141451 119000 125000 107502 145482 102052 120163 104868 108739 129574 120372 140577 142075 102279 108983 136447 141977 134400 113787 106165 119354 143647 137354 108075 129130 129007 136159 104514 109223 150992 109267 107365 125267 144702 117930 115561 138624 147730 108323 128547 137639 125095 121026 151355 108770 111639 131132 143938 145203 104638 105006 105442 145262 127403 119114 116473 116119 108206 134835 145776 127746 150987 144711 149494 104990 123062 124594 111887 146170 132296 132036 108915 112233 115473 142933 134876 150404 148595 109468 134238 124732 149459 117204 127528 133726 147720 118368 146295 101852 134224 136718 140846 136105 117068 133110 103671 122765 110767 124325 133411 113118 147635 137344 104726 107545 114115 120015 117087 150130 103550 145195 123415 122866 148209 102443 108900 108667 118378 103712 125422 128378 135790 143405 118668 151144 111765 129268 125074 129054 121238 104492 134470 139653 126039 121766 139463 124112 109015 119921 104198 139789 104931 106587 146710 145551 110895 150492 146825 126331 106988 132490 119433 132741 130468 142559 135678 121023 133261 110918 130993 141449 113655 145593 112164 104278 121896 103473 124038 125800 125633 142600 112315 131743 148030 129936 132599 112846 136075 142011 108741 117786 113483 123648 141560 134176 119006 136389 109004 148508 139788 122282 139242 138967 124426 115799 140860 150364 123267 103943 128597 117091 122833 139264 130455 150335 120770 109625 148566 128167 127223 142186 106483 132278 146644 115656 147170 140095 127812 110339 119827 149469 112517 142856 145173 145242 123601 135019 113218 140959 133063 141963 150254 111289 127513 102014 126836 131911 142674 132099 140443 138721 139349 120186 140189 150961 125599 119485 133253 137122 104511 126301 110270 110650 109642 127687 116174 148849 146681 141205 147625 108919 129159 106501 138203 129498 148501 143209 134558 112963 120232 118935 112512 125111 110819 105407 133633 105822 137835 140327 138837 138557 112377 111490 130066 137213 145173 128574 147337 145591 145297 122211 121984 131465 120944 132816 102875 119303 134575 121980 150496 137016 107651 123583 102015 133577 117445 103449 109025 137755 107727 111913 122376 115436 109894 151160 138706 113535 102338 126812 121211 138576 136311 123221 139738 114968 115993 143432 138125 102256 130854
