100 10000
49 25 9 -7 33 -63 -23 -55 -31 9 -7 89 -39 65 -23 -27 5 1 73 25 -79 -35 17 65 89 -63 9 5 73 -39 -7 -23 9 -71 73 -7 -7 33 9 33 -7 -15 -15 -39 25 -63 -71 -7 93 33 5 57 -15 49 17 -3 25 -23 81 -7 25 25 89 1 53 -7 -39 -39 -23 -7 25 25 25 17 -39 25 49 41 -15 57 41 -31 1 -7 65 57 65 37 -87 9 -31 -31 25 -15 41 -23 -59 -27 -23 -7
14 30 28 35 69 7 34 58 64 51 49 50 18 69 3 81 82 66 86 73 67 10 96 65 72 2 3 80 4 90 85 32 34 36 30 61 21 99 3 14 89 15 14 30 35 99 29 36 54 7 25 90 94 5 56 53 93 75 42 76 36 33 38 1 23 30 72 37 30 72 72 37 17 63 74 87 95 75 67 90 32 6 77 37 14 35 40 82 3 3 14 78 60 41 32 3 81 25 59 72
99 34 1 100
-57 -25 1 100
-19 45 1 100
-82 -66 1 100
36 52 1 100
-94 -32 1 100
-38 -25 1 100
75 67 1 100
35 43 1 100
-15 -47 1 100
-92 -30 1 100
0 -61 1 100
23 7 1 100
-92 -100 1 100
71 36 1 100
91 83 1 100
6 -10 1 100
-10 54 1 100
-5 -77 1 100
-100 -24 1 100
-78 -86 1 100
-24 -40 1 100
-25 20 1 100
-1 -9 1 100
38 46 1 100
5 21 1 100
-42 -34 1 100
10 18 1 100
38 8 1 100
63 71 1 100
86 94 1 100
70 38 1 100
-14 -6 1 100
-43 -11 1 100
11 49 1 100
-76 -44 1 100
-43 85 1 100
83 75 1 100
-42 -58 1 100
88 80 1 100
33 -31 1 100
16 0 1 100
-31 -23 1 100
-37 19 1 100
0 -8 1 100
-75 -4 1 100
31 47 1 100
16 -48 1 100
-69 -77 1 100
-69 -59 1 100
79 87 1 100
-84 -14 1 100
62 78 1 100
-48 -3 1 100
60 -68 1 100
-32 44 1 100
-62 -46 1 100
36 -10 1 100
-8 -33 1 100
-23 -87 1 100
-99 -35 1 100
87 95 1 100
20 -12 1 100
-63 -90 1 100
31 95 1 100
87 23 1 100
-15 -85 1 100
-47 -15 1 100
-77 51 1 100
-79 -95 1 100
-15 -79 1 100
-21 -5 1 100
26 42 1 100
0 -53 1 100
95 41 1 100
61 77 1 100
87 79 1 100
5 13 1 100
-81 -97 1 100
-23 -55 1 100
25 14 1 100
-41 -33 1 100
-83 -23 1 100
-40 -76 1 100
-36 -68 1 100
-9 -25 1 100
-42 22 1 100
-17 47 1 100
0 77 1 100
-5 -80 1 100
-32 -40 1 100
6 -2 1 100
35 -16 1 100
25 77 1 100
22 -72 1 100
19 69 1 100
-29 25 1 100
9 41 1 100
86 73 1 100
71 7 1 100
-22 -30 1 100
-16 46 1 100
-4 -20 1 100
-37 91 1 100
68 84 1 100
75 11 1 100
-20 75 1 100
94 86 1 100
-21 -37 1 100
-19 -3 1 100
9 17 1 100
24 -33 1 100
-55 -47 1 100
16 32 1 100
50 82 1 100
-51 -67 1 100
-49 -17 1 100
76 92 1 100
-38 48 1 100
72 80 1 100
-32 -24 1 100
-1 63 1 100
-1 31 1 100
17 1 1 100
-1 -64 1 100
25 -39 1 100
-36 -76 1 100
-30 -38 1 100
39 -25 1 100
17 -15 1 100
19 8 1 100
-28 36 1 100
-1 -65 1 100
-57 -12 1 100
-38 -70 1 100
14 -67 1 100
94 62 1 100
32 21 1 100
50 60 1 100
63 55 1 100
-34 59 1 100
-38 90 1 100
28 12 1 100
76 92 1 100
84 68 1 100
93 61 1 100
96 80 1 100
30 22 1 100
-67 -54 1 100
-24 -16 1 100
16 8 1 100
-11 -7 1 100
44 28 1 100
54 55 1 100
62 22 1 100
-98 -93 1 100
20 36 1 100
-1 -18 1 100
30 62 1 100
26 10 1 100
33 -41 1 100
-12 -4 1 100
-78 -62 1 100
12 20 1 100
-54 -62 1 100
-99 29 1 100
72 -14 1 100
41 40 1 100
54 -29 1 100
55 47 1 100
-30 -94 1 100
-85 -77 1 100
-28 -12 1 100
78 54 1 100
-37 -21 1 100
44 66 1 100
-23 -31 1 100
-27 -35 1 100
14 22 1 100
-80 -54 1 100
-57 -49 1 100
-39 -71 1 100
45 53 1 100
91 59 1 100
-3 -67 1 100
75 43 1 100
63 47 1 100
-97 -81 1 100
36 28 1 100
44 82 1 100
-78 -94 1 100
-47 -21 1 100
93 61 1 100
47 -32 1 100
-95 -79 1 100
-23 -87 1 100
-48 -84 1 100
-45 19 1 100
-10 -26 1 100
51 54 1 100
-1 -65 1 100
-36 92 1 100
-2 59 1 100
-31 -95 1 100
74 2 1 100
73 1 1 100
-4 88 1 100
1 -61 1 100
19 76 1 100
-68 5 1 100
40 48 1 100
-88 -72 1 100
-62 -46 1 100
-61 -77 1 100
-28 -36 1 100
99 91 1 100
-7 9 1 100
-40 -8 1 100
-22 -6 1 100
-23 -55 1 100
22 54 1 100
-63 -7 1 100
-60 -90 1 100
46 54 1 100
-37 -10 1 100
-8 9 1 100
-77 -13 1 100
98 80 1 100
-60 -44 1 100
4 -12 1 100
18 34 1 100
5 -11 1 100
41 33 1 100
-27 -59 1 100
-41 -33 1 100
-16 -51 1 100
50 71 1 100
4 -84 1 100
21 34 1 100
-37 -69 1 100
-90 -82 1 100
-78 -62 1 100
46 100 1 100
-75 -43 1 100
-29 -61 1 100
3 -61 1 100
69 85 1 100
-69 -43 1 100
-5 11 1 100
24 -75 1 100
-25 56 1 100
-30 -46 1 100
26 -2 1 100
-66 -34 1 100
-18 -26 1 100
-34 -56 1 100
-79 -15 1 100
-24 29 1 100
81 65 1 100
-74 -90 1 100
-46 52 1 100
-23 -18 1 100
-57 -49 1 100
-85 -53 1 100
13 29 1 100
71 87 1 100
6 11 1 100
-81 -42 1 100
-24 40 1 100
-40 24 1 100
-69 15 1 100
-25 -96 1 100
81 73 1 100
64 72 1 100
-71 -25 1 100
-93 -53 1 100
50 -41 1 100
-55 29 1 100
-81 -63 1 100
-35 -67 1 100
-55 27 1 100
-83 -91 1 100
-22 10 1 100
-47 -55 1 100
-34 -27 1 100
57 89 1 100
81 73 1 100
-39 -7 1 100
-26 -49 1 100
-55 -18 1 100
-33 -25 1 100
-25 -9 1 100
95 86 1 100
36 23 1 100
25 68 1 100
64 52 1 100
-44 -36 1 100
-68 -4 1 100
-8 -16 1 100
-18 -26 1 100
-73 55 1 100
41 33 1 100
0 1 1 100
45 29 1 100
54 -10 1 100
50 90 1 100
68 100 1 100
12 20 1 100
55 23 1 100
69 94 1 100
53 -11 1 100
-45 -16 1 100
82 26 1 100
49 57 1 100
6 89 1 100
59 3 1 100
37 43 1 100
-78 -70 1 100
-87 -79 1 100
-10 38 1 100
99 69 1 100
40 14 1 100
83 75 1 100
-51 13 1 100
-80 -96 1 100
-1 -17 1 100
-66 21 1 100
-88 -80 1 100
12 20 1 100
2 -33 1 100
33 25 1 100
47 63 1 100
57 89 1 100
89 57 1 100
11 3 1 100
-17 -25 1 100
-12 -80 1 100
29 -12 1 100
32 24 1 100
-73 -95 1 100
-62 -70 1 100
84 52 1 100
7 -85 1 100
96 80 1 100
-64 -72 1 100
-76 -84 1 100
-31 -63 1 100
-40 -8 1 100
3 7 1 100
-78 -62 1 100
90 53 1 100
-56 -48 1 100
38 70 1 100
-47 -45 1 100
64 14 1 100
46 22 1 100
-74 -58 1 100
64 48 1 100
-98 -77 1 100
-66 -58 1 100
73 65 1 100
-48 8 1 100
-25 -41 1 100
-3 13 1 100
77 69 1 100
57 25 1 100
49 -47 1 100
39 31 1 100
34 50 1 100
48 56 1 100
-7 -23 1 100
-64 5 1 100
-64 -32 1 100
27 43 1 100
65 1 1 100
-49 -65 1 100
-17 -33 1 100
-9 -20 1 100
-73 -79 1 100
90 98 1 100
-76 -92 1 100
65 81 1 100
-64 -72 1 100
12 44 1 100
45 13 1 100
0 -8 1 100
-25 -17 1 100
-35 -51 1 100
24 88 1 100
-11 57 1 100
-54 -46 1 100
65 17 1 100
60 92 1 100
50 -78 1 100
-27 -35 1 100
-27 -75 1 100
31 15 1 100
-15 -84 1 100
-85 -94 1 100
-64 -96 1 100
84 76 1 100
-14 -30 1 100
-9 80 1 100
-10 -54 1 100
51 -44 1 100
-14 -46 1 100
-54 -86 1 100
-8 0 1 100
70 -19 1 100
84 92 1 100
8 40 1 100
-45 -9 1 100
-69 -26 1 100
-45 -35 1 100
40 -41 1 100
63 71 1 100
88 72 1 100
56 48 1 100
-25 7 1 100
-59 -75 1 100
35 -93 1 100
87 89 1 100
-71 -63 1 100
58 -31 1 100
-64 -80 1 100
79 87 1 100
80 -17 1 100
10 -75 1 100
-2 30 1 100
-61 -77 1 100
-24 -56 1 100
-72 -20 1 100
-8 -56 1 100
91 24 1 100
-21 -93 1 100
62 100 1 100
7 15 1 100
-51 -59 1 100
45 -36 1 100
19 51 1 100
-25 -9 1 100
22 54 1 100
-100 -33 1 100
-90 -98 1 100
48 64 1 100
83 10 1 100
93 85 1 100
-56 -64 1 100
-59 -91 1 100
-7 25 1 100
-1 -9 1 100
43 75 1 100
-61 -93 1 100
-23 -7 1 100
18 31 1 100
12 80 1 100
-26 -10 1 100
27 -68 1 100
-82 -66 1 100
36 20 1 100
85 19 1 100
25 33 1 100
56 48 1 100
-3 22 1 100
12 76 1 100
36 28 1 100
49 43 1 100
62 94 1 100
7 -57 1 100
-39 -10 1 100
-19 -35 1 100
-58 -50 1 100
-54 -38 1 100
-42 -24 1 100
8 -47 1 100
-28 -36 1 100
-19 -59 1 100
-40 -32 1 100
3 -13 1 100
-14 50 1 100
-78 -14 1 100
-91 -59 1 100
21 29 1 100
48 54 1 100
63 8 1 100
46 30 1 100
-43 -51 1 100
-31 -23 1 100
-66 -50 1 100
29 61 1 100
-19 -35 1 100
-28 4 1 100
-20 -84 1 100
-32 -40 1 100
-53 -69 1 100
-76 -68 1 100
51 67 1 100
-25 -17 1 100
7 -21 1 100
-5 27 1 100
37 -27 1 100
-37 -65 1 100
71 55 1 100
0 -8 1 100
61 69 1 100
16 -14 1 100
-99 -35 1 100
14 -29 1 100
-60 -68 1 100
-35 -51 1 100
-73 -35 1 100
62 94 1 100
82 50 1 100
-53 -25 1 100
56 48 1 100
-32 32 1 100
29 -28 1 100
14 22 1 100
72 80 1 100
79 71 1 100
62 78 1 100
-79 -47 1 100
45 -28 1 100
51 -32 1 100
-65 -81 1 100
-94 -54 1 100
-22 -14 1 100
71 -57 1 100
96 32 1 100
74 66 1 100
63 51 1 100
-93 -17 1 100
-53 -61 1 100
-33 -17 1 100
-95 -79 1 100
-69 -61 1 100
36 43 1 100
-45 -53 1 100
-74 -76 1 100
21 5 1 100
26 -4 1 100
-15 -7 1 100
-5 3 1 100
21 -11 1 100
-7 -35 1 100
85 -43 1 100
2 -33 1 100
-21 -29 1 100
6 -10 1 100
20 -54 1 100
42 -22 1 100
78 46 1 100
18 -37 1 100
-1 10 1 100
-29 -37 1 100
-58 -19 1 100
62 30 1 100
84 20 1 100
77 93 1 100
-85 -77 1 100
-32 -16 1 100
-60 -52 1 100
-61 -67 1 100
81 89 1 100
-47 22 1 100
55 39 1 100
-39 -31 1 100
-84 -68 1 100
28 60 1 100
-16 12 1 100
-5 3 1 100
27 59 1 100
-84 -52 1 100
-31 -39 1 100
34 26 1 100
-34 -26 1 100
-41 -9 1 100
-5 26 1 100
17 25 1 100
13 57 1 100
-51 -19 1 100
46 14 1 100
32 -28 1 100
-21 -29 1 100
92 100 1 100
-26 44 1 100
-35 93 1 100
0 1 1 100
-74 -10 1 100
97 65 1 100
71 -7 1 100
77 83 1 100
42 74 1 100
35 51 1 100
8 40 1 100
93 85 1 100
60 -39 1 100
-39 25 1 100
59 27 1 100
55 71 1 100
43 -85 1 100
42 74 1 100
-14 -22 1 100
-32 -48 1 100
-43 -83 1 100
0 -84 1 100
-39 60 1 100
78 0 1 100
-56 -71 1 100
-95 -31 1 100
-9 -25 1 100
-31 1 1 100
64 72 1 100
64 -32 1 100
-35 -27 1 100
-7 89 1 100
-69 -52 1 100
-29 -21 1 100
40 48 1 100
2 -70 1 100
-3 77 1 100
-23 -15 1 100
-15 -100 1 100
-43 21 1 100
34 66 1 100
-91 -83 1 100
22 38 1 100
-1 -65 1 100
-33 -97 1 100
-41 -33 1 100
-46 -78 1 100
-68 60 1 100
20 4 1 100
-69 -85 1 100
-20 12 1 100
17 -15 1 100
59 -5 1 100
52 68 1 100
-51 -19 1 100
36 100 1 100
-94 0 1 100
60 68 1 100
-60 -68 1 100
21 -40 1 100
-30 46 1 100
-4 -3 1 100
51 59 1 100
-45 -53 1 100
-43 -59 1 100
2 -20 1 100
44 60 1 100
51 43 1 100
2 -6 1 100
46 -82 1 100
55 87 1 100
-21 11 1 100
84 68 1 100
95 79 1 100
-48 -64 1 100
-91 -83 1 100
-37 -45 1 100
-5 3 1 100
77 70 1 100
-4 60 1 100
-14 -6 1 100
61 45 1 100
-57 -95 1 100
-45 36 1 100
57 -71 1 100
11 33 1 100
-14 -32 1 100
-14 -91 1 100
53 37 1 100
-2 -10 1 100
20 12 1 100
5 -3 1 100
-26 6 1 100
98 82 1 100
35 43 1 100
-23 -7 1 100
32 68 1 100
-27 63 1 100
60 -8 1 100
-78 -28 1 100
52 68 1 100
80 -10 1 100
-11 53 1 100
-53 -45 1 100
28 92 1 100
-79 10 1 100
-59 -75 1 100
-46 -54 1 100
20 -44 1 100
8 94 1 100
-66 5 1 100
13 21 1 100
36 28 1 100
-50 3 1 100
-43 -75 1 100
-73 -65 1 100
2 -6 1 100
75 91 1 100
81 89 1 100
71 63 1 100
36 68 1 100
20 52 1 100
99 91 1 100
-39 -47 1 100
-24 -56 1 100
-42 47 1 100
-37 27 1 100
50 -14 1 100
29 1 1 100
50 -14 1 100
11 -48 1 100
-40 -8 1 100
-66 -2 1 100
-80 -72 1 100
-27 -43 1 100
69 85 1 100
10 -41 1 100
96 88 1 100
14 78 1 100
-17 82 1 100
-36 92 1 100
-28 -36 1 100
35 54 1 100
48 -80 1 100
-36 -100 1 100
58 90 1 100
18 -30 1 100
-60 4 1 100
17 15 1 100
-75 -11 1 100
95 63 1 100
-29 -21 1 100
53 92 1 100
-70 -54 1 100
24 56 1 100
-59 -91 1 100
-28 -20 1 100
-17 45 1 100
-56 -64 1 100
41 25 1 100
85 77 1 100
39 50 1 100
3 67 1 100
76 60 1 100
52 84 1 100
32 24 1 100
-16 -24 1 100
71 87 1 100
-60 11 1 100
75 37 1 100
22 78 1 100
96 6 1 100
-78 -32 1 100
34 63 1 100
-17 79 1 100
47 31 1 100
21 93 1 100
24 56 1 100
33 -58 1 100
-65 -49 1 100
-22 -14 1 100
65 -25 1 100
92 100 1 100
-96 -99 1 100
51 83 1 100
33 25 1 100
-36 -68 1 100
47 4 1 100
-12 4 1 100
-44 -43 1 100
-38 -30 1 100
79 87 1 100
9 -23 1 100
-46 -14 1 100
72 34 1 100
19 58 1 100
-41 -9 1 100
-36 -52 1 100
59 11 1 100
-60 -52 1 100
-19 -3 1 100
-71 -55 1 100
16 -16 1 100
2 18 1 100
-10 -26 1 100
-98 -30 1 100
-27 26 1 100
29 45 1 100
90 14 1 100
55 23 1 100
-3 -75 1 100
-49 79 1 100
77 45 1 100
30 -18 1 100
0 1 1 100
-10 -74 1 100
23 39 1 100
-6 26 1 100
-77 -93 1 100
-14 -55 1 100
-58 -90 1 100
23 59 1 100
-67 -15 1 100
37 22 1 100
55 61 1 100
89 -39 1 100
-16 16 1 100
-98 -82 1 100
8 0 1 100
-32 -16 1 100
-28 -12 1 100
-97 -89 1 100
68 56 1 100
-6 67 1 100
11 27 1 100
56 35 1 100
1 58 1 100
-92 -48 1 100
13 29 1 100
-29 3 1 100
54 -10 1 100
82 90 1 100
-21 -5 1 100
-62 7 1 100
-22 10 1 100
47 79 1 100
-52 -44 1 100
60 94 1 100
-49 -41 1 100
-41 -57 1 100
-27 -67 1 100
-34 -42 1 100
-31 -23 1 100
39 47 1 100
-52 12 1 100
-59 -91 1 100
55 46 1 100
-19 -27 1 100
80 78 1 100
12 -85 1 100
25 53 1 100
-15 -23 1 100
-40 -24 1 100
92 76 1 100
56 24 1 100
-39 7 1 100
74 90 1 100
-1 -9 1 100
17 1 1 100
-83 -19 1 100
-22 58 1 100
-66 -34 1 100
-69 -77 1 100
57 7 1 100
62 30 1 100
5 37 1 100
61 67 1 100
54 6 1 100
-46 -15 1 100
57 41 1 100
3 35 1 100
7 -57 1 100
-7 -23 1 100
-54 -76 1 100
-55 9 1 100
-43 3 1 100
43 11 1 100
38 -90 1 100
13 -3 1 100
-84 -56 1 100
-44 -86 1 100
-11 5 1 100
-8 -24 1 100
85 93 1 100
47 40 1 100
-72 -38 1 100
-22 -6 1 100
43 73 1 100
-50 -82 1 100
-53 -21 1 100
-66 -87 1 100
-61 -63 1 100
34 50 1 100
-37 -69 1 100
7 -9 1 100
54 38 1 100
28 -100 1 100
49 65 1 100
27 43 1 100
7 52 1 100
52 60 1 100
-53 -69 1 100
37 45 1 100
22 14 1 100
-56 -64 1 100
-78 50 1 100
-60 -52 1 100
88 29 1 100
8 0 1 100
43 51 1 100
-37 50 1 100
-43 4 1 100
24 88 1 100
-70 -62 1 100
100 68 1 100
-67 -99 1 100
82 50 1 100
64 56 1 100
27 -5 1 100
87 79 1 100
-82 -25 1 100
-12 4 1 100
54 51 1 100
77 85 1 100
-76 -68 1 100
-43 -11 1 100
-68 -100 1 100
24 -74 1 100
-14 -6 1 100
-76 -92 1 100
70 62 1 100
-32 -24 1 100
-57 -49 1 100
84 68 1 100
-54 -22 1 100
28 36 1 100
-24 -8 1 100
-80 -64 1 100
-57 -53 1 100
-19 28 1 100
19 -13 1 100
68 84 1 100
24 -45 1 100
12 -21 1 100
-56 -48 1 100
-33 95 1 100
28 60 1 100
92 100 1 100
37 53 1 100
50 42 1 100
41 81 1 100
74 10 1 100
-52 -44 1 100
28 -52 1 100
55 46 1 100
74 -54 1 100
-7 -58 1 100
-47 -54 1 100
-3 -8 1 100
44 60 1 100
72 88 1 100
74 58 1 100
-32 -64 1 100
-37 -5 1 100
-45 -53 1 100
97 95 1 100
53 21 1 100
91 27 1 100
90 82 1 100
37 53 1 100
-37 -45 1 100
-61 -17 1 100
-55 -37 1 100
4 -44 1 100
23 29 1 100
40 -28 1 100
8 0 1 100
-16 0 1 100
11 19 1 100
-91 -59 1 100
92 4 1 100
93 77 1 100
-9 -17 1 100
83 99 1 100
-27 34 1 100
-59 -67 1 100
-33 -41 1 100
87 34 1 100
-46 -14 1 100
-4 60 1 100
-59 -47 1 100
2 18 1 100
57 98 1 100
4 -66 1 100
-17 -9 1 100
-64 -1 1 100
19 11 1 100
-75 -67 1 100
-37 -5 1 100
90 4 1 100
-92 -60 1 100
-11 -63 1 100
-52 -60 1 100
19 -48 1 100
44 52 1 100
-40 -8 1 100
-31 37 1 100
-100 -19 1 100
22 -10 1 100
-17 -1 1 100
41 9 1 100
21 29 1 100
58 66 1 100
-21 11 1 100
-22 42 1 100
-7 -71 1 100
-62 35 1 100
-6 -22 1 100
2 10 1 100
51 43 1 100
14 88 1 100
-98 -45 1 100
75 18 1 100
63 11 1 100
-42 -60 1 100
42 -48 1 100
14 46 1 100
11 75 1 100
-36 31 1 100
-52 -84 1 100
-43 -51 1 100
-11 53 1 100
-37 -21 1 100
46 38 1 100
-13 -77 1 100
-86 13 1 100
-19 45 1 100
-7 1 1 100
77 93 1 100
66 34 1 100
23 -7 1 100
-56 -40 1 100
58 8 1 100
-60 4 1 100
21 13 1 100
-43 7 1 100
67 59 1 100
2 -30 1 100
-41 -33 1 100
-30 -94 1 100
-24 -16 1 100
89 57 1 100
87 79 1 100
-35 29 1 100
65 97 1 100
37 29 1 100
90 70 1 100
4 75 1 100
76 92 1 100
-5 3 1 100
66 83 1 100
-56 -88 1 100
-10 -74 1 100
-1 40 1 100
44 -26 1 100
-37 -53 1 100
-48 -79 1 100
8 -55 1 100
-25 16 1 100
19 34 1 100
-40 -72 1 100
-4 -20 1 100
94 31 1 100
-72 -56 1 100
-73 -2 1 100
-68 -52 1 100
40 17 1 100
-34 26 1 100
-82 -66 1 100
75 11 1 100
-88 -96 1 100
18 -46 1 100
-38 -6 1 100
28 20 1 100
-76 -60 1 100
-87 -71 1 100
88 80 1 100
-70 22 1 100
-84 -100 1 100
-33 -87 1 100
-28 -60 1 100
0 1 1 100
28 -4 1 100
-25 -9 1 100
4 -68 1 100
-92 -10 1 100
-13 19 1 100
-7 37 1 100
31 15 1 100
45 13 1 100
50 42 1 100
15 7 1 100
17 86 1 100
-15 -79 1 100
-13 -92 1 100
-2 59 1 100
-70 2 1 100
-23 -39 1 100
-80 -96 1 100
61 45 1 100
23 -74 1 100
-51 -59 1 100
85 -7 1 100
-10 -2 1 100
-8 -24 1 100
32 -43 1 100
27 35 1 100
-6 -14 1 100
55 -9 1 100
-99 29 1 100
49 33 1 100
-44 33 1 100
-42 -74 1 100
-67 -83 1 100
56 7 1 100
98 82 1 100
-57 10 1 100
-75 -67 1 100
3 -78 1 100
48 16 1 100
-12 -78 1 100
69 58 1 100
74 42 1 100
-24 -8 1 100
31 47 1 100
32 8 1 100
64 48 1 100
-40 -56 1 100
76 60 1 100
-55 -47 1 100
98 25 1 100
-88 -80 1 100
55 71 1 100
52 -7 1 100
51 -13 1 100
-45 -37 1 100
-33 -97 1 100
-43 -75 1 100
-89 -25 1 100
57 55 1 100
-16 16 1 100
-2 6 1 100
28 -62 1 100
-1 -96 1 100
-11 -43 1 100
26 90 1 100
-89 -4 1 100
2 34 1 100
79 87 1 100
-24 -56 1 100
-31 -39 1 100
-71 -87 1 100
35 51 1 100
63 71 1 100
0 1 1 100
-83 -51 1 100
-83 -75 1 100
23 39 1 100
38 64 1 100
-12 20 1 100
26 18 1 100
66 98 1 100
-18 14 1 100
-11 -43 1 100
-22 23 1 100
-27 -43 1 100
-74 -45 1 100
-48 -64 1 100
-5 59 1 100
47 69 1 100
56 88 1 100
27 -5 1 100
-87 -79 1 100
-69 -5 1 100
78 86 1 100
20 4 1 100
-25 -41 1 100
-67 11 1 100
0 82 1 100
35 3 1 100
76 84 1 100
12 92 1 100
56 -31 1 100
-47 -39 1 100
-32 -48 1 100
83 45 1 100
58 -35 1 100
86 70 1 100
-41 -62 1 100
73 89 1 100
-24 54 1 100
21 29 1 100
57 65 1 100
-32 -40 1 100
-46 18 1 100
79 87 1 100
-29 -21 1 100
100 49 1 100
9 87 1 100
44 60 1 100
-13 -52 1 100
-33 43 1 100
-14 -46 1 100
9 62 1 100
-90 5 1 100
-42 -11 1 100
17 -82 1 100
55 23 1 100
56 40 1 100
-66 -74 1 100
-32 -16 1 100
61 45 1 100
10 -6 1 100
31 -97 1 100
30 58 1 100
51 19 1 100
-90 -65 1 100
-76 -86 1 100
22 54 1 100
42 73 1 100
28 -50 1 100
-38 -46 1 100
-40 -32 1 100
-84 -92 1 100
-10 -18 1 100
37 -27 1 100
19 -73 1 100
80 96 1 100
81 97 1 100
-82 -98 1 100
66 34 1 100
-38 -54 1 100
29 45 1 100
82 18 1 100
54 -9 1 100
22 -65 1 100
-2 -34 1 100
4 20 1 100
-39 7 1 100
-25 -17 1 100
16 8 1 100
91 99 1 100
69 53 1 100
34 -30 1 100
-30 -22 1 100
-2 37 1 100
-8 -40 1 100
-93 -77 1 100
-11 70 1 100
-65 -100 1 100
-1 -73 1 100
-41 -33 1 100
-69 -53 1 100
-62 -70 1 100
8 -8 1 100
7 -48 1 100
-40 24 1 100
-16 -80 1 100
51 59 1 100
-83 -8 1 100
11 -5 1 100
89 81 1 100
-38 26 1 100
41 9 1 100
33 1 1 100
87 71 1 100
-75 -59 1 100
51 -18 1 100
-76 -12 1 100
42 58 1 100
47 -43 1 100
-37 91 1 100
100 36 1 100
81 89 1 100
-26 -18 1 100
-86 -78 1 100
56 -72 1 100
94 62 1 100
-72 -80 1 100
62 42 1 100
0 94 1 100
75 30 1 100
-27 -43 1 100
99 11 1 100
-41 -9 1 100
61 69 1 100
24 -8 1 100
20 52 1 100
88 80 1 100
-62 -14 1 100
-10 -95 1 100
97 28 1 100
7 -78 1 100
2 10 1 100
-54 17 1 100
-92 -100 1 100
64 24 1 100
-13 38 1 100
56 72 1 100
-99 -91 1 100
-65 -49 1 100
12 93 1 100
-62 -70 1 100
-64 0 1 100
27 -37 1 100
90 63 1 100
89 25 1 100
-44 -40 1 100
-19 59 1 100
-75 -91 1 100
-60 -68 1 100
-55 -47 1 100
61 69 1 100
-38 -6 1 100
5 21 1 100
35 67 1 100
-94 -86 1 100
45 5 1 100
17 -48 1 100
-88 -22 1 100
51 97 1 100
-77 -45 1 100
27 35 1 100
-23 -55 1 100
55 10 1 100
-37 -21 1 100
-82 -66 1 100
-88 -37 1 100
60 44 1 100
76 99 1 100
-91 -95 1 100
-83 -1 1 100
-4 -91 1 100
-70 19 1 100
-20 12 1 100
85 21 1 100
7 15 1 100
-47 -39 1 100
90 98 1 100
16 -50 1 100
-43 -51 1 100
28 12 1 100
-99 -19 1 100
9 1 1 100
-68 -100 1 100
66 -12 1 100
11 3 1 100
-37 -49 1 100
-10 -18 1 100
-52 -68 1 100
-68 -52 1 100
74 90 1 100
30 17 1 100
15 -17 1 100
-40 29 1 100
-44 -28 1 100
67 76 1 100
89 -39 1 100
-28 4 1 100
0 64 1 100
21 13 1 100
-41 -57 1 100
62 -1 1 100
-15 -87 1 100
92 30 1 100
6 60 1 100
66 50 1 100
42 -22 1 100
35 19 1 100
-50 -34 1 100
-35 -51 1 100
87 4 1 100
81 97 1 100
4 68 1 100
56 75 1 100
-16 48 1 100
-97 -81 1 100
-81 -89 1 100
17 20 1 100
-24 -8 1 100
-30 -38 1 100
-7 -39 1 100
11 -5 1 100
-98 -14 1 100
-5 91 1 100
23 7 1 100
96 88 1 100
67 99 1 100
77 13 1 100
36 69 1 100
0 -8 1 100
-29 -50 1 100
-33 -65 1 100
-14 -15 1 100
23 7 1 100
-56 8 1 100
76 -52 1 100
-56 -64 1 100
56 72 1 100
12 -20 1 100
-80 -96 1 100
-43 -12 1 100
59 75 1 100
56 64 1 100
20 52 1 100
15 7 1 100
6 -21 1 100
54 59 1 100
41 -38 1 100
85 -43 1 100
60 44 1 100
89 81 1 100
98 90 1 100
36 -92 1 100
88 72 1 100
-49 46 1 100
18 82 1 100
1 52 1 100
13 78 1 100
95 79 1 100
48 16 1 100
-53 -61 1 100
-65 -81 1 100
54 -10 1 100
-66 -82 1 100
84 68 1 100
13 21 1 100
-45 -29 1 100
74 66 1 100
-95 -7 1 100
21 53 1 100
4 91 1 100
-47 -79 1 100
-88 -17 1 100
-48 42 1 100
48 80 1 100
29 13 1 100
-33 -17 1 100
-70 -62 1 100
55 63 1 100
-79 -47 1 100
9 17 1 100
-23 -87 1 100
93 10 1 100
-20 -28 1 100
-1 -17 1 100
69 61 1 100
-16 -80 1 100
-13 -21 1 100
-90 -74 1 100
72 40 1 100
19 35 1 100
4 -93 1 100
48 80 1 100
-28 -44 1 100
-53 -45 1 100
-51 -19 1 100
36 20 1 100
7 -44 1 100
-31 -63 1 100
-2 -34 1 100
34 42 1 100
-27 -35 1 100
-11 53 1 100
23 -74 1 100
48 64 1 100
-35 32 1 100
-31 -63 1 100
-55 -71 1 100
76 84 1 100
-24 -16 1 100
-77 -45 1 100
2 -9 1 100
75 67 1 100
73 81 1 100
-59 -27 1 100
76 60 1 100
69 -24 1 100
43 51 1 100
-9 19 1 100
74 66 1 100
58 90 1 100
-57 0 1 100
-40 -72 1 100
43 -21 1 100
88 73 1 100
-60 -68 1 100
29 -26 1 100
16 -48 1 100
42 4 1 100
77 69 1 100
-65 -33 1 100
-40 -8 1 100
-43 -51 1 100
74 66 1 100
-62 -70 1 100
-77 -13 1 100
33 -31 1 100
77 93 1 100
-70 -38 1 100
-68 0 1 100
-39 25 1 100
75 67 1 100
-36 33 1 100
95 87 1 100
-65 -73 1 100
-35 -51 1 100
-85 -69 1 100
-48 -64 1 100
-38 -30 1 100
80 63 1 100
78 46 1 100
-87 -71 1 100
72 8 1 100
27 37 1 100
43 51 1 100
-68 -60 1 100
70 78 1 100
-90 -3 1 100
-100 -84 1 100
-38 26 1 100
-44 -71 1 100
9 -23 1 100
55 97 1 100
-61 -69 1 100
86 22 1 100
-75 -91 1 100
-91 -7 1 100
36 20 1 100
69 85 1 100
64 96 1 100
-21 -13 1 100
31 47 1 100
-54 10 1 100
-68 -84 1 100
70 -5 1 100
-80 -87 1 100
35 -29 1 100
-54 10 1 100
21 -11 1 100
10 26 1 100
-42 -26 1 100
-14 50 1 100
77 85 1 100
-70 -66 1 100
8 -7 1 100
80 84 1 100
-40 -56 1 100
-57 -41 1 100
-89 0 1 100
10 2 1 100
-45 33 1 100
-10 -2 1 100
-50 -66 1 100
51 -16 1 100
-55 -23 1 100
3 -29 1 100
15 28 1 100
-39 28 1 100
76 68 1 100
8 -56 1 100
-19 -51 1 100
85 73 1 100
-21 43 1 100
55 71 1 100
50 82 1 100
48 -51 1 100
-45 -91 1 100
24 0 1 100
67 83 1 100
-82 -2 1 100
-64 -56 1 100
2 18 1 100
53 68 1 100
27 -15 1 100
-38 -65 1 100
-73 -81 1 100
-72 -64 1 100
-44 20 1 100
25 33 1 100
-55 -39 1 100
33 41 1 100
-18 -82 1 100
57 49 1 100
-3 8 1 100
49 65 1 100
16 -10 1 100
-5 3 1 100
-2 -66 1 100
-40 -56 1 100
-12 -20 1 100
5 37 1 100
0 32 1 100
-20 -36 1 100
32 64 1 100
-65 -1 1 100
-56 27 1 100
-96 -78 1 100
-58 -74 1 100
-71 -64 1 100
-28 -12 1 100
-2 -66 1 100
-26 -58 1 100
-24 -16 1 100
-10 -42 1 100
28 -15 1 100
-86 6 1 100
0 1 1 100
-86 -58 1 100
0 64 1 100
-8 -3 1 100
28 -4 1 100
-1 30 1 100
-21 -37 1 100
-78 -8 1 100
-54 -70 1 100
-3 61 1 100
64 72 1 100
24 32 1 100
-18 81 1 100
65 -32 1 100
-33 -49 1 100
-84 -100 1 100
-41 -33 1 100
28 -13 1 100
-86 -35 1 100
83 27 1 100
49 41 1 100
-68 -60 1 100
-1 -9 1 100
-29 -93 1 100
35 30 1 100
-7 -43 1 100
44 28 1 100
-88 -80 1 100
23 -44 1 100
42 58 1 100
-10 -42 1 100
-66 -50 1 100
-65 -4 1 100
-60 -44 1 100
19 51 1 100
21 37 1 100
-80 -72 1 100
-18 -39 1 100
-11 4 1 100
60 44 1 100
40 48 1 100
-74 -10 1 100
59 -69 1 100
-27 -59 1 100
-1 7 1 100
-88 -19 1 100
1 17 1 100
-19 -11 1 100
-15 -81 1 100
-25 -33 1 100
-47 4 1 100
-64 -96 1 100
-89 -73 1 100
32 40 1 100
78 -1 1 100
41 49 1 100
-11 47 1 100
63 47 1 100
28 -57 1 100
60 44 1 100
-37 -45 1 100
68 52 1 100
22 14 1 100
0 -16 1 100
32 96 1 100
-80 -96 1 100
3 -7 1 100
-82 -50 1 100
-15 69 1 100
-89 39 1 100
60 92 1 100
-26 -42 1 100
86 78 1 100
15 -17 1 100
37 -5 1 100
-30 -46 1 100
98 18 1 100
-54 -1 1 100
-88 -56 1 100
31 -49 1 100
45 29 1 100
7 23 1 100
74 10 1 100
63 45 1 100
-69 28 1 100
45 37 1 100
-13 80 1 100
-79 -95 1 100
76 54 1 100
-84 -68 1 100
-7 31 1 100
57 -1 1 100
-51 -59 1 100
93 61 1 100
12 20 1 100
-96 -88 1 100
21 37 1 100
-35 -27 1 100
-5 -69 1 100
72 40 1 100
-7 -19 1 100
-14 85 1 100
-91 -75 1 100
41 25 1 100
-36 49 1 100
66 58 1 100
-4 -36 1 100
82 90 1 100
53 61 1 100
46 30 1 100
-72 -40 1 100
64 56 1 100
-35 9 1 100
-91 -99 1 100
16 -16 1 100
66 74 1 100
-91 -27 1 100
-91 -47 1 100
-36 -28 1 100
50 83 1 100
79 -49 1 100
-12 52 1 100
92 64 1 100
58 50 1 100
-90 -74 1 100
-37 -45 1 100
26 34 1 100
-32 -40 1 100
29 37 1 100
98 34 1 100
30 38 1 100
-88 -21 1 100
32 48 1 100
35 43 1 100
90 74 1 100
28 76 1 100
-16 54 1 100
-48 -32 1 100
-89 -97 1 100
-74 -82 1 100
59 27 1 100
6 22 1 100
-14 2 1 100
0 43 1 100
-93 -25 1 100
5 -3 1 100
4 12 1 100
40 90 1 100
-70 10 1 100
68 84 1 100
-17 15 1 100
51 43 1 100
59 -39 1 100
47 39 1 100
36 -55 1 100
14 30 1 100
38 -61 1 100
-56 -48 1 100
94 1 1 100
-44 -52 1 100
55 78 1 100
41 64 1 100
1 17 1 100
28 20 1 100
55 -9 1 100
-34 -26 1 100
-72 -56 1 100
28 60 1 100
15 -50 1 100
-65 -81 1 100
-61 -52 1 100
84 60 1 100
22 14 1 100
-54 -70 1 100
45 29 1 100
19 -68 1 100
90 -38 1 100
40 24 1 100
-7 -86 1 100
6 70 1 100
-98 -82 1 100
-20 -36 1 100
15 8 1 100
0 -16 1 100
-28 -92 1 100
64 56 1 100
-41 57 1 100
-80 -72 1 100
67 59 1 100
-76 -92 1 100
13 77 1 100
-94 -86 1 100
41 57 1 100
-40 -99 1 100
-72 -80 1 100
96 23 1 100
-55 -78 1 100
84 100 1 100
38 6 1 100
21 29 1 100
67 4 1 100
89 81 1 100
-96 -80 1 100
-47 -15 1 100
-22 -91 1 100
69 35 1 100
9 1 1 100
21 -11 1 100
28 92 1 100
34 26 1 100
-68 -60 1 100
68 100 1 100
-41 -33 1 100
-15 -7 1 100
84 76 1 100
-17 -9 1 100
11 19 1 100
-68 -76 1 100
16 8 1 100
-65 -57 1 100
49 -48 1 100
-83 -75 1 100
-44 -52 1 100
20 82 1 100
97 10 1 100
74 66 1 100
-82 -98 1 100
-41 -25 1 100
91 99 1 100
72 -5 1 100
14 30 1 100
-32 -48 1 100
-87 -79 1 100
-25 -57 1 100
-59 -46 1 100
38 -32 1 100
62 66 1 100
-88 -44 1 100
49 65 1 100
56 37 1 100
88 80 1 100
25 33 1 100
40 -39 1 100
28 44 1 100
1 52 1 100
-46 -54 1 100
-12 -20 1 100
-32 -31 1 100
-87 -55 1 100
15 -17 1 100
31 95 1 100
-74 -100 1 100
-51 -83 1 100
83 91 1 100
3 19 1 100
70 62 1 100
50 -78 1 100
55 -38 1 100
-75 -14 1 100
56 -8 1 100
38 30 1 100
19 51 1 100
-31 -76 1 100
90 74 1 100
50 58 1 100
-67 -88 1 100
-17 -92 1 100
34 42 1 100
-4 -20 1 100
98 41 1 100
84 43 1 100
77 61 1 100
-44 -76 1 100
-65 -81 1 100
3 -61 1 100
-64 11 1 100
90 98 1 100
-19 -11 1 100
7 0 1 100
-6 -14 1 100
68 76 1 100
-45 -97 1 100
27 -59 1 100
-19 -51 1 100
-34 -98 1 100
21 -77 1 100
-68 -52 1 100
90 4 1 100
-33 -25 1 100
17 49 1 100
-9 -25 1 100
-78 -14 1 100
-27 -20 1 100
78 94 1 100
23 -57 1 100
81 65 1 100
-56 -48 1 100
-89 -73 1 100
-93 -85 1 100
-47 -39 1 100
-2 14 1 100
-6 58 1 100
75 -17 1 100
-96 -88 1 100
-28 36 1 100
5 -11 1 100
17 -44 1 100
92 28 1 100
21 -66 1 100
50 -46 1 100
-59 -91 1 100
63 47 1 100
-50 -34 1 100
67 35 1 100
53 21 1 100
79 71 1 100
-44 -5 1 100
75 67 1 100
-74 -42 1 100
-25 -41 1 100
99 85 1 100
-67 -23 1 100
-97 -56 1 100
99 83 1 100
-60 -68 1 100
58 26 1 100
46 54 1 100
-15 -61 1 100
-7 25 1 100
-96 -23 1 100
73 40 1 100
98 -30 1 100
6 14 1 100
2 18 1 100
-37 -46 1 100
-67 -99 1 100
-74 -82 1 100
-17 -9 1 100
-34 -65 1 100
-24 -53 1 100
65 57 1 100
31 23 1 100
17 28 1 100
10 74 1 100
88 72 1 100
-24 64 1 100
11 43 1 100
-36 -44 1 100
73 61 1 100
99 67 1 100
-12 73 1 100
16 24 1 100
-39 42 1 100
11 -5 1 100
-98 -34 1 100
-49 -57 1 100
52 20 1 100
-100 -47 1 100
56 24 1 100
99 91 1 100
-26 -18 1 100
-4 92 1 100
37 -21 1 100
-48 -54 1 100
-76 -44 1 100
61 12 1 100
59 27 1 100
74 58 1 100
-85 -69 1 100
68 100 1 100
54 62 1 100
-51 -67 1 100
78 94 1 100
58 74 1 100
28 36 1 100
40 8 1 100
-17 -9 1 100
32 64 1 100
95 87 1 100
8 -56 1 100
-74 -82 1 100
-55 -22 1 100
-72 -47 1 100
-46 -38 1 100
32 31 1 100
-17 -9 1 100
11 -60 1 100
90 74 1 100
-83 -75 1 100
-42 -79 1 100
23 7 1 100
-68 -36 1 100
-81 -97 1 100
40 -10 1 100
-36 -28 1 100
-93 -55 1 100
-1 85 1 100
-6 15 1 100
-29 -13 1 100
-85 -93 1 100
-9 -1 1 100
-48 -40 1 100
21 60 1 100
-26 38 1 100
-47 -55 1 100
-40 -32 1 100
90 98 1 100
24 40 1 100
79 87 1 100
-73 -81 1 100
61 77 1 100
50 -14 1 100
-91 -27 1 100
-50 15 1 100
-72 -40 1 100
-82 -28 1 100
-71 -25 1 100
-34 -42 1 100
-32 -55 1 100
38 46 1 100
39 7 1 100
79 17 1 100
59 58 1 100
42 74 1 100
45 53 1 100
-23 -8 1 100
29 -3 1 100
-36 -20 1 100
83 19 1 100
-99 29 1 100
-79 -95 1 100
20 -27 1 100
-84 -20 1 100
-11 5 1 100
-84 -20 1 100
85 65 1 100
17 49 1 100
42 34 1 100
26 73 1 100
13 21 1 100
-58 -88 1 100
40 14 1 100
-32 -48 1 100
-13 3 1 100
-26 24 1 100
9 25 1 100
-15 17 1 100
28 36 1 100
-70 -86 1 100
40 93 1 100
85 77 1 100
-55 20 1 100
83 91 1 100
-80 -64 1 100
-39 -71 1 100
-5 -21 1 100
-7 -39 1 100
59 67 1 100
9 -55 1 100
-50 -34 1 100
4 -92 1 100
-79 -63 1 100
-59 27 1 100
-98 -41 1 100
97 15 1 100
100 19 1 100
-93 -61 1 100
68 4 1 100
51 48 1 100
-33 -49 1 100
-96 -78 1 100
-52 -36 1 100
75 59 1 100
-96 -80 1 100
52 2 1 100
-48 -56 1 100
90 26 1 100
43 79 1 100
-33 31 1 100
97 63 1 100
21 -7 1 100
-6 42 1 100
44 12 1 100
-69 -57 1 100
-78 -80 1 100
-40 -89 1 100
-70 -78 1 100
-50 -82 1 100
54 -30 1 100
3 -42 1 100
-79 -47 1 100
-37 -29 1 100
-64 -56 1 100
55 87 1 100
62 54 1 100
-5 11 1 100
80 32 1 100
-18 -26 1 100
-24 -90 1 100
41 9 1 100
-31 -15 1 100
39 83 1 100
99 91 1 100
37 45 1 100
35 51 1 100
-34 30 1 100
-26 -10 1 100
33 97 1 100
-96 -88 1 100
89 65 1 100
-79 -71 1 100
-60 -12 1 100
70 6 1 100
96 11 1 100
-10 82 1 100
-8 -72 1 100
-29 -13 1 100
-13 -29 1 100
-35 -19 1 100
-21 -53 1 100
68 76 1 100
-83 45 1 100
29 21 1 100
59 27 1 100
-62 -30 1 100
83 33 1 100
-78 -73 1 100
98 82 1 100
87 79 1 100
-19 -11 1 100
-45 -29 1 100
74 66 1 100
54 -35 1 100
-64 -48 1 100
51 67 1 100
-87 -55 1 100
27 47 1 100
45 -25 1 100
90 58 1 100
0 1 1 100
23 45 1 100
2 -62 1 100
75 59 1 100
-40 -56 1 100
-21 11 1 100
98 34 1 100
-38 -68 1 100
86 78 1 100
52 44 1 100
71 -57 1 100
52 -12 1 100
-65 -73 1 100
-32 -64 1 100
54 62 1 100
85 69 1 100
-38 -46 1 100
40 24 1 100
-66 -74 1 100
10 -54 1 100
14 6 1 100
16 69 1 100
-43 85 1 100
40 48 1 100
64 96 1 100
-38 48 1 100
63 79 1 100
1 54 1 100
0 1 1 100
-42 43 1 100
8 16 1 100
-89 -81 1 100
62 37 1 100
70 97 1 100
27 25 1 100
71 87 1 100
71 87 1 100
90 7 1 100
-66 -98 1 100
100 -28 1 100
-2 62 1 100
-74 -10 1 100
59 43 1 100
37 56 1 100
-80 -16 1 100
78 77 1 100
-95 -63 1 100
-37 -80 1 100
-27 -43 1 100
34 26 1 100
27 66 1 100
98 66 1 100
-3 56 1 100
-50 -42 1 100
35 43 1 100
-43 -51 1 100
48 40 1 100
-76 -68 1 100
4 93 1 100
-4 60 1 100
-60 -68 1 100
-83 -69 1 100
-26 -58 1 100
29 -54 1 100
-16 -8 1 100
-8 0 1 100
-47 -63 1 100
86 22 1 100
-30 -88 1 100
-94 -39 1 100
29 -3 1 100
28 83 1 100
-3 -51 1 100
-48 -56 1 100
-53 -21 1 100
76 11 1 100
69 1 1 100
-9 -1 1 100
-69 -61 1 100
66 34 1 100
-8 -40 1 100
55 -16 1 100
-18 -26 1 100
-24 -40 1 100
-91 -20 1 100
44 28 1 100
49 -15 1 100
89 57 1 100
69 5 1 100
21 13 1 100
68 -4 1 100
-9 23 1 100
65 1 1 100
6 -58 1 100
67 -29 1 100
-42 -72 1 100
-85 -53 1 100
-97 -56 1 100
6 38 1 100
-29 -13 1 100
30 -2 1 100
-58 -74 1 100
-17 -9 1 100
64 56 1 100
34 50 1 100
78 94 1 100
-74 -66 1 100
2 10 1 100
-8 0 1 100
81 65 1 100
19 -63 1 100
-9 -17 1 100
-17 47 1 100
48 -39 1 100
-67 -75 1 100
-63 -31 1 100
-31 -47 1 100
67 83 1 100
-74 -100 1 100
81 97 1 100
90 82 1 100
44 76 1 100
-1 -67 1 100
80 64 1 100
-68 60 1 100
26 -63 1 100
-35 58 1 100
14 22 1 100
-58 6 1 100
-52 -20 1 100
8 24 1 100
-15 -86 1 100
85 21 1 100
-27 -43 1 100
-3 -62 1 100
46 33 1 100
18 10 1 100
50 58 1 100
41 71 1 100
-97 -81 1 100
-70 -54 1 100
4 12 1 100
-73 -89 1 100
-60 -52 1 100
36 1 1 100
-84 -8 1 100
65 57 1 100
55 -29 1 100
-1 -75 1 100
-30 -14 1 100
-32 32 1 100
-25 -57 1 100
-47 -39 1 100
30 14 1 100
34 74 1 100
-24 8 1 100
13 -8 1 100
-14 50 1 100
-60 -76 1 100
28 60 1 100
-5 73 1 100
2 6 1 100
46 -82 1 100
23 39 1 100
-39 25 1 100
34 80 1 100
14 -21 1 100
89 60 1 100
1 100 1 100
25 -42 1 100
-32 -99 1 100
-11 -3 1 100
18 10 1 100
35 51 1 100
-88 -72 1 100
-29 14 1 100
64 95 1 100
31 39 1 100
-18 -49 1 100
-77 -61 1 100
92 60 1 100
-16 -24 1 100
63 55 1 100
36 100 1 100
36 -92 1 100
-15 -7 1 100
-5 93 1 100
-80 -10 1 100
-20 -12 1 100
40 4 1 100
-10 -84 1 100
-96 -88 1 100
-53 11 1 100
-7 -15 1 100
33 25 1 100
-49 -57 1 100
-23 12 1 100
-65 -81 1 100
-71 -52 1 100
86 54 1 100
1 65 1 100
-96 -32 1 100
-49 79 1 100
-18 66 1 100
-6 2 1 100
-2 -10 1 100
-92 1 1 100
-62 -54 1 100
78 70 1 100
34 -61 1 100
11 -5 1 100
33 25 1 100
7 -25 1 100
35 3 1 100
33 41 1 100
60 92 1 100
44 56 1 100
25 17 1 100
-69 -37 1 100
-7 -15 1 100
21 53 1 100
90 73 1 100
-18 -10 1 100
53 -19 1 100
-27 -11 1 100
61 100 1 100
-41 23 1 100
44 -20 1 100
-66 -82 1 100
-87 -79 1 100
-53 32 1 100
0 16 1 100
-93 -82 1 100
76 13 1 100
50 66 1 100
-5 3 1 100
85 53 1 100
-51 -67 1 100
-22 -38 1 100
69 61 1 100
32 64 1 100
65 81 1 100
-68 -52 1 100
-9 -73 1 100
23 7 1 100
-32 -48 1 100
-28 -36 1 100
60 76 1 100
2 66 1 100
52 60 1 100
50 18 1 100
21 37 1 100
-40 -56 1 100
-7 31 1 100
26 -6 1 100
29 37 1 100
-99 -35 1 100
-78 -96 1 100
58 -1 1 100
39 -41 1 100
33 -57 1 100
-24 -30 1 100
-72 -56 1 100
-1 -93 1 100
-97 -81 1 100
-16 -32 1 100
46 30 1 100
-77 -85 1 100
58 16 1 100
-48 -16 1 100
-39 14 1 100
17 -71 1 100
-61 6 1 100
-58 -74 1 100
3 -89 1 100
36 10 1 100
47 63 1 100
-57 -65 1 100
-22 -30 1 100
-49 -81 1 100
-52 12 1 100
-61 -8 1 100
29 37 1 100
-18 -34 1 100
47 63 1 100
37 21 1 100
90 98 1 100
36 68 1 100
-71 -55 1 100
16 48 1 100
-81 -65 1 100
28 75 1 100
-38 25 1 100
-83 -19 1 100
22 -42 1 100
42 58 1 100
-42 -50 1 100
56 72 1 100
-37 -72 1 100
-51 -59 1 100
-25 -17 1 100
99 83 1 100
66 74 1 100
-21 74 1 100
-73 -41 1 100
51 35 1 100
3 -54 1 100
65 78 1 100
5 -3 1 100
-32 32 1 100
48 39 1 100
90 55 1 100
48 64 1 100
-72 -40 1 100
-21 31 1 100
-98 -18 1 100
51 59 1 100
-99 -39 1 100
-87 -39 1 100
-24 -56 1 100
-46 30 1 100
-44 -52 1 100
37 69 1 100
-24 40 1 100
-74 -99 1 100
0 1 1 100
-32 -16 1 100
-25 -9 1 100
9 1 1 100
62 54 1 100
93 61 1 100
-18 -26 1 100
84 14 1 100
-97 -47 1 100
-71 -63 1 100
-74 -10 1 100
70 54 1 100
52 36 1 100
-16 41 1 100
-32 -25 1 100
45 -12 1 100
50 76 1 100
-92 -84 1 100
-4 -22 1 100
-20 12 1 100
42 -47 1 100
0 1 1 100
-4 4 1 100
-78 -94 1 100
63 31 1 100
-19 -11 1 100
7 23 1 100
99 35 1 100
-43 54 1 100
4 -58 1 100
-16 -85 1 100
-50 -34 1 100
72 64 1 100
87 79 1 100
-56 -31 1 100
-29 46 1 100
-84 -76 1 100
-45 -29 1 100
-16 53 1 100
56 -31 1 100
83 40 1 100
12 44 1 100
1 -15 1 100
-17 31 1 100
-96 -5 1 100
-12 -20 1 100
83 71 1 100
46 78 1 100
-32 -56 1 100
82 98 1 100
-95 -63 1 100
23 62 1 100
-28 4 1 100
3 67 1 100
27 43 1 100
-21 -29 1 100
-25 -93 1 100
-52 -20 1 100
15 47 1 100
20 -44 1 100
51 -13 1 100
21 5 1 100
42 74 1 100
62 -2 1 100
38 54 1 100
10 -6 1 100
-6 -3 1 100
32 -5 1 100
-67 -99 1 100
-45 49 1 100
-92 -60 1 100
-14 18 1 100
36 44 1 100
-22 -38 1 100
-9 23 1 100
58 -22 1 100
-33 31 1 100
-48 -52 1 100
72 64 1 100
-65 -6 1 100
40 8 1 100
77 69 1 100
-51 -59 1 100
54 62 1 100
-31 61 1 100
-22 -30 1 100
-29 7 1 100
61 45 1 100
36 -20 1 100
-39 -23 1 100
81 65 1 100
7 -9 1 100
-48 -39 1 100
-22 -14 1 100
25 57 1 100
-47 -39 1 100
5 13 1 100
-49 -57 1 100
97 65 1 100
64 72 1 100
-75 -59 1 100
27 35 1 100
-29 -37 1 100
-35 -85 1 100
12 72 1 100
-74 -42 1 100
78 62 1 100
-29 -61 1 100
70 86 1 100
-5 59 1 100
-40 39 1 100
23 -51 1 100
-11 -27 1 100
81 89 1 100
-9 23 1 100
-35 -3 1 100
-26 6 1 100
-88 -24 1 100
14 78 1 100
28 -68 1 100
90 56 1 100
27 11 1 100
-57 7 1 100
-29 64 1 100
95 41 1 100
24 7 1 100
-35 29 1 100
89 57 1 100
-35 -27 1 100
-95 -31 1 100
69 61 1 100
80 64 1 100
-39 -31 1 100
-10 -2 1 100
15 -1 1 100
-43 -59 1 100
-58 -42 1 100
-38 -30 1 100
-28 36 1 100
-84 -97 1 100
-33 -17 1 100
-85 -69 1 100
-75 -16 1 100
-60 -92 1 100
-47 -51 1 100
-79 -47 1 100
-6 -22 1 100
58 -70 1 100
74 -19 1 100
46 54 1 100
42 -56 1 100
-90 2 1 100
54 46 1 100
21 37 1 100
-38 -3 1 100
0 1 1 100
75 67 1 100
10 -65 1 100
-57 -75 1 100
-21 -53 1 100
-41 -49 1 100
12 4 1 100
15 -55 1 100
35 -17 1 100
49 47 1 100
67 99 1 100
-79 49 1 100
33 25 1 100
68 76 1 100
-6 -58 1 100
51 59 1 100
-34 -42 1 100
59 67 1 100
48 56 1 100
-62 16 1 100
-11 43 1 100
85 69 1 100
-85 14 1 100
-6 -45 1 100
17 25 1 100
-29 -83 1 100
37 29 1 100
-55 -75 1 100
17 25 1 100
28 -58 1 100
-60 -28 1 100
-64 21 1 100
0 -83 1 100
-9 -73 1 100
90 58 1 100
70 86 1 100
73 35 1 100
71 7 1 100
33 17 1 100
-86 -54 1 100
-49 -19 1 100
5 37 1 100
90 55 1 100
-19 -27 1 100
24 88 1 100
-37 -29 1 100
18 26 1 100
36 44 1 100
-99 -67 1 100
-58 -46 1 100
-99 -34 1 100
87 -6 1 100
-58 70 1 100
-7 -15 1 100
-5 60 1 100
58 26 1 100
-94 -86 1 100
-8 8 1 100
0 1 1 100
99 48 1 100
90 46 1 100
-34 94 1 100
43 -20 1 100
45 61 1 100
26 45 1 100
38 30 1 100
-91 37 1 100
-16 -30 1 100
-72 10 1 100
28 73 1 100
-86 -79 1 100
-11 -19 1 100
-55 -63 1 100
-41 -43 1 100
92 54 1 100
-16 53 1 100
-18 18 1 100
37 45 1 100
29 13 1 100
-38 -22 1 100
-41 -49 1 100
-42 16 1 100
-58 -26 1 100
66 58 1 100
67 3 1 100
-58 -12 1 100
73 70 1 100
-12 52 1 100
-36 -44 1 100
-53 11 1 100
17 81 1 100
72 56 1 100
-21 -85 1 100
-11 -33 1 100
71 63 1 100
-46 1 1 100
10 -28 1 100
32 40 1 100
62 54 1 100
76 68 1 100
46 -18 1 100
71 -11 1 100
91 32 1 100
43 -21 1 100
-2 -34 1 100
11 -61 1 100
81 49 1 100
-30 -14 1 100
83 99 1 100
30 46 1 100
-12 3 1 100
46 30 1 100
-98 -90 1 100
-1 7 1 100
34 42 1 100
11 75 1 100
-2 30 1 100
32 0 1 100
39 71 1 100
90 74 1 100
22 54 1 100
-91 -99 1 100
38 -26 1 100
-41 -73 1 100
-91 37 1 100
-54 -70 1 100
-66 -58 1 100
20 -70 1 100
-23 -31 1 100
32 -58 1 100
15 47 1 100
-3 -13 1 100
27 -10 1 100
-37 -22 1 100
-30 -22 1 100
-55 -63 1 100
-26 -58 1 100
92 19 1 100
30 24 1 100
91 83 1 100
-25 -89 1 100
-33 -22 1 100
-4 28 1 100
-23 -34 1 100
-19 -83 1 100
98 74 1 100
33 20 1 100
-30 34 1 100
56 97 1 100
-12 79 1 100
-12 50 1 100
1 98 1 100
-70 -78 1 100
-71 -79 1 100
21 -14 1 100
-89 -97 1 100
53 21 1 100
-30 98 1 100
49 33 1 100
69 61 1 100
-18 52 1 100
-28 -22 1 100
23 -41 1 100
-37 -21 1 100
71 -57 1 100
4 49 1 100
-47 -15 1 100
-61 3 1 100
-58 -66 1 100
-38 -15 1 100
88 56 1 100
79 15 1 100
-83 -67 1 100
96 88 1 100
-54 -86 1 100
-68 -60 1 100
76 84 1 100
-31 -23 1 100
-49 -57 1 100
-9 0 1 100
-42 -60 1 100
22 30 1 100
-32 -83 1 100
-60 -68 1 100
61 18 1 100
-56 -19 1 100
-66 -90 1 100
16 8 1 100
86 -9 1 100
-76 -84 1 100
-57 14 1 100
32 -48 1 100
31 15 1 100
8 16 1 100
12 4 1 100
0 16 1 100
89 82 1 100
-47 52 1 100
28 36 1 100
94 78 1 100
66 98 1 100
6 22 1 100
-89 -54 1 100
-3 -19 1 100
80 89 1 100
50 18 1 100
-82 -18 1 100
-38 -54 1 100
23 87 1 100
-19 13 1 100
85 -6 1 100
8 -56 1 100
74 66 1 100
-9 -36 1 100
56 -23 1 100
46 -47 1 100
42 -31 1 100
-72 -64 1 100
-66 -72 1 100
48 36 1 100
-13 -21 1 100
57 65 1 100
-7 -23 1 100
26 34 1 100
-36 92 1 100
-24 7 1 100
16 78 1 100
83 91 1 100
-58 -27 1 100
8 -8 1 100
57 25 1 100
-34 -36 1 100
-71 -3 1 100
65 73 1 100
-51 39 1 100
98 77 1 100
-9 -17 1 100
-87 -71 1 100
27 91 1 100
-21 38 1 100
12 -4 1 100
13 23 1 100
74 -15 1 100
-24 50 1 100
-79 -87 1 100
-79 -71 1 100
-77 -61 1 100
-80 -64 1 100
-59 -51 1 100
-50 -34 1 100
65 79 1 100
16 -48 1 100
83 51 1 100
-30 1 1 100
-67 6 1 100
61 -34 1 100
51 19 1 100
-92 36 1 100
-17 -81 1 100
4 -4 1 100
-67 -15 1 100
-34 0 1 100
-5 11 1 100
0 85 1 100
-66 -2 1 100
-55 -38 1 100
-76 -62 1 100
42 86 1 100
-27 -64 1 100
97 41 1 100
37 -14 1 100
16 -24 1 100
36 20 1 100
-24 53 1 100
-26 -90 1 100
99 91 1 100
-57 -41 1 100
-59 -43 1 100
45 -19 1 100
69 37 1 100
-88 -24 1 100
76 92 1 100
95 87 1 100
20 4 1 100
69 5 1 100
-70 -44 1 100
-59 -91 1 100
38 70 1 100
55 24 1 100
-29 35 1 100
20 36 1 100
66 2 1 100
26 19 1 100
-91 -27 1 100
-70 58 1 100
-9 -1 1 100
-61 -83 1 100
-84 -31 1 100
1 -68 1 100
85 44 1 100
-30 -22 1 100
29 35 1 100
-4 -12 1 100
28 92 1 100
79 87 1 100
-67 -3 1 100
-57 17 1 100
64 -32 1 100
72 64 1 100
-42 45 1 100
58 23 1 100
-19 -3 1 100
4 -28 1 100
57 -7 1 100
-20 -84 1 100
23 -41 1 100
76 68 1 100
61 77 1 100
-96 -94 1 100
0 1 1 100
31 47 1 100
8 39 1 100
-15 -89 1 100
-86 -78 1 100
89 73 1 100
13 -3 1 100
38 97 1 100
91 -4 1 100
5 -27 1 100
49 57 1 100
-28 -60 1 100
46 78 1 100
-70 -86 1 100
34 26 1 100
44 36 1 100
-53 37 1 100
-57 -25 1 100
69 61 1 100
-49 -17 1 100
80 88 1 100
-92 -28 1 100
7 71 1 100
24 16 1 100
82 66 1 100
-11 67 1 100
-14 18 1 100
3 -4 1 100
78 -50 1 100
47 -20 1 100
-41 -20 1 100
95 63 1 100
94 78 1 100
-47 -55 1 100
-11 21 1 100
96 -32 1 100
-80 -77 1 100
-37 -59 1 100
-30 -93 1 100
-9 -1 1 100
72 88 1 100
51 67 1 100
58 -70 1 100
18 2 1 100
-84 -20 1 100
-15 -79 1 100
30 22 1 100
4 72 1 100
22 30 1 100
-1 -64 1 100
-28 36 1 100
61 29 1 100
-63 65 1 100
96 30 1 100
-91 -27 1 100
-9 -17 1 100
4 -28 1 100
1 9 1 100
-12 -20 1 100
-62 -30 1 100
-11 -3 1 100
-66 -2 1 100
-10 54 1 100
-74 -42 1 100
20 28 1 100
-43 -35 1 100
-33 -49 1 100
82 66 1 100
40 -88 1 100
61 29 1 100
-35 -99 1 100
-91 -56 1 100
17 25 1 100
-54 -38 1 100
12 20 1 100
-61 -93 1 100
34 50 1 100
49 54 1 100
-17 -1 1 100
14 -19 1 100
16 8 1 100
14 -11 1 100
3 44 1 100
-26 -90 1 100
-51 -88 1 100
29 21 1 100
-12 -44 1 100
-75 -65 1 100
-92 -76 1 100
-96 -64 1 100
-77 -61 1 100
-32 -6 1 100
-100 -84 1 100
-5 -43 1 100
-13 72 1 100
14 -15 1 100
-55 -23 1 100
-10 -87 1 100
61 53 1 100
48 32 1 100
21 60 1 100
-49 -41 1 100
11 27 1 100
51 83 1 100
1 78 1 100
-66 -98 1 100
-12 -11 1 100
-1 31 1 100
-6 -70 1 100
89 25 1 100
20 28 1 100
-66 4 1 100
-6 -89 1 100
93 77 1 100
38 36 1 100
-35 -3 1 100
-25 -41 1 100
8 -8 1 100
-93 -85 1 100
31 43 1 100
-58 -90 1 100
-8 59 1 100
-1 7 1 100
68 36 1 100
80 45 1 100
-84 -92 1 100
37 21 1 100
-24 -32 1 100
42 50 1 100
14 -50 1 100
-16 81 1 100
-62 -20 1 100
27 91 1 100
5 37 1 100
-39 -67 1 100
0 -16 1 100
-13 -5 1 100
61 69 1 100
-19 -40 1 100
19 27 1 100
-38 -46 1 100
-69 -61 1 100
6 -32 1 100
83 99 1 100
-19 -51 1 100
-37 27 1 100
42 34 1 100
73 65 1 100
-61 -69 1 100
49 52 1 100
90 17 1 100
-48 -40 1 100
-16 0 1 100
-78 -86 1 100
2 -62 1 100
44 76 1 100
-55 -71 1 100
-91 -27 1 100
38 6 1 100
32 48 1 100
96 39 1 100
91 -37 1 100
-16 -24 1 100
-73 -81 1 100
-53 -45 1 100
65 49 1 100
68 100 1 100
-33 -17 1 100
-58 -50 1 100
8 -56 1 100
54 62 1 100
67 75 1 100
54 62 1 100
-57 -65 1 100
0 1 1 100
49 57 1 100
7 91 1 100
28 -11 1 100
64 80 1 100
37 45 1 100
-59 -91 1 100
47 55 1 100
68 76 1 100
11 -21 1 100
27 59 1 100
24 -40 1 100
18 2 1 100
95 14 1 100
-60 -6 1 100
-47 -55 1 100
-60 -52 1 100
-63 -47 1 100
-76 -68 1 100
78 86 1 100
14 96 1 100
23 31 1 100
-1 -50 1 100
30 -34 1 100
88 35 1 100
81 89 1 100
-6 -91 1 100
-97 -89 1 100
4 -28 1 100
-11 11 1 100
-28 32 1 100
8 7 1 100
0 -88 1 100
-31 33 1 100
53 45 1 100
-24 -16 1 100
-99 -91 1 100
-42 -34 1 100
1 -18 1 100
-41 25 1 100
18 -14 1 100
-97 -89 1 100
-18 -26 1 100
69 -28 1 100
22 65 1 100
48 -16 1 100
50 34 1 100
100 68 1 100
-66 -2 1 100
-43 55 1 100
-23 -39 1 100
-8 12 1 100
34 42 1 100
26 10 1 100
-2 6 1 100
13 26 1 100
-85 -19 1 100
14 27 1 100
-52 -20 1 100
61 77 1 100
-45 19 1 100
84 37 1 100
63 52 1 100
35 -29 1 100
-90 -82 1 100
-21 11 1 100
-54 -38 1 100
-93 -94 1 100
45 30 1 100
-57 -73 1 100
-62 -86 1 100
-77 -85 1 100
24 56 1 100
7 -1 1 100
76 68 1 100
-87 -93 1 100
49 76 1 100
-14 -22 1 100
6 -2 1 100
-95 -79 1 100
-79 -47 1 100
81 65 1 100
62 30 1 100
41 9 1 100
61 77 1 100
66 -62 1 100
-93 -85 1 100
-63 -66 1 100
2 10 1 100
84 52 1 100
-41 -57 1 100
88 72 1 100
79 60 1 100
-7 51 1 100
-2 82 1 100
64 56 1 100
-27 -35 1 100
93 85 1 100
-34 -50 1 100
-55 -71 1 100
0 1 1 100
-91 -83 1 100
47 55 1 100
-4 28 1 100
91 -37 1 100
80 72 1 100
36 68 1 100
13 63 1 100
-9 59 1 100
93 73 1 100
-73 -57 1 100
46 -82 1 100
-18 -50 1 100
6 -26 1 100
41 73 1 100
-6 -38 1 100
8 53 1 100
5 -83 1 100
-14 -35 1 100
-18 -50 1 100
-100 -91 1 100
-53 -69 1 100
67 99 1 100
61 93 1 100
54 46 1 100
-61 -16 1 100
87 55 1 100
35 43 1 100
-23 -7 1 100
53 69 1 100
-42 -63 1 100
-11 -82 1 100
-74 -11 1 100
-47 -55 1 100
20 28 1 100
13 29 1 100
-13 32 1 100
-75 -11 1 100
43 32 1 100
-12 4 1 100
50 58 1 100
-89 -84 1 100
9 25 1 100
60 68 1 100
-59 69 1 100
-66 19 1 100
-53 -85 1 100
74 -18 1 100
-2 30 1 100
91 12 1 100
32 -38 1 100
21 85 1 100
-76 -60 1 100
5 13 1 100
-20 -17 1 100
77 61 1 100
-34 36 1 100
-24 16 1 100
24 40 1 100
48 38 1 100
-37 -5 1 100
-82 -90 1 100
-77 -45 1 100
71 -57 1 100
-78 -62 1 100
-12 -4 1 100
42 50 1 100
32 16 1 100
-89 -97 1 100
37 21 1 100
78 14 1 100
-31 -69 1 100
-43 -96 1 100
-4 89 1 100
58 66 1 100
-13 19 1 100
5 13 1 100
-97 -81 1 100
-23 -7 1 100
81 80 1 100
14 46 1 100
11 -21 1 100
-50 -34 1 100
-14 70 1 100
-71 -39 1 100
-45 -53 1 100
-43 21 1 100
70 54 1 100
-6 -77 1 100
-84 -92 1 100
56 24 1 100
27 91 1 100
64 -9 1 100
49 33 1 100
68 52 1 100
45 37 1 100
-79 5 1 100
-34 -2 1 100
-38 -46 1 100
44 28 1 100
-4 -86 1 100
-97 -89 1 100
-25 39 1 100
-9 -17 1 100
-96 -64 1 100
-87 -1 1 100
-38 -44 1 100
-78 -94 1 100
81 65 1 100
-73 -65 1 100
29 45 1 100
21 85 1 100
-38 -70 1 100
52 -12 1 100
55 47 1 100
30 38 1 100
20 28 1 100
51 67 1 100
-46 -78 1 100
83 75 1 100
-95 33 1 100
14 6 1 100
-49 -17 1 100
-2 83 1 100
-2 -25 1 100
35 19 1 100
5 13 1 100
-68 -76 1 100
58 93 1 100
0 16 1 100
46 14 1 100
6 67 1 100
39 71 1 100
-26 -18 1 100
11 -21 1 100
26 11 1 100
61 69 1 100
61 45 1 100
-24 -92 1 100
-55 -80 1 100
-84 -76 1 100
28 -5 1 100
-90 -82 1 100
49 -42 1 100
19 -62 1 100
-81 -73 1 100
-17 -81 1 100
-2 30 1 100
-79 -95 1 100
-52 -20 1 100
-45 83 1 100
-61 -69 1 100
38 30 1 100
-46 -84 1 100
45 -39 1 100
-57 -41 1 100
-13 15 1 100
73 83 1 100
44 52 1 100
98 82 1 100
-10 46 1 100
-49 -41 1 100
29 45 1 100
-11 -85 1 100
-53 -37 1 100
74 -54 1 100
92 28 1 100
3 -36 1 100
-88 40 1 100
-77 -88 1 100
91 59 1 100
-24 -64 1 100
47 39 1 100
47 79 1 100
77 45 1 100
-97 -27 1 100
87 55 1 100
56 40 1 100
33 -22 1 100
-38 -30 1 100
-73 -59 1 100
-38 -6 1 100
-61 -93 1 100
-50 -66 1 100
58 -70 1 100
15 76 1 100
-32 -58 1 100
-57 -65 1 100
77 61 1 100
10 -37 1 100
40 8 1 100
8 0 1 100
16 24 1 100
50 -78 1 100
45 -19 1 100
58 74 1 100
29 13 1 100
-82 -66 1 100
-70 -86 1 100
74 40 1 100
-72 -80 1 100
59 -5 1 100
-3 -19 1 100
86 51 1 100
31 -13 1 100
-21 -53 1 100
-70 -86 1 100
-55 -9 1 100
95 63 1 100
-25 -38 1 100
43 90 1 100
66 74 1 100
-87 -95 1 100
7 15 1 100
59 51 1 100
60 68 1 100
-31 -32 1 100
8 -24 1 100
5 13 1 100
13 -3 1 100
-97 -89 1 100
29 -35 1 100
57 -11 1 100
18 82 1 100
88 19 1 100
37 -23 1 100
-32 -48 1 100
-22 -38 1 100
-37 -53 1 100
69 46 1 100
5 69 1 100
5 -1 1 100
39 -54 1 100
-94 -30 1 100
-4 4 1 100
-50 -70 1 100
55 39 1 100
60 -4 1 100
-81 -89 1 100
58 93 1 100
-44 -76 1 100
-6 -14 1 100
9 41 1 100
-25 -17 1 100
-10 -9 1 100
-82 -50 1 100
41 88 1 100
-10 24 1 100
-55 -71 1 100
62 35 1 100
47 -17 1 100
14 30 1 100
52 60 1 100
-78 -64 1 100
74 15 1 100
60 68 1 100
13 25 1 100
-98 -90 1 100
31 -1 1 100
-12 -87 1 100
-46 -78 1 100
-36 -28 1 100
69 77 1 100
73 65 1 100
-26 42 1 100
-43 -35 1 100
9 73 1 100
57 25 1 100
19 -45 1 100
-10 -41 1 100
70 86 1 100
-77 -45 1 100
-20 -17 1 100
18 10 1 100
21 -11 1 100
-44 -28 1 100
36 28 1 100
18 26 1 100
-42 -34 1 100
9 73 1 100
49 41 1 100
49 81 1 100
35 43 1 100
83 92 1 100
96 64 1 100
-42 -26 1 100
-63 -55 1 100
-20 -28 1 100
-4 47 1 100
-64 -72 1 100
-17 -81 1 100
-27 -59 1 100
-18 47 1 100
61 45 1 100
4 -4 1 100
36 28 1 100
33 25 1 100
43 75 1 100
65 57 1 100
62 -36 1 100
-93 -85 1 100
-48 44 1 100
6 -5 1 100
35 43 1 100
60 -12 1 100
83 75 1 100
-21 13 1 100
24 32 1 100
-50 25 1 100
-15 1 1 100
5 -76 1 100
56 72 1 100
28 44 1 100
3 -13 1 100
-1 -9 1 100
80 16 1 100
18 82 1 100
25 -71 1 100
70 14 1 100
17 31 1 100
-63 31 1 100
-81 -89 1 100
-26 38 1 100
-54 -70 1 100
-64 -26 1 100
-44 6 1 100
-68 31 1 100
-40 -32 1 100
58 -34 1 100
-68 -30 1 100
-20 -12 1 100
18 -14 1 100
-55 -39 1 100
-23 -15 1 100
-66 29 1 100
-95 -37 1 100
-3 13 1 100
-43 3 1 100
-22 26 1 100
-6 46 1 100
25 33 1 100
51 43 1 100
-64 -80 1 100
-20 -28 1 100
-77 -85 1 100
37 29 1 100
-6 -22 1 100
94 30 1 100
34 -59 1 100
-54 74 1 100
33 25 1 100
8 -56 1 100
-66 21 1 100
-24 -40 1 100
10 -22 1 100
30 -21 1 100
8 16 1 100
-77 13 1 100
62 78 1 100
-48 -56 1 100
-33 -17 1 100
76 84 1 100
87 79 1 100
-89 -37 1 100
-82 -74 1 100
76 84 1 100
94 78 1 100
-23 -39 1 100
-57 -10 1 100
86 13 1 100
-64 -56 1 100
26 18 1 100
-21 -29 1 100
-58 6 1 100
45 53 1 100
-37 9 1 100
-38 -6 1 100
-40 24 1 100
-2 73 1 100
-3 -56 1 100
90 82 1 100
-26 -18 1 100
68 84 1 100
85 77 1 100
-29 -45 1 100
36 -41 1 100
16 24 1 100
-83 -91 1 100
-60 12 1 100
36 -44 1 100
-50 -58 1 100
11 78 1 100
-46 -73 1 100
60 76 1 100
-63 1 1 100
6 86 1 100
5 21 1 100
-26 -3 1 100
65 33 1 100
62 -22 1 100
-11 53 1 100
30 58 1 100
-27 -19 1 100
-54 10 1 100
56 88 1 100
-72 -8 1 100
59 10 1 100
-45 54 1 100
-43 -75 1 100
54 86 1 100
53 45 1 100
12 -52 1 100
36 -92 1 100
68 60 1 100
90 73 1 100
65 49 1 100
-52 -44 1 100
69 61 1 100
97 33 1 100
14 -50 1 100
10 -22 1 100
71 39 1 100
53 85 1 100
-26 38 1 100
70 31 1 100
88 30 1 100
33 49 1 100
58 74 1 100
5 13 1 100
-83 -31 1 100
-9 -86 1 100
-82 -2 1 100
38 70 1 100
38 46 1 100
38 -19 1 100
-27 -11 1 100
-88 -72 1 100
-57 -89 1 100
-17 -91 1 100
95 79 1 100
35 -29 1 100
-32 96 1 100
-16 63 1 100
-15 1 1 100
-92 2 1 100
30 -2 1 100
-40 -32 1 100
88 -9 1 100
-94 -33 1 100
-8 69 1 100
24 32 1 100
-62 -87 1 100
-1 31 1 100
-99 29 1 100
-17 -9 1 100
89 18 1 100
65 73 1 100
2 -6 1 100
68 4 1 100
19 -45 1 100
0 16 1 100
20 -52 1 100
-80 -96 1 100
-58 26 1 100
49 57 1 100
66 34 1 100
52 44 1 100
16 24 1 100
0 -64 1 100
-42 -50 1 100
-48 -56 1 100
5 21 1 100
0 19 1 100
4 -84 1 100
54 62 1 100
3 -29 1 100
-69 -5 1 100
18 10 1 100
56 64 1 100
-42 22 1 100
-69 -61 1 100
-83 16 1 100
86 -10 1 100
-43 -75 1 100
58 40 1 100
55 63 1 100
-24 -88 1 100
-39 -47 1 100
-42 34 1 100
-27 -8 1 100
49 17 1 100
26 19 1 100
-29 -45 1 100
48 16 1 100
63 47 1 100
44 36 1 100
62 78 1 100
58 56 1 100
92 100 1 100
-80 -72 1 100
-39 3 1 100
-66 -50 1 100
-18 -82 1 100
84 68 1 100
-74 -42 1 100
-66 -58 1 100
-35 -27 1 100
-8 -72 1 100
-95 -79 1 100
19 83 1 100
70 54 1 100
66 -9 1 100
-100 -68 1 100
68 3 1 100
-6 -14 1 100
-8 8 1 100
-87 -58 1 100
7 -9 1 100
-35 -51 1 100
-15 -31 1 100
76 60 1 100
-84 -100 1 100
100 84 1 100
50 51 1 100
-46 29 1 100
59 -19 1 100
-62 -78 1 100
91 75 1 100
99 83 1 100
75 83 1 100
63 47 1 100
-10 6 1 100
-92 -76 1 100
-36 28 1 100
-38 -30 1 100
-40 -24 1 100
-44 -36 1 100
57 82 1 100
-66 17 1 100
-26 65 1 100
91 83 1 100
-53 75 1 100
-10 75 1 100
-26 6 1 100
-86 -5 1 100
-92 -60 1 100
-69 -61 1 100
41 49 1 100
-50 78 1 100
12 -52 1 100
23 81 1 100
14 -50 1 100
-60 -52 1 100
-36 -4 1 100
-62 2 1 100
-50 -42 1 100
-69 3 1 100
51 -17 1 100
-39 -63 1 100
-51 13 1 100
-11 53 1 100
-48 -56 1 100
9 -55 1 100
36 -92 1 100
5 13 1 100
96 79 1 100
-59 10 1 100
67 51 1 100
93 32 1 100
50 58 1 100
77 85 1 100
70 86 1 100
30 57 1 100
-53 37 1 100
-67 -83 1 100
-49 2 1 100
-68 -47 1 100
19 45 1 100
-66 -40 1 100
94 5 1 100
28 36 1 100
67 35 1 100
78 86 1 100
-12 -4 1 100
-22 -38 1 100
7 68 1 100
69 23 1 100
-15 34 1 100
73 65 1 100
4 87 1 100
-48 46 1 100
60 -68 1 100
85 93 1 100
97 81 1 100
43 16 1 100
0 1 1 100
-26 -18 1 100
-59 -51 1 100
1 -83 1 100
82 50 1 100
-51 -67 1 100
12 -51 1 100
-81 -66 1 100
-59 -21 1 100
37 69 1 100
54 22 1 100
-53 -45 1 100
-91 -99 1 100
20 84 1 100
44 -84 1 100
-46 -78 1 100
-55 -23 1 100
-8 -24 1 100
32 -41 1 100
76 92 1 100
-86 -22 1 100
20 -67 1 100
73 13 1 100
-39 -47 1 100
43 75 1 100
45 25 1 100
83 75 1 100
-25 -8 1 100
-50 14 1 100
10 26 1 100
81 65 1 100
-15 -7 1 100
-33 -17 1 100
30 95 1 100
73 53 1 100
-43 -35 1 100
-23 75 1 100
45 77 1 100
74 10 1 100
-59 -43 1 100
-58 -35 1 100
89 70 1 100
-41 -57 1 100
40 48 1 100
37 -15 1 100
-61 -45 1 100
-2 62 1 100
21 85 1 100
50 -14 1 100
84 13 1 100
-53 75 1 100
48 78 1 100
54 70 1 100
-90 -26 1 100
28 -21 1 100
37 21 1 100
-28 -83 1 100
31 23 1 100
-90 -82 1 100
73 57 1 100
-7 1 1 100
9 25 1 100
40 56 1 100
7 15 1 100
75 11 1 100
12 44 1 100
-10 -26 1 100
-48 -75 1 100
52 60 1 100
1 17 1 100
-72 -93 1 100
70 -23 1 100
-67 -17 1 100
21 -43 1 100
-11 21 1 100
-3 36 1 100
100 84 1 100
14 6 1 100
-27 66 1 100
52 -76 1 100
-54 -22 1 100
-99 -67 1 100
-41 -73 1 100
-9 -17 1 100
-22 -98 1 100
-24 37 1 100
90 12 1 100
-70 -62 1 100
88 85 1 100
-53 -37 1 100
10 -42 1 100
9 -55 1 100
-65 -81 1 100
37 45 1 100
89 73 1 100
-41 -57 1 100
14 22 1 100
89 57 1 100
-10 -42 1 100
96 30 1 100
-58 -66 1 100
73 41 1 100
50 66 1 100
20 84 1 100
-5 -21 1 100
28 48 1 100
54 -27 1 100
57 65 1 100
59 91 1 100
18 -71 1 100
32 -32 1 100
-71 -55 1 100
-29 -21 1 100
-84 -20 1 100
-32 63 1 100
-42 -74 1 100
-17 -25 1 100
100 24 1 100
-43 -27 1 100
-63 65 1 100
51 35 1 100
-56 -6 1 100
62 30 1 100
-37 -53 1 100
-53 -37 1 100
35 -33 1 100
-97 -41 1 100
28 32 1 100
98 91 1 100
92 60 1 100
57 65 1 100
3 79 1 100
50 58 1 100
84 100 1 100
5 69 1 100
-43 -11 1 100
2 -30 1 100
9 -42 1 100
83 91 1 100
-52 -20 1 100
-36 -68 1 100
-31 -95 1 100
41 49 1 100
22 30 1 100
37 21 1 100
33 65 1 100
-88 -56 1 100
-53 -45 1 100
4 -4 1 100
1 54 1 100
-14 -46 1 100
39 -89 1 100
98 90 1 100
-11 -3 1 100
-73 -81 1 100
20 28 1 100
-61 -53 1 100
-32 -81 1 100
-16 -8 1 100
72 -26 1 100
-25 7 1 100
-45 -53 1 100
-82 -50 1 100
-80 -72 1 100
37 21 1 100
39 47 1 100
96 80 1 100
45 -19 1 100
-86 -14 1 100
-81 -31 1 100
84 92 1 100
-37 -29 1 100
-94 -62 1 100
53 85 1 100
22 54 1 100
-3 -19 1 100
48 32 1 100
10 74 1 100
2 -38 1 100
19 98 1 100
-56 -7 1 100
51 43 1 100
-57 33 1 100
22 54 1 100
-81 -43 1 100
-68 -36 1 100
86 54 1 100
96 64 1 100
54 70 1 100
-10 -98 1 100
-79 -87 1 100
60 68 1 100
24 -40 1 100
-88 -72 1 100
-67 -75 1 100
0 1 1 100
-82 -98 1 100
81 97 1 100
-78 -3 1 100
0 1 1 100
-45 -85 1 100
-7 -6 1 100
-12 -76 1 100
-68 -52 1 100
-26 57 1 100
25 -7 1 100
-78 -62 1 100
94 -2 1 100
-51 -35 1 100
37 21 1 100
-20 -1 1 100
-22 -30 1 100
-5 -21 1 100
16 -19 1 100
-37 -29 1 100
-62 25 1 100
33 71 1 100
2 -30 1 100
-55 -71 1 100
52 -76 1 100
44 54 1 100
7 -25 1 100
63 4 1 100
-37 -53 1 100
-4 12 1 100
10 26 1 100
49 81 1 100
-97 -90 1 100
-69 -29 1 100
44 76 1 100
-48 -80 1 100
-52 -24 1 100
-86 -55 1 100
-23 46 1 100
-41 26 1 100
18 -65 1 100
65 33 1 100
-91 -59 1 100
-5 11 1 100
-51 -43 1 100
-85 -93 1 100
-81 -73 1 100
71 39 1 100
67 99 1 100
-69 -71 1 100
-20 -4 1 100
-23 24 1 100
-49 42 1 100
33 -15 1 100
89 15 1 100
-29 -93 1 100
15 31 1 100
22 38 1 100
78 54 1 100
-55 -39 1 100
-57 -41 1 100
91 -37 1 100
-1 31 1 100
99 35 1 100
2 66 1 100
-81 -89 1 100
53 29 1 100
10 -71 1 100
94 86 1 100
77 22 1 100
-34 30 1 100
-9 -1 1 100
-74 -66 1 100
-76 -75 1 100
-8 -40 1 100
20 92 1 100
18 2 1 100
-26 -42 1 100
-43 -11 1 100
86 36 1 100
-86 -33 1 100
-63 -71 1 100
53 85 1 100
-91 -26 1 100
-66 -82 1 100
-17 0 1 100
62 19 1 100
-5 -37 1 100
44 28 1 100
-41 -33 1 100
-70 -54 1 100
33 41 1 100
-26 6 1 100
4 36 1 100
-75 -91 1 100
79 71 1 100
48 68 1 100
-66 -34 1 100
56 34 1 100
35 51 1 100
-51 -35 1 100
-78 -46 1 100
26 34 1 100
-96 -49 1 100
-40 -72 1 100
-9 -67 1 100
-17 -49 1 100
-15 17 1 100
-62 -94 1 100
-95 33 1 100
-11 65 1 100
-84 -51 1 100
50 58 1 100
18 -46 1 100
-40 -8 1 100
-8 -53 1 100
-63 -47 1 100
34 68 1 100
-63 -31 1 100
-9 -1 1 100
62 54 1 100
61 77 1 100
-17 -9 1 100
67 51 1 100
7 23 1 100
10 2 1 100
25 13 1 100
-65 -73 1 100
-21 -45 1 100
-54 -46 1 100
82 5 1 100
-5 54 1 100
1 -31 1 100
-39 -23 1 100
41 33 1 100
56 -18 1 100
-73 -81 1 100
40 32 1 100
27 91 1 100
12 76 1 100
88 96 1 100
-60 -3 1 100
68 52 1 100
-28 -36 1 100
73 43 1 100
23 -42 1 100
-38 36 1 100
-25 -53 1 100
-89 -18 1 100
3 49 1 100
19 9 1 100
-97 -89 1 100
-63 -79 1 100
-45 40 1 100
-75 -11 1 100
55 71 1 100
29 -3 1 100
-97 -81 1 100
-78 -47 1 100
59 10 1 100
-17 47 1 100
47 -4 1 100
-32 -15 1 100
-4 -20 1 100
-28 -92 1 100
-31 -83 1 100
-41 -73 1 100
-8 66 1 100
-20 12 1 100
92 60 1 100
23 7 1 100
-4 -92 1 100
-45 -86 1 100
-34 -47 1 100
-97 -65 1 100
35 27 1 100
-61 -96 1 100
-47 -79 1 100
60 68 1 100
57 -26 1 100
48 64 1 100
91 75 1 100
-21 -29 1 100
-40 41 1 100
-44 -60 1 100
-1 15 1 100
-17 -49 1 100
44 -21 1 100
50 -14 1 100
-86 -22 1 100
0 94 1 100
-71 -39 1 100
63 95 1 100
12 -77 1 100
-12 -44 1 100
-1 7 1 100
-21 18 1 100
-23 -15 1 100
-56 7 1 100
-28 4 1 100
-20 -87 1 100
38 22 1 100
-43 -59 1 100
-25 -89 1 100
41 25 1 100
3 -71 1 100
-62 -50 1 100
-9 -7 1 100
34 66 1 100
13 -42 1 100
47 55 1 100
-82 -90 1 100
64 48 1 100
29 -35 1 100
-83 -99 1 100
-59 -43 1 100
-44 -60 1 100
-59 -75 1 100
-70 -86 1 100
-66 -82 1 100
-13 3 1 100
85 93 1 100
30 -44 1 100
35 51 1 100
88 72 1 100
-22 -30 1 100
13 45 1 100
17 -71 1 100
-80 -16 1 100
32 23 1 100
55 87 1 100
-73 -41 1 100
-81 -85 1 100
29 73 1 100
28 -4 1 100
10 2 1 100
76 84 1 100
58 50 1 100
51 67 1 100
44 36 1 100
-11 -27 1 100
37 75 1 100
54 38 1 100
-82 -89 1 100
-41 23 1 100
45 -83 1 100
85 93 1 100
-29 -37 1 100
-98 -5 1 100
-14 71 1 100
51 35 1 100
93 77 1 100
93 30 1 100
-75 -91 1 100
-85 -69 1 100
45 -39 1 100
-30 -72 1 100
83 51 1 100
6 -58 1 100
-87 -71 1 100
-35 -51 1 100
-22 -93 1 100
-36 -92 1 100
36 100 1 100
33 1 1 100
24 56 1 100
-99 -90 1 100
-4 -12 1 100
20 28 1 100
67 26 1 100
35 99 1 100
-86 -70 1 100
-60 -76 1 100
-78 -86 1 100
-43 -27 1 100
82 -1 1 100
-100 -36 1 100
39 23 1 100
-61 -53 1 100
85 21 1 100
52 78 1 100
37 21 1 100
75 59 1 100
-42 47 1 100
80 96 1 100
55 -73 1 100
-16 -8 1 100
-9 -93 1 100
-99 -35 1 100
69 41 1 100
-71 -51 1 100
34 -38 1 100
-10 -1 1 100
88 37 1 100
-11 -43 1 100
-14 73 1 100
20 34 1 100
39 -25 1 100
90 74 1 100
-48 -32 1 100
-40 -56 1 100
-27 -77 1 100
-64 0 1 100
-56 -78 1 100
-71 10 1 100
-7 -23 1 100
-37 -45 1 100
-57 -22 1 100
-56 -40 1 100
10 2 1 100
-2 16 1 100
84 92 1 100
97 96 1 100
26 -6 1 100
-50 78 1 100
-73 -57 1 100
-83 -91 1 100
48 56 1 100
79 27 1 100
-57 -49 1 100
7 -9 1 100
16 -13 1 100
67 22 1 100
56 -38 1 100
-37 -26 1 100
61 77 1 100
76 -52 1 100
-52 -44 1 100
64 56 1 100
-11 -32 1 100
-31 -39 1 100
31 -33 1 100
95 31 1 100
39 7 1 100
66 58 1 100
-28 -92 1 100
-66 -98 1 100
-45 -37 1 100
-30 2 1 100
49 81 1 100
61 45 1 100
61 45 1 100
-68 8 1 100
-5 -37 1 100
65 33 1 100
92 47 1 100
-21 -53 1 100
36 20 1 100
39 23 1 100
-64 -56 1 100
-54 74 1 100
-15 -23 1 100
-46 -38 1 100
54 -8 1 100
-70 -38 1 100
-21 -13 1 100
-61 -69 1 100
-56 -72 1 100
11 -81 1 100
-1 22 1 100
17 -41 1 100
70 54 1 100
-9 7 1 100
45 37 1 100
-32 -24 1 100
-35 -19 1 100
3 -91 1 100
69 77 1 100
-4 4 1 100
11 43 1 100
-22 -30 1 100
-70 -38 1 100
55 -30 1 100
-96 -32 1 100
-58 -83 1 100
77 3 1 100
-66 -75 1 100
0 1 1 100
25 33 1 100
-87 -65 1 100
7 39 1 100
63 71 1 100
-38 -22 1 100
16 81 1 100
0 1 1 100
-49 -33 1 100
-46 -30 1 100
53 69 1 100
54 38 1 100
14 -18 1 100
48 -39 1 100
0 -8 1 100
-38 26 1 100
67 50 1 100
-75 -67 1 100
12 81 1 100
58 4 1 100
-24 48 1 100
-31 -23 1 100
-44 -32 1 100
85 69 1 100
15 23 1 100
16 24 1 100
22 6 1 100
64 1 1 100
-52 -36 1 100
61 69 1 100
-64 -72 1 100
93 -35 1 100
-40 -8 1 100
-57 -89 1 100
80 88 1 100
10 64 1 100
67 99 1 100
71 55 1 100
99 58 1 100
21 69 1 100
3 -5 1 100
-10 -26 1 100
-10 -18 1 100
39 84 1 100
-45 -100 1 100
87 95 1 100
-53 -33 1 100
-40 88 1 100
-18 -82 1 100
-82 5 1 100
32 16 1 100
-42 -26 1 100
11 75 1 100
97 65 1 100
-38 -6 1 100
-67 61 1 100
-47 3 1 100
34 -33 1 100
-45 -61 1 100
-81 -89 1 100
-63 65 1 100
51 67 1 100
-52 -60 1 100
31 63 1 100
-27 -3 1 100
-24 -67 1 100
-17 -49 1 100
80 16 1 100
5 -83 1 100
45 13 1 100
-39 -58 1 100
-72 -54 1 100
34 92 1 100
-62 -94 1 100
-45 -53 1 100
8 -69 1 100
-82 -98 1 100
-79 49 1 100
0 -32 1 100
70 62 1 100
-64 -80 1 100
-7 50 1 100
49 -43 1 100
-12 -54 1 100
0 1 1 100
100 67 1 100
-19 -3 1 100
-25 -17 1 100
71 -2 1 100
-82 -74 1 100
70 43 1 100
20 84 1 100
-2 -62 1 100
-9 55 1 100
-71 -55 1 100
81 -47 1 100
-52 11 1 100
-50 -82 1 100
72 80 1 100
-32 60 1 100
21 37 1 100
44 60 1 100
-84 -20 1 100
-46 -62 1 100
-52 -36 1 100
-34 -50 1 100
23 88 1 100
-19 -51 1 100
-94 -86 1 100
-51 -43 1 100
-96 -47 1 100
-32 -16 1 100
55 16 1 100
87 95 1 100
-2 -34 1 100
-52 -12 1 100
58 -6 1 100
-66 22 1 100
15 -66 1 100
41 -28 1 100
-52 -36 1 100
-15 -47 1 100
-36 -4 1 100
7 -1 1 100
88 56 1 100
85 93 1 100
-94 -78 1 100
-7 -73 1 100
7 -20 1 100
26 42 1 100
38 -25 1 100
-67 -51 1 100
-32 0 1 100
-16 16 1 100
-69 -5 1 100
-13 -29 1 100
-40 -24 1 100
44 12 1 100
-52 19 1 100
3 11 1 100
-51 27 1 100
30 -50 1 100
-52 -36 1 100
50 61 1 100
-57 -41 1 100
-60 68 1 100
-40 -48 1 100
44 -23 1 100
-50 -42 1 100
16 94 1 100
25 -39 1 100
-30 -1 1 100
0 16 1 100
-9 -17 1 100
-28 71 1 100
-23 -8 1 100
-51 -35 1 100
9 -7 1 100
69 89 1 100
6 -2 1 100
82 85 1 100
-27 -19 1 100
48 20 1 100
-27 -19 1 100
-2 -10 1 100
11 19 1 100
67 51 1 100
89 81 1 100
-57 -89 1 100
2 10 1 100
-22 22 1 100
6 14 1 100
-27 -35 1 100
-91 -59 1 100
31 -33 1 100
65 73 1 100
34 -34 1 100
-59 -51 1 100
36 90 1 100
-24 -56 1 100
-61 12 1 100
31 63 1 100
59 -10 1 100
-32 -6 1 100
54 -45 1 100
53 99 1 100
-31 -15 1 100
-28 -12 1 100
67 21 1 100
26 90 1 100
80 88 1 100
-76 -68 1 100
31 23 1 100
80 96 1 100
-72 -88 1 100
88 28 1 100
-50 37 1 100
93 29 1 100
-59 -43 1 100
-81 -17 1 100
-21 47 1 100
88 24 1 100
-56 -96 1 100
-20 44 1 100
-61 3 1 100
11 26 1 100
-100 -36 1 100
-26 -34 1 100
-2 93 1 100
38 -41 1 100
-27 42 1 100
-76 -68 1 100
-97 -65 1 100
73 65 1 100
-19 31 1 100
-46 -62 1 100
-64 -96 1 100
-13 -21 1 100
71 97 1 100
-4 66 1 100
72 64 1 100
35 -26 1 100
-73 -57 1 100
-31 -50 1 100
59 91 1 100
-12 -83 1 100
68 60 1 100
71 87 1 100
-36 -52 1 100
-10 -26 1 100
-82 -18 1 100
12 28 1 100
69 77 1 100
-34 -50 1 100
9 -7 1 100
-35 -43 1 100
44 15 1 100
-11 -27 1 100
-71 -55 1 100
-65 -57 1 100
-61 -79 1 100
-23 -7 1 100
47 63 1 100
-6 -14 1 100
48 20 1 100
-65 -97 1 100
16 -48 1 100
73 -55 1 100
54 -35 1 100
-49 18 1 100
-63 -71 1 100
-93 -11 1 100
91 75 1 100
-42 -34 1 100
61 -3 1 100
-38 -22 1 100
53 45 1 100
65 57 1 100
60 52 1 100
-66 -82 1 100
-7 9 1 100
49 -9 1 100
69 75 1 100
-6 68 1 100
40 8 1 100
-96 -38 1 100
81 97 1 100
-15 37 1 100
-98 -34 1 100
-11 -43 1 100
66 74 1 100
55 87 1 100
-11 -3 1 100
73 41 1 100
-13 32 1 100
-48 -41 1 100
-5 94 1 100
-33 -49 1 100
27 19 1 100
-8 3 1 100
-73 55 1 100
22 86 1 100
-52 -36 1 100
85 88 1 100
-59 -75 1 100
52 7 1 100
85 53 1 100
-55 -7 1 100
28 12 1 100
-47 16 1 100
42 34 1 100
-3 -11 1 100
50 66 1 100
-82 -50 1 100
-14 -6 1 100
-57 7 1 100
70 78 1 100
-8 8 1 100
-34 -48 1 100
69 91 1 100
52 -34 1 100
43 59 1 100
17 -47 1 100
-56 -40 1 100
-66 -34 1 100
50 66 1 100
10 96 1 100
-53 -85 1 100
-94 -86 1 100
-40 -24 1 100
-68 3 1 100
-15 -60 1 100
-59 -91 1 100
-41 -49 1 100
23 55 1 100
36 20 1 100
-44 -76 1 100
71 55 1 100
2 -30 1 100
93 61 1 100
83 19 1 100
8 41 1 100
97 89 1 100
-35 -19 1 100
65 72 1 100
13 45 1 100
79 4 1 100
-61 -93 1 100
-24 -32 1 100
18 2 1 100
-7 -15 1 100
61 45 1 100
57 20 1 100
39 -89 1 100
31 47 1 100
22 -29 1 100
53 14 1 100
-92 -31 1 100
8 -25 1 100
-58 -50 1 100
-85 -77 1 100
65 33 1 100
51 83 1 100
-61 -53 1 100
-12 4 1 100
88 5 1 100
-30 -22 1 100
31 15 1 100
4 -4 1 100
-70 -86 1 100
-28 -55 1 100
-37 91 1 100
24 8 1 100
-94 -79 1 100
99 67 1 100
-88 -96 1 100
-75 -91 1 100
59 -38 1 100
81 89 1 100
12 -61 1 100
62 30 1 100
-65 -68 1 100
80 88 1 100
-37 -91 1 100
4 -12 1 100
-81 -65 1 100
73 57 1 100
-50 -32 1 100
-11 5 1 100
22 54 1 100
-55 41 1 100
98 34 1 100
-22 -30 1 100
-46 -54 1 100
10 60 1 100
-57 -73 1 100
0 85 1 100
15 31 1 100
38 46 1 100
59 91 1 100
28 12 1 100
-30 -94 1 100
-67 -59 1 100
65 30 1 100
-76 -11 1 100
-81 -89 1 100
93 51 1 100
27 43 1 100
88 80 1 100
-54 -38 1 100
-23 -55 1 100
33 83 1 100
56 80 1 100
86 94 1 100
-43 -51 1 100
-66 -50 1 100
85 93 1 100
-94 -78 1 100
54 70 1 100
-44 -12 1 100
2 34 1 100
22 -3 1 100
-6 -80 1 100
30 46 1 100
72 -16 1 100
29 45 1 100
-27 -8 1 100
-19 -27 1 100
-2 -18 1 100
-11 -3 1 100
59 27 1 100
-69 15 1 100
-90 -58 1 100
-85 -93 1 100
-71 -1 1 100
-53 -45 1 100
62 94 1 100
-89 -57 1 100
-11 -27 1 100
-24 -61 1 100
-16 -32 1 100
-40 -8 1 100
-1 -33 1 100
-34 -98 1 100
-6 -38 1 100
98 34 1 100
5 -3 1 100
35 -29 1 100
76 84 1 100
-47 -93 1 100
-67 -75 1 100
38 -3 1 100
-64 -58 1 100
-99 -83 1 100
49 65 1 100
-62 66 1 100
-14 -78 1 100
29 -58 1 100
4 16 1 100
68 76 1 100
-24 -99 1 100
-6 26 1 100
35 43 1 100
40 63 1 100
-2 56 1 100
99 52 1 100
13 -51 1 100
93 85 1 100
48 -16 1 100
51 -16 1 100
-82 -74 1 100
69 77 1 100
-1 -89 1 100
-57 -65 1 100
55 -29 1 100
40 56 1 100
-17 47 1 100
-62 -54 1 100
-98 -72 1 100
57 25 1 100
16 -63 1 100
-27 5 1 100
-96 0 1 100
13 94 1 100
26 10 1 100
-2 14 1 100
-82 -74 1 100
-69 -85 1 100
-30 32 1 100
98 20 1 100
0 1 1 100
86 55 1 100
67 -23 1 100
29 -64 1 100
8 -56 1 100
-32 18 1 100
25 9 1 100
-45 43 1 100
21 29 1 100
-72 -8 1 100
-45 19 1 100
-5 27 1 100
88 56 1 100
-29 26 1 100
-28 -36 1 100
-80 -82 1 100
-33 -25 1 100
-42 -86 1 100
76 44 1 100
0 83 1 100
15 -49 1 100
17 9 1 100
-97 -5 1 100
37 -56 1 100
-38 -6 1 100
-60 -52 1 100
55 71 1 100
76 99 1 100
0 1 1 100
65 57 1 100
0 -64 1 100
50 82 1 100
-34 94 1 100
-62 -18 1 100
56 40 1 100
-15 -57 1 100
-75 -59 1 100
24 56 1 100
78 62 1 100
87 -11 1 100
54 62 1 100
92 17 1 100
-80 -96 1 100
-28 36 1 100
46 53 1 100
64 89 1 100
23 39 1 100
7 -57 1 100
19 51 1 100
-27 -57 1 100
-33 -55 1 100
5 69 1 100
91 83 1 100
7 39 1 100
36 10 1 100
15 85 1 100
11 3 1 100
-27 51 1 100
63 55 1 100
-27 -100 1 100
62 78 1 100
-44 -36 1 100
8 40 1 100
-47 -15 1 100
-29 -45 1 100
-63 -55 1 100
38 54 1 100
58 42 1 100
31 63 1 100
62 78 1 100
43 6 1 100
-47 -31 1 100
95 63 1 100
-12 73 1 100
24 100 1 100
-94 -78 1 100
7 -9 1 100
34 80 1 100
-10 -26 1 100
15 47 1 100
-80 -72 1 100
65 30 1 100
-79 -95 1 100
18 -42 1 100
59 54 1 100
62 15 1 100
16 37 1 100
10 -22 1 100
12 -62 1 100
47 39 1 100
-10 78 1 100
34 -30 1 100
35 99 1 100
87 90 1 100
-13 28 1 100
-39 -47 1 100
89 97 1 100
19 35 1 100
-18 -26 1 100
-70 10 1 100
49 17 1 100
-6 26 1 100
-2 -97 1 100
-43 -27 1 100
50 82 1 100
-62 -98 1 100
-42 -10 1 100
-65 -31 1 100
-61 -37 1 100
-71 0 1 100
53 37 1 100
-37 -29 1 100
41 33 1 100
-24 40 1 100
20 12 1 100
-38 -54 1 100
21 53 1 100
85 25 1 100
10 42 1 100
42 -22 1 100
29 -21 1 100
-35 -51 1 100
39 -11 1 100
-30 -38 1 100
-19 -11 1 100
68 49 1 100
-14 -78 1 100
19 37 1 100
93 -6 1 100
25 17 1 100
-38 26 1 100
68 36 1 100
-17 -49 1 100
-10 -64 1 100
-99 -91 1 100
92 76 1 100
38 54 1 100
17 -78 1 100
-89 -25 1 100
-66 -34 1 100
49 33 1 100
-20 -84 1 100
-83 -99 1 100
20 28 1 100
-84 -100 1 100
-89 -48 1 100
-59 -51 1 100
-2 71 1 100
62 -2 1 100
99 91 1 100
74 66 1 100
58 50 1 100
-30 -58 1 100
-67 -83 1 100
-45 -29 1 100
13 21 1 100
41 -23 1 100
-32 -96 1 100
-74 -10 1 100
95 79 1 100
8 95 1 100
37 -49 1 100
16 80 1 100
66 -27 1 100
2 65 1 100
73 1 1 100
-55 9 1 100
41 33 1 100
86 70 1 100
71 79 1 100
25 -51 1 100
29 13 1 100
-33 -97 1 100
34 27 1 100
9 23 1 100
-48 -64 1 100
-31 1 1 100
16 -48 1 100
67 92 1 100
25 9 1 100
67 -8 1 100
66 74 1 100
-63 -92 1 100
-51 -1 1 100
-64 -56 1 100
43 11 1 100
-21 -5 1 100
-71 -87 1 100
-59 -67 1 100
-72 -88 1 100
-1 63 1 100
-12 -4 1 100
26 10 1 100
-3 -19 1 100
-6 -38 1 100
-49 -33 1 100
-75 -43 1 100
45 -83 1 100
30 -2 1 100
63 95 1 100
-21 -90 1 100
26 -38 1 100
36 52 1 100
34 26 1 100
-31 57 1 100
10 4 1 100
-16 -24 1 100
12 68 1 100
-49 -33 1 100
15 -70 1 100
7 23 1 100
31 39 1 100
91 27 1 100
31 9 1 100
-36 -52 1 100
-21 -5 1 100
-52 -80 1 100
7 -9 1 100
5 -11 1 100
16 -16 1 100
-73 -81 1 100
94 62 1 100
-69 -70 1 100
-39 -55 1 100
61 -67 1 100
-36 61 1 100
89 81 1 100
-4 -12 1 100
-50 -2 1 100
10 -6 1 100
86 54 1 100
-27 -79 1 100
2 -14 1 100
20 67 1 100
-10 -18 1 100
8 72 1 100
-72 -14 1 100
4 38 1 100
-29 3 1 100
72 80 1 100
14 -18 1 100
-4 63 1 100
-1 -14 1 100
60 76 1 100
-18 -2 1 100
-61 -53 1 100
60 76 1 100
79 54 1 100
2 10 1 100
-44 -65 1 100
41 4 1 100
5 69 1 100
7 23 1 100
31 -29 1 100
-5 -21 1 100
23 39 1 100
63 47 1 100
-93 -61 1 100
26 -38 1 100
-78 -86 1 100
12 60 1 100
-34 -2 1 100
72 88 1 100
99 84 1 100
68 36 1 100
-36 60 1 100
-55 73 1 100
-57 30 1 100
-48 -32 1 100
-36 28 1 100
18 34 1 100
32 -96 1 100
-33 -49 1 100
-56 72 1 100
-14 -30 1 100
30 36 1 100
64 80 1 100
-58 -34 1 100
51 19 1 100
-22 -86 1 100
58 50 1 100
-24 -4 1 100
-5 27 1 100
-19 59 1 100
12 4 1 100
-14 2 1 100
-18 -26 1 100
-68 -84 1 100
73 -21 1 100
-56 -48 1 100
16 -16 1 100
9 41 1 100
-41 -46 1 100
-74 -82 1 100
6 -54 1 100
7 -57 1 100
31 93 1 100
68 76 1 100
85 77 1 100
13 45 1 100
-65 29 1 100
32 40 1 100
-13 -45 1 100
11 -41 1 100
37 5 1 100
-69 -85 1 100
38 6 1 100
-3 -67 1 100
95 16 1 100
-29 28 1 100
-7 -57 1 100
84 52 1 100
36 44 1 100
-31 -95 1 100
-22 -14 1 100
-50 -42 1 100
60 52 1 100
67 51 1 100
52 73 1 100
17 -60 1 100
-21 -58 1 100
-65 -49 1 100
76 44 1 100
-48 32 1 100
-100 -56 1 100
9 -74 1 100
28 -22 1 100
-33 -25 1 100
54 60 1 100
-63 -9 1 100
-66 -82 1 100
-96 -80 1 100
-68 -14 1 100
53 -18 1 100
-43 -51 1 100
-68 -100 1 100
-47 42 1 100
89 97 1 100
-11 5 1 100
-22 -30 1 100
-46 -54 1 100
-21 -13 1 100
-10 3 1 100
-11 -75 1 100
-56 42 1 100
25 9 1 100
84 52 1 100
18 -28 1 100
-2 85 1 100
-42 -26 1 100
84 56 1 100
12 88 1 100
-22 -14 1 100
23 47 1 100
-61 -45 1 100
-36 -68 1 100
-50 -66 1 100
-30 29 1 100
20 28 1 100
37 45 1 100
-36 -20 1 100
-62 -54 1 100
-32 -51 1 100
-89 -57 1 100
-13 -29 1 100
-27 -11 1 100
-31 -39 1 100
-86 -78 1 100
43 75 1 100
-94 -86 1 100
-31 -16 1 100
68 -12 1 100
45 77 1 100
16 0 1 100
-41 36 1 100
57 89 1 100
-65 -57 1 100
36 -3 1 100
80 -48 1 100
34 26 1 100
-80 -48 1 100
-10 -98 1 100
39 31 1 100
39 71 1 100
-80 -16 1 100
-7 -91 1 100
66 18 1 100
56 72 1 100
71 57 1 100
-32 32 1 100
-63 3 1 100
8 16 1 100
20 84 1 100
92 38 1 100
39 47 1 100
5 4 1 100
-49 15 1 100
-49 31 1 100
-64 -32 1 100
24 -40 1 100
70 38 1 100
73 -55 1 100
89 -39 1 100
-23 -39 1 100
32 40 1 100
59 51 1 100
-55 -63 1 100
-63 -79 1 100
33 -23 1 100
18 43 1 100
13 92 1 100
64 56 1 100
-35 -67 1 100
-31 60 1 100
64 80 1 100
32 -49 1 100
-55 73 1 100
-80 -48 1 100
-47 -79 1 100
-46 -78 1 100
62 70 1 100
-44 -28 1 100
-45 -77 1 100
99 91 1 100
66 90 1 100
40 90 1 100
-85 -19 1 100
-67 -35 1 100
-13 19 1 100
-24 -2 1 100
62 30 1 100
-48 -80 1 100
69 5 1 100
-21 -29 1 100
-44 37 1 100
-55 -63 1 100
17 79 1 100
50 18 1 100
83 32 1 100
56 24 1 100
-19 -83 1 100
22 45 1 100
-73 -89 1 100
-9 -1 1 100
-18 14 1 100
-33 -17 1 100
42 -22 1 100
0 -8 1 100
31 -1 1 100
30 -53 1 100
96 -32 1 100
-6 -14 1 100
1 9 1 100
64 -28 1 100
34 -63 1 100
42 34 1 100
-6 -70 1 100
70 54 1 100
10 26 1 100
68 76 1 100
38 -26 1 100
-34 -42 1 100
-76 -60 1 100
-78 -46 1 100
-36 -47 1 100
27 59 1 100
-36 -100 1 100
23 -28 1 100
-42 -26 1 100
-32 -24 1 100
12 44 1 100
85 80 1 100
2 -14 1 100
-79 13 1 100
-31 -15 1 100
-51 -59 1 100
70 38 1 100
15 79 1 100
-6 -14 1 100
-82 -74 1 100
31 -28 1 100
87 7 1 100
-42 -75 1 100
-61 -44 1 100
66 50 1 100
-51 26 1 100
89 -39 1 100
4 30 1 100
42 34 1 100
28 54 1 100
64 80 1 100
12 -71 1 100
39 72 1 100
70 38 1 100
-24 47 1 100
-14 -28 1 100
50 -20 1 100
93 80 1 100
30 22 1 100
-18 -88 1 100
33 1 1 100
-95 -57 1 100
-36 -68 1 100
-31 -84 1 100
46 9 1 100
-64 -56 1 100
6 -2 1 100
-33 -1 1 100
-7 9 1 100
-31 -47 1 100
-4 -91 1 100
-17 73 1 100
-34 39 1 100
-9 -1 1 100
43 94 1 100
78 46 1 100
34 -30 1 100
-71 25 1 100
69 53 1 100
30 62 1 100
91 75 1 100
31 -97 1 100
53 -34 1 100
-45 44 1 100
27 19 1 100
27 86 1 100
-14 -22 1 100
-46 -54 1 100
80 88 1 100
12 -20 1 100
43 11 1 100
66 76 1 100
-10 -18 1 100
-17 67 1 100
-71 -21 1 100
54 -38 1 100
97 65 1 100
-9 7 1 100
-65 -49 1 100
-19 -24 1 100
-9 77 1 100
-20 -4 1 100
-72 -56 1 100
-1 31 1 100
-41 -27 1 100
-2 -68 1 100
-46 39 1 100
-61 -16 1 100
98 90 1 100
6 -63 1 100
69 61 1 100
-7 -59 1 100
100 84 1 100
21 89 1 100
-4 47 1 100
-62 -54 1 100
46 54 1 100
-29 35 1 100
56 64 1 100
-9 -41 1 100
-19 45 1 100
-50 -66 1 100
6 -10 1 100
46 -18 1 100
-1 -9 1 100
-39 -55 1 100
25 21 1 100
-97 -64 1 100
86 70 1 100
55 23 1 100
47 15 1 100
-8 24 1 100
52 36 1 100
62 46 1 100
47 -17 1 100
35 -93 1 100
-25 -33 1 100
-29 0 1 100
-81 -65 1 100
-16 -24 1 100
-94 -22 1 100
31 15 1 100
24 -63 1 100
65 57 1 100
71 10 1 100
18 -46 1 100
56 48 1 100
-16 79 1 100
8 16 1 100
89 -1 1 100
4 12 1 100
65 97 1 100
-11 21 1 100
-24 59 1 100
-11 -98 1 100
-25 -33 1 100
68 60 1 100
90 36 1 100
-6 10 1 100
-6 35 1 100
35 99 1 100
-15 -31 1 100
96 48 1 100
-1 63 1 100
21 5 1 100
-47 -35 1 100
55 39 1 100
-12 52 1 100
70 54 1 100
-73 -89 1 100
-74 -57 1 100
-1 -26 1 100
-79 -71 1 100
73 -15 1 100
-25 39 1 100
-6 -14 1 100
95 40 1 100
96 1 1 100
49 -6 1 100
4 12 1 100
-27 -43 1 100
-30 -22 1 100
33 25 1 100
-37 40 1 100
83 51 1 100
9 41 1 100
25 17 1 100
19 35 1 100
-61 -69 1 100
-38 -46 1 100
46 53 1 100
89 90 1 100
87 -6 1 100
32 -17 1 100
-48 -64 1 100
-69 -27 1 100
-34 -42 1 100
15 7 1 100
60 26 1 100
83 67 1 100
-13 19 1 100
76 68 1 100
34 42 1 100
25 89 1 100
-20 16 1 100
5 21 1 100
23 15 1 100
-50 -18 1 100
-21 11 1 100
62 46 1 100
26 58 1 100
86 -42 1 100
5 69 1 100
74 10 1 100
1 -63 1 100
15 -17 1 100
75 83 1 100
68 -60 1 100
-77 16 1 100
24 40 1 100
-66 -98 1 100
45 61 1 100
-45 -28 1 100
-5 11 1 100
59 27 1 100
-6 58 1 100
-24 -56 1 100
54 27 1 100
66 82 1 100
57 23 1 100
-26 61 1 100
-70 -12 1 100
71 40 1 100
-52 -50 1 100
-69 -45 1 100
-23 9 1 100
-21 -13 1 100
-13 -21 1 100
-94 -13 1 100
-11 -68 1 100
97 -31 1 100
59 67 1 100
-93 -85 1 100
28 36 1 100
36 20 1 100
64 80 1 100
24 32 1 100
16 6 1 100
64 65 1 100
5 -85 1 100
12 -4 1 100
7 -91 1 100
-99 -91 1 100
-82 -74 1 100
-53 -37 1 100
-39 -47 1 100
-18 -10 1 100
-13 -5 1 100
-80 -48 1 100
-30 -14 1 100
-16 -93 1 100
37 5 1 100
-44 20 1 100
40 -24 1 100
-2 14 1 100
35 27 1 100
34 98 1 100
13 -51 1 100
75 68 1 100
-69 -53 1 100
-13 -21 1 100
-65 -49 1 100
-87 -79 1 100
32 -14 1 100
-21 -5 1 100
8 -24 1 100
-36 -44 1 100
-27 -43 1 100
4 -4 1 100
-25 -9 1 100
-31 -23 1 100
74 66 1 100
-91 -83 1 100
9 -7 1 100
-49 79 1 100
68 52 1 100
5 -44 1 100
20 12 1 100
96 64 1 100
-22 -38 1 100
5 -59 1 100
-82 -3 1 100
24 16 1 100
27 35 1 100
-9 -25 1 100
49 23 1 100
-85 -69 1 100
96 80 1 100
-80 15 1 100
84 92 1 100
-15 1 1 100
-41 48 1 100
-98 -82 1 100
69 85 1 100
69 -8 1 100
-81 -65 1 100
24 32 1 100
20 12 1 100
6 14 1 100
-14 -6 1 100
89 73 1 100
13 -67 1 100
6 -46 1 100
29 21 1 100
-2 -20 1 100
93 85 1 100
-12 4 1 100
97 21 1 100
-69 -75 1 100
-99 -83 1 100
17 1 1 100
-18 -85 1 100
14 46 1 100
82 18 1 100
47 -12 1 100
-85 -69 1 100
-58 -50 1 100
8 24 1 100
43 35 1 100
11 68 1 100
-67 -3 1 100
56 58 1 100
-75 -83 1 100
-78 -86 1 100
-2 -18 1 100
8 -24 1 100
63 31 1 100
71 -23 1 100
-60 -92 1 100
-72 11 1 100
4 20 1 100
-58 -42 1 100
-20 -4 1 100
66 34 1 100
72 56 1 100
34 26 1 100
93 85 1 100
-4 86 1 100
-68 60 1 100
-91 -27 1 100
-75 -83 1 100
-73 14 1 100
31 -62 1 100
19 -45 1 100
12 28 1 100
-55 -71 1 100
-2 6 1 100
2 -6 1 100
66 58 1 100
-70 -62 1 100
-38 51 1 100
9 17 1 100
-84 -20 1 100
95 79 1 100
-43 -59 1 100
-100 -46 1 100
78 70 1 100
77 85 1 100
22 -17 1 100
-14 23 1 100
-58 70 1 100
-98 -90 1 100
75 83 1 100
-76 -60 1 100
-36 36 1 100
0 8 1 100
-57 -49 1 100
-81 -38 1 100
-49 12 1 100
87 65 1 100
-79 -68 1 100
-65 -57 1 100
-86 -94 1 100
1 9 1 100
-30 -38 1 100
-15 -31 1 100
-17 -33 1 100
52 36 1 100
-40 56 1 100
98 90 1 100
-69 -37 1 100
-7 -23 1 100
-32 -16 1 100
12 4 1 100
-66 -50 1 100
44 5 1 100
0 51 1 100
87 79 1 100
-72 -8 1 100
-4 12 1 100
-67 -75 1 100
-35 -51 1 100
-22 -30 1 100
-82 -90 1 100
-58 6 1 100
-1 -9 1 100
-81 -65 1 100
-100 -84 1 100
-73 25 1 100
-32 5 1 100
-24 8 1 100
-28 4 1 100
-24 -40 1 100
-63 -95 1 100
-81 -10 1 100
-77 -39 1 100
-17 -9 1 100
98 90 1 100
50 42 1 100
2 -68 1 100
34 66 1 100
-70 -14 1 100
-5 3 1 100
-37 -53 1 100
66 98 1 100
38 -35 1 100
16 32 1 100
-69 -57 1 100
69 53 1 100
-46 18 1 100
58 74 1 100
-73 -65 1 100
-32 -2 1 100
40 24 1 100
-31 -23 1 100
-23 -61 1 100
-26 19 1 100
47 63 1 100
-35 -27 1 100
-95 -79 1 100
-89 -97 1 100
13 39 1 100
-23 9 1 100
-77 51 1 100
95 39 1 100
-60 -76 1 100
14 6 1 100
27 11 1 100
-32 -64 1 100
-80 -16 1 100
35 19 1 100
-6 -32 1 100
13 29 1 100
-66 -82 1 100
-11 -75 1 100
14 78 1 100
35 43 1 100
70 -8 1 100
43 24 1 100
-22 42 1 100
22 14 1 100
15 7 1 100
-85 -69 1 100
-18 -36 1 100
34 42 1 100
-92 -84 1 100
93 85 1 100
-57 -95 1 100
7 -57 1 100
-23 -89 1 100
-20 -28 1 100
56 88 1 100
61 69 1 100
-74 -90 1 100
-62 -46 1 100
-26 6 1 100
59 67 1 100
-53 -37 1 100
32 25 1 100
0 51 1 100
-33 -41 1 100
86 11 1 100
32 40 1 100
21 -61 1 100
-24 2 1 100
9 1 1 100
57 25 1 100
3 11 1 100
55 71 1 100
-91 -96 1 100
-63 -55 1 100
32 22 1 100
-4 -68 1 100
11 -5 1 100
48 -80 1 100
-84 -20 1 100
25 41 1 100
-17 1 1 100
-57 -41 1 100
-52 12 1 100
-19 -27 1 100
-46 -54 1 100
100 68 1 100
-80 -4 1 100
-84 -68 1 100
13 -44 1 100
-10 -26 1 100
79 87 1 100
-53 11 1 100
99 91 1 100
-81 -97 1 100
39 -89 1 100
88 63 1 100
75 59 1 100
-73 -89 1 100
21 -43 1 100
-23 -7 1 100
39 7 1 100
27 -66 1 100
85 93 1 100
45 13 1 100
62 78 1 100
25 17 1 100
9 49 1 100
-41 -49 1 100
-65 -81 1 100
89 97 1 100
-9 -17 1 100
19 3 1 100
37 45 1 100
16 32 1 100
-23 -15 1 100
89 34 1 100
-58 26 1 100
96 32 1 100
-13 19 1 100
-42 -50 1 100
-10 -2 1 100
-88 -96 1 100
-32 -96 1 100
57 89 1 100
41 -53 1 100
-80 -72 1 100
98 82 1 100
-8 -49 1 100
-91 -99 1 100
85 69 1 100
-24 40 1 100
24 56 1 100
-73 -57 1 100
-66 62 1 100
19 11 1 100
30 94 1 100
-93 -20 1 100
-26 -10 1 100
74 66 1 100
46 38 1 100
-35 -27 1 100
-3 5 1 100
27 -5 1 100
-82 46 1 100
50 58 1 100
-69 -53 1 100
70 54 1 100
-25 31 1 100
38 46 1 100
-9 -1 1 100
40 8 1 100
-52 -11 1 100
82 66 1 100
35 19 1 100
-44 20 1 100
43 27 1 100
-46 -38 1 100
45 -13 1 100
37 -22 1 100
11 27 1 100
76 68 1 100
-16 -48 1 100
-5 63 1 100
-85 -53 1 100
-47 81 1 100
77 69 1 100
65 69 1 100
27 59 1 100
41 -87 1 100
2 18 1 100
95 87 1 100
-95 -51 1 100
86 78 1 100
12 44 1 100
-76 -60 1 100
-46 -39 1 100
-26 -34 1 100
42 26 1 100
-35 -27 1 100
-7 25 1 100
66 3 1 100
77 -18 1 100
49 64 1 100
20 36 1 100
-48 16 1 100
-1 7 1 100
45 37 1 100
-14 47 1 100
47 31 1 100
-84 -68 1 100
-84 -20 1 100
24 -40 1 100
79 24 1 100
9 41 1 100
28 -26 1 100
23 39 1 100
-16 -24 1 100
58 50 1 100
67 93 1 100
-6 2 1 100
65 57 1 100
49 57 1 100
51 83 1 100
62 -66 1 100
24 16 1 100
-46 -62 1 100
-5 91 1 100
19 11 1 100
76 10 1 100
-24 -11 1 100
5 -59 1 100
83 75 1 100
53 37 1 100
64 90 1 100
-50 -34 1 100
18 26 1 100
63 31 1 100
-46 30 1 100
-37 -69 1 100
-4 -37 1 100
-73 55 1 100
33 41 1 100
73 -55 1 100
-94 -30 1 100
-26 6 1 100
-45 19 1 100
15 -17 1 100
-47 50 1 100
-12 71 1 100
98 18 1 100
30 46 1 100
-51 -43 1 100
32 -7 1 100
27 11 1 100
-59 -43 1 100
85 21 1 100
-31 -15 1 100
36 100 1 100
-15 1 1 100
-58 -42 1 100
-2 30 1 100
67 75 1 100
-29 -93 1 100
60 92 1 100
-63 -31 1 100
54 -10 1 100
65 73 1 100
27 -18 1 100
-59 -19 1 100
12 28 1 100
33 25 1 100
11 24 1 100
-64 -96 1 100
-81 7 1 100
41 73 1 100
82 90 1 100
-1 15 1 100
87 55 1 100
57 25 1 100
-48 -16 1 100
82 90 1 100
63 95 1 100
-49 10 1 100
-70 13 1 100
-60 -76 1 100
0 -16 1 100
24 8 1 100
-52 -82 1 100
-10 69 1 100
-37 -53 1 100
50 34 1 100
-40 -24 1 100
-36 17 1 100
-9 -97 1 100
-15 -31 1 100
52 84 1 100
-37 -28 1 100
-26 49 1 100
-49 -41 1 100
15 -17 1 100
84 52 1 100
59 -5 1 100
-95 -31 1 100
-18 -50 1 100
46 54 1 100
55 -30 1 100
-52 32 1 100
45 29 1 100
-3 -36 1 100
34 -46 1 100
15 12 1 100
8 24 1 100
18 34 1 100
67 35 1 100
-83 -16 1 100
95 44 1 100
-74 -58 1 100
-66 23 1 100
-20 61 1 100
54 70 1 100
66 36 1 100
-98 -90 1 100
17 9 1 100
52 -76 1 100
62 54 1 100
-24 -56 1 100
-61 -29 1 100
67 51 1 100
41 49 1 100
4 94 1 100
0 1 1 100
-80 -16 1 100
86 54 1 100
-86 -78 1 100
47 39 1 100
-35 29 1 100
-68 14 1 100
-3 -77 1 100
36 100 1 100
49 57 1 100
-58 -8 1 100
96 80 1 100
-77 51 1 100
39 55 1 100
59 27 1 100
-2 -66 1 100
-100 -92 1 100
20 -53 1 100
63 43 1 100
9 -51 1 100
10 26 1 100
71 63 1 100
38 54 1 100
-39 -83 1 100
-21 29 1 100
50 -34 1 100
-28 36 1 100
65 94 1 100
-96 -88 1 100
-55 73 1 100
-93 35 1 100
42 50 1 100
32 16 1 100
76 14 1 100
17 49 1 100
1 -31 1 100
30 62 1 100
-7 -97 1 100
-36 36 1 100
64 -64 1 100
44 36 1 100
4 -82 1 100
-68 -4 1 100
7 23 1 100
-42 -34 1 100
49 65 1 100
48 56 1 100
-11 -75 1 100
-63 -38 1 100
83 99 1 100
35 -14 1 100
-1 63 1 100
1 -58 1 100
26 18 1 100
-23 -87 1 100
-46 -62 1 100
10 24 1 100
-3 -35 1 100
-69 -85 1 100
66 -20 1 100
17 1 1 100
-37 -21 1 100
-88 -14 1 100
13 86 1 100
10 18 1 100
-9 7 1 100
78 62 1 100
-99 -1 1 100
-11 -43 1 100
-73 -57 1 100
-43 -51 1 100
34 2 1 100
-52 -44 1 100
17 -15 1 100
-6 -22 1 100
-55 9 1 100
-9 55 1 100
-8 24 1 100
2 18 1 100
27 19 1 100
-37 18 1 100
-59 -67 1 100
-33 -1 1 100
-13 -77 1 100
56 88 1 100
-82 -89 1 100
-86 -70 1 100
71 -15 1 100
-25 -33 1 100
21 -11 1 100
28 60 1 100
21 13 1 100
-16 19 1 100
51 -3 1 100
13 -19 1 100
82 66 1 100
2 -6 1 100
-46 -38 1 100
-53 -45 1 100
70 88 1 100
10 -53 1 100
-68 -4 1 100
-19 13 1 100
-24 -8 1 100
32 40 1 100
-10 -73 1 100
71 23 1 100
-6 -86 1 100
14 -48 1 100
-75 53 1 100
-76 -60 1 100
36 -28 1 100
24 16 1 100
-11 -9 1 100
38 18 1 100
-26 -87 1 100
-46 -54 1 100
-56 -24 1 100
-70 -93 1 100
-63 -71 1 100
-89 -57 1 100
-2 -18 1 100
58 42 1 100
-16 37 1 100
-3 13 1 100
-26 -34 1 100
-38 -46 1 100
35 19 1 100
63 66 1 100
-55 -63 1 100
86 85 1 100
81 65 1 100
52 36 1 100
78 11 1 100
64 96 1 100
-5 11 1 100
36 52 1 100
26 58 1 100
2 -91 1 100
16 24 1 100
75 71 1 100
-1 -65 1 100
-71 -81 1 100
-15 65 1 100
-78 -46 1 100
61 -3 1 100
-60 -31 1 100
29 87 1 100
36 44 1 100
-4 -20 1 100
-28 -53 1 100
-100 -68 1 100
-2 49 1 100
70 54 1 100
-26 -10 1 100
-39 -31 1 100
-71 -63 1 100
35 19 1 100
35 3 1 100
-7 -23 1 100
-58 -66 1 100
-10 22 1 100
2 -68 1 100
50 58 1 100
-30 34 1 100
-29 -45 1 100
-86 -78 1 100
3 -13 1 100
56 40 1 100
-25 -41 1 100
-86 -20 1 100
-98 -90 1 100
62 70 1 100
23 31 1 100
76 25 1 100
-29 -93 1 100
6 -26 1 100
-78 -86 1 100
37 5 1 100
-58 -74 1 100
87 95 1 100
-68 -76 1 100
-2 -34 1 100
-96 -24 1 100
48 -8 1 100
75 67 1 100
65 33 1 100
-45 -13 1 100
7 15 1 100
17 25 1 100
-35 22 1 100
25 -34 1 100
3 -29 1 100
71 -12 1 100
30 62 1 100
27 -37 1 100
53 -45 1 100
-40 -7 1 100
57 25 1 100
-11 -19 1 100
-3 -19 1 100
-80 8 1 100
11 3 1 100
32 18 1 100
41 73 1 100
-84 -52 1 100
-70 -46 1 100
11 -53 1 100
-10 -42 1 100
66 50 1 100
-59 -43 1 100
81 73 1 100
61 45 1 100
-76 -4 1 100
-42 22 1 100
29 61 1 100
87 79 1 100
-93 -85 1 100
35 99 1 100
8 82 1 100
90 1 1 100
68 60 1 100
61 -67 1 100
75 59 1 100
-99 -91 1 100
81 65 1 100
37 45 1 100
-68 -76 1 100
-18 18 1 100
14 6 1 100
-26 54 1 100
7 -1 1 100
-66 -82 1 100
3 97 1 100
80 48 1 100
-49 -41 1 100
-14 47 1 100
-48 24 1 100
86 70 1 100
6 -10 1 100
-6 26 1 100
-55 -47 1 100
6 57 1 100
-100 -68 1 100
41 49 1 100
92 60 1 100
87 56 1 100
17 59 1 100
16 0 1 100
54 86 1 100
78 -1 1 100
83 -12 1 100
49 66 1 100
-55 -29 1 100
31 7 1 100
57 41 1 100
10 -54 1 100
-56 -24 1 100
-81 -49 1 100
16 32 1 100
-79 -95 1 100
11 -38 1 100
71 -14 1 100
-96 -13 1 100
31 16 1 100
-90 -82 1 100
-51 40 1 100
5 -3 1 100
-18 -34 1 100
18 10 1 100
-42 -58 1 100
2 -55 1 100
-24 0 1 100
-94 -6 1 100
-7 9 1 100
-17 -9 1 100
-98 -65 1 100
22 14 1 100
-12 4 1 100
-81 -97 1 100
-67 -6 1 100
28 31 1 100
-65 -97 1 100
85 77 1 100
-21 -13 1 100
-34 -42 1 100
-18 62 1 100
75 67 1 100
43 18 1 100
6 14 1 100
99 -29 1 100
37 -27 1 100
-28 -94 1 100
0 -8 1 100
-84 -20 1 100
31 39 1 100
-36 -44 1 100
41 33 1 100
-2 14 1 100
6 38 1 100
-68 -84 1 100
41 57 1 100
-38 26 1 100
68 76 1 100
85 -9 1 100
-62 -70 1 100
91 27 1 100
-23 -15 1 100
11 43 1 100
-41 -57 1 100
58 -6 1 100
-19 -93 1 100
90 80 1 100
-44 -52 1 100
-85 -93 1 100
-83 -66 1 100
32 64 1 100
49 41 1 100
-36 -70 1 100
-5 59 1 100
-76 -84 1 100
27 -14 1 100
34 42 1 100
25 -28 1 100
-19 -41 1 100
50 34 1 100
-13 -21 1 100
-37 91 1 100
78 20 1 100
71 55 1 100
50 -14 1 100
-54 -38 1 100
-59 -51 1 100
-62 -30 1 100
-77 -61 1 100
79 71 1 100
47 -50 1 100
-25 -17 1 100
75 59 1 100
-2 62 1 100
18 -14 1 100
-46 -38 1 100
47 20 1 100
-87 -5 1 100
-31 1 1 100
19 11 1 100
76 84 1 100
85 77 1 100
-13 -5 1 100
-67 -89 1 100
-6 -14 1 100
20 12 1 100
87 55 1 100
-43 -27 1 100
86 99 1 100
-47 -39 1 100
-7 50 1 100
50 20 1 100
6 72 1 100
32 16 1 100
-73 24 1 100
9 -58 1 100
-92 -57 1 100
25 17 1 100
5 7 1 100
-75 15 1 100
-95 -31 1 100
41 96 1 100
70 -58 1 100
78 46 1 100
-74 -90 1 100
47 -40 1 100
-48 34 1 100
-17 15 1 100
-50 -18 1 100
-61 -45 1 100
44 37 1 100
27 -35 1 100
24 32 1 100
43 51 1 100
-72 -56 1 100
35 -56 1 100
65 97 1 100
-26 21 1 100
19 11 1 100
-7 1 1 100
16 76 1 100
9 17 1 100
4 7 1 100
-62 -27 1 100
42 10 1 100
-28 -20 1 100
70 3 1 100
-73 -89 1 100
9 -23 1 100
87 79 1 100
15 -1 1 100
100 12 1 100
65 97 1 100
-4 4 1 100
70 -58 1 100
51 19 1 100
-14 -22 1 100
-5 -69 1 100
-57 -73 1 100
79 87 1 100
-61 -77 1 100
-22 71 1 100
58 66 1 100
47 15 1 100
61 45 1 100
53 61 1 100
55 95 1 100
14 46 1 100
41 25 1 100
-57 71 1 100
26 73 1 100
-4 -12 1 100
99 91 1 100
91 3 1 100
54 62 1 100
-70 -6 1 100
-33 -25 1 100
-50 48 1 100
-92 -23 1 100
-51 -35 1 100
-21 -37 1 100
39 -25 1 100
62 15 1 100
-67 -35 1 100
-31 -23 1 100
33 25 1 100
2 37 1 100
88 80 1 100
52 44 1 100
64 48 1 100
51 -30 1 100
-47 17 1 100
19 51 1 100
22 30 1 100
86 54 1 100
71 81 1 100
31 23 1 100
-27 -88 1 100
-10 23 1 100
6 58 1 100
-100 -65 1 100
18 10 1 100
-55 -47 1 100
-44 51 1 100
57 -7 1 100
-21 -85 1 100
63 95 1 100
-60 -17 1 100
-26 38 1 100
58 50 1 100
9 -23 1 100
8 40 1 100
-4 12 1 100
-49 -46 1 100
-34 -2 1 100
20 36 1 100
-69 -59 1 100
55 87 1 100
-46 -30 1 100
-90 -51 1 100
93 77 1 100
-6 -30 1 100
23 15 1 100
19 11 1 100
91 -7 1 100
34 59 1 100
38 70 1 100
62 70 1 100
-52 -68 1 100
-13 19 1 100
-23 41 1 100
13 21 1 100
51 -77 1 100
37 -27 1 100
40 32 1 100
-49 -41 1 100
25 54 1 100
0 32 1 100
-81 -65 1 100
-30 2 1 100
-97 -65 1 100
10 100 1 100
-63 -55 1 100
-36 28 1 100
-63 1 1 100
41 -37 1 100
-45 -76 1 100
24 32 1 100
37 5 1 100
-5 -29 1 100
-77 -93 1 100
50 -29 1 100
-78 50 1 100
72 80 1 100
18 -14 1 100
-28 -60 1 100
-13 19 1 100
-3 6 1 100
9 25 1 100
-58 -50 1 100
-46 5 1 100
-58 -66 1 100
52 26 1 100
-90 -98 1 100
-63 17 1 100
-44 -19 1 100
-41 -33 1 100
0 8 1 100
96 80 1 100
-78 -94 1 100
10 74 1 100
-13 3 1 100
-9 -1 1 100
83 75 1 100
95 79 1 100
2 -14 1 100
22 6 1 100
14 -57 1 100
84 100 1 100
30 62 1 100
39 -89 1 100
-9 -25 1 100
-59 -67 1 100
-45 -37 1 100
29 -40 1 100
-53 11 1 100
37 5 1 100
24 16 1 100
18 -42 1 100
64 80 1 100
-71 -63 1 100
31 47 1 100
9 100 1 100
68 76 1 100
51 67 1 100
15 79 1 100
12 44 1 100
-78 -94 1 100
-78 -94 1 100
-19 78 1 100
23 39 1 100
-29 -61 1 100
-20 -28 1 100
-95 -60 1 100
83 75 1 100
-4 28 1 100
26 90 1 100
2 -6 1 100
9 25 1 100
-68 -40 1 100
-6 2 1 100
-2 -10 1 100
9 -55 1 100
-13 -82 1 100
6 -5 1 100
-57 39 1 100
91 29 1 100
12 20 1 100
76 44 1 100
15 -17 1 100
62 94 1 100
14 -2 1 100
78 46 1 100
69 53 1 100
-60 -52 1 100
-35 -99 1 100
-2 14 1 100
12 34 1 100
56 64 1 100
4 -4 1 100
1 -15 1 100
95 31 1 100
85 77 1 100
45 13 1 100
82 66 1 100
-43 3 1 100
-73 -89 1 100
10 18 1 100
-2 -18 1 100
66 82 1 100
57 -34 1 100
56 64 1 100
-43 -59 1 100
-70 -86 1 100
18 31 1 100
-6 2 1 100
-15 1 1 100
-12 -28 1 100
-2 -61 1 100
-49 -17 1 100
-34 -18 1 100
-2 -10 1 100
50 58 1 100
78 70 1 100
-81 -49 1 100
-23 -39 1 100
-50 -66 1 100
44 39 1 100
-89 -81 1 100
-30 -14 1 100
-21 -54 1 100
-60 -11 1 100
-18 -26 1 100
73 65 1 100
-75 -91 1 100
48 64 1 100
-51 -43 1 100
9 17 1 100
0 8 1 100
23 88 1 100
90 98 1 100
-46 18 1 100
57 -71 1 100
22 -10 1 100
31 47 1 100
-31 -15 1 100
-27 6 1 100
19 3 1 100
-73 -27 1 100
50 58 1 100
100 68 1 100
44 76 1 100
-93 -77 1 100
44 60 1 100
20 12 1 100
96 80 1 100
-100 -14 1 100
39 7 1 100
85 77 1 100
21 -62 1 100
-32 43 1 100
-45 -77 1 100
-75 -35 1 100
82 64 1 100
-62 -70 1 100
-94 -86 1 100
24 8 1 100
59 -5 1 100
4 -89 1 100
-43 -35 1 100
60 44 1 100
-4 28 1 100
-40 -32 1 100
-3 -51 1 100
-56 -48 1 100
-11 -99 1 100
-56 -88 1 100
63 89 1 100
24 8 1 100
-75 -6 1 100
-94 -62 1 100
9 25 1 100
-100 -84 1 100
45 -49 1 100
96 -32 1 100
64 72 1 100
-76 -60 1 100
43 59 1 100
59 51 1 100
54 -10 1 100
69 83 1 100
35 -57 1 100
99 83 1 100
-50 -61 1 100
46 30 1 100
-64 -32 1 100
83 99 1 100
-79 -71 1 100
-66 -50 1 100
-91 -83 1 100
-54 10 1 100
-93 -61 1 100
1 96 1 100
95 98 1 100
-67 -51 1 100
69 85 1 100
-83 -51 1 100
-94 -4 1 100
-14 24 1 100
67 -4 1 100
40 32 1 100
0 1 1 100
43 27 1 100
70 -20 1 100
6 97 1 100
-46 -62 1 100
81 97 1 100
65 1 1 100
88 56 1 100
-17 81 1 100
8 -45 1 100
-34 -24 1 100
-75 -67 1 100
29 37 1 100
39 -25 1 100
8 16 1 100
-1 -84 1 100
-80 -96 1 100
59 55 1 100
21 5 1 100
63 95 1 100
-3 5 1 100
-51 -59 1 100
82 -13 1 100
-23 59 1 100
50 -8 1 100
56 48 1 100
-81 -79 1 100
-84 -92 1 100
61 77 1 100
7 15 1 100
36 28 1 100
-37 -53 1 100
-38 -22 1 100
14 -15 1 100
-13 -77 1 100
79 -2 1 100
5 -79 1 100
32 0 1 100
-16 -32 1 100
46 47 1 100
90 26 1 100
95 64 1 100
-4 94 1 100
-66 -82 1 100
51 18 1 100
-92 -84 1 100
-76 -84 1 100
86 22 1 100
-28 -36 1 100
46 -51 1 100
25 17 1 100
-49 -57 1 100
-6 48 1 100
-87 -95 1 100
-13 3 1 100
88 80 1 100
-62 -78 1 100
-76 52 1 100
-26 -18 1 100
-72 -8 1 100
46 30 1 100
-23 -7 1 100
86 70 1 100
21 5 1 100
-53 12 1 100
-36 -28 1 100
82 99 1 100
-68 -52 1 100
-57 -41 1 100
20 12 1 100
5 13 1 100
-46 -38 1 100
52 -12 1 100
-55 -47 1 100
-8 25 1 100
65 69 1 100
97 44 1 100
53 85 1 100
-38 -6 1 100
25 -39 1 100
80 64 1 100
-12 13 1 100
71 39 1 100
35 -53 1 100
-91 -83 1 100
0 71 1 100
-24 -56 1 100
7 -1 1 100
51 43 1 100
-25 7 1 100
-8 8 1 100
92 76 1 100
-32 -96 1 100
-3 -35 1 100
59 75 1 100
-36 -44 1 100
-80 -54 1 100
-85 -93 1 100
35 67 1 100
33 25 1 100
-45 -13 1 100
-59 -37 1 100
52 -12 1 100
22 14 1 100
14 -69 1 100
-11 28 1 100
70 6 1 100
-15 -7 1 100
-11 5 1 100
32 -48 1 100
43 35 1 100
25 -7 1 100
63 6 1 100
-69 -85 1 100
16 -16 1 100
-3 91 1 100
45 -35 1 100
-20 -12 1 100
4 20 1 100
8 -14 1 100
-28 -12 1 100
2 10 1 100
-31 -92 1 100
-6 -22 1 100
-87 -71 1 100
-37 -53 1 100
-79 -33 1 100
7 43 1 100
-52 -13 1 100
-43 -35 1 100
-2 -54 1 100
-11 -19 1 100
27 35 1 100
0 25 1 100
91 -37 1 100
-10 -26 1 100
-88 -100 1 100
13 5 1 100
31 -1 1 100
10 -77 1 100
-23 -15 1 100
-89 -73 1 100
21 53 1 100
15 -49 1 100
-58 -66 1 100
-45 -15 1 100
-92 -60 1 100
4 -5 1 100
-10 -42 1 100
-31 -15 1 100
94 78 1 100
35 43 1 100
20 28 1 100
-1 7 1 100
24 16 1 100
47 39 1 100
79 51 1 100
82 90 1 100
-85 -69 1 100
-81 -13 1 100
-10 22 1 100
-100 -77 1 100
82 88 1 100
-79 -87 1 100
-77 -93 1 100
-40 -32 1 100
40 -44 1 100
-47 -88 1 100
-60 -92 1 100
13 -3 1 100
75 35 1 100
-68 60 1 100
-23 -31 1 100
-42 -99 1 100
73 81 1 100
-41 40 1 100
35 -93 1 100
50 58 1 100
-67 -51 1 100
18 -46 1 100
44 76 1 100
-80 48 1 100
-15 -19 1 100
80 64 1 100
93 18 1 100
-71 -79 1 100
-49 -81 1 100
76 84 1 100
92 84 1 100
-50 -82 1 100
-25 39 1 100
-57 -49 1 100
6 38 1 100
61 53 1 100
58 -6 1 100
3 26 1 100
32 -27 1 100
-97 -87 1 100
21 92 1 100
-63 -47 1 100
51 35 1 100
59 51 1 100
-24 0 1 100
-40 -8 1 100
-22 -6 1 100
80 16 1 100
91 21 1 100
-21 -85 1 100
-55 -39 1 100
-63 1 1 100
-85 -94 1 100
-48 -40 1 100
33 1 1 100
28 -58 1 100
29 45 1 100
-94 -86 1 100
55 -41 1 100
-16 -48 1 100
65 -63 1 100
78 86 1 100
82 -3 1 100
36 100 1 100
-49 -81 1 100
74 42 1 100
-41 -73 1 100
60 55 1 100
81 49 1 100
69 61 1 100
82 18 1 100
-12 56 1 100
92 28 1 100
22 14 1 100
38 30 1 100
-36 -28 1 100
50 58 1 100
-17 74 1 100
68 -60 1 100
18 -46 1 100
53 85 1 100
-68 60 1 100
-41 -15 1 100
-76 -44 1 100
58 -70 1 100
83 51 1 100
-25 -3 1 100
-7 70 1 100
13 5 1 100
6 -58 1 100
-20 -28 1 100
-93 -77 1 100
19 73 1 100
-47 27 1 100
19 -64 1 100
19 -57 1 100
-9 -61 1 100
-4 -72 1 100
-47 -55 1 100
84 8 1 100
23 55 1 100
-55 -39 1 100
-30 -46 1 100
-45 -84 1 100
-45 -91 1 100
9 17 1 100
99 21 1 100
-84 44 1 100
-21 -37 1 100
52 84 1 100
-66 -74 1 100
44 99 1 100
-99 -83 1 100
-19 -27 1 100
-23 -7 1 100
-80 -48 1 100
-45 -61 1 100
-32 -64 1 100
53 45 1 100
10 45 1 100
-84 -11 1 100
-63 -31 1 100
83 -9 1 100
-20 -84 1 100
-70 -62 1 100
-20 -52 1 100
-19 -3 1 100
77 45 1 100
70 54 1 100
-5 60 1 100
6 -26 1 100
70 54 1 100
6 38 1 100
8 40 1 100
-60 -52 1 100
-98 -35 1 100
-88 -56 1 100
82 18 1 100
19 11 1 100
-4 -76 1 100
73 89 1 100
-80 7 1 100
-74 -42 1 100
-53 -63 1 100
-44 -65 1 100
20 4 1 100
-40 39 1 100
-67 -75 1 100
-8 31 1 100
-24 -56 1 100
35 -29 1 100
36 68 1 100
92 84 1 100
31 -59 1 100
33 25 1 100
5 21 1 100
-45 -13 1 100
48 40 1 100
62 -26 1 100
67 93 1 100
39 47 1 100
-40 -56 1 100
-83 45 1 100
7 -25 1 100
-88 -52 1 100
31 15 1 100
4 35 1 100
-60 -87 1 100
-45 -13 1 100
80 -7 1 100
-40 25 1 100
43 75 1 100
6 -24 1 100
0 -8 1 100
-23 41 1 100
42 87 1 100
-27 65 1 100
8 40 1 100
74 58 1 100
7 -25 1 100
91 99 1 100
-43 -11 1 100
-68 -91 1 100
-99 -83 1 100
40 32 1 100
1 73 1 100
65 1 1 100
24 -37 1 100
-40 -48 1 100
20 -12 1 100
43 -33 1 100
23 -68 1 100
-84 -52 1 100
-52 -36 1 100
56 -43 1 100
-52 -36 1 100
13 -19 1 100
-17 -9 1 100
-16 -80 1 100
73 89 1 100
43 27 1 100
16 -59 1 100
32 15 1 100
-33 -15 1 100
16 27 1 100
60 75 1 100
36 -51 1 100
44 -1 1 100
-81 -73 1 100
75 48 1 100
-17 71 1 100
14 22 1 100
-21 -25 1 100
15 -1 1 100
29 93 1 100
-51 -43 1 100
-35 -99 1 100
87 23 1 100
-15 -43 1 100
-50 -18 1 100
-48 -33 1 100
80 16 1 100
69 77 1 100
-8 -36 1 100
70 62 1 100
23 -9 1 100
63 24 1 100
64 -34 1 100
-92 -100 1 100
56 72 1 100
14 -2 1 100
-1 7 1 100
-71 -43 1 100
-43 -30 1 100
-3 -74 1 100
63 15 1 100
34 42 1 100
42 26 1 100
-9 -1 1 100
80 96 1 100
2 36 1 100
33 1 1 100
100 92 1 100
27 59 1 100
-58 -66 1 100
34 11 1 100
93 61 1 100
-65 -49 1 100
17 1 1 100
18 -14 1 100
-67 -93 1 100
66 74 1 100
88 80 1 100
90 26 1 100
-68 -4 1 100
-51 -19 1 100
-78 -86 1 100
86 83 1 100
29 61 1 100
71 63 1 100
62 46 1 100
0 -16 1 100
52 26 1 100
-70 -78 1 100
-97 31 1 100
56 48 1 100
-80 -88 1 100
-22 -30 1 100
96 55 1 100
-4 -42 1 100
-1 -33 1 100
64 72 1 100
13 5 1 100
-11 -75 1 100
6 14 1 100
-28 -36 1 100
-21 -5 1 100
-63 -47 1 100
-68 10 1 100
93 -5 1 100
-6 -96 1 100
98 34 1 100
-90 -82 1 100
-86 42 1 100
71 39 1 100
-30 -46 1 100
75 52 1 100
29 37 1 100
-21 -50 1 100
29 47 1 100
31 15 1 100
52 44 1 100
-29 3 1 100
-78 -46 1 100
-72 -80 1 100
-30 -73 1 100
87 95 1 100
3 19 1 100
42 74 1 100
-48 -64 1 100
33 25 1 100
14 22 1 100
9 82 1 100
57 65 1 100
-3 -11 1 100
-54 5 1 100
0 -8 1 100
19 71 1 100
23 31 1 100
18 10 1 100
30 -14 1 100
-41 -73 1 100
-7 25 1 100
-18 -34 1 100
41 57 1 100
-30 -97 1 100
-66 -58 1 100
-82 -66 1 100
57 -34 1 100
55 40 1 100
-32 -16 1 100
-12 25 1 100
65 17 1 100
-43 -66 1 100
-50 46 1 100
82 90 1 100
-94 -86 1 100
-5 11 1 100
97 89 1 100
5 -93 1 100
15 -17 1 100
-54 74 1 100
7 91 1 100
11 -53 1 100
-30 -14 1 100
0 -64 1 100
37 -48 1 100
73 65 1 100
48 80 1 100
-43 -27 1 100
-64 17 1 100
-37 -5 1 100
-2 14 1 100
-89 -76 1 100
47 55 1 100
10 -71 1 100
-51 11 1 100
-62 -50 1 100
77 69 1 100
-71 23 1 100
-78 -94 1 100
80 -48 1 100
37 -55 1 100
53 85 1 100
39 71 1 100
72 -1 1 100
-25 7 1 100
34 50 1 100
-58 -42 1 100
-64 -56 1 100
-86 -94 1 100
-80 -72 1 100
-91 -73 1 100
-8 25 1 100
-2 30 1 100
60 -13 1 100
-65 -99 1 100
25 17 1 100
-18 22 1 100
74 82 1 100
28 20 1 100
-48 -56 1 100
-65 -15 1 100
-91 -99 1 100
69 61 1 100
0 60 1 100
-66 -74 1 100
-48 80 1 100
62 70 1 100
36 100 1 100
35 64 1 100
-36 38 1 100
-63 -47 1 100
34 66 1 100
12 19 1 100
69 -16 1 100
18 -52 1 100
-33 -17 1 100
-45 -13 1 100
30 38 1 100
-27 -11 1 100
-31 -15 1 100
36 28 1 100
-78 -46 1 100
-92 -84 1 100
29 99 1 100
52 -18 1 100
12 85 1 100
62 -66 1 100
3 11 1 100
44 -24 1 100
-11 -3 1 100
-30 -14 1 100
-28 7 1 100
-24 -32 1 100
-71 -63 1 100
80 19 1 100
-99 -91 1 100
21 37 1 100
78 94 1 100
20 52 1 100
4 -12 1 100
-59 -51 1 100
-59 29 1 100
-59 -91 1 100
41 57 1 100
-35 29 1 100
30 21 1 100
21 29 1 100
61 15 1 100
100 84 1 100
4 52 1 100
26 -60 1 100
-32 43 1 100
-48 36 1 100
-52 -4 1 100
-64 -48 1 100
59 -5 1 100
8 0 1 100
12 -4 1 100
22 6 1 100
8 40 1 100
54 70 1 100
94 10 1 100
99 -29 1 100
-46 -14 1 100
-33 -25 1 100
-77 -85 1 100
0 1 1 100
-68 60 1 100
4 36 1 100
-53 -48 1 100
19 -45 1 100
88 96 1 100
70 62 1 100
42 -22 1 100
34 -30 1 100
-7 -71 1 100
-22 -38 1 100
23 15 1 100
21 -15 1 100
55 63 1 100
-48 -77 1 100
88 56 1 100
-55 -47 1 100
22 86 1 100
-91 -27 1 100
-65 -85 1 100
66 2 1 100
-27 5 1 100
25 41 1 100
-73 -65 1 100
45 -83 1 100
20 -12 1 100
-88 -19 1 100
76 -21 1 100
67 61 1 100
79 63 1 100
100 84 1 100
23 31 1 100
-96 -88 1 100
14 21 1 100
-84 -100 1 100
21 -46 1 100
81 -4 1 100
26 10 1 100
-23 -39 1 100
-58 -90 1 100
-25 7 1 100
-92 -58 1 100
-17 -61 1 100
13 45 1 100
73 89 1 100
-75 -67 1 100
-20 44 1 100
26 37 1 100
9 82 1 100
-89 1 1 100
-100 -68 1 100
-96 -80 1 100
19 -8 1 100
29 45 1 100
-42 35 1 100
-11 5 1 100
21 -11 1 100
77 45 1 100
-91 -27 1 100
-71 -7 1 100
-25 -17 1 100
-18 -2 1 100
69 77 1 100
84 20 1 100
-32 -48 1 100
27 19 1 100
-42 -74 1 100
31 -42 1 100
71 27 1 100
-10 54 1 100
77 -51 1 100
62 46 1 100
-83 -36 1 100
25 9 1 100
-63 -47 1 100
7 -57 1 100
87 95 1 100
80 96 1 100
-70 -92 1 100
-72 -88 1 100
12 4 1 100
-4 19 1 100
31 47 1 100
93 61 1 100
75 4 1 100
-82 -50 1 100
71 7 1 100
-30 -94 1 100
-31 27 1 100
-75 -1 1 100
8 72 1 100
-18 14 1 100
-4 -12 1 100
-92 -53 1 100
-66 -82 1 100
-45 -40 1 100
0 1 1 100
-68 -36 1 100
10 2 1 100
19 -39 1 100
-51 77 1 100
-81 16 1 100
33 44 1 100
32 -65 1 100
60 -38 1 100
71 87 1 100
90 58 1 100
-21 35 1 100
-44 43 1 100
-7 -39 1 100
-55 -63 1 100
0 32 1 100
-62 -2 1 100
-80 -64 1 100
-66 -74 1 100
-9 -68 1 100
30 -69 1 100
-38 -30 1 100
36 28 1 100
75 67 1 100
85 53 1 100
42 -52 1 100
77 69 1 100
7 23 1 100
-39 -23 1 100
5 97 1 100
-5 -59 1 100
57 25 1 100
-33 -71 1 100
-1 68 1 100
-61 -93 1 100
92 84 1 100
-3 13 1 100
35 19 1 100
-18 -34 1 100
51 59 1 100
-56 72 1 100
79 87 1 100
0 8 1 100
47 63 1 100
-14 2 1 100
50 -43 1 100
77 17 1 100
3 -72 1 100
4 20 1 100
-3 29 1 100
86 70 1 100
-90 -82 1 100
48 -16 1 100
-93 -85 1 100
38 22 1 100
26 72 1 100
33 17 1 100
24 88 1 100
-76 16 1 100
63 71 1 100
-83 -75 1 100
-23 -7 1 100
37 -27 1 100
-76 -62 1 100
-62 -19 1 100
37 53 1 100
19 -13 1 100
22 38 1 100
-13 36 1 100
-87 -85 1 100
31 -33 1 100
-54 74 1 100
12 4 1 100
10 -4 1 100
2 -30 1 100
-2 14 1 100
18 26 1 100
-62 2 1 100
23 55 1 100
63 79 1 100
31 15 1 100
-71 -15 1 100
68 64 1 100
28 12 1 100
-37 -45 1 100
82 -46 1 100
49 33 1 100
13 79 1 100
65 32 1 100
-42 -50 1 100
-50 -93 1 100
35 51 1 100
-10 22 1 100
53 21 1 100
58 66 1 100
17 33 1 100
32 16 1 100
88 96 1 100
89 81 1 100
-49 -33 1 100
47 63 1 100
-4 -8 1 100
41 57 1 100
41 -87 1 100
5 -59 1 100
-22 64 1 100
-19 -51 1 100
92 100 1 100
60 -29 1 100
97 89 1 100
-8 0 1 100
24 40 1 100
9 1 1 100
36 -92 1 100
-30 -98 1 100
15 7 1 100
-23 -15 1 100
33 37 1 100
2 -14 1 100
-76 -92 1 100
30 46 1 100
70 43 1 100
-11 70 1 100
62 -21 1 100
29 61 1 100
32 40 1 100
32 24 1 100
2 -6 1 100
35 -29 1 100
39 -60 1 100
-51 26 1 100
-11 27 1 100
32 24 1 100
8 73 1 100
-41 -32 1 100
26 34 1 100
-96 -64 1 100
0 -97 1 100
-42 -50 1 100
12 -4 1 100
52 60 1 100
66 15 1 100
-42 -74 1 100
16 24 1 100
63 -4 1 100
-53 -61 1 100
18 2 1 100
9 70 1 100
82 50 1 100
-79 -95 1 100
-68 -60 1 100
-13 63 1 100
-96 -21 1 100
8 40 1 100
66 2 1 100
16 32 1 100
-18 14 1 100
-30 34 1 100
21 5 1 100
-36 12 1 100
0 1 1 100
26 34 1 100
-82 12 1 100
-29 -13 1 100
-75 -78 1 100
-71 -79 1 100
-13 -45 1 100
-31 -14 1 100
-23 -31 1 100
-53 75 1 100
-18 -97 1 100
-26 -10 1 100
5 13 1 100
91 1 1 100
-25 7 1 100
47 63 1 100
37 29 1 100
-9 16 1 100
91 46 1 100
13 5 1 100
81 -9 1 100
-56 -72 1 100
77 -16 1 100
77 25 1 100
12 -35 1 100
38 46 1 100
-23 -14 1 100
18 -42 1 100
40 -5 1 100
98 66 1 100
-25 69 1 100
-64 -96 1 100
15 47 1 100
-30 -38 1 100
-1 60 1 100
68 36 1 100
45 37 1 100
-5 10 1 100
-36 -64 1 100
-21 -38 1 100
0 1 1 100
25 17 1 100
-12 -20 1 100
-94 -86 1 100
-29 -26 1 100
83 91 1 100
94 30 1 100
-5 85 1 100
-21 34 1 100
35 99 1 100
-8 40 1 100
68 4 1 100
56 75 1 100
6 14 1 100
-2 -18 1 100
-84 -48 1 100
7 -9 1 100
28 12 1 100
51 43 1 100
0 8 1 100
-34 -42 1 100
67 99 1 100
38 89 1 100
8 0 1 100
-70 -62 1 100
-24 0 1 100
9 1 1 100
18 -38 1 100
-18 -40 1 100
83 19 1 100
91 35 1 100
65 97 1 100
62 30 1 100
-47 -79 1 100
33 -95 1 100
-77 -13 1 100
-34 -2 1 100
10 74 1 100
-10 -33 1 100
19 35 1 100
-79 -71 1 100
-10 -90 1 100
94 99 1 100
-19 -35 1 100
-85 -14 1 100
-97 -81 1 100
76 60 1 100
57 65 1 100
88 -40 1 100
37 69 1 100
37 71 1 100
-70 -78 1 100
75 59 1 100
56 -17 1 100
57 49 1 100
-54 -86 1 100
-46 -11 1 100
100 68 1 100
40 8 1 100
2 -6 1 100
42 26 1 100
-80 -37 1 100
42 15 1 100
26 34 1 100
-53 -37 1 100
6 -36 1 100
-25 9 1 100
9 99 1 100
95 91 1 100
68 84 1 100
-76 -98 1 100
-60 -50 1 100
67 59 1 100
64 -64 1 100
-93 2 1 100
47 55 1 100
75 43 1 100
-55 -2 1 100
-69 -61 1 100
-90 -58 1 100
33 17 1 100
-55 -47 1 100
82 60 1 100
94 31 1 100
52 50 1 100
0 1 1 100
23 31 1 100
-99 -35 1 100
5 -3 1 100
-63 -55 1 100
38 30 1 100
52 36 1 100
78 70 1 100
57 89 1 100
65 12 1 100
-88 -96 1 100
-63 -71 1 100
-46 -14 1 100
93 77 1 100
-27 -19 1 100
-89 -97 1 100
-51 -10 1 100
-51 29 1 100
-100 -59 1 100
-18 -82 1 100
-84 -92 1 100
14 4 1 100
89 15 1 100
27 35 1 100
38 54 1 100
20 4 1 100
-82 -18 1 100
-29 99 1 100
-27 34 1 100
50 24 1 100
-88 -56 1 100
-75 -11 1 100
-83 -67 1 100
-65 -57 1 100
-37 -69 1 100
39 68 1 100
100 68 1 100
-69 -85 1 100
55 47 1 100
28 95 1 100
16 8 1 100
-27 -35 1 100
-56 72 1 100
-26 -34 1 100
40 8 1 100
28 12 1 100
27 59 1 100
33 65 1 100
-91 -12 1 100
84 100 1 100
-4 68 1 100
1 9 1 100
50 34 1 100
-27 -11 1 100
-68 11 1 100
-16 0 1 100
35 19 1 100
-47 -55 1 100
70 39 1 100
16 79 1 100
-62 -78 1 100
-34 30 1 100
-11 5 1 100
-29 44 1 100
-47 10 1 100
-18 -10 1 100
-53 -37 1 100
-43 -35 1 100
0 -14 1 100
11 3 1 100
40 88 1 100
78 92 1 100
29 -9 1 100
57 65 1 100
40 24 1 100
-62 -46 1 100
-49 -33 1 100
-79 -63 1 100
100 29 1 100
44 60 1 100
97 65 1 100
-79 -4 1 100
-14 -6 1 100
32 -96 1 100
97 89 1 100
14 -2 1 100
-4 -28 1 100
-68 -36 1 100
-38 -50 1 100
22 30 1 100
5 -27 1 100
-45 -77 1 100
-58 -25 1 100
34 42 1 100
45 37 1 100
-44 -60 1 100
41 9 1 100
94 78 1 100
65 49 1 100
-49 -57 1 100
-16 -82 1 100
-9 42 1 100
98 82 1 100
-83 -51 1 100
81 63 1 100
-98 0 1 100
-23 41 1 100
56 64 1 100
23 39 1 100
69 53 1 100
8 -68 1 100
-23 -15 1 100
-59 -75 1 100
31 -7 1 100
-56 -48 1 100
-11 -19 1 100
69 64 1 100
54 56 1 100
-36 -68 1 100
-54 -46 1 100
-32 42 1 100
25 -62 1 100
-83 8 1 100
55 39 1 100
1 5 1 100
-31 -63 1 100
-33 -43 1 100
-48 -40 1 100
-10 -47 1 100
46 54 1 100
55 63 1 100
31 39 1 100
-67 -51 1 100
74 66 1 100
-2 -55 1 100
4 -12 1 100
24 32 1 100
7 15 1 100
2 10 1 100
-9 -21 1 100
2 3 1 100
-34 -18 1 100
-20 -36 1 100
-14 -30 1 100
48 40 1 100
-66 -82 1 100
60 92 1 100
-86 -54 1 100
-58 -90 1 100
37 76 1 100
-11 5 1 100
5 21 1 100
-88 -72 1 100
58 50 1 100
56 -72 1 100
15 31 1 100
-44 -76 1 100
-36 92 1 100
-71 -85 1 100
9 98 1 100
98 34 1 100
100 92 1 100
-48 80 1 100
-3 73 1 100
79 -2 1 100
23 -1 1 100
45 37 1 100
-34 -41 1 100
-51 -9 1 100
53 5 1 100
-66 -74 1 100
-79 -78 1 100
-58 -50 1 100
16 94 1 100
-60 -10 1 100
83 50 1 100
-21 -5 1 100
-100 -92 1 100
4 86 1 100
-47 -63 1 100
1 65 1 100
79 22 1 100
-60 -76 1 100
54 62 1 100
-69 -5 1 100
0 51 1 100
-63 -71 1 100
16 32 1 100
-80 -36 1 100
-5 11 1 100
6 -26 1 100
94 17 1 100
0 20 1 100
-74 -58 1 100
54 70 1 100
-56 -48 1 100
51 -77 1 100
-79 -63 1 100
-16 16 1 100
-13 56 1 100
78 15 1 100
12 76 1 100
-25 -32 1 100
-8 8 1 100
23 -9 1 100
-20 28 1 100
-65 -97 1 100
-2 -10 1 100
5 94 1 100
-47 81 1 100
-48 -32 1 100
89 25 1 100
63 -1 1 100
-14 18 1 100
-77 -61 1 100
10 -6 1 100
-51 -14 1 100
-30 -38 1 100
-88 -83 1 100
-14 -6 1 100
99 67 1 100
57 35 1 100
33 25 1 100
-69 -85 1 100
-32 -24 1 100
-1 87 1 100
-9 -25 1 100
3 89 1 100
61 3 1 100
-86 -1 1 100
-68 -76 1 100
-61 -9 1 100
98 39 1 100
-23 -42 1 100
-1 63 1 100
-11 -19 1 100
-60 -76 1 100
58 -29 1 100
90 36 1 100
-79 -81 1 100
84 52 1 100
86 -42 1 100
69 37 1 100
-70 -86 1 100
-3 -35 1 100
0 16 1 100
70 42 1 100
-98 -76 1 100
-81 -89 1 100
22 -43 1 100
100 26 1 100
-23 -15 1 100
81 92 1 100
72 56 1 100
-10 55 1 100
80 48 1 100
-24 -16 1 100
-28 0 1 100
45 53 1 100
71 55 1 100
51 67 1 100
40 56 1 100
-30 -46 1 100
-55 -71 1 100
-58 -26 1 100
-77 -69 1 100
-77 -61 1 100
25 -43 1 100
56 -72 1 100
37 53 1 100
72 -4 1 100
11 19 1 100
97 98 1 100
61 77 1 100
-48 -86 1 100
-77 -69 1 100
74 58 1 100
2 18 1 100
53 -40 1 100
-6 -38 1 100
83 51 1 100
-35 -43 1 100
35 27 1 100
79 63 1 100
39 23 1 100
-98 -90 1 100
56 -17 1 100
57 65 1 100
-23 11 1 100
-14 -30 1 100
29 37 1 100
-91 -83 1 100
69 53 1 100
12 -20 1 100
-72 -40 1 100
-13 51 1 100
-80 -72 1 100
-57 16 1 100
14 -26 1 100
96 88 1 100
4 20 1 100
-27 21 1 100
43 63 1 100
6 -55 1 100
-92 -76 1 100
-61 -45 1 100
-35 -43 1 100
11 43 1 100
-75 -79 1 100
88 56 1 100
-79 -71 1 100
24 40 1 100
-14 -6 1 100
-64 -48 1 100
-3 -78 1 100
51 59 1 100
30 88 1 100
-82 -50 1 100
3 91 1 100
-37 -29 1 100
-6 -94 1 100
-17 47 1 100
93 85 1 100
78 44 1 100
-98 -2 1 100
-64 0 1 100
2 26 1 100
34 -55 1 100
25 81 1 100
-19 13 1 100
-1 -9 1 100
-6 -62 1 100
-98 -25 1 100
-68 -36 1 100
-32 6 1 100
-50 -91 1 100
15 -55 1 100
-50 -42 1 100
64 -7 1 100
-94 34 1 100
63 7 1 100
-5 -21 1 100
0 1 1 100
-59 -43 1 100
36 68 1 100
16 78 1 100
-8 0 1 100
12 -7 1 100
33 -65 1 100
-31 -47 1 100
63 79 1 100
-17 -33 1 100
-24 23 1 100
62 24 1 100
-90 -58 1 100
35 3 1 100
-31 2 1 100
51 67 1 100
18 17 1 100
20 12 1 100
-57 -14 1 100
50 34 1 100
-90 -74 1 100
-12 62 1 100
3 35 1 100
-61 -24 1 100
4 12 1 100
8 94 1 100
24 53 1 100
47 63 1 100
-51 -35 1 100
60 52 1 100
9 -43 1 100
-16 16 1 100
-46 -96 1 100
86 24 1 100
-23 -11 1 100
-50 -66 1 100
25 37 1 100
10 18 1 100
5 21 1 100
5 34 1 100
37 -22 1 100
-83 -67 1 100
55 39 1 100
-10 -74 1 100
8 63 1 100
51 35 1 100
-76 -60 1 100
99 35 1 100
49 81 1 100
-49 -41 1 100
-81 -65 1 100
50 37 1 100
-13 -48 1 100
79 -13 1 100
73 12 1 100
78 70 1 100
-20 -61 1 100
62 41 1 100
73 57 1 100
27 19 1 100
82 74 1 100
9 -55 1 100
-35 29 1 100
-82 -18 1 100
-46 -29 1 100
-20 49 1 100
68 60 1 100
4 -28 1 100
65 57 1 100
21 5 1 100
-16 -48 1 100
-17 -33 1 100
17 25 1 100
95 79 1 100
26 18 1 100
-39 -81 1 100
-21 -91 1 100
-9 -58 1 100
59 -69 1 100
91 27 1 100
64 48 1 100
-21 5 1 100
79 63 1 100
13 21 1 100
-17 10 1 100
-61 38 1 100
77 13 1 100
94 30 1 100
49 29 1 100
-100 -92 1 100
76 68 1 100
-83 -5 1 100
27 91 1 100
-74 -82 1 100
-5 -13 1 100
-51 -59 1 100
-31 -23 1 100
23 38 1 100
-47 -55 1 100
15 -17 1 100
28 44 1 100
43 85 1 100
-3 54 1 100
71 -57 1 100
44 52 1 100
48 14 1 100
-31 -15 1 100
73 -3 1 100
-56 8 1 100
-16 -93 1 100
-88 -49 1 100
-11 -19 1 100
14 78 1 100
-43 -27 1 100
7 52 1 100
80 88 1 100
34 -94 1 100
-25 -62 1 100
87 67 1 100
25 9 1 100
-54 -46 1 100
-63 -45 1 100
9 -7 1 100
-42 -6 1 100
-34 56 1 100
-90 -98 1 100
41 94 1 100
-34 -2 1 100
-6 2 1 100
72 40 1 100
89 97 1 100
37 29 1 100
-75 -73 1 100
-18 -3 1 100
-44 -60 1 100
-76 -60 1 100
-23 -7 1 100
31 39 1 100
-17 32 1 100
16 -27 1 100
79 95 1 100
16 32 1 100
-21 -5 1 100
92 60 1 100
17 -47 1 100
32 48 1 100
78 86 1 100
-74 -14 1 100
-51 13 1 100
68 4 1 100
76 60 1 100
6 38 1 100
9 88 1 100
-77 -93 1 100
-56 39 1 100
22 29 1 100
-10 54 1 100
95 -33 1 100
45 -24 1 100
-82 -90 1 100
-48 -74 1 100
64 32 1 100
67 35 1 100
92 100 1 100
-21 -53 1 100
42 26 1 100
68 -22 1 100
-46 -37 1 100
-22 -14 1 100
73 81 1 100
-56 -88 1 100
39 23 1 100
47 19 1 100
90 98 1 100
96 -1 1 100
90 26 1 100
39 -25 1 100
-67 -4 1 100
13 89 1 100
36 44 1 100
13 77 1 100
-19 -35 1 100
-19 -51 1 100
-18 -34 1 100
-18 0 1 100
-14 50 1 100
-66 -51 1 100
3 19 1 100
-86 -70 1 100
39 55 1 100
-57 29 1 100
5 -84 1 100
-64 -80 1 100
81 49 1 100
58 74 1 100
-83 -51 1 100
40 -24 1 100
-61 -90 1 100
25 -16 1 100
0 1 1 100
-8 -24 1 100
-15 -31 1 100
15 -57 1 100
54 4 1 100
-56 8 1 100
60 25 1 100
16 4 1 100
37 53 1 100
-30 -38 1 100
65 49 1 100
34 18 1 100
-63 -31 1 100
-17 -49 1 100
13 -25 1 100
52 36 1 100
42 -22 1 100
67 51 1 100
42 26 1 100
73 65 1 100
-69 6 1 100
-17 -25 1 100
-3 13 1 100
-62 -78 1 100
-33 -13 1 100
54 2 1 100
54 -32 1 100
-57 -25 1 100
-41 -73 1 100
56 24 1 100
50 34 1 100
66 59 1 100
25 17 1 100
-17 -25 1 100
20 77 1 100
-61 -53 1 100
48 -31 1 100
73 81 1 100
-34 -26 1 100
-82 -98 1 100
-15 79 1 100
48 -18 1 100
60 52 1 100
6 72 1 100
-77 -85 1 100
62 12 1 100
-91 -75 1 100
-29 -93 1 100
5 -3 1 100
-44 -12 1 100
45 13 1 100
98 82 1 100
-48 -32 1 100
84 92 1 100
35 -41 1 100
-25 -33 1 100
40 8 1 100
83 99 1 100
17 65 1 100
-5 3 1 100
69 77 1 100
-39 -31 1 100
88 80 1 100
-56 -48 1 100
-46 82 1 100
-59 -83 1 100
-46 -38 1 100
-80 -7 1 100
-72 -56 1 100
15 23 1 100
22 43 1 100
65 57 1 100
-28 -25 1 100
-5 27 1 100
-37 27 1 100
-83 -3 1 100
61 69 1 100
-23 -31 1 100
20 -75 1 100
57 15 1 100
-2 -93 1 100
-14 -6 1 100
-85 -21 1 100
-35 -27 1 100
1 21 1 100
-78 -86 1 100
-21 11 1 100
-25 39 1 100
64 32 1 100
-78 -94 1 100
-72 -64 1 100
-75 -91 1 100
28 12 1 100
-74 -89 1 100
-28 59 1 100
9 25 1 100
-40 23 1 100
-41 -25 1 100
-23 -55 1 100
93 29 1 100
-56 -47 1 100
-89 -97 1 100
0 1 1 100
-17 47 1 100
-62 -70 1 100
12 20 1 100
-43 -55 1 100
-35 -99 1 100
-40 29 1 100
-62 66 1 100
28 60 1 100
-94 -86 1 100
97 -31 1 100
92 84 1 100
46 -13 1 100
96 13 1 100
9 1 1 100
18 55 1 100
2 10 1 100
18 2 1 100
19 -22 1 100
-71 -79 1 100
80 72 1 100
65 76 1 100
-23 -39 1 100
-59 -67 1 100
-23 -76 1 100
-32 -16 1 100
73 41 1 100
40 24 1 100
79 71 1 100
42 34 1 100
11 28 1 100
45 -44 1 100
-22 -14 1 100
-51 77 1 100
-26 -58 1 100
-43 -35 1 100
3 75 1 100
10 74 1 100
7 -25 1 100
31 66 1 100
43 99 1 100
75 83 1 100
21 48 1 100
-7 71 1 100
-72 -25 1 100
96 75 1 100
70 19 1 100
57 54 1 100
12 28 1 100
54 70 1 100
-11 -52 1 100
35 74 1 100
-18 -26 1 100
54 22 1 100
-42 -34 1 100
34 26 1 100
-34 -66 1 100
5 -30 1 100
26 -38 1 100
63 -16 1 100
-3 -86 1 100
13 89 1 100
11 27 1 100
-80 -72 1 100
-63 -79 1 100
56 64 1 100
27 19 1 100
21 -9 1 100
0 78 1 100
32 64 1 100
17 35 1 100
88 85 1 100
-67 -75 1 100
-79 -63 1 100
-32 19 1 100
-67 -79 1 100
70 6 1 100
-73 -65 1 100
-10 -74 1 100
-77 -61 1 100
35 8 1 100
24 -8 1 100
-7 -68 1 100
-69 -77 1 100
-66 29 1 100
-50 17 1 100
-96 -47 1 100
-68 -52 1 100
40 48 1 100
7 23 1 100
81 73 1 100
-66 -58 1 100
-54 -86 1 100
78 98 1 100
-38 -86 1 100
-66 -58 1 100
22 -42 1 100
4 -86 1 100
74 -21 1 100
37 45 1 100
-59 -51 1 100
37 53 1 100
-62 -94 1 100
-93 -29 1 100
52 44 1 100
47 39 1 100
14 6 1 100
23 -11 1 100
-34 -26 1 100
26 -38 1 100
75 82 1 100
43 75 1 100
-35 29 1 100
-86 12 1 100
-33 -41 1 100
-30 -94 1 100
-42 22 1 100
-3 -35 1 100
-32 -16 1 100
-93 -67 1 100
44 51 1 100
86 -7 1 100
-34 8 1 100
87 86 1 100
-52 -34 1 100
18 -61 1 100
78 70 1 100
83 75 1 100
-3 29 1 100
16 85 1 100
-50 -42 1 100
-51 7 1 100
38 30 1 100
84 52 1 100
-92 -13 1 100
-29 -37 1 100
-13 -27 1 100
12 -45 1 100
-64 0 1 100
57 86 1 100
17 68 1 100
-65 34 1 100
-72 -77 1 100
-96 -80 1 100
20 36 1 100
-90 -12 1 100
-51 13 1 100
93 29 1 100
-58 -66 1 100
91 -37 1 100
-47 -15 1 100
-48 -16 1 100
-22 -34 1 100
10 26 1 100
96 -32 1 100
-30 98 1 100
30 85 1 100
-80 -48 1 100
78 14 1 100
-35 -27 1 100
23 39 1 100
14 6 1 100
-13 3 1 100
37 53 1 100
-65 -57 1 100
84 76 1 100
-94 -30 1 100
62 29 1 100
-31 28 1 100
-27 -59 1 100
71 63 1 100
7 15 1 100
32 -13 1 100
-57 -25 1 100
-81 -17 1 100
-6 -14 1 100
-51 -59 1 100
96 11 1 100
-21 63 1 100
55 47 1 100
-44 -12 1 100
85 12 1 100
-48 -64 1 100
-53 -99 1 100
6 -26 1 100
-13 3 1 100
10 42 1 100
37 -27 1 100
4 20 1 100
17 -15 1 100
-47 -31 1 100
-54 31 1 100
3 67 1 100
27 70 1 100
-64 -28 1 100
-43 85 1 100
-39 -20 1 100
-62 -54 1 100
64 56 1 100
8 -8 1 100
-37 91 1 100
71 63 1 100
61 77 1 100
4 20 1 100
-13 3 1 100
21 29 1 100
-49 79 1 100
96 32 1 100
-54 -22 1 100
55 63 1 100
-38 -6 1 100
-34 -26 1 100
-85 -69 1 100
-2 -18 1 100
-58 -74 1 100
-67 -59 1 100
67 51 1 100
18 26 1 100
-30 -31 1 100
-95 -87 1 100
2 18 1 100
-15 -79 1 100
-67 28 1 100
53 85 1 100
-16 -24 1 100
-22 -66 1 100
42 10 1 100
25 17 1 100
-23 -87 1 100
72 45 1 100
32 16 1 100
82 32 1 100
45 53 1 100
-55 -83 1 100
-43 27 1 100
-33 -79 1 100
26 42 1 100
-37 -84 1 100
58 42 1 100
-41 -93 1 100
82 57 1 100
4 -4 1 100
-55 73 1 100
94 30 1 100
53 37 1 100
56 -8 1 100
5 -92 1 100
-19 70 1 100
20 52 1 100
-51 -19 1 100
-4 88 1 100
-37 -45 1 100
62 46 1 100
-49 -17 1 100
50 75 1 100
78 70 1 100
19 5 1 100
-31 -47 1 100
-7 85 1 100
14 -49 1 100
63 71 1 100
47 25 1 100
-32 -48 1 100
-41 -73 1 100
-13 -21 1 100
-54 -22 1 100
59 -35 1 100
8 72 1 100
-14 24 1 100
32 48 1 100
79 71 1 100
22 25 1 100
71 17 1 100
2 -30 1 100
54 -26 1 100
38 96 1 100
-43 -35 1 100
19 27 1 100
29 45 1 100
41 33 1 100
-30 -38 1 100
-16 -24 1 100
54 -74 1 100
86 78 1 100
3 -23 1 100
43 59 1 100
11 3 1 100
-27 63 1 100
-86 -94 1 100
-73 55 1 100
-2 6 1 100
73 57 1 100
-47 -39 1 100
-29 -61 1 100
-97 -80 1 100
-41 45 1 100
-17 -1 1 100
-1 -9 1 100
91 83 1 100
-85 -11 1 100
27 -37 1 100
49 57 1 100
68 76 1 100
33 30 1 100
-100 -47 1 100
-34 -81 1 100
-3 -69 1 100
63 38 1 100
-15 -23 1 100
-23 -39 1 100
-17 -25 1 100
-53 11 1 100
26 40 1 100
-42 -63 1 100
31 -1 1 100
89 -10 1 100
51 96 1 100
93 85 1 100
-14 -22 1 100
55 23 1 100
27 -54 1 100
7 -9 1 100
23 -33 1 100
-53 -67 1 100
-25 -47 1 100
51 -18 1 100
64 72 1 100
-50 -75 1 100
15 -79 1 100
-4 -68 1 100
99 86 1 100
25 17 1 100
-25 -57 1 100
42 -8 1 100
16 -16 1 100
2 66 1 100
16 28 1 100
-53 8 1 100
-12 -76 1 100
-16 -8 1 100
-55 9 1 100
3 -5 1 100
-78 -86 1 100
4 -60 1 100
36 4 1 100
67 44 1 100
0 -32 1 100
-48 16 1 100
71 39 1 100
83 44 1 100
79 31 1 100
30 46 1 100
-79 -81 1 100
8 96 1 100
28 92 1 100
-35 -95 1 100
37 -47 1 100
23 93 1 100
-71 -87 1 100
-85 -55 1 100
-4 2 1 100
87 -41 1 100
15 -1 1 100
60 31 1 100
-83 -75 1 100
47 -48 1 100
28 60 1 100
-42 -26 1 100
53 78 1 100
-31 -32 1 100
-6 10 1 100
66 50 1 100
-31 1 1 100
-51 -59 1 100
34 26 1 100
29 61 1 100
-47 -37 1 100
-27 37 1 100
54 53 1 100
51 -77 1 100
72 40 1 100
46 -15 1 100
-20 -36 1 100
-41 7 1 100
-13 51 1 100
64 0 1 100
16 -48 1 100
-76 -10 1 100
-24 -32 1 100
27 -37 1 100
4 -60 1 100
-28 -36 1 100
-66 -34 1 100
68 -18 1 100
42 58 1 100
22 14 1 100
-9 -17 1 100
-73 -40 1 100
8 0 1 100
51 -77 1 100
-88 -35 1 100
90 82 1 100
-45 -29 1 100
60 52 1 100
-68 -100 1 100
-23 -31 1 100
-12 -4 1 100
7 -9 1 100
52 48 1 100
-3 5 1 100
-21 38 1 100
-13 -5 1 100
-15 -79 1 100
-5 3 1 100
9 41 1 100
-39 25 1 100
-62 -84 1 100
19 27 1 100
78 86 1 100
-67 -51 1 100
6 -58 1 100
-31 -23 1 100
-19 13 1 100
49 66 1 100
56 24 1 100
96 -32 1 100
91 99 1 100
75 67 1 100
-5 -13 1 100
-89 -25 1 100
-73 -41 1 100
-14 -78 1 100
-14 2 1 100
-33 -17 1 100
-75 17 1 100
-73 17 1 100
65 81 1 100
-50 -58 1 100
-4 -12 1 100
-54 -70 1 100
-79 -63 1 100
-50 -46 1 100
-72 -40 1 100
-91 3 1 100
85 93 1 100
-84 -68 1 100
54 38 1 100
-51 -67 1 100
-37 -75 1 100
-1 7 1 100
41 -4 1 100
-11 -19 1 100
15 -1 1 100
94 78 1 100
-82 -74 1 100
37 69 1 100
23 15 1 100
-61 -69 1 100
17 25 1 100
-8 8 1 100
-30 41 1 100
-86 42 1 100
71 87 1 100
10 -6 1 100
20 -17 1 100
67 35 1 100
39 -15 1 100
-51 -14 1 100
-94 -64 1 100
34 80 1 100
-62 66 1 100
23 31 1 100
-20 12 1 100
5 -3 1 100
-73 12 1 100
5 44 1 100
-71 -79 1 100
-85 -21 1 100
36 -54 1 100
60 16 1 100
-10 59 1 100
-64 -50 1 100
4 -12 1 100
-99 -8 1 100
-18 -2 1 100
-74 -90 1 100
80 64 1 100
-85 -21 1 100
20 70 1 100
-90 -82 1 100
30 -2 1 100
-44 -34 1 100
48 2 1 100
20 11 1 100
42 10 1 100
87 -41 1 100
79 64 1 100
17 -12 1 100
9 25 1 100
34 -21 1 100
38 6 1 100
48 40 1 100
55 -73 1 100
-68 -4 1 100
0 32 1 100
37 5 1 100
86 35 1 100
-82 -98 1 100
-38 -46 1 100
78 86 1 100
-97 -81 1 100
-25 -41 1 100
77 8 1 100
35 -29 1 100
-16 -32 1 100
49 77 1 100
-96 -88 1 100
49 33 1 100
54 62 1 100
-50 -66 1 100
77 45 1 100
40 32 1 100
57 8 1 100
10 42 1 100
33 41 1 100
76 92 1 100
52 68 1 100
72 56 1 100
-59 -67 1 100
99 67 1 100
-68 -60 1 100
-56 -64 1 100
-38 -87 1 100
-85 -21 1 100
-74 -90 1 100
94 86 1 100
24 -8 1 100
19 27 1 100
-5 3 1 100
-37 -45 1 100
80 88 1 100
80 99 1 100
-81 -17 1 100
-7 -15 1 100
22 14 1 100
-10 -67 1 100
82 90 1 100
63 -1 1 100
-24 -32 1 100
27 -49 1 100
22 -42 1 100
-7 25 1 100
-17 -25 1 100
97 81 1 100
-48 13 1 100
-64 -56 1 100
29 45 1 100
-6 -22 1 100
-24 -89 1 100
-13 3 1 100
-58 -26 1 100
36 100 1 100
-74 -10 1 100
-74 -82 1 100
-67 -3 1 100
25 -7 1 100
57 73 1 100
-37 -45 1 100
-57 34 1 100
0 1 1 100
79 15 1 100
63 55 1 100
-11 21 1 100
0 1 1 100
-11 51 1 100
13 -81 1 100
-85 -21 1 100
16 48 1 100
24 29 1 100
50 0 1 100
-30 -14 1 100
-68 -52 1 100
9 -23 1 100
-45 -53 1 100
84 20 1 100
58 43 1 100
49 41 1 100
3 11 1 100
-52 -84 1 100
-19 -83 1 100
55 87 1 100
-34 -66 1 100
-48 -64 1 100
24 -12 1 100
-94 -30 1 100
-97 -33 1 100
74 66 1 100
-17 -79 1 100
-42 -52 1 100
-57 -49 1 100
-70 -86 1 100
43 -21 1 100
47 -18 1 100
61 -8 1 100
-35 -67 1 100
64 72 1 100
18 -46 1 100
-74 -10 1 100
15 -1 1 100
-86 -94 1 100
91 66 1 100
22 6 1 100
77 -18 1 100
4 -60 1 100
-47 -43 1 100
79 87 1 100
36 44 1 100
-34 -50 1 100
-31 -95 1 100
23 71 1 100
16 0 1 100
-47 10 1 100
75 59 1 100
15 -1 1 100
62 46 1 100
67 83 1 100
-19 -27 1 100
-2 31 1 100
93 -35 1 100
-14 -30 1 100
59 39 1 100
48 -15 1 100
-58 -42 1 100
15 79 1 100
-33 -93 1 100
43 75 1 100
38 22 1 100
-71 -79 1 100
67 19 1 100
-44 -12 1 100
37 -44 1 100
-21 -36 1 100
-73 -57 1 100
17 -24 1 100
76 68 1 100
-12 -28 1 100
51 -77 1 100
84 68 1 100
78 17 1 100
17 9 1 100
-64 0 1 100
87 55 1 100
-43 -11 1 100
-92 36 1 100
-21 -29 1 100
-35 -19 1 100
16 48 1 100
60 44 1 100
27 35 1 100
68 -12 1 100
-31 -82 1 100
14 78 1 100
58 -70 1 100
31 39 1 100
7 -1 1 100
96 88 1 100
42 74 1 100
44 76 1 100
31 4 1 100
41 33 1 100
-54 -38 1 100
89 97 1 100
26 0 1 100
54 38 1 100
-34 -18 1 100
99 35 1 100
74 90 1 100
-100 -68 1 100
55 -9 1 100
59 97 1 100
-34 -66 1 100
-72 -80 1 100
35 67 1 100
11 -34 1 100
37 29 1 100
91 99 1 100
-16 16 1 100
-23 41 1 100
90 74 1 100
-43 46 1 100
46 6 1 100
25 57 1 100
-7 57 1 100
80 64 1 100
65 49 1 100
-24 8 1 100
-44 -28 1 100
-88 -10 1 100
80 31 1 100
42 34 1 100
35 67 1 100
-30 -14 1 100
36 -92 1 100
-18 -26 1 100
-34 94 1 100
75 11 1 100
-95 -32 1 100
-6 26 1 100
-50 -82 1 100
80 16 1 100
30 -34 1 100
-29 -80 1 100
-35 -27 1 100
-3 13 1 100
-7 1 1 100
-86 -22 1 100
-53 -45 1 100
-59 -20 1 100
-16 -99 1 100
-2 -43 1 100
37 5 1 100
-50 14 1 100
81 49 1 100
-25 56 1 100
-24 38 1 100
-55 4 1 100
60 76 1 100
-35 -43 1 100
4 20 1 100
50 94 1 100
-39 -31 1 100
56 -8 1 100
58 42 1 100
41 57 1 100
-28 36 1 100
14 -22 1 100
-53 2 1 100
44 60 1 100
-1 7 1 100
-40 -56 1 100
78 71 1 100
-15 -23 1 100
-50 17 1 100
76 44 1 100
-30 -46 1 100
50 -21 1 100
92 60 1 100
-41 -76 1 100
12 -15 1 100
81 89 1 100
-56 -14 1 100
-31 -95 1 100
30 -98 1 100
-13 -5 1 100
-3 21 1 100
-29 37 1 100
89 77 1 100
57 26 1 100
-4 -46 1 100
24 32 1 100
-40 -24 1 100
29 -68 1 100
52 68 1 100
-7 61 1 100
-28 -12 1 100
75 43 1 100
21 99 1 100
-86 -37 1 100
28 44 1 100
33 17 1 100
-21 -13 1 100
-38 -6 1 100
57 65 1 100
-71 -98 1 100
-8 -30 1 100
11 -5 1 100
28 -37 1 100
9 -7 1 100
-12 -28 1 100
-60 -89 1 100
15 32 1 100
-87 -90 1 100
-7 25 1 100
-56 -64 1 100
-22 -38 1 100
-44 9 1 100
-77 -93 1 100
53 37 1 100
-25 -96 1 100
-3 5 1 100
-68 -76 1 100
9 1 1 100
71 63 1 100
72 13 1 100
-2 30 1 100
67 51 1 100
-70 -54 1 100
79 87 1 100
-84 -100 1 100
-5 -37 1 100
49 3 1 100
53 -11 1 100
-78 -86 1 100
48 64 1 100
-15 49 1 100
-86 3 1 100
80 72 1 100
34 -62 1 100
-47 -63 1 100
1 82 1 100
58 -6 1 100
51 35 1 100
-80 -88 1 100
6 14 1 100
94 -34 1 100
-25 -41 1 100
-2 -34 1 100
35 30 1 100
-10 -99 1 100
-72 -56 1 100
39 -5 1 100
42 26 1 100
-80 -96 1 100
-10 -42 1 100
-61 -93 1 100
-69 -13 1 100
-85 -53 1 100
55 63 1 100
-43 -51 1 100
78 14 1 100
-36 28 1 100
-49 -33 1 100
97 81 1 100
22 14 1 100
88 80 1 100
-8 73 1 100
45 -14 1 100
-47 -26 1 100
-9 -25 1 100
77 98 1 100
43 -43 1 100
0 36 1 100
69 37 1 100
65 49 1 100
-2 30 1 100
79 87 1 100
53 69 1 100
32 77 1 100
72 -19 1 100
63 95 1 100
-24 8 1 100
-50 -82 1 100
-15 37 1 100
-29 -13 1 100
99 35 1 100
48 56 1 100
-61 -77 1 100
10 65 1 100
29 21 1 100
-7 -23 1 100
-6 2 1 100
-27 -100 1 100
-88 -96 1 100
70 62 1 100
33 1 1 100
24 56 1 100
-68 23 1 100
-44 -60 1 100
54 22 1 100
-95 33 1 100
-100 -71 1 100
-2 14 1 100
63 23 1 100
58 50 1 100
74 -54 1 100
-8 -27 1 100
-46 -38 1 100
64 79 1 100
-77 -13 1 100
55 39 1 100
-100 -36 1 100
-19 -56 1 100
-14 -45 1 100
-97 -36 1 100
-60 -75 1 100
82 66 1 100
-22 -86 1 100
-79 -87 1 100
29 37 1 100
55 39 1 100
-18 -52 1 100
27 70 1 100
45 77 1 100
5 -11 1 100
94 -34 1 100
-21 -13 1 100
83 99 1 100
47 55 1 100
-1 15 1 100
65 1 1 100
-8 46 1 100
-23 -55 1 100
32 11 1 100
42 74 1 100
-12 -20 1 100
-6 -52 1 100
58 74 1 100
-93 -57 1 100
16 -75 1 100
-46 -14 1 100
9 -23 1 100
38 54 1 100
38 54 1 100
55 28 1 100
4 -12 1 100
-41 45 1 100
0 -42 1 100
-95 -79 1 100
-75 -83 1 100
-43 -51 1 100
100 92 1 100
72 64 1 100
77 6 1 100
-7 9 1 100
78 46 1 100
19 -13 1 100
22 38 1 100
62 94 1 100
58 90 1 100
57 65 1 100
64 72 1 100
-57 -73 1 100
-7 1 1 100
-41 -25 1 100
99 92 1 100
37 -23 1 100
78 62 1 100
62 70 1 100
-12 -77 1 100
31 39 1 100
11 92 1 100
-52 -60 1 100
-52 -84 1 100
-9 55 1 100
31 39 1 100
-54 -67 1 100
-54 -86 1 100
33 65 1 100
36 44 1 100
42 58 1 100
0 1 1 100
-11 -75 1 100
89 57 1 100
1 -15 1 100
26 34 1 100
-75 -23 1 100
-77 -13 1 100
-28 -92 1 100
-26 -58 1 100
11 27 1 100
-91 -75 1 100
-24 -8 1 100
-84 -30 1 100
81 67 1 100
-5 27 1 100
23 90 1 100
65 57 1 100
-67 -83 1 100
-3 -35 1 100
44 76 1 100
68 -29 1 100
91 75 1 100
-50 -81 1 100
-60 -76 1 100
-100 -84 1 100
72 40 1 100
-3 -11 1 100
23 39 1 100
-24 -16 1 100
-8 8 1 100
55 -21 1 100
17 74 1 100
-37 -49 1 100
-35 -67 1 100
45 61 1 100
16 -48 1 100
9 41 1 100
28 -54 1 100
-63 -55 1 100
-1 15 1 100
53 61 1 100
91 27 1 100
-55 -87 1 100
18 31 1 100
47 -17 1 100
-55 -63 1 100
-3 13 1 100
-56 -40 1 100
89 57 1 100
50 18 1 100
57 -18 1 100
76 12 1 100
23 15 1 100
-90 -58 1 100
0 -68 1 100
62 46 1 100
31 23 1 100
39 47 1 100
-28 10 1 100
-51 -67 1 100
-67 24 1 100
22 62 1 100
-46 18 1 100
-60 -28 1 100
-67 -7 1 100
-10 -18 1 100
93 85 1 100
-38 -58 1 100
91 59 1 100
-11 5 1 100
-64 -72 1 100
33 -2 1 100
-81 -65 1 100
-19 16 1 100
20 12 1 100
-1 7 1 100
-87 2 1 100
12 -4 1 100
21 3 1 100
-27 -19 1 100
-61 -69 1 100
-20 -4 1 100
-89 -97 1 100
-27 31 1 100
-9 -41 1 100
68 27 1 100
-64 25 1 100
-5 13 1 100
8 -56 1 100
-9 -17 1 100
7 -1 1 100
-33 -97 1 100
-92 -76 1 100
2 -30 1 100
-5 63 1 100
28 60 1 100
49 17 1 100
-31 -15 1 100
17 -7 1 100
-66 -50 1 100
-56 -72 1 100
3 11 1 100
68 52 1 100
89 77 1 100
-67 -59 1 100
-87 -19 1 100
76 12 1 100
25 33 1 100
-30 -34 1 100
-60 -76 1 100
-36 -28 1 100
-13 -21 1 100
93 64 1 100
99 91 1 100
-55 -23 1 100
-77 -35 1 100
11 27 1 100
-1 91 1 100
9 -74 1 100
-49 -57 1 100
0 -74 1 100
-42 -87 1 100
94 78 1 100
32 -32 1 100
20 4 1 100
-13 51 1 100
14 -50 1 100
-6 -14 1 100
68 60 1 100
65 57 1 100
-14 50 1 100
-34 -18 1 100
18 -74 1 100
51 -35 1 100
97 33 1 100
-6 22 1 100
-30 -62 1 100
74 -5 1 100
18 10 1 100
-82 -10 1 100
25 1 1 100
52 60 1 100
71 7 1 100
-39 -47 1 100
-66 -74 1 100
8 40 1 100
67 83 1 100
39 55 1 100
76 60 1 100
89 73 1 100
-61 -53 1 100
71 7 1 100
-56 -48 1 100
-98 -82 1 100
69 37 1 100
-47 -63 1 100
16 0 1 100
-39 -7 1 100
-35 29 1 100
-65 -81 1 100
91 86 1 100
17 25 1 100
-53 -85 1 100
73 57 1 100
-94 -86 1 100
32 -37 1 100
-49 -57 1 100
-1 -93 1 100
-34 -50 1 100
-58 -45 1 100
-68 -100 1 100
0 1 1 100
78 41 1 100
-98 -77 1 100
37 -54 1 100
17 9 1 100
-37 27 1 100
27 11 1 100
-57 -73 1 100
85 -10 1 100
99 80 1 100
49 57 1 100
48 -50 1 100
-23 52 1 100
63 -25 1 100
-1 -9 1 100
-51 -67 1 100
99 67 1 100
-24 -40 1 100
80 89 1 100
-45 -13 1 100
-26 -90 1 100
-91 37 1 100
-50 -66 1 100
-90 38 1 100
-40 35 1 100
-26 38 1 100
-3 5 1 100
-55 -47 1 100
-61 -69 1 100
-87 -7 1 100
-47 -15 1 100
74 -54 1 100
-92 -76 1 100
66 98 1 100
58 50 1 100
-46 46 1 100
100 -28 1 100
49 -40 1 100
-27 -35 1 100
47 15 1 100
70 78 1 100
-96 -88 1 100
39 55 1 100
-51 13 1 100
-100 -28 1 100
-38 46 1 100
87 57 1 100
-37 -53 1 100
-35 57 1 100
73 41 1 100
-50 -34 1 100
45 37 1 100
-48 -32 1 100
-68 -60 1 100
25 94 1 100
41 49 1 100
91 75 1 100
41 57 1 100
0 1 1 100
-51 -35 1 100
-81 47 1 100
-55 -47 1 100
16 48 1 100
31 47 1 100
-38 -6 1 100
-2 6 1 100
47 -36 1 100
4 86 1 100
63 -15 1 100
-51 13 1 100
28 78 1 100
87 55 1 100
50 -4 1 100
-16 -30 1 100
-9 -1 1 100
-7 -15 1 100
-82 -37 1 100
6 -29 1 100
-89 -20 1 100
34 63 1 100
-73 -57 1 100
-93 -81 1 100
-19 -51 1 100
11 -21 1 100
-49 -62 1 100
-84 -20 1 100
-25 -89 1 100
26 90 1 100
71 79 1 100
-1 -65 1 100
-52 12 1 100
46 14 1 100
55 23 1 100
-89 -97 1 100
37 69 1 100
64 36 1 100
90 58 1 100
6 -54 1 100
33 41 1 100
-71 -83 1 100
-73 -57 1 100
-3 -91 1 100
-42 40 1 100
-63 -47 1 100
9 83 1 100
29 60 1 100
-38 -30 1 100
-84 -76 1 100
37 69 1 100
-9 7 1 100
14 22 1 100
16 24 1 100
14 6 1 100
-21 43 1 100
60 28 1 100
-56 -22 1 100
-3 -35 1 100
57 37 1 100
61 69 1 100
68 76 1 100
-66 -82 1 100
25 17 1 100
95 84 1 100
73 -19 1 100
42 -57 1 100
19 27 1 100
54 70 1 100
-52 -36 1 100
-33 -41 1 100
-99 29 1 100
-91 -15 1 100
43 75 1 100
92 28 1 100
1 -7 1 100
-30 -94 1 100
39 23 1 100
-3 29 1 100
-72 -6 1 100
67 89 1 100
73 81 1 100
32 0 1 100
-23 -55 1 100
11 12 1 100
-29 99 1 100
89 84 1 100
19 68 1 100
-94 -86 1 100
28 -27 1 100
48 56 1 100
-15 -50 1 100
17 -28 1 100
-36 28 1 100
-25 -33 1 100
40 33 1 100
47 -23 1 100
-91 37 1 100
16 0 1 100
-98 -74 1 100
88 56 1 100
-48 -40 1 100
11 -38 1 100
96 59 1 100
66 -62 1 100
-92 2 1 100
-26 -58 1 100
82 18 1 100
21 53 1 100
34 26 1 100
-66 -34 1 100
66 1 1 100
-40 -4 1 100
-36 -44 1 100
57 41 1 100
-29 -45 1 100
66 12 1 100
-31 12 1 100
69 -59 1 100
89 57 1 100
47 -8 1 100
32 -58 1 100
38 70 1 100
46 78 1 100
19 3 1 100
-79 -33 1 100
84 92 1 100
-4 -96 1 100
7 -12 1 100
-92 -28 1 100
70 38 1 100
82 35 1 100
-80 -96 1 100
65 81 1 100
-12 20 1 100
52 36 1 100
-10 -74 1 100
17 98 1 100
-68 -60 1 100
-15 -23 1 100
85 77 1 100
30 46 1 100
1 9 1 100
-40 88 1 100
-5 0 1 100
-3 20 1 100
92 29 1 100
0 -21 1 100
82 90 1 100
55 63 1 100
-38 -92 1 100
-26 64 1 100
-90 -38 1 100
6 14 1 100
-11 -43 1 100
61 93 1 100
-45 -37 1 100
-44 -36 1 100
-91 -83 1 100
58 -70 1 100
-34 -2 1 100
59 91 1 100
17 38 1 100
62 30 1 100
67 83 1 100
34 61 1 100
-56 -40 1 100
-96 -80 1 100
13 29 1 100
-100 -36 1 100
-68 -84 1 100
-65 -73 1 100
47 63 1 100
-87 -79 1 100
22 -42 1 100
34 -30 1 100
-75 -91 1 100
17 -47 1 100
55 -23 1 100
58 42 1 100
48 -35 1 100
-50 -61 1 100
-20 66 1 100
63 -2 1 100
64 56 1 100
-35 -3 1 100
45 -29 1 100
-1 31 1 100
52 44 1 100
100 92 1 100
13 -3 1 100
84 45 1 100
-41 21 1 100
50 82 1 100
8 -79 1 100
91 75 1 100
29 -35 1 100
27 -23 1 100
-34 -18 1 100
-3 90 1 100
50 34 1 100
-14 -30 1 100
-72 -75 1 100
56 24 1 100
50 -14 1 100
60 92 1 100
67 59 1 100
37 45 1 100
-22 58 1 100
-49 -94 1 100
-4 -15 1 100
-10 -18 1 100
-73 -57 1 100
2 -6 1 100
12 28 1 100
-44 20 1 100
-1 63 1 100
-44 -28 1 100
-36 -100 1 100
-85 -93 1 100
-53 35 1 100
11 75 1 100
-8 -40 1 100
-58 -42 1 100
20 84 1 100
-7 25 1 100
-44 19 1 100
78 46 1 100
36 83 1 100
-23 -34 1 100
-43 55 1 100
42 -22 1 100
96 88 1 100
-36 20 1 100
-31 -87 1 100
-39 -31 1 100
31 -8 1 100
25 33 1 100
-38 -22 1 100
32 40 1 100
70 6 1 100
-39 -47 1 100
84 5 1 100
-51 -72 1 100
35 67 1 100
-2 6 1 100
10 -28 1 100
-9 -17 1 100
99 91 1 100
19 -35 1 100
29 13 1 100
72 58 1 100
40 48 1 100
68 60 1 100
100 37 1 100
-43 -75 1 100
-47 -86 1 100
-65 -57 1 100
18 82 1 100
-5 -21 1 100
12 53 1 100
-19 -35 1 100
12 20 1 100
84 92 1 100
87 71 1 100
7 -21 1 100
-57 -41 1 100
63 79 1 100
67 83 1 100
61 70 1 100
-1 -17 1 100
-28 -92 1 100
29 -35 1 100
77 85 1 100
54 70 1 100
-11 -19 1 100
-5 27 1 100
37 53 1 100
-63 9 1 100
91 82 1 100
-77 -69 1 100
52 94 1 100
-57 -65 1 100
0 57 1 100
-44 -36 1 100
38 -40 1 100
0 -11 1 100
-3 -58 1 100
-86 -70 1 100
19 11 1 100
39 47 1 100
-43 20 1 100
-29 41 1 100
-27 -8 1 100
-67 -54 1 100
-28 4 1 100
-27 -19 1 100
-14 2 1 100
96 64 1 100
63 38 1 100
-29 99 1 100
-70 8 1 100
-16 -48 1 100
46 14 1 100
75 59 1 100
-95 -79 1 100
-30 2 1 100
-66 -74 1 100
20 -17 1 100
-37 -92 1 100
46 -18 1 100
56 -9 1 100
-71 -79 1 100
-78 -86 1 100
26 58 1 100
9 41 1 100
97 -31 1 100
46 -10 1 100
25 9 1 100
-48 -64 1 100
-98 -53 1 100
97 81 1 100
-94 -86 1 100
-54 -46 1 100
61 77 1 100
-21 -53 1 100
-15 -23 1 100
21 85 1 100
-21 -53 1 100
-40 -85 1 100
-82 -66 1 100
-33 52 1 100
-80 -72 1 100
44 60 1 100
23 15 1 100
92 84 1 100
-90 -82 1 100
-37 -21 1 100
-39 24 1 100
71 79 1 100
-81 -17 1 100
-51 -77 1 100
-79 -63 1 100
29 93 1 100
65 57 1 100
5 97 1 100
11 27 1 100
-18 -26 1 100
-95 -89 1 100
-32 96 1 100
36 4 1 100
67 99 1 100
0 1 1 100
40 8 1 100
51 -21 1 100
58 -6 1 100
34 -94 1 100
32 40 1 100
-6 10 1 100
79 13 1 100
-88 -96 1 100
28 20 1 100
86 94 1 100
-22 -54 1 100
31 -24 1 100
18 34 1 100
-93 -77 1 100
94 37 1 100
2 -91 1 100
-24 55 1 100
2 34 1 100
51 43 1 100
-80 -16 1 100
18 -80 1 100
74 80 1 100
-30 -46 1 100
25 33 1 100
54 70 1 100
-52 -68 1 100
71 55 1 100
99 10 1 100
31 15 1 100
-14 18 1 100
24 40 1 100
-61 -98 1 100
7 -33 1 100
76 92 1 100
-84 -76 1 100
43 75 1 100
81 89 1 100
-70 -62 1 100
87 23 1 100
27 -5 1 100
-6 -80 1 100
-92 -28 1 100
-43 -35 1 100
91 75 1 100
92 82 1 100
31 -97 1 100
55 23 1 100
41 33 1 100
42 -42 1 100
-8 -49 1 100
2 -6 1 100
-72 3 1 100
20 12 1 100
14 48 1 100
54 -10 1 100
87 6 1 100
1 9 1 100
33 -31 1 100
-98 -66 1 100
69 21 1 100
-11 -95 1 100
-78 -94 1 100
-42 -34 1 100
44 60 1 100
-43 -27 1 100
35 43 1 100
10 42 1 100
33 -95 1 100
-21 -5 1 100
-32 -48 1 100
23 39 1 100
-98 -14 1 100
45 37 1 100
96 27 1 100
-55 -51 1 100
13 -49 1 100
18 66 1 100
12 -34 1 100
40 32 1 100
-57 -49 1 100
-57 -96 1 100
14 37 1 100
82 78 1 100
-6 -38 1 100
12 76 1 100
50 34 1 100
-74 22 1 100
-83 -38 1 100
-35 57 1 100
-11 -19 1 100
-13 -78 1 100
-21 -29 1 100
49 83 1 100
-9 -1 1 100
-79 -71 1 100
53 69 1 100
4 36 1 100
63 47 1 100
-60 -52 1 100
-85 -93 1 100
0 16 1 100
-15 -7 1 100
35 43 1 100
-29 -37 1 100
67 83 1 100
38 54 1 100
-40 -16 1 100
53 -44 1 100
12 4 1 100
-54 -86 1 100
-52 -36 1 100
85 53 1 100
44 74 1 100
-18 -26 1 100
-17 29 1 100
-21 -98 1 100
-48 -69 1 100
54 62 1 100
-94 -78 1 100
39 7 1 100
10 19 1 100
-68 -72 1 100
42 34 1 100
99 91 1 100
-18 -26 1 100
-57 -41 1 100
-34 94 1 100
-80 -15 1 100
35 67 1 100
-20 44 1 100
-76 -72 1 100
27 43 1 100
46 62 1 100
-35 2 1 100
