4000 50000
1 0 391 1 237906299
1 1 1978 4 368875175
1 1 2765 4 205183992
2 1863 2889
1 0 3998 1 468113825
2 974 3276
1 1 1925 4 442123455
1 1 326 3 204981228
1 0 1786 2 68096050
1 1 2836 3 895697006
1 1 744 3 841894070
1 0 3921 3 852707462
1 0 753 3 439432430
1 1 396 1 615680914
2 1144 3985
1 1 163 3 406358819
1 1 3112 1 708807875
1 1 1961 4 297809609
1 0 2206 2 120977141
1 0 84 3 656462358
1 1 1002 1 377340666
1 1 687 3 475955320
1 0 131 3 784841204
2 3148 2923
1 0 634 4 749131622
1 1 1292 3 207553100
1 1 3766 4 923168326
2 3166 1905
2 3256 2769
2 3927 2345
1 1 304 2 65415306
1 0 3473 4 11501272
2 3212 3087
1 0 2888 4 26800848
1 1 1576 2 488445608
1 1 2922 4 536616656
1 0 2339 2 535519379
1 1 96 4 459400297
2 3946 783
2 3672 1174
1 1 825 4 793521591
1 1 2887 1 818030308
1 1 3852 3 201097939
1 0 2825 3 315995309
1 1 136 3 559704948
1 0 717 3 472301330
2 3392 742
2 1232 3761
1 0 2202 3 604663341
1 1 170 4 926392991
1 0 845 4 116131442
1 1 3300 3 533578259
1 0 3659 3 728386506
2 874 507
1 1 2439 1 575607992
1 0 115 3 361061073
1 0 17 4 972071058
2 3011 3683
1 0 2050 1 514482688
1 0 1900 1 53683114
1 1 65 4 491626168
2 248 915
1 1 3269 3 675495208
1 0 2842 1 688356393
2 3836 1550
1 0 2821 3 92607671
1 1 8 1 906412428
1 1 2415 4 250027624
1 0 64 4 34287283
1 0 1 4 185409524
1 0 649 1 426497360
1 0 926 1 215327920
1 1 334 2 411701995
2 1335 1531
2 1385 2520
1 0 3337 2 436306976
1 0 1006 4 140705400
1 1 1505 2 866931993
1 1 257 2 320144334
1 0 1522 3 199664706
1 1 3037 3 147319387
1 0 3913 2 120644660
1 1 1166 1 979854635
1 0 501 2 775902764
1 1 1888 3 483134534
1 1 1413 2 800646552
2 1594 3664
2 795 3811
1 0 1714 2 627019871
1 0 248 4 778680803
1 1 1500 1 635150219
1 0 1178 3 120086301
1 1 2116 1 873359353
2 674 2505
1 1 3322 1 212508038
1 1 2710 4 215453421
2 2292 3900
1 0 200 3 847915800
1 1 1509 1 631634240
1 0 2089 1 617340728
1 0 934 1 658514473
1 1 3482 1 338260603
1 0 92 2 895448517
1 1 558 2 828816562
1 1 70 4 447450750
1 1 2744 1 906488093
1 1 102 2 589047072
2 2156 2060
2 3082 2407
1 1 634 3 675975904
2 2233 443
2 3592 1581
1 0 2206 3 188225839
1 0 2607 4 79424189
2 81 2867
1 1 2117 1 758645741
2 1797 3830
1 1 1984 3 471083470
1 0 1604 1 710491694
1 0 124 4 134599632
1 1 850 3 250594516
1 0 673 2 370064780
1 0 1940 3 26366820
1 1 231 4 686789373
1 0 625 2 311782465
1 1 2197 3 947970359
2 2834 1249
2 3450 1089
1 0 509 4 476034738
2 3901 2270
1 0 2509 1 466008320
1 1 1628 4 599211583
1 1 1971 4 730580399
1 1 3118 1 263593276
2 1859 1920
1 1 560 2 973206501
1 1 228 2 458986652
1 0 3924 3 707649150
1 0 768 2 171163661
1 0 3775 4 633406501
1 1 264 3 357695845
1 1 2600 2 342400656
1 1 2675 1 661901331
1 0 219 2 62715341
1 1 3604 3 102564946
1 1 1387 2 638313731
1 1 3239 1 597676200
1 0 2616 3 407547459
1 0 638 1 551899952
1 1 192 4 862402494
1 1 2107 3 388049725
1 0 3418 3 756290346
1 1 217 1 582165728
1 0 1689 3 375460639
1 0 2094 2 888547456
2 3098 390
1 1 2025 4 198743352
1 1 1895 1 533004974
1 0 3881 3 722130905
1 1 90 2 194745701
1 0 1437 2 631734805
1 0 2064 2 723826765
2 1111 2449
1 1 81 1 406440551
1 0 125 2 853978799
1 0 2152 1 903817514
1 1 1460 2 946514300
1 0 2309 2 133727507
2 1691 1524
1 0 2437 2 755022201
1 1 3560 2 285075064
1 1 3723 3 130276718
1 0 2022 2 471732913
1 0 2705 2 182545166
1 1 2524 2 746843902
1 1 2268 2 108692672
1 0 2484 2 784849094
1 1 372 1 473496048
1 0 1406 2 309765578
1 1 3451 4 605339699
1 1 219 3 261307340
2 847 1263
1 0 2336 3 852130018
1 0 949 4 631645625
2 3368 3197
1 0 2132 1 201046007
2 3087 3897
1 0 1848 1 705579627
1 0 3163 3 198209499
1 1 1682 2 561910307
2 2371 2678
2 1303 2905
1 1 2516 2 911355399
1 1 3651 4 517520947
1 1 2718 4 112265006
1 1 3724 2 337721319
1 1 2958 2 314724712
1 0 2243 2 462602227
1 0 150 3 891810912
1 1 1548 2 957768796
1 1 3137 3 949986293
1 0 6 2 716738511
2 2963 3299
2 2963 2923
1 0 3880 2 412043454
1 1 3131 3 458984732
1 1 2311 4 113117471
1 1 3744 3 911843086
1 0 1266 4 275904329
1 0 2973 2 763016328
1 0 3255 3 10454214
1 1 1861 2 962506599
1 1 2774 4 703120458
1 1 1108 1 824172134
1 1 759 3 11656816
1 1 2726 3 531005891
2 299 532
1 0 3445 2 553740360
1 0 1969 3 583732079
1 0 126 1 58451765
2 1587 2241
1 1 797 1 476044318
1 0 1861 2 676237900
1 1 1156 1 951080894
1 0 3690 2 265961776
1 0 2510 4 229302333
1 1 2407 3 342771472
2 3745 3499
2 1523 2167
1 0 3915 4 361924864
1 1 3123 4 472226975
1 1 3495 3 282719217
1 1 1049 2 182607209
1 0 1786 4 212014012
1 1 337 3 501313493
1 1 3774 4 510234993
2 3248 314
1 0 3254 1 781647637
1 0 3320 1 910591403
1 1 852 4 940426548
1 1 72 3 474732179
2 2676 33
1 1 1649 1 414722301
1 0 1245 4 244880909
1 0 247 4 572375237
1 1 43 3 651699440
1 0 1779 4 466503873
1 0 3271 1 981732063
2 2696 469
2 285 494
2 2507 113
1 1 2732 4 86977603
1 0 1530 2 38438505
1 0 2176 1 5710975
2 734 2053
1 1 1383 2 314343843
1 1 1880 3 4901834
1 0 1158 4 418907614
1 0 3797 1 775370752
1 1 2522 1 813356068
1 0 1473 3 89465529
1 1 1317 2 951583729
1 1 3387 2 623910368
1 0 72 4 96646432
1 0 500 2 189537662
1 0 2565 1 116072874
2 1554 2588
1 1 1937 2 352291282
2 1818 1092
1 1 3182 4 956072384
1 0 3548 1 734082276
2 3929 175
1 0 1765 1 188686823
1 0 262 4 781446285
1 0 2567 4 58378577
2 591 2740
2 3033 1265
1 0 864 2 239555115
1 0 152 4 947756187
1 1 2421 3 225902586
1 0 3698 3 651497000
1 1 3838 4 755147456
2 1608 3941
1 1 2681 2 911625196
1 0 3388 4 219213057
1 1 3884 2 600067905
1 1 3502 4 981638983
1 1 522 1 125617678
1 1 998 1 529297869
1 0 2880 4 900545846
1 0 3440 1 378799846
1 1 3760 1 923383359
1 0 3993 4 637529126
1 0 888 2 814908593
1 1 3088 4 21715686
1 1 2124 4 47677541
1 0 1422 1 327411203
1 1 273 4 713194760
1 0 464 4 69882366
1 1 44 2 208660007
1 0 3749 3 50968
1 0 3807 3 833136266
1 1 466 3 158194136
2 1830 2288
2 2945 1928
1 0 605 1 334848167
1 0 3232 2 805042875
2 1588 945
2 1247 1451
1 1 1110 1 750966456
2 2072 1193
1 0 2505 4 515285248
1 0 1591 4 282192563
1 0 3193 3 884843966
1 0 2533 3 424138473
1 1 392 2 294519091
1 1 3786 1 280166524
1 1 1036 1 15286167
1 1 246 1 434761326
1 1 1319 3 217811926
1 0 1460 2 40981182
2 3019 2346
1 1 3931 4 843452270
2 369 3549
2 1048 2937
1 0 2197 4 956825255
1 1 143 4 495073519
2 2188 869
1 0 3558 4 987601669
1 1 3465 2 54766602
2 2404 2505
1 1 592 1 556399163
2 937 3422
1 0 3104 3 677669392
1 0 1911 2 103686649
1 1 1260 3 29028325
1 1 1715 1 558079307
1 1 2723 3 558672820
1 0 2154 2 33066257
2 168 3972
2 2864 2117
1 0 3142 3 777455417
1 1 1425 4 575118307
1 1 2886 1 354770043
1 1 1740 1 221073297
1 1 1061 2 441501742
1 1 1335 2 911230819
2 2800 3033
2 3113 2490
2 826 365
1 1 484 2 672013606
2 2739 2253
1 1 3263 1 181329613
2 3424 1745
1 0 2617 3 574984297
2 24 203
2 1620 2064
1 1 1672 1 849908482
1 0 649 2 26816460
1 0 1450 3 677515038
1 0 2191 4 467279017
1 1 511 3 399130314
1 1 2348 1 314504325
1 0 3307 1 57124124
2 1471 2878
1 1 968 3 481744449
1 1 1153 1 451098501
1 1 3926 2 635128813
1 0 1487 3 684147035
2 1366 1569
2 1742 3983
1 1 1325 3 604029168
1 1 3499 1 503790662
1 1 1660 4 264030811
1 0 3830 2 342765531
2 3843 3718
1 1 3545 1 50289883
1 1 560 2 26383362
1 1 3803 3 689445910
2 1774 76
1 0 3671 1 441779347
2 2237 3074
1 0 3622 2 508755809
1 1 3421 4 829460550
1 1 705 1 635325419
1 0 416 3 910597475
1 0 1095 1 187006839
1 1 382 2 137352238
1 1 1010 1 598028218
1 1 49 1 952929059
1 1 2750 3 912447492
1 0 3995 3 547853023
1 1 1163 3 293796935
1 0 2528 1 402304520
1 1 898 3 922692362
1 1 1340 2 786698336
1 0 1431 2 104545000
1 1 90 3 523669051
1 0 3763 1 653353610
1 0 3250 4 185996971
1 1 1718 4 277550528
1 0 2721 3 475437408
1 1 859 3 860498719
1 0 762 3 285965419
1 0 1438 1 979904816
1 1 3559 1 364486224
1 0 3369 1 143571151
2 1142 2166
1 0 399 1 620851948
1 0 3617 2 823736385
1 0 2471 4 83729241
1 0 3844 1 660398780
1 0 1630 3 200096135
1 0 1184 4 287245450
2 3555 3500
1 1 679 1 839289840
1 0 2024 1 191697696
1 0 2507 4 185748283
1 1 3051 4 208587027
1 0 3199 2 685697860
2 1262 2430
1 0 2993 4 50826967
1 1 1713 1 184006771
1 1 3329 2 453085977
1 0 3437 1 989194038
1 1 1249 4 418109708
1 0 2516 2 840413710
1 0 2584 4 602680502
1 0 1058 4 417525195
1 1 791 2 117448216
1 0 986 3 681948806
1 1 3152 3 954928697
2 1267 3869
1 0 2083 4 125053862
2 2604 3652
2 3440 1963
1 1 1901 2 388202722
2 3381 470
1 0 501 4 906641075
1 0 1831 4 37915440
1 0 691 3 390649611
2 3143 2577
1 1 1173 1 810921658
1 0 3338 1 630097583
1 1 2674 1 150282243
1 1 3078 1 579674382
1 0 1834 3 173667838
1 1 2681 3 133804969
1 1 2358 1 250696671
1 1 647 2 603217732
1 0 2068 3 428550139
1 1 942 4 177701514
1 0 3227 1 111751403
1 0 149 4 920389898
1 1 3704 3 218970315
1 0 120 1 631375639
1 1 982 4 850684568
2 3648 3758
1 0 2368 4 339688754
1 1 1250 3 554750709
1 1 2867 2 270216224
1 0 471 1 780055832
1 0 1979 2 747875002
1 1 3253 3 620209173
2 3249 3552
1 0 2731 2 638080915
2 2065 1127
1 0 1225 4 749856208
1 1 1244 3 83838743
1 1 2041 3 111346176
1 1 31 2 78680204
1 1 3258 1 639021516
1 1 399 1 808224307
2 1202 3011
1 0 555 3 771870937
1 1 3238 3 205238990
1 1 2279 2 483509866
1 0 764 3 397046449
1 0 3267 4 231123750
2 1833 3548
2 1434 3104
1 0 1691 2 953572678
1 1 2186 2 941626201
1 1 1423 4 115186441
1 0 738 1 286518673
1 0 2036 4 312970459
1 1 2338 2 579151813
2 85 3915
1 1 2331 2 491841409
1 1 3324 2 128021140
1 0 2769 4 232702238
1 0 2953 4 214663045
1 0 1323 1 99314817
2 936 747
1 1 88 3 917058255
1 0 1656 2 787323573
2 3184 2620
1 0 2241 3 820901164
1 0 3475 2 307552108
1 0 1155 1 381191907
1 1 3493 4 384896795
1 0 3378 4 753616265
2 1164 3404
1 1 1266 1 449750803
1 1 2051 2 753052667
1 0 807 1 326571851
1 0 3924 3 289463193
2 3381 3092
1 0 2999 1 627917214
1 1 3314 3 125842300
1 1 1683 1 261009924
1 1 2520 2 133968200
1 1 994 4 721239715
1 1 513 4 710894372
1 0 1784 4 894797808
1 0 2665 3 596709872
1 1 637 4 239470943
1 1 3911 4 328709864
1 0 1528 2 868960156
2 3342 927
2 1609 2738
1 1 3706 1 405292103
1 1 395 3 196615567
1 1 1866 3 602313748
1 0 1322 2 12654263
1 1 3290 2 980636705
1 1 1486 4 263672215
2 2959 319
1 1 1161 2 445264084
2 1019 2738
1 0 1319 4 805032301
2 2381 3433
1 0 1427 2 819533146
1 0 2107 3 269537361
2 270 2778
1 0 3531 4 81646187
1 0 1187 4 740457014
1 0 3966 2 349411104
1 1 1375 4 432842401
1 0 1886 3 647669012
1 1 2500 4 668315624
2 703 640
1 1 2282 1 836189843
1 0 3637 2 936365344
1 0 1123 3 545066292
1 0 2090 3 79381077
1 1 399 4 878043990
1 0 3686 1 593000699
1 0 3065 1 482968909
2 1021 3043
1 1 24 2 455024995
1 1 2555 1 931941281
2 871 1877
1 1 3423 1 296818367
1 1 447 3 396148229
2 3620 1858
1 0 1499 2 60806572
1 0 2611 4 960424120
1 0 563 2 448787939
1 1 1040 4 398905506
1 0 2559 1 134926334
2 1581 719
2 1704 955
2 3412 3523
2 2075 1828
1 0 2407 1 195944191
1 1 1015 3 742728532
1 0 1392 1 661104321
1 1 293 3 734463386
1 0 3334 1 654221435
1 0 296 3 279317930
2 1252 1994
1 1 73 3 552352495
1 1 1440 4 759503644
1 1 491 4 505506033
2 756 874
2 3917 1298
2 651 1520
1 1 1740 4 58537837
1 0 3275 1 456544288
1 1 2758 2 655042743
1 1 3060 2 12582100
1 1 2543 1 849791583
2 1385 3864
1 1 534 1 227959520
1 0 3336 1 852708739
1 0 741 3 626406878
2 818 2525
1 0 140 1 452569667
1 1 1707 1 413413115
1 0 206 2 765474175
1 0 1673 2 987698276
2 1268 3316
1 0 3665 3 608576504
1 0 756 4 156311324
1 1 1473 4 164455634
1 1 1050 3 534376616
1 1 742 3 204246403
1 0 1789 2 370333660
1 1 2293 1 916039276
1 0 3673 3 378020043
1 0 823 2 960333399
1 1 2371 3 101726860
1 0 1451 2 78999733
2 2091 2913
1 0 475 1 475967160
1 1 3144 3 51663468
1 1 622 3 79859956
1 1 2793 2 744103890
1 0 178 2 566062745
1 1 3301 4 53440751
1 0 2575 1 802169258
1 1 2540 3 299740989
1 1 3977 4 433155424
1 0 2622 1 667268718
1 1 2105 3 740587196
1 1 993 4 544781630
1 1 1509 3 382566400
1 1 2340 4 821348283
2 1612 142
1 1 3190 3 650006301
1 1 1206 4 443367580
1 0 2278 2 839107313
1 1 3679 1 527420424
1 0 2989 2 956401765
2 3108 1446
1 0 2289 1 920215139
1 0 1015 2 13029362
1 1 3862 1 332349070
1 0 630 4 810120952
1 1 2681 1 782449545
1 1 1786 4 672877639
1 1 1890 3 304439665
1 1 325 2 540817408
1 1 235 4 244159841
1 0 3589 3 582481612
1 0 591 4 473518119
1 0 791 1 806974013
1 1 470 3 67920055
1 0 2849 1 809815786
2 1442 1584
1 1 3878 2 753156168
1 0 3124 1 573435404
2 3053 3044
1 0 3607 1 709127951
1 1 3325 1 496374986
1 1 1196 1 239186828
1 0 1990 1 907451263
2 287 887
1 0 1873 2 717246456
1 0 3330 1 473386588
1 1 2341 4 302439925
1 0 2664 4 971150885
1 0 2816 1 725013068
1 1 3129 4 199757780
1 0 1668 2 876652643
2 3714 860
1 1 2332 1 300834424
1 1 2098 3 712918570
1 1 2442 3 838174532
1 0 3725 3 287968103
1 0 1179 3 564358816
1 1 3958 4 375306952
2 297 3848
1 1 2379 2 102748854
1 1 3157 2 43184062
1 0 3391 4 127440468
1 1 3574 3 747759264
1 0 1025 3 341751071
1 1 1223 4 765356735
1 1 2012 3 543500866
1 1 422 2 653779100
1 0 3185 4 397319390
2 1373 1035
1 0 3976 4 602313365
1 0 1038 3 264165245
1 1 1074 4 540134352
1 1 3985 2 99509940
1 0 768 3 32055754
1 0 1038 3 122559549
1 0 2851 2 251081745
1 0 1698 1 337296492
2 3755 1849
2 2228 181
1 1 2488 1 988131495
1 0 2185 4 811171696
1 0 1708 4 652366149
1 0 3758 4 669930480
1 0 835 3 446274042
1 0 330 3 634424907
1 0 3788 1 845658298
1 1 180 4 759006844
1 0 934 4 679901589
1 1 741 1 434139653
1 1 1584 4 419308528
1 0 2724 1 295319994
1 0 1782 4 994437527
1 0 2080 1 161995973
1 1 1327 4 993812698
1 1 1708 1 684255561
2 324 2323
1 0 3790 1 379096575
1 0 3246 1 414257373
1 1 3580 4 324007978
1 0 2275 4 960598304
2 3320 451
2 1234 1717
1 0 750 2 594627562
1 1 1643 1 62934212
1 1 691 1 754194614
1 1 2675 1 890184319
1 0 945 3 502576348
1 1 3281 1 155729118
1 0 3466 3 267742096
1 1 2971 2 480991240
1 0 926 4 995948562
1 1 2052 3 299945696
1 1 976 3 874055286
1 1 809 2 339599388
1 1 1622 4 723155992
2 1616 3186
1 0 3201 2 477986521
1 0 807 1 509317585
2 3790 3392
1 0 2828 1 621596198
1 0 1687 4 464798036
1 1 3465 4 329125816
1 0 2593 4 82081427
1 0 3719 1 746168216
1 0 3394 1 51965638
1 1 3505 1 563051840
1 0 1767 4 441027406
1 0 597 4 358421075
2 868 3699
1 1 1141 4 664083102
1 1 3381 3 628566982
1 0 2430 2 566576407
2 2050 130
2 1833 792
1 0 3053 3 457531295
1 1 865 4 655832924
1 0 89 1 440702175
1 0 3239 2 568821121
1 1 2721 2 619939145
1 0 1218 4 424935356
1 0 2016 3 272592621
1 1 1354 4 483140972
1 0 2408 4 232517255
1 0 2573 2 856791594
1 1 2935 4 998264392
1 1 700 4 216328194
2 3609 3644
2 3955 1624
1 0 3564 2 710244375
1 1 733 3 661249964
1 1 1657 1 386513130
2 1639 701
2 423 3831
1 0 1776 1 334520990
1 0 2745 1 274346595
1 0 2337 3 385886044
1 1 276 2 928631607
1 1 3531 3 308866958
1 1 3053 1 924072453
1 0 948 3 183787661
1 0 2595 3 395804298
1 1 276 3 313635469
1 0 458 4 318627493
2 2686 1657
1 1 2685 3 830057958
1 1 1797 3 822362927
1 1 3690 3 740854123
1 1 1576 1 862655389
2 3391 1443
1 1 2962 2 142422850
2 1052 1039
2 2578 1773
1 1 2375 4 887919077
1 1 195 1 543002785
1 0 1948 3 922114455
1 0 794 2 469627146
1 1 3390 1 182198097
1 0 1908 4 136036584
2 2125 1996
1 1 2528 2 207262573
1 1 1892 2 199310355
1 0 1715 4 822170758
1 0 3910 4 217208406
2 3891 2160
1 1 787 1 135871524
1 0 1674 3 663090500
1 1 1411 1 229779046
1 1 94 2 731897103
1 0 358 3 411928491
2 1733 156
1 1 447 4 155800122
1 0 304 3 389721080
1 0 1991 1 781193971
2 458 730
2 476 2414
1 1 2260 2 199859980
1 1 282 3 919919522
1 0 2180 1 494769628
1 0 2050 1 374273795
1 1 3805 1 665706622
1 1 437 1 631885539
2 1656 3735
1 0 3936 3 117021138
1 0 557 3 729352459
1 1 3011 4 920495444
1 1 1159 1 462483925
1 0 3673 1 342654260
1 1 1039 1 946309679
1 1 179 2 120333807
2 1313 971
1 1 2968 2 534286997
1 1 248 1 445203957
1 1 3724 4 198164118
1 0 3909 4 853576722
1 1 950 3 435772100
1 0 3038 2 963981111
1 1 2429 3 29001755
1 1 3073 3 132983686
1 1 3758 3 165540969
1 1 874 2 913285210
1 1 3854 2 457389451
2 1992 1490
1 1 278 3 136940080
1 1 2293 4 838506880
2 2190 3509
1 1 673 4 965333613
1 0 1366 2 133967508
1 1 2994 4 139776640
1 1 1995 3 392926903
1 1 873 2 195150817
1 1 456 4 170172202
1 1 2579 4 403091647
1 1 3499 4 79087689
1 0 809 1 686809839
1 0 1388 4 50470670
1 0 1119 2 594780932
1 1 1629 1 130434761
2 1793 98
1 1 1584 3 614170247
1 1 279 3 280831063
1 1 3800 3 111567992
1 0 3994 2 111037219
1 1 2608 3 734134742
1 1 3994 4 829500696
1 1 3604 1 872215751
2 2829 1513
2 3787 1542
2 283 1561
1 0 349 2 442751106
1 0 849 3 691966057
1 1 2209 1 392578469
1 0 364 3 182445760
1 1 298 2 762310662
1 0 3016 1 514813
1 1 413 1 966348983
2 489 2310
1 0 769 4 661175561
1 0 237 1 275207975
1 0 624 4 710659169
1 1 720 3 281070535
1 0 971 2 746336867
1 0 3622 3 354186140
2 664 325
1 1 2262 3 332234061
1 0 3948 3 72012948
2 529 1252
1 0 1352 4 221643012
1 0 507 2 579892269
2 1656 997
1 0 1350 2 211498855
1 0 1138 2 242790585
1 0 581 3 99282150
1 1 1777 1 216271193
2 3451 1576
1 0 2370 2 814114371
1 0 1957 2 404393783
2 356 2872
1 0 3369 4 900108197
1 0 455 2 746769036
1 0 2409 2 292402500
1 1 1879 4 769010321
1 0 1807 1 62399900
1 1 3808 4 300184326
2 2799 2985
1 1 3083 1 433707977
1 1 1112 4 961324279
1 0 1376 1 398491605
1 0 1439 3 997389892
1 1 2102 1 709472239
1 0 2703 3 118593089
1 0 3990 1 671708106
1 1 1435 1 500699546
1 0 144 1 199921218
1 0 1746 3 776674443
1 0 1636 1 741660173
1 1 3059 3 47900722
1 1 2118 4 522267605
2 2182 3622
2 2920 3414
2 3896 3099
1 1 3842 1 936069687
2 1654 1210
1 1 3119 4 881691570
1 0 1728 1 700913790
1 1 944 3 599152855
2 2246 2045
1 1 1336 4 312118835
2 1745 148
2 760 1757
1 1 2294 4 686627622
1 1 3690 3 705695372
1 1 1963 2 562749731
2 3444 3057
1 1 1937 1 485243993
1 0 2450 1 906968135
1 0 2944 4 365145487
1 0 1569 4 408727198
1 0 2685 2 932669367
1 0 3203 1 636315643
1 0 3228 1 691543592
2 3476 2390
1 1 1229 1 460226456
2 927 1409
1 0 3282 1 586791954
1 0 2988 1 829752617
2 569 2922
2 2912 962
1 0 1096 2 759350253
2 1981 2327
1 1 2975 2 213307622
2 3360 2632
1 0 3097 4 735740561
1 1 2904 4 909532152
1 1 1143 3 750012863
1 1 647 2 995569612
1 0 3326 3 791204098
1 1 3034 3 305645589
1 1 2161 2 985198847
1 1 2188 1 445866246
2 287 3110
1 1 1806 1 391807852
1 0 3639 4 216622529
1 0 2187 3 588211757
1 1 2215 3 333255721
1 1 267 4 669593571
1 0 1555 4 585437142
1 0 3948 3 666332838
1 1 3967 4 488066701
1 0 1110 1 106778398
2 2324 1776
1 1 3884 4 587421203
2 2125 2362
1 0 1274 4 641974290
1 1 405 2 576055210
1 0 949 4 577910918
2 1874 377
1 1 3549 2 605461806
2 3948 3426
1 1 1534 4 731290846
1 1 1838 3 344442354
1 1 1440 3 750945611
1 0 1389 2 431605302
1 1 3251 3 180946974
2 2078 2549
1 0 3328 2 235342098
1 0 1149 4 471193763
1 1 3564 2 465810097
1 0 3479 2 665987213
1 0 2093 4 368105929
1 0 575 3 883500023
1 1 2992 2 1359605
2 1539 853
1 1 250 3 699778812
1 0 3942 3 261626319
1 0 1903 3 278715111
1 1 2846 3 56923992
2 3957 2843
2 52 3441
1 1 3385 1 92128715
1 1 2690 1 937277789
2 364 3215
1 0 17 4 505067681
1 0 2114 1 430119638
1 0 3085 3 668227594
1 0 666 1 137794098
1 0 3543 2 834015544
2 2161 520
1 1 342 2 555650029
2 1046 2523
1 1 2869 3 756654365
1 1 3656 4 456088662
1 0 2772 2 126930787
1 0 3300 4 567089190
1 0 852 1 795654327
1 0 3071 4 277676062
1 0 480 3 932514206
1 1 3810 3 378897110
1 0 3461 3 784261023
2 46 3883
1 0 3330 3 575279862
1 1 2602 1 902420579
1 0 3172 1 249156259
1 0 3805 1 965624007
1 0 615 3 189018260
1 1 2219 2 447668950
1 0 3000 3 659713962
2 3458 1665
2 3659 1602
2 2069 2881
1 1 2354 3 486634948
1 0 1571 4 331465981
1 0 3645 2 302930620
1 1 2410 4 223751744
2 928 1696
1 1 1040 1 810702863
1 0 2498 3 549037345
1 1 1127 3 951120085
2 2447 897
1 0 1275 2 102145183
1 0 1614 1 866765896
2 1217 3953
2 1769 1769
1 1 144 2 1206572
2 212 1881
2 1374 2770
1 0 647 2 660773587
2 2006 3813
2 1770 494
2 1822 2266
1 0 1291 2 418252261
2 1026 1553
2 1176 2859
1 0 3704 2 647592367
1 1 1343 2 497240588
1 0 1472 1 580825927
2 513 1938
1 1 1438 2 789135507
2 2144 1674
2 2938 476
1 1 2445 1 162155992
2 645 2486
1 0 1537 1 461959250
1 0 1023 3 862017319
1 1 967 1 887949564
1 1 1881 4 777919314
2 3652 1670
2 2283 538
1 0 1065 3 648737686
1 0 89 3 257035254
1 0 793 3 863770370
1 0 616 1 867772239
1 0 1219 4 724328217
1 1 905 2 834470810
1 1 3959 2 76867090
2 3551 359
1 1 2936 1 786174958
2 3384 2936
1 0 185 2 771832228
1 1 1369 4 434853398
1 0 3683 1 867045195
1 1 3951 4 106156068
1 0 1273 3 695768244
1 1 3297 1 426122996
2 972 2695
1 1 382 3 775874933
1 1 1088 1 851720743
1 0 1662 3 644619100
2 3642 224
1 1 2367 2 318905759
1 0 1129 1 883751194
1 0 2439 4 123120792
1 0 2329 2 213063102
1 0 1137 4 740806041
1 1 3402 3 502752951
2 1339 4000
1 1 1008 1 327399848
1 1 2381 1 122339996
1 1 628 2 335719713
1 1 3837 2 641114563
1 1 3155 1 6543264
1 1 3705 3 364224658
1 0 630 4 594502745
1 0 3743 4 272042026
1 0 3990 4 138633496
1 0 3859 1 640176441
1 1 1514 4 781538299
1 1 3575 3 569053856
1 1 339 4 286617485
2 1536 2491
1 0 2033 3 506416518
1 1 3665 1 944169748
1 0 3672 1 404115357
1 1 666 3 280385467
1 0 219 2 940417876
1 1 1544 2 569986133
1 0 3735 4 758575851
1 1 2002 3 705475706
1 0 1898 1 317704374
1 0 1046 1 779859897
1 0 3187 2 765690427
2 187 688
1 0 2004 4 293433966
1 1 3408 1 32039390
1 1 855 2 140518810
1 0 464 2 921528089
1 1 1190 4 277464971
1 0 3519 4 76069799
1 0 2834 1 594580778
2 909 2654
1 1 2966 1 527936213
1 1 3170 4 532880488
1 1 2307 3 501285546
1 0 1456 2 929034363
1 1 1212 4 912581227
1 0 3544 3 100828585
1 1 2803 1 218863768
1 0 2583 3 290785455
1 0 1341 4 290477397
1 1 3760 1 375695887
2 3589 1679
1 0 3980 2 590512196
1 0 147 1 560177311
1 0 1746 3 95046773
1 1 686 3 409554358
1 0 1206 4 484410067
1 0 2383 2 555868118
1 1 1132 1 490325351
1 0 1435 1 706324515
1 1 3443 2 486474218
1 1 2302 4 13989614
1 0 2962 1 238916226
1 1 801 3 627187624
1 0 2235 3 231511651
1 0 333 3 761263110
1 1 74 3 206255257
1 0 3472 1 323136148
1 0 1409 1 346820226
1 0 119 1 775999475
1 0 3397 1 322500003
1 0 2885 3 498986555
1 0 1804 2 797080156
1 0 1464 3 751645145
1 0 1083 2 668676450
1 1 1549 4 316750041
1 0 2684 2 170255995
1 0 675 4 506751660
1 0 664 2 721772846
1 0 1327 4 386465770
1 1 221 2 657784097
1 1 2409 1 525537067
1 0 1719 2 67488069
1 1 3004 1 128193072
1 1 666 2 402835638
2 2126 283
1 1 3439 4 691286738
1 0 2211 1 448679795
1 1 783 3 187522798
1 0 659 3 231148031
1 0 34 3 930377550
1 0 2245 2 83258999
1 0 2932 4 431282419
1 0 3510 1 743986033
1 1 484 2 757005129
1 1 1852 1 247502696
1 0 2003 3 180162073
1 0 668 2 859765095
1 1 2231 4 243984566
1 0 603 1 544813470
1 1 2059 2 294614615
1 0 2895 1 523795077
1 0 3859 2 154233238
1 1 699 4 936973384
1 1 586 3 291016663
2 3432 3443
1 1 1758 3 415550503
1 1 2225 4 125744493
1 1 2548 3 468779939
2 3108 2345
1 0 798 3 226411237
1 1 2580 3 513774937
1 0 1506 1 678850413
1 0 2630 2 588733956
1 1 2219 2 543302729
1 1 297 2 84273317
1 0 1538 4 673172756
1 0 2661 4 563056566
2 1117 2733
1 1 2671 4 389552443
2 2443 933
1 1 3868 3 701790853
1 0 3004 4 995668274
1 1 2588 3 258465847
2 3656 567
1 1 1163 1 712276805
1 1 942 3 722538144
1 1 1045 1 608432336
1 1 3824 2 212691394
1 1 2968 3 716507285
1 1 2917 4 723793636
1 0 1831 3 820741747
1 0 3074 4 248891862
1 0 72 1 628506042
1 0 3355 3 277010200
1 1 2665 1 16378287
1 0 1819 4 738448633
1 1 2804 1 240829803
1 0 1616 3 484021827
1 1 1806 4 814420769
1 0 3579 2 201278609
2 2394 3900
1 1 2325 4 256645520
2 779 708
2 1910 714
1 1 28 4 96710904
2 2320 1908
1 1 2516 3 161347204
1 1 624 1 607564560
1 0 522 2 587515375
2 2718 1351
1 1 1084 2 346299848
1 0 1971 3 137452562
1 0 3134 4 683503846
1 0 1898 2 10304061
1 1 2389 2 328242308
2 2939 1652
1 1 1156 4 329156812
1 0 122 3 291312428
2 2932 1549
1 1 1881 4 754230568
1 0 2945 4 509267597
1 0 2064 3 694485090
1 0 1726 1 687710080
2 643 1459
1 0 2676 1 222773084
1 1 1116 4 38713017
2 3930 2364
1 1 553 2 117550109
2 1268 2446
1 0 1973 3 527699461
1 0 1719 4 796576642
2 2851 3362
1 0 308 1 267342255
1 0 2351 3 827537782
1 0 2114 1 384073212
1 0 595 4 439108052
2 2608 1732
1 1 2547 4 885757466
1 0 847 3 547461853
1 0 1278 4 618376265
1 1 2971 2 505457080
1 0 2069 2 485592994
2 2313 1664
1 1 562 4 470421188
1 0 3655 4 639302819
1 1 3532 2 631516116
1 0 1010 4 988930242
1 1 418 2 571584131
1 1 786 2 797180598
1 1 2098 1 685483580
1 0 1105 4 517262400
1 1 3166 4 808184265
1 0 3991 1 7790232
1 1 2547 2 374662802
2 2429 2697
1 0 83 4 431448639
2 3941 135
1 0 3241 1 6735698
1 1 3278 1 928804023
2 1823 2557
1 1 920 3 159885455
1 0 3780 4 52073668
1 0 76 3 220281777
1 1 360 4 121457339
1 1 2081 4 682787408
1 1 3570 2 711127550
1 0 877 4 255464739
1 0 1289 1 25011673
1 0 3310 2 504699728
1 1 935 2 362688799
1 1 7 2 25474479
1 0 475 4 117256263
1 1 173 3 810943727
2 1591 2413
1 1 1566 2 480128298
2 2856 1041
2 342 3100
2 1057 2985
1 1 1779 1 601753533
1 0 604 1 70294022
2 1650 2910
1 0 849 4 84017901
1 0 3234 2 906358692
2 1921 2699
1 1 663 2 448247730
1 1 1463 1 556510221
1 0 981 3 103053723
1 1 1048 4 43730812
1 1 702 1 327644878
1 1 497 2 685703946
2 3958 3359
1 0 251 1 534705174
1 1 1842 3 90859966
2 875 1319
1 0 3189 2 80768405
1 0 3203 4 53274179
1 0 2792 4 10775884
1 0 2308 3 232025830
1 0 2227 3 991233111
2 2191 1172
1 0 1092 2 403998809
2 2368 2624
1 1 2893 1 974982191
1 1 1769 2 78773300
1 0 397 2 765890787
1 0 1915 2 964614368
1 0 2122 2 60606230
1 1 3150 1 224036096
1 1 455 4 29171694
1 0 3025 1 197320597
1 1 3518 4 73007672
1 1 1448 2 187557467
1 1 2968 4 966830953
1 0 571 1 334291885
1 1 3721 2 855272108
1 0 10 4 685486643
1 0 2738 3 509618254
1 1 1131 1 833610556
1 1 2167 1 846133999
1 0 332 3 567764464
1 0 1455 3 993587547
1 1 382 1 883486285
1 1 3164 3 782428149
2 1641 1990
1 0 792 3 515450352
1 0 2684 4 75906912
1 0 2355 4 592531784
1 1 3653 2 457538159
2 2698 3224
1 1 710 3 288860122
1 0 3918 4 257397533
1 0 856 4 691355719
2 2789 2287
2 1555 2215
2 1938 3155
1 0 556 2 747710838
2 2788 629
1 0 242 3 797573117
2 309 2075
1 0 2245 4 518584533
2 2627 2568
2 1604 3412
1 0 2103 1 387047041
1 0 2993 3 648221641
1 1 2833 4 310090821
1 1 344 4 744599373
2 3168 3906
1 0 2778 2 577063416
1 1 2591 2 742978958
1 1 1104 2 716635662
1 0 3848 1 227525482
2 1397 47
1 0 2249 4 626794453
1 1 2566 4 546229447
1 0 3700 2 881848720
1 0 3367 2 191521253
2 3607 1650
2 1539 3371
1 1 3720 3 724327424
1 0 3322 2 985638565
1 0 2169 2 841001535
1 1 2429 2 3430124
1 1 1569 3 346350879
1 1 2166 4 697760005
1 0 3025 3 264430189
1 1 900 2 41057101
2 1021 3453
1 1 920 3 410254538
1 0 1766 4 320983227
2 1677 3368
2 2184 2459
1 0 730 4 133254272
1 0 1410 2 61841705
1 0 3844 2 708076414
1 1 1881 2 465834670
1 0 3711 2 669063701
1 0 2397 1 594543191
1 0 2257 4 550297325
1 1 996 3 632920994
1 0 3702 4 463160845
1 0 982 4 917869465
1 1 2376 3 227615341
1 1 2188 1 257932467
1 1 3766 4 882815853
1 0 1845 3 946889950
1 0 3670 4 174554849
1 1 3762 3 570474216
2 3208 2828
1 0 3562 2 326193150
1 0 187 3 16166587
1 1 3955 1 64469735
1 1 3194 4 532166961
1 1 2834 4 992194166
1 1 3485 3 207320934
1 0 1994 4 35249127
1 0 699 1 38328350
1 0 1723 1 513179762
1 1 1750 3 940555086
2 2000 2000
1 0 3828 2 5650267
1 0 1565 3 775482429
1 0 2167 2 5505149
1 0 1103 3 115963965
1 1 2480 3 263377551
1 0 1218 3 743403660
1 1 102 4 173286328
2 3808 3232
1 0 3060 4 163021173
1 0 1204 2 775247290
1 0 1630 2 279996066
1 1 3432 3 304435709
1 0 1334 1 539561255
2 3125 539
1 1 1540 3 247988701
1 1 2162 4 824542244
1 1 3194 1 545098291
1 1 3692 4 173447379
1 1 3084 4 274505260
2 3159 646
1 0 667 4 787060316
1 0 2738 1 735751564
1 1 584 3 782542134
2 3195 883
1 0 2739 1 573346291
1 1 1427 3 447286905
1 0 3090 4 828921170
1 1 355 3 164900515
2 2445 2011
1 1 2101 4 248676380
1 0 30 2 931552277
1 0 2785 3 839471065
1 0 1814 4 394857262
1 0 597 3 48158118
2 3684 1205
1 0 1436 2 109635250
1 0 2140 3 35605258
1 0 1260 3 997643436
1 0 3860 4 269764467
1 0 2240 2 869089674
1 0 1641 4 463402248
1 0 63 3 979370284
1 0 2496 3 591429791
1 1 3238 2 284451997
1 1 1472 2 322527739
1 0 701 1 657291105
1 1 2069 4 64236136
1 0 1649 4 398299436
1 0 196 2 175467009
1 0 218 4 813218635
1 0 2445 3 847509356
1 0 1161 3 788403366
1 1 2300 3 939958976
1 0 2948 3 146685274
1 0 942 1 653413776
1 0 2611 1 140293882
1 0 1319 4 642246024
1 1 2849 3 244774105
1 0 3570 2 266425091
1 1 3415 3 236073906
1 1 1986 2 282778786
2 3027 753
1 0 1356 3 895532526
1 1 386 3 580482740
2 2469 104
1 0 862 4 545510370
1 1 2907 1 219603130
1 1 2895 3 63358418
2 3358 2970
1 0 2068 3 437147717
2 147 1193
1 0 3989 2 300974733
1 1 2578 3 596236198
1 1 1208 1 707969281
2 683 1018
1 1 1415 3 757262849
1 1 295 4 856212802
1 0 3538 4 181220043
1 1 3653 2 219936207
1 0 3631 3 347657713
1 1 1810 1 27302143
1 1 71 4 745848387
1 0 1969 3 501186136
1 1 1235 1 806432736
1 0 197 3 695540169
1 1 2796 1 260687016
2 344 2273
1 1 3586 1 580679842
1 1 1266 1 467478069
2 1167 3454
1 0 442 4 688182085
1 1 1585 4 124267714
2 2935 3
1 1 1378 4 245179718
1 0 1938 4 681955800
2 2872 1388
2 1411 2942
2 2326 2065
1 0 704 3 236924619
1 0 2417 4 429249170
1 0 1118 4 19141534
1 1 3692 1 647755429
2 298 3469
1 1 2135 1 741156522
1 1 2827 3 102737900
1 0 1638 1 907956505
1 0 548 4 990219469
1 0 2640 2 312459535
1 1 1791 1 65529975
1 0 3091 2 594783851
1 0 1278 2 186568762
1 1 3464 4 851296627
2 2521 29
1 1 526 4 316664265
1 1 534 1 533512461
1 1 2187 1 782561492
2 2377 2713
1 0 194 2 458245061
1 0 3567 2 354190153
1 1 1806 1 381658637
2 2686 461
1 1 3749 2 377558462
1 1 772 1 91841315
1 0 3710 3 507500090
1 1 3538 3 377929725
1 0 3228 3 128898412
1 1 1436 4 785326301
2 514 358
1 1 2242 3 687378567
1 1 221 3 323735373
1 0 1397 1 533904158
1 0 443 1 761253280
1 0 2763 1 847016055
1 0 818 1 659768453
2 3881 1331
2 3909 2965
1 1 380 2 723050753
2 407 2550
1 0 1425 1 77762702
2 3119 1195
2 3999 2220
2 1938 1805
1 1 527 2 498807766
1 0 594 1 916350176
1 0 3532 2 903501776
1 0 3820 2 910180725
1 0 1019 4 919411076
1 1 3733 1 134940161
1 0 1268 3 852056444
1 1 602 3 548007371
2 81 3455
1 1 1375 1 826464757
1 0 2886 4 631608351
1 0 3662 3 319999784
1 0 1147 2 152724387
1 1 269 2 87894592
1 1 3499 1 585724243
1 0 3394 3 588046019
1 1 99 4 98210092
2 1914 2993
1 1 3451 3 142563511
1 0 3409 3 170707578
2 3394 1197
1 0 2784 3 90823494
2 2158 1536
1 0 2191 3 698694249
1 1 606 4 959070380
1 1 2167 2 845663828
1 0 2335 1 647461525
1 1 2152 3 931934220
1 0 1179 1 463316855
2 3463 2010
1 1 357 2 146043705
2 2220 2783
2 262 1171
2 533 426
1 0 3060 1 447208023
1 1 1442 2 517413048
1 0 417 3 577915156
1 1 1650 2 865446915
2 2859 41
1 1 2943 2 462666609
1 0 1518 2 266003231
1 0 1480 2 779126422
1 1 2758 3 462885742
1 0 3532 4 803709980
1 1 500 1 741800304
1 0 1096 3 813427461
1 1 407 2 480620607
1 1 3858 3 395296908
1 1 630 2 338223940
1 0 2885 2 15444633
1 0 129 1 185200456
2 1962 3109
1 0 98 2 160449652
1 1 1210 2 216672506
2 1786 492
1 0 1900 4 680111512
1 1 1627 2 942957287
1 1 770 4 791592211
2 1902 2673
1 0 1099 3 872550604
1 1 3974 4 463936395
1 1 3414 4 306469630
2 936 2549
1 0 2212 4 871874322
1 1 1910 4 345448216
1 0 464 3 587645718
1 0 1753 3 679610302
1 1 2557 4 922383811
1 0 3593 1 797584357
2 2577 484
1 1 1671 2 27487627
1 0 819 4 565819
1 0 2752 2 394398140
1 1 3823 4 218891171
1 0 3416 3 465239633
1 0 2257 3 872938508
1 0 2887 2 565717969
1 0 2176 1 378528290
1 1 1765 3 307947010
1 1 2198 2 318435415
1 1 155 2 915252335
2 935 2861
1 0 689 1 489861486
1 1 767 1 622805295
1 0 3667 4 23210369
1 1 877 1 821322463
1 0 3419 1 38215808
2 2 3945
1 0 782 3 837570196
1 1 3149 2 325407290
1 1 987 1 765565442
1 0 3037 3 723890325
1 1 656 3 779422262
1 0 2889 1 110643375
1 0 1467 2 321001815
1 1 2965 4 360767120
1 1 2212 1 709195888
1 1 2361 1 982416468
2 1265 3090
1 1 788 2 399531596
2 647 3641
1 1 2971 1 986592360
2 3938 3167
1 1 954 1 69033533
1 1 1648 1 25975257
1 1 234 2 305561269
1 0 3241 2 417455552
1 1 1072 3 95076132
1 0 1711 4 118758033
1 0 2989 1 517217874
1 1 3646 1 455922364
1 0 3293 1 678848261
1 1 647 1 749731533
1 1 979 2 566601862
1 1 818 1 669115688
1 0 2948 1 585902257
1 1 1699 1 470169000
2 868 526
1 1 3305 2 723321311
1 0 1241 3 274695476
2 3398 1936
1 1 1336 1 454984996
1 0 2458 3 971240147
1 0 3117 3 196163546
2 3583 2473
2 3769 1745
1 1 1985 2 562965518
1 0 1602 4 81005547
1 1 1851 4 104622120
1 0 2111 1 357379175
1 0 2686 3 481891301
1 0 1810 2 713201097
1 1 2915 4 468909323
1 0 1665 3 592305312
1 1 2315 3 142689968
1 1 1027 4 604124464
2 612 2231
2 770 2165
1 1 2596 4 703841407
2 194 1958
2 82 3623
2 2038 3377
2 523 1637
1 1 624 4 317176935
1 0 706 2 864618105
1 0 1932 2 569542428
1 0 3614 3 172300800
1 1 268 3 849826175
1 0 422 2 933780503
1 1 1196 1 119791467
1 0 1197 4 876570356
1 1 3148 2 105510592
1 1 2892 3 610264910
2 1636 276
1 1 1771 2 617864649
2 2666 279
1 0 1730 1 958526201
2 1412 2780
2 1247 1135
2 937 1390
1 0 1923 2 548506227
1 0 1282 4 769455830
1 1 3732 4 485972121
1 0 1024 2 538906472
2 549 2882
1 1 2012 3 920832004
1 0 1764 3 939562476
2 234 1757
1 0 1079 4 374364549
1 0 434 1 556647274
1 1 2805 4 921431900
1 0 2642 4 275198947
2 2362 1368
1 0 3238 4 475112920
2 2589 2264
1 0 3808 4 366786041
1 0 3803 3 986098587
1 0 168 4 35394682
1 1 3411 2 215083962
1 1 2647 4 834025185
1 1 2393 3 874905817
1 1 3271 4 95074507
1 0 1129 1 18950797
1 1 2738 3 930527384
2 859 1462
2 3927 3427
1 0 1849 2 162933067
1 0 676 4 17234875
1 1 1256 3 293032614
1 0 421 1 422016309
1 0 2194 3 218825468
1 0 2964 4 191297149
1 0 3412 3 539857640
1 1 1292 1 220554704
1 1 1705 4 499221850
2 1710 1219
1 1 3827 3 465546538
2 2899 1384
1 1 2945 2 638120444
2 2963 3820
1 0 2928 2 74521424
1 0 2187 4 188558145
1 1 921 4 830331543
1 1 578 4 3365266
1 1 1797 4 469914576
2 2086 2922
1 1 2116 4 484836972
1 1 449 1 293189264
1 1 1571 3 145957145
2 2591 555
1 0 217 1 462465145
2 451 149
1 0 2281 3 75801195
1 1 1334 1 627879080
1 1 3211 1 363293205
1 1 3177 1 717330087
1 0 2293 4 787204848
2 1685 78
1 0 3350 4 906634859
1 0 317 4 988176294
2 3611 216
2 1686 673
1 1 3529 1 602495763
1 1 1666 1 139108303
1 0 556 1 929309126
1 0 2419 1 138278195
2 2679 1403
2 1172 550
1 0 2125 4 671610703
1 0 764 2 346450628
2 3999 1120
1 0 2341 1 988402137
1 0 3583 3 873484850
1 1 650 2 658046834
1 0 2432 1 654750030
2 3131 1512
1 1 2082 3 311851722
1 1 892 3 240435734
1 0 489 3 517594972
1 0 3328 1 31629738
1 0 1861 3 505629451
1 0 961 3 544957178
1 1 3847 4 210538203
1 1 393 3 232833371
1 0 1510 3 990788587
1 0 239 1 803069447
1 1 3966 4 932001275
1 0 430 3 138540829
2 3208 2286
1 0 904 1 529293862
2 3758 2741
2 2898 1018
1 0 1638 3 677391531
1 0 65 3 406018749
1 0 258 3 359458677
2 2513 3082
1 1 3047 3 494077295
1 1 2693 4 962174413
1 1 890 2 913682307
1 1 2394 1 72974622
1 1 128 3 208733988
1 1 335 3 327646984
1 0 1348 2 31455496
2 2569 2442
1 1 96 1 995921765
1 0 496 3 96309922
1 1 1589 4 297611135
1 1 1886 4 23521662
1 1 1348 2 521969216
1 1 3449 2 12768156
1 1 1577 2 729527316
2 3116 3133
2 1953 3843
2 2980 1681
2 3419 937
1 0 3651 3 751067737
2 1888 2447
1 1 2612 2 498749534
2 1207 1258
2 3416 3911
1 0 2734 1 362693889
1 0 986 3 265963926
2 2648 59
2 1391 3326
1 1 3490 1 844682383
2 3373 2158
1 1 191 3 635583625
2 2208 2927
2 3146 1791
1 0 3110 2 641426514
1 1 2159 2 715222652
1 0 1559 4 101838065
1 0 2703 4 562765734
1 0 2372 1 814503687
1 1 1076 3 394246397
1 1 368 3 546293035
2 2868 120
1 0 3957 4 857832852
1 1 3557 4 717264083
2 3587 278
1 1 425 1 135842067
1 0 3070 3 660596307
1 1 3384 4 499645398
1 0 2516 2 328734993
2 2348 2474
1 0 1445 4 754326944
1 1 659 1 339654686
2 3558 17
1 1 452 1 313445149
2 3261 1262
1 0 3943 2 5656218
1 1 137 1 89049272
1 1 2005 4 577414595
2 3974 1203
1 1 1005 4 734823548
1 1 630 1 149806155
1 1 1277 1 312775680
1 0 1017 4 293011386
1 1 3954 2 852510317
1 1 2792 1 148660747
1 1 1206 2 97761887
1 1 2340 3 95379462
2 3234 3642
2 2057 3665
2 1485 2670
2 3444 3645
1 0 3828 4 538571892
1 1 3059 4 704176276
1 0 1214 3 594719708
1 0 3832 4 208335311
2 2866 800
2 2825 3662
1 0 3928 1 443696969
1 1 2715 1 958962154
1 0 300 4 323719548
1 0 2258 4 733452120
1 1 1407 3 402928282
1 1 790 4 595264318
1 0 2009 1 426776787
1 1 1644 2 869877887
2 3485 3430
2 414 2578
2 1428 2652
1 1 2719 1 241330006
1 0 214 3 251548452
1 0 3448 4 493337486
1 1 3233 2 326385931
1 0 1475 2 145721903
1 1 1834 2 622963678
1 1 2106 2 601743689
1 0 2187 2 532874208
1 1 895 1 523315514
2 1415 1579
1 0 3973 1 339039840
1 0 569 2 560257862
1 0 3726 3 691475693
1 0 2859 2 840702443
1 1 2267 3 509365312
1 1 3729 4 260800637
2 1984 1361
1 0 3994 4 748051401
1 1 362 2 926090092
1 0 1909 1 157823172
1 0 1607 1 906786103
1 0 694 4 630487226
2 1427 1320
1 0 1890 1 905512573
2 1506 2884
2 1520 3238
1 1 2867 1 954346480
2 345 3151
1 0 3639 1 928377172
1 1 2746 4 6393151
1 1 539 2 989809234
1 0 2343 1 876814539
1 0 432 2 308394941
1 1 3611 2 468546268
1 1 1668 3 580516381
1 0 2087 3 215034354
1 1 601 3 623645297
1 1 2773 3 932037057
1 0 815 2 127599061
1 0 3519 2 677306677
1 0 2371 2 993305767
1 1 3369 4 860609859
1 1 3840 3 380774572
2 3969 1140
1 0 3933 3 407179679
1 1 692 4 704096058
1 0 2611 2 448731765
1 0 2138 3 935643502
1 0 663 4 233903698
2 324 3069
1 1 2598 4 854412748
1 0 1736 1 650420055
1 0 411 1 382383019
1 1 778 1 316475243
1 1 3278 3 870921630
2 3627 3317
1 0 2361 3 483593535
2 3214 1685
1 0 1507 4 715776547
1 1 2854 4 244788401
2 3772 1020
1 0 2666 2 336849996
1 0 3285 4 652276719
1 1 3291 2 334503565
1 1 625 3 982405846
1 1 1730 1 326849520
1 0 1005 1 128612939
1 1 3136 4 805277827
2 3946 1307
1 1 118 1 772507835
1 1 1421 2 737431275
1 1 3266 1 134438380
1 0 2545 3 495277843
1 1 852 4 873600738
1 0 193 3 13147556
1 0 3755 3 203605747
1 1 1571 1 700971897
1 1 2702 2 459379185
1 1 792 1 36081269
1 0 3198 3 237787313
1 0 1829 1 875366634
1 1 3220 3 500567321
2 3327 1043
2 1466 105
2 1201 50
1 0 3289 3 32609496
2 295 3326
2 3829 93
1 1 2020 4 969402819
2 1736 2415
2 486 3726
1 1 2396 3 209087146
1 1 249 4 520371564
1 0 3734 1 269470777
1 0 882 2 400618242
1 0 3479 2 238666946
2 227 2488
2 465 121
2 1603 1910
1 1 1749 1 800582705
1 1 2499 4 765706296
2 1577 826
2 3781 3853
1 1 3546 2 199437366
1 0 3390 4 573049529
1 0 3917 4 825183931
1 0 160 2 528321525
1 1 3677 1 216893612
1 0 1810 1 613498350
1 1 2935 2 967732563
1 1 1746 1 482990676
1 0 652 1 29206053
1 1 2476 1 537264196
1 0 402 1 330806971
1 1 3007 4 826189514
1 0 629 1 941519569
1 0 2695 3 478988587
1 1 3617 2 844307747
2 3484 1167
1 1 1524 4 759148197
1 0 1796 2 821446023
1 1 3166 4 719422050
1 0 3189 1 764735053
1 1 2712 2 513916019
1 0 500 4 626986756
1 0 2923 4 14740479
1 0 1965 1 285840936
1 1 2715 3 364752479
1 1 2991 3 417510690
1 1 2986 1 767619120
1 0 759 1 883495681
2 960 307
1 0 1723 1 578695222
1 0 3973 4 476465968
1 1 3606 4 969724153
2 789 328
1 1 3380 4 536345533
1 0 1955 2 376301586
2 20 3715
1 0 2547 2 337184014
1 0 3443 3 355170741
1 1 1876 3 114094790
2 3588 2553
2 2718 2485
1 0 2185 2 887562212
2 2232 437
2 320 3252
1 1 3852 1 461364279
1 0 514 2 982185697
1 1 471 3 244095855
1 1 1248 4 650033701
1 1 1171 3 452445866
1 0 2530 3 25200091
2 3800 677
2 2602 1554
1 0 448 2 532348537
1 1 183 3 839667555
1 1 1069 2 196198118
2 2671 929
2 3365 3419
1 0 3754 4 281283454
2 2388 409
1 1 1607 2 9793295
1 0 1159 3 614087942
1 0 2899 4 140482035
1 1 1466 1 670829730
1 1 3710 1 522290218
1 1 2150 1 571553195
2 3797 1782
1 1 1391 2 37048828
1 0 1528 2 561070843
1 1 1678 4 906197976
1 1 3863 4 30122331
1 0 3456 4 363866127
1 0 1814 4 751744596
1 1 2108 4 676375630
1 0 3208 3 38185110
1 0 2359 4 637499694
1 0 25 4 115251333
1 0 2098 3 695447232
1 1 1767 4 949634606
1 1 953 2 765451586
1 0 2984 4 146468286
1 0 2006 2 499560072
1 0 412 2 483163106
1 1 3226 2 454644449
1 0 769 1 180832468
1 1 3263 4 592843858
2 860 754
1 1 233 1 767492392
2 976 1719
1 1 2351 3 638179697
1 0 1088 2 591822286
1 0 736 4 550818613
2 3011 3329
2 934 3634
1 0 3258 1 397296377
1 0 268 3 181818185
1 1 580 3 273795587
1 0 733 4 122844343
2 3023 3909
2 593 1647
1 1 466 1 225931456
1 0 740 2 786355321
1 0 1858 4 969976628
2 977 2581
2 1331 151
1 1 2710 2 157321970
1 0 1744 4 356193768
1 0 2571 4 749827315
1 1 2079 2 317090497
1 0 3322 2 572271050
1 1 240 3 158522105
1 1 2840 1 995578088
1 1 1134 3 243128555
1 0 3495 2 288348692
2 1903 587
1 0 3187 2 711875607
1 1 1097 4 48806088
1 1 1521 1 616742139
1 0 3437 4 616456328
1 0 3598 4 147733111
1 1 2741 2 489404870
2 3818 3339
1 0 2817 2 319895841
1 1 1412 3 100588174
1 1 2624 2 811226208
1 1 1926 2 722972257
1 1 2358 1 761696445
1 1 1631 1 670865072
1 1 1401 2 210329830
1 1 2994 1 868325435
1 1 2740 4 22037823
1 0 3002 3 546613476
1 1 681 2 107809200
1 1 1469 3 92198890
1 1 3232 3 205704160
2 1685 767
2 234 1119
1 1 296 3 278405470
1 1 198 3 313231720
1 1 1810 2 83889756
1 0 1855 1 352832006
1 0 42 2 923872334
1 0 2554 2 672360575
1 1 1324 3 159012588
2 3579 3270
1 1 1340 2 881871586
1 1 1130 2 435121667
1 1 744 1 778119057
1 1 91 2 443071638
1 1 3449 3 825116051
1 1 3543 2 628748913
1 1 2449 2 843079791
2 2442 2459
1 0 3777 3 417565584
1 0 2212 3 450690844
1 1 794 3 510490447
1 1 2644 3 988112288
1 1 203 2 699925547
1 1 2323 3 74815738
1 1 1814 1 777523056
1 0 3813 1 384232884
1 1 3572 3 184122405
1 1 408 1 735331656
1 0 3790 1 699646176
1 1 492 3 998478784
1 1 2636 3 12046498
1 1 1969 2 843441833
1 0 605 2 399086990
1 0 1317 2 352935966
1 1 1780 1 732754772
2 1215 3523
1 0 3887 3 725337426
1 0 682 4 456296927
1 1 2764 4 763338634
1 1 320 2 648942420
1 0 2760 2 138797284
1 1 3843 4 281996645
1 1 215 2 871014413
1 1 2898 4 826096822
1 0 2992 3 706785047
1 0 487 4 976925062
2 2357 832
1 1 525 3 499811783
1 0 1243 3 341636955
1 1 2265 2 354869143
2 1528 2555
1 1 3523 3 475096731
1 1 3066 3 314767815
1 1 1251 2 119219937
1 1 3370 1 691457250
1 0 3748 2 756303357
1 0 2058 1 89574224
2 3374 3432
1 1 3913 2 831564947
1 0 3398 4 125942512
2 2718 2739
1 1 2470 1 750725231
1 1 3225 4 845678817
2 1710 2044
1 1 2501 4 507063816
1 0 1739 3 164985166
1 1 1778 1 800864427
1 1 313 1 838460110
1 0 3506 2 828643346
1 1 1975 1 999989333
1 0 3569 3 63562979
1 1 1782 4 343263725
1 1 3521 2 293352966
2 2904 2484
1 0 1846 3 817761370
1 1 1314 1 143910411
1 0 1781 1 661797232
1 0 1571 1 986725773
1 0 1695 2 204822473
1 0 491 3 105927526
2 3681 2468
1 0 486 4 176753670
1 0 498 3 187279320
1 0 3578 3 367633773
2 2546 1142
1 1 630 1 468174892
1 1 1037 4 806005181
2 1148 133
1 0 1784 4 73397729
1 1 337 3 846604310
1 1 521 3 182770463
1 0 3051 4 187966276
1 0 1018 2 820401943
1 1 1389 1 418041016
1 1 2252 2 793986161
2 2737 2382
1 0 254 1 751490973
2 2664 192
2 528 3745
1 0 477 3 497042428
1 1 2521 1 843204417
1 0 3195 3 689093841
1 1 78 3 215823345
1 1 444 2 838881589
2 60 27
1 0 264 3 912068298
1 1 3265 3 626488891
1 1 3062 3 548335588
2 3394 3064
1 0 1937 1 613527777
1 0 380 1 919513030
1 1 2078 3 949939822
2 2875 1613
1 0 881 3 534137280
1 1 3406 1 817450854
1 1 3987 4 974961996
1 0 1929 4 670040886
2 3455 3574
1 1 3299 2 869109493
1 0 3489 2 318556731
2 1798 3312
1 0 465 3 44612721
1 1 3731 1 826321616
1 0 3521 2 639173139
1 1 3582 2 281564416
2 2538 2659
1 0 1385 4 721407753
1 1 3138 4 567979151
1 0 1040 1 202871278
1 1 2824 1 301257474
1 1 1021 4 256026784
1 0 878 4 803337449
1 0 162 3 59141147
1 1 714 3 921803086
2 1763 2522
1 0 593 4 611916600
1 1 1682 3 811315830
1 0 3094 3 122968423
1 1 1589 3 127842139
1 0 455 3 596003087
1 0 961 3 14624552
1 0 459 3 891151884
1 0 2533 1 962508952
1 0 783 4 404619299
1 0 1610 2 635783688
2 2757 3866
1 0 3909 4 533322479
1 1 905 1 203174230
1 0 554 4 749869095
1 0 3512 2 84963222
1 0 1165 4 553442080
1 0 3991 4 427836531
1 0 3494 1 843426348
1 1 3472 2 426660660
1 1 99 4 269201477
2 2976 3931
1 1 695 4 4316328
1 0 794 2 475415632
2 1714 360
2 3553 896
2 231 1201
1 0 1249 2 618590873
1 0 699 2 269335578
1 0 2297 1 740441631
1 1 3195 3 667569554
1 1 2897 2 147070630
1 0 891 1 303333668
1 0 135 4 513220808
2 2848 2709
1 1 3895 2 512246760
1 0 1075 4 22717112
2 1290 2110
1 1 3760 1 212698598
1 1 160 1 316673979
2 2680 640
1 0 3844 2 459210976
1 1 2560 1 739385393
2 3786 3510
1 1 3587 1 999349771
1 0 2052 1 87398936
1 1 3998 2 114206530
1 1 232 2 925755881
1 0 3476 3 552433617
1 0 3788 2 909732797
1 1 3375 3 494769711
1 1 347 1 572344728
1 1 3922 1 6332756
1 1 1094 3 305719741
1 0 1322 4 292469493
1 0 1094 2 133098785
1 1 2697 2 505674775
1 0 1016 1 627776822
1 0 2474 1 613815915
1 1 1909 2 77322590
1 0 3360 4 177234006
1 1 946 3 947073255
1 0 1988 1 171020541
1 0 2360 1 322499834
1 0 3322 1 57003794
1 0 491 2 379211394
1 0 3855 2 602560698
1 0 3110 1 383176651
1 0 3223 3 217278497
1 1 1683 4 336742165
1 1 1991 1 538994656
2 3235 181
2 2109 2094
1 1 54 3 215196544
1 0 872 4 425924149
1 1 1970 2 57209843
1 0 3649 1 747217703
2 2443 1745
1 0 1000 2 830668589
1 0 1223 3 974103630
1 1 2123 3 492840569
1 1 345 1 875943768
1 1 3552 2 646202275
1 0 3702 4 919350673
1 1 3417 1 935774525
1 0 3136 4 808446899
1 1 3548 2 910974007
1 1 2907 3 27221489
2 2404 2342
1 0 335 2 483690808
1 1 1537 4 706360280
1 1 1307 2 979974047
1 1 1649 4 231394002
1 1 1095 4 607080411
2 2014 3153
1 0 3639 2 614215373
1 1 2479 1 816623546
1 0 1552 3 242940541
1 1 721 3 306842476
1 1 354 2 613668402
1 0 686 4 651666877
2 890 2199
1 1 1670 2 618785613
1 1 3883 1 581568651
2 1134 919
1 1 3205 2 150437595
2 3318 3458
2 2110 2084
1 1 2354 2 578219997
1 1 2534 2 230651749
2 2012 167
1 0 2466 3 72056388
1 1 3857 2 954162212
1 0 2489 3 56240537
1 0 1909 1 786798134
2 2315 1431
1 0 3658 2 838438388
1 0 3773 3 299197779
1 0 3743 3 482822492
1 1 3589 4 304297017
1 1 113 1 762833921
1 0 1550 3 691624795
1 0 2071 2 329525213
1 0 728 2 182571441
1 0 139 2 515227711
1 1 1787 2 25516733
1 1 298 2 427604563
1 1 1138 2 989720273
1 0 2280 4 268604752
1 1 3165 2 703577310
1 1 3603 3 806421301
2 1083 919
1 1 2650 1 487182818
2 1252 203
1 1 2003 2 141294379
1 0 2334 4 83567727
1 0 1674 1 37838933
1 1 1837 1 570596143
1 0 3220 1 821446329
1 1 2640 3 905301527
1 1 3176 1 920856136
1 0 1953 2 292971975
1 0 550 3 535302299
2 3254 1281
2 2396 3540
1 0 3928 2 77993272
1 1 1587 4 758451157
1 0 546 2 68255319
1 1 2569 3 569525098
2 1906 82
1 1 720 4 234862534
1 0 2715 3 158616116
1 0 1707 3 192855753
1 0 1162 1 814952105
1 1 592 3 599831808
1 1 125 2 701551188
1 1 1042 1 81224428
2 1238 1954
2 3015 1548
1 0 2025 2 306924488
1 1 2914 3 784547284
1 0 570 4 564715081
1 0 1193 2 220366296
1 1 2987 2 683262643
1 1 2513 4 400083485
1 1 289 4 184704469
2 1519 2575
1 0 1794 1 829163579
2 2241 3178
1 0 3490 1 161501706
1 1 3804 3 773397276
1 1 2774 2 920456117
1 0 3850 3 67323327
1 0 3230 2 156197531
1 1 744 4 486879446
2 761 3776
1 1 3869 2 444034998
1 0 1513 3 234517120
1 0 459 4 54133597
1 0 2440 1 266288272
1 1 1182 1 79526039
1 0 937 2 282077827
1 1 1654 2 566970994
1 0 3373 4 795312894
2 557 1033
1 1 1230 4 513059080
2 1390 3653
1 1 2063 4 892227347
1 0 2885 4 606134074
1 1 1232 1 1831367
2 563 3502
1 1 179 1 750952952
1 0 2608 4 400280996
1 0 1077 4 187755655
2 821 976
1 1 1756 1 997335857
1 1 672 3 601405063
1 0 1199 4 702776830
1 1 984 3 773994301
1 1 3197 1 102722914
1 1 3128 1 466300204
1 1 3248 1 640826296
1 0 1191 3 691318839
2 2765 2548
2 1914 2191
1 0 2919 2 933165950
2 3768 354
1 1 3058 2 323629820
1 1 1893 2 735011828
1 0 280 4 605690320
1 1 3485 1 143622199
1 0 1264 1 828204041
1 1 1214 3 327828635
2 1323 500
2 3664 1463
2 1799 144
1 0 2407 2 609685398
1 1 2395 3 691198274
1 1 1509 2 61842776
2 751 1254
1 1 3476 2 151340445
1 1 1566 1 916472612
1 1 2879 3 571102294
2 1660 613
1 1 791 4 511927981
1 0 3634 2 6038500
2 707 2680
1 1 3558 1 203742455
1 0 289 3 383384905
1 0 1614 1 706200777
2 3245 1019
1 0 3914 1 76780698
1 1 1632 2 655228346
1 0 1941 2 297148588
1 1 2984 2 973047376
1 1 2698 2 788310385
1 0 2428 1 694659474
1 1 2382 1 686679141
2 3296 1249
2 2236 1363
1 0 1863 3 87807787
1 1 584 1 750481912
1 1 2441 2 607896389
1 0 1013 3 692071558
1 0 3004 1 661308789
1 1 3700 1 741474618
2 2224 2328
1 1 1258 4 324803987
2 2063 3090
1 1 2975 4 989154730
1 0 1414 2 651317146
1 1 1798 3 48336742
1 0 2780 4 801014083
1 1 1669 2 340619416
1 0 3709 1 403336021
1 1 291 1 209238386
1 0 3674 4 847947010
1 0 3277 2 650594500
1 0 2700 2 317091024
1 0 3546 4 48058785
1 1 2641 1 718441111
1 1 3861 2 408838532
1 0 524 3 272012717
1 1 23 4 674192660
1 1 61 4 534511564
1 0 72 1 781419837
1 1 1486 2 562723353
2 2561 3097
1 1 3826 4 542168373
1 1 2970 4 587101718
2 3727 2236
1 0 1375 4 328267225
1 1 173 4 839021120
1 1 964 3 847709439
2 3034 1222
1 0 2442 3 184400227
1 0 129 1 943128521
1 1 941 2 339987674
1 1 3216 4 53677515
2 1700 154
1 0 1054 2 984419520
1 0 87 3 647103281
2 3872 820
1 1 2633 2 730838474
1 1 1292 1 485744429
1 1 2017 1 239572031
1 0 3407 3 993891149
1 1 2170 4 997637173
2 2105 2193
1 0 693 3 202239534
1 1 776 4 678044586
2 3410 3273
2 3542 3314
1 0 2770 3 540281802
1 1 2763 4 160043534
1 1 1757 3 693072121
1 0 1311 4 411302256
1 0 3240 4 367489053
2 388 401
1 0 1808 3 213545840
1 1 761 1 657196293
2 404 2101
1 0 3979 3 471862571
2 3302 888
1 1 2911 3 554186002
1 0 3720 4 25445639
1 1 1512 1 150739325
1 0 2845 4 391105095
1 1 3426 1 925522296
1 1 1251 1 378335517
1 0 3378 2 813026127
2 2994 2640
1 0 2103 4 75431001
2 214 3942
1 1 2978 4 424805120
2 2185 3359
1 0 186 2 844409431
1 0 3122 4 745155529
1 1 480 4 917839374
1 1 3666 3 71727548
1 0 3589 3 546549199
1 1 2480 2 120106463
1 1 2365 2 253169570
1 1 1439 2 883066077
1 0 3296 1 692766085
1 0 3846 3 830228407
1 1 1726 1 468689887
1 1 3945 4 393189459
1 0 2111 1 880157153
1 1 1893 1 347662170
1 1 1692 3 458860381
1 1 307 4 299029053
1 0 164 3 91968360
2 2662 832
1 0 2054 1 605051804
1 1 3074 4 40479656
2 1212 1216
1 1 704 4 20153004
1 1 1155 3 931351107
1 0 623 4 780180003
1 0 2372 2 140837161
1 0 165 1 930568485
1 1 278 2 225939524
1 0 916 1 626504865
1 1 672 4 557988557
1 1 204 3 878144265
1 0 2523 2 732807542
1 0 1477 2 176470745
1 0 1760 3 791882740
1 1 167 4 831131423
1 0 428 4 996243414
1 1 3582 4 875617715
1 0 166 3 305436243
1 0 193 2 38313087
1 1 2147 3 984978759
1 1 1690 1 433449434
1 0 2084 2 35331045
1 1 3789 4 250548116
1 0 1488 2 808297829
1 0 3745 4 952512016
2 17 1426
1 0 3362 4 705029890
1 0 2753 1 470278946
2 3124 814
1 0 3756 1 116809712
1 0 2645 1 205665315
1 0 3141 2 568675453
1 0 54 1 265654728
1 0 3390 2 386675319
1 0 3133 4 260107818
1 1 2795 3 390371722
1 0 3974 3 857831120
1 1 3595 3 822584327
1 1 3371 1 526089006
1 0 3108 4 3068936
1 1 1885 3 718119297
2 2294 2610
1 0 1435 4 889780072
2 2809 1116
1 1 1640 2 182661001
1 0 3819 3 229555772
1 1 882 3 677160925
1 0 796 3 789306048
1 0 2971 3 901501555
1 0 3898 4 897413190
2 342 3697
2 3771 3
1 0 278 1 618633836
2 3190 2312
1 1 3562 4 259970691
1 1 3560 1 573169517
1 0 1873 2 88424058
1 0 1849 3 461496854
1 0 2670 1 520078259
1 1 678 3 179754106
1 0 159 2 587027744
1 0 3167 3 473262128
1 0 2101 2 295427447
2 2287 3727
2 1344 2573
1 0 3336 1 115240209
1 0 2757 2 550036497
2 3165 786
1 1 3449 3 514023673
1 0 3985 3 309168228
1 1 2112 1 347612885
1 1 774 4 393971230
2 73 816
1 1 3166 2 132468243
1 1 3595 2 797808797
2 2150 17
1 1 1679 2 730481230
1 0 1555 1 678836308
1 0 2127 4 747800882
2 2958 3792
1 1 758 3 338191901
1 1 2431 2 982311669
2 2232 2302
2 1302 2698
1 0 2321 3 542430197
2 2823 1936
2 1538 510
2 3409 3693
1 1 2755 3 461313305
1 1 3724 1 718814066
2 2970 51
1 1 1719 2 426133995
1 0 1615 1 205075808
1 0 2326 4 827649856
1 0 3746 4 36689877
1 1 1807 1 943688669
1 0 446 1 742948091
1 0 2541 4 76827270
1 0 1826 4 23820232
1 0 3514 4 99031271
1 1 3835 1 491291850
1 1 200 2 735197013
1 1 2194 1 58705596
1 1 1494 4 428742465
1 1 356 2 420152404
2 480 401
1 0 3615 4 202442212
1 1 1759 3 734532562
1 0 3517 3 57110356
1 0 1581 3 168546756
1 1 3874 3 962885147
1 0 1769 2 959952800
1 1 1646 4 487797173
1 1 1764 3 648481950
1 1 1879 3 914180313
2 1965 3107
1 0 1474 1 737498079
1 0 1440 2 618029236
1 0 1433 2 268961110
1 1 2653 1 238520858
1 0 2129 1 368768667
1 1 1607 4 82132994
1 1 2402 4 599033345
1 0 3330 3 674920758
1 1 2268 1 693527983
1 0 3361 3 568377122
1 1 2342 3 690932051
2 1900 1289
1 1 805 1 440960580
1 1 3522 3 86435399
1 1 2247 3 7626559
1 1 3178 2 71908827
1 0 2971 3 629286127
1 1 289 1 796055342
1 1 2653 4 693260182
1 0 2834 2 229143733
1 0 1453 2 534662056
1 0 2852 2 391001277
1 1 877 3 621768349
1 1 2218 3 39035704
1 0 2604 3 769302691
1 1 374 2 941737242
1 1 1793 4 954998808
1 1 642 3 829704628
2 1064 692
1 1 1155 3 311129943
2 3187 631
1 1 1334 1 721166464
1 1 3367 3 348558444
1 1 1235 1 432554779
1 1 1621 1 585991193
2 2272 776
1 0 1241 2 452338639
1 1 1196 3 658057433
1 1 1260 4 654432361
1 0 2384 3 211876842
1 0 1266 1 19723945
1 1 3573 4 924908261
1 0 1030 2 221315077
1 0 270 1 727629904
1 0 820 2 546238921
1 1 663 2 536967899
2 3758 1565
1 1 219 2 366501716
1 0 721 4 698339278
1 0 1373 2 908928581
1 1 771 2 411909429
1 1 946 2 669535883
1 1 1964 3 652505075
1 0 736 1 877005010
1 1 1079 4 566032962
1 1 1890 4 956925897
1 1 461 1 299225302
1 1 3112 1 598798325
1 0 3545 2 682707585
1 0 2695 1 651666286
1 1 627 1 825803346
1 1 3444 1 172212045
2 898 1116
1 1 1621 3 176666837
1 1 2644 4 764786113
1 1 1382 1 43454965
1 0 2799 2 279442135
1 1 1770 3 249963880
2 1779 2506
1 0 3319 3 424534520
1 0 1452 1 952741412
2 1281 702
1 0 325 1 701733200
1 1 873 1 398502457
2 2986 2252
1 0 1458 4 831890660
2 1179 118
1 1 487 2 196842422
2 1771 1238
1 1 1900 2 289462620
1 0 709 4 651743127
2 2845 3779
1 1 3011 3 169467529
1 0 3262 4 838481166
1 0 968 4 885826319
1 1 1981 1 367440142
1 0 2710 4 764391752
1 0 614 1 616400931
1 0 1418 1 935542288
1 1 2276 2 373923491
1 1 660 2 228134659
1 1 3168 3 212103159
1 0 1548 1 793685153
1 0 2200 3 207601954
1 0 3041 4 113450681
1 0 2129 4 366512640
1 0 3970 4 206927839
2 93 3998
2 1883 749
1 1 2311 4 473517024
1 1 3243 4 7311407
1 1 3002 1 828402256
1 0 3648 1 904729464
1 0 1545 3 445168275
1 0 613 2 588759455
1 0 2008 4 361144744
1 0 466 3 368803407
1 1 225 4 325523495
1 0 2684 3 543557078
2 936 2713
1 1 1363 2 456926617
1 0 2128 2 367415003
1 1 508 2 640000899
1 0 3730 4 49612538
1 0 1780 2 542850716
1 1 3084 1 851884929
1 0 1444 4 19801929
2 3211 1336
1 0 990 3 705725510
1 1 41 3 296847837
1 0 1228 2 555033080
1 1 298 2 572317696
1 1 3895 4 14629780
2 2674 2616
1 0 3038 3 730449714
2 2465 2807
1 1 1215 4 303812841
1 1 1778 3 799415119
1 1 3156 2 153371494
2 1089 1397
1 0 2328 2 953130080
1 1 3045 4 336182358
1 1 2108 1 244042161
1 0 2815 1 565008347
1 0 1981 4 795556757
1 0 3572 4 647540567
1 0 3452 3 424721866
2 2085 257
1 1 654 2 933200918
1 0 1795 1 422592818
2 2840 3928
1 0 318 3 111551684
1 0 1110 3 456206350
2 1079 1421
1 1 2331 3 542815223
1 1 685 3 81375153
1 1 2360 2 677268766
1 0 356 1 80277031
1 1 2879 2 95823774
1 0 1833 4 47568263
1 1 1792 1 141372839
1 0 1399 2 195418052
2 2931 488
1 1 3647 2 536248267
1 1 1110 3 406126017
1 0 3227 2 593910747
1 1 2786 2 195704805
2 3 1465
1 0 3409 2 945360316
1 1 2509 4 4951688
2 2591 1067
1 1 2520 4 430106218
1 1 3136 4 927459589
1 1 1998 4 87578759
1 1 1586 3 943637159
1 0 145 3 571733995
1 0 1330 3 463584570
1 0 1498 2 952430900
1 0 1680 2 809576771
1 0 352 2 876989709
1 1 1151 2 767572753
1 0 990 4 474624057
1 0 2917 1 206205725
2 591 2303
1 1 1416 3 278417638
1 1 71 2 281729782
1 1 2257 1 773127643
1 0 1292 3 909923578
2 1861 3517
1 0 3275 1 558448334
1 0 1677 2 787013425
1 1 2480 3 133523897
1 0 3322 2 407132115
1 1 3090 3 455806069
1 1 1836 4 670964992
2 34 346
2 2312 479
1 0 784 1 451385879
1 1 2758 4 343370017
1 1 2818 3 368528097
1 1 1927 2 445434660
2 1313 1559
1 0 2728 4 280121257
1 1 3985 2 677237097
2 2609 2000
1 0 3361 1 877516263
2 2763 3162
1 0 2358 3 704093846
1 1 1164 2 881954586
2 3613 3398
2 3388 2596
1 1 2809 4 351259948
1 1 109 1 235641557
2 3308 1813
1 1 3087 1 579106885
1 1 2596 1 78283951
2 2798 745
1 0 351 3 79104883
2 1929 3179
1 1 3803 4 919445178
1 0 1194 2 872400304
1 0 695 2 810499011
1 1 433 2 842125781
1 0 2119 2 865634625
1 0 2438 4 468871652
1 1 1618 3 320986457
1 1 886 3 863970794
1 1 3097 2 922070159
2 3413 3627
1 1 3643 3 539647941
1 1 2421 1 101503740
2 742 1473
1 1 1039 4 995519900
1 1 243 4 623595016
1 1 1380 2 477614130
1 0 2871 1 113718931
1 1 3049 3 195936979
1 1 2639 3 921712992
1 0 3998 1 940933053
1 0 197 1 643537296
1 1 670 4 346508247
1 0 1533 4 482548304
1 1 203 4 458298324
1 1 3030 3 306745555
1 0 2479 3 647609524
1 0 2372 3 455260547
1 1 998 2 622510426
1 0 2692 1 295821569
1 1 3093 3 564576617
1 1 693 3 831559117
1 1 2920 2 676201470
1 0 2638 4 690081312
1 1 3930 2 13948991
1 1 1698 3 33272835
1 1 3532 1 921517015
2 193 274
1 0 761 3 719538247
1 1 3502 1 703309739
2 1010 538
1 1 1169 3 656575010
2 1790 1189
1 0 1018 4 25085224
1 0 2518 3 511998470
1 1 3860 2 175488116
1 1 3451 2 837876669
1 1 1648 2 129712898
1 1 3807 4 336756974
2 3491 3566
1 0 607 3 95329396
2 2241 878
1 1 2343 4 209603588
2 3538 2952
1 1 640 3 264162239
1 1 3140 4 136548210
2 1036 104
2 1273 1499
2 645 1286
2 2187 3974
1 1 3693 2 198507946
1 1 707 2 959172551
1 1 69 3 579806509
1 1 3388 1 264967579
1 1 179 1 441460459
1 0 3309 4 453620944
1 0 254 3 978627618
1 1 3257 1 690525004
1 1 1272 3 409449674
1 0 785 2 441659986
1 0 3585 4 98234094
1 1 121 4 924689816
1 0 3167 3 570363123
1 0 3592 4 930465173
1 0 2867 4 500833995
2 3019 2376
1 1 498 2 828777759
2 2628 3789
1 0 813 3 102945011
1 1 116 3 7062318
2 1887 3787
2 2768 594
1 1 1581 3 504915523
1 0 2871 4 93915956
2 784 1514
1 0 320 3 719259581
2 3828 1076
1 0 997 4 738133138
1 1 196 1 630603178
1 1 41 1 896956635
2 1324 3297
1 0 1139 1 840631956
2 3696 2127
1 0 2374 3 89468779
1 1 3573 4 479162972
1 1 517 3 882465742
1 1 3518 4 590509953
1 0 2422 4 873577657
1 1 881 4 674512200
1 1 833 4 468262865
1 1 3130 4 209078615
2 1600 2396
1 0 1042 4 213185971
1 1 3976 4 448078383
1 1 3149 2 771607631
1 1 3428 2 314827250
1 0 1940 4 922386577
1 0 1626 2 651057789
1 1 3114 4 492475385
1 0 3709 1 917566458
1 0 1648 2 110844055
1 1 3742 3 985308383
2 3663 705
2 692 3383
1 1 2149 3 688479786
2 2559 970
1 1 420 3 24034710
1 0 3377 4 741408592
1 1 1899 3 766692692
2 3546 1333
1 0 2357 4 761279439
1 1 728 4 951400325
1 1 893 1 112337327
1 0 1473 2 828420601
1 1 350 3 137556091
1 1 1241 1 255253139
1 0 859 3 862045125
2 2006 3087
1 1 2129 1 636076273
1 0 1156 4 827557148
1 1 3865 1 43417195
1 1 2293 4 773382176
1 1 2297 3 71380490
1 1 626 3 530614513
1 0 165 3 337213558
1 0 3877 3 865237479
1 0 2839 1 634324118
1 0 3670 2 356752104
2 2222 1091
2 2388 2241
1 0 262 1 249918241
2 3973 724
1 0 807 1 276183660
1 1 1593 1 47721562
1 1 1396 4 627036220
2 3939 3592
1 1 3899 3 346054631
1 0 2879 2 584795150
1 0 1383 4 121127699
1 1 892 4 202527852
1 1 3219 1 140037261
1 1 603 4 456088344
2 812 2533
1 1 713 3 5442202
2 2199 2304
1 0 3750 4 134800873
1 1 892 2 604945168
1 0 1184 2 178408863
1 0 245 1 594462648
1 0 54 1 896421000
1 1 526 3 709028025
2 1924 2640
1 0 357 1 8937790
1 0 1358 4 828914049
2 1146 2727
1 1 1860 2 659132689
1 1 118 1 779144546
1 0 3592 1 241306845
2 728 3507
1 0 3341 3 791662711
1 0 3871 3 532826463
2 3695 1692
1 0 1781 1 203661396
1 0 1432 2 405872910
2 458 1072
1 0 427 2 995342778
1 0 1541 4 385750542
2 3785 3463
1 0 2028 1 172840249
1 1 2956 2 564178045
2 1198 1713
1 1 2891 2 997921135
1 1 483 3 377546680
1 0 355 2 848723803
1 1 2212 3 944246621
1 1 3793 3 983637930
1 0 2018 1 364568912
1 0 2319 2 681325766
1 1 1329 2 770126626
1 0 708 1 143742279
1 0 3482 1 685421059
1 0 3988 2 637552876
1 1 3171 3 395189148
1 1 561 1 774594797
1 0 3599 1 76096963
1 1 297 3 122140807
2 2602 2227
1 0 1221 4 603125115
2 1631 3062
1 1 2629 4 821437188
1 1 3704 1 506413646
2 3284 3721
1 0 3748 1 770858503
1 0 879 3 53616408
1 1 2954 3 374225361
1 1 2785 1 463775483
1 1 2056 4 917312806
1 0 2792 3 143001254
1 1 3834 4 350646730
1 1 3974 3 459691116
1 1 551 4 662934166
1 0 3267 4 329540470
1 0 3500 4 728693983
1 1 54 3 557141247
1 1 3625 1 585327405
1 1 1016 2 736568321
1 1 1397 4 373534190
1 1 3805 3 785322807
1 1 1255 1 672550947
1 1 1470 4 537981297
1 1 1207 1 435833689
1 0 1436 1 778417997
1 1 3132 3 578687810
1 1 2898 3 424973149
1 1 2896 4 460418785
2 864 2227
2 3595 2468
1 1 1819 3 498315893
1 1 1935 2 993753586
1 1 3609 1 859489580
1 0 3946 4 594236972
1 0 2259 4 323604691
1 1 846 1 335202327
1 0 558 2 295353944
2 1526 1738
1 1 39 2 641867261
1 0 2600 1 244261798
1 1 3732 4 694673654
2 941 933
1 0 828 3 261152615
1 1 3495 1 843384596
1 0 490 2 988966643
1 0 2810 1 125523939
1 0 2422 2 885268639
2 2614 112
1 1 1986 2 791421397
2 1646 374
1 0 66 4 74373459
2 2313 2076
1 0 1029 3 528753893
1 1 1974 2 920487357
1 0 3147 1 264672076
1 1 2181 4 729787630
1 0 3502 1 859777743
1 0 3771 3 438354492
2 2662 3292
2 681 785
1 0 1745 1 563132722
1 0 1088 4 742686862
1 1 1494 3 368039922
1 1 1166 3 365649966
1 1 3814 4 868477553
1 1 3895 4 694202506
1 0 1875 1 540953060
1 1 3166 4 425502970
1 0 1338 2 313547551
1 1 1082 4 567322748
2 1503 3337
1 1 326 2 441610368
1 1 1916 2 545151519
1 0 931 4 689327174
1 1 1040 2 139156164
1 0 2596 2 43731277
2 415 124
1 0 2020 1 112794117
2 3588 2828
1 0 3629 1 399390325
1 1 3238 3 401134938
1 0 2830 2 360802892
1 1 3514 1 655077713
1 1 3708 3 73158053
1 1 1627 4 938139803
1 0 2978 1 733538088
1 0 2102 4 916794254
1 1 825 3 372304350
1 1 3872 3 446275724
1 0 109 1 634588747
1 0 1199 4 431028123
1 1 1769 2 519950259
1 1 1352 1 223528884
1 1 2732 1 10614666
1 0 1333 2 574825958
1 0 968 3 544702755
1 0 3829 4 173693948
1 1 3772 4 621907532
1 1 3077 2 526889558
1 0 2396 3 297391318
1 1 1467 2 93113055
1 1 2149 3 404378091
1 1 1645 1 471425168
2 578 1471
1 0 1722 4 861432441
1 1 3152 3 652794619
1 1 3713 1 694475426
1 0 3057 2 505574975
1 0 558 1 208880067
1 0 3239 1 532148224
1 0 952 1 147839896
2 3459 1492
2 3997 2341
1 1 1900 2 693816995
1 1 3095 4 130296667
1 0 3088 1 239220210
1 1 1397 4 829759409
1 1 706 2 714531803
1 1 1171 3 23632835
1 1 2491 2 41073925
1 1 284 2 927597020
1 0 1274 1 860410158
1 0 3868 1 509688344
1 0 1776 2 760550855
2 1711 3532
2 3770 1471
1 0 862 4 139030386
1 1 3511 2 313557130
2 759 974
1 0 3680 2 334089175
1 0 1875 3 684666832
1 1 404 4 326866018
1 1 3405 3 795197073
1 1 975 2 577598565
1 1 1419 3 471236202
2 3957 684
1 0 2721 4 670792890
1 0 3556 1 855711805
1 1 457 3 52956705
1 1 2217 1 431578124
1 1 1447 1 379451869
1 1 952 4 971365178
2 259 31
1 0 2420 4 295355720
2 1047 2453
1 0 144 2 212013944
1 1 2602 4 72536564
1 0 1276 4 613376816
1 1 3170 1 447269251
1 0 469 3 111985488
1 0 3462 1 998406415
1 1 711 3 698372166
1 1 1146 3 75774870
1 1 1226 3 399292725
2 2862 2322
1 0 3155 1 565181701
1 1 23 1 445925517
1 1 2281 3 202321956
1 0 1654 3 170066388
1 1 2312 1 878231387
1 0 1326 2 647685683
1 0 2605 2 21429384
1 1 2087 2 777672388
1 1 385 4 704664723
1 0 1527 1 100501499
1 1 1465 4 854479905
1 0 3355 3 567515251
2 1874 2140
1 1 1731 1 955305969
1 0 3969 4 949963990
1 0 3222 4 261247309
1 0 3832 1 953968626
1 0 1788 1 267739233
1 0 2156 1 494941067
1 1 2730 4 214413188
1 0 1468 1 909436319
1 0 1772 2 675987272
1 1 2283 3 271302452
1 1 1456 1 52686528
1 1 3134 4 395863282
1 0 248 4 241395629
1 0 1753 3 211953793
1 1 337 4 250309611
1 1 3409 4 411559416
1 0 2570 2 124590835
1 1 1982 4 710359096
2 1814 527
1 1 3525 1 17992024
2 2797 469
1 1 2782 4 738764728
1 1 634 3 776240719
1 1 2188 2 205799183
2 32 768
1 1 3781 2 913409950
1 0 1114 2 690854585
1 1 1400 1 675072901
2 2496 2020
2 692 2852
2 1932 667
1 0 3501 4 260055644
1 1 339 2 824840503
1 1 164 4 719344238
2 2592 30
1 0 605 1 358910708
1 0 168 1 710779834
1 0 3871 2 256933715
1 1 2026 1 485949381
1 1 720 3 709981631
2 3453 2698
1 0 51 3 125512504
1 1 1193 1 88705874
1 0 2517 3 839108057
2 713 3965
1 0 3939 1 158949263
1 0 1269 2 821636940
1 0 3580 2 417158793
1 1 342 4 466100799
1 1 3597 1 786065403
1 0 1518 2 507599582
1 0 1884 3 230217740
1 1 1029 4 339522848
1 1 2703 1 617106062
2 2923 1796
1 0 2599 1 236272823
1 1 3420 3 401612734
2 132 3821
1 0 100 2 932484762
1 0 679 1 967185090
1 0 2079 2 510870573
1 1 2587 4 516891830
1 0 2852 1 479619350
1 0 1929 3 676294368
1 1 3483 4 598649768
2 3810 2041
1 1 2459 1 408176829
1 1 669 3 960892756
1 1 2241 2 705685439
1 1 96 2 724732380
1 0 1754 4 95090448
1 1 1305 4 566048589
1 0 1555 1 530562944
1 1 157 1 24203625
1 1 1885 1 968621697
1 1 1797 3 56100113
1 0 3727 3 596088157
2 3189 907
2 2998 2608
2 74 3208
1 1 2621 2 795593619
2 1305 3090
1 0 3426 2 69893776
1 0 1119 1 54160753
1 0 2656 2 165363919
2 440 3622
1 0 2199 4 158556385
2 75 2961
1 0 2782 2 265365223
1 0 2907 3 236936441
1 1 921 2 581385847
1 0 416 3 733478960
1 0 2497 2 96741288
1 0 2855 4 606138317
1 0 2704 4 761419837
1 1 3093 3 959278538
1 1 3978 1 291221614
1 0 2230 3 77236061
1 1 2348 3 913696514
1 1 2462 4 630326701
2 2615 461
1 1 549 2 381161846
1 1 1246 4 919316798
1 0 2254 3 328372425
1 1 1205 3 322931072
1 0 2381 3 835093532
2 2826 1892
1 0 770 2 561569371
2 803 1348
1 0 3289 4 907600689
1 1 3141 2 241723490
1 1 381 3 339456108
1 0 3309 1 149519277
1 1 3812 3 513314902
2 3853 2557
1 1 1908 3 823433407
1 0 3360 3 971352698
1 0 1120 1 304611412
1 0 2390 3 172842071
1 0 1420 4 512844156
2 1446 588
1 0 2797 4 764523211
1 0 2599 2 247777853
1 1 3658 2 23118343
1 1 1589 1 325898090
1 1 2071 2 359188243
1 0 906 1 689037178
1 0 1201 2 957050706
1 0 2140 3 552223083
2 2175 1406
1 0 780 2 636014847
1 0 3580 1 877435109
2 1113 1901
1 0 713 2 864132767
1 0 1290 4 420019864
1 0 237 4 821450259
1 0 3071 1 872468154
1 0 142 2 79180191
1 1 2454 3 613467142
1 1 2509 1 105611149
1 1 954 1 442367912
1 1 1130 3 599632242
1 0 1256 3 649949872
1 1 2005 1 813935081
1 0 1882 1 830147988
1 0 1927 2 554955064
1 1 2843 1 488434859
2 2619 446
1 0 342 3 342328875
2 3010 1216
1 0 2181 3 577959308
2 1760 1686
1 0 938 2 208684226
1 0 1966 1 303605020
2 2392 1137
2 2493 1532
1 1 210 2 653856850
1 0 1269 4 476361353
1 0 3846 3 969564691
1 0 1507 1 266100570
2 1720 2480
1 1 2466 4 386047379
1 0 3096 1 608937388
1 0 1575 3 811978777
1 1 525 4 66504948
1 1 1920 2 294951798
1 1 678 4 306791321
1 1 2682 2 176353023
1 0 933 4 565194648
1 1 2746 3 268223064
1 1 3489 4 240190697
1 0 1388 2 830373804
1 1 827 3 293878015
1 0 1258 3 732487427
2 3197 3111
1 0 1986 3 426038188
1 0 2990 4 75151073
1 0 2490 4 358090682
1 0 1797 2 445502829
2 3017 2588
1 1 1118 1 919065016
1 0 2383 4 759428817
1 0 547 1 342283924
1 1 961 1 451139393
1 0 3810 4 450582895
1 0 2234 2 831970752
1 1 2678 3 584672374
1 0 3119 1 632416637
1 1 2098 3 726238003
1 0 790 3 692281705
1 0 1073 3 190732040
2 3063 145
2 3022 605
1 0 1986 1 407604945
1 1 189 4 948716278
1 1 1872 4 797775226
1 1 3642 1 947083235
1 1 3766 2 244106732
2 3961 1123
1 0 3730 4 216052122
1 1 1373 3 418099461
1 0 1414 4 933946092
1 0 3839 2 237902312
1 0 2151 2 217569221
1 1 2305 3 223544331
1 1 2620 4 739275417
1 1 872 2 522615142
1 0 3218 1 233219871
2 3294 2042
1 0 2241 3 88927988
2 3835 3049
1 0 3149 1 746452904
1 0 632 1 14330717
1 1 3766 2 231741926
2 3524 2293
2 1326 2446
1 0 3840 2 247926613
1 1 377 2 969624475
1 0 1087 2 142726531
1 0 2878 1 39933292
1 1 403 1 844889318
1 0 679 2 611589636
2 575 1745
1 0 1733 3 63791440
2 140 2509
1 1 3113 3 930652937
1 0 2636 3 171842985
1 1 3903 3 236755982
1 1 2513 4 147983838
1 1 1780 4 845683310
1 1 3984 4 811719918
1 1 2522 2 478680614
1 1 2452 3 542780556
1 1 3780 2 647055604
1 1 2734 4 453669592
2 3875 2962
1 0 588 1 909090035
1 1 2153 1 169640830
2 1898 319
1 1 485 4 373636221
1 0 3523 1 771857979
1 0 2382 3 629857210
1 0 2977 4 997417028
2 2213 3871
1 1 271 1 581582861
1 1 3703 4 520717900
1 0 57 1 658187494
1 1 1398 4 837061215
1 1 1861 3 102685395
1 0 750 2 780355731
1 1 376 2 448489311
1 1 1794 4 227702022
2 1656 2669
1 1 1115 4 64057830
1 0 2254 2 1912656
1 0 147 2 465074214
1 1 219 4 289595808
1 1 1654 3 359998439
1 0 506 1 659471097
1 0 1127 2 192877275
1 0 775 4 473081925
1 0 3302 4 573225654
1 0 1540 1 215093888
2 143 994
1 1 791 3 925426351
1 0 3557 1 240903425
1 1 2427 4 594006529
1 1 3790 1 835878218
2 2750 3382
1 1 1713 2 608533764
1 0 362 3 315981043
1 0 601 2 205223744
1 0 3631 3 935321011
2 1435 3988
1 1 2707 1 141257233
2 883 3443
1 0 3575 4 63244483
1 0 634 1 904358004
1 1 651 1 819252003
1 1 2527 2 448995127
2 3662 3814
1 0 196 4 184337311
1 1 3549 4 847036110
1 0 3850 4 76093286
2 1231 2867
1 0 2079 1 469086212
1 1 163 3 998951963
2 3617 2700
1 0 1039 4 960568455
2 927 3117
1 1 2195 2 737500643
2 1129 1531
1 1 1373 4 430129573
1 0 3702 4 609524399
1 1 2193 3 210218830
1 0 340 3 832076828
1 1 620 1 426511648
1 1 3052 4 309006244
2 2780 481
1 0 2545 1 852785309
1 1 736 1 774007623
1 1 3895 2 829351644
1 0 897 3 736983753
1 0 722 2 370762844
1 0 975 1 343569516
1 1 2659 1 828477511
1 1 1584 3 958878201
1 1 2490 1 249961
1 0 710 4 986105153
1 0 2621 2 83582618
1 0 1104 3 119985719
1 0 93 4 790027952
1 1 1460 1 228722345
1 1 2609 3 255672996
1 0 2578 4 30123749
1 1 1098 1 734258817
1 0 117 1 57662958
1 0 1549 4 696357704
1 1 941 1 880356239
1 0 542 1 476594737
1 0 751 4 622767953
1 0 3170 1 614190457
2 3650 1219
1 0 2869 4 994514391
1 0 432 3 124031060
1 1 3807 3 864958020
1 0 2177 4 24825219
1 0 305 1 919472558
1 1 304 4 488318503
1 0 320 2 989259737
1 1 3861 3 792850717
1 0 314 4 778574543
2 3840 1818
2 532 1614
2 3829 1244
1 0 1341 2 958959044
1 0 494 1 599002940
2 3320 3602
1 1 3040 2 16491021
2 3581 2875
2 3687 2456
1 0 2854 4 620531867
1 1 1026 1 104679602
1 1 3253 4 83453272
1 1 918 3 346188872
1 0 3769 4 103597652
2 3021 567
1 0 1874 3 823131383
1 0 1703 1 732763042
1 1 2798 1 297872021
1 0 3773 1 575381065
2 2290 966
1 1 1559 4 632606444
1 1 1308 1 46925258
1 1 3691 2 888138195
1 1 630 3 453474802
1 0 72 3 576092890
1 1 1021 1 235585300
1 1 1704 1 785089577
1 0 2191 3 795286117
1 0 3613 3 241375156
1 0 3052 4 837693953
1 0 1441 2 213537742
2 1082 778
1 1 2509 4 947110182
2 3608 1242
1 1 196 4 766133012
1 0 2334 2 144526774
2 1625 309
1 1 2225 1 153883099
1 0 2446 2 775695576
1 0 2547 3 144852270
2 3636 3978
1 0 1833 3 757137421
1 1 2803 1 181785069
1 0 1129 2 606910561
1 1 3030 1 430585178
1 0 3887 1 930184724
1 0 159 1 88625121
1 0 2017 3 27014842
1 0 3521 2 801000145
1 0 1380 4 834954333
1 0 1300 4 987416959
1 0 3032 3 53329605
1 1 1005 3 625219944
1 0 1445 3 55135802
2 591 1106
1 0 2452 1 76442627
1 1 663 1 35092930
1 0 378 1 852649783
1 1 2618 4 430069927
2 369 2912
1 0 927 3 185218186
1 1 663 2 261868546
2 363 3963
1 1 2927 2 325288501
2 211 177
1 1 629 3 840976263
1 0 724 2 476082931
2 3727 1512
1 1 1382 3 279891481
1 1 1573 2 760822975
1 1 3185 4 267866444
1 0 239 1 192577281
1 0 3492 4 973818645
1 0 1815 4 291935346
1 1 2002 3 163478870
2 899 2120
1 0 3908 1 686943514
1 1 1457 4 731368720
1 1 2156 3 286785058
1 0 3901 3 655848316
1 1 3688 1 318996513
1 0 873 1 788012537
1 1 1202 3 814090235
1 1 3416 3 386236089
1 0 1335 2 576262088
1 0 2715 2 123643688
1 0 3218 2 603978636
1 0 3841 3 381154309
2 552 2169
1 1 1961 1 31171930
2 2974 717
1 0 1141 3 774449263
1 0 3033 2 364531252
1 1 3496 1 552398454
2 2115 1942
1 0 2853 4 983891217
2 2006 198
1 0 2330 2 281673159
1 1 3841 2 662521844
1 0 1787 3 388948741
1 0 258 2 606063221
2 2911 1412
1 1 2272 3 931343030
1 0 2286 1 746999118
1 0 3085 3 107920916
1 1 1554 1 985710925
2 745 2168
1 0 2102 4 263256905
1 0 1587 1 998392068
1 0 99 3 359031815
1 0 580 4 222944348
1 1 242 2 580679379
2 1672 3692
1 0 3778 2 259107661
1 1 169 4 161854330
1 0 3296 2 230976133
1 0 2809 4 699571855
1 1 872 1 842861769
1 0 3575 1 879366950
1 1 3494 2 706774823
1 1 2561 1 974610238
2 1173 3482
1 0 1341 4 687613409
1 0 1182 1 557202963
1 0 3927 4 960131947
1 0 85 4 640141090
2 2225 1238
1 0 1342 3 760516407
1 0 892 2 195824711
2 2021 2702
1 0 585 1 45410726
1 0 2947 1 5095006
1 1 415 4 184805965
1 0 3348 3 237550396
1 1 2709 2 57611583
1 1 961 1 551000647
1 1 1438 1 621403215
1 1 2203 2 741974277
1 0 294 4 272508669
1 0 2829 3 886434284
1 1 3764 2 910610314
2 885 2293
2 183 961
1 1 2009 3 315135415
1 0 186 1 398446195
1 1 2228 2 32255438
2 3049 2119
1 1 3843 4 191882445
1 1 1237 1 673998941
1 1 1335 1 185144494
1 1 1013 1 829434721
1 1 1651 3 672057621
1 1 3298 4 265943114
1 1 304 1 635267738
1 1 3758 1 91214146
1 0 3686 2 844230172
1 0 3657 3 822442139
2 1993 3966
1 0 2684 2 469490630
1 0 1748 4 693366979
2 14 152
1 0 238 4 441014783
1 1 3151 4 41534020
1 0 1326 1 372588012
1 1 2259 3 759553196
2 2073 3574
1 1 1560 1 437596607
2 452 1572
2 2717 3127
1 0 16 1 88147398
1 1 3366 4 482206772
2 3113 2802
1 1 2754 2 493848520
1 1 3616 3 640759558
1 0 130 3 465938384
1 1 3936 2 786556976
1 0 2960 1 958952096
1 0 3082 3 663324907
1 0 2459 1 892267587
1 0 554 3 315374931
1 1 1641 3 15498324
1 1 2283 4 336468964
1 0 3793 3 890676210
2 1907 3545
2 2640 2924
1 0 1039 3 915488712
1 0 856 1 156871535
1 0 598 3 473605656
1 1 1742 3 764860299
1 1 2181 3 564954277
2 300 3576
1 0 2599 1 248370503
1 0 2161 2 863040206
2 949 3116
1 0 742 3 587258657
1 1 2275 1 337847543
1 0 2234 2 791132631
1 0 3038 3 933609890
1 0 3381 2 45221813
1 1 3849 1 934798058
1 1 2044 2 691799205
1 1 1809 3 373011015
1 0 2179 4 797933899
1 0 2697 4 951548582
1 0 3979 1 869812202
1 1 3319 2 621121376
2 3768 2512
1 1 2284 3 617021105
1 0 2312 1 948957925
1 0 3088 2 292336212
1 0 1331 1 751887791
1 1 3639 2 206317737
1 1 2435 2 802002478
1 1 2734 1 571476068
1 1 419 1 368347748
1 1 680 4 448396248
1 0 2077 1 547614417
1 0 219 1 930356395
2 1839 1474
1 1 1623 3 598019212
2 2338 3819
1 1 933 2 673417245
2 2601 3983
1 1 478 3 925815297
1 1 1934 4 519053066
1 1 1581 3 637312904
1 1 3579 1 411766608
1 0 93 2 485017002
1 1 2280 2 524024630
1 1 2731 4 177856647
1 1 250 4 911723988
1 0 1332 2 19411513
1 0 27 3 440300843
1 0 2368 4 948177992
1 1 3647 4 471408343
1 1 2133 1 48218348
1 0 3496 2 6858621
2 2074 1988
1 1 1788 4 493258470
2 3054 890
1 0 1089 3 443446453
2 3974 664
1 1 3745 2 550721886
1 1 2976 4 709035790
1 0 2299 1 65298239
1 1 2706 3 170859555
1 1 2578 1 285943690
1 0 747 3 103560799
2 1101 297
1 1 2531 1 997516001
2 2742 2092
1 1 1898 1 963558081
1 0 2538 3 53997836
1 0 1429 1 781645370
1 0 1127 4 740183244
1 1 3761 3 169213450
1 1 1229 1 410665599
1 0 232 3 848145869
2 2665 3464
1 1 3501 4 499243408
1 1 3044 4 530555637
1 0 160 1 959380774
1 0 1758 1 661176796
1 1 3714 4 283892013
1 0 2730 2 160345904
1 1 926 1 809030846
1 0 949 2 431594391
1 0 1473 1 954052468
1 1 2685 1 15492915
1 0 3456 4 483459184
2 2729 669
1 0 690 2 129149494
1 1 3933 2 98875988
2 3905 409
1 1 3972 2 982673655
1 0 3837 3 128629004
1 0 1184 4 502201321
1 1 2906 1 643388541
1 0 2445 4 12742885
1 1 3357 3 580913000
1 1 551 3 327983774
1 1 2036 1 50143747
1 0 3342 1 610808336
1 1 280 3 401485819
1 1 3338 1 769627144
1 1 206 1 682267489
1 1 1850 1 478800455
1 0 344 3 6903858
1 0 3150 4 750368548
2 346 2323
1 0 816 2 891419156
1 0 2419 4 621031454
1 0 1415 1 612591765
1 0 1488 3 445759848
1 0 1161 3 476533919
1 1 2481 1 395293259
1 1 2617 4 896590147
1 0 2188 3 924759085
1 1 3652 4 927684088
2 3501 2458
1 0 3962 3 694550696
1 0 244 3 151905986
1 1 1260 4 729082969
1 1 1459 4 458975825
1 1 3391 2 423314876
1 1 960 3 413627428
1 0 1149 1 6270901
1 0 3811 1 788651914
1 1 3182 2 164469560
1 1 258 4 638298827
2 379 3668
1 1 2590 3 672645891
1 0 998 3 973988259
1 1 1678 1 154471765
2 3450 2792
1 0 2628 3 566181025
2 3963 1390
1 0 3196 2 270931213
1 0 1491 2 677069749
1 0 2627 3 877824373
1 1 566 1 779955209
1 0 2033 1 843099179
1 0 990 4 472996754
1 0 2816 3 288745612
1 0 1266 3 218592355
1 1 3413 3 66732675
2 2229 1221
1 0 627 2 631241512
1 0 2302 4 939483005
1 0 2199 2 682354749
2 3042 3557
1 1 899 2 906642946
1 1 1301 1 2191131
2 1077 503
1 1 2687 3 885107375
2 3195 2369
1 0 889 1 846429039
2 1159 1222
1 0 1130 4 128795449
1 1 3133 3 127504694
1 0 311 1 286506352
1 1 360 2 461460034
1 1 1776 3 81835576
1 0 1529 3 935102475
1 0 3510 2 782698456
1 0 466 3 144021039
1 1 1092 4 33819070
1 0 1593 1 141034748
1 1 1025 2 63719586
2 1093 2996
2 3578 2223
1 0 42 4 189584354
1 0 3345 2 468939029
1 1 2091 1 107706543
1 1 1814 2 4722915
1 0 3868 4 860756858
1 0 3774 3 273364886
1 1 1327 2 597351936
2 2127 3471
2 2522 1387
2 363 593
1 0 2086 2 352907135
1 1 382 2 254090325
1 1 2538 3 671778963
2 739 3699
1 0 49 4 563064885
2 3504 3903
1 1 2043 3 289374818
1 1 2735 3 440009135
1 0 3225 4 431101473
1 0 1409 3 896529697
1 0 2126 2 893150941
1 0 433 1 592312502
2 1073 2690
1 1 1532 2 245340351
1 1 3092 4 104487874
1 0 964 4 644094491
1 0 1871 1 285485304
2 483 326
1 0 1950 1 208544767
1 0 1986 3 511586323
1 1 1672 2 829462676
2 1133 254
1 0 1560 3 856526258
1 0 1276 1 169148771
1 1 1510 3 411308957
1 1 2108 4 419710340
1 1 3597 4 74931001
1 1 3697 3 710997848
2 384 2041
1 0 1956 4 198892606
1 0 1683 3 167424516
1 1 1167 1 196507542
2 287 308
2 1727 1309
1 0 1210 1 508578255
1 1 1176 1 279052251
1 1 2637 1 226597755
1 0 413 3 558625759
1 0 1168 1 668354855
1 0 798 1 947636366
1 1 1326 2 641828143
1 0 1635 1 52700166
2 3211 3315
1 0 1274 1 815204103
1 0 1282 3 111483831
1 0 2095 1 420381831
1 0 1338 2 343813689
1 1 2002 3 284332845
1 1 666 3 358322913
2 3002 723
1 0 580 1 350449437
1 0 3524 3 570788157
2 3684 438
1 1 483 3 274666586
2 3087 2818
2 3164 2870
2 448 3535
2 2531 2422
1 0 2280 3 368179356
1 1 1997 2 775754971
1 0 1651 4 942130019
2 508 2442
1 1 2082 4 773262110
1 1 2606 1 900016724
1 1 3969 3 75278504
1 0 951 2 55056782
1 0 1114 1 313553123
1 1 537 1 417683718
1 0 2351 4 134881882
1 1 3455 1 166834371
2 2865 1468
1 1 1602 3 627766522
1 0 3275 3 519609722
1 1 3634 2 527575436
2 3247 1837
2 1133 3844
2 2382 3118
1 0 2431 3 237703665
1 0 2509 2 425522952
1 0 426 1 576361188
2 3720 1596
1 1 2353 4 425230346
1 1 3639 2 889575916
1 1 1610 4 552091011
1 0 2633 2 90968625
1 1 427 2 811205178
1 0 3690 3 801952287
1 0 4 2 176371095
1 0 646 4 721482716
1 0 876 1 710040367
2 1489 2901
1 0 1980 1 247224395
1 1 1452 2 187754626
1 1 1636 3 68354942
2 3749 1842
1 0 1285 2 4434455
1 0 2517 3 162988664
1 0 536 3 440750609
1 0 1940 2 146966913
1 1 3209 2 514866933
1 0 3769 4 724271040
1 0 265 2 822246631
2 3308 2156
1 1 3368 3 604876162
1 0 581 3 902909852
1 0 291 3 650539892
1 0 677 1 819173707
2 3698 2573
1 1 3127 1 495301172
1 0 3167 4 583957543
1 1 758 4 563109019
1 1 3669 3 433319024
2 1535 1549
1 0 434 3 363801413
1 1 258 3 387174006
1 0 1409 4 492485425
1 1 2956 4 359632371
1 1 2506 3 478453507
1 1 713 1 413050219
1 0 1662 4 872072228
1 0 3340 2 626885185
1 1 1217 2 993039774
1 1 1339 3 599009460
1 0 2426 3 747789596
1 1 2659 3 762291485
1 0 113 3 1895088
1 1 528 4 154330719
2 1299 1972
1 0 1290 4 243953569
1 1 3896 4 245296370
2 238 3298
2 3393 2020
1 1 2566 1 426307596
2 3423 225
1 1 601 1 943922861
1 1 119 2 228545965
1 0 2451 1 790756116
1 0 1676 3 748370200
1 0 3388 4 232270923
1 0 2017 1 734945743
1 1 1754 1 303971725
1 0 353 3 179064905
1 0 3266 4 16879393
1 0 1722 2 100343224
1 0 3790 3 441543760
1 1 3680 3 586826574
1 1 452 4 721487543
1 0 3823 3 135537940
1 1 942 4 592640964
1 1 3012 4 861400009
1 0 3604 2 385666122
1 1 1099 1 872309106
1 1 3735 3 189940711
1 0 1969 3 555866485
2 2109 3114
2 927 2688
1 1 3945 1 653082096
1 0 1763 1 478342516
2 3925 2950
1 0 3648 2 233462918
1 1 3696 4 144832785
1 1 1557 1 707344922
1 0 3661 2 389782933
1 1 123 1 381560653
1 1 3051 3 512671466
1 1 1810 1 660038378
1 0 2799 2 192979447
1 0 3371 1 269307129
1 0 3663 1 242885026
2 1539 1013
1 1 2582 1 45729223
2 799 2839
1 0 2487 2 890228455
1 0 2792 3 922453471
1 1 3198 4 497344606
1 0 3563 2 812592204
1 0 2938 2 543169208
1 0 3046 1 220501883
2 3044 2583
1 1 3220 2 452827911
2 3626 593
1 1 754 3 183129659
1 0 1600 2 78851133
1 1 662 3 699050887
2 2956 1025
1 1 1708 3 383715036
2 2445 1872
1 1 3452 3 924948413
2 2550 2897
1 0 1530 1 846825380
1 1 1803 2 931689798
1 0 1797 4 765744080
1 0 1153 2 625830931
1 0 3760 4 452635524
1 0 1881 1 222119215
1 1 2478 2 214180646
2 416 146
1 0 2551 3 895918094
1 1 1980 2 38167644
1 0 2667 1 888582044
1 1 3755 3 196567912
1 0 2859 3 670591808
1 1 3763 4 969773390
1 0 1725 1 436973775
1 0 1755 1 811114834
2 1729 3232
1 0 549 2 844113180
1 0 2503 2 613640300
1 0 373 3 974629059
1 0 1017 2 230882586
1 0 3363 2 624670318
1 1 1075 2 840802486
1 1 431 4 129044521
1 0 311 1 183174560
2 273 934
1 1 454 4 511922981
2 2886 706
1 0 3414 4 12796979
1 1 2714 2 812884279
2 1833 1206
2 2995 3010
1 1 3881 3 461557937
1 1 1944 2 811909699
2 652 2898
1 1 345 1 727721892
1 0 2931 4 751251642
1 0 2449 2 126283347
1 0 3472 2 244621321
2 3671 2617
1 1 197 4 826001107
2 3230 2921
2 376 1368
1 0 1301 4 540792042
1 1 3648 1 512503625
1 1 1112 2 768398813
1 0 1287 3 260664716
1 1 1270 4 856940038
1 1 1303 3 635065433
2 469 2273
1 0 642 3 979462375
1 0 2523 3 15216088
1 1 2538 3 63181754
1 0 3752 4 235976166
2 2382 2279
1 1 803 3 559610472
1 1 829 1 139079835
2 254 3827
1 0 2451 3 429797062
1 0 2912 1 998368276
1 0 3553 2 301425788
2 593 290
1 1 1009 3 680590073
1 0 2048 2 487142112
1 0 452 2 115007341
1 0 2026 2 824533963
1 0 815 3 71096269
1 1 3235 4 473927543
1 1 2152 1 294303170
1 1 1909 1 617531501
1 0 2897 1 794178282
1 1 118 4 628043861
1 0 2183 3 602390108
2 487 3066
2 1783 522
1 1 181 2 836813372
1 0 3828 2 41640071
1 0 2303 2 132636971
1 0 761 2 276670252
2 976 2122
1 0 3945 4 129906805
1 0 2746 3 536129712
1 0 775 2 110112043
2 845 3667
1 0 1901 1 947369599
1 0 2520 3 158564912
2 5 2637
2 2162 2720
1 0 2485 4 948423820
1 0 1101 3 816389510
1 1 1687 2 626393358
1 1 1601 2 470787867
1 1 3656 3 25456136
1 1 1527 2 550027607
2 3308 1161
1 0 3594 4 881553770
1 0 352 4 586282740
2 945 144
2 926 2445
1 0 1837 4 938960822
2 1595 3628
2 3002 3765
1 0 3604 2 122183945
1 1 1459 4 59458292
1 1 1175 4 576393945
1 0 2914 2 157503759
1 1 1021 2 93303769
1 1 2406 4 155869724
1 0 146 4 289705607
1 1 1247 1 741438321
1 1 2840 4 875701511
1 0 3677 3 955304109
1 1 3811 1 315604478
1 0 1663 4 944466066
2 2116 3653
1 1 3796 2 205680282
1 0 1622 4 99586707
1 0 3770 2 188316609
2 1990 2765
1 1 2777 3 545827116
1 1 1609 4 609306553
1 0 1115 1 457857703
2 2575 2264
2 2073 2636
1 0 3580 1 938653347
1 0 980 4 182865451
2 3161 3482
1 0 2691 1 619410109
1 1 3345 3 559660993
1 1 3237 2 899999989
1 1 2925 1 554554647
1 0 963 2 638304305
1 1 2412 1 643459485
1 1 2808 2 831677345
2 3890 3176
2 3170 3535
1 1 1288 1 826689123
1 1 9 2 13074585
1 0 863 3 31850314
1 1 1319 3 367765254
2 692 3445
1 1 324 4 257926650
1 1 1025 3 73990067
1 0 2692 2 558653099
1 0 108 4 704180720
1 0 2879 1 393128062
1 0 1882 4 866117301
1 1 3309 4 506979603
1 1 3476 1 11195785
2 3990 1315
1 0 2574 4 210976028
2 2915 3705
1 1 3512 2 526228414
1 1 689 3 692981114
1 1 861 1 132268619
1 0 1751 2 235597660
2 2650 2171
1 1 1017 2 666863955
1 1 833 3 53078228
1 0 3463 1 172434039
2 3160 2488
1 1 3485 3 697084842
1 0 873 3 958621803
2 1790 952
1 0 886 1 527833032
2 815 3560
1 1 1747 4 578842783
1 0 1362 1 837432631
1 0 2863 1 365374766
1 0 3930 2 550857
1 0 778 2 904713948
2 2663 1472
1 1 2846 2 877560017
1 0 1687 1 255271398
2 1667 3745
1 0 3619 1 248994930
1 0 512 3 642374973
1 1 203 3 956284068
1 0 3598 1 318159217
2 209 359
2 3159 2124
1 0 3193 4 302467304
1 0 365 1 182748109
1 1 324 2 257599766
2 1213 854
1 0 1830 1 921225116
1 1 3467 4 930870629
1 1 1721 1 276519806
2 1584 3305
1 0 1297 4 646778277
1 1 110 1 813723396
1 0 3307 2 442317137
1 0 513 1 11061883
1 1 3438 1 494469266
1 1 1886 2 781649128
1 0 3981 1 609291169
1 0 2985 1 188677917
1 0 1747 2 575395300
1 0 2016 3 572555368
1 1 3225 3 833820261
1 1 178 2 589434880
1 0 2444 3 639742591
2 1870 1684
1 0 3059 2 145850635
1 1 2837 1 116214505
1 0 3450 4 674808107
1 1 450 2 329337894
2 1841 3114
2 2835 1325
2 2632 1328
1 0 1258 3 852031088
1 1 437 1 840514665
1 0 1957 4 206632425
1 0 337 4 958035660
1 1 2431 1 55807331
1 1 3109 2 518251454
1 0 2639 1 755107809
1 1 707 1 386658435
1 0 3201 2 780194561
2 1050 410
1 0 3157 2 984652979
1 1 1051 2 777218347
1 0 2051 3 222960078
2 3976 3107
2 155 3764
1 0 3842 2 391625984
1 0 286 3 257771875
1 1 1527 3 367579268
1 0 3601 3 935415500
1 1 3804 4 45853376
1 1 1034 1 817338912
1 1 153 4 604260
2 1184 3320
2 89 2455
1 1 1833 4 490881542
1 0 2535 1 90053503
1 0 3284 3 193791329
1 0 2681 3 697774272
1 0 317 1 757237624
1 0 2187 3 825439231
2 515 3981
1 1 2203 2 831901473
2 2668 2746
1 1 2580 1 563925549
2 2996 2529
1 1 970 4 815462602
1 0 1860 4 420409151
1 0 3539 1 859871193
1 0 765 1 97031617
1 1 699 2 808618516
1 1 1407 2 700203250
1 0 3511 3 213210270
1 1 3773 2 147998365
1 0 1941 4 180232748
2 3186 3402
1 0 3368 2 344651256
1 0 1892 3 255895291
1 0 2448 3 576512808
2 1680 2007
2 3759 3439
2 3202 3266
1 0 1345 2 568955450
1 1 2986 1 307163711
2 2233 3404
1 1 978 4 49174296
1 1 2288 3 520604855
2 235 219
1 0 2626 4 787723203
1 0 1654 4 463718289
1 0 989 1 463681583
1 1 3488 3 509429665
1 1 1666 2 584989990
2 3904 2669
2 3897 3520
1 1 398 2 2114351
1 1 1276 4 535225083
1 0 3130 4 605057988
1 1 2685 3 708002078
1 1 2749 4 53105825
1 0 3390 4 657819710
1 0 3167 2 468886629
1 0 3798 1 525364041
1 0 939 3 367670113
1 0 3821 4 701529747
1 1 1618 2 95342245
1 1 378 1 8999443
1 0 1880 1 996873358
2 2843 2503
1 1 2340 1 672150422
1 0 2723 4 895285499
1 0 1389 3 418690142
2 1093 647
1 1 1855 2 585830327
1 0 1050 3 676626418
1 1 456 4 174444878
2 1292 3083
1 1 1465 4 339857975
1 1 992 1 2171914
1 0 2288 1 137163531
1 1 3817 1 430412640
1 1 3044 2 679306923
1 0 3652 1 310586191
2 3295 2860
1 0 3324 3 932830717
1 1 3539 2 434308047
1 0 751 3 131878824
1 1 1807 1 619733098
1 0 1475 2 47233398
1 1 2588 2 161155434
1 0 639 4 176281996
1 1 541 2 295476750
1 0 3568 4 135955838
1 0 2294 2 648638944
1 1 836 1 455694741
1 1 2894 3 709554310
1 0 2373 1 43087634
1 1 2526 4 622130170
1 1 3998 3 253739033
1 1 1750 2 88439795
2 2984 2493
1 1 1603 4 450601896
1 0 2181 3 913661089
1 1 1409 1 730202351
1 0 1406 1 436999031
1 0 2404 3 336507071
1 0 1877 3 812234615
1 0 3384 1 466741052
1 0 1145 3 540113812
1 1 1059 2 475613777
1 0 2498 3 382435878
1 0 766 2 408397390
2 2587 3872
1 0 2433 1 802163032
1 0 1649 4 517723572
2 3718 2804
1 1 1995 4 567323258
1 1 2041 4 858702304
2 1224 423
1 0 3853 1 251668528
1 1 1825 2 430423415
1 1 3687 1 903802807
1 0 257 1 509391486
1 0 1956 1 697028488
1 0 1041 2 863011811
2 2835 789
1 1 2958 3 257922623
1 0 89 2 110555167
1 0 2041 2 470021533
2 558 1548
1 0 704 4 94147685
1 0 422 4 940962196
2 397 2652
1 0 3704 2 232474315
1 0 481 3 70487261
1 1 754 1 714698609
2 1948 924
1 0 3441 2 636848062
1 0 2030 1 381088011
2 1576 3701
1 1 2142 4 898682125
2 2958 1926
2 2610 2124
1 0 3620 2 85216768
1 1 3955 2 930898277
1 1 3688 1 494734299
2 3541 2206
2 3580 3268
1 1 2036 4 695250094
1 0 3928 1 264159329
1 0 1241 1 481337458
1 0 1021 3 741696212
1 0 997 1 292585469
1 0 2086 4 533168079
2 157 3007
1 0 700 2 817539585
1 0 1155 4 8240245
1 1 138 3 425093297
1 1 840 3 25618248
2 3070 1087
1 0 272 4 777043465
2 1140 2053
1 0 2615 1 747633700
1 1 876 1 474203450
2 1646 2674
1 0 3035 2 756877737
1 1 3808 2 109112705
1 1 374 2 522252183
1 0 3093 4 250028441
1 0 218 1 458000032
1 0 294 4 795213257
1 0 1307 1 289745258
2 1554 1625
1 0 2045 2 169208902
1 0 3614 3 435125189
2 3818 959
1 0 424 2 292144708
2 1083 1090
1 0 3439 4 414324106
1 0 236 2 479506319
1 0 2847 1 386652960
1 1 3852 3 651435526
1 1 3981 4 528919694
1 0 905 2 981810346
1 1 2327 2 235910296
2 2013 1573
1 0 2268 1 141027024
1 0 3235 4 441811061
2 3535 2023
1 1 790 3 691637309
1 0 2010 4 313474002
1 0 1590 3 371116674
1 1 1781 1 606619679
1 0 3905 2 767370786
1 0 1561 3 527253907
1 1 3661 2 259733361
1 0 2010 1 439022173
1 0 2 1 795437535
2 471 381
1 1 3648 4 773872081
1 1 3962 4 630117147
1 1 2842 1 862015587
1 1 1243 1 263968050
1 1 1043 3 489847164
1 0 891 4 32694544
2 1099 2411
1 0 1004 3 890599377
1 1 3285 4 228985970
1 1 3352 3 917911878
1 1 3657 2 205210604
1 1 3930 2 368099124
1 1 143 3 779745657
1 0 3277 4 538233745
1 0 1019 3 641999277
1 1 3243 1 360675855
1 0 3001 1 233086311
1 1 2446 1 5198000
1 1 540 1 597139265
1 0 2998 1 320235147
1 0 3 1 598948513
1 0 818 4 484448229
2 954 1582
1 0 2767 2 636181891
1 0 3490 2 931076318
1 0 2169 2 43374511
1 1 3567 4 396288456
2 523 3538
1 0 1638 1 398492294
2 2407 3561
2 2396 3680
1 1 596 3 45430336
1 0 3852 1 561223470
2 1708 1872
1 0 3778 4 81041060
1 1 1733 3 212825470
2 3740 2941
1 1 1775 2 531655222
1 0 3423 4 740904464
1 1 1337 1 812443730
1 1 3559 4 823310938
1 0 414 2 946756152
2 1174 2359
1 0 3180 2 314100970
1 1 2611 3 220759928
1 0 3442 4 875566289
1 0 88 4 308919066
2 1785 3988
1 0 727 4 167299541
1 1 440 4 623304563
2 2503 614
1 0 2481 4 861101437
1 0 1804 2 726806475
2 3853 3049
1 0 192 1 208737687
1 1 2309 3 543735426
1 1 2358 4 832019686
2 829 1965
1 1 2672 4 434512891
1 0 883 3 110818402
1 1 2700 3 994111326
1 0 3697 2 293979474
2 298 109
1 1 682 1 146352039
1 1 3031 1 490857965
1 0 2244 3 827626702
1 0 313 3 508533818
1 0 643 1 57513913
2 3381 2872
1 0 3754 2 242395420
1 1 477 2 310486599
1 1 117 2 497493836
1 0 3407 1 902143746
1 0 2757 4 29602905
1 1 2852 2 245604218
1 1 1755 4 277120436
1 1 1521 2 523081566
1 0 928 2 107236835
2 3582 2653
1 1 3352 2 76070394
1 1 242 3 101129348
1 1 3937 2 459739760
1 0 3347 3 713538267
1 1 1662 1 228181869
1 1 269 1 221183574
1 1 914 3 630497456
1 1 1878 2 203897271
1 0 3997 2 963393107
1 0 385 4 218609895
1 0 3160 1 335997656
1 1 3293 2 218011449
1 1 335 3 472996215
1 1 2259 1 214863909
2 1692 1632
1 0 3545 4 328939678
1 1 2370 1 141763531
1 1 1608 3 514834459
1 0 2687 1 976063615
1 1 1661 4 590215727
1 0 2257 2 566315347
1 0 69 2 426888469
1 1 36 3 155544238
1 1 3761 4 231091491
1 0 1206 3 420438509
1 0 2565 2 329963052
1 0 2375 3 751972204
1 1 64 3 265989490
1 0 2330 4 593711957
1 0 3898 2 335679105
1 1 2916 4 815558422
1 1 3885 1 788936032
1 1 3184 2 104411815
2 3155 1302
1 1 3843 1 426935989
2 2415 2655
1 1 411 2 788291004
1 1 2685 2 473618771
1 0 665 4 793419351
1 0 3195 1 890742159
1 1 496 3 287432543
2 3641 1942
1 1 1081 4 243656735
1 0 2342 2 199590088
1 1 3415 1 267152230
1 0 906 2 749795609
1 1 3815 1 939527518
2 3260 3481
1 1 2015 1 805715770
1 0 3961 1 570238961
1 0 732 3 476250280
1 0 3343 1 129915017
2 430 1309
1 1 2331 1 909301938
1 0 1477 4 270491499
1 0 1706 4 522045608
2 3915 3380
1 0 3492 2 899174721
1 1 563 1 95082925
1 1 619 1 392176939
2 614 2176
1 0 1668 2 472685633
1 0 2317 2 45843964
1 1 1516 1 806830843
1 0 1836 4 234793785
1 1 3781 2 111190093
1 0 2183 2 418833183
1 0 2515 2 105538781
1 1 1416 1 361130780
2 1197 1533
1 1 570 3 920910132
1 0 3148 2 908605428
2 1808 1212
1 0 2272 4 805595688
2 3647 2046
1 1 1482 4 819615751
1 1 1100 2 254938580
1 1 2933 3 677595436
1 0 3629 4 733180647
1 1 2677 3 750559498
1 0 2668 4 705614781
1 1 563 3 484539344
1 1 23 3 327519424
1 1 1096 2 108210329
1 0 3327 1 575159568
2 554 2192
1 0 3853 3 816747344
1 0 1380 3 273317203
1 0 2020 4 543312684
1 0 2237 1 739763318
1 0 918 1 741630932
1 0 2846 4 453362194
1 1 1687 2 268128312
2 1959 2470
1 0 266 1 319108379
1 1 3971 1 530697880
1 1 3275 2 83324500
1 1 292 3 690663874
1 1 1174 4 474259424
1 0 1602 3 670442905
1 1 3361 3 538866744
1 0 3319 1 983649612
1 0 865 3 665662141
2 1034 1938
1 0 2409 3 215167607
2 1247 1091
1 1 3641 2 573686092
1 1 1960 2 386536824
1 0 3181 1 324977150
1 1 2817 2 16807632
1 1 2879 1 209990243
1 1 2103 1 955045903
1 1 1564 1 269701292
1 0 639 4 928971808
1 1 1270 2 32909177
1 0 772 1 648706092
1 0 2798 1 632524509
1 0 1215 4 547000668
1 0 854 3 812471516
1 0 3345 3 803762189
1 0 2694 2 797103153
1 0 3631 3 917056721
1 0 1412 4 495856308
2 2047 3426
1 0 3817 1 769055253
1 1 2323 1 301064793
1 1 60 2 2669420
2 1149 598
1 0 2475 3 378584671
1 1 2748 4 433174141
1 0 2485 2 45675214
1 1 2527 2 701153159
1 1 2333 2 622272889
1 0 1068 3 884810136
1 1 2332 4 731938720
2 1877 2434
1 1 2457 4 626758702
1 0 1270 4 926271763
1 1 878 3 917001751
1 0 2344 1 812475949
1 1 2539 2 55404982
1 1 2517 1 833873110
1 0 3751 3 701475148
1 1 3182 3 374589483
1 1 3952 2 419271622
1 0 218 4 382536760
1 1 24 2 112068221
1 0 1254 3 469114637
1 1 846 2 83642323
1 0 982 3 489972815
1 1 2151 1 222826392
1 0 2436 1 917498748
1 0 3148 4 602603597
1 0 3872 2 37055161
1 0 1988 2 857771669
1 1 2791 3 673309862
2 656 2335
2 979 442
1 1 162 4 453945022
1 0 1218 2 65572364
1 1 400 4 958752861
1 1 1982 2 367605017
1 1 729 2 332017877
1 0 109 2 868547743
1 0 1614 4 660846713
1 0 3536 3 275132684
1 1 3497 3 673186857
1 1 2895 3 157997471
2 171 8
1 1 2905 4 707608383
1 1 1987 4 845558534
1 0 2154 4 789913760
1 1 3713 1 207893559
1 0 3443 2 135180488
2 1040 1786
1 0 45 4 811710053
1 1 2767 1 403582348
1 0 1201 3 241124155
2 2866 3253
1 1 3398 3 642189147
1 0 190 3 741884180
2 1744 1904
1 1 3514 3 469296981
2 281 2822
1 0 326 4 292178565
1 1 3228 3 169960472
1 1 317 2 665207479
1 0 2825 3 73989291
2 3060 3234
1 0 3703 1 979611864
1 0 3502 2 379453169
1 0 3376 4 489524799
1 0 1605 3 407852544
1 0 349 2 702358833
2 2670 298
1 0 2419 1 538341894
1 1 1817 1 925546180
2 3295 3565
1 0 2018 3 225065552
2 3983 2397
1 0 3973 4 765978709
2 2380 2036
1 1 207 3 634872901
2 849 2053
1 0 3573 2 571975449
1 1 2475 1 103258258
1 0 1764 3 204458926
1 0 2132 1 840707520
1 0 3820 3 502577840
1 1 113 1 576282934
1 1 648 3 170086061
2 2295 2179
1 1 279 2 781469530
1 0 1835 1 351564538
1 0 247 4 158646673
1 1 1030 4 581989008
2 2 1743
1 1 2951 1 434598400
1 0 1820 1 458744717
2 3072 51
1 1 3691 1 879780175
1 1 736 2 119365807
1 0 2740 3 999016557
1 0 371 3 268469055
2 2480 3799
1 1 2560 4 649281523
1 0 3331 2 734145416
2 1707 2708
1 0 1131 1 37211764
1 1 156 4 568101951
2 3971 2729
1 0 2976 2 222820313
1 1 3330 1 245018155
1 1 3126 3 506927444
1 0 2223 4 360590922
1 0 1808 3 380448853
1 1 449 1 500566182
2 1972 2876
1 1 3125 3 535245760
1 1 3116 4 317217479
1 0 2147 1 853962446
1 1 666 1 270513462
1 1 3391 3 395948938
1 0 3098 2 198042756
1 1 1897 1 694610395
1 0 1169 4 498332932
1 1 2619 3 430270201
1 1 3700 3 195311528
1 1 310 2 255726103
2 221 2862
1 0 3869 1 463802925
1 1 3622 3 442973857
1 1 568 3 933692348
1 0 2478 1 956158173
1 0 410 2 252246773
1 1 1883 3 930875670
1 1 3017 2 558596892
2 2835 1672
1 1 2783 2 549655795
1 1 20 1 617461478
1 1 3733 2 874915403
1 0 1786 4 139864148
1 1 2055 3 544169265
1 0 3334 2 568261112
1 0 2828 4 215119173
2 1523 3781
1 0 3033 2 501429676
1 0 3183 3 121704300
1 0 3210 2 781780847
1 1 2561 2 763248183
1 1 2200 1 119267145
1 0 3207 3 561372102
1 1 506 4 820986767
1 0 3675 1 644594937
1 1 1268 3 24801297
1 1 1273 1 830902876
1 1 3686 1 31589557
1 1 3520 4 680878064
1 1 1040 1 456987619
1 1 1536 4 892523917
1 1 1532 3 6213673
1 1 1150 4 767278532
1 0 3923 1 294629830
1 1 709 3 589904194
2 2993 3420
1 1 2782 1 920384264
1 1 1027 2 807139389
1 0 2732 3 82801159
2 3702 2671
1 0 2996 3 200382935
1 1 106 2 250110167
1 0 3215 3 123568361
1 0 442 3 823898190
1 0 821 2 381406828
1 0 1441 1 503519826
1 1 3687 3 278936515
1 0 2305 1 308832552
1 0 2875 4 210854223
1 1 1352 2 656474259
1 1 2344 1 79158347
1 1 3432 4 275343274
1 0 1777 4 475042824
1 1 259 4 883629454
1 1 2115 2 360477828
1 1 1009 2 118604726
1 1 78 4 509497860
1 0 1145 4 846352245
1 0 1378 2 577627690
1 1 2194 1 82301862
1 1 1142 3 458765285
2 3412 3159
1 0 3374 2 387095472
1 1 2077 2 209117437
1 0 610 1 281718766
1 0 1259 3 86990852
1 1 1092 4 415984058
1 0 2492 1 2583832
1 1 1826 3 928047697
2 718 179
1 0 3759 3 466642869
1 1 1370 2 256624030
1 1 455 2 35892703
1 0 3685 3 741787383
1 0 234 1 61326424
1 0 2778 4 485663564
1 1 1905 2 229072612
1 1 3308 3 460010991
1 0 1151 4 39168949
1 1 1152 2 764372560
1 0 735 4 277352454
1 0 3560 3 72784788
1 0 1904 2 388058223
1 1 2292 2 327526490
1 0 3344 3 284580771
1 1 1990 1 135391710
1 1 2029 3 533860270
2 2544 2469
1 0 3471 4 451037783
1 1 1924 2 467814562
1 0 1129 1 180893148
1 0 2175 1 889320621
2 2208 1392
1 0 1147 4 412614246
2 1575 3675
1 0 2688 3 760896689
1 0 2996 3 336803595
2 1473 387
1 1 3892 3 968842165
1 1 73 2 811289974
1 1 936 3 161466630
1 1 2039 3 446517194
1 1 1013 4 335418167
1 1 1640 3 496687662
2 1615 3590
1 1 3289 4 22090914
2 1184 2082
2 30 2818
1 0 296 4 416674601
2 2307 2718
1 0 1533 3 383437078
1 0 3829 1 528439960
1 1 2540 1 260558020
1 1 186 3 429078821
1 0 326 3 659693086
1 0 20 1 660185638
1 1 1831 2 681063986
2 879 84
1 0 3174 2 469377604
1 1 2220 2 665907742
1 1 3351 4 950168684
1 1 3187 4 613597159
1 0 406 3 386985273
1 0 1323 1 913169070
1 0 255 4 26360421
1 0 3994 2 382293934
1 1 520 2 187545681
1 1 2524 3 638435435
1 0 2152 4 644821573
1 0 509 4 922407306
1 0 574 1 215271444
1 0 1247 4 941523936
1 1 1806 3 851060733
1 0 2078 3 61529600
1 1 827 2 52595516
2 2543 744
1 1 3350 1 671069362
1 1 1112 2 563749491
2 3099 3909
1 1 1496 4 123929867
1 0 2969 4 251545782
1 1 2306 4 178058846
1 0 1672 2 358627107
1 0 3304 2 42848543
1 0 3451 2 650732123
1 1 2326 4 618694298
1 1 2589 2 714091911
2 2935 2929
2 132 2453
2 1611 3832
1 1 969 2 229883990
1 0 1833 4 36320431
1 1 470 3 9494325
1 1 2385 1 434225029
1 0 2792 4 512962475
1 0 1728 1 215418406
1 0 604 1 342850680
1 0 838 4 865784802
1 1 2088 3 803913291
1 1 1612 1 47995909
1 0 2507 3 392802690
1 0 462 3 481874049
1 1 978 1 397659826
1 0 3166 4 763128691
1 0 1457 2 9064203
1 0 2482 2 690896860
2 2228 755
1 0 3552 1 409993055
2 2197 3826
1 1 2777 1 428052480
1 0 1435 4 510631372
1 1 2718 1 300001326
1 0 404 1 435676021
1 0 2447 4 328229924
1 1 265 1 569533875
1 0 2291 4 834525431
1 0 324 2 345640313
1 0 1630 2 484510908
1 1 3189 4 519944333
1 1 1854 4 140596961
1 1 1052 4 619669031
1 1 1327 1 199683210
1 0 657 2 905744317
1 1 2404 2 208390565
1 0 2907 1 832962299
1 0 1588 2 998752284
2 2088 3213
1 0 412 4 861756915
1 0 1355 3 675149755
1 1 1787 3 168674597
2 1209 3310
1 0 1963 2 953915220
1 1 1543 2 104673248
2 2952 3867
1 1 2779 2 609433052
2 3312 302
1 0 2901 2 849126231
1 0 185 2 11042440
1 1 50 3 370761717
1 1 1986 2 190667431
1 1 1412 3 435425469
1 1 376 2 712015496
1 1 378 1 102941871
1 0 304 3 722893898
1 1 1156 2 571026039
1 1 3076 4 497997175
1 1 3312 4 382784122
1 0 649 4 352381463
1 1 374 3 426631680
1 0 3334 4 458720210
1 1 298 3 231191057
1 0 1993 4 50603184
1 0 2024 2 450989703
1 1 3216 3 765636840
2 2731 1962
1 1 3466 1 323104187
1 0 84 4 967511629
1 1 3873 2 589153583
1 0 253 1 871951360
2 3240 2602
1 1 557 2 723367255
1 1 1884 2 37536372
1 0 1814 1 720775406
1 0 2 1 884867220
1 0 3900 3 994668191
2 3290 946
1 0 2930 3 507902911
2 1250 651
1 1 3628 1 874869148
1 1 520 1 872516946
1 0 320 4 231094223
2 1726 2713
1 0 2531 2 541864059
1 1 2822 1 251556659
1 0 796 3 439912052
1 1 3256 3 676560242
1 0 1207 3 320306769
1 0 1579 2 207006533
1 0 2131 4 626953531
1 0 1000 3 677964370
1 1 350 1 508361031
1 0 3087 2 735251640
1 1 1162 4 757632076
1 1 394 3 694607624
1 0 2102 1 815865894
1 0 3481 1 468999291
2 414 2088
1 1 3664 4 429196653
1 1 3763 1 844552903
1 1 2895 1 584444040
1 0 606 4 113639113
1 1 791 1 967988421
1 0 1219 1 111003899
1 0 2888 2 197646692
2 1904 2610
1 0 3087 1 946088866
2 1301 2506
1 0 3138 4 486074819
1 1 3871 1 437692886
2 1484 89
2 1553 3882
1 0 630 3 984127049
1 1 1265 2 134495452
1 0 335 2 379288107
1 0 158 1 14650791
1 1 1822 2 29957867
1 1 499 1 852402498
1 1 454 4 311482007
2 419 3233
1 1 157 2 872956686
1 0 2621 3 669959372
1 1 819 3 740310605
1 0 3717 4 661665137
1 1 819 4 115039628
1 0 1206 2 992860465
1 0 1315 3 556581153
1 0 954 4 405674235
2 2823 3132
1 1 855 3 925810191
1 1 1417 3 667983711
2 1538 3647
1 1 257 4 374796771
1 0 29 1 497797299
1 1 744 2 108507204
2 2246 359
1 1 1131 1 899082605
1 1 3401 2 960435545
1 1 2768 3 204630802
2 506 296
1 1 3312 2 691279670
1 0 3064 3 167117446
1 1 2440 3 512367658
1 0 3287 2 849006763
1 1 2574 1 989699220
1 1 3258 4 197407389
1 1 89 4 792782262
1 0 1819 3 914976214
1 1 2162 4 519246549
1 0 3230 2 52175545
1 0 1164 2 745613245
1 1 2910 4 178086960
1 0 173 4 467505903
2 546 2548
1 1 1035 3 976872594
2 1778 1612
1 0 3114 1 263662500
1 1 1072 4 296380949
1 1 227 3 783688665
1 1 1659 2 566495326
1 0 3899 3 963603021
1 0 2438 4 299619287
1 1 1247 1 641765096
1 1 52 1 228005320
2 1740 883
1 1 2926 2 204017730
1 1 1364 1 373572180
1 0 2750 4 658885467
1 0 1048 4 978770221
1 0 405 1 328206015
2 1724 2599
1 1 373 2 531510143
1 0 447 3 292979929
1 1 87 3 431314185
1 0 1493 1 726982438
1 0 3257 2 594903558
2 3101 2951
1 1 1420 3 796012819
1 0 329 1 655064039
1 1 655 1 62949597
1 1 1558 3 118867045
1 1 1385 1 349566243
2 3690 1855
1 0 1162 4 855925434
1 0 1022 3 980899110
1 1 3904 4 243209452
1 0 3773 3 625468326
1 0 1559 1 621046424
1 0 2003 2 927713146
2 2107 3172
1 1 325 4 685794802
1 1 3433 4 703622438
1 0 3501 3 62092250
2 810 1503
2 2208 3147
1 1 1113 3 229047354
1 0 1237 1 832273398
1 0 2679 2 569008172
1 1 2803 1 46306726
2 6 2144
1 0 1455 2 134277550
1 1 1024 1 190174428
1 1 3396 2 701053152
1 1 3425 3 748048756
1 1 2726 4 676608973
1 1 3137 2 893831383
1 0 3550 2 623072824
1 1 2296 2 915261582
1 1 1341 4 875039197
1 0 2088 1 166093236
1 0 755 4 174113180
1 1 3631 3 485015257
1 0 3431 2 391338965
2 1023 3175
1 0 1829 2 412292596
1 1 1538 2 942239277
1 1 2584 1 951597281
1 0 3036 4 607223580
1 0 3080 4 254856204
1 1 3203 1 941055746
1 0 836 2 126905218
1 0 2982 4 904272153
1 1 2649 2 876376620
1 0 3045 3 549067561
2 1601 3127
1 0 2083 3 948188155
1 1 2187 4 761792930
1 1 3775 2 273539773
1 0 1155 1 131376112
1 0 1077 3 271005056
2 3622 3091
1 1 2567 4 9085249
1 0 1693 1 180638382
1 0 2120 4 395743962
2 741 2316
1 1 429 3 660645438
1 1 261 4 611498692
2 3788 429
2 3946 3451
2 3638 1946
1 0 2250 2 625519036
1 0 3011 4 788856790
1 1 3683 1 385898895
2 3678 1959
1 0 1113 2 621751964
2 3126 2168
1 0 3534 1 706246215
1 0 3089 1 542081192
1 0 3031 2 307059589
1 1 2910 2 723038011
1 1 402 4 407209298
1 0 814 2 64386323
2 677 3959
2 3586 320
2 936 3674
1 1 2062 4 548774606
1 1 1238 3 947708134
2 3329 2286
1 1 655 4 538166896
1 0 1491 2 551011955
1 1 1145 2 787273185
1 1 124 2 687549557
1 0 2002 1 739515413
1 1 1897 2 515563157
1 0 2373 2 238831218
2 1883 3036
2 1723 915
1 0 1275 3 187433057
1 0 186 3 643659345
1 1 3886 3 96469775
1 0 1424 2 969793932
1 0 472 2 319937915
1 0 2245 1 568340208
1 0 402 1 702016945
1 1 3638 3 353781585
1 0 2661 3 961709439
2 148 867
1 0 1422 2 143877864
1 1 2219 2 465695291
2 1932 1486
2 2558 324
1 0 1346 1 644709813
1 0 3642 4 218259952
2 3 2297
2 3147 696
1 0 670 3 498297608
1 1 2305 4 953726062
1 0 2112 4 236391761
1 0 1033 3 309912911
1 1 1181 3 549325001
1 0 637 1 882181591
1 0 3109 1 401852474
1 1 1764 2 88303035
1 0 1721 4 905815412
1 0 360 4 23793068
1 1 237 4 442493116
1 1 2411 4 435563018
1 1 3104 3 309712535
1 0 2054 2 464126691
2 3514 2674
1 0 608 2 724878205
1 1 1136 1 742542076
2 3999 2981
1 1 3841 3 491048600
1 0 159 3 251830726
1 1 1296 2 542802312
1 1 3480 3 454816796
1 0 2577 2 825305339
1 0 3525 2 574985067
1 1 1769 2 755620181
2 785 3760
1 1 1773 1 320519510
1 0 2560 4 55562126
1 1 2743 2 975119240
1 1 2814 1 954627833
2 2888 3641
2 3683 2149
1 1 10 3 872555155
1 0 986 3 337095267
2 820 1118
1 1 1013 3 31174827
1 1 3052 4 691314733
2 2763 3954
1 0 3192 3 439920324
2 734 3245
1 0 1136 1 431535529
1 0 3898 2 319547509
1 0 3876 4 361159035
1 1 1785 3 858981466
1 1 1564 3 656547547
1 0 551 1 139408981
1 1 2023 2 919111336
1 0 1484 4 441171490
1 0 117 4 503066158
1 0 555 4 779988770
1 1 3825 4 246301414
1 0 2762 2 743986690
1 1 3986 1 175466740
1 0 2616 1 816207998
1 1 14 2 694284711
1 1 3917 2 376846567
1 0 3920 2 113010348
1 0 165 3 240835320
2 735 2207
1 0 378 2 902970961
1 1 468 1 734684244
1 1 656 1 199720242
1 0 102 3 32477726
1 0 2986 2 780932041
1 1 3665 3 328097053
1 1 2852 1 540488275
1 0 1800 2 964124715
1 0 10 1 305967239
1 0 1721 4 46303088
1 1 3376 3 271130567
1 1 2372 3 10387999
1 0 3219 2 141540928
1 0 2170 4 113579188
1 1 3511 1 306496432
2 3307 934
1 1 1323 2 191822957
1 0 3722 3 327661429
1 0 1482 4 155935123
2 3076 660
1 1 3340 2 211630046
1 1 3622 2 569850448
1 0 740 3 577914039
1 0 334 4 302689813
1 1 1809 4 444109826
1 1 2450 1 466971501
2 1400 2422
1 0 2740 1 271594028
1 1 915 2 627138293
1 0 1566 1 23997664
1 0 2720 3 99144404
1 0 3667 2 825469174
1 0 3231 3 944321504
2 2703 1415
1 1 2273 2 305352496
1 1 456 3 564195513
1 1 1830 4 191903411
1 1 940 3 613315621
1 1 54 3 768827537
1 1 2527 2 43052459
2 5 1125
1 0 3577 3 100326127
1 1 1872 3 12224412
1 0 1062 4 754825630
1 1 1055 2 451040844
1 0 2840 4 366153750
1 0 3238 4 863331681
1 1 2796 1 856028783
1 1 3716 1 227713115
2 2520 1071
1 0 792 1 64031018
1 0 107 4 457152364
1 0 1101 1 398977768
1 0 1464 3 83176982
1 0 2523 1 329356692
1 1 516 2 220026150
1 0 2464 4 127400755
1 1 1731 3 66516406
1 1 2628 3 745535775
1 0 308 4 64148792
1 0 3598 1 122934596
1 1 1711 2 718473296
2 1150 724
1 0 1494 2 199387394
1 1 1245 4 171977886
1 0 2051 1 158957534
1 0 1642 2 781594651
1 0 1396 1 922737106
1 0 125 3 304533541
1 1 1303 4 820511265
1 1 3169 2 239190227
1 1 2528 1 839594146
1 0 2336 2 450847881
1 1 2684 1 671002522
1 1 3697 2 929055319
2 2414 505
1 0 2475 3 754180419
1 1 3942 2 138314105
1 0 2991 2 967526962
1 1 1259 4 22461791
2 2595 2021
1 1 2048 4 610266278
1 1 3016 1 17611516
1 0 3406 1 646812603
2 3262 1719
1 0 1862 4 585999547
1 0 1943 1 113306344
1 0 386 1 745560022
1 1 320 1 735093642
1 1 265 3 383675924
1 0 2754 4 971480288
1 1 3355 2 408440004
1 1 2390 1 106334410
2 2679 1167
1 1 2354 2 621140808
1 0 3766 3 979158238
1 1 540 4 773321520
1 0 1648 2 872140125
1 1 911 3 364753784
1 1 836 3 931725841
2 2914 1756
1 1 395 1 60235528
2 1787 3735
1 0 3927 2 204624115
1 1 222 2 293053210
2 556 772
1 1 987 2 564082872
1 0 2536 4 904362411
1 1 2799 4 925238195
1 1 2420 3 970185081
1 1 3742 4 249506991
1 1 3119 1 907226688
2 808 641
1 1 1376 4 947854148
2 1426 1240
2 3740 2557
1 1 2176 3 821403605
1 0 2068 1 362656906
2 657 3918
2 727 334
1 0 866 1 415728803
1 0 1503 2 684648670
1 1 83 2 497057041
1 1 3734 4 64187233
2 1827 3259
1 1 1841 3 530249496
1 0 3141 1 920034414
1 1 3182 3 3038157
2 3277 206
1 1 2110 2 346723800
1 1 1554 2 225624071
2 2904 680
1 1 3119 2 819533664
1 0 838 3 485936509
1 0 2592 2 416699534
1 1 3107 2 970489819
2 794 3603
2 725 2027
1 0 928 4 339189280
2 2105 613
2 1762 3488
1 1 985 3 568308860
1 1 2846 4 56673063
1 0 1809 4 551175253
1 0 576 1 604982392
1 0 762 2 393247507
2 32 1141
1 1 1070 1 839544539
1 1 1941 3 200539750
1 1 1997 4 138272671
1 1 760 4 461410276
1 0 1350 4 22923405
2 3102 3819
1 1 264 2 591985060
2 3964 2433
1 0 363 1 397017281
2 344 2673
1 0 2697 3 460319503
1 1 3095 2 71274494
1 0 2235 2 60726001
1 1 3881 4 630973313
1 1 3571 1 516902401
1 1 1523 1 105823311
1 0 3785 4 291105760
2 1082 2933
1 0 2141 4 587799852
1 0 2291 2 803302318
1 0 639 3 478116920
2 430 2895
1 0 72 3 445347432
2 2453 775
2 106 419
1 0 2919 1 314020217
2 2962 338
1 1 2340 3 513790146
2 1091 788
1 0 1006 1 141393819
1 1 3889 3 116730427
2 1336 3694
1 0 1271 4 525916800
1 1 1699 1 15549994
1 0 2327 2 104026530
1 0 3695 1 933089947
1 0 88 1 581050040
1 0 900 2 441654123
2 369 2776
2 1762 1292
1 0 1683 3 804956948
1 0 3347 2 192500766
1 0 3943 2 31509386
1 0 3518 4 353688095
1 1 1180 4 380574586
2 2504 3408
1 1 1436 3 521308806
1 0 3582 3 468252508
1 0 622 4 442737307
1 1 2142 2 617969348
2 709 1945
2 3375 865
2 631 499
1 0 2154 1 678260816
2 98 746
1 1 3408 4 934773422
1 1 2516 2 826906635
1 1 665 3 928974538
2 3500 2701
2 775 979
1 1 452 2 207565093
1 1 3342 1 148884335
1 0 2666 1 480292090
2 1377 2618
1 0 2235 3 523444945
1 1 3959 1 189253796
2 562 1357
2 1861 2419
1 0 1687 4 540008778
1 1 194 1 403042110
1 0 1854 4 955370899
1 0 1383 4 696330195
1 1 2697 4 494293059
1 1 1255 3 977455951
1 0 850 2 32704322
1 1 464 2 248704906
1 0 371 4 655982358
1 0 850 3 675717989
1 0 2590 3 664406160
1 0 954 1 589252339
1 0 2978 4 585563982
1 0 3910 1 986283413
1 1 3093 3 860257975
1 0 2726 3 458818425
2 2370 2773
1 0 3282 2 483527720
1 1 3662 4 768896910
2 3659 2877
1 1 894 2 952118105
1 1 3661 4 673009389
1 0 1644 3 981120049
1 1 564 3 179344006
1 0 2190 1 905615692
2 1946 3933
2 2148 4
1 0 1226 2 653255663
1 1 1967 1 439336670
1 0 2621 3 76746723
1 0 581 1 201752373
1 1 1150 1 638396726
1 0 2005 2 146066308
1 1 833 2 573468786
1 1 3724 4 824015376
1 0 3730 4 779604911
1 0 1900 4 516573036
1 1 634 3 868825762
1 1 2974 1 669190014
1 0 2529 2 136741273
1 0 732 2 690668607
1 1 1963 3 402961355
1 1 2230 4 197531945
1 0 3591 2 800342556
1 0 2215 3 46925406
1 1 866 2 168962848
1 0 2701 2 854467826
1 1 2475 4 830627321
1 0 3586 4 623277109
1 1 392 3 141143110
1 0 2396 1 878453276
1 0 815 1 370351190
1 0 241 2 960827602
2 3201 3374
1 1 3126 1 793872585
1 1 2561 2 319000584
1 0 2468 3 956727251
1 1 2010 2 104136319
1 1 2738 4 724611955
1 0 2943 3 244890930
1 1 2904 2 137531502
2 2368 1813
1 1 3331 4 98409190
1 0 2284 1 726693517
2 914 1705
1 0 3140 3 963635171
1 0 3295 4 608627116
1 0 2538 2 283335089
1 1 2276 4 445934806
1 0 1599 1 523923303
2 970 993
1 0 599 2 224124147
1 0 1395 1 703691858
1 1 2031 2 315894067
1 0 820 4 332950390
1 1 2074 2 14984775
2 2056 1964
1 0 3364 1 522308834
2 1380 2049
2 458 1316
1 0 363 2 72091838
1 0 3185 1 423489718
1 0 2734 1 503166480
2 3886 1137
2 1680 1714
1 1 3298 4 484234955
1 0 2809 3 153190069
1 0 2414 4 280982138
1 0 303 2 600508924
1 0 1458 1 13131875
2 886 2031
1 1 1556 4 897918297
1 0 3361 1 728892298
2 3582 961
1 1 2414 4 84659926
1 1 1849 3 360313091
1 1 1014 1 816408784
1 1 802 3 962105197
1 1 553 1 778969423
2 2935 3267
1 0 890 2 226602056
2 1463 443
1 1 3109 3 223214996
1 0 3088 4 278341679
1 0 2117 2 994359160
1 0 1980 4 217498278
1 0 3132 4 8752410
1 0 933 2 837720683
1 0 2865 4 515140533
1 1 101 2 458174475
1 1 2141 3 655227592
2 1500 2396
1 1 2594 4 470501968
1 1 1422 2 895326102
2 2660 350
1 0 925 4 160102095
2 1503 2098
1 1 1095 1 285765038
1 1 856 1 983031725
1 1 1514 1 436551929
1 0 7 4 886265914
1 1 3263 2 744224184
1 1 423 4 562323714
1 0 2231 2 950117560
1 1 1095 3 344085649
1 1 2648 1 429011463
1 1 1604 4 904178820
2 167 1562
1 1 624 3 14198496
1 1 1042 4 682649852
1 0 3238 2 650082934
1 1 867 3 113608192
1 1 2657 1 930128938
1 1 3223 1 284096873
1 0 215 4 550363600
1 0 3289 1 722054737
1 1 1558 4 1948452
1 0 2645 3 243712522
1 1 63 1 249191275
1 1 1783 4 453367761
2 1175 1350
1 0 1502 4 172943366
1 1 2756 2 372622398
1 1 675 3 113416571
2 3782 2489
2 240 1709
1 0 672 1 416348497
1 1 120 3 71713235
1 1 1865 3 594910377
1 0 3545 3 715808436
2 1245 1477
1 1 169 4 269606069
2 3898 3957
2 2718 77
2 3847 1953
1 0 83 4 73336340
2 1923 1246
1 0 3849 3 146123410
2 1745 857
1 0 1179 4 387287093
1 0 265 3 901896089
1 1 3474 1 995345143
2 3024 2510
1 1 1038 4 251160592
1 1 1175 1 682867173
1 0 3751 3 109903689
1 1 1745 3 311037433
2 3365 287
1 0 1703 3 157885795
1 0 2801 4 689977208
1 1 1504 4 725385899
1 0 1323 3 414280440
1 1 3343 2 786599215
1 1 2912 3 704235590
1 0 3992 3 242647938
2 210 2413
1 0 1713 3 990403169
2 2712 684
1 0 1103 4 527516031
1 0 1477 1 742560446
1 0 418 3 30164375
1 0 1673 4 931884517
2 1034 367
1 0 398 3 290451599
1 1 2871 3 412664241
2 1944 1462
1 0 1396 4 907715424
1 0 2544 4 714049431
1 1 1056 3 538348329
2 954 260
1 0 2187 2 807691196
1 1 2 2 720786619
2 575 1990
1 1 3608 1 280598082
2 3102 1515
1 1 1266 1 791302083
1 1 1148 4 28024488
1 0 2006 1 978565309
1 1 3282 3 241142362
2 1746 775
1 0 3881 4 33876582
2 2988 1317
1 0 2967 4 737189437
1 1 3032 4 199978705
1 0 458 3 53680653
1 1 510 1 263197680
1 0 1661 1 857131325
1 0 1798 1 846837327
1 1 2164 3 342590872
1 0 3593 1 239923865
1 0 2050 1 488871169
1 1 505 4 365558930
1 0 3569 1 457119125
1 1 1058 1 772090207
2 2235 3125
2 1785 1617
1 1 455 2 646829758
1 1 1644 1 826877045
1 1 3754 1 531760887
1 1 618 3 143151510
1 1 2799 4 671755080
1 0 2077 3 94391126
1 0 3737 4 72000550
1 0 1316 4 782112263
1 1 501 3 53419473
1 0 3985 2 356935230
1 1 2218 1 299339454
1 1 3757 3 479405960
1 1 1702 4 991005026
1 1 2293 2 128849676
2 3176 2992
1 0 2206 3 309580247
1 1 3425 1 394211347
1 1 3140 1 932462075
1 0 2312 1 271228636
1 1 1780 3 720149525
1 0 1252 2 517146471
1 1 3604 1 49203037
2 3484 738
1 0 2299 3 210790470
1 0 2699 3 357602717
1 0 2008 1 357913195
1 1 3335 1 866892569
1 0 3874 1 350482378
1 1 1799 2 838144048
1 0 3822 4 972843121
2 1288 234
1 0 3132 4 463415084
1 1 2597 4 784726056
1 0 197 3 527763493
1 0 1874 3 302441563
1 1 3133 4 219455135
1 0 1297 3 361666911
1 1 2784 2 829050463
1 1 556 3 1715352
1 0 944 4 809172717
1 0 929 2 131294705
1 1 3342 4 827340737
1 1 660 3 32967631
1 0 2191 4 7622727
1 1 2558 2 454074980
1 0 3423 3 56090234
1 0 385 2 841670193
1 1 3932 4 217341888
1 1 331 4 733506077
1 1 3616 4 209487962
1 1 2348 2 656875151
1 1 2231 3 464874994
2 2927 2175
1 0 548 4 898156449
1 0 796 4 850379714
1 1 2627 1 58961859
1 0 3114 4 241764663
1 0 2816 1 53621104
1 0 3759 1 377399751
1 0 3950 2 733316132
1 1 3229 4 116584594
1 1 3186 1 575672397
1 1 356 1 673427233
1 0 2069 1 309274230
2 559 2603
1 1 1198 2 749125771
1 1 2640 3 858831370
1 1 3288 3 259176681
2 985 5
2 821 1564
1 1 1404 3 929320990
1 0 1337 3 457964227
1 1 1074 3 596276378
1 0 423 3 936342319
2 142 883
1 1 1067 1 924216606
1 0 3652 4 501233537
1 1 3503 3 31892349
1 1 3321 3 773301876
2 1813 2169
1 1 966 2 789993158
1 0 2332 1 185814096
1 1 2760 1 272273547
1 1 3331 1 169376418
1 0 3324 4 893819501
1 1 2521 2 187281853
1 0 1732 2 798192161
1 0 3491 3 672338846
1 1 2969 1 59038738
1 1 2354 2 149676457
1 0 746 2 552191346
1 1 1307 2 51999569
2 1577 937
1 0 547 1 612627298
1 1 2537 2 581558250
1 0 348 2 360191617
2 3629 1416
2 170 3104
1 1 428 2 978619623
2 3995 2557
1 0 1775 3 786826396
1 1 89 4 673947334
1 1 777 4 112520443
1 1 985 2 926057894
1 0 3080 2 755058023
1 0 2916 2 480898341
1 0 159 2 584211789
1 1 728 1 53470569
1 0 1575 1 604697343
2 618 3999
1 0 2783 1 946653039
1 0 2971 2 949188758
2 3154 1378
1 0 3605 3 640971998
1 1 1575 4 207881694
2 527 545
1 0 2966 1 778747412
2 424 2118
1 0 773 2 292565075
1 1 2078 3 702646535
2 2321 124
1 0 3558 1 73720752
2 3252 2427
2 1668 3093
1 0 3285 3 860812280
1 1 2562 2 276885751
1 0 3842 1 723458056
1 1 1693 4 701239665
1 0 3064 4 392170838
1 0 2938 2 795702473
2 3822 2493
1 0 2466 2 697688151
1 0 431 2 931758270
1 0 3137 4 803881928
1 1 3773 3 677107494
1 1 1302 4 694499600
2 480 625
1 0 3839 2 220914285
1 1 1477 1 509725532
1 0 945 3 292408483
1 1 3890 1 801555209
1 0 996 2 849372607
1 1 1848 2 344394054
1 1 531 3 801812817
1 0 115 4 250198894
1 1 3120 1 687218640
2 2103 607
1 0 851 3 470301358
1 0 3824 3 586955849
1 0 2350 1 645410873
1 0 999 4 799027316
1 1 1240 4 319845796
1 0 3190 2 155066656
2 323 1791
1 0 1868 4 362978061
1 1 1831 4 337553350
1 1 3429 1 416651034
1 0 2549 1 611954402
2 1861 209
1 1 177 3 961178279
2 2439 1140
2 684 2210
2 3473 3325
1 0 1268 2 772491860
1 1 3653 4 618052342
1 0 588 4 894089720
1 0 2957 2 934020280
1 1 2165 4 204581545
2 2353 1558
1 0 3269 2 264293212
1 0 3098 4 679633053
1 0 1543 4 601895066
2 3002 646
1 0 2666 4 872461827
1 1 1096 4 722499100
1 0 468 1 449270168
1 1 2423 2 289679769
1 0 1346 4 849724923
2 3221 2978
1 0 1646 4 259413705
1 1 2331 3 69775797
1 1 3271 4 386116888
1 0 798 3 347512585
1 1 3509 1 782585413
1 0 3227 4 116723187
2 2654 1314
1 0 2910 1 143058361
1 0 3158 1 24183151
1 0 1285 3 369724923
1 0 2420 3 883420493
1 1 2955 1 952524498
2 2830 310
2 180 688
2 2736 3949
2 2138 2614
2 960 2755
1 0 1342 1 911379092
1 0 1342 2 57616696
1 1 2807 2 937906712
1 0 1059 2 185484153
1 1 2506 1 303018746
1 1 3754 4 226417127
1 0 67 1 426888761
1 1 2704 4 871302358
1 0 2424 1 991778267
2 1569 3785
1 1 344 2 615284089
2 3346 3162
1 0 660 4 495490097
1 1 2490 2 437338936
1 0 1201 1 791897178
2 1242 96
2 3653 638
1 0 669 1 154145959
1 0 2534 1 11775047
1 0 2151 3 463770852
1 0 773 2 3000858
1 0 2519 2 799675756
1 1 3682 4 50913347
2 3375 3990
2 2837 1771
1 0 1245 3 100578838
2 434 2878
1 1 1750 3 605095880
2 3589 295
1 1 303 2 292974910
1 0 1137 2 389109301
1 0 86 3 535412345
1 0 3560 3 112216724
1 1 2801 3 592538321
1 1 1811 4 735843559
1 0 761 3 970018444
1 1 989 4 434861565
1 0 2852 2 561103897
1 1 1202 1 912057605
1 1 1921 3 404137806
1 1 992 2 88868488
1 1 3115 2 970644946
1 0 856 2 962830314
1 1 510 3 2475842
1 1 1840 2 687498761
1 1 1949 2 577326681
1 1 2242 2 419949810
2 753 668
2 808 3348
1 0 3802 4 214454934
1 1 3255 1 276403547
1 0 2873 3 606973292
1 0 3595 1 719452856
1 0 1419 1 286052259
1 0 817 2 227842319
1 1 1303 4 372473480
1 0 984 3 342002812
1 0 3595 4 504188386
1 1 2955 1 892440396
1 1 1943 3 895468271
2 1879 483
1 0 3437 1 278471234
1 0 1405 4 735544683
1 0 1727 3 521274423
2 1667 599
1 1 1162 2 624714820
1 1 2318 4 884333551
1 1 3429 1 842770784
2 3696 574
2 3951 2416
1 0 825 3 429906300
1 0 3105 3 51644086
1 0 2235 2 91228973
1 0 2624 2 304120870
1 0 1282 3 571013301
2 945 1440
1 0 1269 3 438483633
1 1 2424 2 318273649
1 0 1410 1 965600395
1 1 2987 4 332792902
1 1 2192 4 383811740
1 1 1794 4 619418107
1 1 3915 2 368226
1 1 1379 3 954422259
2 1439 1394
1 1 1935 2 266280592
1 0 420 4 39408388
1 1 1579 3 266901800
1 1 834 1 502946506
1 1 438 3 594283732
2 3127 3422
1 0 1046 4 32294064
1 1 1207 2 391501657
2 1775 2760
1 1 1594 4 431815679
1 1 1774 1 641740245
1 0 3244 3 694943569
1 0 3812 1 228079621
1 0 3865 3 315925857
1 1 2374 1 795705004
1 0 1841 3 377119471
1 0 728 4 758049198
1 0 678 3 36155143
1 1 1512 4 178032950
1 1 3427 3 101951370
1 1 3381 3 730103018
2 2333 551
1 1 3357 4 361266935
2 255 1406
1 0 1103 4 422098834
1 0 3224 1 194987864
1 0 2048 1 665877433
1 0 3153 3 378448618
1 0 2390 4 153493404
1 0 817 3 204568690
1 0 1686 3 921873458
2 3619 3004
1 0 416 3 401696787
1 0 786 2 241002986
1 1 122 1 368898667
1 1 493 1 236908544
1 1 2222 1 86662162
2 1615 561
1 0 1496 3 356855264
1 1 1832 4 875419218
1 1 1890 3 194135971
1 0 1442 3 73989394
1 0 3836 2 655253128
1 0 586 1 560197781
1 0 1902 1 163768188
1 1 338 2 431294606
1 0 3761 3 400304788
1 1 2610 3 549245327
1 0 2100 4 638597359
1 1 1647 3 245832694
2 3208 691
2 2576 2303
1 0 2559 3 125754077
1 1 2219 3 380009181
1 0 484 3 240801342
1 0 1611 4 538637448
1 0 2048 1 494150232
2 3258 3698
1 1 3230 4 728710683
1 0 1766 2 165468240
1 0 2084 4 367858828
1 1 3450 1 181944604
2 1522 1393
1 0 41 2 533156868
1 0 2513 1 178202059
2 2549 2295
1 1 3406 2 667486821
2 1002 3622
1 0 956 3 71768117
1 0 3353 4 444320228
1 0 308 2 828476899
1 1 392 4 135062459
1 0 808 1 703017712
1 1 666 1 649248074
1 0 2122 3 581265721
1 1 213 2 132105193
1 1 3532 1 427821912
1 1 1468 3 710840915
2 1242 1772
1 1 3853 2 86215107
1 1 1452 1 168580252
1 1 1698 1 879774724
1 0 1183 3 659553701
1 0 3420 4 180007629
1 1 1809 4 242670848
1 1 1463 1 81933324
2 1133 1515
1 1 2649 3 59481549
1 0 3405 3 319883289
1 1 960 1 44752566
1 1 434 4 746427627
1 0 3639 1 534199386
1 1 2555 2 352306773
1 0 1854 3 89232453
1 0 3607 1 969870866
1 1 685 4 585062266
1 1 3448 4 559388972
1 0 583 4 733831359
1 0 2405 1 525193955
1 0 1058 2 140953289
1 1 2634 3 740277334
1 0 496 2 532380987
1 1 3285 1 511412408
2 3562 3353
1 0 1410 3 729407881
1 1 1633 2 279159410
2 3847 2668
1 0 766 2 240134963
1 0 450 3 105501707
1 0 3924 3 725862089
1 1 1339 1 419941556
1 0 3009 4 830340211
1 1 1602 2 904881426
2 3831 2542
2 2515 3693
2 3691 1000
1 0 2404 2 532928413
2 2434 1994
1 0 3395 3 902398355
1 0 2891 4 400787900
1 1 874 3 798227637
1 1 3919 4 75005859
1 1 1462 2 759084704
2 1682 1476
1 1 1803 1 171603069
2 2583 3494
2 1986 2253
1 1 2563 3 659724672
1 1 1121 4 687734512
2 833 2015
1 1 2897 3 962289999
1 0 248 1 935512522
2 3283 2964
2 2673 2677
1 0 2734 3 607747743
2 3606 3345
1 0 40 2 149271568
1 0 2694 4 758338192
1 0 3021 3 231942713
1 1 424 4 742984748
1 1 994 1 689268002
1 0 2104 2 811804921
1 1 1468 4 838368109
1 0 3726 2 152950073
1 0 2856 3 676054708
1 1 679 3 884858526
1 1 983 1 164383465
1 0 2973 3 10930113
1 0 3413 4 723659272
1 0 1892 4 341083002
2 2323 2157
1 1 709 3 982563654
1 0 704 2 76417949
1 0 3491 2 489881445
1 1 3139 1 726382388
1 1 1691 2 521032634
1 1 91 3 961549936
1 1 2951 4 266175484
1 1 3783 3 185699506
1 0 3351 3 583792900
1 0 2959 3 488515358
1 1 3171 2 586253937
2 414 1596
1 1 1594 4 914896041
1 1 1722 1 29701601
1 0 2492 1 501716964
1 0 717 3 395882524
1 0 1696 2 133466912
1 0 766 1 769181268
2 3764 1791
2 3577 757
1 1 763 1 626849233
1 1 942 3 65043367
1 0 679 2 113697539
1 1 3714 1 748509924
1 0 2595 4 640754252
1 1 2535 3 45286621
2 22 3005
2 876 837
1 1 63 3 859385141
1 0 2852 4 297065895
1 0 2471 3 264429129
1 1 340 1 535197295
1 0 1921 2 210554656
1 1 1927 2 984401065
2 1629 2694
1 1 3091 2 499320452
1 0 1694 2 207977767
1 1 2951 4 358050349
2 3854 3915
1 1 912 1 473603306
1 0 1056 3 862733306
2 1815 2066
2 3967 2395
1 0 701 4 673764782
2 3982 2536
1 0 3112 3 359334981
1 0 1224 1 864603316
1 1 1957 2 634964462
1 1 3482 4 854042939
2 2177 2216
2 762 3945
1 0 3532 1 50592407
1 0 2143 1 67128409
1 0 2540 4 11550929
1 0 143 1 391902196
1 1 859 2 799995036
1 1 742 4 43338517
1 1 1166 4 242137917
1 0 754 2 772070084
1 1 1897 1 590828248
1 1 1172 4 942521606
1 0 453 1 421611871
1 0 3002 1 568684319
1 0 978 3 697062071
1 0 1707 4 61366135
1 1 2827 4 415766677
2 649 201
1 1 2321 2 719405792
1 0 741 1 459738749
1 1 3936 2 555799561
1 0 3539 2 918780585
1 0 850 1 999250602
1 1 1699 3 926650341
1 0 1863 4 771929807
1 0 823 3 773668403
1 0 2866 3 469363138
1 0 2748 2 536067426
2 2975 3620
2 310 2106
1 1 1320 3 269554819
1 1 3958 4 352313528
2 789 3456
2 790 3182
1 0 2348 3 665225249
1 0 831 4 806449050
1 0 1725 1 476477688
1 0 3176 1 332586382
1 0 3750 4 357378616
1 1 986 3 786316020
1 1 2378 2 546490920
2 922 1554
1 1 1956 3 14039300
1 1 3063 4 682997846
1 0 2521 4 177390333
1 0 227 2 614904356
1 0 1984 3 389779492
1 0 157 3 175952191
2 2305 1048
1 0 340 2 26212228
1 0 1704 3 928437648
1 0 2340 1 485422815
2 352 1806
1 0 2171 4 655273387
2 423 2965
1 0 2846 3 603938121
1 0 1893 3 958540690
1 0 3578 2 575836707
1 1 3177 1 452502730
1 1 506 3 248461765
1 0 1446 3 511575495
1 0 2320 3 79089759
1 0 2278 3 953969535
1 0 557 3 634890943
1 1 1975 2 646352745
1 1 1201 2 949837807
1 0 530 3 514571673
1 0 537 1 162161824
1 0 3761 1 189138557
1 1 2783 2 158652776
1 1 707 3 287761933
1 0 2865 2 464272932
1 1 2544 2 83335111
2 3235 686
1 0 325 3 553230742
2 2081 3994
1 1 1632 1 944943173
1 1 919 4 61068908
2 274 2577
2 3375 2981
2 1525 2164
1 1 817 3 753161110
1 0 3280 3 379338627
1 0 3237 4 297067776
2 2210 219
1 1 3109 3 361304992
1 0 3475 1 514945415
1 1 2426 3 92708580
1 0 3881 2 905018808
1 1 2751 3 430451532
1 0 2771 2 268905187
1 0 739 2 423909165
1 0 2634 3 869700436
1 0 2151 1 893882376
1 1 2234 3 158783097
2 3946 473
1 1 25 1 490407707
1 0 1930 2 107898564
1 0 1469 3 515601524
1 0 3139 2 796217058
1 1 978 4 575601139
1 1 2993 3 343387469
1 0 3776 1 614712805
1 0 1071 3 402359726
2 1693 3537
2 340 801
1 1 656 1 257744139
1 0 625 2 190567900
1 0 2748 1 519129256
1 0 347 3 645741973
2 2344 3435
1 0 2752 3 518074428
1 1 3211 4 114619330
2 2345 366
1 0 2791 1 866245566
1 1 3367 2 426336290
1 0 1779 2 182034595
1 0 2028 2 927325644
2 1613 1176
1 0 3716 2 806196823
1 1 3301 3 973160625
1 0 3805 4 465751419
1 0 2686 2 204857876
1 1 2932 3 257887975
1 1 2738 2 746904781
2 3346 3745
1 0 662 2 24347637
1 0 3146 1 308620208
1 0 1210 4 162243011
1 1 2117 3 163257719
1 1 2330 1 592383262
1 0 3500 3 404439451
1 0 3654 2 867204293
1 1 1605 1 782934601
1 0 1185 3 768003934
1 0 3018 1 547704048
1 0 1236 2 490306457
1 1 969 3 933150231
1 0 1610 4 350026394
1 1 117 1 716252141
1 0 33 2 260175214
2 3842 312
1 0 455 1 515144721
1 1 1066 4 25518930
1 1 1461 2 436509760
2 196 3104
2 3877 1917
1 1 1730 2 126342480
1 0 3397 1 170121761
1 0 3728 1 533821574
1 0 1014 3 506062767
2 2008 2775
1 0 2119 3 951286575
1 1 1365 2 679485714
1 1 1840 3 46752829
1 1 3804 1 126161292
1 1 914 2 768827597
1 1 670 3 116151824
1 1 2306 4 590303540
1 1 476 2 732987134
1 0 350 1 882444214
1 0 715 1 187750132
1 1 2309 2 722872694
2 812 743
1 0 1204 3 508101701
1 0 1010 2 960192039
2 407 980
1 0 1935 4 918559713
1 1 3003 4 583092317
1 0 2319 1 10185345
1 1 2320 1 241888099
1 1 567 4 746451995
1 1 3841 3 396436143
2 677 1334
1 0 2136 4 114352672
1 1 2079 2 204237099
2 3037 1277
2 3197 1240
1 0 1882 1 451021262
2 3736 3834
1 1 723 1 566427453
2 1328 182
1 0 2310 4 477414701
1 0 180 2 608399597
1 0 83 3 75403085
1 0 993 1 935344154
1 0 3368 3 298397982
1 1 1105 4 982533989
1 0 2894 3 447099543
1 1 761 4 880056398
1 1 916 3 119986489
1 0 3829 2 321339445
1 0 1553 4 408915812
1 0 3498 1 699368376
2 3994 1332
1 1 2647 3 887336346
1 0 3210 3 764617283
1 0 1495 3 420466582
1 1 1409 2 220747740
2 2583 394
1 1 2750 2 630609057
1 1 3175 1 609075918
1 1 2097 4 904809524
1 0 3144 4 973265284
1 1 3186 2 963958363
2 595 1548
1 1 2964 4 641060
1 0 349 2 19578306
2 3722 888
1 0 1715 2 553867832
1 1 2706 1 987743805
1 1 3056 1 469602800
1 1 2471 4 940266574
2 3007 1298
1 0 2593 2 453892105
1 0 1217 1 717836461
1 0 3120 1 202984428
2 307 679
2 2310 1641
1 1 1746 1 677446922
1 0 3 4 908939781
2 625 2197
1 0 1422 2 802330910
1 0 3232 3 638929622
1 1 1051 3 441846335
1 1 1641 3 523642759
1 0 2116 1 233512115
1 1 2973 3 10568840
2 3103 595
1 1 2356 1 901348711
1 0 2405 2 466789138
1 1 2068 1 51031542
1 1 2910 1 869431536
1 1 474 1 908573257
1 1 185 2 203670184
1 1 1140 4 342136856
1 1 2407 3 191650090
1 0 643 2 861621857
1 0 1546 2 725292214
1 0 337 3 136135680
2 184 2766
1 0 3754 4 172358863
1 0 3833 3 994265867
1 1 3679 4 993599047
1 0 2827 2 823751405
1 0 486 1 995692142
1 1 3187 4 94084613
1 1 647 2 857084793
1 1 1977 3 497997983
1 1 2753 3 7258430
1 0 3257 1 224231303
2 3413 2750
2 1995 3502
1 0 175 3 419500855
1 0 3976 2 519203793
1 1 166 4 615085282
1 0 3150 4 351126831
1 0 296 4 7907731
1 0 3748 1 470068888
1 0 2160 1 239481773
1 0 2735 1 674899964
1 0 2387 2 439588669
1 0 1426 3 391405393
1 1 1394 4 381897227
1 1 1841 4 977123737
1 0 670 2 532287820
1 0 2360 1 53264175
1 1 2 1 998070614
2 3229 401
1 1 3077 3 266173937
2 2417 3665
1 1 1837 4 334543077
1 1 3729 2 696244748
1 0 3554 1 178455299
1 0 2557 3 110520915
1 1 1462 4 933673210
1 1 321 4 290970657
1 1 1905 2 791678788
2 1911 546
1 1 3295 3 945769097
2 2303 2306
1 0 3973 4 530131224
1 1 820 3 368895
1 0 3034 4 129421211
1 1 1768 1 418503874
1 1 2085 3 665811414
2 3241 2377
1 0 2072 1 497989968
2 1494 3665
1 1 1928 1 976577778
1 1 3945 1 644897712
1 0 2593 3 529076726
2 3741 531
2 224 3307
2 233 1421
1 1 108 1 55602474
1 1 937 3 70838841
2 1372 3036
1 0 308 1 119119034
1 1 2184 3 42984003
2 2540 3864
1 1 329 3 730832401
1 0 3179 1 128370196
2 95 1187
1 1 3272 2 106480311
1 1 296 4 236150497
2 924 2876
2 371 3850
1 1 1376 4 379210633
1 1 23 2 618450392
1 1 509 3 397475443
1 0 3838 2 585996792
2 1435 171
1 1 1654 1 477188746
1 1 2228 4 732950095
1 0 1443 2 770928969
1 0 1968 3 606631613
1 0 1601 3 28881926
1 0 29 2 206305524
1 1 1475 3 900842978
1 1 1112 4 11843950
1 1 3297 1 872318296
2 3980 3177
1 0 3192 2 824399425
1 1 3609 4 256830355
1 1 29 4 318983597
1 0 3843 4 10273541
1 1 938 4 954480675
1 1 992 1 455161301
1 1 149 2 664673971
1 0 54 4 499480689
1 1 2807 3 489800947
1 1 3704 3 668544433
1 0 2620 1 965162678
1 1 3862 1 796056641
1 0 2073 1 955769160
1 0 3183 3 908415625
1 0 1278 2 966525496
1 0 656 2 492013848
1 0 147 2 509583986
2 708 2931
1 1 3154 1 569363773
1 0 1528 4 503063682
1 1 614 4 964491963
1 1 2670 3 754672558
1 0 2151 4 218444862
1 1 3530 3 134486643
1 1 123 4 32971587
1 1 3085 2 896764748
2 3626 1680
1 1 333 4 630557218
1 1 346 3 995291053
1 1 2559 1 920742762
2 377 3100
1 0 3353 4 313628106
1 0 881 4 54106127
1 1 1624 2 182795609
1 0 1908 1 628356779
1 0 39 4 390601281
1 1 3655 1 703601796
1 1 2738 3 508338776
1 0 1147 4 656148708
1 1 640 2 360890385
1 1 1551 3 214468512
1 1 665 4 423479559
1 0 255 4 535531134
1 1 507 2 155980717
1 1 57 2 826281253
2 3282 3945
2 1065 2901
1 1 2775 2 59700805
1 0 3605 4 551375289
1 0 1463 1 423934920
1 1 1217 1 497750184
1 0 3677 2 261166366
1 0 3386 1 172354106
1 0 3879 2 72866333
1 1 3727 1 77880616
1 1 726 3 90206573
1 1 1710 1 580565623
2 1465 204
1 1 468 1 64778519
2 2311 712
1 0 3702 3 89646033
1 1 22 2 174295999
1 1 1358 2 154700689
1 1 3578 2 152782114
1 1 1333 2 774849393
2 854 3339
1 1 105 1 189452481
1 0 920 3 962691108
2 3915 3117
1 1 1323 4 971826724
1 1 1574 2 40574173
1 0 958 2 97318574
2 275 795
1 0 3554 1 2832917
1 1 1268 1 621875149
1 1 2181 1 516227093
1 0 3221 1 930521816
1 0 385 4 670557443
1 0 1791 3 617112297
2 2751 3817
2 2978 3886
1 0 2541 4 878966946
2 346 1431
1 1 1178 4 945308541
1 0 9 3 444859319
1 1 3553 3 553949123
1 0 257 4 58085824
1 1 2783 1 471660680
2 3224 1365
1 0 190 1 535426146
1 0 3739 2 45789884
1 1 1537 3 514555968
1 0 2640 3 720072388
2 750 3539
2 2908 1915
1 1 2989 3 946013306
1 0 1124 4 958906531
1 1 1115 4 615251371
2 2850 3319
1 1 941 3 229362796
2 1665 1717
1 1 123 2 278184750
1 0 352 4 271633092
2 3078 360
1 1 898 4 858788787
1 0 1613 1 103599794
1 0 835 3 537534829
1 0 299 3 929517968
1 0 3585 1 104084503
2 2275 3287
2 3664 2655
1 0 3423 3 647596835
1 1 2509 3 778330943
1 0 2754 3 562539584
1 0 1311 1 377334584
2 436 325
2 2067 1595
1 0 810 4 323885713
1 0 224 2 431542800
1 0 1492 2 349332596
1 0 1927 4 471324142
1 0 1166 4 185881620
1 0 754 1 8042727
2 2756 3029
2 34 612
1 0 1913 2 48661084
1 0 2107 3 832718066
1 0 3598 3 642777856
2 3894 3041
1 1 1483 3 614077817
1 0 1446 3 950366998
1 1 2363 3 547723447
1 0 2202 3 899816545
1 0 2045 2 240551029
2 1995 2848
1 1 3013 1 135374483
1 1 1089 3 961517821
1 1 1459 4 833203916
2 3307 2016
1 0 3370 3 143694107
1 1 104 3 912978573
1 1 2571 2 152259130
1 1 1147 1 278881750
2 2891 551
2 1465 2137
1 1 458 1 21626996
1 1 227 2 328823532
1 0 3115 2 383469456
2 267 2719
1 1 1242 3 318164771
1 1 2419 1 974274684
1 1 2663 1 233072071
1 0 1768 4 477609895
1 1 2555 4 727510074
2 3463 564
1 1 1593 3 762290277
1 0 1048 1 466918346
1 1 1933 3 103282530
1 0 3663 4 954738614
1 0 3466 1 727908253
1 0 1742 2 121523351
1 1 465 3 503222752
1 0 75 2 405535031
1 0 2054 3 863756955
1 0 3286 1 767272991
1 1 248 1 278001530
2 391 164
1 0 642 1 394848217
2 3346 1778
1 1 2192 2 581476236
1 0 2573 3 965265451
1 0 2949 1 525628416
1 1 3455 2 768007789
1 1 2957 4 700941916
1 1 2708 3 394086240
1 1 3296 2 944589450
1 1 1231 1 628744580
1 1 2217 4 454552099
1 0 3025 4 117232693
1 0 252 2 676488031
2 3993 2868
1 1 1221 1 254579492
1 0 129 1 916568695
1 1 130 3 838480867
1 0 2725 1 628969018
1 1 3536 1 75322081
1 1 1907 4 474877279
1 1 63 3 175694946
2 2979 3043
1 0 176 3 539891712
1 0 1267 1 195413345
1 0 3621 2 55953115
2 3276 3761
1 0 421 3 989696774
2 3194 2293
1 1 3361 3 201057616
1 1 2006 3 905810145
2 215 653
1 1 3653 3 794662006
1 0 1096 3 605637998
1 0 1314 4 45858191
1 1 945 3 979116696
1 1 1406 3 97974901
1 1 1196 3 157065270
2 2556 2214
1 1 387 2 94399502
2 2985 3009
2 1972 2144
1 1 612 2 245973889
1 1 3144 3 449947773
1 0 175 4 543551913
1 0 1493 4 498049905
1 1 2764 3 755780863
1 1 1137 3 940063823
1 0 1817 1 404433565
1 1 1120 2 416090681
2 846 1431
1 0 2786 2 332955150
1 1 63 2 701277973
2 1602 34
1 1 1880 3 730801456
1 1 411 4 932055876
1 0 2225 1 764475806
1 1 1883 3 652095697
1 0 3602 4 680380655
1 1 1718 2 791233653
1 1 2200 2 509159452
1 1 1383 4 38625562
1 1 1731 3 544618568
1 1 393 1 342676957
1 0 1699 4 666531970
1 0 2249 2 346271379
1 1 1049 2 595589255
1 0 3999 4 774035361
1 1 1062 1 908486731
1 1 825 2 216338171
1 0 2674 4 506567699
1 1 1502 1 645278194
1 1 2806 1 681509845
1 0 1944 2 105370075
2 1613 2679
1 0 1714 1 265596898
1 0 2244 1 42842713
2 3464 2341
1 1 966 3 908402849
1 1 2500 4 875900353
1 0 1863 1 530168582
1 1 166 2 554340864
2 2786 1812
1 1 102 4 64550308
1 0 1505 4 299367241
1 1 2683 3 704737640
1 0 2305 3 261034955
1 0 1093 4 287424713
2 2623 568
1 1 809 4 971644749
2 3906 708
2 3422 339
2 711 3493
2 2612 873
1 1 3668 4 343535232
1 0 1003 1 174060876
1 1 3416 2 669743377
1 1 3688 1 764923887
1 1 1079 3 798261476
1 0 42 4 476928685
1 0 2072 2 529111214
1 1 662 1 579484458
1 0 2725 1 813450545
2 3642 1419
1 1 3682 3 223486757
1 0 191 4 62210738
2 2829 2388
1 0 1426 3 918747952
1 0 89 4 43372931
1 0 1541 4 493335277
1 0 571 4 488052892
1 0 3593 4 374940901
1 0 3347 4 654174508
1 1 2672 2 827106961
1 1 738 4 996509870
1 1 80 2 545101890
2 1361 2913
1 0 2962 3 797810226
1 1 3442 2 70593625
1 1 2885 2 218788151
1 0 2325 4 811452725
1 1 152 3 168923424
1 0 2444 2 582991208
1 0 1411 2 76022562
2 3912 2133
1 1 550 2 745421530
1 0 2533 2 564698227
1 0 2396 3 523281835
1 1 3835 2 584483244
2 581 1670
1 0 1915 3 571430945
1 1 2012 2 71018867
2 1791 56
1 1 1623 3 308626304
2 283 1554
1 1 1860 4 798015362
1 0 2558 2 679716702
1 1 2345 1 588499100
1 1 1497 3 46312204
1 0 3599 3 728987974
1 0 1002 1 230282054
1 0 2002 4 852988315
1 0 2352 1 476755633
2 2152 659
2 3263 3656
2 3339 223
2 2006 1451
1 1 2888 2 909533659
1 0 823 2 726754228
1 1 1878 1 724831114
1 0 3353 1 604111314
1 1 829 3 158758050
1 1 3909 3 594424905
1 0 880 4 185307504
1 0 3523 1 812692580
1 0 1948 1 170659347
1 1 3309 2 515230105
1 0 1573 3 993997989
1 1 1283 3 26520627
1 0 3712 3 853388324
2 2289 3122
1 0 3769 4 617066937
1 0 1265 1 334240113
1 1 305 3 918979530
1 1 1996 4 645557912
2 3711 482
1 0 472 2 287795149
1 1 324 4 474477728
1 1 3428 2 102254177
2 3262 766
1 1 1933 1 302344878
1 1 1289 2 924235514
1 0 2959 4 606830503
1 0 2966 2 58569916
1 0 1525 3 588687756
1 0 1761 2 197221317
1 0 1852 3 206429966
2 774 3000
1 0 3563 1 69843952
1 0 3847 4 580124369
1 1 2978 4 105613309
1 0 3529 2 438011381
1 1 523 3 968720443
1 1 3556 1 984639680
1 1 3579 2 305424547
1 1 2236 4 350441229
1 1 2953 1 377979611
1 1 3697 4 68652954
1 1 787 4 856180155
1 0 3157 1 48244145
2 3676 3836
1 1 462 3 58749882
1 0 2599 4 786130278
2 419 32
2 1028 3336
2 669 835
1 0 3201 1 299804753
1 1 1904 1 223432149
2 2878 192
1 1 2145 2 193798165
2 3989 2870
1 1 1754 4 919753776
1 1 2656 1 369447653
1 0 583 4 211460679
2 1558 2556
1 0 1411 4 330426710
2 3271 1927
1 0 1715 3 83923438
1 1 3742 4 337094925
1 1 1440 3 486186795
1 1 2905 2 593946260
1 1 1564 3 944186403
1 0 2114 3 622571743
1 1 1467 4 882098051
1 0 717 3 163019239
1 0 1000 1 614777271
2 40 2993
2 994 1352
1 1 1969 3 282599201
1 1 1920 2 745987855
2 1072 76
2 1835 2907
2 641 2424
1 0 16 3 253053965
2 593 2481
1 0 2506 3 458001359
1 1 3506 1 149515773
1 1 2751 2 480068955
2 465 3194
1 0 441 1 790814772
2 3701 2948
1 1 1281 4 183466916
1 1 3115 1 365831707
1 0 2871 3 667936020
2 3816 1553
1 0 2114 3 694455399
1 0 708 1 721079361
1 1 591 3 446813493
1 1 2256 1 830770577
1 1 1613 1 111663381
2 2808 2275
1 1 2243 3 42493138
2 3396 3365
1 1 831 3 772289830
1 1 664 3 482362769
1 1 1477 3 418080323
1 0 559 3 307314551
1 0 2843 4 734607985
1 0 890 3 416729436
1 0 1690 2 443888184
1 0 65 4 671592550
1 0 2826 2 848959920
1 1 1411 2 964836711
2 888 2767
1 0 3968 1 760464987
2 3891 1451
1 0 2382 3 964938692
2 3086 3277
1 0 1775 1 421821793
2 3317 199
1 0 3204 2 650630395
1 1 3546 4 991579291
2 3913 205
1 0 3264 2 378791890
1 0 1457 1 388015726
1 1 1897 2 211721036
1 0 1100 1 193833132
1 1 3015 2 383448774
1 0 1011 3 154220404
1 0 1931 1 386728054
1 0 1336 2 885624198
1 1 1273 3 266204049
1 0 2450 4 696934593
1 1 2719 2 571170516
1 1 2277 4 942291501
1 1 1797 4 581285455
1 0 2199 3 498458235
1 0 776 1 522220171
1 0 1449 2 183755341
1 0 2333 1 22718803
1 1 2699 4 727935966
1 1 3651 1 884686816
2 3224 1414
1 1 2606 1 493034039
1 1 2587 3 70457368
1 1 989 2 985819146
1 0 3184 3 590472962
1 0 3587 4 185982008
1 0 280 1 256608118
2 3294 3613
1 0 3641 3 760667110
2 2998 604
1 0 3729 2 630988950
1 0 1424 3 497118270
1 1 530 1 228277687
1 1 2707 2 657009725
1 0 3101 3 203241647
1 0 2999 4 931004124
2 132 2886
1 1 2122 4 640490095
1 0 939 1 212676852
1 0 3848 2 691472960
1 0 2564 4 515641251
1 0 2192 2 691555896
1 0 3262 3 380370640
1 0 1481 2 991946343
1 1 3890 4 696895387
1 1 1241 1 294884996
1 1 431 1 172847021
1 1 1433 3 604377774
1 1 1009 3 530549883
2 2348 651
2 729 928
1 1 2571 2 565832855
1 1 1669 2 139457001
2 1307 3084
2 1237 3790
1 1 2524 3 474733325
1 0 2912 2 484653690
2 1336 3522
1 1 319 3 128574006
1 0 3360 4 634892885
1 0 1437 2 32303293
1 0 1971 1 413255092
2 3964 1993
1 0 295 3 300217359
1 0 3956 3 935185197
1 0 832 4 345922913
1 0 3326 4 505179631
1 1 2893 3 992751390
1 1 1589 4 85853008
1 1 794 2 26233017
1 0 2230 2 258450090
1 0 275 3 244784935
1 0 2964 4 649695245
1 0 3136 1 87848136
1 1 1481 3 761819356
1 0 3235 3 291336963
1 1 3318 1 177412855
2 3201 2165
1 1 1092 4 600308144
1 0 3147 2 97872880
1 0 2010 2 451213860
1 0 1586 3 741911595
1 1 2066 4 102466105
1 0 3340 1 215738241
1 0 2063 4 851386732
1 1 929 1 557938507
2 1223 3809
1 0 481 2 934477508
1 1 1256 2 971891227
1 0 633 1 203310517
1 1 1629 2 16783920
2 2654 3720
2 370 1108
1 0 329 3 660844395
1 1 2503 3 354496471
1 0 1934 2 840076596
1 1 1060 1 815744650
2 319 694
2 2359 2698
1 1 1837 4 691770092
2 1962 3304
1 1 726 4 687921018
2 3428 1034
1 0 336 2 424490691
1 0 3959 2 317520467
1 0 3100 1 753159689
1 1 800 4 100843534
1 0 631 1 777388087
1 1 3314 3 459917494
1 0 311 3 485692045
1 1 504 2 38434154
2 1353 1092
1 1 345 2 152955528
1 1 3954 4 884745340
1 0 563 2 909587932
1 1 1176 1 664930287
2 2079 1508
2 2426 125
1 0 868 1 347679366
1 1 2128 3 775394742
2 1142 2375
1 0 2620 4 973883565
1 0 3373 4 383112125
1 0 2540 2 746984411
1 0 471 2 10027334
2 3412 2377
1 1 3867 2 456501426
2 3581 1420
2 1229 3778
1 1 1939 4 316453326
1 1 3026 1 519462073
2 3491 2827
1 1 70 1 162861499
1 0 2442 2 513308651
1 1 2865 1 939312221
1 0 332 2 362935859
2 1755 1717
1 1 759 4 394667986
1 1 765 2 143846729
1 1 3787 4 439987760
1 1 1376 2 562525831
1 0 2051 1 506908390
2 2562 1824
1 1 2501 3 505352332
1 0 2508 3 953543567
1 1 3049 2 398251852
2 3974 377
1 1 1174 2 535134954
1 1 1155 2 509403189
1 0 1912 2 910058469
1 1 1202 2 919547142
1 0 1977 1 971136812
2 620 2159
2 311 1426
1 1 1085 4 34307776
1 1 243 4 859662278
1 0 2078 2 946036117
1 0 637 1 338967599
1 0 2966 3 605431491
1 0 2781 3 195152717
1 0 54 3 800737206
1 0 1484 3 1804691
1 1 1502 4 590130748
1 1 2241 2 567469309
1 0 1290 3 33632683
2 1752 1766
1 1 820 4 798606390
1 1 2486 3 431600600
1 1 1135 2 246196569
1 1 1599 3 888882644
1 0 2951 2 708899227
1 1 2528 1 843309168
2 3878 2384
2 3055 3304
1 0 3781 4 571821463
1 1 3832 2 499030879
1 0 2625 2 581238254
1 1 3715 4 896477
1 1 409 4 6364136
1 0 1009 3 131458167
1 0 1823 3 146330208
1 0 925 4 582192644
1 0 3737 3 117425682
1 1 3477 1 78327331
1 1 1153 1 628243966
1 0 2317 3 663472108
1 0 428 2 477174609
1 0 894 2 534907433
2 3195 3935
1 1 3435 3 850749449
1 0 1377 2 417345808
2 1265 2110
2 464 3369
1 0 3602 4 471552686
1 1 1402 1 322093133
1 0 667 3 973750147
2 2532 2816
1 0 335 1 559668950
1 0 2008 1 567387785
2 2421 3648
1 1 3841 4 759955606
2 216 2168
2 1037 1224
1 1 2910 3 537784121
1 0 3782 3 63930571
1 0 2470 3 72118486
1 1 413 4 272718598
1 1 1012 1 789325196
1 1 2008 4 81873265
1 0 2488 4 302161892
2 3190 932
2 361 361
1 1 1357 4 425945064
1 0 2711 1 100556602
1 0 2672 3 981598
1 0 2605 3 10279170
1 1 1927 2 523777513
1 1 1690 2 209876672
1 1 2019 1 172800778
2 2734 3614
1 1 3109 3 834337294
1 0 3757 2 202466501
1 0 3394 1 76898004
2 2486 3539
2 1906 3585
1 0 1427 3 891696416
1 0 1598 1 669861724
1 1 814 4 65346637
1 1 978 2 18483623
1 1 849 2 361260692
1 1 1096 2 158313215
1 0 3465 4 833524184
1 1 950 4 362477976
1 0 1087 3 929027355
2 1052 812
1 0 190 2 587456143
1 1 3232 1 937628073
1 1 1292 3 627660202
1 0 3051 4 631587294
1 0 1683 2 802437605
1 1 1962 1 238673121
1 1 1914 1 610988949
1 1 2696 3 318531566
2 2245 3625
1 1 3833 1 850889175
2 41 1032
1 1 2931 2 370768557
1 1 2564 3 817924607
1 0 1450 1 240414023
2 3175 2411
1 1 3354 2 471646301
1 1 59 2 137814240
1 0 154 4 317096270
1 1 3055 1 415409105
1 0 2385 1 364364641
1 1 704 3 146009177
2 1019 3388
1 1 2839 4 308840973
1 0 2347 2 90930190
1 1 704 3 860477797
2 800 56
1 1 2506 3 141661905
1 1 3810 1 959802065
1 1 1142 2 796204299
2 2394 1026
1 0 549 3 191305897
1 0 1232 2 44088171
1 0 2840 3 994860199
1 0 780 4 451778750
1 0 1801 2 951106454
1 0 2582 1 644452661
1 1 3452 1 237240563
1 1 1526 4 871794342
1 0 2105 3 899815653
1 1 565 3 665525209
1 0 1646 3 399356675
1 0 3011 3 138409949
1 0 1444 4 596437787
1 1 2286 1 299697416
1 1 992 2 436358367
1 1 3941 4 45646876
1 0 3051 2 24457837
2 3211 1166
1 1 1726 1 196568370
1 1 2717 4 251010021
1 0 3762 3 176387420
1 1 2942 4 503877031
1 0 3119 2 114974868
1 0 2447 3 893647464
2 2825 671
1 0 2095 1 639002842
1 0 3995 3 764018322
1 1 3986 3 272169912
2 1593 600
1 1 119 3 656559375
1 1 2894 2 245405626
1 0 1510 3 482146376
1 1 3941 2 82497388
2 113 277
1 0 509 1 503877774
1 0 2930 2 637047943
1 1 1931 2 31073990
1 1 1708 4 710341170
1 1 2431 2 535609584
2 934 583
2 1658 1216
1 0 2978 3 766519491
1 0 794 1 594011848
1 1 3029 2 164598822
1 1 3578 3 419674319
2 3145 1178
1 0 877 3 37387544
1 1 2327 3 250288438
1 1 3706 1 354673590
1 0 1190 4 195701145
1 1 1174 1 278458903
2 2418 3439
2 2123 2359
1 0 3345 4 954653345
2 3543 2031
1 0 1971 3 488092962
1 0 3738 1 641421980
1 0 1452 4 894899254
1 0 3628 2 578026338
2 1577 3528
1 1 1281 1 782057532
2 383 2873
1 1 497 3 832004084
1 1 3836 4 183001019
1 0 3487 4 190758074
1 1 3292 4 624023088
1 0 3967 1 798558696
1 0 3210 3 257708737
1 1 3593 3 153603486
1 1 2241 2 212888657
1 1 283 4 659893352
1 1 3802 4 230838806
1 0 2657 2 793834309
1 0 2525 1 287185574
1 0 783 2 27240683
1 0 747 2 901513639
1 0 3271 4 29383924
1 0 3008 4 25208909
2 2526 1644
1 0 606 2 276257247
1 0 3055 4 594686107
1 1 426 4 139313698
1 0 3010 4 490643909
1 0 1219 4 81198129
1 1 3576 4 163444567
1 0 2066 4 523813550
2 1744 1181
2 2601 2547
2 1844 2755
1 1 1205 3 564026843
1 1 694 2 52108108
2 234 3338
1 1 2373 1 905828060
1 1 2753 2 292037873
1 0 59 2 925069089
1 0 2619 3 482881925
1 0 2882 2 70190925
1 1 276 1 666004826
1 1 3304 1 326754399
1 0 1266 4 819503928
2 3561 804
1 1 690 1 461808239
1 1 1703 2 762361095
1 1 1813 3 381558843
1 1 1394 4 404271845
1 1 2528 3 493868686
1 0 450 3 962321739
1 0 3029 1 433740901
1 0 2514 1 290925638
1 1 314 3 837358445
1 1 3675 3 320046686
1 1 2897 1 321100980
2 2447 1943
1 0 1393 3 434061340
2 28 33
1 0 3646 4 477443173
1 0 2612 2 115368969
1 1 1828 2 885222595
1 1 651 3 419333563
1 0 480 3 65571943
2 3280 1892
1 1 1345 3 144754933
1 1 2416 2 724103930
1 1 1309 3 858449293
2 115 2168
1 0 3444 3 276084465
1 1 9 1 267361102
1 0 3038 4 804349358
1 0 172 2 848942617
1 0 1350 4 430984467
1 1 3166 1 827471701
1 1 3624 2 524121853
1 1 1266 2 673104465
1 1 1481 1 137463159
1 0 2023 2 85742149
1 1 1582 2 240386922
1 0 1675 4 899827677
1 1 2863 2 397342155
1 1 76 4 829451222
2 57 3640
1 1 258 1 908546046
1 1 1462 2 373803669
1 0 1357 4 720563223
2 1224 11
1 0 2340 1 540065583
1 1 103 2 822241334
1 0 249 2 94102898
1 1 1403 4 241626948
2 574 3145
1 1 1296 2 314231168
1 0 2942 2 601807284
1 1 298 4 39582678
2 223 2383
2 2940 2322
1 0 2800 4 812578428
1 1 1100 2 342318834
1 0 721 4 25673293
1 0 3549 1 856285381
1 0 3391 4 299964363
1 0 2283 3 311542145
1 0 5 1 58708395
1 1 1113 1 719433047
2 2615 776
2 3149 2717
2 1447 3799
1 1 2415 3 290227354
1 1 1430 2 347704761
1 0 3393 3 317380084
1 1 141 2 627431398
2 950 2955
2 3755 3529
2 30 547
1 1 242 3 881093619
1 1 2978 3 152893054
1 1 1443 2 917036253
1 0 2747 3 883491528
1 0 1092 4 655335079
2 2496 3067
1 0 1183 1 558629574
1 0 3834 3 811755249
1 0 1996 4 165721362
1 1 1167 2 203228247
1 1 2574 1 720923077
2 2197 3748
2 3234 950
2 9 3357
1 1 94 3 744018244
1 0 240 4 183066378
2 2143 1678
1 1 721 1 732849120
1 0 1464 3 243121528
1 0 1498 2 379830528
1 0 3058 3 119996436
1 0 2300 1 373947160
1 0 760 4 956647763
1 1 524 4 685716929
1 1 957 3 356341231
1 1 2700 4 357920887
2 1479 930
1 1 902 2 383950910
2 3892 1527
1 1 469 3 434996898
1 0 3673 2 460314887
1 1 814 1 20641713
2 1785 1122
1 1 725 3 582022258
1 1 937 1 161105320
1 1 3060 4 208618532
1 1 1166 3 304367608
1 1 510 1 513559826
1 0 133 3 789188949
1 1 286 4 245833709
1 1 3131 3 574741911
1 0 292 4 558128767
1 0 930 1 291742175
2 2898 2282
1 0 1293 2 122449725
2 145 809
1 1 2275 2 580277849
1 0 3075 1 330697600
1 1 1613 2 988169770
1 1 3321 4 530554916
1 1 2317 2 330427265
1 1 1970 4 472017445
1 0 2640 1 997943208
1 0 1242 3 442021209
1 0 3206 1 989811993
2 2532 2760
1 1 2516 4 180648231
1 1 1883 1 10856805
2 656 676
1 1 930 4 657823488
2 3821 1036
1 1 3735 3 308772990
2 904 753
1 1 1169 3 772486227
1 1 69 2 280017893
1 0 1562 3 245639309
2 2602 1979
1 1 381 1 448620231
1 0 3581 3 564279606
2 1288 1221
1 1 359 3 461559428
1 0 230 4 884179547
1 0 3240 1 292517354
1 0 1663 2 927867961
2 1261 1576
1 1 707 2 267929384
1 0 343 4 713485846
1 1 3611 1 335445903
1 0 1238 2 424506632
2 2537 2258
2 646 3953
2 3279 189
1 0 3128 4 716480870
1 1 2416 2 724377753
1 0 2423 3 140689311
2 648 2568
1 0 3197 3 894364578
1 0 641 3 313523106
1 1 3176 1 889408064
1 1 1011 3 294579734
2 73 1971
1 0 3664 2 779404283
1 0 1928 4 952754534
1 0 2978 4 979957563
1 0 1015 3 660155515
1 1 446 1 602381177
1 0 1107 3 28946727
1 1 1607 4 202639352
2 3370 39
1 0 2977 4 252532568
1 1 3230 4 837569509
1 0 619 1 137486867
1 1 3640 3 100810524
1 0 1289 3 464287040
1 1 2832 2 763221359
1 0 3256 4 971434133
1 1 2950 4 605051136
1 1 1707 1 108343917
1 1 3819 1 726306015
2 1994 2667
1 0 3373 3 13040969
1 0 3986 3 126768919
1 1 2236 2 481882600
2 3797 1879
1 0 1647 4 604814894
2 2654 1905
1 0 3178 4 765211260
1 1 3783 2 16195625
1 0 2724 2 888210992
1 1 1252 2 687063806
1 0 1641 1 313084753
2 2702 2725
1 0 973 2 869169207
1 1 3884 2 879065474
1 1 2386 3 541132297
1 0 3073 2 642929795
1 0 3216 1 19576634
1 1 967 4 269714507
2 232 2894
2 2368 2109
2 1526 1652
1 0 2714 1 108625636
1 1 1049 1 216297833
2 355 3218
2 3075 2663
1 1 1889 3 569260665
1 1 2146 2 171389273
1 0 1319 3 395458209
1 0 2055 4 196136229
2 2342 2639
1 1 3457 4 770579458
1 1 521 1 37465204
1 1 2526 4 763534716
1 0 339 2 655496180
2 333 3557
1 0 665 4 578883688
2 1002 2453
2 2557 110
2 2164 2025
1 0 1698 2 340964797
1 0 2976 4 552452269
1 0 2665 3 182943327
1 1 2422 3 995582473
1 1 889 4 361546074
1 0 2673 2 231411503
1 0 690 2 268974756
1 0 3711 3 634560631
1 1 865 4 945462502
1 0 2910 3 489136321
1 0 1416 1 277667139
1 0 728 4 158576668
2 1408 2524
1 1 2780 4 619148823
2 1673 2374
1 1 2040 1 105064756
1 1 3464 1 18611104
1 0 1249 1 376582406
1 1 1362 3 733310153
1 1 1801 4 996306629
1 0 2065 3 33384225
1 0 2422 1 130770653
1 0 1176 3 897612297
1 1 3574 1 190513042
1 0 1316 1 652788539
2 3397 2951
1 0 2755 1 298351101
1 1 1235 4 109968184
1 0 2867 4 918698520
1 1 1532 4 92948620
1 1 648 4 505950808
1 1 2776 4 599951427
1 0 57 3 413679382
1 0 2164 3 525762479
2 1807 2478
2 920 230
1 1 1791 3 543023430
1 0 63 3 164974582
1 0 1062 4 542575049
1 0 2482 1 264100682
2 775 3783
1 1 3391 2 4967155
1 1 1997 2 720573716
1 0 3530 2 797762218
2 3079 1815
2 599 2238
2 2900 1268
1 0 1945 3 829182685
1 0 2797 3 843242905
2 2069 1767
1 0 811 4 29774539
1 0 3414 3 256749076
1 1 3303 3 101622368
1 0 3725 3 983746288
2 2627 3830
1 0 3054 1 368131491
2 1882 2173
1 1 3247 4 412956480
2 2167 1031
1 0 502 4 227035429
1 0 518 4 826716984
1 0 3054 1 994098330
1 1 3529 3 679855360
2 3629 2337
2 3336 490
2 3849 1074
1 1 360 3 666374940
1 0 3566 4 677055089
2 2433 1003
2 2327 2005
1 1 1310 4 464547828
1 0 1086 1 170792974
1 0 881 2 557902067
1 0 2303 4 935340603
1 0 2575 4 170236083
1 0 223 4 549506488
1 0 655 2 733233323
2 2226 3939
1 0 3883 3 699040353
2 269 3922
1 1 2141 1 965264395
1 0 3572 4 694976356
1 0 3402 3 429914162
1 0 562 4 580648768
1 1 761 2 163197543
1 0 1005 2 673471453
2 1755 1855
1 0 1085 1 25136030
2 3859 2672
1 1 1142 4 965951366
1 0 2542 1 746571752
2 2006 2760
1 0 3220 1 928536294
1 0 822 3 396413653
1 1 1427 1 836989576
1 0 2833 1 650957638
2 3035 3160
1 1 2796 4 714768714
1 0 639 2 43950494
1 0 2885 3 757719600
1 1 883 4 19358926
1 0 3426 2 284372155
2 2002 3820
1 0 852 2 10797262
1 0 1078 2 122056811
1 1 2454 1 947143661
1 0 3114 3 54322344
1 1 3150 4 667980837
1 0 2359 3 536559237
1 0 194 1 437845201
2 331 2722
1 0 588 4 698208432
1 1 3609 1 59551175
2 3647 146
1 0 248 3 237987545
1 0 2127 2 662156221
1 1 2562 1 223944821
1 0 1402 2 746319895
1 0 3372 2 555765002
1 1 3971 3 573872905
1 0 648 3 752898500
1 1 767 4 786887799
1 0 2675 2 717348489
2 1090 1055
2 3605 1386
1 1 2348 2 601919520
2 3401 1146
1 0 2501 4 215167432
1 0 2271 1 19681997
1 1 1957 2 158330060
1 0 595 1 735862718
1 0 1097 4 784221949
1 0 562 1 488170580
1 0 1754 2 904130991
1 1 2631 3 358777866
2 2259 990
1 0 743 3 815123247
1 1 2315 2 242450743
1 0 2972 2 112399090
2 2286 905
1 0 1492 2 782252135
1 1 345 3 33213880
1 0 381 3 558712273
2 1232 2910
1 1 776 3 736663831
1 0 825 1 484667167
2 3525 2452
1 0 1053 1 157964339
1 0 1577 2 23124258
1 0 3315 3 906230286
1 0 2408 2 246292025
1 1 445 4 415107029
1 0 2784 4 722671674
1 1 3077 3 799102219
2 2904 3154
1 1 3972 3 134006279
1 1 3657 3 981127333
1 0 1440 1 619651784
2 1955 2959
1 1 3004 4 154852818
1 0 2048 4 179306179
2 2842 3113
1 1 426 2 517942224
1 1 2547 2 643327675
2 534 2608
1 0 1845 3 705300013
2 2710 2032
2 2674 3443
1 0 2533 3 791722593
1 1 2427 2 359341470
1 1 2394 2 423859078
1 1 2364 3 639952100
1 1 222 4 121172224
2 3529 3272
1 0 1018 3 267483986
1 1 3082 2 901366564
1 0 3923 1 785257063
1 1 1397 4 738338472
1 1 1758 2 42874345
1 0 2576 2 14956086
1 1 516 3 470766251
1 0 1715 4 794557218
1 1 1872 3 377552615
1 0 3405 4 583304978
1 1 1235 3 172471387
1 1 3134 1 88223969
1 0 2934 1 440441460
1 1 1176 1 677038076
1 1 1847 3 773344681
1 1 1320 1 481869550
1 1 2789 4 104742219
1 0 1619 1 866914217
2 33 464
1 0 1407 4 860604500
1 1 1470 3 800721915
1 1 2952 4 206228039
1 0 58 3 924938613
1 0 169 3 708096949
2 1925 796
1 0 1259 1 288307434
1 0 846 3 931514937
1 1 3072 3 31783252
2 2012 2182
1 1 1661 2 336561146
1 1 516 3 116796690
2 40 3344
1 1 3834 2 932966600
1 1 1600 3 651952552
2 63 3635
1 0 962 3 976776058
2 1395 194
2 2596 1551
1 0 1438 4 577659878
2 1127 2891
2 1044 736
1 0 2656 1 822032679
1 0 2104 2 589584706
2 3945 2848
2 3363 2690
1 0 2615 1 941536782
2 2171 468
2 1990 1170
2 2816 1379
1 0 91 3 471359692
1 1 3721 4 593829647
1 1 3638 1 536474264
1 0 65 3 631376853
1 0 571 4 841152596
1 0 3338 4 149051359
1 1 2469 2 361526718
1 0 2425 4 473876328
1 1 771 2 227899626
2 2415 2206
2 1799 3580
1 1 1772 4 320647160
1 0 597 2 482235900
1 1 3677 3 721515902
1 1 2988 3 855919202
1 0 1298 1 474888400
2 1687 1386
1 1 2038 4 189301583
1 1 707 3 179727286
1 1 1421 1 377608262
1 0 979 1 452296209
1 1 2429 3 655500810
1 0 3902 1 117833744
1 0 1557 4 696229416
1 1 1138 1 90462958
1 1 2520 2 496571126
1 1 3996 4 851413323
1 0 2557 2 259389856
1 1 2339 4 254365251
1 1 173 4 418689537
2 3339 2312
2 174 849
1 1 1342 4 234847139
1 1 2582 4 155201877
1 1 627 4 865107139
1 0 140 1 2679379
1 1 3641 2 802194498
1 1 1578 4 732236096
1 1 3461 4 838654281
1 0 2659 3 885611280
2 2726 859
2 830 1007
1 0 30 2 963799559
1 0 3598 1 60753784
2 476 1247
2 2881 3271
1 1 2318 3 524289966
1 1 2357 2 792178610
2 77 877
1 0 2247 2 979346030
2 3387 120
1 0 429 3 370742008
1 1 574 3 118951887
1 1 2921 4 449747891
1 0 2874 3 213643015
2 3311 751
1 1 169 3 505427049
2 3047 2209
2 3416 2064
1 1 883 1 885064714
2 1922 426
2 3460 2778
1 0 3910 4 464949372
1 1 242 3 615804554
1 0 340 1 433993782
1 1 3360 2 479478442
1 1 3175 3 178517953
1 0 2112 4 576037183
1 1 2824 3 359654925
1 1 3151 1 735442211
1 1 149 2 19970307
1 1 1989 1 318519337
1 0 3190 4 9930573
1 0 2145 2 101319799
1 0 139 4 737752511
1 1 967 1 235504837
1 1 2492 2 363832605
1 1 3036 1 749715677
2 3821 1082
1 1 409 4 742273886
1 0 2460 1 241192970
1 0 3336 2 341240672
1 1 57 2 963057864
1 1 2422 4 430785762
1 0 3666 4 683159221
1 1 1365 4 657452127
1 0 955 1 562344628
2 2978 1014
1 0 1776 1 427682889
2 1785 2451
1 0 2393 1 80018934
1 1 299 3 832714842
1 0 3786 1 32709947
1 1 92 2 210572207
2 394 1566
1 0 631 4 78969702
2 1114 3182
1 1 2763 1 454289165
1 1 360 4 692298571
1 1 2284 1 536238062
1 0 1930 3 245224208
1 0 1774 3 906793181
1 0 1380 4 58376481
1 0 890 2 824685333
1 1 1453 2 398941276
1 0 2010 2 51980429
1 1 506 2 1835419
1 0 1708 1 573952936
1 0 3830 2 679004192
1 0 1821 3 359475990
1 1 3604 4 466918891
1 1 1820 3 112759536
1 0 3764 3 244185610
1 1 715 4 897728092
2 1236 547
1 0 3096 4 737096714
2 420 2162
2 1570 2028
1 0 2741 2 28242035
1 1 1355 2 337350
1 0 2947 3 193638494
1 0 3944 1 217035684
1 0 508 4 132472155
1 0 1758 1 304318794
1 0 1585 1 548085744
1 1 571 3 68071088
1 1 2954 4 823655985
2 3552 415
1 0 2227 3 165025304
1 1 3906 1 645228414
1 0 3809 2 72664935
1 1 3668 1 830180367
1 1 3098 2 294413604
1 1 578 4 904089769
1 0 2587 1 584490710
1 0 1053 2 672753077
1 0 2714 2 786468505
1 1 693 4 676895440
2 1286 889
1 0 3301 4 648015281
2 717 976
2 1337 3102
1 1 3771 1 229292778
1 1 2216 2 427924923
1 1 1052 4 5970953
1 0 1828 1 148050985
1 1 443 3 652382186
1 1 3433 3 725446882
2 1704 1185
1 1 3984 1 351353696
1 1 2278 4 237010167
1 0 1719 3 908120805
1 1 1430 2 442409690
1 1 831 4 322893761
1 0 2124 3 536128004
1 1 3685 2 782705134
1 1 894 4 835018788
1 0 460 1 422269727
1 0 3593 3 337054397
1 0 3481 1 648259812
1 1 2630 2 958216929
2 1407 3965
1 1 100 3 963782105
2 2329 3214
1 0 2630 4 765373600
1 1 2815 4 903599832
1 1 3018 1 293433692
2 2077 98
1 1 1848 1 489364705
1 1 3656 4 901322891
1 1 1222 2 395693574
1 0 3417 4 633448442
1 0 2141 4 118320850
1 1 898 1 429453486
1 0 924 2 633947687
1 0 2121 4 328620145
1 1 1103 3 491481452
1 0 3527 3 456267512
1 1 1206 1 448765374
1 0 1354 2 511414589
1 1 1368 4 867635319
1 1 3909 3 877175870
2 1143 3329
2 170 2049
1 1 1083 1 609728963
1 1 2145 3 556623706
1 0 1141 3 332262162
1 1 541 1 352183312
1 0 3224 4 437090451
1 0 26 4 687266106
1 0 2051 4 832900728
1 1 2720 1 557697600
2 1975 80
1 0 1686 4 828701570
1 1 1476 3 193590879
1 0 834 2 145326333
1 0 2018 3 212191692
2 3247 1801
1 1 2841 4 244375474
1 0 206 1 596725013
1 0 1709 2 294502316
1 0 3892 3 152711867
1 1 976 2 587095590
1 0 2358 4 380800176
1 1 1448 1 382280363
2 3918 1820
1 1 1088 4 421633480
1 0 3421 4 754933828
2 1321 1979
2 3156 3069
1 1 2539 4 364053987
1 1 2487 4 638207022
1 0 3014 1 76177492
1 0 1020 2 785690362
2 3505 338
1 1 3637 3 219978430
2 242 476
1 1 2490 2 874735600
1 1 1495 4 131120749
1 0 14 4 345040341
1 0 2959 3 3726302
1 0 357 3 194339528
1 1 1733 1 297195433
1 1 3941 4 138137462
1 0 3869 2 119352456
2 1967 3434
1 1 888 3 157456578
1 0 2337 2 308300269
2 1681 157
2 2893 1306
1 1 63 2 920257664
2 3318 3809
1 0 476 4 706877946
1 1 290 2 510867228
1 1 3824 3 229145301
1 1 2579 1 508426193
1 1 1399 3 675424199
1 1 1527 3 863782260
2 487 3744
2 2164 3564
1 0 2819 1 898775130
1 0 1922 4 661142667
1 0 3142 4 28765710
1 1 3970 2 81359537
1 0 367 3 495895639
1 0 3208 4 839778535
1 0 1193 3 185266003
1 0 736 2 535512973
2 1172 2630
1 0 3522 3 367742248
1 1 1351 3 877677268
1 1 2984 4 183740329
1 0 1225 3 827603205
1 0 3999 2 680346447
2 324 3913
1 0 942 4 329445729
1 0 420 2 220286711
2 2180 3994
1 1 56 4 235837958
1 0 1809 3 630610453
2 2160 2338
2 2990 3476
1 0 2734 3 483391800
1 0 3857 4 388856656
1 1 2735 3 893353059
2 1133 3880
2 2893 57
1 1 2755 4 686287485
2 3009 1815
1 0 571 3 18723976
2 2625 3591
2 700 2767
2 2060 2008
1 0 1363 2 781427395
1 1 3355 1 984550652
1 0 1569 1 927233575
1 0 3751 4 373958665
2 3698 1990
2 2736 3017
1 0 780 1 459563
1 0 3213 4 23787404
2 1734 3308
1 1 3347 4 130721245
1 0 179 1 942389854
1 0 2464 1 397101171
1 0 295 3 884836002
1 0 416 2 354476300
2 2223 481
1 1 609 3 526637282
1 0 498 1 472311863
2 688 1011
2 3883 497
1 0 3216 1 596435150
2 2972 2515
2 522 2876
2 216 1450
1 1 2536 3 184995684
1 1 3024 3 990236473
1 1 2769 3 932725828
2 3337 3960
1 0 3965 3 979276067
1 1 66 2 605152407
2 1080 1229
2 1398 2983
1 1 2232 4 499529382
1 1 1951 3 163524782
1 0 3429 1 202527541
1 1 2788 2 484012135
2 3694 42
1 1 3441 3 57156604
1 1 658 3 558042635
1 1 606 4 767952458
1 0 1193 3 676064541
2 3317 2532
1 1 1136 3 216779174
1 0 3883 1 236283769
1 0 1983 3 47350796
1 1 1277 4 594268514
1 0 946 1 27470330
1 0 3135 4 288000782
1 1 3107 3 200161461
1 1 809 1 684973478
1 0 3495 4 400363175
1 1 2964 1 312372777
1 1 1984 1 998271911
1 0 874 3 6955724
2 1796 1521
2 676 1513
1 0 1546 2 459372198
1 0 725 1 590448580
2 3455 638
2 355 3722
1 1 3521 2 806814826
1 0 3576 4 474054149
1 0 2753 1 268834882
1 1 1921 4 318204929
2 292 2257
1 1 478 4 516502165
1 0 2786 4 709155612
1 0 3507 4 687769687
2 366 3485
1 1 2708 3 769949418
2 498 749
1 0 2913 3 407699851
1 1 999 4 77001565
1 1 2564 3 675077640
1 0 698 4 250096818
1 1 1021 1 305473511
2 1629 2498
1 1 3481 4 558719856
1 0 573 4 183512319
2 3385 1178
1 1 2953 3 696589035
2 3343 2642
1 1 2597 3 450878018
2 2530 483
1 0 1855 4 971847959
1 0 1050 2 202011889
2 1196 3150
1 1 3405 2 707668920
1 0 1075 3 979971965
1 1 3172 2 582434303
1 1 3462 3 296880008
1 1 1597 4 490727833
1 1 246 3 417885864
2 2387 2831
1 0 3853 3 833660685
1 1 673 2 734613239
1 1 2951 4 186910579
1 1 3299 3 303612189
2 138 3479
2 1660 229
2 3765 1091
2 2539 3579
1 1 2965 2 469935631
1 1 1417 2 751297163
1 0 3568 3 90663136
1 0 1655 4 522742209
1 0 321 2 401831597
2 619 3958
1 0 1709 4 774622092
1 0 268 3 292628698
1 1 2556 1 725582309
1 1 2492 2 119679826
1 1 829 3 724870785
1 1 149 4 416522313
2 3195 716
2 3997 3597
1 1 994 4 766022177
1 1 2976 2 487546416
1 0 3334 4 278680555
2 1449 984
1 0 802 1 761757179
1 1 414 4 696579138
1 1 1679 2 104104442
1 1 1015 2 64756756
2 3446 3792
2 1633 3133
1 0 3923 4 287559474
2 3329 373
1 0 3539 1 263989993
1 0 3915 2 802592806
2 690 2399
1 0 3005 4 657488163
1 0 3202 2 118766862
1 1 2035 2 270164117
1 0 3990 4 969059187
1 1 2403 3 738440671
1 1 3943 3 511722459
2 3057 29
1 0 2785 4 511953803
2 3404 2496
1 0 1062 4 533322623
2 672 2671
2 3721 3084
2 2604 2114
2 3719 3644
1 1 2944 1 428134374
1 0 1520 3 187013176
1 1 2511 2 296033175
1 1 3103 2 869816899
1 1 665 1 424256912
1 1 3234 2 277308467
2 3070 2686
1 0 970 2 890098814
1 1 3229 1 798371415
2 2923 1651
2 2029 1762
1 0 1938 3 140294479
1 1 2356 4 533968867
1 0 3992 1 488218933
1 1 2228 3 650924544
1 0 3590 1 980156132
1 1 1679 4 123140073
1 1 729 1 539240394
2 2479 3380
1 0 1247 4 357196833
1 1 2331 3 101328639
1 0 3243 1 551012254
1 0 2584 1 663511883
1 1 2024 1 946636087
1 1 174 2 875689109
1 1 3544 4 396216441
1 0 3111 3 482016946
2 1484 3368
1 0 3296 1 722374422
1 0 3316 2 735881984
1 0 3455 4 595967672
2 1243 685
1 1 1443 2 24375341
1 0 234 1 741751570
1 0 2684 4 583518620
1 1 3898 4 658172005
2 2481 3331
1 0 2209 4 347232572
1 0 2087 4 405669542
1 1 3051 3 184316799
1 1 491 2 495259416
1 1 1094 3 732725312
1 0 2173 3 313768570
1 0 1581 3 600329818
1 1 2053 2 850901676
2 1371 2507
1 0 1141 3 767216786
1 1 1309 4 175095786
1 1 1135 4 935445414
1 1 1332 1 515322136
1 1 2815 3 734793284
2 2536 2372
2 2118 2747
1 1 1936 3 315340546
1 0 1387 2 196336484
1 1 2946 1 861432017
1 0 2412 3 503565296
2 1399 270
1 1 2028 2 746504582
1 1 847 3 909182265
2 3471 2923
2 3571 68
1 1 208 2 986811434
2 3214 1983
2 2031 2302
1 0 2466 2 353340191
2 1844 2076
1 1 3804 2 940976098
1 0 3982 4 457527996
1 1 782 3 924710529
1 0 769 4 742633616
1 1 3001 3 132151371
1 1 264 2 467077066
1 0 1911 2 250318821
2 2988 503
1 1 3931 3 846864634
1 0 3193 1 581228959
1 1 274 2 583748496
2 3973 1657
1 1 2764 4 426334050
1 0 392 2 534151020
2 2999 211
2 3853 2063
1 0 206 1 713644449
1 0 3960 2 638237058
1 1 2008 2 574756426
1 1 946 1 483797893
1 0 1829 4 836598476
1 1 3093 4 313101442
1 0 2681 4 287347100
1 0 2108 2 268484047
1 1 3583 1 55832186
1 0 802 4 823068345
2 3121 343
1 0 862 2 680563297
1 1 2654 3 779675194
1 0 3128 3 260113912
1 1 2390 2 830735062
1 0 1563 1 338072693
1 1 596 3 446355672
1 0 1312 1 809507073
1 0 1128 4 17085488
2 3275 2662
2 2080 997
1 0 1938 4 588312373
1 1 2190 1 946468978
1 0 1085 1 770135950
1 1 980 2 699400450
1 1 11 4 65426801
1 0 570 1 914983150
2 1377 1487
1 1 1887 2 334262721
2 2247 3242
1 1 2222 3 441603366
1 0 1960 1 170290837
1 1 3704 1 964501005
2 2684 3280
1 0 2938 1 764179633
1 0 2618 2 395772275
2 1041 1252
1 1 2213 3 186911082
1 0 2334 1 485744471
1 0 2933 3 89661557
1 0 1193 2 324613444
1 1 1036 3 728174843
2 585 1151
1 1 1831 3 562882718
1 1 2045 3 26558839
1 1 704 4 639224104
1 0 3019 4 25796584
1 0 3212 3 42405685
1 0 825 3 335890256
1 1 2765 4 719285290
1 0 1039 1 594138170
1 1 2249 1 595237145
1 0 1364 1 519839725
1 0 1663 2 423602965
1 1 1551 3 785120941
1 1 1354 4 204633398
2 2314 2924
1 0 2176 2 181412345
1 0 1501 1 25133486
1 1 3843 1 562906118
1 1 3525 1 343126281
2 354 3178
2 542 763
1 0 433 2 730198984
1 1 2067 2 381048061
2 2853 1346
1 0 1557 2 999883397
2 972 1005
1 1 1972 2 354258134
1 1 2493 3 63423429
1 0 3032 2 901209045
1 1 924 3 582462645
1 1 2420 1 96274167
1 0 3057 3 223402383
1 0 888 4 853040972
1 1 766 2 26362685
1 1 3369 2 741804167
1 0 2877 4 72226710
1 0 2648 4 257916485
1 1 1496 4 781541031
1 1 2614 4 296577933
1 0 2880 4 702084601
1 1 3114 3 237177977
1 1 2875 1 524853394
1 0 978 4 760064502
1 0 239 1 468888068
1 1 3051 3 672692800
1 0 2029 4 698522063
2 3531 1401
1 1 1988 4 482692974
1 0 3635 2 462482712
2 562 1522
2 1835 3254
1 0 107 2 297407023
1 0 2812 2 280451915
1 1 2150 1 107729101
1 1 3237 4 456744172
1 1 498 2 702961483
1 0 1592 4 783026541
1 1 3279 3 551120672
1 1 593 2 292019276
1 0 660 3 938247944
1 1 603 4 694162206
2 3612 119
1 0 425 4 348977886
2 2474 1478
1 0 2402 3 180635116
1 1 2514 3 432883268
1 0 402 2 159386033
1 1 3348 3 400685013
1 0 997 4 180282170
2 38 2632
1 1 3780 4 883674751
1 1 2398 4 570247748
1 0 2750 4 265234912
1 1 909 2 704222733
1 0 1956 2 687780638
1 1 1096 1 274302341
2 1844 20
1 0 1341 4 391763944
1 1 1927 4 927349146
2 2698 2398
1 1 2955 1 258263599
1 1 108 3 203225343
2 3754 2392
1 1 2523 4 810688772
2 2451 1385
2 438 1374
1 0 1231 1 99258772
1 1 2563 1 3852556
2 3208 2538
1 1 1418 2 393482881
1 0 2900 3 132905451
1 0 1696 1 759772781
1 0 809 4 928685544
1 1 3121 1 588383917
1 0 679 2 240958658
1 1 3177 4 694907133
1 0 3770 1 538948868
1 0 3272 3 332242205
1 1 2298 2 265619739
2 397 862
1 1 810 2 213898081
1 1 2207 2 561577284
1 1 2941 4 174557182
2 3696 2146
1 1 3688 3 538663711
2 3370 3987
1 1 3518 3 981885224
1 0 3866 1 727657973
1 1 2023 4 86528299
1 1 3281 4 685461499
1 0 2691 3 235014939
1 0 1447 1 845720024
1 1 2132 2 48131664
1 0 3942 4 790531870
1 0 923 1 86399976
1 1 1559 1 450868268
2 3068 2892
1 0 617 1 471586378
1 0 3474 4 907454274
1 0 1951 1 509004042
1 0 2264 4 407500730
1 1 1886 2 570996883
1 0 1941 1 979257915
1 0 924 1 373484568
1 0 824 2 795921630
1 1 816 3 444760775
2 2654 1000
1 1 2613 3 160082939
2 1476 1715
1 1 552 4 579114635
2 387 3470
1 1 481 1 606717938
1 0 2045 4 997023135
1 0 1687 2 67776154
1 1 1648 1 854789799
1 1 1060 1 72081945
1 1 473 2 832783576
1 1 1381 2 678749115
1 0 1125 2 851531899
1 1 3752 3 446860643
1 0 3503 2 548381593
1 0 1126 2 406118257
2 517 2785
1 1 2111 1 115041540
1 0 1579 3 753642466
1 1 659 1 25356969
1 1 3480 2 80488485
1 0 3737 4 689153192
1 0 3264 3 332471501
2 2317 435
1 1 50 1 247249850
1 0 3122 4 329117098
1 0 3149 4 769866693
1 0 1209 1 921945983
2 663 2881
1 1 1469 3 738062018
1 0 2612 4 858739310
1 1 3926 1 830964340
1 0 3614 3 232294632
1 0 3752 3 263022968
1 0 3056 2 343418401
1 0 2432 2 925331565
1 1 751 2 117619703
1 0 1519 1 39730368
2 2808 2787
1 1 727 3 398699983
1 1 3907 3 615044129
1 1 542 3 503879058
1 1 3924 1 783658676
1 0 2234 3 970118107
1 1 3561 1 276257510
1 0 575 1 48027173
1 1 618 1 614251737
1 1 1888 1 58465949
1 1 3557 4 914502188
1 1 819 1 757455375
1 0 1155 1 202794455
2 2881 1118
1 1 494 2 999429813
1 1 458 2 906601314
1 0 3324 3 813473695
1 1 3196 2 975129586
1 0 3450 3 809388002
1 0 3033 2 981517742
2 1413 1853
1 1 1626 4 932038000
1 1 2179 3 148813188
1 0 687 1 903708997
1 1 128 3 707714685
2 412 2101
1 1 965 3 657363171
2 2685 1877
1 0 2987 1 483890280
1 0 570 3 481101937
2 246 1734
1 0 3224 1 954858932
1 1 568 3 608548319
2 778 516
1 0 704 1 546816284
1 1 2647 3 68069669
1 0 3873 4 106132670
1 1 1044 3 910593806
1 0 745 3 496773332
1 1 684 1 819195378
2 3723 2110
1 0 2885 4 713459792
1 1 150 3 148028924
1 0 315 2 607357582
1 1 188 2 551437690
1 0 1450 2 698194397
2 2234 2153
2 64 3037
1 1 3380 1 127024661
1 1 3202 2 641995327
1 0 506 4 674145087
1 1 970 2 925136779
2 1565 2460
2 1318 2261
1 0 66 3 10176669
1 0 2736 4 726817860
1 0 3581 2 173819228
1 0 3549 1 809537956
1 0 1337 4 742202261
2 216 3937
2 1999 3332
1 0 1585 4 45988030
1 1 2032 2 696338519
2 3016 45
1 1 3636 3 758194493
1 1 2276 1 93707545
2 3263 826
1 1 3428 3 533590465
2 1056 1984
2 1431 1482
1 1 2120 2 108276781
1 0 379 3 832639468
1 1 1834 1 946993272
2 3842 2312
1 0 200 2 398472393
1 0 3878 1 556095396
2 3686 571
1 0 3475 4 74531893
1 1 3771 3 99063259
1 1 975 4 394340229
1 1 1700 1 37225091
1 0 1788 3 523947465
2 2742 3249
1 1 3236 4 937448267
1 1 1286 2 342003817
1 1 3879 2 717729142
1 0 842 3 627880110
1 0 181 1 670099656
1 1 3180 1 734227520
1 0 3203 2 943783237
2 3030 1087
2 2798 1263
2 2186 2093
1 0 200 2 226379346
2 1642 2791
1 0 2164 3 901966991
1 1 797 4 861539753
2 2798 1081
1 0 1783 2 502705993
1 0 2329 3 111244205
1 1 1492 4 934969178
1 1 3511 2 79751888
1 1 57 2 326072052
1 1 3499 4 866409960
2 1560 3662
1 1 1073 4 226128077
1 0 640 4 709422996
1 1 795 4 963475156
1 0 214 2 304879754
1 1 2785 4 676172579
1 1 3081 4 426598541
1 1 2392 3 270773075
1 1 317 3 966161864
2 2160 2411
1 1 2177 2 108940601
1 0 3092 4 192586815
1 1 1338 3 554278483
1 1 1408 1 687961801
1 1 692 4 732500999
2 121 32
1 0 2434 4 355163785
1 1 642 3 266960517
1 1 2177 4 349573083
1 1 331 3 792079292
1 0 1016 2 759887219
1 0 3922 1 890981516
1 1 2373 2 90218046
1 1 964 2 306089910
1 0 2267 4 270529420
1 0 3488 2 155388346
1 1 2030 3 117247121
1 0 2711 4 110925791
1 1 230 2 580062501
1 0 1788 1 59700992
1 0 3320 1 251350393
1 0 114 1 72524044
1 0 262 1 88196650
1 1 963 1 969008350
1 0 3784 2 709544615
1 1 313 1 682499224
1 1 2751 4 763797672
1 1 1645 1 310269620
1 1 3216 4 436063227
2 3016 3870
2 1333 1988
2 2287 2209
1 0 1534 2 39481204
1 0 1017 2 794184134
2 49 1531
1 0 1156 3 10649309
1 1 3596 2 640809214
1 1 2602 4 202170145
1 0 1687 4 690625132
1 1 1511 4 134396696
1 1 1153 1 139426805
2 2151 682
1 0 3986 4 773390942
1 0 2619 4 30926890
1 1 269 3 3719148
2 1525 3137
1 1 371 3 857111812
1 0 2803 2 779444173
2 2918 3222
2 1813 935
1 1 1605 4 807359528
1 0 3438 2 751256301
1 1 2781 1 104698387
1 0 3341 2 413924332
2 3739 3293
2 166 441
2 3318 673
1 0 2454 4 543478679
2 2791 3994
1 1 3245 3 528903107
1 0 3143 4 275178252
1 1 666 3 739272709
2 2326 1560
1 1 1857 1 979443674
1 1 1130 1 241145640
2 109 1691
2 2819 3886
1 1 1982 4 413025855
2 2948 1502
1 1 1643 1 47343092
1 1 3054 1 8240968
2 3408 2720
1 1 3359 2 437050162
2 363 3909
1 1 2799 4 261670600
1 1 2785 4 576341425
1 1 58 4 416242000
1 0 2570 3 784530324
1 0 1251 2 935898348
1 1 1500 4 814675222
1 0 3020 2 467508290
1 0 2084 3 223797614
1 0 2102 3 972463750
1 1 2657 2 824424792
1 0 3368 4 679144072
1 1 3443 3 52793123
1 0 3330 4 58038234
1 1 2649 3 882290585
2 2738 3349
1 1 1201 1 33572453
2 243 3770
1 0 1230 4 321554698
1 1 3575 1 785481861
1 0 3222 3 564972642
2 2472 2352
2 118 1650
1 1 2105 1 958014426
1 0 1441 4 972061392
1 0 416 1 735262512
1 1 2720 4 312720937
1 0 388 2 38320892
2 1501 3655
2 3473 3345
2 2453 3737
2 414 2878
1 0 2812 1 738641016
1 0 1269 2 426649338
1 1 2365 3 214131037
1 0 2586 1 988272589
1 1 2212 4 358192543
1 1 3657 4 360432585
1 1 2200 4 242356617
1 1 1381 2 952584408
1 1 3875 2 178204618
1 1 1655 3 587870497
2 2899 1510
1 0 305 4 555445362
2 863 726
1 0 1993 1 287068997
2 607 10
1 1 2673 4 14699587
1 1 2293 3 470463212
1 1 1165 1 304878819
2 3017 755
1 1 654 2 917065923
1 0 3816 3 396412627
1 1 1291 2 76132816
1 0 3930 1 110489355
1 1 1565 2 687937060
1 0 1846 1 559419122
1 0 3061 3 524485162
1 1 3947 2 422817095
1 0 765 3 609929751
1 1 144 1 864234320
2 3590 1846
1 0 3356 4 847505307
1 1 3445 1 399421918
1 1 2608 2 28870756
1 0 1615 3 272322166
1 1 2724 3 323573924
1 1 2265 1 931373518
1 1 1717 3 850623183
1 0 1021 1 427809322
2 415 2800
1 1 1502 4 698349197
1 0 1272 1 550469822
1 1 1724 4 924439505
1 0 3659 4 597827199
1 1 3151 2 433454435
1 1 3319 3 755438538
1 0 738 2 686715162
1 1 2224 2 986034160
1 0 1260 1 128247519
1 1 599 4 127529564
1 1 2623 4 119318356
1 1 411 2 235532364
2 1180 1657
2 3856 1032
1 1 2766 4 840427458
1 1 172 4 845397871
1 1 1537 2 201590984
1 0 810 1 171152789
1 0 3671 4 833624393
1 1 1317 1 535811586
1 0 3718 4 47482813
1 1 2501 3 553906845
1 0 1302 2 455394300
1 1 3735 1 662853630
1 1 3833 2 44268889
1 1 987 2 526947681
1 0 3119 2 749468115
2 3690 2053
1 0 128 3 22066198
1 0 1480 4 870523233
1 0 1110 4 819214984
1 0 2882 3 190345432
1 0 3076 2 603557222
2 3764 2723
1 0 566 3 706858793
2 796 798
1 0 646 3 340755524
1 1 3469 3 88628827
2 2128 1632
1 0 1710 1 453127278
1 0 1131 1 784323773
1 1 1403 1 234449699
1 0 231 1 278855244
1 1 1952 3 546766549
1 0 2458 3 901902265
1 1 2207 1 864685372
1 0 1342 4 316286010
2 425 2562
1 0 432 2 213809160
1 1 600 3 841973754
1 1 2748 1 192795201
2 1053 3006
1 1 1563 3 191069393
1 0 3609 1 351708150
1 0 288 1 431810798
1 0 309 3 390269439
1 1 1702 1 403331439
1 0 3924 3 365611395
1 1 2106 3 570261848
1 0 2287 4 359530825
1 0 1291 3 360859111
1 1 2448 2 4781232
1 0 629 3 573935063
2 2304 2062
1 1 3075 2 617612880
1 0 161 2 934535630
1 0 680 3 407379755
1 1 44 3 842008748
1 1 2193 4 96877049
1 1 2899 2 644337202
2 2702 3716
1 0 288 1 933140537
1 1 237 1 791216387
1 0 2612 1 692021422
1 0 3529 3 205581906
1 1 2344 1 297027629
2 1859 1948
1 1 3447 4 35423793
1 0 3521 1 451147186
1 0 2111 4 655684812
1 0 810 4 863667249
1 1 3892 1 486556445
1 0 2723 2 208512081
1 1 3728 4 2175910
2 96 1032
1 0 3485 1 303979329
1 0 2826 2 321603943
1 1 3136 1 40906282
1 1 1740 3 440368786
1 1 1099 1 737378021
1 0 24 1 689089678
1 0 3325 2 457357914
2 3569 2050
1 1 448 1 829599447
1 1 2831 4 693317641
1 1 190 1 69119340
1 1 2174 1 81962192
1 0 2377 2 707793471
1 1 1649 1 869537866
1 0 3053 2 560030303
1 0 1658 2 820418393
2 3916 3299
1 0 2694 2 938878475
2 2116 2559
1 1 5 3 107253970
1 0 376 3 427962046
1 1 327 3 544198369
1 0 3896 3 158702839
1 0 971 2 146922761
1 1 842 2 926898431
2 3353 510
1 0 576 2 801357966
2 29 3363
1 0 3738 2 134645148
2 1294 339
2 1520 538
1 1 3547 3 291997623
1 0 1464 3 841507238
1 1 1606 4 367666458
1 0 2050 2 107458235
1 1 3420 2 726692536
1 0 2151 4 334877212
1 0 2858 2 127481254
1 0 1393 1 731025764
1 1 1105 3 563277184
1 0 2491 4 228189452
1 1 685 2 807901090
1 1 3194 2 617104707
1 0 3098 4 976534938
1 1 659 2 805951820
1 1 3309 3 67732818
1 0 628 2 61773389
1 0 2374 2 794286598
1 0 3571 4 229748352
2 2431 3080
1 0 2369 4 778470917
1 1 3690 3 209229268
1 1 1199 3 254780168
1 0 1871 3 339592399
1 1 2191 3 364903629
1 1 35 1 594720685
1 0 3777 4 8940359
2 1161 1629
1 0 1937 2 831707635
1 0 1005 2 476753593
1 1 3134 2 247906175
1 1 3119 1 521129082
1 0 1023 1 135869724
1 1 3087 3 479367003
2 3682 966
2 1033 13
1 0 2943 2 655702339
1 1 1810 1 979576862
1 0 1485 4 279996881
1 0 1766 2 647956812
1 0 3922 2 644231942
1 1 2430 1 594876454
1 0 506 2 221239009
1 0 2037 3 11506264
1 1 2959 2 456076971
1 1 2838 4 458900131
2 3057 3059
2 3696 1043
2 1479 855
1 1 3010 4 608674596
1 0 3406 4 930986115
1 1 2307 2 953888088
1 1 2976 2 410194670
1 1 2571 3 772425276
2 3607 1064
2 3008 3563
1 0 3111 1 718503946
1 0 1286 1 235302963
1 0 676 4 347275200
2 3342 2733
2 1694 1342
2 2841 451
2 2726 1043
1 0 3622 2 969878890
1 1 3090 2 648141443
1 1 1790 4 611697054
1 0 2378 1 342138928
1 1 3286 2 781911083
1 0 3330 3 880092947
1 0 2092 2 850308767
1 1 3814 1 201479874
1 1 2319 4 88184222
1 0 2282 1 990916648
1 0 2985 3 233395862
1 1 3356 1 955930123
1 1 1195 3 166430855
1 1 2348 1 189555264
1 1 1518 3 62903948
1 0 1726 2 648926374
2 2983 3534
1 0 1710 4 82728999
1 1 574 2 5290219
1 1 1547 4 790356218
1 1 5 1 364940352
2 1695 3343
2 2949 446
1 0 3324 2 328826545
1 1 1578 1 892431542
1 1 2766 4 23166831
1 0 863 3 491818338
2 3676 2928
1 0 248 2 197014811
1 0 2513 4 807693927
1 1 2923 1 917119144
1 1 2608 3 800710430
2 837 2931
1 1 1718 1 355087950
2 204 3815
1 0 2445 1 418156468
1 1 1624 3 12175859
1 1 1077 3 928371902
1 1 3213 3 479779961
1 1 3269 1 700699341
2 1105 415
1 0 1729 4 256759244
1 0 2066 4 266488094
1 0 293 3 15702315
2 3439 2980
1 1 599 3 394634048
1 0 2671 2 130252305
1 1 981 4 841973728
1 0 3396 3 640098225
1 0 3292 1 302351855
1 0 495 4 815648310
1 0 3254 1 670878968
1 0 2344 1 728993976
1 1 689 3 729782329
1 0 3569 1 44893246
1 1 2283 1 392435255
2 66 3868
2 1640 3462
1 0 3546 3 836052232
1 0 2349 3 137052869
2 1610 3312
1 1 3020 3 921064025
1 0 459 4 266118704
1 0 2289 2 178694676
1 0 2687 1 756128719
1 0 1823 4 799974539
1 0 1951 4 103917578
1 0 1026 2 115018422
2 1018 3859
2 489 3764
1 0 913 2 319601824
2 730 2520
1 0 212 1 886098512
1 1 575 2 366748588
2 1054 2584
1 1 1731 2 870321735
1 1 2696 1 585829328
1 0 1553 3 228626771
1 0 647 2 19665553
1 0 3079 1 670185992
2 2981 146
2 2655 1132
1 0 1906 4 303005966
1 1 245 2 826306088
1 0 2909 1 860987031
1 0 1564 2 120225717
1 1 3730 4 150132301
1 0 1352 4 453882898
1 1 438 2 471882203
1 1 1985 2 174055790
2 2679 2056
1 0 3135 3 470347380
2 1105 1526
1 1 111 1 804328013
1 0 3166 4 500112010
1 1 3068 1 26727780
1 0 1581 1 569780177
1 0 3674 1 341527488
1 1 1666 3 956516755
1 1 3466 3 402119821
1 0 3990 2 487343476
1 1 1634 2 809039059
2 1309 291
1 0 2247 2 966137811
1 1 3569 4 509640500
1 1 874 2 69827860
1 1 3076 4 511527237
1 0 889 1 945832482
1 0 669 1 989358292
2 1867 678
1 0 2193 3 214257533
1 1 3331 3 118061176
1 0 2453 4 273283080
1 0 1278 3 885643442
1 0 585 2 372288350
1 0 3990 2 800391775
1 1 586 2 875102825
2 1268 1467
1 1 1762 3 313001575
1 1 933 3 772457974
1 0 2253 2 205894365
1 1 1761 1 209132838
1 1 3643 3 377941171
1 1 3659 2 795300880
1 0 3322 2 677972835
2 3806 1554
1 0 3564 4 526101121
1 1 2633 2 19876296
1 0 1781 3 498117879
1 1 595 3 499620842
1 1 835 2 974651018
1 1 3588 2 910989815
1 0 2387 1 220149306
1 1 2954 2 979834002
1 0 1188 1 489249784
1 0 2408 1 481613204
1 0 984 3 9890130
1 1 3368 1 803760014
1 1 731 3 953597936
1 1 700 1 23366451
1 0 417 3 547294462
1 1 2178 4 694561465
1 0 1051 1 739288223
2 394 1621
1 1 140 3 112433679
1 0 3023 1 797707042
1 0 1714 3 429017001
1 1 3664 1 546086434
1 0 2351 4 496579125
1 0 485 3 3884641
1 0 1738 4 179509277
2 1495 2667
1 1 517 2 627657108
1 1 1757 4 342581658
2 962 410
2 2628 2888
1 1 3208 2 254677253
1 0 3467 2 812528307
1 0 2928 3 751422278
1 0 3103 1 671293563
1 1 857 4 93595703
1 0 2435 3 876224498
1 1 328 4 885511316
1 1 2992 4 452784546
1 0 3098 3 131681566
2 201 3496
1 1 1341 4 697621976
1 0 2969 2 15582752
1 0 3195 4 981550211
1 0 1164 1 417511618
1 1 1697 3 7410011
1 1 2275 2 945203110
2 2890 140
1 1 1914 3 976232016
1 1 160 4 663719937
1 1 3296 2 806145991
1 1 2504 2 339072650
1 1 3244 2 352909542
1 0 2537 3 926174666
1 0 3586 4 155330712
1 0 2957 4 399346688
1 0 2641 4 140137809
1 0 1262 3 347590376
2 2204 2222
1 0 2275 1 336783725
1 0 3454 4 536329779
2 1724 327
1 1 2290 1 723668545
2 2143 1059
1 0 373 1 150502706
1 1 774 4 38518270
2 1777 3996
2 3399 2152
1 1 2014 4 922549636
1 1 1449 4 456126139
1 1 974 3 628347098
1 0 830 1 539053763
1 1 291 1 786635229
1 0 1892 1 87338276
1 1 3170 3 68629784
1 0 3814 2 159547377
1 1 55 2 940032715
1 1 3740 2 735473344
2 1979 2710
1 1 975 4 957728262
1 1 355 4 938314215
1 1 1176 2 36242303
1 0 1527 1 825729936
2 258 3818
1 0 3229 2 478084350
1 1 3381 4 337995628
1 0 2420 4 319161178
2 3599 3388
1 1 1830 2 436295360
1 0 3544 3 144792011
1 0 3391 3 554510445
2 2433 3234
2 1731 3385
2 3010 914
1 0 923 1 226516440
1 1 847 2 978011846
1 1 246 4 125867382
1 1 1477 2 850320813
1 1 2643 3 826268144
1 0 1560 3 173826990
2 2405 2770
1 1 284 1 637766352
1 0 3767 1 49937960
1 1 1201 3 406434488
1 1 184 3 757858521
1 1 2197 3 173071067
1 1 3989 3 694047214
1 0 1755 4 800488960
1 1 3616 2 762526749
1 0 2743 3 124803006
1 0 1778 3 860174426
1 0 2780 4 73938197
1 1 566 1 484406671
1 1 1495 2 505504651
2 1943 1459
1 1 2265 3 92829393
1 0 3952 3 614797008
1 1 1897 3 654631994
1 0 1313 1 942046886
1 1 431 3 412018623
1 0 3646 2 90368405
1 0 2603 3 40744759
2 50 473
2 2124 19
2 2694 2098
1 1 3972 4 277962269
1 0 3030 4 227580499
1 1 262 3 153225167
2 184 396
1 1 719 2 469002169
1 0 2496 3 177775090
2 2408 539
1 0 2989 1 622735534
1 0 2863 1 193642834
1 1 1821 2 263934897
2 3388 1604
1 1 3516 1 578812487
1 1 2301 1 403667076
1 1 2733 4 462731238
1 1 452 2 161550772
1 0 3106 3 139942339
1 1 2978 2 538995227
1 0 3960 2 65783610
2 1331 3029
1 0 1633 1 32136249
2 1795 813
1 0 3346 1 887001101
2 463 75
1 1 3907 3 875740181
1 0 1634 3 55276338
1 0 2223 1 539750325
1 0 1628 2 531420571
1 1 2266 2 474390392
1 1 1425 3 665298590
1 0 1084 2 446608087
2 297 838
1 0 1786 4 702564720
2 2072 1969
2 2380 71
1 1 2595 3 724529144
2 2328 2276
1 1 3676 1 790485571
1 0 1891 3 461742791
2 45 3646
1 1 3744 1 761338878
2 80 126
2 2386 3578
1 0 2525 3 834107383
1 1 3473 1 157142180
1 0 235 4 794746853
1 1 2099 2 354813108
2 3014 2117
1 1 2821 4 118454943
2 2551 204
2 1904 320
1 1 46 2 688657619
1 0 3013 3 294038641
1 1 485 3 350594274
1 1 3745 3 458303185
2 2188 3553
1 1 1186 2 691604126
1 0 1094 4 481652243
1 1 453 1 780330271
1 0 2488 4 668484003
1 0 2613 3 789045354
2 2354 2350
1 0 1660 4 816747303
1 1 2070 4 563518152
1 1 3257 3 548726151
1 1 701 4 252305866
2 1033 2485
1 1 275 3 425587668
1 0 633 2 933657965
1 0 613 3 523141814
1 1 2319 1 977661914
2 582 2551
1 0 1666 4 804603230
1 1 831 4 850867588
2 1971 2213
1 1 165 2 535504276
2 2045 3179
1 1 3769 4 683797151
1 1 1463 4 3231720
1 1 2468 3 518903265
1 0 3427 2 36440364
1 0 2132 1 882060308
2 1020 3574
1 1 123 3 47641952
1 0 1438 3 235906911
1 0 3518 4 577514363
1 0 3683 1 43935060
1 0 1771 3 460665915
1 1 2422 3 752576656
1 0 1457 3 548631243
2 3581 572
2 1553 3209
1 0 2972 4 671680514
2 1552 3553
1 1 1178 3 639111831
1 1 1578 2 616899637
2 2436 542
1 0 1478 2 5923573
2 3794 3513
1 0 1872 4 573073827
2 3932 813
1 1 3311 3 55126868
1 0 804 3 100187689
2 893 1982
1 1 3506 1 916629287
1 0 1342 3 427641798
2 1173 3845
2 2089 1268
1 0 2212 4 113600686
1 0 3907 4 607446501
2 2586 3206
1 0 2385 2 775908044
1 1 3278 3 386137785
1 1 2676 3 637551633
1 0 802 3 701432081
2 3964 1120
1 1 700 2 568043167
1 0 3263 3 47313442
1 1 2687 4 911251659
1 0 2706 4 70343036
1 0 2831 2 996003370
1 1 3559 4 766190133
2 3562 629
1 1 1986 4 706574595
1 1 1780 1 449465623
2 893 1266
1 0 1751 3 308020348
2 648 144
1 0 3210 3 640280437
2 2765 1816
1 0 93 4 927325947
1 0 1450 2 90217597
2 2176 1271
1 0 49 3 549054063
1 1 2477 2 556435261
1 0 532 2 261285704
2 3898 19
1 1 116 2 928574683
1 0 3345 3 867409977
1 0 3218 4 649454143
1 1 1414 4 990438649
1 0 135 4 367167681
1 1 3628 4 309473314
1 0 405 4 449038505
1 0 1530 3 539384113
2 2781 896
1 0 2413 2 528466877
1 0 3311 4 371250285
1 0 3337 3 948471400
1 0 2493 3 62972298
1 0 3810 2 816822876
1 0 1377 3 494522842
1 1 3088 1 6552703
1 1 1791 1 364708290
1 0 2533 2 852686657
1 1 794 3 32197619
1 1 1667 1 958610537
1 1 278 1 108257474
1 0 1044 2 883551499
1 1 2709 4 605955269
1 0 232 4 502580477
1 1 1385 4 198769679
2 1441 851
1 1 2089 3 449861024
1 1 362 2 929392288
1 1 3611 3 691836111
1 0 881 4 763259412
2 1589 2374
1 1 3512 4 198418538
2 3822 571
1 1 2701 1 444647881
1 0 3131 4 652435440
1 0 3580 1 670487732
1 0 1426 1 303401592
1 1 234 4 409692259
1 0 447 3 299005630
1 1 1453 4 928392336
1 0 1810 3 943160087
2 598 3353
1 1 1976 2 92402451
1 0 995 3 274959118
2 2893 3398
1 0 1565 1 267215930
1 0 204 4 718566875
1 1 2183 3 849892644
1 0 2504 2 90061521
2 1637 3377
1 0 1194 1 764355525
1 1 1465 1 27082493
1 1 2639 3 249337487
2 3579 9
1 1 2848 3 871428313
1 0 2368 3 402114722
1 0 2888 4 834814322
1 0 3942 4 770874592
1 1 53 2 90451535
2 2292 2155
1 1 708 4 998123583
1 0 2468 1 845481446
1 0 828 3 411287111
2 2859 3026
1 1 2242 4 766148854
2 923 666
1 0 773 2 93784975
1 1 865 3 184060271
1 1 3812 4 932423000
1 0 2888 4 564754517
1 1 3199 4 278305640
1 0 962 3 990745694
1 0 1156 4 68565859
1 1 2576 4 302985088
1 1 2406 3 712668249
1 0 1572 3 599121738
1 0 2604 3 181097171
1 0 3123 4 248861060
1 0 2737 1 272962554
1 0 307 4 819158735
1 1 3465 4 546071047
2 2128 3846
1 0 3585 4 696032397
1 1 244 1 480888277
1 1 228 3 464082789
2 1072 2357
1 0 423 4 823640840
1 1 3114 2 359249743
1 1 2186 1 113296232
1 0 2941 4 838243461
2 2241 1976
1 1 2959 1 271977188
2 3195 402
1 1 991 3 584800854
1 1 3921 2 432306452
2 3019 1184
1 0 1602 3 850401661
1 0 1551 1 127252496
1 0 1605 1 669939728
2 544 919
1 0 2682 3 976010584
1 0 865 3 964460424
1 1 2225 2 993053787
2 3743 3027
2 3733 3783
1 0 3679 1 58369619
2 680 1984
2 1080 154
1 1 1667 1 785093393
1 0 3334 3 349910856
2 2360 2663
1 0 3017 4 423326546
1 1 2177 1 411467704
1 1 459 2 217167713
1 0 88 2 670750611
1 0 3079 3 294745594
1 0 1180 2 425285651
2 2738 357
1 1 3600 1 21676693
2 2092 3628
2 3947 738
1 0 2364 4 932725859
1 1 3516 1 285992510
2 2793 2208
1 0 956 2 984128501
1 1 2417 2 435790084
1 0 2502 3 513236
2 1472 2903
1 0 3676 2 733532165
2 1228 3515
2 28 922
1 0 2847 2 833304667
1 0 3385 2 602812823
1 0 2428 2 421030596
1 1 2614 3 888849779
2 2161 1351
2 1842 1107
1 1 425 1 567279343
1 0 48 4 994465526
1 1 1948 2 791846188
1 0 713 2 884699702
2 3314 609
1 1 712 3 705158458
1 0 579 4 659683936
1 0 708 4 836043611
1 0 1076 2 719086399
1 0 3969 1 976964832
1 0 3196 2 66230686
1 0 160 3 549026258
2 1755 1815
1 1 2964 3 191743214
1 1 1133 4 3966751
1 1 3530 4 598299239
1 1 3413 1 572268903
1 0 1640 2 721996786
1 0 186 4 263631642
2 1156 3309
1 0 133 4 322199979
1 1 360 1 456414563
1 0 2827 4 781887461
1 0 2282 1 67880836
1 1 2924 2 788959890
2 398 3669
1 0 2810 4 788133234
1 1 2880 2 306779539
1 1 1596 3 90749228
1 0 1059 4 821429227
1 0 3762 1 624517539
1 1 642 1 492275538
1 0 3196 4 410552524
1 0 1210 1 74846727
1 0 848 2 456446243
2 3919 2982
1 0 3171 4 436116683
2 1168 3480
1 1 3646 3 543593418
1 0 1385 1 221112369
1 0 2236 1 898956412
1 1 2598 4 531587946
2 1673 3878
1 1 1248 1 38315211
1 1 1708 1 972479297
1 1 2047 4 742451692
1 0 2489 4 833646250
1 0 3225 3 611279284
1 0 3842 3 838491515
1 0 1826 2 144131351
1 0 2602 1 861611772
1 0 2268 4 363680872
2 3206 806
1 0 2506 1 752709374
1 0 3779 4 57136032
1 1 206 2 694782376
2 2267 2608
1 0 2164 3 151667352
1 1 2293 1 202600676
2 2714 3556
1 1 3614 2 275969971
1 1 3929 4 786012289
1 0 1907 2 142656141
2 1867 2361
1 1 2405 2 355146725
1 1 997 2 768964806
1 1 2586 3 470171720
1 1 1973 2 739431241
1 0 2773 4 708206371
1 1 2953 1 813027532
1 1 2896 2 460066854
1 0 2221 2 350221656
1 0 2571 1 600694265
1 0 2222 4 976336623
1 0 1997 1 9947484
2 3886 2861
2 2937 3233
2 882 3242
1 1 3948 4 415637206
1 1 1833 4 134591739
1 0 3244 1 282206020
1 1 3817 2 800613850
1 0 1494 1 440820961
1 1 1616 2 150329499
1 1 3519 4 124602737
1 0 459 3 304738215
2 491 72
1 0 1993 4 646952672
1 0 1273 1 740886249
1 0 901 2 37246421
1 0 1678 1 932757509
1 1 608 4 588993073
2 2324 164
1 0 1910 3 375691287
1 1 409 3 533180358
2 1922 1212
1 1 2386 1 82311643
1 0 3770 1 421567904
2 1915 1283
1 0 3684 3 983443222
2 2357 3094
1 1 850 2 703525240
1 0 3563 3 613199577
1 0 3932 4 507986919
1 0 1274 3 182135788
1 0 68 3 139033270
1 1 1210 1 132662746
1 0 712 3 946592337
1 0 97 2 363528758
1 0 3837 3 830434894
1 1 2312 2 225247842
1 0 1828 1 463269433
1 1 3970 2 944389583
2 2041 101
1 0 423 1 43844447
1 1 1148 4 618310320
1 0 3483 2 117229175
1 0 2663 3 577067465
1 0 1111 1 879342956
1 0 3212 1 848546728
2 975 377
1 1 1551 1 236885266
1 0 522 4 145355756
2 2584 3630
1 1 3777 4 809474587
1 0 11 2 855474849
1 1 2619 4 807558748
2 2161 1767
1 1 999 3 99188347
1 0 1081 3 32140303
1 0 447 3 99086638
2 311 3844
1 0 2510 4 741544875
1 1 3028 4 857601367
2 2452 1788
2 1187 54
1 1 3953 2 651121564
1 1 3424 1 62462956
1 1 3336 3 79659549
1 0 3591 1 67669418
1 1 1437 4 301902798
1 1 1125 1 20823188
1 0 3111 1 319839695
2 1339 494
1 0 1529 4 221971823
1 0 866 3 253121818
1 0 2478 3 366637856
1 1 3846 2 807247219
1 0 3941 2 186449454
1 1 2269 2 581718222
1 0 1697 3 37566743
1 1 2998 3 993792205
1 0 3672 4 645353175
1 0 2927 1 746094340
1 1 1271 4 559789222
1 0 3819 4 724988519
1 1 3670 4 861152296
1 0 3906 2 178394606
1 0 570 1 794317520
1 1 3741 1 495373139
1 0 3655 2 648983639
2 3748 525
1 1 2357 3 885554734
1 1 3554 4 697504071
2 1189 678
1 1 458 3 258223526
1 0 1659 3 70062335
1 0 2256 3 108829032
1 1 2769 1 545631886
1 1 3348 2 413115599
1 0 3240 2 886828681
1 1 2531 2 599212640
1 1 1207 3 568029492
2 1235 278
1 0 2299 3 690258284
1 1 1319 3 286652224
1 0 1526 1 349175663
2 3602 669
1 1 2957 4 383764009
1 0 1701 4 505990890
1 1 2994 1 478091608
1 1 3591 3 753865070
1 1 3029 4 559038346
1 1 1497 3 191758887
2 276 2499
1 1 2276 4 977174184
1 0 828 2 279176963
1 0 3556 3 726714524
2 437 331
1 0 57 1 287277013
1 1 789 2 718798834
1 0 1774 2 702309628
1 1 1415 1 871221415
1 1 3346 4 257026965
1 1 1252 4 71645239
1 1 2411 3 60963158
1 0 786 3 292240336
1 1 2733 2 311219317
1 1 131 1 579364893
1 0 1301 1 177637254
2 2656 328
1 1 3366 4 96311917
1 1 1354 4 874357916
2 2922 2348
1 0 2347 1 737966050
2 305 3863
1 1 1290 4 965984165
1 0 914 4 687141111
1 0 3774 1 511256572
2 2075 3796
2 3056 2135
1 0 1801 4 582850691
1 0 1522 1 633082814
1 0 340 3 87761265
1 0 1664 4 811214788
1 0 3204 4 6254121
1 0 3502 3 329640713
1 1 3059 1 954874953
2 3812 1425
2 2705 679
1 0 3746 1 671045331
2 2404 924
1 0 3379 4 479630293
1 0 1274 1 53839252
1 0 2833 4 457577566
1 1 976 4 446089444
1 1 2430 2 253809753
1 0 1551 1 309776668
1 0 2515 1 496711646
1 1 522 3 867660655
1 0 567 4 289413565
1 1 2377 4 788600408
1 1 1734 2 423838822
1 0 1374 2 688205746
1 0 2553 1 792979274
1 0 2322 2 560519293
1 0 2370 3 416141220
2 1158 1157
1 0 3152 1 490894750
2 246 2010
1 0 2266 4 851287068
1 1 801 3 242418365
1 0 1379 4 126773480
1 1 2955 4 837522315
1 0 908 2 972552556
1 0 2764 4 179504135
1 0 3882 1 968688276
1 1 1386 3 380958521
1 0 1269 3 452474067
1 1 3027 1 381712441
1 1 3614 4 734473860
1 1 644 2 72296728
1 0 1168 1 605642249
1 1 135 2 438406938
1 0 2615 3 510432701
1 0 1685 4 419760878
1 1 1127 1 919535031
1 0 244 2 813252024
1 0 1662 4 998161565
2 2709 3081
1 1 1509 3 731185946
1 1 2375 3 676089930
1 1 2525 4 324450926
1 0 327 3 964636927
1 1 2164 1 722438691
2 3886 369
2 3887 1272
2 1006 3061
1 1 171 4 811921348
1 1 3807 3 246811431
1 1 465 4 523402603
1 0 3573 2 406242896
1 1 1814 1 766821547
2 1425 1085
1 1 820 4 166012723
1 1 1837 3 707166633
1 1 3833 3 609219146
1 1 3534 1 758609766
1 0 3452 3 778578304
1 1 3376 3 732585247
1 1 1437 2 709214154
2 149 602
1 0 3851 4 572022136
1 1 2760 1 155287761
1 0 2837 1 491577641
2 3164 1535
1 0 2324 1 178848652
1 0 1666 2 856735166
1 0 2262 4 331277024
1 1 1650 1 107613842
1 0 182 2 14797561
1 0 1042 4 794935439
1 0 3194 4 486500213
2 3177 1413
1 0 1427 4 762301213
1 1 740 4 958786465
1 1 2536 4 351258714
1 1 490 1 997218607
1 1 3329 2 312596514
1 1 1098 2 175175972
1 1 1699 4 974428515
2 403 2581
1 0 2940 2 37252162
1 0 1282 1 609999556
1 1 3839 3 443449767
1 1 1109 2 104712036
1 0 3561 4 892178911
1 1 1691 4 651833109
1 1 1532 1 87570380
1 0 500 2 406151305
1 1 3918 4 909983087
1 1 3145 4 476507747
1 1 3084 3 811306949
2 2971 946
1 1 1528 4 298010080
1 0 1924 4 586053228
1 0 757 2 632011807
1 1 580 1 710701799
1 0 3514 2 259749124
1 0 243 1 819054457
1 1 2895 1 844444355
1 1 3871 2 53512147
1 0 3116 1 675331757
2 3731 757
2 2319 3439
1 1 525 4 894656796
1 1 1548 3 717134017
1 1 3365 3 889957607
1 1 3507 4 622980303
1 0 2786 3 961212874
1 1 1818 1 454268528
1 1 2915 3 848249659
1 0 3181 1 319265958
1 0 2369 4 245475905
2 1849 234
1 0 579 3 282992116
2 2061 3461
2 3366 1251
1 0 391 2 204874686
1 0 3517 1 472688346
1 0 2298 2 222125211
1 1 429 1 770630493
1 1 3126 1 373812805
2 686 788
1 0 3674 4 268451810
1 1 2417 2 563746782
2 3999 1759
1 1 1330 3 277245838
1 0 3728 3 574086726
1 0 2619 1 120301744
1 0 1489 4 330236791
1 0 3692 3 283354595
2 3850 3344
1 1 343 1 563896468
2 1242 2610
1 1 378 4 577140391
1 0 2949 3 627561461
1 0 1638 1 88040043
2 3400 2965
1 0 3415 4 74886494
1 0 3936 2 532104850
1 1 2243 2 561124979
2 101 1199
2 3186 3093
1 1 859 2 882710907
1 1 2229 3 594199022
1 1 3014 1 173030207
1 1 3264 2 608014649
1 1 898 1 178863791
2 1135 3817
1 0 1028 2 174479857
1 0 2631 3 176803607
1 1 3953 4 8689802
1 0 1690 2 816994085
2 1409 262
2 180 1485
1 0 3609 1 777590452
2 1314 2036
1 1 2706 1 997049233
1 1 3691 1 755703029
1 1 548 4 512482554
1 1 1269 1 975105199
1 0 2796 2 826372958
2 1631 2196
1 0 3615 3 435135563
1 1 2911 4 633715805
1 0 2021 1 439134461
1 0 1078 3 250501349
1 0 1651 3 135280560
2 2760 1343
1 0 1496 3 46966728
1 0 892 4 545968855
1 1 2340 1 407364206
1 0 1417 1 984365131
1 1 2003 1 56189910
1 0 1379 3 996815265
1 0 2236 2 878624430
2 2086 3652
1 0 1526 1 159143448
2 3224 1663
1 0 761 2 239447716
1 0 2744 4 4627964
2 3450 106
1 1 3289 3 432539442
2 429 3877
2 631 1836
1 1 291 2 809119734
1 0 1086 1 541063545
1 0 3693 2 503344978
1 0 854 4 392892404
2 543 1622
1 1 1518 1 677615323
1 1 123 4 433177952
1 1 700 2 472155919
1 0 3643 4 370824815
2 3056 1691
2 1735 1956
2 3590 2924
1 0 2 2 643321750
1 0 3177 4 380471256
1 1 2103 3 205273305
1 1 175 3 481080956
1 1 3871 1 684243639
2 2345 3285
1 1 720 3 425215810
1 0 322 3 768124136
1 0 638 3 358351494
1 0 1820 4 756864290
1 1 1492 2 941465229
2 2807 3904
1 1 3235 3 656594718
1 0 2626 2 32281271
1 1 2214 2 141705705
1 0 2518 2 22096763
2 2560 1171
1 0 3407 2 441784589
1 1 227 4 599430206
1 1 529 2 435621493
1 0 2356 2 485328209
1 1 2983 2 825338749
1 1 1910 2 173096338
1 0 1797 4 855612359
1 1 2121 2 379440947
2 2879 2440
1 0 2324 1 747977654
1 0 2895 2 208727810
1 0 2878 1 576717901
1 1 3000 4 119320426
1 1 3322 4 768349896
1 1 2529 4 634105553
1 0 1733 4 205179193
1 0 2387 3 670317840
1 0 2836 1 717998272
1 0 1304 2 277387681
1 1 3024 3 223856101
1 1 1220 3 255012851
1 1 249 4 462124206
1 0 3432 4 509158791
2 2234 2389
1 1 731 1 317304498
1 0 2089 4 434922610
1 1 3278 3 652062220
1 0 3860 3 911734921
1 0 3873 4 190325549
1 0 3702 3 990029178
1 1 2349 3 803340816
1 1 1194 4 650138761
1 1 1018 3 769574187
1 1 732 3 101286515
1 1 250 2 349290699
1 1 334 4 118768726
1 1 436 2 875142119
2 173 104
1 1 3309 1 732841648
1 1 1115 2 472338340
1 1 3 3 373505237
1 1 3649 4 508376714
1 0 2176 2 708545073
1 1 2034 4 204141694
1 1 297 1 656673603
1 1 190 3 28939522
1 1 748 3 943318854
1 1 3227 3 179470114
1 0 154 1 343757064
1 0 3463 2 79410598
1 0 227 3 779412165
1 1 1804 2 756328786
1 1 3875 2 602585598
1 0 2780 1 282475186
2 3055 3776
2 2972 262
1 1 2832 1 354201072
1 0 1737 2 712998897
1 1 1021 2 230088745
1 1 3908 3 817222974
1 1 3619 3 2753968
1 1 3679 1 591917125
1 1 371 1 496838184
2 2675 134
1 0 1728 3 435666631
1 1 2321 1 842276386
1 1 1837 1 375318955
1 0 50 2 966729680
1 1 3099 2 87420065
1 0 2585 1 257884651
2 342 364
1 0 2192 3 413025769
1 0 1283 3 490178976
1 0 457 3 21656086
1 1 820 4 815641803
1 1 3222 1 618171325
1 0 2968 4 93024916
1 0 660 2 148807128
1 0 2130 4 493981878
1 0 2620 4 708552154
1 0 3494 4 761233326
1 1 3444 3 496343925
1 1 3147 2 415781907
2 3085 1665
1 0 3028 3 977473265
1 0 3085 2 497082573
2 1208 2032
1 0 3218 3 341735243
1 0 2463 1 25356103
1 1 3122 1 874141039
1 1 3551 4 9874928
1 0 3880 3 150460790
1 1 2151 4 33787059
1 0 47 1 955145750
1 1 3951 4 546211471
1 0 1010 4 394420542
1 1 180 4 186696774
1 1 3831 4 31460731
1 1 260 4 304879696
2 3339 2739
1 0 1495 1 400606579
1 1 2702 4 622329242
1 1 1014 3 583456793
1 0 2459 4 751472385
1 0 3674 3 450322723
2 1050 1127
1 0 1024 2 774031299
2 2368 136
1 1 323 3 548579546
1 1 2341 3 364639389
2 1576 1936
2 558 1988
1 0 2118 3 683552280
2 2713 1469
1 0 2461 2 514730750
1 0 1701 3 882988726
1 0 719 2 344088554
1 1 3619 1 133650859
1 0 3543 4 649115484
1 1 2654 1 648420592
2 2898 1338
1 1 2819 1 344714523
1 0 3997 1 260285549
1 1 1651 1 457980454
1 1 959 1 831013267
1 0 125 1 985879879
2 2994 3072
1 1 2366 2 934852545
1 0 3965 1 847753525
1 1 3746 1 445046044
1 0 836 3 913222571
1 1 1093 4 527388799
2 2749 2066
1 0 2675 1 911333969
1 0 1069 1 40133513
1 0 3519 4 536558561
1 1 3595 3 382099987
1 0 3779 1 319281196
1 0 1475 4 78391690
1 1 1419 3 798958635
1 1 1554 3 168128789
1 0 1916 4 314332062
1 1 214 3 244127505
1 1 2015 4 518105300
1 1 3394 2 764224381
1 0 3683 1 459276221
1 1 3743 2 339376510
1 1 3664 2 431810516
1 1 1419 3 792885442
1 1 667 2 918044876
1 0 1718 3 789697900
2 3950 2079
1 0 397 2 871213705
2 1539 2321
1 1 1588 3 557847842
1 1 1311 4 222176660
1 1 64 1 589314981
1 0 954 3 795249206
1 1 910 2 301093894
1 0 1761 2 923082913
1 0 2840 1 635425293
1 0 317 1 857487636
1 0 2827 2 710818108
2 2861 147
1 1 2041 1 605409740
2 3541 639
2 780 2415
1 1 3752 1 749221332
1 0 2029 2 941683673
2 2126 2854
1 1 1329 2 962504118
2 2175 2250
1 0 534 3 591784624
1 1 2541 4 244402093
1 1 447 1 986792624
1 0 1519 2 943449683
1 1 232 4 860335916
1 1 892 1 988400760
2 2622 1343
1 0 2365 2 182282606
1 1 1541 1 502619137
1 1 472 2 222059573
1 0 1851 3 723015881
1 0 3306 2 488832658
1 0 1046 4 836116148
1 0 2588 2 382142161
1 0 736 4 682196762
1 0 2801 3 442473246
1 1 2920 2 535511747
1 1 3853 2 599905194
1 0 870 3 496628825
1 1 1214 2 498958675
1 0 3784 1 857594689
1 1 1440 4 995782358
2 3937 2597
1 1 3515 4 783178308
1 0 2708 1 81958646
1 1 126 2 266250928
1 1 3099 1 518889337
1 1 3520 1 172608679
2 3577 552
1 1 3014 3 554720562
1 0 569 3 195804117
2 2317 1845
1 0 3692 4 161029648
1 1 2368 1 791741382
1 1 738 1 152098234
1 0 556 3 37618140
1 1 3157 3 943355956
1 0 2384 3 767439008
1 1 941 3 841274960
1 1 2251 2 143361348
1 1 2618 2 492603321
1 0 1165 1 919223204
1 0 1149 3 462451281
1 0 3444 4 695575575
2 2242 1895
1 1 227 3 340449436
1 0 1459 3 127300350
2 2898 3309
1 1 867 3 672118872
1 0 2157 1 489143596
1 1 312 3 789230261
1 0 1251 3 168475707
2 3444 357
1 0 482 3 332781142
1 1 3561 4 469382807
1 0 2429 1 172617702
1 0 1405 2 135721132
1 1 2783 3 106946619
1 1 3391 4 823527926
1 0 3861 2 308875969
2 1948 2838
1 0 738 4 18857213
1 0 2507 2 231264182
2 3983 3896
1 0 1313 1 65884238
1 0 2764 3 981487321
2 1227 114
1 0 855 3 367607961
1 0 2266 2 769330482
2 1259 499
1 1 3880 2 356071370
1 1 141 4 934770382
1 0 1265 3 740738962
1 0 692 3 243602339
1 0 2863 3 291426938
1 1 579 4 307604220
1 0 2663 3 620095246
1 1 3791 4 884721012
2 2134 3969
1 1 2112 4 747122826
1 0 2556 3 451855882
1 1 3738 2 503042610
2 2547 3516
1 1 2670 1 168403292
1 1 110 3 884198911
1 1 1272 3 241867348
1 1 1029 4 518343915
1 0 1621 1 895824441
2 2565 1890
1 1 3546 4 143379702
1 0 1819 3 655462642
2 335 2052
1 1 3992 1 680909332
2 114 3897
1 1 424 4 317361194
1 1 1994 1 365191849
2 3751 2324
1 1 1416 2 673260064
1 0 2363 1 13097925
1 0 187 2 83860427
1 0 2248 4 5762529
1 0 1773 3 558887435
1 0 75 1 456130803
1 1 1875 3 636686244
1 1 3394 4 178269657
2 3733 611
2 1924 1515
1 0 111 2 126504668
1 0 3132 3 237016968
1 0 2462 2 131626279
2 741 241
1 0 1795 4 618452752
1 0 3458 4 775050843
1 1 1774 1 768538597
1 1 944 3 219952845
1 1 1358 3 566837124
2 2489 297
1 1 373 4 984725833
1 0 3238 3 274282610
1 0 699 4 48945783
1 1 713 3 491186377
1 1 1329 3 230299565
2 3074 1085
1 1 3286 3 420778727
1 1 2916 4 559430973
1 0 2297 2 953369335
1 0 3628 4 987881177
1 0 1901 4 512129433
1 1 3515 4 855908949
1 0 507 2 597922105
2 1603 1921
2 1375 289
2 306 3639
1 0 2644 4 526237080
1 0 1495 3 955640304
1 1 881 1 784539617
1 0 710 1 315013674
2 1262 838
1 1 1136 2 725000745
2 3907 1682
1 0 2276 3 91986331
1 1 1291 4 965466928
1 0 2594 3 280726250
1 0 989 4 311618660
2 3636 2972
1 0 565 4 785796217
1 0 1908 4 905359075
1 0 2893 1 605080563
1 1 2733 3 136558577
1 1 3737 3 530292056
2 3140 1765
1 1 501 3 315132176
1 1 2845 2 890050307
1 1 426 3 829365779
1 0 1052 3 110310961
2 877 2533
2 2187 2238
1 1 1143 2 577715859
1 1 1356 1 285274196
2 3651 3717
1 1 1510 1 768205879
1 1 229 4 125310448
1 0 3520 4 296019166
1 0 3033 3 353967923
1 1 3476 4 80936152
2 2941 1754
1 0 2086 1 173693014
1 1 2933 4 475604514
1 0 2333 3 562536432
1 1 2157 4 890084797
1 1 588 2 410615985
1 1 1812 4 508946778
1 1 2482 1 960530024
1 1 1082 3 153329964
1 0 1457 1 556558924
1 0 2639 1 929317337
2 2841 507
2 3036 2540
1 0 1535 4 306336757
1 0 1637 4 644190808
1 0 3378 1 271889355
1 1 722 4 278519691
1 1 2632 1 59190423
2 824 2896
2 1202 178
2 3690 861
1 1 3024 3 808891233
1 1 903 2 659509715
1 0 2112 1 605840715
1 1 891 4 430173412
1 0 1215 4 444417999
1 1 2194 3 668343940
1 0 3447 2 207771085
1 1 894 1 402937612
1 1 2479 2 768702507
1 0 3891 3 449697656
1 0 1396 3 9549201
1 1 2553 4 564184734
1 1 2864 2 788910608
1 1 2288 4 195499614
1 1 2366 3 770352485
1 1 2067 2 924646121
1 0 298 2 150908022
1 1 3366 3 503184171
1 1 2317 1 945868776
1 0 2707 2 646055321
2 114 3860
1 0 2575 1 70520636
1 0 1694 4 852283855
1 0 1592 4 807353924
1 0 2047 3 623360617
1 1 3274 3 468219901
1 1 2877 2 917350549
1 0 592 1 900116181
1 0 2551 3 657418513
1 0 1030 4 54743850
1 1 1496 1 90417952
2 990 651
1 0 2069 3 778503766
2 3169 844
2 2958 1007
1 1 178 4 555930946
1 1 3800 2 757342366
1 1 1445 1 320037298
1 1 1158 3 87535692
1 1 1702 4 960933973
1 1 1964 4 718328186
1 1 1063 3 845761393
1 1 1712 4 196425746
2 1659 1337
1 0 3837 3 651659254
1 1 967 2 477716265
2 280 1029
1 1 2428 1 786898574
1 1 3653 2 81078793
1 0 1276 4 770367212
1 1 2742 4 659274818
1 1 3307 4 983643660
1 0 425 3 638350510
1 1 2593 1 915495545
1 1 2632 3 360953415
1 0 2298 2 959274421
1 1 2231 2 359843638
1 0 1667 1 817194130
1 1 1651 2 636410735
1 0 2602 3 137445439
1 1 870 4 413211720
1 1 2292 1 536169484
1 1 1568 2 909898015
1 0 1607 2 326220213
2 2135 982
1 1 3884 1 304505530
2 3331 3261
1 1 651 2 380508070
1 1 3788 4 627076987
1 1 1439 1 44270439
2 2020 800
2 226 824
2 803 3878
1 0 706 2 795650713
1 0 749 3 971070168
1 1 439 1 731840945
1 1 1972 1 880264993
1 0 52 1 899262002
1 0 1320 1 347830263
1 1 949 1 144692921
1 0 1922 4 197221240
1 1 3880 2 584914003
1 1 532 1 632993520
1 1 3509 4 670297296
1 1 2038 1 432142371
1 0 612 3 912021611
1 1 784 2 133082965
1 1 1828 4 247785225
1 1 1573 4 514122407
2 2838 2355
2 371 3385
1 0 2045 3 592333684
1 1 847 1 117690995
1 1 1717 2 466573066
1 1 52 3 576609333
1 0 440 3 744342836
1 1 2581 3 59981351
2 3438 1281
1 0 2519 1 857204114
2 1259 350
1 0 3156 1 612042281
1 0 3965 4 155744107
1 0 562 3 323393969
1 1 3431 3 854132585
1 0 2343 4 721251667
1 1 3712 4 832688961
2 2715 3802
1 1 2564 1 560959236
1 1 2382 1 969059809
1 1 2397 3 844911738
2 3188 2880
1 1 736 3 709954066
2 2884 1375
2 2187 3276
1 0 1978 4 366049874
1 0 143 1 46201161
1 1 400 2 573147231
1 1 3730 3 838842517
1 0 69 3 519261918
1 0 2851 4 325309236
1 1 924 1 933106618
1 0 408 2 116274668
1 0 2695 2 473421056
1 0 414 2 195460144
1 1 3516 2 568127110
1 1 2960 2 953368118
2 859 2297
1 0 3930 4 478683699
1 1 293 1 56431868
2 1107 1859
2 319 2070
1 0 2404 1 726093591
1 1 1442 4 717325741
1 0 457 3 261123570
1 0 1365 3 423955029
1 0 1882 4 139691020
1 0 1983 4 312827902
1 1 3868 3 592114682
1 1 2247 4 431632265
1 1 3120 1 287013580
1 0 3255 4 954854049
1 0 575 1 52404690
1 0 1057 1 526271271
1 1 2241 3 252365588
2 1796 2135
1 0 3857 1 845059610
2 1914 508
1 0 3224 2 181187364
1 0 3318 2 190582332
1 0 2019 2 543685435
1 0 1792 3 636516727
2 2627 3939
1 0 3658 4 313740343
1 0 538 4 59316897
1 1 1326 2 37780184
1 1 2677 2 391890759
1 0 492 4 896878468
2 528 1222
2 159 3958
1 1 2805 4 336232919
2 2150 2298
1 1 515 4 705773967
1 1 1684 4 81571225
1 1 269 3 298862766
1 1 3376 2 895285908
2 557 149
2 3991 971
2 3155 722
2 907 3939
1 1 1504 1 141538911
1 1 1312 3 753634789
2 2368 195
2 2078 2803
1 0 1613 1 255786863
1 0 3664 3 858380071
1 0 3959 3 539230164
2 538 779
1 1 726 4 709771810
1 1 946 2 284977813
1 0 1507 1 437760537
1 0 1915 4 801898693
1 0 3688 4 198787507
1 1 3626 4 600617534
1 1 1902 1 278541788
1 0 114 1 764028784
1 1 3115 3 457501815
2 1172 3322
1 1 2438 3 862848523
1 0 173 1 217397519
1 0 3118 3 251705844
1 0 1208 2 652193229
1 1 1407 1 66572151
1 1 1869 3 230574815
1 1 769 1 471038297
1 0 530 1 948888719
1 0 3593 3 544189724
1 1 284 4 718060195
1 0 371 1 460589646
1 0 1141 3 112037799
2 637 3930
2 972 1055
1 0 3638 2 41760486
1 0 466 4 930928727
1 1 2436 2 426578740
1 0 1499 2 699386623
1 0 3794 3 743613621
1 1 1872 4 664796005
1 0 887 1 294248773
1 1 631 2 847358461
1 0 1784 4 390818297
1 1 2321 3 752454862
1 0 1168 1 893464787
1 0 1805 4 397112997
1 0 1115 2 887598054
1 0 196 1 641669239
1 1 3739 4 146040903
1 1 1407 3 127311407
2 2482 61
1 0 1112 4 601850006
1 1 3761 3 719727481
1 1 404 2 960151876
1 0 1402 4 436900665
1 1 1973 2 819277799
1 0 3895 4 994737315
1 1 1818 1 771670467
1 1 1317 2 941122426
1 0 2296 4 714869683
1 1 306 1 900035123
1 0 3010 2 603389478
1 1 876 3 756568671
1 0 1431 3 269343525
1 1 3285 4 410702169
1 0 715 4 21841177
1 0 1815 4 128400376
2 318 3671
1 1 3814 3 863663088
1 1 171 2 208517579
2 3978 2473
1 0 3232 1 414931841
1 0 3579 2 560877287
1 0 1991 1 992108141
1 1 1898 2 29515751
1 0 3995 1 872818134
2 470 1713
1 0 1296 2 898227799
1 0 734 4 366381583
1 1 2475 1 313055148
2 3066 3761
2 1894 3056
1 1 3730 3 94121989
1 1 102 4 301860158
1 0 3591 2 232877128
1 0 3256 4 296606401
1 0 1821 1 633622259
1 1 3711 3 906732882
1 0 1418 4 940138563
1 1 2407 4 169609621
1 0 2591 3 356844664
1 0 2111 4 418754962
1 1 2846 1 323110166
1 1 1273 4 315944310
2 3342 3138
1 0 3004 2 981219272
1 1 3130 1 38686523
1 1 2098 4 223736828
1 0 911 2 981946984
2 1023 3241
1 0 850 4 373440999
1 0 3516 3 945421907
1 1 3933 2 825485795
2 720 59
1 0 2620 3 941075102
2 3593 786
2 3098 2610
1 1 1710 3 524079683
1 0 1564 3 41595690
1 0 1526 1 981298131
2 1941 205
1 0 996 1 164279803
2 1445 1801
1 0 1356 4 981470688
1 0 213 3 811956520
1 1 346 4 824767105
1 0 2147 1 715318391
1 0 330 4 278566633
1 0 1190 2 853389507
1 0 3212 1 331284636
1 0 3340 4 539057131
2 756 2521
1 1 1606 3 379804058
1 1 1148 4 998342790
1 0 632 1 134055744
1 0 642 4 874225075
1 0 1909 1 863308045
1 0 1327 2 542693578
1 1 35 4 64069552
1 1 2230 4 639986283
1 1 3497 1 114753304
1 1 3815 3 286897728
1 1 3291 3 352729045
1 0 411 2 239176092
2 658 651
2 949 2796
1 1 3215 4 596201175
2 629 118
1 0 2793 4 780583107
1 0 3709 3 774239398
1 0 3338 2 121475809
1 1 1770 3 856934094
2 2960 1631
1 0 584 3 697804673
1 1 2891 2 359987312
1 0 2996 4 440993303
1 0 470 1 996766352
1 0 2714 1 351400994
2 3644 685
1 1 1138 4 597908164
2 2420 1757
1 0 2186 1 42387799
1 1 268 2 483199671
2 3917 3066
2 3161 3721
1 0 3622 1 302984448
1 1 3814 4 247002357
1 1 3888 4 728322515
1 1 3797 4 925280639
1 1 726 2 379017500
1 1 284 3 171162290
1 0 3992 1 466254968
1 1 772 2 848099921
1 0 19 3 721314526
2 3818 98
1 1 293 1 329146741
1 1 3271 2 936130505
1 1 2135 2 796562243
1 1 3561 2 808779152
1 1 1997 4 638345097
2 1322 356
1 1 323 2 494147394
1 0 1406 4 670794622
1 1 620 1 478421114
2 706 696
1 1 2602 1 405422026
1 0 2300 2 18688707
1 1 2730 1 353089011
1 0 2042 4 902249223
1 0 113 4 426975324
1 0 197 1 876168384
1 0 2516 1 888623451
1 1 1457 1 582924530
2 989 67
1 1 2876 3 514595945
2 693 1241
2 3343 964
1 0 3488 4 691071108
2 571 2809
1 1 512 1 748797130
1 1 53 4 345360894
2 2654 415
1 1 1940 3 285241627
1 1 3005 4 443589455
1 1 340 4 82129697
1 1 2321 4 946966500
1 1 308 4 812772187
1 0 171 3 60252589
1 0 2646 3 397598866
1 0 3735 2 65329385
2 3117 3984
1 0 1553 1 244899393
1 0 3325 1 476206705
1 1 151 4 727836034
1 0 3345 3 990552585
1 1 201 2 57261494
1 0 3700 4 443501770
1 1 1391 3 656100020
1 1 155 2 768569397
1 1 1283 1 75191371
1 0 1654 1 523011939
1 1 2712 3 955838280
1 1 970 3 6387895
1 1 844 2 983892663
1 0 1427 2 183987591
1 1 3769 1 408496756
1 1 3639 3 223757454
2 2623 1193
1 1 773 1 141664110
1 0 2577 4 587478846
2 2669 1923
2 2921 3657
1 1 3906 1 419430241
1 0 1611 1 21857388
2 1779 367
1 1 1650 2 146631245
1 1 2870 4 291419696
1 1 3727 4 969553659
1 0 428 1 911025731
1 1 849 2 34252717
1 0 866 1 645946400
1 1 2314 4 553417636
1 0 617 2 524659111
1 1 1530 4 33197739
1 0 3568 3 180921182
2 626 3737
1 0 1797 3 603762316
2 2467 1097
1 1 3179 2 345585990
1 0 3004 3 338728705
2 379 2159
2 3576 3350
1 0 3043 2 576591008
1 0 3144 1 61855710
2 3375 3030
2 1095 3143
1 0 1834 3 403140455
1 0 3206 1 159782692
1 1 1068 1 405595189
2 3139 907
1 1 2535 2 493650009
1 0 3528 4 967314568
1 0 2430 2 677138287
1 1 2233 3 636357401
1 1 1785 2 75267563
2 2170 1631
1 0 3308 4 340484961
1 1 1636 3 755113300
1 0 1966 1 647299257
2 179 2775
1 0 817 3 57483102
2 2966 3813
1 0 966 2 764101824
1 1 1366 3 729745402
1 0 3077 3 304716579
2 1949 3293
1 0 1715 4 695367985
1 0 2412 4 434745859
1 0 3263 2 418488376
1 1 2903 4 342727124
2 1098 2101
1 0 2966 2 727187566
1 0 3934 1 17134941
1 0 1270 1 330711038
1 0 2541 4 15264974
2 2584 2185
1 0 1534 1 126291484
1 0 2061 3 555633402
2 734 2756
1 1 812 2 194820429
1 0 850 3 254710843
1 1 1095 2 912595760
1 0 994 4 674095655
2 3291 353
2 2754 3186
1 1 895 2 945976273
1 0 2334 4 550154058
1 0 3474 3 608768471
1 0 2216 4 404145802
1 0 1813 2 115692479
1 0 3320 1 15801172
1 1 2121 1 167273096
1 1 2532 1 391942394
2 2578 1175
1 1 818 1 68478176
1 1 896 3 589646038
1 0 894 3 865468995
2 3257 2349
1 1 2761 4 978038885
2 2255 1871
1 0 1646 2 661984474
2 1558 813
1 1 3550 1 566709464
2 2237 3931
2 742 2470
1 0 2018 4 284837677
1 0 2189 3 375824426
1 0 877 1 932081217
2 510 282
1 1 2669 4 329342209
1 1 3805 1 432382337
1 1 2028 4 612877430
1 0 3377 3 844581985
1 1 3802 4 711249793
1 1 2353 3 491406474
2 3162 1116
1 1 387 4 908900280
1 1 1400 4 719200858
1 1 1994 4 581936656
1 0 1562 1 630267892
2 356 1685
1 1 679 3 995788940
1 1 734 3 687224161
1 1 512 2 481847219
2 3452 903
1 0 2434 3 825755522
1 1 3972 2 986456263
1 1 3143 3 538519814
1 0 2253 2 613360362
1 1 3359 1 78703755
2 1697 1304
1 0 3250 3 272016148
1 0 781 3 217146079
1 0 3949 4 45428799
1 1 1680 3 654602900
1 1 2579 2 438856712
1 0 3334 2 745537207
1 0 3989 2 979599730
1 0 1287 1 310383199
1 1 3991 4 849852162
1 1 3350 2 820402848
2 1051 1304
1 0 774 2 469277746
1 1 1674 1 476614105
1 1 251 3 151657342
1 1 3239 1 736290809
1 0 255 2 73130462
1 1 1079 3 177866141
1 0 26 3 947065487
1 0 2034 3 452659191
1 0 221 1 581137197
1 1 3600 2 565385932
1 0 2034 1 462557147
1 1 1464 2 787973830
1 0 1933 2 656107770
1 0 3754 2 850791971
2 1504 1210
1 0 345 1 761948797
2 3476 1064
1 1 553 3 284201821
2 250 3507
1 0 237 3 266532618
1 0 528 4 886961789
1 0 1437 4 351307807
1 0 2603 2 815553172
1 0 1249 1 804556922
1 0 2412 2 446861498
1 1 3436 3 507438325
1 0 2777 4 379497836
2 1273 1478
2 3671 3635
1 1 259 3 771612285
1 0 1062 4 275222787
1 0 2081 4 825039769
1 0 136 4 524631018
1 1 1407 3 988862050
2 647 1819
1 1 447 1 349843655
1 0 1157 3 839546422
2 306 2960
1 0 429 4 305781658
2 711 1869
1 1 598 4 140579548
1 0 2206 2 343774614
2 474 3764
2 423 1925
1 1 358 1 479023436
1 1 3993 4 442820911
1 1 1599 4 923935152
2 3305 3584
1 1 3051 4 740802341
1 0 2457 1 974821821
1 1 3932 2 653041430
1 1 1145 2 551044203
1 0 3579 2 53420938
1 1 473 4 658775995
1 0 2433 1 725032418
1 1 2317 2 420068158
1 1 2183 1 392030751
1 0 1723 3 374776381
1 0 238 1 302007117
1 0 2160 4 86094708
1 0 231 3 110672776
1 0 187 3 51576095
1 0 1152 1 280442237
1 1 2795 2 757258115
2 1327 3817
2 426 1850
2 3020 486
1 0 1074 1 490894788
1 0 3506 4 130443211
1 0 2411 1 927484522
1 0 2064 4 520057485
1 0 809 1 454321401
1 0 2703 2 421309027
2 3336 1291
2 1117 125
1 0 2378 3 612377307
1 1 3026 4 589022305
1 1 3462 4 535043194
2 2767 2969
1 1 1557 1 420237024
1 1 44 3 930240828
1 1 3199 3 583698882
1 0 3555 4 545141363
1 0 3219 3 669055041
1 0 1965 4 240727639
1 0 3775 1 901386415
1 1 2968 1 220593866
1 1 1793 1 559461307
1 0 2134 4 226973538
2 1618 2191
1 1 3863 4 567885847
1 1 1145 2 179349733
1 0 1255 4 582517493
1 0 1230 2 199632212
2 1222 2551
2 719 2389
1 0 117 4 205803586
1 0 1508 3 57551127
1 0 471 3 685836425
1 0 396 4 999981320
1 0 726 3 989379005
1 1 3746 2 319562711
1 0 1095 3 24311429
1 0 627 4 612040016
1 0 871 3 320692878
1 0 737 4 762949564
1 1 1802 3 116805077
1 1 2207 2 771048308
1 1 3765 3 453441510
1 0 602 4 379407546
1 1 2092 1 885503280
1 0 662 2 383269514
1 0 3174 3 668301659
1 1 671 4 278456173
1 1 3808 3 934999125
1 1 1854 4 104344780
1 1 3040 4 143819230
1 0 2986 4 196619941
2 3151 2972
1 1 2406 1 604298430
1 1 1745 4 796976128
1 1 3898 1 680380405
1 1 1923 2 45934619
1 1 3358 3 348493485
1 1 1386 1 404160435
1 0 1835 2 388013943
1 0 2676 1 707716344
1 1 805 2 868189333
1 1 1407 2 889401294
1 1 3956 3 825258093
2 3492 747
1 0 3664 1 933905826
1 0 3256 3 248286360
2 3979 1799
1 1 256 2 499137220
2 1846 1575
1 0 3226 3 454380753
2 382 2337
1 0 2202 3 218410275
2 1866 2780
1 0 656 1 650108136
2 3029 2456
1 0 3556 3 439575642
1 0 557 3 310613396
2 432 764
1 0 192 1 335627002
2 2797 2374
1 1 1284 3 443918181
2 1868 2358
2 2215 867
1 0 2509 3 233458525
1 1 2039 2 821561874
1 0 1869 1 689942238
1 0 1403 3 643369713
1 0 526 1 565337412
2 3755 105
2 462 279
1 0 454 3 148151880
1 0 776 3 129293467
2 2363 638
2 2523 235
1 0 2429 3 291920921
1 0 1139 3 793687917
2 3169 1168
1 1 708 4 48793958
1 0 3094 3 407590734
2 577 1791
1 0 751 3 282033494
1 1 2079 3 242875999
2 1294 1873
1 1 749 4 954863517
1 1 3998 3 865315618
1 0 919 4 275499464
1 1 990 4 626757934
1 1 3024 1 927734139
1 0 3008 2 812467133
1 0 2382 4 239488926
1 0 2475 1 790326992
1 1 2489 2 707393151
1 0 762 2 291390973
2 518 2847
1 1 619 3 979906912
2 3893 623
1 0 1378 2 632079233
1 1 2246 2 464319235
1 1 2168 2 786085755
1 1 2669 3 662860543
1 1 3022 3 833365522
1 0 1176 4 410031921
1 0 302 3 630243850
1 0 2346 3 873236898
1 0 3720 2 744018201
1 0 2508 2 746535966
1 1 884 2 910221296
1 0 2467 4 234838360
1 1 3231 4 986207659
1 1 3707 3 611542174
1 1 3893 1 71722024
1 1 3065 4 735690208
1 0 506 4 123414813
1 0 553 4 792484558
2 1777 978
1 1 1788 1 884074702
1 0 2988 4 554539321
2 1751 2381
1 0 167 2 350214840
1 0 1770 2 297309608
2 3984 2419
1 1 824 3 512086780
1 0 3857 2 679745775
1 0 354 1 187862866
2 2392 1715
1 1 314 4 960055691
1 1 1578 2 135890621
2 2383 1182
1 0 1634 2 556441771
1 1 2977 2 146496681
1 1 3246 3 138716371
1 0 3196 3 103717596
1 0 652 1 38493892
1 1 2398 1 649357268
1 1 906 2 3526808
1 1 3519 4 435984759
1 1 2922 4 974864489
1 1 702 2 426625630
1 1 3215 3 389508001
1 0 2436 3 547449362
1 0 2774 1 217606220
1 1 1561 4 139061091
2 419 611
2 249 3155
1 1 3116 1 995207707
2 1697 740
1 1 3635 3 905533793
2 233 880
2 2078 1865
2 3926 3472
1 0 815 2 78723614
1 1 4000 3 461705890
1 1 2820 3 6141603
1 1 1569 3 252844144
1 1 321 3 513168181
1 1 3941 1 172867349
2 559 3660
1 0 948 4 693832438
2 2966 1286
2 660 2381
1 1 57 1 138447486
1 0 1472 3 108960787
2 1666 621
1 0 3485 2 118985336
1 0 777 2 879476202
1 1 3155 2 723681390
1 1 2328 3 906990616
1 1 884 4 630816475
1 1 1108 3 205093683
1 1 2898 1 645448011
1 0 729 3 248105734
1 1 3121 1 579739741
1 0 2814 3 856209276
1 0 290 3 187442164
1 1 1241 2 631811944
1 0 948 4 657761526
1 0 2629 4 692178894
1 0 3160 1 352939150
1 0 3681 2 838269408
1 0 1022 4 909485545
1 0 580 2 348749118
1 1 2617 2 640792299
1 0 1620 3 944420400
1 1 1506 3 237818931
2 1593 3193
1 1 1830 4 733428409
1 0 3437 2 503971172
1 0 3972 3 478392850
1 1 2584 3 439678024
2 2975 440
1 1 2718 1 834756534
1 0 2555 2 793843745
1 0 1187 4 787787123
1 0 951 1 315631273
1 1 789 3 531988889
2 3766 2558
2 981 2317
1 1 2079 1 140007120
1 0 3136 2 63269287
1 1 3872 1 320935893
1 1 92 4 496634440
2 1603 15
1 0 2059 4 600615486
1 1 3195 2 703822087
2 3355 722
1 1 1912 1 28504549
1 1 1877 3 271698782
2 2381 3583
1 1 1677 4 190179108
1 0 3332 3 432304856
1 1 3714 4 101033329
2 3755 436
1 0 1235 3 362226974
1 1 1194 2 545244848
2 81 2183
1 0 2168 3 706939828
2 13 3678
1 1 3964 3 82818910
1 0 1709 2 275562893
1 0 2017 3 37698688
1 1 1264 1 704318504
1 0 2347 3 85020254
1 1 935 2 106586638
1 0 2946 4 59605221
1 1 3958 1 751284888
1 1 1114 4 929881403
1 0 1514 2 892342598
1 0 3905 3 949728541
1 1 2064 3 676162910
1 0 1488 3 454495338
2 52 3643
2 3505 3539
1 0 1858 1 1082591
1 1 3893 4 61971921
1 1 2208 4 588233020
1 0 2186 1 258869376
2 3094 2748
1 1 3473 3 641886903
1 1 3310 3 759954892
1 1 3404 3 501159578
1 0 1821 1 969566216
1 0 1078 1 858582016
1 0 3593 4 235335116
1 0 1343 2 762911900
1 0 1426 2 60154095
2 2100 1287
1 1 1370 4 804799086
1 1 12 4 378495802
1 0 1769 4 570241927
2 567 2441
1 0 1298 2 350178112
1 1 4000 4 827855115
2 1491 3345
1 0 3609 3 844064095
1 1 1251 4 62772303
1 1 2362 4 584020952
1 0 2547 4 726664621
1 0 696 4 40113583
2 70 3970
1 1 1567 2 585773364
1 0 914 1 73639127
1 0 3095 2 188943907
1 1 3337 1 150518162
1 1 737 1 757954108
1 0 715 1 580389089
2 828 870
1 0 368 1 407199926
1 0 2201 4 739802238
2 2127 12
1 1 2330 4 38896355
1 0 1318 3 763844247
1 1 2320 1 337052530
2 3099 3510
2 1177 2104
2 2490 3295
1 1 2934 3 275851082
1 0 396 2 14143060
2 3330 2289
1 0 3552 4 114888451
1 0 2754 2 921719555
2 1525 810
1 1 473 4 568635566
2 1804 1406
1 0 1126 2 617058739
1 1 3509 1 146456600
1 0 675 3 108818904
1 0 3996 1 95857229
1 1 2881 4 309246432
1 0 2845 3 335682179
1 1 3888 4 336511678
1 1 542 2 310850392
1 1 2754 3 739067041
1 1 2293 4 940871309
1 1 3184 1 575706701
1 0 246 3 655591904
1 1 766 3 775842021
1 0 2436 4 230672619
1 0 2379 2 316493915
2 3832 1963
1 0 1367 3 793778335
1 0 2991 3 656442861
1 1 1754 2 728336824
1 1 1078 4 400121200
2 3270 2195
1 1 2703 3 278564183
1 1 2923 1 744147694
1 0 915 4 585599740
2 1268 3996
1 0 2952 3 458162388
1 1 3630 4 451687191
1 0 3531 4 648628735
1 1 1074 3 918591845
1 1 438 2 277880851
1 1 418 1 79241225
1 1 1811 4 29369203
1 1 1987 1 393803194
1 0 3312 4 231021512
1 1 3498 3 422247254
2 2293 2475
1 0 544 3 834083539
1 1 1929 2 585114371
1 0 1972 3 712625650
2 1795 654
1 1 3734 2 112819955
1 1 865 1 217468252
1 1 1307 1 35431865
1 0 356 4 346550439
1 0 3450 1 937303186
1 1 2309 4 38392077
1 0 879 4 667561401
1 1 2844 4 916125071
1 1 3959 1 779252927
1 0 2935 3 671469127
1 0 319 3 56057102
2 258 668
2 3299 1499
1 0 2929 3 583168639
1 0 282 2 576306708
1 0 2349 1 188917188
1 1 2318 1 519010378
1 1 2632 3 988511247
1 0 1156 3 547451366
1 0 424 4 38386645
1 0 2548 3 175719683
1 0 1192 2 481315366
1 1 879 3 450659715
1 1 3917 3 781263343
2 2933 1168
1 0 1030 3 144221277
1 0 3623 4 18333780
1 0 2032 4 197420826
1 1 3255 3 453409654
1 1 3356 2 424883473
1 1 2317 2 650689822
1 0 1029 1 770061971
1 0 3079 2 529154938
2 399 2019
1 0 1070 4 913445372
2 1561 1041
1 1 456 3 764373619
1 1 1031 1 999245338
1 0 2628 1 320758059
1 0 2138 3 649958413
1 0 3761 4 268003252
2 854 116
2 498 3351
1 0 3746 3 184726387
1 0 2474 1 942540064
1 0 470 3 427949011
2 2501 3221
1 0 3846 4 325271351
2 3024 2816
1 1 2796 4 873156338
1 1 3597 3 658597554
1 0 2246 3 738799859
2 3222 2993
1 1 1167 1 467346219
1 1 3035 3 307406630
1 1 1342 1 225937959
1 0 2283 3 496730549
1 0 426 3 954954592
1 0 222 4 177461361
1 1 2623 1 510972303
2 150 1111
1 0 2134 3 967817327
1 0 2277 2 367864485
1 0 2142 3 387761755
1 1 528 2 997141202
2 1766 3073
1 1 408 3 243094161
1 1 1836 3 91286889
2 1185 1750
2 1455 274
1 0 2429 1 796172278
1 1 718 4 315453259
1 0 3271 3 310268407
1 1 506 3 666107800
1 1 2017 4 474995167
1 0 376 1 597080978
1 0 2258 4 77253851
1 1 23 1 889628119
1 0 3939 2 169195859
1 1 3624 4 342503987
1 1 3088 1 118503899
1 0 3176 4 487049431
2 46 1542
1 1 263 1 727143006
1 1 2892 4 970105114
2 3062 1491
2 2600 1045
1 1 3838 4 863193528
1 0 217 4 514912175
1 1 2680 4 477117363
2 1541 522
1 0 550 1 533581521
2 1026 2796
1 1 3570 1 79680145
1 1 1182 1 216274729
1 0 1645 2 845096391
1 0 3075 3 688160997
2 2110 1498
1 1 2356 2 266049906
1 1 451 4 899777342
1 0 1470 4 247672847
1 1 2733 2 870134455
1 0 1981 3 743225605
1 1 285 3 427829455
1 1 3642 3 76802100
1 0 3774 2 910903880
1 0 1681 3 190531173
1 0 3679 3 923473191
1 0 2760 1 276257566
1 0 84 1 547217693
1 1 175 2 760223886
1 0 1522 4 188821091
1 1 2627 3 682390304
1 0 1039 1 578559119
1 1 2342 4 937495530
1 0 2539 3 246907703
1 0 1487 4 510149166
1 1 1285 2 548254560
1 0 3025 3 916562067
2 1390 833
1 1 1354 3 396034873
1 0 3557 3 930245687
1 0 2550 2 794029141
1 1 2647 2 698164713
1 0 365 4 71808756
2 2509 427
2 3303 699
1 1 1417 1 159630670
1 1 580 3 98791246
1 1 2052 1 274235075
1 0 1026 3 24469934
1 0 3863 3 848748163
1 0 3159 1 487667678
2 3927 2964
2 1019 1217
1 1 3786 2 130622689
1 1 1545 2 583126948
1 1 1198 1 534517077
1 1 3205 2 372282269
2 122 3617
2 23 3403
1 0 2704 3 7303748
1 0 3510 1 268296837
2 1693 3579
2 2687 1542
1 1 2968 4 919975868
2 1834 1763
1 0 2079 4 542020331
1 1 1452 4 907468541
1 1 3266 3 191077602
1 1 2901 3 362974377
1 1 1741 1 577397108
1 0 2754 4 788627120
1 1 186 2 494843360
1 1 2450 1 540581626
2 3320 3774
1 0 801 2 367463425
1 0 193 4 370951187
1 1 2932 3 164197370
1 1 1618 2 214642420
2 1367 2986
1 1 3735 3 548223211
2 3320 3744
1 0 208 1 248179157
1 1 2811 1 535831013
1 1 2676 4 720708234
2 2199 903
1 1 337 4 241866285
1 0 1763 4 646075884
2 980 593
1 1 2577 2 200453591
1 1 1125 4 296637891
2 294 1181
1 0 2507 1 604142983
1 0 1352 1 922084334
2 3495 3183
1 0 85 2 898197423
1 0 2285 2 30968881
1 0 528 3 821030877
1 1 1949 1 771539885
2 1183 2565
2 731 3040
1 0 2642 1 351890490
1 1 3911 4 280349482
1 0 993 2 243893929
2 1028 2383
1 1 52 2 149796755
1 1 3108 1 993020837
1 1 676 1 22391770
1 1 887 2 442812776
2 1149 2387
1 0 1667 3 916208113
1 1 1816 1 978561383
1 0 2633 2 777809191
2 789 2520
1 0 2969 1 759492199
2 2173 2133
1 0 208 3 920396013
2 3776 554
1 1 3677 1 776575597
2 1478 2360
2 1798 1704
2 3646 3613
1 1 3087 3 677747968
1 0 2630 1 169953419
1 1 1476 3 994649651
1 1 2041 1 262404290
1 1 2877 1 39617680
1 0 3228 2 203504826
1 0 2567 4 562935972
1 0 1743 4 844571246
1 0 2281 3 594610903
1 0 963 4 559469880
1 0 3801 3 687717682
1 0 3299 1 237115351
1 0 15 2 761838005
1 0 1303 1 893666985
1 1 3892 1 943118006
1 0 3334 2 120307528
1 1 3158 4 558562498
1 1 3893 1 875979164
1 0 2369 4 752842580
1 0 3317 1 203681666
1 1 2161 4 530384928
1 1 1445 2 62157602
1 1 2040 2 502740830
1 1 1623 2 351306477
2 3801 2345
1 1 3228 1 976081174
1 0 2285 4 80311242
1 1 3518 3 965484330
1 1 660 4 581053990
1 1 1113 3 122286893
1 1 3522 1 447843263
1 1 2288 3 680958741
1 1 3803 2 645532131
1 0 1300 3 527847734
1 1 2508 2 883579191
2 1351 2579
1 0 3227 4 45250687
1 1 3395 2 117146597
1 1 2503 1 26421613
1 0 1996 3 6616406
1 1 3984 2 393557147
1 1 827 3 63066732
1 0 2085 2 376451454
2 3006 949
1 0 143 4 272689521
1 1 1479 1 900648480
1 1 2216 3 291774556
1 1 2794 3 435054035
1 0 189 1 710210596
2 255 3871
1 0 1824 2 222510210
1 1 1478 3 104343852
1 1 1581 4 261152340
1 1 1550 4 636948368
1 1 1400 1 575337790
1 0 805 4 938011626
1 0 3153 3 440324288
2 3963 1986
1 1 3853 3 370052167
1 0 34 2 999800645
1 1 147 1 149389821
2 1208 3071
1 1 1269 2 285426998
1 0 3741 2 346777631
1 0 3479 3 951029252
1 0 355 4 404953426
1 0 3274 1 880957844
1 0 569 3 877855540
2 1114 237
1 0 3764 2 520966845
1 1 2847 1 136531190
2 3159 609
1 0 1663 3 880878206
1 0 3846 3 284239773
1 1 1049 3 709157358
2 311 3479
1 1 2603 1 267264283
1 1 3585 4 732693713
1 0 1258 1 948826532
1 1 3259 1 144123888
2 1316 3215
1 1 1108 1 315932841
1 1 3173 3 198068121
1 1 198 1 653876009
2 2902 1246
1 0 356 2 579572662
1 1 1101 4 862128063
1 1 225 3 657461524
2 954 688
1 1 2380 1 960505932
2 2216 3865
1 0 1299 4 549396379
1 1 3920 1 675432046
1 1 412 3 387833145
1 0 1357 1 339629818
1 1 3175 1 697216648
1 1 72 4 741769638
1 0 1574 1 272025013
1 1 2579 4 825867781
1 1 514 2 398960663
1 0 954 1 329280726
1 1 1493 2 43823829
1 0 2650 1 526441756
1 1 1087 1 297390159
1 1 2907 1 616689403
1 1 3910 4 801384421
1 0 389 4 77587418
2 3956 1261
1 0 2965 3 670619804
1 0 1703 1 653878855
1 0 2131 3 275605333
1 1 1590 3 539718757
1 0 2125 4 604774569
1 0 3300 1 33432282
1 1 3866 2 337341530
1 1 1567 3 244599382
1 0 1873 3 861684389
1 1 444 3 649923502
1 0 1673 4 571419951
1 1 2537 4 475476158
1 1 2095 4 746117340
1 1 895 1 392177227
1 1 3482 3 69440664
2 2382 2497
1 0 1017 4 58795108
1 1 2351 3 687498286
2 58 2751
1 0 2440 3 878486134
1 0 2697 3 974084338
2 2932 1362
2 2398 2557
1 0 2127 4 191613092
1 1 3867 1 154060013
1 1 618 2 495564200
2 3182 1920
1 0 2685 2 414410817
1 0 1177 1 233888636
1 1 836 4 77342486
1 0 2073 4 622460993
1 0 233 1 914454607
1 0 2953 1 555235867
1 0 1971 3 206493690
1 0 1888 2 781807942
1 0 3435 1 312827849
1 1 2221 3 490584321
1 1 1990 2 820364110
2 2332 1686
1 0 1112 2 22888612
1 1 2680 2 760654537
1 0 1382 4 843441071
2 179 1674
1 1 2494 4 646361679
1 1 3709 1 827482274
1 1 1766 2 404558269
1 0 939 3 828956306
1 1 3943 4 408934207
1 0 708 4 26404665
1 1 2697 3 98087530
1 0 1076 2 836959660
1 1 1832 3 305463264
1 1 341 3 863238774
1 0 3731 1 850253108
1 1 3730 3 542873980
2 2563 3935
1 0 1061 3 547129410
1 1 3611 3 769415840
1 1 2902 1 254285887
1 1 3575 1 311345614
1 0 533 3 289127125
1 1 2937 2 933375283
1 1 3046 2 736891841
1 0 1983 3 944990559
1 1 2434 4 191794981
2 445 1070
1 0 1882 1 297534475
1 1 2851 3 464610795
2 3349 711
1 1 2592 1 729533892
1 0 810 3 33978601
2 1620 2559
1 0 2001 2 575694656
1 1 3862 4 401678548
1 0 3482 4 970382485
1 0 1697 3 929134466
1 0 1400 1 754871440
1 1 1456 2 460201180
1 0 3075 3 773870397
1 1 3612 4 180182918
1 1 632 4 28389842
1 1 835 2 313346808
2 3987 1306
1 0 3347 4 512023334
1 1 1855 4 975402008
1 0 1484 3 320351239
1 1 2735 1 652311855
1 1 1062 3 602915671
1 1 746 2 988582810
2 538 464
1 1 380 1 434499585
1 1 651 3 980750331
1 1 1824 3 965678819
1 0 852 1 523759522
1 0 2368 2 285342212
2 296 2002
1 1 558 4 323871427
1 0 3762 4 370185353
1 0 2198 4 459104929
1 0 2633 3 870033369
1 0 1852 1 236587360
2 242 3972
2 316 1330
1 0 379 4 984830400
1 0 1622 4 756789000
1 1 1601 3 638952002
1 0 456 1 603352748
1 1 3683 3 343179646
1 1 427 2 590223883
1 1 2518 2 69916817
1 0 3560 1 251746888
1 0 1795 1 689588500
1 1 699 1 576863244
1 1 2627 4 190751464
1 1 1524 2 154537874
1 0 2014 4 321680775
1 0 160 1 312218392
1 0 1721 4 593257323
1 1 2559 1 515640684
1 1 3898 3 575367947
1 1 1825 2 588120084
1 1 3084 1 342720108
1 1 3426 4 931109716
1 1 1423 3 476466631
1 1 1710 2 804582507
1 1 1629 4 47507637
2 3583 2917
1 0 362 3 749178441
1 0 1898 1 165636734
1 1 1326 3 587642302
1 1 1772 4 10754041
1 0 2954 4 631235995
2 617 3457
1 1 2597 4 253852622
1 1 3343 3 108982048
2 619 608
1 0 1575 1 27337469
1 0 277 3 839271392
2 1162 3116
1 0 3334 3 150955364
1 0 3390 3 336429377
2 2672 1380
1 0 86 3 105281111
1 1 655 3 809866092
2 3610 2762
1 1 2778 2 718946555
1 0 1386 2 175788317
2 3544 233
2 1266 1727
1 1 1779 1 907659724
1 0 3958 3 511204773
1 1 2855 2 682445733
1 1 3904 1 863461601
1 0 56 4 248540272
1 1 1346 3 128394395
1 0 2180 3 998346931
1 1 3920 3 931440664
1 1 205 3 676438163
1 1 2642 3 70097265
1 0 578 3 254991888
1 0 1897 3 797917313
1 1 1897 4 485919789
1 0 3850 4 453649871
1 1 1215 4 362447141
1 0 3461 3 921730610
1 0 1515 4 961452349
1 0 151 4 715163583
1 1 2621 2 862264746
1 0 3152 1 612215388
2 2924 2034
1 1 3614 1 398532533
1 0 3749 2 688676253
1 1 2228 3 553827858
2 3760 1503
1 0 666 2 486587429
1 1 1953 2 46007954
1 0 1716 3 995713427
1 1 3289 2 960837075
1 1 597 2 64262281
1 0 776 3 582787764
1 1 1412 1 28111682
1 1 2143 1 767394102
1 1 2845 3 794314336
1 1 629 3 669183114
1 1 780 2 349120394
2 1628 3395
1 0 691 2 174935808
1 0 1291 4 593775058
1 0 1703 3 693202490
1 0 368 1 686253930
1 1 3381 1 423679139
1 0 3596 1 52629797
1 1 2038 3 607473498
2 115 1335
1 1 3469 1 486513181
1 0 1302 1 276799563
1 0 450 2 36137971
1 1 1864 4 356226643
1 1 1157 3 958717681
1 1 1337 4 298343114
2 2103 382
1 1 424 2 755474632
1 0 2652 1 236656175
1 1 2219 4 141017572
2 1257 455
1 1 2283 4 379475802
1 1 1641 2 690667175
1 1 1118 4 800308423
1 0 2661 2 930677190
2 2416 751
1 1 1494 3 82613237
1 1 856 1 532948040
1 1 2396 4 530417028
1 0 2687 2 297095600
1 0 2900 1 222530157
1 1 1467 4 49023465
1 1 476 2 184126843
1 1 3485 4 830581625
2 125 113
1 0 1052 1 440571127
1 1 3785 2 666176034
1 0 465 1 66628898
2 1326 3719
1 1 2765 2 530131863
2 2016 3547
1 1 1557 2 199672415
1 1 2506 4 350202439
1 0 3742 3 87464361
2 1864 1088
1 0 2344 3 242714486
1 0 511 3 827595263
1 1 3254 4 845647249
1 1 3732 2 946937778
1 0 786 2 546115434
1 0 3414 2 288682230
1 0 3168 2 351795826
1 0 3900 3 643524005
1 1 2057 4 794434487
1 1 1068 4 667751716
1 0 1575 2 194583950
1 1 1119 4 602828200
2 2326 3201
2 930 3021
1 1 3379 1 177752644
1 0 2545 2 497490774
2 3308 3320
2 3536 2603
1 0 3068 3 573509
1 0 1251 1 681508208
1 0 374 3 349651128
2 3649 722
2 686 3727
1 1 2601 3 237299008
1 0 3043 4 580852877
2 2417 3244
1 0 1964 3 175972885
1 1 3976 1 125749823
1 1 1064 3 974239363
1 1 3229 4 450492171
1 1 885 2 215499799
1 1 2470 2 181072488
1 0 3878 2 866072889
1 1 2080 1 330568708
1 1 3726 2 201811127
1 1 2703 3 913547957
2 813 3377
2 3298 1440
1 1 3067 3 857935620
1 1 3758 2 52953590
2 981 1724
1 0 2453 2 29283371
1 1 1375 4 246857197
2 2098 3621
1 1 3163 4 431070595
1 0 3128 2 724011930
1 1 636 2 72722193
2 1925 234
1 1 59 4 451253817
1 0 2548 4 873099778
2 1713 336
1 1 2268 2 825570117
1 0 152 2 223246370
1 0 713 1 974481390
1 0 1645 1 189017546
1 1 1937 3 508185338
1 0 20 2 487413776
1 1 1421 4 421280115
1 1 1578 2 978894116
1 1 1060 4 981660867
1 0 3773 3 787206879
1 1 1222 1 66145912
1 0 763 3 887592651
1 0 1973 2 786771760
1 0 3906 4 473905374
2 2420 1375
1 1 2814 3 521816179
2 2309 623
1 0 374 3 157714696
1 0 2946 3 788725742
1 1 867 1 705241362
1 1 3805 2 265174666
1 0 3070 1 621817548
2 580 1142
1 0 2604 1 909028992
1 1 2481 4 210548309
1 1 3002 4 799128554
1 0 3066 1 195334535
2 2327 125
2 2266 695
1 1 3168 2 116217736
2 2412 719
1 1 1993 3 851319492
1 1 2728 2 535638792
1 0 2781 4 385583894
2 1895 2853
1 1 3692 2 716468028
1 1 50 4 455213511
1 1 2814 2 308025651
1 1 1558 2 998643088
1 0 2217 4 799775492
1 1 67 1 686319764
1 0 1018 4 757871869
2 847 3856
1 0 2864 2 187831035
1 1 2546 3 804195856
1 0 3784 4 859009778
1 1 3708 2 864880893
1 0 2537 4 715328922
1 1 3628 3 852585284
1 1 1524 4 669667571
1 1 519 3 69083938
1 1 1289 2 330071139
1 0 771 2 936864777
1 0 2396 2 846645317
1 1 2570 4 44854264
1 1 1097 1 764412711
1 1 3434 1 251005322
1 0 2043 1 759781718
1 0 2620 2 119180378
1 0 2975 1 263699356
1 0 3858 4 92616689
2 1675 3968
1 1 3735 4 343541492
1 1 3703 1 381749885
1 0 2920 4 55485766
1 0 1329 4 767233068
1 1 2776 4 743198614
2 317 3884
2 1946 2227
2 612 1845
2 3266 1347
1 0 372 3 180348556
1 1 867 2 255530649
1 1 3755 2 72458994
1 0 3822 4 446921022
1 0 1084 1 525905782
1 0 3697 2 849783965
1 0 212 2 766606192
1 0 3858 4 254696346
1 0 2032 1 424042260
1 0 901 2 694095140
1 1 1290 4 107044115
2 661 2790
1 0 2485 1 344109686
1 1 210 3 988516339
1 0 843 1 571243727
1 1 209 2 603562399
1 0 3639 2 401505685
1 1 2924 3 618304058
1 1 750 1 521752993
2 119 783
2 2136 2418
1 1 824 1 792454098
1 1 2367 3 821998074
1 0 1707 3 429209309
1 0 3847 2 995560280
1 0 959 4 93226334
1 1 2886 1 579321305
1 1 1530 3 814093594
1 1 1438 2 127546800
1 0 2352 3 643857821
1 0 3261 2 141337172
1 0 2965 4 865135386
1 0 3359 1 370870082
1 1 1600 3 48710778
1 1 611 2 442121627
1 1 3100 1 450417519
1 1 2811 2 70759880
1 0 2397 3 658216948
2 3304 2738
1 1 515 3 542669253
1 0 2821 1 974483501
1 0 1387 3 130685055
1 1 3129 2 368362279
2 1848 1269
1 0 2671 2 174815972
1 0 3489 4 809694222
1 0 2722 2 69533362
1 1 3226 2 817519508
1 1 3896 2 352674069
1 0 1906 2 532494213
1 1 1944 4 492979847
1 1 2671 2 589738856
1 0 275 1 916185366
1 1 1628 3 315753170
1 1 2958 1 257259287
2 417 2251
1 0 1329 4 967024178
2 1437 2369
1 1 1489 3 718008750
2 2455 2659
1 1 595 1 136394372
2 2131 3249
1 1 3961 2 265698818
2 2422 695
1 1 2294 3 951158840
1 0 1782 4 388764987
1 0 58 1 947643126
1 0 204 1 219021345
1 0 1414 4 271359217
1 1 1262 1 510147921
1 1 660 4 557735387
2 1428 705
1 1 2069 1 929004938
1 1 907 2 492467191
1 0 3959 4 963229681
1 1 1811 3 39698139
1 1 2698 1 826827011
1 1 11 1 150686408
1 1 3884 1 422597083
2 2066 1247
1 1 1381 3 870088377
1 0 2289 3 306325534
1 0 1155 4 117487349
1 1 1527 4 311297054
1 1 3065 2 436519242
1 1 3876 3 815925904
1 0 2455 3 643333226
2 227 3264
1 1 597 2 552570927
1 0 1515 2 221459099
1 0 506 4 272057831
1 1 1615 1 133866306
1 0 787 3 490284376
1 0 3543 3 13844512
1 1 3841 4 835536666
1 1 2669 1 126556764
2 2464 807
1 1 2108 2 846775604
1 0 31 4 479654429
2 3520 3590
1 1 3625 1 924121169
1 0 3066 2 7578749
1 0 1639 2 188568706
1 0 170 4 836629291
1 1 2130 3 968310180
1 0 1153 4 416156505
2 1250 2302
1 1 3538 4 171246066
1 0 2171 2 323185416
1 0 3616 3 400239628
1 0 3626 3 683764405
1 1 3456 2 431685219
1 0 3006 2 643252044
1 0 3654 3 875856664
1 1 3722 1 763286395
2 3246 3590
1 1 663 1 484903259
1 1 1669 4 138170294
1 0 137 2 441427201
1 0 1220 2 190062058
1 0 1361 3 297512961
1 1 3680 1 284671704
1 0 3923 4 836368287
1 1 3212 2 724428864
1 1 680 2 639031140
1 0 3434 2 944038657
1 0 912 3 46865230
1 1 624 4 174447474
1 0 236 4 416468766
1 1 2331 1 49042452
1 0 2380 1 748722368
1 1 3551 2 377452148
1 1 3219 1 503901389
2 1741 850
1 0 2272 2 658319189
2 2516 3399
1 1 3319 1 617046883
1 1 1306 4 381042560
1 0 279 3 814182133
1 1 2619 2 161631606
1 0 961 1 63542258
1 1 2309 3 987428092
1 1 1712 3 193568538
1 0 2994 1 497185219
1 1 224 2 668007357
1 1 2940 3 798363774
1 0 205 1 374146894
1 0 1200 4 398146702
1 1 3081 2 821700934
1 1 3969 4 339241413
1 1 1013 3 897511544
2 2342 243
2 2565 3939
1 0 3209 3 31078461
1 1 3880 3 56674104
2 2478 3307
1 1 3652 2 381136515
1 0 380 4 472111431
1 0 2741 3 841613426
1 1 1831 1 109948170
1 1 1164 4 493482198
1 0 3454 4 563011295
1 0 3974 4 214566860
2 3161 3219
1 1 1599 1 99353145
1 0 3492 3 115532294
2 1657 2414
2 3930 3750
1 0 1184 4 762506803
1 0 1078 2 603160794
2 3607 1934
1 0 2883 1 734125034
1 0 2712 1 948439582
1 0 2825 4 579692972
1 0 3184 3 579520327
1 0 3535 3 848052138
1 1 698 2 14586689
1 0 1982 2 413622140
1 1 1191 1 656756122
1 1 449 4 586133162
1 1 2943 2 3149684
1 1 2055 2 36048467
1 0 3280 2 558102409
1 1 1271 1 616201342
1 1 2451 2 339714334
1 1 3306 4 85822038
2 2033 2450
1 0 2091 3 983975116
1 0 3347 1 809255782
1 1 884 4 389165080
1 0 3445 4 628533555
1 0 441 4 949005109
1 0 1659 3 371908935
1 0 2322 4 791294208
1 0 3230 2 368458131
1 1 3610 2 115973230
1 0 2116 1 290315630
1 0 2514 4 462832700
1 0 343 1 674648190
1 0 3370 4 569516337
1 0 3618 2 502959998
1 1 73 1 456336064
1 1 1516 1 42488813
1 1 1509 4 255028759
2 3527 3154
1 1 3992 1 493532980
2 1210 2797
1 1 3423 2 480023987
1 1 3277 3 484149296
1 0 1132 3 808317864
1 1 2623 2 346501123
1 1 1359 1 357723720
1 0 2006 3 660813632
1 1 594 2 148920475
1 1 2784 4 895115932
1 0 1906 2 214082190
1 1 827 2 856920632
2 1151 2195
1 0 338 2 830915159
1 0 2880 2 724794364
2 51 3411
1 1 27 2 704995825
2 3381 988
1 0 2036 4 458227015
1 0 987 1 986281972
1 0 2660 1 902716260
2 780 3132
1 0 2391 1 203780630
1 0 2082 4 186766018
2 3750 152
1 1 445 2 232395039
1 0 3065 1 534433027
1 1 3817 2 313028991
2 49 3762
1 1 2531 3 750366215
1 0 3897 3 712070338
1 0 789 3 181074364
1 0 1179 1 443857340
1 0 3249 1 110545873
1 1 1800 4 339433439
2 3704 406
2 2855 2390
1 1 2759 1 414140514
1 1 1204 3 775182750
1 1 3530 4 909368918
1 1 3971 1 424788715
1 1 1104 1 913347724
2 2339 1804
1 0 833 1 269864163
2 413 1748
1 1 3864 4 632944436
1 0 1716 4 478568751
2 1418 3382
2 2643 3944
2 2040 2822
1 0 3040 1 291062977
1 1 837 4 844221055
1 1 1133 4 402076087
1 1 534 2 327340283
1 0 2617 2 279477384
2 585 3364
1 1 1215 4 893614132
2 1987 731
1 1 1221 4 455525565
1 1 3588 2 434118441
1 1 1346 3 230604563
1 1 1821 4 623965050
1 0 3075 2 388314856
1 1 2215 2 917175278
2 133 227
1 1 1180 1 59208971
2 3815 1257
1 1 3478 1 907827711
1 0 2275 3 548514377
1 0 3686 3 443836838
1 0 3619 3 25619879
1 0 3788 1 266605329
1 1 2415 4 930000784
1 1 3074 4 536325385
1 0 731 4 625605015
1 1 1904 2 880218654
1 1 3502 3 820259481
1 1 577 4 349698864
1 1 3465 4 757038260
1 0 670 2 724636069
2 2801 778
1 1 3915 3 375874384
1 0 952 2 319347192
1 0 3035 1 731122517
2 2887 647
1 1 131 2 750848417
1 0 1320 2 252974497
1 0 2648 4 365732194
1 1 1806 2 645660239
2 2324 804
1 1 933 3 314553625
1 1 2771 4 451393117
1 1 2226 4 474961874
1 0 2089 3 416664233
1 1 177 4 692946937
1 1 2838 1 62869660
2 1646 3384
2 3684 930
1 0 3006 2 360676597
1 1 2715 1 468710307
2 110 2884
1 0 1486 1 912249659
1 1 207 3 664641503
1 1 122 2 211330433
1 1 283 1 533380577
1 0 2499 3 554693081
1 1 375 4 650573766
1 1 159 2 77990677
1 0 1389 2 748487065
2 3221 1208
1 1 464 4 102217007
2 901 3685
2 3898 2883
1 1 880 4 651976239
1 1 2758 2 468534056
1 1 2667 4 974211855
1 1 1438 1 439482601
1 1 3709 1 626392005
2 797 1344
1 1 2249 3 158584844
1 1 600 3 484923689
1 1 1111 3 302123538
1 0 3344 4 645111730
1 1 3766 3 861771572
1 0 1789 2 159730829
1 0 2133 1 657947223
2 3802 334
1 0 1656 2 381731986
1 0 2425 4 341934100
2 1308 2938
2 2242 3440
1 0 1605 3 642263108
2 3812 1244
1 1 954 3 912684478
1 1 1552 2 460167602
1 1 511 2 928213549
1 1 2736 3 672955558
1 1 3601 3 718485790
1 0 2818 3 592152383
1 0 55 3 829725368
1 1 2226 2 235063320
2 1934 3518
2 3090 3651
1 1 1583 4 909272431
1 0 1337 1 738215077
2 193 2692
2 3485 3555
1 1 3401 3 14181929
1 0 3750 4 318968073
1 1 3639 3 421070771
1 0 3923 1 609187911
1 1 3567 4 763494566
1 0 2909 3 597527690
1 0 3769 2 103954849
2 3041 853
2 3338 377
1 1 87 1 655639487
1 1 3676 2 325900614
2 82 1691
1 0 2695 2 82703785
2 912 3247
2 1472 3440
1 0 669 2 190916915
1 0 1502 2 388484363
1 0 3911 1 34194318
2 3074 1425
1 1 1450 3 106986279
2 2321 2938
1 0 676 2 217827343
1 1 751 2 541738249
1 1 2987 2 611524897
2 1535 666
1 0 1894 4 765424529
2 98 2773
1 1 1941 4 119203489
1 0 1283 3 242258921
2 513 437
2 739 3204
1 0 328 2 113937446
1 0 2300 3 376863598
2 543 2675
1 1 2768 2 549895154
1 1 3611 4 889057693
2 798 3197
1 0 2392 3 228777597
1 1 1595 3 499923851
1 0 954 2 559126935
1 1 1998 3 663904250
2 1315 2699
1 0 2583 1 670204893
1 0 3702 3 511031746
1 0 3263 1 700286314
1 0 176 1 128476450
1 0 3857 1 463401349
1 0 1640 1 152069862
1 1 1446 1 9772838
2 1515 1604
2 638 1704
1 0 856 2 697445240
1 1 3338 1 924284929
2 2251 2523
1 0 2200 1 408389053
1 0 2152 2 103402889
1 0 1976 2 986235277
1 0 371 1 597554255
1 1 594 4 140617500
1 0 1717 1 971945983
1 0 360 1 474259703
2 2514 229
1 1 3174 4 837168314
1 0 1274 1 238017588
1 1 1385 4 617318440
1 1 1163 4 967077616
1 1 202 2 789465603
2 2088 3062
1 0 349 4 709148708
1 0 607 2 647872474
2 2745 1265
1 1 2380 4 52042405
1 1 345 3 981036670
1 0 794 1 812146165
2 2459 41
1 0 359 4 243956855
1 1 133 2 120864899
1 1 2219 2 870243234
1 0 2202 3 580597648
1 0 2634 2 237077236
1 1 1698 3 142876201
1 0 2969 1 387158454
1 0 3514 2 321416845
1 1 3175 1 649307396
1 0 1140 4 666756963
2 1636 1970
2 2872 833
1 0 3132 4 835562715
2 2021 898
2 2728 2502
1 1 3045 1 547086338
1 0 2125 2 525842453
1 1 2529 3 732605747
1 0 1403 3 173988161
1 0 1292 1 495072209
2 2182 1185
1 0 869 4 755693342
1 0 896 3 769769104
2 3518 233
2 249 46
1 1 522 3 338420228
1 1 2270 2 686444435
2 563 576
2 3148 770
1 0 2918 3 893460828
1 0 1228 2 213500901
1 1 3026 4 706220900
1 1 3854 2 903749215
1 1 3221 2 476492116
1 0 2812 4 185110531
2 1330 2083
1 0 2880 3 295744428
2 1893 1655
2 3283 3027
1 1 318 3 892840040
1 1 255 2 392033160
1 0 1140 1 364403341
2 1837 1850
1 0 3248 4 169867114
1 0 2571 4 427269735
1 1 186 2 818231582
1 1 2531 4 126556341
2 984 3056
1 0 1014 1 321338296
1 0 3850 2 802060552
1 0 2604 2 647161270
2 400 3863
1 0 1141 4 418501545
1 0 3983 4 909585674
1 1 2574 3 478950522
1 0 662 4 542775401
1 1 332 1 138686437
1 0 1978 2 400440955
2 2001 3003
2 2429 1150
1 1 2259 2 508795486
1 1 3456 4 583025512
2 3233 1755
1 1 219 1 155229456
2 3460 1830
1 1 193 3 919318156
1 0 3487 3 916726545
1 1 617 4 115885259
1 0 1248 2 890447602
2 139 2951
1 1 122 4 121026552
2 278 2889
2 670 3692
1 0 558 4 536596003
1 1 3939 4 856331613
2 3876 2128
1 1 3761 3 882931730
1 1 2502 2 206046235
1 0 3828 3 6378498
2 3499 2377
1 0 807 1 155794561
1 0 2680 4 16439509
1 1 78 3 479654548
2 3774 329
1 0 1144 2 227261682
1 0 3911 3 345535777
1 1 3664 3 851116565
1 0 1230 3 650591150
1 1 2861 1 590278306
1 0 55 3 296130959
1 1 2183 1 980536965
1 1 3389 2 717142466
1 1 86 4 271763318
1 0 1937 1 216318159
1 1 3014 1 52162878
2 1267 85
1 1 1404 1 312534596
1 1 2997 2 994158999
1 1 729 3 83530754
1 1 1535 3 790306817
1 1 3125 1 409069471
1 0 407 2 201558203
1 1 539 4 157670066
2 3651 293
1 0 1214 3 170628966
2 3801 547
1 0 3771 1 324495318
1 1 3407 4 78017353
1 0 2807 2 600125758
1 1 2322 2 192244675
1 1 897 2 908830092
2 1413 721
1 0 2074 3 515806441
1 0 2080 2 560681741
2 3069 1276
1 0 3565 4 756541706
1 0 3352 3 885435557
1 0 1630 1 67500168
1 1 2161 4 921842004
1 0 1424 1 905143008
1 1 3842 1 236630901
1 1 3639 2 174258462
1 0 1646 2 65315950
2 645 3799
1 1 3468 4 577349730
1 0 1117 1 251600286
2 3629 200
2 951 1332
1 0 1122 1 433540842
1 1 2867 2 95247915
1 1 3688 2 306544417
1 1 375 2 132748747
2 2192 777
1 1 2364 3 508247339
1 1 2235 2 980164632
2 725 39
1 0 1130 2 264680709
1 0 3425 3 165513954
1 1 3517 4 431603013
1 1 3651 4 697304128
1 0 1996 1 53053214
1 0 2846 3 708341707
1 1 427 4 329685258
1 1 3800 3 171818361
1 0 1124 4 710298035
1 1 2162 1 745317654
1 1 1976 4 680369986
1 0 2810 1 737090077
2 1850 705
1 1 148 3 308868113
1 1 84 4 23750388
2 2439 718
2 361 2327
1 1 2776 1 263540538
1 1 561 2 699693601
2 1572 1401
1 0 2689 3 92989196
1 0 1824 3 441787914
1 0 2662 3 2721316
1 0 3946 3 937355368
2 2460 3020
1 1 1553 3 743868404
1 1 2171 4 881340600
1 0 862 4 990753853
1 1 2198 1 531776799
1 1 2960 1 628342832
1 1 1997 4 506452868
1 1 2574 4 432002122
1 0 25 2 204953736
2 1472 2908
1 0 667 4 391930819
1 0 1606 4 172804464
1 0 3743 4 275812721
1 0 1954 2 779612460
1 1 505 2 196954848
1 1 3154 2 130645221
1 0 3219 3 201696128
1 1 1504 3 93700575
1 1 1944 4 869056749
1 0 1744 3 837738306
1 1 669 4 512346160
1 0 3745 3 282933731
1 0 2149 1 886596484
1 1 3330 1 522128621
1 1 2547 3 433118517
1 1 1008 1 306448999
2 524 2309
1 1 3231 1 574097768
1 1 2693 3 113106096
1 1 3224 3 695843784
1 0 3332 1 146563134
1 1 685 4 540613530
1 0 3924 3 129007415
1 1 801 4 608090123
1 1 3807 2 879122621
1 1 3816 3 72774622
2 2800 3517
1 1 2138 1 132249179
1 0 1062 1 707077720
1 1 1764 1 314624612
1 0 1563 2 540920704
1 1 2050 3 81437140
1 0 3719 2 21588547
1 1 3594 1 850082822
1 1 2080 1 321855123
1 0 3871 1 876213406
1 0 734 4 766990196
1 0 480 1 158185411
2 921 635
1 1 3265 1 49572627
2 3281 2363
1 0 1407 4 846670690
1 0 3240 3 482431062
1 1 3684 3 487988895
1 0 2547 3 102214958
1 0 2416 2 699145512
1 1 1649 4 9049618
1 1 460 1 908815589
1 1 159 1 869605088
2 3879 1523
2 511 665
2 2707 3129
1 1 2908 3 762215767
1 0 1114 4 90144944
1 0 39 1 639837598
1 0 1522 3 117883856
1 0 2594 1 393944819
1 1 2467 4 161377816
1 0 779 1 622207180
1 1 3627 2 313871219
2 588 2822
1 0 3155 3 809754762
1 0 113 3 427015118
1 0 332 2 172304624
1 0 1132 2 52716731
1 1 597 4 477187940
1 0 974 3 308445833
1 1 277 1 587471311
1 1 1217 3 570078596
1 1 344 4 49250971
1 0 1803 2 811646109
1 1 1437 1 485764731
1 1 3834 2 342512272
1 0 258 1 295146720
1 1 274 4 234046814
1 1 421 4 233879178
1 0 2942 1 151656774
2 2860 1399
1 1 3712 3 50529827
1 0 1413 4 577713399
1 0 3290 2 924641989
2 3303 3519
1 1 2288 2 787147503
1 1 2188 3 170340802
1 1 1603 3 408107399
1 1 3628 3 172564842
1 0 1680 4 188469512
2 3818 3855
1 1 2262 3 547301664
2 2488 1275
2 3577 3701
1 1 2785 1 317190187
1 1 192 1 893779520
1 0 1457 4 962444205
1 0 502 3 841630894
1 0 1366 1 213578735
1 0 520 3 509043363
1 1 524 2 626003512
2 613 1822
1 1 1255 4 993806515
2 2305 31
1 1 1311 2 469040121
1 1 976 2 882690066
1 1 2765 4 793308278
2 917 2683
1 1 1078 2 865007005
1 1 2741 1 578345518
1 0 885 3 295456029
2 998 758
1 0 3252 1 917479310
1 1 3372 2 76844653
1 0 2917 4 805655066
1 1 1956 1 239660486
1 0 1465 2 527845088
1 0 1654 1 726307057
1 1 3783 3 793641835
1 0 1918 2 887733832
1 1 2844 2 939017138
2 3882 1039
2 3637 2025
1 1 1638 2 136245753
1 0 2169 4 20941684
1 0 3175 4 112968390
1 0 811 2 27442338
1 0 3772 2 777009760
2 2034 2327
2 1097 3391
2 3553 2412
1 0 1932 1 117260160
1 0 2658 2 283727061
1 1 1273 3 906930569
1 0 870 4 362762543
2 3051 2847
1 0 1901 2 594517445
1 1 3989 1 279923351
1 0 496 4 394736550
1 1 242 2 213530263
1 1 3109 2 626502923
1 1 639 4 422868990
2 1128 2644
1 1 964 4 281719047
1 1 561 1 973749031
1 0 2284 2 340479711
2 2003 3716
2 2292 2300
1 1 444 4 741259632
1 0 496 2 408180935
1 1 517 4 644001296
2 3530 1003
1 1 3504 4 767065238
1 0 3734 2 307754247
1 1 2218 2 254192724
1 1 3546 3 426463294
1 0 654 3 306460965
2 481 3143
1 0 2613 3 372719502
1 0 3294 1 854408135
1 0 1351 4 950939256
2 3857 3843
1 0 1765 1 421988035
1 1 1182 1 376552713
1 0 3634 2 704729205
2 23 3423
1 0 3778 4 428543171
1 1 2965 3 620060573
1 1 509 4 258118709
1 0 2578 2 603228028
1 0 2091 3 149946704
1 0 2857 4 453897969
1 0 1928 4 431588709
1 1 2924 3 190844400
1 0 192 3 708461384
1 0 1973 2 598925865
1 1 1701 1 416523306
2 2445 3121
1 1 2261 2 761473506
1 0 3137 2 481613446
1 1 675 3 714298992
1 0 1495 3 207365721
1 1 3476 3 35659220
1 1 3867 2 443649474
1 1 685 2 46303687
1 1 2617 4 548286728
1 1 347 2 775633325
2 2231 2702
2 1030 319
1 0 3519 1 563470178
1 1 2204 3 198668041
1 0 1960 1 761155072
2 3089 3949
1 1 1480 1 795828942
1 1 3764 2 855391309
2 727 3606
1 1 1259 1 29074740
1 0 2147 1 52811294
1 1 519 1 152159666
1 0 2282 1 274191115
2 1652 3446
1 0 375 2 355857901
1 0 1241 3 301729585
1 0 3063 4 495517365
1 1 1143 4 224870366
1 1 723 3 386274847
1 0 3036 2 149106598
1 0 3078 1 795235625
2 3834 291
1 0 633 2 923838578
1 1 1457 2 417484137
1 0 3604 1 393273906
2 3276 1764
2 1768 715
1 1 3809 2 192368146
2 3955 982
1 0 364 1 253166195
1 1 2684 1 108800124
1 0 1035 2 375296455
2 2319 2909
1 0 2868 3 312446182
2 605 864
1 1 2850 3 755066447
2 2426 563
1 0 1588 4 996293946
1 1 2113 4 334787842
1 1 1678 4 583613550
1 0 1529 2 893898094
1 0 363 4 148953323
1 1 1675 4 842555799
1 0 3006 2 9165720
1 0 2952 2 476331209
1 1 3649 4 955661738
1 1 81 2 421185083
1 0 1114 3 168253702
1 1 3983 2 556049721
1 0 2115 3 721997351
1 0 3588 1 131282341
2 158 3066
2 1520 3997
1 0 1850 1 676111505
1 1 3002 1 51528913
1 1 1993 3 858450930
1 1 2498 3 319535516
1 0 303 4 690577825
1 0 25 3 628466949
1 1 808 2 395035530
1 0 3703 3 163468276
1 0 771 3 716287886
1 1 3493 2 257991940
2 3260 2063
1 1 673 1 653700602
1 1 1452 4 521267062
1 0 3689 2 725257746
1 0 2707 1 9538010
1 1 961 3 276849662
1 0 497 3 134329999
2 3541 999
1 0 3178 2 375027144
1 1 3034 3 469737130
1 1 1136 1 84034182
1 1 3596 1 185375090
1 0 3384 3 132110764
1 0 397 1 463603470
1 1 210 1 437398030
1 1 660 2 497169609
1 1 433 2 951789964
1 0 26 4 48762939
1 1 2789 3 17693803
1 1 1902 1 949364455
1 1 1442 3 452746163
2 337 3394
1 1 1308 2 676353868
2 2117 3725
1 1 2803 3 603697264
1 0 1430 1 590678963
1 1 1259 3 602352003
1 0 136 2 358341974
2 3671 3075
1 1 3677 1 573722373
1 1 123 3 197637159
2 3370 299
2 1145 773
1 0 39 3 996806050
1 0 3078 3 423190286
1 1 823 3 248162885
1 0 3874 3 68181560
1 1 1665 4 950431164
1 0 3937 4 302312499
2 1963 171
1 0 3303 3 414859745
1 1 3369 3 261613121
1 1 1907 4 158601644
1 1 3695 1 475149810
1 1 3503 2 428857147
1 0 1571 1 260266018
1 0 1383 2 511963625
1 1 3864 1 738992935
1 0 2993 1 117046844
2 817 932
1 1 2871 3 972641220
1 0 2433 4 469422503
1 0 541 3 514848054
1 1 947 4 826476323
1 1 2131 2 816157658
1 1 691 4 576459337
1 0 644 3 640171860
1 0 1956 2 367798478
1 1 2344 1 929344556
1 1 2289 3 238223789
1 0 1248 1 813435803
1 0 1520 4 440608146
2 1427 3866
1 0 783 3 691102263
1 0 1661 4 233119633
1 0 3546 3 267839028
1 0 825 4 212117725
2 219 2605
1 0 379 3 279326239
1 0 2873 4 10404463
2 1608 929
1 0 2030 4 685220566
1 1 197 1 385921412
1 1 2228 4 749815809
1 1 2976 1 908338264
1 0 1455 1 855663061
1 0 1058 2 411820518
2 3920 1394
1 1 2805 4 856707079
1 0 1611 4 143758507
2 1174 3423
1 1 3594 4 865613371
2 1234 2337
1 1 287 2 46422496
1 1 2662 4 616378854
1 1 3071 3 432100842
1 1 2241 4 35563464
1 1 2807 3 654577940
2 1712 917
1 1 1128 1 97832768
1 1 3689 3 479843066
1 0 701 1 267135367
2 1609 1662
1 0 3304 4 193427116
1 1 2360 2 35068224
1 0 2821 4 353901795
1 1 3931 1 608010024
1 0 75 3 283395142
1 1 2012 1 77460928
1 1 1948 1 575253218
2 2993 1724
1 0 2106 2 841665270
1 1 3066 1 189022823
1 0 850 3 41109300
1 0 3084 1 35755070
2 1035 1406
2 624 322
1 1 875 1 144150765
1 0 477 2 253032414
1 0 204 1 152623265
1 0 2921 1 322888933
1 0 134 4 622231188
1 1 2463 2 768444488
1 1 170 4 339150237
2 3451 3231
2 188 3031
1 0 2124 2 447784392
1 1 1301 2 576867231
1 0 268 1 953837412
2 1188 3205
1 1 3409 2 336853485
1 1 3066 1 858802334
1 0 2052 2 792570804
1 0 2015 4 169708065
2 893 2533
1 1 805 2 328091645
1 1 2867 2 889938346
1 0 2143 4 822691456
2 1650 3829
1 1 3706 1 994459875
1 1 52 3 35122482
2 1755 2945
1 1 3402 2 914329572
1 1 262 1 750263700
1 0 1846 1 962876166
1 0 3735 2 278828544
2 921 1241
1 0 1183 2 91709003
2 2525 2210
1 1 3695 1 839704126
1 0 2554 4 549742201
2 1727 2737
2 557 1050
1 0 2677 4 648461239
1 0 3924 3 352384314
1 1 1352 1 634456621
1 0 2542 4 647191994
1 1 1754 1 327456338
1 0 3412 4 441217994
1 1 15 4 793652905
1 0 2544 2 558480990
2 912 1239
1 1 2858 1 261803587
1 0 655 1 465703914
1 1 813 4 738044142
1 1 3049 3 171301801
1 0 904 4 843164700
1 1 3769 1 821691188
2 3213 1375
2 1959 1751
1 0 84 1 9019128
2 1559 113
1 0 2255 1 799922933
1 1 401 4 30256951
1 1 479 1 436245874
1 0 3973 4 769061106
1 1 410 2 560990452
2 3133 2188
1 1 2315 3 733372287
1 1 2483 2 848345903
1 1 828 3 699208450
1 1 3342 4 286866039
1 0 43 2 77866106
2 1414 3406
1 1 2008 2 281171620
2 835 3139
1 0 314 4 733759907
1 0 122 2 287501367
2 669 1818
1 1 3152 4 544033319
1 0 2904 1 916189326
1 0 2070 4 686542259
1 1 1313 1 707585297
1 1 1948 4 608105560
1 0 1519 3 56437577
1 0 98 4 852395733
2 97 1366
1 1 1588 3 136922396
2 2032 3515
2 1714 2976
1 0 1306 3 650480658
2 1099 3127
1 1 786 1 350571551
1 1 281 2 13249643
2 2834 1656
1 0 1920 1 576827999
1 1 2478 2 803483359
1 1 2688 3 908580036
1 1 3235 3 150194950
1 0 1457 1 646974808
2 2972 506
1 0 833 4 473336763
2 247 123
1 1 933 2 653205516
2 557 1948
2 3089 1457
1 1 1939 2 844052296
1 1 1726 2 148208493
1 1 1886 3 583463087
1 1 1403 2 172240996
1 1 3244 3 310170808
1 0 3064 1 422682511
1 1 3407 2 325888998
2 2599 1044
1 1 3255 1 691797606
1 0 2980 2 318322909
1 0 1318 3 429531716
1 0 3728 1 866531994
1 1 1728 3 485773674
1 1 567 2 347462063
1 1 2707 3 67486338
1 0 185 3 182051342
1 1 959 4 703013611
1 1 3234 1 632302381
1 1 2736 4 47726806
1 0 2073 2 159757324
1 1 1804 3 879213806
1 1 3360 1 883999471
2 163 2859
1 0 3185 2 843799910
1 1 2568 1 647575006
1 0 10 2 37956170
2 3464 2692
1 0 1709 4 114835214
1 0 43 1 950234559
1 0 1096 2 562166785
2 543 949
1 0 2264 3 939838094
1 1 1717 1 293005983
1 1 1365 4 943297921
1 1 1420 1 467202692
1 0 3802 1 749779410
1 0 2386 1 990823454
1 0 3703 2 635523458
1 1 407 2 769458664
2 2982 454
1 0 27 4 53044171
1 0 567 1 29974796
1 0 1355 3 12684135
1 0 2911 4 330291710
1 0 2017 3 354168915
1 1 1458 2 954279156
2 2932 3139
1 0 2188 2 706599522
2 1664 438
1 1 1287 3 662160797
1 0 713 4 853682806
1 1 1762 1 353358111
1 1 3524 4 920586765
1 0 1106 3 692411289
1 0 3037 4 847203906
1 1 735 1 742576490
1 0 3523 1 298863079
1 1 3623 1 387773483
2 644 688
1 0 2514 4 638107842
1 1 3823 3 891878939
1 1 2826 4 665021211
1 0 239 4 448423705
1 0 3957 4 185212772
2 838 3227
1 0 3788 2 779775702
1 1 1795 3 543888015
2 2207 3203
1 1 306 1 141008115
2 2311 498
1 0 785 3 979996291
1 1 698 1 41739485
1 1 3000 4 239460821
1 0 2433 3 898708823
1 0 2628 4 130998870
1 0 1446 3 333664914
1 0 2610 4 467998739
2 3723 1919
1 0 2402 2 242183659
2 75 487
1 0 183 2 390969071
1 0 262 2 960056963
1 1 2472 4 657044072
1 0 1538 2 349466343
1 1 3478 3 725207901
1 0 3229 4 558371975
1 1 2976 4 283830652
1 0 18 1 657086502
1 1 1422 4 98360373
2 2577 2239
1 0 2049 4 226892774
1 1 1286 4 566810020
1 1 1656 1 823389806
1 0 323 1 967130210
1 1 2932 1 263651584
1 1 689 4 615669666
2 2311 173
1 1 461 2 324147074
1 1 2107 3 212645221
2 332 240
2 1022 1598
1 1 2534 1 636680979
1 0 2079 4 949307404
2 2195 3277
1 1 3127 3 367035144
2 379 778
2 3641 2040
1 1 817 2 60606042
1 1 3224 2 525436715
1 1 3808 4 249612147
1 0 3933 3 139136809
1 0 1848 1 771559544
1 0 637 1 399848169
1 0 3294 2 570238716
1 1 425 3 78699524
1 0 2248 1 381047020
1 0 3323 3 202547736
1 0 3889 4 252230577
1 0 2516 2 976572253
1 1 2633 4 457920227
2 576 1250
1 1 252 1 911972951
1 1 64 1 945633007
1 1 1573 1 95499765
1 0 960 1 793612397
1 1 3778 1 686372503
1 1 1584 2 393514316
1 0 3395 2 840048225
1 1 2268 1 635964789
2 1755 1292
1 1 2698 3 356109878
1 0 825 3 53675583
1 1 2285 1 525732148
1 1 397 1 69904973
1 0 3260 4 127954518
2 2702 1733
1 0 2920 4 221217431
1 1 3231 1 859746018
1 1 3723 3 120782393
1 0 2074 2 402629447
2 3225 2
1 0 1516 3 712023444
1 0 1519 3 691921673
1 0 3906 2 514981783
1 1 1363 4 401372776
1 1 2196 4 96777811
1 1 188 1 767360611
1 1 886 1 233205073
1 1 2267 1 776891212
1 1 3634 3 92646658
1 1 2702 4 415519537
1 0 2758 3 324155366
1 1 936 4 695524002
1 1 505 1 816488457
2 1309 262
1 0 735 4 419168554
1 0 2439 3 30008791
1 1 2852 2 855294780
2 2811 2680
1 0 2425 3 354952180
1 1 1676 2 522698934
1 0 366 3 926005362
1 1 3785 3 431172302
2 1725 2920
1 0 3511 1 870888720
1 1 656 2 654557438
2 3381 3634
1 1 2286 3 443174899
1 0 2870 4 129911620
1 1 29 4 911044065
1 1 2515 1 339579372
1 0 3838 3 59826144
2 1378 1778
1 1 672 1 771124107
1 0 2300 3 694350589
2 475 1109
1 0 1638 1 602573111
1 1 2599 4 8042936
1 1 3735 2 166517623
1 1 2120 1 831216790
1 1 1860 3 531652478
1 0 3058 1 111423739
1 1 44 1 676833352
1 1 3895 2 631596556
1 1 3725 2 719316434
2 1552 2939
1 0 3526 3 43147162
1 0 1484 4 9440225
1 0 3224 3 786975590
2 3782 621
2 688 3017
1 1 2241 1 41077367
2 1691 2207
1 1 3014 4 333768570
1 0 2477 1 103843931
1 0 482 4 699074793
1 0 2042 2 395294395
1 0 2911 1 23474101
1 1 2049 1 493912202
2 2595 748
1 1 3329 1 938262338
1 1 2716 3 99355301
1 0 1991 4 566940500
1 0 3921 2 31784667
1 0 1294 2 374329523
1 1 177 3 623751834
1 1 3558 1 463951782
1 0 3060 2 753956995
1 0 3172 4 581838531
1 1 1803 3 736664131
1 1 2579 4 331325950
1 1 1994 3 901412718
1 0 1703 3 345316111
1 0 1437 1 731739140
1 1 3009 2 39653751
1 1 3635 1 151493639
1 1 3332 3 221883449
1 0 1567 4 74040785
1 1 2549 1 763372348
1 1 1228 1 242582048
1 0 561 3 88329226
1 0 2218 2 347341981
2 3711 1854
1 1 859 1 49753642
1 0 3046 2 489389025
1 1 3836 3 407295898
1 1 2463 2 994454130
1 1 3544 4 512900218
1 0 297 1 683414568
1 1 3346 3 189067643
1 1 2128 2 890375196
2 1436 3671
1 1 1810 1 433265330
2 3419 314
1 1 2800 4 579330882
1 1 1357 2 251995118
1 1 158 1 182561391
1 1 1951 1 511554154
2 2435 236
1 1 2759 3 807045440
1 1 997 2 124942251
1 1 2695 2 421488272
1 0 2915 4 636030986
1 1 2748 4 628244534
2 983 2487
1 1 31 3 844298969
1 0 2583 3 709644018
1 1 1422 3 433317371
1 0 2615 1 5766896
1 0 1534 2 235023211
1 1 2283 2 773269327
1 1 435 4 312099098
2 2896 4
2 1842 2368
1 1 798 2 473291181
1 0 247 2 940537442
1 0 741 4 229025455
1 0 3657 2 233783122
1 1 1642 3 430934872
1 0 1368 2 144667181
1 0 1413 2 759483514
1 1 1624 4 144045344
1 0 773 4 54370176
1 1 1567 4 836560111
1 0 447 1 100531380
1 0 139 1 277985803
1 0 1051 1 587563832
1 0 1577 4 966916219
1 1 1210 3 29389283
1 0 349 1 975050539
1 1 721 4 529102784
1 0 2460 3 893535834
1 0 2244 1 736612842
1 1 1004 2 195140238
1 1 3075 4 711159257
1 0 1248 4 739957164
1 0 1440 1 34747391
1 1 398 1 640378926
1 1 2950 4 202065540
1 0 1408 4 287038389
1 0 3521 4 216654462
1 1 2831 4 438208582
2 2199 3339
1 1 3291 1 704010623
1 0 2243 4 268659254
1 1 630 4 910034087
1 0 222 4 194625387
1 1 116 1 359181241
1 1 132 1 75422115
1 0 1877 4 676924033
1 0 3074 4 471380772
1 1 329 1 320967199
1 1 868 1 255778488
1 1 2190 2 227006259
1 1 1154 1 321727956
1 1 816 1 467196547
1 1 2309 4 886574370
1 0 1797 2 166720252
1 0 748 3 35538604
2 848 2308
2 1568 3290
1 0 3741 1 804959763
1 1 2702 2 492288334
1 1 1998 4 466317604
1 1 3858 4 106202193
1 1 1810 2 82752630
2 600 756
1 1 2250 3 388710778
2 1031 2895
1 1 2617 1 744221410
2 3443 3800
1 1 1122 1 257527890
1 0 849 2 491149474
1 1 1119 4 446937764
1 1 1682 4 71971393
1 1 2508 1 161378716
2 1351 1499
2 117 1170
2 400 2762
1 0 1744 3 504888787
1 1 1108 2 56828126
2 2913 1954
1 0 1618 1 865124686
1 0 2221 2 293018909
1 1 2020 3 732782234
1 0 823 1 880661012
1 0 3696 3 666075131
2 3087 3971
1 0 775 4 934664457
1 1 1897 2 310066401
2 363 241
1 0 413 3 353620417
1 1 1115 4 179300295
1 1 2496 1 523811944
1 0 1481 3 168616172
1 1 3078 2 284269523
1 1 3779 2 535531524
1 1 1994 1 380100490
1 0 103 3 415769206
1 1 777 2 220054972
1 1 836 2 113420393
1 0 1232 1 279768250
2 3301 261
1 0 2519 2 17767554
2 2785 2401
2 1844 3084
1 0 3881 1 973576229
1 1 506 1 947282699
1 1 2538 1 164170546
2 1598 1021
1 0 199 3 627325226
1 0 3311 4 550692196
1 0 2475 4 253592385
2 416 3558
1 1 2788 1 429285812
1 0 3758 3 397375917
1 0 1021 3 242070686
1 1 2259 4 738270149
2 1159 2763
1 1 3747 4 382856136
1 1 2936 3 528411319
1 0 3281 1 948313089
1 1 2949 3 668813880
1 1 2309 4 786797898
1 1 2481 3 345842133
1 1 1166 2 175912212
2 2089 317
1 1 873 4 791969952
1 0 264 1 157312732
1 1 13 2 254784676
1 0 2324 4 169609203
1 1 530 4 396899279
2 2072 1704
2 3782 1563
2 1316 3299
1 1 1134 3 798710566
2 3686 1006
1 0 3684 3 367373828
2 545 1929
1 0 3541 3 706420467
1 0 1781 4 562751114
2 146 1057
1 1 1245 2 217860607
1 0 800 2 521159113
1 1 1073 1 910991918
1 0 1536 4 550218254
2 2990 3527
1 0 319 2 311311020
2 1919 3069
1 1 3828 1 753584753
1 1 3630 3 979793307
1 1 2952 4 175057131
2 118 3658
2 1676 1615
1 1 3021 3 907691600
1 1 427 1 372882114
1 1 1108 3 876402921
1 1 3271 3 869921640
1 0 3873 3 760628134
2 3185 2501
1 0 1281 3 609807186
1 0 653 2 99587893
1 0 982 4 159169895
1 1 888 1 487280784
2 2306 978
1 1 3957 1 3566199
1 1 2886 1 135608042
1 0 607 4 210730668
1 1 3587 3 548337825
1 0 1355 1 808987996
1 0 826 1 175111798
1 1 1175 4 118730503
1 0 3246 2 84995914
1 1 250 4 847337572
2 2153 1738
1 1 185 4 31286199
1 1 2112 4 816217767
1 0 1080 3 159533514
1 1 2869 2 594937671
1 0 2455 4 982508012
1 1 684 1 114712421
1 0 2301 4 20952781
2 144 2565
1 1 1518 4 438046518
2 2468 2080
1 0 2110 3 680598938
1 1 210 1 99167952
1 0 541 3 656893038
1 1 1802 1 437539951
1 0 2013 3 443905514
1 1 1196 4 68426638
1 1 2695 2 382878633
1 1 1468 4 558120550
1 0 830 3 234531812
1 0 199 4 128518520
2 2885 3655
1 1 1755 2 619878017
1 1 1894 4 94139262
1 1 1652 3 151081571
1 1 450 4 60994541
1 1 1283 2 690150740
1 0 2412 1 294968305
1 0 1507 1 487945406
2 3674 904
2 1265 1118
2 1967 3032
1 0 1958 3 429983427
1 0 1606 2 35255502
1 0 2098 4 794449894
1 0 2035 1 74657268
2 3353 2982
1 0 294 4 47190738
2 134 3244
1 1 2664 2 430457852
1 1 3014 3 143750430
1 1 3283 4 709849471
2 1527 3308
1 1 705 3 833723502
2 1042 1362
2 3151 2088
1 1 1968 1 83768259
1 0 1489 2 840449681
1 1 3201 1 401527359
2 1026 2121
1 0 1342 2 160748744
1 0 337 1 57744270
1 0 2727 2 526423587
1 0 837 1 522717630
1 1 2668 4 8591472
1 1 3147 1 547136943
2 2906 1329
1 1 1883 4 626657153
1 0 145 1 150144657
1 0 487 1 498996079
1 1 1502 4 669712037
1 1 3780 4 1500757
1 1 276 1 161827690
1 0 69 2 337416964
1 1 1197 3 563379749
1 0 2876 2 889318697
1 0 1569 1 640269670
1 0 719 3 672446427
1 1 814 2 664084541
1 0 1021 3 723470410
1 0 1913 4 284567043
1 1 3926 2 532122340
2 2400 3200
1 1 3254 4 508149686
1 0 3203 4 35442275
2 527 3621
1 1 596 2 75975918
2 2907 3802
1 1 967 3 145717173
1 0 2770 1 106285232
1 1 3123 2 840876360
1 1 675 3 356048857
2 595 3700
1 1 1965 1 514545028
1 1 67 4 140330449
2 223 1781
2 2250 591
1 1 3766 2 83331555
1 1 2222 4 39586814
1 1 1898 2 901664978
1 0 1712 4 859921383
1 1 2891 3 724571787
2 3401 2048
1 1 1663 2 156144117
1 1 2745 2 669081772
1 0 487 1 298266708
1 0 2203 1 828071884
1 0 2954 1 708519992
2 3188 3038
1 0 2151 1 256481169
1 1 3916 2 96232538
2 248 3081
1 0 3773 1 699219070
1 1 2048 1 923832535
1 1 1391 4 529309810
1 0 576 3 73601445
2 2693 2302
1 1 2332 3 720115609
1 1 981 3 159217961
1 0 3635 2 808689093
2 1906 1022
2 3438 2620
2 2657 2113
1 1 2414 1 596001731
1 1 3303 2 68690118
1 0 1279 3 996753708
1 0 1453 3 120266747
1 0 2659 4 220003829
1 0 644 1 131502013
1 1 3125 1 908106287
2 5 202
2 2645 2427
1 0 2267 2 424461499
1 1 3683 2 537879539
2 2942 1070
1 0 2260 3 94321710
2 2065 1052
1 1 577 4 307997455
1 0 325 2 710837495
1 1 832 4 207390953
1 0 76 3 811152066
2 169 3260
1 0 1295 2 166042916
2 2962 542
1 0 36 2 355600581
1 1 2453 4 27056351
1 0 1415 4 623393317
1 1 2597 4 171571273
1 0 225 1 589750669
1 1 708 2 697169978
1 0 770 4 372539384
2 393 388
1 1 430 3 467520744
1 1 49 3 804886753
2 686 3871
2 2316 1957
1 0 3259 4 271696935
1 1 2233 3 80365661
1 0 2540 3 289835187
1 1 427 1 842530474
1 1 1642 1 359407575
1 1 3898 3 852961221
2 3944 2011
2 803 373
1 0 1238 3 946052196
1 0 1913 1 519665125
1 1 501 4 674552917
1 0 2354 1 396430049
1 0 2082 1 514907914
1 1 1042 3 294913210
1 1 692 4 422218524
1 1 3861 4 195147514
1 1 122 3 367440371
1 1 1680 1 297621453
1 0 1826 1 575765940
1 0 672 2 448339623
2 3174 1076
1 1 1500 3 156592686
1 1 3140 2 169741626
1 0 1664 4 678970030
1 0 1923 2 535375043
1 1 1251 2 184251272
2 2208 2057
1 1 2751 1 172819918
1 0 1330 1 671007263
1 0 3765 4 921229800
1 1 3769 4 428773145
1 0 1711 1 63537360
2 3257 713
1 1 3537 1 948117291
1 1 1843 1 739104793
2 2386 3094
1 0 1049 4 380250982
1 1 3035 3 11881790
2 3535 3022
1 1 3349 1 621121653
1 1 581 4 65750913
1 1 1459 1 666723086
1 0 486 4 61760872
1 1 3202 4 596525639
1 0 2713 2 398344394
1 0 1223 3 367352106
1 1 1823 2 33912650
1 1 2362 1 404802369
2 3752 1873
1 0 2793 3 802077965
1 0 502 3 193239442
1 1 1315 1 882616400
1 1 3375 1 703054579
2 625 249
1 1 943 4 240789325
1 1 151 2 703719948
2 2158 3884
1 0 537 2 697826264
1 0 1578 2 596112282
1 0 56 3 844186628
1 1 3789 1 789674924
2 1433 1516
2 89 3511
1 1 151 2 137455998
1 0 2300 3 723932891
1 1 501 2 657310189
1 0 1214 1 364393507
1 1 292 3 985301620
1 1 2092 4 521970143
1 1 2899 2 484718307
2 2164 1714
2 2243 2161
2 2783 2511
1 0 2555 3 403576609
1 0 2711 2 834497348
2 458 3845
2 1612 3391
1 1 2584 4 852205086
1 0 3353 2 593126502
1 1 3177 2 985202834
1 1 2604 1 911461817
1 0 2255 1 704886091
1 1 342 4 908840103
1 1 367 3 965357868
2 3337 1623
1 0 1287 4 877888782
2 1019 429
1 0 564 1 935751861
1 1 474 3 579678010
1 1 2357 1 150076932
1 1 1731 4 593448789
1 1 2764 4 410875
1 1 3631 1 451530197
1 0 2446 2 149828102
2 172 127
1 1 174 3 358685874
1 0 1479 3 146749624
1 0 2189 1 618285748
1 0 1225 3 447938165
1 0 3931 4 937137920
1 0 638 1 298249495
1 0 1619 1 591653635
1 0 3781 3 443315597
1 0 1659 2 620034929
1 1 2679 2 296057464
1 1 3983 3 467978180
2 2042 3541
2 1469 2229
1 1 815 2 407959747
1 0 2209 2 40550971
1 0 952 4 766809302
1 0 3400 3 551383336
2 248 529
1 0 163 2 796900465
2 290 1362
2 2005 2749
2 1096 2423
1 1 3248 4 989980148
1 1 2608 1 456790932
1 1 2641 1 831044780
1 0 2740 2 769361333
1 1 1151 4 384968641
1 1 117 2 121980636
1 0 526 2 780499456
1 0 3165 2 192116592
1 0 1362 4 720328495
1 1 2897 2 256708715
1 1 3103 2 122330258
1 1 1056 1 686381028
1 1 1704 2 72376336
1 0 309 2 81157733
1 0 3379 1 842374474
1 0 1702 1 117519493
2 917 665
2 2705 1304
1 1 2318 3 939607365
1 1 2526 1 583477323
1 0 2411 4 945142987
1 0 2295 3 77764723
1 1 670 4 894307181
1 1 1039 3 262791237
1 0 3951 1 35583897
1 0 1565 3 188221577
1 1 613 3 119099693
2 701 1919
1 0 3704 4 823550070
1 1 3300 3 913900574
2 2552 951
1 1 1615 2 313987458
2 1233 1032
1 1 893 2 384977916
1 1 2151 1 159733763
2 3086 952
2 3119 2927
1 1 3825 3 564293014
1 0 1486 1 165886628
2 2711 923
1 1 2537 1 642944088
1 1 847 3 770329592
1 1 3133 4 809374521
2 1586 2702
1 0 1250 4 431660053
1 0 3150 1 816432368
1 1 1293 1 283171961
1 1 3666 4 426514599
1 1 2527 4 490763762
2 2667 355
1 0 638 3 345866425
1 1 173 2 952484352
2 3239 26
2 125 15
1 0 1492 1 171817598
1 1 3762 3 543199390
1 0 2996 4 200125572
2 1362 1383
1 0 2963 1 587023355
2 3659 2791
1 1 883 1 722957056
1 0 1606 4 331097910
2 2665 3958
1 1 2316 1 711877678
1 1 2751 2 204372282
1 0 1768 1 377083465
1 1 3364 3 492758260
1 0 1899 2 657285475
1 1 1711 3 12044231
2 500 2282
1 1 124 4 940512665
2 1507 2734
1 0 2447 2 655266563
1 1 2446 1 223903849
1 0 1844 4 278107063
1 1 3505 1 187849959
1 1 2686 2 698284880
1 1 2412 1 417558579
1 0 3771 1 739137097
1 0 2663 1 346351066
2 3776 3084
1 1 3438 1 866965026
1 1 949 1 803380719
1 0 927 2 173306989
1 1 467 2 269442547
1 1 903 1 473407385
1 1 1772 4 856322334
1 0 1090 1 358688893
1 1 1116 4 34510198
1 0 3683 3 909262345
2 2646 3051
1 1 995 3 616782957
1 0 253 1 113664012
1 0 3073 1 987590903
2 3764 1340
1 0 2964 2 69763098
1 0 4000 1 732292934
1 1 1614 1 536505072
1 1 1377 3 687881291
1 0 2281 4 831756132
1 1 2715 2 529161633
2 3709 1210
1 0 2603 3 723959284
1 1 1817 2 530772785
1 0 1278 1 150975137
1 1 2253 2 439059101
2 312 2574
1 0 1641 2 58059069
1 1 88 1 794934559
1 0 111 2 459170861
1 0 1609 1 212939634
1 0 444 2 361135360
1 0 402 4 49618996
1 1 3761 1 349471563
2 1606 3419
1 0 35 3 517339713
1 1 1614 1 39062829
1 1 932 1 218300241
1 0 3834 3 532645538
1 0 425 1 169083845
2 713 555
1 0 2505 4 94455760
2 549 2475
2 377 2180
1 0 435 3 755141601
2 1527 3620
1 1 769 4 114280059
2 2042 1087
1 0 114 3 289375643
2 3881 1172
1 1 2804 1 37838303
1 0 1735 3 6372878
1 0 2840 4 617078223
1 0 1279 1 569222268
1 0 1374 2 752819966
2 3862 1513
1 1 3846 1 500127680
1 1 3216 1 717066427
1 1 103 1 163508163
1 1 1977 4 42137976
2 2635 49
1 1 3435 4 98225711
1 1 966 2 156648697
1 0 2488 3 498228264
1 0 959 3 772520399
1 1 390 2 230470476
2 1232 775
1 0 3932 3 843740858
1 0 824 2 381738353
1 1 620 3 500889034
1 1 2399 3 410397375
1 1 836 2 954706626
1 1 3724 4 254133919
1 0 3566 1 937082366
1 0 873 4 450843429
2 509 2231
2 2472 2147
2 3247 3451
1 0 514 4 740628497
2 3885 1968
1 1 1318 4 873106156
1 0 399 2 464754502
1 0 1865 3 473892484
1 1 1747 3 51677220
1 0 2349 2 275672405
1 1 336 4 61686734
1 1 582 1 340467916
1 0 756 2 213495215
1 0 1798 4 784531080
1 0 1508 1 288355167
1 0 2395 4 947712437
2 1924 1387
2 922 529
2 3051 3555
2 3645 268
1 0 1131 1 371648895
1 1 73 3 121007815
1 1 1207 2 939398825
1 0 3518 1 166620934
1 1 3427 1 779123787
1 1 805 1 133691403
1 1 60 3 748682579
1 1 620 4 485320337
1 1 1985 2 688232312
1 0 2673 3 22792540
1 0 2526 4 375318501
2 192 1145
1 0 1175 3 25657377
1 1 2509 4 923307064
1 1 3617 2 419222331
1 0 3764 1 511019765
2 66 1866
2 3341 3755
1 0 2912 1 171439001
1 1 667 2 968859183
2 2357 2850
1 0 2058 4 704119819
1 0 481 4 432345724
1 0 3926 2 845759981
1 0 3723 2 174937266
1 0 499 1 485401028
1 1 3080 2 937663816
2 2232 893
2 2498 652
1 0 2729 4 583760672
1 1 564 2 913894498
1 0 1120 1 624452175
1 0 2482 3 366976110
2 3564 3669
1 1 1556 1 824103523
1 0 28 4 481296551
1 0 2780 2 36961091
1 1 244 4 993925340
1 0 1969 3 777527292
1 1 2808 1 652462646
2 2000 296
1 0 1367 2 380914318
2 3295 703
1 1 2705 2 104145608
1 0 660 1 855394945
1 0 17 1 222233574
2 417 2925
2 2720 34
2 3051 2505
2 347 1265
2 72 1197
1 1 778 3 840700429
1 1 3694 2 627649099
1 1 3998 4 788179831
1 0 305 1 638486002
1 0 3780 4 291457759
1 1 35 1 843198445
1 0 1346 1 566451525
1 1 1161 2 984749909
1 1 11 4 627937829
1 1 2589 3 708127391
1 0 942 3 681089417
1 1 1743 2 769407710
1 0 2185 1 500220089
2 510 1627
2 187 556
1 1 1060 4 710284582
1 0 1271 1 325672044
1 0 1520 3 140448933
2 3455 3286
2 2623 316
2 614 90
1 1 1305 1 965092823
2 3743 3174
1 1 211 1 854319156
1 1 92 2 695474460
1 1 3447 1 684192771
1 0 1159 3 294669935
2 2178 2861
1 0 2443 2 749680523
1 1 251 4 641548449
1 1 391 1 313438886
1 1 3867 4 662064714
1 1 1300 1 838135985
1 0 2114 2 720956355
1 0 998 1 606103184
1 0 1570 4 200340714
1 0 1296 4 974143029
1 0 495 3 302388364
1 0 2316 3 603890976
1 0 3911 4 968080247
1 1 1298 1 213790369
1 1 2221 2 260243516
1 1 3806 2 83313445
1 1 2554 2 449866295
1 0 2704 3 746291141
1 0 3368 3 430718689
1 1 3737 1 645150908
1 0 306 3 937011930
2 73 3669
2 89 1413
1 0 985 2 404716378
2 2410 1770
1 0 828 4 783914783
1 0 3153 4 392965794
2 1790 2963
1 1 2952 3 916290155
1 0 2885 3 301302424
1 1 3036 3 887088016
2 1606 2731
1 0 284 4 902278269
2 2132 3364
1 1 1933 2 602193178
1 1 1297 1 208001741
2 1264 2459
1 0 191 3 178162576
1 1 2388 3 138001797
1 0 1986 1 541441726
1 1 266 2 625468152
1 1 1805 1 370095007
1 1 2879 3 360329525
2 2671 2385
1 1 501 1 353091303
1 1 858 1 290474110
1 1 2776 3 661777431
1 1 70 1 777812149
1 1 3570 3 660859341
2 978 79
1 1 2515 3 180837499
2 2399 2229
1 1 2261 1 576541621
1 0 3259 3 796927084
1 0 449 3 252364583
2 3786 1195
1 1 1143 2 878979344
1 1 721 1 351961409
2 1021 473
1 0 3350 3 67515779
1 0 324 1 938670826
1 1 2422 1 808096011
1 0 2191 2 824021086
1 0 280 1 600235779
1 1 384 4 32658733
1 0 983 4 675026636
1 0 3947 1 316258779
1 0 1279 1 255420748
1 1 1364 3 274334764
1 1 1910 3 402001425
1 0 567 2 827067652
2 3776 55
1 0 2790 4 860404890
1 0 93 4 781296411
1 0 472 2 887941052
1 0 100 2 705019459
1 0 1242 2 193571232
1 1 1989 4 279165265
1 1 3915 3 99167833
1 1 1966 1 660775797
2 3534 626
1 0 1596 3 580950144
1 1 2725 1 178799172
2 1701 3781
1 0 2377 3 682367585
1 1 606 1 945405638
1 1 1646 1 623368377
2 408 2126
1 1 2994 1 620418422
2 3169 3594
1 1 2319 1 169212148
1 0 1718 3 540567384
1 0 2619 2 121349211
1 1 3594 2 640905396
1 1 415 1 366880618
1 1 3610 1 921331863
1 0 1791 3 53868153
1 1 60 1 905366231
1 1 1699 1 802889308
1 1 2293 2 833457537
1 0 2494 4 619417436
1 0 2493 1 575814142
1 0 2800 2 74363925
1 1 2877 4 640462498
2 2052 3517
1 1 3353 4 641913243
1 0 2235 3 185147310
1 1 3093 3 231231881
1 0 3460 1 604962933
1 1 2561 3 176297579
2 1517 1343
2 3937 2240
2 1899 555
1 0 378 4 972813563
2 3718 460
1 1 1042 4 247806446
1 1 1197 2 891692127
1 0 2240 3 168018830
2 2864 2176
2 726 207
2 2925 2483
1 1 3640 4 805300652
1 0 3419 2 672648527
2 128 2689
1 0 2566 4 906090009
1 1 451 1 952422472
1 1 2049 1 382598223
2 2723 875
1 1 876 1 837050353
1 1 2410 3 591046201
1 0 1003 2 111847045
1 1 2825 3 55383669
1 1 838 2 708146452
2 2009 3367
1 1 2214 3 656932412
1 0 3737 3 778197320
1 0 1858 4 599433613
1 1 2862 3 841028152
2 1159 3750
1 1 279 4 226857304
1 1 2177 2 274199177
1 1 1928 2 661334181
2 3607 3428
2 2773 214
2 2223 3665
2 974 3950
2 3115 3054
1 1 2821 4 251494675
1 1 2269 2 511496830
1 0 196 3 46771724
1 1 3472 4 889978656
1 1 3166 4 344873987
1 0 3629 2 552967495
1 0 1468 2 131490978
1 0 297 4 444332088
1 1 268 4 221529167
2 500 3013
1 0 2713 4 197175739
1 1 1456 3 68369829
1 1 2994 3 423181987
2 1404 132
1 1 3536 3 492640224
2 2779 1062
1 1 575 2 952681299
2 416 3579
2 3978 2747
1 1 899 4 603640408
1 1 190 4 998076878
2 2758 302
1 0 2060 2 660849373
2 2190 1189
1 1 2219 4 44541105
1 0 3873 1 653843608
1 1 21 3 374610581
1 0 3181 4 904017195
1 1 2977 4 39705389
1 0 1894 4 119766662
1 1 2314 1 968192691
2 3365 1345
1 1 3126 1 637676012
1 0 1053 3 797942298
1 1 844 1 697704162
1 1 243 1 972204793
1 1 2834 3 668908777
1 1 2438 1 698487031
2 2394 1928
2 3784 3954
1 1 3617 3 214035798
1 1 1054 3 912699110
1 0 1767 4 624805942
1 0 2088 3 952827928
1 0 3843 1 927976210
1 0 3373 1 236597737
1 0 2702 2 591862616
1 0 2661 3 724021644
1 1 926 3 388682930
2 1222 3869
1 0 2746 1 254028116
2 862 194
1 0 400 2 294937479
1 1 1645 4 491133300
1 0 868 1 7307082
1 0 2565 3 274374252
1 1 1039 1 795415572
1 0 1173 1 847021932
1 1 697 4 186263792
1 0 3499 1 477150266
1 0 3570 4 909864156
1 1 3690 3 484598205
2 86 2204
2 310 195
1 1 3978 1 677012826
1 1 2006 1 477249972
1 1 437 3 259073399
1 1 1185 2 327919610
1 1 2495 2 219033810
1 0 2074 1 424332703
1 0 1140 4 847788568
1 1 276 4 487319007
1 0 3002 3 127614243
1 0 2205 2 112630814
1 1 1963 2 446015621
1 1 518 4 582071070
1 1 3235 2 960972268
2 994 57
2 2032 1505
2 82 2834
1 1 601 4 476883244
1 1 622 1 122491823
1 1 2884 2 636524303
2 62 2257
1 0 3896 4 972206870
1 1 92 2 72577926
1 1 2903 1 525009662
2 3299 32
1 1 3379 3 476908594
2 171 678
1 0 1189 4 819104987
1 1 412 4 492319866
2 1777 1528
2 369 293
1 0 3308 2 462499057
1 0 955 4 921520753
1 0 3520 3 414708209
1 1 1712 1 179366164
1 1 2675 4 206401329
2 2831 2597
1 1 1240 4 711305304
2 3874 1961
1 1 2357 3 853520850
1 0 3658 3 130399596
1 1 1311 3 943551730
1 1 3467 4 428095911
1 1 3795 3 198904157
1 1 220 4 102889682
1 1 684 4 955172776
1 0 500 1 899084899
2 3206 3302
2 2251 1912
1 0 3144 2 547033721
1 0 530 2 778047506
1 0 2451 3 152644738
2 1737 553
1 1 1793 3 515197916
1 1 804 2 956042191
2 1115 1858
1 0 1308 4 136038720
1 1 2222 2 621806420
1 1 2481 1 495885345
2 122 895
1 0 1205 4 988860251
1 1 1359 1 938524159
1 0 1123 1 216497254
1 1 2771 4 384117979
1 1 3237 3 821644573
1 0 2933 2 294991673
1 1 79 4 651996700
1 1 795 3 788767530
1 1 2094 4 841959957
1 0 2984 3 838330380
1 0 25 3 374880261
1 0 2302 4 941707226
1 1 3919 4 513346213
2 2047 2251
2 3314 362
2 1905 3477
1 1 550 4 293742222
1 0 3006 1 736673854
1 1 1319 3 27810626
1 1 3141 3 797285309
1 1 2406 2 426797491
1 1 1003 1 198309330
1 1 74 4 696390421
2 1324 2434
1 0 2740 4 792354768
1 0 861 1 102137287
1 0 1318 4 684762450
1 1 1014 2 557860302
1 0 1447 1 565259792
1 1 2019 3 19893831
1 0 747 2 3135976
1 0 2981 3 538564626
1 0 3812 1 610552241
1 1 2576 1 687304586
1 1 1605 2 593439193
1 0 2384 4 767654075
1 1 922 1 352006629
1 0 1274 4 141686384
1 0 2752 4 627534178
1 1 1505 1 432756046
1 1 2289 4 787489753
1 1 1498 1 124447502
1 1 2581 4 835474992
1 0 2628 2 192820153
1 0 358 2 58661038
1 1 3520 4 218566906
1 0 914 4 778556185
1 0 814 3 992257957
1 0 3219 3 244548856
1 1 2300 2 301161298
1 0 1443 1 53833138
1 1 1644 4 998656040
1 0 196 2 618946843
1 0 360 1 932156323
2 3081 2261
1 1 1838 4 197733879
2 2192 524
1 1 297 3 173798002
1 0 2061 2 482032952
2 1135 1030
1 1 1709 4 165252214
1 0 1669 4 686996760
1 0 3957 1 903876685
1 1 273 2 751381136
1 0 1671 2 275894654
1 1 1636 2 853203037
1 0 188 2 971684646
1 0 2765 2 683910303
1 1 3932 1 451823322
2 3687 495
1 0 120 2 986913612
1 1 2613 2 440717543
1 0 1823 3 582977180
1 1 405 1 205574655
1 1 1727 1 666104248
1 0 310 3 239306180
1 1 2241 1 63608559
1 0 678 3 492668878
1 0 2309 1 529696700
2 1549 2008
1 1 2097 1 195855923
1 1 2089 4 799947795
1 1 733 2 766223589
1 1 3698 4 108733389
2 2882 1730
1 0 2597 3 308010780
1 1 344 4 126808845
1 1 2356 3 162721112
2 49 970
1 0 1029 3 567004434
2 1678 1294
1 1 2591 3 375473716
1 0 2033 1 471607824
2 2204 2718
1 1 473 3 661751203
2 856 1195
1 0 1091 3 471898524
1 1 1571 2 431104198
2 929 2245
1 0 2731 1 724033556
1 1 580 3 475260195
1 1 1118 1 263655390
1 0 364 4 691583823
2 3372 849
1 0 2177 4 247976957
1 0 40 2 874792786
1 0 1410 1 805751959
1 1 1758 4 743632832
2 1008 500
1 0 3619 3 661647223
1 0 3543 2 120679207
1 0 2449 4 616214828
1 0 2998 2 990914020
1 0 3843 1 410621979
2 3295 870
1 0 155 4 569818280
1 0 726 1 167554838
1 1 1131 2 242733331
1 1 2516 3 920864645
1 1 2801 4 957328384
1 0 2401 1 905031168
1 1 1856 4 252333543
1 0 3842 1 350362730
1 1 2662 2 322463684
1 0 3266 2 134647223
2 3209 3153
1 1 3156 1 352870652
1 1 2994 3 637918877
1 1 3421 4 929943862
1 1 1091 4 48302003
1 0 2721 4 459070035
1 0 2355 3 298881752
2 3090 2618
1 1 1837 2 798828989
1 1 2554 4 980229632
2 635 714
1 0 33 1 2929359
1 0 3811 4 160287871
1 1 41 2 947591848
1 0 362 2 999833451
1 1 2854 2 527514865
1 0 3843 3 576678693
1 1 1792 2 10150128
1 0 3876 1 698769249
1 1 1880 1 115306216
1 0 3297 1 335120015
1 0 1218 1 62965844
1 1 3472 4 262648557
1 0 1006 1 115702105
1 0 1863 4 734713224
1 0 2991 4 741526594
1 0 1082 1 145261105
2 136 676
2 3828 3388
2 1218 3938
1 1 7 2 79722347
1 1 3991 2 879101751
1 0 2488 1 23740924
1 0 3716 2 202876729
1 0 2374 4 158295850
2 2047 919
1 1 2614 1 669763128
1 1 3559 4 238691533
1 0 606 1 732305271
2 1775 1029
1 0 553 3 58120603
1 1 1743 1 729474403
1 0 1863 2 650846719
1 0 3870 3 785475370
1 0 3866 3 870459478
1 0 3025 1 613367322
1 1 83 4 340599605
1 0 3687 3 803516380
1 1 3081 2 987652610
1 1 47 2 373008102
2 3752 1538
1 1 512 1 830527468
1 0 3408 3 414678627
2 3729 3960
1 0 3867 1 382139548
1 0 336 3 757036474
1 1 2612 4 695833269
1 0 1177 2 276877205
1 1 65 1 42973715
1 1 2911 2 318861199
1 1 3225 1 466795227
1 1 846 2 143424254
1 0 1242 1 872167583
1 1 50 4 423247772
1 0 3139 4 50402440
1 1 3309 3 280548067
1 1 561 2 107537363
2 1997 2106
1 1 2115 1 243103578
1 0 1832 4 737604404
1 1 526 4 200102023
1 1 3363 3 387146898
1 0 2363 2 715323211
1 1 99 2 510728533
2 2150 3757
1 1 850 3 226009853
1 0 1279 4 597969931
1 1 2972 1 120739669
1 0 275 3 329440968
1 1 2471 3 986744811
1 0 3552 3 59473031
1 0 3014 2 261922013
1 1 406 2 154474467
1 0 2025 4 423865911
1 1 1630 4 96093688
1 1 1285 2 641795268
1 1 1508 2 607995399
1 0 1198 1 604774243
1 0 2559 3 180716978
1 0 2033 2 663173125
2 2571 686
1 0 67 3 414615808
2 2557 999
1 0 2263 2 165901019
1 1 1779 2 147397513
1 0 2991 2 185029388
1 0 2272 2 768276089
1 1 2182 2 18170376
2 3514 1035
1 0 3915 4 452528968
1 1 2918 1 525358350
1 1 3840 1 866250710
1 0 1885 4 917422785
1 1 3241 4 324701961
1 0 2669 1 769429929
1 1 2185 4 187565825
2 2836 1041
1 0 3923 1 504440714
1 1 3174 4 185793307
1 0 2305 4 523033169
2 380 176
1 1 1194 1 594475791
2 323 1940
1 0 893 2 937175182
2 842 3982
1 0 3428 1 513658951
1 1 3042 3 245958372
1 1 9 4 518528223
1 0 3732 4 355979961
1 1 2655 2 928180376
1 1 2126 1 821890918
1 1 2887 3 964310744
1 1 3781 1 839769509
1 1 2327 4 523481881
1 1 1080 2 353402421
2 820 2888
2 1607 2371
1 1 2402 3 550001780
1 0 827 1 276571710
1 0 742 4 5044022
1 1 48 2 974515189
1 1 2419 2 24964832
1 0 477 4 694749924
1 0 51 1 509087239
1 1 2246 2 998279571
1 1 1275 4 836655717
1 0 1837 1 523493729
2 687 3257
1 0 1296 1 11282738
1 0 2349 2 18025844
1 1 1472 1 327035590
1 1 2777 3 251480051
1 0 2212 1 674241559
1 0 1296 1 865973401
1 0 3074 4 904670292
1 0 540 1 660948892
1 1 3512 1 312046139
1 1 2427 3 280500774
1 1 3873 1 925814491
1 0 1204 3 528812788
1 1 1825 2 756224024
1 0 3676 4 853703222
1 0 2464 3 84320182
1 1 3196 3 311971735
1 1 3869 2 981892999
1 1 1684 4 941890263
1 1 2930 1 18487818
1 1 3497 1 594349280
1 1 3758 3 708125743
1 0 1124 1 789922390
2 3851 2634
2 2446 1966
1 1 1822 1 894800752
1 1 342 1 975703189
2 3392 2640
2 3122 2446
1 1 3167 3 525188210
1 1 2725 4 951620055
2 2500 154
1 1 3433 3 637254729
1 0 1180 3 75526562
1 0 3787 1 817385672
1 1 2768 4 673725221
1 1 1648 1 244723496
1 1 181 4 284314913
1 0 1015 1 407858422
1 1 3128 1 821270946
1 0 2517 2 857055038
1 0 647 2 656773935
1 1 1799 4 772036831
1 0 2326 4 967089902
1 1 1950 4 521115280
1 0 2585 3 927915459
1 0 2143 2 47840701
1 0 3585 3 645159550
2 1252 2283
1 1 2185 4 360430147
1 1 135 2 776472220
1 0 3657 3 103546597
1 0 3726 3 634478912
1 1 2149 1 409718428
1 1 2400 2 581728711
1 0 3800 4 136027075
1 1 733 3 644186356
1 0 2243 2 855093304
1 0 87 1 827770380
1 1 3976 2 841989379
1 1 2690 2 228399154
1 0 3378 3 569258229
1 1 3985 1 404795707
1 1 2013 4 851401781
2 570 113
1 1 3042 3 732572406
1 0 3111 2 518048940
1 1 3676 2 959595374
1 1 2543 2 551900220
2 2218 1255
1 0 2880 4 400273196
1 0 3777 4 502772902
1 1 261 3 708813539
1 1 3278 1 296093394
1 1 3627 1 199230304
1 0 2926 4 131545291
1 0 321 3 877215558
2 165 1616
1 1 1092 4 589246510
2 3656 3228
1 0 3909 3 478333176
1 1 475 4 442409457
1 0 2701 3 244249628
1 0 3775 1 698318759
2 2158 2747
2 3545 3374
2 3111 335
1 0 1610 3 278612039
1 1 2742 1 235452977
1 1 674 4 652223662
2 1903 3246
1 1 3334 1 903812574
1 0 2731 4 545845996
1 0 996 4 135936140
2 3413 2520
1 1 2313 3 166954329
1 1 3346 3 776946059
1 0 3610 2 515387519
1 1 668 2 450804566
1 1 477 3 500558334
2 3481 2693
1 0 1220 1 723738417
2 2240 3342
2 3217 2203
1 0 2511 3 684442697
1 0 301 1 589964539
1 0 513 4 24210807
2 191 3214
1 0 738 4 464387862
1 0 2978 1 733080918
2 659 861
2 188 2272
1 0 820 4 312578035
1 0 1484 1 350569188
1 0 3256 3 284841843
1 1 1166 1 176897807
1 0 1400 1 534340190
2 1747 1921
1 0 2221 4 43839620
1 1 543 2 229253833
1 0 3609 1 898551510
1 1 3805 3 209288382
2 886 303
2 1912 300
1 1 35 2 975557361
1 0 3256 3 398154029
1 0 3995 2 466196021
1 1 2837 4 758439463
1 0 3108 2 475495170
1 0 2161 3 590471378
1 0 647 3 397669894
1 0 499 4 53924427
1 0 438 1 695774931
1 0 1849 3 729771761
1 1 78 4 408586367
1 1 623 1 958960899
1 1 183 1 988686137
1 1 1445 1 501092833
2 3815 2414
1 0 254 2 951786336
1 1 2592 2 371582887
1 1 3231 4 912582732
1 0 1534 1 154300362
1 1 223 4 18826020
1 0 1457 1 3943039
1 1 1717 2 894815833
1 0 1782 2 27590992
1 0 1219 4 971234501
2 3659 2713
1 0 1254 2 291181879
1 0 463 4 281469066
1 0 3419 2 509269146
1 1 1041 2 942339603
1 0 3682 3 593664102
2 91 555
1 1 3794 2 962190232
2 3278 402
2 3145 1774
1 1 916 2 971647802
1 0 607 2 762096654
2 2604 681
1 1 891 2 660817597
1 0 2146 1 136706807
1 0 3690 4 96973500
1 1 1354 2 964956413
1 1 1011 1 36799667
1 1 1786 2 227104440
1 0 1175 4 581354417
1 1 1275 3 104785660
1 1 3409 3 70910675
1 1 22 3 18186900
2 2135 3770
1 0 161 1 451938277
1 1 2668 3 906234429
1 1 545 4 656475710
1 1 1918 2 833159494
2 1769 3371
1 1 3840 1 552597163
1 0 2158 2 972369156
2 196 3027
2 1377 2838
1 0 1256 2 545167504
1 0 3682 3 639227937
1 0 1742 2 435302679
1 0 1046 1 11014935
1 1 3425 4 418418357
1 0 998 2 40579182
1 0 1520 4 460583755
1 1 749 2 537010789
1 1 3493 1 954241997
1 1 2664 1 72166457
1 1 1981 2 163579329
2 2218 2467
1 1 719 4 500952303
1 0 2051 2 866252395
1 0 3970 1 250964404
1 0 2539 3 624900885
1 1 1420 2 751556801
1 0 835 4 527786954
1 0 3308 1 371972107
1 1 2545 3 568914924
1 1 3589 1 658839100
2 169 2589
1 0 2194 1 214871414
2 1635 766
1 1 3598 4 560138593
2 3192 2583
2 427 603
1 0 3978 3 673884212
1 0 2015 4 702409921
1 0 583 2 371104691
1 1 692 1 773962942
1 1 2215 1 257854952
1 0 549 2 18179796
2 3485 2463
1 0 2060 4 83364688
1 1 667 4 96569939
2 1943 2526
2 3233 2694
1 0 3024 1 456831271
1 1 1600 2 425547383
2 3016 476
1 0 3193 4 614395561
1 0 1189 2 677976140
1 0 1177 2 458991136
1 0 555 3 945605395
1 1 3424 1 643325482
1 0 2559 1 969465842
1 0 1844 4 578662728
1 1 3932 1 354748089
1 1 3392 3 852633886
1 0 1168 2 615212781
1 0 183 1 978083795
1 1 3978 2 654616440
1 1 1918 4 41831533
2 1411 3065
2 3936 3412
1 1 705 2 390596835
2 2236 1794
1 1 2203 3 874721025
1 1 944 3 299168338
2 1738 1215
1 1 47 1 742153829
2 3602 920
2 3201 1193
1 1 792 3 787040633
1 1 1037 1 424689283
1 0 1955 2 75368188
2 1180 3485
1 0 3284 1 21082951
1 0 1805 2 251113388
1 0 2618 4 927950386
2 3826 1117
1 0 3617 4 978680311
1 1 219 3 401871883
2 3854 3623
1 0 3872 1 522793004
1 1 1520 2 258900600
2 3504 2017
1 0 1333 2 249612726
1 0 2132 3 748418888
1 1 2280 1 136591543
2 1115 1682
1 1 3295 4 225501480
1 1 1016 1 280909010
1 1 3432 3 882050995
1 0 481 1 683810616
1 0 3980 1 721445706
1 0 1774 1 956303700
1 0 2660 1 628968231
1 1 1695 2 434676856
1 0 1410 3 829723224
1 1 3854 1 954938322
1 1 3481 3 146698161
1 1 3643 3 902198267
1 1 1380 4 21245547
1 1 2582 1 871249618
1 1 682 1 16495868
1 0 1721 2 774583320
2 815 350
1 0 3952 3 660863937
2 2054 3803
1 0 2923 2 574171702
1 0 1531 4 540784074
2 114 1456
2 3394 3414
1 1 3143 2 969174840
1 1 589 2 892790090
1 1 996 4 895334666
1 0 569 1 38686472
2 1264 2146
1 1 2191 4 388841564
1 0 2701 3 641481020
1 1 97 2 590940463
1 1 2398 3 777771244
2 3193 2883
2 330 2079
1 0 1332 1 33175348
1 0 1476 2 482441862
1 0 3033 2 80176018
1 1 2624 4 858465787
1 0 2050 4 808899949
1 1 445 2 49021538
2 3641 1241
1 0 823 1 349368363
2 953 3112
2 1239 3139
1 1 3033 2 67615501
1 0 3769 1 502588747
1 0 467 4 200260068
1 1 860 4 920705158
1 1 3786 3 205781592
1 0 542 4 210255423
2 2475 1578
1 1 1104 3 285031900
2 257 63
2 1745 2823
1 0 3576 3 99046196
2 1310 2560
1 0 354 2 617884186
2 331 1092
2 3418 1142
1 0 3273 1 187195387
2 1846 1495
2 1782 1209
1 0 569 4 989274859
1 1 874 3 314807926
1 1 1008 4 227259075
1 0 421 2 729052001
1 0 2140 3 44703498
1 0 1415 1 94204745
1 1 1608 3 77039091
1 0 628 2 416517291
2 3786 3534
1 1 2449 1 713358263
1 0 3443 2 703440760
2 776 3636
1 0 110 1 852754019
1 1 1631 4 482712751
1 0 682 3 886643695
1 1 79 1 971362341
2 1332 3763
1 1 180 3 964514534
1 0 842 2 729784290
2 2261 3823
1 0 3917 2 700662892
1 0 2539 3 602935789
1 1 741 1 946044392
1 0 2798 4 44499193
1 0 2310 2 839575069
1 0 1199 3 457287114
1 1 211 2 125382373
1 1 286 3 29880993
2 1882 154
1 0 1681 4 570113183
1 0 639 2 854969675
1 0 1245 4 51970386
1 1 3268 3 974347433
1 1 123 3 459261919
1 1 1421 3 549415648
1 0 3191 2 991990864
1 0 149 2 644970748
1 0 2011 4 549711838
2 86 962
1 0 3332 1 653852405
1 1 3541 2 895141218
1 1 451 2 302621460
1 1 3837 2 65853627
1 1 3877 2 256934347
1 1 1705 1 211900382
1 0 1073 2 822075541
1 1 873 2 408830383
1 0 3540 2 892429428
1 1 563 4 606844743
2 659 631
1 1 3819 2 535764947
2 3319 961
1 1 3499 3 830727312
1 1 2567 4 66233350
1 1 2009 1 122134643
2 173 3008
2 1373 770
2 794 3411
1 0 3158 3 459484653
1 1 1973 4 596621955
2 1566 828
1 0 418 2 254792026
1 1 69 1 9989405
2 3595 1860
1 0 1077 2 363037077
1 1 213 4 789235220
1 1 2468 1 300058135
1 1 3247 4 957719558
1 1 925 3 139346178
1 0 1540 4 45789356
1 1 3400 4 774422301
1 0 3636 2 260258432
1 0 2771 3 847504307
1 0 1207 2 224350414
1 1 2059 3 803979070
2 2201 1983
1 1 2154 2 161957491
1 1 2004 2 520117815
1 0 1057 3 895513490
1 1 3136 2 393877628
1 0 2974 3 532929843
1 1 3429 1 559887053
1 1 3365 2 727294452
1 1 2595 3 513841570
1 0 1710 4 577461081
1 1 938 4 531108679
2 2692 1615
2 2041 2107
1 0 1046 4 802505880
1 0 2087 4 550386278
2 379 3218
1 0 2428 1 865294363
1 0 3071 3 906247642
2 3183 1149
1 1 2174 1 152966538
1 0 2783 4 828471728
1 1 1680 1 134981577
1 1 1487 4 79394904
1 1 2580 1 535744709
1 0 3900 4 175749214
1 0 2728 3 604244738
2 2740 3775
2 36 3177
2 2094 2722
1 1 2660 1 139087515
2 2480 3361
1 0 1107 4 596880944
2 2831 3924
1 0 900 2 894535816
1 0 2555 1 931427663
1 1 1974 2 155649740
1 0 2296 4 322262892
1 0 1462 2 218731729
1 0 170 1 686363923
1 1 2491 3 510835100
1 0 61 2 155940051
1 0 2520 3 671282119
1 1 3892 2 293792661
2 926 701
2 1587 2886
1 0 2854 4 577578375
2 343 1085
1 0 3347 3 260033194
1 0 1246 2 141358162
1 1 2428 2 878812616
1 1 1139 4 934665631
1 1 1489 3 749415636
2 3082 2532
2 35 757
2 2786 2723
1 0 1697 2 117421735
1 0 2513 1 746170579
2 1677 1949
1 0 613 2 884103289
2 1367 485
1 0 1466 4 673478048
1 0 1895 4 886310907
1 0 3805 4 391888436
1 0 1335 4 242811565
2 2412 3647
2 698 3935
1 0 124 3 349252472
1 1 3986 1 994527331
1 1 1409 3 149590683
1 1 3073 2 957842472
1 1 2182 1 834875234
2 926 1149
1 0 1745 4 458960112
1 0 3233 3 390664696
1 1 1948 2 112611723
1 0 1218 1 347540681
2 1884 2364
1 0 2027 4 928890852
1 1 2145 4 541039794
2 52 1311
2 1410 3253
2 761 953
1 0 115 4 102436191
1 1 1740 1 116175886
1 0 873 1 139963150
2 954 2059
1 0 705 1 235059808
1 1 2193 4 514090889
1 1 1551 1 856167168
1 1 1422 1 370765177
1 0 3785 4 559984718
2 1851 2993
1 1 1179 1 70969191
1 1 3319 3 300151624
2 1786 928
1 1 876 1 36179431
1 0 3428 3 359892180
1 0 3947 1 680029003
1 0 3894 1 993921102
1 0 553 2 53539379
1 1 1222 3 812604793
2 1703 2844
2 479 1996
2 3838 69
2 269 756
1 0 1323 1 34420617
2 357 2351
1 1 3189 2 312894082
1 0 2556 4 486061612
1 1 1961 2 321574610
1 1 111 4 413900648
1 0 2815 2 768723362
1 1 3737 3 241432913
2 1830 862
1 0 271 2 406135363
1 0 2420 3 208181598
1 0 724 4 558499648
1 0 2289 3 63239191
2 2905 2062
1 0 1700 2 869938970
1 0 1167 3 301505443
2 3347 661
1 0 826 2 237412017
1 0 1135 2 541005467
1 0 1420 3 119426233
1 1 2060 1 233872475
2 7 545
1 0 2613 4 758055297
1 0 503 3 465727834
2 2050 1269
1 1 2778 3 517432433
1 1 1939 3 449313894
2 749 1108
1 0 860 3 127962735
2 940 2173
2 807 1249
1 0 2114 1 809301518
1 1 1556 3 64786683
1 0 2683 3 673802844
1 0 230 2 247085688
2 772 993
1 1 1997 1 738548251
1 0 1652 3 103494874
1 1 2261 2 718937799
1 0 362 4 424805713
1 0 853 4 30888756
2 2443 1197
2 2115 2251
2 1961 1700
1 0 2280 1 122503535
1 0 55 2 990946957
1 1 1551 2 747265875
2 1088 3403
2 1171 3075
2 2726 3404
1 0 1874 2 508987192
1 1 186 4 44996482
2 2934 16
2 1039 2701
2 633 260
1 1 3118 4 151220161
1 1 1875 4 324335858
1 0 1786 3 715702500
2 3661 806
2 1266 2377
1 0 3669 3 613611121
1 1 2680 3 148103907
1 1 2852 4 634058331
2 2280 2104
1 0 488 2 978475720
1 1 3850 4 954584447
1 0 1305 1 757035680
1 1 2434 2 379783520
1 0 1507 2 303311439
1 0 460 3 637594835
1 1 3196 3 996682107
1 0 934 2 415896628
1 1 1835 1 570554260
1 1 529 1 144631415
1 1 2986 3 509662227
2 1122 1516
1 1 1591 4 744978010
1 0 2139 1 800469962
1 0 3233 3 109587722
1 1 2213 2 324264380
1 1 108 3 987746489
1 1 3319 1 589360418
1 0 2398 2 448761265
1 0 3713 4 516946687
1 0 283 3 604662789
1 0 2426 3 365443562
1 1 1170 3 886247798
1 0 87 3 941539332
1 1 3275 1 858639726
2 3751 3326
1 1 1494 2 547316598
1 1 3208 3 681399048
1 1 2988 1 508664501
1 1 783 2 760038027
1 0 2136 2 388840212
2 3658 356
2 648 313
2 2874 1072
1 0 1053 1 383640736
1 0 2363 3 783540379
1 0 3705 4 10496591
1 1 3180 2 400939387
2 2528 1423
1 0 510 4 442300547
1 1 3095 3 982323961
1 1 1660 1 590007243
1 1 3983 2 683395936
1 0 1054 2 574523811
2 2932 1312
1 0 1546 1 501366650
1 0 2631 1 521463863
1 0 3108 1 965601462
1 1 395 3 700812797
1 0 2307 3 764629554
1 0 1052 1 742263939
1 1 3218 3 191746781
1 1 672 3 417467802
1 0 305 1 685642218
1 0 3999 4 201218222
2 1446 799
1 0 996 1 513439629
1 1 616 3 128964829
1 0 2759 2 688370512
1 1 2038 4 264465973
1 0 485 4 265754546
1 1 3942 3 508339275
2 749 1061
1 0 2151 3 93766115
2 3804 3701
1 0 3227 1 68713091
1 0 1664 4 38029861
2 354 2046
1 1 3635 1 264633379
1 0 3948 3 377769599
1 1 642 3 848972776
1 0 1274 3 150365921
1 1 3698 1 671320305
1 1 2888 4 665877772
1 1 645 2 843729714
1 0 828 4 929413732
1 1 976 2 902125012
2 538 2385
1 0 3153 4 214559129
1 1 2659 1 667872775
1 1 1925 4 297087484
2 249 1054
2 1968 1946
1 0 2415 2 962541993
1 0 2855 2 871101434
1 0 3422 1 275947679
1 0 925 4 287999154
1 1 176 2 181004682
1 1 690 4 819930957
1 1 804 3 757427041
1 0 114 2 307289631
1 1 3413 2 477375105
1 0 290 2 40939049
2 2467 3694
1 0 350 1 205095932
1 1 2866 1 655261314
1 0 1345 4 270628955
1 1 818 3 955014548
1 0 3662 2 571436909
2 877 2142
1 1 634 1 802590058
1 1 1623 3 758506137
1 0 1095 2 198169739
1 1 3540 2 459587524
2 1032 1563
1 1 365 2 11767905
1 0 1301 2 734882289
2 3158 1120
2 266 501
1 0 1482 4 935304432
1 1 3743 2 127665542
1 1 2338 3 751196717
1 0 3066 3 589437616
1 0 766 1 442505204
2 3475 730
1 1 459 2 380155984
1 0 3422 3 358685228
1 0 1670 1 61123325
1 0 2615 1 824375588
1 0 1155 4 872649129
1 1 1011 2 66595790
2 169 865
1 0 1379 3 150576128
1 0 3469 4 756368653
2 937 2156
2 117 1468
1 0 1367 4 943920890
1 1 2244 4 19642347
1 0 1706 3 417571946
1 0 2236 4 565211383
1 0 4000 3 354504772
2 466 489
2 1156 3250
1 1 3602 4 205268767
1 0 1596 3 25855783
1 0 2992 1 578558187
1 0 712 1 70953608
1 0 2827 3 746991266
1 1 119 2 529362842
1 1 2481 3 107589713
1 1 389 1 758365076
1 0 1112 4 323064751
2 3563 2038
1 1 2869 4 206648626
2 1057 2629
1 1 3680 1 362076100
2 2914 3836
1 0 2178 4 875747003
1 1 2548 3 138636576
1 1 2716 1 500588165
1 0 922 1 334721305
1 0 469 1 768225936
1 0 2238 2 225928816
1 0 884 2 696375614
2 1953 3951
1 0 1466 3 617494834
1 0 3738 2 582608154
1 1 3933 4 653302095
2 1091 799
1 1 2408 2 537522642
1 1 2971 4 113654387
1 0 161 4 371548215
2 1365 1168
1 0 1053 2 25508593
1 0 3445 3 230304582
1 0 333 1 824282878
1 0 3414 3 816125808
1 0 3360 1 244645670
2 1944 2547
1 0 45 2 717848644
1 0 676 2 230261886
1 0 674 2 272970746
2 537 1646
1 1 2610 3 159992013
1 1 788 4 78166029
1 1 82 3 840528795
1 1 1390 3 439250712
1 1 3815 4 644455208
1 1 3635 1 161189172
1 0 664 2 2363061
1 0 1578 4 615822211
1 1 3475 4 32434349
1 1 698 1 659921312
1 0 867 3 973158157
1 1 833 3 788575390
2 717 2334
1 1 1687 2 483535216
1 0 2139 3 102976068
1 0 2352 4 675655471
1 1 1046 3 413387484
1 1 703 1 220668694
1 0 653 4 916087570
1 0 2911 3 88529635
1 1 2401 3 512672294
1 0 2710 1 344329542
2 783 1271
1 1 3325 4 615020046
1 1 184 2 835625257
1 0 3725 4 253056024
1 0 2553 4 908444989
1 1 3502 2 154665102
1 1 1507 3 58213533
1 1 3036 3 685107661
1 1 3692 1 174442753
1 0 1702 2 767562976
1 0 2462 2 507035482
2 667 632
1 0 2251 1 622892617
1 0 869 3 913089501
1 0 3833 1 724938495
1 0 3337 2 796787996
2 3431 974
1 0 410 3 345231968
1 1 300 3 703876958
1 1 1091 2 395391087
1 0 1178 2 758467750
1 0 1270 1 47311865
1 0 1329 3 207914960
1 1 1939 3 298160374
1 1 1917 1 598815212
1 1 1866 2 135302849
1 1 2275 1 846993202
2 3162 3851
1 1 431 1 868195373
1 1 967 1 278398780
1 1 2556 4 36085146
1 0 111 4 462400458
1 1 205 2 578147281
1 0 456 2 778429742
1 1 3730 1 189535635
1 1 2381 1 799148931
1 0 3731 1 447937723
1 1 2661 2 705616668
1 1 241 3 979795545
1 1 2859 2 785229478
2 989 986
1 0 1951 3 357311018
1 1 482 4 400191958
1 0 1585 3 278469434
1 0 2443 1 834860028
1 1 2795 3 794692356
1 1 1816 2 597755618
1 0 822 1 609323462
1 0 3215 3 659728025
1 0 1842 4 467267546
1 1 1062 1 888853431
1 1 1219 3 611754094
2 2478 1882
1 0 1321 2 811704434
2 1309 2386
2 2224 2511
1 0 626 1 191230491
1 0 1596 4 264978231
2 3093 3459
1 0 3801 2 577700881
1 1 1088 4 422439326
1 0 3803 2 235133582
1 1 1671 1 814535753
1 0 1389 4 901786995
1 1 3689 1 1107299
2 1825 2941
1 0 1897 3 295697599
1 0 2027 2 672221337
1 0 664 4 571160067
1 0 311 2 581286035
1 1 3051 2 31646119
1 0 1848 3 864197415
1 1 519 2 598629381
1 0 3987 2 847307203
1 0 1258 4 858769220
1 1 2165 4 868428054
1 1 2194 2 134394760
1 0 1940 2 590070697
1 0 726 3 547883684
1 0 3538 1 405384395
1 0 3404 1 381484354
2 1365 1151
1 0 328 4 89400802
1 1 1564 3 861812478
1 0 2573 2 383612398
1 0 1524 1 444117638
1 0 2016 3 75082052
1 0 442 3 698205554
1 0 2903 3 816480858
1 0 2835 4 914916246
2 3757 2098
2 2191 3395
1 1 3043 2 677621039
1 1 1290 4 367704252
2 1810 2533
2 4000 1295
2 3079 938
1 1 1773 3 637156215
1 1 538 2 36587112
1 1 1089 3 582593223
1 0 848 3 324853001
1 1 2854 4 738409244
1 1 379 4 766288862
1 1 2655 3 797138512
1 0 550 3 547142591
1 1 2256 3 904254068
1 1 2711 3 363159046
2 2180 3585
1 1 1091 2 382507384
1 1 3187 1 758853786
1 1 3381 3 835483701
1 1 1525 1 126240396
1 1 1872 4 538311650
2 3164 1688
1 0 3099 4 912656537
1 0 345 1 863224019
2 2542 1347
1 1 2385 1 331086174
1 0 2830 2 892268352
2 522 1490
2 3996 3259
2 2812 1974
1 1 1862 2 992454831
1 0 3659 3 925426923
1 0 3921 3 565046530
1 0 343 4 368525576
2 3259 679
1 1 623 3 919853429
1 0 937 3 436440108
1 1 2376 3 602701151
1 1 1246 2 742177904
1 0 538 1 629548626
1 1 2337 1 506412819
1 1 1228 4 691041798
1 1 1172 4 827152763
2 2079 1782
1 0 2545 3 21630995
1 1 1224 2 712760406
1 0 3471 3 555406836
2 3376 1395
2 2892 3521
1 1 989 4 808771697
1 1 2508 2 55794597
2 112 1562
1 1 2040 1 992807234
1 1 1515 3 278451558
1 1 3834 2 939323131
1 1 3318 4 342618894
2 1001 184
1 0 2419 1 471161846
2 1918 881
1 0 2710 2 232954110
1 0 2335 3 594222602
2 2492 3586
1 0 14 3 658335511
1 1 1442 1 837358186
1 1 1655 2 270910311
1 0 1891 2 753256711
1 1 3960 4 271567742
1 0 264 3 29780316
1 0 1422 3 293956983
1 0 3226 3 340066794
1 0 1337 3 151760502
1 0 392 3 158785814
1 1 126 4 914210154
1 1 607 4 677749548
1 1 1259 4 376615189
1 1 1241 4 848557286
1 1 2775 3 399480634
1 1 303 2 84498918
1 1 3092 3 105928893
2 2793 1273
2 2644 1943
1 1 3081 1 343628710
1 1 968 2 140875406
1 1 1906 3 184397581
1 1 2332 2 453866380
1 0 3562 1 72754345
1 1 2661 2 970701601
1 1 666 1 572474083
1 1 1391 4 872609270
1 0 2040 1 904730470
1 1 1970 3 632024095
2 978 848
2 1610 3870
1 1 593 2 115779691
1 1 343 2 347148829
1 0 3339 2 46394929
1 0 658 2 348878408
1 1 224 1 455612120
2 2256 3429
1 1 1504 3 174786845
2 3510 945
1 1 3574 4 810291831
1 0 3296 3 644900220
1 0 1146 2 408521597
1 1 2247 4 713071386
1 1 1026 3 828437933
1 1 3568 3 584515784
2 480 855
1 0 1235 3 197578250
1 0 1740 4 541016556
1 1 1582 1 27079136
1 0 1781 1 987441473
1 0 3952 1 475410625
1 0 82 3 751551781
1 1 1510 4 61024105
1 0 3203 1 894335794
1 0 2858 4 706476984
2 2521 873
1 0 2410 2 670328818
1 1 686 4 298033428
1 0 3360 4 112846382
1 1 1444 4 604231160
1 1 1702 4 416767124
1 1 1564 2 491404605
1 1 3030 2 330157791
1 1 452 4 588737627
1 0 1367 1 948802272
1 0 2803 2 267336952
2 3353 2623
1 0 1086 4 859545339
1 1 2848 2 12001122
1 0 1713 4 475436405
1 1 2594 2 784009916
1 1 2442 4 543403450
1 0 3791 3 635530386
1 1 3962 1 70614512
1 0 564 1 250509915
1 0 2865 2 223169703
1 1 74 1 121719082
2 1431 36
1 0 1881 1 662369235
1 1 3309 1 4186417
1 0 1204 4 700857971
1 1 419 4 150686204
2 3587 320
2 827 2329
1 1 2239 4 6239580
1 0 335 1 285760058
1 0 2615 2 233827625
1 0 2333 1 165054419
2 2377 2595
1 1 2020 2 95215195
1 0 1355 4 671599536
2 736 1100
1 0 1414 1 338322637
1 0 702 4 928198484
1 0 339 2 555396853
2 1797 3887
1 1 3303 3 252406137
2 1816 230
1 0 939 2 385166923
1 1 3534 3 161681959
1 1 306 3 547502455
1 0 428 2 245352023
1 0 2411 3 263683222
1 1 78 4 313627266
1 0 3409 2 223963132
1 0 2231 1 334840295
1 1 2200 1 844611248
1 0 1624 4 986467746
1 0 3224 2 450804818
2 2640 3028
1 1 3452 4 688268375
1 1 2571 4 355380513
1 0 2843 2 301549213
1 0 1462 2 979651489
1 1 1996 4 616055031
2 950 3478
1 0 2457 4 563397308
1 1 2084 1 94802663
2 282 2017
1 0 3872 4 421212269
1 0 2502 4 887340707
2 2339 73
2 400 1570
1 1 2706 2 772017856
1 1 844 2 69932998
1 1 1079 1 511685696
1 1 1027 3 507929081
1 1 1315 4 292530765
1 0 3464 1 920818248
1 1 2439 4 658224449
1 1 2049 4 4825284
1 0 1080 3 641208697
1 0 1030 3 859008390
1 0 1165 4 422455104
1 0 3038 2 674208159
1 1 3436 2 816144904
1 0 3235 2 622710182
2 148 162
1 0 3821 1 714419523
1 0 767 3 277314670
1 0 893 3 65524583
1 0 870 1 185833396
1 1 837 3 926189610
2 320 795
1 1 3812 1 965986936
1 0 3903 2 22821983
1 1 2710 2 615175126
1 0 440 1 86443945
1 0 583 4 626815814
1 1 2333 2 836073360
2 3600 2100
1 1 3633 4 633373355
2 3199 2446
1 1 3764 1 883009226
1 0 1420 1 828274552
1 1 3836 2 23388682
1 0 2604 1 22201986
1 0 3162 2 951155881
2 2040 809
1 0 3948 4 691462064
1 1 1481 2 810766412
1 0 3001 4 787464670
2 148 3430
1 1 2111 1 287914180
2 2091 549
1 0 851 3 755517193
1 1 2166 3 618345156
2 1231 1505
1 0 3118 1 883491065
1 1 1645 4 31078393
2 1134 679
1 1 830 4 539718348
2 1371 1526
2 1295 3657
1 1 655 3 5210907
1 1 2739 1 254184796
1 1 1598 1 216050457
1 1 2191 1 539879766
2 523 2788
1 1 3656 3 812212884
1 0 2062 3 649046584
1 1 3014 4 970842554
1 0 2735 2 402769573
2 785 3760
1 1 1824 4 25555214
1 0 949 3 361779790
1 0 3174 1 371059949
1 1 1630 4 457538497
1 1 3622 3 199522704
1 0 1270 3 999604343
1 1 3191 3 936259693
1 0 689 3 256920696
1 0 357 3 196719152
1 0 3120 1 654435095
1 0 2241 4 987872590
1 0 2551 2 916677328
1 0 549 4 553132127
1 1 3088 2 923245717
1 0 2306 4 668357357
1 0 598 4 376495286
1 1 3573 1 279286090
1 1 3712 3 679819271
1 0 3184 1 585700437
1 1 707 2 725519053
1 1 117 3 201090823
1 1 1842 3 28287370
1 1 2772 1 484726096
1 0 2253 4 193715131
1 1 1702 1 99707723
2 3209 519
1 1 3815 3 44250970
1 1 3622 3 735808314
2 1396 3388
1 0 1280 4 91622413
1 1 2618 2 133159644
1 0 681 2 226938115
1 0 1559 3 25118775
1 0 3599 2 264075047
1 1 1573 2 723511156
1 1 2356 1 495094859
1 1 289 3 51121610
1 1 3635 4 736716629
1 0 3001 3 661795588
1 1 1522 3 221375927
1 1 238 3 157174168
1 0 3349 1 733765749
1 0 1956 4 68208523
1 1 50 3 501694084
1 1 1005 3 660432876
1 0 1166 2 433407125
1 1 2771 1 911162914
1 1 1286 1 353772813
1 1 3750 2 669203987
1 1 1518 1 710484911
1 1 906 1 379685541
1 1 2804 1 389264858
1 1 3496 4 9667911
1 1 3186 3 304523230
1 1 2526 3 338892652
1 1 1757 3 372360525
1 0 1473 4 979690226
1 1 3164 2 734601240
1 0 3052 4 222958197
1 1 3850 1 859093124
1 0 1247 2 547271016
2 3701 2432
1 0 3503 3 337423977
1 1 807 1 308148442
1 0 3209 2 891473159
2 1892 1451
1 0 3392 3 278297488
1 0 3889 3 38863619
1 0 3619 1 993252508
1 0 1819 4 869230984
1 1 2653 2 378542150
1 0 3516 4 4741088
2 3399 297
1 1 3601 1 269268514
1 0 2875 2 498514666
1 0 164 2 246361049
1 0 346 1 478694935
1 1 2150 1 453773430
1 0 2360 2 234042074
1 0 2593 2 342114921
1 0 3936 2 362549752
1 0 458 4 214435406
2 2082 49
2 3990 1703
1 1 2559 3 423437731
1 0 2959 1 579956270
1 0 444 1 725581788
1 1 282 3 778980111
1 0 1033 4 967970941
1 1 3711 1 250281623
1 1 3758 3 583265488
1 0 2807 1 288409139
1 0 3842 1 853414933
1 0 973 4 961191668
1 1 3910 1 376747128
1 1 1841 2 823352915
1 0 3280 4 408851339
1 1 2684 3 132082416
1 0 2150 2 173159501
1 0 2727 4 640373294
1 0 1199 4 636161126
1 0 2276 3 775216599
1 1 2841 1 488003768
1 0 1855 2 371695905
1 1 1804 2 293593767
1 1 3052 3 816607465
1 0 2433 4 765441159
1 0 2484 1 514435486
1 0 3654 1 717171797
1 1 3410 2 217503072
1 1 950 2 800892789
1 0 413 3 433435840
1 1 562 3 480306684
1 1 3629 4 473105170
1 1 1051 1 747181320
1 0 2895 3 925819166
1 1 486 3 775986107
1 0 2846 3 976721596
1 1 2131 1 200520654
1 1 3688 2 187769484
1 0 13 1 718546039
2 3985 3068
2 446 1393
2 2380 926
1 1 2080 2 912791103
1 1 2394 4 920618262
1 0 73 1 776820338
1 0 43 4 890849575
1 1 2105 2 542854607
1 1 2442 3 658627325
1 0 112 1 881917870
2 1421 2000
1 0 2296 4 801928302
1 1 1963 2 725873822
1 0 3554 1 726732465
1 0 215 3 88969318
1 1 3287 1 157230692
1 1 750 3 494907620
2 3993 2006
1 0 3281 2 284407042
1 0 2642 1 607516904
1 1 1550 1 187929438
1 1 1036 3 550848656
1 0 1533 2 169059155
1 0 1557 2 627248744
2 2588 398
1 0 2074 1 612603612
1 1 1794 2 987957659
1 0 3019 2 439660028
1 0 306 2 962298388
2 3163 812
1 1 861 4 979413417
1 0 2792 3 977884235
2 589 3828
1 0 662 2 313968026
1 1 3031 1 132313400
1 1 3146 3 928116471
1 0 1138 2 966757976
1 0 37 2 145837220
1 0 2728 2 876888664
1 0 3687 4 71713815
1 1 2931 4 259031530
2 138 1530
1 1 3502 3 25108399
1 0 2809 2 167212283
1 0 2010 4 59576904
1 1 2709 4 140613957
2 1525 2239
2 3909 1137
2 1858 456
1 1 3470 2 679968844
1 1 1951 4 901290573
1 1 2487 1 500302084
2 1865 2043
1 1 3281 1 748132114
1 0 2036 3 17866060
1 0 2727 3 734969501
1 0 1785 3 723673193
1 1 157 3 287053852
1 1 3099 2 662117451
1 1 2583 4 411668174
1 0 3274 3 589661575
2 3567 2306
2 623 3915
2 2959 2046
1 0 2949 1 3142488
1 0 3979 4 211022944
1 0 2019 4 742218797
1 0 1542 3 976573820
1 0 145 1 344470431
1 0 2482 2 545866619
2 1479 183
1 0 1481 3 776950779
1 1 1725 2 60476367
2 3524 3145
1 0 776 4 910926407
2 1268 68
1 1 3264 1 803079625
1 1 762 1 293234080
2 3986 1862
1 1 3619 2 971966053
2 2263 3779
1 0 478 1 789096547
1 1 306 2 919209049
1 0 994 2 187963240
1 1 2460 1 742629161
2 64 682
1 1 3392 2 357615709
1 0 2299 3 732763860
1 1 1217 3 769468639
2 805 353
1 0 1185 2 561518590
2 3210 3542
1 1 257 4 182688773
1 1 126 2 954825285
1 0 243 4 69276544
2 2105 3369
1 1 2718 3 946752666
1 1 1934 4 561143474
1 1 3441 3 395822417
2 3267 2903
1 1 1197 2 78268340
2 2604 60
1 0 1953 3 93300960
2 3365 232
2 628 2461
1 1 2311 3 363520069
1 0 1023 3 250765789
1 1 1081 2 599043739
1 1 3868 4 112333519
1 0 3642 2 911278310
1 1 3621 4 617301938
1 0 3821 4 293895737
1 1 3063 3 864799530
1 1 3472 1 478502425
1 1 2190 3 568935338
1 0 1552 3 530281976
2 3569 317
1 0 1328 4 399969516
1 0 202 1 696183997
1 0 263 2 258454793
1 0 3770 3 353341626
1 1 2331 4 946556128
1 1 3866 1 13981117
1 0 2460 4 940794786
1 0 888 2 842800393
1 1 712 4 119951914
1 0 2647 1 526011156
1 1 1576 1 983287897
1 1 3002 2 434777232
1 1 314 1 267447456
2 2572 2088
1 0 1325 3 784255694
1 0 551 2 824183051
2 2358 3749
1 0 1863 3 34990379
1 1 3654 1 689325456
1 1 3254 1 955671506
2 3337 1138
2 1253 3660
2 315 437
1 0 1291 4 111394097
1 0 3036 1 610502453
1 0 2724 4 613227343
1 0 2549 3 136146277
1 0 775 2 958204937
1 0 3749 2 767463786
1 0 1697 1 328682672
1 1 845 1 514317334
1 0 3902 3 494677456
1 0 1993 3 419672999
2 560 2539
1 1 2171 2 752349134
1 1 3058 1 936922744
1 0 2730 4 929397518
1 0 3052 3 813360843
1 0 3799 4 959090054
1 1 3319 2 538215957
1 0 1871 1 837901665
1 0 2290 2 620202943
1 0 3249 2 329053286
1 0 3221 3 550298947
2 1588 3485
1 1 2542 1 791776313
1 1 3116 1 921469413
1 1 1309 2 507455569
1 1 414 3 732208971
2 2838 1722
1 0 774 4 429555148
1 0 3854 4 914316238
1 1 992 1 609103072
2 2248 2606
1 0 2277 3 441068567
1 1 116 4 278491474
1 1 3924 1 190684608
2 1157 3968
1 0 603 3 653725084
1 0 1793 2 190207523
1 0 188 4 625213635
1 1 1296 4 814446545
1 1 1421 1 840810852
1 0 506 3 355280237
1 0 1651 2 744628648
2 2869 2996
2 253 348
1 1 3963 2 942423945
1 0 303 1 707495237
1 0 629 4 255623400
1 1 2316 4 974030253
1 1 3462 4 657482639
1 1 3146 1 947498525
1 1 2724 1 265261192
1 0 1849 3 410089195
1 0 2104 3 449872226
1 1 2468 3 562674189
2 2687 3243
1 1 1325 3 738806609
2 2518 3549
1 1 2160 2 769868095
1 1 1176 4 44370211
1 0 846 2 230419999
1 0 1375 3 939274000
2 2418 2629
2 2326 1366
2 1554 670
1 0 1954 1 40758464
1 0 424 3 341981586
1 1 3782 2 249141761
1 0 3277 3 143538710
1 1 1929 1 314981766
1 0 1954 4 209290367
1 0 130 2 822884589
1 0 2465 1 141793068
1 1 1989 3 253906402
1 1 3758 4 271161687
1 1 1842 3 13172101
1 1 170 3 456010538
1 0 2676 1 124234577
2 1081 2363
2 773 2278
2 1122 1171
1 1 1327 2 840861226
1 0 3192 3 114694587
1 0 2299 2 741875810
1 0 3326 2 808217029
1 0 294 2 337014767
2 385 209
1 1 3667 4 154311192
1 0 1752 4 790379924
2 219 1290
1 0 431 3 310907299
1 0 1390 1 325232901
1 1 282 4 660290016
1 1 3702 2 309144
1 1 2277 3 297254283
2 2994 654
1 1 2291 1 120076140
1 1 1626 2 166129426
2 2346 2142
1 1 3367 4 256289960
1 0 2681 4 603611168
1 1 1718 2 672409351
1 0 1407 1 583891210
2 3198 1174
1 1 2914 2 471227188
1 1 344 2 456649740
1 1 3746 3 957938839
1 1 2227 4 565636109
1 0 3270 2 342184693
1 0 2913 4 621456285
1 0 132 3 676235726
2 1590 900
1 1 517 2 243991057
1 1 725 1 898387215
1 0 3725 3 432095370
1 1 1735 3 771760909
2 2059 1964
1 0 1154 1 167328315
2 1270 1735
1 1 3802 3 739420832
2 1950 2726
1 1 3298 3 295606792
1 1 706 3 95163127
2 892 3364
1 0 857 1 997868306
1 1 1518 4 382669858
1 0 3034 2 350562546
1 1 876 2 468313366
1 1 854 1 511614321
1 1 559 1 190478830
1 0 2579 1 695215889
2 1433 600
2 3973 1511
2 2831 236
1 0 3657 1 740048900
1 0 3497 3 115522831
1 1 814 4 838665442
1 0 2265 4 443098336
1 0 3497 2 191783611
1 1 1944 2 932371803
2 3290 2669
1 1 2033 2 87666568
1 0 1201 1 21377356
1 0 477 4 824423013
2 2284 3808
1 0 3404 4 527289785
1 0 2191 3 984396850
1 0 107 3 786865532
2 2338 3672
1 1 3914 2 764339046
1 0 2648 4 245100569
1 1 2865 2 128802770
1 1 1176 4 552723337
1 1 2314 4 490090497
1 1 387 2 931387914
1 1 3128 4 511415570
2 2460 3915
2 3271 560
1 1 281 4 399303935
1 1 299 3 325645085
1 1 1399 1 979279823
1 0 2909 3 19751520
2 3621 658
1 1 3723 2 26143042
1 1 1667 1 831277411
2 2004 1952
2 297 403
1 0 822 2 363976897
2 2719 786
1 0 3817 2 735860216
1 0 1618 4 671499474
1 0 2478 4 829642171
1 0 3139 3 805884320
1 1 1746 4 495117526
1 1 3346 3 265611323
1 1 81 2 48120971
2 3833 2158
1 1 608 4 439907723
1 1 821 3 734344770
2 3309 2912
1 1 1824 1 706207778
1 0 3309 4 287070604
1 0 1283 4 223861832
1 0 3796 4 994938750
1 0 2711 2 927381598
1 1 2712 1 977240615
1 0 693 4 668298474
1 1 2447 2 362040660
1 1 3937 2 203504313
2 1494 3625
1 1 3527 1 369873078
1 1 1112 1 853921679
1 0 1358 2 659087862
1 0 3106 1 607055647
1 0 908 4 631182153
1 1 691 3 981550827
2 3826 2352
1 0 1781 4 243544690
1 1 2088 2 640581264
1 0 1540 2 503193088
1 0 1513 2 356574792
1 1 1847 1 323740179
1 1 486 1 711329471
1 1 1539 2 597447397
2 3861 1607
1 1 3946 2 522462013
1 1 2016 4 9985034
1 1 2930 4 532573938
1 0 469 1 561864407
1 1 3075 1 961714447
1 0 2563 4 168154279
1 1 3299 2 458988433
2 1977 1558
1 0 2649 3 337102319
1 1 799 2 824392400
2 2782 2383
1 0 3166 4 272668097
1 0 2574 3 114041723
1 1 1101 1 662414596
2 3315 3169
1 0 1829 2 732835303
1 0 54 1 446974595
1 0 2594 4 479008659
1 1 955 4 368120539
2 3998 1728
1 1 3917 3 722078635
2 1669 3678
1 0 2253 3 746434214
1 0 1901 1 537056018
1 1 3697 3 170611492
1 1 1113 3 584270910
1 0 2359 4 255454841
1 0 863 4 324934085
2 1400 741
2 507 3484
1 0 469 4 515027783
1 0 2304 1 817856639
1 1 982 4 128042762
1 1 3024 1 135045843
1 0 3419 2 870151475
1 1 41 4 710602543
1 0 3966 2 695132430
2 2366 3862
2 3807 1935
2 1814 75
1 0 1961 3 694749139
1 1 3279 3 35069493
1 1 509 2 500689707
1 1 3547 2 888672790
2 3012 2916
2 2671 1575
1 0 2891 1 299774261
2 2349 3117
1 0 2775 3 182612615
1 0 1542 4 252672989
1 0 1409 4 860249020
2 1883 113
1 1 2743 3 651368726
1 1 49 2 344653180
1 1 2169 2 612795629
2 125 847
1 0 2696 2 506421871
1 1 683 3 510180298
1 0 865 1 868821510
2 3185 1154
1 1 1145 2 412443406
1 1 3980 2 828336389
1 0 1124 2 885601542
2 991 2581
2 1521 781
1 0 2703 2 342757519
1 1 2749 4 246722808
1 0 2852 1 997042637
2 1541 1759
1 1 2147 2 337745587
1 1 2168 2 809097998
1 0 2863 2 826838124
2 3014 809
1 0 287 4 215475019
1 1 1298 3 618343848
1 0 1060 1 339631086
2 3794 3153
1 1 763 1 937846200
1 0 2254 3 4136861
1 0 2023 1 591162943
1 0 1738 4 217573898
1 1 2250 1 234652404
2 1802 1764
1 1 2679 1 741997447
2 3427 3181
1 0 1579 1 593430831
1 1 850 1 553063199
2 825 251
1 1 5 4 868584364
2 12 2725
1 1 414 2 601404113
1 1 1972 4 308000254
1 1 592 2 701008953
1 1 768 4 325988058
1 0 78 3 916616369
1 1 3775 3 26051199
1 1 1358 4 307685202
1 1 2269 2 23296412
1 0 782 4 917671710
1 1 449 2 782770749
2 1180 2701
1 1 2361 3 186622994
1 0 1687 2 818744979
1 0 2685 3 123136808
1 0 2493 1 963468869
1 0 2980 2 741261488
1 1 3737 2 830907243
1 1 387 1 354566177
2 851 3389
1 0 1728 2 75457153
1 1 2737 1 427286449
1 1 2408 1 408928459
2 1777 197
1 1 3215 3 888314153
1 0 1762 4 758989580
1 1 3555 3 427851803
1 1 1258 2 553627692
1 0 2925 1 195658200
1 0 2330 2 419727940
1 0 282 2 776618258
1 0 881 2 763204579
1 0 1596 1 389954418
1 1 1684 1 242309525
1 1 20 1 3939093
1 0 189 4 447931125
1 1 791 3 692541619
2 1842 2913
1 1 2634 1 539943784
2 1588 2719
1 0 396 4 804385074
2 3977 3619
2 491 586
1 0 230 1 324526704
1 1 2630 4 140918020
1 0 3241 4 818463247
2 452 1897
1 1 3707 4 507855764
2 3586 2180
1 1 2782 3 516717987
1 0 3847 4 438941235
1 1 1367 3 4698368
2 2336 366
1 0 3959 2 768009994
1 0 629 4 593633982
1 0 3780 4 465282741
1 0 3648 4 129835104
1 0 201 4 351465218
1 0 1328 4 270458771
1 1 885 4 912288259
1 1 2870 2 360369957
1 1 3497 4 625210525
1 1 476 3 8232483
2 745 425
1 0 1252 3 75312977
2 3465 1264
2 1218 1633
1 1 1938 4 363491622
1 1 654 3 477984605
1 0 3760 3 752770000
1 1 1711 3 67289404
1 0 2185 4 920790774
1 0 3646 3 216941954
1 1 587 1 508549587
1 1 1504 3 519558365
1 0 3573 4 276220970
1 0 2611 3 318087902
2 1627 210
1 1 948 4 153959457
1 1 2227 1 252955580
1 0 2078 1 187298115
2 2958 1872
1 0 1184 3 34415135
1 1 793 2 978713493
1 1 1541 3 758386815
1 1 2157 2 918488884
1 1 321 2 165929045
1 0 2257 2 746891445
1 0 2002 3 992638341
1 0 1318 1 901576165
1 1 3190 3 729737420
1 0 762 2 982193825
1 0 3391 3 583721607
1 1 2458 4 534541083
1 1 342 1 431736436
2 1076 891
1 1 3717 2 805244521
1 0 735 1 132875033
1 1 377 4 255136953
1 0 2102 1 868827842
1 1 2029 1 26947528
1 0 3464 3 458630826
2 3405 1084
1 1 1258 4 243338819
1 0 3315 3 42995346
2 1058 2619
1 1 2917 4 97896848
1 1 1851 2 36773728
1 0 1724 1 20811016
1 1 2865 3 653690933
1 1 405 4 139025575
1 1 1944 3 828681738
1 1 3261 3 611771780
1 0 2357 3 609029931
1 0 2353 2 331099395
1 1 3366 2 764193772
2 1382 735
2 1412 3866
1 0 2496 1 454400499
1 0 3847 1 637341473
1 0 3931 1 49440670
1 1 1045 3 739910983
2 1540 783
1 1 1411 1 747563877
1 1 1830 3 651929663
1 0 2497 3 901091071
2 3193 2892
1 1 1921 2 440439793
1 1 2758 1 122585453
1 0 3101 3 144061758
2 503 1437
1 1 1315 2 74392923
1 1 3527 1 162752108
1 0 3734 4 149569715
1 0 1631 4 376433004
1 0 1266 4 49850404
1 1 1251 1 385735644
1 0 18 1 948912854
2 2499 2215
1 1 1973 4 484279307
1 1 1849 1 471201670
1 0 2136 4 729300300
2 655 3931
2 3670 405
1 0 114 1 383390077
1 0 3589 3 864769075
1 0 1425 1 443175239
1 0 1280 3 174245173
1 0 1132 2 740827436
1 1 1976 3 416939428
1 0 3164 1 491187246
1 1 1483 2 57880182
1 0 2307 4 710238324
1 0 3561 4 523617855
1 1 330 2 159329678
2 3519 3031
2 1515 691
2 751 3164
1 1 2156 3 476479090
1 0 2429 3 389327228
2 557 1168
2 1113 3268
1 1 925 2 773394463
1 0 3456 1 462442188
1 1 3071 1 392289419
1 0 3250 2 441166813
2 2425 2518
1 1 3964 2 597523783
1 1 2444 2 607638117
1 0 884 3 766505775
1 0 3676 1 949423080
1 1 650 1 438849049
1 1 838 3 891530558
1 0 3433 4 952367886
2 11 3932
1 0 167 2 811376947
1 1 1463 3 63831219
1 1 2703 1 307136999
1 0 1809 1 89627844
2 3430 2744
1 0 1447 4 171505946
1 0 1071 1 516817804
2 3136 2735
2 1711 2629
1 1 3549 1 124445051
1 0 2603 4 241825599
1 0 223 3 266743765
2 649 683
1 0 145 1 290739489
1 0 1135 2 6197092
1 0 993 2 6080848
2 3339 1125
1 0 1165 4 30063040
1 0 995 2 342906733
1 0 2917 1 590318284
1 1 3711 4 478107208
1 1 3584 1 45608201
1 1 630 2 497244121
1 0 3647 1 774505999
1 1 859 2 968802209
1 1 1822 1 834298023
2 1428 369
1 1 3026 4 220450407
2 190 788
1 1 3179 3 110349145
1 0 3553 3 391032057
1 0 1621 4 330701602
1 0 2429 4 844630828
1 0 3782 1 213510464
1 0 2860 1 222757485
1 1 3092 2 149539943
1 1 1363 3 637546941
1 1 771 1 201585159
1 0 2789 1 390232628
1 1 3056 4 239796884
1 0 3966 1 88579961
1 1 2260 3 999896385
1 0 3638 1 585209106
1 0 1824 2 682044719
1 0 2651 1 222363154
1 1 2766 2 927602194
2 28 3369
2 3650 1164
1 1 391 1 329857313
1 1 920 2 788714365
1 0 1917 4 705767317
1 1 3920 4 551758216
1 0 2780 1 535703057
1 1 3964 1 741095997
1 0 2143 4 265733136
1 0 165 3 34295971
2 325 1134
1 0 3306 2 887739124
1 1 967 4 564935825
2 1465 3477
1 0 1 2 615138450
1 0 3468 2 700898208
1 0 3003 3 480982785
1 1 1927 2 669123589
1 1 3670 3 807926542
2 1442 3443
1 0 3240 1 962679499
1 0 1378 2 374537514
1 1 1285 1 691231396
1 0 528 2 136169644
1 0 3211 1 113828189
1 1 3703 2 332603807
1 0 885 2 676630908
1 0 1786 3 178634753
2 2831 3512
1 1 3454 2 543046014
1 1 1177 4 175782213
1 0 841 4 484225986
2 2857 3196
1 0 3036 4 607103209
2 2138 3639
1 1 2832 3 91190292
1 1 3033 4 529692083
1 1 200 2 398000771
1 1 1644 3 29227951
1 1 2855 4 147242751
1 0 3954 4 309570381
1 0 2269 2 771355107
1 0 2074 2 445871710
1 1 1370 2 948528557
1 0 2604 4 77116432
2 2904 2607
2 292 1318
2 2591 3800
1 1 3869 1 432056229
2 3680 344
1 1 2607 2 1387594
1 1 1772 2 380591340
1 1 3668 3 913455048
1 0 3972 1 613105776
1 0 2471 1 432950745
1 1 2768 2 321515862
1 0 1197 2 460871623
2 1953 563
1 1 2635 4 362845629
1 0 2728 3 816722534
1 0 2106 1 830670342
1 1 1887 4 117744291
1 0 1565 2 88530843
1 0 2981 2 879537046
1 0 1926 1 842624495
1 0 784 2 813861609
1 0 428 3 844603256
1 1 2232 3 732458895
1 0 1441 2 10935564
1 1 3045 4 79400298
1 0 2317 1 604511374
1 0 360 4 853972109
1 0 1500 1 763618008
1 0 384 4 196769182
1 1 1278 4 557942882
1 0 978 4 947404719
1 1 2223 3 126447004
2 1774 20
1 0 2294 1 614296280
1 1 679 4 69049545
1 1 838 1 344024842
1 0 618 3 816487089
2 141 3132
1 1 3763 1 892202197
1 0 3424 1 471976995
1 1 3246 4 816836159
1 0 2989 3 868849398
2 228 778
1 0 2517 1 680014993
2 738 1205
2 2115 1510
2 2212 3588
2 2086 3764
1 1 2051 3 912889549
1 0 3653 3 250862479
1 1 3929 2 378741711
2 2626 1311
1 1 226 2 386851980
2 1021 2015
1 0 1875 1 533004276
1 1 1028 4 695344219
1 1 3922 3 972671749
2 1889 490
1 0 3123 4 912644898
1 0 2066 2 304359737
1 1 2684 2 324474172
2 1362 1843
2 3646 1999
2 1198 279
1 1 2175 4 870950562
2 2946 481
2 2962 1039
1 0 2453 2 57739561
1 0 384 2 919319515
1 0 2630 4 395570975
1 0 2462 3 75988518
2 3687 752
2 1161 3227
2 3204 2120
2 3050 1376
1 1 2246 4 891123753
1 1 1989 4 560233706
1 1 3560 2 929445159
1 1 1817 3 893757330
1 0 298 4 175084655
1 1 2390 3 316368535
1 0 881 2 588463496
1 0 2122 3 816368847
1 0 2220 2 866107862
1 0 2873 4 120855900
1 0 1878 2 145636941
1 0 2966 1 21746402
1 1 2963 1 49853211
1 1 584 1 973840596
1 1 2655 3 357271478
1 0 3018 3 312829645
2 1840 1347
1 0 207 2 151054730
2 1804 1867
1 0 557 3 915399261
1 1 2976 1 875280042
1 0 3783 4 847445316
2 2076 2206
1 1 1639 2 350914617
1 1 2898 3 725938863
2 1824 1654
1 0 3201 2 875140444
2 1341 3273
1 1 935 2 456813421
1 0 9 1 517302257
2 2456 3420
1 1 2314 1 532164329
1 1 2713 1 841832444
1 0 3382 3 763796361
1 0 2925 3 716240351
1 1 3858 3 521508363
1 1 2852 3 26802166
1 0 2250 3 746900426
1 1 1818 4 975116002
1 0 1017 3 428725996
1 0 3295 4 991305959
1 1 3028 2 866477934
2 3491 2506
1 1 3148 1 258336988
1 1 2624 1 692738027
1 1 3957 4 367947232
1 1 232 2 166254733
1 0 2037 1 539133954
1 1 2273 2 228845767
1 1 2367 2 424396161
1 1 12 2 565966660
1 1 1378 2 394291400
1 0 523 1 800224233
1 1 3824 2 547497079
1 0 1519 1 103764617
1 0 3125 4 351416193
1 1 2056 4 143186347
1 1 1539 4 248685725
1 0 2621 4 824255119
1 0 3801 1 746488505
1 0 852 1 302038429
1 1 1748 1 248806483
1 0 3110 4 521806176
1 1 2160 1 175464532
1 1 1702 1 94842282
1 0 3903 3 73683682
1 0 1879 2 458388150
2 374 3494
1 1 2159 1 93957981
2 570 2647
1 0 2402 2 916066404
1 0 3928 4 454135628
1 1 2917 3 127305644
1 1 1430 4 950897394
1 0 2237 2 515689786
1 1 1551 4 151589878
1 0 2808 1 756489455
1 0 3888 3 581504539
1 0 2663 3 879545044
1 1 2 1 233481985
1 1 2201 4 207323628
1 0 293 1 650468065
1 0 3767 3 482144336
1 1 3089 1 898262685
1 0 985 4 88469503
1 1 1317 2 409007858
1 0 1027 1 442465621
1 1 1468 3 633352992
1 0 2163 4 120758040
1 1 3687 2 854303515
1 0 1280 2 491197929
1 1 1502 4 334066067
1 0 2467 3 938738160
1 0 843 2 757820922
1 0 2910 2 454839304
2 2716 547
2 2483 3754
1 0 175 3 690834762
1 0 3865 3 941462373
1 1 621 2 419837046
1 0 3128 2 602903640
1 1 2043 3 700718910
1 0 2147 4 108221359
1 0 3790 3 865073430
1 0 1525 2 313235045
1 1 533 2 563726066
2 2448 1272
2 3536 54
1 1 3791 2 754814330
1 0 3722 1 75180004
1 1 3796 4 609387597
1 1 38 1 39950321
1 1 572 1 191209993
2 2003 3268
1 0 1817 2 819118966
2 3025 515
2 886 1404
1 1 2871 1 113579712
1 0 866 3 200647225
1 1 2896 3 935516061
2 2718 400
1 1 1013 4 845549111
1 0 2008 4 469719346
1 1 593 3 331590654
1 1 990 2 613909500
1 1 3597 3 531519973
1 1 1910 4 982571193
1 0 1023 4 68569869
2 1670 3062
1 1 3047 1 857063650
2 2736 3057
1 0 866 2 502684778
1 1 3045 3 344233736
1 1 31 3 2636973
2 4000 1447
1 1 1567 3 166982088
1 1 2404 2 305803431
1 1 926 3 344601804
1 1 1207 4 882684145
2 747 1654
1 0 1396 3 35092959
1 0 3209 2 421420519
2 2272 1727
1 0 3469 4 574345403
1 0 851 4 502973502
1 1 3298 2 82720710
2 495 2427
1 0 2192 2 607166837
2 1998 565
1 1 1154 4 3169231
1 0 2100 4 447454935
1 1 824 3 667950564
1 1 639 3 396809695
1 0 162 3 223013060
1 0 3489 2 54628325
1 0 357 1 322750104
1 0 1149 3 935229051
1 1 3089 4 680520999
1 0 1118 3 873631741
1 0 1856 1 300563361
1 1 1655 3 846662541
1 0 3687 3 379990581
1 1 1622 4 870797849
1 0 2925 1 68472794
1 1 1775 2 506404636
1 0 2590 2 61424756
1 1 2800 1 598274577
1 1 3038 4 678081315
1 0 2660 2 364387994
1 0 1485 4 35778509
1 1 2787 4 597008508
2 1283 3836
2 2740 1068
1 1 3199 2 835333083
1 1 1088 4 224808151
1 1 2076 4 161938754
1 0 1818 4 165044832
1 0 1419 1 963788040
1 0 3647 4 432487554
1 1 1508 2 154373835
1 0 2988 1 167177046
2 394 3387
1 0 1535 3 682834685
2 2049 3611
2 2641 1280
1 0 350 3 529567164
2 2966 2970
2 3684 3844
1 0 3767 2 630094932
1 1 260 1 890871895
1 0 99 1 486919692
1 1 2031 4 981615450
1 1 2574 2 180604436
1 1 2110 3 126320457
1 0 206 3 499830726
1 0 1919 2 70179217
1 0 628 1 804433623
1 1 562 2 26795205
1 0 507 1 635737260
1 1 3824 2 722566341
1 1 1879 4 86007928
1 0 1802 3 702851823
1 1 3063 3 398967634
1 0 2588 2 186500806
2 2389 369
1 1 1455 2 634166587
1 1 3802 2 214511040
1 1 2291 3 540699720
1 1 1653 4 608330901
1 0 2255 4 893103020
1 0 3028 1 915107664
2 3635 2718
1 0 2439 2 253930713
1 1 2701 4 82723547
1 1 2793 1 613539558
1 1 626 4 316786339
1 0 3974 3 374269210
1 1 514 3 628815154
1 0 1369 2 931143084
1 0 2287 1 861293906
1 1 2994 3 878882115
1 0 193 1 70164108
1 1 1312 2 377181478
1 0 1832 4 139323883
1 1 348 3 929953887
1 0 346 4 864766579
1 1 329 3 32810549
1 1 2028 4 234196587
1 1 1325 4 663613731
1 1 2271 4 571550279
1 1 347 2 224250664
2 2207 2051
1 0 2801 1 608833621
1 1 1156 3 363259176
2 3862 529
1 0 3577 1 339812072
1 0 1210 2 215618896
1 1 3285 3 107504314
2 566 663
1 1 842 4 944443805
1 0 3448 4 918515510
1 0 642 1 881077385
1 0 1697 3 900616569
1 1 2522 4 535822068
1 1 1435 2 778609369
1 0 3553 3 662130123
1 1 991 2 664155056
2 1396 3951
1 0 1165 1 202515064
1 0 1289 2 545533411
2 1591 3954
1 1 3865 1 254033652
1 0 425 4 476428118
1 1 1304 4 963073560
1 0 2983 1 278017190
1 1 2774 3 324227873
2 993 1528
1 0 2255 1 190401003
1 0 239 3 64364277
1 1 3772 4 303290751
1 1 3081 3 546442140
1 1 2163 1 294933859
1 0 1525 2 950535338
2 3871 3286
1 0 3963 3 958468014
1 0 2309 4 748996095
2 3833 3019
1 1 2596 4 680739296
1 1 1438 2 266456807
1 1 3309 4 947504625
1 0 1340 3 205924639
1 0 210 1 210754755
1 1 2514 2 86548589
1 1 668 4 879411734
1 1 3146 4 552334406
1 1 138 1 178699824
1 1 1879 2 189851816
1 1 995 2 697047121
1 1 340 4 314997617
1 1 1941 4 24554559
1 1 2147 2 150499156
1 0 1174 2 509896303
1 0 985 4 48627566
1 0 3691 1 891444315
1 0 985 4 790650844
1 0 862 3 356522653
1 1 1476 3 420770739
1 1 860 3 271252608
1 1 1760 3 880901097
1 1 2517 1 414898263
2 2783 1319
1 1 278 3 231456311
1 0 1989 4 249029424
1 0 3005 3 77222030
1 0 1741 4 101279848
1 0 339 4 534456614
1 0 2274 2 94259303
1 1 317 2 292915864
1 0 914 3 202384713
2 3876 1572
1 1 2645 1 172851475
2 2850 3511
1 0 2246 3 899423570
1 0 1600 2 157939717
2 2914 777
1 0 3024 3 74132422
1 0 27 2 476787046
1 0 1201 2 597871134
1 0 366 3 805327343
1 0 2743 2 151741245
1 1 549 4 986280588
1 0 2892 4 311038264
1 1 3141 1 191605893
1 0 205 2 77510526
1 1 3668 2 764221767
1 1 795 4 807619326
1 0 2242 4 22355547
1 1 3343 3 715504721
1 1 322 2 571579632
1 0 944 4 558732424
1 0 1692 3 65424890
1 0 1665 2 475874536
1 0 562 3 847423792
1 0 2754 2 130705723
1 1 1608 1 481017944
2 3180 35
1 1 2068 3 665001953
1 0 1180 3 83621265
1 0 157 3 255670765
2 759 2411
1 1 2706 3 138666060
1 1 2785 1 30460312
1 0 718 3 997117808
1 0 1530 3 946203804
1 0 2046 1 148254082
1 1 3522 4 13583189
1 1 1020 3 498529875
1 0 2967 2 454570397
1 0 2029 2 374470263
1 1 2891 4 240500072
2 3923 623
1 0 503 2 129671771
1 1 636 4 370504943
1 1 1535 1 924124273
1 1 3471 3 217744392
1 1 593 3 742474171
1 1 3332 4 148987453
1 1 1933 1 224422968
1 1 1613 3 733770040
2 2074 2521
1 0 3468 3 785889956
1 0 506 4 515087361
1 0 1342 3 617585290
1 1 419 2 658132714
1 1 747 1 590522175
1 1 884 4 351485526
1 0 540 1 921699293
1 0 1639 4 543006415
1 0 1036 1 895382601
1 0 1727 3 688390710
1 0 390 2 976270992
1 0 137 2 801623504
2 2205 1709
2 3006 2685
1 0 137 4 603378762
1 1 3966 1 182485658
1 1 2453 4 975621246
1 1 880 3 825994628
2 3571 3363
2 2889 731
1 1 463 4 970787007
1 1 3078 3 47170267
1 1 884 2 143171668
1 0 3364 3 918405284
1 0 2000 3 24477146
1 1 913 3 138198669
1 0 908 2 553873636
1 0 294 4 919356123
2 2296 2903
1 1 3128 3 491433043
1 0 3396 2 180933716
1 1 339 3 362180462
1 1 2625 4 642317940
2 983 3937
1 1 784 2 89481463
1 0 152 1 365835878
1 1 3607 3 109678669
1 1 3958 1 556329774
2 3084 2833
1 1 2520 3 643940265
1 0 2315 3 42783568
1 1 1436 1 585547677
1 1 2319 2 94108822
2 2095 3870
1 1 1893 4 612952582
1 1 3654 4 157795806
1 0 1104 2 327342141
1 1 895 4 242686374
1 0 63 3 933648708
1 0 2826 1 874779726
1 1 2180 4 815851625
1 1 2573 1 357288099
1 1 3121 2 506843561
1 0 1521 1 867089411
1 0 2980 1 484012079
1 0 358 2 475966258
1 1 2185 1 963722577
1 0 113 2 807093730
1 1 1688 3 815455751
1 0 1338 3 178472608
1 0 2929 1 596679757
1 1 2586 1 616971872
1 1 2095 4 268807406
1 0 1577 1 632093642
1 0 1040 4 588642613
2 3358 1013
1 0 430 1 306934251
2 2181 2382
1 0 3891 4 982074419
1 1 3895 2 629495978
1 1 693 2 770877819
1 1 1197 1 204572474
1 1 1493 1 981424577
2 3537 871
2 1593 1505
2 3591 3766
1 1 2938 4 598658211
1 1 3958 1 988809961
1 0 2482 3 656220095
1 0 2218 3 947891286
1 0 3135 2 170580790
1 0 2082 1 661362707
1 0 837 2 522521211
1 0 1720 3 633952969
1 0 2157 3 313954541
2 2230 316
1 0 3404 2 33118313
1 1 1136 3 802560037
1 1 959 3 245078374
1 1 616 2 360781909
1 0 1444 2 285582082
2 1216 3240
1 1 591 4 494560590
2 1442 1231
1 0 3133 4 200887121
2 3762 540
1 0 2539 1 124993830
1 0 940 3 926431313
1 0 586 2 970573238
2 691 601
2 1656 3923
1 1 2700 2 48003169
2 2037 1944
1 1 1682 1 866833680
1 1 2652 4 744242310
2 1294 2226
1 1 1029 4 982827544
1 1 2765 4 183654371
1 0 2665 4 605534919
1 1 408 3 208018021
2 1798 2551
1 1 3183 2 187979626
1 1 3182 2 249020997
1 0 2195 3 437028473
2 3980 3084
1 0 1138 2 649172116
1 0 2539 2 3500451
1 0 2289 2 581404347
1 1 1343 2 506371247
1 0 2857 4 873094825
1 0 157 1 951469300
1 0 2417 4 581119064
1 1 2766 2 404277127
1 0 2704 3 130141172
2 61 1467
2 1770 2697
1 0 1894 1 725804943
1 0 2097 4 35226908
1 1 3625 3 301115752
2 3484 1826
1 1 55 3 404152037
1 1 2053 4 770966611
1 1 1744 4 940537290
1 0 2093 1 130884155
1 1 3167 1 809577222
1 0 2045 3 292792488
1 1 1872 3 831255373
1 1 2713 3 194399817
2 3411 3732
1 0 997 2 589318087
1 0 440 2 813453417
2 3895 129
2 1934 3521
1 1 925 2 934152907
1 0 2532 3 920288410
1 0 1139 1 917731740
2 3990 991
1 0 3494 1 4682288
2 968 3511
1 0 110 3 991328329
2 2649 3108
1 0 2309 2 196513445
1 0 3448 1 865311311
1 1 2959 2 784723652
1 0 3484 3 502084006
2 669 1167
1 0 3622 3 178357482
1 0 1735 2 550844566
1 1 224 4 672048118
2 3074 1070
1 1 2686 4 30003158
2 3015 2645
2 3831 3079
1 0 987 3 699883592
1 1 2440 3 377526230
1 0 3255 4 835452132
1 0 2761 1 226943330
1 0 24 3 536788554
2 2571 1173
1 1 2890 1 635595484
2 3516 3999
1 0 781 4 507988120
1 0 241 4 91346534
1 0 32 4 668399612
2 1871 3888
1 1 1440 4 988845138
1 0 2000 3 633692631
1 1 3062 3 591805328
2 1121 1423
1 0 3588 4 149575971
1 0 99 4 14231240
1 1 1440 3 527458731
1 1 1931 3 299442088
1 1 167 4 283086006
1 1 3245 3 198371868
1 0 34 3 128087812
1 0 3016 3 155820502
1 1 2545 2 337551820
1 0 583 2 269422514
2 3243 2752
2 865 2958
1 1 834 2 249574929
1 0 718 1 136284669
2 1178 3104
1 1 2537 3 225868363
2 3796 2652
1 0 1515 2 259623741
1 1 2461 4 545168748
1 0 205 3 837775987
1 0 3185 2 48090008
2 1772 2042
1 0 1376 2 468398209
1 1 1878 2 612122062
1 1 28 2 520338286
1 0 2690 3 517271502
2 1826 3368
1 0 1367 2 914444335
2 3738 3119
1 1 1747 4 822420001
1 1 2723 1 622563082
1 1 601 4 855454839
2 1833 2298
2 3559 147
1 1 86 3 352319705
1 1 460 4 27884951
1 0 1771 4 305511944
1 1 638 2 443558608
1 1 1179 1 56463464
2 2475 2845
1 1 500 1 233494934
1 0 295 1 288647208
1 1 2254 4 587311983
1 0 2340 3 376536790
1 0 1607 3 627724092
1 1 1369 2 320158872
1 0 868 2 365518170
2 1603 2525
1 0 2518 3 729294645
1 1 3954 1 723018892
1 1 875 3 897170039
1 1 238 3 694919571
1 1 2499 4 293308800
1 0 1676 1 663637246
1 1 3445 4 552489561
1 1 1011 1 452015883
1 0 2700 2 611276925
1 1 3966 4 332237136
1 0 2653 4 368879722
1 0 2457 2 77943426
2 3401 3794
1 0 2219 4 484207274
1 0 2202 2 42773182
1 0 170 4 912322298
1 0 2811 3 137751583
1 0 2119 4 549746427
1 1 2941 4 6704039
1 0 1800 3 253222215
1 0 1302 3 43617347
2 856 131
1 0 2731 1 892697044
1 1 295 2 739475656
1 0 1315 2 634568404
1 0 729 3 761078742
1 0 2871 2 657859228
1 0 491 2 313834800
1 1 1032 2 392870124
1 1 2247 3 441040946
2 3335 2878
1 1 2697 3 206548334
1 1 3341 2 554428193
2 2029 2117
1 0 1749 4 146125108
1 0 3132 4 327174063
1 0 886 2 260915968
1 1 82 3 457219939
2 3389 1185
2 817 2522
2 125 1742
1 0 2742 4 515415845
1 1 3718 2 276696353
1 1 1555 1 166701491
1 0 3545 4 399470891
2 2614 1313
1 0 3010 1 780852537
1 0 2168 1 19387270
1 1 3016 4 884665662
2 3198 1431
1 1 1101 1 133430711
1 0 682 3 407080611
1 1 3790 2 712407533
1 0 1555 1 291780201
2 3959 1616
2 992 3015
1 0 3145 1 763814032
2 3387 868
1 1 2400 1 813897043
2 2816 3878
1 0 1593 3 748623098
1 1 3332 1 623093554
1 1 1016 4 729657323
1 0 1765 4 187950238
1 1 734 1 543259561
1 1 2674 3 654513054
1 1 3771 1 837324210
1 0 864 1 80833600
1 0 3120 4 362111591
1 0 2215 4 424780749
1 0 2006 2 261417802
1 0 635 4 311871921
2 3094 2546
1 0 2646 1 95428184
1 1 1192 1 155807407
1 1 3203 3 900004121
2 3449 1500
1 1 1604 1 939659898
2 3579 11
1 0 949 3 595924711
1 0 1361 3 854383555
1 0 3189 3 144542640
1 0 97 3 36735696
1 1 3597 3 785320351
2 341 3712
1 0 2009 2 612077659
2 778 3903
2 2923 1991
2 3429 1399
1 0 1889 1 660491218
1 0 770 1 717947477
2 535 3690
1 1 1164 2 944877913
1 1 3511 4 39785731
1 0 3029 3 233829657
1 0 2460 4 444316213
2 3679 3511
1 0 3601 4 143310257
1 1 189 3 27505197
1 1 1235 3 765771590
1 1 3436 2 998246384
1 0 69 1 92385147
1 1 137 2 970634115
1 1 3864 2 931828759
1 0 977 4 358613200
2 1087 1878
1 1 340 1 145913956
1 1 2106 2 624905485
1 1 1936 2 831828180
1 0 3058 3 282392721
1 0 3046 1 258139293
1 0 1539 4 482630262
1 1 3257 2 217119178
1 0 2841 1 52122954
1 1 2031 2 518355609
2 2769 1087
1 1 2149 4 259971029
1 1 3476 4 901138521
1 0 923 2 570322724
1 1 1119 2 558477169
2 3544 1373
1 0 424 3 514214286
1 0 3213 4 157406836
1 1 1215 4 981809128
2 812 2146
1 0 2009 1 354605158
2 3582 2861
2 2011 2576
2 1522 650
1 0 344 3 613181147
1 1 1142 4 943511726
2 58 2800
1 0 2691 1 23975616
2 3276 3519
1 0 3420 4 806772073
1 0 2312 4 921472854
1 0 2076 3 294639667
1 1 381 4 171820410
1 1 1345 2 916909592
1 1 581 2 928213453
2 961 2154
1 1 3586 2 432856920
2 795 897
1 0 1871 2 910337666
1 0 2943 1 449659098
1 0 2577 2 497595545
2 26 1271
1 0 3409 2 781659974
1 1 1564 2 190382433
1 1 3121 4 605098557
1 0 2271 3 850085285
1 1 1021 2 143800663
1 1 1089 1 724400088
1 0 919 1 208043140
1 0 1711 4 231272731
1 0 682 1 280999029
1 1 3914 3 141231567
1 0 3855 4 310218474
1 1 362 2 991196584
1 1 2268 1 516781818
2 3625 1979
1 0 2594 3 709440418
1 1 604 2 717111061
1 0 1155 1 865713949
1 0 2473 3 82137519
1 1 2390 1 199973173
1 1 2751 1 263249102
2 705 3870
2 809 3747
2 1756 3442
1 1 1084 4 102174141
1 0 674 1 573540331
1 0 2124 4 214553593
1 0 907 4 573546278
1 1 3376 3 907310284
2 1019 1118
2 249 115
1 1 3882 1 590357867
1 1 830 2 299917413
2 3203 3814
1 0 2661 3 251697566
1 1 3452 1 767834855
1 0 1277 3 260599230
1 1 1420 3 986142180
1 1 3467 4 800747682
1 0 442 4 839596438
1 0 2419 2 195528474
2 1930 2184
1 1 3595 4 558899470
1 0 797 4 159120798
1 1 3053 1 121044008
1 1 3413 4 693786625
1 0 3793 1 376478052
1 1 470 4 832079191
1 0 1303 3 473388898
1 1 1461 3 652598310
2 1010 2131
2 3669 2176
2 2128 1734
2 3105 685
1 0 1170 4 360824613
1 0 3176 4 456391400
1 0 2063 4 109241911
1 1 2816 3 312778112
1 0 1340 4 247761588
1 1 502 2 349277073
1 0 255 4 829719495
1 0 1159 1 131439914
1 0 1894 2 877820418
1 1 1153 3 781393298
1 1 1004 2 697541412
1 1 1280 4 100883209
1 0 2409 3 897535061
1 1 3889 4 216137621
1 1 2819 3 159315550
1 1 3632 4 107695537
2 3064 2122
1 0 1864 4 463947724
2 2786 3635
2 511 1013
1 0 1124 1 775182330
2 1246 2493
1 0 2518 4 649022106
1 0 403 1 71612111
1 0 3019 3 221420864
1 1 3605 3 570406318
1 1 3840 2 475182271
1 0 2463 1 704113516
2 980 3552
1 0 1250 4 239608372
1 1 2317 3 708918347
2 435 513
1 1 774 3 393464131
1 0 3268 4 28434111
1 0 2301 3 470905101
1 1 25 2 370906687
1 1 1243 3 259498230
1 1 2479 4 560319037
1 0 1008 2 157809462
2 2369 1451
2 1307 742
1 0 3517 4 89602419
2 1471 2435
1 1 933 4 613907196
1 1 3446 3 403878624
1 0 3321 4 11903312
1 0 1040 1 96844915
1 0 2112 4 625718963
1 1 1033 2 78340507
2 2556 3212
1 0 2443 3 564826412
1 0 1855 3 842890679
1 1 3272 4 163843150
2 3776 3544
2 1128 3501
2 2303 3501
1 1 77 4 455598562
1 1 640 3 592378295
1 0 47 1 888255044
1 1 1961 3 920411606
1 0 16 4 85129740
1 1 1174 4 534205512
1 0 2502 2 68485030
2 168 910
1 0 833 3 353994970
2 2290 2010
1 0 1858 1 148891070
2 1521 382
1 0 3664 4 494683247
2 3889 1135
1 1 3865 2 989912763
1 0 3546 3 133899163
1 0 2146 2 682247086
1 0 2060 4 753066510
1 0 3460 2 859735713
1 1 2596 1 992687888
1 0 3789 3 887901136
2 3283 631
1 0 1522 1 81154411
1 0 3213 4 941685521
1 0 3510 3 80767090
2 1599 3885
1 0 1927 1 742790482
1 1 639 3 252999463
2 833 2130
1 1 3124 4 153005654
1 1 139 3 191881812
1 1 514 2 379733875
1 0 1980 1 993558012
1 1 784 4 559469413
1 1 3169 4 947154733
1 1 3040 4 438877821
2 1589 898
2 2512 3139
2 2743 155
1 1 2799 2 651667322
1 1 202 1 385365936
2 991 3914
1 0 1155 4 49848358
1 0 3750 4 377935633
1 1 3346 1 253222110
1 0 2389 1 718681711
1 1 2745 2 591248404
1 0 170 3 510550295
1 0 1007 3 319349148
2 127 1255
2 2963 2581
1 1 3891 4 272302837
1 1 1681 1 648286836
2 2080 1391
1 1 1026 4 798223327
1 1 758 2 737867150
1 1 1531 1 386969216
1 0 3701 1 341990976
1 1 2334 1 376712600
1 1 3985 2 637434111
2 2379 2097
1 1 734 4 548308020
2 1439 104
1 1 3961 2 302243435
1 0 3669 2 930944888
1 0 1545 1 562450166
1 0 1181 1 380318010
1 0 2402 4 126151981
2 3805 3481
1 0 3540 3 829550385
1 1 1289 3 63261369
1 1 2452 2 756220036
2 133 68
1 1 3908 2 179160118
1 1 41 4 320005080
1 1 1640 3 417884416
1 1 2173 1 588686501
1 0 2304 3 263828803
1 0 252 4 864027762
1 1 1139 4 884965493
1 1 917 4 320519605
1 0 790 1 887300324
1 0 1509 2 478669612
1 0 2223 2 929711052
2 3996 770
1 1 3068 3 197504472
1 0 3683 3 361217378
1 0 3307 2 43108350
2 1134 3789
2 1531 576
1 0 1586 1 375783252
1 1 2703 2 291975944
1 1 1252 1 802346181
1 0 1183 4 608765305
1 1 1748 4 458851117
2 2044 803
1 0 3368 3 593835339
1 1 2002 3 808704318
2 3070 2398
1 0 3992 2 241353672
1 1 2551 1 491545142
1 1 1613 1 733221151
1 0 2969 1 979904510
1 0 3472 2 615180709
2 2037 3081
2 548 3712
1 1 1674 4 436127471
1 0 228 2 708708645
1 1 3577 2 721665629
1 0 739 4 924654440
1 0 1480 3 275420701
1 0 3282 4 37159847
1 1 3256 1 339880362
2 3438 1320
1 1 3051 1 717360766
2 2340 1874
1 0 1646 1 917571216
2 2485 384
1 1 115 1 45693591
1 1 961 2 980924424
1 1 555 1 819167845
2 3560 1547
1 1 1964 3 205115812
1 0 2772 4 222184229
2 1842 3599
1 0 28 2 62712556
1 1 916 3 536022436
1 1 1162 3 980635669
1 1 1499 4 317229091
2 811 364
1 1 2301 3 349672035
1 0 2231 1 824420863
2 3064 3107
1 0 1751 4 495693339
2 3604 3806
2 3756 1506
1 0 687 2 264193504
1 0 2580 1 483560717
1 1 494 4 926222435
1 1 2228 4 258963924
1 0 621 1 436417114
1 0 1558 4 976988869
1 0 3529 1 105985426
1 0 1949 3 357295760
1 1 297 3 693285025
1 0 2135 4 125841056
1 0 1996 2 278557757
1 1 1105 3 62674594
1 0 1782 4 359353325
1 1 2893 4 187407475
1 0 761 2 798580861
1 1 220 3 628906608
1 1 2602 4 161170661
1 0 1050 1 278546163
1 0 2329 3 122005232
1 0 2389 4 840385976
1 1 3532 2 763045248
1 0 2062 1 961998492
1 0 1724 1 288885284
1 1 569 3 673206331
1 1 679 3 636267889
1 1 3789 1 209688897
1 0 3999 2 451741137
1 0 2386 1 630926936
2 3584 1230
1 1 3552 3 573564758
2 1843 680
1 0 1313 3 527740365
1 1 984 3 579749169
1 1 1441 4 398802409
1 0 3755 2 612594150
2 1471 3001
1 1 2237 4 801950881
1 0 3646 2 334037379
1 0 1881 3 788118267
1 1 1289 1 444469297
1 0 1371 2 366620185
2 2196 2277
1 0 2512 1 682331770
1 1 2989 2 81852799
1 1 1210 4 899056641
1 0 863 4 552696367
1 0 3148 3 913023205
1 0 1091 2 102728853
1 0 1154 4 620094403
1 0 2947 1 979991110
1 0 133 4 121057574
1 0 2100 1 728732558
1 0 1847 2 689290471
1 0 193 4 201357525
1 1 275 1 266700613
1 1 1411 3 545203774
2 3639 559
1 0 2082 2 558296397
1 0 3015 2 234126029
1 0 3543 1 210193225
1 0 262 3 127802131
1 0 855 2 854429598
1 1 57 2 957552135
1 1 1482 2 351560004
2 654 3909
1 1 1485 4 820016382
1 1 2227 1 308527972
1 1 59 3 627382895
2 1601 3276
1 1 1697 1 237330189
1 0 2367 3 680661141
1 0 2548 4 100091487
1 1 2403 3 963802273
1 1 355 1 654275231
1 1 1658 1 417949212
1 1 3236 1 543838588
1 0 1951 2 616983478
1 1 911 1 24501475
2 1526 3710
1 1 927 2 148618597
2 3969 1810
1 1 3492 2 163976351
1 1 1775 1 999236514
1 1 3280 3 185361161
1 1 3276 4 461335970
1 0 2070 4 384205299
1 1 2656 1 555283305
1 0 3476 1 309793675
1 0 2342 4 752951104
2 755 3877
1 1 2124 2 799645164
1 0 3709 1 884390767
2 1011 3210
1 1 1722 4 646254058
1 1 1634 2 380719780
1 1 1075 4 707661967
2 1617 822
1 1 1779 3 106754802
1 0 1826 1 480387884
1 1 1816 1 922788865
1 0 3614 3 601481691
1 0 3520 2 448463035
1 0 395 1 472291607
1 0 2931 3 874419512
1 0 968 3 181220818
1 1 2484 4 562206101
2 2872 1963
2 2544 3204
2 1723 3111
1 0 519 1 83594074
1 0 3128 3 651648503
1 0 358 3 591768344
1 1 2409 2 570928324
1 1 3627 4 784400052
1 0 3825 2 678741094
1 1 1602 1 564966703
1 1 1891 3 414368100
1 1 1255 3 177742616
1 1 1637 4 286299104
1 1 2627 1 679830690
2 1558 3796
1 1 607 4 276266733
1 0 3081 1 425380050
1 1 2488 3 482118597
1 0 3057 1 555887121
1 0 2057 1 429673819
1 1 1673 2 56831504
2 888 2142
1 0 3094 2 379583128
2 895 3873
1 1 3366 3 733876959
1 1 313 2 362763935
2 1186 2708
1 1 1775 4 573129139
2 2621 3637
1 1 3869 4 805881968
1 1 516 2 953144366
1 0 636 4 675693768
1 1 2863 3 93898412
2 705 1111
1 1 1386 1 332583401
1 0 3066 4 566885017
1 1 2062 1 347647758
1 1 3595 1 392338769
1 0 2574 1 551591976
2 2785 2689
1 0 3043 2 607525647
1 1 1496 1 924681719
1 0 2763 4 755160718
2 1731 2541
1 1 765 4 490337563
1 0 3640 2 299381525
1 0 2657 4 484861449
1 0 2734 3 950852239
2 514 3734
1 1 1443 2 969788953
1 0 142 3 472298015
1 0 1628 3 652188215
1 1 409 4 229756461
1 1 2817 3 974030558
1 0 567 4 234138960
1 1 3056 3 768690078
1 1 800 2 89273301
1 0 3704 3 545104853
1 0 3574 3 188011461
1 1 3383 1 507977873
1 1 1590 1 70726262
1 1 1376 1 330579571
1 1 3547 4 808974364
1 1 2256 3 594609364
1 1 3313 2 85150125
1 0 3207 2 766092748
1 0 3351 1 847039694
1 1 107 2 799900517
1 0 1442 1 204863342
1 0 1651 2 522379363
1 1 1998 4 620657193
1 1 3284 3 310550277
1 1 339 4 735270052
2 2755 3166
1 0 3348 2 20652093
1 0 441 2 831638507
1 1 1776 2 224876128
2 2223 3612
2 493 551
1 1 3856 3 447697316
1 0 1879 3 734876006
1 0 3489 2 820574687
1 1 378 2 329564550
1 0 881 1 960348443
1 1 3759 1 416818100
1 0 1915 3 320299648
1 1 1236 2 891657004
1 0 2954 4 485530628
1 0 3863 4 173365409
2 1863 2513
1 1 12 2 468800928
1 0 1701 4 411451242
1 1 953 3 103703762
1 1 1831 3 930029643
1 0 1619 1 686973047
1 1 2113 3 775633862
1 0 1487 1 198427101
2 584 3398
1 0 2346 3 225456441
1 1 422 3 706126231
1 1 2303 2 340446472
2 1704 2518
1 0 1549 4 911270527
1 0 309 3 888630369
1 1 1224 1 134948181
1 0 2299 2 598594390
1 0 3900 2 659970905
1 0 3969 3 485210361
1 0 3429 2 805904956
1 1 1890 2 572471583
1 1 2374 1 102346750
1 1 2159 3 498586140
2 163 939
2 1437 3970
1 1 436 1 917750862
2 1019 3381
2 3229 738
1 1 1162 3 922522195
1 0 2596 2 729544552
2 3700 2481
1 0 3192 2 207592227
1 1 3044 2 956698542
1 0 3847 4 671314008
1 1 1613 4 962717307
1 1 1240 2 105334002
1 1 507 1 489946758
1 1 6 2 228471778
2 2222 1113
1 1 178 1 171436152
1 1 2119 2 445489206
1 1 3963 3 215146570
1 1 3519 2 624337012
1 0 3779 1 245218541
1 0 91 4 480229314
1 0 684 4 449828843
1 0 2471 3 66391460
1 1 294 2 438545171
1 0 2746 1 254012010
1 0 353 1 360015468
1 1 3147 4 467603349
1 0 1737 1 406340162
1 0 1705 3 918920185
1 0 1401 2 327758923
2 3855 1411
1 0 3560 1 380544881
1 1 478 2 225459273
1 1 3303 4 184660933
1 1 3621 2 259805053
1 0 1318 1 66870409
1 0 1442 2 556759989
1 0 3191 4 948524786
2 3854 3400
1 1 2364 3 673832079
1 1 2109 1 503274504
1 0 1322 3 282788219
2 2151 3492
1 1 2377 1 352168927
1 1 1920 4 103652095
1 1 535 2 201193408
1 1 3544 1 301213429
1 1 3305 3 574628715
2 1867 3234
1 1 2785 2 813460065
1 1 698 4 674434951
2 3048 895
1 1 2061 2 512474247
1 0 1780 2 941119940
1 0 3799 2 491444142
1 0 423 3 179012817
1 1 702 3 592252335
1 1 492 1 626810340
1 1 3756 1 798064497
1 1 1414 3 500450630
1 1 1993 1 826496811
1 1 2728 1 682158463
1 0 3435 4 765629092
1 1 2379 4 831586622
1 0 933 4 604823699
2 2482 1690
1 0 3709 3 826112466
1 1 10 2 132458732
1 1 3667 4 512025642
1 1 611 3 429774571
2 2624 1624
1 0 1464 3 807585037
1 0 3310 3 569683918
1 1 1756 3 157114378
1 1 999 4 477347131
1 0 56 2 854693049
1 1 2798 2 857381731
1 0 2402 4 714762335
1 1 1224 4 223668838
1 1 893 4 755107461
1 0 908 4 564293253
2 756 1852
1 0 343 3 344048657
1 0 2672 2 334553972
1 0 2317 2 850194809
1 0 3233 1 522751514
2 1963 576
2 3568 2765
1 1 2237 4 86153989
1 1 2237 3 220589044
1 0 3484 2 431451205
2 954 1180
2 790 2950
1 1 1889 2 192928202
1 1 230 2 616732562
1 0 872 3 175919999
1 0 1348 4 303842490
1 1 1520 1 186116091
1 1 1123 2 180572574
1 1 3349 2 454091175
1 1 1254 2 531923714
1 0 239 4 914590473
1 0 538 1 785291483
1 1 1502 4 779410533
1 1 3635 4 622437696
1 1 1141 4 558936221
1 0 452 2 497051609
1 1 1245 3 136670352
1 0 57 1 734625843
1 1 635 2 511526827
1 1 1268 1 337594005
1 0 2387 4 861265280
1 0 3502 2 470606798
2 3224 3116
1 1 3009 2 877797491
1 1 609 1 689863267
1 0 3669 3 977404642
1 1 3398 3 255018718
2 2335 1032
2 1302 2636
1 0 2092 1 909997328
1 1 3661 3 472084169
1 1 3002 4 735252899
1 1 1652 2 921493938
2 3713 1257
1 1 2327 2 24617584
1 1 2228 3 707176011
1 1 2722 3 995561324
1 1 2126 3 432540918
1 1 1599 4 622050256
1 1 4 2 218492363
1 0 3872 1 228896425
1 1 1535 1 77515636
1 1 546 4 153550617
1 1 2834 2 695243455
2 1787 1714
1 0 399 2 411472038
1 0 2513 4 943114262
2 348 2868
2 2041 3575
1 1 1718 3 469933808
1 0 2024 1 245468737
1 1 1698 3 945805081
2 1500 116
1 0 1302 4 738223833
1 0 2371 3 247569529
1 1 3412 2 871199476
1 1 1837 3 588415734
1 0 3939 4 256166951
1 1 1841 4 619929231
1 1 1210 1 799118684
2 2871 1959
1 1 2095 3 418042259
1 1 320 1 816327770
1 0 149 3 593611316
1 1 3772 3 261239185
2 566 929
1 0 2547 4 521173878
2 2426 2709
1 1 424 1 367850806
1 0 3299 4 27647288
1 0 1011 4 450463399
1 1 1882 1 679351192
1 1 2461 3 339096988
1 0 2577 3 712909386
1 1 2643 3 236614747
2 3380 1009
1 0 3029 2 782961219
2 3176 1532
1 1 868 4 265052204
1 1 547 3 887345693
1 1 644 1 619376224
1 1 2399 3 689646441
1 0 433 3 9625199
1 0 2644 1 579882553
1 0 3935 3 386920167
1 1 3301 2 142074944
2 461 1854
2 1253 3653
2 3545 3923
1 0 3891 1 578681250
1 1 985 4 839900336
1 1 1964 4 974664748
2 3163 2974
1 1 3965 2 424340188
1 0 2655 2 43081419
1 1 3335 1 121500486
1 1 3199 1 765881231
1 0 1554 2 370400986
1 1 559 1 968669366
1 1 3849 2 516437066
1 1 3870 2 566702547
1 0 2615 1 460572831
2 1699 1148
1 0 530 2 845890675
1 1 1709 4 856216547
1 0 3325 4 527109281
1 0 960 4 615342944
1 0 767 4 57077410
1 0 2722 4 897466416
1 1 428 2 358697859
1 0 1404 4 508062798
1 1 2105 4 9591053
1 0 1618 3 263432434
1 1 82 3 947928555
1 1 640 2 960299
1 1 3040 3 574111372
1 0 280 3 957473807
1 0 3466 4 831534072
2 3297 1849
1 0 3550 4 737317297
1 1 986 1 880866243
1 0 673 4 98127451
1 0 837 2 205104652
1 1 149 2 885370793
2 2107 2827
2 3276 3188
1 1 1444 4 527130719
2 3314 2173
1 1 1010 1 260972424
1 1 3253 1 858252603
1 0 309 3 412179379
1 0 354 2 836554616
1 0 3577 2 93097368
1 1 2528 3 833648234
1 1 1217 1 547047872
2 2951 706
1 0 1580 2 742784905
1 0 3928 4 286913864
1 0 3005 3 357983042
1 1 3852 2 822661758
1 1 88 3 753371009
1 0 1157 3 214455322
1 1 3994 3 106021088
1 0 2377 1 407776098
1 1 216 1 179644477
1 1 2546 3 427860867
2 2364 3625
2 115 2436
1 1 1297 3 915646863
1 1 2674 4 756766108
1 0 1780 2 327369150
1 1 2998 3 827925628
1 1 1350 3 611764850
1 0 3012 3 41326415
1 1 366 3 976622052
1 1 1748 3 313598693
1 1 3910 2 986118418
2 1846 3287
1 0 2769 2 228880730
1 0 1357 3 230425013
2 1601 2590
2 791 2622
1 1 3500 2 775952431
2 3482 461
1 0 3145 2 547468261
1 1 3214 1 244054752
1 1 133 1 561665047
2 3005 2813
1 1 3765 2 896197548
2 297 3389
2 2580 3796
1 0 584 3 126733867
1 1 3804 4 512683470
1 0 3233 1 346309528
1 1 1368 3 972603674
1 1 3358 3 4688199
1 1 261 4 679072059
2 32 1678
1 1 207 4 472332034
1 1 1382 2 56462535
1 0 511 2 458317129
1 0 2975 2 256456743
2 2793 771
1 0 1497 4 83202606
1 1 767 2 117837436
1 0 1501 1 177899758
2 3750 3045
1 0 3595 2 777530888
1 1 122 1 893332465
1 0 810 4 109691949
1 0 1994 2 590635783
1 1 3708 2 207520669
2 314 2999
1 1 1066 1 827573507
2 242 104
2 2984 383
2 379 3218
1 0 2725 4 162789443
1 0 1207 4 780128898
1 1 722 1 665618629
1 1 2787 4 697438346
2 3787 3318
1 0 396 1 994370001
1 1 2435 2 788468307
1 1 1500 4 192475370
1 1 2258 4 560554671
1 1 3974 2 305196734
1 0 3509 1 87810795
1 0 2495 3 125272697
1 1 2533 3 223594498
1 1 818 4 212467385
1 0 2860 4 256360648
2 2144 3319
1 1 2996 2 430489544
1 0 2980 1 270965838
1 0 1592 2 216761090
1 0 585 3 58842034
2 3288 159
1 0 3100 3 665227095
1 0 2251 1 213607097
1 0 1505 1 860638598
1 0 1088 4 30606572
1 0 1743 2 417113223
1 0 2589 1 439325689
1 1 1109 3 798208184
1 1 1206 2 597122335
1 0 1142 3 447659193
2 7 1742
1 1 1591 3 486659698
1 0 44 4 20121336
1 0 2179 1 107884047
2 975 2195
1 0 1016 3 763559481
1 1 804 4 56599533
1 0 1280 3 967931039
1 0 1722 4 691431566
1 0 2423 2 197760873
2 308 1234
2 1164 1147
1 1 1093 2 805801969
1 0 1141 4 79194410
1 0 1186 2 753712643
1 0 3145 1 737544113
1 0 1943 4 497684646
1 1 3206 3 841424409
1 0 704 3 587765146
2 3387 2327
1 0 568 1 159476589
1 0 2075 2 294029680
1 1 199 2 702030832
1 0 3503 1 8259423
1 1 994 4 402311129
2 1259 410
1 0 3598 2 521691866
1 0 2918 4 723538805
1 1 2815 4 880417944
1 0 142 3 869414550
1 1 488 1 815556042
1 0 1480 3 642804586
1 0 932 1 390181243
1 1 2487 3 785034673
2 2897 3024
1 0 2261 3 173539558
1 1 3532 4 618694304
1 0 2267 2 605984373
1 1 734 4 648921944
1 1 2268 2 651901251
1 1 3233 1 218114566
1 1 586 4 372028144
1 1 2211 1 843076896
1 1 2128 1 965633095
1 0 905 2 593011819
1 0 3720 1 905427147
2 3414 2359
2 2695 316
1 1 3691 2 220590759
1 1 743 3 268902077
2 1084 2445
1 0 2319 4 778803768
1 1 2515 2 206421939
1 0 1508 3 406101756
1 0 3929 2 938185907
1 1 3778 4 326223484
1 0 1064 1 124475674
1 0 1711 1 72093486
1 0 3723 4 938038579
1 1 639 3 980994697
2 1122 343
1 1 3069 3 401944137
2 589 469
1 0 3811 4 750855840
1 1 1510 2 954060012
1 0 365 4 14845048
1 1 1039 3 710129483
1 1 3806 2 396922486
2 189 745
1 0 1265 2 243913334
1 1 3228 3 773203775
1 0 1189 2 538685145
1 0 1159 3 318526569
1 0 1603 2 94875410
1 0 510 3 700053997
2 2235 1656
1 0 2653 3 821734630
1 0 493 4 604274007
1 1 821 4 185611835
1 0 145 2 393958957
2 1160 2265
1 1 3418 2 520860110
1 1 3959 2 162783093
2 5 2537
1 0 1163 3 236050982
1 0 3542 3 541993468
1 0 2142 2 814523713
1 1 854 3 352319253
1 1 437 1 766867369
1 1 3451 2 884639213
1 1 2793 2 46770870
1 1 729 4 543103720
1 1 1562 2 142161462
1 1 2845 4 430882598
2 3197 2166
1 0 333 2 390436673
2 3389 1196
1 0 1407 2 621953811
2 84 169
1 0 611 4 120400862
1 1 2885 2 541202765
1 1 309 3 629608541
2 3157 2342
2 1527 1716
1 1 2538 2 360402536
1 1 1089 4 77099251
2 3888 677
1 0 3852 4 199425370
1 1 2506 2 911493566
1 1 1821 1 848175934
2 1227 3474
1 0 1422 3 782171998
1 0 1999 4 875578839
1 1 2195 3 221980790
1 0 1452 1 767919960
1 0 891 4 928744107
1 0 3506 1 860552337
1 1 3903 1 493955827
2 1363 799
1 0 32 4 943201998
1 0 1812 2 26492956
2 3119 2936
2 3067 843
2 813 106
2 2996 2737
1 0 3953 4 280954755
2 2016 1946
1 1 3540 3 66263867
1 1 1636 4 33277185
1 0 2047 3 698925126
1 1 631 1 346559875
1 0 2348 4 206818330
1 1 2759 4 684445823
1 0 1120 3 527566684
1 1 810 3 469384062
1 0 1324 1 257493912
1 1 3701 4 288994387
1 1 2050 2 995684483
1 1 2329 2 900717876
1 0 3719 4 653591802
1 0 2862 1 561464462
1 0 3475 2 40792448
2 1305 1469
1 1 3338 2 908955948
1 1 1558 4 813977855
1 0 2639 2 483371626
1 1 2652 3 469394209
1 1 2142 2 368470410
1 1 2354 3 808293683
1 0 1117 4 990086694
1 0 2226 1 285294770
1 1 379 3 277953528
1 1 60 4 305503100
1 0 3688 1 877366314
1 1 3348 2 72910868
1 0 2188 3 312905894
1 0 796 4 286107035
2 2124 9
1 1 776 1 997971015
1 0 2335 1 296828068
1 0 1132 2 998219582
1 0 3752 1 371855362
1 0 3089 3 833589272
1 1 1900 1 258606911
1 0 3393 1 63825575
2 3191 140
1 0 1592 2 455897358
1 1 427 3 151228990
1 0 2844 4 279540224
1 0 1222 4 147615121
1 0 81 4 859921260
1 0 1223 3 905580397
1 1 2957 2 183358950
1 0 3434 2 227292637
1 0 2382 2 725834590
1 1 172 2 250389787
2 160 2305
2 1638 370
1 1 280 1 60716674
1 0 3607 2 507061046
1 1 3561 4 738248115
1 1 2173 4 736775932
2 188 1156
2 1020 2241
1 1 1498 4 180427956
1 1 3915 2 603472230
1 1 3123 2 435539422
2 883 1239
2 696 3717
1 1 83 1 909919659
1 0 2793 2 835443380
1 1 659 4 387801686
1 1 1330 1 567654771
1 1 2244 3 66457410
1 1 1269 1 402808208
2 3253 3567
2 2462 2998
1 0 914 2 659626304
1 1 1792 4 926746777
1 0 327 2 242791430
1 1 82 1 631132289
1 1 1388 3 499369843
1 0 2558 1 431128188
1 0 695 1 145382487
1 0 1534 2 489727624
1 1 3202 1 712963268
1 1 2496 2 288036873
2 2971 815
1 0 1142 3 727144232
1 0 261 4 976192029
2 3695 3754
1 0 2122 3 668994906
1 0 1733 1 500695235
2 1521 2059
1 0 3695 1 676803136
1 0 3160 3 908633355
2 3327 3854
1 1 3208 4 709119183
1 0 2200 4 728486730
1 0 1825 2 746299528
2 2783 940
2 3021 695
2 3303 3412
1 0 3510 2 327518208
1 0 2454 2 95730682
1 0 867 1 787837804
1 0 1796 2 967470918
1 1 2586 2 73459752
1 0 1827 2 667389099
2 789 1646
1 0 2218 2 923674278
1 0 309 3 947612875
2 637 286
1 0 673 4 91850666
1 0 1215 4 874141530
1 1 3855 1 809748406
1 0 782 4 961140274
1 0 2030 2 200902803
2 1810 2129
1 0 869 1 517213459
1 0 1277 3 417416763
1 0 2279 2 897890692
2 3983 347
1 1 427 1 652805700
1 1 1693 3 21221932
1 0 2449 1 705022957
1 1 3356 4 640931801
1 0 475 4 146182379
1 0 136 3 707174381
1 1 2168 3 330006227
1 1 452 1 75163576
1 0 836 3 248655608
1 1 451 2 262717229
1 0 478 4 29507668
1 0 1672 3 905069857
1 1 3474 4 911510855
1 0 713 4 169343739
1 1 32 2 212804513
2 2016 3555
1 0 3204 4 302308887
1 0 3297 4 56526945
1 0 1266 3 287592690
1 1 3892 3 97842497
2 1138 1257
1 1 1171 4 832006269
2 3511 809
1 1 1197 1 50312667
1 1 336 2 395738581
1 1 401 4 87669748
2 3308 893
1 0 381 2 549109732
1 1 2592 4 725902620
1 0 3457 4 923778879
1 0 567 3 919244440
1 0 3199 2 465501050
1 1 2468 3 823519619
1 1 1306 1 364764780
1 1 1675 3 356560017
1 1 3729 1 285082523
1 0 234 1 702977220
1 1 2233 3 906444671
1 1 1673 4 626778308
1 0 187 2 361402062
1 0 1703 2 177654455
1 0 735 3 613966331
1 1 103 3 140086273
1 1 3078 2 503787968
1 1 572 2 334677155
1 0 1039 4 951802834
2 3476 266
1 0 3616 1 485959236
1 1 1148 3 783409232
1 0 2117 2 376068242
1 0 1839 2 142443081
1 0 2741 3 243255232
1 0 2768 3 853776390
2 789 540
1 0 2107 2 222249564
1 1 3984 3 726373651
1 0 2468 2 428535246
1 0 3865 1 218312468
1 1 2201 4 253545234
1 1 2354 1 126991400
2 3268 487
1 0 1324 1 340905463
2 3888 3333
1 0 121 4 205211794
1 1 1548 2 748339866
2 3786 1565
1 1 548 3 483961840
1 0 1748 2 880225657
1 0 626 3 669047197
2 1191 3075
1 1 26 2 778894436
2 3912 3073
1 0 2742 4 104313640
1 1 1779 1 606233490
2 3493 3943
1 1 2217 3 735216025
1 0 2346 1 554346480
1 0 1909 4 475429431
1 0 2833 3 820174596
2 3675 3163
1 0 948 4 6357761
1 1 721 2 245972150
1 0 3092 4 93361050
1 0 673 2 90235631
1 0 236 4 817674340
1 1 2425 4 814790389
1 1 307 3 941320659
1 0 3263 4 446361574
1 1 1024 1 170128348
1 1 94 1 827498058
1 0 1536 1 758360820
1 0 2116 4 159654130
1 0 2980 3 428906775
2 574 3879
1 0 1360 4 390330639
1 0 2430 4 744289865
1 0 1868 2 596050286
1 0 2514 1 535520372
2 1359 2593
2 877 1486
2 201 3673
1 1 331 2 158123554
1 0 1982 4 300563103
1 1 16 1 195527607
1 0 3578 1 643351254
1 0 2670 3 971174289
1 1 192 1 511939658
1 0 585 4 918426086
1 1 711 2 991645318
1 1 2007 4 892546969
1 1 3393 1 644868082
1 1 521 3 363208084
1 1 3085 4 470668998
1 0 568 1 132975583
1 0 3008 2 634409281
1 0 1761 2 416708968
1 1 1561 4 204361879
1 0 1209 1 953786285
1 0 2840 1 514066460
1 0 2066 4 267653344
2 3011 2994
1 0 2179 4 453164003
1 1 1049 2 62341483
1 1 639 2 730473385
2 291 1781
1 0 3552 1 620943399
2 3140 200
1 1 2102 3 986331672
1 0 748 2 697618996
1 1 732 3 874468791
1 1 1817 1 161028059
2 1928 830
1 1 877 3 999355515
2 2325 566
2 1966 3251
1 0 3346 2 872542877
2 2228 2011
1 0 533 2 911674226
1 0 1482 1 272452534
1 1 2797 1 554882440
1 1 2957 1 287010979
1 0 1885 1 376995072
1 0 2080 3 960913886
1 0 1197 1 534714631
1 1 2651 1 851226785
2 3000 430
2 2682 2298
1 1 2649 3 313680557
1 0 1439 2 465672045
1 1 119 2 723420972
1 0 1584 3 965610682
1 0 1212 2 535927343
1 1 1758 2 523564316
1 0 3814 2 180124594
1 0 3786 1 648348186
1 0 2766 3 898587696
1 0 3466 3 228299011
1 1 1704 4 520052423
1 0 209 3 167722560
1 1 277 2 888415983
1 1 2381 3 521299785
1 0 1549 4 972801582
1 0 442 3 697633955
1 1 1045 3 189826565
1 0 2831 1 116958060
1 1 1191 3 815721249
1 1 795 4 498286950
1 1 1409 3 855645150
2 2513 182
1 1 82 4 584534434
1 0 2440 2 161328064
1 1 1396 2 937080749
1 0 1367 3 515501173
1 1 2405 2 902538431
1 1 1706 1 766146141
1 1 1982 4 429224751
1 0 1001 3 749302340
1 0 1333 3 791732051
1 1 1750 2 218802640
1 0 2109 4 103930760
1 0 651 1 438123803
1 1 1702 4 331583639
2 1582 1102
1 1 963 3 933038580
2 3623 2326
1 1 1204 2 584506622
1 1 1986 4 365958389
1 1 173 3 608830630
1 1 567 3 399902006
1 1 3254 1 678557668
1 1 2444 2 882709243
1 1 127 1 441864955
1 0 2232 4 449586819
1 0 2009 1 370274039
1 0 3472 3 598521493
2 3733 2245
2 21 2584
1 1 2773 3 44282503
1 0 3454 3 83974192
1 0 2776 4 322237670
1 1 2991 4 2213673
1 0 3802 3 39587285
1 0 1076 1 530393720
1 1 2422 3 915094425
1 1 1951 3 42065339
1 1 128 2 592065872
1 1 686 2 807718332
1 1 567 4 505690870
1 0 1606 3 62889311
1 1 3160 3 185734766
1 0 1335 4 955214428
1 1 3012 4 807216104
1 1 2728 2 788370176
1 0 1880 1 10866073
1 1 2455 1 42745356
1 1 655 3 711204382
1 0 657 4 856761733
1 1 1380 3 719915439
1 0 2973 3 708991670
1 1 1763 4 215529263
1 1 1166 4 931788337
1 0 2895 4 658389204
1 0 934 4 405269332
2 1746 150
1 1 3629 4 489701577
1 0 974 1 15438245
2 3568 486
1 0 3322 1 877278088
1 0 3261 1 968060956
1 1 131 1 754637794
1 1 2586 1 129079539
1 1 3984 1 291063017
2 418 1398
2 1715 2467
2 178 483
1 1 3224 4 364735831
1 1 1016 2 574730650
1 1 621 3 306992757
1 1 1190 2 706111774
1 1 1146 3 866618291
1 0 2450 1 29655688
2 2138 3044
1 0 2231 1 749731638
1 0 2436 4 859751720
2 3890 3204
2 2816 2655
1 1 3828 1 982703314
1 0 264 4 380060031
1 0 3192 4 498903384
1 1 3420 3 784313790
1 0 1360 3 357889606
1 0 1736 3 694311339
1 1 1799 3 858405304
1 1 728 4 969105058
2 1998 1159
1 1 3025 2 262757930
1 1 3008 2 474615329
1 1 147 3 379973386
2 2861 240
1 1 3434 4 171142660
1 0 1824 4 859893645
1 1 1511 1 864863375
1 1 1768 2 533971539
1 0 2177 2 563520508
1 0 2057 3 657608000
1 0 1912 2 405380433
2 2105 1970
1 1 2160 2 63216137
1 0 3935 4 65350099
1 0 1239 3 235802954
2 2959 674
2 2305 1274
1 0 1067 4 162959375
1 0 2980 3 805347694
1 1 1059 2 353582583
1 0 3800 2 683850055
1 0 3195 3 825245295
1 0 2473 1 211562216
1 1 2690 2 864939600
2 649 3144
1 0 1950 4 259203467
2 1238 1053
1 0 1035 1 835910871
1 0 396 4 585552269
1 0 2664 3 518473408
1 1 1097 4 902960292
1 1 566 3 696688601
1 1 1710 4 118439893
1 0 1035 1 902255028
1 1 3940 4 441189162
2 3892 3190
1 1 263 1 183981566
1 0 1982 1 128315817
2 1958 1125
1 1 2526 4 865943688
1 0 329 3 102965252
2 2244 461
1 1 122 1 403194265
2 1560 2259
1 0 3791 3 979213669
2 3105 3659
1 0 3475 1 640550155
1 1 2357 2 319738268
1 0 2022 1 526727411
2 2621 2092
1 0 994 1 197176979
2 1994 3952
2 1656 2280
1 0 2043 4 562154877
1 1 2820 3 704742555
1 0 3963 4 622461664
1 0 72 1 826172345
1 0 2815 1 549286775
1 1 1387 3 116502842
1 0 2059 2 653236533
1 1 1285 1 810833041
1 0 1296 1 754554014
1 0 1195 1 728979131
1 1 2026 2 783640202
1 1 2614 1 950078411
1 1 2951 1 502929046
1 1 1734 4 663774873
1 0 2103 2 541314968
1 1 2258 2 351841233
1 0 2082 2 971140827
1 1 1762 1 188974515
1 1 223 3 635759092
1 0 476 4 324120469
1 1 3038 4 39922664
1 1 2015 4 557242613
1 1 1978 1 240438777
1 1 1620 1 744177072
2 1545 3482
1 0 268 1 275569312
1 1 3018 3 68250883
1 1 1324 2 771262520
2 1859 2098
1 1 1416 2 806454252
1 0 3987 4 467591097
1 0 524 1 767166077
2 1949 1675
1 1 3802 4 882827338
2 1911 181
2 2494 1143
1 0 1026 4 617617840
1 1 2613 3 589150501
1 0 167 2 176341825
2 2357 1724
1 0 3322 3 172969549
2 679 1570
1 0 1788 3 490530727
1 1 180 3 286014193
2 270 3333
1 1 138 4 637482923
1 1 1894 4 68546498
1 0 889 2 218989956
1 0 2271 2 852892936
1 1 3529 2 133456308
1 0 1999 2 127144268
1 0 3984 4 60841452
1 0 1930 4 799518433
1 0 3109 2 593581704
1 1 475 2 382898302
1 1 264 1 99329586
1 0 2244 1 116685597
1 0 2261 2 842480848
2 3643 1376
1 1 3321 2 258973251
1 0 136 4 256357295
2 604 109
1 0 610 3 791747754
2 3077 408
1 1 3333 3 174025482
2 2396 1086
2 651 1200
1 1 2209 2 186769328
1 0 12 4 250114509
1 1 2272 2 630715605
1 1 467 3 63732483
2 215 2586
2 3842 962
1 0 3203 4 709530774
1 0 1113 1 23781477
1 1 1149 3 54640301
2 1331 668
1 1 1330 3 477540055
1 1 3226 3 242470406
1 0 3061 1 732941861
1 0 2130 4 43226274
1 0 2461 2 822623709
2 122 3538
1 0 3311 1 499453062
1 1 2674 3 660616702
1 0 189 4 552996442
1 1 2967 1 248911342
1 0 1195 3 319113320
1 0 639 4 817871853
1 0 2952 3 376198779
1 0 954 4 474350410
1 0 1307 1 887596725
1 1 3909 1 776184571
1 0 2731 4 948306963
2 2234 3528
2 1984 707
2 938 576
1 0 1849 3 619938189
1 0 2654 1 405841866
2 1655 2364
1 1 109 2 144736313
1 1 3996 2 946056635
1 1 3504 1 775330091
1 0 2095 3 425653375
2 2302 1404
1 0 2868 4 255742003
1 1 2014 4 885521585
2 2740 1761
2 1323 1842
1 1 3724 4 738904584
1 0 2243 1 403707540
1 0 2590 3 739396131
1 1 418 1 678877448
1 0 488 2 433360224
1 1 929 4 765366264
1 1 3121 2 756780611
1 0 2444 1 637951560
2 805 1237
1 0 156 4 382658166
2 1898 2809
2 2173 3366
1 1 3942 4 767518235
1 0 1516 3 909340463
1 1 68 3 942213549
1 0 1377 3 908200682
1 0 3838 4 161323515
1 1 2938 4 455086891
1 0 1393 3 883560771
1 1 3528 3 242183510
2 640 434
1 0 2707 1 809011364
1 0 923 1 465848074
1 0 2182 3 947974003
1 1 11 3 955416907
2 3201 2496
2 1987 1907
1 1 3229 1 239621345
1 0 2135 2 235448073
2 1645 284
1 0 740 1 750937071
1 0 1700 4 954762148
1 1 2733 2 136118000
2 3268 219
1 1 3639 4 729857513
1 1 1044 3 509725150
1 1 371 3 904387688
1 0 3782 4 304889912
1 1 2420 4 377913659
1 1 3991 4 152739060
1 1 1120 1 201626129
1 0 3899 3 579332156
2 3378 2576
1 1 2308 1 772331286
1 0 1027 2 777321713
1 1 539 3 659740152
2 1254 1775
1 0 1283 1 16999368
1 0 2782 2 553020964
1 1 183 4 275472336
1 0 2926 3 738794444
1 1 717 3 224903263
1 1 2510 1 269209687
1 0 3457 3 535924453
1 0 3822 3 657429861
2 1585 653
1 1 3399 4 944150995
1 0 3236 4 226493212
1 1 2107 2 739580208
1 1 2585 1 354701549
1 1 1810 4 948076077
1 0 3071 3 340416231
1 1 1975 1 307346724
1 0 1215 3 829774413
2 3152 3002
1 0 2912 3 884489538
1 0 2724 4 53633162
1 0 1120 3 970891882
2 3581 3458
2 37 1141
1 1 3079 3 229690115
1 1 1246 3 399609512
1 0 1288 2 12292193
1 0 1138 1 540972980
1 0 1960 1 399036197
1 1 2220 3 853438822
1 1 3405 2 520522713
1 1 904 2 359981229
1 0 1281 4 970408939
2 953 1340
1 0 3761 2 381348131
2 126 2842
1 1 2857 2 604816276
1 0 3516 2 94992799
1 1 3967 2 89452612
1 0 3028 4 376801459
1 0 1326 1 522143903
1 1 2093 4 971668497
1 1 1202 2 392695440
1 1 2413 1 915483448
1 0 943 2 576954838
1 1 364 4 816926564
1 0 2220 4 540303592
1 0 1891 2 141587168
1 0 2350 3 461143148
1 1 955 2 430676361
1 0 1568 2 385222822
1 0 2751 3 626702556
1 1 3226 2 629246869
1 1 2452 4 929667215
1 1 2891 4 520432442
2 2545 3997
1 1 3480 1 888530644
1 0 2415 3 514224591
2 340 953
2 2293 3576
2 1446 3357
1 0 1789 2 666458445
1 0 2966 1 284522991
2 3609 3756
1 1 352 4 401119531
1 0 347 2 382215984
1 1 3101 3 491585694
1 1 1948 1 274223007
2 161 2787
1 1 3637 2 561339680
1 0 2193 2 218501203
1 1 235 1 974043555
1 1 3056 2 355358578
1 0 1999 4 394181217
1 1 1957 2 388080579
1 1 128 1 713565764
1 1 3353 1 35442073
1 0 3118 4 364721454
1 1 3047 3 327321865
1 0 101 3 461126978
1 0 502 1 375397983
1 0 1416 3 44215428
1 0 3916 2 443838595
1 1 1806 3 497430302
1 0 1942 2 171622470
1 0 657 4 673220473
1 0 3126 3 970645538
2 844 3996
1 0 3492 1 113870571
1 0 2091 1 691955272
1 0 2252 2 533207499
1 1 715 4 962776690
1 1 1733 2 412379793
2 1819 1916
1 1 2684 2 214405795
1 0 68 4 32038190
1 0 2970 4 170416352
1 1 3834 1 766802214
2 3977 670
2 1825 3208
1 1 502 4 602577634
1 1 3715 3 566257730
1 1 2673 1 616399273
2 896 3215
1 1 991 2 24451005
1 1 2698 1 67343282
1 0 3613 4 772976944
1 0 855 4 269651653
1 0 1055 2 716234069
1 1 3423 4 423754483
1 1 999 4 215701871
1 0 2508 1 359693173
1 1 1166 1 784611991
2 594 639
1 0 1364 4 686716926
1 1 2852 1 379343363
2 2818 766
1 1 286 2 54674663
1 0 146 2 419137262
2 3283 3407
1 1 3887 3 247621347
1 1 2581 2 167367390
1 1 285 4 178575177
2 131 3621
1 0 2082 2 27516905
1 0 1275 1 305196014
2 2465 1454
1 0 863 2 488412894
1 0 2322 4 108663593
1 1 3814 3 160589874
1 0 1934 3 762546336
1 0 120 4 576994977
1 0 389 1 176369335
1 0 2685 3 250923536
1 0 150 4 243274933
1 1 3576 4 765136691
1 1 3322 2 81350087
1 0 3710 2 791495685
1 1 1086 2 810381559
2 272 3595
1 1 51 4 621104526
1 0 1774 4 799650403
1 1 608 3 143874087
1 1 1953 2 232627596
2 1241 1911
2 3170 1056
2 3353 2608
1 1 2997 2 417652685
1 1 2845 3 907566291
1 1 1645 1 730072002
1 1 3511 4 526459318
1 1 3540 4 191879416
1 1 3240 1 153529245
1 0 92 3 929097822
1 1 601 3 370227493
1 1 1629 2 86886025
2 641 1768
2 3950 3874
1 0 590 2 149433353
2 2397 2937
2 490 3223
1 0 3612 3 997280474
1 0 1169 2 516025077
2 2458 2679
1 1 2722 4 344136853
1 0 1470 3 495843587
1 1 2293 3 118843414
1 0 589 3 791207505
2 1877 2771
1 1 2794 2 181469618
1 1 1391 2 13711799
1 0 342 4 916098672
1 0 3625 1 620791288
1 0 1291 4 200865298
2 3443 3323
1 1 1457 3 19739149
1 0 647 4 841737650
1 1 1892 4 161698047
1 0 408 4 738412903
1 0 2900 4 91426375
1 1 1236 2 159248586
2 3427 2041
1 0 1555 4 610355205
1 0 2776 3 845416526
1 1 2322 4 829547198
2 3259 444
2 3040 3628
1 0 3616 4 656986303
1 0 1085 3 222400336
2 1372 3370
1 1 2060 1 153680179
1 0 3985 1 40666170
1 0 3146 3 530087772
1 1 3637 2 762998111
1 0 2721 2 277476414
1 1 572 3 869270903
1 1 2905 1 84653303
2 3019 1594
1 1 3917 1 35831611
2 2337 3475
1 0 1841 1 289296803
1 0 680 2 939178278
1 1 1922 1 407557972
1 0 399 2 24257218
2 2453 3665
1 1 1502 2 73229064
1 1 3692 3 54477876
1 1 2675 4 260625576
2 145 3153
1 0 2489 1 911298284
1 0 3888 1 142412210
1 0 2771 3 548349112
2 1767 2522
1 0 3533 1 347566610
1 1 2013 3 919597058
1 1 728 2 253568411
1 0 974 4 610688989
1 0 2001 1 753355056
1 0 3630 1 691553034
1 0 1087 2 721162972
2 3878 1134
1 0 2394 3 783658511
2 3652 3578
1 0 3373 2 766540988
1 0 3139 4 652949231
1 0 3192 4 737676550
1 1 2531 2 74967585
1 1 486 3 952234238
2 1749 2840
1 0 1946 2 470431621
1 0 2051 2 594851979
1 1 2907 4 283598112
1 1 3447 4 129455650
1 1 267 2 15974412
1 1 2933 1 450352445
1 1 1988 3 660670237
2 3949 3276
2 1212 1066
2 1727 430
2 3839 2795
1 1 1757 4 261379788
1 0 2225 1 405465232
2 3511 2795
1 1 2331 1 207926068
1 1 3107 4 616085689
2 1010 2020
1 0 3427 4 919027900
1 1 13 3 836741818
1 1 2564 2 544970511
1 1 3020 3 960844227
1 1 2973 4 991514909
1 1 1838 4 674649564
1 0 2279 1 434432415
1 1 1615 1 643016048
1 1 1050 1 459298251
1 1 846 3 541890566
1 0 686 3 147435975
2 1983 2159
1 1 3676 1 281370907
1 0 1384 4 83209142
1 0 3118 3 748955462
1 1 3835 4 623454803
1 0 2839 2 419271775
2 2856 144
1 1 2319 2 190105991
1 1 1886 2 265739591
2 252 1776
2 2940 2400
1 1 1693 3 266685996
1 0 799 2 230416249
2 3366 1934
1 0 811 1 317005788
1 0 1508 2 266525867
1 0 1851 2 736475804
1 1 3001 2 50697841
1 0 3894 2 706368440
2 3239 3543
2 1955 1716
1 0 1523 1 535158709
1 1 248 4 257922543
1 0 1760 1 195988966
1 1 2017 1 738198080
1 0 427 3 965781018
1 0 1653 3 68832948
2 901 2974
1 1 1559 2 878924750
1 1 3579 4 620824345
1 0 874 2 424433120
1 1 2831 4 493004900
1 0 3128 4 597273640
1 0 2173 2 131349869
1 0 3053 1 525791905
2 399 2918
1 1 2995 3 915742093
1 1 3179 2 529320192
1 1 293 1 836919308
1 1 995 1 901428619
1 0 1282 1 364321419
2 3652 1904
1 0 1221 4 788165797
1 1 2375 2 706086922
2 2604 3907
1 0 1013 1 660168734
1 1 530 2 144114979
1 0 3388 4 195106811
1 1 827 2 740063165
2 2895 2952
2 1630 3625
1 1 1878 1 371010491
1 0 1649 4 699915574
1 0 1639 1 257361296
2 1990 399
1 0 2932 4 95275950
1 1 3362 3 125332838
2 3411 765
1 1 3460 2 868697319
1 1 2542 1 819665330
1 0 719 2 953940573
2 1529 1054
1 1 3360 2 242820177
2 470 1004
1 0 1712 2 23216531
1 1 1162 3 123138252
1 0 2218 3 558056430
1 0 3642 1 761296949
1 1 938 4 811751841
1 0 1298 2 787461560
2 2620 3409
1 0 2068 3 270556148
1 1 316 4 159148110
1 1 1898 2 132245194
1 0 3752 1 153400399
1 1 3401 4 716059073
1 0 2575 3 413869700
1 0 1807 2 984341188
1 1 3882 3 925278811
1 1 648 3 392577600
1 0 1819 2 115779107
1 1 1545 3 710210623
1 0 628 1 59622500
2 3328 1000
1 1 649 4 181827148
2 2419 1337
1 1 2391 4 907193607
2 1561 1414
2 1872 219
1 1 2506 1 468400758
1 0 1585 2 293173784
1 0 2658 1 233851861
2 1238 145
1 0 1062 1 279997613
1 0 1347 3 96506242
1 1 1139 1 268765780
1 0 517 4 144828431
1 1 2082 2 46589100
1 0 1728 3 743610363
2 2433 1410
1 1 2277 3 828020908
1 0 1706 2 251220459
1 1 1362 1 337986172
1 0 3723 3 987465173
1 1 2052 3 884634922
1 1 2585 2 987252068
1 1 1113 1 597093868
1 0 3494 2 139330561
2 3237 3275
1 0 2476 1 87845428
1 1 523 1 488954106
1 0 2189 3 114727742
1 1 960 1 464478559
1 1 592 2 53719226
1 0 2332 1 568834937
1 0 2199 2 889574613
2 32 2561
2 10 434
1 1 451 1 864123564
2 3423 332
1 0 325 4 954071168
2 940 3408
2 2608 460
2 677 2874
1 0 341 1 518591184
1 1 73 4 890240717
1 0 676 3 720229891
1 0 3829 3 166518266
2 519 2485
1 0 2247 2 627136646
1 1 492 1 367100226
1 1 2693 1 791405478
2 3074 2293
1 0 3262 4 677477917
1 0 860 4 797426700
2 2635 1563
2 2956 1779
1 0 3549 1 27668141
2 1218 763
1 1 3269 2 673924001
1 0 642 3 954248141
1 0 1242 3 189505629
1 0 1485 1 75880157
1 0 3199 4 127494404
1 1 2341 2 470499759
1 1 1492 3 488633737
1 1 3858 3 39878060
1 1 322 4 211530977
1 1 3425 2 982640711
1 1 2931 2 205869541
1 1 32 3 133338909
1 1 513 2 289668657
2 774 2411
1 0 1355 4 527744334
1 1 567 2 561181048
1 1 3274 4 345263440
1 1 3953 3 828798718
1 0 3141 2 669097333
1 0 3723 4 438463815
2 2743 1904
1 0 98 1 426095412
1 0 687 1 607265599
1 1 2343 4 889393533
2 2993 289
1 0 3256 1 880771385
1 1 1506 1 592193006
1 0 1429 1 364445367
1 0 2570 1 807114088
1 0 1747 4 327259672
1 1 1432 2 932125828
2 2074 2836
1 0 2952 2 817065308
1 1 1217 3 44357924
2 2558 1940
1 1 1233 3 896300756
1 0 722 1 319874135
1 0 1333 1 744908234
1 1 245 2 691342726
1 0 1205 4 411534736
1 0 246 4 531185871
2 2546 459
1 1 3141 2 870754150
1 1 224 3 909531789
1 0 247 2 744527492
1 0 349 4 476783282
1 0 3096 3 962252333
2 2235 1644
1 1 3956 3 317111005
1 1 923 3 86248528
1 1 1238 4 553486188
1 1 3811 4 122270893
2 2977 2815
1 0 1639 3 896955303
1 1 1877 1 650130012
1 0 2049 4 576180763
1 0 3805 4 148512968
1 1 922 2 529230913
1 0 3598 2 846754245
1 1 3490 2 196478251
1 0 3920 3 203685080
1 0 3105 3 424037862
1 0 1320 3 735787459
1 0 2284 1 569457603
1 1 1321 4 277966881
1 0 263 2 316017185
2 2092 912
2 2870 3053
2 3739 2071
1 1 263 4 536105304
1 0 388 2 742072699
1 0 2744 3 152619838
1 1 3846 1 278424039
1 0 1707 4 839066513
1 1 2082 1 325506453
1 1 435 3 198158802
1 1 1025 2 274003282
1 1 2575 1 241848547
2 668 1498
1 1 2561 2 334390064
1 1 2884 1 673240890
1 0 2479 4 780513158
2 3847 1866
1 0 1540 4 20113843
1 0 503 2 772067830
1 1 1185 1 747847765
1 0 3853 3 428902012
1 1 1999 1 109959774
1 0 3492 4 250097809
1 0 1664 2 316294449
2 902 2849
2 1456 761
1 0 1233 4 640685383
2 320 3863
2 2873 2795
2 823 340
1 1 3112 3 935358182
1 0 379 4 86944200
1 0 845 1 134868833
1 1 2030 4 254622877
1 1 1745 1 418104224
1 0 112 3 53500619
1 0 890 4 546479730
1 1 731 4 80028238
1 1 499 2 873839625
1 1 3710 2 822973736
1 0 3285 3 174819701
1 0 2562 4 532322172
1 0 868 1 602315091
1 0 2089 2 888192226
1 0 2967 1 798212503
2 3626 1017
1 1 323 1 502446126
1 1 994 4 479329816
1 0 665 1 528057067
1 1 1161 2 160411918
1 1 3190 4 835880243
1 0 3676 1 677006435
1 1 1580 1 907280574
1 1 3182 2 696678676
1 1 3239 4 235515440
1 1 539 1 990228209
1 0 2456 1 793702111
2 3295 2698
1 1 824 4 372002161
1 0 1878 1 420952245
1 0 3237 1 972158918
1 0 2071 4 218146365
2 262 81
1 0 2562 2 956396394
1 0 2879 1 111543323
2 180 3713
1 0 2360 3 301373452
2 1130 1916
1 0 3510 3 218369286
1 0 1278 3 277509337
1 1 3386 1 507664474
1 1 580 3 717929145
1 0 2673 2 2615484
1 1 3145 4 542196857
1 0 2706 4 967064292
2 586 145
1 0 2832 2 821973677
1 1 1380 2 70585000
1 1 1549 2 160519652
1 1 1696 2 548943825
1 1 688 2 241795969
2 2100 3412
1 0 3927 3 895359681
1 0 3148 4 68377610
1 0 3451 4 681022939
1 1 1233 3 247588616
1 1 1981 3 563539353
1 0 3390 1 572711809
1 0 3718 1 374114661
1 0 3377 3 616638662
1 1 3732 3 786704859
1 0 3125 1 615608949
2 3352 1369
1 1 3554 4 326145223
2 2605 2357
1 1 184 3 967662999
2 606 3262
1 1 2683 4 530431117
1 1 3895 3 828621543
1 1 635 4 161989910
1 0 1339 1 367496846
2 487 301
1 0 2313 4 687164236
1 1 2261 4 521724893
1 1 594 1 305882488
1 0 781 3 951227926
1 0 3454 4 890895099
1 1 1413 2 49307539
1 1 795 3 856811422
2 3702 87
2 1613 2919
1 0 2905 2 196500052
1 0 9 3 867884438
1 1 2199 2 412082626
1 1 1373 4 495518388
1 0 1981 2 6878876
1 0 130 1 744985796
1 1 660 1 692540037
1 0 2748 2 199715111
1 0 3790 1 408106543
1 1 3040 2 25884587
1 0 1474 2 461794539
1 0 3654 3 68799224
1 0 3705 1 257164347
1 1 690 1 258503887
1 0 1471 1 262112706
1 0 1980 2 231413825
1 0 2740 4 641485235
1 0 227 2 258747762
1 0 976 1 712681313
1 0 1821 2 234100435
1 1 3397 1 617173492
1 0 1264 1 148968812
1 1 232 2 323910683
1 0 1752 1 294770050
1 0 2611 1 893968353
1 0 461 2 217309557
1 1 1108 1 602454597
1 0 1710 1 445377844
2 3188 2801
1 1 170 3 736979896
1 0 904 2 79071788
1 0 3103 2 251271771
1 0 3984 1 992762974
1 1 1550 3 568347882
1 0 3954 4 672974819
1 0 3006 3 260535943
1 1 3540 3 264218335
1 0 367 2 694227440
1 1 1375 1 707632962
1 0 320 1 387267949
2 3693 2308
1 1 1862 3 310205956
2 1134 1943
2 3491 1118
1 1 2297 3 828210736
2 109 463
1 1 2835 1 634510247
1 1 2016 4 457080726
1 0 3273 1 689913768
1 1 2920 2 21214776
1 1 1056 3 429501309
1 1 1569 1 878421623
2 2218 2135
1 0 3081 4 616056670
1 0 6 2 65500868
1 0 3159 3 739432305
1 0 3603 4 991527395
1 1 901 2 574898171
2 327 1747
1 0 124 3 431651768
2 1152 719
2 3583 3002
1 1 2455 4 470472950
2 2010 2943
1 0 2833 3 438522470
1 0 2383 1 230187336
1 1 3822 3 511225315
1 0 2352 2 441473435
1 1 1109 2 194423678
2 121 1386
1 0 3848 3 969630030
1 1 2136 4 307386584
1 0 3750 2 907390960
1 1 3258 4 141757391
1 1 195 2 689500213
1 1 2409 4 611226313
1 0 1114 4 73980504
1 0 3383 1 465036680
1 1 2055 2 767857722
1 0 1108 1 796404421
1 0 3228 1 583873010
1 0 3876 3 639613719
1 1 2798 3 829963994
1 1 2482 4 185461161
1 1 485 3 936397465
1 1 1428 3 717645952
1 0 3973 3 572509000
1 1 208 2 735662483
2 832 2074
1 1 3145 1 708840564
2 3271 774
1 0 461 3 743423217
1 1 885 2 239790021
2 459 2617
2 3452 2911
2 3782 3360
1 0 3372 1 681764939
1 0 417 1 374723575
1 1 2388 4 922860960
1 0 2341 3 111274931
2 3881 2488
1 1 1411 3 277300604
1 1 1646 2 163702097
1 0 2252 4 83822137
2 986 915
1 1 3155 4 391025174
1 0 3150 4 297351901
2 2337 1454
1 1 1987 1 821703808
1 1 2366 3 203856680
1 0 3163 2 947390578
1 1 2657 4 432491517
1 1 2608 1 794035218
2 3984 723
2 3575 818
1 1 250 1 172804606
1 0 1695 2 533229712
2 2926 2376
2 247 1278
1 1 847 4 538985220
1 0 2515 3 234899533
1 1 3405 3 66182186
1 1 3264 3 315792833
2 3519 2783
2 33 3479
1 1 3369 1 997445769
1 0 414 4 134492125
1 0 213 4 481584384
1 0 3583 2 901444022
1 1 1509 3 289987859
1 0 3793 2 45715493
2 1407 2648
1 1 1299 1 620544368
1 1 1384 1 409030092
1 1 535 2 768164218
2 1914 3085
1 1 1883 4 386884378
1 0 3114 3 536850021
1 0 3751 1 231072785
1 0 208 4 27026836
1 1 1150 3 768106016
1 0 2395 1 312834202
1 0 2521 1 62102323
1 0 3510 3 329048048
1 0 1202 3 148552068
1 1 2040 1 212705835
1 1 2080 2 597883567
1 0 290 1 312759261
1 1 339 1 126765260
1 1 1262 4 324288379
2 1029 394
1 0 3181 2 51547142
1 0 382 3 802906150
1 1 1358 2 984402650
1 0 2558 4 690095223
1 1 2867 1 618649987
1 0 3863 3 716114860
2 1856 3497
1 1 1530 2 35748726
1 1 143 2 519656226
2 1757 2581
1 1 1747 4 756309972
1 1 372 1 365854575
1 0 2430 1 663870734
1 1 965 2 611894521
2 1532 2570
2 349 147
1 0 2387 2 748654140
2 469 3649
1 0 3622 3 542285154
1 1 3023 1 65886616
1 1 414 1 894147075
2 970 2845
1 0 751 2 100110986
2 2318 807
1 0 1320 2 504140657
2 2278 2740
1 0 898 2 134891374
1 1 2346 1 294103453
1 1 2422 2 803676449
1 0 2440 4 630892768
1 0 1177 2 179419009
1 0 2649 3 70549550
1 1 2318 4 104957527
1 1 3702 3 309999048
1 1 1276 4 442021047
1 0 529 2 467297595
1 1 3556 1 146995459
1 1 1299 3 800907339
2 1858 3060
1 0 3758 2 691703416
1 1 3590 1 25601146
1 0 1708 1 434573618
1 1 1745 1 40054368
1 1 1924 4 116279771
2 1951 390
1 0 2304 1 906573185
2 2936 2526
1 1 3632 3 925671605
2 3161 3139
2 1894 492
1 1 1009 2 40002281
1 0 3413 1 115440644
1 0 1223 1 978955277
1 0 313 4 429546091
1 0 2035 2 28306248
2 2854 1471
2 2678 1393
1 1 1273 2 84337909
1 1 2405 2 186283873
1 0 920 3 686747052
1 1 413 2 539024073
1 0 3182 3 764320641
2 3216 2766
1 1 3160 1 864628126
1 0 3893 2 112311577
1 0 3398 3 247711230
1 0 2697 1 149877142
1 0 355 4 893576135
1 0 813 3 214507755
2 2193 1871
2 1281 1024
1 0 2467 1 651669790
1 0 302 2 224646795
2 1915 2208
1 1 1515 4 332575542
1 1 3455 2 429016812
2 2862 1290
1 1 578 4 567651532
1 1 320 2 893615162
1 1 1751 3 339175957
2 2507 3591
1 0 188 3 446246170
1 1 2302 4 793450142
1 0 9 3 891574823
1 1 1234 4 364941874
1 1 2795 4 342312381
1 1 1014 4 403802084
1 0 3098 2 228414411
1 0 941 4 623825112
1 0 2589 2 52646356
1 0 1117 3 553443958
1 0 265 3 708017560
1 1 290 4 528337432
1 1 2183 4 669788164
1 1 526 2 404887334
1 0 1577 2 710207457
1 0 1480 3 378502768
1 1 3993 1 128411242
1 1 2352 2 807186900
1 1 567 1 599136208
1 1 3293 2 957229895
2 3339 2424
1 0 2875 3 173011323
1 0 3912 2 718904671
1 0 501 3 824873967
1 0 539 3 541471991
2 967 983
1 1 3056 1 666001781
1 1 1739 4 249368452
1 0 1822 3 454401916
1 0 2533 1 909448382
1 0 1428 2 255102622
1 1 1893 3 285314592
1 0 2336 2 276612568
1 1 1479 2 420400852
1 1 3483 4 545869602
1 1 2519 2 587868327
1 0 2842 3 821066551
2 1823 692
1 1 1367 4 498711011
1 1 3455 2 795093988
1 1 3901 4 991802712
1 1 3470 2 984552935
1 0 2710 1 116700060
1 1 1048 3 874630042
1 1 853 1 41003664
1 1 2089 3 950441817
1 0 699 4 305627558
1 0 2266 3 607642848
2 2687 1743
1 0 1321 4 313211904
1 1 1092 4 806611705
1 0 3029 3 980689497
2 2224 1222
1 1 932 2 474695204
1 0 36 3 872532826
1 1 1050 2 471707456
1 1 1901 2 81592225
1 0 3153 3 963111740
1 0 604 1 674787801
1 1 3309 4 176933800
1 0 2479 2 117565412
1 1 3416 4 250183310
1 0 2289 3 708679910
1 1 1645 2 305913156
1 0 1534 2 70849354
1 1 3888 3 281307009
1 1 2620 4 922581332
1 0 694 1 649474563
1 0 956 2 985001477
1 1 487 3 165454668
1 0 3374 4 323407346
1 0 1396 2 903126908
2 3722 2097
2 1699 205
1 0 588 1 591760276
1 0 1278 2 618484097
2 3805 918
1 1 280 2 418362177
1 1 2901 2 994584469
1 1 801 1 349968404
1 1 69 4 282250730
2 438 2402
2 1514 2079
2 226 3963
1 0 973 3 4081571
2 2645 2552
1 1 402 3 696036313
1 0 328 2 495205798
2 1521 492
1 1 2726 3 904176778
1 1 2843 1 782867750
1 1 171 1 47629460
2 3984 2147
1 0 1134 1 831966973
1 0 3542 1 885500667
1 1 1936 3 38193295
1 1 2662 2 657332160
1 0 2942 1 973367991
1 0 2734 3 683761501
1 1 2061 4 838876630
1 0 1125 4 36242815
2 2276 3950
1 0 2970 1 864352719
1 0 2704 1 259652321
1 1 501 3 668148122
1 1 3523 3 375063978
1 1 2145 4 798241331
1 1 3161 3 170788110
1 0 14 1 862258128
2 815 3094
1 1 3787 1 690179524
1 1 2210 2 727493350
1 0 221 4 659522750
1 0 2101 3 551693239
1 0 2123 2 997678656
1 0 1151 1 61495385
1 0 3394 1 469868484
2 235 635
1 1 418 4 725795880
2 2603 860
1 0 3763 2 778998261
1 1 3389 4 186752620
1 0 2613 4 459490776
2 24 2537
1 1 910 4 640965628
1 1 3602 3 266507741
1 0 3115 3 493993139
2 481 2854
1 0 1869 2 576317559
1 1 1348 4 314017332
1 0 2821 1 284244850
1 1 2678 2 311495901
1 0 3697 4 367252619
2 3532 1250
1 1 2437 4 417394374
1 1 1121 1 658779832
1 0 2704 3 475723067
1 1 2288 3 506694507
1 0 3329 2 857213098
1 0 3100 1 162977020
1 1 3812 1 58512118
1 0 1404 4 477638291
1 0 1024 2 580675309
1 0 1505 1 842300070
1 1 3239 2 3852126
1 0 2184 1 514754580
1 1 2717 1 310865030
1 1 3027 1 79751391
1 1 518 1 533707004
1 1 3917 2 207495217
1 0 3492 1 709079716
2 757 3179
1 1 3517 4 518916001
1 0 1835 2 885402445
1 1 1115 2 46859407
1 1 1465 3 576675045
1 0 2886 2 510834343
2 3142 3410
1 0 3785 3 212204258
1 1 3356 4 2330803
1 0 2854 1 671419378
1 0 266 3 668572604
1 1 438 4 889118619
1 1 3342 1 854581208
1 0 2599 1 819820099
1 0 1402 3 269234355
1 1 1170 2 270827648
1 1 3796 1 772393657
1 0 1585 2 117129030
1 0 2034 2 661224993
1 0 3021 3 36192594
2 1815 3505
1 0 411 1 478266927
1 0 3534 1 756326437
1 0 3412 3 427700710
1 0 2149 3 269776208
1 1 2754 1 993916388
1 0 3055 1 311980358
1 0 2029 3 741775141
1 0 1234 1 128323523
1 0 1347 4 906997743
1 0 3429 4 941931526
1 0 2789 2 812947548
1 0 3297 3 503438950
1 0 2434 3 485563904
1 0 1558 2 616033583
1 0 3263 4 636969857
1 1 438 2 779954855
1 1 3313 2 89183899
1 0 551 3 582958287
1 1 3092 2 642421778
1 1 2623 2 631513513
1 1 156 4 995375499
1 0 3891 4 146077022
1 0 73 2 545332420
1 1 2735 1 468849763
1 0 1699 4 256180121
2 1611 2693
1 0 448 3 451316351
2 1331 126
1 0 2207 3 394806166
1 1 1454 2 359633827
1 0 3922 3 207810504
1 0 3440 4 933880778
1 0 839 4 421944001
1 1 940 1 886891951
1 1 2642 2 180857712
1 0 2952 3 482206951
2 748 2613
2 554 1651
1 1 775 4 682913802
1 0 3 3 655880240
2 2310 2701
1 0 668 3 496274383
1 1 2318 1 979866865
1 0 1945 3 80687385
1 0 3924 2 412939637
1 1 2713 2 133666619
1 0 2852 1 727092503
2 3908 828
2 1401 2014
1 0 2185 2 745899619
1 1 3585 3 424198350
2 472 2478
1 0 3098 2 906992256
1 0 3088 2 445069084
1 0 3677 1 372811118
1 1 906 3 394318661
1 0 2169 2 11708011
1 0 2794 1 409638050
1 0 2826 3 183012897
2 1067 41
1 1 1217 4 12019067
1 1 2283 4 921533412
2 552 1127
2 3673 411
1 1 3284 2 372799950
2 2460 3297
1 0 3705 4 339675510
1 1 48 4 785515351
2 1180 2206
1 1 3819 3 938883161
1 1 1320 2 483364004
1 0 3735 3 761180196
1 0 3791 1 339255768
1 1 2998 4 443727552
1 0 2380 2 554836722
1 0 927 1 848299243
2 332 1305
1 1 1584 4 612460302
2 199 1429
1 0 3405 3 330977980
1 1 2495 3 82150596
2 669 1439
1 1 3134 4 106696189
1 0 1256 3 680963922
1 0 1723 4 379740029
1 0 723 4 411212562
1 1 2922 1 492256419
1 1 1110 1 790235569
1 1 1837 2 643651561
1 1 1287 4 178515739
1 1 65 4 829982172
1 0 1249 1 452573602
2 3742 3876
1 1 2123 3 754873374
2 2029 3667
1 0 2108 2 901347697
1 0 3243 2 74490287
1 0 338 4 325439309
1 0 1510 4 563076975
1 0 372 3 578770868
1 1 1650 4 228431210
1 1 3153 4 920118222
1 1 218 3 740361933
1 0 2486 2 30217669
1 0 410 2 442440892
1 1 1459 3 332405660
1 1 1665 2 656978357
1 0 1687 3 206974287
1 1 3195 1 195383488
1 1 1481 3 306421521
2 2620 1076
1 1 2626 2 938018426
1 1 158 2 244845675
1 0 295 1 428604031
1 0 2435 4 206849498
1 1 1835 2 761759476
1 1 240 1 731761276
1 1 1702 4 696370421
1 0 3470 3 977968293
1 0 1483 2 320692599
2 2180 2656
2 1605 3734
1 1 239 3 84338796
2 744 1182
1 0 1715 3 636883731
1 0 3497 1 56837791
1 1 3908 3 352949795
1 0 3136 3 799547477
2 3706 1849
2 773 2303
1 1 2449 2 288953584
1 1 3754 1 894721519
1 1 2055 3 374060041
1 0 1302 4 95074430
1 1 2546 1 410407812
1 0 3091 2 65733694
2 1371 3464
1 0 2001 3 748310037
1 0 195 3 729752747
1 1 2580 4 495666663
1 1 2671 2 780719379
1 0 2431 2 498219697
1 0 1968 3 108842949
1 1 2693 4 916830430
2 1970 891
1 1 532 1 997365116
1 1 56 3 700244254
1 0 3190 1 44802570
1 0 3532 4 506100178
1 0 2673 2 55033324
1 0 3631 2 555391042
1 1 3051 3 938286294
1 0 143 4 22464045
1 0 3349 2 582956289
1 0 3 3 330525129
1 1 2623 4 962450938
2 3545 939
1 0 417 2 750750235
1 0 3415 2 937343588
1 0 605 1 242090186
1 1 1359 2 121183518
1 0 526 4 369967647
1 0 2980 2 627700700
1 0 1078 4 663493566
1 1 1148 4 432579175
1 1 2810 2 660252120
1 0 1385 1 235295297
1 0 891 4 908350175
1 0 147 1 98947106
1 0 2546 2 217680134
1 1 158 4 856525330
1 1 2034 1 846250243
1 1 1274 4 946014952
2 2103 1796
2 2394 1805
1 1 3233 4 720542754
1 1 2763 1 110837589
1 0 2221 1 980604196
1 0 267 3 834176919
1 0 2572 1 453331641
2 775 3556
2 971 3389
1 1 3578 4 2703164
1 1 265 1 979359463
1 0 2055 2 68960364
1 1 1676 4 886078641
1 1 3428 1 79224110
1 0 2027 3 708412304
1 0 53 4 905210803
1 0 2100 1 745087774
1 0 1316 1 297349081
1 1 2623 1 683597996
2 1285 1796
1 0 413 4 525125170
1 0 186 4 45509763
2 3224 231
1 1 3607 1 722369004
1 0 84 1 951562793
1 1 669 4 344548541
1 1 3057 4 583518867
1 1 3785 3 120454938
2 2081 3806
1 1 3247 3 283695184
1 0 2753 2 338635221
1 1 672 1 300280199
2 1284 2088
1 0 3223 1 88419654
1 1 1014 4 990036280
2 3743 3912
1 0 3514 4 383411638
2 907 2587
1 0 1830 4 467556678
1 0 2732 2 839301037
2 991 1556
1 0 291 3 353999523
1 1 584 3 139810865
1 1 2732 2 764216144
1 0 1405 4 625423982
1 1 2416 3 916755538
1 1 3628 2 197969092
2 3122 1912
1 0 3720 3 754503562
1 1 1402 3 479124348
2 1923 296
1 1 75 2 474902893
1 1 3851 4 670019038
2 2648 989
1 0 130 2 197157522
1 1 56 1 763773361
1 1 2877 3 141166095
2 3743 161
1 1 2946 3 129103299
1 0 1792 3 30471809
1 0 2807 4 399140830
1 0 3743 4 62225450
1 1 3602 1 95403931
1 0 1680 2 843943838
1 1 3470 2 778505301
1 1 1952 2 10859236
2 1881 1391
1 0 2007 1 409345711
1 0 879 1 457032806
1 1 269 1 199857825
1 1 943 1 618252271
1 0 1203 1 328303982
2 2418 1920
1 0 1107 4 923960934
1 0 3967 3 537923300
1 0 2505 2 5674671
2 2009 237
2 3549 2263
1 0 3635 1 524600013
1 0 3103 1 419083980
2 1283 19
2 2865 3467
2 1266 1911
1 1 501 1 376312554
2 2732 2112
1 0 1380 1 252057268
1 1 2687 3 457831987
2 2384 2415
1 1 1334 1 588680690
1 1 271 1 699330252
1 1 2274 1 820730948
1 0 245 4 583691496
1 1 3146 1 214255066
1 1 3859 4 911586814
1 1 1456 4 531850251
1 0 2896 2 382629473
1 0 1182 4 59141716
1 0 3081 3 304021834
2 1372 2735
1 1 3165 4 517158146
2 3877 861
1 0 1009 4 306786768
1 1 1801 1 648920034
1 1 2950 1 247724599
1 1 60 3 486657005
1 1 1479 2 553052261
1 1 1443 2 681252505
1 1 3319 1 519678139
2 51 3821
2 2236 1259
1 1 702 3 952491062
2 3421 1602
1 1 2988 1 182612702
1 0 1083 2 233190928
1 1 2210 4 582698028
1 0 3556 3 242222434
1 0 2542 4 62492409
1 0 3469 4 119308463
1 1 2276 4 311367959
2 1753 1133
1 0 750 1 94092228
1 0 430 4 705347089
1 0 2331 4 511632070
1 0 376 2 931294856
1 1 2973 3 9258482
1 0 2303 1 680096876
1 1 3135 3 674461245
1 0 2976 2 566422316
1 1 1971 3 257628797
2 3972 1773
1 1 619 4 763106946
1 1 3582 3 298798668
1 0 1240 4 235484556
2 47 2269
1 0 2111 3 165594027
2 2883 1494
1 1 475 3 879890518
1 0 2599 4 684351999
1 1 2870 2 93649729
1 1 2043 1 181893088
1 0 3170 4 899027984
2 2893 3683
1 1 1618 2 71191776
2 1522 323
1 1 2395 1 523100459
1 0 1991 1 693863093
1 0 3440 1 657264291
1 0 2295 4 994509966
2 3450 1023
2 3802 511
1 1 1988 4 121028991
1 1 1712 2 601465622
1 1 272 4 616659038
2 3488 1609
1 1 1467 1 487231496
1 0 899 1 565611199
2 3643 2852
1 0 2328 2 312504329
1 0 1291 2 613453957
1 0 2921 4 902925679
1 0 2734 1 339666758
1 1 2584 4 735958331
1 1 3865 2 620327091
1 1 3553 1 245762491
1 0 3556 1 897788211
1 0 3984 1 781051605
1 1 2076 1 752468301
1 1 2529 3 996834267
1 0 1355 1 528923461
1 1 3265 1 805296272
1 0 1847 3 927795482
1 1 1794 1 34223578
1 0 1826 4 726315676
2 370 1532
1 0 1639 4 431439457
2 3005 815
1 0 1583 2 361120860
2 1959 304
2 3820 2798
1 0 99 4 99061900
1 1 717 3 124850000
1 1 2742 2 191384972
1 1 3034 1 416585907
1 1 2266 4 221729376
1 1 2427 1 167970704
1 1 2776 3 536569035
1 1 2768 4 371148338
1 0 2185 4 54998603
1 0 264 3 515992673
1 1 1698 2 715053486
2 2683 3467
2 2866 2376
1 1 1524 1 259268822
1 1 2399 4 67137942
1 0 358 3 509661416
1 1 3899 3 322737640
1 1 1876 3 718508695
1 1 3036 4 716071502
1 0 2200 3 940695017
1 1 925 2 555336911
1 0 3134 4 115999970
1 0 1571 1 330640082
1 1 1957 1 930120069
1 0 2614 2 484524783
1 0 364 3 277294897
2 2998 79
2 2794 2242
1 0 2911 2 628876415
1 1 1589 1 630450023
1 0 1346 1 787501894
1 0 2563 3 566221427
1 0 151 2 774751109
2 641 2777
2 410 832
1 0 3398 1 641734686
1 0 1339 3 806943159
2 3565 2801
1 0 3569 3 231245678
1 0 2004 2 672223832
1 1 2677 4 13361414
1 0 1349 1 215255119
2 910 277
1 1 2226 1 561261805
1 1 766 3 703354423
1 0 3583 4 720215458
1 0 566 4 360345045
1 1 1382 4 920512046
1 1 934 4 308833309
1 0 2966 2 371804789
1 0 553 3 42689754
1 1 225 1 455584168
1 0 3566 2 446753193
1 1 1529 3 717570947
1 1 2435 1 555097804
1 0 528 4 930268600
1 0 800 3 254916122
2 554 1358
1 0 3111 4 146397104
2 3961 3087
1 1 1657 2 427316425
1 1 249 4 202784668
2 1886 3961
1 0 340 3 478436268
1 0 1489 4 288004710
2 3516 853
1 0 2409 4 162827251
1 1 2442 4 793897479
1 1 722 2 843767807
1 1 1248 1 199202889
1 0 1190 2 837025023
1 1 2373 4 735359773
1 0 2478 1 327877511
1 1 1803 1 321200556
2 1448 2812
1 1 3532 2 32306311
1 1 2738 1 133919894
1 0 828 1 664870469
2 3066 3912
2 2976 2680
1 0 2829 4 501607308
1 0 2048 1 301565
1 1 3003 3 252198025
1 0 1590 3 904519868
1 0 3007 1 73304543
1 0 2481 1 734582745
1 0 1792 1 90790183
1 1 2208 2 479768263
1 1 2324 2 206391312
1 0 2884 2 198189692
1 1 346 3 611393082
1 0 356 3 176457907
1 1 3581 2 182817726
1 0 3698 4 949794141
1 0 2785 3 582182386
1 1 476 4 45212600
2 3854 3632
2 204 3585
1 1 3339 4 521994446
1 1 1622 4 349589927
1 1 2069 4 815565820
1 0 3288 3 512031973
2 3625 2820
2 50 1932
1 1 2776 1 34621505
1 1 1711 1 312841332
1 1 3048 3 958361173
1 1 332 3 982107348
1 0 786 3 146711394
2 3561 3649
1 1 2147 2 908074379
1 0 1081 4 283477501
1 1 2870 3 957278775
1 0 199 4 38615490
1 1 198 4 588996938
1 1 1553 2 114085989
1 0 3766 2 946775438
1 1 1370 4 367302337
1 1 444 3 192685105
1 0 3602 4 518371836
1 1 220 1 930387239
1 1 3008 1 837719702
1 0 1610 4 770063640
1 0 1692 3 450366597
1 1 941 1 746751052
1 0 1438 2 533346704
1 0 2921 2 857312109
2 523 660
1 1 795 1 419295631
1 1 1698 1 809134974
1 1 3026 1 397318181
1 1 2159 3 658296966
2 3225 3739
2 3631 3442
1 1 452 2 945967109
2 1303 3710
1 1 147 2 197332053
2 3522 1977
1 0 195 1 224767180
1 0 2736 3 255507769
1 0 1969 1 71171539
1 1 1441 4 958967382
1 0 203 1 713383244
1 0 3838 3 366851141
2 2108 429
1 1 3647 4 812137434
2 3148 672
2 744 3324
2 3754 243
1 1 2110 4 350856960
1 1 523 1 77605523
2 3871 50
1 0 515 4 352199531
1 0 3834 2 301057673
1 0 1551 3 402328925
2 3574 3409
2 1934 215
1 0 2324 4 415369630
1 0 1361 4 971560343
1 0 124 3 425440441
1 0 2502 1 837208588
1 1 2605 3 481518426
2 1181 3201
1 1 853 2 515014934
1 0 215 4 102482715
1 0 1150 1 194119779
1 1 1486 1 812259854
2 1136 267
1 1 359 1 851874213
2 3969 947
1 1 3037 2 422987977
1 1 857 1 789692637
2 2609 59
2 3931 942
1 1 1127 2 170006359
1 1 1133 2 808839865
2 3873 1868
1 0 3749 2 527296666
1 1 2717 2 647542828
2 1144 2180
1 0 1105 4 307961800
1 0 145 2 35650372
2 874 3110
1 0 388 4 819782794
1 0 890 2 279708679
1 0 640 1 796365544
1 0 1003 1 898755513
1 1 1504 2 201571367
1 1 2213 1 910068537
2 1562 1546
1 0 1606 2 627944550
1 0 339 1 555000116
1 1 738 1 501193767
1 1 94 3 904432572
1 0 3164 4 922566747
2 1337 3298
2 3345 1005
2 3148 2095
1 1 624 3 498199333
1 0 2103 3 247455675
2 1293 32
1 1 3581 1 464952532
1 0 2407 4 659787463
1 1 2966 3 143585091
1 1 2350 4 717331650
2 880 1069
1 1 1272 2 613745449
2 2019 461
1 1 3974 2 56487719
1 1 386 1 28510466
1 1 1740 2 488008282
1 0 995 4 764876159
1 0 730 3 967638940
1 0 762 4 723086424
2 3129 1045
1 1 619 1 931604926
1 1 2491 4 152493848
1 0 1255 2 454309210
1 0 1479 2 531835253
1 1 975 1 612343044
1 1 990 2 989472712
1 0 441 3 52966908
2 23 2102
1 0 3863 1 257342783
1 0 2643 1 883753788
1 0 3409 2 341942661
1 1 2207 1 842516716
1 0 618 1 245652545
1 0 1101 4 859556129
1 0 1060 4 137339256
1 0 1511 2 805119545
1 0 3768 1 915651412
1 0 366 4 456953818
2 3408 3991
2 3410 20
1 1 2588 1 41114713
1 0 17 2 147592872
1 1 3969 4 364184818
2 632 2900
1 0 1982 1 789471757
1 1 3830 1 570721998
2 2785 2361
2 2406 2414
1 1 1625 2 781200178
1 0 3631 2 13227358
1 0 1951 2 603855397
1 0 2527 2 323021182
1 0 2204 3 277793815
2 797 2052
1 1 992 2 379090386
2 270 1162
1 0 983 3 962088093
1 1 2192 1 503213237
1 0 1176 3 808222307
1 1 1198 4 595062010
1 0 2345 2 838448356
1 0 3497 4 263746307
2 2570 3274
1 1 573 4 971459156
1 1 2514 4 344647945
2 625 1615
1 0 2236 2 122663269
1 0 3729 4 881246497
1 0 121 1 8123006
2 603 3998
1 1 1553 1 221461775
1 1 2889 3 527134542
2 2776 251
1 0 3407 2 421088638
1 0 3727 1 905559671
1 0 2405 1 369024621
1 0 3524 4 933182372
2 387 304
1 0 1602 3 622069669
2 631 683
1 0 3341 3 228910536
1 1 3155 3 419028499
2 2766 2450
1 1 3677 4 679592222
2 3440 117
1 0 2539 4 849071646
1 0 324 2 996297075
2 1101 251
1 0 2090 3 677778911
1 0 1384 3 397432578
1 1 1198 2 478677597
1 0 1118 3 879965080
1 0 14 4 806435536
1 0 1776 3 718662506
2 2359 2056
1 1 386 1 391210790
2 3579 892
1 1 3679 1 626226088
2 2215 2250
1 1 156 2 514372125
1 1 667 2 69061527
2 49 486
1 0 576 2 433882981
1 0 3990 1 515610707
1 0 2028 3 23693216
1 0 558 4 876199387
1 0 1050 1 970382274
1 0 3426 1 868220441
1 0 903 2 12066171
1 1 3797 2 70708408
1 0 307 4 171458247
2 1456 2677
2 1731 3853
2 1622 3534
1 1 3652 3 168248377
2 2221 837
1 0 3519 2 196064623
1 1 974 3 741964063
1 0 1337 4 303255142
1 0 3705 1 809521030
1 1 2201 2 675985106
1 1 456 1 138449727
1 0 2115 4 440782507
2 1626 1501
1 0 1450 1 807807664
2 2279 309
1 1 597 1 10166262
2 1499 3104
1 0 2968 3 844987579
1 1 1829 1 296087571
1 0 814 2 948194538
1 1 3099 1 700921601
1 1 3366 4 22910080
1 0 2909 1 897101755
1 1 1974 1 598837846
1 0 689 2 750871113
1 1 1768 3 677962788
1 1 2221 1 355338133
2 1760 2628
1 0 3478 4 347000466
1 0 1730 1 718847797
1 0 2972 4 73921628
1 1 3306 2 823791559
2 929 3055
1 0 3246 2 684279690
1 0 2428 2 865763504
2 3896 3126
1 0 2468 2 506188185
1 1 905 1 325292279
1 1 1747 4 701295041
2 769 2849
2 449 2835
2 202 1874
2 121 2390
2 3633 2818
1 0 2661 2 124034151
2 3774 1805
2 1230 1585
1 1 2313 3 494903895
1 0 1588 2 707386303
2 3222 432
1 0 3265 2 701831273
1 0 2844 2 532842573
1 0 1270 3 274551896
1 0 201 1 52567783
1 1 2226 4 538877058
1 1 3240 1 679437694
2 1396 3
1 1 1468 3 217650475
2 1657 2806
1 1 601 2 120158783
1 1 1697 4 999656042
1 1 2559 4 9199157
1 0 1575 1 503310892
2 2793 3665
1 0 1924 4 782852985
1 1 996 4 644273677
1 1 620 2 630229302
2 2364 625
1 1 2733 3 564402875
1 0 314 4 446341503
2 1070 1082
2 71 2927
2 2744 2725
1 1 330 4 300424026
1 0 1917 3 544638421
1 0 717 3 968051302
2 2892 794
2 697 1355
1 0 1254 4 865608701
1 1 2986 1 788822005
1 1 3493 2 224730935
1 1 2220 2 218203972
1 0 919 1 751195795
1 1 3012 4 331405466
1 0 3813 4 826393794
1 1 3186 2 956834888
1 1 3607 4 513383240
1 1 3747 3 703899355
2 293 1122
1 1 1963 4 895107834
1 0 2577 2 826971367
2 2268 157
1 1 241 3 153564366
1 0 1825 2 75502731
1 1 816 2 491341780
1 1 302 2 277545424
1 1 3165 1 50840064
1 1 3093 1 444262373
2 54 1112
1 0 3714 3 380468508
1 1 2494 2 769868246
1 0 1783 3 36082085
1 0 2269 3 51313790
1 0 382 3 878853159
2 3282 3090
1 1 545 1 194157454
2 850 3728
2 3787 3728
1 1 766 1 268932682
1 0 1837 3 330706981
2 163 3787
2 2105 3719
1 1 520 1 447340769
1 0 160 3 253060989
1 0 457 2 806444539
1 0 2813 2 549792598
1 0 2209 3 153291818
1 1 3029 2 678960826
1 0 2530 2 107742965
2 1465 2110
1 0 2342 4 990072068
1 0 1837 3 888041487
1 0 1482 3 867069789
1 1 2861 2 9763226
2 2395 1170
1 1 2204 1 873832815
2 1565 368
1 0 3991 1 196828741
1 1 3846 1 458549083
1 0 756 1 885272762
1 0 1976 3 139610995
1 1 2294 4 673132209
1 1 1954 2 12457703
1 0 1279 4 146930623
1 0 362 3 749806149
2 405 179
1 0 3026 3 77595699
1 1 3084 1 319381106
1 1 3769 2 699683659
1 1 1770 2 615669118
1 0 3377 2 772992073
2 1880 9
1 0 2488 1 314940400
1 1 555 2 841056713
1 0 3628 1 754770292
1 0 181 3 989300321
1 0 1296 2 387865464
1 1 2716 1 937908580
1 0 2828 2 277864212
1 1 745 3 573677179
2 2127 1346
1 0 424 1 720284954
1 0 1389 4 463673228
2 1264 2507
1 1 386 2 346219476
1 1 644 2 110530153
1 0 1005 3 33897511
1 0 1040 2 166721025
1 1 2310 2 840671292
1 0 1143 4 89088357
1 1 1727 4 406649212
1 0 572 2 109614657
1 1 1899 3 725459097
1 0 776 1 710534951
1 0 3471 4 897184435
1 1 3940 1 479155526
1 1 2897 3 97756037
2 3896 2783
2 3950 630
1 0 507 1 62637637
1 1 1500 4 137238188
1 1 3056 4 825284099
2 3631 2207
1 1 2918 1 770927317
2 200 1962
1 0 1849 3 70756560
1 1 3876 1 206089667
1 0 3796 2 965229453
1 1 3158 1 88937539
1 1 3836 4 36721181
1 1 470 4 392249748
1 0 3871 2 282268653
1 0 445 1 916335866
1 0 1130 1 931373346
2 2135 746
1 1 123 4 684909078
1 1 2246 4 187446731
1 0 2091 2 537644080
1 1 2759 4 391855677
1 0 3964 2 448363670
2 1601 1000
2 1208 97
1 1 2042 4 296601711
1 1 2078 2 60824664
1 1 3581 4 134664322
1 1 2145 1 862065157
1 1 2412 2 208555155
1 0 660 1 394559839
1 0 811 1 434118048
1 1 2107 3 675590806
1 0 1456 2 711759443
2 2293 1578
1 1 2242 3 172350415
1 1 2758 4 327274539
1 0 2401 2 717956078
1 0 2682 1 148152741
1 1 3215 4 407101645
1 1 3723 4 80683618
2 3884 1323
1 0 955 2 25154114
1 0 2095 4 647357321
1 0 1659 3 795632944
2 1969 3541
2 3916 1279
1 0 545 4 375945549
1 0 159 2 518161139
1 1 932 2 652423397
2 1679 3463
1 0 1829 1 997108906
1 1 905 1 768139523
1 0 2986 1 643422730
1 1 2854 3 337365322
1 0 3366 2 770875484
1 0 1878 4 522089029
2 2354 1545
1 1 3671 2 807806384
2 1857 237
1 1 2782 2 772196659
1 0 2448 1 365669768
2 328 1479
1 1 2081 3 691966846
1 0 1692 4 926424783
1 1 1467 2 578137732
1 0 3139 2 576815027
1 0 387 4 517014305
1 1 2632 1 918880413
1 0 3862 1 756706150
1 0 2621 3 503840679
1 0 1352 3 699253808
1 0 984 3 558244834
1 0 2564 3 841268528
1 0 417 1 189415538
1 1 883 4 686173787
1 0 2021 3 803009217
1 0 1824 2 364551530
2 3145 3912
2 1113 313
1 0 2975 1 981729304
1 0 3109 1 704793350
1 0 3842 1 581366704
1 1 481 4 342507029
1 1 2707 4 547727437
1 0 1808 3 512714399
1 0 2154 1 514150038
1 1 3769 4 456291379
1 0 1758 3 976055082
1 0 1088 2 57137015
1 1 2667 3 131677608
2 1680 1235
1 0 2259 3 952977323
2 2092 1114
1 0 3228 2 551596053
1 0 3970 1 623759466
1 0 1569 4 420225865
1 1 2733 1 605993685
1 1 3160 3 965160463
2 1790 552
1 1 1758 4 314182101
1 0 1786 1 585984692
1 0 3093 4 807225907
1 0 685 1 878721563
2 3794 45
1 1 2383 4 354262201
1 1 2868 3 763896382
1 1 1260 4 897964674
1 0 3116 4 72651134
1 1 672 4 488577308
1 0 877 1 526095505
2 3920 176
2 621 878
1 1 3684 2 445855691
1 1 2519 1 3917063
1 0 3389 1 266743811
1 0 1029 4 493416572
1 1 3346 1 499811627
1 1 720 1 598242716
1 1 3655 4 122349633
1 1 512 4 918740164
1 1 2072 2 403762779
1 0 3351 4 255302214
2 3360 317
2 1214 642
1 0 2150 4 317282053
1 1 1082 4 106192252
1 1 2285 4 566451238
1 1 1217 3 419340118
1 1 2610 4 518821311
1 1 310 3 525261296
1 0 3869 1 731727166
1 1 1358 4 689851122
1 0 3024 2 213214261
2 2329 2115
2 2698 3867
1 1 3768 3 637742146
1 1 2072 2 201778015
1 0 2336 2 219419917
1 0 2519 4 579102862
1 0 3165 4 778428928
1 0 2678 1 409498394
1 1 3092 4 488457616
1 0 1260 3 331087089
1 1 397 2 939665385
1 1 2223 3 802194458
1 0 830 2 730811591
1 0 2159 2 64727105
1 0 799 2 39799203
1 1 1993 4 932983073
1 1 1942 4 653149208
1 0 590 2 112976955
1 1 191 4 5053523
1 1 1265 4 687337477
1 0 814 2 927182372
1 1 1087 4 427614321
2 3246 3019
1 1 2841 4 199899246
1 1 857 3 184583466
2 3658 3758
1 1 2409 2 83390016
1 1 2906 3 202457452
2 3319 1029
2 3607 1545
1 1 1306 3 350430758
2 696 2016
1 0 2163 2 838767476
1 0 2575 2 323356250
1 1 47 3 5960570
1 0 2427 2 445709359
1 1 2319 2 850917315
1 1 1527 4 736626015
2 3843 2837
1 1 596 3 204878316
1 1 2332 3 356669203
1 1 2242 4 890778205
1 0 1562 4 392298779
1 0 3515 3 327368719
1 0 3281 3 84335950
1 1 3277 3 563869248
1 0 1231 2 781085695
1 0 796 1 568813770
2 894 366
1 1 3693 2 713129219
2 2206 1970
1 0 3041 1 127906700
1 0 3706 1 72096860
1 1 1229 2 220116159
2 2314 1842
1 0 3062 3 879238436
1 0 3920 1 889185090
1 0 2333 2 149298
1 1 2348 3 816921927
1 1 908 3 37383075
1 1 509 3 463952725
1 1 3492 4 560491592
1 1 339 3 914706451
2 2585 3538
2 1194 988
1 0 70 1 158415378
1 1 50 2 161693322
1 0 2327 1 926461423
1 0 3397 2 370760475
1 0 2694 3 467798058
1 0 1438 3 677419905
1 0 1289 3 684407627
2 1259 2962
1 0 3001 1 756683070
1 1 3683 2 413988241
1 1 3 3 983519975
1 1 192 1 536164522
1 1 172 3 671866363
1 1 1156 4 732610579
1 1 2495 4 23555953
2 310 542
2 3580 827
2 737 1644
1 0 1952 4 875005054
2 328 3378
1 1 1626 3 834203243
1 0 3754 3 83504377
1 1 1918 2 352479542
1 1 2307 2 317146191
1 1 3740 4 8955851
1 0 2514 2 623481991
1 0 757 2 401228466
1 1 2780 3 72819078
1 0 2588 2 160406798
1 0 3015 4 118850078
2 1562 3512
2 1629 2943
1 0 1681 1 404923715
1 1 3445 3 391388797
1 0 428 2 123352254
1 0 2949 1 991917642
1 1 3196 3 365053600
1 0 3547 1 294290190
1 1 3917 1 155861743
1 1 492 4 956126220
1 0 2721 1 164339374
1 1 1768 1 406369586
1 0 2904 4 686781847
2 3273 624
1 1 1168 1 81093099
1 1 2674 3 755352700
1 1 598 2 107485675
1 0 1495 3 224832296
1 1 2589 4 113733881
1 0 2579 1 691598133
1 0 3218 3 163100888
1 0 3873 3 820821331
1 0 1662 2 335263339
1 1 1798 3 7678648
2 2663 3497
1 1 1718 2 659769774
1 1 3447 3 493855332
1 1 3118 4 557935654
2 1816 3247
1 0 203 4 577263644
1 0 3815 3 564015265
1 1 135 4 676362432
1 0 321 3 710112197
1 0 801 3 834557820
1 0 3722 1 775918975
1 0 2069 3 155935023
1 1 3031 4 364379669
1 1 1528 2 387790056
1 1 1081 3 836001134
1 0 58 1 719652654
1 0 1388 2 621828641
1 0 1672 2 631254126
1 0 2659 1 633419866
1 0 575 2 566975597
1 1 3530 3 316550888
1 1 3619 4 340881998
1 1 733 3 701237800
1 1 2456 1 7574199
1 1 3533 2 359047174
1 0 1501 2 147927498
1 0 2548 4 824634939
1 0 1476 2 687577568
2 143 3506
2 387 259
1 1 3060 4 595115182
1 1 2404 4 334199058
1 0 2258 4 210617934
1 0 689 4 308344492
2 2845 462
1 1 712 1 734445955
1 1 2112 2 797486995
1 0 661 4 816321071
1 0 1208 1 883250450
1 0 1364 4 731134042
1 1 1262 2 729767825
2 1261 2169
1 0 2065 4 348433076
1 0 2966 4 954738282
1 1 3629 1 371340988
2 3215 2442
2 2222 3473
1 0 3204 1 660267789
1 1 2056 3 977283966
2 1699 2642
1 1 3624 1 596241631
1 1 2906 1 541344607
1 1 2338 4 244009001
1 1 2526 4 391101030
1 1 674 1 713016917
1 0 2624 4 300261941
2 707 700
1 0 1623 1 819638672
1 0 811 3 546872574
1 0 534 4 668255832
1 1 197 1 737895596
1 0 2115 4 695974702
1 0 685 1 900288683
2 1228 2080
1 1 2062 4 640368993
1 1 3993 1 935878643
1 0 3476 1 725404473
1 1 2553 1 684139826
1 1 2795 3 427551402
1 1 1914 3 899212474
1 1 1561 4 48012322
1 1 3425 4 539921871
1 1 3928 1 994480585
1 0 3670 3 162190371
1 0 1500 3 262373614
1 1 2426 3 600494072
1 0 1517 2 405855592
1 1 1492 4 589174643
1 1 1696 2 850967073
1 0 3051 2 531454247
1 0 2100 2 447449390
1 0 3422 4 448024891
1 0 549 1 975291186
2 201 3609
1 0 2747 4 154851191
1 1 1691 2 975598503
1 1 2629 3 379489684
1 0 3026 2 255153492
1 0 3021 1 14670989
1 0 82 1 440544217
1 1 963 4 253185670
1 0 2739 2 526072768
2 3668 837
1 0 1051 2 50552573
1 0 2157 1 713373952
2 982 2961
1 1 2680 3 347651969
2 3931 167
1 0 360 1 653985748
1 0 1835 2 207679152
1 0 1346 4 79911286
1 1 3472 3 444763293
1 1 3717 1 278316507
1 0 1292 1 185113479
1 1 3338 3 687993718
1 1 583 2 509300162
1 1 1437 3 5734345
1 0 2889 4 807563966
1 1 3054 2 859853271
2 2076 408
1 0 1436 1 64347160
2 2262 2917
1 1 1136 1 441589699
1 1 3514 2 267027588
1 1 3876 4 668364809
1 0 2438 2 908098330
1 0 3874 1 186085881
1 1 747 2 896852491
1 1 1464 1 236091709
1 0 3766 3 267369256
2 411 3951
2 2529 1550
1 0 2648 4 448130939
1 1 3659 2 767606511
1 1 898 1 644450930
1 0 569 2 44545491
1 1 1525 2 807877597
2 635 200
1 1 2392 1 229032789
2 3673 838
1 1 3163 1 382823108
1 1 1989 1 245014905
1 0 2172 1 613180923
1 1 3244 2 998542729
2 2224 3414
1 1 2541 3 734989191
1 1 3446 3 215467506
1 0 1554 3 718929016
1 1 1031 4 860572527
1 0 3454 3 588533905
1 0 3047 4 126802251
1 0 2655 2 529391596
1 0 119 2 324600936
1 1 1334 2 899818492
2 2737 1570
1 0 213 4 788579643
1 0 2712 3 87012008
1 1 905 3 396811699
1 0 2276 4 84320770
1 0 2539 2 968636795
2 1607 3804
1 1 372 1 221724426
1 0 934 1 602538001
1 1 2300 1 583460390
1 1 285 2 941619601
1 1 852 4 82021016
1 1 3052 2 834877098
1 0 924 3 251206824
1 1 3001 1 161522646
1 1 2158 3 974588524
2 2589 224
1 1 6 1 326466153
1 0 2252 1 617053320
1 1 2890 1 378386361
1 0 3935 3 45654848
1 1 1515 3 382186753
2 1753 614
1 1 269 4 745110180
1 1 3369 4 820141459
1 0 3149 1 468861675
1 1 1794 3 14890662
1 0 629 3 334840839
1 1 3246 4 853899877
1 1 351 2 41800582
2 3525 3319
1 0 3736 4 79339405
1 1 3498 3 151074061
1 1 3834 3 829175657
1 1 707 3 46457526
2 716 1149
2 2193 3824
2 2784 2143
1 0 3863 4 740776323
1 1 1225 1 329149709
1 0 1096 4 288314149
1 1 3582 3 231408097
1 1 3882 4 484822570
2 799 64
1 1 2181 4 377238305
2 370 472
1 1 3860 1 216787907
1 0 3214 3 554990752
1 0 3659 4 237361406
1 1 2850 2 782138733
1 0 309 1 833515355
2 919 1086
1 1 3361 4 482107613
1 1 2960 3 338845497
1 1 2272 2 806232692
1 1 2477 3 141712056
1 0 2140 2 512954375
1 1 162 3 501697117
1 0 1673 1 152402792
1 1 2294 2 703317114
1 1 54 4 923837198
2 3117 722
1 1 2450 4 597492243
1 0 214 1 453921226
1 0 2161 1 612210198
1 0 3268 3 349742259
1 1 2061 1 893469872
1 1 363 1 739465155
2 412 828
1 0 907 4 674428679
2 2061 2725
1 1 2189 2 479727602
1 0 1193 4 295054000
1 1 3651 3 605377624
1 1 3955 2 851033876
1 0 3 2 3878782
1 0 2937 3 934050665
1 1 2700 3 848757209
1 1 3590 1 536319512
2 457 2472
1 0 2469 3 301256143
1 1 3109 1 805566891
1 1 2171 1 827999979
1 0 1566 2 406113405
1 0 3455 2 252520888
2 2763 1052
1 0 2684 2 954752933
1 0 715 4 500859438
1 1 3449 1 515039395
1 0 1453 4 56123501
1 1 1116 2 503966349
2 2156 713
1 0 2969 1 844878479
1 0 2456 3 28439360
1 0 1816 3 244857886
1 0 979 1 635362734
1 1 3219 2 755226664
1 0 867 1 482108437
1 1 3604 3 679600352
1 0 3656 4 537247879
1 1 3441 1 628873757
1 1 3805 1 648716171
1 1 249 4 779947998
1 1 3031 3 469085350
1 0 2602 1 264826748
2 597 2606
1 0 2008 3 773451476
1 1 633 2 439820691
1 1 1193 3 770184250
1 0 3720 4 838225433
1 1 3060 4 94198621
2 2825 1668
1 1 2258 4 982466640
1 1 859 3 812180537
1 0 1826 2 265986975
1 1 2590 4 57614409
1 0 169 1 303890549
1 0 2074 3 55773380
1 1 1489 2 468168901
1 0 964 1 529384474
2 2025 1467
1 0 942 3 66775243
2 386 2180
1 1 409 3 265910323
1 1 2509 2 717990744
1 0 1721 3 905519172
1 1 3629 4 876695516
2 1011 1493
1 0 368 4 777339442
2 1605 1399
1 0 2631 4 517279227
1 1 2931 2 574858192
1 1 68 1 642206924
1 0 2798 3 409512778
2 3063 3256
1 0 782 2 165841351
1 1 958 2 418867930
2 2417 4
1 0 1487 3 478972338
2 2062 1973
1 0 2962 3 968212037
1 1 3271 2 473677228
1 1 19 4 344795772
1 1 354 2 930208643
2 1959 2134
1 1 965 4 688430682
1 0 3493 2 231334739
1 0 392 3 679331742
1 1 3466 3 982842058
1 1 2162 1 365320253
1 0 3135 2 567473463
1 0 681 1 777964953
1 1 2450 2 462088609
1 1 172 1 479940394
1 1 388 1 23087772
1 1 2168 1 109983716
1 1 757 4 227575898
1 0 1085 1 68017743
1 1 3614 1 964655896
1 1 2681 2 469385584
1 0 2824 3 742776950
1 0 1967 1 853750614
1 1 2061 1 480572074
1 0 2027 1 551546708
2 1658 1217
2 3155 2064
1 1 1757 2 428162265
1 1 134 4 30820159
2 2189 80
2 3723 2288
1 1 987 3 754250514
1 0 1946 2 361866252
1 1 3101 4 368611755
1 1 3674 3 80741984
1 1 3977 4 506762860
1 1 1329 2 68189438
2 3361 86
1 1 2350 1 332899161
1 0 61 4 13418716
1 0 3703 3 778635
1 1 3655 1 385667952
2 3861 3880
1 1 1204 2 525933544
1 1 1866 1 186151736
1 1 3490 4 957139493
1 1 3580 1 848469784
2 2732 2301
2 1113 1872
1 1 2657 4 400513022
1 1 3273 1 863134397
1 1 3229 4 157415561
1 1 188 2 214593840
1 1 1306 2 677512100
1 1 775 1 430146590
1 1 2549 1 626832793
1 0 3384 1 620137063
1 0 1107 4 888451499
1 0 2426 4 552970575
1 1 3124 4 69162908
2 3082 2090
1 1 353 4 812743280
2 3269 1058
1 1 2222 2 309187792
1 0 845 2 999398808
1 1 3339 3 306473224
2 2859 784
1 1 2903 2 176872067
1 1 3516 2 406959271
1 1 1586 1 109215088
2 1137 934
1 1 2031 2 353239410
2 136 2734
2 3084 3840
1 1 3332 1 823566550
1 0 2142 1 827936402
1 1 626 1 13235207
2 1233 99
2 2576 6
1 1 3438 1 862081326
1 1 3590 4 847818437
1 0 3711 3 652255736
1 0 1817 2 578462658
1 1 115 1 376781364
1 1 2646 4 726301312
1 0 2752 2 490235328
1 0 2355 1 516066824
1 0 1585 3 825814297
2 975 3993
1 0 792 3 935135783
1 0 1753 4 36312581
1 0 3226 1 555196132
1 0 358 1 739389679
1 1 770 1 341574701
1 0 2746 2 980328473
1 1 1293 3 449905941
2 3496 3046
2 1784 3245
1 0 1419 1 16559450
1 1 1956 2 746928186
1 0 637 4 249290822
1 0 3669 2 810914909
1 1 1415 3 361352952
1 0 2746 4 843813484
1 1 1995 3 910900453
1 1 3712 3 431906478
1 1 3976 4 910653141
1 0 815 1 934741148
1 1 1415 4 682872773
1 0 478 3 347653505
1 0 808 1 616952435
1 1 3679 3 694982174
1 1 971 4 313473545
2 816 1003
1 0 1691 2 889624797
1 0 1108 3 107681168
1 1 1280 1 124126587
1 0 2896 1 780146743
1 1 1594 2 428862863
1 1 3569 4 575546464
1 1 1428 1 897254756
1 0 1043 1 554160003
2 2028 953
1 1 825 3 571862248
1 0 1512 4 581996085
1 0 3113 1 120234480
1 0 2504 1 294223700
1 0 1211 3 289667527
1 1 1000 4 540594144
1 0 2771 1 75799731
1 1 2857 4 683979656
1 1 2944 2 251997026
1 0 3978 4 961357687
1 0 2371 4 371131484
1 0 1506 2 83962955
1 0 3237 3 159257159
1 0 3296 3 549542465
1 1 1118 3 679400008
1 1 119 4 104803663
1 0 106 3 677747560
1 0 3528 2 536550550
1 1 169 4 606831251
1 1 1622 3 512784324
2 260 1648
1 0 1496 4 555397591
2 3996 1621
1 0 3385 3 853028275
1 1 1485 2 919647579
1 1 1697 3 283295321
1 0 2798 3 521001118
1 1 3799 3 966053797
1 0 1883 2 905095762
1 0 1268 3 309604123
1 1 3465 3 471718146
1 1 2383 4 82141828
2 872 493
2 2097 2394
1 1 1234 4 648259272
2 196 2446
1 0 2707 2 153659774
1 0 2143 3 879899902
1 1 1760 2 152481198
2 3571 2458
1 0 1323 1 852971424
1 1 3860 1 778873765
2 1508 560
1 1 1540 1 461938652
1 1 331 1 997966612
1 0 2389 3 50324432
1 0 529 3 781593834
1 0 3950 3 406050759
1 1 3349 1 250629260
1 0 2951 3 771166111
2 126 2625
1 1 3257 1 581278542
1 0 1520 3 120434745
1 1 2026 4 117227899
1 1 3360 4 301990727
1 1 707 4 898675137
2 3647 1501
1 1 2131 4 263691024
1 0 2362 1 248363952
1 0 3990 3 975459689
1 1 3564 3 350139027
2 810 347
1 0 1947 1 103863547
1 0 3358 3 281743684
1 1 2838 1 203447560
1 0 2379 2 464762865
1 0 1147 3 10927224
1 0 386 3 587909276
2 3967 303
1 1 3372 1 766549734
2 3972 2251
1 1 1324 4 528556414
1 1 1589 1 532534940
1 1 3255 4 435216732
1 0 2727 3 225324561
1 0 2537 1 323872010
1 0 1441 2 165473946
1 1 54 1 332628220
1 0 424 4 491516819
1 1 3212 3 198373170
1 1 305 1 230004880
2 2934 645
1 0 615 2 161179847
1 0 3101 4 735603914
1 1 713 3 827397700
2 1248 227
1 0 1947 1 506492066
1 1 2652 2 239635456
1 0 2098 3 46391157
2 2045 2232
2 3440 2806
1 0 3414 1 870716214
1 0 1528 1 856188393
2 2942 255
1 0 3577 3 822828632
1 0 2353 2 136753885
1 1 1951 2 345327756
1 1 2529 4 553787259
1 0 1795 1 154185718
1 0 1751 3 141046174
1 1 53 2 267957093
2 1164 1974
1 0 2420 1 904213193
1 0 2758 3 232391781
1 1 892 1 626814317
2 1102 3921
1 0 2845 3 62063382
1 0 1155 3 500337860
1 1 243 1 818020860
2 2527 1173
2 1392 1708
1 0 3213 4 841608247
2 794 2827
1 0 2883 1 873489025
1 0 1806 3 944641582
2 3144 1574
1 0 171 4 134785578
2 3614 1307
1 0 388 3 688395086
2 1391 12
1 0 3461 3 875360563
1 0 2319 3 827288637
1 0 3027 2 772702380
1 1 3811 2 203847816
1 1 1321 1 701439094
2 3796 3412
1 0 3134 2 471530284
1 1 2683 2 438596604
1 1 2869 2 629366474
1 1 655 3 725867722
1 0 74 3 411954889
2 1022 789
2 1527 3467
1 0 1019 3 604268023
1 0 514 1 399474007
1 0 22 4 491754711
2 2421 1525
1 1 2859 4 204560621
1 1 344 3 17993415
2 3655 1326
1 1 3683 3 297987391
2 292 2734
1 1 1553 3 746436563
2 1267 3439
1 1 2346 1 230654779
1 1 606 3 183717555
2 1537 3100
1 0 3669 2 469137090
1 0 1771 3 722955171
1 1 40 2 472328672
1 0 1725 2 752669300
1 1 1024 3 15154921
1 0 3679 4 250414327
1 0 3476 2 872907050
1 0 839 1 685997027
1 1 1287 4 552088802
2 190 3023
2 1536 119
1 0 2045 3 277078238
1 0 524 4 715179759
1 0 1141 4 76562532
2 738 3970
1 0 3597 2 789150123
1 1 1041 2 549083534
1 0 1235 4 458064794
1 0 700 4 152128555
1 1 1655 2 799664067
1 1 3190 3 132179233
2 2752 2378
1 1 1215 1 58644075
1 1 3849 2 153995353
1 0 2434 3 485945050
1 0 752 1 998108135
2 2680 3118
1 1 1932 3 136112131
1 1 3866 2 952804711
1 0 190 4 861063080
1 1 651 3 648113812
1 1 277 3 366298011
2 1569 1408
1 1 220 3 381002363
1 1 3169 1 58195890
1 1 3800 1 703048341
2 2661 2704
2 81 1806
2 2692 2213
1 0 3157 1 469826928
1 0 1521 3 290759271
2 1657 1010
2 2254 699
1 1 784 3 877563515
1 1 3318 4 734952186
1 1 2246 1 204752584
1 0 3578 1 369991479
1 1 1297 4 968485489
1 1 904 1 708168146
1 1 358 2 470498190
1 0 1468 3 598470816
1 0 819 1 592182103
2 1428 1815
1 0 1476 1 55807855
1 0 3462 1 700366450
1 0 3211 1 119348971
1 1 3537 4 672131638
1 1 3244 2 833617001
1 0 3614 4 593443255
1 0 1021 4 382677472
1 1 1376 2 90153193
1 0 1070 2 559138446
1 0 3491 4 902929107
1 1 3208 3 577998733
2 1338 622
1 1 1053 4 929918136
1 1 3491 3 67374280
1 0 3276 2 75578642
1 0 2388 2 9283710
2 318 2323
1 1 3790 2 737065387
1 0 3779 1 526304028
2 3433 1493
1 0 444 3 398832446
1 1 3580 4 998117707
1 1 833 1 232296873
1 0 1964 1 775608803
1 1 3380 4 201390651
1 0 3402 4 702557576
1 1 364 2 908979092
1 1 2561 2 390036316
1 0 2566 1 895726497
1 1 3554 3 486925005
1 1 2864 4 391944183
1 1 2258 3 537265337
1 0 1622 3 19983037
1 0 3224 4 398875855
1 1 1421 3 354807087
1 1 1282 1 914899127
2 1561 3566
1 1 3240 3 245371654
1 0 3534 3 270640512
1 0 330 1 488952197
1 0 3762 4 485803451
1 0 1895 1 205706883
1 1 776 4 790711767
1 1 727 4 765557665
1 0 3062 4 887710660
1 0 1587 3 929220661
2 3616 3420
1 0 2246 3 956237045
1 1 2227 3 993481181
1 1 3345 3 8815067
1 0 3256 2 870360777
1 1 2565 4 203845188
1 1 1401 3 28725862
1 0 1919 4 497468133
1 0 2361 2 962565426
2 413 3849
1 1 1050 3 260179203
1 0 1299 2 838082727
1 1 3174 3 339929112
1 0 2194 2 660992909
2 2841 1591
1 1 3842 4 664059760
1 1 2356 2 11161676
1 0 830 2 831649306
1 1 2756 3 533030111
1 0 3837 1 291646192
1 0 1802 4 766874081
1 1 1834 2 906920309
1 1 2155 2 225075687
1 1 868 3 506900071
1 1 1111 4 35465948
1 1 856 3 732095114
1 1 1050 4 403326249
1 1 769 2 862136834
1 0 1204 3 368240755
1 1 3347 2 760542342
1 0 2985 2 311145925
1 1 2078 3 377081248
1 1 3681 4 557670602
1 0 2464 2 64027317
1 0 2077 3 371915427
1 0 1499 3 143738339
1 1 1073 4 409576405
1 1 2477 1 710176866
2 2808 489
1 0 2523 4 164320893
1 0 2096 2 208039800
2 793 2963
1 1 3103 1 488182458
2 1660 2347
1 1 1161 2 574300320
2 2017 3921
2 2838 398
1 0 636 4 628332661
1 0 892 3 912698189
1 0 3232 1 2260021
2 2095 2120
2 3987 2340
2 1305 3684
2 2374 3609
1 1 169 3 383567304
1 1 3170 1 573209711
1 1 532 1 426455933
1 1 28 4 291612696
1 1 1894 3 953086342
1 1 2766 4 732866270
2 1358 2654
1 1 523 4 743175601
1 1 1878 3 267194355
1 1 1226 2 579393170
1 1 2805 1 925043839
1 0 3337 3 369910586
1 1 2750 3 411441996
1 1 553 4 896792120
1 1 3005 3 772599211
1 0 1519 3 919759261
1 1 3959 4 207512409
1 0 485 4 512919503
1 0 742 4 123567704
1 1 413 1 160813066
1 1 3397 2 820356752
1 0 2775 4 706044742
1 1 330 1 710663946
1 0 2151 1 85165375
1 1 622 2 668819039
1 0 238 1 816848751
1 0 3364 3 257082018
1 0 1503 2 213396833
1 0 107 4 108833992
1 0 1363 3 102333800
1 0 835 2 648609563
1 0 3960 3 889569140
1 0 2545 1 951783229
1 0 627 1 990809405
1 0 686 2 722674377
2 3926 22
2 3500 3137
1 0 2893 2 857972044
1 1 3241 3 211739972
2 1129 2269
1 1 330 4 892061680
2 801 98
1 1 3129 1 905557517
1 0 1868 4 998354595
2 2235 1360
1 1 2548 2 161789340
1 0 851 2 811054030
1 0 3867 4 235244027
1 1 1759 4 57901226
1 0 2492 1 915364303
1 0 3130 4 144656125
1 1 2441 1 429550594
1 1 289 1 132274230
1 0 1877 1 764823048
2 651 1906
1 1 1479 1 375824137
1 1 2518 3 206916555
2 2750 2479
2 3722 3350
1 1 3452 3 800678550
2 1158 1618
1 0 1783 1 874230769
1 0 2229 4 302073824
1 0 3453 3 906899681
1 0 2808 2 974769729
1 0 700 2 179974577
1 1 3879 1 903912958
1 0 2721 1 929346670
1 0 1634 2 184902818
1 1 3508 4 212560486
1 0 813 1 299763041
1 1 1900 2 901512570
1 1 1204 1 487286319
2 2579 3307
2 1933 1680
2 3310 1818
1 0 1256 3 970757374
1 0 3896 4 263217667
2 1488 2579
1 1 2325 1 802226628
1 0 1912 4 870276845
1 1 3485 3 84984155
1 0 531 4 781165200
2 1735 759
2 1139 2953
2 2065 1949
1 1 3382 4 291098900
2 896 3186
1 1 3966 1 244053633
1 0 2774 3 256765531
1 0 301 4 58566083
2 2928 1944
1 1 2959 1 598639349
1 0 2214 4 504573462
1 0 3033 1 769155675
1 1 3944 3 75066091
1 0 3632 3 435292917
1 0 2673 4 610562552
1 1 3190 1 822526538
2 3697 2897
1 0 3357 3 789997303
1 1 654 4 865470379
1 0 1202 2 896388269
1 1 2041 2 445024645
1 1 163 4 724458722
1 0 193 2 744833289
1 0 855 2 21203671
1 1 1636 4 976460308
1 1 2143 1 659401348
1 1 2897 4 259128505
1 0 1287 3 482969530
2 3651 792
1 1 860 1 197864079
1 1 1308 2 379599978
1 0 2090 2 51923457
1 0 1406 2 571431828
1 1 2136 3 625993151
2 1210 3602
1 0 423 1 3122058
1 0 186 2 359550917
2 500 3451
1 1 210 3 625128851
1 1 1595 3 858959533
2 2988 3910
2 3878 1944
1 1 651 1 543315959
1 1 2147 1 248742727
2 2186 184
1 1 1385 1 57043789
1 1 3028 1 291165552
1 1 3554 2 367546727
1 0 2273 4 120340196
2 3031 1393
1 1 2612 1 397309064
1 0 1330 1 100643951
1 0 1829 3 482285873
1 0 3303 1 391241478
2 396 1732
1 0 2452 3 967449296
1 1 3498 2 102177611
2 1726 1800
1 0 3368 3 480574695
1 1 2385 1 963330543
2 3888 1588
1 1 538 4 806961099
1 0 1741 2 709870782
1 0 223 4 488418243
1 0 1740 3 505801007
1 0 325 1 689200170
1 0 2663 2 207258230
1 0 952 2 865504428
1 1 871 4 82106902
2 1562 3114
1 0 3392 4 990942388
1 0 923 2 752249122
1 1 1669 4 38814613
1 0 2810 1 603334211
1 1 3973 2 354090105
1 1 665 2 182607360
1 1 1854 3 769241329
1 1 383 1 179537253
1 1 2925 1 156199922
1 1 1936 1 932286644
2 1563 1111
1 0 3227 2 19424801
2 156 3605
1 0 1943 2 274429172
2 1466 469
2 1957 2599
1 0 3324 1 619039884
1 1 147 2 764385944
1 1 266 1 791626301
1 1 3692 4 565891616
1 0 330 1 753213371
1 1 520 3 915528371
1 0 899 1 637122560
1 1 2984 4 45004457
1 0 635 1 844137494
1 1 1179 4 596305704
1 1 2049 1 196702988
1 0 1669 2 150061372
1 1 1827 2 942184852
1 1 2483 1 901808174
1 0 2669 3 249364338
1 1 3979 2 357797679
1 1 642 4 122137174
1 0 3999 4 957034198
1 0 1988 3 250359194
1 1 1971 1 454216351
1 1 726 3 725188411
1 0 1584 3 249047434
1 1 2024 4 587224502
2 3094 3187
1 1 3448 1 178099158
1 1 465 1 49273342
1 0 384 2 862891918
1 1 1748 3 75548844
1 1 722 3 807936617
1 1 2699 1 337737497
1 0 734 3 776017056
1 0 1714 1 823665289
2 265 3160
1 1 971 1 211210268
1 0 2003 1 403746362
1 0 981 4 261576175
2 3823 1084
1 0 3167 2 513887150
1 0 3926 1 701163450
1 1 751 3 586563674
1 1 3850 3 918686663
1 0 2212 1 237964345
1 1 3902 1 804523791
1 0 1705 1 974786498
1 1 1995 4 187338775
1 1 123 3 709486373
2 2448 2768
1 0 1405 1 894236900
1 1 2743 4 507427812
1 0 3722 2 896629667
1 1 3822 3 17938800
1 1 2692 1 263992825
1 0 1185 3 754835455
2 2471 1942
1 1 833 2 612920993
2 1047 2599
2 1871 1047
1 1 1950 4 17499316
1 0 3529 3 873254837
1 1 879 3 153166646
1 1 288 2 958325339
1 0 119 1 610645753
1 0 1705 4 256577842
2 3073 1694
1 0 3971 3 762048579
2 1378 2365
1 0 1675 1 828354594
1 1 1319 2 700737735
2 2867 3996
2 2663 2099
1 0 665 1 902255699
1 0 412 3 930368422
1 0 348 1 135413819
2 3832 407
1 1 1921 1 289229082
1 1 506 1 528621006
1 0 1286 3 367378107
1 1 2215 1 515803422
1 0 3990 3 703303384
1 1 436 2 203688394
1 0 140 2 335827959
1 0 1626 3 312938536
1 1 1125 2 934312685
1 0 3661 3 492327983
2 1175 3272
1 1 2163 3 239963620
1 0 3014 3 692946951
1 1 3107 4 236880891
1 0 3149 4 198960826
1 0 412 4 559002739
1 1 1328 2 664888660
1 1 2571 2 597387662
1 0 1353 1 698839716
2 1491 1912
2 1510 1461
1 1 3882 1 552703614
1 1 496 2 484709051
1 1 691 3 166093879
1 0 45 4 337663234
1 1 3499 4 408306083
1 0 1882 2 70934115
2 1015 2983
1 1 3704 2 599231132
1 1 2712 2 754111139
1 1 1138 3 239943220
1 1 1869 3 13612173
1 0 1633 3 506761307
1 0 1595 3 333119128
2 1919 3910
1 0 2488 2 175537963
1 1 1262 3 620240841
2 3259 3715
1 1 1261 3 590192830
1 0 2792 2 567304048
1 1 1096 4 609066634
1 0 1944 2 902020322
1 0 263 3 451410239
1 0 2270 4 414382799
1 1 2993 1 975322185
1 0 2882 2 168838586
1 0 1420 1 973281445
2 3584 3114
1 1 2773 4 549633127
1 1 3810 4 667421258
1 1 2882 3 224155465
2 1778 2503
1 1 2955 3 897304024
2 3048 1209
1 0 923 3 394068966
1 0 384 3 325239306
1 1 178 1 596748468
1 0 1315 4 473377688
1 0 3980 3 550730894
1 1 1952 3 211268752
1 0 1083 3 779973511
1 1 2516 1 352001191
1 0 2675 1 835065530
1 0 284 4 928931776
1 0 131 2 618941585
1 1 2720 2 616811035
1 1 487 3 801681446
1 0 932 2 66518572
1 1 3220 4 713473929
1 0 2210 1 332568092
2 1819 3350
1 0 2216 1 546320205
1 0 3944 3 111875111
1 1 167 1 946438729
1 0 568 3 85509692
2 2749 2732
2 2009 1150
2 1105 2735
1 0 2933 1 421889357
1 1 113 1 398457974
1 1 2175 1 774133562
1 1 3736 1 203158798
2 3431 2364
1 1 1563 3 876205152
1 1 1868 2 437358159
1 0 1149 4 858593955
1 0 3725 2 130897368
1 1 625 1 58149967
1 0 1206 3 538837247
1 1 1455 1 362588124
1 0 1695 3 69799574
1 0 1922 4 523825992
1 0 3368 1 187470337
2 3494 3107
2 727 2094
1 0 1024 1 754495679
1 1 1099 3 969915205
2 3311 2426
1 1 114 3 782864504
2 1293 3811
2 186 199
1 0 425 4 771706282
1 0 1471 2 611210282
1 0 146 4 863059384
1 1 3223 3 590584045
1 0 1669 3 560837610
1 0 77 4 489228921
1 0 2308 2 641298981
1 0 1084 1 37853605
1 1 1002 2 920111270
1 1 1912 3 34399591
1 1 1021 3 65754761
1 0 3452 2 645093122
2 875 525
1 1 318 3 179841006
1 0 2621 1 946623010
1 0 2718 4 806621713
2 1711 2124
1 0 3414 1 242990367
1 0 1322 1 770486809
2 1200 1916
1 0 3856 1 41964442
1 1 2666 4 121200472
1 1 3527 2 49491997
1 0 3658 3 425392596
1 0 1691 4 441326998
1 0 2461 4 28787679
2 3097 2681
1 0 1827 2 970832242
1 1 2840 4 591149402
1 0 1591 2 170861800
1 1 1913 2 769332492
1 1 417 3 418313096
1 1 282 1 645458899
2 1483 2017
1 1 2192 1 889552602
2 2796 2119
1 1 263 3 991922454
1 0 1855 2 858125657
1 1 1768 2 638634071
1 1 3184 4 715120612
1 1 1552 3 779094609
1 0 74 3 11124428
1 1 3706 2 33969928
2 2540 990
1 1 2172 2 963214686
1 1 415 4 636269509
1 1 2472 2 772778229
1 0 3758 2 568640064
1 1 1441 3 670897897
1 0 2440 4 967026650
2 351 2064
2 1966 1437
1 0 1826 3 753568661
1 0 2603 4 122143636
1 0 2293 4 706452985
1 0 2406 3 807473742
2 268 1430
1 1 1148 4 248648620
1 0 3881 4 31091367
2 2159 488
1 1 3448 3 105563334
1 1 462 2 766948065
1 0 1242 3 417420588
1 1 284 3 760798084
1 1 2526 1 339059208
1 0 3436 1 335194838
1 0 3214 4 657926616
1 1 3339 2 556642538
1 0 3908 3 463220763
1 0 969 4 604692501
1 1 2475 4 719878627
1 1 1387 1 55258773
1 1 3135 3 220084087
1 0 510 4 163363767
2 455 2493
2 223 3053
1 0 231 1 614607255
1 0 920 4 73048144
2 1929 2540
1 1 2694 1 916841018
1 1 2239 1 807233168
1 0 442 3 723359460
1 0 3713 1 414978214
1 0 3925 3 425241141
1 1 2297 1 59407970
2 588 3018
1 1 3642 3 125843630
2 1428 3329
1 0 3834 1 90206885
1 0 2797 4 274784105
1 1 95 2 103487729
1 1 1202 4 94764608
1 1 2073 1 360456498
2 2643 662
1 0 3967 4 168459432
1 0 701 4 560013931
1 0 1530 1 322077945
1 1 3256 2 325342719
1 1 161 3 170372890
1 1 1939 4 647665898
1 0 2235 2 874585542
2 3740 2431
2 3442 3619
1 0 1731 2 517303186
1 0 164 1 773488215
1 1 3932 4 814101817
1 1 3538 4 125099177
1 1 3812 2 223716304
2 2855 2230
1 0 562 1 590646453
1 1 2977 2 652901080
1 0 2751 1 278361920
1 0 3253 2 537149387
1 1 3092 1 12776885
1 1 2672 3 521003553
1 1 290 3 977351700
1 0 2343 2 561920719
1 1 2841 1 154725589
1 1 864 4 904862977
1 1 2178 2 657853239
1 0 645 3 212725290
1 0 1232 4 26998507
1 0 1065 1 61825934
1 1 2497 4 201361579
1 1 3630 4 497020943
1 0 2500 1 286789272
1 1 1743 2 364888687
1 1 3764 2 362401971
1 1 3033 1 101672807
1 1 2192 4 156818028
1 1 1509 3 444281201
1 1 964 1 739887109
2 3049 1248
1 1 718 2 855142978
1 1 1766 1 520099116
1 1 3898 3 618683124
1 1 117 4 738135755
1 1 3807 3 847449862
1 1 859 3 523095173
2 3145 3276
1 0 2413 1 627631951
2 3623 91
1 1 423 1 225763316
2 1483 3029
2 2426 2442
2 1375 3097
2 819 1240
1 0 3530 4 883191929
1 0 2510 4 233194196
1 1 956 1 735463639
1 0 706 1 181256189
1 1 371 1 614820195
1 0 2948 4 541864870
1 0 1887 2 361896009
1 0 172 1 205570607
1 1 2371 3 781882881
1 1 2437 2 608686647
2 383 622
2 1123 3241
1 1 2621 1 190050882
2 93 1757
1 1 3045 1 523195140
1 0 1428 4 805537753
1 1 3316 1 480639790
1 0 3301 4 57113252
2 1112 1302
1 0 558 3 850476513
1 1 3471 4 540678664
1 1 193 4 392073142
1 1 3953 4 552129584
1 1 2490 2 598231185
1 1 2474 2 456752629
1 0 1189 2 170747747
1 0 2338 4 291191045
1 0 1327 2 909786240
1 1 385 1 957685869
1 1 505 3 736034987
2 2507 1247
2 633 3633
1 0 2800 4 463308775
1 0 3368 3 670633573
2 2074 2007
1 1 1530 3 97768400
1 0 1181 2 689612160
1 0 2051 1 334515275
2 2943 1083
2 116 1561
2 1565 3225
2 1548 436
2 1569 2827
1 0 549 1 271203826
2 1144 1825
1 0 1569 1 148025025
1 1 2432 1 90964388
2 660 3710
1 0 2861 4 726965386
1 0 2489 4 123691851
1 1 2408 3 647768612
1 0 3157 1 702673207
1 0 3324 3 959362761
1 0 3761 2 11376628
2 335 434
1 1 853 4 658616424
2 2014 2165
1 1 2540 1 24474083
1 0 1156 1 467783348
1 1 2515 4 260651372
2 3124 987
1 1 875 1 246936935
1 1 3806 3 422238805
1 1 3061 3 728523236
2 2937 515
2 191 992
2 765 3012
1 0 3059 3 942434309
1 0 1411 1 144778642
1 1 1235 4 761008382
1 0 3652 3 903125771
2 1653 1471
1 1 3394 1 992175178
1 0 3314 1 411449348
2 763 228
1 0 3865 3 776104881
2 2998 3177
1 0 1217 4 631856161
1 1 3896 3 256429453
1 1 3228 1 395902867
1 0 2951 2 609369466
2 562 3609
1 0 1889 1 920397747
2 1315 2687
1 1 2934 4 41384085
1 0 988 1 543402344
1 0 1680 4 648285537
1 1 596 4 388541417
1 0 1234 4 39421991
1 0 480 3 505556857
1 1 1501 4 985347992
1 0 3086 2 342672986
1 1 3814 4 545084038
2 532 1134
1 0 1480 2 125478073
1 0 3918 2 499545770
1 0 2337 2 128199524
1 1 1310 4 243318669
1 0 2474 1 200595290
2 3509 1773
2 1502 945
1 1 3656 1 841010603
1 1 2913 3 461017201
1 0 1615 3 977213353
1 1 209 2 290797085
1 0 1782 3 584105402
1 1 1159 3 336010196
1 1 3496 1 73857597
1 0 3445 2 175301909
1 0 2363 2 554382566
1 0 2113 3 754911642
1 0 1022 1 774656325
1 0 1233 4 78947488
1 1 689 2 462340218
1 1 289 1 921856089
1 1 2885 3 442163729
1 0 3538 4 297946686
1 0 1094 4 496095947
2 1282 3602
1 1 3182 2 741888404
2 2938 1087
1 1 2963 4 675761450
1 0 2508 3 807175508
1 1 3283 4 537135934
1 0 2618 3 381731367
1 0 1823 2 747501424
1 0 294 4 689842393
1 0 2761 1 182133108
1 0 3656 4 112628620
1 1 202 1 119821607
1 0 418 4 265452767
1 1 3494 4 602552339
1 1 2816 2 3805484
1 0 2421 3 774183867
2 810 1852
2 2908 2562
1 0 3241 3 959884555
1 0 2130 3 163443165
2 37 3925
1 0 3472 3 472806348
2 1841 2411
2 2159 731
1 1 1767 3 581543322
1 1 2926 4 918757167
1 1 2895 2 808917720
1 0 3507 1 811854092
2 117 3152
1 0 3917 1 785336099
1 0 3113 1 783576346
1 1 3877 2 901199443
1 0 2960 3 775808574
1 0 1653 3 781636780
1 1 3647 2 91576533
1 0 2114 3 51313637
1 1 24 4 719768927
1 0 2630 3 457847983
1 0 2969 3 931503058
2 1785 2751
2 666 1177
2 3280 1574
1 1 1622 4 627852684
1 0 3682 1 907857785
1 1 158 3 561113905
1 0 2036 1 276221975
1 0 1688 3 841612713
1 0 1771 1 150848856
1 0 1383 1 95287354
1 0 2870 2 60811637
1 1 1881 3 826519634
1 0 3379 2 796841992
1 0 387 4 339379124
1 0 1598 4 599121443
2 1739 3555
1 1 2918 4 513184557
1 1 2744 2 107855656
1 0 2985 2 147153388
1 1 1710 3 356032177
1 0 1250 1 473062623
1 0 1602 3 619723237
2 3613 802
1 0 1632 1 39802610
1 1 675 1 146813457
1 1 1870 4 319498844
1 1 2289 4 445878576
1 0 2996 1 960468878
1 1 2446 3 764211576
1 1 3140 4 289052304
1 1 1692 2 154743340
1 0 1941 2 593809606
2 361 1528
2 3745 2379
1 0 2034 4 932147601
1 1 1381 2 286105180
1 1 36 1 93817223
1 1 853 4 338237374
1 0 3701 2 949344139
2 1383 2008
1 0 3891 4 985334336
2 2993 2780
1 1 3543 1 694682963
1 1 2207 3 635353192
1 1 3980 4 916886752
1 0 1788 1 40011311
1 0 759 4 90738616
1 1 1261 4 169031516
1 0 934 3 45980070
1 1 2225 1 48868627
1 1 264 4 220804631
2 2677 409
2 330 749
1 1 2902 2 537390072
2 722 3531
1 1 3546 2 326032939
2 1068 2516
1 1 1099 4 721124598
1 1 1937 2 881962884
1 0 1143 1 81737961
1 0 2664 3 678433365
1 1 2532 2 49401198
2 1610 3353
1 1 2330 3 48904238
2 406 2772
1 0 2296 3 76284021
2 880 3488
1 0 3473 3 91925325
1 1 1249 1 569741103
1 0 2854 4 714017173
1 1 1777 2 668808763
1 1 1897 4 861592933
2 2515 1307
1 0 1396 3 309837819
1 0 3654 3 783966820
1 0 3424 1 372511948
1 0 1777 1 873565163
2 2460 445
1 0 3670 3 613665399
1 0 235 2 149522173
1 1 3532 3 355757264
1 0 1583 2 889501072
1 1 3178 4 806739141
1 0 3124 2 406385486
1 1 548 1 732537884
1 1 3285 1 533615637
1 0 86 4 44353253
1 0 288 1 153242843
1 0 1739 2 50375453
1 1 108 4 233493332
1 1 2325 1 528682774
1 1 1036 1 34722776
1 0 2730 4 427870369
2 2524 3789
1 1 2533 1 368412553
1 1 1833 1 235499726
2 314 1090
1 1 1856 1 851573993
1 1 2517 3 535802456
1 0 3846 3 7075815
1 0 43 3 224562304
1 0 1403 2 307115768
1 0 3724 2 712854233
1 1 2390 1 630322140
1 0 2244 3 949884165
1 0 1374 1 11301374
1 1 1718 2 672005018
2 2105 1704
2 168 579
1 0 1183 1 544333479
1 0 956 1 891689
2 3059 1817
1 1 1210 4 824807332
1 1 1589 4 615282018
1 1 1918 2 259380240
2 1033 3788
1 0 2003 4 217928127
1 0 2305 2 538679159
2 2095 1498
1 1 1232 4 763297711
1 1 2320 4 214746055
1 1 2507 2 981068136
2 2562 1244
1 0 86 2 510315960
1 0 1158 3 414364203
1 1 2585 3 837640597
1 1 3258 1 266695959
1 1 3317 3 128112104
1 0 1087 4 643965753
1 1 2104 4 802928215
1 0 251 4 72733614
1 1 2777 2 222593160
1 1 883 1 607418751
1 0 2643 2 610405280
1 0 711 1 457492586
1 1 28 4 101842208
2 725 1251
1 0 3552 2 173005657
2 3580 2150
1 1 2040 4 689915566
2 3328 1810
1 0 3598 4 572235750
1 1 2987 1 950177865
1 0 1100 2 552478568
1 0 711 4 867200584
1 1 600 2 312483248
2 1177 2008
1 1 2011 1 582393083
1 1 39 3 49652015
2 377 1375
1 1 23 3 323019517
1 0 3917 1 926113605
1 0 520 1 643403493
1 1 3621 4 205585335
1 0 2402 3 149602958
1 1 1159 2 814271494
2 232 1482
2 1105 3151
1 0 3403 4 817899774
1 1 2642 4 653094933
1 0 3279 2 559921900
2 2168 1085
1 1 3849 4 890518870
1 1 1640 2 572296362
1 0 2101 4 525384852
2 1896 737
1 0 1566 2 595552894
1 0 231 2 657842141
1 0 7 2 829315590
1 1 2739 2 518264464
1 1 3874 1 371027101
1 1 1332 3 596264011
2 3794 998
1 0 1215 2 539654524
1 0 3744 1 382109912
1 1 95 2 555585232
1 0 2846 1 235463918
1 0 2401 1 617706109
1 0 212 3 438277419
1 1 2503 2 7069474
1 0 1354 3 470460638
1 1 3867 2 142571733
1 1 462 2 579305774
1 0 2767 2 512824449
1 1 3999 1 389508463
1 1 11 2 359550030
1 1 981 3 906220057
2 169 851
1 0 1542 3 163197775
1 0 746 4 931216396
1 1 1241 2 290670863
1 0 3291 2 766909692
1 1 3807 2 952452439
1 1 1436 3 946756181
1 1 227 3 945316293
1 0 2563 2 61629595
1 1 3660 3 867146969
1 0 2873 3 1085499
1 1 1151 3 831753868
2 1250 2722
1 0 1097 2 81944854
2 2382 1350
1 1 2467 2 669783016
1 0 1903 1 186673339
2 3318 1775
1 0 1385 1 871600819
1 1 1033 4 898524101
2 2256 3454
1 1 3588 2 272276651
1 0 1946 4 818327369
1 0 3063 4 591858818
1 0 526 3 714690175
1 0 671 3 291095476
1 0 3764 3 756128154
1 1 1931 1 418968435
1 1 2543 2 584924073
1 1 200 4 412817830
1 1 2422 3 772318566
1 1 2959 1 648685971
1 0 3916 1 625931108
1 0 3920 2 704893782
1 0 1753 2 259729351
1 0 2413 3 77964066
1 0 267 1 772549252
2 1879 1844
1 0 1337 3 599064659
1 1 920 1 758063503
1 0 2113 4 444986809
2 3772 2749
1 0 3921 1 842203939
2 1184 713
1 0 3160 3 189763395
1 0 936 4 822995283
1 1 1345 2 902564368
1 1 1962 3 523079103
1 1 2334 2 574550412
2 206 253
2 1903 1522
1 1 3148 3 101552713
1 1 462 4 721999395
1 1 2659 3 487304024
1 0 416 1 980949264
1 0 2174 4 967601616
1 1 2297 4 510347141
1 0 2694 2 407140793
1 0 872 1 614439746
1 1 2883 4 812980820
1 1 2531 4 779494961
1 1 809 3 80161095
1 1 3683 4 842815859
1 0 1911 2 25665954
1 1 2544 1 730802015
1 0 3461 4 31491655
1 0 1948 2 210242142
1 0 150 4 882218626
1 1 2552 2 449067158
2 1814 1798
1 1 327 2 257672650
1 1 3266 2 712493553
1 0 2925 1 45617731
1 0 1454 1 915082412
1 0 975 2 724457813
1 1 3863 4 227753126
1 1 3919 3 720347006
2 3229 1431
2 392 1000
1 1 28 1 814726737
1 1 3832 1 668780740
1 0 651 1 139014071
2 3999 471
1 0 3075 4 31604872
2 1950 3548
1 0 2688 1 322119575
1 1 2723 2 299470794
1 1 2941 3 550711154
1 1 920 1 65366619
1 1 1183 1 746945227
2 3453 575
1 0 1022 2 272829952
1 1 446 3 642928977
1 0 3106 4 215540256
1 0 3795 2 981241244
1 1 3304 3 918865562
1 0 69 1 885173022
2 1597 2001
1 0 2316 1 463337954
1 0 1229 4 492563562
1 1 1440 3 810858162
1 0 3144 1 959245654
1 1 1669 2 609797710
2 2623 2451
1 0 1647 1 440611689
1 0 1407 3 374515325
1 1 527 3 730845236
1 0 2343 2 214098656
1 0 2794 3 639836136
1 0 2143 1 550927720
1 0 3305 1 215196775
1 1 2251 1 5755598
1 0 1257 4 892023335
2 929 1678
1 0 3017 3 67615472
1 0 2072 1 220705076
1 1 2899 1 303423892
1 0 3488 1 733727711
1 0 887 4 31419650
1 1 3021 3 442595480
1 0 631 1 397986199
1 1 3139 4 740994131
1 1 2048 3 926206983
1 0 2483 1 877315280
1 0 753 1 661834875
1 1 3971 3 951068710
2 3849 776
1 0 3825 2 421752473
1 1 1833 3 242636093
1 0 760 1 655714988
1 0 1195 4 391216277
1 1 1246 3 860701508
1 1 3200 2 605652745
1 0 3717 4 220424349
1 1 2140 2 178234746
1 1 803 3 421661642
1 0 2742 4 84599685
1 0 71 1 446751591
1 1 3253 3 499567665
2 1890 2436
1 0 3796 1 869461951
1 0 2963 1 574493832
1 1 3945 3 217830127
1 0 2682 1 438688085
1 0 3843 1 332501256
1 0 259 3 313504874
2 1182 633
2 737 2423
1 0 275 2 837516928
2 2434 1478
1 0 2024 1 230097503
1 1 3612 3 898419132
1 1 1438 2 159754225
2 737 1816
2 2462 454
1 0 349 2 125735054
1 0 342 2 100796487
1 0 517 4 106645157
2 2572 927
2 3961 2177
1 0 3212 1 84215224
1 1 1889 1 307438797
1 0 231 1 936468563
1 0 3415 1 387705893
1 0 361 4 409677114
1 0 2550 3 528349058
1 0 3094 2 526244933
1 0 1628 4 106789800
2 2426 3152
2 3020 71
1 0 3108 3 914431885
1 0 1398 4 646697272
2 1399 885
1 1 672 3 487547961
1 1 103 1 315076854
1 0 1316 1 286105448
1 1 2836 4 978726360
1 0 687 2 408556384
1 0 2187 1 991352068
1 0 3412 3 872585928
1 0 3506 4 752252197
1 0 2209 3 560637730
2 2254 3184
1 0 1169 3 899162503
1 0 1269 2 491155184
2 2919 577
1 0 1400 1 545169441
2 2649 1333
2 345 3513
1 1 1029 4 83636722
1 0 973 4 372249537
1 1 2195 1 397094988
1 1 1795 3 186965204
2 2572 3210
1 0 324 2 147238344
2 2321 3576
1 1 3483 3 621358897
1 1 3862 4 645955696
1 1 3200 1 469547228
1 0 3208 4 314408031
1 1 875 4 140576709
1 1 2445 1 416816528
1 0 2016 1 460041667
1 0 2357 1 878758373
1 0 3043 1 635736157
1 1 3531 1 804849154
1 1 3994 1 339623531
1 1 672 4 773585327
1 1 1188 2 704828477
1 0 2153 1 273422152
2 1323 3876
2 1603 1638
1 0 2483 3 960209783
1 1 1245 1 469900556
1 0 3840 1 880686438
1 1 267 1 468003833
1 0 2443 2 477819009
1 1 1214 2 225615884
1 0 2431 1 121698042
1 1 232 4 940161361
1 0 3 1 406977831
1 1 2132 4 644303116
2 466 778
2 3075 125
1 0 2448 1 22529976
1 0 1835 4 838407601
1 0 3776 2 349907098
1 0 2993 3 717004558
2 3465 951
1 1 1897 1 896645939
1 0 2459 1 475878288
1 0 2459 2 342880047
1 0 2440 1 314482622
1 0 2409 2 547253926
2 2833 604
2 2502 3601
1 1 3633 3 469136010
1 0 1680 4 719984826
1 0 696 4 709606737
1 0 1866 4 400485587
1 0 2846 2 991944610
1 1 3527 3 958443258
2 1080 196
1 1 2297 3 926415690
2 2327 3565
2 1084 2797
2 322 1407
2 1620 3762
1 0 120 4 272316876
1 0 3825 3 194410178
1 0 2383 2 641701724
1 1 1083 4 920954572
1 0 3156 2 301693568
1 0 231 3 965183065
2 2159 792
2 386 787
2 3995 2080
1 0 3066 3 241979413
2 3822 1800
1 0 2849 2 324074763
2 1078 1627
1 1 3789 4 915788468
1 1 2819 2 72673229
1 0 122 3 807648843
2 148 3928
1 1 2861 2 647843032
1 0 1356 1 685749551
1 1 2875 3 137947627
1 0 1274 2 432274159
1 1 1809 1 257190467
1 0 1886 1 296239679
2 1432 899
1 0 1671 1 560799435
1 0 335 1 824599092
1 0 1071 2 19769696
1 0 706 4 196275706
1 0 1474 3 982999718
1 1 1557 3 432584067
1 0 3059 3 34520033
1 0 1630 1 837281354
1 0 1931 3 606315869
1 0 661 2 798879831
1 1 997 4 514917558
1 0 2060 1 815891046
1 1 2402 3 995428301
1 0 2041 1 286441090
1 0 3428 4 346359121
1 1 3522 2 689598928
1 0 1031 4 556005825
1 1 2177 1 996847825
1 0 165 3 266608665
1 1 1447 3 309252869
1 1 2403 3 418076319
1 1 3197 1 136764944
2 601 1613
1 1 1580 3 468181177
2 2628 2428
1 0 2048 2 162657093
2 3123 2525
2 3185 1352
2 1548 794
1 0 103 2 658369587
1 1 2873 2 745935876
2 1147 535
1 0 1555 1 129142696
2 1551 2469
1 1 2629 2 489703940
1 1 3456 2 454968815
1 1 3764 4 763630946
2 644 3122
1 0 526 4 112909431
2 3258 742
1 1 2323 2 260726743
2 3447 3084
1 1 1513 3 31416544
1 1 3125 2 582321867
2 2317 271
2 750 3779
1 1 460 1 173970517
1 1 3360 1 300169910
1 0 826 3 766315962
1 0 3570 3 625081597
2 3145 1477
1 1 1810 3 735014383
1 0 2116 2 966502626
1 0 3351 2 700536136
1 1 3437 3 250961298
1 1 52 3 921101492
1 0 2622 3 524263158
1 1 294 1 560023201
1 1 1992 3 33453008
1 1 2207 4 561482509
1 1 1058 4 544176576
1 0 1466 3 995662230
1 0 3874 1 668067343
1 0 3710 1 245766038
1 1 1561 1 833453927
1 0 1613 3 617220732
1 1 710 2 990879425
1 0 946 1 584335435
1 1 3388 1 614899590
1 0 2854 1 813055041
1 0 1016 3 503850776
1 1 1866 4 15484997
1 0 1657 2 639490103
1 1 1995 4 719148590
2 1084 3775
1 1 3635 3 241401664
1 0 3408 3 197444165
2 285 2112
1 1 2495 4 882191610
1 0 359 2 735532155
1 1 1622 1 112033983
2 3377 986
1 1 3464 4 338052415
1 0 3757 2 633451010
1 1 2380 4 118304636
1 1 2709 3 317768615
2 890 3082
1 1 630 1 385009457
2 847 3478
1 0 3380 2 976555727
1 1 1363 3 214519267
1 1 2886 3 334008600
1 0 1772 1 647746546
1 0 1446 3 389567189
1 1 930 3 697729404
1 1 2620 1 65105687
2 1838 564
1 1 861 4 246342328
1 1 3932 4 911483177
2 2234 3875
1 0 1382 2 996926890
1 0 1987 4 334764158
1 0 276 4 458059612
1 0 1408 3 101864753
2 2220 3239
1 1 253 2 298777078
2 775 2015
1 1 2427 3 931715902
1 0 2309 2 355991503
1 1 1551 2 15067797
1 0 1225 2 327251917
1 1 2728 4 849309951
1 0 810 3 873888419
2 1199 3233
2 1167 3864
1 0 3117 1 538629205
1 0 1040 1 514817398
1 0 3280 3 303142151
2 1272 1122
1 1 3960 3 697407570
2 2913 3085
1 1 114 1 919437238
1 0 2202 4 694606395
1 1 921 3 17177905
2 2948 3965
1 1 3750 4 696274053
1 0 1857 3 72455359
2 214 2901
2 2855 37
2 3614 66
1 0 124 2 491486404
1 1 27 2 938468437
1 0 2969 3 202571584
1 0 1126 1 188733648
1 0 29 2 661300460
1 1 2577 3 817990461
1 0 3997 2 763938149
2 820 417
1 1 372 1 503027792
1 0 3823 2 749314311
2 1077 700
2 1651 1650
1 0 581 3 750138811
1 1 3410 4 796943933
1 0 3087 3 671945617
1 0 3405 3 529643831
1 1 1375 3 48927441
2 105 2233
1 1 2954 2 57116068
1 0 356 4 224470197
1 1 3949 1 189594150
1 1 2362 4 577087415
1 1 3147 4 466006153
1 1 1833 1 704703927
1 0 3351 1 682487217
1 0 2000 1 945217867
1 0 1011 3 329780297
1 1 356 3 437703342
1 0 835 2 617739789
1 1 1725 1 204149583
1 0 3129 2 855169110
1 0 312 1 460947140
1 0 3400 3 15206287
2 1888 1371
1 1 2899 3 643250197
1 0 1851 4 297194692
1 1 2082 4 495354208
1 0 3333 1 584392531
2 3744 1054
1 1 809 3 852433447
1 0 3511 3 760285709
1 1 748 1 914509019
1 1 3321 3 186826809
1 0 2727 3 255229410
1 1 3003 4 444718239
1 1 2176 4 903762269
1 1 887 2 82588626
2 40 3604
1 1 1620 3 469442195
1 0 395 1 439182087
1 0 896 1 680638154
1 1 907 3 990653482
1 1 2676 1 405858488
2 1278 3265
1 0 2637 1 795027755
1 0 781 1 810692900
2 3388 3676
1 0 58 4 259109060
1 1 1909 3 191929694
1 1 1767 2 221509230
1 0 446 3 577437412
2 2812 717
1 0 1012 3 95288199
2 728 2102
2 2719 1538
1 0 3882 4 978196545
1 1 214 3 194136816
1 0 807 4 222001193
1 0 370 2 426847852
1 0 3308 1 68684998
1 0 3067 1 124109912
2 2159 677
1 0 1868 1 293853896
1 0 431 1 253047210
1 1 3111 1 988016339
1 1 753 1 258993305
1 0 1531 1 45328998
1 1 1856 1 962930366
1 1 411 2 584143573
2 128 1874
1 0 4 4 255190740
2 186 2976
2 1934 3266
1 1 3878 3 649490196
2 2232 527
1 1 587 4 550067251
1 1 1532 2 644881262
1 0 237 2 773912261
1 0 76 3 33958707
1 0 3857 3 721385125
2 1046 1082
1 0 3481 2 635658563
1 1 2886 1 528080744
1 0 1528 1 336272244
1 0 2843 4 759403546
2 2355 2879
2 2465 2512
1 1 1424 2 162758949
1 0 2660 2 486374619
1 1 2305 2 86075771
2 1526 2110
1 1 3974 1 839848007
1 1 2499 2 221206566
2 2346 276
1 1 3851 1 403666725
1 0 2763 3 192093894
1 1 1923 3 207628337
1 1 1639 1 452236478
1 0 62 1 853598363
1 1 823 4 502428611
1 0 2318 1 605728481
1 1 1811 1 65218709
1 1 937 1 796583299
1 0 472 1 559449138
2 1403 2721
2 443 723
1 1 808 2 790224498
1 0 2396 2 967694165
1 1 2614 3 630938135
1 1 493 3 612884248
1 1 3430 3 329369525
2 3934 2585
2 2543 434
1 0 2766 1 112992031
1 1 117 4 78205474
1 0 1346 2 652058810
2 643 2868
1 0 469 4 938749168
1 0 2600 2 670535728
1 0 1861 3 761730617
1 1 3285 2 251118158
2 439 1423
1 0 1986 3 304555288
2 1873 3041
2 2799 2939
1 0 263 3 552035034
1 1 1129 4 369422202
1 0 1797 2 634185869
2 415 203
1 0 2301 4 947483665
1 1 1755 3 877548579
1 0 2199 2 257549951
1 1 2172 1 964532229
1 1 1441 1 269760179
1 1 2121 3 15406855
1 0 1419 4 803645040
1 1 2933 3 523564903
1 0 1586 2 267557255
1 0 518 3 133691960
1 0 438 4 438841101
1 1 2460 1 626982896
1 1 2584 3 166236009
1 0 949 3 125258964
2 1954 2323
1 1 3166 3 890297631
2 2558 3125
1 0 1004 4 427089723
1 0 2413 4 188281600
1 1 749 2 632553897
1 0 1692 4 18333555
1 0 2494 3 193607912
1 0 387 4 200367982
1 1 1597 2 967874901
1 0 2826 1 82826936
2 1266 874
1 1 3940 4 66281129
1 0 1813 4 127938659
1 0 981 4 504979649
1 1 1563 1 973019496
2 2635 1386
1 1 1560 3 845119286
1 1 3812 3 427927613
1 1 1821 1 140679347
1 0 1549 2 438330892
1 1 728 3 137856006
1 0 3981 3 604606387
1 1 2765 4 785274683
1 0 2626 1 841279489
1 1 984 1 89432609
1 1 2143 3 372768624
1 0 1360 4 872019444
1 1 2963 2 813040026
1 0 1644 3 288170245
1 0 1634 3 769541247
2 907 2997
2 423 762
2 153 3369
1 0 3115 1 744237948
1 0 3342 3 746751834
1 1 1810 2 53847234
1 0 671 3 110528843
1 0 1310 3 610672740
2 1782 943
1 1 3031 2 882446538
1 0 439 1 467161085
1 0 3721 4 902561245
1 0 3002 2 359063271
2 3813 2191
1 1 835 3 600104222
2 1936 2650
1 1 409 3 552482399
1 0 2833 2 457559230
1 1 3766 3 268628786
1 0 1970 2 280188040
1 1 3916 1 120660831
2 2928 3720
1 1 2300 1 762507747
1 0 3432 1 749796420
1 0 1566 1 888028129
1 0 3781 4 271327377
1 0 2997 2 704601854
1 0 618 3 675488882
1 0 3756 2 514230434
2 777 2474
1 0 3819 1 146369868
1 0 3283 3 662559681
1 0 2338 2 341484929
1 0 1681 2 713924231
1 0 2405 2 939446023
1 1 3064 3 322218591
1 0 1041 4 737903907
1 1 1314 4 368672106
2 1401 1346
1 0 1874 3 183173684
1 1 3015 3 445930480
1 1 453 4 62026695
2 2492 234
1 1 3407 4 467982672
1 1 873 2 650941099
1 0 3469 4 629018020
2 226 358
1 0 2902 2 42939384
2 1987 2600
1 0 375 1 977796294
1 0 3330 2 767389494
2 3214 1101
2 2725 3157
2 3005 1548
1 1 521 3 584588092
2 3019 2117
1 0 1919 1 554421878
2 2078 3237
1 1 3452 2 347443674
1 0 1522 1 592089968
1 0 1719 1 678026488
1 1 885 3 393738078
1 1 3224 4 207805088
1 0 2593 4 961420584
1 1 3194 3 849899797
1 1 2673 4 847324737
1 1 2124 1 506806804
1 0 2430 2 912705917
1 0 2997 4 167048196
2 627 3515
1 0 547 2 983590753
1 0 3500 4 442027595
1 0 1660 3 759257217
1 0 1600 2 735607847
2 1198 2828
1 1 1008 4 293251539
1 0 1543 4 157517189
1 0 3876 2 797276919
1 1 762 1 904451264
2 650 3071
1 1 241 3 619309757
1 0 3 2 337110161
1 0 2281 3 755744689
1 0 76 3 963102356
1 0 1782 4 964683645
1 0 958 4 604393379
1 0 31 2 949189481
2 622 2626
2 2732 3961
1 1 1905 1 705183267
1 0 3010 1 605878877
1 1 2526 4 955143264
1 0 2853 2 571647959
1 1 756 4 970947115
2 694 2629
1 1 490 2 495743125
1 0 3834 3 336388424
1 1 614 1 660996164
1 1 1287 3 797511373
1 1 119 4 728663842
1 0 2368 2 266958953
1 1 3998 4 354415977
1 1 3764 3 612841473
1 1 1983 4 787135172
1 0 2712 1 521310378
1 1 719 2 296214341
2 1143 3860
2 915 1077
1 0 12 1 422809179
1 1 3741 1 987301298
1 1 2849 3 873568040
1 0 2314 4 678937369
1 0 1169 3 134384165
1 1 1790 2 873488644
2 851 365
1 0 105 2 468049395
1 1 437 1 237041952
1 0 3256 4 802728007
2 2617 256
1 1 1336 4 656319666
1 1 1200 4 378773575
1 1 2923 1 926185843
1 0 1725 3 504592416
1 0 181 3 429095653
2 917 1134
1 1 3100 3 414592250
1 1 2319 1 238108689
1 0 3532 4 845247390
1 1 635 1 68959260
1 0 3243 4 267178138
2 391 3705
1 0 2612 2 307099219
1 1 881 2 532198058
1 0 2984 1 401121914
1 0 1021 2 119854813
2 1768 1856
1 0 235 1 654789373
1 1 3185 2 306872966
1 0 2571 3 65359200
1 1 361 3 400515819
1 0 3886 4 464361171
1 0 1265 3 805217933
1 1 1460 1 663620943
1 0 1910 1 111888507
1 0 3028 4 53121869
1 0 3706 2 669204464
1 1 906 1 982030977
1 1 2519 4 319368695
2 521 3278
1 1 2891 3 552997147
2 2399 104
1 1 3990 1 819637051
2 114 3182
1 1 3413 3 164203695
1 1 2976 2 307259738
1 1 3328 4 404695971
1 1 2558 3 616073307
1 0 1115 1 479708720
1 0 3356 1 781794055
1 1 3278 3 96773068
2 2778 3832
1 1 339 1 250928786
2 215 147
1 1 43 4 15982339
2 1294 2179
1 1 2494 4 855195531
2 2598 3956
1 0 1846 4 351512265
1 1 3335 2 66469698
1 1 495 4 666807195
1 1 3325 1 25245191
1 1 439 4 676290552
1 1 3570 2 994307816
2 667 3322
1 0 2385 1 741739951
1 1 2845 2 979621553
1 0 2357 1 480058898
2 46 3045
1 1 712 2 550194092
1 1 279 3 755282802
1 0 2488 3 207185815
1 0 1289 3 730278981
1 0 109 1 164244391
1 1 3798 3 787118038
1 0 2896 4 35218019
1 0 767 4 894778087
1 0 231 4 25986534
2 2058 12
2 2265 1266
1 1 3684 3 263929486
1 0 2653 2 771596720
1 1 878 1 310514734
1 0 3904 4 4090725
2 2981 1383
1 1 1271 1 325997768
1 1 3098 2 904837908
1 0 929 4 894976381
1 0 1609 3 880607551
1 1 1105 3 335856199
1 1 2650 3 626575714
1 1 3699 1 842729024
1 1 3500 2 576125149
1 1 555 1 513819297
2 1944 254
1 1 2742 2 472966558
1 0 3239 3 733617420
1 0 975 3 751676875
1 0 2047 1 767652657
1 0 940 4 333842787
1 0 2771 1 451321737
1 0 614 3 511531812
1 0 549 4 928127537
1 0 1491 3 46662326
1 0 3716 2 962975454
2 3700 2409
1 0 3190 1 333087922
1 1 2443 4 563683224
1 0 1610 2 157780220
1 0 547 4 940052404
1 0 2614 3 544909535
1 1 1524 3 707880778
1 1 1451 1 971893492
2 1720 3775
1 0 1837 4 822454056
1 0 3329 1 112858126
1 1 1500 3 703574975
2 581 2713
2 1434 424
1 0 3083 2 511291047
1 0 3021 2 524256704
1 0 2306 4 197942408
1 0 3716 1 841233040
2 109 1496
2 3867 2523
1 0 318 3 952009111
1 0 765 2 783051931
1 1 3528 3 656174854
1 0 3794 1 338004798
1 1 1604 1 509550159
1 0 1401 2 958274441
1 0 3953 2 810795809
1 1 507 3 495897901
1 0 3879 1 958184059
2 344 2031
1 1 95 4 827784216
1 0 2679 3 448139771
1 0 983 3 594846314
2 149 3140
1 1 951 1 320135786
2 3977 802
1 0 3259 1 148872699
2 2367 277
2 1810 2666
1 0 1951 3 923393339
2 3207 1317
1 0 1671 1 797065362
1 0 745 2 376267786
1 0 2478 2 347706958
1 1 3436 1 617874301
1 0 3482 4 656700528
1 0 1257 2 724685141
1 1 939 4 488637082
1 0 663 3 350157013
1 1 1490 3 615885329
1 1 1341 3 191687382
1 0 3706 3 679454339
1 0 1636 1 598233536
1 0 2973 4 425224653
1 0 638 4 63758702
1 0 2342 3 617261438
1 1 1609 3 734049270
1 1 2061 2 741746513
1 0 2323 3 89853481
2 621 1436
1 1 1612 3 970605331
1 0 392 1 898597719
1 0 46 4 136908146
1 0 2877 1 940330169
1 1 2719 2 823437048
1 0 1354 4 310313225
1 0 1831 3 155814420
1 0 3307 1 839144707
1 1 966 1 370033641
1 1 925 2 676035475
1 1 2229 2 873465836
1 1 50 2 970924765
1 1 2558 3 808355576
1 1 2637 2 553864950
1 1 757 1 642574241
1 0 2517 4 301539443
2 558 614
1 1 3354 3 450514633
1 0 2483 3 570376370
1 0 937 1 541911432
1 0 1282 2 192826393
1 0 3287 3 193448078
2 1198 1094
1 1 1905 4 680919520
1 1 2249 1 772207345
2 173 3763
2 1210 3547
2 3834 2029
1 1 535 4 78616412
1 1 1333 2 912970606
1 0 3402 2 603566831
1 1 3011 4 727305008
1 1 475 3 100903583
1 0 3667 2 266489785
1 0 1729 3 532130490
1 1 1750 4 843891894
1 1 1817 4 11230475
1 0 3968 3 937291473
2 405 1126
1 0 2310 1 385059624
1 0 2764 2 67526881
1 1 3827 4 1265268
1 0 3226 3 776639860
1 1 3249 4 317518786
1 0 2663 2 937480506
1 0 562 1 666061865
1 0 1017 1 494668863
1 0 3777 4 53503509
1 0 2960 3 180260886
1 0 1313 1 130087631
2 2417 3253
1 1 13 4 637617200
1 1 3290 3 763489274
2 1825 1847
1 1 2491 4 104878804
1 0 952 4 603454849
1 0 1346 4 44750647
1 0 3415 1 233162888
1 0 1679 3 917155964
1 1 67 1 103859847
1 1 2021 4 186934423
1 0 2943 1 309602142
2 3175 3336
1 1 3946 3 434973280
1 1 3417 3 456239766
1 0 1568 3 27194720
1 0 674 4 450223468
1 0 3190 1 655753018
1 0 2459 2 496477347
1 0 1496 2 461658367
1 1 35 1 526604163
1 1 3609 2 668608288
2 3055 241
2 3672 590
2 3063 904
2 151 206
1 1 2971 2 992119599
1 1 1467 1 15784326
1 0 394 2 509196691
1 1 1151 1 460823864
1 1 3964 3 707696279
1 1 1490 1 751862478
1 1 482 2 259274063
1 1 705 4 541545573
1 1 1835 1 167768545
1 1 1873 3 678386412
1 1 2455 1 353274013
1 1 1900 4 134240988
1 1 3703 3 101296432
1 1 3754 2 953138883
2 951 3488
1 1 1346 4 580178606
1 1 2070 3 808008696
2 740 246
1 1 768 1 855921401
2 1060 2288
1 0 1404 4 320727371
1 0 2659 4 648370170
1 0 3264 1 526973237
2 39 516
2 1009 1415
1 0 466 4 12093760
1 0 2821 1 316293424
1 1 1609 1 903728633
1 0 354 1 992864601
1 1 633 4 680970676
2 619 1565
1 0 3955 2 834772689
2 1067 3145
1 0 1946 4 424695066
1 1 3041 4 898083075
1 1 1740 1 690976700
1 1 2715 1 402676893
1 0 1029 3 81487434
1 1 3600 3 527743179
1 0 3482 2 123648962
1 1 3602 4 479507257
1 0 3942 3 576401336
1 0 3917 1 221011034
1 0 3208 3 168457390
1 0 553 4 612345031
1 1 1734 3 315091277
2 2509 798
1 0 3120 4 713306785
1 1 3868 4 72237146
2 415 3552
1 0 2225 1 523953090
2 287 3995
1 0 1597 2 11567914
1 0 2707 4 299343740
1 1 1187 3 673347145
1 0 3539 4 747092920
1 1 2000 4 566152198
1 0 3362 2 207871884
1 0 3965 2 346639288
1 0 3822 4 281166385
1 1 3616 4 853119258
1 0 2248 2 364097767
1 1 1503 3 753786607
2 1162 1386
1 0 1023 1 809903926
1 0 2529 3 205082777
2 299 1811
2 2338 2414
1 0 503 4 455191212
1 0 1456 3 995485574
1 1 2290 4 147298477
1 0 2985 1 362046582
1 1 3601 1 391663590
1 1 3533 2 707248124
1 1 278 1 359015443
1 0 2132 2 423008210
1 0 1535 2 316060336
1 0 2282 2 280556275
1 1 3576 1 382313054
1 0 1719 4 642738818
1 0 1670 4 289256196
1 0 157 2 124787136
2 1079 2045
1 1 2366 3 946616822
1 0 936 4 433136632
1 1 3475 3 160720965
2 1776 3710
2 3728 3123
1 0 1813 2 172484876
1 1 3520 4 949769413
1 1 3104 3 210728342
1 1 2623 3 369648305
2 3089 3262
1 1 833 2 703332961
1 1 3656 3 24460201
1 0 2992 1 329882601
2 1971 2525
1 1 3519 3 423208529
1 1 175 1 94404557
1 0 3526 4 482671984
1 0 358 4 542690130
1 0 2364 2 287179119
1 0 678 4 18237348
1 0 935 3 995637360
2 2898 411
1 0 507 3 672247051
1 1 2169 4 77802960
1 0 234 1 221112727
1 0 2486 4 10685903
1 1 245 1 638467488
2 1936 84
1 1 374 3 693296634
2 3006 3507
2 1182 1610
1 0 623 2 634136194
1 0 3682 4 120971381
1 0 707 1 487227836
1 1 3422 2 398995227
2 20 1702
1 0 3842 1 161700086
1 1 3230 1 696910324
1 0 1630 3 219539854
1 0 956 3 976256794
1 0 3782 4 926182222
2 3996 2912
1 0 1494 2 415279812
2 1249 248
1 0 659 4 174867538
2 985 2864
1 1 2910 3 270351573
1 1 3672 1 523033409
1 1 3363 3 126740254
1 1 3086 1 492226468
1 0 54 3 122528962
1 1 3441 2 34737876
1 1 185 2 862014116
1 1 2976 1 426929519
1 1 1988 2 640887729
2 1675 2255
1 1 1584 3 852300138
1 0 2614 4 759529848
1 1 3397 4 628811391
1 0 1082 1 983528053
1 1 3755 2 49400505
1 1 1939 1 674200183
1 0 2879 4 915253832
2 3785 1162
2 251 1369
1 0 2752 1 211652919
1 0 3083 3 148353871
1 1 3405 3 487211525
1 0 1057 1 817318475
1 0 2451 3 34181932
1 0 3597 3 177966823
1 0 1952 3 608519452
1 1 3725 4 967597048
2 1077 2430
1 1 339 2 122077261
1 0 2414 4 983069175
1 0 354 4 64235821
2 3854 2641
1 0 540 1 443731274
1 0 2989 2 542460225
2 3344 3739
2 863 2211
1 1 634 1 214188946
1 0 1381 2 293400720
1 0 1026 3 69049654
1 1 3752 4 478212438
1 0 1994 1 839953448
1 0 1257 4 496678608
1 1 2066 3 982528081
1 0 2582 2 707002932
1 0 3953 4 321665807
1 0 362 3 332884851
1 1 633 4 128478075
1 0 1873 2 397819333
2 2298 3677
1 0 2711 1 750203949
1 1 2559 1 786368600
2 2346 918
1 0 3515 3 795486820
2 1022 3751
1 1 2019 2 693835216
1 0 1737 2 349884823
1 0 1595 2 700748358
1 1 2645 2 747026360
1 0 614 1 975060553
1 1 2182 1 495528794
1 1 1729 3 981898770
2 2439 1047
1 1 2061 1 274226429
1 1 1841 2 901639863
1 0 730 3 113503593
1 1 43 2 514266485
2 2262 2340
2 1627 2318
1 1 1657 3 376023206
2 3964 1576
2 1081 231
1 0 1444 3 796482008
1 1 3411 1 701240669
1 0 3307 2 670498332
1 0 1530 2 274728577
1 0 3620 2 547652440
1 0 3562 4 310506681
2 810 3293
1 1 3766 4 950537237
1 0 678 4 930000851
2 1974 1307
1 1 172 4 142810876
1 1 1762 1 605405003
2 3777 1467
1 0 42 1 87185479
1 1 1593 1 188749899
1 0 2881 3 26588010
1 1 3983 2 624313353
1 0 1295 3 106626773
1 1 718 2 996355173
1 0 1843 4 525495163
1 1 3808 1 874127438
1 0 2704 1 587600034
1 1 205 3 177185572
1 1 2102 3 627865700
1 0 3883 4 711168941
1 0 2459 4 750095376
1 1 3975 2 645511627
1 1 1120 4 870390873
2 1453 3263
1 0 3878 3 551007365
2 942 967
1 1 1684 1 767995601
1 0 3425 4 853437390
1 0 1897 1 152181135
2 2617 2149
1 1 3411 4 5275695
1 0 3326 2 574924937
1 0 146 3 223540792
1 0 1154 1 549138472
2 901 861
1 0 1250 2 213651079
1 1 1335 4 649843158
2 1944 783
1 0 3948 2 123384918
1 0 221 4 574737916
1 0 1821 2 745695499
1 1 3193 1 606748128
1 0 1618 1 572931534
1 1 3924 1 67303061
1 0 2850 4 478978135
1 1 1324 3 555105728
1 0 3895 3 22526922
1 1 2926 1 927229642
1 1 1182 3 589428470
1 0 636 3 374111629
1 1 1425 4 910591239
1 1 1150 1 425796221
1 0 2149 4 677783923
1 0 2311 4 747048989
1 0 1507 3 757411995
1 1 245 2 561771961
1 1 2 4 883129326
1 0 3440 4 70364384
2 48 2356
1 0 2341 3 243528644
2 2410 3513
1 0 1272 4 751227968
2 2412 1383
1 0 224 2 19933399
1 0 3999 4 362325937
1 0 2479 2 909151404
1 0 3263 4 342806085
1 0 2079 1 448461339
2 1599 3389
2 1656 559
1 0 2706 2 225976178
2 1927 1719
1 1 2553 3 618052739
2 1768 2470
1 1 706 4 911736767
1 1 3561 3 127033541
1 0 1213 3 183911414
1 0 3630 1 861237996
1 0 51 3 691093729
2 2959 2575
1 1 2266 1 942476236
1 0 1629 4 836621209
1 0 598 2 817865657
1 0 3586 2 144322453
1 0 3727 1 17007916
1 1 1330 3 853771790
2 1292 2886
1 0 3199 4 399170962
1 0 1168 1 918283840
2 2941 265
1 1 514 3 469794896
1 1 1401 2 442408000
1 0 1578 3 472615540
1 0 461 1 574202622
2 449 2797
1 0 2828 3 536678732
1 1 2597 2 439483748
1 0 676 4 612267538
1 1 1519 4 601337777
1 1 3117 2 715901256
1 1 405 1 757983410
2 988 1738
1 0 2823 2 666811863
1 1 1796 2 749514175
1 1 1802 3 265482681
1 1 3365 2 31518121
1 0 2160 4 872551903
2 956 2847
1 0 3230 4 35886116
1 1 2210 2 690037819
1 1 735 1 162741050
1 0 3997 2 244260129
1 1 1892 4 91899625
1 1 1414 2 406097712
1 0 1649 4 436361546
1 1 3856 1 862664524
1 0 2138 2 398593215
1 0 756 1 973627663
2 1127 1008
2 1558 1151
1 1 1188 4 535017986
1 0 1343 3 179938832
1 1 3982 3 296750586
1 1 3620 4 446023724
2 2401 3582
1 1 3681 1 349220213
1 1 2448 2 389568036
1 1 3818 3 6311333
1 1 2125 1 778803332
1 1 2221 1 106555321
1 1 3627 1 82059045
1 1 3960 3 684480748
1 0 3695 2 159532944
1 0 945 4 161959732
1 0 2239 3 202397144
1 1 3156 1 460287383
1 1 1719 3 903152029
1 0 833 2 718283666
1 1 3865 1 417666824
1 0 3357 1 720698157
1 1 308 3 897234959
2 2440 1595
2 544 1629
1 1 488 2 266638038
2 74 869
1 1 3772 3 331237973
2 1523 2568
2 2737 1938
1 0 2424 4 339115622
1 0 3847 4 365024538
1 1 3732 3 200111695
1 1 3478 4 693153862
2 3596 1226
1 0 331 2 51128115
1 1 2342 1 609295088
1 0 2497 1 451557403
2 8 2976
1 0 534 4 429196335
2 2405 2999
1 0 1560 3 722139982
2 1082 3381
2 2326 3267
1 1 1634 1 777540479
2 1941 1517
1 1 3650 3 793367318
2 1912 3247
2 2674 850
2 3608 3072
1 1 234 4 979806833
2 343 1742
1 1 304 4 211385719
1 1 1669 2 424872541
1 0 4000 1 94521943
1 1 2707 1 845178966
1 1 3257 4 540887063
1 0 710 4 165487013
1 1 1506 2 200711875
1 1 3387 1 785920727
1 0 419 4 30879836
1 0 297 1 188802900
1 1 1072 1 535613436
1 0 3181 1 268227164
1 0 3142 2 499536439
1 0 1496 2 963638221
1 1 601 4 721692208
1 1 1893 3 925879043
1 1 1585 2 409778738
1 0 1849 1 989065647
1 0 1380 4 327022690
1 0 2276 3 518279992
2 283 1614
1 0 158 2 278535986
1 0 3799 2 534850984
1 1 1630 2 425638651
1 1 2647 1 477281370
1 1 648 3 854623637
2 333 3941
1 1 2571 3 603167610
1 0 1422 3 623623033
2 92 2260
2 1512 2537
2 2495 282
1 1 1519 1 688195723
2 69 2072
1 1 2848 1 211794671
1 1 369 4 866444681
2 833 453
1 0 1271 3 868684046
1 0 1600 4 467499263
1 1 3663 4 560332238
1 1 640 2 228471558
1 0 2753 2 68835876
1 0 158 1 941137166
1 1 2636 2 972800124
1 1 564 3 991354766
1 1 1106 1 403976765
1 1 2437 2 693005189
1 0 919 2 948337000
1 1 1258 3 132143152
1 0 76 1 311053845
1 0 405 3 883945019
1 0 1143 3 644373209
1 1 963 1 858768246
1 0 1954 3 142303754
1 0 3234 2 444942990
1 1 2636 3 712152809
1 1 1220 2 27340237
1 0 63 2 737405925
1 1 2147 2 673374494
1 0 3886 3 440164002
2 1813 331
1 0 2994 4 260598511
1 1 2317 3 639382812
1 1 733 1 503092863
1 1 1445 3 413636526
1 0 882 3 736898491
1 0 1478 3 925461571
1 0 3006 2 425168631
1 1 3362 2 530188790
2 2173 406
1 0 1228 3 988258251
2 1981 2110
1 0 700 3 701845933
1 0 2213 3 256473431
1 1 2965 4 783146480
2 818 2638
1 1 3985 4 251139156
1 1 3718 4 410502355
2 3255 2825
2 2470 628
1 1 1321 3 186683903
1 1 223 3 426743170
1 0 2301 4 213078886
1 0 1797 1 499358027
1 1 1300 3 116673694
1 0 2862 3 720388661
1 1 2890 1 500529130
1 0 373 1 582030607
2 564 3332
1 0 787 1 31350940
1 0 3670 3 693166987
1 1 1347 3 801178401
1 0 1585 2 218681408
1 1 1501 3 892068498
1 1 2532 3 10799938
1 0 2320 1 759711891
2 1044 2531
1 1 3953 2 604250710
1 0 1318 3 37777512
1 0 1617 4 106678461
2 3548 1894
1 0 2334 2 40162609
1 0 2231 3 970713652
1 1 1765 4 251509235
1 0 940 2 283914807
1 1 30 1 929168971
1 1 1135 3 542094584
2 492 1713
1 0 3842 4 405451428
1 1 2086 3 493638427
1 0 895 2 194984651
1 0 363 4 568657515
1 0 3744 1 618924165
1 1 1032 2 90847804
1 1 2423 4 860175193
1 1 3493 1 479254462
1 0 3254 2 134962948
1 0 1539 4 8627144
1 0 2727 1 614018118
1 1 1595 3 970925682
1 0 2148 4 443980499
1 1 2845 3 127331730
1 1 3117 1 926572477
1 0 2531 2 820549229
1 0 2219 1 588586985
1 0 3027 2 327944118
1 0 152 3 128061549
1 1 429 3 463321529
1 1 268 2 563847392
1 0 3003 1 908300576
1 0 1601 3 364091064
1 0 940 2 590228721
2 385 2474
1 0 3411 2 601498912
1 0 1783 1 254464411
2 664 1355
1 0 1972 4 371119568
1 1 3487 3 218075707
1 1 2509 2 923088875
2 3345 878
1 1 1934 2 3343609
1 1 1378 1 189384774
1 1 3922 4 190360190
1 0 624 1 872226920
1 1 3023 2 307707307
2 2091 3056
1 0 287 1 376714873
1 0 2671 2 945549309
1 0 1641 3 284953735
1 0 2359 3 36447745
2 65 3498
1 0 3257 2 859828426
1 1 708 1 371915440
2 921 2761
1 1 211 3 214651132
1 0 2260 4 397380526
1 0 3490 1 616932528
1 1 3035 1 152679436
1 1 2812 2 945378512
1 0 438 2 802761937
1 1 2210 4 853431449
1 1 1507 2 829064772
1 0 1933 3 939165176
1 0 754 3 783701737
1 1 835 3 287821379
1 0 2985 4 914434175
1 0 3486 1 852609715
1 0 1251 1 936525842
1 0 3617 2 577404165
1 0 1477 3 7251047
1 0 2577 2 252234726
1 0 3809 2 402540518
2 2494 1916
1 1 3047 3 197413921
1 0 944 4 66652160
1 1 3233 4 452306407
1 0 2420 3 681878091
1 0 1530 1 438251988
1 0 1621 3 64072838
2 3205 422
1 0 1582 2 179009705
1 1 233 1 342026323
1 1 373 1 533938446
2 2371 3954
1 1 1610 2 452149560
1 0 1556 1 651576844
1 0 3911 4 208516602
1 1 129 1 112534941
1 0 3458 4 511943538
1 1 2802 4 293205791
1 0 3614 3 401937981
1 1 2535 4 259202416
2 2666 2796
1 0 3482 2 366710805
1 0 1049 1 887214459
2 2587 1960
1 0 1798 2 790102525
1 1 2845 2 788807725
1 0 2638 3 69499674
1 1 1213 4 174104306
1 1 3314 3 234556597
1 0 1667 2 985286350
1 0 2759 1 333897000
1 1 1208 1 617783692
1 1 1829 2 791883149
2 1943 3472
1 0 3431 1 902794542
1 1 1337 2 978708880
1 0 2211 4 895331443
1 0 277 1 520553995
1 1 3772 4 667167735
1 1 1523 4 653004014
1 1 2676 2 323837257
2 3293 1681
1 0 3835 3 96059176
1 0 1922 1 364866534
2 281 1476
1 0 3149 1 217120364
2 1549 2392
1 0 1710 3 663208142
1 0 7 2 778869313
1 1 3029 4 753955139
1 0 2110 3 635136832
1 1 3239 3 329474005
1 0 1174 4 179178152
1 0 2555 1 778268303
1 0 783 1 26454231
1 1 413 2 167264169
1 0 3428 1 585169089
1 0 2443 3 821747418
1 0 1463 1 270105454
1 1 1411 2 967906740
1 0 1287 4 259730268
1 1 1885 3 310630748
1 1 2037 4 252205731
1 0 284 1 509673297
2 870 259
1 1 43 4 294972464
2 955 152
2 661 3969
2 2545 2496
2 1713 3483
1 0 396 1 497000715
1 0 2478 3 911206400
2 3419 167
1 1 334 2 72304638
1 1 3470 3 226395935
1 0 683 3 773525302
1 0 1126 4 249951240
2 2236 3111
1 1 854 1 2402839
1 1 2369 4 98657533
2 1498 1067
1 0 2221 2 299793053
1 1 1556 1 743705429
2 116 878
1 0 3365 1 557625884
2 3750 3931
2 3077 2114
1 0 1187 1 654633589
1 0 2218 2 427925882
1 1 767 3 463501281
1 1 832 1 53285905
1 0 1266 1 798064284
1 0 3350 2 498241877
2 36 3349
2 3983 2423
2 3107 2569
1 0 73 3 824266296
1 1 2928 1 625840260
1 1 2411 1 151638600
1 0 2931 2 405178090
1 0 2860 2 642510926
1 0 1280 1 301321734
2 3087 436
1 1 2083 2 282645216
1 0 1074 4 308953890
1 1 2239 3 652943347
1 1 3401 4 441474240
1 1 1485 3 487312199
1 1 3230 4 486849778
1 0 2327 2 691278784
1 1 3119 2 620817504
1 1 2448 4 447115134
1 1 1823 2 522169239
1 0 1842 1 366244862
1 1 2017 4 992613471
1 0 989 4 515276900
1 0 2585 4 722893434
1 1 1231 1 723480176
2 1273 1687
2 2624 1096
1 0 660 1 307476068
1 0 543 4 591997823
1 1 2030 1 221336241
1 1 2234 1 591456015
1 0 2059 2 258624635
1 0 173 1 345894011
2 129 887
2 2871 3426
2 3055 549
1 1 1212 4 116217003
1 0 3276 2 642720746
2 1010 1762
1 1 2207 1 612223966
1 1 2344 1 395527913
1 0 1041 3 217635037
1 1 1731 4 24031137
1 0 946 4 453725120
1 0 1204 3 730660995
2 3055 3099
1 1 1005 1 389716299
1 0 3213 3 881199978
1 0 2104 3 881135648
2 2250 1301
1 0 3498 4 262356064
1 1 2806 3 860262819
1 0 515 1 425561428
1 1 368 3 352708815
1 1 2968 4 790897185
1 0 329 2 491316873
1 1 931 3 245679289
1 0 2031 3 246455309
1 0 3839 1 233577012
1 0 1670 2 338085177
2 2768 1643
1 0 3794 1 103825466
2 2790 2972
1 0 1691 3 570632216
1 1 1626 2 306951185
1 0 945 1 406300720
1 1 281 3 371817295
1 0 3858 4 629233639
1 1 710 1 983997866
1 1 1326 1 610929606
1 0 1527 3 728388166
2 3782 3469
1 0 3576 1 403914042
1 1 2042 2 324292148
1 0 2005 3 537429333
1 0 337 1 487409461
1 1 960 1 302196941
1 0 473 4 663933773
2 1749 689
1 1 2082 4 111699671
1 0 2150 2 466006445
1 0 892 1 315578684
2 2542 3089
1 1 2862 2 327424400
1 1 1794 3 977669437
2 3606 2378
1 1 1875 4 972839507
1 1 1662 2 788006996
1 0 1325 2 580186149
1 1 402 3 905935796
1 0 3943 2 763044578
1 1 4000 1 704386798
1 1 312 3 149568813
1 1 1310 4 864038405
1 0 222 2 670904305
1 0 3387 4 821695729
1 0 1951 4 364071416
1 0 3352 3 488538198
1 1 2398 1 596186874
1 1 1608 4 459951158
1 1 2897 3 279403317
1 0 2721 3 352221464
1 1 216 2 992929354
2 3487 327
2 1750 3964
1 0 912 3 52359445
1 1 1367 2 984472664
1 1 413 3 628301976
2 2545 151
2 1062 3430
1 0 91 3 512424258
1 1 1470 1 727080233
1 0 2934 1 22959977
1 1 1433 1 910529517
1 0 3907 4 336102360
1 0 771 3 718286183
2 1006 112
2 3787 2964
2 3495 745
1 1 3823 3 975810841
1 1 1298 4 486798172
1 1 3386 3 669876661
1 1 3495 1 980339607
1 0 3283 3 674297864
1 1 1207 2 965810090
1 0 3160 2 972810027
2 110 2265
1 0 3686 4 682885432
1 1 3988 2 375050773
1 0 3636 1 62564380
2 3922 2333
1 0 56 1 184356817
1 0 942 3 580309409
1 1 951 3 577098419
1 0 2493 2 169208355
1 0 1938 1 719349151
1 1 2773 1 88860940
1 0 756 1 909382701
1 1 2234 4 135864297
1 1 3765 1 758068434
1 0 267 3 735872962
2 2880 3847
1 0 438 1 35214235
1 0 3814 4 603512658
1 0 1446 2 660108572
1 1 3827 1 667154545
1 0 2821 4 397801632
1 1 1361 4 591558803
1 0 1981 3 260278670
1 0 1593 2 547596520
1 1 859 1 593473061
1 0 3215 1 358156853
1 1 2487 1 656931125
1 1 879 4 248372200
1 1 1679 2 191676206
2 3595 1045
1 1 3502 3 304016358
1 1 1032 4 882502181
1 1 1290 1 461184207
1 1 946 1 166506990
1 0 3867 1 166183005
1 1 3981 4 453082117
1 0 705 4 672047919
1 1 3945 1 1645476
1 1 3002 3 70474196
1 1 555 2 837511379
1 1 405 2 226444148
2 553 3409
1 0 1686 1 216142119
2 3121 1769
1 1 1794 4 227422187
1 1 552 1 187924145
1 0 555 2 835995687
1 0 1993 3 852033607
1 0 1634 1 349726513
1 0 956 3 256210000
2 1061 460
1 1 3521 3 926034087
1 1 560 2 416209556
1 0 2499 1 666120899
1 0 154 3 796330178
1 1 1523 4 299606987
1 0 2219 3 804356760
1 0 2207 4 340428253
2 182 2031
1 0 3343 2 960179002
1 1 2339 4 669299303
2 783 3791
1 1 1788 2 630070693
1 1 207 4 564209779
1 1 397 1 936472135
1 1 3281 4 920813329
2 2938 1661
1 0 3012 3 566230310
1 1 569 3 874938277
1 0 3742 4 216748415
1 0 1791 4 796538498
1 0 1159 3 988403923
1 0 3081 2 470187487
1 1 3508 1 955269752
1 1 2792 4 695168561
1 1 3551 4 947979559
2 1922 3218
1 1 455 3 959471149
1 0 3405 2 99222286
1 1 2724 4 135047537
1 1 1639 2 965676583
1 1 618 4 291676026
1 1 2159 3 806587592
1 0 3461 4 835959277
2 2332 1828
1 0 1171 4 787821804
1 0 3734 3 711582862
1 0 3088 3 577399036
1 0 1444 4 857665905
1 0 3916 2 609926731
2 422 1738
2 803 2734
1 0 3777 1 935490084
1 1 1478 4 609447751
1 0 2016 1 980709266
2 2851 1280
1 1 769 4 279100554
1 1 1570 2 710986215
1 1 2133 2 136946860
1 0 2712 1 320440524
1 0 3057 2 970202585
2 326 2969
1 0 2165 3 542518811
1 1 2703 3 405440677
1 0 79 1 862297
2 3820 1504
1 1 3907 2 808223346
1 0 2318 2 190863803
1 1 1346 1 462693820
2 3055 2137
2 1372 2679
1 0 3390 3 822698598
1 1 931 2 289044196
1 1 665 2 459263624
1 0 1765 1 496762650
1 1 1465 1 26027484
1 1 3995 4 872815584
2 2142 1674
1 0 1948 4 296054091
1 1 815 3 190240287
1 0 3834 3 38073325
1 0 1923 1 537063109
1 1 1987 3 877657485
1 0 3070 4 44020697
1 0 541 4 370794182
1 0 3372 4 568722021
1 0 1592 2 314943559
1 1 3312 2 60411808
1 0 59 2 811334877
2 3510 881
1 1 666 1 197560827
2 3643 3455
1 0 2946 1 730975478
1 1 1734 2 477481113
1 1 2649 4 912413103
2 1482 417
2 1673 2420
1 0 3403 1 886380785
1 0 162 1 954996391
1 1 2840 4 224423534
1 0 534 4 391905601
1 1 1355 2 616420780
1 1 2407 1 681320530
1 1 784 1 259817263
1 1 2011 3 615038636
1 0 2734 4 532376839
1 0 913 4 490289166
2 3788 66
1 1 2895 1 729767696
1 1 2162 2 485840844
1 0 1192 3 763932784
1 0 1102 1 292311608
1 1 172 2 625156087
1 0 200 1 121331845
1 1 1814 3 1527706
1 0 3091 3 934384112
1 0 1049 1 611735332
1 1 639 2 635643309
1 0 76 4 976219840
1 0 833 1 213033093
1 1 1364 2 566625286
1 0 2003 4 961922629
1 1 3109 4 553918565
1 0 2697 2 348342398
1 1 1393 3 357610934
1 0 2199 1 267224391
1 0 1674 1 921981777
1 1 3088 1 125477733
1 0 3142 2 88656575
1 0 2505 4 20884205
1 1 767 1 322402810
1 1 445 1 232713876
1 0 109 1 301512977
1 0 518 4 344046746
1 1 640 4 546745716
1 1 271 1 905977319
2 2126 2976
1 1 2483 1 946518251
1 1 1490 1 293517363
1 0 1320 2 232260714
1 1 2526 2 425349479
2 1171 3309
1 1 950 1 58922058
1 1 3522 4 206352944
1 0 1967 2 186873330
2 2984 2745
1 0 3608 1 878172710
1 1 531 3 619732881
1 0 24 4 374703527
2 2381 1209
2 171 744
1 1 3803 2 74483025
1 1 1070 3 592008718
1 1 775 2 131143228
1 0 421 4 510243311
1 0 3468 4 318140675
1 0 285 3 203200597
1 0 2794 3 686430090
1 1 2764 3 467173857
2 3382 2641
1 0 2037 4 293479806
1 1 3527 3 659961982
2 3691 3377
1 1 3162 4 290123790
1 0 1439 1 396627007
1 0 1152 3 522594347
2 2706 1722
1 1 2228 2 278092406
1 0 287 1 89021897
1 1 2369 3 109762800
1 1 314 4 104238017
1 1 551 1 313910485
2 1744 1134
1 1 3870 2 555705800
1 0 2500 1 414879721
1 1 3952 2 851447113
1 1 855 3 899552061
2 910 1388
1 0 2060 1 604399387
1 1 1588 1 895477665
1 1 210 2 704152671
1 1 2929 1 709353724
2 815 2188
1 1 3137 1 2880543
2 1532 3528
1 0 2366 1 408985931
1 0 286 3 824310409
1 1 3019 3 10987699
1 0 236 2 351097358
1 1 2669 4 711296032
1 1 1405 1 349166469
1 0 2215 2 616152103
1 1 3029 1 489594047
1 0 3247 3 246149941
2 198 1860
1 0 1323 1 97391274
2 3859 3311
1 1 639 4 439323053
1 0 1350 3 237496348
2 2592 1368
2 461 3758
1 0 1874 1 498596934
2 3083 3063
1 0 2812 4 200313783
2 3626 2044
1 0 2972 1 230279328
1 1 2508 4 825506613
1 1 2403 2 176656101
1 0 1352 3 333550682
1 0 499 2 309867927
1 1 1442 4 770445928
1 1 3220 3 904429185
2 2731 724
1 0 1870 3 93075317
1 0 2888 2 409337383
1 0 1102 2 97081295
1 1 3964 4 476886221
1 1 2285 4 399164745
1 1 814 1 612146505
1 0 1812 1 288761096
1 0 2972 2 71931023
1 1 1660 3 998407339
1 0 2350 1 470373264
1 1 1399 1 462434141
1 0 1327 4 799629023
1 0 1581 2 871334461
1 0 765 4 857273122
1 0 834 4 899249134
1 0 2767 2 459098152
1 0 3068 2 679467518
1 1 1135 1 263697520
1 1 2643 4 342713921
1 0 2900 1 289728943
2 3048 2280
1 0 1165 1 40318741
1 1 2297 4 509967731
2 1722 3022
1 1 1704 1 204000881
2 1692 1561
2 1418 311
1 1 2405 3 452903070
1 1 623 4 923154788
1 1 3509 2 967970207
1 1 3041 1 532746558
2 1990 2714
1 0 3391 3 557585126
2 1113 3816
2 3960 2529
1 1 608 1 974704828
1 0 553 2 969287740
1 0 1352 3 964101118
1 1 3352 2 294977915
2 3577 1257
1 1 2987 3 999091606
1 1 1935 2 569268293
1 0 3519 2 502848463
2 2065 3367
1 1 3982 4 593790114
1 1 2401 1 630615760
1 0 3629 2 600548693
1 1 1551 2 847603007
2 77 1656
1 1 2224 1 913064626
2 866 3941
1 0 1066 2 167138306
1 1 3797 1 836276286
1 0 884 1 156080757
2 1897 258
1 1 2503 3 617926100
1 0 3750 1 903773917
1 0 3131 3 650408872
1 0 238 1 520334924
1 0 2082 4 984236193
1 1 821 1 4986284
1 1 1345 3 965870869
1 0 3256 4 854389859
2 2626 631
1 0 3586 2 420782139
1 0 3111 4 947948963
1 1 1790 4 174772246
2 2871 2668
1 1 2937 1 946647527
1 0 911 3 37642968
1 1 2168 1 551244872
1 0 1341 3 917937325
1 0 3897 1 40554700
1 1 2858 2 210096931
1 0 681 3 777062321
1 0 209 2 307931114
2 485 3489
1 1 796 1 532831052
1 1 1142 1 586600202
1 1 2757 3 737744796
1 1 1745 3 118466825
1 1 518 2 227395048
2 3887 2352
1 1 858 1 738242664
1 0 550 2 373610600
1 1 2711 1 416189259
1 1 2400 2 716094473
1 1 1010 4 152949198
1 1 608 2 851817279
2 1547 951
2 3061 3945
1 0 3283 4 679710403
1 1 647 1 720078620
1 0 702 4 13115235
1 0 169 3 501196575
1 0 2842 3 990174475
1 0 3270 4 666041930
1 1 258 3 908449101
2 3852 1358
1 0 922 3 191327607
1 1 335 3 643313971
1 1 2234 2 401725525
1 1 2629 3 719205002
1 1 1032 4 354984898
2 1077 2999
1 0 3153 4 26598184
1 0 2361 3 539027383
1 0 2564 1 610096191
1 0 1449 2 202260273
1 0 3997 4 244709852
1 0 1106 2 730965087
1 0 2679 3 726615894
1 0 1278 4 497233668
2 3481 754
1 0 256 2 688571637
1 0 1482 2 481999712
1 0 404 3 261922136
1 1 2819 2 797980143
1 1 782 2 746506379
1 0 1205 2 62566548
1 1 3331 2 927957667
1 1 705 4 872169897
1 1 2279 4 154558102
1 1 1528 3 700871795
1 1 608 3 213391762
1 0 3599 2 36863184
1 1 1629 1 428111924
1 0 2448 1 317458553
2 1711 3964
1 0 3335 4 947521207
2 2393 1557
1 0 93 3 351890376
1 0 3821 2 183940771
2 479 2576
1 1 1196 1 259773021
1 0 2896 4 355252330
1 0 945 4 523451690
2 581 2711
2 1038 39
2 1069 1048
2 3110 1599
1 0 93 3 610596854
2 615 1873
1 0 3210 2 630437494
2 2934 151
1 0 46 1 204728299
1 1 3081 2 936739772
1 0 1540 4 988714355
2 515 3257
1 1 3204 4 718694021
1 0 3595 3 379486804
1 0 2450 2 819851836
1 1 2896 3 317126163
2 3320 71
1 1 260 3 431795293
1 0 620 3 908836387
1 1 3515 3 400725034
1 0 2217 3 731500753
2 1764 1796
1 1 1795 2 812894581
1 0 2145 3 679796518
1 1 2001 2 125180839
2 2736 3591
1 0 459 3 11905958
1 1 2123 4 385366737
1 0 3823 2 783833849
1 1 1335 2 770503144
1 1 2585 2 840180986
1 0 2997 3 281950009
1 1 2302 1 16017178
1 1 2766 1 28294136
1 0 2226 3 376650421
1 1 39 1 285067341
1 1 120 1 623916687
2 1536 2552
2 2430 3571
2 1500 2881
1 0 3483 2 867306647
1 1 840 4 764781242
1 1 1248 1 901634616
2 971 3029
1 0 1230 2 908298593
1 0 71 2 151844680
1 1 395 2 638140540
1 0 2631 2 921956383
1 1 176 2 650272246
1 0 2372 4 382385891
1 0 993 3 163845948
1 1 1294 1 111884965
1 0 5 2 841909382
1 1 3545 2 757159066
1 0 855 2 300148546
1 1 2329 1 869409452
1 1 1918 3 159917393
1 0 1030 2 713616486
1 1 2575 4 395441891
1 0 1306 4 725221723
1 0 3496 2 888977977
1 1 885 2 720661691
2 1407 2860
1 1 1469 4 890295640
1 0 1515 4 467205955
1 1 2921 4 761172396
1 1 762 1 565173530
1 0 2090 1 674742352
2 2269 2695
1 0 1011 2 786137704
1 0 1354 4 732383460
1 0 72 4 203239687
1 0 2021 4 459710385
1 0 3426 4 287114793
1 0 2470 4 830722217
2 1078 113
2 647 1192
1 1 984 4 226330629
1 0 3961 2 142155851
1 0 2420 1 186746601
2 3482 1229
1 0 560 4 849170972
1 0 13 4 637116462
1 0 2432 3 188169755
2 1415 802
2 866 2362
1 1 554 1 285854511
1 0 2334 2 300728216
1 0 3446 1 456463290
1 1 205 3 998263451
1 1 1249 3 479315557
2 726 1493
1 1 3996 3 205507076
1 1 2677 3 258277570
1 1 1141 4 643607170
2 3691 3990
1 0 1286 3 333009495
1 0 1427 1 60918184
1 0 64 3 645126042
1 0 2895 3 807709818
1 1 2570 1 284328859
1 1 1850 4 951796576
1 1 2861 4 91021870
1 0 2565 4 252055447
2 2833 3902
1 0 148 4 985526316
1 0 3213 3 941881192
1 1 1077 4 716993350
1 1 218 4 706023911
1 0 2134 2 278614907
1 0 2158 4 465291328
1 0 752 2 884522086
1 0 1752 3 236702315
1 1 301 3 149931165
2 1104 582
2 204 2065
2 2319 2344
1 0 1741 1 568163728
1 0 2351 2 387312891
1 1 2498 2 710643811
1 0 477 1 742149435
1 1 1492 4 967362944
1 0 976 2 435971553
1 0 1914 4 425276759
1 1 2268 3 937346267
1 0 233 3 130234586
1 0 3812 3 313460447
1 0 291 4 13066510
1 1 3231 4 272148220
2 3734 3127
2 1411 1870
2 1640 131
1 0 2959 2 982888204
1 0 1845 3 722351380
1 0 343 1 67063202
1 1 396 1 48958304
1 1 70 4 836828966
2 2262 3132
2 339 1226
1 0 118 1 61991891
1 0 726 3 279576808
1 0 2973 1 893775336
1 1 1663 1 738108646
1 0 2324 4 509545928
1 0 2137 4 68289278
2 2607 139
1 1 1813 3 212575815
1 1 3796 4 557019885
1 1 634 4 243520044
1 1 2411 2 133473590
1 0 2029 2 713664309
1 1 713 3 131942634
1 0 1284 4 128513308
1 0 2197 1 859869854
1 1 1244 2 784341544
1 1 1491 1 86986756
1 1 1643 3 685781485
1 0 1009 1 739747055
1 0 1018 1 88379147
1 0 20 2 879834004
2 1919 3604
1 1 1049 1 641817804
1 1 680 4 960092071
1 1 2008 1 816703174
2 3564 2743
1 0 2696 4 132816237
2 3644 2504
1 1 783 2 555232741
1 0 3825 4 760348383
1 1 2509 1 97650714
1 1 1149 1 340164385
1 0 1652 2 179509097
1 1 3291 4 103529045
2 2386 3176
1 0 2133 3 582196447
1 0 2584 1 715995056
1 1 1966 1 874954237
1 1 2639 2 322192311
1 0 2350 3 167762703
2 3513 1945
2 2631 334
1 1 2334 4 795718554
1 0 1348 3 741438945
1 0 1242 4 316053068
1 0 3196 2 810851506
2 1860 2816
1 1 1403 1 426180481
2 549 787
1 0 1302 3 667248719
1 0 1737 2 9702968
1 0 1691 3 881833801
1 0 531 3 395090557
1 1 1441 4 34126659
2 3661 3173
1 1 1542 1 494545053
1 1 2857 3 915608264
1 1 416 4 988312084
1 0 2419 1 180559820
1 1 490 4 80407564
2 2559 3169
1 0 3301 2 729562590
1 0 1608 1 790828270
1 1 2567 2 353238361
1 1 2820 2 973858633
1 1 3568 2 844102982
1 1 379 3 713735541
1 0 171 3 207508142
2 2295 261
1 0 3696 4 169172697
2 757 2407
2 3175 3212
1 0 37 3 680712034
1 1 2343 3 297548520
1 1 3050 1 470833131
2 2315 2071
1 0 3619 1 183687348
1 1 1399 4 833327743
1 0 137 2 845341708
2 184 278
1 0 588 3 979999385
2 791 1937
1 0 1810 2 436975193
1 1 2449 3 408065704
1 1 3354 2 937383417
1 1 2244 3 549657654
1 0 1556 3 798894671
2 2629 2009
1 1 550 2 91952379
1 1 1526 4 302467600
1 1 3735 4 331173888
1 1 1798 4 737995828
1 1 2662 1 761433160
1 0 1090 1 95944211
1 0 391 1 179094662
1 0 3893 1 927687621
1 0 3861 3 481834122
2 551 170
1 1 627 2 365144329
1 1 896 4 805718512
1 1 1403 3 526213540
1 1 456 2 611374580
1 1 3938 1 318387058
1 0 2251 4 27653400
1 1 1005 4 193211571
2 470 2191
1 1 1512 3 206832940
1 0 568 1 809610370
2 145 3775
2 2122 3570
1 1 3330 3 448235555
1 1 1781 1 931509752
1 1 3033 3 706928613
1 0 473 2 283896768
1 1 2562 1 807186564
2 1772 2525
1 0 1754 4 307218588
2 231 3324
1 0 1285 2 127413656
2 511 2678
1 0 3104 4 554051417
2 278 1199
2 2558 401
1 0 1068 1 186241029
1 0 2504 4 518025041
1 0 3957 3 810482724
2 744 3854
1 1 1299 4 146054259
1 0 1293 2 479423259
1 1 2552 3 545672843
1 0 1150 3 580343311
1 0 2643 2 770143505
2 2937 1189
1 1 444 3 873456622
1 1 496 1 240210667
1 1 52 2 177964308
1 1 420 1 856649130
1 1 3551 3 762730669
2 552 1143
2 3124 233
1 0 1576 4 199280929
1 0 3888 1 56631814
1 0 2418 4 450496409
2 2717 983
2 2619 2021
1 1 3069 4 100687281
1 1 2405 3 894676638
1 0 3348 3 697046129
2 1733 3883
1 1 3610 3 534417281
1 1 1065 4 983891916
1 0 3663 3 795211889
2 3837 3869
1 1 3721 4 67790158
1 1 3180 1 390058680
1 1 3972 4 285460393
1 0 2480 3 277387929
1 0 1478 1 116943034
1 1 255 4 818220990
2 1310 2723
1 1 1971 3 885284306
1 0 3874 2 973892468
1 1 3674 3 606418181
2 1403 3615
1 0 3816 1 658376528
1 0 3132 4 942208464
1 1 3098 3 563630694
1 0 89 3 203176877
1 0 600 3 549455116
1 1 354 4 31510168
1 0 977 3 415359478
1 1 3738 3 303793527
1 0 3232 1 195738375
2 1309 583
1 1 3954 4 834957471
1 1 98 3 814109575
1 0 937 1 298807078
1 0 3338 1 220691309
2 2849 86
2 2911 1927
1 1 2047 1 900373787
2 3497 2689
1 1 3264 1 376345021
1 1 3534 3 223799486
1 1 953 4 595586752
2 2872 2525
1 1 2458 1 950528357
1 1 3768 1 746362680
1 1 1823 3 743046858
1 0 3751 4 781178913
1 1 1937 1 594576318
1 0 1300 3 697508072
2 3792 3127
1 0 2548 2 807630870
1 0 847 4 508005406
2 1460 3990
2 3412 1425
1 0 1192 4 913995191
1 0 2087 1 891922128
1 1 657 3 57085059
2 3049 105
1 1 3915 3 41444746
1 1 2994 4 662813008
1 1 3871 1 390771206
1 0 2591 4 576710717
1 0 3589 3 710568365
2 3137 1834
1 0 348 3 897695050
1 1 2061 3 613169873
1 1 2696 1 42775593
1 1 2183 4 59439199
1 1 2972 3 664724562
1 0 1182 4 752592318
1 0 1867 3 443304747
1 1 2095 1 699217205
2 2980 3154
1 0 3232 3 447191599
1 1 727 2 772587562
1 0 2450 1 6919263
1 0 815 3 611005640
2 3334 3832
1 0 604 3 206320055
2 813 2597
1 0 3062 4 557251770
1 0 3689 4 287196444
1 0 3527 2 972020769
2 1096 3882
1 1 3569 1 756722726
2 461 391
1 1 1283 2 274659603
1 0 2430 3 97426691
1 1 621 1 459014959
2 1201 2991
1 0 468 2 231376891
2 1965 1095
1 1 1071 3 160282033
2 3353 870
2 2912 1607
1 0 1983 1 574607446
2 2815 1124
1 1 987 2 760798045
1 1 1387 2 302383258
1 0 822 3 218756215
1 1 2179 1 992866367
1 1 1365 2 274571888
1 0 2553 4 723926517
1 1 2810 1 233460439
1 0 721 2 583177657
1 0 1438 2 963077421
1 0 3655 4 453822898
1 0 1914 1 412403825
1 0 3448 3 240827276
2 1227 3719
1 0 114 4 496447729
1 1 3470 3 806032156
1 1 281 2 286611197
1 0 2978 4 633718383
1 1 3741 1 988519625
1 0 1751 3 821325860
1 0 1701 2 856728816
1 0 624 4 592361603
1 0 828 3 242955645
1 0 1505 3 812001347
1 1 936 1 485471218
1 1 206 4 496600925
1 0 2523 1 826688409
1 1 2909 4 643554251
1 1 3806 4 612552867
1 0 1563 1 883269003
1 1 3074 3 376394573
1 0 2343 1 114914333
2 774 152
1 0 1624 2 250083117
1 0 1363 3 103165956
1 1 204 1 300846589
1 0 2384 3 657022455
1 0 843 3 566901849
2 259 2167
1 1 2357 3 148854149
1 0 1544 4 63741207
2 3591 3616
2 1099 3692
2 3144 810
1 1 3603 4 399803862
1 0 3445 3 68660264
2 2797 2897
1 0 2709 1 545049079
1 1 1066 2 152599038
1 0 3588 3 701450686
1 0 112 3 276417389
2 2109 1934
2 1367 574
1 0 2366 4 148974166
1 1 2886 4 349130478
1 1 1069 3 489583870
2 3969 3040
2 602 852
2 3637 3879
1 0 1405 2 63914763
1 0 1788 2 578718165
1 1 2719 2 688099204
1 1 878 2 563837659
1 0 3811 2 419054336
1 0 2662 1 339866009
1 1 2287 2 830020544
2 1623 1772
1 0 2939 1 965436382
1 0 3933 2 591820962
1 1 1441 3 766030162
1 1 3137 3 696076964
1 1 441 4 804615790
1 0 3830 2 595671888
2 33 1906
1 1 3136 4 308135146
1 1 1255 2 775450823
2 1061 2912
1 1 3282 4 686825497
1 1 1846 2 310181738
2 1991 2396
2 2415 379
1 0 2055 1 154891667
2 1187 3536
1 1 3837 1 908529322
1 0 1346 2 499379713
1 1 73 4 393170896
1 0 783 3 121067538
2 143 2816
1 1 6 3 470926713
1 0 2189 3 573118396
1 1 152 1 696311456
1 0 2213 4 18814858
2 2927 3728
1 1 2804 1 221342967
1 0 1199 2 914095498
1 1 2470 4 529660763
1 0 507 1 89819214
1 0 1675 1 103942971
1 1 3444 3 753696459
2 944 1562
2 1907 17
1 0 2075 4 24417342
2 2724 3765
1 1 1336 4 925583250
2 796 2671
2 1026 2363
1 0 2852 4 652394958
1 0 3065 4 934795504
2 1523 3950
1 1 1597 1 671983718
2 1440 3978
1 0 3594 3 839688273
2 169 2287
1 0 1899 1 798414850
1 0 2892 2 347450690
1 0 1126 4 659822821
2 1827 3063
1 0 1419 4 543080694
1 0 2630 3 911727714
1 0 1868 4 100393684
1 0 2898 2 343740334
1 0 115 1 753659909
1 1 2421 1 652372235
1 0 1491 3 853470829
1 0 2282 4 533534550
1 0 1167 1 131236134
1 0 3889 4 619246375
1 0 2435 2 621250609
1 0 2670 3 957757773
1 0 3419 4 545238701
1 1 1527 2 461147877
1 1 1421 3 65239598
2 420 1591
1 1 2353 4 228398317
2 1848 2653
1 1 420 3 931567550
2 3488 2956
2 3617 1624
1 1 3660 3 724348379
1 1 377 2 313034324
2 2215 445
1 1 2541 4 869383205
1 0 3522 1 558457695
1 0 1343 1 475958718
1 0 3935 2 109393068
1 1 198 2 317351170
1 0 1703 3 818260202
1 0 3812 2 646011867
1 0 3748 4 591228261
1 1 1975 3 633437649
1 1 1304 4 67890737
1 1 190 1 957448337
1 1 2538 2 151392864
2 1139 790
1 0 3991 2 996186838
1 0 1504 2 195189200
2 2515 1154
1 0 373 2 867430482
1 0 2636 2 930611900
1 1 2866 2 896647503
1 1 2878 2 580873912
1 1 1080 1 650479970
1 0 149 4 562951605
1 0 2703 4 118242882
1 1 781 3 281212783
1 1 3321 4 818624521
1 0 426 4 417938332
1 0 2307 4 427897835
1 1 3716 4 587766395
1 0 2005 4 351152500
1 0 939 2 629669575
1 0 2090 4 98889090
1 0 597 3 250744236
1 1 3176 3 374886802
1 1 538 2 582917699
1 1 3435 2 718256782
1 0 3176 4 399372588
1 0 1301 3 562128698
1 1 1825 2 882497838
1 0 3287 4 720953799
1 0 1452 2 165955813
1 1 2577 4 489923275
1 1 1085 4 443778699
1 1 1400 4 524890300
1 1 1473 1 612589240
1 1 1074 2 509856660
1 1 991 3 460520727
1 0 2153 3 309912637
1 0 3569 1 294781886
1 1 1995 1 260707761
1 0 2542 2 400126545
1 0 1750 4 550819007
1 1 14 1 289803513
1 1 2428 4 96256268
2 126 3923
1 1 1272 2 956905964
2 500 3145
2 2327 947
1 1 3879 4 547875236
1 1 40 1 898649415
1 0 2088 2 115526606
1 0 111 3 386061654
2 2891 2344
1 1 2331 2 193261956
1 0 3431 2 662545420
1 0 718 4 682384930
1 0 886 1 948819022
1 1 1771 2 298661142
1 1 1595 4 21832044
1 1 3679 1 419266731
1 1 1096 4 303423170
2 525 2041
1 0 1064 3 245160906
1 1 1041 1 220660736
1 0 3634 2 6745888
1 0 221 4 833277488
1 1 2283 3 29295084
2 3956 2423
1 1 3133 2 842708980
1 1 3766 3 182130846
1 1 3994 4 259520979
1 0 1067 3 45248118
1 1 942 4 999248164
1 1 2945 4 552136411
1 1 1535 1 842085286
1 1 2876 4 688746931
2 1896 3326
2 1094 1698
2 1605 1181
1 1 185 1 67580163
1 0 3288 2 744194431
1 0 968 4 697802240
1 1 883 1 739657351
2 2037 2225
1 1 3684 4 614111480
1 0 3401 3 190955327
2 1216 1357
1 1 237 1 502902833
1 0 227 3 434476469
1 0 2916 1 352718201
1 1 222 2 317293216
1 1 3432 4 645541809
1 0 2481 2 725726214
1 0 629 4 466582075
2 3590 802
1 1 421 3 889399622
1 0 1160 1 821069363
1 1 2947 1 990527966
2 2106 3945
1 1 373 4 868578193
1 1 2068 2 140849423
2 3882 141
1 1 1296 2 442512807
1 1 1448 4 460408153
1 1 2154 2 534753675
1 1 3371 2 957060274
2 3015 1578
1 0 449 3 449982930
1 1 1749 3 276854556
1 1 1302 3 653095882
1 0 930 1 774528525
1 0 2852 3 794387895
1 0 2582 4 242017184
1 1 3502 1 20149770
1 0 2322 2 836001927
1 1 1084 1 681431891
1 1 3743 3 497770150
1 1 1627 4 472641292
1 1 747 4 907711318
2 2492 2530
2 593 1270
2 1673 2126
1 0 756 4 722594319
1 1 3035 2 331405282
1 1 1358 1 583299841
2 3765 1750
2 410 1327
1 0 3532 2 155070730
1 0 1525 4 254428975
1 0 189 2 19499783
1 0 2249 1 588920500
1 1 2251 3 436173558
1 1 968 4 537347298
1 0 960 1 957167948
1 1 1773 3 376751468
1 1 1334 1 485422786
1 0 1108 4 305999792
1 0 1564 1 290497478
1 1 511 2 21968
1 1 609 1 613215469
2 3480 1096
1 1 393 4 946939828
1 0 1095 2 556822139
2 3767 2267
1 0 2483 2 427769656
1 1 26 4 713089894
2 2394 2965
1 1 1662 1 796176754
2 895 1146
1 1 3815 1 94457664
2 3090 1606
2 3663 1263
1 0 1043 2 587393463
1 0 3782 1 371470292
1 0 1772 2 458230148
1 1 2102 3 881120600
2 3352 156
2 2162 2932
1 0 530 1 787995757
1 1 478 3 776507882
1 0 603 2 894329242
1 1 3971 3 708571627
1 0 1772 4 274980826
1 1 2338 3 535458496
1 0 3667 3 634412416
1 0 3492 4 328323959
2 1040 221
1 0 1613 4 554446396
1 0 3647 1 592223100
1 1 1602 4 460158361
1 0 2067 4 729728281
1 0 1628 2 236111906
1 1 2135 3 81392125
1 0 1923 4 371608233
1 0 3918 3 727304658
1 0 1247 1 744374944
2 2267 420
1 1 1635 1 185946304
1 1 2927 3 671196025
1 1 968 3 778990712
1 0 1408 1 399144931
1 1 2612 1 803185095
1 0 954 4 572460538
1 0 1780 3 607088133
1 0 1469 2 392257909
1 0 3121 2 162887539
2 2426 775
1 1 3434 1 682593936
1 0 2079 4 329711763
1 0 1755 1 613527796
1 0 1796 2 346640000
1 1 1424 3 803916237
1 1 2604 2 195818873
2 2686 2237
1 0 1328 2 4641651
1 0 94 4 110983888
1 1 3346 2 117415479
1 0 1125 4 652123418
1 1 448 2 310858191
2 1850 2213
1 0 1319 2 296799085
1 1 893 4 751370317
2 2582 2398
1 0 107 2 29467717
1 0 58 2 462306280
1 0 2245 4 944992875
1 0 826 3 765380065
1 1 1635 4 533100825
1 1 2152 2 642983421
1 0 3374 3 80735256
2 229 119
1 0 1717 3 558656936
1 1 2122 3 261968868
1 1 1966 3 411072819
1 1 3707 1 1281742
1 0 2933 1 91869134
1 1 2367 1 916371882
1 1 1214 2 471811311
1 0 3811 2 445388509
1 1 3213 2 271090859
1 0 80 2 648510788
2 910 1704
1 0 139 4 707104372
1 0 3150 4 683698714
2 2915 1869
1 1 3182 1 723604398
1 1 3919 2 572187226
1 0 3446 4 369194146
2 1001 1007
2 1511 2314
2 668 1074
1 1 1480 2 59669225
1 1 3433 2 25861537
1 1 2339 3 201590199
2 2627 1403
1 0 2393 2 395665774
1 0 3254 1 879197313
1 1 3424 1 314087898
1 0 1950 2 472433082
1 1 2892 1 212850139
1 1 2134 2 483671244
1 1 875 1 580985799
2 405 2868
1 0 2465 2 541275914
2 3400 2535
1 0 2272 4 724044987
1 1 3964 4 428678037
1 0 439 4 95823656
1 1 2353 1 471313312
1 1 2087 1 676184529
1 1 1284 1 489948314
1 0 2568 2 829973373
1 1 1133 3 952036786
1 0 562 2 627100882
1 1 2793 3 215533070
1 1 974 1 448530488
1 0 3280 4 723404303
1 0 1665 1 313730524
2 160 1324
2 618 2260
1 1 2548 2 465995766
1 0 2283 3 733014479
1 1 3128 4 850253525
1 1 1910 2 592177999
1 1 3373 4 611579463
2 1545 2933
1 0 3656 1 83457315
1 1 2318 4 503523058
2 2543 1029
1 1 3244 2 881352762
1 0 1668 1 476940642
1 1 1829 2 213907546
1 0 1980 1 430649037
2 659 437
2 3412 2003
1 0 911 4 374975888
1 0 2551 2 768170733
1 0 3373 2 285080932
1 1 1350 1 441566255
1 1 1566 4 967948067
1 1 1300 4 760314316
1 0 110 3 865083694
1 0 3284 2 578655002
1 1 2724 1 275194226
1 1 3725 1 833284645
1 1 1780 1 630482295
1 0 936 1 109567720
2 3629 1277
2 3861 1927
1 1 3878 3 854534756
1 0 406 1 583358118
1 1 1980 4 407164907
2 2210 3711
1 1 1826 4 367317190
1 1 3230 4 38613967
1 1 2672 3 529278428
1 1 2691 1 801819143
1 0 350 2 190948470
2 2771 3994
1 1 3042 4 451137055
2 473 3303
1 0 2731 4 293875211
2 3956 1106
1 1 218 2 702715563
1 0 1869 1 765667195
2 2520 2429
1 1 702 4 774141663
1 1 121 4 64657520
1 0 2235 2 72970447
2 3091 635
1 1 3043 4 595356931
1 1 531 3 775315082
1 1 449 4 5054272
2 1046 3035
1 0 2607 4 35048765
1 1 1778 4 632787819
1 1 3961 3 673915409
2 1486 191
1 0 294 4 855506516
1 0 52 1 611968969
1 1 1543 3 530837132
1 1 3022 2 997114931
1 1 959 4 427716918
1 1 727 2 317651514
1 1 2213 2 623568656
1 0 2063 2 326465042
1 1 685 2 954419135
1 1 114 3 396570667
1 0 148 1 956528790
1 0 3642 1 370082936
1 1 3395 3 376745425
2 3917 725
2 1027 354
1 1 1330 1 86774756
2 285 2890
2 187 2138
1 1 1502 1 603891509
2 1085 2475
2 2144 3739
1 1 2237 1 832577558
1 0 2432 4 270101260
1 1 3514 3 807564772
1 1 2477 2 671661153
1 1 2222 1 381729163
1 1 1601 1 797987828
1 0 1743 2 590175032
1 1 952 3 671918990
1 1 2956 4 454384902
1 1 2686 2 693528706
1 0 2916 3 29451072
2 668 3927
1 0 2342 1 108195248
1 0 42 2 377101360
1 0 2509 4 809970785
2 1960 1055
2 2487 206
1 0 855 1 64987273
2 1689 3162
1 1 392 2 639067097
1 1 173 3 407179614
1 0 219 2 204234168
1 0 1584 1 258065894
1 1 3183 2 513206700
1 0 239 2 398732364
1 1 1198 3 979313486
2 847 2068
2 1066 415
1 1 3167 2 421342076
1 1 1505 1 517393263
2 3600 500
1 0 1526 1 921599740
1 0 3366 1 883150099
1 1 3803 4 716497763
1 0 2086 3 14478262
1 1 3924 2 462669037
1 1 1365 3 967649808
2 26 1458
2 1205 3817
2 3242 1132
1 1 1098 3 560976232
1 0 3119 4 212228426
1 0 869 1 549438968
1 0 2302 2 616840361
1 0 3189 2 708102640
1 0 759 1 756872220
1 0 1108 4 1656715
1 1 2433 1 437654940
1 0 636 2 743786784
1 0 3144 4 400288611
1 1 2125 1 677156439
2 724 1921
1 0 3750 1 76837864
2 1293 235
1 0 3372 4 390027528
2 2329 3714
2 984 1295
2 163 1315
1 1 351 2 898640852
1 1 1177 3 325128003
1 0 2212 1 373390152
1 0 1363 1 910229999
1 1 2960 4 371786957
1 1 3749 1 927218759
1 0 3187 4 305518679
2 1258 3945
1 0 3091 4 847825490
2 2892 2655
1 0 3519 1 118472385
1 1 1980 3 733281331
1 1 275 3 239070168
2 1437 2987
1 1 2812 4 597239456
2 1022 411
1 1 1902 4 616440422
1 0 1080 4 859970767
1 1 3513 4 402781538
1 0 2256 1 426140887
2 339 1794
1 0 944 4 379577647
2 928 1019
1 1 2446 1 789785991
1 1 1314 3 626193897
1 1 3895 1 606842445
1 0 2706 3 316526239
2 742 3310
1 1 3202 1 745208805
2 1490 1438
1 1 2303 2 554492497
1 0 3277 1 955528270
1 1 3944 2 545641510
1 0 2257 1 460253947
1 1 1153 3 212011662
1 0 2361 3 961523550
1 1 864 2 158008590
1 1 457 1 212773208
1 0 1239 3 560210640
1 1 1058 3 321171597
1 0 1786 4 530026605
1 0 2310 4 134652248
1 1 1520 1 864416679
2 2132 3055
1 1 75 4 61293198
1 0 2907 2 895949793
1 1 197 3 462563057
1 1 827 4 95388512
2 2540 2137
2 376 603
2 690 2888
1 0 2310 4 104974771
2 3718 2712
1 0 3600 1 750747002
1 1 904 3 110788693
2 3426 554
1 1 1498 3 81264949
1 1 1156 4 553071324
1 0 1787 1 28769684
1 0 3251 2 536487760
2 3069 595
2 3159 2230
1 1 2878 3 169265482
1 1 2297 1 664834550
1 1 1792 3 939549295
1 0 1201 4 728335533
2 2234 1412
1 1 414 1 414649858
1 1 2349 2 232044254
1 0 3595 2 343481628
2 2798 1675
1 1 2886 1 763487385
1 0 1232 4 473561496
1 0 3231 3 301519465
2 3194 3733
1 1 686 1 46748611
1 0 511 2 974257010
2 3210 2304
2 1135 2045
1 1 300 4 176399046
2 3710 1098
2 217 509
1 0 792 2 142566577
1 1 297 3 919011679
1 1 3824 1 579709416
1 1 1182 4 122945277
1 1 2375 1 730347958
1 1 2160 2 626551553
1 1 622 1 428862919
1 0 1713 4 243506830
1 0 772 1 84130041
1 1 1067 3 2813224
1 0 1568 4 831302320
1 1 1802 4 425139759
2 2289 1273
1 0 735 3 774114890
1 1 1428 3 119628040
1 1 2083 3 209389684
1 0 1224 3 430609379
1 1 701 1 420985750
2 96 2194
1 0 905 2 907926574
1 1 551 2 783902376
1 1 1169 3 860818954
1 0 2489 3 56684358
1 1 17 3 633040396
1 0 1053 2 572174109
1 1 2113 1 10756018
2 3186 964
1 0 2213 1 903946913
2 2603 3086
1 0 3353 1 712962631
1 1 3378 4 266591615
1 1 228 1 794065199
2 1468 3582
1 0 2246 2 837940131
2 3085 3196
1 1 1670 2 773099220
1 0 524 2 562123720
2 3355 551
1 0 424 2 790823903
1 0 3477 4 409737681
1 0 1948 1 797083410
1 1 3905 1 554733748
1 1 2592 3 654546909
1 0 3823 2 779655300
1 0 2728 3 980918424
1 0 411 2 637291791
1 0 2360 2 39893310
1 0 3202 2 522488188
1 0 2685 4 429535182
1 1 3045 1 892114097
1 1 3977 4 162163769
1 1 2244 2 626225347
1 0 1782 2 981330123
1 0 6 3 140361440
1 1 2540 2 369332503
1 0 2253 3 83407434
2 675 3624
2 703 3946
2 2168 2813
2 566 811
1 0 1663 1 860000803
2 951 548
1 0 3192 2 400510197
2 2589 664
1 1 3351 3 225668935
1 1 3909 1 458510999
2 3949 690
2 2028 2499
1 0 2062 1 803571042
1 0 51 4 155922000
1 0 3091 3 253069419
1 1 3576 1 875430141
1 1 1254 2 141529747
1 0 811 2 495827150
1 0 1918 2 830732957
1 0 1986 4 938275241
1 0 3156 1 901351904
1 0 3901 2 608001578
1 0 3452 2 374129851
1 1 1218 1 87075821
1 1 87 4 396941974
2 1347 2502
2 991 3863
1 1 167 3 205055581
2 3437 2810
1 0 1988 1 134710450
1 0 701 3 891654814
1 0 2246 1 800836009
1 0 2413 4 820983672
1 0 664 3 560313333
1 1 2611 4 614694355
1 0 1952 4 552456724
1 0 2568 1 302481247
1 1 407 3 473593507
1 1 1730 3 212751809
1 0 1633 4 315519495
2 737 3823
1 0 3888 3 354183704
2 3663 2573
1 0 431 3 188583203
1 1 1879 2 826081864
1 0 1530 2 732470089
1 1 2586 3 672603609
1 1 2142 2 830024974
1 1 793 1 662685067
1 1 2897 3 208910379
2 234 3676
2 2697 3303
1 1 153 4 977709541
1 1 2669 3 800473039
2 1893 790
1 0 2316 1 212268853
2 2110 490
2 3568 3176
1 0 3719 3 457355577
1 0 68 1 22645455
1 1 107 3 555910742
1 0 1205 4 497111830
1 0 1795 2 376881425
1 1 3126 4 511047891
1 1 1415 1 954095894
1 1 1964 3 763148139
1 1 2769 4 339793199
1 0 3820 4 471781379
1 1 3999 2 941015717
2 34 1035
1 1 3440 4 650176540
1 1 3853 4 501261823
1 0 3943 3 735965554
1 1 285 2 979045603
1 0 3844 3 115158489
1 1 1931 4 113715934
1 1 3930 3 920147923
1 1 2006 4 150956267
2 2139 1743
1 1 1423 2 893610533
1 0 2883 1 171387362
1 0 1780 3 858317138
1 0 3555 1 733057394
1 0 1054 3 761976952
2 3333 474
1 0 3501 3 229670168
2 2302 2391
2 3675 423
1 1 1649 2 339886897
1 1 1783 1 11310619
1 0 1534 2 712276516
2 3404 3844
1 1 1412 2 853566914
1 1 800 4 185264524
1 1 458 4 904051394
2 2672 1683
2 3544 3739
1 1 960 2 450304369
1 1 2600 4 328171089
2 3058 2464
2 1424 2270
1 0 3723 2 535105403
1 1 2223 3 24005167
1 1 2629 1 706059114
1 1 2214 2 825442885
1 0 1796 2 6299496
1 0 1455 3 672652715
1 1 1311 3 947817437
2 3252 3941
1 1 3112 1 917386956
2 2197 3185
2 3398 3217
1 0 1084 4 457246007
1 1 563 3 448120889
1 0 832 2 227589994
1 0 3724 1 834079349
1 0 2994 2 471575332
1 0 1584 2 738492103
1 0 404 4 685312539
1 1 3397 2 325485211
1 1 3909 3 5520972
1 0 719 1 431210982
1 1 2191 2 32589318
1 0 2355 2 929623309
1 1 1452 4 766512492
1 0 941 2 428078673
1 0 1696 1 387559840
1 1 3053 3 517598778
2 803 2246
1 1 3906 3 782598629
1 1 823 3 346799594
2 1881 2838
1 0 2840 1 449672960
1 1 1640 3 853310710
1 0 2754 4 599758786
1 0 3273 1 234562497
2 963 276
1 1 2816 2 833879701
1 0 1066 3 502652970
2 1292 2263
1 0 3090 4 265710660
1 1 1318 1 836263203
2 3337 2250
1 1 162 3 728969622
1 1 1039 2 813844921
1 0 3227 2 303912614
2 863 1318
1 0 1092 4 171907444
1 1 2183 2 551609247
1 1 2996 1 956680714
1 1 585 3 435921483
1 1 2402 2 171783023
1 0 1379 3 460551059
1 0 3060 3 585558255
1 1 1019 3 685603691
2 2874 1006
2 406 824
2 2625 3091
1 0 3841 1 962568979
1 1 243 2 921065192
2 3744 1037
1 0 725 1 933779074
2 758 2472
1 0 823 2 849007831
1 0 3635 2 83498965
1 0 3952 2 864739791
1 1 3459 4 507146574
1 0 545 4 62728397
1 0 603 1 253255741
1 1 1566 3 504141855
1 1 1655 3 112839755
1 0 867 2 554292330
1 1 622 3 22094095
1 0 664 4 390920656
1 1 3806 3 360147448
1 1 1350 3 793633911
2 3798 1005
1 0 2414 4 152452989
1 1 1789 2 288992262
1 1 2368 4 879670661
1 1 2131 3 510535170
1 1 950 3 312850618
1 1 3454 1 53616196
2 3287 2419
1 0 421 2 645553611
1 1 3859 3 472785619
1 1 3361 3 773731784
2 1827 3771
1 0 1288 3 771841304
1 1 3486 4 292406513
1 0 3920 4 117050359
2 2591 3120
1 1 2937 4 623894603
1 1 913 3 393474814
1 1 2321 3 781795245
2 1256 397
1 1 3721 2 423574873
1 1 450 1 98672276
1 0 1102 3 444034992
1 0 3727 1 348727317
1 1 2670 4 998685830
1 1 2305 3 276453616
2 2313 515
1 1 3006 1 732339042
1 0 1129 4 201544348
2 193 2201
2 2094 941
2 1092 2886
2 2064 2205
2 547 216
1 0 2104 2 590142225
1 1 3221 2 928828164
2 3598 3951
2 1805 2135
1 1 3253 2 767805566
1 0 1183 2 631894293
1 1 3183 4 506412465
1 0 3157 2 170793475
1 0 3449 2 441876492
1 1 3435 3 749957079
1 0 744 2 770128504
1 0 3110 3 197604426
1 0 1402 4 480019602
1 1 2945 4 155328980
1 1 1439 3 343512055
1 0 2258 2 407735630
1 1 1714 1 153535783
1 0 3504 2 765580154
2 2469 3252
2 1851 3785
2 3909 816
2 965 3563
1 1 1385 1 767946167
2 3680 1863
2 120 1917
2 1716 547
1 0 261 3 811421601
1 0 1351 2 566313765
1 0 583 2 902856569
1 0 851 1 466565039
1 0 1077 1 428264751
1 0 1374 1 667619957
1 0 1877 4 584740555
1 0 2140 2 646592960
2 3957 1384
1 0 3655 2 207000906
1 1 503 2 461771796
1 1 1609 3 522414805
1 1 2193 1 734383164
1 1 2471 4 826718805
1 0 2576 4 408740846
1 0 3858 3 910917511
1 1 308 4 228640251
1 0 2455 4 634696602
2 2815 1058
1 1 1090 4 633632992
2 1800 3980
1 1 165 3 861377124
1 1 337 1 920623494
1 1 82 1 712813838
1 1 2236 3 523153961
1 0 1249 1 501010411
1 0 1356 3 713435972
1 1 1416 1 642540253
1 0 1547 2 851355107
1 0 1993 4 608194351
1 1 1605 4 683128811
1 0 2083 1 665998570
1 1 87 4 589859678
2 1864 218
1 0 1682 3 142503501
2 1212 3527
1 1 1145 3 919196763
1 1 2613 4 269859098
2 1590 2743
1 1 770 1 208173602
1 0 3990 2 719626920
1 0 1744 1 176282868
2 3958 72
1 0 1111 2 707062389
1 1 2624 2 180984291
1 1 2302 4 216594172
1 0 881 1 889689403
1 1 376 4 305675557
1 1 2692 1 183940536
1 1 1234 4 669697370
1 0 3087 3 769509597
2 2998 1613
1 1 2989 1 629770097
1 1 1922 3 24209820
1 1 975 3 913247881
1 1 3362 1 173396843
1 0 1930 1 669426523
1 0 731 2 15151960
1 1 673 4 613679955
2 1267 763
1 1 983 3 398606266
1 0 1267 3 433044622
1 1 1138 4 447949551
2 1928 1333
1 0 2939 3 219375008
1 1 3967 2 163849668
1 1 2038 4 478539506
2 1091 659
2 2952 1473
2 3910 2812
1 0 1962 2 10079721
1 0 2885 2 725586966
1 0 3588 2 88859848
1 1 2611 3 575142317
1 1 423 4 473513542
1 1 3544 2 418209622
1 1 3908 3 379067788
2 15 735
1 1 3858 3 572398222
1 0 1641 2 413336296
1 1 3154 1 541694564
1 0 3510 1 116584579
1 1 1134 1 542384250
1 0 3716 2 753611669
2 1657 2778
1 1 3872 1 442088047
1 0 1909 2 534280860
1 1 3478 3 446766208
1 0 3393 3 92524199
1 1 953 1 621828558
1 0 3201 3 377144221
2 875 3934
1 1 3706 4 111775844
1 1 2479 4 448140006
2 1152 1504
1 1 1874 3 771483994
1 1 218 2 636917605
1 0 1280 1 547574292
2 3312 382
1 1 1637 2 593373947
1 0 2437 4 53455299
1 0 3290 1 790831770
1 0 3912 4 191929555
1 0 65 3 153896760
1 0 814 4 403116943
2 390 1810
1 0 3103 4 167393354
1 0 1061 1 226236924
1 1 3901 3 235449593
1 1 3190 2 378542705
1 0 3797 4 85728896
1 0 1047 1 110326374
1 1 1707 4 80093301
1 1 485 3 965731228
1 1 3270 3 267351142
1 0 195 1 902470926
2 2501 1737
1 0 3241 3 849412379
1 1 2832 1 21620060
1 1 3923 2 963652019
1 0 866 1 57170597
1 0 3949 2 253346267
1 0 2408 1 474559116
1 0 933 3 952052017
1 1 338 4 814234787
1 1 2382 4 462727237
1 0 1702 3 405396691
1 0 2610 4 950034602
2 545 932
1 0 3117 3 366881144
1 1 1831 1 143126729
2 696 1213
1 0 1437 3 399982098
1 0 2313 2 889513994
2 1069 3615
1 0 3627 3 411086765
1 0 2243 1 609954439
1 1 2080 3 585341731
1 1 3544 1 254494924
1 1 3961 3 543753410
2 293 1819
1 1 3171 1 633397217
1 1 2177 4 750353232
2 1559 767
1 0 3274 1 152878435
2 1406 1246
2 3659 2146
1 1 3702 4 665040023
2 3187 1181
1 0 558 3 800457946
1 1 2926 1 59370105
1 1 1876 3 837206631
1 1 1375 2 815264572
1 1 1630 2 732163393
1 1 2056 3 871440299
1 0 1247 3 658376023
1 0 2731 2 540882483
1 1 1840 1 509803111
1 0 3784 4 35155534
1 0 707 3 850044219
2 147 1379
1 1 1416 2 73594545
1 0 1171 4 33135911
1 0 1558 3 464642065
1 1 1346 1 817306434
1 0 3582 1 634314048
2 3660 3378
1 1 698 2 637067319
1 0 3513 4 339231700
1 0 729 2 128286576
1 1 52 4 257590813
1 0 1753 4 150737298
1 0 939 4 610870601
2 2864 3894
1 1 683 3 92978845
1 1 2862 4 645789046
1 0 1861 1 971404312
1 0 1751 2 440627096
2 1766 2024
2 3253 274
1 1 3768 3 153269603
1 1 3747 1 158083012
1 1 893 2 498731369
1 1 1428 1 346645458
1 0 2328 4 940855658
1 0 221 1 12820867
2 2172 1545
1 1 2515 4 262397817
1 1 1600 3 591350501
1 0 362 4 25609585
1 0 855 2 276459662
1 1 858 1 326851924
1 0 2986 2 28793418
1 1 2100 1 891097979
1 1 2015 1 175389536
2 2585 1923
1 0 2596 4 971224128
1 0 3590 1 473339216
1 0 2573 3 203406294
1 0 1825 4 387974494
1 0 563 2 713634780
1 1 987 3 304759791
2 3299 1205
1 0 797 3 639602926
2 105 2124
2 135 2602
1 0 1059 1 11320267
1 0 1173 4 240757197
1 0 86 2 19161851
1 0 423 1 413718815
1 1 2823 4 536850086
1 0 844 2 371525115
1 0 1516 3 476073883
1 0 498 4 527744997
1 1 3793 3 418047835
1 0 982 2 731548050
1 0 1178 2 834783260
2 3598 934
1 0 3942 3 141984547
1 1 1225 1 973186389
2 2871 3301
1 1 213 1 264460528
1 0 2474 4 506027581
1 1 3155 1 31512613
2 99 1737
1 1 1685 1 810764555
1 0 1076 1 444324742
1 0 2116 4 340309913
1 1 675 1 10094529
1 1 2145 1 388762811
2 2748 3701
1 0 842 1 242397969
1 0 3406 3 677875139
1 0 940 4 466094902
1 1 1602 1 44286627
2 2709 3666
1 1 1224 2 275819437
1 0 3955 4 937069909
1 1 288 3 279051076
1 0 1274 3 385598704
1 1 3581 1 744756405
1 0 1218 3 681353036
1 1 3397 3 921649585
1 1 3242 1 632680612
1 0 1017 1 358403105
1 0 316 1 61777889
1 0 306 4 277398687
1 0 2446 4 115833762
1 1 1483 1 152631767
1 0 3072 4 59497050
2 3866 2469
1 0 110 3 58870600
1 0 440 2 726007001
1 0 3205 4 253716129
2 1924 3528
1 0 929 1 65028527
1 0 386 3 722077014
1 1 3899 2 488778274
1 1 912 1 503965096
1 1 2598 3 928293082
1 1 3460 2 960456676
1 1 1714 3 145788685
1 0 1823 3 652605028
1 0 168 1 365448700
1 1 603 3 837448902
1 1 2927 3 546919492
1 0 57 4 321763617
1 1 2827 4 770504498
1 0 2912 4 143493042
1 1 3776 4 477933774
1 1 2945 3 591702158
1 1 3662 3 116900924
1 0 502 3 727517582
1 0 2742 2 705397379
2 3260 2764
1 0 646 3 890882236
1 0 3870 1 714846799
1 1 871 3 566559479
1 0 3988 3 570050871
2 3388 2183
1 0 2395 3 472022868
1 1 2937 4 644525571
1 1 1868 3 487531391
1 1 1731 2 86431950
1 0 592 3 350640193
1 0 349 4 495272811
1 1 1605 1 338939240
1 0 2144 1 959278502
1 1 1727 1 689699883
1 1 2881 4 949642472
1 1 1043 3 705510872
2 408 2489
1 1 2606 4 165004053
1 1 3234 4 756759017
2 203 893
1 1 2973 1 967697553
1 0 1157 1 572767167
1 0 199 4 467148180
1 0 3191 3 667062384
1 0 2876 3 386443736
2 1384 431
1 0 2286 4 640936243
2 149 2960
1 1 758 2 801285907
2 3769 3134
1 1 2550 3 94272670
1 1 715 4 930393925
1 1 58 4 314053067
1 1 1789 4 273596726
1 1 1960 2 64152105
1 0 436 2 160376209
1 1 2216 1 735588570
1 1 1467 4 221636413
1 0 3599 3 678107390
1 0 2024 2 12104207
1 1 2471 3 789819910
1 1 2361 2 760846294
1 1 2943 1 835755033
1 1 1115 4 867746406
1 1 776 1 129319988
1 1 3975 2 704922812
1 1 1658 4 245446678
1 0 1539 1 341718175
1 0 1618 3 391244723
1 0 1045 1 772488136
1 1 2033 2 966032897
1 1 1722 2 448627050
1 0 3144 3 106478694
1 0 3745 3 690330306
1 1 3022 4 117344613
1 1 2247 4 457650862
1 1 2084 1 384693597
1 0 859 3 76520083
2 1067 1876
1 0 3672 4 231166654
1 0 283 1 367906379
1 0 2743 3 8953723
1 0 1548 3 685228424
1 1 3009 4 281732165
2 2482 2559
1 0 2490 3 301507524
2 2876 1733
2 3978 1260
1 0 1298 1 716598038
1 0 2739 1 956826473
1 1 35 2 846433998
1 0 3964 3 654187772
1 1 345 3 59149627
1 1 348 2 104149880
1 1 3398 3 525549595
1 1 1331 2 55775378
1 0 3770 3 583851910
1 1 115 4 414061197
2 3147 1237
2 2383 909
1 0 3982 4 170918290
1 0 1324 2 67334447
1 0 2601 2 861636014
1 1 171 3 370698300
2 1686 1504
1 0 428 3 749691726
1 0 2821 1 400741399
1 0 2518 3 120494021
1 1 1945 4 62133702
1 1 2562 4 56986795
1 1 1681 4 54919930
2 2082 261
1 1 3658 4 352778327
1 0 1244 1 251716352
1 0 1603 2 175811514
1 0 3210 2 643410703
1 0 3207 2 821307590
1 1 1067 2 921244149
2 3325 1943
1 1 504 1 759860553
1 0 936 4 645831461
1 1 1229 2 326178163
1 0 1399 2 542198464
1 1 2158 2 703785557
1 1 3924 1 379108760
1 1 224 2 969164919
1 0 2166 3 928564968
1 1 2881 3 106841313
1 1 1050 4 412229133
1 1 3033 1 180225449
2 1888 1448
1 0 936 2 539673041
1 1 2041 4 300222197
1 1 368 4 670755658
1 1 3863 3 504968115
2 555 370
1 1 1393 2 548068186
1 0 3203 4 732696249
1 1 1061 4 196837780
1 1 1631 2 546414896
1 1 2364 1 391798686
1 0 747 3 506265073
2 2434 1542
2 2679 1550
2 3779 3126
2 2450 2337
1 0 503 1 649527092
1 1 2 3 648486534
1 1 157 2 13367057
1 1 183 3 439998318
1 1 1185 1 32931604
1 1 2199 2 311226812
1 0 2042 4 71640964
1 1 13 1 907964672
2 3148 2068
1 0 283 4 546098208
2 328 3679
1 1 3498 4 209690757
1 0 765 2 465359469
2 1141 3754
1 0 2381 3 279880091
1 0 1051 4 531039123
1 1 1369 4 576791650
2 2641 850
1 0 491 4 636458710
1 0 3356 4 954896080
1 0 2625 3 930304316
1 0 2178 3 22642072
2 2172 1234
1 0 1515 1 599577051
1 1 2919 1 267392996
1 0 1160 1 918110486
1 1 2880 4 287167535
1 0 2951 2 131490146
1 0 3177 2 627230551
1 0 1856 1 41628766
1 1 2524 1 647566640
2 651 2752
1 0 3253 3 597213235
1 0 1034 3 142842382
1 1 1193 1 247285142
1 1 3065 1 28757213
1 1 1994 2 960217498
1 1 3252 1 736649148
1 0 2625 4 80698166
1 1 306 1 154103405
1 0 251 4 242946865
2 405 2602
1 1 1440 4 886869235
1 0 1657 4 362423837
2 955 3379
2 3043 763
1 0 1730 1 379594895
1 0 3527 1 23495612
1 0 402 4 806119095
1 1 1032 1 512297555
1 1 2197 2 779820681
1 1 2146 3 344681337
1 0 2591 4 617773236
1 0 732 4 395089542
2 384 870
1 1 3247 2 383629748
1 1 1365 3 969757702
1 1 561 3 257970221
1 1 3370 4 148478545
1 0 2814 2 460166187
1 1 2240 1 831485670
1 1 1096 3 825111705
2 3513 1255
2 3699 2197
1 0 665 3 111861413
1 1 1691 4 222482907
1 1 3210 4 454371516
1 1 1734 4 252345287
1 1 1016 4 923999014
1 0 3565 2 205289287
2 1761 3947
1 0 849 1 775264158
1 1 2980 4 561560192
2 3696 2422
1 0 2603 1 537540222
1 0 2418 1 658211957
1 1 132 2 21465579
2 1355 2020
2 673 303
2 2458 1200
1 0 2395 2 853917171
1 0 3291 3 675643385
1 1 1844 4 379905344
1 0 789 4 256176101
1 0 433 2 824542620
1 1 265 1 211043932
2 2766 3347
1 1 3807 4 961372659
1 0 3432 2 786428357
1 1 1446 4 58188091
1 1 1559 2 241533653
1 0 27 1 520299934
1 0 936 4 77969123
2 3687 1192
1 1 2081 3 47869572
1 0 1900 1 573412766
2 2421 1303
1 0 1712 2 343540965
1 1 3504 2 404445482
1 0 78 1 538679213
1 1 299 2 826399843
1 1 1376 4 446173905
1 1 3752 2 638835428
1 0 1827 4 386325294
1 0 3095 1 496254186
1 0 2195 4 384220892
1 0 2224 4 286546617
1 1 1740 4 912166250
1 1 3472 2 188202307
1 1 3186 1 559069691
1 1 1176 3 605517586
1 1 197 4 275767403
2 2440 2830
2 3307 796
1 1 94 1 575292008
2 2934 1804
1 1 2978 1 459429228
1 0 3527 4 127722358
1 1 2752 3 48905074
1 1 3898 4 842578234
2 1733 1228
1 1 2580 3 483627032
1 0 1113 1 816296161
1 0 679 2 68441635
1 1 1464 4 958526324
1 1 3119 2 824775907
1 0 2020 3 957580356
1 0 1520 3 856694402
2 644 703
1 0 882 2 204131858
1 0 2854 2 463489751
2 704 3107
1 0 1455 3 901080372
1 1 2126 2 969159526
1 1 1042 1 197324179
1 0 2628 4 354793649
1 1 2941 4 40677148
2 3562 1813
2 1842 92
1 0 1136 2 914949644
1 0 835 3 665419975
1 1 1106 1 236255401
1 1 3854 1 567430463
2 1321 899
2 643 1514
1 1 105 2 222972187
1 0 213 1 249769950
2 395 3000
1 0 2072 2 210836893
1 1 2735 4 758181702
1 0 2247 2 937080291
1 1 1093 4 821719993
1 0 447 1 495874151
1 0 3199 3 357952748
1 1 721 3 435758142
1 0 1218 4 591635588
1 0 3676 2 719160830
1 0 107 2 895380262
1 1 2914 4 874496006
1 0 3319 1 503831997
1 1 2861 2 162511023
2 3802 678
2 3370 162
1 1 2679 3 979060497
2 1012 2590
2 3218 3793
1 0 781 3 690931186
1 1 1094 4 490650996
2 29 968
1 1 124 4 777087436
1 0 3389 2 949074726
2 2898 2010
1 0 2128 4 239240238
1 0 2108 1 79811095
1 0 1262 1 711451339
1 1 2261 4 63768948
1 0 3339 4 524734337
2 3999 3888
1 0 3592 3 762180309
1 1 2603 1 714861301
1 0 2251 2 142809003
1 1 3650 3 676226919
1 0 2651 4 793379037
1 0 2961 1 662329513
1 0 669 2 163634540
1 1 3608 1 867021475
1 1 1578 2 565407029
2 1284 1346
1 0 3682 4 703571015
2 2049 2226
1 0 1854 3 922648715
2 833 934
1 1 3625 2 34910388
1 1 1034 4 749011212
1 1 1592 4 866018344
1 1 3811 4 220220504
1 1 3969 4 410493574
1 1 1898 2 481278445
2 2717 1417
1 1 962 3 613351711
2 299 131
1 1 259 1 189426242
1 0 2222 1 929836684
1 1 220 3 868614926
1 1 2247 4 157273414
1 0 1405 1 418972935
1 0 2231 4 352164076
1 0 250 4 853092299
1 1 3659 1 864100596
1 0 827 1 644643616
1 0 990 1 422544502
1 0 602 2 994376056
2 589 2108
1 0 3884 2 100696089
1 1 3159 1 218355647
1 1 1075 2 809962995
2 3039 3688
1 0 2128 4 57460108
1 0 1605 3 588010354
1 1 176 1 477101007
1 1 1910 4 232473868
1 1 671 1 342470440
2 3055 3566
1 1 1483 2 479578484
1 1 1452 3 500741780
1 0 1906 4 753514847
1 0 3180 3 375808902
2 3099 1514
2 274 3032
2 1165 3923
1 1 1316 4 631319918
2 1853 2642
1 1 3913 3 278287709
2 3102 725
1 0 1444 4 436895909
1 1 682 1 187334060
1 1 378 2 562364308
1 0 3019 2 279231552
2 2075 1328
2 522 2003
1 1 3352 2 297718443
2 2375 1774
1 1 1227 4 170329399
2 3423 3358
1 0 3876 1 829986828
2 1569 1423
1 0 3659 2 997090062
1 1 3786 2 532861827
1 1 2755 1 609508755
2 1112 2476
2 2907 701
2 1716 127
1 1 2156 3 960790009
1 0 1186 3 744222409
1 1 2134 2 121724527
1 1 1129 4 632653184
1 0 2655 1 383470427
1 0 3795 1 935378956
1 0 1751 4 939810939
1 1 1298 4 977978814
1 1 3858 2 420561452
1 0 2883 2 759594597
2 1379 3169
2 748 2674
1 1 182 2 427742867
2 1819 1465
1 0 1451 4 293676283
1 1 661 1 832819476
1 1 3493 4 282092743
1 1 1842 2 334455366
1 0 2106 3 300096537
1 0 3957 4 184823602
1 0 1500 3 273378675
1 1 994 1 617878172
1 0 2175 2 991125510
1 0 313 1 916052694
1 1 1293 4 584165769
2 732 537
2 541 2601
1 0 2467 4 292123638
1 1 684 3 484734276
2 3221 2597
1 0 1402 3 647843717
1 0 1065 3 81232914
1 0 1971 2 252137141
2 2353 3017
1 0 3997 3 884876025
2 993 3745
1 0 3564 4 506040994
2 779 3002
1 0 1416 4 64809051
1 0 1275 3 733906180
1 0 1230 1 519641632
1 1 1872 2 193775824
1 0 386 3 349816539
1 0 3223 4 579098385
1 0 583 3 788225680
1 0 787 1 749751849
2 628 3683
2 2735 1217
1 1 355 4 372176148
1 0 184 1 817789109
1 0 1877 3 104610002
1 0 3519 2 154742028
1 0 1478 1 718704548
1 0 3989 3 210590602
1 1 3538 3 773974400
2 124 3798
2 1930 644
2 1444 40
1 0 373 4 129520350
1 0 858 3 499792033
1 1 1991 1 478211100
1 0 3791 2 852770487
1 1 1714 1 873951770
2 2929 1046
1 1 3428 2 913235857
1 0 2776 2 33962507
1 1 388 2 494397567
1 1 3656 2 472193964
1 1 2618 4 731127991
2 573 3000
1 1 3043 2 994897105
1 1 3081 3 288629765
1 0 2162 4 237680871
1 1 3540 2 334021847
2 2702 3272
2 3191 2910
1 0 505 4 661161800
1 1 813 4 658292992
1 1 380 4 364248089
1 1 10 3 658401956
1 1 1029 2 897804341
1 0 3227 4 368595272
1 0 2218 4 356338138
2 3412 2207
1 1 1750 4 518432446
1 1 1043 3 162312545
1 1 659 1 4474457
1 0 773 4 781035350
1 1 1169 3 488421144
1 0 832 4 260474884
1 1 1930 1 141538076
1 1 2536 1 131357779
1 0 599 4 952043193
2 2375 438
1 0 2230 4 816847384
1 0 2837 2 14585642
2 633 3075
1 1 575 1 965241121
1 1 3874 2 23979394
1 1 125 4 207617530
1 1 852 2 22118477
1 1 695 3 997261045
1 0 81 4 74878125
1 1 2054 4 504509804
1 1 2492 3 312759944
1 0 94 4 749560099
1 1 3664 3 173750555
1 1 713 4 294320212
1 1 2936 4 37916239
1 0 1263 1 486543816
1 0 1231 2 825769385
1 0 2673 2 212398177
2 242 3634
1 1 248 1 257227914
1 0 2928 3 234884985
2 2273 3195
1 0 2934 3 383596373
2 2216 1638
1 0 3205 1 210621203
1 0 3613 1 469284489
2 2322 2277
1 1 3080 4 981067860
2 862 3541
1 1 2779 4 70816505
1 1 2588 4 151551910
1 0 2256 1 172713653
1 0 3097 4 672960463
1 0 3957 4 893172048
2 3858 1842
1 1 465 1 936855002
1 0 3116 2 806036437
1 1 44 4 317740174
2 3460 3040
1 1 1002 1 728135135
1 1 2746 3 659112738
1 1 2445 3 423856539
1 1 278 4 47523805
1 0 2626 1 751013118
1 1 1230 3 659419618
1 0 2004 4 208243195
1 0 2636 3 402389892
1 0 3531 2 505503586
1 0 1523 2 593445369
1 0 1184 1 392134342
2 930 281
2 913 738
1 1 680 4 193093616
2 1631 1043
1 0 786 1 413217461
1 0 1456 3 933193353
1 1 1405 1 339960234
1 0 2495 3 92740954
1 1 578 3 26184762
1 0 647 4 118666404
2 1939 165
1 1 470 2 377450114
1 0 3268 4 39571810
1 0 2585 3 699691590
1 1 3614 4 793731141
2 761 1037
1 0 2908 2 54778472
1 0 3051 4 679209111
1 0 2841 2 591817321
1 1 921 3 87478884
1 0 3388 3 156285803
1 0 2435 1 721185347
1 0 1841 2 106591475
1 1 3161 3 23523501
1 1 295 1 922633014
1 0 1600 1 177267714
1 1 3212 1 408281119
1 0 3808 4 651466942
2 2795 3176
1 0 2677 3 169103295
1 1 885 4 81624408
1 1 3363 2 637569173
1 0 2696 4 984928812
2 3908 3320
2 2637 823
1 0 3628 2 593110908
1 1 32 2 899665007
1 0 1176 4 942505323
1 1 3470 2 90080085
1 0 938 4 558174846
1 0 507 2 388047194
1 1 1746 3 709176983
2 1184 3204
1 0 3615 1 498148494
1 0 904 4 124784390
1 1 2031 4 71657199
1 0 275 3 501160498
1 1 3534 4 528427283
1 0 845 1 201080107
1 1 137 2 528880819
1 1 3036 3 83036988
2 3099 723
2 1394 3321
1 0 1716 4 12341726
1 1 855 2 103987147
1 0 3567 2 64821875
1 1 1259 4 7788907
1 0 1360 1 481521401
1 1 1481 2 612779126
1 0 1602 2 32432885
1 0 3583 2 752357291
2 3052 3633
1 0 55 4 302176886
2 1944 3273
1 0 3006 3 254258402
2 1196 1069
1 1 2217 2 317683466
1 0 2700 4 204102923
1 0 1763 1 629328028
1 1 3091 2 354816696
2 2911 925
1 1 2955 3 878595091
1 1 760 3 409974141
2 3302 134
1 1 2722 2 278671875
1 0 182 1 694486804
1 1 3789 4 558835753
2 239 1947
2 1402 1655
1 1 1387 2 608556841
1 0 2315 1 350805147
1 1 3031 4 120865353
1 1 2762 1 678062673
1 0 3561 2 523872364
2 3457 919
1 1 1721 2 436272201
1 1 2259 3 677682860
1 1 3107 3 98657192
1 1 233 4 566493735
1 0 2704 3 471052377
2 2598 47
1 1 1136 1 267189265
1 0 2824 1 949322830
1 0 380 1 114873921
1 0 3892 4 3845514
1 0 1123 4 369480929
1 1 159 2 506911862
1 0 3675 4 805377783
1 0 178 2 148817562
1 0 119 1 239210360
2 2176 778
1 0 3790 4 765955678
1 0 949 2 736408181
1 1 766 3 74189396
1 0 3072 3 943479041
1 0 385 3 428140207
1 0 3187 1 298523374
1 0 1029 4 882855683
1 0 572 3 229799020
1 0 2933 3 631310631
1 1 2368 4 404562951
1 0 401 4 821279412
2 2994 2325
2 1513 1103
1 0 2744 1 143592163
1 0 206 1 415242985
1 1 2163 1 34887855
2 2316 3046
1 0 542 1 933738209
1 0 1499 4 42606519
1 0 3202 4 196101584
1 1 3807 3 189538460
2 2523 2276
2 3440 897
2 2499 484
1 0 383 4 313214879
2 1383 2929
1 0 1378 3 513306935
1 0 2396 2 51399827
1 0 3175 2 260655363
2 1652 3041
1 0 1686 4 282894570
1 0 3484 4 960483735
2 239 3521
1 0 3389 1 428488811
1 1 1152 4 57079130
1 1 2781 4 480090407
1 0 3440 3 376893217
1 1 626 3 967216745
1 1 431 1 980136287
1 1 3849 4 146065230
1 0 1978 3 749481325
1 1 841 3 458926922
1 0 7 2 38705804
1 0 806 2 697971731
1 0 397 2 95634816
1 1 3010 2 518316019
1 1 2909 3 273118612
1 1 1884 1 648754736
1 0 3762 2 933161565
1 1 1385 4 434196283
1 0 1833 3 75630699
2 3310 2835
1 0 643 2 155091321
2 1281 396
1 1 131 1 259230714
1 0 3700 3 120278408
1 0 2624 4 541777971
1 1 3919 1 387488043
1 0 925 2 199284225
1 1 2004 3 278988390
1 0 941 3 328876790
1 0 1262 2 61493085
2 1669 3303
1 0 2530 3 854549129
1 0 3273 4 222086217
1 0 880 2 72693681
1 0 976 3 159318809
1 1 2482 1 403021712
1 0 596 3 754752605
2 3260 1228
1 0 1700 4 985927967
1 1 2196 1 695397631
1 1 1790 4 619504665
1 1 3056 3 44115182
2 52 2226
1 0 2395 3 590749133
2 3725 1697
1 0 3965 3 116954754
2 1973 413
1 1 1870 4 630926461
2 2415 2055
2 1479 1424
1 1 3973 1 110497347
1 0 746 2 486686178
1 0 1896 1 831042558
1 0 1881 2 324530506
1 0 352 1 317817970
1 0 1664 1 296180796
1 1 3704 1 140371196
1 1 1513 2 171475581
1 1 1175 2 988485722
1 0 1230 3 420498467
1 1 2526 2 105943690
1 1 2385 4 376265088
1 0 3535 4 10155839
1 0 2406 2 285094316
1 1 1551 1 849064613
1 0 361 2 960812391
1 1 1979 1 340418762
1 1 1762 3 788837179
1 0 749 3 956012303
1 1 2100 2 807068916
2 1724 1552
2 2577 9
1 1 2277 1 982502418
1 1 2504 4 972228263
1 0 3875 2 410036598
1 1 3162 1 346611908
2 3895 601
1 0 1008 3 917294477
1 1 3392 4 356009201
2 3874 3154
1 0 1231 4 581797727
2 2280 3034
1 0 2600 3 443191894
2 1553 1862
1 1 2858 3 875666122
2 3656 1769
1 1 3939 4 713418093
1 0 1999 1 313012907
2 707 3003
2 1431 3110
1 0 3129 1 256515526
1 0 1104 4 268214733
1 1 3656 3 285954811
1 0 1526 2 694459884
2 2868 3451
1 1 290 2 24416619
2 3949 2361
1 0 3767 1 463653927
1 1 1064 3 272328279
1 1 2498 3 401047603
1 0 849 2 461386527
1 0 3901 3 131929922
2 3944 3598
1 1 2970 2 516930258
1 0 2969 1 909571939
1 0 3427 2 330883984
1 1 1506 1 987662745
1 1 885 1 496396605
1 0 169 2 611403623
2 2174 1708
1 1 3652 2 403159807
1 0 2856 4 82453426
1 1 3935 1 983633593
1 0 1417 1 790848334
2 477 2964
1 0 770 2 857227087
2 3077 2881
1 0 441 1 31232344
1 1 3156 2 870555165
1 1 3909 1 993272517
2 345 2731
1 1 3728 4 458295866
1 0 58 4 864107748
1 0 2965 4 825289030
1 0 1998 1 313227360
1 1 3001 4 606092506
1 0 1337 4 565529378
2 2361 661
1 1 314 2 775843782
2 325 1610
1 0 2714 1 24530683
1 0 1162 1 933332099
1 0 519 1 45042889
1 1 2431 3 349800399
1 1 2729 4 6888213
1 1 58 4 596612426
2 2186 953
1 1 1830 1 793484454
1 0 1670 3 520410865
2 3851 2973
1 0 2268 2 26689972
1 1 2705 4 713697858
2 3820 2832
2 520 3057
2 3674 2027
2 2748 3955
1 0 1813 1 452917548
1 1 553 3 866807437
1 1 3187 1 952634185
2 1090 2497
1 0 176 4 841314719
1 0 3269 3 561642192
1 0 3605 4 170822736
1 0 3015 4 977050107
2 3177 3188
1 1 1405 3 719638089
1 1 3171 3 891605990
1 1 1325 4 589349524
1 0 2954 4 732449987
1 1 3224 3 21588982
2 3487 3275
1 0 462 2 639262304
1 1 1152 4 484887638
2 942 2432
1 0 702 1 852837821
1 0 1570 1 683048664
1 1 55 1 672956863
1 1 3042 3 715509209
1 0 1237 1 863713931
1 1 1641 2 170223919
1 1 3740 4 475397560
1 0 951 4 962347048
1 0 965 2 231505650
1 1 709 1 68746809
2 1039 2330
1 0 3379 3 804767308
2 3139 134
2 16 2355
1 0 3840 4 50998136
1 1 3667 3 476508341
1 1 3195 1 393315857
1 0 3018 3 998469824
2 1221 1698
1 0 174 1 909568965
2 1556 2383
1 0 1790 4 922311057
1 1 986 4 395774951
1 0 1341 3 338038087
1 1 2353 4 327821404
2 653 1012
1 0 3672 2 888258106
2 173 3909
1 0 1231 4 108444666
1 1 2417 4 781542962
1 1 834 4 138238304
1 1 1389 4 261882727
1 0 1976 2 976607834
2 2872 1270
1 1 2611 1 899701528
1 0 536 1 313747016
1 1 2424 4 595696963
1 0 1039 3 704762940
1 1 3375 2 885858772
1 0 2141 3 772509363
1 1 3305 3 573445713
1 1 2764 2 973925140
1 1 25 3 306050217
2 1780 2460
1 1 3623 3 158300863
2 3021 363
1 1 590 1 213181993
1 0 1153 4 255106295
1 0 259 1 519362085
1 1 1539 4 596537375
1 0 1056 3 968184437
1 0 3069 4 568909377
1 0 2052 2 151687196
1 1 40 4 302641586
1 0 2125 3 732450451
1 1 1277 2 68770401
2 2253 2346
1 0 323 1 785491992
1 0 236 2 874318431
2 2701 413
2 119 351
1 0 2255 3 952926788
1 1 1584 2 49194851
1 0 929 4 305848003
1 0 2483 3 49305299
1 1 149 4 210530314
2 3237 3336
1 1 124 3 333274293
1 0 2982 2 784442850
1 1 3667 3 45002992
1 1 1643 3 978315061
1 1 507 1 997852670
1 0 1690 3 226822094
1 1 3890 3 826432168
2 491 533
1 0 1172 3 650111959
1 1 2091 4 21339234
1 0 651 3 905424320
1 0 1506 1 203530089
1 0 1873 4 808118544
1 0 2691 3 239930353
1 1 775 1 820065708
2 1945 1646
2 180 3208
1 1 2963 1 882386826
1 0 479 2 336537109
1 1 1839 4 370460434
1 0 3613 4 69331284
2 205 3314
2 1304 3057
1 0 2098 4 139141366
1 1 191 2 351753897
1 1 3239 2 95141037
1 0 494 3 973992266
2 1072 3267
1 0 2737 2 379715824
1 0 723 2 426583024
1 1 3797 2 153873983
1 1 2406 1 130113358
1 0 877 2 998000168
1 1 3400 3 146307424
1 1 1269 2 835584546
1 0 3710 2 471855182
1 1 2160 3 146968684
1 1 981 1 15316647
2 3698 1512
1 0 1762 1 412342068
2 3490 62
1 0 433 4 412542160
1 1 2309 3 908082849
2 2296 1135
1 0 3279 2 736440959
1 1 845 3 251221307
1 1 3496 2 824376108
2 2041 1370
1 1 2563 1 332084447
1 0 1469 1 708331334
2 985 3707
1 1 252 1 614697717
2 1114 1568
1 1 2492 4 653387285
2 2401 2628
2 345 1482
1 1 102 2 735127278
1 0 2162 3 732574405
1 0 2546 2 108829290
1 0 3236 2 209233653
1 1 2453 3 160189620
1 0 203 4 966961318
1 1 514 3 435362200
2 869 2673
2 3272 3665
1 1 3848 3 767784868
1 1 386 4 297989053
1 0 287 3 893684530
1 1 2033 1 846327887
2 2758 542
1 1 134 4 241463893
1 1 2649 2 166018625
2 1981 660
1 1 364 4 321331679
1 0 3823 4 875920691
1 0 3033 3 781157977
1 1 1657 3 960471369
1 1 1847 1 634306348
1 0 3691 4 984776286
1 0 2552 3 623485057
1 0 3905 2 696186431
1 1 1993 1 84589920
1 0 2254 1 906754976
1 1 123 1 578388096
1 0 679 3 161614256
1 0 1162 1 765272869
1 0 3204 2 883405272
1 0 530 4 754916933
1 1 2136 4 357986288
2 2150 298
1 1 1386 2 595234963
1 0 1839 1 840869978
1 1 2516 3 340835798
1 1 2268 3 390268545
1 0 628 4 278390990
1 1 770 2 72152298
1 1 2894 1 681108206
2 48 1290
1 1 1438 3 551260774
1 0 2014 4 403024935
1 1 3359 3 998233450
1 1 3374 4 605778064
1 0 1084 4 299131131
1 1 201 1 437083932
1 0 81 1 758987252
1 0 535 1 765992546
1 1 1954 3 831062682
1 0 2697 1 958373844
1 1 3491 2 40780291
1 1 3510 4 568959329
2 903 271
1 1 3661 1 473231413
1 0 539 2 712449895
1 0 1908 2 145916044
1 1 1670 2 89058435
2 1131 3224
1 0 747 3 692434801
1 1 3612 3 469944499
1 0 119 4 569738056
1 1 966 2 559279390
1 1 2251 4 608499050
1 1 1987 2 363638654
1 1 479 3 697610520
1 1 3213 3 711365781
1 0 1388 2 211502854
1 0 1945 1 138605219
1 0 547 1 453195999
1 0 1202 1 286044511
1 0 547 2 576982695
1 0 937 3 74269567
1 0 2973 1 747342113
1 1 3912 4 193391101
2 3202 493
1 1 698 2 869920199
1 0 3808 1 983129441
2 3794 2748
2 706 1352
1 1 1548 3 785359269
1 1 3509 3 345002422
1 0 1883 1 224020024
1 0 2263 4 78793431
1 0 1667 4 981256009
1 0 3638 3 947928034
1 1 3814 3 765405120
1 0 3736 1 873571678
1 0 862 2 154813693
1 0 3908 3 437806117
1 1 63 3 417181345
1 1 3732 2 50990617
1 1 1459 2 674989820
1 1 282 3 913409525
1 0 1068 3 355688514
2 1071 753
1 0 1560 2 589556829
1 0 3801 2 473532139
1 1 3967 4 524530892
1 1 1187 1 407256949
1 1 1979 3 2249425
1 0 1225 4 545738226
1 1 551 2 716217656
1 1 3639 2 350811891
1 0 263 1 220516187
1 1 1458 4 715289544
1 1 566 4 861363527
1 1 1483 1 994462724
1 1 1640 3 147782752
1 1 1173 2 577217132
2 74 3470
1 1 3059 1 774638585
1 1 37 2 802349256
1 0 2139 4 815506222
1 1 749 2 956889843
1 0 2699 2 127560487
1 1 3377 4 482309192
1 0 3338 4 330566935
1 1 3508 1 569429373
1 1 3960 2 271119622
1 1 2243 1 593402652
1 0 2433 2 846811567
1 0 2884 3 298546711
1 0 2769 2 326263228
1 0 1764 2 415316720
1 1 1778 1 551465948
1 0 3095 4 626899009
1 1 2689 3 742881443
1 1 1001 3 103841821
1 0 475 1 83085097
1 1 1229 1 154652084
2 2297 2111
1 0 3792 3 774510455
1 0 2935 3 587098203
1 1 2836 1 239165558
1 0 3581 3 177073341
2 2696 142
2 604 3362
2 2135 2325
1 1 71 4 279104884
1 1 4 3 662750941
1 1 2626 2 943160507
1 1 603 4 65539683
1 1 3145 3 751756185
2 1943 2575
1 0 2219 3 336460489
1 0 770 2 289567102
1 1 2895 4 141787699
1 1 1690 4 965219935
1 0 3988 3 673279667
1 0 1039 4 422146347
2 2381 1764
1 1 3776 3 711883662
1 0 3212 1 610280221
2 701 2919
2 431 1653
1 1 3387 1 787487901
1 1 415 3 501836876
1 1 3402 3 48912463
1 0 2131 3 616214381
2 3517 3865
1 1 3404 1 293061200
1 0 2530 3 891038361
1 0 3639 2 959823569
1 1 3065 4 674019599
1 0 1992 1 445788508
1 1 2436 3 403909157
1 0 2593 2 113570566
1 0 1627 2 557461694
1 1 1830 4 554742316
1 1 386 4 887281433
1 1 593 4 594565207
2 2058 88
2 258 72
1 1 2107 2 424348879
1 0 2629 3 900167596
1 0 1668 3 360623117
1 1 957 3 586493571
1 1 819 3 563987363
1 1 1556 4 134331532
1 1 1056 2 899910452
1 0 823 1 59452525
1 0 1626 2 990255101
1 1 3099 2 506236548
1 1 3348 4 873193338
1 1 2390 4 627540693
1 0 3624 2 427214790
1 0 2315 3 828390257
2 820 2232
2 3125 552
1 0 3660 2 711810827
1 0 1020 2 708628105
1 0 2242 2 500014744
2 1171 2339
2 3280 3403
1 1 2370 2 244626944
1 0 76 3 499753462
1 1 1099 1 973350949
1 1 352 3 225544502
1 1 3867 2 12239851
1 0 3628 1 772097135
1 0 2341 1 254732763
1 1 1324 1 388915673
2 1647 528
1 1 3255 2 59559899
1 1 3177 1 856142383
2 762 1622
1 1 2797 3 553319583
1 0 2367 3 772929543
2 270 3585
2 263 311
2 3735 3621
1 0 644 4 260450823
1 1 2773 1 473976825
1 1 2966 2 752753127
1 1 562 2 505730042
1 0 1207 2 703365806
1 1 3157 1 870399036
1 0 1492 4 58877814
1 1 1141 2 898075587
1 0 1348 3 832136841
1 1 579 3 45691448
1 0 973 3 593507128
1 0 1831 3 627171592
1 0 1915 3 223531523
1 1 60 3 179889986
1 0 1722 4 257689325
1 0 2447 3 275805467
2 3136 935
1 1 2420 2 938232128
1 0 3176 3 306941787
1 1 2442 2 917578277
1 0 3650 1 924326395
1 0 692 2 485051987
1 1 1347 1 183540180
1 1 3782 3 663266253
1 0 3521 3 173364926
1 1 2993 1 89483423
1 0 199 4 242787357
1 0 1012 3 607297706
2 2201 1821
2 2916 3594
1 0 409 3 503321980
1 0 2473 2 487763107
1 1 2480 4 841340217
1 1 3980 4 393788467
1 0 3460 1 982178324
1 1 2589 2 200998944
2 3169 1188
1 1 2266 3 959211873
1 1 2620 1 146304375
1 0 3043 3 91672218
1 1 1550 3 223788891
2 1815 2278
1 0 517 4 874851439
1 1 1427 3 250175492
2 3214 2326
1 1 2827 3 814933551
1 1 1655 1 8176172
1 1 3484 4 499339124
1 0 2161 3 6511776
1 0 3477 4 128547299
2 2870 1942
2 3913 270
2 1145 1999
1 1 1003 2 547898825
1 0 132 3 344732024
1 0 598 1 827320878
1 0 417 4 524089508
1 1 1881 4 157147502
2 104 1585
1 0 1704 3 75719649
2 3468 254
1 0 201 4 805743575
2 1056 2309
2 2714 232
1 0 179 1 465543096
1 0 3769 1 189752294
2 786 1820
1 1 382 4 430992153
2 2569 3970
1 0 833 1 548445925
1 0 3488 3 810280400
1 0 3243 3 826408232
1 0 2204 3 108745554
1 1 1964 3 49833616
1 0 3069 3 584614362
2 1528 2010
1 0 369 1 388755851
1 1 489 2 50373527
2 2062 1649
1 1 1617 4 194424049
1 1 2532 1 31792478
1 0 2512 4 459786923
1 1 3186 4 526861201
1 0 2183 1 383968118
2 3287 1340
1 0 2716 3 860728014
2 1236 1102
1 1 1993 2 552521626
1 1 2518 1 73646043
1 0 1991 3 164246499
1 1 567 1 791199799
2 2149 3276
1 1 1159 4 846358239
1 0 3795 4 523541058
1 1 442 3 797144838
2 2325 1371
1 1 1285 2 955697226
1 1 264 4 805183726
1 0 2526 4 435872303
1 1 513 3 328369176
1 0 1472 1 54348196
1 1 3278 2 618739155
2 2757 3672
1 0 1736 3 615200066
2 3295 1412
1 1 887 2 89332471
1 0 95 4 974483171
1 1 3018 2 409004060
1 1 3581 2 243528273
1 1 273 3 245910776
1 0 2476 3 422275051
1 0 421 1 606047129
1 1 1580 3 216078467
1 1 1719 1 675887224
1 0 1582 2 764459947
1 1 3925 4 222504804
1 1 1214 2 923032902
1 1 837 1 407776735
1 1 475 1 22516216
1 1 358 1 729363208
2 2781 2273
1 0 1469 4 90720684
1 0 722 3 578765758
1 0 3152 2 551737342
1 1 890 1 235339352
1 1 3425 1 45232981
2 1184 703
1 1 1812 4 58877404
1 0 2779 1 523396463
1 1 58 4 456568122
1 0 2043 4 187587808
1 0 2444 2 972312650
1 1 2603 4 860816706
2 1656 2176
1 1 2796 3 205800972
1 0 1553 2 634528182
2 2954 3781
1 0 3615 1 644462760
1 1 530 2 221025534
1 0 2940 3 60209211
1 0 1524 1 302437136
1 0 805 3 743291935
1 0 1239 3 239723431
2 12 707
1 0 3990 2 984609979
1 1 3669 4 246634522
1 0 2288 1 324858272
1 1 3645 1 187604974
1 0 2882 4 153923197
1 1 3701 2 213093643
1 1 3793 4 736866503
1 1 1110 3 829345973
1 0 1326 2 455893684
1 1 3397 4 361705063
1 0 3436 2 389365339
1 0 485 1 146952584
1 1 2642 3 558929074
2 590 202
1 1 148 4 428099997
1 0 3730 2 875409766
1 1 1728 4 399744960
1 1 2353 4 254435521
1 0 2093 2 271914292
2 3343 3872
1 0 1765 4 183258996
1 0 2554 3 412157444
1 1 2760 3 768852355
2 417 2562
1 0 942 1 829874605
1 0 3251 2 943389865
1 1 175 3 240983786
1 1 1003 2 492058350
1 0 1909 4 251214301
1 0 2844 4 423043127
1 1 1147 2 922897633
1 0 1786 3 571150376
1 1 3652 2 792299762
1 0 1707 1 420453595
1 1 3927 3 100530333
1 0 771 3 638765925
1 0 781 4 403376043
1 1 1764 3 22341477
1 0 78 2 131595016
1 0 2708 1 584208223
1 1 796 1 361004435
2 2389 1528
2 1600 3342
2 858 613
1 0 457 2 161926260
1 1 63 1 580211659
2 786 2914
1 1 2779 4 308309953
1 0 3500 1 826391023
1 0 3303 2 777292669
1 0 1220 3 239606703
1 1 3588 2 129540313
1 1 2471 4 206288054
1 1 588 4 884313886
1 0 1186 1 299281267
1 1 3157 3 308848988
1 0 875 2 240152319
1 1 389 1 895902436
2 2247 2446
1 0 2487 4 546148160
1 0 3220 3 551725395
1 0 1203 1 664687743
1 1 933 4 374395932
1 0 3987 3 892906973
2 529 1018
2 2127 857
1 0 1590 4 194001624
2 3739 346
1 1 2183 2 559274015
1 0 2093 1 41946056
1 1 2061 4 132929248
1 1 1187 4 602412406
2 2226 3041
2 25 3906
1 0 2807 1 328711664
1 0 2898 2 785732743
1 1 878 2 998537503
1 1 3762 1 909611735
2 2138 3468
1 0 1161 4 239037188
1 1 1095 3 351617589
1 1 522 4 356345048
1 1 1806 3 578081299
2 677 3025
1 1 3379 1 462620278
1 0 970 4 57558648
1 0 3608 4 410403749
1 1 120 3 157545352
1 0 3557 2 484140633
1 0 146 3 106341134
2 3932 3152
1 1 3800 2 465169572
1 1 3986 1 974912121
1 0 3811 4 501651538
1 0 3122 1 496619245
1 1 3728 3 477812569
1 0 172 4 166478290
2 2642 3464
1 0 3368 4 711519986
2 3089 2
1 0 3916 2 902248974
1 1 926 3 946930152
1 0 635 1 862765869
2 2353 1709
1 0 457 4 143530497
1 1 1309 2 568325479
1 1 3274 4 99263025
1 1 3846 4 632659778
1 0 2745 1 371326895
1 0 2001 1 136266538
1 1 686 1 523063530
2 2348 2065
2 497 1095
1 0 2090 2 949428224
2 595 2274
1 0 70 3 613308600
2 3693 3057
1 1 365 1 174801015
1 0 2182 2 452162181
1 0 571 3 448281757
2 3129 2869
1 1 3166 1 445356017
1 1 2122 3 103438742
2 3549 3097
1 0 738 4 930538306
1 1 1021 1 37223607
1 1 2092 4 68075145
2 3326 2551
1 0 2249 1 737807570
1 1 1233 2 674076935
1 1 1146 1 335105237
1 1 3555 3 190546010
1 0 2347 3 83759747
1 0 390 4 238192014
1 0 1950 3 33853763
1 0 2566 3 505840038
1 0 1201 3 140047251
1 0 2488 3 677322315
1 1 1068 3 404554437
2 384 350
2 3668 16
1 1 2824 1 412399514
1 1 32 3 379284788
2 2933 972
1 1 3776 1 314130111
2 2256 2816
2 918 3431
1 1 1237 4 631453580
1 1 3281 3 849486725
1 0 1119 2 266150039
1 0 1990 1 636773317
1 0 751 2 122789374
2 73 1079
1 1 3193 4 111028208
1 1 3767 3 162404300
1 1 175 2 62762340
1 0 2771 2 752816147
1 0 2195 4 135580101
1 1 102 1 124977828
1 1 647 1 500907332
1 1 3988 1 107781178
1 0 3541 3 714890481
2 421 2801
1 0 1793 1 651630533
2 2714 19
1 0 459 1 380731205
1 1 1775 2 692672150
1 0 2979 3 565512372
1 0 1052 1 976852097
1 1 627 4 208926856
1 1 844 1 689312166
2 1569 3489
1 0 2089 1 706564861
1 1 1637 2 475344886
1 1 436 2 747599209
1 0 2574 3 104438870
1 1 773 3 881405730
1 1 3512 1 832433929
1 1 2765 3 621488313
1 1 3465 2 495926397
1 1 1478 4 410738391
2 3729 1152
1 1 1966 1 902824039
1 1 1672 1 324405930
1 1 413 3 358634898
1 0 2328 3 464108740
2 3232 2600
1 0 1396 3 702642763
1 0 3191 2 737949996
1 1 2547 4 658280211
1 0 1014 1 218275228
2 3438 2332
1 1 3988 1 604242127
1 1 2045 3 947974871
1 1 3755 1 654802056
1 0 1275 3 478125152
1 0 296 3 978753553
1 1 796 1 962108649
1 0 2427 1 237133680
1 0 2790 3 299622246
1 0 3090 4 196429209
2 1770 2692
1 0 112 4 487172348
1 0 3396 4 711394901
1 0 1269 4 49542019
1 1 265 3 406458467
1 1 3542 2 543899239
1 1 3266 2 74831921
1 0 2877 2 675209249
2 416 1339
1 1 1017 4 909321185
1 0 3832 2 943471224
1 1 1552 3 709403194
1 0 778 1 306746020
1 1 3371 1 220265031
2 2785 1308
1 1 34 3 292083475
1 0 2045 3 340040592
2 2578 1384
2 170 1793
1 0 3870 3 686307007
2 1988 1718
1 1 595 4 115642750
1 0 3205 3 172139540
1 0 2876 2 542483170
2 199 1428
1 0 2408 4 979882330
1 1 3681 3 321091564
1 1 3674 4 289373487
1 0 2835 2 632471147
1 1 1878 1 864519375
1 1 3275 2 435913315
1 1 2203 1 798107433
1 1 1419 2 770657060
1 0 738 1 89493095
1 1 2345 2 464482378
1 0 2946 3 280596511
1 0 1758 1 508487580
1 0 2232 4 80897835
1 1 569 3 404928813
1 1 2282 4 361020048
1 1 3663 4 173388063
1 0 804 4 75975654
1 1 406 2 847401738
1 1 2512 3 198446609
2 2327 2563
1 1 1979 1 983703801
2 1658 3293
1 1 3869 3 268054537
1 0 3141 2 932618748
1 1 3177 1 99302383
1 0 3294 4 892204759
1 1 1026 2 391463299
1 0 2986 3 988367866
2 2811 2257
1 0 2812 3 889783988
2 2295 1305
1 1 1984 2 49674045
2 3082 3618
2 255 3511
2 1768 218
1 0 97 1 484967430
1 0 3347 3 784347380
1 1 1463 1 936947119
2 3739 3450
1 1 1468 4 785828625
1 1 1579 1 181035568
2 1517 2819
1 0 2124 4 923597328
1 1 1092 3 401463814
1 0 338 1 419925860
1 1 1984 2 568487104
1 0 1616 2 726970398
2 3534 3458
1 0 325 2 29335854
1 1 270 4 608905757
1 1 1940 1 193742064
2 581 1684
1 0 773 1 260329613
1 1 3995 1 473212925
2 2261 862
1 0 2400 3 139162306
1 1 3212 2 163444247
2 2815 1140
1 1 3288 4 702928871
1 1 100 3 377186271
1 0 147 2 65849583
1 1 3629 1 550321459
1 0 3476 1 526553476
1 1 2103 4 436047692
1 1 997 1 341938503
2 793 2303
2 294 995
1 1 1571 3 620977862
1 0 1028 4 788060298
1 1 3211 1 965144174
1 0 3251 2 47305682
1 1 180 4 622817921
2 3542 950
1 1 2577 2 555815623
2 3236 3310
1 0 593 3 160482107
1 1 3638 1 426791557
2 2321 972
1 1 3959 1 223098115
1 0 2483 3 138383382
1 0 1124 2 742522526
2 3465 309
1 1 2914 3 896792482
2 2974 110
1 0 1536 1 845131004
1 1 2775 3 653275549
1 0 3209 1 138342209
2 3938 3231
1 0 93 3 963191167
1 1 3794 1 753689973
1 1 268 4 147746069
2 125 2311
1 1 1133 2 760277306
1 1 3516 2 692636107
1 1 3816 1 889879589
1 1 360 3 719221277
1 1 904 4 575159208
1 0 3539 1 541485785
1 1 3401 3 207431734
1 0 3582 4 777971201
1 1 2669 3 993583731
1 1 1760 4 945548120
1 0 729 3 689181137
1 1 2004 1 506450254
1 1 3150 3 395557327
1 1 104 3 353997694
1 1 1956 2 107898210
1 1 897 1 661039651
1 1 2150 3 553456522
1 0 1221 3 352441991
1 0 2492 4 345192139
1 1 2591 3 951595564
1 0 3789 2 593610349
1 1 2288 3 243388576
1 1 3952 1 774720476
2 2102 3619
1 0 2640 3 448854298
1 0 1642 2 176808124
2 2722 2310
1 1 2403 2 816813933
1 1 1774 2 314775832
1 1 184 1 447972419
2 3566 2642
1 0 3757 4 215908224
1 1 1965 3 416917834
1 0 3753 4 272347112
1 1 994 1 879221203
1 0 3580 2 931357958
1 0 2884 2 42296461
1 1 2569 4 646365944
1 1 3703 4 30508304
1 0 2851 3 906040455
1 0 2955 4 724843221
1 0 2669 4 757859438
1 1 600 1 267745024
1 1 2736 4 317899839
1 1 1952 1 279799694
1 1 2286 4 889361084
1 1 3247 3 230962192
1 0 527 2 757789117
1 0 32 4 471121113
1 1 1070 2 918810578
1 0 3415 3 384739486
2 3289 3
1 0 246 2 761418685
1 1 1943 4 751779784
1 0 1631 4 216795053
1 0 1160 2 673948038
1 0 293 2 217318540
2 3252 3867
1 0 2002 3 164987425
1 0 3230 4 540911368
1 1 763 1 549279821
2 1370 90
2 2958 3738
1 0 242 2 995180783
1 0 2377 1 548893713
1 0 2703 2 380113057
1 0 2811 4 509563619
1 0 540 2 441541265
1 0 2948 4 904534559
1 1 1880 1 972349107
1 1 1629 2 532902083
1 0 1334 4 404944177
1 1 2758 1 966903079
1 0 3125 2 469669214
1 1 3330 4 674466791
1 1 384 1 547078928
2 2675 2999
1 0 2040 3 678856189
1 1 2526 4 9746974
1 0 2225 4 423120448
1 1 1305 2 16618814
1 0 1697 2 326753031
1 1 3448 1 88927176
1 1 1334 3 841330489
1 0 3237 2 161722160
1 1 240 4 184058684
1 1 1076 2 67525597
1 0 779 4 487567751
1 1 3566 1 497598390
1 0 3287 3 417624664
1 1 1142 3 359684719
1 1 3070 1 724409392
1 0 408 2 909670653
1 1 3776 4 256553323
1 1 2538 1 440796056
1 1 2603 1 148095910
1 0 2143 4 338396069
1 1 1548 1 908664022
1 1 92 4 492908094
1 1 1728 2 465307061
2 1899 3343
1 0 3670 2 60782085
1 1 3193 1 998242230
1 1 1529 1 249452916
1 1 3104 1 412281923
2 3239 820
1 1 3303 4 191820801
1 0 2104 3 289447570
2 2866 3659
1 0 3002 2 841735976
1 0 732 3 155723280
1 0 3328 2 242870622
1 0 2805 1 72536474
1 0 329 1 877528831
2 2331 3002
1 1 3163 1 472086815
1 1 63 2 812093497
1 1 1636 1 723234142
1 1 3685 3 322845839
1 1 1160 3 979596756
1 0 570 4 473577273
1 0 3241 2 215007735
1 1 1629 4 339150533
1 1 2212 4 526103320
1 0 1304 2 527692438
1 1 57 1 939808774
1 0 2498 1 37303905
1 1 2614 1 792138988
1 0 1101 4 926060212
1 0 3947 2 649187123
1 1 3580 3 448449775
2 3361 1525
2 338 366
1 1 574 3 906794499
2 387 2971
1 1 1811 4 711891553
1 0 3724 4 985981125
1 0 2170 4 502784069
1 1 532 2 573060072
2 2516 549
1 0 3880 4 75379621
1 0 2838 3 122864401
1 0 701 1 234069341
1 0 2869 3 371863121
1 1 3986 2 487145856
1 1 2162 4 251688166
1 0 2839 2 418230162
1 1 3547 1 322619843
1 0 808 3 720222079
2 1764 1278
1 0 3540 2 681795320
2 3025 3526
1 0 2260 1 945786739
1 0 922 2 390319677
2 3480 1413
1 0 1688 3 623476926
1 0 3923 1 826923957
1 0 634 3 281818942
1 0 3763 3 118905413
1 1 3875 1 209082491
1 1 538 3 30742354
1 0 1023 2 146876225
1 1 3137 4 356611177
2 36 3396
1 1 2371 3 904986710
2 3822 1207
1 0 786 3 238332928
2 2160 211
1 1 2507 1 990809341
1 1 1545 2 423200416
1 0 2327 4 265262459
2 398 1446
1 1 1110 4 493585677
1 0 881 4 542792091
1 0 3202 4 489051032
2 796 405
1 1 1660 3 834740832
1 0 715 2 400218664
1 1 991 4 647944647
1 1 1271 3 955477817
1 0 160 3 221812324
1 1 1502 2 530311087
1 1 966 3 811042651
1 1 1402 1 485530006
1 1 1442 1 62846118
2 1997 3031
1 1 3902 4 223622861
1 1 3991 4 187996987
1 1 2286 3 413829819
1 1 2643 2 748324475
1 1 3331 2 619120880
1 0 3218 2 55904102
1 0 3469 2 905997700
1 0 834 3 542443214
1 0 177 4 394141265
2 3060 1586
1 0 3795 4 477753105
1 1 2814 1 314879926
1 1 1464 2 361702529
1 1 3828 2 792546334
1 0 2870 1 300912631
1 0 2513 2 109767257
1 1 696 4 493906573
1 0 1176 4 231246295
1 1 2857 4 287177965
1 0 2036 4 729363494
1 0 3494 2 572876556
1 0 276 2 293568034
2 3299 3292
1 1 1907 3 715319360
2 376 2240
1 0 523 2 544805557
1 1 366 1 734721942
1 1 3122 2 490586555
2 2150 1133
1 1 3081 3 908565822
2 3 2286
1 1 484 2 308554640
1 0 1048 3 973332660
1 0 3730 4 810502209
1 1 2959 4 427572719
1 1 1908 2 457269374
1 0 1707 4 373061967
1 1 749 3 656541724
2 999 978
1 0 2978 1 614341842
1 1 2645 3 898099358
1 0 415 1 538457128
2 773 1245
2 927 2570
1 0 583 2 265037343
1 0 1141 3 990258301
2 2188 737
1 0 3508 2 870712607
1 0 931 2 232417698
1 1 2243 3 118254147
1 1 252 2 618432609
2 2432 3257
1 0 532 4 371640818
2 3753 464
1 0 1283 3 587673434
1 1 563 3 114361693
1 0 1006 1 439361233
1 0 3408 2 137938257
1 0 1533 1 280543989
1 0 698 3 628471145
2 3583 443
1 1 1246 1 639735012
2 14 217
1 0 3959 4 569708879
2 1208 2833
1 1 3798 4 219751141
1 1 506 2 428448656
2 523 2427
1 1 2398 2 384917257
1 1 1058 1 51419837
1 1 3336 3 315208111
1 1 3219 4 568156555
2 1961 662
1 1 493 1 579461841
1 0 481 4 336603125
2 759 3043
1 1 3400 2 519984633
1 0 273 1 641421055
1 1 1399 1 585969976
1 1 1713 1 301565948
1 0 2564 2 529712165
1 0 3974 4 596326211
1 1 3760 1 127893576
1 0 748 3 301171672
1 1 411 4 124407191
1 1 1571 2 197495303
1 0 1380 1 681828973
2 3186 1735
1 0 3282 3 709350185
1 1 1776 2 188022857
1 0 634 4 584841256
1 0 1147 3 774951814
1 0 1710 3 191499088
1 1 2366 1 91028323
1 1 3067 1 817171415
1 1 3760 4 245318555
1 1 1807 1 32754745
1 1 3604 3 267977490
2 3642 2611
1 1 1593 4 585631307
1 0 2179 4 801363513
1 0 3317 1 117887842
1 1 90 4 415546574
1 0 1017 2 540920124
1 0 3417 3 858407616
1 1 3745 1 937086360
1 1 2477 4 354990592
1 1 11 1 442547434
2 3680 2369
2 3235 2779
1 1 1493 1 963354123
1 0 3968 3 88192545
2 2108 3313
1 0 3467 2 858377910
1 0 1195 3 334209002
2 2886 1321
1 0 1921 1 317208439
1 0 2431 1 415830870
2 1633 559
1 1 1038 3 634554971
1 0 3724 4 135717144
1 1 512 1 258719674
1 1 1301 2 618592944
1 0 1832 1 746880381
1 0 2120 3 590035078
1 0 58 4 761230426
1 1 1188 4 303213241
1 1 3238 1 456699799
1 1 555 1 875176307
1 1 2164 2 922150648
1 1 1689 2 393489885
1 0 3673 4 42041277
2 2569 3601
1 1 1479 4 391337344
1 1 2182 1 310761134
1 1 856 1 891813906
1 0 3096 2 421855332
1 0 106 3 754009896
1 1 3751 4 747059044
2 140 1438
1 0 1899 4 830938702
1 1 3318 2 735346159
1 1 3412 1 275555992
1 1 1377 1 876004274
1 1 1972 4 88903425
2 1707 30
1 1 1560 3 969754024
1 0 2601 3 847683384
1 0 1373 3 968685102
2 3571 3895
1 0 3905 4 433654955
1 1 935 3 865780388
1 1 3010 4 549765669
1 1 2589 2 264582864
1 0 165 1 82770159
2 2183 1474
1 1 1317 1 869410600
1 0 3746 2 328660214
2 3169 670
1 1 3100 2 606768603
1 1 1617 3 396903519
2 124 1106
2 1863 45
1 0 3948 3 211302775
1 0 1739 4 50845336
2 3356 2539
1 1 3802 2 329211384
1 0 857 1 996269395
1 0 1443 2 10123912
1 0 1228 3 458069411
1 0 3863 4 86508800
1 1 2285 4 819748742
1 1 96 2 273763531
1 0 3457 1 503683922
1 0 3399 1 195743722
1 0 3748 1 700534028
1 1 2253 4 377298917
2 3696 2090
1 1 1325 2 297174231
1 1 137 1 757761858
2 2427 2909
1 0 1477 1 431667952
1 0 3465 2 653539868
1 1 2450 4 989859130
1 1 3652 1 272705089
1 0 1666 1 566053138
2 3499 3315
1 0 2761 2 615669518
1 1 1102 2 289551551
1 1 3745 4 590265729
1 0 2334 3 213042354
1 1 1997 4 730065699
1 1 1746 4 799955647
1 0 1626 4 329413032
1 1 474 2 477322481
1 1 121 1 116202315
1 0 174 3 878597951
1 1 3324 4 919516620
2 3908 3507
1 0 1319 1 161385751
1 1 1523 2 750343985
1 1 2067 3 32399413
2 2810 846
1 0 2429 3 530655527
2 113 916
1 0 1984 4 171130000
2 1161 3069
1 0 1426 4 156146748
1 1 3733 2 513973335
1 1 1317 3 733807125
1 1 1720 3 157976668
2 1798 2834
1 0 3794 2 5657390
1 1 3161 1 109514115
1 0 2753 4 527101918
2 3339 3898
1 0 2384 2 673999581
1 0 311 3 342004900
1 0 1806 3 327424193
1 1 2168 2 662592511
1 1 1451 4 193729567
1 0 721 4 145030317
1 1 101 3 779150595
1 0 2901 2 619426849
1 1 2440 1 926420778
1 0 2337 3 848830826
1 0 835 3 922655940
1 0 3092 1 581189778
1 1 2126 4 358902175
1 0 1553 2 445573633
1 1 3328 3 835591873
1 1 828 4 38500075
1 1 1514 1 739672267
1 0 215 1 576170327
1 1 2026 1 504503480
1 1 3852 2 143967116
2 421 2744
1 1 3534 2 244401095
1 0 1641 2 572100822
1 1 3397 1 281206549
1 0 3885 2 507308486
2 1304 2559
1 1 324 2 814150379
1 0 3867 4 425561855
2 231 165
1 0 1867 2 614434385
1 0 2379 4 855380321
1 1 2800 4 2872943
1 0 1607 4 891556075
2 186 3664
1 0 2468 1 890374377
1 0 2473 4 350887015
1 1 919 4 166982704
2 1546 1803
2 467 3613
1 1 3447 2 318840120
1 1 2269 2 193697629
1 0 2610 4 254020187
2 1332 3030
2 1769 2273
1 1 3534 1 374914692
1 1 3723 2 943851511
1 0 1386 2 541504440
1 1 522 4 119935037
1 0 1406 1 382084451
1 1 3608 1 6718543
2 2927 638
1 0 149 1 54301582
1 0 3248 3 3707605
1 0 2446 4 582084434
2 2744 182
2 100 3920
1 0 3628 3 515634297
1 0 1735 4 655602684
1 1 1368 4 777697394
2 2713 606
1 1 3748 4 459653253
2 1032 1906
1 1 231 2 762864130
2 1086 1881
1 1 2883 1 765224535
1 1 536 4 861375124
1 1 2700 3 865954725
2 917 1176
1 1 3137 1 891825125
2 890 726
1 0 1041 2 533860595
1 1 1947 2 41931942
1 1 2098 4 288454358
1 1 561 3 259866236
1 1 3595 3 860055455
1 1 2147 2 3914347
1 0 3187 1 503942363
1 1 327 4 780953474
1 0 3628 1 559698424
1 0 3191 1 446573577
1 1 2320 2 803582323
1 0 603 3 843026228
2 1527 2056
1 1 1409 1 825725784
2 1651 249
1 0 764 3 740375065
2 1392 743
2 3177 3774
2 3609 2211
2 2652 1948
1 0 3414 2 943130742
1 1 2428 1 430766353
1 0 2000 1 595875266
1 1 3973 2 546320545
1 1 891 3 380914924
1 1 2054 4 57379521
1 0 2453 4 847587951
1 0 674 2 507765230
1 1 844 1 91225264
1 0 1192 1 784959640
1 0 31 3 752714803
1 0 3439 1 835879224
1 0 3026 3 2217404
1 0 2880 1 815772209
2 2904 990
1 1 2712 1 864704401
1 0 929 2 647902358
1 0 3635 1 845916973
1 0 1591 2 817888306
1 0 3421 1 74254674
1 1 2490 1 514062773
1 1 2056 4 593410178
1 0 196 4 258012650
2 3553 1894
1 1 1077 4 875056102
1 1 2545 1 968275931
2 1167 1485
2 2420 952
1 0 1765 3 251949097
1 0 1632 2 947043557
1 1 938 1 744142370
1 1 1797 1 374960116
1 0 583 4 624411514
1 1 2921 1 365223566
1 1 1407 1 777905588
1 0 3624 1 635546535
1 1 3333 3 38636101
1 0 3325 1 269790114
1 1 3731 2 828236786
2 2056 757
1 0 3635 1 475054372
1 0 2187 2 571344708
1 0 185 3 532895356
2 1917 2961
2 2458 1929
2 1685 1357
1 0 3269 3 368140927
1 0 3736 4 421131902
1 1 3641 4 442748688
1 0 98 2 362124834
1 1 3957 4 172524356
1 1 3687 2 552632892
1 1 1009 4 704785097
1 0 1119 1 930655821
2 1454 2046
1 1 3732 3 119030434
1 1 492 3 172650180
1 0 4 2 738444125
1 0 272 2 766891799
1 0 2369 3 72654210
2 3044 1061
1 0 2882 2 944083084
1 0 2697 1 181359148
1 1 3020 3 670694372
1 1 1481 4 735732319
1 0 1768 3 772901167
1 0 627 1 50455561
1 1 3565 4 911454382
1 0 2900 2 332303600
2 1835 707
1 0 1817 4 952371877
2 2276 1645
1 0 3980 2 745903340
1 1 2169 1 565035799
1 1 1045 1 59185271
2 2879 2828
1 0 2214 3 952451110
1 0 2550 1 603539808
1 0 1709 3 309959170
2 1478 2153
1 0 3373 1 488593039
1 0 2922 3 791007697
1 0 3698 2 182571045
1 0 1834 1 642347183
1 0 1605 4 245207391
2 3046 452
1 0 1214 1 291196494
1 1 899 1 3858935
1 0 1675 2 966179805
1 1 2033 3 328386294
1 0 236 2 471098551
1 1 2751 1 171982069
1 1 1429 3 120673529
1 0 1670 1 323351017
1 0 3777 3 316536386
1 0 1231 4 484170446
1 0 2373 1 749453417
1 1 3989 4 143423708
1 1 76 1 321812390
1 0 3962 4 427055881
1 1 2185 2 277712446
1 0 3707 3 550603694
1 0 857 2 30278573
1 1 3007 4 192514925
1 0 501 2 933815531
1 1 2909 1 17858897
1 1 3385 3 854506095
1 0 1070 4 588766266
1 1 1806 3 938947050
1 1 2789 3 122731437
1 0 2746 4 416222162
1 0 2286 3 375959248
1 1 2083 1 98209000
1 1 2243 3 874814182
2 2865 245
1 1 2884 1 779695755
1 1 3814 3 982874747
1 1 1759 2 86257637
1 0 2023 4 394916561
1 1 532 3 74021099
1 1 111 1 41878288
1 0 869 3 490210086
1 0 3065 3 159684734
1 1 3788 3 310807528
1 0 3220 3 925354359
1 1 122 1 972796660
1 1 3144 2 70544150
1 0 17 2 712749039
1 0 2180 1 835253044
1 0 3949 2 370806337
1 1 2763 4 516383741
1 0 504 1 138944387
1 1 2151 1 98122024
2 1878 2997
1 1 1392 4 197277958
1 0 3755 4 557131715
1 1 1229 2 664355708
2 2866 2575
2 2260 3168
1 1 709 2 416247479
1 1 836 1 211443538
2 1334 1540
2 3719 3584
2 3771 1147
1 1 2062 1 202449009
1 1 217 2 562682574
1 1 3224 3 667423453
2 2449 3437
1 1 2440 2 379963600
1 0 1282 1 629041512
1 0 10 2 152011198
1 0 950 1 111834714
1 1 516 3 901795673
2 1604 245
1 1 696 3 204032888
1 1 1853 4 231408021
2 408 2083
1 1 1429 1 375291462
1 0 2458 4 128001690
1 1 628 3 260156568
1 1 2151 1 958239424
2 3832 217
2 2541 1478
1 0 2116 2 247277091
1 1 2446 4 770714450
1 1 2358 3 311900342
2 493 923
1 0 1959 2 707349919
1 0 1516 3 821909718
2 3131 3828
2 1785 3073
2 2780 1205
1 1 1345 4 27978953
1 1 2409 2 517085628
1 1 1717 1 891011267
2 234 1382
1 0 157 4 246810581
1 1 1474 1 756289510
1 0 3301 2 857094538
1 0 1293 2 176355227
2 2318 2904
1 1 2444 4 226193819
1 1 226 4 151606643
1 1 1894 3 908135910
1 0 476 4 573284803
1 1 3000 2 773104251
1 0 2116 2 562841608
2 728 362
2 894 757
2 3884 3574
1 1 3234 4 649330331
1 1 1811 1 88622953
1 0 2249 4 720558645
1 1 493 1 685154048
1 1 2229 1 430063669
1 1 2015 4 320463224
2 873 1130
1 0 3686 4 536070112
1 1 874 1 421739925
1 0 2648 2 85548869
1 0 1180 1 987394385
2 1435 1483
1 1 3514 1 749418141
1 1 3697 3 146118941
1 1 1421 1 607272930
1 1 3266 3 951908846
1 1 2410 3 627142013
1 1 746 1 982701839
1 0 704 3 121038740
1 1 3505 3 672687321
1 0 872 2 248448783
1 1 1288 2 721957012
1 0 1718 1 482315213
1 0 2593 3 549485088
1 0 3606 4 917629664
1 1 1063 3 601173804
1 0 1753 3 165788938
2 2270 3266
1 1 1553 3 515717623
1 0 3775 1 26878509
1 1 3250 4 493024086
1 0 3996 1 392287841
1 1 3384 4 338526206
1 1 2684 2 914088985
1 1 2918 3 607102363
1 0 3850 4 410084213
1 0 2435 2 954232085
1 1 1247 2 90576546
1 0 3326 1 410551703
1 1 515 4 657578555
1 0 3657 1 616309754
1 0 1553 3 892922027
1 0 3679 4 219199009
1 0 1657 2 235025936
1 0 89 2 393656999
2 928 1530
1 0 1013 3 958955873
1 1 586 1 902231419
1 1 1960 1 524319239
1 1 529 1 879822887
2 257 1838
1 0 3964 1 749703231
2 2515 2193
1 1 1262 2 470613545
1 0 1908 3 469015206
1 1 2616 3 870515912
2 151 2343
1 0 2997 1 772346155
1 1 707 3 406218841
1 1 1678 3 990055280
1 0 167 3 596344295
1 0 936 4 437380300
1 0 1186 4 79357489
2 10 3509
2 1954 3513
1 0 1041 2 697599587
1 0 1908 3 372911510
1 1 2833 2 50793238
1 1 371 4 282796785
1 0 1058 1 858433270
2 3043 1288
1 0 2273 3 610181318
1 1 3757 2 653666715
1 0 3565 4 37927102
1 0 3245 4 191115042
1 1 2559 1 48072554
1 0 674 4 96968184
1 0 2771 1 630089245
1 1 3299 1 830579046
1 1 3364 4 455562790
2 389 1024
1 0 3757 4 700450415
1 1 3984 4 171584781
1 1 1006 3 673896352
1 1 2519 1 877561608
1 1 1377 1 649084819
1 1 224 3 754573551
1 1 978 2 517266059
2 48 3084
1 1 2761 2 334269405
1 0 2467 2 407792737
1 0 2918 4 326792538
1 1 1336 3 879543439
1 1 447 4 741671996
1 0 2307 2 60585808
2 2240 3976
1 1 308 4 572655389
1 0 3104 3 28799676
2 714 1638
1 0 3989 1 959025289
1 0 3659 4 456552357
1 1 238 3 683423107
1 0 3308 2 237819202
1 1 840 2 179747175
1 1 2051 2 218959324
1 0 2151 3 386125557
1 1 2103 4 588703150
1 1 1940 4 209819558
1 1 3809 1 123295175
1 0 490 2 189704153
2 3139 2229
1 1 1184 1 971258533
2 2625 3480
1 0 3695 3 358034069
1 1 1954 4 189415883
1 0 713 3 130423284
1 1 157 1 235669005
1 0 2762 1 38542583
1 1 1760 4 788891269
1 1 58 3 980500272
1 0 2587 4 988778545
1 0 2892 2 293619493
1 1 989 4 422849809
2 3807 1079
1 1 66 3 362263833
1 0 1334 1 585953560
1 0 2519 3 731943756
1 0 3495 2 365838476
1 0 1999 4 962752321
1 1 2385 1 96562033
1 1 1682 1 527924707
1 0 3104 2 223285037
1 0 326 2 205899022
1 1 1264 4 621020253
1 0 2640 4 177847375
1 0 3149 1 228371473
1 1 2903 4 663041715
1 1 756 4 396625025
1 1 2464 1 899775261
1 1 3032 2 210500277
1 1 2993 1 614377900
1 0 2927 1 123373379
1 0 373 1 766190090
1 1 221 1 459012653
1 1 3101 1 603561521
2 1373 3361
1 0 2161 4 946869291
1 0 652 3 333972610
1 0 507 3 539962769
1 1 2334 3 160506723
1 1 259 2 632030184
1 0 3214 2 600473143
1 0 2894 3 169653769
1 0 1960 4 634701996
2 3164 3899
1 1 3744 2 47997687
1 1 2736 2 939427971
1 1 3576 3 553527456
1 1 2538 4 289632607
2 1569 854
2 2905 3346
1 1 1434 2 722864215
2 3888 53
1 0 3244 3 418346250
1 0 2349 4 321939875
2 3617 3243
2 1063 1032
1 1 205 1 265628309
1 1 2041 1 166649003
1 1 2577 2 617192297
1 0 1884 3 382835433
1 0 3894 3 545898106
1 0 1639 2 150381782
1 1 1402 3 76826619
1 0 1594 4 732910378
1 0 3426 3 194758119
2 1074 25
1 0 180 3 441480053
1 0 3213 4 961296317
1 1 498 4 373132417
1 1 42 1 592632332
1 0 928 4 775543387
2 2485 2290
1 1 749 4 437670872
1 0 3562 3 325958912
1 1 1499 4 122984381
1 1 1584 4 22743857
1 1 2593 2 390899171
1 0 2531 2 613956627
1 0 3556 3 992479259
1 1 634 1 362928122
2 705 2312
1 0 2779 2 878396454
1 1 2478 1 361027437
1 0 1724 2 903273760
1 1 2030 4 884582353
1 1 730 4 440362262
2 1973 200
1 1 3388 1 134859806
1 0 3666 3 605649383
1 0 1913 4 565230176
2 3789 2043
2 1424 2304
1 0 3088 1 703782524
1 0 2686 1 432472821
2 711 2443
1 1 3935 2 688023404
1 1 2454 4 703211466
1 1 1286 4 136600367
1 0 1502 3 201108059
1 0 968 2 702256912
1 0 3993 4 252525849
1 0 197 4 485653055
1 0 1536 3 58672430
1 1 798 3 233134750
2 3313 411
1 0 1079 1 411274742
1 0 228 3 744420122
2 3834 156
1 1 3990 2 834179549
1 1 1841 2 616988776
1 1 290 4 910483735
1 1 902 1 502283364
1 1 1431 1 409220118
1 0 766 2 654454713
1 1 3961 2 341064231
1 0 1929 2 628424938
1 1 3829 1 65591287
1 0 3613 4 456743414
1 1 2460 1 374635459
1 0 1590 3 893436762
2 2222 1726
1 1 2717 4 156149327
1 1 3596 1 350258884
2 3688 823
1 1 730 4 730012056
1 1 2500 2 657707114
1 1 504 2 719153540
1 0 1653 2 970470697
1 0 3719 2 28417515
1 1 3957 1 792195899
1 1 3588 2 536336062
1 0 1530 4 932595907
2 3002 327
1 0 2137 2 500388609
2 3870 2546
1 0 2001 4 596640355
1 0 775 4 37464720
2 1749 2256
2 1101 1909
1 1 3703 1 717195370
1 1 741 1 12126974
1 1 3250 4 525696444
1 1 1686 1 976397059
1 1 1976 1 882291761
1 1 3091 4 880769245
1 0 2524 2 351585792
1 0 3683 3 961676222
1 0 1471 1 336178241
1 1 3976 4 284965477
1 1 3657 2 40298852
1 1 2882 2 411502609
1 1 355 3 29193233
1 0 1639 3 926521955
1 0 2755 4 50271360
2 1885 469
1 0 2416 2 684653865
1 1 1230 4 264395330
1 0 1922 3 271435528
1 1 1677 4 806105798
2 2750 219
1 0 2109 3 842930014
1 0 3351 4 674636441
1 0 1248 4 418573753
1 1 758 2 821436934
2 1278 1663
1 1 1531 3 94771293
1 0 424 4 213837259
1 0 2145 1 234749850
2 3023 323
1 0 2706 1 309795525
1 0 645 3 446476295
1 1 3058 2 826440535
1 1 685 2 258800618
1 0 3666 1 631234037
1 1 3699 2 265415682
1 1 934 2 628455337
1 0 3190 1 78128146
1 0 551 2 884270950
2 3244 1457
1 1 3141 4 540012668
1 0 3048 4 198737790
1 1 3116 1 590483134
2 2829 2269
2 928 2622
2 3803 2048
1 0 2648 4 697618682
1 0 1918 1 817590109
2 22 1306
1 1 991 3 396532260
1 0 3495 4 13204102
2 2556 2631
1 1 2883 2 542633749
1 0 3271 2 12576188
2 223 1757
1 1 3752 4 10290309
2 970 1832
1 1 3449 1 587640565
1 0 2562 4 169964391
2 2771 1903
1 1 434 1 35503341
1 0 1571 2 762746614
1 0 843 4 948931886
1 0 1651 1 635171633
2 412 1826
1 0 2517 1 157319875
1 0 2233 2 578008560
1 1 3840 4 948728105
1 0 2840 1 576119586
1 1 3442 1 657298072
2 148 2931
1 1 3201 3 940101539
1 1 2549 4 398296576
2 3839 839
1 1 3280 2 383119158
1 0 2546 3 565121145
1 0 3447 3 478497754
2 3905 3107
1 0 3505 4 859967955
1 1 1978 1 826774177
2 2255 3661
1 1 52 1 215048344
2 111 3414
1 1 1551 1 377482419
1 0 2225 1 661112259
1 0 3968 1 60569465
1 0 161 4 615055555
1 1 3406 2 230883182
1 1 270 1 293356380
2 1475 2759
1 1 1638 3 624077469
2 3125 2846
1 0 2429 1 44217681
1 0 2425 2 216123496
2 112 2757
1 1 2190 1 825512534
1 1 1041 3 764327761
1 0 2609 1 621632857
1 1 2397 1 468351961
2 1167 3738
1 1 1432 1 790418498
2 3457 794
1 1 1483 3 496275287
1 0 1287 2 539250255
1 1 3451 4 114186776
2 2455 968
1 1 2624 4 615674808
2 488 2167
2 946 738
1 1 2408 1 752149377
1 0 1229 4 66367734
1 0 894 3 126635657
1 0 2974 1 448097127
1 1 3631 2 33130998
1 1 605 4 69377289
1 1 3145 4 336099496
1 1 2086 2 74047564
1 1 3572 4 195525077
1 1 2314 4 676171740
1 1 2407 2 929361113
1 0 2110 1 36567621
1 1 1295 3 248506972
2 1386 1726
2 1744 3482
1 0 3981 4 834814914
1 1 876 3 629379448
2 1216 2602
1 0 2872 4 405793441
2 97 2291
1 1 3196 4 469856710
1 0 3234 2 856885222
1 1 2001 2 167201831
1 1 497 2 566219325
1 1 644 3 586087490
1 0 1211 3 172448189
1 0 3415 2 882334366
2 2953 1322
2 1458 940
1 0 1800 4 487525723
1 1 2769 3 30638180
1 1 524 2 483861791
2 555 3229
1 1 163 2 384717277
1 0 3449 3 916119852
2 655 2857
1 1 281 3 818997535
1 0 2772 2 858412170
2 772 2208
1 0 3120 3 568481562
1 1 1574 1 781434406
1 0 501 3 160263352
1 0 1203 2 294636563
1 0 1940 1 573960832
1 1 2073 1 928564143
1 0 3483 2 70830947
1 1 1089 4 382034634
1 1 2734 4 34482190
2 547 2601
2 1359 2701
2 2262 1571
2 230 1097
2 2589 1076
1 1 1290 1 639528984
1 1 833 2 325704269
1 0 819 1 635948785
1 1 1982 3 292190674
1 1 1791 2 169422466
1 0 1958 1 306020008
1 1 2262 4 350306639
2 3239 1650
1 0 282 3 835769090
1 1 968 2 447551304
2 492 3317
1 0 2788 2 620599227
1 1 977 3 655839839
1 0 381 2 21200004
1 0 3916 2 504477005
1 0 1675 4 139459064
1 1 834 3 131623584
2 663 1649
1 0 3679 1 240475921
2 1607 783
1 0 3473 3 162861074
1 0 3596 4 779844714
1 1 93 1 686301052
1 0 3666 4 128681244
1 0 840 4 646743351
1 1 2878 2 672600811
1 0 315 3 163067503
2 127 2742
1 0 921 3 158999113
1 1 1767 2 411641447
1 0 1317 4 872833417
1 1 1146 3 667781804
1 1 3458 4 683813626
1 0 1230 4 109416195
2 2484 1018
1 1 330 1 827816019
1 1 884 2 484490975
2 357 1719
1 1 1852 3 416267852
1 1 650 3 549282804
1 1 2831 3 548177919
1 1 259 2 355687037
1 0 466 4 835967116
1 0 2164 2 192666521
1 1 2422 1 251152183
1 1 3680 1 824344146
1 1 2503 3 632606309
1 0 640 3 651462437
2 2685 862
1 1 3123 4 79698635
1 1 2105 2 330643597
2 3780 1025
2 2483 206
2 381 2537
1 0 1231 2 183032764
1 1 2207 2 58112783
1 1 1399 1 193095096
2 3651 366
1 0 3803 1 707031690
2 1311 125
1 0 3057 1 142751531
1 1 3233 2 423307672
1 1 3244 3 479215246
1 1 3850 3 300216762
1 0 1595 4 824390259
1 1 1141 1 85544918
1 0 1837 1 401422862
1 1 2976 4 926670858
1 0 1789 3 570241317
1 1 341 2 81121675
1 1 314 1 207632961
1 0 2240 2 513429953
1 1 2250 3 671635479
1 0 3850 4 354690995
2 3257 2387
1 0 798 1 788348348
1 1 242 1 760116864
1 1 803 1 170105978
1 0 2935 2 280318082
1 0 2709 3 499460986
1 1 854 3 847732855
2 1171 2498
1 1 3195 4 370111899
1 1 819 4 391259465
1 1 2528 1 35797542
1 1 3698 2 646610979
1 1 1517 1 879450232
1 1 122 4 579893881
2 2423 1657
1 1 1753 4 672405554
1 0 441 2 89022751
1 1 3955 1 574608274
2 811 3560
2 1895 2500
1 0 3773 2 575412869
1 1 3007 1 612025194
1 1 1375 1 156643572
1 0 501 4 389012715
1 1 706 3 109350595
1 1 1535 3 829332321
1 1 2616 2 655711306
2 1667 37
1 0 1470 4 14951391
1 0 1012 1 225637476
1 0 1458 2 858013296
1 1 2213 2 197846121
1 1 3955 4 978776827
1 1 2556 3 702066114
2 3406 434
1 1 3785 4 428385041
1 0 3149 3 613121952
1 1 309 4 108235124
1 1 1711 2 484382800
1 0 1322 3 193236941
2 2022 593
1 1 16 2 355279831
2 3168 2677
1 1 1016 3 116400467
1 0 405 3 746099241
1 1 3755 2 66175410
1 1 2528 1 19634825
2 3682 2797
1 1 2731 4 505247656
1 1 3686 1 427663689
2 3349 2749
1 1 1448 3 934441750
1 1 2547 3 951120648
1 1 196 3 992131672
1 0 2382 3 597514123
2 1458 3871
1 1 2855 4 26341907
1 0 3091 1 142441903
1 1 521 4 309251345
1 0 374 2 753436982
2 2539 866
2 532 3591
1 0 514 1 30969707
2 3452 2615
2 2902 3436
1 1 1476 2 220154629
2 2951 926
1 1 1903 1 437100223
1 1 1305 1 358656326
1 0 947 1 936645115
2 3531 1366
1 1 3381 4 145514110
1 1 3157 4 33901002
2 2942 1142
1 1 3656 2 672865935
1 1 1767 4 770850618
1 0 3690 2 201728796
1 0 631 1 311542390
1 0 1710 2 834186230
1 1 689 1 936159697
1 0 1280 2 159571822
2 2153 1104
1 1 2142 1 575734770
1 1 1876 1 13190005
1 0 3717 3 777802923
1 1 3243 2 703827016
1 1 2423 1 588401752
1 1 2371 2 76276490
1 1 584 1 764573392
2 184 2382
1 0 1218 3 164499095
1 0 3329 1 710474755
2 3588 2871
1 0 1394 1 319516244
1 1 2740 4 243782448
1 1 691 2 383898144
1 0 1308 1 74578409
2 1004 381
1 1 1268 2 56231492
1 1 732 3 265498102
1 0 533 1 955061696
1 1 2229 1 300791712
2 1339 2343
1 1 2856 3 217272680
1 1 2022 1 173221990
1 0 3550 4 235603157
1 0 3639 4 166660307
1 1 3850 2 597930639
2 2367 456
1 1 121 4 148600897
2 1508 3405
2 909 1831
2 597 2314
1 1 1356 1 360428476
1 1 124 4 769146375
1 0 1193 1 130688052
1 0 2996 4 218418636
2 3287 662
1 1 2422 3 622074360
1 1 3682 1 29376560
1 0 703 1 699850150
1 0 1088 4 322610108
1 0 3856 4 561243007
1 1 1062 1 220039897
2 765 3872
1 1 2288 3 695999961
1 0 1294 1 423937386
1 0 2640 2 945405943
2 693 2097
1 0 799 3 181213791
1 0 166 1 603389552
1 1 905 3 336119569
1 1 3499 1 827178428
1 0 260 1 987017023
1 0 3051 1 262701273
1 0 1179 1 148611301
1 1 3806 3 968987988
1 0 601 4 154032225
1 0 1460 3 725075876
1 0 1341 3 656691480
2 3362 1692
1 0 2050 4 542349453
1 0 2647 3 545405843
1 0 923 2 998988715
1 1 2907 3 905021243
1 0 853 1 455765192
1 0 1957 4 406350379
1 0 868 2 121165570
1 1 1115 1 354874149
1 1 1823 2 512453520
1 1 2891 3 638920542
2 1164 3252
1 1 1414 4 2960688
1 0 1409 2 939503933
1 0 1894 1 382289522
2 3283 965
1 1 2266 1 117798912
1 1 3040 3 107282988
1 1 298 4 218385962
1 1 893 2 71344773
1 1 3629 1 771497568
1 1 2994 3 147717504
1 0 1192 4 948194858
1 0 2926 2 165873327
1 1 2715 2 856518482
1 1 485 2 196823629
1 1 1608 3 128866368
1 0 2415 4 534875325
1 0 2528 4 963396275
1 1 1862 1 12332262
1 1 917 4 163834677
1 0 3755 1 236725693
1 1 852 3 895890862
2 151 199
2 57 2897
2 2994 1667
1 0 3961 2 110653600
1 1 3794 2 868915062
1 0 2127 1 705919554
1 1 1789 2 171282844
1 1 2979 4 778827996
1 0 916 4 525936386
1 1 2697 4 446140097
2 1120 821
1 0 406 3 294804642
1 0 3553 1 434857045
1 1 3343 2 967293766
1 1 369 2 312520280
2 3092 748
1 0 2328 2 475674174
2 1171 625
1 1 2310 2 17135342
1 0 2607 4 239018117
1 0 2436 3 73988842
1 1 859 4 401199096
1 0 82 4 687573081
1 0 945 3 40076471
1 1 2618 4 133737971
2 653 2481
1 1 3242 1 61724462
1 0 1852 2 210980497
2 2453 224
1 0 804 3 427740590
2 3934 1229
1 1 3547 3 162685661
1 1 877 3 229783561
1 1 215 2 349009934
1 0 3440 3 554094641
1 0 2479 2 47362550
1 1 259 1 70167078
1 1 3885 1 535855988
1 1 488 4 188514574
2 1571 3781
1 1 452 3 101647880
1 0 243 2 534452460
1 0 2132 2 587385116
2 2416 3585
1 1 3822 4 231750884
1 0 1639 1 654121030
1 0 1969 2 112329531
1 1 2031 1 807071148
1 0 54 3 843684470
2 3631 2997
1 0 736 3 309443680
1 0 3205 4 904403745
1 1 298 4 810074077
1 1 2035 4 145210081
1 0 3714 2 348369502
1 0 155 2 721314663
1 1 756 1 315716202
1 0 1398 3 409462973
1 1 3991 4 359609597
2 2320 3440
1 0 1666 2 907964742
1 1 952 3 550957468
1 1 3585 1 536438810
1 1 1103 3 1420614
1 0 2799 4 419001157
1 1 1681 4 250537507
2 862 2126
1 0 1584 4 626365498
2 3700 1305
1 0 2813 1 823367718
1 0 2205 1 104437751
1 1 1202 3 629542328
1 0 1710 2 51497790
1 1 2581 2 556834860
1 0 3586 4 473964801
2 2072 3774
1 0 2958 4 168094230
1 1 626 2 221825983
2 1367 2833
1 1 2736 2 327952207
1 0 725 1 555570376
1 0 2927 3 994758221
1 1 1364 4 429542324
1 0 2364 2 717697857
1 0 2903 3 955997223
1 0 3986 2 548607532
1 1 1298 2 675176292
1 0 1092 3 387379377
2 3215 630
2 3696 425
1 0 3635 4 534967183
2 876 3197
1 0 1496 3 329587681
1 1 258 1 566591958
1 1 594 4 995584954
1 0 232 4 641521645
1 1 3114 1 388968796
1 0 2787 1 660095565
1 0 2792 3 552476960
1 0 2697 1 341071739
2 3556 905
1 1 851 4 391195202
2 2189 2604
2 3910 3813
2 3922 3718
1 1 3972 1 443354079
1 1 898 3 469441512
2 1153 2829
1 0 2817 3 773819597
1 0 885 3 810665468
1 1 3719 4 849711523
1 1 1787 4 329463027
2 1720 2318
2 1139 3471
2 3361 2423
1 0 2333 4 678847802
1 0 374 1 587077881
1 0 2482 3 443577197
1 0 3774 2 432462404
1 0 3862 4 444600687
1 1 873 3 549464544
1 0 51 3 264066954
1 0 2202 1 794598144
2 3062 2155
1 1 493 3 852125290
1 1 521 4 41953647
1 0 340 1 602973380
1 0 3290 3 328846453
1 1 1977 3 185764388
2 1361 1908
1 1 1957 1 700846983
1 1 1419 4 944937302
1 1 2900 4 11052424
1 1 628 3 33667781
1 0 3078 1 869795212
1 0 2139 4 427838287
1 1 2347 2 849895682
1 1 391 4 394180542
2 3519 2833
1 1 2778 3 97009857
1 0 1327 4 805125277
2 2432 2342
1 1 1157 2 907747601
2 2085 428
1 0 2268 3 181530275
1 1 3979 3 873721771
1 1 777 3 444472954
1 1 2405 2 286323351
1 0 728 4 611003063
2 3445 1809
1 1 2972 2 614266590
1 0 1026 3 735789980
1 1 2662 3 858122763
1 1 460 4 746522773
1 1 3902 2 213884650
2 2113 3418
1 0 2772 4 766785963
1 1 1203 4 828599882
1 1 1081 2 327688625
1 0 3915 2 466343124
1 1 534 4 156086074
2 3994 2297
1 0 3748 3 414441241
1 1 2769 3 748422849
1 1 1614 2 91497394
1 0 2922 3 72671361
1 0 2871 1 848346218
2 3739 2662
1 1 1324 1 41571561
1 0 3722 3 549862704
1 1 556 2 138586257
1 0 2937 2 655879586
1 1 2570 4 986330154
1 0 2710 3 750848803
1 1 1456 2 686636457
1 1 193 1 639262336
2 715 1159
1 1 2214 4 748865102
1 0 3216 2 232377213
1 0 3403 3 744841709
1 1 2678 2 210086785
1 0 1047 1 236321736
1 0 3963 2 710825484
1 1 1740 2 750618815
1 0 1143 3 629920856
2 3258 2136
2 3637 2878
2 1429 575
1 1 2044 1 648403098
1 1 3192 4 458205918
1 0 262 4 647575357
1 0 442 3 662948042
1 1 612 4 112565125
1 0 3926 2 48543614
1 0 1676 3 707346439
1 1 3458 2 853983420
1 1 2694 3 103197953
2 1258 3665
1 0 3014 3 359472583
1 0 3184 3 285578172
1 0 953 1 270004607
1 0 3014 2 611873653
1 1 3655 3 870616818
1 1 522 1 965708264
1 0 965 4 772339812
1 1 1727 4 565152561
1 1 53 3 652830139
1 1 2191 2 54609945
1 0 1174 4 855267693
1 0 338 4 50064227
1 0 1996 3 802757079
1 0 1596 2 645679587
2 88 374
1 0 3188 3 359483986
2 436 585
1 1 2766 3 812490672
1 1 789 1 353484920
1 1 169 2 709486247
2 925 676
1 0 2344 4 650082444
1 0 2345 4 848808885
2 3900 1304
1 0 3664 3 755480618
1 1 1342 1 104336641
1 1 931 3 348028298
1 1 782 2 796397965
2 3429 1084
1 0 1111 4 721427146
1 1 3115 1 367994500
2 2715 746
1 0 2848 2 738960440
2 121 1151
1 1 2789 3 268855214
1 1 3527 2 504102498
1 1 3605 2 924120292
1 1 6 1 75203030
1 0 1160 4 409975199
1 1 2175 4 880231084
1 1 115 2 221941775
1 0 678 3 226699437
1 0 498 1 487510975
1 1 1276 4 789636424
1 0 1612 3 872910560
1 1 2213 1 899751070
2 3080 3807
1 0 3816 4 200356282
1 1 2873 2 619905411
1 1 420 3 267430983
1 1 3419 3 490212614
2 1837 42
1 1 291 1 750938523
1 0 1487 3 713787976
1 0 2766 2 576506519
1 0 2179 1 813909262
1 1 2784 2 7855502
1 0 2625 2 892295305
1 0 3865 1 200363119
1 1 617 1 6840918
1 0 1574 3 163203671
1 1 3567 1 673501465
1 1 2462 1 637026793
1 1 2743 1 136438897
2 655 3159
2 822 2019
1 0 3335 4 235164553
1 1 188 4 938336
1 1 1575 2 671882404
2 3102 3853
1 0 3040 3 110452855
1 1 3762 3 252559429
2 945 1388
2 265 3611
1 0 1339 4 600380923
1 1 2793 4 74745356
2 1149 1711
1 0 1236 2 814414409
1 0 816 2 639730320
1 1 251 3 762194510
2 1469 129
1 1 1518 2 930077167
1 1 3703 2 922070548
1 1 1475 2 801961508
1 1 3692 3 157888228
1 1 3317 3 387924908
1 1 1672 1 530127269
1 0 2464 3 106214554
1 0 839 2 949871009
2 1893 563
2 1843 3504
1 0 3455 2 572706600
1 1 1522 4 304296843
1 1 1662 2 928811209
1 0 1325 2 137026008
2 330 2433
2 3169 816
2 601 2906
1 1 3674 3 243256659
1 1 1340 3 773877777
1 0 233 4 330661963
1 1 1225 1 844761346
1 1 3046 4 294985674
1 0 194 2 409279584
1 0 3858 2 154975528
1 0 476 2 855095431
2 1358 2935
1 0 842 4 449011226
1 1 2367 2 808911313
1 1 1893 2 141723184
1 0 554 1 693133364
1 1 501 1 920155726
1 0 2483 3 572735533
1 1 2325 3 812124132
1 1 3378 3 150859013
1 0 1428 4 347201225
1 0 2684 2 914621237
2 1358 843
1 0 1945 2 437316934
1 0 1435 2 372615795
1 1 143 1 373534668
2 3479 3066
1 0 270 4 698674086
1 0 3226 1 356928117
1 0 3128 2 113435473
1 1 177 2 83678583
1 1 541 1 638361626
1 1 2742 1 925695898
1 0 128 1 537613380
1 0 134 3 948878899
1 1 2282 2 821743207
1 1 1078 1 995791157
2 635 2185
1 0 237 3 45014081
1 1 26 2 825318820
1 0 1940 3 434164956
1 1 3031 3 388286791
1 0 3561 3 572716637
1 1 933 2 50884955
1 1 332 3 703739458
1 1 2649 2 478052156
1 1 1136 2 136177454
1 1 2123 2 722312279
1 1 464 3 981451259
1 1 1717 4 82190829
1 0 2755 1 101323540
1 1 1114 2 326749163
1 0 96 2 560617568
1 0 225 3 137361740
1 1 1609 2 96495687
2 707 1300
1 1 1904 3 86161675
1 1 661 4 529669767
1 1 2705 1 317418775
1 1 677 2 363676885
1 0 2119 1 544325089
1 1 1439 3 443696280
1 1 906 4 333900834
1 0 1588 2 375154107
1 0 1140 4 984808097
1 1 2992 4 890155460
1 1 2772 4 187755718
1 1 2656 3 604085905
1 1 3498 3 651850295
2 1855 2431
1 0 1852 4 118741409
1 1 2217 3 391001008
1 1 3006 4 429529654
1 1 207 4 279952305
1 1 375 2 618852633
1 1 3439 4 660690806
1 0 1395 3 28637089
2 55 2249
1 0 614 2 455143710
1 1 3924 2 107668524
1 0 2626 4 169958445
1 1 1356 3 57472125
2 2700 2730
2 3031 2507
1 0 3330 1 776600485
2 1711 1652
1 0 1975 3 91950704
1 0 1554 1 427094817
1 1 1983 2 662487037
1 1 3489 1 659072423
1 0 2213 3 295812741
2 1249 322
2 3286 1640
1 1 1473 2 349011083
1 1 2503 1 709650762
1 1 3337 4 196310305
1 1 1468 3 776276276
1 0 2136 2 451802783
1 1 1428 3 787266713
1 0 1259 1 926584359
1 0 1180 4 958749723
1 0 2165 4 37138268
1 0 2888 4 982002321
1 1 3012 4 591912724
2 55 3582
1 0 1075 3 968486011
1 1 3182 2 777395614
2 2861 1430
1 0 3586 1 560235074
1 0 3050 4 37483631
1 1 552 2 998930969
2 3233 1037
1 1 1342 4 674119288
2 3583 1489
1 1 3330 3 179058120
1 0 638 2 66152570
1 1 2257 3 97265572
2 898 3755
1 0 876 1 297085419
1 0 3481 3 70016463
1 1 3360 4 964203454
2 1242 3196
2 249 3207
2 3517 92
1 1 504 4 290982062
1 0 3657 2 542422655
1 0 2612 3 853615647
1 1 3913 4 932263523
1 1 1348 1 647725583
1 1 544 2 723248446
1 1 483 4 40488551
1 1 703 3 494775910
1 0 1015 2 398193815
1 0 3414 3 842262621
1 0 2438 4 979441138
1 1 2630 4 284986942
1 1 1453 3 720194385
1 1 2508 1 926786831
1 1 1940 3 727586
1 0 1172 4 517039960
2 935 3306
1 1 688 3 808089610
2 1363 3435
1 0 1469 2 236883473
1 1 1128 1 704797043
1 1 3893 2 721473143
1 0 2603 1 139987842
1 0 1247 3 421268445
2 1697 1827
1 0 754 2 42320281
1 0 939 3 892867880
1 1 2043 3 663631083
2 482 395
1 1 3067 1 491006817
1 0 2628 2 874252244
1 1 1924 2 564441283
1 0 2980 1 850123051
1 0 962 2 395733608
2 66 3830
1 1 3668 4 105929724
1 1 2122 1 78549528
1 1 2646 2 245077353
1 0 3351 2 599291227
1 0 1385 1 616455323
2 2487 2385
1 1 2728 4 174879463
2 271 1305
1 0 3468 3 536976513
1 0 1301 3 565360362
1 0 1837 4 505985241
1 1 2568 3 495380769
1 0 1077 3 532634243
1 0 1886 2 979261584
2 118 2668
1 1 641 4 824411963
1 0 503 2 459367127
1 1 737 3 225381386
1 0 3801 3 815656327
1 1 154 1 185130307
1 0 3967 1 197074555
1 0 904 4 814705033
1 1 1430 4 759119261
1 0 3071 3 429322757
1 0 3674 2 63098256
2 3693 1585
1 1 1482 2 114865479
1 0 2214 4 323611204
1 1 2418 4 150367678
2 3930 3612
1 0 274 3 763127518
1 1 2796 2 918178071
1 1 2592 4 585604043
1 0 3494 3 296700485
1 0 1721 3 907943523
1 0 1554 3 791630389
1 1 8 1 245236925
1 0 1190 1 458554284
1 0 3649 2 892194051
1 1 2726 3 69335314
1 1 175 1 383921689
1 0 1030 1 880511375
1 1 1604 2 664642320
1 1 2312 1 291505263
2 2949 2429
1 1 3968 1 37456292
1 0 693 3 881282270
2 3934 1677
1 0 1276 4 253959934
1 1 1223 1 866241580
2 2090 217
1 0 3951 3 542050289
1 1 1594 2 133314222
1 0 788 4 233029740
2 1848 578
1 1 147 2 410135537
2 578 3609
2 3138 202
2 1325 2260
1 1 1532 4 336374772
1 0 1588 2 835093460
1 1 3033 4 381863469
1 0 1667 3 292290591
1 0 408 3 813972576
1 0 2393 3 697848886
1 0 2591 4 670449966
1 0 2964 4 688207269
1 1 2614 1 52555966
1 0 1872 4 447944452
1 1 1967 2 496700263
1 0 3431 3 691823192
2 734 2599
1 1 1942 2 296635856
1 1 191 1 696998362
1 1 3609 4 697263213
1 1 1567 3 302645231
1 1 3471 4 652892536
1 0 2774 4 238125984
1 1 44 3 545073054
1 0 831 3 55111184
2 1355 1652
2 1301 2601
1 0 1028 4 148377046
1 0 3370 3 952535943
1 0 1616 3 597407909
2 3665 3795
1 1 948 2 209145618
1 0 626 3 225161252
1 0 2941 4 523556081
1 0 2517 2 649637555
1 0 2625 4 82910038
1 1 994 1 46306956
2 2500 193
1 0 3648 3 609879952
1 0 904 4 516735266
1 0 1597 2 649100778
1 0 1194 1 588961517
1 0 2875 4 455070025
1 1 768 2 959875699
1 0 3661 2 930882706
1 0 2412 3 207973268
1 0 1304 3 606556553
1 0 2199 2 279378032
1 0 731 3 982310834
1 1 1827 3 157134544
1 1 3261 1 913927877
1 1 2119 3 210092119
1 1 2403 2 779829624
2 1872 3999
1 0 430 4 898982651
1 1 2388 2 698255561
1 0 2625 4 272844465
2 3381 120
1 1 2930 3 763612768
2 761 3392
1 0 38 4 514955566
1 0 3670 1 41645623
1 0 311 2 394253616
1 0 754 3 144531959
1 1 2019 1 578119238
2 2057 956
1 0 1973 2 665646370
2 1812 3639
2 3458 2950
1 1 2980 3 206058313
1 0 314 2 454844735
1 0 2590 4 489855482
1 1 3426 2 95094582
1 1 3765 4 521449176
1 0 2840 3 659832326
1 0 1964 2 972640130
1 1 1008 1 255605603
2 822 715
1 0 2144 1 816592621
2 3253 3727
2 214 1227
1 0 2362 1 188479245
1 0 2750 3 926904069
1 1 858 2 20147704
1 0 2185 3 91775934
1 0 1103 3 940921301
1 1 1211 2 398530524
2 2153 1652
1 1 3092 2 186139046
1 0 1 2 335949228
1 0 2446 3 464272791
1 0 837 1 647792106
2 2153 2992
2 2544 1156
1 0 184 2 137595167
1 1 917 1 186416979
1 0 3056 2 76593754
1 1 2177 1 631465636
1 0 2034 2 114456324
1 0 2779 2 4382355
1 1 2597 2 395566852
1 1 2437 2 957565826
2 3329 136
1 1 2120 1 133525433
1 0 3216 3 928056549
2 978 333
1 1 2020 3 460277489
1 1 2483 1 500010308
1 1 1349 1 692274852
1 0 22 1 271041041
1 0 1914 4 758145380
2 3600 261
2 3112 3845
1 0 490 4 736186211
2 522 2257
1 1 834 1 909641934
1 1 1824 1 25014143
1 1 2417 3 20485860
1 0 25 1 947532667
1 1 1673 4 254266308
1 1 1279 1 607326879
1 0 819 2 972066476
2 3817 3943
1 0 413 3 755973095
2 204 424
1 1 887 1 45209060
1 1 3825 4 487682546
1 0 193 4 67256863
1 1 2624 1 481105154
1 0 48 2 665283212
1 0 1039 4 66171958
1 1 2438 4 216587041
1 0 2843 3 385029081
2 2815 2582
1 0 3513 1 167434387
1 0 1959 3 75952348
1 0 2539 3 637642554
1 0 1023 1 864526905
1 1 324 1 254914900
1 0 1128 3 473386516
1 1 2829 1 984021789
1 1 2717 4 891258199
1 0 3727 1 301280245
1 0 254 1 61892169
2 2967 281
1 1 410 2 728764928
1 0 164 1 884671588
1 1 3416 4 959356388
2 3184 3949
1 1 654 3 706651225
1 0 3650 2 553981098
1 0 1490 2 498662087
1 0 1789 2 884263313
1 0 2564 2 922772214
1 1 992 1 762903753
1 1 817 3 712437404
1 0 3080 1 172787069
2 1946 2924
1 0 3658 1 666213326
1 1 362 4 827349410
1 1 227 3 69441006
1 1 3858 4 199493073
1 1 736 1 698463809
1 1 2332 2 339978099
1 1 1608 1 197374653
1 0 701 2 489926014
1 1 3401 4 99532936
1 1 2860 1 262298607
1 1 1447 1 892653594
1 0 3863 1 110613557
1 0 29 2 828401561
1 0 3224 1 263481718
1 0 2713 2 953245354
1 1 2440 4 839624365
1 0 3528 2 28369498
1 1 625 2 627259499
1 1 1673 2 812844655
1 0 1354 3 882954270
2 1698 1854
1 1 2547 3 909924632
1 1 672 2 644470600
1 1 322 4 967355768
1 1 154 3 444548672
2 964 1773
1 0 332 3 207999665
1 0 602 3 968237177
1 0 2352 1 323246657
1 1 2255 1 506637121
2 314 2486
1 0 3247 2 427122023
2 3251 1915
1 0 3196 3 676852182
1 0 383 3 805611452
1 0 321 2 173149193
2 81 452
1 1 1395 4 366041663
2 2107 2145
1 1 2486 2 994418101
1 1 1996 4 416032205
1 0 2099 3 495368836
1 0 81 1 90657522
1 1 1498 1 851132390
1 1 1201 3 801563212
1 1 700 2 152861315
1 0 2119 2 959493206
1 0 1911 4 139325242
1 0 1750 4 985288845
1 1 3157 3 115131574
1 1 3537 3 803015077
2 714 268
1 1 1204 2 664556150
1 0 1299 1 443758662
1 1 1817 4 71877987
2 224 2360
1 0 43 1 757724794
1 1 3428 2 361881425
1 1 730 4 231311155
2 2359 3614
1 1 3915 2 990566907
1 0 912 3 815456465
2 797 28
2 3530 911
1 0 3418 2 677353358
2 2903 355
2 3095 858
1 1 177 4 850810581
1 1 2903 2 635216789
1 1 2586 1 155405287
2 440 3873
1 1 191 4 131355829
1 0 159 3 878416822
1 1 869 2 291092927
2 3937 2056
1 1 2672 2 919032539
1 1 1444 4 370717132
1 0 1938 1 848999766
1 0 2115 2 104306529
1 1 490 3 937676193
1 1 2753 3 196706969
1 1 3629 1 711424987
2 1279 2364
1 0 2069 2 989100161
1 1 2531 3 768172439
1 0 304 2 271796581
2 756 208
1 1 448 4 682669700
1 1 2813 4 316379824
1 0 1301 2 872446309
1 1 3494 2 726170581
1 1 913 1 969073374
1 0 2348 4 674900473
1 1 2794 3 116434900
1 0 3269 3 515341862
2 2601 1262
1 1 616 3 123632641
2 2167 1773
2 3904 3664
2 1539 3639
1 0 325 3 240011146
1 1 1326 2 239558025
2 2850 3344
1 0 3402 3 980857960
2 3251 2828
1 0 3278 2 654954144
1 1 242 4 60793623
1 0 2056 4 653731687
1 0 3927 1 757655302
2 57 3068
1 0 2482 4 35491439
1 1 1168 3 71325301
1 0 3616 4 177523907
2 2283 1176
1 1 1462 3 804034087
1 1 3649 1 321863477
1 0 3722 4 141653673
1 0 2838 3 150480764
1 0 407 2 311148831
1 0 682 4 64041021
1 0 2442 1 465793447
1 1 2666 4 138301212
2 1360 3692
1 0 658 2 104685369
1 0 1006 1 750307535
1 0 259 2 911705385
1 0 2369 3 877351381
1 1 2728 3 344727464
1 1 1200 4 574213207
1 0 3941 3 356698846
2 3307 2112
1 1 2137 2 85380524
1 1 1091 3 303136302
1 1 74 1 976262186
1 0 1189 2 994592293
1 0 1881 1 33620914
1 0 2175 4 272067535
2 748 2693
2 70 3160
2 3068 2669
1 1 1746 4 73649553
1 1 1008 4 108019932
1 0 2509 1 301473179
1 0 2493 1 649652987
1 0 3414 1 365379719
1 0 1735 4 617815962
1 0 2915 3 417400043
1 1 240 3 844187830
2 3531 2590
1 1 482 2 287067218
2 2327 2318
1 1 2974 2 640850605
2 2428 2950
1 0 2456 3 729780503
1 1 168 1 87429872
1 1 3595 2 598785883
1 0 1992 2 545089036
1 0 3020 4 464140148
1 1 3616 4 317093512
1 0 1591 2 697222597
1 1 333 4 828421903
1 0 1452 2 635544175
2 1008 2255
1 1 1457 4 827983904
1 0 370 4 594322772
1 1 1670 1 410628595
2 1625 1630
1 0 3000 2 994912705
1 0 936 3 409571456
1 1 747 3 964138833
1 1 588 4 734040323
1 0 2412 2 860057244
1 0 3173 1 727485082
2 2490 2024
1 0 1085 3 330003778
1 0 2078 1 861409954
1 1 2833 3 936148616
1 0 1519 2 241003120
1 1 2172 3 419450882
1 1 2411 3 21930562
1 1 2299 4 597948940
1 0 2342 2 739670270
1 0 2965 2 469824516
1 1 1176 3 552437137
1 1 3663 1 160412213
1 1 2074 1 638225408
1 0 1186 4 947234826
1 1 2610 4 751800486
1 0 1483 2 835270700
2 1567 2301
1 0 2407 2 649715423
1 1 2789 2 924917911
1 0 437 2 450054365
1 0 2358 1 883834397
1 1 1072 4 197115835
1 0 3068 1 993069250
1 1 578 4 67941153
1 0 1980 3 772138760
1 0 30 3 362652605
1 0 1948 4 456534
1 1 801 1 144539688
2 31 1982
1 1 381 1 439015696
1 0 922 3 789368106
1 0 1991 3 991295135
1 1 2284 1 110851970
1 1 3710 2 864300617
1 1 1930 1 70978682
2 551 3361
1 0 1238 1 287076804
1 1 2529 1 761687417
1 1 1060 1 732892447
1 1 1914 2 935725129
1 1 1169 3 595492613
1 1 2030 2 315998852
1 0 2927 4 767753912
1 0 602 3 729290334
1 0 3858 1 919762257
2 1467 1127
1 1 1776 2 734617463
1 0 3913 1 30229918
1 1 2245 3 506634534
2 3680 376
1 0 496 1 191249360
1 0 2976 3 596054054
1 1 2056 3 904730217
1 1 181 4 337238948
1 1 562 3 199020880
1 1 2437 3 808800370
1 0 1441 1 547171939
1 0 1964 1 646486352
1 0 3766 4 60044410
1 1 1015 2 724414477
1 1 2612 2 407179100
1 0 43 1 195275972
1 0 3847 4 668236770
1 1 3259 3 995359140
1 1 3576 2 887608438
1 1 2839 1 253175355
1 0 1654 3 412866004
1 1 1524 1 973436959
1 1 177 1 779731392
2 1718 2642
1 0 1929 2 208304367
2 2274 2909
2 3593 534
1 1 1090 3 865658315
1 0 1270 4 131839659
1 1 719 1 620496802
1 1 1809 1 21077183
1 1 3633 2 653186942
1 1 560 2 671175893
1 0 2958 4 844585318
1 0 1151 4 596372678
1 1 1937 3 870911094
2 1183 749
1 0 43 3 287956408
1 1 411 1 989480756
1 1 2381 4 338320844
1 1 1849 4 14898776
1 0 3184 3 763212301
1 0 1248 4 658014352
1 1 2491 4 979576045
1 0 1254 3 98704498
2 3351 2455
1 1 2331 3 633753000
1 0 2255 3 163853368
1 1 1622 2 429292478
2 1578 3646
1 1 3257 1 258260531
1 1 865 4 797509753
1 0 521 4 502997735
1 0 2146 2 198372567
1 0 448 1 846322260
2 1309 2202
1 1 2267 1 937965388
1 0 1520 2 463449445
1 1 942 3 549392805
1 1 237 2 838753839
1 0 1040 3 179232722
1 1 2121 3 606787608
1 1 1614 3 982797424
2 3084 860
2 2213 478
1 1 2458 4 102074608
1 0 311 3 484983844
1 0 43 3 50639064
2 675 3157
2 1801 129
1 0 3636 3 646390238
1 0 1507 3 258211234
1 0 1607 1 663638965
2 986 2901
2 1920 3315
1 1 1940 1 205074015
1 0 1138 1 687842054
1 0 961 3 284871877
1 1 2975 1 945056979
2 3953 1984
1 1 2072 2 726099004
1 1 362 4 691794004
1 0 2738 4 123375072
2 1018 3431
1 1 2763 1 441693628
1 1 3755 3 133508307
1 0 1566 2 846253091
1 1 1765 4 901747633
1 1 3947 4 226705660
1 1 2757 3 612036644
1 0 3339 2 727425703
2 280 3167
2 3406 2177
2 3162 3023
1 1 1045 3 470783272
2 1818 3653
1 0 1900 3 514979449
1 1 2161 2 81092901
1 1 1387 2 526089040
1 0 230 1 582804960
1 0 3674 4 936081316
1 1 1918 3 362703099
1 1 2653 4 398755672
1 1 3832 2 139403387
1 0 780 1 391700197
2 3875 666
1 0 3386 3 316204648
1 1 645 1 758553119
1 0 45 4 652654401
1 1 3126 4 798639541
1 1 901 1 462200374
1 0 2657 1 330302730
1 0 1672 2 535520473
1 1 1898 1 64319046
1 0 468 1 346509849
1 0 21 3 199704606
1 0 2306 4 19039620
2 1705 397
1 0 2524 3 279970264
1 1 3658 2 233500962
2 1830 2232
1 0 2766 2 828105300
2 366 1007
1 0 3346 2 916464378
2 2745 1705
1 0 2712 3 777905831
1 1 1619 4 895419189
1 1 3593 3 976452745
1 1 1406 2 329509982
1 1 2583 1 682864554
1 1 1920 3 391765754
1 0 1760 1 773811317
1 0 2933 3 619606000
2 2699 2291
2 2640 3833
1 0 1100 2 55653489
2 1884 1906
1 0 2663 1 534545142
1 0 307 1 986605761
1 1 3523 4 485448706
2 797 2079
1 1 1291 2 494718108
1 0 3296 4 86241983
1 0 3568 3 183327407
1 1 1633 4 946071768
1 0 1740 3 100452596
1 1 1005 4 440215418
1 0 2306 1 238327169
1 1 2187 2 39673794
1 1 280 2 888219706
2 3150 2603
1 1 1254 3 884947111
2 2779 588
1 1 494 3 20420187
1 0 2931 1 461526727
2 394 189
1 1 412 1 384914164
1 1 2505 3 788059829
1 1 2981 4 220920054
2 3084 2775
2 684 562
1 1 3344 4 343011200
1 1 1044 4 859378177
1 0 377 1 687291180
2 29 2834
1 1 1863 1 275514561
1 1 874 1 271789177
2 3067 2026
1 1 2452 1 863953557
2 2757 3935
1 0 189 2 613825984
1 1 3788 1 600013874
2 3721 2018
2 3401 3938
1 1 1238 1 928076794
2 2202 2214
1 0 3633 4 554389458
1 1 2533 3 320041868
1 0 1007 4 968243027
1 0 719 2 81681497
1 0 1534 4 193534700
1 1 776 3 983168342
1 0 3199 3 724706319
1 0 843 1 775865792
1 0 1735 2 245670758
1 0 1708 2 676085186
1 1 3535 2 758029284
1 1 2044 1 880446347
1 0 181 2 77404932
1 0 843 3 405017874
1 1 1582 1 975782658
2 639 1632
1 1 3807 1 746156147
1 1 3425 4 361725204
1 1 3152 2 9607160
1 1 1562 2 905038065
1 1 2343 1 729660334
2 3284 3665
1 0 3430 3 529761421
1 0 3241 4 958746951
1 1 754 3 553697182
1 0 2441 4 754351650
2 2901 671
1 1 2910 2 808376338
1 0 314 1 787457391
1 1 3286 4 526287353
2 3639 1045
1 1 600 1 822051620
1 1 932 4 383011576
1 0 3621 2 355470444
1 1 1125 4 969565551
1 0 1055 3 442194653
2 1057 774
1 1 3798 2 240198572
1 0 3984 4 999016785
1 1 11 2 627960222
1 1 2167 4 828442111
1 0 1100 2 36798781
1 1 2797 3 919810837
1 0 2254 2 735880225
1 0 3407 4 333046224
1 1 552 2 708622616
1 0 3132 3 605501175
2 3708 2225
1 1 819 4 212684873
1 1 416 2 338650682
2 981 3584
1 1 274 4 146230151
1 0 3750 1 355053691
1 1 3872 4 580871080
2 1961 128
2 638 2734
1 0 3371 4 107402546
1 1 229 1 773706519
2 19 234
1 0 3128 3 13619528
2 2274 1777
1 0 1370 2 572109628
1 0 1395 3 601106440
1 0 134 1 45438978
2 2307 3794
1 0 2769 4 949719520
1 1 1970 2 415311701
1 1 1965 1 618300452
1 1 1492 4 276668395
2 3171 2415
2 3878 3100
2 2719 980
2 3677 3588
1 0 1371 1 376568439
1 0 1894 2 501290917
2 1069 1433
1 1 583 3 841815671
1 0 1637 2 896344534
1 1 772 2 775709275
2 2527 76
1 1 1078 4 299165809
1 1 2215 1 778209375
1 0 1115 2 334039595
1 1 1589 2 12253448
1 0 1117 1 973585973
2 1619 941
2 167 3758
1 1 1472 3 339494668
1 1 3139 2 539775262
1 1 3791 4 978864434
1 0 373 1 548497123
1 1 197 4 256810934
2 141 1234
1 1 2935 3 25661361
1 1 1443 3 112597659
2 1257 295
1 0 3580 1 534866053
1 1 3690 2 628468095
1 1 39 2 24629939
1 0 1245 2 926368675
2 2679 2371
1 0 3703 3 305587028
1 1 812 3 38663784
1 0 793 2 844496894
1 0 1459 1 660281368
1 0 906 3 611167397
2 3050 2294
1 1 3718 4 839938848
2 666 3429
1 0 79 2 941258924
2 221 3881
2 1011 2583
1 1 363 1 485078393
1 1 3101 4 28924316
1 0 984 3 131102890
1 0 357 1 283909863
2 1328 1768
2 1473 1212
2 2359 1735
1 0 630 4 609504758
1 1 2393 1 514373492
1 0 2663 1 637988080
1 0 1121 2 277695386
1 0 1434 4 304150285
2 2433 3847
2 794 325
1 0 3599 2 690290464
1 0 3146 2 329960958
1 1 1314 1 15358428
2 2744 2398
1 0 318 4 896490766
1 1 3334 2 536072825
1 0 1867 4 877648393
1 1 3881 4 914151635
2 3089 1904
1 1 3066 3 592975304
1 0 3939 3 229438736
1 1 1798 4 334495875
1 0 1577 4 303560834
1 0 1076 1 890861849
1 1 1669 4 214171375
1 1 2095 3 278523893
2 3734 163
2 2074 1915
1 1 851 2 602689038
1 0 1707 2 234069434
1 1 757 4 274352135
2 3098 3283
2 2332 2405
1 1 2322 1 191549891
1 1 3888 2 109253353
1 1 2678 2 456419755
1 1 1172 4 619755272
1 1 2447 3 313460934
1 1 3410 4 826847418
1 1 92 3 812673208
1 1 625 4 568349280
1 0 2448 1 665531338
1 1 3806 1 75736856
1 0 3051 3 350022077
1 0 2399 4 394331557
1 0 1264 1 481552364
2 243 1731
1 0 1554 1 319747886
1 1 887 1 537671262
2 3369 253
1 0 2289 2 73984244
1 1 3212 1 894121645
1 0 1231 3 322806191
1 0 2877 3 216681555
1 1 3908 1 737223926
1 0 3116 1 918077863
1 0 2687 2 387417389
1 0 1567 4 121790447
1 1 2318 1 585748362
1 0 2296 4 758367365
1 0 3085 4 868389274
1 1 1961 4 898410092
1 1 2669 3 730208300
1 0 2742 4 284445177
1 0 667 2 501096587
2 1896 412
1 1 3646 1 865105852
1 0 2318 3 523014417
1 1 2090 2 165466622
2 2605 2519
2 75 3221
1 0 3559 2 464033221
1 1 51 2 768452738
2 1285 1283
1 1 1430 4 737060939
2 1492 3030
1 0 1985 3 276107338
1 1 965 1 395545078
1 1 2981 2 961511797
1 1 3811 1 967516596
1 1 1922 1 98575295
1 0 3663 2 326722797
1 0 2387 2 912726988
1 0 1855 3 586813815
1 1 3310 4 142125498
1 1 1987 1 376710742
1 1 959 1 195357889
2 595 2777
2 2019 3878
2 2717 3612
1 1 2279 2 705872191
1 0 3493 2 891288083
1 1 3983 3 564822747
1 0 2199 3 750217231
1 0 378 1 449413528
1 0 2800 3 374684206
1 1 2800 4 712389826
1 0 462 4 585750325
1 1 3143 4 500246423
1 1 948 2 626426177
2 1693 2101
1 0 768 1 723310407
1 1 690 1 642163826
2 970 103
1 0 1578 3 637091629
2 2776 1978
1 0 571 1 185436018
1 1 2370 2 692839954
1 1 722 1 916833082
1 0 2396 2 446560005
2 1378 3684
1 1 1290 2 424231924
1 0 413 2 875904025
1 1 1250 4 897167946
1 0 2252 4 988494239
1 0 3048 3 533023250
1 0 3667 4 448415440
1 1 617 1 843231138
1 1 1426 2 653564940
1 0 2416 4 797375770
2 219 348
2 990 3496
1 1 1723 3 408382137
2 1953 689
1 1 2548 1 135077636
1 0 2835 2 626984996
1 0 714 3 229407926
1 0 784 2 309036462
1 1 2737 3 321110216
2 1449 1231
2 1489 689
2 3009 379
1 1 3846 1 453134376
1 1 2967 3 251898373
2 1882 3588
1 0 3951 2 255103078
1 0 1480 3 231907432
1 1 2794 3 211362078
1 1 1385 2 190997820
1 1 939 4 601303904
1 0 1439 4 792553317
1 1 2626 2 327388594
1 1 392 2 936155654
2 1790 137
1 1 2430 1 736159631
1 1 3093 2 591931309
1 1 2077 2 288828649
1 0 3735 4 891228506
1 0 405 2 777242236
1 0 1191 1 774389858
1 1 2256 3 112710892
2 834 2318
1 1 1784 1 409478493
1 1 1278 3 545812624
2 3523 3419
1 0 2770 1 277231160
1 0 3292 4 425812796
2 1082 2325
1 1 2035 4 522197228
1 0 3690 1 848096912
1 1 515 3 465706678
1 0 22 1 900818681
1 0 3463 3 541182057
2 1305 3529
1 1 2530 3 789683227
2 1412 1976
2 3066 2167
1 0 3014 2 217339506
2 198 3419
1 0 1601 1 585618337
1 0 1943 2 690459639
1 0 2497 4 634851491
1 1 2009 3 270200275
1 1 305 2 217036148
2 3297 3247
1 1 71 2 815687480
2 3190 3446
2 385 1590
1 0 930 1 307059809
1 0 263 3 986352515
2 1654 1517
1 0 721 3 705207537
1 0 2559 3 479871031
1 1 1209 1 263551092
1 1 1791 1 509345281
1 0 1367 1 897951672
1 1 2463 4 678402313
1 0 3937 3 869773536
1 1 3089 3 682934126
1 0 850 4 427254200
1 1 2240 3 676497755
1 0 3765 2 6671013
1 0 3921 3 54207487
1 0 1623 1 893684721
1 1 1945 3 23681098
1 0 2978 4 487880104
1 0 3261 1 952562737
1 0 1911 4 450521034
1 0 2244 1 963393144
1 0 3338 4 975083726
1 0 831 3 584960075
2 11 1738
2 3507 2598
1 0 2230 4 26325717
1 1 368 2 93900187
1 0 1247 2 284004873
1 1 3567 4 117158640
1 1 3522 2 408057262
2 1926 142
1 0 1052 4 445733968
2 3115 2007
2 181 2416
1 0 2180 1 205606287
2 1660 4000
1 0 2502 3 779903797
1 0 671 2 967213797
1 1 1490 2 851140623
1 1 1641 1 728086458
1 0 3989 4 57917935
1 1 2029 1 2285500
1 1 1995 4 389219942
2 3995 2963
1 0 3039 4 926159869
1 1 3609 1 757052450
1 1 2170 4 376411555
1 1 1182 2 122406300
1 0 2514 1 508939681
1 1 3530 2 538071579
1 1 953 4 587215708
1 0 2713 1 481915722
1 0 3661 3 779517353
1 1 467 2 587593022
1 1 2283 2 669839228
1 0 3338 1 669787663
1 1 1923 2 386819307
1 1 1751 2 6022930
1 1 1731 3 246775318
1 1 1236 1 518971404
1 0 365 4 414586841
2 2807 2257
1 1 1903 4 823489155
1 0 2647 2 453946293
1 0 323 3 304365431
2 1346 3856
1 1 200 4 460563258
1 1 140 1 293364244
1 0 82 4 418326438
1 1 2519 3 677455976
1 0 1938 2 652856389
1 0 3678 4 131488439
1 0 3915 4 891349591
1 0 3902 1 7630989
1 1 696 3 725783199
1 0 967 1 709651697
1 0 3609 1 790795927
1 0 2214 2 903156655
1 0 2000 3 288987597
1 0 2795 4 930330485
2 2256 1522
1 0 2787 3 78892144
1 1 2628 1 431615066
1 0 1558 2 839067773
1 1 900 2 838270863
1 0 2901 1 276351447
2 3477 985
1 1 2520 3 328283824
1 0 2218 4 785545913
1 0 1657 2 969385012
1 1 1942 3 2367620
1 0 3892 2 784888316
2 1742 2445
1 0 833 4 764047513
1 1 155 2 348720243
1 0 1807 4 748438982
1 1 1860 1 441093470
1 1 1419 4 633609760
1 0 3358 1 717258426
1 1 2695 2 931933647
1 1 3892 3 795640724
2 1492 3560
1 1 3235 1 592516752
1 0 739 2 92436196
1 0 3182 2 896226420
2 29 1853
1 0 1646 1 951303413
1 1 2230 4 787964282
1 0 710 1 687826129
2 2816 3489
2 2507 1889
1 0 1450 4 463374100
2 3586 2974
1 0 2292 3 859523266
1 1 709 4 590087986
1 1 1132 2 497009840
2 78 2976
1 0 3935 4 602182010
1 1 1596 2 663047134
2 3410 3414
1 1 2273 1 622780966
1 0 2460 1 280666893
1 0 511 1 704431462
1 0 3686 4 2136399
1 1 1459 4 754811915
1 0 2944 3 719701303
1 0 75 1 154508844
1 1 3222 2 749992994
2 3011 960
1 0 2925 3 740923393
1 0 3241 3 974552377
1 1 1522 2 464844656
1 1 1003 2 347180110
2 132 1868
1 0 3829 2 117379454
1 0 2962 4 111477302
1 1 1938 3 323353056
1 0 1743 1 513227503
1 0 2798 2 122748366
1 0 1315 4 265604423
1 0 1846 1 489631092
1 0 3894 2 371975094
2 1671 184
1 1 1172 2 327287289
2 2164 2211
1 1 172 3 456841151
1 0 901 4 846736374
1 0 1512 2 900902920
1 1 2798 1 161762055
1 0 837 1 116142315
1 1 3225 3 665440805
2 2529 1023
1 0 3545 1 3545967
1 0 2801 2 344795215
1 0 129 4 359465379
2 27 2678
1 1 3317 3 880404572
2 200 290
1 1 936 4 363127911
1 1 2142 4 779310931
1 1 2233 1 906936160
1 0 1704 1 848218140
1 0 3740 3 199713180
2 2806 1230
2 3477 692
1 0 1125 1 318068237
1 0 3751 3 623742239
2 1666 202
1 1 2476 1 378081956
1 0 165 1 224493721
1 1 3015 1 847779977
1 1 809 3 399858053
1 1 2713 3 619166138
2 336 3172
1 0 171 3 941344835
1 0 3870 1 778201362
2 2721 3275
1 0 1208 3 903221742
1 1 1661 1 85747970
1 0 1742 3 956572724
1 1 3019 4 970203206
1 0 327 2 636134908
1 1 3437 3 128164768
1 1 2025 1 103403827
1 0 3596 3 365016796
1 1 2962 4 777631243
1 0 622 3 501017312
1 0 996 4 709185547
2 2925 2095
1 1 1026 1 731828227
1 0 805 3 66906731
2 309 334
1 0 2648 2 501478608
1 0 2576 1 817103631
2 3201 2761
1 0 19 2 276305813
1 0 591 2 407353979
1 1 2535 2 509732990
1 0 1537 2 461021794
1 0 1662 3 543285756
1 1 1251 2 791248267
1 0 134 1 549508467
2 3437 390
2 1743 1629
1 0 2824 1 122871132
1 0 1351 4 836206930
2 1684 2758
1 1 3529 2 305971893
1 0 3347 2 501383375
1 1 32 4 867043886
2 1698 3774
1 1 1278 3 285102386
1 1 249 1 793309981
1 0 3807 2 412256044
2 736 985
1 1 1577 1 961152383
2 463 1945
1 0 2165 4 551583121
1 1 1176 2 761825024
1 0 2452 4 472057010
2 2233 537
1 1 706 3 626928389
1 1 3350 1 209112945
2 2675 2236
1 1 2807 3 784058116
1 1 382 3 910659370
2 3131 2087
2 2848 2696
1 0 2960 1 592801985
1 1 754 4 231506281
1 0 1085 1 626977280
1 0 606 1 984242592
1 0 3835 4 497116045
2 3824 1394
2 912 1344
1 1 892 2 152101785
2 211 1462
1 0 565 2 896030808
2 2173 3436
1 1 1516 4 949991204
1 0 2510 1 936519461
2 2221 3160
1 1 3127 1 822314519
1 1 1774 2 872094768
1 1 1440 4 227117387
1 1 1982 3 405051287
2 3111 1979
2 3816 757
1 1 3323 2 194234950
1 1 3687 2 984196929
2 3071 1158
2 2710 3378
1 0 3390 3 986252226
2 3279 2908
2 559 1399
1 1 926 1 361958636
2 1710 2678
1 1 1721 1 911008876
1 0 134 4 269212690
1 0 3267 3 737503161
1 1 3220 2 213518494
1 0 2461 3 865315703
1 1 1315 3 826201047
2 1099 3182
1 1 1985 2 652120414
1 0 3371 4 588909603
1 1 3908 1 491733215
1 0 72 1 759353294
2 667 1163
1 1 3679 1 336423553
1 0 434 3 948516794
1 0 898 2 811320632
1 1 2650 2 246599162
1 0 2529 1 388440092
1 0 1591 4 831726523
1 1 1486 1 668395152
1 1 919 1 806467054
1 0 3968 3 817955311
1 1 1668 2 593636179
1 1 1021 3 131287891
1 0 946 2 979267050
1 1 1366 1 984511310
2 1396 2377
1 1 3321 3 947157566
1 0 2882 3 443029842
1 1 3184 4 184963210
1 0 1897 4 367512734
1 1 1851 2 436885379
1 1 115 3 958993241
1 1 2962 4 225295388
1 0 2091 1 245404000
1 1 379 4 434645206
1 1 492 2 10680946
1 0 507 4 116596174
2 594 111
1 1 595 4 855014069
2 2813 2108
1 0 112 2 246924137
2 3706 3588
1 0 140 2 138772052
1 1 1581 2 68172813
1 0 2363 2 10960257
1 1 3367 4 18263204
1 0 3818 4 832725344
1 0 2506 2 752122322
1 1 616 2 586306106
1 1 1998 4 361732435
1 1 419 1 650142776
2 245 2242
1 0 3146 4 819847766
1 0 3081 3 113589760
1 1 1275 2 252724657
1 1 3214 2 964831711
2 2652 1163
2 2830 2045
1 1 3557 2 188419334
1 0 3892 3 145161933
1 0 3858 3 445136119
2 2201 3578
1 1 3291 2 928635279
2 1502 2395
1 0 3617 2 930964123
1 0 1441 2 714471245
1 0 3680 2 667001535
1 1 71 2 852105247
1 1 3867 2 119095277
1 1 1663 4 162078160
1 0 532 4 921163556
1 1 401 3 388257473
2 1474 2265
1 1 10 3 27158609
2 3877 123
1 1 3068 4 692221523
1 1 2743 1 273103013
1 0 3585 3 829079952
1 1 70 1 237356702
2 2841 2400
1 0 627 3 866812756
1 0 3852 2 418912936
1 0 98 3 403017589
2 2546 1822
2 1923 1341
1 1 305 1 395561528
2 2111 3856
2 5 1765
1 0 3053 2 793275547
1 0 1569 1 830723263
1 1 775 4 269030517
1 0 2046 4 30756662
1 0 1678 3 986146073
1 0 2165 4 766141857
1 0 1724 3 389864857
2 1645 278
1 1 3069 2 921010525
2 488 1013
1 0 3806 3 472021730
1 1 1478 1 585378033
2 1392 2542
1 0 3012 1 732853757
1 1 882 2 430948573
1 1 1614 2 673574096
1 0 3387 2 657994524
1 0 2460 4 91321269
2 2351 2187
1 0 404 3 822557541
1 0 2329 1 706963477
2 262 2841
1 0 3795 4 730008505
1 0 2309 3 720312973
1 1 2335 2 779660272
1 0 1866 3 468288966
1 0 1992 2 330514613
1 1 2641 3 986282710
1 1 2016 4 986771172
1 0 3177 2 691578385
1 0 3156 2 249057087
1 1 1673 4 360073292
1 1 2323 2 474671610
1 1 2773 3 747073505
1 0 782 4 940573462
1 0 34 3 615282613
2 3349 1563
1 0 2928 3 875828901
1 0 2979 1 942210879
1 1 2068 4 155754743
1 0 1664 4 839992754
1 0 2921 2 359090265
1 1 630 2 851389665
1 1 3736 1 423447696
1 0 2555 3 135058790
1 0 2360 2 874636432
1 0 3987 2 438457365
1 1 2359 1 657992334
1 0 2298 2 177411329
2 3752 3166
1 0 493 3 142894909
1 1 3622 4 61481550
1 0 2284 3 36656925
1 1 2762 4 252621472
1 1 1360 1 825994553
1 1 1344 3 198421563
1 1 8 1 815882134
1 1 2537 1 561207517
1 1 3514 1 922172431
1 1 2752 4 304641044
1 1 3787 2 792069400
1 1 2847 1 496375911
1 0 1398 1 933908737
1 1 243 3 846018007
1 1 2757 1 987375396
1 0 94 2 936052874
1 1 3714 1 232464196
1 1 376 2 427059616
1 0 3586 4 492609366
1 1 3101 1 367743728
1 1 1560 2 221361928
1 0 2445 2 617357107
2 2017 399
2 2723 2848
1 0 2842 4 244398981
2 3342 1783
1 0 2441 3 147370072
2 2953 3696
1 1 3327 4 713668206
1 1 2213 3 368361522
1 0 3049 4 243462717
1 0 1803 1 997338919
1 1 3319 4 33308190
1 0 983 3 677946678
2 2938 1709
1 0 2456 1 950095762
1 1 3003 2 906638725
1 0 1401 4 912383116
1 1 1301 4 317027418
1 1 1685 3 239537099
1 1 677 3 356588180
1 1 3630 2 844515959
1 0 759 3 892258093
1 0 795 3 388854522
1 0 3374 3 543266343
1 0 3777 3 266627936
1 0 3683 1 62793467
2 2553 1746
1 0 2898 3 445894012
1 1 877 4 849143341
1 1 350 2 314876689
1 1 1976 1 216540068
1 1 2867 1 619048776
2 2194 2241
1 1 3203 1 129360247
2 2370 47
2 482 1011
1 0 2612 4 421295720
1 1 2720 4 547278150
1 1 1005 2 488511683
1 1 1389 2 631658594
2 2628 3865
1 0 2008 1 462466359
1 0 3954 2 344404403
1 0 2220 3 187321846
2 476 1315
1 0 3611 4 39518898
1 1 527 3 631553897
1 0 3600 2 710344368
1 0 662 3 785545101
2 888 917
2 1639 2217
1 0 2964 3 322414040
1 0 1324 4 254941244
1 1 3637 1 208248708
2 3318 1541
1 0 1532 3 452332527
1 0 2842 4 58208277
1 1 798 1 259526804
1 1 1856 2 770944434
1 1 2415 1 20941476
2 3567 3153
1 0 1540 3 624722632
1 0 346 1 377831133
1 1 2518 4 587697231
2 3653 1469
1 0 721 2 958631641
1 1 3077 1 511949121
2 1370 1629
2 3930 138
1 0 567 3 237419433
1 1 900 3 813370097
2 2870 3728
1 1 3884 2 848725139
2 2578 1860
1 1 3938 4 973813283
2 3103 1896
1 0 167 4 479449690
2 111 446
1 1 3938 1 398264422
2 926 2969
1 1 2713 4 355640271
1 0 2834 1 843502124
1 1 416 4 218826241
1 0 2223 1 804082442
1 0 863 4 991980892
2 2839 2387
1 1 3499 2 590494814
1 0 1646 1 731249721
1 0 1807 4 81717063
1 0 2633 1 378011956
1 1 497 2 968017216
1 1 518 1 235201860
2 168 3886
2 758 1035
2 1440 1507
2 3149 842
1 0 963 2 666379039
1 0 339 1 681182247
2 1675 2691
1 0 2302 4 606650000
1 1 3085 3 617261083
1 1 394 2 794972675
2 1194 1811
1 0 1005 1 962587237
2 998 308
2 806 2442
1 0 997 2 640430242
1 0 461 1 154559972
2 755 1768
1 0 696 2 688541887
1 0 219 2 80954895
1 1 3526 2 358793534
1 1 3450 2 471910110
1 1 2914 1 560781433
1 0 139 2 778590470
1 1 226 1 498220332
1 0 3532 4 313739972
1 1 1183 4 853647898
1 1 2045 2 249760389
2 3873 701
1 1 1327 4 372239634
1 0 1810 1 612517794
1 0 1178 2 669790497
1 0 3462 2 852835802
1 0 762 3 724353626
1 1 2245 2 823062022
2 1082 2784
1 0 974 3 857730446
1 1 2183 3 600906980
1 0 2851 2 691000699
1 0 3952 1 507945445
2 2368 201
2 95 42
1 0 2779 3 534345897
1 0 2326 2 959135704
1 0 300 1 444665884
1 1 2315 2 613893878
1 1 2681 1 93631948
1 0 1399 2 401062074
1 1 1319 1 352545483
1 0 927 2 576907156
1 1 549 1 372646743
2 2389 2381
1 0 49 4 848226542
1 0 1049 3 141934378
1 0 2753 4 292817902
2 1571 1844
1 0 1984 3 237742083
2 2362 570
2 3740 141
1 0 2531 4 986773489
1 0 2098 4 440139621
2 1383 2081
1 1 3659 4 660060143
1 1 2964 2 764396281
2 2781 318
1 1 2467 2 761570483
1 1 2024 3 165174905
1 0 2873 4 220298236
1 0 2021 2 229628184
1 1 1860 1 198133283
1 1 2839 2 17297621
2 3354 2994
1 0 662 1 646248992
1 1 2065 1 406087509
1 0 1305 2 753808258
1 0 845 2 98617594
1 1 1864 2 296365222
1 0 2753 3 683800529
1 0 3567 2 823734349
2 3938 3974
1 1 2124 2 996061087
1 0 478 4 570815846
1 0 799 3 966664024
1 1 2700 2 601153973
1 1 100 4 197982690
1 0 3942 2 170423389
1 1 1086 3 969406429
2 3826 2981
2 3003 3204
1 0 2506 4 33823619
2 1511 908
2 2731 717
1 1 1565 4 447593538
1 1 2000 2 98655425
1 0 2017 2 559332512
1 1 2985 1 135399714
1 1 103 2 296336872
1 0 1048 3 705218431
1 1 3384 1 410863599
1 1 1689 4 284124472
1 0 2345 4 813514404
2 1938 1912
2 988 2384
1 1 2986 3 245420439
2 3156 3841
1 0 503 3 404314566
1 1 3300 4 335062663
1 1 1999 2 155642890
1 0 3536 1 827237753
1 0 2796 4 414847055
1 0 1610 4 650810859
2 1100 3934
2 2506 3004
1 0 1652 1 875509908
1 0 1317 2 678068107
1 0 3099 4 216018239
2 596 3075
1 1 3626 2 976529195
2 1979 1680
2 1641 3192
1 0 518 2 1066085
1 0 1819 4 118349524
1 1 3395 4 551343668
1 0 1074 3 238138035
1 0 3824 1 594149110
2 3339 3171
2 2798 1682
2 2397 1273
2 2943 1553
1 1 3597 4 558735897
1 1 3879 2 246274571
1 0 377 2 775977707
1 1 2666 3 90710552
1 0 2316 1 277724129
1 0 1843 3 530727566
1 1 37 4 435306489
1 1 1032 1 659167067
1 1 3869 3 310321806
1 0 2905 4 111893505
1 1 1428 1 911807129
1 1 3280 2 884465730
1 0 3320 2 539761315
1 0 718 1 170134253
2 2398 251
2 2682 1386
1 0 316 4 603947561
1 0 1966 3 282118740
1 0 425 2 675061907
1 1 1955 4 369284279
1 1 1678 3 797409
1 1 1628 1 154931675
1 1 1618 2 784858639
1 1 7 2 40867410
1 0 2949 3 847479882
1 0 3073 4 509729977
1 1 3646 4 421800895
2 2954 261
1 1 1426 1 598602947
1 0 2173 3 96956037
1 0 2483 2 964251278
1 0 2677 2 34752821
2 2229 1503
1 0 3906 1 542502396
1 0 3137 3 574597576
1 0 1449 1 781896330
1 0 2976 3 952463629
1 0 1477 3 679577894
2 3353 2199
1 0 3391 1 203580360
1 1 2261 4 335572595
1 0 2839 2 29741723
1 1 357 4 653540141
2 3582 3504
1 1 2808 2 411698870
2 2025 785
1 1 2026 2 705968501
2 311 671
1 0 1196 1 44545132
1 1 906 1 173635217
1 1 1951 3 41696368
1 0 1865 1 147695668
2 3425 366
2 2039 1697
2 2367 840
2 557 971
1 0 3220 3 104584162
2 2621 2100
1 1 1422 4 863492973
1 1 2369 4 599322962
1 1 3874 3 245900836
1 0 921 3 219639500
1 1 688 3 785917918
1 0 461 1 103956887
1 0 1435 2 861076469
1 1 2282 2 295505942
1 1 2479 3 575312212
1 1 2351 4 450838027
2 2942 2692
1 1 2631 1 69336653
1 0 675 1 819779480
1 0 661 3 323885288
1 1 1314 1 467347731
1 1 1094 2 491942915
2 1083 3859
1 0 493 2 918910570
1 1 1528 3 509641206
1 1 3969 4 373056173
2 2594 1655
1 1 1530 3 447307680
1 0 2309 4 504639860
2 1826 3843
1 1 2831 4 271314230
1 1 1079 4 885584747
1 1 3665 4 481319833
1 1 1106 2 408996268
1 0 1338 2 795113192
1 1 1837 2 557388169
1 1 2954 1 554100377
1 1 437 2 553378198
1 0 42 3 649505260
2 1213 1545
1 0 2090 4 9575130
1 0 3520 4 197453847
1 1 826 4 550614801
1 0 1191 2 974960560
1 1 832 1 611719991
1 1 1082 3 399825400
2 1878 688
2 3005 3018
1 0 1319 3 223310432
1 0 3423 4 246862706
2 984 3031
1 1 1293 1 5886767
1 0 2797 2 512026623
1 1 707 1 856356069
1 1 1988 2 286631810
1 0 2790 3 340918149
1 1 2776 3 915621752
1 0 3696 3 438308995
1 0 1317 1 664386986
2 1692 687
2 2169 2956
1 1 1931 1 125504959
1 1 1397 2 973567221
1 0 688 3 310643498
1 0 1221 1 86848327
1 1 3977 4 351058454
1 1 797 4 59754392
1 1 2654 2 392842097
1 1 3213 4 707065153
1 0 3834 4 339103356
1 1 272 1 517144802
1 1 3668 1 896079204
1 1 1872 3 481365885
2 837 3490
1 0 1384 4 173410693
1 1 2004 4 950592843
1 0 2722 3 649806775
1 1 2637 1 150371042
2 501 3139
1 0 3015 2 663830465
1 0 990 2 186134750
1 0 2304 4 565140685
1 0 477 4 174404534
2 3934 3359
1 1 1672 2 126736917
1 0 26 2 295229132
1 1 884 3 556875126
1 1 3647 4 56389060
1 0 2758 1 686621987
1 0 3652 4 481299699
1 1 3396 1 970473470
1 0 3159 2 752164501
1 0 3428 4 69468187
1 0 3903 1 299294618
1 0 840 1 719675580
2 3768 2163
1 1 2056 4 811618246
1 1 3966 3 95246101
2 516 293
2 2239 424
1 1 3848 3 508301573
1 1 1118 3 480372233
1 1 161 2 396717233
1 1 2701 3 112604408
1 0 3018 4 171271928
2 2809 3280
2 2225 407
1 1 2958 1 513891451
1 1 414 4 990205971
1 1 1522 1 51474688
1 0 1580 1 71456674
1 1 1192 3 797550602
1 1 3038 1 964598443
1 1 437 2 450439224
2 2604 1509
1 1 2587 1 651738290
2 3660 3534
1 1 1826 3 697197897
1 0 30 3 465255742
1 1 573 2 461161680
1 0 733 1 767991509
1 0 2557 2 899830844
1 0 2354 3 48193073
1 1 1152 3 80146259
1 0 2414 2 545324428
1 1 144 1 328067928
2 804 66
2 1968 3125
1 1 2597 2 452601179
1 1 517 1 431469919
2 1013 3914
1 1 3027 1 161791084
1 1 904 1 54889221
1 1 2227 2 636091929
2 3572 1029
1 0 2279 3 885836867
1 1 780 4 51373759
1 1 3338 4 352035502
1 0 1182 2 841614984
1 0 1521 3 881518215
1 0 3357 1 609966822
1 0 1460 4 139541805
1 1 1206 1 775539023
2 598 2048
1 1 3589 3 810846383
1 1 792 4 363144749
1 0 3148 2 928800600
1 1 724 4 711194565
1 0 325 1 738234463
2 2 3483
1 1 70 1 121307327
1 1 2510 1 492354328
1 1 1503 2 440331428
1 0 805 3 709080645
1 1 1846 3 445386813
1 1 2823 3 263286227
1 0 3025 4 971078140
1 0 2298 3 124996188
2 2327 2563
1 0 2953 4 725947102
1 1 1280 4 78855732
1 1 3155 3 456183093
2 2414 2599
1 0 376 2 9373794
1 0 3547 2 744657733
1 0 2238 1 797460891
1 0 3939 2 280188938
1 1 197 1 382426883
1 0 2243 3 830645086
1 0 3537 1 19942414
1 0 2852 3 923072817
1 0 3777 3 920188520
1 1 428 2 725691575
1 0 377 3 579141618
1 1 707 2 232061853
1 0 1766 2 147669551
2 3882 3662
2 1214 3435
1 1 2366 1 801534719
1 1 993 4 797819512
2 364 1315
1 0 668 4 860018421
1 0 398 4 705407315
2 882 658
1 0 3991 4 633868914
1 1 2399 3 311276196
1 1 4000 1 687962406
2 2081 741
2 2859 1612
1 0 830 4 474877944
1 1 1884 1 536982697
1 0 3292 2 254515299
1 1 3577 1 698562959
1 1 241 1 665969657
2 1085 1164
1 1 2885 3 56850921
1 1 3475 3 120260050
1 1 3809 3 587305418
1 0 3821 1 714917187
1 1 2058 3 662620543
1 1 3096 3 99292575
2 308 2645
1 1 295 2 191676757
1 1 313 2 242666437
1 1 1988 3 784901125
1 0 392 4 971796871
1 0 2083 1 468912476
2 666 2710
2 1933 1918
1 1 3433 4 339076386
2 2568 1224
1 0 3162 2 524569255
1 1 3716 2 199762227
1 1 1775 3 486379292
2 2733 118
2 407 2835
1 1 2924 1 166327732
2 229 449
1 0 873 4 691120586
1 0 685 2 246566497
1 1 1876 4 256482434
1 0 3289 4 941447611
1 0 1290 1 497259409
1 0 2990 1 129068955
1 0 2803 3 991672058
1 1 1152 2 431178736
1 1 733 3 896188256
1 0 1935 4 457345121
2 1676 1089
1 0 1584 1 63358248
1 1 1486 1 447753492
2 527 3127
1 1 3367 4 19640075
1 0 2248 2 348676693
1 0 1721 3 152825750
1 0 2537 2 392357399
1 0 1678 4 718359290
1 1 3317 3 111599880
1 1 1029 3 970189141
1 0 2748 1 639385686
1 0 3347 2 205501728
1 0 1349 2 504432906
1 0 470 4 121899021
1 1 3249 2 989468942
2 446 2835
2 1354 3326
1 0 3458 2 324875635
1 1 2830 1 812625867
1 0 1899 1 284344701
1 1 420 1 478698710
1 0 900 3 253328253
1 0 3845 2 28355579
2 2597 1887
1 1 1545 1 452451072
1 1 3403 2 413382343
1 0 3805 1 799172378
1 0 45 4 466338031
1 0 1690 1 959262115
1 0 2244 3 105562046
1 1 1733 4 489520892
1 0 2873 2 275792387
2 1899 3741
1 1 2757 2 142934551
1 1 905 3 946005300
1 0 2589 2 925552279
1 0 1465 3 412398518
1 0 3184 2 607272306
1 1 1909 3 542178371
1 0 620 4 82039698
1 1 1881 3 927077525
1 1 1893 4 768623380
1 0 3198 4 788705177
1 1 305 4 292453390
1 1 1496 1 474886381
1 0 3938 3 48932633
1 0 704 3 334937646
1 0 1059 3 251054100
2 2312 2301
1 0 3006 3 349621963
1 0 1484 2 328973437
1 1 376 4 288171804
1 1 677 3 138017822
1 1 3658 4 934951215
2 2911 1428
1 0 2787 1 395211718
1 1 3712 4 108786378
1 0 2688 4 129511078
1 1 3743 3 326145981
1 0 873 4 872774862
2 996 1954
2 1118 949
2 1527 2423
1 1 2062 4 643135538
1 1 3460 2 467867967
2 402 2142
1 1 1975 3 597251306
1 1 3919 2 797424811
2 2542 292
1 0 150 4 310911846
1 0 782 3 285474670
1 0 2209 2 820035200
2 148 607
1 0 695 2 682326961
1 0 2801 4 629721072
2 96 2202
1 1 2744 4 218986142
2 3662 1959
1 0 2406 4 83988276
2 2853 1546
1 0 1327 2 23233207
1 1 3324 1 593619307
1 1 3685 4 66801300
1 1 1379 1 649340936
1 1 1820 1 414046186
2 696 2970
1 1 1754 4 495499686
1 0 189 3 959622226
1 1 1462 3 355578862
1 0 2675 3 127836579
2 1655 2385
1 0 3076 4 987703678
1 1 317 2 275930351
1 1 32 4 758144488
2 2012 2722
1 0 2944 3 971308527
1 1 2659 4 469549376
1 1 1242 4 996920813
1 1 1895 3 94366590
1 0 3172 3 860354844
1 0 1891 4 172081970
1 0 2650 4 820065513
1 1 1389 2 926531387
2 1513 2400
1 1 2973 4 877532268
1 1 2659 2 799815603
2 327 1888
1 1 2099 4 965112345
1 0 1183 3 128752387
2 1467 2313
1 0 2537 4 199718652
1 1 3429 3 275189017
1 1 36 1 408938873
1 0 1797 2 509005661
1 0 536 2 315161259
1 0 3016 4 543891737
2 1740 3562
1 0 3149 1 961637633
1 1 1942 3 340594914
1 1 3268 1 525026171
1 0 2075 1 60580733
1 0 2119 3 412731450
1 0 3411 4 420502159
1 1 3393 4 533215863
1 1 465 1 133784927
1 0 1725 1 27088643
1 1 2228 2 157237185
1 1 620 3 395115976
2 220 418
1 1 741 4 94370990
1 0 727 3 637716410
2 3673 1326
1 0 3728 2 52772037
1 0 1230 2 144252577
1 0 3721 3 975751799
1 0 3475 2 277765433
1 1 1845 2 82509109
1 0 1534 1 959767237
2 3257 132
1 0 2350 4 86558891
1 1 187 1 24669010
1 1 1097 1 4950184
1 1 1590 4 527233974
1 1 894 1 849525459
2 2828 2713
1 0 2620 1 811018390
2 1551 15
1 1 3234 4 574572745
1 1 3292 4 387717947
2 2644 1025
1 1 1128 4 21320900
1 1 305 4 135517285
1 1 619 3 38909723
1 0 791 4 627880421
2 3693 940
1 1 1873 4 806546059
1 1 3697 3 760991762
1 1 1540 1 501829204
1 1 2026 3 699711247
1 1 3759 3 324037541
1 1 3308 4 58340117
1 0 3783 1 134356045
1 0 1907 3 586293880
1 1 2423 4 899561964
1 0 2499 4 958720577
1 1 1819 4 813601609
1 0 3791 2 367141849
1 1 3570 4 977810292
1 0 2098 4 311536521
1 0 2436 4 767820681
1 0 2249 4 78857590
1 0 507 4 322787433
1 1 2123 3 206351657
1 0 2553 1 187036197
1 0 2425 2 2864952
1 0 2310 1 585913697
1 1 3392 1 769480868
1 1 3159 4 995083333
1 1 873 3 272440533
2 3959 3455
1 1 3681 3 944815285
1 1 3530 2 43803145
1 0 1956 4 186509567
1 0 806 3 855171901
2 1816 1221
1 1 438 1 323046094
2 2994 2169
1 0 1847 4 219903935
1 0 3623 3 784097971
2 2750 1934
1 0 1755 4 782197191
1 1 189 4 910625138
1 1 3524 2 533247668
1 1 559 2 603562584
1 1 1833 3 190542159
1 0 2626 4 866653068
2 80 3108
2 2741 2317
1 1 3259 1 624770869
1 1 48 1 103808675
1 1 2236 4 194727868
1 1 3587 1 230922507
1 0 2105 2 149619167
2 3332 3502
2 125 3486
2 2628 2975
1 0 947 3 168820532
1 0 1838 2 337246760
1 0 2204 1 750022960
1 0 414 2 142756133
1 1 2446 1 779828150
1 1 2927 3 82226686
1 1 3169 1 301129374
1 0 307 3 193888440
1 0 629 3 431202574
1 0 901 4 773994933
1 0 1198 4 817152603
2 3583 3113
2 2274 1526
1 0 1900 4 372702756
2 3429 3863
1 1 2160 3 924025367
2 2149 484
1 0 1017 2 595122012
1 0 1612 2 323660589
1 0 2085 3 820797440
2 3139 584
1 0 2372 1 350120238
1 0 3819 4 255093952
1 0 581 2 515637154
1 0 2812 3 473907451
1 1 3107 4 588167631
1 0 2202 3 440148470
1 0 1940 1 431038368
1 1 295 1 617114626
1 1 440 3 810312136
1 1 1211 1 903141174
1 0 2474 2 69739022
1 1 1450 2 607141304
1 0 779 2 977828429
1 0 3367 3 776185308
1 1 3914 4 96358062
1 0 796 1 517272755
1 1 2312 2 659429861
1 0 3813 1 695227047
2 2053 1344
2 2467 3287
1 1 3497 3 164930224
1 0 2617 1 702140943
1 1 3611 3 82151842
1 1 668 2 89053898
1 1 578 1 478954496
1 0 3714 4 233965444
1 1 3836 1 409813331
2 3726 815
2 3331 534
1 0 2509 2 341847266
1 1 3455 3 27001275
1 0 1779 3 219356728
2 2270 2765
2 302 2369
2 3690 2575
1 0 2153 2 697125370
1 1 3885 1 943596296
1 0 2353 2 201343679
1 0 3152 2 280179652
1 0 3285 2 293519774
2 162 3673
1 1 447 1 503365218
1 0 3353 3 626844327
2 1933 3709
2 81 269
1 0 333 2 77539899
1 1 2835 3 185690848
1 0 719 2 217253757
2 1715 1020
1 1 3943 4 385685745
2 1872 465
2 1387 3874
1 1 3076 2 333681170
1 1 3034 4 216841813
1 0 2411 3 375758146
1 1 3326 3 393620029
1 1 2146 2 793120890
1 0 2670 3 680961965
2 480 1539
2 805 3594
1 1 1998 2 301222437
1 1 1244 1 906055922
1 0 3804 2 534997347
1 0 1854 3 745234095
1 1 1588 4 813765253
1 1 3758 3 330789973
2 2189 1787
1 0 536 2 263490339
1 0 1861 1 389064306
2 3523 248
1 1 1861 3 667227561
1 0 474 3 66501689
1 0 3394 3 53003835
1 1 435 2 197180476
2 1968 3432
2 3173 1437
1 0 2277 3 843367819
1 1 3562 1 54047966
1 0 79 3 457433100
1 0 196 3 364272545
1 0 723 2 880993325
1 1 3244 1 441508526
2 3879 3241
2 2968 3709
1 1 179 4 151428476
1 0 792 2 423800093
1 1 1922 2 12482049
1 0 1158 2 244938604
1 1 973 4 381320885
1 0 1949 2 715839718
1 0 3019 2 696081256
1 1 1098 2 44011063
1 1 2150 4 687522668
2 187 2099
1 1 1104 1 320664021
1 0 3660 1 926528601
1 1 2755 2 593755616
1 1 2229 2 946394549
1 0 425 3 457488779
1 0 1626 1 322231865
1 0 2278 1 629649986
2 1769 1760
1 0 2619 1 806957645
2 1191 847
1 0 696 4 831772904
1 0 2797 2 877224578
1 1 2156 2 735162193
2 2243 2124
1 0 3067 2 55499004
1 1 1958 4 815486714
1 1 625 3 415708305
1 0 2573 2 252372804
1 1 3954 4 525395868
1 0 751 2 644046764
2 1823 839
1 0 1026 2 929441346
1 1 364 4 435760567
2 3070 2805
2 234 2761
1 1 1581 1 327978149
1 1 2747 3 665116155
1 0 200 4 564204664
1 0 124 4 429664066
1 0 262 3 72932071
2 1160 394
1 1 2896 3 883425041
1 1 2144 4 115061692
1 1 3058 1 309302987
1 1 159 3 945024429
1 0 2420 1 890946574
1 1 3400 3 766426816
2 685 202
1 0 607 3 980148686
2 3409 2099
1 1 3670 3 764343658
1 0 1517 1 490973310
1 0 357 1 212249890
1 0 1902 3 525482550
1 1 2626 2 428952192
2 2072 3889
1 0 1898 3 850833991
1 1 1844 2 84405852
1 0 1812 1 839112187
2 1755 644
1 0 3762 3 254615393
1 0 539 4 276949022
1 1 2792 1 394675490
1 1 3204 3 306598692
1 0 2423 3 995852734
1 1 1984 2 966418986
1 0 1663 4 455129767
1 0 1002 2 633124728
1 0 1503 1 361981190
1 0 270 3 289610444
2 2665 99
1 1 3417 1 422825129
1 0 2148 4 520714900
2 1709 2657
1 1 105 1 265892596
1 1 2818 2 758323751
1 1 2333 3 637025991
2 3146 1371
2 2489 456
1 1 220 4 636058069
1 1 3564 4 211435821
1 0 2517 1 631045942
2 1506 2831
1 1 548 1 600430026
1 1 114 3 182553488
1 0 1746 3 736673911
2 3053 3902
2 2657 416
1 0 3959 2 835896044
1 1 1515 2 436406659
1 0 902 2 561142156
2 511 1601
1 0 1096 3 34816901
1 1 711 2 903489411
2 3939 1591
1 0 1183 2 336885083
1 0 458 3 120115375
1 0 1449 3 866474172
1 1 2166 1 422799525
1 1 2496 2 680278049
1 0 1496 1 640135607
1 1 1422 2 489409167
1 0 166 3 919602797
1 0 3171 4 42475996
1 0 1921 2 203641093
1 0 3277 3 273293045
1 1 1103 1 429631596
1 0 1041 1 605585493
2 1032 1235
1 1 547 3 695046466
1 1 2903 1 727570962
2 2939 3051
1 0 1704 2 254718927
1 1 1728 3 519014636
1 1 1687 1 29720132
1 1 3708 4 221836431
2 3108 170
1 0 2474 4 151708612
2 529 3785
1 1 1252 2 50377975
1 0 677 4 381075491
2 24 3525
2 3634 3381
1 0 3378 1 957211273
1 1 456 1 980441323
2 586 2858
1 1 530 4 864631953
1 1 2987 2 654288839
1 0 2518 3 235044813
2 1176 2756
1 1 1078 4 773128915
1 0 2024 3 800149138
1 0 561 1 920978653
2 690 625
2 1896 3646
2 1231 1261
1 1 580 2 663689113
1 0 795 3 774030891
1 0 3430 3 218742892
1 0 773 1 563318044
1 0 2719 2 596997673
1 1 764 4 424161820
2 1706 677
1 1 2488 3 469990773
1 1 1031 4 442189037
1 0 2654 1 503446178
1 0 1867 1 637038458
1 1 2793 2 912611586
1 0 3019 2 805722023
1 0 1982 2 890989510
1 0 3131 3 538641576
1 0 1946 4 97878068
1 0 2277 2 336997440
1 1 1058 2 572022022
2 1033 782
1 1 3812 2 436576900
1 0 313 2 18049111
1 1 2106 3 270840727
1 1 3172 1 205436314
1 0 1649 3 883447860
1 0 2495 1 601814370
1 0 3106 3 780377884
1 0 1993 2 638758723
2 410 3761
1 1 944 4 631692832
1 1 2556 3 401378250
1 0 3994 1 487647372
1 0 3411 1 496259417
1 0 2599 1 946688504
1 0 2934 3 567644881
1 1 879 3 761673895
1 1 4000 1 427319357
1 0 1466 1 677285396
1 1 1029 2 968674174
1 0 3502 1 720745783
1 0 3413 1 616926519
1 1 2470 4 59628228
2 1326 1471
1 1 2241 4 474829092
2 1581 239
1 0 391 2 142045605
1 1 387 1 507832737
1 0 1965 2 153182346
1 1 1627 1 197783109
1 1 1249 4 574635930
1 0 3690 3 937912786
1 0 1545 4 849710045
1 0 3202 2 168959939
1 0 1847 1 655025572
1 0 1526 4 117299746
1 0 47 1 15529426
1 0 3036 4 560828368
1 1 344 2 530372478
1 0 1452 2 22936550
1 1 3688 4 951730589
1 1 659 2 341230985
2 3641 3799
2 131 123
1 0 2031 3 900748772
1 0 864 4 161302501
1 0 1649 1 768534586
1 1 3755 2 173072331
1 0 1391 3 953068679
1 0 375 4 594035441
1 1 2747 4 42332543
1 1 2763 4 661991542
1 1 1231 3 912276699
1 1 2097 2 34623345
2 244 2792
1 1 3932 2 979929544
1 1 1641 2 707830905
2 614 1497
1 0 334 3 953774219
1 0 2655 4 381969775
1 0 2411 1 652941775
2 3951 2531
1 0 1625 2 788811121
1 1 764 1 496354580
2 3481 2077
1 0 1570 3 777064732
2 562 220
1 0 166 1 118365779
1 1 3338 3 647334916
1 1 3467 1 469737210
1 1 2296 3 139084329
1 0 1222 2 242122119
1 0 1519 4 757401281
1 1 2327 4 47667846
1 1 2489 3 711952430
1 0 3770 1 141038264
2 916 1926
1 0 1521 4 962344943
1 1 1852 4 624983362
1 1 3388 4 647088719
2 2668 956
2 1237 1790
1 1 2590 2 739650061
1 0 2199 4 348874261
1 1 1559 1 174769201
2 2244 2313
1 1 3902 4 849306950
1 1 1374 4 486077090
1 0 172 3 589102202
1 0 771 2 223075330
1 1 1983 3 189817385
1 0 462 3 784731217
1 1 3139 1 217202715
1 0 3585 4 847275107
1 1 3708 1 938314395
1 0 3328 1 385825205
1 0 1260 2 366195637
1 1 3083 3 282720756
2 154 2168
1 0 831 3 661273570
1 0 278 4 454296418
1 0 1255 3 604192475
1 1 1410 1 16467230
1 0 2118 4 856618522
1 0 1660 3 480728528
1 0 1369 4 53307346
1 0 479 4 833626392
1 1 583 3 276031698
1 1 662 1 894405452
1 0 1201 4 721727123
1 0 17 1 833612188
1 0 1176 4 228194896
2 3207 2854
1 0 1557 2 211765759
1 1 3727 2 694220733
1 1 1207 4 164804665
2 540 2785
1 0 2839 4 495661404
1 1 1491 2 940609466
1 0 2574 3 202737234
1 0 669 2 758075980
1 0 1803 1 767974743
2 2867 288
1 1 2514 4 206268769
1 0 3517 1 781924907
2 3267 3088
1 1 2870 3 448980862
1 1 2269 4 680912729
1 0 2678 4 636566739
1 0 3670 3 324584731
1 0 465 1 976132749
1 1 3236 2 785451983
1 1 1552 4 511126036
1 1 3828 3 283739466
1 0 3671 4 314321873
1 0 2474 3 732566830
1 0 629 3 675799670
1 0 14 3 15334741
2 588 2141
1 1 2626 2 831119490
1 1 2342 4 754333415
1 0 1326 3 262309144
1 0 3368 1 770798556
1 1 1651 4 286245129
1 0 497 4 724370709
1 0 2838 2 859008846
1 1 2125 1 602701578
1 0 3322 3 814085105
1 0 2244 1 250290604
2 2579 464
2 1373 3528
1 0 3958 4 150155375
1 0 2532 1 316670038
2 2056 313
2 3371 602
2 630 1596
1 1 2327 3 204003577
1 0 1677 4 225246999
1 1 524 4 135501393
1 0 3125 3 495495753
1 0 3230 4 137046203
1 1 2789 4 893045602
1 1 2706 2 559032965
1 0 963 2 428714599
1 0 70 3 699349410
1 0 1265 2 788599466
1 0 1354 4 355128457
1 1 1080 4 819354138
1 0 2965 2 834471672
2 1742 1087
1 0 1774 2 581074667
1 1 1108 1 89656874
2 3142 985
2 3438 532
1 1 3877 4 757611111
1 1 1409 1 122949541
1 0 1594 3 110245715
1 1 2884 2 23700088
2 963 921
2 1993 2917
2 1783 3121
2 2400 57
1 0 991 4 529229568
2 2053 2628
1 0 3887 4 427196687
1 0 3348 1 621400941
1 0 2951 3 204544114
1 0 1966 4 322363920
1 0 1714 2 409417608
1 1 2259 1 40225463
1 1 2715 4 228958505
1 1 3377 3 128739394
2 324 3105
1 1 909 1 794693304
1 0 3682 4 368699914
1 1 727 2 382408924
1 1 2810 3 948717505
1 0 2882 3 489488936
1 1 761 1 401021650
1 0 1528 1 81895776
1 0 93 2 782179346
1 1 1842 3 459309071
1 0 1281 2 533697368
1 1 2882 1 10422245
1 1 1003 4 526142238
1 1 1555 2 658150652
1 1 583 1 74987717
1 1 2769 4 907149233
2 3082 2065
1 1 2682 3 834423151
1 1 2473 2 169102556
2 2396 1555
2 726 3849
1 1 3265 1 594948033
1 1 2422 2 737520721
1 0 2201 3 629211708
1 1 2724 1 441885924
1 0 1760 3 853771738
2 3185 3553
1 1 1296 1 908490953
1 0 2783 3 381509448
1 0 1022 2 659589661
1 0 2919 1 542502340
1 0 1683 3 55177204
1 1 671 4 742526445
2 2206 2329
2 650 1728
1 0 2159 3 230438612
1 1 2320 2 605204756
1 0 3712 1 200087321
1 1 1146 3 943660614
2 2560 1836
1 1 917 1 275340243
1 1 142 2 531936501
1 0 1101 1 685563413
2 1757 3611
1 0 3960 1 605828625
1 0 3451 4 427221280
1 0 3153 3 151426874
2 3824 914
1 1 2969 3 521037582
1 1 2369 1 97128158
1 1 1381 4 744111831
1 1 2528 3 648410242
1 1 2677 2 424856533
1 1 3092 3 185599066
1 0 1037 3 453849352
1 1 3741 2 456961639
1 0 127 4 31339787
2 328 1306
1 0 1522 3 768556882
1 1 2299 3 653542454
1 1 3402 4 566409166
1 0 2490 1 931378151
2 2943 1984
1 1 1804 2 303623812
2 2484 2015
1 0 3185 4 40977564
1 1 3288 1 189834598
2 1365 2290
1 0 1074 1 77259370
1 1 1275 4 689199050
1 1 3588 1 751866394
1 0 3721 3 90443260
2 271 3483
1 0 1767 3 570114343
1 1 307 4 818326452
1 1 432 4 108453852
1 1 537 4 63016424
1 1 556 2 132998357
1 1 448 4 942660891
1 0 159 2 781588192
2 2152 1663
2 3075 115
1 1 2548 3 836902992
1 1 3019 3 293453528
2 2961 1996
1 0 2442 1 91906555
2 2139 3179
1 1 2350 2 525757130
1 0 988 1 487286015
1 0 1390 1 721808000
1 0 558 4 797825951
1 0 1352 1 772376280
1 1 2292 4 948085964
1 0 2273 1 857167285
1 1 1311 4 944237097
1 1 2100 1 508729517
2 912 1532
1 0 698 1 566700776
1 0 1628 1 655069511
2 301 3589
1 0 778 3 866229713
1 1 121 4 98805218
1 1 206 4 73362168
2 13 3416
1 1 1023 1 92557789
2 3513 2677
1 1 3400 3 275751914
1 0 3977 4 312736073
2 2121 877
1 0 386 4 668358128
1 0 1608 4 475560943
1 0 2697 4 563562250
1 0 2230 1 405302799
1 0 3674 1 761482658
1 0 1578 4 283443815
1 1 3223 3 2923659
1 0 637 1 193119957
2 3521 805
1 0 3040 1 458676068
1 0 1540 3 84760560
1 1 3772 2 410087304
1 1 316 4 14608074
1 0 3825 4 490502542
1 1 1732 1 859200667
1 1 1897 2 169077768
1 0 229 1 376460491
1 1 3185 1 479163346
1 0 2678 1 89607159
1 0 1065 1 82871622
1 1 3714 3 117619257
1 1 2212 4 369885124
1 1 3320 2 523533866
1 1 3444 4 236716632
1 1 1668 2 317093187
1 1 3877 3 93924936
1 0 1099 2 867626574
2 3558 1097
1 0 3283 4 339220004
1 1 169 4 786169969
2 3988 231
1 1 2427 3 566789925
1 0 1927 4 97390055
2 2005 375
1 0 2223 1 749818255
1 0 474 4 37933753
2 3292 16
1 1 2043 1 521221021
1 1 2665 1 676119497
2 3619 1590
2 2126 2282
1 1 3484 4 225078823
2 1606 3495
1 0 3809 4 268992021
1 0 3382 1 224281498
1 1 1990 3 618929688
1 1 3238 3 723689752
1 1 2019 2 183727619
1 1 3913 3 462396549
1 0 1090 2 563829812
1 1 2472 3 710342113
1 0 3925 3 439389840
2 3748 1218
1 1 2739 1 112585547
1 1 1011 3 955511962
1 1 1864 1 800463622
1 1 25 2 447487559
1 0 3558 4 995194297
2 2899 280
1 1 963 4 904477378
1 1 1362 1 29702641
2 1910 2307
2 978 2573
1 0 2856 4 858760381
2 38 2644
1 0 144 2 719269009
1 1 1675 2 455484204
1 0 1254 3 379605574
1 1 2102 1 466545291
2 2792 433
1 0 3310 3 638270806
1 0 3635 1 312270716
2 2297 1359
1 1 2228 2 323970904
1 1 3117 4 40664109
1 0 1921 1 886515225
1 1 2629 4 510239338
2 183 1567
1 1 2066 3 945645732
1 1 1364 3 106358253
1 0 674 2 765231590
1 0 767 1 29334117
1 1 2358 1 563864628
2 3359 2330
1 1 2004 4 443511386
1 1 1049 1 903300270
1 1 1013 4 517774571
1 1 2940 2 543643492
1 0 1971 3 76810198
2 1523 2464
1 1 1801 4 657104420
1 1 457 2 417664548
1 0 516 3 931740336
1 0 3250 3 740191633
1 1 2699 3 431281670
1 0 3733 4 827622594
1 1 952 3 192771974
1 0 471 3 548390675
1 0 3486 1 951261476
1 0 2684 3 325250320
1 1 2902 1 510440402
1 0 2911 2 448679148
1 1 2264 4 837965680
1 1 1106 4 819051871
1 0 1416 3 516383640
1 0 1296 1 21305528
1 0 3393 1 280933100
1 0 31 4 428942303
2 1371 436
1 1 3546 3 113373018
1 1 2944 2 817832752
1 1 3175 4 183590923
2 2667 2881
1 0 1014 3 556583068
1 0 3171 2 538642350
1 0 3956 2 337214552
2 537 3890
2 3026 2075
1 1 645 1 418784646
1 1 3817 4 817158724
2 2459 256
1 0 3270 3 504519948
2 2499 1557
1 1 1644 4 745468023
1 1 1188 3 817386111
1 1 1790 3 218570412
1 1 3250 1 818737054
1 0 327 4 509556509
1 0 378 1 265236612
1 1 3288 2 714461538
1 0 1797 2 911719532
1 1 1786 4 430774747
1 1 185 3 312474043
1 1 1138 4 558557841
1 1 1702 3 977829246
1 0 3440 4 590914128
2 3586 3591
2 2280 1261
1 1 1399 2 131681164
1 1 3819 1 678507230
1 1 1956 1 867663870
2 2132 2316
1 1 1407 2 336832712
1 1 3424 2 40982978
1 0 626 2 739004528
2 1861 1380
1 1 627 1 142386511
1 0 2582 3 573301798
2 3981 1051
1 0 1461 3 472881484
2 303 1147
2 1654 2366
1 1 1300 3 560242831
1 0 2105 1 235633088
1 1 2514 2 126089595
1 0 1770 2 45020743
1 0 3514 1 568685631
1 1 2616 2 249044916
1 0 3051 1 789883849
1 0 1492 2 359478223
1 0 1922 4 980729017
1 0 3152 4 88900794
1 1 863 2 161492134
1 1 629 2 104021898
2 2877 3874
1 1 1870 3 935184474
1 0 1127 4 231895054
1 0 2022 2 493494455
1 1 2409 4 890108354
2 3382 3703
2 403 668
1 0 3611 3 826917219
1 1 3021 4 14032885
1 0 2511 4 498287974
1 0 1251 4 535882155
1 1 2502 4 574382189
1 0 3901 1 883632521
1 1 680 2 295336757
1 0 1958 2 233099179
2 2036 1374
2 3362 3715
1 1 692 3 355073257
1 1 131 2 966515847
2 673 3592
1 0 274 1 530689575
1 0 1283 1 925293232
2 1462 2445
1 0 1964 4 285975687
1 1 1946 1 690907912
2 620 2826
2 1501 3272
1 1 2636 2 982924945
2 2482 2229
2 3267 3497
2 3740 2425
1 0 1603 3 873209444
1 0 1908 3 499348137
1 1 1431 2 575364396
1 1 1408 3 294098203
1 1 3958 3 893411089
1 1 2935 4 317517714
1 0 2926 3 287171005
1 0 2473 2 496167983
1 1 2528 3 506240598
1 1 3923 3 642069759
2 738 1136
1 0 3163 1 53377506
1 0 2242 4 136690320
1 0 1315 3 393792199
2 2407 1844
1 1 1367 4 131367048
1 1 3979 3 654505636
1 1 3122 3 598836743
1 1 28 3 64541135
1 0 516 3 712028953
1 0 526 4 967688779
2 153 630
1 0 3032 4 306316675
1 1 3224 1 196514030
1 0 2801 1 915688693
1 0 99 3 589158167
1 1 1408 2 277354620
1 1 3449 1 269008645
2 3867 3560
1 0 302 4 367981868
1 1 600 3 556832819
1 1 1178 2 840767852
1 0 3189 1 929526572
1 1 1051 4 683745246
1 1 2964 1 435027854
1 1 2242 2 900051505
1 0 699 3 697004708
1 0 3786 3 452175547
1 0 2392 4 252930732
1 0 2216 4 679310813
1 0 796 1 383921404
1 0 2920 4 423840106
1 1 3267 2 985192407
1 1 1764 4 111706909
1 1 1261 2 771244500
1 0 588 3 815583830
2 2223 907
2 1751 3370
1 1 766 3 897299936
1 0 3323 3 825693428
2 3132 1648
2 2830 675
2 2485 3518
1 0 70 3 586000552
2 420 3814
2 1474 616
1 1 2247 3 213266944
1 1 1881 4 243309826
1 0 1445 1 810614717
1 1 2105 4 978356439
1 1 3126 1 469393080
1 1 1885 4 874363846
2 3251 1092
2 537 2708
1 0 140 2 290017417
1 1 2210 4 321185975
1 1 2540 1 677121878
1 0 653 4 349466203
1 0 634 2 847136593
1 1 2338 4 57108239
1 0 3713 2 299868045
1 0 2968 4 840528549
1 0 2073 1 649116420
1 1 128 3 662645287
1 0 2922 3 486191710
2 2848 2255
1 1 3045 1 301866813
1 0 3399 1 246756552
1 0 3215 4 793640304
1 1 1525 4 931928076
1 1 2724 1 529782079
1 0 1406 1 774397765
1 1 2446 3 647417332
1 0 2915 3 611174049
2 3388 656
1 0 3819 3 288819230
1 1 8 2 590479047
1 0 3955 1 179853032
1 1 5 3 762474215
1 0 1772 1 619007193
1 0 2064 2 807165173
1 1 1776 1 953370045
1 1 2141 3 417144198
1 1 1192 3 766886353
2 2755 2579
1 0 3213 3 769057239
1 0 3411 2 448736492
1 0 1301 4 368601750
1 1 2325 4 624720117
1 1 3040 1 223264732
2 1711 3188
1 1 1781 3 303966292
1 1 185 4 174872942
1 1 13 3 310185673
1 1 1358 2 819730154
1 1 1723 1 429266368
1 1 3912 3 183445466
2 3597 907
1 0 1003 1 966305506
1 0 1732 2 380654495
1 0 1583 2 49339324
1 1 3518 3 953251490
1 0 3240 3 700687394
2 2307 684
2 2792 488
1 1 3837 2 419564159
2 280 3807
2 3341 244
1 1 327 2 781115853
1 0 3446 3 579223868
2 3561 3559
1 0 222 2 51123056
1 1 125 1 744871304
2 3692 1067
1 0 2536 2 51441495
1 1 2064 2 899350312
1 1 95 4 929181825
1 1 933 1 947654427
1 0 390 3 976909103
1 0 1907 1 12475354
1 0 3851 2 990843798
1 0 524 2 78283004
1 1 2769 1 240710239
1 1 3173 3 492466455
1 0 154 2 944848202
1 0 131 1 180492425
1 0 2785 3 479054606
1 1 920 3 577159993
1 1 3313 2 20217843
1 0 1509 2 849954510
2 1114 1891
2 3955 675
1 1 738 2 961855739
2 1061 2687
1 0 3977 2 871396113
1 0 3741 1 407914591
2 1454 1865
1 1 3433 3 210072369
1 0 3816 4 306811187
1 1 2681 2 457322684
1 0 1861 2 247220100
1 0 2861 4 19779929
1 0 2133 2 729258597
1 1 1439 3 287646810
1 0 3131 3 352311858
1 1 1713 4 941506065
1 0 3140 2 886890923
1 0 3680 2 652547076
1 0 2865 4 128401256
2 414 2992
2 1480 904
2 3894 3542
1 0 1570 2 97191484
1 0 484 4 899828028
2 2451 2352
1 0 3759 3 328231622
2 2228 1247
1 1 3582 4 464876380
1 1 2278 1 210190322
2 3774 3652
1 1 975 1 48120016
2 790 558
1 0 2791 3 666361979
1 1 329 1 328828250
1 0 942 2 887496332
1 1 1785 3 45240762
1 1 2419 1 167816418
1 1 1938 3 808191186
1 0 2497 1 18747688
1 1 2166 4 386716270
2 1239 2114
1 0 2408 3 714855873
1 1 3918 4 560235314
2 856 313
1 0 1410 1 227592356
1 0 318 1 569210215
2 2937 2048
1 0 982 2 486471933
1 1 1486 4 110852115
1 0 3383 4 418192008
1 1 2443 4 428353774
1 1 20 2 453197218
1 0 353 2 626990178
1 1 591 1 537225432
1 1 2442 1 462512442
1 0 3542 2 418261710
1 0 3888 2 423127922
2 1218 1264
1 0 2734 1 955473536
1 0 3179 3 283521821
1 1 2986 2 591717518
2 3002 2255
1 1 2886 2 598118764
1 0 2249 4 238365331
1 1 1657 2 759273425
1 1 157 4 477525959
2 1300 2255
2 1515 1846
1 1 2369 4 610040735
1 1 2385 1 732391536
1 1 3572 4 964098634
1 0 1482 4 834716842
1 0 3732 4 124974965
2 2261 1092
1 1 1588 3 29286437
1 1 565 2 522882793
1 0 1944 2 806158320
1 0 435 4 143452390
1 0 1798 3 826741165
1 1 3891 4 444648550
1 0 2977 1 332921672
1 0 474 1 16200100
2 829 233
1 1 1185 3 276436217
2 67 535
2 1678 3955
1 0 468 2 266452093
1 1 2141 2 779846279
1 0 2506 2 532608724
1 1 1500 4 976742591
1 0 1348 1 434872976
1 0 814 4 679951845
1 1 2386 2 193297657
1 0 2145 1 548490178
1 0 3092 2 711325148
1 0 1873 1 992766668
1 1 3224 3 611700694
1 1 1763 1 840752533
1 1 2000 3 633359813
1 1 1346 1 711722408
1 1 1872 3 858846222
1 1 976 1 346048618
1 1 2129 2 348703560
2 1897 3533
1 0 1999 4 455179490
1 0 3524 1 449675336
1 0 3387 3 771710367
1 1 1452 4 81999413
1 0 2977 4 98100131
2 2531 997
2 2823 2089
1 1 1852 1 227016110
1 1 374 4 98044330
2 837 3689
1 1 187 1 356967146
2 613 2543
1 1 515 4 478657707
1 1 3989 3 594578091
1 1 203 4 125855163
1 1 2505 4 215988332
1 0 1598 3 139471939
1 0 1499 4 402867238
2 9 3557
1 0 575 4 626635309
1 1 3136 3 314001786
1 0 3034 3 848423733
1 1 1034 4 730312054
2 3830 34
2 2839 2114
2 3718 3270
1 1 3757 1 579325969
1 0 2452 3 17926849
2 3224 1586
1 1 2781 2 715784409
1 0 1354 3 882695129
2 1546 1361
1 0 1422 4 43679887
1 0 3987 4 588778592
2 1460 3204
1 1 169 1 720171893
1 0 801 4 198386973
1 0 3285 1 8109698
1 1 577 1 908304808
2 3261 2891
1 1 3954 4 849907340
1 1 1520 1 743011414
1 1 3947 2 526040283
1 1 1711 3 164653012
1 1 762 1 965104173
1 1 1169 1 417273967
1 0 3298 3 687487204
1 0 2202 2 578893
1 1 2113 2 35435122
1 0 3488 2 64372301
1 0 3246 2 784363786
1 0 2672 4 312419792
2 429 3655
1 0 3427 2 990916087
1 0 480 3 303433529
1 1 1187 4 541871342
1 0 834 3 687759616
2 1324 1767
1 0 1291 1 940038947
1 0 2192 3 448867553
1 0 2571 2 711088137
1 0 3707 4 245796941
1 0 2314 4 232696619
1 1 1914 2 670462371
2 1290 1060
1 1 2214 3 327129210
1 1 257 1 650793815
1 1 2193 2 137750034
1 1 438 3 985518076
1 0 3925 2 872226019
2 23 1895
1 1 2630 2 552577820
1 0 645 1 301852769
1 1 52 4 853723709
2 1653 1688
1 1 3530 1 93428595
1 1 2191 2 232627396
1 0 2235 1 671362391
1 1 2380 3 42072940
1 0 2585 4 300051944
1 0 1856 1 828728791
2 2748 3675
1 1 2307 3 919857840
1 1 3264 4 782824544
1 0 1992 2 505311500
1 0 936 3 140654360
1 0 2729 4 532795591
1 0 2073 2 188374076
1 1 2838 3 889670945
1 0 2846 1 149302407
2 955 2123
2 624 1955
1 0 1903 4 156920757
1 1 3919 3 829392231
1 1 383 3 647808916
1 0 723 2 677671466
1 0 1828 4 835235652
1 0 312 1 39004624
2 1436 115
1 1 2855 1 88203098
1 1 2237 3 735456834
1 0 2386 1 472107063
1 0 350 4 6229511
1 1 1137 4 592889691
1 0 1265 2 664452617
1 1 2048 3 494598051
2 1541 2087
1 1 3076 4 331415627
1 0 3088 2 251189664
1 0 3156 2 750091817
2 2952 2901
1 1 43 4 280403519
1 1 858 2 818187110
1 1 1127 3 618667133
2 1092 3933
1 1 3495 2 592731494
1 0 3467 1 268852838
1 1 247 3 748258161
1 1 1522 3 254915082
1 0 2451 3 744854657
1 0 3472 4 507397131
1 0 848 3 80541050
1 0 552 3 942871483
2 3349 2216
1 1 3675 1 709552395
1 1 377 3 270880413
1 0 2693 2 271158813
1 1 121 2 504143891
1 1 1945 4 767196984
1 0 1524 1 757108632
2 1077 1698
1 0 3679 3 355058629
2 2263 3262
1 0 2607 1 316132422
2 2159 460
1 0 1455 3 216537646
1 1 1148 2 84753269
1 0 2968 3 761435402
1 1 85 3 373485716
1 1 247 1 265642538
2 3405 3590
1 0 2484 4 13417908
2 3113 1803
1 0 3240 2 627828430
1 0 485 4 434549452
1 1 2933 2 99620101
1 0 1763 4 607535164
1 1 1286 3 143649942
1 0 2426 2 251188767
1 0 3551 1 194150612
1 0 3544 3 702151725
1 1 1240 4 812727196
1 0 3401 3 815532855
1 0 3019 3 917616885
1 1 147 1 832240814
1 0 3147 3 589099488
1 1 2849 4 848472738
1 1 1691 2 444397480
1 0 260 1 928833138
1 1 2170 1 857117576
1 1 1727 3 754699988
1 1 193 1 481605836
1 1 2605 1 33654840
2 1405 3879
1 0 2920 2 113879327
1 0 3996 4 757330835
1 1 964 1 103744793
1 0 34 2 953427797
1 0 1382 1 630805092
1 1 1932 1 800385246
1 1 2787 2 59370793
1 1 2314 2 739872044
1 0 3912 1 398710267
2 2629 3206
1 1 2517 2 814095208
1 0 1436 4 677370208
1 1 2202 1 211449411
1 1 3015 3 519233440
2 3333 2317
1 1 604 1 770531826
1 1 1261 4 405046611
1 1 1256 1 805599053
1 1 3422 3 232841345
1 1 454 2 15310891
1 0 1802 3 60484955
2 2847 2281
1 1 927 2 250499657
2 3628 3750
1 1 3653 4 838591942
1 0 3599 2 860247350
1 1 340 4 906402703
1 0 953 3 437529513
1 0 2995 2 107967273
1 1 2029 4 738737850
1 0 517 1 537375114
1 1 2185 2 595269970
2 2497 1433
2 3032 3702
1 0 374 4 815191574
2 3087 3565
2 2891 371
1 0 3478 1 109341488
1 1 3635 4 149650171
2 1813 3165
1 1 3456 3 236297591
1 0 3677 3 330387454
1 1 209 3 298031444
1 0 1629 2 542624667
1 0 2677 4 114882810
2 2677 2509
1 0 3626 2 658544949
2 1722 2043
1 0 3081 2 21481592
1 1 608 2 77573561
1 1 1610 2 513793161
2 1608 2436
1 0 2710 4 328766211
1 1 1812 3 93486598
1 0 1590 4 582265015
1 1 3365 3 269034063
1 0 1077 2 376650565
2 1295 2437
1 0 2331 2 134516963
1 0 1830 3 181182879
1 0 3143 3 170129539
2 264 3219
1 1 918 2 142780552
1 0 2334 3 326307410
1 1 1038 2 586753763
1 1 3072 1 22822355
1 0 2936 1 967475166
1 1 3485 1 367327708
1 0 2485 1 785214642
1 0 1371 4 983914664
1 1 2978 3 368063098
1 0 3128 1 926097693
1 1 1894 4 177888019
1 0 381 3 721641508
2 2171 2294
1 0 244 2 555989268
1 0 647 1 709875481
1 1 1654 3 771033509
2 3124 3881
1 1 1956 2 886934881
1 0 3161 3 74535685
1 0 3725 3 797536208
1 1 3030 3 200180698
1 1 1928 4 9688570
2 1838 110
2 1452 2819
1 1 1158 1 663730965
1 1 2603 1 262654937
1 0 532 3 987136193
1 1 3618 3 573947087
1 0 1606 2 928376715
1 1 1139 1 798149205
1 0 3507 2 93362110
2 103 1608
2 2923 110
2 513 454
1 1 2814 2 969602098
1 0 1264 3 394873314
1 0 1141 2 442203315
2 1804 978
1 1 2942 4 76137828
1 1 42 3 481947432
1 1 547 1 709712918
2 2783 1197
1 0 791 4 495427314
2 2037 822
1 1 2967 4 543702843
1 1 2896 1 127745209
1 1 2306 1 17067272
1 0 3726 1 542358449
2 2760 3007
1 0 1065 4 272932759
1 1 635 3 876224703
1 0 1262 3 609367163
1 1 1303 4 214070134
1 1 2772 1 591681052
2 1063 1118
1 1 3784 1 568386885
2 1441 3715
1 1 1234 2 180056005
1 1 328 2 96048767
1 1 3886 1 829635662
1 1 725 4 340190628
1 0 1115 1 295641068
1 1 2630 2 220579811
1 0 837 1 50727333
1 1 228 4 449012064
1 0 1481 3 326623532
1 1 3848 1 588740895
1 1 1700 3 102747976
1 1 3331 2 503460400
1 0 967 3 176589210
1 0 989 2 523135885
1 1 1016 4 227489609
1 1 1303 4 843526352
1 1 2929 3 763159067
2 1303 757
1 0 2366 2 615956635
1 1 1184 3 553668060
1 1 1799 1 581257609
1 1 2799 2 731609087
1 1 998 4 149880883
2 3100 2690
2 358 1799
1 0 3311 2 832067203
1 0 2326 4 979585504
1 1 3798 3 479163941
1 0 3322 1 426587547
1 1 3636 1 439179444
1 0 2249 1 123980248
1 1 1222 4 451438721
2 3392 1673
1 0 1932 4 943668912
2 1003 1666
1 0 2903 3 864669882
1 0 1680 2 781041804
2 1230 315
2 1902 104
1 0 267 4 834260537
1 1 2672 3 346860339
1 0 701 4 598684139
1 0 2529 3 883034637
1 1 2894 4 639453842
1 1 3615 1 621929841
2 2572 3078
1 0 1532 2 355896115
1 1 1058 4 553902406
1 0 263 4 966297155
1 0 2612 4 587130006
2 606 3297
1 1 563 3 598208727
1 0 57 2 313002326
1 1 2215 2 510808034
1 0 3243 2 957996980
2 2937 576
1 1 2634 2 5344726
2 3730 746
2 3468 2880
1 0 3803 1 215467038
1 1 2973 4 623235007
1 1 3348 2 24234691
1 0 2655 4 547445099
1 0 1249 4 492186455
1 1 555 3 549487491
1 0 448 4 811824881
1 1 644 3 479297486
1 1 832 4 627367693
2 3663 2487
1 0 741 3 403333415
1 0 1234 2 776839326
2 363 2516
1 0 122 2 632118188
1 1 78 1 625363246
1 1 3910 3 244379819
1 0 1847 1 18637495
1 1 1759 3 667769132
2 243 2690
2 2263 3957
1 1 3073 4 372177844
2 3262 3334
1 1 1196 1 456391223
1 0 763 2 762259068
1 1 1649 2 566520402
2 442 2982
1 1 1985 1 786298926
1 0 1331 2 237270925
1 1 3817 4 88535557
1 1 3923 4 181215198
1 1 1983 3 111203823
1 1 536 3 195595836
2 2940 2407
1 0 736 1 538502845
2 1746 3497
1 1 568 2 273474042
1 0 3456 4 957369056
2 96 409
1 1 1740 3 556986318
2 293 1791
2 1537 3992
1 0 2721 3 639559949
1 1 3728 3 975950512
1 0 2938 2 848023977
1 1 856 3 273118693
1 1 743 3 551304453
1 1 946 3 16415164
2 3166 530
1 1 845 1 534918374
1 1 26 2 223027135
2 3003 2812
1 1 2011 1 649488664
1 1 2211 2 822077686
1 1 3109 2 305713618
1 1 1267 2 556503101
1 1 1844 4 758971968
1 1 3195 3 16662035
1 0 3248 1 491002869
1 1 2560 2 437272252
1 1 2852 4 763178164
1 1 3423 3 601196311
1 1 1788 2 841460364
2 1899 1786
2 2570 709
1 1 2248 2 156444484
1 0 201 2 166475569
1 1 2523 3 685607571
1 1 1525 2 799759927
1 1 2921 3 963697693
1 0 714 2 551378828
1 1 2635 4 198207556
1 1 3272 1 26501811
2 3578 2052
1 0 1513 2 512764056
1 1 3226 4 505387075
1 0 1793 1 61909293
1 0 786 4 591332333
1 1 3318 3 27399059
1 0 3806 2 886476904
1 1 2996 2 938250909
1 1 3867 1 563246578
1 1 3049 1 642107784
2 928 3514
1 0 2673 1 446941008
1 1 1078 4 507356695
1 1 275 1 53554838
1 0 2193 4 767988675
1 1 3382 3 530840099
2 2705 2335
1 0 1775 2 526458081
1 0 3052 2 160206616
2 3502 917
1 1 2280 3 62427196
2 1758 1411
1 0 1932 1 105668252
2 380 2156
1 1 1083 1 971243668
1 0 3790 3 639086450
2 3770 392
2 776 831
1 1 2143 4 571594151
1 1 1598 4 210868890
1 1 308 1 960356581
1 1 1206 4 117851933
1 1 2963 3 785163495
1 1 962 4 317202259
1 1 75 3 48829636
1 1 597 2 6787520
1 1 3570 2 299754424
1 1 3914 4 528875239
2 3021 3624
1 0 1573 1 843325148
1 0 635 1 950642833
2 1919 2247
1 0 1495 1 913005933
1 0 3687 2 41154826
1 1 317 4 332628837
1 1 1313 1 651701466
2 1832 3627
1 1 1765 4 446640595
1 1 2256 3 411630030
1 1 2456 2 226011956
2 2784 364
1 0 1064 2 940235189
1 1 3087 3 783053565
1 0 3318 2 586942565
2 3046 1168
1 1 1025 3 226008980
1 0 1244 3 944108037
1 0 201 2 775311339
2 2860 1666
1 0 426 2 327497315
1 1 3325 3 655939573
2 1886 2481
1 1 2254 2 403516434
1 0 1904 1 663962133
1 0 3194 3 405328930
1 1 3897 3 898158662
1 1 698 4 564477551
2 2037 2592
2 1374 1929
1 0 2062 3 726307366
1 0 401 1 885697627
1 0 468 3 771438512
1 0 3083 4 175028322
2 108 1893
1 0 2642 1 96965726
1 0 2524 1 64601894
1 0 59 1 712255205
1 1 291 3 575535076
1 1 1503 4 76153542
2 2271 2715
1 0 858 2 965404495
1 0 96 3 36592160
2 2574 2347
1 1 1641 2 976029095
2 2873 2185
1 1 2400 1 894187528
2 2993 3188
1 0 2851 2 460653653
1 0 2905 3 935248265
1 1 3389 1 773594646
1 1 1518 3 314994628
1 1 2788 2 913023941
1 0 1684 4 429271459
2 2962 3136
1 0 2745 1 636019109
1 1 3234 4 604831614
1 1 3409 3 56525119
1 1 478 4 486731186
1 0 3911 4 858198374
2 1678 3147
1 0 1781 2 11813481
1 0 3668 3 638382256
2 1693 357
1 1 242 1 177757213
1 1 3960 1 271432961
2 2855 1575
1 1 3469 3 298364192
1 0 2595 1 186369876
1 1 2934 2 145626921
1 0 1032 2 200521707
1 0 1265 1 687810798
2 1106 518
2 2351 1519
2 23 3260
1 1 3913 1 461420251
1 0 2429 3 622614864
1 0 3154 1 466467895
2 1021 736
2 3936 1324
2 2745 2874
1 0 3857 1 820513651
1 0 3272 2 731958117
1 1 3961 4 872998673
1 0 867 4 460141101
1 1 86 4 343145964
1 1 394 1 420400422
1 0 2126 3 503474101
2 296 3613
1 1 1960 2 995006807
1 0 1318 1 930369104
1 0 2409 4 922670895
2 560 2353
1 0 2270 3 838076079
1 0 903 4 519642512
1 0 398 4 953348236
1 0 473 1 454232586
1 1 1410 3 400584404
1 1 2276 1 989120831
1 1 2685 3 424329692
1 1 1473 2 478498925
1 1 863 2 522027053
1 0 900 4 547414810
2 136 525
1 0 293 2 909148975
1 1 2993 1 29562379
1 1 1994 4 57137980
1 1 3522 3 491617284
1 0 2129 3 331280779
1 0 993 4 858567143
1 1 2722 2 626819451
1 0 3786 4 790691965
1 0 3649 2 593736918
1 0 1470 1 471857121
1 0 2000 1 195864387
1 0 3406 1 860265581
1 0 1585 1 500546163
2 1984 1670
1 0 3582 3 253684028
1 0 370 2 849145765
1 1 3596 4 313537808
1 1 3603 4 943696024
1 0 3324 2 677833855
2 3565 2402
2 2848 3705
1 1 3865 2 19205861
1 1 2206 1 448506548
1 1 802 4 612878795
2 1420 3878
2 2696 1265
1 1 1424 4 863519859
1 0 352 3 764039599
1 0 3992 2 944593957
1 1 3803 3 137238840
1 0 201 4 585879778
2 1615 34
1 0 1634 2 539964406
1 0 2388 2 808742379
1 0 643 2 218711202
1 0 507 2 732425614
1 1 2610 3 90509177
1 1 3006 4 154744808
1 1 2371 1 667559469
2 3971 2086
1 1 3148 4 951622869
2 1387 1309
1 1 2960 3 552147551
1 0 1463 3 88961451
1 0 3310 2 270746708
1 0 2032 4 353969842
1 0 2106 2 437671452
1 0 616 4 254128804
2 3549 463
1 0 3745 1 408651875
1 1 2500 2 860420289
1 0 1600 1 495696041
2 2372 2984
1 0 2036 2 475247249
1 1 537 4 441050989
1 1 1168 4 585437249
1 1 1613 2 747541842
1 1 2095 1 698092170
1 1 3105 4 203894324
1 1 2311 3 392541583
1 1 482 4 37068175
1 1 1595 2 886169245
1 0 3172 1 769196715
2 1762 3414
1 0 3344 4 211168476
1 0 3440 2 590925482
2 2375 3253
1 1 3675 2 308680084
1 0 591 3 366297926
1 1 3294 1 116597236
2 2156 151
1 1 3151 2 120496679
1 1 765 4 439263974
1 0 3729 4 166744699
1 0 1438 2 821169306
2 2413 1169
1 1 2708 1 763222390
1 1 1263 4 373959680
1 0 3123 1 904482270
1 0 505 3 951753984
1 0 3793 4 427465479
1 0 411 2 86478353
1 1 3802 4 879309773
1 1 2390 3 39594425
1 1 179 2 103142774
1 0 771 1 158373477
1 0 1144 3 559479157
1 1 189 2 361185869
1 0 2016 4 418709664
1 0 745 3 972754736
1 0 3591 3 519469074
1 1 2660 3 215855148
1 0 2117 3 938139300
1 1 3709 1 47604968
1 1 1685 2 403483624
2 3771 2468
2 2089 3590
2 3053 253
2 2402 2518
1 1 3109 4 579136650
1 1 511 3 648639755
1 0 2183 4 935210255
1 0 2886 4 361676747
2 2565 2955
1 0 964 2 835533630
1 0 239 3 169294768
1 1 3651 4 235350786
1 0 649 3 381837736
2 1705 3739
2 1120 3159
1 0 1172 1 470992132
1 0 3304 4 468901140
1 0 2409 3 938499727
1 1 2112 1 223423844
1 1 2140 4 221422315
1 1 3609 1 167622516
2 3338 145
1 0 3334 3 238658080
1 0 2139 4 651150215
1 1 2941 3 992666217
1 0 2045 4 204473901
2 1952 285
2 3334 3797
1 0 3076 2 877257756
1 1 1516 3 370518906
1 1 2675 4 506736967
2 3958 949
2 1125 1398
1 0 3039 2 996441995
2 3451 2975
1 0 377 4 774142803
1 0 2557 4 779928033
1 1 2309 3 27765198
1 0 3384 2 801714685
1 1 3338 4 998421560
1 1 130 1 530555696
1 1 2901 2 623238875
1 1 422 4 25626022
1 0 2518 2 860494845
1 1 279 2 954832367
2 2336 683
1 0 3777 3 613409848
1 1 2742 1 637994161
1 0 2228 4 229684404
1 0 3298 4 292586978
2 3932 2216
1 0 288 2 136602063
1 0 1442 4 411053510
1 1 2156 2 278288292
1 1 163 3 61479370
1 1 2401 4 670071083
1 0 512 2 78951789
1 1 472 1 21501314
1 0 169 2 21338718
1 1 117 4 866642412
1 0 3183 1 348061650
1 0 1779 1 314139827
1 1 3778 1 555696845
2 731 887
2 3041 2683
1 1 3146 3 984199803
1 0 3673 4 170060270
1 1 16 4 459299398
2 3930 2365
1 0 1190 3 157094553
1 0 2396 1 874756509
1 0 1029 3 481451736
1 1 865 1 485133755
1 1 2964 2 180079553
1 0 2467 2 375219660
1 0 2876 3 194419221
1 1 851 4 49960929
2 3059 1902
2 3539 2408
1 0 3303 2 698124983
1 1 3329 2 736912926
1 1 278 3 979552969
1 0 1256 1 710518500
1 1 2954 4 445555140
2 3351 3479
1 0 2906 2 644884155
1 0 3882 1 633657170
1 1 1771 3 88849998
1 0 3925 3 699236298
1 1 935 3 518975424
1 1 3502 2 433766361
1 1 3597 3 630834683
1 1 846 1 512656307
1 1 3430 3 428082278
1 0 271 2 486815458
1 1 57 3 53302686
2 3873 3198
1 0 1606 3 283530940
1 1 3153 1 206090627
1 1 3221 3 401938854
1 0 1847 3 645705212
1 1 970 1 53647051
2 1992 3468
1 0 350 1 629804505
1 1 1732 1 593278406
1 1 714 2 530494350
1 1 2375 1 33905337
1 0 3510 2 22297239
2 221 2983
2 3050 2458
1 0 951 4 721340220
1 0 2357 4 310191453
1 0 2152 1 369963247
2 2750 2175
1 1 3794 2 535129661
1 1 355 3 140667908
1 1 8 1 968295305
1 1 3487 3 761331947
1 1 2845 4 194978017
1 1 389 2 40528532
1 0 788 1 864108940
1 1 161 3 374441129
1 0 3556 3 705185264
1 0 1063 1 614547618
1 0 776 2 170766812
2 1484 1269
1 1 2664 1 313541945
1 0 2969 4 590514582
1 1 2979 4 981959428
1 0 205 3 166919988
1 1 3269 3 741141535
2 180 1210
1 1 1362 2 863256378
1 0 2533 2 7052509
1 1 323 3 909092097
1 1 675 1 111747170
1 1 2506 4 486707744
1 1 691 1 675989988
1 0 3118 4 376120392
1 0 1319 1 124863114
1 1 1553 4 294211862
1 1 3565 4 583583437
1 1 934 2 358220031
1 1 2023 2 380916911
1 1 509 3 754331708
2 145 63
2 2730 1609
1 0 2008 2 615310451
1 0 529 2 718623094
1 1 224 3 667341219
1 0 1179 2 767486596
2 2580 2364
1 0 917 1 226778008
2 1790 1300
2 3322 1149
1 0 819 3 719230727
2 1229 3000
2 1433 2751
1 1 2974 1 973081644
1 0 2292 3 718528175
1 1 398 2 65218165
1 0 3214 3 154077214
1 0 3864 2 112166787
2 1213 546
1 1 2565 3 842636543
1 0 470 4 985191358
1 1 1379 4 545798411
1 1 1715 3 695664215
1 1 3956 4 394338438
1 1 1223 2 772836080
1 0 2547 1 686148255
1 0 3956 4 15155942
1 0 468 1 530955007
1 0 3405 4 967722087
2 118 2711
1 1 244 1 379459422
1 1 2020 1 88623249
1 0 2924 4 289266798
1 0 1250 2 403065141
1 0 3572 4 851280519
1 0 74 1 523377413
1 0 3086 3 718648751
2 1352 441
1 1 3123 1 947510581
1 1 3475 2 995293496
1 0 3754 1 171885660
1 1 3056 2 246436453
1 0 1004 4 318531372
1 0 2669 1 249000766
2 148 3970
2 3313 2207
2 2833 3307
1 1 1327 1 210320836
1 1 1646 3 162967516
1 0 1049 1 155760522
1 0 3901 4 875696458
1 0 2110 4 788297647
2 1118 2821
2 698 150
1 1 3551 4 757668360
1 0 3420 4 596370137
1 1 755 2 526213121
1 0 2737 3 762127904
2 3049 994
1 0 3283 3 851080243
1 0 39 4 726938671
1 0 3790 2 628932950
1 1 3826 2 458695493
1 0 3627 4 771241291
1 1 2809 2 718327518
1 1 2371 3 553997359
1 1 784 2 749167708
1 0 1 4 591365496
1 1 567 4 363191566
2 799 2893
1 0 272 4 320618590
1 1 3649 4 768990179
1 0 47 3 488029419
1 1 3420 1 57212548
1 1 3457 1 638549639
2 3754 2676
1 1 2794 4 507068720
1 0 1254 1 958030858
1 1 208 3 64771566
1 0 772 1 927303975
1 0 2449 2 96169053
1 0 1372 4 890256475
1 1 3574 1 865744394
1 1 1021 4 636774564
2 3544 264
1 1 1786 4 872697698
1 0 702 2 138356280
1 0 3221 4 932145362
1 0 2117 4 574588692
1 0 958 2 89327349
1 0 2288 3 932780914
1 0 846 1 739226765
1 0 1292 1 523092686
1 1 281 4 303753988
2 284 2455
1 0 1553 3 976541601
2 2535 2132
1 1 2307 2 192817264
1 1 3695 4 489332918
2 3749 3156
1 1 981 1 11264380
1 0 2727 3 946415931
1 1 2536 4 459602326
1 0 3640 2 122993976
1 0 3828 2 777274197
2 43 827
1 1 909 3 102799790
1 1 3287 4 439945617
1 0 3556 1 866538746
1 1 910 2 205794409
1 0 1350 3 119722032
1 1 812 3 752501868
1 1 240 1 249668895
2 3711 2750
1 0 2027 4 675554171
1 1 2439 3 942119594
1 0 3117 2 288887976
1 1 2439 1 915455870
1 1 1552 1 723220595
2 431 1166
1 1 2611 2 636753529
1 1 783 1 215849429
1 0 962 4 921835198
1 0 2838 4 436107158
1 0 1900 2 400820317
1 0 321 1 450646901
1 1 2416 1 306948451
1 0 1926 3 294265872
1 0 3399 2 478551917
1 0 562 3 281793006
1 0 2582 4 981309055
2 1090 1715
1 0 3025 1 515490467
1 0 3509 3 888739595
2 281 180
1 1 882 2 859739675
2 8 1163
1 1 3417 3 587461753
1 0 957 4 992674178
1 0 1157 1 672978535
2 1582 42
1 0 1420 2 700213768
1 1 1044 2 352461100
1 0 1328 3 921642313
1 0 786 3 125796169
1 0 1977 2 192434722
1 0 2300 1 737969760
1 1 3263 3 177641332
1 0 3983 2 274880876
1 0 3893 3 687466976
2 3281 854
1 0 1260 2 768111449
1 0 920 1 902231375
1 0 3214 1 632199306
1 0 211 4 205470798
1 0 1373 4 101888669
1 1 1930 2 3333283
2 475 2890
1 1 1602 1 286949091
1 0 3250 2 411799420
2 288 3438
1 0 197 2 685038232
2 506 584
2 2433 3321
1 1 1805 3 104208171
1 1 626 2 957003050
2 3097 2668
1 0 1477 2 40318315
1 1 597 4 906692482
1 0 472 2 240417726
1 1 765 2 613883088
1 1 1466 2 998821320
1 0 3450 1 207996263
2 2237 3926
1 1 74 4 331874180
1 1 394 3 577306443
1 0 312 2 322397511
1 0 307 3 196014670
2 2858 2413
2 3552 3356
1 0 1843 1 313178573
1 1 2792 3 989240749
1 0 3559 1 5791987
1 1 2573 2 610800046
2 2059 1961
1 1 1963 2 136815088
1 1 2734 1 130093360
1 0 3703 3 186208838
1 1 3606 4 326294170
2 83 2104
1 0 3930 3 76653887
1 0 1674 2 449452726
1 1 3860 4 40777377
2 3249 130
1 1 2527 2 456086105
1 1 542 4 948891854
2 2343 2508
1 0 3260 3 518455866
1 1 279 2 560380960
1 1 3448 1 144818136
2 1770 1490
1 0 899 3 464539498
1 0 2649 2 799459316
2 1302 1719
1 0 357 4 172975044
1 1 1122 3 194971297
1 0 3902 4 167381266
1 0 3694 1 385023432
1 1 1622 2 240304485
1 0 3678 1 722454799
2 925 2187
1 0 639 3 468527189
1 1 652 2 56051936
1 0 3411 2 218207259
1 0 3528 4 727206699
2 920 1440
1 1 1038 1 625675896
1 1 2266 2 361752305
1 0 3852 4 538677422
1 0 2404 1 230951766
1 0 208 4 464592606
1 0 130 4 940972540
1 1 2261 1 673696486
1 0 3053 4 356552966
1 0 3688 3 811552205
1 1 1792 2 925460340
1 1 3066 3 430193091
1 1 663 1 728338755
1 0 350 2 45985357
1 1 3175 1 614657545
1 0 3333 4 241409622
1 0 234 2 852967596
1 0 2885 2 74326072
1 0 1066 2 364380617
1 0 141 4 3330963
1 1 309 3 302529405
1 0 3919 4 873543439
2 3965 3263
1 1 1610 1 454728675
1 0 3834 3 942363799
1 0 3127 1 761455286
1 0 2347 3 408319645
1 1 153 1 840770086
1 1 1734 2 808635072
1 0 1926 2 24483259
1 0 1743 3 184832978
1 1 73 4 15553839
1 0 3590 2 693342075
1 1 1712 2 257132514
1 0 3777 3 144425242
1 1 3693 3 759283192
1 0 3120 2 39162011
1 1 2639 4 592828043
1 1 3623 4 4638847
2 178 3275
1 1 2366 2 937611538
1 0 3509 1 20495541
1 1 2356 4 259183389
1 0 3109 4 591818691
1 1 707 2 40596558
1 0 2475 4 105325974
2 2352 2007
1 0 1837 2 274157705
1 0 1154 3 54209128
1 0 2848 3 187473276
1 1 836 4 991218564
2 1318 1936
1 0 3169 4 82065743
1 1 377 4 292368373
2 3245 918
2 1519 1711
1 1 2064 4 971078238
1 0 1782 1 696598721
1 1 1680 4 413153411
2 2781 2718
1 1 1780 2 2217015
1 1 1270 3 781413147
1 1 1392 3 588343515
1 0 2629 1 644414141
2 2178 3258
1 1 2836 3 127968175
2 2642 1667
1 1 160 4 725646361
2 1375 3006
2 3667 3621
1 1 264 3 740910548
1 0 3308 1 130560027
2 1336 503
1 1 1383 1 320324361
1 0 3827 2 59497190
1 1 2965 1 749587893
1 1 2988 2 297607193
2 3952 716
1 0 70 4 844214144
1 1 2083 3 224380470
2 3978 3113
1 0 176 3 955223693
2 2948 1258
1 1 2449 2 196622632
1 1 1487 1 411326386
1 0 3691 1 442626414
1 1 3600 4 75282341
1 0 3669 2 312699292
1 1 3504 4 993733337
1 1 3454 3 922462195
1 0 409 3 934286603
1 0 2709 3 655272470
1 0 1140 2 329550699
2 1435 1433
1 0 2547 4 171026195
1 0 2128 2 245461614
1 0 2679 2 163037227
1 1 473 4 818282952
1 1 93 4 12331326
1 0 3448 2 306227174
1 1 873 3 390969305
2 3648 1513
1 0 198 4 663307820
1 1 3281 3 394671816
1 0 3054 1 422737742
1 0 3915 2 56282091
2 3843 3681
1 0 1052 1 904979696
1 1 2311 1 569069384
1 1 3552 4 727536996
1 0 1502 3 169844298
2 446 2659
1 0 3274 3 562152848
2 321 2222
1 0 56 3 70844727
1 1 3379 1 133666029
1 0 1070 4 423707089
1 1 2437 2 510866434
1 0 2069 4 593553423
1 1 2681 4 900047005
1 1 145 4 90116145
1 1 1982 4 686373543
2 1176 2312
1 1 1323 4 636215769
1 0 2158 4 159346795
1 0 2247 4 775225805
1 0 1660 2 204060678
1 1 3113 2 812477071
1 0 359 4 862559646
1 0 691 3 910889482
1 1 3552 3 819107205
1 1 777 4 234345935
1 0 3890 3 193917491
1 0 3455 4 941958141
1 0 1692 3 16226447
1 0 3299 1 204986086
1 1 3856 1 403942938
1 0 3565 2 986768406
1 1 2877 4 77666797
1 1 854 2 937167789
1 1 3350 3 562130746
1 1 2121 2 154050088
2 3062 1861
2 2749 1014
2 3656 872
2 2506 1855
1 0 3131 4 805706140
1 1 3083 1 137831553
1 1 771 2 184114883
1 1 913 4 211466798
1 0 188 4 349675680
1 0 2117 3 747713027
1 1 306 1 561122132
1 0 697 3 555366040
1 1 46 1 340291579
2 401 519
1 1 2198 1 487694193
1 0 3405 3 635066929
1 0 544 1 298498432
1 0 1738 2 933433542
1 0 233 4 238033674
1 1 3987 3 353978238
1 0 3487 3 909111892
1 0 436 3 55193494
1 0 3099 2 947262998
1 0 1645 1 764618238
1 0 2534 1 846961050
1 1 2674 4 955594383
1 1 3347 3 613494713
1 0 2963 2 897678796
2 45 2577
1 0 61 4 285885469
1 0 1023 4 609410889
2 5 754
2 412 3431
1 1 3186 3 686549668
1 0 1054 1 249996904
1 0 2119 2 845737197
2 1033 3918
1 0 1611 3 52859766
1 0 3685 3 890489366
1 1 3623 4 626926986
1 1 3450 4 590364937
2 3579 3470
1 1 3903 1 168396553
1 0 777 3 356690285
1 0 1607 4 793625445
1 0 3969 2 322993566
1 0 1861 1 392033037
1 1 2781 1 444600175
2 279 765
2 944 2670
1 1 2179 3 94396140
1 1 1758 3 58827419
1 0 1473 3 751840697
1 0 1502 3 716541725
2 1546 2364
1 0 1277 4 505903533
1 0 2725 4 504172826
1 1 3367 2 825566412
1 0 1889 4 563690393
2 2440 434
2 3481 2081
1 1 3436 4 830487281
2 1503 796
2 1104 1109
1 0 1971 2 261771427
2 2885 1223
1 1 108 1 582815869
1 0 751 2 27096652
1 1 2577 2 518533584
1 0 3231 2 589699104
1 1 947 3 721437099
1 0 26 3 577723912
2 3406 1489
1 0 2832 1 21545916
1 1 3850 4 77691309
1 0 2083 2 163805178
1 0 899 4 248716937
2 2760 3043
1 1 1343 1 940561270
1 0 3507 2 505532807
1 1 1109 2 930838070
1 1 2426 4 767494235
1 0 1335 2 443899350
2 3975 2991
1 1 885 1 68602829
1 1 1486 4 235361154
1 0 3573 2 414529302
1 1 265 3 778561689
2 424 835
1 0 2460 1 902150625
1 0 1986 3 393594179
1 0 1078 2 593475633
1 1 907 1 125793559
1 0 3766 4 72249992
1 0 1466 4 709540384
1 0 2977 3 497267759
1 1 1296 3 221172053
1 0 1 3 408613796
1 0 2274 4 327312022
1 0 1750 3 422543437
1 0 2349 2 247695764
2 301 252
1 0 680 1 35147691
2 635 1110
1 1 2471 2 359376619
1 0 2818 1 444278357
1 0 1075 3 114169909
1 1 88 1 282486347
1 1 3040 3 146960651
1 0 2425 4 412832958
2 2100 647
1 1 2865 4 690806009
1 0 3648 1 684982618
2 3349 2570
1 1 2670 3 989365016
1 1 3756 4 132988091
1 1 1060 3 864278502
1 0 3814 3 325625329
1 1 2526 3 43024394
1 0 2001 4 97481729
1 0 1375 4 35434902
1 0 3595 4 149959310
1 1 92 3 756865658
1 0 2127 3 487427830
1 0 1410 3 740707293
1 0 2277 4 946053159
1 0 3571 4 586392589
1 0 1627 2 203345984
1 0 417 4 22868437
1 0 3098 4 775007327
2 3 522
1 0 1732 1 228112128
2 3367 1767
1 0 1641 4 577379158
1 0 867 1 355680113
2 2160 3603
1 0 860 4 38738964
1 1 716 1 21400992
1 0 2877 4 759815460
1 0 2920 1 172827839
1 0 1577 2 478525998
2 3297 2773
1 0 801 2 799455134
1 0 2822 1 624996531
1 1 501 3 99940656
1 1 1590 4 564736234
1 1 1486 1 996922227
1 1 1922 4 197813779
2 601 1943
1 1 3743 4 267732571
1 0 3005 2 989891091
1 1 3961 3 420064164
1 1 77 2 91932694
1 1 3976 4 172149986
1 1 96 1 355218433
1 0 3039 3 430432169
1 0 3156 1 671443805
2 3905 1495
1 1 2794 1 900852834
1 0 2768 1 653234782
1 0 3557 4 113199833
1 1 851 4 581127722
2 2238 2776
1 0 2665 3 52645865
1 0 2236 4 402336193
1 0 3049 2 551206974
1 0 788 1 417556652
1 1 2735 3 48695366
1 0 209 1 707547972
1 0 3669 2 990297311
1 0 1573 4 958265704
1 0 165 2 614310681
2 2327 2717
2 2627 762
1 0 3707 1 856643197
2 3121 1708
1 1 552 2 148551347
1 0 537 3 672834390
1 1 2097 4 507341491
1 1 1296 3 418056611
1 0 3860 2 286112750
1 1 3536 2 648051961
1 0 3914 1 321121828
1 1 1697 4 145428420
1 1 1889 3 258750867
2 1580 3371
1 1 3596 4 329368083
1 1 1640 3 759011952
1 1 3985 3 601197991
1 1 335 1 498569098
1 0 2164 4 27886141
1 0 2080 4 514260155
1 1 2942 1 164841465
1 1 803 4 693935421
1 1 461 3 94982367
2 2494 1815
2 3287 2099
1 0 1192 1 28010225
2 128 3329
1 1 2907 1 423288989
1 1 2045 2 943656323
1 1 3049 2 136214135
1 1 1769 2 630971486
2 3323 3221
1 1 1476 2 667262579
1 1 301 1 868980394
1 0 1448 4 517212114
1 1 3392 4 19566257
1 0 1179 1 487207500
1 0 95 1 434002583
1 1 1240 3 953088022
2 1758 1523
1 1 2270 3 348907161
2 604 2065
1 1 5 2 573203495
1 1 519 1 580048309
2 25 181
2 3150 2743
1 0 582 3 71141109
1 0 3583 3 7892751
1 1 3800 4 771491782
1 0 3386 4 343522344
1 1 1378 4 894721501
1 0 1605 4 560013477
1 0 746 3 350535966
2 3822 2355
1 1 2198 4 111571963
2 1070 1009
2 2648 1842
1 0 1545 1 868237824
2 2812 569
1 1 3277 4 864763543
2 2847 340
1 0 1631 3 924088230
1 1 2186 2 929503454
1 1 3929 2 691833838
1 0 1907 2 516294526
1 0 2886 3 582732792
1 0 3795 2 371331787
1 0 3238 2 489131518
1 1 3287 3 741065633
1 0 1153 2 540008229
1 0 2947 4 585792261
1 1 745 1 273485538
1 1 3919 3 191676777
2 1392 2653
2 3343 3140
2 1013 1588
1 1 2951 1 538984730
1 0 1392 3 148585718
1 0 2922 2 615280794
1 1 1815 4 367004540
1 1 3031 3 795934204
2 2724 151
1 0 2228 3 888985936
1 0 595 3 132678525
2 2120 1831
1 0 3199 3 379782875
1 1 3761 3 472704090
1 0 1832 3 932493252
1 1 3425 1 864557677
1 1 3428 4 550397694
1 1 3169 4 116550192
1 0 1650 4 243840652
1 0 2164 1 74326615
1 1 2881 3 238215683
2 1041 1398
1 1 1368 2 118848960
1 1 3481 4 497178265
1 0 388 1 922298784
2 116 2245
1 0 714 3 327495117
1 1 1915 2 150993618
2 2719 1488
1 0 1830 3 559390437
1 1 2501 2 97782978
1 0 3604 4 831992405
1 0 2115 3 764153252
1 1 685 3 149010173
1 0 782 3 612761769
1 1 196 1 320589709
2 3665 2228
1 1 1707 3 869746155
1 1 2870 3 584555972
2 695 3928
2 3235 718
1 1 2879 2 838816810
1 1 1255 2 334404039
1 1 2001 1 570286185
1 1 368 1 383445045
1 1 2219 2 763875577
1 0 3377 4 276408913
2 2333 3967
1 1 2133 2 833253432
1 1 1543 4 162801846
1 0 1115 1 472023149
1 0 2291 4 547774028
1 1 2264 1 851754682
1 0 3612 1 180830210
2 662 262
1 0 2822 2 860082697
1 0 913 3 222838349
1 1 744 3 528589114
2 2100 3790
2 827 2183
1 1 2141 2 573831519
1 0 3456 2 310623842
1 0 1401 2 137574453
1 0 2274 3 130288293
1 1 1173 4 785214314
1 0 1795 3 685816543
1 1 1535 3 427320145
1 1 1786 2 5788426
1 0 881 2 686234155
1 1 73 4 642398625
2 1885 3700
1 0 2264 3 349971456
1 1 1980 1 959318528
1 1 3337 1 197118112
1 1 1074 1 643214864
1 0 1677 1 969717782
1 0 1458 3 213982967
1 0 455 2 765575409
1 1 2656 4 29220868
1 1 1258 4 984649811
1 1 1938 1 388727964
1 0 882 2 975852763
2 465 2922
1 1 1004 3 966497969
1 1 529 4 675172784
1 1 2487 3 272235604
1 1 3941 1 247767067
1 0 3408 3 844647328
1 0 3687 3 660369769
1 1 1973 4 725294013
1 0 1656 2 715767316
2 3118 1043
1 0 347 3 325201086
2 3397 724
2 1038 502
1 0 3590 1 971075850
1 1 158 4 50122378
1 1 3366 3 729724979
1 0 3642 2 462696978
1 0 1329 2 953720799
1 0 396 3 724879382
1 0 973 4 724977254
1 0 14 4 49171579
1 1 2292 1 341033385
1 1 797 1 147548554
2 723 2805
1 1 1583 2 569884270
1 1 3991 3 62675406
1 1 3727 2 618612173
1 0 1378 2 487848513
1 0 3100 2 171845627
1 0 1141 3 8549022
1 0 2225 4 372208855
2 1547 188
1 0 200 2 252841158
1 0 870 4 841119568
1 1 469 4 330964213
2 3364 1212
1 1 2177 4 358877352
1 1 2047 4 742495119
1 1 2693 4 395790599
1 0 2475 3 411339549
1 1 3071 4 907823248
2 1535 1420
1 0 1313 4 192583010
1 1 2197 1 239819419
1 1 1625 1 348361902
1 1 658 4 334190397
1 0 9 2 189699226
2 3237 904
2 154 1720
1 0 605 2 947807540
1 0 1213 2 661250550
1 0 665 1 85807966
1 1 2777 3 912291546
1 1 945 3 45603245
1 0 379 4 69014785
1 1 1290 2 882805328
1 0 3885 3 924765600
1 0 1443 4 424650740
1 1 3968 4 509965202
1 0 2374 3 965384924
1 1 1689 4 534414177
1 0 3436 4 761521496
1 0 2580 1 606273056
1 1 2228 4 464305151
1 1 1155 3 95839710
1 1 3720 2 168132177
1 0 562 4 960012974
2 3001 1563
1 1 89 4 414727557
2 2030 3831
2 2684 2730
1 0 2194 2 666725118
1 0 3064 1 266889821
1 0 3255 1 222302672
1 1 3802 1 387445529
1 1 1502 2 199818111
1 0 3883 2 341282321
1 0 3715 3 632930458
1 0 3904 4 247854658
1 0 2570 2 643453683
1 0 1884 1 669651255
1 1 2839 3 485469431
1 0 3492 2 964928758
1 0 3488 3 648742260
1 0 373 1 680963418
2 2104 840
1 0 3615 1 510715977
1 1 2139 2 676739434
1 1 2930 1 123493599
1 0 2570 2 687784153
1 1 765 4 973293917
1 1 2328 4 655431912
1 0 2168 4 733440583
2 683 1669
1 0 999 3 50522748
1 0 3117 1 630120476
1 1 404 4 713212228
1 1 1136 1 850441269
1 0 3875 4 744614938
1 0 1729 4 26385687
2 3021 2359
1 0 2488 1 128226629
1 1 1105 4 659198625
2 1642 3503
1 1 2473 2 784740524
1 0 1121 2 94343758
1 0 3886 2 127694697
1 1 3636 1 789557677
2 971 3946
1 0 2212 3 859871786
1 0 3879 3 498503005
2 595 2619
1 1 1320 3 87768943
1 1 2645 2 32419519
1 1 3737 1 222706408
1 1 2459 3 881431661
2 2808 1781
1 1 1591 1 451841034
1 1 532 3 556166325
2 2882 1689
1 0 1770 3 239688126
1 1 783 4 470274351
1 0 2550 1 565538046
1 1 1215 4 695518050
2 2566 28
1 0 377 2 233037302
2 1337 2335
1 1 3957 4 700573531
1 1 3374 1 859839996
1 1 2220 3 879888927
1 1 3517 1 423050573
2 2541 2879
1 0 992 4 351721379
1 0 2221 2 249668419
2 2403 1574
1 0 2994 2 983877915
1 0 57 1 211937750
1 0 1791 3 370671733
2 2984 3978
2 1271 2733
1 0 817 1 624697042
2 2278 265
1 0 1626 1 522684994
1 1 3383 2 163891797
2 2198 2693
1 1 2403 3 508638785
1 1 974 1 18978033
1 1 628 3 389770557
1 1 2104 3 450883725
1 0 1814 3 731752890
1 1 1278 4 791489224
1 1 2563 2 49230686
1 1 241 1 592696072
1 1 984 3 388496163
1 0 2120 3 476239023
1 0 864 2 617506168
2 3990 3001
1 0 2020 1 684160666
1 1 2635 4 514095533
1 1 444 2 872498042
2 807 1325
1 1 415 3 81067736
1 0 1505 4 157086333
2 1842 2933
1 0 253 3 476651452
2 2696 1040
2 2768 3942
1 0 3642 2 264503242
1 1 3151 1 967246482
2 3850 2380
1 0 1014 4 199131378
1 1 237 1 495559096
1 0 369 4 451210038
2 3911 2607
1 1 3549 2 456526939
1 0 3387 3 354028554
2 227 1908
2 3890 3398
1 1 250 4 242086249
1 0 3823 1 210033494
1 0 2336 1 726141082
2 354 140
1 1 95 1 714618810
1 0 2923 4 109621482
1 0 129 3 955933015
1 0 3147 1 507254539
1 1 3610 3 412378363
1 0 965 1 378162423
1 1 2795 1 901154525
1 0 122 4 423289481
1 0 2384 3 380795783
1 0 2201 1 785423364
2 1591 2730
1 1 1980 3 486692692
2 802 3637
1 1 1822 1 491923698
2 276 2770
1 1 952 2 440902056
1 1 120 1 841576051
1 0 2823 3 736325598
1 1 1564 4 239505567
1 1 2852 2 335404246
1 0 3980 3 977450354
2 656 87
1 0 1160 1 578716189
1 0 2980 1 497030493
2 2024 2374
1 0 3628 2 969464884
1 0 2853 1 763324295
1 0 2889 4 972242986
1 0 3547 1 330590562
2 968 2030
1 1 1076 4 547995354
1 0 3025 4 423137724
1 1 11 3 170190955
1 1 1161 2 425997628
1 1 1428 4 611016640
1 1 236 3 786988000
1 0 2930 3 358407850
1 1 2063 3 307599867
1 1 2171 1 465704764
1 0 1404 1 535028150
1 0 2813 3 71036939
1 1 2755 1 248772967
2 1402 2262
1 0 3811 3 322599128
2 425 2134
1 0 3177 4 567195286
1 0 242 1 933504789
2 1481 618
1 0 2570 2 101852537
1 1 2985 4 576859710
1 0 1719 4 6475795
1 1 3184 4 355359238
1 0 2106 1 857052997
2 2012 424
2 1206 1284
1 1 1906 4 788017741
1 0 1159 3 435943690
2 1186 755
1 0 3300 1 371907649
1 1 3745 2 751194267
2 103 2268
2 2705 2300
1 1 1665 4 993319430
1 0 337 1 311329542
1 1 621 3 433889812
1 0 3423 4 590640406
1 0 1009 3 906580063
1 1 1594 2 656024056
1 1 1195 3 348380579
2 3839 1471
1 1 1596 4 334606323
1 1 1690 4 309400720
1 1 47 2 386557076
1 0 29 4 383862436
2 2965 2280
1 1 2219 1 271989384
1 1 3278 1 256264043
1 1 3551 2 735176201
1 1 1136 3 703980794
1 0 3973 3 611331022
1 0 2498 3 792322194
2 768 2188
2 2122 474
1 0 3663 1 345247272
1 0 3969 1 228798368
1 1 3358 4 876155048
1 1 2210 4 640146129
1 1 1075 3 764621420
1 1 2586 2 658558376
2 863 608
1 1 2290 1 769296432
1 1 2585 2 283233964
1 1 2838 1 279686674
1 0 3037 1 241176446
1 0 2571 2 160636369
1 0 1555 4 951507122
2 2296 189
1 1 1408 1 675658227
1 0 1422 2 825982778
2 3143 811
1 1 1699 3 434425152
1 1 3782 1 600552514
1 1 649 2 101825616
1 0 3832 2 478898777
1 0 247 2 742136054
1 0 2360 3 47907627
1 1 3044 3 502413232
1 1 493 3 265130292
1 1 1262 3 201596178
1 0 3883 4 509306315
1 1 2264 4 790578517
1 1 2150 1 365330709
1 0 1389 1 174822256
2 1350 1007
1 0 1566 4 72934081
1 1 2200 3 59321963
1 0 3020 4 794549475
1 0 230 2 262283326
1 1 1893 3 875177591
2 2026 1232
1 0 2539 1 882164499
1 0 952 1 951214807
1 1 3758 3 624603176
1 0 2932 2 37466445
1 1 501 2 249324586
2 1475 51
2 1201 2888
1 0 3638 1 581784189
1 1 1255 2 717259023
1 1 3382 2 312859209
1 0 479 2 489316065
1 0 531 3 579400474
1 1 2222 1 772927328
1 0 1093 4 943166283
2 1917 2964
1 1 2830 3 52282995
1 1 38 3 603520326
1 1 1353 4 919906124
1 0 3392 4 599542074
1 0 2260 1 789551405
1 1 1927 3 866039892
1 0 1920 3 297455572
1 0 514 3 138300027
1 1 1554 3 528643593
1 0 2558 2 490368401
1 1 3399 3 174311557
1 1 2850 2 193920640
1 0 1857 1 647541139
1 1 1334 4 792336980
1 1 2494 4 591735380
2 2895 277
2 2718 1130
1 1 2326 4 154341559
1 1 3763 3 474374335
2 666 603
1 0 1932 1 598254327
1 1 835 1 807093883
2 2782 942
1 1 1687 4 486956164
1 0 1754 1 155257861
1 0 537 1 988592217
2 172 2357
1 0 2980 1 791680335
1 0 3574 2 24705466
1 0 1661 4 81815136
1 1 1198 1 281466234
2 3009 1217
1 0 3760 4 31460400
1 1 1724 1 829037123
1 1 639 2 622223801
1 0 3132 4 217270293
1 0 1039 4 272882246
1 0 2826 2 369876317
1 0 576 3 69849527
1 0 2363 1 890595549
1 0 2895 1 84327647
1 0 1911 3 531342280
1 1 428 3 570300568
2 3438 3246
1 1 90 2 179209928
1 1 279 1 648737404
1 1 2571 2 206698295
1 1 1470 4 685096331
1 0 3757 1 193404187
1 0 3470 1 988579732
2 2689 3989
1 0 751 1 3445100
1 1 2617 3 178885991
2 2857 1993
1 0 2947 3 133570416
1 1 493 1 562975313
1 1 908 3 636695485
1 1 2667 1 604708549
1 1 667 1 166845302
1 0 2718 1 670891438
1 0 2255 1 96610027
1 1 3677 2 664673129
2 3131 1680
1 1 3878 2 838483473
1 0 2863 4 116235607
1 1 203 3 704926868
1 0 472 2 355785221
1 0 1642 3 783895355
1 0 1783 4 532202799
1 0 1268 1 301192902
1 1 1864 4 449509120
1 1 184 4 650986538
1 1 3677 1 112390106
2 1089 3064
1 1 2718 2 918521696
1 0 1801 2 938857800
1 0 3490 2 148639601
1 1 1739 2 147417891
1 0 1700 2 284986774
1 0 2019 4 638536366
1 0 263 2 289218156
1 0 2799 4 592399443
1 0 3479 2 820137766
2 1691 3412
1 1 3521 3 911615254
1 1 610 1 845019164
1 1 615 2 866372378
1 0 1436 4 593014711
2 3011 3431
1 1 351 2 524910580
2 3637 2239
1 1 574 3 252636165
1 0 1027 4 48794010
1 1 1035 3 390329633
1 0 2517 3 829649123
1 0 741 1 535376537
1 1 1947 2 693138201
2 220 233
1 0 2758 1 369923479
2 99 3130
1 1 2862 2 507196937
2 1520 1038
1 1 1712 3 18676410
1 1 2427 3 358371895
1 0 1627 1 207814415
1 0 751 2 296428095
1 1 3992 3 478253083
1 1 631 1 562048781
2 1971 116
1 1 2993 1 92289205
2 394 2972
2 304 287
1 0 429 3 714263979
1 0 180 4 236290284
1 0 769 1 357435445
1 0 521 2 950059509
1 1 1457 2 263369226
1 1 2264 4 916751541
1 0 1011 4 403582443
1 1 915 1 832997903
1 1 1160 3 101570474
1 1 1595 2 474438407
1 0 3517 4 296384772
2 1476 1099
1 0 103 4 640365925
1 0 249 2 175463794
1 1 420 4 279769980
1 0 343 2 605106363
1 1 3906 2 532328188
1 1 3800 3 320742531
1 1 214 1 810497618
1 0 957 4 508825186
1 1 1826 4 813624888
1 1 1359 4 72667458
1 0 2129 3 908443384
1 1 3498 2 474139603
1 0 1134 2 607788588
1 0 3359 1 425951294
1 1 289 1 32854900
1 1 467 2 922001329
1 1 3017 4 263224518
1 1 2198 4 581293976
2 955 3870
1 0 1239 1 639938417
1 1 2408 1 81199393
2 1715 2801
1 0 263 2 743953560
2 2795 1647
1 0 2836 3 491358403
1 0 3200 3 702386487
1 1 1075 3 539275023
1 1 1920 3 869743955
1 0 1775 4 219229014
1 0 2927 1 703982295
1 0 2280 1 248812806
1 1 1369 1 962911904
1 0 1931 3 838956843
1 0 2957 3 337023771
1 1 3186 1 403248605
1 0 3547 3 453086316
1 0 3479 2 555657784
1 0 3641 1 459846878
1 1 557 1 230571566
1 0 3941 4 963640272
1 0 767 4 823676027
1 1 354 4 493966797
1 1 1321 2 252050952
1 0 744 1 966985170
2 2297 1305
1 1 3606 4 279561312
1 0 1186 2 995017305
1 1 3211 2 658488769
1 1 1282 3 189182010
1 1 1739 1 439233468
2 3464 3388
1 0 2351 1 10951747
1 0 3417 2 476989602
2 21 1568
1 0 3247 2 636865027
1 0 3297 1 932172753
1 1 824 4 731166962
1 1 845 1 599579613
1 1 1467 4 476055273
1 0 3372 3 133707575
2 2385 432
1 0 2729 2 638784541
1 0 61 3 792634652
1 1 1681 3 854397308
1 0 3325 3 344316444
2 2531 1685
1 1 1540 2 991117997
1 0 2922 2 472619152
2 1681 3334
1 1 2738 1 244118950
1 0 817 3 116339564
1 1 3868 3 223147906
1 0 395 1 342475660
1 0 3554 4 401981360
1 0 582 3 130965787
2 2761 1022
1 1 2110 1 695974699
1 0 687 2 489328561
2 1064 2308
1 1 2351 3 224168789
1 1 979 1 303392336
2 463 1747
1 0 411 3 663754132
1 1 902 1 707685774
1 1 1348 2 112182840
1 1 1429 1 464111449
1 1 323 4 591333032
1 0 832 2 296242264
1 1 1896 1 180517424
2 1280 3630
1 1 1517 2 912341517
1 1 361 1 172225887
1 0 1367 1 324259654
1 0 2066 4 466128272
1 1 216 4 935256505
1 1 968 2 834958988
2 247 819
1 1 529 4 320505015
1 1 3435 3 375102787
1 0 2899 3 735641513
2 2495 3323
1 0 560 3 639936610
2 1121 1198
1 0 3426 2 13230426
1 0 1459 4 923756391
1 0 3915 1 578931159
1 1 3551 4 49095258
1 0 458 1 528150817
1 0 2833 1 879113395
1 1 2714 3 573934006
2 2253 3172
1 1 3703 3 947502223
1 0 973 3 593140367
1 0 3350 2 768270112
2 1656 1466
1 0 3312 1 557734689
1 1 3769 3 548880263
1 1 39 4 174757058
1 0 1923 2 729813831
1 1 3011 3 315928823
1 0 1043 2 984233928
1 1 1208 1 488057464
1 1 3729 2 178675315
2 2457 45
1 0 2658 4 559943814
1 0 772 2 600897034
1 1 1442 3 762259555
1 1 3069 3 628272154
1 0 437 4 280563837
2 2101 362
1 1 3112 1 481569777
1 1 1146 3 591864669
1 0 3240 1 313916623
2 1331 1087
1 0 3778 3 202263132
1 1 1599 2 338058056
1 1 1769 2 308712592
1 1 280 2 302825886
2 3131 698
1 1 3974 1 528173562
2 903 1443
1 1 438 1 726343904
1 1 1184 4 548040148
1 1 1077 1 295489865
1 1 1435 1 363945994
1 1 999 4 421269085
1 1 2194 3 604841499
1 1 2296 1 637241673
2 389 2765
1 1 1706 1 527323312
1 1 766 2 625254645
2 1679 1074
1 1 557 2 168591398
2 1914 467
1 0 3222 1 870934036
1 1 3644 2 32816032
2 530 1710
1 1 1100 3 856495465
1 0 1988 2 54189212
1 0 443 1 212104650
1 1 865 3 647555211
2 486 2042
1 1 2185 3 115011778
2 2043 3008
2 591 259
2 2795 2226
1 0 91 2 834085970
1 1 1585 2 156589273
1 0 3322 1 387715670
2 1064 1556
1 1 756 3 506657365
1 1 1532 1 282464999
2 2980 487
1 0 2298 1 278835031
1 1 2856 4 124962488
1 1 2735 3 963818553
1 0 747 4 373997236
1 0 521 3 428704943
1 1 271 2 869554834
1 1 1138 2 488856850
2 1880 3969
1 1 2210 2 758110011
2 1570 2432
2 1402 2983
1 1 1657 1 825130607
1 1 2820 3 166942405
1 1 3483 3 924062918
1 1 3015 4 257858892
1 1 2686 2 482507597
1 0 944 4 781292201
1 1 70 3 763241692
1 1 2337 3 616028954
1 0 2520 1 912644293
2 3862 1285
1 1 1774 4 221699547
1 0 2926 3 803949001
1 1 2519 4 945017707
1 1 1152 4 87098847
1 1 1891 2 677422714
1 1 3199 1 578360650
1 0 3825 3 351753723
1 1 2790 3 733646558
1 0 3240 1 530328271
2 2200 1798
2 1707 1740
1 1 1108 3 361727703
1 0 2632 2 462974029
1 0 1906 2 215207544
1 1 1748 4 563704571
2 28 3769
1 0 628 4 563896814
1 1 2282 4 444461204
1 1 3755 2 726249266
1 0 684 3 289863217
2 1293 1337
1 1 2453 1 745154530
1 1 1906 2 917930762
1 1 2216 1 634926047
1 1 2 3 575120861
1 1 1638 4 124059530
1 1 1084 4 386029719
1 0 2706 1 886063918
2 1065 522
2 1131 3166
1 0 2053 1 415533988
1 1 2577 2 470490375
1 1 189 3 955695883
1 0 2597 3 484342819
1 0 3093 2 899837591
1 0 773 4 954487638
2 3414 1112
1 1 918 2 547988392
1 0 3951 4 968572433
1 0 1692 4 554329735
1 0 224 3 686884777
2 2317 3406
1 1 3067 2 754449780
1 1 3860 3 4063077
1 0 3966 4 160255700
1 0 2776 4 669040820
1 0 3509 4 533048144
1 0 3807 4 504734689
1 1 2440 2 640748612
2 3745 470
1 0 2346 2 323139354
1 0 2579 2 819350170
1 0 324 4 191084745
1 1 2718 4 245094238
1 0 602 4 503234764
1 0 2577 1 483922730
1 0 3321 4 848204907
1 0 1381 3 796328231
2 3201 1016
1 0 3091 4 34821241
1 0 397 4 734455783
1 1 1954 1 874337930
1 1 142 3 120689152
2 2061 2778
1 0 2776 4 894696579
1 1 1182 1 345062117
1 1 210 4 411582327
1 1 1613 3 15098399
1 0 1158 1 36471873
1 1 3674 2 826476770
1 0 2666 3 838328913
1 1 967 1 30038829
1 1 380 4 247510770
1 0 1705 4 633245097
1 1 2923 4 451823207
1 1 2451 3 581457539
2 1359 1575
1 0 994 2 245811103
1 0 551 1 677121677
1 1 2418 3 162973007
2 1665 2253
2 2828 2245
1 1 2000 4 435900050
1 1 3133 1 507771206
2 1075 405
1 1 2834 4 129172370
1 1 1005 1 623030570
1 0 588 3 466457988
1 1 3509 1 816300086
1 0 875 1 884551019
2 1033 3974
1 0 285 3 193660778
1 0 1126 4 266623176
1 0 1026 3 942599277
1 0 1996 4 133463519
1 1 184 3 92904428
1 0 1567 4 505693306
1 1 2792 1 69403203
1 1 3989 1 113786485
1 0 1587 4 687466375
2 818 1858
1 0 1483 3 418165440
2 383 661
1 0 1716 2 772638347
2 328 2735
1 1 2929 4 85399479
1 1 416 2 602671925
1 1 2152 2 572759615
2 57 803
2 1733 3305
1 1 3709 2 101999546
1 1 690 2 26984185
1 1 1942 2 557899700
1 1 2335 4 257583855
1 0 3843 4 559423716
1 0 122 4 939298580
1 0 1542 2 190098006
2 1647 1240
2 3388 67
1 1 1084 3 962169796
2 830 2162
1 1 241 2 185310515
1 0 2365 4 643286495
1 0 2 2 459640120
1 1 3292 2 949127719
1 0 292 4 403612272
1 1 1468 2 662309533
1 0 1171 4 745326225
1 0 3614 2 664201431
2 248 3399
1 1 3445 3 113438673
1 0 443 3 338869569
1 1 2055 2 289455941
1 1 3087 2 264756456
2 2653 2710
2 3095 3629
1 1 672 3 429814307
2 2053 1350
1 1 715 1 763718715
1 0 1196 2 41176259
1 0 1099 3 21800250
1 1 653 1 83803781
1 1 2932 3 614921909
1 0 2706 4 420449921
1 1 3485 4 140786562
2 814 1351
2 2746 3671
1 1 3800 3 515165507
1 1 1398 2 404279572
2 2183 3345
1 1 2522 3 278457906
1 1 738 3 338451070
2 2290 750
1 1 3506 1 699662183
2 3183 208
2 2698 1089
2 2245 3838
1 0 3102 3 435139104
1 1 2687 2 355765833
1 0 3950 4 989413981
1 1 3682 1 36275803
1 0 1010 1 396707545
2 2204 2232
1 0 3524 3 151168579
2 2636 2073
1 1 3235 2 221495806
1 1 478 4 684159825
2 294 872
1 0 760 3 500647134
1 1 3757 4 898424292
1 1 2679 3 347027772
1 0 3141 1 654872023
2 2618 1052
1 1 1194 3 197620347
1 0 3538 3 383871946
1 0 2292 1 789953413
1 0 1280 3 81511222
1 0 800 4 192367471
1 0 1483 3 927592099
2 3606 941
1 1 2307 2 415912915
1 0 3607 4 668703934
1 0 295 1 53911768
1 1 3884 3 231830256
1 0 111 3 625150663
1 1 2248 3 836563453
1 0 2475 1 326140340
1 0 3028 4 925558799
1 1 1954 2 349814162
1 1 1621 4 468136347
1 1 1884 4 464761072
2 146 899
1 0 1386 4 427127031
2 2948 1861
1 1 2066 3 747441928
1 1 3672 1 329786011
1 1 1101 2 913733582
2 911 149
1 1 2044 2 122085958
1 0 3400 2 490419320
1 0 3311 1 3743204
1 0 1075 4 95276173
1 0 2078 4 732031033
2 1797 3080
1 0 1770 4 794229312
1 1 1923 2 450340509
1 0 2701 1 930088256
1 1 3279 4 830611864
1 1 3671 2 486767188
1 0 3000 2 841918853
1 0 3285 3 417658751
1 0 515 4 379366757
1 1 151 4 619273997
1 1 881 1 434703692
1 0 3493 3 624638442
1 0 980 4 854487879
1 0 1832 3 677776102
2 672 801
1 0 1184 3 286963033
1 1 1346 3 868126040
1 1 821 4 278397611
1 1 152 4 683643007
1 0 2176 2 497492399
1 1 98 4 332855424
1 0 2510 1 611378413
1 1 275 1 445207228
1 0 1272 3 747758662
1 1 917 4 247224706
1 1 3156 3 280049042
1 1 1687 3 229058219
1 0 2747 4 902816431
2 587 1951
1 0 1756 3 193718841
1 0 2074 4 870137042
2 3818 1490
1 1 3787 4 199489788
1 1 1806 1 819482912
1 1 1220 2 924111480
1 0 2962 3 22998078
2 273 672
1 1 2107 1 232753492
1 0 3135 3 307255329
1 0 1974 4 418856418
1 1 2353 3 12983929
1 0 570 1 564370992
1 1 2643 4 384274502
1 0 3646 1 656870958
1 0 2776 1 205832205
1 1 101 1 275236160
1 1 2351 3 502216536
1 0 3124 1 579494430
1 1 3766 2 425903493
1 1 2070 4 391181508
1 0 3559 3 428340034
1 1 191 1 890541664
1 1 2387 4 144372229
1 1 3191 1 369247513
2 2707 3319
1 0 1307 4 364495192
1 1 795 4 615078181
1 1 2808 3 731865122
1 0 1128 1 426175521
1 1 1445 4 105887942
1 0 175 1 826856525
2 2336 1817
1 0 2896 1 907582399
1 0 3183 2 731321162
1 1 2920 2 251892495
1 1 3010 2 383245680
1 1 1241 3 141702438
1 0 3651 2 667105799
1 1 2773 3 973426490
1 1 3840 1 490591289
1 1 1189 1 610542545
1 1 3212 2 110608284
1 1 902 2 152939360
2 26 1099
1 0 468 4 779973244
2 1990 2301
2 779 3314
1 1 1695 2 409658518
1 1 1030 1 775890390
1 1 1946 2 712763104
1 0 1246 4 832033346
1 0 1497 3 154058917
1 0 1543 3 285819672
2 138 214
1 0 3620 3 220838617
1 1 1109 2 300331466
2 457 2734
1 1 405 3 393820829
1 1 583 4 739393126
1 0 1208 1 665121798
1 1 3442 1 469216719
1 0 851 3 301249387
1 0 1225 2 294186595
1 0 2384 1 895232674
1 1 635 3 99502433
1 1 3289 3 388958982
2 3186 504
1 1 1822 1 5549051
1 0 1561 2 181648006
1 1 2638 2 191037689
1 0 862 1 16573362
2 342 2842
1 0 3805 1 843918734
1 1 2575 3 255014803
1 0 193 2 191855942
2 1503 3216
1 0 809 1 34712474
1 1 1488 2 483332676
1 1 2407 2 361339019
1 1 3927 2 2386526
1 1 2244 1 620344168
1 0 462 3 478782319
1 0 368 4 801371274
1 0 2461 1 502837262
1 0 207 3 909906174
1 1 3010 1 10664183
1 1 196 2 703042137
1 1 9 4 697294322
1 0 14 3 119591897
1 0 2673 3 584723203
1 0 1709 4 586738720
2 325 2548
1 1 3135 1 798969300
2 2102 2995
1 0 1119 4 347429961
1 0 2160 4 765950390
1 1 2066 1 750325163
1 1 333 2 578302009
2 270 2939
1 1 1752 3 75008671
1 0 1650 4 190807736
1 1 1908 3 555701941
2 35 2881
1 1 2181 2 571202095
1 1 2495 2 125940776
1 1 3513 2 482155402
1 0 3828 4 528893102
1 0 2905 4 836330156
1 0 163 1 709816997
2 2349 3859
1 1 3707 1 23226389
2 3993 2394
1 0 1409 2 30911931
2 2109 231
2 3123 1683
1 0 2315 2 950227311
1 0 2789 3 26305669
1 1 2697 3 985730174
1 0 175 1 255023659
1 0 2662 1 884107440
1 0 3936 4 81526237
2 2027 2905
1 0 29 1 696852512
1 1 2542 3 56121814
1 0 1577 4 799544100
1 1 2464 3 973951267
1 0 3532 4 481331429
1 0 1046 4 300520069
1 0 414 3 653792741
1 0 3615 2 756419084
1 1 1922 4 171084927
2 3961 1712
1 1 3316 2 847223145
1 0 1053 1 243646174
1 0 324 4 428496894
1 1 1341 4 926719012
2 2434 1883
1 0 3296 2 216097101
1 1 1309 3 939705386
1 0 1448 4 231640839
1 1 3219 1 271757151
1 1 537 4 310488829
1 1 3609 2 856111143
1 0 1534 2 846657846
1 0 691 1 207510246
1 0 408 1 259601214
1 0 2303 2 283217299
1 1 1046 3 596248106
1 0 796 3 300307168
1 0 3297 2 870232523
1 1 1969 1 910177171
2 68 949
1 0 1223 2 146480250
1 0 2719 3 31300752
1 0 3610 4 5118234
2 57 3252
2 1725 3591
1 1 1000 4 461870247
1 0 3076 2 644212177
1 1 2724 3 666012535
1 0 427 4 178659076
1 0 1044 2 957456653
1 0 1361 3 747239836
1 1 326 4 244874748
2 3488 3560
1 1 1232 2 779250915
1 1 1438 2 155655439
1 1 2726 3 253813277
1 1 1740 1 14129259
1 0 3248 1 65142037
1 0 838 4 803491426
1 0 1171 2 899960956
1 0 422 4 618288289
1 0 2982 1 589147423
1 1 2813 2 915533908
1 0 869 1 337996017
1 0 2930 2 597039263
1 1 3200 2 19128904
1 0 1355 1 923984302
1 0 2757 2 310393380
2 2171 693
1 0 1892 2 330879387
1 1 3930 1 960134152
2 3472 1228
2 2917 3290
2 196 3209
1 0 3402 3 792604330
2 137 1460
2 3155 2717
1 0 3596 3 187785312
1 0 1988 3 35351782
1 0 1226 3 439484138
2 1637 2613
1 0 1565 2 187307175
2 3679 3323
1 1 3147 4 390793471
1 1 1613 2 468074760
1 0 2339 4 103596685
2 3065 1105
1 0 247 2 529813373
2 444 1523
1 0 967 3 2282361
1 1 3396 1 704761946
1 1 928 1 89566526
1 1 3748 4 333210016
1 1 2287 1 151206683
2 1651 1219
1 0 3474 2 810661642
1 0 1363 1 322300781
1 0 2375 1 369265281
1 0 2080 1 399881737
1 0 1496 4 985778714
1 1 543 2 88040155
1 0 1722 2 345930301
1 0 3301 1 515431939
1 1 117 2 589246098
1 0 3639 3 421552718
1 0 3170 1 105958716
1 1 1787 4 616498540
1 0 134 1 727054757
2 105 350
2 2727 3163
1 0 3670 3 132484802
1 0 531 4 379467941
1 0 2903 1 120710547
1 1 154 3 182454457
1 0 2551 4 218073076
1 0 1679 1 712489176
1 0 3738 3 741506647
2 2393 2963
1 1 1335 3 426566108
1 1 457 4 729760091
2 3159 1689
1 1 3467 4 593062415
1 0 238 1 42622981
1 1 217 1 666519145
1 0 2619 1 298799287
1 0 1553 4 871720936
1 1 355 4 894844585
1 0 3445 3 703222858
1 0 3755 1 248559253
1 0 646 3 504971728
1 1 142 3 593682857
2 1836 1514
2 1845 1528
1 1 3173 2 932587276
1 1 212 1 859537992
1 0 268 2 192287861
1 0 850 3 407550015
2 1394 2484
2 3522 367
2 757 420
1 0 2343 3 298156693
1 0 3835 4 623952071
1 0 274 2 777072094
1 0 3868 4 303504630
1 0 2176 2 344530157
1 0 3086 3 653265793
1 0 2973 1 751505692
1 0 1127 3 221400615
1 0 415 3 68072999
1 1 3611 1 298266384
1 1 2618 3 863493146
1 1 2016 4 109570857
1 0 3848 3 202911273
1 1 187 1 261828381
1 1 186 3 355301019
1 0 782 4 607651916
1 0 894 2 658317899
1 1 1572 1 395851202
1 1 2369 1 305006274
1 0 984 4 547470581
1 1 2047 1 757205262
1 0 3645 3 772050131
1 1 2818 2 677216285
1 1 1415 1 695345338
1 1 2094 3 416785523
1 1 1655 2 638476589
1 1 246 2 178102323
1 1 1766 2 993096438
1 1 2785 2 265729419
1 0 1909 1 880132252
1 0 798 1 269397331
1 1 3081 2 582798064
1 1 1325 4 366036561
1 0 2280 3 301132193
1 0 2143 2 615999593
1 0 1615 1 556276931
1 0 593 2 781031792
1 0 120 4 868875585
1 1 2877 4 64470758
2 1664 2326
1 1 2161 3 481863478
2 3357 3947
1 1 1134 2 176830097
1 1 638 4 111254883
2 359 420
1 0 2935 3 161317159
1 1 2881 2 40758656
1 1 1140 1 584778545
2 707 1032
1 1 2628 2 485211782
1 1 3659 2 752029286
1 1 2867 3 588633534
1 1 3052 2 534369692
2 3009 1958
2 2161 127
1 1 3635 3 78861405
2 1397 751
1 0 458 2 375654483
1 1 2949 2 411780218
1 1 2663 2 386020219
1 0 3251 4 67852226
2 1592 2540
2 660 1268
1 1 260 3 38196145
1 0 1554 4 278318641
2 3501 802
1 1 349 3 778808486
1 0 2447 2 239251340
2 2980 3600
1 0 3465 4 859900645
1 0 1619 1 108750786
1 0 915 1 224100452
1 1 1727 3 709707156
1 1 1129 4 687896476
2 3307 3332
1 0 623 3 247406208
1 0 1474 1 525544365
1 1 1706 3 958831812
1 0 1111 2 783636762
1 1 3858 1 125785525
1 0 2579 4 952190030
1 1 477 3 322469211
1 1 3257 2 470382992
1 1 3901 4 92452726
1 1 2087 3 276321900
1 0 263 3 362843353
1 1 1880 2 563536660
1 1 1821 3 561473402
1 1 2175 1 783091204
1 0 1474 3 854755627
1 0 874 2 709238404
1 0 1756 4 378056034
1 0 3757 2 635410409
2 3881 3571
1 0 2488 4 603403046
1 1 2111 2 657228016
1 0 3034 3 682322817
1 0 1517 4 376829263
2 1668 3680
1 0 1755 3 417128582
1 0 764 1 650144168
2 832 326
1 0 2903 3 594606105
1 0 55 2 328796680
1 1 3234 2 616961274
1 1 2544 1 761048912
1 1 2454 2 720362375
1 1 1800 3 162396237
1 0 1905 4 94331019
1 0 616 2 725918965
1 0 1652 1 210455847
1 1 3236 3 319974800
1 1 1878 2 275207815
1 1 140 2 729369825
1 0 1665 3 71446613
1 1 3926 2 83234413
1 0 1466 4 966204706
2 3479 2835
1 1 3784 3 605000384
2 949 1104
1 0 506 2 921921984
1 0 361 2 216074379
2 2507 1004
2 3292 3420
1 0 2456 4 450506803
1 0 1230 4 816041385
1 0 2151 1 48801268
1 1 1145 3 249349331
1 1 712 2 380213841
1 0 1157 1 91137776
1 0 1109 1 132000521
1 0 183 1 687861364
1 1 1745 1 205934728
1 1 3374 4 350675721
1 0 2688 4 459084805
1 0 63 2 825815230
1 1 3154 4 787640682
1 1 3445 2 370723603
1 1 1144 3 12949718
2 3048 3465
1 0 558 2 742300176
1 0 1632 1 599360364
1 1 2362 4 46538531
2 930 2517
1 0 1058 1 610403739
1 1 1225 4 954398482
1 1 2028 3 652148607
1 0 2116 3 852800395
2 1921 1116
2 3464 627
1 1 403 1 842327667
2 3400 832
1 0 1069 4 573420180
1 1 4000 1 509809962
2 195 598
1 1 3942 3 593278142
1 0 1540 3 685479995
2 1231 2620
1 1 30 1 113578511
2 3037 3010
1 1 3423 2 281335483
1 1 2113 3 429671109
1 0 1817 3 657262719
1 1 1389 3 130025585
1 0 3640 3 685422038
1 1 3463 4 975767181
1 1 3405 2 272430194
2 2814 3555
1 1 2118 2 581934182
1 1 3744 1 458476345
2 767 1899
1 1 2214 3 425066841
1 1 1329 2 889429145
2 2130 666
2 1994 1945
1 0 750 1 368436869
1 1 2164 4 284094339
2 673 1778
1 1 2368 3 119916860
1 1 932 1 354855769
1 1 3515 3 425706395
2 1617 739
1 1 3356 2 680828659
1 1 1674 2 118785771
1 0 1674 2 920149825
1 1 114 2 249482082
1 0 505 3 453158546
1 0 3545 1 699810908
1 0 2208 4 771672018
1 1 46 3 217977481
1 1 1051 3 593043097
1 1 2411 4 134643814
1 0 1783 1 300323579
2 2983 2185
1 0 3250 3 191922287
1 1 3847 1 421765999
1 1 950 2 372578648
1 0 2874 3 969196278
2 3018 3717
1 0 1528 4 416329784
1 1 2280 3 594864232
1 0 3981 4 661775625
1 0 288 4 221700114
1 0 1561 4 911090174
1 1 3031 2 53816466
1 1 655 3 433536048
2 2928 2010
1 0 3370 4 962537375
1 0 826 2 530585318
1 1 2703 3 19943326
1 0 994 4 838064776
1 0 653 1 102302845
2 3624 1751
1 1 2458 1 277581567
1 1 2372 3 147863161
1 0 2732 1 294796983
1 1 3434 1 807893020
1 0 3005 3 277811256
1 1 98 3 758908325
2 3081 2358
1 0 533 4 722164788
2 1589 3017
1 1 2394 4 595155253
2 3462 2326
2 2718 1548
1 0 181 4 469378501
1 1 3000 4 798931923
2 1703 3321
1 1 1066 1 355782311
1 0 1125 3 81320625
1 1 2681 1 723555760
1 0 105 3 593703844
1 1 3433 1 157344267
1 1 61 2 775812912
1 0 1043 4 589051693
1 0 2597 3 580809748
1 0 2667 4 951538717
2 3783 1292
1 1 1906 4 603082754
1 0 3155 3 926000788
1 1 17 1 727304397
1 1 2762 1 763294807
1 0 3282 4 210784514
1 1 2441 1 399946160
1 1 1080 2 138149234
1 0 3601 4 525235218
2 2045 107
1 1 3317 3 140347778
1 0 2822 4 541987949
1 1 1674 4 259707838
1 1 326 4 647473655
2 3776 2062
1 1 3794 4 818266426
1 1 2394 2 748874474
1 0 1797 2 661218850
1 0 151 2 935318829
2 217 888
1 0 923 2 743122111
2 1880 1909
2 465 2586
2 3743 213
1 1 281 3 273315182
1 1 1659 1 210968330
1 0 1048 4 551261053
1 0 337 4 877188468
1 1 2722 2 312286774
1 0 2935 2 970915310
1 1 3115 3 247265756
1 0 2899 4 677124913
2 3092 1849
2 225 123
1 1 2074 2 949428389
1 1 228 3 371048809
1 0 3281 4 286661360
1 1 1213 2 198357730
2 1538 3461
1 1 2897 2 110629303
1 0 3693 2 924743279
1 0 841 2 823270458
2 948 1989
1 1 2891 4 31401363
1 1 3843 4 622847464
2 3626 967
2 1786 191
1 1 724 4 507219427
1 1 2620 1 309494613
1 0 2885 2 356367323
1 0 3712 1 960561347
1 0 1345 3 408370774
1 1 2035 3 427132460
1 1 1903 2 664057349
1 1 3670 3 196213751
1 1 1313 1 310164393
1 0 557 4 6682224
1 1 1071 3 124627452
1 0 3700 2 452670082
2 1023 483
1 1 1845 2 939124693
1 0 3802 2 391989876
1 0 3998 2 482969138
1 0 1096 2 618662823
1 0 1040 4 84977547
1 1 402 4 35696176
1 1 1520 2 630526558
1 1 1347 2 429306577
1 0 1619 2 979975599
1 1 2031 1 961880410
1 0 2289 3 121276944
1 1 1930 3 302690550
2 353 3556
2 405 3855
1 1 2795 1 959872213
1 0 3376 3 717597226
1 1 770 2 10201783
1 1 1653 2 437374340
1 0 1766 4 202400920
1 1 1298 3 862940306
1 1 833 4 831168900
2 518 3113
2 1530 3907
1 1 429 1 862397563
1 1 702 1 461104431
1 1 3243 1 499591467
1 1 2447 4 609548605
2 3741 2909
1 0 647 4 615774987
2 574 1610
1 0 783 4 764254071
1 0 1404 1 393316326
1 0 1817 4 782187036
1 0 2612 3 675946510
1 0 3009 3 875332362
1 0 2769 3 158341140
1 1 3272 2 531153157
2 2798 870
1 1 621 1 932923370
1 1 3725 1 877468356
1 0 2283 4 277714787
1 0 2163 4 348825982
1 1 3387 1 10806544
1 1 3651 2 907802247
1 0 3235 2 402647825
1 0 1629 4 116589343
1 1 1863 2 591643411
1 1 814 1 657102348
2 664 1656
1 1 2965 2 18640788
1 1 548 4 447771520
1 1 3331 4 496468695
1 0 3790 1 395925966
1 1 60 3 875835896
1 0 925 2 190801375
1 0 2912 2 810462882
2 3472 1062
1 1 796 3 573600971
1 0 3965 3 648437181
1 0 652 2 208834503
1 0 2898 2 519444470
2 1397 545
1 0 2748 3 877891923
1 1 160 3 902376910
1 1 3514 1 241643693
1 1 614 4 377790816
1 0 256 4 190517471
1 0 3162 4 249635105
2 416 2831
1 1 2384 1 218892506
1 1 2483 1 411097519
2 1978 3961
1 1 3478 1 447133589
1 1 3431 3 764506098
1 1 3154 2 681060579
1 0 821 1 159680431
1 1 483 1 786394738
1 0 1460 2 999807878
2 3433 516
1 0 1823 4 124768351
1 0 3711 4 198733237
1 1 2335 3 761261750
1 1 527 1 824266527
2 41 1214
1 0 2766 2 405055058
1 1 1956 4 909435570
1 0 31 3 263819880
1 1 893 2 841966646
1 1 1279 3 733476242
1 0 1942 2 487946990
1 1 339 3 23127473
2 2090 3955
1 1 1617 2 799251538
1 1 3819 1 711865684
1 0 1336 4 359600540
1 1 734 2 460510449
2 348 1875
1 1 935 3 774052271
1 1 1024 1 832076816
1 0 3054 2 773243674
2 3705 3089
1 1 2302 3 755959744
2 2429 2563
1 1 3267 1 728119397
1 1 1922 2 20046110
1 1 856 1 730981286
1 0 1712 3 112444653
1 1 272 4 272802843
1 0 2309 2 980321494
1 0 2958 4 319155317
1 1 754 4 464074076
1 0 609 3 793921720
1 1 374 3 135165915
1 0 2060 4 983749667
1 1 1756 3 120935894
1 1 3717 4 626321326
1 0 1900 4 225748659
2 2127 2968
1 0 3634 4 917382794
1 0 3890 3 639971344
1 0 3296 3 160208186
1 0 398 3 992865676
1 0 2397 3 951832789
1 1 805 3 458664367
1 1 3877 4 469735718
1 0 60 1 151637105
2 142 3090
1 0 1317 4 311391661
1 1 1281 4 81823985
1 0 3968 1 17963878
1 1 3584 4 33577766
2 1138 567
1 1 3028 4 70870629
1 0 753 3 761659418
1 0 3769 1 255846814
1 0 911 3 68349999
1 0 1118 3 595429004
1 1 263 1 37785039
2 1545 3265
1 0 1550 1 455545616
1 0 3959 1 91573662
1 1 2664 1 580878327
1 0 2356 2 67559343
1 0 1891 3 924983376
1 0 2145 3 736060742
1 0 2822 4 165062035
1 1 569 2 165479919
2 1131 1324
1 0 3409 2 312736405
2 340 67
1 0 1969 4 210674065
1 0 1829 1 564401118
2 1052 1429
1 1 1294 4 990572119
1 0 3401 3 153997478
1 0 3672 1 241611316
1 1 3146 2 424623257
1 1 595 1 521364671
2 2470 3030
1 1 2209 1 857451472
1 1 1440 3 715532166
2 1835 460
2 2551 1544
2 2944 3487
1 0 3396 2 644895598
1 1 1826 2 355017853
1 0 35 2 632139504
1 1 515 3 832888193
1 0 3563 4 442982150
2 3855 1671
1 1 3725 3 483134011
1 0 1188 2 110169783
1 1 656 3 292416039
1 0 3552 4 136362517
1 0 2335 1 326751321
1 0 2616 4 524249617
1 1 2766 2 146100390
1 0 3285 4 477440330
1 0 198 1 652213168
1 1 2573 3 153665831
1 0 3720 2 817927284
1 1 3369 1 344112154
2 2698 812
1 1 1820 2 538335363
1 1 1959 3 407864677
1 1 2996 2 763755032
1 1 1993 4 964492151
1 1 158 4 711733047
1 0 3839 3 693373266
1 1 1829 1 103724322
1 0 670 4 952562974
1 1 3985 2 680049044
1 1 1796 2 295562813
1 0 3786 4 272030381
1 0 2786 4 391312122
2 3829 1050
2 2789 2746
1 1 2431 1 266062045
1 1 481 4 869915873
2 136 2571
1 1 1514 3 787810786
1 0 859 4 225173110
1 1 1308 4 597122079
1 1 1584 4 252182060
2 3581 910
1 1 2964 4 743595688
1 1 2639 1 849195723
2 1952 950
1 1 1726 1 633192723
1 0 3412 2 495768155
1 1 1292 3 602827750
1 0 406 1 474331484
1 0 2150 4 987477912
1 0 3364 1 806271645
1 1 2092 3 453441692
1 1 3847 1 621391397
1 1 381 2 103212648
1 1 3514 2 952401460
1 1 1815 2 241118245
1 1 2809 1 161574659
1 1 949 1 103850511
2 3992 3886
1 1 3587 2 491722082
2 3331 2174
1 0 1608 4 832377667
1 1 3186 4 992942242
2 3239 3822
1 0 3482 2 565059826
1 1 1857 3 909745439
1 1 789 3 494210604
1 1 2549 4 295630505
1 1 3221 3 344955843
1 1 726 2 116149162
1 0 1533 2 320500465
1 1 3629 2 127584245
1 1 3936 2 625779742
1 0 3943 1 780574647
1 1 2614 2 891373427
1 0 1058 1 812077135
1 0 2814 3 831831148
1 0 2910 2 562802495
1 1 2709 2 635502965
1 0 786 1 217823597
1 0 1120 3 154062655
1 0 1425 1 955764100
1 0 487 3 158284130
1 0 1533 3 636468787
1 0 2822 4 218822092
1 0 1305 3 447272134
1 0 3807 1 952140094
1 0 940 1 548651639
1 1 2763 3 116098703
1 1 1477 3 396252627
1 0 502 3 794222907
1 0 3890 2 818883737
1 1 1308 1 800509457
2 2143 227
2 1056 3834
1 0 2716 1 546767997
1 0 3062 1 392417701
1 1 3758 1 788670934
1 0 170 3 868189710
1 0 1345 1 686529195
2 3486 2678
1 1 1971 1 452747696
1 1 240 4 720059034
1 1 2888 2 813423970
1 1 1687 3 349638527
1 0 1252 4 307302454
2 2551 3083
1 0 648 2 548593817
1 0 930 2 322765410
1 1 680 4 878866295
1 1 1516 3 547846360
1 1 1789 3 177301517
1 1 2061 4 108150342
2 3011 1169
1 1 3730 4 332805445
1 1 3618 1 834644037
1 0 2347 3 650265243
1 1 3803 2 165990344
1 1 3745 2 30527117
1 1 524 2 694656666
1 1 2188 4 990223882
1 0 3842 1 840912497
1 1 3002 3 902996343
2 3939 1100
1 0 1987 2 433523091
1 1 81 1 565426776
1 1 598 4 216024864
1 0 3556 3 810045427
1 0 613 4 223146601
1 0 982 4 552940368
1 0 313 4 847496202
1 0 3879 2 867147986
1 0 234 2 990571716
1 0 2725 4 959134083
2 640 2477
1 0 3217 2 471134686
1 1 858 3 224381850
1 0 1985 2 554804974
1 1 1944 1 485836895
1 0 2213 4 692229925
1 0 2866 2 48642345
2 202 3765
2 2573 2653
2 1215 3240
1 1 741 2 723437820
2 2907 2486
1 1 340 4 59228375
1 0 2003 2 330941389
1 1 2950 3 158521308
1 1 3804 2 468356651
1 0 1476 1 871923652
2 1841 1120
1 1 692 1 223399436
1 1 135 3 880731531
1 1 1960 1 628593648
1 1 243 3 39911694
1 1 523 1 547604637
1 0 2319 1 190592862
1 1 2754 1 593394553
1 1 807 1 58308216
1 1 1800 3 93243008
2 2830 1750
2 2799 1247
2 2761 3557
1 1 2834 4 115206726
1 1 700 4 726188231
1 1 904 2 226902509
1 0 809 3 883001103
2 965 2697
1 1 1774 3 310983333
1 1 3883 2 135835740
1 0 3423 4 76732767
1 0 1883 4 431753745
2 3939 801
1 1 1024 1 171349265
1 1 835 3 9416773
1 1 734 1 90623890
1 0 75 1 355788475
1 1 1911 1 483381707
1 1 2792 4 391937839
1 1 1868 3 836987659
1 0 3652 1 491773250
2 1682 1802
1 1 2568 2 907702453
1 0 587 4 7495501
1 0 2813 4 557185247
1 1 42 3 227557063
1 0 2751 4 353249232
1 0 3047 1 980160706
1 0 1023 3 995569953
1 0 2555 1 790878164
1 0 332 3 789077468
1 1 2367 3 330441853
2 603 1144
2 3273 1125
1 1 2650 3 369170711
1 0 3117 1 124130898
1 1 3331 2 899222581
1 1 1565 1 197463011
2 3527 3251
2 2233 61
1 1 1617 2 52816953
1 0 627 4 744489670
1 0 2972 3 747288247
2 214 515
1 1 3825 3 519886021
1 1 2268 2 416801624
1 0 1112 4 82141726
1 1 593 1 136242611
1 0 2156 4 800654563
1 1 2048 3 461831116
1 0 3322 2 36004716
1 1 736 4 39406519
1 0 619 2 544536415
1 1 923 4 316878991
2 3559 1925
1 0 2445 2 568237711
2 3441 1667
1 1 436 3 170263903
1 0 1434 3 89872938
1 0 1447 3 684204611
1 0 2871 4 933826263
1 0 1594 2 775649892
1 1 4000 3 167498657
2 196 585
1 1 2876 4 84780384
2 3084 356
1 0 3767 4 269633244
1 1 3672 3 786220153
2 244 971
1 1 1349 4 384484197
1 0 649 1 817311354
1 0 1434 1 187541648
1 0 844 3 770076410
1 0 499 1 933062638
2 756 1161
2 1047 2480
1 1 3758 2 341668317
1 1 3994 4 728135406
1 0 1636 1 363227816
1 0 815 1 644148923
1 1 2694 3 146379826
1 1 2935 1 792591844
1 1 1029 2 283585823
1 0 880 2 184302909
1 1 2671 1 95659021
1 0 1483 4 370994825
1 0 3907 1 78075932
2 3883 3911
1 0 1747 1 775204669
1 0 1658 4 700493629
1 1 2724 3 493269199
1 1 741 2 121529047
1 1 2513 1 536833709
1 1 959 4 425531352
1 0 1764 4 255660040
1 1 343 2 947593189
1 0 3964 4 673631179
1 1 2984 2 321553568
1 1 47 1 64362492
1 0 2221 4 302585569
1 0 1220 1 625842061
1 0 2590 2 499413399
1 0 2674 3 73995209
1 1 2120 2 571507856
1 1 3403 1 700519000
1 0 3983 4 150411925
1 0 963 3 155606503
1 1 2031 3 226174118
2 22 3904
1 1 180 4 146045097
1 1 1105 2 338652953
2 3092 3093
1 1 1910 4 240631206
1 1 2238 1 130816219
1 0 3492 3 87019012
2 793 1605
1 0 3440 3 194427766
1 1 3953 1 179090295
1 1 1102 4 756480293
1 1 86 4 748449787
1 1 2221 3 566342718
1 0 3285 3 711129540
1 0 2323 4 73584890
1 0 907 2 266960378
1 0 2379 1 679598903
1 1 2878 2 352319760
1 0 2176 4 96586108
1 0 3801 3 53132548
1 1 3650 4 472957310
1 1 1293 2 281386673
1 1 317 3 841906778
1 1 3770 2 645053751
1 0 2420 2 92489868
1 1 1619 4 795986079
1 1 1291 3 412854152
1 1 1581 3 169594085
1 0 2108 4 717824589
1 1 2503 4 843705893
1 1 3880 2 812332397
2 2769 664
1 1 663 4 502586245
1 0 635 3 644534882
1 1 2652 2 81438262
2 3771 3691
1 0 692 1 884989781
1 0 996 4 742056341
1 0 735 2 840684541
2 1154 1173
2 1701 2901
1 0 859 1 389627898
1 1 1797 3 576919859
2 3520 644
2 3424 514
1 1 1001 1 422943878
1 0 655 1 117342091
1 1 2749 4 338325120
2 274 3390
1 1 2300 3 795846425
2 3726 301
1 0 3159 1 268934467
1 0 2210 3 236516861
1 1 2688 2 257387063
2 3407 1390
1 1 3317 1 602544407
1 1 3339 2 209842352
1 1 2604 1 663669646
1 1 2166 4 149299906
1 1 652 3 905813802
1 0 3098 2 465880668
1 1 2396 1 80194972
1 1 2915 1 804319400
1 0 1025 1 551401065
1 1 941 2 781175646
1 1 2968 3 60602298
1 1 3776 1 424941115
1 0 916 3 405645474
1 0 1988 4 633118969
1 0 2714 1 142577833
1 0 1034 2 664620581
1 0 331 1 669132259
1 0 2914 4 524502801
1 0 689 4 634368669
1 0 3242 4 309487063
2 801 3871
1 1 1769 2 736844575
2 2838 1132
1 0 3785 3 924121039
2 1442 3109
1 1 1797 2 749579837
1 0 1810 2 174729732
2 2394 870
1 1 3201 3 440039573
1 0 2703 2 880761765
1 0 2991 2 135542126
1 1 2028 4 542020642
1 1 630 2 754777675
1 0 1724 2 771438516
1 0 1132 3 390174212
1 0 2213 1 297137193
1 0 3499 1 39646863
1 0 52 1 591493956
2 2173 2064
1 1 535 2 565666868
1 1 730 4 220862020
1 1 3315 1 723165976
1 1 977 4 178712467
1 0 2158 1 419069025
2 3749 1635
2 774 2484
1 1 3045 3 243853333
2 3029 169
1 0 3903 2 161456970
2 757 2183
1 1 309 4 935770377
1 0 953 1 410676418
1 0 3293 3 576463503
2 3809 1199
1 0 2689 2 263178405
1 0 1740 3 935000847
1 0 3809 2 891492876
1 1 1930 4 413477501
2 1447 885
1 1 3566 2 878904687
1 1 166 1 238491499
1 1 3600 2 286552572
2 2919 2506
1 1 1261 2 724416811
1 0 1602 3 748933406
1 0 2485 4 321141
1 0 1688 2 411895314
1 0 3413 2 735334303
1 1 3228 2 378109795
1 1 1589 4 611897071
1 0 2937 2 444687881
1 1 989 3 927823598
2 1899 1649
1 1 12 2 402534335
2 1651 2453
1 1 3262 4 692455731
1 0 1190 1 59189046
1 0 2122 3 132069736
1 0 531 1 550966727
1 0 153 2 604158405
1 1 3432 3 782166480
2 455 1250
2 2851 1767
1 0 3099 2 907678990
1 0 154 2 899702746
1 1 3258 4 7131294
1 0 1965 3 405683831
2 2017 1927
2 124 2342
1 1 2691 1 665470516
1 0 1473 4 878144144
2 1646 8
1 1 2707 3 659586805
2 1152 3183
1 0 2808 2 377934099
2 3927 2336
1 0 3123 1 427613887
1 1 1800 3 775328710
1 1 3703 3 282831120
1 0 760 1 258382201
1 1 574 2 699339103
2 3709 3638
2 888 215
1 0 1430 2 376931951
1 1 1963 3 67863122
1 0 92 4 241341457
1 1 2975 2 329795354
1 1 2688 3 8826979
1 1 981 2 737154256
1 1 1332 2 607005266
1 0 1284 2 677642977
1 0 3810 2 632655675
1 1 3750 2 575901664
1 1 2806 4 464426391
1 1 3439 2 516193422
1 1 3661 4 404003601
1 0 3509 3 455445681
2 2089 3446
2 678 3389
1 1 584 3 55077835
1 1 207 3 658661009
1 0 371 3 167890270
1 1 3249 4 10500847
1 1 1738 3 307652150
1 0 1258 1 635587736
1 1 3114 3 417295502
1 0 909 2 687644037
1 1 3911 4 438965833
1 0 2233 1 886687118
1 0 2318 3 84137125
1 1 2888 4 174367059
1 0 932 1 881054753
1 0 2951 2 171793865
1 1 1097 2 112022366
2 898 2129
1 1 3434 4 818203556
1 1 2528 2 768633897
2 1968 1996
1 0 323 4 12333047
2 2033 1327
1 1 3933 1 671226773
1 1 899 4 500935278
1 0 1495 4 92095403
1 0 389 1 586633559
2 1330 1178
2 2656 1875
1 1 2178 2 796452436
1 0 1202 4 175264056
2 1937 3880
1 1 388 2 477605053
1 0 2762 2 177624927
2 2037 1686
1 1 711 2 291738146
1 1 1735 2 964972220
1 1 1076 1 527282281
1 0 505 2 675206679
1 0 416 4 441516277
1 1 1719 1 900689246
1 1 1614 2 569653953
1 1 2409 3 61538141
1 1 1064 2 434151873
1 1 2005 1 331802891
2 3240 6
1 1 3100 2 878363585
1 0 3010 2 760046373
1 0 1493 2 353907194
1 1 1194 4 881607893
1 1 2037 3 263915934
1 0 2058 3 70999529
1 0 2087 4 345046726
1 0 1431 4 399255850
1 1 830 2 486992464
2 756 2013
1 0 2251 2 616861730
1 0 1559 2 652529637
1 0 3511 1 248378952
1 1 1898 3 758560418
2 3144 2706
1 1 3212 4 546036837
1 0 1219 1 978223799
1 1 3326 1 907719218
1 1 2834 4 893214420
1 1 3708 2 881208552
1 0 1023 1 758390204
1 0 1313 4 372004998
1 1 1290 4 373324212
1 1 474 2 242908184
1 0 3081 2 987620342
1 0 262 2 830117794
1 1 1062 2 760481561
1 0 2490 3 918660933
1 0 2895 3 775694781
1 0 2748 1 430624386
2 121 594
1 1 3616 2 554254020
1 1 792 1 744495938
1 1 2104 1 86146732
1 0 1890 4 580629316
2 3933 1522
1 1 2798 3 71009505
1 1 1739 2 658201788
1 1 1633 4 320066888
1 1 297 3 260969774
1 1 1834 3 812372570
1 0 3149 1 165911544
1 1 714 2 710384768
1 1 112 4 363936697
1 0 146 3 965648340
1 1 1656 3 704081343
1 0 1404 3 608468293
1 0 2557 1 807541651
1 1 1827 4 717763598
1 1 3260 4 378626225
1 0 483 3 877823041
1 0 101 4 927755598
1 0 1285 3 213123632
1 0 1714 1 832976258
1 1 1275 4 175769794
1 1 2565 1 274418956
1 0 1369 3 183178556
1 1 614 2 768478352
1 0 759 4 698308698
1 0 527 4 489248529
2 1093 1196
2 2934 1913
1 0 42 1 884776374
1 1 275 3 803195387
2 3108 2268
1 1 2294 4 208424583
1 1 3734 2 470501137
1 0 1282 4 100784971
1 1 1732 1 682578679
1 1 447 3 743668932
1 0 893 1 593709657
1 1 545 4 264949143
1 0 2998 4 922158855
1 0 356 2 631501967
1 0 616 3 371956015
1 0 2512 3 435755825
1 0 2305 1 747804736
1 1 3390 2 905302842
1 0 573 4 183607424
1 1 149 3 71062243
1 1 2323 1 154538870
2 2337 3598
1 0 2857 3 171863134
1 0 127 4 400507333
2 3464 1925
1 0 2654 3 244348732
1 0 834 3 141560653
1 1 1156 4 997329391
1 0 1948 1 630213825
1 0 134 1 863489692
1 0 578 2 954777879
1 1 2834 3 703211687
1 1 2434 2 439369438
1 1 2994 1 181956224
1 1 1039 2 648156005
1 0 1570 2 928117356
1 0 1955 4 896385417
1 0 1756 4 366690546
1 0 3732 2 926253194
1 0 186 4 959667767
1 1 2361 4 264535486
1 1 680 3 324093929
2 3561 3432
1 0 3152 4 481574536
1 1 1423 3 737225233
1 0 689 2 800397005
1 1 1167 2 994971311
1 0 2476 2 936972535
1 0 134 3 264941156
2 2880 2448
1 1 1561 1 91432485
1 1 1814 2 948265979
1 1 3234 3 318292147
1 1 632 3 567464326
1 1 3549 1 506239314
1 1 3932 1 775021733
2 1342 2478
1 1 3689 4 831058800
1 1 664 1 143624530
1 0 3725 4 669360031
1 1 2499 1 853717257
1 1 3954 1 927843470
1 0 1464 4 788572034
1 0 1465 3 959040730
2 2391 3712
1 0 1176 4 750932295
2 2746 1122
1 0 1269 1 503293170
1 1 2129 1 407285502
1 0 2724 3 518844391
2 1167 688
1 0 8 2 989460185
1 1 339 3 206609343
1 1 1370 1 13238008
2 3358 3355
1 1 1788 1 483846134
2 3585 1748
1 1 3561 2 75190087
2 77 1702
1 1 3191 4 589308912
1 1 2883 1 66594934
1 0 1825 4 55895530
2 1826 1635
1 1 526 3 756403156
1 0 1990 2 768230085
1 1 309 3 73176659
1 0 3988 3 829702761
1 0 1142 2 653541894
2 3668 2120
1 0 92 3 749889461
1 1 1472 4 389467716
1 0 877 3 793371426
1 0 3300 2 333119866
1 0 2701 3 23333904
1 1 3085 2 435336937
2 38 2157
1 0 650 3 424582846
1 1 2593 4 885721671
1 0 1736 3 465156294
1 1 1880 2 647960439
1 1 3063 3 715920178
1 0 3276 3 718493978
1 0 2631 4 906056045
1 1 2460 1 485708834
1 0 633 3 286055407
1 1 2818 2 551822254
1 0 1622 2 842971152
1 1 1393 2 364966258
2 297 2693
2 3452 699
1 1 821 1 304869328
1 0 1782 2 847797034
1 1 2900 3 541990879
1 0 1151 2 279824489
2 235 3070
1 1 2091 4 310274695
1 1 46 4 460534987
1 0 41 1 866056359
1 1 2090 2 167485384
1 0 1240 1 907221225
1 0 1724 3 724966011
1 1 2715 2 808374678
1 0 2114 3 479441913
1 0 2656 2 248332801
1 0 1602 3 895650630
1 1 802 3 642128498
1 0 1812 2 772592725
2 688 3218
1 1 3110 4 494271648
1 0 759 1 337332490
2 1335 3962
1 0 1912 3 596637084
2 2187 3489
1 0 2014 4 805675689
1 0 478 1 851057179
1 0 439 4 931123203
2 3546 2794
1 0 2448 1 41065735
1 1 1134 1 972649911
1 0 3613 2 795009174
1 0 145 4 301919221
1 1 88 4 209836637
2 1555 1969
2 2040 3219
1 1 3431 4 572894504
1 0 1682 2 505163556
1 0 2426 4 713176329
1 0 3207 3 418659147
1 1 815 4 816864094
1 0 3383 4 879182990
1 0 2263 2 933313317
1 0 3488 2 910940464
1 0 967 2 866639552
2 755 3412
1 1 1795 3 502017950
1 1 29 3 383561520
2 1867 2148
1 1 3306 3 933284190
1 1 2944 3 467022190
2 988 1537
1 0 77 1 515979645
1 1 3475 2 856724865
2 292 2115
1 1 3048 2 617054287
1 0 1118 2 674165616
2 3077 3114
1 0 2742 2 37811598
2 2273 3373
1 1 2429 4 833189619
1 1 808 4 144858709
1 0 924 1 431536676
1 1 1594 2 85586648
1 1 2862 4 618846544
1 0 3064 1 226420313
2 2617 3318
1 1 3069 1 660619655
1 0 756 2 283566219
2 3832 3555
1 0 2146 3 458954659
1 1 1340 2 876312609
1 1 3394 1 38849492
1 0 2941 3 237173762
2 3462 2964
1 1 3016 4 284167381
1 1 1160 3 452236352
2 3620 1824
1 0 287 4 626525135
1 1 3284 2 273143730
1 1 3007 3 790679169
2 549 942
1 1 2955 1 460197623
1 0 3960 1 857656093
2 2777 3486
1 1 1185 3 641644020
1 0 3490 1 127325395
1 1 3981 1 421882460
1 0 226 3 316280957
1 0 400 3 494630833
1 0 3868 4 51784232
1 1 523 2 360716087
1 0 2919 4 479415380
1 0 535 3 828082710
2 2820 2523
1 1 961 3 548405300
1 0 1899 3 529699772
1 1 1532 1 411819783
1 1 1595 3 13170167
1 1 1943 3 948784560
1 0 1007 2 217193644
1 0 1078 1 265985620
1 0 2522 4 170314692
2 2756 2878
1 1 109 4 551169530
1 1 2873 3 726674756
1 0 1483 3 34258940
1 0 605 1 931586188
1 0 3627 2 179510877
1 0 1760 3 586349524
1 1 3083 3 625451087
1 0 1270 2 888835624
2 736 1675
1 1 3258 2 904050234
1 0 2941 3 411546262
1 1 3658 4 573574355
1 0 912 1 783499480
1 0 806 1 825305014
1 0 487 1 879295904
2 309 3327
1 0 3369 4 609544649
1 0 707 2 59597883
1 0 1507 3 780104766
2 681 2665
1 0 428 3 475579990
1 0 2503 4 40878083
1 0 1554 3 821730644
1 1 489 2 828259653
1 0 1186 3 699142629
1 0 2229 4 943375887
1 1 508 2 804751625
1 1 2908 4 255482029
2 2933 1979
1 1 1469 3 816991146
1 1 3488 1 795416560
2 3039 3607
1 0 2236 3 260806607
2 1927 1121
1 1 1531 1 444059650
1 1 1793 4 416762029
1 1 1633 2 953737678
2 603 177
1 0 147 4 656941839
2 2720 2279
2 500 1833
1 0 3954 3 901027736
1 0 3976 2 976450368
2 1355 800
1 0 3951 2 446028454
1 0 3314 4 328121940
2 284 3132
1 0 1235 2 593499644
1 1 1734 4 376968206
1 1 1662 3 70903056
1 1 2788 3 147790670
1 0 2380 4 99510978
1 1 2746 3 139387359
1 1 2307 1 806857968
1 0 933 2 725646036
1 0 2441 1 493746649
1 0 966 4 156216959
2 541 3452
1 1 1589 4 481088459
1 0 986 1 822476605
1 0 3329 2 492445369
1 0 1234 2 632552312
2 100 1569
1 1 1089 2 402760110
1 0 2917 4 562190674
1 1 1720 3 321528925
1 1 3522 2 621781847
1 1 227 3 124180992
2 3027 3322
1 0 1649 1 687599421
1 0 1267 3 611180545
1 0 3967 4 29833788
1 0 616 3 673014406
2 3335 2001
1 1 3306 1 559581706
2 3671 2485
1 1 930 4 139494863
2 1725 1436
1 0 2631 4 112732507
1 0 2464 1 361501687
1 1 963 1 390888738
1 0 3963 4 13179579
2 325 2303
1 0 1245 1 106481356
2 2672 1868
1 0 1206 3 594660882
1 0 2937 1 58552377
1 1 3400 4 191817971
1 1 3776 4 899643581
1 0 1974 2 848184135
1 1 928 1 235554757
1 0 3927 3 852359144
2 2784 2994
2 3852 1550
1 1 2372 3 399816408
1 0 3823 4 268238726
1 0 441 3 895197464
1 1 1300 4 897509917
2 3981 468
1 1 3272 1 78802475
1 1 1339 1 738804918
2 3799 1981
1 0 428 2 313469146
2 3499 487
1 0 3448 2 190917690
2 2212 3809
1 1 376 4 582764375
2 1726 2845
2 3673 181
2 3655 2770
1 1 546 3 278465010
1 1 326 2 384276809
1 1 3433 2 917045241
1 0 1217 1 872405489
1 1 3960 2 885523469
1 1 3720 3 802773843
1 0 1810 3 829249363
1 1 1392 4 28915939
1 0 1911 4 51057595
1 1 753 4 712623993
1 0 430 2 547379132
1 1 3482 3 562052069
1 0 3308 1 207837435
1 1 2256 4 490069399
1 0 1209 1 809858484
1 0 1691 4 487396590
1 0 1930 4 821309422
1 1 2728 1 349462025
1 0 3774 2 979799236
1 0 365 2 670817278
1 0 2969 1 788251096
1 0 652 2 625089627
1 1 514 4 909137087
1 0 689 2 57814212
1 0 3259 1 262443031
1 1 1572 4 870331956
2 3255 2123
1 1 2089 4 555906028
1 1 714 2 586347933
1 1 38 2 723844351
2 1898 825
1 1 281 1 21124182
1 0 786 4 484622142
1 0 603 4 586446645
1 1 3349 3 509678190
1 0 3594 2 75434627
1 0 596 2 603036335
1 0 3561 3 356442856
2 1218 2106
2 862 1157
1 1 3352 2 402638601
1 1 3409 4 917808700
1 1 3224 4 837956915
2 3422 1239
1 1 3565 1 634407541
1 1 30 3 245310505
1 0 2082 4 846307731
1 0 3735 3 781450602
1 0 1995 3 271184986
1 0 729 3 936662210
1 0 896 3 126190492
1 1 3738 2 588840165
1 0 574 3 287951710
1 1 1883 4 124761517
1 0 2785 1 892964894
1 0 502 2 228338589
1 1 1999 4 568605595
1 0 2882 2 418772508
2 1528 3408
1 0 1872 4 229043400
1 0 448 2 990651389
1 1 1831 4 976708406
1 0 2282 1 660069020
1 0 121 2 435467076
2 2583 1507
1 1 1318 4 585941339
2 1339 2218
1 1 506 4 47963019
1 0 208 3 65229413
1 1 3978 4 624822587
2 781 1651
1 1 3525 4 966017707
1 0 1684 1 923874678
1 1 3887 4 929718952
1 1 1759 2 864447644
1 0 3031 1 278189236
1 1 2083 1 835655951
2 3850 2418
2 3692 1093
1 0 2995 4 385889513
1 1 535 1 729201643
1 1 3321 2 535026174
1 1 1067 3 395635243
1 0 2360 4 35600559
2 2772 1834
1 1 3830 2 884532474
1 0 3108 4 5815085
1 1 3383 3 502097737
1 1 3774 3 225564899
1 0 1068 3 178439565
1 1 643 4 100403048
1 1 466 1 947739398
1 0 2277 3 449594883
1 0 631 1 197738378
1 1 719 4 728982316
1 0 2565 3 684980647
2 3260 3975
1 0 1610 2 320483418
1 1 55 1 997066973
2 2491 2364
1 0 2634 2 221596339
1 0 1385 4 155633440
1 0 1889 1 800152600
1 0 2729 4 205363188
1 0 2941 3 650744632
1 0 1010 4 629633355
1 1 1472 2 362962368
1 0 251 3 539441504
1 1 1100 4 580149030
1 0 3319 4 257359344
1 1 2958 1 529622927
1 1 31 4 864566312
1 0 1432 3 130407142
1 0 2879 3 516605817
1 1 977 2 167891463
2 3149 373
1 0 1674 1 156883843
1 1 1507 4 163653176
2 498 984
2 762 2821
2 1598 3983
2 302 406
2 2788 458
1 0 234 3 864986108
1 1 3789 2 555415453
1 0 2365 2 127722376
1 0 467 3 445221069
1 1 3178 2 861156337
1 1 2650 3 787461451
1 0 444 4 841827834
1 0 3546 2 628732537
1 1 1940 3 418492214
1 1 1637 1 228700455
1 0 3887 2 732386288
1 1 1574 4 734422328
1 1 1069 3 713311396
1 1 2586 2 427076949
1 0 1458 2 735965371
1 1 3828 3 240103189
1 0 3701 4 573221721
2 1765 1233
2 2241 3627
1 1 117 4 502560537
1 0 2131 1 891575296
2 3232 500
1 0 2741 3 119599783
1 0 3813 2 603393694
1 1 74 3 88361183
1 0 2573 3 2041632
1 1 1812 3 732642207
1 1 2551 3 148876248
1 1 878 4 80449318
1 1 2606 1 218102749
1 1 334 4 119957338
1 0 2244 3 111116713
2 1108 2881
1 0 2208 2 654048170
1 0 1862 1 163416995
1 1 802 1 439047591
1 1 3182 1 704100487
1 0 2849 2 850200213
1 0 3051 3 814084724
1 0 2546 4 222313515
1 0 455 4 511244757
1 1 2658 2 249899534
1 0 1737 3 834186451
1 0 1862 2 257886752
1 0 2848 2 402208502
1 1 2480 4 279169138
1 0 1691 4 486340273
1 1 1378 1 292261170
2 459 3122
1 0 1761 2 472330557
1 0 1426 3 673340972
1 1 3862 1 828239231
1 0 1713 1 768712283
1 0 269 2 803792205
1 0 2709 3 602876120
1 1 1669 3 504226782
1 1 343 1 966324793
1 0 2747 4 970502169
1 0 3912 1 449622094
1 0 1757 3 449374605
2 1276 852
2 1560 1893
1 1 3312 1 787410734
1 1 1594 2 354115797
1 0 1710 2 674358065
1 0 2769 2 553270236
1 0 3911 4 498540054
2 2921 978
2 3689 2947
1 0 2476 3 240045263
1 0 2695 4 732422121
2 2130 1813
2 419 885
1 1 1225 3 703356392
1 1 2779 2 54802565
1 0 2837 4 827427779
1 0 2731 3 990099037
1 0 1120 4 327651753
2 1236 3562
1 1 2699 4 967088522
1 0 3308 2 184248367
1 0 3084 2 364320250
2 3868 2846
2 2909 2260
2 3120 867
2 2446 2617
2 2911 2974
1 1 2198 4 275637371
1 1 793 3 705946880
1 0 2296 4 162864535
2 288 3830
2 1477 456
1 0 388 1 310865621
1 1 217 2 474573400
1 1 3367 3 80350178
1 1 2286 3 470025586
1 1 2180 4 947607885
2 8 3355
1 0 3807 4 836567633
1 0 2408 2 121314442
1 0 1973 1 661512081
1 1 1890 4 952403126
1 0 770 2 764850958
1 1 3791 1 106803845
1 1 96 1 624846475
1 0 670 4 293866265
1 0 3516 1 316325504
1 0 3544 4 679708303
2 1599 3526
2 579 2530
1 1 3290 1 71752887
1 1 3964 1 816303283
1 1 3936 4 297979373
1 1 2234 2 776466547
1 0 494 2 882187563
2 914 378
1 1 2871 3 812749881
1 1 68 4 876750530
1 1 1386 4 575509996
1 1 1068 4 528501276
1 0 798 1 146345598
2 1201 999
1 0 1193 1 809348195
1 1 2258 3 711543789
2 2367 2315
2 2318 2176
1 0 357 1 636369076
1 1 1398 3 433603056
1 0 1641 2 458336137
1 1 3705 2 818841659
2 789 731
1 1 3894 2 593322866
1 0 583 2 268027030
1 1 2885 3 880344142
2 198 3060
1 1 3901 4 915974263
1 0 557 3 140933461
1 1 3493 3 842858656
2 924 3188
2 2100 3649
1 0 2317 3 151049811
1 0 2647 3 890778382
1 0 3095 4 961257588
1 0 621 4 310886271
1 1 72 4 684316450
2 2379 2908
2 3397 2228
1 0 2832 4 133581180
1 0 476 4 171522366
1 1 2470 4 556983647
2 3706 2377
1 1 3375 2 338905161
1 1 528 3 773863824
1 1 290 4 12719753
1 1 2929 1 615260549
1 1 1274 1 569569483
1 0 1309 4 805265309
1 0 457 4 765338358
1 0 752 1 235093017
1 1 2666 4 565604540
1 1 1659 2 518583967
1 1 3833 4 571427132
1 1 1204 2 335532985
1 0 382 1 445149505
1 0 1711 3 253683381
1 1 1349 3 705142303
1 0 3812 1 406277503
1 0 2111 1 303564238
1 1 1348 2 740211399
2 1169 3857
1 0 2770 2 637103243
1 1 3924 2 453488334
1 1 485 2 439093466
1 1 108 2 521923386
1 0 3658 4 762283827
1 1 2639 3 569507183
1 1 2346 1 14655491
1 1 1540 1 196984681
1 0 3453 3 967705119
1 0 2141 3 117117532
1 1 366 3 771621022
1 1 3070 1 29922181
1 1 1636 3 104490318
1 1 3682 3 179017712
1 1 150 4 564836179
2 3708 149
1 1 2714 4 126382257
1 0 3046 3 198346326
2 2882 2378
1 0 3087 2 272545264
1 0 3758 3 57247557
1 1 782 2 243652915
1 1 1141 2 94057778
1 0 1256 3 879231714
1 0 700 2 864587018
1 1 198 1 750287636
1 1 554 1 466270278
1 1 2671 4 780840151
1 0 2807 1 832499604
1 1 1632 3 51476077
1 0 1397 4 261662616
2 3353 265
1 1 882 1 947730839
1 0 2048 1 682645661
1 1 500 4 954635465
2 1601 2729
2 3389 2973
1 1 136 3 78830607
1 1 3301 3 596773254
1 1 1451 4 162453317
1 1 2242 4 320920651
1 1 2635 1 886891414
1 1 3076 3 682681211
1 1 848 3 992474126
2 514 2590
1 1 3238 4 460395642
1 0 2868 4 160379883
1 1 2393 4 490807256
1 0 2103 3 87380686
1 0 3839 1 670024412
1 0 1912 1 764881992
2 277 2827
1 0 3847 1 772703413
1 0 763 4 327742188
1 1 2633 1 28416879
1 0 2662 3 660706671
2 2425 3041
1 1 3395 4 456758216
1 0 3594 3 82509536
1 1 100 4 636661718
1 1 3166 1 632467251
1 1 133 1 144389758
1 1 2652 1 234497641
1 1 2861 3 451482268
1 0 1138 1 658427986
1 1 815 2 716165616
1 0 763 4 61049946
1 1 61 4 582205035
1 1 2780 4 673578894
1 1 3983 3 928982539
1 1 2871 3 761334400
1 0 3964 3 590717133
1 0 962 4 508167788
1 1 2623 1 236267228
2 423 786
1 0 1176 3 420870197
2 3300 8
1 0 3132 1 751696253
1 1 3486 2 553101773
1 0 2194 2 570519274
1 0 3742 2 672733964
1 0 2097 2 190031827
1 1 2054 3 511270169
2 125 221
1 0 6 4 99851037
1 0 261 1 749123699
2 559 17
2 3101 3283
1 1 651 4 727730479
1 0 36 2 48504775
1 0 2033 2 454862783
1 1 3179 3 435252799
1 0 1740 2 816665100
1 1 3889 1 834840663
1 0 1660 1 732117489
1 0 355 2 39726447
1 0 3520 1 879804796
1 1 702 2 43793483
1 0 2054 3 995398608
1 0 1261 1 571312421
1 1 3534 3 274694944
1 0 1822 1 429838541
1 0 1071 1 589649393
1 1 2994 1 310677712
1 1 390 3 516126284
2 518 2475
1 1 3420 4 769922705
2 2292 2720
2 1892 2375
1 1 1120 4 229645092
1 0 683 3 563540749
1 0 2798 1 981044369
1 1 867 3 485773284
1 0 3020 3 107565189
2 2331 1553
2 1993 1766
1 1 914 3 798749250
2 3431 18
2 427 1023
1 0 3526 3 145636654
2 3135 2113
1 0 2871 2 305025804
1 0 1824 1 576194330
1 1 379 3 445481501
1 0 1113 2 711410304
1 0 1674 3 595755184
1 0 187 2 129510594
1 0 1917 3 518632889
1 0 2031 1 754712545
1 1 3774 1 550454700
1 0 3818 3 34568252
1 1 2500 2 998821008
1 1 3117 2 953539376
1 1 1856 4 550060929
1 0 1324 1 664943287
1 0 1720 2 8840336
1 0 2788 4 693682564
1 0 302 2 810922356
1 0 1985 1 65932794
1 1 1887 3 907391419
1 1 1784 1 152516844
2 397 2341
1 1 2934 4 350477106
2 1095 1875
1 0 977 4 708823667
1 1 1491 3 569553819
1 0 1290 4 158195651
1 0 971 3 353822139
1 1 121 2 941103689
1 1 3578 2 480576239
1 1 465 4 368291214
1 0 925 3 856468194
1 1 3731 3 303203314
1 1 3811 3 413756871
1 1 2272 4 326941931
1 0 1109 3 778133009
1 1 2037 3 182632225
1 0 759 1 567267944
1 0 2980 4 72923652
2 3384 3090
1 0 2904 4 658576549
1 1 909 3 358251207
2 3138 3650
1 0 1440 1 164300598
1 1 80 3 869160
1 1 2058 3 325341827
1 0 3967 1 974535000
1 1 1137 4 898345300
2 534 2040
1 0 1920 1 463951386
1 1 1136 3 246435188
1 1 1070 4 648452718
1 1 3099 1 753781139
2 1124 817
1 0 1596 1 750932396
1 0 2448 1 188123427
2 2738 2540
2 2123 2629
1 1 3540 3 525366031
1 0 2748 1 661740042
1 0 500 4 530971948
1 1 3255 2 417598247
1 0 448 1 195201093
2 1862 2505
1 1 56 1 458173817
2 1057 2113
1 1 1006 2 607498829
1 1 1509 1 317695702
1 1 860 2 106820533
1 1 1521 3 92130619
1 0 3882 1 825231796
1 0 3103 4 908988158
1 0 2116 4 328788700
1 1 1569 1 66421483
2 1972 2226
2 1994 3755
1 1 1229 2 515392111
1 0 2632 2 237197561
2 2658 305
1 0 3457 2 110457941
1 1 1994 1 481033878
1 0 3565 2 870969432
2 2975 2960
1 1 2641 3 688637486
1 1 3613 2 738790784
1 0 1297 1 21907689
1 1 1978 1 913943872
1 0 2289 3 973296236
1 1 587 4 93422098
1 0 2057 1 534227164
1 1 669 4 872677564
1 1 2033 1 123635175
1 0 994 2 758006627
1 0 3449 3 718937039
1 0 1820 4 975293568
2 3089 1346
1 0 1569 3 628667231
1 1 958 1 525242268
1 0 3191 2 478183689
1 1 490 1 334376593
1 0 2345 2 470585821
1 1 398 1 361440744
1 0 16 2 38119324
1 0 2819 4 772021672
1 1 1844 2 13892533
1 1 2355 1 451790082
1 0 1216 1 357366472
1 0 3700 3 2757193
1 1 3567 2 186409664
1 0 2699 3 122309470
1 0 1619 1 764076871
1 1 1149 2 723312097
1 1 3479 2 445348919
2 3831 3316
1 1 2999 1 100002639
1 1 2446 1 764633055
1 1 2510 2 168033431
1 1 2535 3 874522284
1 0 1413 4 681779473
1 0 1881 4 664313285
1 0 3320 3 51274780
1 1 2743 4 328342577
1 1 703 1 266370649
1 0 2030 3 967436920
1 1 814 3 64360307
1 1 1569 1 390167170
2 994 3307
1 0 2001 1 679848440
1 0 3779 2 204414677
2 1901 224
2 645 2082
2 3018 2148
1 1 2065 3 230482448
1 0 1713 2 935883347
2 3829 463
1 0 1401 1 373666747
2 1047 3353
1 1 2292 1 240629893
1 0 363 4 684693538
1 1 850 1 74209457
1 1 2252 4 497325444
1 1 2224 1 756293874
1 1 2182 1 679930672
1 1 2837 2 170687407
1 0 1502 1 582749058
1 0 2462 2 833258076
1 0 986 4 11355127
1 1 260 4 977108892
1 1 2799 2 598780126
2 180 2384
1 1 2556 3 805353387
2 3049 1884
2 1898 586
1 0 33 3 642067322
1 1 2499 4 190059105
1 0 1066 2 538227687
1 1 3634 3 493281525
2 1334 2003
1 1 3071 4 21853882
1 1 3766 1 287161646
2 3552 1538
1 1 2789 4 184643455
1 0 498 1 572118015
1 1 1586 3 77215822
1 1 1667 2 864572098
2 2577 2548
1 1 2494 4 286274276
1 1 2446 3 863100683
2 941 3298
1 0 2682 3 554767998
1 0 2863 4 627325936
1 1 1416 1 9621840
2 1026 3312
2 3585 2101
1 0 340 2 77095442
2 1598 1917
2 3725 1392
2 2819 2725
1 0 861 3 913544361
1 0 3150 2 833495979
1 0 3514 2 898067395
1 1 3415 1 914383031
1 1 1020 1 580718466
2 3984 1415
1 1 1817 1 276903372
2 680 2075
2 137 157
1 1 3555 1 609599585
1 0 2843 1 932506627
2 1539 474
2 3463 3821
1 1 1185 1 289438458
1 0 3157 2 312213989
1 0 1778 1 477426167
2 131 3641
1 0 3859 1 80834687
1 1 2331 4 915791838
1 1 880 3 188710458
1 1 2542 2 53888356
1 1 2248 3 18261187
1 1 3803 1 757338508
2 3167 1388
2 3815 3835
1 0 3396 3 666530919
1 0 3226 4 598891391
1 0 640 1 842093095
1 0 260 1 195282622
1 0 3803 2 138241940
1 1 3657 2 140427533
1 0 2244 4 188052910
1 0 1314 1 517789494
1 1 3987 2 185440237
2 3009 3652
1 0 317 4 84882618
2 837 994
2 1505 2084
2 3923 2976
1 1 1899 4 421188995
2 2767 3600
1 0 687 1 248013852
2 1474 1154
1 1 3250 3 677729017
1 0 451 2 50798146
1 1 724 1 198134456
1 0 3230 4 495147527
2 39 2987
1 0 2656 2 710246059
2 3138 861
1 1 2005 1 404084623
1 1 273 3 915020201
2 1547 1956
2 437 662
1 0 1602 1 741303102
1 0 1440 3 336121855
2 2182 3103
1 0 2607 3 455638333
1 1 375 1 625419850
1 1 3715 1 377054810
2 2374 1044
1 0 500 4 999210364
1 1 3676 3 824855946
2 2591 3503
2 688 1148
1 1 3368 3 19720559
1 1 925 4 677609203
1 0 1389 2 53840159
1 0 3016 1 228826591
1 0 997 1 499724649
1 1 3119 2 59208549
1 1 2289 3 664747110
2 1983 2764
1 1 1227 3 791651918
1 0 846 3 88448068
2 661 889
1 1 2859 2 151076733
1 0 2400 1 990677481
1 0 2323 1 988800997
2 128 1932
2 1588 1654
1 0 900 2 48327041
1 0 94 4 294251724
1 1 1205 1 842198783
1 0 3088 3 592156360
1 0 3470 1 734903964
1 1 1730 1 635619762
1 0 1447 4 253730186
1 1 2924 1 732259892
1 1 454 4 151163954
1 0 3239 2 202331066
1 1 3327 3 501796441
1 1 3543 2 452235323
1 1 2482 1 608256520
1 0 1307 4 886785110
1 0 3622 3 52694145
2 67 2550
2 2418 3640
1 0 1392 2 217042933
2 2434 559
1 1 1927 3 655493885
1 0 666 2 471716225
1 0 1858 2 582538756
1 0 2642 3 588686755
1 1 2560 1 114869861
1 0 757 4 802626143
1 0 161 3 558485181
1 0 3904 4 901397428
2 249 2616
1 1 3651 4 494451701
1 1 3640 2 675006777
1 0 2127 3 564456581
1 1 2830 4 775682273
1 1 938 1 489831585
2 2704 3348
1 0 456 1 336021178
1 1 455 2 200609631
1 0 3517 2 772129228
2 1426 2418
1 1 1297 2 852336825
1 0 3831 2 871329805
1 1 3711 3 521564469
1 1 2686 2 537904099
1 1 550 2 62144578
1 0 2178 2 257307423
2 807 1115
1 0 3971 2 66617592
1 1 420 3 276739682
1 1 2788 2 809029693
1 0 3082 3 929027188
2 514 2290
2 2471 3372
2 1967 3821
1 0 3853 4 818476419
2 2392 3687
1 0 3228 1 411627590
1 0 3424 3 850171250
1 0 3604 2 680452188
1 0 2079 3 664628150
1 1 850 2 181959816
2 1091 3124
1 0 832 4 276795941
1 1 1485 4 296189226
2 691 2296
1 1 549 4 586749062
1 0 2875 1 745009008
1 0 3073 1 421197381
1 1 1385 2 547694292
2 759 621
2 3628 47
1 1 3040 4 237567542
1 0 2248 4 952256069
1 0 889 3 747809328
1 1 105 1 321462803
1 1 2922 4 220236881
1 1 1332 3 208775910
2 1109 2980
1 1 1768 3 172725780
1 0 2185 2 692203492
1 1 766 4 903931470
1 1 3279 2 770056235
2 1052 2956
1 0 1454 1 827093753
2 2486 1169
1 0 3464 1 786547837
1 1 687 2 742475091
2 3162 1335
1 0 2783 2 254746977
1 1 1293 3 639396515
1 0 3927 3 82296753
1 1 3033 1 476472214
1 1 208 1 479680134
1 1 2974 4 10102391
2 3446 778
1 1 3368 3 30537986
1 0 2349 3 309986002
1 1 2406 4 58593476
1 1 3681 3 822948406
1 1 831 2 251632189
2 2260 937
1 0 2144 4 902679870
2 3248 3466
1 1 2491 1 816703799
1 1 1157 3 458062746
2 1958 679
2 3819 745
1 1 2670 4 29365139
1 0 3030 4 294303088
1 1 3678 1 29946888
1 0 2608 3 697645938
1 1 2904 1 726541235
1 0 3662 3 298198770
2 2787 3209
1 1 938 2 465993774
1 1 2243 1 352094990
2 648 3297
1 1 2685 2 968189164
1 0 1875 1 35868931
1 1 3994 4 560606776
2 1682 351
1 0 292 4 45089237
1 1 1395 1 920996577
1 0 1428 3 943108013
1 0 1293 3 535137629
1 0 1150 4 297802498
2 2809 2203
1 0 1189 2 213510434
1 0 514 4 356113289
2 1970 956
1 0 614 4 855440094
1 1 3865 3 432186493
1 0 737 2 562448816
1 1 3922 3 341779953
2 3284 2676
1 0 1832 1 698077197
1 0 48 1 806435181
1 0 3286 2 55971090
1 1 3752 4 543303218
2 1156 2525
1 0 3837 3 452346773
1 1 220 1 550134954
1 1 254 2 58384252
1 1 1 1 842208638
2 3715 3393
1 1 422 4 799529163
2 628 2261
1 0 1946 2 477087669
2 684 3686
2 459 441
1 0 3539 2 846104078
2 153 2979
1 0 2977 2 253476518
1 1 107 2 367240774
1 1 222 1 231368771
2 627 122
1 1 3753 3 486273269
2 1907 1947
1 0 2361 1 21461842
1 0 2933 2 6362864
1 0 1558 2 798891759
2 1200 2650
1 0 1117 2 81908532
1 1 1355 3 733433316
1 0 127 3 875775025
1 0 2469 3 926753627
2 3105 1903
1 0 734 1 1901104
2 3399 2568
2 1082 3091
1 0 1694 1 606125470
2 1244 27
2 93 435
1 1 867 3 24811501
2 3517 238
1 0 2833 1 848620996
1 1 2273 1 876469704
1 1 3038 2 325853511
1 1 592 3 129470180
1 1 2415 3 616208726
1 0 736 3 803746105
2 946 386
1 0 3255 3 812523151
1 1 1610 2 449244528
1 1 1738 4 779818088
2 2337 3374
1 1 2883 4 649409961
1 1 410 3 143697528
1 0 216 4 334640522
2 1453 809
1 0 1429 1 851626922
1 0 683 3 937823255
2 1607 1289
1 0 975 4 398997978
1 1 3536 2 362333969
2 704 1754
1 1 750 2 760365277
2 3311 1908
2 114 1466
1 1 550 4 420537615
1 0 1186 2 26311799
1 1 2838 2 853876567
1 1 1759 4 850612801
1 1 3023 1 880082385
1 0 1450 3 158814848
1 0 3963 4 632248756
1 0 3715 4 15988984
1 0 2667 2 559936860
1 1 1972 4 903525186
2 648 807
1 0 3813 2 52031498
1 1 1785 4 852483113
1 0 2875 4 587388741
1 0 1358 4 876332501
1 0 1146 3 377822523
1 0 886 1 338019124
1 0 1480 2 240675636
2 2027 2790
2 657 3690
1 1 3350 4 879808562
2 2851 1791
1 1 2493 4 252576938
1 0 1289 1 979790859
2 2567 3058
1 1 1046 4 385386641
1 0 3398 3 220576463
1 1 1596 3 951586437
1 1 3682 1 649261112
1 1 1805 4 237031355
1 0 1194 4 647431868
1 0 537 4 277126617
1 0 3 1 13329661
2 3159 2380
1 0 570 3 131646406
1 0 2402 4 573447172
1 0 2481 2 715707521
1 1 3395 4 849478557
1 0 318 1 167310736
1 1 1472 2 359597849
1 1 803 4 969362830
1 1 2709 2 158051475
1 1 769 4 708071533
1 1 1328 4 702266117
1 0 2573 1 135243358
1 0 1964 1 99821777
1 0 1960 1 990213270
2 3041 115
1 1 1812 3 288760666
2 3704 2032
2 1667 3507
2 2924 2824
1 1 1248 3 366615591
2 2681 1275
1 0 3034 2 767316318
1 1 433 1 675493397
2 26 1250
1 1 2594 4 556207671
1 0 1215 1 758765904
1 0 3737 3 533824439
1 0 1341 4 194061167
1 1 1886 1 182404658
2 3257 316
1 0 2437 1 738129032
1 0 3456 4 369313103
1 0 3697 1 62293617
1 0 3170 2 898118165
1 0 665 2 637277996
1 1 3620 2 187744142
1 1 2952 1 18045416
1 0 2270 1 590522950
1 0 1269 3 139343067
1 0 1333 2 49941961
1 1 365 1 956118973
1 0 2877 4 178375834
2 2216 2315
1 1 2584 4 527804164
1 1 621 3 871240956
1 0 3555 3 546043358
1 1 972 1 541915627
2 3086 1384
1 0 1655 4 733334210
1 0 1274 2 196277225
1 1 3419 4 956844488
2 1598 1140
1 0 2555 1 115072372
1 0 3647 3 200978536
1 0 2232 1 975695545
1 1 3522 4 250827232
1 1 557 1 152032564
1 0 1641 3 399312486
1 0 1691 4 415124491
1 0 2777 2 892316334
1 0 1259 3 710555593
1 0 1958 3 590619162
1 0 1029 3 789632161
1 1 2335 3 43502722
1 0 2899 1 1141543
1 1 520 2 63483574
1 0 266 4 638385977
2 3535 2804
1 1 3188 1 957747691
1 1 3582 2 829473032
2 1785 3131
2 1054 3117
2 3678 2177
1 1 1880 1 804255172
1 1 124 1 291828410
1 1 417 1 136286795
1 0 2217 3 37053407
1 1 378 4 581195869
2 1502 3073
2 140 2887
1 1 2659 2 961700864
2 2639 2634
1 0 3108 1 752049951
1 0 3306 1 32968510
1 0 3285 4 653206614
1 0 1057 2 267057391
2 316 3394
1 1 1920 1 479777181
1 1 104 1 42175523
1 1 3552 3 428260882
2 1841 2662
1 0 1833 2 811636189
2 9 1570
1 0 576 2 940630957
1 1 2055 2 791288203
1 0 1423 4 758458802
1 0 2253 4 713923958
1 0 1465 2 843288341
2 1739 1664
1 0 2487 3 913018185
1 1 2019 2 452011503
1 0 2053 4 386941990
1 1 3808 2 641243603
1 1 3826 1 373382480
2 2673 527
1 1 1568 4 681755336
1 0 2039 2 906882586
1 1 1182 3 678527547
1 0 3731 1 601503549
1 1 588 4 276738887
1 0 1601 3 340656351
1 1 2333 1 207066302
1 0 3360 2 597641527
1 1 710 3 543801342
1 1 3723 2 465754637
1 0 3573 3 745146288
1 0 231 2 209933239
1 0 2016 2 458239008
1 0 2447 4 934997999
2 1092 3619
1 0 1683 3 94232284
2 2831 2667
1 0 2973 3 446143118
1 1 2950 4 82648440
1 0 1376 1 171625989
1 1 1684 3 501858581
2 1662 1445
1 1 722 1 772507000
1 0 3838 3 596826453
1 1 3895 3 931443271
2 2464 3434
1 0 1984 2 898074797
1 1 3865 4 521028313
1 0 925 4 939094856
1 1 3876 2 163848876
1 0 2051 3 993955719
1 1 562 2 451687691
2 236 2475
1 0 1706 1 896483699
1 0 2544 2 988017176
1 0 2973 4 90080439
1 0 1064 1 333039206
2 1380 1188
2 3454 273
1 0 3645 4 675629882
1 1 2157 3 725551738
1 1 2350 2 709282669
2 1137 94
1 1 3016 1 731393019
1 1 3638 3 661358563
1 0 2752 3 807934799
2 2125 3844
1 1 250 4 584614180
1 1 3258 4 111435115
1 0 3806 2 116947927
1 0 1727 4 640096426
2 2506 1209
1 0 3006 3 600640916
1 0 2754 3 677764069
1 1 645 3 436762395
1 0 2488 4 165288660
1 1 706 4 82760593
1 1 2298 3 364824954
2 3704 1717
1 0 3044 4 900230647
1 0 142 2 87558292
2 606 654
1 1 3195 3 630641973
2 2476 570
1 1 2777 2 87224360
1 0 55 4 65580890
1 1 2924 1 410979668
1 1 904 1 900500717
1 0 3342 1 736120345
1 1 556 1 677986675
1 1 3930 1 876869202
2 2290 759
1 0 3666 4 682830978
1 1 552 3 807891991
2 2159 813
1 0 54 1 918651981
1 0 2423 1 827450968
1 1 2623 3 997404984
1 0 2656 1 765677749
1 0 671 1 377574095
1 1 1947 1 521757412
1 1 839 4 350759004
1 0 3521 4 855887981
1 1 1012 4 99958125
1 1 2250 2 361524721
1 1 3410 2 748180404
1 0 2149 1 597949679
1 0 3453 1 70039755
1 1 1294 1 71614890
1 1 2052 2 722081307
1 1 1155 2 147945760
1 1 3116 2 770909360
2 3998 3791
1 0 468 3 112260209
1 0 1304 2 404009985
1 0 2011 4 638464674
2 1703 719
1 1 3416 4 58419627
1 0 3069 1 754651179
1 1 3550 2 847474100
1 1 1848 1 246693558
1 0 38 4 942718991
1 0 2498 3 559126046
1 0 1264 3 212370455
1 0 2902 4 302363012
1 1 2137 4 272991794
1 1 799 2 979736210
2 3541 609
1 0 120 4 903473991
1 1 3143 2 503162362
2 238 1687
1 0 926 1 561079747
1 1 495 2 225456137
1 1 2406 2 124393464
2 507 1533
1 0 2367 2 609650692
2 279 3523
1 0 1136 4 634772882
1 1 3053 1 491161896
2 3765 3286
1 1 1326 1 442591050
2 1830 809
1 0 2033 4 270737282
1 1 3850 3 895565068
1 0 2248 2 867825744
1 0 3533 1 469787873
2 238 1333
1 1 744 4 246674302
1 1 3889 4 329232584
1 1 2677 1 334672687
1 0 1065 4 69111837
1 1 1904 1 741140871
1 1 2097 4 171236020
1 1 3699 2 508781788
1 0 1839 4 580365268
1 1 2090 2 709406321
1 0 139 2 364075111
2 2227 1996
2 2183 37
1 1 1412 3 113927702
1 1 2967 3 139190420
1 1 3735 4 700815459
1 1 767 1 102444362
2 3551 3512
1 0 1227 2 936008734
1 0 685 3 123759613
1 0 3166 2 295666392
1 0 1076 2 179396962
2 2252 3500
1 1 3882 4 583228905
1 0 2574 2 482477288
2 3132 311
1 1 1257 2 687790821
2 3535 2637
2 1303 1870
1 0 1911 2 670977768
1 1 571 1 95177406
1 1 3088 1 775217126
1 1 2244 1 123500184
1 0 2068 2 577705163
2 2720 1127
1 0 733 4 462170375
2 2591 1192
1 1 110 1 526899656
1 1 703 4 375127597
1 1 2495 3 346003350
1 0 2205 3 981980558
1 0 1228 1 830343541
1 1 3528 3 89037547
1 0 2308 3 22701843
1 0 790 4 903543881
1 1 249 1 24382319
1 0 2326 3 715380245
2 699 2954
1 1 2466 1 261045129
1 1 420 4 649421986
1 1 2476 2 28636016
1 0 3866 1 770132111
1 1 3507 4 998199182
1 1 2936 2 630556602
1 1 2353 4 606858893
1 1 2644 1 706010357
1 0 1805 4 34269525
1 0 3248 4 396050510
1 1 3788 1 479656923
2 2224 2098
2 1433 3283
1 1 1250 3 449281459
1 0 3154 4 647316270
1 0 2747 1 428019927
1 1 989 1 212101913
1 1 74 2 246239726
1 0 2500 4 359253216
2 1974 3784
1 0 123 4 509264490
1 0 3319 2 336940456
1 1 3784 1 213549366
1 1 3489 1 50799515
2 2787 2293
2 3005 2685
1 1 708 2 409111542
1 0 1907 3 816683676
1 0 3699 4 457632444
1 0 2905 2 441473993
1 0 2411 1 432059807
1 0 3577 1 225514113
1 0 3306 2 784706386
1 0 266 3 705635435
2 3933 3042
1 0 3899 4 52686040
2 1038 547
1 0 3158 3 757149419
2 200 3092
1 1 560 2 171510006
1 1 724 3 131965139
2 2333 1097
2 177 361
2 1132 374
1 1 3688 1 62414588
1 0 2051 3 312377390
1 0 1343 3 238940553
1 0 3154 1 981927088
1 0 2517 2 620330501
1 0 3527 1 178555047
1 0 3496 2 33080921
1 0 3750 1 244455144
2 1941 281
1 0 1143 1 137279611
1 0 2239 4 300189720
1 1 3260 4 126015244
1 0 1444 3 113241586
2 2281 591
1 1 548 2 643307356
1 0 1186 4 816240386
1 0 2668 3 948452054
1 1 2750 3 577011575
1 1 2251 2 435165805
1 0 2109 4 31380296
2 75 2893
1 0 2108 3 311569175
1 0 3922 4 762684634
1 1 778 1 860500524
1 1 3084 3 508958733
1 0 2939 4 207021320
1 0 2443 4 66781504
1 0 2923 1 859980460
1 0 1837 3 208007816
2 407 170
1 0 2445 1 808568526
1 0 3080 2 809454089
1 0 602 2 141965331
1 1 3831 4 657343623
1 1 1384 1 331939477
1 1 30 4 172912283
2 2407 3670
1 0 422 3 830261336
1 0 613 4 724136700
1 0 1694 4 940944865
1 0 1897 4 144397183
1 1 675 3 611897182
2 743 2501
1 0 3172 2 216864845
2 3065 3283
1 1 3171 4 6503428
1 1 268 3 39974116
1 0 1893 3 6411678
2 2156 1971
1 1 285 1 169599478
2 40 3067
1 1 1202 3 119975696
2 1938 1548
1 0 2924 2 272276520
2 541 366
1 1 220 4 227713859
1 1 1313 2 78941988
2 3559 386
1 1 3718 3 192418331
2 3331 769
1 0 1710 1 451238261
1 0 3208 3 206326561
1 0 3002 3 759755315
1 1 1544 3 264524697
1 1 2658 2 226059135
1 0 2339 4 262227947
1 1 2117 1 528640495
1 0 570 1 222439962
2 3687 1061
1 1 265 1 239106959
1 0 2003 2 801051218
2 323 2395
1 1 487 3 690673280
1 1 2295 4 206325125
2 1267 2678
1 1 2052 4 166589645
1 1 2996 4 44637884
1 1 944 1 269214853
2 3875 2628
1 0 247 4 113043218
1 0 1614 4 33269917
1 0 1820 2 203227292
1 1 3654 2 31160672
1 1 3342 1 377067027
1 1 1389 1 890897370
1 0 3619 4 311873366
1 0 2627 1 297678973
2 1739 2177
1 0 1027 3 902225016
2 1232 2465
2 1380 3977
1 1 3762 2 795388387
1 0 2913 4 656214801
1 1 1958 2 802718938
1 0 1484 1 502712115
1 0 1180 4 208061811
1 0 2485 3 365294795
1 1 3164 1 48845258
1 0 3027 4 619108458
1 0 2567 1 56483789
1 0 2591 1 909044121
1 0 1659 3 486427438
1 1 1536 2 299446400
1 1 3567 4 874192281
1 1 1603 1 313645587
1 0 443 1 99282495
1 1 977 1 78379577
1 0 3044 1 640055941
2 725 2526
1 1 3676 3 284373190
1 1 1413 1 313233627
1 0 3808 1 89593165
1 1 3630 4 932238911
1 0 30 2 307859770
1 1 1814 3 448954689
2 3781 400
1 1 703 2 978966397
1 1 509 3 123051379
1 1 2338 1 562139732
2 2002 3665
1 1 2642 1 904781857
2 2794 2011
1 0 384 2 691101294
1 1 1586 3 716321770
1 0 1117 4 17565751
1 0 1573 3 284102103
1 1 3412 3 933922767
1 1 1078 4 532469736
1 0 1345 2 612831694
1 1 2503 3 685488797
2 2607 3779
1 0 3367 1 427693074
2 1996 2490
1 1 163 4 21089779
2 614 3058
1 0 3759 1 12717885
1 1 205 1 913582700
1 0 2539 2 255254970
1 1 248 3 968832195
1 1 2669 4 55922925
2 2415 1929
1 1 1123 1 763635713
1 0 3748 4 174831061
1 1 399 2 331833986
1 0 210 2 991063316
1 1 1920 4 226207271
1 1 2322 3 129646281
1 0 1700 3 684243860
1 0 1120 3 748646089
1 0 723 2 509877035
1 0 3307 2 485879539
1 0 1898 4 351214903
1 1 446 1 606002542
1 1 2311 3 145092862
2 1745 1646
1 0 2812 2 888204676
1 1 3680 1 578907138
1 1 1546 2 890696491
1 1 3150 4 386242149
2 1797 1072
1 1 787 3 598482911
1 0 2002 3 518109892
2 3907 2110
1 0 2943 4 673151748
1 1 917 1 801603810
1 1 67 4 818463041
2 2457 647
1 0 2913 1 615709425
1 0 3778 2 590517100
2 2959 2573
2 213 3636
1 0 83 2 995369722
2 3756 1060
1 0 232 4 553556675
1 1 1342 3 173404873
1 0 3200 2 224432970
1 1 2552 3 194888588
2 455 375
1 0 1576 1 209234833
1 0 184 1 99473143
2 429 2517
1 1 1114 3 571871718
1 0 1158 1 964713374
2 2706 1225
1 0 333 4 180511423
1 0 928 2 894140972
1 1 2569 2 271393277
1 0 2598 3 609080830
1 1 2782 1 32152888
1 0 681 3 150348599
1 1 2175 1 564683392
1 1 1158 1 980257546
1 0 477 1 516591962
2 2965 613
1 0 221 4 324407277
1 1 3135 4 225978511
2 3768 3897
1 0 3857 2 425825299
2 193 1904
1 1 2172 4 346574145
1 0 1592 2 901289866
1 1 2581 2 871245533
1 1 2469 4 491851702
1 0 2075 2 909606014
1 1 308 1 95805863
2 3861 3430
1 1 1734 2 784186518
2 3393 1202
1 1 1385 4 116764028
1 1 1729 1 752264041
1 0 3897 1 412640652
1 0 3354 2 243328592
1 1 1149 3 126309303
2 1770 3616
1 0 2564 4 549768797
1 1 3236 2 896959792
1 0 585 4 157370365
1 0 1039 3 204012539
1 0 156 3 213709583
1 1 3372 1 122657514
1 0 3350 3 81964432
2 1117 1036
1 0 1229 1 592220400
1 1 971 4 833369073
1 0 989 4 484726997
1 1 1790 3 785596472
1 1 242 4 126395381
1 0 612 1 543275544
1 1 3399 4 662115308
1 1 2459 2 11088063
1 1 2604 3 431551384
1 1 1140 4 856610777
1 1 2643 2 401669283
1 1 1543 4 555959855
2 114 348
1 0 3590 2 93993164
2 3285 860
1 0 2664 4 498078701
1 0 2764 3 778114867
1 0 1643 2 149375142
1 1 1011 4 893158715
1 0 1885 2 962587797
2 3169 3070
1 0 3930 4 292080777
1 1 1151 1 457112980
1 0 1297 4 246857403
2 3710 1693
1 1 2822 2 303263503
1 0 2909 3 78357739
1 1 526 2 660690888
2 3720 2989
1 1 987 2 239397467
2 3650 727
1 0 1244 4 439128463
1 1 3368 4 256989825
1 0 3870 2 507451576
1 0 204 2 223527654
1 0 1697 4 922063343
1 1 2053 2 173537431
1 0 2538 2 684976070
1 0 2537 3 52695153
1 1 3672 3 225433272
1 0 3102 1 21869511
1 1 2734 3 50763475
2 3669 2827
1 1 783 4 374858304
1 1 1826 2 719193203
1 1 964 4 468650993
1 0 3449 2 584959677
1 0 2040 4 409993725
1 1 1435 3 86735068
1 1 2683 3 947921217
1 1 2851 1 116329192
2 510 2630
1 1 657 3 722656267
1 0 2053 4 945806895
1 0 2806 1 538682347
1 1 871 3 820834665
1 1 2684 2 566548147
1 0 1186 3 504720060
1 1 1231 2 135591664
1 0 2656 1 747903440
1 0 497 1 604897135
1 0 406 3 762933805
1 0 1344 3 412128774
1 1 3625 1 821538132
1 1 2258 3 334161415
1 0 723 4 97369275
2 3169 2012
1 1 2874 2 719129015
1 1 2768 2 836483408
1 1 3815 2 907107292
1 0 2463 1 177715271
1 0 789 4 808762700
1 0 588 3 561360901
1 0 139 3 997323739
1 1 1206 2 323792485
1 1 692 1 620414940
1 1 1249 1 17854133
2 2618 1419
1 1 2313 2 21526725
1 1 3861 1 972867407
1 0 1498 1 293151163
2 1723 2994
1 0 1310 4 211919836
1 1 1177 2 924631907
2 497 3493
1 0 103 4 473538416
1 0 1703 1 594956847
1 0 1706 3 12855330
2 2883 1313
1 0 519 2 80112926
1 0 2754 1 78884384
2 2758 3426
1 0 1738 4 957664470
1 0 1570 1 915700295
1 0 596 3 789671288
2 1394 64
1 0 519 2 948050604
1 1 3571 1 722981713
1 1 284 2 938659953
1 1 125 4 152521104
2 3556 2185
1 1 1228 4 99770525
1 1 3902 1 360497720
1 1 2763 2 438692997
2 3934 1141
1 0 1293 3 393439692
1 0 2800 1 920789413
1 1 2692 2 339354388
1 1 3463 1 746788838
1 1 435 1 915890927
1 0 2879 4 428034544
1 1 3629 1 783034796
1 0 807 2 405855230
2 3575 25
2 1985 469
1 0 1293 4 649054856
1 0 2783 3 675463801
1 1 3983 1 242277633
1 0 2518 2 49187242
1 0 3761 3 666938432
2 838 1854
1 1 2005 4 568781934
1 1 1527 4 318080136
1 0 264 2 387010335
1 0 2519 2 322648512
1 1 1798 3 261937382
2 991 903
1 1 579 4 794462986
1 0 3918 2 351199859
1 1 363 1 85186162
1 1 101 3 229345436
1 1 3361 2 619382099
1 0 2897 4 164246161
1 0 2111 3 514068311
1 0 3568 3 935872900
1 0 2273 4 588039146
1 0 2285 3 875552401
1 0 1160 1 772446359
1 0 425 3 786467327
2 443 284
1 0 2008 1 383772156
1 0 82 3 924968124
1 0 201 3 213134952
1 1 3712 1 542674210
1 0 309 3 263746500
2 2621 3563
1 0 238 4 126652991
1 0 1693 1 307615330
1 1 3759 1 366767385
2 3999 2331
1 0 2462 4 28565230
1 0 177 4 565698908
1 1 3990 3 117947502
2 2007 1305
1 1 1418 2 835433917
1 0 1052 3 13079113
1 0 240 3 745941422
1 1 3412 3 301625854
1 1 3821 1 656663910
1 0 1792 4 215606294
1 1 1499 4 606658361
2 2515 3559
1 1 3584 3 391115990
1 0 3452 4 140246002
2 2376 3853
1 0 618 1 911048753
2 945 1328
1 1 431 4 287330947
2 201 874
1 0 1952 4 29316717
1 0 1465 3 577563584
1 0 3848 4 997892449
1 0 1348 4 360466978
1 1 3347 3 155417083
1 0 2375 3 917234478
2 3691 3822
1 0 1617 4 669631825
2 1296 3394
1 1 47 4 488583307
2 835 2085
1 0 812 2 604581799
1 1 1856 4 881575922
2 1726 843
1 1 1218 4 435736933
1 0 1191 2 400571490
2 39 1450
1 1 1920 4 29591356
1 0 147 4 619794633
2 3740 1109
1 0 3307 3 58694519
2 1858 2892
1 1 959 3 49802742
1 0 534 1 131646237
2 208 2201
1 0 2604 2 46942011
1 0 1842 2 792342125
1 1 2092 2 872713791
1 0 3979 3 679948409
1 1 2599 2 522318769
1 0 1833 3 45868353
2 1282 2270
1 0 2157 4 835513594
2 3014 1888
1 1 300 1 562663042
2 782 404
1 0 1712 1 240029108
2 2174 2637
1 0 1496 1 202687684
1 0 418 2 971662773
2 2930 360
1 0 1069 3 828580373
1 1 609 1 991765505
2 3538 1738
1 0 3126 1 141458430
1 1 1281 3 22400021
2 2291 3590
2 3640 3735
1 0 3441 4 734971794
1 0 643 3 760624972
2 1709 3001
1 1 386 1 447450989
1 1 1408 3 916924417
2 2828 3759
1 0 3725 2 587259699
1 1 656 2 203599174
1 0 2847 1 553513015
1 0 885 2 908078358
1 1 1297 1 280462374
1 0 1337 3 362519986
2 3690 3985
1 1 1657 3 221012886
1 0 1070 2 336847719
1 1 2941 4 268693307
1 1 2437 2 255190805
1 1 2077 2 693511968
1 0 456 2 33827932
1 0 444 2 183135917
1 1 3413 1 525807398
1 1 2744 2 294762082
1 1 1121 1 167304158
1 1 3240 1 516332452
1 0 2107 4 760011956
1 1 411 3 451281432
1 1 153 1 757586826
2 3624 1417
1 1 1566 3 173732514
1 0 3101 3 759463089
2 199 2706
1 1 3165 1 693391054
1 0 1699 2 383882845
2 734 846
1 1 3599 4 16577438
2 1334 1616
1 0 2058 3 762534692
1 0 2641 1 601881932
1 1 3531 3 427407297
1 1 2094 2 687591221
1 0 1434 3 957591665
1 1 3219 4 429916522
1 1 3926 3 107248553
1 0 3934 2 551817582
2 2522 1282
1 0 1811 2 194366309
2 1297 3714
2 39 1219
1 1 1979 2 423493314
1 0 3150 1 933982072
1 1 1508 4 901777213
1 1 1290 4 494102499
1 0 2866 2 688413224
1 1 2623 4 556760093
1 0 1 2 665061047
1 1 2955 3 665542631
1 0 3119 3 442647612
2 61 146
1 1 2052 4 498204665
1 0 2162 4 70186201
1 1 3120 4 26200228
1 1 2209 4 788776560
1 0 2052 3 43083071
2 2171 1017
1 1 2148 2 554413814
1 0 635 3 210995578
1 0 876 3 619288385
1 1 1215 4 618562568
1 1 1677 1 814659486
1 0 754 1 852359580
1 1 202 3 402547263
2 1716 2402
1 0 1604 1 546292638
2 467 3904
1 1 1029 4 566472552
2 3543 773
1 1 3132 3 184824728
1 0 76 4 752305381
1 1 986 4 356975705
1 1 3420 3 300617467
1 1 3302 4 397153528
1 1 1672 2 669745354
1 0 1801 3 512735789
1 1 500 3 603032377
1 0 3665 1 359116007
1 1 609 3 29372650
1 1 1612 1 509866578
1 0 1899 3 968177829
1 1 3330 3 734727542
1 0 1355 1 468893189
1 1 2620 4 235926617
1 1 3608 3 478331912
2 3072 277
1 1 333 3 987501702
2 2889 3650
1 0 1149 3 928503061
1 0 511 1 798978795
1 0 746 1 272757927
1 1 3344 1 56763082
1 1 1935 4 225376631
1 1 3528 4 359658917
1 0 1972 3 446564662
1 0 173 4 190699480
2 2381 1325
1 0 1213 1 235770539
1 1 2365 4 306747019
2 2551 1125
1 0 1234 4 797347036
1 1 2292 4 833760402
2 509 581
1 0 25 2 958389115
1 0 1741 3 748853639
1 0 1188 4 275543583
1 0 1282 3 418577581
2 560 2215
1 1 2344 3 919250939
1 1 1824 2 613209983
1 1 1447 4 226580481
1 1 1845 3 620689824
2 481 2730
2 3619 3076
1 1 2313 1 78929272
1 1 3153 3 629494381
1 1 1358 3 991693130
1 0 3255 4 389013915
1 0 3003 1 996074236
2 3655 2142
1 0 1204 4 123523102
1 1 138 3 619453047
1 1 713 2 607954403
1 0 3905 1 510870557
1 0 2940 3 122274443
2 1237 569
1 1 3188 3 344073473
1 0 806 3 572032172
1 1 437 4 365422413
2 2343 3722
1 1 2734 2 506802864
1 1 915 1 766185352
1 0 3485 3 924613093
1 0 3147 3 144927409
1 0 3118 3 655775362
1 1 3081 3 76652854
1 1 921 3 128989309
1 0 3050 3 127162955
1 0 1710 2 244523315
2 143 1317
1 0 1919 1 952346195
1 1 2571 3 961109483
2 268 1353
1 0 294 2 400119662
1 0 1305 1 468611510
1 0 36 1 214055203
1 0 2897 1 330822872
1 1 3561 4 630460741
1 1 2143 3 326919420
2 950 2846
1 1 2728 1 237773824
1 1 3188 3 65398458
1 0 2814 2 971482812
1 1 514 4 558411107
2 3339 1372
1 1 3002 3 306435675
1 0 1400 4 916039567
1 1 3167 4 133778107
1 1 858 4 203609692
1 1 3302 4 866345790
1 0 3481 4 791956755
1 1 3530 1 879216505
1 1 3515 1 591656871
1 0 614 3 539195635
1 1 578 3 657065708
1 1 2310 2 240712701
2 400 884
2 188 2319
1 0 3270 3 992510431
1 1 2743 2 317408876
1 0 1897 3 386098769
1 0 1889 2 773165093
1 1 3644 4 591192028
2 816 2504
1 0 1873 3 435606066
2 1478 3923
1 0 936 1 435370935
1 1 2559 4 508333068
1 1 1939 3 465201113
2 2052 3165
1 0 1706 1 358676205
1 0 945 3 35123800
2 1959 3042
2 1705 3702
1 0 2635 2 16619872
2 1168 3813
1 1 1841 2 461074393
2 1138 221
1 0 3644 1 1076168
1 1 1648 1 254451930
1 1 3950 3 299434157
1 0 1546 1 391539692
1 0 1074 1 133422596
1 1 2714 1 436173319
2 3107 2147
2 174 2848
2 3436 1726
1 1 2837 2 991576856
1 1 1334 2 541009269
1 1 2463 1 161772397
1 0 381 1 613104524
2 171 1543
1 1 1105 4 799672531
1 1 2986 1 276281835
1 0 1220 2 110665335
1 1 1228 3 917963572
1 0 3907 4 276338746
1 0 1227 1 583617263
1 1 2448 1 670146202
1 0 1177 4 83773720
2 2118 3701
1 1 1744 1 431643393
1 0 2371 3 60713392
1 0 3903 3 223089328
1 0 911 3 374726976
1 0 49 2 907866528
1 0 874 3 696139566
1 0 764 3 512817061
1 1 3567 3 420500426
1 1 3617 4 720125101
1 1 3444 3 436211717
1 0 2656 2 734775016
1 0 3937 2 251165977
1 1 9 2 931771458
1 0 2064 1 79807956
2 1754 726
1 0 2387 2 810548781
1 0 3051 4 25363614
1 0 1303 3 865413392
1 1 720 1 864656601
1 1 375 2 310589637
1 1 2751 1 62203680
1 1 2615 2 313967471
2 2294 1168
1 0 2567 3 576113779
1 1 2662 4 863081430
1 1 2973 4 13855610
2 602 1465
1 1 3399 3 869308741
1 1 3488 3 946188500
1 0 178 1 821769865
1 0 189 1 27020559
1 1 2292 2 907255978
1 0 3264 1 969449392
1 0 795 1 769428219
2 96 1210
1 0 877 1 464306929
2 2976 118
2 1154 532
1 1 3218 3 642531978
1 0 287 2 711249854
2 1804 3697
1 1 3721 2 750451745
1 0 1144 4 802648991
1 0 585 2 998173717
1 0 174 3 423797616
1 0 2169 2 735366773
1 0 311 3 823311467
1 0 3112 4 205236446
1 1 2925 2 550370461
2 2859 1674
2 128 2548
1 1 3988 2 771282203
1 0 665 4 482290044
1 0 2244 4 144101787
1 0 3124 3 773095307
2 1877 1217
2 3325 2494
1 0 1184 2 282373414
2 2923 895
1 1 583 3 630986473
1 1 2613 3 763599662
1 1 2005 3 605042497
2 3887 1795
1 1 830 2 464023026
1 0 2554 2 207379287
1 1 2531 1 622830166
2 142 1363
2 158 1748
1 1 2509 2 548094281
2 3258 2895
1 1 1612 1 876897070
1 1 2341 2 310639251
1 1 1853 4 895912126
2 2768 3014
2 689 2895
2 3418 3169
2 1097 571
1 0 1617 1 740493322
1 0 1329 4 146940925
1 1 1635 2 914679043
1 0 1166 1 861888749
1 0 3071 2 734932259
1 1 547 1 218803119
1 0 863 4 289275530
1 1 3234 3 853559766
1 0 1607 1 23869172
1 1 1773 3 34979068
1 0 2104 4 909752584
1 0 1043 1 456304067
2 1838 1448
1 1 502 2 270842924
1 0 3123 2 74908344
2 1179 2634
1 1 3910 3 315607828
1 0 2566 2 541955576
1 1 476 2 908310702
2 2016 1148
1 0 1327 4 316004903
1 1 2226 2 114575753
2 3805 2676
1 0 972 3 293449550
1 1 1108 1 692337500
2 701 3111
2 3269 732
1 1 735 1 170807281
1 1 1145 3 80435862
1 1 631 2 736193477
1 0 2303 2 953369239
1 1 1474 2 206647283
2 1705 3586
1 1 274 4 778911438
2 1100 3510
1 0 2874 1 710307915
1 0 3812 2 561259035
2 3001 3236
2 2137 1404
1 1 2031 3 169975278
1 0 353 1 23403379
1 0 1094 4 541402776
1 1 904 2 943621687
1 1 3342 2 359730628
1 0 3952 1 932697365
1 1 1956 3 132281292
1 0 2241 1 565736876
1 0 1153 3 670983104
1 0 2698 2 936278688
1 0 2127 1 340834107
1 0 1924 2 188453242
1 1 2102 3 816636223
1 0 912 1 701454076
1 1 2128 1 417902639
1 0 1292 4 148863020
1 1 2681 1 301655508
1 0 490 3 595130473
1 1 319 3 786510995
1 0 2473 4 376626390
2 1784 1600
1 1 2383 4 370916820
1 0 2959 4 335465382
2 2473 2345
2 1616 2324
2 38 2743
2 2705 309
1 0 2714 4 271929275
1 0 1874 2 580402779
2 1398 1162
1 0 33 4 704989970
1 0 1598 1 27548568
1 0 3729 4 780160217
2 1592 1683
1 1 3664 2 701212857
1 1 2648 3 917083046
1 0 3474 2 736803216
1 0 326 4 955207321
2 3931 1848
1 1 2142 1 230081605
1 1 109 2 3407923
1 1 3691 2 655330586
1 0 3877 2 793999929
2 1456 3558
1 1 925 4 655369006
1 1 462 4 227667393
1 0 3658 1 971568723
2 3427 3542
1 1 3690 3 207976962
1 1 1690 4 230485612
2 2956 728
1 0 205 3 230655188
1 1 3574 1 307829557
1 1 61 1 96659115
1 0 778 4 21385863
1 1 3884 3 802976210
1 1 2030 2 867442057
2 888 3061
1 1 3267 2 278381230
1 1 1105 2 526756816
2 2553 368
1 1 1499 1 689242221
1 0 3254 3 151624721
1 0 1408 3 62072088
1 0 3980 1 33448483
2 464 3102
1 0 3527 4 533049068
1 1 2894 3 118266702
1 0 994 4 917830323
1 0 409 2 669087221
1 0 1460 1 306220420
1 0 3691 4 764004071
1 1 1050 2 23361415
1 1 17 1 27708776
1 0 2230 2 334703291
1 0 2172 4 201407214
1 1 396 4 175970655
1 1 438 1 297048890
1 1 1064 4 700960340
1 1 3542 4 418826295
1 1 3369 4 352682157
1 1 2154 4 517296219
1 0 3336 2 296598083
1 0 1618 1 880871745
2 1432 175
1 0 2950 4 545916606
1 1 917 3 705093964
1 0 3253 4 980358860
2 2999 133
1 0 3419 3 859767620
1 0 765 2 64901843
2 1885 3107
1 1 3507 2 24829496
1 1 314 2 92202698
1 0 264 1 995824644
2 3032 354
1 1 1313 1 940162802
1 1 3698 3 140686848
1 0 2498 4 968485341
1 0 3180 3 607956271
1 0 3308 2 181438946
1 0 2609 1 655884524
1 0 141 4 661991466
2 2470 2662
1 1 1719 4 334563963
1 1 3953 3 157437815
1 1 1347 4 623830367
1 0 1587 4 785729868
1 1 1046 4 733706530
1 0 1020 2 689954497
1 1 1845 4 318108138
1 1 1784 1 980238715
1 0 21 2 645503168
1 0 3884 4 911009378
1 1 3886 3 555497690
1 0 1884 2 761912440
1 1 16 4 427372314
1 0 740 2 949099197
1 0 1596 2 330414535
1 0 1357 3 753384333
1 1 3879 3 118674212
1 1 3248 1 356783039
2 3598 1543
1 0 1128 1 933750780
1 0 521 2 420023114
1 0 1363 2 692492501
1 1 346 3 217310308
1 1 3841 1 913100981
1 0 1391 1 726889842
1 0 823 3 668850672
1 1 1591 4 604633286
2 3230 1637
1 1 372 4 289482372
1 0 3870 4 252701649
1 0 2928 3 288870179
2 3561 1360
2 2398 2583
1 0 2845 2 876067158
1 0 876 2 509233072
1 1 1947 3 817063935
1 1 312 1 461547193
1 0 3348 3 931689579
1 1 1119 1 528029185
1 0 1867 3 869203104
1 0 1795 2 465584989
1 1 3626 2 604475889
2 954 776
1 0 3827 4 478182700
1 1 1669 1 167459575
1 1 1519 3 956395325
1 0 188 3 474024149
1 0 572 2 930074798
1 1 1623 1 3374060
1 1 1993 3 182498502
1 1 1927 1 73144352
2 530 452
1 1 997 1 68365710
1 0 165 1 376954017
2 3167 2894
1 1 2018 3 300751838
1 0 3086 2 720814841
1 1 3611 1 99101685
1 0 2495 2 597981592
2 650 1668
1 1 2825 2 411874034
1 0 2114 3 915775467
1 0 3861 4 706648566
2 1522 3748
1 1 1716 4 205732818
1 0 3691 1 823685670
1 0 3689 1 553109510
1 0 157 1 353901482
1 1 309 3 397056879
1 1 3055 4 525044464
1 1 2015 4 795737708
1 0 41 4 440611633
1 1 3498 2 932958426
2 184 1339
1 0 3416 2 44052487
1 1 278 1 657213058
1 0 3145 3 902501987
1 0 600 1 224160667
1 1 3558 4 99733654
2 715 2632
1 0 2676 4 413247804
1 0 2699 2 436054521
1 0 396 3 659178656
1 0 2947 3 918881775
1 0 1736 2 817307412
1 1 2480 1 419277176
2 1971 1951
1 1 3684 2 606883369
2 787 200
1 0 3598 3 166246606
1 0 271 2 684614638
1 1 425 1 189161584
1 1 3623 4 301241295
1 0 2648 2 374875408
1 1 624 3 88830017
1 0 1493 2 954590803
2 2574 1936
1 1 2383 1 424788203
2 2185 3378
2 3266 3678
1 1 984 1 282007496
1 0 2128 2 120972777
2 3588 3998
1 1 3080 2 961029445
1 1 2628 2 255451058
2 469 3765
1 0 3769 3 252040760
1 1 3428 4 758158816
1 1 608 2 79544216
1 1 3527 4 169658497
1 0 2577 4 941618390
2 2829 2485
1 0 978 3 655836104
1 1 4000 1 647863256
2 224 2186
1 1 2898 3 881741724
2 2112 400
1 0 1611 1 333196473
1 0 1153 1 539021987
1 1 1201 2 522773592
1 0 1878 4 821557542
1 1 499 4 769235895
1 0 3737 1 999915801
1 0 1233 4 190940140
1 0 2454 4 992500072
1 1 3379 4 764688934
1 1 751 1 946967651
1 1 3812 3 320618899
1 1 3629 1 923728524
1 1 1046 2 965606483
1 1 568 3 104051443
1 1 913 4 892747778
1 1 1903 3 582234250
1 1 244 4 644429113
1 1 3373 1 631331128
1 1 3839 3 385826204
1 0 2510 4 236043178
1 1 651 4 478107533
2 549 509
1 0 2874 4 819685868
1 0 3255 4 789465929
1 0 1239 2 610490921
1 0 2916 2 99262036
1 0 482 4 941740624
1 1 3712 3 849265644
2 811 1197
1 0 3465 2 772116782
1 1 2450 3 770607111
1 1 570 1 939000629
1 1 221 4 472749267
1 1 1164 1 617007864
1 0 171 1 13730208
1 0 2633 3 282373158
1 0 1992 1 398617085
1 1 3650 2 363937390
2 2780 3448
2 3989 1175
2 2494 106
2 2253 483
1 1 1852 1 723061929
1 1 299 2 38503336
2 4000 2002
1 1 2291 3 682802760
1 0 1265 2 87518386
1 0 1313 3 413110768
1 1 3583 2 72243643
1 1 1562 2 964811471
1 1 164 3 432545950
1 0 3238 3 842002649
1 0 2255 1 187231710
1 1 2161 4 188053536
2 2208 80
2 3363 100
2 1497 3625
1 1 887 4 134007883
1 1 3972 3 261324622
1 0 3440 2 293701778
1 1 585 1 253544943
1 1 1452 1 542779362
2 2366 858
1 1 2060 4 25410729
2 3064 1510
1 0 1686 2 580275773
1 0 1488 2 270327464
1 1 3158 4 38597722
1 1 3527 3 959692396
1 1 2165 1 444642607
1 0 1747 4 229241683
2 2429 2762
2 3707 1529
1 1 588 4 988443216
1 1 2369 3 334556947
1 0 3082 1 904847267
2 1453 2654
1 1 488 1 216312719
1 0 1086 1 85551789
1 0 1576 3 675556200
1 0 3472 1 608884839
1 1 535 1 175570839
1 1 738 4 124305183
1 1 3669 4 775189696
1 0 1627 3 838754840
1 0 1489 4 19903653
2 2365 977
2 2720 637
1 0 1250 1 211180498
1 0 560 3 141872980
1 1 3403 1 738085625
1 1 548 1 973450042
1 1 2455 4 584415004
1 1 1897 3 969533834
1 0 3308 2 169224835
1 1 2363 3 882952509
1 1 787 3 365011907
2 2149 2738
2 161 196
1 1 2286 3 162601825
1 0 1161 1 318923281
1 1 450 2 326616797
2 3779 2471
1 1 2728 3 435059686
1 0 2785 4 993315789
1 1 2526 4 514055790
1 0 1119 1 60601106
1 1 936 1 193659121
1 0 3228 1 441455670
1 1 1640 1 639771642
1 0 3964 1 636656942
1 0 1902 4 921446725
1 1 541 3 918814170
2 2516 1113
1 1 3345 4 590077841
1 0 1797 4 18636903
1 1 3219 2 526867875
1 1 1706 1 891809
1 0 1187 4 398583761
1 1 1957 3 126681199
2 2657 1045
2 1349 407
1 1 878 3 71097639
1 1 191 1 34029501
1 0 422 2 235478485
1 0 3226 2 940105300
1 1 1476 2 133652295
2 3868 1160
1 0 838 4 999591052
1 0 2011 1 336527196
1 0 2868 4 733584303
1 1 382 3 643189128
1 0 1794 3 776185360
1 0 137 3 479415920
1 1 894 1 531705666
1 0 2374 4 999825253
1 1 2359 2 413870451
1 1 2442 4 100271314
1 0 1441 4 378663069
2 1349 3377
1 1 171 4 276766590
1 1 1654 3 802556201
2 3506 3977
1 0 3766 1 407957077
1 1 1254 1 446662962
2 1643 3356
1 0 3487 1 592690611
1 1 2829 3 317281779
1 1 2213 4 979150390
1 0 3630 2 435383671
2 2368 2897
1 1 2730 1 950643642
1 0 2963 3 871028864
1 1 3228 2 416653921
1 0 214 4 631099291
2 3569 195
1 1 1286 2 602308000
1 1 1113 1 761572882
2 1808 2834
1 0 2256 3 203017068
2 1505 1185
2 2754 3305
2 1229 1989
1 0 2433 3 367285191
1 1 2248 1 438438325
1 0 433 1 952022091
1 1 1061 1 938939662
1 1 1496 1 898635207
1 1 13 1 224252099
1 0 1253 2 413137741
1 0 1238 4 884768154
1 1 3165 3 384496274
1 1 1911 3 478073637
1 0 989 1 11413489
1 1 1404 2 812147201
1 0 1039 4 880189348
1 1 522 3 518292601
2 688 1479
1 0 1972 2 258195442
1 0 3718 3 66345915
1 1 685 3 626618277
1 1 2651 1 304479566
1 0 3208 4 654140754
1 0 534 2 654825162
1 0 332 3 412250326
1 0 3031 3 869304268
1 1 475 1 658752397
1 1 1088 2 228960277
1 0 3645 3 797808767
1 1 3758 3 112742472
1 1 129 3 457168296
1 0 3038 3 659868402
1 0 1141 2 136141979
1 0 1465 2 550359549
2 3713 527
1 0 3282 4 696988378
1 0 2370 2 132714490
2 2011 68
1 0 2702 1 522619147
1 0 3659 4 525382927
1 0 1793 1 662462898
1 1 1956 4 282769064
1 0 1443 2 272733866
2 3616 2352
1 1 1637 4 22550779
1 1 480 4 330912661
1 0 1448 1 696562826
1 1 1740 4 724935014
2 791 3672
1 1 3679 2 131997773
1 0 2793 2 29183497
1 0 303 2 425873275
1 0 3022 4 188199856
2 3038 2311
1 0 2157 4 451830135
2 1301 3776
1 0 515 4 491771585
1 1 1709 4 830867148
1 1 413 3 353388369
1 0 1015 3 516302577
2 2347 1599
1 1 574 4 162064708
1 0 1580 4 30416708
2 981 2794
1 1 2037 3 936945582
1 1 2755 1 739779605
1 0 1810 1 424631377
2 26 1605
2 2838 3018
1 0 664 1 658994137
1 0 48 3 98414226
1 0 2374 2 661109247
1 1 365 3 169612366
1 1 3385 2 416320047
1 0 3832 3 86587389
2 1333 706
2 2386 2195
1 0 3647 4 548211810
1 1 1272 4 541342715
2 1771 24
1 1 2377 4 174526902
2 2129 486
2 463 1866
1 0 1947 3 900951743
1 1 1139 4 916751490
1 0 1351 4 732109776
1 0 1358 3 122068654
1 0 1397 1 156305754
2 3939 3710
1 0 2568 2 440852924
1 1 3885 1 732536271
1 1 2665 1 41507614
1 1 3548 1 200736721
1 1 2055 1 96948979
1 1 1186 1 685244905
1 0 30 3 729080333
1 1 688 2 627890192
1 1 2288 4 382738252
1 0 1000 2 196801280
2 945 1945
1 0 2033 3 323727013
1 1 155 4 582851078
1 0 1208 3 66865664
2 876 3786
1 0 2554 3 39930430
2 3500 3719
1 1 451 1 44696179
1 1 10 1 853553239
1 0 1001 4 35273790
1 1 3785 4 617521469
1 1 1419 4 376280326
2 1164 3859
2 2381 3097
2 3250 3037
1 0 2074 3 150145599
2 1579 2487
2 2531 691
1 0 955 4 453407344
2 3781 128
2 1146 3618
2 2735 1685
1 0 1325 2 718561516
1 1 257 2 676082605
1 1 2902 1 865729819
1 0 3351 4 875354416
1 0 414 4 635364969
1 0 2900 1 708047875
1 1 3003 3 611134958
1 1 2999 1 873595988
1 0 2614 4 507637936
1 1 3931 1 451248075
2 2331 2697
1 1 1898 2 85982793
1 1 465 1 449928218
1 1 2197 3 924990753
1 0 1410 3 915249447
1 0 3039 1 98076353
1 1 3732 1 67364719
2 3061 345
1 1 606 1 712720019
1 0 1955 4 101392648
1 1 2089 3 959226423
2 900 2016
2 189 3877
1 0 293 3 347119920
2 2204 2434
2 1386 2992
1 1 1288 2 282322935
2 3290 2434
1 1 3235 1 289347315
1 1 3395 3 558843427
2 1263 1618
1 0 633 4 830159713
1 1 3558 1 862671658
1 1 969 1 608208620
2 2985 3050
2 2745 2470
1 0 2143 4 403165591
1 1 3195 1 163143615
1 0 3405 3 202308396
1 0 2105 3 802073929
2 2319 1328
1 1 954 2 358521889
2 1754 2766
1 0 2442 3 118310151
2 397 23
2 2781 893
2 3138 1620
2 1405 1027
1 1 1230 1 977388997
1 0 764 4 40420477
1 0 3498 2 874660196
1 0 3344 3 157028445
2 819 3475
2 223 2670
2 3070 1743
2 2155 2272
1 1 2806 1 130476818
1 1 2099 4 800060303
1 1 1550 3 993937106
1 0 3820 3 748951808
1 1 2867 1 632288436
1 0 649 1 406146214
1 0 2886 1 552394988
1 1 1377 2 850915162
1 0 2284 4 299269783
2 137 3470
1 1 3470 3 164219644
1 0 3157 2 7916104
1 0 3998 2 57338488
1 0 2768 2 853388585
1 0 570 2 602938501
1 0 3347 2 318989049
1 0 3799 1 953831457
1 0 2008 2 378341073
1 1 3890 4 316092266
2 2525 2325
2 392 3542
2 1667 3048
1 0 413 3 185779620
2 3767 554
2 250 3888
1 0 3666 1 677765070
1 1 3886 3 542313585
2 589 2777
2 2744 3029
1 0 3910 1 820768079
1 1 381 4 145982439
1 0 1835 4 492345174
1 1 451 4 370295019
2 2243 3681
1 0 3201 3 587564425
1 0 397 2 776598011
1 1 1611 3 364487073
2 672 3720
1 1 1400 3 21411430
2 1847 3982
1 0 1674 1 492776590
1 0 290 1 631087655
1 0 1519 3 997857659
1 0 1803 4 506502912
2 3948 3677
1 1 1310 3 17706866
1 0 2045 3 45955897
1 0 3195 2 137085904
2 870 246
1 1 2424 1 589180993
2 1150 1127
1 1 1969 3 224746842
1 0 223 1 639786983
2 2752 1809
1 0 1481 4 332766803
1 1 618 3 858894624
1 0 2500 3 88231840
1 0 1339 2 136613820
1 1 2796 2 381005229
1 0 1513 1 729767885
1 0 3666 2 276011522
1 0 3018 1 899933090
1 1 1596 4 115585667
1 1 3509 3 150149278
1 1 908 4 7826011
1 0 2284 2 213280333
1 1 141 1 771425830
2 1599 1250
2 2984 2805
1 0 1763 1 395871233
1 1 3262 3 592903334
1 1 2450 2 810566868
2 632 1540
1 1 887 4 350718877
1 1 2578 4 143768710
1 0 656 4 146637979
1 0 2514 3 417782269
1 1 256 2 698362323
1 0 1809 3 20727319
1 0 1765 2 270183028
1 1 3658 3 416991370
1 1 1971 1 268417434
1 0 2416 2 66617922
1 0 1294 2 712148539
1 0 53 1 395287543
2 3960 653
2 1644 1535
1 1 1081 1 225418828
2 3667 129
1 1 1153 1 93773760
1 0 3827 1 350957380
2 2600 1282
1 0 1376 1 89775345
1 0 2204 3 577500126
1 1 369 4 543410544
1 0 2317 4 814957181
1 1 557 4 972025256
1 0 1335 1 82994982
2 1398 2018
1 0 1352 3 50762348
2 2903 426
2 2211 2111
1 0 2683 3 756085448
1 1 3730 3 299801842
1 1 3968 2 206005737
1 0 1910 4 368056194
1 1 3975 3 740292804
1 1 2286 4 882349462
1 0 2590 1 747680249
1 0 2438 2 991327006
1 1 406 2 784631230
1 1 3104 3 884941949
1 0 3506 3 731620734
1 1 75 3 241801025
1 1 3317 3 994854653
1 0 201 2 755178794
1 0 1685 1 517207345
1 1 3405 1 606751719
2 3821 1388
1 0 2905 1 633293284
1 1 2793 3 141879696
1 1 1928 1 449196423
1 0 927 4 955940992
1 1 631 3 894145740
1 1 3912 4 278537026
1 1 386 3 867177761
1 0 2508 2 86798932
1 0 130 3 193493666
1 1 1127 1 937546378
1 0 2627 3 615200595
1 1 627 1 163143041
1 0 2093 3 240878499
2 2821 2258
1 0 1098 2 535094504
1 0 2980 4 702127264
2 3185 2911
1 0 163 3 778896929
1 1 2373 1 962929883
1 1 606 3 259654325
1 1 2253 4 37631501
1 1 3016 2 923423928
1 1 2505 1 445955321
1 1 2609 2 435157773
1 0 1854 2 311565384
1 1 2030 2 212804114
2 1515 2366
2 1994 3244
1 1 728 4 501214037
1 1 199 2 231204442
1 0 3839 3 658767107
1 1 3443 3 280887598
1 0 1382 2 151814070
1 1 3731 2 885139327
1 1 588 2 541286566
1 1 3384 4 411874358
2 125 1309
1 0 2889 3 923164524
1 1 2421 1 908851020
1 0 3553 3 375940571
1 0 3640 4 353664989
1 0 1296 4 337769929
1 0 2789 3 326457995
1 1 939 3 368440781
2 379 351
1 0 1064 3 822389026
1 1 2759 3 629229212
1 1 3942 4 924578299
1 1 3479 4 69204827
1 0 2017 4 577059143
1 0 3891 2 114316938
1 0 472 2 407574230
1 1 1727 3 497869466
1 1 2355 3 900198643
1 0 3547 4 493427341
1 1 2880 2 87797648
1 1 2027 4 194519671
1 1 2460 3 838981646
1 1 3723 4 586622189
1 1 701 2 871229805
1 1 1730 2 363487486
1 1 3134 4 609090073
1 1 1166 2 192593617
1 1 254 2 147160920
1 0 1648 4 153322372
1 1 3881 3 28179450
1 0 540 2 174432831
2 2177 415
2 1699 3877
1 1 319 1 512809423
1 0 2599 1 271461926
1 1 3643 3 812189173
1 1 2362 2 93540501
1 0 623 1 116318232
1 0 1236 2 31034224
1 0 893 3 961668010
1 0 1162 1 238923278
1 1 1248 1 241484763
2 3323 3393
1 1 1162 2 885198751
2 3455 1243
1 1 3021 1 522792954
1 0 3094 3 649660127
1 1 450 3 141654234
1 0 3306 4 908286627
1 1 1335 3 444601008
1 1 1638 1 516589265
1 0 99 4 490667128
1 0 131 4 303140531
1 0 348 2 790661676
1 0 1160 1 587522798
1 1 210 3 218921784
1 1 2159 2 802770665
1 0 668 2 840380107
1 1 241 4 666521139
1 0 1291 1 926287596
1 0 3193 4 309534199
1 0 3896 2 366333149
1 0 3147 2 251256210
1 1 1760 2 578397681
1 1 3536 2 897118201
1 0 1990 3 500800120
1 0 763 2 228189222
1 0 2545 1 429599676
1 1 1522 1 268140559
2 3861 3629
1 1 417 2 138447343
1 0 2475 3 134262350
1 1 1819 2 422809943
2 3784 2449
1 1 905 1 295306039
1 1 414 2 416945730
1 1 2518 2 30711237
1 0 3303 4 534789745
1 0 1959 4 688684113
1 1 1694 3 253578909
1 1 3309 4 197878127
2 950 2291
2 2518 2504
1 1 562 4 749851373
1 0 2270 2 926633469
1 0 998 4 892515457
1 1 1081 3 217350747
1 0 1451 4 667791569
2 3604 2549
2 851 1506
1 1 2351 2 28903429
1 1 3432 2 286204360
1 0 1284 2 521567498
1 0 3927 2 101317925
1 0 1179 1 261499284
1 1 2862 2 239260310
2 3359 125
1 1 1871 1 167654621
1 1 976 2 754393172
1 0 351 3 342180464
2 3156 3533
1 0 2245 4 615693061
1 1 1981 3 44107509
2 1736 583
1 1 68 3 950971005
1 0 357 4 986009951
2 50 2298
2 170 1737
1 0 1201 4 801072922
1 1 235 1 579599269
1 1 3774 1 422376990
1 1 1220 4 710637941
2 3857 2137
1 1 752 1 260890644
2 1579 335
1 1 1252 3 492351179
1 0 355 3 514664372
1 1 59 4 453446401
1 1 306 1 149448551
1 0 2986 3 651514235
1 1 1157 4 706381996
1 0 3930 3 37044955
1 0 1077 3 685870092
1 0 747 4 578386276
1 1 843 2 409720108
2 2030 176
1 0 2048 4 919866152
2 1573 703
1 0 2230 4 867364860
2 3361 2135
1 1 221 3 744382345
1 0 2383 2 330148286
2 1548 2640
2 3234 1236
1 1 2786 4 64260381
1 0 2395 2 514843673
1 0 3124 1 495330143
1 0 1716 1 797237682
1 1 3634 4 766046493
1 1 2826 4 752784119
1 0 618 1 83154761
2 214 2433
2 1083 2796
1 1 2855 3 528448189
1 1 475 4 527630422
1 1 255 1 807453403
2 945 2427
1 1 190 3 783270810
1 1 3736 2 843412319
1 0 955 4 258378540
1 1 1420 4 193496043
1 1 3695 3 588824706
1 1 966 1 322860632
1 1 1086 4 688678584
1 1 2548 4 497100000
1 1 1418 1 796867250
2 2149 1721
2 3524 534
1 1 1287 1 458562579
1 1 2236 3 169983934
1 0 1832 1 292710445
1 1 1527 2 568914863
1 0 3077 1 421657589
1 1 2253 2 595185099
1 1 3513 4 159612146
1 1 3126 4 935724260
1 0 707 2 391453627
1 0 3019 4 134664414
1 1 1995 1 295546621
2 1669 2252
1 0 1690 3 846449937
2 3906 523
1 1 719 2 242999117
2 2928 1596
1 0 1797 1 147007983
1 1 1488 2 957646113
1 1 1120 2 282012085
2 2311 760
2 3608 2483
1 0 2380 3 881629071
1 0 3207 3 658854823
2 1077 1196
1 0 1900 1 427672607
1 1 1275 3 951696934
1 0 3225 4 313598192
1 0 2496 2 55992434
1 0 3393 3 782348249
1 1 3713 1 825925356
1 0 3424 2 801933422
1 1 2706 4 271936452
1 0 822 1 585098600
1 1 3805 1 241604280
1 0 1279 4 926316865
1 1 1542 3 642943433
1 1 2644 4 110340609
1 0 1388 2 152602751
1 0 2816 4 770958060
2 2009 3252
1 0 88 3 63048891
1 0 357 2 333655443
1 0 3301 1 195637280
1 1 992 2 22951524
2 472 3426
1 1 2451 4 191111127
1 0 2109 1 798290998
1 1 2906 3 514423096
1 1 746 3 802853307
1 1 3876 1 304588462
1 1 609 3 466317012
1 0 763 1 795348904
1 1 1681 4 72686905
1 0 3773 4 867650941
1 0 2923 2 893356195
1 1 808 2 446328246
1 1 2672 3 970491953
2 818 837
1 0 376 4 429258220
2 3905 999
1 0 2480 3 976897293
1 1 2712 2 614982271
1 0 1601 3 748075987
1 1 2934 3 521367918
2 3391 2176
2 516 51
1 0 405 4 701297792
1 0 2311 4 462535042
1 1 3568 2 994689903
1 1 2668 3 350237975
1 0 3784 2 438551091
1 0 176 3 804274984
2 2297 2430
1 1 2687 4 51668482
2 3994 3434
1 0 2588 2 116487783
1 1 361 2 182447226
1 1 2559 2 14869562
1 1 1126 3 17526461
2 1374 2383
1 1 1952 3 596856104
1 0 1362 4 927163920
1 1 3874 4 389407404
2 2448 3639
1 0 3089 2 844397104
1 0 3035 1 366728415
1 1 3744 4 981303900
1 1 2468 2 471319907
1 1 816 1 856341657
1 0 289 3 636355586
1 0 2191 4 766213454
1 1 974 3 88176679
1 0 2853 3 171844087
1 1 3689 3 664690623
1 1 3100 1 671736304
1 0 3608 1 382101567
1 0 2653 2 17021867
2 3451 2187
1 0 1500 3 342458335
1 1 1368 2 202406498
1 0 2364 3 414368124
2 435 2476
2 1631 439
1 1 2727 3 807497897
1 1 1249 2 380194101
1 1 1468 4 1509509
2 3158 1215
1 1 2291 3 410970788
2 2434 3959
1 0 318 3 715743336
1 0 1961 1 326191905
2 1824 2712
2 1529 1681
2 2767 461
1 1 397 4 289886117
1 0 3577 4 260795411
2 880 3357
1 0 1245 1 356019197
1 1 1760 2 472200524
1 0 1713 1 822438107
1 1 1744 4 647279998
2 2602 2735
1 0 148 1 984368796
1 0 3609 4 917088145
1 0 427 1 104001382
1 1 3854 3 644872639
1 0 3816 3 98966423
1 0 1368 2 19016263
1 1 3356 3 718424575
1 1 2739 4 366672855
1 1 2142 4 480875267
1 1 3149 4 16113342
2 1251 2540
2 853 1780
1 0 1385 1 994620999
1 0 1648 2 384184756
1 1 2877 4 563450848
2 3300 1551
1 0 214 1 807319254
2 865 3055
1 0 3915 1 909771275
1 0 1032 2 683916715
1 1 3268 2 956018882
1 1 1716 4 164126694
1 0 444 2 770647400
1 1 2621 1 948959660
2 2817 2281
1 0 1878 3 434826384
1 1 1759 1 341309037
1 0 322 2 559081083
1 1 417 1 480624128
2 2936 3830
1 0 2782 4 618377043
1 0 1231 4 682119141
1 1 1391 3 969440579
1 0 2796 3 192732307
1 1 126 4 590084425
1 0 1999 4 990809018
1 0 2139 2 132662151
2 2240 2817
1 0 669 3 31325523
1 1 3097 3 920556938
1 1 1299 2 579204221
1 0 2245 1 427036199
2 3724 3700
1 0 1418 3 410432011
2 2499 1671
1 1 1662 4 997048152
1 1 2205 4 88024860
1 0 2037 2 12427884
1 1 3133 1 857758430
2 2094 264
1 0 2528 3 27275991
1 1 261 4 714803134
1 0 1614 3 823273326
1 1 735 2 70826460
1 1 1487 2 293504847
1 1 1672 2 465540655
1 0 1100 3 184586629
1 0 881 1 346412025
1 1 2324 1 77977866
1 1 2056 1 328934521
1 1 3671 2 176758864
1 1 30 1 270008668
1 0 737 2 502886106
1 1 2745 4 984979456
1 0 1329 3 453075294
2 1695 1718
2 1520 1833
1 1 2079 4 868407663
1 1 842 1 932564790
2 128 3433
1 1 2731 4 953391236
2 985 1356
1 1 824 1 37283660
1 0 136 1 993652733
1 0 2294 2 498470209
1 0 2377 2 378374896
2 344 2170
1 1 3736 3 401641568
2 3490 1456
1 0 70 4 310077520
1 1 321 4 93354000
1 1 2785 2 741586966
1 1 3170 1 854729774
1 0 2030 2 25650434
2 678 2332
1 0 3922 1 179228496
1 0 186 4 169134131
1 0 654 3 865894490
1 0 1600 4 912966589
1 0 556 2 237453532
1 1 1390 3 97129312
1 0 598 2 975169472
1 0 2563 4 189108350
1 0 578 4 228342322
1 0 2164 3 873055166
1 1 1872 1 694724159
1 1 697 3 787159946
1 1 3249 1 941436695
1 0 2243 3 399237279
2 3253 758
1 0 2804 4 92939784
1 0 598 1 706548408
1 1 177 1 951545820
1 1 25 2 501110159
2 9 1785
1 1 3106 1 554358927
1 0 2842 4 25014504
2 1378 1953
1 1 730 1 639110461
2 2737 1890
1 1 3403 2 919187170
1 0 3116 4 802181850
2 629 2493
1 0 3544 3 949046517
1 0 2618 3 96912433
1 0 1339 3 904541224
1 0 2479 1 911356237
1 0 327 2 970913990
1 1 2810 1 196558511
1 0 2525 3 452107782
1 0 332 3 468963829
1 0 2817 2 749733763
1 0 3870 3 970073445
1 1 2808 3 101240794
1 1 2086 1 476486076
1 0 1067 1 451575244
1 0 1865 2 952084556
1 1 1761 4 682341504
1 1 693 1 914736180
1 0 3945 2 988880497
2 3350 582
1 1 465 3 450243593
2 485 364
1 0 3147 4 538238682
2 3650 2889
1 0 3573 4 885414309
2 725 539
1 1 219 4 610357194
1 0 506 1 848755477
1 0 3498 1 90496313
1 1 703 4 283564287
1 1 2102 1 80557849
1 0 121 1 562284483
1 1 330 4 184104569
2 3330 1990
1 1 1211 1 672051708
1 1 3321 1 428086955
1 0 1209 2 316734369
2 1829 2678
1 0 1567 4 312703464
1 1 2599 3 479603512
1 0 3887 2 247758264
1 1 2585 2 364619804
1 0 1475 4 672750130
2 527 1151
1 1 3957 1 377302832
1 0 221 2 608678357
1 0 1495 1 547693527
2 1303 3807
1 1 761 4 976382231
1 1 3813 3 920102575
2 2111 2147
1 1 3282 2 368829751
1 0 3454 2 277651505
1 0 2980 4 90629189
1 1 2574 4 458990805
1 0 3128 1 786238124
1 1 4000 2 279009413
1 1 3981 4 814296140
2 1183 3611
1 0 1555 1 855043071
2 578 492
1 1 2412 1 602372463
1 0 1844 3 765429392
1 1 2917 3 748015199
1 0 895 1 986398705
1 1 357 3 639197877
1 0 773 3 426251194
1 1 435 2 745502404
2 2014 48
1 0 1293 2 475333920
1 0 3236 4 160447576
1 0 2980 4 306527180
1 1 2148 3 974644158
1 0 593 4 802125810
1 0 1773 2 697244947
1 0 3635 2 449416865
1 0 2908 3 663952581
1 1 3190 3 963593682
1 1 464 3 465334615
1 0 2542 4 148966256
1 1 1671 4 189379623
1 1 2699 4 334188773
1 0 2811 1 946346731
1 1 2993 3 913882841
1 1 3243 2 790545301
1 1 107 1 976071611
1 0 1045 1 333595613
1 1 3979 4 440999674
1 1 1546 2 817534853
1 1 1843 4 184345421
1 0 1568 2 549878144
1 1 3723 2 5267306
1 1 1758 3 245525988
1 0 1056 2 171713034
1 0 611 2 204630242
1 0 773 3 634381896
1 0 3887 3 28367952
2 729 2040
1 0 451 2 216984468
2 2002 523
1 0 2741 2 798608598
1 0 514 1 43679217
1 0 1035 1 957341109
1 1 1021 3 522956005
1 0 1847 2 600758407
1 1 2972 4 123183439
1 1 494 1 643501089
1 0 1917 4 116315924
1 0 2370 2 940555026
1 0 1365 3 616787607
2 1495 128
1 1 934 4 312251195
2 2954 2675
1 0 1022 4 96789648
1 0 1040 1 390947080
1 1 1628 2 929047249
2 3990 3227
1 0 750 1 170729987
2 3933 2024
1 1 3806 1 616280217
1 0 1500 4 147150567
1 1 3314 4 63218492
1 1 3908 3 823311130
1 1 2652 2 902960171
1 0 2258 3 979664996
1 1 2704 1 424857208
2 3558 2674
1 1 891 2 854615428
2 1006 2981
1 1 3564 3 295461004
1 1 539 1 807365769
1 1 1621 4 363342002
1 1 3859 4 394746186
2 3423 776
1 1 431 3 346993690
1 0 3681 3 69370216
1 1 3382 1 423233899
1 1 2978 3 973141441
1 0 2075 1 939767186
1 1 1785 4 406991372
2 1962 2661
2 3549 2802
1 1 2611 3 829525737
2 3930 3224
1 0 438 3 663653546
1 0 1653 3 623884912
1 0 3580 3 607786246
1 0 3069 2 131946277
2 2307 3554
1 0 121 2 919662016
1 0 2385 4 150013199
1 0 1207 2 349451718
1 0 536 1 47539669
1 0 3267 4 334141303
2 1092 1908
1 1 2614 3 351538500
1 1 2864 3 283404894
1 0 1580 4 574716675
1 0 2464 2 972483975
1 1 1310 2 460803416
1 0 1863 1 70116061
1 1 2948 4 734761481
1 1 393 3 441299477
1 1 955 2 412309204
2 621 2436
1 1 1409 3 51348761
1 0 551 2 679427560
1 1 1798 2 884422898
1 1 2915 2 885528212
1 0 2869 2 469183988
2 3778 232
1 0 2119 4 145192061
2 3765 730
1 0 720 4 702565885
1 1 3050 3 422027521
1 1 3009 4 332093993
1 0 1700 4 943125426
1 0 1760 4 581752418
1 1 1346 3 240563557
1 0 3733 3 530931685
1 1 1047 3 516916561
1 1 371 3 285823795
1 1 215 3 152027928
1 1 3481 3 230965452
1 1 1847 3 691795160
1 1 2650 4 420043110
2 1792 917
1 1 942 3 355430269
1 0 550 4 58236696
2 3472 862
1 0 1009 1 458807753
1 0 979 2 732500222
1 1 3693 3 924998528
1 1 3653 1 197215211
1 1 2791 4 206034963
1 1 471 1 566272569
1 1 3965 3 872139689
2 3069 3825
2 3425 1687
1 0 1822 1 548281232
1 1 2098 1 473810274
2 2368 1062
1 0 2854 3 923438201
1 1 861 3 180706699
1 1 153 2 130731546
1 1 3045 4 304493453
1 1 2568 4 805340498
1 0 1169 3 940347074
1 1 2827 3 394671902
1 0 746 1 263037183
1 1 974 3 136908890
2 227 2748
1 0 2150 2 325070639
1 0 2716 2 912307621
1 1 2346 3 99861749
1 0 3954 1 44912666
1 0 1792 4 999198281
1 0 436 2 690767486
1 1 1638 4 138840959
1 0 3475 3 300688371
1 0 197 4 538460984
1 1 1910 1 425910598
1 1 3771 4 646423437
1 0 3037 3 420879532
1 1 3329 2 228133767
1 0 934 3 743535358
2 1749 1850
1 1 2257 1 594786427
1 0 1318 3 823771863
1 1 3350 2 18751259
1 1 3948 1 88094101
1 0 1054 2 960280305
1 0 961 1 826097082
1 0 916 3 424637886
1 1 817 3 976406779
1 1 3131 3 221485216
1 1 706 3 507437881
1 0 2794 4 942240528
1 1 3341 2 198857904
1 1 1460 4 790619006
1 1 3857 1 857895440
1 1 686 4 806578503
2 1459 2340
1 0 360 1 962931477
2 2083 409
1 0 426 2 646455807
2 2668 2733
1 0 1105 2 899697346
2 2220 1355
1 0 661 2 475519183
2 1091 2435
1 1 3445 3 571910581
1 1 2649 2 736368124
1 1 3790 2 601972359
2 1072 3787
1 0 2555 1 738232279
1 1 2279 4 489392964
1 0 182 3 395235976
1 1 1876 1 944022385
2 1234 1316
1 0 2750 1 744896806
2 2992 1964
2 3908 2314
1 1 1526 4 136496329
1 1 3175 4 339805066
1 0 2304 3 110294834
1 0 370 2 447176255
1 0 341 3 842940751
2 2719 975
1 0 2804 2 480785220
1 0 1441 4 107218999
1 1 2145 1 217989945
1 0 2964 4 224878563
1 0 1620 4 537909793
1 1 140 3 894192221
1 1 3098 2 989773098
1 0 398 2 428856749
1 0 2422 4 506172918
1 1 3678 4 354066861
1 0 855 2 622816920
1 0 257 2 47375417
1 0 531 1 18594708
2 2295 479
1 0 509 2 397335311
1 1 1270 4 292080509
1 0 1003 2 809219840
1 1 727 4 563936557
1 0 3400 2 541717823
1 0 236 1 416423488
1 1 3185 2 322120609
1 0 3970 3 360239589
1 1 3954 3 701408115
1 0 1433 1 412799237
1 0 1713 4 632719041
2 3654 1650
1 1 246 4 256541397
1 0 2582 1 89530860
1 1 2542 4 262612648
1 0 3252 1 752045163
1 0 1089 2 381488073
1 0 1312 3 807339175
1 1 613 2 521440885
2 134 893
1 0 619 1 72879774
1 1 2770 1 957856883
1 1 1460 1 452512213
1 0 304 3 264542096
1 0 3735 3 449294783
2 1213 2872
2 1782 508
2 424 1683
2 2762 241
1 0 2764 4 660328491
2 1322 1973
1 1 2109 1 232721514
1 1 600 4 321431914
1 0 445 4 718045860
1 1 3711 4 691095146
1 1 1671 4 221920325
1 0 2029 2 153938742
1 0 1385 3 26611904
1 1 1199 4 464702208
1 0 2871 3 634495505
2 3640 3792
1 1 2404 4 548880942
1 0 2861 2 559691632
1 0 576 2 623312955
2 3033 1620
1 0 2293 1 85249127
1 1 1191 4 194285456
1 1 876 4 846196765
1 0 3821 2 767700675
1 1 3110 2 718667883
1 1 2033 3 781746610
1 0 3632 1 146168224
2 3329 3326
1 1 2236 1 900164973
1 0 211 3 853443035
2 72 1473
1 0 3626 2 794612356
1 1 3765 4 259380565
2 3153 68
1 1 1436 1 848571247
1 1 245 3 964498611
1 1 2130 4 633268458
2 3266 787
1 0 330 4 7923944
1 0 3038 3 459995527
2 1879 1229
1 0 3357 1 529006023
2 1103 2131
2 1248 961
1 1 1321 1 718896076
1 0 3261 4 629563104
1 1 3652 3 932262852
1 1 2586 4 647257141
1 1 2187 4 252636468
1 0 943 2 961735821
1 0 2859 2 131023263
2 3064 2701
1 0 1270 2 144859805
1 0 1244 1 751073350
1 1 1839 1 958026507
1 0 3834 3 626001991
1 1 927 1 748747616
1 1 1657 3 700421705
1 1 1080 4 428818018
2 3905 2288
1 0 3387 2 122390843
1 1 2358 1 970112053
1 1 949 3 629985545
1 0 893 2 650962448
1 1 2348 4 402499461
1 0 2695 2 747601946
1 0 2976 2 645364529
1 0 939 2 271646226
1 0 733 2 409723664
1 1 3564 3 746791883
1 1 2748 4 153752824
1 1 1823 3 889790338
2 1674 551
1 0 3221 3 515710336
1 1 851 1 850375065
1 0 1930 4 551015377
2 74 3851
1 0 729 1 661360435
2 2310 1503
2 1120 3129
2 2338 3437
1 1 3299 2 197641244
1 0 2893 4 551089746
1 1 167 3 704971705
2 3705 82
1 0 1106 3 88590913
1 1 238 3 700528680
1 0 3570 3 703146040
1 0 2271 3 492939111
1 0 469 3 476858304
1 1 3530 1 70454758
1 0 998 3 782795558
1 0 690 1 377507023
1 1 1588 1 277143877
1 0 1130 4 262251219
1 0 1831 1 952356679
1 0 2977 3 926127824
2 2166 3494
1 0 3231 2 701198392
1 0 2208 1 122162116
1 0 2803 4 189587300
1 0 1499 1 477348893
1 0 2845 1 237001487
1 0 3459 1 552321590
1 0 1698 4 756862535
1 1 874 4 945642329
2 1649 288
1 0 2162 1 139051543
1 1 2258 3 606671305
1 1 3590 1 323069561
2 1075 1891
1 1 1753 4 315547035
1 0 473 4 472761181
1 1 586 1 816175233
1 1 3109 4 298377162
1 0 425 4 678288388
1 0 2734 4 768576542
2 2024 3108
1 0 1162 3 834007228
1 1 633 2 497925004
1 0 2385 2 777926466
1 0 234 2 600884271
1 1 3083 2 196230762
1 0 2838 2 384403039
2 2893 1042
1 0 482 3 805039629
1 1 2111 1 777275965
1 1 3027 3 544343098
1 1 2821 2 330519301
2 3281 2857
1 1 3090 2 203448347
2 2338 1460
1 0 188 3 242526710
1 0 2094 1 728147542
2 1078 1979
1 0 3276 4 574325972
1 1 434 2 971661153
1 0 2196 1 964570561
1 1 1865 3 852044335
2 2937 2241
1 1 3704 2 214384302
1 1 1588 2 88130375
1 1 1386 2 139623032
1 1 824 4 492830560
1 0 2845 2 208877066
1 1 1498 1 110524079
1 1 1482 2 444508003
1 1 2314 2 28850300
1 0 1040 1 722590504
2 3481 2731
1 0 1516 3 366834137
1 0 2372 1 235951457
1 0 3901 4 825462184
1 1 1580 3 459862841
1 0 2142 4 29322999
1 0 3068 2 260347371
1 0 2226 1 6197715
1 1 1430 1 19655928
1 1 3022 4 148298452
2 2840 1612
1 0 3222 1 941833619
1 0 1088 3 606318349
1 1 740 3 723712640
1 1 319 4 893995020
1 1 148 3 832093309
1 0 825 3 610139194
1 1 640 4 465730955
2 2447 2252
2 2295 401
1 0 2521 2 375657579
1 0 3919 3 255384270
2 2154 3294
1 1 1600 4 103241652
1 1 2307 2 698406570
1 0 2816 2 481723310
1 0 2595 1 747914459
2 579 3490
1 0 56 1 972359221
1 1 1441 4 480105922
2 968 1522
1 1 3682 2 660714988
1 1 2444 3 851134587
1 1 3418 3 462051703
2 1483 3884
1 0 247 1 59923004
2 2354 3791
1 0 1199 1 851472188
2 1750 1045
1 0 1812 1 920978155
1 0 25 2 53267411
1 0 1968 4 298056967
1 1 1228 3 726440935
1 1 103 1 219941340
2 3528 2807
1 1 1695 4 852601583
2 2063 95
1 0 2582 1 593899170
1 1 550 1 894520557
1 1 84 4 560220544
1 0 175 4 476014254
1 1 2005 3 226700122
1 1 848 3 415623434
1 0 3230 1 945925210
2 3272 329
1 1 687 1 950566264
1 0 2569 1 615092920
1 1 3426 1 656408186
1 0 2779 3 631358612
1 1 3467 2 604033854
1 1 255 4 946099685
1 0 1244 3 482453429
1 1 3645 2 144552339
1 0 3881 2 251988953
2 2202 3730
1 0 3029 1 558469680
1 1 1556 3 301080033
1 1 3549 3 82907647
1 0 39 4 931335691
2 1030 2981
2 2964 1729
1 1 333 4 577863641
1 1 1514 4 824763010
2 989 1596
1 1 2442 1 43814370
1 1 2455 4 352388675
1 1 3345 3 452949964
1 1 3211 3 609010270
1 0 2943 4 341084265
1 0 419 1 808492436
1 0 2583 1 545958064
1 0 63 3 568521211
1 0 3186 1 85352338
1 1 2439 4 69436138
1 0 3716 1 691178326
2 2632 2554
2 183 2128
1 1 209 1 187109933
1 1 3486 1 124399035
2 2773 952
1 1 863 1 562881349
1 1 1618 3 899062145
2 2795 168
1 1 1384 1 884244787
2 3802 840
1 0 2468 1 31413738
1 1 883 4 929677599
1 1 1439 2 941483441
1 0 867 4 268629670
1 1 1153 4 639746157
1 1 2367 3 342160179
1 0 2450 1 748114960
1 0 1466 3 649642954
2 1539 78
1 0 1053 1 317551189
1 0 2415 2 299007964
2 3083 1775
1 1 1672 2 9315749
2 1866 1168
1 0 3838 1 873437277
1 0 3327 4 377466791
2 904 2392
1 0 1042 4 296621575
1 1 3475 4 80087411
1 1 2523 3 29904449
1 1 263 1 532096838
2 3124 1354
1 0 860 4 809271993
1 0 1654 2 600065472
1 0 584 1 824521337
1 0 165 1 26677113
2 1326 2754
1 1 207 3 843537675
1 0 2079 1 775582290
2 1419 2760
1 0 995 2 715404789
2 1245 2398
1 0 382 3 839313562
2 1266 3377
2 2524 2305
1 0 3724 3 689125478
1 1 2162 2 956099425
1 1 2073 1 792783085
1 0 1036 4 561647305
1 0 3525 1 406613816
1 0 3083 4 597156285
1 1 2152 2 319212374
1 1 3169 4 451567517
1 1 1466 2 777795121
1 1 34 2 712169007
1 0 121 4 606019224
1 0 3024 2 421441241
1 0 840 3 450957571
1 0 392 4 571657401
1 1 1449 3 894735022
2 3383 1548
1 1 2472 3 317293355
1 0 3840 4 730709299
1 0 1241 2 788406788
1 0 1172 3 690271390
1 1 1651 1 983639424
1 0 1450 2 157309344
2 1460 2872
1 0 1213 2 119028863
1 0 43 4 108938530
1 1 1896 3 189331396
1 1 2816 2 735224735
2 1211 2610
1 0 3790 2 308159848
2 2741 3966
1 0 3158 4 942672095
1 0 1168 4 968669940
1 1 2765 1 843230909
1 1 1731 2 782256408
1 0 2262 2 734161931
1 0 2044 3 690845869
1 0 3439 1 870908275
2 3382 3032
2 3732 3755
1 0 442 4 216663231
1 1 350 3 367297342
1 0 1354 2 276588931
1 0 3821 4 221582949
1 1 3129 3 857769745
1 1 1049 4 707569349
1 0 1737 4 2262496
1 1 652 1 135409000
2 1806 3524
1 1 1417 4 317070627
1 1 2402 4 502132750
1 1 2060 2 771937301
1 0 210 1 285589395
1 1 2185 4 99332304
1 1 329 1 999579165
2 1731 76
1 1 1189 4 781597580
1 1 535 4 536284238
1 1 3950 3 716313134
1 0 3185 4 500245584
1 0 2245 4 640855976
1 0 1368 4 430811139
1 0 3477 1 645242415
1 0 2551 2 355643102
1 0 73 2 465228811
2 1248 3726
1 0 738 3 899460490
1 0 171 2 847624135
1 1 2292 3 571139395
1 1 3032 2 925587311
2 831 3360
1 1 3755 4 461733470
1 1 3004 4 162930665
1 1 425 1 928124095
1 1 1752 4 697428101
1 1 580 3 144375982
2 871 250
1 0 3993 1 626009007
1 1 3487 3 843223500
1 1 689 2 459566434
1 0 1216 4 870094395
1 0 3504 3 80126492
1 1 853 4 825707974
2 3187 3805
2 2728 213
1 1 2205 2 178939896
1 1 517 1 353013819
2 2807 400
1 1 2251 1 696945096
1 1 2560 3 285504651
1 0 2768 3 323879508
1 0 1269 3 989647780
1 1 1193 1 322572498
2 2606 3240
1 1 3962 4 210041564
2 3725 1746
1 1 1136 3 913710666
2 3367 2504
1 0 763 2 496317734
2 163 2311
2 3581 1062
1 1 1145 2 546373686
2 356 1240
1 1 1519 1 566352661
1 0 210 1 324034929
1 1 2094 4 815068399
1 1 2428 2 375131794
1 1 589 2 892581724
1 1 3777 4 87309348
1 1 170 1 854408528
2 3772 3474
1 1 648 4 241960015
1 0 2929 3 524241189
2 1962 1724
1 0 2600 3 259370922
2 3621 1639
1 1 3373 1 635447503
1 1 2985 1 347632757
1 0 2095 3 86954147
1 1 949 2 517290261
1 0 3845 2 220128020
1 0 354 4 599385276
1 0 2988 2 155060953
1 0 3092 1 740916506
1 1 3138 3 128079293
1 0 3655 2 242678403
1 1 2137 3 551058789
1 0 3074 3 467497586
1 0 439 2 842295064
1 0 3678 3 60845143
1 0 2657 2 54581046
1 1 1105 2 498599655
1 0 3231 3 629698795
1 0 3181 2 3757533
1 1 1159 3 212867289
2 3515 3314
1 1 1654 3 522477474
1 1 3366 1 228234571
2 1109 1647
1 0 2759 4 956053648
1 1 1357 4 876208815
2 2323 447
2 3439 3148
1 1 2925 1 443247702
1 0 893 4 530171283
2 2502 3693
1 1 3949 3 516920859
1 0 806 2 908619587
1 0 3810 4 948322217
1 0 3275 1 119147737
1 1 173 1 856898376
1 1 3909 3 959123783
1 0 3759 1 509559395
1 1 680 2 35585432
1 1 3694 3 319743968
2 2633 3327
1 1 3693 3 567648070
1 1 3154 1 25302220
2 1067 2963
1 0 2785 4 815096401
1 1 1924 1 701370369
1 0 2109 3 285640806
1 1 366 2 109081465
1 1 361 2 269638147
1 0 3805 4 724210882
2 1402 1017
1 0 1515 4 681917323
2 1019 1749
1 0 496 3 294826051
2 2853 834
1 0 240 2 200559815
1 1 1216 3 495041323
1 0 3120 1 688838222
1 0 1215 2 560258643
1 1 3048 4 213807349
1 1 2913 1 696975876
1 0 556 3 909446191
1 1 1169 4 300133249
1 1 1095 4 128426987
1 1 3598 3 97275652
1 0 1285 3 946166710
1 1 3771 2 389416095
1 1 2500 3 921490261
1 0 1953 2 652864389
1 1 907 4 947681582
1 0 947 3 514133253
1 0 1263 4 93601809
1 0 1840 4 381852665
1 1 2241 2 143455422
1 0 2716 3 260703175
2 2170 862
1 0 685 1 353987500
2 1352 3925
2 376 1108
1 1 2881 1 878953692
1 1 2985 4 43557814
1 0 1804 2 467275141
2 1529 160
1 1 2756 3 314309654
2 1163 759
1 1 1636 4 344822002
1 0 3873 2 98356337
1 1 1157 2 83861034
1 1 2309 3 418789804
1 1 3646 3 462109435
1 0 1098 1 715438528
1 0 2916 4 569193702
2 1754 1538
2 133 737
1 0 2059 2 241601592
2 821 1542
1 1 3831 1 505903748
2 3166 3988
1 0 864 4 270538945
2 657 2881
1 0 1276 2 564956467
2 1076 3935
1 0 3358 1 819958845
1 0 2161 4 878750227
1 1 428 1 756502489
1 1 1575 2 485683613
2 1855 3644
1 1 433 4 981397565
1 0 1540 3 645455471
1 0 1644 2 654236734
1 0 19 3 292668321
1 0 421 4 95943118
1 0 435 2 246752806
1 0 1291 1 458614033
2 2485 35
1 1 2690 2 352033904
1 0 1708 1 310028663
1 0 1914 1 606027208
1 0 3861 4 705107350
2 3005 2500
2 2958 1376
1 0 3605 1 291399497
1 1 3668 2 691392906
2 80 1245
1 1 3345 3 281170303
1 1 821 1 812690968
1 1 2635 3 405214223
2 823 3958
1 1 3017 2 582150643
1 1 1190 1 540509722
1 0 902 4 527102235
1 1 3343 4 923230689
1 1 3491 3 936881090
1 1 3114 1 754274109
2 1414 1802
2 3489 353
1 1 22 4 728678585
1 1 329 1 48166946
1 1 3516 4 473871837
1 0 2929 4 89465243
1 1 3673 3 427818447
1 1 3095 4 710736186
1 0 2206 3 288811312
1 1 2746 3 360915651
2 598 2277
1 1 2368 3 781523175
2 346 23
1 1 435 4 127667698
1 0 3083 3 372013882
1 0 700 3 864397659
1 0 2357 1 426269552
1 1 3503 3 468578428
1 1 930 4 211985619
1 0 2991 1 816045282
2 2796 3690
1 0 3298 1 816902872
1 1 306 1 351170934
1 1 3565 4 697066172
1 0 1210 3 235210330
1 1 770 3 274639145
2 33 3533
1 1 3799 2 176927741
1 0 3491 3 813496105
2 1513 3584
1 1 2232 4 197053542
1 0 2729 4 35943325
1 0 2237 1 956622131
1 1 2479 2 432905641
2 1236 990
1 0 1834 4 703884842
1 0 1645 4 166965476
1 0 1645 4 419458068
1 1 2135 2 999023681
1 1 2288 4 307342207
2 2086 741
1 1 2413 3 562994228
2 3415 211
1 0 3186 3 550166267
2 3773 648
2 2374 2816
1 1 2103 3 220041823
1 0 3990 1 875801177
1 1 2284 4 976941730
1 0 358 2 338258389
1 1 1759 2 725649787
1 1 2230 4 348646548
2 1090 2941
1 1 669 4 695802350
2 1177 755
1 1 3516 2 807712099
1 1 2609 1 166706787
1 1 3910 4 441780503
1 0 1020 2 837532745
1 0 2600 4 892734266
2 1141 2251
2 3194 2957
1 1 2241 1 677839776
1 1 3465 3 98555984
2 1814 3011
1 1 2857 4 362410524
1 0 2369 4 363930129
2 427 2735
1 0 2431 1 998038663
1 0 1885 3 944951377
1 1 2470 1 298661647
1 0 541 1 38707896
1 0 2461 2 643678410
1 1 3098 2 786975030
1 0 547 4 507793473
1 0 1129 1 907321709
1 0 1913 3 882071722
1 0 1090 1 778032876
1 0 1009 1 276224991
1 0 2387 2 640321960
1 1 315 1 888324161
1 1 1937 2 511141435
1 1 138 3 176432309
1 1 2030 4 18198941
1 0 3502 4 521870426
2 2217 1475
1 1 3424 1 654156086
2 235 2187
1 1 903 1 550360125
1 0 584 1 542448320
1 1 1814 1 694970843
1 0 3511 2 540957146
1 1 2833 2 625560673
1 0 599 4 524106490
1 0 2281 1 607572538
2 1591 1678
1 1 2779 1 16969442
1 0 3339 1 747652677
1 0 1694 2 252912728
1 0 656 4 694170292
1 1 155 4 8093745
1 1 2064 2 365653594
1 1 1821 4 37470314
1 0 1026 1 257311893
1 1 528 2 888047007
1 0 288 2 157685495
1 1 1396 4 592268604
1 1 3951 3 891466243
1 0 641 3 72689600
1 1 2018 3 759686251
1 1 2901 4 855838969
1 0 3201 4 900941723
1 1 3483 4 538349148
1 0 2458 2 239852318
1 0 987 4 190259527
1 0 2124 1 665149970
1 0 1542 1 262935233
1 1 1945 4 172515549
1 0 606 3 868017719
1 0 929 4 585854192
2 1731 1620
2 1938 2163
1 1 498 3 632317107
1 1 2224 4 572379634
1 1 2077 1 148760900
1 0 3054 3 166361660
1 0 1446 2 117592876
1 0 2443 1 80277432
1 0 2183 1 965618556
2 1358 2657
1 0 1794 1 207673310
2 2243 3009
1 1 2919 2 604858902
1 0 2705 3 964309723
1 0 585 2 475632426
1 0 3151 2 711811968
1 0 3468 2 441364376
1 1 1783 3 932297311
1 0 3762 2 656288825
1 0 2195 4 303218703
1 1 362 3 406841870
1 0 3055 2 314663789
2 671 3822
1 1 2823 3 156367142
1 1 519 3 818701441
1 1 1942 2 249955390
2 1877 463
1 0 2669 4 904393600
2 598 875
1 1 1452 4 885778330
1 1 2370 2 48532173
1 1 784 3 940291246
1 1 3605 4 281213703
1 0 2026 4 450784409
1 1 1309 4 549155292
1 0 2043 2 765529777
1 1 1967 1 110137546
1 0 2108 2 950297585
1 1 1120 1 5916846
2 3953 2725
1 0 137 4 76534796
1 0 47 3 497892977
1 0 2233 4 72579206
1 1 2388 1 811800616
1 0 817 2 669337759
2 1993 3471
1 1 1195 4 61598566
1 0 2126 3 820751685
1 0 3624 1 149908060
1 1 3991 2 673046682
2 3809 1023
1 1 3112 2 654757371
1 0 2874 3 245996312
1 0 1345 3 488179324
1 1 1580 4 242359775
1 0 218 4 378050527
1 1 635 1 900494907
1 1 1763 1 813845918
1 0 486 2 100137738
1 1 1756 3 458118117
1 0 1337 2 899858658
2 400 3979
1 0 1349 3 165216731
1 0 2907 1 298297413
1 0 1253 4 358853901
1 1 1162 1 766476944
1 1 3776 4 848152614
1 1 3424 3 892912924
1 1 1226 1 518159895
1 0 2832 4 474402139
1 0 2168 2 424083328
1 0 1703 2 138920733
1 1 2587 2 932132002
2 2980 3832
1 1 436 2 733899321
2 3980 2884
1 1 3950 3 462480892
1 0 1878 2 626157503
1 1 1464 1 352610968
1 0 2141 3 445483817
1 1 2145 2 875151119
2 3389 945
1 1 2645 2 649378961
2 2810 2193
1 0 2916 1 567917560
1 1 1723 4 328207896
1 1 242 3 199980447
1 0 436 3 690813871
1 1 3495 2 825654429
2 3843 1675
1 1 3833 4 158130030
2 1840 3640
2 3001 2776
2 1373 1335
1 0 561 2 545228392
2 1094 3296
2 1567 2251
1 0 3609 1 396836132
1 1 3137 3 130573717
2 457 1019
1 1 2649 4 638914435
2 2143 1329
1 0 2034 4 485255130
1 0 798 4 110629808
1 0 2791 3 1533981
1 1 3829 4 874141193
1 1 1738 1 216069589
1 1 2618 4 404057782
1 1 508 4 815528516
1 1 3892 2 533900062
1 0 2937 4 976752716
1 0 3682 2 325705824
1 1 3889 4 158102668
1 1 3674 2 914197177
2 2384 240
1 1 911 1 616567323
1 0 1833 4 864135714
1 0 2154 1 290826766
1 1 531 3 350590151
1 0 1770 4 585045488
1 0 3771 1 799218891
1 1 782 2 409437815
1 1 2631 4 956524559
2 608 2799
1 1 3485 3 381403421
1 0 1323 3 148348418
1 1 2996 4 486309617
1 0 983 3 784890500
1 1 349 4 216870216
2 3962 3194
2 3314 2018
1 0 141 2 885260800
1 1 2979 2 345647272
1 0 972 1 526210003
1 1 3042 3 619484727
1 1 2453 2 802649864
2 709 2160
1 1 3688 1 516138496
1 0 170 3 595890185
1 0 2912 1 906834528
1 1 2154 4 217704563
1 0 1960 4 196141649
1 0 2291 2 933031162
1 0 3764 2 856193639
1 1 2399 2 283793823
2 953 434
1 1 3646 2 330207765
1 1 2254 2 536168457
1 1 3048 3 244035135
1 0 3341 2 429260352
1 0 1770 2 453001258
1 0 1761 2 300073050
1 0 2854 2 561262812
1 1 3698 4 772521101
1 1 3452 3 352987201
2 541 3768
1 0 2348 2 872681090
1 0 2808 2 874670909
2 436 3761
1 0 2891 4 125094262
2 1510 1746
1 0 122 2 442256821
1 0 459 4 107049217
2 3198 1259
1 1 572 4 856959981
1 0 3596 1 306480785
2 1742 3460
1 0 3047 4 780617449
1 1 2856 4 520152354
1 0 1922 1 946232601
1 0 3383 1 369491565
1 0 1354 4 814415581
1 1 2673 2 556174174
1 0 1781 3 494080934
1 0 3393 4 660611181
1 0 1094 4 992584766
1 1 2289 3 370897352
1 1 1475 4 546025487
1 0 907 3 602791512
1 1 248 2 985575202
1 1 3318 2 645985613
1 0 1799 3 518320413
1 0 3723 4 910779754
1 1 2297 4 567957711
1 0 3973 2 531579136
1 0 2241 2 251742913
2 769 1210
1 1 973 4 521526697
1 0 3634 2 834854113
1 0 3185 1 496237145
1 0 2212 4 642910624
1 0 3247 3 614278240
1 1 1580 2 623311755
2 689 828
2 3826 3487
1 1 2590 2 162140778
1 0 1501 3 102083439
1 0 890 3 180916094
1 1 2402 4 145984815
1 0 2598 3 896659108
2 1734 1968
1 0 1468 2 838309301
1 1 1731 4 490737521
1 0 2135 2 307138998
2 1040 3998
1 0 1006 2 478274418
1 0 1351 2 210639372
1 1 1186 3 397773232
1 0 1566 3 533466221
1 0 2260 4 834435958
1 1 3427 2 646227166
1 1 1605 1 671811215
1 0 1818 1 67637263
1 1 1198 3 302467268
1 0 3304 2 520286930
1 1 3753 3 580017379
1 1 593 2 119138128
2 361 387
1 1 276 2 820952065
1 1 638 1 741439527
2 1066 3080
1 1 3900 1 116986041
1 1 369 1 203640502
2 2925 2861
2 2972 2901
1 1 531 4 471026570
2 1055 1332
1 1 511 1 599163253
1 0 2550 3 722498657
1 0 3561 1 934906144
1 0 1104 3 53892920
2 2579 3633
1 1 1547 3 274513907
2 1029 1324
1 1 2325 3 378310317
1 1 3700 1 780637273
1 0 992 4 929870537
1 1 784 1 897798935
1 1 2474 3 12156736
1 1 2715 1 26603303
1 0 913 3 939804932
1 0 1338 2 268470397
1 0 3620 1 810620873
1 1 2934 4 756091837
1 0 1436 3 419345816
1 1 881 1 236997300
2 279 2920
1 0 2525 1 36043025
1 1 664 2 991072217
1 0 1617 4 835046566
1 1 1539 2 878949818
1 0 1328 2 903026008
1 1 3416 2 926121889
2 2867 1149
2 843 274
1 1 696 1 764848064
2 749 803
1 0 3554 1 687494953
1 0 3700 1 64463292
1 0 3013 3 263139077
1 1 1517 2 953593465
1 0 2292 4 666114883
2 3206 2011
1 0 1794 2 602514147
1 1 3137 4 229020111
2 3657 1115
1 1 3028 2 875448880
1 1 3815 4 729891218
1 0 282 2 711704026
1 0 517 4 375348888
2 2390 975
1 1 2160 2 976042888
2 930 1341
1 1 3993 3 198088568
1 0 811 2 921285641
1 0 1638 2 188326338
1 0 1638 4 847455496
1 0 1077 2 898942052
1 1 3200 3 382284057
1 1 615 1 533776349
1 1 2652 1 389424772
1 0 1236 2 378750108
2 14 2563
1 1 3126 3 816935968
1 0 542 4 370123342
1 0 173 4 949246310
1 0 661 4 620267452
1 1 1916 2 700694780
1 1 3295 3 414939405
2 2211 1185
2 1818 971
1 0 1192 4 623288040
1 1 3739 2 889065068
1 1 115 3 873153524
1 1 1178 2 429930288
1 0 797 1 804051029
1 0 1584 1 933203336
1 0 1846 2 146088650
1 0 1958 1 25175368
1 1 1956 4 209469005
1 0 1051 4 865888092
1 1 1911 3 130546362
1 0 3990 2 724246589
1 0 751 1 534376716
1 0 269 4 935319903
1 0 2883 3 996539868
1 1 620 4 265044843
1 0 2314 2 566076562
1 0 2937 4 13985923
1 0 2116 3 178827898
1 0 1166 4 626183011
1 1 161 3 360680567
1 1 3465 1 325150745
1 1 750 4 739522357
1 0 2180 2 734062299
1 0 3660 2 334403697
1 0 2909 2 15364873
2 908 904
1 0 1542 2 773371789
1 0 2055 4 251674457
1 0 2956 2 104023443
1 1 450 4 666537124
1 1 1374 2 836634571
1 1 1925 3 49382634
1 1 3932 3 933825894
1 1 337 1 530920288
1 1 1096 4 756239417
2 2760 920
1 1 1614 2 913997974
1 1 79 3 498636725
1 0 836 4 11637332
2 2612 1760
1 0 1357 3 834204420
1 1 558 1 424428346
2 81 3748
2 2893 53
1 0 2560 3 409910828
2 701 1807
1 1 1329 2 434960860
1 1 1725 1 696609219
2 807 3648
2 898 1336
2 1503 3209
1 0 293 4 34981679
1 0 2822 4 622255753
1 0 1217 2 133015618
2 3189 3917
1 0 2596 3 936784432
1 0 1536 3 78405561
1 1 2625 1 11791530
2 2314 824
1 1 1814 1 538646115
2 2832 1002
1 1 1149 2 28346625
1 0 3086 2 153583330
1 0 62 3 194820594
2 1044 1907
1 1 1549 4 740932607
2 3440 3381
1 1 1392 2 385872616
2 2564 3919
1 1 3182 1 610242232
1 0 2392 2 763695785
1 1 735 3 283196763
2 927 1461
1 1 3888 3 123987358
2 3514 1206
1 1 2613 2 123893031
1 0 1237 1 731396817
1 1 1421 4 44850328
1 0 2500 2 458461886
1 0 2111 1 341011786
1 1 1221 1 646922069
1 1 2285 3 476477264
1 1 1229 3 668763236
2 3211 1353
1 0 2812 4 532494147
1 1 3964 4 182664053
1 0 3532 1 623783903
1 0 497 4 658547078
1 0 3410 1 367816680
1 0 398 4 424119152
2 1800 3642
1 0 771 2 975870923
1 1 3374 4 849534505
1 1 3753 4 90356420
1 1 1492 3 98564603
1 0 592 4 565816211
1 1 82 1 139266832
1 0 869 1 84679911
1 1 3268 2 725819995
1 1 1176 4 924773243
1 0 722 2 174615635
1 1 444 3 562820673
1 1 2812 4 210109598
2 2394 337
1 0 3751 3 446044139
1 0 976 4 210501652
1 1 3984 2 219859463
1 0 3966 4 584107132
1 1 1302 1 475514810
1 0 3008 2 505795371
1 1 3117 2 751450133
1 1 3860 4 634726527
1 1 3021 3 538193165
1 0 1930 3 989298907
2 413 929
1 0 1520 4 729326775
1 0 778 2 880546620
1 1 1969 4 349111580
2 46 1877
1 0 2294 3 127875770
1 1 1547 2 285789347
1 1 2860 2 397117627
2 999 478
1 0 869 3 794131866
1 1 3965 4 515922714
1 1 3714 4 10477353
2 1049 2468
1 1 3691 2 1853676
1 0 2160 2 924808912
1 0 2320 3 570121017
1 0 1853 1 998741553
1 0 1695 4 423446585
1 0 2808 3 646341816
1 0 2693 2 630016720
1 0 868 4 919964633
1 0 1623 1 707183772
1 0 3773 2 993909311
1 0 615 2 408921938
2 3299 307
2 1846 2587
1 1 274 3 41725715
1 1 1098 1 130020317
1 1 185 4 199918779
1 1 1776 1 660337283
1 0 3958 2 396996922
1 1 2723 1 529307983
1 1 355 3 574373298
1 0 3345 2 834208157
1 1 1779 2 40804150
1 1 2111 2 944999594
1 1 2690 1 267317650
2 3881 2320
1 0 1876 4 666130068
1 0 134 1 34538623
1 1 3695 3 580119730
1 1 3826 2 834791789
2 1661 2976
1 0 2129 3 327013890
1 0 3838 2 410822717
1 0 3402 1 170587653
1 0 3488 1 285585598
1 0 509 2 541154586
1 1 3487 3 701080522
1 0 2469 4 614496838
1 0 1835 3 809497135
1 0 729 2 380591297
2 1375 2350
1 1 1586 2 254804777
1 0 2483 2 205717147
2 2387 1856
1 1 1967 1 217755905
2 2656 3775
1 0 729 3 641380326
2 648 3205
1 0 67 2 565006308
1 1 3342 1 963787028
2 2340 3326
1 0 1960 3 524025352
1 1 3431 1 928955702
1 0 3228 3 77724362
1 0 1848 1 318614544
2 3283 1546
1 0 699 1 164002738
2 2887 3926
1 0 2576 2 867714420
2 495 2713
1 0 863 4 203411867
1 0 198 1 734223077
1 1 1581 4 92585386
1 1 1278 1 506937288
1 1 494 2 433927241
1 0 1559 1 159558054
1 0 3597 4 492408402
1 1 2996 3 888878759
1 1 372 4 994294437
1 1 3017 4 378384277
1 1 2691 3 842500026
1 1 951 4 169345904
1 1 1013 2 932430572
1 0 1522 3 570839386
1 0 2648 3 480934584
2 2184 3126
1 1 1864 2 640529213
1 0 1187 4 344200382
1 0 2011 1 100246387
1 1 205 3 366690530
1 0 599 1 927382957
1 1 2260 4 669854366
1 1 2383 4 480289154
2 1622 2256
2 2059 3352
2 942 611
1 1 3809 1 775088026
2 545 1451
1 0 2580 3 744777411
2 3300 3113
1 0 1705 3 160708335
1 1 1132 3 466621062
1 1 522 1 423656561
1 0 2925 2 114913866
1 0 79 4 146525675
2 3726 1896
2 2878 2632
1 0 3583 3 128178041
1 0 3624 3 124378219
1 0 2632 4 723973099
1 1 1047 1 685470441
2 1391 1501
2 1918 1065
1 1 2506 3 373629521
1 1 778 4 717905473
2 1497 2719
1 1 2946 2 344359215
2 1091 3320
2 3980 3596
1 0 2274 1 946886364
1 1 2204 3 448436861
1 0 744 1 429264505
2 380 983
1 0 2419 2 102359733
1 1 3387 2 473256681
1 0 3590 2 317805203
2 1887 3413
1 0 2875 1 611706971
1 1 2161 2 750519601
1 1 945 3 311084138
1 0 2896 2 666148180
1 0 3948 3 951959205
1 1 1303 4 114521733
1 1 2237 2 823764061
1 0 2281 2 703902632
1 0 3544 3 135383848
1 1 3253 4 979695360
1 1 1373 2 552323148
1 0 2699 4 22201996
1 1 2290 4 935269216
1 0 3552 2 234318044
1 0 374 2 305803507
1 0 3874 1 56310263
1 0 5 1 615430374
1 0 860 2 711027588
1 1 1340 4 154374744
2 2296 1667
1 1 2274 4 811530462
2 1630 1671
1 0 158 2 817923405
1 0 202 3 638608234
1 0 1483 2 716300035
1 1 1580 1 456893624
1 1 855 1 310285494
1 0 2030 4 888957302
1 1 2963 3 511054942
1 0 3882 4 226394578
1 0 2740 1 263896475
1 1 2047 3 231446609
1 0 3144 1 100742702
1 0 168 4 21268603
1 1 1457 3 394710699
1 1 1261 1 475386199
1 0 1811 1 258461399
1 1 3132 3 349616383
1 1 786 4 929190945
1 0 1941 1 203020045
1 1 2035 3 573138363
1 0 2135 4 554517419
1 0 8 1 378745604
2 397 1969
1 1 2860 2 612872425
1 1 2558 4 660714574
1 1 3924 4 861193136
1 1 1285 3 138508005
2 1923 2887
1 1 2125 2 650920478
1 0 3161 2 909330760
1 1 2442 3 782147955
1 1 2384 3 498358103
1 0 3238 3 5138397
1 0 1411 2 225647929
1 0 2807 1 32478650
1 0 919 1 755528209
1 1 855 3 432856624
2 2429 3281
1 0 1891 3 308371094
2 1967 3502
1 0 2595 3 960005913
1 0 2348 4 948008344
1 0 739 4 933116794
1 1 984 4 550320632
2 3576 927
1 0 999 2 661962070
1 1 3727 1 828015880
1 1 639 1 654972216
1 0 790 1 585915287
1 0 3221 2 792552002
1 0 3699 1 30696927
2 382 1227
1 1 3576 2 198371482
1 0 150 1 65747675
1 1 3271 4 50992382
1 0 2454 1 431751059
1 0 724 2 395778360
2 3234 2860
2 2491 3598
1 1 3843 3 344226468
1 1 968 4 309971208
1 0 3509 4 557879005
1 1 847 2 995099000
1 1 426 3 605740400
1 1 660 3 62664085
1 1 90 2 717984134
1 0 2092 4 231697501
1 0 1292 2 963317043
1 0 858 4 83705887
2 3264 703
1 0 3015 1 255652861
2 1736 2752
1 0 3189 3 435462230
1 1 1430 1 336103872
1 0 1574 2 111732061
2 1396 2850
1 0 819 1 566054210
1 1 2943 3 804607121
1 0 3108 3 76227281
2 996 1113
2 1787 1394
1 0 1790 3 144257047
1 1 1688 4 816949976
1 0 1087 2 427393349
1 0 731 2 141297418
1 0 1443 3 217025895
1 0 3038 3 483273028
1 0 698 3 750923089
1 1 2458 1 270047444
1 1 2474 2 653014259
1 0 1512 1 685316698
1 0 3596 2 52386628
1 0 2774 2 330976367
1 1 2635 2 215125507
1 0 2302 2 747485347
1 0 3573 4 571402151
2 1197 2329
1 1 123 4 698868238
1 0 2199 3 295833175
1 0 2862 2 339644834
1 0 306 1 459167416
1 0 2691 1 358253151
1 0 2836 4 627294136
1 0 3167 3 221771367
1 1 433 3 286426938
1 1 2764 3 563401866
2 159 1137
1 1 3396 4 466523482
1 1 3749 2 643520312
1 0 3611 4 440452640
1 0 1836 4 12513509
1 0 3563 1 238792526
1 1 1236 1 493871984
2 3575 3400
1 1 1443 1 993858310
2 1118 3618
1 1 2206 1 705658876
1 0 1981 2 483519395
1 0 653 4 640247143
2 586 1654
1 1 1334 1 482500324
1 1 1583 3 823590623
1 0 2370 3 221013962
1 0 327 3 644708283
1 0 1435 2 880694754
2 1658 3500
1 0 263 2 492033490
1 1 2314 2 184777679
1 0 1861 1 897678751
1 1 3591 1 832668810
1 0 1428 3 221384379
1 0 347 1 298680560
1 0 2413 4 159853297
1 0 135 4 821364841
1 1 3438 4 929997394
1 0 255 2 680794245
2 2323 547
1 1 276 2 383435524
2 1132 2102
1 0 1457 1 402569930
1 0 3037 1 574731001
1 1 2450 3 953608684
1 0 598 2 618028630
2 1471 1296
1 0 1602 2 769272286
1 0 111 1 967416072
1 1 3300 1 648866263
1 0 148 3 60646663
1 1 1942 3 933094575
2 1528 2759
1 1 576 4 49731444
2 3354 3144
1 1 3621 4 281438696
2 71 3075
1 1 2545 3 924630332
1 1 693 3 502808107
1 1 2903 3 155334931
1 1 2689 3 876381304
1 1 1933 1 598045441
2 3439 873
1 1 3503 3 629005867
2 2029 608
1 1 2378 1 527635771
1 1 3789 4 94843400
1 1 1573 4 551758842
2 3040 3280
1 1 57 1 603586530
1 0 1665 3 293024558
1 0 663 1 597708431
1 1 1931 1 897871524
1 0 2234 2 777664529
1 1 2412 4 969770380
2 864 1136
1 0 3763 4 34062863
1 1 1215 2 630933600
2 1804 2983
2 978 3358
1 1 1629 4 805174655
2 2059 3671
2 1488 2430
2 1786 834
1 0 1907 2 759429077
2 3569 3340
2 3165 3275
1 1 1944 2 787780550
1 0 3252 3 589624698
1 1 2530 2 822234777
1 1 3696 3 651143177
1 1 2039 1 764022666
1 0 910 3 829285714
2 3305 1753
1 1 3362 1 550146104
2 1541 1529
1 0 3902 2 202192797
1 0 2716 2 468462396
1 0 1674 2 363558905
1 1 1663 1 527026041
1 1 1983 2 798237565
2 3187 3226
1 0 664 2 327459851
1 1 101 1 888708582
2 779 2782
1 1 1470 1 542890315
1 1 2017 4 436400938
1 1 2134 3 984998498
1 0 2915 4 551292620
1 0 3075 1 101126572
2 2227 3167
1 1 2757 4 195572666
1 0 2505 4 610524497
1 1 107 4 793019270
1 0 2428 2 567229963
1 1 3120 4 864215800
1 0 3868 3 349012981
2 2539 2935
1 0 657 2 550804840
1 0 1374 1 305894928
1 0 3588 1 594094668
1 0 3954 1 252170962
1 1 3490 4 541499593
1 0 92 2 50282990
1 1 2272 3 97038325
2 771 2138
1 1 3860 3 626262471
1 1 2710 4 843468401
1 0 2184 4 171723032
1 1 80 3 996884428
1 1 3546 3 625651639
1 1 500 2 565730353
1 1 2517 1 98417061
1 0 1329 3 799084246
1 0 2468 1 530974731
1 0 3695 1 901285479
1 1 1961 3 936830251
1 0 1341 3 170455079
1 1 3131 2 723020250
1 1 1486 2 467842871
1 0 1125 3 710913788
2 406 3374
2 2450 1465
1 1 1683 1 183981942
1 1 1527 2 998805711
2 3502 2829
1 1 2082 3 564842141
1 0 41 1 278922850
1 1 1632 1 165283744
1 1 1137 4 535395426
1 1 3618 2 891092376
1 0 708 1 868277455
1 0 366 2 586496272
1 0 2257 2 206071621
2 64 3783
2 2623 762
1 1 1415 1 992696325
1 0 2335 2 71759016
2 1950 3394
2 218 3939
1 0 2636 4 349777635
1 0 1808 4 936613411
1 1 2113 4 513291280
1 0 3224 2 289886475
2 3882 605
1 1 1344 2 465247531
1 0 173 1 637280776
1 1 825 3 484088012
1 1 3341 1 800263751
1 0 134 3 769350870
1 1 3625 1 691590779
2 2106 2044
1 1 3358 4 292515112
1 1 3180 3 531742133
1 1 1328 3 416910804
1 1 1559 3 169201967
1 1 2572 2 639628772
1 1 1890 3 653087860
2 2191 3583
1 0 3566 3 421017611
1 1 1716 4 377771185
1 0 1395 4 487634535
2 606 2251
1 0 660 2 341002515
1 1 218 2 746627620
2 3487 2447
2 2397 98
1 0 91 3 395474021
1 1 3892 4 310322173
1 1 1304 2 78056646
1 0 2816 3 786829104
1 0 1706 2 443058075
1 0 157 3 567510189
1 0 311 2 681328563
1 1 1776 1 546162783
1 0 3747 4 181817710
1 0 1973 4 32724553
1 0 2320 3 877732508
1 0 1347 3 883588906
2 2550 3300
1 1 1532 3 564998041
1 0 421 4 189887445
1 0 3664 1 276111595
1 0 2040 1 275379005
1 1 171 1 818088738
1 0 2317 1 970577141
1 1 2990 2 651379582
1 1 1653 3 542378931
2 84 2508
1 1 914 3 514209893
1 1 3445 3 49705318
2 1115 3666
1 0 2904 1 205998855
1 0 1058 3 793493005
1 0 2789 2 769901657
1 1 320 2 868850460
2 2301 3754
1 1 1282 4 871970875
1 1 912 4 369021649
1 1 1052 2 204248961
1 1 1707 1 794251242
2 1461 3782
1 1 2327 4 899754562
2 2298 3956
1 0 357 4 935242115
1 1 1129 4 860229086
1 0 253 2 444895128
1 0 3903 4 739028564
1 0 3591 1 634913773
1 0 923 1 572153351
2 3851 2224
1 0 371 4 583028389
1 0 3283 4 29353869
2 2488 1205
1 1 335 4 733491439
2 575 896
1 1 1327 2 867064386
1 0 2233 3 117085705
1 0 826 3 441378769
1 1 1353 2 491035873
1 1 795 1 816293193
2 3474 1476
1 0 102 2 806015175
1 1 788 3 728131362
1 0 3350 1 256142520
1 0 1205 3 858613789
1 1 1038 3 90176191
1 0 3139 3 978167390
1 0 3326 1 899119132
1 1 892 2 638622587
1 0 2622 2 133950018
1 0 1286 4 773835436
2 2918 2572
2 2829 3410
1 1 3578 4 437869376
2 1068 3589
1 1 421 4 527409912
1 0 74 3 43027802
2 2059 3597
2 2798 1690
1 1 3918 4 705666392
1 0 3653 3 380824285
1 0 2391 3 207208973
1 1 213 1 470373293
1 0 1073 3 369946257
1 0 2471 3 998084820
1 0 438 2 696838052
1 0 3969 3 981777958
1 1 701 4 386156985
2 2053 2117
1 0 1761 1 38534056
1 1 2985 3 923533256
1 1 592 3 490758951
1 1 309 2 248112164
1 1 1341 1 907067678
2 1384 1225
1 0 2009 1 99585342
2 1312 2680
1 0 163 4 177751074
1 1 2871 2 181852194
1 0 37 1 392349388
1 0 15 2 261123383
1 1 2788 4 994068801
1 1 1717 1 661210177
1 0 143 4 187952711
1 0 3585 3 295908666
2 3875 2480
1 0 472 1 800481180
1 1 2128 3 487541422
1 0 2006 2 308425174
2 2963 2806
1 0 429 4 11257973
1 0 1625 3 503257822
1 0 3985 4 450297716
1 0 3881 4 375994638
1 1 3826 3 309981011
1 0 433 2 284645006
1 1 3481 4 207500897
1 1 1005 3 344625894
1 0 2421 4 452645268
1 1 3141 1 246975642
1 1 1212 1 512174874
1 1 118 2 125519660
1 0 3017 1 733592303
2 2841 1178
1 0 2943 1 245218049
1 0 2837 4 830002740
1 0 854 4 79634675
2 3669 663
1 1 2278 2 46304939
2 191 2024
1 0 3224 4 151479928
2 2675 1706
1 0 36 2 399460741
2 2431 3163
1 0 3110 4 908815417
1 0 2458 2 65559287
1 1 2117 3 555697318
1 1 2688 4 31387132
2 3753 1073
1 1 3362 2 723037499
1 1 1656 3 884587195
1 0 2997 1 459591432
2 1959 241
1 1 593 1 292817483
2 1613 1552
2 3537 3920
2 2544 3759
1 1 161 2 472282336
1 1 349 4 526481360
1 1 2757 1 858185591
1 1 1939 3 965106157
1 0 515 4 247610993
1 1 631 1 555205125
1 1 2494 3 509235374
1 0 2319 1 496508658
1 0 3469 2 271367988
1 0 953 2 645530628
1 0 2805 3 557773932
1 0 625 1 123324424
1 0 140 1 370994068
2 3228 433
1 1 3429 2 573716468
1 0 1930 1 945819161
1 0 792 1 59283
1 1 457 3 874322054
1 0 2074 4 885835323
1 0 2428 4 990504743
1 0 1262 2 533986187
2 3606 1747
1 1 3173 1 878917745
1 1 121 2 583637454
1 0 420 3 338990803
2 551 3844
1 0 3754 1 512770766
1 1 357 4 406049739
2 2028 1719
1 0 1221 4 773326249
1 1 563 2 903246503
1 1 3137 3 792248959
1 0 3974 4 825181179
2 189 3396
1 1 2490 1 590244239
2 660 823
1 0 2982 1 657824686
2 71 1294
1 0 778 3 216196752
1 1 2475 2 629984509
2 3321 3831
1 1 1825 4 226374699
1 0 2536 3 909882606
1 0 1731 2 725566646
2 700 934
1 1 3963 4 267648881
1 1 1265 4 507122734
1 1 817 1 862727504
1 0 3974 4 616462760
1 1 2999 3 956372591
1 0 349 3 947025272
1 1 3822 2 441869741
1 1 2878 1 227842249
1 1 1711 2 372648315
1 0 3631 4 863934947
1 1 567 3 888594394
1 1 2526 4 666380009
1 1 2100 1 661790817
2 1086 409
1 1 2969 1 381171801
1 0 3415 3 630481692
1 1 1409 4 637801785
2 1295 722
1 0 661 4 698222590
1 1 1284 1 357749126
1 1 1485 2 981059908
1 0 3719 3 979805798
1 1 1913 2 90856526
1 0 3538 3 782916669
1 1 2461 2 410429346
1 0 3131 2 566811367
1 1 2842 3 551053356
1 1 346 3 814226237
2 1911 2567
1 1 3549 2 795535106
1 0 3454 4 271606135
2 2286 1524
1 1 3056 4 730451070
1 1 580 1 885393125
1 1 639 4 409811878
2 1604 2282
1 1 633 1 665902761
1 0 144 4 724317823
1 1 2998 4 757427304
1 1 1097 1 756744370
1 0 415 2 35286061
1 1 1639 3 276975645
1 0 1676 1 190806044
2 598 291
1 1 2499 2 121083208
1 1 2440 3 36224556
2 3286 405
1 1 3308 1 964176839
1 1 1946 1 487967952
1 0 1960 3 214229306
1 1 189 4 993939878
1 1 3523 3 104215307
1 1 2426 3 383988246
1 1 3969 4 411151306
1 0 690 4 941453923
1 0 3503 4 570334342
1 1 2698 2 105101564
1 0 3905 2 573968158
1 0 3764 3 62529851
1 0 67 4 127833577
1 1 838 2 468038516
1 1 1676 4 60460135
1 0 3612 1 811202723
1 0 1814 1 29995898
1 1 2625 3 917325337
1 0 3354 1 450162971
1 0 3074 2 10587444
1 0 2650 1 79540277
2 1087 2266
1 0 822 4 861371048
1 1 1296 4 749241241
1 0 2669 3 640267928
1 0 3196 4 640022942
1 1 2008 4 562416549
2 1646 994
1 0 3058 3 429186132
2 2657 2330
1 0 1298 3 547311666
1 0 2132 3 625199138
1 0 3924 2 527158510
1 1 612 4 763400212
1 1 384 2 672249289
1 1 2064 3 813609326
1 0 2627 1 948447652
2 3163 3978
1 0 672 3 583452988
2 2313 1596
2 1572 2679
1 1 53 3 341854191
1 0 3800 4 289476540
1 1 1366 1 516010146
1 0 1225 2 724865235
1 1 1234 1 535083600
1 1 3339 1 266186505
2 457 1972
2 2110 3591
1 1 501 2 603427202
1 1 1700 1 982127216
1 1 1239 4 651326435
1 1 1892 4 875119882
1 0 973 1 805944062
1 1 524 2 873505142
1 1 2707 1 508760166
1 0 1656 3 969529358
1 0 2023 3 659403836
1 0 2794 3 805324624
1 1 114 1 933426677
2 342 819
1 1 2850 2 786020085
1 0 378 4 234675817
1 0 212 3 26672141
1 1 334 1 301971469
1 1 1429 2 70077614
2 3475 350
2 2227 2114
1 0 3600 1 961039686
1 1 1452 1 813774272
1 1 1122 2 576734821
1 0 3533 3 393390164
2 2799 3563
1 1 1777 4 703579007
1 1 1866 3 702896866
2 3979 550
1 0 3097 2 306004056
2 635 2858
1 1 3040 4 438605814
1 1 1328 4 308933943
1 0 1189 2 31250691
1 1 158 1 622197300
2 1813 3696
1 0 220 4 520984274
1 1 2422 1 567332388
1 1 3321 3 566169780
1 0 2180 2 544378783
2 2228 2727
1 0 1237 1 609671124
1 1 1499 2 355951539
1 0 852 2 326070843
1 1 453 2 132553440
2 763 112
1 1 3053 2 65880114
1 0 501 1 484511718
1 1 498 3 26132927
1 1 3226 1 126085212
1 0 3335 3 104681595
1 1 1831 1 624607627
1 1 75 4 409924566
1 0 724 2 773744280
1 0 2319 1 635078441
1 0 3925 2 44822199
2 747 1528
1 0 1639 3 457674141
1 1 1563 4 25838945
2 2642 2859
1 0 2943 4 811827785
1 0 462 3 233322124
1 1 3060 1 305514682
2 401 282
1 0 1695 3 634440611
1 0 802 4 71702035
1 0 3126 4 661802457
2 1927 2691
1 1 139 3 584726280
1 1 207 3 180615847
1 0 3518 2 572187242
1 1 1112 1 266163925
2 308 954
1 0 956 2 609628627
1 1 1396 2 625778990
1 1 2014 3 836012105
2 1686 3232
2 2598 416
2 3370 757
1 1 2352 2 778165848
2 3299 2661
2 763 3863
1 1 1282 2 939621017
1 1 1305 2 969763332
1 1 2339 3 368157294
1 1 2375 4 824184260
1 1 2168 2 171005928
1 1 3869 4 534121323
1 0 350 1 553312774
1 0 524 4 57362505
1 0 2442 4 309184447
1 0 1491 1 463283346
1 1 1383 2 339974971
1 1 3857 1 818756079
1 1 898 2 172085337
1 0 1934 2 760603982
1 1 1150 1 314720550
1 1 3269 3 566177129
1 1 2067 2 338282736
2 3793 3692
1 0 2473 4 497283775
1 0 2894 3 807283778
1 0 2630 4 479605809
1 1 3460 3 517464224
2 252 2566
2 3582 260
1 0 2578 4 901894581
2 1589 504
1 0 2610 1 456076251
1 1 3695 4 525583993
2 1572 904
1 1 3676 1 504489282
1 1 1688 4 513640992
1 0 723 3 927209530
1 0 2734 3 940962371
1 1 246 3 637061285
1 1 124 4 510750038
2 2417 963
2 319 305
1 1 600 1 87703594
1 0 345 4 918805559
1 1 2608 2 826935293
1 0 1996 1 460408102
1 0 2671 2 160857279
1 0 3267 2 811045195
1 1 2699 3 773468649
2 1130 3678
1 0 2900 3 492762866
1 1 1169 2 368684534
1 1 428 4 472851250
2 3143 2773
1 0 3309 3 596179778
1 0 2980 1 414891507
1 0 2879 3 527070576
1 1 3033 1 136778223
1 1 3646 2 485399869
1 1 191 4 695782696
1 1 1503 1 433873394
1 0 1339 4 591381175
1 0 3499 1 864348078
1 1 3172 1 264601921
1 1 1410 2 838145866
2 752 564
2 294 2344
1 1 2885 2 216356265
1 0 1407 3 537067581
1 0 903 1 200422865
1 1 111 3 105444105
1 1 640 2 416449998
1 0 2911 4 712961604
1 1 1982 4 540319526
1 0 3092 1 4155932
1 0 3421 2 49419490
1 1 3224 4 939183541
1 1 2647 2 515355783
1 1 2719 2 622660105
1 1 596 4 581016710
1 0 2666 2 565959291
1 0 2270 3 703430970
2 2020 3298
2 918 3785
1 1 3438 4 821661098
1 0 1889 3 247353572
1 0 3145 3 317925902
2 3889 226
1 0 2272 2 778942125
2 3217 2717
1 0 558 3 508583149
2 453 1226
1 0 986 2 659171324
2 1813 569
2 311 2848
1 0 1413 1 484487364
1 1 3208 3 311528196
1 0 1132 2 814038711
1 0 1175 3 493577537
1 1 1393 1 371258583
1 1 2012 1 60587357
2 3679 1172
1 0 755 4 333790089
1 1 290 3 372434575
1 0 1757 3 223228702
1 0 3084 4 246701106
1 1 1707 4 126671386
1 1 3353 4 199212960
1 0 3170 4 839436898
1 0 2670 1 386905695
2 48 3330
1 1 2996 4 362033063
1 1 2960 3 158078635
1 0 2469 1 897559368
1 0 2719 4 285992506
1 1 3986 1 855990806
1 0 439 4 947075917
2 13 3930
1 0 1815 1 856227183
1 1 2405 3 214761404
1 0 43 2 556885489
2 2285 801
2 3937 3729
1 1 3580 2 759563674
1 1 746 1 832868177
1 0 1091 2 538194508
2 588 2434
1 1 3841 4 29725577
1 1 3962 4 487136220
1 1 2729 3 307219697
1 1 3141 3 926241489
1 1 2361 3 20735880
1 0 1037 3 683802430
1 0 1676 2 246007659
1 1 3189 2 644518910
1 0 3557 2 315490894
1 1 1105 4 19481730
1 0 2185 2 608756505
2 393 3118
1 0 2599 4 460309930
2 3184 3800
1 1 113 4 9540902
1 0 3044 3 318226824
2 3893 1944
1 1 3288 2 882537932
1 1 361 2 967003419
1 1 2162 1 66577048
1 0 2308 1 506014554
1 0 3909 3 65843778
1 0 3272 3 833430704
1 1 56 3 921231892
2 1002 3520
1 0 1804 2 52351063
1 1 110 1 827389676
1 1 3299 1 574192076
1 0 2106 1 710173011
2 190 2082
1 0 1641 1 202059589
1 1 1609 1 934251995
1 1 3830 3 661661346
1 1 3508 3 805029362
2 99 1418
2 2989 1228
1 1 1896 2 605155961
1 0 1429 4 141746720
1 0 2440 3 65419917
1 1 1442 2 397753995
1 1 2035 4 836842402
1 1 2196 4 70590838
1 0 1091 1 514137739
1 1 3260 4 251165728
1 0 3544 3 187619437
2 847 3277
1 1 3536 4 386928900
1 1 1222 2 645811375
1 1 831 1 860973431
1 0 193 1 218525529
2 725 3151
1 1 1466 2 523164421
1 0 265 4 71059106
1 0 3838 4 925447412
1 1 430 4 509759385
1 0 2314 1 850104695
1 0 2877 4 171593216
1 1 3848 1 754764301
1 0 1438 3 687266016
1 0 3916 1 294572876
1 1 279 3 518999315
1 0 790 2 431178131
1 0 1250 4 837995202
1 1 2427 3 723934157
1 1 1123 3 859202769
1 0 2536 1 160938075
1 0 1749 1 167822628
1 0 3078 1 540609702
1 1 3111 3 927580807
1 1 169 2 183103904
1 1 1252 2 668919921
1 1 2663 2 125393450
1 0 1597 4 581730411
1 0 2510 3 814238512
2 3484 2482
1 1 690 4 595046986
2 3823 2631
1 0 3660 2 733639085
1 1 1350 1 580285266
1 0 746 1 542156005
1 1 2537 4 979725177
1 1 3290 4 992097609
1 0 3827 3 904219224
1 0 2046 1 415125278
1 1 3415 2 726090691
1 1 2521 4 123310366
1 1 2744 3 409240636
1 0 1550 1 692419506
2 2352 269
1 0 3000 2 414160231
1 0 2284 2 844027607
2 2811 2150
1 0 3363 4 988033495
1 1 2529 3 473665027
1 0 3445 3 439595153
1 0 3539 1 853197616
1 1 2368 4 167246121
1 1 3228 1 403310133
1 0 3800 4 688063280
1 1 1659 4 609740610
2 3863 1911
1 1 3157 3 962796601
1 1 2923 3 511175544
1 1 2811 2 369415089
1 1 457 3 966355967
2 2453 3811
1 0 2645 2 601792433
1 0 3131 2 650167501
1 0 3151 2 430002461
1 1 694 3 734747083
1 1 2103 2 993545589
1 0 2233 4 936964101
2 2892 3270
1 0 650 4 855964489
1 0 149 1 54694298
1 0 858 2 237041893
2 1874 1984
1 1 1778 2 750043856
2 915 2587
1 1 1532 3 299521940
1 1 1849 3 362854156
1 1 589 4 563328097
2 804 3393
1 0 894 2 169863293
1 0 1433 2 483717495
1 1 2947 4 733615988
1 1 3155 4 14065387
1 1 2423 3 463194998
1 1 860 4 383433968
1 0 209 3 922072493
2 412 3669
1 0 836 4 69951592
2 2386 1138
2 3267 2974
1 1 603 1 171372765
1 0 1456 1 517533223
1 1 2711 4 98264374
2 3852 1796
1 0 906 4 522830957
1 0 3835 1 405781245
1 1 449 1 952134532
1 1 3090 3 493116316
1 1 956 3 919956328
1 1 2055 4 706919468
1 0 2682 3 615432316
2 335 1336
1 0 2656 3 103381050
2 3637 1701
1 0 2790 4 844311948
1 1 2501 4 442344319
1 0 1483 4 653172019
1 0 2092 4 321861263
1 1 570 4 366996938
1 1 2 2 464284048
1 1 885 1 707115798
1 0 46 4 932353650
1 1 1313 1 303498240
1 0 1761 2 140149041
1 1 834 2 630300637
1 1 452 2 243154850
1 1 1155 1 811546454
1 1 3346 3 889970437
2 2278 1043
1 1 640 3 948200613
2 3136 3029
1 0 1296 2 647665879
2 3506 1690
1 0 3149 1 787627151
1 1 1250 1 108427757
1 1 1620 4 526030513
1 0 786 4 629757492
1 1 672 3 35266838
1 1 1709 4 455402806
1 1 1822 1 398335122
1 1 1040 3 396879485
1 1 29 4 81689231
1 0 1819 1 523855078
1 1 543 3 442962236
1 1 2840 4 714202926
1 0 3571 4 603343852
2 194 831
1 0 3985 2 678015261
1 0 2727 1 576244827
1 1 1537 2 43787368
1 0 851 4 778819234
1 1 1611 4 360557950
1 0 3740 1 29845979
1 0 145 4 278342767
1 1 890 1 871374565
1 0 2416 3 368624561
1 0 870 3 830923302
1 1 2621 4 33634574
1 1 895 1 994909211
1 1 119 1 922896062
1 0 2273 2 621015975
1 0 2811 2 545909753
1 0 3506 2 579951073
2 3876 2478
2 3262 2649
2 1663 2442
1 1 3738 3 751075587
1 0 1700 3 232166412
1 0 275 2 234659333
1 1 648 2 448603596
2 291 350
1 1 2657 3 297127395
1 0 2641 4 615398195
1 0 1908 1 226274506
2 3624 968
1 1 3137 1 361591920
1 1 3737 2 171971709
1 1 674 2 485131409
1 1 3952 4 868478023
1 0 418 1 787962380
1 1 3957 3 662482786
1 1 2143 2 972331082
1 0 1745 4 507591008
1 1 2667 2 292217656
2 253 3797
1 1 2494 1 386640181
1 0 2484 2 75402227
1 1 2908 1 612926352
2 3081 3264
1 0 1510 1 889352180
1 0 2857 2 300891171
1 1 3062 3 114112592
2 3646 2896
1 1 1013 1 244013758
1 1 438 2 189331228
1 0 2735 2 297216171
1 0 2537 4 897128437
1 1 3692 2 62889552
2 415 1204
1 1 220 4 57597499
2 3104 765
1 0 3597 3 264614810
1 0 3163 3 468453042
2 1045 1879
1 1 846 3 178849731
1 1 1502 2 90773191
1 0 2311 4 497259488
1 1 918 2 224278115
2 827 1920
1 1 2545 1 964269235
1 1 934 3 320871170
1 0 1833 1 11835718
1 1 608 3 184907825
1 0 332 4 556125223
1 0 3870 4 747002269
1 1 1205 2 141230768
1 0 2102 2 735719851
1 0 2223 1 892815352
1 0 3968 3 463460012
2 1554 2648
1 0 3928 2 501947589
1 1 2198 2 618859094
1 0 2733 1 459168249
1 1 2594 3 260538500
1 1 2114 1 968630996
1 1 2014 4 585366194
2 2868 754
1 1 972 4 154932410
1 0 608 3 33074384
1 1 3748 1 532147129
1 1 2218 3 536390688
1 0 2164 4 901092954
1 0 752 4 681229550
1 1 433 2 765370949
1 1 2944 3 90463918
1 1 3401 4 590650392
2 2424 1928
1 1 1460 2 948784702
1 0 3969 2 232688137
2 780 2223
2 1234 3051
1 0 1499 3 625717507
1 0 1595 2 948549189
1 1 2139 1 798853589
1 1 449 1 946110509
1 1 265 3 784883472
1 0 3386 2 182021360
1 1 2558 1 168356399
1 0 82 2 882755441
1 0 1843 1 937399086
1 1 1759 1 973883893
2 746 1331
1 0 1435 2 923283909
1 1 1684 4 144616207
1 0 3204 1 70759179
1 1 3523 4 207648650
1 0 2696 4 329130344
1 1 583 2 555289007
2 1754 3603
2 3974 811
1 0 565 1 256196059
2 3627 1708
1 0 551 4 555878663
1 0 1565 4 582139013
2 2298 1872
1 0 3198 4 470237242
1 1 2019 2 265079972
1 0 1899 4 559902817
1 1 3051 1 455308657
1 0 3456 3 751916323
1 1 1249 3 223846263
2 3514 1794
1 1 1447 3 441876207
2 2949 1128
1 1 370 1 167591266
1 0 2142 1 857484132
1 0 2071 2 73948287
1 0 1025 1 496699525
1 0 566 3 737953520
1 0 1477 4 379933294
1 0 1405 1 26829142
2 2207 753
1 0 135 4 193421406
1 1 3819 1 257326379
1 0 1484 1 467631765
1 0 1383 1 515246863
2 3484 2977
1 0 3080 1 960137165
1 0 501 2 308143344
1 0 3184 4 969730612
1 1 1144 4 900952366
1 0 728 3 986841114
1 1 3521 4 383980944
1 0 2769 2 648036070
2 530 3785
1 0 983 4 286820964
1 0 600 3 869462013
2 2537 666
2 2957 551
1 1 1378 1 292123344
1 1 683 4 398407940
1 1 1105 1 469342711
1 1 1669 2 759975207
1 1 3095 3 146342648
1 1 946 4 962448222
1 1 1323 4 817411038
1 1 1616 4 402108431
1 0 634 4 797183985
1 0 3345 1 668234897
1 1 2722 3 537884136
1 1 3557 3 404108985
1 1 209 3 947201845
2 1586 2181
1 1 3450 2 971866937
1 1 5 3 115731416
1 0 1044 2 934886351
1 1 2597 1 587123105
1 1 3388 2 200533706
2 215 3227
1 0 726 4 871515373
1 0 1960 1 851773869
1 0 2860 4 532835947
1 0 1142 1 888105923
1 0 3349 4 462271942
1 0 709 3 148206775
1 0 777 4 677127172
2 3477 3912
2 181 2316
2 2573 3692
1 1 3268 2 733346128
1 1 1903 4 169333607
2 3586 1157
1 0 677 3 635064261
1 0 3898 2 912203519
1 1 2341 3 139423857
1 0 2038 1 118360505
1 1 1116 4 497239694
1 1 1014 1 829397585
2 2335 251
1 0 561 1 621385255
1 1 1747 2 586257248
1 1 244 2 907099173
1 1 3589 2 990568501
1 1 3364 1 671605346
2 3510 3263
1 1 3303 2 457324960
1 0 899 2 873586019
1 1 2182 2 29280733
1 0 3266 1 423459900
1 0 880 4 774794846
1 1 3058 1 261804918
1 1 3358 1 877264732
1 0 387 4 392791416
1 0 2267 4 771884968
2 1107 1057
1 0 451 3 590620578
1 1 2581 1 8694412
1 1 1093 4 607649241
1 1 177 1 907116720
1 1 1256 3 548114863
1 1 817 3 939662619
1 1 1596 1 720131884
1 0 1751 1 58310188
2 3087 1592
2 3805 3651
1 0 3518 2 438210827
1 0 1485 1 133257309
1 1 2478 2 91589672
2 275 3502
1 1 1900 4 348934355
2 3621 3145
1 0 3505 2 295996741
2 1145 2167
2 405 3679
1 1 761 4 705306978
1 1 2216 2 667205030
1 0 1237 4 972403796
1 0 3324 2 679113322
1 0 2530 2 849643960
2 2978 3823
1 1 1741 2 507556706
2 2360 2616
2 2113 2586
1 0 2476 4 813748604
1 1 948 1 140084976
1 1 1715 4 572967651
1 0 3893 3 623172167
1 0 3801 4 143186329
2 2663 3728
1 1 1436 4 844986185
1 0 425 3 391982615
1 1 185 3 861389017
1 0 1085 4 852921103
1 1 495 4 274765327
1 0 359 3 845720695
2 2 3881
2 60 1034
2 2741 821
1 1 3056 2 348332839
1 0 2543 2 23416426
1 1 3002 2 197717663
1 1 1726 1 947550162
1 0 802 3 570996694
1 0 1078 4 792400956
1 0 1715 4 261578412
1 0 1242 3 335678411
1 1 29 2 562835666
1 0 3995 4 724764352
1 0 1389 4 586047301
2 3491 2440
1 0 752 1 317181601
1 1 2775 4 235649817
2 3531 1595
1 0 3835 2 983621331
1 0 3176 4 225416364
1 0 2394 2 407974984
1 1 421 2 703103540
1 1 1666 1 599902604
1 0 660 4 737314024
1 0 819 3 241075489
1 0 3342 1 877711628
1 0 3467 3 976941141
2 41 47
1 1 2097 2 667283761
1 0 1191 2 111526154
1 0 3767 4 940173328
1 0 568 2 221565367
1 0 2693 3 371207625
2 373 3217
1 0 620 3 646602413
2 2605 1961
1 1 3734 1 103083391
2 1237 832
1 1 1203 4 855935973
2 1059 275
1 1 2173 2 368877985
2 817 2809
1 0 3180 2 939742720
1 1 3001 1 637429779
1 1 724 3 380740286
1 0 886 1 177082589
1 0 1302 2 383546045
1 1 3806 3 190851741
1 0 2382 4 79371342
1 0 11 1 494875837
1 0 1682 1 202786576
1 1 3037 2 493257649
1 0 2576 4 617716764
1 0 238 3 349095468
1 0 160 4 893308110
1 1 1462 2 599199925
1 1 284 3 657391283
1 1 3364 2 874757503
1 1 1042 1 339743620
1 1 3838 4 220595213
1 1 3641 3 93396969
1 0 1278 3 471880347
1 0 275 2 782515834
2 2079 882
2 2107 3646
1 1 2321 2 925698942
1 1 2396 4 816196489
1 1 979 3 704642048
1 0 3392 4 462855327
1 1 3685 1 487319789
1 1 2280 4 35040198
1 0 1293 2 159201365
1 1 3901 4 261432814
1 1 3997 3 518397025
1 0 1049 1 99664348
1 1 2538 1 543119063
1 1 429 1 935621374
1 1 2641 2 96388406
1 1 1789 3 117318230
1 0 2592 2 981385149
1 1 2265 4 164049684
1 0 1994 1 556038179
1 0 3128 4 180258527
1 1 3016 4 341362680
1 0 1773 1 268771548
1 0 3677 3 213519837
1 0 485 1 730403714
1 1 2253 3 612840704
1 1 2597 3 906084591
1 1 2691 2 121485387
1 0 2937 2 775837653
1 0 2590 3 753133202
1 1 2460 1 940467960
1 0 981 1 639836122
1 1 3233 1 120616338
1 0 897 3 667270004
1 1 2014 2 830966625
1 1 3380 3 107770372
1 1 3557 3 104414441
1 1 2556 1 975143813
1 0 1160 1 553694059
1 1 3090 4 506334399
1 0 1480 2 934175421
2 79 2785
1 1 976 4 548218867
1 0 3899 2 507269989
1 1 43 3 609102769
1 0 3413 2 508151774
1 1 2676 1 992943861
1 1 1316 4 850840364
1 0 412 2 297468727
1 1 1038 2 337564552
2 54 1685
1 1 3670 3 315138762
2 3623 3447
1 0 3657 3 690320281
2 3307 3979
1 0 1037 1 556022751
1 0 572 4 430909356
1 0 48 2 57746848
2 1809 2506
1 1 464 4 859273958
1 1 1482 4 48318747
1 1 3829 1 290818179
2 2090 845
1 1 3227 2 434244301
2 3485 1925
1 0 3496 3 51108019
1 1 2759 4 209789171
1 1 816 2 616648777
1 0 1078 3 76238920
1 1 570 2 750499829
1 0 3436 1 906558114
1 1 2231 3 990172034
1 0 1023 3 238121549
1 0 1035 4 372212582
2 1005 2109
1 1 1387 2 344549371
1 0 1327 4 207793014
1 0 2678 2 922633812
1 1 1739 4 365182662
2 1964 44
1 0 670 3 896146545
1 0 282 4 750116073
1 0 1909 1 630951203
1 0 3248 4 441730595
1 0 2406 2 763876254
1 0 856 4 357978318
1 1 449 1 478895286
2 371 3929
1 0 480 1 327730837
2 1247 1042
1 0 1565 3 750334346
1 0 1040 1 994777547
2 3493 2512
1 1 3250 2 135117814
1 0 585 4 11336300
1 1 2304 3 27309575
1 1 984 2 762265137
1 0 1072 2 388225920
1 1 3324 4 25358989
1 1 2949 4 663994225
1 1 1508 2 794428295
1 1 3863 3 151692607
2 1131 3708
1 1 163 3 511193756
1 0 467 4 474239513
2 1094 3213
1 1 2751 1 723554866
1 0 1577 2 722016322
1 0 1669 2 777036497
1 0 2502 3 424679491
2 9 1940
1 0 190 4 831321981
1 0 1641 4 301524966
1 0 3234 3 746390908
1 1 1616 3 96256417
1 1 1699 3 238007831
1 1 1294 1 601123760
1 1 1143 2 522531004
1 1 3608 4 981527834
1 0 770 3 534191886
1 0 3405 1 112475243
1 1 3566 1 109329540
2 1829 2380
1 1 2627 1 376256786
1 1 3410 1 669536964
2 1618 198
1 1 1121 2 1114707
1 0 2515 2 227827390
1 1 2551 4 538701473
1 0 646 2 313097931
2 1872 3668
1 0 1090 1 693767131
1 0 3229 3 195832940
1 0 475 3 989044377
1 0 181 1 164740968
1 1 1982 3 391083944
1 1 2033 2 451725170
2 3337 27
1 0 291 2 541054249
1 1 1299 2 791934983
1 1 3362 1 635683272
2 1072 1218
2 137 2679
1 0 1951 2 743326313
2 2852 3849
1 1 3611 3 145456047
2 1531 720
1 0 2659 1 14240988
1 1 91 1 607554247
1 0 619 1 603311240
2 2921 2605
1 1 1189 4 348050822
1 0 83 4 983448707
1 0 3960 3 767725818
1 0 3318 3 259835645
1 0 1872 3 997793738
1 0 362 4 417136666
1 0 1110 3 719134607
1 0 3428 3 967441165
1 0 2988 4 307957976
2 3452 2425
1 1 1854 2 729272619
1 0 2514 2 281880973
2 2440 2435
1 0 1786 4 274717784
1 1 2752 2 625647054
2 784 1438
1 0 3052 2 461102515
1 1 2625 1 846342093
1 0 747 1 245239820
1 1 626 2 533171282
1 1 165 2 920202595
1 1 2992 4 828590882
1 1 1265 1 946356707
2 3085 853
1 0 689 4 10770480
1 1 765 3 994517605
1 1 1350 1 868067971
1 1 2061 1 393899477
2 3782 88
1 0 2660 3 471869705
1 1 592 4 554284882
2 2442 2709
1 0 3840 4 516368714
2 1115 1085
2 3663 3483
1 0 3854 4 989562713
2 2952 1979
1 0 1836 4 778844360
1 1 46 2 64533669
1 1 770 4 504344730
2 3679 136
1 0 158 3 693470898
1 1 3365 1 506896547
2 146 2689
1 1 397 4 677087536
1 0 1259 1 16381466
1 1 1861 3 890622678
1 1 2757 2 122040903
2 3274 91
2 1881 441
1 1 3612 4 795890848
1 1 1329 1 189767046
1 1 1108 1 6856282
1 0 2441 2 517028827
1 1 3181 3 737589814
2 3582 1020
1 1 2550 1 627779528
1 0 2272 2 695252540
1 0 2485 2 301185264
1 0 693 2 528654003
2 1804 1516
1 1 3686 1 244287720
1 0 290 4 568012380
2 3590 3999
2 2933 934
1 0 2953 4 909919258
2 2539 1736
1 1 234 2 99985473
1 1 1167 3 880093784
1 1 1331 2 389905757
1 0 3839 3 209779681
1 0 3732 1 774656707
2 27 2184
1 0 3222 1 179091202
2 806 3946
1 0 3238 2 772836848
2 1184 100
1 1 3656 2 26332966
1 0 861 4 659442866
1 0 3200 2 791110093
1 1 3379 1 27064514
1 0 2678 2 166636784
1 1 1417 4 877623754
1 0 1479 3 405037530
2 2059 1880
1 0 3234 4 987650947
1 0 319 3 84110975
1 1 3965 4 554242038
2 2360 2161
2 2866 243
1 1 1668 1 792533898
1 1 913 3 4763623
1 1 2871 4 104428369
1 0 1247 3 797531083
1 0 1329 3 395658563
2 2777 2498
2 2979 3962
2 1757 3859
1 1 694 2 812784146
1 0 10 3 70005095
2 1644 2314
1 0 2145 4 509464003
1 1 893 3 242187950
1 1 1745 2 383913533
2 3979 2481
1 1 2042 1 402452250
1 0 985 1 894556406
1 0 1833 3 716147790
1 0 3397 3 992264033
1 1 2499 3 340053989
2 3622 636
1 1 1474 1 504842870
1 0 475 3 250691249
1 1 2467 3 425885489
1 0 3776 4 935900487
1 1 961 2 91546436
1 1 52 3 609643790
1 1 3914 2 415405969
1 0 3837 4 596585153
1 1 815 2 311083779
1 1 2428 4 477789084
1 1 787 4 818488545
1 0 606 3 532084373
1 0 92 4 141809068
2 1287 971
2 3185 1014
1 1 1564 2 987413120
1 1 800 3 848196320
2 1668 3764
1 0 1504 1 134971701
1 1 2554 4 478678757
2 2732 1300
1 1 1151 2 754947280
1 1 1833 1 628324384
1 0 2819 4 418019630
2 1899 3605
2 396 2650
1 1 3842 2 37598597
1 1 2477 2 950839851
1 0 3658 1 919044327
1 0 3189 1 241572323
1 0 1746 2 469099710
1 1 2023 1 977504691
1 1 2166 1 480452171
1 0 1507 2 27844743
1 1 2873 4 343512727
1 1 1025 2 675248870
1 0 3652 1 132046470
2 53 215
2 1542 2887
1 1 2013 3 282162283
1 0 3227 4 446525033
1 0 3371 3 901617099
1 0 3973 2 888319000
1 0 3413 2 379363045
1 1 2155 3 298237505
1 0 132 2 167368409
2 1020 1333
1 1 2481 1 825902892
2 103 3388
1 1 3577 3 697558078
1 1 1243 2 3873797
2 196 2243
1 0 818 1 501263049
1 1 1960 1 252716792
1 0 2408 4 965065791
1 0 2552 1 180487132
1 0 1051 3 88249894
1 1 1337 1 266620661
1 0 2779 1 91158984
1 1 252 1 872988741
2 916 3144
1 0 68 3 555524765
1 0 3243 2 462909412
1 1 3944 2 734456620
1 0 2505 3 606286452
1 1 3781 2 784507504
1 0 450 2 979920038
1 1 3581 2 253113053
1 1 3172 3 876328404
1 1 1681 4 681243454
1 1 2123 1 971082747
1 1 1691 2 423773743
1 1 3589 1 894412048
1 0 3375 3 33136260
2 1080 3908
1 0 2256 1 974825923
1 1 1978 1 284938952
1 0 2238 3 31768895
1 1 3366 1 402489744
1 1 3019 1 840952905
1 0 965 4 961896207
1 0 3054 2 827201475
1 0 3681 1 574425475
1 0 3779 4 335542778
2 3627 3863
1 0 651 4 822321412
1 0 2835 4 335572615
1 0 2395 1 679554382
1 0 3890 1 922133836
1 0 2787 3 698858683
2 2859 3996
2 443 2909
1 0 1327 2 120832873
1 0 1113 4 25868843
2 790 188
1 0 3061 2 388708545
1 1 1890 2 342402378
1 0 386 2 676119583
1 0 2622 4 115822605
1 0 3272 4 622511504
1 1 1361 1 476121330
2 434 3157
1 0 625 1 735457510
2 3540 34
1 0 3720 3 896455268
2 1071 1032
1 1 1775 3 38882730
1 1 2200 2 354878357
1 0 1771 4 781473222
1 1 667 1 270573400
2 3812 2087
1 1 3422 4 339998092
1 0 2451 2 933465171
1 1 1486 4 588362302
1 1 813 4 690805881
1 1 3920 4 540391791
2 3822 1342
2 1943 3171
1 1 761 4 285558071
2 3675 512
1 0 377 4 82970643
1 0 1113 2 222864441
1 1 2446 3 991392863
1 0 3133 2 899706379
1 0 3102 2 307868382
2 1082 2830
1 1 2619 2 54235769
2 534 2842
1 1 1143 3 454144392
1 0 2243 4 876208400
1 1 2245 2 709982561
1 1 2130 1 813503945
1 0 3033 2 174303082
1 1 2451 3 186636647
1 0 2590 3 173804808
1 1 2593 3 62286526
1 1 376 3 403357825
1 0 1684 2 866459543
1 1 2450 2 909854036
2 447 2762
1 0 2332 4 816196851
2 3801 3520
1 1 705 4 48325081
2 3916 742
1 0 688 3 60362137
1 1 1272 3 604788899
1 1 2638 2 538035161
1 0 3765 2 507511001
2 810 832
1 1 3777 1 858441529
2 3600 3095
1 0 2722 3 109608467
1 0 497 2 354124874
2 192 3183
1 1 2190 4 895624176
1 1 974 3 395477531
2 401 3437
1 1 895 3 151696833
1 1 2871 4 541886005
1 1 683 2 259605327
2 933 1519
1 0 3484 3 416220370
2 2965 1177
1 0 521 1 771508692
1 1 3709 4 599135113
1 0 3313 2 880570715
1 1 912 1 924939864
1 1 2728 4 108853246
1 0 2508 3 493462057
1 1 307 2 305969600
1 0 1299 3 348854113
1 0 340 4 98620592
1 0 2016 4 125629502
1 1 3625 3 582599124
1 1 2407 1 556252775
1 0 3488 3 97346198
2 1579 3177
1 0 2321 2 873539083
1 0 1221 1 367666517
2 36 1841
1 0 1761 3 285540533
1 0 76 1 975216235
1 0 1485 1 596734083
1 0 480 2 700808921
1 1 2373 1 196117821
2 1644 3380
1 0 133 4 436298533
1 1 1025 1 751860005
1 0 2704 4 832936401
2 1595 1661
1 1 3991 1 57648934
1 0 3503 2 165905211
1 0 2610 1 28231371
1 1 1046 2 141988904
2 2801 2174
2 3999 718
1 1 3949 4 344352325
1 0 566 2 762416127
1 0 886 1 51229783
1 1 1129 3 441232970
1 0 872 2 829157337
1 0 99 1 266720767
2 109 1287
1 0 3326 2 619778671
1 0 2887 4 518955133
1 1 3135 2 497073168
2 1104 2018
1 1 2365 1 680126943
1 1 2312 1 242336104
1 1 1648 4 641559875
1 1 3552 3 499279968
1 0 2352 2 738614272
1 1 1393 4 608685585
2 3055 2246
2 3824 90
1 0 3898 2 219483010
1 0 3465 4 403068187
1 0 3694 4 964487966
2 67 3787
1 1 1576 2 807108901
1 0 3919 4 495088624
1 0 1033 4 230539201
1 0 2168 2 643756303
1 0 3665 4 213829494
1 0 3989 2 566356104
2 2555 1385
1 0 2034 4 531197453
1 0 3415 1 690662859
1 0 1224 4 499138827
1 1 684 1 9978309
2 3457 2341
2 2287 1034
1 0 3150 2 473653771
1 0 1024 3 739353312
1 0 1905 1 996181890
1 1 621 4 857120499
1 1 3462 3 788149848
2 661 1095
1 0 928 4 206723524
1 0 602 3 344967203
1 1 1403 2 524041911
1 0 321 1 721827350
2 2587 399
1 1 595 3 904792854
1 0 1656 1 361194713
1 1 246 4 161003469
1 1 3182 4 669615786
1 1 3396 4 760701320
1 1 3614 4 502964135
1 1 2955 3 824125424
1 1 1955 1 270592628
1 0 1442 1 568446528
1 1 1608 2 903020654
1 0 3282 2 827911682
1 0 1611 2 554239334
2 3651 3465
1 0 2160 3 310923053
1 1 802 1 877366022
1 1 3601 2 374439527
2 158 3977
1 0 3657 1 822651178
2 193 1930
1 0 8 4 442940460
1 0 954 4 655351525
1 0 3688 4 392768484
1 0 2946 4 472295165
1 1 3550 4 33382543
1 1 1851 4 583250675
1 1 1010 3 293253550
1 0 327 1 34672721
1 1 2774 2 309579334
1 1 1396 1 785190332
1 0 594 3 424943823
1 1 624 4 30594368
2 2848 332
1 0 1255 3 36627814
2 656 782
1 1 3050 4 730100182
1 1 29 4 97362196
1 1 248 2 62469553
1 1 2635 3 773726691
1 0 2975 2 841076450
1 0 630 4 779715558
2 1877 1163
1 1 3277 4 775321209
2 2604 3270
1 0 3985 3 65382057
2 1361 145
1 0 909 4 353013608
1 0 3013 3 534744396
1 1 3012 1 46643555
1 1 3218 3 837181168
2 3408 2838
1 1 3139 3 296564763
1 0 978 1 886081078
1 1 2605 3 827630008
1 1 2766 2 485984880
1 0 2206 4 670811386
2 1984 2227
1 1 2542 2 475664737
1 0 2558 3 24712329
1 1 475 3 221140261
1 1 3653 1 436503013
2 3809 1217
1 0 3638 1 851243501
1 1 2478 3 896658817
1 0 449 2 901380694
1 1 2949 4 216808739
1 0 526 1 439368761
1 0 2054 4 224669081
1 0 2042 3 571695892
2 3914 3244
1 1 1156 2 916816362
2 3613 692
1 0 3328 2 203486854
1 1 3775 2 68977963
2 44 3355
1 1 3333 3 307827324
2 2881 939
2 1924 3541
1 0 3869 3 902935086
2 1571 1322
1 1 2930 4 504193399
1 1 3079 2 33962456
1 0 3542 3 229553395
1 0 2209 3 716339652
1 0 277 4 206620173
1 0 3326 4 134256598
1 1 2050 2 30031296
2 230 1006
1 1 3905 2 811017088
1 0 3501 4 536923835
1 1 2702 2 872470866
1 1 3650 3 417499680
1 1 3480 4 738082368
1 0 1291 2 253531062
1 0 3598 2 602958017
2 255 3060
2 1532 3903
1 0 3943 4 115407986
1 0 497 1 577156728
1 0 739 4 868940319
2 1724 5
1 0 195 3 663073838
1 1 621 3 545148709
2 533 3303
1 1 2374 1 922542760
2 410 1421
1 1 3576 2 952531951
1 0 3517 1 447521397
1 0 286 2 137927378
2 3054 2673
1 0 1770 1 348035217
1 0 3854 2 496088414
1 0 1465 1 776914872
1 0 1908 2 449450512
2 1266 1260
1 0 3959 1 924511381
1 1 2362 1 940586349
1 0 1252 2 899558604
1 0 821 3 469249298
1 0 3588 3 76384882
1 0 2494 3 370006639
2 3405 874
1 0 2319 4 848045897
2 848 2389
1 0 132 4 314373562
1 1 145 3 398745401
1 1 2851 1 815314487
1 0 1927 4 126713725
1 0 276 2 364636249
2 283 2097
1 1 1456 3 202036009
1 1 1705 2 776690994
1 0 489 1 442602997
1 1 2852 3 658811587
1 0 2545 1 792975107
1 0 1614 3 894214980
1 1 2741 1 871425545
2 580 932
1 0 662 1 386716438
1 1 1109 3 651414645
1 1 1103 4 643827470
1 1 1133 4 534044260
1 0 3074 2 855702231
1 1 2801 3 651964747
1 0 1465 4 504453762
1 1 1318 1 936558086
1 1 25 3 283775313
1 1 1508 4 181735986
1 1 2742 2 281346396
1 0 3649 3 28520089
1 1 711 3 57845691
1 1 2409 1 250645356
2 1440 2011
1 0 3909 2 32785208
1 1 1368 1 930543016
1 0 2951 4 379235355
1 0 1312 4 497279263
1 1 2519 4 609997747
1 1 1958 2 688370243
1 0 1193 1 495309474
1 1 191 2 626290122
2 2993 3580
1 0 2526 2 143861361
1 0 1205 2 702314371
2 3484 2514
1 0 202 4 561679986
1 0 3990 2 249745288
2 1820 44
2 2989 2014
1 0 2608 1 688366582
1 1 2898 2 746443525
1 0 2649 1 670886278
2 667 2600
2 159 1943
1 1 363 1 343201202
1 1 2861 1 916474620
1 0 1983 4 596381053
1 1 1838 4 952076881
1 0 1684 4 643947910
1 0 1813 3 69348671
1 0 2210 1 371051806
1 1 2338 2 290511442
1 0 2790 2 12982545
1 1 3433 3 245965743
2 1443 3700
1 1 2346 1 313254334
2 1539 1225
1 1 42 3 981854920
1 0 791 4 387421516
1 1 1957 4 712360492
1 0 623 4 763727504
1 1 2031 1 3479660
1 1 2392 2 471397314
1 0 2909 1 351992978
1 1 1026 4 970863783
1 1 3905 2 524655945
1 1 753 2 942356342
1 0 231 4 111634340
1 1 1732 2 704143985
1 1 3468 2 622748676
1 0 1949 1 552337481
1 1 2575 2 927460346
1 0 1149 1 325305944
1 1 2461 2 838989828
1 1 1552 3 599965432
2 1342 1047
1 1 2836 1 755145418
1 0 115 4 810621902
2 856 1783
1 0 2625 4 264965017
1 1 1493 1 392723701
1 1 3092 2 331825485
1 1 565 3 96482567
1 0 1029 3 401960076
1 1 754 2 538707021
1 0 2664 2 620569099
1 0 1706 2 348011927
1 1 2676 1 202680498
1 1 590 2 860466175
1 1 1823 2 577119261
1 1 2135 2 42940296
1 1 89 2 515789729
2 3760 1909
1 0 3627 4 663088243
1 0 1679 4 88332047
1 0 3577 3 247373356
1 0 2360 1 522425507
1 1 1309 1 230147714
1 0 1641 2 799834866
1 1 1566 2 248587050
1 1 1550 4 119149224
1 1 1699 2 857563859
1 0 1369 1 197852735
1 0 337 2 668462745
2 3110 1955
1 1 666 2 212492962
1 1 90 1 897155659
1 1 2907 4 523231178
1 0 295 2 90367917
1 0 3488 1 666162755
2 1352 2879
1 1 489 2 8244712
2 2334 3542
1 0 1296 3 407665311
1 0 1796 2 986600636
1 1 1241 1 622795474
1 0 1325 4 466947579
1 0 705 3 279022396
2 311 2935
1 1 2323 2 963843722
1 1 1970 3 190001291
1 0 571 2 982958260
1 0 1762 1 497097808
1 1 237 4 601651350
1 1 2085 2 944868061
1 1 2164 1 172020588
1 0 2245 2 339288551
1 0 793 4 227763753
1 0 3099 1 647364432
1 0 3670 1 934668898
1 1 156 4 557538241
1 0 1601 2 476541753
1 0 1203 2 398325875
1 1 40 3 128566546
1 0 2016 2 264440754
1 0 958 1 706330115
1 0 3139 1 68798676
1 1 2872 4 507477238
1 1 1159 4 292589523
1 0 371 3 693201539
1 0 3578 3 311715095
2 3207 1153
1 1 2172 3 234178961
1 0 1381 1 914838230
1 0 3550 4 876549418
2 3106 602
1 0 1860 4 24101439
1 0 1436 2 994511523
1 1 95 4 834638832
1 1 3703 2 789493451
1 0 1073 2 100176156
1 0 3650 4 746914630
1 1 3704 2 48309115
1 0 3746 3 456438478
1 0 1914 4 418206155
1 0 2473 4 158720536
1 0 1219 1 5382110
2 3118 2032
1 0 395 3 951093259
1 1 3435 2 885251288
2 674 1309
1 0 1679 2 858122298
1 0 1912 3 656685751
1 0 2540 2 800228681
1 1 3076 1 194806956
1 0 1195 3 781822701
1 1 3400 1 541567688
1 0 2768 2 389444110
1 0 297 3 250252038
1 0 1916 2 943491871
1 0 3758 2 623547780
1 1 4 2 177340823
1 0 2238 2 998867830
1 1 1266 3 539754775
1 1 1934 1 589184639
2 3857 3447
1 0 2354 1 801155509
2 2236 3507
1 0 2955 2 348782138
1 0 699 4 599462213
2 591 2367
1 0 108 3 78196712
2 905 441
1 1 3442 2 416568479
2 807 2642
1 0 1983 4 764829896
1 1 1075 2 932528412
1 0 1938 3 222020604
1 0 2887 4 703154260
2 1251 2652
1 1 2535 3 142487099
1 0 3052 3 550528432
1 1 3328 4 451851040
1 0 3064 3 175840824
1 0 1378 3 994524406
2 2369 2579
2 1904 774
2 3117 3184
1 0 99 2 97692606
1 1 1798 1 526069558
1 0 1918 2 370288707
1 1 255 3 861204463
2 2268 3793
1 1 2897 2 127148261
1 1 1546 1 513117837
1 0 1871 1 111442418
1 1 2005 3 541050141
1 0 2360 3 799936238
1 1 2023 4 245870876
1 1 1838 4 823984968
1 0 419 4 549610195
1 0 1149 2 353812462
2 2566 628
1 1 2845 4 620045278
1 0 3093 4 993129927
1 1 1834 2 963661306
2 2001 304
1 0 3543 2 409025011
1 0 3859 4 376361457
1 0 2990 2 535201890
1 0 213 1 923050233
1 0 2986 1 331160073
1 0 2872 2 131951444
1 1 444 3 287693669
1 0 3096 4 954520504
1 0 1073 3 679449387
1 1 168 1 13190506
1 1 2047 3 611961879
2 449 446
2 369 2382
1 1 2944 1 968074647
2 131 1753
1 0 3860 1 742586478
1 0 2924 3 306292582
2 2027 2759
1 1 878 1 221734783
1 1 1431 4 684183809
1 0 3326 4 80905441
1 1 3993 1 473165483
1 0 3847 1 233166540
1 1 964 2 252145634
1 1 3842 2 171343507
1 1 1861 3 141721311
1 1 2851 2 792704555
1 1 1688 4 183250752
1 1 647 4 981586446
1 1 3877 2 381378769
1 1 724 4 667633829
1 0 219 3 184288650
1 1 1839 1 24275253
1 1 1591 3 42913594
1 0 480 2 623034479
1 0 2018 2 826338119
1 1 1037 3 235991982
1 1 408 3 282921369
1 1 1588 3 272200224
1 0 938 4 324817031
1 0 137 3 759545675
1 0 2486 4 65849551
1 1 3484 4 993223018
2 1958 134
2 8 2923
1 0 3674 4 729516108
1 0 3494 1 211346761
1 1 3199 1 447033909
1 1 1486 2 47839559
2 2188 2381
1 0 786 4 833096356
2 2805 2575
2 1637 475
1 1 2942 1 268500230
1 0 2971 2 893148410
1 1 397 3 82639841
1 0 3753 4 334663636
1 1 2947 3 438375236
1 0 1442 3 872888501
2 3948 548
2 658 3791
2 3373 3773
1 1 1297 4 591894853
1 0 1868 1 533552414
1 1 796 3 464879595
2 727 3228
1 0 2338 1 650292647
1 1 1332 4 606959095
1 0 1192 4 343177389
1 1 919 3 310855308
1 0 2495 2 819755122
1 0 731 2 914090778
1 1 515 4 373791249
1 0 3905 1 320049561
1 0 2904 1 392347629
1 1 949 3 687403915
1 1 3966 1 50790093
1 1 1910 2 546076596
2 1529 3718
1 0 2471 1 262345781
1 0 2359 2 399069069
1 0 2934 2 618666268
1 0 488 2 675603443
1 0 2353 1 69317129
1 1 1992 2 956948244
1 1 598 2 234637200
1 1 3071 3 574317800
1 0 2661 2 933424209
1 0 1927 3 685442117
1 1 1355 4 117161076
2 1220 2741
2 3373 2607
2 2324 3096
1 1 892 4 786810756
1 1 2184 2 31786239
2 1373 173
1 0 3538 1 311763926
1 1 747 1 201633994
1 0 334 3 356164768
2 354 2871
2 705 2182
1 1 181 1 482195237
1 0 1448 3 625092533
1 1 3102 4 107241738
2 4 2746
1 0 1607 4 966060068
2 2367 3159
2 251 2671
1 0 3445 4 397287849
1 1 2834 2 117181626
1 0 1285 1 939499622
1 1 1488 3 255416326
1 0 113 4 352980386
1 1 2317 2 373453915
2 144 1299
1 1 102 2 715337796
1 0 295 3 954034977
1 1 2508 3 879358469
2 2203 2456
2 3906 2412
1 1 2799 4 867982084
1 0 3930 4 623440983
2 3816 139
1 1 2298 4 433566033
1 1 1896 1 45694900
2 505 458
1 0 1910 1 951826788
1 0 1687 2 34235438
1 0 3706 2 139714936
1 0 940 4 779569838
1 0 3230 1 91879743
2 2569 3332
2 2718 498
2 423 1409
1 0 883 3 182551064
1 1 2318 2 383666595
2 2703 3702
1 1 3924 3 529870226
1 0 3760 2 78609837
1 0 2224 2 982329083
1 0 2789 2 587319218
1 0 574 2 889290364
1 0 2382 4 745063135
1 1 2632 4 323183089
2 2486 1128
1 0 2153 1 684781958
1 1 3356 4 14542287
2 21 660
2 1449 1571
1 1 2822 4 44111978
1 1 400 4 729189867
1 0 271 1 784365169
2 1305 3830
2 2549 522
1 1 1355 2 349805569
2 3450 1262
1 0 1877 3 508396139
1 0 1113 2 872849520
1 0 1309 4 598839541
1 1 327 3 451607466
2 2048 3550
1 0 3099 2 605505885
2 711 3003
1 0 2960 4 711052721
2 3786 381
1 1 1905 2 356946764
1 0 2206 1 95817918
1 0 724 1 276117394
2 1395 1195
1 0 1285 4 211257682
1 1 242 2 188791508
1 0 359 2 216620036
2 330 178
2 3661 3871
1 1 3186 3 39221502
2 2510 975
1 0 1445 1 972226618
1 0 1649 4 757141624
1 0 1146 3 219061403
1 0 324 3 836796777
2 158 188
1 0 2780 2 571956072
1 0 722 2 198740471
1 0 3323 4 404225090
1 0 2887 1 367720095
2 2256 3676
2 3547 625
2 2211 2846
1 0 1700 4 243682292
2 1766 3330
1 1 1558 1 750271286
1 1 436 3 357280198
1 0 3506 3 22661628
1 1 2433 4 641836695
2 2340 2648
2 2816 1020
1 0 2576 2 261693482
1 0 698 4 399331922
1 0 987 2 221857390
1 1 2035 3 105668943
1 1 526 3 716809326
1 0 2764 2 483784241
1 0 2456 4 402163286
1 1 1762 2 846313184
2 2117 3900
1 1 1098 1 418109326
1 0 430 4 985532991
1 1 1765 1 693605195
1 0 281 3 924813594
1 1 689 1 501421865
1 1 1435 2 687978985
1 0 578 2 18412559
1 1 2868 3 686147916
2 2132 196
2 763 457
1 1 416 1 842140726
1 0 1716 3 74021528
1 1 2252 3 915661000
2 1479 1708
1 1 2021 1 180007707
1 1 948 3 323496341
2 2233 3454
1 1 3267 4 15622744
2 2112 1947
1 1 2795 3 524314328
1 0 2093 4 587291271
1 0 1852 2 186392753
1 0 3015 2 561065287
2 1748 1435
1 1 3610 4 983379871
1 1 1669 3 407222522
1 1 3261 1 672285003
1 1 158 3 948460088
1 1 1395 1 835287854
2 1480 2945
1 0 1726 3 7999777
1 1 2391 1 729236737
1 0 1877 1 410579930
1 1 1150 1 974680415
1 0 1873 3 895784208
2 1997 205
1 0 2230 1 527362598
1 0 1797 1 664886412
1 1 1446 1 676360097
2 2722 1387
2 620 3481
2 3019 316
1 1 3787 2 174771398
1 0 3322 1 336269405
1 1 3802 3 197968616
1 0 403 2 801039123
1 0 1598 1 668278727
1 1 2241 3 357993996
1 0 1848 4 302249309
1 1 2634 4 776354801
1 1 3849 4 490415963
1 1 1341 4 823894083
1 0 3386 3 311807342
1 0 852 2 249311276
1 1 229 2 57301796
1 1 2061 4 227344470
1 0 3260 2 445831438
1 0 3900 4 898625561
1 0 2198 4 958556732
1 0 109 1 722331598
1 1 1899 4 204434559
1 0 879 2 612413223
1 0 1853 2 471047867
1 0 2258 1 935344713
1 0 309 3 237002509
1 0 985 1 277249295
1 1 460 3 958153142
1 1 1516 4 379363168
2 662 3935
1 1 3687 3 26703825
2 2769 3747
1 0 2294 4 229821248
1 1 3439 1 553100231
1 1 1068 1 258905934
1 0 3887 1 391969215
1 0 1399 1 43887946
1 0 243 4 764818251
1 1 3069 2 514015298
2 2971 772
1 0 3593 3 888069488
1 0 2008 1 244339208
1 1 484 2 833675387
2 1062 3207
1 1 2648 1 74250909
1 1 2175 3 608867868
1 0 1770 3 807538954
1 1 235 2 528207624
2 717 1519
1 0 2278 1 381095793
1 0 1796 2 850947740
1 1 1944 1 370875455
1 0 3072 1 591429168
2 3080 355
1 0 3214 1 543541301
1 0 921 4 569740798
1 1 2780 2 742557227
1 1 3710 1 278184230
1 0 2457 3 180233164
1 0 2011 2 335266232
2 3847 3840
1 1 2442 1 106315978
2 3632 2206
2 2065 912
1 0 2137 3 72161159
1 1 3862 3 451843945
1 1 1482 2 476609658
2 1650 2096
1 1 1148 1 266755585
1 1 2022 3 266991638
1 0 3656 1 575015697
2 3005 518
1 0 3207 2 637862782
2 2496 2413
1 0 541 1 986678141
1 1 1221 2 264223083
1 0 2044 2 427502714
1 1 2625 2 542915782
1 1 1517 2 127241262
2 2914 2006
1 1 1523 3 723471426
1 0 2062 1 327365012
1 1 611 1 420677025
1 0 1660 3 880973557
1 1 335 1 359899473
1 0 247 4 460425788
1 0 3842 4 808603196
1 0 1191 4 711194178
1 0 2552 3 507164782
1 1 641 1 838042172
1 1 85 1 71517335
1 0 2492 1 654758610
2 1369 235
1 1 3675 1 846721677
1 1 2149 4 635931426
1 1 2836 2 468231685
1 1 3275 4 107930591
1 1 3175 1 939815779
1 1 1729 1 770477742
2 877 3985
1 1 3008 1 836392025
1 0 1880 2 342272440
1 0 3097 3 527645557
2 1268 654
2 1978 3854
1 0 3493 3 807333375
1 0 222 3 198555245
1 0 3 4 231760589
1 1 831 3 735898215
1 0 3628 1 283215007
1 0 3638 1 965976852
1 0 2370 4 890909890
1 1 3738 4 343865239
1 0 1995 2 645948983
1 0 3338 4 956686702
1 0 3132 3 598699564
1 1 134 2 134378085
1 0 587 2 44930850
1 0 76 4 940806092
1 0 830 4 235671628
1 1 2663 4 2560385
1 0 1263 1 762392135
2 3166 1512
1 0 3048 3 519467887
2 1721 3680
1 1 1672 1 248885722
1 0 3620 2 908476320
1 0 2432 2 386574533
2 3988 3002
1 0 3393 3 824239480
2 2531 967
1 1 2357 3 733114833
1 1 2749 2 449118330
1 1 1356 3 812260344
1 0 457 2 419588644
1 1 1434 3 259973654
2 419 3395
1 0 3265 3 341062612
1 0 949 3 595719078
1 0 2318 2 382135801
2 1177 1521
1 0 2635 1 552599402
2 2721 2534
1 1 3267 3 126675194
1 1 661 1 643443732
1 0 695 4 621183830
2 3984 2979
2 1274 1341
1 1 2469 2 552167530
1 1 2326 3 487513544
1 1 3446 1 760854724
1 0 2560 1 778168415
1 0 268 3 402354384
1 1 31 1 433766125
1 1 3235 1 291919814
1 1 3197 2 323548173
1 1 3557 4 965830417
1 0 930 2 951030607
1 1 3291 1 746622134
1 1 1247 4 721111567
1 1 2508 3 244949056
2 1816 2499
1 0 719 2 632380401
1 0 3573 2 726165077
1 0 3080 4 325334474
1 0 2535 1 822302419
1 0 1877 3 243702377
2 2255 109
1 0 2062 3 901788898
2 729 2792
1 0 1333 4 82640361
1 0 730 3 896294252
1 1 1066 3 151102120
1 0 2552 3 427025862
2 2598 3013
1 1 2172 3 35774645
1 0 3454 1 299496773
1 1 3214 4 635864930
2 180 1301
1 0 3088 1 490004087
1 0 3001 4 802681878
1 0 2611 2 531300547
2 401 2034
1 0 3913 3 892544441
1 1 1902 1 87608298
1 0 392 1 736743403
1 1 3749 3 191820393
1 0 544 3 834021669
1 0 3626 3 266260941
2 1839 336
1 0 3399 4 29416109
2 3732 3785
1 0 1635 1 699413262
1 0 112 1 359378162
1 1 3960 2 383346781
2 1268 1025
1 1 3401 2 544699651
1 1 768 1 354181673
1 0 3761 2 539380528
1 0 221 3 231092056
1 1 3226 2 790445753
1 0 2687 4 892868325
2 2117 3421
1 0 3049 4 130558420
1 1 363 2 30300200
1 0 272 3 413449136
2 2343 3710
1 0 352 1 923789503
2 464 2833
1 0 1030 2 71353601
1 1 2946 3 970470824
1 0 1717 4 589915571
2 2496 533
1 1 869 3 400786919
1 0 3092 3 308349663
1 1 3484 3 168287755
1 0 3294 2 176772955
1 1 1962 4 311361092
1 0 1467 3 793673108
1 1 3072 4 627945305
1 1 2862 4 623462778
1 1 949 1 568437754
2 866 2460
1 1 3921 1 98034225
1 1 2709 2 69957510
1 0 3545 2 227134371
1 0 1466 2 911097872
1 0 159 1 884236548
1 0 2751 2 478303637
2 3519 3753
1 0 295 2 94358068
1 1 2554 2 706961604
1 1 3724 2 239346771
1 0 1082 1 130352703
2 3255 3425
1 1 128 2 24036203
1 1 2293 1 190107561
1 0 116 4 137767868
1 1 1850 3 988804204
1 0 1000 1 150415365
1 0 3243 4 19819788
1 1 3073 4 301508471
1 0 3006 2 166325578
1 1 1327 4 472114877
1 0 1091 2 675641981
1 1 2153 3 751833309
2 2780 1299
1 0 1127 2 51086872
1 0 1735 3 789746401
2 2836 2980
1 1 3679 1 28480257
2 1248 2090
1 0 2506 3 625749794
1 0 455 1 326402834
1 1 2542 4 783729312
1 1 423 3 761131184
1 0 246 1 138751212
1 0 1967 4 945643116
1 0 1426 3 231718757
2 2367 1154
1 1 1658 1 972100853
1 0 386 3 249109390
2 3339 1962
1 0 3952 4 741893062
1 1 1410 3 531436204
1 0 2287 2 670982454
1 1 3046 2 754339895
1 1 3732 4 592113898
1 0 2659 4 519732221
1 1 1451 2 4921519
1 0 1156 4 757925301
2 1427 1263
2 2059 1220
1 1 195 1 108613121
1 0 3050 2 24931356
1 1 3493 3 715276550
1 1 3908 2 440378283
1 0 1422 2 881608557
1 1 41 1 783204928
1 1 1340 2 516023546
1 0 563 4 179742557
1 0 917 2 94520389
1 1 2496 4 644528560
2 2438 2919
1 1 1783 4 980264796
1 1 2308 3 352423393
1 0 863 1 724879357
1 0 2035 4 975769690
1 0 1469 1 467364064
2 2753 933
1 1 477 4 498726541
1 0 3291 2 12839665
2 3418 2099
1 0 3567 3 503343079
1 1 2087 3 979671806
1 1 2663 1 460530807
1 0 1631 2 338222859
1 0 3238 3 753391657
1 1 663 1 559667042
1 1 2286 3 891998769
1 1 2560 1 299533425
1 1 383 3 889723988
1 1 1685 2 574221416
2 3822 1421
2 3281 1142
2 1378 3241
1 1 743 3 463140101
2 2019 1242
2 806 2475
1 1 1212 3 743387267
1 0 532 3 444995015
1 0 2288 1 435273932
1 1 1960 2 174226650
2 3767 3300
1 0 3394 3 237121682
2 748 21
1 1 920 1 382793688
1 1 3657 1 857345622
1 1 3141 1 265585208
1 0 2381 1 810338006
2 3390 2427
1 0 2661 2 392787812
1 0 943 3 513292575
1 0 394 4 878041581
1 0 1923 3 146211619
1 1 2300 3 163638924
1 1 1131 1 961963714
1 0 4000 1 262945600
2 2878 3171
2 377 380
2 1717 608
2 1211 3531
1 1 3553 2 476573548
1 1 1808 1 626511445
1 1 2008 3 674301922
1 0 2156 2 301364560
1 0 2107 3 962683288
1 1 105 4 357684965
1 1 1815 4 935482000
2 2989 1084
2 1434 2920
2 3246 3809
1 1 1574 1 238502430
1 1 1963 1 958381808
2 2503 555
1 1 3108 4 918375604
1 0 1670 2 129425965
1 1 2871 2 386893245
1 1 1706 4 727037117
1 1 1317 2 339671025
1 1 473 4 896065187
2 2463 3952
2 349 2608
2 2494 2281
2 2997 1943
1 0 226 3 732171648
1 0 3622 1 639409836
1 0 162 4 884059683
2 2926 3193
1 1 1568 1 415955926
1 1 413 4 599597250
1 1 2606 4 240087430
1 0 1778 4 502501435
1 1 2970 1 379028366
2 2299 1283
1 1 819 1 63275839
2 1238 2915
1 0 2533 2 431753180
1 1 3616 4 558799357
2 2548 3110
1 0 2117 2 878136339
1 1 2353 3 544446258
2 2026 1687
1 1 1613 3 911064532
1 1 3429 4 509983500
1 1 752 1 958921878
1 1 819 1 540409592
2 2090 3789
1 0 1487 1 963671540
1 0 109 4 191815130
1 0 3446 2 600711285
1 1 1244 3 802999900
1 1 2189 2 728896751
1 1 3032 1 788274673
1 0 3348 4 618369792
1 0 3627 4 693976531
1 1 2478 3 949578267
1 0 2319 3 616743520
2 526 448
1 1 1126 4 615650603
2 3761 2883
1 1 249 4 883718015
1 1 476 3 325710912
1 0 1446 2 217190732
1 0 2936 2 28588735
1 0 1436 2 85918111
1 0 3527 2 271733802
1 0 940 2 786435438
1 0 1743 2 78471480
1 1 1821 2 484022503
1 0 607 3 292676234
1 0 3400 3 148967999
1 0 3219 3 737513244
1 0 3449 4 411699152
1 1 3746 3 207050661
1 1 2860 2 72953308
1 1 2564 1 979506450
1 0 3561 4 825464560
2 3761 2689
1 1 1208 4 255547627
1 1 3918 4 610292377
2 441 903
1 1 3371 1 76852057
1 1 1623 2 523177399
1 1 703 4 572077532
1 1 2615 4 788825469
1 1 2361 2 518913777
1 0 66 3 348547684
1 0 1416 3 708015416
2 3414 3434
2 1266 2796
2 3171 2774
1 0 1763 1 816746601
1 1 3622 3 599120027
2 2918 3239
2 2105 2912
1 1 2643 3 31900540
1 0 307 2 623493984
2 3802 3318
2 858 3107
1 0 2727 4 964576154
1 1 3771 3 92672180
1 1 2405 4 308715435
1 0 2725 4 193799832
1 1 2400 2 849243842
1 0 2407 2 189400558
1 0 3586 4 363465248
1 0 548 3 980596930
2 3227 263
1 0 2519 1 313221079
1 1 795 2 868857286
1 1 2860 3 222271778
1 0 69 4 105993146
1 0 154 2 450441485
1 0 1906 1 657637997
1 0 2863 3 663364070
1 1 3212 2 356024623
1 0 548 3 602463463
1 0 2753 3 265150351
2 2070 2812
1 0 1134 3 972884171
1 0 2474 1 152978160
1 1 1054 1 54642117
1 1 2799 3 612380883
1 1 2052 4 156991965
2 1006 2703
1 0 644 2 345907102
1 1 3643 1 30328681
1 0 2038 3 967661063
1 1 3448 2 321136238
2 3126 1577
2 722 252
1 0 623 2 28419517
1 0 487 2 400997735
1 1 1385 4 783112480
1 1 361 1 955227432
1 0 1055 1 230845869
1 0 2957 4 710322237
1 1 3842 2 151746074
1 0 521 3 591945913
1 1 2787 4 122395766
2 3495 330
1 0 3248 4 547458162
1 1 2651 2 680834231
2 466 3165
2 2022 1846
1 1 926 2 90195978
1 1 251 4 678173058
2 2398 530
1 1 2809 4 858201608
1 1 334 1 310558187
2 1033 3163
1 1 3807 1 570379180
1 0 2562 2 810821412
1 0 1182 1 848032489
1 1 2818 1 398818354
1 1 2174 3 667075035
2 1217 2522
1 0 3662 4 647383362
1 0 3328 2 863914259
1 1 332 3 460205760
2 2280 713
1 0 1595 1 227768236
1 0 116 1 682517450
2 374 2176
1 0 3920 1 668556009
1 0 2864 4 693423727
1 0 3635 3 298861659
1 1 3759 1 891949772
1 0 1137 2 439452186
2 1531 3236
1 1 3859 1 305597904
1 0 679 2 167975044
1 1 2076 4 892612297
2 401 844
1 0 1268 4 147971872
2 2779 394
2 1078 618
2 3782 420
1 0 2502 4 977598846
1 0 1345 1 220770799
1 0 2120 3 865646884
1 1 3272 4 466791189
1 1 3954 1 681985916
1 1 1209 4 613427917
2 2380 1525
2 1107 3547
1 0 2412 2 519277987
1 0 1681 4 963406776
1 1 1324 2 8555695
1 0 1300 1 58538806
2 456 76
1 1 3688 3 175289634
1 1 3383 1 530622445
1 1 352 4 799258582
1 1 925 4 533812485
1 1 2920 4 541977405
1 0 2168 4 962672008
2 1911 557
1 1 2546 3 423109054
1 1 1682 3 586955860
2 2934 1850
1 0 2546 4 612299483
1 0 1151 1 763361389
1 1 3515 2 888101104
1 1 3335 3 123131249
1 1 2842 1 267717659
1 1 2467 3 157824818
2 1182 2131
2 927 3118
1 1 2601 2 939423835
2 1630 290
1 1 3373 1 275940292
1 1 2443 1 69591015
1 1 2197 3 363854988
2 1382 2928
1 1 1892 2 677017590
1 1 3444 1 110126759
1 1 2913 3 922632002
2 3309 1203
2 1648 3030
1 1 984 2 965952023
1 0 1454 3 669177567
2 1341 218
2 219 2013
2 1162 3055
1 0 1196 4 548542499
1 1 1527 1 823984155
1 1 1353 4 542365407
1 0 2624 2 435549181
1 1 385 4 419971658
1 1 1987 4 857001037
1 1 3461 4 16805970
1 0 207 2 1163150
2 3752 1984
1 1 2422 4 173216499
1 1 2080 4 115048544
1 1 1128 2 969376443
1 0 836 4 418707619
1 0 930 3 850051348
1 1 2795 4 519967908
1 0 2528 4 168954183
2 2068 782
1 0 1626 4 412781919
1 1 1120 1 429596638
1 1 3786 4 179026795
1 0 1969 3 727708848
1 1 1657 4 585932090
2 3126 1278
1 1 3235 3 697988095
1 0 433 2 95586241
1 1 3034 1 568585670
2 1094 3844
1 0 1492 1 533459661
1 0 2376 3 749742803
1 0 943 4 273453740
1 1 2103 4 672775010
2 3120 2761
2 2924 3328
1 0 2031 2 998342271
1 1 22 4 757843263
1 1 2920 3 339862237
1 1 2426 1 894396343
1 0 4 2 304493794
2 837 3864
1 1 1772 2 512443745
2 1428 2799
2 2640 2668
1 1 1075 3 993880229
1 0 1025 4 170785538
1 0 2523 1 8088324
1 1 3693 2 474555904
2 451 3743
1 0 158 4 738422200
1 1 2235 3 26760935
2 2312 3758
1 1 3626 2 240762488
1 1 1463 1 153483427
1 0 2217 1 539990828
1 0 3704 3 418429985
1 0 844 4 247158803
1 0 3016 1 306306494
1 0 2562 4 970185091
1 0 2551 1 878052030
1 0 1431 1 474017847
1 0 810 4 560947256
1 1 3624 4 911859574
1 1 883 3 395586368
1 0 1015 3 451502772
1 1 805 4 901656233
1 1 2785 3 16396202
1 0 1205 2 152756081
1 1 3269 3 860670086
1 0 698 1 317092580
2 1939 2341
1 1 3277 2 494014335
2 2199 2861
1 1 2388 1 219780519
1 0 2552 2 435672759
1 1 570 1 986560179
2 3923 3780
1 0 3510 4 815862768
1 1 1747 2 738036399
1 1 2182 1 890456992
1 1 2826 1 766395094
1 0 1606 4 715476644
1 0 3247 4 391360004
1 0 3912 3 806137464
1 1 581 2 173828982
2 3344 1880
1 1 1493 2 68195887
1 1 2586 2 746068422
1 0 2726 1 290625395
1 0 1051 3 537150333
1 0 3538 1 378116175
1 1 1074 2 232020883
1 1 2164 3 608062690
1 0 2153 4 844796800
1 1 2442 3 989213286
1 1 465 1 6952225
1 0 2936 3 103052240
1 0 3668 2 925404013
1 0 2166 3 162746971
2 685 2545
1 0 1321 1 819668162
1 0 108 2 920606125
1 1 3882 3 272675243
1 1 3105 1 563192204
1 1 2607 2 355924209
1 0 2784 4 232426778
1 1 1699 1 749522918
1 1 2420 1 218884960
1 1 196 3 386512795
1 1 1265 4 185646530
1 0 1011 2 370172117
1 1 1809 2 475601956
1 1 3387 3 178676351
1 0 1573 1 431914394
1 0 2412 2 245853583
2 184 1966
1 0 3936 2 278248819
1 1 2465 2 878095939
1 0 1447 4 18865595
1 1 3720 1 715324591
1 0 3794 4 786190352
1 1 1955 2 360907709
2 142 455
1 1 2063 3 960584324
1 0 3412 4 391194026
1 0 734 3 287861849
1 0 44 3 264966888
1 0 89 3 560215369
1 0 3590 1 111686508
1 0 201 3 36817441
1 1 2047 1 943129107
1 1 3567 2 558997030
2 2279 2879
1 0 2876 3 556107474
1 0 574 1 409502755
1 0 2614 3 86603934
1 0 2430 1 910481651
1 0 3479 4 919851903
1 0 1899 2 145977670
2 42 3105
1 1 477 2 367174290
1 1 1639 3 47393715
2 2932 642
2 2924 3353
1 0 846 1 333570093
1 0 3845 3 850550406
1 0 1150 3 647199393
1 0 3703 4 295839299
2 601 2720
1 0 1856 3 483614435
1 1 2651 1 996056852
1 0 882 4 243852554
1 0 202 1 54188038
1 1 3848 2 751243060
1 1 2078 1 377658673
1 0 173 4 602112841
1 0 1160 2 882471069
1 1 2264 1 624081171
1 0 2028 4 677081162
2 1270 207
1 1 3177 1 649984032
1 1 3465 1 149798200
2 1586 2574
1 0 1253 1 410997801
1 1 175 2 812856156
1 0 214 3 205987604
2 1786 2868
1 0 3389 3 693889795
1 1 3361 4 384662914
1 1 2010 4 273941061
1 0 1844 2 647974218
1 0 1484 3 391078480
1 1 3375 3 716289292
2 1966 1097
2 274 534
1 0 3648 1 233854942
1 1 1579 3 386562969
1 0 2744 1 68841931
1 0 1898 4 273656940
1 1 347 1 214122926
1 0 1011 2 144888314
1 0 395 4 76248800
1 0 2971 4 974710498
1 0 3868 1 902913849
1 1 1913 3 565660859
1 1 294 2 980241066
1 0 1147 3 681234587
1 1 3949 1 308882186
1 0 1220 2 574844553
1 1 3056 3 184149726
1 0 1333 2 253640798
2 3659 3968
1 1 3939 2 780612535
1 1 972 3 130447407
1 1 3238 4 448169972
2 139 705
2 1623 3234
1 0 1770 1 835695257
1 0 2930 2 564988572
1 0 2539 4 96443920
2 961 3408
1 1 621 3 811936445
1 1 3969 1 393333368
2 2703 3801
1 1 871 4 606121209
1 1 3476 1 736941241
1 1 3136 3 634606858
2 1964 695
1 1 584 4 939836217
1 1 3802 2 903881445
1 0 92 4 14488899
1 0 2726 1 253101934
1 1 3023 4 763767078
2 778 3777
1 1 1914 4 959014216
1 1 1961 4 374039008
1 1 1023 2 294412070
2 1982 1965
2 1512 1845
1 1 3166 4 766322475
1 1 2433 4 36796171
1 0 2275 1 280829664
2 2566 946
1 0 277 3 467482283
1 1 580 3 791398984
1 1 3475 2 702991021
1 1 666 4 22038076
2 35 2241
2 2510 2458
1 0 1908 2 386473025
1 1 11 2 817630577
2 2018 2538
1 1 3283 2 912438225
1 0 1860 2 536547711
1 0 3808 2 726770498
1 1 947 3 675172923
2 228 3803
1 1 1265 1 535042870
2 2081 378
1 0 1024 4 599724838
1 1 3985 3 955668461
2 476 2853
1 1 3447 2 539934240
2 860 1436
1 0 3648 2 958033756
1 0 997 4 600370452
1 1 3297 4 144104449
1 1 1641 3 966212636
2 2811 57
1 1 2190 4 704871816
2 1750 3914
1 1 523 1 609378663
1 0 2548 1 860335119
1 0 194 2 741711980
2 1531 1676
2 893 825
1 1 3728 2 751240202
1 1 1649 2 693201080
1 0 3843 3 379786647
1 0 2229 3 255612620
2 971 2464
1 0 2363 3 994452796
1 0 2213 4 686349497
1 0 3382 4 221213720
1 1 2181 1 463531002
2 670 2386
1 0 2351 1 76521164
2 194 3820
1 0 3725 2 392701379
2 681 63
1 1 2524 1 374120196
1 1 641 3 75090027
1 0 1734 2 680616123
1 1 64 3 191631353
1 0 583 2 57476975
1 0 1764 1 607164881
1 0 3499 1 928272853
2 3193 1314
1 0 458 4 691017286
1 1 3897 3 53964057
1 0 2624 4 538224586
1 1 2036 1 254446342
1 0 609 3 303808943
1 0 3343 1 797776668
2 3910 235
1 1 3683 1 975532312
1 0 3887 2 320082098
1 1 3493 4 925399862
2 1190 1804
1 1 1153 1 793094326
1 0 1329 2 693944722
1 1 1272 4 206610357
1 0 2667 3 389040121
1 1 2345 3 453362094
1 0 2558 4 35459073
2 1472 1282
2 3865 3749
1 0 2258 4 321180057
1 0 3416 4 492565970
1 0 2434 4 826618412
1 0 1811 1 998706486
2 2545 3904
2 3243 3584
2 2958 3978
1 0 3219 1 393855159
1 1 3963 3 298875737
1 0 1446 2 842154259
1 1 2254 2 906097471
1 1 2670 3 235468087
1 1 929 4 537857068
1 0 3378 3 19144822
1 0 3227 4 563829774
2 225 1758
1 0 199 2 399215029
1 0 3521 2 246722933
2 2727 3920
1 1 1726 3 995966834
2 591 806
1 1 558 2 259684445
2 2014 1106
1 0 2970 3 471362704
1 1 501 4 728246995
1 0 1838 2 666273900
1 1 3590 3 176767375
2 2799 2303
1 0 2785 2 847030610
1 1 550 4 458492555
2 388 440
1 1 928 2 111942130
2 2290 3493
2 3292 938
1 0 2234 4 608491530
1 0 2197 4 959882517
1 1 3279 2 875590147
1 1 1766 1 840422171
1 0 2243 4 589464041
1 1 2422 4 568573226
1 0 1549 2 204045337
2 2748 1291
1 1 493 3 940932026
1 0 3959 3 393891306
1 1 1159 3 414274957
2 3661 2251
1 1 1080 2 11201829
1 0 50 1 66145984
2 2875 3427
1 0 1250 3 850784330
1 0 3140 4 608310118
1 1 95 2 331536189
1 0 1697 3 2862091
2 154 961
2 3019 3092
2 2438 797
2 3045 371
1 0 3558 4 951397881
2 3959 3164
2 2846 1715
2 68 3758
1 0 101 4 412180824
2 3861 3752
1 0 3529 3 964945706
2 3031 2867
1 1 3230 4 363462557
1 0 1063 1 171445347
1 1 770 3 715151476
1 0 420 1 257877433
1 0 370 4 390993493
1 1 3943 1 347863163
1 1 1149 1 326454881
1 1 2691 1 795921178
1 1 1471 3 97457265
1 0 3902 1 41200875
1 1 2242 4 354790586
2 179 2588
2 3265 473
1 1 3183 1 490909654
1 0 2419 4 157071512
1 1 482 1 892900163
1 0 1707 1 941500811
1 1 751 4 909944049
1 1 1156 3 98762869
1 1 3268 4 843598624
1 1 749 2 429068928
1 1 3970 4 65782873
1 0 1935 4 187485422
1 0 2972 2 319023226
1 1 95 2 379608964
1 0 629 4 357181166
1 0 3580 3 813314805
2 3889 765
2 2473 3320
1 1 2830 1 606478735
1 1 578 2 314056090
2 708 2328
1 1 2161 2 975579660
1 1 3317 2 671904669
1 0 2809 4 351557132
1 1 3002 3 945684779
1 0 2800 2 967317664
1 1 3437 2 25316935
2 173 2215
1 1 2031 3 225693351
2 1967 1826
1 1 2088 2 853264518
1 0 3533 1 808367666
1 1 2191 2 625896530
1 0 1669 3 385900653
2 287 1672
1 1 736 2 561140315
1 1 3561 3 658040564
1 0 3177 1 810776574
1 1 413 1 865428349
1 1 478 2 861363223
2 3373 2322
1 0 2157 1 321661296
1 1 267 3 297571312
1 1 2981 4 462818641
1 1 1131 4 425434509
1 0 772 4 560687038
1 1 2811 2 379763529
1 1 984 4 61908979
1 1 3068 2 876183197
1 1 2504 2 86515052
1 0 772 2 617790738
1 1 730 4 76550682
1 0 753 4 966597209
2 1430 362
2 934 9
1 1 754 2 255037914
1 1 3522 2 609539534
2 105 1596
2 701 2943
2 1803 2593
1 1 2336 4 967827548
1 0 2077 4 733542465
1 0 27 1 6358872
1 0 1636 4 729160877
1 1 3162 3 706333956
2 3375 3461
1 0 495 4 940794759
1 0 3139 2 559535086
1 1 2201 1 610606338
1 1 1380 2 88887780
2 2733 1792
1 1 2994 3 263753449
1 1 3219 1 143264128
1 0 1728 1 956229839
1 0 3389 1 912625648
2 3051 2295
1 0 2586 3 996315070
1 0 1876 1 586164660
1 1 3398 2 799226906
1 1 2653 3 963429051
2 2125 1016
2 2535 3103
1 1 2118 3 422640109
2 3902 554
2 2076 2584
1 1 2520 1 463296587
1 0 2714 1 473429651
1 1 3261 2 195045182
2 2131 3454
1 1 706 3 518704076
1 0 125 2 118736020
1 1 295 4 956962360
1 0 1913 2 18856038
1 0 1464 3 544389642
1 1 2784 1 66066570
2 2378 3395
1 0 2546 3 253809614
2 2634 2910
1 1 2633 4 913656526
1 0 3901 4 559030589
1 0 2517 3 351983253
1 0 1250 3 634008001
1 1 505 3 251404161
1 1 2001 3 292667102
1 1 3566 1 252292766
1 1 3698 1 845171248
1 1 123 1 170562796
2 3428 1411
1 1 1142 3 178091822
1 1 3021 2 829634358
2 2696 1307
1 0 3723 4 851143228
1 1 2585 2 926181205
2 2733 336
1 0 1970 2 36332427
1 0 1949 3 654841875
1 1 2776 1 737056796
1 0 2881 1 465361174
2 2598 1213
2 3275 905
1 1 328 2 297257088
1 1 618 3 132099750
1 1 3088 4 502272438
2 619 2616
2 2128 3613
1 0 2077 3 858070449
2 926 3476
1 1 1282 1 214351583
1 1 3313 1 293419294
1 0 3129 4 426349214
1 1 711 1 64224019
1 1 435 2 206164470
1 1 2890 4 431298847
1 1 2075 1 712010699
2 628 1378
1 1 1073 1 832849366
2 2399 350
1 0 1677 3 572390040
1 0 2180 4 822388311
1 1 3583 3 953538018
1 0 3875 3 115095985
1 1 1349 2 804370899
1 1 3463 3 261096605
1 1 1517 2 24818420
1 0 3359 2 531399259
1 1 3987 3 109180594
1 0 389 3 519032437
1 0 766 3 531315629
1 0 2431 3 9884238
2 3284 2456
1 1 135 1 481616011
1 1 2136 1 675082733
1 1 884 3 990293704
1 1 1340 4 511411774
1 0 3724 2 661102290
1 1 2536 2 334693746
2 2252 3560
1 1 1124 2 157758083
1 1 1399 2 115743
1 1 849 4 719917799
1 1 992 4 417605657
1 1 2661 3 606858455
1 1 656 1 585456508
2 2256 769
2 487 326
1 1 180 4 570954149
1 1 170 4 690506618
1 0 3747 2 733072306
1 1 2842 2 675119710
1 0 2932 2 182704378
1 1 3793 4 159025997
2 2482 3350
1 1 2607 1 542852383
1 1 652 1 826035877
2 3971 899
1 1 1120 1 42705709
1 1 2580 1 733314165
1 1 3521 4 393801609
2 2755 3575
1 0 2 4 245331075
1 0 730 2 189023286
1 0 3766 4 165642687
2 2528 1370
2 3890 2098
1 0 858 2 57413728
1 0 2525 2 897787388
1 0 1861 3 558418537
1 1 482 3 66407064
2 2356 3353
2 1272 2754
1 1 1608 2 355258965
1 0 2935 1 676000173
1 0 3039 4 869469646
1 0 1281 3 237527152
1 1 3465 3 694127197
1 0 3186 2 602397161
1 1 2033 4 868469291
1 1 1930 3 942528268
1 1 1826 1 882773365
2 1487 2528
1 0 2311 2 581838773
2 1714 3665
1 1 3756 2 92546194
2 2279 685
2 2304 749
1 0 763 1 779326051
1 0 492 2 960101466
1 1 3155 4 892564294
1 1 74 3 738755797
1 1 3336 2 211920685
2 1794 3126
1 1 3475 3 458595048
1 0 2045 4 958572749
2 3000 1081
1 0 356 2 155841243
1 0 606 2 613099340
1 0 6 2 317324483
1 1 2665 1 351596489
1 1 2188 4 39163443
1 1 2046 2 825518441
1 0 3733 2 66855649
1 0 965 2 651911883
1 1 497 3 494203020
1 1 322 1 202920104
1 0 3921 4 164262442
2 3403 1393
1 0 3800 2 916091955
1 0 2561 4 527144024
1 0 839 3 83603828
2 3969 1473
1 0 224 3 749089755
1 1 881 2 406634293
2 2344 2386
2 1925 2044
1 0 1181 3 468913758
2 103 3666
1 0 110 3 919943562
2 2127 1300
1 1 3702 1 139719967
1 1 3043 2 336504745
1 0 3595 4 331190445
1 1 524 1 225669173
2 2553 2392
2 3363 275
1 1 1652 2 105990866
1 1 1852 3 25832451
2 2837 1303
1 1 3159 2 9479282
1 0 2446 4 428439959
1 0 1709 1 765882261
1 1 1572 2 766252219
2 3214 2724
1 1 1477 4 208219185
1 0 3564 2 710380230
1 0 3967 3 293473972
1 0 3328 2 586984037
1 0 3344 2 405865771
1 1 3154 4 839334171
1 1 2783 3 153642718
1 1 1713 2 160988195
1 1 2551 3 934770794
2 2571 3088
1 0 3913 2 678964201
1 0 1514 4 358981927
1 1 1195 4 386359438
1 0 1538 1 702554283
1 0 145 2 917531335
1 0 3006 3 901925222
1 0 2723 3 976107332
2 2482 3995
1 0 2223 1 608998618
1 0 14 2 169356252
1 0 2930 2 229383776
1 1 467 3 71699441
1 0 2010 4 335714485
1 1 84 4 888785307
1 1 764 3 729818028
1 0 1177 1 551267576
1 1 1738 4 994758144
1 0 3259 4 91910309
2 304 2378
1 0 2307 4 379071445
1 1 2886 1 540623552
1 0 2752 2 680344594
1 1 3332 2 563009287
2 1714 563
2 2999 1971
1 1 3063 2 972752519
1 1 2255 3 18815425
2 368 2994
1 1 3751 1 745294438
2 1639 2905
2 831 932
1 0 26 4 590553336
1 1 3730 3 436768789
1 0 1877 1 302746991
2 565 9
2 2917 3729
1 0 2274 1 118877626
2 3212 2655
1 1 3890 2 31657582
2 1232 1547
2 1150 24
1 0 920 3 451242019
1 1 92 1 179804374
1 0 1357 2 340279095
2 2351 960
1 0 163 3 123204108
2 3310 1855
2 259 2664
1 0 3501 4 495429378
2 799 437
1 1 1866 3 936392454
1 1 2513 4 480674627
1 0 476 4 685938491
1 1 2556 2 901805632
1 0 258 3 250279395
1 1 2174 2 356178669
2 53 817
1 0 873 2 889396613
2 2490 3621
2 1157 1823
1 1 3030 4 715944822
1 0 3041 3 57706888
1 1 3257 3 186805830
1 0 1181 2 769324900
1 0 1394 1 669743195
1 1 1427 3 444190159
1 0 251 2 384269403
2 3974 3905
1 1 749 1 527310193
1 0 2985 4 935068889
1 1 3181 3 102854448
2 1632 2555
1 1 1446 4 958479602
1 0 3134 2 521897270
2 273 1633
1 0 3332 1 818965388
1 1 833 4 500153917
1 0 878 4 415726395
1 1 1090 4 891168993
1 1 1345 3 967634082
1 0 3677 1 830163499
1 0 383 1 898510207
1 1 3639 2 2767241
1 0 186 1 308100589
1 1 109 3 474718436
1 0 2468 2 775313909
2 2602 2786
1 1 1659 2 990831499
1 1 2276 1 929965074
1 0 1141 3 603884939
2 1127 3720
1 1 3643 2 712548826
1 1 863 3 500942117
1 0 3999 1 130630774
2 2661 1425
1 0 3157 3 15629285
2 569 3472
1 0 2654 4 616679153
1 0 3469 2 451129317
2 3875 3007
1 0 2225 3 779584455
1 1 575 1 68327559
1 0 1557 2 472576078
1 1 2156 4 812096876
1 0 281 4 620141713
2 629 3373
2 1412 2619
1 0 1050 4 626129621
2 190 2078
1 1 1661 2 757756740
1 1 818 4 682535714
1 0 3923 4 935591603
1 0 1594 3 105448217
1 0 1496 3 172476158
2 1440 1187
1 0 1636 2 733673260
2 3724 2451
2 2288 1819
2 3947 114
1 0 3777 1 376851650
2 2347 135
1 1 1182 2 371149021
2 305 1951
1 0 778 3 705782431
1 1 2862 4 108766426
1 1 3658 2 995455872
1 0 3803 2 619590322
2 3556 3524
1 0 2116 4 671919816
2 1116 3981
1 0 2891 2 955229288
2 3466 3179
1 1 2950 4 936239384
1 0 3691 1 367452563
1 1 3417 1 487862531
1 1 315 2 141407927
1 1 1707 4 931889018
1 0 3087 4 550866571
2 1370 1461
1 0 179 3 287026552
1 0 2427 2 929032970
1 0 1996 2 184692814
1 0 3904 3 69737101
1 0 602 2 916201411
1 1 2360 1 932691454
1 0 2267 4 32131958
1 0 3609 1 811770509
1 0 515 1 571412326
1 0 2298 3 218327818
1 0 3368 4 255319049
1 0 208 1 368659419
1 1 3891 4 970646823
2 1706 3349
2 3340 2730
2 3161 1270
1 1 3016 2 366315583
1 0 1621 2 555730176
1 0 2575 1 98579239
1 0 3381 3 154703166
2 1183 2982
1 1 395 3 372701406
1 0 1548 3 728901818
1 1 605 2 511477047
1 1 126 3 923269462
1 0 3776 3 285875840
1 0 3526 2 138289322
1 0 317 2 810860139
1 0 560 4 984830259
2 3331 3292
1 0 1445 2 867702071
1 0 3971 2 482923861
2 3814 615
1 0 2712 1 620942022
1 1 582 4 379368885
1 1 2193 4 54131960
2 2857 303
1 1 1106 4 128587225
1 1 957 1 797398895
2 2462 3188
1 0 3170 4 86416404
1 0 283 2 253087540
2 3596 3098
1 1 1885 1 767607868
1 0 3687 2 367835362
1 0 1336 4 317056126
1 0 78 4 451115464
2 1869 1943
1 0 1556 4 605264937
2 570 2814
1 1 145 3 104024068
1 0 2213 4 595759792
1 1 3484 3 415852102
2 460 3792
1 0 1786 2 216220443
1 0 437 4 695090969
1 0 917 3 173968910
1 0 3809 2 187090977
1 1 481 1 401881347
2 2688 604
1 0 2493 4 563280365
1 1 382 1 83967673
1 0 1533 3 650502080
1 0 393 1 788419398
1 0 2244 1 159762706
1 0 1776 3 100864148
2 9 2007
1 1 3208 4 148656553
2 3226 2531
2 3494 3991
1 1 2131 3 485310121
2 2643 3319
1 0 1124 3 48273448
1 0 2363 3 276541398
2 3269 3708
1 0 1808 2 325493009
1 1 135 1 203308113
1 1 315 3 682385816
1 0 3412 2 182452175
2 1215 3351
1 0 2762 2 53664962
1 0 215 2 199589199
1 0 3173 1 776629063
1 1 3337 1 866441178
1 0 3590 2 979614189
2 1289 3917
1 0 1935 3 151728434
1 1 1164 3 423804168
1 0 1546 1 124329322
1 1 2536 4 266333115
1 0 2036 2 676989071
2 291 2471
1 0 2043 1 982492
1 1 3811 4 760887025
2 1945 3069
1 1 1875 1 445016426
1 1 793 3 788429441
1 0 3942 3 383582946
1 0 1996 2 272443215
1 1 2113 2 579644695
1 1 2568 3 71174651
1 0 3331 4 919635660
1 0 1476 2 120474528
1 0 1458 4 663845295
1 1 1962 2 64199168
1 0 1477 2 81828994
1 1 211 3 71468276
1 1 3184 1 394010599
1 1 1692 3 809088382
2 1587 3244
1 0 840 4 218249532
1 1 2701 4 494689163
1 0 1080 1 178141036
1 0 3125 1 344441498
1 0 2794 1 225633207
1 0 3320 3 990943015
1 1 41 4 440514195
1 1 1952 2 654572990
1 1 1430 1 632939599
1 1 3945 3 291061739
1 1 90 1 161441495
2 307 2917
1 1 935 3 812152441
1 1 1640 1 904449531
1 0 2844 2 834061763
1 1 2446 2 847690761
2 3276 2871
1 0 1109 3 518591600
1 1 3145 4 89472360
2 3848 885
2 2335 1731
2 3934 1099
1 1 2160 1 204064126
2 2216 2683
1 1 253 4 206463957
2 3734 29
1 1 3370 1 269988799
1 0 3659 4 659082737
1 1 1080 3 688779960
1 0 1087 4 112583967
1 1 3584 2 893431852
1 1 3991 1 570078426
1 0 1895 1 859018340
1 0 389 4 400317482
1 0 3520 4 155741763
2 3687 3273
1 1 2655 3 125021418
1 0 1961 3 594743210
1 1 1575 2 404760889
2 417 2582
2 3296 857
1 1 1668 3 314980349
1 1 389 3 484614024
1 1 1421 1 694185592
1 1 1884 3 334340840
1 0 1985 2 363012621
2 1222 879
1 0 2902 2 983412308
1 1 1786 4 725939297
1 1 3679 1 483033927
1 0 276 2 731805087
1 0 3967 4 388649596
1 1 2932 4 968618593
1 0 3655 1 358515605
1 1 2904 4 91104626
1 1 2808 1 568313285
1 1 1411 3 175832295
1 0 844 2 386800797
1 0 791 4 922812333
1 0 1745 1 262015019
1 0 2642 4 822224067
2 3904 1142
2 1151 2667
1 1 1411 2 266860264
1 0 1454 2 661216065
1 0 1803 3 372001143
1 0 1653 2 829367428
1 0 2433 2 685360148
1 0 2312 2 535785589
2 756 123
1 1 2848 2 65226898
1 0 1971 4 283011632
1 1 1182 2 389322318
1 1 2684 4 814436954
1 0 1583 1 230005128
1 1 2918 1 263788941
2 1808 3664
1 1 2453 3 286562537
1 0 1375 4 119727385
1 0 3499 4 253053490
1 0 386 1 449558338
1 0 281 2 771966200
2 3830 3091
1 0 3942 4 902343552
1 0 3372 3 57029908
2 383 565
1 1 2801 4 596263999
1 0 641 1 720960514
2 2984 3890
1 1 988 3 796971943
2 2134 375
1 1 2954 3 774750269
1 1 1669 3 435074394
1 0 3263 3 615982141
1 0 2052 1 764812808
1 1 3831 4 831397093
2 1595 3384
1 0 2227 3 516649355
1 0 3915 3 492282047
1 0 1253 2 968178949
1 1 66 1 697709004
1 1 3111 3 227062998
1 1 422 1 871673503
1 1 1114 1 113448641
1 0 942 2 520431119
2 1972 2640
1 1 1696 1 49726638
1 0 2864 3 347537430
2 1469 3781
1 1 734 1 817839239
2 2479 1011
1 1 3971 3 409577760
1 0 3670 2 245660977
2 1143 143
1 0 2849 2 119689670
1 1 723 1 137237658
1 0 1470 4 744346343
1 1 3227 2 831791613
1 1 2789 1 920718617
1 1 3514 1 754794792
1 0 3120 2 656426025
2 2175 3788
1 1 719 3 874566855
1 1 3953 2 937549604
2 2804 3198
1 0 1013 2 229002730
1 0 477 1 995298618
1 1 3093 2 163817924
2 1380 3057
1 1 2021 2 126853591
1 0 2361 3 89728618
1 1 529 1 498548098
2 1401 495
1 1 760 3 771124645
1 1 2772 1 344173415
1 1 827 4 464914972
1 1 3054 3 724432155
2 3325 3533
1 0 1913 1 878864808
2 68 1875
2 2958 977
2 1075 3372
1 1 3382 4 153884457
1 1 2513 3 33254252
1 0 1644 1 860908588
1 0 3326 3 970046536
2 1016 3674
1 1 3630 4 11019687
1 0 44 4 543478603
1 0 3700 1 69354185
1 0 793 1 536370132
1 1 1366 4 685019052
1 0 3234 4 35357313
1 0 18 3 796527256
1 0 1715 2 656261271
1 0 370 4 46354435
1 0 3894 2 402855275
1 1 2488 3 779369726
1 1 1540 4 457925515
1 0 3516 1 773677321
1 1 1233 1 780624333
1 0 2156 3 376442241
2 545 1086
1 0 958 3 75377173
1 1 2274 3 327955270
1 1 1122 1 280442167
1 1 123 3 535205620
1 0 2453 3 14085281
1 1 943 4 915858809
1 1 1532 2 817046319
1 0 2378 1 345503374
2 559 2545
1 0 2823 4 131132747
1 0 175 2 770164092
1 0 163 3 712794556
1 1 3584 1 616481228
1 0 501 2 318972067
2 3788 2769
1 1 375 1 305592965
2 1734 2826
1 1 1805 3 691314790
1 1 2274 2 248688615
1 1 849 1 135252701
1 0 1590 2 997617004
1 0 1872 1 927252184
1 1 380 3 241832301
1 0 2791 2 950315975
1 0 1635 2 319429107
2 1023 2927
1 1 1112 4 199476415
1 1 3436 3 385701965
1 1 2332 4 932556714
1 0 2922 4 140900064
1 1 789 2 760969066
1 0 2741 2 153774093
1 1 31 3 633724901
1 0 2434 4 440012578
2 742 364
1 0 2532 3 941657604
1 0 2365 1 512471773
1 1 3120 4 943816587
1 0 2299 1 330022638
1 1 405 4 945052343
1 0 2464 3 404562737
1 0 2204 2 864323996
1 1 2336 3 130874739
1 0 1949 4 490281147
2 1043 1716
1 0 2456 1 172367306
2 2611 2329
1 0 2033 1 787655332
1 0 3986 4 397250736
1 1 660 3 26675175
1 0 255 3 500258635
2 1686 52
1 0 3723 4 853476066
1 1 2726 4 694187779
1 1 786 2 740923700
1 0 2609 4 98338265
1 0 2540 4 782591863
1 0 379 4 400382935
1 0 1852 3 778248617
1 0 3620 1 214839579
1 0 2145 2 407040778
2 1676 2921
1 0 1543 4 900178982
1 1 1042 3 252632521
1 1 2049 3 715267017
1 0 1877 4 720610290
1 1 3055 3 806115824
2 1944 1068
2 2458 1175
1 0 393 2 464970636
1 0 1368 2 550851100
2 1126 791
1 0 2807 2 882002639
2 3792 3285
1 0 2571 1 410824998
1 0 471 1 859170031
1 1 1294 3 827658375
1 0 3960 3 666798930
1 1 2319 3 212527122
1 1 2514 1 439314633
2 2299 2568
1 1 1797 4 335026094
2 528 499
1 1 3067 4 88896598
1 1 3502 3 843948921
2 3942 2646
1 0 3653 2 492562635
1 1 815 1 835442871
1 1 2564 3 534457377
1 1 3274 2 397511695
2 3457 332
1 0 2148 2 623376746
2 3129 1210
1 0 2736 3 915511209
2 1027 460
2 3952 361
1 0 192 3 480896724
1 0 3936 2 848023777
1 0 3739 3 867373775
1 0 3277 3 191598461
1 0 3002 1 294788939
1 0 142 1 175367935
2 3048 3299
1 1 956 2 481704179
1 1 427 2 877281892
2 1564 1122
1 0 3623 3 317227308
1 1 201 2 275221652
1 0 3071 2 260791165
2 2381 3628
1 0 2096 1 850370207
1 1 520 3 293811878
1 0 2294 2 187173087
1 1 1045 3 887377961
1 1 1362 4 764706920
2 1936 3499
1 0 689 4 710264246
1 0 3380 4 251293893
1 1 584 2 823600898
2 3777 2172
1 0 1326 3 789965886
1 0 437 3 622982672
2 2186 3781
2 1305 3138
1 1 2102 1 501902600
2 454 1522
1 0 3690 1 278733409
1 1 3183 1 579361450
1 0 3888 2 163291661
2 3789 821
2 498 2792
1 1 3815 1 638724360
1 0 2006 4 312738350
2 700 241
1 0 1966 1 266946267
2 3886 92
1 1 2314 4 537249552
1 1 3473 4 495549473
1 0 3023 4 617100317
1 1 3975 1 957992280
2 1686 577
1 1 1885 1 600647241
2 3450 125
1 0 909 3 205657713
1 1 474 1 528109646
1 1 3858 3 59838613
1 1 1791 1 611574243
1 0 1010 4 657507365
2 2199 1289
1 1 3972 1 314637290
1 0 3581 4 77455641
1 0 3905 2 212239322
1 1 3104 4 865259427
1 1 3857 1 330103964
1 1 1316 2 422849180
1 0 1200 2 990275126
1 1 585 2 960533464
1 1 1549 3 916672206
1 0 25 3 510404315
2 3531 3873
1 0 1726 2 573878846
1 1 109 2 465543543
1 0 3375 2 889504925
2 696 1745
1 1 2857 4 981818563
2 793 716
1 0 1744 2 949667758
1 0 1420 2 846338688
1 0 1047 2 7670236
1 1 1827 3 35957185
1 0 370 2 33130003
1 1 2552 1 425246641
1 0 717 1 52955007
1 1 2117 2 270227383
1 0 2854 1 226511533
2 1714 432
1 0 2726 3 208926044
1 1 423 3 483251748
1 0 1757 1 83224967
1 0 1912 2 355139984
2 2312 533
2 2263 2212
2 3083 1287
2 1380 960
1 0 2142 3 902898135
1 1 2657 1 161713601
1 1 1234 4 83120957
1 1 965 4 815753891
2 2650 44
1 0 3078 1 851269642
1 0 553 4 672753059
1 0 1716 4 815213449
1 0 752 1 986428724
1 0 536 4 589479946
1 0 1315 3 790502321
1 1 871 2 331931
2 1107 92
1 0 2943 1 240931535
1 0 817 1 944104035
1 1 2651 3 82396336
2 1058 1828
1 1 2459 3 836165148
1 1 598 1 917829795
1 0 1458 1 711957604
2 907 1409
1 1 879 1 478854636
1 1 24 4 629259170
1 0 736 4 719319331
1 1 942 3 434926726
1 0 2363 1 552671041
1 1 3789 1 798564414
1 1 2623 3 242513170
1 1 1517 3 541770916
1 0 2882 4 230040751
2 3087 2386
2 828 610
1 0 3793 3 561122644
1 1 416 3 944088800
1 1 965 1 358627973
1 1 1184 2 849492864
1 0 3069 2 117495979
1 0 1508 3 254453274
1 1 3361 3 69182697
1 1 3892 4 485370434
1 1 877 4 225956729
2 3317 909
1 1 3882 2 242900307
1 1 2728 2 871975501
1 1 2464 2 73860945
1 0 71 3 513371297
1 1 47 1 421714236
1 1 1677 2 423372345
1 0 1613 3 642480939
1 0 464 3 782413210
1 0 760 4 383558631
1 1 35 3 448165429
1 0 696 3 973349631
1 0 2042 1 200641474
2 940 3772
1 0 2880 2 738261784
1 0 3913 4 853520618
1 0 2740 2 251071976
1 1 595 3 444445481
1 1 2778 4 425793291
2 2897 3019
1 1 1420 2 790963128
1 1 2977 1 668902631
1 1 3092 4 754883509
1 1 804 4 529906373
1 0 55 3 44382026
1 0 1609 4 496599376
1 1 3434 2 432986179
1 0 1728 2 487706663
1 1 3381 2 604228970
1 1 3581 3 469690544
1 1 1178 4 552852487
1 0 1643 3 448340115
1 1 3444 2 722029158
1 0 2760 3 481534387
1 0 315 2 698419765
1 1 817 3 752156525
1 0 2161 2 113446787
1 1 335 2 108338110
2 2519 188
1 0 3647 4 320560229
2 570 2032
1 1 1204 1 912519497
1 1 3335 1 640467627
1 0 431 2 788446583
1 0 2382 1 617986056
1 0 707 1 715625123
2 307 1827
1 0 460 1 39906073
1 1 3825 4 854065223
1 0 132 3 321717599
2 3831 3174
1 0 590 3 20070544
1 1 600 1 833067292
1 0 1150 4 874260049
1 1 1624 1 277214024
1 0 2841 1 49727746
1 1 1603 1 596963859
1 1 3864 4 570255783
1 0 2449 4 362874154
1 1 630 4 510253103
1 1 3521 4 645785722
1 0 871 3 144193861
2 1414 3568
1 0 872 3 981061465
2 3199 3115
1 0 2770 3 546556332
1 1 1212 2 188625352
1 1 2698 2 102247557
1 0 2674 4 494251086
1 1 2601 4 465603391
2 453 879
2 458 2665
1 1 911 2 132886958
2 2182 1717
1 1 3868 4 881662929
1 0 904 2 561471722
2 3283 3368
1 1 661 1 661602416
1 0 3039 4 912414763
1 1 587 2 197455600
1 1 1330 2 337173446
1 1 2022 1 433304656
1 1 2902 1 392847763
2 505 3918
2 2646 3943
1 1 3619 4 312533297
1 0 716 4 538114200
1 1 2286 1 266638909
2 3132 1553
1 1 175 1 123211191
1 1 3765 1 954495755
2 1192 1485
1 0 2903 1 645538436
1 1 2864 1 520918545
1 1 1706 3 588395237
1 0 1432 3 938170431
1 0 580 3 890648485
1 0 957 2 698576443
1 1 2616 2 552224959
1 1 2157 3 652734171
1 0 3501 3 549641663
2 417 1587
2 3189 3202
1 1 192 3 168038273
2 3736 2326
1 1 1399 4 742293823
2 808 303
1 1 1401 3 986181222
1 1 249 4 859072400
1 1 587 2 954730932
1 1 3476 2 557169795
1 1 3409 2 107303892
1 0 1364 2 471895543
1 1 1483 3 582862535
1 0 985 3 26812538
2 1219 3758
1 0 3817 3 103687237
2 1726 1654
1 1 1319 4 779965410
1 1 2730 3 462224443
1 1 450 1 844709737
1 0 2288 1 76020050
1 1 3716 4 888335896
1 1 3408 4 582882093
1 1 2016 2 777079889
1 1 1730 2 913331316
1 1 247 3 543065205
1 1 3019 3 725985900
1 0 930 1 71472937
1 0 2567 2 528358343
2 263 96
1 1 1163 1 321165776
1 1 2272 1 81922049
1 0 1868 1 113221040
1 1 2847 3 283780500
1 0 1806 4 177062964
2 3978 1340
1 0 232 1 354089478
1 0 3659 2 828759281
2 1568 2424
1 1 2486 3 651748782
2 2965 783
1 1 428 3 78265279
1 1 1643 2 222508651
1 1 489 3 85748548
2 1248 1881
2 2003 1337
1 0 1776 2 376945746
1 0 1659 3 923727406
1 0 3359 4 544912158
1 0 1966 1 942227702
1 0 3889 2 327097077
1 1 3518 2 816962642
2 3601 740
2 3855 3601
1 0 2909 2 361391499
1 0 2451 1 396367352
2 1124 2465
1 0 969 2 802770466
1 1 3391 4 298528455
1 1 798 4 666087854
2 3164 2231
1 0 454 1 548263119
1 0 314 3 420378446
2 134 146
1 0 2895 3 114485704
1 1 187 1 90790735
1 0 339 4 419893968
1 1 264 3 500771073
1 0 1701 4 323891869
1 1 3642 4 740178784
1 1 1703 2 385334593
2 369 844
1 1 3995 2 58852440
2 855 2951
1 1 349 3 296150774
2 3352 3635
1 1 661 1 184232776
2 3412 3466
1 1 2887 2 139819571
1 1 787 2 972686065
2 2895 162
1 0 432 3 821465294
1 1 2521 3 880645341
2 2480 942
2 2173 1055
2 3350 2828
1 1 1469 3 132180635
1 1 3056 4 99468076
1 1 163 3 411894692
2 1716 3678
1 1 2475 3 318779825
1 0 228 4 135830965
2 2360 1812
1 0 42 2 694392274
1 0 3218 1 342893528
1 0 78 4 437246783
1 0 2136 1 494048977
1 0 3197 3 90974011
1 1 3147 2 963667938
2 2007 286
1 1 2385 1 429076721
2 3208 3747
1 0 991 1 546957921
1 0 2771 4 382508337
1 1 2573 4 162322104
2 3766 1461
1 0 3832 4 3632
1 0 3902 2 374972566
1 0 3785 1 353945626
1 1 1768 3 599970965
2 3248 407
1 1 1743 3 744216375
1 1 101 3 900828781
1 1 6 4 866419030
1 0 3322 2 287665103
1 1 3779 3 750635813
1 0 3 2 106631572
1 0 2048 4 951421133
2 2674 3304
1 0 1234 1 861566418
1 1 1262 1 197646582
2 1067 2551
2 3100 1611
1 0 803 1 582752205
2 286 1673
1 1 1551 2 95718471
1 1 2675 4 627275739
1 0 2219 1 268351214
1 0 3267 3 981250555
1 1 1892 3 599831325
1 0 420 3 643211268
1 1 652 2 898003815
2 766 1488
1 0 3796 1 975495990
2 3336 3762
1 0 725 2 159170939
1 1 1022 4 572692175
1 1 2197 3 134294939
1 0 395 4 404854387
1 1 794 4 803961055
2 477 3912
1 0 1636 4 904684667
1 1 2519 3 288687890
2 3686 3962
2 3639 643
1 0 1004 3 547046298
1 0 1189 3 380202252
1 1 1476 3 674099472
1 0 2449 4 898472718
2 2774 3510
1 1 2668 2 63155115
1 1 2122 3 492824869
2 2207 891
1 0 3244 3 486479656
2 180 829
1 1 3137 3 846927550
2 2201 343
1 1 1030 2 106662110
1 1 3865 1 303702955
1 0 977 2 595556634
2 1198 1878
2 1652 3269
1 0 642 2 398463082
1 0 3249 3 742497572
1 0 3880 3 134449701
1 1 643 3 721118101
1 1 1876 4 686398327
1 1 232 3 166049090
1 1 753 4 316768407
2 3066 87
2 1696 3170
1 0 3176 4 342120737
1 1 3969 3 320258137
1 0 3321 3 927401913
1 0 3406 4 875002087
1 1 1588 3 63945273
1 0 2717 1 23236946
1 0 783 3 973643952
1 0 944 3 872873987
1 1 3162 4 778347807
1 1 1169 3 772241515
1 1 3237 1 817678312
1 1 1829 4 825628773
1 1 2800 1 489499618
1 0 1820 2 369450549
1 1 3892 3 741493825
1 1 1673 2 18880652
1 1 371 2 16061755
1 1 2826 1 687864462
1 0 3782 1 274716373
1 0 1182 3 546218893
2 1593 2633
1 0 3037 2 670787518
1 0 2390 1 204972818
1 0 1356 1 378502645
1 1 3047 4 535340128
1 1 198 1 753044345
2 56 3567
1 1 1442 4 719354130
1 1 66 1 575357153
1 0 1935 4 765365218
1 1 62 1 534888686
1 0 2847 2 883664897
1 1 2510 2 598262320
1 0 558 2 684878997
1 0 294 2 597627122
1 0 3522 1 854588238
1 0 2941 2 450998443
2 1712 2577
1 0 2622 4 468599928
1 0 20 1 334565769
1 0 3252 1 976112469
1 0 2617 4 457366989
1 1 2064 1 297084635
1 0 275 4 127973027
1 0 1789 2 854728927
1 1 3355 4 220634453
1 1 2795 3 500151263
1 1 2338 2 895351683
2 405 3053
1 1 3346 4 588961893
1 0 3776 4 638131486
1 1 135 2 114184458
1 1 2087 4 113078166
1 1 1618 1 382643478
1 0 2467 4 540583457
1 0 2958 3 396097353
2 1011 47
1 1 656 4 21968970
1 0 974 4 565003763
1 0 2319 2 812183024
1 0 1532 3 602355258
1 1 3655 4 523841483
1 0 991 4 539771481
1 0 2457 1 936331805
1 0 1401 3 717655746
1 0 959 1 496472259
1 0 601 3 487985805
2 1586 636
1 1 213 1 415419830
1 0 1804 2 58905681
1 0 2390 4 95048596
1 0 130 4 852377052
1 0 3149 3 74377314
2 208 3099
1 0 1635 4 822324182
2 2387 92
1 1 265 4 212512160
1 0 1801 3 81084539
1 1 2796 2 295317447
1 0 2952 4 554793673
1 1 304 3 175412398
1 1 1309 3 241622453
2 2401 2451
1 1 1833 3 904454757
1 0 3650 1 116600103
1 1 3120 1 742871169
1 0 2480 3 765093407
1 1 1541 2 630357840
1 1 3276 4 753497955
1 0 372 2 267459625
1 1 1440 3 355289250
2 2774 598
1 1 803 1 800946162
1 0 1427 3 157930626
1 1 2255 3 98217962
1 0 447 2 760395052
1 1 3827 2 262004426
1 1 3871 3 662766001
1 1 2764 4 177992617
1 1 3976 2 11592267
2 1181 3511
1 0 3491 4 760324603
1 0 2904 1 293207417
2 1384 871
1 1 2239 1 537807955
1 1 2538 2 648248461
1 0 150 3 725474141
1 0 1421 4 944601264
2 308 354
1 0 3255 3 700121797
1 1 301 4 270401588
1 0 244 1 780283419
1 1 3763 1 839775685
1 0 3171 4 178008197
1 0 1219 4 478209327
2 3341 3210
1 0 2636 3 68256154
1 0 164 1 526211377
2 3770 237
1 0 345 4 720704363
1 1 3879 2 307578197
1 0 3265 1 964612499
1 1 2519 3 865251098
1 1 1540 1 981256089
1 0 2146 1 141914853
1 0 3857 3 55343116
1 1 2518 4 808301081
1 1 2413 1 524735947
2 1470 3638
1 1 3880 3 547601950
2 2131 1157
1 1 2305 2 857395646
1 1 3024 4 950355695
1 0 3633 3 368253620
2 1021 2208
1 0 3808 4 79430849
1 1 2974 4 269482820
1 0 505 4 192335465
1 0 2730 1 772155811
1 1 2571 3 615663621
1 1 3491 1 763622031
1 0 3325 2 253142802
1 1 568 2 156860621
2 1085 2961
2 1300 1945
1 1 1537 3 695689937
1 1 793 1 930395335
1 1 835 2 888952978
1 0 943 4 583606963
1 0 3265 2 148560877
1 0 3431 2 853183026
1 1 2483 4 404971554
1 0 446 2 562099692
1 1 1871 1 207347474
1 1 3494 4 720826360
1 0 3545 2 185276249
1 0 1264 3 661181308
2 1501 2
1 0 2400 3 798375218
1 1 641 1 19040369
1 0 1886 2 530682853
2 375 3209
1 1 2522 3 958768415
1 1 365 3 558720976
1 1 1572 4 943912863
1 1 1358 4 240814809
1 1 1619 2 337943495
1 0 2871 3 155114429
1 1 761 2 936958485
1 1 1301 2 736045988
1 0 2108 3 21925484
2 3681 1004
1 0 841 1 749112476
1 0 2588 2 339784643
1 0 3735 2 607581941
1 1 3130 4 966479537
1 1 3747 4 819118188
2 1264 1819
2 1299 431
1 1 879 1 797750175
1 1 1569 3 811517707
1 1 2717 3 866513167
2 2649 3370
1 0 3673 3 864329609
1 0 3601 1 662343159
1 0 587 2 361817214
2 1439 1775
1 1 392 3 928813681
1 0 3075 4 875303092
1 1 1500 3 622839881
2 1887 330
1 1 3990 3 579287365
1 1 1675 4 767148279
1 1 1316 1 444141457
2 454 3718
1 1 2719 3 870724932
1 0 1477 2 744566396
1 1 3709 2 12386633
1 1 1012 2 951592914
1 1 928 1 599278934
2 2875 419
1 1 536 2 646906554
1 0 1970 3 107139510
1 0 8 2 198541254
1 0 528 3 78119914
1 1 1792 4 880111078
1 1 1127 2 287239614
1 0 3889 4 424793130
1 1 1463 4 696621056
1 0 1096 4 564977851
1 1 2435 3 911090255
1 1 3761 4 205049818
1 1 2277 2 306057740
2 1302 586
1 0 278 3 137335499
1 1 1602 2 53806475
1 1 2437 3 575573490
1 1 3555 1 546806295
2 3943 975
1 0 3778 3 464761185
1 0 1980 2 1389503
1 0 2118 2 250731348
1 1 2908 4 701377358
1 1 973 3 599275544
2 3662 45
1 1 108 2 722492463
1 0 2240 4 59703406
1 1 1561 1 150145185
1 1 923 2 693172428
1 1 173 1 321833312
2 2399 1723
1 1 1498 2 115180658
1 0 668 2 761260587
2 3817 2441
1 0 347 1 998317369
1 0 3753 4 575184207
1 0 516 4 283426800
1 0 767 3 468149273
1 0 2936 2 10622836
1 0 2703 4 433783776
1 1 2490 3 791727066
2 991 1368
2 2294 181
2 89 378
1 0 1656 3 775642377
1 0 2649 3 184707202
1 1 1145 2 187961773
2 3262 1722
2 150 1377
1 1 1994 1 30174484
1 0 627 2 511834980
1 0 3164 4 28411823
2 903 1239
2 1241 301
2 2157 3222
1 1 2110 3 489821072
1 1 427 4 335237049
1 1 1676 3 734980310
1 0 606 2 95438734
1 0 1027 2 38293157
1 0 1125 4 990315901
1 1 1036 1 713411682
1 1 3006 4 194742483
1 0 1914 1 449594585
1 0 61 3 179837200
1 1 2642 1 433617299
1 1 3335 1 631088068
1 1 2269 1 974435249
1 0 3620 1 808274818
2 827 3632
1 0 2767 1 263850323
1 0 94 4 743602094
1 1 405 4 138524780
1 1 2181 4 560707432
1 1 245 1 504016385
1 0 895 2 402043395
2 1553 233
1 0 3853 2 19285952
1 0 964 1 814176998
1 0 2413 2 290159974
1 1 2368 4 954027808
1 0 2481 2 910170097
2 3312 3888
1 1 1507 3 165792489
1 1 1449 3 952275583
1 0 2132 3 464532352
1 0 3855 2 372832565
2 1497 2428
1 1 139 3 574370582
1 1 1486 1 336363751
2 1452 2748
1 1 1226 2 239122099
1 0 542 3 615351527
1 1 3791 4 81855597
1 0 2687 1 809756051
1 0 637 4 581518391
2 203 219
1 0 1771 1 11788264
1 1 483 4 22828796
1 0 2342 3 920696636
1 0 2265 4 665033855
1 0 2228 2 329529344
2 984 3489
2 1661 2841
1 1 3653 1 779105096
1 1 2418 1 278948291
1 0 1393 3 799659213
1 1 3019 4 671659182
1 1 1276 2 941049965
1 0 316 2 165996436
2 1264 650
1 0 2875 2 894395121
1 1 2030 3 427747589
1 0 997 3 447047021
1 1 331 3 968907244
1 1 381 4 976916081
2 1112 3538
1 1 2193 2 431578609
1 0 3021 3 69258212
1 1 1901 4 897957146
1 0 3800 4 307867778
1 1 981 4 906453060
1 0 568 4 504267513
1 0 1558 3 861444560
1 0 3141 2 600776256
2 2758 1299
1 1 215 4 857138192
1 1 40 1 501461842
2 2465 1746
1 1 3251 2 726896900
1 1 3817 2 333249783
2 1521 1499
1 1 1741 3 441709504
1 0 852 1 856255184
1 0 883 2 262180812
1 1 2376 2 664341100
1 0 1799 4 724484390
1 0 612 3 823675381
1 0 3866 3 893282951
2 493 613
2 1111 3721
1 1 3111 1 517157820
1 1 3121 1 843940223
1 0 3734 3 463274048
2 1729 2900
1 0 870 4 8736512
1 1 564 3 788641149
1 1 717 1 691381868
1 0 521 1 678503156
1 0 732 2 341301115
1 0 1082 2 368365948
2 3152 3472
1 0 1644 4 175863270
1 0 758 4 988083559
1 1 1123 4 594378962
1 1 240 2 425782559
1 0 1078 2 568312083
1 1 3294 2 570732930
1 1 1177 4 786230876
2 3317 3341
1 0 2041 2 903312651
1 0 1101 2 288941903
1 1 2855 2 726543231
1 0 3844 2 855179926
1 1 713 2 238323782
1 1 2665 4 742415478
1 1 2816 3 924522278
2 1510 3354
2 1583 1983
1 1 3503 1 655810756
1 1 2773 3 42294662
1 0 2150 1 686654882
1 0 1614 1 383610916
1 0 3248 4 752233704
2 3085 2238
1 0 2700 1 812386646
1 1 2071 4 643259500
2 3469 1845
2 355 158
1 1 3050 2 195970540
1 1 268 4 751373462
2 3686 3603
1 0 2100 2 926185035
1 0 1652 3 566719600
1 1 1454 3 548331102
1 0 60 3 826085061
1 1 1170 2 938468538
1 0 3540 4 51639749
1 1 1127 3 43285165
1 1 190 2 960224755
1 1 3145 2 689780771
1 1 1190 1 267610465
2 2239 237
1 1 3376 1 514061578
1 0 181 3 284034436
1 0 3864 1 719152472
1 1 2892 3 181875102
1 0 1769 3 70453935
1 1 3477 3 788680945
1 0 1599 2 21529417
2 709 2991
1 0 3809 3 116778724
1 0 3873 1 491408956
1 1 899 1 803953115
2 2985 2940
1 0 1030 4 842312600
1 1 554 3 627002220
1 0 974 4 796227513
2 2816 1737
2 1437 3887
1 1 3770 3 396524541
1 1 1522 3 984935853
1 0 1461 4 151250969
1 1 3811 1 84647302
1 0 1470 3 702962645
2 3419 2854
1 1 735 4 748822599
2 1135 1519
1 0 2016 4 782912210
1 0 2005 3 202571145
1 1 3087 2 532521732
1 1 2746 4 413917999
1 0 1750 1 416868558
1 1 1695 3 503803452
1 0 2321 4 941014482
1 1 3026 1 630281054
2 3643 1483
1 0 2916 3 213988929
1 1 1982 1 409853957
1 1 1617 3 940381108
2 3388 2191
2 484 1859
2 3053 3480
1 1 3310 4 479623452
1 1 2883 1 479014972
2 2801 103
2 3520 221
1 1 2670 1 411926850
1 0 3052 3 823830988
2 3378 108
1 0 454 3 819052539
1 0 3013 1 352615869
1 0 1825 3 556157598
1 1 1584 3 173978826
1 1 902 1 512189140
1 0 765 3 814057065
1 1 2267 2 914875197
1 0 677 3 166148586
2 2503 1198
1 0 528 2 590238446
1 1 2071 1 204005838
1 0 3281 3 971119486
1 1 3590 4 706455988
1 0 103 1 225971709
1 0 2101 1 365631731
1 0 1344 2 11725059
1 1 9 2 997160696
1 0 136 1 801078655
1 0 1571 3 277318222
2 2939 1740
1 1 1322 1 492780768
1 0 2064 3 714714560
2 2960 2081
1 0 2566 1 651919722
1 1 3175 4 532515184
1 1 2916 3 98542381
1 1 478 2 49001571
1 0 230 2 885524333
1 0 3673 4 447119509
2 2952 2153
1 0 1666 2 860261893
1 1 1885 2 387915230
1 1 171 3 899308543
1 0 2535 1 844525559
2 2712 646
2 1831 1262
2 2385 283
2 1547 3663
1 0 704 2 731612651
1 1 1835 2 493343222
1 1 1721 1 159424662
2 1898 893
1 0 2546 4 391685876
1 1 3165 2 23794511
2 1868 3858
1 1 2803 2 44317050
1 1 2083 1 237123378
1 0 1420 3 900123384
1 0 914 2 29805144
1 0 1994 4 791598679
1 1 2114 1 958117583
2 3143 2990
1 0 3872 2 501116887
1 1 2689 2 509828785
2 1422 1461
1 1 2236 4 924225102
1 0 3093 1 881440077
1 0 1857 2 364159117
1 0 1713 3 927490110
1 0 170 2 186559992
1 1 3959 2 842721728
1 1 3828 3 994883056
1 1 2861 1 56941754
1 1 3773 1 233419302
1 0 1983 4 384794443
1 1 3148 4 319142063
1 0 3495 3 826972266
2 2502 3594
1 0 3219 1 884787673
1 1 2202 1 841219863
1 1 820 4 815497105
1 1 1554 2 349226886
1 1 1793 2 219488637
1 1 827 4 317161069
1 0 711 2 186826028
1 0 2103 2 910262956
2 1653 666
1 1 743 1 180042060
1 1 2705 2 65136513
1 1 2240 4 535916878
1 1 1584 2 949958978
1 1 3097 4 630380156
2 3061 1853
1 0 2912 1 718146705
1 1 1130 2 467518366
1 0 3020 4 84686306
1 1 1662 2 618561146
1 0 1658 4 561998464
1 1 3277 3 220410140
1 1 2399 3 94546738
1 0 959 4 61889699
1 0 3544 2 411370664
1 1 2790 1 685729824
1 1 663 2 100535155
1 1 1714 1 909974998
1 1 2222 3 512782298
1 0 486 2 87861169
1 0 2177 1 713443174
1 0 1223 3 698790990
1 1 2927 1 678836763
1 1 1157 2 319174579
1 0 2030 1 954281744
1 0 2547 2 744279062
1 1 3078 3 126066365
1 1 3946 2 775593169
2 1725 1523
1 0 2238 3 140011750
1 1 95 3 425103606
2 229 524
1 0 3824 4 927310959
1 0 1791 4 130260916
1 1 3572 3 718804232
1 0 3816 3 304500129
1 1 1280 4 186351665
1 0 1224 1 573223564
1 0 3529 3 436153512
1 1 3969 4 620031015
2 3004 1688
2 3346 1596
1 1 2619 4 271016168
1 0 1934 1 750387933
1 0 3164 3 422440138
2 3912 445
1 0 1650 4 843473613
1 0 1421 3 611239681
1 0 3804 4 439220587
1 0 1020 1 142314779
1 1 3558 2 468741748
1 1 833 4 998934019
1 1 1025 4 666722642
1 0 3938 3 279991844
2 893 2728
1 1 1004 4 216185479
2 3043 2383
2 2079 3232
1 1 2776 2 262522028
1 1 832 1 421381805
1 0 1792 4 555683610
1 0 1779 1 896084073
1 0 3711 2 42900983
1 1 3842 4 426855
1 0 3778 4 999850608
1 0 369 3 185414799
1 0 1602 2 388020284
2 3236 802
1 1 2802 3 509335979
1 0 2211 3 804688866
1 1 192 4 113915999
1 0 2967 1 599571812
1 0 1103 3 363371516
1 1 2639 2 139004093
1 0 3987 3 354633954
1 1 549 1 966575760
1 1 1211 1 882655889
1 1 802 1 72005914
2 2672 3134
2 2904 2557
1 1 3253 3 176731589
1 1 3207 2 679014638
1 1 395 4 612898214
1 1 1345 2 579997894
1 0 438 2 571783514
1 1 1140 4 507852750
1 0 322 1 878328132
1 1 1629 1 652415806
1 1 783 2 316888102
1 1 2987 4 452877582
1 0 799 1 659510190
1 0 3095 4 497226231
2 453 593
1 1 3522 3 165084856
2 3777 1746
1 0 2336 4 979329468
2 3620 1982
2 3210 1713
2 2515 3613
1 0 954 1 640969497
1 1 1434 1 775737254
1 1 1263 1 997587592
1 1 725 1 57300419
1 1 3774 1 247256707
1 0 1253 4 706680623
1 1 3270 4 141679647
2 3924 1172
2 2453 2908
1 1 1942 3 327832766
1 0 1682 3 391702423
1 0 553 2 386939849
1 1 2194 2 733877570
1 0 897 3 249156502
2 3513 123
1 0 1090 3 999342431
1 1 3428 1 174783183
1 0 660 1 471850345
1 0 254 4 618075799
1 1 1388 2 857217694
2 2880 3539
2 502 860
1 0 3858 4 923855040
1 0 1417 4 9862481
1 1 3012 3 195215172
1 1 2859 1 528801996
1 0 2412 2 593057322
1 1 2389 4 90932577
1 0 1963 3 637104540
1 1 2162 3 716071858
1 0 411 2 685241134
1 1 2282 3 407662431
2 3118 1103
1 0 2937 1 756041043
1 0 3867 1 619898553
1 0 2943 1 868266866
1 0 3136 2 971728950
1 1 3873 4 207236145
2 2890 169
1 0 3403 1 936058040
1 1 3984 1 725742522
1 0 1847 4 779373778
1 0 2282 3 711144581
2 603 649
1 1 2543 1 914015941
1 1 2723 1 376282719
1 0 2458 2 853671917
1 1 3023 4 912589236
2 1509 3178
1 1 2324 1 847208365
1 1 2444 4 308206123
2 1596 2465
2 1970 942
1 1 1229 4 163240159
1 1 2391 2 67774666
2 44 1425
1 1 2485 3 70850337
1 0 1236 3 250122799
1 1 2420 1 307310994
2 1012 3093
1 0 2394 4 524547248
1 1 944 4 442626790
1 1 255 4 419274448
2 245 3851
2 1075 3522
2 2500 1860
1 0 1946 2 559416659
1 1 2600 1 208062135
1 1 2112 1 939751093
1 1 3070 3 10132512
2 1695 1277
1 1 1704 3 549940206
1 1 3102 2 649998571
1 1 250 4 145020162
1 1 3892 1 416828152
1 1 3163 2 503941024
2 3785 2403
2 1809 533
1 1 3401 3 777481341
1 1 305 4 639449813
1 0 2954 3 374765879
1 1 2393 3 107870091
2 3113 3051
1 0 2128 3 402154269
1 1 2823 1 114307321
1 1 533 3 648608583
2 2470 3947
1 1 779 2 455524939
1 1 558 1 406108933
1 1 3350 4 389309474
1 1 1710 2 522406385
1 1 1511 3 173269999
1 0 1744 1 49392277
1 0 3268 2 555703115
1 1 3250 3 472591396
1 0 3881 3 239774595
2 3296 839
2 2179 168
1 1 3233 1 187283242
1 1 3608 2 163587398
2 3453 3930
1 1 147 2 740362780
1 0 2211 1 181674979
2 509 2459
1 1 1428 2 592933705
2 1052 3248
1 1 1646 4 549035562
1 0 2759 3 703422316
1 0 3714 4 327363087
1 0 615 4 813603300
2 2060 2667
1 0 3219 1 484767994
2 9 2742
2 3569 1437
1 1 3238 2 384497207
1 1 1454 4 593264165
2 2481 3543
1 0 3801 2 108715505
2 3462 2676
2 3256 1991
1 0 2776 1 640351265
1 0 2569 4 366658536
1 0 2516 2 648426462
1 0 1039 4 943197497
1 0 2293 4 332868815
1 0 1366 4 619050938
1 1 1301 3 480518521
1 1 3053 1 596092539
1 0 3453 1 628822554
2 1461 3686
1 0 3757 4 88282025
1 1 3435 1 581836888
1 0 3375 1 471928874
1 0 3506 4 589725493
1 1 746 3 410714364
1 1 1377 1 567569361
1 1 3 2 823825535
2 1916 2095
1 1 1666 3 312164740
2 177 2214
1 1 2576 2 469378208
1 0 1356 4 515940805
1 1 3511 3 798933431
1 1 3990 2 536527335
1 1 924 2 924486619
1 0 22 4 125239456
1 1 2404 4 812414213
1 1 3304 3 23579742
1 0 1743 2 210339203
1 0 1195 3 785591779
2 3902 175
1 0 213 4 940674772
2 615 2653
2 836 1044
2 593 193
2 1312 227
1 1 3150 3 498021243
1 1 3258 2 29777048
1 0 1863 3 24588223
1 1 236 3 508044188
1 1 962 2 842466060
1 1 1024 1 44569937
2 2316 2092
2 2810 1590
1 1 1805 3 773983016
1 0 3185 2 47811134
1 1 1243 3 755790559
1 0 3131 3 204504074
1 0 2235 3 971567737
1 0 2120 4 493502081
1 1 2042 2 631455092
2 3350 3943
1 0 1617 2 536443292
1 0 3883 1 233567262
2 366 634
1 1 2286 2 713188916
1 1 76 3 308129225
1 1 1591 1 518498340
1 1 1321 3 807563705
1 1 3183 2 781777465
1 1 2220 2 72053774
1 1 2265 3 229512878
1 1 3775 3 191309409
2 24 3905
1 0 2397 1 123163268
1 1 3930 3 409300063
1 1 3630 2 246145230
1 1 1804 3 209237659
2 2388 3387
1 1 2038 1 184154817
2 3890 2231
1 0 662 3 787892723
2 3925 3609
1 0 724 2 715130988
1 0 3479 2 741090888
1 0 1317 3 844184068
1 1 2669 2 931531796
1 1 3071 4 434922334
1 1 2557 3 801211743
1 1 2377 1 341838872
1 1 829 2 705391921
1 1 1448 1 126697576
2 362 1800
1 0 1020 1 27382091
1 1 901 2 935182323
1 1 3621 4 554552255
1 1 3649 2 282936866
1 1 3234 4 453051648
1 1 982 1 74089466
1 0 2786 2 334231099
1 0 3609 2 130646486
1 1 1449 4 806621308
1 0 3880 4 801974275
1 1 2813 4 365854155
2 2111 1113
1 0 2953 1 572820722
1 1 1395 3 797105226
1 0 2080 4 746119502
1 1 947 3 936526589
1 0 365 2 672761416
2 258 517
1 1 1452 2 526456789
2 3730 1156
1 0 3661 1 164542619
1 1 1567 4 356922508
1 0 657 3 773134794
1 0 2235 3 503564754
1 0 1832 4 74864281
1 0 746 1 728569716
1 1 3578 1 280993788
1 1 823 1 689755743
1 0 1541 1 178999294
1 1 1255 2 389634452
1 0 336 1 41052309
1 0 2862 4 390035342
2 2191 55
1 0 244 2 598092764
1 0 1227 1 902832808
1 1 3557 1 40480237
1 1 1176 3 416557114
2 1291 1286
1 0 2086 4 425632179
2 2102 3799
2 3219 1236
1 0 2417 3 853449718
2 3190 203
1 0 2699 1 519795668
1 0 1251 2 74836872
1 1 274 1 346671641
1 1 2741 1 656707735
1 0 95 3 339159528
2 2535 1726
1 1 1629 1 57855594
1 1 3850 3 61756432
1 1 2214 1 461251143
1 0 3173 1 437405420
1 0 2945 4 977649555
1 1 2005 1 458013529
1 0 2634 4 554169502
1 1 3744 2 117830189
1 0 2848 1 151698182
2 366 1475
2 111 2577
1 1 3716 1 901942839
1 1 1364 3 757490646
2 3485 822
1 1 1472 2 186921156
2 1211 78
2 3052 2335
2 2784 885
1 0 71 2 364056361
1 1 427 4 645412178
2 619 509
1 0 1443 1 869055881
1 1 1717 2 800413424
1 0 2731 1 646325045
1 1 554 3 888497996
1 1 783 1 183927919
1 1 1098 2 760647557
1 0 2442 4 205416056
1 0 1372 3 190936244
1 0 2035 3 364214975
1 1 1596 3 641431340
1 0 62 3 918954942
1 0 3268 3 170211453
1 1 2293 3 341061563
1 0 1252 3 872411345
2 1324 319
1 1 3294 2 507395397
1 1 1993 4 23591660
1 0 1358 3 173888062
1 1 2717 2 674491402
1 1 2675 1 599046625
1 0 2487 1 382643341
2 1116 721
2 178 919
2 3962 1735
2 2938 284
1 0 1170 4 959224824
1 1 2926 4 488373106
1 1 927 3 373443293
1 1 3381 2 232373616
1 0 2270 1 112900690
1 1 2911 1 403985447
1 0 3843 1 307312015
1 1 1573 1 517821421
2 1193 728
1 0 3861 1 49222851
1 0 1785 2 437170199
2 674 2020
1 0 1887 1 270654106
1 1 263 1 27214012
1 0 2899 2 34667790
2 1533 276
1 0 3323 2 621949942
1 0 2553 1 61932497
1 1 1417 4 363063110
1 0 2326 4 472902851
1 0 3520 1 863835103
1 1 3921 1 702688018
1 1 1252 2 926237338
2 3492 926
1 1 346 3 191331733
1 0 2621 4 107793008
1 1 1185 3 400797572
1 0 3333 4 772928521
1 0 3133 4 290325582
1 1 788 4 702850476
1 1 3410 2 875127512
2 1268 211
2 2580 260
1 1 719 1 836839909
2 1724 1149
2 846 16
1 0 927 1 906052045
1 1 3927 2 763849794
2 1495 484
2 2785 1127
1 0 2437 2 380280339
1 1 2075 2 531956602
2 1037 1688
1 1 3880 4 791399016
1 1 3820 1 317348183
1 0 2212 2 822076662
1 1 1259 2 684787624
1 1 2908 4 402577485
1 0 2279 3 411883288
2 3231 3409
2 2608 659
1 0 3333 2 860355172
1 1 2452 3 522683922
1 0 18 2 417149050
2 1814 599
1 0 2846 1 596225339
1 1 692 1 868542273
2 1064 1043
1 1 1497 3 129311628
1 0 243 3 272533106
1 0 905 2 617596540
1 1 551 3 535386491
2 1067 2826
1 1 1609 4 236830432
2 3640 3246
1 0 3067 1 62749999
1 0 3371 2 797421914
2 3877 838
1 1 1676 2 770066914
1 0 1411 1 81322799
2 1926 3202
1 1 106 3 573787930
1 1 3772 4 594199379
1 1 1479 4 216432752
1 1 2163 4 533445042
2 951 390
1 1 1498 1 915043978
2 2873 3933
1 0 2287 2 684817301
1 0 2453 2 664834468
1 1 2174 3 42683157
1 0 232 3 557368037
1 0 3559 1 149334837
1 1 2491 2 612251104
2 220 309
1 1 3139 1 288770499
1 0 1891 4 490536996
1 0 1116 3 718675729
1 0 1414 1 360230184
2 3503 3884
1 1 166 1 180173533
1 0 953 1 777171183
1 1 2633 4 768564806
1 1 2400 4 463530236
2 3074 3855
2 3204 3769
1 0 904 4 807142661
1 0 454 1 67220515
2 1214 1188
1 1 1631 1 408796004
1 0 22 1 203922258
1 0 3665 2 387625654
1 0 81 1 562019761
2 998 840
1 1 980 3 258765392
1 0 324 4 85581033
2 157 3642
2 3596 2102
1 1 1960 4 969199840
1 1 2170 1 820891829
1 1 3507 3 835506061
1 1 644 3 796268294
1 0 2753 4 469457497
1 1 3563 1 640615876
2 3543 2429
1 0 2026 1 269674996
1 0 1876 1 41685031
1 0 3893 4 722842688
1 1 2639 2 994251936
1 0 1305 3 373315225
2 271 1345
1 1 2652 3 537455738
1 1 1312 1 76649837
1 0 1967 2 30564723
1 0 2325 3 241786916
1 1 674 3 400585621
1 1 3529 2 758195690
1 0 643 3 454136320
1 1 2680 4 970799291
2 2082 1265
1 0 2984 1 289950273
1 1 1105 1 897438042
1 0 3660 2 50774615
1 1 3066 3 546086849
1 1 3589 1 628561140
1 1 3194 2 679575373
1 1 27 4 367084589
1 1 1605 3 643014335
1 0 69 4 158589575
2 3226 672
1 0 1850 4 306298879
2 3554 3432
1 0 1052 1 459254693
1 1 2191 3 792689007
1 1 3375 4 779909583
1 0 940 1 815042730
1 1 2690 3 922522012
2 2439 2212
1 0 3358 3 556434542
1 0 3402 1 559987191
1 0 192 3 106401691
1 1 528 2 900245154
1 1 2684 1 945605606
2 3301 1124
1 1 3026 4 789884378
1 1 2284 3 67559724
1 0 923 1 476511569
1 0 3531 2 790844713
2 2149 2729
2 1428 1841
1 1 1696 4 181188718
1 1 3940 1 281540911
2 1898 1511
1 0 2352 2 167497350
1 0 270 2 926168412
2 2358 1080
1 0 798 2 69165975
1 0 2662 1 893186124
1 0 3586 3 52671572
1 0 436 2 413254215
2 1234 2770
1 0 1408 4 866879100
2 3391 108
1 0 187 1 774257117
2 66 2743
1 1 3693 1 963542685
1 0 905 3 774439800
1 1 1542 4 495145734
1 1 982 1 766980227
1 0 1658 4 974713807
1 0 3463 4 68359519
1 0 1242 4 158502798
1 1 2499 1 190290907
1 1 2860 1 550013647
1 0 2143 4 561823218
1 1 1760 1 308480649
2 2106 2802
1 0 3062 4 274658832
2 2642 1938
1 0 2321 1 869927596
1 0 2287 4 458654768
2 525 1687
1 1 2155 2 414435157
2 534 848
1 1 3899 1 756706269
1 0 2952 1 70242970
1 0 293 1 566773468
1 1 2661 2 314839105
1 0 3605 2 668096945
1 0 356 4 685400893
1 1 2072 3 699698868
1 1 2011 2 964476215
1 0 223 3 295214600
1 1 3745 3 56767925
1 0 3821 1 916921850
2 467 2868
1 1 1929 3 465286787
1 0 1674 1 47674220
2 2046 3025
2 1605 2467
1 1 2803 2 223111973
2 856 3359
1 1 3372 1 835188663
1 0 1694 1 259189681
1 0 2833 2 896102514
1 1 1605 4 928044772
1 1 2870 1 259514897
1 0 3941 2 364299017
1 1 2384 3 894926890
1 1 3844 3 177469798
1 0 3872 3 964980745
1 0 3166 4 275799312
2 1738 2616
1 0 2187 1 859704749
1 0 260 3 605414080
2 1813 1321
1 1 1363 1 489480099
2 1138 3303
1 0 506 2 125385264
2 2568 3723
1 0 585 3 390802239
1 0 3658 3 842711765
1 1 839 2 665368806
1 0 284 1 998568574
2 2496 974
1 1 2838 2 871341743
1 1 67 4 595883226
1 0 3696 2 256302792
1 1 3076 1 52037360
2 3439 2933
1 0 1586 3 766061159
1 1 3572 3 786988745
1 1 1453 1 166401868
2 2246 1294
1 1 3366 3 70449940
1 0 3922 1 138978460
1 0 586 1 198637089
1 1 1566 3 618877923
1 0 3774 2 573756140
1 0 3499 4 161741367
1 0 2576 4 211447264
1 1 1704 3 488001532
2 3538 2253
1 0 555 4 56354704
1 1 2255 4 355619352
2 3172 2591
1 1 599 4 460223811
1 1 902 4 413184708
1 0 151 4 860491529
1 0 2947 1 270511933
1 1 2163 2 802237325
1 1 3759 2 4146026
1 0 3574 1 723015397
2 362 3957
1 0 889 2 893120484
2 745 190
1 0 2705 4 896318588
1 1 497 1 581814915
2 2867 800
1 1 1249 3 368299034
1 0 1356 2 977750079
1 0 1203 4 136045834
1 0 3779 2 805106776
2 656 3408
2 2556 857
1 1 643 2 207965965
1 1 429 1 641113701
2 2293 3477
1 1 2544 2 985900719
1 0 3431 2 448624437
1 1 3105 4 701720638
1 1 1422 1 146243271
1 0 3932 3 414734807
2 3450 2933
2 1273 503
1 1 1757 3 316262322
1 0 2199 2 819641226
2 681 1465
1 0 2421 2 809872553
1 0 608 2 822612118
1 1 2617 3 67624501
1 1 1402 2 526001550
1 1 3383 2 497396635
2 2662 3508
1 0 3847 2 246007720
1 1 1305 1 323225369
1 0 1980 2 709656639
1 1 106 2 559748492
1 0 3347 4 257587652
1 0 2782 3 403307221
1 0 2233 1 892543542
1 0 2814 3 679408005
1 1 2079 3 881597349
1 1 878 2 537129847
1 0 1918 4 989281622
2 432 3022
2 2599 624
1 0 2623 4 578433995
1 0 2144 3 816864386
1 0 3033 3 852683573
2 2783 2133
1 1 1168 2 399999150
1 1 3704 2 747981880
1 0 1610 3 246839234
1 1 3084 1 766963806
1 0 907 4 382799764
1 1 861 1 301984589
2 727 358
2 12 1571
1 1 684 1 347572047
1 0 1264 2 816617349
1 0 1749 2 746193844
1 1 1031 2 840439592
2 541 3894
1 1 739 3 575378427
1 1 59 3 536622892
2 222 1379
1 0 2101 1 319020785
1 1 1356 2 176695553
1 1 3327 2 357367790
1 0 1096 1 815651617
1 0 3094 1 587209234
1 1 764 2 701720417
2 108 2200
2 447 3877
1 0 3988 2 437119818
2 2255 1613
1 1 1325 1 385883871
1 1 2971 3 329007673
1 0 90 1 735516443
1 0 1551 1 966766058
1 0 1014 3 98891823
1 0 2335 1 997695825
2 1101 3595
2 3413 1086
1 0 988 2 798451442
2 1096 3583
1 0 3388 1 728113460
1 0 267 3 158885956
1 1 119 1 792335714
1 0 714 1 484026102
2 294 201
1 1 2880 4 244862910
1 0 2469 1 618399775
1 0 151 4 786089615
1 1 3450 4 326917585
1 0 883 3 810683770
2 3570 2949
1 0 2153 2 514630468
2 544 2265
1 0 1642 4 51865713
1 1 3929 2 639392067
1 0 3062 3 322218135
1 0 3154 3 346129629
1 1 3617 2 301394121
1 0 2891 2 629550542
2 3811 3644
2 255 23
1 0 218 1 604713492
1 1 1357 3 861070082
1 0 2035 3 288182668
1 0 401 2 410602690
1 1 550 2 663634775
1 0 1370 2 369008950
1 1 2764 4 159587589
1 1 3371 3 701806045
1 1 68 2 636045399
1 0 151 4 50682781
2 813 1309
2 2459 2479
1 1 2478 1 515798450
1 1 2124 3 507347335
1 1 1788 2 992660186
1 0 2916 2 526457863
1 1 790 4 967292343
1 1 323 1 393177632
1 1 1521 4 540882814
1 0 2185 3 895758234
1 1 1023 3 229292203
1 0 3359 3 888572510
1 0 115 1 386296218
1 0 2164 2 524952540
1 1 2050 4 978232664
1 1 2532 4 95697484
1 0 1995 4 793942604
2 2320 1420
1 0 2249 4 590203884
1 1 3607 2 13499031
1 0 3899 4 691421135
1 0 2427 1 841457194
1 0 1034 4 163579233
1 0 2087 3 591682719
1 1 690 3 827636232
1 1 2013 2 525268745
1 1 2180 3 545821741
1 0 1274 2 772374216
1 1 3867 2 387260207
2 53 920
2 1075 1835
1 1 1674 2 389506300
1 0 1577 1 305582292
2 3356 1565
1 1 3372 2 726266215
1 1 1156 1 132131460
1 0 3679 4 109030008
1 1 1183 2 367051835
1 1 3370 1 868417179
1 0 636 1 248091998
1 1 1861 2 748102683
1 0 594 3 904740578
1 0 735 3 249025649
1 1 303 1 276207115
1 0 3825 3 400071396
1 0 2673 1 405553177
2 1217 3908
1 1 1587 1 185121383
1 1 3192 4 925698881
1 0 761 2 22986444
1 0 344 3 602884664
1 0 1678 2 240582972
1 1 2619 3 889927154
1 1 3229 4 610625820
2 1774 573
2 3973 1915
1 0 1925 4 882037392
1 1 2151 2 498030325
1 1 2455 1 820372899
1 1 1019 4 247660725
2 3369 1638
1 0 2366 4 655463514
2 3713 57
2 224 1071
1 0 198 4 139774399
1 0 2053 4 427239454
1 0 676 2 483672977
1 1 387 1 904098932
1 0 3526 2 566308140
1 1 3460 2 751846416
1 1 2317 4 151441836
1 0 813 1 838265563
1 1 1147 2 698644517
1 1 850 3 352297886
1 0 809 3 381413829
1 1 2849 3 861856389
1 0 3715 1 954055125
1 0 3812 2 397581768
1 0 3484 3 122917633
1 1 1733 3 390635326
1 1 668 2 224092430
1 0 833 1 993874117
1 0 3876 2 723079725
1 0 416 4 93496367
1 1 154 2 595995237
1 0 3669 4 546539005
1 1 735 3 960572971
1 0 836 2 75575843
1 0 1626 1 995378714
1 1 816 2 313584636
2 1414 3961
1 0 281 4 642795879
1 1 647 1 912199747
1 1 627 2 748438708
1 1 3101 3 623861477
1 1 1654 2 779281072
2 3450 2892
1 0 373 1 757027864
2 1573 680
1 0 2242 2 552712672
1 0 857 2 924327667
2 384 172
1 1 2322 4 684705693
1 0 1265 3 271412746
2 3743 1217
1 0 285 1 671485944
1 1 2072 2 310090119
2 1069 2469
2 2307 3288
1 0 3394 3 495472193
1 1 3116 3 208428757
1 0 1394 2 558278462
1 1 3689 3 46256648
2 2096 2345
1 0 257 4 606753656
2 2976 2032
1 1 706 1 501705999
1 0 3225 3 885435018
2 768 336
1 0 3913 3 706538562
1 0 1161 1 14066281
1 0 2160 4 301680872
1 1 2763 2 394757797
1 1 3940 2 87296484
1 0 1826 3 428031686
1 1 1314 1 464343195
1 1 2145 3 503931772
1 0 2411 4 702826576
2 2479 2011
1 1 2170 3 652279632
1 1 1786 2 659091425
2 3226 3877
1 0 3077 2 517768509
1 0 995 4 886638653
1 1 1811 2 693372555
1 0 3196 4 403569708
1 1 322 1 783242892
2 365 1872
1 0 187 1 58650526
2 2154 3994
2 2065 3578
1 1 464 3 725033765
1 1 176 4 639334815
1 0 3787 4 985743468
1 1 174 4 590710373
1 1 221 2 459484648
2 2646 2267
1 0 212 4 796640205
1 1 1161 4 269758417
1 1 2069 2 325457731
1 0 1663 1 898784424
1 0 3399 2 294287352
1 0 3331 2 803654918
1 1 1507 1 788438947
1 0 2102 2 316771740
2 576 3018
1 0 1795 2 933704642
2 3366 3243
1 1 3393 2 835315684
2 3569 3227
1 0 2676 1 168714979
1 0 3555 2 866414429
2 2086 3603
1 1 3710 2 332827301
1 0 186 3 394070014
1 0 1759 3 258304728
1 1 1036 4 639963672
1 0 386 4 482286379
1 0 3445 4 108392930
1 1 3649 3 282860009
2 3768 3299
1 0 24 2 824635715
2 324 1118
1 0 3536 2 261157383
1 1 3790 3 409574962
2 2527 885
1 0 1595 4 355080388
1 1 2052 2 777734946
1 1 3775 1 174236910
1 0 685 4 776565972
2 293 3870
1 0 1240 2 608521256
1 0 2494 3 390937913
2 2802 3035
1 0 23 2 739357589
1 1 814 2 519568713
1 0 3587 3 327127898
2 2039 3261
1 0 2147 3 998149007
1 0 3268 1 729040767
1 1 2233 1 875282201
1 1 589 2 236288990
1 1 1763 4 120027095
1 1 3030 1 897702708
2 2779 899
1 0 2260 3 119423094
1 1 3431 4 93420463
2 1955 2880
2 1765 2965
1 1 453 4 863589275
1 1 3429 1 751556130
1 1 2488 4 598158407
1 1 1601 4 94189549
1 0 1125 1 307124807
1 1 3623 3 101079335
1 0 3510 3 549663177
2 1447 1152
1 0 3374 4 658097445
1 0 3408 2 970658546
1 0 360 4 823066068
1 0 2132 2 333111522
1 0 271 4 536892833
1 1 1274 3 734480758
1 0 1853 1 514502023
1 1 476 2 432378682
1 0 1510 2 934686487
1 1 811 4 590278010
2 2346 2423
2 3169 3635
2 3717 1706
2 2998 1786
1 0 1093 2 5561833
1 0 3927 4 750138301
1 1 791 3 144307804
1 1 864 2 33843383
1 1 2723 2 876616680
1 0 3670 3 510818364
1 1 2780 2 694872617
2 134 3906
1 1 1980 2 156652362
1 1 1995 1 650372749
1 1 3957 3 797168171
1 0 2688 2 493766415
1 0 32 3 679182782
1 1 2764 2 205095313
1 0 243 4 451634307
1 1 2069 4 792290634
1 1 222 2 755300696
1 1 2430 4 117792082
1 1 921 3 17031247
1 0 3855 3 558366122
1 1 2349 1 253321721
2 610 1598
1 1 989 3 77428912
1 0 3806 4 506474428
1 1 2283 2 655111963
1 0 982 2 862582483
1 1 527 2 917644394
2 3610 25
1 1 1125 4 635335276
1 1 19 2 702420972
1 0 2184 1 468106066
1 0 2236 4 111570071
1 0 1888 1 832655199
2 1949 2466
2 3533 3077
1 1 926 1 999698188
1 0 3114 1 463917647
1 1 3682 2 989036703
2 228 1024
1 1 783 3 512828238
1 1 2302 4 968044227
1 1 1152 3 67704229
1 0 1371 2 312905812
2 1671 2555
1 0 1631 2 310319640
1 1 2785 2 144860507
1 0 2939 3 533187056
1 0 1930 1 138751418
1 1 3723 1 362044947
2 1368 2114
2 440 2483
1 1 2249 1 823407784
2 2010 1459
1 0 2832 3 878697568
2 2747 1221
2 703 592
1 1 3323 2 738032904
2 977 3854
1 0 6 4 851920301
1 0 534 2 185802539
1 0 276 4 626514256
1 1 2950 3 547768510
2 1688 3127
2 135 844
2 1953 2676
1 0 1485 3 138947212
1 1 505 3 426962392
1 0 340 2 713014109
1 0 793 2 436160358
1 1 237 3 548945878
1 1 2801 3 511361259
1 0 3242 2 347592015
1 1 929 1 743534533
1 0 1110 3 636385882
1 0 857 4 414925630
1 1 1548 1 976726471
1 1 2386 1 225279594
1 1 1834 1 156856890
1 0 250 2 618806508
1 1 1364 3 542110156
2 3564 2838
1 0 295 2 690138626
1 0 3962 1 924106795
1 0 1256 3 158258997
1 0 3803 4 538440166
1 1 1314 3 767000397
1 1 3718 3 104569944
1 0 1445 2 935731724
2 1306 717
1 1 3092 3 817267083
1 1 2907 2 420575826
1 0 3152 3 930007684
1 1 2186 4 962127540
1 0 2934 4 987648120
1 1 993 1 852057582
1 0 2586 4 527170260
1 1 2922 4 751869226
1 0 3270 1 847037263
1 0 2077 1 911059910
1 1 3224 1 893142439
2 1064 741
1 0 2393 4 606472092
2 1945 1351
1 0 73 3 801409301
1 1 2587 4 739830099
1 0 1251 3 850553582
1 0 799 1 641716812
1 1 1214 4 815780761
1 1 2858 4 793300892
1 0 2586 4 513432528
1 0 942 3 175747240
1 1 3299 4 352723056
1 0 1558 1 691110049
1 0 2247 4 763924892
2 3223 3917
1 1 1304 4 349406854
1 1 2474 2 213772812
1 1 2275 4 86379387
1 0 558 4 880851660
1 1 2791 2 209205371
1 1 1189 2 932258084
1 1 3107 3 756922233
2 3196 3784
1 0 1542 3 24821714
1 0 3619 3 962967591
1 1 799 3 425660656
1 1 711 1 402513471
1 0 653 1 847359589
1 1 244 2 107380187
1 1 3574 2 392044835
1 1 1534 3 962492972
1 0 3571 2 667571310
1 0 1060 3 683951371
1 1 2974 3 356941591
1 0 2776 1 958862499
2 401 2729
2 545 1078
1 0 2971 4 721392828
2 2938 3590
2 2890 3419
1 1 2270 1 666912737
1 1 202 1 452030391
1 1 434 2 715772480
1 1 3055 4 611165999
1 0 3773 4 678265850
1 0 1570 2 547454001
1 1 1151 2 751530853
2 1943 3796
1 0 1178 1 151179413
2 2337 2873
1 0 1621 2 611598641
1 1 1768 3 345495505
1 0 2134 4 796192553
2 2743 2679
1 0 52 2 581205891
2 1667 1028
1 1 742 3 463124186
1 0 39 4 272138509
1 0 2918 4 224928451
1 1 2180 1 699737841
1 1 1804 4 525509781
1 0 150 1 425053560
1 0 3310 4 23398300
1 0 1653 1 484949386
1 0 577 3 655191256
2 2976 3906
2 2497 95
1 0 1754 2 485825838
1 1 2306 4 2960766
1 1 3475 4 425615724
1 1 211 2 605948057
1 0 3166 4 669756082
2 1345 2818
1 1 458 2 51909597
2 1958 813
2 1920 261
1 0 3545 3 444683996
2 2674 2136
1 0 549 2 771394523
1 0 1930 3 280491362
1 0 555 3 215784963
1 1 1568 4 698927503
1 0 2931 1 177671959
1 0 1094 3 909183932
1 0 1253 3 638210255
2 2060 1768
1 1 2078 3 431923424
1 0 2463 3 840080975
1 0 1881 1 335416785
1 0 2691 1 59451478
2 3173 3572
1 1 1225 4 213285791
1 1 127 4 656298341
2 3599 1312
2 3963 1605
2 1598 2638
1 0 3873 4 892684318
2 3994 2900
1 0 1585 1 987162578
2 3144 2574
1 0 210 1 261060832
1 0 3132 3 990401196
1 1 2590 3 202728330
1 0 2957 1 465907445
1 1 3653 2 127256760
1 1 1009 3 505046959
1 0 84 2 599222869
2 913 2487
2 845 3110
1 0 2360 3 953367047
1 1 1850 2 942179977
1 1 3973 3 697119374
1 0 3317 3 579013600
1 1 3772 1 268263896
1 0 290 2 37136628
1 1 1644 2 492108869
1 0 2313 3 266303103
2 2865 1446
1 0 2460 2 585970119
1 1 1690 3 537114909
1 1 1159 3 773530300
1 0 362 4 794088629
1 0 2779 3 375885513
1 1 584 3 273725590
1 0 297 2 735680137
1 0 3034 1 814164864
1 0 1871 2 961805152
1 1 3084 3 464220996
1 1 2531 2 98740701
1 1 1225 4 671174727
1 0 3331 1 985156461
1 0 3958 2 518234391
1 1 1330 4 509958564
1 1 805 2 347923660
1 1 2100 1 675993801
2 2025 22
2 86 1110
2 3845 3100
1 0 1349 2 593028569
2 2231 2990
2 1174 3477
1 0 1323 1 538748065
1 0 2135 1 105211672
1 1 3093 4 195516478
1 1 3188 4 532694367
1 1 2906 1 206186332
1 1 2687 2 847226096
1 1 3126 3 67202173
1 0 1980 4 922590106
1 0 3339 2 611753487
1 0 1757 2 358941017
1 0 1342 4 681244475
1 1 2 2 33810032
2 1459 2530
1 0 2819 1 396350498
1 1 1670 4 310608548
1 1 3561 1 690642959
1 1 3125 2 11846465
1 0 967 2 471986562
1 0 772 3 99153135
1 1 3271 4 406472651
1 1 183 4 963530478
1 1 2396 2 184559982
1 1 1756 1 248473259
1 1 1041 2 987028333
1 0 3331 1 688796856
1 0 3208 1 760866027
1 0 1863 2 698813072
1 1 2703 4 502539872
2 2234 2702
1 0 2371 3 826737677
1 1 3199 3 872467336
1 0 2352 4 15965273
1 0 1548 3 723168133
1 1 1495 4 961465571
1 1 3702 3 745424389
2 544 2154
2 3355 3662
1 0 1503 3 136591899
1 1 1542 2 942153293
1 0 1965 2 714967319
1 0 144 4 437841091
1 0 190 3 815729985
1 1 3045 2 78161713
1 1 1300 1 62136505
1 1 3966 3 695876450
1 0 1713 3 113770544
1 0 62 2 695183509
1 1 302 4 638135369
1 0 718 4 92293886
1 1 3927 3 765587103
2 218 3241
1 1 908 3 872709923
2 2381 510
1 1 3 4 882091197
1 1 1766 3 640579871
2 1175 635
1 0 3425 1 106980298
1 1 388 1 726323202
2 1016 2963
1 1 1628 1 882214625
1 0 336 1 623504359
2 643 1458
1 0 1164 3 912350399
1 1 2648 3 969624887
1 0 2518 3 118722790
1 1 118 2 957166242
2 1370 207
1 0 1377 2 939886448
1 0 3055 4 450161305
1 0 18 4 117387200
1 1 3392 4 26544291
1 1 987 3 443733534
1 1 369 1 349653588
2 1666 3704
1 1 981 3 954900621
1 0 2897 2 340506060
1 0 1545 3 27355695
1 1 146 1 502027316
1 1 1334 3 972007199
1 1 705 3 341707202
1 0 2695 3 630635999
2 2095 2521
1 1 1182 1 742257330
1 1 177 2 142023615
1 1 3121 2 428936157
1 0 475 4 757855585
2 1588 2621
1 0 71 3 698555247
1 0 3341 1 175797282
1 0 1653 1 473823157
1 1 2800 1 150237121
2 3171 2628
1 1 2 2 775400813
1 1 2843 2 430401680
1 0 3734 4 434873879
1 1 2264 1 318455561
1 1 1235 1 277051475
1 0 522 1 356553410
1 0 155 4 890308864
1 0 1424 3 856952605
1 0 2970 2 563507802
1 1 1277 1 862973569
1 1 594 3 636980240
1 1 2956 1 290728420
1 1 2126 3 443861881
1 0 3752 4 712405735
1 1 1219 3 108141076
1 0 602 4 903957253
1 1 1583 3 747339276
1 1 1038 4 691323301
2 544 1035
1 0 1084 1 37195156
2 3411 3243
1 0 3092 1 85579545
1 0 3876 3 237358342
1 0 941 4 272562236
2 3918 3705
1 1 3368 3 972715245
1 1 2044 4 211705113
2 3531 3718
1 1 2684 4 751336977
1 1 2284 3 818428839
1 0 2777 4 133616898
1 1 3627 1 382934172
1 1 2844 1 741950670
1 0 2935 4 567153710
1 0 2097 2 408890077
1 1 3712 2 137889050
1 0 1290 2 91997525
1 0 1102 1 483165432
1 1 3989 2 355198402
1 1 1135 3 865289005
1 1 467 3 171700673
1 0 2022 1 494164126
1 0 2513 1 559875464
1 1 2637 2 789600809
1 0 3611 1 58675602
1 0 884 3 33014306
1 0 3479 1 460922258
2 1108 2795
1 0 3183 1 804011296
1 1 2209 2 17841157
1 1 1691 2 107258689
1 0 2271 3 758052749
1 1 1103 3 19841162
1 1 1688 1 50266421
2 3581 1620
1 0 110 1 795101721
2 2312 3914
1 0 3743 4 569560986
1 0 2830 3 906546353
1 1 2386 3 341731231
1 1 1936 3 763664280
2 744 3583
1 1 571 1 635672786
1 0 1183 2 308811311
1 0 2782 1 603355155
1 1 83 4 721424362
1 0 1448 2 320552667
1 0 851 3 171098736
2 3291 1027
1 1 2623 2 65659740
1 1 1603 2 254029630
1 1 654 3 511301981
1 0 2356 4 501931203
2 648 2029
2 574 1265
1 1 650 1 698944803
1 0 2282 2 705378664
1 0 1097 2 366178618
1 1 1964 1 792970527
2 1636 3061
1 1 3336 2 623498063
1 0 2754 4 108931632
1 1 307 2 393269688
1 1 2374 4 71328132
1 0 362 1 498786955
1 1 1926 1 550977449
1 1 1205 1 729194171
1 1 2219 1 193889921
1 1 2835 3 576409011
1 1 1249 4 291451184
1 0 1840 2 594292356
2 3353 3103
1 0 512 4 672452401
1 0 3797 2 416040738
1 0 1461 3 848806490
1 0 2750 1 265690258
1 0 3678 3 568552407
1 1 3240 4 709873691
2 2525 3373
2 2136 257
1 0 3082 1 121253360
2 1195 3471
1 1 3715 3 728783885
1 0 983 1 673727788
1 0 1459 3 412729785
1 1 1085 4 876911136
1 0 2225 3 300706514
2 453 662
1 0 3516 4 128690421
1 0 1984 4 721070814
1 0 819 3 718322960
1 1 624 1 815776967
1 0 3432 2 641412259
1 1 487 1 2260002
1 0 3833 3 97812532
2 411 1343
1 1 1093 2 818335525
1 1 102 1 745582155
1 1 3199 1 538106546
1 1 1293 2 993875015
2 274 2568
2 52 1459
1 1 3463 1 361637564
2 616 3200
2 1566 3756
1 1 1066 2 399734986
2 1570 477
1 0 3523 1 836521395
1 0 3194 4 786753567
1 0 650 2 27885824
1 1 79 1 398919475
1 1 2771 3 14562268
1 1 2008 1 701088706
1 1 3897 3 186922651
2 1105 649
2 967 3268
1 1 3941 3 630432276
1 0 917 2 418019378
1 0 374 2 809601056
1 1 3039 2 439766238
1 1 416 4 794692448
1 0 667 4 864100828
2 1253 3272
2 2997 2364
1 0 181 3 269811008
1 0 2450 2 102919174
1 1 208 4 378688739
1 0 1889 4 288836924
1 0 1632 3 403639777
1 0 1054 1 309433840
2 3675 2501
1 0 3083 1 202933419
1 1 3165 4 161369301
1 1 449 3 663874536
2 2257 237
1 0 2214 1 324940270
1 1 858 4 812710849
1 1 2094 1 135619981
2 2398 3995
1 0 2940 4 429170512
1 0 3595 3 579452120
1 1 450 3 5854899
1 1 1366 3 246817107
1 1 2078 2 652553856
1 1 1629 3 533976132
1 1 3952 1 555715916
1 1 79 2 193266947
1 1 1568 4 935339037
1 0 2764 3 919028338
1 0 1652 3 859512700
2 764 359
2 2723 2838
1 1 215 4 258473370
1 0 1940 2 835605940
1 1 1523 3 292141957
1 1 2337 4 410711378
1 0 1577 1 294032197
1 1 1887 4 872217876
1 1 2225 3 57620175
1 1 1716 1 49628967
2 3156 288
1 1 1199 2 54474371
1 1 3514 3 405655593
1 1 3581 1 378697572
1 0 353 2 296829358
1 0 3308 1 142017666
1 1 1798 3 690969335
1 1 203 2 712562383
2 2139 1049
1 1 574 2 255643007
1 1 3333 1 562857719
1 1 3702 1 966960058
2 2923 1637
1 0 1216 3 691934738
1 1 996 3 44086211
1 1 2723 1 760733422
1 0 1291 3 889397794
1 0 141 1 346095837
1 1 758 1 355997283
1 0 1632 1 741189878
1 1 3645 4 914866337
1 1 1142 1 603946179
1 1 122 4 11118542
2 3855 2643
1 1 3206 2 775271985
2 3179 3998
1 0 3746 1 178441171
1 0 2659 3 408468179
2 1131 2893
1 0 2280 2 657966993
1 1 516 3 655350994
1 1 1604 4 673412850
1 1 3508 4 183485242
1 1 1217 1 287641068
1 0 1759 2 475575351
1 0 406 2 931228165
2 3745 1377
1 0 535 3 126745188
2 2587 24
1 0 228 2 283089151
1 0 921 2 321328707
1 0 3894 4 969266461
2 3286 3386
1 0 1643 4 447018345
1 1 1367 2 784078814
2 975 1881
1 1 2066 3 228367096
1 1 2740 1 644499461
1 0 2129 1 747401157
1 0 2669 3 918870720
1 1 2666 1 748217227
1 1 2831 1 393710277
1 0 1413 4 466940837
1 0 2063 1 662059484
1 0 1052 2 458327691
2 2122 2514
1 0 913 2 840076508
1 1 1011 2 902414277
1 1 3270 3 31129350
1 1 2561 1 713771828
1 0 1757 2 732650614
1 1 3691 4 815669099
1 0 1770 4 39686856
1 0 2874 4 325970230
1 0 1396 2 362857497
1 0 1253 2 715790616
1 0 915 3 592022912
1 0 2707 3 762206538
1 0 640 3 219168532
1 1 3277 1 364241339
2 1332 2687
1 0 2074 3 904739944
1 1 3780 2 961875338
2 3316 1415
2 2419 3549
1 0 1551 2 973360116
1 1 2525 3 219087350
2 2894 3988
2 2374 1295
1 1 3906 3 511630363
1 0 3139 2 649456424
1 1 3039 2 626745379
1 0 1235 3 578063148
1 0 1000 3 99124384
1 0 968 1 786200375
1 1 2306 1 42911530
1 1 2114 3 506859102
1 1 313 1 570483959
2 2247 3166
1 1 3717 1 484925278
2 1624 1444
1 1 2258 2 219533437
1 1 3960 1 688562192
2 3979 679
1 0 1940 2 932714645
1 0 3713 4 940243222
2 1223 3215
2 481 1596
1 0 3458 2 655159647
1 0 3577 4 598428978
2 3034 2558
1 1 3560 4 397282420
1 0 532 1 823864624
1 1 76 4 308366092
1 1 1443 3 900721362
1 1 750 3 450859824
1 0 269 4 485683600
1 0 3917 2 209892034
1 0 2919 1 71280744
1 0 3128 3 447817299
1 0 3368 1 903756490
1 0 387 4 380989654
1 0 704 3 149198711
1 0 3813 3 170625433
1 0 548 4 783396769
1 1 2045 2 304310689
1 0 1410 2 99881352
1 0 10 1 38002110
1 0 1721 2 283113087
2 13 2166
2 2384 3526
1 0 69 4 184489354
2 2411 2724
1 0 1319 4 795625024
1 0 249 4 555491699
1 0 3163 3 9564086
1 0 1568 1 499462452
1 1 1686 3 345204685
1 0 1441 2 225885004
1 1 3737 4 750006317
1 0 2409 2 91407044
1 0 2347 3 807851238
2 2824 530
1 1 1378 1 750130163
1 1 1126 3 602910410
1 0 669 4 818663614
1 1 1804 1 752228819
1 0 3122 1 848841356
1 0 1636 2 277849443
1 1 3092 3 41567110
1 0 3040 4 101675103
1 1 602 3 216423497
2 1639 2892
1 1 2835 4 169839429
2 3179 169
1 1 803 2 825713415
1 1 303 1 150533586
1 0 735 4 990651738
1 0 3909 4 481367760
2 509 3279
1 1 413 3 899472457
1 1 2334 4 301266994
1 0 596 2 752457967
1 1 3682 2 493161035
2 1800 725
1 0 1327 2 364828061
2 58 716
1 1 2470 1 261694520
1 1 1695 2 855593347
1 1 2547 1 508279378
1 0 727 2 868595562
2 2952 206
1 1 2106 1 485031754
1 1 2080 3 478393818
1 1 1978 3 741212453
1 0 1365 2 932575761
1 0 10 3 257098457
1 1 441 3 186244523
1 1 2690 1 653861321
1 1 3580 3 815201243
1 1 164 4 325339164
2 1604 2471
1 1 71 2 616863098
1 1 2376 2 734400845
1 0 809 3 651999063
2 3304 1756
1 1 1227 2 174387329
1 0 729 2 427008541
1 0 1963 1 990839190
1 0 2278 2 517592843
1 1 3310 3 393816630
1 1 469 2 679743877
1 1 1119 2 997010255
2 235 15
1 0 713 3 462117188
2 2232 119
1 1 3465 2 444081685
1 0 2126 2 582487182
1 0 2164 3 573909552
1 0 3034 1 137048454
1 0 1158 1 852213629
2 3402 896
2 1715 441
1 0 670 4 734197312
1 1 1316 3 634179738
1 1 3790 3 288238549
1 0 3968 2 635418359
1 0 954 4 445295605
1 1 1381 1 123753375
1 1 4 2 37246848
1 1 1859 1 273365601
1 0 1821 3 519259373
1 0 2186 3 33017276
1 0 1695 1 849542824
1 1 814 4 508718132
1 1 217 2 390220130
1 1 2917 3 959314015
1 1 2016 1 940874928
1 0 3312 1 464110831
1 1 3510 1 881177129
1 0 135 4 50113809
1 1 1533 3 851519581
2 1304 706
1 0 1910 4 483335801
1 0 1517 4 558393742
1 1 555 2 59307289
2 2312 2549
1 1 1916 2 684950099
1 0 1962 3 89595258
1 1 310 1 763699905
1 0 1080 3 89305937
1 1 1714 1 180419895
2 3159 1220
1 0 1306 2 597040353
1 1 941 4 331434247
1 1 616 4 808235971
1 1 3236 2 446463109
1 1 1701 4 299938635
1 1 1018 2 566643963
1 1 446 1 929129170
1 1 2923 4 866987742
1 0 1625 3 800244918
1 1 3525 2 93632434
1 0 603 1 421912380
1 0 2740 4 13974574
2 314 1976
1 0 1994 2 956838917
1 0 3941 3 351820634
1 1 3269 2 281455213
1 1 1637 4 889994305
1 1 1049 1 167933631
1 1 3286 3 745795325
2 471 2845
1 1 2796 1 481529032
2 2842 3374
1 1 3670 3 47983398
1 1 3112 1 597204052
1 1 724 1 860934888
2 2999 1451
1 1 747 1 144807898
1 1 1777 4 475347652
1 1 794 2 668565649
1 0 1703 2 136145125
1 0 3680 2 142124937
1 0 2463 2 130088127
1 1 784 1 953004629
1 0 1291 2 471592629
2 1030 421
2 502 371
1 1 2505 2 263525052
1 1 1024 1 803936188
1 0 2873 3 706190878
1 1 1271 2 270215134
1 0 2042 4 71446211
1 0 3584 4 824896138
1 0 2160 1 318272074
1 1 3949 1 416682667
1 0 3662 2 738709425
1 1 2357 1 903221321
1 1 1469 3 87514862
1 1 1156 4 265344889
2 3162 264
2 517 481
2 1426 3769
1 1 1395 3 823262265
1 0 826 1 175707630
1 0 2625 4 922791249
1 1 2617 3 233487593
1 0 974 2 876661393
1 1 1550 1 546318069
1 1 189 3 179279853
1 0 3097 3 740627105
2 1758 2643
1 1 2726 3 568754297
1 0 1656 4 260762950
1 1 3556 4 489621424
1 0 733 2 114086572
1 0 3131 1 440212329
1 1 2650 4 469529626
1 0 3036 2 384515355
2 3812 2058
1 1 160 4 716297168
1 0 574 1 349740022
1 0 3609 4 680286856
1 0 433 4 728191787
1 1 1405 3 501306249
1 1 115 1 994029507
2 2499 196
1 0 351 4 122576735
1 0 772 1 194523937
2 3030 2241
1 0 2262 2 970541715
1 0 535 2 335133996
2 868 474
2 2334 208
1 0 342 1 660674784
1 1 2046 4 438897336
1 0 1435 4 398996784
1 0 2011 2 258986934
1 0 2049 2 706761591
1 0 3256 2 163258545
1 1 2716 4 7172590
1 1 789 2 439682826
1 1 3225 2 102001098
1 1 1390 4 682181742
1 1 2685 1 533318305
1 0 1159 4 357679673
1 1 1378 4 606088283
2 2904 1468
1 0 3107 1 157925157
1 0 2157 3 582078402
2 1239 3089
1 1 1911 4 547887865
1 1 2146 3 457112088
1 0 3602 4 73036479
1 0 546 4 418862476
1 1 45 3 440093930
1 0 2809 2 141262687
1 1 1596 2 393945184
2 945 180
1 0 2272 4 738602875
1 1 3240 1 48281808
1 1 1681 4 85594032
1 1 2043 4 10285458
1 0 2296 2 234055560
2 2620 1575
1 1 3718 2 237114128
2 69 384
1 1 2017 4 705274305
1 0 2346 1 752840672
1 0 694 3 236269873
1 1 1516 2 208432161
2 3162 1158
1 0 145 1 592454227
1 0 1221 2 306699848
1 1 2968 3 699118163
1 1 737 1 477800509
2 3567 1411
1 1 766 4 678300207
1 1 3525 4 964739012
2 3843 1132
1 1 704 4 310952644
1 1 3271 3 502091604
1 0 3697 2 742648597
1 0 2453 2 733912616
1 0 2318 4 313032646
2 2278 2121
1 0 1400 3 861594989
1 1 3296 1 226694284
1 0 374 4 46051096
2 3433 2906
2 1200 3770
1 0 2845 4 184879389
1 0 1090 2 168274370
1 0 3329 4 247716506
1 0 2537 4 635756872
1 0 3883 4 691145911
2 1137 2380
1 0 669 4 881016921
1 1 2611 3 175914506
2 3428 1168
2 1816 794
1 1 811 2 345773687
1 0 1046 2 736493515
1 1 2585 4 712817779
1 0 139 4 710647031
1 0 2364 4 418100445
1 0 3988 2 448621307
1 1 657 1 325677537
1 0 2503 1 627102391
1 1 2254 3 476921397
1 0 3668 2 38553698
1 0 849 4 698595913
1 0 1146 1 770033353
1 1 2303 2 623900602
1 1 2489 4 926552119
1 1 2211 2 213357324
1 1 1285 1 784815945
1 1 2228 3 438277263
2 1049 610
1 1 1500 1 38561460
2 2843 255
2 1044 244
1 1 1828 1 103963521
1 1 3586 4 224760436
1 1 598 2 787958087
1 1 1835 2 165671765
1 1 2378 2 873946908
1 1 2171 1 272336007
1 0 726 3 675391663
2 1936 2253
1 0 1356 2 960042167
1 0 3044 4 191741286
1 0 1434 2 443857477
1 1 1995 1 551794113
1 0 606 2 648977084
1 0 1149 3 483732358
1 0 478 3 359259805
1 1 810 2 796046309
2 2940 324
1 0 2961 1 58210120
1 0 1396 4 30816474
2 271 3831
1 0 480 1 122848956
1 0 2971 4 728740698
1 0 3758 4 163655494
1 1 2788 4 615031304
1 1 1985 2 279673497
1 1 831 2 309058747
1 1 2974 4 307881619
1 1 3597 3 379157331
2 1758 1862
1 1 3724 2 233635196
1 0 3009 3 863162237
1 1 3581 4 519276531
1 1 425 4 858152699
1 1 671 3 48623474
1 0 1094 2 786928804
1 1 3344 2 387735106
1 1 1299 4 3353452
1 0 3593 2 645909364
2 236 1070
1 1 1883 1 887495445
2 1849 791
2 2138 953
2 1575 1426
1 0 3370 3 699052770
1 1 1541 2 591859155
1 1 3742 1 552380937
2 2067 3970
1 1 3717 1 575242194
1 0 1965 3 236858220
1 0 126 3 776974438
1 1 3361 4 716986180
1 0 3948 1 190273258
1 0 3693 1 925412879
1 0 1616 3 95767261
1 0 3294 4 312735190
1 0 1050 2 608275841
1 1 3073 2 536993422
1 1 2596 3 208513271
1 0 3843 3 178406087
1 0 3038 2 365269958
1 0 2064 4 602838879
1 1 3055 1 221172719
1 0 3668 2 238724515
1 1 1718 1 406407461
1 0 2302 4 930759192
1 0 1289 2 466850714
2 909 686
1 1 1509 2 728759218
1 1 2478 4 874613211
1 1 235 2 484908618
1 0 269 2 817079724
2 2392 3531
1 1 3582 3 950994705
1 1 703 1 211378902
1 0 3442 3 389601373
1 1 826 1 894940299
1 0 1604 3 596871270
2 217 2039
1 1 3193 3 172753686
1 0 2693 1 622785666
1 0 2314 4 411663555
1 0 3464 1 759211205
1 1 3747 2 292078949
1 1 1163 3 814262298
1 0 2231 2 696220154
1 1 1881 4 678490780
1 1 1463 2 136227525
1 1 2900 1 354199882
1 0 1432 2 734713695
2 983 429
1 1 3815 1 454349324
1 0 2997 3 319886475
1 1 2485 2 981754071
2 1015 1444
1 1 1756 3 963393883
1 1 1374 1 381048135
1 0 3509 3 319955153
2 699 3292
1 1 2489 2 778100970
1 0 1591 3 85702629
2 2319 986
1 0 3885 3 841336798
1 1 2615 2 499078926
1 1 1821 3 952139305
1 1 2099 4 982924945
2 3915 42
1 0 1717 1 306980328
1 0 1052 3 303249717
1 1 3488 1 917318761
1 1 1329 2 966030580
2 1322 2169
1 0 1330 4 271470577
2 2556 797
1 1 2258 4 710176732
1 0 1195 4 215977638
1 0 3408 3 253189950
1 0 2169 2 670299699
1 1 1753 2 662887344
1 0 3203 3 777792736
1 0 3395 4 684690598
1 0 284 1 558291626
2 2298 560
1 0 3384 4 874212396
1 0 695 1 451445517
1 0 1086 4 833411433
1 0 2602 3 760118265
2 3448 1951
2 861 3221
1 0 184 4 716919622
1 1 1710 4 593101832
1 0 3743 4 528810478
1 1 1829 4 915323730
1 1 75 4 918134779
1 0 1213 1 334866403
1 0 432 2 366223844
1 0 3838 1 116720291
1 0 3406 4 980987635
2 1260 2562
2 3617 1059
1 1 881 2 281688661
1 1 2804 2 256886054
1 1 2295 4 387504531
2 476 597
1 1 889 4 913262008
1 0 3056 1 672381957
1 1 56 3 18547879
1 0 3863 3 148441461
2 684 1420
1 0 933 1 916353015
1 0 3601 1 575007257
1 0 160 3 15212425
1 0 381 2 446995635
2 1656 676
1 0 422 3 787804615
1 1 3247 4 783374613
1 1 2372 1 117950103
1 0 3468 3 615456255
1 1 2980 2 294494116
1 0 3253 1 839242566
1 0 966 2 957453279
1 0 3026 3 182277522
1 0 1235 3 638812041
2 3235 943
2 1219 3344
2 250 404
1 1 2636 2 38319922
1 0 2413 4 723369213
1 0 1484 3 698429255
1 0 2303 4 451710661
2 1365 2228
1 1 8 3 303398586
1 1 2463 3 850838741
1 0 415 1 865612435
1 1 81 3 349761363
1 0 3872 1 182886461
1 0 3057 1 933826142
1 1 66 2 333900187
1 1 2581 3 644491308
1 0 139 4 421527878
1 0 955 1 403055378
1 0 3860 2 770091234
1 1 100 3 546768463
1 0 81 1 704158750
1 1 3366 4 290638535
1 0 3821 3 454323887
1 0 2385 4 713399761
2 550 3560
1 1 19 2 71954
1 0 120 1 950002079
1 0 96 1 88791822
1 1 3119 3 493267049
1 0 2373 2 601650244
2 3959 2095
1 0 734 2 680011441
2 2896 2858
1 1 3201 2 818516622
1 0 198 3 577548668
1 0 3780 3 754578247
2 1320 1676
1 0 436 4 739433200
2 106 1606
1 1 686 1 415176144
2 3375 1506
2 2225 1953
2 1252 3878
1 0 2542 2 28695437
1 1 3766 2 77762214
1 1 2973 3 361332311
1 0 3991 1 404920257
1 1 2883 3 966626666
1 1 1177 3 956356980
1 1 2866 1 671173083
2 3848 3724
1 0 3675 2 206090356
1 1 197 1 667897598
1 1 2357 2 924428838
2 2705 612
1 0 1503 4 792717954
1 1 317 4 315556951
2 764 321
1 0 2102 2 515607382
1 1 3687 3 517316012
1 1 3289 2 12743967
1 1 1618 3 243664348
2 1512 348
1 0 892 2 985742721
1 0 2217 3 171963963
1 0 1892 1 334138413
1 0 2892 1 704665809
1 0 2699 1 486977053
1 1 29 1 585891468
1 0 3922 3 836608630
1 0 3408 3 781841337
2 3089 1786
1 0 100 1 860603248
2 1694 2059
1 1 3351 2 938883145
1 0 1745 2 281197807
1 1 629 3 809477613
1 0 3124 3 697949066
1 0 3313 3 865454330
1 0 2995 4 862776202
1 0 2135 3 562616508
1 0 515 3 436206460
2 1252 447
2 129 2864
1 1 3077 4 303913670
1 0 1613 4 665109885
1 1 2967 1 886661639
1 1 3127 4 268232024
1 1 3147 3 120363935
1 0 3875 3 455085106
1 1 28 1 912387560
1 0 1179 3 675539440
1 1 1690 2 797145647
1 1 2145 4 337522016
1 0 194 3 751881215
1 0 2903 3 929294423
1 1 3323 4 875893084
1 1 506 4 739477019
2 1194 2653
1 1 2643 3 885259173
1 1 2835 2 380699370
1 1 353 4 937072409
1 0 2590 4 939562714
2 775 2763
1 1 1254 1 63365576
1 1 1788 3 862208226
1 0 3648 3 719924562
1 1 1680 1 246904979
1 1 3407 3 717156932
1 1 2924 4 556914383
1 1 1594 2 727861964
1 0 1945 1 388831168
1 0 1231 1 544539300
1 1 3579 4 327778072
1 1 2771 3 881121044
1 1 1402 4 808979978
1 1 2217 2 416962778
1 0 248 1 565524263
1 1 1732 3 241859932
1 0 1671 4 826778948
1 0 2900 4 163979801
1 1 2256 2 418287041
1 1 146 3 450660350
1 1 2027 4 581425377
1 1 3620 1 252781868
1 0 229 4 411366640
1 0 65 1 577550126
2 311 3094
1 0 2773 4 736928009
1 1 2798 1 788925761
1 1 2222 1 813884018
1 1 267 2 157936611
1 1 2007 4 216187894
1 0 1315 4 808274389
1 1 1650 4 653815237
1 0 734 4 374077239
1 1 1618 3 680937100
1 1 1282 3 266131236
2 1011 2562
1 0 2324 1 778627236
1 0 847 1 18956005
1 0 3698 1 185917640
1 1 3802 3 442117831
1 0 2525 1 789644728
1 0 1436 4 12060108
2 48 1776
1 1 742 2 269635484
1 1 104 3 540482008
1 1 3641 4 610517938
1 0 3378 4 725400060
2 3406 2248
1 0 1283 3 933676230
1 1 422 2 490803004
1 0 1500 2 528668784
1 0 2427 2 406543613
1 1 333 2 611422222
2 2570 1421
1 1 542 2 538835301
1 0 1345 1 179076533
1 1 2669 1 942632464
1 0 3363 1 795151180
1 1 3587 2 61604199
2 2097 3753
2 3364 3584
1 0 3519 4 232789004
1 1 263 1 629150165
1 0 681 1 292413459
2 499 2193
1 0 3948 3 845731262
1 0 3090 1 593255404
1 1 378 2 973809327
1 1 1945 2 449244890
1 0 1882 1 389661670
1 1 3858 2 474671181
1 0 2028 4 670418405
2 846 1688
2 50 3339
2 1998 3964
1 1 3977 1 474711021
1 1 3224 1 509209226
1 0 3813 1 768693005
1 0 3428 1 550969511
1 1 3525 1 97824639
1 1 3883 3 38190257
1 1 923 1 292034790
1 0 3954 1 65384225
1 0 3932 2 239558602
1 0 569 4 753429315
1 1 9 2 603323231
1 0 798 3 398794249
1 1 1394 1 197769663
1 0 1646 4 627900247
1 1 1552 1 17946216
2 129 2679
1 1 1288 4 719386997
1 0 1572 1 237616555
1 1 3641 1 397943359
2 3837 3006
1 1 710 3 600938108
1 0 2359 4 675991755
1 0 838 4 401978461
1 0 549 2 780061484
1 1 2983 3 415304243
1 1 1048 1 899882309
1 1 3286 4 105707395
2 3496 1478
1 0 3050 1 579917435
1 1 1279 3 872549021
2 1894 1705
1 0 841 1 621537733
1 0 3948 1 71172357
2 3539 613
2 470 3342
1 0 2844 4 194968475
1 1 3396 3 141915640
1 0 2963 3 368814462
1 1 3919 2 201718439
2 198 2875
1 1 3794 3 697858621
1 1 2602 1 577050058
1 0 584 2 889299418
1 0 24 2 823940308
1 0 1992 3 951679894
1 0 2595 2 975089963
2 782 2198
2 1749 1172
1 1 2438 2 465500563
1 0 3758 2 980753757
1 0 3944 3 86802704
1 1 2073 2 948541935
1 0 246 2 42983566
1 1 1210 2 822966609
2 2709 1326
1 1 3006 3 218444040
1 1 3505 4 983113534
1 1 280 4 814587323
1 1 1547 2 690455528
1 0 2215 4 666123271
1 0 3885 3 214098123
1 1 2618 3 96173246
1 0 2839 1 401793834
2 2609 3920
1 0 1933 2 53656573
1 0 1576 1 364826501
2 2137 603
1 0 2033 4 386132834
1 0 2326 2 777196021
1 0 800 1 354902836
2 2700 3528
1 1 3377 4 351729851
1 0 2025 1 890402137
1 1 3626 2 822973999
1 0 150 3 449908842
2 2942 3693
1 0 2103 3 927890421
2 1010 1533
1 0 76 2 321869670
1 0 1277 2 309866499
1 1 3376 2 216253349
2 61 1727
2 1320 2709
2 22 1216
1 0 1659 4 26148430
2 2712 1405
1 0 387 2 841188423
1 0 356 3 562025678
1 0 1601 4 999494427
2 3108 3117
1 1 2455 1 384051794
1 1 2706 2 912057878
1 1 1240 3 243018490
2 1811 3294
1 1 183 1 632610030
1 1 3717 4 911480740
1 1 3820 3 704706946
1 0 703 4 283646336
1 1 34 3 321516504
1 1 3158 1 268157974
1 1 788 1 229091415
1 0 1682 2 229271924
1 0 2886 3 497758269
1 1 3344 2 393177909
1 0 1131 1 654686927
1 1 2559 2 130757468
1 1 1781 3 631535537
1 0 412 3 560899877
1 0 2067 4 961039104
1 1 2427 4 339802602
1 1 3371 2 640831488
1 1 695 1 403843584
1 0 3346 1 301241073
1 0 2090 4 751735718
1 1 28 1 208415202
2 1227 3120
2 3517 2363
1 0 2247 2 664816270
1 1 161 3 662249279
2 1560 3726
1 1 3488 1 858061639
1 0 1405 4 696554966
1 1 482 3 557203310
1 1 1490 2 136035876
2 1423 2356
1 0 254 1 625695956
1 0 1529 4 425785863
1 0 1952 2 866232775
2 576 623
1 1 2912 2 80055753
2 1515 2523
1 1 2631 4 364112380
1 1 1817 1 8915215
1 1 512 3 160157677
1 0 2981 1 143944402
1 0 814 2 756353869
2 72 3198
1 0 24 2 296990777
1 1 108 3 808971039
1 1 450 3 675899362
1 1 2778 2 783610212
2 502 3808
1 0 3855 4 734866771
1 0 2347 1 140989332
1 1 2021 4 97371021
1 1 2763 3 184765784
2 2300 1558
1 1 2683 3 626427215
1 1 534 3 358501742
1 0 3041 4 206575660
1 1 3840 3 456102884
2 3458 2215
1 0 1187 4 609584606
2 263 1558
1 1 1071 2 264913235
2 2264 3298
1 0 1479 4 792872200
2 803 1031
1 1 2353 2 608064854
1 1 2670 4 309367663
1 0 139 1 82045585
1 1 1680 4 937512914
1 0 1146 1 831205181
1 1 1576 2 398504166
1 0 2405 2 554056510
1 0 937 3 319430648
1 1 3831 3 524645776
1 1 1796 3 420021242
1 1 961 4 25674756
1 0 1458 3 653282017
1 0 3769 4 532178474
2 2054 146
2 3697 1398
1 1 961 3 292595369
1 0 3583 2 307951672
1 1 2043 2 978916928
1 0 2353 1 5870725
2 1669 1796
1 0 251 3 243793108
1 0 3624 3 223697449
2 3914 1867
1 1 1190 1 326877906
1 0 1210 3 945713834
2 2365 3549
1 1 913 4 960089066
1 1 760 3 539487856
1 1 3357 4 439784636
1 1 2212 3 171541924
1 0 2554 1 9833723
1 1 3257 1 259539911
1 1 3606 1 346048543
1 0 1265 3 392129148
2 1888 3083
1 1 2686 3 863443231
1 1 3206 2 132253728
1 0 1449 4 278527371
1 0 1380 2 512438229
1 0 2942 2 886210151
1 0 399 4 193805105
1 0 1158 4 333591474
1 1 607 1 539899135
1 0 182 1 728841486
1 1 2542 4 729364880
1 1 1369 3 314646335
1 1 3441 3 271557292
1 1 2404 1 182535319
1 1 3689 2 594562066
1 0 2104 3 207712080
1 1 2037 3 860564475
1 0 2518 4 714557247
1 1 697 3 873509780
1 1 284 2 266241392
1 0 90 3 363753112
1 0 2111 2 892330110
1 1 123 4 961375385
1 1 1376 2 74039511
1 1 1791 1 564092752
1 1 2280 2 442045028
1 1 989 1 945293064
1 0 1292 3 688147980
1 0 3529 4 872900989
1 0 1207 2 175728442
1 0 3874 2 928576076
1 1 2912 1 762283821
2 3552 3125
2 527 3234
1 1 3913 4 844754362
1 0 81 3 438023332
2 2213 3708
1 0 1950 1 290138939
1 0 2840 2 379995074
1 1 2207 4 952227335
1 0 3502 1 41137211
1 0 3006 1 643119097
1 1 1768 4 426346369
1 1 1595 3 468253579
1 1 1950 4 177787170
1 1 718 4 385171563
1 1 2152 3 814436163
1 1 2319 1 495134311
1 0 3448 4 658809251
1 1 3438 4 407121302
2 2810 514
1 1 1979 4 314337673
1 0 3709 4 600591229
1 1 2154 3 102885376
1 0 2878 4 674220262
1 0 1781 2 72451329
1 0 3726 2 53075784
2 12 725
1 1 1195 2 636104057
1 1 3720 3 828046234
1 1 712 1 450888477
1 1 1900 4 653294853
1 0 3043 3 451547689
1 0 3088 3 568042418
1 1 3931 4 380428922
2 3396 1244
1 1 1532 1 258641317
1 1 1187 3 540629661
1 1 1464 1 974112415
2 697 1903
2 1008 3783
1 1 981 4 432037829
1 0 2491 3 752834605
2 3541 831
1 0 2743 3 437951496
1 0 1121 2 321309228
1 1 786 3 5279089
1 0 1829 1 263244569
1 1 1689 1 611441288
1 0 357 4 711349157
1 0 2082 1 385621460
1 0 2457 1 523279345
1 0 230 4 179716431
1 0 466 3 467685238
1 0 3278 3 413614278
1 1 3827 2 110969149
1 0 2664 2 421634751
1 0 643 1 627222031
1 1 1148 4 900517332
2 2654 2686
1 1 242 1 685021617
1 0 3812 2 899843545
1 0 288 3 768747561
1 0 1682 3 983948879
1 0 3917 4 953407957
1 0 791 4 732189828
2 546 1213
1 0 3000 1 426949085
1 1 3078 3 265949237
1 0 2514 4 677083816
1 0 2585 4 17055874
1 1 899 2 228730687
2 2136 280
2 796 2000
1 1 1871 1 958741222
2 926 1871
2 3664 3393
1 1 1960 3 456496309
2 479 1503
2 691 904
1 1 2399 2 77991128
2 810 2729
1 1 1890 4 557792437
2 1648 681
1 0 531 3 194934976
1 1 1873 4 467451494
2 832 3093
1 0 1941 2 328638133
1 0 2403 3 236398479
1 1 2253 4 285486458
1 1 2875 3 608524028
1 1 1812 1 986664336
2 2342 926
1 0 3905 4 565030333
1 1 1638 3 332658062
1 0 2601 4 450153483
1 0 3229 2 866883703
1 0 259 1 188902252
1 1 1930 3 189575678
1 0 1999 4 373623745
1 0 1715 3 89113172
2 3309 1457
1 1 2553 3 292570044
1 0 703 2 322701193
1 0 2164 3 699811329
1 0 3978 4 418183335
2 1615 1781
1 1 2963 1 667501031
1 0 656 3 416315726
1 1 2461 4 949656358
1 1 122 4 463885877
1 1 3866 4 967148868
1 1 2277 4 969435627
1 1 1888 4 77256221
1 1 2291 2 842852941
2 499 567
2 3309 35
1 0 3447 4 200766255
2 3496 3762
1 0 3846 4 810476871
2 2148 992
2 3766 2025
1 0 130 2 665990783
2 709 1476
1 1 3941 1 931214787
1 0 141 2 432936066
2 3958 3250
1 0 3074 2 992472562
1 0 1109 1 891829492
1 1 1171 4 445213141
1 1 929 1 187977395
1 1 258 2 411649961
1 1 1416 4 546640540
1 0 3556 1 811188002
2 1194 1916
1 0 847 1 895317352
2 3031 2815
1 1 1620 2 158797671
1 0 2161 1 612339547
1 0 1932 3 443562026
1 0 2653 3 942731241
1 1 1351 4 545176083
2 2653 1347
1 0 3001 2 997407262
1 1 89 3 436755490
1 1 2806 4 461502017
1 0 2565 4 886075357
1 1 3288 4 580480288
1 1 3852 4 926454844
1 1 3879 3 937538851
1 0 1247 4 662824154
1 0 379 3 319692609
1 1 3113 3 466170965
2 1991 3244
1 1 1899 2 205144178
1 1 3989 1 135023568
1 1 2190 3 212170608
1 0 2847 2 214081527
1 0 3127 4 238333209
1 0 3061 4 250297168
1 1 2825 3 885868076
1 0 1066 4 41169734
1 1 1084 4 647425253
1 1 1320 4 122481559
1 1 790 3 135099842
1 1 724 1 851876025
2 796 1992
1 1 2166 2 871517841
1 1 1360 4 942634193
1 0 3111 2 281222831
1 1 719 3 370835192
1 0 2788 4 738001720
1 0 1607 1 883045216
1 1 1449 2 785788177
1 1 681 2 487308408
1 0 3059 3 976262742
1 1 349 2 184045730
1 1 869 4 962671010
1 0 3959 3 176195040
2 2567 808
1 0 1703 4 58680326
1 0 588 3 82299722
1 1 3156 3 830030294
1 1 2995 4 782341595
1 1 2661 3 156677051
1 0 3103 2 462678608
1 1 3547 4 431421210
1 0 1843 3 533590701
2 931 812
1 1 896 4 69961226
1 0 487 4 417025023
2 1438 87
1 0 3219 2 767419866
1 0 3725 3 376527547
1 1 2277 1 119182829
1 1 3559 4 488801323
1 0 2951 3 971495433
1 0 3934 4 585309689
1 0 327 1 942399479
2 1298 3828
2 3487 1697
1 1 50 1 434366457
1 1 2193 2 409415732
2 1936 1128
1 1 104 4 167503772
2 2597 24
2 1733 768
1 1 1871 1 462410287
1 1 2327 4 160472530
1 0 2237 3 414370465
1 1 3259 2 80993724
1 1 3004 4 709675358
1 1 530 3 919430038
2 506 3657
1 0 2166 4 501704657
2 1779 3044
1 0 2218 3 16785324
2 687 3284
1 0 3651 4 117486350
1 0 3135 1 534307844
1 0 3565 3 248085882
1 0 2350 3 903335468
1 1 1530 2 453357054
1 1 2352 4 646129432
1 1 947 1 183540335
2 3807 1442
1 0 1260 3 865043566
1 1 3104 4 823770860
1 0 2443 1 776304746
1 1 3574 2 614105247
2 726 2874
1 1 3849 2 674931558
1 1 495 3 62512388
2 3800 2656
1 1 2013 1 947925803
1 0 2222 1 229501150
1 1 1859 4 714156553
1 0 3196 2 121962586
1 0 3602 2 514223031
2 3404 1914
2 1070 1169
1 0 2950 3 141967213
1 0 2012 3 799118187
1 0 2773 2 121394521
1 1 2168 2 162839145
1 0 860 1 582419633
2 438 2034
1 1 1871 3 353678321
1 1 1333 3 683447208
1 0 1077 2 572872347
1 0 3838 1 969617961
1 1 1938 4 9980334
1 1 1342 4 75777683
1 0 646 4 863722885
1 0 328 4 543325423
1 0 2886 1 673371620
1 1 2702 1 138340801
1 0 3678 1 125875238
1 1 3205 1 685428341
1 0 3225 4 611158119
1 1 3403 4 262843075
1 1 1945 1 295124603
1 1 3988 2 454228461
1 0 2311 1 53734013
1 0 184 1 595613699
2 3166 1918
2 836 87
1 1 1953 2 868960727
1 0 3187 2 140454851
2 3436 2752
2 586 194
1 0 3099 1 345778660
1 1 3107 4 536401343
1 1 899 3 890621040
2 1833 1950
2 3874 1925
1 0 2157 1 823330573
1 0 3464 3 904867305
1 1 1276 3 270210012
1 1 1407 3 137376375
1 1 3729 4 735600917
1 1 48 4 465286332
1 0 3001 3 871406096
2 3375 3012
2 1868 951
1 1 3502 3 489760693
1 0 1201 4 355722
1 1 952 3 169746232
1 1 51 4 620361593
1 0 144 2 762614062
1 0 3890 2 175188526
1 1 1943 1 754422190
2 3459 1645
1 1 706 4 622607040
1 1 245 3 843730179
1 1 159 1 207040458
1 0 1769 4 463617871
1 1 901 4 890524635
2 748 2775
1 1 1275 3 279383920
2 3766 2845
1 1 3388 4 189205690
1 1 2297 3 464897619
1 1 3506 2 793074859
1 0 71 4 198682169
1 0 2266 3 595092229
1 0 687 4 112930923
2 990 3313
1 1 3435 3 274054386
1 0 1370 4 497384208
1 1 3969 2 117511273
1 0 1609 3 740306711
1 0 1618 1 565405549
1 1 3331 2 836964736
1 1 19 1 421965639
1 1 3556 2 997273978
2 1072 2508
1 1 867 4 739164695
2 1266 601
1 0 2342 1 686268139
1 1 2183 1 858482283
1 1 2153 3 895864003
2 2504 3515
1 1 2209 4 478507054
2 2556 2712
1 0 2732 4 717383192
1 0 605 2 450653896
1 1 1258 3 953221292
1 0 3695 4 346260539
1 1 1324 2 400082543
1 0 2014 2 223887315
1 1 382 2 954393322
1 1 661 3 700323386
1 1 3364 3 312340575
1 0 1178 2 655758062
1 1 2137 1 872492591
1 1 2608 2 842083868
2 3110 591
1 1 896 3 330323825
2 2348 1255
1 1 2275 3 464394066
2 1825 2201
2 150 1086
1 1 620 4 143093363
1 0 3192 2 762590567
1 1 1809 4 573533550
1 1 630 1 893520719
1 1 3779 2 923520976
1 0 835 3 984344830
1 0 2911 2 865643607
1 1 335 4 862078267
1 1 703 1 843103594
1 1 286 3 16293875
2 932 1401
1 1 3964 2 298412152
1 0 3078 1 45308647
1 0 3797 2 314941161
2 3394 1811
1 0 2806 4 998280679
1 1 2224 3 470520012
1 1 204 3 3573713
1 1 3773 3 273626051
1 1 868 4 407321408
1 1 3897 1 258065412
2 2183 3070
1 1 3292 3 128792836
1 1 3325 4 872990403
1 0 1270 4 642703565
1 0 2648 4 465870923
1 1 3139 3 124521816
1 1 3636 1 511274807
1 0 1573 1 756722447
1 0 533 3 564711900
1 0 2292 1 48731001
1 0 643 3 651662341
1 0 3088 4 280644690
1 1 3672 4 150801107
1 1 1249 3 496491835
1 0 3055 3 297246699
2 1359 2985
1 0 3928 1 619488064
1 0 713 3 525628167
2 3481 3609
2 3909 1397
2 4000 1865
2 358 3159
1 0 1548 3 52833501
2 1004 1532
1 0 2600 3 493685465
2 1254 2685
1 1 3604 4 508883486
2 3577 3661
1 1 2841 3 363903232
1 1 546 1 421526465
1 0 1545 4 483257076
1 0 1674 2 445911207
1 1 3775 4 484401671
1 1 766 1 468298107
1 1 2224 3 458242612
1 0 3488 2 761650748
1 0 3463 4 491261104
2 1085 3480
1 1 548 3 888315157
1 0 3133 2 49932518
1 0 2555 2 788724327
1 0 862 2 816612154
1 1 1962 2 993936507
1 1 1107 2 199264949
1 1 3397 4 482866953
1 0 2965 1 358909071
1 1 1611 2 554325611
2 1993 1888
1 1 2705 4 219057481
2 1386 3421
2 2812 3406
1 1 3154 3 22241708
1 1 1981 2 780271740
2 1061 918
1 0 2496 2 378417622
1 0 3078 3 464398046
2 1837 2244
2 2745 3142
1 0 3408 3 972990492
1 0 1538 3 743374296
1 1 1184 2 942810007
1 1 2632 3 339197169
1 1 3736 3 45304290
2 3621 319
1 1 3511 4 748529369
1 1 2973 1 516478791
1 1 2282 3 185182460
1 1 1530 1 977918901
1 1 2475 3 427871674
1 1 1735 3 608808149
1 1 3894 3 635118000
2 2340 1702
1 1 3004 4 141866612
2 1670 566
1 0 346 1 273555489
1 1 653 1 577864881
1 0 735 3 896966596
1 1 3239 3 918444688
1 0 2738 1 391782115
1 0 10 2 226753792
1 1 3051 2 422011514
2 1876 3192
1 1 229 3 704882997
1 0 3587 2 474702342
2 887 124
1 0 1424 1 207377255
2 2660 1335
1 1 1377 1 512654073
1 1 3131 4 783999291
1 1 3125 2 443280976
1 1 1478 2 899655714
1 0 2018 3 348319322
1 1 1332 3 535104146
1 0 3673 3 950492225
1 0 553 4 413019821
1 1 3235 1 516119336
1 1 2410 1 388150737
1 0 3410 2 145603603
1 1 2842 4 700248579
1 0 3266 2 126335396
2 2438 2521
1 0 531 3 964780323
1 1 116 3 936707055
1 1 3588 3 144382535
1 0 1760 4 885023524
1 0 454 3 843523329
2 934 279
2 3247 2131
1 0 2472 2 32898004
1 0 425 4 108864059
1 1 142 2 248328363
1 0 1645 1 270867954
2 3367 1202
1 0 108 3 936191743
2 2875 1057
1 0 877 1 69608445
1 0 49 2 555436750
1 0 1786 1 127687374
1 0 3082 4 856992244
2 2129 3425
2 3444 2355
2 2947 2361
1 0 1230 4 940197286
2 3880 2132
1 1 3641 1 856855701
1 0 537 1 381211597
1 0 3462 2 691513667
1 0 1211 1 327636911
1 1 844 4 111207546
1 0 3302 4 863227868
1 0 1641 4 826975076
1 0 3081 2 229413179
1 0 70 2 492060849
1 0 2678 2 440124358
1 1 211 1 107221994
1 0 100 3 216090216
1 0 2068 2 554399571
1 1 1268 3 791530260
1 0 2322 3 114299773
1 0 2201 2 375658653
1 1 800 1 95001189
2 658 3256
1 0 1952 2 644223622
1 0 355 1 818524606
1 0 3978 1 797924920
1 0 219 3 339802206
1 0 1131 2 875545136
2 3307 2517
1 0 3897 3 22219751
1 0 254 2 578995168
2 1929 1483
1 1 3121 3 219093789
1 0 3505 3 156038724
1 0 1619 1 952198294
1 1 1045 4 959550166
2 1458 2996
1 1 3653 4 758785495
1 0 3867 4 250881626
1 0 1907 3 725223277
1 0 1265 3 834168050
1 1 3643 3 782570443
1 0 322 3 962988056
1 1 437 1 329605171
1 0 114 3 693644297
2 2115 3128
1 0 3497 4 64889220
1 0 2334 4 853475925
1 1 3103 1 300061764
1 1 599 2 474753635
2 58 1488
2 227 3331
1 1 326 2 93906986
2 2507 3305
1 1 2324 4 15903053
2 2833 524
1 0 1070 4 426357803
1 0 1062 2 535492199
2 2545 222
1 1 3836 2 801306268
1 1 623 1 697041477
1 1 3451 2 929310627
1 1 179 4 956064816
1 1 2926 2 517470326
2 3202 2357
1 1 2834 2 75399287
2 3992 3968
1 1 2128 1 540917855
1 1 1361 2 416384076
1 1 2928 3 3303199
2 3769 471
1 0 3411 2 828369849
1 0 193 3 137863915
1 0 3537 4 563786114
1 1 1888 2 98566820
1 1 1710 4 635420345
1 1 2873 2 278156143
1 1 1007 2 381028933
1 0 808 4 9331674
1 1 686 4 73308273
1 0 2732 4 166015369
1 1 3647 4 203335122
1 0 2846 3 467379086
1 0 2417 3 593110633
1 0 1246 1 740427416
2 2343 2698
1 0 519 2 391315126
1 0 2852 1 26574442
1 0 2513 2 971864621
1 1 1050 3 665093219
1 0 1913 2 90038583
2 885 3783
1 0 1738 2 362903697
1 0 3431 2 979688174
1 0 1876 3 464958882
1 0 1516 3 563584740
1 0 3060 3 28788025
1 1 719 1 563465477
1 0 2209 1 545674172
1 0 3624 4 436733646
1 0 2338 3 242414345
1 0 751 1 713427519
1 1 378 2 430672562
1 1 385 2 174519656
1 1 3801 3 842822859
1 1 3145 4 916288838
1 0 1514 2 680614985
1 1 3264 4 959081588
1 1 1649 4 825338016
1 0 517 2 846469086
1 1 1724 2 687398576
2 3550 3766
1 0 3910 3 342319564
1 0 3841 3 917149679
2 8 2961
1 1 557 1 450242442
1 1 1289 3 810352584
1 1 706 3 973721063
2 738 3948
1 0 2160 1 649501349
2 2554 3770
1 0 146 2 906879969
1 1 265 1 894698957
2 251 2249
1 1 1174 2 796592926
1 0 3400 2 327664474
1 0 2881 1 143518011
1 1 2760 4 244930961
2 3970 1743
1 1 2191 3 966505449
1 0 1393 3 758491747
1 0 766 3 926357704
1 0 1760 1 529588693
1 1 3110 2 662720308
1 1 1823 1 619582600
1 1 1545 2 409972692
1 0 2922 4 158643610
2 3683 1519
1 1 3866 2 96606855
1 1 2116 1 749380004
1 0 3055 4 92567539
2 1894 449
1 1 3176 4 387113438
1 1 2008 3 803566302
2 1777 3982
1 1 953 1 822893371
1 1 2451 3 445558445
2 3948 142
1 1 1996 2 948043230
2 3799 2021
1 0 1707 4 114159504
1 0 787 1 786558671
1 0 2042 3 689823838
1 0 3885 2 35958670
1 0 1462 4 968833722
1 1 2988 2 262405994
1 1 1530 2 995078663
1 1 3915 2 504140887
1 1 1529 3 344464817
1 0 1147 3 991283700
2 1291 1703
1 0 3162 2 418026200
1 1 2472 2 934464578
1 1 2161 1 107878431
2 3702 1303
1 0 3711 2 147399252
1 1 294 3 299258777
1 1 300 1 276978112
1 1 288 1 833569784
1 0 2702 1 311990669
1 1 2923 2 274372252
1 0 729 2 986692793
1 0 1752 3 426425366
1 0 2692 1 864885172
1 0 2410 2 311017244
1 1 2077 3 971100305
1 0 817 2 886608611
1 0 2384 1 549824722
1 1 2718 1 469251271
1 0 1196 1 223575341
1 1 3942 3 377064115
2 2318 148
1 0 3420 1 303909218
1 1 3569 1 425640900
1 0 1554 2 786520167
1 1 1487 3 569767001
1 1 3857 4 690890987
1 0 1431 2 503637616
1 0 2074 1 752712046
1 1 3591 2 130067897
1 0 299 4 131132936
1 0 812 3 690181534
2 3735 2473
1 0 3005 4 983724066
2 3263 2888
1 0 2100 4 177968768
2 3293 1725
1 0 1461 4 787750940
2 2596 1552
1 1 3447 1 378455624
1 0 455 3 111645586
1 0 1568 2 805306485
1 0 435 1 165569570
1 0 223 2 372365486
1 0 3447 4 13423869
1 0 3944 2 808951466
1 0 2300 1 325817722
2 2868 1981
2 3380 2925
1 0 1810 4 258184800
1 0 458 2 76188960
1 0 2770 3 41080493
1 0 3070 2 890203853
1 1 3831 3 538714903
1 1 915 1 157344608
1 0 1705 2 401564805
1 0 380 3 776013577
1 0 3802 2 554720940
1 0 3496 2 506249709
2 836 84
2 2467 361
2 3017 889
2 3076 3813
1 1 1509 3 344510754
1 1 3266 2 189550351
1 1 473 2 206055568
1 0 1829 3 580863156
2 234 3934
1 0 221 3 680941713
1 1 3398 4 657374209
2 1669 1251
1 1 822 4 663556184
1 1 3137 3 838616519
1 0 406 2 684249175
1 0 1823 2 262659882
1 0 1830 3 407404025
1 1 3443 3 220186814
1 1 3247 2 391251307
1 1 2451 4 574014638
2 2149 3490
2 2587 2136
1 1 1073 4 743431140
1 0 1251 4 257844782
1 0 2849 1 563572568
2 2822 2756
1 0 833 1 414951648
1 1 1974 1 455743626
2 1412 1464
1 1 1321 3 149766696
1 0 866 4 441508596
1 0 598 1 628302396
1 0 1855 2 815943613
1 0 1399 3 544911940
1 0 2469 3 131131818
1 0 3115 3 872080008
1 0 3453 3 62756208
1 1 1126 2 603899123
1 0 80 2 393539879
2 557 665
1 1 914 3 742096853
1 0 256 4 751500264
1 0 2955 4 610117056
2 1149 2386
1 0 1437 4 625936490
1 1 729 4 54210971
2 1116 2620
1 1 1172 4 455762053
2 382 2988
2 2524 1851
1 1 3058 3 876127265
1 0 1917 4 273699024
1 1 2780 1 301166803
1 1 265 2 610536065
2 1551 474
1 1 1083 2 953485377
1 0 569 2 775787138
1 1 341 1 208902175
2 100 2385
2 82 3108
2 1087 1430
2 3935 2951
1 0 2391 2 884468120
2 1899 3160
1 0 2827 1 129344000
1 0 3274 1 700236541
1 1 2122 2 338033733
1 0 2274 1 904497391
1 0 2838 4 396979153
1 1 3798 2 837844799
1 1 37 1 996045770
2 3291 1991
1 0 125 4 835471909
2 1831 1314
2 3320 2874
1 1 768 4 280231696
1 1 3255 2 839740480
2 2909 701
2 2793 679
1 0 3359 4 773872996
1 0 657 1 199415295
1 0 286 4 442863951
1 1 1256 2 237621865
1 1 552 1 875800936
1 1 399 1 114059918
1 0 959 3 672612056
1 1 1368 4 179323100
2 403 588
1 1 116 1 827006357
1 0 3761 1 599383457
1 1 953 2 239602003
2 848 2046
1 1 2597 3 778441383
1 1 754 4 618952033
1 1 3165 2 391344525
1 1 3800 2 894677092
1 0 2083 4 799007659
1 1 325 4 442173785
1 1 829 1 384966804
1 1 2536 2 755637366
1 0 1432 1 397287914
1 1 1777 1 435988210
1 1 2625 3 308309614
1 1 936 3 111440473
1 0 1212 4 62504064
1 0 1804 2 285922256
1 0 494 2 849702083
1 0 2637 1 530350205
1 1 3178 3 542711826
1 1 3255 1 807376118
1 0 1495 2 66464016
1 1 1526 2 815619906
1 1 1224 1 967015609
1 1 2958 2 409370005
1 1 729 1 413763813
1 1 3747 2 219903837
2 2127 3059
2 3857 905
1 1 592 2 971413025
1 1 3216 4 967555165
1 1 590 3 286753034
2 1378 3177
1 1 138 1 873043217
1 1 1724 4 679584831
1 0 3225 3 724078595
1 1 1764 1 246697108
2 3000 3542
1 1 326 4 944653667
1 1 1905 4 49240955
2 1042 1453
2 2575 868
2 2179 3261
1 0 3157 2 54547160
1 1 226 1 779042109
1 1 1932 4 209102849
1 1 3352 4 682947312
1 0 3 1 846151079
2 2019 1109
1 1 2533 1 164980817
1 0 3422 1 966567967
1 1 390 2 980936214
1 1 1338 1 310932440
1 0 2098 4 150693093
1 1 3003 4 318738312
2 3304 1053
1 1 2159 4 628834192
1 1 3176 1 701955579
1 1 2629 4 729593576
1 0 3874 3 52236000
2 3261 1311
1 1 3920 2 781501586
2 3623 2300
2 998 2343
1 1 3951 1 496602449
1 1 1433 1 74584708
1 1 2517 4 955881585
1 0 1992 3 165694999
2 2754 1144
1 0 1915 1 261203607
1 1 2647 4 858502429
1 1 2183 2 695261887
1 0 2074 4 754863923
1 1 1712 4 979357709
1 1 1857 1 397874000
2 3299 3408
1 1 3049 3 608784100
1 0 3645 2 159451056
1 1 1310 3 88935790
1 0 2719 2 329295372
1 0 2066 3 524124684
2 604 866
1 0 6 3 199622423
1 1 3022 1 479584657
1 1 875 3 290806992
1 1 2758 3 585422202
2 3778 1945
1 0 2911 1 788091749
1 0 447 2 598067746
1 1 2827 3 603834340
1 1 1963 2 653401518
1 1 3242 4 925750438
1 0 2469 3 650308289
1 1 1581 2 152646029
1 1 861 4 584143857
2 3314 392
1 0 3530 2 897611490
1 0 2270 3 895931188
1 1 2528 1 335302463
2 3783 533
1 1 3626 3 519552651
1 0 2578 3 901091752
1 0 2642 4 370878629
2 1542 1869
1 0 2890 4 286555869
1 0 1243 3 506478039
1 1 544 2 921312686
1 1 3320 1 696274696
1 0 3180 4 290888209
2 3744 3116
1 0 2491 1 457592465
1 1 3159 4 605176983
1 0 3424 2 632443641
1 1 2350 2 313825078
1 1 1950 3 881870059
2 600 1818
1 1 1914 3 548163187
1 1 1842 3 992450370
1 0 122 3 50855269
1 1 3599 1 396171301
1 0 2291 4 562312087
1 0 2670 1 950131677
2 3447 2102
1 0 1781 1 694695174
1 1 2217 4 28803895
1 0 1647 3 7998560
2 1849 625
2 2081 3476
2 3755 1648
1 0 3186 1 644248010
1 0 2747 4 197112880
1 0 824 1 330180330
1 0 1364 3 571765913
2 3907 3707
1 0 2350 3 402644538
1 0 2578 2 949417767
1 0 844 1 275277670
1 1 2234 1 662827894
1 0 1809 1 594239706
1 1 3156 4 462609889
1 0 1736 3 269581420
1 0 1672 1 557774697
1 0 3087 4 976963794
1 0 2399 3 624053039
2 1836 2150
1 0 836 3 203121923
2 3203 2491
1 0 3178 1 848962942
1 1 2749 4 508031155
1 1 1009 4 343489846
1 0 1735 4 614675706
1 0 2519 2 750783294
1 1 3544 2 37641192
1 1 2786 1 647461487
1 0 106 2 600303818
2 821 297
1 0 207 1 775925848
1 0 1261 3 403146160
1 0 1592 2 24932419
1 1 2841 3 239793290
2 2250 3576
1 1 3211 3 253783556
1 1 431 4 409459532
1 0 1251 3 674942437
1 1 2351 2 365837433
1 0 629 1 295156506
1 1 3486 3 566022951
1 0 2660 2 37995801
1 0 3939 3 12830501
1 1 1882 3 990510227
1 0 2206 1 768057661
1 1 3550 3 524211166
1 1 2091 4 389557228
2 3055 1368
1 1 3136 1 968393958
1 0 1557 2 850638253
1 1 164 2 348613046
1 0 1703 1 821597998
1 1 1061 2 910514297
1 0 1358 2 607525211
2 483 3514
1 1 497 3 209129294
2 2298 3866
2 712 2218
1 1 3859 1 860983902
1 0 3772 3 573098851
2 1403 478
1 1 2029 1 244640663
1 1 2589 1 180529571
2 3145 2395
1 1 3999 4 671167202
2 3137 1847
1 1 2052 1 720938879
1 0 502 3 876128183
1 1 3840 1 585266627
2 3151 2403
1 0 1316 1 827337911
1 1 1883 3 460484750
1 0 1733 3 367779717
1 0 399 3 241688760
1 0 2667 3 247944224
1 0 3010 3 673058922
2 962 2128
1 1 1833 1 986870381
1 1 1189 1 412508045
2 2677 3702
1 0 1220 4 31346849
1 0 2332 2 681290429
1 1 1163 4 685264758
1 1 1115 3 611061594
1 1 1270 4 254784616
1 1 2227 4 213146121
1 0 52 2 179286651
1 0 2027 2 295664937
1 0 311 2 51736167
1 1 3237 4 883589131
1 1 58 2 980875536
1 0 3702 2 364070901
2 3785 3426
1 0 3753 1 80649522
1 0 2562 4 765760061
2 713 1905
1 0 2626 1 248203693
1 0 902 4 596848807
1 0 1730 1 555937407
1 0 1432 1 553055016
2 2411 1899
2 3545 2282
2 2642 1179
1 1 3784 3 757226851
1 1 2721 3 387923589
2 770 1059
1 0 2665 2 671835980
1 1 2068 3 542879475
1 1 3207 4 835784743
2 397 2778
1 1 1770 3 866850262
1 1 2908 2 651071309
1 0 3453 4 333083950
1 0 3934 1 861753523
1 0 3078 2 214044757
1 0 767 2 125914279
2 1620 3579
2 456 3299
1 0 3710 2 528189388
1 0 2760 1 227099920
1 0 831 3 736506060
1 1 1015 1 299193654
1 0 2625 4 557712389
1 1 1403 1 986284675
1 0 1976 2 260761640
1 0 3748 4 598973771
2 1666 408
1 1 2172 4 363319791
1 1 3109 4 916253858
1 0 3423 1 994874047
2 3406 3753
1 1 2886 4 289470727
1 0 1407 3 480493224
2 115 1978
1 0 1360 3 381792902
1 0 3180 4 45699924
2 3923 3416
1 1 1333 4 406293779
1 1 2339 1 42843588
2 89 3694
1 0 2369 1 252992897
1 0 2490 3 680281283
1 0 2148 1 789367007
1 1 3795 3 352423780
1 1 37 4 542142011
1 0 1455 1 739911200
1 0 61 4 545012103
1 1 22 3 228783770
2 1237 1578
1 0 1212 4 331981893
2 3109 2365
1 1 985 1 793924285
1 0 104 1 899854790
2 2672 42
1 1 1116 4 594098093
2 3168 1134
1 1 3614 1 552907873
1 1 2581 4 841545329
1 1 3087 3 623845127
1 0 3471 3 559667366
2 271 460
1 0 1187 3 118446772
1 1 1392 2 389424822
2 1519 1794
1 0 753 4 673518787
1 0 2659 2 104308921
1 0 3181 3 148805958
1 0 3240 4 95764645
2 919 949
1 1 2042 1 200961556
1 1 3880 4 578890957
1 0 2924 1 525443866
1 0 3581 3 478844780
1 0 810 1 83293478
2 3043 2480
1 0 2292 1 648135901
1 1 3167 4 565673405
1 1 2110 1 453996555
1 1 1717 2 800354314
1 1 2848 4 152352319
1 1 838 4 127362498
1 1 1345 4 301931778
1 1 1514 1 279790527
1 1 269 4 829742854
2 3638 922
1 1 1825 1 670941115
1 0 3297 1 834487713
1 0 2019 1 923587862
1 0 1380 2 36995448
1 0 3321 2 987611780
1 1 3925 2 509424208
1 0 2213 2 823195612
1 1 3086 4 824418363
1 1 1906 4 637085750
1 0 3087 1 556044548
2 2645 35
1 0 3759 4 244092773
1 1 103 1 518631303
1 1 254 2 118251432
1 0 1917 4 443532357
1 1 2791 4 470724879
1 1 1892 3 469893741
1 0 2484 1 357876105
1 0 2968 3 221937536
1 1 3794 2 990306829
1 0 1279 2 523158612
1 0 1369 1 913098309
1 0 3068 4 104287798
1 0 2925 2 90109321
1 1 528 4 643033810
1 1 1757 1 73061084
1 1 3335 4 625194990
1 1 1675 4 455385067
1 0 3136 4 807254981
2 2315 2926
1 1 94 3 312612393
1 1 2378 1 719428387
2 439 1762
1 0 2296 3 60019601
1 1 308 4 992521243
1 0 3825 1 160995008
1 1 1236 4 778029006
1 1 3965 2 178220754
1 0 568 3 988221024
1 1 397 1 865650266
1 0 1398 3 990541382
1 1 2420 4 144041400
1 1 2635 1 365522336
1 0 1881 3 58540052
1 0 710 3 261290166
1 0 2075 4 848051920
1 1 3735 1 986864010
1 0 82 2 548576455
1 0 938 2 21525211
1 1 2462 4 772078314
1 0 3699 2 679164524
1 1 2486 2 933141851
1 0 895 1 129701730
1 0 2869 4 699797636
1 0 29 2 788140306
2 1719 3286
1 1 1115 3 523153608
1 0 3474 4 906136435
1 0 1681 3 344247273
1 1 1159 4 57630360
1 0 1194 2 563560876
1 0 1387 3 152698694
1 1 214 1 929184945
1 0 3042 3 954367969
1 1 1382 2 51695513
1 1 97 4 90309772
1 1 3462 2 574612327
1 0 87 2 793400366
1 1 2655 4 808817665
1 0 120 1 797322646
1 1 2548 2 207461233
1 1 1288 3 26162309
1 1 1201 3 704737164
2 3525 3386
1 0 1056 2 529828746
1 1 2591 2 727762508
1 0 1375 4 853493063
1 1 1523 3 739210009
1 1 405 1 768920716
1 0 1380 4 42594982
1 1 2966 2 963425721
1 0 3683 3 243887571
1 1 3780 2 269634506
1 0 14 3 902396398
1 1 1294 1 966856044
2 1523 1286
2 1334 435
1 1 1159 2 275960031
2 1643 1050
1 1 572 1 372305704
1 0 542 1 715621113
1 0 755 3 652914713
1 1 2013 3 913086520
1 0 1883 2 565000751
1 0 2031 4 920783305
1 1 2492 1 816334106
1 1 1664 1 769647194
1 1 1490 3 729537917
1 0 1089 2 15522175
1 0 1194 2 664966095
2 954 1723
1 1 2283 2 180992999
2 3269 3041
1 0 1370 4 997177485
1 1 3775 2 122753867
1 0 1693 2 796926925
2 599 293
1 1 380 4 447616498
1 0 3116 1 747277079
2 18 1328
2 135 2894
1 0 24 2 140037111
1 1 2089 2 585367163
1 0 1253 1 179073292
1 1 270 4 706738231
1 1 2881 4 599223847
1 1 2366 4 301717055
1 0 1502 2 758327259
1 0 351 3 818582986
1 0 890 1 284678510
1 1 3757 1 246710879
1 1 1122 4 171928195
2 2597 331
1 1 3949 4 471634815
2 832 2845
1 0 1357 2 136597807
1 0 2210 1 111004653
1 1 228 2 169366517
1 0 725 3 270006381
1 0 1494 3 388581873
1 0 3931 4 116558030
2 552 1256
1 0 2597 4 192864717
1 1 1375 1 823724294
2 631 2134
1 0 157 2 621616068
1 1 829 2 332465998
1 1 132 1 736791450
1 0 1837 1 759380299
1 1 1731 2 434449657
1 0 1470 3 557558721
1 0 2806 1 596925317
2 3963 837
1 0 712 1 795057811
1 0 1044 1 297543108
1 0 259 1 712569737
1 1 2289 2 448398823
1 0 2795 1 555223993
1 0 3831 1 740765303
2 3398 2684
1 0 1846 2 766458443
2 2734 1866
1 0 966 4 878957895
2 930 560
1 1 265 1 559045351
1 1 2724 1 671159396
1 0 2185 1 117771717
1 0 3915 3 910647287
1 1 3731 1 937609011
2 2849 2076
1 1 608 2 89001788
1 1 2892 2 950070862
1 1 2273 4 947382916
1 1 2813 1 271025773
1 1 832 4 670597475
1 1 3439 4 550905712
1 1 3113 3 943089089
2 2166 2010
2 2108 3111
1 1 3198 1 949794842
1 0 1603 4 924364490
2 82 3882
1 0 2141 3 392210803
1 0 1938 2 875198527
2 2666 511
1 0 1834 1 718580947
1 1 1147 4 97616254
2 2248 2990
2 539 2098
1 0 2744 2 872570462
1 0 749 1 489002654
1 0 3312 2 474700576
2 2991 3785
1 1 557 4 293554366
1 0 3824 3 789469007
1 0 1202 3 572568003
1 0 3608 1 292015721
1 0 1442 1 822169778
1 0 773 3 782761218
2 554 726
1 1 1578 1 557179780
1 0 1479 3 354654143
2 3068 1703
1 0 3240 2 559092578
1 1 1820 3 690455691
1 0 298 2 83491076
1 1 2150 2 244006643
1 0 2956 4 672276476
1 0 1891 3 148218232
1 0 2213 4 166599617
2 3092 3907
1 0 191 1 165272947
1 0 329 2 398046751
1 0 2459 2 857410567
1 0 3711 4 76018513
1 1 1670 3 18982934
2 3054 3386
2 2168 3199
1 0 1529 4 645230687
1 1 300 3 553844
1 1 2325 2 600844682
1 0 733 4 803925662
1 0 3748 2 839860397
1 1 3033 1 16528790
1 1 1370 4 951812208
1 0 371 2 129000128
1 1 1725 3 774929834
1 0 3764 2 565399538
1 1 1193 4 656153997
2 1154 2839
1 1 2791 1 394105552
1 1 656 4 845161010
1 1 1748 3 695079898
1 0 640 2 167301022
1 1 3659 4 371339963
1 0 395 1 271734199
1 1 137 4 817326599
1 1 1208 2 821004795
1 0 1147 1 70476684
2 586 3807
2 61 1853
1 0 3965 1 166710149
2 895 2616
1 0 3355 2 915270985
2 2381 3342
1 0 2529 4 174940391
1 1 2654 2 258040212
1 0 985 1 53517027
1 1 1702 4 165019101
1 0 1738 3 64300357
1 0 2346 4 807816318
1 1 1833 2 366090259
1 0 3835 1 257480075
1 0 263 2 657491079
1 1 1124 3 655567524
1 1 3042 1 831685128
1 1 1149 4 328014823
1 1 1104 1 57609450
2 485 1572
1 1 3266 1 274033251
1 1 3032 2 549685859
1 1 865 3 308408648
1 0 1525 2 22539589
2 837 1863
2 2961 2096
1 1 976 2 310600112
2 417 3312
2 98 3079
1 1 1828 2 210067159
2 209 2171
2 3838 1218
1 1 1188 3 448374187
2 40 1094
1 1 2775 3 692652127
1 0 2602 3 420942035
1 0 511 3 947458111
1 0 3032 1 82389498
1 1 2266 1 677999359
1 1 3479 2 185175994
1 1 1534 4 710927348
2 536 2644
2 1008 1036
1 1 1480 1 697152
1 0 2781 4 776031749
1 1 125 3 837789705
2 2004 3482
1 1 1688 2 420681249
1 0 1230 3 139258471
1 0 24 4 112586223
2 113 3399
2 942 2080
1 1 685 1 431290816
1 0 1755 3 921205118
2 694 2253
1 1 3389 4 354897767
1 1 3971 2 14727037
1 0 1418 3 8979112
1 0 3677 3 508396320
1 0 1335 4 505756690
1 1 1407 3 851787365
1 0 2611 3 165948444
2 1752 770
1 0 2316 4 514660104
1 0 130 3 681607291
2 3876 2731
2 391 3656
1 1 3770 3 180210075
1 1 3039 1 624118043
1 1 694 2 569475880
1 0 1199 4 6959742
1 1 2194 1 166506917
1 1 2905 3 68728325
1 0 2976 3 146331493
1 1 1676 2 114438077
1 0 858 3 940443708
1 1 1017 2 954738863
1 1 1283 3 469935628
2 1232 2972
1 1 1860 4 574301686
1 0 1476 3 480917171
1 1 3542 2 45469440
2 2527 2993
1 0 2864 2 157643088
1 0 1958 2 582711361
2 463 1983
1 1 87 2 112925938
1 0 444 2 864490641
1 1 3202 1 527775535
1 0 2972 1 252306678
1 1 1647 1 98216063
1 0 145 3 94676037
1 0 1784 4 787177827
1 0 3515 1 777716022
1 0 433 4 293949431
2 1931 3576
1 0 2518 3 673545414
1 0 3259 4 88602046
1 0 2565 2 496845862
1 1 3918 1 898569977
1 0 3011 3 96327819
1 0 2727 2 359537402
1 0 1344 4 170668798
2 1096 181
2 2794 3906
2 1352 330
1 1 2006 4 762769104
2 2904 1082
1 1 1968 3 337405519
2 277 2372
1 0 2025 1 204488750
1 1 3133 3 149264658
1 0 2595 2 603067098
1 0 3721 1 256193451
1 1 3853 4 109147426
1 1 3170 1 906904011
1 1 914 3 45600358
1 1 1460 1 151221667
1 1 230 4 655230509
1 0 2413 1 396459534
1 1 862 4 346014149
1 1 2327 3 69052382
2 1969 3822
1 0 3607 2 644901078
1 0 2687 3 744621021
1 1 1334 2 582228811
1 0 489 3 117852976
1 1 2482 1 862004456
1 0 988 3 689855961
1 1 3347 2 419545708
1 1 590 3 837702567
1 0 1779 3 1712251
1 1 518 2 685156647
2 3895 2951
1 1 3781 4 565755427
1 0 3849 4 896424138
1 1 3805 3 56843390
2 921 1044
2 706 874
1 1 538 1 367830945
1 0 3294 1 4870477
1 0 3313 4 464550463
1 0 2160 4 64456620
1 0 1630 1 638339295
1 1 1343 4 927383179
2 1340 1062
2 1619 594
1 0 2954 2 466457263
1 1 1057 4 869488383
1 0 2162 3 363976256
1 1 3996 4 147705188
1 1 2466 1 66403685
1 0 948 1 270133449
2 3789 2306
2 2795 2425
1 1 428 4 158351655
1 0 2913 4 605359820
1 0 439 1 443861594
2 3078 3969
1 0 1357 1 455694266
1 0 2955 1 887068645
2 232 3368
1 1 1134 4 610439600
1 1 738 2 983833149
1 0 291 2 762850059
1 0 3961 4 997440068
1 1 1174 3 520038229
1 0 150 2 954911307
2 2210 804
1 0 1817 1 540599681
1 0 2467 2 789659736
1 1 3584 2 597925838
1 0 583 4 171259006
2 2775 3103
1 1 1879 2 526436710
1 0 2735 1 306174109
2 3352 3944
1 0 1325 4 200221828
1 0 332 3 140747304
2 1458 377
2 1009 3198
1 1 2975 4 759863412
1 1 2072 4 167196935
2 2902 1739
1 0 3235 2 756612528
1 1 2168 1 62050609
1 1 2583 1 377064866
1 1 2279 3 457429715
1 1 2503 4 624276879
1 1 520 4 856089172
1 0 3700 1 950699668
1 1 60 4 904999873
1 0 2672 3 612952291
1 0 1271 1 784100034
2 2875 212
1 1 1299 1 6879167
1 1 1518 3 961180642
1 0 3867 1 650251844
1 0 607 1 522871162
1 0 3218 2 460260652
1 0 305 2 387112082
1 0 1793 1 396195545
1 0 3490 1 228849646
1 0 1690 1 641759307
1 0 2186 1 400327963
2 3058 2932
1 0 2036 4 255214769
1 0 1534 3 425512567
1 1 629 3 419393787
1 1 3273 4 548797461
1 0 2354 1 623361657
1 1 1004 4 819409022
1 0 3995 2 958895189
1 0 3365 1 591449913
1 0 3640 4 273560204
1 1 2986 3 195564987
1 1 3944 3 779766324
1 0 1368 2 491760060
2 3533 3451
1 0 707 3 147851129
1 1 3280 1 441725076
1 0 3820 1 591889053
1 0 3172 4 301942758
1 0 3092 1 577162313
1 0 3991 2 880444675
1 0 3777 4 615880804
1 1 3807 3 279671581
1 0 237 1 942462234
1 1 3769 4 427472270
1 1 1213 3 352268760
1 0 3399 4 710195781
1 0 2391 2 377810902
1 0 2123 3 548828101
1 0 270 1 603658107
1 0 3653 1 682290242
1 1 1568 2 871593101
1 1 55 1 439764829
1 1 557 2 981303059
1 0 2027 2 200805467
2 3594 413
1 0 3307 4 694068715
1 0 209 3 784673869
1 0 1818 3 512037481
1 1 1765 1 152432520
2 2249 2950
1 0 2747 3 193569793
1 1 1465 4 539049844
1 0 3799 4 654013323
1 1 2354 3 160296690
1 0 90 4 868612487
1 1 2155 3 178272444
1 1 665 2 143329623
1 1 2484 3 258802826
2 3095 3256
1 1 3935 3 318684307
1 1 320 1 693560774
1 0 1396 1 691481029
1 1 1534 1 943659033
1 1 3521 2 802204146
2 3170 1515
1 1 1061 3 673765998
1 1 3994 3 25966930
1 0 3770 1 861472046
1 0 3176 2 89923264
1 1 2718 2 527162767
2 439 3314
1 1 2961 1 489176673
1 0 3960 4 711844432
1 0 2248 2 513310969
2 1562 1105
1 0 3517 1 26130359
1 1 2605 4 877740622
1 0 41 4 314948335
1 0 3824 1 213367773
1 0 854 2 479531904
1 0 584 3 534753448
1 0 3084 4 32149285
2 2397 1970
1 0 1592 2 675372706
2 139 1157
1 1 1431 4 898532596
1 0 3716 1 412750088
2 2954 2183
2 1744 2567
1 0 1674 3 825317970
1 0 3525 4 278832826
1 0 1165 3 164945192
1 0 2989 3 178769616
2 2621 2799
2 3499 531
2 562 3270
1 0 511 3 580946598
2 2150 2436
1 0 730 2 332817504
2 1808 3113
1 0 3554 1 392295082
2 1680 2227
1 0 1264 3 490029203
1 1 2558 1 746496822
1 1 1047 2 975511799
2 3278 2030
1 0 2523 1 275667433
1 0 2980 3 202546327
1 0 1194 4 71591569
1 0 911 1 610149560
1 1 3874 1 521255207
1 1 1265 2 396544331
2 2623 3012
1 1 2444 4 831131130
1 0 1320 3 829269051
1 1 1163 4 410321362
2 1674 1690
1 1 2037 2 78730797
1 1 1881 1 589736679
1 1 1050 4 881202761
1 1 744 1 78358179
1 0 1113 4 487582208
2 821 508
2 2223 1525
1 0 99 2 374442800
1 1 1272 4 283994625
1 0 497 2 199509495
1 1 507 2 383850938
1 1 1549 3 496974662
1 1 3615 1 516575076
1 0 3514 4 616694252
1 0 3414 4 483102574
1 1 1690 4 230407223
1 1 3677 1 606732066
1 1 3503 3 452126693
1 1 2286 4 398673581
1 0 168 2 779712332
1 1 794 1 560740980
1 0 2413 2 891588379
1 1 99 2 847482467
1 0 1951 2 283470492
1 1 1052 2 941743318
1 1 249 3 811954126
1 0 2469 3 43001778
1 0 2434 3 142079418
1 1 3015 2 628471690
1 0 3237 1 806384431
1 0 2344 2 44945964
1 1 3389 1 955475844
2 1977 2111
1 0 27 2 573638761
1 1 700 4 809309883
2 620 2454
1 1 49 3 300995994
1 1 2405 3 652495569
2 111 560
