624630
426876
14093
244101
2116
506921
22030
244031
154822
739
188568
81262
351962
699
0
310857
8369
476057
46
48108
10230
330
217625
56493
434406
1486
0
73134
858
903667
163647
568270
1086305
0
6066
6864
94097
55109
155485
511453
68579
7165
59203
9527
115595
125453
165080
300521
318720
21296
646208
621967
183743
252824
38545
569578
33672
531
78542
162294
100791
96246
2461
44353
118287
850347
11706
187315
320
50149
5941
253934
33826
371761
15100
368047
159786
87436
1099869
451777
142864
28614
258216
598740
505923
319379
2821
431517
10331
9894
18741
36864
555
18603
550425
190151
1572
353888
74291
195695
48237
1058
284240
119650
26185
44479
611075
181398
396770
213464
936642
320792
331141
62950
335
51
1002
166
3535
49584
360599
71102
3111
4411
71433
283126
7277
1985
500237
49908
50641
675086
46336
77351
40742
670659
4363
64210
73
20013
24088
12270
975
62632
193427
6723
10254
341769
10785
38717
64318
779675
138461
243723
12371
78690
403585
8458
51982
14161
13787
70060
799677
387565
83601
36171
147607
48012
54979
68367
458943
62093
237843
519529
587544
42540
9210
63888
3532
64656
266053
204
107725
0
3540
3941
310591
21792
587908
261477
87326
123789
84515
532336
258387
4066
7091
207249
397989
233
108165
4744
15709
58226
411088
545
828711
354
273449
542
4563
55340
93723
227965
105442
28007
125243
33851
147281
1126814
19129
257559
35641
420627
476268
773915
15101
10397
13625
378316
3484
912843
1494
337743
920076
32989
66447
337524
119838
7121
86303
716964
147646
632404
608991
2804
75501
870317
157536
357988
129493
3711
286297
601
389960
9
137903
35164
307409
41548
93326
972
19684
239087
406855
211956
418190
2792
38902
4386
58023
158761
192681
1332
248018
511712
33655
2408
143318
21446
17070
12892
0
301508
49426
149172
9
440059
13990
27979
22703
712706
120612
51704
488520
83
266495
182648
113090
533170
325145
2679
6868
302581
983239
160131
21971
169
425
761995
41587
223401
25823
485440
5573
11378
4220
3786
69322
430588
183652
264
580422
334900
375675
2120
102328
22520
50391
403509
80181
0
35460
134773
216917
18237
148348
650413
3645
515220
77598
13822
490684
10160
1030
246095
144743
260871
440850
38335
661085
612420
84315
58729
338159
1160486
612
38020
189495
46526
153337
194920
909
388452
806934
41737
315759
118886
0
318443
150840
28129
542
323239
27726
87902
349399
4966
19
295827
4008
1228
372
88070
191164
195971
101219
755596
667294
177813
12030
110
208339
1126094
537181
42574
376703
24861
9779
887518
325819
103059
74854
234071
15725
366032
20274
138501
36008
9763
56308
188782
88953
15480
100340
123405
5005
39337
1260
546491
44306
62676
2570
133283
554402
3125
18991
545828
590371
27
288444
739030
487409
297554
119
71292
53441
326764
1122
106938
322688
118635
4784
35629
9931
0
151706
127096
2939
199433
3859
308186
875504
4325
316684
344918
7112
14825
166670
161893
19165
2744
70638
187414
554262
5169
11410
721639
4871
470680
113939
444
293307
330224
185
793215
14207
394
382261
398342
424462
41287
714354
17094
260
237322
5184
546178
911979
327008
33918
635951
142299
103733
60021
31204
757381
9408
629648
2941
779033
340566
372287
11121
383465
9
33369
65829
55702
96586
43209
77161
24723
100
120
97908
28373
21688
705109
17655
3712
444418
96980
127
775380
445957
44476
597437
67961
8510
114475
332119
35998
239102
112641
30352
362387
0
484629
144062
277202
513461
603633
139510
203970
1479
381650
591494
571
8789
66153
110654
3121
202852
2978
176091
127879
702327
614291
39431
23718
305094
2136
323465
62516
301561
21297
154
192747
49169
172210
27885
1160855
133184
156237
5890
469592
26529
2016
66862
396444
10447
286914
287587
9007
169181
90037
364604
202980
395245
89634
58665
1094259
483737
12595
25474
124996
6685
3410
4394
189302
114140
3850
93669
672
25160
266860
385441
22707
504892
118642
2259
115831
73467
395418
38
156776
7640
355479
445609
11968
139075
81551
32645
454817
370734
181271
575879
45479
458662
117061
43714
25084
112
10587
33722
805936
551
36162
48161
372961
27403
121526
7167
11737
22606
34410
38798
472091
84900
105610
49936
68276
65853
16425
13753
15625
202231
656128
9655
212566
441372
29098
1928
24073
1123
3870
111622
837543
326309
54536
76882
127843
448202
257825
236886
5048
995886
38480
17436
11351
73241
11081
192701
385407
71619
178055
199729
54462
744149
15227
490
11
560951
108739
2270
127990
350011
121432
76773
84179
116094
495382
248034
42076
18924
35597
16159
54
10892
15833
507939
60910
118737
5697
3231
110121
473567
12439
247897
182605
678308
14008
1611
3344
354811
943597
354408
83308
168307
81
18474
367252
691420
561103
195594
201820
6885
19919
67923
13403
240147
264591
170225
168017
3013
622
51924
3789
111512
54246
615948
5628
117090
24661
142206
297864
286636
198641
28099
66581
611649
546379
263514
84339
16277
25483
106572
169051
80088
542011
589523
27777
10119
198466
47752
434628
52400
52288
12954
58717
323140
9304
148371
119563
40553
414114
328
0
15595
219625
363566
67752
232796
109864
653683
99584
87936
10113
685760
40248
184571
373923
190485
12703
19
48499
574070
105807
65377
36
26
72019
216653
8098
0
330226
5444
604182
231223
241435
151519
203447
60823
45970
43332
989
73224
89052
197768
8245
6410
27178
860112
24133
587928
17007
86037
89138
16960
51987
29380
459518
680182
36694
345546
521
53385
137092
132721
324075
56612
1334
52962
43420
2364
47213
337175
44149
251271
22085
211
79229
219191
382549
232093
78950
161718
4902
8416
35360
88114
9942
463882
61634
105663
23515
63428
236231
634
464978
60455
639813
100494
350249
398169
259763
517141
38010
42979
805359
9510
8
162069
63851
111655
151068
24407
187490
391686
14701
140
13516
607
65453
411338
183792
73771
229879
3549
168201
773245
144321
352086
268909
198021
489613
18046
183478
8758
222498
443
524332
305499
361
79100
389247
4854
7534
112724
156321
738109
1728
442037
22925
43921
415060
8230
63909
800961
605182
236021
697
207258
26673
165332
450510
347402
1625
6111
105699
49887
24864
86203
20395
14421
275984
479148
1334
633853
36171
563275
529267
248890
282028
22529
69241
364
4665
408079
434498
64948
8128
819624
69068
651
17448
77285
148928
477
1027212
162537
112
33388
5588
36527
128479
39291
20648
156941
64
24170
32633
19718
566043
5981
1830
238298
56780
24326
249867
774034
698676
768784
28936
449435
2126
48036
827108
33498
57878
590449
110446
257315
19083
119882
50760
602099
1722
6976
79568
23496
4148
927
140055
495214
122348
44795
51262
0
36925
62554
11424
1603
21717
57172
18604
104086
28597
301634
47446
47470
24417
461638
8057
795097
227730
38723
447
15558
64344
209729
2469
1858
114849
42731
129991
244757
265424
1191
54143
77220
9817
4557
45943
57386
34285
16357
52417
88682
367
123182
443745
40160
123063
125870
299795
10307
6921
81188
93
251219
104199
41518
124423
255481
616
253077
337271
15634
439124
5815
328605
29424
405273
295744
668520
14042
40783
4612
794474
316
199636
180030
106
37402
8919
117464
847228
91307
26815
203004
168274
16090
737
3721
715552
634849
79165
703160
80961
14063
30961
396004
235009
9856
62
315356
156340
501
3287
47118
68799
712
97763
22767
932
168218
170070
740196
48506
237925
31103
104228
2515
242410
54115
9840
115802
7479
48001
19
103587
142841
658645
943689
6470
356545
25215
52657
831937
46027
61270
64
210894
147344
68068
9
12440
231394
62849
5361
2120
180792
113119
138805
462
85661
56353
458798
724
201
1626
0
3578
405819
1595
95900
1125508
626037
598605
134441
157093
24273
352732
141196
153379
178317
155757
307346
286
48827
11927
182112
11
38510
144890
1694
2751
17350
177729
309781
39297
6308
91214
649583
97868
500280
390264
113015
286073
1064621
0
106
523530
421365
400712
222816
175
92929
186
49638
30200
363572
184218
10217
377236
184275
90012
91564
60763
53444
348514
58831
606746
620848
5042
45954
83510
343
5995
152007
1962
82415
85610
2107
16344
588798
41669
169708
231221
37955
5979
634251
263259
237725
119620
1342
85645
11243
92877
3005
569802
316761
115888
435054
122638
103930
18431
118133
40181
78078
14693
823738
449215
268993
41527
677546
210619
157007
609231
59962
327612
528000
91564
624
49508
3121
315441
559036
390930
357125
94033
22040
766776
29873
58301
788779
129327
24138
309584
21540
264132
84460
100906
61242
30634
107613
349996
411173
710
79166
27653
41992
49418
40808
667588
6346
404281
19218
69817
35680
117178
10409
399765
1242
529840
2058
2589
44192
126977
383
11232
37070
151911
17818
200173
11615
277691
291222
494206
17633
51466
2949
141841
76526
10734
3915
172217
149353
79112
202965
37390
237416
1111
40677
51406
14762
118031
246821
1017315
3551
12199
45680
456963
94425
157147
81953
325776
96132
39144
4895
18582
45353
457772
34576
268463
635685
125405
739434
58901
80131
7355
187133
36838
53558
60179
1797
109272
253535
46824
141590
75934
361869
13302
5164
88962
1581
754444
677179
1047364
103155
117462
773927
201772
453
239074
11971
34011
107175
31295
114774
110784
8586
153437
9834
13560
64
553504
116596
112552
30187
19400
485
202855
388897
52513
64563
8483
10907
5546
1271
4969
244716
2671
285
265773
329
1790
595807
127290
5946
66554
77953
79609
439453
195
292117
501645
137709
47698
399148
687986
535111
177231
103098
99082
158423
765232
586886
766677
508019
9134
22631
201476
0
94378
122777
25678
355484
56525
311976
36565
183873
122180
459
261135
26390
5215
138
65383
159012
169721
89996
0
158734
22019
12165
706247
17459
561379
189980
537632
208876
1913
166797
14845
145347
101070
679818
99500
181703
7862
21919
55810
96684
39164
101280
1135
753
925751
6998
621010
515487
84649
363507
460932
93101
1409
143648
33327
161854
194159
2455
23372
3616
630029
12721
21450
355715
809214
100626
585598
22069
456848
437007
23161
278973
215649
323294
1849
13650
172241
421988
18436
316227
191433
11430
26025
20698
106360
142774
866025
5270
333863
17953
24015
154020
261766
384049
101849
9193
1221329
74801
622
82044
49920
49899
151022
21348
58825
921377
269507
543989
370699
657452
0
6433
133
17541
845
398274
19160
353939
294754
1693
310331
3463
92090
26752
1948
657802
31740
168215
7168
572225
2863
277936
237115
1647
108703
448118
1545
627064
411541
64503
438332
76341
393083
181249
295449
120479
526171
12991
239408
200899
653473
37
137756
135105
2018
9000
309760
915201
464768
143161
58
18041
33816
3028
1036797
870989
18665
17887
105681
56447
349442
230494
28128
189
933502
2766
0
252417
26367
1607
10625
462
274506
21607
10241
466409
69957
100300
379908
7497
447375
176789
259457
268467
4402
100459
510227
219983
73
262358
637981
204627
54698
59101
328711
242392
8106
1251
435566
277670
638242
435412
1585
21394
336997
884409
58671
82
27360
150815
83
132
16439
74332
116079
784405
21394
713346
10838
9965
619902
9705
187446
765233
37077
338736
1296
610956
526555
36935
196760
899229
65776
10631
360445
293029
130459
10830
54240
25188
63972
371402
117720
566010
94619
53193
175470
42862
17039
483220
80633
274863
41226
498287
193004
8162
501417
90950
2892
16045
131431
2597
122860
72026
8553
119909
17108
75475
169702
2336
197879
68378
0
126706
79448
333304
199267
11581
413118
913273
47900
496360
20895
368016
1003675
193456
66486
295485
151193
142606
67054
209561
16724
268859
116374
13544
69606
652438
80736
7219
13865
117117
27295
3737
14689
216070
506485
187738
11259
22762
277671
12363
73793
982239
18940
259174
894626
93681
209266
4057
231606
2210
47304
159
184596
123038
136391
126816
43344
716292
742
0
411
51287
23799
1120
106337
181422
27570
113407
35707
794885
623483
16783
5383
2913
470448
287503
814078
6803
9960
72457
2154
156264
351925
1344
31405
807515
623877
1986
101401
8760
14395
152372
56
3311
44698
7444
176944
51487
161629
50691
1053
27966
2332
713
89044
21268
133906
4185
17786
554416
49788
236
914811
156372
25721
17538
67609
229041
210822
442214
8483
1040139
109053
32809
42212
353177
373096
324716
1206
279366
45
217766
286040
321822
1139
93556
354793
290883
324541
16541
354000
77296
43150
73261
3236
657
34261
532488
126864
38116
596158
200231
72755
83392
7838
34081
122231
464725
56258
897
10292
13017
45121
81931
576684
12195
5429
864958
15970
411
665314
29617
2020
39796
0
325055
376613
107308
0
3083
33404
556875
200
1227
305080
541334
437198
4998
24931
1761
668612
70337
1231
44116
65147
414555
39706
396649
75777
245845
399380
183588
28628
551306
266620
82690
450856
120251
154466
2582
702727
4168
296377
4850
7
11654
1029213
462517
391160
79556
49146
74695
433285
34287
60906
191725
933782
132506
1986
536352
240484
178198
162
10
80900
299263
75082
83899
482004
352678
199774
30307
8348
23184
85737
212514
553974
57089
150781
256284
31149
206068
608
315295
2407
2231
69432
30803
72417
43658
449927
503
50914
992
277058
655350
11262
285266
69204
97161
409200
25514
0
20954
82209
343676
64404
4169
9
1042653
15621
8210
595524
495139
322590
117755
720
469465
76991
242162
378935
336867
178834
28351
119822
29801
9015
127403
101299
482146
604629
7509
454944
0
35220
52565
405320
547130
97035
6515
64418
7028
1497
7666
316099
12682
630276
19190
5295
106531
83055
17145
13267
81637
250699
2769
48668
54167
27446
110775
415818
53047
4809
33876
15641
558873
914416
12018
304197
781243
15325
107760
4683
363051
122964
6294
222
348739
366025
735468
401370
49572
339842
142275
311709
61574
31987
68611
18511
2887
168387
233020
129401
696
24624
228600
22728
21897
38064
617910
792437
47343
357902
189327
102132
9622
67535
139025
246892
427904
552124
15747
131942
63905
310932
485030
416542
178844
1227
3384
0
292626
9664
120978
25908
276102
451613
863945
42
43593
81710
279826
17187
4883
577497
239483
33950
177171
495
303774
211915
478471
35820
123951
43739
1044737
621
12766
5013
361321
12728
354
502834
363364
443301
89938
542492
31349
8463
1073
9891
292827
196924
3922
6411
139019
12133
147623
32469
20098
49281
134
5750
289537
492472
20870
586639
340985
12756
559751
16285
890405
722155
102
2475
423747
85919
2738
48052
146448
0
6717
56577
170292
52222
338656
110922
12829
421838
1176257
522615
37034
169516
142891
343848
274489
212373
145848
202397
764
32550
26939
47175
40641
504946
612868
28093
13120
40557
818
48427
395645
579069
18681
196769
209179
47873
321860
31683
2154
224734
220997
97485
498152
169326
290222
401554
619153
66322
161823
290442
340535
2058
203
37376
125699
100114
93973
58426
46514
449198
4276
19646
98438
2176
778673
18787
49293
89389
374496
332515
102960
263241
328764
317657
753001
345093
191957
332150
138453
763818
7737
15289
1906
221007
162447
50357
139490
336547
528694
1038460
138651
15579
109511
381235
597943
222114
223654
80
315286
376821
306216
285999
148046
188389
189202
25590
448968
113409
450105
221300
5707
84720
73397
483
41005
655258
45047
70866
733171
47930
265449
64121
458094
781021
86390
384351
469161
43943
9018
5928
110971
47795
749111
15190
49100
3666
409288
99213
258
56804
396735
58046
16761
7412
116526
62345
292023
246269
41340
46224
40267
82607
47871
24647
50909
43867
26947
42326
10071
11559
380459
96327
34509
846787
18216
224430
130980
1025428
34489
196473
44
414
27743
764904
1916
207121
27844
34839
258933
628392
249736
51301
1120872
1044
6682
12279
694145
302846
0
38677
165080
0
566638
95514
897194
376950
79882
22947
409833
46185
412288
9997
146794
695187
359228
69000
9982
11483
72376
228637
539215
9773
553990
72459
278484
347919
840106
49413
472
18821
233
252395
733899
348990
7900
96499
2927
179316
509879
462597
224942
721091
237940
28371
780849
46873
123240
828422
553103
20054
203388
376940
140146
25274
11210
179128
60753
75216
36432
412936
46145
718673
686063
59364
16117
65889
103690
635913
1956
66516
505
438750
1830
20519
279026
436235
8609
141259
13455
117389
8139
1425
11003
124629
223
553601
267
159761
47526
442614
641450
103197
117016
56687
360321
109484
175030
70326
55912
4846
127486
288046
841779
36744
494626
88668
274992
245782
346373
262
602092
1085
48374
6970
435367
229242
205800
1004593
3056
80242
379332
516791
510
452581
339438
198042
6219
489959
231270
135
87219
48897
372274
42040
20109
143
249446
4877
369698
23098
97707
132521
593975
30025
37853
1348
118254
244966
230
162746
10772
5479
166462
79369
124939
327623
149790
146032
571420
368218
31256
201257
1527
70882
773290
43850
2437
54590
480839
13084
12585
434087
0
22751
108
154291
104055
173584
29037
169048
408555
6884
150777
267891
738846
384266
290917
47865
686
153410
1331
387224
258867
529306
559903
3991
0
23293
44047
43615
511038
212179
235040
94433
78576
30823
706257
428803
179698
85494
6902
57518
19596
83029
51357
381068
559423
7206
62197
649012
43532
374216
172614
211717
33802
713
165823
284827
513693
28532
138761
732987
240886
93443
122135
144588
29102
9630
89743
17136
36427
22627
258233
27082
40200
67690
157335
549515
18150
49585
444655
181517
983557
83674
447541
262265
7025
148928
45085
158926
21383
477389
16785
22386
52165
926197
436429
904
77199
105068
241
9353
448328
129819
429801
390352
5878
219526
42755
3212
270168
171698
788600
602648
683412
719
96879
13610
19944
38895
2057
16275
1153400
13738
441386
214
709581
867
64009
78978
61896
6053
461737
277156
138182
16360
347875
258
723
0
70121
123920
5642
32
868
61992
756847
196424
330840
92728
952525
32700
14686
622092
59825
48661
180234
4212
141205
30543
131973
58008
292074
699753
80275
49061
45193
545597
350932
368638
108397
47016
18783
321429
2109
84060
580420
29015
13543
422155
523282
0
119052
5360
97783
78981
194553
193222
646797
409924
76419
892180
564918
508131
284059
24865
77737
160981
428336
30229
67499
120375
175839
35233
812981
23735
56663
331623
58823
481055
24773
436202
45517
273591
758042
35807
136346
462511
71809
0
324
41611
129073
249750
498510
2606
29521
12736
126083
556484
5841
126696
322379
24425
58035
128379
6380
86106
158892
594022
161930
26693
108396
235538
45743
2402
12952
10456
407618
47979
632884
81414
23555
36972
302973
11539
0
33462
36
45855
341
13898
1792
53806
24856
8765
595236
1203256
39955
284574
163986
176730
29102
364810
240909
23456
65835
416588
513401
17906
130559
2944
161113
694536
176475
303333
553807
84119
105
135938
25563
550802
234125
78142
56238
312695
810222
390931
142041
18813
120751
142517
156831
117752
12147
24261
248219
315984
40333
54
40113
373412
51500
69801
10894
11928
278
322916
515321
2435
451602
636682
250935
360344
10038
174193
221260
9213
48742
2483
486237
182027
675997
155901
11389
1059
277621
30629
159562
305550
215887
3211
5753
166910
324582
185849
151901
1709
773306
464192
721629
582421
22747
438138
20076
371777
228583
42755
591221
394992
66
16069
64757
165095
109725
63803
47459
161917
11863
1526
690717
231819
2722
73114
167308
1941
2295
219719
97265
4083
4876
698399
23942
55439
18348
28860
14207
52366
327306
14987
197925
196608
220551
69943
1038146
151086
167318
569653
35645
65238
278408
7036
920716
11201
22307
149896
212426
33718
376987
58409
64762
29567
153285
700972
216400
38186
326725
20272
7585
892939
275171
9
184116
57589
182719
1142803
111667
2821
715204
365857
127425
6256
491
309222
988394
85533
935574
42511
317007
109750
217000
3738
148356
65162
299908
35618
270488
217603
991071
160842
132675
8277
37
201005
6739
26599
145
3970
217348
32755
113157
283507
47608
820514
686558
278013
720101
47896
453106
68278
194237
121674
65693
1006
13935
155792
5695
458357
253669
59482
50911
840744
195
4608
462738
100
68177
124874
250284
2405
281
7456
153306
20634
738274
19515
88333
95204
136431
3255
95339
121534
1290
402457
1595
116
19387
410525
1646
115313
726136
428234
5912
691908
36975
203733
12142
1106876
820197
266568
600
102605
131540
57894
40407
441822
87310
658464
388791
206079
34390
189476
99418
82396
88388
34471
79567
5611
1757
5162
9558
2598
112882
157173
74632
137398
36
147978
120219
9461
794728
0
657475
16278
174717
208
390503
205924
26535
480901
422808
990
481604
154
101810
0
143292
10399
827
11971
1154085
665827
311378
10165
289491
495131
495792
187821
515472
189941
141629
29244
20955
174377
10135
841
798
922640
6912
123010
23241
49386
28999
172000
45486
135
688
71112
442191
193015
822
335515
21737
397263
17857
473904
40507
297317
165052
13479
17320
377819
161553
182967
14825
36940
98412
77695
226428
8610
683578
483
1046
237357
2874
112229
181293
326
920319
729609
3596
13225
2161
227155
54868
14914
21191
57813
17706
240741
677819
139568
558539
32
88750
17296
13163
502074
731
286395
11220
462483
213969
313804
583065
20862
62594
1052
8758
637540
13823
873
629343
96495
0
153145
368365
766301
145329
41024
189842
573299
72258
372556
2776
346869
609998
4709
41628
757
330099
131880
95167
227515
19653
1837
142150
573821
16440
431304
135745
38598
10770
11690
70103
206617
110677
18275
879
158793
318312
676618
27458
56598
403043
22954
32106
81340
1297
261802
78818
1492
1081284
362307
386433
447250
3501
276089
312666
397106
12912
112392
376955
120961
103263
26
68808
329066
207
198103
941227
11695
0
318626
131541
641
4980
5588
778
7644
2959
155157
380497
35681
112269
792453
2488
669002
28223
781607
1164503
294045
758729
132835
10555
70958
46893
2827
3481
1071631
234398
351711
8645
117618
125381
241299
50232
3706
51509
450574
23155
84306
475615
450
7366
431591
4968
112652
75421
939154
11725
28009
61217
377284
10223
314057
699133
523270
6516
4815
424920
112
185764
8571
330555
551376
333324
203139
17533
127732
14861
126691
197303
242439
224821
2017
203025
104587
8546
9
153941
49898
17799
231547
2068
63604
116992
12449
152997
105720
584508
181432
256663
15974
41734
64468
42013
7381
220096
122003
1472
112936
858597
370014
216249
832271
17026
62117
0
87957
229096
14661
125962
89604
270208
12000
51504
411211
324643
177
4082
6229
48699
463732
320340
280
21514
533806
350045
165144
7534
9086
117025
80
310075
308889
2070
328279
354129
20379
627141
13253
85168
67024
592704
28086
574950
251433
288462
22367
17190
2763
121563
27277
78774
578072
489853
330806
876458
1106
114149
181566
3831
3346
89692
735
220674
3726
1591
320699
112501
598172
182
39773
55577
35475
20379
76417
109182
728
0
22961
43217
4132
8924
330
229262
682563
339
127805
3971
110063
0
49910
163249
115825
244378
105901
170220
108523
0
59773
6390
858
8575
89354
397761
174607
68648
547688
759591
18054
297872
291122
312736
479422
274503
158127
95883
209162
3150
375153
9
43653
532
60552
172597
322024
12326
140497
363944
405878
39827
155558
428133
2185
786281
43370
262308
153573
1283
303282
125539
104699
673698
16986
221192
628820
7375
422716
651217
310934
214402
465151
25350
15893
29870
20096
17835
142150
342059
415
136646
4842
35144
808784
619690
35405
525571
1743
14467
141627
269333
88209
18236
19
246679
474673
989206
59389
267961
375877
87977
79816
1051487
29
119328
28408
629601
31580
66472
215783
7964
2516
36880
73668
133942
141700
73691
610142
250827
273913
555027
180
142914
68392
101414
150464
129794
36725
66165
474565
1044826
217970
92634
14420
179108
2433
13474
26180
84100
814241
1511
1488
322969
62398
814398
648
3555
89526
0
54817
400
161548
66160
6427
3892
364015
613350
33303
76780
65467
33641
412313
123842
116412
59795
197534
160900
22246
372374
81735
11490
203914
22183
85014
609763
332600
852919
9322
107564
407545
32650
855023
15548
3404
3227
259724
110772
2672
35887
36455
88496
77921
46779
75183
332724
28502
85218
186303
170
109083
61085
120273
4948
81153
21165
321550
816712
401695
75552
78004
626218
57708
73
351761
7263
208430
518412
18731
39535
437160
1914
205039
18533
49170
52521
230
47352
66573
10
11425
6489
26533
501888
925405
175
14918
674122
484235
155444
184523
42796
815
255262
134171
16397
41552
721751
18391
57308
820348
318511
24739
96
379624
51806
20985
570
35238
26005
10628
32051
231709
962722
44032
406578
48421
90594
52081
276718
0
73353
771391
124313
2503
198702
2639
313209
314916
72816
508728
14526
9126
179001
2948
12769
42929
104
169632
6669
235795
43304
93443
58590
2302
3201
97014
124479
1104
71870
56033
830136
412297
50565
231126
166311
45526
419319
32882
80827
208971
17
8160
39594
127095
289570
13587
29520
175787
194828
319303
57930
4161
262960
5925
452
39207
565500
976043
5238
551047
455519
1980
356107
151383
126509
26246
67445
252010
153677
550081
90165
5997
24469
34960
610696
192270
13369
24270
168601
318914
9
5097
128437
87458
31230
291654
318136
30001
11281
655824
270
578714
9522
81
365923
196625
185225
266066
477590
280271
688207
234210
37607
8530
51739
67788
10189
275201
15758
1144188
206698
509
247927
214691
24805
90685
392221
52680
178572
412120
234913
84535
493997
801978
380
254
411271
44805
5726
57459
1242
185409
1127591
806410
517927
88944
160632
1057357
482264
171439
126
260761
64324
235983
416890
26832
4751
695419
127110
18863
335480
722864
51956
234792
16998
286467
12750
61793
58377
667214
2834
36806
62143
79
12401
152826
8932
15317
201043
9
75859
124867
724993
122222
48
263421
12695
341
523395
419980
0
69892
337
342186
4443
163877
151165
97376
137784
258189
271950
878723
308096
60969
406375
16538
30571
957
83912
90789
631842
49691
377788
182653
377138
3016
284003
365880
96698
226193
88243
71033
57596
32894
99990
0
102048
26100
158282
280339
12385
43197
322286
523851
1015973
32198
29208
42760
20052
572
710297
94849
124936
149244
96
162080
1080617
263166
118325
139986
61429
0
189926
303850
210482
46197
900
481735
626079
3290
190101
73048
211755
691291
97960
116728
281098
247040
1023047
105228
140686
8944
65019
5548
231433
762
137635
598599
221497
59692
198
718180
744107
403520
107972
73088
46012
49556
100988
293502
60492
53202
42908
120215
1432
171047
1120
151293
220837
216432
372508
94104
203879
1974
332453
495938
142083
1823
51943
185612
204852
67839
3656
13158
2114
160539
355917
114206
8442
61359
31482
14801
704689
418201
571004
128911
214203
677052
2476
301002
420660
310650
567074
20637
227749
542711
2077
292844
33130
71004
475100
775242
78843
453991
219498
438856
106144
2021
82548
273759
433810
90413
394
101565
45380
103259
142023
49317
150805
6481
75427
170806
196879
704274
32808
13125
95837
594671
532326
22764
436930
195032
580
246988
560928
18988
405569
13212
75713
236186
488426
1671
30396
49272
714233
31056
2795
58104
28460
66952
841179
295357
294495
275537
386
330461
3460
1740
1751
198643
219089
50769
376448
658693
95924
15458
138866
437
423223
251
244480
31918
1187
561
105921
157369
19177
86987
237
18402
476120
387886
403926
133956
53527
0
8834
5226
468313
636755
55
273727
388323
3352
336136
433359
430
78657
34657
487251
950357
288670
297905
128273
309793
271176
526763
132894
42816
264263
38450
3951
2639
73789
165340
33661
1294
76657
480078
27940
280882
28531
139184
107022
268152
122574
81668
16752
1042
1554
59806
509056
146661
22023
28812
20208
5085
10332
73952
721
8294
160473
54895
58319
7365
755087
195678
385859
0
317244
4459
12039
868374
596
95542
111523
258668
6641
747722
14380
113872
81816
48981
391198
1517
92368
544731
14278
75854
7220
269421
135101
104179
11328
87891
64347
916
430172
278121
773538
39653
126328
19767
357841
201202
196641
430274
10028
628915
275969
218991
57207
161906
70748
1764
460641
278866
0
328761
703906
669310
26591
675550
37161
188225
546533
344018
9598
60641
3376
25524
120969
175517
72328
24688
189543
64283
972912
103547
261044
171999
20167
106946
54844
329456
54092
27393
747628
214
352723
4866
7919
380550
36477
89168
155305
508068
81337
77535
202409
3593
814908
148542
77404
552001
89659
250041
12778
512993
520211
11900
12937
342888
13336
2104
321116
439144
409337
348161
249
203699
173225
137354
10298
870
479
456331
73
2371
354579
114691
20170
153923
369730
0
313654
156128
5093
213959
596128
1016478
75310
4253
94864
4357
297467
163257
1120682
767782
111157
501474
814382
274535
68843
246401
60185
492926
264305
20208
409215
11934
51432
38455
557773
408112
58454
12225
15292
599521
92708
686014
772560
64417
931944
383149
7038
131757
67716
124535
242113
116236
54
11918
515489
301622
16146
760
235923
5821
98288
165682
172623
166578
8061
449716
1237
749245
1864
65353
53614
38227
763540
60751
91909
49163
26167
24742
97246
509
6861
196329
111571
267397
191474
347960
331592
14051
597016
183
25765
30374
581381
627
223783
57063
168207
4013
356352
19984
26393
759801
148356
619329
166928
517912
941256
657300
538932
130942
91125
239532
228601
8387
452334
272592
34586
186334
7371
1000
9
21690
97475
333648
138333
17
337112
409769
3964
10010
15120
494319
546607
71573
148
32299
390727
131026
1134
23069
0
655733
236
11051
147512
7265
232614
148606
40931
70764
61613
112600
106573
9450
923473
97144
281617
109621
505423
669575
194883
264918
649059
74717
222667
387147
162554
142370
566225
433
8175
143325
49924
295475
4200
325289
218892
40969
568411
292658
10915
444421
100106
49860
754
147832
81
375683
2870
4500
366525
4505
2307
56690
11981
161426
339925
709347
317648
5113
37026
436291
46
171562
148997
602616
1235
6355
730470
248195
681949
22032
8206
765993
836
934692
338391
36291
66120
403887
358288
1165843
7829
389936
631560
761
278478
146774
112565
19140
782229
22647
25604
0
479679
61702
43300
54075
552311
22549
0
35486
505983
509696
8466
46792
136305
27224
871
988172
55920
448105
943170
820799
284193
503459
696447
166372
4223
247431
57596
1144609
41069
147558
1118
660650
105367
244782
923
5702
69113
69701
5920
894683
50835
5361
338347
289323
18884
25412
197
3445
118266
27033
1423
259927
0
74532
192760
140737
68464
345628
537635
968296
63702
405011
59425
15111
74693
1655
73147
46171
92399
53319
10420
271
61695
194935
20240
16082
42255
5950
2115
257632
155052
852380
34932
690
8208
1034
111987
203745
0
214758
1198
150736
58117
14709
0
30372
9
87162
135750
199946
13483
37711
97111
86970
55078
83532
20162
25310
273138
2846
37919
9479
56446
66907
9766
342391
551882
157
170457
142675
34469
676589
1859
39072
7198
97486
52277
29116
412512
154027
163369
61208
58503
7471
315
67218
1830
82991
3276
107916
518448
102586
13472
101658
175707
3136
1030071
34889
2402
59191
615840
228316
534305
530223
126388
622271
33944
44231
102408
122351
1593
2413
290755
26040
58691
303
772419
75340
320498
73779
15031
514488
521121
293831
111803
36777
20611
664
8
670154
3970
14857
2897
162200
5741
9909
298875
361221
14424
55689
37781
206619
423116
10225
1284
206480
4781
10407
95573
659785
75920
150813
199674
720471
324518
171469
187838
334692
148019
1020786
63734
414676
144339
27531
1096
5775
54
40430
17658
829623
650296
24941
35384
17
18712
311
15632
252456
87351
167738
681990
233
232383
7693
86812
69290
121619
235436
120425
0
657
895459
125177
224284
22140
201809
641030
1131
10132
474306
52
109929
30589
5937
924424
19024
14837
1392
1116472
161566
17070
11051
77
1524
318567
286
203144
539398
13135
2890
877819
1373
242784
5193
1665
417733
12711
67005
561350
205916
50666
106099
182606
151645
84117
364375
130121
3440
203385
74899
165507
27914
343483
325444
0
2232
50149
25925
9
107269
232376
13787
545981
2114
62723
71650
190554
865945
2786
276583
3093
26268
80
8348
351495
5048
3525
533127
4081
5094
943750
11499
53401
225232
667082
69170
82253
127727
4720
107463
291103
22614
48098
8
574288
0
20372
468809
737662
10
285347
65604
37480
941360
89498
5633
309689
24913
93266
112551
450557
71640
94
304155
241
62071
560106
5645
895482
32117
369081
66326
354329
0
5153
532063
546607
276036
20751
7754
72317
50517
11660
87664
495805
33667
40621
9
25
83682
3545
26876
6475
17323
182838
449903
1005361
12145
132179
490490
575092
205102
382343
55799
483755
290544
73
78342
308443
87855
811330
374311
133035
4455
640448
86713
5198
42235
117411
29434
63069
694497
915
576309
63698
29612
385699
292577
42325
18235
43377
2931
47669
663451
118559
187185
101693
23628
7106
99141
193
504
8850
925389
606522
15884
216334
5267
417449
58725
99298
9701
159875
56803
476671
1104
45829
205
327946
205390
20556
71188
138287
45375
7500
40058
8605
8086
5542
30706
433881
4019
3970
373421
36319
710017
120
78740
83423
75659
729504
141307
164941
46090
355741
25733
79244
577059
3706
52771
1212742
810719
2623
41216
80695
27479
39
140656
341251
92215
288719
415897
524
782864
224660
960490
357752
93976
29574
14994
7632
57091
495716
114153
209931
192
331824
67511
853910
723376
260865
7920
3376
696
4821
58
158723
346285
656672
178980
474230
465471
374776
64691
513164
442703
159
7896
571
99861
95153
21687
1244
84903
87997
22608
330914
420061
717375
505940
139461
138090
98377
243283
86474
15875
179157
63773
18536
19152
71571
56814
13182
0
97543
4679
443661
187778
2931
193040
70910
22356
332914
573
713752
27126
80408
362298
311418
0
271682
68860
26530
1014
13745
118508
629086
32053
890660
255345
11410
160653
70314
506910
1931
37846
18264
561650
99699
94061
294568
372777
569783
405621
33042
158808
22064
4520
335890
9463
612332
429563
216811
178282
254010
19620
74348
247959
579640
8476
731502
133485
40884
235116
60297
70
5017
787175
383021
2711
1124
19493
152728
79879
166067
989793
68054
5196
295522
69216
27919
293173
387197
52504
472
513308
666430
14599
229
351810
2146
204837
85272
96232
454851
52191
245749
438577
34605
309065
3782
249993
83332
430842
249672
66129
16478
36552
17495
67137
456234
224614
0
7245
756734
53905
183114
460854
296906
49896
30647
212064
444624
44609
135421
149672
702259
338909
219353
157596
77441
70446
317772
98327
401585
350121
495231
180124
16451
71121
108756
64714
363611
247236
885
162654
31514
289
229842
85
198228
1691
27033
1683
32319
382417
69008
39227
190952
20651
173894
21514
6985
362270
240027
41
133434
5610
2874
22101
426750
289843
2065
378555
8039
58288
18825
230436
60
237948
24197
4821
87256
274198
22069
581087
123555
39833
124297
636836
211837
82108
352865
82789
66075
576
364
145656
71073
10181
32402
403852
259303
655866
20680
15949
53805
704668
141420
205263
139047
812
11193
8932
103074
23253
3702
88258
3767
329568
622051
539541
248367
24223
63754
81
462625
671266
760836
161144
223980
1092
329268
188375
390326
191058
682210
20550
1288
118136
1702
0
771
131067
254950
529307
23565
74987
230469
19875
12370
6711
43484
367801
182935
75751
113067
136155
249700
346776
60178
424191
39511
111455
223186
38478
397224
361223
189618
559637
19795
36173
28827
78547
468473
334410
327389
522622
47939
413789
17405
2447
240118
7346
13322
317378
1121
143116
521063
211026
49359
77174
35483
69029
32620
12805
172197
354645
268835
850
125846
343405
2428
374
237363
143704
345372
535758
301
12612
5042
17726
41385
9547
5490
752903
613331
109882
100964
8277
121
7168
680531
419853
478812
1098
184730
60290
62843
160306
19116
3236
105006
132112
3770
17791
3913
76198
11293
110900
4059
288832
285811
78268
1097
47672
146077
9037
118867
197970
48410
78171
214582
358802
89247
566909
26596
0
138338
6575
202164
3281
58554
31847
12473
3045
533533
126800
339976
351504
335202
99767
99945
985850
19885
409579
119458
10305
398185
4045
87776
21646
904829
25063
24798
381901
1157
350220
137835
32654
99626
138829
370151
424239
5988
251260
287707
86240
85709
416670
132321
115310
58873
159102
59212
80001
478746
15446
154912
207549
676653
24061
73993
192
35
5059
4613
1896
764003
165066
53089
26129
441931
353468
369886
19045
3277
84385
246377
12421
358440
62994
310677
156
25876
28738
595392
467233
513399
710760
15932
26775
112985
915885
43586
54827
16561
249058
172448
20467
33152
17615
42988
2806
8981
76513
656098
179926
1192838
109502
669560
252705
438
2361
674
2361
163997
53957
237328
530387
23575
888
345589
39288
36379
749827
121481
68885
483676
314586
576866
55983
178255
82780
82160
418766
0
2054
23516
299029
561
2800
35973
27554
9452
947
126633
31502
27839
95130
559896
118954
2904
25621
497137
2954
608
824999
155222
69483
264467
8257
212292
38765
270754
130705
69936
3633
30341
3624
432441
72662
104339
42093
201044
242457
601971
306944
15611
27980
641720
709721
25926
1493
105737
991
597042
659
579063
43435
348664
52
1384
21068
17403
49739
75534
98311
92318
1173
26306
27984
19876
540469
9469
230146
1715
1057700
29733
540332
19373
17335
226866
352
1699
98021
14339
285480
864156
497466
60447
215927
6303
107445
133950
6188
449573
306105
0
222519
4379
120735
103212
0
50198
82595
55155
40338
10989
107940
133112
178563
392938
364203
13282
1013910
2017
28848
99681
231860
1122
8561
230108
7072
25353
468565
1433
203666
518247
1599
816783
482679
7268
27049
565
60197
0
99612
144704
88081
103
26292
7262
662364
178261
64010
84148
1436
81655
56006
890001
6363
242408
1324
46
22992
54684
477010
252420
1936
25517
420
510133
886393
13810
119474
336315
0
474845
7024
128024
2655
402149
541
91833
53297
653623
94419
273831
50888
2798
13724
95931
10
313819
13965
217190
444560
26255
35
332299
101737
241
124687
695180
189442
904800
150459
407733
670
2065
354744
16368
367880
208470
539811
43363
129259
71464
209130
41907
0
16394
2511
18384
69841
59983
793939
137140
277740
571335
321423
7767
25135
167928
220598
500940
45
90105
34301
610
177130
25337
32
83812
448
302007
44694
3139
1034972
121906
946
28984
3671
1067563
202149
18592
62165
2824
197172
242942
718895
813147
22759
7315
277473
4488
752363
89732
63459
1223
0
187391
154605
249045
63200
667026
3922
2320
723885
448454
16430
7555
341647
780825
32285
115557
388279
13676
429316
305849
23759
13178
18031
136069
33483
2309
69836
228675
625746
1140924
242439
93269
417190
24349
971
201084
1808
222373
331971
281048
181260
2140
283962
643049
16124
19284
331525
14502
313625
535044
194989
198925
451573
801560
17491
10560
184473
169
24107
54515
73784
287173
596321
489336
123506
212123
145322
986450
45540
2030
51871
8772
18031
77978
15072
25575
53834
154614
49956
210779
82584
0
61165
455052
79166
136408
333445
4506
10877
102694
35901
163880
957499
18979
592196
162451
77964
148501
20261
150197
228180
25819
590318
522617
311
3756
3848
741468
38400
7082
310691
2773
65211
7007
161512
12706
241970
137603
556555
10116
32730
228
60348
14867
89981
114348
0
810839
19096
97843
2002
59861
267711
116152
348111
323059
9548
127310
32
486
7280
189653
191858
46997
15912
418097
6376
3091
0
984551
764
4329
543862
17579
4522
287059
567616
174
217894
301727
526465
220239
186600
100173
31905
164586
85780
62948
258659
44170
32211
1810
336359
14230
45745
2223
55477
88035
768148
26763
25005
488743
94747
105043
97924
1301
543824
2902
5711
115022
263915
134477
457009
152190
4179
1944
24135
31616
52393
188558
2481
15428
1229
566291
24560
26069
712257
92890
3498
341517
116453
24072
520285
66193
840
85144
445154
2010
147
4875
751234
88855
253860
256
32434
308194
178156
44335
111004
1702
34353
14203
11813
178948
13570
485205
316632
57
90961
462504
227228
104025
147887
35433
1782
183
210881
499987
6956
28349
530763
4538
37952
509747
511602
510
651854
315552
704253
29936
28664
239664
82168
4447
222342
5019
836098
8385
27663
1468
0
528722
5852
167614
621178
5241
4784
91547
12667
726
6295
112
96537
14054
475390
1052854
14247
2427
196747
4740
0
11878
20981
213155
215911
107343
84496
203245
893962
598751
74373
922765
172181
9
48
73399
426619
8026
23630
49583
182426
11429
124992
3810
135805
288099
21420
376277
1145
377800
390909
485
92
537
504463
21326
116596
70341
51194
17566
211592
32909
339650
5966
228570
339549
7222
417203
276386
49101
150581
495129
183290
379
94993
5067
49459
303341
145
5247
241408
207583
62236
375325
125304
1632
530639
100177
543888
501115
19087
208773
45637
2537
304752
280524
511374
11244
255676
1014341
61227
428072
86185
692991
24358
24412
45056
597
14561
401748
340506
108589
18131
25786
135163
303640
6567
9072
249
1109763
265943
392522
213809
33193
12897
763425
8761
29474
184998
134144
15729
3578
255352
207409
831762
6502
284615
302064
17815
43800
278749
2373
211345
92129
246245
85771
133747
3669
2362
2985
12453
26
247
2268
8904
252679
494592
23849
825437
15585
114794
18986
522
17
382823
85917
435909
38119
312144
204771
443911
472987
538434
526354
110488
407664
50894
179514
183591
30471
388868
369989
56114
501448
182997
7315
8391
3455
50825
162
64312
81634
37238
10539
577727
62219
507024
89743
13114
850031
858850
373161
15908
124621
787
54549
558135
55385
729250
268634
827
58167
138647
94626
834219
214607
98
108676
9727
36480
90284
474184
303881
647
581
1537
102323
80497
5537
156554
832105
564726
162369
3293
529844
26283
222
51333
94063
118687
16165
283724
33720
193947
384369
195977
180396
78591
498251
145680
172159
235630
965076
723111
3260
339493
49242
410191
9
73624
509154
16060
673242
366186
257845
24682
6703
71183
5829
17634
399
225368
121403
9824
796767
34554
824802
423735
42552
775552
7949
23772
128549
362057
11129
5482
764358
13809
205735
120211
258198
507167
47590
164204
99397
585545
293952
135830
146883
84600
651492
485684
612084
144399
162045
278007
53778
684468
19576
258495
290762
3844
3765
36183
102
151229
91940
1717
2284
746724
374599
16522
2321
3654
2843
240025
68582
240281
1476
174855
44162
156459
284501
2961
53897
23670
153435
192573
13131
35360
74669
183354
174269
3227
783763
251211
456692
263318
52997
371262
511
17431
46570
14326
74524
550765
150292
437161
31987
190957
395279
251129
2131
2860
4539
401996
664349
532285
377
111551
68
111327
710405
141563
550976
533651
361358
484338
272934
365672
816968
19817
107824
66266
157713
32630
32
462
682086
39361
252987
45240
16085
350887
146942
17708
11196
1143
392236
9560
4625
640942
245680
7022
24827
162179
382505
73053
170982
201057
59718
1046229
387561
557992
247353
4050
541690
138742
54563
5914
204
690396
173104
48826
2398
281058
48221
373718
432546
10551
38589
304075
72483
238676
1044
2301
612111
576
382759
52752
229699
1407
515025
56670
875731
6344
101489
235050
40749
68878
116035
593
149619
45439
4713
226318
50969
147073
378971
791346
168445
224
369715
10895
100767
24857
103869
76532
210499
1071604
470078
168164
81244
5058
486758
905494
152129
390009
27405
144302
53500
268088
409470
19978
54146
803035
1943
116891
81712
6398
307650
39622
69566
79061
254395
303493
4177
829960
39814
18677
12141
287973
474954
297952
134511
377311
689575
115592
243077
81318
141933
27165
367080
66630
165368
303915
102009
784785
278511
901495
4884
37
45387
7439
87700
1089739
514039
222971
556099
2285
262
126
224736
4457
4895
16687
684981
167604
237398
36998
49119
0
135816
16473
3100
179792
216785
796623
557845
78168
96313
229969
49204
184406
374836
500614
14303
46095
203
142845
43048
631645
313162
416325
224448
31991
657737
979731
458928
461674
52396
4218
28063
169892
273129
614434
135583
70119
520818
1927
19
1452
2303
40943
531560
605729
125199
22894
291084
136754
180817
7198
166301
17676
0
210180
37
116447
11138
57751
554816
100412
129122
522674
3004
1803
1010876
4722
239055
544
12585
21645
420387
89
141528
20023
27184
91121
14412
76136
128537
252322
371
100
368846
775
5179
49689
34517
0
158722
1604
551011
28991
3979
338526
6306
1193
402477
74244
1692
1913
344527
9015
112480
268954
3013
251372
295897
29338
143039
123800
79
831470
37
80447
654734
246566
640196
163059
152983
12085
128608
5592
39681
508
17326
62
19485
225614
237
389641
188096
325805
434576
307
79634
22412
217150
151477
1072
260004
8826
130617
80
203022
0
94035
4792
9910
50744
757010
143820
4892
83568
7349
113116
249205
273359
170884
3380
228088
747366
310726
135861
658
310955
61982
247554
136626
70212
43795
7090
70121
162589
18239
795
385299
15880
158271
85775
15833
57364
57248
164627
269450
273342
9378
77965
189549
212755
276803
225072
309741
157809
1946
71642
1157
32628
46490
182526
18890
594511
563058
210102
45024
147353
396696
348416
99399
568005
176943
67722
192154
207
548
62491
212
460
221601
14588
3592
136269
554446
138282
497001
82036
61459
587
143710
28616
489931
299227
3188
5030
355911
4371
242820
193481
58016
115702
789557
662136
2873
29
513057
236025
579864
6361
107206
23053
494018
2654
72285
347529
132581
192447
33934
209828
161897
28872
376312
618437
4301
439493
820913
110203
35640
34970
51275
1645
2476
465340
2571
70062
97397
1403
2216
184990
58051
93731
163576
39957
45827
558306
11294
1959
4457
179381
6254
585
466803
294372
70237
76186
62565
220764
12902
320405
119049
723409
80145
264781
393560
309987
696044
246046
604599
68012
297358
1035319
523816
139773
219707
296583
114604
626949
3854
368110
80342
189545
205428
713058
135911
2248
0
183094
219444
31079
244105
434634
174574
32819
546482
21565
436479
2334
85388
95477
292318
30273
74627
571072
4641
1032
7908
1160831
196835
303046
69598
6082
297480
369797
17152
425065
19462
10
373980
227989
511112
18867
252946
266049
7788
198215
524143
6091
25653
33571
114793
114783
35520
642031
4294
532006
223675
73719
116
21048
310792
671068
115654
656158
671917
61
450302
12601
3203
55350
229384
65773
663214
76900
91588
197
497693
30139
179688
2402
1055403
621674
101652
236457
425020
514
152182
1956
321268
955
52805
21330
350741
3560
17553
935950
391
249550
190798
637548
53845
551761
31205
468304
213979
201
265853
28697
16574
25468
14377
329792
986
924500
2017
10600
374644
105760
405207
319275
93221
754752
46285
636486
758378
48317
659098
251594
45989
190967
197621
332
65613
75030
411601
119
276140
166631
868934
236986
95340
59804
29857
170026
55895
530926
20928
266249
110841
28452
162681
8645
2620
0
150273
9767
70716
73
497020
302462
204082
31717
85957
24860
77662
167548
632
113972
299682
11039
541171
194560
484560
46262
570673
90221
1391
1161
6947
14084
11760
282495
4631
1399
10475
202817
324040
60296
34461
618043
3553
243089
40609
102350
19539
92581
653639
167846
85689
36438
32180
39866
14651
289675
37407
4680
2355
201785
329644
164969
1847
509
482773
2030
13584
28887
539
206485
123014
83635
139368
12971
50646
539402
885
376
474298
237037
32
114233
42666
1182
5673
0
530367
948410
5681
14473
19402
18642
8185
2714
106
335478
53562
545
607587
118580
582262
91425
410829
476289
62288
222545
778698
89104
889218
4870
827238
17616
86422
492852
2613
321818
193055
5738
7038
332461
1008003
1009
166
141281
98231
118147
16007
329378
814676
155334
8429
710181
901
295426
284472
4230
233057
106083
140635
114152
93461
159231
887563
67763
2062
9
366815
5476
75859
11323
139
680757
327413
220609
241683
272700
48
137870
146607
161577
269167
6287
944831
2607
10286
30793
6832
578414
109970
49374
250773
7517
39935
22429
248448
497289
0
487848
882111
570927
9022
897029
52254
53117
215254
169007
0
601729
12691
48391
263697
25445
280784
14503
130380
321179
3472
10719
130610
7116
77879
30314
446932
646
302254
128366
2381
603900
6954
26747
23571
291649
33663
8759
312757
1559
163486
126363
182623
4371
344554
14245
530
18306
17847
321672
783788
66302
550209
126598
238203
348513
32105
14268
42225
290400
64207
164440
35546
119683
12961
25474
4504
673861
474430
128616
838417
151670
458172
90808
32986
4473
21551
14101
48714
751974
33328
183515
345
300961
17220
88470
740979
81644
0
142660
125251
527729
29242
82014
545497
210333
112819
0
693153
940464
42077
218291
779
110914
110073
2638
322228
799421
707
190976
74400
446955
35640
300104
614
107319
171
906010
26226
694286
219179
0
39368
325287
129416
13522
5571
203356
315164
102127
51067
22594
0
1663
255953
8371
115722
86931
349549
132484
860593
541443
54231
622451
494544
941406
13467
441603
993116
48117
472580
74730
908402
3556
6813
11758
743406
5137
5561
15444
368503
10985
102518
16438
806677
17276
206727
15198
218407
59298
67877
314787
10241
15215
376718
30281
257004
62847
56574
625573
588576
83759
90612
811
3159
46563
73663
147407
544026
126513
14781
376659
114290
808589
6223
210640
203578
10140
223550
865
130463
40765
75434
34999
842980
773779
125818
262021
19315
389537
223
355902
0
18846
10133
31690
664984
520
304644
526627
14395
122311
973
93729
2547
4690
12590
851451
226489
20028
21136
85891
563987
150185
17
38909
24025
36074
187748
10280
292025
171097
8937
34426
105976
0
108228
574588
900074
319618
53660
363513
28859
390017
207170
99570
64540
185813
1216
125897
93426
13423
10
610
333013
216397
243022
65043
36347
3397
35577
116549
404324
279909
374125
18359
115432
14992
85787
83526
823617
67138
24651
208666
248935
92641
43713
37752
68986
5195
648
1280
145769
28160
7381
38921
621627
140826
1806
67298
499
442762
131982
138246
35140
163674
331171
775363
20464
450340
138616
67290
214136
161516
707171
354030
124008
569755
2943
12290
139009
10698
164956
18467
426928
95926
61606
146895
10404
348553
359032
810062
97373
41090
412955
387046
2019
803895
280390
357463
4470
103001
38570
114220
396309
370472
68869
276858
45070
239
351126
41
190156
104297
26568
11714
462833
110906
9106
380255
177062
93449
60042
15678
156260
104738
11719
275379
37491
26952
3092
171032
91280
2097
37270
816303
131
307160
123857
276079
19848
29649
415
45546
115792
11873
258
796439
73329
290910
64021
2350
209480
733737
901001
336731
241682
3168
251571
114218
106794
166960
2541
595363
22780
73103
403780
938888
119325
10516
39568
10962
488613
52900
0
141581
319797
1282
290086
23737
2726
183627
31471
92035
373099
456903
460388
32778
433410
69135
396716
656363
178815
372066
173050
46764
1201
13973
41854
4887
434414
243144
216139
89342
3175
28979
417507
462442
442650
482955
52697
98279
116694
50395
889740
27749
211510
467270
136447
355711
67777
436
387793
478127
177485
399724
933479
35015
2914
145974
49407
1444
28221
152288
82627
87982
532528
567161
237508
47484
11680
19289
31975
1177
717485
97035
76829
802877
1123
531620
35467
44116
27190
12379
41011
242919
25251
163131
3513
567170
1107368
588093
48844
337229
256639
273277
399922
668452
618
121514
313450
57735
467067
100557
62523
282772
165435
59605
102061
436674
708641
230559
0
57031
302907
190052
19514
540471
241509
62
1093524
232806
79203
179021
17606
315025
7929
31336
388131
130882
139912
243965
2562
81172
118102
64817
183166
6590
45855
27695
61567
129654
417584
38775
1846
157834
14009
33746
806
655487
19695
259480
325944
109248
82265
93858
262489
24516
355008
433852
239912
239065
371802
68377
673602
10907
1175353
259570
25125
77232
421
510096
101674
117788
65724
1047894
19680
223123
22613
95918
81403
50605
7730
264468
446630
143396
8028
1561
51336
30300
4959
45308
10924
8587
3350
27306
198089
191768
7373
21307
0
589667
2913
34573
47264
159408
202701
15897
47405
1076297
69923
147481
532667
790042
453773
181871
212495
359970
145965
17403
420736
2614
970604
466180
57392
20956
614
54899
11001
218131
284282
21172
18895
387544
3036
36264
952712
2687
1256
136039
203471
118199
19700
223962
46318
42487
303095
142737
97538
97398
641209
494016
258
211256
126225
1013549
4927
220143
24632
72122
267664
167534
297842
64830
25604
755458
244647
345494
290852
42224
198675
1367
33871
217359
990143
167
11486
77991
37489
210692
42545
11
1071759
4061
17548
23667
182
2996
17401
285398
134618
843706
153204
4091
3965
101842
780282
372986
51725
324084
22334
10850
268254
175779
419654
245703
376677
257462
293473
6586
20397
764872
474949
531201
2095
845924
363811
832325
63954
540880
69583
52500
195552
2997
492149
41646
306449
46872
30966
216939
292256
3874
19
369482
384826
8220
2604
617332
1027256
169043
476245
832388
125262
91939
410666
29142
1006924
10437
607901
158023
291414
41974
280917
13950
579112
27784
168337
73780
410442
35953
232207
109605
525361
47457
508921
433692
411171
4124
748768
45075
315117
1376
27163
42444
284999
49650
472547
906759
16287
78196
247930
68332
170454
147255
355
658067
380255
31186
13224
1380
31210
189265
37343
29600
45045
21222
114866
68345
101611
623004
127298
11
78439
488574
36765
422937
1136152
59433
156180
536891
7895
24676
72323
90247
65298
206536
550838
75756
162631
65834
372417
2090
4760
44728
149988
0
66130
5530
419195
156071
954
561
237032
241995
58247
30753
95775
190776
42043
79895
140061
2174
353
130167
158517
17312
116808
562358
313693
28270
744241
842728
428157
362
34445
7862
166256
9402
42350
277333
68971
734
39551
165065
122141
1330
168592
367429
177435
107885
712310
60797
442
55811
22222
1196
146403
4681
85737
919581
37207
306
104121
272904
767504
570060
113543
4487
378682
131538
78039
2385
1228
100745
442648
71142
630084
31922
14305
241033
2191
167429
301795
17
296708
435493
420958
769862
600425
426810
8513
780
335882
755477
1736
159777
223424
9898
415621
461388
105943
19031
19865
98008
650923
104
25762
409831
60658
5457
627927
178709
414262
141329
469215
168315
339
23561
279028
489
104946
631529
12031
7603
4004
468713
191
175737
5263
10665
258031
1087490
58704
354903
10219
254
230392
344486
13121
576630
14770
640470
45
114238
52946
69478
9997
41871
124034
112895
896783
18555
750852
203185
339989
735123
8187
0
40002
101
0
19215
89967
188368
342
83409
153277
570737
16038
15076
53021
451778
314377
53140
412078
31408
75406
74112
17833
240556
596185
62329
2876
225884
5190
692080
51169
574864
546597
475316
98020
676
19
66832
480066
60216
366894
913
25723
327687
316924
242481
13905
16790
276767
112448
784509
0
70196
83525
298485
510323
219158
113866
368797
17128
422515
83853
136502
196750
66518
474135
22347
464782
1928
263677
30774
1166161
84786
29
502506
680188
337907
16650
209483
458848
14635
348283
348172
10673
2770
402370
319743
231320
10461
820859
263216
774260
85376
233788
299591
60344
4783
89349
6499
777166
38165
37715
1056940
143907
86452
99744
290135
192192
10
267708
97785
619662
117748
7918
243835
23914
25577
115485
313285
82908
40443
600846
9219
62548
9666
303315
38773
66207
0
47618
58991
134
134174
131599
551755
182341
153718
92195
17508
122613
772
240982
86000
166156
28700
69836
55106
147791
74126
10520
165825
340170
30632
88016
833318
31586
4080
62751
36
38
651608
545725
1891
261196
273198
155499
97164
24156
77770
5702
52145
27222
6669
229294
669768
1979
6788
15465
50871
259978
5100
133046
376492
105
476820
236435
152086
68150
155144
229334
849
8230
87611
49594
71975
273268
6972
485820
3062
446
30608
717338
4755
21054
190051
128029
37352
176373
57163
104993
1895
178467
91975
578256
47323
5789
9
2513
197210
5466
95549
65329
536040
65085
113016
255958
114718
2758
1666
407182
184142
530
98167
10527
19756
229526
104892
34189
22146
72274
79719
36
48412
80578
1031962
49851
84105
1720
61932
651017
160599
757
55242
647635
60621
115173
126949
537656
144274
382915
5078
882667
9932
111248
249559
1087
275697
10171
47739
151904
1046097
169749
322955
154392
49778
229482
2292
74684
924
35504
739662
75860
68931
791750
62
464711
5753
192179
12
475745
24454
21367
38011
700713
693728
118582
13079
351460
33024
0
226015
33173
41091
2719
136306
81298
48509
865105
40995
36253
49259
761377
120220
10697
38139
38769
181584
831726
380446
1889
505881
440699
167489
2395
527623
25338
38728
473758
310523
18049
89970
0
2921
1387
138724
46143
32916
213305
193
29135
532953
10501
10346
17703
356753
27859
24512
701829
647059
60858
59116
60004
86625
9373
171499
1025232
43276
620
98622
956059
1274
410832
372583
15043
174526
210112
143899
71344
684669
463260
578716
641259
3743
44212
38865
147709
366253
51328
109433
725102
26202
57035
5749
62767
54
803583
50617
350079
47469
33
574
258738
473054
8524
20657
57754
90621
917
119412
114949
577039
672976
639800
291
1620
7558
188657
331
1338
14667
257939
399546
25948
60692
3590
60410
436281
253035
34185
14696
602063
783099
52855
180
915300
397637
34989
128074
3744
31066
92
9534
820460
50375
523576
40714
6239
46427
305910
13051
618216
107608
44521
361108
5068
424322
1392
97260
407767
650736
7203
3297
868611
17107
518913
188269
803
17782
237079
57828
220606
688011
115293
440012
188857
87674
4070
847989
110991
504756
50320
372107
40324
38140
10339
130371
1560
47864
221034
1095074
878185
948039
311486
237936
3049
26824
103479
267618
395416
35634
3544
4193
71904
235785
548307
359150
345591
168238
116278
451256
136109
46089
298395
36107
236274
245
214887
39825
246502
666622
642
79405
19726
0
338380
57326
39513
80874
635581
2061
76644
12557
932445
93184
18812
10
25159
80350
503953
390717
289400
200629
507551
76695
216455
185603
316184
40684
12088
61490
4982
113640
238872
1367
457776
779672
145238
592266
130632
17200
91442
31466
2601
377
370907
273729
198631
19
337704
298062
492091
11770
66639
119808
3887
50399
82260
2883
5382
603330
496564
64
50
369889
175037
338386
748557
327650
396
5799
59962
5462
150559
15662
8815
30459
20432
68444
513208
29109
10979
549965
40004
129312
86102
28697
445096
90
95905
818
292068
180745
297423
320861
152699
152252
24898
7707
21262
15022
173413
1642
191122
265897
270552
132816
171997
348275
61731
293173
14525
24498
84716
566410
913769
8512
22069
471839
48308
849
0
5775
449638
111020
404147
267
38356
329614
619
315
223718
18666
809331
16068
153759
546825
77751
548512
168031
15060
814871
21360
14235
49448
919747
40523
654304
114700
643802
897132
737199
18988
83032
9206
73839
214127
138679
2096
394286
9259
638079
8529
4160
13112
36640
113
2943
129986
285116
117399
1149
12970
38486
24766
3718
476261
0
1122747
148942
383
15149
103718
85730
383545
51410
286793
106497
268419
73514
229349
35047
211628
781
120940
55721
39363
831999
18015
8379
17252
712113
4968
467218
509211
8116
175137
0
413483
3259
402933
201641
9
124062
182134
46187
448233
340426
105166
33061
310261
21837
78942
154867
21256
108990
429463
1030
9852
91457
17
14583
75503
40223
553878
168243
76159
29601
25053
70946
344
131415
432791
111790
485820
410827
626
564030
817022
13497
13998
1515
64792
34740
541110
10354
80629
255154
1868
94924
85358
2644
680886
20111
632895
489385
578895
136980
56565
16971
4502
80101
20182
0
12209
539758
17
86083
85756
236871
8606
395814
22123
5792
1139331
238891
83077
458271
144042
52837
1120702
243
518
296072
261652
17634
518
11676
2923
611698
330813
124789
50465
76939
77926
228379
933489
975881
40487
146903
430437
264439
279451
18
166655
625234
112659
75915
166997
50414
24346
259267
306052
1358
154779
673263
39944
746927
206438
165239
151052
24289
36667
448573
501029
11473
592741
4818
58259
446653
12491
57
86267
350097
7065
58262
3328
102618
208152
247333
3291
107949
556
29535
15957
9349
134224
30819
272
10848
127298
166209
938541
823903
86620
13449
158246
588653
394883
1353
52141
623220
54
38889
25823
459466
5254
72575
106578
180772
24351
84119
41018
2469
570
1150738
116063
45442
3850
446590
383285
4973
722174
97427
44267
1053384
270206
643597
160471
57289
180268
8967
114050
208734
11108
42173
258038
4891
198099
231189
3655
823136
314852
616214
502840
572893
57190
385686
57841
121080
50666
46448
681356
162602
279144
366868
180628
779227
468550
792972
11362
530921
504521
26308
153488
59280
552903
6926
11785
5996
18256
11517
29115
1506
617548
578
96012
807451
978
80596
31541
8515
141989
201655
83066
17535
194977
883667
422518
25440
13529
966302
42791
22769
440575
989751
55174
10156
453710
209028
3264
250854
187369
59955
2571
407187
1915
8585
46251
15809
135010
462716
234
56361
68218
40918
180886
7094
288145
339894
122214
29098
12648
760589
553731
457420
908295
3887
1761
1884
122991
337614
60929
300124
75110
1371
7284
53025
74841
968
16296
5698
249568
26640
636782
739359
12582
226019
341032
533770
117350
182108
13792
116937
8564
213
18733
96955
850725
363189
167271
28638
17139
146082
2063
356683
231059
70
680332
221923
133
96226
338307
37735
67848
118494
269006
99513
1020103
625437
177834
130710
107698
71764
21640
266770
608768
140104
4528
6182
11754
20866
7912
27710
16061
0
39582
840477
51
12996
3605
605762
228354
415
66332
0
92941
566111
256550
27285
43709
130184
122
104574
123795
866159
1010058
106402
66840
0
143630
329406
74555
50781
25546
104339
1001337
184388
44476
28108
165070
206749
248785
554
72420
4864
732708
62628
1342
278777
37499
24648
425794
67216
1228
56437
158259
272577
11346
44768
416086
35199
49545
318
374764
115602
100556
176584
3993
575350
12500
693333
826568
404104
378986
700196
579855
20485
38064
67510
367421
963320
323218
205889
155273
165709
98450
6208
910637
8577
12588
21757
206488
19
151
22967
533100
8678
49736
95050
103918
964
723
68398
158348
65896
129507
186213
606449
152221
75712
93930
57
46813
1229
429191
196222
137068
66608
4608
1192
486602
795115
276923
188281
116061
172742
169419
587851
258267
534
1042352
46045
5043
16119
522963
180162
71461
12886
18203
116809
28948
8471
2755
412904
197284
355892
301658
5431
2362
109500
16193
132462
67122
4390
172988
45043
825391
152055
60762
650322
216370
346650
17
136162
18360
757818
491833
16974
72751
434135
191155
698181
8034
21271
98879
1257
61623
3832
198883
368085
16670
13681
349
8057
200897
466427
26778
108355
234429
101521
138756
62047
4809
142138
604710
120924
72806
72408
510367
400500
36545
383050
24324
228586
492964
14454
415677
21196
24873
257366
361897
231380
55595
13466
29
87495
5830
359333
44416
2024
159771
82296
356057
6251
52377
337888
544303
8122
0
657587
71365
164211
3057
50850
209598
15322
48236
171417
329032
656210
791779
104188
259391
873127
33429
25822
88471
15801
137868
7823
64791
177
41839
8682
758867
8132
76459
387585
577023
949
90995
418335
153
64982
74684
19355
11811
1423
624530
162538
295598
82412
2811
179841
31730
383101
795453
528329
115049
51674
192301
406826
13414
9
18326
5061
418466
699751
299215
22176
58360
3274
131291
116576
232492
4106
3641
383910
183945
20289
3716
196075
556
122345
142427
15916
45596
8773
33108
30683
101751
277570
29045
140491
254535
332994
565603
159833
338668
850
23900
27352
330
232580
109468
25825
213
526695
21014
175462
189622
66359
169627
96546
92916
166831
399809
78689
337
681000
552
422484
203728
231045
58402
29126
658577
17548
330087
3421
372541
6151
301485
408856
654701
871
71434
7829
13920
643726
609574
4304
76633
240135
50561
801527
2154
558996
422603
9
149220
3589
5041
406037
202470
13196
102574
4968
18127
39001
472314
10922
21072
76604
786473
848
559986
321294
415860
413107
336724
347224
144817
9397
156267
233968
154398
5203
207937
74872
7859
41591
364369
8196
680395
174696
41365
21156
10003
46286
155441
38254
141164
2787
0
499749
12142
7486
49426
123289
255572
984399
3313
30013
763873
123634
51731
399807
12034
82942
141104
10075
28978
144041
33303
21714
221186
92216
18974
90364
105094
186592
188
310775
279424
48444
624859
73063
796632
105158
38859
908
36993
5687
105
151851
368804
64341
11996
291092
56281
4422
13578
715
266055
132730
9774
398545
13381
10173
58968
697562
33489
1403
175698
236609
3431
4033
69347
38765
222526
30372
85610
48466
398
45875
0
200515
180317
2488
226484
183291
8924
21179
119032
174165
86089
317771
321618
45608
955986
3680
112253
308509
53524
6478
5811
68724
17930
15158
101735
735690
48964
47645
139153
157870
111482
69844
3807
48534
445458
3202
79630
628951
250007
8095
584112
24680
246636
113188
686919
74
41832
5576
494198
17623
39396
38362
286944
47929
798
703562
6189
1157
285578
230476
498893
35294
10333
726
207443
0
564965
285808
98395
103526
101749
82422
377104
1309
285545
59609
24134
18801
35234
4836
1791
90
1083280
875252
4220
17139
554274
349566
241183
686181
293137
417954
239390
435
214299
148473
50
18134
794432
35170
323636
599575
132625
356
24801
396089
50060
58159
6074
225818
74
325933
955334
3911
423
36274
54183
191776
155895
339280
234753
701285
264383
89853
19273
13113
54
626
3272
494
337880
12146
1267
415
208016
19255
799
272133
130837
262493
237899
497098
341104
71489
721
783060
347
271416
31798
841063
1093
201609
937800
52743
86233
425594
601450
197226
26143
1032
29564
139283
101569
0
9606
264474
676963
110321
192777
419230
335639
67497
259967
14452
180964
574448
14348
17914
200346
162588
563319
72416
77330
79374
37790
154521
71468
42
64428
15054
47225
697056
84381
14707
14469
97963
44643
71820
1033170
279301
446597
282805
191773
109018
18881
721271
1009
7332
94987
12928
22019
854845
42569
462846
505388
330
8805
729326
120852
15381
6566
74672
6438
667779
321525
50810
493543
0
637646
15640
7516
293844
888524
49
230061
150813
271557
61373
18344
406755
34764
2391
181084
151110
13401
108501
62
7312
245485
380948
120
48928
151614
4447
483742
88
35542
180212
213254
701101
2270
978220
172085
69038
370604
371897
1378
653725
344996
27289
116346
2394
4979
41395
11040
55397
165866
25725
79612
54
11020
38069
149739
45312
59322
5998
503409
99900
590962
7777
637735
214161
35394
23
204936
1758
572476
25901
3414
101293
3124
101
547725
156440
5549
57990
2748
68
237955
60429
110419
536786
871
23296
24398
323
290865
7512
1779
25232
8955
21234
895
42156
180518
366
187696
1019212
21747
36692
1236
128
145
380127
263
12531
248357
278
24958
205222
115413
39473
1296
73878
55178
7627
701540
91439
44753
41130
11079
691435
14750
368
477653
71182
409369
156742
28308
48522
238087
147154
25241
19919
589247
408343
26551
260980
124118
30228
36160
122793
170131
174967
184857
41450
546791
46827
65278
136257
264363
160437
633567
367065
21239
284520
31807
265956
288124
260160
544885
127315
646
9382
555801
242567
170147
396
449985
29647
109769
96228
1067273
626807
125102
36084
563474
897706
109950
296646
9890
15169
84289
74957
61916
49720
20999
113374
866840
351757
1617
46689
4184
14921
897
0
0
2945
420
338
51151
13121
90131
510811
572431
79322
186232
4910
242047
939
123926
408
540001
2076
23724
7700
173531
706997
42894
36161
4620
169841
5174
76248
253
205150
15549
288554
16530
975
88361
163769
14423
169825
141462
42392
18201
92512
152825
951205
54
171021
292244
66
112771
346388
15489
314198
248983
1878
381904
84342
95837
146
386269
4565
138853
65654
20849
2193
297609
629023
147197
864196
310443
302100
42393
58673
3274
682985
39230
47751
446273
356002
0
28893
1073533
245234
898714
32475
57483
282466
202459
108633
629701
490120
116860
523242
126525
383415
212158
17735
34160
293467
230372
22540
1071
25581
395581
359038
54110
41307
353484
23358
116466
33458
122684
15948
8926
397722
27045
534638
352059
54447
33061
54462
1361
66737
2562
281644
5296
182880
13582
3990
100029
186656
708022
248097
113118
57791
691129
386332
147563
53449
25638
2689
2430
25725
99519
37010
265152
417976
27081
63545
572683
1358
219593
402286
5538
253084
19836
208193
19009
35805
870
117267
9392
8639
513531
636
568
23790
256366
161050
204824
182242
105068
202971
481505
874428
52859
229029
49269
253032
5350
107147
676734
0
351462
10652
17
887087
1944
28406
647508
100868
98556
368977
30138
960657
2644
143034
273748
135646
634733
272352
3480
122371
336724
15338
35030
391380
517401
65729
42291
22151
2174
3349
205436
10223
70094
346837
67296
2201
29327
63107
391869
147393
431984
61866
6453
569363
148378
97948
39273
2936
747134
67837
409274
249111
114695
86538
4804
28182
34873
728038
804
852
61009
700832
77767
121088
587257
27246
13414
11608
1106
278377
564454
5385
326632
208325
142679
200367
348
58921
10268
918728
115611
366835
16353
7400
25425
37520
37225
106367
72760
240025
205136
128130
58936
36309
113108
321958
19
8615
235346
5014
59091
65546
142714
509921
47535
112895
387492
907621
192463
919
8448
20953
792791
4511
92279
537774
493758
3217
144929
15360
33539
534922
205985
259361
244025
163315
7707
221
558440
137
849817
27038
236545
2414
1027
322162
88276
33042
375673
107407
769
99454
56430
4538
600565
370475
510131
1163980
142
444159
38850
203732
1180082
7321
924459
3488
190229
33009
120752
44787
60336
115381
245121
100
95795
112184
36712
26195
1090640
11466
10261
0
99856
42532
0
139279
129838
51096
48543
77476
331
34333
378
206648
838090
38027
1647
20071
9763
111951
117435
238421
521014
702
146357
143186
56887
386744
17765
29304
155105
145311
119907
159175
12806
277012
25819
150883
4074
187939
553642
68618
17259
92435
950
2494
3068
62434
564929
244434
132084
3021
9234
472151
267664
230996
443503
303352
179125
67320
900287
179607
7047
666738
24579
108592
538598
328336
282603
40684
565750
221001
37433
459264
11350
29111
25789
76371
21473
641153
126521
150416
1606
10085
81703
126215
6747
261282
224696
60509
196073
3700
6071
13062
536280
509201
329678
794807
3045
425663
6948
54873
276928
920715
575389
12293
25
12441
289480
0
15692
43805
880908
311361
239
20154
0
110903
71536
237024
1817
8052
138425
64
414615
1840
586220
6250
284063
369096
3661
14491
480089
408
26905
26870
0
36044
0
393321
5286
669097
867629
98399
202
458584
524364
25835
293021
52
245760
339
167318
299505
422480
94925
613491
100770
187659
298962
372278
147483
630084
3720
56265
341875
37269
537686
283346
0
242469
531
236772
430104
155665
26136
106065
19671
6930
56872
630074
278165
244691
55365
232545
107153
102
113722
41394
21
8719
69037
165073
42077
489763
428939
119945
113530
1012702
49499
31618
398057
41897
883140
254874
243867
366153
131361
8481
151950
50584
2220
227965
142561
233768
2831
6473
669971
23876
145264
171285
44457
110422
305680
538853
213143
146843
179269
83558
10365
48565
368014
199102
499894
677118
179668
398857
296949
204368
54881
605575
203892
21312
471329
0
65364
117394
76783
804
171750
53027
15088
331072
10841
105491
245566
148654
0
32465
2082
580615
243615
8246
473222
305682
15760
45030
2318
112295
4934
120536
16307
9007
21769
237038
987619
51181
31742
81714
61276
151493
18211
14724
177791
17564
35302
47883
658007
129084
1249
512848
1965
5087
231493
429725
141700
486677
230153
67957
408379
69631
92520
32496
84997
563031
216056
172633
99619
1088476
62122
34241
228615
30615
99790
55200
72290
15651
56294
34192
2765
3547
450054
34810
1081531
36975
35476
3064
66
5514
40086
24244
48768
29
79095
26499
157532
450903
1998
13387
637113
103922
123379
71759
9
7748
60601
123640
24273
559680
1948
67570
639
649889
185182
355593
239078
350746
374641
21161
36
8823
10275
46
312228
111082
2890
372581
7250
213027
393481
257754
84
13874
33727
48528
728250
907
401502
174458
29
2424
399635
178713
316270
18436
25737
342115
77616
642101
23158
91592
93401
20357
84814
123331
262932
0
23175
175428
175760
8996
1030
292350
548107
2347
332134
108258
5909
224445
420536
11099
385
7668
12108
794760
620929
396407
756304
9
4430
7753
170231
152717
143506
357139
11720
22363
138519
71179
7200
101518
5943
1100654
92621
917
7443
275479
20940
137173
15578
57258
57596
411656
63340
85405
303593
186717
324252
4809
21649
176677
199
269976
5526
352048
20242
118703
25
865719
402603
473379
69295
16215
9
26217
161515
26420
256731
265
137968
716895
7180
8821
599841
181027
303256
10043
39158
19369
10577
2924
534270
9888
781
1614
286828
483803
17103
37900
356295
3070
875555
709833
64259
334182
38475
85550
72678
226962
244468
7836
196747
72806
23249
26655
537751
1167483
58942
3974
37901
32137
60897
28349
142181
41516
35566
6494
278821
111655
43972
265320
178948
193521
606792
3899
118254
161194
6575
70888
102150
491474
98386
1708
311562
60124
29828
1462
764851
91061
112009
24234
190931
94128
324385
41433
90919
72897
14267
86457
272053
82068
848709
40230
232443
520012
96888
2107
10759
8204
223829
217466
619553
359289
150151
106138
8385
115409
146039
264247
95193
481900
0
110671
77874
132642
10890
478
5029
6836
386306
105371
11995
54
4768
82770
78576
302428
341000
5973
935301
557098
2780
21759
611723
523732
22935
2001
145183
26718
502227
704040
932379
40830
81586
77103
3749
0
157345
2966
96403
260602
579886
140464
34935
752384
176550
643101
289544
214992
204674
55541
46385
339452
33632
1826
38748
849712
247857
40934
627901
64711
1065323
376707
22819
778
893064
136
6448
80168
454231
685414
241991
19771
199572
171113
42598
308623
214839
8
0
609712
3017
96767
598
37651
352006
378060
7181
0
91947
43790
67237
180749
8998
37
59094
3150
738187
427148
21894
164273
348202
386408
905435
27074
507801
269584
26
4962
77829
70214
2432
354452
85405
177478
40642
387904
4440
57581
83409
450744
43188
216623
386086
535451
114128
293359
337854
29804
35563
419594
9
217053
22542
604116
655
63295
179502
32339
243396
9
466934
373894
24505
6816
353973
188728
1278
345807
173436
183349
719157
207991
13735
188358
139253
99896
138107
391
214
24361
148285
358894
292515
425259
319855
208625
62
390409
22252
1093559
147104
240714
42550
61684
272530
29834
34761
86520
52595
50695
878502
18
659809
536448
254641
275832
3671
106674
270435
2809
38945
254068
187622
478618
340884
1176
254634
153824
757461
221856
95549
634409
103477
339831
339972
863427
78896
22969
38484
0
484580
438811
79599
160111
18
52277
0
53207
357135
168718
842585
524262
281874
321505
10427
72467
81251
6230
716
377044
66178
369147
25697
220203
55389
71093
5577
94062
501085
830363
57481
91412
82310
3456
22894
55459
65252
410176
899190
248121
504836
28938
645673
233082
126748
351304
231642
1517
2332
203774
238
265690
639
290966
353
90323
4250
33
58072
709880
37521
49785
49133
444180
60
351234
20966
365654
35583
34284
44987
319973
28180
1334
463468
43381
88153
578456
310854
28675
164826
75768
512
0
697
130921
507058
110953
123968
76657
449311
84054
5625
338530
346929
187154
1125182
35684
205434
144
82056
75871
738719
24024
20387
4569
5314
242884
81619
127266
408454
271148
10649
827039
6244
46116
298245
317532
14305
893909
165779
215856
8643
194496
491
374
169620
75565
437771
2367
210589
31274
22525
235340
1027530
683312
27648
24356
497823
469665
294
11658
36731
19
601290
97000
622952
206721
1021
265586
23371
359305
64
18482
783738
214863
0
817284
1055812
1028895
15926
133883
810492
8052
18944
26628
177
682276
108980
22153
5591
38990
205148
158
24077
31330
267457
24742
87334
16561
362800
4422
19961
133567
2684
249398
185677
455326
8151
53425
54465
62
12619
394132
42522
72360
177615
176801
3898
460439
614088
15632
2116
201
17
259901
6407
687747
21197
10694
47694
4871
132585
215270
5489
17
92873
123945
403310
722911
190977
9767
373203
16950
54552
251285
31021
649613
428935
311630
6793
180851
102576
28619
515444
19251
604658
324480
738657
23185
692005
21037
3174
783337
214576
7572
237157
17280
18319
115765
764
165595
142360
178539
59977
9176
790846
19679
13384
671461
8050
86158
750879
501117
352342
11418
102446
69582
18612
2961
34142
18931
185598
9068
733341
140061
116754
65583
81
9531
396568
499649
29679
390067
60303
85962
96742
1617
99730
162603
5735
50695
68282
0
145421
7582
86800
772394
13458
1695
169580
1069
206
107294
277527
1139516
362852
404130
699688
441051
227652
154632
18303
199
20148
220395
29608
3660
180
15573
49
102978
256
42699
808407
568423
57812
455758
544457
62093
706
763373
37964
570
33554
419972
253250
219460
558499
3867
311547
383494
54024
247439
14344
37010
278404
17
339964
18751
764
594095
2802
1924
22891
145095
295608
146421
65677
20276
63767
62072
49775
57171
3469
309438
10
278179
777995
88610
63080
78644
6057
508098
23772
877366
242814
726322
40803
4398
325401
211643
94008
430158
45606
214
6930
350223
39519
12394
575324
55686
341036
65250
64429
800831
186784
201912
10226
223752
245685
306669
1009
661319
55261
226323
55166
382356
493643
4963
21914
0
6744
80508
69707
1045361
670691
284425
174212
122133
144766
286903
328775
345630
57048
1062099
259
254662
997914
52041
139452
424082
142318
16706
82
367351
478346
281439
65134
127745
213891
997264
119895
2847
11863
460906
34573
158488
1269
3451
16264
1094
6712
124562
30496
79277
172715
3505
4014
1930
75600
377663
190
54
29122
89309
335575
158416
486935
564998
2301
22017
11291
253321
16326
94237
359384
24101
154255
2895
479164
200615
138331
130310
34228
38149
147627
54794
101833
441683
60079
875228
6300
361834
379470
389983
720835
307744
2451
60689
379437
4886
44494
112254
1069807
152151
18266
71139
126350
324350
558717
131340
665631
1423
27213
16773
7873
267334
6368
22916
84015
239125
190675
2822
112365
391729
8257
12194
9300
522488
288834
28343
50177
139186
27540
281782
137771
35527
1962
13361
14455
65980
1002540
458459
6216
78699
68368
474824
162946
12316
32229
85913
218885
530902
139829
2927
930705
84822
42954
3752
638698
6219
523728
43443
1921
286174
38839
511591
943
3252
344518
322474
706747
188179
1287
495357
10074
0
397097
0
2708
909753
0
577876
24509
5521
250280
17517
186421
968
108033
62323
68150
163244
570822
162351
33821
134810
38385
157859
208222
613285
110089
325951
2177
1508
1001
218876
306922
181802
166117
19209
965
182290
270248
91626
1170
100172
64937
711115
292566
10364
146697
31758
60039
60731
929118
9145
36
41172
177499
208035
207859
709012
13657
650
238816
276287
425491
385889
63381
10031
388993
55051
183341
268
774
43291
1985
1766
9451
13830
39195
104219
31830
734559
83553
1190
431650
2857
744089
144039
396993
107157
348785
63594
12160
99278
45440
9899
12649
9
206413
15757
9
337514
55933
1011187
28103
1851
728765
523
443381
72169
248935
376895
140599
174
209806
61995
263727
235465
5825
213
273940
302603
5914
77657
94239
79203
41
82130
37145
137595
41322
790
20726
468402
77070
27076
550624
81603
13926
64929
3216
3652
269218
61055
676973
109714
76251
891211
181594
116430
519563
282591
109160
190625
96275
559766
483165
67769
148126
22981
229746
95064
364023
41393
54745
19
93381
32630
651660
603962
9
53
419077
6197
55985
4236
60529
324605
3449
601597
412035
13647
205411
32627
1346
155599
0
432814
328054
831275
281776
143
188077
909134
183688
1869
109583
131792
378673
109543
26923
90206
418004
428747
407746
238896
544086
40681
37187
1228
8
2155
123122
20908
237915
17814
0
257363
129432
232300
2629
1195811
168
735612
79724
12204
2850
191943
765326
403451
274029
4329
1008669
778790
364970
516695
62509
132830
6738
763829
79017
309581
235929
81
9960
285119
10093
213874
8386
16229
222
50589
96571
46763
33943
288621
9
188938
314273
405290
297144
140
4894
407425
455454
720322
800947
298391
3622
129113
462772
49821
15812
1047698
176778
60805
34396
188431
77272
132006
515487
37319
1005213
1104926
58146
83857
228585
286099
284442
740998
499455
45163
1839
3421
387132
261963
41464
175047
61916
157433
260157
420739
728485
102097
301560
177931
9
88168
234433
367254
153268
48593
402379
108
136219
66790
0
85952
750338
328
10783
301548
9030
17
21735
6117
86428
9560
3109
926159
63301
0
769851
225596
4563
794088
2080
61890
119700
4671
15158
302685
80097
220649
727548
4065
592
7106
43127
376541
332438
196459
60388
350290
864535
52368
84137
23968
61752
42684
33016
30366
30401
250878
17761
438818
140456
55434
12660
14624
215800
145301
192817
13
10077
645509
4401
299
185674
114331
1391
353634
525553
26
121178
255602
322580
6882
64
710
15640
4377
24650
56490
320471
239554
31056
72876
29965
12776
591531
300377
237311
132605
9069
19887
54607
185551
49493
30706
55039
41995
522278
13520
419684
18849
61742
21236
13364
56528
1698
563499
907
156604
61143
204797
278681
884791
847373
822316
121577
211835
10017
120812
111128
516552
127943
407057
5314
27791
537046
12568
2775
159059
38904
296767
4423
419652
6661
329339
253313
54379
503997
175441
244666
100684
51172
258956
70014
468191
476611
2589
47262
623357
67
24950
50766
5260
439479
78257
21741
78369
40264
148218
397721
200
4065
177
169823
9187
27568
14347
308501
728119
1136135
29271
189502
69766
464493
467184
362631
373347
236376
274734
11261
3214
674729
239050
38697
38666
461055
111372
130629
31446
476640
263310
46
302424
162006
156374
351788
33833
24576
33770
45597
55688
28465
15400
59308
205761
10920
87197
250226
213715
1076482
7056
78638
521772
399902
78364
75959
140204
0
4772
83
282353
636454
38626
356976
476299
7600
12375
31360
492979
439217
202499
367099
315240
85197
371327
146130
17640
7569
377777
0
48216
88770
163199
667607
452
195189
20222
94034
61872
142283
397967
838226
470559
45731
11478
56764
182958
104860
53950
141612
83554
49479
50005
542890
904441
106915
7100
334426
856
289
6483
733442
5040
514565
1270
22907
62364
428403
154172
122428
33239
444484
260
238822
591125
780580
427241
120
503344
92642
52143
64687
33518
15413
1053
314819
173331
278050
93840
1294
4423
151141
39386
13349
8941
314241
17546
13871
2670
536049
14805
32303
22172
15778
25004
33557
219097
17899
21015
1207
694
557
32763
379114
137186
412
113734
19667
5055
241650
691727
282973
250924
12225
226419
100729
15159
666477
44919
9204
48569
221504
472864
90488
17428
21973
7670
392670
2102
3095
15174
32127
820328
2483
165407
30580
990
132766
117322
1662
130196
9
18725
3363
57297
549828
16744
817566
19
327469
32353
211251
97089
9788
64150
281512
17931
394726
1059
19037
4114
486340
239059
16681
304778
82667
29614
4836
435672
2456
422668
36702
659242
58471
90073
23615
358339
321615
98112
132833
320539
40350
153852
86194
616239
268295
136797
28718
405568
291434
75570
440
19202
6358
354244
313685
815251
14189
29842
421746
901414
29
215407
236089
363554
64306
71355
77648
196279
202781
117496
10596
33963
78170
1113134
248562
260671
16091
1008123
106
49923
44232
59935
56701
25859
118529
405130
2912
139192
161253
31118
161359
12206
69349
56697
955999
259969
329113
67496
8076
185711
843
334314
647
708422
1012
266517
27566
577158
4377
110932
76361
18
70
164945
130000
682392
227880
630847
64958
81293
5639
457325
80565
9404
171437
85467
20039
52712
6234
66110
376512
13239
68804
308028
2689
380230
41103
14046
131764
7321
351817
193224
43978
827192
24216
8594
90075
267564
60117
15805
60440
222148
3799
245395
926616
44272
103740
279242
309715
170554
830768
41800
25746
53820
243163
63986
14928
390911
152
319728
323872
28802
25070
23246
84109
479523
4079
221187
24458
72080
8026
71992
267581
282840
101229
2262
111542
250881
268544
389
384980
267883
163543
154336
53493
539705
33717
13874
12396
27217
88044
212291
247833
32636
267247
5728
6349
79609
1311
29
32351
166731
230933
100107
489448
18159
306717
36180
22306
147022
238725
81000
131418
100
23247
114782
24529
43387
1366
454886
184540
20637
471054
104131
26330
116731
51815
26032
37051
150862
912623
884699
12033
1471
109055
75790
42209
54091
339827
367098
9
645549
420032
30636
180424
378127
2152
130333
8
409263
77181
2380
288800
359070
203885
3193
186381
45308
70011
757383
277944
10318
9
518961
614711
438034
22815
175691
71610
72687
50736
6953
370122
904840
28916
110105
716437
264122
24735
1098109
118781
112498
140556
0
373510
910
159614
43281
54617
29266
211970
189787
1058450
953087
59609
19624
104059
449531
0
100508
56868
15374
81621
49018
515
217605
39468
13918
102228
45019
49541
8513
273460
8184
180240
5979
17331
296975
325912
39111
196609
155414
54307
25472
219964
508162
65645
55
1000653
197742
7362
647
23604
1747
154833
81798
110598
466743
187044
55862
677986
455
631319
563831
9855
28654
31409
37312
35808
2956
168790
1952
163614
194796
29669
253992
314028
7424
11406
386
415934
39958
231038
340529
102406
126412
139
516416
285443
5679
24573
2563
31681
482634
3659
57254
122879
186901
93090
298316
10888
59135
785938
10508
161711
1396
7496
25225
48266
19762
493857
34
8271
2617
539
769686
23593
128729
597186
320632
421560
29910
118343
6101
170254
495708
51266
441105
90429
184685
858840
47575
116964
611
592052
525
5315
262827
21436
15826
151038
332209
969237
193631
23628
220726
125
530119
157025
17
219046
93129
487908
547095
35599
402182
66048
11863
142482
396855
2775
404239
47750
64
473617
241564
3788
83082
182362
300001
450686
16489
245414
286269
112592
360635
37
158264
167530
444701
9016
399481
142486
9658
8904
893324
145311
8364
10
55218
473186
187124
60046
7596
13238
87597
274
564561
199041
281962
151
67170
555862
13
31783
8557
171936
603762
12837
63519
20586
34155
439554
92984
853
276979
848363
972
214100
47100
611
9039
45087
0
111414
94553
51335
319695
160737
20001
2842
720948
12767
285919
220834
373509
108226
81584
0
96558
280037
23834
203668
528151
646253
7610
127910
650373
364678
411651
14200
1185
707450
13162
176
125054
3032
2551
217561
33404
36127
105418
102082
623813
136599
15827
61236
95183
142483
11866
69
636231
54973
159338
407556
124581
361988
31555
308021
255849
180431
172939
68828
192
366703
19826
265009
498499
34
474196
170390
526873
16800
296693
89
149026
105393
75890
7998
300047
11861
22639
55965
108121
0
12223
21070
26481
14850
95710
165607
308700
202644
238100
177
374717
282607
51346
449350
477544
1000224
9099
227679
12097
63638
192624
1518
97740
142485
80285
442
141939
304154
400968
125830
247789
17610
110871
2270
94688
40207
9695
267
95768
218582
492188
468536
168204
298051
114039
116992
73566
22411
880
149392
28837
191584
12891
122240
571429
398275
245802
272798
401281
149
1372
54907
486484
74826
281531
0
80789
79
12727
1194
14766
708894
103812
145357
2864
522289
10396
57330
49626
25726
269
193425
43966
0
526424
141134
207566
217309
161823
398241
400728
482276
468846
619219
76684
125029
368344
69998
104390
640
2772
122950
316835
0
378759
421916
23797
937
84625
273255
139909
21334
1051
65139
178994
23964
1158637
46755
657718
337663
912671
200723
689877
12592
16320
3563
587841
287433
155482
24141
111708
94497
345452
189
2155
185428
4612
160528
17460
28751
154681
743504
134658
33831
17385
383965
56439
450315
3811
128511
335742
234989
78786
52525
3288
338120
36322
333551
274104
111526
23676
326981
907
346580
730796
256686
113813
138166
319175
28304
662
2515
605777
71840
10638
517440
219561
545139
92151
18624
43609
433506
54080
261634
15079
539077
39151
1022967
511735
255506
87759
29807
563443
353
346083
228824
982795
781128
67258
34231
10496
20052
83720
150900
43733
113995
0
117383
84059
46312
1026352
1133731
513302
87557
11916
936095
89429
649184
3509
939311
336712
234102
209507
173270
21761
137028
31998
68958
45096
160946
612918
15801
1858
100170
27906
423734
123744
679618
32751
36975
79254
917
5934
1553
97543
22936
39277
182802
182765
416247
335278
102115
17727
274273
319
114093
902457
682876
10109
581099
165151
301086
59427
59841
18959
145871
221189
60263
178530
72915
1301
79233
172154
207
194884
17
398535
34669
70596
160874
109788
175335
163150
12024
324205
420423
373715
59
217446
584198
90
264988
53202
11587
26975
670093
48547
595926
459802
76257
147670
610404
316761
562975
396
189383
7932
41359
180442
6588
520869
397757
7069
19
659768
658372
422193
276239
39232
35173
73
17
333
2251
943484
64816
420009
591113
174
855487
715889
9172
85110
777005
501659
408829
279100
327986
705534
2866
212276
99
119
236649
79306
351587
196955
11261
22055
92240
13297
29266
77332
5193
298751
4839
79047
474174
392593
197296
102244
754308
54947
875446
666737
11525
103749
131271
724042
14582
259651
513
2156
496555
409972
19820
5773
418
10350
844956
239476
0
2585
93296
565559
12139
27259
44685
85115
12347
16925
116832
101488
352314
11600
104752
148388
64133
3468
180802
596952
31149
437750
271779
439192
224
724825
11190
277221
131427
6822
1091783
469912
2746
37687
235330
42382
203716
354478
1149876
10
1321
580491
353
48939
226420
7134
256567
128630
14180
197463
88522
36951
460078
223787
21
460131
142055
331262
425290
20564
136
517
686164
11290
116423
883
403411
115
171953
107969
176324
418244
35637
323979
132635
133336
2542
273537
578576
319480
547007
608825
53925
695334
109962
29
11730
340491
1799
571855
1081
427851
85559
278978
592923
13476
1071619
409275
453256
239696
15849
557255
246477
204197
76820
274206
386373
5985
28467
44751
22696
281233
36502
143975
8133
393
385116
578001
179364
80008
19009
278483
267046
9744
411615
56790
138613
214316
228536
887
2084
209956
93374
819785
87547
7025
111015
20852
5681
9
1966
165893
654968
52765
467495
11793
364630
3109
505962
1679
164432
98242
740907
877
218155
7260
383235
626199
11043
250816
3826
648486
3256
49595
1808
292048
58711
686352
2551
560912
898119
669160
507390
210435
462350
35103
466716
449189
44
95876
13648
380088
24697
15476
110445
56646
57103
4003
548178
327750
692403
46
58313
44
54119
93584
37
382279
9726
123495
5199
531143
193432
363414
2225
202971
106704
32710
3994
330019
577626
474296
40178
577436
755677
167825
309010
219214
203127
16627
337733
552909
65784
7419
712186
44037
86355
39648
156175
805032
213512
2955
5296
155936
2259
828347
124218
77331
22084
174540
91805
71939
45047
11727
83791
2106
780912
19016
14405
138
872
262
368891
436234
29551
131518
235466
35583
1673
875084
438
398978
19053
586438
232861
167464
374288
102801
79319
621348
187771
2623
6596
107646
308862
1010
631
4442
356352
724895
407164
14704
98293
12646
105
16177
54793
326023
280798
473315
381305
164368
7356
4889
116
52152
167350
1199
398171
343271
152784
242776
516589
349608
21209
272348
774
162192
118915
435
2140
53006
324480
317647
40382
44009
18927
138837
601913
36989
75405
167099
48488
603189
1259
536968
494102
84011
907
128945
4149
67421
525706
554484
40794
13439
56559
361564
262737
5302
33109
15157
201949
248747
357654
1702
15580
26283
317437
17538
272065
6186
121992
251245
760333
430455
11288
290072
678754
344472
1028566
23459
19
49888
2020
397700
337690
22213
48706
1001941
21538
44978
257091
49163
49106
101470
795729
639861
126693
558363
364390
83769
444357
349336
244750
444804
623928
108728
292014
48
316573
79748
181353
389330
14846
24275
75583
246
146245
46255
61460
10313
7634
715217
58440
195530
713030
129910
0
58754
33027
776248
231389
81809
8022
10507
390448
96807
2253
89854
50355
6926
119470
19768
9895
80806
72092
305892
339
13358
18485
4693
13324
656809
996845
12433
152638
276794
670107
444033
75681
320409
569525
20143
46454
305643
698720
23164
182266
256411
3573
431956
5168
179175
11190
18031
584
382782
53046
826855
374244
25834
46745
214476
345926
85724
86689
11652
4712
597
344764
453
14860
894067
790253
4350
5938
375217
13740
0
6218
95911
171524
302744
1155
108717
410603
216171
2401
115276
106387
546602
35785
32673
38099
106342
4361
371315
54
243905
95682
40013
160298
251386
41729
9466
8304
99322
827
463647
526302
907936
183153
2208
990
239223
2386
260344
340272
138748
47268
458116
767170
4558
17377
119566
17705
121094
264525
6692
0
101769
14154
415876
504
265202
228772
1778
247070
207046
32975
7544
307298
506594
1804
5117
174356
6278
14801
685214
324057
398
171300
18635
17
457613
45077
714
320583
441716
142472
581559
941
724265
513709
11315
164837
677971
1966
11103
498949
43198
5423
24291
272291
207368
918
2277
125982
181104
201381
58740
319389
730179
106310
108428
357471
76507
220746
122344
24210
743994
1022955
450876
424438
217
38340
122064
71
7166
307267
411133
162018
613
10809
743106
101682
147190
174267
16288
1883
44262
93687
659092
87899
4123
16467
260854
134674
844407
61536
230680
34950
79785
202128
61125
283483
1290
190885
132570
390076
561685
487681
103417
323180
185192
230118
975810
242867
50341
16802
165090
15706
248535
230223
983
435582
31774
6286
634902
56024
439206
155477
71988
112688
797381
163316
1644
302202
167744
12048
42803
124372
101453
361735
382135
571951
203703
15674
391142
56313
119722
48121
242169
0
34910
8939
4281
62440
450474
650962
105687
43209
1019
163350
52117
18846
44749
0
11422
4393
613070
71844
443336
598144
82612
74746
815918
482578
325633
15145
2776
4900
45436
427726
157258
2806
260571
655785
28652
20847
602111
126280
30506
146511
100973
822901
1530
104328
16931
163243
356068
11
725861
636399
21908
85084
339479
9
52088
41836
898
103947
82366
87030
366744
25070
112804
3405
604191
63020
4849
59721
1555
117166
9
180832
17890
14890
1786
5706
6494
5949
346657
0
8578
606
0
807583
387282
21
116539
126640
14442
26847
1099034
8325
611794
194036
365154
638990
33651
15002
173614
157
321371
272482
491068
411668
540338
6117
175827
6015
2512
111065
110053
47488
81009
208609
148124
430566
345847
307753
91767
408510
153932
9358
1390
77670
773276
327274
281905
462354
472880
115325
172889
227871
76281
13582
977
219047
434191
1125584
481
5927
14992
484833
33460
17891
487241
1011221
256795
1932
186130
194705
880547
60897
311538
4970
136319
26201
139477
13784
9
195825
90124
67746
19267
366193
359450
114764
33759
56987
673846
10183
4442
184595
323997
208039
94931
0
989776
125446
32539
30952
636347
223394
8045
2545
34630
992048
73989
893755
15782
3218
38922
100927
33663
373715
2644
2934
3911
387484
548102
324566
216708
7509
22537
575231
742575
939567
10505
2123
184906
12678
94357
121780
36915
185949
182270
598793
142381
578
78418
367266
18541
5917
108107
15857
560599
108289
176044
513606
26022
55005
370787
39548
227007
38092
288527
947106
723332
138761
78256
559955
74167
68899
3833
212345
842738
921026
42252
0
4837
948593
313895
555602
538256
20758
62560
54418
28979
166235
11001
134177
564170
350373
990745
162176
21317
17326
33373
1778
77413
1198
722492
51889
97016
356775
608907
180904
30518
230979
268456
9937
1887
979461
10415
101423
22400
51196
245998
823197
150481
113334
261409
871885
39480
52622
262162
773089
540021
593832
1338
181
69869
255435
358654
5023
115985
176464
91539
889804
65384
6271
110981
592131
866860
23605
525376
176226
70676
143902
110
9233
123195
14425
19
135583
93329
107966
3402
10043
59991
31189
430
9382
858037
869716
1621
14716
166414
70582
545130
20549
289121
179
72345
721948
269656
37311
13381
10071
131826
36554
279723
9
6736
6341
14459
199392
177588
385422
0
1023
191770
146605
71881
221145
223238
387275
240517
78519
68934
15107
9726
197714
291169
103406
311932
18752
119275
490827
790589
571164
244274
582522
581523
23400
12858
11856
419212
11525
50823
572282
419334
75817
223997
234646
18688
7568
217004
36613
948585
228054
84743
10
282925
19983
5331
394742
139282
297697
452130
114505
1570
6844
75926
61355
112482
29493
672763
25418
378956
421772
18953
175943
825
351942
6821
204997
337421
102556
59130
457006
4135
76825
502286
185098
13143
9089
128869
146979
26811
58186
89342
200499
210597
136216
35650
1220
125252
252199
154750
10842
345609
88867
136836
191990
263182
7132
254786
0
94120
183175
458835
76824
68971
18126
127608
941
147459
4831
260428
515629
27288
43004
895785
401035
25194
13059
87769
348297
327039
84819
0
449484
569447
333411
152709
60959
144480
179114
614442
20972
143300
103695
173121
2667
57433
372692
159638
64645
178496
5598
344
1498
3849
865582
38091
326328
367631
700
1361
526670
642
662901
51
161373
201
274633
138452
275360
1053431
267479
48728
463641
33020
427405
20368
124766
2606
80206
268850
136
258288
145945
29678
10368
3217
1844
6078
366782
598917
5112
64445
644064
843701
4641
211195
215882
164945
102602
66348
757556
179585
2443
124222
37841
43964
43063
513701
166777
0
161910
512968
364260
135692
149044
1812
321812
594
363606
55501
70741
54093
239078
119110
14092
231533
416867
23116
97
989
78721
26704
998486
66246
2077
68067
4066
37900
1319
12224
5183
32445
495596
3258
507889
43179
77730
742
156015
19707
662778
558506
25298
177468
168543
3937
671541
20760
37100
497919
10
998453
13309
182041
84614
426535
2759
2293
2924
198395
980251
64775
27852
246115
7837
7174
336605
110
193564
25599
139483
44562
407672
830041
539752
478359
775885
89251
630170
10122
7913
636543
185529
32246
84103
781
3683
240
7986
2850
22285
65295
293187
4211
262
350379
3879
146282
6877
153266
9996
242
49786
504187
1174
744043
8995
57284
20018
122854
14156
48020
76413
957301
289813
461
66096
73719
370094
49609
583615
115040
119640
164223
2158
14959
24131
502380
768698
142222
196049
278801
34736
357751
7185
186880
484472
563761
369
840068
192640
6513
1565
8350
3466
12437
94216
10048
1728
9593
24202
646113
510
41230
219127
270406
375063
285583
865
65223
68866
281694
432
113795
19210
171286
679392
325708
274719
821478
112737
229079
280712
784541
84468
160764
895075
437577
542167
705598
108752
52482
28060
65782
131349
19526
768809
868040
11652
227241
198921
343203
265
52
343036
159317
85922
872264
28737
116858
98
963
2570
90631
465135
886645
391694
496012
177814
123193
612802
31425
113587
163202
121887
678029
92142
734707
49389
4413
502243
257879
224093
10497
76724
54902
649537
10289
387976
3186
37
378664
2505
0
37728
21531
287573
245497
733327
34353
261
2327
108473
779486
116305
1137
225885
149633
18993
100950
211559
265872
48363
72784
177386
210825
20046
0
31750
46885
481270
13513
711
82581
157193
139763
99
171060
738119
687285
170677
90
200343
334594
455727
477388
5422
36644
39879
218274
753530
4566
19464
21495
290128
35448
51177
4704
835
64488
687868
14895
279855
60888
34286
780886
60193
1307
864975
319623
325
280550
145130
131604
47980
84014
5134
58138
644909
1530
441139
311649
101386
57802
142466
18816
281249
6207
5240
94853
768907
407323
193449
321
19995
369338
20261
25231
3273
12398
55797
459723
87166
304
609987
1013726
447441
5494
112514
16075
64356
298491
54571
7624
367366
12920
393232
234393
31531
741050
386654
4768
38146
145523
196538
322594
731941
15341
217930
61973
879606
184674
174685
13668
339908
539095
791625
255183
22109
551989
236375
26
196821
700250
73503
138761
11744
13099
2818
606215
120283
79674
266486
1060345
56255
54197
562235
48776
462295
134729
68469
5152
15848
100117
11690
403405
475907
556351
9170
93684
316522
9936
122
33874
90230
368525
896691
18772
56921
44763
654735
25508
55405
26354
28460
44
6885
21544
336624
206044
1007574
0
4793
589292
35193
133856
7697
84636
616
16
264643
6979
417724
9263
17411
241834
29821
1660
70409
401921
204894
13333
608783
33689
232067
834171
98804
7836
25452
206002
480990
95496
76215
48
163024
243233
45652
292004
14360
22974
570124
36986
263737
7399
1159864
58020
825643
45191
80946
59756
66305
82773
88
116640
387225
16531
14324
108625
2897
4579
445
399022
27651
506170
2584
33575
17005
2595
319276
272721
5483
211195
855592
36546
74701
122419
268913
150275
3154
646026
754038
176786
9236
14815
8584
16700
14549
18266
951942
11748
550820
921046
816533
283744
108632
55083
255648
265677
659670
77248
35640
86812
48475
437112
496285
144464
21940
49419
301011
2777
248751
268955
282694
354316
267438
23945
759876
96528
78954
218108
352731
229
176131
91300
37057
7195
402608
7476
38632
15663
476096
53579
332400
409888
117729
53006
164038
426013
540790
56234
892662
324699
28168
11278
150946
157884
17473
98576
222952
166961
8114
395579
137852
29501
181060
41
65428
524033
385961
26
276473
5851
1117
177089
0
5718
289833
18089
2660
591432
581833
12479
73762
14006
162978
161145
13875
205625
159332
1356
272511
56805
7280
231260
146733
40091
53
891472
103264
183983
66083
177166
78779
75918
4992
26247
932974
1136
248940
2500
62362
282099
6643
862741
25681
98193
20605
101371
50143
6850
150537
2970
28035
195941
713749
146974
20984
79717
376308
513827
9485
151520
734114
4005
273308
2761
61171
134425
853603
153940
69004
1504
519811
210793
716217
107264
22138
220433
30493
19079
659472
20797
334335
1547
19078
3912
138959
171622
119347
27616
41147
64971
14895
9456
334
10126
55437
107817
8022
350823
79890
21484
7901
858161
559177
281702
695
532489
151204
260731
1611
405641
2166
34190
70739
20163
46619
51603
208791
21237
243528
29583
525991
1235
17
4497
92518
668355
26874
105638
766878
135364
24142
0
5051
696365
9630
43195
382923
291954
581584
3774
637557
497181
1048
244977
10154
726726
129989
437838
368884
4483
746
104398
40858
87240
11
39378
26188
14386
68490
10582
148928
363917
137965
963956
69707
542717
12172
2248
219797
491102
268652
14696
116810
82131
99122
524930
5215
18686
119
109628
9
1079361
10085
11180
178246
5683
472981
824034
7822
1396
103053
5785
46689
456
71837
3092
105087
62877
68623
165892
7490
335443
96193
251293
1469
9069
203342
54658
54146
1103
103370
54576
512267
2962
226086
414818
899451
34310
419626
50873
2654
75353
791448
836858
16155
58924
115136
21178
12772
440944
347422
329075
15617
448523
547495
71284
194572
36105
104
138915
202469
709233
10012
0
14879
15727
8137
95421
1219
351934
1657
92664
2843
28907
521975
3938
515131
675670
1350
14154
432884
5804
88231
670878
483625
166988
64489
773
106065
145996
448050
5543
531304
769662
33683
12129
4362
9245
42626
369887
193116
84343
716255
174942
59991
18022
599956
266815
9780
364554
61564
471342
175735
180135
7880
105581
42346
48191
1087675
135479
1085258
3147
610067
642680
56686
608
33481
9
372444
926
5304
29387
35245
449044
6846
205815
351223
111582
233445
170964
42732
258524
750814
25379
14348
34874
178235
67776
422297
82424
283992
133084
0
286
11
102323
10953
3715
776011
1491
344652
6314
77361
21555
0
61876
63169
131656
1421
40926
42984
68871
23019
115479
46998
15796
37282
23684
182285
0
11386
157
229676
601727
16350
198799
485
666323
43094
108208
55648
92217
146351
116525
31465
457671
12305
29
447255
391249
56242
14080
135336
73982
1756
38611
142613
7595
55712
472293
5080
15390
16483
20386
12478
6388
37282
26890
608458
106889
123053
33765
43413
195835
71242
293280
16428
297477
316528
239388
39995
239102
23552
24682
56456
18117
88532
58073
511060
52575
27358
145684
60207
13449
526994
93927
212
344998
470927
387157
69785
1491
321754
6593
86711
30685
4526
8088
67153
19506
175866
1037295
80949
1496
39849
158357
115900
109133
2139
184099
13142
299191
533413
7386
398837
64202
35429
483262
28020
375576
87
111243
813623
248357
783815
57466
233024
37020
12321
76734
667251
137507
815453
400519
99876
50386
49502
3672
139742
56381
582829
27459
81311
25718
5770
67243
145934
214679
180750
40717
625007
1077767
459421
400
259635
1967
157316
1009684
614317
260630
72606
31470
4906
156940
247
1441
60465
1613
454839
77704
132591
46402
350916
8777
559319
64453
377851
222332
162966
379
307158
513286
34187
100763
246032
97588
181729
64765
0
60275
17597
221865
91964
285497
325607
127707
314850
27192
8595
371
143173
0
670123
272990
292096
402400
3146
298177
73866
247390
136287
286527
88792
295511
597953
8204
127663
695070
225938
209227
239022
8928
9521
254663
299394
100450
15363
10952
189134
224660
22535
183581
52
284771
95263
537806
13268
700548
370880
161194
912044
304004
11267
128685
1183
695083
3705
214721
431313
88227
70857
1099270
80895
131527
31596
41706
243920
27539
384461
14434
220771
12438
720763
10439
16646
308417
319101
1177379
158438
240303
183101
793942
111131
49787
364523
672500
55343
547828
2484
5067
500907
3987
741947
337077
53376
150888
702844
346094
56202
123211
56700
6233
44406
771548
77717
578587
904
1811
1807
213162
432
0
411712
54
280460
62
2783
63298
13065
1497
196603
4722
26165
2309
5253
9793
459045
169972
46009
238832
772962
243088
249578
113989
337801
2082
560009
625342
86534
0
483
622
80770
246731
741728
67488
46132
533109
661624
106923
83295
78826
65904
758655
25277
598656
309929
39266
79391
29076
335385
329372
25462
583334
24322
62922
189065
990
21173
9
30510
39851
55268
323565
158594
238292
174549
114587
302299
61327
208372
246202
90421
109764
400
786
423467
75558
26114
414472
175165
391630
38986
75809
339
55307
455497
960154
144333
0
443
25895
214985
24597
30800
94158
7663
0
25693
104063
52738
337252
186868
11155
155985
614079
247521
360365
20925
169464
57439
350849
384827
22251
2419
54183
336731
108842
98481
122396
344337
133106
282040
598029
199624
595570
42840
545390
662518
111202
597771
262409
644298
47582
2254
112939
0
41
78193
55514
19686
75269
2450
33076
27292
337499
18266
211694
28310
255205
118901
6827
159800
13112
236602
95270
221
140983
18118
10505
2421
26
5471
59602
201
6573
181738
668611
999720
238580
23271
31644
334592
6049
164195
248946
483339
364259
28874
247
278681
335697
39695
81
122691
216828
12546
457064
44401
273947
104405
123512
41263
13477
32205
233729
4358
102272
862000
52637
402481
57760
15299
54507
18398
575021
47982
29
239878
228182
10412
3798
2969
130456
750402
37
90145
54681
768477
16771
417841
542737
525111
329299
222604
390517
0
76499
4836
528107
189146
102890
2994
98014
804186
113
485024
140527
40062
155829
15423
22783
143969
258181
332323
1186
140399
247603
68923
350344
392218
90898
20710
130461
167
152031
908552
11252
78058
271323
7972
445811
87514
25290
226423
32
0
102058
487
129289
2037
54368
29043
28398
632862
3996
53554
571768
80279
294500
239710
676068
11
34051
14214
299031
301177
231370
252690
81692
187014
1125555
97379
205686
257468
174013
23671
527206
8077
4318
123911
7940
395528
98857
563560
468301
7706
29877
135
134695
133534
368086
167787
32935
367270
35110
7260
26786
287836
196593
20314
824633
182497
288524
222
193515
494
316416
32238
309267
21218
130267
117677
28846
24146
15785
569
1076
763312
2440
863603
42061
53607
29
82438
16944
190081
31307
40957
42755
231310
9326
46412
160454
7858
23217
6128
669621
214288
310191
6770
284728
223007
0
69882
267475
9806
60
205843
4908
72974
65561
367486
134357
66810
49986
4012
206597
50901
22356
19480
1146
105529
1699
43957
113249
267824
227347
67638
35858
134363
431878
264010
355620
1717
171648
510515
353450
83642
2683
196185
401419
16343
31664
219438
84181
212453
32000
679922
37661
726
106
8200
40098
596937
163658
247
6284
248138
25717
192435
692213
27931
561747
66341
58521
100968
63079
442059
696797
263089
97076
835299
39442
31128
244908
106198
91150
8503
107946
206
136
30536
408531
189031
196561
0
102740
325061
34515
123148
371656
115374
581
1137
168294
899641
69412
165294
9833
444458
107247
356558
196739
53535
35599
8080
630033
0
49771
202560
181677
566216
16731
22783
79009
338424
593804
11958
109571
133459
9011
560
120840
40340
18923
23685
42980
119832
62679
409553
11245
18314
664131
113742
166299
3080
7999
54261
423172
851
255123
200676
478502
242719
1976
198029
469322
6306
33395
872514
209020
507556
25504
375793
1089475
275824
11014
213044
25429
6848
337
644157
446686
450328
164350
101373
83555
146222
68553
33400
148418
43414
11236
22677
271021
29119
67762
113086
297799
187736
376188
95179
613829
17
85875
417932
306278
876497
23489
3591
95918
464948
724992
701649
4644
73088
394986
171481
614863
454504
320959
54
372842
15506
295628
0
56122
282453
226432
12286
46536
652827
57921
326561
7712
27341
172
19088
68497
12485
109192
14346
205
2794
113661
274758
7325
137719
656
6091
221160
155507
71322
12155
0
13778
287938
131579
762993
2155
13103
109
100
8300
688225
426032
219453
251
40340
124790
184733
6270
112564
24322
53211
1252
244900
429858
389259
387312
19831
262480
378588
86196
185185
102933
187906
92161
79847
67032
746621
3112
668360
227697
228206
212465
167077
3314
84850
680882
52592
549598
34973
96633
50292
43669
44
0
18262
59875
63226
25895
44801
875377
23810
321429
658394
37742
36621
3044
722427
328425
4944
864212
2815
696477
402742
10
350465
477051
95146
6006
60225
26761
46635
5581
28643
39350
859039
838556
108544
120070
72048
226599
51396
631014
34263
150379
667554
106
1939
6357
5957
19237
128914
92836
249879
52423
86484
417596
398182
0
3662
288072
232899
194854
21415
94116
4240
148087
25953
788390
237408
318239
215713
236896
41535
276733
314750
178989
17337
48274
733708
68457
38296
487045
231135
2903
556906
337971
238605
327037
393059
151461
109088
7067
36280
195716
6766
238542
2416
84981
13942
54208
46
309037
28893
87633
39780
220321
393383
240107
80056
301
65780
447450
40859
132
10563
972065
247189
188423
192857
13340
81961
195882
54551
227037
420522
928798
0
338791
58806
91495
83007
479810
39732
104830
17404
14713
863
27442
71238
420822
49828
31115
220
344697
200568
121277
133
50882
66966
397328
93649
760199
1034
620952
462312
18637
71499
37775
123695
56236
560093
355838
46407
512644
96372
573
24265
100316
1077
568781
76859
362
802848
550381
112170
370458
97649
155179
6257
173
6004
37951
167346
335661
110951
250538
91444
433561
22735
16795
574732
813
3282
14132
605119
57951
66912
23777
452359
298201
714630
294075
92964
720
37446
132501
329926
733
877823
63046
13420
90890
99559
13280
201073
375650
10778
409788
243379
427870
181210
31958
130139
366237
511337
117629
19434
494773
6432
17839
163748
50125
73752
37759
17269
180716
348699
499832
17
107346
2601
61831
6338
282141
6877
604926
61306
130198
2941
50138
248467
383802
230647
305396
43508
197
23939
99550
497251
270578
111845
197703
79852
38317
159858
4290
54084
172241
18076
435712
73924
0
19000
11674
592390
675518
1104767
153959
235105
198379
370
78962
4269
247353
4264
1452
62542
22422
15068
620242
131096
23141
59311
300441
24992
275082
57
61330
32810
8392
187954
574241
198410
67700
93381
344551
588
55412
204
56406
116001
920
72326
659996
316737
23716
63244
2480
5478
8595
27350
99505
41028
386130
5024
321999
102560
4916
10642
33326
5891
24180
110055
243426
304878
8984
340641
91240
2596
1457
4668
61136
224351
5263
291691
471315
36825
478468
104368
6217
507329
511755
96160
87235
344647
23031
69421
875361
315535
334957
18302
169300
845186
392761
567943
132879
22985
276946
14881
408088
59505
144053
130730
261722
887067
539095
34922
668704
127289
660473
65542
47647
800849
82106
48069
102792
587
336023
502127
86363
359747
233354
545145
163222
369
146
815048
348772
82902
132406
223492
40761
19560
29284
148
194789
162637
105951
36212
387948
352
30864
13156
512525
128989
28499
7864
3243
519681
400732
15408
353140
266961
97151
9
609187
332771
21503
2736
41991
27276
26996
257427
130019
153016
775715
538120
68795
13489
62764
5950
30262
24
327337
121716
77275
29948
172290
242522
72882
81729
288446
836118
212055
355829
60540
903162
300583
76588
334383
6160
81009
450317
566431
4341
60910
28661
147060
23629
93327
48878
32549
1117
4489
222820
180077
303497
159226
554081
20492
825
16675
48518
51470
115
592227
17174
84342
63287
72096
15280
9999
338845
219232
118133
10
1894
68290
482554
772277
71833
229926
7049
240080
172834
177554
67158
38228
975447
172314
19315
246
74938
29
249906
193015
533798
506200
147389
383476
12993
326974
17726
12872
16010
541428
719191
482270
744632
337452
10071
67759
290605
967761
51294
6435
0
82536
269423
100766
653496
90405
61126
14013
373009
184946
316438
46335
91556
108766
16685
331931
569806
259033
88177
555
23
428352
27933
175130
1229
870
189311
75248
521371
297545
22807
421225
0
538173
471322
53585
16038
43390
12112
90462
584755
175907
16546
152264
309374
233080
97014
525
66044
189497
502405
202801
148172
3889
475615
189626
19728
174859
438
537
63884
514777
8364
198916
0
271568
3209
187844
16487
7677
217332
82647
774
237217
59417
42125
3724
139081
1213
3267
189
39493
1333
577114
248725
4894
9236
25164
47237
20582
98316
64906
62469
983864
627809
427096
152594
51756
1616
249327
174207
219572
626307
65026
294611
219301
315627
51323
826976
9714
655041
51250
158361
74826
25963
472679
271430
39951
12733
436802
30105
19615
781956
294130
13955
23674
110
134342
1464
4375
24927
30988
1137
61947
94318
16166
1475
46150
861780
800577
340581
158780
69926
88823
49611
122118
40941
7658
31198
176947
132878
30694
41264
444642
360
37983
456527
5148
641566
164941
4063
404613
771192
40871
280756
173472
272215
416960
1427
67042
2696
100
85806
1514
619844
162726
396677
33105
111787
259
309138
64
80238
118711
132069
30781
11353
651707
2082
641
247971
149098
10398
41607
14708
129314
737770
755008
17778
22333
201
324074
311361
210
522771
53441
780754
380044
312262
483445
247861
370
6635
6856
18850
89630
71090
62373
744006
602925
43016
8455
6109
27822
51048
0
1939
2631
682697
11341
57673
119431
381533
15607
28103
235548
236583
31873
228266
87768
1156
369025
247506
847983
33690
38119
452168
53735
162986
600687
324233
0
666142
865216
505452
816909
306467
15950
115892
173430
90051
4724
14471
2574
5397
37550
34176
5732
225319
84723
436395
205803
400169
92479
214241
330353
44069
1859
38673
9544
7770
164088
1458
2845
729247
48859
267263
366934
179015
404959
91961
256
259
166820
42410
116952
571172
74360
220008
256349
6754
124818
11318
194774
158351
9
3596
18809
33465
520977
194660
21403
2536
174255
514301
21851
77970
24963
1371
138141
10380
108224
1515
205180
293165
116003
483244
175
108418
10763
2446
881371
2899
710189
330742
302790
213718
30
15829
244451
213579
73311
979123
1028
279791
13247
276911
209884
42932
187870
4273
67019
68452
79547
34022
11880
275972
193587
59098
135766
628
48669
278410
2875
57112
13589
797985
290674
164345
68231
73021
631277
636
4418
870100
287576
49984
151
23176
124420
186275
80373
23316
91720
56493
73989
72900
102491
244021
265648
2414
479
271884
33383
5469
20381
420043
9
17103
794804
3946
545164
992660
3325
207559
17301
5671
186453
21087
34033
252728
59740
491640
17052
208374
22358
15987
41433
8909
692
370097
496897
460671
446685
103914
7503
234123
316403
491040
342130
585035
66611
301503
180217
586
311370
477006
247836
807423
80708
813739
446499
23534
16241
60892
484126
2184
53742
61343
110753
116218
457802
282734
20241
8187
578861
558216
197357
771233
200667
8282
515044
37650
8287
27886
2667
52589
493879
209279
708453
47738
721674
81305
47111
32489
774323
408040
537
98079
500223
0
24584
389642
4107
5682
60806
210063
834091
1224
163659
97933
25014
395518
52664
374971
139753
425
81998
486787
871
6912
7704
361938
81129
61447
224130
286230
5175
397650
49689
337264
115086
462882
499302
138878
305372
247287
160642
25700
328830
129272
481693
820907
93004
34121
194891
1005
180607
20057
454516
238645
134579
9063
9414
57599
450261
2264
727037
556676
93736
125262
349030
65134
79010
110841
181545
101988
5972
7288
219274
658999
35105
123035
217032
1015689
326935
267887
84311
44651
265827
6549
743826
67945
54291
2570
76110
346241
1789
10426
12622
64
307782
265214
1827
78747
46444
40676
526788
582881
638
205606
13527
107280
113440
454
0
2710
1658
175424
201087
8609
6258
8979
18722
530512
413857
387450
4708
1946
36
817566
143401
343688
49839
270439
79537
575519
476836
4544
20142
238
314173
325577
22317
44130
217812
139698
353415
18133
3755
38145
47252
14567
56472
381822
119546
9279
32744
575495
56339
14577
297
85931
25598
106519
176611
167246
2867
1566
747828
30126
5916
109130
690896
586245
872462
23727
106695
357516
6669
299534
259192
17174
35843
113627
172080
7698
113421
180
837767
69185
14899
184576
531313
774
20897
117310
633447
73494
6249
367298
71316
111598
176189
20713
8629
135344
202884
225709
164
2382
22283
389573
67391
2547
86862
506663
139207
267235
0
15717
14084
738085
27778
61602
66102
172432
9559
434336
283
35677
131609
0
5145
42559
20201
97086
21904
44997
11206
109866
33611
308958
696151
199198
92829
49139
117
482249
220357
19
41914
8968
134193
135350
14541
35742
696358
415638
4192
725829
351575
8427
16592
245795
153162
1019345
21326
4080
5779
498006
171936
11880
22971
172720
54061
95065
197839
245966
34486
21209
44014
31010
387512
15653
0
522683
230669
44247
54722
46456
480116
13326
41
887473
181287
658
502
527939
11108
30771
4523
698501
907
186206
40949
19
1553
111987
23284
138929
716529
499714
23947
214216
261065
567538
56508
30239
220755
8045
88183
146087
1206
38711
165562
769792
512728
51025
210376
135379
433458
63639
2232
792286
4224
274283
508638
41419
796887
766030
26755
59104
54796
7641
31005
412202
559840
1754
61250
5626
37547
167099
512367
195774
0
70097
18
15908
24875
11738
29405
2163
11124
40718
693373
417
17755
117838
2754
11868
202
144024
166105
948293
221545
10949
334505
666098
489118
46336
174391
47899
29
1103
19068
23044
153455
486106
879075
624158
282
192717
12630
505
249087
557092
56505
251431
615626
152543
136216
57884
718495
143335
788746
189383
45109
652006
26574
486066
593
13450
148966
66638
256606
2421
1024373
170863
914482
9001
306966
249032
368669
204472
115699
84600
13755
956967
5513
9617
4642
766636
284
699121
1364
7793
172778
134417
624099
718140
97836
823249
16808
103612
5509
118455
611747
17888
969824
9598
247550
4412
112417
25367
393620
299189
838289
20869
102238
326959
471698
12861
913
43870
96261
412149
24822
33764
4981
945481
2807
327
236140
124671
722786
63839
117087
214302
154564
99315
226059
176736
642429
40332
487
10391
179790
52641
137277
632081
101229
3064
862365
256868
4016
2676
1697
27703
195099
39477
143157
38769
76985
21043
8656
564942
431751
0
0
194813
2620
44071
13648
31009
5264
612391
276588
347
445165
1138898
88
37113
2417
0
258560
77031
152202
719
45005
219558
0
360436
191141
498095
346977
49195
4312
284461
506
978237
259
14330
2478
14829
122088
96860
128434
73161
57162
33013
690873
49268
36771
87476
41422
939619
37207
293445
416460
95676
277194
12227
533036
435097
671592
132280
11070
188599
214
246454
183480
29
32323
98079
20171
432775
940967
4741
10
1182
378399
52897
126732
160189
38230
27209
10338
254282
242866
95724
124888
178135
805987
49469
278106
51194
15502
30858
4665
903449
172112
133653
13001
110632
1199
464563
854167
294618
45023
247975
79449
875033
487854
301307
166657
89598
3473
792191
165809
8622
811571
927
238
2555
23926
30387
133053
424715
79510
95276
5274
42607
813
68573
483057
892969
164712
273
467124
14847
21343
19153
27956
108555
286042
53710
89031
311453
208581
4727
134239
41335
345584
86005
657916
250
31646
3900
53853
54212
110313
9736
319756
81
21974
23900
2462
186176
129767
424
81630
651715
573083
47284
16065
117
662145
955
350589
330169
57036
33585
51326
95123
178215
29
34153
13788
99548
441438
287059
4831
389141
6087
4607
11663
693236
755170
8269
284214
38961
1330
114517
577720
889747
0
0
110422
12166
592315
214014
199549
14580
1088
43404
125237
69568
6619
554849
205424
0
89261
58122
123771
61122
703412
61330
28024
5084
1090212
613625
19122
149631
129711
0
18045
866
1680
595013
169543
131157
975908
413698
234
66289
132094
24497
28538
638216
843649
223790
59265
121657
108363
223188
8727
36369
58409
92
28578
228990
52798
4189
19958
1455
10026
29587
69908
281030
52882
66132
2029
25045
3959
176275
439293
573783
79750
88194
3462
32525
32113
603768
3620
586201
2161
261418
3979
205867
2487
384168
308755
7081
16683
19533
68876
7
68547
672407
62082
2316
21182
638737
3268
85443
472
64662
11462
19850
89605
1505
159
732
17708
80624
373
63788
80839
367215
54635
587578
467001
35373
1031262
30876
80284
171817
50840
178058
369466
54056
3175
2500
111166
610
29824
55084
126118
19
135141
324693
278718
35485
5872
828
647809
12049
30267
19300
529
48480
178469
273877
875447
282463
778740
17
48596
416473
56273
85128
13368
361472
143847
122494
419536
4307
50767
164907
43142
1053535
21871
4642
18916
105537
152290
3177
170921
303020
3595
17581
13838
461409
865940
912
510
9
710354
661025
385574
325002
538673
68366
732
151275
1129608
227844
358
472
5922
20560
17571
231212
287620
775608
192
276939
111036
73054
26108
250535
598176
173354
36957
398
130078
188801
207
94668
1186
19421
138675
541516
801152
25086
204572
66957
7553
652
245914
35436
295501
54389
1100553
670925
6808
100084
315164
326740
709
6347
180358
215846
336373
267595
5069
20895
11585
50827
117398
5130
937
233452
158650
1736
7145
133458
5639
50997
475480
34194
396895
457067
248676
175353
14155
132771
12946
331225
69471
25788
30097
364818
642
25459
4230
224986
825615
10700
241949
184830
51652
308496
74410
2223
241794
1985
166039
1353
351014
562084
15209
248
85205
151710
27565
223299
9
161792
11
30408
336936
5416
86852
188770
216787
1124
13979
8825
26520
145
197154
52580
220
70230
85120
134609
33776
79336
3244
282665
455368
28784
45926
156967
172906
196748
707899
92
193432
174337
619896
337934
912
438514
418044
4744
323892
11417
402600
80987
6602
413333
0
9
369666
37581
38463
28507
42272
51689
45
1882
107720
3586
726150
1030292
109
493025
33777
7760
307902
232804
115811
504388
1790
57428
117498
123110
79840
76854
284064
16132
598165
154784
165532
9
158010
837747
3249
118409
66934
203319
112166
192258
15912
0
745190
9145
306874
161527
365157
115721
49298
49459
2665
214262
130867
24390
11089
9013
338332
60695
72332
50331
956650
741701
279626
479
39504
13293
641238
32045
184218
227280
59798
70473
416413
4680
258597
20641
260776
13323
81158
205601
136828
427232
37636
217194
79862
48923
11016
361728
67306
796084
155663
1080888
667013
966973
55854
123402
13475
159684
62569
237661
127643
49418
13910
255093
183016
4676
12709
43180
136743
121940
27618
35341
73342
774055
5850
14998
17436
22608
125818
30007
21831
104299
49745
28863
733170
82213
1602
5400
19
28120
354963
594333
117048
159907
52943
443372
1971
91603
12852
78493
242600
18814
137015
104103
683182
11330
130200
56648
66377
381492
128152
900352
479929
46583
26805
339212
125513
81267
0
27598
138694
110616
548
646930
774
45
40406
119
150961
846915
7342
108849
67399
180123
146500
296
452941
4365
60497
49861
204174
871576
29621
440516
196
6164
368686
73440
299262
492487
294123
75349
60957
200268
23916
97232
764081
95669
165447
72566
10074
697545
250574
64729
332408
95613
280945
1038255
302766
510649
231340
195118
128408
60928
0
623771
190444
3427
18799
405697
99976
507756
451765
846882
87411
87394
162740
37
157
135482
8199
414670
72153
1236
533781
97413
656
12455
95279
15922
546577
0
768253
570377
11424
543711
28489
593208
756
603783
18172
7519
260828
12141
762916
237966
53
75270
174855
19293
164380
159
71767
20507
186
324421
13953
22277
16661
40812
826
11843
249660
0
906562
16343
32939
1070737
941557
1610
1079
614581
201959
45891
121508
713679
305114
52695
190714
354
28906
422379
113804
309934
5835
9185
25941
13713
62094
21901
89834
347935
114497
16498
1984
947
256167
124757
46144
724
39100
5421
171914
86997
25041
139622
93274
13938
467
562457
85535
246143
59783
0
127441
884926
24400
587
217825
69354
161740
28911
75520
130266
6125
174638
11564
361203
116
34524
509744
2198
0
289619
558688
285586
54832
57560
215341
198359
877218
19329
306936
16441
406
529
5007
1548
737326
901602
17
110576
2649
119051
3837
62738
368974
167335
262691
168800
334528
353029
400044
299815
262643
11910
29
77127
410
13067
150302
745638
24820
298324
1239
453941
93685
111499
197809
249089
727939
3172
1040
16675
13070
448951
42359
2861
32926
120372
34766
72647
170078
990
178325
9367
170265
283412
21399
482862
443
49773
434
9438
119551
433164
20653
87192
33369
32210
63248
1235
50368
658677
4656
164505
260060
654164
250281
26740
318076
234182
589651
15720
4067
326599
11431
153982
301888
212428
3405
67608
242086
103278
67357
3981
45103
3994
50231
219626
22926
384683
35165
91126
223087
385629
25208
21598
282530
8919
11525
140192
761
96104
74466
43793
90163
63654
520313
15089
326795
64296
564390
841530
3754
317918
2751
8519
1161329
105453
57084
29067
19639
493545
601125
903426
108
145104
26981
350650
662869
61266
132120
127414
270311
110434
13453
68354
9415
1061
436781
188249
320227
385361
290839
151606
4969
93081
447311
11882
509404
0
447242
96627
750302
77483
88249
139660
4983
18644
306204
60257
66694
931
218661
415010
269619
251281
601242
249686
404066
23569
22294
338608
62689
16222
680314
346200
145422
262226
34362
113
4347
17393
54465
235559
54982
702
282549
49026
261826
62608
5055
125443
802
2921
22868
2836
116218
370430
5538
139936
32095
212937
18740
123355
187646
786012
151774
1009
57753
15848
206461
511722
290281
165235
203513
678447
423707
133192
15460
32919
476880
50713
168718
78192
145314
63630
5717
11158
380849
545855
19956
254477
202179
6140
46157
648173
21270
445692
310458
15105
601621
101344
21741
14968
23664
436206
41618
567738
160944
133219
463499
48352
50014
265602
5235
2799
6856
62784
65332
387935
2504
74556
523824
89534
7641
682205
84501
156596
69487
680359
25184
14847
532112
394088
426321
56346
4031
33361
70258
654038
245222
34492
211508
371030
56044
341887
1105
274
876
444069
128393
265490
416192
249011
141453
380043
10062
114515
9487
91826
203652
5771
123641
40815
87356
33291
136372
8850
35653
612437
483429
20798
715116
266
430578
6010
52044
40997
463751
37291
8677
9441
130067
16313
301336
215059
63489
5382
272686
60091
493682
4744
2968
66
466
233414
73104
18528
0
50595
2735
695942
202384
320492
785528
1320
14994
395936
9270
77798
166816
6202
3286
115380
308775
87313
47
173018
278168
45485
51954
453513
27917
577699
129955
398546
187977
86265
46572
224405
279498
6354
101489
5441
59280
145425
2940
201007
404004
931134
12168
415288
334135
74793
51532
85518
173880
1832
360770
181766
14026
947902
649904
176608
18814
19215
161288
11786
70610
171914
4587
552481
270192
889
228852
175321
489842
1864
184172
12449
59772
17705
3610
546032
85145
83853
73697
1003667
70379
530403
350881
505379
49406
204530
5196
330322
0
15561
357539
5345
43563
407738
25514
21
109996
169080
178115
616394
47332
345
160792
473730
76479
105223
932732
5650
7016
45339
155384
17349
192264
529371
686123
2790
517
18656
8890
260
7772
14607
28878
230842
151369
89742
373123
17410
25704
829
801503
9158
3721
164750
3796
8188
77602
19174
241195
219220
753729
468292
215782
368160
468809
258270
34164
11379
180683
181634
742539
436222
132563
428556
82192
9470
1211
308326
295856
68155
51573
7451
22518
420828
152068
15367
19245
218489
492036
381333
100
60450
4744
17540
1166
89864
29053
460
381635
41314
992590
275287
207626
380509
26970
209297
10274
0
116025
84929
38366
3695
385083
6213
129429
6141
354366
30255
198
120397
11131
10031
240848
27390
330490
129632
74368
0
70473
368366
18977
397874
37
27732
14731
352156
4197
200677
34856
173716
3571
396328
437558
626384
21000
9311
177756
585282
24228
3948
101937
18755
2689
23177
169763
481804
669249
354274
725089
10936
590083
111080
60603
85202
178928
149970
150938
68896
3702
29294
125825
159446
5869
531
45282
5571
765045
946762
613835
456088
6933
56963
0
7761
353180
384837
575849
443
3602
45406
33
1020206
97281
244289
293796
484161
5282
118540
59424
177844
11061
293835
390816
5624
19
603618
15380
459047
28422
48743
311549
431085
50157
232533
12749
14267
112285
237775
441332
916273
45696
27276
131589
133396
210185
593009
291043
72877
172662
29894
370577
572631
102969
6457
190175
1624
36740
76552
137639
11551
457916
163767
68536
333357
688491
640294
19184
380
711799
245666
337791
119326
12814
410603
31457
167920
506259
103425
306
743098
81505
188636
98
1207
861285
25224
1008245
182593
5145
28484
624369
351983
362063
11999
34233
835944
372306
3009
19
81711
30824
31992
179179
960897
2455
8780
72847
435350
255218
7022
5444
17
627213
51271
628070
604346
24064
0
864610
170651
473252
9
10313
2323
33578
18525
4221
150
237970
7544
6602
362520
246646
7546
909602
767992
101350
119207
47844
7212
29867
16167
122859
383332
48702
1576
105272
11599
0
912775
303308
383330
42697
411369
690064
9
22274
87942
455926
941028
3829
57114
85078
20364
81582
477903
410219
2288
385474
102
73
4355
2931
12423
35
93323
283029
92414
88496
101173
63667
10887
115613
220248
329252
448398
422594
14857
423043
30278
254151
300090
5353
177742
332
1792
161832
22562
38484
25299
130
401045
14387
64577
439037
671238
188017
83040
346525
128171
564
13077
373116
105583
20882
36387
5519
674422
178316
128950
209911
134
162115
33087
354196
375606
34317
121808
585836
48763
71864
189502
45114
37943
211180
132051
19845
160655
3504
146887
64155
35506
85311
466473
394414
5273
229660
333671
25732
456012
1289
11210
126247
81711
43197
303
458838
290
63995
55894
207015
40478
102493
551493
21407
144808
305356
2484
138950
168459
64577
104128
40893
502949
72370
552615
736418
10610
5121
33064
1005497
7805
144951
1505
176743
39415
608414
62166
368801
81820
42865
637
104825
128795
213775
590687
83058
1956
468294
225936
8842
99225
119967
247382
443270
875
9137
24641
87459
35958
52321
3472
305001
222
14674
156757
115955
229631
45292
126786
6524
46369
518621
162685
39813
142972
461919
100481
75936
169319
144604
536522
620293
47039
13247
919
228774
218754
120993
20796
35561
113508
946
72245
365703
190004
1089282
532244
12110
140843
681866
818
318936
284977
235198
32984
241734
547
619804
63709
185560
708
8892
73363
379421
980552
12083
709974
504916
673926
76686
315024
172685
78798
28677
122611
19360
18877
276
115707
198205
582127
23016
134
13742
72663
455177
120973
500620
357608
328980
90
300478
165887
320146
413121
189832
31229
3242
58208
55439
530139
11461
95023
1925
32542
125825
239477
98395
5800
31850
5826
46
2744
26130
354502
7024
106486
5020
12
5421
12553
249399
151463
11827
478640
37
54442
414941
18797
500920
577797
845000
1828
84001
152137
80255
140977
67614
294
540281
220859
137161
111349
572119
6039
86347
265009
478220
141356
55976
4276
2290
738616
164801
242367
24084
7729
226425
73
713586
68284
486332
22850
166842
221172
325815
80163
81194
328227
0
51758
788105
246683
10588
815760
331859
668866
204835
1003245
155392
654758
46298
425611
159402
252716
8
2438
14430
515002
10630
56983
112339
704121
781813
423280
21515
63418
467052
25913
68055
49498
574237
290777
737022
445409
2299
88013
378219
25940
601856
551445
1148
39755
117353
1841
27061
229264
41108
233807
65505
515509
346119
528115
518329
220834
462067
360
504
458275
906875
538533
316
234726
13747
760
347207
396630
46058
337806
275803
30406
36198
1025167
53521
129539
213486
37023
650076
9443
878594
1737
96927
622218
48038
31138
361735
606322
742096
136855
608305
122
521747
233031
111904
11590
759521
860836
98443
225408
16751
700583
452583
93559
1551
61268
890000
23075
346738
109022
216010
350443
44433
16628
33318
54084
224545
25725
52144
194311
8961
327067
106726
17524
80
894
107848
67774
512320
166469
98982
199997
3538
545265
44534
317040
773029
75966
460026
578815
17769
119513
9455
561
1217347
85
174238
327014
150761
54243
138948
75063
325024
1503
25567
379564
298
178560
129293
192982
21074
248182
7881
25689
61311
0
2894
0
10931
3841
108248
96046
1767
956134
262349
193227
811916
97964
634668
143803
189
47346
343276
8967
4587
28432
263906
198248
18007
599807
408949
622019
20880
98616
9
206339
5938
501
92372
14931
1999
110275
321299
85783
47220
768638
611
6194
94577
327056
12526
99572
1666
483661
270
51234
162234
360253
293713
734873
147541
165701
5268
111013
89904
11588
8210
141530
44859
7246
75754
723511
10212
188814
708
3353
993
159798
67274
91772
12285
865557
19554
564618
52511
159541
484028
460502
351
175337
1202
3275
145198
6506
670974
78770
153367
17556
1860
427783
89547
945602
2157
303219
136424
210095
54736
162320
287575
232447
13408
207518
443908
3330
54655
96035
86185
524098
95105
114640
270829
156753
31567
71371
38560
26817
2354
33068
400378
185501
54914
144867
28306
181127
200178
38689
741342
901784
119479
181304
78807
70657
20509
21202
110431
675707
0
38658
19900
19120
291950
0
511428
125890
189474
3209
493998
208571
35544
12876
252
150878
82776
102179
6829
27201
753
65951
5673
185
51554
102416
98129
52005
455852
131265
104439
125270
617809
29439
1006953
648607
199592
564674
10
173946
15833
102405
277
469848
44539
221289
29951
217526
1047765
436385
99871
17426
391949
121639
86736
114365
37934
188812
5527
7859
86345
390319
2731
1006
510395
467112
6028
15998
38985
476330
21658
6643
171816
67225
406
396840
452696
274349
717801
198780
8185
46920
115690
396532
29
621703
140257
54737
44922
0
13185
601948
4244
15800
660512
52526
94798
12985
39555
31288
18968
18877
43723
3487
32650
278332
215813
32
95
56750
80148
21714
164
1083
143288
1182
298774
8183
54463
612664
270966
219628
772415
56332
31600
2438
183921
124315
3805
89466
74541
80687
7157
31647
161762
13212
476600
44851
7597
6819
275985
357181
23458
103360
169160
239001
8632
120157
1188
429998
34949
160937
175804
657
512732
591097
195200
149564
14933
0
293414
29375
10126
326183
17787
0
919229
30
88442
33854
291473
967505
74224
465175
1186
484
17527
17
465
5725
383387
45134
9032
150272
145506
5319
52024
267
143818
270918
205558
14993
1262
89783
171188
184484
161224
71656
1299
568613
96602
566129
219324
900264
46
1560
5634
19305
86209
38655
151695
178424
618
4042
13172
295739
389524
44
59778
79514
110301
405105
409872
514251
1992
56889
309674
18643
178249
849930
1978
85326
136138
267292
4612
102715
824
416123
20779
248804
252432
1159514
133847
14974
347327
408
509053
9185
599788
527
33
6383
38403
257575
7933
636071
347651
93798
53848
523631
254663
14335
148113
515
323238
218405
462923
2052
49596
76960
512162
995813
113997
77381
106156
417
928
347766
83660
557790
40094
221738
97120
136433
27996
314663
185507
11443
3494
275281
90329
486635
547207
0
58427
70981
864461
213
20614
200811
986837
129073
162326
180127
624462
28071
558904
63876
70884
383043
155202
321741
479082
109481
851563
991317
203267
147377
378014
88362
489649
76206
50070
44642
279811
234563
1164
49042
295333
540
342686
1021411
6511
260175
521901
10604
7161
80285
78873
189727
132966
159206
7889
62183
52897
18163
59997
768386
361084
53533
143770
474
48924
138608
774
134273
230022
15796
143352
42038
273231
4285
80149
325227
260603
43275
155289
305598
104693
114092
89854
151711
0
529747
41477
310286
325261
318256
382234
111866
100379
13647
335267
108972
134503
271695
38848
149466
408468
14761
77208
50709
350649
415909
147022
21905
29000
109900
4335
348
1569
47806
5444
612134
101830
5278
804
454270
199200
10241
99357
628203
34555
496899
1665
239
13301
56765
55413
160048
2747
42658
200
19685
27982
174622
137
23604
238122
79298
334080
179935
220379
291211
1134871
300377
375039
123033
0
34111
507244
36799
156793
36703
117069
175380
204507
265706
237307
499358
85425
2863
247
279280
600741
1596
81222
83830
32407
327974
4262
29677
2328
32
1137
298056
34697
114686
298703
395267
487306
243360
123761
327
63067
21425
234693
95137
107992
288724
171008
181887
11002
345725
28577
251033
416008
125634
77318
351445
633613
858712
1155681
510318
200264
182
320170
241188
389894
280052
449854
29009
58413
87589
467447
183862
52752
393627
16571
1424
314804
12378
25493
9
2827
5078
107719
21502
14213
265108
155784
749632
173630
984933
3350
314762
1495
35947
32501
109342
191817
7609
204066
1984
342581
298
62907
7664
13436
499520
903
11058
827
356757
17923
4528
641
50670
196889
513855
35985
51857
44867
26
277398
14871
74497
33191
38337
686584
87072
225546
277289
138045
693895
89974
226071
175655
6439
100741
323
96281
533367
373679
40805
388264
619991
505354
34019
16744
922164
12140
214237
105299
251601
3607
66709
71613
466697
140155
20464
461
99371
735976
242814
70
15052
376991
37569
54919
292789
36014
23109
525673
1174258
208099
526980
47587
668070
1176
483764
10818
444030
22854
41105
697
279717
340635
554636
35725
138
54593
201408
249933
153752
13041
2549
70662
344639
215088
812713
8634
439264
437883
352459
206668
5894
118475
17823
301656
602221
185006
776
256790
290467
397096
122261
97503
12817
460953
644110
607573
135784
20775
747535
0
106945
456588
394270
143598
4516
223088
605540
171663
1159354
8579
3470
68810
214258
751684
7776
215727
151860
352555
83251
144431
59740
580443
1688
62
190581
117287
196132
163303
473077
579987
5168
42219
96178
50692
82116
12694
61422
5424
226820
647828
56537
172280
544241
41750
429
1031929
16292
220356
45754
15144
68148
17243
101509
639805
1123141
420
21882
48916
21628
67355
134334
284560
158602
287001
186917
5508
5231
15855
282540
283503
55069
20788
84953
316405
68500
34571
64053
27986
34045
55864
34578
18912
18057
161181
81989
183874
758
623010
434340
49973
43359
626248
448
14483
231301
2722
90476
18426
165229
97672
321845
48160
211904
570989
363649
8753
51988
110
148
732504
33444
5541
731
21725
44
16505
93740
916637
1112024
172675
482358
843031
78789
86
398048
261
667
0
35028
187683
241181
929075
208270
99460
287791
2785
308
5650
203588
293156
101499
47397
190271
23580
182079
45365
534304
25076
50776
85680
41382
287684
301987
535983
559684
708038
827367
253861
9
618870
131447
638251
85537
30267
0
566585
324613
5565
117008
645093
509219
438036
64249
48820
534270
22601
48088
93136
37093
731248
459672
34950
304400
392226
156797
11803
319912
221831
4377
87747
30733
6091
309922
175650
156642
144831
389076
12495
420934
1315
122615
23077
943950
2845
105
382265
52429
64070
21199
10180
316403
9603
260119
104979
263242
9
286431
259557
38
25685
239989
47416
216509
382218
339419
527654
19586
68914
46281
245180
10559
289285
111243
561989
8378
0
219172
222467
18544
208839
232285
589
234349
156868
117310
21899
147176
258
494659
42997
917065
44
124778
417630
1067199
76828
160
759173
1074508
0
2646
28353
17096
313298
1310
24618
13460
159565
118015
17
3927
123014
109276
318571
284677
691464
454027
766963
6647
406462
192077
782431
5913
35519
125254
17194
905
160853
14645
19366
253
33586
52
108960
23859
183550
591201
278920
513868
10
195215
3430
6758
71758
44518
181136
126900
10305
147613
137524
613209
37329
4935
110009
132148
786861
333253
6519
28078
491902
1689
94743
64492
15731
603559
54239
35952
18464
9297
438570
64311
465
93361
997433
1362
131638
15153
140788
154898
171457
14189
52610
63066
247686
448956
301503
1558
139535
13064
294567
360540
21650
56
720
34815
237311
123889
385715
54855
119386
794095
124121
186923
11342
614127
607
254708
81
11173
131485
702081
151632
9866
30246
270991
253314
104727
466138
198481
83499
610652
742537
381939
321932
165983
225315
58811
236733
481366
317507
180916
230080
556837
86601
82467
280979
818988
353916
22254
247840
536901
18050
804770
110338
58717
90734
37440
126727
36361
3271
748
266715
841529
35540
221951
67859
43565
36561
442436
13711
31830
343110
626
162099
19526
92391
437806
46896
77493
160492
41204
48627
63479
370697
455516
55674
129170
0
1577
886263
5010
21533
30950
46
17819
2942
38
326596
14676
49956
91247
149638
416815
584656
392839
65441
182051
6558
43403
586420
46313
574315
695966
5356
204836
164451
8791
649229
584532
5760
14737
157432
23441
7478
9182
65286
640516
62850
279138
48521
832805
385235
303286
374098
75428
18681
53691
6384
597086
605131
121571
71460
181778
35980
494120
290904
190312
56256
188332
267120
37525
140298
434419
453468
662837
9964
16021
240557
157199
32101
53695
17834
63494
131296
89
9490
350982
4753
159658
71355
309177
881277
413666
39596
235109
42655
33483
95537
121
41762
171199
34984
190408
8204
214
151121
0
50
23820
24972
161595
27354
66
303093
427759
341862
982647
132178
36775
11309
715237
911
273475
106131
203695
112975
3008
386615
177067
8532
268487
30167
0
31315
68964
158126
3607
91899
4472
570274
116337
359678
564820
0
60324
99034
795024
6437
122177
196841
252879
89648
73250
322811
254122
649512
265553
51930
138435
230
2566
4650
77448
167455
223534
10071
189686
115625
446933
213721
22036
507984
537
339381
87491
45903
844587
222178
39137
0
492392
5410
18475
18252
130565
28427
58
543189
857416
128208
908517
16119
926762
1629
470972
121914
30199
296981
111837
18276
137482
43336
617270
362100
42106
1286
227668
5074
31074
40561
961302
32691
157599
18765
476210
288551
139889
448912
805829
30827
693040
87108
97681
283950
214275
341940
41680
39332
27369
347266
2741
6142
63350
501343
84679
21999
44794
15954
6587
415628
12678
82170
7452
87
9565
11804
260631
180
792530
381
157642
651659
13988
179627
5884
7673
477607
147461
1648
32253
195530
51062
833
255385
26762
85232
681813
169670
545113
5020
48517
34554
2041
98720
141
237456
885545
38687
946002
30782
435231
99545
3122
374616
260602
56484
13876
201208
25024
170808
91208
445745
23171
885211
39638
54877
8320
16446
10859
366599
53104
82178
323
43142
805890
76428
1399
607477
149323
463956
547855
18567
152739
618302
13447
0
164735
804121
118949
88001
362517
618781
32810
241892
62870
13435
0
7782
0
271670
638857
86437
1507
367360
141257
337007
5074
36446
4771
2024
65077
1524
508842
1420
600162
610163
51313
287329
563
88889
399586
191238
157349
186249
234547
145466
255126
123943
12628
428967
15137
347824
174928
20463
73088
824983
250714
330438
508250
787434
85161
390370
766
76058
218991
78036
443418
255408
617864
85679
262102
216555
21592
290845
350211
2807
42796
76336
4861
12382
27730
276590
19
48828
521446
45723
720791
1956
307462
30667
864
154025
15395
77514
8912
273293
6084
207072
304610
136381
450175
211704
184
319679
90354
1006472
1130
1350
35568
155811
4075
639192
71473
216278
43527
3158
587117
46606
9
163959
98814
4670
116789
34125
171950
723094
4981
0
0
214038
96393
5789
180898
18105
387059
667299
358582
4213
45487
4813
3368
947517
256174
28719
74309
0
513137
1396
508741
7135
286546
95
69694
15385
17568
17255
839
359657
1556
223161
505536
179139
898547
611481
34798
421713
52060
98384
2223
18314
274765
17970
415927
87855
201134
355631
5299
6098
107
609827
155946
893751
799546
318484
37090
315257
10215
26804
4508
7558
115654
95899
49494
21763
783579
188553
412650
199340
476244
325
7020
433534
1293
87378
16464
1867
101458
291767
111106
84040
1104125
176828
72336
22628
5266
9513
67963
16757
209910
20169
172472
59927
31976
77345
640510
112971
7303
143275
1011010
470490
16154
886
16452
19609
27491
574296
496526
25831
196751
99024
3105
91175
422684
32327
99754
395094
613
76518
42695
137620
666273
126
34497
741
113120
231271
14061
294315
0
277749
251906
41226
1182
19
17
39792
6693
128637
760081
29
147573
747705
4955
8804
0
50197
709442
505225
574243
173458
32792
172970
75035
17967
2085
82368
160311
626435
931221
32883
84606
14960
132567
202204
491342
5403
1040273
88589
159247
2159
477434
155061
62844
8532
99739
242371
453122
5166
30077
123193
73217
259900
5424
21993
148315
901547
6907
16637
129580
833290
1093133
37895
290375
139289
3433
323
6509
61910
15215
474
42764
11154
191562
220496
528571
409518
0
137611
349678
131716
56463
358
63417
32034
120013
150332
408312
998173
526
5980
9651
41714
76354
153468
664
282144
92553
123626
435448
56939
26761
108783
28334
47889
555325
14117
157334
94801
3110
19919
261
63996
13946
288062
21780
469664
8843
167949
47301
18465
69818
239355
63759
595516
61107
452962
37391
255402
14870
506
3868
55198
294492
17332
43355
1407
51834
346282
125621
199725
235551
18480
237939
151650
547853
274063
53193
30268
351406
75006
3054
586951
259310
320890
2347
71541
325483
547426
114865
753495
5566
7545
312898
26553
253486
21549
9904
118920
2113
47896
801
128254
140397
995190
23139
98302
79834
70518
293118
161863
223168
85240
549
18023
68640
0
33790
5698
68972
418
707370
82783
12264
41497
590334
23542
1572
2086
16872
555369
226247
727364
485535
42929
348613
207
87356
353352
77700
204
154811
137483
0
156940
488
117362
525802
4469
49642
344692
115227
354797
149993
9761
34764
11240
280126
55944
86956
0
47961
71500
630066
410
161352
10
581582
116528
569755
57602
112554
22144
743295
14124
64682
222237
2748
956
304717
344920
207767
9730
34701
1384
206783
104230
106
538940
8900
136686
110307
76119
58569
506774
62746
412552
1034
98950
133653
107209
398339
100495
435482
23202
30238
43660
261413
162882
224541
396402
47010
69255
26274
210342
26932
109661
97292
222335
23263
12186
482321
3399
50203
7020
35531
523923
168957
106812
690442
305622
208195
295972
206928
0
2415
45497
3968
364936
745101
7048
403406
74271
262579
887781
1231
69263
63920
12249
219109
38542
82827
22938
179063
164009
38824
1067
97044
107932
544404
340078
96660
235474
4326
96382
314283
1105819
320301
39676
212925
17293
768850
15331
71642
391
128361
43637
344
411
688922
39799
323146
30617
11708
270668
885381
130
22531
273638
98634
6109
44296
429960
419604
267172
210435
44722
3449
26560
177380
158574
186134
14674
100662
44285
69548
10102
291
101080
287691
16661
276173
25246
33490
12447
94014
18432
2136
519879
238997
22836
1011845
0
1723
5509
80964
60713
128955
425570
172974
16130
49436
116354
43798
794151
19872
220007
168043
155
81851
349450
672781
497067
372531
114
485208
609916
378082
60469
504592
1147
253854
64297
63693
111174
52921
217718
139260
332443
382312
5930
156047
272698
932
280019
1479
257142
37120
6761
16430
421157
42919
48852
3881
247
333608
256237
8602
53810
5760
0
30132
138
8641
46116
511935
409184
42986
88440
3904
539616
72586
24357
45972
4099
79995
79
580524
580087
66490
515296
29
73569
134021
35904
440
8078
163707
181772
69943
526
17
772004
8401
709071
71519
19105
374222
169746
304076
116161
746
43750
34694
17367
416236
246107
621608
169382
138807
32937
8516
48639
9
40793
599627
510218
21338
558203
219901
934576
168033
279546
163319
3244
12023
353
192
62483
3664
250505
12815
0
9741
185283
750583
211
105203
219548
1209
54316
596157
247878
47979
4205
95018
9
21138
28873
111
927760
224251
56684
272
405342
18540
569504
19314
28611
76801
571344
2248
26
384
133718
1262
15098
1714
88125
390
80200
919
275909
642287
102709
83963
1554
31415
195430
1162
69772
846808
368342
75554
7946
8934
141
3474
196108
12847
543370
91694
358095
79517
55307
99928
461798
211107
605411
236479
72018
36346
19234
10421
34377
78849
81893
17897
129
216905
46695
44776
223893
70908
221853
184907
120274
82278
8421
24849
356581
845917
281962
179174
282529
444094
82015
78716
658901
522294
777009
146995
208439
146
515708
166528
69715
352
600289
20998
489137
132394
264508
33590
32905
42974
29885
79689
321272
6387
299879
2373
14338
190080
33009
150732
22190
506321
879
20544
137139
279928
629948
865370
152648
11379
970243
237702
76996
837373
411843
40708
139708
145068
37919
57893
17282
62040
322212
603419
106096
343760
4400
10
68780
901537
802954
11881
334152
109040
19666
20310
46575
66372
766084
699800
5247
336173
44091
515413
24537
9648
36475
66566
18952
168663
2274
732308
779794
502158
160073
18785
120070
4827
8303
21298
66999
16026
469574
147464
794
399750
24210
190138
15071
808981
36313
162965
5720
288545
187
109010
9322
2566
52010
1222
306710
567024
259709
256992
580847
98308
194337
442
179477
26989
35054
965255
9357
2326
422779
755305
137357
145716
16357
4727
17350
17941
261840
89867
78876
160119
309281
29428
342874
7976
344246
2559
59835
8668
179637
3836
111023
468090
663110
210922
165620
123367
224209
458346
315213
200594
40095
42334
130077
172010
255516
112201
564720
52699
227403
3708
34559
200357
11029
34474
30281
865
245863
151827
15999
12941
536
183221
4306
19569
41861
193457
62762
176779
327027
29897
1320
24262
119713
34015
206363
162030
65708
658053
10029
4476
974453
17372
42706
159511
14266
39695
431244
534749
61594
15964
603840
11116
681206
172125
68330
0
251828
887101
374
114666
72
288405
7004
280757
122112
160169
259620
180044
165015
58129
570961
358221
471255
5353
147311
269348
4894
9427
10565
882297
922324
159984
20665
19834
409818
247473
47586
762257
5936
160715
409090
703995
145881
24933
17
93835
433543
16063
35215
399415
934231
22280
789764
15503
14240
38706
391903
3385
14118
256660
49072
454806
293968
22513
263240
14046
8793
374014
805727
3649
334
829077
438468
105121
7235
851523
7475
126510
106888
0
44786
38156
33702
108503
40374
17513
546285
415129
622
29950
31201
75698
127063
367690
564089
66153
0
292768
7251
492333
1335
246947
169233
154939
0
316903
68532
1096
648442
484577
188069
233083
686301
166550
376015
25925
199616
2852
10
7494
86376
449957
193272
47946
245467
29629
153379
53822
78660
636474
453962
132790
365191
201433
1111175
128412
27850
193624
38442
476821
133973
152705
16710
112
159978
0
118065
413765
61021
1834
62106
19230
324112
166391
14321
211
418378
466935
562763
351803
48309
716786
385770
778869
40312
392
8059
23471
626508
433784
70481
106005
23346
19368
675257
5343
334340
13959
680195
53806
72929
315063
27
326633
334467
135644
12689
40721
84674
19403
24716
47740
575985
432861
13897
116780
151378
169809
12945
345335
120645
407336
48298
8147
91023
44345
36717
39763
32850
112442
318535
3009
18490
41461
415281
177792
163128
130648
146211
10012
72575
5835
50201
204107
23754
8652
775425
245618
229
202877
427827
829766
896
44394
10045
235
177893
44903
465486
0
9118
59719
135
248947
728993
64755
364115
44425
128670
104
708877
111071
199162
42708
89333
139248
39028
200934
4824
13217
1025843
472439
18961
63292
340619
266365
37654
31585
279971
189535
0
87704
6556
323008
385058
72766
248831
384
206145
977890
22983
85458
8274
11090
259458
836
30080
74019
305051
232458
77024
139551
987772
276279
16269
551218
22385
332925
133896
11456
11063
112259
1602
14484
2897
2345
76770
512783
804604
6672
451348
650943
824391
91130
68369
89444
48643
637007
106902
243762
24515
37529
674777
16067
503816
184
291628
250372
4166
22259
121297
43620
722
137786
1297
180908
969823
207449
188117
367825
17458
452501
458429
374218
109925
288927
16620
3457
48019
17
926349
119
115279
30863
433352
745644
536448
281150
49498
987
428427
2981
1163
337269
649541
192735
68516
195564
8
458102
55321
71049
62205
240601
477423
14501
62095
330194
14975
8983
592641
8012
3634
321427
25029
5075
299989
408982
668064
164698
56880
12392
337828
1083
61716
147977
801893
0
230576
104051
332
69153
76557
268025
105396
7624
837561
548701
172091
7406
364525
2152
226
36933
11703
217736
591377
563000
1075235
143547
125010
3499
106
49265
5528
249949
82859
245414
420
10436
511040
439509
321134
31626
91086
16664
52
251720
313185
173399
16983
5607
629
268017
53239
350862
140008
583641
130779
17299
10471
128293
609483
33291
1687
41241
554865
26768
0
2691
24643
13496
2817
44160
62818
57970
572001
740255
7489
251261
265771
2239
219884
472180
0
768020
132743
12491
56235
3906
202
1932
490591
36
176156
0
809301
228761
40299
34150
5389
55010
74645
131126
369
3582
955880
572415
615510
4621
13371
261637
417372
19583
629006
226861
32379
12002
289735
15578
278413
293412
120926
42495
592915
131110
170256
12664
182592
25046
180335
37714
45576
9269
1968
665730
13128
105
102
640991
349954
9
235072
6470
871
545531
419759
70435
314120
541421
47501
39722
1266
79830
685964
116869
33656
286
214534
145491
86417
72866
6058
32055
241415
6751
364119
30267
159200
185288
10958
55201
10633
14349
27141
342761
22831
215299
254
377875
110244
908580
518135
6950
8800
349754
39121
844349
55001
108451
28500
91852
143267
159
2073
40061
419196
54497
911307
79
7185
851902
889117
144237
202531
168287
70320
1146
175706
238731
92896
247697
6755
6843
63212
1255
33244
29497
294176
224720
5883
194618
52241
74656
697539
1755
380590
333212
101770
143748
9315
0
5685
321792
51461
225639
61107
384757
399163
44981
23632
205122
367613
161260
603954
25595
221218
547268
5569
812641
88389
5660
39524
399426
317896
60960
335643
88290
94100
744
221286
164
831616
613
382635
569035
43575
44714
107724
349
26493
8200
35222
198969
64726
88280
39567
69275
150807
28398
1236
0
1132
8603
260037
2338
635662
6205
21
2611
314220
571
10516
6262
233946
9
835481
120554
41144
498426
78332
965224
9509
34114
2973
45575
39357
14304
838545
2394
5888
269227
152430
37025
764806
577105
11705
31906
6894
754929
177
800326
2100
106181
175393
32014
223971
894163
134976
4337
56347
104813
9173
13753
490515
397919
2878
25310
111114
2522
32225
20959
352456
10624
1016286
3094
414712
188925
321483
803
2523
85617
2046
8730
355881
45921
397552
358944
287409
140275
163330
240564
278644
84990
7548
223141
76
244760
337490
680625
94834
57251
737265
233677
47836
37650
331241
28673
229080
204197
143493
9766
73568
4293
642028
79526
77267
318345
195079
32
173447
313066
769671
12131
234861
45916
404328
84
573137
573228
73
52520
474454
146288
38420
102488
828
7847
471984
562007
20181
8307
299793
0
1084
10482
1050
81177
18325
306602
28954
285464
1060968
318
439
2187
624743
232572
37512
44874
145444
117265
58154
47617
2315
543746
176606
226393
8040
30462
58106
825297
1940
103993
6915
44355
67519
2461
28413
185305
796236
201258
80707
724862
449492
935
853188
11160
13088
222433
197215
156030
208633
658046
316046
420
124378
645091
174227
748
549
578979
27725
11974
230635
457420
73781
40085
215446
686
236358
480561
211840
71677
605870
258144
60880
37634
564297
819257
453680
211350
365736
70341
12880
6480
480604
12065
269
20344
845092
87546
5030
40206
3146
5880
17562
70468
21863
136334
102998
94357
67973
756345
37
187703
4607
194104
245050
205463
8797
210747
2040
14150
52235
297436
200628
818
638
182493
66061
945
473551
18032
234264
169
148223
13654
953593
57982
144613
97276
20401
286932
21545
74170
18051
397446
412
77280
512275
114898
43939
0
519
1057
80225
63220
142124
32
707519
525364
29815
421237
121422
186876
212083
488085
445539
78827
1956
267253
564426
179087
60790
1141338
212751
25586
920703
2085
46448
66250
529455
1043
194664
276357
110889
12683
827
6807
243273
27347
30921
12541
583806
715
70771
19625
2899
779229
36518
48288
31596
38
268366
371374
16920
735923
653853
199668
126000
333480
33327
182141
108131
1620
69278
614851
64044
133056
230213
12661
47634
159707
236172
499583
8469
15113
28996
15004
259064
694991
25652
9
12971
92308
169782
472330
18931
50972
8
289574
65702
167341
0
4674
52117
218551
1315
46
133859
114843
218477
41934
19556
154656
544172
148874
29320
3485
156047
9
19514
27447
188605
82879
55731
281113
1756
395421
4596
517357
121800
43496
422240
2440
8355
251436
459723
103836
266665
361
241156
34212
1046381
0
59228
43791
248054
30597
39006
10610
14965
12379
486613
33355
0
32166
6329
119280
392311
847096
14591
24571
281093
438
47680
40418
452507
414
357392
475627
2289
1733
5476
152392
78998
268
39602
23962
18378
14843
10
412744
3847
127072
3173
0
23083
960190
6594
7750
1449
89694
569130
32595
287037
261256
84965
179
174794
159824
1982
105999
111514
16503
118404
390647
9588
33998
14932
220683
625
150806
86024
17522
80118
389579
737925
36329
139056
15063
17044
29135
37068
607473
886729
21106
723790
65482
21079
20796
77295
11387
25752
30806
813154
84063
132000
1080982
523245
481099
70225
50101
185426
355151
211857
571919
1110
24450
240934
992711
93283
27196
289038
2339
142484
19419
413819
1141
353273
35226
372
426589
50586
36614
0
187535
74163
550411
47385
440320
296193
239054
71243
23301
251326
494834
250404
16695
219892
675182
578741
90916
219062
56997
5277
648769
0
2700
98640
1978
60143
127826
16027
53601
307939
481206
28559
166675
27
946771
80219
42263
629358
79671
404717
1057785
39877
76944
242246
160348
97511
32869
553910
59620
196978
1489
14172
766
46591
353516
17391
14885
26197
72790
14735
0
316721
433
20640
498507
14045
242890
19540
4138
50622
87467
791
541
15931
226090
8702
38346
35882
0
180016
73167
553322
3389
151340
54739
170188
2657
49107
607377
35343
20603
96912
7517
512892
962224
8423
433
622749
104313
723
171268
35056
100893
13430
107110
35728
98506
298084
76035
71399
139853
1868
625346
208579
47606
79817
144090
453366
138143
9492
1335
667363
17687
147908
3429
437531
26793
102
117783
1139832
64810
365675
77515
257
4409
243744
5986
358428
105430
527036
448752
199007
11050
1025713
444174
1026640
49813
9427
9041
1096
222537
14085
4994
303703
169447
116195
743095
766938
41918
1865
29
24899
191009
40523
220773
36
173025
12889
880900
647458
12785
61037
85501
100252
458650
0
11383
91458
280284
380879
142051
494760
35561
98
630605
178634
6065
13255
9071
21692
88209
37424
6469
97622
558182
69488
104481
13784
20042
66410
709651
536054
108825
416562
138526
679121
2657
984698
4188
29
64326
9046
122820
269990
52258
19564
96878
171752
167173
395
39444
41993
87973
4338
155486
242708
4556
5739
57721
477072
251765
80
10
79783
662146
18474
22223
848286
58429
20911
92308
639991
601990
12652
60630
3135
99255
65737
8720
4409
1187759
16420
442793
142171
39940
30196
2459
156866
483649
201104
674
10381
55241
4596
73597
525581
103034
120433
309966
53097
121
77305
1010866
633728
73654
213202
49137
125683
368492
27742
351103
180003
175155
32537
128
51447
29191
76
262336
4281
5165
123829
54170
282188
348169
66367
177468
28718
0
990227
561225
24558
83138
21051
134
632444
708012
153678
69617
358840
0
432495
96882
189797
281593
9149
680433
107
479271
79673
30863
155131
634622
634280
203842
148918
285146
21493
780453
16658
236693
812476
436164
37265
0
357981
1070
311
1216
12812
182157
463
285412
177775
168906
10840
39244
261715
457658
2748
113358
100185
923608
11156
87338
14597
1356
6740
331571
352858
67193
486081
15831
590324
38388
81198
133237
243898
1193
785034
537326
144399
53275
804277
3049
172210
4618
87650
29
17294
1540
153046
464706
1084120
155511
89927
1355
139146
25083
151159
766315
5246
6407
38724
19743
78547
1463
54136
7052
289727
3476
0
362443
590971
483812
47629
1706
461410
437710
58149
9515
1247
518311
807
85869
328611
13322
5083
349418
556
30682
44989
186994
5532
73256
442886
652707
136940
751796
233103
169512
34247
373730
390806
866693
81670
365649
400764
334820
63187
139118
7290
829128
84505
64263
356562
41398
51722
10289
80976
242
134
10314
106222
30300
40823
1807
199995
250242
45521
19706
545887
396710
116471
83749
26149
11683
186740
22331
305106
77652
390187
100058
260264
605310
148440
136947
252562
110029
838431
29
177629
384064
409311
23835
5264
91124
40601
779497
212
46185
177364
73969
18475
21250
79326
208239
108137
4244
38121
435210
97108
12586
300666
46
785414
402193
6828
203786
25364
58623
41930
661839
113509
3554
138907
276528
136138
11271
4388
448850
366897
11615
111106
764
597303
0
636607
416768
28176
14355
0
308871
513196
126278
763
7887
35187
381020
38068
277359
1711
92822
11
521436
389901
9835
21997
1112
165710
74877
182494
246946
9
37
480968
170921
299623
49100
1277
3434
120737
42407
3591
149116
187564
1562
274346
332791
151053
305601
467418
458427
753
39521
274
987
3979
585504
180928
827254
130169
9952
23106
558143
552344
589720
14681
135264
15853
696366
159778
408583
27267
379
10429
13240
168393
1078056
11428
453654
504616
378438
38472
349390
34277
566907
546215
73541
4115
67538
84430
499535
3123
143534
26077
759384
19
2935
61505
20249
36235
838
6938
2707
141249
525
257116
25372
10409
17302
118469
52743
93
340492
203822
21344
565859
120939
63614
1076744
614983
569
54
22950
46228
36111
660772
694924
17604
125555
21106
543749
124391
1330
846419
466537
113588
56225
80989
17168
4305
242766
112650
2950
473324
26636
77393
757851
594977
25359
9
426334
7395
5899
87635
17784
178619
230989
10738
3673
142804
38152
29140
799248
524531
23943
130269
92821
261371
163493
409728
47580
61347
48102
172446
61063
117599
5102
87168
113527
5792
361509
102290
410231
64135
378
117284
7838
4357
25
325145
78530
62403
474665
25392
94344
10054
215175
2311
99900
549488
66
1484
70009
874728
10990
380981
19648
210010
12207
181689
20528
149733
159835
134643
568
5643
455769
18395
127899
87376
476062
156178
0
43057
26
67510
656626
26426
11369
10838
15729
98241
397061
24786
700947
516845
154149
2569
617113
395378
50112
222
808989
67705
173496
900
317241
208889
179776
70568
134005
16393
502784
95360
60582
76588
73
172345
253582
102844
8071
520579
753565
800249
72085
141148
8560
2895
131648
259428
127369
191320
94794
33860
39810
35358
18869
1504
365843
590354
1482
24045
36974
176
629456
160224
8196
478383
46912
44404
359485
341
0
641
440818
469874
94835
143002
601140
253532
149747
104493
286780
90946
9660
35476
318687
139779
334853
245576
11014
333282
123833
33
313
617
1150125
33785
512029
20610
1216
5414
292182
84233
367953
22887
3878
58
89194
74793
231268
207363
442025
240632
118823
0
136380
145494
40542
301992
610070
125313
795162
660717
10178
511252
17
24172
203624
22645
128065
421
6507
1650
946965
471224
37824
126582
340001
300017
645574
338236
753
48015
102572
346060
113204
1685
19144
133607
318574
855844
23981
439797
360151
908929
70800
594840
202457
77699
319403
852985
170211
539580
791125
42068
49632
29951
16844
532427
6660
38049
111
40898
363888
515469
1034
718565
100
177954
190630
382000
33819
64560
692392
243572
354566
366082
141707
1819
108037
25479
969875
873660
832597
38781
35180
18239
90984
174614
8949
47306
134711
805
841570
7093
120562
80925
80534
5848
12956
20984
33063
48423
113952
888095
21153
45915
16989
121776
36609
52749
284666
371808
159560
186451
370590
380496
25963
4949
13409
157389
55932
13292
71916
8
40565
710947
208678
319733
56
1902
6429
8
8887
131396
108513
11663
352817
492693
53981
28686
7783
204410
397675
108317
2280
540641
55588
2173
793261
234032
663937
25217
99698
80901
296201
107588
652295
20995
39365
39658
217544
98622
28713
398166
67935
271867
138416
19
34896
5787
618551
32548
188680
6806
3352
19159
569234
2857
697156
169225
31993
357488
605498
164126
398584
2157
9305
799
46042
19002
195
317533
50630
55384
49284
648286
22976
14098
190298
11270
414050
883549
202635
473978
580374
139997
353
125074
522
98927
3752
249749
27949
139656
250646
154856
1075556
107414
125903
19136
19160
526192
943562
195
82769
38463
28949
262924
954616
56746
209230
760812
111809
13460
42926
120595
24948
142326
940595
0
1834
424164
827991
66338
548596
179693
427242
185
17779
336540
175374
54502
397503
7817
71094
228005
54582
344772
7311
5865
82374
49298
125915
545797
28155
282769
9158
72201
49
22866
46536
190096
91177
72859
122491
459257
67662
357010
148229
61767
70286
269475
90734
666056
46077
0
73550
90138
12992
195
655277
830
484273
33152
116330
934949
13491
32
104846
288658
18455
291333
39448
455675
83518
48989
353169
314206
458869
113615
41
7489
380177
20709
3917
192660
644669
249890
358519
31315
115830
1387
58559
267007
9629
8771
196943
69908
267792
585570
667197
654658
145124
348452
83295
7406
251462
94334
7955
252355
524
16650
231568
10822
345979
2502
624
71173
180490
273824
954514
870930
293171
54862
740461
325393
13621
1072182
69
293562
195558
4421
105930
554956
16203
186018
42256
19315
126930
126918
17266
146135
16783
341497
208519
326150
804795
135166
2277
242193
252885
9785
14651
6108
12012
192026
11745
60267
37129
216058
0
1498
128586
119863
1254
13538
105169
698829
34926
0
3892
664223
249
235967
257861
468084
162064
308752
49
390399
275238
53574
121968
108910
216963
104666
153306
17467
40639
797751
642060
726861
5350
31556
92270
129515
18889
9692
20940
4724
547660
9959
10833
144576
431
115639
225304
651912
316
38087
20230
54881
658578
294572
380046
889196
1369
4253
144029
129
463
69559
1592
568
76981
7538
96355
59889
70478
365243
122382
275825
41394
71155
50326
321816
433755
3560
571088
119920
12131
239059
569020
176395
109348
72
1019
9613
294177
62294
77015
318
99535
84059
335051
83257
1494
53914
133788
323951
10097
48437
19256
182777
155067
262351
481297
48058
1733
1495
199152
51408
22948
29090
167015
1033
155391
891222
908281
196070
487104
3389
460
143415
84784
240017
1560
197795
136792
226872
595734
87810
65942
108482
4206
95613
9633
686690
151355
28345
34442
238774
535689
377
44210
109732
34043
358442
188780
50945
167977
54700
115892
77821
521165
186286
97726
640639
38458
22812
2112
124056
162851
51006
103531
45624
5474
346850
3470
22581
960
15669
121261
100720
370417
330686
691749
240602
0
181691
13934
224916
875984
48305
40006
131632
0
35308
140404
18610
5720
25383
35658
0
42946
14071
170445
36257
694337
74476
884
159061
572393
603839
1893
156915
242185
29
33384
216733
4751
968
17868
80447
669350
243377
68922
1657
833920
601157
22452
239372
26785
1150
877286
348585
341080
281354
404
236
534027
79117
15392
283601
89382
760126
11335
197249
66235
826
712206
745599
135972
104312
49924
2138
10308
492073
243440
1975
59323
47
295358
6969
419530
55768
273912
6193
57225
22840
108498
3378
88425
93328
409631
34953
111775
777950
12925
841645
73888
106472
12011
63334
35700
86952
16371
100843
386385
358348
28066
21112
246212
14276
749465
5960
419173
35953
595464
113138
27241
66836
113259
623557
200677
134206
157795
15515
155521
3970
6816
137
9539
15640
15918
562190
256734
225322
168192
15529
491888
101691
132823
701
929239
7958
191428
1870
151234
223851
765848
859504
27269
366621
107085
94538
150741
0
159393
0
301696
518790
79146
110655
12832
243470
3467
91631
463523
20347
54385
17028
557235
316042
55897
91568
501407
1232
0
604940
256184
462678
233173
5291
139413
288778
56384
295783
363
159
95482
413692
39980
54741
431014
118125
173344
172304
189
239927
62353
22394
39679
192470
54403
136958
108745
203101
75624
118596
37407
532640
683
12938
235838
267646
33755
29909
2326
496601
537305
789075
398227
16375
59504
963827
634350
292567
87112
58
53382
461
9
724279
93
7959
623587
87146
488893
42543
333956
35426
466395
73951
56352
320206
8544
372621
1188
1374
388339
9759
34552
12019
691778
726820
386411
0
30663
8837
88068
131092
567315
4699
145733
67446
15364
74149
333140
564001
772110
83958
257812
1325
708028
36692
715802
1609
13491
29069
32910
40662
158756
179337
25259
351538
32363
17757
78862
120775
25028
229
79840
309847
195372
6699
1073
48720
17939
5709
881214
209385
343790
16906
25568
93085
646263
166341
8
415
37
63289
24949
862677
36018
163118
1071353
71522
152215
14705
500524
578715
138950
111776
955
381083
2293
72516
501153
222486
27095
3858
73469
28140
48456
697905
348756
115021
20082
614786
100358
424437
362354
96379
3684
1187
133824
9870
552774
373831
2757
274210
88024
783333
4990
157582
97527
122980
133776
487
408838
1549
405839
7707
116730
155878
4811
39576
49
1062110
7561
371854
114749
1391
560569
21655
381269
55189
101151
186479
392080
347436
50915
5795
4658
28
94143
322779
2634
389880
27780
132647
11756
62456
35821
88694
22870
227585
19284
2924
350203
99169
181315
23210
138969
542790
810497
599088
832
7923
5078
344791
0
2404
15429
309450
78827
6700
10670
5501
174057
605412
473905
696020
408765
8342
11876
397311
926594
557685
91015
80
37015
233075
567
2053
5498
536098
22346
771760
364542
1038489
355929
19512
219629
274224
329348
1003
7255
267072
174410
227530
247751
3955
100481
152939
6944
872364
185222
269289
137676
44489
4536
254783
72595
331
12441
191241
2688
322170
981
49465
2466
910
116196
22769
61487
28219
306243
4692
86866
186639
242968
100748
110366
625622
56514
688410
7982
25778
10478
112237
66175
14872
387680
5414
41305
30013
4073
139430
2197
233444
9
387334
42099
166041
1556
5975
15740
23496
566833
29253
337789
552994
8561
177031
19419
169956
77312
16166
193542
1070291
66038
25602
25165
130701
79004
11604
17812
518278
118075
153797
172601
384259
97274
520886
43149
395728
68791
507474
938802
632321
12416
26588
347206
244
0
33199
165200
589102
566535
210427
273611
233612
77453
237320
13996
319
378040
192772
46621
86566
35428
87493
672977
3959
99122
221053
383378
197116
51901
116443
540113
9805
67537
562597
32986
13331
143241
1087013
100571
50817
56463
107124
4531
570771
449414
273
2954
94595
43925
66846
193413
584706
37403
905123
619907
228167
47438
304600
252514
24987
227458
71201
99649
96886
107783
154550
183244
2437
7968
19166
310159
239607
233265
839816
142003
263126
86756
74954
578434
2306
10544
342617
1100425
6936
411978
26720
19890
80219
101
759254
760
10919
61911
46216
53338
65937
20257
34163
6735
242089
591040
862923
978
80117
123487
84716
95
240685
64548
494872
0
240211
177650
228499
12124
136116
317058
90806
11
180069
61142
77677
13855
81636
169241
509712
43827
300986
128819
168654
1669
72035
26926
298277
9584
771593
61762
645
11723
133665
278374
673378
80
35428
322178
260859
119984
13369
43567
725520
75544
7599
10
116186
1546
21173
13480
167809
13088
88107
56324
45283
108992
755278
55985
123761
93084
65545
109077
400249
13312
201720
401382
62725
138813
38951
357115
223661
13694
81057
187401
34595
2513
761385
1589
19
372
164900
44008
129431
384032
435874
0
408280
372662
14576
0
171770
61006
767111
292445
624700
164069
512306
90230
432962
285929
275913
73562
11702
234909
162311
211530
54
8
1368
38047
41228
499265
9166
422462
83795
673267
67363
214698
24031
179013
2171
614
8
17797
99636
146183
186654
119219
668703
377460
98784
40303
215456
482450
676748
93701
6522
284076
14033
425673
278494
1000756
260339
58103
323827
99289
540130
448330
335021
928195
153104
2298
119172
56715
24265
60533
69109
53297
283158
6900
4078
109044
47232
15947
265512
267098
86459
76745
502904
574475
70023
622177
87539
588321
203757
8534
19127
48521
3227
358778
10591
569084
254
0
13728
37801
406342
60518
7588
249367
413687
77755
98859
34805
141733
258171
33154
229079
168218
12067
0
74426
21411
227155
187726
631574
94220
11755
491101
547325
586
23456
154105
2286
1681
49210
48463
21343
233669
10877
0
95231
4015
462473
36165
23218
537553
65157
511781
216116
62309
145648
22128
170985
268
677608
601305
160108
56
328263
203432
5345
74755
340237
749
10136
1022469
496236
171801
302510
99416
38943
0
84054
110264
11298
588893
259820
21036
46842
45648
446858
4679
129539
168232
41790
157115
498763
4771
85
82521
49363
76984
288463
516936
364
638267
551846
69666
346197
350359
95949
486831
68863
26899
81262
260181
1794
957784
5085
23013
231362
112904
67974
264587
5835
33650
66068
33879
687
25226
2643
1193831
5768
39022
191934
369132
101050
11380
43445
47191
99473
185892
20650
28970
54193
59257
34324
160
425861
240811
739062
31422
1249
5936
158715
115784
27748
575665
281941
159783
162
83538
24395
336801
18276
447652
133639
34644
123454
289222
923
43764
33619
2112
15200
9182
9063
602325
507188
9380
141452
146427
14901
543292
105379
3757
121691
13679
18043
163841
310692
9028
225816
140295
92244
14822
249982
248735
137223
315604
6776
286675
387852
324619
695
88108
5711
252776
268188
2673
820491
21489
234159
61447
4009
278381
584004
1041788
364334
2016
156197
178117
17
13749
71027
462617
45774
564748
410690
276476
100673
2504
696441
113862
948
25566
453521
46929
12965
958615
160006
160222
34518
127510
27397
561960
3392
313538
13729
222242
37470
30429
280762
85436
48579
13016
66459
39925
374579
1581
420659
8215
53748
50765
698642
23472
535087
15290
10161
32808
241
505
219394
5448
336870
44498
172172
238335
1523
121944
863150
9823
11031
16336
23796
427211
133566
157222
469811
84
7007
34117
688546
39354
245274
146682
76874
3398
401334
18120
203272
152484
634
8488
3512
65281
78420
2024
533
842222
4160
9
185674
225104
283013
784574
94346
745449
85062
0
0
705352
15180
910697
683145
26695
120968
272026
452356
44017
17337
577090
804
3063
176156
10000
233174
8424
1817
56595
146752
300431
1058953
844357
71727
422677
127127
96878
540792
11226
153791
88426
874253
213
1075369
62931
218438
636168
30853
303769
126135
566142
468905
234342
423151
1683
713999
812
385091
490923
384224
11670
10054
28079
48966
494062
132283
4244
537570
106491
102039
488823
350473
3537
54302
458898
46314
28294
31982
13917
18555
344582
132806
236441
11092
982726
183107
376542
212223
625018
75201
66687
95131
6970
367160
516541
37984
119709
26291
32997
113854
16177
210779
167370
306775
47795
10326
624453
705035
69632
42779
68
689378
97
1037580
30608
728005
6419
21072
93797
268420
659307
4138
1068
203368
25334
587870
230642
616330
183630
239169
1448
68996
564481
172906
445
178900
1434
389850
16322
249438
410967
23287
514828
194166
297980
559139
83531
362186
117982
142208
3847
9608
93149
88784
71163
24734
71978
109535
20136
132500
212618
454982
156457
59602
11302
0
560276
143235
352387
55202
81900
16888
56197
6644
111793
418277
3787
140699
648908
68187
156673
318387
30401
198427
2479
194159
444996
271196
73591
257959
572167
20360
15510
91613
158150
479176
114933
434466
29941
8852
281087
190137
472109
611695
3234
456499
165299
773
602672
301939
464967
3400
97072
279821
13967
59717
83561
237105
22755
220789
182701
696044
737841
3627
147715
8821
39751
163257
28433
356120
180
61497
281680
442477
11311
57238
29473
92032
70902
453126
191355
137789
44546
54898
445717
83647
10047
71736
551126
19957
19368
361313
236054
1051279
18497
2756
117341
243252
339089
97889
51911
46484
41468
436790
12191
528342
2741
141298
44389
23736
493470
43307
17
550056
290662
839309
93119
14517
18033
300598
106470
66159
7360
68277
281627
211825
182846
925844
2540
2681
2897
62430
128919
341
35658
459795
9426
289574
138379
111507
309552
1777
59159
658758
6007
48840
85672
532747
49219
313793
246977
255131
575577
13898
17207
130383
39065
85647
577205
228382
311
67218
16777
603380
155567
2900
24969
53611
20915
163
45646
204108
644959
3961
1203
19789
17528
200562
19062
4664
338526
259995
121289
178321
121905
618226
5426
35853
15212
10710
31652
90630
191538
393284
7370
183890
23354
387161
414987
61129
26098
839445
117512
356196
410457
247251
205633
10709
255663
18362
43815
50907
103620
61286
138500
35268
10310
51235
11122
4388
252718
20726
175734
20516
195967
175448
61998
544229
353702
49821
285263
146
10611
1246
21389
71767
506834
122706
101211
103
229476
36210
0
207342
18866
491875
0
84794
1658
15143
5338
23664
57936
3348
6882
675316
893354
341900
131804
356
2467
75796
115898
65001
9785
522272
559176
142643
3958
134628
89347
42934
40222
55999
369790
195163
22196
82222
117361
55299
70375
21110
109488
116421
356
95475
42154
28959
247824
61505
29897
201284
1778
21127
396391
332468
235555
55358
0
603432
188250
3199
771762
77878
407540
151026
153673
668749
18774
30128
339664
116544
660130
368976
333016
30172
54760
92556
105341
50625
169857
279
160965
40436
465812
104682
58226
826410
260712
8160
1012983
56992
341261
29349
4831
14446
354125
17005
2522
604598
199228
357483
712325
83935
92246
117413
586640
227040
2902
7730
97563
430490
314998
445787
29632
49
533781
9075
7912
42927
230497
9969
711919
265681
1010669
2878
16990
1120
323900
179883
35945
109183
68516
19983
5492
194548
173480
1488
931
278206
496362
518
31322
122185
549742
269087
5895
976374
129
70408
85663
165824
9
38279
80
30326
101617
208864
273691
782618
5497
104211
97
69135
59259
77969
5538
264657
10812
1808
519884
2855
506255
50796
123230
128590
13043
111889
3082
80127
377137
176564
4287
285084
97713
94982
9
663229
55661
9
200455
30666
140
437954
14586
775082
73083
13297
52499
5969
157528
2129
11954
22392
84181
487309
9664
185815
214633
257433
234577
3555
48073
41844
5734
75736
97
127541
172917
83142
15131
1265
731
1400
14464
334159
20689
222891
13634
137
247557
589532
662946
14105
46860
17011
3008
2387
1089
9884
10831
38523
133513
10234
254246
362597
303188
120291
324999
9993
88365
31381
385635
311931
64386
51849
133724
2541
548046
153608
179161
2866
232744
55192
5590
351417
279565
212658
414108
431704
35861
839033
136376
129919
229967
264812
106499
66251
1132
60
98880
358831
66276
184340
54683
40361
67087
391991
535
351335
185
738821
280365
61373
39817
495352
272896
150300
470787
111096
254224
155763
540
135385
306250
40994
51244
134468
80095
24352
230303
234719
438418
81172
49895
287894
30772
119399
285676
1001128
108188
67259
132205
473791
232817
8715
26442
177691
452
2739
149231
446
218607
96258
853740
223762
355400
16880
120373
21524
2378
3463
77588
305644
346
7430
515317
62101
9973
54583
283870
504830
538655
37925
2889
94300
191281
78683
124734
445389
31909
162899
549056
65052
290991
65434
16498
462024
95733
426271
213214
76465
322652
206263
300159
14928
3373
270706
98391
258449
513995
427461
34973
7420
45
716162
154
399041
63877
73314
870797
536482
256578
1010944
22025
630464
2535
102846
217811
428813
79185
37925
129426
32272
331337
502661
36167
64530
16218
399708
3496
104043
27656
0
64577
43487
256567
1055961
31858
301095
37368
592715
77859
31041
109881
32395
387917
827
64936
263
62909
207364
412
276930
29884
10965
287569
57512
39144
23079
534241
59326
5270
232
12643
321794
587071
93324
4762
2810
112574
83360
66503
318737
64112
462667
1412
233979
223827
425482
313771
242920
430
148883
71740
157593
31891
529870
20441
41
476494
827978
110551
240240
502913
27345
3068
344644
672286
198081
344636
36830
9501
31854
29601
254519
371703
344580
19
59008
71388
191003
50384
242817
419054
0
2020
59617
184651
235
2098
69457
137029
270550
1256
68968
93148
477985
734807
37
3192
142113
238730
652956
304626
4269
3936
340271
181216
52928
12199
91
75698
878594
430996
399064
20932
32491
3795
17162
2134
115356
54831
1382
220951
187439
186302
207314
531828
95965
559765
177363
43869
347221
63507
463500
12175
57901
14506
83519
8490
267155
1131125
23296
413238
373560
44268
29221
545086
8055
24062
1533
29294
61713
47024
92864
19906
332931
136399
164
37836
463230
0
16844
170348
419614
117969
846087
64081
805920
154049
250418
354048
156721
5924
435577
19606
607735
467794
1617
345260
3975
17708
11
2106
81735
905155
98978
3145
649
805099
47668
172549
38198
105
44392
19862
27846
41882
27809
174434
56459
243026
26968
470900
103018
2511
161365
21032
364307
61501
94758
301939
43766
55510
263260
474233
216587
342755
243878
601656
855293
407904
84169
439264
1690
1025
180
174252
6057
334095
112475
34101
67567
15373
4809
1074964
590765
271074
88476
142833
18684
179193
123019
384311
85961
6637
1947
29205
490520
9560
878
691463
365332
266035
5418
396012
502184
144931
643892
534
795461
311831
4244
69985
63708
26413
1458
91713
76543
74160
613422
165145
290707
626
194475
28171
2773
121003
7295
18412
168510
356014
236772
28894
129757
27725
469510
11394
464
1633
443474
18921
54
9971
792249
8079
2047
238879
91165
45506
45138
501477
10773
4093
246692
669223
92454
550073
367768
581272
60518
52858
58414
441476
48356
176652
45707
216153
26726
362043
296
124650
17
368952
79949
8255
259332
306422
137832
475181
2807
385148
6609
293478
0
1216
289071
458294
15585
50242
279520
620
2505
345737
39232
215374
403780
11381
281116
48730
157439
6401
72372
30230
14102
417287
53941
383277
66033
25212
690836
51906
34055
1362
524809
2881
24920
78125
45924
0
30665
738406
369996
69319
7671
302897
46186
62602
88052
829458
534794
723275
149826
415112
177307
61822
44570
300843
299352
0
35979
17879
80999
114435
272789
342076
6689
71216
518982
52526
111599
2776
60243
0
531544
344818
144131
1131302
3522
64880
90583
20074
689147
1332
12038
53336
40271
230676
363770
228109
6844
51863
762291
52237
25435
57
125310
3540
846851
43263
261117
127463
576200
26970
86853
8553
158101
513708
9843
551988
33614
73036
715842
637548
150158
64
431992
83
647571
964575
390113
96456
391933
85121
494404
828779
174601
419021
472689
8136
118130
786706
22860
30930
278294
420125
29064
21545
165232
2774
25
204746
37
77564
5846
293126
998757
114074
47416
36
127459
39332
7722
203839
4094
1034802
123879
126604
2281
29604
84838
473145
56939
196501
11736
307
161029
31521
31534
790038
800171
265169
59846
181725
119370
337
597170
39552
212616
218245
57284
213255
105857
56878
306268
2456
333738
181
21609
32694
577455
174733
2226
9767
7679
612151
339791
391310
39238
151675
125350
347275
78720
722654
10707
166955
5392
367
610263
197749
295824
913
248418
0
4963
10661
154590
2312
41096
764702
8670
74940
689195
102838
464910
3092
767
15403
8251
150291
253874
130893
216235
8392
264758
20820
11484
68522
66048
6958
729496
73193
102155
289063
1519
44436
17022
723663
116300
21184
243586
683110
749029
290059
280
780526
6642
58881
14236
453637
261809
93383
43499
106653
1043574
876
74063
163144
899056
45884
67293
277278
207304
5630
19885
189067
140907
12327
108688
304417
21723
16656
1869
98300
0
1155247
281063
3332
50351
744534
524756
3688
17672
51866
15698
614064
4683
76786
86345
881581
374390
87135
278336
145004
322248
20
360426
23551
132765
4336
33470
40531
502
4401
4428
45527
967694
977
453039
105224
171185
567044
832100
5837
29110
841028
28403
12839
50480
91537
17041
628872
360
180902
39559
135291
694003
76155
122116
324095
3322
9
582
124572
286039
85121
2199
20446
242367
2099
3608
0
505818
842461
208
10615
158159
282034
6038
316879
703
734
30281
21876
516207
95761
622402
106
29721
49571
376279
322949
7797
166378
813987
1082
432918
69745
122253
45103
44889
370211
422
517260
9
166267
84103
530
438155
452
426
80810
141485
14656
399368
0
18164
5951
78422
45596
11713
1453
314049
75465
413767
17813
29
38018
259179
8801
82799
37536
51314
828520
694864
501627
1402
64774
107955
604884
202347
184235
27390
142785
38732
370745
107960
34419
176185
269132
187
998815
244483
730646
231553
45205
475392
238995
80772
413033
311575
11587
120725
3206
133025
214321
258964
304
16404
19970
57
18911
203501
494607
214289
7330
1640
504043
1342
8580
176729
65362
420512
751090
127860
19996
353830
8013
1107
112080
158141
38709
160001
221926
258805
737505
179445
22376
138298
265307
544747
20969
209303
230101
17486
267838
555840
88035
479792
21144
90573
93346
9715
513253
169158
129938
82225
123978
57164
412643
428625
378
146117
23366
528614
1367
84760
1374
18868
25199
567
88774
2095
828351
65706
5392
38392
143445
398635
11007
16196
5450
212414
930475
881858
94756
296856
236350
49163
966
465242
80635
459968
88504
9
245585
53960
464779
22271
55830
324374
116141
746431
382347
83364
31423
113048
534880
66399
189366
208060
7367
55968
1721
3636
620382
28160
340737
25587
932
58650
3757
144169
293957
328
14607
700641
134464
11
482350
29633
56384
62996
209913
160005
25737
1779
24653
6190
211626
192005
102425
17236
12036
478776
547330
55501
507672
16270
11247
31851
313372
198000
978346
345
79341
915936
199485
54783
94650
10950
206233
28293
24332
863084
992
1410
281784
238183
37746
912878
1475
62686
26685
141849
50230
56179
828706
1129415
8707
334731
289763
50022
237176
527433
310797
3348
40523
97946
669958
130712
2298
1773
358384
67711
13455
758777
294961
204175
377819
47439
41134
7064
310332
82254
266007
0
272195
409792
47004
23534
231521
72544
225433
140886
6628
24549
545598
18953
196041
20805
39878
18780
18817
410619
118172
167978
135414
421599
36469
182304
228995
349194
92783
52388
6842
410556
153608
693135
16416
188008
102791
92121
15298
339188
786848
269107
481599
335028
94196
6055
34627
11043
0
130843
50257
498438
11549
512285
99487
663194
115816
459
321646
247045
153601
271855
326407
556
5777
87577
338537
501594
448826
87720
289661
566133
15093
18964
21706
306056
477538
62
217645
1090
148121
12318
156439
240255
775240
16019
6508
902839
14702
501890
340458
456159
63347
563609
7735
141545
43781
137519
346167
39
358340
83833
25285
280999
217357
68214
89722
173244
37566
7411
2728
59831
45835
346384
948
127817
15143
459680
1293
31022
134230
225583
8314
239491
609
5089
432462
59657
319364
69427
18286
16747
347296
891
812788
348387
12542
343212
8439
623468
131366
47625
19306
130579
19576
14593
515239
12929
600968
122260
0
469418
434210
21143
44450
26296
14861
245005
286991
529688
91307
8318
482846
121306
175734
217051
192370
135271
43432
497652
236374
27872
189028
90381
108393
33512
19518
717126
273671
1107
27383
1084760
10359
32353
103438
130339
211971
131211
1150
54
288621
221634
4452
288316
36503
83419
1119868
6525
77662
485967
13534
150337
17771
14108
76544
293
9624
18060
32236
3610
65212
80340
543745
3099
34668
15141
5868
6548
136927
47785
33346
436820
738484
1137
7669
9585
62977
31360
27341
21030
49320
3013
179599
2154
1217
0
296111
645926
626740
222919
10993
598487
418771
183870
289213
180112
388028
260894
674034
0
271404
505399
3911
17895
296803
373105
321670
313526
54
22983
701705
199173
414
1345
242262
51066
558618
1887
44427
13383
94602
544472
1132
53373
72309
142011
7956
631
5484
73018
337214
390
702573
70230
84867
15364
189628
313427
9046
114366
104248
846040
249583
91682
36940
352635
479854
2358
21617
40063
135378
97182
5076
14182
5922
81713
30116
278269
5997
117640
9036
115121
19234
171
125886
13128
319076
619368
85883
173680
138
86867
444966
508810
13850
206500
29
282797
74354
41202
5053
20440
605
84804
9047
330432
897716
376282
5257
3123
88434
113619
1111
67591
273155
7384
46911
140843
12750
6463
19789
506
36301
279745
673088
305884
427745
47785
5886
5386
502405
192469
628
196673
178102
508812
23335
115306
19524
158874
420095
327407
15990
142671
182106
162078
73
263565
53326
105
125074
196815
5742
490989
1522
451272
472651
4738
152603
1197400
702215
272344
994260
9428
4842
2178
10585
328714
67532
108870
18880
534
124950
65692
62396
9634
541218
19260
10685
158454
354036
3713
1385
366150
251
189646
5631
861732
349169
5241
241795
95724
207184
996294
366498
935905
72577
9783
639747
591
132087
218227
100758
563743
80778
21628
223900
464465
257959
12439
48390
72495
132694
78527
19522
185102
191
34864
695831
342277
297798
317841
750176
185500
239636
136841
51630
284947
47602
88242
133704
32671
9838
610611
398333
18626
648485
42188
140595
1092189
158328
114690
772945
19760
638374
439667
46554
278094
290597
590234
862002
27859
7104
14668
560498
511
112833
341690
20079
143573
3250
130274
194134
42121
1978
493
794
176744
69815
35118
126435
183101
612453
25608
65533
705220
155981
8569
142353
463364
1036
28847
26305
58929
110597
274601
10033
125608
27836
757204
438605
99323
82791
160859
10674
518994
6626
64921
24253
1444
3351
119200
197236
339592
27246
83456
130718
249604
66812
73235
137070
20383
16067
794934
12095
220029
9762
36852
3366
886
173834
521341
2762
3364
2946
1004
22863
148757
624608
566288
28260
561825
321532
130640
29874
286771
332311
14008
96918
261197
354
521
201957
270574
434830
264771
709844
13163
139841
3878
606
13765
7013
61808
274116
726
131321
26674
50055
405501
172792
353910
12226
216496
11777
40723
3841
526558
4222
76698
0
145508
385091
175492
208
397265
70699
561636
287840
209126
53492
18692
113720
81311
367300
445357
282384
69857
378448
251242
215
80649
8867
301334
15169
5154
568270
198911
27020
251128
66071
51579
29305
1221
137354
19681
383023
568147
424467
74034
451
428930
40463
68144
105010
835914
2150
32854
186151
321778
47900
9
21169
438313
66089
51945
444194
26808
87550
41602
128545
530492
180935
82845
761357
878797
559351
820950
133391
229696
414585
121337
84932
173198
118123
351156
26811
8238
76649
96169
628107
2061
87
71289
119233
40959
385404
33412
204445
98005
345288
240460
686292
99343
305729
38199
472611
120308
24010
82533
26294
100063
6656
145562
96557
402425
6951
1054278
74339
558755
125765
1900
582207
974
7033
10
6683
803288
131534
861981
2935
109064
2641
524014
37
59626
317666
2162
49840
99314
131176
25775
480
196781
22448
267383
668556
451479
70798
2145
26998
630049
386795
21166
3376
123136
435
39818
1280
15066
71505
364354
13315
196008
2623
290571
317461
3557
207978
599434
1091
64068
277777
99397
251456
92486
35324
936392
223896
505874
38947
402158
34590
44141
2800
32047
1018
7613
596107
110412
770032
154628
129809
1196
275026
685435
536524
443574
158658
20297
116318
324535
906
1027
1260
374562
336423
784770
714343
185713
12748
18024
39954
5441
112
2574
12608
1687
6610
1195
3023
98242
586
22779
46036
196353
19127
239027
43968
0
99813
135231
11992
55
5369
38557
215359
6080
406717
188019
2465
47525
1045224
11646
344497
751168
1064160
241681
0
73356
444205
0
236606
94884
430301
166247
103641
40863
91751
152750
1752
2705
8215
630919
800894
247520
229347
23218
13734
17
521847
4375
263429
112380
219582
21167
334450
4920
285904
25734
315442
1238
46906
969357
16415
109000
1034428
80834
173509
7810
88963
87182
886973
41876
3557
42912
12668
448635
23951
48316
20500
77689
258
274510
394924
74845
142604
10303
1858
90
25042
8076
57800
663806
863
261888
791246
252804
336827
41950
161409
868753
193826
309335
207717
496943
434
179678
704958
93952
246254
120986
508671
304682
84873
98657
8812
103278
607922
312468
32670
833677
35778
3565
224827
229211
78236
645687
27691
297105
111460
108797
82472
56971
827
911752
242119
782556
13915
1046222
38
727295
301
271561
196083
197950
82964
904959
22078
227121
121401
63019
858020
0
182679
3144
885000
90188
230066
390203
2365
51480
316086
168985
347549
241509
909499
11048
42179
104789
40400
74840
152287
8694
353626
207912
15843
145885
138828
67606
575209
263058
314937
67422
34735
621756
57482
193309
76109
559243
5221
129961
71475
155518
288789
271892
3390
0
106381
312
291501
106512
131243
3666
719545
163
1386
262580
359603
2317
277942
101192
51877
2120
144920
704552
4576
171
128937
0
272991
31159
43958
698882
20874
396908
28040
256986
293551
114093
35583
45783
8088
786106
57431
1067
311083
61457
32325
402381
4545
4067
12689
34118
54
4206
131386
9172
0
535495
17674
1089
3872
29780
911905
58719
36886
664807
4790
602762
87758
188218
64999
14116
21896
128899
189355
689752
375176
16278
3868
114570
363939
268768
290986
101438
4210
424339
12086
329906
492459
1200835
81768
337092
222052
21636
477
669525
480663
91907
17964
935018
886206
316272
255181
222930
237801
576727
334619
44667
213051
176783
43695
21519
904368
501399
549335
72908
153735
652463
3907
23410
57028
6381
111797
21356
504398
454205
122977
777556
970260
289848
1643
128441
106404
116881
54
44769
23145
601
37522
584446
35697
22552
4619
33516
259867
2815
183973
90359
4003
479220
12392
27944
2134
2054
2028
19547
3555
21346
69438
662735
825740
446727
34097
13312
75159
995
263107
130534
358586
4351
107300
525326
6660
2861
739538
43569
295760
124139
86923
470271
549126
35265
664
129634
0
640
23045
19490
12271
35630
674034
210790
141387
155572
144467
781
310843
326113
53585
252
533749
86869
590572
6864
1105923
118109
9352
5260
233696
28647
1313
631802
11464
474630
58962
276959
111158
401781
169500
159585
352928
17926
155201
319619
52303
3266
90861
285588
105575
273738
43192
18390
4708
110004
0
23900
71606
855010
278017
35135
3982
127596
12077
66923
53644
14554
81
16413
183458
10463
8829
9226
532097
125031
15396
1379
5300
10091
15573
2151
403892
493763
184770
41078
486627
614962
15693
141540
304800
41657
177725
287939
53348
876601
379696
171535
594789
66754
4167
97003
7178
41609
35050
41350
122428
857813
108258
61961
113108
101202
43973
112933
401678
1023227
596961
162517
6818
548199
32724
7665
39189
15686
495014
34257
21698
44810
597220
47786
436295
0
78625
5446
426379
407179
106391
58660
14588
436923
219485
183851
128926
188596
1097
12540
8235
386609
63474
5445
142627
32405
12460
63958
10432
71365
71792
64333
70853
0
677657
163664
91912
10345
136408
55099
810
113240
12006
5203
860944
75992
158540
214
405
735596
642357
166949
836688
10225
208099
934492
649690
879851
232399
32293
306415
321
47079
92082
503663
21144
7380
98419
117536
36076
619296
456077
114186
10282
421922
723092
447291
324443
202568
164238
533010
116380
172963
147610
121087
25342
2460
568412
316265
244826
541405
40598
115295
15931
324897
18191
13037
172522
126
152955
7567
190
75802
32903
263
154639
117099
691233
771082
179696
36068
319651
176658
5576
22276
113
35330
272360
97987
200
47675
978013
14877
837279
439051
103535
4352
1003982
5035
55108
579962
482086
461110
129936
29648
376084
65356
1011
124637
177254
209866
8908
82761
721
31153
251688
241314
24279
76462
6710
168866
8034
10530
12891
207957
1052123
485931
495246
100817
10274
46148
152450
10264
12209
3468
1059884
106463
89
171523
14899
301616
21680
35286
197566
510486
34968
530666
52595
462224
318691
61279
80
0
16913
772214
174293
158136
17405
37710
108301
143163
1371
57188
236314
45100
99617
294367
102634
157273
0
37047
234244
90445
85592
400197
91190
590049
3433
62515
353793
9654
27703
678190
20607
4667
95222
104
614019
17737
47978
1135948
683600
494986
965725
1042
9445
164561
6707
35848
11
649866
19781
98888
851109
160
68493
173015
73
13548
95589
56530
180817
113855
409288
382215
411558
261747
506886
138648
4540
452810
5851
8271
267232
29461
4543
737
56
140104
579579
172504
12402
2268
10085
302862
667654
216239
142047
8961
5471
42545
40726
242240
241530
186358
1110
304715
338408
1191
427967
210796
297879
267932
686647
22328
124859
22258
109498
2412
647989
25482
19930
52773
204422
10120
240293
410139
42728
228922
74993
10080
46
223166
9522
196575
36035
199202
134544
302916
361039
42192
320693
17
557261
948015
214640
6222
15919
43930
310004
35661
747
1244
14230
5858
105495
5671
0
49720
12672
330209
450539
61661
405484
116792
39416
187673
289288
945207
31476
4752
29227
398582
2268
682326
861
75025
326700
134666
85815
101858
1781
16674
212317
124727
375313
86972
128082
65403
793503
824956
81662
420977
1700
1911
195783
28985
456816
100938
3669
481797
79232
199547
352146
72546
37
125104
542778
197718
349877
810868
477741
341182
81542
0
143878
356555
623732
507746
390
962698
228230
19984
21731
696279
188099
36351
2071
28671
520352
2648
494008
8
844
143192
134263
26263
259376
122203
193037
246213
139008
56988
105372
35359
190138
0
499925
101570
8051
113793
188513
90575
0
87669
2526
146711
117922
276932
420417
211160
163885
208906
2722
38350
996680
435168
100
69249
0
11192
161998
82376
165999
103226
559835
233439
410845
178
109833
2891
1056943
95598
4682
886248
0
278590
64514
39195
273389
459
32623
151041
1024
744199
0
24097
926749
206675
30297
331545
16887
52547
41470
278610
2839
98553
3975
142822
29801
33643
25903
103724
2955
119214
931
6331
57577
179321
46609
283771
207585
189288
128491
67197
286824
126750
34741
236708
31823
188135
16594
243246
128300
12930
170332
40322
647
1534
58220
69335
377922
159491
107816
335454
70037
261320
157691
309011
50569
24142
10572
120549
34680
179192
443548
25211
5572
384252
400268
5532
90301
479449
676429
22383
6851
406674
642454
25199
304707
50514
71380
629218
21270
561915
84880
37
148933
141767
96139
74696
45016
307419
199088
89513
167
404456
142962
207107
16693
439761
728631
3635
168555
9438
533111
2175
15959
55336
4901
128254
48868
59232
12916
28179
71685
262519
172084
212889
259070
909894
250380
71091
314400
273672
249213
13725
100558
301821
50378
24738
13243
41681
121009
126504
213563
3716
370769
493333
184
6544
198666
41
545960
87188
238982
382490
45475
323900
76411
996518
42341
109339
3433
457957
407
77912
289790
1102
12440
884
2495
93446
228536
51083
335355
7782
88399
231967
25938
662480
35279
588622
145550
260209
366462
43120
48805
509574
260056
291023
0
203107
37303
147498
281
60165
121846
44101
276632
655453
22882
110729
21060
11014
66971
338
163082
390099
185548
195095
47779
82
179635
3991
68482
221619
314622
177606
345543
552571
346801
31619
316989
187121
310816
119298
77630
96535
304325
104
584847
3664
934436
95302
132
0
170421
451078
82008
498752
74946
142357
516518
211941
59063
591896
22335
867897
136214
194418
308
207617
42265
103639
321770
1195560
30
1337
43797
3084
1470
61322
164014
443286
145349
68031
17781
394544
573634
25485
229822
282062
50863
214
342024
238490
8926
60895
380412
21760
110819
616566
107842
99194
43712
139753
585531
102640
163531
82511
57604
244071
21374
237
6369
100
42
118438
3854
5067
40191
401531
364282
20488
120936
1017032
94725
258503
305360
108717
187304
262252
122653
381
43918
228372
222252
18960
228
346153
541701
85337
470
177358
382251
201073
41075
45482
107967
6730
30411
361681
974202
271867
331436
173603
76898
278954
251666
489134
32133
187676
2597
54269
150506
4089
7668
42657
181857
622917
6206
177339
47962
4603
423204
19242
542666
26350
851
268502
265096
631
71882
382
256856
29525
57139
0
52907
202916
263998
158734
3105
98
469709
4358
6955
337457
159473
80234
148760
84402
440101
48337
27
206488
524086
242727
9620
286750
35030
4180
17926
17489
406499
244800
7374
9279
81408
316145
133636
6424
18622
235144
129554
16508
84783
280960
298463
113917
1081966
245834
51559
24796
169271
77942
213232
19087
358846
4303
248301
812734
8707
143813
389694
49792
780094
487014
443
21817
280178
27806
469936
28890
25124
119109
221193
196962
98062
4642
28908
120030
233799
60874
65898
266281
26560
536565
31188
660250
12609
8159
52
4326
19597
21093
20332
252725
414091
265487
26642
507918
29465
105095
2343
19
87782
15866
96895
559819
12228
150678
9161
328178
654830
359327
49597
121674
8535
63449
261569
702784
3652
61501
63556
639331
81
580989
446179
327826
13416
9
214813
1968
1819
697396
285702
19553
121443
59647
61636
127893
7563
32642
75006
7092
239390
567927
134218
661
1601
350636
4491
929
951
591564
567019
336725
190966
236842
339179
245217
54263
57171
2617
61187
694769
47
249484
36533
107316
10934
5129
64997
135699
349705
12324
117907
20567
66
2304
546658
395650
40222
214630
231731
168352
227881
73
520065
484582
109776
150642
48487
17
29749
373247
91
70081
54813
516326
340862
6792
209405
1369
46
114
30167
144210
72
281413
34529
55178
58336
4575
256
339640
207785
63750
312
19236
122890
88072
2704
15373
6235
3091
69617
153906
14332
164561
214734
443440
23646
203439
157282
15429
695367
115
1938
102181
259237
89
134373
992551
311901
226686
121889
653011
531
162064
52883
152752
68667
40359
386555
152426
7688
199241
176171
227992
115639
6769
29528
219203
67323
179044
402
2966
275386
47
115170
277110
2427
47252
2775
760855
14968
264890
237833
247691
800
107286
206810
14229
855
37545
515418
42518
18398
200838
427113
1275
14582
37907
219981
289225
170039
2308
667598
2930
574861
22384
955
10032
7374
166039
81562
166757
1576
102506
209475
31962
309072
0
306692
95268
22740
34312
191324
144169
30414
2433
423297
31190
538068
53308
15685
120953
32243
8721
5113
900653
139832
796503
22794
26264
131376
341531
237077
10475
884
71735
211344
1001362
49562
299842
233525
135415
633060
406914
574285
284608
2681
228378
0
14293
67805
29469
245620
1890
103423
176612
90077
136239
511674
45071
64787
682676
81736
50110
424
489047
450270
313233
96577
46
439216
44293
282410
285708
0
1122667
270798
3683
453028
45929
729041
3681
141789
166827
11975
819167
11770
79415
39894
282074
270481
313435
325388
200862
200145
370195
475881
522513
65280
212227
198806
6233
2214
35111
43181
252751
28374
78299
2976
167426
422935
81631
116603
282463
3707
18750
189308
299411
425
2512
63919
638985
9761
4318
45724
339190
82660
179057
1494
797691
29867
293339
9632
627
898271
243415
42224
74854
58943
61325
42418
72378
269363
504855
9140
512684
530262
48220
8774
90713
84691
613
17142
260747
0
24373
102217
899657
16660
970194
612403
791159
187
5142
8598
117489
367409
62790
2280
10944
637238
344355
2142
1966
5200
567998
168747
629796
110944
152191
554926
185626
4892
397338
634237
68602
2181
2510
125551
415
319233
25434
448548
6031
164720
78937
112
4257
536998
399287
36
15384
78957
13223
1606
251526
1701
509503
374301
160756
9432
0
607913
215
10884
7681
195426
371511
350573
1217
81025
94690
91665
776744
354327
50239
108786
4071
706056
10598
470357
2927
327457
522313
26899
248823
5512
197773
302034
326426
278839
197286
183730
815458
15727
7261
194059
42799
43111
437
269671
10357
177734
63723
339617
34871
174041
71475
81408
163985
245472
310853
154043
279
209826
9033
433977
1165869
138410
782216
479434
842779
44071
90838
529
150166
203264
437359
443332
13334
50749
163242
58172
211781
27860
91019
856829
16286
50030
1810
3025
53567
476542
231
308971
899240
2999
83106
58357
8849
0
325683
139954
5913
57674
112316
243248
187202
471822
926623
46305
54
332433
306482
30753
76063
119
847063
68357
612
7549
599551
224227
39019
179073
0
292540
74522
983
84669
78801
361672
112524
33562
6870
19488
23830
874005
388831
32378
133670
528253
197104
244216
143646
122544
22098
128602
104400
166042
1736
817397
42317
399528
2068
56749
1669
7213
1703
64756
4758
206547
61641
486
38364
740
1028
615428
830778
73008
19099
107673
143449
416365
268904
91983
27662
3461
59221
368557
239202
4912
40983
122219
71351
48
9642
57183
383779
1125129
66692
114553
314589
19874
42557
122759
32378
2530
1162
130563
215316
211088
196607
2777
97589
79176
43842
349619
129256
137906
106028
946
23598
657045
9680
10056
294317
37740
590926
326316
463934
518869
104690
6692
1972
221938
188177
668974
379928
3337
16396
269245
387733
395832
35207
198469
1244
45977
236844
39014
145508
254102
116253
796984
289763
134029
10444
558909
527059
83275
41312
26084
290298
277052
627884
24179
405533
42138
328800
381782
250181
32578
162881
69794
641474
9533
42402
450041
293702
670
947820
7264
589548
64159
679
247182
14207
425
27673
499522
146
111240
15516
167732
56340
168714
39722
722649
168655
610139
8034
369260
17393
147746
64071
12982
84689
768
538
552
460210
31467
609783
134382
499792
175114
142702
36595
17083
21891
42312
56294
7971
25821
285381
81513
22625
11782
115085
35949
11
349
334767
375192
29317
103005
33811
2705
214021
31375
209948
79710
62818
6117
146934
16733
25139
216704
183607
224192
7376
216991
286551
358080
6116
155
73087
613434
129353
2040
51514
3901
229309
18666
6891
0
25397
437652
140566
134461
16084
208098
268936
840469
8532
184096
17633
82735
1665
194835
53989
612646
101560
135884
432023
81164
104253
165184
204978
114222
48866
193368
2842
13265
17776
61696
225929
28621
399271
11489
250805
7450
108579
2295
632003
359098
64379
3967
67907
451815
94691
52132
396041
276567
115451
2035
277458
226170
156633
4209
4172
219
24293
45675
28234
316841
9375
1283
204487
108693
472321
490123
238088
1979
754096
25730
7697
3575
87910
3021
181812
141315
127649
8145
524482
12681
33870
5872
54679
54403
396051
30777
235530
32845
25113
266359
30419
51719
190991
97
80099
1049748
21671
21734
102702
32147
68441
132852
388523
2263
453099
427571
110386
349043
46635
43500
31078
75440
83289
301015
52780
353500
1100423
18427
44876
28643
11924
64521
23030
173782
8141
988644
338687
1080142
148869
0
233497
385385
153640
38848
137011
272965
233108
332157
10582
886208
61097
82842
4170
276274
47775
195
824365
53505
395911
217505
586957
605807
166
2295
318848
4965
23990
9962
9045
590525
77916
16541
28466
351670
1561
6009
526175
26248
610807
623418
145958
203712
374967
312799
684141
472762
41029
9496
146148
174014
405187
180416
24299
402471
7016
30544
9117
510864
2162
614429
476500
176111
298
157165
180947
70946
107894
123770
99253
13382
2669
23163
30939
422709
2556
478
1604
153244
2901
35773
294196
61050
126199
135331
383936
141233
9186
97715
573376
39235
28783
145624
105354
346037
628275
626857
154317
228582
124336
469
29049
444
89808
714179
567672
3934
34798
414570
231607
285479
8011
25173
2688
164525
242615
1175557
34580
397701
175786
13202
8603
9334
21633
108943
107862
75
294787
44323
188882
50893
3412
571354
444452
528652
501417
17690
8791
193518
303630
65704
26286
626987
735879
15963
43997
25178
50618
180102
663170
288944
372585
191406
1345
70094
2885
977079
177754
85164
1472
18512
74338
184917
521662
574951
11481
170108
1369
24682
397
409533
179436
517615
67366
7001
31366
172303
11353
430597
123340
433904
44713
168362
16915
14060
488464
307177
272367
157727
775521
56853
4621
3829
549235
268204
27117
15364
484070
65458
35325
76101
130311
110869
74542
119065
3835
8560
1029713
67323
523535
183102
703170
44529
629638
313
45598
323598
21016
57887
12732
244413
500129
267167
81251
4001
13244
152761
795854
2060
947
61768
490327
12489
435421
535
300529
188011
163703
473388
17850
523081
370277
32061
93995
35652
8
28117
209546
23016
196315
81
130028
152016
74320
26421
58938
29787
334904
162194
10519
57350
85390
448269
29805
35377
9742
145906
384628
790844
225917
601556
7407
2737
20831
492279
37879
508918
103170
366374
175631
147639
788442
68812
694630
74182
88409
8795
45368
112388
27380
20503
100593
762
1003625
381472
14697
710141
33128
484797
89921
8555
7110
102380
201198
10865
91680
276800
44
91945
363284
363256
10137
50236
451509
145393
126765
33019
855177
8936
327480
230806
519022
637905
108625
470304
391443
171058
41475
2975
24369
42162
10928
25
178898
366424
110141
106304
336011
276667
8535
0
37264
542265
0
20717
236236
61091
1561
3850
626
63164
3136
210787
77
198198
336073
529
66155
233303
235952
124406
18984
64934
15281
75609
891973
530827
117103
13012
123414
19948
36367
11507
86167
589769
4464
656397
232576
6147
9
156825
6707
67956
63406
377
33399
167335
244476
430073
443
186643
298917
5089
1215
68894
238220
224014
69886
944666
6270
86366
103937
3738
690781
1527
54287
1358
43950
500
217523
23473
740948
18995
23741
32907
107463
21270
475980
53961
28445
2446
907480
17006
78466
2053
0
231845
284038
32041
122691
23625
553879
27084
136734
119723
19860
683988
15548
64143
26022
41177
26158
115584
738
11
29489
13013
60536
46822
42471
46975
115574
271879
1485
428306
594532
299294
22969
79757
245228
31367
291679
595899
78891
4357
2907
36042
42676
8653
906721
4520
70892
9
55816
78404
2577
244297
707399
275963
193435
426743
82922
575719
166568
25799
153806
104391
268973
23868
2376
6979
52861
394039
738
4210
132
24722
414661
8369
176294
158660
311772
270707
50345
46
2062
88744
489998
48635
362387
237753
119315
364716
29599
74795
233644
198602
34699
465032
0
49534
7641
558599
88003
52883
59098
186740
9003
122184
963
5268
246123
509278
128626
83836
39247
900000
39867
63155
6993
0
189788
225162
489737
66712
470959
137254
375603
102280
0
201229
3012
490360
51399
291
147114
13222
303442
180308
64086
1118686
159512
4375
309673
2828
170688
5156
98368
66964
503422
33522
935669
470842
487007
546752
249292
22904
320428
28572
69134
41748
61433
95414
7020
197751
88177
120873
397649
77039
983413
73127
364364
27790
811813
4295
84664
22332
2677
670010
0
333760
756009
614458
286311
692457
388614
46199
62434
625818
137
33593
13714
124830
157383
34863
257497
6310
347035
48468
286777
317
705153
85535
255382
15618
353293
265562
17806
570623
543403
33074
32037
531574
10962
405912
1365
0
171030
508138
40494
250963
28359
7128
353335
43865
257358
351251
153287
628417
338594
5498
420
131201
534665
581745
290157
399
31394
48079
545197
1889
447556
27876
69269
1077533
76819
580594
240570
228488
15451
150498
37040
33627
5513
60658
524422
9429
932904
24610
252375
471068
13605
30627
913923
220129
281
808159
87779
536342
413
44385
153052
3230
363673
212834
494
29044
49706
13417
127570
122085
145616
2530
22778
211564
166213
108764
693350
380854
573697
90911
189
328070
1856
532850
1083
14744
5118
509696
426936
2995
82613
51143
15879
509975
238807
1837
39784
1946
1563
17385
32358
24079
453353
163798
650563
567937
28990
21472
1274
127903
219821
43747
13771
252845
181588
92054
37382
14590
3223
7845
128759
102920
33594
109772
0
285411
62881
72
282397
7738
239389
107605
65976
0
204242
29433
189937
7746
258202
1632
328112
11499
28319
156779
1136
104937
212177
0
55618
86448
402
53191
4345
501372
85033
9
11015
89467
782865
21410
14212
93970
18479
329660
40748
10881
380720
99130
110749
60349
12021
180323
34392
602
49148
73642
27
272417
9
25298
31675
80237
443092
114472
224401
45876
3314
10386
797
132679
151649
14133
141983
57009
181049
515557
414929
366844
628
147922
239295
41412
482986
788626
369498
6879
191106
16514
36464
406051
6113
53944
163186
3105
26584
117672
276293
27
108347
196894
514
83
712
308
1085240
25757
16724
545725
225087
8801
841
162521
163551
76978
43311
181891
264971
4244
15459
283023
359595
238144
68022
24994
261
191247
870858
454349
686427
22918
12909
333603
111749
242803
69096
115124
36924
248463
35369
12423
0
22114
421
3271
99728
1408
4406
7761
276429
83373
338321
318262
113526
87564
809198
2438
91509
16531
40508
42517
1033003
3246
3123
848610
11469
357864
70671
171092
117839
292783
264518
278941
18187
4036
153314
12090
64
9
589665
297486
550915
449001
19348
274348
78512
820137
102042
397338
514262
975461
205426
2958
19265
122691
191646
171277
648684
2607
217661
50366
54178
26029
47767
255139
478518
36127
694314
23686
28051
230289
697775
294
22778
579755
19124
495
19098
607
146778
67063
52
19603
885028
244233
256453
177941
376
399
883444
527639
5116
110538
5628
273807
18635
447265
16936
170151
468
170743
622981
228206
621459
33441
114997
196469
29531
663258
134022
2612
57989
14184
135175
111413
405447
1616
638
101220
18
2773
70029
228010
53011
918669
1094
37171
25430
1010
119092
45743
1540
368977
142491
54258
162926
41889
81253
216570
119782
22677
66079
77262
71083
85239
141363
35550
14918
292181
19645
494279
6006
3425
106815
60493
35649
10758
125776
73879
58525
207377
21767
130079
233672
9430
4771
34511
64
118
80881
1684
277405
292012
472654
56636
799073
27437
496294
106843
6094
370589
108177
182323
100082
5067
274985
214268
346585
64796
333669
28199
240864
10577
98154
255925
10334
373817
70
54835
17058
211577
63051
100846
29836
4757
225902
429038
28732
30354
244101
67607
111241
14674
114356
806987
40379
29216
31227
249149
3475
776
82397
253587
188357
2636
42759
9698
531598
452590
842635
502813
18714
80072
785496
14142
550
627890
123520
280
6715
432557
97002
132139
270184
77220
6234
216225
3517
163256
1595
338874
269490
48369
3994
48292
217246
41
89919
423131
35398
191438
146782
42447
5705
389324
117524
1794
210473
38184
2717
311563
64170
17165
20392
264760
522311
15330
802740
294546
242173
138360
7308
119601
94893
873509
68825
204516
13192
544933
47159
257166
49027
148345
10092
27001
107070
169562
121912
3223
760881
129959
37217
158677
40375
17756
703245
806
128118
494
823874
37544
59556
253566
48319
14859
218
174114
173241
24456
579606
49015
2160
22680
236070
278756
36708
91715
75949
141688
146942
262505
102
611164
14375
138340
1022238
79078
526544
259244
147442
128244
147101
488938
100541
127494
610747
417742
340905
9770
329431
393955
59456
210613
54641
952
150351
124238
134821
5615
9
344826
446665
190553
139548
132532
208843
63764
1185
411892
436462
456904
182440
68426
3986
45913
109186
2716
83144
1535
71796
36993
8015
247594
273
287490
297870
197676
21461
1067524
659708
311966
682020
345644
0
65027
1459
721
807065
4372
18173
108324
203139
294730
109358
41195
111797
153915
88678
365500
13556
336576
206193
192013
140200
235886
688
30474
28969
679751
498589
685189
138069
370914
767136
40554
6796
60250
205924
169421
455
66505
1111600
779
512553
6754
545370
152353
60901
15773
58144
124320
408
51
88739
2766
447630
285591
39470
93268
721265
50296
987913
315170
39120
301811
16058
49837
34346
121852
700364
77433
33519
367570
79
36400
16244
31060
108829
263117
428688
33482
713510
10179
25881
107377
13815
78138
466298
494116
125863
839
355334
431420
652637
30703
16863
234110
40017
647601
184922
330
54642
221245
389324
15762
5940
348543
479232
682491
187905
233678
190874
120194
96465
328710
472135
10449
12277
5975
165543
21655
40633
241
120689
328376
199723
45536
58439
105836
1306
110778
47312
39900
83392
7663
284893
345422
53524
15669
262572
198196
802414
527237
278724
91675
172224
619624
398255
17298
226509
237543
1020747
634170
28357
78781
2665
1583
2137
693300
187833
413918
0
43171
115842
1050
552045
13229
990339
38878
502598
11465
301763
8686
34269
334299
10440
967125
21
15385
29884
32666
2144
660300
43584
4709
3592
17543
115
46311
80130
27037
50742
8210
13045
369352
881027
757503
222089
438855
4322
85963
202203
264331
6894
310462
241641
20428
58000
58019
0
20409
107073
142486
663410
44149
28718
763451
127151
83059
27516
190217
52983
43433
3064
9708
205385
283276
5458
29215
976034
17606
691152
19129
15659
1004907
27053
195675
275741
66339
65107
4315
639609
214702
39140
116586
133858
171253
222985
197495
135068
22576
153748
196885
749
7574
162994
230168
5858
5592
480442
116237
537082
5253
183171
40251
350714
76714
42665
293439
4540
2211
259888
19909
2272
39984
626990
505
108114
49
676008
111158
846895
157310
993949
321
229
145583
138639
85750
223429
43080
16432
34285
807278
180350
17
806
879664
60467
170
36751
14798
93069
6646
274353
0
52809
317447
321792
454050
340252
453318
19694
109
33189
963477
88978
50914
68692
4428
533255
88154
13677
66248
588883
39974
127944
9
92769
359110
76525
1331
100124
145064
428462
79393
118759
9070
65871
20864
327068
25673
101716
490097
524380
122022
76840
222299
133055
191390
708248
508440
196624
984783
132482
20891
127998
326180
29340
108173
4014
151
2742
71052
139932
5934
435595
99664
31857
325216
207730
166776
126488
248484
247338
3571
37
16336
98523
13146
239413
177274
711198
81802
297533
374397
269008
9001
2109
98930
20652
18008
165162
259784
84760
24714
741017
164619
164204
75408
340159
59374
72669
307690
328772
224617
3423
234
506264
416297
164538
601180
52902
29
163162
50256
137595
94621
23215
38798
15091
54495
874735
66008
714414
59813
93349
57604
90818
34912
330655
42080
434964
72934
1042076
79770
100802
172618
320274
559315
958242
946860
152048
3269
225088
232399
113294
973
101867
21774
490320
318601
78786
786512
59505
198754
103508
0
240578
11834
28136
179849
54029
17184
158666
592083
1646
5447
15540
389851
1530
2500
82414
30177
23558
1081773
85822
21389
324158
119629
134970
193050
639796
208844
196979
18659
543194
411585
67454
769581
109342
727642
745878
986090
472
142810
108329
17
19001
251362
329271
32786
7072
158559
43179
27415
0
82907
301476
185735
16335
215195
325661
7248
62693
135086
495302
209
727932
56384
238966
474661
94478
39151
34569
23487
511
12126
241830
28884
244039
165
2186
250207
77920
969893
58469
8796
24385
6425
16493
334173
19744
133825
488162
167305
12562
1586
299240
303900
51893
543162
13759
363050
29008
3888
294801
512166
413002
915446
102321
218179
138660
0
300
123953
268313
309781
207232
52593
683200
230917
333405
135244
267109
153194
433801
3902
7040
107974
149003
8490
19
192
1650
320870
233562
43319
420041
348838
23821
17154
1075144
11659
400219
7346
138647
26387
120271
3730
251540
39773
12752
1106
468149
20016
110033
34864
16616
51154
9453
215869
376121
499296
100767
374764
138988
135943
843008
647676
276353
806327
611444
214033
55620
120076
17459
9540
115844
44697
21607
242787
727029
15182
77175
396005
502365
119972
46118
84034
44957
8534
579304
29393
731143
30
651061
17482
12944
82221
19637
254844
120473
40858
554242
10116
92
34251
448481
26389
6070
98222
47162
14548
21193
224082
1576
354764
68369
3067
10975
155188
388935
274596
59524
0
556413
48909
430296
57815
143115
703583
587438
710618
31418
270127
176761
17
269234
226015
112484
803579
37517
220428
5645
330597
1080
130341
126679
204637
169125
258736
64610
154567
63268
197491
288350
221440
311
72221
9976
50799
29789
138095
86326
363004
427186
623140
470082
1900
300778
36736
149983
2126
434246
42985
40708
50394
25334
9
5177
2565
815011
1678
312516
502641
7630
463438
260967
756208
199179
421585
87343
516305
97267
301218
534
1804
84373
14138
24588
1449
42178
198029
6094
11199
1100
44435
139621
6429
9170
748079
4191
395896
454090
85275
2150
109783
62498
2910
59405
506884
16461
26177
181784
87671
45310
57673
655752
878079
8465
397279
3782
41684
126474
870303
1707
88814
243308
61273
48702
2296
411255
214410
426462
972
13807
166422
787814
122514
41747
100536
90
212018
14366
807
272358
6761
5640
2348
5705
15807
354620
130308
154033
541072
1541
172538
24229
246247
182234
269806
409888
315606
33
43635
152605
483941
0
8444
29426
959746
173312
629873
48184
128
49771
73027
132734
31739
296
75174
38993
64642
45579
422783
7554
2246
69049
265373
9713
16892
10626
13515
574461
60536
17127
24065
32489
755517
600830
41377
80976
54277
3097
70
104962
276716
335375
762495
14727
3573
7821
107390
610906
200295
3362
3152
771035
1234
164825
73760
446886
402882
28341
376019
34636
992152
292328
754666
396104
6441
86524
576
165600
847907
1106
49083
2518
5123
185273
281
211486
490760
1407
46826
10267
8448
103767
855
904927
195
278
21022
664297
13371
340604
990923
25474
1027680
343
490922
8452
780397
255227
451664
1187230
910113
33116
179089
439294
5012
377488
756552
216657
109716
166026
399786
157174
105055
485424
13067
210774
3652
5372
122653
118
669597
34435
4953
523624
326635
5662
88712
577313
96494
212922
3143
12974
318952
204440
6831
358528
191535
1786
91127
47
12678
2252
268326
1181148
283582
647659
11668
33317
160042
87211
257569
63164
110461
73749
107746
17113
478273
2113
557687
3317
205588
33834
240922
5557
441796
8460
88425
271993
33038
609377
8228
160084
180479
312033
11636
60845
449738
191267
101651
37
4076
1009
15999
396395
61730
317701
7102
2071
38484
7754
13714
636277
64400
38718
247808
17800
103650
19
148016
1206
522
326571
5646
772874
351382
385
90720
717
226723
601
94633
72800
52675
465968
2010
1314
73
364453
15055
1997
999135
673877
357580
867816
378525
19858
19
284
6889
294255
42001
148751
74665
49301
8647
252378
45141
159597
227842
73508
534
19488
38873
82566
2228
9555
71626
429525
1134508
32048
357377
37760
1098752
281018
30503
333335
24257
277068
231148
12263
36280
251538
31278
35880
28540
48603
260139
66720
269141
316990
177509
2924
15685
385269
10325
107322
200440
2317
65549
327700
809993
39119
3339
121662
197826
74627
142137
3212
795
193664
99529
251521
60442
80274
193
0
228241
4534
511157
599723
1267
1058166
157220
13521
911371
495649
121261
68331
6686
509632
666501
202199
19800
148096
583821
183681
684
119790
144902
55475
30310
168830
11485
68318
210295
125510
590972
822047
82953
353250
83115
219656
236820
1058
3785
434
411
634771
1390
334
1162172
49620
3639
31568
207296
44502
1275
609419
1132
183146
131346
0
201488
951368
35572
410712
13436
33473
864246
29289
202218
151725
47149
2297
232845
398333
248405
251761
250656
790078
752901
582591
380815
449770
43852
306
91583
4423
49492
97293
770562
5628
704028
40905
0
263355
14746
1268
47238
156290
219608
92991
137
1885
335393
3306
919882
940756
34452
17283
189212
324245
75283
533408
41448
141282
136620
205751
171821
104209
940855
171797
85529
160518
4510
28679
232346
471511
0
115440
173312
528408
113782
10110
222640
497446
0
183250
122
67794
21684
524427
221029
240379
331441
452024
154293
7625
575968
3737
53335
401
189082
494963
473
48498
8381
36756
30
1190691
20701
559215
738525
496766
0
47132
177844
22849
31697
178
257
66408
546610
314882
43594
361187
31300
424133
42518
9
240891
766
42292
8844
541
611473
728417
87720
16875
62400
393952
1587
275
275538
70317
1187
710391
115875
22146
4469
14588
12423
0
696744
285102
562657
120413
789846
75568
204565
151731
6618
43662
408937
311466
49218
152134
151894
24403
806066
16077
97004
165195
43934
166662
70027
263685
1276
382123
346523
43270
2922
684449
6109
84338
7852
71296
26839
101387
42383
75342
80872
803820
108203
360760
21682
35913
9717
944
35506
26132
9924
252493
191765
86181
894
25345
4947
359287
113201
728987
572903
26294
159960
2861
21374
7234
1260
7878
255013
97319
262440
302129
117813
90128
32492
235478
748469
119169
62599
854365
852
178865
40967
239360
239378
55839
2429
12539
81563
1128237
14196
6476
157235
416024
400705
327434
7645
18805
539217
12568
894934
307516
23476
18
624291
134
164
13407
4441
175493
130990
521958
24429
3953
106275
185672
106141
325979
5926
152770
21
168495
215987
45998
499737
1156
3117
13821
18565
47352
861561
803
22324
34266
91591
71180
5656
595275
6385
478
668956
623285
58213
641047
2113
170070
21383
20950
53291
269095
89223
972
20817
57294
20677
108117
11156
140477
614761
17970
885833
26136
11979
215282
241760
11595
7357
642143
401315
58346
38884
17
85283
3388
448746
250527
352162
188663
476369
77
15097
610697
206593
65053
694786
37828
63713
135440
35583
5047
136085
56476
4824
50223
292830
76871
22218
361278
445570
256250
443064
3071
8251
39546
2880
8885
181690
255668
4624
639421
342379
167551
376173
174805
510396
17718
54085
259280
907
17453
673867
274907
631133
93567
541592
340866
175923
125253
47466
26950
67794
49289
7759
25798
3265
328254
98199
460
187505
78312
1199
91207
3422
432293
685166
106774
168712
22792
719434
419061
167
15429
2933
221403
687299
603327
73639
316328
938848
307961
110339
543041
73212
51342
688581
671
8
11565
42113
6905
212469
58089
407044
113467
567447
270138
177971
111
12123
12485
369430
41327
284256
359605
172666
2412
872247
130934
380614
920
42454
418955
210860
832
188152
724424
729666
85513
99006
50576
999407
26944
10489
5202
150937
316751
2669
24657
21615
414947
5159
19
465383
29040
526426
5319
20274
534997
126429
11193
1880
286982
352628
47
227251
18378
205271
155
392069
129447
862488
87853
266873
93303
722843
592080
22985
525419
163
4249
68870
125321
184205
73087
54236
27
544162
596653
24664
47884
206089
40141
132047
31446
728989
274619
521471
1342
5501
14698
49941
10576
6712
2373
169795
10142
325744
193681
493817
25655
152402
2870
13906
1384
22642
3837
57
209371
10271
14214
376621
6627
77716
290583
70218
213809
454459
227175
93909
129549
96916
95344
0
4777
282735
1047037
20721
87624
406759
1854
429713
52819
67579
45087
441742
23754
342
335626
207454
17086
775167
124859
101031
142895
16236
1987
103139
181963
363165
34439
76357
4158
1176149
15163
80427
227386
443345
239
79674
2174
0
35597
37244
148876
98868
207304
683883
418895
255141
124821
772535
21010
447751
283056
13642
1018412
225645
254898
27954
11659
368
100926
406888
182371
187716
50084
591
3130
7788
358263
200979
187477
211853
64624
4176
26346
633622
77884
233546
0
774084
406
49744
2520
90271
761768
549812
237957
207712
295989
508269
96440
35318
77744
1971
135372
862557
122375
173240
162019
660779
136
41953
410869
3615
219442
19993
442450
1522
95090
3463
653378
131151
331039
249546
132080
87501
188811
457846
12780
220143
18333
3316
150371
33196
143923
98463
797272
241279
118916
94172
16577
63887
676
555
352475
147618
976978
214020
238062
308093
104567
640933
550763
161658
282917
587734
75997
7733
60979
24999
318082
1284
27
2957
171
3891
3583
7641
3444
142
234207
559
18699
448456
487964
57869
50360
19658
39378
21792
80931
50922
330306
634801
1066
379108
27619
16678
237370
122
31310
459904
213264
1347
6054
690481
137150
1194201
8001
288810
239244
180429
20056
34151
1362
218105
242410
379242
28875
182342
259
36
25793
720086
78121
29569
21629
23962
209648
231868
59435
45241
5244
200914
219433
138310
13926
162495
613653
167770
60344
191514
16141
43797
420717
55704
84003
74137
44786
56104
9114
30489
493889
379666
250591
330167
42847
905970
23351
10912
87814
131179
17146
39336
37993
575
122
20984
16506
240
366737
12936
159614
30402
23494
61563
9745
786822
25125
223750
1084216
28137
321185
728454
172705
581720
125184
95585
416126
37350
91
733539
355841
36760
105445
118586
106561
74695
585803
205782
1439
70063
1020428
126624
199037
155349
621636
35919
73525
532521
31581
163890
265516
381599
111578
87
78846
66154
65376
264848
80159
13268
154389
195241
257650
924
2082
1748
3538
4966
887546
7442
59422
16847
141003
42922
42870
46225
11652
115103
129873
140986
313396
53466
390
10392
0
2626
211143
248228
427271
1852
74675
193304
758779
10025
175254
32616
2192
232976
3433
39268
22039
22721
167304
25441
598251
17149
30152
87535
581226
215566
31210
57
48172
27865
3400
82736
1357
708174
519708
3274
733113
101624
348405
79449
198774
960639
20698
9671
279884
24400
18216
2946
397903
29554
31271
10
191247
152079
155
35355
32539
501285
105348
459808
78921
133165
77
14250
184764
8611
343
248
773539
2605
40699
791407
499727
189752
501421
378667
611701
28488
798655
199459
81330
805850
53064
369206
14524
33219
134
44389
275997
38048
897
347648
457490
32395
639361
261603
1276
10179
408037
529829
29109
19035
400248
220068
482772
228119
144
66976
143886
153922
3244
47605
313990
69666
103467
98839
277646
16197
157708
19767
398808
4022
348
9007
584013
47586
306098
62033
265239
129290
1373
300412
184058
205685
712946
18819
3992
57784
47111
87663
28389
697490
101450
846
649
45090
7899
799
974689
326151
166131
6621
151081
15233
57492
563
159243
265936
48291
61128
72368
104392
1416
884648
41493
9674
12350
94993
5074
1803
44235
2683
30975
323663
15726
635
557764
49108
119086
533586
872097
23685
93860
174019
244669
43690
285179
0
32830
82154
18401
7284
296756
993
79644
620000
464337
351776
52573
197010
8071
600713
110826
441794
26886
62531
177162
17361
10123
199202
218735
115024
863933
187003
5674
465280
362
348117
251123
454196
16077
673851
672570
89029
162954
534716
427720
13763
12637
2088
348706
260457
738
337764
752858
67093
631821
36166
20469
948
39439
33410
54855
4769
1702
129033
48602
80126
445168
2883
359214
6271
69019
176055
380013
19336
214522
116106
8165
48846
423471
66804
699479
968819
190425
312529
134519
94435
686866
248756
191620
867798
87790
61464
319554
135841
212267
606789
495244
279437
460573
153326
962630
243786
2871
1371
667108
49
127167
745052
17850
470848
47
620458
274189
546276
99740
553370
64716
4869
90917
932069
142267
179192
193603
41797
0
352187
24892
64730
221172
334124
129946
353357
28946
451012
425814
6608
167
227196
27290
8
381972
67103
242459
294835
5508
0
292575
69998
775
311599
70228
43638
45660
6225
230767
704093
133328
9331
555205
5929
100872
432722
332029
1193890
697409
5498
1034319
193408
365693
20120
94894
202
296027
304367
178374
101700
60456
46810
955399
98748
17871
26565
9040
25100
172412
80068
1819
102024
3461
464640
37011
10210
106050
140204
41960
339397
157818
353103
2565
6835
244238
120289
5365
1114758
102223
1122
33607
119630
600921
119949
431868
22201
78572
65846
169509
37169
19703
608228
157838
11184
240765
521677
33769
7942
1843
722094
295706
98922
2785
114668
139706
74709
1446
20428
708211
112267
320182
618890
629
71643
3187
2082
786805
181922
3888
29221
464841
404926
122741
52787
2290
28100
401514
45068
74271
212129
37941
133810
396160
7211
136333
2232
22412
148312
1005255
91914
102986
164404
476111
636951
30747
86395
293831
53356
19081
4282
790886
27320
264012
74886
1582
59316
80944
240867
26967
279781
15577
158616
5089
2608
15328
252965
350359
137357
329543
230100
216502
28337
25914
507832
13532
33932
12235
179740
127423
743828
32360
994449
9
697081
16348
3940
682
153824
603688
46993
280736
72243
6184
27938
309683
254761
750024
745148
361919
309359
39672
3705
35094
96190
9700
420982
319499
197434
998213
217818
168926
420884
363349
34934
18984
817909
527767
815358
15310
950092
34904
941015
3667
81831
0
828385
712392
171366
1123
177916
6246
468309
32439
95165
70630
6658
53024
447433
87483
130
268924
239999
3543
5613
484058
4730
1050
18028
52514
168938
500003
217690
19039
203564
348641
401375
154862
8687
7817
591
124232
673618
468579
263292
9193
60673
21027
471256
503191
1227
258284
80578
90826
30854
5040
541
213919
125706
98131
39319
39471
660503
271631
46956
525070
176183
251282
169103
15801
74780
3637
12502
492531
249941
522812
31295
34845
411552
2409
171386
17
164455
93224
419
486543
131957
848
10633
126649
459400
366566
127274
106100
958575
13791
457506
754152
71894
46512
195535
204422
24152
136848
12676
100436
11013
143689
510939
192162
239820
52431
140745
229393
98470
100246
34
202509
1927
2963
775
3711
221520
61838
41731
31917
151107
2369
318106
97768
640914
17
129232
113628
279963
74858
381382
399205
2720
87514
266052
152389
249214
264341
700810
22870
0
55330
110
94782
11057
7672
20988
283864
275949
810702
168038
62046
168107
11356
3262
18139
124326
1004931
129506
67532
39713
199258
159938
414846
104763
644216
436381
290
209357
788
263144
291107
10081
36144
286244
11391
206938
5961
182562
329
139051
7205
27
131854
39993
1702
226262
192884
35866
256194
289027
3167
807
141895
232759
137622
485122
265460
103339
363325
197198
115733
11980
23943
284778
30755
11024
315766
878633
247042
685893
3075
24268
271847
388531
8349
247317
55789
357359
381030
653026
16616
0
257614
438018
35514
13710
322814
549403
139414
497790
197
278023
2148
3727
115923
60747
7541
126254
15
130699
2739
35835
241612
4769
292390
47462
192215
825
295
124503
44609
53743
537073
135
136720
402986
114032
88817
32098
128728
9757
75668
58242
563704
208891
253
424834
245474
68287
19196
762874
561361
49743
214751
149648
146826
37495
530432
15012
265437
997
4387
309113
9656
75749
27239
55803
32060
2195
14319
69140
22958
20413
556491
15
92196
36216
340320
2130
3229
1379
272
388672
51768
32245
5954
87243
71119
71091
493068
236833
2949
120474
99597
11545
701629
321
19188
9967
5485
21131
602744
762181
393372
137637
373260
173484
239285
17
31075
214462
481698
811
65918
13312
20369
301320
53179
50652
218516
30827
337
172353
536
7138
542144
122546
358690
809
13023
299090
85100
224
108
270743
249
3862
283107
54808
29517
3083
51934
29595
529115
15736
13624
40562
17847
6389
181252
210147
786729
193223
739446
126738
68032
297131
141192
839184
107399
82533
10844
58775
694778
2272
747
50447
361038
748118
183554
151457
458689
272523
85375
34658
47335
4134
1061117
760564
2212
294225
960
0
13961
697961
65589
792
82
394561
731610
1141273
44
1235
12360
344757
469599
3781
528991
269683
101354
1359
210309
431537
24380
3146
88
178356
216691
228394
25922
116378
8144
232219
436807
186103
28219
367500
490
24885
237693
52462
111720
94286
152583
406513
400732
441558
69636
2390
4304
517553
3262
405961
2642
45454
2503
13967
533714
52066
153480
287375
28621
526222
530
2379
81350
222228
107450
2100
5331
125209
196678
0
0
281456
864349
10571
86430
6496
2754
4125
495680
97185
86110
114241
127189
543104
11133
60308
2288
82335
46068
71486
81
87094
1679
2814
24642
142064
150068
257363
213061
577882
74641
6911
42194
113889
761613
505487
221155
160830
243046
290482
62502
1150
552979
135814
125404
735434
228224
580983
39359
55016
916
12879
38857
75762
7867
22605
937299
84704
149465
12826
157252
138197
63471
273862
105
46735
364
22058
28943
1449
92190
5283
59134
14740
13097
360782
44881
95115
47273
91915
5896
435275
5309
158
245752
288787
117302
379139
275342
8814
526004
136583
17189
47774
663526
926
796106
13768
242985
378683
322242
56379
110015
1051850
71854
22729
119863
187655
496169
201661
465550
417275
347
1659
14348
35778
37525
7445
49482
18401
39027
449610
53956
48115
4338
10325
6488
236533
150048
6654
797935
152478
47407
50529
187196
5728
224368
24283
938
3936
521
44859
5595
101495
125191
477292
373902
476
345160
71403
494538
44377
40533
30796
10837
42381
36672
19288
178613
98057
150353
14964
230
85856
210692
15073
306211
195285
290382
39982
29264
1325
362566
17693
45651
5227
961193
554632
19
369351
2033
75298
646612
186082
192927
82080
143370
73131
208939
490484
7726
3983
100030
135710
247797
47319
224069
1056204
380105
211425
8813
948614
1018
317701
164105
555089
12667
60174
73070
16606
57
990008
82856
3282
488
70502
19647
550972
15972
433
590185
489
451532
123943
125
5445
1042370
88819
123398
29032
8730
22933
726918
88303
7665
380041
205209
5180
1607
254069
65489
58722
361464
321725
957346
7364
114236
42
170236
255310
5053
46358
350359
1373
10569
10888
46151
29657
966895
0
48
2233
14347
602
0
71517
225329
413996
263569
9
1842
227805
431809
860792
775286
12743
84378
86318
29833
15165
32506
17478
326407
143282
16166
867330
17292
87648
86664
17590
318403
381162
29353
88711
531027
72263
10969
199267
228903
85253
169116
428580
12108
469297
351438
359783
3961
558054
60954
728783
956306
565903
552333
5901
30415
3184
2991
48833
16465
339599
41726
7421
49464
173246
376869
767667
674482
2526
3660
44782
147797
204310
111242
102
49426
328474
46191
5382
657
207980
377786
988897
40913
70695
3819
257656
46732
34
477614
64532
348475
190151
5453
6855
611566
114942
1148
27
1787
616184
50737
239355
7826
8029
195148
121231
447949
336000
24110
303661
7442
342511
1107
793603
36770
167811
403023
5210
28506
463493
59600
43224
507544
1087
36579
213416
369153
31516
200580
100022
148427
5274
368146
132838
426516
6736
26008
17905
540071
191660
519678
18181
269564
239180
190817
204866
160433
128201
344322
21560
110005
42324
285260
100102
15887
9412
419990
27280
322438
3296
1794
86363
33834
845563
12091
603997
367061
79148
189081
175423
726777
25396
19128
51542
31911
12339
410413
3918
1680
0
105292
78528
9717
66
2752
0
12355
10201
32433
328
331993
91911
9751
607590
71072
896764
9683
158963
178576
1808
191795
826
67307
91978
179485
26635
230515
140230
625323
194885
71791
49294
835081
783290
341301
46108
570679
21620
123519
19873
4647
98047
14145
151
80967
341133
11163
34945
572941
26468
0
271380
12893
27074
53177
698995
19195
155272
645287
56166
80735
590700
2292
83886
44279
17380
76395
147262
285554
54248
389059
31753
8038
529327
848413
78080
32131
336254
10
28002
634633
14506
40320
22902
65772
665027
13186
40335
16854
60348
49661
315964
222006
368724
308373
57303
184731
573618
94127
154131
8608
1978
319501
20981
25759
940476
18017
0
475510
143948
38461
112560
32226
263878
69093
150
208592
27196
3176
43976
19152
593271
55302
13031
480939
227440
63706
16846
381853
374554
35645
324909
146339
9798
8265
355646
2208
412950
92109
973
336493
588278
0
97061
4682
88518
78531
117064
145908
832541
122816
121916
95415
78099
21478
389863
171310
16442
502571
5081
51280
7163
1101263
8251
259075
119744
22230
43072
123
5602
65721
188009
386009
60497
25437
408349
284847
860596
78222
944132
142567
464315
35019
9
62925
31788
353958
20185
364611
16028
64378
11826
125818
85653
69652
177895
55386
62029
384038
2342
121999
2837
34921
799301
61880
65391
28042
68994
0
150
557000
775845
139112
383139
658210
1380
28015
115886
439001
172251
141578
3872
395
633305
183380
10364
81555
164811
20677
547103
223918
74898
294398
57461
15238
354654
468256
363391
165530
139291
272952
830
2705
626827
1375
105887
17643
381778
831569
381892
97981
196871
381
255391
279660
617924
124665
644157
351371
7842
112684
57667
91855
344127
61546
12047
492447
98485
363513
11752
38717
5957
60678
129022
16898
32297
349836
4349
845944
611103
5337
3315
174396
0
238479
6099
312074
13245
32581
59709
167597
29454
17
281679
158739
5442
6212
240983
790
151195
108317
144021
43196
16860
1081839
19201
175222
64
160729
39579
55763
168399
730579
95448
60542
3014
330340
1407
138017
749867
183124
123182
4753
59193
93503
864341
78640
48590
54316
140987
51983
243
5480
5283
77466
247183
29622
61169
126559
205433
721644
29152
16270
3502
25550
8293
861422
481955
159379
38760
709915
45438
28423
38593
156312
324861
738938
11140
550688
220193
171164
220
9779
242144
711031
27956
6275
375751
612592
0
215028
510577
0
2393
205238
163656
4653
243179
821137
324379
517713
1299
193639
342197
189476
44651
363643
12627
161047
91220
129618
40664
4802
23114
259102
15472
552
1913
1875
43781
26033
36180
29318
539185
197228
93283
250998
29632
101072
94409
359320
80110
86298
492422
425497
162417
8183
506291
46111
108728
316841
1993
4380
1240139
3067
203281
13727
190628
906180
45948
3103
81
754996
128275
45720
255753
14721
110236
93371
2288
46571
201668
98537
16454
54
40484
56192
94188
1426
123411
200378
34730
67460
529693
145069
2404
281843
19
383293
316289
479703
454855
64216
337150
28640
47547
146875
103323
26
664296
127251
82037
250413
31259
139055
51731
54484
10451
107409
42323
21655
8718
394840
519904
16624
296684
236861
230580
586663
7902
104
452
45963
104
49555
22948
188
1811
96549
158669
215551
44806
471474
189009
452929
242439
39657
46147
9467
19789
78968
56
525308
557570
644756
2025
360
683672
371024
3875
5905
632
495
81467
0
524371
902
20130
49082
283926
440301
334959
1192
21117
0
7539
526761
1202
11
11683
414099
91236
128580
15835
88980
156826
529766
15624
124253
28927
12250
4007
98
490686
774798
383226
2912
768291
194756
55822
154469
210
28150
194349
273775
128524
5936
120342
273547
658
5526
777592
12200
435310
29187
664488
225
476284
0
227
129290
1118634
73698
269724
73672
318559
54532
2366
761
824590
0
6745
542973
343739
17
21977
12943
98617
124
14
374211
170901
314855
88483
2056
587594
10514
1133
6855
389643
128056
26221
61755
413299
249368
256221
721718
210123
18663
520264
128525
297258
2969
12587
128329
163735
373271
350
85425
43157
25012
10478
21978
260014
334454
105571
88286
595255
70560
34024
103091
16323
210302
392021
985980
962678
1680
68643
246144
56328
77483
64
35067
351178
177630
272532
2700
15720
11710
22290
128827
31968
423294
6395
22616
904533
395916
632029
369431
469927
29450
35745
2567
222561
51794
416177
113821
39725
25584
28082
631608
112505
30852
164
33645
437120
312640
478249
8590
64364
23771
127
13952
74186
147758
43540
794859
697106
98042
290737
4742
8190
721681
47326
557995
57175
47507
98
6407
15200
389158
123839
28066
66714
129548
1969
128915
12490
297
21245
259788
402766
188
14811
1024234
394782
326
41177
374234
142557
658200
71790
31682
750326
125085
297
33030
60302
336014
271926
496944
320557
105247
11559
86498
465551
6336
5056
330318
110415
148905
767981
224357
301952
14501
51335
29257
576
632484
44232
4620
973
173320
906645
993226
9454
280307
96427
785908
426063
685448
21443
284346
19398
0
155
429897
512528
20670
133546
7068
1796
56117
204501
330531
52814
261310
187152
723249
3135
54928
48547
333679
10009
910332
98556
137827
5740
720234
28015
9114
182066
12079
17546
62991
84765
176069
16001
11464
0
153097
243574
6174
208
190856
2706
125769
98925
629402
7078
68991
247028
397277
47208
116237
1360
4794
53051
118867
735904
511677
659
49964
9226
185667
361878
472048
68509
49788
128317
32191
40426
1395
82353
112844
158
10378
443199
381240
1405
683227
438981
317284
90644
67398
15105
3051
9388
366365
128615
102024
1077
349820
797720
1605
23041
68829
161540
233
37893
261704
486161
846
119822
1169
125876
817957
11190
19074
20694
341278
57378
94216
115272
4831
291009
70804
822700
9277
33233
56198
154467
104253
293615
758329
89527
503887
309428
293282
90698
631955
264399
8823
7246
302625
80445
2188
321460
42476
231987
11841
74348
356640
90516
267413
199270
16183
714059
4760
255390
20229
249131
3115
502
71628
16699
32571
112771
137497
280146
16921
390928
582
426
216743
110455
595737
58557
11212
79778
333731
520057
47918
82421
70776
249198
1129311
336534
215028
1629
232894
965997
679
100251
111502
30096
46
8787
10310
419
143818
457100
445488
348107
57672
424001
637246
598502
264256
71794
262
20307
2328
1284
213
570942
3608
236474
1232
271
123741
584920
758361
13699
70663
89873
12583
398
2047
657
372
69469
27218
511203
142081
231203
367384
0
282650
34814
29086
888
378537
93
10660
411190
26242
26394
27862
704710
46498
2233
397121
847504
75803
56030
28973
15808
140614
572362
43383
58199
60471
502491
3713
3711
11830
170264
356791
545886
201380
30170
0
12853
18127
1795
121100
32261
784
257786
83755
14309
106439
40844
10561
31479
19278
275592
52997
42590
247569
759362
106392
2831
9359
401017
126845
189830
18275
610384
205395
285260
15532
246591
88848
212333
292842
20204
23588
473280
1086318
169496
17336
83571
52960
186489
58950
113516
8700
131101
18220
72679
68075
324842
33693
6598
106437
263
26047
945
382964
7932
110020
62560
1083979
8
32908
361749
263524
288043
22119
359045
489
65166
618838
311298
883615
365634
53284
13373
199161
15966
5853
122438
711894
13581
774205
0
722500
263450
16960
5220
293956
250453
138106
248626
151083
30562
3627
226433
393836
355295
564809
982559
392473
499552
365737
785539
656178
322738
116922
223
1063315
52648
5729
260162
192615
45443
24861
66260
22989
680617
56530
115301
157083
38611
7000
308011
236222
63548
0
390
58198
129
21734
129550
166719
18852
226331
116013
217400
91930
16476
3449
174747
111353
496387
1785
80439
545855
365380
261000
400518
187518
937546
422505
40064
19192
503982
147644
9423
1324
492665
172167
801778
149601
38143
83047
45457
8279
263256
395154
353
142861
3990
50554
11879
451823
1296
303327
208508
184361
72065
57488
2685
65396
3555
1440
185794
1459
629262
2960
63293
113093
170218
418818
92403
1108684
45425
3388
68420
141851
470300
563665
1126579
846661
174358
93617
697977
225091
393024
58722
43456
32982
50682
221447
233121
449889
327724
16603
37
558220
15714
83808
44481
65850
78169
2408
27230
131214
270631
265927
231180
278117
12262
473969
12986
403833
261
39381
287110
1674
219976
724524
120053
499898
687803
284003
232144
9352
102985
13919
234511
974
146054
124894
47571
439955
3812
0
34108
40310
8156
235054
420993
79280
68214
20718
9
245260
95419
68318
63170
16417
380659
351836
178894
266145
1674
249548
8892
782717
335939
305120
37422
1263
376285
622455
192098
21935
44538
208836
618631
267880
359800
595786
293720
432887
0
3084
385318
88780
264875
1207
331369
14003
3885
226726
81266
376960
24095
215238
258260
96490
783674
20185
98514
254737
164961
157921
208838
60861
142947
78443
46944
61285
167552
150312
116870
86075
52058
489970
2730
1036934
74539
260807
1019905
735287
382122
3896
113
63
1159
360439
18447
13154
234985
13055
460424
33
576592
616438
10589
87256
955763
246144
414
469
16456
101529
251839
116498
672060
2958
135278
264704
102223
419477
767282
58275
349125
15307
0
211608
410626
26643
615197
164656
0
67837
148129
454554
116338
224704
59144
43169
712542
464282
27686
1683
243360
32722
44070
149744
2344
94582
36608
46595
304762
85182
53800
25463
178060
53848
56367
1273
47134
6719
69553
318070
46
155873
473563
1182
9943
185740
12222
37176
1007
1461
644251
140745
155234
1061465
271869
535724
103238
11452
255250
1449
46415
406068
12218
685726
0
21048
12584
51287
5101
447108
260591
9613
403990
2268
87477
77576
16708
92256
164449
337899
10898
352940
102526
52347
13666
564723
441751
446946
8591
2316
144603
17358
1079367
5838
30526
28844
180055
119761
182483
1070475
123533
190
72614
12598
106812
96433
36480
152355
280060
26619
22917
88
22500
689
237260
1022134
430
488535
195069
93378
149301
29811
34486
36495
19055
663817
353962
770684
183619
745155
237995
952739
169756
111453
75234
9
30201
164762
82638
93696
151942
345379
15774
432738
199773
31715
9166
871560
246683
1050051
7130
3985
479579
69008
196561
559921
30844
48772
19822
93814
178815
200182
410429
87577
8585
87424
300123
2861
136994
298106
337733
0
409031
99477
107655
9115
13438
252269
473714
5384
210838
19257
144468
416
833895
414703
486042
26493
97208
92957
11561
30761
18481
86551
243075
177906
177942
109461
779969
60609
3623
13108
611181
509671
200343
108482
154560
165082
18202
173706
211693
644986
334896
351303
8601
214738
49603
887719
278637
97450
12427
75390
504804
6694
27639
237947
52287
195779
343249
234325
226437
157823
72055
709103
735
97292
296645
408301
456462
633255
884
96990
409891
132210
206397
383014
201421
744268
79
41074
198825
97792
5582
488
5167
51840
3137
32663
2519
49
139354
115
148034
4500
10808
35618
6453
290915
5307
84041
104557
76802
10
68992
10165
29576
754801
1036364
122
219502
705
81
118720
202593
24358
35415
979
299349
285413
249630
9187
34964
511502
177836
3050
40066
1831
3750
3402
629833
2812
228548
171807
47128
256896
273581
182892
310
362038
233866
6714
220791
44424
66328
7769
4199
417419
0
14340
372593
157265
153943
756248
9582
574546
54130
258366
13421
119864
571153
106827
153185
3672
184258
231378
754635
926673
81497
27844
879
487
97658
248241
27871
71497
75360
69140
849592
130302
1900
24963
157644
55737
37780
9868
31347
649221
26309
54
567885
34404
378035
95487
774
5003
78682
104451
243040
26842
280488
91745
122931
470718
107867
289079
216231
382637
578132
106246
544084
59892
879836
70
347
411457
692914
4339
115618
176139
75813
136892
91163
268968
207496
277078
177312
913793
117721
1149506
328632
400662
618042
8188
55505
229677
14294
0
76619
165485
243089
2814
7914
56050
56593
86253
64143
670400
206246
178805
14718
425721
690632
251534
296060
306185
457
56736
402996
13981
315835
781177
752698
173191
70099
685164
481
17745
66514
166775
428828
118966
46480
50164
0
38858
8776
12448
233213
480163
175981
364157
510184
490335
35842
355900
189629
7618
114676
761099
34596
775
66490
534043
20710
56549
433179
33092
119149
5075
717394
35370
140609
358045
4547
0
3306
13380
567554
178869
837
12840
1599
627455
192748
859279
22953
98643
32004
462
392549
201486
95915
5864
259525
292
218777
12239
134074
139047
425888
2070
1019029
20786
533801
653612
11556
125
395919
342
439549
18373
140183
27119
6903
422591
442495
179737
75
51601
17245
155454
26761
6168
16039
572773
78433
477779
1479
469291
424260
48755
328688
512203
1202
358687
0
344106
123123
124057
69533
152582
74253
75240
1416
11495
3026
146283
35624
336075
294574
98285
513441
48820
49886
54426
36613
133813
795
26
51015
1419
340520
60227
362298
65611
10365
288543
5905
63305
470826
10990
7696
87684
209242
30842
109475
141541
0
195921
113453
38370
31383
3446
187176
215525
13669
38991
126267
950
706981
4872
922130
403389
10386
270231
4967
454930
684620
74013
30645
0
40775
225477
510436
42350
541752
78584
43326
276742
406343
78528
1859
11972
709806
85104
158632
74232
8028
24
28077
3300
56190
227982
306
426100
704
488616
56553
772078
635864
1134928
4125
110731
0
125828
1003
518966
1738
3631
408969
0
345971
64674
2002
504403
127080
28224
850
152202
452773
101982
65734
307714
76173
887724
153190
59812
644464
12062
10397
4512
136509
7415
564248
89539
1014
8826
468
3920
3382
49846
768309
164725
35639
314818
1032608
20207
162632
93415
9778
18260
335105
0
25107
87624
43371
545796
209288
657948
464826
669358
120372
1495
498660
38730
379675
46447
157883
187055
3098
29869
368046
33714
202314
323
112
147587
644474
530366
7916
21500
9106
96691
22063
161912
452379
86297
116537
173375
423957
10637
641090
238857
15556
14130
293631
23383
30437
710
11459
796293
259059
17918
3265
624772
23538
126958
137251
24413
324
48380
90999
8573
18294
1222
55122
32396
118225
161
58259
50098
67271
58007
22494
40271
145829
131969
63832
166355
306674
225784
36125
5432
203093
3654
95851
14374
64116
38903
1742
308346
32634
738022
790
66044
272888
45629
208791
96032
307241
472878
2869
283194
257449
137785
143725
369108
92232
252283
286237
94874
437553
224299
10044
10851
255538
2827
5128
743128
271325
5559
169707
28449
62487
139645
45130
324538
525299
33570
62077
61085
692969
14546
813094
475373
37566
79201
67415
96103
437648
584
17
432165
191906
2447
253
359740
964
26994
976
630672
498693
59060
8989
154266
933253
11
105134
24033
147915
15270
164
435026
754157
313472
8073
538255
52190
23280
5005
618000
2394
2145
42877
151532
210594
15859
310179
175993
12472
783778
17683
404937
3682
333121
27977
50024
169056
462178
51919
808439
13733
847959
23
294171
890
5101
15332
64213
43905
43636
2341
225209
2719
6743
229981
75601
1707
18444
87302
141243
492514
60678
10019
29527
34363
340083
19185
791543
131845
7572
291381
399482
2332
0
10
170062
282257
26723
88520
266528
225018
164861
33631
32265
547398
4062
3962
447418
1172
715814
472615
1047902
143853
239965
654641
137906
244339
49495
8229
457023
312278
1207
13343
11180
111452
280315
207
147827
131988
1151
127997
255002
28433
5901
71769
45614
171252
125758
0
211741
106
52664
4409
307266
31918
172999
50
1409
671521
140063
15163
631816
229534
17153
1876
185355
73212
18889
431
503714
480919
722079
342
351322
746840
896024
65049
215950
809
565608
260977
987408
367048
47100
648240
159570
235901
37074
8246
11014
49916
1029965
2932
212636
18432
327659
37832
280909
151649
185614
65817
82222
53597
1483
283944
236548
2386
307722
1889
30724
0
643962
554651
760748
81347
163
1810
76889
779430
727209
113
111825
156969
24720
474106
0
5588
66292
42036
747792
71994
42732
105201
4015
2553
477534
46004
62566
69044
13276
55175
8657
191083
236454
16211
592217
310728
524915
239631
368107
126187
11967
12788
5865
9609
5329
56152
16205
1047
90967
804749
16898
401112
359608
99567
503985
17578
24421
706
281360
44246
81320
31961
319485
513352
87497
1072189
17318
199082
11651
1811
780700
7434
706126
648696
51973
4408
6422
25689
4197
583060
306834
936371
62863
238098
443877
166306
21920
30018
42540
171644
12319
32707
449168
24397
133387
576004
105743
304494
3616
205767
472973
103846
39545
67475
108293
559812
431542
306133
10482
148994
581966
4024
36599
480421
7464
9380
24449
485
13224
191491
18
53725
766835
23458
4021
1178602
0
377148
239060
257349
227369
11121
191
486639
866885
260908
9448
106142
15159
100038
9178
38084
202813
334247
104521
255440
9835
192365
475360
12748
22755
450281
26821
295
171839
393961
659317
126575
87614
1170
252286
101015
14595
154475
18965
663082
3176
20230
3230
4908
2883
39938
417582
5186
142644
33571
2727
608055
397644
296948
26336
206389
16590
458984
59621
193400
10701
119548
127864
31119
474374
148837
190933
52075
159719
115781
612628
110448
4952
73915
58563
148847
28688
455761
334427
469848
272062
213620
110151
29322
16082
413505
74496
15519
1061400
484
351531
398490
109237
672559
93292
95644
7591
21297
93360
856434
271818
174455
58847
734235
90319
10
4062
249892
39009
298993
10149
192051
4578
72173
17524
166973
3249
275091
33106
41255
166
62633
629963
490195
604640
459401
620
69898
55229
225384
107
59796
750929
42141
481513
210032
55762
934762
233011
660407
29938
36546
2335
21038
798407
145191
4692
80532
145266
323814
401918
404036
78704
8688
74656
594265
66436
529417
2826
12933
124330
69448
157720
55058
442374
517771
176934
765757
71274
33280
17908
199118
1676
187216
177305
5161
483442
76391
9071
81786
2064
835493
50588
128672
143472
102127
395272
286037
78358
459149
44065
20975
5843
581844
181386
113405
215866
4767
29799
424973
110870
82720
215900
579419
2030
830
66008
6659
11747
63175
17338
178574
50761
107944
112347
650250
450028
121985
495156
53518
86028
376073
26
25942
2322
780952
1275
357110
597886
36778
608218
38355
304926
29
173422
9388
89137
811211
336648
41143
92056
481235
323914
549845
334143
11028
12989
157757
98768
591777
46142
44747
45578
36401
68
343677
75987
784
75168
50450
19970
122120
5963
13256
228797
282197
28074
37375
27508
207130
907
20035
183706
375
586741
855602
381434
236327
325380
32923
34527
2437
200725
167891
21598
474336
123293
11664
41836
622394
105651
12294
1724
39270
2891
1067
96667
73286
0
106575
470265
63577
107325
61621
49430
168703
299593
54336
96367
27946
876624
221080
212629
291646
474379
857566
308794
357942
292079
221331
63312
9341
5277
263040
165317
107844
22270
959837
163055
126984
41
172577
321585
760980
307726
879291
9
433609
458164
40571
65289
284088
17820
164477
1169
185600
65363
65111
339551
80759
2396
32911
124757
344011
920565
211982
249759
149277
3978
112642
0
19555
259396
247170
61745
215173
312877
21157
56575
28018
19632
108216
58563
286167
209366
287290
478979
29869
96204
32859
447675
182134
320061
97651
203814
538977
134336
3449
124158
126084
69746
681019
153072
143602
47041
100158
448683
66028
329437
363241
924792
699646
11205
358681
13674
6478
68036
903293
21
16314
46534
0
698984
149415
501531
22949
129169
153701
122832
226316
36
350380
84375
7499
878478
157265
6040
556949
406535
780828
96306
223252
65601
51346
2116
160173
49340
13888
184362
327
486787
124951
2115
49118
208192
253245
3305
716495
519583
40469
96051
20840
28670
276820
29810
834934
355823
36923
150198
12926
552387
240910
894746
154116
66821
16844
17974
610017
130427
150384
34436
498797
30755
61261
630
53352
48885
148140
10
499862
72158
521372
711225
102915
161371
80585
133959
46329
50870
194
691348
40515
40334
146
193892
18561
180211
45743
330483
145632
8148
688928
926896
264513
183842
212509
47909
835451
386822
581063
3111
0
169498
3873
32477
837642
502211
356080
61005
57473
284782
205167
482699
9088
82443
195
5587
1438
58932
623694
649687
3267
1025920
22194
60945
3318
67473
83513
480202
398111
261145
9
129534
250588
45522
14664
202
234063
15141
175031
255750
0
4854
247385
274263
10752
183111
254059
53598
362891
4435
501824
644675
133668
693583
13492
192150
204025
1314
357202
160150
60
0
403780
261944
48322
1003
64817
784742
370140
5410
4061
3893
17977
130270
5778
58041
935178
250123
453936
157897
460892
327
272363
18832
570649
1184
2030
45914
444238
84662
599749
577868
427361
167317
101479
115958
103737
237607
689392
1537
398701
245747
208472
31519
27887
221768
779
478526
11358
97144
28140
71851
77977
51982
295758
92084
740318
139911
223069
105450
181059
108698
48271
2940
446344
268
292858
10765
289680
147234
206672
148236
291955
120967
147359
176258
29027
29454
26451
73554
300212
44
120
1139
284419
11600
0
376505
698251
306740
30110
1624
69887
5718
1140
42107
208442
625361
645189
145
270002
415049
46033
614116
62747
562044
648483
231313
21586
89199
37523
10221
478509
11249
8885
251233
16018
10
200340
333482
31043
159027
209839
49611
106
815255
155
455172
168242
81085
969
770
18442
460279
14172
18012
133152
895256
94297
62438
45782
14193
49658
0
54
44000
236840
5423
606152
268
154442
697388
15042
59357
37000
398333
5213
140954
15977
9797
23769
111939
6129
512496
253569
3664
394614
7685
63680
122783
165619
137191
398072
79595
303276
228033
17544
17854
671451
10680
538590
742
382774
67942
120575
566697
2792
455522
58626
14992
167
34456
692
14186
65795
11511
42220
351020
3650
106505
78473
109
46534
4669
67960
12410
383222
1001214
295603
8269
751
1006
235747
21205
282707
43456
63683
126508
230966
162519
336
2642
119110
182739
154569
611721
915772
32876
419790
8644
9876
7045
565804
279854
493780
74640
14384
324119
405858
643873
868
190660
997
182241
263438
127162
928591
12766
306481
29179
54209
823021
230306
465967
33652
62
131383
68383
4025
237367
93539
353911
340157
125997
9693
290309
617459
24351
6125
8377
514838
120810
8951
41434
29252
2321
99653
222242
103840
819
163817
771078
140769
1752
34544
57261
54679
4684
95883
1067
87226
2093
73013
113226
29709
484207
109668
85268
118741
40709
154026
6632
234670
745709
471917
206
41839
22758
58480
44
279749
600775
228300
4338
81173
485078
140248
107006
1810
96456
95639
357316
4374
192865
167024
248354
135440
950490
70553
7280
1602
2506
1716
87812
6876
602110
521559
335
60651
45956
35171
882623
486856
613200
804
142983
125158
86061
8098
471048
28142
110108
8863
52783
20898
7711
63333
47232
146961
263901
14363
671120
238
618992
665423
454246
139376
443116
190884
236658
144545
3322
11966
41669
276585
10
477755
41953
32104
95307
42637
130
107661
276181
162405
1636
218781
3938
54193
147519
33613
329
156211
243897
4256
480418
871565
6391
61562
117403
8919
18064
17441
285712
228152
1006247
17876
525436
315782
19577
919744
45539
25772
99959
733
1902
452116
20998
307056
244692
192285
576495
98411
8387
79030
1122874
59910
74866
620459
2685
185211
12985
18747
69129
102601
490355
864625
36857
198208
739625
102489
69439
14207
65517
180740
0
4679
526
482315
93270
11667
265536
3434
726024
324229
523605
257380
1087003
473411
2211
70218
162761
83875
36174
17310
94189
145718
164940
155764
118557
34032
39630
462023
15077
39545
138709
258494
115920
19380
17356
284582
51953
8872
284779
58019
26393
424595
473640
288354
2781
268935
75150
232025
187914
716239
330674
356422
270780
549852
8658
392242
31808
106589
219534
5823
357469
11366
242454
577439
512578
716
137875
753439
93425
237712
349728
26445
34973
1011498
351
581000
195726
106596
33360
22730
282209
31278
45691
172
255504
365168
116749
523175
205842
2746
36
765458
4644
68103
1928
507744
215264
886385
22631
106411
69095
143665
27
309867
82452
284186
355092
38792
82437
1006761
0
488420
23634
101748
276780
74058
178765
141982
241598
60294
31445
558022
706769
19526
176201
11432
62893
160345
936131
275659
317349
315355
121
167717
381983
49091
101859
1456
22584
895546
114842
140583
310689
4247
5469
72094
344097
33618
212680
30967
331064
506062
106066
242085
354367
345752
878
297829
279364
59257
502390
74230
1353
756015
39403
256803
561748
29
240737
74609
18314
413540
21861
346192
553323
431950
162
272402
510876
344606
1844
843672
659181
158767
601081
463
5123
148411
17079
137789
11478
659363
37551
38421
410171
111729
89282
1354
38360
27
28474
4146
34634
416399
10928
125919
532167
58181
104059
342526
1196
10753
16943
0
1061
452727
23622
41072
62071
127334
892
9956
263715
339905
74117
8044
154236
19784
15736
214205
111584
36334
5179
7864
192463
565735
526657
69158
166658
13223
3925
223308
74442
491614
22341
261191
159001
513316
264430
239
28616
384840
8159
161348
12404
47
1997
48433
819923
226471
6266
24899
261215
85754
39642
0
42439
317395
106164
145904
794
2549
272920
2399
230784
68804
600054
142101
12348
353505
165340
35783
338346
0
6168
48109
800341
38957
1931
72286
346595
8640
97332
15122
14952
835248
107428
1273
87671
93798
179706
425010
174516
465727
253545
402926
1036570
90055
8835
241846
4259
10175
84143
0
21733
22216
195054
59376
36854
7818
38458
126195
793715
264525
154975
487626
154033
21757
88
17906
486051
1432
197556
45544
339977
992153
105106
1101080
16087
37
112632
70734
1189
461340
774826
8480
60456
214
2655
455013
459754
399815
2142
526839
947
32474
1086129
15795
246516
12469
20793
12786
708191
914200
17
464574
151905
394480
9991
38779
209488
264961
14293
18211
57578
43631
244358
316626
59505
85380
3355
10594
23156
337784
5142
191232
96571
4699
61493
2284
86506
33955
82679
665609
127689
51649
174361
46472
56587
128724
140180
337752
100695
5976
53528
134532
586003
3773
31353
200341
417163
911525
23050
199562
270013
573077
1663
23369
11
393401
69105
750539
177368
5679
375979
425137
735191
159
43225
551029
74506
396
121536
77799
12682
202984
14483
9
66888
47218
79310
9237
4279
286424
4552
287652
40183
107480
452907
41754
262312
68243
251
655
196805
1060101
28169
504417
53366
192325
948119
58015
9
30443
283
37325
135272
47994
17623
646146
71508
0
4542
479950
786193
918469
245318
7755
12437
30361
507581
719582
136852
309600
181839
205166
30004
525350
132
56167
6209
913332
340799
17112
11151
609575
44
10878
1435
24863
5796
290194
10268
1876
360387
0
567973
264121
403936
44494
662086
84868
5745
37166
19312
75758
277378
192560
90
11679
70323
19905
6009
69413
44430
369178
14004
666603
127444
190469
580096
279626
141089
687307
358778
155660
25608
8885
249553
193959
109226
101705
236721
325089
10102
68717
31412
150174
302194
61639
299838
0
64229
30931
620091
251043
31259
31257
613
4394
17428
507454
24323
113816
93066
654754
204215
4749
131890
623526
105084
53135
784
309940
102958
191700
9651
21586
382594
9038
15925
580456
2260
355902
196
26652
48767
44442
7806
783142
872452
73151
520232
180589
1619
1485
15531
423313
766846
27
462508
485097
115526
73805
116526
96053
9127
14651
4759
62472
169624
1889
246120
174
73512
311621
31101
128227
206520
40516
701
167892
130155
105741
0
514
2496
115300
13939
555802
43441
10678
585070
804563
478553
6224
260616
350748
5976
15367
1830
67700
260227
0
434250
0
44474
738223
771
94119
234929
427114
15393
6646
51245
211353
65866
129176
6189
30375
40207
55379
15344
0
132498
24255
470352
125622
69888
190397
239752
5147
68336
801
302214
59050
200554
240460
538
287796
7100
544101
12015
10137
16148
50278
2984
242982
298446
210967
156017
46344
236764
778380
152610
8458
119908
159448
239081
113066
42536
74167
19
10298
826
16673
620563
118337
576610
10276
820244
77
14539
10735
562047
216
1144
7670
148539
306565
1148233
3101
215371
0
97
34262
60470
9261
236352
7659
89571
1777
83525
1183
456147
91559
1746
145288
10591
65398
87261
1333
60029
5383
524871
268794
183242
110595
555725
72534
82038
385497
97779
49008
35848
92771
505847
74058
318234
543612
24413
295658
437937
13344
385
27384
333197
489531
19
131737
567
163715
210278
652
522203
745615
393546
39757
82025
0
278058
10863
384550
12275
242949
0
981784
810008
16388
126011
52659
11123
412981
83596
22941
338
23738
69774
351765
4371
248066
90700
24668
1168
3372
62127
371605
164
160351
5697
312836
225617
9144
865585
89452
115552
147912
52116
445442
272665
56403
11729
1064694
593388
28021
108
34048
1141179
641504
7646
197614
124019
942
698267
62491
450062
14426
215537
73710
217080
42755
0
67179
34050
91085
22112
3791
1827
40350
261688
160166
57269
110993
154058
73370
15630
10344
220299
177923
162948
25606
461126
34545
72379
185080
22297
112610
78393
172116
50089
347904
142429
689659
44984
2608
30748
50794
115876
604655
44323
285635
38725
6514
4069
42956
737302
411716
521339
627964
239868
465
38528
8474
267
42361
622584
20689
495275
51720
51379
246794
8717
759576
789733
927
20233
125336
8945
2539
38138
555681
464710
465999
118275
8095
163366
40447
157442
103009
220682
153860
297
9758
1005672
903963
201533
116149
43236
57
19637
0
1198562
284407
575420
783926
3079
502408
259861
783
208
41683
782255
37213
57514
192267
48218
71344
28703
38126
245916
4863
370000
76625
389881
34714
7168
274149
13544
61552
532365
453626
13421
848
71975
94204
99032
3142
236980
209834
435768
56522
157757
246005
28033
288483
127955
764751
573
388087
93996
331766
312345
687238
197934
601740
10229
394475
443
65520
155759
123448
19802
70622
656190
263310
33310
147366
54686
48657
18078
3894
343003
250826
7303
270
175110
6261
34780
165990
203461
40593
5466
86897
20788
481608
3831
10049
434403
20214
2616
184963
121687
6896
416100
23928
869
86147
773955
287780
91030
1762
30012
567999
2561
361483
261200
245820
0
467367
34564
226202
197772
98115
682
13783
0
466268
52411
746430
503108
610668
141151
290193
130557
145666
882
274233
2098
2811
2155
40972
431
1118489
31853
217187
38088
51453
805172
60970
46790
4095
455405
44709
8098
98254
174738
704725
2420
136
125339
625422
48233
3627
690256
99343
88133
83
236869
412
1882
94997
127784
247132
2863
486251
280285
397137
214516
313168
632
33347
52348
396335
145540
100110
373883
25865
317653
23923
12546
3530
15612
439566
143052
115301
37847
145707
235402
21711
2389
273382
591596
18149
116876
501874
421497
211707
719805
259760
488
581141
229413
210062
442662
875166
21036
39968
16454
78633
19
813484
13677
92643
42
747285
19945
99497
9353
414785
670539
2170
7154
434744
35297
1822
83927
327964
245141
127358
102
7059
660843
27751
255015
93232
1049
72427
84279
269897
93736
832327
82493
178570
56011
27822
538762
1139
14701
155750
490321
165813
192
203948
481
67270
766657
2629
482392
3163
5572
2105
2205
443114
26427
194652
336272
19
205795
411786
0
502634
137837
892382
658214
22437
290379
90324
668127
29988
1305
4794
8420
331579
2419
927798
257744
5930
387782
284924
131135
127009
938415
433113
170
648600
457399
132053
491308
39440
28142
0
25994
773981
5816
33818
100169
483856
119355
1066154
705250
8426
79438
6550
4824
159292
391184
0
56166
20869
1073996
476370
92293
101168
37968
49187
358396
43424
262149
8791
632842
302475
44026
97638
48647
47129
194667
67769
86841
606483
689150
1203748
81528
5595
1754
23360
501477
7474
784080
68797
88169
55137
659195
59769
545092
468650
98215
355611
2047
721295
379639
362928
208941
755077
31244
22632
1455
210808
249582
60170
3497
12491
24395
151438
7475
373860
269680
5517
734363
106270
506492
167601
352763
7879
102256
44708
1251
10480
275000
989
688781
24114
1014583
520129
148351
187616
388999
120252
152386
127087
234553
262480
113642
101
735423
133075
220598
49363
3442
125682
21
10767
20371
178270
626425
848980
376562
120358
64923
12676
131109
35763
57114
93766
13444
44676
309564
513
3609
764508
82816
172254
750633
227640
113610
272894
5020
43642
89
735112
54
210557
272558
171582
141817
100834
173915
3853
329759
220793
7470
768855
749623
126890
4111
344097
386856
4196
324534
509972
482307
354459
88245
187969
11288
10622
74589
141175
567845
128902
447726
31822
350460
110281
11051
43752
97464
593864
346371
246689
219012
230545
305891
23599
434
340361
106344
173555
70151
1953
92766
135995
177438
0
249379
16443
1569
49829
792670
35
26150
285049
83751
11177
708287
177665
16159
132717
1369
190075
229430
87352
9
255961
1942
11614
284797
276508
2683
652859
601
629215
451759
199839
930655
763466
4082
867
272927
1090
18792
14807
309624
62994
1039
31096
600
206301
228043
786868
7163
345436
534489
441612
17181
591402
117892
57889
114826
18809
2785
22
10
153140
335540
45599
14792
168117
239149
111461
788367
73961
145962
445845
549623
545987
73922
63062
232041
11659
54
421
254
173013
4056
548834
898764
155901
137301
173247
37158
14066
11086
1380
184443
23901
1111
402670
1746
26614
97764
2159
75331
22533
11140
40533
35572
66472
52339
11778
17487
74816
519026
198907
0
32567
2734
168460
126832
462286
24812
956
27716
104282
94772
68386
81901
173363
118489
72040
22533
8313
164874
122047
38861
208502
12217
100989
46
44709
33246
232813
317223
235
13534
571396
455011
664911
12096
45054
198495
12684
54910
238662
34676
158079
453215
1672
788800
7709
192528
346233
95156
752470
378681
224036
17421
10443
75995
53299
98916
44
94392
204
272454
245383
22284
89626
471886
392215
2732
371498
333486
407632
143675
19783
488284
723440
19179
76287
1524
185501
3907
183286
569
670548
436987
309
718
2017
1085387
139003
184822
103496
522446
147421
146479
8709
93872
43881
70670
678013
512726
143512
155238
553198
118973
142161
73082
1088558
908669
5464
273157
7068
1110
138017
2092
336766
417412
604045
101948
4330
689350
2030
129955
245062
8745
87878
79394
1404
129
101378
472
47355
80524
14086
53956
84439
66711
33811
57983
387286
46509
861005
328183
44484
322521
146253
9266
75078
800478
23548
356481
130951
219003
104142
35380
540314
519315
15532
37430
131843
8300
104850
49693
192012
281487
45030
131653
8703
9766
857778
88457
144818
479481
176702
250
25671
311593
5232
369571
615944
98
332292
48928
300911
15562
285345
288968
188302
147178
4180
79095
30788
91974
7399
123631
290218
34069
396091
89291
1825
153132
381
149913
88808
36
514503
153409
125687
57080
8889
828344
766753
263149
4348
341778
249979
7493
57533
140554
19472
319274
5072
29290
5965
4363
826226
12384
368075
333001
157517
25111
315774
38698
86437
49275
6966
7838
384343
643
57949
8632
217155
301961
268289
282592
595
38385
298014
96276
2084
138147
58529
635671
30328
40998
97278
13810
17120
99245
10425
35610
306
1664
0
134888
228911
85077
1535
318219
9675
37082
8951
93399
17714
39876
220495
26593
572914
761
22923
2989
191378
165869
38925
39534
35885
141934
14886
247172
318501
67766
6748
59996
15189
43234
27216
167397
500444
110793
71
365077
697888
403
135744
554515
405532
755830
297482
244295
57674
33917
14740
77737
224538
236767
737
29
110427
87735
134497
636378
30133
6804
100427
2517
460232
66659
72
271722
168808
270108
340775
6319
71242
5392
22663
19878
490428
483992
39120
5342
4950
131004
63248
234293
872338
350604
634026
25536
403302
65952
172252
4330
226195
132194
25774
103686
26895
258772
522
13204
348369
340437
375
55340
187928
469192
11341
103558
300191
301816
32659
12949
250803
7960
195780
337358
298046
14638
120894
749393
392145
41805
372366
215930
79791
993758
307630
18462
93243
28340
642
71897
431740
60977
2831
614
208438
170368
607440
258604
107239
32886
110957
215127
1008
23363
1118814
82560
21412
625979
185064
2398
477
413336
151091
78186
90005
2358
5120
763826
130170
721986
21186
7753
127916
15612
2709
927675
71637
201777
7352
29073
4218
8813
286218
68436
279890
79580
13287
1137
10768
530108
105500
77180
245828
74673
96587
467093
941
289693
63471
688616
20243
46378
90
76437
644070
550306
412406
665007
3431
24623
59091
12232
114631
14341
503662
325
420869
2747
133486
400273
62761
127434
292003
0
8856
20202
858773
811056
32585
1980
441346
585717
62369
13956
466639
753468
142192
100112
1972
1616
330662
39247
577683
138857
14393
13554
440051
22352
8946
62575
911991
48452
126801
301393
620
141938
315787
869834
223559
458178
268299
77134
97145
73121
186691
178444
804876
30477
174
11702
8995
121557
152141
309720
723
530303
33280
219
5717
81701
304708
15744
408391
417
202791
4711
15597
9
1004959
147738
124514
348935
4658
53981
60987
269246
292851
167616
19
798327
370763
134065
43130
41108
84998
312033
20013
55153
854523
122
228983
92750
385
51495
375662
14098
57769
141943
611175
29713
481949
354746
2920
18151
41972
971968
15495
677014
25527
222339
267212
151826
105727
118835
62823
1033137
352959
291248
610136
736622
458756
46457
79937
257515
6421
78152
297205
3431
149503
4888
61747
461997
9092
0
111067
109911
877441
222261
365778
136582
217220
128455
46987
19216
173762
3071
421399
6004
248437
30223
10901
56331
1104
50289
120576
8546
669851
138661
65365
6466
25234
220589
691932
120459
314073
345646
176369
420012
74471
134244
348380
124201
33311
286167
0
618
616427
493
467183
22665
228929
29588
183246
438
274433
426287
192713
128511
147552
474280
224504
21200
500146
12580
79428
462
36642
122378
585479
218255
1638
42084
750786
267634
452368
122468
199675
23837
537950
409350
17274
0
558640
11
128385
242852
458
77
26968
311876
71079
809926
57241
114668
335787
41050
35446
4249
158003
86773
228084
162186
67690
16999
164674
413831
6868
390432
8263
413410
3613
1759
38764
2127
914118
699230
503403
136207
3748
487336
20885
49041
546317
192833
81168
22319
68363
38839
204581
2164
5332
2693
618654
151041
106
237686
138716
233
129955
23640
5992
87841
52669
1722
732281
66248
359311
42844
50546
44560
83979
924
1717
71487
285029
150802
650081
39408
1435
191184
46043
30
226475
471987
234881
12927
6599
501412
113355
64805
8598
150690
34054
116926
105008
678223
20831
31928
150450
100443
1016
67789
111995
421779
49851
416
15628
613990
13449
17986
59769
171310
509609
478020
182031
113811
113747
83788
2768
542053
456805
99416
130650
236375
130625
2343
83759
578037
151321
105829
320638
86115
603842
906961
3386
287665
1024196
4834
141843
101997
167006
66955
7669
479506
16237
256517
244542
332379
29490
709312
369536
114937
66468
317323
45252
326634
107198
5011
80493
58617
12839
6974
10991
7144
97175
1137
142542
14658
882177
283732
369538
786231
360476
220722
430809
29086
7533
248447
12068
115107
595141
157441
9
204887
28380
162969
151164
338
53844
30674
155784
7380
102882
177123
25096
33020
38744
27862
602380
696
192
22267
12577
2242
167045
30631
134046
8342
120624
5384
23567
90
329124
4867
141367
28789
144697
98776
39742
581314
40962
13858
0
304042
7302
122322
138778
184501
147062
108798
3807
122704
247430
19
1039455
167
181
294693
1813
174568
5200
341876
14155
56143
535
381164
73116
19471
459
273260
549275
56303
299387
271677
1731
9323
52737
13197
4470
10310
386215
242527
258782
27
65958
11568
775083
338182
339174
32373
83479
136575
46
920668
429
445913
1045062
531176
102539
120021
46706
49272
0
54158
164866
84
215447
342858
21476
835188
3613
515195
41491
221215
123019
22036
148647
1074
157773
2115
592677
336334
242620
437592
443644
603407
122434
67202
519800
52505
154915
30132
17
22754
2756
148127
310620
308610
117383
376682
650303
873823
7403
43779
923660
3932
59541
7548
1645
259
2363
265462
448471
177639
213078
42922
30270
99399
26349
100580
265213
421415
173714
425160
549759
0
281891
9856
4119
5431
124908
169212
3935
414121
12129
363398
6767
16361
40907
210245
68841
14493
521
100065
329714
303353
77775
112819
208997
40699
494329
526808
4994
13300
294617
272
270959
36989
14830
30635
281566
773
30073
782086
747937
18126
678610
260892
19137
54742
32691
17304
3772
129433
9553
39921
231591
1419
20112
623130
914387
227974
21601
455
48601
23607
41358
81983
1061574
51118
39603
19301
4653
92442
4932
976875
8
438852
196835
780922
62847
217963
1880
243264
256402
7093
382748
12879
210987
22387
8558
13703
648763
333666
155575
773097
145284
12891
116635
32004
5222
3663
7134
120697
47309
1022647
11125
80
195609
8429
425923
100356
68886
41104
152550
845
50278
197859
122369
0
35438
50694
0
642580
231275
490640
981854
434
718
1322
48360
10884
12195
76297
5912
629812
334115
85320
4508
801
372029
161775
6858
4652
569138
414825
85395
250670
363809
48896
13029
908577
447837
45022
566466
57783
78369
430422
1033
46351
22
509838
14821
586012
157298
176
132930
8844
142121
195
325402
69610
4849
373049
487808
1088
26
46877
828
16797
17120
170600
419722
275231
438970
668143
1450
366813
34487
199675
217922
124839
259271
113570
174323
44897
81353
12712
0
133606
624109
27926
619413
241237
3816
7784
18409
434655
28274
148847
981
43044
6026
235156
401
316027
150216
386068
828735
52884
57054
372217
38573
567077
896205
2906
13755
541551
1258
176
389919
79326
136902
22926
14373
30627
3221
75721
399825
20649
351057
175423
23464
0
290624
446988
276083
81299
195233
38397
479134
566
22602
35389
9156
193602
701733
499800
3097
145542
564428
40444
12916
46534
162237
32198
159475
18403
0
2964
66898
28248
15517
144234
1195814
62156
98629
414281
16005
96430
511038
58650
574452
17855
28417
197203
19870
574104
33140
8138
102986
98649
412218
430044
778278
485516
2217
27761
191813
460465
10981
3324
23831
338244
330483
120578
920549
11192
348494
91644
6877
156304
6587
37705
161276
22476
87632
15737
1082531
2262
2804
328686
577156
648056
44
459274
85554
208317
16071
22001
343117
53838
12
54329
100938
86520
362902
0
39117
264217
3229
104571
142976
204399
301339
26419
2228
2954
610021
439042
6510
36185
14565
132
154728
167032
399020
3077
421
30627
113
26743
29889
236401
4484
24473
27632
1880
5358
359661
589316
66353
22615
325439
77975
297511
636226
66171
25822
360407
229281
18356
329658
295776
80709
412707
50162
30043
124684
97
316746
774194
41627
331242
4756
101925
12762
15665
314757
0
459183
190301
355879
0
246165
758
176304
368242
356475
7318
4288
495535
691766
23548
260355
28319
15335
73376
2994
921867
9
76021
74514
28747
7647
34156
58047
316984
0
68675
76466
438539
15105
211656
17647
117278
230993
52272
2343
17751
19084
26819
0
358604
432396
482299
898298
424909
151049
244048
310793
131843
504783
563494
2316
880274
246280
33734
744484
207107
24252
65296
543911
130628
72
76189
179058
539214
70625
363224
32738
698913
506
390
79782
770248
12148
53340
231392
596306
669858
179557
498856
900699
190538
288739
62130
76
198284
57843
827326
83602
3374
13198
394627
62100
266251
832
320624
151190
207769
207347
196595
110296
41224
184004
4481
76306
140039
14705
244186
305023
11
794369
368103
954
732533
38609
63876
20129
21145
201426
316156
407436
125710
20514
10336
32850
11110
20771
3989
226686
55643
117039
89549
14004
3088
1692
375495
142770
1669
26519
368406
247576
313135
26623
31947
78264
121086
399111
285318
10474
166311
479622
122030
3009
1225
440090
983793
24987
210777
403902
179743
22482
264338
1112
3611
101897
13786
46583
485
86
24006
13204
5158
258324
102948
133514
86675
19055
6251
50295
5136
451376
43090
124159
22340
11797
11177
446643
426872
1659
2539
73552
22423
490496
118315
738163
47481
113013
39421
225157
286936
71381
9786
120922
581078
503320
5959
1896
14004
210956
39510
65808
105766
1049
29963
479666
203
11961
934364
81457
200658
384004
266199
4338
3810
140246
298892
4016
547288
591887
444659
1594
51209
406099
72562
533886
27008
108017
463488
8478
89103
63127
409225
227785
250117
114649
76872
113656
3604
48463
634355
116965
28508
17860
126259
71210
738914
18694
133815
76393
59104
171075
440162
0
1029315
365632
515030
933720
303229
26953
468465
445018
607675
2404
2622
35
69743
382091
3207
219798
2318
23042
218255
38057
1009985
812641
50616
250994
1066411
17301
105269
1040223
248178
64683
188482
448026
1539
179319
412209
18
252496
25251
382029
2623
130661
6801
90487
171664
54076
701222
6695
161593
423763
133255
50789
24546
15943
11709
15219
98
214
613906
163390
103823
132
65265
115029
55658
496238
90129
53724
166932
134347
520733
138415
1071074
184683
464439
4566
251105
497590
33702
1849
16554
382433
90427
20409
13886
473
770759
9575
7081
45
62652
61542
320235
373374
386434
322001
1846
1215
503932
40286
278121
24381
155876
1079896
252144
185
95963
51783
19558
477344
54478
252704
566853
21779
784
321638
150330
92799
290211
15344
20867
338351
430529
163722
41745
104602
174671
245
178069
538478
379209
201308
255559
9505
405566
3250
98796
566604
56299
130954
13282
51468
8142
180923
2012
182533
85206
112990
2364
14634
10709
98673
477801
40271
11816
46556
7649
19653
670703
171852
2054
172204
60499
866913
440836
40672
261206
58787
353986
16246
14272
268221
285591
305332
965962
223679
2833
212092
71049
81148
195271
156750
215430
67206
520446
579089
29492
138535
58983
293
223536
850629
444396
415
5191
480345
561157
978932
8562
2290
11767
148284
14757
66493
826282
888186
206
469414
203320
212668
30024
315721
16475
15727
273505
46914
292599
165397
34218
97330
111435
202208
146272
236720
7091
55714
55239
366956
461853
17668
32281
62040
504633
2179
220022
324404
15737
48649
185627
996
40201
181316
12096
99326
603975
87
189853
206191
964
270241
4318
45670
277419
38746
573770
524361
2171
406756
98374
641060
41986
3806
821
101484
282185
49
856799
48404
480240
55753
12889
23893
68676
28258
18507
252367
82131
88723
38448
32311
93038
877960
76525
76781
20615
117409
47155
443758
98463
580394
7029
228408
113336
8757
365155
2951
23188
164955
84555
392535
5614
272813
22641
40737
211394
105459
31900
214551
462857
296
557364
61300
219671
561
82835
113266
179415
249748
68811
153719
804128
46322
127621
130989
54859
4615
387796
81016
631346
148044
8442
46
67782
560219
14553
94092
138237
519712
97643
14662
33537
415141
489733
48482
17327
94923
604198
179176
40728
123393
5305
323714
991243
6285
10936
13195
813
401383
105958
130583
718819
317568
29087
30872
551
326096
5783
30096
279884
874041
82451
18745
66922
81474
575
2789
474215
2703
94934
1704
230558
24003
62651
6209
1189
59123
307881
22435
391658
370692
211524
34338
548387
9705
54467
20383
66510
216542
69778
52
70985
6318
19149
1024314
87117
87996
19088
257878
3658
25750
10620
71766
26
153107
17975
173631
236789
66940
85100
811969
192096
50406
13672
71492
136129
258273
466342
4182
216957
454643
258560
11496
1051150
635917
30818
150060
4489
990
4261
335198
21946
61595
244119
513744
1107
8587
63533
62052
181307
124
15596
306455
34990
67533
159789
16335
12845
71667
1180466
49964
17409
73494
8129
152157
83217
136787
183800
312781
341472
150480
141783
63688
45727
267411
602843
24772
455561
564861
10474
73651
17473
24209
105
162896
344
304245
454
126833
3553
282916
10779
437664
7101
1274
13815
554432
353675
23882
284085
105383
149603
2167
25141
382333
279979
28436
297138
21503
943776
141141
14245
219628
101
1040
90631
444360
74879
0
7178
133035
405924
58601
721807
698199
109736
65276
114692
57754
1110012
95
153110
11597
146128
34284
218794
166604
687228
578222
604529
325859
40174
548878
220630
2467
158612
365909
28698
4868
269101
438683
212717
149244
90966
631811
324425
1247
1145866
42800
38927
23377
730592
505
27368
16369
189707
0
277043
397690
107166
52931
839685
137
218604
121851
72420
121826
553163
234764
45194
395835
19661
20288
198545
9859
539
111697
23138
36211
221482
65521
18912
61400
94515
377101
1009678
1053
285092
408788
794
14086
388811
245564
2065
1195
9
25429
416190
300
158940
118408
20016
8608
240855
17856
237609
747
63121
39461
427826
143232
151720
206479
703797
7742
492849
109047
801263
108221
167654
83335
363385
176
158975
1124
61470
42939
221713
42358
369
69245
211991
26572
1495
1087
339926
164477
20740
745943
539428
767228
302628
253510
76814
65129
2024
45644
381044
602549
835558
5134
34658
32927
202464
0
43587
650755
248921
1184
103090
2672
168343
241281
207333
68257
320247
619461
7617
308995
98
353337
328665
411
85195
99403
594036
11254
24639
266422
54731
919941
400863
5938
106598
339116
29
4255
138290
494435
433963
1090
85854
145724
366200
40616
90237
302512
54035
176283
250244
16894
23696
217639
424
65171
178772
8383
849708
0
171664
553002
652402
37755
3686
164826
228849
90011
99707
147123
121773
47787
523437
82550
17012
39121
45011
185539
18769
3958
12103
57275
147779
847853
442739
6826
19659
26506
55769
884035
102637
218
1030562
122795
276550
384613
68513
183399
61551
443807
200
57579
96355
28444
114640
3194
423051
120823
11220
42848
832716
20454
390659
2291
36852
281681
161446
56863
21485
45302
6266
277003
1073038
58371
371
92781
132261
172815
28969
601803
367209
1824
17
152983
7152
435942
232124
27529
196912
272472
264277
2062
52052
17265
189037
43697
83239
788387
343782
242708
41838
662021
460041
707987
37
3456
2882
120
28578
301068
85110
28115
193
41505
649
86899
127900
646851
190663
7114
24644
369146
287494
18501
229062
196725
180938
197458
421589
13613
57569
6462
257759
170813
93353
26819
243013
88271
356836
130943
33741
2765
176754
329729
22670
134728
112
4380
205671
1517
674
75831
86597
375889
612
21423
306008
484241
331240
44336
54542
159454
222317
20805
3943
45891
8037
664740
113183
115885
652772
63177
112030
130335
51970
46846
84018
850053
172070
8685
33650
15399
537880
260080
84412
952245
881777
494539
36061
191218
3243
24590
75696
140503
101
3419
80244
175240
111689
37218
139320
61442
39694
13183
339274
8690
11559
154009
5516
38364
58420
2651
616620
22353
85003
94895
227683
758363
10082
92
39725
18138
3547
66201
8971
330464
301830
12147
16839
192668
144921
92203
231461
1109
19263
11399
45721
72627
408138
470821
468022
632464
11233
52299
99281
113294
1930
3482
7798
441290
75293
5508
119528
56474
45346
124967
736823
9
96386
517831
751518
77171
184
27645
1631
1120
593712
84140
171632
223915
849853
249292
14553
13034
457449
189
4607
1658
123737
501806
7375
17900
174528
164146
1735
399042
19244
241093
177092
566961
264660
2482
70946
177635
795937
569206
596798
3899
12743
27727
1069343
3866
47837
429086
468706
12027
4101
108772
154410
288850
52560
118454
191373
37628
324687
4836
47663
107253
28
267397
97192
650851
235804
126935
4778
277376
130373
53431
270014
1548
13290
35099
18613
481392
480822
64194
466722
688052
24473
174170
249028
200088
577541
34822
671302
48554
3388
563787
145448
210999
40921
17
383
2880
171643
63701
371589
23043
355396
17251
42885
284379
101965
404846
882
2508
563473
179433
96713
113560
24723
1179
311930
131889
121028
490381
76672
16576
67353
119
394370
1741
6068
460006
683880
1307
200116
109056
622626
465577
144859
93772
10791
38914
16957
14279
4058
85178
9428
285907
72086
581440
32874
106449
146050
344238
352
1633
4448
144662
402134
14036
28968
266
3984
25688
7076
297
531074
3923
23604
49660
243432
4245
30071
500413
270216
311757
253683
10213
472574
141841
12729
65581
23451
724380
145786
190675
526104
21694
257957
595785
114716
768983
3414
90862
115532
1524
166623
104621
44954
220750
18563
130520
290905
195273
85812
31306
554429
77153
75464
448855
99544
665090
54889
13943
712923
152282
3870
255003
904940
1076715
3757
134932
121471
737
681286
97618
515672
10390
155599
650935
355853
649
941922
3299
17814
49758
296077
292
137
0
84386
140013
93437
30696
539467
85650
431006
274321
300452
236
928170
46507
48951
336021
449
327958
303009
161930
273438
25787
406866
209969
65319
782529
329237
614177
97554
845284
2772
273552
155000
5574
6400
241264
1106409
274987
140646
20691
520337
46
179231
104991
88172
67521
30991
142784
490984
1122
448587
921059
49738
331964
42788
145916
605452
181130
86850
25340
52
669698
24882
15296
175727
49249
323078
1874
151723
143559
113230
287901
65076
24179
134767
1603
28187
198241
1387
298790
1723
202801
273322
108833
2122
626284
54257
129329
331462
34424
264897
3617
99320
42489
761492
112865
14406
247158
44
185482
697379
282599
285403
276455
2992
231317
719037
8319
2011
197695
600315
82561
102647
33201
1065
4101
1438
330079
22466
47049
19776
28345
82314
866611
86487
11784
73984
209
515108
121803
2443
37403
188
479479
136053
51799
606048
35015
652051
226832
2028
361566
15323
96547
1166
64422
46295
711
611204
214
51743
24893
16094
911161
337
172407
174
110713
837118
363910
311407
355721
155316
4055
299523
99137
94192
10299
640707
163
2027
42339
99249
77665
315493
105281
145661
111653
160922
117074
518122
50405
430209
76126
134
190554
1147227
883987
105043
320304
57787
248864
89398
659460
125058
9708
117480
16322
94916
244090
17667
88993
424108
116449
43515
130
494054
92090
46690
64015
52279
536149
1490
295033
301082
13133
431540
672488
361333
22646
6163
104120
99381
549295
8493
581
34138
505082
126
79234
371441
510754
209661
148587
75408
235149
26588
261446
224744
22644
25514
468071
10584
121447
115312
76093
112335
11160
121493
2976
116179
358739
333811
59287
23837
12727
30094
41
9109
31743
8843
227305
26400
111405
1645
102537
406503
375549
1403
223043
35760
7054
493239
321801
264695
278
119619
72586
39626
144078
3707
72987
530364
68772
44272
9
115408
343903
2933
154253
516161
16702
291116
57853
22562
152499
223704
252729
63105
258013
3594
4795
309810
68399
542981
26790
190275
270288
30987
12551
341341
12180
546032
1761
559699
23318
652417
218058
0
114902
247114
159046
497559
1397
102278
1089
116742
189743
51738
367
14018
124344
189912
5080
27730
107773
202606
554
778955
1363
395173
2661
836168
14176
15950
2397
15257
63975
168968
42475
470177
60761
2168
369988
32
23977
13983
310527
403
170795
206950
88029
212282
183746
224064
23566
9842
888689
2195
2040
20139
644756
231827
724958
446487
279029
114071
0
345863
8950
839996
206565
438559
182409
0
416817
356247
126574
295285
9767
211834
57
9806
282231
80631
337702
8086
407408
43457
131594
259475
26761
62
45330
703
263167
11516
3028
575
137879
135213
200181
52368
880718
0
802674
176144
80841
508679
244438
399212
342032
582877
745239
650264
28027
257870
32614
685911
589609
69898
419921
1607
180407
30887
707019
3378
7694
47033
149649
4776
61104
43310
161499
5082
248
377751
82927
617208
23087
415841
2675
151430
621
3156
158890
37133
189004
76
12121
188435
16713
5319
269724
23993
24072
266061
25889
105408
34992
377487
21690
196571
49723
5755
6362
6107
0
95176
2089
60120
33896
56621
611478
136384
312324
398541
461542
545
12725
193274
203155
5622
198312
61764
366
501343
30381
114213
226601
2325
48087
503
268477
222454
267269
213586
11713
28183
33150
248385
116627
587295
57986
631353
76426
429860
9055
141473
17
7535
3971
219487
142847
160233
117461
68890
493940
15152
202210
512397
0
1292
103
104672
4200
497966
304118
10827
685639
620071
124649
186007
690487
3352
410
564402
342613
12658
960805
15354
7580
5407
269211
734816
150693
468799
65
664959
52829
128537
35
12668
45054
21895
201545
86335
20513
1734
46795
4720
100429
52227
3821
135265
329483
139175
15896
17960
1119
5981
264878
20867
153578
256756
21138
362401
65090
596542
85046
0
691761
749986
86465
163529
494475
90657
21865
122189
183136
110725
7759
719705
12211
29130
96796
32898
969261
58648
578421
691525
34413
27355
16732
634301
99423
6669
197044
474447
24917
26874
115005
117409
89049
320387
227088
52132
364440
45649
304520
65095
144512
798253
174
4241
13187
4877
113748
42643
37649
64361
1109
88829
50969
617474
170632
103255
41
681969
85571
1712
171
462
116893
130105
18593
291
78459
719144
14515
36214
31434
85057
521
14342
474552
387008
324322
876
16962
246993
44064
563856
420498
3501
442091
628
340692
7134
564097
237981
3767
49954
622493
136360
145387
610504
335529
847813
33551
196650
3214
366891
216777
37094
61497
479933
14228
18963
7187
1055216
45311
157532
9134
29647
58885
185512
665550
211257
64818
3619
189738
584641
134192
70715
98560
205316
102292
1155
167153
0
389959
298071
29325
214
255672
79325
111550
17318
719772
186617
384505
259577
118680
60592
8358
55566
45752
193820
542434
353102
228049
946
158131
643842
9541
5623
8923
6815
67405
0
254719
195
602212
212619
1076268
416791
517
648648
27840
23612
17436
12832
188060
1209
607253
26229
264977
386039
257674
711097
40824
420664
862416
534584
573375
3642
4001
37219
170110
79736
760488
20594
85809
491821
204520
1786
148520
1231
190297
16847
23598
15871
21111
45711
102600
1618
608695
18369
358638
1672
925
28055
63745
7205
279303
326071
381139
130628
60
17602
9174
81117
127226
648473
61425
542512
550660
85520
0
14785
192036
12858
410136
552904
28524
114893
352
60438
283734
20112
1295
789084
14442
254515
84229
19111
23141
37846
133156
250149
81659
729967
5238
61582
303646
270725
452765
42108
73502
642266
474734
815
86536
579857
10747
435267
72179
765197
133809
36233
1577
533105
175343
88820
240158
211481
181490
92345
31494
179372
9
90287
128081
404
31456
940
338682
129625
91829
308070
31664
21151
292745
97137
10420
20815
150190
1551
161050
672238
9339
289723
747053
55493
7370
57540
10598
60492
90415
48077
315065
66171
23800
0
4966
10103
27044
614172
254305
242613
7321
533005
3676
76248
3554
1068
13116
171516
158743
148428
51498
349971
61984
282453
63417
143650
591632
188341
653534
22210
205943
58365
30150
79807
228146
51864
50305
753
167101
173
95460
177226
1203
4390
109
185696
15638
17771
17
324832
11498
40497
170179
294424
43859
42729
229
498813
369824
72577
249209
108494
434488
13846
31252
80626
17590
98887
32405
213839
35513
52066
292641
19798
42759
76136
88028
348553
321
58418
72496
144666
205
558888
151875
2648
264288
95789
237028
76422
4969
109643
227130
202028
110865
358720
7755
376393
1799
147159
310566
381379
326565
434321
562998
271
1116273
122781
159309
61088
584093
2486
130760
128332
383935
157350
22737
80681
961613
366
85646
144531
440929
181243
5736
40023
227169
319646
806726
898780
429993
27274
93561
91730
41
133213
30323
77368
32377
59001
82213
258322
5728
71303
32138
183035
11205
971808
1235
50135
34075
69580
457344
290112
876644
28171
38263
129283
99253
97101
51887
1174
581569
189672
323
716413
185222
1270
2680
1827
174424
20904
194190
49
3273
17
16439
494798
190103
2752
457520
28207
56623
614782
27696
526861
105500
5855
54929
421542
618332
77023
106115
93437
93524
133998
303864
1015265
53036
1106032
21754
316856
3162
97240
10620
58381
816232
2935
428821
16949
425
646883
92082
583856
0
48307
315581
55
172818
783853
167209
7794
57965
657
0
15432
5787
1153713
85096
50545
86580
0
72266
92417
11586
13452
162030
168179
71263
49537
179017
1072828
123451
375662
8542
54622
17411
3973
121977
349982
765124
1862
1003696
39862
40323
70868
520623
412
507585
20251
275256
220
122511
43581
60086
8926
2581
266490
240130
352
150897
339920
43445
10796
391744
333966
202974
179336
258353
237982
1148378
2107
52162
263611
150383
447274
202729
354167
75918
2825
165375
601532
12552
96270
463156
63514
5066
407316
49608
33963
49774
3177
18566
18982
487
26490
45453
662696
13867
313875
510107
920164
37798
92638
4157
1107468
120464
83295
113
287189
33165
40220
687720
20
2312
289522
216826
69243
320434
36120
718047
587487
146503
470435
131301
11538
16204
280469
47394
214889
101081
183100
566389
255192
78649
404231
44274
96167
77241
53604
567849
43261
342
79431
27815
785940
194425
255357
65875
1006100
46234
5198
8525
37371
827806
32074
698621
233704
104869
23684
8585
15853
154071
7016
378856
275
722864
271437
3470
507816
437165
408125
69028
31406
307717
595461
245854
182214
154294
8860
86324
92122
724849
6656
31473
0
8699
1023675
61144
78896
5962
738327
72538
104313
480
35093
646812
4649
14717
267413
304284
281102
1354
164832
0
1194
384173
40178
55352
23987
256183
6580
739078
0
352388
74716
312635
153331
4754
385713
171
29882
699971
581883
130483
67565
5914
305420
653579
4544
79
1374
48945
323117
54053
121984
18605
21
18335
18981
12756
32088
20587
16328
446943
52344
378524
226256
412
52905
2659
89938
648
647580
34901
74364
321756
20366
251015
143
20337
679152
179011
204
123347
86
29116
16455
61394
325973
510061
97083
306939
150503
143444
697937
18433
10281
104854
28154
60666
36418
30156
1617
38889
135626
1039698
38153
86359
136778
43337
378760
10177
351510
174451
290661
157092
115812
1038446
259659
193521
142290
47376
3220
37322
1283
729987
80346
9996
587748
582818
429
58350
454515
411268
160897
689323
786105
576309
681454
16032
508670
9004
249260
630733
1148
88121
260684
204157
2655
293841
27631
156702
30665
118074
8548
40267
160043
5971
69101
458099
11226
4427
973715
459354
36856
90747
11472
9601
168901
461875
13775
86347
179467
79430
1066353
0
90188
65038
1647
213817
9967
133915
730339
213970
13069
5476
292218
210470
234944
573445
47220
188839
250517
308721
45832
1340
59083
601728
177260
139862
243
133768
290483
9
3469
9035
861150
132682
11313
194576
15220
110322
8970
63015
119
105805
240985
228407
342646
32424
115661
875
123961
268846
57884
151909
667141
24586
133287
7582
236033
2574
17
41
783278
126189
250629
100659
110293
53319
3764
35678
624140
67836
6878
736733
58448
630175
825645
43287
4870
165944
363800
386820
36
193961
194471
0
454859
22706
3570
373331
254607
524169
476297
58866
288923
4491
75555
63039
44524
69772
206465
142109
8494
170183
18726
1004
9984
26484
961552
10209
145054
482211
251762
164815
38662
702456
33322
1004
331402
50056
759739
5660
1014228
13518
457074
121661
15973
474512
15763
13926
7995
1166
12185
42413
21088
592726
57
13156
90346
11011
643450
532129
62
98470
35415
1538
199608
345764
479992
6362
122031
641912
191876
7253
406911
495305
29945
1051
864372
326819
389210
275898
59420
15053
21802
67506
299381
244076
28586
431154
40088
115192
609454
23819
26926
28600
211259
21103
1094493
118141
299683
157327
5762
34518
1656
694444
58132
21291
921905
85401
135538
284337
10564
797029
6584
11315
10333
13064
144676
157850
14284
305514
329859
51825
18086
141381
79615
97
36852
21179
32914
347653
637275
1884
165585
546
85481
494921
931
86572
134245
33969
127086
3358
4049
33998
317371
229403
706231
495076
61550
44821
509982
85873
527094
17436
139723
349927
106
193494
39739
93640
924437
231119
7666
208439
46652
251555
28089
31450
38068
911666
104711
2763
193167
100290
82227
756155
39251
334242
65710
155289
719150
2214
691785
8758
615317
52547
14559
114916
78799
74801
43887
257215
9426
71686
33427
341808
72
129972
57654
177979
67906
33434
309367
166197
52918
39394
91641
817078
6720
19981
42222
3943
168930
740650
217082
29901
139252
400118
261559
76798
12022
802458
207418
20590
14052
25380
151047
56590
106779
133
571023
44821
198545
961962
213020
541610
243100
571
768942
373206
738232
205247
588393
9467
36969
13703
396293
19323
403959
151796
6887
14755
85191
1012676
50639
114188
6272
91089
143555
16259
65783
31991
4134
9171
230
235483
283765
161054
83079
53648
1422
35348
122219
938007
48259
544719
102137
925
393131
136687
35630
622302
1737
20206
56086
47191
68474
132075
371767
320569
296376
25378
337335
422067
433213
28306
194204
257874
126987
955
241898
271084
52355
338
755644
331936
235435
386526
90024
131
12452
32939
23751
459931
569
89920
6568
42822
340571
713466
744
5569
159717
68215
89498
42839
3953
43993
20796
18000
379259
15229
65032
670708
12945
115540
637912
7583
33769
4660
29429
106072
3935
81226
122915
388041
392445
57024
830575
30778
121954
196073
140776
151411
43221
611310
513712
169288
210982
241611
130319
336210
301039
633305
257711
459315
879777
37590
2765
67740
45656
6700
438301
243747
607225
7578
54773
30295
5416
165077
980293
8595
21684
209689
123231
208864
236590
22353
4031
1183818
244110
186781
251156
834
364478
528751
236977
312215
25163
3499
152079
14091
43
100877
176779
229731
43492
128900
13890
210552
15613
586723
382057
289919
397639
8930
359878
11802
232093
39345
39168
196613
1540
683646
74
192806
5461
17263
87245
543560
452923
961696
26524
469424
987
112802
799915
55929
37900
70983
489
99918
165012
239854
536365
338667
66814
16002
31576
6802
879310
104995
99219
4083
188780
356141
0
6707
412269
22911
188119
23842
414606
177550
278474
10805
199789
73131
92358
65830
73458
179320
555878
1226552
498594
271259
206749
11292
128805
53725
49069
109838
207820
7488
26120
42481
390073
17
471735
16442
77045
419519
58729
120118
279852
444752
152061
648
332517
92803
275572
166116
601
34900
0
87688
28152
0
1096229
249660
389509
41940
312938
10209
30952
343894
44003
2784
1725
305259
200186
57210
82212
82530
120191
28378
47480
275021
14484
242
9343
10893
2835
989788
710089
2234
476104
118214
451485
111693
572998
562425
340272
91866
80659
549
70796
100627
54618
333798
429100
83726
295851
944942
56794
543599
815284
235384
937
310412
10998
90615
16299
16429
71188
404386
124544
101187
387681
497767
25337
26466
105939
8812
202396
92119
586243
319941
23520
170901
43485
466979
33423
128194
6294
18841
490185
10692
110901
66663
41990
30177
16603
33029
0
689176
125971
72809
951558
1008476
54075
123792
577067
763859
269018
278953
129802
1121621
156256
82922
436439
514665
388
264705
125818
415560
158685
597731
47318
276602
25016
34269
456299
1045019
26718
35455
235161
91577
292895
62832
143
311439
298369
88428
17319
148573
641012
28124
151137
2098
165005
197477
80141
275485
19686
177733
312279
500432
112952
1066702
834756
62
76934
55898
401645
69652
119553
158471
75925
449
48361
661278
4761
74419
1748
98637
41170
198731
19212
28306
367
382510
370700
207796
1210
317553
540330
17176
436661
2310
81335
6952
122369
247343
1234
755282
19467
644781
11049
132
264276
138699
340378
207723
740763
489694
849181
13702
657123
13304
654
4698
326343
16719
332976
23857
439440
13526
545518
979010
383831
74290
378184
12913
3378
89033
96351
36793
26324
69
223000
165848
319976
285070
184526
187748
353
33802
45686
1015945
146073
892180
267325
131915
30279
11293
27106
70599
6426
182570
43564
23132
33340
303442
105976
0
8128
862
3016
284182
38062
42475
120869
421213
15611
588267
324337
0
18685
579580
32424
31953
4621
191959
53081
448413
77721
24921
880464
72646
24943
184413
0
2862
101842
41855
212493
405932
558009
2542
61869
97505
141155
197566
76213
277631
52
287277
320264
620607
63537
57997
441484
2496
26230
138417
142479
152908
160837
2521
166604
63932
290471
17070
1158582
9143
1196
36861
24082
386340
1106186
115750
3893
366689
184374
76944
26403
1272
171336
378527
473
109188
23554
24633
1025953
207694
36880
434
586
172484
9
1054864
363556
110098
668265
5329
269390
973992
329401
37775
52419
475308
367649
3321
399725
3841
184232
217805
54
1876
475000
6297
26396
258808
95348
918
344611
824018
358227
323220
10606
15157
41246
8541
29683
18151
397873
7739
113402
382786
0
117434
40922
13790
30082
6191
0
11468
23334
43453
1133989
54423
492359
11
1252
17685
10122
56134
207324
407539
1038936
2352
382326
254738
213574
176079
355577
29008
22483
110768
556308
606
83813
13373
2382
189935
13689
906810
46291
578184
49042
67188
1573
643
122987
78519
374206
744465
5175
98712
20986
157356
212443
277906
3638
88199
1007639
158100
183625
483998
35816
491798
318100
137876
11766
43730
20652
459137
359225
16811
134477
34
28
231417
13281
139567
2196
39564
11550
27864
8072
140851
570
42560
91300
159983
762411
331707
707512
244886
185014
102949
43913
9
26720
292315
39303
53844
84068
44504
614
144973
134905
473377
566860
663952
133349
376338
32313
721507
332628
161621
11098
5062
74295
1628
32
33928
264851
15834
2381
102079
818026
537959
39173
58471
223564
421137
139907
315735
534281
63667
450751
304085
95719
708476
156895
376911
456771
2935
546778
1177619
1192
368766
62960
73450
182
124176
972664
510158
21524
47331
162843
3326
301968
25573
2439
1541
498673
104351
286130
18
6338
358370
206001
17
119908
454173
467641
65554
474881
620295
127280
319992
147375
2673
422408
427579
810
210285
8059
110418
358168
142854
92535
31228
463762
34405
123815
229587
466430
379235
135501
8961
195175
1063
343498
729043
156470
42455
102647
673573
81478
439504
679
179701
92724
154083
20691
16575
46486
599152
21587
396
95006
18801
261819
515812
500889
102049
17018
489814
395088
424421
113
107588
407868
432
25228
404126
7954
425315
649502
371469
12742
359372
405766
585492
952867
1737
5796
917559
65187
11167
488464
231512
109217
2859
928
307530
167543
48131
36518
1555
260531
11841
26039
121031
0
170348
242878
101364
123203
317052
227688
3425
723247
320398
265782
244674
455427
5345
456753
7729
24110
109918
191927
364192
67677
58976
67166
15086
144112
368913
115
89
277626
641
6093
21824
5989
32
169732
18519
666893
116071
53182
243454
177348
53987
9744
39823
24230
12937
40412
120004
155866
972
30036
90
533808
40655
61236
19453
620
396697
233381
64581
421186
10726
136
10198
8586
73372
633797
29828
159842
111932
376964
162564
633820
458306
61642
433727
3103
6503
96697
759234
237646
168016
54633
67831
167516
34108
254308
44130
86043
6872
105213
15758
0
75475
600156
48565
12674
353000
393484
160558
7756
135248
161
434386
69614
61607
382162
155146
338874
149065
2769
253354
304570
160065
18791
77493
9486
121877
14328
32690
787629
187155
942819
188417
143199
142355
16902
733014
1959
218173
49204
302190
35644
948
238047
722708
337052
336204
52339
329046
329550
250283
21236
9171
281202
56345
188967
1872
66080
363603
89315
1600
361542
442
408590
810870
66423
4792
1202
25775
2122
1966
109071
736369
339308
54811
218211
1503
40092
36719
2181
122268
39656
16034
140178
89334
235219
30000
202073
377647
717171
77618
511199
8015
376095
9
622391
337385
34250
400732
190
1129
57
248726
91016
87000
104672
4022
375796
364496
26785
137095
71739
48428
226302
620249
135849
62126
1867
5617
548591
15542
690673
10
83419
145077
29
474
123484
358944
1674
154004
475880
31235
537125
744256
591572
0
5882
12403
178169
59023
17542
75361
128
40142
5343
40895
295816
85189
2930
123083
76935
351708
158126
238625
32044
54407
44471
68900
184007
418833
394320
224137
253
481415
153238
278904
607684
69534
76721
45120
176855
198862
54297
269136
477845
8192
3024
166079
121342
54128
478661
19011
42276
2144
48231
29082
71822
76490
7774
47594
63221
70739
58174
149295
322438
147539
50862
8782
749626
18214
5508
145736
153489
176118
131872
659919
397
5464
4524
427745
588275
866907
194
42344
110799
6791
38986
145441
4778
8684
738351
722765
170988
154036
236416
32
314526
28871
317076
78
635383
254624
6176
368379
25437
38617
6286
680
173337
17363
3060
338
951503
10940
71218
4938
596614
411755
18720
4884
150378
47399
18601
166869
758663
180053
58065
27108
479457
75074
98935
0
154834
119220
256233
39598
328433
1369
61018
117729
320144
302498
228
71151
68636
6656
848358
304426
191719
111825
449553
209722
637671
267691
16727
1890
403049
865487
304758
519900
26976
358153
33365
9
6090
3243
44781
4171
12936
127540
0
111366
336769
13926
8801
47081
746017
813005
58624
3423
485116
310149
966487
58090
665830
3325
439464
265612
183019
275218
425
21630
253474
4567
5082
831372
202139
407592
92557
447732
55804
203060
11465
494305
55
186
345472
84663
21685
336417
919
25767
0
75322
132100
100097
128683
10048
22141
246748
64458
5194
411199
83334
382580
48181
40807
191143
29588
6350
16698
42050
245160
6941
465472
743
453723
985
29435
36516
2715
35685
418128
224979
709680
50255
45278
644
49478
494
407845
322573
8053
4538
7843
193511
88318
123796
591286
285496
423
53969
270226
355744
11579
0
5881
287462
26103
114450
21571
57727
112595
131397
1660
2660
16666
17110
4516
76972
236783
842538
186048
2630
82796
336036
197070
940
106846
54587
97
235766
2150
63222
396393
13973
536033
41486
23247
178793
45460
422681
402061
48733
211253
66991
147720
56006
65
145769
1207
23156
33590
82817
50347
75025
94363
38496
66133
34
53224
37153
29024
498025
338406
138199
219027
6408
1957
9776
6797
4726
494702
531025
198551
165699
0
8
389227
11977
328710
531122
362754
12588
618472
52201
1412
434551
12252
332519
756205
877
80173
120363
97483
25573
37575
64607
21329
145877
299723
15504
206014
30990
26671
1470
0
1370
16475
577256
379594
297987
230148
53957
28529
44266
425437
402801
565571
117174
388292
759602
618721
174133
324057
650
283689
248643
46631
35511
185
244211
2098
178228
111014
8537
5304
467
7064
433094
224146
13706
364754
17027
39706
7254
104775
137829
693760
632391
694663
8928
741762
92921
404272
401945
3203
166087
148382
410969
7875
395592
452424
10285
5547
68774
68373
902967
29843
1430
37401
35767
599168
182199
123027
1196
78552
57824
74858
143642
254102
2762
614699
10468
301907
9349
24004
19113
6699
934
5836
967
677
7952
386934
2484
728435
359238
2148
102
258494
137793
420099
48589
406794
1203
49576
4891
36250
50041
163370
51923
1197206
5111
350813
43452
91746
22769
616675
292442
115003
73955
10278
376528
394781
52389
55258
299672
340
31052
167417
196218
726850
84225
38697
17482
29
172
95457
44320
464
199346
451635
277208
407156
270712
656712
196540
262720
11185
897665
397
954
69201
26240
368914
1098
481338
252059
368155
37421
332418
286
352700
115
6677
897785
0
228912
112199
569031
3268
822
53393
417146
162049
27526
54708
51711
489919
1942
75982
772521
196382
548343
397984
15905
67670
12129
12617
85264
169558
514802
102115
310347
402304
4251
625975
154613
795009
11625
494809
169754
813981
2798
56109
34
29
529913
143543
202319
185113
261230
14872
73375
2276
35263
15627
30578
398942
252079
4257
298210
76829
706355
731437
132789
405975
6613
242420
26660
322295
294561
30055
284337
621742
4122
267
128390
262528
982952
58020
303553
30587
20269
14328
4870
104142
220186
5807
546155
5746
8360
100162
355228
7841
476384
36639
470568
416619
4061
593334
84019
774362
4013
176810
91
23662
613
1527
24369
189524
81073
2141
204173
233039
336902
1021
90850
28612
23557
14127
10665
10530
409245
576404
26932
35109
103917
246
256736
0
344
836323
13360
50459
104
199052
713775
378048
13472
194015
377076
18421
175079
143057
70417
12180
400370
462
65186
72
20295
34521
151672
68160
176589
545642
891357
769276
641940
202043
106
321061
218
16056
127264
61885
56041
117125
98813
21375
286829
4591
14967
741109
0
11380
68937
101579
388
235783
2367
22460
656057
37626
2107
566689
7716
173893
19507
12690
5455
120488
1431
28896
240471
31076
402
62810
3575
6010
527282
693
512
928023
312371
81381
19087
6715
156796
875728
716
20347
598049
677278
10334
84618
133496
338514
6697
16245
168823
5063
29
0
202495
197864
79031
456484
154531
58167
262999
665988
346998
9335
5936
4986
107747
33447
5543
47807
6363
107727
9873
189393
113573
167530
43138
11588
13238
4325
83807
80148
741937
10335
211047
358006
20021
8928
134292
83587
50077
24558
160811
47740
139298
68982
14562
266690
121852
30185
70233
255323
200815
62
141754
602458
9340
60791
14182
23367
679068
26435
160101
56677
37962
1077587
8551
391029
256275
527441
246902
4454
491160
121417
491
968871
953387
529727
508730
6540
50472
408192
38015
22174
142790
65116
142057
128528
332483
650308
420809
219517
7948
19778
167753
59101
2049
153804
23936
2083
979159
79657
809184
130305
372161
203162
181340
450380
584041
951678
69152
15887
83348
131065
93483
15331
4809
133212
96467
186115
293239
130061
27313
39717
105796
2092
32156
457803
23908
263789
242316
930
6897
54944
4682
320048
334961
109461
0
24899
67225
5910
68734
56235
54876
9136
228218
165888
320760
753474
19418
444392
9193
85909
205854
484377
99718
71588
671642
2298
4727
77311
65077
2237
367827
333439
306978
62
552869
548484
259728
87815
941432
254765
313317
187308
444
2483
350548
181679
173343
849189
269460
5845
39007
250679
21546
2205
340455
1152030
272784
36573
911228
34432
94565
93051
49418
798
22390
236209
177000
155967
3400
112248
223446
239103
3348
112790
53186
774078
49184
842190
68710
153674
39180
3859
288460
832913
153198
280520
1239
529518
321804
99068
190078
2734
640
0
52010
34805
37027
9164
34305
118239
4495
14127
71094
251843
360731
132788
446100
221856
20580
7889
5562
624698
312667
252
69446
418582
1328
22906
320540
89438
163418
7519
91534
204706
186248
111539
742812
850574
652568
180059
180421
199232
16315
615413
78667
773243
230455
383967
418064
650634
385606
906559
8644
886894
321915
169668
140502
1313
26215
7121
508152
84065
353864
78895
27681
1201
6754
94990
763763
21360
424567
11874
16918
120239
168910
826190
53941
249
213588
269274
172900
40684
387150
62778
246545
40735
102206
1465
216305
4264
58294
607531
112918
36423
74754
584868
924
533331
158831
59536
96400
14193
837132
110039
78860
480807
24144
63183
2547
96525
36013
625949
207900
926
20004
148093
8382
3889
979748
52662
10735
17820
70524
446940
44
311561
155279
163754
14283
130834
622492
0
139218
528335
569407
712910
511
374184
29786
508285
37994
14621
56364
416034
13644
2061
991368
880050
19964
157288
191121
20055
669512
182922
64468
52758
20189
52363
935583
151939
146
3863
148260
203373
73372
454
46424
123089
1843
303861
266117
118478
9457
889265
70900
792076
8426
32172
4714
70647
212886
492612
289658
26285
337949
314583
94199
720782
168181
71198
114496
85909
3200
22958
21424
10996
28318
91922
15709
519730
53312
1358
328361
91545
612909
2326
10263
826399
168098
538
0
272203
4218
494192
845365
600625
370557
211282
276867
346164
591844
875
276002
250155
129575
9
116202
306467
776165
195762
79816
553
722411
316075
104778
414060
282684
179153
236896
158484
625657
52169
63093
219052
216810
16807
6798
287304
97025
86
141787
9
480629
3550
276939
128629
146
69725
38
252967
65699
867041
244005
555444
5256
124836
6455
134143
10199
313420
738947
119627
612900
9
7986
916363
666700
31565
165019
129566
153895
3068
70055
36324
2002
26251
60523
86525
537
750352
298359
0
82219
1957
374864
380191
276766
80467
609021
133187
218478
611764
2948
28595
55584
105335
542865
53654
147342
32550
368058
421256
64
574239
44859
21901
429080
110011
3351
116608
164453
180492
325606
255530
229202
65528
39201
55328
59674
25660
705
245267
4875
24389
15077
81995
264781
1558
4096
6057
420
136
67490
504309
922153
72437
1036088
158564
83856
703698
411653
163148
3950
53366
40652
1191983
254997
596
682134
4217
312749
1505
30091
371744
54416
11317
234377
296733
311878
579078
31655
3139
197425
89816
0
27262
37120
551981
60872
366355
60229
298505
104255
243328
72702
28
710829
30696
533531
519442
525835
1232
36808
77
248565
15638
17531
45025
18907
52383
75532
109240
39476
402445
104278
21238
853289
7753
3735
0
84996
143711
356653
53515
30605
182900
447573
118829
354523
83233
5343
574245
378071
91
173613
26396
582954
76439
714817
3485
71377
8967
133971
19048
3379
613000
3046
13816
320414
41362
352007
1003390
185419
14546
457486
290950
70539
635776
98492
153072
243223
100371
1025772
261442
46253
15095
18466
22868
226879
13380
150903
122636
71500
521373
147633
99643
467595
23056
165964
132956
281637
70394
548455
819685
354474
16169
240329
9
162929
225422
13490
37578
4411
115
180726
606516
1035104
85385
150
567699
1604
0
5461
33288
48321
143235
8393
176592
930394
565744
302044
105699
530842
19435
287585
96638
230410
545245
184710
635937
1095
242847
13320
3660
2310
134462
451442
559188
578375
564035
219391
370537
0
425302
304937
414045
18001
239576
17096
46346
179595
538
111885
228710
228348
2425
16084
35019
8835
4253
92244
174999
78276
286
254578
365875
707
3247
16568
49067
368609
720
311133
42263
100490
24071
86369
6182
85475
272179
36804
75737
156929
118310
18615
565790
216670
140424
127275
20571
217
141830
2204
930911
194
134174
9424
53343
17235
635
61676
7639
4558
319915
1041574
450353
347014
3549
130637
166220
7870
94213
8820
1060
121128
1327
44973
206364
442353
10
7313
75455
96217
653379
176
52287
297774
20837
555885
1142847
482440
35163
93312
2344
680
86606
20258
413294
53353
167595
756682
27990
145229
378202
413208
422077
403611
502855
3795
421226
732414
169511
124139
0
471361
183038
393921
1964
613715
7776
17369
10186
71535
364642
54
8731
11
1084
74363
31
348837
182867
43264
621239
26891
994471
679158
183270
3723
344725
1920
0
745470
359394
781185
9042
347682
58032
234027
32621
66497
91510
533903
0
49941
138454
6037
176569
298795
123
20882
27706
434765
839
251
44540
4213
573
432
498
90819
49007
156185
25421
1064364
27297
6148
14264
7989
13002
108251
54726
255072
33234
6084
307320
6447
3668
269934
86714
1027239
5203
106
5168
209732
57548
1927
43409
16726
63496
600838
3044
269674
58177
49483
575830
129
9008
11286
782437
342364
11801
13317
9235
122810
16432
30978
179456
113109
107147
98199
8236
391
439299
317672
725373
7137
206115
81848
38697
121274
210699
311354
622050
52956
340729
48188
68680
181513
42821
22120
293506
368940
11832
15543
790352
11397
341376
629047
452304
2112
66837
322629
65312
20955
709291
41867
264777
99082
7977
39432
63862
258629
3419
625945
219
635753
441301
0
352106
702503
87324
119631
55389
54645
92503
20071
7903
196665
1099
285867
3189
9630
3006
17297
172905
11811
146187
14472
282831
153789
1347
41
7958
540380
2704
21
356637
25153
68385
109475
3984
28183
111097
83853
55007
32690
67297
209668
0
298903
250408
162942
71735
21595
34445
21483
184376
113931
31563
6622
571604
967161
1106
1031530
446091
256293
214302
7502
697446
39851
139219
99245
3213
65375
186923
74616
186695
38631
77900
123092
0
190716
425927
139935
111992
206203
322746
303490
64221
153679
55517
22365
262009
1218
459464
139684
390250
274268
264970
279317
77414
267599
40002
38447
36006
65118
155
490502
621572
233609
27543
859613
29388
229147
129662
187127
24145
8943
693692
611386
19
117360
142419
19272
333266
10621
509212
223645
712
25199
2272
1783
8179
168925
11366
226
598
148026
121945
16168
11801
118381
98
7882
656300
442265
506696
55541
422616
249263
126500
7061
30723
4091
54054
0
483084
24139
25661
10262
137828
322460
650220
13566
592475
50448
511457
38797
220212
138560
214924
66529
159295
9187
151891
128445
50428
428923
862971
292117
15526
654312
29828
33073
76301
11895
192750
13446
54686
42525
44861
61790
68023
27014
294667
35295
3993
55503
530
472242
470886
11281
55184
1583
194454
334510
59257
9728
479953
165265
248702
94246
205412
341194
39399
12915
110985
832857
38672
763958
26771
259560
7633
178656
203716
181292
191951
204166
1251
39520
557807
72346
1021
99730
160996
1271
145256
109461
8688
765132
92606
49203
5062
1100248
133775
19818
424399
8311
239978
30135
132413
8193
959236
126472
261077
893366
42372
10174
27504
338764
416823
98911
71547
320773
425114
531034
1274
12978
717
368770
120878
5433
31540
1816
119913
672691
299545
207301
253317
626989
77989
812093
80171
77252
405
86668
17445
89150
454235
167480
60216
1223255
6411
223910
17644
605994
271951
680
184583
105597
41508
248247
8959
15292
69677
97349
57996
543870
546690
373566
377933
344447
600417
2273
39892
26759
270819
9
80779
28089
172969
3712
74
318
1788
16285
264653
157
676018
18236
12846
182100
41513
43598
18690
26842
885944
143987
5643
265262
213028
131707
14560
39833
171041
287974
601
183681
443381
477020
70029
20512
153461
84963
619523
308
26696
32240
3267
132029
15143
367006
99792
370046
125786
108919
4860
276707
473
2233
763623
403319
2488
112753
511
380637
143286
3264
837
2583
38520
66766
690551
245379
764656
93
962458
246703
69927
199941
146929
123851
255154
654322
101336
393
750708
60097
10271
4197
238865
123033
268517
354
160229
568
128153
114762
26
99245
522814
5114
19581
100458
1408
166779
47461
121365
333094
561
610331
119486
26369
35312
785456
177584
11095
27841
580
37700
6580
339946
289496
81173
216343
119282
28098
252221
22642
24093
154879
647068
0
62584
62657
77930
393046
171906
27924
8432
150743
17093
182124
23327
1045681
12837
1222
27316
126343
37178
1159
411429
221275
416683
94253
187866
233453
66
9593
978661
0
32402
20118
198147
1040932
281245
270873
150849
1706
5492
97754
187
160418
267636
16018
48211
58821
17509
175306
824121
846595
107034
474700
6743
231592
52852
101123
8337
73078
447009
623
52233
2218
23023
314806
217784
7335
7073
12665
626875
324035
13542
166592
0
265154
154115
15682
49447
117396
450920
6500
77
9626
417316
302750
32332
10
3791
120320
28252
10898
2039
26836
22874
97664
17436
291
751830
341247
160800
216592
63694
706579
38402
5297
18470
181023
49107
128708
823497
157274
175046
52022
719775
52283
850
419391
2743
342024
718103
50562
78556
154539
21750
86096
43390
178466
16382
7578
43511
557462
416
137464
0
27755
549489
127
73345
3151
109345
4130
129167
556423
132054
15383
151185
381018
16070
60861
4627
497950
27250
36825
70902
61988
348458
135970
286045
0
298077
124971
720037
231045
64432
374503
192021
6157
70518
20138
323271
1079
178270
168261
19990
488065
1101
416407
673211
504352
6122
249628
8858
100460
61190
331430
4542
276634
37190
872152
700
11612
521594
157472
254861
185
294008
224060
12
136645
72825
218832
418306
28495
44795
224181
255870
6821
18283
29277
46916
569677
68431
604728
563362
103948
358967
447513
4837
1023942
58520
8
9017
852271
8082
77074
59662
176452
755
895610
24306
64021
13398
407184
271665
14635
469376
246368
872774
112387
550014
194
36527
215602
42178
882546
21920
314936
253314
97034
16099
851471
392910
139590
17903
33402
776277
720599
33880
5672
452875
58577
124412
18868
155150
253418
7865
404851
114555
148
778
483866
484623
728260
17
117267
480521
77328
99
7676
463774
36167
57888
39770
661446
34071
61702
300046
14781
28335
0
350281
1774
2137
169866
15353
163123
79002
475381
9189
70976
12242
99652
270
121201
540963
1955
1035
14871
27399
275854
162175
29979
340068
460376
466064
63534
53821
512701
55093
329625
106726
566959
31749
10
69378
21
28704
81995
61314
999715
209442
37979
761019
44215
155524
789466
395813
365096
242104
129116
279
206964
780032
53687
319813
186890
48124
878185
7
207645
43285
221478
60791
44474
147259
588407
29130
5146
482627
22823
499081
116068
441231
620077
269283
102223
528356
357363
999556
801534
14660
7535
304406
385356
56958
375947
10944
272318
242049
95049
728102
3842
861324
235115
18164
442929
7877
12108
601329
18981
29407
95957
11792
9870
41493
11700
10381
318633
251658
220725
56735
258417
200872
9584
399365
65449
93662
12786
25337
40239
30560
439097
82016
17270
19796
535731
450961
90831
17691
906927
652330
803927
541371
23539
62808
9314
156722
401959
162098
900086
296531
68535
64429
43431
68527
141
26815
347329
2474
261230
332934
75444
143142
82657
26683
74352
240150
543926
20128
345496
769109
588858
143854
754599
140751
2756
433851
222394
2213
527838
46515
555876
2284
263701
202674
38938
12894
270730
113236
18640
57750
612298
733004
22803
298487
470210
23533
625250
119994
286457
503618
301233
25194
5769
264530
420772
34417
84713
67530
609257
515669
404
117074
357367
2263
194568
63409
106365
29329
33752
908725
6141
19597
494334
98195
457063
672
233926
282974
638
214924
89599
310716
60597
3473
45409
654068
379721
183515
7527
54
34914
161789
27
5621
8732
93923
32679
123652
44934
347964
599166
166714
26489
237227
569218
24781
30203
172599
25186
70389
6213
567052
18505
301014
259599
234451
74980
400914
52
1283
287738
406819
467903
123274
325714
83712
938
17923
286400
583237
60863
83366
67693
625406
532
417246
42846
24838
52985
328496
204695
535407
394252
127956
2176
202339
268549
132111
311880
278682
21791
377188
34192
38674
74859
180472
48200
106271
32600
264
78935
257448
96367
590095
169036
62594
2609
3036
141838
207282
811774
225492
220120
150168
152947
228298
742209
306930
4063
10191
460
25345
28642
38235
46423
123831
294097
300038
163920
460703
105099
23851
1873
123917
31138
217
398795
1294
58839
19398
41692
109684
436515
4035
2768
184471
528383
154522
70548
439620
202218
454120
289466
104793
412895
218894
27708
84086
33864
6899
115458
216292
642962
13038
86562
37218
40076
1060727
149999
1974
25802
43459
93936
534
62
482276
696637
31865
872769
71393
3762
46041
126880
0
758
210608
381657
58982
601734
656073
848258
32474
101245
137736
16859
9468
16817
274258
962120
11982
49515
4956
22290
271813
1116600
11422
184416
86803
7739
13125
604602
650
44934
19416
11982
748585
105814
480962
30867
727214
95658
694037
421328
298633
158127
48241
494122
83548
11855
203024
354813
105311
44101
37681
719131
734
105678
323105
347820
180767
38184
96925
19279
146605
354382
488241
45838
28633
356446
69283
558761
126388
161996
5687
651
19356
19533
271134
49382
383469
1614
308612
5767
6645
656813
157337
19677
42107
64
36705
106426
3054
3235
37165
37376
231860
18903
16377
428
295227
100526
258561
300299
456
126963
567
423386
59618
203321
25761
651901
41638
991237
35132
643871
89398
2330
284398
130506
67387
296350
655731
52
150055
885245
1028812
17797
197326
6297
34031
1974
398315
58482
33899
18637
15872
772675
597574
220970
48049
902034
1752
339394
227279
40311
157044
251396
487823
536162
6186
426150
32767
163803
79869
119800
392116
495453
18552
86519
683671
120013
50368
54697
15248
277817
4375
15464
306493
212319
128462
165389
147134
204639
674735
0
5551
5443
189973
66887
67740
221291
392057
889556
160349
80248
194178
4422
134696
53632
371837
110208
2959
389178
369027
142219
591300
21821
50271
48141
55261
58812
148306
232321
193479
399564
284830
85308
493236
274284
7798
74
51065
562640
61464
146
441138
11460
0
516360
308277
422
906522
157590
292524
745224
173832
1334
13509
159074
477412
17094
162583
10660
12917
4894
104948
761543
385417
52405
181918
44602
118822
118144
13737
987
120480
46740
229362
111245
173722
53181
676389
78664
14263
61756
171186
17085
2530
467931
3786
987
109340
218763
1020585
534072
76816
117190
515431
141386
232581
4241
613259
639446
113292
225764
10547
88432
63583
62803
20497
138754
430335
2588
314675
311
150038
214
664643
449884
44485
58278
222911
54
43447
25120
456597
961006
129127
12624
91869
6899
1167539
701961
136
174751
37942
282708
53420
28855
39381
25949
83373
97504
343297
95385
62
9546
230133
72398
128875
33135
104740
5397
176656
29357
0
260591
2006
1019738
9303
434246
179458
11356
8161
40333
18871
89589
890482
107330
187343
1168773
247639
188999
128053
424841
11045
12254
1373
553172
409485
271591
758266
358511
92222
608
78931
164294
47175
373067
33907
919257
89419
345272
454806
781834
185812
67069
350883
843166
399342
207589
512753
299940
143371
428
5661
164546
307662
23168
12076
217850
200966
27895
29146
876340
1568
687263
268441
21274
2612
9
144947
234715
892648
20224
238593
29873
75118
171371
443835
48692
54004
145449
284991
257612
38666
627341
5301
82272
450355
5681
6840
40479
109754
74235
142263
888856
170424
53584
7887
107134
75777
1115759
6336
5986
126849
112455
324628
106862
16542
327365
531405
30135
881231
785759
69139
37802
42435
240928
205974
112429
66625
9940
110907
6881
369496
300809
22365
12401
39858
320234
192345
123387
123692
715145
339790
1688
207512
50743
4663
389574
10
262596
9521
135027
461934
228641
208186
49133
82257
14336
187575
46763
23227
326324
12800
606486
17463
65922
546598
200497
585309
54762
37730
86456
9675
357644
291039
183513
24752
13018
65670
36669
43862
78017
5554
43446
224551
579937
283052
290450
115371
884271
120473
602064
360301
408090
547073
3667
12739
69698
648895
40502
631523
117082
104854
8959
53434
19638
410
232613
99084
52546
8081
825026
37098
44224
206113
52270
210895
41703
27917
11231
67994
281844
0
398561
35086
0
4170
171571
550227
63196
90723
393058
70473
9
326470
339
817174
28829
211530
16575
360209
192475
241823
804838
761070
124897
100236
10544
104783
78405
257298
66951
134671
245500
1010
102792
27155
53913
199128
108900
250782
75824
72856
38224
9653
60328
27390
114502
17347
0
10375
7667
43305
362686
36455
39606
184032
2657
11335
486768
972
4358
88366
27709
93182
14819
461901
59085
256266
1847
50777
57714
558881
179065
352082
93972
687
418039
162683
974031
214671
219034
49898
55017
38
96504
98
6649
277875
204488
48169
153195
2857
838918
493400
71090
0
26638
25
51158
531974
206030
231565
17
20827
5334
170369
40118
465156
233119
154
280
40051
469666
929
68539
25437
252307
838
304521
180407
587873
1983
73826
1134
24520
323786
315420
6246
21923
352185
1002
572117
180009
422907
37268
3819
1270
79048
660492
36749
106910
311233
147487
698266
637721
490661
1946
506462
67597
1496
846512
241369
96086
447858
82468
469231
243308
378234
7258
6065
300501
14927
289513
1018400
48820
507643
9694
170130
527013
6663
57124
3880
324763
67135
13728
217437
43033
259659
100778
31632
909058
717339
12951
234798
490278
55289
59160
157169
187364
687035
276365
8588
761397
163142
23363
389252
19424
64
41150
74390
624999
663
210387
448337
5206
2304
96236
65602
20086
25176
363846
90321
91626
18234
103582
1001023
48559
311428
61436
6513
5026
319914
292709
160977
1108941
125879
343181
8925
43456
4558
1459
502869
19835
551147
7652
409938
2757
100473
40796
22870
179403
34065
344844
393603
45254
175644
81996
202948
94318
572805
8698
906299
686902
42244
19736
374050
167496
3193
168290
100913
83106
330276
34930
24532
244168
1140883
254265
69603
135307
394
139570
39508
272313
6212
19
52003
418806
252849
3334
284625
107291
3001
29216
200
0
36261
412828
741260
498671
192293
2356
27600
134194
42109
221690
275034
7725
259653
775
6612
477633
196375
38446
11064
5575
958571
340579
120980
395090
3908
21840
937924
1482
265011
129374
45525
63718
64350
83163
602428
107512
48065
567525
605050
236928
688141
1027
167796
43466
861617
13001
540648
81148
81388
43229
25950
9768
46489
112826
2349
646
70029
132459
277482
181093
47867
1508
25098
71317
223559
110351
461211
530726
173656
435278
221359
129693
330155
144507
29454
27455
420769
506188
64707
628712
102993
517335
348431
424029
101356
307250
453495
6258
237649
328
36792
382404
69780
214927
33774
337240
99348
14183
472902
794
5039
5567
389147
24834
14989
61792
707158
505122
482456
170078
264648
183148
12650
246686
530519
33457
46059
16579
17611
168772
1025
134182
98
151479
7327
437012
137273
27975
295167
125793
94143
114305
231310
552179
449756
780534
81923
134008
384542
251112
59853
549370
14130
359639
1924
130
405591
272268
115762
521399
5550
26444
307799
39467
214226
214880
117485
296617
9
34734
874516
446659
23316
32416
313211
46040
104393
264173
793
218320
145863
2480
284037
934142
72051
418661
10188
136074
2287
1705
150620
609644
874
45820
38214
170372
4445
13339
28471
615546
95869
365480
39416
47579
90445
442388
106197
438211
824182
557
583863
839790
111340
13467
24023
89091
41757
55886
217295
198326
161725
78348
360146
435
187571
13717
28757
22965
39748
305337
15677
635406
17297
0
50267
988
100786
599276
14905
43390
42842
59489
756153
131729
63896
38743
133342
137321
31722
199186
497910
1062605
347
1937
618470
22564
351457
166422
288909
24782
622814
378496
88949
226362
133
115501
154756
136765
58369
432
559848
13315
110752
0
12511
278067
99746
27668
181
565322
53316
26879
197324
131790
60574
15616
1162738
35
681
647063
3932
717338
385
451429
671548
463
131021
120536
2636
20735
7971
39954
756146
21832
736758
86181
84651
464951
146293
39246
136365
17905
1857
545171
36808
27575
643671
63585
23170
61298
388831
97788
8843
643259
924821
16860
469401
474761
0
548946
1662
856472
119778
217720
2532
48139
112396
6361
16366
17334
177956
930828
210545
238477
10362
263766
170434
422568
304772
127468
277071
25143
655314
0
231217
65648
2692
6921
378590
300280
138407
32203
123692
1038525
16566
983
268745
9419
65130
1549
103763
2330
581621
352422
172824
22962
38439
79190
60197
10500
200036
269915
701148
383402
62
22196
140481
36242
33511
560001
12367
229242
309587
701339
26563
31423
570
111016
103729
257045
43872
116339
149013
237823
548179
205092
2997
143020
887624
159158
291937
199855
428249
267093
78584
877615
337473
86596
1007760
665438
593743
14697
22459
8245
354997
504473
218932
1407
12198
77
10144
816072
1517
17480
136720
127826
424933
1609
27876
11303
66189
173852
40948
87612
25153
7042
76434
19572
391
126729
3111
142178
17
172233
334002
568469
10337
15208
67336
275402
204186
8052
207823
252750
448189
374320
734426
31090
526353
213142
298
21941
686
42520
526886
5241
444
939
43160
152196
70
822110
6020
470912
916979
566342
927
762177
116928
254985
49365
4601
67448
98040
127
71280
110332
169515
490
362351
19
1512
1692
807
40837
15829
176631
73730
238811
36891
536844
90679
138628
30213
873670
52343
739835
187428
422
81633
65577
1076536
391207
744101
722
50189
42188
64039
201791
213929
22312
99549
253818
85145
77502
0
187615
13961
313729
293559
8085
879757
141666
869808
186347
1011255
10723
125631
68022
22190
16134
367890
703307
113976
410
84
62934
189257
5815
165730
20976
348647
135421
213038
694
2855
203008
30994
118647
529988
25299
57921
67768
1926
47576
7224
721712
63304
415366
548399
77186
17686
62010
143828
91958
306194
4185
141012
4192
1017187
19
93810
22379
134411
253504
641824
558976
0
827
40314
21694
90141
303434
55585
531033
749043
212054
337
28242
73306
431514
18835
95780
208993
9260
121564
23688
451684
142503
127719
130279
1452
32307
6545
27706
336989
283408
335548
17492
960927
0
8251
187236
422758
47244
126680
2858
84823
397
0
39932
282399
9268
296465
100
420539
147441
25130
41628
3497
352740
276
46400
140512
32553
36603
16762
123761
25172
557293
199643
505327
14448
879457
381179
484387
5872
31653
213599
52255
20220
388486
26454
65250
225474
529
144450
343176
7386
118930
348104
86709
3246
554571
26681
850298
42013
83
153833
34926
84955
49117
476782
11499
40945
6025
51309
12894
44016
437654
1896
455990
52587
16290
162321
366903
154393
310
505098
87470
47579
291553
17633
73
1006986
261453
47557
5930
115190
13583
156256
64498
577627
123136
12349
483472
5146
70595
17816
463872
435316
521611
253792
51688
44376
51331
187046
171052
251
4376
810861
2108
56297
290198
19199
253331
53535
293219
360
309366
36980
50578
8797
97658
2157
76946
670483
157408
1296
104257
97340
46216
8289
58068
4147
260635
74479
159689
37211
1946
4431
318387
95912
96187
37029
116903
652510
11866
3369
13499
1919
6616
233114
86338
14409
33
20541
1657
234328
42932
31094
210176
144230
10879
179637
336084
39391
82569
26673
7870
18260
686623
503
6475
149482
270674
314181
24054
81185
273221
4855
198034
20916
464979
253337
9337
142353
76708
26438
717195
1112407
2374
312983
790997
5927
256113
480077
325048
216538
127506
36546
420102
79382
241
268338
113256
307213
66781
124021
46384
9
150
170248
345735
16531
108439
256323
380
127317
39069
555779
108360
0
506988
497631
68730
236567
223080
84003
14552
134257
35449
185790
86678
582245
157913
68453
5322
68072
140872
729408
2033
627
1205748
306417
261
73262
43976
7582
577
248737
128459
99321
139026
63906
27845
297703
527063
71112
419492
110011
50118
23731
617666
18397
139834
32106
26441
147627
221317
263369
18545
248001
347212
416896
3542
16210
71168
23571
28461
32025
46116
530157
867576
250168
6166
31257
407303
97
44
180111
33351
1350
73073
791769
427374
61203
568254
834
423
283
194844
183
65806
283727
95331
354946
230556
262280
967577
18094
237032
217308
34775
651157
494384
24926
310164
89513
53048
90943
13176
55140
162321
209662
90286
115775
121420
21215
1052797
130612
882848
83
147293
54
419478
231069
14958
238488
629
58437
96561
514754
348845
206474
83050
469092
31458
31715
383609
13061
6540
124136
79148
361354
612
15352
370993
60211
912439
1283
1116
26777
4866
1086
822120
269813
169092
161161
115974
351300
121449
976620
256245
16549
870251
265446
267520
47643
372458
148758
109571
76
109930
15043
556092
29768
336454
149962
434592
1773
196385
21978
827
487407
647325
291966
469959
37957
116229
67970
70779
715882
21473
1116
282726
54
59753
392917
365023
8772
241499
152451
19341
11077
184896
3352
49014
184307
477003
579818
364647
359942
8496
478921
122272
0
49922
7325
63264
1607
73980
549631
13071
373565
3971
4360
763833
104751
95427
9719
31931
0
351891
657402
147128
284844
45999
42927
810431
607599
177
55656
10
4075
324451
24834
406194
9692
212202
29927
15998
499
0
95626
46508
12732
106246
137185
22231
174399
427822
513550
54922
9482
214099
27799
8216
14141
43136
36328
27914
56451
176559
6569
474851
52193
381309
19017
741290
320435
2305
514731
199809
766550
157748
175731
401226
88520
2313
233658
2321
466038
494104
30006
962451
92938
917
1481
76011
40299
130047
603246
171053
208748
1119
29467
95119
45131
458426
258003
334514
13054
478306
387
437258
828750
132002
39205
88031
8452
359
362570
4112
954
82828
228000
289240
71770
63585
277986
3372
2176
584
230226
649567
345109
35670
42688
542
47844
108711
504215
332702
14074
143210
113048
9429
421427
78747
573734
19305
33632
17304
34241
120753
48177
795
7988
288313
724013
113225
843425
1006
49426
696004
43174
55904
57892
1499
40093
848598
40311
55593
238458
21772
337682
17556
53660
516119
0
12507
290327
157228
53178
106542
7438
41677
100680
20881
14119
192749
481775
75722
92627
365060
370340
78974
9661
9234
120058
748671
173373
756925
21796
139608
24117
38816
3280
162586
3075
3956
7847
6033
462872
144743
511733
550786
32
415378
372087
7164
129
92857
180694
65564
304153
19
154254
441614
563372
4184
14670
3903
702297
18113
97166
81475
607651
10893
20609
105712
52647
1804
15521
6417
10437
40227
41836
34851
281936
53106
19015
64982
118607
47596
3282
7460
1020
110224
3296
146738
324261
712380
30233
23304
800
9257
177401
695049
63730
370404
763
789687
442781
211115
110135
364275
15994
3989
3858
444148
12682
437015
92982
41268
341784
98915
194134
29183
215184
2526
609427
36324
120920
25997
63744
4126
158972
87373
128133
208060
431707
9433
68574
348783
238798
385649
110949
286359
755
5007
118
268715
2730
551589
106751
821503
279055
41
276061
33856
224258
195389
56668
187964
38
21183
3266
18963
69096
263635
2672
21689
124138
360589
3630
26538
288012
349070
111295
57769
845
57487
309163
977119
46894
186459
317154
385
81281
134308
333136
18393
424755
134347
64445
90964
565741
343391
153583
37
20639
107473
1063638
310686
150221
136431
71729
154067
98
2854
214587
18550
460131
116013
16236
35400
25276
1085144
42110
24910
125336
123202
175036
15371
5668
36599
67349
17225
13325
44194
115119
520717
313157
25497
180625
32859
12970
38646
20867
35131
183668
8474
97615
270123
864928
387693
242314
77591
206975
13071
30521
252825
85935
5375
0
30583
174984
55350
334298
26079
265121
1334
550405
96501
11232
27129
28870
23959
9
69733
24508
130762
308102
62618
115298
328548
42904
150258
171106
336768
147910
773636
310153
99929
4513
498659
199914
23191
7957
261017
2464
13397
0
210199
5145
523548
32736
34952
256563
40351
28832
87859
81930
242931
63450
454863
155513
963
565190
14136
379897
58433
20545
952774
98227
98537
158993
84573
208706
512799
22900
23876
70737
50058
2969
313147
141857
67987
357763
259156
218705
3353
32162
64
289930
40532
309364
227843
138063
6172
108928
92260
607980
787630
51937
21333
303947
74987
38412
441665
10055
134606
34
427256
264812
180171
460152
38548
53507
132191
3132
122350
2320
44278
0
855206
504
6411
341666
212054
185920
23142
7092
335466
282648
22118
10
0
36652
84463
60057
179463
115694
353814
700
0
21253
8586
660
6896
462368
127519
44308
30565
16650
8159
453
23006
0
284503
27790
16974
146754
203184
17097
219444
281452
678078
2837
523
190293
5758
81011
228253
151090
167567
166159
1401
388850
372226
230741
2188
10671
624556
226587
497790
673477
17646
120961
83891
546766
998179
649105
118835
106546
508073
334581
13665
62967
144791
5737
64941
3723
424914
18625
166086
6861
577717
5103
7445
356811
57641
154871
108794
400385
111954
47863
300260
20513
5732
45602
66553
17102
3732
222285
27941
486900
166473
4825
622638
106515
300466
640357
538000
766212
181966
181757
1291
14511
4877
76017
529265
219285
44065
786972
48489
744746
91711
0
94411
953218
491729
15053
618
0
42639
626720
142119
89861
87
407
657261
25352
241113
2821
463167
637046
55984
256299
531900
30836
606685
483931
6616
47
639937
518315
9814
1328
211696
9519
405025
796570
304366
42188
60868
285
436
394688
7378
33210
72685
55300
44184
137145
3303
46937
391884
548360
90
439995
46974
3792
134818
649966
349877
432327
2412
750255
80535
84692
251762
101027
14039
157729
141283
45344
1157786
21163
310311
212426
19076
711296
34021
425412
400537
298862
231430
463519
28539
575490
23728
8626
11190
333722
0
878700
9877
161015
26067
8261
44951
260219
53213
45295
455664
1427
185401
49606
622596
563020
27729
69010
446103
5741
191733
233670
125147
33739
81895
762533
704723
707570
30678
149282
13428
141436
253086
194699
317797
78921
231630
517215
530508
526
7578
34337
107610
125299
125705
269
551350
610300
70784
222
704289
417168
598139
39686
75386
131966
702154
9835
54361
1109
509257
1691
343937
3938
159
311790
257379
231003
7580
7502
69988
74074
2346
979457
149363
198737
98032
8207
214320
186755
7293
377588
5560
77110
57658
43149
178548
23232
367631
46244
474127
27438
424527
465326
49234
17305
26825
9347
185039
306338
6958
329753
450029
660760
43836
80011
493971
414636
269656
182459
37931
12840
720
107
198623
62054
45348
7543
38361
11941
470530
33217
173718
42721
1828
0
81
41825
20224
6541
212
69500
340688
9871
141482
369329
1315
34634
166025
146663
105973
143602
41940
1863
404391
37881
50836
214765
215166
12595
15042
1160
0
154090
543921
258442
202616
1029175
72272
60767
47900
615122
391548
11916
19768
353680
6022
860891
42497
81365
111849
396078
161281
20519
33069
128821
775944
33473
628049
280065
384571
20935
192781
187641
1043
322388
29
531468
138
47412
818426
60781
2641
13573
3764
12
17942
232840
336089
0
7111
46142
4347
287875
334894
39771
6445
398571
139348
85349
118465
96308
288687
13050
254707
52832
99382
590818
143824
9851
42
57234
381219
606721
36328
27615
199561
931757
57566
96614
422613
168523
192378
155920
587268
598469
8979
12865
386489
68026
12083
760219
71081
22257
211583
256693
19330
28702
0
125902
202233
55356
110606
7806
219570
20615
38922
86268
503
60072
9202
488
478462
1979
50262
150222
15580
50449
28909
2915
32723
458370
272427
60867
410523
129137
3880
33657
96
330509
56753
142569
569353
292
157975
98566
13522
377521
13672
1726
37753
10255
11022
0
418984
2184
122828
243535
507645
1087717
17655
776827
4980
380566
101286
168556
75712
7837
32412
248510
288667
14055
16135
482121
733977
916039
42490
44684
350833
8778
794
640212
118557
22754
262
189862
143137
288065
38600
833710
18805
251819
89622
118976
907294
516628
332149
351137
71936
772036
157982
54
225352
86166
57731
4567
255772
27883
15186
811806
14377
4536
90822
333654
1554
650858
1750
347176
15816
147811
137653
7005
970944
579
47947
140241
5993
27565
233161
448144
391
9441
6612
333545
505062
53385
8253
140222
47614
23303
66102
562077
414860
831954
237132
996511
367310
215227
3771
162385
61962
76555
22844
325310
208146
666475
4890
18298
471006
403984
220606
389706
2341
433620
521053
840861
642576
87865
70826
1692
113740
395877
33
35086
433
359816
269793
1185
684643
439872
530089
2353
1642
785
129350
48895
25644
0
3726
364210
492855
519354
265862
83879
146458
64
220178
122655
1850
62998
0
394281
17
2527
15954
789115
114996
19216
30473
100606
912207
285731
1560
21739
195355
150037
0
84738
6209
105189
212253
22932
25226
523
194613
248420
383097
2336
954
979
401870
794671
85554
57911
63860
114463
323419
99340
865958
5713
23136
268288
173105
150619
0
497338
280830
110835
189761
100059
62147
127407
158461
105083
287430
380895
85859
22096
872308
15346
50458
66626
367
9
1990
232
24455
264080
423849
96092
586
27237
79350
36445
131912
24652
5618
663813
336972
7162
1782
137187
362326
368
45174
231506
437819
24276
227
36999
91251
24156
70
46792
11553
39997
11660
19743
39760
731
0
439980
231773
11800
20552
8042
604
92208
351034
600330
39486
15086
184618
0
669
82539
6222
465267
33958
25802
67142
5551
14722
112375
97611
407296
105441
55305
28249
377834
28935
619639
573458
15614
444743
6817
241762
115162
82457
220298
4371
668177
210353
361728
46464
42047
374450
431
184874
220552
365139
2478
626232
3441
10163
20309
52275
155030
338992
734435
13628
190783
553601
28670
49090
215332
5066
79688
338
335804
518880
90146
217966
658127
207106
640280
495
150035
26318
385827
21409
217095
1646
410618
921288
17498
65187
12671
574408
16419
13475
94309
493551
20177
138777
65509
280909
102922
6289
32440
19373
1282
325169
210565
129901
366547
1817
89613
29601
625124
3298
656124
1501
289480
450522
55412
109866
74203
134037
352565
64672
37
66263
55490
349413
11138
2213
181323
65061
65586
312092
4833
67485
21005
5219
386
50537
93382
161506
1607
515563
15372
6361
75343
336578
34069
123524
428258
51672
126831
39234
474590
638495
147331
13704
590401
113676
6784
62606
285168
178983
635358
247
66985
150
19944
1027
204198
370
265211
8642
63212
101764
88071
292797
439922
23045
851057
111390
12845
279913
760874
133816
158852
580710
564116
337407
3740
188758
13233
55788
121806
65234
5440
343951
333238
145289
17747
228238
962020
58972
484262
43282
33891
15252
126154
7010
881695
4298
7336
38344
25925
16416
553823
543890
439018
0
214338
14102
4803
19177
375065
20634
220496
276549
147347
244191
303540
284248
2697
16118
49741
1080797
40081
4246
552525
54154
38649
19776
94959
866982
186696
139531
34649
708970
441178
375252
838360
36414
62002
1168772
190586
39906
158930
5563
28578
4462
756233
563366
189925
150165
360817
4488
4617
48763
255622
314047
79765
831427
30104
825163
121972
555314
0
71588
460348
417008
778341
18003
1657
130095
114525
49697
24576
195084
127413
953570
590903
628265
1471
9241
557537
171682
671433
37964
72455
27976
183876
377
56628
968248
983
3942
3588
89606
321568
26208
262865
30720
60005
506796
25371
1019264
909
18956
5996
134132
4881
897131
118818
19038
17315
255671
172357
96639
10708
3132
9963
470670
300122
75390
672
38035
2764
522001
15979
257169
115796
481966
551476
7248
319747
78005
762
187625
132466
31057
197695
203157
953158
106
1973
239988
56344
181219
11483
247990
59146
13546
118216
1719
588753
36983
779
490620
145923
57966
8798
7516
47484
463856
107989
8402
158427
24515
30949
4987
39662
603183
6807
289305
508296
24420
566892
3876
65156
94954
87835
9183
17950
10646
304643
29152
801588
167659
10144
104406
43342
222362
466772
221727
197947
252733
259
4226
386009
246272
292649
64447
309897
0
679077
2908
27051
512
361013
18798
496540
81155
250
30095
438300
489559
669592
14134
77692
565546
627467
0
604129
341485
1221
689481
33904
67217
197331
0
329710
42123
12939
112242
207598
76
897247
108487
726015
374588
38766
568697
10144
443304
56011
46393
96202
469414
65184
1857
96022
243216
380425
6120
33207
643270
282724
370527
656990
243423
379323
1423
56104
72627
526754
2555
492994
125867
582893
772052
152379
416008
6464
392499
78882
8093
642307
13015
51554
489470
793
5261
278338
661439
13550
88
260833
682665
73227
49663
63851
168791
289421
536
669
43259
220
82128
16274
197843
29873
2840
35026
197584
248033
279334
80137
175762
94841
410577
30201
132074
123344
454960
103504
792011
698337
397
750077
47174
4438
26234
144224
258349
410528
927664
226480
426886
2202
8
99031
256835
14055
350053
9673
90890
228391
308511
10568
5290
102194
482
592313
15310
45917
451622
490188
173943
647545
757961
381163
14637
92561
61477
8699
41866
248773
252897
25750
106653
107995
141964
203830
168636
493684
234509
618992
3154
44
208029
149901
593915
585179
86466
211181
190327
5351
10
61197
809063
34948
139886
1783
82173
148162
36066
83946
45482
10313
90
884
3149
44718
363640
12007
64591
224039
201379
381253
94859
289
187721
700040
1073261
122695
7537
441964
103332
170256
124759
3051
189968
19523
893041
956200
145
87249
6201
4458
173935
6247
14834
50891
6791
6224
17266
0
74836
251779
136464
165206
82988
7
28493
2860
74196
107943
376335
144249
48205
8031
687872
13558
2738
8640
14129
91556
143
55115
12238
29983
362
20486
9785
30804
23501
705459
447621
59139
197894
125759
1100851
387705
28698
120025
5074
334458
290886
10454
2197
402166
8600
252757
108323
85070
95903
391512
802027
86065
566745
8442
25206
824062
551615
20045
134395
180604
37018
80183
1268
17
16912
1423
16008
153481
23322
87312
4350
29292
2604
92241
9334
12536
89932
248741
27798
40205
121613
30711
234099
11729
197854
155868
94074
62046
132232
93486
596426
2111
455288
35430
240900
83348
5705
736
104995
12697
111529
138284
162273
16050
705682
180632
207
11702
48402
25187
3876
406215
142111
221490
83311
453162
125477
526226
587
374136
596170
46395
163312
248668
115645
8589
482952
132697
740901
346161
52129
83223
1436
12262
244758
885
686591
863381
523725
66343
461260
156670
39896
93678
133177
96710
9251
13137
161462
12533
469332
128953
115252
192328
127761
460833
731
1499
107457
15501
6380
325142
653507
36355
1357
650471
2702
277615
196147
197
257
5416
30127
154754
217981
166856
10277
0
4035
111500
180028
1412
81968
56
474135
4356
221556
87597
2169
249207
63222
427
401158
377769
102416
477
226579
63049
6842
369655
228660
19928
753808
300953
26882
362182
15556
362009
130476
569320
230851
1010439
2652
258815
61273
46713
782124
19192
73101
120003
85935
70151
82131
217253
48068
107060
214381
32
236617
401595
253852
471903
95605
2719
68611
63693
35871
3490
5691
458129
30490
29389
802
4708
160372
18798
128132
283811
4540
99314
2521
124375
51441
734146
196145
70692
114568
91575
79
23402
729762
271388
23321
231353
16574
626105
598124
2127
55273
436939
792475
110778
32619
19597
57733
110636
301206
0
166
4276
21721
805712
872375
20070
335705
345466
232317
903663
620209
40533
701584
238333
427642
73222
628368
0
301139
185813
541825
520954
270447
52528
246468
146617
60575
0
149456
739626
37992
212541
274664
13659
1736
64287
50207
22230
159359
94262
378725
6917
2150
97708
528439
6345
271056
162503
8293
4666
260
23954
379263
104745
88754
134363
92020
17118
435878
7320
5916
238728
4465
96067
565713
139832
222431
21795
233890
112656
128541
188911
817457
120694
321501
57075
0
117523
274378
188525
236338
868625
189004
17631
215957
302025
167686
2587
32259
178229
250857
290467
81962
486964
405093
267175
375642
297026
17
431579
1242
66925
369457
144005
168008
88895
48384
99019
289995
429854
90057
541228
288023
464841
341339
2377
91048
241503
246582
854
92139
17
302155
509103
10872
64549
7912
82944
82957
104198
836
300987
70097
44103
621445
42064
132796
1069693
263342
7990
61287
184152
19371
227458
10231
16274
48870
522057
73425
38257
431636
42393
422990
36245
94258
33507
113027
282251
64122
61855
172897
923737
178213
2712
213219
3991
322634
243089
136435
134244
32437
144843
181915
3244
0
182015
95005
6479
35087
73165
2866
12206
103304
70610
134117
8016
210
409461
389117
225785
40158
18248
23264
131995
406742
605312
31284
192248
9652
212097
256004
0
392
3465
113298
354014
2143
0
38584
39641
255559
412122
18212
428
28352
15947
398553
658202
873487
703
66807
42877
110445
110556
70638
20219
301546
1914
38671
29817
75685
43323
24471
6712
10830
6479
309962
46157
13006
127594
199276
119395
240215
49085
772667
931
349236
288027
275
297132
1016075
603856
76787
496663
124630
11942
30203
17589
32071
8189
460827
545448
414583
29717
230659
685923
397447
117858
28907
789317
439422
34170
227823
218636
575252
175384
741988
576959
22489
363915
394716
2304
48548
5607
121181
2432
865412
374977
147887
67834
24104
104105
134
119697
7639
156712
239615
343658
661561
1324
143727
241991
5354
73
297376
185
180471
123525
589456
15178
80437
37528
1914
0
499029
354681
238641
147770
512
13308
53860
43997
10141
42109
35674
348299
1853
169737
240550
300699
222540
2154
89317
5644
5058
593
34698
259637
389125
30202
49968
169385
71615
744563
134945
2625
201667
11725
2112
3456
32487
52189
3059
62700
216594
46405
548
437882
231184
598
77687
762842
378787
420183
865788
4260
78263
192731
532947
21812
451
3267
9648
98764
482111
724346
189872
457
1497
173497
647134
9028
39491
641380
239631
673033
769325
359889
578318
19553
52586
63535
61228
318
91628
98800
1074
0
125004
473652
123873
516959
65932
892770
102248
161015
204859
185037
3500
197939
4669
111698
2203
37717
159461
22015
872
36362
13392
15593
9183
179083
154077
64796
67302
1444
147636
513272
168474
532121
492543
439426
2719
81323
15493
241950
45558
137893
3622
4002
22526
293868
69800
193160
327976
2382
14741
8642
268651
233615
252447
110210
212853
62423
1192
373268
37948
217319
416518
736832
283132
0
156020
0
570
34879
441129
11518
577
17
436248
84571
95776
404763
651875
584044
56691
759015
0
8754
133378
111218
1895
523128
5611
1862
233057
85444
8803
14664
17
217860
39701
566
52450
84127
2467
134693
282268
94731
325775
160416
204334
12373
322804
785977
33899
33821
107056
27970
40642
1837
202480
1111
109938
4321
92893
20828
262412
280772
15659
676219
348037
126622
13690
766683
339653
165095
0
0
602148
3265
109687
1427
526657
433518
12387
185489
163209
33713
1096
850685
278313
756790
56356
20197
11527
222631
262416
4508
518149
329605
191755
83623
22426
13526
3078
63836
59552
277822
424507
258718
8464
402608
775061
269499
426371
56
314070
421544
98345
773393
6899
177108
365
189631
21136
5506
458
49254
164
220829
328868
12180
232100
120182
203406
627652
124384
133697
163
381182
33484
8450
59121
2419
176358
290151
432928
893743
434987
691858
503896
56608
812348
68384
544928
306239
360237
255819
52257
130467
144633
414745
11911
0
75660
147310
415033
181289
10478
23891
72271
147133
50917
252888
1112662
69037
18877
99979
26532
112474
8843
106868
610
152789
190879
493690
119807
12562
585841
248238
41845
8297
267718
13468
0
514756
27402
355
74728
117410
13841
230643
295477
1532
81408
15747
41891
288561
236279
281768
2984
4929
54210
52684
113052
11251
4086
212291
6616
23532
153805
154020
16013
211690
303076
261460
382556
207958
279427
24103
703427
196699
29
624147
261973
61191
382807
934
94732
75315
247699
231376
217550
278211
424487
490303
9225
79493
248301
176288
32182
177
124188
53123
185651
6591
132729
47171
586883
167240
45366
76883
12270
42628
38442
244781
189871
59680
477770
44312
637680
760675
229287
2962
117073
15094
44042
244505
43091
127711
64374
31466
525423
1318
8381
401182
61420
263713
19546
11005
229809
453834
122551
66663
63481
789434
2129
716521
41561
543398
128779
526843
560876
182486
9614
1712
106553
575
68917
19098
1213
37501
6554
78036
16536
17
234192
485324
11
386709
290
783227
14807
21284
129125
858482
190595
229728
94284
14507
8414
48762
324271
88351
150936
159326
482465
258356
696800
576916
12870
729968
316
6977
46924
350381
694061
486167
474054
32182
58513
23574
276787
419375
1439
133550
873
118907
637789
2434
156
218631
430625
91119
380754
320526
190048
1080751
7224
26966
225474
3988
360370
1015
551569
14736
20147
84971
870956
1125479
402220
286326
39846
209996
0
262533
329181
23909
127124
863746
63821
29196
15473
76649
48548
430221
245103
327996
30337
99022
189602
400642
46045
197540
302229
171012
203578
769
11340
117682
85540
477682
388128
120183
99899
182702
60440
64914
516894
851695
130
354
162377
48988
33938
172236
175851
299560
632396
688821
421005
473364
4640
47732
819691
99205
140741
8648
443765
120330
1303
84222
99932
1727
509670
19558
30276
116317
1197115
137359
160843
432170
28554
11871
257226
1910
80197
3512
27020
208893
17440
145223
507274
182671
101019
232400
10730
6354
330406
234510
570615
240988
170222
327173
10788
627825
491699
370
132798
296772
218663
46015
84738
269573
5268
37018
111217
569
360084
23464
373189
2555
362241
210047
67618
43753
242450
3088
3397
2811
365787
14577
178606
8070
1838
185694
9683
19
9444
58751
104867
80849
187507
260338
139340
236083
5314
24287
0
17982
6579
21476
74549
610
5679
186269
29952
70825
251660
367478
800690
245725
201087
6695
14548
44192
105103
1035
10047
508586
8012
691122
1035016
6686
886
36393
78736
12391
17978
10138
110
182760
11053
5213
91066
222202
0
540845
51822
143629
83568
6968
91140
14719
389241
4193
92590
493635
38653
12059
798762
50372
240371
36670
4068
4716
90
147314
167026
114046
10962
16179
27686
884
15730
794091
787
119998
20007
160734
170979
109024
15305
90821
380768
267865
374477
15248
73628
184392
23622
4557
131589
69448
727904
253405
107636
127740
284595
339906
336
92386
658198
91276
374594
219596
13102
101961
389631
130135
55926
602153
839
275200
2589
667561
655412
3033
54959
11821
5433
104756
518030
569295
99479
263526
20753
5579
160038
108
124306
251179
242123
210778
2482
5415
652536
16846
466980
10027
4840
8267
5869
64955
15927
806213
196165
2412
230942
178270
115937
181545
133186
5755
64839
154
221127
92117
295751
3205
418587
149826
52264
223035
558624
668571
7307
940137
132271
205
167732
302786
209577
39
129792
134923
213848
73879
9951
228675
495
10912
27075
269893
542786
140726
350768
3263
82964
6350
5815
558834
1666
24183
119259
180650
34467
71780
426606
14648
14056
632132
173550
265300
190151
165911
1036955
498816
5497
353703
329511
23202
123828
7955
171804
91096
10
364485
397467
96135
23622
709547
624968
331044
430793
120678
12909
615085
105230
720687
2322
32953
2506
593
96315
3316
292598
291649
194578
317784
850
13510
102592
94338
204119
216205
77555
192731
501239
0
497990
720224
111912
2005
97
283736
146923
486040
57703
267497
128356
24244
5262
292597
1941
339145
204371
15974
728
5108
175671
247881
82493
393
7530
65296
883812
102402
72278
935949
109901
519958
14665
605070
429430
835017
37
109976
37457
20140
179128
172048
122203
67731
312639
419360
2483
367366
19
87519
1744
16665
15768
7870
425938
623395
62229
305441
2662
794880
417936
981929
539734
25373
774698
211622
179853
165805
60378
599091
387695
341567
93878
62212
122924
230126
107
54084
210407
63670
12905
807715
56795
9676
5140
619510
240192
64768
16757
0
468808
15619
84417
44279
337745
51892
236356
285
12598
79112
103192
227136
682251
43396
45
37449
66935
67769
225888
57
691162
605
267042
78508
761489
130397
46987
333956
33180
12175
2912
19765
248451
130
90645
257
18580
693
272586
230414
546133
83258
1011109
7022
265247
349981
115142
111798
117411
29814
93209
963498
30065
6481
231326
387112
1641
360929
717884
7473
705417
29632
174876
395428
773375
109
16851
13197
26924
94860
47462
142962
601234
447558
256869
8085
45186
89588
10971
61620
187077
66461
317027
466540
555483
200
52
29
33570
235564
34322
51564
66768
708758
25716
100190
4029
8727
27910
129577
124013
167729
3491
381148
125452
320563
686893
514
4704
224023
433474
13637
539320
321203
288043
7628
111792
206654
646060
9
77041
7939
217908
453213
73071
36284
782452
54575
178162
20429
4221
21790
68045
23709
84800
72705
24629
97960
130882
151011
1286
277596
368282
580098
29454
29504
19
196887
102878
889090
49047
509974
69899
108108
198449
0
110979
52218
250593
205639
2118
9
259735
23566
21813
4709
264063
4694
107912
24667
56530
105867
126133
55691
66807
56728
730427
27776
66947
18939
51390
494813
4045
459174
97178
70277
39308
778591
260488
5870
3146
232741
164258
210499
2702
17835
32092
16892
200988
17015
250227
542016
26868
4470
258815
16751
27652
18935
4004
10513
409596
399786
23527
201033
110795
16015
2714
33869
294522
41341
1554
61655
22713
47603
169
536300
333839
952035
478060
699674
524046
129603
642577
92783
18002
6462
16621
329018
71818
39543
167655
55366
16472
594435
951490
195746
573755
106908
0
146458
785167
433156
714954
960
144357
597
311270
21088
4498
5798
215987
466086
343459
73806
51411
271059
54043
61865
12528
102514
75819
458
293516
317934
33707
55872
29643
28795
22581
0
1625
110901
310984
482411
394316
441736
4500
173942
245300
1771
87041
369288
647024
125903
360470
29
69368
20534
320815
174936
108741
56942
57256
3317
103706
4429
370284
49892
86614
466414
56437
107649
207822
270443
323609
28309
508105
564
223523
30468
206591
1174559
2111
214354
0
7896
502545
292745
147702
230
109917
115
833358
209900
27143
388789
813765
17602
97489
7705
153707
46344
308659
19110
63445
148094
163289
408504
201422
4154
62764
2544
886174
11351
486707
56682
67311
409239
241249
389
171243
676033
4928
70253
45554
250438
184205
88285
386804
3784
3131
53051
867612
392120
8779
234930
62478
86639
41083
216115
379969
31393
204048
13295
131
254
276283
2001
69634
21748
514087
24118
9126
198523
203133
9
67506
164029
50523
222084
107928
1056651
137703
287428
17363
69380
37181
77601
9
58197
217372
23739
6711
388537
317895
1823
179539
381974
604319
41973
59110
62298
24272
42706
485808
99849
492692
116302
167201
1006175
19257
33
196335
26626
47505
7413
130970
347562
1080
58112
194933
20257
0
67847
206423
284045
306447
62943
477655
4429
612015
2423
5831
0
26869
199016
264241
56406
270825
177745
16235
652825
189119
1742
20432
21359
36469
29535
19888
44245
87571
198858
21795
228217
334800
8157
2499
308978
128830
513969
9952
546624
81093
181757
559539
60872
324
25394
74393
326
116827
971144
1809
40865
208511
64
64492
77615
187786
145138
23085
47098
32471
104890
2772
641393
138745
318705
9777
439438
10856
23990
185048
9435
282909
826071
71410
195897
2567
57736
6024
70149
278169
23510
12944
72038
408561
632913
143812
7254
34751
24662
125629
4114
220010
3314
127466
727396
486741
5920
92508
142285
222
24815
301219
91780
76156
21310
6155
71507
162781
56836
27712
302128
42474
36322
54
20
17252
652407
4542
186809
448046
209498
721653
0
236936
602
9022
79389
581189
120151
512880
513741
60479
0
459049
382316
77451
267828
62016
648653
75220
60069
227244
100
60986
394585
14856
2388
869
378023
82013
174136
8289
208133
354895
34266
3473
89096
424998
46547
230993
27638
473792
129109
336533
132249
43467
14144
112675
9994
406320
63660
44473
28865
333501
994338
51584
57569
1087282
303041
7234
694586
5287
83355
273772
45623
16753
3299
0
76385
385053
545725
117544
115757
120403
711805
338
425419
130
245506
101881
1095872
370436
30941
299580
88083
129157
272301
157785
576088
18670
670835
300209
213938
545446
36901
1043
34486
572792
277043
143662
71276
242693
58404
1571
1000
65506
8532
158099
163959
202
112885
106558
515387
72498
478849
79342
166578
5540
96101
257846
35873
56457
328309
31365
178903
14650
10505
265389
241312
472856
474253
135182
790
121506
134980
5847
105757
20282
189826
719837
9860
13237
53792
416539
162578
125615
206390
50831
294462
27196
155418
17
27777
45415
8651
162283
42090
370117
31580
287985
87980
79217
240820
134334
142587
531
212319
309936
50288
135609
76752
6104
571551
677941
850938
320877
176945
470174
26374
16926
181536
10513
344833
4356
10857
179740
518630
139550
15120
234825
0
14314
117941
29880
130175
1520
374849
225898
627336
34794
221746
225571
32311
295708
250213
210523
59
78658
42062
674583
48440
42284
446026
216981
37727
278213
1075005
751105
815644
0
7374
58051
83552
0
513
55
192837
110871
152544
13695
1848
79801
547
0
380565
1040
45487
264985
318963
28376
782120
85
39938
374940
151615
435868
190040
103284
7790
82204
300
215953
110692
14035
47876
3187
451039
0
3224
143765
55868
14075
69534
85274
12808
27709
8995
89335
273
380183
13303
190780
97771
421446
44473
249491
64403
165777
147703
448106
72829
49773
1884
2882
13970
36971
1202
381924
84834
599
596971
373594
56
80461
59983
0
546988
56080
280453
61730
41416
74443
85279
785983
32560
20191
511117
7589
5912
101637
224204
4218
41550
6124
542027
77174
223616
423036
619842
11672
203495
62579
299434
22640
903585
363448
5989
13740
780331
46090
133437
13928
256058
218952
166889
37982
9759
242814
174758
781
79447
8886
17182
22928
65546
84917
168424
12576
16547
72853
29996
39827
8910
6076
109152
32923
230205
154
185360
21
72884
26246
258703
412862
487915
415400
252
230472
95781
392107
481721
224110
273636
127638
3233
142963
259724
52614
37
76636
63145
310121
74342
330911
472184
13706
61786
739
12276
49
0
17197
419681
1046110
50129
171295
788506
18166
118867
60551
29
314052
88368
104332
133274
155587
2941
82108
87384
57800
58850
416531
108
9338
59654
89872
113073
811481
99751
49932
1415
440716
22499
77669
27706
18700
12420
574004
429048
175688
5690
112956
477986
279760
7784
164655
30052
456309
611
25911
1354
15
182587
119546
38536
17486
6610
0
204044
9339
6860
89377
51759
100665
57763
8797
59599
4896
46540
463794
3114
80141
446432
25577
30563
796319
494363
1392
159591
267584
3632
305302
513402
133413
521445
319223
146767
374190
17553
591
720721
19458
9211
169839
557636
166209
66922
416322
693429
36029
226498
12448
8373
192967
118177
13751
544789
325927
232761
9477
131962
273833
553949
64527
707486
12761
3467
310553
62205
623955
5039
293858
1617
208487
8180
156592
706685
676963
28873
439716
103
17078
17684
105126
81420
138198
205092
59149
57844
29
223453
67521
1044279
282320
39973
185706
125555
845478
355981
66737
918900
255842
10020
693487
348764
24880
397462
213379
60104
810331
224971
22181
5387
256055
284995
31071
34313
435841
188639
781057
1275
76832
43087
9361
142821
2004
57920
111910
2575
123953
139885
8128
328
287455
163328
35372
386861
95348
234028
49422
603819
174
363804
162327
20595
566660
693166
50691
529990
340958
58813
295957
351918
270988
81809
0
433587
219974
17172
17772
38831
346653
318465
186396
20438
665
209799
644
136856
2265
477089
421526
644840
29916
202
582115
291323
140056
0
442482
9
4432
101049
469274
3324
150514
378341
119070
384322
696523
517817
182104
267059
147387
68963
330404
397024
97747
127794
239521
6842
43659
2672
491
76442
472139
578544
1288
12216
188122
342669
610166
426921
618953
64540
3069
25807
114004
17688
346032
979654
89373
1000576
615665
85820
1295
20840
23259
1052764
74338
9010
129816
33054
656870
212501
4628
434
347352
9447
793708
480869
108522
14127
155678
336327
256168
1610
417212
29632
33036
9396
347818
3614
101165
117552
818907
556378
1028
26088
25512
97203
51968
26688
1550
90363
432329
2218
484
81
71149
226996
37074
14639
159043
41719
303636
59388
395743
0
120071
43327
74407
40875
525882
107
290
25546
90194
10054
80542
414057
375621
14537
4929
33308
553771
66
4616
58251
471196
15567
206351
52074
328895
212
2068
129850
62300
602822
78505
126
229771
7930
74257
154
886156
763
192196
436030
183766
102445
205838
40648
3337
16210
21476
76193
15182
93939
14399
202216
77986
273533
158981
232017
359702
186257
96362
42050
20153
156026
188175
10691
74796
16966
170248
67014
328258
28542
414196
185290
683467
15824
361
63938
659830
13904
158763
281351
265165
697552
3739
24367
252443
704
13712
777
5990
295601
33758
225399
9093
46758
219284
417308
15244
162573
548373
16596
2071
765537
759030
121314
137939
366319
67684
825910
573
177495
644302
11897
69626
179803
44175
207718
562973
235571
19203
318085
51946
430576
82729
32105
125654
12914
7857
27095
27
99153
498060
502807
688547
212559
6729
73048
103542
669
24846
142
181047
10020
9514
322446
169140
492901
103477
1694
403
239501
287060
355431
9573
47
620825
116901
124137
52652
98937
518900
274065
520744
153546
238811
124274
1924
30126
1143
86061
168996
236
433545
173911
52
261591
175433
7421
20042
118227
15708
54674
79351
62940
277739
98322
140
3548
305419
125159
7764
118535
22197
35488
561
580225
123228
749
441325
132111
284698
69301
276091
70364
37733
248860
187789
59651
103524
49268
463806
4992
11755
39420
194754
46142
123299
32465
87116
882798
746600
91436
17430
261683
732410
2428
490453
316621
81
204864
392
574202
157498
25394
47890
39431
51504
402421
590854
164774
502537
601290
17006
14395
186307
40
525252
20313
67617
216180
51325
946583
583
241421
102713
70545
30465
2759
252750
520212
160374
121959
444698
28297
5259
658
30666
28793
413045
288296
13791
737054
102
12907
44474
330386
94353
158714
1680
619471
17
923905
1027110
111412
14914
133845
89301
411626
607902
368811
364477
859634
312814
70494
330634
547467
768266
335201
117065
889
85533
177511
208438
202262
140849
6819
231626
15248
38659
129874
455012
122487
2183
136692
72125
3825
2003
123918
4735
79262
44224
331793
12373
1392
199516
5227
363324
3314
653
78389
21
85139
614716
175381
5643
135962
41399
241130
235022
219304
791248
108948
6904
763191
192163
33692
331398
612168
61791
159544
1029266
595246
143877
355
39564
72492
4110
0
279179
35668
111765
188
1413
471821
78644
25922
270617
35038
607505
97935
794818
7727
2626
84876
40684
0
95633
36238
28714
187344
57082
10765
294437
4976
264497
117073
17469
25131
1061774
9269
37395
880493
350374
402647
1456
27824
40592
8742
163563
132333
3046
892396
970949
4190
338921
13699
211633
500400
348996
142524
18525
153664
601593
35216
244636
26690
284568
4584
120513
54600
576096
8932
187536
13349
171351
102349
136392
12976
362552
8983
39362
3405
8813
290940
91951
636882
255893
2754
237968
16051
427366
114766
12956
122909
1081
86485
218751
17831
4270
77158
91575
347104
49810
114443
4205
121712
109903
332495
3187
647027
2471
3825
182398
1792
204900
109505
42494
74005
408429
415570
300120
62356
202228
380885
291801
574030
107831
969913
353561
326121
442502
758391
31166
44672
4028
448165
769069
139408
2276
80527
143497
15001
21588
22064
4494
820741
9
870164
7793
270
10240
112744
78258
81489
9863
2876
465628
653892
46452
434094
167961
353155
21143
230199
210903
275631
27453
41629
148424
4883
510431
222960
17644
34326
7514
562
103291
72804
0
37105
1021645
84634
58
1467
229472
23302
475311
93386
224399
979474
88601
346830
564220
55968
34790
18896
527739
277
11945
33455
628373
341737
220964
399
7746
264
11980
156532
34580
48929
6328
646924
3334
14075
854318
584999
216468
127630
3907
92
28102
162675
4755
661897
81874
439468
12729
45188
19079
200298
81997
23487
10779
3067
18700
84121
112592
2050
40114
75415
459
2969
121104
5117
19994
9739
890
473
460903
91334
239801
711680
7760
4772
455
675040
48277
156765
4601
81497
49403
40449
0
9027
103253
339170
44361
73577
202917
795
194357
192051
388721
803
6474
90825
7864
15220
87537
478911
1541
258166
459425
18304
178167
178748
360317
4901
1415
178340
456015
888
36672
77
22402
610106
281010
24219
18665
308839
246801
672902
131
156406
76687
2368
135794
48707
5605
770
283102
12697
602427
551105
143124
604070
89
388868
312527
12601
16873
23993
322627
29861
289619
216554
270232
21840
171625
29525
146120
16113
0
1762
469350
8016
413008
399842
178950
39941
299393
122896
16260
5908
239684
953199
87733
9846
185
9983
716911
241185
94576
27734
137654
310025
34794
121664
574461
5612
667785
449083
85632
347497
207
213933
42401
170896
33986
510251
170796
91713
104699
661802
161454
4090
81716
233159
780778
21448
829000
35902
18270
11057
522378
252906
26975
62314
201293
94004
29836
929974
17646
250930
557246
18612
798473
689031
470997
1858
289771
89
91813
157307
514480
0
147290
6416
9
773
42145
342819
232
220427
73913
65216
879008
12885
8742
6935
602564
837532
206351
564
11826
103453
390076
32523
58680
3973
7651
31625
3114
0
304310
1604
30846
441366
194633
141386
605206
163721
2246
16838
272305
117199
806719
11170
438
73324
66955
70638
10437
85101
207788
73772
68864
692
105167
57181
2764
106861
59479
14665
1867
1136
441043
658516
42730
934
126739
47010
157388
281469
29015
144051
144589
189782
275117
95822
204451
16003
4720
23935
3753
6053
488550
34578
3550
18370
135657
98494
6593
56302
500036
34745
204130
482134
299757
327918
81981
149812
0
448907
12821
434185
152432
44891
242
11529
240150
776494
732
108423
305409
36276
102422
10165
8885
593311
136909
10902
3985
511110
275252
312847
7261
4154
104908
5365
23019
69460
48973
1804
258658
25848
1328
177276
916015
68177
225816
10704
176139
309271
42534
54170
49053
265096
109406
33902
91423
3314
193010
1392
154319
34210
521178
47362
169229
128250
372870
9507
126790
152667
252874
52820
386460
221
673050
12134
140978
184526
316693
23407
119561
355650
41601
365233
147758
48832
485211
235061
96453
114607
168532
328577
0
867682
277213
412973
635193
80725
118527
206183
340292
107968
461906
38387
6218
143833
480837
1101
824737
218411
40919
98756
3627
30888
114338
52220
983117
366893
77884
413609
21033
381524
37292
24234
306689
7464
64811
39692
85199
545525
438259
290856
42421
275923
71348
144651
411499
299930
312496
184334
564441
204376
18562
30601
67676
13676
142
121908
69580
802526
46107
204939
89145
50102
241376
93476
382157
807885
178
3803
275875
45506
5264
1284
480973
197921
233132
66551
122664
954641
307251
90847
35962
3785
116206
38844
245669
353455
944024
318845
138222
88373
21713
17
55647
416432
472365
535396
787715
1290
71132
788680
795933
59569
563001
394615
1101
154671
20988
19967
119898
501005
436536
44396
412654
184168
31125
521259
291002
6395
21280
3794
91471
622
536457
76322
40628
160329
473437
519852
20092
46286
473
1741
297557
62856
0
150426
151360
248944
510401
508824
7919
144998
205286
383578
146832
0
390834
3301
218382
458113
297693
127762
314453
167067
124032
26452
66104
188
56594
10716
220054
37633
40233
153451
73772
11624
388109
225352
151
381938
1152
283856
21361
759272
75968
86913
196311
910882
130799
18463
5208
129869
3168
40045
14509
372481
1552
219114
693690
212294
92910
201
783
115
81090
161680
1268
20701
330186
4979
41965
33044
231184
77506
389425
199957
37451
85590
192748
218936
618535
17908
315147
174570
267729
663517
338814
158
13890
232346
369452
2428
404716
3954
831388
14133
152539
53683
148505
357509
155477
17675
11088
1645
327940
6719
832
159673
20137
110134
20765
9053
283271
139384
222851
89836
538593
12683
242733
29402
359673
9
232228
292676
43207
4085
148439
281571
8997
420187
3797
764790
500278
309028
1342
141805
783909
14002
90
2714
93886
157648
38598
17243
454659
319380
278720
654149
219741
10871
82545
293268
678435
6344
37490
391127
167724
403596
104040
479302
420
182185
25697
864421
623865
172122
257064
19328
1429
377907
71443
33092
716580
413451
343328
187958
75477
133691
29651
186328
99103
385210
510736
164137
330422
5886
479101
269330
116763
821852
271444
640219
1163
284478
544695
304134
279913
555729
35886
719707
28072
175950
10
421627
12313
398065
527021
10066
115024
54102
9
0
456814
1435
78444
23527
10889
72147
222114
2252
77607
391578
2963
6693
39632
105128
60576
3277
1634
624798
6537
2800
793
286431
127308
505623
157210
51726
271196
321380
483332
23668
799236
235030
0
107
162947
725942
356561
233327
60106
21550
173157
363
72022
107509
44713
12945
70201
508983
37
29684
324332
39097
98
0
574874
144695
393475
226408
406054
108127
485850
56582
616443
34425
25153
1587
421358
907
6340
408655
334681
724040
80427
10164
304
24388
48759
191734
103353
843805
1101
51985
39679
502956
847406
35961
60239
1163984
167337
914187
47572
100341
32927
34066
262873
0
257565
63108
514972
74514
568401
107
89992
6860
184831
14304
10234
96330
318618
435100
627
55003
69408
373465
2074
526174
40455
61350
950149
9798
14204
316642
34
810765
537148
99583
33021
103200
40548
93708
326626
300251
2055
2640
763348
161134
804
223000
153325
821909
9005
20116
130811
460
96845
198863
449184
10705
19806
146025
137323
11529
117293
56013
104526
241483
16545
108933
1843
6998
6858
228370
164181
130471
26561
3745
504146
27206
35925
54055
59832
738613
41247
213214
182188
193756
160423
31340
264765
569
48641
501019
269595
8312
36100
284337
92677
597071
709218
533142
194498
6260
297024
224362
2044
47956
15255
43481
481072
986686
9516
27897
867157
98371
1631
190174
16636
38573
207246
53399
567657
6271
6335
50606
65232
47872
359006
247779
683
226
400676
10771
172636
480803
17755
125403
759898
166990
398865
7933
453144
0
312360
113054
287680
825543
22500
60378
260501
54117
101129
2869
9758
14561
999
528558
345276
698737
132447
1141
62
428333
60673
873
83780
17508
276099
107074
630665
84830
26026
36784
774628
55854
185144
304187
430024
277
31511
111416
468892
79800
1407
855757
7647
165
274780
386608
161868
260034
486696
430477
733814
1512
217798
164687
3461
134784
506832
4670
1861
17
225999
7315
55366
1466
36258
555243
112774
36079
386954
294117
249698
307858
10574
13326
32982
476550
623422
26057
654818
575025
72701
105177
53421
280805
893650
230743
373741
83765
56862
105045
819227
409158
50679
462414
25805
144462
372528
52287
24878
364187
26049
1326
36876
28537
39436
70133
15396
13735
622316
33116
189955
1186
9648
506517
289259
4894
1753
16861
427988
312456
827402
18572
35764
171958
11196
129198
373605
544719
169
1005
531
21873
773251
762734
39589
4762
6433
13160
196585
19961
27338
287091
90061
908491
19357
283221
37773
10265
145974
315
93668
253129
0
67485
48454
858678
338
67875
22521
24113
16378
234526
407146
179861
10127
251949
298158
211677
284556
31964
162105
9
112963
2104
331346
154219
666750
299553
155
16915
279957
758917
367251
675658
56098
7202
153059
138775
7024
259978
725809
81662
2723
181464
179930
734324
22463
3940
18138
128725
240573
323375
468684
128804
5085
154882
427
179083
14861
41861
128697
403194
837891
35937
3594
1120
0
323315
626063
676994
81816
405978
339910
152974
42483
140436
123473
968909
449115
4159
459
98879
199937
242096
16963
3342
105773
139971
901954
29476
36678
1364
128638
41868
31290
265592
136333
39142
127130
94414
91996
27857
153362
82093
163386
467460
2838
298579
333661
1131245
222389
278290
78131
589
1636
48926
346972
38052
336005
170
473893
99072
38343
143750
601
176907
29027
6473
122507
366858
56220
1065681
318753
543027
10468
57159
303013
39248
19787
297599
42505
431914
26909
32554
1173113
229573
335517
370196
527722
562748
116140
46
1076
215231
34493
211179
12285
138576
1896
18131
4756
30267
140901
9092
263565
224313
7922
529399
66229
0
1011
245778
1009719
357612
604
0
249826
346731
630265
135136
73612
141857
55632
560119
4549
443802
44701
34962
27851
24115
16194
219451
228226
0
593785
2925
59090
52
6432
960455
378484
63205
705549
80
46
252998
11573
284783
165416
596540
1283
19576
236191
449890
13944
330896
177241
80551
56453
202062
2301
4997
175087
59693
12779
9
36032
701438
140575
562102
131746
626091
104063
80095
2566
34774
4801
40742
9354
1134
566590
228170
26633
10977
19557
110287
289124
240230
147111
10529
17588
21920
1594
678201
386511
288762
2732
42064
343525
6619
330039
25358
155973
652904
800014
101761
6504
93161
917168
25699
170345
46669
183378
40715
117602
8783
293686
424480
665
487771
702677
649180
12014
24472
58796
88477
6514
42559
634
73776
59782
519703
1319
57945
3453
26263
56883
118371
56909
46544
364429
413115
664873
56282
160137
323088
29082
319248
291211
439969
374
50853
62948
0
9094
197375
714015
97259
504287
0
159793
268688
227263
29
68153
40573
54
63330
3943
18452
6000
14985
124806
6221
0
280041
120696
7054
21940
493338
157122
178676
8873
170220
19804
175922
356092
384840
127485
19388
584042
13667
227826
753622
4505
57374
243585
8003
52313
16375
225134
932156
125300
12202
33701
1074
584
9
8543
3019
13686
211112
427806
63884
51183
0
116560
385151
233310
31055
403820
589313
0
864750
38329
392362
56895
31358
22958
20
60980
189006
43886
741484
382640
53038
629342
119260
60510
8941
62791
428820
351209
7791
359046
52559
97983
53488
57843
637
302249
145968
217405
4316
8420
173702
11
297894
410931
498224
141831
3652
18725
33574
17484
1154148
2723
504342
123333
139
497502
3190
727281
24605
339789
29244
31346
21330
34803
5952
233319
44386
2857
476321
58
35128
571215
151081
4243
583448
516811
758221
155
140914
25091
421
12631
120336
25732
116102
762901
476091
783203
59745
20654
234506
252217
5436
297069
144879
373365
29671
379057
282866
29606
162513
2054
449551
52676
39546
8551
147596
350381
4009
0
198686
5336
861545
611731
870246
5578
433287
99564
363
52136
4909
169
15210
172844
31949
9591
943509
486661
189553
1171333
304781
505
118160
206468
686727
648822
18831
41784
169187
724
422730
27027
280384
87982
64591
459790
904
29132
193538
58255
901357
65286
255409
45247
1063
107229
19685
4351
440
54266
28516
0
219452
182054
3091
29388
45332
258295
72852
194118
114021
74205
108852
51509
101241
67563
391910
520244
69145
29238
47017
478003
42642
1125704
6069
258081
53454
4225
332099
177068
683495
66
2365
1367
697
102620
102985
86984
601735
251932
0
30532
183052
74850
6369
41422
204484
1428
458565
847
455714
111667
148945
227540
779736
1700
26107
118082
492440
107636
144324
162644
18299
246557
279589
381028
89936
170187
10991
466898
17941
243660
161057
52261
7849
323
78794
2103
410107
3524
105538
39124
16873
519791
362
1154
477941
592724
20778
298248
130933
11370
192
249259
67293
194
794217
54055
243917
2806
25133
40145
51403
123227
703211
16151
402
87115
70936
229437
152281
2567
45133
317426
778
232901
66192
886444
825984
3653
80219
40222
43568
155500
12110
719924
382725
62978
111170
32094
357991
155
18510
17
147499
5375
37540
102243
659
3050
148102
13134
191982
855057
10695
331190
13460
4050
127423
530614
1550
400903
925154
40439
21499
9706
332070
103932
57
42909
576274
34063
532213
630352
20098
830660
18717
181592
331343
42091
10795
28549
30341
35464
1869
93110
120
108585
2846
3497
617894
32750
90109
2733
912
32017
96917
700744
824382
253917
213393
244375
512
64421
0
243
399747
4055
189384
133315
192000
547810
31558
274643
17963
358206
2620
563961
581151
877272
79619
263625
185
459528
26042
179159
148675
110399
0
8279
154599
2385
0
2385
44278
158986
234682
823097
16543
157415
9778
21686
20271
148171
65666
25111
440309
7493
3828
222448
384
409894
1007047
10115
122913
4206
166797
207697
15467
206355
193777
363016
281848
12910
4878
96983
63813
149977
178493
153993
27694
12799
91223
354391
164693
324462
111129
16883
977313
293761
43860
16600
94290
290603
23
1008036
155962
47604
81519
153448
67687
191895
537319
136486
59796
876386
89612
414
10
260595
115601
202154
48497
6750
189042
17314
14791
91012
36514
673221
184631
32493
239514
48958
39788
151864
134843
363419
14556
25677
371332
415789
31140
369239
12941
686
52935
35320
45611
141138
2412
0
269361
2818
189846
257594
93205
25206
22438
215863
415
115549
68118
159618
543958
529
891711
1712
97640
117429
1226
145474
683336
101083
2010
391771
792801
5045
267636
225034
2014
87331
328362
89628
295269
744691
2725
5566
747
81198
316683
58567
4464
127794
41
34694
127696
162360
21916
161212
21643
39533
14004
2280
2509
47098
158969
46241
4596
402979
6356
6828
563605
31237
36245
169
316251
22023
111013
46670
48434
68178
418268
366888
348062
28401
346540
1773
54767
336
140050
32426
66184
301719
346981
0
27395
177871
15373
40286
45282
59883
242592
51368
29
70682
62326
110860
192255
147150
190900
230793
127139
7973
269793
1060
145088
18876
9
17576
376327
466340
0
30
157393
7104
142624
101073
908088
1134
15093
183578
801729
28935
450297
978270
468829
23790
652997
330990
173736
572746
32052
29447
462370
879072
106296
427858
867748
277576
3124
178821
34083
911
125312
0
246122
0
151192
6699
445618
501738
412714
103367
1725
50803
106613
34736
291266
276223
926381
32394
638197
401432
682068
199098
124281
478479
117903
16124
121514
508537
816255
134610
20726
181762
515100
163714
427283
114819
614240
53022
349377
3760
61318
227249
398032
96826
139984
819
34430
792
53859
383783
48462
70374
217110
175306
69499
699996
132107
660348
10597
13668
190789
6681
2486
148753
410739
211548
30662
175732
172269
30496
53538
9007
33414
82999
2861
1254
149447
15071
159442
38
22558
40472
954528
29925
196654
36775
288310
1229
22409
81865
61886
171594
108174
59827
440702
305402
38459
487620
0
181518
308918
196111
172
49485
66974
590
594748
309686
571649
54781
59898
322800
423
72708
778005
24776
93546
229733
387089
194412
21949
537005
28287
3471
747716
625337
136220
564191
55852
117016
121686
640337
894120
95120
210540
522201
193984
5590
292313
17
60138
77935
192743
749040
841066
718126
38661
110931
749102
290583
253066
28513
40991
2629
436091
24444
145424
406247
506
18519
407792
508689
49
89792
375323
194822
45917
129183
33015
0
3078
426933
48628
848319
2608
7880
149701
281526
30847
172833
285154
678796
19163
28440
604048
11379
1261
4547
314207
39226
388541
245828
31546
233240
363068
7640
10075
658161
55249
249626
47007
153065
146866
33234
40910
29
672602
87402
123295
311741
12899
3602
781036
157473
324778
172612
670763
273549
46469
77752
74714
338722
126785
190245
2945
108228
10
738841
1163
23033
570010
267004
169845
145913
3515
0
218872
312791
10364
21359
80242
368642
468818
1537
23470
399791
137032
5912
132447
45884
318658
14666
3155
18123
12664
92926
213026
16164
388267
65637
473606
417953
335461
110044
202471
839514
139660
143348
12244
184004
5862
62934
860999
42810
512402
392897
30802
2189
381635
98987
340051
247
208984
32455
57528
21034
361902
257440
220682
1470
171628
868
285479
220
96
732665
39819
205
245580
176822
783341
257356
77716
17414
415021
243248
36552
412341
380609
1645
425673
209192
199144
41838
430187
588081
32005
99264
498342
10172
4364
327485
329744
97916
50249
216336
557178
126260
8939
2074
5832
331402
826099
239471
329192
0
181678
3907
5760
24357
129638
299449
49722
7391
265532
263627
12939
682340
173111
131218
152373
931905
8367
738609
17166
6514
187952
176205
262796
137725
188888
9
566014
65454
86687
92036
96080
47844
15869
79396
1455
307165
372286
596080
29825
14518
528952
11927
144416
25874
47646
18882
232031
10146
4812
287280
360399
36648
503870
40834
950586
299145
51613
26
44649
25276
666850
165284
150470
17210
25411
164924
134935
15510
33496
2196
14521
6994
34191
880
9486
3138
12208
335596
152818
4276
92850
520407
272253
496241
97085
480654
84688
236844
7528
89732
861056
29056
87836
3395
268379
178747
124068
50723
72703
396960
9367
14129
10837
111419
104843
228704
331519
80229
46073
30993
152620
96275
400757
0
592
2664
88003
482072
154681
125445
2032
98192
35566
175430
850146
229301
209689
93423
435490
7543
217970
113830
178904
158333
25381
81231
5928
224837
42931
264956
42531
677319
11446
485951
37549
6551
6710
767241
195892
152080
485395
673333
53394
423219
5133
97634
510407
313622
7212
483443
111866
202365
353479
95663
634813
1018084
169980
167804
643942
127117
17826
237605
15329
34
237
9091
243104
175680
257663
50751
1341
747754
534476
70764
1011921
8825
25565
7200
456677
60312
1889
470723
109125
569729
76824
135949
275222
32342
369201
36810
55258
177212
187
8605
89916
314025
608528
467
2165
844
24690
216304
385696
468672
495987
670311
103703
10347
71897
3452
488914
10511
233769
1315
138226
16063
33157
86936
9
959570
0
524017
94701
49684
205598
28014
808514
54883
31640
46069
21784
272320
307534
31345
174086
65955
90499
218185
199886
153398
21301
6694
59753
180677
110634
3496
1185912
69698
358144
403273
35
231826
102037
33993
511043
14650
33393
32273
93447
294605
104885
5072
270790
36886
11236
839729
9456
108840
816356
49509
11714
808253
85282
63169
48887
128227
0
279393
603793
73
32837
127702
275610
5771
190797
210900
794207
428737
179854
240881
780716
2941
47296
161433
73
406624
282225
62404
63973
529583
111699
94728
31144
8931
116708
475052
560100
663
210687
136720
58572
32744
34798
45497
71199
1221
384489
267614
231676
231859
292723
28841
262309
16528
366437
167748
67023
4761
411968
333189
510205
297948
1263
55186
63012
59366
133208
45333
193540
99039
275055
80765
396147
820
255074
19
391010
209107
64123
18654
103153
12546
31828
504419
15478
155437
36899
567563
137251
284352
262254
14060
199863
284308
111
982
248756
192125
29
57360
27171
12087
54805
13593
312124
3259
210334
49596
88078
1061352
139812
112705
22662
8923
540836
886786
271570
13306
176748
685678
334741
17
101652
140502
94056
580915
5869
231833
89125
8791
25117
9
209015
22045
442497
200214
426072
11591
168985
13014
34601
10775
64345
192500
281156
26173
4839
175864
2528
11899
427108
30597
802970
288557
151060
415
54
253371
1883
357290
452356
267011
365950
9459
95959
804
822
602296
58761
2722
307046
2649
4648
239
304159
85052
25649
21827
113
378629
5999
828940
478
379340
7031
100636
478437
416985
25129
148421
89099
2555
3333
1015555
20609
344808
24877
1804
242364
13809
759999
205504
121923
91404
385616
114109
1548
636696
93835
253656
3778
8477
180615
101281
365773
270
121040
90505
428150
172728
15462
38658
15670
593814
103047
6172
237893
44057
105840
570
347
867871
93754
104710
19600
7918
20351
311116
47486
567999
0
23277
14209
382107
74
256387
143520
128
788525
8689
90079
22483
191579
124572
86339
360613
36765
2120
24809
7427
183313
68896
319
75634
188214
140192
95317
16818
207843
238380
2626
416059
166027
546293
79953
45387
74350
412
164633
14691
254486
570049
52870
772202
72933
76972
10571
1161
124175
129314
514932
5679
5528
943540
287577
1092924
604
458113
17632
176998
1106
133260
87
460830
437
4988
70146
28624
399111
17947
48885
195687
423
71468
111
789417
248727
149541
72041
688901
4653
140357
49557
182798
140777
1020386
333209
71221
682
28440
26358
16400
37
117373
20414
175155
61960
18553
4465
62317
477
19322
31619
331205
521706
918780
1697
24028
139826
246146
136759
234264
59808
290344
236632
27875
685737
44571
39983
472786
39949
2497
1217
24787
49484
67098
52179
12569
106494
401653
37090
965172
238768
750837
41931
14808
83445
495293
138192
525552
27128
307058
1038
4596
324
41716
105761
8269
1565
301937
26081
65
11928
188866
9259
1425
736
16489
120857
148246
9330
262766
81097
105
964987
15101
306329
403521
339035
39442
30439
123587
82
37
8836
2823
143012
466413
231219
13440
114601
972
266747
11885
0
118247
38912
261300
27052
248174
15076
267585
30836
78956
466099
27871
321026
213174
43514
206742
21345
750326
289721
253727
5324
34901
932069
76985
36217
103377
7188
41430
313715
498565
84894
21100
268576
16389
281400
280473
24889
11134
44945
23799
25138
39919
136696
41713
1250
10740
153732
2052
332957
87655
172428
443589
110939
29566
19
176523
812102
152677
26132
606323
28512
470597
325886
67691
76762
115234
735622
292350
3784
30672
97398
600248
321959
160747
962369
394445
7680
241090
1308
97070
0
1087429
574
15766
84230
45011
24041
74627
125054
137
266917
203465
45517
250390
27897
152219
296757
64547
119077
17677
344
33174
802850
191
35752
754
1120411
410118
61300
6772
4185
100499
395939
536
9783
926892
57820
1137365
260726
183747
152689
193825
683739
210201
52872
25
109
493768
269052
750576
2141
433864
69864
3638
556160
150097
310261
247560
292617
12151
134916
407826
8408
137772
67923
4710
783637
123905
376755
545425
96374
9122
15944
23486
4558
225582
2923
8717
42522
69500
112850
326368
205801
504568
91516
237053
25131
707
456313
53411
615147
19815
3958
9170
195610
518561
112084
572502
90142
330185
1011013
355441
69400
71532
266653
104086
29482
40992
0
10436
60771
29
228292
278628
51441
151209
225949
213445
409363
465
0
113336
24074
746066
37506
402059
62793
120646
6702
74475
27368
37177
883
29057
79939
56519
876
31
150877
121556
913936
143785
738
3861
6425
586295
100342
118010
11769
1077
3317
27419
9835
64018
150057
78141
24756
24388
9336
3243
52531
1034679
39774
0
676949
130572
5604
114738
4861
4834
177857
29803
53297
35978
4347
262402
223059
36413
4855
54182
152987
23916
851794
229003
403819
7818
279832
26136
480976
705183
514855
141457
413808
589507
14284
20260
170463
54
93167
16391
411686
354544
22574
83330
369546
303
44799
511
431417
22188
36788
5806
952
18713
0
326568
246374
43886
803196
288
131658
245500
111191
18278
4711
58773
716398
42643
238277
165060
13910
469048
199046
121430
957
321136
1602
489
23201
236963
77527
137158
525956
756
334485
168642
30
385
10170
287312
3378
67839
103837
213547
726919
74987
63335
124180
195619
331072
91455
381057
514072
585315
681581
370345
11568
177861
61495
603322
81754
3150
7220
24258
25110
895052
151017
1338
191180
647185
204837
827426
312596
37386
73397
1603
632842
16555
867683
13611
243287
148420
312217
56184
401240
3751
100017
2260
605
9916
103056
434671
151464
0
28960
235527
379
489868
58890
14334
201690
108098
6926
22442
6731
451650
94289
286852
684
293948
18331
833
8763
69265
9849
4644
114332
431672
86271
301343
149925
133465
317659
13357
11389
32757
10617
46901
11656
3423
595887
672125
736215
10675
896875
54264
409600
19882
587453
6658
105540
5482
347786
377081
201802
149563
366
74360
0
3686
0
21958
18071
498556
231872
32868
346207
158756
909551
3124
37520
21143
337931
37557
56157
5640
286725
67687
28460
38097
151819
296754
243558
1036171
731402
177246
268687
1375
14141
434193
192458
46
13593
515297
71612
456387
896360
282509
48083
133794
1992
285680
24475
85437
1420
159839
448707
768329
707593
83409
156250
28620
15749
11835
11015
425058
547704
68545
157158
42726
306577
219051
67554
69007
15528
276183
7319
5723
100447
461196
54154
12039
8145
42
87851
146832
21660
442880
313890
421054
183143
36872
34831
20602
165302
35196
261784
875885
182375
217535
35944
279197
753
171200
98154
62476
142876
756785
35649
21920
79397
8901
16457
388050
94952
398383
228
2818
5176
420016
11341
29833
369372
916537
1139097
77
645106
13977
409392
154698
972885
11709
5614
1393
90668
541
250186
292
595155
59141
0
220843
469
900134
704793
116025
1041743
380238
320918
190139
240719
745415
786416
418614
151740
62893
39641
107114
9045
2484
221624
163982
99484
123263
179863
220170
24730
15328
30980
27881
24540
7211
50926
419311
443041
6068
303448
30094
466414
202842
6403
3202
362
109837
242497
19
2985
101984
25539
254617
84876
123
6626
740502
332827
607357
702184
49601
179435
325643
345256
56988
552999
63171
30094
444351
2748
15737
245829
262181
621726
30646
543043
105772
620928
10885
271877
355202
40088
185599
427454
98438
516
12681
146286
55
14322
187609
662831
778
2966
4976
1523
270
23754
297561
2474
744351
134259
102247
877278
1034
37324
28239
27
61709
290713
476455
933861
286607
628379
5458
723
60597
187186
211874
12454
79261
37
6429
429325
5928
114
11475
53880
183
33580
96483
783920
411799
6616
362093
24759
671367
582
11215
10824
64907
156924
612876
4350
0
31581
26209
4559
22610
217
33871
166929
36465
129118
463073
164556
1550
37249
18367
9632
243889
88891
278489
38690
307
3478
9711
226642
118314
52017
579128
387183
63043
25453
58821
141360
366350
22290
64699
850014
18922
13184
3857
317948
21083
66299
256328
1494
14410
92269
115272
237876
22265
66072
19867
224980
10191
72824
510466
527130
386198
19127
112879
2542
128337
59332
76464
10
14038
122249
168
28459
18598
93566
46790
433034
133047
131312
6509
134162
287157
19612
348
31218
65
5345
395152
553723
244810
24124
15132
190577
114569
578837
637
135213
259547
1742
810016
128473
105068
11656
343527
48910
553081
359
10310
245386
203369
684152
415
170792
19
109608
612287
398895
273630
58176
215345
789067
195277
67524
17621
63330
189730
124246
66693
472439
755269
3883
2407
500810
1702
239
134051
34124
76506
362446
7450
637620
221804
486948
511254
40342
196034
217233
187408
75197
398891
116828
39476
93008
0
779889
98135
69165
35502
128870
879855
809242
10711
34628
8662
69882
342721
4043
24629
53720
294718
146875
26386
225687
675
1411
90150
67582
375844
137763
544887
7604
67103
144228
523072
1425
781739
279883
282360
400156
1539
283221
178396
783625
240122
46
572647
278493
103074
247215
2182
7845
296568
960007
69786
71418
396048
2147
594692
43172
318734
109285
212623
1071
10965
1046130
735174
11116
359684
400757
277362
8090
105557
166
48582
19
3846
54822
388604
354417
130766
224997
42909
18412
117443
252155
128315
920778
448272
80
385166
16586
62348
944193
633803
82941
1067972
621
24582
442871
570695
1228086
59358
0
25120
85939
20385
15020
166461
4063
11828
0
44993
40356
199333
337306
36920
22188
217850
1505
698158
822859
11861
71581
77675
94223
55654
288678
384704
7996
14542
17
918812
196813
2915
755566
208459
934
208478
127565
86865
179630
62266
55830
206097
78958
54372
28135
873
70315
2767
386416
939106
75667
121707
302857
14467
252971
47268
41668
95194
14380
1064263
50447
57068
104523
1131835
52484
53506
2787
93518
31898
32857
153517
140084
142325
916388
527
235030
15599
946419
679
648430
44219
651816
100554
881828
534559
44717
234864
59378
67391
12640
104197
362510
28431
67020
82325
145495
409060
216813
5013
37939
4217
168803
710384
27
115723
3413
221555
570465
158239
3158
95000
117418
64767
148419
1533
9344
23370
52717
283516
187481
29421
48210
293716
316221
209120
39951
33910
8010
607796
102887
77045
10856
12304
27743
105877
224299
527481
198477
549234
31687
346205
11638
622625
279108
8756
500567
165941
218717
341362
50481
14168
19197
4186
4066
945173
711265
17763
0
105967
88366
349
382
2507
323582
46051
14619
366195
98430
200226
203630
293075
984
417626
731
542034
113920
72893
260774
153786
12733
1401
94422
205672
65137
3904
23142
233654
82770
187487
1951
137064
180226
1175197
88369
319119
486406
677843
199783
7778
150668
77323
12268
184229
31688
473
63102
26270
14177
462930
284449
740
145245
111381
354261
66543
251991
245
63788
2777
248011
246901
8952
31968
119526
153340
562915
0
115283
66147
89348
72
77
54
247425
39564
147011
626593
466691
510600
826641
419146
229091
196593
18062
16640
186081
80182
131427
935763
126411
184164
47
8567
261
73445
569
587
229429
226168
59601
675
295
800
25701
755
270727
216190
7003
211442
64206
122720
57811
47462
137874
71638
23348
19003
789228
14970
88624
24630
92560
278342
384469
0
501
268504
24921
68956
289470
19805
3332
71555
70536
35911
39547
84
63975
12349
214503
88197
725
95060
36594
3724
557829
37027
12357
37994
383042
0
77236
204846
321351
674574
4886
24353
157621
17626
1770
365864
62504
9956
464073
11857
224619
91268
96640
84660
286215
603980
197913
864
208792
3202
455350
772185
14019
0
9326
178117
60228
160399
23395
10427
310920
9838
996714
504968
333467
66442
135608
214622
309562
803582
92635
20938
9565
201886
0
1628
20545
56428
83727
167677
1124
593317
299442
431172
542515
4668
22810
220487
246711
3569
192523
63248
0
12956
508
622139
3356
137589
380482
476556
113
13142
28086
273136
204643
373716
523166
45048
399788
202552
378808
291109
781341
26377
318976
40393
84990
366236
16568
104816
1075210
16518
561054
54212
1974
395656
265856
29595
193106
114273
10866
404958
248980
369016
345788
106
118
349600
272664
280025
155
107670
121268
6581
60332
151494
139296
211260
48082
18300
15471
213186
303424
266281
515510
95401
35216
68458
45648
451
21606
864661
149753
375447
32131
13186
159680
684555
367879
400020
21605
10969
534152
102766
743314
316995
120257
30597
184432
218902
717406
33435
385541
21881
243292
729838
624259
61506
850617
563694
240086
1518
67484
61744
70845
246366
155456
61229
217986
259182
3540
405637
401400
46
34638
122265
565
397180
17256
6485
37455
219491
442904
179678
67953
83536
6167
173304
11543
86417
57722
41196
4743
34821
32114
253659
6349
67746
338389
8289
544
127940
117336
48856
6054
16513
53808
61386
819210
100307
211892
63098
369912
614142
650534
47483
16025
325385
62904
16429
9459
301
330651
174424
260097
387594
542604
243382
292511
352972
33678
16496
19958
0
211398
307798
22755
56712
65740
14258
6724
7911
180831
40235
261638
38856
107440
17059
922834
930292
653435
57094
537553
290792
623247
66522
598
88887
1152820
11973
30499
0
147666
172311
57425
51541
99111
50353
1155
592
207
501132
172088
28635
4462
77859
11720
48396
445008
48432
2416
1004
38102
103807
58506
430588
249031
541993
585666
2579
11711
671
99472
646132
10580
134935
8698
27467
43979
473
15583
212092
18107
225746
157155
538804
92171
664
166364
26117
70648
89849
281459
2881
8226
122990
303620
39445
881
2152
241101
14668
59075
87385
10934
22773
21831
87589
892589
112886
32819
1968
45759
23431
371369
102393
66875
62
451153
196412
2457
305525
69998
919553
116781
108432
16713
277549
544197
541704
97315
439625
29903
11569
69432
234012
122479
284782
452060
131384
184491
269291
260795
651001
112770
6299
68163
26782
728505
584837
66334
399278
45865
333080
636464
286654
531045
315906
272452
3008
240930
605
222053
116751
461164
65667
595007
436299
74304
51388
57473
276341
11943
361104
283623
523387
187476
44108
46570
34043
477399
341727
346105
345218
132692
405730
17
306649
6070
197451
45602
87528
378306
184019
12711
204836
1584
3029
1956
715945
678
591204
233133
10934
56248
6446
1813
1933
514856
235977
24952
1351
424637
330877
155096
1085
201005
22142
170199
136199
94710
445579
310609
19061
467636
4645
72197
89971
955
35194
429263
24910
227167
49082
1210
173071
5685
8461
323781
25212
6368
404529
103004
6287
477796
134098
703328
305619
263814
157926
122
35840
7228
57577
1360
9056
20916
1109848
122837
542609
540
14799
112064
226453
26901
16021
223397
108847
540339
278978
8800
11515
48824
2636
823197
533285
305596
14258
13246
116269
77519
83673
31445
17
196735
101101
10597
678727
123193
62357
9222
10650
22172
21454
272625
360065
292702
969464
1536
11940
250169
503312
10740
464064
63949
22373
108569
64593
411979
633
26461
853109
271448
15394
5861
405621
507240
3681
180077
28937
451125
222336
381738
221028
38132
10387
718239
157695
227
109479
27934
329358
309750
7517
37987
165602
364635
30497
27262
594627
73708
602348
4424
154767
230040
24352
67339
70607
362798
27234
3817
30583
264807
175326
24931
77038
689
43095
94961
4437
2238
101666
240889
184346
223220
26664
90
37484
27868
96968
334940
25193
339649
0
162608
534
81872
1588
625540
1381
41
891424
92193
123170
926032
83798
1819
460148
181100
875
227827
31627
326896
597552
47608
53857
435
931853
101705
0
12169
33445
58
148026
52989
644086
14093
380815
24036
68334
173427
361362
287598
46935
6199
672005
535528
787
713
439896
105942
18234
22944
4862
149402
104497
481364
30281
10090
30232
89418
620283
80316
494228
85809
812001
25495
0
32463
207444
729891
501356
252370
97231
1001596
19495
76
1696
141415
4767
89965
1003725
52079
11370
28252
665150
28322
1661
693810
26421
29809
40306
482071
473192
716378
92419
133928
20064
81956
292175
62419
31297
960146
97400
30
256280
8466
127664
467820
21111
0
267610
1355
583715
97714
692
1007
994701
64274
236943
56122
256627
167
838617
630589
29815
29060
38595
25437
0
251786
279610
182734
489087
3597
330892
236989
292605
201408
321014
264574
148819
794208
39080
251345
137606
101368
64746
38790
128017
52180
38254
59496
121191
1494
113
124246
1670
137977
1941
156997
53012
0
794567
611540
154964
16280
23892
663764
233647
118625
157353
90028
560135
116416
520709
170290
94797
140309
434921
8061
11728
42675
102
152543
12872
36216
4625
343376
389339
50818
9887
308682
14963
83421
56737
23993
121920
56948
8754
326645
16782
4903
240515
72680
7977
9493
534371
54638
63805
681132
185022
464812
645842
121022
3218
379129
519991
7842
17525
1622
108904
229
145447
37
37095
190642
69333
19844
61179
95751
22311
506683
50527
328941
172109
13943
134213
225941
36867
217800
19649
636648
102161
38083
269226
3207
329592
200422
4280
277654
58058
578353
10693
111756
226368
403848
812538
10
263305
330473
32215
648
67073
57085
20273
16796
158409
4455
445111
157362
293
845
1097281
301835
375898
41301
327229
274304
37214
13394
31670
616762
212682
84262
162886
105733
499
427141
100517
1141306
55428
12350
318018
355301
97597
55300
637
2958
32411
29898
2512
31105
97819
99359
109740
19018
8084
1236
89352
1103
252763
552
0
68814
46670
812
436026
207549
67907
81490
196969
192299
1155823
496208
26267
37291
239743
102608
19180
521777
693714
766
5056
116684
35887
153
37646
2239
140410
1499
541120
380917
629554
137258
40293
137153
378168
89594
87660
131251
228920
238293
2035
270
302162
135088
575766
247928
89
706028
101908
450260
938
169461
329507
158932
25150
67116
79217
208994
372090
245334
891996
744347
443022
328411
311516
293334
81696
2631
30003
6339
688111
118746
1233340
631893
16957
357185
64239
1968
430686
105174
52743
356780
6531
44147
609774
23569
252284
104251
70
28267
8932
222
3439
214211
453
216004
4989
61438
850188
3150
31206
21991
510309
432347
5827
631440
340051
348443
321620
272753
206705
1686
0
147
136271
409488
91418
2842
573381
131508
297526
58
483090
64530
2867
8
112470
36481
10131
111456
504504
40086
66471
2435
84
16450
216980
716348
28439
29500
195279
272552
26538
259347
27379
73394
117844
234465
347056
230177
25450
3159
1009
34510
1063
386556
33993
70870
32991
339994
0
19515
211042
647078
26652
39189
123446
158287
47546
444
125408
480963
1232015
134210
37150
42505
33504
120867
301555
40664
62325
100097
12590
53935
56569
55623
8691
139196
870083
12730
26348
486
185004
291372
501
209686
181155
2419
2031
62245
8279
809460
69486
94698
9725
37769
28949
673928
473595
17640
257032
630535
3512
3884
168342
234210
249252
192774
175653
38170
270487
442
8822
558197
2757
147430
64613
36917
3865
5893
75816
320433
71361
447970
127248
674
336110
1983
9148
168
6962
740277
546317
66457
489572
18037
336
182701
50171
153302
369724
830605
184757
35813
9
97423
52771
2941
132
59044
115774
194
161989
172315
324960
72
156840
19
456322
845725
564328
248828
328904
48371
869789
196067
151311
112299
209030
7396
37064
226697
72415
299820
182522
12798
276232
186101
124638
10841
326505
9732
423949
172733
24525
503216
213125
3104
360134
6930
138977
60688
668300
526511
105055
333954
285884
666
726811
96721
391066
86107
271485
1445
312
7707
585368
3902
233366
164790
523756
5638
429849
865
17055
11688
121840
48933
457
21746
550455
29360
210695
348961
77624
57939
22707
11687
6342
70362
171872
346432
0
155723
404463
544960
94573
264249
18038
607511
370554
15610
184756
72622
134933
384257
262
22139
48412
545642
2549
269504
333676
592564
308936
1098
20152
11267
13254
43564
106585
5416
2580
228566
89093
320251
1055162
463839
759792
490254
786
1529
7128
3641
2295
81374
336852
12238
492165
78144
9940
8304
40399
132478
1464
6423
150638
35500
46624
169484
191763
751385
107634
423342
15392
737605
170565
350942
208186
64984
6268
49913
323787
772847
5480
10263
214674
102303
32897
21080
49041
390958
311621
90901
964
568813
100323
91936
630025
190992
117111
147169
178733
683
292486
318023
6978
138
135949
444463
7840
459047
801382
487796
8733
269250
54327
47871
497517
33369
182615
372839
379091
469636
161064
714208
120628
17724
580828
9111
0
7105
61442
722913
57406
2037
259619
559
694
235602
7416
44
11098
65077
325553
36790
199715
98790
11667
78964
90206
52162
276519
160193
123338
55715
90806
838
208123
300022
26262
97195
494334
381239
21326
19946
169106
277075
94382
55107
153909
290691
0
208021
15416
468065
771429
174067
649617
5093
230706
183552
304462
212622
880646
262025
29091
12372
238425
322594
562627
120
18202
840107
5027
77338
179941
385279
2220
175672
956585
35177
228742
86495
366318
241324
28279
67853
90193
327278
16789
99749
101211
328478
188625
865
620070
673
322091
28582
89197
94045
161694
17
487444
22993
807247
21841
6346
7571
232112
1846
80
306399
173006
5755
879306
30256
930733
254271
13148
15361
881371
6931
139856
48907
808145
706
413453
32325
3278
881241
140890
36441
59291
47894
12305
91374
22039
220611
31818
74656
724
4129
194240
553191
33640
265241
218016
26555
70166
56552
19657
442
381724
16876
36
333829
34903
596
161132
86443
11490
25445
277486
18392
141016
131487
93360
280395
116771
161691
268477
26124
90892
403272
27954
423427
87182
61325
446627
420480
404389
68305
124858
366364
80271
21638
704551
311640
425095
207447
172
27894
79635
147828
237229
17207
6426
63098
303747
339718
267326
74549
50797
0
59175
239740
30034
26405
115102
63047
48809
3227
21288
4609
45103
163152
1398
675740
93268
16676
89635
233586
17043
1688
135189
131690
308949
91271
122466
1253
393475
53366
375879
478813
336787
75475
126939
23111
132886
16617
40442
39670
2989
381
278145
914250
87115
3742
78313
14794
64562
180974
345378
528927
29918
305958
97115
179495
57510
386138
134465
21599
199838
51491
125751
320314
102696
232207
10803
620447
171662
261043
297446
23707
490109
6654
1055670
536689
942859
523695
32977
4318
873178
22591
624122
5490
202327
172408
58233
570649
105765
34736
9800
350687
31166
3899
31763
1137671
136799
186527
6147
8843
253284
4455
43806
1080
419913
160670
289485
6157
0
13767
856995
93781
224832
1048875
15967
58150
488275
449932
343702
173
694828
154521
1061
601032
269269
14498
1934
37
39628
33392
554694
754363
32577
175
849878
167823
73838
59682
3742
89706
43759
3077
44532
202753
31319
119787
98727
36
6662
342414
560842
58018
162866
40391
5467
7671
317010
8
17
312329
34544
136311
2165
76530
329595
90652
53105
73
44986
18675
218702
25817
36218
308345
979944
95736
484201
746
34837
41007
8216
21854
383793
61005
2251
1091466
484328
208521
29
1286
1458
735306
4777
21289
5509
315939
93978
92510
16619
71213
342341
458641
47983
195024
13942
953129
340
103987
13158
572712
103544
125495
0
401837
314996
868983
24857
16688
1516
236652
994342
34442
164204
7052
102946
76051
750806
44583
8056
444378
68535
24912
323065
102640
72788
55953
9
667928
89325
333011
90076
130310
10
598728
628078
58359
628181
830
39340
757417
42984
92253
312242
12139
21686
284
186357
147595
88628
32613
181796
145542
62110
7197
397608
3189
1144062
32225
71224
291320
91572
44900
4757
376520
3011
162354
155223
112999
241985
955280
206352
176821
248
31717
282533
483743
26474
10625
36126
384494
62431
70249
629272
376
84000
58863
7497
654322
121203
29847
4738
8759
14826
2015
1452
2232
457814
791161
638414
136031
537028
2135
9275
953688
212711
5074
24035
237133
27709
279642
20891
185952
81202
1637
193170
784514
17305
122732
243328
381863
1029
30858
576686
0
16272
70538
49149
56
176540
50355
42013
0
637462
17040
14976
7259
678277
747473
222641
20894
41339
157134
169993
49620
714395
32143
2143
284194
380741
516195
3856
21151
55858
3547
3230
233742
12111
274068
73558
40749
466558
495734
214218
24482
568983
343532
301555
43811
480270
749276
92295
32
275821
84690
89881
7415
19681
14390
21
25815
262702
15759
13757
166654
282191
66847
68988
566964
263494
1053
1067628
100033
119911
121884
400796
58439
3901
251063
316350
66748
9
283409
116009
239682
187706
17175
2780
132293
16392
299014
419390
688941
139473
9104
6579
226358
436527
7700
10634
346627
25441
46266
16769
4670
267361
109623
64189
126330
808963
152265
900666
8819
131593
397379
157046
61520
370060
210708
11000
245166
27330
128191
651269
33281
390271
115380
121721
92491
140634
8959
156120
118681
9865
210
16616
94340
593698
16302
339829
84098
169
15187
610562
178265
1679
226804
24780
441022
84108
39368
217045
139228
47183
20625
483673
694106
150907
33185
9064
7570
280478
71385
73298
666883
152405
16573
90
2704
170863
57588
206974
310942
213754
53368
451533
130252
181591
93929
3868
45731
350116
0
226154
246107
510433
171827
25140
66769
163558
1062663
58042
23865
12221
39904
589324
58
205280
6396
621741
441017
81477
83313
15613
25746
925
54521
4651
470463
122490
95141
490001
222915
693997
9541
10038
1534
505961
163181
939
3007
366244
79629
426901
663824
290366
323039
164808
890207
545477
1293
380694
56000
718469
458203
95509
283866
353065
286684
117
463083
11385
154945
390686
317873
321388
7081
539269
731784
12791
28041
44428
367769
23383
152667
216846
652001
887479
81136
461798
35996
562659
110
192032
274608
422387
123382
46524
14707
730927
14992
55726
158633
43859
279
358653
478722
27230
20397
10682
21741
2234
330258
116658
521249
194671
11673
36549
207281
41111
59935
455853
9350
573366
104824
1787
188014
256250
478180
353132
304646
16924
634196
78381
9
40001
489000
386970
195501
169089
633
1101
96231
30383
26514
632239
37043
215819
267807
93741
8879
45031
20268
46944
1983
67187
12883
560
215424
3627
95642
43816
480553
65871
152178
176136
248358
657189
615335
803478
185859
441918
21
718440
356908
546555
26675
44072
51096
42366
6495
203401
9067
728849
6959
209157
92723
245298
774377
70149
76360
491432
279583
642418
34347
117988
2811
11421
512709
9423
184086
519415
109081
107986
651717
824541
357228
5034
17701
139623
277332
140771
72501
136147
1405
45813
0
1999
66392
1911
60598
216422
225956
228960
12321
714
833713
202145
293776
676985
120869
134387
0
194814
136003
17183
180577
6129
325800
22769
365869
37143
294
2973
169672
685442
173283
7707
626816
247498
364826
64654
13914
260531
112342
710563
34807
7773
226108
36890
129635
10498
30816
104019
97739
25599
42918
1014
181416
83495
285281
0
70369
223776
133692
7858
438183
177904
17362
54574
10559
271994
1467
67
195933
1048490
17464
215287
527308
1167
279933
322474
32671
72
32
139510
287471
22057
122945
238763
161160
487327
642099
151452
137435
41608
220244
10211
358239
780919
344
1690
10496
20828
27737
195582
838985
58481
91794
148041
75023
200132
327025
603676
118190
1286
344133
45116
107537
14495
394892
108163
16153
12170
261890
126052
89
47997
620015
133434
64057
341796
303946
355731
136778
653978
8470
614
118
144711
266307
6771
325355
4215
8179
234991
57615
0
149389
4179
155448
54941
238775
80
43912
114500
696925
46300
22093
662660
786760
49614
9551
346865
63118
32010
110133
913857
137049
14191
75792
286826
338608
141280
18217
4524
2128
401
447560
395749
332970
73699
14231
159639
31577
13957
36468
18993
577
289418
471516
921277
495040
28
721085
13057
636225
1231
386310
378620
234569
58799
13340
168668
2071
1196
146152
36
108468
966865
36840
94812
144984
882472
49941
999
542118
207164
917274
2960
213
124301
27360
0
550571
101748
1197
56036
15955
157127
19330
55603
279808
72817
18334
346574
684217
16416
432060
71551
25178
993
435478
50717
114078
501466
307
1104
1032
8756
205542
21712
456066
4001
33770
142085
12194
153170
213949
410414
24058
42853
303807
140
47
239395
795
194089
21500
393180
617393
68184
914205
598712
39138
406783
402728
134405
96098
75281
4228
14141
34147
89485
4700
193430
6545
197104
384307
9083
7766
541258
0
1072751
456981
150407
546084
1878
977982
35949
393239
84370
289104
91277
267909
419822
470
287679
779955
96031
429887
388339
81427
74245
211977
30006
58890
41291
342338
104
28015
219765
39188
471235
19346
62762
10811
89903
762010
461166
172224
78159
46854
26729
13559
177411
64127
34605
68352
67076
10907
9667
109856
36
64466
492785
23103
24968
29377
37376
21
684786
21809
141231
41805
57303
622341
98750
46070
340279
9195
74585
584905
749
53369
527334
637917
257585
477581
477743
380044
727
63777
435722
174756
304269
262546
359619
164060
59927
7227
188249
58477
66
531375
350130
85827
5825
15633
9320
40549
82697
182380
104649
36542
586
464902
166841
490
728986
7698
180219
64516
1797
75311
18949
62453
27
91677
4298
150078
16143
685670
11835
123040
163558
189170
33533
328864
386116
362139
288095
71454
358321
20918
128738
38455
452391
61291
184110
981
9154
82865
12747
13370
91101
17535
1623
57073
318184
239526
78306
6134
172877
242353
171017
58609
49291
51556
57392
154520
258478
4116
407
759290
12340
200724
80479
722268
60103
870036
232147
77608
816
137386
309217
21757
156331
569613
210914
3683
91900
7998
19883
198795
206428
374852
160078
161660
11854
68164
34305
20180
241388
556068
99874
289677
19231
433341
5268
6595
84
178932
158421
657376
1795
265
12867
541722
9
117
22138
7334
12322
159893
688817
329191
42326
20534
4005
63501
15641
675492
1518
337027
73
0
46283
37
26037
79917
13237
156316
140424
108720
668038
59386
318948
89349
617784
6685
10917
5608
1857
29919
68751
13515
611
5827
14090
470844
147832
33631
1993
111114
10518
30888
31867
20540
181
32588
0
62486
201500
0
1090841
565496
22520
63899
116051
262275
675350
120949
111874
78025
130043
129619
257148
8342
4620
83745
1327
50933
281509
538398
74015
387286
208558
283973
504856
85487
396161
466297
104831
6113
251841
401239
3397
7198
77718
371164
10
28848
845232
187763
1298
63023
1148047
32867
102073
79369
0
43874
187154
9487
759195
26236
29370
175380
1164
8981
346468
132764
8896
726834
365474
0
631795
10113
882
354332
198672
3572
4391
533957
75327
470391
826076
67845
877124
117
181639
6430
149976
494578
53468
558
560
156
59792
173404
158284
11822
703452
513149
12299
24684
9200
479970
15444
11461
659161
282969
177510
166098
101513
3749
734921
23314
202421
153786
34287
65889
17709
59548
548223
253096
1581
256681
7425
545377
136
122381
174532
222529
155617
746211
59752
75300
204227
148
303
166713
243750
1109138
1808
3190
4488
3192
729632
84576
4731
148144
103620
755578
540
51131
619160
361529
193718
45
2012
24389
33144
37853
3018
365649
354916
187334
9845
193162
567006
1092273
34741
541010
96349
81597
23732
28098
28334
100956
429332
157298
810697
60758
2385
226643
253252
0
8652
105099
46152
99722
240355
456019
9
718
317236
123010
11790
103720
316584
7751
163318
619556
6790
657998
82879
321758
2446
7890
19823
42082
957315
606389
17753
158601
136287
44565
35467
713349
663691
77834
109222
394339
531461
546988
24582
13538
432
13085
337182
258417
751828
17192
270687
17
82909
901958
171430
10043
380541
214732
557476
168816
36131
84863
298302
17
988
468208
353388
6226
49605
721761
3310
77141
63157
155244
508620
39343
3464
762372
360
56617
167799
482741
116970
10502
39991
584060
19862
80201
149728
151620
1260
227541
340644
494731
111760
223250
13577
13596
46825
447183
11072
195626
128304
403
149171
230222
22795
54298
54418
168430
8851
313
13808
2571
121680
800358
256861
95
5826
34096
838520
108346
167666
78456
758337
83013
65021
15092
86092
2300
105815
416036
444734
574631
218803
55657
21807
204235
11540
146020
136155
94132
122387
470555
42558
77752
82429
52504
148
2721
175492
0
28225
29891
6309
76547
5999
13134
238563
444937
139804
779
76925
97371
85243
355887
2616
21092
472470
63472
120763
677013
586854
220715
3774
10279
32513
204475
26753
22806
32071
23397
166349
34197
1666
145129
13937
800837
564307
681266
503979
729238
35939
1246
54892
362605
273362
201910
254893
268067
144030
4291
73569
309223
84938
249469
0
61597
209073
1006013
203480
10435
7867
0
508227
29112
282950
135558
260342
283825
80720
424239
186302
40623
90770
77118
21039
57949
51849
291892
92871
6908
11714
57590
13992
42418
483569
815063
222059
114497
180524
11475
212749
0
201855
405479
78282
22902
918230
425106
85543
435477
449558
100522
131975
157534
0
358439
110761
99642
71677
353549
161637
29853
49082
4861
19958
1788
80137
173083
15805
843169
204493
266690
152616
554
235520
178175
166560
483007
93358
3923
179343
554245
13045
617427
436314
49614
998577
34153
5639
304991
22243
833924
155815
6515
261170
35067
23122
646361
91405
677852
35965
332652
84460
398390
220519
79911
37790
34654
20875
1114024
215856
303469
114156
0
720020
642
142442
319742
160669
109656
7616
114990
543124
633552
111146
237580
208440
0
327445
302198
51084
131111
1067206
833413
416654
65225
62338
324582
44343
1819
435842
3543
131832
310
670479
429504
16858
35180
65984
46094
27892
215
82535
9102
14094
6415
117219
130
791553
22804
209720
0
499942
253777
149450
1029
9
48090
472565
932793
488498
70134
138983
21976
198735
256861
172549
789806
24081
95
793224
5648
19971
230452
908528
727010
205582
16326
41422
190993
38996
433965
408362
338642
219102
380604
124048
147
165
110656
577845
419740
1261
34572
1795
202284
110284
326390
254
2687
3591
325006
9550
204906
612589
540374
113012
553266
187189
243412
187178
315221
212942
2661
459779
754943
103714
46319
552879
266988
1960
333
94395
38693
352665
57
670597
344833
341885
459451
43708
6906
204860
142285
498335
140093
221002
21804
19736
329188
242296
102799
30811
751408
31375
170401
193762
17625
9
92763
16664
221493
37768
372874
37
30404
0
169084
46048
166159
151803
22146
349874
2880
741
12297
248
2942
4531
1127639
41809
244273
65497
7626
3580
1479
13257
20825
132913
51569
448057
84914
355486
553020
8235
233059
4388
47476
292474
69
93306
333883
249021
6016
806012
35514
341407
847108
1108282
204368
395346
323342
839075
33885
136270
48994
130863
175364
167233
9550
172628
48251
3445
179
583399
14119
21916
18464
9639
482172
29
97769
650942
402726
72059
8075
249354
355942
9602
18588
190
79538
430245
3649
101727
91709
55024
585261
177480
13128
9165
2504
25319
6735
1150
12607
24
210455
2831
101869
189648
654880
50907
184838
293
509539
461108
397026
24327
11508
386849
32722
2868
5888
1693
110779
213830
2509
198688
249054
121888
3348
359002
115382
467350
110254
266564
764056
427081
667
392224
39713
79231
2679
324301
374018
15106
1058641
361687
134723
354121
387953
957560
53852
94269
701
352594
141174
901730
978717
1629
256955
147884
931665
92884
253264
374547
360532
970441
1115
199872
415463
10687
447544
2585
807491
48146
796253
9078
274
12513
59404
158118
17
129
143361
483122
574772
419659
799
42867
256577
124761
90190
477735
281713
752396
337
112814
622508
194893
378026
139
24286
3308
1580
39654
1105433
67633
12611
110105
132
79037
499404
138625
124471
661901
20670
122350
91440
3889
4251
764087
449512
171870
321038
59919
34669
47860
887873
729121
2478
135238
138741
166819
542225
62334
1021
85620
1583
7018
300351
57822
2317
454697
133120
463353
246075
71050
18781
130224
204643
479838
591295
669727
1178285
218108
673406
241296
539418
195977
473493
375664
34134
52747
214917
0
40516
252285
387229
269040
49518
85163
185988
1089098
369039
197919
29105
372665
160132
32485
36102
375391
21626
16677
135775
43229
21155
249635
893
332014
85070
67384
26561
41
7508
1032864
64
10996
39233
64762
5896
102272
1147413
298188
123393
973287
248417
8082
60659
352660
23384
147636
758254
347535
226238
177336
312946
255511
190030
75027
26633
1116
676
266782
87333
53245
80757
5394
220444
89
262245
513596
37015
7556
61888
675035
0
52658
263754
1014
40548
110631
22484
54586
619931
280597
220878
698236
372143
9449
39994
330264
336847
24150
111957
109884
229945
0
26580
9
12989
284
72999
633158
167506
748480
4837
13203
206137
15445
267139
101542
1874
88792
19479
221
59723
30674
501044
13005
94511
6980
910196
281950
488970
72870
363589
1016915
726247
73643
507884
30444
494885
516756
93223
707821
26031
387245
118708
588
78369
1720
9568
366454
567194
1082
43107
209596
92386
307684
0
10684
4158
730446
43398
22831
46183
7465
143978
64676
8346
84657
219385
64037
432
75279
44038
287501
162850
34181
418107
106
60639
186491
567004
313485
307357
68468
54575
149476
11007
326
76101
922
447346
205318
224279
1426
164001
22679
368
5565
62409
6535
48878
240931
111577
15204
31274
200713
287100
208721
238118
267322
427108
430825
140244
81959
16155
442970
395980
30346
72986
1762
1546
8634
46189
950875
193452
203132
737143
23788
16662
26111
126114
83519
10159
265643
391303
156786
530010
44136
497718
31168
168244
252290
174727
1402
576658
584215
765839
703221
377857
51577
419777
438554
173983
34950
21473
8168
584301
225542
16985
49483
80262
114871
5691
204211
88878
11181
311903
266247
28728
719339
388070
61147
48
898
561803
17353
97081
69001
47889
68839
217614
52940
1626
67122
3782
11684
79911
108578
207364
893432
73283
585408
33579
37758
154982
6103
85370
76393
94868
365912
50163
533746
503706
184278
17171
297
476057
693479
1856
0
390606
65078
82793
6237
329812
364538
37945
82212
95097
54
594685
5794
927
234
3441
267
90400
2872
66317
789390
17379
11
61804
7698
54538
10019
492299
26134
241
30439
382773
104200
47896
6363
11208
6326
25204
41594
225649
13540
934131
84432
552916
108196
531
0
52421
157533
403875
591573
12019
253920
24720
14585
4735
9977
790
142959
1170626
191486
28702
147616
0
37460
58080
536000
2329
145331
98548
817859
74174
48346
80342
152976
212908
161845
465602
40880
347708
32854
17133
170550
46948
99214
19907
58524
48965
310058
58922
41211
101498
67742
26880
239
580959
26399
716794
517396
29
23324
214846
41322
1154
108060
1177
5668
6867
1263
148267
416523
51456
121454
36618
150586
606727
219623
153390
215921
330141
1063729
18486
17865
12562
2996
14962
18554
302
584908
56189
50316
1020
70966
44
55133
149311
30581
340912
6230
984724
152793
2162
68819
479697
49465
256086
4911
110
72958
226347
0
2873
58529
804571
705779
89
42337
514
1061826
5030
291576
227712
353224
713
40148
11007
290495
230312
61459
114973
423683
599282
21408
90144
302914
39382
25773
0
92746
284882
266630
29730
15543
21500
346494
596
339039
104789
491635
295541
26107
1991
629789
421
441
0
214889
33883
8669
238437
257417
6227
3613
7708
16030
81608
251609
118745
50336
510248
96293
335399
2545
374591
112808
70934
29411
407214
60627
119318
10720
20804
5135
457388
7510
47700
1194
5928
29308
596827
980204
0
20852
145194
14688
639
7248
43574
190
238720
1339
454536
176127
306978
704943
8968
297
349512
555120
131103
11592
104085
252182
15137
2810
2452
201903
52856
46380
615007
363684
1468
3000
5575
297388
45
372998
78304
129253
14390
240107
107918
192
16850
238415
2977
293046
177934
526482
1120429
60810
16663
35
8758
775452
859725
81421
276529
4066
270763
3800
363973
22185
389969
12752
431443
244
70413
1292
126183
944135
963907
29980
113629
29797
4588
159578
182493
39738
89366
160817
74602
73411
56799
84077
638298
38277
322328
43369
413
135855
350065
176007
21250
20769
108798
11459
824516
583140
362617
69692
35603
859434
121247
733209
12205
133041
88583
105653
922025
13584
24874
68733
276019
142935
295251
258575
9509
95521
999367
124803
76534
151269
416186
76418
60020
59861
120
7774
100929
30587
309074
356150
23961
741778
538437
16890
851745
289755
9944
377974
57404
364065
145774
162431
6175
412938
150785
10049
213118
206377
14519
57145
46702
24930
173809
643877
183516
103513
366
4288
25352
300503
69865
381536
189190
173922
48490
791432
314590
4933
776737
10112
5822
3579
455215
379087
64001
38515
402426
811
77184
15276
12641
423098
476515
528887
60756
1524
61239
2009
104838
78455
5624
203991
70968
637105
25182
366765
3779
633027
229248
19610
141663
332067
43499
7166
333092
50895
8299
96134
600
480
20122
775045
33337
164783
69532
1384
80
38108
539
294055
22585
75833
261615
24774
62227
1003
84387
5917
446476
579784
243189
146921
2029
573060
627133
22994
950718
117489
420819
18276
44
415902
184099
0
55926
63170
200908
48952
76299
22253
39513
3651
0
21540
713690
39289
31925
282710
121065
623481
332349
388722
380041
37251
36
404634
138470
28022
400446
120758
7767
36
524308
58967
58409
149730
69290
144861
79322
31460
521125
168187
19063
35279
619822
6809
277235
19065
460695
353
23820
473358
529006
616243
5402
218995
6929
13810
7506
5224
33996
174
17020
1431
2671
210513
341839
34761
173245
104304
551722
232994
554330
1089093
9805
56297
888227
58500
169933
1554
1812
21029
645221
500435
6720
277596
384705
66132
41583
5250
141149
141003
15623
559736
146
439997
15667
651553
1511
25339
1797
25363
482613
620413
48603
479883
9427
16976
42446
2389
883208
17983
722106
731401
62900
2726
57112
52237
573808
179333
1698
88919
96366
764280
411379
5991
168814
681
62320
16289
787
1316
460290
74081
120649
81
7526
1918
190205
35081
16273
109190
250414
196386
728441
99836
157045
0
35513
21841
111197
249181
30528
143127
1192
103988
397986
7540
81322
189004
86516
42988
11315
554
5986
772611
3391
633166
67882
145180
376
65
41494
309828
133999
190164
51887
32082
211765
123154
525624
145227
117229
6164
7459
70015
3602
268763
30724
105899
69180
238777
20285
225156
410295
363469
24879
55
19621
7965
263603
60409
69534
21385
86979
32370
112857
450615
2503
92357
257345
43670
7097
9418
955
39684
18814
32358
603121
434
13235
57404
220580
32942
284629
61724
5575
110918
207175
0
51662
849321
76822
0
458682
932518
30852
1103
1761
364995
339404
39002
4143
7596
388113
459504
115610
343054
146411
2553
1074412
483528
574060
26727
63430
11084
379151
3968
7536
371444
5049
2103
130474
429201
144898
480408
97477
16278
587
11251
310118
113
942155
185781
693289
330688
23760
54517
35026
369365
10239
32002
929
17489
202743
244947
24679
329156
671146
4918
2442
30465
193464
87214
45196
329076
205495
473000
6089
19
133751
12946
21750
137101
148
303669
130418
987415
44050
5171
164420
132552
21727
22068
90669
292172
936012
983
11472
342967
290230
1681
189791
241916
920655
25794
42139
575564
5872
444951
240956
340286
103776
354313
4643
275
1549
725332
39590
240159
16818
37795
500114
626300
605924
93555
600702
776
242717
373031
430
677319
205426
22554
15688
24207
1397
306620
102621
83951
31455
454319
100
779279
203605
81220
90426
33681
39457
548421
77682
1253
407
10745
3250
4899
174821
18848
74356
88637
143154
160372
37572
734901
48893
142891
27791
208862
397286
359239
464301
7379
11175
116827
34333
376483
1032
11172
10294
1750
380043
58191
6177
152346
11246
251137
69517
964906
24264
309335
6806
545561
171046
298450
3650
481255
544713
38775
16225
830778
743280
110503
44659
100345
26094
64325
5068
34773
197571
343301
666869
18975
193957
141747
64
1127166
211252
19015
46922
71317
224225
286527
219015
487
0
215241
352250
44107
23534
30075
112858
18207
6923
4371
28381
114306
181731
6299
80869
70793
240474
32781
257896
148536
458587
220541
309347
243061
111058
25201
54238
434881
264474
20996
238906
53268
221106
505519
4880
234568
442856
62
442437
58629
163323
16777
205643
78455
42202
38116
40093
100503
379839
68540
64
447526
9444
83559
17214
37109
107818
152975
719257
18263
566635
347291
7697
3760
321664
66466
146736
29001
2668
301428
282057
1225
38680
78304
209170
347731
19338
210220
220330
46558
233911
57952
10435
18116
317606
38690
2535
18104
243240
100095
771727
356079
47693
507801
148406
134371
11371
41631
206264
7594
41555
7769
15772
659124
30908
188785
155747
79017
231999
295
369401
24845
173088
73211
154402
263760
462410
21392
9331
90043
11382
567019
31799
67644
636557
140387
619151
57
249289
198497
603
436488
17991
550277
104653
329081
18277
211325
31904
28127
245425
280115
45555
12483
3851
717564
57070
16538
451500
1018250
566700
20718
37
969
2781
714
44362
14640
1042976
37
784067
9729
117215
21
64009
623899
170722
535193
18112
5649
826600
83718
698321
22567
139850
51873
825307
37557
246
87703
548176
195777
308528
49543
474603
1050016
24793
430769
11464
169023
353972
45589
23070
98
623387
74437
987
323499
8569
32091
74662
174167
112599
16030
154826
84577
36953
5230
353987
48731
259046
41520
0
142468
13213
9
75830
281
21314
11200
13679
36796
233692
150712
383130
2966
197468
96822
165069
20178
117695
23051
180660
2733
151270
1983
9
28559
52221
100099
6775
31089
169521
93789
261047
101284
732558
29584
474071
429243
1761
32696
28301
671001
56
621139
262125
61707
900456
33787
17042
23070
6773
213690
143678
192
136762
184625
357578
425287
49151
43512
10404
75807
94946
29743
155956
888078
55047
10853
53074
105209
89827
468978
351995
530070
559
3759
70247
86450
8046
674292
235588
111101
922019
115900
3484
11
132254
150485
372984
106103
543950
2522
1131739
136235
54402
899132
594422
247581
228624
421741
1435
622466
185278
17390
34199
884092
482677
330281
1276
260109
175962
6542
60811
246608
14580
17837
59182
772192
838977
132957
42091
31627
88789
446856
13871
204892
211063
312560
137762
333749
86556
1651
185
260992
312
8802
60763
128807
744984
633
626037
1119573
30931
23547
214820
177651
3594
436
55832
529321
182820
56917
0
336343
112042
12315
103646
21846
548
564
87615
52752
41629
268892
360938
21465
75837
218093
462096
416710
336295
46343
199188
658962
129493
390057
335019
47755
566579
10622
12714
42892
18
8247
55621
126338
405302
288246
25818
673867
76673
101055
39984
130768
44726
32437
101803
81797
404173
123058
325512
390246
43771
124473
441544
2003
0
305270
36
588077
180343
6188
271678
675548
221754
64951
158873
147715
61918
2878
317135
210607
549955
45571
226797
399
192606
251616
149438
149859
427855
286
142129
26
421482
33079
66691
4191
269754
5800
103642
2194
56
86510
487380
304776
82384
564599
9028
36560
457919
211630
87547
277989
3771
291197
406
1976
134997
83287
957498
549337
166
164802
277155
146509
12447
248445
26895
28255
99497
5728
358566
145702
311812
93380
464523
460783
7960
396899
8125
361678
134905
22372
20169
162616
12391
526
777621
21024
31127
216664
54962
133671
267
88219
2539
41057
75139
301011
569286
805
657
303253
148061
42989
6445
372290
11411
316700
1433
77779
1151
96208
124806
29921
419838
343937
280960
12269
3654
414473
571211
219163
410192
282923
2936
45415
181404
501453
908317
12598
133252
13523
314315
191219
887
9354
169868
233333
384695
193618
614602
249652
358981
46793
243031
44543
331863
39986
203
2814
354104
940048
701457
215487
178709
3640
34562
355753
533237
527642
60620
65370
119886
231
69698
11394
157727
216960
108048
6597
659
2123
63126
437
6241
289873
621753
4294
1088055
24064
27760
578802
357879
722998
62435
530487
2522
7345
923146
34224
208398
71917
10299
7028
127
48300
138422
7805
174295
19961
538368
0
17452
135965
0
46
150290
79582
140439
1127636
72420
28691
4414
47
200984
91544
349
66428
2216
2178
9751
160822
490612
216291
255674
196179
230054
30614
50969
10414
537674
3335
44106
135904
162
21352
18196
237923
87111
1461
837073
369033
55604
25
37928
294411
656876
147222
16505
358562
147278
87741
250389
197429
240357
201426
34796
9315
519049
0
2455
18662
94138
1280
4928
394797
304756
70715
863
24299
179577
141
756767
77729
5162
167783
95515
715014
26585
111622
9
286746
1089157
135795
16963
103542
14465
122153
373865
4755
36688
118152
3936
174580
263553
228216
15871
184769
13631
27330
236183
698309
67467
6981
9862
515598
465695
397414
313904
105888
213945
7444
22191
0
642375
189
24286
31560
49750
12451
9220
41603
46742
707957
152664
51958
22994
32488
513
17468
78826
10434
148876
89980
78048
79601
214604
809
94697
434018
354329
172974
37496
237983
7564
206617
51541
15546
375169
33008
376987
393377
479135
267646
44907
526512
1960
5232
204770
178386
65779
242929
332002
12157
53043
251297
31122
155338
48739
38021
79155
79337
204676
76986
6667
548162
75045
42241
379061
445832
220524
2912
270504
112568
2848
152916
23400
55865
716469
14383
53411
715
14196
21
262898
36645
222550
32566
468055
3260
212647
407790
294135
12713
890332
128773
96421
46511
499941
114419
714657
4662
195195
375481
46641
330
194870
1127
131191
0
40013
639584
244087
76355
103738
81188
230147
660729
388991
112609
30818
108972
47639
513401
70308
27952
50222
10511
102
315018
98073
252493
209294
148848
766
42042
177228
1022944
767734
379754
150734
48768
77135
1292
286621
3371
842005
63384
617928
26748
17252
23390
207467
845273
252853
99841
108027
3930
70900
137128
44055
370
140074
1826
261756
215452
43428
38392
2563
237936
215902
145552
396498
405007
324562
204869
14521
188219
287068
19945
500143
199255
55532
166380
37208
13757
334584
41869
413947
116147
800733
119348
72253
1085
20750
163346
57451
7160
438902
35858
44159
2346
14767
590260
128019
40713
475484
394
21191
69716
118539
2180
339943
365
10892
7506
291
9616
691624
21587
1911
84254
37481
3605
26762
204799
26825
44084
66538
500501
5179
48557
44819
67690
87982
470102
1876
9074
101818
44545
176918
358619
256515
44008
164854
230119
445016
110296
106550
1070278
426971
34146
1947
192423
72437
123145
5919
79311
3068
31241
13387
180261
74557
163684
124901
290699
167679
57485
558803
11982
214819
482302
571154
208948
423618
122020
29
8447
267683
14372
26300
40249
453220
539110
113352
26364
372736
93429
32671
71170
773965
24330
613631
744214
25764
288975
30407
44083
15519
345613
91600
20801
41157
493
23730
32942
353188
4460
214512
130436
193807
22269
32757
552
157539
146832
806699
806120
208938
420969
12219
207686
1757
237161
216051
737690
30269
169074
1087
41730
163637
895812
142853
245930
196401
9295
4716
614705
10190
27073
22925
3917
0
406429
1014753
806
140658
122994
374827
128306
95806
200197
35071
143146
117799
872
18469
250431
249218
20853
148611
50523
410170
795
2820
349469
8291
10628
93139
63897
8664
31094
18570
80225
145306
521444
1562
191498
188137
384643
9
73062
45693
481076
1188
39015
654016
38951
284555
8744
207125
23980
36596
290113
494889
79731
34981
258939
398043
203350
7192
429946
84662
50170
35557
307068
45483
370234
55432
148898
530035
46197
20500
173866
0
924213
175496
194085
391349
136662
2236
28355
10
176674
2863
323291
462229
298347
241076
370437
15087
42112
11427
845409
357978
36607
19507
440486
157703
129031
498121
5379
102341
424222
228318
72189
243743
9234
309900
7059
104081
21179
8546
255509
17232
10985
97569
56658
45000
619847
901246
292480
963662
0
33123
244766
12543
2945
8136
299955
131894
630818
341089
12670
57570
167322
942123
84311
120835
1890
11563
253331
717969
6200
44608
170015
15828
174600
885367
1223
17329
27
569175
17661
19384
6199
16818
253202
27433
170808
2448
177059
38848
75731
42
67692
3876
340496
75575
301962
161475
436281
19401
65114
287939
8131
191044
57
715505
11250
470156
196541
2102
83968
354495
5671
50277
261402
25682
203515
13069
98717
3229
104412
11700
579685
182205
4304
432043
6806
6701
8737
19
724451
327815
0
6670
64
320423
30328
98292
417458
41975
48493
69193
356374
329943
6207
83455
55731
181103
974
630904
222890
133668
45964
10367
75257
0
61492
6901
40484
1108234
436317
2750
6298
432707
209120
439363
599993
25794
59524
30963
6514
926194
529186
36724
54924
231436
23934
97575
60428
76228
9461
87829
10901
218057
110705
4807
355464
15820
777
164787
441118
562493
0
266709
360573
731478
13220
183225
11777
440837
479407
61048
75707
12340
333013
102323
952
126681
0
172761
112604
14766
52080
19
113485
2639
90408
387843
61427
209883
2034
200370
14134
1792
68413
231718
7807
32831
148046
20269
9444
1644
136031
19
91692
222028
172531
58955
81456
465155
96094
94625
4035
733587
28374
10484
450864
358393
40098
0
30312
1222
236460
16441
539447
31411
397
9276
243186
521667
160699
349633
51635
157176
183148
300848
4586
44232
70252
123733
820875
47103
141666
14957
38811
190460
679
13833
148274
147723
336261
161954
140487
100717
534126
16850
365973
3572
199647
115533
287135
4942
36701
83309
41684
180089
33787
273990
12235
0
35151
91365
223424
23797
64
546336
75851
1143
33927
263548
4095
470811
257683
286
855762
157519
0
494687
1776
167499
506629
231603
273659
209325
599077
93814
14216
455168
29399
435374
454759
80028
26607
459106
189138
121225
93000
3790
71429
8083
40958
25805
507001
47
111014
1033703
110373
248431
19594
309883
314021
17986
55101
680859
278208
570636
501297
1435
738414
1208
152324
137063
223496
21322
2665
70515
171533
658211
279824
117048
345979
154076
647228
146785
51421
253548
7
90245
956340
116213
37955
188105
279169
455990
153899
7896
61063
86056
731027
41553
858368
185241
12056
66350
445545
179126
142272
892355
14308
2218
25316
932351
10520
207670
28248
3393
282745
4128
786
30087
22791
351094
14
750916
0
5124
46662
192064
99014
107346
31358
162778
229494
274465
12857
51955
784160
72225
40164
87335
12542
154452
286053
189284
236683
107220
92130
8182
33997
843972
22916
88136
50738
163617
74445
14127
1581
976
3300
4316
793390
280770
98012
550974
493709
33094
22069
484888
2588
194751
371841
136033
85782
271375
54
508752
19740
22029
18018
11824
463682
12826
210564
164985
390351
2840
2362
394189
173813
74792
2908
97143
88919
339
219606
233365
632303
716869
83713
669138
673938
138
150024
55525
762065
125573
582699
27416
138201
72
138999
124169
369176
251983
171704
91628
21523
113748
1552
125998
328
147971
100
154475
19182
615
54994
18882
696
123148
96629
29660
846899
292883
177
2557
61438
6197
5644
5461
750448
402577
7416
86101
256
90099
34886
0
80046
456933
236214
279804
64355
599837
4516
130380
259
526537
5990
685920
162661
135080
95922
87393
10894
32291
85733
49285
23181
750856
82260
31671
323543
23866
25301
267873
295219
222539
141202
49533
795266
215826
104167
19171
11058
71054
16481
4424
646502
197037
66298
17
608551
21995
271906
24339
5555
65405
91750
187301
250079
574458
3020
30351
342408
301032
395055
108702
36105
854625
97176
119
152140
182336
8181
25027
1668
83896
0
409571
274443
187965
280652
29620
12594
129
26394
446212
12058
17594
36
5932
480088
252116
1169237
29059
46560
31969
634395
247385
894275
43052
55069
71765
253840
774640
42337
2116
526966
49540
30273
4146
339706
57811
92887
148
387896
446756
89133
17998
87053
5313
212962
823196
35754
24117
13131
98569
54160
40624
38581
132928
206110
313891
487653
118993
78
69908
273578
114834
118878
235769
742073
60385
5716
15885
404598
57746
53604
2842
24429
445917
23734
17120
701978
259693
116011
188853
7698
171526
17
3114
30077
122911
435856
52576
300522
305145
163217
1080241
336870
92449
565340
540717
258903
84778
277323
43839
832258
298
340931
19157
594431
550294
321929
79410
218066
32580
338423
201782
356405
375497
107296
700793
4193
29
176
34329
27779
47378
72123
4516
116836
112312
16725
17174
926575
20267
176548
30303
6707
45195
101908
11611
15172
32809
660
19353
6472
222
718762
4871
300203
9801
238034
420788
351548
11595
681937
14121
183609
1535
294844
233775
197240
14309
44162
5291
197676
350954
82659
282653
20189
1117701
49187
6323
311842
705755
124243
211424
704352
660438
362750
79039
2939
61240
2806
54
196174
443503
36772
166011
109171
70513
623746
877178
265715
733626
29
150845
514563
293305
204087
473128
222698
25701
34087
78340
5417
60442
916890
67638
27241
118331
109658
370612
455651
276227
56303
28985
144
1068
20967
11522
17032
3509
185
49609
552262
187070
724080
204613
357856
1227918
103900
3642
54082
985359
211154
338505
50384
3152
27692
41642
882693
43518
687556
642005
743
66
800975
6621
1359
96288
12838
228409
29278
31107
817059
284557
252633
76335
35639
16547
77111
349276
35462
27976
11047
392877
8544
267259
697370
352467
80513
55916
40419
101254
316001
348391
63345
69966
143671
378367
305872
3881
60122
66115
3097
31460
48344
91205
21376
59947
13276
867174
439593
71200
137130
18615
240944
131
365642
0
677526
33165
353546
70802
57950
196395
122523
277857
41228
311339
1213
66273
292585
28121
5197
86384
39171
345250
3473
110341
198315
148226
85333
8128
78989
228192
254223
12215
51037
357990
241028
1631
4491
93782
209085
397806
6273
23116
102118
95160
532
28008
371507
28994
36681
67
217392
696344
147871
65047
40605
310251
77526
55284
7659
13295
365797
46296
7451
54267
50302
27283
416050
205199
47916
190958
51535
71398
463540
20505
33333
243640
7321
96014
159791
145530
451259
24320
163177
332887
177649
7177
51657
654633
156155
42705
674263
26367
25919
1852
17711
488664
54289
31039
153072
788197
336476
731980
607495
22732
4516
23048
89
37271
165039
70752
654846
310736
0
460777
749245
141960
66866
120736
26
248462
38113
750
189538
721960
493838
981109
40294
19
137
473555
160388
4377
529097
212012
674744
353398
37090
891
630397
430134
6010
272676
46008
231341
881561
571149
135494
2567
231586
363787
1636
81246
42307
852112
58556
885881
493458
201166
15720
13130
55340
104217
74004
154344
70345
651826
82025
0
65254
31
342638
6284
118213
576905
2384
144076
20946
679359
9404
222365
53096
122379
203118
62559
174308
722
507
114688
98615
754044
141775
84373
89632
264768
260869
618442
182331
607915
11674
49172
6147
6424
32208
36409
72271
45877
361580
47695
78
0
11140
381
5773
344257
385493
917452
51405
220795
6243
65408
16378
11111
1443
119814
82037
41286
17772
416690
195577
1287
510084
630439
108
324
7729
16028
344711
333618
627
47346
4324
140906
17086
221126
449730
79314
114036
391
18209
84
4085
95149
21528
105872
64606
58106
512900
337565
50572
424669
52183
40371
15039
548477
354155
54
298645
554321
123587
96137
257932
672875
62366
280295
149220
133175
2569
23125
316567
137230
341774
13147
1200
40388
151119
32153
31454
2147
11258
205802
307023
399212
945228
4360
12737
511460
437766
3727
10677
48580
23955
6428
358025
7230
2217
852
152350
214104
0
61787
310086
318
867
10661
317497
4950
59154
30825
57528
30255
652639
86740
15870
860104
122800
55521
355817
62598
301972
160589
216678
229998
13258
907
54378
16811
40850
168840
398060
926629
94768
2098
156
48641
470157
6457
770863
2544
7372
170304
4114
567946
54819
108803
50043
2778
12805
195819
210914
62
235640
101076
67628
1026
564
789674
2179
82577
64931
19247
1781
224478
629430
525
9912
19
15908
203734
31292
6739
245322
65589
392940
518775
2221
15547
2392
746027
202043
669
352844
167302
484823
52555
8773
582
539718
27529
212
764749
470876
15273
2942
81483
3799
924465
38127
52867
8297
5484
23386
10674
71191
28181
901323
3184
450627
646350
142797
281202
12422
8796
339816
68047
74906
392
18666
41909
78830
37664
932264
3327
96138
6048
656682
86691
164923
562
164651
102
713255
47116
10858
20368
5917
0
191909
1834
90110
36283
44449
2490
155552
12685
1078352
128149
2978
238818
82158
117536
13771
575497
56188
737466
31254
51154
23289
97531
1933
536865
97812
264480
576111
116945
134661
89322
415862
710285
158957
173985
17182
561
0
1286
1391
220993
103698
69442
995895
424
722996
9820
314808
143160
18266
35787
529659
0
91522
21011
1161
854420
174978
0
410127
139598
61400
552
37614
17325
59557
452517
732819
30777
9888
486250
83324
2400
6728
1563
97257
402783
14232
250527
20301
263293
525955
205393
10116
1707
151336
188720
59326
98
5900
16196
45188
1014
682570
566069
198419
1133754
12874
264608
499753
139
142575
119212
16527
914733
474269
555
555496
99645
1104
12219
6417
34275
331800
259739
3593
264686
22409
204371
439652
320637
531
7067
41060
595114
474143
15738
72248
26461
295319
222581
56746
459791
27805
2422
2825
37056
486295
65403
28808
8655
5203
186366
209812
442136
80897
5092
499642
55864
322439
0
528271
448481
8148
222241
2751
46096
92248
136043
60
11187
35356
82176
536433
145251
913859
426846
73689
112740
368247
47261
188904
21041
86820
141201
273443
88872
136569
164598
296367
28124
525
45805
6688
30138
1035821
256322
38913
308742
7822
378637
69777
25517
6641
169792
16116
251480
243411
220826
10691
19302
656834
46779
29
19361
715224
204608
356805
82471
2327
2814
379528
121732
479001
169138
66769
127978
1042914
371011
582199
1028474
622413
46895
455919
13418
78892
9978
43052
6538
4843
19053
265678
179558
248430
14230
151765
165489
130899
6476
170751
746513
3348
561128
530
21593
40437
273328
198
145299
82135
312
24768
78
219065
170679
1908
886403
69701
143775
131487
196653
9678
51570
121491
405562
32066
6470
412976
71383
256196
136075
41563
151445
224449
613861
295035
77726
1881
155026
21919
94048
244052
45582
23803
2211
83190
418155
7622
810721
113716
1001
198146
507483
379942
30245
51871
275979
858503
296791
41615
553834
423
174821
699976
172453
10311
103475
47624
132168
118334
361
1157443
329023
35
15714
46368
10728
445934
705742
655203
10
339542
12625
100017
35079
4005
32885
29318
181908
223425
238047
518906
1053210
19
318648
20
78591
272266
0
0
979470
240379
13553
385976
8278
333470
1053798
353
1049
1584
47734
323702
38312
230762
475401
212855
555941
352323
628733
740688
222725
223949
4459
66513
29865
525267
484544
137415
675773
107687
5386
558987
274510
366149
26143
259699
251696
35510
74
7877
67472
864722
82378
384029
146183
44514
48978
5910
907
409473
145639
1310
43151
12787
28496
13739
24124
22966
70706
374017
78382
74168
3100
329773
24866
79590
204
247693
142281
3461
217566
214997
239240
182
144304
81885
314097
36173
38454
7020
283403
16976
46530
210706
167240
746308
23423
452456
1240078
20433
8041
56721
54
3098
380307
20897
52788
686832
99960
796298
2293
512431
263291
199346
125178
56789
309088
38726
52326
2034
429313
11825
3575
275808
568539
140966
10845
386096
65665
525799
342240
309638
32121
847736
244020
154145
0
36506
157361
43306
78965
53227
379740
31784
2603
28451
26082
725
101802
188005
189293
299559
798233
390784
32717
389
98060
7361
259725
6849
354056
175244
0
61672
233180
0
160704
574031
303262
4092
4034
421264
15306
221453
941913
11941
513422
515753
105315
0
194199
54613
246015
78966
404983
393872
68989
418088
250791
204435
378151
34015
95478
50370
790800
23151
142154
346545
24636
2055
74636
21751
257895
191794
803232
184569
772
502007
405213
349263
6727
142878
132906
41388
82856
164590
42976
52725
4036
6120
23764
200061
282845
5501
2852
617037
10971
157703
76599
0
32520
27462
11728
10651
75763
143165
32186
20891
176953
180092
297485
7377
412329
855767
645243
3299
28497
910
325662
761238
411302
49375
297511
0
20315
423628
2001
11984
4403
331
245128
308259
2058
18461
188306
87798
147010
95047
196705
751677
226250
241309
237
36682
11801
248844
723211
156361
34729
340887
775501
134344
43434
27344
313311
709977
231
54740
174264
598543
278127
36937
79165
11714
531215
67742
81445
194774
28889
347729
106392
342330
16282
2684
204834
1003472
330220
100453
785055
26289
23804
156296
2084
222929
29514
305454
100447
55412
75726
25446
800080
240946
583374
57775
214
300511
1282
125493
462063
32530
135206
120892
630226
45172
44257
583495
82728
546278
876445
1329
199385
146913
18238
557287
222062
9906
21641
449574
68916
88929
84263
74717
490080
733103
59459
2352
270206
35190
437045
50749
7376
566526
1613
22480
8838
252060
3297
397868
201444
111062
453028
69685
337880
50581
27064
22198
221249
104402
257818
0
213728
15038
595304
3873
6070
319039
161813
441339
28634
670632
320838
2392
16092
5232
51711
6192
461945
1865
7312
469706
336690
47579
88404
485056
24574
178130
14134
588788
223035
1988
148565
326831
15676
481383
113777
122327
83118
271667
47756
458033
149650
421774
11020
99294
9960
24350
286269
147961
5258
63765
2241
10526
40470
318456
27591
628564
19769
13926
211172
9811
254958
633714
390080
162593
231398
1462
5590
1145
165
61073
64296
29576
12755
219693
32646
842448
1123672
6455
142678
0
243
36007
75290
2407
25303
150229
67640
119798
17327
728600
7949
93400
1545
376355
116246
247263
19991
21883
2203
648
269
11610
53937
269671
116786
448526
63586
168113
70998
61315
66741
7104
83829
56605
1392
150647
314775
286
112939
308130
432097
2286
28877
0
17
555825
180319
136803
3235
81248
4733
25739
334004
57682
17
13155
18302
733549
213803
84300
33148
90826
325631
130844
3383
377
294929
260339
500999
146488
13016
90595
613613
56
47
292144
66551
151407
29694
484197
81540
274861
84947
11441
400376
189984
221400
457464
92823
243048
20128
76891
16113
192244
211958
460112
183857
9998
51628
85692
0
191484
232411
215011
302583
26255
36902
821163
4112
22569
298740
883132
256967
44945
21597
4765
457936
5462
258941
31844
181396
3866
32099
8206
509607
23211
14923
1180286
304805
3067
489
868129
57103
43963
855482
104934
73897
690
4817
15390
55161
247632
5829
339317
280149
406
4182
18233
29309
446861
715455
23232
173242
26848
234757
47735
715559
38890
10929
250342
129695
17658
594309
159103
68326
84467
9600
100483
13289
162436
179200
19464
172010
16414
491270
70552
271817
356
4872
130071
1044616
382750
459492
158581
414926
173801
102393
10154
265886
138111
31995
134068
34411
174422
768515
332617
584475
5579
29522
598095
7759
418
15840
58257
17619
1121688
258703
292837
104046
89302
1070
357366
286996
19
28377
20916
1039
54068
53279
464340
175569
714211
537677
106417
0
268326
185708
16306
266198
9167
175279
162900
15734
2414
71680
25962
293827
38707
169137
613427
127421
51235
269680
263594
331229
32937
285023
55252
134377
290216
40601
14225
314656
25107
177820
1067198
316947
0
171815
119653
158170
20071
156950
389822
294175
230549
17053
186467
130254
296328
403818
170463
7114
3011
319114
4160
352790
32074
14843
17954
359253
2512
69971
23615
338362
171480
11763
411155
278523
306539
17858
1313
26281
721855
163098
10429
139852
70241
12411
435799
185180
131604
95805
434958
339780
12674
296586
99047
85504
541637
41776
654724
51562
110477
86625
17685
2806
96580
185881
35219
0
0
299185
30330
33506
234003
3815
503202
121866
149387
24774
236694
94382
14017
67727
370
254299
368904
174665
12850
100388
483612
506
4415
96233
49906
280817
343971
29605
34329
82394
56219
23667
660518
771120
46495
42218
9
22381
913633
52927
644
58491
268474
41873
3118
51318
406
520856
149610
297056
31482
565
131438
249325
48170
21669
853179
981840
77096
369
41555
120029
1022308
32814
29660
127037
323557
5924
398140
389143
420
13903
305024
83147
238
114816
23383
88747
101650
828898
187619
588727
29763
366616
29745
339638
70498
15761
184559
17156
718
123628
16682
845637
120322
18622
1951
922789
2641
43455
54
18280
3144
602574
22897
70024
134
23960
32
276495
415539
183372
280206
43910
44534
315
284980
21457
3173
426045
291831
74130
970503
127069
333190
100295
73396
221714
15703
550482
27229
560011
200108
103420
17665
20883
213769
90254
348059
28940
360908
616246
22145
21947
6745
225339
30183
511588
301
217563
353717
2033
1115
693640
25200
746169
218461
622209
18035
430991
68858
20009
161860
307297
377660
164803
36533
473946
179594
304836
66855
120751
1955
2399
65
356439
38404
79162
127693
11479
176204
89050
245787
21636
3146
51471
566845
691
5048
733152
2826
80292
1072065
23696
398250
727710
7913
220535
138862
349545
205043
9661
2009
86475
556
148903
317202
27899
35224
768585
17713
491205
536
115366
32516
364564
114221
533495
21005
168810
517
363365
620
393832
200825
47847
311014
97928
501016
495760
31435
500781
215982
36296
460432
140063
263150
81790
179755
46499
495720
4186
35898
36073
790486
710478
548992
294120
107711
0
43541
3202
146139
264015
357176
16401
688793
463783
32791
94602
2567
1192
9965
107824
11787
328090
275370
13771
112973
449638
25001
479867
28121
4305
1546
74065
289715
124587
2697
227456
18256
216614
247368
37
32454
657173
290539
479470
13522
1530
92866
4233
116597
425530
53784
5292
158585
300896
8346
356723
472837
329276
40633
331013
102798
192183
12121
263767
149479
406788
8110
187124
1188
17307
12445
165137
384866
168180
137051
328
6042
457188
208209
0
34510
18995
2084
48761
2836
632649
595375
174704
454443
700923
30646
147363
263346
152862
534026
22640
75058
128258
49211
818329
153802
213281
702062
42621
222495
30785
5059
249029
131791
130603
17290
6301
4376
862060
5206
4194
155042
112891
513255
92759
36852
42825
10469
32708
218358
3097
646004
0
376136
109020
338293
783871
37194
21954
803470
29010
267194
509084
183822
703
158
9840
49447
845010
119970
6474
130
9976
379
331403
496932
1151
552998
919
422381
15901
86941
60311
251518
470882
331067
238383
102563
50575
491
52500
46212
11401
391348
384001
14086
63893
415224
413298
5363
45371
301221
14305
145096
31091
62957
179294
2587
3639
502647
16361
562287
346744
721856
126442
458
190124
9321
0
57923
305689
4916
10148
260283
414256
392463
857411
441550
12347
124430
34962
109572
327725
701
200825
312034
12142
1444
9876
12101
3172
2092
61973
218238
3979
335240
30431
76161
11
92318
1103306
236
3094
513114
23609
58899
479211
255184
66120
8710
1982
25110
160
339101
80941
7561
926820
65350
337090
2830
1126057
333445
293868
289558
83195
166008
227
667039
36437
212479
545827
20933
248757
25288
5346
198124
8309
8636
1805
101218
52081
696782
207852
35916
583265
7924
18761
311851
20891
9449
132666
92112
6965
59489
210414
7946
808067
10650
26631
2969
125120
31685
201203
3154
360194
424385
21
40457
49737
472418
142279
4539
61130
38027
31797
2401
170401
195158
93016
411634
49277
660615
32694
41934
24144
10775
164274
183671
793168
256340
236300
237129
25652
26698
29545
31990
1188884
247219
32141
132995
437696
429948
292270
337111
115221
45719
3770
489989
3176
435159
48518
196706
166683
485537
13475
888367
84644
271760
34079
25407
6734
14699
64
374733
568203
242654
323937
845507
44
5655
94
62957
140812
828005
963363
24828
48162
206465
283637
96237
202038
47735
5355
8500
779374
90343
103435
174197
21593
398185
34746
525232
0
281135
11120
20065
363368
4079
171
73986
194563
0
31041
76495
458342
54516
19702
105554
258266
257650
4120
2158
260524
420732
379
329590
1375
8921
39226
189768
200447
153678
207733
32831
200533
8313
179842
106315
107256
17560
702759
67484
144904
40914
3091
75343
652599
181422
19
21402
118241
31630
14483
118873
401669
6842
683088
617320
18622
77592
879
129385
8
18896
394142
167049
5085
236568
303587
85948
9776
1054
108733
21189
2998
65235
0
4970
148618
293098
245257
22625
229456
1834
19671
2607
342271
265034
8707
540812
89224
87971
369469
828490
0
149384
113953
165966
44789
45793
234898
95043
291610
438733
101
691122
2431
328220
1760
787302
167678
4993
765400
90397
223115
4364
24854
611294
79174
173315
228009
346405
165666
24816
7326
58651
650984
52307
186893
31324
403032
14973
619863
317175
16668
853776
940614
303362
245455
601284
96647
150740
2341
4888
26898
85533
2999
134610
164
359500
155108
79107
11273
275822
37770
130235
11415
1257
198052
4186
17686
133416
282398
165
838733
72886
19
22973
54357
3461
27143
13904
2085
341610
101654
125313
503581
21694
306207
89202
181107
334897
53958
63557
748022
407762
317086
347151
179396
113865
212043
59409
23523
124320
221405
29948
129182
114018
105124
8666
183845
195
213855
2185
249979
296577
29
5122
50833
13470
141950
412816
30808
41629
39830
57220
12344
10512
868110
367568
187226
330722
456
15817
7134
73872
6394
6923
165909
581687
8161
497377
17917
784287
651982
18071
76637
71988
25
132819
140087
771309
10501
611092
0
239978
1149
74633
113578
2291
0
196
548215
11961
84853
0
395871
167017
25597
64960
56602
2344
111319
1322
2005
5744
387165
489551
27111
293456
350489
4862
255434
3797
12736
324652
1881
189817
9585
95
6479
78023
51204
61593
3758
111602
275398
4702
144320
6529
53954
4898
8037
1123902
413817
36247
211451
292730
10615
99092
35103
130428
10114
61050
120263
213846
38159
12884
357253
269483
1331
342870
12450
255302
645383
414143
84431
127943
26520
832722
30908
1225
134723
639088
101583
542643
428585
103736
2078
885930
51130
52959
132902
93025
64787
37415
212739
1562
1591
16185
198670
65616
16366
12353
202282
20132
320040
997397
272678
268422
168209
450940
729733
113248
744939
171596
123573
555970
34808
65407
307683
12668
283430
134133
291283
2846
21250
59841
12129
145277
0
203799
721697
117160
61099
22716
128263
131013
802051
6512
324052
49307
45259
68053
420365
0
807309
182
274321
585487
64116
80503
109592
47032
588319
470819
255
12363
699392
200073
208256
84382
123702
8589
70521
184456
71427
706974
25383
164628
260458
21541
7707
119104
43057
11104
364279
115495
852483
62230
115792
558305
38550
138577
9386
177125
85042
466250
111182
54503
387207
62909
476
10349
79720
48166
9434
304395
312329
19790
392872
75749
417976
58763
215
28392
483668
890263
29827
8788
92843
899
63002
219771
5149
354115
440631
2326
122790
239269
22930
437949
243537
58995
57518
399777
33707
93211
145933
1214082
429521
88135
211545
23103
82898
230960
648890
244524
75005
842123
92929
100
53028
160189
87
1950
72685
344
322112
29
70709
972699
14939
398450
49737
242169
2771
541621
199977
129052
54263
389148
2553
30290
11327
136408
180776
34643
21094
43015
834
10986
1138536
33430
68542
29926
59152
132506
93953
449382
1989
115163
97817
84639
121690
131010
23058
203517
238774
84516
559837
6336
79537
2108
383113
185274
70194
5702
228864
133843
494232
37548
37830
25595
109149
300108
250
208489
242230
40028
667069
287815
19624
32
376614
537301
43518
12210
13228
229247
89572
342915
123032
67422
3405
1854
1499
0
39359
148051
19198
1130071
865
72213
78375
4503
128425
583816
20302
494
18579
58981
147255
2934
309115
57698
313752
200097
466251
555417
4328
351268
163513
11619
202405
3741
68
109684
82855
370436
251417
492403
34458
257
12277
489
219134
463239
665951
120055
231613
0
7759
14624
183049
1765
298371
650
9
44564
251036
804202
848496
435671
330699
635995
0
30109
6219
137811
510794
200
228868
74056
20
111915
125228
79809
63039
16634
1931
188481
216965
13503
326553
372823
784878
419499
56302
19948
99141
49824
440138
693
225715
64262
400
0
32425
43727
378462
273589
108527
22
61275
26000
515012
42205
410030
405575
13141
380852
260559
307830
7693
14834
138709
91413
119
405917
5687
128675
10975
906636
47409
74069
90565
8696
59448
89717
127371
170093
618532
263142
74927
272743
60870
7102
920190
112144
394905
208032
1729
322789
305647
378
14615
113032
2127
99741
23428
299070
596
1163
420679
207674
2611
10852
264526
301441
383629
954
33434
10143
24669
21949
238
14565
495684
176754
200974
1085010
573987
395987
68065
40017
54900
43876
257624
314427
511513
35
119966
364864
9583
145749
1123743
146747
102532
177753
28295
506307
793079
3814
49578
313502
73313
812552
323958
28629
183853
16925
41193
341574
30414
1004
86910
18594
880153
5294
498119
106738
484
181149
275257
422
2321
665797
846724
89091
161902
79768
39394
46886
537276
158965
616974
69160
27534
681841
16537
359809
93863
129472
114391
28422
645206
1231
463
206411
421746
613087
558
696726
273
372945
4580
12553
208102
4268
164867
712849
4173
112632
8093
824445
242312
87010
78002
244008
944
166354
212264
3228
1198251
79146
177788
165268
100440
901991
19358
220615
857130
32973
786663
537316
23588
81888
111852
585956
74943
7157
32565
108510
26640
118673
31583
106178
171803
277994
3823
200539
206877
18424
97464
10566
104730
606416
28456
23922
182451
158022
266
373068
73909
70639
337775
9945
670446
4546
283104
296714
17303
715039
20224
167050
300276
71232
27976
197741
9
538040
274558
49577
674810
15239
24856
28787
79142
38965
374062
151931
62622
539045
25175
1062
526210
233206
173453
39296
71291
53479
98214
77004
199551
8815
65004
22295
51990
81556
24755
737488
492492
15005
473092
218937
567231
792
297322
443791
18020
875699
5019
43785
7707
425159
644985
13068
98119
310936
11947
238077
2442
0
477674
20298
411638
481923
40841
489840
113787
2594
402267
31200
17648
462476
79017
136455
630116
5922
234894
30
3444
219756
538403
94540
162184
3887
1921
132945
37713
3941
16370
110804
161369
184947
270966
806
538619
1601
533307
9546
118144
720
583736
309191
316943
28840
210566
195003
42
403590
226127
92597
3525
643
1639
1169564
661
98723
21161
118753
93353
166165
64
637436
95104
6602
422746
30001
373493
355861
461082
592432
547792
362820
100499
89861
21485
657093
107434
567575
2149
130955
317052
18675
357440
108139
142517
23733
69172
411210
17647
42182
45596
98319
8671
21
213137
9142
9
84726
862
16306
704572
89400
465643
462728
80804
244225
94475
394124
155809
429731
202822
189981
157396
180835
262113
122
0
517379
42409
3889
425850
1423
320780
539931
922971
45111
33839
180442
35651
1066
7736
202922
108177
52947
336379
44181
646469
10123
5378
32692
275928
297192
82681
125830
264623
814567
181450
127940
29003
34568
357384
104078
10660
84530
17815
31258
150976
169778
289941
3665
23298
62
57797
5475
280
22584
6848
82246
774509
3380
14926
1076291
63576
212
197794
170684
1108950
4424
877610
240427
1077457
768788
359319
86454
195370
161320
443910
2781
309644
116959
8401
394
488392
10609
5616
32317
7487
148160
52498
85478
144287
124446
32
265673
121336
370560
52735
96344
323979
221416
96121
232597
5113
420785
77320
208051
122
301160
5372
6841
1216439
134352
31686
609223
11777
47040
40771
661070
538
19076
41574
54666
14408
180318
808562
767252
4652
270
451
232366
382301
523
27208
556084
104247
367359
30969
767302
71255
493210
300633
839108
98427
214254
13753
643708
4639
3686
242221
122785
314470
0
708689
740985
336332
66356
242379
37565
48494
200487
757274
115502
37032
28435
256569
75291
46597
308365
542129
13520
818397
257573
34268
6793
3405
27634
111800
3950
4446
50604
27627
85926
1026
37019
250521
53832
410446
216335
62
2624
316630
8221
147
614
84027
60931
386174
560
116085
87501
969808
9591
72678
14739
73064
38051
192653
120415
158331
9899
93739
99643
1579
10987
55524
275287
71433
51570
2965
113586
864588
22979
22526
4519
257374
18064
986
107500
87142
415892
247380
39809
438288
35303
539852
0
2525
117508
256703
267447
4177
138815
39043
25446
133
69801
523765
673557
27
494550
266441
0
1970
2520
14594
25234
334818
9400
864106
363028
173215
823096
201821
232916
309598
18959
21585
126362
10229
314193
426701
99718
69198
64899
836
50814
49291
136106
211484
841661
563730
1711
1988
25492
98663
16695
11297
97810
47829
882
0
215312
1284
228809
254798
726
40319
305
174675
682822
4528
112440
670453
810786
785389
2551
35086
10080
463607
163096
1387
93029
721
459782
1176
655482
743619
270592
143467
24622
450494
2890
138153
20871
4435
603258
46699
43922
66351
1696
41565
73896
780966
81683
728701
989979
2578
98
2475
69222
121730
261
157410
41684
242118
22941
106322
425623
73535
376787
325113
20501
13637
297001
4749
138365
25892
17382
229486
58
478029
174342
45110
74154
333301
196222
100495
78297
720796
35659
123899
5253
77229
179944
0
161234
16761
656285
53706
516862
893445
308469
189950
79154
190095
353499
220255
33707
15398
119
417488
82154
7272
4088
416564
1081720
660104
20475
73791
38073
5103
144836
491057
239563
73
96771
680196
149210
27944
73840
946495
552
21800
18814
644113
19460
30293
252045
300742
1023291
330037
3667
60798
9
42214
503608
14702
9
714740
19148
594565
5877
2426
15943
29
79217
4046
476717
104292
14506
123318
2877
432374
31853
209311
44707
6621
11782
13813
44279
144236
0
524901
105087
380472
859815
660340
81921
546773
82087
575989
472043
274005
98
85388
77548
81213
77478
193010
130487
220359
926946
142536
21642
139107
23642
2529
21939
66273
6750
412447
467616
0
111210
514369
588961
76037
241565
77343
54887
148258
227737
52896
4531
274869
19319
146193
8474
8880
6829
0
257434
63852
404397
78917
161840
7195
27346
186506
392255
324931
164882
183082
79906
114824
6707
800802
26667
532520
23505
520095
224594
280588
43521
228310
59168
22167
900
378435
11899
165702
604173
1440
463399
12835
287989
194152
3216
36666
166797
197344
21
279275
127433
71558
224600
5026
238246
1843
508370
69793
266
308
69338
18712
188452
8692
35797
481239
6586
16407
31975
5074
108477
9998
91818
28124
720895
4305
348613
27679
26920
562
162315
95321
59
713
23765
3022
267418
8436
14228
353568
5224
134011
1023065
11619
299
796067
287
13427
241875
36463
5550
141499
56054
752600
211491
501557
54514
10
38380
5487
207615
21125
24361
726412
315090
257734
155221
85085
579891
266870
204896
64
611176
0
230957
115310
514514
514309
92297
96127
335599
84608
785
649
11854
254512
235326
8721
70069
137844
627
63841
38863
19397
811083
133160
82904
826388
138634
478659
9080
738788
9673
1855
183019
108296
50964
98975
347594
164248
465861
665424
68996
985557
1417
676442
3350
3380
35525
68703
53778
23714
21714
6753
524774
597368
8293
122026
520318
694197
315079
3887
537882
582046
21323
38875
306133
32188
301622
25859
219
153651
2263
9208
329441
280586
745316
25896
275
408848
10607
398890
184171
150280
14809
7127
304853
17826
32055
605671
870607
298911
410542
759663
258629
85540
1407
34836
18519
167529
611105
73487
76465
26472
59068
408719
11363
71313
22210
7859
52736
6642
10263
9557
6255
5638
125601
167489
514013
146164
9004
7823
329013
126814
142041
161192
7740
7667
210330
568077
594520
49755
1164
265778
312019
98419
313189
163584
28896
368
1060
121703
364672
470
80285
11459
4481
833667
16458
119152
1085741
800
4002
334432
42954
5678
1143
376901
521369
207635
132366
44464
229471
357167
37406
45667
67687
2450
309168
372475
85886
9815
324
924078
544355
85012
40588
55240
70156
181283
558496
109349
200
285
100250
583826
73
64683
452231
309057
46678
15126
245287
123097
137
132188
66479
618961
31036
76926
32059
27053
351389
318524
4325
826118
66938
62471
3274
60215
185
20124
33886
661861
868727
116989
74671
181855
307729
233729
2897
611487
16370
29150
0
14208
14116
35447
28408
598108
477947
75440
685680
702452
185686
10374
40
316163
438093
469152
176638
487303
16768
64
78672
91032
7341
762706
2141
33260
488583
43440
524079
1966
137634
258919
851714
69112
28589
524312
40349
36456
222947
1089168
4504
12304
225852
365102
250464
704
10002
33133
3409
307454
3714
19159
124089
51801
273463
617722
944977
102751
47526
8876
665854
653993
1918
199
90040
236366
26255
261741
312141
4436
76093
23916
73902
1293
1819
270
185732
1032
219886
361398
152744
166614
18129
21570
1115829
95
25592
2906
9436
889
611840
6541
26607
34626
87014
150679
63812
25994
7923
139203
17690
57097
333110
195884
939
686683
545500
124
620172
280081
18802
661105
96299
247362
69968
35126
906535
438963
232433
376
244275
16353
87325
5397
37387
474027
2982
1599
27089
440
62348
345976
99555
87203
36766
203563
59610
423255
37021
60871
10003
20584
5904
19394
422629
100923
332970
192472
103575
277818
268070
4860
40426
16782
1045022
992947
79913
87589
126489
3521
2538
2932
369588
215454
615817
36666
452
673963
97
3689
160655
333897
41475
14010
517124
3256
23408
262287
225973
166544
146499
8607
165899
44430
1712
83128
46089
97784
6286
3180
314111
12434
492890
107890
622227
1063097
37642
232
160680
318197
344711
67058
16830
108
4594
0
152616
20187
316215
85679
251124
206271
168445
290769
165364
45089
3196
55472
1056
33914
339661
501856
714683
368295
182251
155
65887
8758
24203
5974
310106
133913
616243
143516
470963
12232
200749
71793
4199
133766
150316
51933
27664
66110
119592
638603
57095
433543
49
441404
8427
26212
33691
8120
36758
389759
29479
75384
2306
159512
3837
69500
171515
208918
10837
108770
61528
510
214
176885
6310
190809
85685
60989
442034
255091
219356
511737
403881
74709
10
701077
82243
363913
33925
3912
166749
821229
20901
65026
8254
108571
24275
798832
205374
6206
300202
6053
126127
169514
412567
95548
23468
347530
164855
1014672
259090
8609
268928
1064
24955
283041
751
23377
195340
580676
836933
5851
251427
197919
84809
248
206549
79735
29
405964
262
196500
1585
1047923
1142
305636
836035
281937
3731
35308
1504
4204
22180
14559
157587
138521
71258
21039
39936
777797
439591
143386
16657
10656
412380
39685
423615
300720
34537
92272
271913
13747
162684
0
13383
89221
0
283134
273041
104516
15479
1103152
1613
518058
32935
2187
9768
491104
164463
4099
308215
113598
345379
4926
163363
32892
16425
302859
171941
2652
9415
45763
702853
30771
30782
216511
72564
6043
26714
2264
5180
1286
282748
38015
188381
234422
130804
196787
10108
25670
683781
72402
1059
938601
4319
77889
64881
776581
19436
10966
400356
17304
159606
3647
608
26771
32566
419555
192840
1215173
2044
92458
7719
30331
740097
49839
2083
5334
252
630
92151
292
28145
175611
14507
25043
1363
25987
13013
534863
208230
35182
41
20894
47322
20992
138863
13703
40459
209806
87887
125723
353
86381
51662
3699
45142
35
927159
230522
3036
34944
33007
281722
338812
30306
1016
6823
86838
44
896530
158991
551
21968
41947
1149881
358963
2313
8862
43553
83993
1039243
45
83990
6308
705081
921027
162396
0
38671
53286
46585
7199
267609
237125
1222
18967
256896
374064
361405
65169
1032
166126
315365
34234
337902
192548
230147
701115
1100322
6691
55725
1327
754062
161666
267724
322369
535957
3127
16649
9749
84
257337
280593
546007
83033
33313
763333
27802
153022
302580
318576
23713
21996
107578
250314
141392
531
51853
38214
38532
352841
194820
5207
29
16704
23722
2412
80371
151458
11673
130984
5371
1359
50272
1023499
54110
670
15524
177767
2033
19
41738
5518
177088
247305
265
790
5459
4005
37352
263881
57777
78419
151886
12132
9286
850435
2051
326
623107
102152
82346
33115
256164
301201
593167
2631
1574
179
1303
308125
192637
65043
123718
13108
351
296886
29544
0
928
9856
995
83683
166783
40832
502316
401697
47185
458400
456152
208260
383637
886833
565504
504696
459
227414
424189
12062
552317
146097
992620
21610
270725
65
146612
2659
200480
7948
373
278336
9007
136357
9454
68640
57284
616588
257158
37835
540
19404
2203
141974
223286
57188
198
105944
138736
30853
531
14527
145722
59757
8944
256817
33420
706174
344450
28840
1831
66
446716
429580
51182
345062
16217
662899
11156
358541
726
57489
58109
40
36
40460
202357
1293
59529
6620
662375
48056
8814
721
103555
574582
45065
349
89261
263141
170357
32355
334711
0
278142
275461
651299
173624
188780
70653
195
9623
51790
3583
22294
23640
321146
269805
158017
46740
24255
263820
36436
340888
23741
338366
616723
33185
132208
16541
409596
105926
30218
290719
24582
970
258674
277559
106
6443
393149
347710
1165115
7364
80903
172108
8669
139615
137070
13886
140165
346594
384827
610282
289740
15590
750104
674428
0
1072903
146353
4065
14479
664037
386781
144179
67279
1015
213547
2430
16897
92406
406128
596
29665
11459
412179
0
245148
102863
67323
89475
1032
211773
40853
408069
100817
6349
223986
513630
97783
243686
216082
9378
24896
159473
9078
587
829
261085
234385
841837
291711
1504
452830
187456
418576
204424
818367
1099
305
167962
304603
693563
111023
10212
32728
185461
148062
517939
276126
18819
368
65979
259046
55
75377
337894
164404
19535
612958
1178559
6797
22282
21089
13628
317
2100
109924
3199
25923
251910
99239
37194
132967
53376
690903
633619
86730
41162
67528
186065
46621
1603
332230
82672
514949
425822
49627
66028
336097
84468
86533
16877
73222
519000
125472
15259
617790
117814
57265
175004
377
3472
256760
11614
216165
305546
164571
76838
855394
203890
273371
118895
72992
18911
434708
479049
560899
2240
85945
12288
780
67326
220357
416
6202
2124
2280
169631
32214
92243
44836
80883
52458
302203
1019129
75693
54354
193
448812
39446
5465
2435
29141
567499
881679
389703
1668
113374
486337
626710
633761
106472
301647
98043
358694
78375
313
3378
464371
17382
29876
1840
105127
95853
335097
333656
8178
57402
650760
162944
6097
8597
17037
328702
2062
377813
28567
3536
424947
398703
1916
36534
586182
163491
2660
678533
311
15756
103
23930
122
10067
393586
71867
67664
200944
19
1001955
17073
400252
98
659875
732911
88372
52840
0
300
19858
7176
192102
5294
81509
221756
11331
529368
36871
54006
22745
60418
84355
248132
31369
609622
1102
356968
208920
302671
3726
737
419500
9985
676113
530896
738
128937
284
902349
4327
13021
395671
85930
316275
31960
51095
47523
0
42381
740
98592
1535
7306
111652
641665
433058
46499
135172
78756
137543
455976
897889
69141
42461
60903
45416
22886
648559
6642
1805
111794
12973
501638
499177
49327
391404
495032
59464
16417
29
108383
99214
2373
257764
1058
656905
676510
445772
18907
78582
76517
99364
2606
6245
563026
274249
165264
107567
567285
6565
33578
90990
136112
117435
371912
7461
2089
13896
3335
261550
349106
94400
5578
782467
50323
434858
522630
69509
12825
240109
820689
46408
500236
128046
526112
72038
0
768565
564397
74790
971738
108320
126205
18670
472490
118950
5312
5238
56157
502488
201998
2645
250879
31839
0
39869
50834
98052
386343
75816
35363
564348
106169
19543
404450
116668
8280
588279
6634
3118
63794
11451
129540
3091
4113
298913
80680
120
428134
175
54955
93450
11032
19558
1941
86314
147896
415396
204148
521191
82
295073
373
248063
193210
7720
45309
706850
190526
9
658621
33457
92959
25977
37791
58674
604587
15877
77716
8421
1209204
344890
1355
441162
13187
102895
184239
328558
204087
20596
314087
501787
226
1062186
130899
44779
140013
2476
16584
20622
16628
26940
57727
46143
5640
154640
84323
518462
524302
171515
44591
1873
176937
155539
456582
332141
256350
37756
549600
596683
468442
20991
45605
388984
774797
253397
18196
108681
188268
9
26023
30480
88815
320071
117635
667199
2125
32799
648
105131
378607
1961
118539
25150
619373
214384
8148
14756
406784
355424
287567
101346
3881
494479
188959
373727
599432
335
178607
189524
8476
240566
50805
1080
85025
267787
7984
65026
284597
19669
870612
6466
1016
38140
160225
35949
132500
79614
432419
281
195936
38117
421063
852597
137618
526503
497013
562689
46097
106167
686030
43348
181318
31277
17681
1187
23342
386133
830684
475232
699998
616757
82169
19
370819
1167670
518095
771
114098
23004
6666
8769
255971
54202
289
298258
635658
27931
552930
1037768
84834
3775
1871
105221
15074
60777
250832
9493
117080
323494
4055
206489
104815
9283
7438
3307
12005
361612
237832
1586
2052
153129
60081
303022
963208
37793
53980
378481
20995
820
61288
302179
20567
90396
252483
373392
499
35113
88039
228981
206630
83104
841387
11344
102889
238744
471966
14707
303602
209254
711949
852096
442216
65311
27416
54277
38540
294
634646
1801
275662
41832
35789
106244
33106
9550
247339
69369
5476
322376
202698
246534
27975
8500
134450
386557
87177
222877
0
46047
745513
615762
135792
26219
0
544063
29840
24559
2919
564451
758
267121
211791
1146
157870
328235
436900
17416
335305
1024204
791
107460
17834
62624
16366
47746
76050
113952
154085
203952
1165
70353
343476
139
492711
0
3880
146136
192049
350817
1038381
196797
2129
35184
379277
234670
10337
874137
20912
9729
723687
1834
222404
61584
7709
17374
333680
509868
197239
241259
141913
146871
775879
7929
54078
94888
9921
6933
7448
228174
570674
22674
292076
8462
865152
79057
179853
38869
13813
974319
419
6491
65561
381930
70670
6409
276882
244812
22019
306833
580854
175797
37377
77625
383222
5878
187065
15880
735665
15143
261724
255895
223
1306
108159
38307
225068
4458
139634
13078
344264
270
7127
169
17944
9367
2220
486
469905
102
1023424
77
89787
54718
705171
0
23317
242226
470902
180431
611
476490
548
64
378829
164613
2477
526285
281984
311846
21611
2474
15827
642108
226955
405232
145376
16773
68044
1224507
210
141711
35864
258066
28645
51021
319980
82743
51105
620252
803369
556439
377068
35830
34674
223362
344713
751
8462
785184
415
172769
2529
296559
34934
111807
186126
705466
39620
1098
722164
76115
4689
50993
48429
874115
19745
3613
426941
755000
432436
535983
1489
946
6868
495232
9873
51225
52905
9166
3704
73673
209965
289116
17
0
38111
911
10683
122876
15692
1605
142831
391096
2066
0
224323
153586
33042
18799
20725
494369
4140
7107
29
255298
396830
261094
216467
37987
441943
186892
186894
362928
28130
551260
9768
8793
783
222150
900623
17402
685985
539810
666257
23525
363262
43494
226782
76737
73626
186965
114454
151855
118644
30859
417723
1020
14221
25554
6523
300369
3459
3180
13734
634338
272087
802278
71761
334556
233859
224363
313645
47830
3242
32386
56827
312598
20872
35056
191693
571102
342448
59389
196541
204425
28727
6462
23550
407402
110341
150824
769665
121159
112995
2316
94984
17490
379906
7440
201328
300413
369253
175886
1624
450329
1719
44761
5202
263685
656515
29
112000
370269
822304
278403
47603
34880
125253
251019
244456
278592
7215
446348
211172
93177
18855
85049
558500
281
109258
191471
918959
56432
0
48272
336311
224409
2435
504416
57567
137992
232521
96620
6510
14970
129649
745
104213
14423
174317
158570
37419
65935
911932
10408
6515
55235
522164
80456
19373
438146
906968
32632
109492
21206
1167
128
316710
110746
4089
58054
159872
563555
272169
77582
1188
148818
262357
105670
164725
3079
46214
34508
175453
163446
843569
10934
6614
93059
231502
368297
136576
7170
377044
45
203865
280063
153668
50978
235316
99133
2705
124416
19443
6730
42512
50059
36064
832737
226353
437858
222037
332446
50766
48595
721173
14043
90664
160200
621064
182049
42348
3479
8045
26368
15659
179194
91596
18419
83388
295394
335820
234129
46837
415
40960
127776
821
10845
16571
102
47268
125462
192980
191930
755097
21100
1197974
196130
5973
245442
69417
2844
174763
26377
203033
64340
399192
832502
334713
2510
246580
560037
896300
122
0
34404
863455
284001
233730
33078
1190
46207
3464
615928
62
591913
51714
24987
2669
76302
10664
41432
67907
216
348467
244212
524225
240123
2631
2610
172
1958
165
52063
882088
165686
8959
35236
315355
8743
38876
833711
15887
396072
576
95018
33383
55783
117403
37815
6002
1777
383091
57578
89366
36086
8643
523181
126793
105817
644843
307212
490809
146345
52630
408172
65276
155560
81570
397189
40865
100947
121141
32
231046
2029
240554
428778
972015
233266
73878
24052
242512
182165
17162
876853
8147
0
59465
47799
8695
294506
38460
378832
79529
21041
208021
2043
110070
945
63712
1602
436338
116164
100409
101070
68454
5674
36082
581
787371
1758
36218
129687
37399
180422
665202
18352
216779
612879
83665
341194
6716
1232
23560
51270
124411
100789
156352
34871
1619
108953
189342
5122
363550
998713
30419
0
37701
4885
1005764
383051
578803
170303
8196
120892
354641
599204
1046
313412
209828
788189
203547
282706
9079
26008
76730
929072
254806
8107
372042
282148
304682
71719
2101
6842
0
28115
13053
690744
18664
270463
75308
180071
545261
22256
243192
441651
489
552880
976457
538023
74028
138330
267145
124763
137764
256640
1684
68649
637308
186060
258707
5155
21309
201329
43719
12196
109154
272926
479680
801276
75063
60366
44284
504406
2149
147
6581
634088
68250
169218
1324
64834
405289
88271
278815
206008
61654
157959
165514
3285
388340
2740
633069
1015510
297001
4470
341997
199888
287451
6845
243
629
654769
2578
7251
27011
142359
6954
9
99492
36
587
68438
55963
37
294383
177892
5162
117215
406057
574
0
139741
103406
2893
23157
7527
134070
2366
273250
198635
165209
335983
179591
34717
755334
39881
1071271
25539
645038
1007
28967
606039
219016
299437
68609
72493
639687
142114
6937
13174
2862
352744
3397
290
130080
114744
638531
9925
134868
16225
41721
1000883
139677
137017
851398
56052
326498
241513
26413
94776
5437
79
286
53266
35044
170937
34326
64
1714
52634
219699
541187
226577
54864
30929
643
102564
3919
758715
112452
17869
706021
9122
82
83924
17349
988297
83363
782954
16752
6659
47276
46602
29
654490
1550
8753
717
169477
1495
4689
34460
165778
525273
640354
27684
825814
876440
261936
32918
907554
3432
1361
435518
51874
190116
6634
121576
525206
150360
210565
117035
768085
8144
75268
2487
250253
789842
271419
17224
201261
2210
9430
74861
438758
235527
33074
352978
726
252325
26534
474
190603
46731
269759
594364
3391
25108
73
402529
96012
3735
0
1092864
50430
253737
126933
10085
22492
15130
47626
6860
60875
84483
734319
4847
201377
37
183923
43146
551972
181313
85784
451818
41716
183725
99147
560791
325609
2033
10377
198597
261210
508466
592118
307639
246212
212304
178411
347258
542018
246607
151379
4032
31589
66851
58701
97860
0
24693
107633
26788
153736
354675
120886
476027
265398
86552
432468
1943
85126
133984
588
435531
246642
863656
2196
25174
16579
11
3319
0
35287
19024
30629
97970
590359
308593
447474
4139
13853
56621
6016
15086
502274
428514
352824
29561
59638
79995
308454
157830
352863
162759
80013
35731
37867
49726
459870
62424
477344
63335
2881
600863
62106
3414
82987
23347
7729
27806
9950
121784
28622
45773
0
98261
248669
168885
483536
17233
225739
226173
8510
314941
22267
252621
82407
29821
117080
18690
1457
303258
2891
168811
487769
4182
11026
116487
124027
8143
696170
110970
39564
59855
89
80
119530
11118
46012
21390
265111
6709
301936
4077
545716
181921
46075
324991
521851
1807
17217
218181
325487
242038
692947
8739
12003
147901
8350
337200
103876
104453
56878
26120
454222
160370
32592
2915
57956
47069
222
32408
27125
57610
3335
6793
10837
324
715809
86703
311
11154
67358
174880
107087
94970
155
445909
165563
87353
416832
203849
173
44437
686726
2640
232537
526157
11875
18181
697076
864625
52351
113340
236428
175708
710594
18
25717
201546
87
104236
44959
19446
72966
470459
167966
96486
1360
142743
25436
17908
19679
53057
266740
266013
184689
0
148
11955
2463
1534
648641
323352
1136744
761478
10536
9588
13122
47836
884504
7160
68628
228683
27846
84145
166879
566437
239828
162039
1531
4470
713387
31332
4689
70529
17742
29047
25270
136797
9573
66691
403289
316701
143161
96564
110486
116992
775120
173538
261292
19180
22379
47288
56763
35212
178793
923801
36986
32687
19993
305558
155650
254
95004
310867
272052
87629
39288
356570
4802
6711
62
955101
157669
14702
6743
8036
202625
16878
421544
88573
171527
51161
1579
256475
330081
3671
27256
684226
23346
34187
855674
589
1548
295
40272
294088
198777
5531
157934
211853
66887
233508
23735
29032
12622
28194
197255
134962
73
10111
735808
17787
3891
110271
73505
68658
9620
12034
5719
594902
98
198253
647549
63585
60517
78060
13760
88318
385969
8405
698149
625215
13442
11813
62355
7992
514285
92592
97749
35466
72
731
10784
563311
17840
52719
0
9945
816357
374986
6649
169243
46301
662033
1142
55636
160552
821353
404537
280842
220077
71968
385504
857278
666222
132770
376207
17093
799408
759551
293
3373
7728
232181
122912
670198
1016453
195945
50164
421
1013115
69646
148226
151072
242715
181889
14408
313899
61316
61476
337173
8063
239726
10028
15875
84630
850786
37351
313091
10318
513976
273443
12348
254635
4393
17
294836
457060
45968
64408
90270
392078
366172
35434
1003008
55419
145801
140989
205
101004
26548
200530
19916
115948
15372
1558
146019
312458
919781
94964
57923
227956
139349
47438
28475
484934
253719
238772
122
12393
124229
45953
60175
1056406
162604
84855
245589
10848
761092
5662
518987
52764
769734
560173
67665
754963
0
60282
26597
307415
555
245099
32779
393385
167978
85267
264132
81506
24757
196823
16277
42677
621883
130403
28401
600467
260424
3181
124949
522904
192180
17435
23928
22307
52444
281115
125777
54
512568
805
210775
304938
135832
13857
385619
677
36676
251274
12463
648864
18056
64466
74144
57409
55668
169476
68375
115505
172030
481446
272990
119
415940
478957
417128
62
194247
9
624263
427950
667053
0
50673
492797
97446
4021
118857
181004
82891
744997
81
73374
210572
589
305615
19821
532838
23512
56503
919004
47358
163360
7666
90113
391
531
648275
15318
494
3319
15948
25163
23738
186765
945095
16380
402438
144887
36309
532675
195448
10095
2162
30978
267484
23691
132210
57175
272187
1696
398269
40560
31335
10449
1435
6395
34123
1318
108809
69891
64890
38664
15789
387904
185462
2642
3023
24290
26113
4183
291275
56545
194356
141703
433552
35559
62104
19257
71570
796746
5065
34258
5335
134763
289793
0
17286
218167
1248
24576
238822
12272
34877
61103
200408
177852
8
59004
469775
241528
158
148058
139630
398275
381763
29959
146441
11576
1128
37428
53305
2262
64283
91070
209619
352857
192848
419429
487936
96298
745097
488701
216938
47719
240995
1067346
759609
78453
689678
368036
821069
13995
588451
868
53133
291701
131864
449
13974
81536
11557
364933
471405
48745
229074
1849
386616
44826
557807
148333
17499
32
12336
4430
323679
168475
496
17262
95096
30628
14042
815999
24751
6339
604472
334036
55033
593040
496287
16980
304447
355371
264001
181513
72463
32884
5799
376682
471735
64389
89187
64566
9849
73930
266680
263492
494666
505960
83226
199432
750
337503
123971
171897
574
948
276201
34452
164843
285371
147271
219376
2044
27382
156658
137454
398937
11851
272938
31763
3852
166603
98606
32
57256
665961
262278
98866
60606
450639
71308
1383
351586
47949
45602
167879
112536
232125
408560
311045
229489
265919
605958
31067
712300
500857
683374
8465
9
20295
50384
75239
3947
151769
440682
338313
343980
309
41540
27649
46298
4644
173752
398121
20017
359112
3939
84579
95120
7480
3307
54910
234651
92
23284
416484
464
44893
200652
49122
311
62823
866327
546189
277886
65700
680
149787
84019
15971
61924
30853
246678
26899
11216
32352
4620
174997
273860
232293
1072133
15295
75763
600
165
417063
1717
2480
34858
11630
168052
35988
791469
116
156791
29580
781
13616
62014
18482
727157
180875
20905
228788
1298
150
384648
341152
646855
71494
8023
41792
134388
201960
1007
206995
806621
326058
55799
116766
73397
3798
304613
1151812
412221
804323
53967
125201
488426
527712
68824
248557
347895
617223
0
12369
15906
589277
696432
11445
6307
75600
675631
15684
376
35090
192
167730
152368
112879
410209
650436
749227
26066
139356
6358
7090
223565
5434
115814
654874
841944
216780
219
381180
728909
593071
40472
5730
246692
130106
471256
91784
1055563
629256
118906
163
144783
3637
500003
1818
86683
28481
17046
24355
77700
195891
409940
22323
0
23534
472827
193360
72
0
556739
183218
1350
69233
10002
269055
7639
4139
249801
175
509761
28681
19330
339858
96853
0
36524
418486
9
109612
25126
427572
19919
204267
140424
2365
115060
31494
21800
384419
82743
153400
532631
1973
234225
259802
1749
0
310584
87186
1045
11466
227816
135605
801000
235706
382
174542
293849
168159
66701
64027
129030
559177
47024
10611
118091
41883
159940
100023
376381
733589
127110
49616
10649
5297
300116
416057
776343
52967
23292
28417
287385
93602
239
19
1306
60733
15479
140186
96638
46013
82961
118001
335558
5569
367295
2832
820627
13716
796324
65558
190157
39560
113364
107938
66321
774521
64087
603687
159355
417021
17822
22571
181333
144674
346921
989124
129593
192967
6208
642345
6190
374267
164994
331899
490227
35
160640
676
557801
171457
41975
771663
34
240502
111599
587220
353145
10570
601594
133649
141121
248514
210256
68858
128224
76803
54156
18186
22351
363494
249356
1471
310160
15801
198516
61225
13459
41445
13429
113231
365826
201610
383661
978075
222187
21990
28893
25100
616623
37383
145199
367
895151
0
214946
293355
33
141370
97420
103449
968392
214716
758695
360327
230505
16693
4713
261708
554661
110001
552164
155337
566143
270701
677440
50890
8415
21942
14366
96770
27105
2173
242862
72
9186
93300
82009
21177
219764
174
47095
125399
20218
441
14041
50350
14816
243124
68372
142906
996357
650840
6385
6795
106471
435075
12394
116449
249764
570215
662615
48652
31518
18601
8
189666
12082
74
69192
214066
27632
283450
302510
5470
13041
62598
18855
69344
208122
63326
528227
47
609252
31005
5508
10394
285241
116319
473552
67219
1040
352238
15947
139134
478170
96538
94201
328529
2934
21412
4207
507758
689413
90110
102420
201473
2614
200605
295697
7478
671941
5635
280
724809
975317
115905
29415
21362
286
384582
120903
131
965430
991168
0
377739
4726
1126
55886
13087
156484
330686
375
44
7428
38224
208213
491736
167724
216915
255043
146789
80887
330209
69416
261610
206205
102767
309782
330556
298271
57670
552820
411864
81976
7872
1070201
691384
386499
471206
404577
67965
94723
100802
72478
20646
7980
718965
612478
3792
17231
160600
385
119791
217
45406
5188
237088
200646
19644
140230
95247
816780
398031
132440
58709
887495
233358
6235
201768
7822
81082
311160
25578
370377
491490
20094
285386
327220
63457
230339
610
7133
59726
219205
13496
48402
85645
16742
82076
45108
33853
14235
186455
287656
3188
11706
378741
80933
16949
952435
284764
719997
91289
40948
432943
367259
0
22385
69364
148972
13283
485989
0
15960
235506
27100
2024
827863
10303
266834
19274
211391
123713
341831
118716
166352
20676
199403
19
447
4838
207576
313714
4080
184945
97737
617150
257
7677
10676
2368
67332
33462
35639
480531
24821
40821
224035
687688
1781
387084
172131
108228
150065
566124
614838
54540
10206
431149
380886
97691
349041
184517
85396
55593
12879
183490
213452
81
170
152164
7673
311862
6170
684167
178042
72471
201961
79509
64214
46608
35535
720196
90117
101469
17585
752327
314564
14299
1605
796316
20725
418
47
1168756
178178
727377
3328
234429
434563
680907
153623
84
37426
77190
69708
444000
712
73772
157216
174800
315219
20195
2332
590103
50554
29
471048
543822
83996
602071
3786
122020
30440
290077
8935
5491
158361
371121
11411
567147
14910
885
82330
272144
107921
85236
4431
185868
258179
0
93993
262992
2019
3814
120436
1108257
157859
6490
10517
162321
217343
86783
333757
549699
187808
80598
65195
26098
304974
25710
165202
350311
96784
136680
227720
122570
987924
76549
482330
29380
358320
2386
20475
286
235435
4889
196948
21693
307102
2768
405436
96391
22966
23020
44940
135240
103102
173653
5514
11001
2978
39154
8230
108265
133377
197467
1002
351821
341321
49489
601223
656641
3189
6784
5069
183194
60141
703702
792306
749142
5006
21146
2672
0
1001576
3689
2733
146811
95441
1589
116047
33632
48002
19130
48451
788
9831
3187
255874
41340
3247
41189
441449
89510
158394
217282
230505
29333
210551
591037
5910
363
1166
167249
114970
408564
107465
6923
369526
39042
61446
373864
38440
113119
150986
152510
941375
33139
41505
159254
88087
511705
496695
2304
4192
324402
380
4815
612785
551475
136894
142327
612173
10830
301002
724878
280352
41706
852258
73457
163545
298931
501895
542880
29877
36777
80135
232694
14528
62859
53679
501545
2642
272919
270959
190
46
28731
92645
569
5103
20111
34346
433781
1709
26876
735950
8057
444671
70652
403030
6623
763417
173600
603094
18256
484814
122254
2232
34075
82877
17844
64480
3846
106734
579472
0
171967
577447
14509
276368
95932
213642
50108
290360
193060
496499
318946
183140
208821
2222
507626
9
304176
569666
10299
494615
276852
75274
76798
24996
1089845
378050
265896
10
78365
15666
54449
0
394397
76167
559794
542171
95095
60242
555167
24537
196300
18750
208656
601
676860
138547
280144
10850
54529
574565
29600
55064
43886
214
206231
4798
324928
502713
752836
117430
213945
330079
171639
11101
64681
29709
35
70
162365
54
227
152781
389651
33048
265684
982877
755731
1114
270362
255647
10570
710983
110267
369530
591373
30061
21637
382043
107320
15726
34947
780673
20203
356003
8694
9363
15515
366806
6045
86289
148261
561720
424705
9578
22049
435
19
415389
447581
14279
940423
31279
12626
268486
136922
54738
192832
272716
93827
67689
8227
482446
200888
150654
426560
55634
98613
85565
227091
202574
128422
637
271442
793568
13390
249364
273971
298866
114035
39029
83463
653072
183909
619216
97899
105957
46595
60552
679961
520203
99805
10953
9840
2686
514
32040
280587
269885
968
169565
459245
138317
55143
193150
11646
32356
29252
2242
37827
813
27735
817131
1909
570367
299498
3195
8977
33
81860
736143
31210
0
7308
5016
30607
17984
40656
1040
472954
370188
43897
4203
305605
36986
66
16881
485075
60508
301320
212145
764098
82288
24376
1703
40528
50553
1478
107175
49100
5029
398919
3902
2553
15634
476
20758
66866
9222
152850
5266
21736
9711
4758
554823
43847
153271
152139
145551
58151
5951
20655
47202
136495
40773
26845
0
28642
15643
185143
593535
150427
273682
25096
40444
0
42703
388687
35071
668576
267416
33586
365775
11389
838563
420202
361
82475
118560
0
6103
31685
993
194012
534669
705641
849091
56600
14155
105708
464075
450322
387948
99069
475948
300032
2648
219688
85996
1990
7232
61380
1006
272828
154313
34522
34489
529396
501588
403617
294509
182234
225562
37596
21801
431
200104
82659
10039
346028
33283
305918
3424
14214
29803
544
18626
23604
54867
0
582447
22303
8078
890743
785944
19661
372513
6935
15749
102992
1221
66737
37398
55175
996485
391358
524245
11161
891746
1125015
191847
278877
298896
246493
496793
44
290856
87686
933765
519723
6634
6796
422269
12818
91039
12959
33034
692532
8805
144882
82918
25285
25979
22768
9377
743019
364747
436182
93557
17004
12661
458524
32070
19868
3585
171644
25294
324796
324338
6546
811
550975
246312
82423
267620
33566
70349
10098
197370
451215
506979
113118
48179
489247
151113
2600
339647
174081
300181
5419
33762
105389
7618
6117
299924
550510
4034
69422
6854
407352
420633
406959
14902
691262
368970
138
216173
149014
75852
84219
88383
17184
159532
92984
9861
275578
94585
173734
10982
281728
307
50659
28749
183448
829151
658321
160267
205761
185687
4468
17298
13545
335734
8152
90432
35710
181659
874526
148438
104743
157
1019064
369039
14147
175258
166789
89871
34295
335538
44104
781915
445
418899
210891
22242
9738
861919
432845
85585
2942
33454
11575
206891
56864
28997
192204
354586
228088
513112
696314
18281
1106
93249
240304
89655
8683
177042
21428
13773
474695
30027
66
58591
324870
103833
44083
1814
10944
1722
60507
784
540825
55502
111110
137275
185120
163619
54135
134415
103643
679691
144567
27446
107267
4849
3497
1216886
37674
284921
132286
158530
47954
64
118725
78153
273329
39771
41477
2960
203596
3987
320946
46890
351747
31376
225594
263714
150225
168499
103334
708559
62033
9944
33898
0
202050
525365
12995
34712
63753
129595
443384
475078
44171
70261
139885
75825
732012
2156
1071453
208333
175797
97590
206221
8409
126366
609133
12769
638621
84735
3363
316
25713
42957
689403
16270
412
20368
2083
13638
57302
827
416804
134796
198696
20125
808802
467131
138615
269
16507
316103
9
545623
38389
8769
44030
1134076
9
19269
241208
0
27775
684729
53082
74854
12907
2469
234949
45595
547670
8248
674
190114
941819
11865
16805
214457
8716
159209
558386
370015
201617
85052
553662
132783
19625
140
196664
271556
125337
72824
116408
235949
595796
55372
3802
315432
49894
4278
194437
19622
476080
1050887
189681
195902
300064
25776
4343
278483
208596
343061
618250
108465
49906
268235
21666
133420
36198
9871
209165
93393
8
19952
122277
3045
656750
284141
308065
691457
0
173048
13960
30437
246130
60528
910
65179
569082
966666
334391
825935
259977
698289
707
665972
21440
487726
154707
7509
931780
26874
217399
331476
96027
82212
619
88327
238202
6584
30453
7700
231885
309265
91005
54609
40565
1293
410580
73138
136411
288094
31165
1380
130335
3266
471304
89847
20140
643420
28606
124103
100175
258340
6630
49363
99080
96039
208148
933150
124047
341451
6070
83767
289674
608240
67380
116213
66327
47455
546366
115820
155978
206700
245246
163057
353556
27348
33814
44444
319648
555275
1675
45358
16060
45963
113010
52899
50073
15343
9918
501
43989
1290
159020
973948
2629
327181
792454
25509
72248
198240
421463
385155
10583
376018
1837
112591
27035
105402
174739
103314
158
151990
374381
112680
4036
73545
83801
853780
3642
5507
73642
69145
232248
1965
44309
340459
10920
351348
289317
6861
131302
4116
519204
147284
36801
121271
274436
815
32423
585485
627212
2213
21463
9171
89
7282
19723
39336
4297
17
756952
3616
918630
74995
531312
27312
385
392321
57170
22084
70125
17125
52462
0
53166
158
125469
975
312524
3900
334492
20466
15417
151329
494
279717
647410
378535
639548
4023
13044
453
221
28966
174972
164570
931507
305064
135616
232310
2830
52135
83847
73808
297066
352904
0
2000
118339
367098
52194
20022
434044
2067
8463
852
137208
969346
49685
17
3689
158268
174290
532778
47890
139653
398601
38390
347041
279317
14741
270580
2096
318471
83262
13107
268067
3340
10909
11967
103345
725
7957
2790
82281
553620
30030
10169
112158
109607
34848
120575
145577
44027
139111
40338
357184
22363
293980
1522
186085
585935
380567
318132
11074
101795
402037
0
191196
31265
1218
147341
92208
94829
2626
69
30670
358313
249135
29554
135958
149313
1360
319546
1037
108321
0
56934
39563
503376
10929
537275
21487
784417
688109
80911
333981
667093
152357
1136516
201279
712851
85565
52
180487
353723
291207
17
107668
95516
24380
16958
50422
6371
261132
10398
28700
148254
109485
5408
1256
0
13933
41
141578
29210
4381
277099
36090
168288
174195
983952
230893
228704
56348
601616
24961
306270
6407
196413
57783
118800
908266
415283
457226
1025
273
611686
732356
56164
1833
504
466929
30848
572994
180598
270925
47123
68041
403860
78145
1148
82525
672181
103706
13330
458574
87956
219468
305568
0
229434
307113
303983
61871
190064
113467
437641
288006
544839
787824
202297
294589
336991
54842
12235
77508
247100
434344
891
40909
266
326810
73141
38101
31969
273755
24056
438
46739
134
135398
205122
23603
18537
144546
142764
202929
183803
221391
200371
292457
101377
149467
671906
747833
0
653
157176
764195
176015
250822
5754
695772
27
29
2645
433350
595048
900995
187688
121537
98193
511173
146
98358
27102
2068
2139
133931
588867
663072
96
231
57515
613082
345397
252863
130283
208120
944426
62004
170453
2938
1041968
44109
416863
4702
3570
92
156833
472055
76455
265185
680082
345932
18589
207463
14384
62853
303971
67780
12627
3582
81021
187029
489475
59047
14732
4245
58885
97
1578
5815
783073
10482
132666
64982
3124
3138
114609
209333
141787
14415
51649
30041
17775
13886
54
100489
90
1160
746017
37
23277
42271
2341
87
423
4070
144975
118881
629225
40507
10427
42845
236185
646044
146244
641058
14434
0
219583
39341
89532
149945
627127
91405
305
1066433
116000
252
305929
80709
369192
53637
75355
134284
284487
0
314017
33336
7874
10987
353
153522
38047
585609
376209
92910
8534
377214
169
29192
601814
89011
34340
38842
16485
469709
20689
316074
341173
114318
15911
136303
279040
15846
816198
17646
575180
236979
113988
8428
224536
31926
6595
5972
646068
471838
33132
476970
1041238
548722
203463
60983
66117
103188
190918
53673
123705
336730
1921
172279
239226
417087
491797
164865
187521
276123
50237
1404
80
267818
101813
59939
1015
712220
25166
239960
191446
42480
192
5606
99667
256373
15793
202970
32114
308972
286748
91685
186461
2795
92971
993
91341
31949
581868
353
638660
1028650
181
211011
6405
164181
186670
27038
66
72139
6784
1350
106426
479
41313
21649
91645
57640
138992
397553
279775
384925
73440
5971
971
27135
362976
533865
267
47
112518
91389
642597
880770
375621
248577
21509
44694
25230
29054
15928
469728
610025
16875
1200
157782
3929
426
212882
91395
123
929111
35979
13671
178194
53509
2838
12410
415240
44172
33425
41249
93377
6386
9196
65587
5642
48139
29088
978371
51040
708143
194375
102403
693944
2316
74438
471201
84231
232
469067
371142
32202
218
41314
246950
204863
819131
3339
686396
360785
15771
343821
25427
189861
44144
306999
94005
3032
276159
152603
594245
30957
380575
48630
767418
62671
62973
7725
1357
99931
149930
193440
903875
3568
318601
4844
20041
496
16704
29
16193
233378
172739
234096
213756
454020
2016
487536
53724
107469
81945
17356
11550
106868
320770
18906
679824
124012
408
329539
110
7865
36190
1353
603320
148762
11088
427656
400037
115816
266272
13399
306521
364791
16168
264564
55227
51944
120427
79166
433896
5176
915
934380
389639
17811
57140
78968
1046195
626832
24372
186202
9901
278386
24011
1240
21171
253300
509377
6295
87
1285
87082
48146
14801
51456
91463
1448
1029835
41654
663093
51764
95481
54729
27830
644727
282771
15386
702546
1073456
30952
139179
2394
487
312625
1904
46186
16997
170246
688868
37
0
3905
804
282102
539
1382
747145
403133
24085
18077
61773
23030
75018
535319
1489
282856
663
140099
61586
230358
237196
558073
1595
116144
234879
64742
322
4922
88628
265327
1013765
651361
56111
322385
234395
22544
7308
39954
558
645764
367
184173
82113
490952
309044
8827
68654
567197
4212
1091
450791
56114
101942
276403
214352
63135
46342
6735
85332
154948
22587
3595
169770
565455
192282
15504
117539
12333
569871
338577
2135
1552
541582
114801
15365
79514
7533
915648
188020
428519
68296
384628
15459
116303
436132
168912
200803
78334
4026
254161
321967
401509
8939
895704
42432
601924
15300
31529
572411
93337
77771
52917
277884
885674
4531
147400
29
9920
86692
219805
7380
6927
0
6933
626251
302445
12638
10469
346191
124181
207687
48969
97939
89928
68175
144235
46639
250705
701903
357329
26991
10910
5971
22661
3264
13599
30903
21728
2602
5249
2834
97097
48490
32523
17872
2269
216783
167078
274
389527
210709
339083
30168
802606
97591
151219
604816
467187
168295
35439
8754
331918
697834
499686
9735
867172
429978
21395
115454
59327
16879
17764
195452
1248
467959
194699
10633
16196
942370
61052
220
26109
204685
173212
624305
17532
248057
331873
482546
641266
0
3006
1457
395297
141183
312948
46287
10113
38809
843481
124293
92290
46265
139034
616003
849
310874
29233
111393
615899
217673
146707
23984
1060697
333829
29896
59798
237821
759987
579343
433103
20416
338142
86589
141445
59549
21
551234
275805
3237
76547
34
7486
11170
542844
19212
677
223426
196764
1148093
13231
996964
708263
517900
3305
13636
253062
217213
330137
2937
209194
893103
270090
608940
165507
71465
355049
390471
226368
89242
8438
232963
304496
29570
422
230098
444943
271410
210226
29631
56956
47108
24013
3949
506303
297057
236248
198493
642153
349782
41172
5583
81336
268620
91243
199129
169867
31107
327
8007
49192
50327
242691
603799
134481
435750
375
540018
34282
9073
124726
187872
584221
5550
204903
770
181450
94574
457095
674750
263664
82
284256
51680
61732
144558
65947
58155
399607
984
9238
32884
34757
642810
595495
8190
448487
842
30559
36192
19363
570559
50289
139133
17732
899810
175119
803111
183578
700307
299496
408954
973
467527
45232
18204
242935
569955
28365
116255
122836
32820
63539
271786
404496
507615
627377
43323
64
211161
439901
898508
45632
50623
90010
194858
141301
50542
33016
1060077
1698
209054
17
9927
34862
11591
66991
763580
68884
16106
61880
192710
152177
349423
0
444218
439140
73587
80782
392035
72
119065
18395
113406
94468
792084
616
9733
319443
81054
126569
41361
23733
86620
93829
363995
543898
468469
54
32148
689462
493778
1821
77424
8032
32082
506963
60150
371430
186806
52208
66343
11795
33815
480655
188393
356787
363
613837
1975
4745
839951
14057
11359
660567
3072
462103
636175
512121
383421
37489
37097
1836
15
5053
468161
5125
482731
164987
384765
262467
14141
2406
283814
787
19487
84553
22796
26
326187
321405
4948
921718
2101
37578
795263
32295
10077
8229
11828
9752
136443
242864
76152
203363
319134
374
585938
244233
38987
242736
26878
87562
95461
125212
575407
16637
89149
1750
254677
108437
763
4361
5612
2618
118382
136167
560
455653
390344
76873
64584
248
153314
178774
62276
100
90
844885
10469
54645
9446
336035
105444
156012
254218
167859
76448
29
291153
2243
19881
155680
311633
8496
59799
83803
57149
16845
29761
29388
244828
3190
2498
254202
113109
271063
417104
3178
9055
99789
698017
117605
180645
52085
77145
903153
521808
39
748003
769941
9
366846
58816
194248
318673
3509
511433
91236
233964
266380
427584
179514
9465
11002
171213
616337
828
89509
46542
280257
10096
4827
70802
103925
816738
1717
266874
13778
2579
102262
21477
300719
429128
411644
230843
141766
23453
759759
458076
892216
88230
5040
13069
523970
627870
50997
423338
131344
6341
9307
6909
993947
592615
104839
401817
432205
829250
631692
44167
9529
861320
99604
17473
49787
100444
163067
62338
448525
256746
7324
1911
20705
134532
898
1031
255082
253122
4460
53016
86615
238444
302412
17201
598099
26934
389480
18545
123
53271
487327
0
145014
24776
78196
6694
194
269972
11554
302576
484507
2269
549757
33120
9208
3347
9713
491036
259192
3158
9325
2722
76909
11676
16468
305907
65
192331
22986
635010
7843
129597
12089
315643
232170
320326
35233
227916
210899
221462
37326
226186
49554
782838
10590
229915
121009
561867
9846
21027
25889
620695
96563
303071
67701
479108
268
49177
12971
2783
3664
275751
159560
81339
215554
0
3687
233
209187
450513
28653
1154087
112694
12867
54182
343102
56339
7513
70124
122031
736885
181814
89994
110700
87716
72683
278993
16263
2208
33482
326895
142321
480
278510
81829
9688
39583
1077521
861569
74542
93884
67080
9926
331546
665864
3517
415
342540
23165
263918
63018
127
222978
270684
0
2010
49741
1074289
76341
509496
756181
26
101587
53526
28894
1140
392460
1883
396180
531934
519377
303605
230719
124342
86738
174803
46387
2241
512647
7512
178154
143235
1243
267590
88220
424666
130625
10546
821865
30258
115
11980
160465
49072
2788
113807
47322
1010677
38546
227517
40
575
972690
10703
11188
123013
2524
406703
31635
180131
106604
548253
106922
134657
243006
472423
7417
60033
383516
8412
38
310729
394673
50978
137242
623771
266200
356870
36
674
22073
33588
164
11906
25
211704
19698
1059297
142835
132947
51508
17019
108500
21493
730
374136
3196
468629
250361
435979
10300
290552
340841
120702
2138
11725
1938
586373
379204
483690
3353
290908
39539
176180
5398
20608
252368
49475
1639
232591
15941
106238
137456
48868
138545
672
661809
1028739
106267
862606
17084
551657
641949
3096
3640
549176
9951
19
184
69179
98462
106634
875911
139765
16865
411433
52267
84196
11783
188034
151138
123278
785921
134
150603
42229
459576
88676
51302
96189
56076
96282
303008
138141
7605
34043
351851
113022
51666
613950
256743
131893
54864
309561
1697
19337
27470
379289
160316
261532
10566
505028
152830
425480
297584
116
22869
47926
54
378861
55371
127896
636
358369
4199
690899
155843
293136
5489
1093150
120359
848642
35490
75971
24518
89323
2092
32995
703266
558181
31594
181578
118663
157307
588528
169167
300
126488
8700
47508
45369
226618
72529
5650
861444
43340
278409
97831
26829
27999
11540
304757
46033
150390
413174
26770
4195
93373
97373
24400
6420
11170
23367
397348
127044
234316
897
498579
7930
8894
271583
11686
313838
29251
25305
164630
1248
148118
11138
131216
366404
256649
22649
182138
985
266725
490506
354942
118113
302679
652805
649854
144497
343397
1805
26451
528
4038
118392
35519
117211
71261
144044
56856
11415
8
67219
1066264
175421
396458
44828
840
44951
23130
547962
99952
314436
310612
17276
974118
113769
132920
148110
476330
105403
100535
450200
42905
45635
38115
42241
7945
16820
862696
453111
111501
5010
704275
154517
880870
18
13460
776923
376526
158504
30926
11881
76023
682638
40045
91081
0
268303
368431
71170
286878
443595
17762
96647
20903
114136
497545
101515
901370
23795
616011
4500
33859
932741
206344
206474
157132
8470
67145
1171
523022
809624
344997
572
50622
268334
127767
480885
531645
41040
300887
263
132580
41488
29922
234608
470440
278368
134733
294649
363382
41534
4125
607100
465965
251832
250707
14939
68044
146874
1082619
27805
828540
19996
47471
4317
77760
66219
185
1826
10876
310
4481
76497
794517
737
41071
79316
12876
453674
396059
38116
226817
77931
4527
315959
127098
44792
47042
242097
94475
175543
214751
10903
292635
101815
258286
243238
196740
126970
2224
7187
2950
57562
265
205673
829882
966028
346103
563362
1387
676204
17245
37105
112368
8491
245690
299548
111036
6140
19460
103192
374051
52542
557400
54901
33439
16919
11730
556441
61899
175951
414973
5634
5066
8633
12699
6615
0
200317
639363
43327
46214
558644
39623
148789
20
61302
848648
320778
44914
85002
11305
185078
789641
552169
49970
7102
24632
540496
18876
511004
154025
1953
163763
257195
4431
267236
49
5362
180
80601
134097
8705
2314
345111
464177
434815
330614
82070
114245
8816
160143
54
166783
6235
1157
17336
111830
7534
77134
242931
152253
1035321
13706
493990
562631
111671
658611
344906
244303
815
90116
635724
48437
404836
338176
314775
23305
98350
79471
74281
158593
65226
589558
3241
48785
210967
10239
76042
567487
66878
461462
2011
3541
10
165615
48598
147263
380101
720
1101
136460
1109984
274092
602791
622744
0
18613
1342
230078
17658
25696
17714
457771
1873
170093
2128
6185
51576
700144
46
16590
356429
198079
116647
252
16226
270091
352048
344831
286014
1100958
88456
44816
545054
64551
945841
80
19811
299
0
202407
931217
498868
8715
150077
6173
77414
259165
24042
90
2630
31242
793
86386
499747
10301
2439
103758
10944
374762
4100
110079
91117
10319
39769
558395
23951
128278
12213
208955
60413
205300
19928
1950
53844
1109717
16449
32504
37077
397224
15973
42174
18989
37130
289661
5783
77901
217195
377843
1051
387906
859076
111944
769300
25
178078
423
13367
281912
166070
388488
442525
46685
628756
204034
469003
570197
20951
658681
4245
418980
182026
687503
7223
11012
3966
87073
298605
359722
1094671
125521
489
72164
144997
774
267221
243517
374493
241808
16476
198112
147174
143196
859139
556538
43159
54
106
359598
75211
9647
915095
574854
1006837
154056
34399
12165
172
136477
62
74212
211247
402
14382
189451
328351
342801
882622
294865
17311
1358
217910
56099
51122
246978
20758
393
2502
349998
15851
329622
28599
70762
1584
798456
111500
3264
318019
181275
5792
91508
271872
14620
2126
706769
107301
277143
160205
297324
335475
42268
63425
196521
39893
90955
256460
338453
15413
9066
99053
55932
410453
31108
133373
126181
319147
136
374885
380
2251
16928
424
278594
536926
113676
1770
139652
93
131634
549175
121898
14275
394299
100980
514490
74739
757140
57116
388583
392097
409653
656475
139593
55718
21295
255339
9368
24858
685064
77167
490
17317
15388
17357
40580
239737
673
212618
112741
16173
541365
15071
88850
690168
879448
69
66501
514
4996
43498
125015
875489
869
104259
11713
386721
188
77994
1498
673881
961
7841
860708
374761
6075
268362
362524
138795
73535
700033
183938
4681
12399
216280
227391
52898
351703
6940
318652
9224
920614
286991
530305
55132
443304
19764
184293
46494
557981
112938
54635
70643
49778
81101
448200
17284
595302
96473
3724
57236
117088
3020
876635
11092
6435
50697
216953
426804
664542
840058
265662
13161
401216
1433
95803
178462
31006
190785
456
18515
8679
733518
12454
287099
168170
579415
105205
111243
957703
838310
68102
86449
83693
522028
474369
23837
4148
13605
65076
86074
26875
149311
84278
263
9684
17892
294803
386
15803
127035
340921
34264
55164
28449
158
308179
165033
362666
115273
38690
68944
251753
51580
16685
247769
4790
102402
328
959289
401307
15938
32350
7288
34988
660371
843267
31743
560859
535241
88638
169758
570
44006
656
117695
854120
204341
48353
388999
494
2334
689725
10733
90421
734
46902
690501
2316
2080
424363
18790
423780
756123
184491
53570
361006
51034
1981
37733
5951
558764
42028
77697
372155
417748
628912
168793
179853
186246
233840
375738
263944
136485
1959
9680
198010
282966
1171
3067
10307
486383
885932
120354
185882
136484
545466
63431
13455
1128059
21516
7143
30349
650207
98
999627
138
1032030
482644
75683
3642
32960
266202
3269
155939
27413
594596
6867
43126
14273
234752
541162
72108
238564
16198
77609
38117
174049
69
641838
38
493545
43248
14379
964599
58430
266758
22294
40711
35392
49426
731831
62944
2694
15095
350001
19593
1304
3648
9256
687854
105462
194711
304909
95133
17221
11814
2107
98340
102035
0
2531
656012
245785
10510
80
1386
80627
1217
396659
7403
957959
7221
246314
0
389626
6045
900
36188
798265
73008
532963
68704
57058
80158
158521
44511
28364
2384
24237
47404
6866
520502
353764
391161
180738
302551
2584
109076
178664
37667
39408
910954
1948
193352
80108
198736
164014
224595
21334
7379
3692
216381
25566
82091
370953
593633
85765
515424
29632
527493
1425
22969
396758
770
3970
620
7003
42039
3165
150074
284463
14981
74547
16340
36399
4312
30108
225109
16301
68983
632090
1165667
277708
53571
732101
841334
272
17
30568
0
486
357459
14718
109
52183
3032
5689
33546
9791
1043
22892
14352
855792
624662
71853
51527
6282
12198
12754
659515
90572
213837
29908
2776
10
155872
120244
229
46617
582317
105860
275005
319626
589395
338237
41
490122
562
110698
325785
547
400514
68894
19568
81
28749
282792
72895
132166
113306
37196
78153
564371
42896
269
36294
539948
437402
282701
7089
309229
12284
49691
62295
112342
95
464244
126996
246965
3178
519007
1596
267
21702
54023
23943
411077
0
338110
39577
372409
442404
248355
55220
14818
285322
11569
6588
48253
73142
299290
46645
83480
624552
1103
110191
45745
263154
79852
211168
555872
810547
226446
4115
491639
66631
251153
3882
12750
413509
3308
197196
10
210648
411
418797
116865
1751
77827
153584
168640
363804
531827
58879
24011
2614
30400
527475
2003
188555
53156
19
408
29719
125004
357615
44700
112857
52032
458653
246465
11989
204232
152342
56623
278835
394536
51061
76596
292519
52421
104218
194609
8878
26581
13754
159474
326331
619924
169148
173519
691
29712
188777
0
17775
10
48535
19731
500286
410
463
9
215252
7753
151054
96742
9563
7898
7476
10098
41388
638324
301410
519299
18619
47824
650193
129333
511790
275475
9
35
964450
52876
413982
50131
13117
10487
179
0
339416
2494
0
10089
1511
762315
250268
71
806501
191314
30751
35201
34
1871
29
11919
576945
86507
178438
112605
188560
685756
25912
55542
500798
37
762147
503071
486019
55897
187924
107376
988209
23146
223830
160970
159867
604433
48454
141802
20319
79190
418458
4253
324734
6664
279363
369072
267
155
3129
4330
450058
69770
33292
318082
65993
76643
424362
9918
75346
139
103676
69609
100806
157201
90638
99215
493403
2346
71115
84815
446696
31562
93220
8035
12631
36592
19922
726751
529783
1164
230530
344510
483127
11146
21828
0
16756
27563
583397
1051173
2467
10856
570022
11425
651606
11761
829586
52197
4149
842865
247281
100810
71298
267262
229
43270
254481
6539
128837
336280
20888
603077
280124
571
279655
121252
146698
100671
590407
250211
526345
12974
28999
11189
60462
4790
95961
58765
38439
1420
282689
15653
575068
123782
812
3677
6177
120027
291094
166
747280
96029
3462
26356
39877
9449
7714
9965
102132
69158
254
68098
166189
597
12947
627740
475
301747
227383
140649
451583
158675
18772
168507
217644
15807
26751
2865
472599
15026
42598
96360
53624
213590
4529
86084
228320
33484
28147
117845
38035
297582
119408
281549
80879
56056
24819
405987
4850
262055
491820
8813
45733
350
122429
134235
119539
469383
293
1413
25125
53943
277952
49998
31317
433268
38588
323369
42529
4818
88322
957101
162991
13779
410500
95030
270365
102237
35605
26701
16431
106853
156579
27235
545585
172906
1110197
6808
417418
70932
5081
14001
297520
17404
90874
125494
19082
3209
569807
45375
216453
830
41276
11992
39083
1011240
45448
1399
65068
19317
637347
81710
23483
69434
88355
437733
168720
301609
320860
59443
85405
255562
115520
6185
753000
203623
223086
80158
437725
51444
1735
21074
48348
363012
29995
38207
338139
388426
23691
893
63240
6409
84283
147846
19511
182223
481407
134921
118392
95590
757508
12658
20076
448012
144194
19349
324818
7524
15229
16699
246
353024
9616
35328
239991
796
9465
883
252358
140783
584
11756
271410
107970
16179
381877
178944
100073
511270
39965
46062
963
214
154027
85860
5576
156518
4877
22205
4190
33929
88496
750
36373
2864
952751
91168
2963
298
1349
55289
146437
295159
17166
29836
497728
29
84275
311448
9
101246
355466
325770
107641
64082
20222
177065
9
23313
784695
2626
275815
621141
7861
1068
215293
2257
204856
343065
109816
86655
11984
9
231893
206414
679409
113161
457860
481887
3205
524612
367742
108769
13599
2914
2620
16523
356730
605927
175903
456439
354841
706746
861633
361244
924
43275
3268
283085
13180
190053
28184
70835
37408
35069
4693
185378
96554
141267
25108
184816
2782
212608
536516
53258
51311
359280
55959
775
1624
305104
442693
254783
348817
742103
136930
17052
447581
69365
65216
56715
1246
368248
107094
60508
30643
10209
342328
530
34
3323
9575
832021
78012
13587
42319
40729
560320
114388
40
308962
199939
57511
6796
15712
17790
155820
56317
179878
228634
80249
142123
1314
17207
125793
39375
30028
62564
868319
785123
547833
238696
240643
270102
4731
203786
120621
8384
45301
580860
409181
13952
26345
927062
1096987
10648
23245
511481
27681
326327
13735
178048
121384
155944
351324
15694
46084
4516
2484
85920
173138
232284
234394
290945
206300
5086
21904
8208
622253
917008
294919
163920
338134
8973
380211
249107
624027
136685
102668
23317
284717
327226
18448
861857
130
932
9298
1178
26500
6498
65873
181673
200673
257322
41722
2135
171991
369619
159446
6942
531882
139286
232351
284808
156
229632
896978
77186
55
347116
789626
102688
8511
418
786020
15439
127696
82791
19815
38867
18979
656877
359000
73047
172327
233422
68445
458760
11966
328
292896
240125
759956
244077
66428
177614
754986
156593
412111
379436
155157
241224
661055
471661
603853
562348
32627
263459
101132
46192
968867
3743
57161
1920
334947
599511
141798
47345
13133
233783
330021
465229
927851
334868
30280
66286
418706
145788
1010
40062
22550
56326
21586
95009
522
1093
124746
96181
105318
367769
480624
203824
34470
1866
10890
44628
320503
370297
409514
200394
10220
48734
161628
47917
328355
486817
318786
51212
12540
3375
590031
220228
947578
24593
382195
239067
612566
99051
309607
222
34361
2611
457002
32212
240260
95575
122415
240
28984
626226
451523
1577
2051
154426
555
0
27626
256575
83746
151687
115359
42768
86245
50611
66364
13576
21655
447228
224
33500
414547
155774
239732
1825
401570
23304
812063
585111
2130
286578
60497
3147
23996
466054
217962
849517
1218
34167
38726
122329
760168
37620
397105
1277
236934
149825
131430
3237
255996
109589
527
101473
151335
244936
64390
728297
59689
226619
468651
599722
1119534
1061548
7800
244318
327974
5461
4739
317856
296465
122912
20819
574445
433644
4234
100443
0
93315
171239
9264
44870
355473
9249
150700
104826
105561
403424
13744
21258
9975
1943
122967
97871
102246
3858
416366
64617
217892
4456
658587
81168
89534
630772
418228
88575
25618
461913
897
103590
51720
434063
439871
490860
295344
252
87900
658572
29103
9885
127
26759
2121
25305
47930
4368
676017
150736
977870
212872
435870
490651
109081
12602
23390
11750
106881
130041
40012
29075
648566
62816
249014
115124
220910
589793
128290
412748
311
23897
190614
43164
29185
215564
186945
740115
796459
705054
375889
781695
77747
1657
25912
87194
37770
364818
876232
994
2908
5162
78562
50047
14923
20052
17764
28950
372729
44188
1680
5103
554426
3683
61438
87916
113875
82139
18814
19627
45009
430
317685
21654
60980
286723
10002
5032
197763
9762
14231
30872
296612
81497
17390
252705
764650
321809
26879
604349
204705
214920
553988
173695
194
749243
55314
29843
749168
256273
1120383
246284
519603
11231
2880
11418
240882
47901
222163
338078
5717
13914
4890
110601
380
28972
72207
105274
231600
138656
103720
110117
303784
492887
109011
161139
7701
306632
4060
229034
27908
134404
11780
18446
1040488
44557
2689
371451
531210
437505
66049
55649
256100
36461
285306
236720
15533
2198
373961
10386
44615
234522
302712
182897
212512
102675
401013
203922
1003447
806913
80099
168
126941
215398
63897
15014
193437
1051202
7117
67454
404023
593418
77981
773
2274
100197
340056
6610
41
199573
50206
467939
34734
22063
435038
797214
23322
4819
123765
88993
280258
6447
214829
761755
1628
93756
665
271790
110917
27899
444358
638002
1210472
104658
75223
18244
46209
101676
17198
839459
134346
8832
242215
10666
27
327185
2682
1335
50084
217674
2708
23045
4386
258543
160864
38216
1245
288148
328927
96470
43535
731
12109
125080
176738
89361
22789
19415
97281
101491
5694
170232
241393
657960
0
38679
288780
129604
64066
252477
2890
246639
7034
3145
9846
6482
44598
15413
1157
304214
358413
649027
12241
4398
198347
28771
93238
867324
55871
802
238796
36506
28203
2732
31
13781
446139
849072
815339
867
85808
2208
63
65289
999
4744
1142
692876
893952
176403
143517
146
7841
78975
30297
10
16240
246568
201075
189027
902178
718791
42569
53916
1182002
316890
6227
42614
1066758
676937
1056994
143053
438529
34303
180693
24902
719147
472745
211256
594452
105063
522608
121310
124244
72123
763305
684993
120941
29203
76749
131721
7
38682
55832
5475
62504
311
8647
8574
51909
93811
10309
28333
428381
546159
464595
134321
110167
255967
2545
14150
259254
374280
6934
344368
117233
63026
62737
92349
11045
254550
34893
42352
332269
12795
7906
12584
7038
278891
337681
462683
275495
3110
15465
72457
949514
297115
108124
11333
45737
145559
459198
165385
99922
576287
10036
43179
2846
205394
3513
58
2796
15157
58391
66934
52038
142183
586957
193429
126042
630686
983798
525702
389370
362
340080
164551
544239
80886
58481
618019
59
620
27053
2710
58424
163391
123095
304136
662179
105
379410
1191
219538
258389
551835
416349
34499
652604
77912
557327
12611
373769
924603
9017
2209
108
28218
335813
603221
102530
264042
68048
2016
4510
30046
460508
303047
30460
442938
175931
721224
31182
26217
12292
9829
647029
465
76179
765176
298968
19558
9780
14987
39635
70414
146
305327
2667
3116
14151
56846
20916
194201
661787
10533
236
71689
9295
147732
244494
2842
461881
780083
63633
303012
590364
1303
597227
475311
177544
390
1722
23560
597991
183535
9
53895
726033
50691
469132
43555
103353
381464
2286
9609
371523
675835
522
569989
66734
121606
8790
457807
846
11742
144706
212181
424
38779
40073
25325
14583
22274
231855
401760
89835
7335
444013
22932
361321
507335
1385
648365
1839
479528
122787
82072
83790
1335
16757
40723
546928
714
102764
200179
456762
1387
27
162822
881
583177
187494
51958
310528
183209
921
4236
81841
382052
240296
6078
757379
1372
410250
7636
726253
45837
1798
15609
515234
25
87767
67793
19479
32003
43931
495713
71568
832982
13767
1327
1289
93825
143622
702792
135529
317065
85968
341284
13804
487583
20419
46827
81562
433892
2952
19139
293535
749
11084
39590
718217
770656
3129
215330
124962
20938
66070
641909
633870
30042
216126
6287
56816
40802
292589
71704
590044
222656
1015
616942
132832
63659
43320
55765
57673
33178
360099
33464
3044
595670
5311
85826
226340
373791
2601
199079
368531
763847
60713
148372
158362
387495
590380
5289
421189
8341
25637
514364
783878
53946
24943
210399
43059
61999
168777
564792
263171
7603
5414
3145
726274
72627
311835
699731
3038
348856
21
18665
104197
6040
57309
402452
122675
494537
234688
9516
587513
330387
200526
14000
1202558
371468
589000
120121
353
110809
20764
11775
279207
9
211991
191535
19725
338898
28863
16176
117691
285376
66422
78125
495708
463126
787076
37298
7624
370258
655529
156763
397289
627410
2825
33331
30721
46078
431721
277808
16953
2004
486360
11605
103569
802
20605
20551
212721
94439
148529
450132
139854
1474
9706
327369
12764
6280
198153
109691
31086
594634
10616
44914
337718
52380
71605
5182
177795
845401
390989
18624
5479
549
207507
783890
271534
53342
31882
57923
680969
250388
100
13925
239554
11793
5506
182576
2611
33
57847
415349
27929
8639
461871
33704
433508
219252
122758
715
406052
210113
680806
161459
248044
1097042
33258
400866
7463
3142
186700
171256
89340
22330
337156
119993
149899
239307
1969
172405
306255
194797
14228
14496
216309
262779
70
12963
137370
787499
377
39275
52407
52221
33349
25511
345116
977212
170813
12934
3066
472244
695026
441286
523715
280114
913
384522
35293
15183
1268
403630
317316
31745
36503
62479
19934
61184
97558
250202
168297
130
430995
7252
2212
6018
156280
125454
198909
0
823265
294284
861
225075
24891
352829
21602
85866
34635
938
785547
53325
35133
56729
27188
18584
163588
255644
39183
0
310444
142791
112099
2743
48204
130871
12710
17917
40704
89526
569784
1082412
54072
147552
37361
391489
4996
1290
23721
10122
352137
503384
467944
412277
104182
11480
232971
262
5902
1171982
5932
189096
14893
552940
27947
182710
93023
112853
170220
193324
3546
98565
35773
49120
12101
407429
507337
73673
19234
90683
467336
25077
43407
32279
34096
1164983
120033
306821
876632
71411
43090
541397
700918
22900
179
126810
271868
547249
21576
401483
6056
135210
213940
219370
150776
173834
111769
478796
126535
156557
10708
92684
70511
10675
486023
28020
9204
40696
666248
356884
57333
45085
18059
156001
248177
96059
330307
792
16266
49139
9194
203713
422299
767336
546078
199677
1831
1266
0
119958
45389
156642
895353
314043
231876
50172
38251
82890
272172
1036
160430
300755
113
257101
130
162315
230550
58364
3909
32899
186776
22320
125568
32301
4759
42728
66351
460244
365687
416
206
21888
42025
134729
147477
58087
434632
62474
667893
4718
435050
64997
224558
169985
46547
6398
32216
2786
206751
10637
500699
210840
327869
12514
326425
1061285
11391
641912
144473
24644
480988
1157796
23529
42416
301272
50009
78362
61149
195325
543788
3965
35832
577
67162
33679
259363
24060
189632
443573
12968
194695
22092
2739
81762
227096
53224
907776
48521
84530
91101
817859
0
12613
162519
11087
4194
4045
752612
413142
4888
748919
405818
119787
550887
1079
313492
425924
170904
100
14349
546641
350624
285464
25078
1196
141845
250875
578480
292258
467809
513316
371923
202124
31529
56958
482993
26989
261225
581613
362690
119168
204015
163
10522
18028
14687
48789
85955
35917
2732
14691
93053
413484
232798
218248
45676
225799
2145
29
97484
46119
5162
32704
6486
130479
73588
10195
146401
28110
34763
1190
74
13204
289106
170039
97515
727678
560153
28302
37315
92320
64179
440
1484
70600
19697
79
226476
11817
355647
304426
244
185024
163385
180323
39770
162556
4876
351187
648482
259398
111854
33761
133217
689000
254274
515227
321916
818146
20613
127289
95113
274050
63157
202398
264017
90892
7026
350517
4443
386191
124359
50725
108486
284809
14423
703676
288238
403562
56023
512798
7997
516002
325955
72896
46650
126900
299792
37577
268692
131786
115949
545479
92148
134317
12162
303977
192032
285162
111753
364143
2599
225
92609
413036
18690
133520
811680
304539
61697
252835
105173
103182
13059
356750
15877
35058
450644
162210
5657
351864
36957
194162
83216
0
10252
36396
552245
522708
73995
39265
63569
19281
399221
17285
109382
78666
874733
293114
157546
0
105174
0
141966
37441
215285
13754
4123
58032
124155
424451
13258
391032
490238
0
18254
45270
688933
10236
195815
2931
2985
2278
3165
44
521
331963
100809
2178
172934
7112
309006
438376
538948
1129
59271
102674
122
277662
5295
18693
395893
113524
33111
129933
104688
274362
26208
331567
2827
147523
1944
198
46628
557962
196237
116685
6596
73151
283424
6814
13454
566707
337563
836
31331
22355
371029
14701
9
4724
287036
324896
62260
1012158
39568
33991
130670
23298
240773
14683
73696
247422
7011
67694
148931
43188
0
513171
591371
1052783
44407
2449
96133
31996
96562
761420
0
166164
77493
109059
38258
28174
534255
61153
69376
12308
460276
17729
744946
77624
22341
204789
374270
0
138885
19263
117278
3885
261178
183046
463112
94801
131779
114937
15849
237
52
4807
491417
279880
2279
1197
21319
289702
153599
37866
56
90376
295194
62965
323
11360
655642
65657
136553
1118352
40235
8859
63759
345035
100845
10763
584217
612722
50725
46
321662
182896
219542
74615
553040
141804
137979
457802
70701
44216
9598
10519
231036
74292
153260
31811
70408
245582
145035
805861
755785
32964
1271
120491
129361
83118
1167
700631
35088
162181
60
8334
76538
1632
5628
15443
106574
303084
47343
2901
845529
83491
72812
288671
153472
168878
126580
124326
312023
382522
189059
0
157681
124314
62679
170386
7053
158548
709470
48586
105878
26933
181219
56678
51529
437536
333972
404320
65994
9091
335771
53066
77663
163779
68140
962
1046
272734
53151
22208
187226
476469
60440
262827
180424
3986
79956
14738
111720
7035
110155
542
112486
401693
260916
37
37927
32
114004
131028
267
76086
537868
24411
188802
117203
59181
12372
292048
310256
516395
1003
16869
7906
3061
103696
236944
845
26679
116675
175560
819363
86352
572311
730623
1200
30465
874150
556
224833
160851
21628
69111
5911
7178
459539
1186
534334
2264
442
194574
31044
167005
133239
50195
114253
334567
85769
902794
321811
87394
2812
302403
593737
10027
45834
373729
381546
699524
164045
140256
52465
435
13409
136410
54996
349
174333
20721
773846
110536
83190
61412
140642
45976
675085
45912
168830
12541
147177
75792
320413
44989
0
53026
88078
15569
367693
156616
255649
171403
31729
16880
23896
403418
2560
459482
717134
655032
144590
850855
10306
2605
58782
1828
20510
743
150264
310015
240354
14533
3477
267139
135109
1359
509
115819
34808
412911
174656
118032
55518
320199
284369
333184
45466
8629
213
295019
75920
424655
6864
156899
610672
5152
38808
285636
83288
58495
60709
322577
373773
441
4825
266004
138216
2916
1147180
911104
71386
7795
758384
3685
680
468451
5551
63346
104775
779356
384574
5056
198304
144578
95447
146973
7792
36428
324780
105722
3600
131319
1483
362855
37209
542148
4085
3287
20442
653562
312909
555
667767
23743
255393
597276
169245
32901
6063
17970
68239
1347
276291
147649
119609
4547
4731
173911
36932
2953
428456
23103
601735
1445
263
605974
299952
25501
3607
44910
557896
29127
67587
514874
363001
114220
77946
13012
11437
1598
113292
245749
312107
58901
109675
289706
13788
846730
682565
122648
9
496050
8087
11301
24353
519505
344119
2121
95042
267246
596134
37203
119
23181
77532
508156
488825
55938
427390
78822
382470
27926
392134
364467
0
4471
48126
212121
136795
220291
313319
24170
622843
989984
221167
32935
192016
289090
175610
52479
9946
267324
235057
480474
103309
85010
14975
1304
96806
4356
605015
508460
14501
41238
39490
30720
2704
305205
81933
220990
67473
4313
35197
14404
55476
8771
0
232510
13547
284829
1124604
162278
267241
66468
779940
400137
166070
91835
44137
1362
76109
120369
512512
4724
154
66398
897875
531
37998
119513
73711
4106
18839
3688
297500
5790
2486
150959
451643
138634
85771
630977
27905
55378
1910
2944
900
318959
0
46778
255623
1699
17572
6930
184246
413970
450057
643445
350
154
29
20212
410182
60364
102705
7787
28875
100532
386729
145285
145361
173623
176585
72215
156884
110864
103994
1035427
142192
56780
12004
114887
560744
45686
6534
518842
851
330244
6220
40141
4166
54
2994
386034
166727
14657
745597
433780
367410
136041
202723
503096
349806
156954
0
557085
251
207208
90198
65738
12258
121326
187737
513281
343721
248241
432868
627588
292238
425554
38673
81062
472021
980455
367446
2806
8311
208419
260455
382180
113890
383550
1856
230603
338
89577
253711
14849
217
146559
380351
8168
743431
471837
38044
101572
74412
440479
297950
730297
305
607816
80288
36480
6755
289434
2187
154735
104767
102
250430
81
58797
690078
70912
118006
10
21852
257363
28696
57158
208574
49539
184531
9637
555284
49570
33644
316269
490096
128433
19830
193339
257890
280355
14679
94277
586
72702
281363
928896
153291
595100
2291
607152
116149
53472
495072
110992
428147
69231
393582
170030
407016
5931
514898
288427
7470
147203
32606
126475
3774
16022
118128
975
16231
3658
783645
136752
18804
154008
33566
645253
110662
13220
18665
32192
129061
2051
28006
745
82108
683217
108811
234471
55314
261920
241604
155290
1284
36231
1413
24517
16592
164575
417476
115094
260649
735931
114391
10693
69378
164638
1011
23214
9074
431711
289465
44476
12999
589403
491480
3835
309697
430757
882104
118982
362741
124855
3061
165443
20588
789034
609
503580
196907
32844
70902
21934
4854
387051
399550
338834
1627
29255
248567
3627
761666
70132
4012
130721
5001
0
44249
138997
414174
433898
35554
18093
114697
167255
259825
20647
12158
210218
120180
30113
91163
64901
794412
36778
1002
64612
50994
463067
65
952
49335
129188
27172
16547
158761
158652
8203
24666
210498
259
43892
219370
22144
16225
252282
153870
68038
0
15033
395
1511
26284
222600
347256
80443
4329
9993
168952
163122
84792
10
96817
12002
21569
202288
33723
139615
107695
292431
0
39807
235
447354
325705
28350
7330
4915
196684
1044683
374349
34575
219692
372920
983093
265964
8511
161117
3249
104283
647878
43884
184059
0
120063
2284
176569
6248
66157
1241
85255
272818
5459
191231
54168
192815
319884
198140
252809
167322
210131
842811
114545
60311
214983
766
20036
304008
56715
28756
19929
181900
95222
0
24095
9904
436244
170726
47361
27
235272
29204
644342
20753
250308
96388
609215
102776
105962
2768
307819
265114
86022
73883
414824
178684
157
16226
94042
675025
13353
67325
15642
469888
448682
19235
32730
368987
49160
271927
7437
1864
494690
49384
46616
490243
655182
208925
177084
59724
82738
37558
2546
20206
322226
32526
268643
12650
69789
21015
164784
2679
43117
1030123
52899
9
241080
62883
47433
499142
191332
105248
238812
44173
190450
205976
2649
39321
18588
289
11069
72477
92754
627385
299528
103596
109811
546780
206
88323
329128
202591
241087
3724
11351
1100374
799258
150358
43207
13094
1207064
75819
679136
167158
49881
258174
81915
28539
745175
31654
222415
1014544
601661
129772
916184
189966
36847
899119
11358
8
6134
264144
1047275
379813
27
150850
5170
166776
173711
150250
14278
238975
1596
474347
63171
328033
191032
1923
4365
432656
92765
963188
224406
549904
58719
388534
186572
28823
437466
123815
8439
307347
5549
308
475387
103021
552182
389603
219466
12123
50078
177990
570890
10805
12908
8663
1043351
189934
27523
31521
397628
59277
244821
303058
35808
101076
528226
24817
478062
414966
602963
611856
10090
73511
27946
74747
6645
111248
409026
1199
24030
1020976
8905
131131
37
41172
30706
169568
3149
375007
236922
805267
19300
70932
3325
644703
36
743
89948
520388
7505
263580
0
520971
9738
315823
12085
1010629
129
1130
10487
40662
58
884360
330111
722858
155983
530
5505
10256
626766
547336
1061315
70691
284916
123969
53557
70861
106420
124311
240134
122055
40391
756909
25518
32192
300563
46864
7653
142316
1242
286051
38841
96729
100261
18827
155
52
348005
111131
290525
110590
62831
56404
286276
295094
131918
128578
211712
108299
130173
2579
17
98941
47593
185481
241129
2557
656908
25223
664373
3663
12111
1004124
336799
47008
109642
20110
99660
135799
9027
765294
364202
62895
169516
847
71013
597470
684348
316638
597970
176125
27969
365999
235
100504
260438
32
96769
6823
60016
109409
24288
20423
369402
27185
9
1959
811253
24588
227374
108892
50623
140242
51098
93262
669479
192854
4993
1079070
4247
517544
8624
60478
19
245058
309159
593253
97645
159636
26239
101581
527357
421424
96000
168997
260703
17
44037
82794
4774
24568
91360
51764
9
36172
161782
85044
8155
20709
72920
34508
55195
864933
6285
41447
166113
3518
86526
146262
6935
34502
23905
117449
19644
0
440716
608261
698246
480036
782346
0
36089
29068
80046
102
82766
159692
153896
164233
278269
178629
100722
60542
1966
32676
89638
19635
109739
374861
160525
109635
683367
955673
18529
332618
7778
186867
43716
19668
935071
159854
87919
213321
651863
85721
40408
524531
145090
220669
336543
110704
11569
2378
279912
381969
1133226
7657
813477
17
21774
11789
11328
73801
279
266814
31226
113373
67402
12104
11536
292843
413778
609
222583
50311
149107
8738
59312
64518
157403
236002
515275
11594
223578
104024
412055
248681
1070
29905
151924
206230
193017
118642
35614
160936
279560
825939
48108
160832
124015
269376
150381
36358
488586
1001
174608
86824
292
60113
887398
453318
15310
131217
112659
25562
81
676243
296464
139651
52599
322374
102660
452903
111168
634561
81395
83604
321649
3577
15422
81854
92907
572239
128
289530
35582
916873
188547
24573
405087
7558
546239
665275
58419
163024
417124
210389
429847
25479
884
265800
108317
380360
120497
97733
526380
390195
260712
927
114757
180368
764537
73440
142529
25612
108046
10930
124246
39347
33550
85227
465538
29074
2095
14722
328169
141869
12781
42210
328623
84659
384105
63544
566378
113247
55537
167847
11677
5995
241883
112033
560096
271503
392371
25333
95923
547878
45
266365
550892
62551
289812
275443
182322
675858
68346
38979
502700
2976
115191
23690
693963
749020
30662
181325
400065
486484
30440
626837
323500
30434
93231
856
212330
51780
10502
453399
19283
36223
307034
1478
15608
44563
197090
8209
595254
13634
173548
243991
182647
98114
672993
8064
254064
195181
720436
576
45771
8601
193391
176415
675979
2365
10581
66
275510
1197
19699
918933
139940
2779
344337
216649
150800
51734
746034
594158
62239
219071
291676
18547
198367
4539
309666
432969
29603
123342
44404
21381
27488
159239
379141
54075
29085
256118
107685
427832
168205
11238
6001
1054
223336
85507
5878
67249
223109
33266
273669
178258
396
22429
186418
5557
1083465
50193
343717
537005
202
10559
37939
467912
106804
490453
715283
262130
574579
647720
239424
184018
63541
232010
357915
72443
116453
343890
331542
372380
1366
123054
187423
62731
51756
114353
46674
7762
407514
64741
28704
243191
157255
40614
6663
322120
2548
15415
15141
130930
21005
228100
279507
126
102212
87602
34237
14790
409133
914986
99946
115724
565412
333889
107442
119
70093
18209
9655
123382
139662
5494
4788
401713
15375
95457
17
765283
220577
18828
788391
63569
89485
22844
64606
77
256982
740661
129107
77035
60098
947899
3137
90533
56982
40224
667487
63928
81727
0
361976
20239
964
26618
3031
859483
325137
617175
32955
516929
15536
31675
29849
588859
144786
518894
387374
994170
361835
212635
38470
12328
72488
250476
163913
13224
4562
11932
0
112876
79195
339257
266241
67274
604280
606891
178201
509
271386
29843
338986
2575
103513
45292
341113
468247
4155
333310
31674
6762
16756
265
21252
3909
67778
21576
0
5263
276192
57398
28120
29
694808
259873
490260
67648
618839
13049
17961
0
57
174351
10781
168975
4852
30510
82120
74163
462775
158144
241868
9869
75691
215252
117488
17273
207979
164704
709521
266762
184430
9347
104896
16413
189454
11193
38285
68193
136231
68586
2539
716006
45847
11223
473270
27636
344449
55303
32618
295633
4803
170201
340586
123502
69834
18650
26889
208042
17090
44861
15833
39270
91822
260602
20159
67723
491774
1288
27033
889535
147819
539341
190834
0
66036
25623
382286
175804
413323
188607
326475
14863
165530
721
482427
5724
22042
338852
15857
5589
23
673868
616849
412690
18314
567860
244755
531572
361050
301914
44346
63285
65733
59394
6925
178951
10560
19373
1028477
531096
17283
0
191164
455
792869
1806
147326
4825
2860
266022
98169
696078
864521
24571
9393
114978
145524
1014903
6864
11343
105554
367311
7223
24184
3477
1170
3337
645577
33448
61832
53272
86331
6612
148320
119822
180273
225931
960951
134933
203
36954
353954
472793
0
26875
52969
922
350479
66782
251077
10928
5520
210363
25308
7321
150377
436533
8389
211523
6331
126263
14869
385766
6785
121752
550870
72478
5763
6684
208560
324681
347164
5611
12884
63936
15683
6058
289032
190631
1209
0
155621
38703
107280
46797
872686
7365
376787
203962
532635
93419
147484
413
83118
114226
304868
32
134356
3701
25132
64956
127105
9160
19173
40602
610844
45200
186542
253370
408896
381
196787
143
13159
14305
19540
47621
43129
175438
490
137736
738
672790
631
225367
38600
687304
419151
169952
197403
30435
201475
662673
161337
1056391
663469
255524
118230
225399
23779
42893
89089
542071
6811
16957
155043
12907
912469
10911
14518
1169
104800
33991
32392
1083305
741949
29754
97131
6982
102142
181668
41534
97933
29700
16194
80939
49
4104
539627
457821
398177
10915
161812
567965
51181
213316
816667
243630
33058
71167
244
190746
154832
566865
63122
4348
5294
715152
430
157912
2112
630445
15932
12152
47306
250741
210599
466432
51866
110701
30470
595
9126
264628
24776
216321
101266
153376
1635
4553
28113
167398
99877
40089
55619
137436
153824
4760
33505
1572
305
45898
126
398314
516684
54726
73663
13062
94435
46279
1078
33993
30058
6684
2455
3706
30288
52346
48880
321518
17162
36465
94502
493
9124
136676
7690
362440
1137
11504
737623
5260
71235
90899
193012
471705
296708
25764
316481
106949
0
12092
1055
63841
242065
41201
415569
903
79108
22160
196
4719
70825
43794
609811
188880
24009
4673
973008
8168
96
290924
53835
602611
868597
314926
28089
23886
7922
5419
5193
415062
25573
150136
103995
458785
74331
79036
71762
17747
234278
7195
111487
356102
213552
3878
434383
7253
30483
702463
172
27474
7050
573591
107292
96635
220540
368447
12150
580
116193
34000
710950
3498
327496
380462
490776
26851
78888
582
802030
2232
24642
304759
1721
428200
257966
23409
37731
12980
76077
154431
120478
4512
310
1077
418977
61928
396
9098
27685
18292
41688
634128
9896
52894
53196
14464
94378
118187
221396
82898
279160
329777
499393
117238
143067
130861
23375
93455
84412
73840
176230
208786
294769
57478
423875
517455
324455
46940
103369
182
1174
16104
577
19399
428993
248176
72425
41393
41086
180153
132824
291381
343273
380726
505800
224581
26669
15964
135510
208505
17523
44
1756
34558
1775
73039
2492
60917
70530
35470
353
1017267
227732
600529
17373
1529
21686
45549
17530
48526
4241
50153
96607
27456
173760
167086
222211
114852
42649
51683
380622
38213
985896
16776
377615
524903
12241
16769
274142
386739
97383
110690
17334
298719
216073
182058
17
20469
62927
561467
1385
440523
2544
19309
171856
122908
22715
171604
73931
5951
2134
9765
492432
385805
66035
413929
196341
116706
162455
59222
552539
31669
43238
148003
828007
82460
993299
124
769423
821423
16200
8965
35798
1965
1037
77816
791165
73602
204024
59275
244
12110
699949
757
264530
18011
331006
123
11857
1056
25565
110374
74417
130479
1920
617754
381717
154512
101857
407657
748980
2007
1085710
998
12842
15527
825
85677
111140
540499
254030
897
159111
320911
895156
373050
1208
165921
5411
25969
522345
30913
971978
805593
150
35397
368729
123
114004
1710
5082
603583
543952
392025
200782
170395
4445
871801
2260
120819
279071
144290
25832
43715
68760
414443
175181
2110
22206
13943
26235
266723
948572
2769
46843
118036
47
199836
26388
68
4838
157637
379638
2234
422839
84630
239
742577
24895
3713
259
44198
634265
424312
189576
39569
0
150147
17145
400987
3221
472555
9058
555202
95564
301313
78144
12551
358862
57967
741267
693146
321991
50152
420122
347146
99631
88600
332400
130492
2971
10005
617761
40549
110003
453327
94564
203068
41643
14555
709305
103610
120967
907413
105235
54426
14662
98029
316154
60161
74469
44384
222474
271580
3514
39421
15422
144985
5748
341599
195258
263915
998727
326890
7565
2038
36274
334058
123463
530
12496
595710
188849
109
420518
73074
301250
436381
5450
314562
686937
446447
48160
4625
73614
17538
41960
203026
23091
150550
125274
3340
18208
69024
59174
34980
562608
27549
4644
143092
345355
32265
935591
69508
134578
92188
57289
272868
233069
83133
735011
6593
24676
0
332518
670437
390
89
104702
318929
5917
93342
274324
0
180
68605
183428
27297
244
201190
159812
75993
679797
252902
181094
219901
947366
113802
349130
3421
173886
95775
18706
17045
52042
21108
24413
130904
163837
5691
998558
153855
88827
41249
32214
538
19528
849
739434
70307
69791
1046124
89801
781755
8913
529168
457978
66161
862014
496961
71323
305587
481404
43859
25477
7226
157760
70510
58390
860
68186
246083
510322
10403
53
121073
697321
63807
671024
340064
13385
47819
252
221265
235593
41999
33718
0
40542
205395
285032
255077
100146
691
430
58988
1945
675059
512791
4727
7256
37470
209558
102142
588217
519516
321481
341877
122646
15921
22382
28706
382561
62735
9683
205763
29
44784
278946
203998
229035
144850
511305
477037
8355
706960
98021
24750
421616
25179
458742
78593
238959
17478
805026
41946
678510
94028
75530
847
843170
217220
490907
53212
65730
226239
503633
50497
15534
16791
826194
525631
697841
391101
8895
636647
120
78323
268297
849
293686
8710
1661
566813
146057
124107
868458
34685
234357
106811
491788
109948
540231
0
301391
334321
78759
31787
752345
475298
725665
842410
180205
34576
267150
55370
10
201419
209108
392562
294443
622882
533672
258696
25567
2842
215125
814739
41411
10958
9052
329316
106800
627727
150438
81637
31382
243395
709373
23886
0
307983
200825
217590
84658
166647
719314
15771
255667
625310
344363
44287
594
595
215024
787
47131
432337
108440
12339
440638
69115
2890
889995
300326
70658
84754
809340
100224
10344
9915
246915
505
578509
188363
160046
95911
157565
15179
489
1077
68761
202369
125926
29221
292983
486097
7865
79824
1878
1053473
22644
18737
722301
169545
229224
119752
376166
33141
136916
396171
0
199746
101177
1019
664937
199315
47085
11446
711093
692365
731886
26789
32352
357578
275938
95242
12990
79765
122
415626
182407
4073
334192
352332
2366
262241
415827
628739
117385
27815
35557
551180
502399
163024
600
6108
166762
174312
306434
406279
6522
24870
11367
40485
24877
55
118806
400068
544993
2476
145556
152164
13079
79419
184039
899
138744
36706
292842
48331
12248
81358
196
19
512
35
376602
19981
73392
13589
161794
48506
18525
189408
51374
901001
252971
7057
107992
2918
224056
30909
2604
611532
498
90183
252073
183017
726515
1108681
247528
203337
674
386369
60014
3323
329376
298908
249087
209098
696144
340242
67233
18054
7235
21103
12184
64265
335296
313747
1792
519
35304
57444
187695
161
19864
353
203299
530628
244845
660476
2927
29201
47
22864
753716
312
459045
259015
10339
4887
336266
20860
234829
3170
68591
3885
564908
13131
255914
11098
56538
404279
93
40878
31280
28122
55397
144894
418446
303191
180486
855219
248507
98947
231663
964324
179
1791
518
160438
33300
44
256939
31918
14465
123341
54150
241735
49991
184185
482387
439050
64839
9856
78304
1714
4195
737604
82763
280890
65560
382066
290426
87637
43778
211259
296
11820
3145
506
147700
111565
366254
657990
52004
670836
14
19952
50726
310266
5641
60113
610
49127
191
254573
6793
605807
296915
7666
93028
238619
428508
374165
587
119900
336
63717
382995
1639
157118
323292
335184
40909
156
988
42715
819
38281
15763
20286
1281
523242
513914
48141
150724
819874
200184
369798
370163
487602
139822
58640
8912
21873
49274
63358
478802
3861
39407
270725
259556
126324
140413
25005
45
304551
16235
621
2188
0
132075
32457
520146
359960
381636
3194
344951
10919
162212
87366
10032
832042
25198
140984
191639
90325
153133
209491
40009
6528
403551
38128
109788
345
1004369
9369
430685
0
290
1323
240082
648834
192381
201844
120072
7022
64900
12987
119702
35990
143
84078
861130
28342
7466
0
7749
8785
249611
414980
36151
659060
253577
6461
2869
5908
81804
173745
744582
292246
139538
781280
41
177359
4047
363403
684720
32715
807
164464
11
124660
96107
62
553993
189534
384231
110524
231443
505563
275894
68638
8359
268445
896203
17539
417001
17577
760681
10937
33120
76965
564461
431066
91383
58754
163368
319500
273530
1005
72350
89155
9223
221576
208478
35800
9600
1037041
278752
14096
999818
117194
193697
226242
6202
35044
178694
4598
82229
274
738469
287784
537123
143
11136
740514
37
47280
128383
36134
122419
422583
52187
152824
267409
128092
14075
168917
462113
410257
133
100333
60752
378243
35849
1951
103921
201850
322420
67599
37886
50040
395196
224
714239
13290
168072
387857
101390
199099
50834
243892
174301
378216
583798
78736
71433
39314
147999
25342
14478
558625
104921
69538
71790
2625
17
0
51411
159002
36885
759623
304942
134702
130839
223197
382
26153
201425
242957
291385
364357
203588
100348
5906
25542
72165
81253
705793
738658
339994
20601
80519
2571
160527
63515
34333
11178
502950
38472
656876
3652
225191
7072
59410
212700
11974
310715
96547
39273
310039
111942
21503
10
790720
76712
76921
28440
13199
66595
105023
112232
18864
15849
67639
7350
13574
41716
20225
150439
18703
188890
65998
9851
46711
74811
62394
54550
822351
55897
18230
27
302512
96606
540555
21177
204987
17594
24077
56084
89119
280436
1703
776038
684651
143961
50915
607154
809341
187915
61
438307
16771
105063
553261
89749
172848
89529
210012
171488
419608
171709
67190
467161
92110
467
57533
30753
461582
73991
190596
269745
177171
37822
342929
207931
7793
67931
452220
141992
280698
16888
223322
149478
105421
495551
216604
70832
22794
389968
682
43438
60517
1733
507644
51170
687
15933
84913
399566
435424
2532
134465
569823
5434
2309
5415
29
30869
29896
225529
853
39
11674
4050
595988
637142
2557
79390
463066
702825
1018
26636
6788
248073
98883
285271
21694
191576
951
35337
634257
9563
109209
90611
73237
56353
216351
635
50618
96662
56456
657704
281555
86604
531549
255975
19
122632
118846
480430
314250
64
175367
25896
742950
845650
58274
23480
5066
91352
54
313709
72198
2492
48879
89857
83727
227452
528427
471
18080
179983
571829
377626
4695
321658
142918
93246
79356
5854
73701
3912
406756
43480
921825
451842
50603
380
303258
27119
34836
27852
465140
153013
564437
811
200310
1933
38707
484211
584151
101303
404668
527042
63584
52544
63121
688966
379226
42628
30350
58195
783669
205
103586
964
437179
84555
52125
38277
324948
13791
51585
72881
21598
8235
312
10507
545172
464015
112782
1202860
112319
44
81792
447407
389456
4323
220821
1240
167448
397129
326964
1034090
180656
93233
181808
378191
47779
390285
473287
55904
4948
128029
4951
326699
432420
175581
37684
119215
16964
12409
717333
5152
346138
77750
17131
94861
273204
5700
375654
52089
263274
54690
588
144731
10258
193655
0
237908
93
317088
499350
57595
447067
23875
409402
32716
183574
9583
903388
72136
338877
395132
4833
4220
8968
411715
149598
10524
24685
21
118408
1097
1115
376976
339533
17265
72693
305351
0
8980
12218
3229
1825
889880
36141
99152
13039
33238
359345
2954
9113
44969
4708
7392
95680
4524
142946
788876
939861
136
356866
22869
463457
65884
85332
7460
753845
1434
4160
698733
661682
26566
127710
189730
272998
83541
226033
31029
332216
392583
1739
18528
114305
824
260587
16915
309368
361321
191703
211772
43977
209690
74625
856289
377934
6326
6318
236276
351534
16221
49945
340
29564
66522
37057
10
67638
409675
915
313381
274523
3018
701
6460
101830
358
1980
4593
8716
35744
53543
26575
404950
361813
149259
99674
346111
36656
80461
256175
793200
297903
24262
1549
124772
87466
340483
99471
229534
6030
1369
62929
350151
467243
18407
54192
149024
19519
430477
16181
1131
362237
3134
62696
247927
10253
179938
8971
68845
140848
459800
333748
5640
27487
322470
115213
388661
210171
66893
843134
387033
307386
84797
193798
391
27021
47562
254345
159057
668357
180905
390548
359383
91847
127713
8856
19644
59911
381930
1600
635993
37744
65146
166882
19561
5504
88743
402996
282486
21052
668717
379137
189856
99546
118216
244592
374793
433516
849
66723
58577
75631
104013
398126
182263
1927
56155
2451
158096
63336
22685
542
29
44940
96997
11470
981
14647
266016
58837
208830
519768
569013
11629
275508
133539
13247
491121
265142
156689
468092
615305
167077
113428
710344
4960
33148
47973
411029
2458
12785
131
2504
333417
37621
135024
12438
1786
2236
42878
852348
121950
187174
2250
773384
521279
57
10043
66799
7154
246647
301559
101787
177199
0
127599
503074
577276
134726
32670
7574
184199
2779
870999
2296
601889
83421
220986
979131
45230
2176
163654
746084
14248
27816
0
439729
642728
31588
97547
222494
140721
374267
452400
321486
359000
158389
431593
32768
888
17560
28955
26904
104807
57788
126572
695
1181790
206811
25634
22160
18562
242040
3969
121370
811316
15143
163640
1237
312288
45872
216297
11094
21738
95478
73986
60006
26787
2667
270
786467
1065898
82212
917
113670
4346
360341
745883
55096
68896
786213
661212
111529
1500
103065
20994
9853
449891
718304
748811
2530
62516
271672
322131
10078
37743
159
768882
215023
132512
200465
10817
108387
134603
31767
75639
338183
176548
123101
68787
70102
139758
0
26545
614014
23192
11090
195475
23865
248626
224454
17170
71605
457782
101393
682413
9688
565456
18048
48594
56385
215895
193926
3599
586988
54276
427536
15415
0
30655
11819
462811
159640
97641
24166
68568
725817
62707
92455
663155
276591
6425
64
11963
52822
44986
266878
3972
30410
72609
317572
178354
186632
92541
72102
36301
944906
111493
40592
26121
12033
669677
954749
418022
201048
167611
140562
9
185448
66026
813459
267545
321580
76670
403041
155939
569000
821407
57390
124581
133900
70455
27605
222559
85275
582779
349372
75
252229
263992
19404
33135
45736
48611
28513
801890
22390
15924
92013
405139
113845
168705
130489
261284
23449
103757
11560
111809
8642
11653
774092
23356
37748
150948
1214413
12701
21184
1832
145211
23417
127095
22924
208221
624269
106856
1085239
84186
1734
6100
422484
509076
17135
995851
352035
241600
310651
385504
354789
65990
74910
201857
102042
58098
126827
693797
0
485640
234
86017
708782
571932
141214
24659
282977
165964
73145
7167
157953
534131
386382
736243
261715
128509
342689
1887
1714
146133
1262
131799
760868
80271
279088
3213
709632
8172
2103
105696
50645
836035
2682
23317
76151
5095
50135
815
14963
2548
4909
244657
599195
3297
75966
664340
33109
266811
17204
507271
452584
574885
55660
9510
336820
193414
114491
201894
746
211573
43924
503215
701526
120681
963
43174
6352
82076
205654
1115349
36269
22903
50843
770724
116874
40574
110591
166190
11061
42091
36505
683687
118753
323
388664
897147
2076
16544
149369
188178
245001
293859
160705
67882
10
9150
3728
435755
323516
908106
253118
805516
66410
49769
95833
1154731
583598
119682
331469
658143
26149
4507
41978
381266
309858
75787
1019
123815
33637
930
13387
10662
36701
47256
218346
134070
295430
160341
15226
775693
0
1030672
267966
191705
1001940
2684
328777
1014120
278
21197
214073
83909
348157
77853
113584
478896
9
190597
56107
163015
29385
274800
133591
0
389630
364561
610270
178828
218928
32555
82
126558
31854
153188
113
351417
19
37114
8391
480695
136244
76451
157777
55827
10750
67991
470
82580
276295
126191
273855
145496
132702
10660
67283
15185
74623
168957
494782
160493
148700
559933
164721
69105
702410
134117
537114
1222
30932
857903
119670
781910
162236
705879
5315
148466
269595
127802
346627
246712
116120
389101
17636
153222
129236
38842
8197
189405
181660
176211
56743
12529
232715
8
10661
75341
430009
43933
603826
324493
464160
65225
432108
401572
615230
331350
346901
105510
241917
7314
36674
102819
535510
547207
691321
152
226767
315162
106599
14527
505559
2038
55589
670
17218
1838
689045
357854
172299
848722
199578
413713
367944
559408
185573
11617
3005
711449
121380
347353
54678
391277
11977
361254
531
8770
193495
217424
183678
801966
185137
390
25729
813505
86571
72055
134628
66765
40170
134163
539
7878
68688
202371
136757
13295
191315
41676
1021429
363773
541158
287584
6095
265472
641207
152159
232055
58205
0
312007
6013
21
9885
2438
27147
216110
23894
77831
337144
7472
4804
982223
648142
9
1131
22018
122078
403852
988
73307
16207
1260
468872
483363
98542
275024
359
67440
211117
316153
1171
42524
23214
384669
168868
270988
132367
90750
177902
17394
144026
1214046
614581
203916
4008
14488
12643
32744
274115
30593
22655
516866
56850
114022
465063
359216
73722
229370
178304
138560
225064
23759
1386
8556
71745
726038
101196
397235
541797
489985
415168
543185
464184
405654
30288
31086
13030
293474
214189
249222
733520
261766
3814
181649
235598
218041
73154
63554
476
2237
202172
92506
212591
707392
141171
31788
2246
15477
1655
48852
81
112
191309
608
0
99542
788300
492
70552
176440
256122
740638
166714
750622
1429
32336
412101
169249
110390
166679
174783
89978
48505
129
12917
80
6041
44660
136935
91915
4033
39798
669
579076
7194
90851
1771
221570
30410
204382
6975
41252
46806
83562
459142
408907
133022
360742
67546
390958
133676
686341
299631
17
603359
14784
12041
136132
513511
187624
2698
106855
415209
65880
306453
110449
48588
246344
1553
97220
382605
158711
1750
460487
37259
29973
219528
231606
248944
324225
4806
15454
65036
65054
201949
32035
124332
78037
551335
137975
269424
181166
360919
68636
41393
129457
435087
103286
239905
27891
338640
286633
163942
188523
18731
313670
1999
309987
157
56021
25212
616060
126146
3258
98
685297
78994
437808
252577
346880
1674
129266
1113901
142027
58179
870024
10246
506525
272962
149202
332419
199193
20552
1359
82363
30343
2308
717721
62260
567367
293856
21618
1191
109934
1070759
3971
48704
585219
785544
14378
167431
573478
120300
569032
12065
34445
679210
2597
29707
122066
162466
78280
21128
31073
2005
1132029
3043
341146
54581
57511
5158
56781
631023
0
91400
417338
14354
6113
229
455850
669934
602082
137325
1309
294900
44295
209778
302
82027
351821
3766
6343
12923
1205
613286
310843
74883
478048
10307
100960
77228
5328
467668
5993
2630
893211
12735
9299
205964
237532
18317
16940
249424
597976
16268
82
1253
50176
239672
44257
683196
664
1090
16999
3842
6898
324413
74002
8212
96151
126693
47
6694
1301
425203
27135
44973
9032
25259
2748
33558
28934
7748
1039191
99711
205851
26359
535123
0
14567
16352
29860
198356
2627
85735
376
401615
538910
66521
6097
88
643988
673563
22995
64252
34255
298
104840
151918
589275
191790
131194
461478
18989
5926
34021
74615
385337
319432
188947
1121
19042
1182
18270
528201
4679
13140
83244
34373
267672
81121
7469
24511
324654
223686
502847
585831
56357
267988
63020
952931
7363
42989
404293
5724
30548
61328
158856
238905
44105
139418
952
12616
71708
12833
1573
1133
412669
1760
267313
105552
346367
2040
211612
616
12934
36146
119894
374578
167845
357623
45610
198207
919709
62942
70403
1427
57312
6734
262276
520852
55974
380017
746762
363487
68421
135888
90452
44189
68893
220690
444538
15402
9234
168718
356790
5625
352289
333691
169476
32841
1068
38805
715562
228530
132
139624
54294
142867
73412
186011
16913
24553
11193
362114
239941
4920
8634
91518
484176
111537
232191
883743
247412
404
315321
478046
149
522946
1751
692
311642
647
5481
28549
296187
119084
3952
49
12713
19
182463
489811
8992
209695
154079
21611
316975
493885
61416
582032
5098
64358
772097
279349
1012
639905
218
3470
314110
28014
34356
23220
47892
8209
78479
45607
169576
41350
437685
11350
557692
187827
216373
183872
10
61434
73
39121
159099
532478
125989
972
69702
1180
148997
21
17
473681
94924
139199
126114
45138
34030
92216
110458
197503
606776
159997
38200
414561
102
257704
39454
0
61666
327575
1109575
354522
185877
487215
374471
463
32766
51688
448216
1108
375729
61385
110646
1207
281533
12453
377
212584
2479
10716
22551
70732
10735
12818
639314
2617
40177
137674
772550
258
25446
405348
26544
858578
73750
290711
293075
357299
134177
21107
337188
99355
2189
0
587145
18891
269677
3298
81612
365462
57744
95936
44644
125118
746
101196
121427
678037
373305
47810
84508
302286
134627
1296
26023
638373
51319
12808
80715
207570
619102
139946
224514
17067
59122
257279
313434
17630
0
122024
254
309842
52929
302641
32335
68390
384716
33220
10096
121
30765
488748
189023
28239
82155
68
382987
69982
340423
79160
428882
43628
55227
282143
27489
99516
912745
96152
22443
1756
427539
397336
25622
306204
271477
82057
3174
160449
710000
267661
463669
6169
69843
22745
18358
48972
34800
481002
219732
0
21142
99115
63672
152476
261821
180231
4027
2030
660027
21080
43503
58982
56065
0
48705
422602
379789
36232
1068
14476
6325
2067
479507
484569
738457
582993
107
158467
159691
5766
83931
337607
764
1162
907
196178
579
106901
179525
435762
22774
80590
58251
204702
175230
26710
10643
94298
101816
5523
300023
110840
8268
17613
8938
157917
506832
675492
315806
622323
547860
158384
58805
7715
63686
533926
12409
257734
1063
38253
8301
604157
46223
33553
525471
182144
5988
62233
3190
589748
114722
76514
848309
15197
452611
13015
39527
18620
98727
274917
0
47961
169003
91943
133397
16251
29465
263618
322871
246481
11640
365523
601139
120888
4996
143595
115294
731168
267087
7957
515199
9662
23821
15128
102
88718
123494
462422
792134
115007
25590
16969
429
56796
344998
196378
791765
995531
754944
6096
61760
746504
274507
387062
268989
159262
103122
54305
734287
133145
88461
468378
48821
698
574292
59490
217218
413252
26447
38770
87268
124670
55821
34390
440242
22057
409376
276358
307930
578375
17216
135959
26194
105309
131931
123734
108817
35853
90855
55373
16140
540888
328328
1094423
5650
22032
156395
10150
1000213
103318
6024
138276
174821
28693
145075
86397
4301
1942
727195
3685
144838
579736
109963
355105
56855
61984
482203
273
38300
248451
2434
66192
243959
4198
568077
81827
14000
2428
37547
55115
1355
653411
533506
197544
13165
51155
284401
14178
5200
216459
187125
590708
705589
4418
535898
110953
763103
29481
1502
652
25461
9774
123085
64
33968
17876
861476
225346
77562
19275
857229
30874
17780
262472
107721
321124
72437
226346
271839
739
3806
233516
833331
428
221853
382488
197882
6126
598738
3266
32087
80318
4965
8861
567429
24939
660694
79076
46
974
750
8231
417600
579
93993
64790
1111744
396577
2290
212171
87163
150632
125
101757
10384
1460
59783
953
712238
772960
729436
188107
10730
41915
40110
49906
3874
641967
774304
97
113229
353
28579
33520
8100
343715
6945
131605
160716
444546
9765
95232
155681
291763
365229
17
231833
373549
593530
35277
31812
2764
104467
0
343649
127252
764549
343184
434128
648
626409
619098
221419
19787
104366
376831
155882
516895
310141
7583
33992
97951
439928
120936
191
78613
9548
81614
140857
631630
306047
297577
171115
62591
521165
566716
199
181671
76700
379014
352498
112439
43062
10747
552106
107882
355721
8657
428869
42379
291
139192
0
610525
36226
64
48804
1109
1126529
27388
1832
421062
326922
26948
238211
18537
557690
376
12021
499827
196626
251815
77533
2749
190536
13588
7801
78340
173994
151865
413810
310850
7989
826805
38626
471
216401
751346
207637
131732
82842
288293
162220
108998
228
0
95699
10334
3280
90978
376073
480974
196189
121385
93647
734
4805
25991
903395
23618
203475
213258
162903
445449
95142
13469
60470
27383
24325
23818
63800
182909
14998
749434
2634
404156
3553
24942
32787
10840
443333
202049
4569
59933
547467
2056
842831
18835
457347
361849
46670
7774
154849
386460
16583
413186
24308
32989
862
63126
32142
238533
538859
216012
297762
57
13531
9
47263
55687
905334
181057
584764
285121
105033
66581
430901
314670
82738
35351
172761
9341
1995
66869
1382
155005
500611
78458
1225979
230832
619270
6601
258379
276679
344470
2705
16683
43417
279424
3800
6943
498789
86194
146138
598898
905501
131019
99661
13020
213533
10703
602413
512441
826303
314278
685529
40867
170923
16539
123895
540513
90201
10915
20928
123138
3814
1744
40796
97178
19791
18760
1551
237128
45168
252126
3831
74856
1094
14942
4047
492272
266711
32192
526301
240
260237
180
0
11166
34257
545981
132050
2536
17404
581
180391
238797
618083
605587
112469
1185
981122
217220
487904
595573
86689
696982
114870
1384
15805
744116
106806
221694
872
373
682416
14246
112858
5751
1082885
479952
36923
380
63940
283004
218605
101963
17
2318
13153
18752
2998
2028
159624
157463
158956
624351
97260
323486
694556
62197
90
23286
6731
3446
1365
1213
4822
171402
428688
985727
229937
476
691605
2165
33938
282432
496680
56734
1171432
453
133656
3910
914207
31715
97093
39976
80417
258
611245
83794
74177
264486
8625
4651
435781
410752
129545
909356
450111
147
364663
487036
645790
187398
488380
625890
483787
84806
354960
8440
207492
58955
50231
267088
77024
2506
4231
14416
390741
22954
1038762
77451
19
219159
29426
289884
572
3689
60321
20187
36813
105333
301404
406897
5375
448249
836
1086
299172
973
92696
103172
14220
80175
17064
689017
31
118556
15596
230011
49091
70193
619612
299699
1194
44736
3037
6752
25038
122629
41341
238527
13410
41
272186
0
12622
84064
252
10399
14661
178202
178606
27767
10481
297599
13002
756351
252042
29349
102543
48941
908361
6574
10900
25277
466571
2023
45625
5247
108502
57664
17534
203314
113
706546
60743
30289
13773
52021
0
0
415
311025
20540
127560
664019
733
43040
627733
597290
55200
709752
101997
16775
717320
48781
64032
462074
4420
34014
7645
1050
116077
448328
83929
1955
17
594107
12574
696073
279117
55618
640375
691981
31261
12260
599776
118184
207958
138288
119102
408014
371906
48694
126168
77261
200863
12603
199540
256583
914561
441849
0
194
143084
57997
292
80750
821026
24769
162208
201
151396
235499
7262
78121
383774
28031
189
522007
9405
490405
215179
762856
164296
943419
13410
20430
5243
26288
17359
195724
1001936
74596
8685
204682
75026
192407
199091
294466
2273
251276
0
268132
391
42518
10
32094
75869
1343
126188
224612
59544
128579
92752
448109
172222
32134
479873
244
438
183656
591475
17
42407
244482
1107454
26015
431847
1230
229417
5993
75374
789
98054
2855
7930
12921
725884
804105
67590
7880
45744
278854
608589
282455
188176
226098
7421
76712
79152
827
25447
291344
212551
101663
46104
266928
262422
17
94166
68029
174029
579714
81402
723250
208077
76119
3216
5539
276061
357826
34724
133521
215512
32980
21542
461119
183609
7989
531827
9174
1150
68907
9914
358664
61956
33071
1167
69114
44961
273199
8608
78174
13542
1844
127868
0
13978
15725
195779
3816
8387
143
304
450380
131640
273059
408839
73680
668043
201784
43598
51817
513206
249475
453276
15657
370698
38909
79592
2111
731
3442
244174
230964
98858
515078
406262
2893
261323
742344
330610
98135
223
193978
2953
371816
326
694360
736466
4547
9323
52849
13825
535012
158652
767918
6894
580796
443
27380
176562
691637
356873
158341
5712
583397
624746
668201
86903
99717
5065
3259
21317
256
405
57048
44596
668770
291879
113
46707
497431
646981
784735
401139
163877
40613
109672
340224
42987
96042
338351
129213
11171
335539
41410
385232
1275
154462
115268
53138
286273
7371
105579
180963
850067
653958
371844
48610
295791
5122
203481
226949
26710
12542
113442
141013
62737
187970
634707
66882
42001
3846
504712
550
1306
102733
19
138087
482641
718567
499766
11386
250766
343797
17434
221892
451407
445609
31556
28936
125600
411066
333064
43563
6492
145532
265219
146110
463192
86799
153735
697651
172
333344
117741
0
29066
0
199918
129060
325997
314659
276939
32919
609050
37362
448670
269435
15845
42037
471991
25447
13246
99468
588267
72208
331189
35110
78298
1135
141057
672896
669365
684717
7471
361644
211293
110064
4263
620
695677
122730
217258
605823
244984
636383
107785
324698
601239
305341
533823
0
61688
186304
338473
10088
78066
92138
274036
44149
48963
895001
67103
821058
31373
149089
151417
16615
3539
22288
185516
168823
102
40617
0
716794
54868
214047
223535
89741
823254
489530
10
1589
53816
471739
562544
16752
718764
115201
359380
58262
63250
143303
2866
63773
33370
71533
66998
36
56385
22296
381470
62
1145
54680
10098
191673
26524
70777
100019
896210
3929
370449
222271
1081825
723081
235847
74
99461
28165
542822
7087
446414
150756
58954
221025
178566
44835
38919
135041
47554
127
20029
119367
149638
129134
301674
105389
407651
781171
108391
6333
378344
14120
55279
510110
85444
395713
93901
43280
19911
37268
782983
950
52410
984408
431379
2786
11644
27
530646
1064709
46
51231
71030
21834
50649
60622
10257
1810
520611
393
9949
380284
446963
2282
4569
118890
59572
39836
873091
21624
489560
19247
0
5877
371493
188070
243162
1645
415432
295058
29323
198218
3340
4611
41183
15524
216733
2064
0
261358
151479
496868
273258
1122
374745
17935
0
8604
803929
4093
561225
309297
174257
218742
629796
11807
40232
96313
1822
54417
200587
23628
5547
130562
470233
903757
8732
42412
362085
6739
937909
139488
416575
82758
370711
41884
428841
493785
935
299931
22468
24864
231082
30919
57492
231685
90671
620159
16619
3085
2541
106439
44153
2906
172403
154272
85962
264726
482533
3872
81130
281485
81116
85681
88434
12496
125283
509112
358063
572
38842
88832
71186
271663
11215
320126
980692
380357
12804
71642
80365
102218
208056
100687
98949
186363
408375
1422
274854
487081
1924
507443
176560
573659
8286
134474
69542
232981
919
5683
185788
7084
361877
1120171
331135
16341
54847
4017
25340
44857
6019
12947
202314
7939
0
1650
618696
462483
4291
658
58760
60856
102660
60838
224400
235639
80267
3778
30785
237382
31898
117896
11
65347
315333
5617
245583
7872
374
284987
32787
38687
459941
713461
0
660
49135
46481
524252
1398
15610
350627
3466
23249
1625
81615
177191
129764
40195
393
47074
1360
271051
806731
191300
90130
73957
239967
300213
64
244801
366938
297968
945
285807
166020
6421
323677
91381
70874
218707
615440
267485
293880
162748
69316
62587
7340
374333
109923
234399
625
53341
2451
64620
335944
363004
6949
15110
62247
641603
733368
829
175164
245080
26456
3091
734759
92360
25928
99851
274669
100575
339414
2840
265875
1135
7267
354480
329302
1045924
600776
33
2539
360740
67986
322575
122190
662256
26686
40679
71191
989142
28210
825278
73685
20052
69296
237743
33384
320
400159
22527
9083
3752
288217
14492
813217
8097
6344
176970
244060
0
88364
170294
911758
91081
0
95446
4913
1459
91915
625535
8053
183221
16294
0
18038
120542
514052
806
131947
245520
26953
1058421
217096
20711
397
10303
1355
9418
173481
299333
310049
1111573
885650
190333
26059
131438
35669
161101
10648
5000
246570
6535
62
78690
537099
3237
955664
484080
405
604406
100974
10712
147060
177110
646726
4869
227456
424468
4133
119899
779
339573
444535
9740
34983
210310
19
340384
5373
147538
47032
151555
747610
5259
41672
91759
260845
692491
231718
0
14472
137
165
56
55009
90178
62882
30645
553598
29349
34244
248916
33
35742
18025
193252
79291
1016
615741
500
3222
19284
147252
53221
48859
149042
21
110996
224
321494
10274
902
93145
10433
749473
205639
561566
444771
488514
266419
322982
380196
187506
660101
339665
105779
408961
175036
120681
16961
10180
1583
24882
2512
477110
60308
25011
763381
478
445259
461364
109911
405245
167167
224710
69152
23839
147205
217
498954
143470
173247
5717
122333
33246
14484
31911
371707
943
51238
51246
865733
421875
10935
23697
424
695543
11179
348468
369928
38306
1139181
543105
15259
82136
128598
1761
4068
2250
222977
6924
13158
93805
35100
72639
0
95827
1035827
288887
184087
31807
4735
134111
20541
30742
67586
555147
658539
277702
824218
575662
73
34373
337497
68927
128580
57734
0
11046
119879
134944
281430
61019
32609
5945
38098
1548
561132
281238
21298
544668
983
23742
39262
484359
504643
521774
10185
356
44945
106027
3901
30218
958145
217104
20911
6638
159093
136190
72928
300
259691
256313
648
722660
182460
10
59319
588
17787
48202
22968
1797
321338
55975
12171
53820
916722
59137
1058717
53882
17016
156855
140683
3507
472345
49119
36849
25088
57212
421775
17916
2540
372205
86371
333395
29480
453094
49644
9044
241
9284
121659
155679
373430
6629
86419
298644
156495
1847
50511
873
656266
21075
240680
336888
129364
473016
9
252409
493950
44483
24190
14485
545592
213836
54
369321
272416
151625
259883
384410
45451
9893
382486
130463
67022
65739
30569
2676
149102
157878
30619
86147
202282
86247
418303
149857
723422
162368
424347
15835
511120
107443
233935
2739
144
601721
210319
77327
30365
140368
195839
12068
383808
16126
35001
249538
597156
21052
80
499
62289
25438
168436
168715
696
660315
6368
529606
496947
42610
336535
30692
237347
8527
969918
143617
496695
868
56812
284590
55124
652374
16075
23
457418
374205
135
809911
29674
55798
218784
711590
351478
3584
761234
631131
1079636
631
18920
313841
0
28444
14503
268488
696399
121982
68994
445901
419757
71908
5721
87299
33348
210359
370727
165503
3242
67023
436864
18411
24987
263976
260524
373850
4539
629987
49770
508046
297
87645
229889
398338
201210
11308
393885
432
348904
333608
771695
142165
450175
80680
122709
561120
242530
88583
59458
309238
94075
14863
0
784366
64
993120
29053
179952
250112
30283
149518
727271
460675
8904
5346
183998
69261
805161
481181
328664
227319
93573
322313
298240
12862
107795
82623
50880
16487
894024
3636
146385
637328
192595
70598
60909
73264
4322
3234
56211
382712
256228
111860
95645
40365
496364
768820
52740
201006
555613
105938
0
5313
107542
296722
54013
287056
22236
132265
202333
105911
347387
115928
11283
202419
198615
0
9733
808
378649
143513
1811
367448
38102
30636
17278
434194
3075
58687
23347
2409
4369
363733
444264
12820
273521
275556
125237
79038
310
19022
129852
526212
113193
88113
2304
19555
11229
425002
750953
805435
774390
292738
38428
626455
124912
437604
181
46719
742865
127676
130739
1056
550044
519748
798178
294673
546401
113898
230984
281872
3849
78060
247353
12264
353377
48458
489159
575932
353839
330522
607032
13719
62
194705
376457
59716
1039885
204862
212891
230123
485663
229622
285383
858
682694
904076
33067
426301
169073
1054
33558
879161
720974
134328
319354
9
1498
537
670845
5398
27991
184509
332085
36545
370071
47818
108375
9
77160
99105
2024
315875
241271
249063
17217
17
19806
167945
108005
102526
6233
8
23246
52
297142
78612
65
498786
259255
36442
0
908
76229
47870
707527
4602
4996
2980
60277
146863
103026
47164
135615
222791
3923
67108
816683
519926
476673
607457
270220
188890
181059
146075
71638
9855
146
26012
114690
57056
1798
427871
607443
36744
24626
45780
16551
18955
60798
2452
16165
40036
49260
220811
56701
30835
1879
900859
127029
2636
352959
303881
62944
814515
19319
14254
330606
523669
4811
34933
61050
516564
52225
25131
96646
185606
4535
383409
76189
197186
26091
41384
27255
593022
168493
197321
43085
890291
45400
67615
80753
192783
253786
278788
312624
571991
27
91989
350753
19970
156716
7289
13386
26480
81951
1760
20077
696056
7704
46567
643592
151449
922
17
86368
490485
50387
81895
2398
363
28660
628470
158778
101747
9034
427175
120353
81636
334475
42398
867872
15446
153069
44177
2011
71098
657673
93
110380
27437
142298
20289
2122
57474
1598
151829
342067
478319
571608
111087
64
129
5453
162774
51549
232087
17423
161772
103110
3499
137311
935
209147
126227
262444
359
178466
8013
101792
108847
22065
188282
98359
32771
729715
300550
334724
348997
14317
267
82255
88375
2692
488879
97193
1829
575553
686895
26598
700107
37275
1177
217816
72079
31248
561378
1109914
408912
589692
66399
0
51
4069
13530
43875
155507
99380
308117
83
585641
524801
642130
7823
515116
18981
69999
59419
23645
15066
84414
213
263637
433155
1514
6504
1827
115668
154083
100045
33624
4909
0
308169
46827
26613
243956
844982
4963
17290
55428
736831
16527
21314
598340
20284
250779
47583
253543
9
61531
638
117056
14449
222325
804707
500284
55061
85403
517413
141156
589681
144335
0
72392
3684
232338
328502
142432
160127
726051
1112146
615458
31005
1228
289598
167580
352721
12478
144480
846999
5424
3744
151275
461
42855
140730
3011
48961
70554
219351
1142
192599
481578
452119
61815
302749
34041
287749
824879
161599
23308
946691
838146
81903
20822
222619
7018
815943
204301
88296
406346
10
178088
19189
213028
248536
2702
3657
86146
154055
181844
78874
46593
49251
445709
784717
18429
290443
72049
25779
255934
29506
487141
9623
122725
111430
71558
15844
58645
117242
22633
185330
18891
30296
67405
22614
345848
27437
225912
277796
501
41529
9361
529959
468004
62336
741658
19923
360343
33361
33715
560481
776060
39781
427541
86396
204632
539881
218852
83
3801
381
111715
15978
2058
505692
600273
2845
18071
14498
270166
11294
29147
411957
2295
3150
7072
129852
165039
322505
30727
182319
377228
2626
6219
974718
20656
17655
38196
55441
187504
115091
135468
181392
662681
3487
251803
422116
1096
266087
197224
153313
355363
341
332677
121833
178492
113486
101180
7083
213058
357
97159
1235
1949
188
37094
16898
83739
538500
4356
488432
21640
311689
115796
326260
91
67181
590758
53913
119577
635587
105960
578913
29716
449163
57423
1712
730
34
142820
229584
798521
154336
72408
977743
100277
28575
14970
998627
133619
482272
462279
443915
5318
108906
200595
2835
530735
171326
964272
7752
989598
92832
179
20155
115040
555020
3383
420789
684796
4802
807096
131707
702921
154460
284340
34245
39397
156182
100296
584602
2830
260731
3067
51744
147770
10202
1596
223571
33451
77415
58536
895
27155
108848
612738
106190
71669
84420
13591
39780
22934
506617
12183
522608
449965
446628
494184
228295
516113
0
148714
128757
1093109
13351
236653
109708
33142
210136
50000
7790
117879
2478
351194
8119
6917
26
1939
33337
3661
19879
518089
11104
75170
368
200070
190634
211169
1067
170006
682888
343010
49879
44520
120042
149511
1255
134
29661
172
55699
23487
260206
63
58933
49018
50433
53066
64449
489
5109
133399
616
82143
397246
115106
396447
296192
648
232811
339183
476265
15665
80919
9823
55963
307885
40010
20378
88454
62804
248740
207
513448
451596
1064525
185782
3273
171018
11914
1947
270
78004
27963
909
152598
738766
76436
150052
162256
557659
1692
173831
72684
656800
50727
708
156613
16851
365209
210321
53825
178973
106546
72714
334551
151139
270759
317063
4338
4234
527
2184
12519
67847
31266
488929
451683
10291
3461
244204
153082
396398
17793
3850
18859
289128
25090
36514
216690
105053
39033
11172
17716
27960
1083
1731
2222
531862
6041
284106
61941
415574
30556
11209
536879
45389
6396
259445
270280
48966
236205
75351
72757
79929
131238
865548
768276
86
2205
225759
70590
6445
114040
152071
326076
46004
127068
3111
364985
3176
13453
47746
664256
7591
71868
184493
6414
211147
807622
2400
104762
495796
29876
37371
563199
48057
20754
22121
197855
1027376
15236
158321
59402
152578
258628
0
11220
86336
401544
60685
4512
43119
505584
302767
75067
6406
16842
25127
1074713
645
87172
6432
84272
8540
81475
144343
175372
249841
351
73346
55868
484849
97990
23023
392644
13058
406334
136281
109180
138874
728853
86589
91036
3031
1499
193766
8202
1255
31096
315313
368889
247556
325523
239715
769101
669171
371613
22718
110993
303096
5137
61301
114629
31199
197661
80293
9936
319
26651
15619
530084
645585
114899
37
724772
948574
114195
975010
24042
611746
962
475178
20237
171496
101709
295654
236350
1007
179779
141741
1026
43208
53922
29159
60211
336898
29636
265366
893353
575924
4839
21411
5761
373052
13664
31720
38271
367343
1215728
0
195477
2309
93440
220199
305754
378166
21402
117153
810119
13514
901
73721
151904
7328
70104
46410
134489
277459
253995
281488
521380
5182
29871
31732
281106
31979
180236
33083
140603
4657
642292
382744
209816
10381
770113
77008
268925
115835
0
152411
115255
46026
758043
215437
128559
796
282457
544
32056
10240
519642
153519
1153
242065
84828
328
25597
70258
195221
280078
562466
122959
605
160953
33888
204249
0
58412
928930
465835
203793
1197
308937
144153
250995
628384
543146
614576
342623
30859
24012
3345
268095
194401
29475
710978
243556
177365
206551
735269
16781
10707
6465
492532
3671
22119
233539
15561
49282
527322
19948
229513
128029
161
3255
63150
75046
30508
2723
257935
648685
226328
1076
63266
557266
64166
124033
5354
91646
353979
763520
4657
297350
307010
42346
200159
9
297801
330515
429639
334199
40959
121863
585883
31694
14930
240001
2051
285
3298
153828
298763
36056
1136962
53326
63678
74272
832591
59659
8633
29511
190871
51708
64380
6140
155294
915677
22947
19283
191046
1576
70041
161994
2899
201683
269856
48445
551
277024
878752
101435
107033
231592
1048919
239
101660
79042
286865
81946
24437
181882
52219
72610
260467
288026
6989
295744
186216
543441
64560
4404
320682
11075
399568
1356
256
41879
342233
66703
0
62139
379680
43881
1000327
5197
117143
4687
41172
290751
317897
1151
1149744
86137
340049
60433
261865
115245
0
170270
954326
475577
443089
32344
22001
4397
126698
144732
478588
197937
884448
559400
7468
344743
11340
639505
22266
70414
205471
12440
11622
686
2147
737
56055
62361
55840
621150
222764
111136
8439
308265
3778
8166
33644
268825
35506
395058
83484
56534
68705
161929
1605
116382
17196
80797
17
395
33138
13895
9
159971
9925
245637
111869
242640
312570
367882
105164
506703
20827
94391
462651
250304
68099
127439
39757
125809
198621
680474
77077
207462
29821
730008
833640
114314
56173
107991
1144643
49453
430015
1430
85808
13481
50886
569047
60438
149243
42739
341671
620709
81
9147
403042
144501
9480
31896
504852
23634
813693
34001
244337
41678
274061
490974
65239
15777
39478
57302
205584
449552
424723
155
111794
1793
598301
33998
49046
4254
48422
331270
120800
579
150968
3987
363360
455814
56704
13595
6362
135899
226895
28320
4769
54170
403995
767
91892
63012
257978
119526
42214
210
63457
582
112564
24350
15250
149092
247707
5621
307250
16915
788932
1105279
670127
245442
8389
58804
43849
8929
17376
12751
289502
61606
36872
183308
89947
37
75263
626476
47557
80391
361950
1395
324146
62183
16390
10280
9496
149
45536
33673
2683
5333
256485
20429
19552
854722
174673
282963
532915
7210
103944
84626
660046
68522
13607
350006
521605
328588
537
336368
77264
1535
326486
398368
102894
659892
552233
669531
32191
649422
323152
311725
126110
889292
74507
233379
662025
68323
13613
17936
60210
987325
719976
24254
285657
8267
499483
232634
47238
208487
12252
136424
88134
6432
367059
344313
116333
659801
179198
1199
74204
387
3191
345613
439166
127144
710108
338185
8641
5494
437099
65916
320662
526020
199178
149076
207562
523795
155
531
103909
26360
1079
61621
6924
20877
5131
178859
24941
66871
297700
82946
8102
16149
803449
467414
140631
49792
10126
188662
34
517637
157982
17503
522093
35540
6695
1035770
23358
562520
717319
12536
97120
2520
203062
419636
27323
95932
3007
84611
506484
264017
93017
46897
397569
83581
40524
608078
55958
171020
33641
26248
82862
13488
277104
174250
409792
197645
288034
582438
750918
400998
644830
334317
231470
453509
1742
109469
209323
182680
156571
34026
9203
473
224857
281227
48054
114320
338058
13707
185204
1092
62898
125275
272228
16015
30147
161537
192808
22923
35471
66371
3993
438181
124
148486
182039
114650
114447
428121
102545
1217
14178
5909
16866
8007
4117
623835
641148
73300
9937
255
451851
154627
268392
115325
12319
253032
10041
157246
9
880377
53100
339782
46313
280277
209275
410506
88997
744341
315
422800
4863
117587
109454
31548
26506
67991
80201
227663
66016
8820
818455
128655
51885
35893
60651
277804
5713
79604
316352
2952
14058
348660
6594
57970
226226
326004
4909
633
280028
49288
8264
17
54210
253383
1098
352156
163297
263949
5096
44
21591
391572
21343
330123
22827
124183
346696
336132
11802
0
163092
29997
356000
508385
259200
849343
455
764634
13700
452961
26223
432424
24853
272
93369
36229
53385
345287
245080
236188
193218
44597
467535
49294
94362
87626
40085
59541
709766
31702
201406
53568
496891
28672
3605
274118
11787
410193
375893
9268
36262
21394
96550
247217
679924
156936
398133
109272
276607
256643
22256
12972
159408
213312
1096622
3890
7521
37010
189709
119
3162
32907
517643
12280
140719
72708
62327
285310
487142
17420
0
134919
210374
42692
175763
89674
774867
17611
320524
235533
613838
500991
6660
8134
165865
398020
413863
161826
30147
248153
34239
256515
31939
1707
405
219724
69377
1043242
250950
499427
267401
7030
80560
40031
58471
137538
432936
16013
110469
37873
84527
683944
1424
7060
17142
136190
7781
28176
49262
34966
31069
12890
322385
16209
67492
698472
499277
264869
590322
34431
27870
8316
272
875
15013
54529
32305
8724
507317
41022
318659
521055
44869
18
12
70007
14516
45158
30502
46656
199326
103502
51586
212583
215448
250535
10439
268804
174084
159720
9980
31371
523892
481796
408116
152055
107147
37
530377
99801
25549
34533
494808
24366
970728
338727
452541
14895
373713
0
208327
8545
22229
2095
314372
111589
831848
198400
35208
249944
248638
631801
49937
496968
725606
5030
662325
269
110757
819822
9963
29201
341
139
1651
54210
52662
3491
116191
59374
242348
559997
457928
284849
71598
52523
546549
431757
3314
191526
11991
1058321
934865
263094
124971
59408
159002
21519
344493
136364
11173
195835
13011
14769
242660
41754
195598
99666
66323
548925
54096
16224
637433
129
522043
1047445
5310
155
746015
193136
54410
89138
20750
41
5694
157
1492
80572
85301
113838
614161
142627
103076
988224
159511
541659
350437
20
7180
8513
144375
164957
362000
266292
161576
316074
97546
22316
36414
260656
120715
703531
39636
94034
1220
18926
561
362422
123937
26056
92088
7815
102393
1727
12710
276029
3865
77427
29405
61219
104845
315012
42750
10955
0
405
52354
219
121183
184325
3168
489213
111266
53231
827418
4285
129071
108547
426
78190
656157
205157
26957
40430
764600
298499
82650
1966
511378
379556
11
71353
2364
285917
12720
191572
15918
8698
184425
765698
59343
524799
8709
242737
1790
51168
1331
2450
31179
62192
765727
300
3421
25992
958
435168
11996
222417
47984
82160
1958
706484
7635
33802
742697
438
25602
687122
295051
40695
155985
267281
88269
362542
601152
288048
346006
253920
333369
121801
769912
820
22987
845
119612
402398
89414
29153
17904
44526
12336
12629
292537
71805
97987
427336
49393
25631
47
125119
315846
0
322545
15623
1783
168767
82838
6496
666009
26062
25991
3633
628452
21479
201417
416933
261841
1141975
4289
65116
85773
7650
146440
92470
173122
134228
388550
10170
124726
57960
768242
303782
6801
17651
120699
650686
145566
1079256
98654
6387
16326
28493
12009
31705
631425
520548
591035
473922
28983
25660
36419
287351
26747
102
8079
1948
68899
2704
68584
49608
15531
38240
445564
64
0
476935
46314
334565
19026
148964
455451
347799
217
66
510
42094
18028
55345
336340
692647
98306
557410
130
10091
1179
64482
353282
121464
507422
182786
17757
247116
2663
286264
88944
349092
105603
360413
34228
464597
32361
457370
558303
3796
0
26017
18446
253667
606368
7148
98664
16587
2839
886299
163965
831345
109789
104488
327167
964
85566
1003158
1005
1858
396394
31897
14580
102206
15425
168234
54
136768
680033
23794
226232
806
229447
2834
87328
120
10988
51200
581231
966
988482
397
4190
482146
404597
103059
400133
194178
41112
1000234
257040
18099
61760
88838
60391
645539
77801
3683
986539
414386
538392
56823
346043
69
352388
3805
388428
15349
70870
8915
32104
39200
343673
24663
96961
266462
113260
30552
144064
562751
234226
14855
161281
87952
106022
157168
45250
566789
484
44672
936
18793
1547
13796
25042
800633
4445
5558
14988
876623
154078
156313
163023
27355
199266
23312
13534
11748
300833
583991
598506
29301
9290
235820
61719
129189
1065
48374
392931
95089
19
42079
280
605025
74836
634598
42410
308559
372423
481816
51631
353215
1453
2283
36538
20302
390549
2576
138680
3809
150209
758
197457
339
66688
413283
82375
5574
89239
88477
185162
490880
367825
79372
48225
130765
73
8137
39890
115881
519408
38762
136733
0
629419
119347
90
220
797
606471
21085
2783
52835
63280
207
5257
133607
357721
15486
262408
336697
355072
0
12766
764494
808301
168771
190914
86901
57898
1422
11468
46866
157661
883156
4596
23937
705862
186521
257855
5317
5588
292638
386216
8628
674266
16918
9311
116480
522475
580399
931658
106324
48991
27114
465
145383
36365
127807
98869
90564
29440
8969
2970
89660
247552
35671
940544
191
306643
1936
71148
19461
6849
850
20854
359259
67581
60120
202723
951891
46242
22246
172036
40996
408073
5578
350382
904959
7032
450545
267299
28909
149182
8115
972651
102251
447056
100677
168776
686
16215
90131
368410
41410
251667
316
11230
74437
644383
192237
44638
1140129
1208491
243559
410805
28898
5360
8083
54
1517
56
66135
440170
62280
922319
2725
156022
451532
3827
12149
342663
179700
4592
26992
37
612867
225324
216969
196462
2100
235507
288921
20688
381
1032211
152181
211073
950575
56883
100243
69298
637655
63011
23
649330
562085
75430
559116
8026
34452
4673
66462
473521
111043
142576
968834
252
412
809
140104
451120
573016
173702
715294
310993
935
5917
184008
337
1244
125743
129219
261727
5878
101184
445320
505328
287809
82924
72209
92039
146489
82452
432170
94846
278098
237871
152297
3764
90603
21933
3431
179173
800
14289
327
147981
27498
375849
8635
103740
8954
214310
69937
1510
11012
0
911
93993
354747
541860
38010
2784
48647
339559
35930
119101
227851
265054
423952
114038
370
7730
189472
504585
1006553
860
191
94230
954940
4479
184420
596739
37185
35708
265589
243150
214739
206285
959839
7981
54768
651505
85
129154
178666
98896
1081
35662
102
9
217537
298347
477413
9009
898117
1141002
251343
93723
88638
425190
384647
731133
197016
165148
7839
78079
612568
72843
46346
73713
345314
48730
402298
10688
18348
201644
86962
11622
53638
25041
14944
15
125386
30527
376032
207835
413450
60872
2748
29821
806434
51031
388740
396616
12246
147984
461761
26141
451308
9
754809
2622
24858
58392
14989
9683
670
134204
175175
48029
347169
18830
6596
39067
1867
145685
263
345
39977
81363
18468
648489
20587
128929
226247
102574
268540
215261
31631
54211
19
5895
352870
2713
23858
209861
225095
169416
377166
337091
142860
29216
17594
15497
679277
424795
50217
20060
1035338
302326
226023
286589
190261
302964
224484
327131
514424
49817
92033
680183
84306
9895
666903
511878
808494
217700
949292
209639
115511
121375
9200
514856
543180
6254
27233
88400
79057
61692
19540
443499
90678
22635
0
42122
295504
120823
2900
0
103656
241574
9984
315644
1046540
1773
4737
39407
15065
8707
655818
328447
145260
309265
104792
895
485214
4047
60463
125469
93185
107271
359024
203365
1181986
441
464726
6851
132738
263187
822267
408
635890
408225
40642
2669
28488
233655
3703
278068
187687
25350
5070
17118
956
6644
464491
649186
84014
118777
4648
3448
207784
718928
122368
447427
67275
6326
209973
13332
552170
51058
517650
348271
996
57576
110059
478261
23521
243513
183590
70909
2833
40205
285103
63351
1503
197487
10322
268226
301461
289
3318
20184
248016
3076
4852
791213
5116
60383
102450
272360
235
275237
343156
316201
45604
592041
145927
3762
252833
216203
20327
343320
202448
700
85500
612018
146749
12333
109206
280561
594092
228731
14599
444326
119556
35001
185714
216811
903619
6428
106713
5616
305616
255028
5992
25424
794
128144
558662
563
251145
146
11464
28242
636786
21342
3288
40028
152584
182447
18191
232265
436425
35850
19967
262437
590934
4923
7617
135908
592539
941552
266391
207609
123806
458684
54773
128734
48804
22562
703149
128229
230564
171795
11674
46497
8083
321792
287358
9114
460325
55192
2447
602340
362504
138667
1870
365064
51303
9761
2459
47524
507
130491
29311
5993
1820
784632
0
96834
52435
80244
339279
156813
13812
3120
334917
141
548273
547742
193362
205294
85066
12624
731032
436260
7784
188863
134099
248722
4373
365657
256479
231275
363380
326119
31500
0
390700
714554
94974
47238
238224
107359
47743
110227
360960
16979
257052
130
163494
14268
14466
722382
45562
20184
849885
166785
23781
235462
297778
91079
7195
130782
234420
60305
762545
79423
820
81737
46455
56112
16044
308303
483277
155608
32451
318209
715920
475335
2176
30696
138090
1247
1088
13647
83575
3005
28065
234352
126628
181933
81763
265998
192340
427918
24484
403
433933
8686
175287
756
331528
21440
57391
177498
28477
328958
181829
634078
1995
363295
260606
651036
5637
44786
91120
408605
82140
514272
28761
13647
4151
21046
197912
600316
588885
57206
440556
695460
113975
4722
16156
129455
349166
827891
58760
39268
193435
183385
130643
180466
203300
292418
101422
17570
272096
130937
445748
520924
14438
6353
186025
190246
254375
261066
36373
80582
64
3748
17956
277
263302
34019
6606
0
271724
363086
200874
22483
546
155184
276045
8663
28844
996355
32199
269181
19083
163779
43083
9421
518935
178460
4117
585479
30941
79432
3005
1060516
496361
25
17993
20813
551557
120490
948276
6218
119367
168476
175092
475992
247883
4514
327101
56019
76512
835282
1632
309543
10485
10401
50682
43071
38221
172
42294
316372
1386
35026
682932
119762
285386
317658
1007808
970
158209
548826
173789
352532
95626
91252
439
519154
218280
6067
39170
555767
26818
8015
141675
81455
89348
5567
64306
147377
191532
53159
179428
167942
75801
103194
60254
10566
362812
373613
481570
15940
937
722589
130599
1368
15939
560948
524776
74096
23623
123
26421
163276
44904
14209
496834
437348
120721
5436
15282
581656
185986
14909
131752
402228
68206
477115
32585
92714
84433
351132
10867
189699
6607
420415
51832
15124
58568
221412
0
870858
75736
437936
305548
274925
328
10279
80383
148468
6210
363906
3404
517493
34494
94353
2122
2136
40518
95412
54490
108508
17756
302587
166085
691149
337804
47393
543107
91504
1537
459495
57872
58083
520650
13012
3968
70765
87339
593834
210904
3797
19655
166972
1818
9856
294507
548464
98752
135552
38497
140912
465844
492342
66177
226753
113
115438
322928
212627
4391
600655
495390
78613
231232
9129
80457
30495
158346
908080
381937
715
2472
2517
123514
24623
312798
255989
343892
10799
434
6761
399585
51395
237865
2362
126647
49341
2435
280606
15292
144903
6894
19931
145012
53619
14771
81986
4963
1229
199428
310276
895929
260733
33376
1107
453558
125352
21280
20627
3461
245766
729964
221904
12353
424280
49714
847103
0
605493
0
94847
452332
133
341816
29168
214679
766
20227
63936
454913
727
10766
89449
383408
7485
354171
71663
103390
132037
102925
106100
40129
100579
473424
534
55035
24996
66856
6371
136441
87859
97399
395652
535075
3118
1618
1048
0
190239
295980
464665
22685
73162
247134
796838
210506
91685
403882
333855
34794
231
46680
122665
189978
31753
2154
715
526532
58344
141531
698071
9747
549585
5618
34055
16757
84232
14238
29
0
51161
46258
384155
527659
72560
80571
283917
465489
42073
28297
661365
275612
188963
697
6945
56900
130717
579862
3427
62247
3580
40863
70579
234531
148781
605
302716
1039
241887
10820
101793
41326
209019
867321
799188
32856
3393
434185
190908
274332
5321
157809
19377
74622
349
40994
835246
92011
566609
423
24459
323
11682
103807
412364
1536
4899
267435
465397
186357
41547
71103
124667
178583
283147
393179
320801
417557
342206
779569
11990
18518
248252
4522
350272
17504
626165
27294
193584
585884
3528
27125
372460
191499
77119
22294
22664
485393
29343
523807
79470
14437
73892
3903
156572
3162
604471
83254
175621
0
40453
28308
746763
742553
64667
147058
596967
113267
40319
581496
12804
52433
373439
9
224279
24018
60307
116107
657082
271184
71
5416
487872
12004
25969
375134
1197
17516
669460
26386
533418
13587
6795
0
256951
558865
3575
121915
90957
114299
96523
659757
370637
309895
276157
234946
601505
105969
16221
362338
80846
418
379902
15851
3733
611277
221143
526403
590
449066
339575
289
112
276648
36782
43966
235952
5144
207762
214169
98221
113246
8558
243834
12015
756256
743783
23271
16130
1929
37371
340750
19474
437258
3582
188669
15031
3959
59294
3008
2951
145609
30988
12418
421541
818152
216178
37938
487202
50141
23572
81655
193
700494
10178
396743
8610
130
24896
53272
135213
100853
350478
45012
941301
21948
38597
11750
309181
566
455
44500
445823
103302
339939
53107
2233
25668
7075
1912
52475
48154
242074
31914
2051
3686
519952
1053
41713
200908
627589
180597
123167
8310
48198
777723
129462
12590
43421
9247
669453
576586
228206
486113
2798
89797
10390
275198
96670
59290
398761
213962
1070
173348
10278
26274
4982
114187
74274
18834
71415
88395
51579
73
657857
166831
9461
915
103875
656300
915808
16263
19037
338
5273
198375
187473
14714
523393
1636
10979
467264
140957
89319
333471
198234
92752
373088
117010
288171
364983
358384
452579
270123
149725
82609
107775
122282
1115
276690
443
104366
83684
215475
438495
2817
4883
219938
282308
96614
22618
1143736
52561
208680
77757
45
138468
16177
340361
979382
13080
8859
78313
142082
55509
81247
59485
316254
148853
29983
80712
654817
183040
32809
150770
11744
27963
25774
29919
4466
20070
7542
252069
718793
65656
1884
9237
9515
841
58953
67882
669865
10342
53329
453945
670834
124806
220096
96241
311458
130443
326389
137101
1001
16961
672998
418464
560268
701882
84414
128742
649228
50776
17706
2354
37335
10556
240453
129093
173132
560038
454299
235003
16797
78102
660887
70499
13432
829416
19328
111868
3899
267
13718
54479
468800
10017
85852
358976
38886
20431
64983
48008
687778
495
88012
472984
53237
84371
287804
36117
122007
269586
44452
215733
382
819670
46888
242609
93662
46034
331052
1038619
1079661
2115
263541
20890
363015
151010
97274
142948
29302
408331
19794
134274
1330
246640
383981
433
73298
994
93183
27623
326853
152771
180383
6900
2176
79661
69209
43733
507516
227139
53005
28
844451
221176
80170
149147
301878
40491
80
404631
31021
119221
30222
321412
7526
308987
188
58685
348860
6456
4069
173
27282
312859
150505
574501
392096
15225
138998
586664
8566
6046
455
64265
1019792
111987
152284
19293
168989
1136280
209827
114477
147363
907154
7434
337638
321449
72214
1042
10908
2208
350705
6367
654411
60115
268
166500
834117
111867
72758
5639
6672
144556
14981
236956
406277
300393
172560
70288
100990
198406
810969
214
72967
6888
33501
8107
277
87668
44530
3005
216
159299
109006
2396
872221
235860
177184
116053
319746
514
5188
164060
627870
117564
356749
189543
54658
521322
122811
750688
0
166157
68014
900
29764
76607
83783
1393
434072
952266
465454
128392
4744
285477
198183
550519
66947
17577
2079
29023
10175
174784
6058
1028393
74980
546299
238846
855
98710
0
11351
20160
32005
122407
311031
869378
166516
180740
96395
312502
94205
452569
760621
104
321041
16225
395289
52
425
23189
17
223350
530058
164253
24
298327
583
0
47510
74780
51630
196903
48106
758959
3798
203640
208659
311747
62051
2239
66432
34272
19
7193
721302
139909
12982
612463
386108
48434
423932
96530
205841
293606
321608
417675
37480
10767
2408
5462
27772
10480
185918
207239
346258
538602
52546
21391
19574
516796
74339
24005
764
4941
49368
49759
0
773166
49760
125887
667
156778
36
673391
162692
310013
50461
43110
115359
168639
236357
232264
205312
306
713685
65167
765
36947
29680
822803
230805
32762
9
366490
152681
74931
740239
805
356804
313128
429616
138014
226057
578530
64134
168666
82159
289677
64
135506
42264
3769
68055
5626
410675
53121
4443
91133
153633
46
215587
84656
312735
8378
100517
11089
129400
428693
771737
4353
1664
184692
10012
528917
100229
76939
389324
93000
122
12810
19869
92125
1547
360971
304760
77844
294465
150945
2980
110158
2550
284465
21956
31288
86185
24511
93633
126359
5145
44
7981
125326
2424
453075
715242
641329
441125
33444
1402
1267
218524
10192
841
19648
69217
977243
11732
180208
103631
1056
1019780
53523
77060
258
2915
15980
26577
23871
184621
421405
508003
93933
154491
338668
70493
355369
387410
58607
29806
208534
142047
61565
181677
14733
453704
2711
4810
70605
577747
42018
84915
8305
9229
37
210253
801144
509293
120278
364386
187030
1765
9397
54750
504082
27136
155216
241776
219967
309285
733825
30472
11885
14738
57822
108424
29894
120109
331676
4205
341185
540345
817
156841
193114
19523
130894
108231
116664
277233
17328
486332
320296
104
768302
910
116355
91621
164
203455
74490
12217
12151
22230
32754
424965
3374
1205
19137
13802
0
456115
513471
6436
98836
54605
33939
9273
9173
51987
210314
11000
148719
43919
21386
382
3748
818871
9327
67859
8268
116546
111186
35842
173719
148
118003
20846
115724
480152
789657
51743
676969
3417
38395
542610
3843
302219
210413
54630
69718
11850
191191
112927
60003
174912
659797
17879
324870
192288
118717
120402
214050
88851
20888
1093332
90922
82382
86727
146070
403
139615
24673
896319
936159
185291
91659
19
512392
360
358963
211588
18054
195581
477698
21490
254636
177433
72140
250877
75000
262294
1560
1537
54171
2546
0
10378
451503
16006
290767
504568
75480
235343
644008
354185
70562
507219
152215
378766
0
200820
3734
319615
394150
42739
50802
728478
137981
717222
42655
60704
388125
668701
92273
229146
130839
215128
344140
875768
5401
75285
329959
73959
10344
401119
2332
4078
640239
33706
220406
132656
27585
102584
992678
248578
64252
462893
4224
125525
148111
27946
280696
58720
113732
386756
282468
94221
426486
3030
428217
13567
650621
16966
660875
104476
124742
488356
196804
114078
443190
816516
3946
11398
66150
42945
222609
32484
15151
221350
116883
277291
187416
8899
263144
2457
112879
64820
228011
1008091
0
458364
28362
61900
55758
214414
70971
284897
42921
630982
57172
35909
95746
58431
173622
24773
62362
103926
0
444076
40023
115
972702
5375
80598
1030216
25437
93496
136175
63452
154679
136
140865
177173
370742
126103
54535
47860
9758
196
48732
10478
92905
3655
389368
6082
964951
332918
221793
15338
125857
230268
88957
392782
624680
99243
663182
33462
1892
221982
126739
270477
13717
74563
0
76466
181245
68635
995
93675
398272
563209
312108
1669
102323
346316
6694
712591
473344
36011
20988
8362
5305
94640
367464
145760
10525
35616
23765
311639
621005
555424
1167
44440
28838
135739
366696
5726
308248
17090
8442
507476
562883
247
773
259503
536
446646
127847
305708
139846
449217
64204
17921
169086
233953
658996
86121
67349
600176
630631
110167
0
417182
247544
126916
68605
69679
63279
203274
328128
688
30303
658901
1811
37396
44270
20812
3741
83682
3535
191128
424398
16929
216
268010
60870
38
32603
29
218
7262
271646
270
9590
229843
5733
104164
45096
48058
423089
405945
63185
298811
18126
403499
252264
194
49079
104557
156078
66127
8175
1044651
388480
160310
0
123881
760972
96656
69593
280240
535235
743545
121615
157540
459008
305840
240565
275252
15725
21931
48522
28159
847648
436055
63649
211432
2801
390079
250690
7903
590067
1037478
177080
52394
151
454649
75426
1071297
205827
15574
130872
145293
42563
30656
59590
20867
176994
453425
207519
726938
246865
54855
41142
157006
16904
270246
74866
468
203592
280209
129095
2298
258062
271680
13600
512275
195475
147612
12481
3406
36617
204291
12383
207
59148
115582
231680
33939
29768
623783
3046
186813
38824
604
26677
631602
36115
176222
8361
502988
69609
47315
42272
615275
47302
53789
23331
7512
105254
29651
804664
99311
44522
769441
102276
40206
206912
710398
395107
399510
361775
122177
654071
341935
1011936
12443
124087
52
31916
263410
11047
963738
454649
2470
588117
182140
7522
9229
503550
391688
6136
710
206
7625
7507
53626
100707
62272
7210
207396
450269
51503
142202
253203
59029
107329
0
46296
93683
1330
8505
64645
463012
5122
47712
102041
211072
465
122649
121920
25393
696769
43021
1210
50416
115653
922
134751
641168
874993
26280
8594
206378
543747
20734
171818
55896
321195
4284
123072
34278
99371
1045
105943
180
70619
38509
593575
8184
590271
6838
29268
49344
223159
348790
157
152649
6216
409
96644
74854
662616
566890
69107
602431
164154
97388
416819
228841
311143
10440
175940
650267
51802
37925
4308
2222
179901
185331
320544
6079
0
4200
42251
286632
8250
172
17
5876
109032
950
137593
0
1127
45
404116
94051
161178
57
268351
96544
643
8955
41694
8138
66153
862555
172404
104529
0
1806
438374
213056
16769
2662
11908
397224
327089
41994
1598
9718
48758
82219
29362
52049
48
90996
0
7000
105086
359250
19
535182
85623
4944
37
57687
8407
24411
204
228
157560
114816
212388
128411
316551
198761
256948
338
361043
831198
75879
49392
122173
689073
1196063
4550
360771
98
40413
266114
179515
14349
2754
3448
3608
535
109711
116652
277880
277550
10085
28288
822327
417004
34927
470215
34956
59092
1186650
504185
157566
1130
44181
29390
714181
617
190697
100847
91090
117249
76301
41646
42132
2956
111766
86412
248436
72
357503
216
35590
34342
15411
64549
15853
43622
68009
94250
6883
9146
274018
269487
150728
86512
119496
208494
166978
67544
595
44125
31318
116917
914180
159673
14545
222417
510
469462
289092
1141076
7166
330932
5567
153401
115111
50282
149394
0
909213
52396
48522
491603
4458
15250
240340
26219
217491
100963
120
36916
305927
117081
1911
26
87
514586
972
909110
285973
206901
54
2875
0
20236
752098
434811
1022237
310477
375
456
222921
494
19
683632
155
11007
182049
25462
1973
25681
215898
297054
405720
5187
316041
155445
765712
63774
147993
2340
88938
18882
37995
984316
8407
615853
617462
75
58155
2927
17872
10780
123194
6182
351181
323700
212885
25836
143697
65435
5395
315825
158734
4908
951093
219427
905
174928
84936
26
120986
87798
219787
886158
4974
19045
166680
110601
34133
16806
61566
14470
423419
9152
407130
97295
19945
25167
52374
88874
9316
35013
254089
31989
32122
52084
369251
15936
946116
105363
30252
100966
573316
52345
10022
24663
297147
4171
39074
11475
223882
119958
24522
149761
193343
805112
54819
20237
1444
11136
2232
22763
384086
160222
574391
14662
577129
28000
199527
30632
955102
97440
458
734545
20683
214542
172754
272026
531354
0
447031
2052
24083
43923
279759
461555
40115
436414
25193
170489
518
282569
402518
13017
628935
34673
420969
303594
15707
347417
9
401746
809183
136552
23732
196383
291713
350329
3918
201017
14561
37352
4335
5742
102369
92420
115526
21413
220528
6362
15165
317137
432769
378939
652
30195
283617
6161
10420
126660
766050
563
212343
341299
310866
3324
141798
10115
23931
184263
173790
171130
61726
201567
97931
223427
12485
203368
318888
12785
282098
488082
7246
122434
734710
40012
13
541616
70
53335
147738
407828
14783
333550
271001
26092
637363
235092
18159
186879
530342
5629
119959
52185
76954
337111
535
27892
61866
395797
386232
254245
225
693
57665
982670
542180
16
106230
2143
5729
13763
1803
62274
128729
103350
568
332376
12822
2350
281217
19852
769
727780
95448
110733
129818
23213
214837
53783
81068
212
422277
683263
138996
1044
5806
6466
39386
431010
38690
97292
346841
48862
366491
325487
20324
364388
297614
21234
550569
412275
349270
199116
39435
179610
676280
313630
46380
715902
25800
1722
38274
259825
123544
801122
29586
26936
180833
5786
9055
3233
100552
557671
62578
5385
1073273
22834
91388
3948
73876
28894
102098
146555
2609
236666
218
558
342536
245689
2414
426705
4072
25413
659683
235057
87754
288953
543
6782
18262
6135
457282
312575
480583
22118
122805
5864
340419
0
41183
14568
424870
644747
120145
164153
818212
99088
673288
10878
396928
16696
50725
417528
373
747994
292697
1827
138304
10296
51467
15598
523472
245846
329501
212126
264211
126988
205712
98997
248561
91474
599636
5579
643296
237146
286
368427
218560
78451
81580
323705
179467
15534
157909
298
23
327621
165302
468113
11550
279683
240659
394633
67033
10
622428
78932
55
178021
527309
1494
213078
47043
318
304
22453
144034
253507
46695
10213
83272
65819
651
3625
268437
319
76171
2431
1002334
141090
780262
22269
65873
229983
6044
38819
347298
56720
9593
370799
308145
357200
6391
262352
27735
20444
8609
14452
3628
310140
91583
1268
355966
137632
36926
67107
104199
172849
158213
107204
693890
46473
319218
25705
15855
25514
1141
1713
9033
675783
734465
212798
387892
18202
338991
344634
776
68693
2758
12637
51786
16042
12790
54134
963
376127
7906
265038
166524
26314
125432
230012
52064
728422
404397
239
670323
90018
28579
555562
1077
229816
247
27413
923647
646900
111527
52884
273
461364
531136
36237
902984
103091
57878
142389
239764
70665
46824
27209
341228
128001
11268
148587
4412
387329
167356
705690
185315
153516
14028
31277
677816
39173
18422
251277
32769
133
160526
135878
208873
9353
558765
742143
33
818
14349
147787
991
42161
199777
1089222
47933
263654
52822
104849
19
8323
1639
321233
477598
257551
240484
12497
566
36395
126
88104
33001
97743
166379
3157
708832
776968
37823
29358
468057
12877
58451
154003
4389
159122
115985
1527
37540
836478
259167
134288
672953
52838
127422
269481
140719
1126562
227
39474
404836
355002
74581
782823
122127
352
134803
27105
46229
183107
54909
135293
147437
163944
333792
308980
139342
587636
351296
269298
151578
19284
750755
289739
18026
19344
180523
2571
27
34961
480151
644121
22494
155338
1517
649427
150171
52306
453929
1021
221031
441535
71380
93780
245091
315749
269499
23673
406158
84839
181694
453946
8141
561359
398
3759
437102
65511
81405
83314
55
23974
51999
10835
6524
673066
243937
360244
47764
62133
274073
52415
343314
72272
4825
166298
16105
459626
703690
0
241874
22467
141654
156665
482912
83137
1348
1713
32543
414017
29878
5636
169969
10
34247
246694
601410
431080
13049
12807
34136
276438
4164
362814
877713
3392
94860
307814
403775
594786
165016
156910
342869
195474
13458
55697
385571
73628
1443
783420
390186
260302
473238
141
62
309971
207618
142981
8695
417634
299670
11735
257154
312316
533164
267
1444
119511
250481
48123
699206
32845
935785
355908
40540
25449
160683
89998
282000
54200
160775
90333
36
910
231573
163
122783
528410
823145
98573
94599
19765
18464
80310
18399
681645
594658
251870
28402
222520
0
163
645057
166031
667898
61348
11556
377483
761002
17844
9839
1708
5391
123852
268692
57608
497045
3182
321482
786
119045
5062
477
409967
894986
164301
251470
444
169044
457196
127268
240921
60755
16000
361829
233966
131445
36328
41723
303
5324
673788
1179
41109
138421
129260
7265
260935
159346
46826
44091
220694
138856
1600
2451
646601
31859
47509
31445
295196
315656
35303
642270
156470
269110
543611
9298
1015
11487
248548
5552
299781
629270
274511
419365
178853
346149
15455
218362
300
381930
5270
62135
203860
36058
55438
473586
813542
262197
98728
14111
16935
27
397987
42016
203541
2796
4262
115257
197452
35224
4837
12948
219
730013
806
42650
5017
150526
12103
986418
111584
109108
290282
0
283305
11169
6495
2950
653715
4395
325782
105
223909
0
11192
1038
343328
28632
441634
426312
2314
69435
380122
11757
675401
129078
109702
16544
114739
766
202625
19488
7549
0
181567
37553
223881
33634
435
267868
33899
22039
32720
98283
259023
280738
37899
119
7053
16226
9993
280424
26134
96881
524183
495833
13491
534
305251
949
81182
342551
1519
1098000
26570
319987
406744
3618
150569
510380
192005
35065
525464
361628
240882
339228
22105
252373
15051
552987
0
83475
123369
13847
84862
58187
263470
65246
224857
307266
1230
303660
170193
309646
557059
976418
81412
733893
15922
251648
26057
98361
17632
17285
30614
452299
160967
21561
312214
932128
4885
211768
261027
214816
24527
42516
371
239038
54397
46
13356
497272
11276
108322
33565
422507
779226
14416
445582
3318
117974
598721
6461
79698
230585
332370
42518
584274
52160
40446
304040
2556
181236
61419
4340
628744
291068
28717
81962
337660
3708
2274
365582
747715
725356
124107
55239
1101734
94446
151065
11766
273551
411035
165
12723
137618
1316
113577
492625
8113
253140
365312
64779
602308
41519
479261
4287
28276
698540
160336
121293
159143
178360
604972
206915
3215
97144
313091
94496
591720
3406
108382
14802
85157
166174
50517
109976
108072
36759
26635
840799
338047
32423
192584
22808
379427
79058
103099
209028
172
7630
189865
129
302380
345021
1339
209015
20749
77353
49742
563891
230538
290066
657
24588
226329
477256
247841
159495
359055
18550
13155
18199
384399
157865
11885
798649
2840
309630
20191
49799
130663
379454
161364
779453
646058
100709
110230
1863
464040
221524
369727
42551
68813
317312
236650
75470
401891
554329
12472
224111
35770
128280
427589
155947
3974
54068
127394
308845
107
447
225158
275650
1553
60863
321270
108825
9313
192937
157511
308093
333311
3974
27256
365056
11907
30372
166562
5074
374483
11750
960601
634157
84717
223572
198703
192047
232344
420755
163267
1607
311621
284887
23654
159064
895405
10365
256461
178370
264591
11557
415876
74710
103883
295872
39876
59765
5717
474944
259707
173
43951
28939
190506
588861
617154
94676
4200
480747
5341
10899
14605
1857
110002
8156
30665
134946
454831
41970
5525
873378
74504
78094
568873
304259
1783
30710
60084
157287
475
6567
302164
1695
222329
552799
82573
588285
88351
312325
837639
8693
0
127157
130289
544637
435015
84527
3548
249808
53021
205
1719
325655
4922
17614
262841
128075
35388
7657
586
116422
149569
742
72815
116177
2785
77223
204086
28284
3229
316201
72691
31809
331227
429400
105792
6285
27515
304273
118681
0
159663
101115
237657
157618
1313
558728
487
132829
104519
338551
340149
241736
980
7860
29468
44591
346914
229540
41243
159464
110139
521907
0
272880
4730
60000
468972
6371
100847
94048
8566
66779
236950
355833
72943
25504
17247
29414
787645
2443
99461
94453
732704
450
7381
29349
33213
658963
580727
117830
178631
38535
31911
272976
411664
161297
106081
82804
760287
17978
59559
8089
6691
512544
254035
2539
233665
379421
1616
22975
25107
12262
284452
23935
66075
22684
248195
258347
209
35371
465803
94632
485198
58318
997
342546
777
303608
14437
1043
333589
128372
714881
870040
161878
36739
76019
214874
532166
337290
10570
502689
43594
171592
72284
254356
325040
86992
724772
68211
173605
276084
40986
154850
148820
43068
719129
325
387954
105093
182920
143919
14897
171717
43469
8267
3235
222531
54193
17412
9153
460176
247325
681488
8316
146
245123
109230
21532
67034
91787
230974
882466
367313
788
0
504565
70568
424665
155373
98
93335
64469
1206
57602
95
18894
56395
197946
108228
59525
36787
262
565667
30906
4190
15517
1044685
10
7293
253944
95
56532
46730
33
682759
285673
240838
91842
17739
227298
940875
11630
172743
17088
37985
83567
186799
1095689
33671
15661
90765
44232
329130
136330
16784
489226
29643
80193
81
385309
48400
8561
847848
289032
305136
93561
262656
138645
91989
189648
304941
48811
149892
7833
200361
328861
6688
22779
327183
220765
1015080
76717
465042
175398
65843
48623
227294
524358
74875
16245
601068
4695
635
182241
218375
145190
37259
13455
225380
300509
132807
41708
63694
218510
348863
62453
13975
418853
394672
334693
11889
221042
73837
648934
531910
36614
185411
515107
610090
371937
218557
19258
465674
12726
17425
72581
1426
26925
283191
372966
224484
213484
272215
3394
24149
1096
55998
11791
142462
500807
22926
237107
108782
117318
131045
374489
68307
37354
477979
36120
46136
30143
33907
6147
13506
165520
263402
23127
113167
9649
86863
240166
77413
1442
98
131184
27540
56
86475
79412
507142
465294
5276
380184
327898
105469
54438
269420
69
654460
73419
145809
16441
292008
210420
88696
262670
744
144639
883458
69047
258352
95241
24923
51192
2990
505941
0
232639
127062
171538
196465
31015
489649
23080
331633
8536
149729
602
96094
287507
640509
396592
71349
378488
757844
3794
679405
1592
185276
100439
677038
20943
32153
1085186
62
188432
681423
576102
126652
479
323089
125170
465467
219700
853188
1054748
44752
14934
322756
75076
160452
62804
203747
210276
41356
62915
29
66155
5190
137471
139746
536593
338944
155528
146877
4830
353091
14281
104961
38644
71870
83981
14355
536708
43706
7060
214366
551101
5934
264151
958112
99613
307252
84038
592
9584
82115
607928
309147
617013
268
162523
150982
319264
661404
6885
864
64367
46715
493
403
47934
1072
127324
868
11549
336406
225698
2083
65594
524872
3397
4741
111961
216946
142356
753
350426
25234
3032
253622
2539
88289
128401
20209
483
7392
76646
1984
236375
7614
12006
10
736763
62023
5503
194059
488371
163810
17762
85347
13319
278454
320075
170707
24156
5774
1922
179089
89135
104651
208028
4224
191941
68317
232125
232995
133331
58590
461448
421069
124534
289018
36068
23006
98435
693416
294800
528137
384865
223612
574749
6148
60176
233470
490461
18282
26470
708339
15469
26753
11934
548384
170149
3393
537651
128451
551430
189952
64261
4745
39426
196282
65037
18297
19
25435
57167
263145
381445
2219
203755
76549
1419
50294
757
747040
5281
19734
578157
339465
552873
2631
16544
22921
1162
293413
301048
783859
19
29
14059
145786
522881
70536
609252
549784
586537
148918
9665
230523
3864
1007596
533686
0
12312
186992
13439
218
1861
847
110488
232244
26649
220136
7762
341495
119755
51790
25195
734584
52074
375183
544631
494713
36780
280709
88245
563364
8725
539803
13780
19108
38762
256965
840683
62811
67787
522801
152500
0
1249
203400
21318
297507
342183
51296
358279
116385
88638
16930
229722
6158
16668
16533
170999
4944
40531
34270
24709
0
52227
57795
57266
27040
85528
189097
18573
447543
41622
9600
284
37104
304278
14699
457549
16132
149683
143040
1360
804724
51243
193938
2458
2240
269364
66330
172589
174232
433384
92135
101766
3366
235103
149962
771012
93711
7755
4569
46571
58050
377382
458378
547053
378132
675962
867749
487209
29377
579338
443276
13574
8
45706
679
115677
34331
311598
3831
456945
11374
559
8993
8152
155679
24461
15389
312472
29968
6294
37658
863217
102773
393461
224370
87003
14918
230277
68710
426687
166808
762969
3015
57532
19549
22607
144648
46095
301
186464
51051
419121
34822
401604
142793
8847
11024
18817
317257
8156
719250
21327
513
314698
104284
14950
612974
102157
584
1184771
31977
56989
8584
227612
3825
191615
7706
40830
0
22486
93698
395289
268327
37526
142777
981201
9524
177969
1159619
552500
199008
104448
50698
90862
17760
137196
13750
570755
227209
316479
392353
192409
286962
144117
0
139197
362108
380500
305374
4998
186220
1332
77942
191985
1082628
13401
63608
21065
148552
30786
67367
420293
46023
75322
103248
716635
4741
41049
130644
78780
24161
20429
367911
20656
468328
530038
36581
12489
248611
71243
449895
12222
54467
19024
18285
276052
2035
306850
1177946
3580
7960
226
89143
101
11899
660596
815781
37632
152514
1193
152906
34960
14098
7298
197171
247678
18442
665632
10563
1487
301363
52386
51412
351810
871
40591
1137921
59304
7100
6211
71852
343720
792755
526835
265581
56112
55394
142675
472
197123
273373
104954
312164
345079
204091
423079
1156924
25250
41210
38147
141585
158581
125140
114492
104733
58899
4730
14060
23408
8502
37359
37510
40245
501024
688
32448
23732
437293
253434
216081
94592
175644
721
112361
120869
322159
158374
413316
31273
796
2893
25313
7722
64267
58
1431
518043
20445
34024
9577
49794
26460
48877
163471
0
511692
18165
22570
61391
1249
411796
1618
132577
3755
40146
31575
107
429619
12402
1554
292830
415410
45017
289212
289437
269807
751889
100259
311984
254810
81
572707
180328
324529
281267
991
248699
16859
59777
695557
40749
225540
95540
1294
54567
73862
502
273853
39794
179727
737716
57442
173480
26540
48460
241
583255
280074
32792
271758
511541
60681
409
0
5973
392693
113364
12299
144139
11846
102714
192996
10063
414694
820
3380
95273
460176
223354
21286
84213
230800
166233
136477
49493
386
30959
18671
241721
131323
150697
237137
868429
141568
563782
719838
25165
662399
29391
72597
146495
481828
16151
2761
20732
17830
12342
147
369887
724504
201495
538208
584886
31885
338453
865315
163174
620632
199158
11162
593967
2814
127813
117298
66323
773776
23164
73871
27705
2813
86520
208360
711706
873004
1503
54322
999933
592776
367440
112003
6514
580477
378255
502404
774102
210136
38786
151089
32272
124894
17621
869923
815191
11237
8918
158901
678444
116460
189770
239
60860
678638
115757
528847
253963
116829
549671
422560
414721
110774
80805
25989
93750
13663
498449
4419
596659
52712
163
499986
870824
277511
29470
33766
245
106249
616790
12830
31757
98656
26824
230899
3199
142951
165928
24096
327976
1531
9395
18850
62512
164455
638521
20562
59059
31806
314803
195116
697289
5474
42425
180087
282565
828801
853344
78833
221488
9719
77871
22334
740917
0
5336
39480
15956
303589
7936
309128
412139
166852
130031
251197
281151
66226
101882
254
550315
82671
30235
22428
306692
622775
9546
71176
81607
397693
8032
10328
362253
29082
22372
59059
70504
486681
1092
102709
56390
50057
9
1331
189867
149263
24459
59730
0
51965
513445
727
211228
150394
145039
2246
20091
880944
3914
19616
1450
1121
14398
130985
141009
397
32338
830112
308776
305007
153288
309516
128252
4299
108836
472409
466581
367720
36586
312289
698
448326
6032
28454
32588
781857
367209
521765
481843
678902
3505
11133
1903
13183
378494
434367
34174
92288
344736
164637
982474
247584
66165
182669
1726
1042
579686
671300
267706
9224
1750
83264
744030
517516
392812
126949
245643
325404
120446
371444
24165
49
19801
185876
667
168242
133
112127
429381
13050
43973
211949
877
88652
137240
29111
34631
654154
33626
208746
19353
11986
451681
155194
729500
592675
84528
955
230868
839456
223387
80932
43228
55152
267702
239790
182540
19694
436645
41734
224220
76630
82837
404
477
68299
787
164923
110933
5320
781737
241840
0
12847
130812
342797
48355
550
23477
192277
11688
6908
87988
184376
137915
14378
183001
22207
150908
27626
145191
0
200377
84288
15407
317715
566664
11533
5931
9551
90884
50092
52468
29056
176240
702760
826041
6388
30377
28699
48895
420121
562246
89277
219832
79589
97602
133099
1266
6838
190028
9273
21070
374328
0
51054
41
60376
98676
352
20979
3115
564111
42845
876
60720
415480
947
2664
529729
109483
4638
950592
209
438173
348708
73
39912
281206
387794
776009
452678
261634
17219
6937
12973
26996
765820
337549
63250
351881
4492
67541
295955
135979
12357
865
6691
23764
336060
2868
18108
106
337466
303259
235789
89193
162854
8275
632530
201657
64860
590235
151889
30983
45185
10734
106788
300408
8742
4079
778952
60236
482832
828170
66778
150413
7443
24470
409145
386582
47613
529489
82673
322875
139236
248026
53454
22850
43709
47012
290090
12088
0
64665
89088
5457
42930
536044
72455
93639
226431
13854
516
335793
681823
575715
219531
131102
272569
583755
352955
95641
11181
28461
481166
88066
10201
7608
534240
5192
33937
115617
43826
857918
333902
59507
256878
266618
127223
177753
69996
10073
69607
30077
181694
291757
389995
861046
7571
252898
378720
74445
724092
195911
7944
514757
48521
1363
401134
66060
486743
260421
129
97550
13845
123104
197341
225328
291009
134526
7656
80550
7067
302731
0
11614
790432
557294
104029
126725
92462
213749
8507
826037
22247
548
445833
118548
250703
9626
864
82783
436322
3394
36891
34460
122760
14452
902930
13482
527935
394607
4889
330
118521
288
117872
55609
50258
328263
9458
18253
347503
293090
166401
10
509544
210515
12277
554842
49893
6829
4741
61553
56357
29
50758
508138
495509
474147
73748
15942
18929
35135
354828
102405
46781
733586
119959
148319
451570
16590
297
27620
145118
32553
298285
117668
371816
25325
149341
204124
267879
579965
84828
719858
3839
153944
198048
31490
272240
19147
138476
557015
104960
63496
218
735067
190109
7479
440886
229864
206024
247772
291924
42624
7099
115356
176100
183821
693886
335380
31123
59584
56152
51814
316290
8826
14294
986
150305
169746
86443
1052
64500
263
205025
9
292301
7936
7487
35769
22977
22667
543860
17060
139500
116623
1136172
142073
104
349021
39883
31248
705
81238
363701
200359
624593
216408
38580
19959
81363
125905
64089
197632
148632
220302
262502
420708
946
94507
387188
244399
20132
4468
383070
375856
1249
62372
492591
7775
42554
502858
104748
237252
415130
6444
614
486421
235715
428114
379709
607355
771680
64247
156739
298
16854
17909
126525
375251
142330
511
52119
105517
20149
2871
9214
50131
198774
405695
1727
152932
104293
184022
72972
14628
944000
13631
13756
0
344701
262524
112169
223817
416484
288676
14835
101400
18969
837579
230903
60139
219917
251074
838880
53205
29985
345961
909240
107134
106291
236642
115
46947
59160
111088
0
27267
208611
540360
13
1509
292228
12168
1849
102469
18880
50348
44078
231273
27316
365509
249881
1111
94759
28
50795
198559
6786
5898
44200
55343
8567
246690
15704
349
30111
423
2928
330
211333
8579
124065
16235
41336
7357
94198
207933
84711
119531
492277
89051
7664
365308
5591
275721
610418
273448
188200
299600
780
183786
88361
25072
84117
580657
5589
24394
468659
58118
19192
104925
175760
0
609262
67700
41408
250084
0
401730
3098
500
196269
230015
397928
0
422308
215844
1542
878
21415
188767
2411
570365
419155
328782
32885
301047
0
263588
28
91328
547615
93000
837658
8529
604946
0
43879
61897
87799
102
503730
1356
406097
400729
305387
357
322137
1220
1486
89558
65644
859225
2086
21112
37191
83952
138306
37749
7986
44668
183951
4046
722
51437
120498
177700
263755
266840
4762
71475
49480
32844
37552
825285
407330
6420
33538
1372
200609
19
41314
17237
22925
84050
434456
32923
62754
119222
25980
806474
22061
24685
81508
111489
17635
936884
241353
3126
932
278116
43790
16047
164101
82815
185647
940866
22249
496
1856
8573
558111
37663
33356
20924
140696
397361
98987
112439
77275
117625
132378
58454
567348
841299
152461
144011
129696
1997
102331
402270
24810
121263
268002
2641
21259
12482
209211
292971
3308
310315
69138
187157
73819
86567
231758
374633
58818
80029
5607
446305
792774
46845
81413
10683
31183
192387
179062
1238
83660
275687
532610
254441
15722
63761
70147
188175
72028
16495
26709
130
85
294583
676027
257738
395858
4686
100027
14049
585920
92058
209440
687094
437
2608
809
188
12638
263155
124215
0
84511
307185
5180
41317
57158
62098
256021
7764
216792
45634
67242
204185
17
54808
618122
331132
60471
750363
11397
4458
66843
115444
311426
9208
37774
207322
3036
209442
57359
949684
161880
38276
194706
21324
574562
2089
3109
238725
914715
18
106348
41
274214
520468
565338
496127
154858
262358
6673
460929
76767
30461
284932
2072
43536
196667
1075045
1035
52186
60995
259126
266824
245769
229296
539389
59930
248
112897
29125
36306
80
315936
68838
457240
29
2366
86946
105309
59994
663
22990
118963
8673
128650
26
68621
2843
119677
678082
559978
824486
373996
69459
100412
59721
69233
265052
405
3001
24485
23434
25880
265142
114550
39626
433876
762135
17092
128112
39
11333
2201
3720
219975
205
133980
71729
60895
658
163
151121
828826
121579
999658
24888
939200
301382
56048
338039
438612
37355
2543
38878
109
13212
32757
170653
9722
63898
501
123
502264
712826
36789
341225
239696
408660
86635
530721
109918
130735
361836
9884
622124
1630
234
7551
86785
65601
820996
28844
108848
4751
2436
18674
126115
312289
104634
170425
86598
111560
51063
86923
69526
889864
335264
314183
597877
90988
1061
308286
224777
102987
2931
78029
16666
2771
83522
166190
119106
4790
79480
347104
323859
1771
80248
61317
2220
438648
440756
72089
277541
15580
219126
68073
374343
303209
40130
539295
9128
130565
24220
326711
468944
5385
42162
190907
323803
139348
74454
72686
530154
3960
1463
19125
29308
582150
544404
289838
122320
26329
100465
337603
365137
8415
793987
38791
710
640158
265350
31648
301448
151596
161051
140005
134954
332
961861
748446
14079
568758
44525
342869
358215
242563
184384
576
33962
16128
32707
27840
27
453
18215
754
263445
9709
823
60693
262227
4934
820473
15496
25961
10185
34589
24449
759256
783830
509950
117048
5184
64
2776
148
0
149843
8294
1761
114099
59821
133773
5809
55042
398480
335430
390781
526563
112031
523887
152217
7645
27929
101900
187163
147083
106112
19203
159329
247366
697461
274465
517185
10336
77553
5558
64009
309999
122254
9603
195516
169797
262
1098865
485133
818410
16182
139659
57856
28176
151858
1400
262663
341120
597767
60695
36954
438620
352084
196048
378533
298185
23
16084
615356
122188
528597
135168
195
82934
27488
250022
54
20183
86743
9636
31680
1462
757353
856
90693
18903
907
210063
37795
69674
188197
6770
30042
23365
13423
243115
20742
590180
902002
398
63855
43971
268579
417263
139146
20320
10209
669251
963525
105074
0
222402
201104
33971
184331
21664
33488
269332
13130
1105455
376
230212
580117
436305
71311
268170
34621
556836
279618
323
110454
30193
57552
234676
437023
106001
13389
61536
337104
208564
1380
53568
9069
387474
155358
797191
47452
9635
367
319472
7892
71177
78820
253982
166154
278639
612947
21794
31434
20795
55632
650638
42922
298641
12900
74638
1370
17982
13212
23830
565464
124
34280
170360
58325
147089
85523
205845
2352
22223
557646
105863
361316
31880
172681
1461
175241
2440
54908
12242
149616
512292
269965
480
27449
97798
15732
323984
74098
720029
0
430129
22677
437665
155498
427962
93
143488
17197
5642
24038
510799
126297
3871
89972
3345
32398
122822
687360
6688
450505
8637
37479
10225
15174
23178
980
5048
77344
42796
380435
229303
60665
262674
0
30588
440743
729447
185374
0
103677
184
309042
230529
75275
20172
369410
256282
12789
82193
153440
482271
2180
238746
112874
56950
375
106423
67792
164776
319815
1750
174090
5083
7431
180760
16722
77112
42963
153732
1476
638325
13872
6086
18112
183303
203997
267566
114985
109321
53945
9
196172
104160
134550
165582
107204
68632
371
498880
51692
487862
260040
2470
190269
8867
346650
577530
298172
1055853
115835
5398
222823
185150
8791
129147
113020
96015
701791
398722
208734
42907
15854
329846
115895
33061
133824
206996
274043
114874
642489
25321
54729
62826
15325
30958
210571
395644
143110
633713
44311
77105
80722
1390
245454
26219
615112
107595
392635
757305
10771
11343
82416
426110
6006
368873
6449
281015
17462
63698
429877
43235
251782
27466
15030
19464
215997
442769
2762
58998
143979
196125
534011
1318
1197
72531
184903
168790
5060
15126
162496
18065
5556
73069
3397
9519
332652
0
9699
215249
1075995
25399
176650
49652
642833
628345
113350
15432
143423
20850
868810
994
50409
553132
169809
78854
365
9021
110051
127222
636371
37762
405992
392393
12172
0
892
183617
162977
1923
128173
163049
744423
307446
935877
417957
19
11865
152044
276734
921839
26
9192
7454
103305
384796
74248
569448
161049
159852
39062
42425
761665
52750
123486
365366
859362
456
5763
9191
494010
30887
247674
54073
2427
42433
220877
487656
800
690796
128044
26825
5324
187894
353992
89020
434591
35431
48687
564094
56737
332231
55294
258918
12422
84042
141298
299773
214819
5532
668183
470733
385343
503528
337224
333745
15389
83689
1419
14844
5584
25021
31818
52108
91271
154207
265335
170881
267
6885
192035
23563
276828
294852
318897
1090531
100
94679
10137
378606
69329
530008
5221
119973
6266
74701
180
81601
159867
666562
16865
245121
194501
107434
1138
218720
99325
123808
10271
181060
5242
162967
175928
30902
432
644918
136007
407124
41
760
233382
25677
62840
509491
657046
787750
32387
1019748
56793
1792
232390
292811
242527
452894
66677
0
1082611
291
592
17844
37369
211826
91166
308621
43316
131039
116912
32801
70544
55
11657
122499
18462
178155
34760
536054
11128
81754
439397
61041
13624
298878
502
172722
33953
85844
106343
31384
347796
946315
80235
271811
417
252412
1035
323295
6813
292432
1418
432228
491
581863
239291
409817
12261
8005
1448
133587
220139
120737
863
100183
415408
137385
3634
241625
368564
65618
82558
95773
566539
58459
83642
20304
480541
33827
421997
768886
58849
250465
9617
39157
235752
10228
28474
215770
172608
155615
14374
405567
197222
304089
229737
13701
143487
102690
129709
94605
2224
148227
189209
19731
94078
314091
114868
3075
78903
17669
174262
42273
312
47426
100271
387919
21265
641451
1089
8473
111354
438171
31795
340837
73634
237600
119923
163193
689275
664
783896
19455
6834
14486
432838
14159
78720
165490
198851
149172
115855
254013
583564
191056
140496
212738
6574
8796
27525
362888
136701
19293
325463
35423
95529
593870
345180
363520
89367
121493
92526
218370
19732
57099
573
54297
1886
17237
466
312074
41185
8137
199350
1395
147833
2634
20996
1004
138524
11705
90068
861615
44338
650011
53015
12578
158124
84666
683800
47561
330954
39427
120873
758243
8577
243613
101529
35055
274428
588392
789592
470434
32964
13313
43104
120261
10513
646636
400213
146193
66513
46909
187800
8692
149071
20186
364002
1274
3451
31697
787509
82833
66068
144471
195675
88539
677815
269388
58206
488885
111131
62694
14028
573693
201
16254
99
186468
325546
151567
869016
131071
123532
327140
60312
171562
511399
18936
15444
332580
36432
170482
2425
122370
164640
50802
116166
5759
159767
236552
101992
654769
32185
13988
340
162057
102646
152292
27360
34442
34528
212
90999
185765
29946
22323
533859
183208
286788
105016
111597
130109
110995
0
0
44838
5447
165372
170226
461708
63132
164104
151428
22592
667
70597
807120
219669
70021
36486
288148
14616
17955
199113
25493
85822
94605
3156
572927
292104
794
62990
16389
17601
98498
191015
25265
27574
21467
1247
10572
586882
7540
27200
0
8393
18833
123908
2280
138727
580917
100745
232791
299214
362947
135642
666793
62124
78677
0
13543
325260
462892
111436
551890
22760
484402
255267
117044
2103
3704
110190
3703
112128
25604
587467
18628
45
222101
510380
977792
413003
343049
163192
98888
236695
669295
236522
220196
461765
4184
279321
14539
24035
591959
210242
646899
69
1179
3763
327211
11743
57718
23534
771092
469515
72853
589986
583486
339028
728
386879
199490
45823
159907
71642
11715
816569
3622
59895
202876
11059
62
62149
4750
3218
2188
103
62527
62
198018
5891
32298
73700
66622
24
112172
1083155
268195
257284
795806
87463
45511
180813
211375
24134
20079
146025
567672
52175
591725
87727
461823
1197230
114096
15604
404578
314905
55339
168061
55292
404
20636
18035
2293
244243
387564
18441
11396
489897
106279
11255
21401
428963
30373
8951
64596
4083
67506
266625
31965
314350
519174
5267
61884
83414
110228
7203
712
15266
130094
42388
20056
99212
18167
115345
39557
46106
5096
12815
549532
237990
31937
154475
9
0
325736
633
11145
71674
147892
1790
637919
189701
60677
380504
537964
11702
605447
985
31825
280940
563451
234154
455143
236155
46083
411294
83482
1909
42144
10395
20555
404365
250993
367695
259
8879
219167
499327
311347
10445
301303
8883
13115
43271
5027
147746
84146
98606
130160
9405
115157
61976
111413
239
910909
20598
4948
18014
149176
2167
64389
18900
12095
83332
393362
13316
593840
540935
468
647
38636
111571
17378
9796
305615
4239
128
22606
3221
400088
3598
1210
56793
50415
388599
1794
36727
29365
9494
38418
675202
14412
581793
505
635248
442837
37808
45317
236986
1986
81736
213070
91655
40359
84710
11202
219332
22943
24736
9300
251007
106
868328
19
226900
684305
54220
68896
533
57495
168895
283753
758762
421406
2670
2819
212879
16419
592061
10925
81761
3646
37777
213822
727401
416194
227497
4862
20747
148173
8057
224423
356161
51416
17794
291311
106182
163311
70790
326494
351196
759348
775470
87770
77754
8182
43858
173391
420692
335681
162947
33154
633479
322761
120794
7465
11070
272005
304348
507492
424360
123894
58442
343670
2025
65800
14094
477187
11810
43723
1346
2180
61310
15509
6296
445179
165786
2247
41622
35385
265116
950948
110305
204287
648561
439526
43714
220598
423265
384019
31305
56400
79823
749559
493178
81631
231423
197366
3005
7019
556566
29676
50367
516422
36229
195046
45311
10700
64
2339
500456
1143871
20147
106348
697441
696783
69191
12078
214483
41851
827673
55179
1246
49879
11455
247923
9333
329
1273
477
104403
25298
46275
239
15627
19500
12411
98
112960
1019
1638
191984
17457
38459
49940
2809
206987
686305
2774
57822
51103
85774
3281
298493
93386
150573
55321
54704
727969
80441
387670
70485
273293
45037
857157
19085
868066
5230
830319
13379
80513
0
144506
6631
105325
9708
467189
157
16903
304891
7880
4859
36850
610783
41533
941268
40156
181921
393079
86888
15722
306832
52639
28513
0
89795
90569
4664
189088
657615
298401
495251
11766
935113
81611
3160
2047
710928
68801
13618
255456
131588
916901
433538
729111
95350
166141
263027
190445
225140
115626
370361
323405
393611
385372
177163
42853
4924
42625
78054
29480
18969
9140
522921
10266
2918
115469
3634
608726
8419
17387
215
18377
243631
11084
44176
146362
2922
809033
11121
109651
352932
600426
751054
4763
30592
2854
160894
284223
216822
594328
68833
64306
45363
382268
11712
13049
8247
258675
389855
94313
26582
378138
542018
43356
295465
9
318502
97913
567
253390
14326
742066
15390
50579
101890
483930
18161
428672
150542
12071
8376
24759
183746
474347
63552
211123
1149
167692
540049
406
118
620159
229
371686
3491
3978
55069
22065
206545
382522
528217
10368
46738
17676
22762
204875
2689
191
322
262532
154675
244875
35358
76572
223683
37605
111263
455842
1715
2899
336986
185258
12794
78829
18436
252023
29956
4035
1353
1161515
1026618
6223
1155134
64376
57243
223862
470517
510329
189283
9451
291702
356532
253669
60225
7403
519915
177406
77
557859
39806
34232
22315
21734
4696
755028
822488
440
34601
373239
194250
339734
332
10360
25936
200289
738956
246485
13885
7553
536881
517415
248
997
327352
48200
437494
94872
26060
1010384
2111
36412
36393
67010
285619
102874
155303
6336
13713
144912
269268
158010
13193
209095
292922
230682
899908
1569
269986
15811
8820
11138
172027
121132
247268
617064
1419
1024541
47834
317358
559873
38209
48794
70952
67755
1343
2711
137485
16832
221483
141726
488
439
43404
605418
188497
1072327
96575
7468
75624
138561
30613
78313
32174
22951
543399
394543
316115
165636
10
60623
208779
425134
93975
960915
59057
507769
26729
84786
281091
150967
0
120775
37437
42615
729983
92683
203
20620
184028
44
1281
189328
47824
111361
28592
41519
55777
130
358921
36791
93082
231485
368009
380618
968914
13960
19
809
67913
413881
30857
26513
101551
265129
12498
204777
107578
319123
845851
108170
191980
566070
78772
3616
885187
17160
240427
58429
164470
41545
277891
279674
132408
138096
35336
476089
95805
91184
205029
199941
66758
293874
45544
1001319
209649
428284
30445
0
25735
733277
201966
16326
1191521
2189
11801
80526
97294
501987
389238
88856
418852
459305
326096
49404
528436
472369
450520
100
17432
0
4207
135770
476128
20187
158648
190299
352222
92990
132400
1170
179066
53981
200293
639469
697119
132619
492
397581
385794
58900
39509
39845
108165
3909
117243
240071
687
2587
539928
30060
73337
2284
47844
548864
393
796370
143979
1492
167757
30776
15682
194198
11708
293170
77909
9961
826814
74880
35164
107437
207632
481215
369988
108529
87595
90511
252822
36
20693
52366
131841
305512
219896
113736
403065
1122
9
331
253337
33902
1884
8755
1381
77462
257640
301839
29557
51143
1070216
9716
4077
9447
450516
183417
24605
50185
615
2326
72102
437149
358018
154158
41998
218387
18083
31740
446983
151841
231657
260050
83857
97584
310776
22731
42183
54414
235658
134797
6758
344300
3537
128090
237803
31408
1743
7889
34460
555663
338040
11217
607683
403107
4084
253988
38597
107874
36283
254086
502413
674
151419
126553
42322
42479
702
201986
23327
128430
64
33222
181301
12886
450446
4991
38678
835656
1000910
67934
990
100
568
1014
449186
816
26878
0
294637
17501
279068
61975
13588
16026
17132
467267
126397
441745
77675
957567
3615
32340
181474
219317
11852
250847
40924
5140
2575
95111
3649
311705
42821
2979
110009
4836
220636
99818
480380
39649
3394
206337
17738
45802
111894
378705
247770
306719
68958
431072
190376
207466
1311
489575
16295
218122
2629
236946
14264
102
168030
33258
507067
19255
277163
5380
209379
6148
634411
284273
751244
44808
212497
515100
1556
220901
119333
75075
137732
11472
29528
467047
148240
7243
34051
619002
36763
19434
17344
184504
1286
359087
66393
425003
17124
46
232489
4053
18186
226818
491065
40884
2443
281534
676191
6878
522111
54683
476015
130101
177444
615496
46015
830070
31023
37507
68817
3869
721368
1238
2249
500427
535453
321072
55607
5681
595
617324
214666
4669
112466
2462
177943
364010
68700
176165
736
25071
269
0
14691
135086
97170
703337
66915
9252
433175
19857
315869
317111
74479
9
58172
44019
85
584
42272
273185
73315
4109
664243
10507
25064
49818
4748
309516
605511
4138
115985
12953
78
13388
