2995 12 3000
39 39 39 39 39 39 39 39 39 39 39 39 
2957 2957 2957 2957 2957 2957 2957 2957 2957 2957 2957 2957 
572 572 572 572 572 572 572 572 572 572 572 572 
2424 2424 2424 2424 2424 2424 2424 2424 2424 2424 2424 2424 
63 63 63 63 63 63 63 63 63 63 63 63 
2933 2933 2933 2933 2933 2933 2933 2933 2933 2933 2933 2933 
27 27 27 27 27 27 27 27 27 27 27 27 
2969 2969 2969 2969 2969 2969 2969 2969 2969 2969 2969 2969 
1 1 1 1 1 1 1 1 1 1 1 1 
2995 2995 2995 2995 2995 2995 2995 2995 2995 2995 2995 2995 
1192 1192 1192 1192 1192 1192 1192 1192 1192 1192 1192 1192 
1804 1804 1804 1804 1804 1804 1804 1804 1804 1804 1804 1804 
1114 1114 1114 1114 1114 1114 1114 1114 1114 1114 1114 1114 
1882 1882 1882 1882 1882 1882 1882 1882 1882 1882 1882 1882 
5 5 5 5 5 5 5 5 5 5 5 5 
2991 2991 2991 2991 2991 2991 2991 2991 2991 2991 2991 2991 
1124 1124 1124 1124 1124 1124 1124 1124 1124 1124 1124 1124 
1872 1872 1872 1872 1872 1872 1872 1872 1872 1872 1872 1872 
305 305 305 305 305 305 305 305 305 305 305 305 
2691 2691 2691 2691 2691 2691 2691 2691 2691 2691 2691 2691 
1069 1069 1069 1069 1069 1069 1069 1069 1069 1069 1069 1069 
1927 1927 1927 1927 1927 1927 1927 1927 1927 1927 1927 1927 
413 413 413 413 413 413 413 413 413 413 413 413 
2583 2583 2583 2583 2583 2583 2583 2583 2583 2583 2583 2583 
208 208 208 208 208 208 208 208 208 208 208 208 
2788 2788 2788 2788 2788 2788 2788 2788 2788 2788 2788 2788 
349 349 349 349 349 349 349 349 349 349 349 349 
2647 2647 2647 2647 2647 2647 2647 2647 2647 2647 2647 2647 
47 47 47 47 47 47 47 47 47 47 47 47 
2949 2949 2949 2949 2949 2949 2949 2949 2949 2949 2949 2949 
1186 1186 1186 1186 1186 1186 1186 1186 1186 1186 1186 1186 
1810 1810 1810 1810 1810 1810 1810 1810 1810 1810 1810 1810 
1427 1427 1427 1427 1427 1427 1427 1427 1427 1427 1427 1427 
1569 1569 1569 1569 1569 1569 1569 1569 1569 1569 1569 1569 
1452 1452 1452 1452 1452 1452 1452 1452 1452 1452 1452 1452 
1544 1544 1544 1544 1544 1544 1544 1544 1544 1544 1544 1544 
65 65 65 65 65 65 65 65 65 65 65 65 
2931 2931 2931 2931 2931 2931 2931 2931 2931 2931 2931 2931 
30 30 30 30 30 30 30 30 30 30 30 30 
2966 2966 2966 2966 2966 2966 2966 2966 2966 2966 2966 2966 
1 1 1 1 1 1 1 1 1 1 1 1 
2995 2995 2995 2995 2995 2995 2995 2995 2995 2995 2995 2995 
766 766 766 766 766 766 766 766 766 766 766 766 
2230 2230 2230 2230 2230 2230 2230 2230 2230 2230 2230 2230 
67 67 67 67 67 67 67 67 67 67 67 67 
2929 2929 2929 2929 2929 2929 2929 2929 2929 2929 2929 2929 
183 183 183 183 183 183 183 183 183 183 183 183 
2813 2813 2813 2813 2813 2813 2813 2813 2813 2813 2813 2813 
793 793 793 793 793 793 793 793 793 793 793 793 
2203 2203 2203 2203 2203 2203 2203 2203 2203 2203 2203 2203 
229 229 229 229 229 229 229 229 229 229 229 229 
2767 2767 2767 2767 2767 2767 2767 2767 2767 2767 2767 2767 
1048 1048 1048 1048 1048 1048 1048 1048 1048 1048 1048 1048 
1948 1948 1948 1948 1948 1948 1948 1948 1948 1948 1948 1948 
33 33 33 33 33 33 33 33 33 33 33 33 
2963 2963 2963 2963 2963 2963 2963 2963 2963 2963 2963 2963 
651 651 651 651 651 651 651 651 651 651 651 651 
2345 2345 2345 2345 2345 2345 2345 2345 2345 2345 2345 2345 
723 723 723 723 723 723 723 723 723 723 723 723 
2273 2273 2273 2273 2273 2273 2273 2273 2273 2273 2273 2273 
972 972 972 972 972 972 972 972 972 972 972 972 
2024 2024 2024 2024 2024 2024 2024 2024 2024 2024 2024 2024 
699 699 699 699 699 699 699 699 699 699 699 699 
2297 2297 2297 2297 2297 2297 2297 2297 2297 2297 2297 2297 
1001 1001 1001 1001 1001 1001 1001 1001 1001 1001 1001 1001 
1995 1995 1995 1995 1995 1995 1995 1995 1995 1995 1995 1995 
92 92 92 92 92 92 92 92 92 92 92 92 
2904 2904 2904 2904 2904 2904 2904 2904 2904 2904 2904 2904 
531 531 531 531 531 531 531 531 531 531 531 531 
2465 2465 2465 2465 2465 2465 2465 2465 2465 2465 2465 2465 
1198 1198 1198 1198 1198 1198 1198 1198 1198 1198 1198 1198 
1798 1798 1798 1798 1798 1798 1798 1798 1798 1798 1798 1798 
131 131 131 131 131 131 131 131 131 131 131 131 
2865 2865 2865 2865 2865 2865 2865 2865 2865 2865 2865 2865 
193 193 193 193 193 193 193 193 193 193 193 193 
2803 2803 2803 2803 2803 2803 2803 2803 2803 2803 2803 2803 
533 533 533 533 533 533 533 533 533 533 533 533 
2463 2463 2463 2463 2463 2463 2463 2463 2463 2463 2463 2463 
15 15 15 15 15 15 15 15 15 15 15 15 
2981 2981 2981 2981 2981 2981 2981 2981 2981 2981 2981 2981 
114 114 114 114 114 114 114 114 114 114 114 114 
2882 2882 2882 2882 2882 2882 2882 2882 2882 2882 2882 2882 
363 363 363 363 363 363 363 363 363 363 363 363 
2633 2633 2633 2633 2633 2633 2633 2633 2633 2633 2633 2633 
605 605 605 605 605 605 605 605 605 605 605 605 
2391 2391 2391 2391 2391 2391 2391 2391 2391 2391 2391 2391 
1406 1406 1406 1406 1406 1406 1406 1406 1406 1406 1406 1406 
1590 1590 1590 1590 1590 1590 1590 1590 1590 1590 1590 1590 
59 59 59 59 59 59 59 59 59 59 59 59 
2937 2937 2937 2937 2937 2937 2937 2937 2937 2937 2937 2937 
321 321 321 321 321 321 321 321 321 321 321 321 
2675 2675 2675 2675 2675 2675 2675 2675 2675 2675 2675 2675 
722 722 722 722 722 722 722 722 722 722 722 722 
2274 2274 2274 2274 2274 2274 2274 2274 2274 2274 2274 2274 
1278 1278 1278 1278 1278 1278 1278 1278 1278 1278 1278 1278 
1718 1718 1718 1718 1718 1718 1718 1718 1718 1718 1718 1718 
1221 1221 1221 1221 1221 1221 1221 1221 1221 1221 1221 1221 
1775 1775 1775 1775 1775 1775 1775 1775 1775 1775 1775 1775 
459 459 459 459 459 459 459 459 459 459 459 459 
2537 2537 2537 2537 2537 2537 2537 2537 2537 2537 2537 2537 
213 213 213 213 213 213 213 213 213 213 213 213 
2783 2783 2783 2783 2783 2783 2783 2783 2783 2783 2783 2783 
254 254 254 254 254 254 254 254 254 254 254 254 
2742 2742 2742 2742 2742 2742 2742 2742 2742 2742 2742 2742 
685 685 685 685 685 685 685 685 685 685 685 685 
2311 2311 2311 2311 2311 2311 2311 2311 2311 2311 2311 2311 
721 721 721 721 721 721 721 721 721 721 721 721 
2275 2275 2275 2275 2275 2275 2275 2275 2275 2275 2275 2275 
437 437 437 437 437 437 437 437 437 437 437 437 
2559 2559 2559 2559 2559 2559 2559 2559 2559 2559 2559 2559 
1429 1429 1429 1429 1429 1429 1429 1429 1429 1429 1429 1429 
1567 1567 1567 1567 1567 1567 1567 1567 1567 1567 1567 1567 
819 819 819 819 819 819 819 819 819 819 819 819 
2177 2177 2177 2177 2177 2177 2177 2177 2177 2177 2177 2177 
66 66 66 66 66 66 66 66 66 66 66 66 
2930 2930 2930 2930 2930 2930 2930 2930 2930 2930 2930 2930 
1374 1374 1374 1374 1374 1374 1374 1374 1374 1374 1374 1374 
1622 1622 1622 1622 1622 1622 1622 1622 1622 1622 1622 1622 
1156 1156 1156 1156 1156 1156 1156 1156 1156 1156 1156 1156 
1840 1840 1840 1840 1840 1840 1840 1840 1840 1840 1840 1840 
786 786 786 786 786 786 786 786 786 786 786 786 
2210 2210 2210 2210 2210 2210 2210 2210 2210 2210 2210 2210 
237 237 237 237 237 237 237 237 237 237 237 237 
2759 2759 2759 2759 2759 2759 2759 2759 2759 2759 2759 2759 
952 952 952 952 952 952 952 952 952 952 952 952 
2044 2044 2044 2044 2044 2044 2044 2044 2044 2044 2044 2044 
1123 1123 1123 1123 1123 1123 1123 1123 1123 1123 1123 1123 
1873 1873 1873 1873 1873 1873 1873 1873 1873 1873 1873 1873 
1093 1093 1093 1093 1093 1093 1093 1093 1093 1093 1093 1093 
1903 1903 1903 1903 1903 1903 1903 1903 1903 1903 1903 1903 
395 395 395 395 395 395 395 395 395 395 395 395 
2601 2601 2601 2601 2601 2601 2601 2601 2601 2601 2601 2601 
952 952 952 952 952 952 952 952 952 952 952 952 
2044 2044 2044 2044 2044 2044 2044 2044 2044 2044 2044 2044 
1438 1438 1438 1438 1438 1438 1438 1438 1438 1438 1438 1438 
1558 1558 1558 1558 1558 1558 1558 1558 1558 1558 1558 1558 
103 103 103 103 103 103 103 103 103 103 103 103 
2893 2893 2893 2893 2893 2893 2893 2893 2893 2893 2893 2893 
2 2 2 2 2 2 2 2 2 2 2 2 
2994 2994 2994 2994 2994 2994 2994 2994 2994 2994 2994 2994 
1094 1094 1094 1094 1094 1094 1094 1094 1094 1094 1094 1094 
1902 1902 1902 1902 1902 1902 1902 1902 1902 1902 1902 1902 
762 762 762 762 762 762 762 762 762 762 762 762 
2234 2234 2234 2234 2234 2234 2234 2234 2234 2234 2234 2234 
39 39 39 39 39 39 39 39 39 39 39 39 
2957 2957 2957 2957 2957 2957 2957 2957 2957 2957 2957 2957 
573 573 573 573 573 573 573 573 573 573 573 573 
2423 2423 2423 2423 2423 2423 2423 2423 2423 2423 2423 2423 
141 141 141 141 141 141 141 141 141 141 141 141 
2855 2855 2855 2855 2855 2855 2855 2855 2855 2855 2855 2855 
213 213 213 213 213 213 213 213 213 213 213 213 
2783 2783 2783 2783 2783 2783 2783 2783 2783 2783 2783 2783 
26 26 26 26 26 26 26 26 26 26 26 26 
2970 2970 2970 2970 2970 2970 2970 2970 2970 2970 2970 2970 
56 56 56 56 56 56 56 56 56 56 56 56 
2940 2940 2940 2940 2940 2940 2940 2940 2940 2940 2940 2940 
976 976 976 976 976 976 976 976 976 976 976 976 
2020 2020 2020 2020 2020 2020 2020 2020 2020 2020 2020 2020 
566 566 566 566 566 566 566 566 566 566 566 566 
2430 2430 2430 2430 2430 2430 2430 2430 2430 2430 2430 2430 
176 176 176 176 176 176 176 176 176 176 176 176 
2820 2820 2820 2820 2820 2820 2820 2820 2820 2820 2820 2820 
1328 1328 1328 1328 1328 1328 1328 1328 1328 1328 1328 1328 
1668 1668 1668 1668 1668 1668 1668 1668 1668 1668 1668 1668 
1403 1403 1403 1403 1403 1403 1403 1403 1403 1403 1403 1403 
1593 1593 1593 1593 1593 1593 1593 1593 1593 1593 1593 1593 
377 377 377 377 377 377 377 377 377 377 377 377 
2619 2619 2619 2619 2619 2619 2619 2619 2619 2619 2619 2619 
304 304 304 304 304 304 304 304 304 304 304 304 
2692 2692 2692 2692 2692 2692 2692 2692 2692 2692 2692 2692 
343 343 343 343 343 343 343 343 343 343 343 343 
2653 2653 2653 2653 2653 2653 2653 2653 2653 2653 2653 2653 
1469 1469 1469 1469 1469 1469 1469 1469 1469 1469 1469 1469 
1527 1527 1527 1527 1527 1527 1527 1527 1527 1527 1527 1527 
450 450 450 450 450 450 450 450 450 450 450 450 
2546 2546 2546 2546 2546 2546 2546 2546 2546 2546 2546 2546 
825 825 825 825 825 825 825 825 825 825 825 825 
2171 2171 2171 2171 2171 2171 2171 2171 2171 2171 2171 2171 
523 523 523 523 523 523 523 523 523 523 523 523 
2473 2473 2473 2473 2473 2473 2473 2473 2473 2473 2473 2473 
342 342 342 342 342 342 342 342 342 342 342 342 
2654 2654 2654 2654 2654 2654 2654 2654 2654 2654 2654 2654 
39 39 39 39 39 39 39 39 39 39 39 39 
2957 2957 2957 2957 2957 2957 2957 2957 2957 2957 2957 2957 
678 678 678 678 678 678 678 678 678 678 678 678 
2318 2318 2318 2318 2318 2318 2318 2318 2318 2318 2318 2318 
1368 1368 1368 1368 1368 1368 1368 1368 1368 1368 1368 1368 
1628 1628 1628 1628 1628 1628 1628 1628 1628 1628 1628 1628 
213 213 213 213 213 213 213 213 213 213 213 213 
2783 2783 2783 2783 2783 2783 2783 2783 2783 2783 2783 2783 
516 516 516 516 516 516 516 516 516 516 516 516 
2480 2480 2480 2480 2480 2480 2480 2480 2480 2480 2480 2480 
1034 1034 1034 1034 1034 1034 1034 1034 1034 1034 1034 1034 
1962 1962 1962 1962 1962 1962 1962 1962 1962 1962 1962 1962 
1343 1343 1343 1343 1343 1343 1343 1343 1343 1343 1343 1343 
1653 1653 1653 1653 1653 1653 1653 1653 1653 1653 1653 1653 
375 375 375 375 375 375 375 375 375 375 375 375 
2621 2621 2621 2621 2621 2621 2621 2621 2621 2621 2621 2621 
606 606 606 606 606 606 606 606 606 606 606 606 
2390 2390 2390 2390 2390 2390 2390 2390 2390 2390 2390 2390 
92 92 92 92 92 92 92 92 92 92 92 92 
2904 2904 2904 2904 2904 2904 2904 2904 2904 2904 2904 2904 
576 576 576 576 576 576 576 576 576 576 576 576 
2420 2420 2420 2420 2420 2420 2420 2420 2420 2420 2420 2420 
1202 1202 1202 1202 1202 1202 1202 1202 1202 1202 1202 1202 
1794 1794 1794 1794 1794 1794 1794 1794 1794 1794 1794 1794 
1286 1286 1286 1286 1286 1286 1286 1286 1286 1286 1286 1286 
1710 1710 1710 1710 1710 1710 1710 1710 1710 1710 1710 1710 
1485 1485 1485 1485 1485 1485 1485 1485 1485 1485 1485 1485 
1511 1511 1511 1511 1511 1511 1511 1511 1511 1511 1511 1511 
309 309 309 309 309 309 309 309 309 309 309 309 
2687 2687 2687 2687 2687 2687 2687 2687 2687 2687 2687 2687 
1156 1156 1156 1156 1156 1156 1156 1156 1156 1156 1156 1156 
1840 1840 1840 1840 1840 1840 1840 1840 1840 1840 1840 1840 
955 955 955 955 955 955 955 955 955 955 955 955 
2041 2041 2041 2041 2041 2041 2041 2041 2041 2041 2041 2041 
2 2 2 2 2 2 2 2 2 2 2 2 
2994 2994 2994 2994 2994 2994 2994 2994 2994 2994 2994 2994 
812 812 812 812 812 812 812 812 812 812 812 812 
2184 2184 2184 2184 2184 2184 2184 2184 2184 2184 2184 2184 
91 91 91 91 91 91 91 91 91 91 91 91 
2905 2905 2905 2905 2905 2905 2905 2905 2905 2905 2905 2905 
761 761 761 761 761 761 761 761 761 761 761 761 
2235 2235 2235 2235 2235 2235 2235 2235 2235 2235 2235 2235 
191 191 191 191 191 191 191 191 191 191 191 191 
2805 2805 2805 2805 2805 2805 2805 2805 2805 2805 2805 2805 
762 762 762 762 762 762 762 762 762 762 762 762 
2234 2234 2234 2234 2234 2234 2234 2234 2234 2234 2234 2234 
1216 1216 1216 1216 1216 1216 1216 1216 1216 1216 1216 1216 
1780 1780 1780 1780 1780 1780 1780 1780 1780 1780 1780 1780 
510 510 510 510 510 510 510 510 510 510 510 510 
2486 2486 2486 2486 2486 2486 2486 2486 2486 2486 2486 2486 
110 110 110 110 110 110 110 110 110 110 110 110 
2886 2886 2886 2886 2886 2886 2886 2886 2886 2886 2886 2886 
2 2 2 2 2 2 2 2 2 2 2 2 
2994 2994 2994 2994 2994 2994 2994 2994 2994 2994 2994 2994 
208 208 208 208 208 208 208 208 208 208 208 208 
2788 2788 2788 2788 2788 2788 2788 2788 2788 2788 2788 2788 
739 739 739 739 739 739 739 739 739 739 739 739 
2257 2257 2257 2257 2257 2257 2257 2257 2257 2257 2257 2257 
774 774 774 774 774 774 774 774 774 774 774 774 
2222 2222 2222 2222 2222 2222 2222 2222 2222 2222 2222 2222 
628 628 628 628 628 628 628 628 628 628 628 628 
2368 2368 2368 2368 2368 2368 2368 2368 2368 2368 2368 2368 
116 116 116 116 116 116 116 116 116 116 116 116 
2880 2880 2880 2880 2880 2880 2880 2880 2880 2880 2880 2880 
326 326 326 326 326 326 326 326 326 326 326 326 
2670 2670 2670 2670 2670 2670 2670 2670 2670 2670 2670 2670 
911 911 911 911 911 911 911 911 911 911 911 911 
2085 2085 2085 2085 2085 2085 2085 2085 2085 2085 2085 2085 
359 359 359 359 359 359 359 359 359 359 359 359 
2637 2637 2637 2637 2637 2637 2637 2637 2637 2637 2637 2637 
10 10 10 10 10 10 10 10 10 10 10 10 
2986 2986 2986 2986 2986 2986 2986 2986 2986 2986 2986 2986 
163 163 163 163 163 163 163 163 163 163 163 163 
2833 2833 2833 2833 2833 2833 2833 2833 2833 2833 2833 2833 
1376 1376 1376 1376 1376 1376 1376 1376 1376 1376 1376 1376 
1620 1620 1620 1620 1620 1620 1620 1620 1620 1620 1620 1620 
1469 1469 1469 1469 1469 1469 1469 1469 1469 1469 1469 1469 
1527 1527 1527 1527 1527 1527 1527 1527 1527 1527 1527 1527 
656 656 656 656 656 656 656 656 656 656 656 656 
2340 2340 2340 2340 2340 2340 2340 2340 2340 2340 2340 2340 
638 638 638 638 638 638 638 638 638 638 638 638 
2358 2358 2358 2358 2358 2358 2358 2358 2358 2358 2358 2358 
94 94 94 94 94 94 94 94 94 94 94 94 
2902 2902 2902 2902 2902 2902 2902 2902 2902 2902 2902 2902 
1091 1091 1091 1091 1091 1091 1091 1091 1091 1091 1091 1091 
1905 1905 1905 1905 1905 1905 1905 1905 1905 1905 1905 1905 
374 374 374 374 374 374 374 374 374 374 374 374 
2622 2622 2622 2622 2622 2622 2622 2622 2622 2622 2622 2622 
32 32 32 32 32 32 32 32 32 32 32 32 
2964 2964 2964 2964 2964 2964 2964 2964 2964 2964 2964 2964 
1134 1134 1134 1134 1134 1134 1134 1134 1134 1134 1134 1134 
1862 1862 1862 1862 1862 1862 1862 1862 1862 1862 1862 1862 
476 476 476 476 476 476 476 476 476 476 476 476 
2520 2520 2520 2520 2520 2520 2520 2520 2520 2520 2520 2520 
1401 1401 1401 1401 1401 1401 1401 1401 1401 1401 1401 1401 
1595 1595 1595 1595 1595 1595 1595 1595 1595 1595 1595 1595 
651 651 651 651 651 651 651 651 651 651 651 651 
2345 2345 2345 2345 2345 2345 2345 2345 2345 2345 2345 2345 
316 316 316 316 316 316 316 316 316 316 316 316 
2680 2680 2680 2680 2680 2680 2680 2680 2680 2680 2680 2680 
975 975 975 975 975 975 975 975 975 975 975 975 
2021 2021 2021 2021 2021 2021 2021 2021 2021 2021 2021 2021 
450 450 450 450 450 450 450 450 450 450 450 450 
2546 2546 2546 2546 2546 2546 2546 2546 2546 2546 2546 2546 
726 726 726 726 726 726 726 726 726 726 726 726 
2270 2270 2270 2270 2270 2270 2270 2270 2270 2270 2270 2270 
309 309 309 309 309 309 309 309 309 309 309 309 
2687 2687 2687 2687 2687 2687 2687 2687 2687 2687 2687 2687 
66 66 66 66 66 66 66 66 66 66 66 66 
2930 2930 2930 2930 2930 2930 2930 2930 2930 2930 2930 2930 
596 596 596 596 596 596 596 596 596 596 596 596 
2400 2400 2400 2400 2400 2400 2400 2400 2400 2400 2400 2400 
285 285 285 285 285 285 285 285 285 285 285 285 
2711 2711 2711 2711 2711 2711 2711 2711 2711 2711 2711 2711 
747 747 747 747 747 747 747 747 747 747 747 747 
2249 2249 2249 2249 2249 2249 2249 2249 2249 2249 2249 2249 
261 261 261 261 261 261 261 261 261 261 261 261 
2735 2735 2735 2735 2735 2735 2735 2735 2735 2735 2735 2735 
82 82 82 82 82 82 82 82 82 82 82 82 
2914 2914 2914 2914 2914 2914 2914 2914 2914 2914 2914 2914 
952 952 952 952 952 952 952 952 952 952 952 952 
2044 2044 2044 2044 2044 2044 2044 2044 2044 2044 2044 2044 
189 189 189 189 189 189 189 189 189 189 189 189 
2807 2807 2807 2807 2807 2807 2807 2807 2807 2807 2807 2807 
68 68 68 68 68 68 68 68 68 68 68 68 
2928 2928 2928 2928 2928 2928 2928 2928 2928 2928 2928 2928 
1324 1324 1324 1324 1324 1324 1324 1324 1324 1324 1324 1324 
1672 1672 1672 1672 1672 1672 1672 1672 1672 1672 1672 1672 
161 161 161 161 161 161 161 161 161 161 161 161 
2835 2835 2835 2835 2835 2835 2835 2835 2835 2835 2835 2835 
913 913 913 913 913 913 913 913 913 913 913 913 
2083 2083 2083 2083 2083 2083 2083 2083 2083 2083 2083 2083 
1402 1402 1402 1402 1402 1402 1402 1402 1402 1402 1402 1402 
1594 1594 1594 1594 1594 1594 1594 1594 1594 1594 1594 1594 
107 107 107 107 107 107 107 107 107 107 107 107 
2889 2889 2889 2889 2889 2889 2889 2889 2889 2889 2889 2889 
1237 1237 1237 1237 1237 1237 1237 1237 1237 1237 1237 1237 
1759 1759 1759 1759 1759 1759 1759 1759 1759 1759 1759 1759 
99 99 99 99 99 99 99 99 99 99 99 99 
2897 2897 2897 2897 2897 2897 2897 2897 2897 2897 2897 2897 
40 40 40 40 40 40 40 40 40 40 40 40 
2956 2956 2956 2956 2956 2956 2956 2956 2956 2956 2956 2956 
1478 1478 1478 1478 1478 1478 1478 1478 1478 1478 1478 1478 
1518 1518 1518 1518 1518 1518 1518 1518 1518 1518 1518 1518 
653 653 653 653 653 653 653 653 653 653 653 653 
2343 2343 2343 2343 2343 2343 2343 2343 2343 2343 2343 2343 
791 791 791 791 791 791 791 791 791 791 791 791 
2205 2205 2205 2205 2205 2205 2205 2205 2205 2205 2205 2205 
212 212 212 212 212 212 212 212 212 212 212 212 
2784 2784 2784 2784 2784 2784 2784 2784 2784 2784 2784 2784 
469 469 469 469 469 469 469 469 469 469 469 469 
2527 2527 2527 2527 2527 2527 2527 2527 2527 2527 2527 2527 
1441 1441 1441 1441 1441 1441 1441 1441 1441 1441 1441 1441 
1555 1555 1555 1555 1555 1555 1555 1555 1555 1555 1555 1555 
77 77 77 77 77 77 77 77 77 77 77 77 
2919 2919 2919 2919 2919 2919 2919 2919 2919 2919 2919 2919 
989 989 989 989 989 989 989 989 989 989 989 989 
2007 2007 2007 2007 2007 2007 2007 2007 2007 2007 2007 2007 
459 459 459 459 459 459 459 459 459 459 459 459 
2537 2537 2537 2537 2537 2537 2537 2537 2537 2537 2537 2537 
1205 1205 1205 1205 1205 1205 1205 1205 1205 1205 1205 1205 
1791 1791 1791 1791 1791 1791 1791 1791 1791 1791 1791 1791 
29 29 29 29 29 29 29 29 29 29 29 29 
2967 2967 2967 2967 2967 2967 2967 2967 2967 2967 2967 2967 
1096 1096 1096 1096 1096 1096 1096 1096 1096 1096 1096 1096 
1900 1900 1900 1900 1900 1900 1900 1900 1900 1900 1900 1900 
1145 1145 1145 1145 1145 1145 1145 1145 1145 1145 1145 1145 
1851 1851 1851 1851 1851 1851 1851 1851 1851 1851 1851 1851 
963 963 963 963 963 963 963 963 963 963 963 963 
2033 2033 2033 2033 2033 2033 2033 2033 2033 2033 2033 2033 
463 463 463 463 463 463 463 463 463 463 463 463 
2533 2533 2533 2533 2533 2533 2533 2533 2533 2533 2533 2533 
1146 1146 1146 1146 1146 1146 1146 1146 1146 1146 1146 1146 
1850 1850 1850 1850 1850 1850 1850 1850 1850 1850 1850 1850 
924 924 924 924 924 924 924 924 924 924 924 924 
2072 2072 2072 2072 2072 2072 2072 2072 2072 2072 2072 2072 
156 156 156 156 156 156 156 156 156 156 156 156 
2840 2840 2840 2840 2840 2840 2840 2840 2840 2840 2840 2840 
405 405 405 405 405 405 405 405 405 405 405 405 
2591 2591 2591 2591 2591 2591 2591 2591 2591 2591 2591 2591 
741 741 741 741 741 741 741 741 741 741 741 741 
2255 2255 2255 2255 2255 2255 2255 2255 2255 2255 2255 2255 
290 290 290 290 290 290 290 290 290 290 290 290 
2706 2706 2706 2706 2706 2706 2706 2706 2706 2706 2706 2706 
1002 1002 1002 1002 1002 1002 1002 1002 1002 1002 1002 1002 
1994 1994 1994 1994 1994 1994 1994 1994 1994 1994 1994 1994 
993 993 993 993 993 993 993 993 993 993 993 993 
2003 2003 2003 2003 2003 2003 2003 2003 2003 2003 2003 2003 
531 531 531 531 531 531 531 531 531 531 531 531 
2465 2465 2465 2465 2465 2465 2465 2465 2465 2465 2465 2465 
658 658 658 658 658 658 658 658 658 658 658 658 
2338 2338 2338 2338 2338 2338 2338 2338 2338 2338 2338 2338 
551 551 551 551 551 551 551 551 551 551 551 551 
2445 2445 2445 2445 2445 2445 2445 2445 2445 2445 2445 2445 
161 161 161 161 161 161 161 161 161 161 161 161 
2835 2835 2835 2835 2835 2835 2835 2835 2835 2835 2835 2835 
75 75 75 75 75 75 75 75 75 75 75 75 
2921 2921 2921 2921 2921 2921 2921 2921 2921 2921 2921 2921 
1481 1481 1481 1481 1481 1481 1481 1481 1481 1481 1481 1481 
1515 1515 1515 1515 1515 1515 1515 1515 1515 1515 1515 1515 
1093 1093 1093 1093 1093 1093 1093 1093 1093 1093 1093 1093 
1903 1903 1903 1903 1903 1903 1903 1903 1903 1903 1903 1903 
1472 1472 1472 1472 1472 1472 1472 1472 1472 1472 1472 1472 
1524 1524 1524 1524 1524 1524 1524 1524 1524 1524 1524 1524 
578 578 578 578 578 578 578 578 578 578 578 578 
2418 2418 2418 2418 2418 2418 2418 2418 2418 2418 2418 2418 
1126 1126 1126 1126 1126 1126 1126 1126 1126 1126 1126 1126 
1870 1870 1870 1870 1870 1870 1870 1870 1870 1870 1870 1870 
541 541 541 541 541 541 541 541 541 541 541 541 
2455 2455 2455 2455 2455 2455 2455 2455 2455 2455 2455 2455 
566 566 566 566 566 566 566 566 566 566 566 566 
2430 2430 2430 2430 2430 2430 2430 2430 2430 2430 2430 2430 
98 98 98 98 98 98 98 98 98 98 98 98 
2898 2898 2898 2898 2898 2898 2898 2898 2898 2898 2898 2898 
1010 1010 1010 1010 1010 1010 1010 1010 1010 1010 1010 1010 
1986 1986 1986 1986 1986 1986 1986 1986 1986 1986 1986 1986 
233 233 233 233 233 233 233 233 233 233 233 233 
2763 2763 2763 2763 2763 2763 2763 2763 2763 2763 2763 2763 
662 662 662 662 662 662 662 662 662 662 662 662 
2334 2334 2334 2334 2334 2334 2334 2334 2334 2334 2334 2334 
899 899 899 899 899 899 899 899 899 899 899 899 
2097 2097 2097 2097 2097 2097 2097 2097 2097 2097 2097 2097 
35 35 35 35 35 35 35 35 35 35 35 35 
2961 2961 2961 2961 2961 2961 2961 2961 2961 2961 2961 2961 
610 610 610 610 610 610 610 610 610 610 610 610 
2386 2386 2386 2386 2386 2386 2386 2386 2386 2386 2386 2386 
320 320 320 320 320 320 320 320 320 320 320 320 
2676 2676 2676 2676 2676 2676 2676 2676 2676 2676 2676 2676 
493 493 493 493 493 493 493 493 493 493 493 493 
2503 2503 2503 2503 2503 2503 2503 2503 2503 2503 2503 2503 
1156 1156 1156 1156 1156 1156 1156 1156 1156 1156 1156 1156 
1840 1840 1840 1840 1840 1840 1840 1840 1840 1840 1840 1840 
805 805 805 805 805 805 805 805 805 805 805 805 
2191 2191 2191 2191 2191 2191 2191 2191 2191 2191 2191 2191 
145 145 145 145 145 145 145 145 145 145 145 145 
2851 2851 2851 2851 2851 2851 2851 2851 2851 2851 2851 2851 
93 93 93 93 93 93 93 93 93 93 93 93 
2903 2903 2903 2903 2903 2903 2903 2903 2903 2903 2903 2903 
721 721 721 721 721 721 721 721 721 721 721 721 
2275 2275 2275 2275 2275 2275 2275 2275 2275 2275 2275 2275 
319 319 319 319 319 319 319 319 319 319 319 319 
2677 2677 2677 2677 2677 2677 2677 2677 2677 2677 2677 2677 
42 42 42 42 42 42 42 42 42 42 42 42 
2954 2954 2954 2954 2954 2954 2954 2954 2954 2954 2954 2954 
266 266 266 266 266 266 266 266 266 266 266 266 
2730 2730 2730 2730 2730 2730 2730 2730 2730 2730 2730 2730 
53 53 53 53 53 53 53 53 53 53 53 53 
2943 2943 2943 2943 2943 2943 2943 2943 2943 2943 2943 2943 
100 100 100 100 100 100 100 100 100 100 100 100 
2896 2896 2896 2896 2896 2896 2896 2896 2896 2896 2896 2896 
1483 1483 1483 1483 1483 1483 1483 1483 1483 1483 1483 1483 
1513 1513 1513 1513 1513 1513 1513 1513 1513 1513 1513 1513 
1179 1179 1179 1179 1179 1179 1179 1179 1179 1179 1179 1179 
1817 1817 1817 1817 1817 1817 1817 1817 1817 1817 1817 1817 
45 45 45 45 45 45 45 45 45 45 45 45 
2951 2951 2951 2951 2951 2951 2951 2951 2951 2951 2951 2951 
929 929 929 929 929 929 929 929 929 929 929 929 
2067 2067 2067 2067 2067 2067 2067 2067 2067 2067 2067 2067 
559 559 559 559 559 559 559 559 559 559 559 559 
2437 2437 2437 2437 2437 2437 2437 2437 2437 2437 2437 2437 
32 32 32 32 32 32 32 32 32 32 32 32 
2964 2964 2964 2964 2964 2964 2964 2964 2964 2964 2964 2964 
1498 1498 1498 1498 1498 1498 1498 1498 1498 1498 1498 1498 
1498 1498 1498 1498 1498 1498 1498 1498 1498 1498 1498 1498 
5 5 5 5 5 5 5 5 5 5 5 5 
2991 2991 2991 2991 2991 2991 2991 2991 2991 2991 2991 2991 
545 545 545 545 545 545 545 545 545 545 545 545 
2451 2451 2451 2451 2451 2451 2451 2451 2451 2451 2451 2451 
1117 1117 1117 1117 1117 1117 1117 1117 1117 1117 1117 1117 
1879 1879 1879 1879 1879 1879 1879 1879 1879 1879 1879 1879 
6 6 6 6 6 6 6 6 6 6 6 6 
2990 2990 2990 2990 2990 2990 2990 2990 2990 2990 2990 2990 
1447 1447 1447 1447 1447 1447 1447 1447 1447 1447 1447 1447 
1549 1549 1549 1549 1549 1549 1549 1549 1549 1549 1549 1549 
257 257 257 257 257 257 257 257 257 257 257 257 
2739 2739 2739 2739 2739 2739 2739 2739 2739 2739 2739 2739 
523 523 523 523 523 523 523 523 523 523 523 523 
2473 2473 2473 2473 2473 2473 2473 2473 2473 2473 2473 2473 
1225 1225 1225 1225 1225 1225 1225 1225 1225 1225 1225 1225 
1771 1771 1771 1771 1771 1771 1771 1771 1771 1771 1771 1771 
186 186 186 186 186 186 186 186 186 186 186 186 
2810 2810 2810 2810 2810 2810 2810 2810 2810 2810 2810 2810 
817 817 817 817 817 817 817 817 817 817 817 817 
2179 2179 2179 2179 2179 2179 2179 2179 2179 2179 2179 2179 
986 986 986 986 986 986 986 986 986 986 986 986 
2010 2010 2010 2010 2010 2010 2010 2010 2010 2010 2010 2010 
318 318 318 318 318 318 318 318 318 318 318 318 
2678 2678 2678 2678 2678 2678 2678 2678 2678 2678 2678 2678 
779 779 779 779 779 779 779 779 779 779 779 779 
2217 2217 2217 2217 2217 2217 2217 2217 2217 2217 2217 2217 
102 102 102 102 102 102 102 102 102 102 102 102 
2894 2894 2894 2894 2894 2894 2894 2894 2894 2894 2894 2894 
441 441 441 441 441 441 441 441 441 441 441 441 
2555 2555 2555 2555 2555 2555 2555 2555 2555 2555 2555 2555 
213 213 213 213 213 213 213 213 213 213 213 213 
2783 2783 2783 2783 2783 2783 2783 2783 2783 2783 2783 2783 
21 21 21 21 21 21 21 21 21 21 21 21 
2975 2975 2975 2975 2975 2975 2975 2975 2975 2975 2975 2975 
1312 1312 1312 1312 1312 1312 1312 1312 1312 1312 1312 1312 
1684 1684 1684 1684 1684 1684 1684 1684 1684 1684 1684 1684 
764 764 764 764 764 764 764 764 764 764 764 764 
2232 2232 2232 2232 2232 2232 2232 2232 2232 2232 2232 2232 
1292 1292 1292 1292 1292 1292 1292 1292 1292 1292 1292 1292 
1704 1704 1704 1704 1704 1704 1704 1704 1704 1704 1704 1704 
73 73 73 73 73 73 73 73 73 73 73 73 
2923 2923 2923 2923 2923 2923 2923 2923 2923 2923 2923 2923 
1355 1355 1355 1355 1355 1355 1355 1355 1355 1355 1355 1355 
1641 1641 1641 1641 1641 1641 1641 1641 1641 1641 1641 1641 
895 895 895 895 895 895 895 895 895 895 895 895 
2101 2101 2101 2101 2101 2101 2101 2101 2101 2101 2101 2101 
94 94 94 94 94 94 94 94 94 94 94 94 
2902 2902 2902 2902 2902 2902 2902 2902 2902 2902 2902 2902 
999 999 999 999 999 999 999 999 999 999 999 999 
1997 1997 1997 1997 1997 1997 1997 1997 1997 1997 1997 1997 
250 250 250 250 250 250 250 250 250 250 250 250 
2746 2746 2746 2746 2746 2746 2746 2746 2746 2746 2746 2746 
687 687 687 687 687 687 687 687 687 687 687 687 
2309 2309 2309 2309 2309 2309 2309 2309 2309 2309 2309 2309 
379 379 379 379 379 379 379 379 379 379 379 379 
2617 2617 2617 2617 2617 2617 2617 2617 2617 2617 2617 2617 
958 958 958 958 958 958 958 958 958 958 958 958 
2038 2038 2038 2038 2038 2038 2038 2038 2038 2038 2038 2038 
1445 1445 1445 1445 1445 1445 1445 1445 1445 1445 1445 1445 
1551 1551 1551 1551 1551 1551 1551 1551 1551 1551 1551 1551 
303 303 303 303 303 303 303 303 303 303 303 303 
2693 2693 2693 2693 2693 2693 2693 2693 2693 2693 2693 2693 
225 225 225 225 225 225 225 225 225 225 225 225 
2771 2771 2771 2771 2771 2771 2771 2771 2771 2771 2771 2771 
1391 1391 1391 1391 1391 1391 1391 1391 1391 1391 1391 1391 
1605 1605 1605 1605 1605 1605 1605 1605 1605 1605 1605 1605 
1162 1162 1162 1162 1162 1162 1162 1162 1162 1162 1162 1162 
1834 1834 1834 1834 1834 1834 1834 1834 1834 1834 1834 1834 
328 328 328 328 328 328 328 328 328 328 328 328 
2668 2668 2668 2668 2668 2668 2668 2668 2668 2668 2668 2668 
173 173 173 173 173 173 173 173 173 173 173 173 
2823 2823 2823 2823 2823 2823 2823 2823 2823 2823 2823 2823 
354 354 354 354 354 354 354 354 354 354 354 354 
2642 2642 2642 2642 2642 2642 2642 2642 2642 2642 2642 2642 
577 577 577 577 577 577 577 577 577 577 577 577 
2419 2419 2419 2419 2419 2419 2419 2419 2419 2419 2419 2419 
350 350 350 350 350 350 350 350 350 350 350 350 
2646 2646 2646 2646 2646 2646 2646 2646 2646 2646 2646 2646 
769 769 769 769 769 769 769 769 769 769 769 769 
2227 2227 2227 2227 2227 2227 2227 2227 2227 2227 2227 2227 
1224 1224 1224 1224 1224 1224 1224 1224 1224 1224 1224 1224 
1772 1772 1772 1772 1772 1772 1772 1772 1772 1772 1772 1772 
639 639 639 639 639 639 639 639 639 639 639 639 
2357 2357 2357 2357 2357 2357 2357 2357 2357 2357 2357 2357 
897 897 897 897 897 897 897 897 897 897 897 897 
2099 2099 2099 2099 2099 2099 2099 2099 2099 2099 2099 2099 
46 46 46 46 46 46 46 46 46 46 46 46 
2950 2950 2950 2950 2950 2950 2950 2950 2950 2950 2950 2950 
1164 1164 1164 1164 1164 1164 1164 1164 1164 1164 1164 1164 
1832 1832 1832 1832 1832 1832 1832 1832 1832 1832 1832 1832 
783 783 783 783 783 783 783 783 783 783 783 783 
2213 2213 2213 2213 2213 2213 2213 2213 2213 2213 2213 2213 
527 527 527 527 527 527 527 527 527 527 527 527 
2469 2469 2469 2469 2469 2469 2469 2469 2469 2469 2469 2469 
662 662 662 662 662 662 662 662 662 662 662 662 
2334 2334 2334 2334 2334 2334 2334 2334 2334 2334 2334 2334 
205 205 205 205 205 205 205 205 205 205 205 205 
2791 2791 2791 2791 2791 2791 2791 2791 2791 2791 2791 2791 
771 771 771 771 771 771 771 771 771 771 771 771 
2225 2225 2225 2225 2225 2225 2225 2225 2225 2225 2225 2225 
490 490 490 490 490 490 490 490 490 490 490 490 
2506 2506 2506 2506 2506 2506 2506 2506 2506 2506 2506 2506 
495 495 495 495 495 495 495 495 495 495 495 495 
2501 2501 2501 2501 2501 2501 2501 2501 2501 2501 2501 2501 
521 521 521 521 521 521 521 521 521 521 521 521 
2475 2475 2475 2475 2475 2475 2475 2475 2475 2475 2475 2475 
48 48 48 48 48 48 48 48 48 48 48 48 
2948 2948 2948 2948 2948 2948 2948 2948 2948 2948 2948 2948 
177 177 177 177 177 177 177 177 177 177 177 177 
2819 2819 2819 2819 2819 2819 2819 2819 2819 2819 2819 2819 
1385 1385 1385 1385 1385 1385 1385 1385 1385 1385 1385 1385 
1611 1611 1611 1611 1611 1611 1611 1611 1611 1611 1611 1611 
1436 1436 1436 1436 1436 1436 1436 1436 1436 1436 1436 1436 
1560 1560 1560 1560 1560 1560 1560 1560 1560 1560 1560 1560 
398 398 398 398 398 398 398 398 398 398 398 398 
2598 2598 2598 2598 2598 2598 2598 2598 2598 2598 2598 2598 
1168 1168 1168 1168 1168 1168 1168 1168 1168 1168 1168 1168 
1828 1828 1828 1828 1828 1828 1828 1828 1828 1828 1828 1828 
352 352 352 352 352 352 352 352 352 352 352 352 
2644 2644 2644 2644 2644 2644 2644 2644 2644 2644 2644 2644 
242 242 242 242 242 242 242 242 242 242 242 242 
2754 2754 2754 2754 2754 2754 2754 2754 2754 2754 2754 2754 
83 83 83 83 83 83 83 83 83 83 83 83 
2913 2913 2913 2913 2913 2913 2913 2913 2913 2913 2913 2913 
190 190 190 190 190 190 190 190 190 190 190 190 
2806 2806 2806 2806 2806 2806 2806 2806 2806 2806 2806 2806 
1303 1303 1303 1303 1303 1303 1303 1303 1303 1303 1303 1303 
1693 1693 1693 1693 1693 1693 1693 1693 1693 1693 1693 1693 
914 914 914 914 914 914 914 914 914 914 914 914 
2082 2082 2082 2082 2082 2082 2082 2082 2082 2082 2082 2082 
1270 1270 1270 1270 1270 1270 1270 1270 1270 1270 1270 1270 
1726 1726 1726 1726 1726 1726 1726 1726 1726 1726 1726 1726 
113 113 113 113 113 113 113 113 113 113 113 113 
2883 2883 2883 2883 2883 2883 2883 2883 2883 2883 2883 2883 
1339 1339 1339 1339 1339 1339 1339 1339 1339 1339 1339 1339 
1657 1657 1657 1657 1657 1657 1657 1657 1657 1657 1657 1657 
1226 1226 1226 1226 1226 1226 1226 1226 1226 1226 1226 1226 
1770 1770 1770 1770 1770 1770 1770 1770 1770 1770 1770 1770 
96 96 96 96 96 96 96 96 96 96 96 96 
2900 2900 2900 2900 2900 2900 2900 2900 2900 2900 2900 2900 
963 963 963 963 963 963 963 963 963 963 963 963 
2033 2033 2033 2033 2033 2033 2033 2033 2033 2033 2033 2033 
397 397 397 397 397 397 397 397 397 397 397 397 
2599 2599 2599 2599 2599 2599 2599 2599 2599 2599 2599 2599 
461 461 461 461 461 461 461 461 461 461 461 461 
2535 2535 2535 2535 2535 2535 2535 2535 2535 2535 2535 2535 
1290 1290 1290 1290 1290 1290 1290 1290 1290 1290 1290 1290 
1706 1706 1706 1706 1706 1706 1706 1706 1706 1706 1706 1706 
102 102 102 102 102 102 102 102 102 102 102 102 
2894 2894 2894 2894 2894 2894 2894 2894 2894 2894 2894 2894 
333 333 333 333 333 333 333 333 333 333 333 333 
2663 2663 2663 2663 2663 2663 2663 2663 2663 2663 2663 2663 
1019 1019 1019 1019 1019 1019 1019 1019 1019 1019 1019 1019 
1977 1977 1977 1977 1977 1977 1977 1977 1977 1977 1977 1977 
354 354 354 354 354 354 354 354 354 354 354 354 
2642 2642 2642 2642 2642 2642 2642 2642 2642 2642 2642 2642 
746 746 746 746 746 746 746 746 746 746 746 746 
2250 2250 2250 2250 2250 2250 2250 2250 2250 2250 2250 2250 
198 198 198 198 198 198 198 198 198 198 198 198 
2798 2798 2798 2798 2798 2798 2798 2798 2798 2798 2798 2798 
134 134 134 134 134 134 134 134 134 134 134 134 
2862 2862 2862 2862 2862 2862 2862 2862 2862 2862 2862 2862 
1451 1451 1451 1451 1451 1451 1451 1451 1451 1451 1451 1451 
1545 1545 1545 1545 1545 1545 1545 1545 1545 1545 1545 1545 
65 65 65 65 65 65 65 65 65 65 65 65 
2931 2931 2931 2931 2931 2931 2931 2931 2931 2931 2931 2931 
677 677 677 677 677 677 677 677 677 677 677 677 
2319 2319 2319 2319 2319 2319 2319 2319 2319 2319 2319 2319 
887 887 887 887 887 887 887 887 887 887 887 887 
2109 2109 2109 2109 2109 2109 2109 2109 2109 2109 2109 2109 
986 986 986 986 986 986 986 986 986 986 986 986 
2010 2010 2010 2010 2010 2010 2010 2010 2010 2010 2010 2010 
444 444 444 444 444 444 444 444 444 444 444 444 
2552 2552 2552 2552 2552 2552 2552 2552 2552 2552 2552 2552 
263 263 263 263 263 263 263 263 263 263 263 263 
2733 2733 2733 2733 2733 2733 2733 2733 2733 2733 2733 2733 
296 296 296 296 296 296 296 296 296 296 296 296 
2700 2700 2700 2700 2700 2700 2700 2700 2700 2700 2700 2700 
1162 1162 1162 1162 1162 1162 1162 1162 1162 1162 1162 1162 
1834 1834 1834 1834 1834 1834 1834 1834 1834 1834 1834 1834 
671 671 671 671 671 671 671 671 671 671 671 671 
2325 2325 2325 2325 2325 2325 2325 2325 2325 2325 2325 2325 
383 383 383 383 383 383 383 383 383 383 383 383 
2613 2613 2613 2613 2613 2613 2613 2613 2613 2613 2613 2613 
54 54 54 54 54 54 54 54 54 54 54 54 
2942 2942 2942 2942 2942 2942 2942 2942 2942 2942 2942 2942 
254 254 254 254 254 254 254 254 254 254 254 254 
2742 2742 2742 2742 2742 2742 2742 2742 2742 2742 2742 2742 
1069 1069 1069 1069 1069 1069 1069 1069 1069 1069 1069 1069 
1927 1927 1927 1927 1927 1927 1927 1927 1927 1927 1927 1927 
110 110 110 110 110 110 110 110 110 110 110 110 
2886 2886 2886 2886 2886 2886 2886 2886 2886 2886 2886 2886 
963 963 963 963 963 963 963 963 963 963 963 963 
2033 2033 2033 2033 2033 2033 2033 2033 2033 2033 2033 2033 
1184 1184 1184 1184 1184 1184 1184 1184 1184 1184 1184 1184 
1812 1812 1812 1812 1812 1812 1812 1812 1812 1812 1812 1812 
395 395 395 395 395 395 395 395 395 395 395 395 
2601 2601 2601 2601 2601 2601 2601 2601 2601 2601 2601 2601 
1273 1273 1273 1273 1273 1273 1273 1273 1273 1273 1273 1273 
1723 1723 1723 1723 1723 1723 1723 1723 1723 1723 1723 1723 
532 532 532 532 532 532 532 532 532 532 532 532 
2464 2464 2464 2464 2464 2464 2464 2464 2464 2464 2464 2464 
1467 1467 1467 1467 1467 1467 1467 1467 1467 1467 1467 1467 
1529 1529 1529 1529 1529 1529 1529 1529 1529 1529 1529 1529 
15 15 15 15 15 15 15 15 15 15 15 15 
2981 2981 2981 2981 2981 2981 2981 2981 2981 2981 2981 2981 
1134 1134 1134 1134 1134 1134 1134 1134 1134 1134 1134 1134 
1862 1862 1862 1862 1862 1862 1862 1862 1862 1862 1862 1862 
952 952 952 952 952 952 952 952 952 952 952 952 
2044 2044 2044 2044 2044 2044 2044 2044 2044 2044 2044 2044 
1065 1065 1065 1065 1065 1065 1065 1065 1065 1065 1065 1065 
1931 1931 1931 1931 1931 1931 1931 1931 1931 1931 1931 1931 
116 116 116 116 116 116 116 116 116 116 116 116 
2880 2880 2880 2880 2880 2880 2880 2880 2880 2880 2880 2880 
28 28 28 28 28 28 28 28 28 28 28 28 
2968 2968 2968 2968 2968 2968 2968 2968 2968 2968 2968 2968 
43 43 43 43 43 43 43 43 43 43 43 43 
2953 2953 2953 2953 2953 2953 2953 2953 2953 2953 2953 2953 
1025 1025 1025 1025 1025 1025 1025 1025 1025 1025 1025 1025 
1971 1971 1971 1971 1971 1971 1971 1971 1971 1971 1971 1971 
671 671 671 671 671 671 671 671 671 671 671 671 
2325 2325 2325 2325 2325 2325 2325 2325 2325 2325 2325 2325 
1362 1362 1362 1362 1362 1362 1362 1362 1362 1362 1362 1362 
1634 1634 1634 1634 1634 1634 1634 1634 1634 1634 1634 1634 
811 811 811 811 811 811 811 811 811 811 811 811 
2185 2185 2185 2185 2185 2185 2185 2185 2185 2185 2185 2185 
731 731 731 731 731 731 731 731 731 731 731 731 
2265 2265 2265 2265 2265 2265 2265 2265 2265 2265 2265 2265 
231 231 231 231 231 231 231 231 231 231 231 231 
2765 2765 2765 2765 2765 2765 2765 2765 2765 2765 2765 2765 
163 163 163 163 163 163 163 163 163 163 163 163 
2833 2833 2833 2833 2833 2833 2833 2833 2833 2833 2833 2833 
528 528 528 528 528 528 528 528 528 528 528 528 
2468 2468 2468 2468 2468 2468 2468 2468 2468 2468 2468 2468 
1126 1126 1126 1126 1126 1126 1126 1126 1126 1126 1126 1126 
1870 1870 1870 1870 1870 1870 1870 1870 1870 1870 1870 1870 
848 848 848 848 848 848 848 848 848 848 848 848 
2148 2148 2148 2148 2148 2148 2148 2148 2148 2148 2148 2148 
116 116 116 116 116 116 116 116 116 116 116 116 
2880 2880 2880 2880 2880 2880 2880 2880 2880 2880 2880 2880 
609 609 609 609 609 609 609 609 609 609 609 609 
2387 2387 2387 2387 2387 2387 2387 2387 2387 2387 2387 2387 
328 328 328 328 328 328 328 328 328 328 328 328 
2668 2668 2668 2668 2668 2668 2668 2668 2668 2668 2668 2668 
599 599 599 599 599 599 599 599 599 599 599 599 
2397 2397 2397 2397 2397 2397 2397 2397 2397 2397 2397 2397 
452 452 452 452 452 452 452 452 452 452 452 452 
2544 2544 2544 2544 2544 2544 2544 2544 2544 2544 2544 2544 
859 859 859 859 859 859 859 859 859 859 859 859 
2137 2137 2137 2137 2137 2137 2137 2137 2137 2137 2137 2137 
932 932 932 932 932 932 932 932 932 932 932 932 
2064 2064 2064 2064 2064 2064 2064 2064 2064 2064 2064 2064 
255 255 255 255 255 255 255 255 255 255 255 255 
2741 2741 2741 2741 2741 2741 2741 2741 2741 2741 2741 2741 
713 713 713 713 713 713 713 713 713 713 713 713 
2283 2283 2283 2283 2283 2283 2283 2283 2283 2283 2283 2283 
260 260 260 260 260 260 260 260 260 260 260 260 
2736 2736 2736 2736 2736 2736 2736 2736 2736 2736 2736 2736 
43 43 43 43 43 43 43 43 43 43 43 43 
2953 2953 2953 2953 2953 2953 2953 2953 2953 2953 2953 2953 
8 8 8 8 8 8 8 8 8 8 8 8 
2988 2988 2988 2988 2988 2988 2988 2988 2988 2988 2988 2988 
377 377 377 377 377 377 377 377 377 377 377 377 
2619 2619 2619 2619 2619 2619 2619 2619 2619 2619 2619 2619 
184 184 184 184 184 184 184 184 184 184 184 184 
2812 2812 2812 2812 2812 2812 2812 2812 2812 2812 2812 2812 
1335 1335 1335 1335 1335 1335 1335 1335 1335 1335 1335 1335 
1661 1661 1661 1661 1661 1661 1661 1661 1661 1661 1661 1661 
672 672 672 672 672 672 672 672 672 672 672 672 
2324 2324 2324 2324 2324 2324 2324 2324 2324 2324 2324 2324 
866 866 866 866 866 866 866 866 866 866 866 866 
2130 2130 2130 2130 2130 2130 2130 2130 2130 2130 2130 2130 
762 762 762 762 762 762 762 762 762 762 762 762 
2234 2234 2234 2234 2234 2234 2234 2234 2234 2234 2234 2234 
402 402 402 402 402 402 402 402 402 402 402 402 
2594 2594 2594 2594 2594 2594 2594 2594 2594 2594 2594 2594 
29 29 29 29 29 29 29 29 29 29 29 29 
2967 2967 2967 2967 2967 2967 2967 2967 2967 2967 2967 2967 
1395 1395 1395 1395 1395 1395 1395 1395 1395 1395 1395 1395 
1601 1601 1601 1601 1601 1601 1601 1601 1601 1601 1601 1601 
778 778 778 778 778 778 778 778 778 778 778 778 
2218 2218 2218 2218 2218 2218 2218 2218 2218 2218 2218 2218 
527 527 527 527 527 527 527 527 527 527 527 527 
2469 2469 2469 2469 2469 2469 2469 2469 2469 2469 2469 2469 
1345 1345 1345 1345 1345 1345 1345 1345 1345 1345 1345 1345 
1651 1651 1651 1651 1651 1651 1651 1651 1651 1651 1651 1651 
1185 1185 1185 1185 1185 1185 1185 1185 1185 1185 1185 1185 
1811 1811 1811 1811 1811 1811 1811 1811 1811 1811 1811 1811 
842 842 842 842 842 842 842 842 842 842 842 842 
2154 2154 2154 2154 2154 2154 2154 2154 2154 2154 2154 2154 
2 2 2 2 2 2 2 2 2 2 2 2 
2994 2994 2994 2994 2994 2994 2994 2994 2994 2994 2994 2994 
663 663 663 663 663 663 663 663 663 663 663 663 
2333 2333 2333 2333 2333 2333 2333 2333 2333 2333 2333 2333 
849 849 849 849 849 849 849 849 849 849 849 849 
2147 2147 2147 2147 2147 2147 2147 2147 2147 2147 2147 2147 
856 856 856 856 856 856 856 856 856 856 856 856 
2140 2140 2140 2140 2140 2140 2140 2140 2140 2140 2140 2140 
1089 1089 1089 1089 1089 1089 1089 1089 1089 1089 1089 1089 
1907 1907 1907 1907 1907 1907 1907 1907 1907 1907 1907 1907 
543 543 543 543 543 543 543 543 543 543 543 543 
2453 2453 2453 2453 2453 2453 2453 2453 2453 2453 2453 2453 
64 64 64 64 64 64 64 64 64 64 64 64 
2932 2932 2932 2932 2932 2932 2932 2932 2932 2932 2932 2932 
467 467 467 467 467 467 467 467 467 467 467 467 
2529 2529 2529 2529 2529 2529 2529 2529 2529 2529 2529 2529 
826 826 826 826 826 826 826 826 826 826 826 826 
2170 2170 2170 2170 2170 2170 2170 2170 2170 2170 2170 2170 
395 395 395 395 395 395 395 395 395 395 395 395 
2601 2601 2601 2601 2601 2601 2601 2601 2601 2601 2601 2601 
60 60 60 60 60 60 60 60 60 60 60 60 
2936 2936 2936 2936 2936 2936 2936 2936 2936 2936 2936 2936 
195 195 195 195 195 195 195 195 195 195 195 195 
2801 2801 2801 2801 2801 2801 2801 2801 2801 2801 2801 2801 
961 961 961 961 961 961 961 961 961 961 961 961 
2035 2035 2035 2035 2035 2035 2035 2035 2035 2035 2035 2035 
1241 1241 1241 1241 1241 1241 1241 1241 1241 1241 1241 1241 
1755 1755 1755 1755 1755 1755 1755 1755 1755 1755 1755 1755 
1270 1270 1270 1270 1270 1270 1270 1270 1270 1270 1270 1270 
1726 1726 1726 1726 1726 1726 1726 1726 1726 1726 1726 1726 
43 43 43 43 43 43 43 43 43 43 43 43 
2953 2953 2953 2953 2953 2953 2953 2953 2953 2953 2953 2953 
288 288 288 288 288 288 288 288 288 288 288 288 
2708 2708 2708 2708 2708 2708 2708 2708 2708 2708 2708 2708 
567 567 567 567 567 567 567 567 567 567 567 567 
2429 2429 2429 2429 2429 2429 2429 2429 2429 2429 2429 2429 
948 948 948 948 948 948 948 948 948 948 948 948 
2048 2048 2048 2048 2048 2048 2048 2048 2048 2048 2048 2048 
485 485 485 485 485 485 485 485 485 485 485 485 
2511 2511 2511 2511 2511 2511 2511 2511 2511 2511 2511 2511 
180 180 180 180 180 180 180 180 180 180 180 180 
2816 2816 2816 2816 2816 2816 2816 2816 2816 2816 2816 2816 
174 174 174 174 174 174 174 174 174 174 174 174 
2822 2822 2822 2822 2822 2822 2822 2822 2822 2822 2822 2822 
1223 1223 1223 1223 1223 1223 1223 1223 1223 1223 1223 1223 
1773 1773 1773 1773 1773 1773 1773 1773 1773 1773 1773 1773 
8 8 8 8 8 8 8 8 8 8 8 8 
2988 2988 2988 2988 2988 2988 2988 2988 2988 2988 2988 2988 
63 63 63 63 63 63 63 63 63 63 63 63 
2933 2933 2933 2933 2933 2933 2933 2933 2933 2933 2933 2933 
1214 1214 1214 1214 1214 1214 1214 1214 1214 1214 1214 1214 
1782 1782 1782 1782 1782 1782 1782 1782 1782 1782 1782 1782 
1326 1326 1326 1326 1326 1326 1326 1326 1326 1326 1326 1326 
1670 1670 1670 1670 1670 1670 1670 1670 1670 1670 1670 1670 
1058 1058 1058 1058 1058 1058 1058 1058 1058 1058 1058 1058 
1938 1938 1938 1938 1938 1938 1938 1938 1938 1938 1938 1938 
138 138 138 138 138 138 138 138 138 138 138 138 
2858 2858 2858 2858 2858 2858 2858 2858 2858 2858 2858 2858 
99 99 99 99 99 99 99 99 99 99 99 99 
2897 2897 2897 2897 2897 2897 2897 2897 2897 2897 2897 2897 
1321 1321 1321 1321 1321 1321 1321 1321 1321 1321 1321 1321 
1675 1675 1675 1675 1675 1675 1675 1675 1675 1675 1675 1675 
677 677 677 677 677 677 677 677 677 677 677 677 
2319 2319 2319 2319 2319 2319 2319 2319 2319 2319 2319 2319 
531 531 531 531 531 531 531 531 531 531 531 531 
2465 2465 2465 2465 2465 2465 2465 2465 2465 2465 2465 2465 
855 855 855 855 855 855 855 855 855 855 855 855 
2141 2141 2141 2141 2141 2141 2141 2141 2141 2141 2141 2141 
66 66 66 66 66 66 66 66 66 66 66 66 
2930 2930 2930 2930 2930 2930 2930 2930 2930 2930 2930 2930 
138 138 138 138 138 138 138 138 138 138 138 138 
2858 2858 2858 2858 2858 2858 2858 2858 2858 2858 2858 2858 
130 130 130 130 130 130 130 130 130 130 130 130 
2866 2866 2866 2866 2866 2866 2866 2866 2866 2866 2866 2866 
1001 1001 1001 1001 1001 1001 1001 1001 1001 1001 1001 1001 
1995 1995 1995 1995 1995 1995 1995 1995 1995 1995 1995 1995 
980 980 980 980 980 980 980 980 980 980 980 980 
2016 2016 2016 2016 2016 2016 2016 2016 2016 2016 2016 2016 
320 320 320 320 320 320 320 320 320 320 320 320 
2676 2676 2676 2676 2676 2676 2676 2676 2676 2676 2676 2676 
1025 1025 1025 1025 1025 1025 1025 1025 1025 1025 1025 1025 
1971 1971 1971 1971 1971 1971 1971 1971 1971 1971 1971 1971 
60 60 60 60 60 60 60 60 60 60 60 60 
2936 2936 2936 2936 2936 2936 2936 2936 2936 2936 2936 2936 
249 249 249 249 249 249 249 249 249 249 249 249 
2747 2747 2747 2747 2747 2747 2747 2747 2747 2747 2747 2747 
921 921 921 921 921 921 921 921 921 921 921 921 
2075 2075 2075 2075 2075 2075 2075 2075 2075 2075 2075 2075 
81 81 81 81 81 81 81 81 81 81 81 81 
2915 2915 2915 2915 2915 2915 2915 2915 2915 2915 2915 2915 
692 692 692 692 692 692 692 692 692 692 692 692 
2304 2304 2304 2304 2304 2304 2304 2304 2304 2304 2304 2304 
784 784 784 784 784 784 784 784 784 784 784 784 
2212 2212 2212 2212 2212 2212 2212 2212 2212 2212 2212 2212 
92 92 92 92 92 92 92 92 92 92 92 92 
2904 2904 2904 2904 2904 2904 2904 2904 2904 2904 2904 2904 
173 173 173 173 173 173 173 173 173 173 173 173 
2823 2823 2823 2823 2823 2823 2823 2823 2823 2823 2823 2823 
668 668 668 668 668 668 668 668 668 668 668 668 
2328 2328 2328 2328 2328 2328 2328 2328 2328 2328 2328 2328 
444 444 444 444 444 444 444 444 444 444 444 444 
2552 2552 2552 2552 2552 2552 2552 2552 2552 2552 2552 2552 
599 599 599 599 599 599 599 599 599 599 599 599 
2397 2397 2397 2397 2397 2397 2397 2397 2397 2397 2397 2397 
79 79 79 79 79 79 79 79 79 79 79 79 
2917 2917 2917 2917 2917 2917 2917 2917 2917 2917 2917 2917 
462 462 462 462 462 462 462 462 462 462 462 462 
2534 2534 2534 2534 2534 2534 2534 2534 2534 2534 2534 2534 
116 116 116 116 116 116 116 116 116 116 116 116 
2880 2880 2880 2880 2880 2880 2880 2880 2880 2880 2880 2880 
463 463 463 463 463 463 463 463 463 463 463 463 
2533 2533 2533 2533 2533 2533 2533 2533 2533 2533 2533 2533 
236 236 236 236 236 236 236 236 236 236 236 236 
2760 2760 2760 2760 2760 2760 2760 2760 2760 2760 2760 2760 
519 519 519 519 519 519 519 519 519 519 519 519 
2477 2477 2477 2477 2477 2477 2477 2477 2477 2477 2477 2477 
1042 1042 1042 1042 1042 1042 1042 1042 1042 1042 1042 1042 
1954 1954 1954 1954 1954 1954 1954 1954 1954 1954 1954 1954 
914 914 914 914 914 914 914 914 914 914 914 914 
2082 2082 2082 2082 2082 2082 2082 2082 2082 2082 2082 2082 
141 141 141 141 141 141 141 141 141 141 141 141 
2855 2855 2855 2855 2855 2855 2855 2855 2855 2855 2855 2855 
1384 1384 1384 1384 1384 1384 1384 1384 1384 1384 1384 1384 
1612 1612 1612 1612 1612 1612 1612 1612 1612 1612 1612 1612 
1130 1130 1130 1130 1130 1130 1130 1130 1130 1130 1130 1130 
1866 1866 1866 1866 1866 1866 1866 1866 1866 1866 1866 1866 
109 109 109 109 109 109 109 109 109 109 109 109 
2887 2887 2887 2887 2887 2887 2887 2887 2887 2887 2887 2887 
353 353 353 353 353 353 353 353 353 353 353 353 
2643 2643 2643 2643 2643 2643 2643 2643 2643 2643 2643 2643 
736 736 736 736 736 736 736 736 736 736 736 736 
2260 2260 2260 2260 2260 2260 2260 2260 2260 2260 2260 2260 
839 839 839 839 839 839 839 839 839 839 839 839 
2157 2157 2157 2157 2157 2157 2157 2157 2157 2157 2157 2157 
165 165 165 165 165 165 165 165 165 165 165 165 
2831 2831 2831 2831 2831 2831 2831 2831 2831 2831 2831 2831 
457 457 457 457 457 457 457 457 457 457 457 457 
2539 2539 2539 2539 2539 2539 2539 2539 2539 2539 2539 2539 
165 165 165 165 165 165 165 165 165 165 165 165 
2831 2831 2831 2831 2831 2831 2831 2831 2831 2831 2831 2831 
84 84 84 84 84 84 84 84 84 84 84 84 
2912 2912 2912 2912 2912 2912 2912 2912 2912 2912 2912 2912 
1337 1337 1337 1337 1337 1337 1337 1337 1337 1337 1337 1337 
1659 1659 1659 1659 1659 1659 1659 1659 1659 1659 1659 1659 
55 55 55 55 55 55 55 55 55 55 55 55 
2941 2941 2941 2941 2941 2941 2941 2941 2941 2941 2941 2941 
698 698 698 698 698 698 698 698 698 698 698 698 
2298 2298 2298 2298 2298 2298 2298 2298 2298 2298 2298 2298 
264 264 264 264 264 264 264 264 264 264 264 264 
2732 2732 2732 2732 2732 2732 2732 2732 2732 2732 2732 2732 
354 354 354 354 354 354 354 354 354 354 354 354 
2642 2642 2642 2642 2642 2642 2642 2642 2642 2642 2642 2642 
1457 1457 1457 1457 1457 1457 1457 1457 1457 1457 1457 1457 
1539 1539 1539 1539 1539 1539 1539 1539 1539 1539 1539 1539 
502 502 502 502 502 502 502 502 502 502 502 502 
2494 2494 2494 2494 2494 2494 2494 2494 2494 2494 2494 2494 
1345 1345 1345 1345 1345 1345 1345 1345 1345 1345 1345 1345 
1651 1651 1651 1651 1651 1651 1651 1651 1651 1651 1651 1651 
135 135 135 135 135 135 135 135 135 135 135 135 
2861 2861 2861 2861 2861 2861 2861 2861 2861 2861 2861 2861 
211 211 211 211 211 211 211 211 211 211 211 211 
2785 2785 2785 2785 2785 2785 2785 2785 2785 2785 2785 2785 
345 345 345 345 345 345 345 345 345 345 345 345 
2651 2651 2651 2651 2651 2651 2651 2651 2651 2651 2651 2651 
123 123 123 123 123 123 123 123 123 123 123 123 
2873 2873 2873 2873 2873 2873 2873 2873 2873 2873 2873 2873 
264 264 264 264 264 264 264 264 264 264 264 264 
2732 2732 2732 2732 2732 2732 2732 2732 2732 2732 2732 2732 
629 629 629 629 629 629 629 629 629 629 629 629 
2367 2367 2367 2367 2367 2367 2367 2367 2367 2367 2367 2367 
763 763 763 763 763 763 763 763 763 763 763 763 
2233 2233 2233 2233 2233 2233 2233 2233 2233 2233 2233 2233 
749 749 749 749 749 749 749 749 749 749 749 749 
2247 2247 2247 2247 2247 2247 2247 2247 2247 2247 2247 2247 
155 155 155 155 155 155 155 155 155 155 155 155 
2841 2841 2841 2841 2841 2841 2841 2841 2841 2841 2841 2841 
1159 1159 1159 1159 1159 1159 1159 1159 1159 1159 1159 1159 
1837 1837 1837 1837 1837 1837 1837 1837 1837 1837 1837 1837 
773 773 773 773 773 773 773 773 773 773 773 773 
2223 2223 2223 2223 2223 2223 2223 2223 2223 2223 2223 2223 
995 995 995 995 995 995 995 995 995 995 995 995 
2001 2001 2001 2001 2001 2001 2001 2001 2001 2001 2001 2001 
779 779 779 779 779 779 779 779 779 779 779 779 
2217 2217 2217 2217 2217 2217 2217 2217 2217 2217 2217 2217 
469 469 469 469 469 469 469 469 469 469 469 469 
2527 2527 2527 2527 2527 2527 2527 2527 2527 2527 2527 2527 
748 748 748 748 748 748 748 748 748 748 748 748 
2248 2248 2248 2248 2248 2248 2248 2248 2248 2248 2248 2248 
13 13 13 13 13 13 13 13 13 13 13 13 
2983 2983 2983 2983 2983 2983 2983 2983 2983 2983 2983 2983 
74 74 74 74 74 74 74 74 74 74 74 74 
2922 2922 2922 2922 2922 2922 2922 2922 2922 2922 2922 2922 
28 28 28 28 28 28 28 28 28 28 28 28 
2968 2968 2968 2968 2968 2968 2968 2968 2968 2968 2968 2968 
1348 1348 1348 1348 1348 1348 1348 1348 1348 1348 1348 1348 
1648 1648 1648 1648 1648 1648 1648 1648 1648 1648 1648 1648 
311 311 311 311 311 311 311 311 311 311 311 311 
2685 2685 2685 2685 2685 2685 2685 2685 2685 2685 2685 2685 
1075 1075 1075 1075 1075 1075 1075 1075 1075 1075 1075 1075 
1921 1921 1921 1921 1921 1921 1921 1921 1921 1921 1921 1921 
1039 1039 1039 1039 1039 1039 1039 1039 1039 1039 1039 1039 
1957 1957 1957 1957 1957 1957 1957 1957 1957 1957 1957 1957 
972 972 972 972 972 972 972 972 972 972 972 972 
2024 2024 2024 2024 2024 2024 2024 2024 2024 2024 2024 2024 
1095 1095 1095 1095 1095 1095 1095 1095 1095 1095 1095 1095 
1901 1901 1901 1901 1901 1901 1901 1901 1901 1901 1901 1901 
172 172 172 172 172 172 172 172 172 172 172 172 
2824 2824 2824 2824 2824 2824 2824 2824 2824 2824 2824 2824 
1230 1230 1230 1230 1230 1230 1230 1230 1230 1230 1230 1230 
1766 1766 1766 1766 1766 1766 1766 1766 1766 1766 1766 1766 
855 855 855 855 855 855 855 855 855 855 855 855 
2141 2141 2141 2141 2141 2141 2141 2141 2141 2141 2141 2141 
645 645 645 645 645 645 645 645 645 645 645 645 
2351 2351 2351 2351 2351 2351 2351 2351 2351 2351 2351 2351 
700 700 700 700 700 700 700 700 700 700 700 700 
2296 2296 2296 2296 2296 2296 2296 2296 2296 2296 2296 2296 
1335 1335 1335 1335 1335 1335 1335 1335 1335 1335 1335 1335 
1661 1661 1661 1661 1661 1661 1661 1661 1661 1661 1661 1661 
365 365 365 365 365 365 365 365 365 365 365 365 
2631 2631 2631 2631 2631 2631 2631 2631 2631 2631 2631 2631 
978 978 978 978 978 978 978 978 978 978 978 978 
2018 2018 2018 2018 2018 2018 2018 2018 2018 2018 2018 2018 
9 9 9 9 9 9 9 9 9 9 9 9 
2987 2987 2987 2987 2987 2987 2987 2987 2987 2987 2987 2987 
155 155 155 155 155 155 155 155 155 155 155 155 
2841 2841 2841 2841 2841 2841 2841 2841 2841 2841 2841 2841 
408 408 408 408 408 408 408 408 408 408 408 408 
2588 2588 2588 2588 2588 2588 2588 2588 2588 2588 2588 2588 
31 31 31 31 31 31 31 31 31 31 31 31 
2965 2965 2965 2965 2965 2965 2965 2965 2965 2965 2965 2965 
128 128 128 128 128 128 128 128 128 128 128 128 
2868 2868 2868 2868 2868 2868 2868 2868 2868 2868 2868 2868 
1495 1495 1495 1495 1495 1495 1495 1495 1495 1495 1495 1495 
1501 1501 1501 1501 1501 1501 1501 1501 1501 1501 1501 1501 
397 397 397 397 397 397 397 397 397 397 397 397 
2599 2599 2599 2599 2599 2599 2599 2599 2599 2599 2599 2599 
66 66 66 66 66 66 66 66 66 66 66 66 
2930 2930 2930 2930 2930 2930 2930 2930 2930 2930 2930 2930 
788 788 788 788 788 788 788 788 788 788 788 788 
2208 2208 2208 2208 2208 2208 2208 2208 2208 2208 2208 2208 
1196 1196 1196 1196 1196 1196 1196 1196 1196 1196 1196 1196 
1800 1800 1800 1800 1800 1800 1800 1800 1800 1800 1800 1800 
138 138 138 138 138 138 138 138 138 138 138 138 
2858 2858 2858 2858 2858 2858 2858 2858 2858 2858 2858 2858 
823 823 823 823 823 823 823 823 823 823 823 823 
2173 2173 2173 2173 2173 2173 2173 2173 2173 2173 2173 2173 
379 379 379 379 379 379 379 379 379 379 379 379 
2617 2617 2617 2617 2617 2617 2617 2617 2617 2617 2617 2617 
88 88 88 88 88 88 88 88 88 88 88 88 
2908 2908 2908 2908 2908 2908 2908 2908 2908 2908 2908 2908 
683 683 683 683 683 683 683 683 683 683 683 683 
2313 2313 2313 2313 2313 2313 2313 2313 2313 2313 2313 2313 
834 834 834 834 834 834 834 834 834 834 834 834 
2162 2162 2162 2162 2162 2162 2162 2162 2162 2162 2162 2162 
1142 1142 1142 1142 1142 1142 1142 1142 1142 1142 1142 1142 
1854 1854 1854 1854 1854 1854 1854 1854 1854 1854 1854 1854 
508 508 508 508 508 508 508 508 508 508 508 508 
2488 2488 2488 2488 2488 2488 2488 2488 2488 2488 2488 2488 
571 571 571 571 571 571 571 571 571 571 571 571 
2425 2425 2425 2425 2425 2425 2425 2425 2425 2425 2425 2425 
477 477 477 477 477 477 477 477 477 477 477 477 
2519 2519 2519 2519 2519 2519 2519 2519 2519 2519 2519 2519 
1295 1295 1295 1295 1295 1295 1295 1295 1295 1295 1295 1295 
1701 1701 1701 1701 1701 1701 1701 1701 1701 1701 1701 1701 
904 904 904 904 904 904 904 904 904 904 904 904 
2092 2092 2092 2092 2092 2092 2092 2092 2092 2092 2092 2092 
27 27 27 27 27 27 27 27 27 27 27 27 
2969 2969 2969 2969 2969 2969 2969 2969 2969 2969 2969 2969 
892 892 892 892 892 892 892 892 892 892 892 892 
2104 2104 2104 2104 2104 2104 2104 2104 2104 2104 2104 2104 
1029 1029 1029 1029 1029 1029 1029 1029 1029 1029 1029 1029 
1967 1967 1967 1967 1967 1967 1967 1967 1967 1967 1967 1967 
67 67 67 67 67 67 67 67 67 67 67 67 
2929 2929 2929 2929 2929 2929 2929 2929 2929 2929 2929 2929 
146 146 146 146 146 146 146 146 146 146 146 146 
2850 2850 2850 2850 2850 2850 2850 2850 2850 2850 2850 2850 
1228 1228 1228 1228 1228 1228 1228 1228 1228 1228 1228 1228 
1768 1768 1768 1768 1768 1768 1768 1768 1768 1768 1768 1768 
601 601 601 601 601 601 601 601 601 601 601 601 
2395 2395 2395 2395 2395 2395 2395 2395 2395 2395 2395 2395 
16 16 16 16 16 16 16 16 16 16 16 16 
2980 2980 2980 2980 2980 2980 2980 2980 2980 2980 2980 2980 
642 642 642 642 642 642 642 642 642 642 642 642 
2354 2354 2354 2354 2354 2354 2354 2354 2354 2354 2354 2354 
69 69 69 69 69 69 69 69 69 69 69 69 
2927 2927 2927 2927 2927 2927 2927 2927 2927 2927 2927 2927 
927 927 927 927 927 927 927 927 927 927 927 927 
2069 2069 2069 2069 2069 2069 2069 2069 2069 2069 2069 2069 
496 496 496 496 496 496 496 496 496 496 496 496 
2500 2500 2500 2500 2500 2500 2500 2500 2500 2500 2500 2500 
272 272 272 272 272 272 272 272 272 272 272 272 
2724 2724 2724 2724 2724 2724 2724 2724 2724 2724 2724 2724 
404 404 404 404 404 404 404 404 404 404 404 404 
2592 2592 2592 2592 2592 2592 2592 2592 2592 2592 2592 2592 
1228 1228 1228 1228 1228 1228 1228 1228 1228 1228 1228 1228 
1768 1768 1768 1768 1768 1768 1768 1768 1768 1768 1768 1768 
852 852 852 852 852 852 852 852 852 852 852 852 
2144 2144 2144 2144 2144 2144 2144 2144 2144 2144 2144 2144 
739 739 739 739 739 739 739 739 739 739 739 739 
2257 2257 2257 2257 2257 2257 2257 2257 2257 2257 2257 2257 
755 755 755 755 755 755 755 755 755 755 755 755 
2241 2241 2241 2241 2241 2241 2241 2241 2241 2241 2241 2241 
96 96 96 96 96 96 96 96 96 96 96 96 
2900 2900 2900 2900 2900 2900 2900 2900 2900 2900 2900 2900 
983 983 983 983 983 983 983 983 983 983 983 983 
2013 2013 2013 2013 2013 2013 2013 2013 2013 2013 2013 2013 
287 287 287 287 287 287 287 287 287 287 287 287 
2709 2709 2709 2709 2709 2709 2709 2709 2709 2709 2709 2709 
546 546 546 546 546 546 546 546 546 546 546 546 
2450 2450 2450 2450 2450 2450 2450 2450 2450 2450 2450 2450 
1143 1143 1143 1143 1143 1143 1143 1143 1143 1143 1143 1143 
1853 1853 1853 1853 1853 1853 1853 1853 1853 1853 1853 1853 
48 48 48 48 48 48 48 48 48 48 48 48 
2948 2948 2948 2948 2948 2948 2948 2948 2948 2948 2948 2948 
678 678 678 678 678 678 678 678 678 678 678 678 
2318 2318 2318 2318 2318 2318 2318 2318 2318 2318 2318 2318 
243 243 243 243 243 243 243 243 243 243 243 243 
2753 2753 2753 2753 2753 2753 2753 2753 2753 2753 2753 2753 
786 786 786 786 786 786 786 786 786 786 786 786 
2210 2210 2210 2210 2210 2210 2210 2210 2210 2210 2210 2210 
800 800 800 800 800 800 800 800 800 800 800 800 
2196 2196 2196 2196 2196 2196 2196 2196 2196 2196 2196 2196 
711 711 711 711 711 711 711 711 711 711 711 711 
2285 2285 2285 2285 2285 2285 2285 2285 2285 2285 2285 2285 
205 205 205 205 205 205 205 205 205 205 205 205 
2791 2791 2791 2791 2791 2791 2791 2791 2791 2791 2791 2791 
1370 1370 1370 1370 1370 1370 1370 1370 1370 1370 1370 1370 
1626 1626 1626 1626 1626 1626 1626 1626 1626 1626 1626 1626 
526 526 526 526 526 526 526 526 526 526 526 526 
2470 2470 2470 2470 2470 2470 2470 2470 2470 2470 2470 2470 
100 100 100 100 100 100 100 100 100 100 100 100 
2896 2896 2896 2896 2896 2896 2896 2896 2896 2896 2896 2896 
659 659 659 659 659 659 659 659 659 659 659 659 
2337 2337 2337 2337 2337 2337 2337 2337 2337 2337 2337 2337 
67 67 67 67 67 67 67 67 67 67 67 67 
2929 2929 2929 2929 2929 2929 2929 2929 2929 2929 2929 2929 
312 312 312 312 312 312 312 312 312 312 312 312 
2684 2684 2684 2684 2684 2684 2684 2684 2684 2684 2684 2684 
993 993 993 993 993 993 993 993 993 993 993 993 
2003 2003 2003 2003 2003 2003 2003 2003 2003 2003 2003 2003 
487 487 487 487 487 487 487 487 487 487 487 487 
2509 2509 2509 2509 2509 2509 2509 2509 2509 2509 2509 2509 
284 284 284 284 284 284 284 284 284 284 284 284 
2712 2712 2712 2712 2712 2712 2712 2712 2712 2712 2712 2712 
20 20 20 20 20 20 20 20 20 20 20 20 
2976 2976 2976 2976 2976 2976 2976 2976 2976 2976 2976 2976 
1244 1244 1244 1244 1244 1244 1244 1244 1244 1244 1244 1244 
1752 1752 1752 1752 1752 1752 1752 1752 1752 1752 1752 1752 
201 201 201 201 201 201 201 201 201 201 201 201 
2795 2795 2795 2795 2795 2795 2795 2795 2795 2795 2795 2795 
1389 1389 1389 1389 1389 1389 1389 1389 1389 1389 1389 1389 
1607 1607 1607 1607 1607 1607 1607 1607 1607 1607 1607 1607 
6 6 6 6 6 6 6 6 6 6 6 6 
2990 2990 2990 2990 2990 2990 2990 2990 2990 2990 2990 2990 
334 334 334 334 334 334 334 334 334 334 334 334 
2662 2662 2662 2662 2662 2662 2662 2662 2662 2662 2662 2662 
243 243 243 243 243 243 243 243 243 243 243 243 
2753 2753 2753 2753 2753 2753 2753 2753 2753 2753 2753 2753 
273 273 273 273 273 273 273 273 273 273 273 273 
2723 2723 2723 2723 2723 2723 2723 2723 2723 2723 2723 2723 
420 420 420 420 420 420 420 420 420 420 420 420 
2576 2576 2576 2576 2576 2576 2576 2576 2576 2576 2576 2576 
294 294 294 294 294 294 294 294 294 294 294 294 
2702 2702 2702 2702 2702 2702 2702 2702 2702 2702 2702 2702 
1415 1415 1415 1415 1415 1415 1415 1415 1415 1415 1415 1415 
1581 1581 1581 1581 1581 1581 1581 1581 1581 1581 1581 1581 
1480 1480 1480 1480 1480 1480 1480 1480 1480 1480 1480 1480 
1516 1516 1516 1516 1516 1516 1516 1516 1516 1516 1516 1516 
1080 1080 1080 1080 1080 1080 1080 1080 1080 1080 1080 1080 
1916 1916 1916 1916 1916 1916 1916 1916 1916 1916 1916 1916 
118 118 118 118 118 118 118 118 118 118 118 118 
2878 2878 2878 2878 2878 2878 2878 2878 2878 2878 2878 2878 
652 652 652 652 652 652 652 652 652 652 652 652 
2344 2344 2344 2344 2344 2344 2344 2344 2344 2344 2344 2344 
3 3 3 3 3 3 3 3 3 3 3 3 
2993 2993 2993 2993 2993 2993 2993 2993 2993 2993 2993 2993 
818 818 818 818 818 818 818 818 818 818 818 818 
2178 2178 2178 2178 2178 2178 2178 2178 2178 2178 2178 2178 
198 198 198 198 198 198 198 198 198 198 198 198 
2798 2798 2798 2798 2798 2798 2798 2798 2798 2798 2798 2798 
56 56 56 56 56 56 56 56 56 56 56 56 
2940 2940 2940 2940 2940 2940 2940 2940 2940 2940 2940 2940 
136 136 136 136 136 136 136 136 136 136 136 136 
2860 2860 2860 2860 2860 2860 2860 2860 2860 2860 2860 2860 
1102 1102 1102 1102 1102 1102 1102 1102 1102 1102 1102 1102 
1894 1894 1894 1894 1894 1894 1894 1894 1894 1894 1894 1894 
121 121 121 121 121 121 121 121 121 121 121 121 
2875 2875 2875 2875 2875 2875 2875 2875 2875 2875 2875 2875 
568 568 568 568 568 568 568 568 568 568 568 568 
2428 2428 2428 2428 2428 2428 2428 2428 2428 2428 2428 2428 
1328 1328 1328 1328 1328 1328 1328 1328 1328 1328 1328 1328 
1668 1668 1668 1668 1668 1668 1668 1668 1668 1668 1668 1668 
320 320 320 320 320 320 320 320 320 320 320 320 
2676 2676 2676 2676 2676 2676 2676 2676 2676 2676 2676 2676 
169 169 169 169 169 169 169 169 169 169 169 169 
2827 2827 2827 2827 2827 2827 2827 2827 2827 2827 2827 2827 
115 115 115 115 115 115 115 115 115 115 115 115 
2881 2881 2881 2881 2881 2881 2881 2881 2881 2881 2881 2881 
1240 1240 1240 1240 1240 1240 1240 1240 1240 1240 1240 1240 
1756 1756 1756 1756 1756 1756 1756 1756 1756 1756 1756 1756 
1307 1307 1307 1307 1307 1307 1307 1307 1307 1307 1307 1307 
1689 1689 1689 1689 1689 1689 1689 1689 1689 1689 1689 1689 
1109 1109 1109 1109 1109 1109 1109 1109 1109 1109 1109 1109 
1887 1887 1887 1887 1887 1887 1887 1887 1887 1887 1887 1887 
226 226 226 226 226 226 226 226 226 226 226 226 
2770 2770 2770 2770 2770 2770 2770 2770 2770 2770 2770 2770 
689 689 689 689 689 689 689 689 689 689 689 689 
2307 2307 2307 2307 2307 2307 2307 2307 2307 2307 2307 2307 
848 848 848 848 848 848 848 848 848 848 848 848 
2148 2148 2148 2148 2148 2148 2148 2148 2148 2148 2148 2148 
336 336 336 336 336 336 336 336 336 336 336 336 
2660 2660 2660 2660 2660 2660 2660 2660 2660 2660 2660 2660 
108 108 108 108 108 108 108 108 108 108 108 108 
2888 2888 2888 2888 2888 2888 2888 2888 2888 2888 2888 2888 
395 395 395 395 395 395 395 395 395 395 395 395 
2601 2601 2601 2601 2601 2601 2601 2601 2601 2601 2601 2601 
723 723 723 723 723 723 723 723 723 723 723 723 
2273 2273 2273 2273 2273 2273 2273 2273 2273 2273 2273 2273 
192 192 192 192 192 192 192 192 192 192 192 192 
2804 2804 2804 2804 2804 2804 2804 2804 2804 2804 2804 2804 
532 532 532 532 532 532 532 532 532 532 532 532 
2464 2464 2464 2464 2464 2464 2464 2464 2464 2464 2464 2464 
485 485 485 485 485 485 485 485 485 485 485 485 
2511 2511 2511 2511 2511 2511 2511 2511 2511 2511 2511 2511 
648 648 648 648 648 648 648 648 648 648 648 648 
2348 2348 2348 2348 2348 2348 2348 2348 2348 2348 2348 2348 
1122 1122 1122 1122 1122 1122 1122 1122 1122 1122 1122 1122 
1874 1874 1874 1874 1874 1874 1874 1874 1874 1874 1874 1874 
822 822 822 822 822 822 822 822 822 822 822 822 
2174 2174 2174 2174 2174 2174 2174 2174 2174 2174 2174 2174 
759 759 759 759 759 759 759 759 759 759 759 759 
2237 2237 2237 2237 2237 2237 2237 2237 2237 2237 2237 2237 
1140 1140 1140 1140 1140 1140 1140 1140 1140 1140 1140 1140 
1856 1856 1856 1856 1856 1856 1856 1856 1856 1856 1856 1856 
74 74 74 74 74 74 74 74 74 74 74 74 
2922 2922 2922 2922 2922 2922 2922 2922 2922 2922 2922 2922 
1281 1281 1281 1281 1281 1281 1281 1281 1281 1281 1281 1281 
1715 1715 1715 1715 1715 1715 1715 1715 1715 1715 1715 1715 
577 577 577 577 577 577 577 577 577 577 577 577 
2419 2419 2419 2419 2419 2419 2419 2419 2419 2419 2419 2419 
24 24 24 24 24 24 24 24 24 24 24 24 
2972 2972 2972 2972 2972 2972 2972 2972 2972 2972 2972 2972 
204 204 204 204 204 204 204 204 204 204 204 204 
2792 2792 2792 2792 2792 2792 2792 2792 2792 2792 2792 2792 
1389 1389 1389 1389 1389 1389 1389 1389 1389 1389 1389 1389 
1607 1607 1607 1607 1607 1607 1607 1607 1607 1607 1607 1607 
963 963 963 963 963 963 963 963 963 963 963 963 
2033 2033 2033 2033 2033 2033 2033 2033 2033 2033 2033 2033 
311 311 311 311 311 311 311 311 311 311 311 311 
2685 2685 2685 2685 2685 2685 2685 2685 2685 2685 2685 2685 
5 5 5 5 5 5 5 5 5 5 5 5 
2991 2991 2991 2991 2991 2991 2991 2991 2991 2991 2991 2991 
72 72 72 72 72 72 72 72 72 72 72 72 
2924 2924 2924 2924 2924 2924 2924 2924 2924 2924 2924 2924 
1329 1329 1329 1329 1329 1329 1329 1329 1329 1329 1329 1329 
1667 1667 1667 1667 1667 1667 1667 1667 1667 1667 1667 1667 
553 553 553 553 553 553 553 553 553 553 553 553 
2443 2443 2443 2443 2443 2443 2443 2443 2443 2443 2443 2443 
729 729 729 729 729 729 729 729 729 729 729 729 
2267 2267 2267 2267 2267 2267 2267 2267 2267 2267 2267 2267 
605 605 605 605 605 605 605 605 605 605 605 605 
2391 2391 2391 2391 2391 2391 2391 2391 2391 2391 2391 2391 
782 782 782 782 782 782 782 782 782 782 782 782 
2214 2214 2214 2214 2214 2214 2214 2214 2214 2214 2214 2214 
161 161 161 161 161 161 161 161 161 161 161 161 
2835 2835 2835 2835 2835 2835 2835 2835 2835 2835 2835 2835 
15 15 15 15 15 15 15 15 15 15 15 15 
2981 2981 2981 2981 2981 2981 2981 2981 2981 2981 2981 2981 
681 681 681 681 681 681 681 681 681 681 681 681 
2315 2315 2315 2315 2315 2315 2315 2315 2315 2315 2315 2315 
716 716 716 716 716 716 716 716 716 716 716 716 
2280 2280 2280 2280 2280 2280 2280 2280 2280 2280 2280 2280 
86 86 86 86 86 86 86 86 86 86 86 86 
2910 2910 2910 2910 2910 2910 2910 2910 2910 2910 2910 2910 
256 256 256 256 256 256 256 256 256 256 256 256 
2740 2740 2740 2740 2740 2740 2740 2740 2740 2740 2740 2740 
394 394 394 394 394 394 394 394 394 394 394 394 
2602 2602 2602 2602 2602 2602 2602 2602 2602 2602 2602 2602 
536 536 536 536 536 536 536 536 536 536 536 536 
2460 2460 2460 2460 2460 2460 2460 2460 2460 2460 2460 2460 
1195 1195 1195 1195 1195 1195 1195 1195 1195 1195 1195 1195 
1801 1801 1801 1801 1801 1801 1801 1801 1801 1801 1801 1801 
178 178 178 178 178 178 178 178 178 178 178 178 
2818 2818 2818 2818 2818 2818 2818 2818 2818 2818 2818 2818 
983 983 983 983 983 983 983 983 983 983 983 983 
2013 2013 2013 2013 2013 2013 2013 2013 2013 2013 2013 2013 
177 177 177 177 177 177 177 177 177 177 177 177 
2819 2819 2819 2819 2819 2819 2819 2819 2819 2819 2819 2819 
916 916 916 916 916 916 916 916 916 916 916 916 
2080 2080 2080 2080 2080 2080 2080 2080 2080 2080 2080 2080 
497 497 497 497 497 497 497 497 497 497 497 497 
2499 2499 2499 2499 2499 2499 2499 2499 2499 2499 2499 2499 
1098 1098 1098 1098 1098 1098 1098 1098 1098 1098 1098 1098 
1898 1898 1898 1898 1898 1898 1898 1898 1898 1898 1898 1898 
593 593 593 593 593 593 593 593 593 593 593 593 
2403 2403 2403 2403 2403 2403 2403 2403 2403 2403 2403 2403 
832 832 832 832 832 832 832 832 832 832 832 832 
2164 2164 2164 2164 2164 2164 2164 2164 2164 2164 2164 2164 
1251 1251 1251 1251 1251 1251 1251 1251 1251 1251 1251 1251 
1745 1745 1745 1745 1745 1745 1745 1745 1745 1745 1745 1745 
271 271 271 271 271 271 271 271 271 271 271 271 
2725 2725 2725 2725 2725 2725 2725 2725 2725 2725 2725 2725 
412 412 412 412 412 412 412 412 412 412 412 412 
2584 2584 2584 2584 2584 2584 2584 2584 2584 2584 2584 2584 
1310 1310 1310 1310 1310 1310 1310 1310 1310 1310 1310 1310 
1686 1686 1686 1686 1686 1686 1686 1686 1686 1686 1686 1686 
1473 1473 1473 1473 1473 1473 1473 1473 1473 1473 1473 1473 
1523 1523 1523 1523 1523 1523 1523 1523 1523 1523 1523 1523 
422 422 422 422 422 422 422 422 422 422 422 422 
2574 2574 2574 2574 2574 2574 2574 2574 2574 2574 2574 2574 
125 125 125 125 125 125 125 125 125 125 125 125 
2871 2871 2871 2871 2871 2871 2871 2871 2871 2871 2871 2871 
29 29 29 29 29 29 29 29 29 29 29 29 
2967 2967 2967 2967 2967 2967 2967 2967 2967 2967 2967 2967 
764 764 764 764 764 764 764 764 764 764 764 764 
2232 2232 2232 2232 2232 2232 2232 2232 2232 2232 2232 2232 
879 879 879 879 879 879 879 879 879 879 879 879 
2117 2117 2117 2117 2117 2117 2117 2117 2117 2117 2117 2117 
403 403 403 403 403 403 403 403 403 403 403 403 
2593 2593 2593 2593 2593 2593 2593 2593 2593 2593 2593 2593 
390 390 390 390 390 390 390 390 390 390 390 390 
2606 2606 2606 2606 2606 2606 2606 2606 2606 2606 2606 2606 
1254 1254 1254 1254 1254 1254 1254 1254 1254 1254 1254 1254 
1742 1742 1742 1742 1742 1742 1742 1742 1742 1742 1742 1742 
9 9 9 9 9 9 9 9 9 9 9 9 
2987 2987 2987 2987 2987 2987 2987 2987 2987 2987 2987 2987 
650 650 650 650 650 650 650 650 650 650 650 650 
2346 2346 2346 2346 2346 2346 2346 2346 2346 2346 2346 2346 
711 711 711 711 711 711 711 711 711 711 711 711 
2285 2285 2285 2285 2285 2285 2285 2285 2285 2285 2285 2285 
260 260 260 260 260 260 260 260 260 260 260 260 
2736 2736 2736 2736 2736 2736 2736 2736 2736 2736 2736 2736 
128 128 128 128 128 128 128 128 128 128 128 128 
2868 2868 2868 2868 2868 2868 2868 2868 2868 2868 2868 2868 
324 324 324 324 324 324 324 324 324 324 324 324 
2672 2672 2672 2672 2672 2672 2672 2672 2672 2672 2672 2672 
823 823 823 823 823 823 823 823 823 823 823 823 
2173 2173 2173 2173 2173 2173 2173 2173 2173 2173 2173 2173 
328 328 328 328 328 328 328 328 328 328 328 328 
2668 2668 2668 2668 2668 2668 2668 2668 2668 2668 2668 2668 
1317 1317 1317 1317 1317 1317 1317 1317 1317 1317 1317 1317 
1679 1679 1679 1679 1679 1679 1679 1679 1679 1679 1679 1679 
389 389 389 389 389 389 389 389 389 389 389 389 
2607 2607 2607 2607 2607 2607 2607 2607 2607 2607 2607 2607 
174 174 174 174 174 174 174 174 174 174 174 174 
2822 2822 2822 2822 2822 2822 2822 2822 2822 2822 2822 2822 
29 29 29 29 29 29 29 29 29 29 29 29 
2967 2967 2967 2967 2967 2967 2967 2967 2967 2967 2967 2967 
293 293 293 293 293 293 293 293 293 293 293 293 
2703 2703 2703 2703 2703 2703 2703 2703 2703 2703 2703 2703 
427 427 427 427 427 427 427 427 427 427 427 427 
2569 2569 2569 2569 2569 2569 2569 2569 2569 2569 2569 2569 
563 563 563 563 563 563 563 563 563 563 563 563 
2433 2433 2433 2433 2433 2433 2433 2433 2433 2433 2433 2433 
165 165 165 165 165 165 165 165 165 165 165 165 
2831 2831 2831 2831 2831 2831 2831 2831 2831 2831 2831 2831 
1329 1329 1329 1329 1329 1329 1329 1329 1329 1329 1329 1329 
1667 1667 1667 1667 1667 1667 1667 1667 1667 1667 1667 1667 
68 68 68 68 68 68 68 68 68 68 68 68 
2928 2928 2928 2928 2928 2928 2928 2928 2928 2928 2928 2928 
564 564 564 564 564 564 564 564 564 564 564 564 
2432 2432 2432 2432 2432 2432 2432 2432 2432 2432 2432 2432 
1169 1169 1169 1169 1169 1169 1169 1169 1169 1169 1169 1169 
1827 1827 1827 1827 1827 1827 1827 1827 1827 1827 1827 1827 
1005 1005 1005 1005 1005 1005 1005 1005 1005 1005 1005 1005 
1991 1991 1991 1991 1991 1991 1991 1991 1991 1991 1991 1991 
89 89 89 89 89 89 89 89 89 89 89 89 
2907 2907 2907 2907 2907 2907 2907 2907 2907 2907 2907 2907 
1206 1206 1206 1206 1206 1206 1206 1206 1206 1206 1206 1206 
1790 1790 1790 1790 1790 1790 1790 1790 1790 1790 1790 1790 
1401 1401 1401 1401 1401 1401 1401 1401 1401 1401 1401 1401 
1595 1595 1595 1595 1595 1595 1595 1595 1595 1595 1595 1595 
1293 1293 1293 1293 1293 1293 1293 1293 1293 1293 1293 1293 
1703 1703 1703 1703 1703 1703 1703 1703 1703 1703 1703 1703 
874 874 874 874 874 874 874 874 874 874 874 874 
2122 2122 2122 2122 2122 2122 2122 2122 2122 2122 2122 2122 
527 527 527 527 527 527 527 527 527 527 527 527 
2469 2469 2469 2469 2469 2469 2469 2469 2469 2469 2469 2469 
28 28 28 28 28 28 28 28 28 28 28 28 
2968 2968 2968 2968 2968 2968 2968 2968 2968 2968 2968 2968 
349 349 349 349 349 349 349 349 349 349 349 349 
2647 2647 2647 2647 2647 2647 2647 2647 2647 2647 2647 2647 
290 290 290 290 290 290 290 290 290 290 290 290 
2706 2706 2706 2706 2706 2706 2706 2706 2706 2706 2706 2706 
1202 1202 1202 1202 1202 1202 1202 1202 1202 1202 1202 1202 
1794 1794 1794 1794 1794 1794 1794 1794 1794 1794 1794 1794 
105 105 105 105 105 105 105 105 105 105 105 105 
2891 2891 2891 2891 2891 2891 2891 2891 2891 2891 2891 2891 
499 499 499 499 499 499 499 499 499 499 499 499 
2497 2497 2497 2497 2497 2497 2497 2497 2497 2497 2497 2497 
735 735 735 735 735 735 735 735 735 735 735 735 
2261 2261 2261 2261 2261 2261 2261 2261 2261 2261 2261 2261 
1432 1432 1432 1432 1432 1432 1432 1432 1432 1432 1432 1432 
1564 1564 1564 1564 1564 1564 1564 1564 1564 1564 1564 1564 
112 112 112 112 112 112 112 112 112 112 112 112 
2884 2884 2884 2884 2884 2884 2884 2884 2884 2884 2884 2884 
684 684 684 684 684 684 684 684 684 684 684 684 
2312 2312 2312 2312 2312 2312 2312 2312 2312 2312 2312 2312 
968 968 968 968 968 968 968 968 968 968 968 968 
2028 2028 2028 2028 2028 2028 2028 2028 2028 2028 2028 2028 
9 9 9 9 9 9 9 9 9 9 9 9 
2987 2987 2987 2987 2987 2987 2987 2987 2987 2987 2987 2987 
1260 1260 1260 1260 1260 1260 1260 1260 1260 1260 1260 1260 
1736 1736 1736 1736 1736 1736 1736 1736 1736 1736 1736 1736 
14 14 14 14 14 14 14 14 14 14 14 14 
2982 2982 2982 2982 2982 2982 2982 2982 2982 2982 2982 2982 
91 91 91 91 91 91 91 91 91 91 91 91 
2905 2905 2905 2905 2905 2905 2905 2905 2905 2905 2905 2905 
1058 1058 1058 1058 1058 1058 1058 1058 1058 1058 1058 1058 
1938 1938 1938 1938 1938 1938 1938 1938 1938 1938 1938 1938 
1165 1165 1165 1165 1165 1165 1165 1165 1165 1165 1165 1165 
1831 1831 1831 1831 1831 1831 1831 1831 1831 1831 1831 1831 
133 133 133 133 133 133 133 133 133 133 133 133 
2863 2863 2863 2863 2863 2863 2863 2863 2863 2863 2863 2863 
934 934 934 934 934 934 934 934 934 934 934 934 
2062 2062 2062 2062 2062 2062 2062 2062 2062 2062 2062 2062 
3 3 3 3 3 3 3 3 3 3 3 3 
2993 2993 2993 2993 2993 2993 2993 2993 2993 2993 2993 2993 
97 97 97 97 97 97 97 97 97 97 97 97 
2899 2899 2899 2899 2899 2899 2899 2899 2899 2899 2899 2899 
117 117 117 117 117 117 117 117 117 117 117 117 
2879 2879 2879 2879 2879 2879 2879 2879 2879 2879 2879 2879 
242 242 242 242 242 242 242 242 242 242 242 242 
2754 2754 2754 2754 2754 2754 2754 2754 2754 2754 2754 2754 
175 175 175 175 175 175 175 175 175 175 175 175 
2821 2821 2821 2821 2821 2821 2821 2821 2821 2821 2821 2821 
46 46 46 46 46 46 46 46 46 46 46 46 
2950 2950 2950 2950 2950 2950 2950 2950 2950 2950 2950 2950 
409 409 409 409 409 409 409 409 409 409 409 409 
2587 2587 2587 2587 2587 2587 2587 2587 2587 2587 2587 2587 
232 232 232 232 232 232 232 232 232 232 232 232 
2764 2764 2764 2764 2764 2764 2764 2764 2764 2764 2764 2764 
1039 1039 1039 1039 1039 1039 1039 1039 1039 1039 1039 1039 
1957 1957 1957 1957 1957 1957 1957 1957 1957 1957 1957 1957 
367 367 367 367 367 367 367 367 367 367 367 367 
2629 2629 2629 2629 2629 2629 2629 2629 2629 2629 2629 2629 
1020 1020 1020 1020 1020 1020 1020 1020 1020 1020 1020 1020 
1976 1976 1976 1976 1976 1976 1976 1976 1976 1976 1976 1976 
407 407 407 407 407 407 407 407 407 407 407 407 
2589 2589 2589 2589 2589 2589 2589 2589 2589 2589 2589 2589 
302 302 302 302 302 302 302 302 302 302 302 302 
2694 2694 2694 2694 2694 2694 2694 2694 2694 2694 2694 2694 
537 537 537 537 537 537 537 537 537 537 537 537 
2459 2459 2459 2459 2459 2459 2459 2459 2459 2459 2459 2459 
463 463 463 463 463 463 463 463 463 463 463 463 
2533 2533 2533 2533 2533 2533 2533 2533 2533 2533 2533 2533 
81 81 81 81 81 81 81 81 81 81 81 81 
2915 2915 2915 2915 2915 2915 2915 2915 2915 2915 2915 2915 
1325 1325 1325 1325 1325 1325 1325 1325 1325 1325 1325 1325 
1671 1671 1671 1671 1671 1671 1671 1671 1671 1671 1671 1671 
1197 1197 1197 1197 1197 1197 1197 1197 1197 1197 1197 1197 
1799 1799 1799 1799 1799 1799 1799 1799 1799 1799 1799 1799 
635 635 635 635 635 635 635 635 635 635 635 635 
2361 2361 2361 2361 2361 2361 2361 2361 2361 2361 2361 2361 
1297 1297 1297 1297 1297 1297 1297 1297 1297 1297 1297 1297 
1699 1699 1699 1699 1699 1699 1699 1699 1699 1699 1699 1699 
845 845 845 845 845 845 845 845 845 845 845 845 
2151 2151 2151 2151 2151 2151 2151 2151 2151 2151 2151 2151 
23 23 23 23 23 23 23 23 23 23 23 23 
2973 2973 2973 2973 2973 2973 2973 2973 2973 2973 2973 2973 
165 165 165 165 165 165 165 165 165 165 165 165 
2831 2831 2831 2831 2831 2831 2831 2831 2831 2831 2831 2831 
544 544 544 544 544 544 544 544 544 544 544 544 
2452 2452 2452 2452 2452 2452 2452 2452 2452 2452 2452 2452 
370 370 370 370 370 370 370 370 370 370 370 370 
2626 2626 2626 2626 2626 2626 2626 2626 2626 2626 2626 2626 
1208 1208 1208 1208 1208 1208 1208 1208 1208 1208 1208 1208 
1788 1788 1788 1788 1788 1788 1788 1788 1788 1788 1788 1788 
91 91 91 91 91 91 91 91 91 91 91 91 
2905 2905 2905 2905 2905 2905 2905 2905 2905 2905 2905 2905 
106 106 106 106 106 106 106 106 106 106 106 106 
2890 2890 2890 2890 2890 2890 2890 2890 2890 2890 2890 2890 
52 52 52 52 52 52 52 52 52 52 52 52 
2944 2944 2944 2944 2944 2944 2944 2944 2944 2944 2944 2944 
646 646 646 646 646 646 646 646 646 646 646 646 
2350 2350 2350 2350 2350 2350 2350 2350 2350 2350 2350 2350 
1239 1239 1239 1239 1239 1239 1239 1239 1239 1239 1239 1239 
1757 1757 1757 1757 1757 1757 1757 1757 1757 1757 1757 1757 
268 268 268 268 268 268 268 268 268 268 268 268 
2728 2728 2728 2728 2728 2728 2728 2728 2728 2728 2728 2728 
1256 1256 1256 1256 1256 1256 1256 1256 1256 1256 1256 1256 
1740 1740 1740 1740 1740 1740 1740 1740 1740 1740 1740 1740 
74 74 74 74 74 74 74 74 74 74 74 74 
2922 2922 2922 2922 2922 2922 2922 2922 2922 2922 2922 2922 
66 66 66 66 66 66 66 66 66 66 66 66 
2930 2930 2930 2930 2930 2930 2930 2930 2930 2930 2930 2930 
94 94 94 94 94 94 94 94 94 94 94 94 
2902 2902 2902 2902 2902 2902 2902 2902 2902 2902 2902 2902 
90 90 90 90 90 90 90 90 90 90 90 90 
2906 2906 2906 2906 2906 2906 2906 2906 2906 2906 2906 2906 
91 91 91 91 91 91 91 91 91 91 91 91 
2905 2905 2905 2905 2905 2905 2905 2905 2905 2905 2905 2905 
619 619 619 619 619 619 619 619 619 619 619 619 
2377 2377 2377 2377 2377 2377 2377 2377 2377 2377 2377 2377 
530 530 530 530 530 530 530 530 530 530 530 530 
2466 2466 2466 2466 2466 2466 2466 2466 2466 2466 2466 2466 
349 349 349 349 349 349 349 349 349 349 349 349 
2647 2647 2647 2647 2647 2647 2647 2647 2647 2647 2647 2647 
776 776 776 776 776 776 776 776 776 776 776 776 
2220 2220 2220 2220 2220 2220 2220 2220 2220 2220 2220 2220 
248 248 248 248 248 248 248 248 248 248 248 248 
2748 2748 2748 2748 2748 2748 2748 2748 2748 2748 2748 2748 
334 334 334 334 334 334 334 334 334 334 334 334 
2662 2662 2662 2662 2662 2662 2662 2662 2662 2662 2662 2662 
558 558 558 558 558 558 558 558 558 558 558 558 
2438 2438 2438 2438 2438 2438 2438 2438 2438 2438 2438 2438 
615 615 615 615 615 615 615 615 615 615 615 615 
2381 2381 2381 2381 2381 2381 2381 2381 2381 2381 2381 2381 
533 533 533 533 533 533 533 533 533 533 533 533 
2463 2463 2463 2463 2463 2463 2463 2463 2463 2463 2463 2463 
514 514 514 514 514 514 514 514 514 514 514 514 
2482 2482 2482 2482 2482 2482 2482 2482 2482 2482 2482 2482 
1185 1185 1185 1185 1185 1185 1185 1185 1185 1185 1185 1185 
1811 1811 1811 1811 1811 1811 1811 1811 1811 1811 1811 1811 
45 45 45 45 45 45 45 45 45 45 45 45 
2951 2951 2951 2951 2951 2951 2951 2951 2951 2951 2951 2951 
439 439 439 439 439 439 439 439 439 439 439 439 
2557 2557 2557 2557 2557 2557 2557 2557 2557 2557 2557 2557 
48 48 48 48 48 48 48 48 48 48 48 48 
2948 2948 2948 2948 2948 2948 2948 2948 2948 2948 2948 2948 
454 454 454 454 454 454 454 454 454 454 454 454 
2542 2542 2542 2542 2542 2542 2542 2542 2542 2542 2542 2542 
231 231 231 231 231 231 231 231 231 231 231 231 
2765 2765 2765 2765 2765 2765 2765 2765 2765 2765 2765 2765 
515 515 515 515 515 515 515 515 515 515 515 515 
2481 2481 2481 2481 2481 2481 2481 2481 2481 2481 2481 2481 
1271 1271 1271 1271 1271 1271 1271 1271 1271 1271 1271 1271 
1725 1725 1725 1725 1725 1725 1725 1725 1725 1725 1725 1725 
628 628 628 628 628 628 628 628 628 628 628 628 
2368 2368 2368 2368 2368 2368 2368 2368 2368 2368 2368 2368 
1102 1102 1102 1102 1102 1102 1102 1102 1102 1102 1102 1102 
1894 1894 1894 1894 1894 1894 1894 1894 1894 1894 1894 1894 
234 234 234 234 234 234 234 234 234 234 234 234 
2762 2762 2762 2762 2762 2762 2762 2762 2762 2762 2762 2762 
12 12 12 12 12 12 12 12 12 12 12 12 
2984 2984 2984 2984 2984 2984 2984 2984 2984 2984 2984 2984 
15 15 15 15 15 15 15 15 15 15 15 15 
2981 2981 2981 2981 2981 2981 2981 2981 2981 2981 2981 2981 
1393 1393 1393 1393 1393 1393 1393 1393 1393 1393 1393 1393 
1603 1603 1603 1603 1603 1603 1603 1603 1603 1603 1603 1603 
1088 1088 1088 1088 1088 1088 1088 1088 1088 1088 1088 1088 
1908 1908 1908 1908 1908 1908 1908 1908 1908 1908 1908 1908 
585 585 585 585 585 585 585 585 585 585 585 585 
2411 2411 2411 2411 2411 2411 2411 2411 2411 2411 2411 2411 
388 388 388 388 388 388 388 388 388 388 388 388 
2608 2608 2608 2608 2608 2608 2608 2608 2608 2608 2608 2608 
221 221 221 221 221 221 221 221 221 221 221 221 
2775 2775 2775 2775 2775 2775 2775 2775 2775 2775 2775 2775 
383 383 383 383 383 383 383 383 383 383 383 383 
2613 2613 2613 2613 2613 2613 2613 2613 2613 2613 2613 2613 
372 372 372 372 372 372 372 372 372 372 372 372 
2624 2624 2624 2624 2624 2624 2624 2624 2624 2624 2624 2624 
1207 1207 1207 1207 1207 1207 1207 1207 1207 1207 1207 1207 
1789 1789 1789 1789 1789 1789 1789 1789 1789 1789 1789 1789 
1118 1118 1118 1118 1118 1118 1118 1118 1118 1118 1118 1118 
1878 1878 1878 1878 1878 1878 1878 1878 1878 1878 1878 1878 
1220 1220 1220 1220 1220 1220 1220 1220 1220 1220 1220 1220 
1776 1776 1776 1776 1776 1776 1776 1776 1776 1776 1776 1776 
69 69 69 69 69 69 69 69 69 69 69 69 
2927 2927 2927 2927 2927 2927 2927 2927 2927 2927 2927 2927 
384 384 384 384 384 384 384 384 384 384 384 384 
2612 2612 2612 2612 2612 2612 2612 2612 2612 2612 2612 2612 
425 425 425 425 425 425 425 425 425 425 425 425 
2571 2571 2571 2571 2571 2571 2571 2571 2571 2571 2571 2571 
236 236 236 236 236 236 236 236 236 236 236 236 
2760 2760 2760 2760 2760 2760 2760 2760 2760 2760 2760 2760 
441 441 441 441 441 441 441 441 441 441 441 441 
2555 2555 2555 2555 2555 2555 2555 2555 2555 2555 2555 2555 
301 301 301 301 301 301 301 301 301 301 301 301 
2695 2695 2695 2695 2695 2695 2695 2695 2695 2695 2695 2695 
607 607 607 607 607 607 607 607 607 607 607 607 
2389 2389 2389 2389 2389 2389 2389 2389 2389 2389 2389 2389 
893 893 893 893 893 893 893 893 893 893 893 893 
2103 2103 2103 2103 2103 2103 2103 2103 2103 2103 2103 2103 
1003 1003 1003 1003 1003 1003 1003 1003 1003 1003 1003 1003 
1993 1993 1993 1993 1993 1993 1993 1993 1993 1993 1993 1993 
170 170 170 170 170 170 170 170 170 170 170 170 
2826 2826 2826 2826 2826 2826 2826 2826 2826 2826 2826 2826 
90 90 90 90 90 90 90 90 90 90 90 90 
2906 2906 2906 2906 2906 2906 2906 2906 2906 2906 2906 2906 
347 347 347 347 347 347 347 347 347 347 347 347 
2649 2649 2649 2649 2649 2649 2649 2649 2649 2649 2649 2649 
82 82 82 82 82 82 82 82 82 82 82 82 
2914 2914 2914 2914 2914 2914 2914 2914 2914 2914 2914 2914 
305 305 305 305 305 305 305 305 305 305 305 305 
2691 2691 2691 2691 2691 2691 2691 2691 2691 2691 2691 2691 
331 331 331 331 331 331 331 331 331 331 331 331 
2665 2665 2665 2665 2665 2665 2665 2665 2665 2665 2665 2665 
17 17 17 17 17 17 17 17 17 17 17 17 
2979 2979 2979 2979 2979 2979 2979 2979 2979 2979 2979 2979 
992 992 992 992 992 992 992 992 992 992 992 992 
2004 2004 2004 2004 2004 2004 2004 2004 2004 2004 2004 2004 
439 439 439 439 439 439 439 439 439 439 439 439 
2557 2557 2557 2557 2557 2557 2557 2557 2557 2557 2557 2557 
828 828 828 828 828 828 828 828 828 828 828 828 
2168 2168 2168 2168 2168 2168 2168 2168 2168 2168 2168 2168 
1175 1175 1175 1175 1175 1175 1175 1175 1175 1175 1175 1175 
1821 1821 1821 1821 1821 1821 1821 1821 1821 1821 1821 1821 
762 762 762 762 762 762 762 762 762 762 762 762 
2234 2234 2234 2234 2234 2234 2234 2234 2234 2234 2234 2234 
829 829 829 829 829 829 829 829 829 829 829 829 
2167 2167 2167 2167 2167 2167 2167 2167 2167 2167 2167 2167 
1202 1202 1202 1202 1202 1202 1202 1202 1202 1202 1202 1202 
1794 1794 1794 1794 1794 1794 1794 1794 1794 1794 1794 1794 
1015 1015 1015 1015 1015 1015 1015 1015 1015 1015 1015 1015 
1981 1981 1981 1981 1981 1981 1981 1981 1981 1981 1981 1981 
144 144 144 144 144 144 144 144 144 144 144 144 
2852 2852 2852 2852 2852 2852 2852 2852 2852 2852 2852 2852 
707 707 707 707 707 707 707 707 707 707 707 707 
2289 2289 2289 2289 2289 2289 2289 2289 2289 2289 2289 2289 
1212 1212 1212 1212 1212 1212 1212 1212 1212 1212 1212 1212 
1784 1784 1784 1784 1784 1784 1784 1784 1784 1784 1784 1784 
1138 1138 1138 1138 1138 1138 1138 1138 1138 1138 1138 1138 
1858 1858 1858 1858 1858 1858 1858 1858 1858 1858 1858 1858 
1150 1150 1150 1150 1150 1150 1150 1150 1150 1150 1150 1150 
1846 1846 1846 1846 1846 1846 1846 1846 1846 1846 1846 1846 
116 116 116 116 116 116 116 116 116 116 116 116 
2880 2880 2880 2880 2880 2880 2880 2880 2880 2880 2880 2880 
852 852 852 852 852 852 852 852 852 852 852 852 
2144 2144 2144 2144 2144 2144 2144 2144 2144 2144 2144 2144 
1180 1180 1180 1180 1180 1180 1180 1180 1180 1180 1180 1180 
1816 1816 1816 1816 1816 1816 1816 1816 1816 1816 1816 1816 
650 650 650 650 650 650 650 650 650 650 650 650 
2346 2346 2346 2346 2346 2346 2346 2346 2346 2346 2346 2346 
1317 1317 1317 1317 1317 1317 1317 1317 1317 1317 1317 1317 
1679 1679 1679 1679 1679 1679 1679 1679 1679 1679 1679 1679 
240 240 240 240 240 240 240 240 240 240 240 240 
2756 2756 2756 2756 2756 2756 2756 2756 2756 2756 2756 2756 
344 344 344 344 344 344 344 344 344 344 344 344 
2652 2652 2652 2652 2652 2652 2652 2652 2652 2652 2652 2652 
33 33 33 33 33 33 33 33 33 33 33 33 
2963 2963 2963 2963 2963 2963 2963 2963 2963 2963 2963 2963 
69 69 69 69 69 69 69 69 69 69 69 69 
2927 2927 2927 2927 2927 2927 2927 2927 2927 2927 2927 2927 
55 55 55 55 55 55 55 55 55 55 55 55 
2941 2941 2941 2941 2941 2941 2941 2941 2941 2941 2941 2941 
96 96 96 96 96 96 96 96 96 96 96 96 
2900 2900 2900 2900 2900 2900 2900 2900 2900 2900 2900 2900 
1001 1001 1001 1001 1001 1001 1001 1001 1001 1001 1001 1001 
1995 1995 1995 1995 1995 1995 1995 1995 1995 1995 1995 1995 
871 871 871 871 871 871 871 871 871 871 871 871 
2125 2125 2125 2125 2125 2125 2125 2125 2125 2125 2125 2125 
833 833 833 833 833 833 833 833 833 833 833 833 
2163 2163 2163 2163 2163 2163 2163 2163 2163 2163 2163 2163 
1451 1451 1451 1451 1451 1451 1451 1451 1451 1451 1451 1451 
1545 1545 1545 1545 1545 1545 1545 1545 1545 1545 1545 1545 
1092 1092 1092 1092 1092 1092 1092 1092 1092 1092 1092 1092 
1904 1904 1904 1904 1904 1904 1904 1904 1904 1904 1904 1904 
1110 1110 1110 1110 1110 1110 1110 1110 1110 1110 1110 1110 
1886 1886 1886 1886 1886 1886 1886 1886 1886 1886 1886 1886 
1496 1496 1496 1496 1496 1496 1496 1496 1496 1496 1496 1496 
1500 1500 1500 1500 1500 1500 1500 1500 1500 1500 1500 1500 
351 351 351 351 351 351 351 351 351 351 351 351 
2645 2645 2645 2645 2645 2645 2645 2645 2645 2645 2645 2645 
319 319 319 319 319 319 319 319 319 319 319 319 
2677 2677 2677 2677 2677 2677 2677 2677 2677 2677 2677 2677 
292 292 292 292 292 292 292 292 292 292 292 292 
2704 2704 2704 2704 2704 2704 2704 2704 2704 2704 2704 2704 
1233 1233 1233 1233 1233 1233 1233 1233 1233 1233 1233 1233 
1763 1763 1763 1763 1763 1763 1763 1763 1763 1763 1763 1763 
372 372 372 372 372 372 372 372 372 372 372 372 
2624 2624 2624 2624 2624 2624 2624 2624 2624 2624 2624 2624 
1178 1178 1178 1178 1178 1178 1178 1178 1178 1178 1178 1178 
1818 1818 1818 1818 1818 1818 1818 1818 1818 1818 1818 1818 
113 113 113 113 113 113 113 113 113 113 113 113 
2883 2883 2883 2883 2883 2883 2883 2883 2883 2883 2883 2883 
121 121 121 121 121 121 121 121 121 121 121 121 
2875 2875 2875 2875 2875 2875 2875 2875 2875 2875 2875 2875 
744 744 744 744 744 744 744 744 744 744 744 744 
2252 2252 2252 2252 2252 2252 2252 2252 2252 2252 2252 2252 
448 448 448 448 448 448 448 448 448 448 448 448 
2548 2548 2548 2548 2548 2548 2548 2548 2548 2548 2548 2548 
569 569 569 569 569 569 569 569 569 569 569 569 
2427 2427 2427 2427 2427 2427 2427 2427 2427 2427 2427 2427 
633 633 633 633 633 633 633 633 633 633 633 633 
2363 2363 2363 2363 2363 2363 2363 2363 2363 2363 2363 2363 
257 257 257 257 257 257 257 257 257 257 257 257 
2739 2739 2739 2739 2739 2739 2739 2739 2739 2739 2739 2739 
25 25 25 25 25 25 25 25 25 25 25 25 
2971 2971 2971 2971 2971 2971 2971 2971 2971 2971 2971 2971 
125 125 125 125 125 125 125 125 125 125 125 125 
2871 2871 2871 2871 2871 2871 2871 2871 2871 2871 2871 2871 
222 222 222 222 222 222 222 222 222 222 222 222 
2774 2774 2774 2774 2774 2774 2774 2774 2774 2774 2774 2774 
206 206 206 206 206 206 206 206 206 206 206 206 
2790 2790 2790 2790 2790 2790 2790 2790 2790 2790 2790 2790 
1462 1462 1462 1462 1462 1462 1462 1462 1462 1462 1462 1462 
1534 1534 1534 1534 1534 1534 1534 1534 1534 1534 1534 1534 
1004 1004 1004 1004 1004 1004 1004 1004 1004 1004 1004 1004 
1992 1992 1992 1992 1992 1992 1992 1992 1992 1992 1992 1992 
245 245 245 245 245 245 245 245 245 245 245 245 
2751 2751 2751 2751 2751 2751 2751 2751 2751 2751 2751 2751 
784 784 784 784 784 784 784 784 784 784 784 784 
2212 2212 2212 2212 2212 2212 2212 2212 2212 2212 2212 2212 
995 995 995 995 995 995 995 995 995 995 995 995 
2001 2001 2001 2001 2001 2001 2001 2001 2001 2001 2001 2001 
243 243 243 243 243 243 243 243 243 243 243 243 
2753 2753 2753 2753 2753 2753 2753 2753 2753 2753 2753 2753 
1431 1431 1431 1431 1431 1431 1431 1431 1431 1431 1431 1431 
1565 1565 1565 1565 1565 1565 1565 1565 1565 1565 1565 1565 
979 979 979 979 979 979 979 979 979 979 979 979 
2017 2017 2017 2017 2017 2017 2017 2017 2017 2017 2017 2017 
316 316 316 316 316 316 316 316 316 316 316 316 
2680 2680 2680 2680 2680 2680 2680 2680 2680 2680 2680 2680 
1008 1008 1008 1008 1008 1008 1008 1008 1008 1008 1008 1008 
1988 1988 1988 1988 1988 1988 1988 1988 1988 1988 1988 1988 
497 497 497 497 497 497 497 497 497 497 497 497 
2499 2499 2499 2499 2499 2499 2499 2499 2499 2499 2499 2499 
1313 1313 1313 1313 1313 1313 1313 1313 1313 1313 1313 1313 
1683 1683 1683 1683 1683 1683 1683 1683 1683 1683 1683 1683 
266 266 266 266 266 266 266 266 266 266 266 266 
2730 2730 2730 2730 2730 2730 2730 2730 2730 2730 2730 2730 
608 608 608 608 608 608 608 608 608 608 608 608 
2388 2388 2388 2388 2388 2388 2388 2388 2388 2388 2388 2388 
43 43 43 43 43 43 43 43 43 43 43 43 
2953 2953 2953 2953 2953 2953 2953 2953 2953 2953 2953 2953 
310 310 310 310 310 310 310 310 310 310 310 310 
2686 2686 2686 2686 2686 2686 2686 2686 2686 2686 2686 2686 
1369 1369 1369 1369 1369 1369 1369 1369 1369 1369 1369 1369 
1627 1627 1627 1627 1627 1627 1627 1627 1627 1627 1627 1627 
482 482 482 482 482 482 482 482 482 482 482 482 
2514 2514 2514 2514 2514 2514 2514 2514 2514 2514 2514 2514 
378 378 378 378 378 378 378 378 378 378 378 378 
2618 2618 2618 2618 2618 2618 2618 2618 2618 2618 2618 2618 
149 149 149 149 149 149 149 149 149 149 149 149 
2847 2847 2847 2847 2847 2847 2847 2847 2847 2847 2847 2847 
1101 1101 1101 1101 1101 1101 1101 1101 1101 1101 1101 1101 
1895 1895 1895 1895 1895 1895 1895 1895 1895 1895 1895 1895 
26 26 26 26 26 26 26 26 26 26 26 26 
2970 2970 2970 2970 2970 2970 2970 2970 2970 2970 2970 2970 
134 134 134 134 134 134 134 134 134 134 134 134 
2862 2862 2862 2862 2862 2862 2862 2862 2862 2862 2862 2862 
163 163 163 163 163 163 163 163 163 163 163 163 
2833 2833 2833 2833 2833 2833 2833 2833 2833 2833 2833 2833 
632 632 632 632 632 632 632 632 632 632 632 632 
2364 2364 2364 2364 2364 2364 2364 2364 2364 2364 2364 2364 
295 295 295 295 295 295 295 295 295 295 295 295 
2701 2701 2701 2701 2701 2701 2701 2701 2701 2701 2701 2701 
629 629 629 629 629 629 629 629 629 629 629 629 
2367 2367 2367 2367 2367 2367 2367 2367 2367 2367 2367 2367 
925 925 925 925 925 925 925 925 925 925 925 925 
2071 2071 2071 2071 2071 2071 2071 2071 2071 2071 2071 2071 
923 923 923 923 923 923 923 923 923 923 923 923 
2073 2073 2073 2073 2073 2073 2073 2073 2073 2073 2073 2073 
805 805 805 805 805 805 805 805 805 805 805 805 
2191 2191 2191 2191 2191 2191 2191 2191 2191 2191 2191 2191 
132 132 132 132 132 132 132 132 132 132 132 132 
2864 2864 2864 2864 2864 2864 2864 2864 2864 2864 2864 2864 
341 341 341 341 341 341 341 341 341 341 341 341 
2655 2655 2655 2655 2655 2655 2655 2655 2655 2655 2655 2655 
182 182 182 182 182 182 182 182 182 182 182 182 
2814 2814 2814 2814 2814 2814 2814 2814 2814 2814 2814 2814 
1187 1187 1187 1187 1187 1187 1187 1187 1187 1187 1187 1187 
1809 1809 1809 1809 1809 1809 1809 1809 1809 1809 1809 1809 
185 185 185 185 185 185 185 185 185 185 185 185 
2811 2811 2811 2811 2811 2811 2811 2811 2811 2811 2811 2811 
89 89 89 89 89 89 89 89 89 89 89 89 
2907 2907 2907 2907 2907 2907 2907 2907 2907 2907 2907 2907 
267 267 267 267 267 267 267 267 267 267 267 267 
2729 2729 2729 2729 2729 2729 2729 2729 2729 2729 2729 2729 
892 892 892 892 892 892 892 892 892 892 892 892 
2104 2104 2104 2104 2104 2104 2104 2104 2104 2104 2104 2104 
946 946 946 946 946 946 946 946 946 946 946 946 
2050 2050 2050 2050 2050 2050 2050 2050 2050 2050 2050 2050 
1108 1108 1108 1108 1108 1108 1108 1108 1108 1108 1108 1108 
1888 1888 1888 1888 1888 1888 1888 1888 1888 1888 1888 1888 
1146 1146 1146 1146 1146 1146 1146 1146 1146 1146 1146 1146 
1850 1850 1850 1850 1850 1850 1850 1850 1850 1850 1850 1850 
203 203 203 203 203 203 203 203 203 203 203 203 
2793 2793 2793 2793 2793 2793 2793 2793 2793 2793 2793 2793 
263 263 263 263 263 263 263 263 263 263 263 263 
2733 2733 2733 2733 2733 2733 2733 2733 2733 2733 2733 2733 
456 456 456 456 456 456 456 456 456 456 456 456 
2540 2540 2540 2540 2540 2540 2540 2540 2540 2540 2540 2540 
977 977 977 977 977 977 977 977 977 977 977 977 
2019 2019 2019 2019 2019 2019 2019 2019 2019 2019 2019 2019 
1479 1479 1479 1479 1479 1479 1479 1479 1479 1479 1479 1479 
1517 1517 1517 1517 1517 1517 1517 1517 1517 1517 1517 1517 
761 761 761 761 761 761 761 761 761 761 761 761 
2235 2235 2235 2235 2235 2235 2235 2235 2235 2235 2235 2235 
887 887 887 887 887 887 887 887 887 887 887 887 
2109 2109 2109 2109 2109 2109 2109 2109 2109 2109 2109 2109 
332 332 332 332 332 332 332 332 332 332 332 332 
2664 2664 2664 2664 2664 2664 2664 2664 2664 2664 2664 2664 
93 93 93 93 93 93 93 93 93 93 93 93 
2903 2903 2903 2903 2903 2903 2903 2903 2903 2903 2903 2903 
467 467 467 467 467 467 467 467 467 467 467 467 
2529 2529 2529 2529 2529 2529 2529 2529 2529 2529 2529 2529 
508 508 508 508 508 508 508 508 508 508 508 508 
2488 2488 2488 2488 2488 2488 2488 2488 2488 2488 2488 2488 
1488 1488 1488 1488 1488 1488 1488 1488 1488 1488 1488 1488 
1508 1508 1508 1508 1508 1508 1508 1508 1508 1508 1508 1508 
285 285 285 285 285 285 285 285 285 285 285 285 
2711 2711 2711 2711 2711 2711 2711 2711 2711 2711 2711 2711 
773 773 773 773 773 773 773 773 773 773 773 773 
2223 2223 2223 2223 2223 2223 2223 2223 2223 2223 2223 2223 
705 705 705 705 705 705 705 705 705 705 705 705 
2291 2291 2291 2291 2291 2291 2291 2291 2291 2291 2291 2291 
89 89 89 89 89 89 89 89 89 89 89 89 
2907 2907 2907 2907 2907 2907 2907 2907 2907 2907 2907 2907 
94 94 94 94 94 94 94 94 94 94 94 94 
2902 2902 2902 2902 2902 2902 2902 2902 2902 2902 2902 2902 
19 19 19 19 19 19 19 19 19 19 19 19 
2977 2977 2977 2977 2977 2977 2977 2977 2977 2977 2977 2977 
45 45 45 45 45 45 45 45 45 45 45 45 
2951 2951 2951 2951 2951 2951 2951 2951 2951 2951 2951 2951 
1302 1302 1302 1302 1302 1302 1302 1302 1302 1302 1302 1302 
1694 1694 1694 1694 1694 1694 1694 1694 1694 1694 1694 1694 
361 361 361 361 361 361 361 361 361 361 361 361 
2635 2635 2635 2635 2635 2635 2635 2635 2635 2635 2635 2635 
1299 1299 1299 1299 1299 1299 1299 1299 1299 1299 1299 1299 
1697 1697 1697 1697 1697 1697 1697 1697 1697 1697 1697 1697 
552 552 552 552 552 552 552 552 552 552 552 552 
2444 2444 2444 2444 2444 2444 2444 2444 2444 2444 2444 2444 
21 21 21 21 21 21 21 21 21 21 21 21 
2975 2975 2975 2975 2975 2975 2975 2975 2975 2975 2975 2975 
854 854 854 854 854 854 854 854 854 854 854 854 
2142 2142 2142 2142 2142 2142 2142 2142 2142 2142 2142 2142 
386 386 386 386 386 386 386 386 386 386 386 386 
2610 2610 2610 2610 2610 2610 2610 2610 2610 2610 2610 2610 
335 335 335 335 335 335 335 335 335 335 335 335 
2661 2661 2661 2661 2661 2661 2661 2661 2661 2661 2661 2661 
539 539 539 539 539 539 539 539 539 539 539 539 
2457 2457 2457 2457 2457 2457 2457 2457 2457 2457 2457 2457 
1100 1100 1100 1100 1100 1100 1100 1100 1100 1100 1100 1100 
1896 1896 1896 1896 1896 1896 1896 1896 1896 1896 1896 1896 
887 887 887 887 887 887 887 887 887 887 887 887 
2109 2109 2109 2109 2109 2109 2109 2109 2109 2109 2109 2109 
547 547 547 547 547 547 547 547 547 547 547 547 
2449 2449 2449 2449 2449 2449 2449 2449 2449 2449 2449 2449 
1266 1266 1266 1266 1266 1266 1266 1266 1266 1266 1266 1266 
1730 1730 1730 1730 1730 1730 1730 1730 1730 1730 1730 1730 
1311 1311 1311 1311 1311 1311 1311 1311 1311 1311 1311 1311 
1685 1685 1685 1685 1685 1685 1685 1685 1685 1685 1685 1685 
752 752 752 752 752 752 752 752 752 752 752 752 
2244 2244 2244 2244 2244 2244 2244 2244 2244 2244 2244 2244 
7 7 7 7 7 7 7 7 7 7 7 7 
2989 2989 2989 2989 2989 2989 2989 2989 2989 2989 2989 2989 
1427 1427 1427 1427 1427 1427 1427 1427 1427 1427 1427 1427 
1569 1569 1569 1569 1569 1569 1569 1569 1569 1569 1569 1569 
250 250 250 250 250 250 250 250 250 250 250 250 
2746 2746 2746 2746 2746 2746 2746 2746 2746 2746 2746 2746 
1063 1063 1063 1063 1063 1063 1063 1063 1063 1063 1063 1063 
1933 1933 1933 1933 1933 1933 1933 1933 1933 1933 1933 1933 
741 741 741 741 741 741 741 741 741 741 741 741 
2255 2255 2255 2255 2255 2255 2255 2255 2255 2255 2255 2255 
764 764 764 764 764 764 764 764 764 764 764 764 
2232 2232 2232 2232 2232 2232 2232 2232 2232 2232 2232 2232 
1152 1152 1152 1152 1152 1152 1152 1152 1152 1152 1152 1152 
1844 1844 1844 1844 1844 1844 1844 1844 1844 1844 1844 1844 
302 302 302 302 302 302 302 302 302 302 302 302 
2694 2694 2694 2694 2694 2694 2694 2694 2694 2694 2694 2694 
66 66 66 66 66 66 66 66 66 66 66 66 
2930 2930 2930 2930 2930 2930 2930 2930 2930 2930 2930 2930 
896 896 896 896 896 896 896 896 896 896 896 896 
2100 2100 2100 2100 2100 2100 2100 2100 2100 2100 2100 2100 
1422 1422 1422 1422 1422 1422 1422 1422 1422 1422 1422 1422 
1574 1574 1574 1574 1574 1574 1574 1574 1574 1574 1574 1574 
448 448 448 448 448 448 448 448 448 448 448 448 
2548 2548 2548 2548 2548 2548 2548 2548 2548 2548 2548 2548 
923 923 923 923 923 923 923 923 923 923 923 923 
2073 2073 2073 2073 2073 2073 2073 2073 2073 2073 2073 2073 
697 697 697 697 697 697 697 697 697 697 697 697 
2299 2299 2299 2299 2299 2299 2299 2299 2299 2299 2299 2299 
369 369 369 369 369 369 369 369 369 369 369 369 
2627 2627 2627 2627 2627 2627 2627 2627 2627 2627 2627 2627 
139 139 139 139 139 139 139 139 139 139 139 139 
2857 2857 2857 2857 2857 2857 2857 2857 2857 2857 2857 2857 
176 176 176 176 176 176 176 176 176 176 176 176 
2820 2820 2820 2820 2820 2820 2820 2820 2820 2820 2820 2820 
72 72 72 72 72 72 72 72 72 72 72 72 
2924 2924 2924 2924 2924 2924 2924 2924 2924 2924 2924 2924 
631 631 631 631 631 631 631 631 631 631 631 631 
2365 2365 2365 2365 2365 2365 2365 2365 2365 2365 2365 2365 
94 94 94 94 94 94 94 94 94 94 94 94 
2902 2902 2902 2902 2902 2902 2902 2902 2902 2902 2902 2902 
90 90 90 90 90 90 90 90 90 90 90 90 
2906 2906 2906 2906 2906 2906 2906 2906 2906 2906 2906 2906 
563 563 563 563 563 563 563 563 563 563 563 563 
2433 2433 2433 2433 2433 2433 2433 2433 2433 2433 2433 2433 
1263 1263 1263 1263 1263 1263 1263 1263 1263 1263 1263 1263 
1733 1733 1733 1733 1733 1733 1733 1733 1733 1733 1733 1733 
1413 1413 1413 1413 1413 1413 1413 1413 1413 1413 1413 1413 
1583 1583 1583 1583 1583 1583 1583 1583 1583 1583 1583 1583 
275 275 275 275 275 275 275 275 275 275 275 275 
2721 2721 2721 2721 2721 2721 2721 2721 2721 2721 2721 2721 
451 451 451 451 451 451 451 451 451 451 451 451 
2545 2545 2545 2545 2545 2545 2545 2545 2545 2545 2545 2545 
679 679 679 679 679 679 679 679 679 679 679 679 
2317 2317 2317 2317 2317 2317 2317 2317 2317 2317 2317 2317 
330 330 330 330 330 330 330 330 330 330 330 330 
2666 2666 2666 2666 2666 2666 2666 2666 2666 2666 2666 2666 
1443 1443 1443 1443 1443 1443 1443 1443 1443 1443 1443 1443 
1553 1553 1553 1553 1553 1553 1553 1553 1553 1553 1553 1553 
429 429 429 429 429 429 429 429 429 429 429 429 
2567 2567 2567 2567 2567 2567 2567 2567 2567 2567 2567 2567 
640 640 640 640 640 640 640 640 640 640 640 640 
2356 2356 2356 2356 2356 2356 2356 2356 2356 2356 2356 2356 
26 26 26 26 26 26 26 26 26 26 26 26 
2970 2970 2970 2970 2970 2970 2970 2970 2970 2970 2970 2970 
668 668 668 668 668 668 668 668 668 668 668 668 
2328 2328 2328 2328 2328 2328 2328 2328 2328 2328 2328 2328 
1200 1200 1200 1200 1200 1200 1200 1200 1200 1200 1200 1200 
1796 1796 1796 1796 1796 1796 1796 1796 1796 1796 1796 1796 
101 101 101 101 101 101 101 101 101 101 101 101 
2895 2895 2895 2895 2895 2895 2895 2895 2895 2895 2895 2895 
209 209 209 209 209 209 209 209 209 209 209 209 
2787 2787 2787 2787 2787 2787 2787 2787 2787 2787 2787 2787 
74 74 74 74 74 74 74 74 74 74 74 74 
2922 2922 2922 2922 2922 2922 2922 2922 2922 2922 2922 2922 
344 344 344 344 344 344 344 344 344 344 344 344 
2652 2652 2652 2652 2652 2652 2652 2652 2652 2652 2652 2652 
1111 1111 1111 1111 1111 1111 1111 1111 1111 1111 1111 1111 
1885 1885 1885 1885 1885 1885 1885 1885 1885 1885 1885 1885 
1092 1092 1092 1092 1092 1092 1092 1092 1092 1092 1092 1092 
1904 1904 1904 1904 1904 1904 1904 1904 1904 1904 1904 1904 
1196 1196 1196 1196 1196 1196 1196 1196 1196 1196 1196 1196 
1800 1800 1800 1800 1800 1800 1800 1800 1800 1800 1800 1800 
1107 1107 1107 1107 1107 1107 1107 1107 1107 1107 1107 1107 
1889 1889 1889 1889 1889 1889 1889 1889 1889 1889 1889 1889 
199 199 199 199 199 199 199 199 199 199 199 199 
2797 2797 2797 2797 2797 2797 2797 2797 2797 2797 2797 2797 
143 143 143 143 143 143 143 143 143 143 143 143 
2853 2853 2853 2853 2853 2853 2853 2853 2853 2853 2853 2853 
248 248 248 248 248 248 248 248 248 248 248 248 
2748 2748 2748 2748 2748 2748 2748 2748 2748 2748 2748 2748 
14 14 14 14 14 14 14 14 14 14 14 14 
2982 2982 2982 2982 2982 2982 2982 2982 2982 2982 2982 2982 
1320 1320 1320 1320 1320 1320 1320 1320 1320 1320 1320 1320 
1676 1676 1676 1676 1676 1676 1676 1676 1676 1676 1676 1676 
11 11 11 11 11 11 11 11 11 11 11 11 
2985 2985 2985 2985 2985 2985 2985 2985 2985 2985 2985 2985 
1177 1177 1177 1177 1177 1177 1177 1177 1177 1177 1177 1177 
1819 1819 1819 1819 1819 1819 1819 1819 1819 1819 1819 1819 
640 640 640 640 640 640 640 640 640 640 640 640 
2356 2356 2356 2356 2356 2356 2356 2356 2356 2356 2356 2356 
38 38 38 38 38 38 38 38 38 38 38 38 
2958 2958 2958 2958 2958 2958 2958 2958 2958 2958 2958 2958 
744 744 744 744 744 744 744 744 744 744 744 744 
2252 2252 2252 2252 2252 2252 2252 2252 2252 2252 2252 2252 
555 555 555 555 555 555 555 555 555 555 555 555 
2441 2441 2441 2441 2441 2441 2441 2441 2441 2441 2441 2441 
200 200 200 200 200 200 200 200 200 200 200 200 
2796 2796 2796 2796 2796 2796 2796 2796 2796 2796 2796 2796 
38 38 38 38 38 38 38 38 38 38 38 38 
2958 2958 2958 2958 2958 2958 2958 2958 2958 2958 2958 2958 
1475 1475 1475 1475 1475 1475 1475 1475 1475 1475 1475 1475 
1521 1521 1521 1521 1521 1521 1521 1521 1521 1521 1521 1521 
1241 1241 1241 1241 1241 1241 1241 1241 1241 1241 1241 1241 
1755 1755 1755 1755 1755 1755 1755 1755 1755 1755 1755 1755 
556 556 556 556 556 556 556 556 556 556 556 556 
2440 2440 2440 2440 2440 2440 2440 2440 2440 2440 2440 2440 
922 922 922 922 922 922 922 922 922 922 922 922 
2074 2074 2074 2074 2074 2074 2074 2074 2074 2074 2074 2074 
1418 1418 1418 1418 1418 1418 1418 1418 1418 1418 1418 1418 
1578 1578 1578 1578 1578 1578 1578 1578 1578 1578 1578 1578 
522 522 522 522 522 522 522 522 522 522 522 522 
2474 2474 2474 2474 2474 2474 2474 2474 2474 2474 2474 2474 
402 402 402 402 402 402 402 402 402 402 402 402 
2594 2594 2594 2594 2594 2594 2594 2594 2594 2594 2594 2594 
221 221 221 221 221 221 221 221 221 221 221 221 
2775 2775 2775 2775 2775 2775 2775 2775 2775 2775 2775 2775 
330 330 330 330 330 330 330 330 330 330 330 330 
2666 2666 2666 2666 2666 2666 2666 2666 2666 2666 2666 2666 
42 42 42 42 42 42 42 42 42 42 42 42 
2954 2954 2954 2954 2954 2954 2954 2954 2954 2954 2954 2954 
280 280 280 280 280 280 280 280 280 280 280 280 
2716 2716 2716 2716 2716 2716 2716 2716 2716 2716 2716 2716 
1036 1036 1036 1036 1036 1036 1036 1036 1036 1036 1036 1036 
1960 1960 1960 1960 1960 1960 1960 1960 1960 1960 1960 1960 
1041 1041 1041 1041 1041 1041 1041 1041 1041 1041 1041 1041 
1955 1955 1955 1955 1955 1955 1955 1955 1955 1955 1955 1955 
647 647 647 647 647 647 647 647 647 647 647 647 
2349 2349 2349 2349 2349 2349 2349 2349 2349 2349 2349 2349 
534 534 534 534 534 534 534 534 534 534 534 534 
2462 2462 2462 2462 2462 2462 2462 2462 2462 2462 2462 2462 
779 779 779 779 779 779 779 779 779 779 779 779 
2217 2217 2217 2217 2217 2217 2217 2217 2217 2217 2217 2217 
600 600 600 600 600 600 600 600 600 600 600 600 
2396 2396 2396 2396 2396 2396 2396 2396 2396 2396 2396 2396 
888 888 888 888 888 888 888 888 888 888 888 888 
2108 2108 2108 2108 2108 2108 2108 2108 2108 2108 2108 2108 
1029 1029 1029 1029 1029 1029 1029 1029 1029 1029 1029 1029 
1967 1967 1967 1967 1967 1967 1967 1967 1967 1967 1967 1967 
148 148 148 148 148 148 148 148 148 148 148 148 
2848 2848 2848 2848 2848 2848 2848 2848 2848 2848 2848 2848 
890 890 890 890 890 890 890 890 890 890 890 890 
2106 2106 2106 2106 2106 2106 2106 2106 2106 2106 2106 2106 
1236 1236 1236 1236 1236 1236 1236 1236 1236 1236 1236 1236 
1760 1760 1760 1760 1760 1760 1760 1760 1760 1760 1760 1760 
260 260 260 260 260 260 260 260 260 260 260 260 
2736 2736 2736 2736 2736 2736 2736 2736 2736 2736 2736 2736 
1484 1484 1484 1484 1484 1484 1484 1484 1484 1484 1484 1484 
1512 1512 1512 1512 1512 1512 1512 1512 1512 1512 1512 1512 
239 239 239 239 239 239 239 239 239 239 239 239 
2757 2757 2757 2757 2757 2757 2757 2757 2757 2757 2757 2757 
225 225 225 225 225 225 225 225 225 225 225 225 
2771 2771 2771 2771 2771 2771 2771 2771 2771 2771 2771 2771 
536 536 536 536 536 536 536 536 536 536 536 536 
2460 2460 2460 2460 2460 2460 2460 2460 2460 2460 2460 2460 
376 376 376 376 376 376 376 376 376 376 376 376 
2620 2620 2620 2620 2620 2620 2620 2620 2620 2620 2620 2620 
12 12 12 12 12 12 12 12 12 12 12 12 
2984 2984 2984 2984 2984 2984 2984 2984 2984 2984 2984 2984 
1333 1333 1333 1333 1333 1333 1333 1333 1333 1333 1333 1333 
1663 1663 1663 1663 1663 1663 1663 1663 1663 1663 1663 1663 
230 230 230 230 230 230 230 230 230 230 230 230 
2766 2766 2766 2766 2766 2766 2766 2766 2766 2766 2766 2766 
1419 1419 1419 1419 1419 1419 1419 1419 1419 1419 1419 1419 
1577 1577 1577 1577 1577 1577 1577 1577 1577 1577 1577 1577 
7 7 7 7 7 7 7 7 7 7 7 7 
2989 2989 2989 2989 2989 2989 2989 2989 2989 2989 2989 2989 
419 419 419 419 419 419 419 419 419 419 419 419 
2577 2577 2577 2577 2577 2577 2577 2577 2577 2577 2577 2577 
167 167 167 167 167 167 167 167 167 167 167 167 
2829 2829 2829 2829 2829 2829 2829 2829 2829 2829 2829 2829 
447 447 447 447 447 447 447 447 447 447 447 447 
2549 2549 2549 2549 2549 2549 2549 2549 2549 2549 2549 2549 
1327 1327 1327 1327 1327 1327 1327 1327 1327 1327 1327 1327 
1669 1669 1669 1669 1669 1669 1669 1669 1669 1669 1669 1669 
745 745 745 745 745 745 745 745 745 745 745 745 
2251 2251 2251 2251 2251 2251 2251 2251 2251 2251 2251 2251 
9 9 9 9 9 9 9 9 9 9 9 9 
2987 2987 2987 2987 2987 2987 2987 2987 2987 2987 2987 2987 
273 273 273 273 273 273 273 273 273 273 273 273 
2723 2723 2723 2723 2723 2723 2723 2723 2723 2723 2723 2723 
1194 1194 1194 1194 1194 1194 1194 1194 1194 1194 1194 1194 
1802 1802 1802 1802 1802 1802 1802 1802 1802 1802 1802 1802 
1345 1345 1345 1345 1345 1345 1345 1345 1345 1345 1345 1345 
1651 1651 1651 1651 1651 1651 1651 1651 1651 1651 1651 1651 
227 227 227 227 227 227 227 227 227 227 227 227 
2769 2769 2769 2769 2769 2769 2769 2769 2769 2769 2769 2769 
771 771 771 771 771 771 771 771 771 771 771 771 
2225 2225 2225 2225 2225 2225 2225 2225 2225 2225 2225 2225 
1355 1355 1355 1355 1355 1355 1355 1355 1355 1355 1355 1355 
1641 1641 1641 1641 1641 1641 1641 1641 1641 1641 1641 1641 
1147 1147 1147 1147 1147 1147 1147 1147 1147 1147 1147 1147 
1849 1849 1849 1849 1849 1849 1849 1849 1849 1849 1849 1849 
473 473 473 473 473 473 473 473 473 473 473 473 
2523 2523 2523 2523 2523 2523 2523 2523 2523 2523 2523 2523 
673 673 673 673 673 673 673 673 673 673 673 673 
2323 2323 2323 2323 2323 2323 2323 2323 2323 2323 2323 2323 
760 760 760 760 760 760 760 760 760 760 760 760 
2236 2236 2236 2236 2236 2236 2236 2236 2236 2236 2236 2236 
641 641 641 641 641 641 641 641 641 641 641 641 
2355 2355 2355 2355 2355 2355 2355 2355 2355 2355 2355 2355 
924 924 924 924 924 924 924 924 924 924 924 924 
2072 2072 2072 2072 2072 2072 2072 2072 2072 2072 2072 2072 
87 87 87 87 87 87 87 87 87 87 87 87 
2909 2909 2909 2909 2909 2909 2909 2909 2909 2909 2909 2909 
728 728 728 728 728 728 728 728 728 728 728 728 
2268 2268 2268 2268 2268 2268 2268 2268 2268 2268 2268 2268 
155 155 155 155 155 155 155 155 155 155 155 155 
2841 2841 2841 2841 2841 2841 2841 2841 2841 2841 2841 2841 
508 508 508 508 508 508 508 508 508 508 508 508 
2488 2488 2488 2488 2488 2488 2488 2488 2488 2488 2488 2488 
28 28 28 28 28 28 28 28 28 28 28 28 
2968 2968 2968 2968 2968 2968 2968 2968 2968 2968 2968 2968 
1267 1267 1267 1267 1267 1267 1267 1267 1267 1267 1267 1267 
1729 1729 1729 1729 1729 1729 1729 1729 1729 1729 1729 1729 
143 143 143 143 143 143 143 143 143 143 143 143 
2853 2853 2853 2853 2853 2853 2853 2853 2853 2853 2853 2853 
1294 1294 1294 1294 1294 1294 1294 1294 1294 1294 1294 1294 
1702 1702 1702 1702 1702 1702 1702 1702 1702 1702 1702 1702 
127 127 127 127 127 127 127 127 127 127 127 127 
2869 2869 2869 2869 2869 2869 2869 2869 2869 2869 2869 2869 
1467 1467 1467 1467 1467 1467 1467 1467 1467 1467 1467 1467 
1529 1529 1529 1529 1529 1529 1529 1529 1529 1529 1529 1529 
656 656 656 656 656 656 656 656 656 656 656 656 
2340 2340 2340 2340 2340 2340 2340 2340 2340 2340 2340 2340 
1246 1246 1246 1246 1246 1246 1246 1246 1246 1246 1246 1246 
1750 1750 1750 1750 1750 1750 1750 1750 1750 1750 1750 1750 
467 467 467 467 467 467 467 467 467 467 467 467 
2529 2529 2529 2529 2529 2529 2529 2529 2529 2529 2529 2529 
219 219 219 219 219 219 219 219 219 219 219 219 
2777 2777 2777 2777 2777 2777 2777 2777 2777 2777 2777 2777 
734 734 734 734 734 734 734 734 734 734 734 734 
2262 2262 2262 2262 2262 2262 2262 2262 2262 2262 2262 2262 
671 671 671 671 671 671 671 671 671 671 671 671 
2325 2325 2325 2325 2325 2325 2325 2325 2325 2325 2325 2325 
523 523 523 523 523 523 523 523 523 523 523 523 
2473 2473 2473 2473 2473 2473 2473 2473 2473 2473 2473 2473 
1030 1030 1030 1030 1030 1030 1030 1030 1030 1030 1030 1030 
1966 1966 1966 1966 1966 1966 1966 1966 1966 1966 1966 1966 
67 67 67 67 67 67 67 67 67 67 67 67 
2929 2929 2929 2929 2929 2929 2929 2929 2929 2929 2929 2929 
816 816 816 816 816 816 816 816 816 816 816 816 
2180 2180 2180 2180 2180 2180 2180 2180 2180 2180 2180 2180 
342 342 342 342 342 342 342 342 342 342 342 342 
2654 2654 2654 2654 2654 2654 2654 2654 2654 2654 2654 2654 
830 830 830 830 830 830 830 830 830 830 830 830 
2166 2166 2166 2166 2166 2166 2166 2166 2166 2166 2166 2166 
294 294 294 294 294 294 294 294 294 294 294 294 
2702 2702 2702 2702 2702 2702 2702 2702 2702 2702 2702 2702 
837 837 837 837 837 837 837 837 837 837 837 837 
2159 2159 2159 2159 2159 2159 2159 2159 2159 2159 2159 2159 
207 207 207 207 207 207 207 207 207 207 207 207 
2789 2789 2789 2789 2789 2789 2789 2789 2789 2789 2789 2789 
514 514 514 514 514 514 514 514 514 514 514 514 
2482 2482 2482 2482 2482 2482 2482 2482 2482 2482 2482 2482 
171 171 171 171 171 171 171 171 171 171 171 171 
2825 2825 2825 2825 2825 2825 2825 2825 2825 2825 2825 2825 
140 140 140 140 140 140 140 140 140 140 140 140 
2856 2856 2856 2856 2856 2856 2856 2856 2856 2856 2856 2856 
1305 1305 1305 1305 1305 1305 1305 1305 1305 1305 1305 1305 
1691 1691 1691 1691 1691 1691 1691 1691 1691 1691 1691 1691 
1478 1478 1478 1478 1478 1478 1478 1478 1478 1478 1478 1478 
1518 1518 1518 1518 1518 1518 1518 1518 1518 1518 1518 1518 
92 92 92 92 92 92 92 92 92 92 92 92 
2904 2904 2904 2904 2904 2904 2904 2904 2904 2904 2904 2904 
171 171 171 171 171 171 171 171 171 171 171 171 
2825 2825 2825 2825 2825 2825 2825 2825 2825 2825 2825 2825 
1055 1055 1055 1055 1055 1055 1055 1055 1055 1055 1055 1055 
1941 1941 1941 1941 1941 1941 1941 1941 1941 1941 1941 1941 
15 15 15 15 15 15 15 15 15 15 15 15 
2981 2981 2981 2981 2981 2981 2981 2981 2981 2981 2981 2981 
1417 1417 1417 1417 1417 1417 1417 1417 1417 1417 1417 1417 
1579 1579 1579 1579 1579 1579 1579 1579 1579 1579 1579 1579 
908 908 908 908 908 908 908 908 908 908 908 908 
2088 2088 2088 2088 2088 2088 2088 2088 2088 2088 2088 2088 
117 117 117 117 117 117 117 117 117 117 117 117 
2879 2879 2879 2879 2879 2879 2879 2879 2879 2879 2879 2879 
1468 1468 1468 1468 1468 1468 1468 1468 1468 1468 1468 1468 
1528 1528 1528 1528 1528 1528 1528 1528 1528 1528 1528 1528 
340 340 340 340 340 340 340 340 340 340 340 340 
2656 2656 2656 2656 2656 2656 2656 2656 2656 2656 2656 2656 
20 20 20 20 20 20 20 20 20 20 20 20 
2976 2976 2976 2976 2976 2976 2976 2976 2976 2976 2976 2976 
171 171 171 171 171 171 171 171 171 171 171 171 
2825 2825 2825 2825 2825 2825 2825 2825 2825 2825 2825 2825 
225 225 225 225 225 225 225 225 225 225 225 225 
2771 2771 2771 2771 2771 2771 2771 2771 2771 2771 2771 2771 
193 193 193 193 193 193 193 193 193 193 193 193 
2803 2803 2803 2803 2803 2803 2803 2803 2803 2803 2803 2803 
411 411 411 411 411 411 411 411 411 411 411 411 
2585 2585 2585 2585 2585 2585 2585 2585 2585 2585 2585 2585 
570 570 570 570 570 570 570 570 570 570 570 570 
2426 2426 2426 2426 2426 2426 2426 2426 2426 2426 2426 2426 
133 133 133 133 133 133 133 133 133 133 133 133 
2863 2863 2863 2863 2863 2863 2863 2863 2863 2863 2863 2863 
54 54 54 54 54 54 54 54 54 54 54 54 
2942 2942 2942 2942 2942 2942 2942 2942 2942 2942 2942 2942 
861 861 861 861 861 861 861 861 861 861 861 861 
2135 2135 2135 2135 2135 2135 2135 2135 2135 2135 2135 2135 
754 754 754 754 754 754 754 754 754 754 754 754 
2242 2242 2242 2242 2242 2242 2242 2242 2242 2242 2242 2242 
51 51 51 51 51 51 51 51 51 51 51 51 
2945 2945 2945 2945 2945 2945 2945 2945 2945 2945 2945 2945 
1089 1089 1089 1089 1089 1089 1089 1089 1089 1089 1089 1089 
1907 1907 1907 1907 1907 1907 1907 1907 1907 1907 1907 1907 
138 138 138 138 138 138 138 138 138 138 138 138 
2858 2858 2858 2858 2858 2858 2858 2858 2858 2858 2858 2858 
249 249 249 249 249 249 249 249 249 249 249 249 
2747 2747 2747 2747 2747 2747 2747 2747 2747 2747 2747 2747 
629 629 629 629 629 629 629 629 629 629 629 629 
2367 2367 2367 2367 2367 2367 2367 2367 2367 2367 2367 2367 
62 62 62 62 62 62 62 62 62 62 62 62 
2934 2934 2934 2934 2934 2934 2934 2934 2934 2934 2934 2934 
922 922 922 922 922 922 922 922 922 922 922 922 
2074 2074 2074 2074 2074 2074 2074 2074 2074 2074 2074 2074 
451 451 451 451 451 451 451 451 451 451 451 451 
2545 2545 2545 2545 2545 2545 2545 2545 2545 2545 2545 2545 
159 159 159 159 159 159 159 159 159 159 159 159 
2837 2837 2837 2837 2837 2837 2837 2837 2837 2837 2837 2837 
990 990 990 990 990 990 990 990 990 990 990 990 
2006 2006 2006 2006 2006 2006 2006 2006 2006 2006 2006 2006 
1431 1431 1431 1431 1431 1431 1431 1431 1431 1431 1431 1431 
1565 1565 1565 1565 1565 1565 1565 1565 1565 1565 1565 1565 
618 618 618 618 618 618 618 618 618 618 618 618 
2378 2378 2378 2378 2378 2378 2378 2378 2378 2378 2378 2378 
126 126 126 126 126 126 126 126 126 126 126 126 
2870 2870 2870 2870 2870 2870 2870 2870 2870 2870 2870 2870 
545 545 545 545 545 545 545 545 545 545 545 545 
2451 2451 2451 2451 2451 2451 2451 2451 2451 2451 2451 2451 
772 772 772 772 772 772 772 772 772 772 772 772 
2224 2224 2224 2224 2224 2224 2224 2224 2224 2224 2224 2224 
38 38 38 38 38 38 38 38 38 38 38 38 
2958 2958 2958 2958 2958 2958 2958 2958 2958 2958 2958 2958 
10 10 10 10 10 10 10 10 10 10 10 10 
2986 2986 2986 2986 2986 2986 2986 2986 2986 2986 2986 2986 
1060 1060 1060 1060 1060 1060 1060 1060 1060 1060 1060 1060 
1936 1936 1936 1936 1936 1936 1936 1936 1936 1936 1936 1936 
1318 1318 1318 1318 1318 1318 1318 1318 1318 1318 1318 1318 
1678 1678 1678 1678 1678 1678 1678 1678 1678 1678 1678 1678 
505 505 505 505 505 505 505 505 505 505 505 505 
2491 2491 2491 2491 2491 2491 2491 2491 2491 2491 2491 2491 
434 434 434 434 434 434 434 434 434 434 434 434 
2562 2562 2562 2562 2562 2562 2562 2562 2562 2562 2562 2562 
63 63 63 63 63 63 63 63 63 63 63 63 
2933 2933 2933 2933 2933 2933 2933 2933 2933 2933 2933 2933 
197 197 197 197 197 197 197 197 197 197 197 197 
2799 2799 2799 2799 2799 2799 2799 2799 2799 2799 2799 2799 
80 80 80 80 80 80 80 80 80 80 80 80 
2916 2916 2916 2916 2916 2916 2916 2916 2916 2916 2916 2916 
857 857 857 857 857 857 857 857 857 857 857 857 
2139 2139 2139 2139 2139 2139 2139 2139 2139 2139 2139 2139 
1162 1162 1162 1162 1162 1162 1162 1162 1162 1162 1162 1162 
1834 1834 1834 1834 1834 1834 1834 1834 1834 1834 1834 1834 
114 114 114 114 114 114 114 114 114 114 114 114 
2882 2882 2882 2882 2882 2882 2882 2882 2882 2882 2882 2882 
443 443 443 443 443 443 443 443 443 443 443 443 
2553 2553 2553 2553 2553 2553 2553 2553 2553 2553 2553 2553 
57 57 57 57 57 57 57 57 57 57 57 57 
2939 2939 2939 2939 2939 2939 2939 2939 2939 2939 2939 2939 
20 20 20 20 20 20 20 20 20 20 20 20 
2976 2976 2976 2976 2976 2976 2976 2976 2976 2976 2976 2976 
1236 1236 1236 1236 1236 1236 1236 1236 1236 1236 1236 1236 
1760 1760 1760 1760 1760 1760 1760 1760 1760 1760 1760 1760 
738 738 738 738 738 738 738 738 738 738 738 738 
2258 2258 2258 2258 2258 2258 2258 2258 2258 2258 2258 2258 
1009 1009 1009 1009 1009 1009 1009 1009 1009 1009 1009 1009 
1987 1987 1987 1987 1987 1987 1987 1987 1987 1987 1987 1987 
1268 1268 1268 1268 1268 1268 1268 1268 1268 1268 1268 1268 
1728 1728 1728 1728 1728 1728 1728 1728 1728 1728 1728 1728 
782 782 782 782 782 782 782 782 782 782 782 782 
2214 2214 2214 2214 2214 2214 2214 2214 2214 2214 2214 2214 
1159 1159 1159 1159 1159 1159 1159 1159 1159 1159 1159 1159 
1837 1837 1837 1837 1837 1837 1837 1837 1837 1837 1837 1837 
71 71 71 71 71 71 71 71 71 71 71 71 
2925 2925 2925 2925 2925 2925 2925 2925 2925 2925 2925 2925 
1354 1354 1354 1354 1354 1354 1354 1354 1354 1354 1354 1354 
1642 1642 1642 1642 1642 1642 1642 1642 1642 1642 1642 1642 
1450 1450 1450 1450 1450 1450 1450 1450 1450 1450 1450 1450 
1546 1546 1546 1546 1546 1546 1546 1546 1546 1546 1546 1546 
521 521 521 521 521 521 521 521 521 521 521 521 
2475 2475 2475 2475 2475 2475 2475 2475 2475 2475 2475 2475 
1276 1276 1276 1276 1276 1276 1276 1276 1276 1276 1276 1276 
1720 1720 1720 1720 1720 1720 1720 1720 1720 1720 1720 1720 
1 1 1 1 1 1 1 1 1 1 1 1 
2995 2995 2995 2995 2995 2995 2995 2995 2995 2995 2995 2995 
1172 1172 1172 1172 1172 1172 1172 1172 1172 1172 1172 1172 
1824 1824 1824 1824 1824 1824 1824 1824 1824 1824 1824 1824 
12 12 12 12 12 12 12 12 12 12 12 12 
2984 2984 2984 2984 2984 2984 2984 2984 2984 2984 2984 2984 
1421 1421 1421 1421 1421 1421 1421 1421 1421 1421 1421 1421 
1575 1575 1575 1575 1575 1575 1575 1575 1575 1575 1575 1575 
3 3 3 3 3 3 3 3 3 3 3 3 
2993 2993 2993 2993 2993 2993 2993 2993 2993 2993 2993 2993 
1213 1213 1213 1213 1213 1213 1213 1213 1213 1213 1213 1213 
1783 1783 1783 1783 1783 1783 1783 1783 1783 1783 1783 1783 
1276 1276 1276 1276 1276 1276 1276 1276 1276 1276 1276 1276 
1720 1720 1720 1720 1720 1720 1720 1720 1720 1720 1720 1720 
466 466 466 466 466 466 466 466 466 466 466 466 
2530 2530 2530 2530 2530 2530 2530 2530 2530 2530 2530 2530 
1448 1448 1448 1448 1448 1448 1448 1448 1448 1448 1448 1448 
1548 1548 1548 1548 1548 1548 1548 1548 1548 1548 1548 1548 
407 407 407 407 407 407 407 407 407 407 407 407 
2589 2589 2589 2589 2589 2589 2589 2589 2589 2589 2589 2589 
1285 1285 1285 1285 1285 1285 1285 1285 1285 1285 1285 1285 
1711 1711 1711 1711 1711 1711 1711 1711 1711 1711 1711 1711 
60 60 60 60 60 60 60 60 60 60 60 60 
2936 2936 2936 2936 2936 2936 2936 2936 2936 2936 2936 2936 
910 910 910 910 910 910 910 910 910 910 910 910 
2086 2086 2086 2086 2086 2086 2086 2086 2086 2086 2086 2086 
106 106 106 106 106 106 106 106 106 106 106 106 
2890 2890 2890 2890 2890 2890 2890 2890 2890 2890 2890 2890 
552 552 552 552 552 552 552 552 552 552 552 552 
2444 2444 2444 2444 2444 2444 2444 2444 2444 2444 2444 2444 
1123 1123 1123 1123 1123 1123 1123 1123 1123 1123 1123 1123 
1873 1873 1873 1873 1873 1873 1873 1873 1873 1873 1873 1873 
729 729 729 729 729 729 729 729 729 729 729 729 
2267 2267 2267 2267 2267 2267 2267 2267 2267 2267 2267 2267 
7 7 7 7 7 7 7 7 7 7 7 7 
2989 2989 2989 2989 2989 2989 2989 2989 2989 2989 2989 2989 
93 93 93 93 93 93 93 93 93 93 93 93 
2903 2903 2903 2903 2903 2903 2903 2903 2903 2903 2903 2903 
710 710 710 710 710 710 710 710 710 710 710 710 
2286 2286 2286 2286 2286 2286 2286 2286 2286 2286 2286 2286 
139 139 139 139 139 139 139 139 139 139 139 139 
2857 2857 2857 2857 2857 2857 2857 2857 2857 2857 2857 2857 
1225 1225 1225 1225 1225 1225 1225 1225 1225 1225 1225 1225 
1771 1771 1771 1771 1771 1771 1771 1771 1771 1771 1771 1771 
653 653 653 653 653 653 653 653 653 653 653 653 
2343 2343 2343 2343 2343 2343 2343 2343 2343 2343 2343 2343 
12 12 12 12 12 12 12 12 12 12 12 12 
2984 2984 2984 2984 2984 2984 2984 2984 2984 2984 2984 2984 
75 75 75 75 75 75 75 75 75 75 75 75 
2921 2921 2921 2921 2921 2921 2921 2921 2921 2921 2921 2921 
537 537 537 537 537 537 537 537 537 537 537 537 
2459 2459 2459 2459 2459 2459 2459 2459 2459 2459 2459 2459 
41 41 41 41 41 41 41 41 41 41 41 41 
2955 2955 2955 2955 2955 2955 2955 2955 2955 2955 2955 2955 
313 313 313 313 313 313 313 313 313 313 313 313 
2683 2683 2683 2683 2683 2683 2683 2683 2683 2683 2683 2683 
527 527 527 527 527 527 527 527 527 527 527 527 
2469 2469 2469 2469 2469 2469 2469 2469 2469 2469 2469 2469 
239 239 239 239 239 239 239 239 239 239 239 239 
2757 2757 2757 2757 2757 2757 2757 2757 2757 2757 2757 2757 
33 33 33 33 33 33 33 33 33 33 33 33 
2963 2963 2963 2963 2963 2963 2963 2963 2963 2963 2963 2963 
624 624 624 624 624 624 624 624 624 624 624 624 
2372 2372 2372 2372 2372 2372 2372 2372 2372 2372 2372 2372 
48 48 48 48 48 48 48 48 48 48 48 48 
2948 2948 2948 2948 2948 2948 2948 2948 2948 2948 2948 2948 
368 368 368 368 368 368 368 368 368 368 368 368 
2628 2628 2628 2628 2628 2628 2628 2628 2628 2628 2628 2628 
832 832 832 832 832 832 832 832 832 832 832 832 
2164 2164 2164 2164 2164 2164 2164 2164 2164 2164 2164 2164 
1232 1232 1232 1232 1232 1232 1232 1232 1232 1232 1232 1232 
1764 1764 1764 1764 1764 1764 1764 1764 1764 1764 1764 1764 
1227 1227 1227 1227 1227 1227 1227 1227 1227 1227 1227 1227 
1769 1769 1769 1769 1769 1769 1769 1769 1769 1769 1769 1769 
29 29 29 29 29 29 29 29 29 29 29 29 
2967 2967 2967 2967 2967 2967 2967 2967 2967 2967 2967 2967 
99 99 99 99 99 99 99 99 99 99 99 99 
2897 2897 2897 2897 2897 2897 2897 2897 2897 2897 2897 2897 
637 637 637 637 637 637 637 637 637 637 637 637 
2359 2359 2359 2359 2359 2359 2359 2359 2359 2359 2359 2359 
1063 1063 1063 1063 1063 1063 1063 1063 1063 1063 1063 1063 
1933 1933 1933 1933 1933 1933 1933 1933 1933 1933 1933 1933 
925 925 925 925 925 925 925 925 925 925 925 925 
2071 2071 2071 2071 2071 2071 2071 2071 2071 2071 2071 2071 
1344 1344 1344 1344 1344 1344 1344 1344 1344 1344 1344 1344 
1652 1652 1652 1652 1652 1652 1652 1652 1652 1652 1652 1652 
612 612 612 612 612 612 612 612 612 612 612 612 
2384 2384 2384 2384 2384 2384 2384 2384 2384 2384 2384 2384 
1186 1186 1186 1186 1186 1186 1186 1186 1186 1186 1186 1186 
1810 1810 1810 1810 1810 1810 1810 1810 1810 1810 1810 1810 
1041 1041 1041 1041 1041 1041 1041 1041 1041 1041 1041 1041 
1955 1955 1955 1955 1955 1955 1955 1955 1955 1955 1955 1955 
331 331 331 331 331 331 331 331 331 331 331 331 
2665 2665 2665 2665 2665 2665 2665 2665 2665 2665 2665 2665 
1085 1085 1085 1085 1085 1085 1085 1085 1085 1085 1085 1085 
1911 1911 1911 1911 1911 1911 1911 1911 1911 1911 1911 1911 
388 388 388 388 388 388 388 388 388 388 388 388 
2608 2608 2608 2608 2608 2608 2608 2608 2608 2608 2608 2608 
48 48 48 48 48 48 48 48 48 48 48 48 
2948 2948 2948 2948 2948 2948 2948 2948 2948 2948 2948 2948 
1123 1123 1123 1123 1123 1123 1123 1123 1123 1123 1123 1123 
1873 1873 1873 1873 1873 1873 1873 1873 1873 1873 1873 1873 
1214 1214 1214 1214 1214 1214 1214 1214 1214 1214 1214 1214 
1782 1782 1782 1782 1782 1782 1782 1782 1782 1782 1782 1782 
1210 1210 1210 1210 1210 1210 1210 1210 1210 1210 1210 1210 
1786 1786 1786 1786 1786 1786 1786 1786 1786 1786 1786 1786 
223 223 223 223 223 223 223 223 223 223 223 223 
2773 2773 2773 2773 2773 2773 2773 2773 2773 2773 2773 2773 
81 81 81 81 81 81 81 81 81 81 81 81 
2915 2915 2915 2915 2915 2915 2915 2915 2915 2915 2915 2915 
592 592 592 592 592 592 592 592 592 592 592 592 
2404 2404 2404 2404 2404 2404 2404 2404 2404 2404 2404 2404 
100 100 100 100 100 100 100 100 100 100 100 100 
2896 2896 2896 2896 2896 2896 2896 2896 2896 2896 2896 2896 
390 390 390 390 390 390 390 390 390 390 390 390 
2606 2606 2606 2606 2606 2606 2606 2606 2606 2606 2606 2606 
147 147 147 147 147 147 147 147 147 147 147 147 
2849 2849 2849 2849 2849 2849 2849 2849 2849 2849 2849 2849 
592 592 592 592 592 592 592 592 592 592 592 592 
2404 2404 2404 2404 2404 2404 2404 2404 2404 2404 2404 2404 
646 646 646 646 646 646 646 646 646 646 646 646 
2350 2350 2350 2350 2350 2350 2350 2350 2350 2350 2350 2350 
1141 1141 1141 1141 1141 1141 1141 1141 1141 1141 1141 1141 
1855 1855 1855 1855 1855 1855 1855 1855 1855 1855 1855 1855 
903 903 903 903 903 903 903 903 903 903 903 903 
2093 2093 2093 2093 2093 2093 2093 2093 2093 2093 2093 2093 
828 828 828 828 828 828 828 828 828 828 828 828 
2168 2168 2168 2168 2168 2168 2168 2168 2168 2168 2168 2168 
314 314 314 314 314 314 314 314 314 314 314 314 
2682 2682 2682 2682 2682 2682 2682 2682 2682 2682 2682 2682 
1055 1055 1055 1055 1055 1055 1055 1055 1055 1055 1055 1055 
1941 1941 1941 1941 1941 1941 1941 1941 1941 1941 1941 1941 
174 174 174 174 174 174 174 174 174 174 174 174 
2822 2822 2822 2822 2822 2822 2822 2822 2822 2822 2822 2822 
1374 1374 1374 1374 1374 1374 1374 1374 1374 1374 1374 1374 
1622 1622 1622 1622 1622 1622 1622 1622 1622 1622 1622 1622 
503 503 503 503 503 503 503 503 503 503 503 503 
2493 2493 2493 2493 2493 2493 2493 2493 2493 2493 2493 2493 
137 137 137 137 137 137 137 137 137 137 137 137 
2859 2859 2859 2859 2859 2859 2859 2859 2859 2859 2859 2859 
1434 1434 1434 1434 1434 1434 1434 1434 1434 1434 1434 1434 
1562 1562 1562 1562 1562 1562 1562 1562 1562 1562 1562 1562 
1304 1304 1304 1304 1304 1304 1304 1304 1304 1304 1304 1304 
1692 1692 1692 1692 1692 1692 1692 1692 1692 1692 1692 1692 
1427 1427 1427 1427 1427 1427 1427 1427 1427 1427 1427 1427 
1569 1569 1569 1569 1569 1569 1569 1569 1569 1569 1569 1569 
385 385 385 385 385 385 385 385 385 385 385 385 
2611 2611 2611 2611 2611 2611 2611 2611 2611 2611 2611 2611 
153 153 153 153 153 153 153 153 153 153 153 153 
2843 2843 2843 2843 2843 2843 2843 2843 2843 2843 2843 2843 
715 715 715 715 715 715 715 715 715 715 715 715 
2281 2281 2281 2281 2281 2281 2281 2281 2281 2281 2281 2281 
1135 1135 1135 1135 1135 1135 1135 1135 1135 1135 1135 1135 
1861 1861 1861 1861 1861 1861 1861 1861 1861 1861 1861 1861 
1488 1488 1488 1488 1488 1488 1488 1488 1488 1488 1488 1488 
1508 1508 1508 1508 1508 1508 1508 1508 1508 1508 1508 1508 
4 4 4 4 4 4 4 4 4 4 4 4 
2992 2992 2992 2992 2992 2992 2992 2992 2992 2992 2992 2992 
1365 1365 1365 1365 1365 1365 1365 1365 1365 1365 1365 1365 
1631 1631 1631 1631 1631 1631 1631 1631 1631 1631 1631 1631 
700 700 700 700 700 700 700 700 700 700 700 700 
2296 2296 2296 2296 2296 2296 2296 2296 2296 2296 2296 2296 
433 433 433 433 433 433 433 433 433 433 433 433 
2563 2563 2563 2563 2563 2563 2563 2563 2563 2563 2563 2563 
790 790 790 790 790 790 790 790 790 790 790 790 
2206 2206 2206 2206 2206 2206 2206 2206 2206 2206 2206 2206 
640 640 640 640 640 640 640 640 640 640 640 640 
2356 2356 2356 2356 2356 2356 2356 2356 2356 2356 2356 2356 
67 67 67 67 67 67 67 67 67 67 67 67 
2929 2929 2929 2929 2929 2929 2929 2929 2929 2929 2929 2929 
1094 1094 1094 1094 1094 1094 1094 1094 1094 1094 1094 1094 
1902 1902 1902 1902 1902 1902 1902 1902 1902 1902 1902 1902 
600 600 600 600 600 600 600 600 600 600 600 600 
2396 2396 2396 2396 2396 2396 2396 2396 2396 2396 2396 2396 
894 894 894 894 894 894 894 894 894 894 894 894 
2102 2102 2102 2102 2102 2102 2102 2102 2102 2102 2102 2102 
415 415 415 415 415 415 415 415 415 415 415 415 
2581 2581 2581 2581 2581 2581 2581 2581 2581 2581 2581 2581 
488 488 488 488 488 488 488 488 488 488 488 488 
2508 2508 2508 2508 2508 2508 2508 2508 2508 2508 2508 2508 
185 185 185 185 185 185 185 185 185 185 185 185 
2811 2811 2811 2811 2811 2811 2811 2811 2811 2811 2811 2811 
509 509 509 509 509 509 509 509 509 509 509 509 
2487 2487 2487 2487 2487 2487 2487 2487 2487 2487 2487 2487 
1172 1172 1172 1172 1172 1172 1172 1172 1172 1172 1172 1172 
1824 1824 1824 1824 1824 1824 1824 1824 1824 1824 1824 1824 
1443 1443 1443 1443 1443 1443 1443 1443 1443 1443 1443 1443 
1553 1553 1553 1553 1553 1553 1553 1553 1553 1553 1553 1553 
1271 1271 1271 1271 1271 1271 1271 1271 1271 1271 1271 1271 
1725 1725 1725 1725 1725 1725 1725 1725 1725 1725 1725 1725 
572 572 572 572 572 572 572 572 572 572 572 572 
2424 2424 2424 2424 2424 2424 2424 2424 2424 2424 2424 2424 
721 721 721 721 721 721 721 721 721 721 721 721 
2275 2275 2275 2275 2275 2275 2275 2275 2275 2275 2275 2275 
90 90 90 90 90 90 90 90 90 90 90 90 
2906 2906 2906 2906 2906 2906 2906 2906 2906 2906 2906 2906 
471 471 471 471 471 471 471 471 471 471 471 471 
2525 2525 2525 2525 2525 2525 2525 2525 2525 2525 2525 2525 
7 7 7 7 7 7 7 7 7 7 7 7 
2989 2989 2989 2989 2989 2989 2989 2989 2989 2989 2989 2989 
58 58 58 58 58 58 58 58 58 58 58 58 
2938 2938 2938 2938 2938 2938 2938 2938 2938 2938 2938 2938 
266 266 266 266 266 266 266 266 266 266 266 266 
2730 2730 2730 2730 2730 2730 2730 2730 2730 2730 2730 2730 
66 66 66 66 66 66 66 66 66 66 66 66 
2930 2930 2930 2930 2930 2930 2930 2930 2930 2930 2930 2930 
715 715 715 715 715 715 715 715 715 715 715 715 
2281 2281 2281 2281 2281 2281 2281 2281 2281 2281 2281 2281 
506 506 506 506 506 506 506 506 506 506 506 506 
2490 2490 2490 2490 2490 2490 2490 2490 2490 2490 2490 2490 
194 194 194 194 194 194 194 194 194 194 194 194 
2802 2802 2802 2802 2802 2802 2802 2802 2802 2802 2802 2802 
626 626 626 626 626 626 626 626 626 626 626 626 
2370 2370 2370 2370 2370 2370 2370 2370 2370 2370 2370 2370 
338 338 338 338 338 338 338 338 338 338 338 338 
2658 2658 2658 2658 2658 2658 2658 2658 2658 2658 2658 2658 
852 852 852 852 852 852 852 852 852 852 852 852 
2144 2144 2144 2144 2144 2144 2144 2144 2144 2144 2144 2144 
962 962 962 962 962 962 962 962 962 962 962 962 
2034 2034 2034 2034 2034 2034 2034 2034 2034 2034 2034 2034 
1284 1284 1284 1284 1284 1284 1284 1284 1284 1284 1284 1284 
1712 1712 1712 1712 1712 1712 1712 1712 1712 1712 1712 1712 
1304 1304 1304 1304 1304 1304 1304 1304 1304 1304 1304 1304 
1692 1692 1692 1692 1692 1692 1692 1692 1692 1692 1692 1692 
358 358 358 358 358 358 358 358 358 358 358 358 
2638 2638 2638 2638 2638 2638 2638 2638 2638 2638 2638 2638 
910 910 910 910 910 910 910 910 910 910 910 910 
2086 2086 2086 2086 2086 2086 2086 2086 2086 2086 2086 2086 
48 48 48 48 48 48 48 48 48 48 48 48 
2948 2948 2948 2948 2948 2948 2948 2948 2948 2948 2948 2948 
331 331 331 331 331 331 331 331 331 331 331 331 
2665 2665 2665 2665 2665 2665 2665 2665 2665 2665 2665 2665 
684 684 684 684 684 684 684 684 684 684 684 684 
2312 2312 2312 2312 2312 2312 2312 2312 2312 2312 2312 2312 
189 189 189 189 189 189 189 189 189 189 189 189 
2807 2807 2807 2807 2807 2807 2807 2807 2807 2807 2807 2807 
252 252 252 252 252 252 252 252 252 252 252 252 
2744 2744 2744 2744 2744 2744 2744 2744 2744 2744 2744 2744 
721 721 721 721 721 721 721 721 721 721 721 721 
2275 2275 2275 2275 2275 2275 2275 2275 2275 2275 2275 2275 
773 773 773 773 773 773 773 773 773 773 773 773 
2223 2223 2223 2223 2223 2223 2223 2223 2223 2223 2223 2223 
631 631 631 631 631 631 631 631 631 631 631 631 
2365 2365 2365 2365 2365 2365 2365 2365 2365 2365 2365 2365 
20 20 20 20 20 20 20 20 20 20 20 20 
2976 2976 2976 2976 2976 2976 2976 2976 2976 2976 2976 2976 
635 635 635 635 635 635 635 635 635 635 635 635 
2361 2361 2361 2361 2361 2361 2361 2361 2361 2361 2361 2361 
526 526 526 526 526 526 526 526 526 526 526 526 
2470 2470 2470 2470 2470 2470 2470 2470 2470 2470 2470 2470 
631 631 631 631 631 631 631 631 631 631 631 631 
2365 2365 2365 2365 2365 2365 2365 2365 2365 2365 2365 2365 
19 19 19 19 19 19 19 19 19 19 19 19 
2977 2977 2977 2977 2977 2977 2977 2977 2977 2977 2977 2977 
1240 1240 1240 1240 1240 1240 1240 1240 1240 1240 1240 1240 
1756 1756 1756 1756 1756 1756 1756 1756 1756 1756 1756 1756 
1350 1350 1350 1350 1350 1350 1350 1350 1350 1350 1350 1350 
1646 1646 1646 1646 1646 1646 1646 1646 1646 1646 1646 1646 
409 409 409 409 409 409 409 409 409 409 409 409 
2587 2587 2587 2587 2587 2587 2587 2587 2587 2587 2587 2587 
1320 1320 1320 1320 1320 1320 1320 1320 1320 1320 1320 1320 
1676 1676 1676 1676 1676 1676 1676 1676 1676 1676 1676 1676 
59 59 59 59 59 59 59 59 59 59 59 59 
2937 2937 2937 2937 2937 2937 2937 2937 2937 2937 2937 2937 
117 117 117 117 117 117 117 117 117 117 117 117 
2879 2879 2879 2879 2879 2879 2879 2879 2879 2879 2879 2879 
1474 1474 1474 1474 1474 1474 1474 1474 1474 1474 1474 1474 
1522 1522 1522 1522 1522 1522 1522 1522 1522 1522 1522 1522 
222 222 222 222 222 222 222 222 222 222 222 222 
2774 2774 2774 2774 2774 2774 2774 2774 2774 2774 2774 2774 
721 721 721 721 721 721 721 721 721 721 721 721 
2275 2275 2275 2275 2275 2275 2275 2275 2275 2275 2275 2275 
27 27 27 27 27 27 27 27 27 27 27 27 
2969 2969 2969 2969 2969 2969 2969 2969 2969 2969 2969 2969 
1141 1141 1141 1141 1141 1141 1141 1141 1141 1141 1141 1141 
1855 1855 1855 1855 1855 1855 1855 1855 1855 1855 1855 1855 
391 391 391 391 391 391 391 391 391 391 391 391 
2605 2605 2605 2605 2605 2605 2605 2605 2605 2605 2605 2605 
1086 1086 1086 1086 1086 1086 1086 1086 1086 1086 1086 1086 
1910 1910 1910 1910 1910 1910 1910 1910 1910 1910 1910 1910 
91 91 91 91 91 91 91 91 91 91 91 91 
2905 2905 2905 2905 2905 2905 2905 2905 2905 2905 2905 2905 
488 488 488 488 488 488 488 488 488 488 488 488 
2508 2508 2508 2508 2508 2508 2508 2508 2508 2508 2508 2508 
866 866 866 866 866 866 866 866 866 866 866 866 
2130 2130 2130 2130 2130 2130 2130 2130 2130 2130 2130 2130 
459 459 459 459 459 459 459 459 459 459 459 459 
2537 2537 2537 2537 2537 2537 2537 2537 2537 2537 2537 2537 
1368 1368 1368 1368 1368 1368 1368 1368 1368 1368 1368 1368 
1628 1628 1628 1628 1628 1628 1628 1628 1628 1628 1628 1628 
162 162 162 162 162 162 162 162 162 162 162 162 
2834 2834 2834 2834 2834 2834 2834 2834 2834 2834 2834 2834 
1160 1160 1160 1160 1160 1160 1160 1160 1160 1160 1160 1160 
1836 1836 1836 1836 1836 1836 1836 1836 1836 1836 1836 1836 
385 385 385 385 385 385 385 385 385 385 385 385 
2611 2611 2611 2611 2611 2611 2611 2611 2611 2611 2611 2611 
864 864 864 864 864 864 864 864 864 864 864 864 
2132 2132 2132 2132 2132 2132 2132 2132 2132 2132 2132 2132 
1386 1386 1386 1386 1386 1386 1386 1386 1386 1386 1386 1386 
1610 1610 1610 1610 1610 1610 1610 1610 1610 1610 1610 1610 
1278 1278 1278 1278 1278 1278 1278 1278 1278 1278 1278 1278 
1718 1718 1718 1718 1718 1718 1718 1718 1718 1718 1718 1718 
4 4 4 4 4 4 4 4 4 4 4 4 
2992 2992 2992 2992 2992 2992 2992 2992 2992 2992 2992 2992 
195 195 195 195 195 195 195 195 195 195 195 195 
2801 2801 2801 2801 2801 2801 2801 2801 2801 2801 2801 2801 
1479 1479 1479 1479 1479 1479 1479 1479 1479 1479 1479 1479 
1517 1517 1517 1517 1517 1517 1517 1517 1517 1517 1517 1517 
1026 1026 1026 1026 1026 1026 1026 1026 1026 1026 1026 1026 
1970 1970 1970 1970 1970 1970 1970 1970 1970 1970 1970 1970 
625 625 625 625 625 625 625 625 625 625 625 625 
2371 2371 2371 2371 2371 2371 2371 2371 2371 2371 2371 2371 
1039 1039 1039 1039 1039 1039 1039 1039 1039 1039 1039 1039 
1957 1957 1957 1957 1957 1957 1957 1957 1957 1957 1957 1957 
433 433 433 433 433 433 433 433 433 433 433 433 
2563 2563 2563 2563 2563 2563 2563 2563 2563 2563 2563 2563 
176 176 176 176 176 176 176 176 176 176 176 176 
2820 2820 2820 2820 2820 2820 2820 2820 2820 2820 2820 2820 
1041 1041 1041 1041 1041 1041 1041 1041 1041 1041 1041 1041 
1955 1955 1955 1955 1955 1955 1955 1955 1955 1955 1955 1955 
773 773 773 773 773 773 773 773 773 773 773 773 
2223 2223 2223 2223 2223 2223 2223 2223 2223 2223 2223 2223 
1363 1363 1363 1363 1363 1363 1363 1363 1363 1363 1363 1363 
1633 1633 1633 1633 1633 1633 1633 1633 1633 1633 1633 1633 
19 19 19 19 19 19 19 19 19 19 19 19 
2977 2977 2977 2977 2977 2977 2977 2977 2977 2977 2977 2977 
497 497 497 497 497 497 497 497 497 497 497 497 
2499 2499 2499 2499 2499 2499 2499 2499 2499 2499 2499 2499 
706 706 706 706 706 706 706 706 706 706 706 706 
2290 2290 2290 2290 2290 2290 2290 2290 2290 2290 2290 2290 
358 358 358 358 358 358 358 358 358 358 358 358 
2638 2638 2638 2638 2638 2638 2638 2638 2638 2638 2638 2638 
232 232 232 232 232 232 232 232 232 232 232 232 
2764 2764 2764 2764 2764 2764 2764 2764 2764 2764 2764 2764 
1382 1382 1382 1382 1382 1382 1382 1382 1382 1382 1382 1382 
1614 1614 1614 1614 1614 1614 1614 1614 1614 1614 1614 1614 
900 900 900 900 900 900 900 900 900 900 900 900 
2096 2096 2096 2096 2096 2096 2096 2096 2096 2096 2096 2096 
34 34 34 34 34 34 34 34 34 34 34 34 
2962 2962 2962 2962 2962 2962 2962 2962 2962 2962 2962 2962 
1230 1230 1230 1230 1230 1230 1230 1230 1230 1230 1230 1230 
1766 1766 1766 1766 1766 1766 1766 1766 1766 1766 1766 1766 
843 843 843 843 843 843 843 843 843 843 843 843 
2153 2153 2153 2153 2153 2153 2153 2153 2153 2153 2153 2153 
1273 1273 1273 1273 1273 1273 1273 1273 1273 1273 1273 1273 
1723 1723 1723 1723 1723 1723 1723 1723 1723 1723 1723 1723 
919 919 919 919 919 919 919 919 919 919 919 919 
2077 2077 2077 2077 2077 2077 2077 2077 2077 2077 2077 2077 
225 225 225 225 225 225 225 225 225 225 225 225 
2771 2771 2771 2771 2771 2771 2771 2771 2771 2771 2771 2771 
1180 1180 1180 1180 1180 1180 1180 1180 1180 1180 1180 1180 
1816 1816 1816 1816 1816 1816 1816 1816 1816 1816 1816 1816 
286 286 286 286 286 286 286 286 286 286 286 286 
2710 2710 2710 2710 2710 2710 2710 2710 2710 2710 2710 2710 
11 11 11 11 11 11 11 11 11 11 11 11 
2985 2985 2985 2985 2985 2985 2985 2985 2985 2985 2985 2985 
275 275 275 275 275 275 275 275 275 275 275 275 
2721 2721 2721 2721 2721 2721 2721 2721 2721 2721 2721 2721 
76 76 76 76 76 76 76 76 76 76 76 76 
2920 2920 2920 2920 2920 2920 2920 2920 2920 2920 2920 2920 
1021 1021 1021 1021 1021 1021 1021 1021 1021 1021 1021 1021 
1975 1975 1975 1975 1975 1975 1975 1975 1975 1975 1975 1975 
1431 1431 1431 1431 1431 1431 1431 1431 1431 1431 1431 1431 
1565 1565 1565 1565 1565 1565 1565 1565 1565 1565 1565 1565 
44 44 44 44 44 44 44 44 44 44 44 44 
2952 2952 2952 2952 2952 2952 2952 2952 2952 2952 2952 2952 
1474 1474 1474 1474 1474 1474 1474 1474 1474 1474 1474 1474 
1522 1522 1522 1522 1522 1522 1522 1522 1522 1522 1522 1522 
408 408 408 408 408 408 408 408 408 408 408 408 
2588 2588 2588 2588 2588 2588 2588 2588 2588 2588 2588 2588 
35 35 35 35 35 35 35 35 35 35 35 35 
2961 2961 2961 2961 2961 2961 2961 2961 2961 2961 2961 2961 
521 521 521 521 521 521 521 521 521 521 521 521 
2475 2475 2475 2475 2475 2475 2475 2475 2475 2475 2475 2475 
110 110 110 110 110 110 110 110 110 110 110 110 
2886 2886 2886 2886 2886 2886 2886 2886 2886 2886 2886 2886 
191 191 191 191 191 191 191 191 191 191 191 191 
2805 2805 2805 2805 2805 2805 2805 2805 2805 2805 2805 2805 
1112 1112 1112 1112 1112 1112 1112 1112 1112 1112 1112 1112 
1884 1884 1884 1884 1884 1884 1884 1884 1884 1884 1884 1884 
811 811 811 811 811 811 811 811 811 811 811 811 
2185 2185 2185 2185 2185 2185 2185 2185 2185 2185 2185 2185 
1004 1004 1004 1004 1004 1004 1004 1004 1004 1004 1004 1004 
1992 1992 1992 1992 1992 1992 1992 1992 1992 1992 1992 1992 
1320 1320 1320 1320 1320 1320 1320 1320 1320 1320 1320 1320 
1676 1676 1676 1676 1676 1676 1676 1676 1676 1676 1676 1676 
990 990 990 990 990 990 990 990 990 990 990 990 
2006 2006 2006 2006 2006 2006 2006 2006 2006 2006 2006 2006 
75 75 75 75 75 75 75 75 75 75 75 75 
2921 2921 2921 2921 2921 2921 2921 2921 2921 2921 2921 2921 
4 4 4 4 4 4 4 4 4 4 4 4 
2992 2992 2992 2992 2992 2992 2992 2992 2992 2992 2992 2992 
37 37 37 37 37 37 37 37 37 37 37 37 
2959 2959 2959 2959 2959 2959 2959 2959 2959 2959 2959 2959 
1022 1022 1022 1022 1022 1022 1022 1022 1022 1022 1022 1022 
1974 1974 1974 1974 1974 1974 1974 1974 1974 1974 1974 1974 
986 986 986 986 986 986 986 986 986 986 986 986 
2010 2010 2010 2010 2010 2010 2010 2010 2010 2010 2010 2010 
840 840 840 840 840 840 840 840 840 840 840 840 
2156 2156 2156 2156 2156 2156 2156 2156 2156 2156 2156 2156 
146 146 146 146 146 146 146 146 146 146 146 146 
2850 2850 2850 2850 2850 2850 2850 2850 2850 2850 2850 2850 
769 769 769 769 769 769 769 769 769 769 769 769 
2227 2227 2227 2227 2227 2227 2227 2227 2227 2227 2227 2227 
78 78 78 78 78 78 78 78 78 78 78 78 
2918 2918 2918 2918 2918 2918 2918 2918 2918 2918 2918 2918 
767 767 767 767 767 767 767 767 767 767 767 767 
2229 2229 2229 2229 2229 2229 2229 2229 2229 2229 2229 2229 
330 330 330 330 330 330 330 330 330 330 330 330 
2666 2666 2666 2666 2666 2666 2666 2666 2666 2666 2666 2666 
1424 1424 1424 1424 1424 1424 1424 1424 1424 1424 1424 1424 
1572 1572 1572 1572 1572 1572 1572 1572 1572 1572 1572 1572 
253 253 253 253 253 253 253 253 253 253 253 253 
2743 2743 2743 2743 2743 2743 2743 2743 2743 2743 2743 2743 
1029 1029 1029 1029 1029 1029 1029 1029 1029 1029 1029 1029 
1967 1967 1967 1967 1967 1967 1967 1967 1967 1967 1967 1967 
967 967 967 967 967 967 967 967 967 967 967 967 
2029 2029 2029 2029 2029 2029 2029 2029 2029 2029 2029 2029 
757 757 757 757 757 757 757 757 757 757 757 757 
2239 2239 2239 2239 2239 2239 2239 2239 2239 2239 2239 2239 
70 70 70 70 70 70 70 70 70 70 70 70 
2926 2926 2926 2926 2926 2926 2926 2926 2926 2926 2926 2926 
174 174 174 174 174 174 174 174 174 174 174 174 
2822 2822 2822 2822 2822 2822 2822 2822 2822 2822 2822 2822 
817 817 817 817 817 817 817 817 817 817 817 817 
2179 2179 2179 2179 2179 2179 2179 2179 2179 2179 2179 2179 
181 181 181 181 181 181 181 181 181 181 181 181 
2815 2815 2815 2815 2815 2815 2815 2815 2815 2815 2815 2815 
51 51 51 51 51 51 51 51 51 51 51 51 
2945 2945 2945 2945 2945 2945 2945 2945 2945 2945 2945 2945 
174 174 174 174 174 174 174 174 174 174 174 174 
2822 2822 2822 2822 2822 2822 2822 2822 2822 2822 2822 2822 
412 412 412 412 412 412 412 412 412 412 412 412 
2584 2584 2584 2584 2584 2584 2584 2584 2584 2584 2584 2584 
78 78 78 78 78 78 78 78 78 78 78 78 
2918 2918 2918 2918 2918 2918 2918 2918 2918 2918 2918 2918 
585 585 585 585 585 585 585 585 585 585 585 585 
2411 2411 2411 2411 2411 2411 2411 2411 2411 2411 2411 2411 
404 404 404 404 404 404 404 404 404 404 404 404 
2592 2592 2592 2592 2592 2592 2592 2592 2592 2592 2592 2592 
882 882 882 882 882 882 882 882 882 882 882 882 
2114 2114 2114 2114 2114 2114 2114 2114 2114 2114 2114 2114 
575 575 575 575 575 575 575 575 575 575 575 575 
2421 2421 2421 2421 2421 2421 2421 2421 2421 2421 2421 2421 
640 640 640 640 640 640 640 640 640 640 640 640 
2356 2356 2356 2356 2356 2356 2356 2356 2356 2356 2356 2356 
63 63 63 63 63 63 63 63 63 63 63 63 
2933 2933 2933 2933 2933 2933 2933 2933 2933 2933 2933 2933 
182 182 182 182 182 182 182 182 182 182 182 182 
2814 2814 2814 2814 2814 2814 2814 2814 2814 2814 2814 2814 
634 634 634 634 634 634 634 634 634 634 634 634 
2362 2362 2362 2362 2362 2362 2362 2362 2362 2362 2362 2362 
1390 1390 1390 1390 1390 1390 1390 1390 1390 1390 1390 1390 
1606 1606 1606 1606 1606 1606 1606 1606 1606 1606 1606 1606 
306 306 306 306 306 306 306 306 306 306 306 306 
2690 2690 2690 2690 2690 2690 2690 2690 2690 2690 2690 2690 
493 493 493 493 493 493 493 493 493 493 493 493 
2503 2503 2503 2503 2503 2503 2503 2503 2503 2503 2503 2503 
494 494 494 494 494 494 494 494 494 494 494 494 
2502 2502 2502 2502 2502 2502 2502 2502 2502 2502 2502 2502 
316 316 316 316 316 316 316 316 316 316 316 316 
2680 2680 2680 2680 2680 2680 2680 2680 2680 2680 2680 2680 
60 60 60 60 60 60 60 60 60 60 60 60 
2936 2936 2936 2936 2936 2936 2936 2936 2936 2936 2936 2936 
147 147 147 147 147 147 147 147 147 147 147 147 
2849 2849 2849 2849 2849 2849 2849 2849 2849 2849 2849 2849 
646 646 646 646 646 646 646 646 646 646 646 646 
2350 2350 2350 2350 2350 2350 2350 2350 2350 2350 2350 2350 
143 143 143 143 143 143 143 143 143 143 143 143 
2853 2853 2853 2853 2853 2853 2853 2853 2853 2853 2853 2853 
993 993 993 993 993 993 993 993 993 993 993 993 
2003 2003 2003 2003 2003 2003 2003 2003 2003 2003 2003 2003 
288 288 288 288 288 288 288 288 288 288 288 288 
2708 2708 2708 2708 2708 2708 2708 2708 2708 2708 2708 2708 
579 579 579 579 579 579 579 579 579 579 579 579 
2417 2417 2417 2417 2417 2417 2417 2417 2417 2417 2417 2417 
1344 1344 1344 1344 1344 1344 1344 1344 1344 1344 1344 1344 
1652 1652 1652 1652 1652 1652 1652 1652 1652 1652 1652 1652 
126 126 126 126 126 126 126 126 126 126 126 126 
2870 2870 2870 2870 2870 2870 2870 2870 2870 2870 2870 2870 
145 145 145 145 145 145 145 145 145 145 145 145 
2851 2851 2851 2851 2851 2851 2851 2851 2851 2851 2851 2851 
379 379 379 379 379 379 379 379 379 379 379 379 
2617 2617 2617 2617 2617 2617 2617 2617 2617 2617 2617 2617 
708 708 708 708 708 708 708 708 708 708 708 708 
2288 2288 2288 2288 2288 2288 2288 2288 2288 2288 2288 2288 
1125 1125 1125 1125 1125 1125 1125 1125 1125 1125 1125 1125 
1871 1871 1871 1871 1871 1871 1871 1871 1871 1871 1871 1871 
1188 1188 1188 1188 1188 1188 1188 1188 1188 1188 1188 1188 
1808 1808 1808 1808 1808 1808 1808 1808 1808 1808 1808 1808 
862 862 862 862 862 862 862 862 862 862 862 862 
2134 2134 2134 2134 2134 2134 2134 2134 2134 2134 2134 2134 
944 944 944 944 944 944 944 944 944 944 944 944 
2052 2052 2052 2052 2052 2052 2052 2052 2052 2052 2052 2052 
114 114 114 114 114 114 114 114 114 114 114 114 
2882 2882 2882 2882 2882 2882 2882 2882 2882 2882 2882 2882 
188 188 188 188 188 188 188 188 188 188 188 188 
2808 2808 2808 2808 2808 2808 2808 2808 2808 2808 2808 2808 
1455 1455 1455 1455 1455 1455 1455 1455 1455 1455 1455 1455 
1541 1541 1541 1541 1541 1541 1541 1541 1541 1541 1541 1541 
1059 1059 1059 1059 1059 1059 1059 1059 1059 1059 1059 1059 
1937 1937 1937 1937 1937 1937 1937 1937 1937 1937 1937 1937 
40 40 40 40 40 40 40 40 40 40 40 40 
2956 2956 2956 2956 2956 2956 2956 2956 2956 2956 2956 2956 
1381 1381 1381 1381 1381 1381 1381 1381 1381 1381 1381 1381 
1615 1615 1615 1615 1615 1615 1615 1615 1615 1615 1615 1615 
280 280 280 280 280 280 280 280 280 280 280 280 
2716 2716 2716 2716 2716 2716 2716 2716 2716 2716 2716 2716 
276 276 276 276 276 276 276 276 276 276 276 276 
2720 2720 2720 2720 2720 2720 2720 2720 2720 2720 2720 2720 
779 779 779 779 779 779 779 779 779 779 779 779 
2217 2217 2217 2217 2217 2217 2217 2217 2217 2217 2217 2217 
262 262 262 262 262 262 262 262 262 262 262 262 
2734 2734 2734 2734 2734 2734 2734 2734 2734 2734 2734 2734 
13 13 13 13 13 13 13 13 13 13 13 13 
2983 2983 2983 2983 2983 2983 2983 2983 2983 2983 2983 2983 
504 504 504 504 504 504 504 504 504 504 504 504 
2492 2492 2492 2492 2492 2492 2492 2492 2492 2492 2492 2492 
1217 1217 1217 1217 1217 1217 1217 1217 1217 1217 1217 1217 
1779 1779 1779 1779 1779 1779 1779 1779 1779 1779 1779 1779 
587 587 587 587 587 587 587 587 587 587 587 587 
2409 2409 2409 2409 2409 2409 2409 2409 2409 2409 2409 2409 
121 121 121 121 121 121 121 121 121 121 121 121 
2875 2875 2875 2875 2875 2875 2875 2875 2875 2875 2875 2875 
212 212 212 212 212 212 212 212 212 212 212 212 
2784 2784 2784 2784 2784 2784 2784 2784 2784 2784 2784 2784 
4 4 4 4 4 4 4 4 4 4 4 4 
2992 2992 2992 2992 2992 2992 2992 2992 2992 2992 2992 2992 
12 12 12 12 12 12 12 12 12 12 12 12 
2984 2984 2984 2984 2984 2984 2984 2984 2984 2984 2984 2984 
536 536 536 536 536 536 536 536 536 536 536 536 
2460 2460 2460 2460 2460 2460 2460 2460 2460 2460 2460 2460 
910 910 910 910 910 910 910 910 910 910 910 910 
2086 2086 2086 2086 2086 2086 2086 2086 2086 2086 2086 2086 
748 748 748 748 748 748 748 748 748 748 748 748 
2248 2248 2248 2248 2248 2248 2248 2248 2248 2248 2248 2248 
1060 1060 1060 1060 1060 1060 1060 1060 1060 1060 1060 1060 
1936 1936 1936 1936 1936 1936 1936 1936 1936 1936 1936 1936 
283 283 283 283 283 283 283 283 283 283 283 283 
2713 2713 2713 2713 2713 2713 2713 2713 2713 2713 2713 2713 
230 230 230 230 230 230 230 230 230 230 230 230 
2766 2766 2766 2766 2766 2766 2766 2766 2766 2766 2766 2766 
25 25 25 25 25 25 25 25 25 25 25 25 
2971 2971 2971 2971 2971 2971 2971 2971 2971 2971 2971 2971 
1194 1194 1194 1194 1194 1194 1194 1194 1194 1194 1194 1194 
1802 1802 1802 1802 1802 1802 1802 1802 1802 1802 1802 1802 
778 778 778 778 778 778 778 778 778 778 778 778 
2218 2218 2218 2218 2218 2218 2218 2218 2218 2218 2218 2218 
174 174 174 174 174 174 174 174 174 174 174 174 
2822 2822 2822 2822 2822 2822 2822 2822 2822 2822 2822 2822 
1005 1005 1005 1005 1005 1005 1005 1005 1005 1005 1005 1005 
1991 1991 1991 1991 1991 1991 1991 1991 1991 1991 1991 1991 
436 436 436 436 436 436 436 436 436 436 436 436 
2560 2560 2560 2560 2560 2560 2560 2560 2560 2560 2560 2560 
1040 1040 1040 1040 1040 1040 1040 1040 1040 1040 1040 1040 
1956 1956 1956 1956 1956 1956 1956 1956 1956 1956 1956 1956 
182 182 182 182 182 182 182 182 182 182 182 182 
2814 2814 2814 2814 2814 2814 2814 2814 2814 2814 2814 2814 
964 964 964 964 964 964 964 964 964 964 964 964 
2032 2032 2032 2032 2032 2032 2032 2032 2032 2032 2032 2032 
1096 1096 1096 1096 1096 1096 1096 1096 1096 1096 1096 1096 
1900 1900 1900 1900 1900 1900 1900 1900 1900 1900 1900 1900 
1087 1087 1087 1087 1087 1087 1087 1087 1087 1087 1087 1087 
1909 1909 1909 1909 1909 1909 1909 1909 1909 1909 1909 1909 
983 983 983 983 983 983 983 983 983 983 983 983 
2013 2013 2013 2013 2013 2013 2013 2013 2013 2013 2013 2013 
62 62 62 62 62 62 62 62 62 62 62 62 
2934 2934 2934 2934 2934 2934 2934 2934 2934 2934 2934 2934 
680 680 680 680 680 680 680 680 680 680 680 680 
2316 2316 2316 2316 2316 2316 2316 2316 2316 2316 2316 2316 
612 612 612 612 612 612 612 612 612 612 612 612 
2384 2384 2384 2384 2384 2384 2384 2384 2384 2384 2384 2384 
428 428 428 428 428 428 428 428 428 428 428 428 
2568 2568 2568 2568 2568 2568 2568 2568 2568 2568 2568 2568 
276 276 276 276 276 276 276 276 276 276 276 276 
2720 2720 2720 2720 2720 2720 2720 2720 2720 2720 2720 2720 
189 189 189 189 189 189 189 189 189 189 189 189 
2807 2807 2807 2807 2807 2807 2807 2807 2807 2807 2807 2807 
135 135 135 135 135 135 135 135 135 135 135 135 
2861 2861 2861 2861 2861 2861 2861 2861 2861 2861 2861 2861 
682 682 682 682 682 682 682 682 682 682 682 682 
2314 2314 2314 2314 2314 2314 2314 2314 2314 2314 2314 2314 
271 271 271 271 271 271 271 271 271 271 271 271 
2725 2725 2725 2725 2725 2725 2725 2725 2725 2725 2725 2725 
457 457 457 457 457 457 457 457 457 457 457 457 
2539 2539 2539 2539 2539 2539 2539 2539 2539 2539 2539 2539 
8 8 8 8 8 8 8 8 8 8 8 8 
2988 2988 2988 2988 2988 2988 2988 2988 2988 2988 2988 2988 
911 911 911 911 911 911 911 911 911 911 911 911 
2085 2085 2085 2085 2085 2085 2085 2085 2085 2085 2085 2085 
351 351 351 351 351 351 351 351 351 351 351 351 
2645 2645 2645 2645 2645 2645 2645 2645 2645 2645 2645 2645 
617 617 617 617 617 617 617 617 617 617 617 617 
2379 2379 2379 2379 2379 2379 2379 2379 2379 2379 2379 2379 
926 926 926 926 926 926 926 926 926 926 926 926 
2070 2070 2070 2070 2070 2070 2070 2070 2070 2070 2070 2070 
1039 1039 1039 1039 1039 1039 1039 1039 1039 1039 1039 1039 
1957 1957 1957 1957 1957 1957 1957 1957 1957 1957 1957 1957 
954 954 954 954 954 954 954 954 954 954 954 954 
2042 2042 2042 2042 2042 2042 2042 2042 2042 2042 2042 2042 
445 445 445 445 445 445 445 445 445 445 445 445 
2551 2551 2551 2551 2551 2551 2551 2551 2551 2551 2551 2551 
1266 1266 1266 1266 1266 1266 1266 1266 1266 1266 1266 1266 
1730 1730 1730 1730 1730 1730 1730 1730 1730 1730 1730 1730 
1282 1282 1282 1282 1282 1282 1282 1282 1282 1282 1282 1282 
1714 1714 1714 1714 1714 1714 1714 1714 1714 1714 1714 1714 
76 76 76 76 76 76 76 76 76 76 76 76 
2920 2920 2920 2920 2920 2920 2920 2920 2920 2920 2920 2920 
1444 1444 1444 1444 1444 1444 1444 1444 1444 1444 1444 1444 
1552 1552 1552 1552 1552 1552 1552 1552 1552 1552 1552 1552 
1497 1497 1497 1497 1497 1497 1497 1497 1497 1497 1497 1497 
1499 1499 1499 1499 1499 1499 1499 1499 1499 1499 1499 1499 
6 6 6 6 6 6 6 6 6 6 6 6 
2990 2990 2990 2990 2990 2990 2990 2990 2990 2990 2990 2990 
1353 1353 1353 1353 1353 1353 1353 1353 1353 1353 1353 1353 
1643 1643 1643 1643 1643 1643 1643 1643 1643 1643 1643 1643 
55 55 55 55 55 55 55 55 55 55 55 55 
2941 2941 2941 2941 2941 2941 2941 2941 2941 2941 2941 2941 
1330 1330 1330 1330 1330 1330 1330 1330 1330 1330 1330 1330 
1666 1666 1666 1666 1666 1666 1666 1666 1666 1666 1666 1666 
45 45 45 45 45 45 45 45 45 45 45 45 
2951 2951 2951 2951 2951 2951 2951 2951 2951 2951 2951 2951 
772 772 772 772 772 772 772 772 772 772 772 772 
2224 2224 2224 2224 2224 2224 2224 2224 2224 2224 2224 2224 
361 361 361 361 361 361 361 361 361 361 361 361 
2635 2635 2635 2635 2635 2635 2635 2635 2635 2635 2635 2635 
485 485 485 485 485 485 485 485 485 485 485 485 
2511 2511 2511 2511 2511 2511 2511 2511 2511 2511 2511 2511 
806 806 806 806 806 806 806 806 806 806 806 806 
2190 2190 2190 2190 2190 2190 2190 2190 2190 2190 2190 2190 
477 477 477 477 477 477 477 477 477 477 477 477 
2519 2519 2519 2519 2519 2519 2519 2519 2519 2519 2519 2519 
62 62 62 62 62 62 62 62 62 62 62 62 
2934 2934 2934 2934 2934 2934 2934 2934 2934 2934 2934 2934 
714 714 714 714 714 714 714 714 714 714 714 714 
2282 2282 2282 2282 2282 2282 2282 2282 2282 2282 2282 2282 
1374 1374 1374 1374 1374 1374 1374 1374 1374 1374 1374 1374 
1622 1622 1622 1622 1622 1622 1622 1622 1622 1622 1622 1622 
6 6 6 6 6 6 6 6 6 6 6 6 
2990 2990 2990 2990 2990 2990 2990 2990 2990 2990 2990 2990 
719 719 719 719 719 719 719 719 719 719 719 719 
2277 2277 2277 2277 2277 2277 2277 2277 2277 2277 2277 2277 
193 193 193 193 193 193 193 193 193 193 193 193 
2803 2803 2803 2803 2803 2803 2803 2803 2803 2803 2803 2803 
830 830 830 830 830 830 830 830 830 830 830 830 
2166 2166 2166 2166 2166 2166 2166 2166 2166 2166 2166 2166 
918 918 918 918 918 918 918 918 918 918 918 918 
2078 2078 2078 2078 2078 2078 2078 2078 2078 2078 2078 2078 
45 45 45 45 45 45 45 45 45 45 45 45 
2951 2951 2951 2951 2951 2951 2951 2951 2951 2951 2951 2951 
1438 1438 1438 1438 1438 1438 1438 1438 1438 1438 1438 1438 
1558 1558 1558 1558 1558 1558 1558 1558 1558 1558 1558 1558 
967 967 967 967 967 967 967 967 967 967 967 967 
2029 2029 2029 2029 2029 2029 2029 2029 2029 2029 2029 2029 
184 184 184 184 184 184 184 184 184 184 184 184 
2812 2812 2812 2812 2812 2812 2812 2812 2812 2812 2812 2812 
40 40 40 40 40 40 40 40 40 40 40 40 
2956 2956 2956 2956 2956 2956 2956 2956 2956 2956 2956 2956 
121 121 121 121 121 121 121 121 121 121 121 121 
2875 2875 2875 2875 2875 2875 2875 2875 2875 2875 2875 2875 
1128 1128 1128 1128 1128 1128 1128 1128 1128 1128 1128 1128 
1868 1868 1868 1868 1868 1868 1868 1868 1868 1868 1868 1868 
874 874 874 874 874 874 874 874 874 874 874 874 
2122 2122 2122 2122 2122 2122 2122 2122 2122 2122 2122 2122 
214 214 214 214 214 214 214 214 214 214 214 214 
2782 2782 2782 2782 2782 2782 2782 2782 2782 2782 2782 2782 
680 680 680 680 680 680 680 680 680 680 680 680 
2316 2316 2316 2316 2316 2316 2316 2316 2316 2316 2316 2316 
267 267 267 267 267 267 267 267 267 267 267 267 
2729 2729 2729 2729 2729 2729 2729 2729 2729 2729 2729 2729 
891 891 891 891 891 891 891 891 891 891 891 891 
2105 2105 2105 2105 2105 2105 2105 2105 2105 2105 2105 2105 
197 197 197 197 197 197 197 197 197 197 197 197 
2799 2799 2799 2799 2799 2799 2799 2799 2799 2799 2799 2799 
101 101 101 101 101 101 101 101 101 101 101 101 
2895 2895 2895 2895 2895 2895 2895 2895 2895 2895 2895 2895 
1071 1071 1071 1071 1071 1071 1071 1071 1071 1071 1071 1071 
1925 1925 1925 1925 1925 1925 1925 1925 1925 1925 1925 1925 
503 503 503 503 503 503 503 503 503 503 503 503 
2493 2493 2493 2493 2493 2493 2493 2493 2493 2493 2493 2493 
642 642 642 642 642 642 642 642 642 642 642 642 
2354 2354 2354 2354 2354 2354 2354 2354 2354 2354 2354 2354 
84 84 84 84 84 84 84 84 84 84 84 84 
2912 2912 2912 2912 2912 2912 2912 2912 2912 2912 2912 2912 
379 379 379 379 379 379 379 379 379 379 379 379 
2617 2617 2617 2617 2617 2617 2617 2617 2617 2617 2617 2617 
455 455 455 455 455 455 455 455 455 455 455 455 
2541 2541 2541 2541 2541 2541 2541 2541 2541 2541 2541 2541 
447 447 447 447 447 447 447 447 447 447 447 447 
2549 2549 2549 2549 2549 2549 2549 2549 2549 2549 2549 2549 
963 963 963 963 963 963 963 963 963 963 963 963 
2033 2033 2033 2033 2033 2033 2033 2033 2033 2033 2033 2033 
1246 1246 1246 1246 1246 1246 1246 1246 1246 1246 1246 1246 
1750 1750 1750 1750 1750 1750 1750 1750 1750 1750 1750 1750 
412 412 412 412 412 412 412 412 412 412 412 412 
2584 2584 2584 2584 2584 2584 2584 2584 2584 2584 2584 2584 
445 445 445 445 445 445 445 445 445 445 445 445 
2551 2551 2551 2551 2551 2551 2551 2551 2551 2551 2551 2551 
1426 1426 1426 1426 1426 1426 1426 1426 1426 1426 1426 1426 
1570 1570 1570 1570 1570 1570 1570 1570 1570 1570 1570 1570 
1126 1126 1126 1126 1126 1126 1126 1126 1126 1126 1126 1126 
1870 1870 1870 1870 1870 1870 1870 1870 1870 1870 1870 1870 
8 8 8 8 8 8 8 8 8 8 8 8 
2988 2988 2988 2988 2988 2988 2988 2988 2988 2988 2988 2988 
757 757 757 757 757 757 757 757 757 757 757 757 
2239 2239 2239 2239 2239 2239 2239 2239 2239 2239 2239 2239 
347 347 347 347 347 347 347 347 347 347 347 347 
2649 2649 2649 2649 2649 2649 2649 2649 2649 2649 2649 2649 
1136 1136 1136 1136 1136 1136 1136 1136 1136 1136 1136 1136 
1860 1860 1860 1860 1860 1860 1860 1860 1860 1860 1860 1860 
196 196 196 196 196 196 196 196 196 196 196 196 
2800 2800 2800 2800 2800 2800 2800 2800 2800 2800 2800 2800 
58 58 58 58 58 58 58 58 58 58 58 58 
2938 2938 2938 2938 2938 2938 2938 2938 2938 2938 2938 2938 
931 931 931 931 931 931 931 931 931 931 931 931 
2065 2065 2065 2065 2065 2065 2065 2065 2065 2065 2065 2065 
982 982 982 982 982 982 982 982 982 982 982 982 
2014 2014 2014 2014 2014 2014 2014 2014 2014 2014 2014 2014 
1304 1304 1304 1304 1304 1304 1304 1304 1304 1304 1304 1304 
1692 1692 1692 1692 1692 1692 1692 1692 1692 1692 1692 1692 
1073 1073 1073 1073 1073 1073 1073 1073 1073 1073 1073 1073 
1923 1923 1923 1923 1923 1923 1923 1923 1923 1923 1923 1923 
543 543 543 543 543 543 543 543 543 543 543 543 
2453 2453 2453 2453 2453 2453 2453 2453 2453 2453 2453 2453 
1333 1333 1333 1333 1333 1333 1333 1333 1333 1333 1333 1333 
1663 1663 1663 1663 1663 1663 1663 1663 1663 1663 1663 1663 
152 152 152 152 152 152 152 152 152 152 152 152 
2844 2844 2844 2844 2844 2844 2844 2844 2844 2844 2844 2844 
871 871 871 871 871 871 871 871 871 871 871 871 
2125 2125 2125 2125 2125 2125 2125 2125 2125 2125 2125 2125 
969 969 969 969 969 969 969 969 969 969 969 969 
2027 2027 2027 2027 2027 2027 2027 2027 2027 2027 2027 2027 
229 229 229 229 229 229 229 229 229 229 229 229 
2767 2767 2767 2767 2767 2767 2767 2767 2767 2767 2767 2767 
262 262 262 262 262 262 262 262 262 262 262 262 
2734 2734 2734 2734 2734 2734 2734 2734 2734 2734 2734 2734 
356 356 356 356 356 356 356 356 356 356 356 356 
2640 2640 2640 2640 2640 2640 2640 2640 2640 2640 2640 2640 
485 485 485 485 485 485 485 485 485 485 485 485 
2511 2511 2511 2511 2511 2511 2511 2511 2511 2511 2511 2511 
478 478 478 478 478 478 478 478 478 478 478 478 
2518 2518 2518 2518 2518 2518 2518 2518 2518 2518 2518 2518 
1068 1068 1068 1068 1068 1068 1068 1068 1068 1068 1068 1068 
1928 1928 1928 1928 1928 1928 1928 1928 1928 1928 1928 1928 
1460 1460 1460 1460 1460 1460 1460 1460 1460 1460 1460 1460 
1536 1536 1536 1536 1536 1536 1536 1536 1536 1536 1536 1536 
87 87 87 87 87 87 87 87 87 87 87 87 
2909 2909 2909 2909 2909 2909 2909 2909 2909 2909 2909 2909 
134 134 134 134 134 134 134 134 134 134 134 134 
2862 2862 2862 2862 2862 2862 2862 2862 2862 2862 2862 2862 
1277 1277 1277 1277 1277 1277 1277 1277 1277 1277 1277 1277 
1719 1719 1719 1719 1719 1719 1719 1719 1719 1719 1719 1719 
1011 1011 1011 1011 1011 1011 1011 1011 1011 1011 1011 1011 
1985 1985 1985 1985 1985 1985 1985 1985 1985 1985 1985 1985 
202 202 202 202 202 202 202 202 202 202 202 202 
2794 2794 2794 2794 2794 2794 2794 2794 2794 2794 2794 2794 
393 393 393 393 393 393 393 393 393 393 393 393 
2603 2603 2603 2603 2603 2603 2603 2603 2603 2603 2603 2603 
100 100 100 100 100 100 100 100 100 100 100 100 
2896 2896 2896 2896 2896 2896 2896 2896 2896 2896 2896 2896 
670 670 670 670 670 670 670 670 670 670 670 670 
2326 2326 2326 2326 2326 2326 2326 2326 2326 2326 2326 2326 
530 530 530 530 530 530 530 530 530 530 530 530 
2466 2466 2466 2466 2466 2466 2466 2466 2466 2466 2466 2466 
1239 1239 1239 1239 1239 1239 1239 1239 1239 1239 1239 1239 
1757 1757 1757 1757 1757 1757 1757 1757 1757 1757 1757 1757 
62 62 62 62 62 62 62 62 62 62 62 62 
2934 2934 2934 2934 2934 2934 2934 2934 2934 2934 2934 2934 
1211 1211 1211 1211 1211 1211 1211 1211 1211 1211 1211 1211 
1785 1785 1785 1785 1785 1785 1785 1785 1785 1785 1785 1785 
204 204 204 204 204 204 204 204 204 204 204 204 
2792 2792 2792 2792 2792 2792 2792 2792 2792 2792 2792 2792 
596 596 596 596 596 596 596 596 596 596 596 596 
2400 2400 2400 2400 2400 2400 2400 2400 2400 2400 2400 2400 
968 968 968 968 968 968 968 968 968 968 968 968 
2028 2028 2028 2028 2028 2028 2028 2028 2028 2028 2028 2028 
933 933 933 933 933 933 933 933 933 933 933 933 
2063 2063 2063 2063 2063 2063 2063 2063 2063 2063 2063 2063 
239 239 239 239 239 239 239 239 239 239 239 239 
2757 2757 2757 2757 2757 2757 2757 2757 2757 2757 2757 2757 
36 36 36 36 36 36 36 36 36 36 36 36 
2960 2960 2960 2960 2960 2960 2960 2960 2960 2960 2960 2960 
1012 1012 1012 1012 1012 1012 1012 1012 1012 1012 1012 1012 
1984 1984 1984 1984 1984 1984 1984 1984 1984 1984 1984 1984 
544 544 544 544 544 544 544 544 544 544 544 544 
2452 2452 2452 2452 2452 2452 2452 2452 2452 2452 2452 2452 
354 354 354 354 354 354 354 354 354 354 354 354 
2642 2642 2642 2642 2642 2642 2642 2642 2642 2642 2642 2642 
275 275 275 275 275 275 275 275 275 275 275 275 
2721 2721 2721 2721 2721 2721 2721 2721 2721 2721 2721 2721 
199 199 199 199 199 199 199 199 199 199 199 199 
2797 2797 2797 2797 2797 2797 2797 2797 2797 2797 2797 2797 
572 572 572 572 572 572 572 572 572 572 572 572 
2424 2424 2424 2424 2424 2424 2424 2424 2424 2424 2424 2424 
462 462 462 462 462 462 462 462 462 462 462 462 
2534 2534 2534 2534 2534 2534 2534 2534 2534 2534 2534 2534 
944 944 944 944 944 944 944 944 944 944 944 944 
2052 2052 2052 2052 2052 2052 2052 2052 2052 2052 2052 2052 
1195 1195 1195 1195 1195 1195 1195 1195 1195 1195 1195 1195 
1801 1801 1801 1801 1801 1801 1801 1801 1801 1801 1801 1801 
31 31 31 31 31 31 31 31 31 31 31 31 
2965 2965 2965 2965 2965 2965 2965 2965 2965 2965 2965 2965 
327 327 327 327 327 327 327 327 327 327 327 327 
2669 2669 2669 2669 2669 2669 2669 2669 2669 2669 2669 2669 
155 155 155 155 155 155 155 155 155 155 155 155 
2841 2841 2841 2841 2841 2841 2841 2841 2841 2841 2841 2841 
548 548 548 548 548 548 548 548 548 548 548 548 
2448 2448 2448 2448 2448 2448 2448 2448 2448 2448 2448 2448 
981 981 981 981 981 981 981 981 981 981 981 981 
2015 2015 2015 2015 2015 2015 2015 2015 2015 2015 2015 2015 
90 90 90 90 90 90 90 90 90 90 90 90 
2906 2906 2906 2906 2906 2906 2906 2906 2906 2906 2906 2906 
554 554 554 554 554 554 554 554 554 554 554 554 
2442 2442 2442 2442 2442 2442 2442 2442 2442 2442 2442 2442 
791 791 791 791 791 791 791 791 791 791 791 791 
2205 2205 2205 2205 2205 2205 2205 2205 2205 2205 2205 2205 
1453 1453 1453 1453 1453 1453 1453 1453 1453 1453 1453 1453 
1543 1543 1543 1543 1543 1543 1543 1543 1543 1543 1543 1543 
210 210 210 210 210 210 210 210 210 210 210 210 
2786 2786 2786 2786 2786 2786 2786 2786 2786 2786 2786 2786 
205 205 205 205 205 205 205 205 205 205 205 205 
2791 2791 2791 2791 2791 2791 2791 2791 2791 2791 2791 2791 
449 449 449 449 449 449 449 449 449 449 449 449 
2547 2547 2547 2547 2547 2547 2547 2547 2547 2547 2547 2547 
1090 1090 1090 1090 1090 1090 1090 1090 1090 1090 1090 1090 
1906 1906 1906 1906 1906 1906 1906 1906 1906 1906 1906 1906 
504 504 504 504 504 504 504 504 504 504 504 504 
2492 2492 2492 2492 2492 2492 2492 2492 2492 2492 2492 2492 
316 316 316 316 316 316 316 316 316 316 316 316 
2680 2680 2680 2680 2680 2680 2680 2680 2680 2680 2680 2680 
286 286 286 286 286 286 286 286 286 286 286 286 
2710 2710 2710 2710 2710 2710 2710 2710 2710 2710 2710 2710 
1281 1281 1281 1281 1281 1281 1281 1281 1281 1281 1281 1281 
1715 1715 1715 1715 1715 1715 1715 1715 1715 1715 1715 1715 
989 989 989 989 989 989 989 989 989 989 989 989 
2007 2007 2007 2007 2007 2007 2007 2007 2007 2007 2007 2007 
1426 1426 1426 1426 1426 1426 1426 1426 1426 1426 1426 1426 
1570 1570 1570 1570 1570 1570 1570 1570 1570 1570 1570 1570 
94 94 94 94 94 94 94 94 94 94 94 94 
2902 2902 2902 2902 2902 2902 2902 2902 2902 2902 2902 2902 
537 537 537 537 537 537 537 537 537 537 537 537 
2459 2459 2459 2459 2459 2459 2459 2459 2459 2459 2459 2459 
280 280 280 280 280 280 280 280 280 280 280 280 
2716 2716 2716 2716 2716 2716 2716 2716 2716 2716 2716 2716 
473 473 473 473 473 473 473 473 473 473 473 473 
2523 2523 2523 2523 2523 2523 2523 2523 2523 2523 2523 2523 
991 991 991 991 991 991 991 991 991 991 991 991 
2005 2005 2005 2005 2005 2005 2005 2005 2005 2005 2005 2005 
1404 1404 1404 1404 1404 1404 1404 1404 1404 1404 1404 1404 
1592 1592 1592 1592 1592 1592 1592 1592 1592 1592 1592 1592 
24 24 24 24 24 24 24 24 24 24 24 24 
2972 2972 2972 2972 2972 2972 2972 2972 2972 2972 2972 2972 
1255 1255 1255 1255 1255 1255 1255 1255 1255 1255 1255 1255 
1741 1741 1741 1741 1741 1741 1741 1741 1741 1741 1741 1741 
710 710 710 710 710 710 710 710 710 710 710 710 
2286 2286 2286 2286 2286 2286 2286 2286 2286 2286 2286 2286 
388 388 388 388 388 388 388 388 388 388 388 388 
2608 2608 2608 2608 2608 2608 2608 2608 2608 2608 2608 2608 
303 303 303 303 303 303 303 303 303 303 303 303 
2693 2693 2693 2693 2693 2693 2693 2693 2693 2693 2693 2693 
356 356 356 356 356 356 356 356 356 356 356 356 
2640 2640 2640 2640 2640 2640 2640 2640 2640 2640 2640 2640 
126 126 126 126 126 126 126 126 126 126 126 126 
2870 2870 2870 2870 2870 2870 2870 2870 2870 2870 2870 2870 
930 930 930 930 930 930 930 930 930 930 930 930 
2066 2066 2066 2066 2066 2066 2066 2066 2066 2066 2066 2066 
699 699 699 699 699 699 699 699 699 699 699 699 
2297 2297 2297 2297 2297 2297 2297 2297 2297 2297 2297 2297 
378 378 378 378 378 378 378 378 378 378 378 378 
2618 2618 2618 2618 2618 2618 2618 2618 2618 2618 2618 2618 
340 340 340 340 340 340 340 340 340 340 340 340 
2656 2656 2656 2656 2656 2656 2656 2656 2656 2656 2656 2656 
1151 1151 1151 1151 1151 1151 1151 1151 1151 1151 1151 1151 
1845 1845 1845 1845 1845 1845 1845 1845 1845 1845 1845 1845 
422 422 422 422 422 422 422 422 422 422 422 422 
2574 2574 2574 2574 2574 2574 2574 2574 2574 2574 2574 2574 
1135 1135 1135 1135 1135 1135 1135 1135 1135 1135 1135 1135 
1861 1861 1861 1861 1861 1861 1861 1861 1861 1861 1861 1861 
1477 1477 1477 1477 1477 1477 1477 1477 1477 1477 1477 1477 
1519 1519 1519 1519 1519 1519 1519 1519 1519 1519 1519 1519 
529 529 529 529 529 529 529 529 529 529 529 529 
2467 2467 2467 2467 2467 2467 2467 2467 2467 2467 2467 2467 
57 57 57 57 57 57 57 57 57 57 57 57 
2939 2939 2939 2939 2939 2939 2939 2939 2939 2939 2939 2939 
933 933 933 933 933 933 933 933 933 933 933 933 
2063 2063 2063 2063 2063 2063 2063 2063 2063 2063 2063 2063 
648 648 648 648 648 648 648 648 648 648 648 648 
2348 2348 2348 2348 2348 2348 2348 2348 2348 2348 2348 2348 
95 95 95 95 95 95 95 95 95 95 95 95 
2901 2901 2901 2901 2901 2901 2901 2901 2901 2901 2901 2901 
672 672 672 672 672 672 672 672 672 672 672 672 
2324 2324 2324 2324 2324 2324 2324 2324 2324 2324 2324 2324 
642 642 642 642 642 642 642 642 642 642 642 642 
2354 2354 2354 2354 2354 2354 2354 2354 2354 2354 2354 2354 
968 968 968 968 968 968 968 968 968 968 968 968 
2028 2028 2028 2028 2028 2028 2028 2028 2028 2028 2028 2028 
5 5 5 5 5 5 5 5 5 5 5 5 
2991 2991 2991 2991 2991 2991 2991 2991 2991 2991 2991 2991 
22 22 22 22 22 22 22 22 22 22 22 22 
2974 2974 2974 2974 2974 2974 2974 2974 2974 2974 2974 2974 
1149 1149 1149 1149 1149 1149 1149 1149 1149 1149 1149 1149 
1847 1847 1847 1847 1847 1847 1847 1847 1847 1847 1847 1847 
582 582 582 582 582 582 582 582 582 582 582 582 
2414 2414 2414 2414 2414 2414 2414 2414 2414 2414 2414 2414 
352 352 352 352 352 352 352 352 352 352 352 352 
2644 2644 2644 2644 2644 2644 2644 2644 2644 2644 2644 2644 
375 375 375 375 375 375 375 375 375 375 375 375 
2621 2621 2621 2621 2621 2621 2621 2621 2621 2621 2621 2621 
1344 1344 1344 1344 1344 1344 1344 1344 1344 1344 1344 1344 
1652 1652 1652 1652 1652 1652 1652 1652 1652 1652 1652 1652 
637 637 637 637 637 637 637 637 637 637 637 637 
2359 2359 2359 2359 2359 2359 2359 2359 2359 2359 2359 2359 
525 525 525 525 525 525 525 525 525 525 525 525 
2471 2471 2471 2471 2471 2471 2471 2471 2471 2471 2471 2471 
190 190 190 190 190 190 190 190 190 190 190 190 
2806 2806 2806 2806 2806 2806 2806 2806 2806 2806 2806 2806 
676 676 676 676 676 676 676 676 676 676 676 676 
2320 2320 2320 2320 2320 2320 2320 2320 2320 2320 2320 2320 
650 650 650 650 650 650 650 650 650 650 650 650 
2346 2346 2346 2346 2346 2346 2346 2346 2346 2346 2346 2346 
164 164 164 164 164 164 164 164 164 164 164 164 
2832 2832 2832 2832 2832 2832 2832 2832 2832 2832 2832 2832 
703 703 703 703 703 703 703 703 703 703 703 703 
2293 2293 2293 2293 2293 2293 2293 2293 2293 2293 2293 2293 
875 875 875 875 875 875 875 875 875 875 875 875 
2121 2121 2121 2121 2121 2121 2121 2121 2121 2121 2121 2121 
54 54 54 54 54 54 54 54 54 54 54 54 
2942 2942 2942 2942 2942 2942 2942 2942 2942 2942 2942 2942 
1307 1307 1307 1307 1307 1307 1307 1307 1307 1307 1307 1307 
1689 1689 1689 1689 1689 1689 1689 1689 1689 1689 1689 1689 
1148 1148 1148 1148 1148 1148 1148 1148 1148 1148 1148 1148 
1848 1848 1848 1848 1848 1848 1848 1848 1848 1848 1848 1848 
237 237 237 237 237 237 237 237 237 237 237 237 
2759 2759 2759 2759 2759 2759 2759 2759 2759 2759 2759 2759 
352 352 352 352 352 352 352 352 352 352 352 352 
2644 2644 2644 2644 2644 2644 2644 2644 2644 2644 2644 2644 
355 355 355 355 355 355 355 355 355 355 355 355 
2641 2641 2641 2641 2641 2641 2641 2641 2641 2641 2641 2641 
519 519 519 519 519 519 519 519 519 519 519 519 
2477 2477 2477 2477 2477 2477 2477 2477 2477 2477 2477 2477 
1447 1447 1447 1447 1447 1447 1447 1447 1447 1447 1447 1447 
1549 1549 1549 1549 1549 1549 1549 1549 1549 1549 1549 1549 
196 196 196 196 196 196 196 196 196 196 196 196 
2800 2800 2800 2800 2800 2800 2800 2800 2800 2800 2800 2800 
313 313 313 313 313 313 313 313 313 313 313 313 
2683 2683 2683 2683 2683 2683 2683 2683 2683 2683 2683 2683 
339 339 339 339 339 339 339 339 339 339 339 339 
2657 2657 2657 2657 2657 2657 2657 2657 2657 2657 2657 2657 
1022 1022 1022 1022 1022 1022 1022 1022 1022 1022 1022 1022 
1974 1974 1974 1974 1974 1974 1974 1974 1974 1974 1974 1974 
920 920 920 920 920 920 920 920 920 920 920 920 
2076 2076 2076 2076 2076 2076 2076 2076 2076 2076 2076 2076 
1123 1123 1123 1123 1123 1123 1123 1123 1123 1123 1123 1123 
1873 1873 1873 1873 1873 1873 1873 1873 1873 1873 1873 1873 
339 339 339 339 339 339 339 339 339 339 339 339 
2657 2657 2657 2657 2657 2657 2657 2657 2657 2657 2657 2657 
1255 1255 1255 1255 1255 1255 1255 1255 1255 1255 1255 1255 
1741 1741 1741 1741 1741 1741 1741 1741 1741 1741 1741 1741 
299 299 299 299 299 299 299 299 299 299 299 299 
2697 2697 2697 2697 2697 2697 2697 2697 2697 2697 2697 2697 
750 750 750 750 750 750 750 750 750 750 750 750 
2246 2246 2246 2246 2246 2246 2246 2246 2246 2246 2246 2246 
282 282 282 282 282 282 282 282 282 282 282 282 
2714 2714 2714 2714 2714 2714 2714 2714 2714 2714 2714 2714 
850 850 850 850 850 850 850 850 850 850 850 850 
2146 2146 2146 2146 2146 2146 2146 2146 2146 2146 2146 2146 
451 451 451 451 451 451 451 451 451 451 451 451 
2545 2545 2545 2545 2545 2545 2545 2545 2545 2545 2545 2545 
96 96 96 96 96 96 96 96 96 96 96 96 
2900 2900 2900 2900 2900 2900 2900 2900 2900 2900 2900 2900 
911 911 911 911 911 911 911 911 911 911 911 911 
2085 2085 2085 2085 2085 2085 2085 2085 2085 2085 2085 2085 
325 325 325 325 325 325 325 325 325 325 325 325 
2671 2671 2671 2671 2671 2671 2671 2671 2671 2671 2671 2671 
662 662 662 662 662 662 662 662 662 662 662 662 
2334 2334 2334 2334 2334 2334 2334 2334 2334 2334 2334 2334 
716 716 716 716 716 716 716 716 716 716 716 716 
2280 2280 2280 2280 2280 2280 2280 2280 2280 2280 2280 2280 
255 255 255 255 255 255 255 255 255 255 255 255 
2741 2741 2741 2741 2741 2741 2741 2741 2741 2741 2741 2741 
70 70 70 70 70 70 70 70 70 70 70 70 
2926 2926 2926 2926 2926 2926 2926 2926 2926 2926 2926 2926 
1180 1180 1180 1180 1180 1180 1180 1180 1180 1180 1180 1180 
1816 1816 1816 1816 1816 1816 1816 1816 1816 1816 1816 1816 
1124 1124 1124 1124 1124 1124 1124 1124 1124 1124 1124 1124 
1872 1872 1872 1872 1872 1872 1872 1872 1872 1872 1872 1872 
1079 1079 1079 1079 1079 1079 1079 1079 1079 1079 1079 1079 
1917 1917 1917 1917 1917 1917 1917 1917 1917 1917 1917 1917 
908 908 908 908 908 908 908 908 908 908 908 908 
2088 2088 2088 2088 2088 2088 2088 2088 2088 2088 2088 2088 
571 571 571 571 571 571 571 571 571 571 571 571 
2425 2425 2425 2425 2425 2425 2425 2425 2425 2425 2425 2425 
1174 1174 1174 1174 1174 1174 1174 1174 1174 1174 1174 1174 
1822 1822 1822 1822 1822 1822 1822 1822 1822 1822 1822 1822 
1434 1434 1434 1434 1434 1434 1434 1434 1434 1434 1434 1434 
1562 1562 1562 1562 1562 1562 1562 1562 1562 1562 1562 1562 
140 140 140 140 140 140 140 140 140 140 140 140 
2856 2856 2856 2856 2856 2856 2856 2856 2856 2856 2856 2856 
726 726 726 726 726 726 726 726 726 726 726 726 
2270 2270 2270 2270 2270 2270 2270 2270 2270 2270 2270 2270 
25 25 25 25 25 25 25 25 25 25 25 25 
2971 2971 2971 2971 2971 2971 2971 2971 2971 2971 2971 2971 
754 754 754 754 754 754 754 754 754 754 754 754 
2242 2242 2242 2242 2242 2242 2242 2242 2242 2242 2242 2242 
401 401 401 401 401 401 401 401 401 401 401 401 
2595 2595 2595 2595 2595 2595 2595 2595 2595 2595 2595 2595 
901 901 901 901 901 901 901 901 901 901 901 901 
2095 2095 2095 2095 2095 2095 2095 2095 2095 2095 2095 2095 
314 314 314 314 314 314 314 314 314 314 314 314 
2682 2682 2682 2682 2682 2682 2682 2682 2682 2682 2682 2682 
397 397 397 397 397 397 397 397 397 397 397 397 
2599 2599 2599 2599 2599 2599 2599 2599 2599 2599 2599 2599 
1220 1220 1220 1220 1220 1220 1220 1220 1220 1220 1220 1220 
1776 1776 1776 1776 1776 1776 1776 1776 1776 1776 1776 1776 
50 50 50 50 50 50 50 50 50 50 50 50 
2946 2946 2946 2946 2946 2946 2946 2946 2946 2946 2946 2946 
363 363 363 363 363 363 363 363 363 363 363 363 
2633 2633 2633 2633 2633 2633 2633 2633 2633 2633 2633 2633 
45 45 45 45 45 45 45 45 45 45 45 45 
2951 2951 2951 2951 2951 2951 2951 2951 2951 2951 2951 2951 
192 192 192 192 192 192 192 192 192 192 192 192 
2804 2804 2804 2804 2804 2804 2804 2804 2804 2804 2804 2804 
330 330 330 330 330 330 330 330 330 330 330 330 
2666 2666 2666 2666 2666 2666 2666 2666 2666 2666 2666 2666 
467 467 467 467 467 467 467 467 467 467 467 467 
2529 2529 2529 2529 2529 2529 2529 2529 2529 2529 2529 2529 
37 37 37 37 37 37 37 37 37 37 37 37 
2959 2959 2959 2959 2959 2959 2959 2959 2959 2959 2959 2959 
1192 1192 1192 1192 1192 1192 1192 1192 1192 1192 1192 1192 
1804 1804 1804 1804 1804 1804 1804 1804 1804 1804 1804 1804 
1309 1309 1309 1309 1309 1309 1309 1309 1309 1309 1309 1309 
1687 1687 1687 1687 1687 1687 1687 1687 1687 1687 1687 1687 
1441 1441 1441 1441 1441 1441 1441 1441 1441 1441 1441 1441 
1555 1555 1555 1555 1555 1555 1555 1555 1555 1555 1555 1555 
1093 1093 1093 1093 1093 1093 1093 1093 1093 1093 1093 1093 
1903 1903 1903 1903 1903 1903 1903 1903 1903 1903 1903 1903 
112 112 112 112 112 112 112 112 112 112 112 112 
2884 2884 2884 2884 2884 2884 2884 2884 2884 2884 2884 2884 
765 765 765 765 765 765 765 765 765 765 765 765 
2231 2231 2231 2231 2231 2231 2231 2231 2231 2231 2231 2231 
334 334 334 334 334 334 334 334 334 334 334 334 
2662 2662 2662 2662 2662 2662 2662 2662 2662 2662 2662 2662 
429 429 429 429 429 429 429 429 429 429 429 429 
2567 2567 2567 2567 2567 2567 2567 2567 2567 2567 2567 2567 
259 259 259 259 259 259 259 259 259 259 259 259 
2737 2737 2737 2737 2737 2737 2737 2737 2737 2737 2737 2737 
522 522 522 522 522 522 522 522 522 522 522 522 
2474 2474 2474 2474 2474 2474 2474 2474 2474 2474 2474 2474 
378 378 378 378 378 378 378 378 378 378 378 378 
2618 2618 2618 2618 2618 2618 2618 2618 2618 2618 2618 2618 
526 526 526 526 526 526 526 526 526 526 526 526 
2470 2470 2470 2470 2470 2470 2470 2470 2470 2470 2470 2470 
329 329 329 329 329 329 329 329 329 329 329 329 
2667 2667 2667 2667 2667 2667 2667 2667 2667 2667 2667 2667 
624 624 624 624 624 624 624 624 624 624 624 624 
2372 2372 2372 2372 2372 2372 2372 2372 2372 2372 2372 2372 
1166 1166 1166 1166 1166 1166 1166 1166 1166 1166 1166 1166 
1830 1830 1830 1830 1830 1830 1830 1830 1830 1830 1830 1830 
430 430 430 430 430 430 430 430 430 430 430 430 
2566 2566 2566 2566 2566 2566 2566 2566 2566 2566 2566 2566 
1260 1260 1260 1260 1260 1260 1260 1260 1260 1260 1260 1260 
1736 1736 1736 1736 1736 1736 1736 1736 1736 1736 1736 1736 
223 223 223 223 223 223 223 223 223 223 223 223 
2773 2773 2773 2773 2773 2773 2773 2773 2773 2773 2773 2773 
189 189 189 189 189 189 189 189 189 189 189 189 
2807 2807 2807 2807 2807 2807 2807 2807 2807 2807 2807 2807 
122 122 122 122 122 122 122 122 122 122 122 122 
2874 2874 2874 2874 2874 2874 2874 2874 2874 2874 2874 2874 
861 861 861 861 861 861 861 861 861 861 861 861 
2135 2135 2135 2135 2135 2135 2135 2135 2135 2135 2135 2135 
843 843 843 843 843 843 843 843 843 843 843 843 
2153 2153 2153 2153 2153 2153 2153 2153 2153 2153 2153 2153 
1110 1110 1110 1110 1110 1110 1110 1110 1110 1110 1110 1110 
1886 1886 1886 1886 1886 1886 1886 1886 1886 1886 1886 1886 
274 274 274 274 274 274 274 274 274 274 274 274 
2722 2722 2722 2722 2722 2722 2722 2722 2722 2722 2722 2722 
1169 1169 1169 1169 1169 1169 1169 1169 1169 1169 1169 1169 
1827 1827 1827 1827 1827 1827 1827 1827 1827 1827 1827 1827 
349 349 349 349 349 349 349 349 349 349 349 349 
2647 2647 2647 2647 2647 2647 2647 2647 2647 2647 2647 2647 
228 228 228 228 228 228 228 228 228 228 228 228 
2768 2768 2768 2768 2768 2768 2768 2768 2768 2768 2768 2768 
1111 1111 1111 1111 1111 1111 1111 1111 1111 1111 1111 1111 
1885 1885 1885 1885 1885 1885 1885 1885 1885 1885 1885 1885 
24 24 24 24 24 24 24 24 24 24 24 24 
2972 2972 2972 2972 2972 2972 2972 2972 2972 2972 2972 2972 
602 602 602 602 602 602 602 602 602 602 602 602 
2394 2394 2394 2394 2394 2394 2394 2394 2394 2394 2394 2394 
602 602 602 602 602 602 602 602 602 602 602 602 
2394 2394 2394 2394 2394 2394 2394 2394 2394 2394 2394 2394 
278 278 278 278 278 278 278 278 278 278 278 278 
2718 2718 2718 2718 2718 2718 2718 2718 2718 2718 2718 2718 
100 100 100 100 100 100 100 100 100 100 100 100 
2896 2896 2896 2896 2896 2896 2896 2896 2896 2896 2896 2896 
314 314 314 314 314 314 314 314 314 314 314 314 
2682 2682 2682 2682 2682 2682 2682 2682 2682 2682 2682 2682 
57 57 57 57 57 57 57 57 57 57 57 57 
2939 2939 2939 2939 2939 2939 2939 2939 2939 2939 2939 2939 
62 62 62 62 62 62 62 62 62 62 62 62 
2934 2934 2934 2934 2934 2934 2934 2934 2934 2934 2934 2934 
78 78 78 78 78 78 78 78 78 78 78 78 
2918 2918 2918 2918 2918 2918 2918 2918 2918 2918 2918 2918 
472 472 472 472 472 472 472 472 472 472 472 472 
2524 2524 2524 2524 2524 2524 2524 2524 2524 2524 2524 2524 
1021 1021 1021 1021 1021 1021 1021 1021 1021 1021 1021 1021 
1975 1975 1975 1975 1975 1975 1975 1975 1975 1975 1975 1975 
514 514 514 514 514 514 514 514 514 514 514 514 
2482 2482 2482 2482 2482 2482 2482 2482 2482 2482 2482 2482 
825 825 825 825 825 825 825 825 825 825 825 825 
2171 2171 2171 2171 2171 2171 2171 2171 2171 2171 2171 2171 
179 179 179 179 179 179 179 179 179 179 179 179 
2817 2817 2817 2817 2817 2817 2817 2817 2817 2817 2817 2817 
580 580 580 580 580 580 580 580 580 580 580 580 
2416 2416 2416 2416 2416 2416 2416 2416 2416 2416 2416 2416 
56 56 56 56 56 56 56 56 56 56 56 56 
2940 2940 2940 2940 2940 2940 2940 2940 2940 2940 2940 2940 
939 939 939 939 939 939 939 939 939 939 939 939 
2057 2057 2057 2057 2057 2057 2057 2057 2057 2057 2057 2057 
86 86 86 86 86 86 86 86 86 86 86 86 
2910 2910 2910 2910 2910 2910 2910 2910 2910 2910 2910 2910 
902 902 902 902 902 902 902 902 902 902 902 902 
2094 2094 2094 2094 2094 2094 2094 2094 2094 2094 2094 2094 
285 285 285 285 285 285 285 285 285 285 285 285 
2711 2711 2711 2711 2711 2711 2711 2711 2711 2711 2711 2711 
49 49 49 49 49 49 49 49 49 49 49 49 
2947 2947 2947 2947 2947 2947 2947 2947 2947 2947 2947 2947 
510 510 510 510 510 510 510 510 510 510 510 510 
2486 2486 2486 2486 2486 2486 2486 2486 2486 2486 2486 2486 
1324 1324 1324 1324 1324 1324 1324 1324 1324 1324 1324 1324 
1672 1672 1672 1672 1672 1672 1672 1672 1672 1672 1672 1672 
228 228 228 228 228 228 228 228 228 228 228 228 
2768 2768 2768 2768 2768 2768 2768 2768 2768 2768 2768 2768 
1095 1095 1095 1095 1095 1095 1095 1095 1095 1095 1095 1095 
1901 1901 1901 1901 1901 1901 1901 1901 1901 1901 1901 1901 
245 245 245 245 245 245 245 245 245 245 245 245 
2751 2751 2751 2751 2751 2751 2751 2751 2751 2751 2751 2751 
1031 1031 1031 1031 1031 1031 1031 1031 1031 1031 1031 1031 
1965 1965 1965 1965 1965 1965 1965 1965 1965 1965 1965 1965 
376 376 376 376 376 376 376 376 376 376 376 376 
2620 2620 2620 2620 2620 2620 2620 2620 2620 2620 2620 2620 
394 394 394 394 394 394 394 394 394 394 394 394 
2602 2602 2602 2602 2602 2602 2602 2602 2602 2602 2602 2602 
52 52 52 52 52 52 52 52 52 52 52 52 
2944 2944 2944 2944 2944 2944 2944 2944 2944 2944 2944 2944 
7 7 7 7 7 7 7 7 7 7 7 7 
2989 2989 2989 2989 2989 2989 2989 2989 2989 2989 2989 2989 
54 54 54 54 54 54 54 54 54 54 54 54 
2942 2942 2942 2942 2942 2942 2942 2942 2942 2942 2942 2942 
18 18 18 18 18 18 18 18 18 18 18 18 
2978 2978 2978 2978 2978 2978 2978 2978 2978 2978 2978 2978 
1011 1011 1011 1011 1011 1011 1011 1011 1011 1011 1011 1011 
1985 1985 1985 1985 1985 1985 1985 1985 1985 1985 1985 1985 
4 4 4 4 4 4 4 4 4 4 4 4 
2992 2992 2992 2992 2992 2992 2992 2992 2992 2992 2992 2992 
522 522 522 522 522 522 522 522 522 522 522 522 
2474 2474 2474 2474 2474 2474 2474 2474 2474 2474 2474 2474 
828 828 828 828 828 828 828 828 828 828 828 828 
2168 2168 2168 2168 2168 2168 2168 2168 2168 2168 2168 2168 
412 412 412 412 412 412 412 412 412 412 412 412 
2584 2584 2584 2584 2584 2584 2584 2584 2584 2584 2584 2584 
1237 1237 1237 1237 1237 1237 1237 1237 1237 1237 1237 1237 
1759 1759 1759 1759 1759 1759 1759 1759 1759 1759 1759 1759 
1485 1485 1485 1485 1485 1485 1485 1485 1485 1485 1485 1485 
1511 1511 1511 1511 1511 1511 1511 1511 1511 1511 1511 1511 
1063 1063 1063 1063 1063 1063 1063 1063 1063 1063 1063 1063 
1933 1933 1933 1933 1933 1933 1933 1933 1933 1933 1933 1933 
1154 1154 1154 1154 1154 1154 1154 1154 1154 1154 1154 1154 
1842 1842 1842 1842 1842 1842 1842 1842 1842 1842 1842 1842 
1256 1256 1256 1256 1256 1256 1256 1256 1256 1256 1256 1256 
1740 1740 1740 1740 1740 1740 1740 1740 1740 1740 1740 1740 
132 132 132 132 132 132 132 132 132 132 132 132 
2864 2864 2864 2864 2864 2864 2864 2864 2864 2864 2864 2864 
1024 1024 1024 1024 1024 1024 1024 1024 1024 1024 1024 1024 
1972 1972 1972 1972 1972 1972 1972 1972 1972 1972 1972 1972 
579 579 579 579 579 579 579 579 579 579 579 579 
2417 2417 2417 2417 2417 2417 2417 2417 2417 2417 2417 2417 
225 225 225 225 225 225 225 225 225 225 225 225 
2771 2771 2771 2771 2771 2771 2771 2771 2771 2771 2771 2771 
218 218 218 218 218 218 218 218 218 218 218 218 
2778 2778 2778 2778 2778 2778 2778 2778 2778 2778 2778 2778 
1445 1445 1445 1445 1445 1445 1445 1445 1445 1445 1445 1445 
1551 1551 1551 1551 1551 1551 1551 1551 1551 1551 1551 1551 
1071 1071 1071 1071 1071 1071 1071 1071 1071 1071 1071 1071 
1925 1925 1925 1925 1925 1925 1925 1925 1925 1925 1925 1925 
1153 1153 1153 1153 1153 1153 1153 1153 1153 1153 1153 1153 
1843 1843 1843 1843 1843 1843 1843 1843 1843 1843 1843 1843 
1396 1396 1396 1396 1396 1396 1396 1396 1396 1396 1396 1396 
1600 1600 1600 1600 1600 1600 1600 1600 1600 1600 1600 1600 
1386 1386 1386 1386 1386 1386 1386 1386 1386 1386 1386 1386 
1610 1610 1610 1610 1610 1610 1610 1610 1610 1610 1610 1610 
1177 1177 1177 1177 1177 1177 1177 1177 1177 1177 1177 1177 
1819 1819 1819 1819 1819 1819 1819 1819 1819 1819 1819 1819 
530 530 530 530 530 530 530 530 530 530 530 530 
2466 2466 2466 2466 2466 2466 2466 2466 2466 2466 2466 2466 
853 853 853 853 853 853 853 853 853 853 853 853 
2143 2143 2143 2143 2143 2143 2143 2143 2143 2143 2143 2143 
716 716 716 716 716 716 716 716 716 716 716 716 
2280 2280 2280 2280 2280 2280 2280 2280 2280 2280 2280 2280 
363 363 363 363 363 363 363 363 363 363 363 363 
2633 2633 2633 2633 2633 2633 2633 2633 2633 2633 2633 2633 
297 297 297 297 297 297 297 297 297 297 297 297 
2699 2699 2699 2699 2699 2699 2699 2699 2699 2699 2699 2699 
1398 1398 1398 1398 1398 1398 1398 1398 1398 1398 1398 1398 
1598 1598 1598 1598 1598 1598 1598 1598 1598 1598 1598 1598 
36 36 36 36 36 36 36 36 36 36 36 36 
2960 2960 2960 2960 2960 2960 2960 2960 2960 2960 2960 2960 
1330 1330 1330 1330 1330 1330 1330 1330 1330 1330 1330 1330 
1666 1666 1666 1666 1666 1666 1666 1666 1666 1666 1666 1666 
958 958 958 958 958 958 958 958 958 958 958 958 
2038 2038 2038 2038 2038 2038 2038 2038 2038 2038 2038 2038 
158 158 158 158 158 158 158 158 158 158 158 158 
2838 2838 2838 2838 2838 2838 2838 2838 2838 2838 2838 2838 
789 789 789 789 789 789 789 789 789 789 789 789 
2207 2207 2207 2207 2207 2207 2207 2207 2207 2207 2207 2207 
636 636 636 636 636 636 636 636 636 636 636 636 
2360 2360 2360 2360 2360 2360 2360 2360 2360 2360 2360 2360 
777 777 777 777 777 777 777 777 777 777 777 777 
2219 2219 2219 2219 2219 2219 2219 2219 2219 2219 2219 2219 
255 255 255 255 255 255 255 255 255 255 255 255 
2741 2741 2741 2741 2741 2741 2741 2741 2741 2741 2741 2741 
900 900 900 900 900 900 900 900 900 900 900 900 
2096 2096 2096 2096 2096 2096 2096 2096 2096 2096 2096 2096 
1113 1113 1113 1113 1113 1113 1113 1113 1113 1113 1113 1113 
1883 1883 1883 1883 1883 1883 1883 1883 1883 1883 1883 1883 
577 577 577 577 577 577 577 577 577 577 577 577 
2419 2419 2419 2419 2419 2419 2419 2419 2419 2419 2419 2419 
921 921 921 921 921 921 921 921 921 921 921 921 
2075 2075 2075 2075 2075 2075 2075 2075 2075 2075 2075 2075 
1450 1450 1450 1450 1450 1450 1450 1450 1450 1450 1450 1450 
1546 1546 1546 1546 1546 1546 1546 1546 1546 1546 1546 1546 
143 143 143 143 143 143 143 143 143 143 143 143 
2853 2853 2853 2853 2853 2853 2853 2853 2853 2853 2853 2853 
507 507 507 507 507 507 507 507 507 507 507 507 
2489 2489 2489 2489 2489 2489 2489 2489 2489 2489 2489 2489 
156 156 156 156 156 156 156 156 156 156 156 156 
2840 2840 2840 2840 2840 2840 2840 2840 2840 2840 2840 2840 
609 609 609 609 609 609 609 609 609 609 609 609 
2387 2387 2387 2387 2387 2387 2387 2387 2387 2387 2387 2387 
71 71 71 71 71 71 71 71 71 71 71 71 
2925 2925 2925 2925 2925 2925 2925 2925 2925 2925 2925 2925 
1219 1219 1219 1219 1219 1219 1219 1219 1219 1219 1219 1219 
1777 1777 1777 1777 1777 1777 1777 1777 1777 1777 1777 1777 
245 245 245 245 245 245 245 245 245 245 245 245 
2751 2751 2751 2751 2751 2751 2751 2751 2751 2751 2751 2751 
960 960 960 960 960 960 960 960 960 960 960 960 
2036 2036 2036 2036 2036 2036 2036 2036 2036 2036 2036 2036 
357 357 357 357 357 357 357 357 357 357 357 357 
2639 2639 2639 2639 2639 2639 2639 2639 2639 2639 2639 2639 
692 692 692 692 692 692 692 692 692 692 692 692 
2304 2304 2304 2304 2304 2304 2304 2304 2304 2304 2304 2304 
1086 1086 1086 1086 1086 1086 1086 1086 1086 1086 1086 1086 
1910 1910 1910 1910 1910 1910 1910 1910 1910 1910 1910 1910 
1308 1308 1308 1308 1308 1308 1308 1308 1308 1308 1308 1308 
1688 1688 1688 1688 1688 1688 1688 1688 1688 1688 1688 1688 
761 761 761 761 761 761 761 761 761 761 761 761 
2235 2235 2235 2235 2235 2235 2235 2235 2235 2235 2235 2235 
529 529 529 529 529 529 529 529 529 529 529 529 
2467 2467 2467 2467 2467 2467 2467 2467 2467 2467 2467 2467 
150 150 150 150 150 150 150 150 150 150 150 150 
2846 2846 2846 2846 2846 2846 2846 2846 2846 2846 2846 2846 
315 315 315 315 315 315 315 315 315 315 315 315 
2681 2681 2681 2681 2681 2681 2681 2681 2681 2681 2681 2681 
565 565 565 565 565 565 565 565 565 565 565 565 
2431 2431 2431 2431 2431 2431 2431 2431 2431 2431 2431 2431 
298 298 298 298 298 298 298 298 298 298 298 298 
2698 2698 2698 2698 2698 2698 2698 2698 2698 2698 2698 2698 
327 327 327 327 327 327 327 327 327 327 327 327 
2669 2669 2669 2669 2669 2669 2669 2669 2669 2669 2669 2669 
506 506 506 506 506 506 506 506 506 506 506 506 
2490 2490 2490 2490 2490 2490 2490 2490 2490 2490 2490 2490 
1102 1102 1102 1102 1102 1102 1102 1102 1102 1102 1102 1102 
1894 1894 1894 1894 1894 1894 1894 1894 1894 1894 1894 1894 
681 681 681 681 681 681 681 681 681 681 681 681 
2315 2315 2315 2315 2315 2315 2315 2315 2315 2315 2315 2315 
1011 1011 1011 1011 1011 1011 1011 1011 1011 1011 1011 1011 
1985 1985 1985 1985 1985 1985 1985 1985 1985 1985 1985 1985 
1159 1159 1159 1159 1159 1159 1159 1159 1159 1159 1159 1159 
1837 1837 1837 1837 1837 1837 1837 1837 1837 1837 1837 1837 
299 299 299 299 299 299 299 299 299 299 299 299 
2697 2697 2697 2697 2697 2697 2697 2697 2697 2697 2697 2697 
266 266 266 266 266 266 266 266 266 266 266 266 
2730 2730 2730 2730 2730 2730 2730 2730 2730 2730 2730 2730 
109 109 109 109 109 109 109 109 109 109 109 109 
2887 2887 2887 2887 2887 2887 2887 2887 2887 2887 2887 2887 
558 558 558 558 558 558 558 558 558 558 558 558 
2438 2438 2438 2438 2438 2438 2438 2438 2438 2438 2438 2438 
1181 1181 1181 1181 1181 1181 1181 1181 1181 1181 1181 1181 
1815 1815 1815 1815 1815 1815 1815 1815 1815 1815 1815 1815 
734 734 734 734 734 734 734 734 734 734 734 734 
2262 2262 2262 2262 2262 2262 2262 2262 2262 2262 2262 2262 
291 291 291 291 291 291 291 291 291 291 291 291 
2705 2705 2705 2705 2705 2705 2705 2705 2705 2705 2705 2705 
5 5 5 5 5 5 5 5 5 5 5 5 
2991 2991 2991 2991 2991 2991 2991 2991 2991 2991 2991 2991 
129 129 129 129 129 129 129 129 129 129 129 129 
2867 2867 2867 2867 2867 2867 2867 2867 2867 2867 2867 2867 
747 747 747 747 747 747 747 747 747 747 747 747 
2249 2249 2249 2249 2249 2249 2249 2249 2249 2249 2249 2249 
789 789 789 789 789 789 789 789 789 789 789 789 
2207 2207 2207 2207 2207 2207 2207 2207 2207 2207 2207 2207 
587 587 587 587 587 587 587 587 587 587 587 587 
2409 2409 2409 2409 2409 2409 2409 2409 2409 2409 2409 2409 
463 463 463 463 463 463 463 463 463 463 463 463 
2533 2533 2533 2533 2533 2533 2533 2533 2533 2533 2533 2533 
1087 1087 1087 1087 1087 1087 1087 1087 1087 1087 1087 1087 
1909 1909 1909 1909 1909 1909 1909 1909 1909 1909 1909 1909 
344 344 344 344 344 344 344 344 344 344 344 344 
2652 2652 2652 2652 2652 2652 2652 2652 2652 2652 2652 2652 
170 170 170 170 170 170 170 170 170 170 170 170 
2826 2826 2826 2826 2826 2826 2826 2826 2826 2826 2826 2826 
1278 1278 1278 1278 1278 1278 1278 1278 1278 1278 1278 1278 
1718 1718 1718 1718 1718 1718 1718 1718 1718 1718 1718 1718 
61 61 61 61 61 61 61 61 61 61 61 61 
2935 2935 2935 2935 2935 2935 2935 2935 2935 2935 2935 2935 
1232 1232 1232 1232 1232 1232 1232 1232 1232 1232 1232 1232 
1764 1764 1764 1764 1764 1764 1764 1764 1764 1764 1764 1764 
142 142 142 142 142 142 142 142 142 142 142 142 
2854 2854 2854 2854 2854 2854 2854 2854 2854 2854 2854 2854 
353 353 353 353 353 353 353 353 353 353 353 353 
2643 2643 2643 2643 2643 2643 2643 2643 2643 2643 2643 2643 
1251 1251 1251 1251 1251 1251 1251 1251 1251 1251 1251 1251 
1745 1745 1745 1745 1745 1745 1745 1745 1745 1745 1745 1745 
132 132 132 132 132 132 132 132 132 132 132 132 
2864 2864 2864 2864 2864 2864 2864 2864 2864 2864 2864 2864 
316 316 316 316 316 316 316 316 316 316 316 316 
2680 2680 2680 2680 2680 2680 2680 2680 2680 2680 2680 2680 
303 303 303 303 303 303 303 303 303 303 303 303 
2693 2693 2693 2693 2693 2693 2693 2693 2693 2693 2693 2693 
399 399 399 399 399 399 399 399 399 399 399 399 
2597 2597 2597 2597 2597 2597 2597 2597 2597 2597 2597 2597 
793 793 793 793 793 793 793 793 793 793 793 793 
2203 2203 2203 2203 2203 2203 2203 2203 2203 2203 2203 2203 
254 254 254 254 254 254 254 254 254 254 254 254 
2742 2742 2742 2742 2742 2742 2742 2742 2742 2742 2742 2742 
248 248 248 248 248 248 248 248 248 248 248 248 
2748 2748 2748 2748 2748 2748 2748 2748 2748 2748 2748 2748 
1143 1143 1143 1143 1143 1143 1143 1143 1143 1143 1143 1143 
1853 1853 1853 1853 1853 1853 1853 1853 1853 1853 1853 1853 
1389 1389 1389 1389 1389 1389 1389 1389 1389 1389 1389 1389 
1607 1607 1607 1607 1607 1607 1607 1607 1607 1607 1607 1607 
124 124 124 124 124 124 124 124 124 124 124 124 
2872 2872 2872 2872 2872 2872 2872 2872 2872 2872 2872 2872 
1246 1246 1246 1246 1246 1246 1246 1246 1246 1246 1246 1246 
1750 1750 1750 1750 1750 1750 1750 1750 1750 1750 1750 1750 
288 288 288 288 288 288 288 288 288 288 288 288 
2708 2708 2708 2708 2708 2708 2708 2708 2708 2708 2708 2708 
1071 1071 1071 1071 1071 1071 1071 1071 1071 1071 1071 1071 
1925 1925 1925 1925 1925 1925 1925 1925 1925 1925 1925 1925 
991 991 991 991 991 991 991 991 991 991 991 991 
2005 2005 2005 2005 2005 2005 2005 2005 2005 2005 2005 2005 
286 286 286 286 286 286 286 286 286 286 286 286 
2710 2710 2710 2710 2710 2710 2710 2710 2710 2710 2710 2710 
1185 1185 1185 1185 1185 1185 1185 1185 1185 1185 1185 1185 
1811 1811 1811 1811 1811 1811 1811 1811 1811 1811 1811 1811 
66 66 66 66 66 66 66 66 66 66 66 66 
2930 2930 2930 2930 2930 2930 2930 2930 2930 2930 2930 2930 
34 34 34 34 34 34 34 34 34 34 34 34 
2962 2962 2962 2962 2962 2962 2962 2962 2962 2962 2962 2962 
2 2 2 2 2 2 2 2 2 2 2 2 
2994 2994 2994 2994 2994 2994 2994 2994 2994 2994 2994 2994 
154 154 154 154 154 154 154 154 154 154 154 154 
2842 2842 2842 2842 2842 2842 2842 2842 2842 2842 2842 2842 
190 190 190 190 190 190 190 190 190 190 190 190 
2806 2806 2806 2806 2806 2806 2806 2806 2806 2806 2806 2806 
81 81 81 81 81 81 81 81 81 81 81 81 
2915 2915 2915 2915 2915 2915 2915 2915 2915 2915 2915 2915 
146 146 146 146 146 146 146 146 146 146 146 146 
2850 2850 2850 2850 2850 2850 2850 2850 2850 2850 2850 2850 
316 316 316 316 316 316 316 316 316 316 316 316 
2680 2680 2680 2680 2680 2680 2680 2680 2680 2680 2680 2680 
759 759 759 759 759 759 759 759 759 759 759 759 
2237 2237 2237 2237 2237 2237 2237 2237 2237 2237 2237 2237 
72 72 72 72 72 72 72 72 72 72 72 72 
2924 2924 2924 2924 2924 2924 2924 2924 2924 2924 2924 2924 
122 122 122 122 122 122 122 122 122 122 122 122 
2874 2874 2874 2874 2874 2874 2874 2874 2874 2874 2874 2874 
243 243 243 243 243 243 243 243 243 243 243 243 
2753 2753 2753 2753 2753 2753 2753 2753 2753 2753 2753 2753 
1482 1482 1482 1482 1482 1482 1482 1482 1482 1482 1482 1482 
1514 1514 1514 1514 1514 1514 1514 1514 1514 1514 1514 1514 
824 824 824 824 824 824 824 824 824 824 824 824 
2172 2172 2172 2172 2172 2172 2172 2172 2172 2172 2172 2172 
61 61 61 61 61 61 61 61 61 61 61 61 
2935 2935 2935 2935 2935 2935 2935 2935 2935 2935 2935 2935 
153 153 153 153 153 153 153 153 153 153 153 153 
2843 2843 2843 2843 2843 2843 2843 2843 2843 2843 2843 2843 
492 492 492 492 492 492 492 492 492 492 492 492 
2504 2504 2504 2504 2504 2504 2504 2504 2504 2504 2504 2504 
1402 1402 1402 1402 1402 1402 1402 1402 1402 1402 1402 1402 
1594 1594 1594 1594 1594 1594 1594 1594 1594 1594 1594 1594 
93 93 93 93 93 93 93 93 93 93 93 93 
2903 2903 2903 2903 2903 2903 2903 2903 2903 2903 2903 2903 
57 57 57 57 57 57 57 57 57 57 57 57 
2939 2939 2939 2939 2939 2939 2939 2939 2939 2939 2939 2939 
1396 1396 1396 1396 1396 1396 1396 1396 1396 1396 1396 1396 
1600 1600 1600 1600 1600 1600 1600 1600 1600 1600 1600 1600 
1052 1052 1052 1052 1052 1052 1052 1052 1052 1052 1052 1052 
1944 1944 1944 1944 1944 1944 1944 1944 1944 1944 1944 1944 
1438 1438 1438 1438 1438 1438 1438 1438 1438 1438 1438 1438 
1558 1558 1558 1558 1558 1558 1558 1558 1558 1558 1558 1558 
8 8 8 8 8 8 8 8 8 8 8 8 
2988 2988 2988 2988 2988 2988 2988 2988 2988 2988 2988 2988 
55 55 55 55 55 55 55 55 55 55 55 55 
2941 2941 2941 2941 2941 2941 2941 2941 2941 2941 2941 2941 
686 686 686 686 686 686 686 686 686 686 686 686 
2310 2310 2310 2310 2310 2310 2310 2310 2310 2310 2310 2310 
1418 1418 1418 1418 1418 1418 1418 1418 1418 1418 1418 1418 
1578 1578 1578 1578 1578 1578 1578 1578 1578 1578 1578 1578 
366 366 366 366 366 366 366 366 366 366 366 366 
2630 2630 2630 2630 2630 2630 2630 2630 2630 2630 2630 2630 
77 77 77 77 77 77 77 77 77 77 77 77 
2919 2919 2919 2919 2919 2919 2919 2919 2919 2919 2919 2919 
1010 1010 1010 1010 1010 1010 1010 1010 1010 1010 1010 1010 
1986 1986 1986 1986 1986 1986 1986 1986 1986 1986 1986 1986 
143 143 143 143 143 143 143 143 143 143 143 143 
2853 2853 2853 2853 2853 2853 2853 2853 2853 2853 2853 2853 
54 54 54 54 54 54 54 54 54 54 54 54 
2942 2942 2942 2942 2942 2942 2942 2942 2942 2942 2942 2942 
37 37 37 37 37 37 37 37 37 37 37 37 
2959 2959 2959 2959 2959 2959 2959 2959 2959 2959 2959 2959 
213 213 213 213 213 213 213 213 213 213 213 213 
2783 2783 2783 2783 2783 2783 2783 2783 2783 2783 2783 2783 
909 909 909 909 909 909 909 909 909 909 909 909 
2087 2087 2087 2087 2087 2087 2087 2087 2087 2087 2087 2087 
5 5 5 5 5 5 5 5 5 5 5 5 
2991 2991 2991 2991 2991 2991 2991 2991 2991 2991 2991 2991 
143 143 143 143 143 143 143 143 143 143 143 143 
2853 2853 2853 2853 2853 2853 2853 2853 2853 2853 2853 2853 
1147 1147 1147 1147 1147 1147 1147 1147 1147 1147 1147 1147 
1849 1849 1849 1849 1849 1849 1849 1849 1849 1849 1849 1849 
620 620 620 620 620 620 620 620 620 620 620 620 
2376 2376 2376 2376 2376 2376 2376 2376 2376 2376 2376 2376 
975 975 975 975 975 975 975 975 975 975 975 975 
2021 2021 2021 2021 2021 2021 2021 2021 2021 2021 2021 2021 
573 573 573 573 573 573 573 573 573 573 573 573 
2423 2423 2423 2423 2423 2423 2423 2423 2423 2423 2423 2423 
740 740 740 740 740 740 740 740 740 740 740 740 
2256 2256 2256 2256 2256 2256 2256 2256 2256 2256 2256 2256 
593 593 593 593 593 593 593 593 593 593 593 593 
2403 2403 2403 2403 2403 2403 2403 2403 2403 2403 2403 2403 
1021 1021 1021 1021 1021 1021 1021 1021 1021 1021 1021 1021 
1975 1975 1975 1975 1975 1975 1975 1975 1975 1975 1975 1975 
355 355 355 355 355 355 355 355 355 355 355 355 
2641 2641 2641 2641 2641 2641 2641 2641 2641 2641 2641 2641 
1320 1320 1320 1320 1320 1320 1320 1320 1320 1320 1320 1320 
1676 1676 1676 1676 1676 1676 1676 1676 1676 1676 1676 1676 
17 17 17 17 17 17 17 17 17 17 17 17 
2979 2979 2979 2979 2979 2979 2979 2979 2979 2979 2979 2979 
225 225 225 225 225 225 225 225 225 225 225 225 
2771 2771 2771 2771 2771 2771 2771 2771 2771 2771 2771 2771 
405 405 405 405 405 405 405 405 405 405 405 405 
2591 2591 2591 2591 2591 2591 2591 2591 2591 2591 2591 2591 
1183 1183 1183 1183 1183 1183 1183 1183 1183 1183 1183 1183 
1813 1813 1813 1813 1813 1813 1813 1813 1813 1813 1813 1813 
628 628 628 628 628 628 628 628 628 628 628 628 
2368 2368 2368 2368 2368 2368 2368 2368 2368 2368 2368 2368 
26 26 26 26 26 26 26 26 26 26 26 26 
2970 2970 2970 2970 2970 2970 2970 2970 2970 2970 2970 2970 
1260 1260 1260 1260 1260 1260 1260 1260 1260 1260 1260 1260 
1736 1736 1736 1736 1736 1736 1736 1736 1736 1736 1736 1736 
1375 1375 1375 1375 1375 1375 1375 1375 1375 1375 1375 1375 
1621 1621 1621 1621 1621 1621 1621 1621 1621 1621 1621 1621 
110 110 110 110 110 110 110 110 110 110 110 110 
2886 2886 2886 2886 2886 2886 2886 2886 2886 2886 2886 2886 
1293 1293 1293 1293 1293 1293 1293 1293 1293 1293 1293 1293 
1703 1703 1703 1703 1703 1703 1703 1703 1703 1703 1703 1703 
1394 1394 1394 1394 1394 1394 1394 1394 1394 1394 1394 1394 
1602 1602 1602 1602 1602 1602 1602 1602 1602 1602 1602 1602 
315 315 315 315 315 315 315 315 315 315 315 315 
2681 2681 2681 2681 2681 2681 2681 2681 2681 2681 2681 2681 
1314 1314 1314 1314 1314 1314 1314 1314 1314 1314 1314 1314 
1682 1682 1682 1682 1682 1682 1682 1682 1682 1682 1682 1682 
337 337 337 337 337 337 337 337 337 337 337 337 
2659 2659 2659 2659 2659 2659 2659 2659 2659 2659 2659 2659 
469 469 469 469 469 469 469 469 469 469 469 469 
2527 2527 2527 2527 2527 2527 2527 2527 2527 2527 2527 2527 
1098 1098 1098 1098 1098 1098 1098 1098 1098 1098 1098 1098 
1898 1898 1898 1898 1898 1898 1898 1898 1898 1898 1898 1898 
987 987 987 987 987 987 987 987 987 987 987 987 
2009 2009 2009 2009 2009 2009 2009 2009 2009 2009 2009 2009 
551 551 551 551 551 551 551 551 551 551 551 551 
2445 2445 2445 2445 2445 2445 2445 2445 2445 2445 2445 2445 
750 750 750 750 750 750 750 750 750 750 750 750 
2246 2246 2246 2246 2246 2246 2246 2246 2246 2246 2246 2246 
584 584 584 584 584 584 584 584 584 584 584 584 
2412 2412 2412 2412 2412 2412 2412 2412 2412 2412 2412 2412 
290 290 290 290 290 290 290 290 290 290 290 290 
2706 2706 2706 2706 2706 2706 2706 2706 2706 2706 2706 2706 
1353 1353 1353 1353 1353 1353 1353 1353 1353 1353 1353 1353 
1643 1643 1643 1643 1643 1643 1643 1643 1643 1643 1643 1643 
749 749 749 749 749 749 749 749 749 749 749 749 
2247 2247 2247 2247 2247 2247 2247 2247 2247 2247 2247 2247 
625 625 625 625 625 625 625 625 625 625 625 625 
2371 2371 2371 2371 2371 2371 2371 2371 2371 2371 2371 2371 
30 30 30 30 30 30 30 30 30 30 30 30 
2966 2966 2966 2966 2966 2966 2966 2966 2966 2966 2966 2966 
717 717 717 717 717 717 717 717 717 717 717 717 
2279 2279 2279 2279 2279 2279 2279 2279 2279 2279 2279 2279 
211 211 211 211 211 211 211 211 211 211 211 211 
2785 2785 2785 2785 2785 2785 2785 2785 2785 2785 2785 2785 
608 608 608 608 608 608 608 608 608 608 608 608 
2388 2388 2388 2388 2388 2388 2388 2388 2388 2388 2388 2388 
1389 1389 1389 1389 1389 1389 1389 1389 1389 1389 1389 1389 
1607 1607 1607 1607 1607 1607 1607 1607 1607 1607 1607 1607 
612 612 612 612 612 612 612 612 612 612 612 612 
2384 2384 2384 2384 2384 2384 2384 2384 2384 2384 2384 2384 
1369 1369 1369 1369 1369 1369 1369 1369 1369 1369 1369 1369 
1627 1627 1627 1627 1627 1627 1627 1627 1627 1627 1627 1627 
1053 1053 1053 1053 1053 1053 1053 1053 1053 1053 1053 1053 
1943 1943 1943 1943 1943 1943 1943 1943 1943 1943 1943 1943 
1104 1104 1104 1104 1104 1104 1104 1104 1104 1104 1104 1104 
1892 1892 1892 1892 1892 1892 1892 1892 1892 1892 1892 1892 
1333 1333 1333 1333 1333 1333 1333 1333 1333 1333 1333 1333 
1663 1663 1663 1663 1663 1663 1663 1663 1663 1663 1663 1663 
905 905 905 905 905 905 905 905 905 905 905 905 
2091 2091 2091 2091 2091 2091 2091 2091 2091 2091 2091 2091 
323 323 323 323 323 323 323 323 323 323 323 323 
2673 2673 2673 2673 2673 2673 2673 2673 2673 2673 2673 2673 
305 305 305 305 305 305 305 305 305 305 305 305 
2691 2691 2691 2691 2691 2691 2691 2691 2691 2691 2691 2691 
992 992 992 992 992 992 992 992 992 992 992 992 
2004 2004 2004 2004 2004 2004 2004 2004 2004 2004 2004 2004 
17 17 17 17 17 17 17 17 17 17 17 17 
2979 2979 2979 2979 2979 2979 2979 2979 2979 2979 2979 2979 
198 198 198 198 198 198 198 198 198 198 198 198 
2798 2798 2798 2798 2798 2798 2798 2798 2798 2798 2798 2798 
471 471 471 471 471 471 471 471 471 471 471 471 
2525 2525 2525 2525 2525 2525 2525 2525 2525 2525 2525 2525 
559 559 559 559 559 559 559 559 559 559 559 559 
2437 2437 2437 2437 2437 2437 2437 2437 2437 2437 2437 2437 
6 6 6 6 6 6 6 6 6 6 6 6 
2990 2990 2990 2990 2990 2990 2990 2990 2990 2990 2990 2990 
27 27 27 27 27 27 27 27 27 27 27 27 
2969 2969 2969 2969 2969 2969 2969 2969 2969 2969 2969 2969 
655 655 655 655 655 655 655 655 655 655 655 655 
2341 2341 2341 2341 2341 2341 2341 2341 2341 2341 2341 2341 
978 978 978 978 978 978 978 978 978 978 978 978 
2018 2018 2018 2018 2018 2018 2018 2018 2018 2018 2018 2018 
467 467 467 467 467 467 467 467 467 467 467 467 
2529 2529 2529 2529 2529 2529 2529 2529 2529 2529 2529 2529 
1421 1421 1421 1421 1421 1421 1421 1421 1421 1421 1421 1421 
1575 1575 1575 1575 1575 1575 1575 1575 1575 1575 1575 1575 
125 125 125 125 125 125 125 125 125 125 125 125 
2871 2871 2871 2871 2871 2871 2871 2871 2871 2871 2871 2871 
78 78 78 78 78 78 78 78 78 78 78 78 
2918 2918 2918 2918 2918 2918 2918 2918 2918 2918 2918 2918 
243 243 243 243 243 243 243 243 243 243 243 243 
2753 2753 2753 2753 2753 2753 2753 2753 2753 2753 2753 2753 
980 980 980 980 980 980 980 980 980 980 980 980 
2016 2016 2016 2016 2016 2016 2016 2016 2016 2016 2016 2016 
232 232 232 232 232 232 232 232 232 232 232 232 
2764 2764 2764 2764 2764 2764 2764 2764 2764 2764 2764 2764 
787 787 787 787 787 787 787 787 787 787 787 787 
2209 2209 2209 2209 2209 2209 2209 2209 2209 2209 2209 2209 
239 239 239 239 239 239 239 239 239 239 239 239 
2757 2757 2757 2757 2757 2757 2757 2757 2757 2757 2757 2757 
1178 1178 1178 1178 1178 1178 1178 1178 1178 1178 1178 1178 
1818 1818 1818 1818 1818 1818 1818 1818 1818 1818 1818 1818 
806 806 806 806 806 806 806 806 806 806 806 806 
2190 2190 2190 2190 2190 2190 2190 2190 2190 2190 2190 2190 
8 8 8 8 8 8 8 8 8 8 8 8 
2988 2988 2988 2988 2988 2988 2988 2988 2988 2988 2988 2988 
40 40 40 40 40 40 40 40 40 40 40 40 
2956 2956 2956 2956 2956 2956 2956 2956 2956 2956 2956 2956 
1216 1216 1216 1216 1216 1216 1216 1216 1216 1216 1216 1216 
1780 1780 1780 1780 1780 1780 1780 1780 1780 1780 1780 1780 
995 995 995 995 995 995 995 995 995 995 995 995 
2001 2001 2001 2001 2001 2001 2001 2001 2001 2001 2001 2001 
323 323 323 323 323 323 323 323 323 323 323 323 
2673 2673 2673 2673 2673 2673 2673 2673 2673 2673 2673 2673 
133 133 133 133 133 133 133 133 133 133 133 133 
2863 2863 2863 2863 2863 2863 2863 2863 2863 2863 2863 2863 
153 153 153 153 153 153 153 153 153 153 153 153 
2843 2843 2843 2843 2843 2843 2843 2843 2843 2843 2843 2843 
890 890 890 890 890 890 890 890 890 890 890 890 
2106 2106 2106 2106 2106 2106 2106 2106 2106 2106 2106 2106 
1133 1133 1133 1133 1133 1133 1133 1133 1133 1133 1133 1133 
1863 1863 1863 1863 1863 1863 1863 1863 1863 1863 1863 1863 
1162 1162 1162 1162 1162 1162 1162 1162 1162 1162 1162 1162 
1834 1834 1834 1834 1834 1834 1834 1834 1834 1834 1834 1834 
1289 1289 1289 1289 1289 1289 1289 1289 1289 1289 1289 1289 
1707 1707 1707 1707 1707 1707 1707 1707 1707 1707 1707 1707 
261 261 261 261 261 261 261 261 261 261 261 261 
2735 2735 2735 2735 2735 2735 2735 2735 2735 2735 2735 2735 
189 189 189 189 189 189 189 189 189 189 189 189 
2807 2807 2807 2807 2807 2807 2807 2807 2807 2807 2807 2807 
327 327 327 327 327 327 327 327 327 327 327 327 
2669 2669 2669 2669 2669 2669 2669 2669 2669 2669 2669 2669 
1234 1234 1234 1234 1234 1234 1234 1234 1234 1234 1234 1234 
1762 1762 1762 1762 1762 1762 1762 1762 1762 1762 1762 1762 
130 130 130 130 130 130 130 130 130 130 130 130 
2866 2866 2866 2866 2866 2866 2866 2866 2866 2866 2866 2866 
916 916 916 916 916 916 916 916 916 916 916 916 
2080 2080 2080 2080 2080 2080 2080 2080 2080 2080 2080 2080 
276 276 276 276 276 276 276 276 276 276 276 276 
2720 2720 2720 2720 2720 2720 2720 2720 2720 2720 2720 2720 
61 61 61 61 61 61 61 61 61 61 61 61 
2935 2935 2935 2935 2935 2935 2935 2935 2935 2935 2935 2935 
172 172 172 172 172 172 172 172 172 172 172 172 
2824 2824 2824 2824 2824 2824 2824 2824 2824 2824 2824 2824 
1069 1069 1069 1069 1069 1069 1069 1069 1069 1069 1069 1069 
1927 1927 1927 1927 1927 1927 1927 1927 1927 1927 1927 1927 
103 103 103 103 103 103 103 103 103 103 103 103 
2893 2893 2893 2893 2893 2893 2893 2893 2893 2893 2893 2893 
290 290 290 290 290 290 290 290 290 290 290 290 
2706 2706 2706 2706 2706 2706 2706 2706 2706 2706 2706 2706 
275 275 275 275 275 275 275 275 275 275 275 275 
2721 2721 2721 2721 2721 2721 2721 2721 2721 2721 2721 2721 
562 562 562 562 562 562 562 562 562 562 562 562 
2434 2434 2434 2434 2434 2434 2434 2434 2434 2434 2434 2434 
1382 1382 1382 1382 1382 1382 1382 1382 1382 1382 1382 1382 
1614 1614 1614 1614 1614 1614 1614 1614 1614 1614 1614 1614 
253 253 253 253 253 253 253 253 253 253 253 253 
2743 2743 2743 2743 2743 2743 2743 2743 2743 2743 2743 2743 
655 655 655 655 655 655 655 655 655 655 655 655 
2341 2341 2341 2341 2341 2341 2341 2341 2341 2341 2341 2341 
1232 1232 1232 1232 1232 1232 1232 1232 1232 1232 1232 1232 
1764 1764 1764 1764 1764 1764 1764 1764 1764 1764 1764 1764 
1459 1459 1459 1459 1459 1459 1459 1459 1459 1459 1459 1459 
1537 1537 1537 1537 1537 1537 1537 1537 1537 1537 1537 1537 
684 684 684 684 684 684 684 684 684 684 684 684 
2312 2312 2312 2312 2312 2312 2312 2312 2312 2312 2312 2312 
891 891 891 891 891 891 891 891 891 891 891 891 
2105 2105 2105 2105 2105 2105 2105 2105 2105 2105 2105 2105 
104 104 104 104 104 104 104 104 104 104 104 104 
2892 2892 2892 2892 2892 2892 2892 2892 2892 2892 2892 2892 
78 78 78 78 78 78 78 78 78 78 78 78 
2918 2918 2918 2918 2918 2918 2918 2918 2918 2918 2918 2918 
1258 1258 1258 1258 1258 1258 1258 1258 1258 1258 1258 1258 
1738 1738 1738 1738 1738 1738 1738 1738 1738 1738 1738 1738 
700 700 700 700 700 700 700 700 700 700 700 700 
2296 2296 2296 2296 2296 2296 2296 2296 2296 2296 2296 2296 
52 52 52 52 52 52 52 52 52 52 52 52 
2944 2944 2944 2944 2944 2944 2944 2944 2944 2944 2944 2944 
521 521 521 521 521 521 521 521 521 521 521 521 
2475 2475 2475 2475 2475 2475 2475 2475 2475 2475 2475 2475 
64 64 64 64 64 64 64 64 64 64 64 64 
2932 2932 2932 2932 2932 2932 2932 2932 2932 2932 2932 2932 
1104 1104 1104 1104 1104 1104 1104 1104 1104 1104 1104 1104 
1892 1892 1892 1892 1892 1892 1892 1892 1892 1892 1892 1892 
128 128 128 128 128 128 128 128 128 128 128 128 
2868 2868 2868 2868 2868 2868 2868 2868 2868 2868 2868 2868 
968 968 968 968 968 968 968 968 968 968 968 968 
2028 2028 2028 2028 2028 2028 2028 2028 2028 2028 2028 2028 
156 156 156 156 156 156 156 156 156 156 156 156 
2840 2840 2840 2840 2840 2840 2840 2840 2840 2840 2840 2840 
161 161 161 161 161 161 161 161 161 161 161 161 
2835 2835 2835 2835 2835 2835 2835 2835 2835 2835 2835 2835 
630 630 630 630 630 630 630 630 630 630 630 630 
2366 2366 2366 2366 2366 2366 2366 2366 2366 2366 2366 2366 
641 641 641 641 641 641 641 641 641 641 641 641 
2355 2355 2355 2355 2355 2355 2355 2355 2355 2355 2355 2355 
785 785 785 785 785 785 785 785 785 785 785 785 
2211 2211 2211 2211 2211 2211 2211 2211 2211 2211 2211 2211 
165 165 165 165 165 165 165 165 165 165 165 165 
2831 2831 2831 2831 2831 2831 2831 2831 2831 2831 2831 2831 
422 422 422 422 422 422 422 422 422 422 422 422 
2574 2574 2574 2574 2574 2574 2574 2574 2574 2574 2574 2574 
1085 1085 1085 1085 1085 1085 1085 1085 1085 1085 1085 1085 
1911 1911 1911 1911 1911 1911 1911 1911 1911 1911 1911 1911 
175 175 175 175 175 175 175 175 175 175 175 175 
2821 2821 2821 2821 2821 2821 2821 2821 2821 2821 2821 2821 
18 18 18 18 18 18 18 18 18 18 18 18 
2978 2978 2978 2978 2978 2978 2978 2978 2978 2978 2978 2978 
1378 1378 1378 1378 1378 1378 1378 1378 1378 1378 1378 1378 
1618 1618 1618 1618 1618 1618 1618 1618 1618 1618 1618 1618 
149 149 149 149 149 149 149 149 149 149 149 149 
2847 2847 2847 2847 2847 2847 2847 2847 2847 2847 2847 2847 
1167 1167 1167 1167 1167 1167 1167 1167 1167 1167 1167 1167 
1829 1829 1829 1829 1829 1829 1829 1829 1829 1829 1829 1829 
206 206 206 206 206 206 206 206 206 206 206 206 
2790 2790 2790 2790 2790 2790 2790 2790 2790 2790 2790 2790 
732 732 732 732 732 732 732 732 732 732 732 732 
2264 2264 2264 2264 2264 2264 2264 2264 2264 2264 2264 2264 
266 266 266 266 266 266 266 266 266 266 266 266 
2730 2730 2730 2730 2730 2730 2730 2730 2730 2730 2730 2730 
1110 1110 1110 1110 1110 1110 1110 1110 1110 1110 1110 1110 
1886 1886 1886 1886 1886 1886 1886 1886 1886 1886 1886 1886 
175 175 175 175 175 175 175 175 175 175 175 175 
2821 2821 2821 2821 2821 2821 2821 2821 2821 2821 2821 2821 
1098 1098 1098 1098 1098 1098 1098 1098 1098 1098 1098 1098 
1898 1898 1898 1898 1898 1898 1898 1898 1898 1898 1898 1898 
222 222 222 222 222 222 222 222 222 222 222 222 
2774 2774 2774 2774 2774 2774 2774 2774 2774 2774 2774 2774 
1277 1277 1277 1277 1277 1277 1277 1277 1277 1277 1277 1277 
1719 1719 1719 1719 1719 1719 1719 1719 1719 1719 1719 1719 
1425 1425 1425 1425 1425 1425 1425 1425 1425 1425 1425 1425 
1571 1571 1571 1571 1571 1571 1571 1571 1571 1571 1571 1571 
792 792 792 792 792 792 792 792 792 792 792 792 
2204 2204 2204 2204 2204 2204 2204 2204 2204 2204 2204 2204 
281 281 281 281 281 281 281 281 281 281 281 281 
2715 2715 2715 2715 2715 2715 2715 2715 2715 2715 2715 2715 
800 800 800 800 800 800 800 800 800 800 800 800 
2196 2196 2196 2196 2196 2196 2196 2196 2196 2196 2196 2196 
1430 1430 1430 1430 1430 1430 1430 1430 1430 1430 1430 1430 
1566 1566 1566 1566 1566 1566 1566 1566 1566 1566 1566 1566 
1295 1295 1295 1295 1295 1295 1295 1295 1295 1295 1295 1295 
1701 1701 1701 1701 1701 1701 1701 1701 1701 1701 1701 1701 
195 195 195 195 195 195 195 195 195 195 195 195 
2801 2801 2801 2801 2801 2801 2801 2801 2801 2801 2801 2801 
601 601 601 601 601 601 601 601 601 601 601 601 
2395 2395 2395 2395 2395 2395 2395 2395 2395 2395 2395 2395 
46 46 46 46 46 46 46 46 46 46 46 46 
2950 2950 2950 2950 2950 2950 2950 2950 2950 2950 2950 2950 
518 518 518 518 518 518 518 518 518 518 518 518 
2478 2478 2478 2478 2478 2478 2478 2478 2478 2478 2478 2478 
12 12 12 12 12 12 12 12 12 12 12 12 
2984 2984 2984 2984 2984 2984 2984 2984 2984 2984 2984 2984 
767 767 767 767 767 767 767 767 767 767 767 767 
2229 2229 2229 2229 2229 2229 2229 2229 2229 2229 2229 2229 
104 104 104 104 104 104 104 104 104 104 104 104 
2892 2892 2892 2892 2892 2892 2892 2892 2892 2892 2892 2892 
274 274 274 274 274 274 274 274 274 274 274 274 
2722 2722 2722 2722 2722 2722 2722 2722 2722 2722 2722 2722 
99 99 99 99 99 99 99 99 99 99 99 99 
2897 2897 2897 2897 2897 2897 2897 2897 2897 2897 2897 2897 
894 894 894 894 894 894 894 894 894 894 894 894 
2102 2102 2102 2102 2102 2102 2102 2102 2102 2102 2102 2102 
1474 1474 1474 1474 1474 1474 1474 1474 1474 1474 1474 1474 
1522 1522 1522 1522 1522 1522 1522 1522 1522 1522 1522 1522 
387 387 387 387 387 387 387 387 387 387 387 387 
2609 2609 2609 2609 2609 2609 2609 2609 2609 2609 2609 2609 
1093 1093 1093 1093 1093 1093 1093 1093 1093 1093 1093 1093 
1903 1903 1903 1903 1903 1903 1903 1903 1903 1903 1903 1903 
1441 1441 1441 1441 1441 1441 1441 1441 1441 1441 1441 1441 
1555 1555 1555 1555 1555 1555 1555 1555 1555 1555 1555 1555 
301 301 301 301 301 301 301 301 301 301 301 301 
2695 2695 2695 2695 2695 2695 2695 2695 2695 2695 2695 2695 
1332 1332 1332 1332 1332 1332 1332 1332 1332 1332 1332 1332 
1664 1664 1664 1664 1664 1664 1664 1664 1664 1664 1664 1664 
1034 1034 1034 1034 1034 1034 1034 1034 1034 1034 1034 1034 
1962 1962 1962 1962 1962 1962 1962 1962 1962 1962 1962 1962 
1084 1084 1084 1084 1084 1084 1084 1084 1084 1084 1084 1084 
1912 1912 1912 1912 1912 1912 1912 1912 1912 1912 1912 1912 
707 707 707 707 707 707 707 707 707 707 707 707 
2289 2289 2289 2289 2289 2289 2289 2289 2289 2289 2289 2289 
7 7 7 7 7 7 7 7 7 7 7 7 
2989 2989 2989 2989 2989 2989 2989 2989 2989 2989 2989 2989 
840 840 840 840 840 840 840 840 840 840 840 840 
2156 2156 2156 2156 2156 2156 2156 2156 2156 2156 2156 2156 
200 200 200 200 200 200 200 200 200 200 200 200 
2796 2796 2796 2796 2796 2796 2796 2796 2796 2796 2796 2796 
680 680 680 680 680 680 680 680 680 680 680 680 
2316 2316 2316 2316 2316 2316 2316 2316 2316 2316 2316 2316 
595 595 595 595 595 595 595 595 595 595 595 595 
2401 2401 2401 2401 2401 2401 2401 2401 2401 2401 2401 2401 
43 43 43 43 43 43 43 43 43 43 43 43 
2953 2953 2953 2953 2953 2953 2953 2953 2953 2953 2953 2953 
124 124 124 124 124 124 124 124 124 124 124 124 
2872 2872 2872 2872 2872 2872 2872 2872 2872 2872 2872 2872 
176 176 176 176 176 176 176 176 176 176 176 176 
2820 2820 2820 2820 2820 2820 2820 2820 2820 2820 2820 2820 
475 475 475 475 475 475 475 475 475 475 475 475 
2521 2521 2521 2521 2521 2521 2521 2521 2521 2521 2521 2521 
966 966 966 966 966 966 966 966 966 966 966 966 
2030 2030 2030 2030 2030 2030 2030 2030 2030 2030 2030 2030 
1224 1224 1224 1224 1224 1224 1224 1224 1224 1224 1224 1224 
1772 1772 1772 1772 1772 1772 1772 1772 1772 1772 1772 1772 
125 125 125 125 125 125 125 125 125 125 125 125 
2871 2871 2871 2871 2871 2871 2871 2871 2871 2871 2871 2871 
746 746 746 746 746 746 746 746 746 746 746 746 
2250 2250 2250 2250 2250 2250 2250 2250 2250 2250 2250 2250 
311 311 311 311 311 311 311 311 311 311 311 311 
2685 2685 2685 2685 2685 2685 2685 2685 2685 2685 2685 2685 
1479 1479 1479 1479 1479 1479 1479 1479 1479 1479 1479 1479 
1517 1517 1517 1517 1517 1517 1517 1517 1517 1517 1517 1517 
921 921 921 921 921 921 921 921 921 921 921 921 
2075 2075 2075 2075 2075 2075 2075 2075 2075 2075 2075 2075 
1268 1268 1268 1268 1268 1268 1268 1268 1268 1268 1268 1268 
1728 1728 1728 1728 1728 1728 1728 1728 1728 1728 1728 1728 
409 409 409 409 409 409 409 409 409 409 409 409 
2587 2587 2587 2587 2587 2587 2587 2587 2587 2587 2587 2587 
759 759 759 759 759 759 759 759 759 759 759 759 
2237 2237 2237 2237 2237 2237 2237 2237 2237 2237 2237 2237 
419 419 419 419 419 419 419 419 419 419 419 419 
2577 2577 2577 2577 2577 2577 2577 2577 2577 2577 2577 2577 
149 149 149 149 149 149 149 149 149 149 149 149 
2847 2847 2847 2847 2847 2847 2847 2847 2847 2847 2847 2847 
919 919 919 919 919 919 919 919 919 919 919 919 
2077 2077 2077 2077 2077 2077 2077 2077 2077 2077 2077 2077 
69 69 69 69 69 69 69 69 69 69 69 69 
2927 2927 2927 2927 2927 2927 2927 2927 2927 2927 2927 2927 
80 80 80 80 80 80 80 80 80 80 80 80 
2916 2916 2916 2916 2916 2916 2916 2916 2916 2916 2916 2916 
1341 1341 1341 1341 1341 1341 1341 1341 1341 1341 1341 1341 
1655 1655 1655 1655 1655 1655 1655 1655 1655 1655 1655 1655 
1410 1410 1410 1410 1410 1410 1410 1410 1410 1410 1410 1410 
1586 1586 1586 1586 1586 1586 1586 1586 1586 1586 1586 1586 
260 260 260 260 260 260 260 260 260 260 260 260 
2736 2736 2736 2736 2736 2736 2736 2736 2736 2736 2736 2736 
5 5 5 5 5 5 5 5 5 5 5 5 
2991 2991 2991 2991 2991 2991 2991 2991 2991 2991 2991 2991 
388 388 388 388 388 388 388 388 388 388 388 388 
2608 2608 2608 2608 2608 2608 2608 2608 2608 2608 2608 2608 
36 36 36 36 36 36 36 36 36 36 36 36 
2960 2960 2960 2960 2960 2960 2960 2960 2960 2960 2960 2960 
675 675 675 675 675 675 675 675 675 675 675 675 
2321 2321 2321 2321 2321 2321 2321 2321 2321 2321 2321 2321 
805 805 805 805 805 805 805 805 805 805 805 805 
2191 2191 2191 2191 2191 2191 2191 2191 2191 2191 2191 2191 
570 570 570 570 570 570 570 570 570 570 570 570 
2426 2426 2426 2426 2426 2426 2426 2426 2426 2426 2426 2426 
1178 1178 1178 1178 1178 1178 1178 1178 1178 1178 1178 1178 
1818 1818 1818 1818 1818 1818 1818 1818 1818 1818 1818 1818 
222 222 222 222 222 222 222 222 222 222 222 222 
2774 2774 2774 2774 2774 2774 2774 2774 2774 2774 2774 2774 
424 424 424 424 424 424 424 424 424 424 424 424 
2572 2572 2572 2572 2572 2572 2572 2572 2572 2572 2572 2572 
1101 1101 1101 1101 1101 1101 1101 1101 1101 1101 1101 1101 
1895 1895 1895 1895 1895 1895 1895 1895 1895 1895 1895 1895 
71 71 71 71 71 71 71 71 71 71 71 71 
2925 2925 2925 2925 2925 2925 2925 2925 2925 2925 2925 2925 
1495 1495 1495 1495 1495 1495 1495 1495 1495 1495 1495 1495 
1501 1501 1501 1501 1501 1501 1501 1501 1501 1501 1501 1501 
281 281 281 281 281 281 281 281 281 281 281 281 
2715 2715 2715 2715 2715 2715 2715 2715 2715 2715 2715 2715 
519 519 519 519 519 519 519 519 519 519 519 519 
2477 2477 2477 2477 2477 2477 2477 2477 2477 2477 2477 2477 
179 179 179 179 179 179 179 179 179 179 179 179 
2817 2817 2817 2817 2817 2817 2817 2817 2817 2817 2817 2817 
1344 1344 1344 1344 1344 1344 1344 1344 1344 1344 1344 1344 
1652 1652 1652 1652 1652 1652 1652 1652 1652 1652 1652 1652 
35 35 35 35 35 35 35 35 35 35 35 35 
2961 2961 2961 2961 2961 2961 2961 2961 2961 2961 2961 2961 
864 864 864 864 864 864 864 864 864 864 864 864 
2132 2132 2132 2132 2132 2132 2132 2132 2132 2132 2132 2132 
78 78 78 78 78 78 78 78 78 78 78 78 
2918 2918 2918 2918 2918 2918 2918 2918 2918 2918 2918 2918 
252 252 252 252 252 252 252 252 252 252 252 252 
2744 2744 2744 2744 2744 2744 2744 2744 2744 2744 2744 2744 
158 158 158 158 158 158 158 158 158 158 158 158 
2838 2838 2838 2838 2838 2838 2838 2838 2838 2838 2838 2838 
80 80 80 80 80 80 80 80 80 80 80 80 
2916 2916 2916 2916 2916 2916 2916 2916 2916 2916 2916 2916 
1342 1342 1342 1342 1342 1342 1342 1342 1342 1342 1342 1342 
1654 1654 1654 1654 1654 1654 1654 1654 1654 1654 1654 1654 
397 397 397 397 397 397 397 397 397 397 397 397 
2599 2599 2599 2599 2599 2599 2599 2599 2599 2599 2599 2599 
215 215 215 215 215 215 215 215 215 215 215 215 
2781 2781 2781 2781 2781 2781 2781 2781 2781 2781 2781 2781 
716 716 716 716 716 716 716 716 716 716 716 716 
2280 2280 2280 2280 2280 2280 2280 2280 2280 2280 2280 2280 
64 64 64 64 64 64 64 64 64 64 64 64 
2932 2932 2932 2932 2932 2932 2932 2932 2932 2932 2932 2932 
764 764 764 764 764 764 764 764 764 764 764 764 
2232 2232 2232 2232 2232 2232 2232 2232 2232 2232 2232 2232 
30 30 30 30 30 30 30 30 30 30 30 30 
2966 2966 2966 2966 2966 2966 2966 2966 2966 2966 2966 2966 
835 835 835 835 835 835 835 835 835 835 835 835 
2161 2161 2161 2161 2161 2161 2161 2161 2161 2161 2161 2161 
1130 1130 1130 1130 1130 1130 1130 1130 1130 1130 1130 1130 
1866 1866 1866 1866 1866 1866 1866 1866 1866 1866 1866 1866 
467 467 467 467 467 467 467 467 467 467 467 467 
2529 2529 2529 2529 2529 2529 2529 2529 2529 2529 2529 2529 
870 870 870 870 870 870 870 870 870 870 870 870 
2126 2126 2126 2126 2126 2126 2126 2126 2126 2126 2126 2126 
206 206 206 206 206 206 206 206 206 206 206 206 
2790 2790 2790 2790 2790 2790 2790 2790 2790 2790 2790 2790 
826 826 826 826 826 826 826 826 826 826 826 826 
2170 2170 2170 2170 2170 2170 2170 2170 2170 2170 2170 2170 
496 496 496 496 496 496 496 496 496 496 496 496 
2500 2500 2500 2500 2500 2500 2500 2500 2500 2500 2500 2500 
276 276 276 276 276 276 276 276 276 276 276 276 
2720 2720 2720 2720 2720 2720 2720 2720 2720 2720 2720 2720 
785 785 785 785 785 785 785 785 785 785 785 785 
2211 2211 2211 2211 2211 2211 2211 2211 2211 2211 2211 2211 
355 355 355 355 355 355 355 355 355 355 355 355 
2641 2641 2641 2641 2641 2641 2641 2641 2641 2641 2641 2641 
223 223 223 223 223 223 223 223 223 223 223 223 
2773 2773 2773 2773 2773 2773 2773 2773 2773 2773 2773 2773 
442 442 442 442 442 442 442 442 442 442 442 442 
2554 2554 2554 2554 2554 2554 2554 2554 2554 2554 2554 2554 
369 369 369 369 369 369 369 369 369 369 369 369 
2627 2627 2627 2627 2627 2627 2627 2627 2627 2627 2627 2627 
1391 1391 1391 1391 1391 1391 1391 1391 1391 1391 1391 1391 
1605 1605 1605 1605 1605 1605 1605 1605 1605 1605 1605 1605 
1422 1422 1422 1422 1422 1422 1422 1422 1422 1422 1422 1422 
1574 1574 1574 1574 1574 1574 1574 1574 1574 1574 1574 1574 
898 898 898 898 898 898 898 898 898 898 898 898 
2098 2098 2098 2098 2098 2098 2098 2098 2098 2098 2098 2098 
404 404 404 404 404 404 404 404 404 404 404 404 
2592 2592 2592 2592 2592 2592 2592 2592 2592 2592 2592 2592 
1013 1013 1013 1013 1013 1013 1013 1013 1013 1013 1013 1013 
1983 1983 1983 1983 1983 1983 1983 1983 1983 1983 1983 1983 
185 185 185 185 185 185 185 185 185 185 185 185 
2811 2811 2811 2811 2811 2811 2811 2811 2811 2811 2811 2811 
656 656 656 656 656 656 656 656 656 656 656 656 
2340 2340 2340 2340 2340 2340 2340 2340 2340 2340 2340 2340 
920 920 920 920 920 920 920 920 920 920 920 920 
2076 2076 2076 2076 2076 2076 2076 2076 2076 2076 2076 2076 
1412 1412 1412 1412 1412 1412 1412 1412 1412 1412 1412 1412 
1584 1584 1584 1584 1584 1584 1584 1584 1584 1584 1584 1584 
485 485 485 485 485 485 485 485 485 485 485 485 
2511 2511 2511 2511 2511 2511 2511 2511 2511 2511 2511 2511 
1086 1086 1086 1086 1086 1086 1086 1086 1086 1086 1086 1086 
1910 1910 1910 1910 1910 1910 1910 1910 1910 1910 1910 1910 
216 216 216 216 216 216 216 216 216 216 216 216 
2780 2780 2780 2780 2780 2780 2780 2780 2780 2780 2780 2780 
835 835 835 835 835 835 835 835 835 835 835 835 
2161 2161 2161 2161 2161 2161 2161 2161 2161 2161 2161 2161 
2 2 2 2 2 2 2 2 2 2 2 2 
2994 2994 2994 2994 2994 2994 2994 2994 2994 2994 2994 2994 
199 199 199 199 199 199 199 199 199 199 199 199 
2797 2797 2797 2797 2797 2797 2797 2797 2797 2797 2797 2797 
698 698 698 698 698 698 698 698 698 698 698 698 
2298 2298 2298 2298 2298 2298 2298 2298 2298 2298 2298 2298 
242 242 242 242 242 242 242 242 242 242 242 242 
2754 2754 2754 2754 2754 2754 2754 2754 2754 2754 2754 2754 
698 698 698 698 698 698 698 698 698 698 698 698 
2298 2298 2298 2298 2298 2298 2298 2298 2298 2298 2298 2298 
133 133 133 133 133 133 133 133 133 133 133 133 
2863 2863 2863 2863 2863 2863 2863 2863 2863 2863 2863 2863 
208 208 208 208 208 208 208 208 208 208 208 208 
2788 2788 2788 2788 2788 2788 2788 2788 2788 2788 2788 2788 
319 319 319 319 319 319 319 319 319 319 319 319 
2677 2677 2677 2677 2677 2677 2677 2677 2677 2677 2677 2677 
685 685 685 685 685 685 685 685 685 685 685 685 
2311 2311 2311 2311 2311 2311 2311 2311 2311 2311 2311 2311 
88 88 88 88 88 88 88 88 88 88 88 88 
2908 2908 2908 2908 2908 2908 2908 2908 2908 2908 2908 2908 
1491 1491 1491 1491 1491 1491 1491 1491 1491 1491 1491 1491 
1505 1505 1505 1505 1505 1505 1505 1505 1505 1505 1505 1505 
856 856 856 856 856 856 856 856 856 856 856 856 
2140 2140 2140 2140 2140 2140 2140 2140 2140 2140 2140 2140 
75 75 75 75 75 75 75 75 75 75 75 75 
2921 2921 2921 2921 2921 2921 2921 2921 2921 2921 2921 2921 
100 100 100 100 100 100 100 100 100 100 100 100 
2896 2896 2896 2896 2896 2896 2896 2896 2896 2896 2896 2896 
1274 1274 1274 1274 1274 1274 1274 1274 1274 1274 1274 1274 
1722 1722 1722 1722 1722 1722 1722 1722 1722 1722 1722 1722 
1133 1133 1133 1133 1133 1133 1133 1133 1133 1133 1133 1133 
1863 1863 1863 1863 1863 1863 1863 1863 1863 1863 1863 1863 
390 390 390 390 390 390 390 390 390 390 390 390 
2606 2606 2606 2606 2606 2606 2606 2606 2606 2606 2606 2606 
90 90 90 90 90 90 90 90 90 90 90 90 
2906 2906 2906 2906 2906 2906 2906 2906 2906 2906 2906 2906 
1489 1489 1489 1489 1489 1489 1489 1489 1489 1489 1489 1489 
1507 1507 1507 1507 1507 1507 1507 1507 1507 1507 1507 1507 
172 172 172 172 172 172 172 172 172 172 172 172 
2824 2824 2824 2824 2824 2824 2824 2824 2824 2824 2824 2824 
915 915 915 915 915 915 915 915 915 915 915 915 
2081 2081 2081 2081 2081 2081 2081 2081 2081 2081 2081 2081 
650 650 650 650 650 650 650 650 650 650 650 650 
2346 2346 2346 2346 2346 2346 2346 2346 2346 2346 2346 2346 
332 332 332 332 332 332 332 332 332 332 332 332 
2664 2664 2664 2664 2664 2664 2664 2664 2664 2664 2664 2664 
1242 1242 1242 1242 1242 1242 1242 1242 1242 1242 1242 1242 
1754 1754 1754 1754 1754 1754 1754 1754 1754 1754 1754 1754 
1131 1131 1131 1131 1131 1131 1131 1131 1131 1131 1131 1131 
1865 1865 1865 1865 1865 1865 1865 1865 1865 1865 1865 1865 
139 139 139 139 139 139 139 139 139 139 139 139 
2857 2857 2857 2857 2857 2857 2857 2857 2857 2857 2857 2857 
703 703 703 703 703 703 703 703 703 703 703 703 
2293 2293 2293 2293 2293 2293 2293 2293 2293 2293 2293 2293 
8 8 8 8 8 8 8 8 8 8 8 8 
2988 2988 2988 2988 2988 2988 2988 2988 2988 2988 2988 2988 
150 150 150 150 150 150 150 150 150 150 150 150 
2846 2846 2846 2846 2846 2846 2846 2846 2846 2846 2846 2846 
919 919 919 919 919 919 919 919 919 919 919 919 
2077 2077 2077 2077 2077 2077 2077 2077 2077 2077 2077 2077 
811 811 811 811 811 811 811 811 811 811 811 811 
2185 2185 2185 2185 2185 2185 2185 2185 2185 2185 2185 2185 
328 328 328 328 328 328 328 328 328 328 328 328 
2668 2668 2668 2668 2668 2668 2668 2668 2668 2668 2668 2668 
477 477 477 477 477 477 477 477 477 477 477 477 
2519 2519 2519 2519 2519 2519 2519 2519 2519 2519 2519 2519 
1063 1063 1063 1063 1063 1063 1063 1063 1063 1063 1063 1063 
1933 1933 1933 1933 1933 1933 1933 1933 1933 1933 1933 1933 
202 202 202 202 202 202 202 202 202 202 202 202 
2794 2794 2794 2794 2794 2794 2794 2794 2794 2794 2794 2794 
478 478 478 478 478 478 478 478 478 478 478 478 
2518 2518 2518 2518 2518 2518 2518 2518 2518 2518 2518 2518 
371 371 371 371 371 371 371 371 371 371 371 371 
2625 2625 2625 2625 2625 2625 2625 2625 2625 2625 2625 2625 
425 425 425 425 425 425 425 425 425 425 425 425 
2571 2571 2571 2571 2571 2571 2571 2571 2571 2571 2571 2571 
1313 1313 1313 1313 1313 1313 1313 1313 1313 1313 1313 1313 
1683 1683 1683 1683 1683 1683 1683 1683 1683 1683 1683 1683 
814 814 814 814 814 814 814 814 814 814 814 814 
2182 2182 2182 2182 2182 2182 2182 2182 2182 2182 2182 2182 
239 239 239 239 239 239 239 239 239 239 239 239 
2757 2757 2757 2757 2757 2757 2757 2757 2757 2757 2757 2757 
977 977 977 977 977 977 977 977 977 977 977 977 
2019 2019 2019 2019 2019 2019 2019 2019 2019 2019 2019 2019 
1413 1413 1413 1413 1413 1413 1413 1413 1413 1413 1413 1413 
1583 1583 1583 1583 1583 1583 1583 1583 1583 1583 1583 1583 
528 528 528 528 528 528 528 528 528 528 528 528 
2468 2468 2468 2468 2468 2468 2468 2468 2468 2468 2468 2468 
743 743 743 743 743 743 743 743 743 743 743 743 
2253 2253 2253 2253 2253 2253 2253 2253 2253 2253 2253 2253 
1404 1404 1404 1404 1404 1404 1404 1404 1404 1404 1404 1404 
1592 1592 1592 1592 1592 1592 1592 1592 1592 1592 1592 1592 
1281 1281 1281 1281 1281 1281 1281 1281 1281 1281 1281 1281 
1715 1715 1715 1715 1715 1715 1715 1715 1715 1715 1715 1715 
227 227 227 227 227 227 227 227 227 227 227 227 
2769 2769 2769 2769 2769 2769 2769 2769 2769 2769 2769 2769 
986 986 986 986 986 986 986 986 986 986 986 986 
2010 2010 2010 2010 2010 2010 2010 2010 2010 2010 2010 2010 
85 85 85 85 85 85 85 85 85 85 85 85 
2911 2911 2911 2911 2911 2911 2911 2911 2911 2911 2911 2911 
298 298 298 298 298 298 298 298 298 298 298 298 
2698 2698 2698 2698 2698 2698 2698 2698 2698 2698 2698 2698 
223 223 223 223 223 223 223 223 223 223 223 223 
2773 2773 2773 2773 2773 2773 2773 2773 2773 2773 2773 2773 
181 181 181 181 181 181 181 181 181 181 181 181 
2815 2815 2815 2815 2815 2815 2815 2815 2815 2815 2815 2815 
262 262 262 262 262 262 262 262 262 262 262 262 
2734 2734 2734 2734 2734 2734 2734 2734 2734 2734 2734 2734 
769 769 769 769 769 769 769 769 769 769 769 769 
2227 2227 2227 2227 2227 2227 2227 2227 2227 2227 2227 2227 
111 111 111 111 111 111 111 111 111 111 111 111 
2885 2885 2885 2885 2885 2885 2885 2885 2885 2885 2885 2885 
363 363 363 363 363 363 363 363 363 363 363 363 
2633 2633 2633 2633 2633 2633 2633 2633 2633 2633 2633 2633 
313 313 313 313 313 313 313 313 313 313 313 313 
2683 2683 2683 2683 2683 2683 2683 2683 2683 2683 2683 2683 
5 5 5 5 5 5 5 5 5 5 5 5 
2991 2991 2991 2991 2991 2991 2991 2991 2991 2991 2991 2991 
755 755 755 755 755 755 755 755 755 755 755 755 
2241 2241 2241 2241 2241 2241 2241 2241 2241 2241 2241 2241 
1071 1071 1071 1071 1071 1071 1071 1071 1071 1071 1071 1071 
1925 1925 1925 1925 1925 1925 1925 1925 1925 1925 1925 1925 
1017 1017 1017 1017 1017 1017 1017 1017 1017 1017 1017 1017 
1979 1979 1979 1979 1979 1979 1979 1979 1979 1979 1979 1979 
288 288 288 288 288 288 288 288 288 288 288 288 
2708 2708 2708 2708 2708 2708 2708 2708 2708 2708 2708 2708 
965 965 965 965 965 965 965 965 965 965 965 965 
2031 2031 2031 2031 2031 2031 2031 2031 2031 2031 2031 2031 
168 168 168 168 168 168 168 168 168 168 168 168 
2828 2828 2828 2828 2828 2828 2828 2828 2828 2828 2828 2828 
1184 1184 1184 1184 1184 1184 1184 1184 1184 1184 1184 1184 
1812 1812 1812 1812 1812 1812 1812 1812 1812 1812 1812 1812 
495 495 495 495 495 495 495 495 495 495 495 495 
2501 2501 2501 2501 2501 2501 2501 2501 2501 2501 2501 2501 
1301 1301 1301 1301 1301 1301 1301 1301 1301 1301 1301 1301 
1695 1695 1695 1695 1695 1695 1695 1695 1695 1695 1695 1695 
1050 1050 1050 1050 1050 1050 1050 1050 1050 1050 1050 1050 
1946 1946 1946 1946 1946 1946 1946 1946 1946 1946 1946 1946 
937 937 937 937 937 937 937 937 937 937 937 937 
2059 2059 2059 2059 2059 2059 2059 2059 2059 2059 2059 2059 
593 593 593 593 593 593 593 593 593 593 593 593 
2403 2403 2403 2403 2403 2403 2403 2403 2403 2403 2403 2403 
85 85 85 85 85 85 85 85 85 85 85 85 
2911 2911 2911 2911 2911 2911 2911 2911 2911 2911 2911 2911 
1311 1311 1311 1311 1311 1311 1311 1311 1311 1311 1311 1311 
1685 1685 1685 1685 1685 1685 1685 1685 1685 1685 1685 1685 
61 61 61 61 61 61 61 61 61 61 61 61 
2935 2935 2935 2935 2935 2935 2935 2935 2935 2935 2935 2935 
1242 1242 1242 1242 1242 1242 1242 1242 1242 1242 1242 1242 
1754 1754 1754 1754 1754 1754 1754 1754 1754 1754 1754 1754 
206 206 206 206 206 206 206 206 206 206 206 206 
2790 2790 2790 2790 2790 2790 2790 2790 2790 2790 2790 2790 
6 6 6 6 6 6 6 6 6 6 6 6 
2990 2990 2990 2990 2990 2990 2990 2990 2990 2990 2990 2990 
939 939 939 939 939 939 939 939 939 939 939 939 
2057 2057 2057 2057 2057 2057 2057 2057 2057 2057 2057 2057 
1336 1336 1336 1336 1336 1336 1336 1336 1336 1336 1336 1336 
1660 1660 1660 1660 1660 1660 1660 1660 1660 1660 1660 1660 
793 793 793 793 793 793 793 793 793 793 793 793 
2203 2203 2203 2203 2203 2203 2203 2203 2203 2203 2203 2203 
149 149 149 149 149 149 149 149 149 149 149 149 
2847 2847 2847 2847 2847 2847 2847 2847 2847 2847 2847 2847 
443 443 443 443 443 443 443 443 443 443 443 443 
2553 2553 2553 2553 2553 2553 2553 2553 2553 2553 2553 2553 
769 769 769 769 769 769 769 769 769 769 769 769 
2227 2227 2227 2227 2227 2227 2227 2227 2227 2227 2227 2227 
130 130 130 130 130 130 130 130 130 130 130 130 
2866 2866 2866 2866 2866 2866 2866 2866 2866 2866 2866 2866 
1167 1167 1167 1167 1167 1167 1167 1167 1167 1167 1167 1167 
1829 1829 1829 1829 1829 1829 1829 1829 1829 1829 1829 1829 
1160 1160 1160 1160 1160 1160 1160 1160 1160 1160 1160 1160 
1836 1836 1836 1836 1836 1836 1836 1836 1836 1836 1836 1836 
319 319 319 319 319 319 319 319 319 319 319 319 
2677 2677 2677 2677 2677 2677 2677 2677 2677 2677 2677 2677 
280 280 280 280 280 280 280 280 280 280 280 280 
2716 2716 2716 2716 2716 2716 2716 2716 2716 2716 2716 2716 
1194 1194 1194 1194 1194 1194 1194 1194 1194 1194 1194 1194 
1802 1802 1802 1802 1802 1802 1802 1802 1802 1802 1802 1802 
150 150 150 150 150 150 150 150 150 150 150 150 
2846 2846 2846 2846 2846 2846 2846 2846 2846 2846 2846 2846 
1379 1379 1379 1379 1379 1379 1379 1379 1379 1379 1379 1379 
1617 1617 1617 1617 1617 1617 1617 1617 1617 1617 1617 1617 
1239 1239 1239 1239 1239 1239 1239 1239 1239 1239 1239 1239 
1757 1757 1757 1757 1757 1757 1757 1757 1757 1757 1757 1757 
1116 1116 1116 1116 1116 1116 1116 1116 1116 1116 1116 1116 
1880 1880 1880 1880 1880 1880 1880 1880 1880 1880 1880 1880 
309 309 309 309 309 309 309 309 309 309 309 309 
2687 2687 2687 2687 2687 2687 2687 2687 2687 2687 2687 2687 
762 762 762 762 762 762 762 762 762 762 762 762 
2234 2234 2234 2234 2234 2234 2234 2234 2234 2234 2234 2234 
659 659 659 659 659 659 659 659 659 659 659 659 
2337 2337 2337 2337 2337 2337 2337 2337 2337 2337 2337 2337 
951 951 951 951 951 951 951 951 951 951 951 951 
2045 2045 2045 2045 2045 2045 2045 2045 2045 2045 2045 2045 
294 294 294 294 294 294 294 294 294 294 294 294 
2702 2702 2702 2702 2702 2702 2702 2702 2702 2702 2702 2702 
122 122 122 122 122 122 122 122 122 122 122 122 
2874 2874 2874 2874 2874 2874 2874 2874 2874 2874 2874 2874 
71 71 71 71 71 71 71 71 71 71 71 71 
2925 2925 2925 2925 2925 2925 2925 2925 2925 2925 2925 2925 
67 67 67 67 67 67 67 67 67 67 67 67 
2929 2929 2929 2929 2929 2929 2929 2929 2929 2929 2929 2929 
72 72 72 72 72 72 72 72 72 72 72 72 
2924 2924 2924 2924 2924 2924 2924 2924 2924 2924 2924 2924 
162 162 162 162 162 162 162 162 162 162 162 162 
2834 2834 2834 2834 2834 2834 2834 2834 2834 2834 2834 2834 
227 227 227 227 227 227 227 227 227 227 227 227 
2769 2769 2769 2769 2769 2769 2769 2769 2769 2769 2769 2769 
552 552 552 552 552 552 552 552 552 552 552 552 
2444 2444 2444 2444 2444 2444 2444 2444 2444 2444 2444 2444 
377 377 377 377 377 377 377 377 377 377 377 377 
2619 2619 2619 2619 2619 2619 2619 2619 2619 2619 2619 2619 
747 747 747 747 747 747 747 747 747 747 747 747 
2249 2249 2249 2249 2249 2249 2249 2249 2249 2249 2249 2249 
536 536 536 536 536 536 536 536 536 536 536 536 
2460 2460 2460 2460 2460 2460 2460 2460 2460 2460 2460 2460 
1352 1352 1352 1352 1352 1352 1352 1352 1352 1352 1352 1352 
1644 1644 1644 1644 1644 1644 1644 1644 1644 1644 1644 1644 
1399 1399 1399 1399 1399 1399 1399 1399 1399 1399 1399 1399 
1597 1597 1597 1597 1597 1597 1597 1597 1597 1597 1597 1597 
1303 1303 1303 1303 1303 1303 1303 1303 1303 1303 1303 1303 
1693 1693 1693 1693 1693 1693 1693 1693 1693 1693 1693 1693 
82 82 82 82 82 82 82 82 82 82 82 82 
2914 2914 2914 2914 2914 2914 2914 2914 2914 2914 2914 2914 
578 578 578 578 578 578 578 578 578 578 578 578 
2418 2418 2418 2418 2418 2418 2418 2418 2418 2418 2418 2418 
1007 1007 1007 1007 1007 1007 1007 1007 1007 1007 1007 1007 
1989 1989 1989 1989 1989 1989 1989 1989 1989 1989 1989 1989 
1115 1115 1115 1115 1115 1115 1115 1115 1115 1115 1115 1115 
1881 1881 1881 1881 1881 1881 1881 1881 1881 1881 1881 1881 
953 953 953 953 953 953 953 953 953 953 953 953 
2043 2043 2043 2043 2043 2043 2043 2043 2043 2043 2043 2043 
14 14 14 14 14 14 14 14 14 14 14 14 
2982 2982 2982 2982 2982 2982 2982 2982 2982 2982 2982 2982 
73 73 73 73 73 73 73 73 73 73 73 73 
2923 2923 2923 2923 2923 2923 2923 2923 2923 2923 2923 2923 
841 841 841 841 841 841 841 841 841 841 841 841 
2155 2155 2155 2155 2155 2155 2155 2155 2155 2155 2155 2155 
1084 1084 1084 1084 1084 1084 1084 1084 1084 1084 1084 1084 
1912 1912 1912 1912 1912 1912 1912 1912 1912 1912 1912 1912 
82 82 82 82 82 82 82 82 82 82 82 82 
2914 2914 2914 2914 2914 2914 2914 2914 2914 2914 2914 2914 
1400 1400 1400 1400 1400 1400 1400 1400 1400 1400 1400 1400 
1596 1596 1596 1596 1596 1596 1596 1596 1596 1596 1596 1596 
1012 1012 1012 1012 1012 1012 1012 1012 1012 1012 1012 1012 
1984 1984 1984 1984 1984 1984 1984 1984 1984 1984 1984 1984 
8 8 8 8 8 8 8 8 8 8 8 8 
2988 2988 2988 2988 2988 2988 2988 2988 2988 2988 2988 2988 
281 281 281 281 281 281 281 281 281 281 281 281 
2715 2715 2715 2715 2715 2715 2715 2715 2715 2715 2715 2715 
12 12 12 12 12 12 12 12 12 12 12 12 
2984 2984 2984 2984 2984 2984 2984 2984 2984 2984 2984 2984 
216 216 216 216 216 216 216 216 216 216 216 216 
2780 2780 2780 2780 2780 2780 2780 2780 2780 2780 2780 2780 
870 870 870 870 870 870 870 870 870 870 870 870 
2126 2126 2126 2126 2126 2126 2126 2126 2126 2126 2126 2126 
974 974 974 974 974 974 974 974 974 974 974 974 
2022 2022 2022 2022 2022 2022 2022 2022 2022 2022 2022 2022 
696 696 696 696 696 696 696 696 696 696 696 696 
2300 2300 2300 2300 2300 2300 2300 2300 2300 2300 2300 2300 
1306 1306 1306 1306 1306 1306 1306 1306 1306 1306 1306 1306 
1690 1690 1690 1690 1690 1690 1690 1690 1690 1690 1690 1690 
297 297 297 297 297 297 297 297 297 297 297 297 
2699 2699 2699 2699 2699 2699 2699 2699 2699 2699 2699 2699 
420 420 420 420 420 420 420 420 420 420 420 420 
2576 2576 2576 2576 2576 2576 2576 2576 2576 2576 2576 2576 
1362 1362 1362 1362 1362 1362 1362 1362 1362 1362 1362 1362 
1634 1634 1634 1634 1634 1634 1634 1634 1634 1634 1634 1634 
472 472 472 472 472 472 472 472 472 472 472 472 
2524 2524 2524 2524 2524 2524 2524 2524 2524 2524 2524 2524 
162 162 162 162 162 162 162 162 162 162 162 162 
2834 2834 2834 2834 2834 2834 2834 2834 2834 2834 2834 2834 
1007 1007 1007 1007 1007 1007 1007 1007 1007 1007 1007 1007 
1989 1989 1989 1989 1989 1989 1989 1989 1989 1989 1989 1989 
14 14 14 14 14 14 14 14 14 14 14 14 
2982 2982 2982 2982 2982 2982 2982 2982 2982 2982 2982 2982 
799 799 799 799 799 799 799 799 799 799 799 799 
2197 2197 2197 2197 2197 2197 2197 2197 2197 2197 2197 2197 
796 796 796 796 796 796 796 796 796 796 796 796 
2200 2200 2200 2200 2200 2200 2200 2200 2200 2200 2200 2200 
1213 1213 1213 1213 1213 1213 1213 1213 1213 1213 1213 1213 
1783 1783 1783 1783 1783 1783 1783 1783 1783 1783 1783 1783 
240 240 240 240 240 240 240 240 240 240 240 240 
2756 2756 2756 2756 2756 2756 2756 2756 2756 2756 2756 2756 
353 353 353 353 353 353 353 353 353 353 353 353 
2643 2643 2643 2643 2643 2643 2643 2643 2643 2643 2643 2643 
1310 1310 1310 1310 1310 1310 1310 1310 1310 1310 1310 1310 
1686 1686 1686 1686 1686 1686 1686 1686 1686 1686 1686 1686 
57 57 57 57 57 57 57 57 57 57 57 57 
2939 2939 2939 2939 2939 2939 2939 2939 2939 2939 2939 2939 
108 108 108 108 108 108 108 108 108 108 108 108 
2888 2888 2888 2888 2888 2888 2888 2888 2888 2888 2888 2888 
645 645 645 645 645 645 645 645 645 645 645 645 
2351 2351 2351 2351 2351 2351 2351 2351 2351 2351 2351 2351 
1043 1043 1043 1043 1043 1043 1043 1043 1043 1043 1043 1043 
1953 1953 1953 1953 1953 1953 1953 1953 1953 1953 1953 1953 
482 482 482 482 482 482 482 482 482 482 482 482 
2514 2514 2514 2514 2514 2514 2514 2514 2514 2514 2514 2514 
934 934 934 934 934 934 934 934 934 934 934 934 
2062 2062 2062 2062 2062 2062 2062 2062 2062 2062 2062 2062 
978 978 978 978 978 978 978 978 978 978 978 978 
2018 2018 2018 2018 2018 2018 2018 2018 2018 2018 2018 2018 
1421 1421 1421 1421 1421 1421 1421 1421 1421 1421 1421 1421 
1575 1575 1575 1575 1575 1575 1575 1575 1575 1575 1575 1575 
80 80 80 80 80 80 80 80 80 80 80 80 
2916 2916 2916 2916 2916 2916 2916 2916 2916 2916 2916 2916 
1078 1078 1078 1078 1078 1078 1078 1078 1078 1078 1078 1078 
1918 1918 1918 1918 1918 1918 1918 1918 1918 1918 1918 1918 
238 238 238 238 238 238 238 238 238 238 238 238 
2758 2758 2758 2758 2758 2758 2758 2758 2758 2758 2758 2758 
1145 1145 1145 1145 1145 1145 1145 1145 1145 1145 1145 1145 
1851 1851 1851 1851 1851 1851 1851 1851 1851 1851 1851 1851 
201 201 201 201 201 201 201 201 201 201 201 201 
2795 2795 2795 2795 2795 2795 2795 2795 2795 2795 2795 2795 
86 86 86 86 86 86 86 86 86 86 86 86 
2910 2910 2910 2910 2910 2910 2910 2910 2910 2910 2910 2910 
928 928 928 928 928 928 928 928 928 928 928 928 
2068 2068 2068 2068 2068 2068 2068 2068 2068 2068 2068 2068 
821 821 821 821 821 821 821 821 821 821 821 821 
2175 2175 2175 2175 2175 2175 2175 2175 2175 2175 2175 2175 
36 36 36 36 36 36 36 36 36 36 36 36 
2960 2960 2960 2960 2960 2960 2960 2960 2960 2960 2960 2960 
473 473 473 473 473 473 473 473 473 473 473 473 
2523 2523 2523 2523 2523 2523 2523 2523 2523 2523 2523 2523 
513 513 513 513 513 513 513 513 513 513 513 513 
2483 2483 2483 2483 2483 2483 2483 2483 2483 2483 2483 2483 
228 228 228 228 228 228 228 228 228 228 228 228 
2768 2768 2768 2768 2768 2768 2768 2768 2768 2768 2768 2768 
709 709 709 709 709 709 709 709 709 709 709 709 
2287 2287 2287 2287 2287 2287 2287 2287 2287 2287 2287 2287 
1213 1213 1213 1213 1213 1213 1213 1213 1213 1213 1213 1213 
1783 1783 1783 1783 1783 1783 1783 1783 1783 1783 1783 1783 
418 418 418 418 418 418 418 418 418 418 418 418 
2578 2578 2578 2578 2578 2578 2578 2578 2578 2578 2578 2578 
1496 1496 1496 1496 1496 1496 1496 1496 1496 1496 1496 1496 
1500 1500 1500 1500 1500 1500 1500 1500 1500 1500 1500 1500 
550 550 550 550 550 550 550 550 550 550 550 550 
2446 2446 2446 2446 2446 2446 2446 2446 2446 2446 2446 2446 
423 423 423 423 423 423 423 423 423 423 423 423 
2573 2573 2573 2573 2573 2573 2573 2573 2573 2573 2573 2573 
178 178 178 178 178 178 178 178 178 178 178 178 
2818 2818 2818 2818 2818 2818 2818 2818 2818 2818 2818 2818 
272 272 272 272 272 272 272 272 272 272 272 272 
2724 2724 2724 2724 2724 2724 2724 2724 2724 2724 2724 2724 
1266 1266 1266 1266 1266 1266 1266 1266 1266 1266 1266 1266 
1730 1730 1730 1730 1730 1730 1730 1730 1730 1730 1730 1730 
1353 1353 1353 1353 1353 1353 1353 1353 1353 1353 1353 1353 
1643 1643 1643 1643 1643 1643 1643 1643 1643 1643 1643 1643 
1150 1150 1150 1150 1150 1150 1150 1150 1150 1150 1150 1150 
1846 1846 1846 1846 1846 1846 1846 1846 1846 1846 1846 1846 
410 410 410 410 410 410 410 410 410 410 410 410 
2586 2586 2586 2586 2586 2586 2586 2586 2586 2586 2586 2586 
741 741 741 741 741 741 741 741 741 741 741 741 
2255 2255 2255 2255 2255 2255 2255 2255 2255 2255 2255 2255 
25 25 25 25 25 25 25 25 25 25 25 25 
2971 2971 2971 2971 2971 2971 2971 2971 2971 2971 2971 2971 
43 43 43 43 43 43 43 43 43 43 43 43 
2953 2953 2953 2953 2953 2953 2953 2953 2953 2953 2953 2953 
873 873 873 873 873 873 873 873 873 873 873 873 
2123 2123 2123 2123 2123 2123 2123 2123 2123 2123 2123 2123 
311 311 311 311 311 311 311 311 311 311 311 311 
2685 2685 2685 2685 2685 2685 2685 2685 2685 2685 2685 2685 
1017 1017 1017 1017 1017 1017 1017 1017 1017 1017 1017 1017 
1979 1979 1979 1979 1979 1979 1979 1979 1979 1979 1979 1979 
166 166 166 166 166 166 166 166 166 166 166 166 
2830 2830 2830 2830 2830 2830 2830 2830 2830 2830 2830 2830 
669 669 669 669 669 669 669 669 669 669 669 669 
2327 2327 2327 2327 2327 2327 2327 2327 2327 2327 2327 2327 
127 127 127 127 127 127 127 127 127 127 127 127 
2869 2869 2869 2869 2869 2869 2869 2869 2869 2869 2869 2869 
63 63 63 63 63 63 63 63 63 63 63 63 
2933 2933 2933 2933 2933 2933 2933 2933 2933 2933 2933 2933 
1070 1070 1070 1070 1070 1070 1070 1070 1070 1070 1070 1070 
1926 1926 1926 1926 1926 1926 1926 1926 1926 1926 1926 1926 
14 14 14 14 14 14 14 14 14 14 14 14 
2982 2982 2982 2982 2982 2982 2982 2982 2982 2982 2982 2982 
458 458 458 458 458 458 458 458 458 458 458 458 
2538 2538 2538 2538 2538 2538 2538 2538 2538 2538 2538 2538 
352 352 352 352 352 352 352 352 352 352 352 352 
2644 2644 2644 2644 2644 2644 2644 2644 2644 2644 2644 2644 
1400 1400 1400 1400 1400 1400 1400 1400 1400 1400 1400 1400 
1596 1596 1596 1596 1596 1596 1596 1596 1596 1596 1596 1596 
9 9 9 9 9 9 9 9 9 9 9 9 
2987 2987 2987 2987 2987 2987 2987 2987 2987 2987 2987 2987 
124 124 124 124 124 124 124 124 124 124 124 124 
2872 2872 2872 2872 2872 2872 2872 2872 2872 2872 2872 2872 
326 326 326 326 326 326 326 326 326 326 326 326 
2670 2670 2670 2670 2670 2670 2670 2670 2670 2670 2670 2670 
983 983 983 983 983 983 983 983 983 983 983 983 
2013 2013 2013 2013 2013 2013 2013 2013 2013 2013 2013 2013 
954 954 954 954 954 954 954 954 954 954 954 954 
2042 2042 2042 2042 2042 2042 2042 2042 2042 2042 2042 2042 
450 450 450 450 450 450 450 450 450 450 450 450 
2546 2546 2546 2546 2546 2546 2546 2546 2546 2546 2546 2546 
220 220 220 220 220 220 220 220 220 220 220 220 
2776 2776 2776 2776 2776 2776 2776 2776 2776 2776 2776 2776 
97 97 97 97 97 97 97 97 97 97 97 97 
2899 2899 2899 2899 2899 2899 2899 2899 2899 2899 2899 2899 
1463 1463 1463 1463 1463 1463 1463 1463 1463 1463 1463 1463 
1533 1533 1533 1533 1533 1533 1533 1533 1533 1533 1533 1533 
1030 1030 1030 1030 1030 1030 1030 1030 1030 1030 1030 1030 
1966 1966 1966 1966 1966 1966 1966 1966 1966 1966 1966 1966 
591 591 591 591 591 591 591 591 591 591 591 591 
2405 2405 2405 2405 2405 2405 2405 2405 2405 2405 2405 2405 
774 774 774 774 774 774 774 774 774 774 774 774 
2222 2222 2222 2222 2222 2222 2222 2222 2222 2222 2222 2222 
762 762 762 762 762 762 762 762 762 762 762 762 
2234 2234 2234 2234 2234 2234 2234 2234 2234 2234 2234 2234 
1360 1360 1360 1360 1360 1360 1360 1360 1360 1360 1360 1360 
1636 1636 1636 1636 1636 1636 1636 1636 1636 1636 1636 1636 
860 860 860 860 860 860 860 860 860 860 860 860 
2136 2136 2136 2136 2136 2136 2136 2136 2136 2136 2136 2136 
642 642 642 642 642 642 642 642 642 642 642 642 
2354 2354 2354 2354 2354 2354 2354 2354 2354 2354 2354 2354 
1092 1092 1092 1092 1092 1092 1092 1092 1092 1092 1092 1092 
1904 1904 1904 1904 1904 1904 1904 1904 1904 1904 1904 1904 
868 868 868 868 868 868 868 868 868 868 868 868 
2128 2128 2128 2128 2128 2128 2128 2128 2128 2128 2128 2128 
418 418 418 418 418 418 418 418 418 418 418 418 
2578 2578 2578 2578 2578 2578 2578 2578 2578 2578 2578 2578 
1398 1398 1398 1398 1398 1398 1398 1398 1398 1398 1398 1398 
1598 1598 1598 1598 1598 1598 1598 1598 1598 1598 1598 1598 
64 64 64 64 64 64 64 64 64 64 64 64 
2932 2932 2932 2932 2932 2932 2932 2932 2932 2932 2932 2932 
449 449 449 449 449 449 449 449 449 449 449 449 
2547 2547 2547 2547 2547 2547 2547 2547 2547 2547 2547 2547 
504 504 504 504 504 504 504 504 504 504 504 504 
2492 2492 2492 2492 2492 2492 2492 2492 2492 2492 2492 2492 
398 398 398 398 398 398 398 398 398 398 398 398 
2598 2598 2598 2598 2598 2598 2598 2598 2598 2598 2598 2598 
997 997 997 997 997 997 997 997 997 997 997 997 
1999 1999 1999 1999 1999 1999 1999 1999 1999 1999 1999 1999 
172 172 172 172 172 172 172 172 172 172 172 172 
2824 2824 2824 2824 2824 2824 2824 2824 2824 2824 2824 2824 
1103 1103 1103 1103 1103 1103 1103 1103 1103 1103 1103 1103 
1893 1893 1893 1893 1893 1893 1893 1893 1893 1893 1893 1893 
96 96 96 96 96 96 96 96 96 96 96 96 
2900 2900 2900 2900 2900 2900 2900 2900 2900 2900 2900 2900 
147 147 147 147 147 147 147 147 147 147 147 147 
2849 2849 2849 2849 2849 2849 2849 2849 2849 2849 2849 2849 
1182 1182 1182 1182 1182 1182 1182 1182 1182 1182 1182 1182 
1814 1814 1814 1814 1814 1814 1814 1814 1814 1814 1814 1814 
1028 1028 1028 1028 1028 1028 1028 1028 1028 1028 1028 1028 
1968 1968 1968 1968 1968 1968 1968 1968 1968 1968 1968 1968 
45 45 45 45 45 45 45 45 45 45 45 45 
2951 2951 2951 2951 2951 2951 2951 2951 2951 2951 2951 2951 
189 189 189 189 189 189 189 189 189 189 189 189 
2807 2807 2807 2807 2807 2807 2807 2807 2807 2807 2807 2807 
436 436 436 436 436 436 436 436 436 436 436 436 
2560 2560 2560 2560 2560 2560 2560 2560 2560 2560 2560 2560 
837 837 837 837 837 837 837 837 837 837 837 837 
2159 2159 2159 2159 2159 2159 2159 2159 2159 2159 2159 2159 
26 26 26 26 26 26 26 26 26 26 26 26 
2970 2970 2970 2970 2970 2970 2970 2970 2970 2970 2970 2970 
5 5 5 5 5 5 5 5 5 5 5 5 
2991 2991 2991 2991 2991 2991 2991 2991 2991 2991 2991 2991 
91 91 91 91 91 91 91 91 91 91 91 91 
2905 2905 2905 2905 2905 2905 2905 2905 2905 2905 2905 2905 
241 241 241 241 241 241 241 241 241 241 241 241 
2755 2755 2755 2755 2755 2755 2755 2755 2755 2755 2755 2755 
71 71 71 71 71 71 71 71 71 71 71 71 
2925 2925 2925 2925 2925 2925 2925 2925 2925 2925 2925 2925 
142 142 142 142 142 142 142 142 142 142 142 142 
2854 2854 2854 2854 2854 2854 2854 2854 2854 2854 2854 2854 
1247 1247 1247 1247 1247 1247 1247 1247 1247 1247 1247 1247 
1749 1749 1749 1749 1749 1749 1749 1749 1749 1749 1749 1749 
670 670 670 670 670 670 670 670 670 670 670 670 
2326 2326 2326 2326 2326 2326 2326 2326 2326 2326 2326 2326 
293 293 293 293 293 293 293 293 293 293 293 293 
2703 2703 2703 2703 2703 2703 2703 2703 2703 2703 2703 2703 
970 970 970 970 970 970 970 970 970 970 970 970 
2026 2026 2026 2026 2026 2026 2026 2026 2026 2026 2026 2026 
1146 1146 1146 1146 1146 1146 1146 1146 1146 1146 1146 1146 
1850 1850 1850 1850 1850 1850 1850 1850 1850 1850 1850 1850 
1075 1075 1075 1075 1075 1075 1075 1075 1075 1075 1075 1075 
1921 1921 1921 1921 1921 1921 1921 1921 1921 1921 1921 1921 
119 119 119 119 119 119 119 119 119 119 119 119 
2877 2877 2877 2877 2877 2877 2877 2877 2877 2877 2877 2877 
826 826 826 826 826 826 826 826 826 826 826 826 
2170 2170 2170 2170 2170 2170 2170 2170 2170 2170 2170 2170 
1014 1014 1014 1014 1014 1014 1014 1014 1014 1014 1014 1014 
1982 1982 1982 1982 1982 1982 1982 1982 1982 1982 1982 1982 
142 142 142 142 142 142 142 142 142 142 142 142 
2854 2854 2854 2854 2854 2854 2854 2854 2854 2854 2854 2854 
52 52 52 52 52 52 52 52 52 52 52 52 
2944 2944 2944 2944 2944 2944 2944 2944 2944 2944 2944 2944 
23 23 23 23 23 23 23 23 23 23 23 23 
2973 2973 2973 2973 2973 2973 2973 2973 2973 2973 2973 2973 
390 390 390 390 390 390 390 390 390 390 390 390 
2606 2606 2606 2606 2606 2606 2606 2606 2606 2606 2606 2606 
87 87 87 87 87 87 87 87 87 87 87 87 
2909 2909 2909 2909 2909 2909 2909 2909 2909 2909 2909 2909 
342 342 342 342 342 342 342 342 342 342 342 342 
2654 2654 2654 2654 2654 2654 2654 2654 2654 2654 2654 2654 
211 211 211 211 211 211 211 211 211 211 211 211 
2785 2785 2785 2785 2785 2785 2785 2785 2785 2785 2785 2785 
219 219 219 219 219 219 219 219 219 219 219 219 
2777 2777 2777 2777 2777 2777 2777 2777 2777 2777 2777 2777 
1041 1041 1041 1041 1041 1041 1041 1041 1041 1041 1041 1041 
1955 1955 1955 1955 1955 1955 1955 1955 1955 1955 1955 1955 
362 362 362 362 362 362 362 362 362 362 362 362 
2634 2634 2634 2634 2634 2634 2634 2634 2634 2634 2634 2634 
459 459 459 459 459 459 459 459 459 459 459 459 
2537 2537 2537 2537 2537 2537 2537 2537 2537 2537 2537 2537 
1017 1017 1017 1017 1017 1017 1017 1017 1017 1017 1017 1017 
1979 1979 1979 1979 1979 1979 1979 1979 1979 1979 1979 1979 
24 24 24 24 24 24 24 24 24 24 24 24 
2972 2972 2972 2972 2972 2972 2972 2972 2972 2972 2972 2972 
1420 1420 1420 1420 1420 1420 1420 1420 1420 1420 1420 1420 
1576 1576 1576 1576 1576 1576 1576 1576 1576 1576 1576 1576 
1009 1009 1009 1009 1009 1009 1009 1009 1009 1009 1009 1009 
1987 1987 1987 1987 1987 1987 1987 1987 1987 1987 1987 1987 
234 234 234 234 234 234 234 234 234 234 234 234 
2762 2762 2762 2762 2762 2762 2762 2762 2762 2762 2762 2762 
25 25 25 25 25 25 25 25 25 25 25 25 
2971 2971 2971 2971 2971 2971 2971 2971 2971 2971 2971 2971 
1108 1108 1108 1108 1108 1108 1108 1108 1108 1108 1108 1108 
1888 1888 1888 1888 1888 1888 1888 1888 1888 1888 1888 1888 
176 176 176 176 176 176 176 176 176 176 176 176 
2820 2820 2820 2820 2820 2820 2820 2820 2820 2820 2820 2820 
615 615 615 615 615 615 615 615 615 615 615 615 
2381 2381 2381 2381 2381 2381 2381 2381 2381 2381 2381 2381 
239 239 239 239 239 239 239 239 239 239 239 239 
2757 2757 2757 2757 2757 2757 2757 2757 2757 2757 2757 2757 
298 298 298 298 298 298 298 298 298 298 298 298 
2698 2698 2698 2698 2698 2698 2698 2698 2698 2698 2698 2698 
1 1 1 1 1 1 1 1 1 1 1 1 
2995 2995 2995 2995 2995 2995 2995 2995 2995 2995 2995 2995 
1153 1153 1153 1153 1153 1153 1153 1153 1153 1153 1153 1153 
1843 1843 1843 1843 1843 1843 1843 1843 1843 1843 1843 1843 
1471 1471 1471 1471 1471 1471 1471 1471 1471 1471 1471 1471 
1525 1525 1525 1525 1525 1525 1525 1525 1525 1525 1525 1525 
141 141 141 141 141 141 141 141 141 141 141 141 
2855 2855 2855 2855 2855 2855 2855 2855 2855 2855 2855 2855 
97 97 97 97 97 97 97 97 97 97 97 97 
2899 2899 2899 2899 2899 2899 2899 2899 2899 2899 2899 2899 
270 270 270 270 270 270 270 270 270 270 270 270 
2726 2726 2726 2726 2726 2726 2726 2726 2726 2726 2726 2726 
269 269 269 269 269 269 269 269 269 269 269 269 
2727 2727 2727 2727 2727 2727 2727 2727 2727 2727 2727 2727 
823 823 823 823 823 823 823 823 823 823 823 823 
2173 2173 2173 2173 2173 2173 2173 2173 2173 2173 2173 2173 
974 974 974 974 974 974 974 974 974 974 974 974 
2022 2022 2022 2022 2022 2022 2022 2022 2022 2022 2022 2022 
19 19 19 19 19 19 19 19 19 19 19 19 
2977 2977 2977 2977 2977 2977 2977 2977 2977 2977 2977 2977 
515 515 515 515 515 515 515 515 515 515 515 515 
2481 2481 2481 2481 2481 2481 2481 2481 2481 2481 2481 2481 
694 694 694 694 694 694 694 694 694 694 694 694 
2302 2302 2302 2302 2302 2302 2302 2302 2302 2302 2302 2302 
40 40 40 40 40 40 40 40 40 40 40 40 
2956 2956 2956 2956 2956 2956 2956 2956 2956 2956 2956 2956 
151 151 151 151 151 151 151 151 151 151 151 151 
2845 2845 2845 2845 2845 2845 2845 2845 2845 2845 2845 2845 
407 407 407 407 407 407 407 407 407 407 407 407 
2589 2589 2589 2589 2589 2589 2589 2589 2589 2589 2589 2589 
38 38 38 38 38 38 38 38 38 38 38 38 
2958 2958 2958 2958 2958 2958 2958 2958 2958 2958 2958 2958 
120 120 120 120 120 120 120 120 120 120 120 120 
2876 2876 2876 2876 2876 2876 2876 2876 2876 2876 2876 2876 
1072 1072 1072 1072 1072 1072 1072 1072 1072 1072 1072 1072 
1924 1924 1924 1924 1924 1924 1924 1924 1924 1924 1924 1924 
40 40 40 40 40 40 40 40 40 40 40 40 
2956 2956 2956 2956 2956 2956 2956 2956 2956 2956 2956 2956 
598 598 598 598 598 598 598 598 598 598 598 598 
2398 2398 2398 2398 2398 2398 2398 2398 2398 2398 2398 2398 
1019 1019 1019 1019 1019 1019 1019 1019 1019 1019 1019 1019 
1977 1977 1977 1977 1977 1977 1977 1977 1977 1977 1977 1977 
444 444 444 444 444 444 444 444 444 444 444 444 
2552 2552 2552 2552 2552 2552 2552 2552 2552 2552 2552 2552 
326 326 326 326 326 326 326 326 326 326 326 326 
2670 2670 2670 2670 2670 2670 2670 2670 2670 2670 2670 2670 
164 164 164 164 164 164 164 164 164 164 164 164 
2832 2832 2832 2832 2832 2832 2832 2832 2832 2832 2832 2832 
271 271 271 271 271 271 271 271 271 271 271 271 
2725 2725 2725 2725 2725 2725 2725 2725 2725 2725 2725 2725 
91 91 91 91 91 91 91 91 91 91 91 91 
2905 2905 2905 2905 2905 2905 2905 2905 2905 2905 2905 2905 
72 72 72 72 72 72 72 72 72 72 72 72 
2924 2924 2924 2924 2924 2924 2924 2924 2924 2924 2924 2924 
623 623 623 623 623 623 623 623 623 623 623 623 
2373 2373 2373 2373 2373 2373 2373 2373 2373 2373 2373 2373 
217 217 217 217 217 217 217 217 217 217 217 217 
2779 2779 2779 2779 2779 2779 2779 2779 2779 2779 2779 2779 
175 175 175 175 175 175 175 175 175 175 175 175 
2821 2821 2821 2821 2821 2821 2821 2821 2821 2821 2821 2821 
205 205 205 205 205 205 205 205 205 205 205 205 
2791 2791 2791 2791 2791 2791 2791 2791 2791 2791 2791 2791 
23 23 23 23 23 23 23 23 23 23 23 23 
2973 2973 2973 2973 2973 2973 2973 2973 2973 2973 2973 2973 
23 23 23 23 23 23 23 23 23 23 23 23 
2973 2973 2973 2973 2973 2973 2973 2973 2973 2973 2973 2973 
317 317 317 317 317 317 317 317 317 317 317 317 
2679 2679 2679 2679 2679 2679 2679 2679 2679 2679 2679 2679 
7 7 7 7 7 7 7 7 7 7 7 7 
2989 2989 2989 2989 2989 2989 2989 2989 2989 2989 2989 2989 
358 358 358 358 358 358 358 358 358 358 358 358 
2638 2638 2638 2638 2638 2638 2638 2638 2638 2638 2638 2638 
3 3 3 3 3 3 3 3 3 3 3 3 
2993 2993 2993 2993 2993 2993 2993 2993 2993 2993 2993 2993 
121 121 121 121 121 121 121 121 121 121 121 121 
2875 2875 2875 2875 2875 2875 2875 2875 2875 2875 2875 2875 
212 212 212 212 212 212 212 212 212 212 212 212 
2784 2784 2784 2784 2784 2784 2784 2784 2784 2784 2784 2784 
449 449 449 449 449 449 449 449 449 449 449 449 
2547 2547 2547 2547 2547 2547 2547 2547 2547 2547 2547 2547 
1048 1048 1048 1048 1048 1048 1048 1048 1048 1048 1048 1048 
1948 1948 1948 1948 1948 1948 1948 1948 1948 1948 1948 1948 
1409 1409 1409 1409 1409 1409 1409 1409 1409 1409 1409 1409 
1587 1587 1587 1587 1587 1587 1587 1587 1587 1587 1587 1587 
440 440 440 440 440 440 440 440 440 440 440 440 
2556 2556 2556 2556 2556 2556 2556 2556 2556 2556 2556 2556 
1321 1321 1321 1321 1321 1321 1321 1321 1321 1321 1321 1321 
1675 1675 1675 1675 1675 1675 1675 1675 1675 1675 1675 1675 
379 379 379 379 379 379 379 379 379 379 379 379 
2617 2617 2617 2617 2617 2617 2617 2617 2617 2617 2617 2617 
103 103 103 103 103 103 103 103 103 103 103 103 
2893 2893 2893 2893 2893 2893 2893 2893 2893 2893 2893 2893 
1172 1172 1172 1172 1172 1172 1172 1172 1172 1172 1172 1172 
1824 1824 1824 1824 1824 1824 1824 1824 1824 1824 1824 1824 
659 659 659 659 659 659 659 659 659 659 659 659 
2337 2337 2337 2337 2337 2337 2337 2337 2337 2337 2337 2337 
241 241 241 241 241 241 241 241 241 241 241 241 
2755 2755 2755 2755 2755 2755 2755 2755 2755 2755 2755 2755 
492 492 492 492 492 492 492 492 492 492 492 492 
2504 2504 2504 2504 2504 2504 2504 2504 2504 2504 2504 2504 
825 825 825 825 825 825 825 825 825 825 825 825 
2171 2171 2171 2171 2171 2171 2171 2171 2171 2171 2171 2171 
212 212 212 212 212 212 212 212 212 212 212 212 
2784 2784 2784 2784 2784 2784 2784 2784 2784 2784 2784 2784 
504 504 504 504 504 504 504 504 504 504 504 504 
2492 2492 2492 2492 2492 2492 2492 2492 2492 2492 2492 2492 
284 284 284 284 284 284 284 284 284 284 284 284 
2712 2712 2712 2712 2712 2712 2712 2712 2712 2712 2712 2712 
19 19 19 19 19 19 19 19 19 19 19 19 
2977 2977 2977 2977 2977 2977 2977 2977 2977 2977 2977 2977 
277 277 277 277 277 277 277 277 277 277 277 277 
2719 2719 2719 2719 2719 2719 2719 2719 2719 2719 2719 2719 
406 406 406 406 406 406 406 406 406 406 406 406 
2590 2590 2590 2590 2590 2590 2590 2590 2590 2590 2590 2590 
1366 1366 1366 1366 1366 1366 1366 1366 1366 1366 1366 1366 
1630 1630 1630 1630 1630 1630 1630 1630 1630 1630 1630 1630 
253 253 253 253 253 253 253 253 253 253 253 253 
2743 2743 2743 2743 2743 2743 2743 2743 2743 2743 2743 2743 
171 171 171 171 171 171 171 171 171 171 171 171 
2825 2825 2825 2825 2825 2825 2825 2825 2825 2825 2825 2825 
702 702 702 702 702 702 702 702 702 702 702 702 
2294 2294 2294 2294 2294 2294 2294 2294 2294 2294 2294 2294 
363 363 363 363 363 363 363 363 363 363 363 363 
2633 2633 2633 2633 2633 2633 2633 2633 2633 2633 2633 2633 
425 425 425 425 425 425 425 425 425 425 425 425 
2571 2571 2571 2571 2571 2571 2571 2571 2571 2571 2571 2571 
937 937 937 937 937 937 937 937 937 937 937 937 
2059 2059 2059 2059 2059 2059 2059 2059 2059 2059 2059 2059 
95 95 95 95 95 95 95 95 95 95 95 95 
2901 2901 2901 2901 2901 2901 2901 2901 2901 2901 2901 2901 
229 229 229 229 229 229 229 229 229 229 229 229 
2767 2767 2767 2767 2767 2767 2767 2767 2767 2767 2767 2767 
277 277 277 277 277 277 277 277 277 277 277 277 
2719 2719 2719 2719 2719 2719 2719 2719 2719 2719 2719 2719 
1491 1491 1491 1491 1491 1491 1491 1491 1491 1491 1491 1491 
1505 1505 1505 1505 1505 1505 1505 1505 1505 1505 1505 1505 
1405 1405 1405 1405 1405 1405 1405 1405 1405 1405 1405 1405 
1591 1591 1591 1591 1591 1591 1591 1591 1591 1591 1591 1591 
7 7 7 7 7 7 7 7 7 7 7 7 
2989 2989 2989 2989 2989 2989 2989 2989 2989 2989 2989 2989 
224 224 224 224 224 224 224 224 224 224 224 224 
2772 2772 2772 2772 2772 2772 2772 2772 2772 2772 2772 2772 
1169 1169 1169 1169 1169 1169 1169 1169 1169 1169 1169 1169 
1827 1827 1827 1827 1827 1827 1827 1827 1827 1827 1827 1827 
274 274 274 274 274 274 274 274 274 274 274 274 
2722 2722 2722 2722 2722 2722 2722 2722 2722 2722 2722 2722 
60 60 60 60 60 60 60 60 60 60 60 60 
2936 2936 2936 2936 2936 2936 2936 2936 2936 2936 2936 2936 
93 93 93 93 93 93 93 93 93 93 93 93 
2903 2903 2903 2903 2903 2903 2903 2903 2903 2903 2903 2903 
260 260 260 260 260 260 260 260 260 260 260 260 
2736 2736 2736 2736 2736 2736 2736 2736 2736 2736 2736 2736 
122 122 122 122 122 122 122 122 122 122 122 122 
2874 2874 2874 2874 2874 2874 2874 2874 2874 2874 2874 2874 
1364 1364 1364 1364 1364 1364 1364 1364 1364 1364 1364 1364 
1632 1632 1632 1632 1632 1632 1632 1632 1632 1632 1632 1632 
50 50 50 50 50 50 50 50 50 50 50 50 
2946 2946 2946 2946 2946 2946 2946 2946 2946 2946 2946 2946 
90 90 90 90 90 90 90 90 90 90 90 90 
2906 2906 2906 2906 2906 2906 2906 2906 2906 2906 2906 2906 
298 298 298 298 298 298 298 298 298 298 298 298 
2698 2698 2698 2698 2698 2698 2698 2698 2698 2698 2698 2698 
706 706 706 706 706 706 706 706 706 706 706 706 
2290 2290 2290 2290 2290 2290 2290 2290 2290 2290 2290 2290 
430 430 430 430 430 430 430 430 430 430 430 430 
2566 2566 2566 2566 2566 2566 2566 2566 2566 2566 2566 2566 
999 999 999 999 999 999 999 999 999 999 999 999 
1997 1997 1997 1997 1997 1997 1997 1997 1997 1997 1997 1997 
849 849 849 849 849 849 849 849 849 849 849 849 
2147 2147 2147 2147 2147 2147 2147 2147 2147 2147 2147 2147 
1322 1322 1322 1322 1322 1322 1322 1322 1322 1322 1322 1322 
1674 1674 1674 1674 1674 1674 1674 1674 1674 1674 1674 1674 
339 339 339 339 339 339 339 339 339 339 339 339 
2657 2657 2657 2657 2657 2657 2657 2657 2657 2657 2657 2657 
716 716 716 716 716 716 716 716 716 716 716 716 
2280 2280 2280 2280 2280 2280 2280 2280 2280 2280 2280 2280 
440 440 440 440 440 440 440 440 440 440 440 440 
2556 2556 2556 2556 2556 2556 2556 2556 2556 2556 2556 2556 
1360 1360 1360 1360 1360 1360 1360 1360 1360 1360 1360 1360 
1636 1636 1636 1636 1636 1636 1636 1636 1636 1636 1636 1636 
1142 1142 1142 1142 1142 1142 1142 1142 1142 1142 1142 1142 
1854 1854 1854 1854 1854 1854 1854 1854 1854 1854 1854 1854 
529 529 529 529 529 529 529 529 529 529 529 529 
2467 2467 2467 2467 2467 2467 2467 2467 2467 2467 2467 2467 
1383 1383 1383 1383 1383 1383 1383 1383 1383 1383 1383 1383 
1613 1613 1613 1613 1613 1613 1613 1613 1613 1613 1613 1613 
81 81 81 81 81 81 81 81 81 81 81 81 
2915 2915 2915 2915 2915 2915 2915 2915 2915 2915 2915 2915 
156 156 156 156 156 156 156 156 156 156 156 156 
2840 2840 2840 2840 2840 2840 2840 2840 2840 2840 2840 2840 
293 293 293 293 293 293 293 293 293 293 293 293 
2703 2703 2703 2703 2703 2703 2703 2703 2703 2703 2703 2703 
516 516 516 516 516 516 516 516 516 516 516 516 
2480 2480 2480 2480 2480 2480 2480 2480 2480 2480 2480 2480 
547 547 547 547 547 547 547 547 547 547 547 547 
2449 2449 2449 2449 2449 2449 2449 2449 2449 2449 2449 2449 
496 496 496 496 496 496 496 496 496 496 496 496 
2500 2500 2500 2500 2500 2500 2500 2500 2500 2500 2500 2500 
643 643 643 643 643 643 643 643 643 643 643 643 
2353 2353 2353 2353 2353 2353 2353 2353 2353 2353 2353 2353 
458 458 458 458 458 458 458 458 458 458 458 458 
2538 2538 2538 2538 2538 2538 2538 2538 2538 2538 2538 2538 
1082 1082 1082 1082 1082 1082 1082 1082 1082 1082 1082 1082 
1914 1914 1914 1914 1914 1914 1914 1914 1914 1914 1914 1914 
626 626 626 626 626 626 626 626 626 626 626 626 
2370 2370 2370 2370 2370 2370 2370 2370 2370 2370 2370 2370 
1083 1083 1083 1083 1083 1083 1083 1083 1083 1083 1083 1083 
1913 1913 1913 1913 1913 1913 1913 1913 1913 1913 1913 1913 
977 977 977 977 977 977 977 977 977 977 977 977 
2019 2019 2019 2019 2019 2019 2019 2019 2019 2019 2019 2019 
1089 1089 1089 1089 1089 1089 1089 1089 1089 1089 1089 1089 
1907 1907 1907 1907 1907 1907 1907 1907 1907 1907 1907 1907 
75 75 75 75 75 75 75 75 75 75 75 75 
2921 2921 2921 2921 2921 2921 2921 2921 2921 2921 2921 2921 
27 27 27 27 27 27 27 27 27 27 27 27 
2969 2969 2969 2969 2969 2969 2969 2969 2969 2969 2969 2969 
1341 1341 1341 1341 1341 1341 1341 1341 1341 1341 1341 1341 
1655 1655 1655 1655 1655 1655 1655 1655 1655 1655 1655 1655 
846 846 846 846 846 846 846 846 846 846 846 846 
2150 2150 2150 2150 2150 2150 2150 2150 2150 2150 2150 2150 
907 907 907 907 907 907 907 907 907 907 907 907 
2089 2089 2089 2089 2089 2089 2089 2089 2089 2089 2089 2089 
226 226 226 226 226 226 226 226 226 226 226 226 
2770 2770 2770 2770 2770 2770 2770 2770 2770 2770 2770 2770 
921 921 921 921 921 921 921 921 921 921 921 921 
2075 2075 2075 2075 2075 2075 2075 2075 2075 2075 2075 2075 
17 17 17 17 17 17 17 17 17 17 17 17 
2979 2979 2979 2979 2979 2979 2979 2979 2979 2979 2979 2979 
55 55 55 55 55 55 55 55 55 55 55 55 
2941 2941 2941 2941 2941 2941 2941 2941 2941 2941 2941 2941 
38 38 38 38 38 38 38 38 38 38 38 38 
2958 2958 2958 2958 2958 2958 2958 2958 2958 2958 2958 2958 
24 24 24 24 24 24 24 24 24 24 24 24 
2972 2972 2972 2972 2972 2972 2972 2972 2972 2972 2972 2972 
624 624 624 624 624 624 624 624 624 624 624 624 
2372 2372 2372 2372 2372 2372 2372 2372 2372 2372 2372 2372 
559 559 559 559 559 559 559 559 559 559 559 559 
2437 2437 2437 2437 2437 2437 2437 2437 2437 2437 2437 2437 
854 854 854 854 854 854 854 854 854 854 854 854 
2142 2142 2142 2142 2142 2142 2142 2142 2142 2142 2142 2142 
742 742 742 742 742 742 742 742 742 742 742 742 
2254 2254 2254 2254 2254 2254 2254 2254 2254 2254 2254 2254 
622 622 622 622 622 622 622 622 622 622 622 622 
2374 2374 2374 2374 2374 2374 2374 2374 2374 2374 2374 2374 
208 208 208 208 208 208 208 208 208 208 208 208 
2788 2788 2788 2788 2788 2788 2788 2788 2788 2788 2788 2788 
131 131 131 131 131 131 131 131 131 131 131 131 
2865 2865 2865 2865 2865 2865 2865 2865 2865 2865 2865 2865 
763 763 763 763 763 763 763 763 763 763 763 763 
2233 2233 2233 2233 2233 2233 2233 2233 2233 2233 2233 2233 
603 603 603 603 603 603 603 603 603 603 603 603 
2393 2393 2393 2393 2393 2393 2393 2393 2393 2393 2393 2393 
33 33 33 33 33 33 33 33 33 33 33 33 
2963 2963 2963 2963 2963 2963 2963 2963 2963 2963 2963 2963 
1137 1137 1137 1137 1137 1137 1137 1137 1137 1137 1137 1137 
1859 1859 1859 1859 1859 1859 1859 1859 1859 1859 1859 1859 
551 551 551 551 551 551 551 551 551 551 551 551 
2445 2445 2445 2445 2445 2445 2445 2445 2445 2445 2445 2445 
1227 1227 1227 1227 1227 1227 1227 1227 1227 1227 1227 1227 
1769 1769 1769 1769 1769 1769 1769 1769 1769 1769 1769 1769 
376 376 376 376 376 376 376 376 376 376 376 376 
2620 2620 2620 2620 2620 2620 2620 2620 2620 2620 2620 2620 
991 991 991 991 991 991 991 991 991 991 991 991 
2005 2005 2005 2005 2005 2005 2005 2005 2005 2005 2005 2005 
502 502 502 502 502 502 502 502 502 502 502 502 
2494 2494 2494 2494 2494 2494 2494 2494 2494 2494 2494 2494 
227 227 227 227 227 227 227 227 227 227 227 227 
2769 2769 2769 2769 2769 2769 2769 2769 2769 2769 2769 2769 
573 573 573 573 573 573 573 573 573 573 573 573 
2423 2423 2423 2423 2423 2423 2423 2423 2423 2423 2423 2423 
514 514 514 514 514 514 514 514 514 514 514 514 
2482 2482 2482 2482 2482 2482 2482 2482 2482 2482 2482 2482 
187 187 187 187 187 187 187 187 187 187 187 187 
2809 2809 2809 2809 2809 2809 2809 2809 2809 2809 2809 2809 
346 346 346 346 346 346 346 346 346 346 346 346 
2650 2650 2650 2650 2650 2650 2650 2650 2650 2650 2650 2650 
357 357 357 357 357 357 357 357 357 357 357 357 
2639 2639 2639 2639 2639 2639 2639 2639 2639 2639 2639 2639 
600 600 600 600 600 600 600 600 600 600 600 600 
2396 2396 2396 2396 2396 2396 2396 2396 2396 2396 2396 2396 
216 216 216 216 216 216 216 216 216 216 216 216 
2780 2780 2780 2780 2780 2780 2780 2780 2780 2780 2780 2780 
980 980 980 980 980 980 980 980 980 980 980 980 
2016 2016 2016 2016 2016 2016 2016 2016 2016 2016 2016 2016 
172 172 172 172 172 172 172 172 172 172 172 172 
2824 2824 2824 2824 2824 2824 2824 2824 2824 2824 2824 2824 
24 24 24 24 24 24 24 24 24 24 24 24 
2972 2972 2972 2972 2972 2972 2972 2972 2972 2972 2972 2972 
19 19 19 19 19 19 19 19 19 19 19 19 
2977 2977 2977 2977 2977 2977 2977 2977 2977 2977 2977 2977 
37 37 37 37 37 37 37 37 37 37 37 37 
2959 2959 2959 2959 2959 2959 2959 2959 2959 2959 2959 2959 
1082 1082 1082 1082 1082 1082 1082 1082 1082 1082 1082 1082 
1914 1914 1914 1914 1914 1914 1914 1914 1914 1914 1914 1914 
65 65 65 65 65 65 65 65 65 65 65 65 
2931 2931 2931 2931 2931 2931 2931 2931 2931 2931 2931 2931 
1012 1012 1012 1012 1012 1012 1012 1012 1012 1012 1012 1012 
1984 1984 1984 1984 1984 1984 1984 1984 1984 1984 1984 1984 
205 205 205 205 205 205 205 205 205 205 205 205 
2791 2791 2791 2791 2791 2791 2791 2791 2791 2791 2791 2791 
192 192 192 192 192 192 192 192 192 192 192 192 
2804 2804 2804 2804 2804 2804 2804 2804 2804 2804 2804 2804 
501 501 501 501 501 501 501 501 501 501 501 501 
2495 2495 2495 2495 2495 2495 2495 2495 2495 2495 2495 2495 
832 832 832 832 832 832 832 832 832 832 832 832 
2164 2164 2164 2164 2164 2164 2164 2164 2164 2164 2164 2164 
421 421 421 421 421 421 421 421 421 421 421 421 
2575 2575 2575 2575 2575 2575 2575 2575 2575 2575 2575 2575 
123 123 123 123 123 123 123 123 123 123 123 123 
2873 2873 2873 2873 2873 2873 2873 2873 2873 2873 2873 2873 
1443 1443 1443 1443 1443 1443 1443 1443 1443 1443 1443 1443 
1553 1553 1553 1553 1553 1553 1553 1553 1553 1553 1553 1553 
351 351 351 351 351 351 351 351 351 351 351 351 
2645 2645 2645 2645 2645 2645 2645 2645 2645 2645 2645 2645 
779 779 779 779 779 779 779 779 779 779 779 779 
2217 2217 2217 2217 2217 2217 2217 2217 2217 2217 2217 2217 
60 60 60 60 60 60 60 60 60 60 60 60 
2936 2936 2936 2936 2936 2936 2936 2936 2936 2936 2936 2936 
1074 1074 1074 1074 1074 1074 1074 1074 1074 1074 1074 1074 
1922 1922 1922 1922 1922 1922 1922 1922 1922 1922 1922 1922 
1042 1042 1042 1042 1042 1042 1042 1042 1042 1042 1042 1042 
1954 1954 1954 1954 1954 1954 1954 1954 1954 1954 1954 1954 
179 179 179 179 179 179 179 179 179 179 179 179 
2817 2817 2817 2817 2817 2817 2817 2817 2817 2817 2817 2817 
764 764 764 764 764 764 764 764 764 764 764 764 
2232 2232 2232 2232 2232 2232 2232 2232 2232 2232 2232 2232 
63 63 63 63 63 63 63 63 63 63 63 63 
2933 2933 2933 2933 2933 2933 2933 2933 2933 2933 2933 2933 
461 461 461 461 461 461 461 461 461 461 461 461 
2535 2535 2535 2535 2535 2535 2535 2535 2535 2535 2535 2535 
785 785 785 785 785 785 785 785 785 785 785 785 
2211 2211 2211 2211 2211 2211 2211 2211 2211 2211 2211 2211 
3 3 3 3 3 3 3 3 3 3 3 3 
2993 2993 2993 2993 2993 2993 2993 2993 2993 2993 2993 2993 
66 66 66 66 66 66 66 66 66 66 66 66 
2930 2930 2930 2930 2930 2930 2930 2930 2930 2930 2930 2930 
1340 1340 1340 1340 1340 1340 1340 1340 1340 1340 1340 1340 
1656 1656 1656 1656 1656 1656 1656 1656 1656 1656 1656 1656 
487 487 487 487 487 487 487 487 487 487 487 487 
2509 2509 2509 2509 2509 2509 2509 2509 2509 2509 2509 2509 
1348 1348 1348 1348 1348 1348 1348 1348 1348 1348 1348 1348 
1648 1648 1648 1648 1648 1648 1648 1648 1648 1648 1648 1648 
42 42 42 42 42 42 42 42 42 42 42 42 
2954 2954 2954 2954 2954 2954 2954 2954 2954 2954 2954 2954 
751 751 751 751 751 751 751 751 751 751 751 751 
2245 2245 2245 2245 2245 2245 2245 2245 2245 2245 2245 2245 
103 103 103 103 103 103 103 103 103 103 103 103 
2893 2893 2893 2893 2893 2893 2893 2893 2893 2893 2893 2893 
1201 1201 1201 1201 1201 1201 1201 1201 1201 1201 1201 1201 
1795 1795 1795 1795 1795 1795 1795 1795 1795 1795 1795 1795 
1275 1275 1275 1275 1275 1275 1275 1275 1275 1275 1275 1275 
1721 1721 1721 1721 1721 1721 1721 1721 1721 1721 1721 1721 
463 463 463 463 463 463 463 463 463 463 463 463 
2533 2533 2533 2533 2533 2533 2533 2533 2533 2533 2533 2533 
279 279 279 279 279 279 279 279 279 279 279 279 
2717 2717 2717 2717 2717 2717 2717 2717 2717 2717 2717 2717 
562 562 562 562 562 562 562 562 562 562 562 562 
2434 2434 2434 2434 2434 2434 2434 2434 2434 2434 2434 2434 
1062 1062 1062 1062 1062 1062 1062 1062 1062 1062 1062 1062 
1934 1934 1934 1934 1934 1934 1934 1934 1934 1934 1934 1934 
171 171 171 171 171 171 171 171 171 171 171 171 
2825 2825 2825 2825 2825 2825 2825 2825 2825 2825 2825 2825 
474 474 474 474 474 474 474 474 474 474 474 474 
2522 2522 2522 2522 2522 2522 2522 2522 2522 2522 2522 2522 
581 581 581 581 581 581 581 581 581 581 581 581 
2415 2415 2415 2415 2415 2415 2415 2415 2415 2415 2415 2415 
677 677 677 677 677 677 677 677 677 677 677 677 
2319 2319 2319 2319 2319 2319 2319 2319 2319 2319 2319 2319 
465 465 465 465 465 465 465 465 465 465 465 465 
2531 2531 2531 2531 2531 2531 2531 2531 2531 2531 2531 2531 
183 183 183 183 183 183 183 183 183 183 183 183 
2813 2813 2813 2813 2813 2813 2813 2813 2813 2813 2813 2813 
288 288 288 288 288 288 288 288 288 288 288 288 
2708 2708 2708 2708 2708 2708 2708 2708 2708 2708 2708 2708 
475 475 475 475 475 475 475 475 475 475 475 475 
2521 2521 2521 2521 2521 2521 2521 2521 2521 2521 2521 2521 
13 13 13 13 13 13 13 13 13 13 13 13 
2983 2983 2983 2983 2983 2983 2983 2983 2983 2983 2983 2983 
796 796 796 796 796 796 796 796 796 796 796 796 
2200 2200 2200 2200 2200 2200 2200 2200 2200 2200 2200 2200 
613 613 613 613 613 613 613 613 613 613 613 613 
2383 2383 2383 2383 2383 2383 2383 2383 2383 2383 2383 2383 
1211 1211 1211 1211 1211 1211 1211 1211 1211 1211 1211 1211 
1785 1785 1785 1785 1785 1785 1785 1785 1785 1785 1785 1785 
291 291 291 291 291 291 291 291 291 291 291 291 
2705 2705 2705 2705 2705 2705 2705 2705 2705 2705 2705 2705 
38 38 38 38 38 38 38 38 38 38 38 38 
2958 2958 2958 2958 2958 2958 2958 2958 2958 2958 2958 2958 
348 348 348 348 348 348 348 348 348 348 348 348 
2648 2648 2648 2648 2648 2648 2648 2648 2648 2648 2648 2648 
1118 1118 1118 1118 1118 1118 1118 1118 1118 1118 1118 1118 
1878 1878 1878 1878 1878 1878 1878 1878 1878 1878 1878 1878 
419 419 419 419 419 419 419 419 419 419 419 419 
2577 2577 2577 2577 2577 2577 2577 2577 2577 2577 2577 2577 
62 62 62 62 62 62 62 62 62 62 62 62 
2934 2934 2934 2934 2934 2934 2934 2934 2934 2934 2934 2934 
15 15 15 15 15 15 15 15 15 15 15 15 
2981 2981 2981 2981 2981 2981 2981 2981 2981 2981 2981 2981 
1215 1215 1215 1215 1215 1215 1215 1215 1215 1215 1215 1215 
1781 1781 1781 1781 1781 1781 1781 1781 1781 1781 1781 1781 
1364 1364 1364 1364 1364 1364 1364 1364 1364 1364 1364 1364 
1632 1632 1632 1632 1632 1632 1632 1632 1632 1632 1632 1632 
177 177 177 177 177 177 177 177 177 177 177 177 
2819 2819 2819 2819 2819 2819 2819 2819 2819 2819 2819 2819 
1137 1137 1137 1137 1137 1137 1137 1137 1137 1137 1137 1137 
1859 1859 1859 1859 1859 1859 1859 1859 1859 1859 1859 1859 
34 34 34 34 34 34 34 34 34 34 34 34 
2962 2962 2962 2962 2962 2962 2962 2962 2962 2962 2962 2962 
953 953 953 953 953 953 953 953 953 953 953 953 
2043 2043 2043 2043 2043 2043 2043 2043 2043 2043 2043 2043 
1459 1459 1459 1459 1459 1459 1459 1459 1459 1459 1459 1459 
1537 1537 1537 1537 1537 1537 1537 1537 1537 1537 1537 1537 
1464 1464 1464 1464 1464 1464 1464 1464 1464 1464 1464 1464 
1532 1532 1532 1532 1532 1532 1532 1532 1532 1532 1532 1532 
740 740 740 740 740 740 740 740 740 740 740 740 
2256 2256 2256 2256 2256 2256 2256 2256 2256 2256 2256 2256 
1242 1242 1242 1242 1242 1242 1242 1242 1242 1242 1242 1242 
1754 1754 1754 1754 1754 1754 1754 1754 1754 1754 1754 1754 
544 544 544 544 544 544 544 544 544 544 544 544 
2452 2452 2452 2452 2452 2452 2452 2452 2452 2452 2452 2452 
15 15 15 15 15 15 15 15 15 15 15 15 
2981 2981 2981 2981 2981 2981 2981 2981 2981 2981 2981 2981 
106 106 106 106 106 106 106 106 106 106 106 106 
2890 2890 2890 2890 2890 2890 2890 2890 2890 2890 2890 2890 
1260 1260 1260 1260 1260 1260 1260 1260 1260 1260 1260 1260 
1736 1736 1736 1736 1736 1736 1736 1736 1736 1736 1736 1736 
602 602 602 602 602 602 602 602 602 602 602 602 
2394 2394 2394 2394 2394 2394 2394 2394 2394 2394 2394 2394 
589 589 589 589 589 589 589 589 589 589 589 589 
2407 2407 2407 2407 2407 2407 2407 2407 2407 2407 2407 2407 
550 550 550 550 550 550 550 550 550 550 550 550 
2446 2446 2446 2446 2446 2446 2446 2446 2446 2446 2446 2446 
1084 1084 1084 1084 1084 1084 1084 1084 1084 1084 1084 1084 
1912 1912 1912 1912 1912 1912 1912 1912 1912 1912 1912 1912 
333 333 333 333 333 333 333 333 333 333 333 333 
2663 2663 2663 2663 2663 2663 2663 2663 2663 2663 2663 2663 
707 707 707 707 707 707 707 707 707 707 707 707 
2289 2289 2289 2289 2289 2289 2289 2289 2289 2289 2289 2289 
159 159 159 159 159 159 159 159 159 159 159 159 
2837 2837 2837 2837 2837 2837 2837 2837 2837 2837 2837 2837 
44 44 44 44 44 44 44 44 44 44 44 44 
2952 2952 2952 2952 2952 2952 2952 2952 2952 2952 2952 2952 
539 539 539 539 539 539 539 539 539 539 539 539 
2457 2457 2457 2457 2457 2457 2457 2457 2457 2457 2457 2457 
958 958 958 958 958 958 958 958 958 958 958 958 
2038 2038 2038 2038 2038 2038 2038 2038 2038 2038 2038 2038 
414 414 414 414 414 414 414 414 414 414 414 414 
2582 2582 2582 2582 2582 2582 2582 2582 2582 2582 2582 2582 
565 565 565 565 565 565 565 565 565 565 565 565 
2431 2431 2431 2431 2431 2431 2431 2431 2431 2431 2431 2431 
1486 1486 1486 1486 1486 1486 1486 1486 1486 1486 1486 1486 
1510 1510 1510 1510 1510 1510 1510 1510 1510 1510 1510 1510 
275 275 275 275 275 275 275 275 275 275 275 275 
2721 2721 2721 2721 2721 2721 2721 2721 2721 2721 2721 2721 
685 685 685 685 685 685 685 685 685 685 685 685 
2311 2311 2311 2311 2311 2311 2311 2311 2311 2311 2311 2311 
1122 1122 1122 1122 1122 1122 1122 1122 1122 1122 1122 1122 
1874 1874 1874 1874 1874 1874 1874 1874 1874 1874 1874 1874 
554 554 554 554 554 554 554 554 554 554 554 554 
2442 2442 2442 2442 2442 2442 2442 2442 2442 2442 2442 2442 
333 333 333 333 333 333 333 333 333 333 333 333 
2663 2663 2663 2663 2663 2663 2663 2663 2663 2663 2663 2663 
938 938 938 938 938 938 938 938 938 938 938 938 
2058 2058 2058 2058 2058 2058 2058 2058 2058 2058 2058 2058 
239 239 239 239 239 239 239 239 239 239 239 239 
2757 2757 2757 2757 2757 2757 2757 2757 2757 2757 2757 2757 
18 18 18 18 18 18 18 18 18 18 18 18 
2978 2978 2978 2978 2978 2978 2978 2978 2978 2978 2978 2978 
800 800 800 800 800 800 800 800 800 800 800 800 
2196 2196 2196 2196 2196 2196 2196 2196 2196 2196 2196 2196 
1033 1033 1033 1033 1033 1033 1033 1033 1033 1033 1033 1033 
1963 1963 1963 1963 1963 1963 1963 1963 1963 1963 1963 1963 
25 25 25 25 25 25 25 25 25 25 25 25 
2971 2971 2971 2971 2971 2971 2971 2971 2971 2971 2971 2971 
121 121 121 121 121 121 121 121 121 121 121 121 
2875 2875 2875 2875 2875 2875 2875 2875 2875 2875 2875 2875 
969 969 969 969 969 969 969 969 969 969 969 969 
2027 2027 2027 2027 2027 2027 2027 2027 2027 2027 2027 2027 
1027 1027 1027 1027 1027 1027 1027 1027 1027 1027 1027 1027 
1969 1969 1969 1969 1969 1969 1969 1969 1969 1969 1969 1969 
138 138 138 138 138 138 138 138 138 138 138 138 
2858 2858 2858 2858 2858 2858 2858 2858 2858 2858 2858 2858 
975 975 975 975 975 975 975 975 975 975 975 975 
2021 2021 2021 2021 2021 2021 2021 2021 2021 2021 2021 2021 
22 22 22 22 22 22 22 22 22 22 22 22 
2974 2974 2974 2974 2974 2974 2974 2974 2974 2974 2974 2974 
56 56 56 56 56 56 56 56 56 56 56 56 
2940 2940 2940 2940 2940 2940 2940 2940 2940 2940 2940 2940 
1095 1095 1095 1095 1095 1095 1095 1095 1095 1095 1095 1095 
1901 1901 1901 1901 1901 1901 1901 1901 1901 1901 1901 1901 
1105 1105 1105 1105 1105 1105 1105 1105 1105 1105 1105 1105 
1891 1891 1891 1891 1891 1891 1891 1891 1891 1891 1891 1891 
118 118 118 118 118 118 118 118 118 118 118 118 
2878 2878 2878 2878 2878 2878 2878 2878 2878 2878 2878 2878 
926 926 926 926 926 926 926 926 926 926 926 926 
2070 2070 2070 2070 2070 2070 2070 2070 2070 2070 2070 2070 
189 189 189 189 189 189 189 189 189 189 189 189 
2807 2807 2807 2807 2807 2807 2807 2807 2807 2807 2807 2807 
985 985 985 985 985 985 985 985 985 985 985 985 
2011 2011 2011 2011 2011 2011 2011 2011 2011 2011 2011 2011 
179 179 179 179 179 179 179 179 179 179 179 179 
2817 2817 2817 2817 2817 2817 2817 2817 2817 2817 2817 2817 
319 319 319 319 319 319 319 319 319 319 319 319 
2677 2677 2677 2677 2677 2677 2677 2677 2677 2677 2677 2677 
378 378 378 378 378 378 378 378 378 378 378 378 
2618 2618 2618 2618 2618 2618 2618 2618 2618 2618 2618 2618 
1074 1074 1074 1074 1074 1074 1074 1074 1074 1074 1074 1074 
1922 1922 1922 1922 1922 1922 1922 1922 1922 1922 1922 1922 
190 190 190 190 190 190 190 190 190 190 190 190 
2806 2806 2806 2806 2806 2806 2806 2806 2806 2806 2806 2806 
913 913 913 913 913 913 913 913 913 913 913 913 
2083 2083 2083 2083 2083 2083 2083 2083 2083 2083 2083 2083 
490 490 490 490 490 490 490 490 490 490 490 490 
2506 2506 2506 2506 2506 2506 2506 2506 2506 2506 2506 2506 
1199 1199 1199 1199 1199 1199 1199 1199 1199 1199 1199 1199 
1797 1797 1797 1797 1797 1797 1797 1797 1797 1797 1797 1797 
190 190 190 190 190 190 190 190 190 190 190 190 
2806 2806 2806 2806 2806 2806 2806 2806 2806 2806 2806 2806 
1093 1093 1093 1093 1093 1093 1093 1093 1093 1093 1093 1093 
1903 1903 1903 1903 1903 1903 1903 1903 1903 1903 1903 1903 
205 205 205 205 205 205 205 205 205 205 205 205 
2791 2791 2791 2791 2791 2791 2791 2791 2791 2791 2791 2791 
225 225 225 225 225 225 225 225 225 225 225 225 
2771 2771 2771 2771 2771 2771 2771 2771 2771 2771 2771 2771 
489 489 489 489 489 489 489 489 489 489 489 489 
2507 2507 2507 2507 2507 2507 2507 2507 2507 2507 2507 2507 
1303 1303 1303 1303 1303 1303 1303 1303 1303 1303 1303 1303 
1693 1693 1693 1693 1693 1693 1693 1693 1693 1693 1693 1693 
1426 1426 1426 1426 1426 1426 1426 1426 1426 1426 1426 1426 
1570 1570 1570 1570 1570 1570 1570 1570 1570 1570 1570 1570 
64 64 64 64 64 64 64 64 64 64 64 64 
2932 2932 2932 2932 2932 2932 2932 2932 2932 2932 2932 2932 
1079 1079 1079 1079 1079 1079 1079 1079 1079 1079 1079 1079 
1917 1917 1917 1917 1917 1917 1917 1917 1917 1917 1917 1917 
929 929 929 929 929 929 929 929 929 929 929 929 
2067 2067 2067 2067 2067 2067 2067 2067 2067 2067 2067 2067 
111 111 111 111 111 111 111 111 111 111 111 111 
2885 2885 2885 2885 2885 2885 2885 2885 2885 2885 2885 2885 
1457 1457 1457 1457 1457 1457 1457 1457 1457 1457 1457 1457 
1539 1539 1539 1539 1539 1539 1539 1539 1539 1539 1539 1539 
1174 1174 1174 1174 1174 1174 1174 1174 1174 1174 1174 1174 
1822 1822 1822 1822 1822 1822 1822 1822 1822 1822 1822 1822 
1091 1091 1091 1091 1091 1091 1091 1091 1091 1091 1091 1091 
1905 1905 1905 1905 1905 1905 1905 1905 1905 1905 1905 1905 
1177 1177 1177 1177 1177 1177 1177 1177 1177 1177 1177 1177 
1819 1819 1819 1819 1819 1819 1819 1819 1819 1819 1819 1819 
1366 1366 1366 1366 1366 1366 1366 1366 1366 1366 1366 1366 
1630 1630 1630 1630 1630 1630 1630 1630 1630 1630 1630 1630 
974 974 974 974 974 974 974 974 974 974 974 974 
2022 2022 2022 2022 2022 2022 2022 2022 2022 2022 2022 2022 
798 798 798 798 798 798 798 798 798 798 798 798 
2198 2198 2198 2198 2198 2198 2198 2198 2198 2198 2198 2198 
1092 1092 1092 1092 1092 1092 1092 1092 1092 1092 1092 1092 
1904 1904 1904 1904 1904 1904 1904 1904 1904 1904 1904 1904 
880 880 880 880 880 880 880 880 880 880 880 880 
2116 2116 2116 2116 2116 2116 2116 2116 2116 2116 2116 2116 
352 352 352 352 352 352 352 352 352 352 352 352 
2644 2644 2644 2644 2644 2644 2644 2644 2644 2644 2644 2644 
1177 1177 1177 1177 1177 1177 1177 1177 1177 1177 1177 1177 
1819 1819 1819 1819 1819 1819 1819 1819 1819 1819 1819 1819 
1103 1103 1103 1103 1103 1103 1103 1103 1103 1103 1103 1103 
1893 1893 1893 1893 1893 1893 1893 1893 1893 1893 1893 1893 
1028 1028 1028 1028 1028 1028 1028 1028 1028 1028 1028 1028 
1968 1968 1968 1968 1968 1968 1968 1968 1968 1968 1968 1968 
991 991 991 991 991 991 991 991 991 991 991 991 
2005 2005 2005 2005 2005 2005 2005 2005 2005 2005 2005 2005 
750 750 750 750 750 750 750 750 750 750 750 750 
2246 2246 2246 2246 2246 2246 2246 2246 2246 2246 2246 2246 
673 673 673 673 673 673 673 673 673 673 673 673 
2323 2323 2323 2323 2323 2323 2323 2323 2323 2323 2323 2323 
94 94 94 94 94 94 94 94 94 94 94 94 
2902 2902 2902 2902 2902 2902 2902 2902 2902 2902 2902 2902 
425 425 425 425 425 425 425 425 425 425 425 425 
2571 2571 2571 2571 2571 2571 2571 2571 2571 2571 2571 2571 
255 255 255 255 255 255 255 255 255 255 255 255 
2741 2741 2741 2741 2741 2741 2741 2741 2741 2741 2741 2741 
1109 1109 1109 1109 1109 1109 1109 1109 1109 1109 1109 1109 
1887 1887 1887 1887 1887 1887 1887 1887 1887 1887 1887 1887 
73 73 73 73 73 73 73 73 73 73 73 73 
2923 2923 2923 2923 2923 2923 2923 2923 2923 2923 2923 2923 
93 93 93 93 93 93 93 93 93 93 93 93 
2903 2903 2903 2903 2903 2903 2903 2903 2903 2903 2903 2903 
428 428 428 428 428 428 428 428 428 428 428 428 
2568 2568 2568 2568 2568 2568 2568 2568 2568 2568 2568 2568 
745 745 745 745 745 745 745 745 745 745 745 745 
2251 2251 2251 2251 2251 2251 2251 2251 2251 2251 2251 2251 
263 263 263 263 263 263 263 263 263 263 263 263 
2733 2733 2733 2733 2733 2733 2733 2733 2733 2733 2733 2733 
82 82 82 82 82 82 82 82 82 82 82 82 
2914 2914 2914 2914 2914 2914 2914 2914 2914 2914 2914 2914 
281 281 281 281 281 281 281 281 281 281 281 281 
2715 2715 2715 2715 2715 2715 2715 2715 2715 2715 2715 2715 
384 384 384 384 384 384 384 384 384 384 384 384 
2612 2612 2612 2612 2612 2612 2612 2612 2612 2612 2612 2612 
532 532 532 532 532 532 532 532 532 532 532 532 
2464 2464 2464 2464 2464 2464 2464 2464 2464 2464 2464 2464 
663 663 663 663 663 663 663 663 663 663 663 663 
2333 2333 2333 2333 2333 2333 2333 2333 2333 2333 2333 2333 
310 310 310 310 310 310 310 310 310 310 310 310 
2686 2686 2686 2686 2686 2686 2686 2686 2686 2686 2686 2686 
402 402 402 402 402 402 402 402 402 402 402 402 
2594 2594 2594 2594 2594 2594 2594 2594 2594 2594 2594 2594 
179 179 179 179 179 179 179 179 179 179 179 179 
2817 2817 2817 2817 2817 2817 2817 2817 2817 2817 2817 2817 
1048 1048 1048 1048 1048 1048 1048 1048 1048 1048 1048 1048 
1948 1948 1948 1948 1948 1948 1948 1948 1948 1948 1948 1948 
1441 1441 1441 1441 1441 1441 1441 1441 1441 1441 1441 1441 
1555 1555 1555 1555 1555 1555 1555 1555 1555 1555 1555 1555 
1386 1386 1386 1386 1386 1386 1386 1386 1386 1386 1386 1386 
1610 1610 1610 1610 1610 1610 1610 1610 1610 1610 1610 1610 
91 91 91 91 91 91 91 91 91 91 91 91 
2905 2905 2905 2905 2905 2905 2905 2905 2905 2905 2905 2905 
375 375 375 375 375 375 375 375 375 375 375 375 
2621 2621 2621 2621 2621 2621 2621 2621 2621 2621 2621 2621 
253 253 253 253 253 253 253 253 253 253 253 253 
2743 2743 2743 2743 2743 2743 2743 2743 2743 2743 2743 2743 
1082 1082 1082 1082 1082 1082 1082 1082 1082 1082 1082 1082 
1914 1914 1914 1914 1914 1914 1914 1914 1914 1914 1914 1914 
1015 1015 1015 1015 1015 1015 1015 1015 1015 1015 1015 1015 
1981 1981 1981 1981 1981 1981 1981 1981 1981 1981 1981 1981 
987 987 987 987 987 987 987 987 987 987 987 987 
2009 2009 2009 2009 2009 2009 2009 2009 2009 2009 2009 2009 
29 29 29 29 29 29 29 29 29 29 29 29 
2967 2967 2967 2967 2967 2967 2967 2967 2967 2967 2967 2967 
251 251 251 251 251 251 251 251 251 251 251 251 
2745 2745 2745 2745 2745 2745 2745 2745 2745 2745 2745 2745 
710 710 710 710 710 710 710 710 710 710 710 710 
2286 2286 2286 2286 2286 2286 2286 2286 2286 2286 2286 2286 
391 391 391 391 391 391 391 391 391 391 391 391 
2605 2605 2605 2605 2605 2605 2605 2605 2605 2605 2605 2605 
769 769 769 769 769 769 769 769 769 769 769 769 
2227 2227 2227 2227 2227 2227 2227 2227 2227 2227 2227 2227 
863 863 863 863 863 863 863 863 863 863 863 863 
2133 2133 2133 2133 2133 2133 2133 2133 2133 2133 2133 2133 
1130 1130 1130 1130 1130 1130 1130 1130 1130 1130 1130 1130 
1866 1866 1866 1866 1866 1866 1866 1866 1866 1866 1866 1866 
742 742 742 742 742 742 742 742 742 742 742 742 
2254 2254 2254 2254 2254 2254 2254 2254 2254 2254 2254 2254 
629 629 629 629 629 629 629 629 629 629 629 629 
2367 2367 2367 2367 2367 2367 2367 2367 2367 2367 2367 2367 
1496 1496 1496 1496 1496 1496 1496 1496 1496 1496 1496 1496 
1500 1500 1500 1500 1500 1500 1500 1500 1500 1500 1500 1500 
108 108 108 108 108 108 108 108 108 108 108 108 
2888 2888 2888 2888 2888 2888 2888 2888 2888 2888 2888 2888 
831 831 831 831 831 831 831 831 831 831 831 831 
2165 2165 2165 2165 2165 2165 2165 2165 2165 2165 2165 2165 
99 99 99 99 99 99 99 99 99 99 99 99 
2897 2897 2897 2897 2897 2897 2897 2897 2897 2897 2897 2897 
215 215 215 215 215 215 215 215 215 215 215 215 
2781 2781 2781 2781 2781 2781 2781 2781 2781 2781 2781 2781 
195 195 195 195 195 195 195 195 195 195 195 195 
2801 2801 2801 2801 2801 2801 2801 2801 2801 2801 2801 2801 
22 22 22 22 22 22 22 22 22 22 22 22 
2974 2974 2974 2974 2974 2974 2974 2974 2974 2974 2974 2974 
1316 1316 1316 1316 1316 1316 1316 1316 1316 1316 1316 1316 
1680 1680 1680 1680 1680 1680 1680 1680 1680 1680 1680 1680 
35 35 35 35 35 35 35 35 35 35 35 35 
2961 2961 2961 2961 2961 2961 2961 2961 2961 2961 2961 2961 
298 298 298 298 298 298 298 298 298 298 298 298 
2698 2698 2698 2698 2698 2698 2698 2698 2698 2698 2698 2698 
1168 1168 1168 1168 1168 1168 1168 1168 1168 1168 1168 1168 
1828 1828 1828 1828 1828 1828 1828 1828 1828 1828 1828 1828 
35 35 35 35 35 35 35 35 35 35 35 35 
2961 2961 2961 2961 2961 2961 2961 2961 2961 2961 2961 2961 
382 382 382 382 382 382 382 382 382 382 382 382 
2614 2614 2614 2614 2614 2614 2614 2614 2614 2614 2614 2614 
851 851 851 851 851 851 851 851 851 851 851 851 
2145 2145 2145 2145 2145 2145 2145 2145 2145 2145 2145 2145 
744 744 744 744 744 744 744 744 744 744 744 744 
2252 2252 2252 2252 2252 2252 2252 2252 2252 2252 2252 2252 
1425 1425 1425 1425 1425 1425 1425 1425 1425 1425 1425 1425 
1571 1571 1571 1571 1571 1571 1571 1571 1571 1571 1571 1571 
151 151 151 151 151 151 151 151 151 151 151 151 
2845 2845 2845 2845 2845 2845 2845 2845 2845 2845 2845 2845 
997 997 997 997 997 997 997 997 997 997 997 997 
1999 1999 1999 1999 1999 1999 1999 1999 1999 1999 1999 1999 
99 99 99 99 99 99 99 99 99 99 99 99 
2897 2897 2897 2897 2897 2897 2897 2897 2897 2897 2897 2897 
95 95 95 95 95 95 95 95 95 95 95 95 
2901 2901 2901 2901 2901 2901 2901 2901 2901 2901 2901 2901 
164 164 164 164 164 164 164 164 164 164 164 164 
2832 2832 2832 2832 2832 2832 2832 2832 2832 2832 2832 2832 
270 270 270 270 270 270 270 270 270 270 270 270 
2726 2726 2726 2726 2726 2726 2726 2726 2726 2726 2726 2726 
1056 1056 1056 1056 1056 1056 1056 1056 1056 1056 1056 1056 
1940 1940 1940 1940 1940 1940 1940 1940 1940 1940 1940 1940 
614 614 614 614 614 614 614 614 614 614 614 614 
2382 2382 2382 2382 2382 2382 2382 2382 2382 2382 2382 2382 
9 9 9 9 9 9 9 9 9 9 9 9 
2987 2987 2987 2987 2987 2987 2987 2987 2987 2987 2987 2987 
879 879 879 879 879 879 879 879 879 879 879 879 
2117 2117 2117 2117 2117 2117 2117 2117 2117 2117 2117 2117 
1388 1388 1388 1388 1388 1388 1388 1388 1388 1388 1388 1388 
1608 1608 1608 1608 1608 1608 1608 1608 1608 1608 1608 1608 
28 28 28 28 28 28 28 28 28 28 28 28 
2968 2968 2968 2968 2968 2968 2968 2968 2968 2968 2968 2968 
375 375 375 375 375 375 375 375 375 375 375 375 
2621 2621 2621 2621 2621 2621 2621 2621 2621 2621 2621 2621 
451 451 451 451 451 451 451 451 451 451 451 451 
2545 2545 2545 2545 2545 2545 2545 2545 2545 2545 2545 2545 
431 431 431 431 431 431 431 431 431 431 431 431 
2565 2565 2565 2565 2565 2565 2565 2565 2565 2565 2565 2565 
993 993 993 993 993 993 993 993 993 993 993 993 
2003 2003 2003 2003 2003 2003 2003 2003 2003 2003 2003 2003 
714 714 714 714 714 714 714 714 714 714 714 714 
2282 2282 2282 2282 2282 2282 2282 2282 2282 2282 2282 2282 
1223 1223 1223 1223 1223 1223 1223 1223 1223 1223 1223 1223 
1773 1773 1773 1773 1773 1773 1773 1773 1773 1773 1773 1773 
779 779 779 779 779 779 779 779 779 779 779 779 
2217 2217 2217 2217 2217 2217 2217 2217 2217 2217 2217 2217 
166 166 166 166 166 166 166 166 166 166 166 166 
2830 2830 2830 2830 2830 2830 2830 2830 2830 2830 2830 2830 
261 261 261 261 261 261 261 261 261 261 261 261 
2735 2735 2735 2735 2735 2735 2735 2735 2735 2735 2735 2735 
586 586 586 586 586 586 586 586 586 586 586 586 
2410 2410 2410 2410 2410 2410 2410 2410 2410 2410 2410 2410 
573 573 573 573 573 573 573 573 573 573 573 573 
2423 2423 2423 2423 2423 2423 2423 2423 2423 2423 2423 2423 
132 132 132 132 132 132 132 132 132 132 132 132 
2864 2864 2864 2864 2864 2864 2864 2864 2864 2864 2864 2864 
100 100 100 100 100 100 100 100 100 100 100 100 
2896 2896 2896 2896 2896 2896 2896 2896 2896 2896 2896 2896 
1021 1021 1021 1021 1021 1021 1021 1021 1021 1021 1021 1021 
1975 1975 1975 1975 1975 1975 1975 1975 1975 1975 1975 1975 
53 53 53 53 53 53 53 53 53 53 53 53 
2943 2943 2943 2943 2943 2943 2943 2943 2943 2943 2943 2943 
17 17 17 17 17 17 17 17 17 17 17 17 
2979 2979 2979 2979 2979 2979 2979 2979 2979 2979 2979 2979 
1 1 1 1 1 1 1 1 1 1 1 1 
2995 2995 2995 2995 2995 2995 2995 2995 2995 2995 2995 2995 
83 83 83 83 83 83 83 83 83 83 83 83 
2913 2913 2913 2913 2913 2913 2913 2913 2913 2913 2913 2913 
263 263 263 263 263 263 263 263 263 263 263 263 
2733 2733 2733 2733 2733 2733 2733 2733 2733 2733 2733 2733 
50 50 50 50 50 50 50 50 50 50 50 50 
2946 2946 2946 2946 2946 2946 2946 2946 2946 2946 2946 2946 
95 95 95 95 95 95 95 95 95 95 95 95 
2901 2901 2901 2901 2901 2901 2901 2901 2901 2901 2901 2901 
301 301 301 301 301 301 301 301 301 301 301 301 
2695 2695 2695 2695 2695 2695 2695 2695 2695 2695 2695 2695 
10 10 10 10 10 10 10 10 10 10 10 10 
2986 2986 2986 2986 2986 2986 2986 2986 2986 2986 2986 2986 
924 924 924 924 924 924 924 924 924 924 924 924 
2072 2072 2072 2072 2072 2072 2072 2072 2072 2072 2072 2072 
1143 1143 1143 1143 1143 1143 1143 1143 1143 1143 1143 1143 
1853 1853 1853 1853 1853 1853 1853 1853 1853 1853 1853 1853 
850 850 850 850 850 850 850 850 850 850 850 850 
2146 2146 2146 2146 2146 2146 2146 2146 2146 2146 2146 2146 
1445 1445 1445 1445 1445 1445 1445 1445 1445 1445 1445 1445 
1551 1551 1551 1551 1551 1551 1551 1551 1551 1551 1551 1551 
443 443 443 443 443 443 443 443 443 443 443 443 
2553 2553 2553 2553 2553 2553 2553 2553 2553 2553 2553 2553 
1481 1481 1481 1481 1481 1481 1481 1481 1481 1481 1481 1481 
1515 1515 1515 1515 1515 1515 1515 1515 1515 1515 1515 1515 
769 769 769 769 769 769 769 769 769 769 769 769 
2227 2227 2227 2227 2227 2227 2227 2227 2227 2227 2227 2227 
1053 1053 1053 1053 1053 1053 1053 1053 1053 1053 1053 1053 
1943 1943 1943 1943 1943 1943 1943 1943 1943 1943 1943 1943 
82 82 82 82 82 82 82 82 82 82 82 82 
2914 2914 2914 2914 2914 2914 2914 2914 2914 2914 2914 2914 
226 226 226 226 226 226 226 226 226 226 226 226 
2770 2770 2770 2770 2770 2770 2770 2770 2770 2770 2770 2770 
827 827 827 827 827 827 827 827 827 827 827 827 
2169 2169 2169 2169 2169 2169 2169 2169 2169 2169 2169 2169 
258 258 258 258 258 258 258 258 258 258 258 258 
2738 2738 2738 2738 2738 2738 2738 2738 2738 2738 2738 2738 
89 89 89 89 89 89 89 89 89 89 89 89 
2907 2907 2907 2907 2907 2907 2907 2907 2907 2907 2907 2907 
379 379 379 379 379 379 379 379 379 379 379 379 
2617 2617 2617 2617 2617 2617 2617 2617 2617 2617 2617 2617 
801 801 801 801 801 801 801 801 801 801 801 801 
2195 2195 2195 2195 2195 2195 2195 2195 2195 2195 2195 2195 
661 661 661 661 661 661 661 661 661 661 661 661 
2335 2335 2335 2335 2335 2335 2335 2335 2335 2335 2335 2335 
172 172 172 172 172 172 172 172 172 172 172 172 
2824 2824 2824 2824 2824 2824 2824 2824 2824 2824 2824 2824 
349 349 349 349 349 349 349 349 349 349 349 349 
2647 2647 2647 2647 2647 2647 2647 2647 2647 2647 2647 2647 
1087 1087 1087 1087 1087 1087 1087 1087 1087 1087 1087 1087 
1909 1909 1909 1909 1909 1909 1909 1909 1909 1909 1909 1909 
557 557 557 557 557 557 557 557 557 557 557 557 
2439 2439 2439 2439 2439 2439 2439 2439 2439 2439 2439 2439 
1089 1089 1089 1089 1089 1089 1089 1089 1089 1089 1089 1089 
1907 1907 1907 1907 1907 1907 1907 1907 1907 1907 1907 1907 
167 167 167 167 167 167 167 167 167 167 167 167 
2829 2829 2829 2829 2829 2829 2829 2829 2829 2829 2829 2829 
17 17 17 17 17 17 17 17 17 17 17 17 
2979 2979 2979 2979 2979 2979 2979 2979 2979 2979 2979 2979 
136 136 136 136 136 136 136 136 136 136 136 136 
2860 2860 2860 2860 2860 2860 2860 2860 2860 2860 2860 2860 
12 12 12 12 12 12 12 12 12 12 12 12 
2984 2984 2984 2984 2984 2984 2984 2984 2984 2984 2984 2984 
1064 1064 1064 1064 1064 1064 1064 1064 1064 1064 1064 1064 
1932 1932 1932 1932 1932 1932 1932 1932 1932 1932 1932 1932 
31 31 31 31 31 31 31 31 31 31 31 31 
2965 2965 2965 2965 2965 2965 2965 2965 2965 2965 2965 2965 
556 556 556 556 556 556 556 556 556 556 556 556 
2440 2440 2440 2440 2440 2440 2440 2440 2440 2440 2440 2440 
1045 1045 1045 1045 1045 1045 1045 1045 1045 1045 1045 1045 
1951 1951 1951 1951 1951 1951 1951 1951 1951 1951 1951 1951 
641 641 641 641 641 641 641 641 641 641 641 641 
2355 2355 2355 2355 2355 2355 2355 2355 2355 2355 2355 2355 
93 93 93 93 93 93 93 93 93 93 93 93 
2903 2903 2903 2903 2903 2903 2903 2903 2903 2903 2903 2903 
584 584 584 584 584 584 584 584 584 584 584 584 
2412 2412 2412 2412 2412 2412 2412 2412 2412 2412 2412 2412 
51 51 51 51 51 51 51 51 51 51 51 51 
2945 2945 2945 2945 2945 2945 2945 2945 2945 2945 2945 2945 
171 171 171 171 171 171 171 171 171 171 171 171 
2825 2825 2825 2825 2825 2825 2825 2825 2825 2825 2825 2825 
291 291 291 291 291 291 291 291 291 291 291 291 
2705 2705 2705 2705 2705 2705 2705 2705 2705 2705 2705 2705 
82 82 82 82 82 82 82 82 82 82 82 82 
2914 2914 2914 2914 2914 2914 2914 2914 2914 2914 2914 2914 
903 903 903 903 903 903 903 903 903 903 903 903 
2093 2093 2093 2093 2093 2093 2093 2093 2093 2093 2093 2093 
953 953 953 953 953 953 953 953 953 953 953 953 
2043 2043 2043 2043 2043 2043 2043 2043 2043 2043 2043 2043 
551 551 551 551 551 551 551 551 551 551 551 551 
2445 2445 2445 2445 2445 2445 2445 2445 2445 2445 2445 2445 
764 764 764 764 764 764 764 764 764 764 764 764 
2232 2232 2232 2232 2232 2232 2232 2232 2232 2232 2232 2232 
52 52 52 52 52 52 52 52 52 52 52 52 
2944 2944 2944 2944 2944 2944 2944 2944 2944 2944 2944 2944 
385 385 385 385 385 385 385 385 385 385 385 385 
2611 2611 2611 2611 2611 2611 2611 2611 2611 2611 2611 2611 
523 523 523 523 523 523 523 523 523 523 523 523 
2473 2473 2473 2473 2473 2473 2473 2473 2473 2473 2473 2473 
314 314 314 314 314 314 314 314 314 314 314 314 
2682 2682 2682 2682 2682 2682 2682 2682 2682 2682 2682 2682 
96 96 96 96 96 96 96 96 96 96 96 96 
2900 2900 2900 2900 2900 2900 2900 2900 2900 2900 2900 2900 
636 636 636 636 636 636 636 636 636 636 636 636 
2360 2360 2360 2360 2360 2360 2360 2360 2360 2360 2360 2360 
787 787 787 787 787 787 787 787 787 787 787 787 
2209 2209 2209 2209 2209 2209 2209 2209 2209 2209 2209 2209 
318 318 318 318 318 318 318 318 318 318 318 318 
2678 2678 2678 2678 2678 2678 2678 2678 2678 2678 2678 2678 
713 713 713 713 713 713 713 713 713 713 713 713 
2283 2283 2283 2283 2283 2283 2283 2283 2283 2283 2283 2283 
892 892 892 892 892 892 892 892 892 892 892 892 
2104 2104 2104 2104 2104 2104 2104 2104 2104 2104 2104 2104 
283 283 283 283 283 283 283 283 283 283 283 283 
2713 2713 2713 2713 2713 2713 2713 2713 2713 2713 2713 2713 
695 695 695 695 695 695 695 695 695 695 695 695 
2301 2301 2301 2301 2301 2301 2301 2301 2301 2301 2301 2301 
197 197 197 197 197 197 197 197 197 197 197 197 
2799 2799 2799 2799 2799 2799 2799 2799 2799 2799 2799 2799 
1482 1482 1482 1482 1482 1482 1482 1482 1482 1482 1482 1482 
1514 1514 1514 1514 1514 1514 1514 1514 1514 1514 1514 1514 
41 41 41 41 41 41 41 41 41 41 41 41 
2955 2955 2955 2955 2955 2955 2955 2955 2955 2955 2955 2955 
193 193 193 193 193 193 193 193 193 193 193 193 
2803 2803 2803 2803 2803 2803 2803 2803 2803 2803 2803 2803 
26 26 26 26 26 26 26 26 26 26 26 26 
2970 2970 2970 2970 2970 2970 2970 2970 2970 2970 2970 2970 
307 307 307 307 307 307 307 307 307 307 307 307 
2689 2689 2689 2689 2689 2689 2689 2689 2689 2689 2689 2689 
580 580 580 580 580 580 580 580 580 580 580 580 
2416 2416 2416 2416 2416 2416 2416 2416 2416 2416 2416 2416 
486 486 486 486 486 486 486 486 486 486 486 486 
2510 2510 2510 2510 2510 2510 2510 2510 2510 2510 2510 2510 
1421 1421 1421 1421 1421 1421 1421 1421 1421 1421 1421 1421 
1575 1575 1575 1575 1575 1575 1575 1575 1575 1575 1575 1575 
554 554 554 554 554 554 554 554 554 554 554 554 
2442 2442 2442 2442 2442 2442 2442 2442 2442 2442 2442 2442 
1344 1344 1344 1344 1344 1344 1344 1344 1344 1344 1344 1344 
1652 1652 1652 1652 1652 1652 1652 1652 1652 1652 1652 1652 
242 242 242 242 242 242 242 242 242 242 242 242 
2754 2754 2754 2754 2754 2754 2754 2754 2754 2754 2754 2754 
1168 1168 1168 1168 1168 1168 1168 1168 1168 1168 1168 1168 
1828 1828 1828 1828 1828 1828 1828 1828 1828 1828 1828 1828 
550 550 550 550 550 550 550 550 550 550 550 550 
2446 2446 2446 2446 2446 2446 2446 2446 2446 2446 2446 2446 
31 31 31 31 31 31 31 31 31 31 31 31 
2965 2965 2965 2965 2965 2965 2965 2965 2965 2965 2965 2965 
1432 1432 1432 1432 1432 1432 1432 1432 1432 1432 1432 1432 
1564 1564 1564 1564 1564 1564 1564 1564 1564 1564 1564 1564 
333 333 333 333 333 333 333 333 333 333 333 333 
2663 2663 2663 2663 2663 2663 2663 2663 2663 2663 2663 2663 
1 1 1 1 1 1 1 1 1 1 1 1 
2995 2995 2995 2995 2995 2995 2995 2995 2995 2995 2995 2995 
229 229 229 229 229 229 229 229 229 229 229 229 
2767 2767 2767 2767 2767 2767 2767 2767 2767 2767 2767 2767 
643 643 643 643 643 643 643 643 643 643 643 643 
2353 2353 2353 2353 2353 2353 2353 2353 2353 2353 2353 2353 
53 53 53 53 53 53 53 53 53 53 53 53 
2943 2943 2943 2943 2943 2943 2943 2943 2943 2943 2943 2943 
357 357 357 357 357 357 357 357 357 357 357 357 
2639 2639 2639 2639 2639 2639 2639 2639 2639 2639 2639 2639 
157 157 157 157 157 157 157 157 157 157 157 157 
2839 2839 2839 2839 2839 2839 2839 2839 2839 2839 2839 2839 
1066 1066 1066 1066 1066 1066 1066 1066 1066 1066 1066 1066 
1930 1930 1930 1930 1930 1930 1930 1930 1930 1930 1930 1930 
637 637 637 637 637 637 637 637 637 637 637 637 
2359 2359 2359 2359 2359 2359 2359 2359 2359 2359 2359 2359 
925 925 925 925 925 925 925 925 925 925 925 925 
2071 2071 2071 2071 2071 2071 2071 2071 2071 2071 2071 2071 
41 41 41 41 41 41 41 41 41 41 41 41 
2955 2955 2955 2955 2955 2955 2955 2955 2955 2955 2955 2955 
666 666 666 666 666 666 666 666 666 666 666 666 
2330 2330 2330 2330 2330 2330 2330 2330 2330 2330 2330 2330 
685 685 685 685 685 685 685 685 685 685 685 685 
2311 2311 2311 2311 2311 2311 2311 2311 2311 2311 2311 2311 
265 265 265 265 265 265 265 265 265 265 265 265 
2731 2731 2731 2731 2731 2731 2731 2731 2731 2731 2731 2731 
313 313 313 313 313 313 313 313 313 313 313 313 
2683 2683 2683 2683 2683 2683 2683 2683 2683 2683 2683 2683 
3 3 3 3 3 3 3 3 3 3 3 3 
2993 2993 2993 2993 2993 2993 2993 2993 2993 2993 2993 2993 
390 390 390 390 390 390 390 390 390 390 390 390 
2606 2606 2606 2606 2606 2606 2606 2606 2606 2606 2606 2606 
101 101 101 101 101 101 101 101 101 101 101 101 
2895 2895 2895 2895 2895 2895 2895 2895 2895 2895 2895 2895 
84 84 84 84 84 84 84 84 84 84 84 84 
2912 2912 2912 2912 2912 2912 2912 2912 2912 2912 2912 2912 
424 424 424 424 424 424 424 424 424 424 424 424 
2572 2572 2572 2572 2572 2572 2572 2572 2572 2572 2572 2572 
37 37 37 37 37 37 37 37 37 37 37 37 
2959 2959 2959 2959 2959 2959 2959 2959 2959 2959 2959 2959 
469 469 469 469 469 469 469 469 469 469 469 469 
2527 2527 2527 2527 2527 2527 2527 2527 2527 2527 2527 2527 
1074 1074 1074 1074 1074 1074 1074 1074 1074 1074 1074 1074 
1922 1922 1922 1922 1922 1922 1922 1922 1922 1922 1922 1922 
151 151 151 151 151 151 151 151 151 151 151 151 
2845 2845 2845 2845 2845 2845 2845 2845 2845 2845 2845 2845 
406 406 406 406 406 406 406 406 406 406 406 406 
2590 2590 2590 2590 2590 2590 2590 2590 2590 2590 2590 2590 
340 340 340 340 340 340 340 340 340 340 340 340 
2656 2656 2656 2656 2656 2656 2656 2656 2656 2656 2656 2656 
304 304 304 304 304 304 304 304 304 304 304 304 
2692 2692 2692 2692 2692 2692 2692 2692 2692 2692 2692 2692 
850 850 850 850 850 850 850 850 850 850 850 850 
2146 2146 2146 2146 2146 2146 2146 2146 2146 2146 2146 2146 
1426 1426 1426 1426 1426 1426 1426 1426 1426 1426 1426 1426 
1570 1570 1570 1570 1570 1570 1570 1570 1570 1570 1570 1570 
242 242 242 242 242 242 242 242 242 242 242 242 
2754 2754 2754 2754 2754 2754 2754 2754 2754 2754 2754 2754 
1458 1458 1458 1458 1458 1458 1458 1458 1458 1458 1458 1458 
1538 1538 1538 1538 1538 1538 1538 1538 1538 1538 1538 1538 
59 59 59 59 59 59 59 59 59 59 59 59 
2937 2937 2937 2937 2937 2937 2937 2937 2937 2937 2937 2937 
174 174 174 174 174 174 174 174 174 174 174 174 
2822 2822 2822 2822 2822 2822 2822 2822 2822 2822 2822 2822 
1298 1298 1298 1298 1298 1298 1298 1298 1298 1298 1298 1298 
1698 1698 1698 1698 1698 1698 1698 1698 1698 1698 1698 1698 
37 37 37 37 37 37 37 37 37 37 37 37 
2959 2959 2959 2959 2959 2959 2959 2959 2959 2959 2959 2959 
27 27 27 27 27 27 27 27 27 27 27 27 
2969 2969 2969 2969 2969 2969 2969 2969 2969 2969 2969 2969 
424 424 424 424 424 424 424 424 424 424 424 424 
2572 2572 2572 2572 2572 2572 2572 2572 2572 2572 2572 2572 
490 490 490 490 490 490 490 490 490 490 490 490 
2506 2506 2506 2506 2506 2506 2506 2506 2506 2506 2506 2506 
1048 1048 1048 1048 1048 1048 1048 1048 1048 1048 1048 1048 
1948 1948 1948 1948 1948 1948 1948 1948 1948 1948 1948 1948 
33 33 33 33 33 33 33 33 33 33 33 33 
2963 2963 2963 2963 2963 2963 2963 2963 2963 2963 2963 2963 
57 57 57 57 57 57 57 57 57 57 57 57 
2939 2939 2939 2939 2939 2939 2939 2939 2939 2939 2939 2939 
156 156 156 156 156 156 156 156 156 156 156 156 
2840 2840 2840 2840 2840 2840 2840 2840 2840 2840 2840 2840 
104 104 104 104 104 104 104 104 104 104 104 104 
2892 2892 2892 2892 2892 2892 2892 2892 2892 2892 2892 2892 
688 688 688 688 688 688 688 688 688 688 688 688 
2308 2308 2308 2308 2308 2308 2308 2308 2308 2308 2308 2308 
928 928 928 928 928 928 928 928 928 928 928 928 
2068 2068 2068 2068 2068 2068 2068 2068 2068 2068 2068 2068 
61 61 61 61 61 61 61 61 61 61 61 61 
2935 2935 2935 2935 2935 2935 2935 2935 2935 2935 2935 2935 
865 865 865 865 865 865 865 865 865 865 865 865 
2131 2131 2131 2131 2131 2131 2131 2131 2131 2131 2131 2131 
1327 1327 1327 1327 1327 1327 1327 1327 1327 1327 1327 1327 
1669 1669 1669 1669 1669 1669 1669 1669 1669 1669 1669 1669 
1260 1260 1260 1260 1260 1260 1260 1260 1260 1260 1260 1260 
1736 1736 1736 1736 1736 1736 1736 1736 1736 1736 1736 1736 
125 125 125 125 125 125 125 125 125 125 125 125 
2871 2871 2871 2871 2871 2871 2871 2871 2871 2871 2871 2871 
443 443 443 443 443 443 443 443 443 443 443 443 
2553 2553 2553 2553 2553 2553 2553 2553 2553 2553 2553 2553 
111 111 111 111 111 111 111 111 111 111 111 111 
2885 2885 2885 2885 2885 2885 2885 2885 2885 2885 2885 2885 
1253 1253 1253 1253 1253 1253 1253 1253 1253 1253 1253 1253 
1743 1743 1743 1743 1743 1743 1743 1743 1743 1743 1743 1743 
150 150 150 150 150 150 150 150 150 150 150 150 
2846 2846 2846 2846 2846 2846 2846 2846 2846 2846 2846 2846 
667 667 667 667 667 667 667 667 667 667 667 667 
2329 2329 2329 2329 2329 2329 2329 2329 2329 2329 2329 2329 
400 400 400 400 400 400 400 400 400 400 400 400 
2596 2596 2596 2596 2596 2596 2596 2596 2596 2596 2596 2596 
81 81 81 81 81 81 81 81 81 81 81 81 
2915 2915 2915 2915 2915 2915 2915 2915 2915 2915 2915 2915 
270 270 270 270 270 270 270 270 270 270 270 270 
2726 2726 2726 2726 2726 2726 2726 2726 2726 2726 2726 2726 
1436 1436 1436 1436 1436 1436 1436 1436 1436 1436 1436 1436 
1560 1560 1560 1560 1560 1560 1560 1560 1560 1560 1560 1560 
1413 1413 1413 1413 1413 1413 1413 1413 1413 1413 1413 1413 
1583 1583 1583 1583 1583 1583 1583 1583 1583 1583 1583 1583 
129 129 129 129 129 129 129 129 129 129 129 129 
2867 2867 2867 2867 2867 2867 2867 2867 2867 2867 2867 2867 
104 104 104 104 104 104 104 104 104 104 104 104 
2892 2892 2892 2892 2892 2892 2892 2892 2892 2892 2892 2892 
30 30 30 30 30 30 30 30 30 30 30 30 
2966 2966 2966 2966 2966 2966 2966 2966 2966 2966 2966 2966 
1097 1097 1097 1097 1097 1097 1097 1097 1097 1097 1097 1097 
1899 1899 1899 1899 1899 1899 1899 1899 1899 1899 1899 1899 
1306 1306 1306 1306 1306 1306 1306 1306 1306 1306 1306 1306 
1690 1690 1690 1690 1690 1690 1690 1690 1690 1690 1690 1690 
844 844 844 844 844 844 844 844 844 844 844 844 
2152 2152 2152 2152 2152 2152 2152 2152 2152 2152 2152 2152 
15 15 15 15 15 15 15 15 15 15 15 15 
2981 2981 2981 2981 2981 2981 2981 2981 2981 2981 2981 2981 
446 446 446 446 446 446 446 446 446 446 446 446 
2550 2550 2550 2550 2550 2550 2550 2550 2550 2550 2550 2550 
80 80 80 80 80 80 80 80 80 80 80 80 
2916 2916 2916 2916 2916 2916 2916 2916 2916 2916 2916 2916 
456 456 456 456 456 456 456 456 456 456 456 456 
2540 2540 2540 2540 2540 2540 2540 2540 2540 2540 2540 2540 
1129 1129 1129 1129 1129 1129 1129 1129 1129 1129 1129 1129 
1867 1867 1867 1867 1867 1867 1867 1867 1867 1867 1867 1867 
913 913 913 913 913 913 913 913 913 913 913 913 
2083 2083 2083 2083 2083 2083 2083 2083 2083 2083 2083 2083 
311 311 311 311 311 311 311 311 311 311 311 311 
2685 2685 2685 2685 2685 2685 2685 2685 2685 2685 2685 2685 
28 28 28 28 28 28 28 28 28 28 28 28 
2968 2968 2968 2968 2968 2968 2968 2968 2968 2968 2968 2968 
1076 1076 1076 1076 1076 1076 1076 1076 1076 1076 1076 1076 
1920 1920 1920 1920 1920 1920 1920 1920 1920 1920 1920 1920 
574 574 574 574 574 574 574 574 574 574 574 574 
2422 2422 2422 2422 2422 2422 2422 2422 2422 2422 2422 2422 
1201 1201 1201 1201 1201 1201 1201 1201 1201 1201 1201 1201 
1795 1795 1795 1795 1795 1795 1795 1795 1795 1795 1795 1795 
152 152 152 152 152 152 152 152 152 152 152 152 
2844 2844 2844 2844 2844 2844 2844 2844 2844 2844 2844 2844 
995 995 995 995 995 995 995 995 995 995 995 995 
2001 2001 2001 2001 2001 2001 2001 2001 2001 2001 2001 2001 
54 54 54 54 54 54 54 54 54 54 54 54 
2942 2942 2942 2942 2942 2942 2942 2942 2942 2942 2942 2942 
1277 1277 1277 1277 1277 1277 1277 1277 1277 1277 1277 1277 
1719 1719 1719 1719 1719 1719 1719 1719 1719 1719 1719 1719 
1273 1273 1273 1273 1273 1273 1273 1273 1273 1273 1273 1273 
1723 1723 1723 1723 1723 1723 1723 1723 1723 1723 1723 1723 
67 67 67 67 67 67 67 67 67 67 67 67 
2929 2929 2929 2929 2929 2929 2929 2929 2929 2929 2929 2929 
654 654 654 654 654 654 654 654 654 654 654 654 
2342 2342 2342 2342 2342 2342 2342 2342 2342 2342 2342 2342 
447 447 447 447 447 447 447 447 447 447 447 447 
2549 2549 2549 2549 2549 2549 2549 2549 2549 2549 2549 2549 
588 588 588 588 588 588 588 588 588 588 588 588 
2408 2408 2408 2408 2408 2408 2408 2408 2408 2408 2408 2408 
325 325 325 325 325 325 325 325 325 325 325 325 
2671 2671 2671 2671 2671 2671 2671 2671 2671 2671 2671 2671 
479 479 479 479 479 479 479 479 479 479 479 479 
2517 2517 2517 2517 2517 2517 2517 2517 2517 2517 2517 2517 
825 825 825 825 825 825 825 825 825 825 825 825 
2171 2171 2171 2171 2171 2171 2171 2171 2171 2171 2171 2171 
648 648 648 648 648 648 648 648 648 648 648 648 
2348 2348 2348 2348 2348 2348 2348 2348 2348 2348 2348 2348 
142 142 142 142 142 142 142 142 142 142 142 142 
2854 2854 2854 2854 2854 2854 2854 2854 2854 2854 2854 2854 
150 150 150 150 150 150 150 150 150 150 150 150 
2846 2846 2846 2846 2846 2846 2846 2846 2846 2846 2846 2846 
1342 1342 1342 1342 1342 1342 1342 1342 1342 1342 1342 1342 
1654 1654 1654 1654 1654 1654 1654 1654 1654 1654 1654 1654 
903 903 903 903 903 903 903 903 903 903 903 903 
2093 2093 2093 2093 2093 2093 2093 2093 2093 2093 2093 2093 
440 440 440 440 440 440 440 440 440 440 440 440 
2556 2556 2556 2556 2556 2556 2556 2556 2556 2556 2556 2556 
6 6 6 6 6 6 6 6 6 6 6 6 
2990 2990 2990 2990 2990 2990 2990 2990 2990 2990 2990 2990 
1350 1350 1350 1350 1350 1350 1350 1350 1350 1350 1350 1350 
1646 1646 1646 1646 1646 1646 1646 1646 1646 1646 1646 1646 
1130 1130 1130 1130 1130 1130 1130 1130 1130 1130 1130 1130 
1866 1866 1866 1866 1866 1866 1866 1866 1866 1866 1866 1866 
546 546 546 546 546 546 546 546 546 546 546 546 
2450 2450 2450 2450 2450 2450 2450 2450 2450 2450 2450 2450 
125 125 125 125 125 125 125 125 125 125 125 125 
2871 2871 2871 2871 2871 2871 2871 2871 2871 2871 2871 2871 
661 661 661 661 661 661 661 661 661 661 661 661 
2335 2335 2335 2335 2335 2335 2335 2335 2335 2335 2335 2335 
1204 1204 1204 1204 1204 1204 1204 1204 1204 1204 1204 1204 
1792 1792 1792 1792 1792 1792 1792 1792 1792 1792 1792 1792 
142 142 142 142 142 142 142 142 142 142 142 142 
2854 2854 2854 2854 2854 2854 2854 2854 2854 2854 2854 2854 
867 867 867 867 867 867 867 867 867 867 867 867 
2129 2129 2129 2129 2129 2129 2129 2129 2129 2129 2129 2129 
1083 1083 1083 1083 1083 1083 1083 1083 1083 1083 1083 1083 
1913 1913 1913 1913 1913 1913 1913 1913 1913 1913 1913 1913 
1087 1087 1087 1087 1087 1087 1087 1087 1087 1087 1087 1087 
1909 1909 1909 1909 1909 1909 1909 1909 1909 1909 1909 1909 
404 404 404 404 404 404 404 404 404 404 404 404 
2592 2592 2592 2592 2592 2592 2592 2592 2592 2592 2592 2592 
181 181 181 181 181 181 181 181 181 181 181 181 
2815 2815 2815 2815 2815 2815 2815 2815 2815 2815 2815 2815 
104 104 104 104 104 104 104 104 104 104 104 104 
2892 2892 2892 2892 2892 2892 2892 2892 2892 2892 2892 2892 
413 413 413 413 413 413 413 413 413 413 413 413 
2583 2583 2583 2583 2583 2583 2583 2583 2583 2583 2583 2583 
16 16 16 16 16 16 16 16 16 16 16 16 
2980 2980 2980 2980 2980 2980 2980 2980 2980 2980 2980 2980 
1359 1359 1359 1359 1359 1359 1359 1359 1359 1359 1359 1359 
1637 1637 1637 1637 1637 1637 1637 1637 1637 1637 1637 1637 
1394 1394 1394 1394 1394 1394 1394 1394 1394 1394 1394 1394 
1602 1602 1602 1602 1602 1602 1602 1602 1602 1602 1602 1602 
629 629 629 629 629 629 629 629 629 629 629 629 
2367 2367 2367 2367 2367 2367 2367 2367 2367 2367 2367 2367 
176 176 176 176 176 176 176 176 176 176 176 176 
2820 2820 2820 2820 2820 2820 2820 2820 2820 2820 2820 2820 
554 554 554 554 554 554 554 554 554 554 554 554 
2442 2442 2442 2442 2442 2442 2442 2442 2442 2442 2442 2442 
371 371 371 371 371 371 371 371 371 371 371 371 
2625 2625 2625 2625 2625 2625 2625 2625 2625 2625 2625 2625 
359 359 359 359 359 359 359 359 359 359 359 359 
2637 2637 2637 2637 2637 2637 2637 2637 2637 2637 2637 2637 
24 24 24 24 24 24 24 24 24 24 24 24 
2972 2972 2972 2972 2972 2972 2972 2972 2972 2972 2972 2972 
1261 1261 1261 1261 1261 1261 1261 1261 1261 1261 1261 1261 
1735 1735 1735 1735 1735 1735 1735 1735 1735 1735 1735 1735 
1293 1293 1293 1293 1293 1293 1293 1293 1293 1293 1293 1293 
1703 1703 1703 1703 1703 1703 1703 1703 1703 1703 1703 1703 
1204 1204 1204 1204 1204 1204 1204 1204 1204 1204 1204 1204 
1792 1792 1792 1792 1792 1792 1792 1792 1792 1792 1792 1792 
473 473 473 473 473 473 473 473 473 473 473 473 
2523 2523 2523 2523 2523 2523 2523 2523 2523 2523 2523 2523 
1454 1454 1454 1454 1454 1454 1454 1454 1454 1454 1454 1454 
1542 1542 1542 1542 1542 1542 1542 1542 1542 1542 1542 1542 
317 317 317 317 317 317 317 317 317 317 317 317 
2679 2679 2679 2679 2679 2679 2679 2679 2679 2679 2679 2679 
195 195 195 195 195 195 195 195 195 195 195 195 
2801 2801 2801 2801 2801 2801 2801 2801 2801 2801 2801 2801 
153 153 153 153 153 153 153 153 153 153 153 153 
2843 2843 2843 2843 2843 2843 2843 2843 2843 2843 2843 2843 
1037 1037 1037 1037 1037 1037 1037 1037 1037 1037 1037 1037 
1959 1959 1959 1959 1959 1959 1959 1959 1959 1959 1959 1959 
465 465 465 465 465 465 465 465 465 465 465 465 
2531 2531 2531 2531 2531 2531 2531 2531 2531 2531 2531 2531 
774 774 774 774 774 774 774 774 774 774 774 774 
2222 2222 2222 2222 2222 2222 2222 2222 2222 2222 2222 2222 
1257 1257 1257 1257 1257 1257 1257 1257 1257 1257 1257 1257 
1739 1739 1739 1739 1739 1739 1739 1739 1739 1739 1739 1739 
441 441 441 441 441 441 441 441 441 441 441 441 
2555 2555 2555 2555 2555 2555 2555 2555 2555 2555 2555 2555 
721 721 721 721 721 721 721 721 721 721 721 721 
2275 2275 2275 2275 2275 2275 2275 2275 2275 2275 2275 2275 
366 366 366 366 366 366 366 366 366 366 366 366 
2630 2630 2630 2630 2630 2630 2630 2630 2630 2630 2630 2630 
414 414 414 414 414 414 414 414 414 414 414 414 
2582 2582 2582 2582 2582 2582 2582 2582 2582 2582 2582 2582 
160 160 160 160 160 160 160 160 160 160 160 160 
2836 2836 2836 2836 2836 2836 2836 2836 2836 2836 2836 2836 
171 171 171 171 171 171 171 171 171 171 171 171 
2825 2825 2825 2825 2825 2825 2825 2825 2825 2825 2825 2825 
792 792 792 792 792 792 792 792 792 792 792 792 
2204 2204 2204 2204 2204 2204 2204 2204 2204 2204 2204 2204 
1231 1231 1231 1231 1231 1231 1231 1231 1231 1231 1231 1231 
1765 1765 1765 1765 1765 1765 1765 1765 1765 1765 1765 1765 
517 517 517 517 517 517 517 517 517 517 517 517 
2479 2479 2479 2479 2479 2479 2479 2479 2479 2479 2479 2479 
624 624 624 624 624 624 624 624 624 624 624 624 
2372 2372 2372 2372 2372 2372 2372 2372 2372 2372 2372 2372 
497 497 497 497 497 497 497 497 497 497 497 497 
2499 2499 2499 2499 2499 2499 2499 2499 2499 2499 2499 2499 
253 253 253 253 253 253 253 253 253 253 253 253 
2743 2743 2743 2743 2743 2743 2743 2743 2743 2743 2743 2743 
2 2 2 2 2 2 2 2 2 2 2 2 
2994 2994 2994 2994 2994 2994 2994 2994 2994 2994 2994 2994 
16 16 16 16 16 16 16 16 16 16 16 16 
2980 2980 2980 2980 2980 2980 2980 2980 2980 2980 2980 2980 
8 8 8 8 8 8 8 8 8 8 8 8 
2988 2988 2988 2988 2988 2988 2988 2988 2988 2988 2988 2988 
80 80 80 80 80 80 80 80 80 80 80 80 
2916 2916 2916 2916 2916 2916 2916 2916 2916 2916 2916 2916 
667 667 667 667 667 667 667 667 667 667 667 667 
2329 2329 2329 2329 2329 2329 2329 2329 2329 2329 2329 2329 
209 209 209 209 209 209 209 209 209 209 209 209 
2787 2787 2787 2787 2787 2787 2787 2787 2787 2787 2787 2787 
1357 1357 1357 1357 1357 1357 1357 1357 1357 1357 1357 1357 
1639 1639 1639 1639 1639 1639 1639 1639 1639 1639 1639 1639 
360 360 360 360 360 360 360 360 360 360 360 360 
2636 2636 2636 2636 2636 2636 2636 2636 2636 2636 2636 2636 
314 314 314 314 314 314 314 314 314 314 314 314 
2682 2682 2682 2682 2682 2682 2682 2682 2682 2682 2682 2682 
1360 1360 1360 1360 1360 1360 1360 1360 1360 1360 1360 1360 
1636 1636 1636 1636 1636 1636 1636 1636 1636 1636 1636 1636 
74 74 74 74 74 74 74 74 74 74 74 74 
2922 2922 2922 2922 2922 2922 2922 2922 2922 2922 2922 2922 
1471 1471 1471 1471 1471 1471 1471 1471 1471 1471 1471 1471 
1525 1525 1525 1525 1525 1525 1525 1525 1525 1525 1525 1525 
579 579 579 579 579 579 579 579 579 579 579 579 
2417 2417 2417 2417 2417 2417 2417 2417 2417 2417 2417 2417 
605 605 605 605 605 605 605 605 605 605 605 605 
2391 2391 2391 2391 2391 2391 2391 2391 2391 2391 2391 2391 
512 512 512 512 512 512 512 512 512 512 512 512 
2484 2484 2484 2484 2484 2484 2484 2484 2484 2484 2484 2484 
387 387 387 387 387 387 387 387 387 387 387 387 
2609 2609 2609 2609 2609 2609 2609 2609 2609 2609 2609 2609 
905 905 905 905 905 905 905 905 905 905 905 905 
2091 2091 2091 2091 2091 2091 2091 2091 2091 2091 2091 2091 
61 61 61 61 61 61 61 61 61 61 61 61 
2935 2935 2935 2935 2935 2935 2935 2935 2935 2935 2935 2935 
771 771 771 771 771 771 771 771 771 771 771 771 
2225 2225 2225 2225 2225 2225 2225 2225 2225 2225 2225 2225 
985 985 985 985 985 985 985 985 985 985 985 985 
2011 2011 2011 2011 2011 2011 2011 2011 2011 2011 2011 2011 
654 654 654 654 654 654 654 654 654 654 654 654 
2342 2342 2342 2342 2342 2342 2342 2342 2342 2342 2342 2342 
1405 1405 1405 1405 1405 1405 1405 1405 1405 1405 1405 1405 
1591 1591 1591 1591 1591 1591 1591 1591 1591 1591 1591 1591 
1057 1057 1057 1057 1057 1057 1057 1057 1057 1057 1057 1057 
1939 1939 1939 1939 1939 1939 1939 1939 1939 1939 1939 1939 
781 781 781 781 781 781 781 781 781 781 781 781 
2215 2215 2215 2215 2215 2215 2215 2215 2215 2215 2215 2215 
550 550 550 550 550 550 550 550 550 550 550 550 
2446 2446 2446 2446 2446 2446 2446 2446 2446 2446 2446 2446 
245 245 245 245 245 245 245 245 245 245 245 245 
2751 2751 2751 2751 2751 2751 2751 2751 2751 2751 2751 2751 
1136 1136 1136 1136 1136 1136 1136 1136 1136 1136 1136 1136 
1860 1860 1860 1860 1860 1860 1860 1860 1860 1860 1860 1860 
543 543 543 543 543 543 543 543 543 543 543 543 
2453 2453 2453 2453 2453 2453 2453 2453 2453 2453 2453 2453 
1081 1081 1081 1081 1081 1081 1081 1081 1081 1081 1081 1081 
1915 1915 1915 1915 1915 1915 1915 1915 1915 1915 1915 1915 
740 740 740 740 740 740 740 740 740 740 740 740 
2256 2256 2256 2256 2256 2256 2256 2256 2256 2256 2256 2256 
43 43 43 43 43 43 43 43 43 43 43 43 
2953 2953 2953 2953 2953 2953 2953 2953 2953 2953 2953 2953 
388 388 388 388 388 388 388 388 388 388 388 388 
2608 2608 2608 2608 2608 2608 2608 2608 2608 2608 2608 2608 
273 273 273 273 273 273 273 273 273 273 273 273 
2723 2723 2723 2723 2723 2723 2723 2723 2723 2723 2723 2723 
474 474 474 474 474 474 474 474 474 474 474 474 
2522 2522 2522 2522 2522 2522 2522 2522 2522 2522 2522 2522 
230 230 230 230 230 230 230 230 230 230 230 230 
2766 2766 2766 2766 2766 2766 2766 2766 2766 2766 2766 2766 
1019 1019 1019 1019 1019 1019 1019 1019 1019 1019 1019 1019 
1977 1977 1977 1977 1977 1977 1977 1977 1977 1977 1977 1977 
1243 1243 1243 1243 1243 1243 1243 1243 1243 1243 1243 1243 
1753 1753 1753 1753 1753 1753 1753 1753 1753 1753 1753 1753 
574 574 574 574 574 574 574 574 574 574 574 574 
2422 2422 2422 2422 2422 2422 2422 2422 2422 2422 2422 2422 
513 513 513 513 513 513 513 513 513 513 513 513 
2483 2483 2483 2483 2483 2483 2483 2483 2483 2483 2483 2483 
529 529 529 529 529 529 529 529 529 529 529 529 
2467 2467 2467 2467 2467 2467 2467 2467 2467 2467 2467 2467 
281 281 281 281 281 281 281 281 281 281 281 281 
2715 2715 2715 2715 2715 2715 2715 2715 2715 2715 2715 2715 
739 739 739 739 739 739 739 739 739 739 739 739 
2257 2257 2257 2257 2257 2257 2257 2257 2257 2257 2257 2257 
841 841 841 841 841 841 841 841 841 841 841 841 
2155 2155 2155 2155 2155 2155 2155 2155 2155 2155 2155 2155 
918 918 918 918 918 918 918 918 918 918 918 918 
2078 2078 2078 2078 2078 2078 2078 2078 2078 2078 2078 2078 
823 823 823 823 823 823 823 823 823 823 823 823 
2173 2173 2173 2173 2173 2173 2173 2173 2173 2173 2173 2173 
1353 1353 1353 1353 1353 1353 1353 1353 1353 1353 1353 1353 
1643 1643 1643 1643 1643 1643 1643 1643 1643 1643 1643 1643 
452 452 452 452 452 452 452 452 452 452 452 452 
2544 2544 2544 2544 2544 2544 2544 2544 2544 2544 2544 2544 
1270 1270 1270 1270 1270 1270 1270 1270 1270 1270 1270 1270 
1726 1726 1726 1726 1726 1726 1726 1726 1726 1726 1726 1726 
547 547 547 547 547 547 547 547 547 547 547 547 
2449 2449 2449 2449 2449 2449 2449 2449 2449 2449 2449 2449 
98 98 98 98 98 98 98 98 98 98 98 98 
2898 2898 2898 2898 2898 2898 2898 2898 2898 2898 2898 2898 
261 261 261 261 261 261 261 261 261 261 261 261 
2735 2735 2735 2735 2735 2735 2735 2735 2735 2735 2735 2735 
1174 1174 1174 1174 1174 1174 1174 1174 1174 1174 1174 1174 
1822 1822 1822 1822 1822 1822 1822 1822 1822 1822 1822 1822 
250 250 250 250 250 250 250 250 250 250 250 250 
2746 2746 2746 2746 2746 2746 2746 2746 2746 2746 2746 2746 
446 446 446 446 446 446 446 446 446 446 446 446 
2550 2550 2550 2550 2550 2550 2550 2550 2550 2550 2550 2550 
254 254 254 254 254 254 254 254 254 254 254 254 
2742 2742 2742 2742 2742 2742 2742 2742 2742 2742 2742 2742 
152 152 152 152 152 152 152 152 152 152 152 152 
2844 2844 2844 2844 2844 2844 2844 2844 2844 2844 2844 2844 
296 296 296 296 296 296 296 296 296 296 296 296 
2700 2700 2700 2700 2700 2700 2700 2700 2700 2700 2700 2700 
514 514 514 514 514 514 514 514 514 514 514 514 
2482 2482 2482 2482 2482 2482 2482 2482 2482 2482 2482 2482 
293 293 293 293 293 293 293 293 293 293 293 293 
2703 2703 2703 2703 2703 2703 2703 2703 2703 2703 2703 2703 
1399 1399 1399 1399 1399 1399 1399 1399 1399 1399 1399 1399 
1597 1597 1597 1597 1597 1597 1597 1597 1597 1597 1597 1597 
851 851 851 851 851 851 851 851 851 851 851 851 
2145 2145 2145 2145 2145 2145 2145 2145 2145 2145 2145 2145 
1464 1464 1464 1464 1464 1464 1464 1464 1464 1464 1464 1464 
1532 1532 1532 1532 1532 1532 1532 1532 1532 1532 1532 1532 
1311 1311 1311 1311 1311 1311 1311 1311 1311 1311 1311 1311 
1685 1685 1685 1685 1685 1685 1685 1685 1685 1685 1685 1685 
526 526 526 526 526 526 526 526 526 526 526 526 
2470 2470 2470 2470 2470 2470 2470 2470 2470 2470 2470 2470 
1368 1368 1368 1368 1368 1368 1368 1368 1368 1368 1368 1368 
1628 1628 1628 1628 1628 1628 1628 1628 1628 1628 1628 1628 
101 101 101 101 101 101 101 101 101 101 101 101 
2895 2895 2895 2895 2895 2895 2895 2895 2895 2895 2895 2895 
754 754 754 754 754 754 754 754 754 754 754 754 
2242 2242 2242 2242 2242 2242 2242 2242 2242 2242 2242 2242 
7 7 7 7 7 7 7 7 7 7 7 7 
2989 2989 2989 2989 2989 2989 2989 2989 2989 2989 2989 2989 
16 16 16 16 16 16 16 16 16 16 16 16 
2980 2980 2980 2980 2980 2980 2980 2980 2980 2980 2980 2980 
49 49 49 49 49 49 49 49 49 49 49 49 
2947 2947 2947 2947 2947 2947 2947 2947 2947 2947 2947 2947 
34 34 34 34 34 34 34 34 34 34 34 34 
2962 2962 2962 2962 2962 2962 2962 2962 2962 2962 2962 2962 
173 173 173 173 173 173 173 173 173 173 173 173 
2823 2823 2823 2823 2823 2823 2823 2823 2823 2823 2823 2823 
449 449 449 449 449 449 449 449 449 449 449 449 
2547 2547 2547 2547 2547 2547 2547 2547 2547 2547 2547 2547 
1097 1097 1097 1097 1097 1097 1097 1097 1097 1097 1097 1097 
1899 1899 1899 1899 1899 1899 1899 1899 1899 1899 1899 1899 
53 53 53 53 53 53 53 53 53 53 53 53 
2943 2943 2943 2943 2943 2943 2943 2943 2943 2943 2943 2943 
487 487 487 487 487 487 487 487 487 487 487 487 
2509 2509 2509 2509 2509 2509 2509 2509 2509 2509 2509 2509 
95 95 95 95 95 95 95 95 95 95 95 95 
2901 2901 2901 2901 2901 2901 2901 2901 2901 2901 2901 2901 
317 317 317 317 317 317 317 317 317 317 317 317 
2679 2679 2679 2679 2679 2679 2679 2679 2679 2679 2679 2679 
49 49 49 49 49 49 49 49 49 49 49 49 
2947 2947 2947 2947 2947 2947 2947 2947 2947 2947 2947 2947 
780 780 780 780 780 780 780 780 780 780 780 780 
2216 2216 2216 2216 2216 2216 2216 2216 2216 2216 2216 2216 
52 52 52 52 52 52 52 52 52 52 52 52 
2944 2944 2944 2944 2944 2944 2944 2944 2944 2944 2944 2944 
1005 1005 1005 1005 1005 1005 1005 1005 1005 1005 1005 1005 
1991 1991 1991 1991 1991 1991 1991 1991 1991 1991 1991 1991 
830 830 830 830 830 830 830 830 830 830 830 830 
2166 2166 2166 2166 2166 2166 2166 2166 2166 2166 2166 2166 
436 436 436 436 436 436 436 436 436 436 436 436 
2560 2560 2560 2560 2560 2560 2560 2560 2560 2560 2560 2560 
197 197 197 197 197 197 197 197 197 197 197 197 
2799 2799 2799 2799 2799 2799 2799 2799 2799 2799 2799 2799 
53 53 53 53 53 53 53 53 53 53 53 53 
2943 2943 2943 2943 2943 2943 2943 2943 2943 2943 2943 2943 
67 67 67 67 67 67 67 67 67 67 67 67 
2929 2929 2929 2929 2929 2929 2929 2929 2929 2929 2929 2929 
764 764 764 764 764 764 764 764 764 764 764 764 
2232 2232 2232 2232 2232 2232 2232 2232 2232 2232 2232 2232 
1193 1193 1193 1193 1193 1193 1193 1193 1193 1193 1193 1193 
1803 1803 1803 1803 1803 1803 1803 1803 1803 1803 1803 1803 
1037 1037 1037 1037 1037 1037 1037 1037 1037 1037 1037 1037 
1959 1959 1959 1959 1959 1959 1959 1959 1959 1959 1959 1959 
908 908 908 908 908 908 908 908 908 908 908 908 
2088 2088 2088 2088 2088 2088 2088 2088 2088 2088 2088 2088 
917 917 917 917 917 917 917 917 917 917 917 917 
2079 2079 2079 2079 2079 2079 2079 2079 2079 2079 2079 2079 
410 410 410 410 410 410 410 410 410 410 410 410 
2586 2586 2586 2586 2586 2586 2586 2586 2586 2586 2586 2586 
899 899 899 899 899 899 899 899 899 899 899 899 
2097 2097 2097 2097 2097 2097 2097 2097 2097 2097 2097 2097 
730 730 730 730 730 730 730 730 730 730 730 730 
2266 2266 2266 2266 2266 2266 2266 2266 2266 2266 2266 2266 
1441 1441 1441 1441 1441 1441 1441 1441 1441 1441 1441 1441 
1555 1555 1555 1555 1555 1555 1555 1555 1555 1555 1555 1555 
327 327 327 327 327 327 327 327 327 327 327 327 
2669 2669 2669 2669 2669 2669 2669 2669 2669 2669 2669 2669 
1470 1470 1470 1470 1470 1470 1470 1470 1470 1470 1470 1470 
1526 1526 1526 1526 1526 1526 1526 1526 1526 1526 1526 1526 
336 336 336 336 336 336 336 336 336 336 336 336 
2660 2660 2660 2660 2660 2660 2660 2660 2660 2660 2660 2660 
1087 1087 1087 1087 1087 1087 1087 1087 1087 1087 1087 1087 
1909 1909 1909 1909 1909 1909 1909 1909 1909 1909 1909 1909 
176 176 176 176 176 176 176 176 176 176 176 176 
2820 2820 2820 2820 2820 2820 2820 2820 2820 2820 2820 2820 
92 92 92 92 92 92 92 92 92 92 92 92 
2904 2904 2904 2904 2904 2904 2904 2904 2904 2904 2904 2904 
787 787 787 787 787 787 787 787 787 787 787 787 
2209 2209 2209 2209 2209 2209 2209 2209 2209 2209 2209 2209 
1157 1157 1157 1157 1157 1157 1157 1157 1157 1157 1157 1157 
1839 1839 1839 1839 1839 1839 1839 1839 1839 1839 1839 1839 
1140 1140 1140 1140 1140 1140 1140 1140 1140 1140 1140 1140 
1856 1856 1856 1856 1856 1856 1856 1856 1856 1856 1856 1856 
31 31 31 31 31 31 31 31 31 31 31 31 
2965 2965 2965 2965 2965 2965 2965 2965 2965 2965 2965 2965 
373 373 373 373 373 373 373 373 373 373 373 373 
2623 2623 2623 2623 2623 2623 2623 2623 2623 2623 2623 2623 
893 893 893 893 893 893 893 893 893 893 893 893 
2103 2103 2103 2103 2103 2103 2103 2103 2103 2103 2103 2103 
239 239 239 239 239 239 239 239 239 239 239 239 
2757 2757 2757 2757 2757 2757 2757 2757 2757 2757 2757 2757 
781 781 781 781 781 781 781 781 781 781 781 781 
2215 2215 2215 2215 2215 2215 2215 2215 2215 2215 2215 2215 
831 831 831 831 831 831 831 831 831 831 831 831 
2165 2165 2165 2165 2165 2165 2165 2165 2165 2165 2165 2165 
891 891 891 891 891 891 891 891 891 891 891 891 
2105 2105 2105 2105 2105 2105 2105 2105 2105 2105 2105 2105 
995 995 995 995 995 995 995 995 995 995 995 995 
2001 2001 2001 2001 2001 2001 2001 2001 2001 2001 2001 2001 
1156 1156 1156 1156 1156 1156 1156 1156 1156 1156 1156 1156 
1840 1840 1840 1840 1840 1840 1840 1840 1840 1840 1840 1840 
549 549 549 549 549 549 549 549 549 549 549 549 
2447 2447 2447 2447 2447 2447 2447 2447 2447 2447 2447 2447 
465 465 465 465 465 465 465 465 465 465 465 465 
2531 2531 2531 2531 2531 2531 2531 2531 2531 2531 2531 2531 
3 3 3 3 3 3 3 3 3 3 3 3 
2993 2993 2993 2993 2993 2993 2993 2993 2993 2993 2993 2993 
65 65 65 65 65 65 65 65 65 65 65 65 
2931 2931 2931 2931 2931 2931 2931 2931 2931 2931 2931 2931 
1218 1218 1218 1218 1218 1218 1218 1218 1218 1218 1218 1218 
1778 1778 1778 1778 1778 1778 1778 1778 1778 1778 1778 1778 
10 10 10 10 10 10 10 10 10 10 10 10 
2986 2986 2986 2986 2986 2986 2986 2986 2986 2986 2986 2986 
877 877 877 877 877 877 877 877 877 877 877 877 
2119 2119 2119 2119 2119 2119 2119 2119 2119 2119 2119 2119 
147 147 147 147 147 147 147 147 147 147 147 147 
2849 2849 2849 2849 2849 2849 2849 2849 2849 2849 2849 2849 
38 38 38 38 38 38 38 38 38 38 38 38 
2958 2958 2958 2958 2958 2958 2958 2958 2958 2958 2958 2958 
