340918424
465080679
358082094
495562105
381977735
358082094
283471509
809827987
767636886
656016020
286351757
495562105
286351757
619074111
629174775
767636886
502437722
502437722
500015668
767636886
465080679
96110519
784571241
96110519
119434908
784571241
580826800
719876660
286351757
286351757
205167426
784571241
784571241
990717300
990717300
519763015
519763015
519763015
44976583
619074111
465080679
935136318
79947987
500015668
228349840
830587975
830587975
830587975
719876660
48890382
286351757
574726867
574726867
583353058
366964271
215588095
312586329
312586329
178816812
178816812
979687007
495562105
286351757
381977735
759153400
500015668
465080679
621309166
621309166
621309166
621309166
229915075
215588095
610340975
963820935
963820935
719876660
500015668
719876660
192693041
192693041
192693041
48890382
583353058
286351757
131687293
131687293
169865858
131687293
48890382
131687293
698829989
23593886
215588095
616023352
619074111
813309352
464421530
464421530
619074111
464421530
381977735
566388968
370621525
370621525
250370685
215588095
324852841
820111359
281637769
465080679
465080679
193895367
84383779
135259390
409923990
409923990
565216182
771594958
686411831
331688846
223235172
63113251
545100411
278811166
500001204
250005621
90536336
285267294
260490339
500001204
674263361
217328531
334133792
476258557
191685728
191685728
250005621
920514369
920514369
446080958
867902021
608605553
476258557
717455776
658058510
658058510
658058510
962803532
434002571
569443914
569443914
90536336
117438241
117438241
608605553
571441428
117438241
838719267
117438241
571441428
95654258
95654258
1194303
420643797
194004019
194004019
194004019
194004019
443379849
500001204
290463021
113430495
294783230
878187934
878187934
90536336
767215080
767215080
767215080
919573764
608605553
919573764
699479027
838719267
767215080
500001204
140258922
140258922
167910385
250005621
456056804
240864673
500001204
412068816
420643797
772375707
420643797
772375707
772375707
772375707
306018001
90536336
90536336
605281592
420643797
968701519
968701519
968701519
422416528
557428308
377248404
377248404
377248404
141181178
141181178
141181178
141181178
422416528
250005621
420643797
571441428
334563523
334563523
571441428
805474846
285267294
848937296
422416528
462283348
462283348
965092701
608605553
430002307
500001204
388972036
432956692
906378190
608605553
967435691
967435691
967435691
967435691
571441428
811663155
608605553
446385952
608605553
722891466
969461731
530322405
883428786
409038432
7851052
609861232
571441428
757326644
409038432
757326644
757326644
757326644
757326644
750343045
228709790
250005621
162182221
162182221
896872650
896872650
133370230
972724273
972724273
294820435
500001204
162182221
162182221
990776823
423800256
367398473
107439266
850145075
850145075
850145075
791708059
789179960
537018456
537018456
571441428
270129380
899230455
317843372
130117934
130117934
317843372
162030604
500001204
571441428
818974312
300410605
422069118
838719267
422069118
481854528
844488998
889079171
571441428
831360302
818974312
408995879
571441428
773709486
618650940
398459705
300410605
87310751
85155007
85155007
300410605
571441428
918040432
300410605
118069446
413275411
413275411
413275411
571441428
481854528
413275411
491559542
491559542
999657205
858036570
122762184
300410605
122762184
716267050
227747683
348254526
471230245
328855204
618650940
324850364
300410605
697502705
300410605
567880543
74514840
148882314
148882314
600842754
618650940
300410605
838719267
571441428
40631518
40631518
40631518
926785118
434828305
571441428
300410605
171818879
970447476
467739590
734180357
680657562
227747683
854479393
838719267
902441686
897101820
250005621
169629168
169629168
931877203
931877203
854479393
227747683
931877203
897101820
60148352
519782269
618418057
519782269
519782269
500001204
327790168
300410605
74043166
117151399
897101820
117151399
854479393
500001204
583178792
148882314
500001204
148882314
964795197
964795197
799157401
148713521
964795197
131555829
618650940
799157401
328518198
227747683
597423742
300410605
903020799
903020799
903020799
903020799
161903665
500001204
450524066
222830116
862820696
314887347
412211169
237674860
745666381
745666381
203851344
491138331
856280313
23471642
618650940
838719267
913242909
913242909
913242909
913242909
274904184
23471642
274904184
349902180
274904184
618650940
58043978
58043978
203851344
901946040
35905885
557218870
557218870
349902180
78556697
79789363
79789363
790408031
778536240
618650940
838719267
24499857
300410605
360670300
618650940
299666140
303071446
303071446
137045900
618650940
618650940
300410605
250005621
838719267
773262190
243572508
901946040
810216951
300410605
340255424
198492998
198492998
834134406
500001204
527559055
620886098
831970784
778227671
569947298
500001204
739841970
300410605
125720857
625103851
993251314
993251314
993251314
993251314
625103851
300410605
203378745
618650940
46704391
995590193
838719267
300410605
665504919
995590193
300410605
271805914
571441428
706574248
733670393
838719267
801430952
452210916
612444604
46704391
761612993
75774589
243572508
243572508
761612993
166168389
612444604
490669323
756870527
500001204
571441428
281478727
500001204
838719267
901946040
905893835
521783587
521783587
341740678
500001204
250005621
994589264
341740678
986307898
986307898
408701688
702047642
460638977
243572508
500001204
838719267
915588419
838719267
385403531
702518051
872370641
571441428
905878429
838719267
250005621
802685946
927376410
802685946
77569305
571441428
77569305
884732473
243572508
243572508
884732473
238436944
41894997
250005621
994161604
238436944
838719267
838719267
838719267
907299289
243572508
901946040
101455856
500001204
982191664
838719267
734489100
250005621
618650940
500001204
230477936
612444604
416354266
416354266
700994439
331399485
331399485
331399485
540206513
331399485
243572508
618650940
500001204
100828699
895430672
465650096
465650096
300410605
503418658
503418658
977453905
151948724
615484618
151948724
394258046
300410605
461366741
461366741
429700205
618650940
791963780
394258046
895622712
250005621
917922904
243572508
250005621
157280251
565859898
565859898
134009789
134009789
838719267
134009789
937388739
132393554
901946040
814853046
250005621
758774365
758774365
311112769
618650940
148453545
148453545
300410605
148453545
688901708
24765735
600671141
712989183
712989183
712989183
571441428
959959964
250005621
959959964
271892062
500001204
82779502
82779502
82779502
82779502
82779502
618650940
901946040
1179134
230070212
838719267
919029694
500001204
263140653
618650940
201830996
618650940
300410605
500001204
618650940
838719267
262301634
127623461
243572508
969123214
262301634
554485231
838719267
384962465
354864775
742208741
838719267
706031701
250005621
706031701
618650940
500001204
92684181
300410605
827997288
250005621
322733092
531243989
765697342
765697342
427754486
968687992
269687689
837782698
836564735
531243989
421350243
421350243
500001204
421350243
421350243
654775936
746302239
746302239
269687689
250005621
393289172
55937725
516405515
879503964
437264759
571441428
412690022
970773612
879503964
649362658
408123189
408123189
408123189
408123189
436716490
850169955
953012276
129661399
538756186
538756186
97357576
97357576
953012276
571441428
504591955
504591955
879503964
504591955
269687689
315677328
969675078
953012276
186767819
186767819
186767819
705265168
328840238
328840238
571441428
437264759
407032666
301112262
301112262
571441428
250005621
402883593
291444258
311579802
500001204
380444288
739594848
436716490
437264759
500001204
40946725
40946725
571441428
437264759
571441428
225663679
812713654
812713654
306234778
812713654
812713654
248824787
879503964
248824787
902789716
902789716
902789716
902789716
601472183
124575996
124575996
837782698
872725195
894040837
129661399
682094507
125500512
837782698
716559957
716559957
437264759
538753776
879503964
121005350
121005350
129661399
569458305
569458305
571441428
569458305
837782698
876256207
250005621
876256207
129661399
876256207
129661399
500001204
129661399
837782698
837782698
504205792
500001204
437264759
469084986
839075049
129661399
385897239
385897239
7666684
385897239
616787711
831493748
504205792
504205792
879503964
579919495
837782698
170632328
345785697
953012276
504205792
336497177
837782698
336497177
692720118
129661399
921923228
921923228
794200909
911537457
129661399
330840990
571441428
500001204
953012276
352671579
487844808
571441428
487844808
321364602
129661399
571441428
129661399
757055645
437264759
657848856
129661399
129661399
321364602
351752146
907933048
215066806
642040691
215066806
474874565
182926825
182926825
953012276
338602548
338602548
336285358
783602625
26797530
250005621
26797530
250005621
346972821
346972821
615097718
615097718
12285760
12285760
250005621
12285760
843774443
500001204
440213141
755851230
879503964
53034562
53034562
672895891
817200538
39247499
39247499
250005621
39247499
70985647
911170437
790483256
122546159
122546159
790483256
122546159
953012276
220960755
790483256
129661399
837782698
129661399
790483256
158417825
158417825
267422155
879503964
571441428
990465773
965303768
953012276
790483256
965303768
965303768
879503964
160147720
160147720
437264759
549446138
549446138
404976392
914483878
914483878
6279175
315672059
315672059
773397874
37248561
773397874
500001204
571441428
815705460
815705460
815705460
815705460
879503964
680785140
975021249
975021249
432578555
960009326
990597898
636375840
450230373
437264759
160759796
160759796
837782698
250005621
953012276
129661399
267546820
879503964
394756499
926057890
926057890
571441428
420113377
630196349
420113377
510826406
437264759
906026934
404383191
452997233
151363239
151363239
258588538
519880854
679410820
679410820
953012276
242563524
864520474
56073661
56073661
571441428
500001204
299668335
103443433
953012276
108655082
250005621
385477791
482639333
571441428
131760736
467861091
500001204
119032807
879503964
119032807
491715736
62753013
62753013
491715736
115832989
970399862
37248561
203797311
467071911
467071911
467071911
467071911
467071911
250005621
467071911
897130396
687979528
557246338
798700379
286225496
837782698
918795950
918795950
129661399
220031541
785436650
785436650
692744951
788613467
788613467
250005621
205300448
82027444
82027444
574704110
574704110
519991482
220031541
43161907
437264759
129661399
500001204
701811557
701811557
437264759
701811557
129661399
406707233
879503964
217394505
326458275
437264759
953012276
148754631
250931834
250931834
250931834
384474946
955404433
220031541
437264759
574704110
268145384
48478488
21525012
437264759
250005621
165606146
574704110
12679165
498613889
481629429
12679165
250005621
129661399
814999760
662994574
662994574
574704110
414256242
574704110
579807588
579807588
286357625
314263229
471669173
220031541
632639186
471669173
471669173
968890263
118045698
990994190
990994190
276715117
990994190
276715117
990994190
990994190
437264759
366578586
250005621
101104525
101104525
101104525
953012276
972155657
837782698
972155657
972155657
632639186
632639186
500001204
276715117
58224824
129661399
879503964
632639186
953012276
791388346
953012276
791388346
415749717
437264759
992298506
571441428
770357770
770357770
315403645
632639186
220031541
855467096
315403645
855467096
220031541
962549474
276715117
400408571
400408571
266252233
266252233
266252233
664755414
453330399
453330399
220031541
953012276
152679400
712995887
755075405
837782698
632639186
755075405
500001204
10544427
276715117
545068155
545068155
545068155
500001204
545068155
744808455
744808455
220031541
500001204
744808455
673840676
276715117
220031541
220031541
571441428
220031541
833918694
28279443
220031541
837782698
953012276
326274584
326274584
276715117
187006479
486761077
486761077
486761077
931635800
931635800
30369867
944456902
571441428
953012276
944456902
469356841
944456902
469356841
493141642
935969475
944456902
437264759
935969475
935969475
935969475
944456902
879503964
519191266
207979376
250005621
262413994
500001204
165948587
250005621
6175828
190948313
571441428
571441428
879503964
310222172
243736205
76949712
251032748
310222172
129661399
251032748
571441428
879503964
400821759
400821759
400821759
400821759
204703383
571441428
32633274
353346785
199431832
129661399
632457959
896736464
953012276
627420735
749828442
437264759
979078122
779800206
250005621
407718486
407718486
407718486
353346785
896736464
692466641
129661399
349672181
129661399
251032748
344519184
558795626
437264759
378970678
879920332
879920332
879920332
998484672
404677703
404677703
404677703
404677703
437264759
404677703
28884586
571441428
802872881
802872881
802872881
631847687
74434111
507512164
571441428
571441428
571384328
571384328
571384328
571441428
684795697
727063964
727063964
837782698
890926380
706103889
706103889
571441428
706103889
837782698
837782698
174589219
174589219
125620359
956601515
15729149
15729149
15729149
313877595
152412003
313877595
473334322
250005621
473334322
72652884
143768990
819585179
593753655
494654271
576059977
667625889
684795697
667625889
298663488
667625889
494654271
667625889
667625889
293537517
771115072
771115072
771115072
9433087
9433087
997891720
837782698
494654271
997891720
837782698
5349123
173129829
571441428
579121335
571441428
599336323
579121335
579121335
690603179
690603179
643371206
643371206
643371206
777284517
643371206
298663488
643371206
643371206
266644905
266644905
266644905
266644905
365578368
250005621
824883667
500001204
347852939
684795697
347852939
347852939
347852939
824883667
593753655
257039678
936841014
500001204
473741995
837782698
500001204
965359599
837782698
129661399
173402100
837782698
364322318
562636293
638576124
500001204
494654271
438438954
753711863
753711863
645327182
187980461
187980461
187980461
187980461
876608916
935092962
876608916
837782698
226956591
235589864
226956591
226956591
837782698
778135978
778135978
778135978
311180802
576494613
818360000
824883667
958911054
129661399
235589864
958911054
890517217
106636748
959412454
953012276
439552316
494654271
217151789
963928341
963928341
602840410
602840410
106636748
250005621
887312551
216061408
705146455
494654271
500001204
129661399
494654271
475492670
707251527
837782698
461854745
549822329
461854745
549822329
52951317
461854745
571441428
235589864
250005621
833305525
129661399
824883667
929181106
741322020
837782698
49587944
129661399
758298569
826402676
824883667
336130286
824883667
571441428
790727093
129661399
824883667
323754878
824883667
500659084
500659084
500659084
500659084
500659084
500659084
235589864
361588088
254651051
953012276
732491589
494654271
732491589
716589516
500001204
250005621
637675600
290481878
853187865
361588088
235589864
853187865
788162504
534619290
534619290
235589864
250005621
849280577
909327768
849280577
741322020
849280577
466669299
647537043
250005621
741322020
647537043
501863068
501863068
129661399
837782698
724520435
500001204
953012276
112296275
824883667
837782698
500001204
918303406
918303406
918303406
780861563
433709715
571441428
235589864
387249183
530805480
571441428
677881963
192284150
192284150
837782698
741322020
345442157
250005621
939080154
500001204
886350834
250005621
12133286
183920901
627266791
571441428
250005621
424745312
20172212
20172212
20172212
129661399
709601914
738123023
798659439
464677912
737281962
798659439
798659439
798659439
207737263
207737263
824883667
524859898
716576223
136081829
500001204
283663227
563939626
165022020
824883667
500001204
824883667
715531076
953012276
715531076
494654271
571441428
715531076
953012276
258217443
741322020
500001204
258217443
402692054
885134204
885134204
842109323
824883667
634456642
656555844
891228209
129661399
765920349
960662569
412430772
920014611
571441428
374170008
374170008
99199243
616052371
741322020
616052371
837782698
65468448
125749636
125749636
125749636
129661399
887725502
86220553
499994259
86220553
616170946
571441428
500001204
159043070
904199885
209052583
209052583
209052583
846754410
824883667
503752635
503752635
953012276
250005621
749848866
450207421
167040945
450207421
68239366
837782698
824883667
824883667
499994259
395877944
208977186
499994259
586037904
837782698
824883667
741393130
354569760
354569760
354569760
571441428
354569760
808497664
999240272
495276718
495276718
970286594
395877944
224136036
824883667
641718779
250005621
576916127
482142313
482142313
482142313
482142313
571441428
84998176
837782698
427426036
84998176
207081355
39873272
953012276
515978153
555952978
740060183
837782698
39873272
904199885
238425236
39873272
837782698
84998176
82509360
904199885
904199885
332748033
227292876
837782698
560635396
560635396
157896541
737483082
737483082
737483082
209052583
571441428
407961579
239645682
157896541
129914933
576916127
554716432
44060413
129661399
576916127
44060413
332470306
555952978
282410356
904199885
411014755
741256534
741256534
571441428
507591791
996331448
904199885
129661399
912998539
67516162
824883667
250005621
598059799
598059799
598059799
837782698
375851969
824883667
470286605
375851969
289891967
20882860
241773580
500001204
129661399
646830219
824883667
171465266
188848778
129661399
827606510
827606510
827606510
500001204
756218996
1529763
342603835
241773580
342603835
500001204
824883667
878416462
953012276
143318466
837782698
372474957
292115297
571441428
88740056
36275012
129661399
575309128
40589232
120441844
120441844
120441844
838739526
838739526
538110454
538110454
274947526
337827035
337827035
672083125
337827035
715940058
837782698
911240021
911240021
837782698
837782698
129661399
180308381
447858625
14601318
14601318
549349028
621841832
14601318
14601318
250005621
83936894
250005621
824883667
98019292
231331287
231331287
24035597
549349028
129661399
363761624
363761624
95908766
95908766
953012276
280192300
953012276
706758332
706758332
669403737
405813078
798119480
250005621
953012276
147697833
669403737
500001204
482115851
129093394
250005621
711925415
320342506
711925415
392421259
663489115
180308381
571441428
180308381
39608760
983293225
837782698
46180158
592097262
252049933
252049933
764406293
180308381
528301561
837782698
180308381
180308381
749356249
500001204
837782698
196715964
725295583
373948056
571441428
129661399
954128150
663489115
112314670
953012276
593734609
593734609
593734609
500001204
945067541
500001204
363215339
491112073
916385489
180308381
234031213
234031213
788964078
788964078
180308381
788964078
788964078
491112073
788964078
973023613
973023613
240922572
555894336
873252463
873252463
500001204
612838941
500001204
465797266
465797266
739243086
764773878
841735808
179379116
795440244
372063133
372063133
40347023
887349865
41128736
76626898
770549386
624441631
859942572
770549386
482963649
99858741
99858741
739549075
692010848
770549386
463394074
604216899
250005819
466710031
770549386
154373393
887349865
642870667
332273042
663970149
788137101
250005819
396978491
396978491
250005819
985476430
891858692
330870843
154373393
538079416
859942572
298982000
298982000
179286788
980137313
788137101
980137313
788137101
5043051
296772434
296772434
250005819
252295509
122558110
859942572
155365210
155365210
887349865
850372677
798487450
941169578
88712957
88712957
457421139
627449576
667242230
40347023
500000148
144258907
31376342
322580800
250005819
322580800
509572178
509572178
788137101
509572178
509572178
509572178
351091357
788137101
504890102
952854889
770549386
887349865
442807789
742759157
742759157
864318084
250005819
264830286
591764374
543863219
642870667
543863219
543863219
355820257
219759379
650313853
650313853
954725939
954725939
954725939
954725939
954725939
954725939
162276867
982699427
932473929
765336645
765336645
250005819
500000148
117486519
684120955
614215128
684120955
684120955
876142524
684120955
219759379
544838848
798927848
701696332
642870667
701696332
154373393
411708800
921914940
645589735
645589735
472424715
347389074
640880214
262366983
219759379
859942572
882306823
250005819
250005819
154373393
709054562
154373393
45396350
219759379
859942572
45396350
982699427
557382373
64185327
64185327
544838848
131381444
589631716
329675670
356057071
635949250
657741593
704321805
704321805
500000148
669873647
279882409
591872422
425418686
271871379
895986975
895986975
895986975
669873647
425418686
895986975
895986975
895986975
186476526
642870667
921444089
382658573
495423015
758947043
758947043
362631603
758947043
129171621
129171621
279882409
500000148
154373393
669873647
591581604
279882409
669873647
58558133
859942572
926036325
276523816
276523816
859942572
828279153
869267900
877044284
59248951
741681539
154373393
250005819
859942572
856629247
566168179
566168179
465378907
566168179
566168179
566168179
566168179
279882409
624441631
425418686
425418686
59248951
808674339
420340961
784403727
465378907
420340961
465378907
784403727
599608683
872189355
59248951
250005819
715588019
465378907
279882409
250005819
642870667
414122478
858094828
279882409
909374058
154373393
909374058
909374058
500000148
465378907
243985897
243985897
669873647
859942572
154373393
498038730
250005819
642870667
565781835
943241345
507216321
154373393
624441631
379457416
317512269
317512269
317512269
317512269
436140082
618766052
276437564
250005819
859942572
507216321
411715248
873826406
987934865
987934865
425418686
500000148
553276259
801661096
387251067
387251067
387251067
387251067
387251067
387251067
250005819
452620249
279026282
279882409
268642356
92384610
90574012
624441631
243847395
116628544
980308644
560682765
859942572
442465001
587752670
587752670
587752670
504374835
500000148
504374835
500000148
504374835
313343651
998217295
998217295
930633817
930633817
930633817
930633817
98045683
98045683
98045683
98045683
40045415
859942572
440553658
483621497
968460224
642870667
219796875
691242556
500000148
98026994
507216321
113444022
213286957
692799633
518640933
518640933
562086046
518640933
518640933
177859723
674498406
296959735
674498406
279882409
642870667
778018101
115180382
544790893
556437801
154373393
858883485
858883485
858883485
858883485
341117657
316831729
789548419
500000148
250005819
32058158
624441631
787075620
154373393
787075620
37074995
787075620
500000148
250005819
250005819
571846150
694220142
200275804
381426653
381426653
54093357
620497082
250005819
642870667
154373393
844556545
642870667
443338146
384021473
205326885
205326885
205326885
624441631
606712563
305766853
122260388
279882409
606712563
41513151
41513151
154373393
712198653
154373393
889144002
889144002
889144002
642870667
770080858
127553663
127553663
127553663
127553663
796936914
955214950
677000854
958076705
717722294
354319229
39075101
717722294
740513066
740513066
154373393
540927935
816510989
816510989
642870667
97155535
97155535
359555610
263607946
729638290
500000148
262239655
433728692
717722294
114439324
500000148
624441631
343116392
343116392
791429371
58271032
58271032
775544401
859942572
775544401
310774359
775544401
154373393
263607946
642870667
696180567
500000148
859942572
310774359
439562654
250005819
642870667
74748984
74748984
250005819
493475224
521542839
521542839
624441631
111273196
14930119
499910402
899193757
500000148
250005819
612463718
701196752
379144860
224273231
603830136
86817741
500000148
762072783
500000148
290650667
779721360
779721360
779721360
378281975
8728816
486341271
897993901
486341271
250005819
125306688
203822313
203822313
416004695
203822313
203822313
203822313
664487582
763302876
550025273
550025273
691789661
864059900
859942572
994574207
994574207
832763224
486341271
629340619
629340619
250005819
505731977
217182950
217182950
217182950
283545590
416004695
937823593
426458473
624441631
114532296
772495936
174234903
772495936
860101617
144305690
144305690
624441631
144305690
144305690
144305690
144305690
144305690
57386120
624441631
520642377
500000148
19621910
114546067
859942572
402975258
802051581
802051581
802051581
638199893
250005819
934340291
638199893
937823593
638199893
934340291
642870667
441096213
974632210
945038097
653510107
782124049
511757388
511757388
486341271
258841461
214540337
776683816
38933717
300743102
836247489
836247489
486341271
154373393
636766018
653510107
46361587
757693351
642870667
624441631
486341271
859942572
370729436
618824378
618824378
44277032
809118088
154373393
154373393
920480186
722980501
859942572
688216547
658317659
500000148
624441631
619806667
619806667
214540337
667136019
619806667
619806667
619806667
234499531
234499531
642870667
892172609
260645255
624441631
357045773
392106475
392106475
33750793
154373393
33750793
859942572
518278250
642870667
119053390
791432290
333827270
624441631
326194305
326194305
875459155
624441631
875459155
875459155
875459155
214540337
398728101
859942572
861653172
861653172
309297366
250005819
453505257
984036266
624441631
716731301
809118088
39736861
39736861
500000148
399579862
624441631
770480438
953843251
716731301
953843251
477022
624441631
859942572
214359768
229683428
500000148
500000148
565793378
624441631
809118088
800333174
836588655
836588655
836588655
200919600
836588655
642870667
46361587
642870667
154373393
871723850
368669286
368669286
937823593
107751399
500000148
359701760
3559145
368416300
368416300
486341271
859942572
811983057
811983057
811983057
467756272
285277545
859942572
467756272
500000148
467756272
46552240
250005819
983507082
853091948
937823593
108069355
46361587
895978178
895978178
500000148
624441631
36804466
46361587
36804466
859942572
250005819
46552240
154373393
986700496
442436178
46552240
250005819
481954625
250005819
859942572
172164037
740043158
624441631
77667202
624441631
494091911
494091911
494091911
486341271
494091911
494091911
494091911
642870667
494091911
243500175
659565842
250005819
109751976
538815457
244719836
244719836
908451956
624441631
908451956
908451956
477690097
500000148
477690097
500000148
565304969
565304969
565304969
463954578
766512872
473980597
815786683
84855312
84855312
500000148
815786683
235102421
815786683
250005819
290627570
815786683
642870667
290627570
250005819
719911429
859942572
154373393
634181
704914039
107717715
250005819
342473799
342473799
73815291
687371479
579574529
349881380
599700665
135641851
135641851
852247190
704914039
793551744
624441631
599700665
342598048
342598048
342598048
579574529
250005819
236163535
236163535
831761597
831761597
528734789
244615409
216187980
546352185
642870667
504885206
166647061
859942572
745718111
358162590
500000148
504885206
332005313
332005313
116676713
366070164
154373393
859942572
866581906
514158911
500000148
885957126
885957126
885957126
885957126
500000148
481156983
706589164
481156983
149855321
831928277
149855321
617242213
204563457
617242213
617242213
866581906
821088512
306980046
494431540
704914039
706589164
250005819
103185586
866581906
30939639
148202684
148202684
904330276
398867026
335467327
335467327
549372863
816887330
816887330
816887330
154373393
642870667
701750524
500000148
77322589
642870667
735627358
642870667
518423205
152772084
152772084
131056175
754386653
624441631
43722800
250005819
731716034
164398437
887908825
761316883
749958124
731716034
584345038
584345038
24672224
582209918
250005819
582209918
475569464
260424784
318485887
318485887
154373393
500000148
109329186
624441631
169182531
169182531
618425171
618425171
890268891
956168807
956168807
302732592
67495516
956168807
254454431
254454431
254454431
169076572
219961070
169076572
169076572
169076572
169076572
169076572
500000148
485332434
485332434
799411024
624441631
67495516
250005819
393823988
810240444
810240444
624441631
721608952
721608952
411761561
833283181
784905005
770942349
770942349
862001786
979100162
632524968
250005819
799411024
410981974
282956027
282956027
282956027
282956027
624441631
949791817
949791817
631122433
940502307
642870667
270174825
324229150
620216453
708835217
624441631
708835217
500000148
250005819
958285112
690105174
784344939
784344939
784344939
897408082
32471847
799411024
250005819
362784629
454481407
454481407
799411024
454481407
610855447
799411024
826089136
826089136
821956311
821956311
669070077
897408082
243733361
735628009
220762046
154373393
461321967
461321967
461321967
394821649
461321967
927745677
927745677
897408082
319047744
735628009
642870667
772704973
620216453
772704973
897269310
897269310
696523015
620216453
178680949
631122433
799411024
416284797
861284701
500000148
437998410
250005819
859942572
631122433
522041805
918105289
282654765
207774975
81158746
81158746
469580857
559986302
859942572
301700375
559986302
642870667
559986302
665812608
665812608
56487700
624441631
677862615
757869533
757869533
757869533
620216453
799411024
488899208
227662430
241086935
288890404
620216453
817983926
624441631
213076947
799411024
484492717
500000148
315259198
278026505
642870667
315259198
799411024
154373393
644927023
644927023
644927023
514971149
646257876
514971149
514971149
344360507
154373393
905478260
104878702
624441631
448716708
187242938
21073831
646728233
104694277
267719667
267719667
624441631
642870667
703091673
81080496
725833422
263529586
263529586
187242938
263072823
960275432
499172568
630135878
140055040
481424818
235701105
481424818
458278796
250005819
971872310
798210105
642870667
798210105
154373393
859942572
659184545
465663221
143233659
474839088
187242938
250005819
499301338
154373393
235701105
953387188
741201020
187242938
624441631
734512058
734512058
229201421
867081689
235701105
154373393
869115956
564087000
229201421
812861245
461871892
99136881
858838003
187242938
812861245
250005819
777720517
805270659
588822492
588822492
304664305
229201421
166099897
166099897
187242938
304664305
354481040
818523269
508165851
61223027
812861245
719488639
446705691
741398194
250005819
250005819
199297410
250005819
250005819
508165851
142312902
846648266
680291975
680291975
154373393
647260246
154373393
928816030
229201421
229201421
56482899
269194899
489893044
187242938
154373393
508165851
62233294
235701105
992103961
641202111
965243953
229201421
642870667
696701521
187242938
223012486
223012486
508165851
508165851
624441631
514258221
250005819
250005819
187242938
59637207
448463964
500000148
812226279
187242938
604508423
604508423
500000148
624441631
508165851
2776537
878883602
823323757
513761260
464068579
642870667
28532384
28532384
858453628
292923280
859942572
624441631
48548859
858453628
519368029
642870667
805278442
805278442
508165851
508165851
859942572
500000148
658378116
179674688
225351636
401574327
143244989
586517240
250005819
266900601
454733583
689705974
642870667
880503658
750944648
642870667
535094709
535094709
187242938
260430896
260430896
500000148
859942572
765544980
455583591
455583591
455583591
187242938
523695742
523695742
154373393
154373393
187242938
760090695
519368029
250005819
163081819
357360773
357360773
163081819
416469365
367691646
624441631
402918431
508165851
624441631
711986765
626062880
530631104
530631104
530631104
647169910
647169910
647169910
402953403
603184164
179943980
76500848
187242938
624441631
51624249
361646495
361646495
199466937
845146529
261573302
261573302
381213963
672894975
941575936
554047189
250005819
151961425
737998419
565832893
565832893
250005819
215697263
381213963
545669995
737998419
545669995
545669995
672894975
642870667
965264468
154373393
670087842
776752604
154373393
843241509
776752604
715971161
715971161
761587312
715971161
154373393
525186914
626174043
77848998
525186914
154373393
472723471
367299695
367299695
985530341
985530341
985530341
250005819
57758723
57758723
57758723
154373393
57758723
535353816
940084694
799925102
953505418
472723471
500000148
799925102
122851138
973203031
135611761
154373393
544268785
642870667
641959965
641959965
420781728
973203031
106124534
106124534
250005819
103236532
626174043
621746928
859942572
584425551
626174043
810905624
133341611
626174043
205815076
973203031
205815076
604979908
205815076
133341611
655867459
935300967
626174043
994997484
440904132
250005819
526403513
325268261
194764393
514231971
514231971
514231971
514231971
133341611
624441631
859942572
667027456
154373393
964394435
371843278
148391964
148391964
859942572
148391964
148391964
154373393
973203031
338787656
500000148
338787656
823677505
133341611
894205100
894205100
747102397
133341611
747102397
747102397
747102397
447469328
500000148
371843278
624441631
837329335
624441631
973203031
729819487
720446752
487991402
250005819
720446752
993719781
580433192
642870667
580433192
206687346
206687346
535212231
642870667
535212231
841503093
973203031
888933234
947126914
624441631
956736217
956736217
236145525
973203031
982381157
31164081
982381157
133341611
425958000
810957861
371843278
133341611
973203031
579143768
624441631
800469086
800469086
172784894
642870667
527222217
579143768
527222217
110847612
265529309
154373393
832925179
851879056
851879056
880232239
23872507
99237534
859942572
802015277
420674922
420674922
420674922
420674922
973203031
481956963
484550946
642870667
484550946
809738475
809738475
809738475
329315082
718045277
250005819
154373393
883269712
133341611
883269712
973203031
579143768
600590638
375539189
379712930
250005819
379712930
973203031
624441631
877290060
877290060
653935927
653935927
624441631
624441631
862288080
862288080
154373393
862288080
624732800
133341611
642870667
772240831
500000148
628877587
920859446
931219148
1182497
309445852
1182497
1182497
1182497
1182497
309445852
538213029
538213029
624441631
136306509
136306509
250005819
293321241
967051002
500000148
625884605
500000148
991532875
250005819
625884605
133341611
432037147
110923814
500804827
500804827
250005819
973583702
429167040
429167040
429167040
967051002
859942572
547886966
250005819
500000148
579143768
967051002
452311352
452311352
452311352
371843278
250005819
452311352
464219124
209905174
859942572
568646219
371843278
642870667
579143768
893633598
628753752
250005819
709031572
890101949
143089584
371843278
704940946
250005819
704940946
704940946
704940946
704940946
704940946
821174304
81358252
579143768
234219224
154373393
464491452
999469613
154373393
727405294
727405294
624441631
250852603
530067585
280910573
280910573
869217920
874490611
241094319
15615867
130047787
130047787
130047787
130047787
130047787
130047787
709031572
78351092
597830874
371843278
709031572
624441631
304820617
973203031
641244798
133341611
371843278
3844773
3844773
133341611
859942572
527937460
332084384
332084384
332084384
918674808
918674808
918674808
918674808
918674808
573797858
573797858
419418982
419418982
624441631
475565158
326661457
462352623
859942572
250005819
355314251
575934787
575934787
575934787
352218485
124122399
124122399
124122399
475565158
355314251
908032853
81906389
81906389
81906389
747430591
833893924
663661626
663661626
254846885
589498730
340949209
363798674
847067314
154373393
847067314
847067314
847067314
863572433
194752189
250005819
859942572
922189364
642870667
946720139
692680534
747430591
988097533
908032853
630797802
161866475
910067076
250005819
910067076
978975914
910067076
910067076
642870667
135339036
547012729
44037579
44037579
547012729
747430591
159116133
159116133
537936910
547012729
918865804
918865804
603568982
476940397
476940397
624441631
789628367
194752189
376700911
154373393
326661406
326661406
859942572
36871709
154373393
624441631
744700652
744700652
744700652
83419485
154373393
250005819
250005819
83419485
899858584
777077538
777077538
250005819
624441631
777077538
624441631
360406976
719053010
363091012
19526376
492649065
624441631
250005819
409352374
250005819
154373393
361514982
500000148
355291273
500000148
939949951
939949951
754069034
624441631
655569331
120508224
120508224
83529489
120508224
642870667
935622688
935622688
250005819
624441631
554367061
554367061
936073805
899144567
394834038
859942572
859942572
19526376
821602047
859942572
953574839
332673440
332673440
222093560
243678631
323590899
243678631
243678631
243678631
600651359
624441631
250005819
859942572
154373393
323590899
954450120
954450120
19526376
798296223
798296223
323590899
365528856
409352374
859942572
98860748
98860748
61323453
500000148
409352374
487237686
250005819
19526376
250005819
223804125
409352374
500000148
223804125
235324075
723823553
323590899
204147821
560855634
537370920
598546420
434709214
502702503
92075715
624441631
740473152
740473152
770817013
500000148
154373393
323590899
710326819
624441631
207572504
207572504
578852370
694331437
950781506
477331108
500000148
296875580
409352374
427275829
853242072
576417565
576417565
576417565
797290874
213521463
614082183
74498398
950781506
154373393
480217586
480217586
642870667
491576510
380153141
102672604
380153141
380153141
335511611
986061357
500000148
575806735
859942572
305797459
305797459
738913497
738913497
500000148
642870667
713444240
154373393
13208980
554339149
681206150
681206150
268118565
17121430
250005819
995744170
302880523
801062107
575806735
250005819
110747463
859942572
79056959
912938563
231597611
859942572
231597611
250005819
752815728
752815728
752815728
323590899
24744664
445375721
445375721
500890681
445375721
409352374
774311096
548686459
539162240
548686459
548686459
595131507
859942572
250933918
589300426
323590899
39785348
252681847
252681847
967029455
515378313
916447250
916447250
916447250
267243297
619563625
267243297
500000148
825973697
859942572
825973697
608243175
409352374
608243175
154373393
825383197
500000148
573426836
573426836
575806735
859942572
147970055
859942572
624441631
229797901
229797901
323590899
154373393
659834307
352898062
924584145
409352374
990786333
275986278
659834307
275986278
275986278
154373393
275986278
642870667
343951759
388034796
604295407
13208980
575806735
267243297
153478868
191719065
859942572
219663762
250005819
219663762
250005819
624441631
847452111
594796515
594796515
361700539
624441631
294539718
500000148
624441631
858989847
642870667
500000148
642870667
858991755
154373393
923710719
169841208
859942572
947304349
416837246
104439170
557234990
557234990
324112695
557234990
250005819
29965549
393820596
250005819
39975777
624441631
846174809
670601956
670601956
846174809
846174809
534862642
323590899
323590899
671830197
250005819
324112695
154373393
655961139
323590899
629262667
291524572
874348623
291524572
987343689
291524572
473020983
323198995
642870667
920669133
729101992
323590899
729101992
5061734
178116823
5061734
563734905
270698409
616110761
233100556
501557635
501557635
501557635
956165698
491193795
491193795
624441631
450212786
956165698
657821146
467328280
976500848
748592204
591041155
591041155
705107384
128362308
16926159
16926159
862028282
862028282
500000148
862028282
13801927
13801927
521336688
624441631
154373393
500000148
521336688
71776672
71776672
871175621
871175621
154373393
409352374
352896116
887608561
887608561
887608561
354530849
337231114
694830263
154373393
352896116
337231114
367929141
352896116
367929141
701577522
367929141
803379085
250005819
75670140
540317974
859942572
423507352
423507352
423507352
323590899
123447114
154373393
123447114
358061357
587768253
154373393
352896116
624441631
855415370
902147371
352896116
902147371
337231114
902147371
902147371
554492240
859942572
701577522
701577522
362592496
66889193
624441631
66889193
948536314
250005819
948536314
352896116
618051069
655807916
190122628
674739893
674739893
769203743
312574761
831267331
831267331
789720869
352896116
500000148
817828091
657627787
765563067
765563067
785681749
185014936
341633114
701577522
52070109
624441631
500000148
962728797
609653591
107955027
626977837
655807916
743987656
705068541
701577522
154373393
859942572
655807916
655807916
740249776
740249776
694122490
847627697
694122490
191275331
352896116
729887868
847627697
859942572
250005819
500000148
113045710
671596394
384002957
818124323
166475971
166475971
616879092
211714235
655807916
107623767
650186340
650186340
624441631
185014936
299233754
154373393
559289356
655807916
845304892
500000148
845304892
968910464
332608777
186489976
642870667
777543204
777543204
777543204
642870667
256673052
498905512
498905512
348677505
498905512
202229134
202229134
202229134
118185314
118185314
118185314
154373393
638088920
773915693
773915693
994963817
323590899
994963817
701577522
624441631
768196110
695993226
124695662
24813963
859942572
379619604
159408903
500000148
614262216
614262216
500000148
655807916
798622366
182820322
323590899
427155767
624441631
615028473
352896116
249209131
249209131
500000148
158318988
818124323
655807916
624441631
154373393
412205225
655807916
500000148
993025100
993025100
35950963
250005819
624441631
336010540
336010540
500000148
640220719
352896116
500000148
642870667
590158822
859942572
590158822
590158822
500000148
655807916
154373393
186299644
186299644
655807916
339471433
642870667
759426482
323590899
589835635
760230723
421098341
421098341
626531104
392351820
392351820
392351820
642870667
392351820
313560784
260172863
701577522
981963803
981963803
322261114
323590899
838310081
981963803
838310081
624441631
632657018
618463735
618463735
987506674
987506674
859049093
198283204
170554292
597161731
154373393
204879847
859942572
429348513
815683604
190633448
190633448
642870667
162284983
966552403
662072028
662072028
662072028
6253410
500000148
866574650
859942572
624441631
323590899
972490106
862006497
154373393
862006497
642870667
500000148
323590899
308454074
931423375
859942572
931423375
624441631
280871084
133687732
528471940
528471940
528471940
236645364
642870667
514262217
514262217
219665002
624441631
369793771
369793771
62443619
859942572
126090566
866247384
154373393
795883549
352896116
557007616
557007616
557007616
780566751
354373116
780566751
780566751
780566751
500000148
250005819
347083430
701577522
352896116
642870667
619057121
890829227
137944923
137944923
207248555
207248555
470109099
560439091
560439091
167294883
560439091
560439091
244409894
403783521
430696004
619057121
986190550
571797727
381997603
85447846
381997603
167294883
290751787
619057121
636672109
653295769
276078236
150506409
442948388
442948388
550423715
470109099
341763462
890829227
500000148
980872554
583334592
710196144
740640304
636672109
67848092
470109099
403783521
167294883
293935725
619057121
583334592
610128513
610128513
500000148
699912492
540605237
186324293
186324293
410216147
410216147
325283812
962418461
325283812
388453395
325283812
212555256
150506409
7427834
403783521
302065412
150506409
728116146
167294883
754209668
318471531
64276202
318471531
73918586
256597064
321350244
321350244
167294883
224627935
211093056
167294883
273967322
185213945
531244189
264819857
256140921
978535500
264819857
185213945
264819857
276789602
507880013
276789602
507880013
53372999
963370961
10932690
79447614
79447614
79447614
185213945
43002569
685763756
343940802
256140921
509885439
509885439
717515682
302065412
43002569
509885439
509885439
531789201
43002569
343940802
583334592
892654318
43002569
892654318
256140921
46794340
46794340
470336903
470336903
167294883
470336903
167294883
62848043
427551182
531347075
583334592
384593352
384593352
343940802
384593352
302065412
384593352
479213560
177858196
177858196
210155439
231615489
500000148
583334592
735062889
735062889
86072079
843211975
843211975
843211975
167294883
167294883
451019848
388119
833239506
231615489
833239506
833239506
469904585
500000148
469904585
718534297
718534297
619057121
684693202
642059201
302065412
628478584
628478584
628478584
181154483
628478584
628478584
648633475
231615489
276990242
574662243
97442585
619057121
218396894
684693202
343227812
858886944
858886944
422907504
140718839
648633475
874297708
513446760
513446760
913354189
913354189
583334592
784125629
784125629
784125629
876355010
379044971
624218440
648633475
624218440
624218440
167294883
624218440
500000148
651535203
651535203
302065412
431479210
431479210
558322912
619057121
450175492
450175492
264480996
209650281
658239290
209650281
181154483
500000148
181154483
484384131
231615489
409934435
648633475
863520774
799921404
799921404
353411190
302065412
396116584
619057121
583334592
396116584
390086745
514951781
668258389
657887355
302065412
424269195
231615489
468605002
546347587
546347587
546347587
302065412
872275544
378475912
378475912
146859327
902635347
312222878
771752379
553102599
188904614
188904614
782908025
900417104
167294883
147780682
500000148
207262267
972040966
977188504
648633475
583334592
167294883
87680380
952055891
619057121
714732640
134728244
194009332
98784143
500000148
824694230
654600190
654600190
749847687
749847687
231615489
989927163
185213945
825891484
936471893
130985495
739445122
185213945
401573486
455738169
455738169
661690556
167294883
648633475
858578858
209826005
492690841
905243154
227698794
648633475
500000148
415836853
918432578
167294883
87865365
401573486
23952012
152419195
648633475
539142530
152419195
500000148
918432578
167294883
918432578
401573486
753926909
87865365
401573486
167294883
607242012
302065412
365479226
731797863
583334592
185213945
448810581
500000148
648633475
132173997
918432578
614330140
619057121
231615489
961951031
801670764
801670764
220819436
540407508
600769131
600769131
600769131
600769131
614330140
666523840
706749206
500000148
302065412
614330140
907565445
588399061
588399061
588399061
706749206
99284214
94793106
94793106
644152007
859879174
859879174
185213945
901621104
433415439
433415439
500000148
167294883
340941758
583334592
500000148
174847041
893548175
893548175
185213945
993536172
993536172
477792737
477792737
477792737
477792737
231615489
648633475
167294883
894351012
818110394
818110394
870665896
870665896
670954291
648633475
583334592
670954291
670954291
648633475
167294883
867512026
302065412
648633475
72224185
573960373
654407846
685604713
185213945
595099984
654407846
654407846
707706785
916748711
583334592
916748711
126606849
126606849
126606849
713444118
595099984
63657669
573960373
574232504
384297983
648633475
384297983
390471991
355754141
454245804
424280766
536311242
648633475
396622169
384297983
328090434
328090434
328090434
525500229
898646188
251059191
648633475
932394230
932394230
302065412
629184975
167294883
167294883
215976273
194047885
185213945
674140854
380961272
467063554
583334592
803331622
467063554
583334592
750455120
384297983
648633475
308664504
384297983
308664504
912806452
308664504
941430419
941430419
500000148
941430419
941430419
788204980
628889650
692245727
185213945
788204980
167294883
983342722
582263972
800765725
801319467
801319467
912806452
765470581
760437750
582263972
988003699
684629750
788204980
302065412
988003699
988003699
167294883
279516676
570106869
570106869
122613288
384297983
546355783
302065412
167294883
39420413
185213945
942822378
814517755
185213945
619057121
554109297
670563196
76543814
231615489
76543814
76543814
76543814
939022030
974368159
231615489
648633475
583334592
680713154
999215132
999215132
974368159
587984210
561622109
974368159
737283176
185213945
185213945
478099815
610417841
828661954
557637754
74611649
74611649
372980601
907146521
923812167
97020049
97020049
97020049
610417841
510179813
648633475
891050795
500000148
167294883
617305481
554109297
185213945
665617258
415315348
231615489
415315348
234735964
235140740
78037756
78037756
78037756
78037756
335728886
185213945
554109297
939422039
167294883
939422039
939422039
554109297
913101929
913101929
648633475
913101929
13423236
619057121
161136226
161136226
718914372
161136226
302065412
583334592
161136226
339392039
339392039
339392039
339392039
584945461
231615489
231615489
654896753
944058769
654896753
654896753
684736505
185213945
684736505
684736505
684736505
185213945
551573202
302065412
305114957
583334592
966121678
905270422
384297983
146338723
384297983
677849093
677849093
905270422
231836246
464134175
500000148
583334592
11035690
11035690
167294883
648633475
395327092
384297983
395327092
395327092
231615489
648633475
395327092
605293677
855896879
167294883
231615489
657756621
634503219
433192583
384297983
143613432
902325980
648633475
319486894
319486894
10748135
376289807
460541686
902612866
902612866
902612866
902612866
500000148
619057121
24349783
384783272
675609688
524780993
851118021
851118021
851118021
725640640
384297983
24349783
167294883
474686835
100535208
500000148
770453308
631078039
167294883
583334592
791115238
500000148
594561444
594561444
683617058
594561444
615349415
749615608
749615608
749615608
749615608
619057121
583334592
683617058
749615608
185213945
619057121
583334592
632761329
227983577
221756351
619057121
35247736
735838954
735838954
735838954
675609688
749114161
167294883
194652965
194652965
725640640
194652965
185213945
167294883
494231097
384297983
883471801
841861533
883471801
883471801
675609688
648633475
648633475
384297983
889667348
205909591
231413275
187727261
269622686
119856164
889667348
981816482
554915338
554915338
242834503
888539738
888539738
264045738
807769539
763312801
763312801
231615489
675609688
66936424
628607293
628607293
458803205
852907105
185213945
474330226
474330226
167294883
619057121
761740925
648633475
267404482
302065412
267404482
240555521
472905966
384297983
309067023
189151124
857242716
185213945
210949986
957850069
322920896
302065412
152834974
152834974
152834974
152834974
280282554
655201495
280282554
619057121
482621216
231615489
231615489
807046424
226438714
185213945
289932234
289932234
176292134
231615489
541193047
185213945
719049078
719049078
583334592
231615489
945047980
945047980
945047980
945047980
945047980
225263989
62701326
924943493
384297983
500000148
583334592
500000148
79633416
814693775
167294883
648320174
648320174
167294883
186417949
921339685
973203059
279913082
430875393
245620309
375239242
619057121
725407115
177131664
725407115
231615489
163028099
177131664
163028099
163028099
384297983
226438714
302065412
963591657
963591657
373192648
963591657
384297983
583334592
630812932
167294883
720294332
384297983
302065412
789786365
698171115
789786365
226438714
548053246
262400847
773059462
773059462
525276020
97193652
97193652
97193652
681096422
487180077
487180077
167294883
501232326
198651248
302065412
286862547
226467141
283036978
640366452
519868112
648633475
439344638
749745787
312494772
749745787
730829972
730829972
730829972
185213945
231615489
839482640
185213945
249829309
813874363
813874363
500000148
893937602
406649685
406649685
235363978
235363978
235363978
940788391
185213945
940788391
286281969
720482624
720482624
586321358
583334592
818732168
287259224
525276020
922497718
185213945
231615489
384297983
619057121
833826573
833826573
833826573
904099939
619057121
304400393
120359598
231615489
934364313
934364313
302065412
508746999
484730903
167294883
808321149
302065412
527765531
527765531
583334592
527765531
583334592
50614968
165377857
165377857
583334592
974225195
974225195
384297983
103172684
422120072
422120072
103172684
422120072
109401863
167294883
632167337
781780744
781780744
781780744
366758204
349150978
161533673
442140419
442140419
117999296
161533673
442140419
442140419
648633475
167294883
959312127
959312127
155578499
621321983
360657171
167294883
385227438
500000148
167294883
249442857
841584314
370553037
758553113
302065412
328072830
510225244
619057121
500000148
599129195
328072830
289021953
262168628
586566491
429368037
980222607
980222607
119414534
384297983
980222607
104119069
489679078
662783838
307826141
230613895
798710027
420278569
167294883
384297983
228942497
384297983
315620571
119734118
384297983
63855220
63855220
81187111
940080281
165430385
648633475
771805464
771805464
421639598
925411575
167294883
583334592
381916729
971273121
971273121
619057121
222081975
541250947
266220923
384297983
583334592
500000148
617310621
371533956
371533956
580330367
887792149
942410414
231615489
619057121
167294883
633242803
71908388
648633475
899394490
302065412
915780867
619057121
481809082
628866761
628866761
628866761
45545443
45545443
302065412
882032711
993808741
599676710
732526909
372793213
302065412
13198589
167294883
993808741
609366127
76076758
231615489
167294883
412350568
412350568
500000148
753220558
917912280
412350568
917912280
78652063
336560595
641513633
108745310
496547261
185213945
949497147
648633475
387384659
697109096
217732468
185213945
32847090
145101068
302065412
32847090
32847090
840354366
732526909
262608964
406078246
697109096
211009631
231615489
697109096
404255312
404255312
970110079
185213945
412602721
412602721
648633475
732526909
321477303
627759060
302065412
297473583
97887038
353915867
744019076
619057121
542160795
214826161
500000148
214826161
619057121
243682369
553027662
717029527
931045545
553027662
759230583
302065412
109591209
648633475
167294883
589877817
583334592
648633475
717029527
525741550
143576609
143576609
167294883
143576609
167294883
143576609
243682369
143576609
231615489
525741550
551525547
551525547
231615489
551525547
185213945
240830026
583334592
742250875
742250875
742250875
913332207
619057121
620932621
167294883
440432720
878315412
185213945
963141026
167294883
832537576
832537576
717029527
832537576
302065412
383513660
383513660
383513660
358576428
583334592
619057121
660386089
302576852
148636899
148636899
628484278
619057121
221486633
572295301
666261412
426465941
426465941
583334592
357182226
357182226
185213945
918516737
196107670
231615489
619057121
601969040
732639885
901150861
147073532
918516737
185213945
619057121
500000148
9129774
583334592
193430516
988435163
648633475
866025590
672578699
9129774
185213945
167294883
171759325
171759325
167294883
167294883
302065412
119617596
119617596
134145190
923736601
123465567
9129774
123465567
93793255
93793255
618787498
134145190
583334592
618787498
500000148
618787498
302065412
185213945
93007621
93007621
93007621
855290785
648633475
225677309
225677309
225677309
855290785
988435163
9129774
619057121
102723879
200784129
9129774
200784129
381704822
855290785
333438307
327019199
302065412
231615489
151117263
650614868
650614868
938955531
229389647
229389647
229389647
229389647
648633475
23212423
719615239
797862982
583334592
583334592
249992284
375093786
648633475
938955531
532805720
302065412
793195307
793195307
855290785
619057121
290853721
167294883
938955531
348794150
619057121
65637782
65637782
65637782
385578571
210865343
302065412
273949694
583334592
167294883
302065412
273949694
519889734
544870842
231615489
544870842
167294883
640515790
892351833
500000148
892351833
163522535
988435163
648633475
248849546
185213945
622999396
104496627
231615489
806713516
345600695
345600695
167294883
902795941
770621538
945737660
648633475
945737660
619057121
338126413
397584338
136214657
136214657
84808210
977693261
804687351
500000148
875373336
302065412
29988643
213502213
471972486
805310264
648633475
213502213
648633475
619057121
415248386
483848026
483848026
483848026
213502213
483848026
619057121
583021992
583334592
219022798
451310845
451310845
451310845
583334592
84808210
500000148
451310845
276779592
302065412
276779592
276779592
276779592
89831087
577065970
248985730
248985730
500000148
923949487
923949487
923949487
313691498
167294883
302065412
313691498
84808210
607555351
313691498
313691498
997328491
313691498
583334592
455303116
619057121
185213945
583334592
455303116
648633475
619057121
947773517
623387633
613277796
995630787
619057121
893807153
933380120
133134206
133134206
90507551
748919212
583334592
619057121
706797787
746008500
704883910
11922576
977356815
977356815
869122487
430646667
434859602
216235483
527789945
500000148
11922576
510496036
185213945
510496036
527789945
527789945
182627715
167294883
526200351
778269519
778269519
778269519
185213945
706922929
157349153
105268934
891220696
778089868
619057121
689709848
891220696
970736764
970736764
970736764
90507551
995630787
195294943
185213945
195294943
195294943
185213945
59666621
891220696
59666621
59666621
837669386
59666621
302065412
837669386
587339880
995630787
586306311
90507551
586306311
586306311
529827413
529827413
529827413
619057121
90507551
500000148
378254311
313395002
692256830
692256830
692256830
862455319
895264807
895264807
895264807
624175268
995630787
619057121
724561445
891220696
167294883
877019615
837669386
110461543
891220696
995630787
374076249
840782485
695703715
583334592
55575312
725769279
492132882
167294883
143852584
143852584
143852584
143852584
171414179
939595678
811977541
98851837
171414179
1622762
341160094
341160094
790843618
790843618
790843618
790843618
790843618
495243621
251705954
551427078
361031010
172076409
172076409
302065412
167294883
167294883
507868456
583334592
251705954
185213945
953220206
953220206
78368180
254919188
167294883
356081147
567678731
666969265
666969265
666969265
711938262
711938262
711938262
764712854
443744159
696444654
619057121
321873819
796384923
913928315
583334592
349800962
65963220
65963220
65963220
302065412
982812014
512346153
512346153
512346153
512346153
402295984
583334592
958622814
275928572
275928572
811699547
167294883
619057121
273766441
123857386
268266111
123857386
302065412
472358993
740816177
740816177
167294883
740816177
205126267
273766441
635746257
840483923
926389778
421733517
167294883
619057121
619057121
185213945
974841517
974841517
375008934
842586671
697850953
500000148
167294883
273766441
500000148
780146578
721026204
500000148
840483923
295545425
167294883
717237090
167294883
650479558
619057121
650479558
692521200
689389898
279605497
185213945
273766441
279605497
840483923
255242964
302065412
875868190
875868190
875868190
875868190
811699547
500000148
811699547
406823355
442889544
180951882
840483923
811699547
447256115
950208315
251705954
167294883
583334592
242604266
242604266
522562908
522562908
522562908
251705954
251705954
155685387
959956538
959956538
748748119
840483923
780146578
200843596
249355795
840483923
798590937
167294883
183832846
583334592
755901742
348862600
348862600
348862600
348862600
348862600
167294883
396612672
377267694
209626253
56660461
114045133
114045133
655154786
840483923
273766441
638813926
638813926
228732202
963133107
619057121
583334592
533825626
175905471
583334592
619057121
357103010
170250569
952453557
619057121
432523453
432523453
915825732
442126643
167294883
401277911
401277911
958042189
683498979
273766441
436093710
840483923
746073614
500000148
798590487
829221994
621052202
621052202
809644562
764091361
262754640
396889617
747944153
82579085
251705954
185213945
840483923
273766441
340595754
395050143
734302517
251705954
167294883
432164475
981684559
981684559
981684559
981684559
981684559
37344898
354546122
100080713
89107054
89107054
4909154
305357342
603174078
273766441
295518898
671469831
822444267
749191832
749191832
140529846
748551267
781542602
781542602
361866615
971039358
56781457
619057121
185213945
699186628
699186628
699186628
631869619
631869619
583334592
619057121
583334592
302065412
273766441
631869619
126277038
487835768
302065412
167294883
302065412
688747548
62206855
62206855
859346986
58210069
124235409
328287858
328287858
328287858
619057121
374568833
167294883
477849847
556319040
619057121
442153286
575448824
685465022
78997102
78997102
597136645
853490487
597136645
317427461
317427461
62994143
149780184
185213945
62994143
273766441
62994143
807922939
284672303
737802688
284672303
673659820
167294883
807922939
575448824
328386209
935139746
583334592
685465022
273766441
807922939
83790921
185213945
853490487
665267674
299607668
273766441
185213945
749657649
583334592
780487023
648986115
29256041
167294883
260574252
500742272
307434833
428436999
428436999
428436999
428436999
428436999
575448824
368137150
368137150
426255493
258767206
597620013
124981708
338617063
542131066
302065412
853490487
685465022
273766441
18586802
619057121
696934044
340919910
687045580
999920455
999920455
297022035
474806558
575448824
615588817
615588817
615588817
474806558
685465022
477654704
477654704
474806558
500000148
324274563
302065412
273766441
165542558
165542558
165542558
165542558
498174374
817904311
273766441
552713490
552713490
834975083
834975083
563515476
93956427
93956427
167294883
500000148
379785943
471807639
619057121
841388159
685465022
273766441
500000148
628312947
628312947
628312947
628312947
300593151
184034304
55528860
137434352
137434352
320291455
802084347
471773280
913697593
913697593
850435947
273766441
779241761
619057121
802084347
813108372
813108372
957522837
834616439
957522837
957522837
619057121
653987146
509242910
509242910
509242910
3263015
509242910
449428918
254086691
254086691
165171541
583334592
302065412
651578107
274099246
322976161
28542047
69024416
719461624
983189363
185213945
167294883
831735035
450798203
432197988
704280368
704280368
704280368
619057121
885114197
885114197
446063992
302065412
70786705
491353201
67612841
886971634
886971634
886971634
273766441
167294883
489635868
685465022
294539409
724962343
294539409
500000148
435762365
665375326
185213945
665375326
583334592
665375326
51604218
273766441
51604218
682523345
284632467
185213945
302065412
1449474
685465022
249644656
249644656
249644656
249644656
264010931
233510051
233510051
233510051
524550783
273766441
167294883
583334592
792073079
185213945
514045330
341599149
341599149
341599149
341599149
302065412
685465022
299737183
362920790
302065412
548341297
879794731
586798584
167294883
223152631
586798584
583334592
903064218
184903970
184903970
184903970
184903970
184903970
560356409
560356409
278612993
278612993
405702874
215494095
167294883
534570277
167294883
58706904
583334592
500000148
260241109
185213945
384181116
974376328
974376328
974376328
500000148
772984086
772984086
446063992
255744595
185213945
832835127
619057121
167294883
795410792
795410792
446955079
548988002
104819324
725792032
302065412
75725570
75725570
75725570
47836287
85098329
500000148
60617264
374544675
372750917
609180139
609180139
167294883
609180139
85098329
609180139
748522468
85098329
287686287
60617264
287686287
500000148
287686287
505372881
505372881
60617264
856903864
505372881
392638179
666390583
302065412
598433521
598433521
883504990
883504990
883504990
992122360
526705297
526705297
526705297
302065412
487282546
60617264
290042421
583334592
290042421
619057121
791359535
994132663
290042421
257986412
290042421
290042421
882864763
715807385
919782460
619057121
619057121
699430067
699430067
479906600
628351221
393224762
86131171
494080986
588606977
886913809
886913809
886913809
231335284
401426272
85098329
302065412
619057121
760102091
891675209
739712260
707858145
527781064
666210351
583334592
932154881
244705235
846646830
996793379
865605596
679603950
679603950
583334592
798496517
257986412
60617264
882864763
60617264
342329407
60617264
212662133
167294883
532686718
167294883
619057121
882864763
688354666
257986412
619057121
85098329
883342000
257986412
167294883
569196206
569196206
671229773
306715808
306715808
306715808
202855340
974462622
573836566
672748327
672748327
573836566
573836566
568793610
15051058
136511819
500000148
351762057
167294883
589837684
463820871
356874490
500000148
729054720
693317661
693317661
167294883
791359535
391879526
587144169
496725475
791359535
531326886
167294883
392339026
333299465
824454192
583334592
597128211
824454192
333299465
167294883
827099723
619057121
788922194
824454192
707096013
707096013
791359535
283295686
583334592
980526494
849165959
283295686
283295686
283295686
614026109
849165959
824454192
462622566
462622566
462622566
230518146
950588746
950588746
278654068
882864763
688371310
583334592
563703293
147777241
167294883
342054999
141392575
204570384
204570384
204570384
962516431
500000148
167294883
688371310
494195052
494195052
260469493
260469493
583334592
260469493
802056986
802056986
676530826
167294883
66912000
589709412
66912000
202144620
33171410
33171410
33171410
33171410
33171410
33171410
213868519
688371310
856900819
583334592
849165959
892768846
849165959
71183704
71183704
71183704
71183704
71183704
71183704
621333039
826341349
130613408
167294883
951416133
771693725
167294883
951416133
595283920
445983036
204043613
167294883
204043613
659232980
791359535
445983036
460951135
619057121
925197215
659232980
472554820
9334701
583334592
472554820
472554820
205420192
549026713
500000148
646404453
882864763
976325432
583692233
646064330
509175839
509175839
500000148
562900346
619057121
204583656
976325432
791359535
872678781
594255643
670383304
786893001
167294883
500000148
167294883
619057121
115283481
583334592
976325432
115283481
236572139
375776340
848575636
882864763
848575636
976325432
976325432
583334592
236572139
167294883
791359535
325392030
167294883
15438218
192563146
157339637
192563146
115276064
302065412
515951491
653643376
882864763
208001758
567941672
260198681
567941672
583334592
957461133
167294883
496882422
433157013
218597770
167294883
866906255
613668850
796798153
791359535
384262592
96363231
509175839
583334592
717001971
226309354
949314247
567941672
384191868
171819383
302065412
167294883
29113862
709763141
840117637
984587043
817223991
20058709
613668850
834244856
619057121
302065412
617720340
509175839
617720340
567941672
761462138
930205197
351884031
989353005
989353005
112770751
112770751
203335236
203335236
509175839
55352315
55352315
635607004
603877471
167294883
699186954
791359535
699186954
699186954
699186954
699186954
699186954
699186954
386593306
603877471
32034639
509175839
197865295
509175839
500000148
882864763
663072659
583334592
494130154
494130154
494130154
494130154
494130154
989469422
494130154
757371191
272722948
302065412
757371191
882864763
28810722
173608609
841949938
387429712
387429712
791359535
387429712
882864763
834490129
500000148
641737632
882864763
500000148
791359535
978348651
978348651
360232455
619057121
218977856
167294883
702493848
785951475
330844940
882864763
167294883
864172572
785951475
864172572
167294883
266231871
826974352
751114055
595197884
96656026
683813137
683813137
88202194
88202194
88202194
88202194
88202194
88202194
88202194
167294883
627461818
302065412
793885197
504280485
614318148
128388228
813019236
359704856
302065412
916036329
500000148
496657768
769596709
769596709
769596709
769596709
920220311
791359535
581549068
581549068
676920705
813019236
338423786
791359535
338423786
813019236
791359535
160297405
791359535
160297405
160297405
291841507
791359535
70240538
70240538
70240538
70240538
437561924
437561924
119538685
488957564
495916083
583334592
799806273
799806273
309460726
309460726
958807142
167294883
583334592
958807142
206157948
619057121
621196825
702882432
40899967
40899967
671781059
671781059
671781059
500000148
500000148
756405865
756405865
720875087
791359535
791359535
302065412
619057121
902054973
676584452
867681538
867681538
74096246
74096246
29067062
156660090
488671732
274470461
523068264
346599128
869240168
562233564
676584452
723135851
723135851
676584452
723135851
791359535
632582149
636391812
568156794
568156794
318808396
318808396
415624890
415624890
415624890
415624890
415624890
55705389
121788918
893037327
162684575
692604413
734080006
232547639
889041563
531907491
500000148
507181614
701272828
531907491
6517719
437269488
169340773
692604413
808510584
734080006
808510584
734080006
808510584
583334592
583334592
390316373
734080006
8352006
583334592
522960833
528933510
528933510
453009345
507181614
886745371
904771299
904771299
691029293
666653953
904771299
437269488
478269775
347255855
236783378
544664218
79086358
776380892
140950382
507181614
70339854
452281205
547120482
353460385
353460385
8352006
8352006
500000148
998200504
898060100
490242712
45030590
45030590
781767126
945135068
453009345
223490197
966817923
600555546
600555546
752793919
801511890
801511890
21999997
21999997
46882766
21999997
21999997
904771299
8352006
951807524
684554171
951807524
951807524
951807524
487160574
789297386
487160574
904771299
631713207
820565820
453009345
904771299
956084049
956084049
453009345
722228900
145078630
549716963
549716963
904771299
650492872
583334592
162129372
268119461
280534172
379439757
25414407
452281205
507181614
918964319
813616607
456927828
8352006
456927828
437269488
456927828
453009345
474551039
8352006
507181614
38396287
38396287
38396287
728748726
187336129
728748726
728748726
684554171
453009345
78535788
639553291
910605416
369532284
108288621
437269488
433006509
904771299
452281205
583334592
438339957
63458758
583334592
63458758
780716510
810720358
810720358
703284833
437221362
337689522
384746803
8352006
626360549
684554171
839440216
826635924
488181637
242611750
206047574
721707986
507181614
386026218
386026218
507181614
583334592
904771299
913840544
134518103
611662584
523244291
826635924
800705797
800705797
437269488
558848578
613444191
301890588
51705449
544495589
544495589
544495589
309382361
684554171
238969320
85996882
583334592
238969320
238969320
238969320
85996882
826635924
874509122
583334592
874509122
633681872
874509122
826635924
874509122
507181614
874509122
294965384
904771299
745083940
245766073
134518103
245766073
904771299
245766073
245766073
245766073
94534508
94534508
478165985
500000148
408233515
478165985
478165985
507181614
660949467
434244659
434244659
434244659
434244659
982452890
503004013
500000148
507181614
437269488
904771299
568331154
181243733
134518103
200506901
295118997
904771299
89230527
150289941
606996957
150289941
583334592
776505620
842315151
430621772
341456181
175877068
390181064
127480404
684554171
175877068
176305013
175877068
507181614
453009345
7431544
103636114
761411572
322469177
965442148
817337173
147137864
816523429
166882412
166882412
166882412
272759900
272759900
501154939
719180137
436603478
900266560
611693026
611693026
611693026
904771299
437269488
500000148
309382361
36236568
309382361
478258256
478258256
520933528
478258256
520933528
56141148
56141148
463966816
712829920
867731765
990096725
684554171
185086703
520933528
990096725
185086703
309382361
684554171
185086703
802644062
990096725
500000148
583334592
684554171
776505620
990096725
178342184
178342184
178342184
507181614
583334592
107390481
776505620
500000148
688900842
827715657
684554171
156314452
500000148
904771299
704188839
460291498
684554171
583334592
892371355
892371355
867731765
892371355
684554171
117298806
504530577
504530577
950682759
950682759
453009345
500000148
51933389
500000148
453009345
500358447
500358447
500358447
500358447
500358447
309382361
314556325
583334592
942181433
507181614
362248161
583334592
9233330
507097326
738275690
433843333
949307371
176514703
825523001
997310889
357753276
500000148
377905545
479972573
793476685
598404925
507181614
348146530
537756343
17771060
583334592
602404386
446280448
987986963
437269488
716225760
887423993
716225760
716225760
41976038
616922727
315618422
184018380
184018380
184018380
179809011
649471748
649471748
583334592
159044612
850532839
850532839
500000148
850532839
850532839
850532839
179809011
850532839
684554171
386232872
500000148
386232872
454084818
744087464
613173449
232974282
453009345
437269488
317232497
507181614
327656839
309382361
327656839
684554171
904771299
507181614
161881942
416628705
960695058
327656839
420225180
960695058
960695058
311377902
563239071
337821447
472498256
53702210
53702210
327656839
53702210
53702210
327656839
58523046
58523046
437269488
2670216
583334592
453009345
894602586
309382361
311377902
979484923
546081081
317232497
870173605
583334592
583404970
405822054
583404970
583404970
405822054
583404970
583404970
90484926
583404970
583404970
405822054
904771299
309382361
259020560
684554171
684554171
587552293
307840956
307840956
311377902
311377902
665038
373824286
742617612
113260978
844673170
309382361
844673170
403551488
403551488
500000148
792345447
910653110
150674313
583334592
309382361
384450555
150674313
720821210
676316292
587552293
507181614
316108978
684554171
684554171
319426285
340438904
340438904
770966415
684554171
587552293
293442479
904771299
684554171
453009345
878135689
457960221
355548627
682323525
951124958
631588049
904771299
631588049
631588049
631588049
631588049
904771299
453009345
687935334
453009345
687935334
605929283
309382361
85948867
85948867
729598540
756496985
904771299
591390661
591390661
437269488
337897905
479587152
479587152
904771299
672044396
500000148
533301168
533301168
724761395
121687770
348345414
734943657
111293874
817204802
137720002
190306779
190306779
583334592
742640851
507181614
958031161
707057178
606193542
85948867
437269488
639189762
947076444
391889685
756496985
688773571
496163515
884828673
85948867
756496985
703747380
533352910
437269488
72506450
533352910
533352910
904771299
822642789
822642789
666334458
590767502
590767502
590767502
453009345
369185114
309382361
565919708
565919708
437269488
124730667
368537594
124730667
369185114
124730667
124730667
309382361
124730667
453009345
404218146
548070177
548070177
706698921
833703699
437269488
369185114
524577216
749238815
453009345
452048535
452048535
583334592
452048535
507181614
380565515
380565515
684554171
507181614
964646212
934323974
822554948
437269488
437269488
964646212
372374708
372374708
467895763
807912710
526274161
526274161
807912710
500000148
822554948
478149548
588264017
588264017
195071726
588264017
137400505
478149548
750974157
750974157
507181614
718119232
602805910
500000148
316949176
176906197
871000356
226925413
904771299
309382361
904771299
339952450
388920696
932456746
500000148
583334592
583334592
47235437
465525679
269381426
157010154
157010154
604564613
604564613
257270529
958289673
684554171
932456746
872076223
872076223
360145991
684554171
152415426
152415426
932456746
508146826
60440174
756414907
904771299
904771299
60440174
43776807
932456746
33611164
561453612
583334592
932456746
33611164
33611164
932456746
932456746
453009345
309382361
34870550
507181614
588237246
552378841
552378841
671008497
756414907
583334592
932456746
158172631
650292704
904771299
172784259
904771299
453009345
437269488
932456746
207341523
631305802
29306369
29306369
689981440
453009345
932456746
343163791
343163791
392736856
309382361
169080421
507181614
932456746
169942276
684554171
316472003
684554171
421314637
421314637
421314637
421314637
309382361
631141262
932456746
57530646
241133391
451579384
904771299
201232602
955983592
507181614
222479269
507181614
427879830
599063151
360157135
360157135
213676574
213676574
213676574
213676574
95114111
964355933
507181614
597840778
453009345
271465050
271465050
214306161
968943892
535480090
535480090
666095512
453009345
214306161
123681760
288821310
360157135
284901633
917309860
199665511
199665511
904771299
95114111
927996617
537972468
927996617
537972468
927996617
927996617
927996617
927996617
927996617
917309860
32922647
341971087
537972468
587159579
431103075
274592819
462655221
453009345
462655221
462655221
583334592
494110643
494110643
494110643
377756584
507181614
507181614
360157135
481487110
453009345
500000148
224144168
202876179
276727728
481487110
746119760
584259191
102455130
948554967
948554967
377756584
948554967
904771299
242945275
242945275
302248116
684554171
904771299
699374942
699374942
659296745
191396407
113523737
191396407
800226989
842555928
979670162
726488677
377756584
726488677
684554171
583334592
35445100
894521596
803895065
887705414
887705414
887705414
887705414
887705414
218235945
350154871
218235945
350154871
235028118
386384916
500000148
222192629
377756584
979670162
377756584
195943076
195943076
453009345
386384916
792589648
790073698
507181614
266300078
684554171
266300078
350154871
266300078
266300078
620605341
837327524
816547197
481487110
428758981
875746425
875746425
500000148
507181614
481487110
803895065
433233983
433233983
377756584
154650961
453009345
684554171
847795405
847795405
847795405
507181614
548836411
548836411
377756584
826906066
742594922
453009345
265637159
265637159
583334592
975978018
808841428
808841428
583334592
904771299
227031097
507181614
113271221
327452047
113271221
453009345
113271221
21604108
684554171
511986099
815484518
377756584
507181614
388508295
388508295
388508295
308283487
646268407
646268407
815484518
719473507
719473507
849636536
849636536
113271221
904771299
684554171
88993936
351062154
684554171
615781990
615781990
615781990
720939815
481487110
17903960
481487110
115405253
974426913
974426913
974426913
500000148
769681328
769681328
179433050
577015281
179433050
377756584
658021678
658021678
658021678
773223940
773223940
773223940
684554171
782440800
492166245
782440800
782440800
500000148
453009345
684554171
492166245
453009345
864655901
583334592
904771299
904771299
575995600
646234043
874475396
492166245
492166245
965019972
965019972
308255623
308255623
271737364
271737364
359287630
271737364
131036158
131036158
131036158
131036158
492166245
492166245
999372683
999372683
500000148
679076960
453009345
729027535
684139064
453009345
904771299
579866339
291126512
291126512
453009345
353176053
684554171
31024887
895778541
338568900
698033055
688745413
207918638
832941477
832941477
832941477
227018633
137017254
137017254
601188427
353176053
601188427
492166245
691120016
492166245
269552632
269552632
269552632
269552632
526286679
269552632
500000148
386055001
507181614
345885228
386055001
800989367
800989367
901905887
969983562
453009345
684554171
811995033
938226961
938226961
529218140
979444473
979444473
984109270
904771299
583334592
908702732
341281797
908702732
715765367
13750329
908702732
715765367
453009345
684554171
684554171
507181614
345885228
307045830
307045830
739413926
11725802
309902188
407373938
407373938
407373938
939825380
782644612
272295838
475834238
475834238
684554171
475834238
634987036
453009345
507181614
634987036
634987036
729027535
583334592
632003199
684554171
529218140
214798096
361455258
361455258
434297101
268162877
268162877
507181614
268162877
268162877
268162877
766291698
766291698
345885228
49419393
445179207
684554171
529218140
440948920
440948920
308631255
345885228
541165473
308631255
500000148
684554171
141128406
396926612
511735774
511735774
568351495
568351495
568351495
500000148
507181614
500000148
999181283
999181283
583334592
99556401
709018219
623061216
345885228
723909382
345885228
841003618
22896894
899427214
124879139
92744914
124879139
698253061
684554171
507181614
991471169
110654724
267931775
178556956
904771299
793376910
793376910
737583512
329453485
483979641
227178508
583334592
33545155
583334592
13334345
396926612
453009345
154754379
372204703
816756170
252420161
829098093
829098093
376811666
507181614
361585867
593912709
817633538
837121925
897009068
396926612
904771299
888905832
631752661
470491778
67308631
257806665
684554171
900381190
533747708
533747708
507181614
257806665
507181614
257806665
684554171
847171796
54152894
54152894
54152894
54152894
54152894
396926612
738959890
684554171
345885228
618395229
624119470
344555436
674085393
248043756
350117173
352226792
734828669
769140536
654950811
645291018
645291018
645291018
975635403
645291018
818569733
818569733
67481946
67481946
507181614
583334592
268172378
268172378
162831333
268172378
526444099
268172378
268172378
268172378
526444099
268172378
583334592
507181614
453009345
760310171
174760571
174760571
174760571
345885228
777743733
688387170
688387170
55889249
421755578
55889249
869689057
920229507
920229507
920229507
920229507
175274560
920229507
231784017
920229507
113630951
345885228
51339889
507181614
881730263
594221417
830471413
590997513
131919919
131919919
131919919
646895889
507181614
869276296
231784017
424130519
787928821
353164488
500000148
29451444
36986086
343859194
684554171
611782944
904771299
459060330
530267669
238008201
500000148
809995932
809995932
349567463
5678799
349567463
231784017
349567463
349567463
349567463
646895889
36986086
507181614
931583850
500000148
281664379
958550875
929194522
929194522
453009345
684554171
345885228
453009345
453009345
569734366
569734366
778056734
507181614
914736353
507181614
716744924
871076642
871076642
611782944
844602202
705761162
6222659
705761162
981369307
981369307
345885228
981369307
981369307
345885228
345885228
6222659
646895889
500000148
904771299
646895889
500000148
453009345
613719643
772188670
701282369
453009345
155212468
634088381
443906129
634088381
443906129
443906129
184784251
478325512
478325512
478325512
787005264
583334592
634088381
478325512
646895889
465171986
345885228
921457065
681842368
44217599
44217599
705761162
351049333
276789080
787005264
231784017
228968678
179510699
492409047
190007730
231784017
787005264
681626904
904771299
684554171
681626904
399786429
749701245
89592017
705761162
453009345
646895889
453009345
632445597
705761162
684554171
672505767
684554171
646895889
672505767
904771299
895730994
71803550
71803550
439661654
231784017
507181614
345885228
439661654
403384799
403384799
904771299
705761162
715506728
715506728
123773215
904771299
123773215
985162913
985162913
985162913
897701932
500000148
231784017
552560343
345885228
231784017
684554171
499708010
453009345
737707256
957658870
737707256
381877959
694621382
694621382
447869191
500000148
994262172
994262172
59684723
59684723
854442705
59684723
59684723
500000148
639004016
904771299
646895889
684554171
646895889
646895889
640628038
640628038
305206870
507181614
640628038
500000148
7177892
61618042
7177892
7177892
16203399
16203399
16203399
453009345
321050959
863985824
108651246
646895889
222134835
676211491
507181614
82966337
101528213
76204517
76204517
76204517
507181614
231784017
417860823
301595086
26987749
453009345
541372383
541372383
592416879
592416879
345885228
859304948
171007967
171007967
907707191
332733386
736960758
807960754
632704311
252090188
882075733
684554171
684554171
620252377
587102236
541372383
931315249
931315249
931315249
583334592
931315249
931315249
890753758
890543240
127187942
307758118
684554171
893801931
68285037
489552056
489552056
807960754
814204228
814204228
452011520
688739722
26643934
381813484
381813484
345885228
424994176
70180040
696824819
491703234
994035042
994035042
606389647
684554171
424994176
881025892
382988338
586400109
583334592
271108712
361646292
361646292
638850976
439880501
586400109
439880501
345885228
807960754
654821462
906027671
906027671
684554171
792194653
392096874
583334592
869992644
684554171
453009345
602927264
583334592
970992397
904771299
478372301
500000148
268182285
956697366
956697366
684554171
741744186
684554171
583334592
453009345
956697366
507181614
807960754
956697366
956697366
956697366
904771299
521230626
583334592
539848249
904771299
563808463
563808463
563808463
507181614
889376686
889376686
755234673
345885228
889376686
345885228
762757297
762757297
505097917
880544526
684554171
494769550
494769550
583334592
505097917
494769550
283267237
507181614
494769550
62163522
453009345
453009345
930975901
149382946
500000148
646838051
646838051
646838051
507181614
936204084
936204084
418789169
842569943
936204084
936204084
801120171
507181614
971347841
971347841
971347841
954175416
437385436
105021751
223041799
807960754
500000148
715460161
120232240
889104696
472388392
940477460
171916192
632003135
199756886
591304254
168972451
774151548
453009345
507181614
893009143
872496943
19394366
973016277
927853794
500000148
703376489
779650249
107103628
703376489
904771299
583334592
703376489
950731106
937490543
500000148
789091298
789091298
789091298
789091298
789091298
478128173
741437096
927853794
741437096
624177036
624177036
624177036
140770796
759416529
534245911
383346386
768684257
507181614
507181614
181205330
927853794
632003135
522222008
522222008
522222008
753552610
753552610
371258485
538445738
713353489
453009345
795399181
475663895
653720111
904771299
453009345
186315975
583334592
628518560
671320586
453009345
601649982
453009345
345885228
350768401
475663895
859255765
727283248
557839495
859255765
727283248
433913837
345885228
728152694
721176049
500000148
909964532
909964532
383751412
962325493
583334592
962325493
684554171
3355210
727283248
345885228
804012272
727283248
339257091
977501901
632003135
387194629
632003135
900798062
684554171
387194629
387194629
345885228
613590298
63932929
632003135
345885228
583334592
613590298
712751234
345885228
712751234
345885228
192112371
903306430
760101215
842149359
842149359
727283248
842149359
842149359
767103422
63932929
737661465
632003135
920302138
920302138
500000148
722269244
453009345
532876056
507181614
369220331
205626575
39177996
727283248
697820168
345885228
63458853
63458853
63458853
684554171
230980242
708763078
93577034
888951217
904771299
904771299
304247006
63932929
63932929
400226776
425771948
276458255
727283248
507181614
668396770
668396770
572853086
500000148
474548486
495265243
423865083
345885228
236081506
632003135
971100452
37757270
971100452
971100452
59374945
727283248
147356968
790006864
474548486
147356968
147356968
147356968
147356968
583334592
748568442
748568442
500000148
474548486
474548486
748568442
748568442
904771299
345885228
904771299
36356061
904771299
632003135
583334592
474548486
345885228
632003135
173830524
173830524
179435399
179435399
475663895
572814472
484899320
443537739
236896316
137877160
165134879
1126149
277337774
277337774
342361306
198175997
583334592
439375426
184421745
184421745
904771299
278772898
684554171
302009510
65330023
191682572
429783016
684554171
453009345
777737936
777737936
777737936
536835133
501480581
278772898
315562219
944217060
28705190
944217060
251957359
447552170
583334592
28576594
28576594
983309318
736156937
251733859
735770535
500000148
659063807
904771299
975263832
348868448
439375426
735770535
995807325
878756885
439375426
738609053
168223326
348868448
364698198
549516055
549516055
549516055
949541969
439375426
500000148
684554171
735770535
727012948
389043159
904771299
684554171
904771299
138083166
138083166
187884312
684554171
712262139
75363326
507181614
579540095
317028545
583334592
58827943
286796958
453009345
409598139
447552170
447552170
723092446
257900962
257900962
208749647
447552170
257900962
358405882
257900962
723092446
257900962
208749647
208749647
180843132
180843132
180843132
180843132
492864038
453009345
492864038
90074265
90074265
208749647
486283679
786451229
439375426
904771299
240606500
453009345
504750273
504750273
504750273
504750273
504750273
634878222
503776941
684554171
444858412
444858412
444858412
789301427
789301427
440868627
487955990
904771299
44221952
545925942
191271138
583334592
972787246
44221952
815096854
551624471
69498002
530503542
684554171
993023323
993023323
684554171
40244083
356028245
60124258
60124258
60124258
453009345
649917280
453009345
182701932
649917280
400351549
400351549
856473210
856473210
500000148
843622276
843622276
854314395
904771299
44221952
583334592
191682572
6306832
833608250
191682572
408864588
734528298
430185178
447552170
587952299
439375426
500000148
908205900
31097534
784715666
31097534
31097534
31097534
336569845
158239497
583334592
587952299
908205900
457588789
453009345
191682572
457588789
156095266
904771299
684554171
409712619
979079617
447552170
721448612
721448612
721448612
583334592
45037889
684554171
598072385
287320876
88600363
439375426
453009345
507181614
234360792
560619757
106787994
159305579
453009345
904771299
993448887
993448887
993448887
993448887
734202692
874205586
285440037
192769599
684554171
904771299
289475724
634385662
533443856
545053097
507181614
684554171
229395369
445607662
456903280
456903280
456903280
456903280
904771299
63240067
935905730
935905730
583334592
453009345
500000148
500000148
234633888
641727834
168077818
507181614
574856190
220779083
935657263
500000148
583334592
318817117
495901306
504803931
307685421
684554171
453009345
285165408
285165408
874205586
904771299
756627663
439375426
756627663
756627663
756627663
507181614
756627663
756627663
439375426
904771299
365239214
890150768
890150768
890150768
904771299
583334592
278919905
278919905
71898475
641727834
500000148
904771299
848965809
874205586
465400517
579748032
507181614
872193519
292106291
292106291
751391889
613458123
613458123
613458123
613458123
374767220
485420542
88902195
441851309
545686684
671891003
579748032
583334592
874205586
671891003
904771299
746941605
684554171
453009345
374767220
291817228
374767220
291817228
641727834
273750355
504803931
610734527
555325968
439375426
485448516
874205586
943151502
507181614
142647851
936852476
874205586
500000148
500000148
310909745
282837078
10918232
180774913
10918232
171990253
610880699
610880699
641727834
610880699
610880699
610880699
453009345
610880699
271362822
579748032
439375426
504803931
952310098
952310098
705832258
777585266
765467999
684554171
29897279
314964966
681742022
681742022
681742022
681742022
681742022
681742022
681742022
681742022
439375426
835389831
835389831
466099316
859643756
684554171
500000148
904771299
904771299
901204653
967378076
263249417
120252446
812353750
431823880
504803931
500000148
162817551
72164093
72164093
232127808
72164093
661297417
198507991
838296997
838296997
838296997
799051980
715025207
715025207
715025207
534606981
715025207
500000148
715025207
874205586
423410337
790128382
854474812
696897777
979989376
979989376
214331883
904771299
40958553
40958553
40958553
583334592
40958553
849584049
187741409
507181614
187741409
439375426
911573388
904771299
533749981
533749981
533749981
298703481
678916495
209275732
500000148
872604304
403582497
500000148
403582497
462953882
403582497
904771299
901773455
823403632
823403632
595805670
621558728
153545507
550275936
641727834
453009345
419680464
500000148
148822540
170601832
904771299
550275936
641727834
946433862
695315210
695315210
918602347
640681937
550275936
439375426
792167777
792167777
550275936
792167777
792167777
159003124
962698620
962698620
962698620
687960685
279641022
279641022
246125666
583334592
811210756
762877228
962698620
198032381
473288747
439375426
535915163
583334592
146133069
430010356
507181614
94808498
119654186
904771299
904771299
92533876
728424607
357122241
357122241
740668403
453009345
201833830
78068326
984337187
984337187
92533876
172679679
500000148
24263531
24263531
426060732
281359733
787847364
237471366
232120723
426060732
897132185
259164336
259164336
962698620
962698620
259164336
181385748
684554171
550275936
495350148
130225033
130225033
130225033
130225033
962698620
524927444
129192848
581202013
904771299
848759881
429243002
505393883
955190003
955190003
453009345
153524533
955190003
500000148
904771299
509645490
439375426
453009345
626783459
798993370
179367836
962698620
68247857
904771299
246677163
583334592
583334592
440845761
440845761
546984596
962698620
962698620
684554171
837183699
352359282
921369664
249857482
550275936
684554171
187239789
187239789
641727834
439375426
87918612
87918612
913301945
507181614
724452203
583334592
910148458
684554171
550275936
962698620
951634068
927214114
904771299
703197674
703197674
703197674
947360876
703197674
486424540
515213285
58845225
500000148
962698620
619395702
641727834
727875171
55815479
933530623
115648335
664882926
502545600
904771299
684554171
526340302
253758170
67263738
442437104
444628809
444628809
574914497
764098149
779819290
764098149
583334592
933530623
758649987
698248762
406934087
507181614
372069288
430941902
344798440
453009345
846465450
453009345
904771299
933530623
680213550
439375426
492807814
492807814
406934087
508070780
606050633
606050633
103620421
406934087
684554171
776327292
776327292
776327292
776327292
776327292
493287894
583334592
493287894
574914497
523871878
583334592
431944803
123062077
666623855
666623855
219470596
219470596
684554171
971317314
553239996
443746984
589362569
199094809
185344380
453009345
477498682
477498682
532800028
439375426
439375426
684554171
574914497
453009345
684554171
583334592
224131894
369407532
369407532
583334592
507181614
574914497
566723600
187026687
520716003
380141877
553239996
904771299
574914497
175430888
175430888
574914497
175430888
256218116
175430888
439375426
175430888
553239996
439375426
808805583
843994760
752639310
336947468
935932925
574914497
507181614
13329448
336947468
684554171
885852528
885852528
938157736
843994760
572474331
684554171
411965016
684554171
960999119
960999119
843994760
401112017
401112017
401112017
211267069
531285968
589081479
589081479
684554171
757815958
757815958
813423330
904771299
574914497
439375426
692429284
691435819
843994760
205126689
500000148
67641291
182044879
7046355
500000148
593385228
439375426
182044879
583334592
232207657
232207657
232207657
957228950
453009345
684554171
507181614
453009345
531285968
761305434
574914497
237207592
32924128
684554171
843994760
7046355
200520551
200520551
439375426
409730768
702236829
409730768
542997403
542997403
553239996
566403095
854399477
553239996
16668649
133997924
912630563
133997924
684554171
523001605
500000148
583334592
684554171
119993238
707719268
707719268
608935203
309422000
439375426
684554171
648325808
904771299
574914497
648325808
503638578
554532933
31430516
904771299
583334592
726720932
249925328
904771299
249925328
249925328
453009345
639181660
639181660
639181660
639181660
554532933
639181660
366285201
639181660
593760570
507181614
898018563
583334592
410097957
700769071
509959990
904771299
862207749
862207749
439375426
377688481
726720932
904771299
746073292
684554171
684554171
552334444
500000148
979210021
730825215
574914497
500000148
876492246
876492246
670270116
427659008
427659008
371759659
583334592
500000148
904771299
962184166
962184166
244706824
427659008
311697250
39634528
353638384
557703542
557703542
439375426
801025375
677987817
507181614
469768533
188823552
261355449
583334592
261355449
871784285
871784285
820863862
574914497
820863862
41708995
442948981
41708995
41708995
215350108
963931914
574914497
574914497
453009345
599879179
110919066
271475813
347742717
439375426
85080246
118242665
859912216
859912216
500000148
439375426
439375426
996683401
859912216
439375426
514638489
514638489
514638489
177482736
532424325
683590736
532424325
439375426
684554171
449942122
110919066
943324276
439375426
311697250
992770943
247021857
247021857
574914497
583334592
684554171
439375426
907653628
439375426
453009345
146328598
971208358
53243351
439375426
574914497
507181614
620346563
122579998
87575730
87575730
311697250
552702581
920911694
333247865
500000148
904977264
738787243
953605360
953605360
953605360
627293579
574914497
954306754
627293579
539330227
223805112
684554171
620346563
164910972
734495463
904771299
954306754
223531958
353168719
500000148
973719108
311697250
892337215
892337215
593306358
684554171
544672272
186057842
734495463
904771299
535851021
535851021
535851021
526824142
526824142
519284593
525781430
734495463
72320409
525781430
904771299
437073765
453009345
616256290
683440199
500000148
311697250
574914497
684554171
439375426
422234729
734495463
684554171
904771299
439375426
422234729
508711521
20963471
565147912
972379997
66139805
150210695
312414945
565147912
904011116
583334592
913218647
17234803
17234803
545794706
545794706
904011116
565147912
296394646
751434061
904011116
296394646
947182330
947182330
947182330
507181614
66139805
481753217
947182330
646426870
481753217
481753217
293943220
293943220
150210695
626983014
626983014
626983014
751434061
463832541
626983014
396689084
396689084
545702071
739379276
699808186
516677527
66139805
516677527
566377907
904011116
500000148
66139805
672521074
684554171
612598407
565147912
507181614
863371117
507181614
684554171
489732783
904771299
37942403
324055704
351601360
351601360
751434061
684554171
587251471
646426870
951239607
269710427
920410375
507181614
904011116
942284348
751434061
904011116
904771299
738431602
133224646
421140827
50467656
507181614
990231392
646426870
934090204
904011116
934090204
934090204
934090204
751434061
150210695
646426870
214818990
751434061
66139805
904771299
315416651
957096878
656738067
646426870
507181614
507181614
428949019
684554171
684554171
66139805
440968669
148951653
440968669
583334592
66139805
904011116
583334592
904771299
768517191
768517191
768517191
66139805
62560393
62560393
62560393
507181614
646426870
646426870
453009345
507181614
609432409
66139805
555300205
555300205
127495755
127495755
646426870
500000148
453009345
751434061
751434061
584091486
584091486
148951653
628967748
715866429
715866429
715866429
851641345
851641345
507181614
848242226
848242226
583334592
507181614
492006304
583334592
904315778
904315778
904011116
904315778
904315778
994248621
874438
549611397
874438
549611397
965785387
965785387
55134436
55134436
55134436
507181614
99963789
904771299
379260819
500000148
251596186
500000148
453009345
207464550
43114994
43114994
43114994
66139805
363511299
66139805
59552822
500000148
374333661
904771299
868936506
868936506
453009345
18647813
762913248
904771299
646426870
453009345
684544754
904011116
583334592
684544754
684544754
684544754
66139805
36802662
521600823
904011116
66139805
876072381
751434061
646426870
904771299
500000148
990670438
323152878
579598966
751434061
261933366
66139805
646426870
261933366
579598966
579598966
622489093
308853383
308853383
934963251
583334592
646426870
579598966
620293417
904011116
567184080
567184080
567184080
567184080
951848002
415926532
583334592
751434061
116455905
613473164
574775005
453009345
338752117
338752117
583334592
169336153
97936326
15639460
15639460
28756502
684554171
832433613
751434061
946762940
946762940
946762940
904771299
946762940
414790540
531876986
531876986
74233108
83441884
751434061
986502427
981696286
759744731
66139805
927416162
759744731
981696286
453009345
923924913
164004631
981696286
500410849
500410849
316781964
588165937
461165568
316781964
435014895
435014895
863279270
368103644
507181614
904771299
863819539
89871248
507181614
585190148
33432688
33432688
33432688
44267981
453009345
863279270
955492233
410613025
93683742
93683742
863279270
200776655
200776655
751434061
209707805
53280396
53280396
53280396
53280396
66139805
821535138
821535138
66139805
684554171
241575061
635149721
863279270
453009345
720647998
720647998
352712404
453009345
76681460
904771299
76681460
66139805
500000148
955492233
507181614
489822388
128109118
489822388
751434061
583334592
794881675
794881675
507181614
795534110
385816792
128109118
795534110
795534110
684554171
574461215
574461215
574461215
500000148
714349393
453009345
553236557
288232114
453009345
288232114
288232114
863279270
863279270
904771299
973770014
684554171
76844496
583334592
507181614
799956967
583334592
684554171
607685222
607685222
607685222
607685222
66139805
732988988
336881366
417066676
417066676
417066676
364578421
620929124
13450070
934152863
500000148
583334592
285086141
453009345
751434061
438305334
533557595
453009345
533557595
533557595
533557595
849312753
533557595
666143267
666143267
145124724
904771299
957770384
218773918
583334592
698762810
294686782
294686782
39874176
176063890
176063890
176063890
498231
875813057
498231
498231
498231
522977585
928264294
306468502
27667877
947914730
768338542
666574893
33962802
33962802
162693267
453009345
546308155
546308155
453009345
546308155
316774280
545868445
768172899
607895711
545868445
768172899
821384375
768338542
306293210
306293210
583334592
684554171
684554171
583334592
832059571
583334592
598608932
537435658
643965792
537435658
300351099
741670669
666574893
741670669
741670669
741670669
507181614
684554171
208076214
96505756
603175715
519337174
461169419
443825608
904771299
545868445
684554171
583334592
828022534
545868445
583334592
362664765
323057548
276150252
276150252
512966562
684554171
957399059
957399059
627500122
186561578
556866544
507181614
507181614
703757232
450893462
203347117
353587796
777959102
43533264
275644009
907851935
777959102
848931623
507181614
565480621
353587796
43533264
507181614
453009345
17357106
353587796
829239355
684554171
829239355
982627068
904771299
80605850
576803387
576803387
458225810
712451214
712451214
712451214
631912067
725105533
725105533
666574893
107352016
499433994
937271374
500000148
937271374
514902198
583334592
943351997
968489216
872797393
872797393
43533264
404031268
812980045
597596832
583334592
757568810
757568810
757568810
757568810
414422283
845673069
528222924
97741120
97741120
496242876
624597908
200636136
971063907
971063907
971063907
904771299
946058938
155405370
649316268
649316268
73657247
73657247
946058938
99449798
345002466
725232571
995460477
293272485
293272485
358303144
358303144
481622467
481622467
904771299
583334592
29773768
565338832
713997541
888689923
759246058
500000148
759246058
847203841
583334592
224974829
659049601
659049601
904771299
659049601
659049601
706264804
841076094
922894310
841076094
340661052
841076094
938304072
29773768
642024196
748930409
453009345
73809494
340661052
73809494
465110075
277690165
490032081
930255936
583334592
847203841
869084948
583334592
869084948
869084948
771870079
110671125
775233363
492655003
954427592
453009345
784646547
784646547
642024196
667861621
667861621
1271302
725696346
453009345
803753711
358863145
358863145
29773768
769329178
919773460
583334592
723391839
723391839
1516081
1516081
684554171
692631106
29773768
152491061
152491061
642024196
256833809
642024196
643846475
643846475
847203841
29773768
786700261
684554171
828837739
847203841
309625762
958299341
368960978
834614827
593976501
302576545
809651198
38820605
74307622
385468275
904771299
684554171
847203841
52912419
382221922
666759869
796678069
583334592
922342812
576229139
500000148
453009345
847203841
391435674
938304072
116533307
669173713
583334592
695237311
642024196
516955665
583334592
786700261
534173372
955746846
955746846
593955645
210601604
786700261
398610063
398610063
398610063
398610063
595115242
595115242
186741637
851185902
712026725
712026725
712026725
981671815
981671815
627368463
627368463
627368463
453009345
847203841
500000148
286235227
709120629
52983414
52983414
708514354
708514354
708514354
708514354
272107768
275166616
275166616
247583249
247583249
247583249
847203841
814545845
453009345
773974462
684554171
684554171
545061083
453009345
809358103
809358103
882326895
3624578
453009345
959858630
863497506
831029016
831029016
831029016
846675092
553812610
794237224
29773768
989874683
3624578
500000148
68325823
68325823
847203841
590082819
590082819
938304072
613658176
613658176
250130340
453009345
847203841
696571994
970412695
28948759
970412695
847203841
500000148
871094063
970412695
101418617
199151535
572263823
585082212
585082212
585082212
520366790
912277501
787786677
418688372
163198019
163198019
670931922
289120573
327250847
289120573
289120573
289120573
680434313
680434313
904771299
520366790
914591861
473695472
369916364
418688372
528957177
426356194
426356194
426356194
304200449
426356194
426356194
426356194
426356194
904771299
426356194
407072551
77745563
427515883
632069931
937806768
937806768
327250847
703397598
9305001
597355162
327250847
407072551
736880050
736880050
327250847
736880050
453009345
736880050
736880050
628279703
124104503
327616964
904771299
583334592
453009345
175965381
327250847
632069931
748011474
748011474
748011474
187269076
957972682
859555357
280574419
827348751
280574419
280574419
76423525
741108611
632953073
632953073
632953073
275220855
76423525
275220855
599915539
599915539
599915539
599915539
76423525
453009345
766453620
766453620
118578040
76423525
952914849
418259585
453009345
968495134
565324416
565324416
967571331
967571331
665455068
159358670
453009345
904771299
810933152
810933152
84424275
984472076
583334592
76423525
373478564
500000148
638837668
638837668
751270412
438879629
904771299
605236820
787786677
839474212
228755566
786451183
806183822
453009345
569269830
615547237
507508356
473034901
471272471
471272471
378679254
183380588
129506476
885460167
853349925
185838381
827348751
853349925
583334592
787786677
118684390
327250847
806184276
901583574
787786677
901583574
827348751
519448484
901583574
901583574
333029110
645277673
934755075
645277673
583334592
296600048
296600048
71771984
962630960
288458408
904771299
228755566
469757462
787786677
71771984
107773409
71771984
493435778
493435778
493435778
493435778
827348751
827348751
415798461
349504626
349504626
500000148
455624267
289813547
162507651
156161803
778341758
787786677
453009345
500000148
787786677
692462758
327250847
692462758
562689342
563983251
563983251
500000148
261058200
261058200
583334592
830380467
684094180
787786677
787786677
173631902
371564930
904771299
465986943
422100294
422100294
500000148
422100294
796318255
904771299
383993929
69277842
173631902
500000148
161075210
212590405
212590405
991288692
325158078
499349310
415545777
485069108
527808893
836547696
931957221
500000148
931957221
749804757
861549936
861549936
127862237
904771299
169703233
169703233
169703233
169703233
583964236
141026690
141026690
179499195
381721709
394293572
417228181
331712408
381721709
306409639
583334592
583334592
453009345
930160228
930160228
918535956
865393402
470164292
470164292
453009345
364581001
787786677
492795374
865393402
749804757
364581001
904771299
364202071
787786677
176838726
478088304
583334592
754458828
518563883
518563883
518563883
692482063
692482063
975151566
127862237
619659797
619659797
904771299
532885840
619659797
619659797
619659797
137584946
213238375
213238375
900597591
433985901
842685890
842685890
361272710
361272710
361272710
327250847
932219207
794836160
754458828
327250847
95270861
95270861
78815075
78815075
78815075
787786677
904771299
660989958
127862237
982680702
982680702
327250847
900597591
774937407
327250847
948858100
948858100
772600731
394293572
788829744
500000148
922983637
627957602
453009345
900597591
195571705
782338568
222333250
782338568
583334592
453009345
453009345
787786677
127862237
921902359
511576551
327250847
583334592
508932995
784282356
784282356
904771299
212146296
576379634
608586628
904771299
787786677
394293572
53135058
422839516
904771299
484253419
937891425
937891425
327250847
937891425
962476652
453009345
962476652
127862237
900597591
12407892
109215680
934195529
904771299
20073200
127862237
501372563
989928883
904771299
200468522
989928883
787786677
583334592
638538360
127862237
446634584
446634584
913697156
535602990
127862237
787786677
583334592
904771299
628947748
299755766
467919283
787786677
904771299
312665694
319160891
319160891
583334592
220962122
220962122
789473536
500000148
538857563
55064866
757648711
184391572
775766350
55064866
470813473
919668863
919668863
500000148
886220876
55064866
772140637
583334592
757648711
665949924
665949924
683957093
665949924
27539937
787786677
27539937
27539937
27539937
27539937
453009345
144463114
399278220
399278220
90965990
327250847
971944295
971944295
453009345
33753308
473128914
500671106
716626455
917380514
583334592
54211619
54211619
399278220
453009345
478745621
541587950
541587950
905038267
583334592
656103355
656103355
349702779
399278220
349702779
349702779
904771299
726868740
317167047
976254214
72743171
976254214
606099968
561409166
521980807
521980807
521980807
25444909
126160024
500000148
455774013
455774013
500000148
169968678
169968678
177857489
994309426
994309426
994309426
994309426
994309426
787786677
895632933
830488131
877847441
812032845
996297376
996297376
126160024
377494698
377494698
377494698
377494698
500000148
988680594
327250847
403590835
403590835
377831404
636939855
652424606
786643351
642278674
642278674
127910865
127910865
127910865
453009345
986148474
35556236
751761340
126160024
639762173
396136878
453009345
327250847
729276440
729276440
386203713
277737602
277737602
277737602
35556236
130895287
898608681
961265442
35556236
898608681
500000148
818152398
787786677
342418060
807793090
440000523
904771299
500000148
583334592
912336828
912336828
713411426
595850215
42049726
978631008
494026524
787786677
115111096
115111096
115111096
779439
961265442
112237650
608955797
907271986
37133549
390575846
145722207
596861156
294617729
453009345
429088672
429088672
500000148
766782693
961265442
766782693
453009345
327250847
961265442
126160024
126160024
914292280
990393591
990393591
990393591
557850366
453009345
751761340
557850366
35556236
583334592
751761340
665576459
722061663
825762944
453009345
500000148
704477348
787786677
904771299
514605381
739823445
35556236
852195661
877515383
522210223
142453118
500000148
453009345
61476968
500000148
61476968
348691805
341487407
969885879
961265442
500000148
726846659
166447247
690616790
881301486
94769414
254657151
126160024
684226526
684226526
583334592
684226526
130982100
684226526
684226526
684226526
583334592
819180405
163130923
512673752
568567913
583334592
97752515
803029171
287911310
257478866
43153141
904771299
43153141
266710481
251726022
311270752
371023292
500000148
904771299
815166080
815166080
939361754
787786677
2391452
2391452
136996659
500000148
937240299
257478866
521710837
904771299
782129744
388855292
388855292
388855292
854265671
622587656
217198744
904771299
808863018
663802061
808863018
904771299
84337933
451719437
73032378
835703806
903571452
903571452
646354757
327250847
913643704
73032378
785237560
92135941
639707087
580601368
580601368
453009345
580601368
663802061
25241365
904771299
583334592
91520673
237065211
791664871
726559972
904771299
257478866
663802061
734951362
510165880
44694694
73032378
741358426
59715559
26128132
904771299
274959352
583334592
342649282
342649282
751590246
88768337
674914474
750480258
330379891
663802061
734951362
632914564
632914564
632914564
734951362
632914564
601956129
334599481
351408889
126160024
310622339
310622339
257478866
791488640
133160593
310622339
26754077
601956129
500000148
500000148
327250847
662822965
619576876
962578385
44027269
44027269
19923112
469883111
827213004
904771299
257478866
827213004
827213004
904771299
387094839
387094839
947171281
947171281
85964861
85964861
258147518
510149858
510149858
939909209
583334592
399107706
939909209
244395396
244395396
20608600
680259678
960400173
20608600
953856873
613737034
282317321
49605929
183256130
183256130
522506812
183256130
183256130
771727279
199142627
199142627
258147518
959372672
199142627
346774476
346774476
346774476
981279356
981279356
258147518
981279356
857160775
771727279
877829709
877829709
597342479
489305584
771727279
168332347
715151749
715151749
684921778
500357828
874294075
500357828
500357828
500357828
371888683
500000148
708453205
512485285
960400173
884438657
956858766
820002749
500000148
453009345
49391811
686067394
686067394
666402315
782960776
453009345
782292960
782292960
771727279
782292960
577016338
597342479
904771299
270718243
771727279
270718243
352076142
453009345
415767071
415767071
608379884
258147518
768472565
904771299
14334924
238875089
98744382
713837931
658097746
293544847
293544847
871083457
771727279
871083457
871083457
871083457
771727279
56419675
489823596
520975875
771727279
495056533
988925587
132856492
47251747
751387397
356791884
963315361
180999776
180999776
547576239
547576239
959925851
995968261
242316265
568237235
995968261
568237235
242316265
41300230
97758724
97758724
583334592
453009345
242316265
92968411
118036895
904771299
959925851
597342479
301337641
904771299
118036895
270978900
270978900
270978900
270978900
959925851
454400140
454400140
779289558
887231322
500000148
242316265
963315361
917553448
959925851
453009345
453009345
234643850
131976225
757324171
771727279
757324171
757324171
757324171
757324171
757324171
583334592
453009345
418774413
387188835
728986651
418774413
206926146
904771299
290970002
206926146
904771299
771727279
578326576
578326576
111417950
31143609
31143609
988530913
500000148
268546206
502013698
502013698
131976225
268546206
483487914
105344759
968007408
659763327
904771299
261188494
212126462
97758724
824478559
824478559
583334592
559215367
559215367
758346223
758346223
904771299
212000215
904771299
992242795
568209302
583334592
595448957
953433363
268546206
953433363
953433363
953433363
457627083
31241928
500000148
208848086
583334592
457627083
269026055
457627083
241805498
777241228
603599648
500000148
241538143
810203232
241805498
20300455
20300455
163616028
241805498
268546206
904771299
403688592
850652191
850652191
241805498
959925851
106493024
526571694
597342479
408689287
223420818
726701594
151739775
331963113
500000148
380121666
268546206
57264260
839990111
241805498
548479145
548479145
548479145
848039472
702642337
702642337
702642337
853475136
407172045
453009345
119042395
200937197
44874310
268546206
498230399
407172045
268546206
935645049
90117074
498036477
268546206
371401957
932269302
500000148
835902070
453009345
835902070
835902070
835902070
453009345
453009345
258547072
258547072
273124647
273124647
273124647
192801637
273124647
273124647
961271077
515928390
597342479
515928390
515928390
453009345
583334592
259923273
500000148
482097408
445145096
453009345
445145096
340011761
950603711
950603711
904771299
904771299
959925851
97758724
223052122
771727279
278205628
949466094
949466094
904771299
467611439
467611439
97758724
490200060
229798554
229798554
229798554
97758724
771727279
201581454
542040628
542040628
453009345
345500413
829141447
829141447
583334592
97758724
259568455
559420330
17845575
17845575
765288583
17845575
97758724
22180134
904771299
419562016
439326908
474290779
597342479
208372887
771727279
904771299
765288583
975831290
904771299
591048752
765288583
205782983
881702683
205782983
205782983
253535030
253535030
253535030
253535030
181584221
771727279
765288583
293652767
97758724
514905386
514905386
442475296
439326908
453009345
869633849
869633849
181432275
170724561
181432275
97758724
340452865
439326908
97758724
577745162
419562016
208372887
406520580
406520580
97758724
357704666
463847621
463847621
463847621
463847621
453009345
463847621
463847621
636883605
597342479
170724561
97758724
462971456
540610404
488956822
500000148
488956822
597342479
503474781
904771299
503474781
503474781
602483107
274285040
597342479
333117976
274285040
211461879
453009345
597342479
184609044
742265597
771727279
742265597
274285040
742265597
211461879
386234959
386234959
830865847
830865847
872809227
196080590
539518996
829025559
525603875
453009345
583334592
500000148
597342479
771727279
583334592
32235312
806371061
771727279
542792201
583334592
500000148
947136548
771727279
904771299
20538863
453009345
453009345
358531478
582562226
490250247
701475461
701475461
172890149
806371061
664960656
436329764
323388852
169591947
806371061
453009345
269099309
269099309
650668241
269099309
904771299
542792201
542792201
115579737
248582902
583334592
590163810
904771299
367784983
367784983
367784983
606406558
303552292
944550922
757290841
643529639
643529639
636449617
757290841
583334592
68616904
153913714
500000148
799276843
799276843
659075386
339236102
453009345
603681891
914526553
818235629
543984840
476647878
593894878
904771299
597342479
909514069
572435749
195374676
195374676
659075386
466504361
237334674
237334674
852759850
852759850
852759850
806371061
759747979
251919707
404938636
374481868
842095989
842095989
842095989
44050917
597342479
830438828
241618833
67682049
500000148
583334592
977145291
340641833
548333001
940347724
792018693
495303154
238489711
238489711
606870109
599587830
66313027
66313027
500000148
988344761
606870109
453009345
323156044
323156044
771727279
471699894
597342479
33414245
33414245
542792201
33414245
806371061
894197607
771727279
33414245
566785032
304169744
566785032
566785032
215347135
935396375
602184295
696549033
696549033
500000148
533447338
696549033
580595489
495303154
696549033
533447338
296691719
806371061
296691719
560581964
237171042
237171042
571987778
533447338
355423704
355423704
443437650
443437650
525605258
935396375
227376672
583334592
453530901
904771299
453530901
806371061
364929108
597342479
341111866
453009345
341111866
542792201
533447338
904771299
542792201
145452504
145452504
145452504
763157088
145452504
207221767
538325506
538325506
583334592
453009345
920169015
583334592
920169015
920169015
920169015
256218809
85121470
904771299
256218809
495303154
289531916
500000148
310678446
495303154
310678446
310678446
310678446
373542789
148003126
771727279
597342479
542792201
311114608
806371061
392914289
338031987
138998962
752241514
659140955
659140955
597342479
52355589
945758020
945758020
885502964
277241303
453009345
277241303
277241303
453009345
211860220
161872587
597342479
563786713
904771299
24847301
335799468
771727279
565532498
54008530
771727279
211860220
904771299
54008530
975616025
186198367
931992580
48601580
54008530
146194919
42521741
44264143
904771299
161872587
748491226
717842508
803193554
120575467
717842508
453009345
5435405
253528907
377449055
500000148
583334592
597342479
730299697
730299697
500000148
597342479
730299697
485401794
186198367
736729406
433992386
433992386
583334592
245067691
679970864
806371061
679970864
912018879
912018879
904771299
583334592
563830612
204275521
204275521
951825606
951825606
492954480
563830612
985187623
53782519
435809041
806371061
435809041
69953186
69953186
69953186
660214950
904771299
525901260
525901260
525901260
31737697
904771299
597342479
460345972
904771299
265339110
265339110
771727279
265339110
597342479
904078473
904078473
192743759
210902861
500000148
186198367
745726725
261806583
771727279
942235403
597342479
904771299
6126303
6126303
946540031
326664355
326664355
597342479
563830612
500000148
964387286
655805847
296505666
771727279
806371061
771727279
771727279
325354566
346374826
806371061
346374826
346374826
563830612
563830612
597342479
744594782
744594782
744594782
744594782
345133427
478129680
478129680
478129680
478129680
771727279
478129680
478129680
904771299
832776118
731927770
563830612
542387549
488780495
488780495
500000148
828800143
828800143
500000148
717842508
828800143
849041977
583334592
59286955
59286955
833019530
133906419
475208574
169012800
786478817
771727279
186198367
806371061
898908131
898908131
898908131
597342479
31001264
429996502
977755538
563830612
977755538
536643803
806371061
668447308
668447308
254941177
108366652
108366652
583334592
108366652
108366652
108366652
108366652
145640612
421526207
806371061
583334592
851008204
904771299
901035638
353598038
54008530
933889066
933889066
22792616
574249668
500000148
473962453
159718037
159718037
159718037
159718037
212046075
212046075
384424237
212046075
212046075
116150996
475830263
547952813
986502867
894096557
20710380
614281570
928095213
928095213
500000148
570801897
570801897
570801897
487592074
487592074
500000148
487592074
534213693
276893552
774156213
311533098
806371061
597342479
771727279
392184036
974608379
392184036
500000148
904771299
384424237
54008530
792179292
643131756
730158683
208150452
597342479
730158683
904771299
987166628
987166628
856142079
987166628
208150452
285936336
285936336
597342479
640391415
597342479
599985874
599985874
597342479
806371061
384424237
54008530
146482080
146482080
146482080
146482080
146482080
500000148
500000148
453009345
643802555
872038578
872038578
872038578
407278855
765757557
792179292
240516524
855457523
423543013
453009345
426029963
152824673
18922179
18922179
691250365
453009345
366058821
178486148
437070235
127488339
485892665
76462757
563830612
485892665
453009345
194507285
103125149
907285263
907285263
907285263
984087910
314826280
97925294
771727279
612230981
612230981
612230981
786905768
525753045
525753045
537187101
96070634
572215096
583334592
572215096
96070634
96070634
96070634
930180938
500000148
786905768
583334592
583334592
174832341
929258329
37892867
771727279
373165155
537187101
500000148
286050140
286050140
286050140
70723630
103945090
453009345
503755474
704606628
103945090
70723630
596221526
806371061
500000148
91311798
484166861
484166861
70723630
37069415
597342479
904771299
513168706
513168706
513168706
806371061
913792487
135149324
777475644
135149324
135149324
135149324
821081986
821081986
821081986
821081986
821081986
904771299
301931403
82762078
14949571
926560471
926560471
926560471
373721570
295132690
988900982
361715260
55785363
930554184
930554184
904771299
33980443
361715260
376670678
453009345
771552622
965338888
597342479
391607681
354656268
673366098
673366098
666301395
966621571
597342479
911846948
361715260
911846948
541032198
705319141
516093031
771552622
771552622
771552622
193612138
308397413
866758565
866758565
248980669
763674044
43016777
863122557
964449685
806431549
528908502
373802111
528908502
185000687
700321373
565877809
565877809
399440992
904771299
885556788
271627381
825517539
988518418
583334592
872307445
872307445
872307445
590133054
590133054
904771299
806865532
309764696
309764696
322074155
500000148
574607683
579253796
988518418
579253796
453009345
705319141
597342479
4567768
988518418
488022770
806865532
345856964
361715260
500000148
487444650
861598300
453009345
731485125
731485125
107206
107206
453009345
731485125
861598300
46056580
968494469
973106721
487444650
597342479
613845969
604543523
12121304
904771299
784664668
813252199
904771299
55408262
810217591
420938575
228425582
321665256
731485125
583334592
762895238
87182396
967462812
652426634
597342479
861598300
967462812
561863114
266520370
615297533
652426634
880068570
597342479
652426634
140199449
97354577
118014873
634071831
561276235
73758975
73758975
561276235
73758975
809660673
228798428
989890231
583334592
989890231
597342479
89456642
228798428
583334592
641194910
561276235
641194910
393787651
393787651
393787651
561276235
562869898
111485319
597342479
820866355
140199449
967577866
655285022
538564838
129521431
137996463
137996463
597342479
454951763
627980799
627980799
453009345
140199449
640815246
627163473
627163473
453009345
652426634
776656418
228798428
442258181
442258181
140199449
731485125
445301760
445301760
445301760
583334592
583334592
30754252
453009345
597342479
904771299
500000148
425720168
425720168
582701111
582701111
582701111
582701111
961359925
961359925
597342479
961359925
466913608
466913608
153356705
715994296
439635710
704149807
652426634
652426634
500000148
153356705
55945026
620453461
22365984
22365984
583334592
22365984
261040014
153356705
22365984
112641266
112641266
500000148
92041608
92041608
153356705
92041608
26720280
92041608
533049173
905220834
993956965
597342479
173901116
500000148
173901116
173901116
173901116
871404508
930839058
122786428
487202748
500000148
191294051
731485125
907036276
954830475
583334592
236215171
886035240
597342479
110438554
110438554
583334592
904771299
904771299
363348209
363348209
453009345
127639471
127639471
127639471
583334592
652426634
886035240
11489192
636881876
636881876
892021481
904771299
454741643
454741643
453009345
299232551
904771299
602716117
731485125
904771299
263505764
731485125
321145508
321145508
755203975
245358766
583334592
731485125
883840387
773678139
773678139
652426634
773678139
453009345
713168784
257705480
886035240
469228732
233348000
886035240
787587154
303195580
217648077
303195580
303195580
601828951
455567082
52628550
455567082
356719956
652426634
354107094
857824973
656021761
877603626
30605831
52628550
904771299
583334592
897368417
430532648
345009183
904771299
52628550
500000148
52628550
138351828
672364468
831541452
831541452
831541452
831541452
731485125
831541452
376747313
867283168
652426634
867283168
867283168
867283168
52628550
453009345
867283168
613845969
652426634
904771299
680353861
680353861
453009345
583334592
52628550
883862128
20118894
731485125
613845969
86904940
86904940
597342479
500000148
223400388
223400388
297043412
502545040
252471456
252471456
285179836
691147142
453009345
554909679
554909679
914682407
554909679
554909679
904771299
74931862
74931862
74931862
74931862
74931862
74931862
883862128
692617025
261995300
453009345
650039071
905675368
905675368
905675368
883862128
905675368
331075603
258725029
170190367
904771299
230238044
132662791
647532087
134224983
597342479
447039805
731485125
165141443
583334592
882080624
882080624
973419298
22912777
22912777
904771299
22912777
437975497
710127142
855971907
855971907
613845969
453009345
769027274
52628550
769027274
192929358
613845969
365655040
775386122
775386122
613845969
516864630
583334592
583334592
652426634
623560081
246962091
613845969
514553291
159172922
159172922
731485125
582716641
582716641
780556558
613845969
601251358
583334592
150725527
453009345
731485125
644800367
243960604
644800367
255967800
583334592
255967800
255967800
255967800
255967800
157505522
904771299
387092173
904771299
644800367
597342479
613845969
583334592
956935243
956935243
820312314
597342479
658905172
289605211
417381925
777164963
500000148
777164963
453009345
500000148
965395626
597342479
959097015
613845969
138962673
388169140
158821553
140295569
583334592
652426634
731485125
539909369
551079013
146194641
583334592
453009345
583334592
417407371
500000148
417407371
527866021
527866021
536734381
536734381
652426634
927587241
613845969
246557483
246557483
598682924
904771299
424199532
302158741
302158741
78654697
774630575
652426634
682830805
580212256
140295569
613845969
32096919
731485125
629623317
629623317
408220211
453009345
583334592
245456507
597342479
245456507
215770038
731485125
556418805
652426634
676061116
500000148
138962673
764051417
583334592
474200038
138962673
453009345
930028279
453009345
930028279
258711027
686268154
142428563
613845969
613845969
380063436
824216552
14737899
453009345
686268154
973271320
143443676
613845969
597342479
686268154
545277841
975834109
731485125
597342479
652426634
904771299
394358590
904771299
13430799
278213454
24252676
24252676
583334592
138962673
588647143
453009345
642150250
338458372
904771299
401164689
975834109
401164689
686268154
731485125
652426634
59890840
59890840
904771299
621111090
534760225
453009345
467292405
613845969
132276082
172231166
583334592
652426634
172231166
172231166
534760225
500000148
904771299
383082507
394788370
468302633
597342479
500000148
996393456
652426634
904771299
728331893
500000148
383082507
320262878
383082507
320262878
320262878
320262878
383082507
14861375
14861375
14861375
758381050
758381050
758381050
731485125
147895571
147895571
613845969
731485125
597342479
368155148
597342479
652426634
597342479
541102267
652426634
453009345
746082984
746082984
787510022
787510022
613845969
682717737
731485125
597342479
682717737
956750069
956750069
968776368
552133722
98370063
381810737
98370063
381810737
904771299
79168993
79168993
136430342
105138978
583334592
460829013
136430342
136430342
136430342
136430342
500000148
500000148
7609945
20001701
221547741
500000148
904771299
221547741
271331508
983053064
215149768
822022793
822022793
500000148
822022793
313865516
500000148
215149768
597342479
245681744
215149768
391800980
609341020
983169039
899201254
5436315
34453141
5436315
899201254
772845474
453009345
34453141
20001701
111894588
482956392
609341020
12535921
899201254
526555906
583334592
668025051
668025051
500000148
755447330
34453141
738337840
373413587
896795721
899201254
896795721
373413587
896795721
297274109
609341020
453009345
373413587
63542455
63542455
63542455
373413587
540315885
722924630
540315885
761314048
791977758
609341020
791977758
453009345
791977758
540315885
889231923
889231923
540315885
540315885
718813976
138994215
440009517
440009517
500000148
583334592
138994215
303195542
303195542
690291094
690291094
801965669
801965669
453009345
373413587
494908182
453009345
428876403
428876403
399495332
428876403
428876403
428876403
428876403
415247791
500000148
500000148
460829013
557828283
851784326
139670854
780007009
453009345
305680996
583334592
374476833
195430719
374476833
374476833
374476833
374476833
597342479
374476833
374476833
904771299
631320586
597342479
487591790
597342479
453009345
317620786
281973848
896439380
583334592
195430719
896439380
899201254
189354057
870633053
583334592
799562884
799562884
799562884
597342479
904771299
956730579
956730579
727918556
727918556
727918556
66542368
583334592
66542368
63560813
383939432
383939432
383939432
67717088
480518166
460829013
931855028
671418049
72623032
542529565
542529565
583334592
34453141
542529565
542529565
597342479
595182706
583334592
595182706
904771299
131434615
131434615
597342479
372157735
372157735
372157735
940499745
881131465
780007009
322944499
567669101
567669101
567669101
460829013
572207816
572207816
34453141
666086381
666086381
732092671
968767317
185267422
261647217
453009345
261647217
656610077
893352521
487803567
663697546
663697546
904913347
561385891
878269240
845620190
839766007
34453141
899201254
878269240
85170709
810957231
453009345
593027639
737662714
453009345
991573255
453009345
452109238
554641748
39997327
239101880
460829013
904771299
985856250
985856250
466660981
61908261
183974593
626621967
899201254
499770399
597342479
499770399
671418049
499770399
499770399
34630408
34630408
597342479
225716493
225716493
225716493
460829013
225716493
671418049
753988545
544687094
544687094
769642112
753988545
38664531
701655928
682655600
944917532
453009345
34453141
537227591
537227591
583334592
537227591
460829013
750564500
904771299
853088100
764974711
853088100
874530963
708165506
830548266
231707979
801414154
187929548
500000148
612610630
279968272
58356477
453009345
479210850
904771299
190477659
714310236
714310236
34453141
460829013
332720698
332720698
973689013
904771299
973689013
973689013
500000148
360005697
360005697
583334592
220402372
360005697
128910601
128910601
460829013
185828486
231445374
279968272
231445374
231445374
460829013
904771299
620714279
16926491
633052757
980150827
516751309
31269630
809661554
422487322
453009345
611867584
717007248
422487322
904771299
422487322
292271418
768673774
349210932
751432514
751432514
453009345
856426973
856426973
23515413
780358000
500000148
121958980
644240025
904771299
917060745
917060745
917060745
467620887
717007248
117480801
117480801
608531593
767945261
453009345
224993454
542205117
81576299
460829013
203191054
514240845
180599101
34453141
250678189
250678189
34453141
98918732
460829013
98918732
98918732
98918732
98918732
98918732
729051366
729051366
509467798
500000148
300716844
752370191
752370191
752370191
752370191
752370191
171438884
925263254
300717922
154944919
717007248
154944919
717007248
1841464
1841464
597342479
330440280
34453141
330440280
23515413
330440280
517034960
454213054
904771299
980261063
980261063
823616935
34453141
487444076
23515413
169421909
169421909
169421909
169200453
169421909
453009345
491915951
500000148
491915951
450468754
450468754
34453141
169200453
346519813
346519813
443690255
597342479
856292731
240155026
468270986
846586252
583334592
131302655
861604853
833723514
254159521
453009345
702608479
311954608
911196821
212118306
500000148
240155026
583334592
764263627
500000148
18772018
703072416
500000148
769133555
392214594
748178831
353568980
353568980
656959563
353568980
597342479
764263627
500000148
727764322
34453141
243287422
846586252
525586380
904771299
336581253
336581253
500000148
959728282
510725267
510725267
567294347
240155026
567294347
904688038
904771299
904771299
354792639
597342479
354792639
354792639
904771299
519037986
419641205
453009345
682098384
946479885
899262184
899262184
899262184
310148114
34453141
561704588
310148114
310148114
561704588
310148114
310148114
310148114
597342479
453009345
561704588
690740543
259907859
311954608
904771299
43136827
583334592
43136827
718928077
583334592
583334592
130992003
488469195
855848614
597342479
291247045
453009345
368769010
904771299
842843671
846586252
240155026
626312245
976046313
416790328
416790328
597342479
215535072
226713132
226713132
226713132
240155026
500000148
12640418
240155026
500000148
283005134
904771299
869711958
869711958
163140060
949885996
500000148
949885996
453009345
517353166
517353166
924834487
500000148
500000148
195289951
195289951
34453141
897321086
237536359
192928767
48118797
34453141
137110597
904771299
240155026
586936589
803364171
965528332
34453141
240155026
192928767
965528332
282477200
155137177
155137177
48118797
155137177
155137177
904771299
48118797
440226263
757516712
261485977
261485977
261485977
60406349
45957023
45957023
45957023
207376395
634817755
583334592
634817755
949885996
583334592
34453141
132960065
132960065
500000148
240155026
128963998
207376395
128963998
534676002
583334592
981752951
904771299
160532335
918364178
577635228
124273014
124273014
597342479
159283998
280292569
156187725
839966455
676992970
676992970
676992970
676992970
676992970
925368332
49297778
49297778
49297778
891906291
639249613
639249613
202224522
207376395
389092191
597342479
301637581
338450672
286424596
286424596
286424596
949885996
932403080
932403080
460947626
102181556
839247162
839247162
583334592
846586252
846586252
997002598
500000148
997002598
125960716
904771299
549266853
654075599
344914758
197839744
170074611
170074611
170051906
357524776
413410934
904771299
532281638
891253567
583334592
500000148
667426260
667426260
667426260
919367885
413410934
34453141
453009345
583334592
500000148
301587966
826002731
453009345
171221086
498758749
413410934
413410934
862922424
919367885
671079098
243549807
95677632
413410934
583334592
521304517
521304517
521304517
34453141
450110348
450110348
583334592
450110348
247025189
247025189
240155026
685833405
536918497
846586252
247025189
165306794
228597026
126336033
126336033
919367885
413410934
512910192
512910192
846586252
413410934
500000148
350761374
569041625
904771299
732400041
846586252
732400041
371787623
597342479
34453141
48246034
597342479
500000148
846586252
33550014
843212292
197798983
197798983
828532049
828532049
828532049
828532049
350761374
114316074
583334592
413410934
389010330
530021353
242204250
691223432
67241617
597342479
235113209
235113209
583334592
376239617
951713897
77546449
833211448
48403110
68932232
389010330
583334592
449397666
453009345
854070358
854070358
594008756
846586252
594008756
594008756
854070358
782495850
782495850
782495850
997554193
997554193
997554193
34453141
735079279
94890057
175331356
334673619
334673619
334673619
583334592
334673619
334673619
583334592
334673619
974984587
644481875
466777513
135414455
198758349
427094567
610373530
735079279
181105900
61321552
846586252
61321552
628713246
34453141
825951506
453009345
708424959
260503648
879610903
257534803
597342479
374353056
904771299
825951506
397639378
34453141
557103709
896457311
597342479
597342479
923679714
352564205
628713246
397639378
906955709
906955709
349133056
583334592
639628853
735079279
118226535
118226535
749777335
397639378
749777335
227504462
846586252
995228670
995228670
995228670
345791381
453009345
500000148
583334592
453009345
583334592
735079279
88579669
717844808
904771299
878892434
735079279
735079279
596394385
803397222
803397222
803397222
803397222
708424959
735079279
364550415
364550415
13827427
19792827
597342479
961304452
34453141
219478821
846586252
556320043
355624483
350749647
846586252
218223004
218223004
179904829
904771299
972296930
508177779
508177779
930768685
334093906
967866900
814329084
339901373
339901373
103062886
103062886
597342479
695157572
144846153
831345196
919254108
831345196
976631014
976631014
882856748
189601961
217873432
736107818
300296702
437771278
814784921
129749710
301233106
301233106
960622531
537508712
301233106
511885180
453009345
777807161
777807161
301233106
301233106
635733460
635733460
500000148
525299126
578798273
578798273
117208223
453009345
581004764
500000148
962277367
285294120
70504284
909536146
888883663
588080543
301233106
500000148
347107513
250582047
347107513
347107513
347107513
348641581
348641581
162056070
888883663
48983856
696958968
696958968
696958968
500000148
597342479
657971774
514912396
453009345
525299126
686752475
117208223
250994663
74580558
74580558
957380211
904771299
250994663
591691756
143136789
591691756
301233106
143136789
739294726
739294726
583334592
542132252
691637104
691637104
691637104
691637104
495378401
691637104
567063371
29333786
904771299
691218480
691218480
923851178
691218480
691218480
301233106
151157796
256736622
923851178
498473184
532112293
453009345
532112293
26658258
541331724
541331724
673126424
277549352
500000148
106094848
597342479
453009345
530124062
62798340
290636590
122126448
122126448
597342479
339918822
339918822
81594040
245399595
245399595
76443994
931583800
583334592
597342479
587403569
301233106
798434611
453009345
419208432
549438570
719709418
482827599
719709418
719709418
86017396
904771299
597342479
500000148
495378401
964868980
964868980
529769442
529769442
529769442
583334592
597342479
301233106
344012082
593819636
597342479
534399079
597342479
93596520
513413177
513413177
513413177
513413177
301233106
888304721
888304721
443236034
842403370
842403370
842403370
212202959
500000148
842403370
842403370
842403370
538491831
731872155
293303210
495378401
482827599
508647500
508647500
302478072
871746460
598179241
539123635
539123635
929506342
524886115
662098281
453009345
135909042
453009345
453009345
805685933
276339995
805685933
805685933
912327091
912327091
637007914
583334592
615745793
703414267
926177713
637007914
171522526
465880770
925785049
925785049
118153931
833355601
500000148
781883066
141616163
143696160
676085688
135909042
676085688
7359396
143696160
64873352
876130489
141616163
498363701
837952488
872649972
453009345
626552043
706054444
500000148
791939980
595065930
885774984
583168577
942185464
791939980
576567363
500000148
567833305
671414404
671414404
436240279
541384894
504530973
574176480
641759900
583334592
158996531
708423869
79812035
969190151
904771299
508949939
508949939
508949939
141616163
861064424
301104533
301104533
822889981
822889981
822889981
628029162
453009345
142683966
201490008
628029162
201490008
424980445
637007914
140118150
140118150
140118150
665763306
75967874
583334592
307506085
307506085
307506085
325452373
325452373
637007914
325452373
325452373
453009345
325452373
356104719
791939980
583334592
954540488
22718999
791939980
430704592
583334592
804828360
427358257
877939996
582757006
582757006
750355645
583334592
791939980
859818450
904771299
43209426
453009345
43209426
583334592
453009345
526458625
583334592
844392262
844392262
791939980
587605240
413705134
250883375
861064424
141616163
25636522
25636522
871529362
861064424
785953525
318642896
580078167
980971804
52833188
583334592
366457815
366457815
52233046
583334592
652183472
614291368
512459756
434078794
434078794
43394015
758237010
574176480
141616163
758237010
583334592
67836035
4345930
296573334
912327091
296573334
296573334
296573334
791939980
143421274
143421274
143421274
143421274
4345930
143421274
143421274
861064424
3726916
454230487
614791987
720149018
720149018
720149018
720149018
583334592
453009345
480729520
141616163
610861814
171639333
507213920
171639333
788213469
788213469
700209573
904771299
806842115
547350853
574176480
52058600
536993811
904771299
380117837
141616163
500000148
60906177
500000148
603751825
603751825
904771299
639934463
907612979
571972064
467790636
467790636
626414794
671756081
740175132
500000148
457101732
583334592
639934463
904771299
154025184
154025184
154025184
65584344
141616163
65584344
65584344
129379074
536993811
791939980
797347235
904771299
141616163
797347235
548238845
774267147
452303579
141616163
452303579
452303579
452303579
500000148
791939980
583334592
693547277
738215131
633005865
791939980
574176480
574176480
637007914
802816485
620703594
786726057
957012098
931786091
931786091
912327091
177610723
239791958
579717003
500000148
583334592
453009345
791939980
656515203
699627183
500000148
699627183
639934463
311333020
904771299
904771299
394433884
394433884
791939980
453009345
77758560
303006660
495776531
912327091
939865396
141616163
574176480
949771772
351812931
419496998
419026673
419026673
188646895
512797809
290346715
141541269
141541269
141541269
791939980
637007914
795912250
676923015
574176480
847715290
637007914
639934463
832879508
791939980
637007914
453009345
69997135
17312245
115858179
549320256
637007914
500000148
165725875
704390319
904771299
704390319
574176480
905203473
913831186
639934463
638034768
323193336
323193336
904771299
909189246
637007914
166611442
14432332
937144955
937144955
141616163
937144955
701355050
701355050
701355050
867914813
574176480
637007914
791939980
867914813
141616163
208867573
453009345
436264445
656513330
974615319
44278004
44278004
44278004
44278004
615342380
615342380
389050598
342281331
227331985
583334592
303000675
749421608
941748629
379744266
174490243
974056050
453518708
420515459
738115949
795530999
88070426
583334592
800402454
800402454
32718576
500000148
800402454
253998072
500000148
738115949
444036967
601907972
342281331
615404753
615404753
615404753
615404753
836596959
836596959
239326586
507935728
738115949
738115949
32718576
353071914
583334592
431491634
563790648
281016150
773660896
798624978
420515459
50577278
679567718
420596413
420515459
87206182
342281331
840820247
840820247
773660896
943467414
738115949
828140371
738115949
798624978
500000148
238168425
689190944
867003336
930279111
681779366
867003336
506141224
506141224
506141224
506141224
867003336
635286868
635286868
635286868
583334592
385628724
875924091
189948244
219687697
403230652
185869162
798624978
839532223
189948244
839532223
88070426
500000148
839532223
626028345
781521134
309502423
309502423
420515459
916519658
798624978
201538135
583334592
32718576
58732539
828261995
680069065
828261995
358725540
160320117
160320117
552003403
310393417
603286556
798624978
722811324
798624978
993235190
583334592
411863131
500000148
765742516
912553272
680069065
235879678
76090498
13805175
403662476
597859170
157809383
403662476
485273335
485273335
485273335
849969095
573405730
403662476
53121346
53121346
564982178
564982178
886623885
478661975
88070426
564982178
661346759
503272255
600370340
564982178
219687697
547875183
547875183
564982178
738115949
107800006
107800006
840427716
840427716
989261162
705487283
738115949
349227823
500000148
936098417
738115949
32718576
904698583
738115949
250780529
670694784
936098417
564982178
798624978
32718576
858482768
564982178
864708740
738115949
864708740
670694784
741151778
395917189
219687697
990451455
88070426
36313340
36313340
571771589
738115949
51211818
248229777
575437087
248229777
248229777
579798923
500000148
936098417
804676762
804676762
713968746
670694784
713968746
408168569
413882908
670694784
195679948
587290747
587290747
513968356
250780529
419747939
670694784
419747939
419747939
564982178
419747939
88070426
419747939
670694784
419747939
912099387
500000148
738115949
631679468
166497854
219687697
49918555
326664135
583334592
434840310
31893318
670694784
648320760
344619244
564982178
344619244
344619244
344619244
344619244
344619244
231059245
661346759
260037555
798624978
500000148
219687697
770009209
770009209
936098417
956869450
29584000
885556691
893874091
250780529
848527426
609187448
798624978
738115949
868965016
500000148
219687697
710105403
710105403
240316382
254869128
7312284
936098417
254869128
798624978
500000148
29343416
730045926
57211573
161662352
988890300
912091090
215163113
500000148
829066845
958222805
409674241
409674241
953639169
664811984
762030732
924475870
219687697
762030732
987230305
661346759
365131009
365131009
365131009
365131009
88070426
477434188
477434188
661346759
661346759
500000148
583334592
798624978
736958783
214467871
214467871
958949866
214467871
214467871
943111877
49404857
975699578
481989634
481989634
51885417
49404857
825443264
738115949
686459585
798748345
481989634
32718576
570640485
686459585
96371377
96371377
564982178
96371377
96371377
741012025
741012025
583334592
741012025
741012025
32718576
139453233
139453233
139453233
139453233
32718576
798624978
139453233
10205755
219687697
951486929
219687697
996481702
840349205
536142705
536142705
536142705
738115949
536142705
731250740
691732189
529050236
902444617
902444617
902444617
32718576
639449179
285994458
564982178
564982178
469784680
469784680
469784680
469784680
738115949
896885130
272604692
738115949
738115949
32718576
109677876
564982178
136523023
156245425
156245425
375723347
583334592
824699205
824699205
824699205
824699205
486437390
937740423
219687697
452097117
584469611
254390489
475326917
349751378
349751378
349751378
738115949
47228724
191182374
832216818
738115949
583334592
583334592
64468427
64468427
475650332
180786870
543895112
25354337
965402840
25354337
25354337
545191792
210365425
583334592
882079617
529050236
951035009
522382756
564982178
421655235
500000148
32718576
583334592
32718576
882079617
834831530
500000148
78591226
219687697
920088595
721173457
472676389
472676389
210365425
882079617
291656148
564982178
291656148
291656148
990266941
738115949
500000148
29047782
29047782
500000148
299565832
398216819
219687697
76802820
809595223
361800407
361800407
113426506
146862773
500000148
84624461
84624461
84624461
84624461
84624461
84624461
738115949
84624461
84624461
701234877
701234877
798624978
583334592
161642257
738115949
529050236
198117062
631944676
219687697
631944676
529050236
852140063
798624978
88070426
583334592
852140063
398091019
219687697
32718576
310132331
299081852
219687697
6955646
882079617
500000148
6955646
121220770
394576402
106206803
106206803
798624978
32718576
344548699
88070426
344548699
88070426
750707580
564982178
890430998
529050236
564982178
694362371
820116445
820116445
882815790
882815790
882815790
145642443
145642443
798624978
189376524
614234707
794311725
895806250
102536565
529050236
833337079
529050236
833337079
649294746
241347161
957451949
401401194
529050236
583334592
474199172
219687697
422065610
487210594
219687697
583334592
371596398
583334592
497854469
692427307
882079617
497426143
135242141
293138426
823174780
823174780
497426143
883210437
539869507
32718576
500000148
529050236
200729989
218938887
655907600
148394
583334592
529050236
108946010
269849841
695908605
798624978
695908605
695908605
798624978
583334592
219687697
68230037
966333510
32718576
764464991
966333510
486160636
882079617
843527813
116417808
843527813
116417808
88853992
764464991
242530411
764464991
219687697
242530411
69096256
738115949
326063234
116417808
16919034
16919034
500000148
764464991
16919034
16919034
16919034
16919034
16919034
16919034
16919034
16919034
670419466
873705633
873705633
873705633
873705633
38827147
38827147
422727415
738115949
121990870
856216513
219687697
259587481
738115949
219687697
259587481
818501446
818501446
510800199
994448387
994448387
979729139
994448387
588799206
641946016
416428398
588799206
219687697
121990870
497176428
121990870
909628446
704913833
601406324
601406324
738115949
979729139
738115949
926686589
396383065
390602406
396383065
802139698
583334592
745148864
839245916
219687697
345724698
979729139
7950700
416428398
7950700
75651999
560138677
898300391
738115949
802139698
700481050
700481050
812910264
405462206
738115949
58383373
58383373
334210725
823060102
666471939
697615659
256989359
240646059
240646059
240646059
240646059
240646059
90562917
90562917
90562917
90562917
583334592
121990870
583334592
951654167
583334592
75651999
805632529
805632529
973773911
583334592
206223152
979729139
738115949
982283999
312335873
959835365
175678422
175678422
583334592
175678422
175678422
71965813
330816198
75651999
330816198
155206853
137962660
639316339
738115949
500000148
917520626
416428398
121990870
639316339
601284483
433157902
230012091
230012091
230012091
228979639
134273006
692400198
75651999
75651999
256989359
10159355
995165971
692734914
995165971
3815921
18284172
137597701
137597701
374472571
219687697
254615520
219687697
333887609
333887609
3815921
903091051
903091051
933697642
256989359
490937650
3815921
273739061
219687697
873826976
10159355
19877049
256989359
3815921
102351852
596938381
738115949
596938381
596938381
596938381
10159355
142481478
923698059
923698059
222168760
13158720
658073133
13158720
130578908
349646624
349646624
979729139
526461518
500000148
526461518
866895913
3815921
861961548
738115949
85522180
85522180
979729139
627889727
219687697
967107188
757749516
757749516
497851590
688663127
313582209
313582209
313582209
300496220
3815921
300496220
269174475
500000148
979729139
3815921
733248101
733248101
256989359
557483203
557483203
307506020
256989359
865200247
75651999
682690602
776864927
219687697
738115949
238130355
603667752
219687697
173127001
75651999
694763521
124814207
463857377
63409750
594989552
658073133
124814207
3815921
462258052
124814207
219687697
219687697
738115949
478668906
361449770
361449770
995958145
738115949
357704835
357704835
75651999
75651999
658073133
460632145
460632145
508633930
349653470
349653470
349653470
219687697
832777930
75651999
900043168
583334592
975209001
890474856
557041480
557041480
500000148
3815921
590956011
847695206
518476774
139922095
285150116
108645322
194036344
810005076
60365667
60365667
583334592
176256130
176256130
709572150
97024566
738115949
595450664
537936884
846269122
537936884
658073133
108645322
369945839
3815921
219687697
17853439
738115949
527405120
527405120
288099408
920340962
999304934
738115949
3815921
3815921
742476034
52118392
794865815
12942369
583334592
707022265
339008695
256989359
467833363
797015694
75651999
955228535
955228535
658073133
418820916
658073133
400151510
75651999
156117535
718618724
316733669
631216685
631216685
257775903
816674398
995565134
258597557
256989359
462874087
388003570
135406956
219687697
256989359
738115949
258597557
27077596
40932338
40932338
40932338
995565134
989670445
537845795
847486133
75651999
237984385
315629479
583334592
51401610
51401610
51401610
269297140
458165186
458165186
51342001
478373751
446379943
75651999
446379943
738115949
446379943
446379943
372464409
829052975
449382919
449382919
645153682
42991893
979729139
666178079
645153682
4151578
4151578
4151578
4151578
228353303
75651999
410539969
714269393
410539969
12620786
235237380
235237380
29007734
410539969
256989359
410539969
198155764
800993429
641563834
231059803
36826072
658512690
41116075
68675789
68675789
12620786
325521668
979729139
443349072
443349072
41116075
329238251
12620786
329238251
772069969
221888865
738115949
77744669
115570520
12620786
410539969
77744669
583334592
322173610
219687697
12620786
738115949
256989359
29123169
219687697
691650994
75651999
692230783
199956193
199956193
410539969
410539969
183757262
88119442
403932301
768862938
41116075
995001231
995001231
583334592
475052362
979729139
475052362
583334592
327397644
41116075
503296589
979729139
466444035
428404496
698540896
913387752
41116075
41116075
319951546
500000148
247418786
80840528
449863648
219687697
41116075
924257733
924257733
183826702
12620786
658639139
410539969
74197261
74197261
500000148
311419660
311419660
463242391
410539969
979729139
560975740
770251638
12620786
830733415
738115949
219687697
266416081
738115949
266416081
801806842
252097882
738115949
367615815
473898325
773041031
738115949
523833274
523833274
523833274
336613449
256989359
961909094
983910304
583334592
123482551
500000148
979729139
361891139
510082330
703191940
410539969
649684188
75651999
417188014
75651999
367176915
367615815
229807670
229807670
900392989
219687697
12620786
587977783
219687697
587502581
587977783
199656184
840523374
583334592
256989359
704777539
979729139
560124801
560124801
256989359
309690972
982380053
112094841
624848758
624848758
245620406
12620786
877562226
979729139
354147065
979729139
354147065
82876774
852107054
288504529
219687697
677458450
677458450
600257650
221245465
435934072
256989359
960928367
795371261
219687697
583334592
870985368
870985368
685826652
256989359
583334592
233602668
75651999
311750242
66808307
66808307
66808307
583334592
256989359
113431357
311750242
113431357
602853872
589152117
589152117
589152117
410539969
979729139
410539969
162283237
162283237
839638921
219687697
789643025
456882367
789643025
456882367
203233747
979729139
830641825
410539969
830641825
576222940
128709195
587502581
128709195
738115949
782098292
782098292
75651999
583334592
410539969
353563227
353563227
353563227
817693538
683284231
313271299
313271299
885416691
885416691
203233747
590717455
203233747
583334592
500000148
196068827
874352741
583334592
25859564
25859564
25859564
25859564
114643380
537990179
119097799
421135432
270300933
219687697
998776975
981839310
716136923
367143645
472431
102999569
100425160
75651999
515664738
219687697
12620786
985626648
12620786
242571441
242571441
242571441
738115949
12620786
417150715
979729139
588936191
671263161
764253661
265170923
12620786
265170923
38571590
410539969
209807196
738115949
256989359
821456515
336352330
590436718
583334592
719617618
719617618
428264747
78305418
646810497
345194942
583334592
884728847
511799782
470971936
470971936
442837245
575346506
575346506
258236044
219687697
738115949
614869511
162157612
867498781
400192204
430283838
583334592
400192204
256989359
219687697
912581181
515296581
825671905
113725880
113725880
302461193
219687697
429826869
848910406
392996518
392996518
481793886
789831203
60185314
60185314
338111145
338111145
429826869
166367963
162157612
568967438
429826869
754776696
254985631
935686303
935686303
256989359
935686303
848910406
935686303
239474408
219687697
677902102
211434929
542332485
230521757
616920456
560478490
560478490
560478490
725192642
351903084
894291968
570682074
570682074
354840323
162157612
473346801
219687697
583334592
500000148
354840323
398477005
110001287
110001287
110001287
219687697
473346801
219687697
740863455
162157612
732284870
381752490
256989359
568967438
586782854
219687697
738115949
358292477
358292477
481793886
219687697
219687697
692521515
762176546
256989359
473346801
762176546
762176546
540460698
430283838
540460698
540460698
157830857
24359950
727293245
127846421
481793886
127846421
291407450
395663529
500000148
395663529
395663529
162157612
927393558
936617179
688464631
606323096
606323096
216579922
596361351
18535548
18535548
981610616
848777213
216579922
995850856
995850856
308253952
179578016
831449363
831449363
738115949
831449363
831449363
47534201
420116224
372360731
88118214
66858715
66858715
47534201
420116224
202149401
559663493
650211148
47534201
978385790
978385790
335938810
335938810
335938810
189267196
189267196
47534201
75945200
583334592
560755403
560755403
219687697
321477185
216579922
216579922
110017064
612292481
500000148
47534201
219687697
500000148
738115949
886765431
216579922
572762449
572762449
216579922
576356841
607475892
162822095
351399303
176289637
9642716
377868521
377868521
134159075
134159075
134159075
134159075
887598105
29001411
738115949
503533485
503533485
14768903
903019682
53265042
745278710
53265042
47534201
486551489
216579922
69518183
53265042
473611953
231654572
231654572
112057521
47534201
231654572
216579922
231654572
231654572
231654572
153053272
476058456
366730796
366730796
366730796
307138980
366730796
722417264
47534201
420116224
216579922
53860298
448941747
519479399
583334592
53265042
583334592
199447902
219687697
518859532
738115949
53265042
738115949
633300884
216579922
102999552
219687697
78708317
78708317
906162432
922540086
420116224
912535373
894017051
894017051
894017051
894017051
894017051
519631362
519631362
403210371
241181400
678247780
998158104
998158104
415058994
415058994
669629204
112057521
607753449
607753449
271423914
583334592
471597740
141682616
225833472
225833472
738115949
553933281
330701496
738115949
738115949
817244398
420116224
570773261
23176966
23176966
69762585
69762585
47534201
69762585
219687697
553933281
47534201
31160157
84102279
219687697
864293548
271423914
864293548
864293548
500000148
420116224
583334592
219687697
846432972
169844106
84102279
169844106
851576788
893444123
47534201
377768155
377768155
80141082
13891534
13891534
13891534
13891534
219687697
219687697
278958132
629383774
655349379
500000148
135157377
723662561
723662561
889016795
889016795
738115949
527229777
982709448
16095257
271423914
47534201
346339008
136429715
751224329
740623155
880130090
613325019
613325019
161721266
541763211
500000148
122464500
106597505
112057521
933769168
933769168
33455656
4638366
399974987
106597505
545397863
469716807
63390559
190935256
429891859
47534201
472304734
472304734
505458141
831610111
831610111
831610111
831610111
831610111
867642200
959410235
753341613
800130963
512204382
583334592
366329230
366329230
337954366
856106039
271423914
884066099
622943195
271423914
622943195
832292963
111522855
219687697
145912258
884066099
770697490
619843547
271423914
531545816
47534201
765666292
396361792
701837165
701837165
160003397
960685742
271423914
906733452
874614496
47534201
729027613
219687697
27197255
210468236
210468236
546267997
738115949
484027392
500000148
219687697
625136778
271423914
303763582
303763582
303763582
927626365
412679761
412679761
884158515
412679761
689797352
637965777
637965777
313869618
165738808
470828255
167529825
167529825
167529825
745615950
470828255
424786272
552536070
738115949
581208003
745615950
271423914
352696548
342159379
961441467
112057521
47534201
271423914
961441467
219687697
961441467
863957569
583373261
583373261
851006730
851006730
278914861
278914861
851006730
745615950
221553923
738115949
721984767
285110966
814934445
360493680
648534989
271423914
595835141
808854008
595835141
595835141
595835141
500000148
112057521
789188797
820681886
820681886
47534201
500000148
457292945
537823381
486339470
486339470
499109880
186757092
392755134
450730021
496196979
430878169
958507402
83205673
500000148
579166110
579166110
414783678
235142679
752388248
752388248
219687697
500000148
765436377
583334592
749770705
568841690
219687697
583334592
636454177
958507402
521362471
521362471
958507402
588039487
747180121
180497805
180497805
180497805
765436377
484545633
484545633
430878169
500000148
94446166
583334592
821834363
91191914
484545633
543194807
543194807
219687697
174530497
174530497
749770705
737509676
737509676
339347295
487392700
564706835
564706835
564706835
185344599
897485454
749770705
897485454
897485454
897485454
164165250
164165250
738115949
568841690
164165250
164165250
171375674
452100757
452100757
977756119
820842199
958507402
452100757
47534201
47534201
623609941
289859669
289859669
289859669
484545633
484545633
319976751
484545633
812010302
646795569
835066843
738115949
568841690
765436377
791228184
738115949
727678465
791228184
791228184
178579247
819443289
47534201
485560403
485560403
469268395
469268395
958507402
900913328
387723145
537428891
537428891
537428891
568841690
743017141
758558829
219687697
805230229
632156679
805230229
805230229
738115949
430878169
503863240
617478633
583334592
617478633
456129070
738115949
644413119
968715651
839274617
219687697
362305131
4849150
613676315
160951391
483319118
219687697
825902694
825902694
613676315
825902694
825902694
85386417
507740851
85386417
85386417
845691747
873675713
873675713
430878169
765436377
483319118
523103739
765024344
765436377
765024344
219687697
544543927
149461835
385518424
47534201
515701607
613676315
408323781
408323781
408323781
909914652
256846040
829037308
738115949
870176919
507740851
870176919
870541834
276943895
753375352
753375352
753375352
570491176
749770705
228926428
228926428
228926428
444125665
284972332
517162794
583334592
723079099
39554550
39554550
170364607
219687697
923768213
664337485
583334592
851515367
430878169
387940204
387940204
553587139
47534201
754678126
219687697
998212023
749770705
749770705
48458630
48458630
749770705
48458630
430878169
48458630
48458630
48458630
48458630
613676315
631991538
105239254
285699809
723612648
963227260
953021330
738115949
963227260
507740851
47534201
500000148
219687697
248278218
909975510
215251590
215251590
233244955
304597436
122389480
884173094
122389480
507740851
613676315
507740851
765436377
852021473
799211673
507740851
430878169
898075182
749770705
811097041
419291628
419291628
884173094
419291628
726424715
47534201
726424715
430878169
726424715
811097041
726424715
507740851
886278039
219687697
884173094
980445006
851602243
47534201
980445006
613676315
308200110
308200110
337242748
674033552
749770705
793569415
765436377
219687697
625701448
749770705
507740851
862065321
713600661
713600661
713600661
500000148
528508315
765436377
528508315
528508315
528508315
157008110
47534201
47534201
500000148
800670835
507740851
47534201
228121964
228121964
158919290
158919290
615912356
272527983
47534201
343314029
718982895
71270186
71270186
914219511
583334592
158919290
69071241
69071241
158919290
765436377
718982895
323039607
225440893
577168136
577168136
765436377
158919290
929205950
183106503
219687697
925749205
925749205
925749205
765436377
925749205
977828081
977828081
718982895
583334592
92058512
219687697
92058512
384817888
749770705
50390039
738115949
433024063
560417888
775802305
158919290
134137785
134137785
729526152
729526152
587289522
560417888
224943179
224943179
862785923
430878169
862785923
219687697
756611526
583334592
791573184
791573184
791573184
219687697
500000148
831636105
221841975
239878285
239878285
373484632
427847474
962839686
962839686
753025515
69669006
427373186
427373186
317295393
317295393
317295393
583334592
87524942
434777618
925280297
738115949
423933505
518632819
738115949
357585049
926962576
563509670
537471548
537471548
439564348
738115949
124044447
696653612
500000148
356453562
867065139
973813681
249372195
249372195
753025515
249372195
219687697
128213537
128213537
180972110
538955936
430878169
738115949
260859299
260859299
281308882
260859299
47534201
403340094
352004761
352004761
869581019
573473852
917840116
749770705
917840116
619941465
917840116
917840116
917840116
47534201
674256115
366879723
918490394
219687697
753025515
738115949
161971987
765436377
587248538
587248538
738115949
110079377
430878169
110079377
110079377
110079377
345528947
749770705
300423836
738115949
430878169
800389883
753025515
469732730
621389874
738115949
621389874
621389874
621389874
753025515
948562182
596957565
596957565
596957565
596957565
596957565
583334592
583334592
596957565
333346090
333346090
771894834
711739495
298639590
985175019
749770705
477375762
335669193
711739495
722000728
981962794
409374240
544276500
500000148
5071043
567428235
738115949
322341628
753025515
583334592
184415510
184415510
948562182
35114760
500000148
430878169
753025515
441200200
441200200
327309757
589863836
500000148
589863836
749770705
195956843
500000148
524686796
313232754
377949937
765436377
308252119
583334592
754178100
608605470
608605470
30239815
427847474
738115949
899268816
899268816
639943820
427847474
899268816
414575074
430878169
631270783
631270783
80372034
315324401
912284592
406063075
814809720
430878169
814809720
814809720
537035797
814809720
137676385
353243262
382859789
583334592
649353710
749770705
869811005
869811005
527089979
239524200
439580816
537035797
435973914
269881905
269881905
738115949
269881905
67846415
219687697
269881905
269881905
67846415
269881905
231850922
9802338
430878169
554189817
607527569
219687697
219687697
765436377
738115949
537755402
738115949
491272078
256721242
970980700
578021468
765436377
578021468
430878169
738115949
765436377
511524707
511524707
596693497
395049182
835266962
537035797
835266962
395049182
835266962
500000148
783998301
783998301
350145761
738115949
219687697
350145761
350145761
389081455
240205744
240205744
328469141
452193290
452193290
661251599
393148062
792203086
913356052
260607020
260607020
878189066
47534201
583334592
661251599
749770705
430878169
389081455
336613214
765436377
738115949
500000148
749770705
599880817
104609908
500000148
320124187
293310289
27731450
27731450
744873877
488314217
223268963
988905420
988905420
500000148
772791883
772791883
500000148
233879004
233879004
233879004
233879004
390328604
390328604
47534201
390328604
630849652
795881949
807227214
183027915
511836180
738115949
583334592
415221401
721519319
673666063
151056907
673666063
673666063
93803218
93803218
190906032
91262970
91262970
91262970
91262970
408483253
93803218
789027115
436395888
789027115
789027115
500000148
436395888
775763951
775763951
650235673
158850483
279682842
279682842
279682842
211404562
93803218
279682842
858760664
473759190
470073130
738115949
583334592
500000148
364668416
505756262
583334592
505756262
505756262
505756262
132189139
132189139
384221548
424829269
524327146
152314797
66326498
442449602
460699837
436754056
436754056
47534201
66326498
93803218
152314797
43224650
219687697
47534201
328413206
157482268
909640015
97919948
675027755
354181170
537573436
121343763
121343763
121343763
121343763
121343763
857785795
500000148
855823154
809546887
450741460
297212829
290779215
537573436
873234747
436487923
229725667
857785795
229725667
229725667
312852877
802826317
802826317
809546887
809546887
838852900
201761386
290779215
354181170
863864848
500000148
222029938
809546887
348623644
446346039
874682513
539839283
857785795
467765859
356801867
527922849
201761386
354181170
132086043
132086043
26554361
809546887
982079088
18973779
873234747
636389126
956491387
956491387
706891479
492258947
809546887
771867053
873234747
771867053
22385352
32698604
32698604
827537183
826827332
826827332
826827332
583336394
149073432
394711529
127473516
685025821
809546887
631440278
873234747
193504197
193504197
193504197
201761386
685025821
152387024
152387024
500000148
500190439
500190439
140062877
703511617
201761386
557091364
809546887
781816257
500000148
781816257
748460357
748460357
244618594
581067631
581067631
71614372
136744987
500000148
593720736
593720736
931068491
136744987
604352246
297202287
966744521
297202287
297202287
297202287
685025821
880789637
500000148
583336394
257864911
296424260
111908765
791930659
385713319
225057262
354181170
500000148
689616641
142522062
500000148
873234747
354181170
208574770
809546887
180585959
180585959
792166488
685025821
968131391
105879029
685025821
290779215
583336394
14001290
131631519
131631519
857785795
131631519
107267141
873234747
877801379
583336394
856933760
201761386
500000148
659814084
11185093
11185093
11185093
11185093
938383293
659814084
938383293
938383293
857785795
354181170
354181170
805525208
685025821
882540799
173898243
873234747
378233315
290779215
523055727
896637280
896637280
375686028
685025821
302569991
212574447
354181170
290779215
201761386
782406227
201761386
873234747
199059814
199059814
670957388
723964409
723964409
500000148
809546887
723964409
785726470
462213658
111908765
462213658
649788262
649788262
104831037
104831037
165979259
228156460
228156460
228156460
228156460
979960081
979960081
613911718
500000148
979960081
979960081
500000148
89312887
831571696
500000148
612552418
274951767
743825851
583336394
274951767
685025821
583336394
709406455
809546887
709406455
978475459
809546887
874371177
897559014
673094017
772185863
772185863
996933135
873234747
847027737
509192740
644998007
201761386
894643056
509192740
894643056
994747965
583336394
731072216
731072216
201761386
56518753
659676610
424812616
111908765
290779215
342310809
354181170
400570353
588073675
685025821
509192740
500000148
873234747
669600862
739233082
419133486
69763830
761542582
721672221
38098291
51965862
426955598
873234747
547140597
547140597
500000148
964879561
964879561
809546887
324583556
873234747
354181170
857785795
521640182
857785795
273582086
484871753
730849187
778071908
290779215
778071908
778071908
181400348
181400348
181400348
264174568
201761386
264174568
503226328
514495385
514495385
835617994
500000148
931463119
730849187
273399294
564567585
822917860
822917860
500000148
111234479
111234479
111234479
111234479
639978614
779571823
779571823
500000148
201761386
146498977
809546887
857785795
354181170
961095296
961095296
730849187
19796029
876108513
137471880
999890118
246543352
246543352
857785795
905540776
730849187
290779215
501215370
999890118
303107535
689108682
303107535
719752865
278925466
999890118
623932931
698836308
583336394
423048315
278446343
873234747
873234747
499941389
403298108
403298108
354181170
77145053
59082936
809546887
942273538
961093904
961093904
534650555
201761386
10706060
290779215
873234747
809546887
60841838
158179472
500000148
201761386
91324853
201761386
306193053
857785795
201761386
235991681
84240466
409471048
189277741
189277741
500000148
169674473
169674473
405625130
290779215
405625130
809546887
409471048
201761386
290779215
232455735
232455735
201761386
232455735
174000545
687199017
201761386
809546887
687199017
409471048
160752230
407157172
857785795
111387970
107269626
409471048
280477542
494205336
40221712
796218939
180344475
201761386
796218939
796218939
29033634
138488844
857785795
882625781
882625781
180344475
834617186
252009408
252009408
809546887
873234747
135712438
135712438
471325066
626279590
626279590
626279590
201761386
730849187
55032106
583336394
35335180
35335180
180344475
730849187
857785795
483725925
265040523
873234747
259617166
695587170
757201323
259617166
259617166
308525660
901819311
730849187
224120925
873465276
873465276
504316554
142895087
19643771
322665060
201761386
201761386
589644768
857785795
524110517
528373285
528373285
325956863
325956863
325956863
411773923
290779215
950303505
509574379
798908414
469460699
349710792
469460699
810343869
658349057
583336394
469755117
469755117
99565751
672461848
672461848
822868350
809546887
355686893
99700175
905006702
905006702
905006702
75496231
99565751
583842607
90736248
583842607
583842607
809546887
42054444
168005369
239215704
239215704
99565751
62093661
844738948
844738948
587324254
587324254
587324254
296866611
99392718
354181170
420893717
624490341
324244092
624490341
624490341
290779215
583336394
873234747
857785795
155918702
201761386
155918702
870225267
84002891
987806619
873234747
840430095
840430095
844367955
809546887
915069245
915069245
915069245
915069245
538092940
538092940
538092940
844367955
104048058
484515227
500000148
354181170
428146113
801183455
99565751
749699758
857785795
942502238
682068297
682068297
682068297
820693295
7041438
820693295
7041438
7041438
117962068
583336394
504220258
504220258
504220258
504220258
116597595
116597595
857785795
222738467
809546887
63392276
742799530
290779215
583336394
354181170
585544506
583336394
809546887
814752847
526241649
526241649
534432433
545109722
600688669
600688669
141359792
956826601
873234747
809546887
400724692
500000148
71259503
609397511
622372544
179144500
150815282
665811536
309975155
467935192
309975155
744401406
500000148
744401406
467434071
319739361
502548024
201761386
620926875
579459500
579459500
634720247
857785795
695989058
952910709
982532915
982532915
982532915
809546887
982532915
319739361
771572911
893195462
771572911
306535433
581758716
787289715
787289715
787289715
28194817
581758716
908468976
908468976
908468976
938365618
306535433
379505018
938365618
597346502
597346502
851539978
319739361
716189195
716189195
213673449
307757143
500000148
319739361
500000148
379505018
28194817
583336394
354181170
306535433
28194817
319739361
583336394
707210047
707210047
306535433
26651408
363293284
500000148
533820938
583336394
282467332
902308409
902308409
319739361
199619957
199619957
555443264
578691949
28194817
704057333
704057333
941005132
857785795
941005132
930351683
319739361
214318574
176392388
961751612
889423541
28194817
462171722
28194817
694721129
500000148
857785795
980941984
980941984
477508777
651032393
863565876
921823361
863565876
257482871
268302361
814799313
28194817
57928054
583336394
57928054
290779215
57928054
290779215
189871077
265313938
279470894
857785795
548802201
761164166
100851299
833192541
313793343
313793343
469749156
512992603
290779215
165137715
996259667
580642322
580642322
259259252
331132475
422814860
809546887
787254742
205282514
156865519
354181170
280373681
164748913
992592216
992592216
352170772
992592216
500000148
290779215
148191642
169345378
169345378
250973980
500000148
118332453
433009711
688905258
290779215
688905258
352170772
201761386
790611922
809546887
327672433
434386446
874394292
319739361
259259252
927196318
611360192
59789410
532463921
59789410
201761386
645226850
825443613
978114119
319739361
118118406
118118406
155082426
354181170
341243471
987215798
290779215
118118406
118118406
12881498
12881498
809546887
795711429
500000148
583336394
870442145
857785795
533013296
927321295
264933410
927321295
538537244
80096204
245498700
500000148
609468614
302239644
153569584
909195330
153569584
302239644
153569584
514516916
514516916
201761386
937818616
439810344
629013094
217122430
919972233
459945110
909195330
133001218
909195330
809546887
133001218
857785795
734997037
360296072
728605034
728605034
728605034
166262073
360296072
903763332
360296072
963022120
360296072
181587793
181587793
181587793
83835445
999717745
360296072
599938632
599938632
148752861
43990490
148752861
43990490
621230393
512575931
201761386
809546887
981454545
981454545
354181170
56395962
536882863
56395962
833515557
857785795
809546887
909195330
857785795
114659693
525297366
711274368
514665659
360296072
500000148
679501725
679501725
24433658
24433658
21224114
21224114
21224114
371375549
992393371
536882863
459905613
271239992
271239992
809546887
234994417
811106106
811106106
811106106
114659693
811106106
588415573
500000148
366463583
200641836
366463583
496457443
993625245
993625245
525957079
619427701
994415214
619427701
764673977
300012716
857785795
82401762
354181170
246399929
787376133
764673977
277164439
804775903
211471754
211471754
354181170
445268416
689085198
809546887
871825062
496967412
538909072
946114997
201761386
354181170
348501040
739128729
739128729
739128729
583336394
994415214
994415214
484905901
857785795
995539405
201761386
201761386
500000148
871825062
871825062
291157217
860012213
64908435
239957588
538909072
64908435
354181170
583336394
871825062
343525382
343525382
343525382
343525382
994415214
816803830
706814393
706814393
809546887
321221778
321221778
583336394
354181170
809546887
244725898
736757113
461225265
461225265
809546887
663224017
736757113
688671680
614926667
809546887
614926667
201761386
614926667
592513223
592513223
592513223
946330562
133595264
354181170
266885919
994415214
162749715
526855569
522753539
360919979
147614140
201761386
991719350
881518612
857785795
764673977
764673977
424699338
64631047
447710409
994415214
447710409
879820502
818146352
354181170
201761386
175457660
518846919
518846919
518846919
518846919
965051041
354181170
224240945
583336394
147614140
569723526
875371952
809546887
5513652
354181170
879820502
201761386
780356433
857785795
659587674
659587674
489610479
681196918
147614140
544849511
726684648
354181170
726684648
253515083
209582942
583336394
426811958
426811958
426811958
426811958
764673977
269613760
426811958
764673977
706237075
706237075
706237075
994415214
145657469
924838365
500000148
500000148
764673977
764673977
153663809
994415214
994415214
764673977
680801652
680801652
680801652
237650724
598694958
857785795
500000148
186107066
357148150
994415214
357148150
857785795
357148150
357148150
357148150
357148150
357148150
357148150
357148150
780230128
583336394
515078582
500000148
875882240
126309653
728810118
728810118
500000148
857785795
500000148
335304700
335304700
335304700
335304700
335304700
733470965
857785795
313106484
313106484
313106484
479904942
764673977
528995771
528995771
809546887
908287247
306132793
306132793
387649457
583336394
699008324
323946288
323946288
354181170
354181170
434129945
434129945
434129945
857785795
569167969
857785795
764673977
398239464
500000148
398239464
377121226
398239464
692022925
186840832
186840832
645546853
645546853
199616306
754154800
55068489
44911887
809546887
44911887
44911887
583336394
44911887
44911887
44911887
583336394
379649555
500000148
490517877
197099113
197099113
534182586
534182586
534182586
201761386
167527418
167527418
167527418
167527418
758682882
240384453
40867621
944003416
944003416
857785795
944003416
740225155
500000148
440562132
440562132
698087267
994415214
107753373
848008259
863751768
863751768
863751768
733201900
92429075
583336394
809546887
246642355
809546887
476200398
610392695
116874088
116874088
610392695
360799488
116874088
830700295
490517877
638404467
610392695
638404467
265630335
201761386
994415214
994415214
78932495
78932495
857785795
38570055
994415214
782029091
536322968
304168879
583336394
583336394
642309063
959382663
117253429
34068747
34068747
994415214
618989798
315274136
739449245
910540291
292389624
653761148
175977261
503559547
751586923
254013219
254013219
254013219
130796333
522683221
443092816
443092816
111131896
359118376
511857072
652370867
574391034
101859630
870436309
359118376
882797457
354181170
906467498
201761386
720651268
212308152
212308152
393657116
714675044
231670532
86469524
86469524
809546887
586947274
558885732
522683221
586947274
936446999
752957057
752957057
200175461
947283788
50692105
50692105
50692105
802918238
50692105
834058623
299453744
388493456
486978404
857785795
622674620
59968334
904652164
59968334
107971057
107971057
107971057
928922052
904652164
904652164
978685326
652370867
201761386
978685326
809546887
312408230
994415214
355211087
355211087
355211087
201761386
355211087
359118376
355211087
750693673
155495462
155495462
201761386
530866360
155495462
359118376
857785795
583336394
359118376
194392424
583336394
343137728
809546887
200175461
118401188
118401188
500000148
118401188
397751927
397751927
924519365
234270196
354181170
606807652
857785795
867141152
585420880
471857799
471857799
471857799
471857799
274499225
857785795
645160001
359118376
545255635
583336394
994415214
252817826
518777825
354181170
994415214
948136504
252817826
604985910
948136504
948136504
857785795
413268515
413268515
413268515
780443195
294193561
857785795
500000148
285302795
252817826
285302795
904652164
285302795
902972234
834652535
91321229
575231711
575231711
3730329
986194745
779747358
779747358
779747358
359118376
779747358
201761386
302414025
959530865
334015999
356584740
615342871
698726688
698726688
142637376
698726688
994415214
528177543
301758525
280733811
809546887
736894589
736894589
736894589
354181170
675666854
214615808
652370867
57173704
57173704
57173704
500000148
57173704
994415214
802918238
692943945
357006104
500000148
354181170
802918238
413965029
857785795
809546887
785119781
785119781
308643396
802918238
354181170
201761386
267903152
354181170
22350029
530828859
791706852
323258
357465135
64229407
715871984
500000148
529922391
529922391
529922391
529922391
529922391
184130675
809546887
184130675
354181170
787551460
649031122
968526775
361118764
230759057
774141718
252560928
730882995
730882995
246631152
354181170
246631152
649031122
246631152
916053189
904902736
916053189
904902736
916053189
916053189
916053189
128269674
128269674
300358175
300358175
300358175
725982847
725982847
346026664
995907536
102644716
995907536
995907536
995907536
904902736
664925225
270559058
904902736
555918094
47006194
354181170
715871984
47006194
354181170
201761386
809546887
932904907
102644716
354181170
354181170
442459809
857785795
583336394
832180207
813455871
809546887
102644716
857785795
440781733
661729009
857785795
637347805
637347805
591938065
201761386
994415214
703821255
363199319
932232170
500000148
585180973
29422886
354181170
140180125
140180125
497848647
497848647
211115407
232497298
762895884
855292109
855292109
855292109
855292109
583336394
298229759
354181170
201761386
414687983
148859387
414687983
994415214
148859387
683830506
857785795
583336394
683830506
683830506
683830506
415418901
415418901
415418901
298229759
443851323
857785795
79118150
79118150
583336394
287848919
476560628
476560628
548811791
548811791
181454164
548811791
548811791
185871253
548811791
963856291
82554465
82554465
809546887
822124092
475408448
475408448
946326131
946326131
956646520
956646520
913919834
994415214
197244868
994415214
709720883
991385946
567964864
24763858
788337445
298546890
857785795
40934610
40934610
722455891
320237037
320237037
946326131
250312727
250312727
250312727
250312727
298229759
298229759
809546887
979256675
857785795
994415214
583336394
62577443
128307983
90608209
298546890
354181170
354181170
946326131
722455891
857785795
32214501
929880749
948990609
727853807
808690643
808690643
500000148
201761386
73311337
739128404
739128404
73311337
400960949
809546887
380389174
380389174
380389174
946326131
376114178
369205990
369205990
535169710
868251216
868251216
354181170
817015031
868251216
868251216
752820321
52886876
226109317
556081363
556081363
39603436
500000148
39603436
201761386
39603436
380950386
380950386
689764555
689764555
689764555
774726864
994415214
298229759
659148251
659148251
320227746
320227746
320227746
583336394
320227746
320227746
123992392
263379740
200296770
819501823
420785733
94627223
94627223
819501823
42175812
354181170
668853818
678592977
207176564
857785795
201503473
201761386
360597927
703005489
500000148
857785795
786808755
172481734
201761386
923741382
354181170
923741382
960410188
887991709
812113653
812113653
812113653
812113653
396576723
673891374
125556745
909015707
439185562
439185562
439185562
857785795
439185562
129994357
583336394
47318442
47318442
420785733
125556745
134850667
366846783
223190259
454495297
914827060
500000148
120727792
120727792
235838296
111174646
807799329
597286824
201761386
809546887
786808755
111174646
811809589
811809589
397902821
787077695
86617851
210930768
210930768
210930768
807799329
280469479
181718127
676576381
867866544
583336394
867866544
809546887
201761386
111174646
676576381
111174646
223190259
761072461
246605124
491245802
516664306
516664306
516664306
516664306
516664306
516664306
516664306
516664306
809546887
491245802
516664306
500000148
952182033
354181170
75918330
159445175
676576381
453209570
525530656
354181170
809546887
778098842
936976844
838840453
786808755
767938254
588226426
588226426
347534253
919964271
515654796
515654796
515654796
857785795
556510233
263980347
547325414
547325414
781503709
170004185
170004185
170004185
976350890
976350890
927147302
931217126
767938254
857785795
193348516
71558541
767938254
155366971
8491380
755323679
8491380
612913391
886853656
201761386
857785795
111174646
755323679
834463174
223190259
834463174
834463174
832857368
2932574
767938254
400512215
500000148
400512215
2932574
767938254
111174646
809546887
862250488
583336394
201761386
963113787
786808755
763348126
354181170
500000148
541928059
541928059
13693370
2932574
500000148
544417479
767938254
943540586
943540586
943540586
27247013
201761386
77062463
526898148
739557864
763075343
739557864
767938254
739557864
328870965
583336394
328870965
823736220
223190259
809546887
223190259
730174477
591992303
751960134
223190259
751960134
201761386
106269570
416847228
809546887
583336394
366669732
366669732
547243521
547243521
111174646
126353534
500000148
336482644
114340140
336482644
336482644
786808755
114340140
857785795
312473970
509386291
975993539
509386291
509386291
583336394
809546887
223190259
111174646
512037180
583336394
809546887
805741839
71143897
642105898
809546887
223190259
366017445
786808755
366017445
366017445
555559158
555559158
223190259
111174646
555559158
690901040
841764157
421397091
786808755
201761386
87291042
422519270
465253898
422519270
786808755
300179096
293515919
293515919
293515919
261851477
201761386
111174646
9890373
880964170
841764157
410084176
410084176
669014436
864736436
223190259
158614652
158614652
702057942
403846846
354181170
803850477
423237255
897881726
300272046
857785795
857785795
988013309
988013309
514325814
367470217
514325814
202037284
442423897
500000148
206749102
786808755
472361455
786808755
650551525
745953624
931128348
856275021
500000148
754508153
809546887
754508153
500000148
772518639
190599968
786808755
983100930
500000148
831207383
583336394
826864341
500000148
500000148
495438225
421006622
248753711
500000148
32565559
32565559
32565559
809546887
925514247
235396503
583336394
500000148
881777736
235396503
109780564
507401702
201053594
235396503
786808755
761088042
891053779
697696706
715436337
715436337
520575453
520575453
997289901
500000148
963055678
963055678
957559245
786808755
963055678
786808755
963055678
963055678
223190259
985849906
580006306
227621307
65318599
227621307
227621307
244233469
556523474
223190259
556523474
556523474
523728853
466859076
466859076
251240556
523728853
583336394
122658195
580006306
251240556
647699456
244233469
616547496
244233469
523728853
583336394
244233469
201761386
918051054
918051054
500000148
583336394
42334444
786808755
362036943
258959198
65318599
824616835
798629881
798629881
279449327
459073144
816096463
710524172
555713274
919811282
244233469
606864801
698645424
606864801
222083798
177503689
32857602
800727779
800727779
800727779
800727779
800727779
127308996
223190259
127308996
958140462
27378738
127855107
826228335
47055123
781587032
19787466
223190259
65318599
857785795
148190917
65318599
984167329
354181170
919811282
201761386
336038333
336038333
336038333
857785795
857785795
105767939
809546887
835248814
105767939
105767939
223190259
105767939
105767939
382747105
244233469
404620628
452377703
223190259
455119484
455119484
455119484
169194283
493658717
620816485
381285952
493658717
455119484
633309071
65318599
857785795
65318599
786808755
939709211
570725358
570725358
238132638
570725358
576629146
244233469
576629146
519255202
246305256
746883386
968844452
65318599
65318599
238132638
656937247
923023679
65318599
238132638
238132638
354181170
786808755
868874952
93882417
201761386
857785795
354181170
583336394
722990333
722990333
857785795
809546887
722990333
809546887
722990333
868874952
868874952
365978751
583336394
65318599
365978751
244233469
583336394
903655666
809546887
642323164
642323164
761592720
223190259
65318599
761592720
761592720
761592720
761592720
201761386
354181170
167997543
326179565
739366374
889595995
137955004
739366374
583336394
329076159
592637547
354181170
563110369
563110369
660963679
727909867
201761386
192510674
62885645
62885645
30019886
335816727
335816727
448568199
288569934
228644483
288569934
257220749
439863653
583336394
354181170
543419776
432946422
432946422
543419776
500000148
100975195
260247572
252653506
252653506
252653506
252653506
583336394
354181170
908926890
195677728
908926890
480414022
407321614
407321614
809546887
201761386
316138774
190841355
885405622
583336394
185853569
194924358
194924358
201761386
876199956
600471945
995940300
600471945
600471945
354181170
876199956
68553697
876199956
346564181
960623114
583336394
318025202
653850723
809546887
653850723
653850723
395823376
317062812
693339738
633313122
15147574
633313122
243406069
243406069
395823376
857785795
857785795
395823376
576616799
569700871
354181170
97582428
97582428
97582428
468737490
500000148
867596326
945409783
876199956
945409783
945409783
945409783
527418713
973629379
10435885
500000148
698934024
746633392
815252096
172201819
698934024
809546887
42687502
812782794
812782794
573794132
573794132
500000148
573794132
201761386
846388314
159571711
846388314
159571711
175648530
354181170
633313122
201761386
354181170
573907935
573907935
573907935
573907935
183309030
876199956
381346087
183309030
183309030
183309030
975028238
880718304
300197206
112655205
203052577
203052577
28826027
203052577
203052577
495889735
975028238
495889735
127059641
127059641
201761386
843115891
843115891
254307099
354181170
430488189
809546887
560060564
96317660
96317660
96317660
395823376
354181170
381346087
96317660
583336394
471599736
795270532
795270532
583336394
795270532
206409574
206409574
142405708
142405708
142405708
142405708
809546887
975028238
283458332
448665711
764091474
960752682
975028238
195175785
295150203
500000148
195175785
857785795
71420509
740360978
971247807
76404293
405855505
876199956
620104562
736143041
340519498
502010575
201761386
322371855
633313122
322371855
340519498
322371855
633313122
754877239
70154762
359695305
386224214
642661381
201761386
876199956
831739340
606580922
606580922
606580922
14173357
14173357
996200177
500000148
500000148
809546887
842275869
842275869
842275869
842275869
842275869
183173709
682867505
682867505
527440682
223495195
550513185
876199956
984645872
395823376
354181170
695581821
113422975
876199956
354181170
583336394
113422975
583336394
876199956
141138376
500000148
395823376
284423380
906931700
485769381
485769381
395823376
195579199
195579199
474587451
323213416
766629562
574095386
201761386
265184880
90708094
636616895
840356074
766629562
237328610
402426461
365173241
861543492
409115758
734800634
716610580
716610580
716610580
716610580
148012848
876199956
148012848
624160105
893606868
893606868
876199956
221136008
927665260
773163002
773163002
809546887
654748926
654748926
624160105
654748926
654748926
83348976
201761386
793927721
354181170
145162029
145162029
857785795
145162029
145162029
145162029
850692844
675368941
675368941
500000148
86775692
354181170
86775692
876199956
624160105
148012848
113931173
381814808
462210719
413610665
342148614
342148614
731507211
148012848
406390063
406390063
500000148
419569766
626198691
583336394
624160105
203763524
203763524
744627004
419569766
591644481
988239851
317489365
148012848
317489365
201761386
317489365
317489365
317489365
723346040
795670006
795670006
973449157
612514536
612514536
656223364
809546887
656223364
656223364
166630382
656223364
656223364
354181170
741465503
741465503
454072739
583336394
887434040
341615003
744102219
744102219
716427974
470304639
643173765
201761386
323482381
819206435
383634332
819206435
383634332
635909606
635909606
635909606
789819820
508248522
70244993
201761386
46490159
754894203
609877602
754894203
354181170
754894203
754894203
844154603
876199956
809546887
576647530
576647530
412581476
189163200
340762677
857785795
500000148
393226517
500000148
640923524
590112475
876199956
660835268
201761386
502862911
738579572
629161046
500000148
349145477
349145477
271134320
201761386
205887232
809546887
271134320
643792460
643792460
498706996
358812910
166687156
876199956
166687156
627736909
627736909
161978357
363699911
161978357
500000148
727650518
354181170
314341432
314341432
876038676
583336394
876038676
87852595
809546887
857785795
977497856
977497856
857785795
178993084
287703963
87852595
689763865
119249123
104047789
95361525
511935297
354181170
603206432
95361525
201761386
388409077
388409077
388409077
349605769
399358986
369892161
169062637
95361525
727650518
727650518
583336394
603206432
807619063
807619063
807619063
807619063
807619063
807619063
807619063
201761386
163023820
95361525
876199956
894625516
213484361
616501803
161461300
161461300
161461300
176657334
176657334
176657334
176657334
824019921
95361525
496807727
139192560
496807727
496807727
976983147
143046666
219346448
101286079
101286079
201761386
101286079
480925832
876199956
480925832
287496540
287496540
143046666
354181170
500000148
380703936
922521858
587580956
670743194
370526924
500000148
889092909
332193248
372617407
688477540
857785795
728233562
22916152
583336394
110395659
249743377
583336394
249743377
607389840
891851855
607389840
486923605
907476736
500000148
901264806
686202615
500000148
500000148
686202615
686202615
606398835
226103745
201761386
958821199
117878172
117878172
117878172
791571751
772768850
354181170
316855425
606398835
74798126
995920305
727650518
955742380
955742380
354181170
28098912
871293711
876199956
500000148
799652560
749040649
583336394
139432038
354181170
392796045
156530839
716576420
716576420
517197602
716576420
517197602
782087798
857785795
716576420
727650518
156530839
646211992
536747300
110448003
110448003
876199956
354181170
392796045
601955289
201761386
788134484
727650518
238082650
271382405
271382405
271382405
486643021
392796045
500000148
486643021
973269706
788673777
637975786
499074815
876199956
156530839
637975786
832814921
678078742
678078742
475646552
678078742
678078742
583336394
500000148
338358801
788673777
985862016
985862016
985862016
583336394
420897435
156530839
392796045
420897435
806110085
724689209
479978944
857785795
189042705
189042705
876199956
907154887
660653211
749725810
749725810
350991820
583336394
381956652
500000148
392796045
682113412
809546887
682113412
583336394
857785795
381956652
78054510
231957360
78054510
583336394
809546887
735596691
633513091
299927270
174022005
174022005
174022005
201761386
174022005
168632453
169754724
945353639
68655917
876199956
860698588
354181170
43071994
350512358
350512358
809546887
156530839
339233197
339233197
156530839
339233197
481610003
339233197
876199956
500000148
201761386
841179253
857785795
634558359
634558359
68655917
120275975
828388159
857785795
343106004
741206264
688609176
804572679
156530839
48636470
373339738
805254780
990068764
935786786
500000148
794035223
91335722
418931019
418931019
418931019
337420009
337420009
876199956
690987051
826238343
160132098
503159857
528950868
727650518
528950868
539828659
343401719
727650518
395467422
807552483
52419748
197815641
197815641
197815641
301039546
506025042
506025042
640191362
732276631
384233972
876199956
873218506
873218506
201761386
320507776
809546887
618580736
239844114
354181170
406434322
406434322
500000148
320507776
606910265
233458208
233458208
408658712
505011848
408658712
777135007
777135007
384233972
863832042
437311639
437311639
857785795
437311639
269367528
320507776
176856657
876199956
526872372
526872372
381180826
314181217
876199956
314181217
314181217
314181217
965334546
965334546
581414847
709321937
583336394
809546887
164101052
7008871
7008871
39488410
39488410
39488410
39488410
39488410
876199956
65194782
857785795
30223713
213042787
213042787
213042787
714648009
543237684
483956691
857499903
55011810
708905222
785218471
845310319
857785795
359279354
467859162
201761386
708905222
857785795
104366881
907100661
708905222
469532397
576787164
576787164
576787164
361110153
583336394
359626544
791587879
791587879
104366881
791587879
87563816
864093495
864093495
864093495
867529712
201761386
867529712
978916268
452970568
371516861
325953851
201761386
708905222
541507288
121783492
201761386
583336394
708147660
708147660
857785795
254757392
857785795
792941380
996330435
466369512
466369512
466369512
500000148
694716371
658001717
744263992
496484911
908240853
905179525
809546887
210593174
905179525
843624789
843624789
325953851
354181170
507551188
507551188
518837453
857785795
403877168
917794854
917794854
529339694
857785795
223310704
857785795
223310704
857785795
942676480
885364583
620877494
551369313
801574776
59433135
506336188
506336188
876199956
784135329
583336394
500000148
352267118
352267118
14871868
14871868
14871868
806750880
841105906
145830202
145830202
354181170
583336394
458528422
583336394
361110153
65525932
754547710
857785795
796392694
796392694
796392694
876199956
52893253
52893253
876199956
857785795
885364583
314411924
860771869
173523404
173523404
876199956
501397315
201761386
63732963
607011527
172422258
279451290
413979079
583336394
222363942
354181170
583336394
201761386
457583139
809546887
732990338
620328653
926530836
354181170
432782210
432782210
926530836
746272868
746272868
354181170
56834092
646315469
646315469
248408910
926665775
662136285
662136285
662136285
876199956
664104315
859681988
859681988
816694016
361110153
201761386
101865084
101865084
900777947
248408910
583336394
857785795
804949455
926530836
804949455
361110153
253563785
68725636
68725636
500000148
701981808
701981808
701981808
809546887
701981808
701981808
354181170
583336394
749366373
708905222
990332863
990332863
583336394
990332863
367530140
85623700
201761386
138426480
178315107
841959470
876199956
830701342
830701342
574604522
723107350
9953375
9953375
860383047
574604522
177113860
233500854
765321419
765321419
765321419
51883123
498992756
226455868
498992756
226455868
226455868
708905222
226455868
724401803
201761386
188328192
500000148
500000148
963081810
857785795
940728931
940728931
940728931
940728931
354181170
940728931
940728931
940728931
977863885
810101297
810101297
46578353
46578353
46578353
876199956
857785795
254116044
891139047
708905222
150358767
929420517
876199956
150358767
891409568
231310955
583336394
330996910
929420517
740181818
740181818
599244748
708905222
599244748
500000148
570998761
708905222
197387706
708905222
83469365
708905222
500000148
401532762
857785795
876199956
437158359
876199956
385347985
543528444
543528444
81241501
716910562
708905222
876199956
728663028
728663028
162655369
201761386
976056454
876199956
200259432
794997522
976325569
256249195
256249195
296650664
645415714
199991839
438779576
583336394
141547767
141547767
459278327
970541592
298827248
595822238
201761386
493442721
170317532
354181170
876199956
777034049
954182655
404689616
625371177
395480086
500000148
165583823
130543402
679323067
500000148
679323067
679323067
679323067
201761386
500000148
42568069
445813373
348791735
500000148
922688647
188512889
820246155
185381664
736473147
404747593
876199956
404747593
201761386
769993281
876199956
639132740
369076181
463390492
169746521
857785795
354181170
928121874
809546887
978577856
887819366
378491497
857785795
639334577
887819366
354181170
529498570
529498570
793354957
211983721
602351679
709300300
201761386
167013538
793354957
414304304
126641106
887819366
773744842
972226195
531134107
531134107
531134107
354181170
593834384
796445980
436194068
436194068
378491497
809546887
107517023
76845500
948147497
531776343
215131799
728833315
558586696
967471642
80823777
500000148
99055964
354181170
975317847
975317847
708646420
708646420
201761386
554153885
887819366
201761386
309408744
434640243
309408744
309408744
434640243
554153885
940204515
432410408
448899998
543331021
768335802
319928803
809546887
500000148
809546887
972226195
601862570
703706903
236969395
539362103
406937947
857785795
406937947
236969395
406937947
354181170
878861954
378491497
627917577
500000148
911664066
887819366
727006028
727006028
972226195
921479479
425560210
425560210
28003711
201761386
198692212
148826108
583336394
198692212
75700403
354181170
354181170
972226195
522015192
583336394
583336394
500000148
201761386
450058142
882549357
882549357
882549357
811193313
519528639
500000148
201761386
378491497
703210243
877160399
745925595
248044267
745925595
272200967
16632803
857785795
989786335
621237619
887819366
621237619
583336394
968085630
857785795
583336394
973532112
968085630
968085630
968085630
854565014
854565014
636373717
501902533
88008810
74886279
659601581
492466320
74886279
588042322
354181170
494370469
354181170
583336394
676491969
918474696
537597768
537597768
583336394
501902533
50765868
50765868
50765868
293450703
908973342
501902533
857785795
38306530
783387317
783387317
972226195
541549942
767462579
809546887
972226195
428082253
887819366
809546887
176165102
583336394
886735136
886735136
251434827
592235258
386159357
466628094
203891514
857785795
67161669
67161669
67161669
857785795
809546887
533771111
376659867
369639033
598665331
993005821
857785795
857785795
541768131
369639033
583336394
583336394
583336394
201761386
973532112
857785795
887819366
378491497
349404988
360455950
500000148
500000148
309526621
857785795
500000148
500000148
629883091
354181170
942220100
629883091
629883091
688395565
921268800
972226195
972226195
921268800
973532112
921268800
738409761
525080198
191887617
191887617
191887617
191887617
191887617
191887617
191887617
191887617
122919797
357856809
824747678
824747678
824747678
824747678
768461319
768461319
500000148
594185077
592555921
663965356
663965356
735968230
735968230
735968230
735968230
583336394
27105891
729340284
742594246
732261174
656245576
972226195
805277587
500000148
587993886
398789435
398789435
972226195
878582145
878582145
583336394
878582145
878582145
878582145
878582145
781896808
242057213
242057213
242057213
740659110
242057213
242057213
242057213
647851020
201761386
692867441
946809807
507616718
378491497
481733470
481733470
583336394
790200991
500000148
935432567
507616718
234708458
972226195
234708458
362138168
59240200
59240200
809546887
583336394
980830661
781896808
583336394
557699509
809546887
507616718
781896808
910281249
777976695
507616718
500000148
350981108
781896808
749288707
656884108
809546887
857785795
994870355
831780158
53118975
882942553
882942553
354181170
378491497
36472180
36472180
354181170
927399005
849265847
13602584
13602584
551740658
500000148
500000148
857785795
507614207
63602820
774615035
510972001
849265847
784774064
201761386
378491497
500000148
623007823
373042463
327589113
191258945
191258945
201014268
201014268
857785795
10085229
68900613
857785795
857785795
809546887
378749765
571506961
986133234
243578178
809546887
201761386
972226195
580218272
972226195
288739271
354181170
333448374
652236863
430583666
467534447
655443131
209985679
209985679
860822526
638789306
927399005
54812863
510972001
857785795
931737007
119082720
119082720
119082720
548060831
548060831
548060831
32609074
500000148
346897904
510972001
32609074
788779331
857785795
710192337
710192337
360358768
927399005
959600312
809546887
683650391
583336394
626947678
30088170
864297547
864297547
864297547
354181170
864297547
809546887
201761386
370578842
370578842
576813223
576813223
594353892
516096739
516096739
465779575
236613317
389337110
389337110
626947678
532324939
766248581
809546887
733776528
378491497
151764539
354181170
962670955
500000148
962670955
766248581
962670955
962670955
962670955
962670955
656865402
201761386
972226195
687193030
201761386
59197094
201761386
59197094
393067902
74431020
916107771
819976340
201761386
510382002
500000148
579214342
510382002
76278454
193654956
510382002
193654956
49198127
193654956
193654956
510382002
294887007
294887007
857785795
583336394
500000148
638214264
727506056
657164360
448595456
448595456
448595456
916107771
809546887
857785795
254852014
678259219
583336394
501358691
501358691
354181170
254852014
501358691
500000148
857785795
838376912
354181170
745365686
972576354
868616323
868616323
849997546
849997546
254852014
510382002
338995243
338995243
354181170
480936281
127054134
127054134
354181170
843977094
128911286
254852014
809546887
315287461
510382002
360455772
934600662
934600662
676271678
857785795
620853502
620853502
857785795
809546887
241458176
241458176
201761386
109157497
916107771
85885552
109157497
165459574
510382002
88084028
197485710
197485710
325764245
787641351
230831422
230831422
809546887
99254978
444956194
444956194
500000148
916107771
583336394
812977333
812977333
85885552
812977333
637178301
637178301
450388599
254852014
580282913
142924727
85885552
126454355
500000148
213518909
823041128
678711632
294061589
354181170
85885552
294061589
857785795
294061589
457431759
457431759
527331995
457431759
500000148
787641351
311353156
846080527
510382002
354181170
962540612
39982751
626414504
85885552
82426247
201761386
73287813
654554117
85885552
857785795
756419198
85885552
756419198
820296985
354181170
887648420
583336394
354181170
583336394
201761386
887648420
920947189
920947189
297439526
297439526
809546887
26896469
327036982
133072496
510382002
279345573
279345573
279345573
713045475
801997647
377641960
26896469
26896469
761801652
26896469
354181170
355510896
62036388
510382002
62036388
62036388
62036388
62036388
463386027
583029128
65681317
60899971
65681317
514856199
920947189
546512984
546512984
546512984
546512984
809546887
469885426
469885426
469885426
510382002
510382002
469885426
865269890
354181170
157988951
510382002
201761386
514856199
655103099
814256855
792055413
655103099
55716376
26896469
319983961
319983961
914319349
914319349
914319349
655103099
747662900
747662900
550808057
583336394
591996308
920947189
406320671
889275146
809546887
406320671
589532522
589532522
510382002
589532522
920947189
26896469
589532522
589532522
234533259
455069638
857785795
287330263
287330263
201761386
455069638
532273532
201761386
94016333
68412893
98814410
194315943
407493571
809546887
857785795
560431170
741318008
194315943
741318008
855776879
590556282
590556282
132590379
83044305
83044305
470913775
614311760
470913775
668148856
201761386
886565554
834640324
289013573
75210683
415470251
857785795
543149349
78139514
920947189
583336394
688723298
887573875
510382002
887573875
286745364
354181170
635823710
645182141
645182141
645182141
270443467
505430891
596089436
809546887
920947189
596089436
596089436
16190758
16190758
510382002
16190758
763521850
828029843
920947189
510382002
824490479
613041467
613041467
857785795
286163546
902559125
902559125
192117997
809546887
81544941
81544941
81544941
365243824
365243824
510382002
442580987
686468840
442580987
442580987
857785795
500000148
201761386
651387278
605001679
605001679
201761386
475227628
605001679
605001679
48199151
500000148
510382002
203253081
111833086
393336079
111833086
111833086
224177770
216436607
920947189
510382002
857785795
367747787
173821528
931042611
233676021
773366134
809546887
51511577
201761386
798221528
354181170
728962379
665375473
364130290
364130290
500000148
201761386
248335908
48504624
490659409
245900859
48504624
354181170
114264462
354181170
166890805
581710418
386346576
825955889
825955889
790395076
583336394
386346576
920947189
947078500
201761386
201761386
894274571
744539143
668683373
809546887
500000148
202903258
400723061
354181170
58342616
778388295
857785795
778388295
201761386
857785795
695777063
459111200
510382002
275123125
275123125
617410070
795441987
553040838
201761386
809546887
553040838
527081558
354181170
857785795
493921140
493921140
422013733
795441987
354181170
148666263
964240178
809546887
697239621
646063054
378603866
500000148
219683205
378603866
284147124
742942013
742942013
742942013
693481557
295629939
579818325
295629939
719423046
702423581
401691710
857785795
401691710
610544114
152082848
152082848
358998666
473957899
945869425
945869425
697239621
945869425
500000148
857785795
931517361
610544114
106381416
106381416
500000148
531913723
531913723
88001807
907018593
292529103
292529103
697239621
292529103
17002730
596776424
809546887
857785795
610544114
106381416
809546887
517190494
472273066
358998666
610544114
36400262
500000148
911888722
807915925
911888722
226641862
807915925
384162874
219683205
384162874
426464071
807915925
402103016
390494230
500000148
151419501
151419501
428534427
202764631
287937273
807915925
579818325
620750996
809546887
864229685
226641862
328759734
328759734
328759734
517914183
517914183
517914183
517914183
907711741
857785795
535985269
719423046
535985269
709011979
500000148
106497726
106497726
500000148
764865281
857785795
115973182
394194958
857785795
394194958
291186740
291186740
291186740
291186740
219683205
822621896
754897653
754897653
754897653
579818325
493008896
500000148
638735220
358998666
857785795
595591747
857785795
595591747
822621896
236133861
595591747
378044194
822621896
299924060
70911754
70911754
829443105
719423046
968401152
493008896
323625013
358998666
323625013
579818325
809546887
947402436
719423046
5118466
105250726
770161801
770161801
994680503
448686181
554699277
554699277
554699277
586601545
857785795
930274225
857785795
218537815
218537815
218537815
719423046
238494100
583336394
753904877
753904877
753904877
753904877
753904877
444745263
284236256
687182373
625413749
583336394
394613765
719423046
251853291
450241321
697239621
719423046
460483993
809546887
994680503
126999982
719423046
382464731
719423046
813334214
813334214
126999982
813334214
538601401
420010001
420010001
583336394
864804519
864804519
809546887
864804519
203087309
994680503
461092084
461092084
52698875
8153662
638346125
809546887
208657389
208657389
365831438
63920307
485537306
517979794
857785795
182989471
182989471
431169348
12273192
563774182
719423046
431169348
132881568
132881568
132881568
132881568
578277522
542485136
542485136
111159873
516539952
697239621
431169348
62880806
285369624
62880806
569217537
867748500
583336394
445458367
892208675
836489134
429255335
285369624
730388327
332656220
730388327
860943139
583336394
220637238
730388327
220637238
256578869
500000148
172455534
172455534
172455534
922710505
922710505
893337754
500000148
645754289
645754289
136865259
164797672
887686113
887686113
887686113
887686113
887686113
410644788
452178200
452178200
716454754
285369624
697239621
643598593
460551076
211552192
631462656
631462656
111159873
578757545
111159873
809546887
572872679
269179466
572872679
583336394
491899559
285369624
156764003
404771984
404771984
404771984
502394111
526777519
285369624
112055418
876130139
559294434
546424933
274345515
274345515
274345515
4106910
809546887
857785795
869696705
431169348
104174554
104174554
111159873
443899484
624568750
443899484
514926117
514926117
514926117
500000148
717193206
569337109
645689372
452037242
634167467
515874795
500000148
979564751
979564751
697239621
634167467
280037868
876057404
280037868
441454245
525543706
145475422
719423046
853369466
853369466
57998718
111159873
634167467
603474811
165848036
525328727
431169348
857785795
612375722
612375722
500000148
612375722
789779002
622945873
422244728
622945873
622945873
719423046
622945873
563014255
111159873
97116798
97116798
573203162
285369624
573203162
573203162
573203162
144192349
144192349
144192349
144192349
144192349
144192349
992164458
405816065
405816065
111159873
583368062
804769454
804769454
672728694
672728694
672728694
111159873
482560031
719423046
697239621
178447131
113054016
113054016
720535926
25337160
697239621
25337160
31062004
563014255
611837953
563014255
397117372
910840449
466227212
563014255
431169348
431169348
929218421
579957397
719423046
857785795
111159873
128267776
277263268
876046237
667168146
587060278
587060278
719423046
767663635
876046237
767663635
667168146
720535926
776944835
922098130
776944835
776944835
408890095
350509483
71821540
500000148
71821540
583336394
346137117
667168146
512063663
273407490
882414647
882414647
809546887
285369624
610672761
871795873
871795873
282202015
802028730
500000148
802028730
802028730
173866
134936695
134936695
567989495
376478605
376478605
282202015
12071155
439615788
572573479
439615788
439615788
679856903
693007437
431169348
500000148
500000148
431169348
431169348
80551860
809546887
80551860
583336394
572573479
169918628
169918628
169918628
198185058
659542985
787647822
717787000
857785795
672240982
970837404
106330351
707875814
398417857
57055552
568566186
411344197
411344197
111159873
12071155
583336394
12071155
282060246
282060246
14562952
291480430
291480430
583336394
291480430
572573479
84346226
111159873
809546887
566623433
566623433
566623433
566623433
572573479
870547975
857785795
566623433
822393549
983783370
669902703
900651598
900651598
809546887
900651598
583336394
697239621
189836854
74893764
583336394
500000148
536848215
536848215
431169348
536848215
9105334
583336394
909183274
500000148
862340758
862340758
322362067
490067404
490067404
220632386
480049297
480049297
158137170
220632386
220632386
158137170
870264389
176777806
238637020
719423046
246818629
431169348
968455905
968455905
968455905
968455905
968455905
592195915
431169348
592195915
322362067
883897690
212673824
857785795
396125138
583336394
883897690
697239621
572112395
572112395
809546887
99148987
521842270
870264389
322362067
705194732
431169348
99148987
500000148
674389473
564229116
870264389
246479015
870264389
465911378
784571542
719423046
809546887
182863202
431169348
752513457
752513457
752513457
752513457
752513457
577578127
500000148
809546887
883897690
50093527
50093527
84645199
903697490
585412897
585412897
585412897
812935939
870264389
252679577
719423046
322362067
179122653
786802745
790586917
741084708
932378091
932378091
932378091
699434101
549103320
782424403
220632386
812292401
81205247
324248362
611996503
322362067
962486455
727004240
548301300
285586307
285586307
285586307
849721466
501097832
809546887
220632386
870264389
365969115
6262911
6262911
6262911
20156392
129782731
66246992
66246992
883897690
870264389
697239621
772331518
557725043
706878603
218213286
826156404
48974274
719423046
697239621
517552827
517552827
517552827
870264389
468497565
468497565
255763029
537901475
537901475
322362067
913075571
449915617
593548982
79950631
922453958
593548982
922453958
922453958
922453958
767832639
767832639
23822254
33316698
33316698
33316698
149553004
883897690
695070237
419962163
419962163
883897690
419962163
419962163
697239621
427171100
857785795
419962163
583336394
762999090
508653899
883897690
743870993
743870993
500000148
163342378
377638621
322362067
576406496
697239621
500000148
576406496
857785795
738003237
738003237
719423046
738003237
738003237
583336394
28745483
330096278
184322461
754174105
918068063
322362067
883897690
918068063
809546887
521367850
76724244
888935215
10528448
322362067
859920095
569087580
427171100
719423046
583336394
883897690
612903255
500000148
697239621
28254437
353107040
128400812
697239621
674737424
18672332
889435033
889435033
857785795
889435033
18672332
239901913
700130282
700130282
284957485
284957485
284957485
857785795
679880505
870264389
889933204
877495219
500000148
411520348
547033830
547033830
500000148
218188805
870264389
870264389
970493372
150321460
150321460
98677356
934262892
934262892
863585604
719423046
870264389
796217933
431169348
64860912
322362067
431169348
64860912
64860912
500000148
719423046
883897690
819656160
970493372
719423046
276842444
276842444
431169348
472669298
870264389
318604601
318604601
318604601
857785795
18817466
809546887
883897690
322362067
431169348
429961115
669122956
451759386
113341034
487520546
809546887
500000148
339807385
905350763
870264389
373100811
431169348
373100811
431169348
917866010
583336394
976138277
976138277
719423046
583336394
976138277
85060725
35126309
35126309
870264389
809546887
64830038
974206837
974206837
974206837
70913528
70913528
70913528
962152508
322362067
719423046
879209324
809546887
209654826
858029434
174700051
908039481
908039481
908039481
322362067
174700051
863550284
431169348
93817871
413859398
322362067
322362067
785870858
785870858
322362067
809546887
352458583
352458583
220166408
686424640
607166209
394487724
394487724
394487724
292124830
322362067
431169348
656115232
500000148
583336394
730926671
518282561
366772292
366772292
366772292
431169348
274787861
274787861
716363630
274787861
500000148
719423046
500000148
427271254
427271254
583336394
969309320
284048576
969309320
969309320
969309320
408808172
439860141
442253847
809546887
142631322
408808172
142631322
431169348
522192514
857785795
431169348
846572223
846572223
846572223
846572223
99327901
99327901
126926258
126926258
652939876
583336394
785599925
931557808
896775490
652939876
48926207
410122156
497732469
64195476
200370563
594173543
583336394
719423046
183782216
431169348
183782216
841673627
652939876
841673627
475916923
897482877
475916923
475916923
630264711
258676552
258676552
500000148
122934810
686028086
670107077
500000148
332664169
719423046
968079172
968079172
181163036
181163036
713145476
680073422
161629911
684368593
684368593
594173543
298825680
465093407
857785795
650952951
694768912
694768912
500000148
334424556
334424556
20889056
64195476
794362956
500000148
719423046
809546887
790375771
392833254
392833254
392833254
747471899
583336394
349262673
278007009
431169348
685311057
685311057
387475860
937668690
937668690
594173543
842004852
27281696
27281696
27281696
942047213
500000148
942047213
135492993
173130242
361771807
361771807
857785795
833588575
697239621
243854156
627715319
627715319
627715319
28689475
58008077
564413527
719423046
857785795
243854156
325788523
500000148
336607619
749391235
336607619
500000148
368247874
697239621
368247874
611380749
341039078
180875842
755412140
28310119
180875842
857785795
803492205
28310119
776732960
583336394
28310119
492350447
492350447
492350447
611380749
152029839
737463420
737463420
903661452
719423046
811864006
583336394
809546887
755412140
749391235
74586852
583336394
858833008
858833008
473238447
473238447
809546887
611380749
755412140
755412140
239183118
311687943
429774348
809546887
755412140
583336394
906084676
28559840
282037837
809546887
719423046
971339494
316439506
500000148
316439506
764341569
500000148
935325204
755412140
640902455
934310766
116000749
924418155
764341569
697239621
857785795
202827512
555218000
555218000
555218000
163170111
202827512
500000148
58008437
117785474
697239621
365058723
117785474
117785474
115536409
115536409
437690012
800710385
245541030
646154153
895200495
809546887
611380749
200218849
697239621
719423046
764341569
794987763
611380749
562932713
562932713
562932713
562932713
615421757
809546887
35635038
847654311
35635038
611380749
719423046
900449785
165764575
500000148
583336394
249471748
249471748
655346034
60712861
500000148
860390188
60712861
60712861
810571277
60712861
60712861
851120670
851120670
851120670
425562992
441535205
672672309
552421221
672672309
199308915
199308915
199308915
199308915
43577180
219675375
832438846
559608282
611380749
832438846
857785795
832438846
832438846
767844175
767844175
199982149
103539652
757405241
809546887
103539652
757405241
209657894
809546887
103539652
103539652
103539652
344809468
344809468
344809468
344809468
924937289
924937289
924937289
496682388
706317331
848041567
830013776
530034926
441784364
441784364
900449785
459340148
182860665
311687943
459340148
459340148
459340148
459340148
459225588
809546887
593484005
447845963
70407678
38051139
38051139
611380749
583336394
500000148
644848106
406027176
474654453
809829423
205622031
25837025
441535205
755412140
825668656
825668656
825668656
611380749
723101033
723101033
697239621
183254129
183254129
719423046
755412140
611380749
583336394
857785795
441535205
697239621
500000148
755412140
500000148
167033203
167033203
661074883
661074883
661074883
611380749
611380749
500000148
229954599
83680590
83680590
83680590
83680590
83680590
857785795
585679838
585679838
719423046
186820313
583336394
633873734
633873734
137844183
137844183
28733148
137844183
583336394
755412140
662444203
745155996
745155996
564877035
897682775
809546887
243026928
500000148
583165242
583165242
48993134
264964967
611380749
984267910
984267910
912863724
912863724
849929621
287689490
642582525
642582525
312603616
297142042
312603616
312603616
857785795
566290498
974270051
574742988
574742988
753715245
615067890
583336394
929013271
556445605
875754937
719423046
875754937
435696600
200016725
726718224
215300133
215300133
29389019
527674495
527674495
527674495
527674495
527674495
103740238
500000148
838843139
245629896
302819269
666969189
287877960
287877960
388268845
388268845
388268845
719423046
697239621
859914505
859914505
98251924
824548575
809546887
500000148
248885453
248885453
248885453
553887618
100373046
518994949
518994949
324276364
738822378
917684173
616624447
611380749
960658726
11283533
11283533
11283533
11283533
875585120
516215389
516215389
516215389
471306800
471306800
822405739
428297009
428297009
71878034
71878034
697239621
583336394
822405739
875585120
719423046
611380749
689426538
579826071
579826071
719423046
579826071
500000148
926747348
697239621
684548196
926747348
822405739
857785795
809546887
822405739
719423046
719423046
417669980
999724625
809546887
599832840
719423046
719423046
822405739
500000148
336380594
822405739
611380749
336380594
588598135
338942066
554294584
893414347
857785795
603777610
653502985
857785795
740881808
417669980
500000148
500000148
679032120
679032120
822405739
809546887
313835230
313835230
524094782
670137701
311687943
459010689
459010689
459010689
459010689
459010689
702347081
697239621
857785795
649448453
683656409
857785795
857785795
461124417
857785795
500000148
775284389
576454473
822405739
576454473
857785795
576454473
576454473
423078066
551105087
799805109
859960363
859960363
311687943
242783951
809546887
37778715
857785795
901215470
901215470
793360953
341804729
809546887
500000148
901215470
922298800
710168519
710168519
778518376
697239621
778518376
809546887
851964393
200016725
975137951
697239621
490548405
490548405
611380749
429550958
707967515
719423046
715925259
715925259
715925259
715925259
770646612
770646612
905296833
905296833
697239621
316995094
398382570
316995094
344184696
316995094
644599426
316995094
316995094
398382570
99602721
583336394
697239621
398382570
381483689
644599426
527773756
527773756
594082414
300317544
644599426
174381337
809546887
594082414
381483689
535697432
644599426
583336394
857785795
803600957
500000148
857785795
966246776
72870766
72870766
644599426
81869722
443959252
81869722
697239621
594082414
260395582
719423046
500000148
906263869
157173552
443959252
90532060
809546887
476248649
934929144
723999562
723999562
289087270
398382570
205839876
398382570
344184696
257438985
828410870
828410870
414615119
414615119
414615119
959131316
723832220
644599426
583336394
269643771
269643771
269643771
269643771
269643771
744729527
744729527
387898199
500000148
934447935
465293470
500000148
874193613
874193613
310424928
472635434
69866040
293235458
293235458
697239621
293235458
136695050
537678400
583336394
314318295
314318295
809546887
885670002
644599426
644599426
544312981
380760928
415196276
415196276
415196276
415196276
472635434
649721969
316404333
622397370
622397370
583336394
4496145
4496145
4496145
367547161
325917495
598946548
624310465
624310465
912030066
624310465
555900430
24859668
849406358
849406358
270566829
679008192
679008192
133788972
558665523
192233307
326848099
719423046
644599426
326848099
148887003
772318951
772318951
772318951
772318951
133852870
644599426
998247308
998247308
998247308
616845661
697239621
809546887
583336394
342252870
342252870
719423046
644599426
30718466
500000148
128690852
722697524
722697524
502087377
697239621
513697820
809546887
265020972
265020972
265020972
583336394
498606364
365360198
926045635
428009366
382645164
382645164
382645164
417671811
184661899
184661899
809546887
719423046
184661899
679008192
697239621
756728422
857785795
934820825
809546887
934820825
806697518
583336394
379128376
379128376
472635434
379128376
56070910
56070910
56070910
679008192
644599426
446627384
582834461
80131144
80131144
80131144
288372047
857785795
467929375
467929375
697239621
762923184
500000148
739535596
644599426
311571804
739535596
679008192
436191752
583336394
436191752
831400762
436191752
857785795
288372047
414371379
414371379
414371379
583336394
423325417
972710341
311571804
775458531
288372047
8094639
775458531
809546887
456180200
227674289
857785795
501469999
583336394
472635434
495944608
501469999
486657633
225180914
225180914
262016178
311571804
262016178
313253247
745474739
745474739
745474739
257037718
679008192
809546887
644599426
644599426
472635434
854361740
644599426
488448498
609665784
609665784
609665784
583336394
3124733
534601409
534601409
59733756
472635434
331119438
81445310
59595956
258286872
300237322
49850658
584364618
697239621
840878204
871940623
954752422
954752422
843038813
660588243
145286352
145286352
644599426
835719752
193860446
837200680
147114423
679008192
160522349
472635434
268088510
472635434
561211795
697239621
128046705
679008192
583336394
544038214
204025986
204025986
766259479
668788459
578179697
995021626
55668852
55668852
300509869
609157280
609157280
561211795
502863788
502863788
538033340
670080467
392380741
897172607
993075528
448720544
719423046
448720544
454731271
454731271
270156762
454731271
841256889
454731271
500000148
719423046
125062696
295530685
348132346
295530685
348132346
679008192
583336394
348132346
561211795
335938674
472635434
186127362
186127362
17210876
697239621
857785795
363484081
363484081
719423046
63062435
472635434
427226950
130456853
64239115
130456853
679008192
91583796
839365057
252525192
644599426
719423046
283689903
402224472
283689903
857785795
283689903
721685269
583336394
831649117
128088180
500000148
472635434
719423046
445458938
445458938
719423046
137581372
644599426
697239621
715540591
851500457
127757697
127757697
127757697
871812019
356522778
940312151
940312151
538033340
971485837
679008192
719423046
583336394
80780088
697239621
719423046
857785795
918762758
679008192
583336394
30337541
30337541
30337541
620366060
985230651
622282705
500000148
857785795
495363837
495363837
495363837
762707464
602410304
602410304
821006439
821006439
538033340
824939684
620366060
394962291
236132738
931968419
528296065
644599426
697239621
881117637
897060235
897060235
809546887
391787709
697239621
500000148
583336394
936862333
936862333
848685574
356596986
41719935
829961144
165635579
719423046
829961144
10452312
10452312
667580455
428520878
428520878
857785795
193024735
193024735
544099648
544099648
500000148
740837962
708255310
708255310
841196908
358982520
733757064
733757064
644599426
733757064
841196908
394120168
605956108
394120168
513936971
583336394
697239621
719423046
677464500
841196908
633317928
633317928
633317928
864004755
189956282
500000148
747320858
472635434
155804083
500000148
520535422
520535422
520535422
719423046
644599426
311896069
744694754
561377561
561377561
561377561
501727741
155804083
875553038
875553038
968613534
609115762
306230707
592507562
592507562
82583938
612660492
644599426
71688680
71688680
71688680
102262056
71688680
719423046
818993382
775537736
95475800
82583938
82583938
69774495
69774495
82583938
69774495
809546887
55736504
335434397
500000148
932106135
912598388
912598388
256763257
256763257
336695976
336695976
675413470
102262056
711832825
238082015
452472709
583336394
500000148
452472709
452472709
527016678
644599426
941320192
472635434
941320192
26336603
95475800
855931065
855931065
855931065
782992173
782992173
782992173
246053897
857785795
102262056
102262056
719423046
796315105
979593858
796315105
796315105
301098551
644599426
102262056
756066836
472635434
472635434
472635434
6306398
862489526
719423046
862489526
970108017
697239621
41068230
796315105
769875671
24759612
603682437
809546887
603682437
600955358
803867444
356628644
796315105
117310291
58026700
719423046
197823161
197823161
500000148
117310291
759330242
818634497
818634497
818634497
102262056
809546887
469212056
759330242
391536645
391536645
391536645
391536645
718179756
359533228
102262056
583336394
809546887
401556397
849187242
583336394
500000148
725315081
849187242
697239621
894818544
894818544
117310291
786393322
894818544
102262056
102262056
3393757
539545687
3393757
719423046
3393757
653801780
697239621
857785795
359845916
359845916
857785795
504876098
500000148
644599426
24323734
24323734
406904680
406904680
721463352
721463352
259925949
404131038
404131038
654892253
961124473
719423046
370015845
795099313
583336394
952322742
697239621
857785795
902874621
902874621
902874621
605197715
691520871
538723145
263471113
494588360
857044736
472635434
370015845
857785795
697239621
998378373
998378373
857785795
998378373
719423046
719423046
876532787
876532787
809546887
301246152
876532787
214010833
857785795
214010833
197955150
372422265
999914630
583336394
999914630
423446300
999914630
102262056
974242179
857785795
301246152
697239621
782812150
806134259
782812150
98791383
806134259
197955150
751922133
751922133
415490849
89438793
387714273
274780931
771576603
719423046
390724670
809546887
390724670
721206682
509618064
574019367
492395346
492395346
104878208
275055007
697239621
275055007
583336394
275055007
252648103
133189344
719423046
806134259
229894809
719423046
850293976
472635434
775319911
308745016
308745016
818169357
832736790
832736790
893665832
893665832
644599426
769991221
634591145
916660122
697239621
806134259
994205584
500000148
181302389
791065814
472635434
500000148
769068311
769068311
376891956
719423046
599522972
756538821
644599426
857744089
857744089
10021207
310439973
715667601
857785795
472635434
715667601
10021207
644599426
310439973
57688601
899067000
500000148
605086342
89952065
989111667
989111667
989111667
867233282
4741746
529683428
529683428
997974367
66752154
697239621
644599426
10021207
708619997
594249881
583336394
583336394
27285113
857785795
583336394
684787987
839455356
852047402
695057328
583336394
6326056
695057328
341953456
341953456
719423046
590445444
590445444
465828552
123599626
644599426
123599626
123599626
123599626
123599626
123599626
479881809
719423046
644599426
719423046
6326056
728700634
603244235
669786976
669786976
809546887
676266856
719423046
551854266
644599426
719423046
917141898
917141898
326701867
644599426
857785795
857785795
235608288
43825457
430182042
739332963
402972249
857785795
333929251
695897558
657824013
657824013
657824013
657824013
246588471
697239621
269640790
753076241
530077189
697239621
500000148
857785795
697239621
583336394
583336394
911175226
911175226
783189201
783189201
321291792
29272302
500000148
782905535
105700558
105700558
996864878
105700558
153360285
402972249
444236793
725696281
299789911
809546887
809546887
299789911
912336538
280347586
912336538
912336538
719423046
25433530
504142429
188673386
500000148
592082479
912467766
247756353
697963763
500000148
719423046
796914687
344915018
344915018
344915018
126684880
48600384
931583415
857785795
579252226
479498933
174688440
136045772
136045772
894335936
904265731
904265731
480839517
726014247
988305821
904265731
583336394
988305821
869032595
865285196
640890466
546973801
182173404
843379660
265776317
109075275
809546887
636776735
182173404
719423046
754954702
644599426
754954702
754954702
754954702
182173404
945172209
302782581
809546887
945172209
196556172
857785795
473187172
473187172
719423046
951408698
857785795
888725112
872579906
302782581
644599426
564874460
697239621
857785795
809546887
690553994
583336394
968007449
615567961
615567961
615567961
615567961
812728049
809546887
622287161
697239621
319124153
622287161
697261821
697261821
697261821
146548504
857785795
668191746
120812300
482160269
644599426
40435475
442015657
271170751
809546887
177831323
644599426
585231106
442015657
668191746
809546887
157578224
500000148
206581707
206581707
888725112
319124153
512524824
583336394
96008959
500000148
809546887
378834516
442015657
806583689
854559156
854559156
697239621
660086252
546467866
491242423
767870655
500000148
719423046
221290135
221290135
477718577
888725112
889435019
889435019
541623460
178735060
178735060
776075283
776075283
776075283
776075283
64058774
888725112
708352588
639248254
481922037
644599426
321435033
500000148
670398961
500000148
67826856
482632256
218020144
218020144
888725112
154925867
33170547
154925867
509999282
809546887
857785795
347086972
162285377
498583460
888725112
857785795
302782581
828488520
888725112
101507653
863222224
277643824
277643824
697239621
809546887
277643824
888725112
644599426
473554721
1276962
365618688
888725112
520877468
648622429
648622429
302782581
945996425
945996425
982995758
268866640
500000148
246070767
125989254
558715500
641328914
697239621
302149681
809546887
302149681
886260087
398321840
398321840
398321840
398321840
243972842
828613524
828613524
5292912
5292912
5292912
489375653
809546887
160883306
526479107
295335994
489375653
836943171
857785795
892567458
857785795
857785795
892567458
892567458
859566376
608226313
892567458
697239621
142647245
142647245
142647245
142647245
791783435
228981610
293159113
13955270
13955270
13955270
854425015
414718389
719423046
500000148
891447941
583336394
802944065
697239621
714076265
714076265
714076265
719423046
681662371
487385014
697239621
487385014
487385014
583336394
546439229
546439229
738063764
738063764
546439229
293159113
656098023
746484869
290878892
356758336
786324564
867033574
861624447
449397119
156596086
583336394
697239621
500000148
804244242
500000148
786324564
857785795
57179649
57179649
57179649
57179649
57179649
609784013
583336394
859919695
7998189
904073022
874737002
874737002
874737002
2495407
2495407
2495407
786324564
6169111
906016323
792661603
945997821
945997821
607826161
617263468
253043465
809546887
607826161
607826161
233617313
293159113
607826161
607826161
583336394
607826161
607826161
607826161
783356255
673689478
786324564
697239621
6169111
985116460
863442307
583336394
43001726
959074166
583336394
719423046
870664521
583336394
767238392
767238392
767238392
866821658
866821658
369362414
857785795
697239621
350748835
901109449
697491512
719423046
500000148
302302165
959074166
685025853
750683081
500000148
176232800
33294548
33294548
33294548
33294548
907105263
369362414
697239621
866461113
280886487
436584841
436584841
596721977
765495472
42040735
583336394
809546887
857785795
394152072
369362414
477697586
697239621
171220769
500000148
914100122
903437752
903437752
857785795
903437752
903437752
583336394
903437752
903437752
743904728
809546887
598373944
75829650
398390433
954370762
954370762
954370762
429702476
429702476
429702476
598373944
598373944
719423046
561457318
237054214
518861841
476268546
718438987
719423046
49677597
809546887
331879243
534082847
331879243
331879243
331879243
331879243
774847109
857785795
774847109
435022233
719423046
344048869
80142633
865065539
415974787
500000148
415974787
850555542
835805623
18833916
435924504
153441415
518861841
587138373
344048869
353546157
835805623
857785795
867329824
941695849
636748112
867329824
857785795
867329824
595078189
604090143
604090143
604090143
586386203
344048869
669136978
857785795
857785795
362631709
857785795
915884248
809546887
120094289
591362841
574644281
179069510
835805623
949568097
949568097
90825692
583336394
103941174
500000148
215762277
650779320
650779320
132069715
344048869
408102105
719423046
201901993
201901993
768451616
719423046
99057206
780356244
439866620
468381077
468381077
857785795
81282662
725808995
977555160
88483427
809546887
835805623
857785795
422996089
740841483
683821346
683821346
149950845
320004327
335774551
335774551
465077726
465077726
465077726
465077726
500000148
583336394
484390330
484390330
484390330
484390330
484390330
896683002
461936147
518861841
857785795
583336394
890047790
63475060
63475060
63475060
103941174
63475060
686415374
857785795
63475060
241993309
479244107
336835066
336835066
13122939
13122939
132069715
857785795
518861841
691325517
552351046
556005672
835805623
556005672
556005672
556005672
655858897
556005672
556005672
556005672
538694311
538694311
538694311
538694311
857785795
583336394
518861841
132069715
779403412
779403412
779403412
914838374
570354553
876594255
408102105
408102105
20326433
876594255
876594255
237006162
237006162
237006162
583336394
990889731
990889731
857785795
535186402
857785795
535186402
719423046
891377850
535186402
771116574
103941174
771116574
402937989
835805623
585942222
676633
408102105
891377850
27054178
408102105
471743464
799400371
799400371
799400371
263203170
263203170
103941174
891377850
510138557
987039158
470471716
470471716
470471716
952062038
470471716
470471716
734945714
470471716
692469122
835805623
435223881
835805623
229015825
471743464
48106504
554409657
873985902
518861841
118143284
101294288
857785795
464238521
841518994
101294288
186182765
583336394
186182765
186182765
103854829
186182765
408102105
97078429
500000148
835805623
912978002
408102105
841518994
471743464
835805623
835805623
456667903
456667903
716650211
355616769
857785795
809546887
638423049
638423049
103941174
103941174
912978002
841518994
635911956
164958176
423592095
423592095
242624115
242624115
242624115
854078480
912978002
838175969
408102105
79853409
79853409
841518994
605952602
964458540
964458540
824289299
7391580
256727393
904322968
471743464
500000148
835805623
966349435
347416383
347416383
103941174
374353343
374353343
983110932
495180602
495180602
495180602
103941174
361246929
576620513
845503735
361246929
406525066
949882818
238160111
428869925
977803259
977803259
401015082
835805623
482107476
2162683
576620513
977651930
408102105
716769757
348004256
787574499
583336394
348004256
451274862
809546887
125513452
857785795
528120604
841518994
178625531
576620513
408102105
178625531
178625531
178625531
178625531
608445523
608445523
719423046
383203404
809546887
408102105
583336394
719423046
408102105
75517753
75517753
749235284
576620513
719423046
449774757
449774757
449774757
857785795
449774757
552458814
471983992
471983992
470609205
470609205
470609205
788838077
809546887
788838077
857785795
803266879
641725438
641725438
641725438
928125348
576620513
566380357
700109140
857785795
576620513
875065185
841518994
719423046
841518994
525835465
829070048
103941174
829070048
829070048
121697988
858379625
858379625
987249910
987249910
719423046
110590442
511482691
518861841
511482691
650704090
511482691
650704090
583336394
857785795
511482691
408102105
857785795
262386069
262386069
719423046
500000148
835805623
719423046
608518919
416280838
946277861
719423046
179674380
179674380
43608942
670377875
719423046
670377875
809546887
430760110
341387826
333463930
500000148
652932113
500000148
345824654
188162568
127425580
652932113
845545066
639879415
249874875
249874875
234660577
591394913
122190260
122190260
710367529
329524456
501736759
501736759
501736759
501736759
510538799
583336394
272379403
421384251
845545066
845545066
809546887
583336394
428425374
14928296
14928296
425439347
85231327
500000148
421384251
421384251
206509035
832127404
857785795
642427274
677052620
322889079
803109360
719423046
789358357
255934354
300218392
300218392
228521855
809546887
719423046
795411057
583336394
640790103
333037655
333037655
333037655
231249272
231249272
763863881
763863881
442223145
442223145
442223145
8756960
8756960
303302036
857785795
410527859
949861055
410527859
410527859
410527859
523399116
523399116
523399116
523399116
809546887
906783191
211691552
809546887
211691552
211691552
84434639
930053478
84434639
845545066
770191897
27837560
695371008
706316537
719423046
389360461
251454303
645058710
845545066
645058710
645058710
719423046
580798787
648001469
949861055
949861055
905675117
129507626
541859231
738041807
890818595
651327333
651327333
345423543
345423543
982471123
949861055
980083328
772986497
495918118
379929764
100415720
809546887
541795840
379929764
809546887
14095688
407610286
237107516
14095688
857785795
868223381
595241719
247687886
84436597
84436597
210988396
845545066
126172729
222028588
288991970
809546887
494360899
643397156
643397156
958715426
47625194
772986497
857785795
857785795
583336394
86838390
86838390
845545066
751899287
158439212
158439212
500000148
803700839
803700839
224573228
742653435
949861055
119599989
949861055
650504461
772986497
809546887
645878914
32917798
845545066
771837690
771837690
771837690
5184868
5184868
494893872
494893872
147856765
598962553
147856765
94612277
719423046
147856765
982471123
772986497
998476250
949861055
117457074
91388588
91388588
783109199
844158659
390028989
845545066
68586179
110490857
110490857
719423046
719423046
500000148
772986497
929784222
929784222
982471123
46769483
368856247
500000148
46769483
456125439
845545066
949861055
330774680
97507604
385333699
500000148
664142536
664142536
349854295
92870443
200724762
200724762
825294130
160821470
330774680
859994075
859994075
859994075
385333699
859994075
700783761
500000148
158883899
500000148
442453010
857785795
955693362
500000148
719423046
665383193
719423046
498657448
500000148
200915601
200915601
200915601
452649774
452649774
452649774
452649774
274059477
472894912
884025870
29034284
352575664
861521793
500000148
932666615
932666615
932666615
932666615
598962553
770142749
598962553
627613509
388013543
748478384
748478384
943311045
491672929
598962553
392125859
418392450
385333699
500000148
418392450
418392450
772986497
385333699
330774680
373082792
845545066
644298800
942182515
346444807
942182515
942182515
942182515
320128046
320128046
571980840
571980840
141412408
973172686
73015080
768845435
768845435
768845435
325939805
857785795
468170999
468170999
525450641
978108146
978108146
845545066
978108146
785558029
978108146
978108146
845545066
719423046
978108146
865802010
857785795
106554209
106554209
106554209
426405312
275083292
350207772
330774680
719423046
489266454
640566208
583336394
433600086
949251079
949251079
685803645
330774680
590116670
185287072
500000148
783582774
515185100
583336394
988754311
723044173
723044173
330774680
581420337
581420337
949861055
36140512
36140512
839262884
131177586
154510463
643427344
949861055
325119826
846706147
845545066
55194059
246858342
672559091
918944671
131825130
742456253
61556688
500000148
311080568
857785795
928033819
167322647
605967948
167322647
719423046
500000148
540306368
174517673
771586615
857785795
251070236
809546887
465152399
465152399
622214167
719423046
159415840
719423046
465152399
222188900
204286673
497178982
336668687
988651560
809546887
809546887
988651560
336668687
971482378
857785795
971482378
583336394
809546887
336668687
792646152
792646152
480415451
594200130
594200130
594200130
540306368
594200130
594200130
857785795
259629387
29542091
837426107
838652355
885612356
838652355
961002314
540306368
739091412
946701727
857785795
237695604
145913324
266813811
431450462
266813811
689668546
405586465
231685658
405586465
405586465
405586465
747518134
449410917
174517673
449410917
786780026
73185188
857785795
593902675
870244664
174517673
540306368
750155376
745486760
809546887
73185188
901593765
768902497
73185188
52292371
673970684
745486760
52292371
583336394
52292371
503513794
583609975
92699368
500000148
92699368
530883963
719423046
761938221
530883963
719423046
184611361
761938221
184611361
184611361
184611361
184611361
184611361
719423046
92699368
108913293
583336394
251299793
606584267
857785795
719423046
837426107
736363187
821147809
481251065
481251065
540306368
540306368
108913293
736363187
982550397
986274683
785252110
174517673
766385874
832305431
808061849
857785795
808061849
35521752
994381718
766385874
837426107
174517673
251299793
366952647
46147603
500000148
251299793
506318447
506318447
765184116
251299793
116785749
116785749
205926164
73185188
837426107
108913293
205926164
205926164
197406
197406
857785795
197406
486791311
562948277
970860619
970860619
970860619
833339157
786738803
259657255
259657255
684202063
809546887
75844572
860732453
628086974
628086974
628086974
500000148
346756128
364303322
364303322
364303322
364303322
837426107
651081929
722007458
857785795
716679442
719423046
174517673
722007458
540306368
716679442
722007458
809546887
38138898
745764046
235256414
235256414
235256414
817528651
809546887
108913293
500000148
540306368
696287482
809546887
696287482
696287482
696287482
834738410
716679442
834738410
174517673
837426107
902942652
540306368
910833884
837426107
857785795
465613013
765754829
652988165
95772431
862350669
540306368
108913293
796616893
417866792
616298067
637684287
637684287
108913293
245174798
174517673
791580777
791580777
791580777
108913293
791580777
583336394
540306368
129218653
488166182
488166182
719423046
420773150
607135543
260567062
129218653
374457640
840897726
840897726
540306368
129218653
540306368
714982569
265995173
639546702
540306368
374457640
997311750
68360626
997311750
857785795
319899741
319899741
259500588
319899741
319899741
857785795
68360626
463792251
500000148
463792251
68360626
500000148
601343747
601343747
838077017
500000148
320026834
320026834
971723783
106941220
719423046
511478669
453205203
583336394
837426107
819701520
768924878
638621525
837426107
68360626
453205203
350507810
453205203
350507810
350507810
439231474
882281572
412455177
439231474
882281572
58510095
882281572
882281572
719423046
882281572
383557366
89360208
608015958
388564681
69468349
69468349
69468349
69468349
500000148
857785795
716253668
288500460
288500460
500000148
207913239
207913239
250674797
583336394
145285531
145285531
145285531
145285531
818806755
222047198
145285531
469471929
650836632
483791727
682580404
500000148
948527524
948527524
824918227
697340930
697340930
697340930
673817079
795663755
939196928
857785795
102627421
939196928
795663755
939196928
857785795
500000148
453205203
368004128
500000148
608095591
719423046
301014599
376194869
376194869
376194869
469853743
318458369
730553529
500000148
730553529
730553529
500000148
730553529
583336394
837426107
868114223
500000148
71364250
71364250
357545914
554913117
488393872
874373524
874373524
583336394
837426107
691579408
719423046
691579408
857785795
213462061
213462061
213462061
498446101
837426107
857785795
739237778
11780305
857785795
437916672
437916672
692437625
54015624
598699658
778558582
761565399
761565399
445827465
335856054
875886506
875886506
875886506
470238555
500000148
837426107
651127703
955908999
89175509
719423046
857785795
89175509
837426107
445827465
21392215
837426107
21392215
453205203
583336394
445827465
500000148
937205529
738633899
326975446
719423046
568410765
831523460
831523460
831523460
351939208
963315961
301179615
56167861
56167861
950210458
950210458
950210458
837426107
396347946
966453301
738633899
636014308
500000148
252973077
453205203
307921403
500000148
837426107
437436549
719423046
809546887
431248189
809546887
431248189
719423046
583336394
946405107
235974190
719423046
578415203
583336394
57642745
759954552
500157182
884327206
719423046
110260677
946405107
393334893
22426437
393334893
837426107
578415203
453205203
719423046
709487660
837426107
500000148
583336394
308854111
719423046
785714044
719423046
786047405
334649658
786047405
837426107
371691969
408391267
295154518
949894144
351287075
500000148
351287075
809546887
22426437
599484260
171403628
445827465
993574231
993574231
993574231
993574231
993574231
310148909
40838377
97249699
748888871
998660328
167758
219516999
809546887
98388995
827498724
340939715
583336394
719423046
149119058
521832452
873129841
873129841
873129841
837426107
873129841
221141241
495121334
500000148
149119058
555725501
555725501
687704663
241700751
611267455
617332895
445827465
22426437
857785795
520931953
578415203
719423046
92116549
620764205
857785795
576237812
681868616
681868616
453205203
621858181
36207460
36207460
453205203
667571168
139722205
667571168
515550620
515550620
578415203
857785795
383771872
383771872
8538281
228969359
857785795
809546887
378734845
22426437
305616812
445827465
837426107
837426107
354551377
749195133
453205203
500000148
160823584
160823584
874927714
583336394
318360499
583336394
625096315
625096315
583336394
43324676
43324676
453205203
43324676
602675526
524936032
837426107
22426437
349777699
857785795
837426107
839238812
479560761
479560761
438507162
583336394
583336394
445827465
453205203
405997270
837426107
582078837
837426107
137923540
219474270
219474270
577892904
577892904
577892904
577892904
809546887
290377692
577892904
553116160
120064207
120064207
44811559
462401239
16203618
625063118
843061672
462401239
283148193
283148193
332979599
225023619
225023619
225023619
360911626
204803603
765043870
500000148
905279879
605078105
452592558
47207469
229355961
857785795
695284172
291052663
291052663
837426107
445827465
869612120
265217789
656162747
970727687
434364192
453205203
434364192
500000148
849322728
583336394
500000148
648661417
719717321
150326211
809546887
659609902
759279905
719423046
659609902
953311453
953311453
445827465
816950798
583336394
500000148
848402694
106147620
688429993
736705557
736705557
932922379
857785795
837426107
332315238
814227406
719423046
962488242
318552875
702067127
318552875
318552875
318552875
318552875
318552875
60358794
765338421
607164934
106147620
806270971
330305440
330305440
499504890
166431827
166431827
166431827
166431827
411608568
411608568
411608568
549958489
549958489
549958489
549958489
549958489
161599297
854332664
744974117
500000148
920402985
744974117
659828738
15280695
659828738
434762070
809546887
113630537
531683037
211981791
857785795
99438756
956546596
956546596
118301434
920402985
118301434
857785795
973547214
15280695
583219178
857785795
959887961
744974117
15280695
238485060
658211562
809546887
381111161
616597798
540980503
163861981
196991683
15363175
803134207
230058210
15363175
920402985
570731027
744974117
809546887
230058210
658946879
658946879
920402985
658946879
658946879
658946879
160677219
160677219
160677219
160677219
500000148
783740796
709941011
709941011
15280695
710121412
803134207
744974117
973547214
62051482
803134207
809546887
583336394
857785795
744974117
97473662
463835983
234118832
234118832
793969557
793969557
124912911
969499282
969499282
969499282
280560471
706907898
583336394
124552326
47917213
124552326
719423046
975717736
869281709
65015202
65015202
744974117
15280695
752348093
616819324
298684052
945877252
680713305
680713305
15280695
176227194
176227194
744092011
15280695
744092011
378637933
744092011
744092011
945877252
550582261
752348093
891003930
500000148
672002493
109451615
109451615
719423046
950305941
744974117
857785795
583336394
920402985
408642518
583336394
920402985
926764998
752348093
920402985
448056629
945877252
66712329
513592853
945877252
439069273
583336394
925166124
441648222
111597276
92267575
92267575
500000148
460894069
460894069
460894069
744974117
744974117
719423046
752348093
809546887
960797420
960797420
500000148
500000148
921733485
530956923
782935039
813489808
79689548
886153925
424616784
719423046
424616784
500000148
591421662
886153925
85242147
960253149
324205787
97628425
310614320
955788747
954552976
886153925
673937463
673937463
291817889
291817889
291817889
660807751
384880953
384880953
165244280
464653265
291293629
324205787
670827783
583336394
886153925
456443645
246774592
246774592
246774592
165244280
246774592
580779490
770241282
328974456
803052390
136519055
962012973
629505576
380079191
324205787
939229065
284480295
472838600
299336588
472838600
165244280
70301326
771433746
771433746
771433746
771433746
771433746
901103134
356516102
302101727
836445329
97284037
97284037
660807751
38903223
188570042
719423046
939229065
444083790
444083790
159312828
958655924
958655924
863102021
583336394
939229065
761399325
583336394
224217389
857785795
299336588
165244280
635572736
805290383
660807751
270178582
165244280
40787738
725036622
823449970
857785795
492734356
500000148
165244280
583336394
324401041
165244280
324401041
939229065
809546887
299336588
297471288
977230185
576746669
939229065
414001215
857785795
800180971
414001215
809546887
800180971
414001215
865765002
710395862
601845067
500000148
660807751
154309628
869385466
869385466
869385466
543327707
316190993
316190993
431403012
583336394
375912728
905478528
638753805
283512042
283512042
967762445
967762445
857785795
706972476
583336394
19584306
19584306
291809339
291809339
291809339
490295671
432206044
902181694
902181694
902181694
559452318
373583511
809546887
22220267
476665301
583336394
229888646
609832382
991093515
991093515
857785795
991093515
237825906
184887976
237825906
755884410
144531302
991950435
409610594
801751390
801751390
801751390
583336394
127751571
184887976
809546887
212102900
32264290
177229000
910812781
653375707
653375707
653375707
154695939
184887976
669616299
154695939
191955159
857785795
500000148
792079481
133441199
583336394
748758733
729205867
628889361
628889361
628889361
857785795
345924049
345924049
583336394
345924049
345924049
809546887
41553704
748758733
101046505
514782750
857785795
583336394
583336394
700582582
502856474
458714947
502856474
502856474
502856474
857785795
502856474
502856474
41553704
41204960
41204960
41204960
583336394
647842580
910812781
946540733
384683521
179009624
837946329
83385294
224339094
224339094
946540733
751660845
276315571
163467465
679045370
118397132
700582582
507085521
857785795
857785795
692035546
885031199
700582582
709461681
709461681
795089319
955429835
349693051
960610234
59928952
946540733
809546887
700582582
514782750
748758733
627761262
627761262
669812609
500000148
392463335
857785795
373073186
56412854
56412854
809546887
857785795
416633800
122807025
122807025
122807025
122807025
792079481
145398913
583336394
910812781
910812781
49669746
191503637
432206044
191503637
946540733
809992807
809992807
271276100
982440503
583336394
476455145
931223060
700582582
14810635
918549169
918549169
527193532
527193532
946540733
527193532
527193532
527193532
488266789
857785795
488266789
488266789
809546887
809546887
857785795
863381736
467312482
644205422
432206044
2185257
473053508
583336394
500000148
473053508
700582582
117518196
979126351
888732976
748758733
809546887
979126351
857785795
3242196
133900072
583336394
857785795
133900072
133900072
133900072
133900072
133900072
105036310
105036310
500000148
583336394
583336394
344704657
766374647
619604435
425012496
583336394
273196929
502574463
888328081
748758733
748758733
628397602
3242196
432206044
957727536
686932456
587314078
686932456
835785304
866909409
246672186
207297165
203303690
748758733
809546887
910812781
141402035
552314509
292884288
292884288
700582582
109555109
432206044
552423469
258218452
809546887
633711536
792079481
848959355
848959355
910812781
206909977
369891274
51196978
448844278
767660833
500000148
767660833
792079481
500000148
448844278
432206044
500000148
432206044
443433077
81609247
500000148
643600173
583336394
209997106
209997106
363598079
363598079
88393833
637657582
41778978
41778978
41778978
500000148
583336394
831407596
196805378
700582582
196805378
24278869
809546887
24278869
300597010
910812781
700582582
330362678
330362678
809546887
507036660
507036660
507036660
583336394
42415315
42415315
633711536
42415315
203834211
203834211
203834211
700582582
203834211
583336394
910812781
678737993
774660601
500000148
443803928
155529276
910812781
201132389
633711536
633711536
172890982
748758733
910812781
809546080
809546080
809546080
553311313
394371958
477060514
748758733
910812781
432206044
730888234
730888234
14902942
809546887
730888234
730888234
394371958
953945741
500000148
499838146
499838146
523127635
523127635
268954550
268954550
633711536
809546887
109525299
877922456
969936509
25525388
432206044
748758733
748758733
106092085
910812781
136696131
183766469
183766469
857785795
857785795
660964218
500000148
748758733
500000148
224388284
792079481
224388284
224388284
224388284
226584685
397354069
316316850
397354069
929956992
411659560
282027239
857785795
689772628
700582582
101554366
107669505
853079897
853079897
853079897
432206044
136696131
853079897
432206044
748758733
107669505
558482095
792079481
645032536
645032536
645032536
645032536
645032536
703930391
583336394
970115354
970115354
970115354
812383052
633711536
397583538
748758733
432206044
700582582
173155865
136696131
746635513
809546887
791751753
359766726
359766726
607160951
48893800
776344789
976087121
857785795
274285115
650977433
650977433
75896290
987586707
792079481
915560285
534980964
161886939
500000148
983325905
827881816
339827315
330365889
330365889
369166396
369166396
369166396
369166396
369166396
557565020
809546887
792079481
274902950
274902950
792079481
432206044
827881816
274902950
500000148
715555561
715555561
384612105
261806064
921857864
500000148
59562288
921857864
386048689
59562288
921857864
729035649
108922324
108922324
108922324
108922324
108922324
938178466
986034166
986034166
809546887
986034166
695645252
986034166
519254057
480933977
490635819
921857864
528023205
921857864
729035649
500000148
729035649
157803359
500000148
179939493
122350356
500000148
917258338
500000148
105725462
585375237
254219193
327536208
938178466
384531555
384531555
938178466
938178466
583336394
83407958
83407958
83407958
83407958
527806844
132199027
435291767
435291767
435291767
830459016
407554284
822885912
738946730
822885912
822885912
830459016
407554284
796844
809546887
394701171
968783085
968783085
968783085
157803359
738946730
583336394
143178742
143178742
157803359
238909810
801006206
394701171
801006206
957795498
816008233
695645252
738694806
695645252
876397452
876397452
938178466
897696589
480933977
897696589
583336394
147344302
802747040
976446417
737250239
737250239
500000148
661403054
500000148
329489445
329489445
556588450
480933977
262476935
262476935
718894898
480933977
480933977
773701753
773701753
652330753
480933977
766032180
76492021
766032180
766032180
480933977
536541152
427726043
427726043
233033037
737127558
718894898
834020205
834020205
267857483
718894898
401176014
592680071
756043428
770207054
500000148
770207054
464103725
179939493
307017782
772813812
772813812
303524560
303524560
809546887
157803359
269686034
157803359
179939493
644520355
756043428
939292820
781712133
781712133
813077825
347471023
500000148
160432326
480933977
500000148
497378506
497378506
497378506
497378506
934965527
583336394
559321941
464103725
179939493
559321941
179939493
583336394
500000148
157803359
662760694
179939493
662760694
795105917
662760694
662760694
185879072
500000148
967688276
718894898
231169602
695645252
583336394
680410424
795105917
657425270
464103725
76611364
179939493
795105917
809546887
60125122
60125122
938178466
789339198
503333907
480933977
531863669
992593970
531863669
583336394
358854396
179939493
358854396
857893667
109531902
730544037
480933977
461795536
695645252
508705091
241468220
241468220
648507850
500000148
787080618
150889533
223536709
223536709
508705091
223536709
157803359
528360794
528360794
695645252
93854391
695645252
211833380
607400131
661097529
406387296
695645252
851793686
809546887
49233917
806647431
806647431
391940600
500000148
391940600
695645252
695645252
809546887
695645252
49233917
892797322
892797322
892797322
809546887
996783483
614618429
701584857
659296171
659296171
659296171
695645252
701584857
659296171
861903899
83879108
83879108
354141422
354141422
809546887
354141422
354141422
996783483
500000148
996783483
583336394
721251846
919775525
157803359
919775525
809546887
37048261
291781981
949772159
949772159
468581889
468581889
309753331
309753331
309753331
593752897
635510944
596199329
279354362
537576625
500000148
313407668
157803359
480933977
996783483
809546887
313407668
461626027
695645252
712466120
666712507
619725879
423544463
423544463
765423930
809546887
648163194
508705091
279354362
648163194
695645252
648163194
480933977
648163194
583336394
648163194
648163194
648163194
648163194
648163194
648163194
423544463
775066548
866495033
996783483
466306693
765036798
157803359
466306693
942650789
765036798
583336394
526571649
22963700
926433143
695645252
809546887
657281578
912977993
657281578
508705091
912977993
701301001
952532613
809546887
992616742
408681260
957869493
619783339
619783339
583336394
619783339
619783339
583336394
500000148
500000148
597747643
892480717
892480717
892480717
809546887
500000148
743274808
139643736
216663004
216663004
216663004
216663004
583336394
11193676
442996463
548740702
500000148
157803359
568346758
480933977
477693444
992616742
275852794
314440982
717278163
718894898
747843874
102930413
695645252
102930413
86609472
187517394
827965284
992616742
718894898
480933977
992616742
157803359
707113603
707113603
707113603
500000148
658124796
299654195
500000148
480933977
248729525
586618391
586618391
787158337
232056526
232056526
959241379
409826290
500000148
409826290
959241379
508705091
476590671
500000148
500000148
689214143
500000148
100029522
779548691
500000148
157803359
847259210
847259210
508705091
718894898
157803359
516425826
813707500
422450439
992616742
480933977
747843874
931114213
467410179
824345770
824345770
775624372
665673009
583336394
22722606
832005765
580116404
580116404
523101767
523101767
782207262
437853938
403866128
715171177
583336394
370841162
203479210
229959996
852724936
377010906
366857349
979924032
366857349
366857349
886709989
886709989
693043244
886709989
423529747
101186885
852724936
407478740
407478740
883082192
886340539
886340539
883082192
83315068
115653591
718894898
78948663
235653408
250090560
203479210
695645252
53561300
627835948
627835948
627835948
852724936
734121924
344823275
344823275
344823275
344823275
344823275
344823275
203479210
933544263
376017827
852724936
371136705
859540952
379581041
379581041
379581041
718894898
660305208
660305208
951566994
956374931
837819347
837819347
182328776
182328776
269992974
554207721
554207721
809546887
157803359
627859674
847748970
379791635
379791635
157803359
17055120
423529747
95547515
500000148
388142269
695645252
157803359
118255199
830260887
886709989
830260887
672511033
964089740
718894898
809546887
398875389
109171355
500000148
964089740
994967874
31117073
279814834
695645252
692205390
7758811
7758811
288552051
150995801
711137086
711137086
711137086
262001654
837558056
809546887
560362865
31117073
560362865
318041423
318041423
318041423
999836963
262001654
7758811
335111671
335111671
856624132
262001654
335111671
335111671
335111671
583336394
695645252
291128556
52680229
584438566
584438566
174426423
440943119
837558056
891863145
119531240
31117073
891863145
891863145
500000148
274099066
695645252
603499075
7758811
7758811
703322205
31117073
999723398
999723398
545994670
885734996
212891185
925884711
647879696
845359101
157803359
626344882
828488252
828488252
828488252
724941371
690037141
887678627
295077388
759128289
26125486
647879696
472581101
472581101
195539853
673069177
925884711
673069177
92497002
583336394
92731651
718894898
74322330
644413797
978090253
978090253
647879696
978090253
178564669
73248009
500000148
718894898
644413797
644413797
382226808
382226808
995406729
328650437
275305296
991188827
718894898
157803359
718894898
582652974
582652974
647879696
19656032
19656032
644413797
19656032
964089740
964089740
745411095
745411095
504035095
695645252
157803359
994092997
964089740
994092997
500000148
583336394
796171620
16469768
739673082
739673082
739673082
739673082
739673082
597109323
63089060
477365167
718894898
125036095
669107110
234493781
251924679
38277055
500000148
598006022
55144260
964089740
696917311
393607244
644413797
150572293
718894898
150572293
150572293
820009057
809546887
955310271
647879696
500000148
550255868
647879696
563061638
631482054
631482054
631482054
354248906
160855616
445715966
778444924
778444924
778444924
778444924
657813740
479573118
479573118
479573118
479573118
935222207
707031997
781339137
184318436
718894898
633345589
585443035
809546887
644413797
655181331
655181331
726149174
113991102
184318436
647879696
83923040
583336394
695645252
647879696
738226144
738226144
738226144
947492050
529421442
500000148
745228339
157803359
45634383
45634383
45634383
283352477
157803359
718894898
980223615
718894898
980223615
980223615
894018169
639961203
602603951
602603951
718894898
681113243
681113243
681113243
870868748
175059312
824412910
121994335
647879696
62484160
718894898
616918607
557465704
964089740
747082931
747082931
964089740
964089740
747082931
809546887
699777325
495029589
809546887
525715982
718894898
56913353
308515772
718894898
248566987
382750828
728607362
328022762
647879696
919727720
984005021
809546887
309301949
647879696
695645252
614852532
614852532
779776744
809546887
964089740
420657093
8795718
809546887
992808375
847874541
809546887
964089740
583336394
565036738
809546887
221654042
583336394
647879696
309301949
477853522
843677777
843677777
843677777
378650773
647879696
157803359
500000148
931217984
931217984
931217984
964089740
620109122
633893627
633893627
176525279
695645252
584796605
440376000
500000148
440376000
440376000
440376000
695645252
440376000
616918607
157803359
616918607
500000148
695645252
500000148
13653379
350276460
309301949
457253985
258068218
157803359
126165837
309301949
157803359
84803918
838434050
992808375
309301949
245582650
964089740
866680315
647879696
500000148
992808375
468400246
468400246
446185295
446185295
964089740
992808375
152872111
152872111
718894898
309301949
572945503
647879696
157803359
583336394
340953290
647879696
695645252
728567596
695645252
611908892
611908892
995197181
490395248
384448495
490395248
726478418
726478418
718894898
911295429
767566852
142521112
542354058
822493854
645655717
645655717
309301949
781359623
416087144
500000148
695645252
718894898
818341317
647879696
422708843
508718001
508718001
115442781
46761845
809546887
829253481
583336394
861562848
216193844
647879696
756230240
893769233
882202680
252515698
577438675
15351354
911150505
910181394
68047127
697369182
697369182
697369182
922511468
922511468
922511468
922511468
588873855
922773670
874837189
500000148
472694688
472694688
431831026
583336394
380644082
380644082
380644082
380644082
380644082
300985840
500000148
922773670
536219057
590448253
411716107
411716107
380601383
495464625
495464625
933308095
500400275
495464625
495464625
518126889
5192082
5192082
5192082
322884929
583336394
628790828
179769760
898891803
30262495
583336394
704058809
68047127
797143156
628790828
328642786
144610063
500000148
500000148
87074563
871243445
617878306
628790828
583336394
122174145
713862011
713862011
713862011
496499538
553270008
68047127
474514041
922773670
474514041
628790828
500000148
266608129
910181394
752224849
752224849
500000148
628790828
910181394
227018810
304229332
922773670
502141734
34102460
34102460
173450147
173450147
418327727
518126889
922773670
877603813
518126889
200488136
227018810
653906961
500000148
72503882
628790828
278883000
583336394
959061110
199325106
922773670
910181394
93681624
364474344
364474344
583336394
809546887
518126889
500000148
518126889
105790746
910181394
105790746
387200316
922773670
388144373
388144373
904374306
586189424
586189424
904374306
376859777
705662092
583336394
809546887
922773670
544584756
699599605
500000148
544584756
40143483
274387432
274387432
40143483
133527698
809546887
113269009
628790828
697581779
113269009
113269009
113269009
384715631
384715631
363099662
705662092
68047127
787719085
910181394
274387432
635538501
796872105
635538501
583336394
800262250
227018810
518126889
33892966
33892966
249033160
583336394
533847297
691322631
86954628
583336394
749314896
626828429
803761928
274387432
391447074
391447074
500000148
691322631
68047127
937337010
618600464
493519288
910181394
922773670
561831267
910181394
227018810
555168778
555168778
374699827
910181394
708348654
274387432
472607676
140441119
307151894
140441119
628790828
546932581
628790828
927655982
236904737
378910322
419020443
274387432
9306667
17945339
628790828
17945339
17945339
17945339
17945339
17945339
914861490
529189501
910181394
767000307
583336394
85840911
559831040
518126889
74341697
500000148
175529189
546932581
175529189
175529189
751458376
518126889
55830266
694344933
669364811
711304454
518126889
274387432
323711608
120066191
731606251
420565710
643160027
643160027
499339780
425993748
68047127
877272312
68047127
877272312
628790828
369987851
425993748
466430590
261835827
910181394
227103711
466430590
169115016
282018568
282018568
500000148
2894689
282018568
282018568
964140299
160127065
119885051
690254117
954694542
68047127
954694542
252317847
210692491
952156300
252317847
952156300
425993748
68047127
459936434
261835827
837414749
725415342
583336394
583336394
425993748
549898984
68047127
500000148
946763374
516372170
471599045
976388665
28562672
789390434
809546887
213284011
213284011
213284011
213284011
62636511
570274169
274387432
95929371
68047127
451021412
685066191
95929371
588889552
588889552
62636511
588889552
588889552
588889552
588889552
62636511
588889552
588889552
551877920
628790828
208383375
474720576
381371522
583336394
381371522
910181394
381371522
381371522
95929371
809546887
365182581
101544403
95929371
378609241
514039006
404201750
653119920
389068840
389068840
910181394
389068840
389068840
964860425
964860425
672573615
167504484
745042747
745042747
274387432
594572156
68047127
274387432
889257502
628790828
759756273
910181394
553299954
809749999
81077221
500000148
274387432
95929371
665286283
583336394
93240695
831097839
809546887
583336394
702176917
462712024
809726378
235794113
583336394
809726378
809726378
274387432
119349640
313098668
910181394
225862122
225862122
499077783
132398818
809546887
922773670
876166154
876166154
141927738
370114589
500000148
469345228
469345228
989006695
134282459
37740258
421467921
144090079
621780498
554199026
321970569
922809265
235794113
922809265
922773670
750766227
750766227
466054299
466054299
808096834
808096834
339479674
235794113
500000148
15785338
68047127
36138358
968089844
968089844
968089844
454067819
867493352
760315798
760315798
383971695
760315798
583336394
381008243
583336394
104500894
104500894
910181394
104500894
235794113
873929485
545057685
196275585
873929485
621780498
993633173
361480900
583336394
243660441
922773670
848547584
848547584
583336394
637191230
637191230
809546887
700569516
814346658
638385195
343686881
561311660
274387432
685822054
922773670
910181394
791781176
397289533
383971695
105668268
277633182
910181394
910181394
922773670
552622391
68047127
68047127
558556738
68047127
761862017
898377755
583336394
48170010
500000148
361571489
361571489
225343655
225343655
55406602
117565952
163532433
910181394
79754985
583336394
243550656
53926917
53926917
809546887
210623151
68047127
210623151
210623151
778085925
274387432
504720078
799355139
910181394
943927914
943927914
274387432
943927914
943927914
397736509
809546887
950828195
910181394
809546887
225261873
225261873
225261873
68047127
68047127
246330347
246330347
246330347
482994391
922773670
811181915
811181915
922773670
187979053
29108812
465417971
465417971
382958506
227783285
274387432
243550656
955495770
369670889
955495770
809546887
103551984
945007640
454014635
293321616
859447148
412589252
539143133
910181394
954238111
243550656
100304216
574621272
431286027
927130263
3157422
240394181
240394181
240394181
240394181
240394181
240394181
240394181
407389754
580586250
922773670
550094426
650741358
454014635
650741358
688998883
472717925
922773670
321053717
208070711
89784782
922773670
882752651
29638037
882752651
454014635
126102930
454014635
959361013
52113433
784529726
583336394
323450728
928737233
910181394
144512085
755723602
454014635
828047549
735700780
716806974
683098670
922773670
697001984
697001984
922773670
718896921
910181394
158116777
583336394
104859724
583336394
428077706
448590705
858208227
448590705
500000148
448590705
448590705
448590705
48637855
910181394
68047127
274387432
892580827
892580827
503918544
503918544
441771109
813222601
813222601
922773670
196432346
68047127
330754258
218411490
218411490
218411490
234757877
500000148
432830870
287031499
454014635
182327944
778828297
778828297
778828297
700652732
922773670
979739241
172239127
454014635
542179082
446873242
333580721
274387432
910181394
285367713
285367713
411986915
411986915
720238713
980113063
712962583
269795518
269795518
269795518
184828719
269795518
454014635
857813266
857813266
910181394
435072403
183954478
183954478
183954478
183954478
910181394
10495336
403464935
454014635
274387432
583336394
720238713
693949910
135849569
693949910
693949910
63006349
135849569
982076984
208144403
454014635
416572969
416572969
583336394
922773670
879731646
922773670
360803499
462614707
462614707
820848790
462614707
462614707
809546887
68047127
68047127
228953234
922773670
461998444
904551509
921988491
921988491
922773670
921988491
247012381
990706187
990706187
583336394
528995167
177049816
500000148
177049816
177049816
68047127
274387432
835351367
243550656
243550656
809546887
987170227
583336394
871878790
470383297
878890070
790576644
148278773
148278773
500000148
274387432
49326841
48253008
415893052
583336394
922773670
909922384
70504743
454014635
583336394
261039785
274387432
243550656
693239818
693239818
671377002
671377002
454014635
671377002
910181394
963226999
68047127
849893321
500000148
454014635
738259733
239885635
625605763
5923176
922773670
797969085
797969085
797969085
68047127
275942168
87100396
892811986
809546887
274387432
698564527
86410462
923101665
87100396
126808689
500000148
454014635
513022802
274387432
513022802
910181394
12484541
372363686
434884284
910181394
922818913
978349595
454014635
922773670
557512220
243550656
425083724
615846098
809546887
583336394
718319832
718319832
583336394
864347704
864347704
824483022
68047127
315491186
274387432
243550656
919241329
919241329
919241329
919241329
919241329
919241329
668744366
274387432
668744366
889123785
215267844
321051504
225462848
938167073
68047127
761894731
761894731
676687043
315491186
318448620
228082513
274387432
214565489
875280516
68047127
255708676
510776152
383954945
383954945
19232329
910470343
19232329
19232329
792992963
500000148
792992963
922773670
811428829
155712810
65140536
603675023
47673901
47673901
690125038
274387432
984962497
646547504
500000148
646547504
809546887
946398812
583336394
583336394
562004618
274387432
673208344
673208344
922773670
500000148
562004618
325742982
385597389
68047127
336528414
422496904
685443057
685443057
685443057
193129976
685443057
922773670
274387432
922773670
910181394
712531363
446882805
344166699
89570994
500000148
160336869
809545568
193129976
809545568
809545568
809545568
974416393
93020944
809546887
809546887
416204786
809546887
908016437
712531363
288276368
193129976
155440919
422496904
573321802
246361497
573321802
573321802
573321802
573321802
573321802
247827152
922773670
422496904
404328415
724373929
500000148
35793594
44310842
44310842
68047127
500000148
366555230
724373929
366555230
233230034
910181394
712531363
89570994
546185535
583336394
392855352
553455106
321737413
232960748
809546887
422496904
232960748
775405899
890783474
583336394
922773670
540644328
740026357
89570994
540644328
540644328
517519303
415631513
415631513
415631513
274387432
902171021
902171021
274387432
862220778
193117317
56969360
274387432
167381052
755518359
411244175
483749218
483749218
471249871
583336394
548017641
702707219
551796351
569435420
560918274
470066441
500000148
470066441
470066441
198421312
470066441
470066441
470066441
377539290
902782974
364285886
910181394
776412081
569435420
702707219
583336394
809546887
583336394
514335774
471093561
471093561
471093561
471093561
569435420
910181394
702707219
599497618
583336394
142677094
583336394
718822680
702707219
910181394
717257836
9187446
720353465
720353465
813298644
813298644
583336394
971524069
68047127
676968439
366877689
500000148
548017641
138552284
422328176
453008013
979140176
809546887
979140176
979140176
718822680
500000148
181758751
181758751
677421343
987533921
787757406
464528666
904955992
904955992
744885950
744885950
366877689
744885950
744885950
500000148
357232613
910943435
419208730
419208730
391423302
391423302
773381364
638529386
809546887
809546887
391423302
82475005
630964282
2670206
910181394
343891536
548017641
288889564
718822680
295140214
295140214
548017641
295140214
295140214
910181394
718822680
798535982
397916904
960406291
500000148
313673008
313673008
68047127
548017641
960406291
55260823
68047127
609048498
609048498
809546887
601851220
486840980
601851220
569435420
733877128
897900760
809546887
733877128
284657874
156193035
156193035
284657874
156193035
18130360
178576155
366877689
366877689
178576155
665363339
295752279
548017641
556345975
718822680
376856021
376856021
68047127
376856021
441703568
478389206
692005571
686494676
278815438
816477897
769021288
301991447
301991447
500000148
692964838
610133099
827232605
701042743
304291303
809546887
721150801
583336394
913871182
366877689
548017641
382954044
692005571
382954044
583336394
874654039
307928286
809546887
307928286
525576097
692005571
500000148
666632866
666632866
569435420
315483460
315483460
888939701
858572834
500000148
862077102
718822680
956522227
956522227
902859164
902859164
981180293
169380278
929799472
929799472
929799472
929799472
644516561
842154269
910181394
929799472
929799472
366877689
899783284
98906589
570473624
809546887
325474901
199525157
545426014
545426014
545426014
68047127
128047788
503899619
583336394
389206030
251386377
500000148
578678680
815488128
809546887
916380054
638761017
916380054
916380054
533475211
357268078
138707473
68047127
910816940
138707473
138707473
510351573
510351573
510351573
809546887
500000148
510351573
510351573
411310425
411310425
420398644
259380824
292876050
910181394
942542009
242502702
551270070
507433085
910816940
583336394
410730896
809546887
325474901
583336394
313993507
500000148
319663893
319663893
319663893
560658956
942542009
480947201
573763832
662045756
552105179
552105179
605364392
481809812
887761765
583336394
799126700
518895599
799126700
455451951
272438893
605364392
872080048
455451951
872080048
872080048
827162959
742125040
742125040
910181394
278371364
972278622
65623680
910181394
899462187
899462187
899462187
68047127
889485054
899462187
381268265
381268265
381268265
889485054
809546887
593675193
95567289
583336394
929873489
923119455
923119455
910181394
818279050
781307413
550127535
550127535
539065101
321644287
68047127
500000148
519629128
827034597
358957887
859932614
735308639
539065101
144004876
910816940
376737157
376737157
358957887
462985417
972278622
497647479
579229223
36071982
410642990
474098132
422292846
422292846
510718405
302391068
302391068
302391068
68047127
297309479
699199549
809546887
575136083
192118988
583336394
583336394
791356470
791356470
543026124
166583715
131133970
865308880
809558327
500000148
865308880
876963306
800316872
876963306
876963306
909795595
218377928
218377928
218377928
506424569
218377928
506424569
77471684
77471684
77471684
77471684
77471684
800316872
147999649
147999649
147999649
330367741
147999649
922694777
934294510
500000148
875959201
875959201
119934944
865423913
374477263
259315452
458908738
865308880
886315217
110193037
886315217
546883489
546883489
820234227
846201347
371573613
543026124
371573613
371573613
583336394
809558327
500000148
220812868
760464877
468080824
760464877
809558327
95072629
110193037
505307710
505307710
865308880
934294510
43780115
212294795
778699354
809558327
212294795
212294795
478735581
991973482
991973482
87608772
543026124
298363191
955728761
955728761
315717292
543026124
233150207
781242342
583336394
28897989
332996423
145532873
809558327
130538182
179482988
809558327
332996423
332996423
939666362
934294510
984081849
184375918
184375918
184375918
500000148
897203264
865308880
809558327
865308880
83803570
571488401
583336394
777531817
936021782
777531817
152576152
571488401
583336394
313341769
364704613
361239147
809558327
91914830
622546534
583544582
583544582
596160567
800316872
692380938
476995987
43780115
421085832
421085832
421085832
144350584
479809167
191158751
36542844
43780115
669504822
543026124
898929893
898929893
800316872
36542844
898929893
865308880
898929893
150308529
222988278
222988278
110193037
222988278
222988278
265472861
265472861
265472861
39350077
110193037
733303107
545514783
154679678
934294510
214793527
870396539
677699731
123268629
762301309
300200179
300200179
371737350
325003760
119427999
804738888
564913935
474648842
861327294
809558327
165180387
86368009
809558327
500000148
934294510
997525835
997525835
779833018
997525835
997525835
138975536
43780115
150308529
549984180
400315405
671478837
427261763
64317448
837758366
538982536
721533501
543026124
583336394
970842138
970842138
644812360
644812360
340223531
150308529
583336394
217817524
191732434
191732434
43780115
865308880
543026124
809558327
22240259
500000148
269176655
43780115
919422015
569074604
569074604
110193037
569074604
163220102
137211381
583336394
137211381
58114452
293422883
865308880
597282079
127299982
543026124
459014287
128624588
128624588
583336394
809558327
370061580
870978442
338404870
338404870
338404870
173610221
731847099
543026124
43780115
370061580
934294510
365225333
257592693
257592693
304777254
500000148
134946486
35730526
646340075
934294510
934294510
744433706
129945662
43780115
79110703
543026124
43780115
583336394
800316872
322978757
865308880
500000148
585811146
322978757
322978757
809558327
110193037
110193037
346296755
960904625
696523557
809558327
756237864
577917369
500000148
152651887
360471056
110193037
543384222
779692988
800316872
25449154
25449154
543026124
742423848
934294510
500000148
1744920
449998926
43780115
742423848
956794926
80081868
80081868
865308880
865308880
543026124
822831052
543026124
934294510
71799457
583336394
822831052
71799457
597856633
8520234
163411211
163411211
417304181
543026124
809558327
409516621
588336643
398973786
583336394
934294510
43780115
500000148
325154545
648389907
934294510
194835270
194835270
194835270
194835270
194835270
115903748
335120915
282291947
110341362
110341362
496711838
173195956
9755530
9755530
10686413
235596501
809861527
809861527
624316447
985253307
985253307
985253307
583336394
279927060
500000148
667477465
612516944
612516944
46342786
54538984
280238005
23602944
280238005
614052560
992541885
350200546
5902769
110193037
500000148
912635786
589398969
589398969
589398969
123010521
589398969
192046459
809558327
226803184
267138148
500000148
226803184
500000148
733399593
733399593
824921641
500000148
110193037
578688129
500000148
318571780
45100954
818764746
107797220
774047206
67932688
67932688
583336394
67932688
546200755
61612163
928372306
583336394
110193037
726069257
585886438
585886438
635623203
806593238
183910363
566594059
183910363
635623203
183910363
270120226
661058647
984793097
32144600
583336394
369656418
369656418
566594059
462755629
369656418
369656418
675937882
809558327
796998970
828015254
697195945
657467427
657467427
583336394
595700465
500000148
101760297
19841329
478571872
958418950
534754916
491061421
491061421
350318264
350318264
350318264
417327496
809558327
110193037
660863195
928372306
660863195
583336394
50461452
332520251
500000148
806593238
15915519
270120226
796335860
595700465
524957063
524957063
110193037
74856809
74856809
270120226
871813827
50461452
49463727
49463727
49463727
500000148
110193037
9149411
9149411
809558327
7688551
984374308
244146516
270120226
136443483
803714506
244146516
19295870
65230575
65230575
65230575
181493194
181493194
181493194
800316872
809558327
548164765
489170798
415699222
415699222
415699222
383140492
82695560
928372306
383140492
383140492
800316872
583336394
671072225
955324401
149109744
270120226
50461452
856233517
895388353
856233517
500000148
110193037
849282563
270120226
800316872
50461452
209085733
95038346
736379337
500000148
7688551
845608843
845608843
50461452
209085733
809558327
200479624
800316872
615295398
7688551
355093478
355093478
675149087
500000148
50461452
560371308
429061720
809558327
501739418
800316872
501739418
209085733
501739418
501739418
132056207
209085733
24062969
7688551
24062969
24062969
583336394
500000148
901251220
583336394
809558327
486491933
486491933
610775958
610775958
809558327
610775958
7688551
18132981
57093942
570739066
570739066
627752933
7688551
335689747
335689747
391227090
928372306
284090503
284090503
89193662
928372306
800316872
587669344
52289977
50461452
745748852
851817010
847816704
282078837
871764732
948266458
110193037
583336394
664360891
809558327
812423123
812423123
812423123
580048267
812423123
645833037
100126927
873184251
709778779
270120226
7688551
809558327
709778779
861902465
705165893
993340248
580048267
993340248
993340248
993340248
872619861
293926910
13237067
809558327
514511647
737657491
514511647
225256688
111892944
472157868
225256688
789048681
99845827
789048681
298260298
954564509
7688551
500000148
954564509
597617085
602248059
602248059
602248059
110193037
602248059
87745979
334301852
110193037
845731063
518865052
350248532
314737451
800316872
316271088
561590251
7688551
74620531
629636963
91672473
39589052
110193037
283010413
283010413
87745979
658995102
800316872
87745979
451097512
126869416
126869416
126869416
952913395
832493923
832493923
832493923
832493923
832493923
832493923
832493923
50461452
832493923
988243140
988243140
988243140
787550128
500000148
92881438
988243140
404823365
274280578
373245031
391258665
17370662
809558327
836836104
157552521
157552521
92881438
430951832
686251586
244392654
606476097
950201054
50461452
110193037
583336394
419632475
585275730
454581036
454581036
306546893
934221475
153712014
376792284
500000148
404735753
270120226
427740050
583336394
23954404
23954404
577124965
370591102
370591102
370591102
370591102
809558327
270120226
967860760
92613776
50461452
800316872
270120226
92613776
967860760
519246021
519246021
519246021
673962220
377739740
377739740
404735753
421095660
984377334
984377334
787550128
997208738
270120226
800316872
800316872
110193037
809558327
588114014
110193037
244388578
244388578
802641983
270120226
901027425
901027425
92613776
763886842
420797080
420797080
583336394
590614967
590614967
404735753
787695403
763886842
800316872
754056622
583336394
110193037
110193037
500099015
50461452
404735753
941157437
941157437
50461452
500000148
800316872
92613776
696058800
696058800
893148839
588114014
893148839
845173532
583336394
924627588
924627588
150580797
500000148
573561537
150580797
408525383
145534403
145534403
92613776
107278810
588114014
543229887
74093482
74093482
901516334
12901119
12901119
12901119
12901119
50461452
386480313
800316872
50461452
844319859
583336394
193175530
787550128
350224861
350224861
500099015
809558327
36176774
50461452
36176774
500000148
892900468
951223893
539300996
393405993
270928366
270928366
851533699
851533699
422602065
618053783
988744886
618053783
110193037
665127070
110193037
679752757
809558327
671578815
209728206
117115794
110193037
447116391
447116391
97885057
500000148
279915005
425251059
50461452
97885057
266430284
951688263
454852221
951688263
176881353
50461452
18196511
922998555
266430284
305600771
500000148
106780479
583336394
177366037
177366037
177366037
266430284
270120226
752157786
141391555
986459890
156203173
156203173
191040698
594531617
270120226
483328808
576981185
483328808
683165127
683165127
270120226
821176754
800316872
947398052
3681589
510288479
266430284
500000148
853477781
110193037
202885256
202885256
244364771
110193037
357759420
889174132
889174132
889174132
318846807
500000148
604199195
583336394
192292891
606920161
172501711
390844264
838675897
850626127
838675897
260235052
260235052
894252943
43068578
218235530
53371655
53371655
741273648
53371655
867822655
867822655
850626127
140686072
692197596
832979675
800316872
409928958
972051097
729452846
850626127
110193037
372691831
372691831
754359059
526019305
23518606
23518606
526019305
526019305
526019305
695188770
23518606
128669431
128669431
250090495
40828038
184237751
184237751
512122450
184237751
93936058
93936058
802593059
14540164
14540164
952246191
809558327
380187373
380187373
380187373
802593059
500000148
110193037
168757443
802593059
271485528
500000148
451512166
583336394
271485528
271485528
110193037
651152366
800316872
651152366
597045456
597045456
597045456
451512166
110193037
655681085
451512166
572929821
537956406
360802646
110193037
832979675
710957271
312443101
312443101
451512166
652023104
652023104
953652641
809558327
953652641
432767179
200952814
200952814
200952814
200952814
583336394
200952814
851365171
994323579
500000148
451512166
512122450
851365171
800316872
512122450
500000148
832979675
871731174
20032538
20032538
583336394
352864905
543539422
851365171
24126186
112106241
112106241
202818827
169224444
809558327
169224444
800316872
512122450
466645997
891799585
891799585
741273648
169224444
466645997
66089734
976062114
976062114
169224444
702115107
401661273
401661273
193064954
741273648
185742350
185742350
915631831
298419439
354628034
354628034
809558327
110193037
185742350
354628034
354628034
763883189
163816481
697298862
697298862
881332249
406691704
809558327
763883189
583336394
98859378
832979675
642249792
642249792
642249792
635468304
512122450
635468304
741273648
500000148
131661109
131661109
658114488
856243615
832979675
856243615
856243615
659970113
659970113
583336394
414536926
133011388
462911206
512122450
462911206
800316872
338211455
338211455
686301517
163816481
215572037
500000148
92167389
203677592
500000148
203677592
768453749
655803936
512122450
538905799
66722353
296514255
916698197
425966546
903556353
340942165
741273648
512122450
132263850
583336394
741273648
163816481
666156844
512122450
916698197
841285231
556213775
556213775
741273648
500000148
512122450
905191351
543241829
142170633
110193037
117888327
961350569
508510312
800316872
961350569
163816481
961350569
550476378
550476378
901828023
539365888
539365888
539365888
539365888
512122450
539365888
800316872
809558327
583336394
911599651
873721390
425966546
163816481
741273648
163816481
873721390
873721390
349780130
800316872
28221688
425966546
512122450
196315451
196315451
196315451
196315451
596221080
729082853
110193037
512122450
800316872
729082853
749437200
832979675
741273648
741273648
169770068
169770068
195466116
948781466
948781466
948781466
449710565
80976040
500000148
285788031
500000148
330268683
883681265
358315924
883681265
883681265
771832806
771832806
771832806
771832806
800316872
809558327
293084161
257903792
358315924
752410676
649553787
649553787
369334569
465830748
800316872
468332267
80976040
468332267
184980125
744026849
123067178
123067178
123067178
720071582
455565345
455565345
73163832
115263439
253724676
243524270
955327757
955327757
871507177
500000148
295947156
156829505
859739027
757758887
78900298
315808829
253724676
778945799
449315771
500000148
812571029
810751320
491966022
930673731
930673731
930673731
325184558
757758887
243524270
325184558
325184558
500000148
445151827
628452358
628452358
358105511
358105511
983568763
561865017
561865017
561865017
891924708
891924708
891924708
891924708
243524270
809555991
811354320
594698088
811354320
255201259
445151827
811354320
594698088
31225767
31225767
899721461
204764207
500000148
756228782
949895249
554254314
243524270
554254314
445151827
757758887
54192467
692460745
898961336
898961336
898961336
224490653
224490653
670981775
583336394
756228782
596240370
899721461
897702659
527312108
155173342
226045658
627957437
585006046
672841060
672841060
487923393
121613870
746034896
243524270
137276608
756228782
226045658
348639096
170947249
809555991
445151827
106306018
34845562
34845562
809555991
445151827
62697072
756228782
757758887
809555991
500000148
939468539
583336394
206426296
62697072
62697072
62697072
939468539
106306018
899721461
326729397
242996458
593195137
996961497
939468539
62916210
807399345
939468539
430001818
500000148
837402202
829743544
500000148
899721461
655678585
756228782
809555991
255201259
593931586
756228782
593931586
243524270
243524270
990182960
583259316
255201259
206426296
435878183
696009481
656787290
742787873
445151827
500000148
413794962
61454891
413794962
906925924
341963469
243524270
255201259
809555991
177926357
177926357
809555991
115815367
569120074
569120074
62025872
569120074
756228782
62025872
750082118
360105083
206426296
809555991
206426296
899721461
608630277
908078445
212122835
908078445
255201259
757758887
809555991
608630277
809555991
608630277
719133125
500000148
809555991
500000148
601578670
601578670
601578670
601578670
601578670
601578670
601578670
601578670
608630277
583336394
757758887
414941020
255201259
414941020
414941020
706735508
659007663
670835255
670835255
670835255
1855945
1855945
16437577
16437577
16437577
446436057
446436057
748332591
255201259
757758887
509839301
704945522
941710248
941710248
941710248
855910438
855910438
500000148
756228782
500000148
966352944
966352944
757758887
772463479
757758887
583336394
899721461
809555991
809555991
772463479
727437267
757758887
445151827
992818240
878594259
661224492
880717184
355918533
355918533
550676035
714035694
583336394
255201259
500000148
744465091
756228782
757758887
744465091
255201259
243524270
792629143
78451857
828119178
500000148
23362902
68059100
173806992
756228782
385103314
385103314
809555991
255201259
756228782
983651572
68945777
66031711
681541916
583336394
171799072
921767126
501132568
809555991
972364982
864355898
258187865
338579578
338579578
68945777
338579578
492477724
324992585
505152189
228425145
324992585
62244641
500000148
505152189
872120712
561489133
737577145
751693271
798371993
798371993
903581757
531399567
790389658
62244641
258187865
324992585
544397615
531989730
383216791
394605773
383216791
182910362
182910362
383216791
916479497
124265733
124265733
37349033
124265733
927151011
831973768
876581341
68945777
908470782
500000148
182910362
583336394
470417220
198466003
189989806
583336394
262592614
324992585
423651713
423651713
37349033
68945777
258187865
872120712
136016314
451634999
583336394
258187865
360922207
262998342
360922207
37349033
839384475
839384475
36633926
36633926
262998342
872120712
174858201
726921206
324992585
726921206
726921206
192826636
726921206
258187865
726921206
726921206
384759713
367598625
367598625
367598625
927186631
500000148
751693271
870393939
751693271
751693271
216785427
278834214
751693271
416790470
466342303
792096670
792096670
697648626
324992585
416790470
751693271
520176716
27861881
751693271
27861881
27861881
469656799
750981211
469656799
469656799
315637721
62244641
469656799
469656799
982473104
948752432
234464228
307355649
416790470
307355649
737927494
737927494
737927494
897245366
512300544
512300544
872120712
809555991
860606003
258187865
397691185
229770858
432035802
78597507
310689122
872120712
310689122
583336394
938820652
774287618
586487846
62244641
416790470
809555991
374283956
334827262
319616075
872120712
181951206
416790470
62244641
549711714
181951206
813290119
643257057
416790470
324992585
284920964
284920964
751693271
284920964
284920964
324992585
416790470
883562065
119101601
181951206
557986432
644566590
324992585
258187865
583336394
615926195
583336394
416790470
402328605
402328605
21747634
567032567
324992585
567032567
258187865
751693271
315290648
181951206
560203742
62244641
809555991
272549926
272549926
872120712
257562297
333508101
225806610
333508101
229770858
225806610
132179706
132179706
881805549
229770858
877034805
877034805
600850784
872120712
324992585
600850784
583336394
841691053
694589877
979517995
62244641
121348075
500000148
229770858
192140198
972138676
972138676
972138676
972138676
416790470
972138676
902855756
636657698
95381035
181951206
497997130
324992585
497997130
540759550
19906339
79985222
605471566
654414431
629704558
629704558
629704558
620952202
500000148
176594322
346321224
716305493
872120712
667392691
42852923
944552320
944552320
944552320
987433829
809555991
574889792
574889792
809555991
900324437
547242050
457420129
863584313
570352588
334317850
315793591
535932880
274394042
62244641
535932880
274394042
585796424
809555991
585796424
311016202
163339030
91773780
751693271
91773780
874281067
874281067
32161966
872120712
10687838
500000148
938610229
740335644
62244641
62244641
236103940
982358565
583336394
621298378
500000148
306981347
306981347
454594091
454594091
425603450
681228353
583336394
133840315
293955880
293955880
864859529
864859529
864859529
258187865
734658017
411912580
717075947
500000148
614982435
834449787
371367048
908474134
963177919
416294001
529602039
809555991
997642314
997642314
258187865
500000148
697171428
500000148
872120712
122085256
872120712
324992585
122085256
122085256
122085256
122085256
583336394
85715993
566690526
45682483
45682483
45682483
778034558
971000480
971000480
91249512
91249512
703373620
776222012
324992585
387564811
38610542
38610542
845574554
845574554
324992585
501058093
545881680
660318096
660318096
500000148
61913011
682234087
782050573
782050573
782050573
782050573
911890305
216446924
872120712
216446924
843486727
871455915
206027029
416294001
582129457
324992585
582129457
560049719
583336394
575058812
416294001
694801095
485484523
809555991
62244641
297340388
416294001
326165928
326165928
70702344
644295370
62244641
688601353
485484523
258187865
546962847
546962847
546962847
546962847
809555991
608432862
438926258
260260474
260260474
595620671
62244641
260260474
260260474
260260474
258187865
269589684
269589684
826092306
269589684
809555991
879365212
114219102
911890305
114219102
114219102
558727887
548316426
558727887
698282957
751693271
258187865
583336394
258187865
465094838
725274202
558727887
725274202
15177109
725274202
725274202
558727887
15177109
15177109
867390695
313580220
867390695
867390695
751693271
270663796
423584052
423584052
263671944
922765864
48756366
48756366
395666055
395666055
395666055
911890305
971007223
258187865
971007223
971007223
500000148
872120712
872120712
699373148
809555991
699373148
699373148
699373148
699373148
699373148
699373148
272840320
751693271
500000148
380028076
380028076
15177109
15177109
15177109
115360939
927148539
315819744
115360939
872120712
500000148
313580220
136886138
315819744
405838031
809555991
935852060
590042118
500000148
590042118
80494755
982997984
954675535
954675535
751693271
313580220
62244641
810351316
500000148
263222054
263222054
227842610
809555991
227842610
227842610
227842610
509956671
227842610
545204212
545204212
324992585
442135271
433988017
809555991
664109441
664109441
872120712
165248403
339654841
339654841
339654841
272410615
229037596
583336394
840003965
650778428
923555780
583336394
650778428
655197197
812157494
503436616
932237447
827168447
800368465
809555991
132556692
751693271
714250582
186293692
186293692
186293692
471091518
471091518
471091518
108161861
969745420
493410338
389336398
929198477
565362816
39959798
39959798
809555991
39959798
200175168
656323160
200175168
758779525
104682862
261684266
734604055
211613977
656323160
654136224
880563333
583336394
880563333
583336394
840003965
731660296
731660296
822410228
840003965
140657853
822410228
7266991
7266991
583336394
909668911
822410228
62569995
780407018
872120712
541756040
297918769
297918769
473453460
500000148
809555991
12499340
809555991
676040057
676040057
676040057
864631777
512190073
834206396
276933684
809555991
657555921
809555991
657555921
739740715
232237341
980054268
124609456
608105735
118440683
751693271
62244641
718491310
522770602
246974672
411263988
895897743
604658420
604658420
431132399
451279173
500000148
307682269
307682269
307682269
307682269
583336394
307682269
387907016
596003471
910493959
655127566
920489795
500000148
809555991
872120712
62244641
168348284
168348284
785677979
914479545
955067769
955067769
955067769
751693271
637734974
224093233
637734974
951645256
676689612
676689612
715021595
288025220
288025220
286462230
751693271
685648186
685648186
224093233
685648186
667089962
62244641
563476059
387907016
286462230
263178927
458363332
34693076
329416113
387907016
734005021
286462230
751693271
666989453
500000148
375354859
751693271
500000148
252440995
252440995
252440995
252440995
500000148
13110140
13110140
13110140
896029889
62244641
981075563
872120712
981075563
981075563
921720383
227909266
583336394
921430856
419710488
88703306
61159474
968309120
968309120
286462230
615645624
615645624
615645624
451695486
280976423
280976423
198385275
386018609
286462230
857910450
996607452
996607452
996607452
751693271
47367982
921430856
47367982
872120712
751693271
47367982
500000148
12061437
12061437
454441590
749529317
872120712
472132425
583336394
357843994
500000148
419959045
500000148
51719321
62244641
813837526
128948870
286462230
41707674
131344927
921430856
583336394
888748583
790589583
881892041
703573924
881892041
40999521
40999521
106656673
356454617
751693271
751693271
161595130
161595130
872120712
692621447
581906558
203189324
583336394
546716311
500000148
192103102
192103102
357902243
192103102
253359425
253359425
461586401
461586401
500774874
116115292
30547031
583336394
887583892
706872055
500000148
508418092
600877235
607898943
197281521
101490707
997426164
997426164
200172722
200172722
391141753
675094386
678388157
387933579
62244641
249449617
342101028
342101028
637514753
163560951
163560951
583336394
145165051
145165051
145165051
692621447
792481236
30782590
254401488
500000148
981066080
981066080
293962405
293962405
766718774
253734531
285980545
225079694
225079694
405682240
128147994
285980545
30782590
872120712
711604924
711604924
335765966
711604924
711604924
546961811
851341133
766718774
583336394
204352368
348680851
866042265
692621447
591426710
795445923
143646012
751693271
963047351
668696184
668696184
963047351
668696184
973982947
771522445
285980545
500000148
252859165
252859165
712343881
963047351
714734095
872120712
692621447
102239262
208688865
62244641
692621447
155505737
676998891
404838951
721095323
433515408
417763908
500000148
255558004
104065289
773040423
583336394
788620507
788620507
36635888
583336394
634301905
94950124
586228257
872120712
692621447
500000148
565163202
548093933
548093933
548093933
548093933
840235574
692621447
428183605
767428253
299387663
579137703
579137703
285980545
285980545
734038647
579137703
734038647
771522445
500000148
538924298
395254123
583336394
395566284
395566284
963047351
62244641
71714455
71714455
488381779
500000148
488381779
677029020
285980545
751693271
745650504
948822806
771522445
751693271
500000148
285980545
534720022
751693271
583336394
771522445
879317946
583336394
976850794
771522445
421518196
421518196
421518196
515897334
120694865
751693271
511494560
439792066
484641368
809555991
963047351
743667811
484641368
833178778
751693271
495153761
83700616
751693271
61003711
842384024
751693271
977729531
692621447
977729531
872120712
977729531
551566599
500000148
620047347
396614366
547735787
189643992
855127596
809555991
872120712
905451425
905451425
905451425
503971351
692621447
796807052
529667370
809555991
500000148
583336394
371070018
320764620
809555991
503971351
821505684
478474034
503971351
607058524
435738641
141048817
827436145
405093999
598041764
450222636
515276269
800774277
515276269
583336394
908184874
207988281
207988281
465653585
643361329
314974118
177762561
620066402
105929419
589374943
803250747
589374943
272007629
286532300
169017693
901620071
500000148
169017693
498501260
243313095
243313095
289558450
516053585
284671370
284671370
452408931
583336394
593314218
500000148
861342362
861342362
500000148
435738641
829544956
829544956
829544956
829544956
829544956
747476651
452408931
747476651
618320609
449766825
450222636
757430766
991927093
583336394
500000148
598180056
598180056
939604928
939604928
314974118
112424765
433481357
720404155
450222636
314974118
440796486
500000148
79418917
79418917
583336394
66150413
450222636
66150413
660438238
660438238
314974118
660438238
254820365
267927667
452408931
307063113
307063113
307063113
472762785
47198096
517375446
705109937
447197545
29291708
157797445
559024999
559024999
559024999
965963162
965963162
574175660
939899809
650145979
465797391
669425068
205206418
205206418
465797391
393467734
904499324
904499324
904499324
583336394
29291708
46757615
606462275
450222636
314974118
568040363
684905205
435738641
694114773
95874362
647290628
216618695
216618695
500000148
225616316
465797391
301675489
673140101
673140101
673140101
500000148
169402705
451881194
451881194
451881194
451881194
524639751
846185649
500000148
600412090
562097192
846185649
562097192
452408931
562097192
339234770
929233660
928008175
928008175
550328294
859445171
859445171
293186240
306673609
306673609
31229224
306673609
985289735
531145681
985289735
985289735
452408931
44781336
141441641
355103454
141441641
423307121
435738641
741692282
399657234
741692282
757430766
452408931
57636000
993145490
899779374
845069779
726760512
726760512
726760512
29291708
450222636
726760512
726760512
993145490
993145490
890414690
890414690
313886949
890414690
993145490
507131362
21343895
435738641
738704154
593641592
738704154
29291708
546624793
399657234
355404661
399657234
355404661
355103454
648293953
332245517
229249360
98199733
271040597
490191077
500000148
757430766
165466269
165466269
607385390
607385390
354874073
607385390
399657234
264370551
264370551
264370551
264370551
264370551
450222636
259501670
743728139
259501670
29291708
678855252
583336394
260193006
912083649
796727807
960469299
770594064
452408931
450222636
972949978
314974118
404316602
460647612
410937565
990822704
990822704
990822704
724109230
724109230
411129141
984907452
984907452
411129141
175136740
660550975
947486155
844033851
844033851
844033851
518179431
14180441
29291708
105394314
475239691
898175334
129081056
129081056
688437121
633757290
833351161
26883020
26883020
26883020
482150376
722897909
722897909
722897909
887469778
312774893
308724676
583336394
971652876
705466440
988040124
506682196
506682196
500000148
500000148
103190117
976233888
446123180
468993548
364589904
915086351
868419110
580161143
580161143
580161143
580161143
234712751
583336394
239720776
887526133
583336394
705466440
294239829
976233888
976233888
157760462
157760462
705466440
157760462
729046096
500000148
142332878
837547854
315516894
294239829
209971861
655820255
887526133
688581717
915086351
688581717
915086351
688581717
292087273
692700027
292087273
292087273
292087273
915086351
312774893
234712751
692700027
887526133
531357096
976233888
387124078
387124078
705466440
234712751
837547854
545144505
976233888
747527342
747527342
54280343
500000148
866389405
556261915
79764711
79764711
79764711
302219483
259353172
976233888
409899979
13892982
706128756
497723350
887526133
530427844
583336394
234712751
500000148
864525546
374233971
503344984
91546568
577665215
577665215
278604309
234712751
550733366
894128769
336685531
575304436
583336394
692700027
976233888
575304436
946999352
735833905
734784730
575304436
926832454
575304436
166452504
976582187
166452504
776535746
583336394
190891534
976233888
255072304
881364620
662684288
21804610
956284725
921059812
583336394
107054822
107054822
74106579
471865970
204392461
705466440
204809705
206893881
500000148
242513756
887526133
242513756
705466440
540429554
540429554
255072304
540429554
540429554
540429554
791125713
853917964
321706844
204809705
628539065
653056480
258925396
441224429
255072304
66975977
43378182
887526133
491564656
500000148
887526133
705466440
305525300
305525300
204809705
305525300
705466440
305525300
204809705
21804610
305525300
901138669
901138669
421314444
172403210
976233888
500000148
878038004
878038004
261429294
955858980
287894328
426834158
261429294
261429294
583336394
58256886
629362232
148816531
605687560
331845098
238808577
571875315
85379239
791836156
584706674
166417580
35127909
584706674
584706674
325071883
760602959
760602959
760602959
58256886
97068676
955858980
583336394
605687560
392288401
583336394
159383377
605687560
976233888
500000148
515214425
586562479
988825812
915470979
850727977
58256886
515214425
860640977
536853331
791836156
119582115
246629156
10978282
425919802
674415190
583336394
528820280
528820280
14018995
671411487
434487880
671411487
238808577
853390873
331845098
850727977
130668139
130668139
671411487
976233888
458605498
458605498
331845098
913154082
913154082
913154082
419374241
572070221
419374241
583336394
419374241
707282160
238808577
976233888
985675391
121098909
27489313
583336394
91656679
91656679
741233217
583336394
122934924
238808577
225435331
11471296
225435331
81281059
414901770
414901770
501800641
791836156
462533140
580653793
580653793
295932267
295932267
583336394
583336394
891548494
891548494
331845098
238808577
331845098
639169321
453738963
976233888
453738963
105356732
169020071
791836156
484960771
238808577
169020071
238808577
801440579
801440579
66747277
500000148
279258072
942064106
942064106
610473422
422901153
527062769
527062769
610473422
120700420
385854716
392615967
500000148
676448055
169020071
168509093
168509093
168509093
169020071
540721532
540721532
27489313
850727977
540721532
540721532
500000148
551616882
551616882
223044870
410058293
410058293
324044655
499331715
499331715
735800729
976233888
976233888
583336394
175924656
131098140
131098140
791836156
795324657
52898431
450346822
770747537
976233888
955858980
448013454
500000148
448013454
341140208
500107435
80190449
955858980
733888
959245632
959245632
27489313
910561590
34296467
409116347
906616308
169020071
886467275
441016032
331845098
238808577
887219074
616368939
951304519
500000148
327061220
27489313
127732651
169020071
981613065
92655269
93078229
547625610
765263508
765263508
765263508
976233888
724961313
761875548
547625610
286467560
286467560
874704467
214408411
583336394
27489313
414968574
205800191
554831281
688268836
331845098
238808577
554770254
976233888
955858980
148953727
406806925
955858980
696144855
820273065
953423600
791836156
139900104
595629038
850727977
976233888
246559299
27489313
762550605
762550605
413637290
238808577
238808577
674379581
233636695
233636695
862086119
233636695
238808577
196742616
976233888
722321094
791836156
238808577
331845098
850727977
999955181
722321094
561188654
976233888
561188654
561188654
772960322
3863998
720044297
720044297
720044297
378148988
720044297
331845098
976233888
955858980
678830327
726151297
726151297
500000148
858333601
119432655
330258104
330258104
955858980
487659400
133621390
133621390
133621390
955858980
947928604
791836156
559385300
669176232
855429364
586355864
855429364
976233888
850727977
114426806
114426806
59202855
955858980
965500295
487659400
682577640
848251166
791836156
955858980
242519071
955858980
850727977
313587215
487659400
631090040
930823539
500000148
726151297
238808577
253971502
253971502
487659400
850727977
791836156
791836156
791836156
583336394
764105039
764105039
764105039
764105039
764105039
726151297
5774793
791836156
791836156
257714164
575260312
575260312
726101507
726151297
726151297
408432343
726101507
726101507
583336394
791836156
228839468
228839468
238808577
850727977
89806658
955858980
20394747
726151297
331845098
542276366
542276366
686251085
500000148
327254562
112917925
721629629
721629629
5272723
5272723
245982033
717593153
874060925
786828467
235507305
579926971
596712228
579926971
596712228
391721142
500000148
242031293
67262396
806789000
331845098
806789000
421409277
976233888
596170646
496310753
523000797
523000797
421409277
987609081
523000797
523000797
523000797
523000797
429646277
989944845
989944845
583336394
989944845
500000148
277000232
277000232
536706899
642276595
582152852
83259246
429646277
582152852
331845098
791836156
571461333
5272723
524194919
850727977
671584236
755393212
511454794
500000148
786828467
538989639
365457773
588156607
625167343
625167343
625167343
292252416
292252416
500000148
452953890
452953890
884040657
922710616
791836156
583336394
292902944
884040657
278194971
796938384
510548199
850727977
422128157
702796219
422128157
422128157
976233888
191120071
191120071
583336394
191120071
580575110
580575110
580575110
541235938
541235938
541235938
331845098
681047258
441335781
238808577
181393301
796938384
868136388
193823051
694781737
583336394
673633208
791836156
583336394
593024850
876042266
601558562
933094097
500000148
30913917
394705550
850727977
394705550
394705550
593024850
976233888
238808577
500000148
844195206
767067001
894747981
987061985
102596216
331845098
236968047
116463877
310903056
971781687
971781687
971781687
971781687
269896164
269896164
878996733
236968047
949461276
519145718
238808577
285262347
690340268
84165115
84165115
84165115
84165115
84165115
84165115
500000148
238808577
570662119
285262347
959761452
742829938
460278326
126995611
232900636
658822429
314233418
949461276
793833463
179682699
179682699
564597140
324781246
949461276
788673015
232797939
68278182
789931415
231414837
238808577
407011105
899663572
500000148
896425996
452913433
941622106
941622106
845666925
108197551
720525907
861495963
791836156
37376486
104814325
976233888
252455885
108197551
285262347
285262347
217663690
614428897
976233888
583336394
460376514
570662119
177383117
460376514
460376514
219776895
570662119
570662119
407044405
694053317
694053317
694053317
886233129
608435384
219776895
219776895
492405564
238808577
570662119
507691184
507691184
930252275
930252275
969612408
422409235
762596441
783064337
219776895
491713227
691431701
349607862
976233888
583336394
503633075
324781246
110081675
957271363
311110955
210130190
210130190
691431701
210130190
976233888
311110955
266027164
964275868
964275868
723724731
723724731
311110955
570662119
10211756
299539378
389487235
374667139
374667139
374667139
62263470
299539378
281797105
333998350
219776895
187454286
324781246
995408359
976233888
187454286
995408359
299539378
583336394
614869503
614869503
583336394
583336394
571421955
620626644
576093499
324781246
705259586
705259586
188552144
188552144
126003626
976233888
126003626
5713050
913685050
238808577
605146973
394672525
249681066
473716380
238808577
570662119
249681066
394640995
848696230
166325226
770344736
187436079
691431701
583336394
324781246
974037746
974037746
179712103
324781246
815722460
492971077
398454664
691431701
617328796
855544146
855544146
855544146
310954214
282780764
282780764
493402622
582716709
835343048
405465894
710488132
710488132
238808577
710488132
409846932
106430552
106430552
728313374
845684629
728313374
845684629
85491949
976233888
738754345
635048407
500000148
224646871
163713607
437992986
437992986
845684629
500000148
410395981
583336394
129430191
129430191
791836156
500000148
57162039
324781246
481742892
317949388
317949388
317949388
583336394
323765847
791836156
587284053
739183972
739183972
979512873
225513040
976233888
970646241
237173501
570839742
123821223
25951915
203044828
203044828
263681512
203044828
976233888
570662119
203044828
203044828
238808577
631934340
965091376
500000148
570662119
577736620
241068366
560143327
608460558
324781246
500000148
337807721
976233888
181617445
388739593
388739593
63913247
730420363
976233888
481702350
891702767
366535585
366535585
560143327
560143327
441128823
238808577
598605563
706503300
976233888
976233888
500000148
970646241
122035479
122035479
122035479
798776305
518067506
324781246
421289245
970646241
322399195
322399195
322399195
59046284
992085104
59046284
560143327
500000148
17268279
298118451
298118451
298118451
810861694
298118451
500000148
454870746
447478079
197071539
454870746
454870746
414439309
992085104
414439309
291077671
683832109
500000148
976233888
560742039
560742039
560742039
683962860
683962860
583336394
765725602
729452623
729452623
469761483
599788904
547969915
547969915
350630602
791836156
449004256
237437264
238808577
791836156
237437264
976233888
500000148
467453985
238808577
449004256
467453985
381009182
239125231
259789488
259789488
259789488
791836156
801040367
861137713
861133798
447567075
861133798
557216358
569333123
273252111
248392902
733244512
86689884
785687631
970646241
574009279
574009279
574009279
152138283
152138283
230451060
238808577
639661600
583336394
970646241
666178881
540711623
281498399
976233888
649249437
649249437
570662119
545594468
500000148
72904157
324781246
791836156
560143327
639661600
903029248
765033023
765033023
710493562
873206486
496363216
496363216
970646241
873206486
534870296
534870296
570662119
534870296
377587293
377587293
377587293
238808577
583336394
873206486
876519087
185156234
441458486
570662119
873206486
873206486
570662119
151845550
935102142
980502288
238808577
324781246
765579237
765579237
238808577
324781246
293979736
630870968
293979736
560565557
232205656
324781246
55159315
500000148
976233888
33977302
976233888
834062385
577259875
577259875
577259875
818263833
976233888
692131349
692131349
692131349
918245760
675316189
976233888
289345454
271324430
271324430
405928912
271324430
434953037
791836156
324781246
500000148
818263833
733378251
162532599
818263833
299992525
803119299
407420699
791836156
496506028
496506028
496506028
496506028
262439856
976233888
818263833
239207710
238808577
557617543
761859918
761859918
572754352
235442280
574811845
574811845
570662119
570662119
545852581
545852581
545852581
545852581
461528070
583336394
298431154
583336394
818263833
192636628
851381426
307027651
192636628
648754120
924694506
924694506
924694506
583336394
642453139
274242963
274242963
274242963
759128479
238808577
274242963
274242963
274242963
117060486
117060486
500000148
117060486
570662119
433531945
976233888
476597129
410678291
238808577
558935185
731858283
653913390
481743624
617866543
935667617
66382896
125203611
245795499
412064552
935667617
570662119
976233888
951505646
500000148
359088943
385790426
385790426
236046382
322648451
976233888
455892901
335302480
324781246
406417708
18871734
417223796
171385351
171385351
791836156
148457537
148457537
293267264
307761422
66382896
246563453
583547942
964032365
320014110
92569435
283346924
524477502
646096001
524477502
570662119
751153843
496741480
426166291
426166291
570662119
238808577
467928661
59563999
928483133
583336394
928483133
928483133
332427322
474944343
474944343
791836156
500000148
500000148
791836156
964032365
752877827
661804459
570662119
759736648
791836156
729962394
250136501
909977859
402584192
402584192
402584192
819211303
570662119
238413833
597063123
597063123
532362766
532362766
922623754
71702741
583336394
500000148
66382896
662786318
819422524
618580398
618580398
819422524
500000148
318461805
619731210
148074538
476032369
476032369
32546367
952582228
78064401
966818097
966818097
80054147
759066513
759066513
66382896
792560003
320014110
480462899
914516069
500000148
734472138
480462899
66382896
605894628
452579850
500000148
324781246
976233888
351590658
66382896
583336394
351590658
66382896
952606967
723564732
483586456
487133623
487133623
320014110
432050054
339799565
339799565
339799565
339799565
324781246
976233888
190547042
570662119
190547042
190547042
320014110
730528026
730528026
730528026
110580589
877719703
872104954
201002904
872104954
570662119
324781246
574474661
560161072
560161072
791836156
976233888
500000148
560161072
480462899
759793578
614762329
320462306
570662119
570662119
791836156
791836156
500000148
353173012
269818297
238808577
269818297
269818297
269818297
269818297
269818297
583336394
269818297
269818297
791836156
846403935
894010806
926811628
926811628
926811628
926811628
324781246
500000148
898983429
118542999
997062993
997062993
343924865
718789560
427474033
952582228
278491625
320014110
118542999
928463549
500000148
474756227
570662119
294403651
507214412
791836156
507214412
707459315
507214412
914118211
570662119
238808577
103107659
442160531
261902589
13585722
261902589
952705257
238808577
850577071
266912127
791836156
17693475
470084559
693182706
596983447
596983447
238808577
505769124
596983447
500000148
238808577
166066083
238808577
166066083
324781246
818468790
746131389
787763554
554110429
570662119
320014110
66382896
123959745
101101512
101101512
500000148
554110429
101101512
500000148
56844437
583336394
238808577
51549967
51549967
66382896
791836156
796264786
796264786
897932409
66382896
207554397
207554397
791836156
791836156
207554397
912086458
428314726
320014110
500000148
320014110
810770891
448846735
448846735
800467054
613219157
666673900
579722622
532585355
532585355
613219157
666673900
666673900
96665036
100002899
527030453
922769749
800467054
983715957
604713686
647575105
96665036
163383356
500000148
532585355
90598582
449003693
238808577
238808577
750157070
238808577
800467054
351262806
583390589
298991008
232061404
818535866
238808577
906356845
906356845
676790730
832083392
640056880
583336394
209996539
633802138
50816361
361244103
238808577
986754049
862295119
278312586
278312586
616245627
500000148
490528781
238808577
800467054
188091854
188091854
699969187
56712475
997964205
96665036
934473819
724131670
882518394
417415943
238808577
800467054
866243367
828181800
96665036
37571354
37571354
350385975
37571354
583336394
436961829
214179219
832083392
436961829
681295435
768054852
516753786
830121920
346681188
832083392
206991072
362591444
790719919
828523367
492451333
206991072
97749414
790719919
976233888
591601745
96665036
915796252
492451333
206991072
11258218
11258218
11258218
11258218
96665036
247325700
877064120
832083392
97749414
97749414
223227480
223227480
286796764
735860278
222841253
350385975
631940366
222841253
145248192
145248192
97749414
774172952
743137431
451013868
24719352
238808577
512609205
756451140
395802232
560575964
832083392
350385975
500000148
375068795
375068795
976233888
375068795
583336394
375068795
56089780
56089780
790719919
500000148
238808577
832083392
735510832
569613639
568621580
350385975
629962947
832083392
832083392
350385975
97749414
981921579
583336394
769905859
583336394
562489049
436961829
97749414
132535554
437853752
976233888
97749414
96665036
583336394
407974974
615491953
475176922
583336394
207696194
207696194
573826981
173332943
311290332
810472263
97749414
601097275
601097275
311290332
601097275
492044708
492044708
492044708
238808577
681181445
388069851
976233888
588390939
588390939
588390939
388069851
750980510
97749414
96665036
311290332
558092979
832083392
655369541
311290332
96665036
655369541
831923982
831923982
97749414
238808577
832083392
583336394
97749414
845860199
501928720
951544787
97749414
870421547
344775755
344775755
436961829
583336394
564986512
976233888
564986512
564986512
564986512
564986512
564986512
564986512
500000148
436961829
466228468
570668011
570668011
583336394
356339275
311290332
832083392
416160255
146092300
146092300
146092300
851876763
96665036
146092300
96665036
148323507
596999504
569613639
860718709
584480122
432298589
432298589
311290332
662262546
662262546
456868265
976233888
584480122
423920759
423920759
423920759
340943551
583336394
710076236
58967680
584480122
584480122
569613639
583336394
415308242
329199519
569613639
459723752
584480122
453773862
847565840
772272103
270045892
280530347
316528337
316528337
976233888
456952996
569613639
456952996
456952996
456952996
976233888
586094239
115222855
141135903
743364598
952744473
896638813
896638813
896638813
33726300
31559774
33726300
411180687
233150279
500000148
161198259
617104162
857515836
241219180
900763158
976233888
97749414
900763158
900763158
500000148
327412673
327412673
792502857
28158153
569613639
391239694
995595568
995595568
832083392
857786998
460267263
161198259
156123472
182830154
610360195
1794185
464324602
569613639
48182444
48182444
436961829
48182444
48182444
48182444
96665036
292433298
976233888
156411350
832083392
11352501
942213197
156411350
156411350
435707175
435707175
801952342
238808577
96665036
101080150
82700183
101080150
18763601
792502857
370531330
370531330
436961829
156411350
371912094
371912094
371912094
371912094
792502857
569613639
613369339
613369339
87521973
569613639
836769777
569613639
596099167
596099167
596099167
471016395
471016395
471016395
553343446
156411350
478755566
82716208
70497782
908406642
96665036
70497782
70497782
378076614
96665036
832083392
569613639
733925839
733925839
733925839
733925839
733925839
832083392
437026052
665391854
96665036
375385865
260930170
850845348
850845348
436961829
616808801
222785667
97749414
320776743
320776743
320776743
717501832
717501832
2883628
717501832
583336394
222785667
293361481
293361481
313617044
313617044
500000148
398505508
583336394
569613639
976233888
113131920
832083392
96665036
97749414
375941731
583336394
384998468
713648109
96665036
592683745
592683745
573002022
437026052
776987555
500000148
583336394
828181534
291944620
238808577
842119271
757909412
757909412
757909412
757909412
97749414
542656107
275693780
238808577
275693780
774567542
89519024
997256118
998414692
542656107
774567542
774567542
389901901
915377841
97749414
183409377
274122540
274122540
998414692
274122540
274122540
111948178
774567542
637685124
340042794
998414692
980529457
997256118
500000148
751411175
542656107
675946995
675946995
567859285
9354330
774567542
542656107
9354330
9354330
9354330
9354330
9354330
38052760
144338415
144338415
997256118
976233888
788844790
542656107
774567542
546860030
627052838
627052838
97749414
627052838
183964721
567859285
175600919
513404733
141782081
916437821
586997553
232791551
962593017
865749633
238808577
233507850
338405900
204197642
204197642
832083392
204197642
868320404
238808577
637414920
500000148
637414920
542656107
652953320
567859285
774567542
97749414
694421246
672818640
111948178
460930313
460930313
364102634
774567542
720032453
111948178
359328905
359328905
872383277
931071204
557369571
542259551
780683206
557369571
976233888
952655020
952655020
730270600
745964919
557369571
297584332
624521007
64402150
142802224
292010290
292010290
515093092
292010290
515093092
730032687
557369571
730032687
233813640
233813640
984276992
487571718
23689714
583336394
698107067
703494074
568095483
749595070
568095483
836969879
749595070
749595070
768248444
568095483
347343688
583336394
792438716
347343688
792438716
836969879
624521007
792438716
564107033
239149757
515093092
568095483
239149757
239149757
655466847
557369571
666494816
568095483
624521007
666494816
666494816
960955035
704563355
557369571
163715125
624521007
208662160
487571718
564107033
208662160
583336394
564107033
305222075
553185131
417058069
583336394
201418233
201418233
583336394
779942282
976233888
664609242
664609242
664609242
779942282
634885666
972885380
550972562
550972562
487571718
796342006
564107033
972196576
323138131
323138131
634885666
347343688
515093092
624521007
961914512
961914512
634885666
68116310
22825544
22825544
403947311
487571718
251887430
185538714
185538714
583336394
651117928
487571718
583336394
102880105
564107033
347343688
333347679
441975958
441975958
921579585
557369571
500000148
593517792
862343828
593517792
347343688
561020202
586158667
552487645
586158667
671503832
21773224
187548800
3692245
751945454
751945454
751945454
557369571
92164580
634885666
624521007
876749671
71629466
105217833
105217833
500000148
572397647
122041056
577551779
542158630
542158630
976233888
269480283
871367709
269480283
564107033
269480283
531603867
531603867
631303951
631303951
731656695
487571718
731656695
833864876
925665483
384203567
763066521
384203567
634885666
921885820
583336394
755060481
755060481
557369571
755060481
755060481
755060481
755060481
824096200
43804520
862521468
862521468
847914404
500000148
482589866
487571718
95444772
135476384
567263336
954655017
564107033
500000148
500000148
213193150
213193150
624521007
500000148
961276595
823767473
893535438
306959282
306959282
550539547
567263336
29926041
29926041
772698129
500000148
690589666
624521007
487571718
790981780
538464728
634885666
727104995
487571718
727104995
179808926
662925709
634885666
976233888
450539883
583336394
2168030
850663353
624521007
391120260
391120260
825201929
825201929
500000148
487571718
500000148
223670092
223670092
634885666
492282889
976233888
634885666
346987749
748249543
570907265
639983685
347343688
265886580
634885666
624521007
897255687
751128775
332383210
976233888
557369571
413704820
234087896
234087896
564107033
810685231
624521007
413704820
532357171
500000148
904289589
962141272
962141272
86936696
897255687
86936696
86936696
355750480
355750480
457590682
640767837
640767837
640767837
877426414
851608203
564107033
380665613
624721768
986572356
986572356
564107033
557369571
986572356
487571718
986572356
192991543
192991543
63808644
821112087
634885666
186442436
380060649
15159366
612787675
832849131
404683972
777604253
3471196
481625239
481625239
542096659
481625239
481625239
487571718
481625239
481625239
907359346
312681382
312681382
564107033
930269698
930269698
930269698
209373091
209373091
681688566
557369571
943518513
347343688
109646685
624521007
109646685
109646685
532022120
380665613
532022120
561768850
487571718
561768850
179015639
347343688
179015639
179015639
380665613
179015639
490669452
634885666
491383930
500000148
528709672
461853617
976233888
624521007
282961062
487571718
634885666
487571718
282961062
409092581
583336394
439854526
302338953
268933080
347343688
583336394
564107033
547611310
500000148
624521007
7818977
957593846
981602689
725011329
564107033
110669257
557369571
110669257
68753743
294358298
249956765
564107033
954828782
500000148
281754208
907962461
907962461
487571718
382129526
947306675
377493440
605831759
605831759
605831759
605831759
605831759
564107033
557369571
605831759
83126960
634885666
697788992
700461469
700461469
489854888
489854888
487571718
583336394
487571718
701371337
701371337
583336394
487571718
982912095
982912095
982912095
487571718
960733678
281754208
396956267
110967165
110967165
110967165
583336394
382490259
61280822
558312019
500000148
557369571
347343688
534929329
372665392
131305140
557369571
978251430
978251430
583336394
960733678
557369571
750780809
938128518
557369571
938128518
858779630
858779630
257572020
257572020
257572020
624521007
718623712
583336394
624521007
936685100
413443976
413443976
350454486
350454486
376196735
350454486
350454486
350454486
500000148
504771332
557369571
388413919
504771332
464627716
464627716
500000148
565173884
409792698
172881594
576082549
576082549
564107033
957619244
557369571
500000148
957619244
957619244
479383751
479383751
479383751
960733678
564107033
347343688
624521007
399849486
634885666
347652786
740218880
557369571
357943665
71447326
960733678
500000148
583336394
197496114
347343688
710019967
634885666
710019967
748081948
629122554
629122554
30870599
30870599
583336394
30870599
564107033
510103483
513652168
583336394
487571718
624521007
759007805
557369571
347343688
487571718
69413383
487571718
41031056
969882305
396659081
583336394
476103624
720106691
720106691
720106691
720106691
905495739
281705385
281705385
722696147
437170781
722696147
722696147
722696147
463050045
976233888
60472397
60472397
564107033
435211679
583336394
500000148
780134859
274247496
551491936
732186684
620531668
500000148
780134859
780134859
631678031
976233888
625933866
409585001
409585001
498980329
583336394
498980329
480909444
976233888
840339646
225359027
103884864
557369571
976233888
611883695
296243373
314535783
314535783
622059410
79478581
840339646
976233888
347343688
232234606
222243840
222243840
222243840
764041217
583336394
979050259
291238694
291238694
557369571
518430592
531386142
79170806
79170806
79170806
496270941
770249720
794984314
583336394
119872273
119872273
788251046
62504463
468255179
283912960
283912960
283912960
63146853
624521007
347343688
63146853
624521007
564107033
233996896
233996896
347343688
564107033
739703432
26534388
26534388
26534388
624521007
976233888
557369571
468255179
991768151
991768151
583336394
57417390
799468090
518430592
627093289
824955616
646528630
988539557
624521007
466286809
466286809
564107033
286324952
394042551
394042551
394042551
394042551
371343029
361300797
361300797
221276833
361300797
976233888
554520929
917156903
551706718
917156903
917156903
917156903
564107033
917156903
286324952
286324952
286324952
917156903
309821665
583336394
167667649
371343029
511810595
511810595
624521007
371343029
444222772
444222772
739703432
976813155
976813155
976233888
711566740
711566740
711566740
990319171
624521007
806452435
108467664
806452435
806452435
500000148
871576890
994162349
739703432
919740362
994162349
911265876
911265876
171293167
139863260
624521007
624521007
437090019
770173960
770173960
371289207
6945951
347343688
287190608
287190608
708715774
708715774
205283200
205283200
707544377
210072179
594101915
583336394
378824084
610002697
763976881
743276808
500000148
624521007
303097054
624521007
785329966
687565933
557369571
296815337
225010115
610002697
610002697
956216996
714068221
583336394
956216996
642418272
976233888
583336394
542962161
542962161
895140496
900196778
900196778
900196778
900196778
255018568
189853285
500000148
107855379
373795738
978650796
170537261
875868807
875868807
976233888
557369571
535362235
500000148
899758991
899758991
425549432
703374631
500000148
645750107
557369571
976233888
624521007
564107033
622884402
624521007
225010115
378943833
225010115
564107033
904940743
557369571
39657690
786060593
786060593
814438739
564107033
904940743
390329591
564107033
765589522
71741784
751131152
978650796
666883828
500000148
564107033
666883828
555017859
555017859
110536557
778311297
655938449
191706023
904940743
564107033
500000148
946065156
564107033
366531989
999556795
225010115
999556795
999556795
870000320
624521007
583336394
861576575
861576575
861576575
366531989
628787939
423417450
284851900
535362235
284851900
564107033
920701588
152503288
624521007
920701588
920701588
583336394
978650796
903546062
337122549
978650796
903546062
903546062
859927853
978650796
75252460
766946589
131433526
396086160
396086160
131433526
978650796
396086160
747237736
747237736
500000148
402570460
583336394
477861311
981993077
671575358
624521007
82928827
82928827
225010115
33310151
40134187
978650796
761736796
311530439
311530439
311530439
137078360
137078360
155971939
491825382
199007216
804970891
978650796
804970891
152503288
804970891
773666940
718111154
718111154
500000148
875318361
875318361
998634439
998634439
624521007
796213486
225010115
464826920
557369571
390844069
464826920
624521007
464826920
696369517
696369517
500000148
41241184
500000148
152503288
951932948
693608694
978650796
570180216
731961793
731961793
350792166
350792166
168919777
946375868
583336394
884598998
884598998
136698886
530439445
49920485
49920485
144796907
57632633
112800910
112800910
977844181
977844181
270788783
764444614
537066042
537066042
537066042
537066042
537066042
583336394
537066042
537066042
342589573
904887286
295946912
225010115
295946912
115199290
376931082
376931082
376931082
535362235
976233888
791628642
376931082
152503288
14827348
239938651
898964355
381743530
381743530
932730039
932730039
932730039
932730039
583336394
932730039
535362235
132659187
600544339
225010115
269905937
269905937
225010115
564107033
635079981
624521007
199595439
208270543
583336394
962737550
225010115
516349215
564107033
624521007
679239329
583336394
679239329
428931331
428931331
428931331
564107033
768611381
583336394
718170894
500000148
535362235
624521007
564650919
979552581
225010115
81501176
81501176
81501176
199595439
913190526
95539145
613047387
613047387
409488310
409488310
380362004
976233888
624521007
743921850
152503288
298022501
743921850
976233888
583336394
372974806
199595439
500000148
225010115
30013945
425399750
199595439
557369571
613038339
613038339
613038339
500000148
500000148
613038339
535362235
771979066
583336394
993647719
564107033
225010115
220640838
248466764
199595439
225010115
328396089
874629929
618369419
500000148
633705757
633705757
987692777
199595439
377947224
659397043
370716298
971161965
971161965
203704309
583336394
288424140
405031616
587471522
583336394
587471522
63687401
500000148
509679700
152503288
509679700
509679700
509679700
564107033
355890263
383394849
741155348
451991369
383394849
557369571
451991369
950480291
304075428
705446727
108853156
161304121
667888645
583336394
211248183
380121394
514593866
514593866
514593866
794066531
225010115
522215467
577239736
975454723
975454723
676559336
624521007
583336394
605785617
605785617
605785617
605785617
605785617
605785617
152503288
156268119
156268119
557369571
500000148
643300024
166931495
152503288
516062942
696674591
557369571
624521007
876932751
288424140
288424140
133048528
976233888
729639542
624521007
297425188
451991369
583336394
451991369
225010115
46498332
152503288
942709971
46498332
46498332
46498332
825042809
441944429
557369571
557369571
965864429
965864429
965864429
127887893
564107033
564107033
569382680
564107033
569382680
569382680
688409808
451991369
688409808
451991369
624521007
569382680
569382680
761589262
761589262
302401819
429840103
309490270
435339969
288424140
858286381
174915977
923524352
923524352
492372
624521007
528474307
655916632
655916632
802403798
583336394
915145212
557369571
640710852
281896946
909797747
370739302
12830463
12830463
686194889
390193445
848591782
891896791
419742617
419742617
478766247
992268685
478766247
605999271
605999271
723467411
339896156
225010115
836254684
587381778
500000148
143609492
583336394
853726667
853726667
152503288
907185197
931015377
500000148
152503288
906763322
407482801
360236973
471200650
368113910
429479684
281896946
429479684
152622002
152622002
152622002
505941063
505941063
505941063
89770995
152503288
96484377
515811985
515811985
235997580
90287115
489978013
489978013
843769911
976233888
274596227
564107033
365179906
365179906
346898530
152503288
225010115
152503288
137222472
121316842
121316842
770530591
553551100
553551100
553551100
553551100
999506298
553551100
553551100
137222472
557369571
976233888
843769911
624521007
715671943
349511886
980708601
500000148
344013331
344013331
585030610
585030610
121316842
517071203
517071203
650592097
137222472
964748012
225010115
964748012
964748012
816209051
816209051
816209051
816209051
929301803
152285143
976233888
437033985
437033985
976233888
136024792
554524131
256854645
256854645
657001165
657001165
564107033
500000148
994467284
715476756
137222472
190149868
564107033
711214137
805625213
254167748
992471110
992471110
900224191
152668136
152503288
152668136
225010115
500000148
286274555
624521007
358103326
624521007
797071996
286274555
843769911
286274555
797071996
797071996
674892470
564107033
359213988
359213988
286274555
48421299
624085933
843769911
388605327
388605327
976233888
557369571
940268927
989008707
122877367
903621184
45931127
135340474
314816998
994706904
314816998
38924117
38924117
583336394
38924117
38924117
38924117
38924117
245853832
225010115
479728487
479728487
564107033
843769911
182255940
564107033
557369571
225010115
367958332
367958332
367958332
339862717
601172100
601172100
624521007
500000148
290387906
583336394
866126645
857075131
976233888
857075131
268447979
857075131
857075131
857075131
268447979
126402964
991639732
400954506
400954506
400954506
400954506
302419439
302419439
515685060
515685060
159199930
665133184
881264693
881264693
152503288
133919758
468834274
468834274
564107033
468834274
468834274
902015474
422775090
609320558
583336394
609320558
817281782
526891037
902015474
440374508
169106867
264776526
709897838
709897838
264776526
709897838
842991420
564107033
428574438
557369571
241788769
3162637
564107033
159199930
225010115
241788769
606232065
874011756
986730607
986730607
583336394
98605759
241788769
135591333
159199930
782559997
782559997
792482945
500000148
792482945
152503288
93292145
152503288
241788769
159199930
557369571
557369571
876618010
148773469
159199930
785932682
976233888
557369571
976233888
710420389
624521007
981216457
981216457
564107033
981216457
500000148
976233888
981216457
22625441
968650435
762045962
757324637
443283217
443283217
663198704
978513221
37499863
583336394
253522814
711528183
500000148
757324637
692962514
757324637
692962514
534477355
564107033
534477355
534477355
564107033
152503288
976233888
808613403
493197193
184900215
608553063
184900215
21630072
184900215
500000148
624521007
296431470
711528183
425384954
152503288
692990724
711528183
764315681
261432834
103484678
390416324
148773469
347563551
21630072
500000148
206428879
564107033
557369571
206428879
624521007
583336394
206428879
124805999
297042036
297042036
261432834
152503288
225010115
564107033
530411303
225010115
334111965
778548290
583336394
835583039
835583039
835583039
835583039
210597131
976233888
351821310
694815813
56494118
694815813
237586600
310420587
237586600
237586600
808408875
808408875
115528635
435415918
152503288
583336394
435415918
435415918
435415918
557369571
122689996
435415918
53232020
124497266
500000148
384072926
818438901
353903317
286791240
951255572
572324983
572324983
583336394
483436564
310420587
408740029
408740029
564107033
34954586
964751773
34954586
225010115
302269126
976233888
806030696
56494118
923654043
415897568
500000148
225010115
316842565
564107033
183825413
964751773
936605886
738476164
738476164
631910247
624521007
497976881
300027943
564107033
300027943
583336394
300027943
557369571
557369571
462887034
557369571
56494118
225010115
964751773
330281517
583336394
425171627
869316009
869316009
110899172
425171627
699259396
287404480
348794180
348794180
348794180
386098770
288482194
583336394
931597234
931597234
859886024
88007379
628587184
628587184
976233888
88007379
110899172
869316009
462014404
98680489
515327963
869316009
583336394
515327963
940929515
564107033
931597234
963834244
963834244
354944079
354944079
354944079
354944079
394572175
806127995
586373914
937370560
937370560
557369571
624521007
839398052
175553223
809784734
851711244
557369571
976233888
809784734
624521007
809784734
809784734
586373914
869316009
500000148
221445827
221445827
520826050
885120759
71551434
71551434
621699644
976233888
931597234
557369571
547356626
583336394
550513184
76741802
76741802
76741802
76741802
76741802
627258636
399871181
399871181
976233888
454868961
583336394
931597234
112744698
465180214
175553223
139952053
465138291
470944075
175553223
124639117
124639117
124639117
356599819
764490487
869316009
668649916
976233888
526934513
197042508
976233888
190132830
489836001
489836001
489836001
835735091
835735091
557369571
588679769
500000148
110899172
920745291
501243503
501243503
29789514
624521007
362506433
107485809
110899172
643212359
107485809
614525742
614525742
871343913
868107621
56153401
769344162
725611301
869316009
335095981
564107033
725611301
564107033
624521007
142688216
110899172
523072226
148308186
523072226
997800927
447245383
614172700
781179515
920745291
644311273
125607894
567630887
354363359
963285942
963285942
508835080
963285942
920745291
508835080
539332286
313030656
539332286
539332286
539332286
920745291
242957464
616035368
34566223
34566223
34566223
496951337
279735698
414668611
589224388
414668611
414668611
778575236
309988391
765779240
623839766
583336394
964780405
623839766
623839766
595227890
140005620
301645888
296636404
138179124
425331546
425331546
240627187
86399988
324498257
589224388
770009957
485635529
65687898
176318996
543643405
901558309
176318996
609810158
500000148
249578595
485635529
792205021
792205021
666193251
964780405
316748414
249955591
249578595
500000148
609810158
920078572
920078572
475499146
589224388
138179124
475499146
224930617
506288909
506288909
506288909
395170280
543643405
899846179
252129849
945717798
945717798
89736835
543643405
89736835
455235159
536250330
589224388
468306671
583336394
639978772
500000148
349939803
976233888
349939803
577714000
424495604
430761500
543158461
583336394
964780405
430761500
430761500
480528641
683421461
556245158
83915537
964780405
683421461
543643405
963146874
963146874
393182002
278342307
589224388
624521007
583336394
393182002
583336394
96002694
923224850
923224850
880780112
329806613
329806613
329806613
583336394
880780112
624521007
754357383
601110360
624521007
541083229
964780405
743399389
485635529
743399389
176318996
976233888
510067950
272750557
287835081
287835081
976233888
917194166
917194166
532267661
784867888
532267661
976233888
964780405
624521007
217109773
89646696
217109773
583336394
507398988
217109773
485635529
108722428
478856030
63120889
382423158
246599909
115523097
691077546
589224388
691077546
670591867
172262478
691077546
691077546
691077546
176318996
500000148
172262478
670591867
85822243
159780630
589224388
589224388
885165768
885165768
670591867
282337087
336099093
428517166
976233888
500000148
157761309
284351471
583336394
869503123
161456366
161456366
470692264
470692264
378873827
773214924
212800399
475744166
459993060
459993060
459993060
583336394
792678732
670591867
176318996
500000148
843429170
843429170
624521007
84877160
843429170
843429170
500000148
299804144
539332423
916797850
969886667
968063666
969886667
922514812
922514812
132255721
355231059
176318996
922514812
132255721
884406234
517664386
76047362
589224388
583336394
692371909
355231059
318543327
176318996
670591867
746763595
947656665
947656665
176318996
670591867
947656665
499233610
386676863
583336394
500000148
195772562
500000148
861608888
861608888
485635767
291772114
911927336
350254278
911927336
583336394
42662062
807785583
822008458
822008458
589224388
624521007
355231059
534477580
534477580
52462444
186353946
52462444
115494445
23360753
976233888
811569544
520350789
520350789
520350789
338330005
275588377
115494445
590063229
664291510
624521007
339038740
339038740
624521007
758363325
945084474
808229072
758363325
334413633
334413633
334413633
583336394
334413633
62339571
115494445
757466536
985833112
757466536
506347996
176318996
91625867
762912316
557637184
500000148
747769929
438256174
506347996
506347996
217878416
93523491
506564853
506564853
93523491
218500640
218500640
583336394
537267318
748574732
93523491
105314473
205218009
105314473
583336394
762912316
586982906
887012299
554793269
257074146
595010399
500000148
540630176
540630176
540630176
621647774
835492574
621647774
621647774
400281942
516185731
516185731
43516570
554277495
553647902
25086455
578159579
578159579
578159579
553647902
546485876
506347996
407754481
583336394
299884512
500000148
321291848
833163911
624521007
603024941
583336394
437184681
292230385
437184681
920450351
581759048
920450351
292230385
500000148
964149007
756303162
964149007
365548363
887012299
500000148
904787020
506347996
976233888
904787020
904787020
465270034
176318996
197248245
776493964
197248245
197248245
37690096
324458314
944870313
176318996
434240893
500000148
997265650
758363325
757071083
506347996
377840754
377840754
377840754
848120950
444851681
583336394
500000148
500000148
176318996
887012299
754140984
583336394
762912316
762912316
227173641
506347996
227173641
506347996
227173641
743079963
302648062
735869266
302648062
838922855
887012299
338715767
304975777
624521007
976233888
292648297
159704309
137008506
887012299
624521007
601711088
992352844
762912316
762912316
976233888
72112957
627976160
627976160
310487862
401090448
583336394
78120817
78120817
78120817
78120817
167062415
887715807
355563780
355563780
355563780
355563780
176318996
401090448
289267027
500000148
601711088
793794503
401090448
401090448
624521007
925543266
925543266
925543266
925543266
925543266
596510933
789215982
396708064
75821965
802846615
39783313
883558449
472898168
445949468
445949468
445949468
976233888
401090448
775704325
775704325
976233888
576883352
576883352
75821965
583336394
658756348
658756348
398593987
117176130
722092746
525240168
307523477
798467620
807487862
451746347
622014695
622014695
859286509
277416519
819373933
471335532
377484971
471335532
708530264
851245911
736739679
583336394
398593987
203878737
163526744
362630484
398593987
976233888
533076564
117176130
167547081
419865246
226081340
89191261
784729998
976233888
203878737
35139153
473957751
180787820
820320012
180787820
291184435
648877642
648877642
500000148
500000148
291184435
648877642
941689066
330508323
583336394
203878737
163107312
475577145
475577145
115384253
609073173
609073173
500000148
403844437
403844437
707319998
267574651
267574651
267574651
26464820
267574651
436958878
931548289
321194010
857069944
547091411
547091411
742786930
742786930
318850246
117176130
690502313
690502313
976233888
946720584
501116692
976233888
228302253
430763398
99462174
833966146
99462174
430763398
291184435
976233888
127457360
239924683
379292822
583336394
230106654
291184435
379292822
809037844
561762151
630979790
483494747
630979790
976233888
102414705
102414705
109648097
109648097
109648097
109648097
642309999
973772818
973772818
976233888
230106654
792508810
792508810
573352271
430763398
561762151
573352271
573352271
561762151
26464820
992860936
500000148
773526241
116593082
6052069
6052069
6052069
71391887
71391887
117176130
71391887
583336394
336963969
785009710
785009710
785009710
717309349
5426120
945778021
897200270
117176130
355361761
5426120
355361761
601512238
291184435
160861839
291184435
310358740
601512238
310358740
310358740
418775315
615589412
615589412
615589412
615589412
394101200
5426120
583336394
32003993
601512238
735418455
668141389
668141389
951229447
70411093
769578987
117176130
500000148
117176130
346035975
38148564
38148564
777273845
777273845
777273845
777273845
90811110
329140729
976233888
93718449
844224899
974320392
500000148
976233888
36043781
993835134
976233888
976233888
583336394
587185844
601497720
601497720
93718449
366513462
366513462
976233888
466187379
934823741
934823741
934823741
544479804
291184435
544479804
117176130
172559219
23281056
701696948
601512238
663658149
665211063
500000148
740687308
137810177
137810177
291184435
997348554
844224899
997348554
509828886
509828886
849021766
738082508
500000148
569082029
535206203
119031985
119031985
119031985
953314309
983339789
111612217
313765341
516442228
463428569
583336394
745683684
463428569
871627474
792554500
792554500
415159173
322259213
322259213
877527273
496867466
515663648
781850703
789028958
844224899
685563662
846273259
692822094
50228159
291184435
514871204
514871204
514871204
844224899
944849085
286459624
291184435
781850703
500000148
515663648
557163687
976233888
117176130
41858253
500000148
73621181
117176130
716588649
231211521
704491349
704491349
625963455
487228970
747890788
194171123
531703459
531703459
531703459
500000148
747890788
976233888
976233888
723959388
583866110
583866110
279750235
860986331
540802087
122052705
764701379
954066880
954066880
976233888
117176130
954066880
954066880
334241992
334241992
500000148
181311362
601512238
181311362
181311362
515663648
181311362
781850703
844224899
548927163
548927163
949741798
599433701
583336394
415159173
847918265
583336394
927823823
927823823
515663648
927823823
428649723
865711239
428649723
428649723
117176130
750859198
583336394
581287413
581287413
581287413
581287413
865711239
482021040
482021040
291184435
865711239
844224899
750859198
576142810
601512238
576142810
929469665
945600152
945600152
481028635
500000148
515663648
976233888
714822208
860243723
964628821
494848780
177505492
860243723
860243723
759356896
567158796
291184435
791238306
576274899
106223699
214227973
601512238
481580494
964628821
956824672
500000148
976233888
601512238
758663650
310228440
583336394
601512238
583336394
291184435
451517842
568188064
843997789
326500561
117176130
669346774
669346774
669346774
930759611
930759611
500000148
948781878
974308895
974308895
307240750
671104902
583336394
805806779
583336394
805806779
805806779
500000148
555008727
180135699
981062216
148333568
148333568
291184435
649386686
713102518
623568438
182631104
500000148
963081055
641832448
166273578
166273578
166273578
166273578
483761137
963081055
117176130
963081055
418640266
663695114
376474849
976233888
444242845
179059792
419798922
17285170
17285170
247197488
247197488
952629228
108050965
108050965
108063926
299138210
500000148
409783600
208730552
500000148
641832448
676952087
121704196
963081055
601512238
87382300
87382300
244012503
828542116
832175053
500861710
737839760
976233888
686316908
686316908
264282685
354042276
264282685
264282685
264282685
264282685
264282685
112668517
112668517
9647917
473460883
591691318
591691318
568986152
117176130
601512238
4855815
998907830
477845163
583336394
539313206
477845163
583336394
645494526
645494526
685865990
225821791
225821791
598810402
998907830
334857848
334857848
387605132
924321628
976233888
783536547
564876533
990834076
760182157
822379867
107009700
108087498
956105467
163827232
766900704
163827232
601512238
163827232
404090115
598810402
404090115
354042276
976233888
291184435
6604493
443051689
443051689
816994174
196350680
443051689
443051689
56041490
17221199
17221199
583336394
3376570
604139423
841097289
159557619
583336394
70640420
941903293
86749250
582822820
198125972
291184435
117176130
468888041
998907830
61266869
458537800
941903293
117176130
291184435
75222479
598810402
105039663
105039663
105039663
105039663
32926929
998907830
913427615
568986152
941903293
962709390
500000148
789182438
598810402
906048432
203912539
203912539
128496899
117176130
628417352
452797479
452797479
998907830
244911621
251048151
998907830
562950497
601512238
193896012
500000148
576222120
769784123
305922186
705731646
639544408
598810402
583336394
438641817
990834076
943598785
520223287
491786952
491786952
491786952
825892189
291184435
825892189
583336394
825892189
825892189
825892189
871454276
922327535
117176130
986481558
601512238
986481558
692175314
500000148
96436779
187743615
291184435
117176130
30461812
291184435
433288571
440998143
321935554
568986152
321935554
845352309
291184435
321935554
321935554
635699482
199168785
199168785
500000148
240408839
601512238
385745135
471599687
385745135
598810402
9115927
9115927
9115927
976233888
670252785
138777700
152118630
848986379
545038733
55843503
500000148
522171119
522171119
831392798
882431909
500000148
504034165
604884397
380414837
48124822
268018814
565599109
189836165
189836165
976233888
244054144
598810402
882431909
44585748
867380024
170461592
568986152
117176130
605011988
500000148
310046162
291184435
310046162
310046162
916213970
1455456
976233888
187933284
187933284
598810402
979917286
625916662
747109968
747109968
243221567
598810402
127260799
127260799
976233888
569703175
500000148
959199045
82408328
959199045
419830590
939171817
748087843
748087843
648224663
101642635
800615805
324389085
354565993
354565993
324629959
489200341
489200341
626291425
291184435
419830590
949521228
500000148
601512238
949521228
949521228
47319432
320204185
11742961
11742961
11742961
420474696
11742961
630128253
117176130
976233888
82408328
226863791
601512238
782586319
782586319
82408328
347466940
468824945
261518020
499231382
411789281
82408328
601445962
626291425
942606947
76255688
76255688
76255688
505038541
82408328
583336394
258447723
806159491
292581212
292581212
608081091
20854950
601512238
486210825
907126970
608081091
117176130
448852660
291184435
86390822
103211985
103211985
103211985
342313448
342313448
583336394
178300082
178300082
82408328
769262862
275086839
769262862
395383553
601512238
82408328
907192114
291184435
291184435
508773706
508773706
990966597
500000148
924942049
309195385
248194894
248194894
924942049
82408328
248194894
748958865
748958865
748958865
120007055
117176130
744712338
662802322
661472045
138065173
976233888
500000148
138065173
805620082
516566415
364266848
291184435
805620082
364266848
976233888
831920440
924942049
583336394
120007055
686041160
686041160
117773792
117773792
117773792
797595960
419830590
990966597
601512238
335916305
117176130
945081752
82408328
947430986
82408328
327709
500000148
50167008
82408328
521008647
583336394
121265769
724008806
978489543
978489543
978489543
978489543
504346583
504346583
504346583
78607825
291184435
850881904
824215365
751601491
117176130
433787880
446423043
297422342
297422342
125317130
514925776
572938594
583336394
175200233
727380885
727380885
612017020
83231563
848615196
492995268
117176130
885564571
291184435
415897550
415897550
363997302
363997302
246433152
885564571
545673495
545673495
359356692
971603305
971603305
971603305
570804372
570804372
378697124
125317130
976233888
570804372
559156067
982373510
544109667
104033957
104033957
104033957
104033957
104033957
104033957
965413005
965413005
125317130
976233888
569238558
569238558
500000148
593341522
765236331
912509329
976233888
291184435
345616913
99080818
96504087
96504087
593341522
117176130
754200261
593341522
633679874
436100728
238022554
196491726
196491726
288118454
196491726
493981969
493981969
976233888
291184435
645591882
976233888
982373510
908275159
87243470
725226015
522569427
871920312
698860801
698860801
818163041
154215219
371612870
535718783
641522077
961849934
961849934
751241503
378655111
751241503
751241503
125317130
970216937
420910346
420910346
420910346
593341522
485876126
238555589
117176130
291184435
583336394
54538977
885564571
849124776
715453390
715453390
125317130
715453390
715453390
103666105
500000148
103666105
500000148
388211048
854283155
515736975
892513856
500000148
976233888
511648010
125317130
968725955
968725955
912275976
885564571
968725955
968725955
264813610
535718783
274534400
590592242
53868644
82426574
82426574
215456312
813309814
697377584
976233888
737999455
291184435
645496819
583336394
645496819
29821690
29821690
29821690
622484382
622484382
421022007
34653824
500000148
118147355
390068920
836116040
175267955
175267955
937594179
836116040
395410629
395410629
976233888
500000148
51246327
976233888
978334802
978334802
978334802
885564571
390068920
801644314
801644314
801644314
801644314
696239287
306016803
885564571
696239287
696239287
24068402
415006270
415006270
597951018
73699926
291184435
291184435
597951018
503967167
503967167
598662025
598662025
976233888
976233888
595774649
182564533
595774649
716145465
916772692
788389538
916772692
583336394
976233888
724653281
724653281
885564571
500000148
18681464
518637329
446672189
420177620
885564571
906935536
906935536
947322838
947322838
500000148
441123804
875511644
28952757
291184435
503269273
503269273
320186243
539742213
60969813
22117683
579174904
101427091
101427091
830776113
85680740
532035317
173827966
173827966
291184435
173827966
220100186
102454167
348761569
500000148
348761569
18564387
306016803
389475309
389475309
982301281
329376254
982301281
970216937
976233888
15012167
840250419
972929299
972929299
864597641
970216937
911421960
626246283
583336394
970216937
626246283
626246283
626246283
796956740
626246283
885564571
996989115
593341522
251777350
251777350
251777350
251777350
500000148
593341522
251777350
117176130
251777350
529197526
494992931
494992931
641472308
641472308
885564571
754839832
70878311
319639775
500000148
306016803
885564571
687297444
364722127
306016803
364722127
500000148
660272886
660272886
660272886
328655678
583336394
328655678
500000148
125317130
410047994
970216937
410047994
306016803
970216937
976233888
885564571
847078506
291184435
593341522
804750120
870149459
870149459
870149459
500000148
870149459
870149459
976233888
422158040
422158040
976233888
970675696
970675696
306016803
501801955
282046207
583336394
705130485
485636004
109997776
472749995
306016803
78474898
373868641
970216937
380217649
197556323
500000148
498000899
885564571
618790644
104418394
104418394
280783711
500000148
280783711
280783711
280783711
599556712
749998872
749998872
705714972
583336394
500000148
284498967
263160096
990287991
990287991
990287991
990287991
45050511
45050511
284498967
895941753
740520288
452297823
514296472
593341522
694917577
171366122
908784456
908784456
140519494
583336394
593341522
500000148
140032802
235698851
235698851
748548841
748548841
976233888
970216937
177113412
177113412
125317130
824090287
291184435
355305857
500000148
500000148
914129585
914129585
500000148
583336394
732842888
645424100
645424100
645424100
645424100
976233888
645424100
873805250
885564571
645424100
500000148
98944228
363148646
951501292
127565252
583336394
199988558
433966403
21781992
583336394
433966403
588041571
698810358
583336394
520763710
520763710
520763710
452352408
452352408
414083554
216561011
117176130
976233888
881605952
117176130
127565252
273829399
916203799
933389706
885564571
970216937
976233888
976233888
639522029
127565252
261661849
938735434
976233888
583336394
125317130
135807126
117176130
17265021
291184435
715410096
715410096
939645130
901266204
901266204
291184435
583336394
750253469
969863434
876288845
876288845
726125642
933516383
211504426
528977672
211504426
590013923
583336394
590013923
590013923
460587072
583336394
460587072
291184435
539586097
784115001
390383903
390383903
683348147
291184435
291184435
390383903
200212437
384522653
384522653
655554482
655554482
117176130
956673692
117176130
438897910
500000148
956673692
726125642
500000148
726125642
956673692
885564571
690825034
956673692
522936857
718624057
770632221
125317130
770632221
291184435
17453547
818167636
392957457
211504426
70867838
392957457
392957457
392957457
982086338
39578346
107286068
107286068
107286068
262717873
898011796
117176130
419645452
898011796
898011796
898011796
117176130
348937911
895267603
895267603
500000148
814876080
500000148
540585598
500000148
102826295
218033687
658252976
467822947
13282668
510104827
669455676
669455676
319769783
184029235
316094828
500000148
316094828
316094828
316094828
776428408
110572525
380407268
380407268
583336394
604372492
531367250
965518887
401170260
604372492
20785200
20785200
20785200
20785200
287097876
125317130
125317130
916459813
287097876
291184435
902815624
902815624
811812643
213991875
158272188
125317130
500000148
710222192
632989126
500000148
632989126
632989126
632989126
941680404
288628980
921756694
583336394
162151707
812534035
650435301
976233888
436748937
328416953
328416953
125317130
828787180
259562338
828787180
561523337
803568402
117176130
803568402
728993267
631495936
775644964
561523337
288628980
876718514
592397649
180048690
180048690
963048782
275603905
831555356
291184435
776848572
500000148
104061161
776848572
117176130
117176130
117176130
449922584
326372454
537915932
583604671
554303393
583336394
752614706
291184435
519866043
630801472
630801472
354613844
827065322
898167704
516986742
516986742
516986742
446332213
510389580
70985606
500000148
944698022
537054426
944698022
117176130
777099133
622764032
777099133
700720984
104061161
400728546
102681741
400728546
700720984
400728546
402210204
976233888
500000148
291184435
510316421
510316421
495487961
104061161
827065322
976717292
244876944
537698379
537698379
117176130
530493598
210703326
125317130
583336394
81644073
500000148
761689186
976233888
132876152
530493598
500000148
117176130
291184435
583336394
547558948
694901958
694901958
476349732
814362332
814362332
310737181
971418049
971418049
971418049
976233888
244876944
583336394
500000148
542729800
542729800
542729800
646717087
699679499
699679499
699679499
699679499
500000148
627262855
236403550
237425731
924331076
336243004
709400293
104730458
336243004
134059628
336243004
627262855
336243004
104730458
599432830
104730458
978919266
277229292
277229292
725393583
924331076
588708730
706072491
706072491
706072491
588708730
104730458
657591907
657591907
500000148
345316850
345316850
884245556
576325487
377126189
62663079
100686520
725393583
104730458
756040515
252528072
596706579
952442102
599432830
46479129
46479129
958400462
134059628
958400462
954806487
237425731
500000148
717457442
599432830
434569718
237425731
307239320
134059628
46934948
46934948
46934948
583336394
583336394
803600822
505756495
500000148
952442102
681447672
965221702
952442102
681447672
500000148
45526890
290696617
615474075
517649339
661515640
725393583
134059628
500000148
517649339
686884024
726632960
686884024
277729742
561339330
275521301
134059628
583336394
693469525
534549775
364016566
364016566
175503929
243190528
665021711
78690631
281590858
583336394
207122199
333950356
333950356
591568115
591568115
725393583
172201390
607781350
172201390
237425731
683556359
237425731
725393583
547089144
547089144
134059628
290696617
669050090
311765792
34242657
123434825
682475178
792343021
689445050
739978571
583336394
211246064
211246064
409718158
409718158
409718158
409718158
409718158
237425731
134059628
552917645
281590858
769345760
769345760
237425731
769345760
747100329
357215050
21764830
599432830
390074993
390074993
952442102
134059628
72797700
674669739
246006829
674669739
599432830
500000148
495527066
281590858
67271318
500000148
500000148
255219744
596630269
552232827
237425731
952442102
661280222
727911736
220290848
281590858
220290848
220290848
220290848
117734492
290696617
281590858
995385734
583336394
134059628
183020670
209386474
907354580
79028088
583336394
79028088
599432830
500000148
886185970
497084295
583336394
420252702
134059628
422877186
27090844
422877186
27090844
27090844
27090844
187631120
187631120
982897731
982897731
58836700
76675697
76675697
916685670
583336394
442770895
442770895
134059628
290696617
905821009
500000148
905821009
606531971
134059628
601330919
952442102
59848106
583336394
871308992
871308992
852226227
852226227
304568060
304568060
304568060
304568060
304568060
360090920
384758644
279192565
869286295
599432830
55460614
279192565
288215450
589744869
253283041
589744869
290696617
589744869
161090467
77804770
773891595
134059628
601330919
939371598
161090467
279192565
6123141
78336128
78336128
370132012
719295499
688843246
574941763
599432830
821816621
949470472
781006637
515377805
719295499
50687375
50687375
952442102
583336394
275811024
838528368
290696617
481123273
188800326
552649584
313352074
949470472
313352074
500000148
313352074
583336394
952442102
871681729
561550651
290696617
132790683
583336394
290696617
959495892
864076181
136774725
513172314
373767581
285984348
949470472
553709713
537010786
537010786
906625275
291914831
864076181
291914831
275811024
787018246
787018246
581481852
787018246
206884152
676034818
952442102
167702647
492692546
500000148
468970598
809966633
347127130
347127130
347127130
991529661
991529661
579132716
494862071
468743031
375523909
65157280
65157280
65157280
65157280
200599004
117592620
168713501
263755908
263755908
132843161
132843161
916104201
774095521
916104201
251974862
287851571
391944070
982110697
391944070
952442102
391944070
391944070
511224952
599432830
511224952
511224952
511224952
952442102
901384458
505040031
958408294
774321328
430595282
540207786
416159496
833747450
456859402
508493768
35422099
720789417
500000148
777693559
138347373
583336394
410241200
35422099
410241200
251060792
94598187
730209020
599432830
730209020
690674364
275821129
583336394
34489184
996166074
35422099
450846648
290696617
450846648
505629248
803463288
505629248
583336394
519135627
519135627
599432830
519135627
371223443
49601739
158675994
450935881
451294116
275397240
275397240
599432830
599432830
371223443
275397240
275397240
127779050
127779050
500000148
309811893
309811893
309811893
557470498
164105746
290696617
833747450
905929179
803463288
156069529
156069529
599432830
156069529
156069529
583336394
221789811
933000126
770019782
450935881
480260664
705814769
965828682
956954118
19052482
578236973
51481372
51481372
51481372
67377034
290586926
354253041
319384823
319384823
319384823
599432830
241892960
319384823
599432830
450935881
319384823
599432830
460600150
450935881
500000148
538518795
30205268
599432830
100023934
415381210
210739966
118836671
846403907
810212503
810212503
846403907
555157155
165749606
239259330
951608279
951608279
951608279
987318256
922327487
167404775
987318256
987318256
987318256
952442102
290696617
443618068
599432830
344700346
344700346
344700346
599432830
756462787
450935881
206174927
134059628
711101339
711101339
397596798
725857427
922327487
251974862
704719747
35422099
290696617
500000148
500000148
594165167
594165167
594165167
594165167
833747450
704719747
393266973
922327487
177441376
922327487
134059628
177441376
500000148
162850479
952442102
793833849
922327487
793833849
450935881
290696617
922327487
177441376
450935881
962475997
346171962
346171962
296511901
21204744
952442102
500000148
583336394
305275207
687213863
374111722
485197027
704719747
833747450
801019878
801019878
424683800
450935881
833747450
185633495
185633495
343951991
833747450
251974862
245163803
583336394
245163803
583336394
245163803
922327487
486640074
700476920
700476920
133595444
133595444
450935881
107653520
869722037
869722037
721811413
693155985
938597412
500000148
938597412
298486555
922232139
352497940
583336394
833747450
967127833
833747450
967127833
833747450
901345553
778359492
91328578
91328578
500000148
344618265
558027281
638475411
638475411
638475411
798653949
443787882
98397992
286241984
232285445
473556176
451434760
451434760
134059628
783673701
783673701
586090903
290696617
583336394
306617566
306617566
228653533
925859281
379456737
583336394
674513720
571518787
833747450
887912054
379456737
219475090
219475090
157127784
141272547
801686853
290696617
952442102
906745428
402977657
2657307
402977657
63023567
63023567
11178986
69989200
554675713
290696617
602169199
134059628
211208419
211208419
134059628
599432830
983768171
51861819
292930751
176839948
134059628
387073307
862339880
189961879
748007227
1446944
61575409
61575409
61575409
328996448
328996448
290696617
612682302
612682302
612682302
599432830
612682302
319060214
51850013
583336394
772902921
500000148
772902921
435398639
131815187
815509305
383201606
134059628
290696617
467021996
467021996
895309787
952442102
620863236
620863236
290696617
620863236
37042503
894711548
290696617
267672421
383165043
131815187
894217771
244960127
599432830
882995626
294012532
572156345
599432830
571540282
640883407
956868102
640883407
952442102
440354781
440354781
440354781
952442102
942074097
377072101
583336394
311905214
498425835
498425835
129289427
741472632
498446144
498446144
572156345
717477182
325679026
134059628
443252191
443252191
120991842
583336394
583336394
934916648
131815187
131815187
599432830
667243939
838292718
354793091
131815187
557816853
557816853
211004097
810377990
572156345
120180094
623940522
694925492
495747547
172986568
646991663
104053175
104053175
182230638
985614408
616476486
549435193
648024802
648024802
130630420
572156345
23949084
319060214
23949084
979680097
284678675
134059628
653117976
213124334
134059628
943403703
40570220
55318583
599432830
202395093
583336394
104315482
950953312
202395093
290696617
844471503
418887792
844471503
860652260
599432830
952442102
406534020
313851998
223022188
500000148
583336394
952442102
952442102
861447600
134059628
202395093
918490977
94575610
500000148
952442102
979680097
114658566
509313225
521479106
500000148
979680097
23527996
23527996
504456186
134059628
518985325
709103078
709103078
979680097
202395093
599432830
36679907
55318583
159899877
342510112
500000148
202395093
290696617
239024729
239024729
146446357
158232747
416006791
416006791
416006791
416006791
454931313
290696617
454931313
901236498
88708153
88708153
111671970
813217566
960109323
960109323
622944615
960109323
960109323
628350535
500000148
701822713
701822713
87139718
926242391
290696617
583336394
134059628
786291053
414689795
952442102
633685977
55318583
485548470
319097172
54336118
228179690
288585324
288585324
583336394
134059628
533318505
533318505
786334691
786291053
952442102
599432830
55318583
116916388
979680097
116916388
116916388
166728472
111956288
134059628
111956288
290696617
583336394
111956288
599432830
353053928
353053928
290696617
290696617
795259206
41209988
303922273
583336394
303922273
833784517
603034082
816107306
726305153
681657860
681657860
681657860
726305153
681657860
726305153
641430805
786291053
641430805
522056711
522056711
678090987
130049791
130049791
786291053
230373080
303922273
303922273
55318583
989754227
583336394
535064598
535064598
535064598
979680097
333954888
818482736
818482736
418215702
803270714
952442102
803270714
401204139
401204139
220139034
220139034
952442102
500000148
181963420
303922273
979680097
663710790
290696617
663710790
523213308
217263261
779329236
979680097
952442102
134059628
59525198
59525198
504823185
59525198
59525198
599432830
232513510
952442102
865229558
455826816
303922273
329003721
639159389
979680097
786291053
865229558
643263764
2046146
865229558
134059628
477993510
869651092
172732905
952442102
172732905
542496552
149825019
149825019
149825019
785902280
695492349
599432830
416300136
920723511
582351870
465003322
465003322
82896393
82896393
617420858
82896393
219603034
357922474
559335574
135098061
599432830
952442102
510263498
510263498
893137740
281057286
619445779
893137740
950893516
44114169
44114169
290696617
619445779
979680097
491061200
134059628
491061200
979680097
290696617
651852972
943567474
786291053
55318583
134059628
599432830
599432830
463229658
463229658
921892782
463229658
220649865
449966115
265556640
546033057
921892782
546033057
786291053
441764606
441764606
682747656
443730249
443730249
443730249
500000148
333006030
333006030
952442102
535164272
599432830
635821279
983139436
823229254
823229254
583336394
376497437
583336394
730310094
885683038
885683038
952517540
500000148
168851252
609308174
456321622
334078255
637734127
739499953
739499953
302834296
500000148
845295143
248639498
583336394
415442171
415442171
817083428
583336394
200392851
952442102
500000148
624684067
567304882
653083717
653083717
624684067
30425714
583336394
91225534
639285228
639285228
200392851
200392851
500000148
368595384
548664090
830686954
548664090
835578228
835578228
835578228
352329006
920093209
583336394
821551411
941844978
952442102
196291131
941844978
500000148
117592274
168851252
202266619
500000148
350075
107200863
583336394
772048010
107200863
559911444
371659799
559911444
888157557
624684067
109489624
109489624
371659799
790589738
29452879
182916416
30425714
182916416
121870297
121870297
121870297
782851271
31358590
31358590
682884681
782851271
682884681
141072081
682884681
682884681
682884681
682884681
682884681
682884681
782851271
497413822
612985603
463646170
141072081
583336394
793755340
671965147
583336394
671965147
571040739
920675587
193760699
193760699
241364672
624684067
583336394
168851252
97069400
97069400
881693984
310298601
624684067
967111825
594555271
594555271
705790968
624684067
705790968
500298464
583336394
500298464
967111825
624684067
386367398
334078255
471960009
89080791
89080791
89080791
89080791
772048010
509264056
509264056
509264056
509264056
43215337
176546375
353566882
48288910
934630796
215154349
650532411
479728450
116346707
979290880
979290880
979290880
162450183
803630878
500000148
800209947
345451216
624684067
800209947
800209947
583336394
334078255
9364093
952442102
643584466
500000148
952442102
952442102
583336394
991435960
676127747
676127747
624684067
353566882
357812852
537367302
583336394
809177312
809177312
922875182
119009362
772048010
119009362
535420784
334078255
825312634
500567813
583336394
922875182
681865628
681865628
510408532
370758857
200392851
370758857
884844062
813741617
813741617
191299912
276012712
334078255
952442102
334078255
276012712
772048010
165898989
419360377
419360377
168851252
419360377
967801836
200392851
967801836
590957282
908020902
557852133
557852133
200392851
715116862
967801836
334078255
772048010
500000148
332937025
147104518
138663998
198894908
138663998
983459199
983459199
983459199
983459199
247704218
772990158
515854813
578423438
578423438
895614086
515854813
892636328
334078255
948307932
500000148
384041574
772048010
247704218
8977044
356558687
794740145
130286981
168851252
514233790
168851252
691767312
794740145
580201244
966629483
966629483
966629483
881355870
115901241
481899224
334078255
626754551
626754551
952442102
354420592
69110283
476266494
205439399
624684067
772048010
664818335
334078255
624684067
51642008
51642008
830576284
317379032
134768941
500000148
697013665
899183109
697013665
200392851
500000148
976947874
55920688
187561478
605412222
605412222
605412222
605412222
967195193
640367984
640367984
893627556
893627556
731406282
168851252
524100698
480935265
480935265
772048010
952442102
762160130
553304607
515064623
200392851
64636927
952442102
363085340
444070847
444070847
500000148
444070847
457255408
195300452
101535557
583336394
168851252
952442102
531152810
42315377
651198071
651198071
335688808
334078255
335688808
952442102
500000148
487637336
538718484
551431333
952442102
555823701
772048010
303816225
303816225
472449496
551431333
670033091
976457117
965104647
168851252
965104647
952442102
965104647
965104647
551431333
551431333
500000148
62783327
357310665
208748707
772048010
500675625
772048010
247906117
847570128
334078255
561359117
288186689
257791736
952442102
372820363
772048010
952442102
736337796
736337796
334078255
848199036
193072782
624684067
628317350
429768035
429768035
168851252
754798382
62783327
551431333
129871502
62783327
583336394
168851252
590329078
837392987
527445900
11167298
500000148
382596921
909237145
547191919
500000148
313062623
313062623
334078255
381244775
646822640
952442102
558055740
772048010
551431333
587764873
551431333
231852476
646822640
420901082
200392851
617470276
420901082
200392851
420901082
646822640
599291783
168851252
168851252
500000148
200392851
168851252
772048010
851428969
430714758
168851252
986021241
583336394
952442102
851428969
611989002
624684067
585272718
162025902
168851252
489959549
555273044
168851252
952442102
387162616
778651821
778651821
506177698
555273044
305407664
305407664
287774921
334078255
249133404
516553763
145455517
296757913
853055879
853055879
853055879
624684067
261296443
652702978
555273044
789677809
789677809
789677809
789677809
789092061
129492202
628381679
628381679
667648388
667648388
260659980
667648388
597955255
555273044
597955255
200392851
624684067
682743221
129492202
168851252
682743221
851428969
624684067
391191136
555273044
238316578
716781312
231865911
728068573
555273044
351261282
629819567
624684067
851428969
52544261
86637436
513498949
52544261
513498949
980238825
370454229
200392851
513498949
490154862
772048010
660581567
400663678
952442102
200392851
559860728
624684067
922299297
500000148
52544261
187213198
291157586
772048010
544761627
544761627
649210059
473314501
649210059
772048010
624684067
851428969
686731106
771385615
658149065
277268509
952442102
334078255
277268509
277268509
277268509
883746939
168851252
624684067
37122480
351517547
952442102
340045844
130316025
351517547
606372565
200392851
213844801
213844801
168851252
624684067
213844801
213844801
181692567
181692567
340045844
583336394
170524066
170524066
424236965
424236965
484665279
772048010
690649968
4975852
575096220
710365044
710365044
334078255
481584300
253815406
653256914
479991876
500000148
653256914
851428969
777270927
168851252
506786128
93747770
335917603
583336394
851428969
103724338
637364073
500000148
157214313
952442102
168851252
772048010
975945558
851428969
902172811
706285369
497917064
583336394
650747198
449216611
897295903
720815823
720815823
583336394
720815823
147604981
952442102
500000148
952442102
952442102
286784199
857589884
856562071
310931918
310931918
310931918
500000148
691483223
226288030
878916916
500000148
625844027
249587443
226288030
226288030
289072939
571391706
449216611
571391706
571391706
773971623
773971623
200392851
454816010
898129754
609831328
609831328
904360856
904360856
904360856
334078255
666250575
403718389
195380678
195380678
952442102
500000148
305872000
305872000
305872000
613233086
613233086
801148922
922352851
922352851
289655921
746851516
304139235
716053214
716053214
695936432
334078255
857589884
189921889
273379924
273379924
583336394
67599767
901311508
313773368
952442102
314366282
901311508
200392851
162955274
256634796
783922068
121752348
945924333
945924333
334995489
991013555
194716784
894964862
506710961
506710961
506710961
881968459
124998877
583336394
821294083
121752348
339091635
162955274
230470404
230470404
230470404
230470404
500000148
189380225
295094827
312539395
121752348
450438884
146447169
163620995
710836113
710836113
421061664
583336394
146447169
453191167
121752348
339091635
72352859
673977765
752042813
245471431
752042813
920394046
952430094
245471431
920394046
920394046
134066989
920394046
339091635
189380225
162955274
772471067
685927179
709738566
92677318
146447169
48574282
48574282
189380225
876602134
134066989
433205339
500000148
583336394
189380225
952430094
433205339
96863463
200860529
96863463
162955274
96863463
616765461
160645572
339091635
143562027
143562027
583336394
470780022
470780022
470780022
470780022
470780022
500000148
583336394
878857849
878857849
925842606
316855839
530145661
837995807
200860529
707588638
454382916
74392083
74392083
162955274
81606902
81606902
998700192
583336394
189380225
189380225
312882366
43164053
329964005
667419388
175106573
175106573
162955274
659099322
659099322
29474778
500000148
29474778
467921282
162955274
487804533
189380225
583336394
339091635
787259458
146447169
86483673
86483673
719351566
952430094
37711151
2707519
952430094
2707519
388813659
191966700
339091635
799817897
339091635
805576851
805576851
922656330
952430094
393962083
399298972
583336394
719351566
860832448
800375820
2210061
2210061
2210061
971706879
134066989
307933247
153057193
967523919
500000148
70476898
583336394
500000148
417654617
417654617
500000148
417654617
952430094
542451709
521403499
479458925
754723478
274242141
521403499
583336394
521403499
598379816
163701206
806769646
806769646
363662972
363662972
301460948
707678644
754723478
941674701
935763455
952430094
707678644
707678644
158020238
26374323
792096195
857153540
857153540
857153540
858372527
387611469
90594540
90594540
911390750
401766085
426594175
417088585
650750304
384430744
134066989
582315642
162955274
523168953
924121334
204440890
924121334
924121334
583336394
673805639
706522252
706522252
706522252
193531930
193531930
25031106
523168953
673805639
887855845
137172601
137172601
137172601
38614994
137172601
137172601
575031323
464735149
339091635
467504416
783399796
783399796
783399796
783399796
353850106
12878725
530888096
470330983
952430094
583336394
530888096
523168953
497139357
12878725
952430094
339091635
405294910
405294910
865377622
570985176
579180061
405294910
151933374
151933374
985817740
405294910
523168953
611410066
366069
366069
985817740
339091635
360075370
360075370
682113260
441181031
952430094
441181031
523168953
88774703
583336394
88774703
88774703
589280004
398910179
398910179
398910179
589280004
930493273
339091635
930493273
698755132
752831107
339091635
52724895
339091635
114316536
761896927
761896927
114316536
583336394
144894016
583336394
366857889
247817258
247817258
247817258
389445528
114316536
134066989
929420156
281956606
281956606
281956606
365366557
137803404
130239260
134066989
162955274
316665255
900761209
116499590
900761209
500000148
406602472
583336394
546404274
114316536
22061446
396008800
406602472
22061446
22061446
22061446
22061446
406602472
932041482
932041482
583336394
583336394
719968576
626355962
952260522
985817740
284154883
114316536
278473791
660992971
668225514
958992830
863736722
442582003
81703399
81703399
39482387
162955274
500000148
133323950
126907946
350141711
229813674
23287730
162955274
23287730
260329441
134066989
819186662
743501734
437837176
260329441
583336394
118757093
118757093
886529319
886529319
886529319
985817740
134066989
159661710
187395319
134066989
583842185
880316412
851976732
890920606
488772306
93594348
93594348
692187841
87870556
87870556
572721446
876665963
471039182
471039182
985817740
471039182
569361060
327361586
499556053
811213464
985817740
376097737
376097737
440782185
376097737
952430094
398790540
376097737
104302418
583336394
382966275
382966275
523168953
59547904
602169050
59547904
602169050
478932872
500000148
523168953
729241603
729241603
729241603
258722132
500000148
425793492
812743353
425793492
425793492
425793492
425793492
94534075
339091635
74567139
134066989
341576082
803142615
803142615
134066989
134066989
506356323
339091635
583336394
839613355
735481004
500000148
162955274
134066989
505350019
562754628
564388851
410181825
410181825
94570413
772229433
523168953
905044017
523168953
890461393
371816415
371816415
371816415
371816415
371816415
500000148
134066989
114316536
523168953
772229433
483866136
583336394
483866136
483866136
523168953
772229433
483866136
32642262
994110003
523168953
994110003
994110003
705286692
985817740
18947956
33503551
553769033
926584266
831111375
672627174
926584266
339091635
234864198
469182680
926584266
114316536
687757499
3925486
344133927
680226839
926584266
234677396
831111375
757884841
484688718
339091635
162955274
500000148
130507555
426410386
949438654
949438654
488726665
114316536
90975858
425098908
425098908
633608310
90975858
426410386
985817740
16649098
660038915
114316536
550544618
90975858
426410386
746911181
746911181
774327041
114316536
174587572
583336394
977833387
790712262
253359824
253359824
952430094
90975858
208164586
114316536
550793559
134066989
550793559
134066989
523168953
591728413
952430094
550793559
985817740
550793559
71948386
162955274
517466182
160159440
583336394
339091635
148014897
843624801
843624801
831111375
685974951
500000148
485321083
339091635
503311908
507757099
134066989
539115230
156279513
156279513
831111375
156279513
500000148
676490585
629278372
952430094
162955274
685974951
473723790
114316536
162955274
898897519
523168953
500000148
685974951
339091635
845527582
845527582
114316536
732735418
732735418
732735418
732735418
732735418
732735418
591504452
162955274
514270458
134066989
339091635
985817740
889326956
282123795
282123795
985817740
76545806
76545806
952430094
114316536
371092332
114316536
266034363
599395454
523168953
121079549
760079717
134066989
134066989
162955274
282043086
139936728
179372984
656090106
670661268
523168953
670661268
670661268
500000148
952430094
501921776
670661268
670661268
339091635
915863119
245636249
245636249
666675546
237512161
666675546
583336394
985817740
162955274
381714367
296425790
296425790
296425790
915030086
583336394
427274044
339091635
162955274
952430094
518721109
115654089
985817740
413146685
903515034
413146685
987413788
134066989
279715660
236792414
963478474
963478474
963478474
963478474
583336394
236792414
963478474
552410985
552410985
643306953
841047572
555267001
339091635
190935543
555267001
236792414
666675546
293795629
122052402
182498968
14777821
875960759
875960759
915030086
985817740
952430094
769837825
769837825
500000148
134066989
821420880
821420880
930715965
666675546
634478794
339091635
523168953
134066989
848848792
848848792
314432992
628826244
214350388
666675546
915030086
339091635
264190837
228064984
655244894
134066989
289140357
648144940
683604411
654765444
238030528
134066989
134066989
90035915
500000148
666675546
65133183
295984788
482758247
996543172
134066989
706933771
706933771
979919165
299445469
295984788
915030086
295984788
134066989
218307752
162955274
500000148
383656226
437642699
437642699
437642699
31217136
31217136
31217136
627454539
799764190
980582855
134066989
467213038
669346837
500000148
406334481
406334481
406334481
406334481
406334481
882668077
882668077
667171574
667171574
581373807
134066989
376746905
160830713
744403246
583336394
673722461
134066989
140934491
140934491
339091635
583336394
134066989
747194455
59487525
876149433
583336394
583336394
339091635
146528884
768683151
570348895
199366475
134066989
279357648
746675512
502062839
583336394
500000148
339091635
743610674
743610674
162955274
830698754
758338394
758338394
500000148
168388063
59487525
381492013
454537796
165945630
748138779
748138779
802743529
581373807
110109918
454537796
802743529
500000148
803025870
165945630
565425913
60273920
339091635
959117055
959117055
92895525
458596169
318296628
406875933
406875933
406875933
952430094
406875933
162955274
583336394
114889270
114889270
114889270
979244338
119332497
134066989
162955274
162955274
119332497
119332497
583336394
176151868
249514129
802743529
802743529
558402750
124491822
744403246
165945630
558402750
339091635
124491822
558402750
952430094
163892778
489452720
294613993
920166693
920166693
535875533
841782130
841782130
821194645
581373807
581373807
952430094
529528830
429928311
361751098
429928311
165945630
317067303
371240464
371240464
134066989
952430094
749537658
958649175
165945630
252726229
581373807
892619051
892619051
892619051
162955274
419988072
933524372
330464840
165945630
175340307
330464840
583336394
952430094
657080715
657080715
832314411
339091635
59362054
583336394
393468985
772982108
330464840
393468985
393468985
180694591
67632444
339091635
67632444
67632444
500000148
581373807
919554833
919554833
919554833
952430094
6278557
165945630
162955274
165945630
134066989
614601786
701003718
180694591
433578144
824503614
802743529
824503614
824503614
824503614
339091635
952430094
582012018
180694591
330464840
177300651
930073332
679788099
679788099
94178188
972383952
94178188
162955274
802743529
267705848
910934277
952430094
594963572
339091635
691746516
34853473
70164295
134066989
987931560
581373807
987931560
251375670
974994068
70164295
251375670
134066989
165945630
251375670
251375670
251375670
408042285
215339248
822807673
822807673
273737817
613730197
437445055
437445055
952430094
437445055
427212761
638074209
992881691
638074209
748113725
802743529
802743529
165945630
952430094
222203189
98184814
165945630
583336394
98184814
127744869
345993497
165945630
802743529
196588452
134066989
500000148
165945630
33103961
992881691
412616434
500000148
165945630
115468803
728940976
587425164
339091635
339091635
446536380
446536380
165229117
165229117
744403246
165229117
165229117
165229117
339091635
744403246
345993497
758645864
162955274
991196185
248354759
134199428
378915414
339091635
79487353
583336394
896875206
345993497
896875206
896875206
339091635
339091635
544461005
744403246
418274260
418274260
802743529
445864246
165945630
148113030
165945630
748729094
952430094
165945630
64870919
952430094
345993497
800531316
11885862
11885862
583336394
516622247
500000148
516622247
583336394
819475220
802743529
162955274
500000148
489589265
162955274
165945630
339091635
165945630
134066989
565622825
610299954
200842232
165945630
583336394
200842232
194275615
182321887
407595448
451070742
407595448
134066989
407595448
407595448
42667436
952430094
231257704
538157360
125919798
744403246
952430094
326904516
980530782
932021475
941826842
162955274
339091635
848243466
848243466
952430094
849168792
884186841
941826842
988489150
500000148
263118178
263118178
162955274
583336394
626709635
339091635
134066989
850781923
134066989
500000148
907692322
339091635
528411936
528411936
907692322
941826842
445731160
800686710
223995768
223995768
583336394
799038538
799038538
799038538
799038538
799038538
155227424
823727150
155227424
823727150
639084052
192740563
192740563
683468484
583336394
500000148
537154658
537154658
683468484
275013741
275013741
727994488
285401996
285401996
158962601
89122741
44611423
162955274
44611423
44611423
744403246
705064289
339091635
394548806
754655865
394548806
850385919
36674786
709590663
709590663
156429009
156429009
156429009
952430094
170264376
803709154
500000148
508818554
294771393
952430094
813277635
813277635
813277635
813277635
294771393
744403246
393626320
667986269
392732854
392732854
165945630
952430094
392732854
134066989
165945630
675015175
95688709
803709154
134066989
883225618
883225618
360957911
294771393
639916665
639916665
639916665
952430094
639916665
583336394
162955274
754655865
947988074
165945630
695448801
819042540
134066989
323288609
500000148
327760817
327760817
879539114
165945630
824015143
134066989
744403246
842677076
123838115
842677076
873789152
873789152
313277171
162955274
122411157
247849860
247849860
247849860
741157274
217448773
217448773
754655865
339091635
583336394
182477557
685583738
583336394
685583738
122411157
685583738
596342104
6923828
6923828
583336394
486736363
905767861
754655865
908680194
905767861
361534640
134066989
361534640
905767861
766198245
134066989
425963848
500000148
961276400
162955274
754655865
905767861
277531501
339091635
379324102
834026920
744403246
500000148
583336394
952430094
379324102
379324102
311750424
162955274
222956150
222956150
952430094
744403246
838166305
941610848
602619120
88401627
237649902
314823614
146047586
165945630
705307351
277845805
277845805
80941197
639355660
162955274
936312943
2868163
685787020
339091635
165945630
80941197
98156740
301496779
301496779
621459726
621459726
301496779
485516933
500000148
910297643
435584445
435584445
681575191
681575191
681575191
162955274
453299315
952430094
735110844
735110844
80941197
80941197
455212954
680108394
797146191
404001612
464972229
500000148
744403246
609688276
146047586
744403246
339091635
859618792
146047586
283839110
146047586
165945630
255234758
952430094
448074290
747283308
165945630
859618792
952430094
599116024
165945630
500000148
844232915
762757514
907816974
146320146
44349745
549855464
549855464
137412085
134066989
549855464
165945630
433703948
433703948
654811188
165945630
134066989
152329090
152329090
152329090
690762732
152329090
152329090
199911513
134066989
555888130
724718727
647143271
2512861
958032312
583336394
958032312
34658513
165945630
222630949
134066989
19021498
529678307
952430094
583841846
13381352
583336394
344214875
211877074
211877074
211877074
137412085
633984733
500000148
687326077
767514255
86569344
86569344
952430094
683447411
583336394
512558070
512558070
636384937
264323964
99740137
278386782
687326077
278386782
727877737
538698439
339091635
952430094
162955274
612317872
356868802
567051883
130788279
391992711
112863078
687326077
165945630
645233313
120269735
99900559
279155095
279155095
162955274
767514255
240990417
500000148
77841181
823849809
132367686
132367686
132367686
132367686
165945630
132367686
744403246
425683871
538698439
102136796
538698439
418777402
169041937
165945630
500000148
945810196
418777402
425683871
646679609
567070540
922936594
534765623
534765623
534765623
494776451
744403246
134066989
187320808
538698439
169041937
45120789
500000148
169041937
916544948
942031342
942031342
942031342
538698439
724699864
724699864
724699864
76617040
952430094
217336066
229199033
538698439
452933491
916544948
214534368
214534368
169041937
214534368
642858375
969467728
816995715
725504779
780667337
983007293
583336394
964425835
952430094
702557855
455902136
187114876
80071482
701747097
701747097
518877804
701747097
867916649
86746219
840877107
807525446
816995715
836523241
538260604
184220605
86746219
184220605
32335441
691210435
60811424
349151021
636481090
952430094
538260604
747513813
923482889
583336394
500000148
691210435
119407108
646930943
646930943
305629638
816995715
80230295
623905453
923482889
128158514
363875482
942683306
22691876
22691876
901111168
952430094
204868199
86746219
669161522
669161522
500000148
807525446
522421430
179236434
583336394
179236434
179236434
923482889
179236434
179236434
866868621
238301296
238301296
532516371
691210435
500000148
469774937
952430094
952430094
620658510
816995715
63632663
244363123
659126334
674345877
674345877
674345877
674345877
674345877
674345877
691210435
816995715
674345877
837661490
377161202
377161202
858461119
197537032
197537032
816995715
426470842
80071482
186615621
659126334
27538341
27538341
543923248
952430094
543923248
616509911
244363123
582572958
27538341
813339266
362663744
813339266
50584862
86746219
86746219
294915334
807525446
294915334
659126334
484613332
327247341
624331627
112718307
8164211
112718307
112718307
8164211
112718307
952430094
814339215
807525446
33974746
490338920
572186128
572186128
125991341
500000148
80071482
584792921
8164211
583336394
327539782
327539782
807525446
716990709
716990709
691210435
659126334
543004754
785919534
785919534
952430094
785919534
807525446
785919534
785919534
1616584
1616584
307082271
818728409
818728409
816995715
184410809
831484583
807525446
168748070
869935210
500000148
414317594
4361038
298081921
593085896
714091493
714091493
322019711
974888906
755902867
240166780
798150612
583336394
659126334
500000148
720546225
816995715
760727081
760727081
500000148
982826880
814937572
659126334
562463862
583336394
453169839
863628504
350332419
350332419
691210435
712912563
77111764
208234611
583336394
365314647
425249073
365314647
258456947
258456947
807525446
303821294
583336394
47838509
303821294
77111764
659126334
72162638
72162638
627961174
807525446
659126334
659126334
500000148
858697417
86746219
858697417
952430094
858697417
858697417
500000148
816995715
816995715
705951861
392737742
474760183
720935445
310498536
845928447
720935445
851251703
851251703
851251703
459259506
978116553
263619053
107909642
107909642
86746219
260754206
690813951
86746219
86746219
358669134
500000148
672254077
478649953
270831342
4127567
4127567
24080033
24080033
24080033
24080033
986810342
24080033
583336394
639731275
781282544
807525446
958082259
958082259
545630564
545630564
958082259
500000148
357513850
357513850
357513850
807525446
952430094
648642334
86746219
86746219
421058407
859637096
421058407
691210435
859637096
859637096
859637096
859637096
86746219
500000148
560863658
816995715
560863658
600895053
978714538
659126334
816995715
307615977
419780538
691210435
419780538
500000148
463599429
419780538
583142242
520702710
520702710
901393868
816995715
878001254
816995715
185385122
691210435
948264601
852453088
223808823
597482370
435794384
583336394
85431210
85431210
85431210
691210435
234505036
944457722
234505036
691210435
234505036
500000148
224429484
86746219
993986169
572002276
478985395
572002276
952430094
546982459
725180130
944457722
993850915
338281297
338281297
659126334
25743449
691210435
771917664
771917664
952430094
673794599
86746219
651662089
952430094
952430094
86746219
691475476
691475476
776498527
478985395
772523871
714884883
328539177
328539177
500724562
691210435
421551801
783094820
777772740
783094820
783094820
126514807
668610903
58926228
121468743
129667632
540019313
725180130
952430094
63963587
852737670
583336394
128134652
952430094
26920985
126514807
65419320
65419320
831379916
222246533
952430094
548875384
355769734
843291941
524668426
500765901
429984700
771476524
604313126
604313126
86746219
799152702
259956245
242282913
794519985
659126334
794519985
453023193
902691389
888046153
521378831
753637592
693482247
952430094
902691389
693482247
693482247
650930054
86746219
241358081
972453176
693691927
693691927
693691927
693691927
230901259
230901259
603390785
500000148
182915265
87505035
928015900
952430094
807525446
691210435
500000148
511909296
58867391
58867391
500000148
58867391
603390785
388807430
888046153
886689458
86746219
118695004
315526515
118695004
86746219
923214838
15374395
797419297
797419297
797419297
807525446
529673256
583336394
710325092
500000148
779174340
691210435
103819596
188135386
304243134
344827538
344827538
261262966
162922624
686452414
735945306
928735190
928735190
673303461
500000148
684246710
650900746
762481096
762481096
650900746
691210435
762481096
952430094
386620229
792908069
840717207
625930478
103519259
339649877
86746219
716309777
176467070
674604111
957700670
964424897
895718532
864066252
953716286
953716286
952430094
583336394
838388932
838388932
691210435
778393320
573869933
981281419
981281419
981281419
626888920
952430094
981281419
981281419
981281419
981281419
981281419
16844911
673303461
16844911
16844911
444256990
439558683
349326463
464069337
474444175
474444175
137802974
137802974
435138817
188124357
532546464
853161078
853161078
853161078
272875650
272875650
272875650
95587762
95587762
952430094
950200645
950200645
583232243
145800057
406954192
626888920
406954192
406954192
97001359
97001359
807525446
622755613
622755613
622755613
129190734
832074993
500000148
229173030
691210435
88009292
544013111
735348973
735348973
474444175
952430094
616552599
698592939
807525446
286981783
86746219
616552599
553611277
691210435
213864632
213864632
861794473
861794473
861794473
219771095
20186054
583336394
86746219
705164574
705164574
175553006
86746219
870855992
779020955
44232349
238906988
86746219
553611277
234445585
234445585
500000148
500000148
240837811
691210435
862435244
474471066
159326023
410858137
478526104
478526104
626888920
837897250
683856866
683856866
952430094
583336394
901173956
901173956
183534829
103519259
130037233
698592939
403101120
952430094
12907453
563346230
750959108
952430094
603691843
500000148
492038267
500000148
955134481
86746219
433988236
790090390
621593039
621593039
890624721
474444175
474444175
421768520
421768520
103519259
650672791
650672791
236232202
474444175
474444175
236232202
691210435
74684048
74684048
74684048
691210435
246911835
390361658
390361658
626888920
858577561
516848804
516848804
687904253
687904253
691210435
126779365
126779365
505523276
505523276
402571946
103519259
958488533
708817196
86746219
925960135
952430094
868181348
305468842
952430094
691210435
209206102
305468842
558113863
103519259
169286451
571859702
571859702
952430094
103519259
691210435
500000148
936016797
175541622
500000148
290413317
583336394
103519259
92803659
257924381
275049159
626888920
275049159
659467055
659467055
269912316
691210435
411537485
86746219
32973288
626888920
474444175
231472080
410192032
979188061
964085035
952430094
468910217
597462964
934718822
934718822
626888920
807525446
757671915
757671915
936016797
651634877
958488533
552916811
651634877
691210435
500000148
597996865
689578170
689578170
255698258
255698258
255698258
159151264
609572379
583336394
103519259
104852534
856623604
626888920
958488533
791525266
791525266
307406826
693805736
376949354
691210435
376949354
376949354
912583570
493648160
86746219
668776444
668776444
668776444
583336394
936016797
640980442
698044848
361454494
287607612
361454494
157359189
823721379
823721379
789150141
500000148
583336394
527114926
527114926
527114926
527114926
33037722
62916510
952430094
500000148
809919221
140555696
140555696
140555696
952430094
73701475
496345777
546037134
455768176
864335818
864335818
864335818
864335818
583336394
583336394
133790293
133790293
691210435
581904069
206737577
206737577
34673776
458519985
233276562
92753520
500000148
242550420
406525500
185472978
868579322
477803829
638947393
583336394
185472978
375247310
92753520
895456060
952430094
475393838
644002974
644002974
410853104
391549930
834272242
638409175
233942805
500000148
880645872
154081889
871448249
871338720
814611126
851312821
892555000
892555000
410853104
361458363
160799004
361458363
700389418
807525446
361458363
771929645
388323421
289533631
185472978
484529916
863611220
368762285
455005586
19243129
875727421
455005586
814611126
621966639
983908543
960934436
960934436
313953157
313953157
313953157
289533631
410853104
208223958
265442186
265442186
265442186
583336394
39885488
205262144
871338720
205262144
807525446
691210435
205262144
205262144
847942886
208223958
20056839
132266731
872242046
614955610
690660651
902460425
583336394
713676265
777644078
777644078
590274125
371077467
675160995
871338720
759367411
372323178
691210435
952430094
849314171
366429867
366429867
366429867
366429867
22263185
777486822
691210435
691210435
720577198
590274125
691210435
351843409
351843409
351843409
139901754
452249508
960385368
709287890
709287890
962510727
158487141
864831003
590274125
691210435
864831003
381850586
785209177
590274125
490326749
137546919
208223958
625191498
625191498
625191498
868840184
823206337
691210435
208223958
456934691
158487141
456934691
691210435
590274125
752768964
752768964
158487141
654083812
583336394
913973847
583336394
952430094
913973847
570726458
570726458
570726458
433025280
34053526
590274125
500000148
283606206
977622838
243994602
583336394
977622838
691210435
952430094
185472978
31200818
678014879
678014879
678014879
207539346
881186279
325997663
549989003
208223958
549989003
549989003
549989003
410853104
216043272
610813720
309247242
978922858
978922858
978922858
208223958
208223958
583336394
500000148
708849559
333329834
708849559
160587489
160587489
691210435
359051604
359051604
359051604
410853104
428824493
512216744
871338720
94131688
142795968
212425062
125131738
610813720
590274125
713272172
713272172
583336394
481826211
481826211
410853104
807525446
240444030
580212020
952430094
219234554
208223958
374640719
374640719
208223958
374640719
186800769
186800769
691210435
64400342
583336394
410853104
64400342
691210435
182779439
583336394
403205960
693719105
19486753
208223958
222727893
790507317
790507317
790507317
325104988
185472978
25509673
207036820
897189644
410853104
897189644
500000148
691210435
565778625
952430094
461087084
185472978
185472978
390203380
807525446
208223958
208223958
389135312
693376868
583336394
952430094
828638545
954118955
955779610
500000148
955779610
560260736
81337456
185472978
297971908
240881884
240881884
240881884
891536276
479228250
390203380
25509673
479228250
691210435
230842907
185472978
230842907
139477689
57825773
583336394
898654752
423357431
390203380
282283305
952430094
410853104
583336394
22696655
22696655
583336394
583336394
22696655
208624447
434051708
952430094
434051708
434051708
807525446
25509673
955434744
955434744
955434744
410853104
813883013
804520989
583336394
806215779
804520989
820649140
185472978
302150175
249060206
249060206
617179865
612177825
637389783
617179865
617179865
618033786
468370485
468370485
468370485
727300084
76609116
807525446
847558350
500000148
460834914
460834914
460834914
952430094
208223958
648732452
952430094
52179907
25474935
25474935
205609965
500000148
869301445
615404210
237557416
615404210
746169825
746169825
675544152
16123771
62274467
153809759
952430094
369287476
410853104
423832382
583336394
237557416
942455392
942455392
867728221
867728221
867728221
867728221
98345784
867728221
867728221
485138695
691210435
485138695
98345784
163676622
952430094
909822258
208223958
235665100
952430094
500000148
109169584
907674162
952430094
167403940
691210435
459662979
691210435
874969513
459662979
459662979
459662979
237557416
178965205
807525446
178965205
500000148
807525446
410853104
938413339
89852834
134952178
127148535
127148535
148884682
148884682
749551849
281703496
986510960
404595260
466462664
500000148
943169483
427698146
952430094
691210435
28391924
555955530
903987883
4900622
4900622
4900622
4900622
57377254
57377254
89852834
281915705
30378192
500000148
500000148
444391492
382938038
39660750
691210435
39660750
691210435
642107798
630752777
388981845
388981845
807525446
89852834
510001637
476309397
373607768
832773344
306981646
952430094
714370562
969699580
802521296
458649046
688994212
872947693
210312761
500000148
31058219
788337785
500000148
393030446
871442851
923620204
929396695
132049901
132049901
132049901
132049901
200797726
626845625
282151635
282151635
282151635
282151635
282151635
282151635
393030446
741277452
626845625
741277452
741277452
929396695
626845625
343786303
872947693
583336394
952430094
788337785
500000148
662426871
739289274
739289274
739289274
739289274
816399965
83345586
929396695
727765736
583336394
794485124
794485124
447151222
872947693
447151222
583336394
583336394
563863693
567029879
900292446
567029879
294954011
566538901
816399965
872947693
35283106
367768100
500000148
29933782
29933782
29933782
29933782
29933782
29933782
294954011
984940255
5807882
800386009
696402165
234352153
234352153
234352153
788337785
947694699
952430094
880764700
626845625
880764700
268270964
889323852
104002968
889323852
495376984
294954011
632874720
626845625
929396695
313831247
610216327
706935017
929396695
610216327
610216327
751479372
260045203
620011532
788337785
788337785
500000148
722362072
714370562
434051794
714370562
84490222
84490222
739369226
674019935
626845625
92980362
92980362
703039436
714370562
484844576
50241928
204361469
598559702
952430094
965199105
965199105
979036942
714370562
254334774
714370562
434051794
339619970
126553177
982004904
982004904
339619970
461912900
461912900
622719491
788337785
872947693
24397973
24397973
24397973
24397973
24397973
952430094
952430094
182584630
182584630
434051794
788337785
455201511
126553177
788337785
720662315
714370562
449190208
206307810
70034118
70034118
70034118
70034118
186640538
140861906
114864718
434051794
434051794
810611193
71295974
71295974
51881063
301383686
51881063
46092677
626845625
851181918
876433119
872947693
493238495
626845625
434051794
217135503
217135503
500000148
217135503
797780063
912850950
929396695
952430094
714370562
797780063
797780063
161826600
839358918
839358918
541007076
160328894
914864807
914864807
905160452
77999712
434051794
929396695
448341802
500000148
419217082
583336394
975894538
324464757
851662385
872947693
401108747
401108747
872947693
46127855
46127855
46127855
46127855
46127855
140873544
53673188
509312719
952430094
929396695
141541364
552767089
726055118
583336394
952430094
4485758
500000148
4485758
593750758
929396695
714370562
929396695
154936931
500000148
754863726
154936931
337367892
408059263
122281161
122281161
207317754
27929947
349630304
349630304
726055118
349630304
414769984
434051794
53673188
714370562
952430094
500000148
500000148
252669167
224185585
929396695
140982026
872947693
843447989
650085270
518558674
583336394
877597542
877597542
877597542
434051794
794422957
65268836
434051794
336767901
336767901
377464333
850456089
670736717
583336394
992222460
207317754
220972389
434051794
220972389
306196001
929396695
169097551
330754699
330754699
330754699
872947693
330754699
330754699
250979943
659185199
929396695
967471428
952430094
764894661
764894661
764894661
799678344
752478721
851662385
352122324
352122324
380623472
952430094
380623472
714370562
952430094
443861888
642103755
207317754
478230699
872947693
418363037
164472707
418363037
418363037
500000148
702308738
161959895
872947693
434051794
164472707
723827780
723827780
583336394
955578971
872947693
149635437
149563264
309111740
205350651
205350651
205350651
714370562
410744099
851662385
714370562
434051794
929396695
207317754
980005503
851662385
513744877
799678344
126104069
952430094
782047703
736232455
872947693
799678344
583336394
107942877
107942877
799678344
159627158
929396695
159627158
719453443
623673958
465528060
807684060
361903126
840628808
89866192
530738934
789111856
918331427
89866192
872947693
786483033
553585866
207317754
553585866
802130751
500000148
714370562
619527173
619527173
929396695
207317754
207317754
929396695
182159076
182159076
265005758
182159076
373274981
341534351
85386251
85386251
43989588
85386251
85386251
442887726
3622258
732540797
872947693
265005758
495269573
952430094
643489725
573155635
193357119
193357119
35010687
320896849
498504684
320896849
744218993
744218993
265005758
206825642
583336394
206825642
720715518
720715518
720715518
457924051
716372298
434051794
265005758
434051794
474944978
952430094
265005758
617459511
265005758
265005758
952430094
3622258
35010687
447512605
550173587
328310694
830229148
116715464
116715464
495269573
817993141
817993141
817993141
495779859
817993141
216314614
355644700
88647959
872947693
822199275
495779859
822199275
214510780
742022917
742022917
742022917
362485721
872947693
742022917
952430094
362485721
770159482
495269573
770159482
461747500
362485721
461747500
461747500
495779859
476822866
944052372
564231355
893427856
188185187
434051794
188185187
188185187
362485721
188185187
992908240
815161127
755635363
947586255
500000148
283855809
495779859
265005758
166294714
741236910
741236910
952430094
265005758
898327172
333859125
147861998
234293261
228011827
952430094
919679018
265005758
659439861
836333918
952430094
910706522
684195696
189839131
424679295
608281584
265005758
266322336
132103462
132103462
872947693
580999050
580999050
495779859
500000148
952430094
923488476
567210440
140476160
831452230
684195696
919679018
919679018
189839131
343466205
265005758
227218015
343466205
746916002
872947693
739209102
227218015
809936775
739209102
105329654
952430094
115782231
383299767
872947693
495779859
500000148
225458253
225458253
122804610
122804610
808546101
201396884
495779859
825923100
816569040
495779859
856450726
628663044
628663044
385841024
651380377
651380377
784818656
166813217
189839131
591178100
907059251
122972918
265005758
500000148
434051794
616068791
265005758
214240019
495779859
265005758
167200778
167200778
167200778
500000148
339695498
692679233
76771454
500000148
500000148
265005758
353992982
353992982
294241541
189839131
364665890
967383746
967383746
169701198
872947693
323709018
731845347
434051794
318849497
24503833
24503833
850117137
500000148
609186562
573781270
265005758
872947693
738893343
738893343
298681308
340681577
385753350
539804400
500000148
252404828
252404828
475187255
314536363
952430094
500000148
10472587
583336394
872947693
495779859
707579766
952430094
952430094
613332106
527725585
583336394
796937147
517924854
517924854
367651726
358168262
189839131
367651726
434051794
583336394
522932911
500000148
522932911
688735402
688735402
688735402
688735402
688735402
928667353
928667353
928667353
928667353
842988002
265005758
855624484
583336394
129268128
583336394
974182306
872947693
570459685
12266972
213163055
6855292
495779859
613019641
81466455
974182306
568039092
92216990
583336394
263522440
330048215
974182306
886991364
886991364
886991364
934617152
730877774
730877774
600993752
955722405
747087056
725104148
495779859
317603903
674236173
189839131
317603903
583336394
601742063
601742063
601742063
265005758
613323526
319987453
184194339
184194339
8330756
833654050
184194339
629458142
189839131
691749358
691749358
955722405
500000148
543185763
81512958
84220597
84220597
434051794
989683649
415990417
819068517
415990417
56387148
56387148
56387148
434051794
565016399
565016399
189839131
952430094
495779859
226193750
189839131
230635514
500000148
358440105
500000148
583336394
339967568
896768449
872947693
189839131
872947693
495779859
358440105
144715386
217054136
434051794
49964454
707355726
500000148
524882057
358440105
495779859
999462713
437265318
437265318
265005758
265005758
270929033
500000148
358440105
322155983
970224244
626000074
626000074
952430094
434051794
360527576
265005758
965300033
495779859
640189705
640189705
640189705
608210567
495779859
872947693
952430094
15227206
15227206
798133911
921697062
921697062
500000148
921697062
921697062
713956536
835929991
399132346
891309240
336602926
664489173
934730742
449429512
923449779
923449779
816225894
835929991
816225894
116806768
116806768
116806768
181556429
835929991
265005758
440971176
835929991
483320473
483502276
596654597
596654597
295421350
265005758
945091485
945091485
500000148
215326266
583336394
166317216
437995925
384620739
649128593
265005758
265005758
599404131
764205964
764205964
649128593
258728302
906300659
583336394
500000148
434051794
624848032
434051794
381489529
381489529
872947693
381489529
381489529
500000148
675189300
312394915
512543542
583336394
872947693
620377199
952430094
21442157
675189300
442060333
251534394
251534394
224045883
224045883
500000148
816606283
583336394
238906083
649128593
475304152
265005758
434051794
675189300
802461916
872947693
802461916
649128593
828293338
751860047
162255873
265005758
675189300
162255873
162255873
162255873
162255873
162255873
162255873
162255873
319721983
817596999
242235529
952430094
21239934
272143025
102678564
102678564
23606208
292284422
583336394
198028318
937572274
556541058
717202124
937572274
434051794
198735584
379754119
198735584
500000148
198735584
198735584
198735584
22418808
731641099
255813512
22418808
353551198
353551198
802461916
544635493
544635493
847075520
872947693
22837451
144227255
802461916
706237791
952430094
706237791
706237791
717202124
752566996
952430094
583336394
22418808
148548665
148548665
148548665
148548665
148548665
22418808
209757613
78348072
105532580
434051794
649128593
443046930
253813069
988184100
736481343
957390796
17188309
7549155
583336394
583336394
95723341
95723341
14094175
649250186
649250186
952430094
649250186
17188309
586156931
649250186
752310603
777066811
111054322
650732374
650732374
69992784
583336394
500000148
399779804
872947693
553310953
502043405
952430094
872947693
507788014
507788014
507788014
434051794
507788014
434051794
434051794
507788014
424114545
935635099
935635099
935635099
482985843
935635099
952430094
935635099
584961679
94727459
932773318
94727459
296678281
7549155
62864949
111054322
7549155
221769106
466905853
952430094
712383709
872947693
583336394
866299324
863710465
239845041
394095662
740399764
840701747
342837070
355742107
874252261
583336394
348181484
17188309
500000148
843495240
7549155
111054322
738431801
930440160
258121052
258121052
622020692
394095662
622020692
44273019
872947693
44273019
17188309
31521414
434051794
434051794
985803264
985803264
985803264
358330486
358330486
583336394
358330486
678726775
218079833
580306013
111054322
775597735
385067916
397676127
385067916
293454879
995438703
394095662
528752096
528752096
843495240
487946218
434051794
507562634
386539440
583336394
544680608
836369292
111054322
583336394
634257411
634257411
439236492
439236492
17188309
394095662
840239303
727621622
727621622
394095662
658414041
952430094
7078156
7078156
7078156
111054322
804654887
704542428
7549155
704542428
145106190
222678030
222678030
583336394
434051794
622629312
7549155
827527426
924922698
924922698
924922698
434051794
952430094
996611987
996611987
996611987
996611987
996611987
675381379
675381379
434051794
756915444
926219640
876691885
51505004
17188309
51505004
434051794
827527426
394095662
580521171
580521171
580521171
394095662
556022246
7549155
79561131
394095662
7549155
460588995
81644009
157453924
267859597
226485852
543219060
872947693
243263902
394095662
872947693
670280352
984564413
394095662
872947693
620584835
620584835
341830702
710287749
210217475
641555688
111054322
445753720
445753720
17188309
445753720
13319377
111054322
753596805
753596805
751565729
751565729
111054322
751565729
891771411
228455707
228455707
891771411
394095662
623246724
548395566
13319377
17188309
434051794
77642228
13319377
394095662
367501273
52612768
882685074
434051794
882685074
839641732
17188309
345839960
394095662
44708826
978533092
978533092
915079815
915079815
17188309
434051794
847590398
847590398
356888072
694312286
872947693
478556778
998762904
998762904
510241826
443078668
434051794
149244617
434051794
270794128
270794128
500000148
886269074
434051794
270794128
270794128
936557282
936557282
622415472
7549155
45029464
546589949
443078668
164066223
201304709
197693683
87848949
5142063
5142063
7549155
17188309
111054322
5142063
758627324
758627324
486695413
952430094
872947693
544437685
394095662
583336394
537400654
258711231
974471539
500000148
17188309
17188309
402077885
535478138
535478138
394095662
394095662
535478138
839441652
797958718
535478138
535478138
839441652
766089806
583336394
500000148
17188309
404537495
394095662
394095662
404537495
404537495
404537495
404537495
898741428
855396792
17188309
839441652
395480895
434051794
394095662
164961868
164961868
500000148
434051794
164961868
500000148
952430094
319188206
7549155
797958718
619910573
619910573
7549155
17188309
408534057
7549155
107239321
107239321
394095662
872947693
469672098
469672098
469672098
168537512
7549155
324945582
394095662
202271777
434051794
571124308
193927587
559271863
571124308
392528868
7549155
872947693
392528868
392528868
392528868
872947693
451482194
78413536
907117568
214331639
394095662
907117568
907117568
907117568
907117568
43961015
394095662
266950057
394095662
7549155
214331639
741995127
952430094
741995127
648371709
789690656
394095662
129374231
233946252
500000148
103864094
17188309
615910094
615910094
960728703
664105855
664105855
941689981
900491522
394095662
536905124
313641129
313641129
941689981
313641129
952430094
261726592
605322044
919427878
205795967
205795967
36025823
271658844
36025823
950338379
394095662
726362281
742914193
500000148
500000148
563321504
7549155
90501863
904329145
71015777
651663778
729582581
7549155
605768296
872947693
319978696
605768296
319978696
380064526
952430094
941689981
475180244
7549155
605768296
122097562
122097562
947576704
740799218
726362281
605768296
234922657
726362281
872947693
605768296
394095662
319978696
315398004
315398004
315398004
567015313
7549155
156594405
872947693
7549155
863134320
863134320
83552827
993967339
906101249
906101249
434051794
906101249
906101249
499398938
270186840
993967339
908401542
813906434
679792792
368360614
368360614
384767228
240088968
500000148
583336394
438121529
642676702
443998745
451258845
224602019
952430094
588353636
588353636
500000148
7549155
394095662
394095662
622451361
583336394
926633065
952430094
241359138
7549155
403083924
912106039
413922642
841736035
7549155
872947693
521364687
521364687
521364687
521364687
434051794
583336394
633737660
434051794
758724834
802544289
394095662
397508024
864878789
931490654
279148624
864878789
513813688
923924251
685355539
685355539
73639165
502255664
434051794
502255664
210282655
502255664
210282655
502255664
500000148
335689308
541183826
541183826
872947693
541183826
610906793
610906793
500000148
872947693
235760071
588217463
583336394
799577313
376297557
365207641
259040837
259040837
272845177
963709959
963709959
952430094
486376019
486376019
89334772
89334772
952430094
89334772
54896858
89334772
466355086
216139627
343534876
627097699
434051794
872947693
590412039
461618423
892970114
892970114
102419744
297215393
297215393
434051794
654526117
662691016
197945382
998976359
872947693
428376222
428376222
343534876
993302651
605780801
776317193
414236140
633642262
143628240
499697009
663537539
663537539
952430094
928106334
918934404
394095662
475114866
368862153
368862153
368862153
368862153
368862153
368862153
399729077
500000148
343534876
812782402
583336394
461618423
7549155
628900576
952430094
438191846
896390813
896390813
896390813
461618423
251132523
665839518
784148890
872947693
469785467
469785467
693206387
693206387
952430094
693206387
583336394
206028190
277787309
277787309
277787309
698944114
724200885
500000148
698944114
31046722
31046722
872947693
952430094
699965566
434051794
851681610
699965566
851681610
500000148
851681610
851681610
851681610
394095662
850258211
996593528
286990851
434051794
850258211
583336394
850258211
98421910
206069478
800610405
800610405
800610405
800610405
90064648
517906480
289209862
583336394
333827798
996593528
744257359
883488534
724735921
434051794
434051794
304407791
872947693
434051794
702200138
440993993
440993993
440993993
440993993
583336394
440993993
724200885
952430094
440993993
556228789
186519455
952430094
440993993
872947693
583336394
377810058
890963282
284708556
284708556
284708556
666901107
87140143
270700300
112405527
556228789
98421910
18346626
394095662
18346626
590616070
434051794
590616070
590616070
590616070
98421910
500000148
556228789
307558532
583336394
223762340
900150407
268299583
998199524
654930723
903115261
903115261
878338500
996593528
27437750
985829794
434051794
394095662
985829794
556228789
583336394
952430094
872947693
25349326
952430094
952430094
65698457
65698457
65698457
479623857
679356043
479623857
996593528
583336394
98421910
952430094
746070649
746070649
746070649
261543928
746070649
746070649
212345299
746070649
724200885
754866618
754866618
272207519
500000148
505096217
505096217
583336394
434051794
952430094
406410313
645049627
680261761
680261761
569244145
69370479
224087758
583336394
223486120
303205113
692231006
889382136
954983919
59592940
60970763
60970763
565359600
375138162
692777161
952430094
274272764
72283040
996593528
976845835
976845835
976845835
394095662
996593528
803946069
803946069
803946069
872947693
803946069
965887217
952430094
699451726
699451726
434051794
699451726
952430094
500000148
886412630
886412630
227059387
302830151
431719619
230765240
724200885
26676573
183892777
938414444
938414444
434051794
938414444
938414444
288908185
184209710
492860278
709057792
282415632
697177060
697177060
434051794
519338640
996593528
288908185
951584452
951584452
98421910
518237054
952430094
971936931
434051794
356906987
356906987
356906987
282415632
996593528
524243236
952430094
583336394
500000148
183706887
872947693
434051794
288908185
116949013
523323207
523323207
98421910
70889923
503862757
503862757
503862757
503862757
3795691
853002674
899566391
899566391
899566391
899566391
856478205
517858795
996593528
890018476
927303088
22103443
311948745
868508136
233021540
233021540
233021540
755109329
868508136
849631045
500000148
872947693
250598623
250598623
250598623
716180286
119127238
567302435
944412098
405117285
755763372
828810779
688838583
282415632
757314720
963066256
283262288
963066256
274587565
530609630
829310366
583336394
500000148
829310366
282415632
944412098
632180485
394095662
349573787
349573787
750805683
500000148
349573787
589838748
996593528
699613057
779182361
183831494
724200885
871160308
707976616
707976616
601921128
952430094
142705255
434051794
608949227
51039009
28608209
583336394
28608209
434051794
775211106
394095662
861408001
861408001
357162748
357162748
394095662
98421910
267295357
314555768
128914801
128914801
98421910
952430094
572786071
136862218
98421910
136862218
872947693
723250660
272872803
394095662
272872803
952430094
583336394
898141026
214276089
724200885
470482797
872947693
583336394
351069899
583336394
132880970
450667118
98421910
450667118
872947693
665906883
158658374
500000148
545420790
545420790
229976791
872947693
229976791
500000148
283281760
65689292
535486278
583336394
863992070
597804884
868714941
952430094
583336394
161236631
35279219
907699755
872947693
416298733
416298733
350103353
863992070
58394283
478504303
583336394
398805338
495298867
495298867
495298867
495298867
269598061
952430094
434051794
392045476
485081422
485081422
283600265
394095662
660633845
995598999
567295663
567295663
567295663
567295663
660633845
567295663
567295663
625977766
263017362
583336394
504394672
193905338
434051794
271812985
394095662
696602128
777026281
779239025
779239025
779239025
500000148
500000148
865015212
489852020
308242409
995598999
283600265
308242409
583336394
308242409
777026281
952430094
995598999
673380847
777026281
500000148
872947693
994689767
994689767
540135701
269652929
777026281
935132769
66109494
66109494
394095662
66109494
144991597
674413762
246660904
246660904
246660904
432369312
394095662
517926473
903811624
952430094
591410037
368681750
591410037
903811624
368681750
782642737
903811624
952430094
212620360
122808157
122808157
583336394
212620360
500000148
191730010
394095662
591410037
394095662
660648638
517926473
766622698
766622698
766622698
434051794
77738771
872947693
500000148
36762407
560004442
458071249
875089291
872947693
394095662
352005823
500000148
794437211
305402170
833948086
833948086
952430094
952509046
500000148
560004442
591410037
517926473
434051794
824424964
781315922
781315922
781315922
549713171
26879047
770502489
591410037
735452941
290660264
290660264
290660264
553922788
69843201
553922788
794437211
128065802
912652350
500000148
912652350
912652350
394095662
872947693
685841055
540938325
540938325
540938325
607232737
517926473
312010567
394095662
312010567
727555529
434051794
560004442
312010567
312010567
483070533
289816706
289816706
289816706
794437211
794437211
583336394
952430094
338528131
591410037
292204377
246762934
872947693
292204377
292204377
930240926
690253408
346212206
390977703
390977703
872947693
646309777
394095662
546764517
546764517
434051794
232643385
434051794
194216620
522135927
629427335
434051794
584717242
261737368
759200325
500000148
500000148
646309777
685962216
803778438
803778438
355443047
930422828
82181048
184681985
651323942
434051794
794751624
683907701
840382342
876829494
443131552
394095662
734431895
876829494
681813237
194216620
872947693
382635241
757462174
906514208
906514208
906514208
906514208
553248894
557299173
133075464
557299173
500000148
952430094
907612629
907612629
229011343
400496767
229011343
229011343
229011343
500242858
833793415
434051794
382635241
924608172
434051794
434051794
232286579
814766904
814766904
583336394
790486758
790486758
394095662
276569702
772652941
53606826
453072542
992294022
992294022
394095662
992294022
214577160
952430094
992072110
992072110
872947693
725249452
960918382
519509542
583336394
468103492
453072542
872947693
363931294
174380306
519509542
386663167
77918533
453072542
511415867
394095662
308349654
872947693
709544890
380207758
380207758
500000148
996378025
434051794
213714356
308349654
996378025
213714356
500000148
335463290
430562929
27502047
27502047
375463248
375463248
375463248
194216620
790836456
434051794
790836456
707357625
975453066
377233700
500000148
469319044
952430094
41176189
693953568
693953568
686177518
585389402
326021181
434051794
500000148
73681727
720345230
720345230
720345230
720345230
680703881
669979444
244722687
583336394
373568505
373568505
373568505
583336394
366172918
583336394
120534741
120534741
853297848
583336394
141906431
524620665
734888903
290029929
583336394
293569241
485969648
872947693
434051794
895188645
945156631
76358531
434051794
864108718
853297848
434051794
76358531
864108718
580509342
580509342
642777709
929354397
872947693
194216620
176000576
952430094
176000576
762661975
176000576
176000576
500000148
448928467
290029929
235596697
872947693
388006786
902680192
902680192
902680192
902680192
665274935
635354602
916048732
56994371
727879329
727879329
638344358
638344358
853297848
746734584
583336394
916768476
290029929
916768476
916768476
952430094
583336394
964600462
194216620
512804584
512804584
434051794
811180767
872947693
872947693
105292509
105292509
394095662
853297848
952430094
633168612
318651569
194216620
396463203
396463203
787880533
132385858
853297848
164794362
132385858
854644604
893636834
893636834
444144544
194216620
444144544
444144544
862469225
853297848
336556215
394095662
944706338
626354385
500000148
853297848
853297848
969046839
455210549
537790455
944706338
583336394
301976759
569924325
546343595
928490062
194216620
122393851
122393851
503082125
399973304
396693069
100858062
803743092
6964714
952430094
500000148
569924325
394095662
194216620
988726583
153007663
988726583
565044212
917846121
493007388
4361403
565044212
467283534
327201381
146962425
460631252
583336394
988726583
460631252
692471505
652484400
867279927
501613589
501613589
500000148
501613589
250280687
655024859
250280687
250280687
317179749
865316641
602655398
229433291
460631252
229433291
652484400
117488503
117488503
117488503
350570700
838859704
583336394
838859704
988726583
258579204
258579204
813578839
813578839
235464349
460631252
865316641
65501841
583336394
536986737
988726583
536986737
667914690
500000148
988726583
460631252
652484400
988726583
665074500
665074500
665074500
872947693
122794244
300502067
655024859
119256278
652484400
119256278
38211326
865316641
317179749
84039762
655024859
84039762
751948842
84039762
583336394
652484400
597365536
460631252
656892346
178679866
656892346
988726583
656892346
656892346
460631252
317179749
872947693
634919214
721866804
952430094
871526478
178679866
500000148
988726583
182906988
182906988
182906988
178679866
775958134
775958134
775958134
775958134
872947693
775958134
471150050
76625351
865316641
572042206
572042206
477264568
292447317
211808120
30156646
988726583
500000148
435207221
988726583
652484400
652484400
655608211
766399230
312957771
551836165
460631252
49208490
865201904
716706916
716706916
317179749
63350294
500000148
938774566
583336394
139730402
655024859
139730402
460631252
952430094
219329091
872947693
407595982
561170318
911547050
952430094
952430094
219329091
116038689
116038689
317179749
116038689
116038689
316718659
116038689
914990528
512412663
500000148
219329091
551306312
551306312
952430094
914990528
551306312
551306312
551306312
9187820
460631252
434051794
500000148
33465866
33465866
952430094
872947693
795139343
655024859
652484400
874580634
952430094
874580634
219329091
115593698
700677190
249034560
996298124
486076832
317179749
300469502
405557954
166230925
655024859
652484400
347024999
397831470
219329091
448345489
347024999
500000148
24729179
635842765
635842765
434051794
952430094
54452970
759139435
759139435
633751682
633751682
916653921
619146331
583336394
377405891
655024859
377405891
558416852
583336394
86591611
434051794
349624084
107610768
107610768
44308371
962038220
657870843
355957128
754749727
317179749
978548115
583336394
415905860
848372478
460631252
460631252
470542074
872947693
317179749
460631252
174633038
910935978
938524610
938524610
462091799
5228389
460631252
497730694
431097988
634515454
634515454
631696556
872947693
25720721
634515454
347024999
710265296
322193669
586621022
187337957
187337957
434051794
418100030
835786633
89092251
583336394
652484400
610756748
326177771
583336394
500000148
317179749
655024859
152107417
152107417
145725280
152107417
152107417
152107417
652484400
655024859
883104587
334968239
746388691
984334084
179960773
871597184
18368239
179960773
179960773
583336394
652484400
179960773
870681885
821993119
295749021
460631252
418159157
901059344
317179749
460631252
655024859
655024859
500000148
892591281
892591281
500000148
463746774
626497822
219839322
821993119
655024859
460631252
460631252
136771900
136771900
349796020
872947693
872947693
655024859
821993119
623842343
583336394
434051794
491798770
705985819
162248708
873196848
670063451
228015050
908054417
872947693
872947693
97617939
794124961
794124961
872947693
387725200
500000148
908300882
908300882
432659875
909186866
909186866
952430094
86336926
34215106
86336926
952430094
583336394
330440982
330440982
34215106
898024641
46156551
317179749
153653365
828499399
828499399
500000148
854669453
34215106
828499399
457733215
952430094
773013432
904518264
100327238
731830182
731830182
886437907
500000148
567951049
567951049
220936830
896824449
652484400
220936830
220936830
220936830
896824449
220936830
749968739
608567088
749968739
851590474
434051794
350123520
350123520
500000148
3963189
516415659
851590474
583336394
360004771
220937479
249512241
704891251
437782874
437782874
437782874
500000148
953244632
953244632
652484400
271282605
910636822
125658429
434051794
125658429
184365087
184365087
919768382
500000148
328860103
328860103
952430094
811122399
954430334
152850197
69415231
149358243
42645506
605826586
592467669
952430094
500000148
721312948
721312948
688774562
872947693
186626554
186626554
230209819
129775779
491126163
230209819
230209819
500000148
80716606
80716606
17907021
230209819
110535455
243511578
110535455
607139077
607139077
583336394
607139077
607139077
239928203
607139077
728832126
230209819
783065475
185534163
434051794
872947693
592767108
743078887
239292997
462086831
462086831
228176967
228176967
230209819
872947693
952430094
228176967
228176967
630688260
630688260
69415231
673423959
673423959
952430094
424806217
424806217
952430094
710263939
629976047
743078887
973390813
897378310
322007633
624004426
322007633
743078887
975341962
185350315
877317776
500000148
125658429
185350315
434051794
428960821
428960821
428960821
185350315
945855087
17907021
392821640
230209819
318962979
798064492
798064492
303011339
303011339
303011339
434051794
303011339
557329214
557329214
557329214
700829538
557329214
557329214
133035294
242776086
680734716
333072404
333072404
333072404
333072404
125658429
230209819
89008765
544492645
599944012
599944012
91151605
100494960
17907021
566125732
125658429
333785230
327788317
17907021
825215000
869172271
869172271
743078887
952430094
872947693
242776086
869172271
869172271
965422228
965422228
882229425
647103743
303703081
17907021
929206076
406052072
127817907
688864148
743078887
434051794
500000148
46266568
963475336
57279042
331287900
509477871
894869246
230209819
583336394
295017260
848750409
848750409
708528507
105850844
646176328
325032377
325032377
583336394
45928281
434051794
867531665
486462497
230209819
486462497
500000148
873776659
500000148
306236381
785955738
308242003
502660036
318474147
450407408
839852474
583336394
878304151
381462611
15103129
440666794
878304151
866617085
112307430
952430094
440666794
94875900
94875900
595890651
929995133
500000148
441603782
657164644
441603782
391251026
39626992
39626992
61792548
83472705
369806337
83472705
83472705
83472705
805187147
657164644
440666794
808136141
453207688
952430094
434051794
959219288
867645439
867645439
867645439
867645439
140421995
14798645
583336394
500000148
952430094
485886937
336388174
805187147
381462611
439726757
872947693
434051794
401359574
336388174
860507097
860507097
440666794
151830665
434051794
206976467
951511522
828064226
289846518
828064226
872947693
554741010
968683107
209349462
872947693
725456399
440666794
68070893
142285469
500000148
759565761
951511522
434051794
759565761
236026734
161268044
17750984
778986394
166288390
166288390
166288390
641068430
500000148
36683864
144655663
614203408
434051794
434051794
951511522
968683107
932438987
302853999
968683107
440666794
655366207
655366207
655366207
655366207
968683107
92149844
699304750
583336394
982321360
71835565
121137285
935972989
952430094
872947693
872947693
434051794
872947693
988973042
872463426
500000148
743293258
583336394
709790695
738307848
583336394
952430094
872947693
709108584
718647414
6691743
6691743
6691743
625330638
277641944
729379623
729379623
500000148
729379623
45253188
966126254
45253188
281676395
281676395
281676395
480092411
726827756
431716131
480092411
270518189
434051794
757095246
757095246
981386676
440666794
952430094
122727091
122727091
507140055
855305465
214884839
952430094
412375319
956878306
547300953
855305465
405398992
103083495
103083495
440666794
860404999
872947693
860404999
935972989
872947693
405398992
545846629
545846629
545846629
235957091
123241585
872947693
935972989
80607663
44856389
872947693
44856389
335501234
58441216
58441216
509992
741659765
872947693
46883884
805121722
214884839
74421072
214884839
377425545
377425545
500000148
195487204
500000148
500000148
952430094
935972989
156367539
497209453
497209453
497209453
497209453
991023436
405398992
544774603
423863334
977744296
977744296
977744296
977744296
168230177
440666794
722238360
757565764
91205001
440666794
401160593
489342836
489342836
500000148
500000148
935972989
119201632
529183915
956878306
163045458
958658493
24116902
35360210
35360210
35360210
35360210
583336394
198974106
198974106
198974106
935972989
91205001
312090379
312090379
312090379
935972989
600755093
538167550
841626657
841626657
841626657
253775345
114145015
630658401
872947693
630658401
360544882
340515061
340515061
340515061
146126207
398142535
956878306
838508292
579629553
579629553
975074999
975074999
935972989
319591274
653550223
500000148
398142535
583336394
91205001
804222633
334941417
784964168
66225872
583336394
66225872
66225872
66225872
66225872
19549985
506329366
66225872
66225872
434051794
66225872
952430094
633544363
91205001
872947693
594610443
594610443
857974373
594610443
594610443
857974373
434051794
440666794
880786941
880786941
441925406
824437489
441925406
434051794
301145810
724367195
457149787
355131157
457149787
500000148
457149787
457149787
441925406
60532946
264085652
434051794
583336394
73922219
208564668
73922219
252398518
208564668
872947693
872947693
637814481
94322683
440666794
956878306
590750064
564009912
4406535
4406535
872947693
91205001
224883527
96955942
96955942
96955942
480458521
440666794
196628904
500000148
716104079
716104079
716104079
760082868
405398992
618945413
434051794
654793193
423453907
583336394
597298694
640594740
597298694
872947693
440692945
640594740
473882173
323844674
991209058
952430094
952430094
991209058
862456156
551804983
849010954
640594740
594294532
244159287
244159287
244159287
797826845
797826845
952430094
808458507
952430094
872947693
293403775
793102918
551804983
49133595
748463433
49133595
81632462
81632462
228812399
228812399
947162039
419913788
419913788
274401050
367606004
500000148
102209822
102209822
808458507
212884822
486746752
434051794
224973251
500000148
748463433
110634756
748463433
551804983
110634756
137916159
434051794
963345036
963345036
963345036
976582307
976582307
421910115
682489445
872947693
434051794
864340243
551804983
864340243
583336394
164176561
164176561
347070500
770995266
347070500
566439397
243776813
566439397
877999457
877999457
566439397
583336394
941590512
416046430
941590512
941590512
645082243
440666794
610083890
566098479
610083890
748463433
101369549
124286939
473744981
473744981
137916159
748463433
342781844
227863412
227863412
124286939
957555283
674649694
674649694
674649694
697707743
88555068
88555068
748463433
770995266
872947693
88555068
748463433
171978763
859067496
952430094
825979491
171978763
279580991
55941110
895685803
895685803
895685803
895685803
440666794
895685803
957585639
271517433
872947693
55941110
748463433
167487047
44233635
409704092
769438078
812345047
952430094
769438078
649376466
326325336
935972989
326325336
326325336
769438078
195842274
872947693
952430094
785935185
392791017
838663159
225542415
935972989
313488475
892340109
846863079
583336394
645680686
645680686
762832414
762832414
762832414
762832414
393434997
762832414
59249492
59249492
457158540
132623263
915919316
915919316
915919316
500000148
157813019
157813019
238253143
367255723
367255723
367255723
367255723
935972989
144290734
105939208
105939208
211172486
583336394
954851775
318162492
318162492
900640764
935972989
11273859
434051794
19514928
63498248
491522853
440666794
148492416
2727464
491522853
166436203
2727464
236370270
993499997
226199510
714190711
105109493
714190711
714190711
434051794
105109493
953162057
902867287
632654881
935972989
63498248
833408976
523212020
523212020
656050211
656050211
511994195
511994195
967567580
967567580
451676635
225520425
710375625
710375625
978596348
710375625
710375625
710375625
583336394
998634089
998634089
998634089
216551717
872947693
254859172
254859172
336498401
627123326
530503337
558843643
530503337
593846599
593846599
593846599
313391939
530503337
872947693
530503337
500000148
583336394
872947693
63498248
15459191
421973223
764794203
764794203
935972989
440666794
671236080
295117601
295117601
500000148
736779742
736779742
864884230
872947693
66741409
391379613
557637024
828901912
721536058
214902189
99669967
99669967
99669967
62190713
64562491
63498248
849610708
845660682
828901912
63498248
721536058
849610708
34255898
721536058
34255898
583336394
828901912
620907145
620907145
121796719
694827381
63498248
807903723
310847249
310847249
671236080
952430094
310847249
310847249
91898548
885949502
583336394
335005105
885949502
307428967
49331412
935972989
499950395
499950395
434051794
49331412
484152565
440666794
49331412
952430094
49331412
921304532
921304532
434051794
499950395
464162952
837375628
342021437
65699217
342021437
342021437
440666794
342021437
671236080
14922677
14922677
583336394
452644945
583336394
484152565
806124877
500000148
583336394
63498248
447544296
434051794
872947693
308041469
168834041
711834663
499950395
73107457
408451075
93596241
440666794
998254649
484152565
484152565
583336394
440666794
483651289
872947693
864996864
484152565
641649924
484152565
54278143
54278143
26356521
458800588
872947693
952430094
904928932
904928932
142946633
872947693
759661198
698292193
484152565
196408037
434051794
671236080
196408037
151952474
196408037
952430094
665128457
206067420
671236080
573736333
355424862
583336394
434051794
32298067
67875798
248838090
952430094
833672395
952430094
16661397
16661397
16661397
16661397
16661397
16661397
375603092
10101236
243226178
952430094
197090465
626290144
191129992
191129992
500000148
732803365
440666794
834106271
872947693
625046483
500000148
625046483
583336394
625046483
872947693
625046483
625046483
626969368
533970292
533970292
533970292
533970292
533970292
94666481
94666481
94666481
498889520
579500417
952430094
5784052
835751951
246576959
500000148
223411293
223411293
872947693
583336394
235566567
775877569
280981781
290573988
583336394
20773071
949061402
949061402
911914401
911914401
302852383
405880347
824903711
256779553
872947693
272346274
278938384
272346274
272346274
375603092
626290144
180995831
918949904
156238507
434051794
500000148
127558928
127558928
225502388
225502388
408698991
886010938
408698991
408698991
583336394
13557061
13557061
51912148
496311148
434051794
543230872
567035914
713466480
872947693
713466480
440666794
675014121
800599392
34770426
872947693
800599392
434051794
34770426
952430094
806273993
543230872
824903711
440666794
806273993
435597391
435597391
435597391
543230872
952430094
61929507
964960134
883729394
626290144
198830598
198830598
198830598
198830598
351445227
177044987
177044987
177044987
440666794
952430094
213815010
213815010
27151630
27151630
27151630
27151630
659058255
290263649
282264639
500000148
583336394
747506965
238399248
238399248
884496204
864069701
256589311
524123294
524123294
33443807
631442123
631442123
129873331
440666794
33443807
129873331
731502510
539005791
440666794
84258876
84258876
84258876
84258876
532795333
532795333
375603092
471995606
500000148
733657870
733657870
733657870
733657870
561259178
561259178
561259178
836154136
561259178
83082921
844875210
375603092
422434589
76092146
76092146
440666794
872947693
674537711
471995606
395752092
395752092
471995606
427396939
427396939
868269133
941848833
518637324
518637324
872947693
891739412
375603092
610736258
610736258
610736258
583336394
932728251
932728251
785635373
471995606
443169153
500000148
314286922
626290144
314286922
906623455
855926961
309171478
523957617
434051794
353896887
704269699
704269699
704269699
309171478
162514295
609272941
609272941
375603092
408562812
933715722
933715722
933715722
47640847
408562812
836154136
434051794
189229125
496257423
500000148
163132938
608139153
163132938
500000148
375603092
608139153
743616497
608139153
434051794
29723500
375603092
500000148
392597066
583336394
392597066
872947693
129217689
129217689
309171478
988337441
309171478
434051794
828938536
482902609
482902609
174735802
174735802
692548579
3175706
3175706
309171478
375603092
167670747
313005648
926248367
500000148
583336394
952430094
497604834
440666794
599590496
109011755
375603092
260484311
590796925
626290144
956173262
751412992
751412992
224471898
952430094
73900433
73900433
924837261
469823451
469823451
469823451
292366866
292366866
292366866
583336394
223447557
500000148
872947693
985307240
985307240
352124436
390192255
429947444
8562842
8562842
690447775
836154136
8562842
595152284
728921693
440666794
626290144
715557686
54509415
715557686
952430094
27424089
27424089
27424089
54509415
27424089
27424089
27424089
952430094
836154136
952430094
153519867
872257175
38485410
91597331
146636554
352608831
129206184
974263461
583336394
526712594
974263461
918794839
974263461
500000148
701819484
883096849
434051794
7666175
503892085
7666175
500000148
7666175
753286437
503892085
274927458
718024818
742012102
872947693
583336394
500000148
819115435
583336394
819115435
55239520
434051794
434051794
56702984
56702984
724191773
653764046
653764046
653764046
94380053
810608681
470019030
872947693
214242410
969544937
969544937
490292952
706585328
706585328
31423014
457897784
500058192
616547002
891933039
500058192
500058192
500058192
293182322
47709742
481457445
918794839
828304179
272995053
272995053
500058192
118990388
500000148
563433402
563433402
872947693
319480996
319480996
319480996
920918732
920918732
920918732
12622823
636839751
636839751
636839751
636839751
500058192
180494720
872947693
44068276
44068276
222755911
202700961
31423014
754231214
31423014
754231214
754231214
699760491
516163086
191302044
470264387
191302044
434051794
247452434
247452434
856218106
71854525
583336394
102368961
102368961
250621800
889247255
18188516
189328568
417072774
419135297
729319212
729319212
729319212
729319212
503892085
729319212
729319212
230615656
592145521
592145521
500000148
712589263
712589263
712589263
253363761
20597956
872947693
884721818
856218106
884721818
884721818
884721818
757528733
500058192
419135297
662542785
992245820
992245820
627458692
731291817
74712112
862747232
742356258
500000148
526633350
740456854
740456854
324307606
731291817
230395752
13233765
503892085
731291817
135621044
500058192
917240631
952430094
47342618
297428419
135621044
583336394
952430094
583336394
517753019
517753019
872947693
142341837
142341837
263848094
862747232
280129346
815085558
952430094
434051794
135621044
959264032
959264032
500000148
135621044
488901369
697954366
135621044
253363761
434051794
566734656
500058192
757528733
135621044
253363761
862747232
272824180
895769028
952430094
900489284
900489284
900489284
900489284
135621044
182341682
182341682
555367556
419135297
143240570
143240570
79162008
942859057
942859057
583336394
942859057
862747232
942859057
434051794
942859057
5995877
924323736
5995877
924323736
757528733
646667271
757528733
616768166
135621044
503892085
163357492
72371485
872947693
952430094
30549655
808623320
568828989
500000148
808623320
253363761
808623320
59859567
913656014
913656014
913656014
454181491
30549655
719762474
943799680
943799680
500058192
766386961
766386961
769974438
766386961
769974438
846947135
964721601
419135297
967725261
967725261
419135297
503892085
323954233
500000148
323954233
253363761
323954233
767792994
446396966
253363761
872947693
346450535
500058192
28490011
555845555
503892085
28490011
555845555
182888868
419781110
583336394
638983255
503892085
820774441
419135297
845303267
408530804
908944167
908944167
908944167
434051794
568828989
419135297
139192775
682371262
583336394
591143129
412554492
174106595
104267248
104267248
895031281
751379802
324187003
837571855
763233187
613133601
301898727
952430094
150597824
236400083
575253718
583336394
500000148
200082419
500000148
833174635
869376643
932136688
932136688
667808135
283796620
532184904
123066854
123066854
491196272
123066854
659972898
5917921
851458703
851458703
851458703
491196272
805475086
448989860
448989860
448989860
448989860
448989860
583336394
517652762
985244969
287808965
287808965
287808965
500000148
744841841
744841841
129323395
744841841
744841841
491196272
500000148
860555544
764392991
677803828
930789628
930789628
939654992
692825225
583336394
692825225
491196272
491196272
613133601
517652762
50207773
443226463
749587610
32028440
404094893
672807039
672807039
575253718
500000148
500000148
59507018
71695969
70355709
70355709
583336394
950138984
986666815
59507018
239450993
332824316
366378471
77574998
620861122
757340076
764392991
750982066
750982066
59507018
257347135
257347135
257347135
400311704
400311704
227194719
575253718
757340076
266329065
575253718
284792737
517652762
27111409
462036213
757340076
977335156
575253718
110762107
757340076
565851214
18364304
378755206
378755206
59507018
378755206
575253718
549950822
549950822
549950822
547592832
398272433
575253718
190773700
309114416
246177313
303377080
129882544
129882544
575253718
243432207
18382208
275645341
517652762
590658174
207895545
532346120
197685307
952430094
491196272
918983169
918983169
366983637
366983637
366983637
517652762
490300271
442514122
442514122
365569357
335777852
757340076
382886922
517652762
771917824
771917824
771917824
340852493
764392991
547592832
764392991
347472520
286626982
85888084
92392385
478678795
500000148
597933123
74756177
74756177
74756177
617663305
952430094
129550635
905514653
905514653
29608188
397189497
500000148
59507018
952430094
547592832
757340076
252124096
547592832
397189497
500000148
688713913
757340076
547592832
564995948
564995948
668979160
575253718
668979160
491196272
668979160
668979160
764392991
575253718
625671746
110510767
110510767
764392991
100720590
574693809
324786864
575253718
672782837
219028857
814881082
814881082
472847855
84042795
84042795
517652762
547592832
314166360
764392991
831407981
700186558
775307440
709630655
500000148
98484477
154103774
71772825
316607460
316607460
547592832
547592832
643307030
217252445
217252445
217261522
491196272
178108067
952430094
585317055
547592832
576593677
934762717
934762717
576593677
214149921
500000148
854880982
557908653
245168703
528561764
16306185
16306185
409413039
20123891
615666029
543176480
8337441
709838191
952430094
491196272
517652762
254722974
895679036
500000148
721668529
21989209
639582814
547592832
900495942
21989209
583336394
191492921
575253718
537727984
406619180
406619180
406619180
952430094
924956224
924956224
575253718
924956224
924956224
924956224
547592832
880023087
913381568
48525986
144139866
414775627
52505314
79413669
79413669
491196272
944411951
324456481
324456481
619563208
619563208
811566422
811566422
619563208
619563208
583336394
517652762
494758022
79413669
755493385
755493385
547592832
495157603
811566422
855547983
811919008
952430094
426749276
426749276
897469604
981632045
547592832
517652762
830139375
897469604
830139375
219427586
778655158
778655158
952430094
960941138
583336394
517652762
547592832
993343518
993343518
734569456
491196272
348999849
79413669
715903983
65577103
938908490
938908490
938908490
811566422
106792322
106792322
967849829
106792322
348759737
106792322
65577103
874814939
874814939
517652762
568286791
517652762
568286791
568286791
568286791
583336394
811566422
65577103
79413669
517652762
83784173
83784173
83784173
59507018
53962615
396468818
396468818
903934252
951012750
477608049
79413669
484859957
15965621
285344609
983738094
502090884
983738094
952430094
684740798
497492536
497492536
553449902
553449902
553449902
433337156
583336394
433620945
491196272
969788385
735016474
491196272
735016474
811566422
520883410
467886166
59507018
941138771
770696729
500000148
491196272
371388526
371388526
854227699
978515155
763113931
952816236
952430094
763113931
851666476
547592832
491196272
79413669
811566422
483530118
665055195
79413669
232683420
554887897
59507018
984830742
763113931
59507018
984830742
984830742
984830742
702077651
500000148
59507018
656599986
79413669
702077651
843214153
547592832
843214153
445367856
843214153
843214153
491196272
491196272
200736682
500000148
79413669
909155176
349740271
59507018
246979006
763113931
952430094
445753885
491196272
575253718
445753885
500000148
166722089
236293922
236293922
236293922
902533960
902533960
363855686
59507018
208862781
731269545
898392889
530529968
530529968
122265846
583336394
673048377
232808786
232808786
905318560
10673907
923841310
451405073
379913535
247586621
247586621
622503025
622503025
622503025
952430094
811566422
450493436
507883206
241984298
788790014
788790014
763113931
727944028
727944028
981107274
491196272
59507018
575253718
117740802
808877229
547592832
59507018
228841731
881123350
811566422
788034719
199066915
811566422
517652762
870986012
870986012
811566422
952430094
858550239
537206886
537206886
48680317
528177083
122320547
122320547
405348636
741957258
405348636
952430094
741957258
391120801
77097255
952430094
811566422
723526449
723526449
811566422
580168711
952430094
195039896
575253718
195039896
606839965
483197663
792285613
792285613
437596320
437596320
437596320
307724153
336368913
792301557
792301557
31992861
562384666
31992861
878453115
483484489
483484489
472994027
59507018
878453115
31992861
52471137
583336394
370225668
105172775
126615225
48777378
399523989
934714769
399523989
399523989
952430094
11098251
783424139
900587099
900587099
59507018
6598900
952430094
624915054
624915054
934714769
672800075
99720703
350656104
350656104
513824411
501609118
501609118
501609118
348260309
896272270
896272270
896272270
500000148
681808525
575253718
154462794
146265939
879805584
879805584
179528143
400217782
877294304
155347390
155347390
290054069
155347390
155347390
155347390
155347390
290054069
575253718
155347390
474033357
474033357
283130087
583336394
59507018
322679195
477646433
743923620
805295902
163777798
98343333
893113963
491234219
314324547
73613821
73613821
960111338
583336394
480361709
784246520
589743340
871038806
500000148
500000148
605505098
314324547
871038806
509454882
314324547
805295902
283130087
503741103
503741103
503741103
283130087
429255362
429255362
781630822
613380008
509454882
509454882
411878734
722290066
952430094
487414598
148980388
292189776
138082446
849191028
810937135
583336394
993312376
993312376
381595399
381595399
586056351
381595399
381595399
713924091
509454882
389783439
96799384
389783439
253559216
253559216
940279438
314324547
184013170
894967439
575253718
854738902
831665769
511937725
831665769
383890474
383890474
383890474
383890474
383890474
383890474
367800136
638003404
982157347
846382790
982157347
917430582
575253718
575253718
137041438
509454882
210871472
825668868
172300690
843040655
843040655
59507018
343581524
343581524
343581524
343581524
343581524
522016607
952430094
319016215
319016215
314324547
518685292
575253718
269401865
269401865
394238913
583336394
874775825
491196272
500000148
393963046
491196272
740809723
210871472
59507018
314324547
491196272
500000148
340205671
95871992
500000148
617986367
491196272
59507018
793957475
793957475
793957475
665897799
59507018
575253718
210871472
914312050
914312050
575253718
82256982
841427345
659057580
854274689
854274689
854274689
854274689
456255811
583336394
613393328
82256982
575253718
905276533
489144765
486742310
914312050
184013170
952430094
492544233
45472254
698780441
184013170
698780441
698780441
887141038
887141038
314324547
925232593
187593639
227685178
774828205
774828205
774828205
575253718
509454882
716156416
373221126
509454882
723901987
509454882
928330518
210871472
182854927
417192551
491119154
607791635
646015353
646015353
952430094
500000148
515868922
878563941
623342761
828123083
575253718
500000148
683874394
394953232
101727230
394953232
394953232
516751630
952430094
500000148
583336394
204143878
204143878
198045475
579917750
575253718
500000148
539221953
539221953
952430094
539221953
583336394
110473828
6361084
6361084
6361084
952430094
28560262
912270685
583336394
359529585
676250671
912270685
611447830
78304358
491196272
78304358
78304358
830836902
611447830
929342303
952430094
468481934
575253718
359529585
904767864
904767864
925361693
583336394
56466907
56466907
925361693
500000148
104657731
104657731
583336394
359529585
468481934
494761302
513205074
835219498
513205074
500000148
563619171
611447830
359529585
367686416
268399311
611447830
728401033
468481934
388557637
618919460
575253718
26345924
487142116
678212566
906678421
228691570
228691570
845833060
474310566
158538742
158538742
359529585
269913969
618919460
831684386
479776151
479776151
571581639
571581639
571581639
571581639
315695754
315695754
359529585
500000148
583336394
482568201
850032394
635407108
269913969
635407108
635407108
491196272
383128528
952430094
125963342
611447830
769135725
71787420
500000148
500000148
269913969
611447830
257528942
459891450
59507018
158135231
59507018
359529585
439465035
365628792
439465035
760918982
125963342
142484873
877561700
468481934
877561700
877561700
122061418
62358693
513523570
274185970
274185970
274185970
274185970
195506879
274185970
274185970
364816519
364816519
364816519
364816519
364816519
583336394
7100336
500000148
156408858
609044085
155740671
240043170
47834362
507011139
515015023
583336394
828123083
993110143
993110143
993110143
993110143
718754325
718754325
584346099
763450786
763450786
491196272
763450786
126997693
359529585
241387384
290353481
241387384
290353481
62358693
229072821
420492979
430663833
59507018
853543853
567612001
853543853
853543853
491196272
828123083
359529585
895487531
195129776
836453125
836453125
836453125
748968848
362797242
319968796
319968796
828123083
907561969
527006432
575253718
828123083
34853666
226334643
107723796
575253718
247611501
269913969
500000148
491196272
162019647
162019647
162019647
33047583
62555686
816747850
62555686
62358693
233760957
140219845
583336394
156408858
541516687
541516687
146313310
687031461
971984453
506861244
283640559
382494349
97682661
59507018
491196272
53853227
720071576
497874984
986145953
359529585
986145953
805717108
952430094
491242644
491242644
767503189
767503189
359529585
491196272
812469055
36586146
36586146
681296688
681296688
681296688
681296688
442960874
952430094
976020736
562692657
52925687
52925687
52925687
583336394
52925687
52925687
359529585
398564073
593542467
593542467
976020736
312814244
941028223
618359976
618359976
776138100
491196272
500000148
43994733
359529585
418751403
641198504
529112652
529112652
677641933
500000148
721889048
721889048
721889048
817642059
651546770
618709903
41840561
940404535
720071576
940404535
919995061
919995061
919995061
919995061
952430094
775637505
775637505
941028223
775637505
759053556
547700295
720071576
341353921
445253984
40281014
896174538
896174538
896174538
896174538
896174538
605672061
373648590
992534770
992534770
992534770
992534770
496176883
479932794
788096273
496176883
359529585
199803115
359529585
952430094
785650888
59507018
232597767
290136694
361865732
175019421
303003600
583336394
566785232
520244233
803649704
763729012
803649704
361400548
673170770
575253718
498615694
583336394
803649704
307624161
952430094
763729012
180268967
525600330
654130896
803649704
763729012
706776223
290136694
52524028
73999864
73999864
763729012
290136694
505716235
803649704
359529585
539303476
206932954
952430094
58661268
279633665
789543429
359529585
673786926
673786926
777442699
777442699
117339314
117339314
401257875
803649704
479932794
232939260
797686206
93581962
479932794
93581962
127734844
479022128
479022128
803649704
680824907
59507018
137027687
335729748
803649704
59507018
583336394
359529585
86225750
647228596
721946601
122173877
344155927
418317431
418317431
763729012
500000148
359529585
984945704
339356134
234840864
408492554
763729012
359529585
479932794
262814917
97483466
985882774
583336394
985882774
803649704
12987609
583336394
434356335
334303037
769006248
583336394
46571164
46571164
471125946
824757126
862881804
59507018
359529585
727743787
491196272
553800063
59507018
407235161
491196272
421758950
862881804
575253718
421758950
583336394
479932794
421758950
440874587
270307486
583336394
334101771
913607527
451981299
567498365
634120347
562817950
491196272
357596778
758235960
758235960
575253718
583336394
59507018
40421774
865482325
865482325
566011021
792973762
865482325
655720
655720
66848972
575253718
575253718
167102612
797431224
24261115
24261115
491196272
137363597
756900035
583336394
762254463
575253718
575253718
592459109
419426253
779034569
583336394
13094878
144614865
266697463
575253718
987685083
266697463
266697463
266697463
523190293
541350091
762572066
762572066
674151388
674151388
239095208
861481685
204158738
952430094
123079631
204158738
491196272
23916691
59507018
575253718
670591272
670591272
123079631
670591272
912817765
255737492
782706967
782706967
773238526
575253718
59507018
768606537
768606537
123079631
23916691
478600350
500000148
478600350
833295813
500000148
478600350
583336394
23916691
300020362
892444819
892444819
28200539
23916691
235685552
254241204
59507018
254241204
491196272
287309212
534433550
110602924
556546256
24613579
175384290
952430094
252280153
235685552
32716918
32716918
800386716
575253718
123079631
499931433
305999295
305999295
118722972
575253718
59507018
575253718
556546256
583336394
576982882
742881894
723471591
491196272
575253718
744446403
639632948
558290864
558290864
491196272
941173794
583336394
23916691
123079631
818856087
194499984
40974808
40974808
40974808
652992921
575253718
542170531
59507018
407546071
327484436
647437112
23916691
373570467
967354725
23916691
69963086
575253718
95981100
640726913
301037814
640726913
582159702
648864940
849856159
849856159
911238264
488201573
889313084
889313084
582159702
889313084
23916691
583336394
575253718
59507018
484394506
491196272
556546256
583336394
123079631
247404940
730310037
788232075
491196272
123079631
456454598
531049992
121584052
456454598
23916691
23916691
881023021
881023021
491196272
555066751
517598353
460102192
47122334
47122334
47122334
47122334
47122334
47122334
952430094
16245855
582159702
123079631
500000148
363968921
165934489
582159702
165934489
165934489
633159136
971913123
756311358
270131849
520995329
488036643
673466551
673466551
933675224
575253718
933675224
677747445
868365841
583336394
677747445
575253718
970477227
14419171
187519447
20187703
23916691
155548980
96711278
96711278
96711278
776234142
815817473
119553079
561956832
313023796
500000148
561956832
336029082
624374276
624374276
4813744
500000148
493622151
693030449
59507018
788330232
788330232
788330232
763514244
542124193
906917543
575253718
886270749
583336394
59507018
359911069
151354204
59507018
659070931
952430094
570758908
59507018
59507018
540088815
575253718
952430094
625621270
980721641
980721641
583336394
46080732
46080732
46080732
46080732
46080732
383657786
500000148
775132922
775132922
291647564
123079631
540088815
775132922
23916691
775132922
775132922
291647564
496312504
908271684
752285078
23916691
595892092
243926316
500000148
52298910
123079631
151412012
33953513
225122581
575253718
803809666
895757333
196608161
197788794
123079631
491196272
197788794
197788794
59507018
528577858
873734699
575253718
59507018
107405203
642792318
575253718
572960615
450519926
485246351
485246351
121337287
59507018
730561851
952430094
730561851
575253718
452355378
665306695
7396617
575253718
810430793
950656571
598005027
755759591
491196272
629604108
281098929
449943368
575253718
633327868
185336382
97696573
23916691
97696573
97696573
97696573
466748048
466748048
491196272
466748048
629604108
59507018
381273922
583336394
839681997
629604108
23916691
575253718
509732541
533611322
752285078
575253718
23916691
373098668
123079631
705066937
705066937
629604108
491196272
697452680
697452680
689518106
448953122
448953122
583336394
906515634
123079631
707689679
123079631
500000148
101147286
863696719
863696719
88036398
629604108
583336394
500000148
285779051
59507018
285779051
583336394
377332290
575253718
121746236
443114026
121746236
575253718
859348934
93258948
952430094
500000148
498988741
498988741
500000148
498988741
498988741
629604108
20971425
190051472
980461401
927817734
123079631
286673790
583336394
123079631
286673790
659163990
659163990
403307328
299538036
181910214
952755940
671305796
752285078
329596184
329596184
752285078
515992888
515992888
299538036
119292119
491196272
491196272
299538036
127907241
127907241
127907241
127907241
127907241
127907241
127907241
491196272
975391316
800793345
570991283
648780712
648780712
648780712
23916691
599962793
751657052
494884159
59507018
752285078
500000148
261729016
59507018
59507018
401512435
59507018
713639920
713639920
846159848
439971767
527031730
462721494
824947792
491196272
271080221
949847654
949847654
936194062
112600488
112600488
949847654
500000148
123079631
540802898
200396344
200396344
200396344
59507018
752285078
952430094
524039056
952430094
44994106
123079631
44994106
44994106
447537948
936729828
23916691
905075243
23916691
767352022
767352022
506845767
500000148
540802898
539487215
925845654
952430094
575253718
583336394
233339736
233339736
59507018
435712475
435712475
435712475
435712475
23916691
378245857
176037044
583336394
59507018
743451250
172844248
172844248
577547741
466562117
500000148
869005777
445993628
535145106
535145106
535145106
535145106
535145106
535145106
34313493
209566100
123079631
491196272
675956994
491196272
218452934
583336394
575253718
404218896
59507018
404218896
404218896
855829541
413396936
500000148
522914065
899734786
899734786
575253718
716508752
841497369
841497369
798593357
54740505
821978360
583336394
828917731
655674948
998779621
952430094
916762766
952430094
287215728
65759300
65759300
537238290
144056916
491196272
148032370
735553113
735553113
863109063
341264449
537238290
444648307
537238290
198595803
968354751
424027483
758623241
258315538
298097445
952430094
888009190
847605345
602709295
621858211
148032370
621858211
298097445
290721132
403763548
198833033
198833033
891014205
968354751
67864653
502710906
602709295
36002734
952430094
438335231
320635487
167565390
968354751
328411842
608813369
438105884
847605345
950086640
753178827
58460897
608813369
513950500
513950500
753178827
968354751
836295522
496475232
496475232
496475232
952430094
361677239
892749953
491196272
824274432
591101122
583336394
148032370
140728916
90931986
90931986
90931986
80623074
80623074
55048525
950086640
287215728
301101268
301101268
491196272
194075150
583336394
194075150
678657599
678657599
331357948
331357948
264014057
305316516
569878128
569878128
569878128
650520767
287215728
847605345
139212553
139212553
139212553
583336394
425812111
148908247
610257962
182964004
182964004
148908247
148908247
276895157
276895157
276895157
950086640
276895157
426964856
214744091
287215728
396849021
950086640
968354751
641142714
950086640
148032370
622200569
802171958
787938264
517105856
141609482
517105856
148032370
583336394
894747688
610257962
25009869
383692417
210535890
583336394
483727249
456975369
952600551
952600551
2779291
287215728
583336394
789662104
255726704
847605345
255726704
491196272
110375521
110375521
110375521
9496821
894747688
148032370
9496821
908845440
20660203
583336394
583336394
102554842
959266570
471269392
934898401
1680915
1680915
610257962
72047064
967780422
952430094
967780422
246746517
246746517
491196272
959266570
583336394
952430094
148032370
373461759
610257962
667370612
667370612
667370612
894747688
667370612
877154522
857970003
456750375
968354751
466848069
857686001
287215728
491196272
958811764
843201619
847605345
906769762
11394664
478558744
478558744
492770282
492770282
863009595
491196272
42155814
148032370
128573466
397305707
500000148
103210280
397305707
330940265
330940265
383409735
771175999
175207763
561462208
547269156
561462208
561462208
397305707
524848604
952430094
952430094
700924813
163826395
370534826
370534826
370534826
370534826
370534826
148032370
42155814
925668840
37060157
397305707
37060157
37060157
964965254
128664619
134857085
645583204
645583204
491196272
727848041
727848041
174392081
148032370
491196272
952430094
79892997
79892997
148032370
913170989
952430094
491196272
217190153
596411030
217190153
217190153
287215728
264768345
264768345
11329287
148032370
380941437
500000148
42155814
148912801
733291483
733291483
15379455
42277847
564334015
42277847
327215903
583336394
500000148
571029691
981727486
952430094
425325112
57755648
57755648
96727888
317367
317367
455596012
532269638
561118295
600834209
322458292
513513544
847605345
581327926
607852447
348057332
847605345
542158513
542158513
542158513
15379455
148032370
542158513
744841905
542158513
201862565
542158513
43623894
43623894
43623894
43623894
527372735
725303701
550632197
608920050
611565637
137273787
148032370
489846734
489846734
540599950
456063898
540599950
540599950
540599950
749573543
540599950
82904903
360996597
800650676
800650676
876803473
876803473
777431422
276932675
276932675
386831228
996377572
996377572
398409838
398409838
691704828
691094357
691704828
777431422
260732181
260732181
76285993
479166937
15379455
717254294
527521383
527521383
749573543
165077535
165077535
699890393
15379455
987043822
681541319
583336394
777431422
681541319
681541319
749573543
744091405
500000148
10597279
331715392
961825422
746056525
471663916
777431422
668879675
323506710
287215728
947423013
952430094
799596141
249815974
749573543
914568721
249815974
15379455
583336394
326590896
749573543
565889627
101697963
777431422
203149386
847605345
749573543
148032370
148032370
359158086
359158086
593038594
593038594
749573543
186412314
251743589
847605345
373823834
842512476
491196272
842512476
749573543
583336394
913559525
913559525
913188074
980008440
913188074
491196272
341457237
341457237
947702067
913188074
730424834
75060356
767515399
486216343
25676141
613997953
777431422
991526916
749573543
847605345
411009762
411009762
500000148
387353980
844298063
912331995
633135117
691271419
663300036
966802509
151733830
652244479
663300036
803452912
583336394
814339954
814339954
814339954
583336394
814339954
814339954
814339954
638998059
367731767
148032370
583336394
491196272
453473536
453473536
623712106
427411179
715740612
952430094
715740612
921379388
715740612
726875820
803452912
350630023
874257233
350630023
611359344
350630023
847605345
451882179
391094305
391094305
665910465
665910465
808485211
808485211
15379455
458609864
458609864
974522625
248447984
233907133
248447984
248447984
56303059
165874236
94854387
583336394
500000148
467491721
847605345
495634360
138325081
847605345
915770275
803452912
495634360
495634360
541886541
236693585
24779363
865681783
865681783
865681783
500000148
718420224
148032370
148032370
991892856
952430094
716083183
235559214
716083183
583336394
586601834
847605345
235559214
613483925
100973146
613483925
616231633
491196272
552409979
398799314
972165193
287215728
583336394
287215728
123081816
952430094
365748645
365748645
388372015
972165193
365748645
388372015
964131392
402646094
491196272
804853811
804853811
804853811
804853811
100973146
388372015
363565505
804853811
292107601
157070259
371745407
287215728
786241783
100973146
786241783
847605345
146168683
85638476
85638476
100973146
738084132
738084132
491196272
738084132
163447629
363565505
500000148
100973146
287215728
388372015
847605345
847605345
178706728
735970275
483780404
483780404
672702645
491196272
672702645
672702645
672702645
672702645
100973146
921980729
363565505
659823450
634038449
952430094
928194777
440377
440377
500000148
106074221
969312519
234571176
234571176
287215728
500000148
100973146
500000148
18307045
287215728
18307045
18307045
18307045
388372015
952430094
833793542
450071302
450071302
178706728
432399822
9565084
287215728
9565084
952430094
421630837
178706728
363565505
421630837
421630837
287215728
635260331
512254219
726522392
358942794
149808999
287215728
663442739
299383104
370357028
512254219
477597938
585356309
847605345
500000148
482392730
624962210
624962210
583336394
737371331
439745417
669121497
669121497
276456329
276456329
167955279
500000148
310130716
310130716
310130716
178706728
582101710
503839151
503839151
503839151
630250167
630250167
500000148
485711262
316320188
570177324
570177324
570177324
287215728
493363617
847605345
300426045
202372538
880471744
388372015
840683957
921611562
921611562
847605345
363565505
654576006
320827488
696856194
929666884
744802434
847605345
621096386
453462014
519866614
519866614
519866614
500000148
287215728
388372015
512254219
229977664
358942794
200791305
977909724
679948901
952430094
651871757
512254219
68282023
631391811
535578129
952430094
980596681
774540559
774540559
903680651
720884870
449790656
771670489
449790656
54367589
54367589
178706728
274804846
274804846
274804846
274804846
839205853
363565505
363565505
883722725
178706728
296266120
3254192
178706728
452885878
500000148
934323976
225574925
771670489
712099044
934323976
596081663
548073566
548073566
771670489
712687108
596081663
948277002
583336394
948277002
631049386
911986261
363565505
358291600
358291600
358291600
533726210
533726210
583336394
525330129
707808053
828530759
500000148
828530759
952430094
731113033
491196272
178706728
846659007
340212694
248247237
248247237
248247237
287215728
847605345
374506621
137921737
137921737
771948312
888306033
380912982
186120793
287215728
178706728
937456350
583336394
556620002
741355236
771670489
680626733
680626733
178706728
902928446
902928446
902928446
69110155
902928446
619730247
619730247
491196272
968227092
149251025
600508543
926883919
902166370
847605345
178706728
358773556
277809666
890083402
450324656
890083402
577627677
891892467
952430094
178706728
952430094
358773556
961373628
478327847
221522293
756586066
583336394
577465929
756586066
540171098
92587314
416920910
847605345
363565505
302324007
69406218
994777582
761492927
847605345
330494997
330494997
363565505
121147796
330494997
877784868
847605345
305941715
305941715
100491543
516575797
178157873
178157873
178157873
178157873
576875810
962994616
646379954
500000148
363565505
416939747
881292295
416939747
496468809
496468809
496468809
496468809
363565505
361841880
361841880
581945705
969483980
746185527
318857810
952430094
625671121
625671121
10961770
10961770
476336986
340060030
109204503
293079742
847605345
657234546
657234546
657234546
788137047
230788035
543216008
766668958
766668958
287215728
571571725
424006108
662684879
526518463
310766232
615594268
541766131
541766131
392303728
661642964
330470257
632371045
415664743
952430094
585542228
811919164
811919164
811919164
811919164
811919164
811919164
899225648
473165814
899225648
859274306
71887316
71887316
694737437
694737437
694737437
940565216
940565216
793340119
491196272
970382099
491196272
560683719
970382099
560683719
392433476
500000148
495958487
310766232
952430094
938516233
834008984
834008984
7929014
500000148
622196906
958648087
964607552
560683719
70150586
560683719
529328274
491196272
273548336
463652193
733236241
733236241
568955148
733236241
905935160
434277525
510493493
491196272
655658065
594010651
491196272
463652193
152821523
500000148
879373733
560683719
934000353
788344684
788344684
41289150
41289150
952430094
98688545
952430094
434277525
392433476
719287672
510366076
510366076
9584296
212867732
258475204
392433476
583336394
392433476
434277525
910802308
265334709
72806997
72806997
952430094
54388036
560683719
943186970
943186970
559094947
688156650
688156650
500000148
491196272
392433476
985804477
491196272
985804477
925987442
939683973
939683973
362627203
362627203
500000148
337010149
898233288
337010149
554241921
554241921
491196272
637811467
929107926
204457544
990635868
990635868
649221287
649221287
649221287
498857917
491196272
492342750
885733400
392433476
492342750
719443806
719287672
392433476
491196272
506348206
506348206
207532079
350974401
350974401
350974401
350974401
989212009
989212009
989212009
280588460
57574067
434277525
57574067
340480050
57574067
57574067
315436832
719287672
194367318
194367318
264078320
264078320
952430094
264078320
394712183
344677396
885733400
344677396
344677396
9330663
434277525
952430094
750373576
744316642
517242111
517242111
340480050
586994388
88851927
88851927
648796027
344323570
648796027
16768861
583336394
821843673
952430094
952430094
249327509
392433476
266134370
952430094
952430094
261656578
500000148
520300788
520300788
392433476
985116675
560683719
52777722
526873413
491196272
526873413
397883278
500000148
984511678
692421838
392433476
495685445
961323599
707595479
962370066
815228508
815228508
427575792
427575792
265523896
536700312
500000148
560683719
429753705
489301812
952430094
378221687
378221687
744116510
560683719
744116510
253186648
253186648
914563946
500000148
253186648
583336394
503135758
503135758
500000148
952430094
190922353
190922353
583336394
758624414
719287672
814991782
952430094
758624414
500000148
654251601
755297479
755297479
500000148
950822578
500000148
719287672
696343209
560683719
700883104
719287672
700883104
700883104
403377844
708049055
596237708
560683719
186611150
696343209
186611150
222415206
696343209
596237708
583336394
281466102
877367764
952430094
904308367
365225218
560683719
581385886
434277525
583336394
41925022
603008388
656952134
603008388
500000148
613452069
613452069
500000148
406604175
406604175
581385886
612217716
491196272
952430094
796378137
796378137
500000148
634745986
99287982
583336394
859013647
603008388
859013647
859013647
859013647
696343209
792330618
675354323
675354323
675354323
30286537
853915058
829801402
634745986
829801402
541857623
491196272
479461052
430653641
430653641
948408113
430653641
38670854
787608426
367806116
874139030
874139030
874139030
874139030
26258094
645753333
645753333
500000148
975044475
285560752
386207991
386207991
425808414
182374207
586829025
233228920
516356684
500000148
743437487
541586471
541586471
541586471
541586471
707473538
178132583
174968962
952430094
516021216
583336394
716642010
260414469
593553174
923292581
923292581
815263291
147633541
287157143
738031542
918634861
600503871
14592179
455479451
167519881
628016022
89562017
882539905
882539905
8533153
486947835
486947835
486947835
486947835
287157143
160186829
738031542
974641968
455479451
974641968
583336394
579126122
579126122
579126122
583336394
185942430
467950240
467950240
467950240
467950240
467950240
739201661
242048964
739201661
739201661
739201661
173866661
173866661
955801002
583336394
242048964
600503871
150110772
790911644
974641968
892976467
150110772
892976467
500000148
500000148
876715141
243592934
719287672
793862789
793862789
748282677
719287672
879412321
440567838
440567838
349545791
218720078
500000148
958484965
498827347
958484965
196300938
879412321
960238823
960238823
952430094
120010474
960238823
578730168
974641968
640222181
500000148
583336394
573109929
879412321
856421822
856421822
574255603
491196272
574255603
719287672
651786755
500000148
879412321
753058209
139178979
139178979
193736886
193736886
193736886
419867091
815263291
571547932
719287672
27155744
460597938
952430094
583336394
715778351
952430094
436395782
950524513
436395782
950524513
777942783
777942783
777942783
777942783
500000148
777942783
719287672
777942783
506420574
719287672
506420574
460597938
506420574
506420574
603785940
566558912
399033840
500000148
583336394
746980274
992660840
217773463
995222238
145484326
145484326
500000148
566558912
45601435
652299631
45601435
815263291
605120697
879412321
974641968
45601435
879935769
995222238
583336394
566558912
441597547
710915127
952430094
800458919
719287672
281676456
838003751
719287672
715517956
863063987
863063987
952430094
566558912
340586608
48499806
48499806
48499806
974641968
606054802
816974292
815263291
59030219
898204015
618530419
618530419
898204015
618530419
491196272
216001989
605120697
535458872
535458872
535458872
879412321
287083556
413325000
413325000
218176834
366623780
995222238
218176834
218176834
43290791
366623780
685829944
367145185
15816599
15816599
888448562
974641968
251022999
583336394
500000148
576322891
81830157
81830157
939071174
379134701
624178907
724656573
656899599
311738043
583336394
820454793
576322891
583336394
49151551
460180436
460180436
815263291
937176395
937176395
937176395
937176395
610140704
582196495
195774708
491196272
501413721
841546266
815263291
372153465
726647454
815263291
576322891
106946308
958234143
576322891
477525572
974641968
576322891
796518231
501413721
199108347
460180436
460180436
958234143
15091665
564155763
564155763
121772445
576322891
108092156
576322891
222460929
507814652
576322891
900984749
166142481
900984749
145354614
284825603
174356505
500000148
583336394
778533010
460180436
778533010
747428035
460180436
337110223
422007865
815263291
974641968
500000148
236208669
974641968
384134198
324753350
324753350
922651357
501413721
583336394
981956472
688596771
719287672
93961743
688596771
981956472
169467731
952430094
974641968
500000148
46248994
583336394
685696595
685696595
313169242
835157492
45122371
860797823
576322891
397569113
844407052
952430094
937191306
937191306
937191306
801876759
952430094
998107145
576322891
813567570
491196272
501413721
99609859
813567570
691804935
500000148
850160184
176723250
460096352
415764096
471543744
176723250
471543744
205305159
384134198
611457573
72830342
72830342
176723250
572901372
576322891
952430094
795307716
964607820
384134198
25975540
25975540
25975540
275638621
460180436
275638621
885773169
885773169
885773169
885773169
384134198
336087823
346349299
583336394
324568482
121603725
324568482
491196272
973585882
547009062
831410624
831410624
321123047
583336394
995018327
937622869
937622869
937622869
164746161
164746161
246618679
974641968
500000148
246618679
246618679
129762785
129762785
359777741
359777741
359777741
308829410
503325286
897377790
216225091
198421871
838830468
949507734
949507734
583336394
459288074
198421871
462562252
459288074
459288074
459288074
198421871
815263291
815263291
19027721
19027721
19027721
19027721
719287672
708555828
824560810
824560810
824560810
583336394
815344914
952430094
460180436
501413721
816903506
303653173
303653173
863435574
472709231
974641968
863435574
863435574
863435574
206878812
303653173
904141837
952430094
904141837
904141837
815263291
904141837
904141837
904141837
949507734
904141837
904141837
350860886
350860886
974641968
350860886
949507734
198421871
198421871
182636458
974641968
357921808
85353309
478729542
478729542
491196272
478729542
500000148
815263291
321560478
321560478
952430094
842498032
500000148
185236603
719287672
952430094
597955723
460180436
460180436
578939058
500000148
949507734
460180436
949507734
255821053
830299622
830299622
815263291
914112275
501413721
85170983
815263291
978716853
882395652
882395652
882395652
952552807
882395652
870377995
324947657
952552807
695597415
486829909
719287672
952430094
851945096
756678320
756678320
756678320
652071276
652071276
719287672
157319856
674987371
583336394
719287672
460180436
491196272
379802124
794286789
547735913
547735913
423739407
306055585
423739407
423739407
501413721
423739407
194086986
491196272
148593426
148593426
587952786
614026527
851945096
104682731
103696912
298100553
719287672
298100553
342664059
858482755
161575427
717228126
486829909
155638272
155638272
500000148
815263291
670532060
491196272
952430094
268631651
748249890
748249890
748249890
974641968
748249890
957459019
844617592
34867783
520090300
815263291
583336394
952430094
502614374
828153363
357703483
828153363
583336394
828153363
828153363
974641968
596076220
596076220
596076220
536565214
536565214
274425528
392883147
719287672
363517537
541822927
862704628
862704628
491196272
294509899
851945096
150327817
358584073
358584073
71990041
137268760
460180436
363517537
137268760
500000148
952430094
851945096
21469637
21469637
21469637
491196272
657116746
21469637
21469637
21469637
815263291
336722938
443951132
664328084
362431313
798715592
487753218
974641968
367281491
952430094
853546996
218019733
142648575
142648575
649479990
521588023
488375156
362431313
500000148
952430094
487753218
160191516
487753218
815263291
152008419
554237121
719287672
556316760
461182548
461182548
393050744
393050744
501413721
313011590
313011590
899070527
342528020
822642773
59080691
960132930
960132930
859763391
910875700
719287672
555504215
555504215
974641968
188368403
786611759
600198519
599622679
599622679
353130985
921613632
747587949
224133456
574717261
719287672
188368403
453677481
719287672
753295300
546055717
535315508
54099769
188368403
583336394
622604378
622604378
68729062
68729062
552656363
531136105
531136105
531136105
531136105
531136105
176080685
974641968
983429566
180166975
587470685
587470685
552656363
360311572
505137271
505137271
59080691
491196272
583336394
58962660
974641968
583336394
583336394
188368403
983429566
521493313
521493313
952430094
959808203
188368403
959808203
587559890
500000148
830384715
18280481
552656363
500000148
996686861
621679069
188368403
990280427
990280427
500000148
575581103
575581103
575581103
583336394
575581103
788497790
691110408
909811583
909811583
583336394
719287672
952430094
583336394
952430094
566051344
728672646
925131293
16430060
952430094
54087479
36171672
671341439
428893276
491282134
485458563
960888221
583336394
36171672
933633446
974641968
933633446
865388967
791293802
791293802
791293802
791293802
974641968
684690930
583336394
684690930
374588605
374588605
36927105
583336394
691110408
480122313
974641968
719287672
223110884
178807721
691110408
524846487
367765419
367765419
533927991
533927991
974641968
533927991
691110408
554486777
952430094
845333834
845333834
358665610
691110408
358665610
691110408
358665610
433095121
491196272
509134173
603832710
583336394
583336394
800486739
500000148
800486739
314958348
314958348
178807721
501633941
501633941
501633941
603832710
974641968
782292724
753786266
500000148
352674630
923751077
195292473
923751077
923751077
343859914
923751077
343859914
923751077
867747308
727568253
974641968
560954330
560954330
592932238
439609174
370408553
370408553
402429803
189296614
881947242
189296614
464066668
583336394
161682284
547088652
974641968
491196272
583336394
235032536
734534624
691110408
394907493
964937659
786412382
691110408
187244049
500000148
402429803
974641968
810023200
580244488
695846758
580244488
734534624
721849903
137075783
555631630
137075783
719287672
905446573
905446573
583336394
439885800
187244049
187244049
439885800
341835337
439885800
402429803
730469775
187244049
822150622
491196272
952430094
176273440
508494499
336433630
630314312
11854925
755058701
452331600
952430094
452331600
953685763
500000148
452331600
452331600
452331600
952430094
452331600
452331600
394436216
953685763
968813107
630314312
214778014
939176427
160936481
719287672
160936481
583336394
500000148
19539088
19539088
19539088
19539088
19539088
19539088
577367002
19539088
852047391
500000148
883074136
984458531
126739120
691110408
126739120
126739120
756772200
883074136
756772200
911943241
719287672
224556495
712402669
224556495
583336394
470394966
633498095
470394966
181678792
884011
883074136
884011
883074136
863654795
382681237
831475603
712402669
503818336
583336394
500028875
500028875
500028875
500028875
500028875
500028875
814995597
883074136
300714433
565556710
576235942
839561905
839561905
839561905
839561905
774069675
583336394
150518584
712402669
150518584
576235942
150518584
136180602
852047391
341493943
785363067
691110408
576235942
952430094
87703948
348062566
491196272
974641968
495500386
60739576
719287672
60739576
173343933
113438137
974641968
160987009
624953748
403244465
27253473
27253473
169246308
583336394
432563312
416901919
416901919
381123325
491196272
313273986
576235942
313273986
146079121
479606489
466041070
171945853
952430094
974641968
108869828
491196272
291166976
491196272
142604638
461292006
852047391
974641968
496253527
953119241
691110408
953119241
953119241
804868434
500000148
500000148
583336394
122218659
169246308
982503718
982503718
782179677
782179677
169246308
491196272
952430094
583336394
952430094
848238729
666283129
377120869
377120869
720122295
491196272
583336394
947706835
491196272
947706835
859325325
47849434
47849434
47849434
47849434
47849434
576235942
912434457
160805443
12744506
546241732
719287672
455109894
576235942
434622417
852047391
434622417
852047391
169246308
434622417
848334756
974641968
27804198
848334756
636414315
583336394
778586820
952430094
952430094
576235942
161556636
161556636
491196272
17914014
515733367
515733367
428368829
38776224
801029193
691110408
895369326
852047391
469732384
48137288
48137288
48137288
836893229
974641968
335982554
335982554
281563538
500000148
952430094
152141444
194757480
152141444
500000148
583336394
500000148
773755999
773755999
952430094
773755999
629764730
773755999
69957810
952430094
719287672
500000148
719287672
893961269
491196272
576235942
169246308
423308292
691110408
275763069
275763069
275763069
693454657
693454657
974641968
576235942
945994432
945994432
974641968
769514731
164920947
691110408
577030885
430348029
900889018
583336394
952430094
361323905
691110408
699715123
719479517
952430094
691110408
863367751
863367751
863367751
863367751
918875694
918875694
430348029
345265701
345265701
398405242
974641968
345265701
748273201
545395952
545395952
649974450
83578832
304455316
691110408
304455316
187173872
151295604
187173872
151295604
504083102
504083102
784575638
554873726
651870707
500000148
206333588
290740873
436458571
253170948
471077114
471077114
52833555
777891319
99134940
583336394
99134940
747287849
491196272
760345196
443060981
719287672
496722353
633130911
633130911
496722353
22672650
45487378
151295604
952430094
598014217
151295604
583336394
430348029
151295604
913108418
789828055
491196272
491196272
491196272
554873726
491196272
500000148
528877231
691110408
201822441
659320833
500000148
521914219
430348029
786436882
719287672
688335648
688335648
688335648
688335648
688335648
739860019
808591364
808591364
952430094
287979724
745209798
382423272
365084259
365084259
372604490
402298938
623850287
500000148
104876092
104876092
151295604
722999039
266559038
719287672
902721696
691110408
902721696
329019970
691110408
691110408
141868039
691110408
728257275
61806286
583336394
971131288
974641968
531737447
852047391
531737447
719287672
430463532
719287672
880090553
491196272
842225833
176598884
993590281
615795676
974641968
435665316
99240793
666858065
995213777
666858065
995213777
57478670
500000148
57478670
583336394
57478670
26446283
952430094
937099696
937099696
500000148
162040981
825126128
383516081
825126128
186647763
186647763
186647763
952430094
238998525
80974476
80974476
30876494
433360841
433360841
219112157
274740182
274740182
825126128
500000148
274740182
583336394
130973887
130973887
130973887
500000148
879895389
921038681
755964495
719287672
688307685
118765752
907095978
852047391
719287672
907095978
679296274
679296274
679296274
993146317
816433459
952430094
672559849
382668721
648605198
382668721
955304291
955304291
955304291
952430094
984554441
150056964
150056964
150056964
302049678
491196272
659277395
96037995
852047391
96037995
719287672
719287672
22205883
852047391
932148265
719287672
528742527
500000148
491196272
528742527
491196272
573545768
625512610
852047391
719287672
458512758
852047391
491196272
790434278
491196272
217400464
719287672
719287672
705261034
465913752
985537627
985537627
280413530
229618757
852047391
468798747
177393380
952430094
852047391
575576785
952430094
482865030
691110408
705691339
491196272
756930071
691110408
756930071
887976682
382984578
773043464
773043464
773043464
773043464
453927137
911340827
500000148
582839819
579652888
579652888
1617606
500000148
599097470
852047391
259860600
259860600
200659528
691035170
952430094
583336394
242176425
928539074
583336394
928539074
242176425
918909559
918909559
918909559
918909559
918909559
918909559
280413530
660029206
280413530
491196272
525688756
691110408
525688756
713274458
757439601
583336394
751567993
419414903
188215901
188215901
583336394
447344678
447344678
852047391
791532167
500000148
852047391
486161435
691110408
583336394
500000148
32185282
32185282
782447030
32185282
493739783
856654344
500000148
974641968
831756394
293283098
64456733
974641968
709826554
569305581
952430094
280413530
719287672
722311719
722311719
759105948
280413530
759105948
187009383
894067185
712312588
680270067
491196272
486161435
187009383
187009383
198217576
782186360
280413530
609303254
7843250
952430094
203432470
215381547
952430094
719287672
676253906
500000148
974557819
881468297
500000148
691110408
904753802
904753802
231478619
40807177
986946175
986946175
667181114
986946175
328928024
224500836
486161435
491196272
573996111
573996111
493458027
719287672
974641968
224615944
838690209
128971208
128971208
327690283
367183059
367183059
950847877
950847877
395916154
334932090
721652503
628557406
491196272
280413530
861807019
917927132
917927132
917927132
852047391
109891537
486161435
109891537
109891537
512316334
280413530
795397317
375030364
854707686
195505776
60949037
60949037
94231728
454837767
454837767
151277395
691110408
906277083
1942964
662390239
662390239
195505776
662390239
662390239
435111126
28410784
28410784
69255269
280413530
930890017
930890017
375327273
258228188
258228188
258228188
99928869
99928869
947625733
280413530
974641968
852047391
704700933
704700933
6924329
377191345
357651337
500000148
590448977
952430094
700842433
516339787
974641968
516339787
710812368
790891518
287119891
296455200
304736326
456211738
121105060
671521864
671521864
304736326
491196272
583336394
424992886
424992886
974641968
424992886
424992886
974641968
41852860
952430094
952307446
731395497
941895625
455769872
874103532
719287672
874103532
520558195
583336394
103615180
566258717
520558195
584584907
90826981
549130916
558286426
974641968
500000148
12541422
491196272
466914324
973505272
961618845
491196272
524174928
583336394
583336394
583336394
503015357
402639801
299614354
500000148
491196272
500000148
500000148
583336394
356472324
406963402
503015357
173269368
952430094
173269368
12541422
173269368
173269368
500000148
974641968
503015357
402990184
691110408
12541422
336041133
64360044
686867965
356472324
958081623
958081623
503015357
96238393
96238393
500000148
806538410
806538410
491196272
503015357
719287672
356472324
848376737
367741869
356472324
714402033
979730602
979730602
626341377
12541422
532317284
180522148
719287672
902330230
231225575
583336394
974641968
12541422
721423547
20288553
20551990
20551990
500000148
