511660533
282585592
268025253
526204607
423554654
141514801
774397025
504118714
103409165
516522744
999883389
569406651
800615756
569447817
285743349
241527233
538255623
359126349
363877560
915798358
433219303
200268521
500001016
757053931
517454621
983570612
569183044
268845755
511248943
395826080
810695963
576800890
58915650
471847372
500001988
404773864
602350780
294945609
738999722
380931866
793679420
866960780
644418694
527683739
847873011
687680243
578055357
987934799
500708555
774169706
727574412
163690963
541707501
987847804
190938182
504301037
27663612
912449025
568233004
671227084
698101708
179951643
118550832
796998754
571532953
337779498
202970105
453657880
775489037
558721450
921462476
187542461
579613579
82030447
493599072
872711002
382716820
214006902
517635406
901269364
162
88648032
9527474
622058048
629463018
839769968
239449127
738103043
93509494
333793159
54120345
616407031
285712721
409708807
375615112
333073109
807734192
961134842
785734114
72886309
16147
43230504
166231944
869514594
793525904
410530687
912973844
757682890
933237663
313075661
773291217
395456934
806620950
529330525
437412515
676776566
870875297
966317575
786134606
3698
817686627
499018111
241397968
339534236
939597940
319940836
519949571
168900077
83042359
458352411
741750206
2178
470332755
250010461
236872618
782879323
934532127
840649175
549308502
906595490
157504780
583341204
768271792
801417772
113119697
333366063
35424235
82334571
937405180
840690645
650640184
152697997
20898242
45513648
73228884
116527724
904653808
147793903
25267440
688609955
973416073
643997140
300174670
812943033
293289608
849988076
991127471
10928011
285841757
652835824
306546539
249086476
206166585
357822409
549278828
930920039
760147980
114291649
27550186
717698575
730144
114552429
271012855
11877564
487422555
583339452
768532959
891875125
752595261
703571372
773838875
682243502
793923572
331794776
939300336
606625056
665711569
535640118
335907116
505832270
818670756
492705979
829606107
870119467
8
815045923
222551650
634966118
427193449
295003167
497774241
487351077
29774785
630399879
333344338
69696465
419432395
77391001
112681808
69079203
644854579
961030605
212749215
217836829
68608696
9800
333337633
944324346
71386477
182603579
850771481
478812959
583336318
541376406
311628690
336999109
57183325
680431233
156653514
119056884
797450237
887444849
502479779
295780566
179711660
69665493
556190186
157870705
500009944
890643730
647061742
621687684
399307139
50497327
848406294
72
500000424
815534566
789862532
180168031
138179877
1152
148244971
418316738
624387221
87527816
833961407
216943252
317227241
570025594
999963559
738110249
248987302
505349194
361554673
574293278
568387133
450979373
476194450
597565814
648
765258914
888719198
832776702
132462964
475379434
351714112
583343626
892460864
791673023
565233804
323834487
305955336
446646295
816382119
338365924
976749335
23527755
697401552
71781075
662163700
364322577
697912910
699698885
892935041
626818244
848569167
884567008
912090671
286452396
857145981
60262928
982775230
399676988
472729344
453915266
172031731
583334356
767646498
433038223
363103047
232628341
761616233
734772020
211793309
336826095
632268512
232459078
135933950
107612562
704796789
739228995
335737193
128217072
89846469
220368139
250011279
111249082
333347554
559225405
500000424
913581603
933958833
908553743
748101071
800633950
243626760
73284209
638077443
215329789
80303088
171495309
17469123
652715704
289955710
907172923
957527672
261478230
29218025
411683510
921408613
2388
34254714
277525050
354675734
656551624
483765209
892884044
590524517
218685784
394635610
722
276076649
821381411
132263970
252966701
302385659
458374289
78946446
550116995
201702186
64361082
638618367
269517726
217427772
180516756
986322593
489698506
274519533
428602150
713621146
209108292
865254597
562357705
935485379
409188304
692630832
288
122881983
502147481
742335906
72035218
602512557
5202
839579217
988234089
133626724
630572260
998996196
855322540
671349637
249892995
500004904
436294362
583339094
59189187
89256155
34166771
5632512
998448156
380543049
409461560
510867517
531752645
577846726
669137503
385487071
556761499
811843739
431712168
377013582
523473358
806406649
433948703
32355672
576071239
798137386
583355014
677258586
47436908
727506970
583340878
499076501
438812472
210873308
500005944
461199049
583339180
333344573
694993707
176761929
934534412
795528257
725982538
999883908
123396013
285037568
491378959
219673815
147107803
648
992892159
591918132
267614816
471916496
145301364
866541100
661107040
816254580
913376971
724656535
988816033
963342827
333343266
351171971
687564044
900481130
640230241
273793703
413869088
932762236
21076907
403793116
855995315
16901849
791105926
7938
78698660
961536447
559001757
260798573
194939930
741001842
750755463
36179514
339902678
736241390
838180148
215045070
832112102
600613843
410610347
846661378
399132193
294373246
338916064
285592043
855950555
882
761465885
558728313
641350391
119062848
482580029
830984209
247674161
183194826
596993259
8303491
715413723
971192397
154751131
59456796
937023632
363104977
393859619
104181886
978561638
133698531
828155349
768491032
866095054
113713008
828392675
384717396
112996769
261446573
849547267
990724324
286367036
760407115
583334024
396491584
691385111
57253532
646361929
464852819
583339006
5268
170515886
971819162
442437417
380405211
903425809
363121518
276886086
700357483
583336036
534714364
917550179
251775179
1605752
112757817
326382537
413502627
576613291
658651205
88943590
889479800
284664532
673011541
732222836
568367002
744081588
264560874
138135904
103400598
238115599
903025634
471336387
914312794
504302977
114576328
404766390
758087340
500000028
596571862
376982043
918222899
467763512
840553569
9248
251902262
302565299
951373835
195140824
856909048
119803207
614013064
910167669
798193617
249649948
724287922
619060743
545769596
925059341
825543436
166690125
885172246
771114657
206550469
130023817
157899974
231937097
677095347
167546242
928868428
500000116
3698
989044282
647069371
759836007
515443135
167972905
184753090
531097320
300617778
850547160
497052124
312643999
796029293
18720480
742016766
360768787
762454734
659557332
680806217
355776535
88370689
697335283
32388
529225187
916422638
199431222
767859939
964654834
460627418
393621354
622870199
143602639
568620208
60257849
155057480
394073867
796807656
200227717
523030464
814469816
463779630
693517087
50466457
103388149
333344053
27465973
835732086
295068959
266215192
333343046
295386507
636212865
407309370
344863508
807453649
885396607
310165459
322895821
163001235
583338172
807364657
681880970
2312
404785776
60815233
462618656
417966260
812910434
216021466
77982070
461076945
373628371
333352362
926660724
18904343
530715511
138094572
589330401
88401595
628587283
453544105
913513532
969991911
884096034
692718273
605684101
494331561
563396186
206256467
275926994
548896524
824179009
697435758
265675533
643031066
453426891
583337378
278101352
102929808
10368
500000844
405959739
49455874
682169143
132586042
286608254
641339098
785663227
693854439
525114637
374671160
109344156
42864509
370593886
616782498
943484216
481575531
49693115
704810483
907717171
530095239
1720
988553258
760708485
896198009
234746037
952012035
604640843
934986787
994863486
813319699
823701971
659040011
322082284
771737029
160662501
48908287
949688787
218843825
753122045
20646496
741113988
625645634
361109511
619071467
56948467
492558261
297661331
957789726
500003964
813279060
766910365
333351173
665207717
453796272
923125486
668324862
719160807
638361318
592704584
368773426
40052298
114325810
55337779
358897655
160594315
148025679
616038515
358328101
2048
18
914430531
461267260
339840368
989807914
237900958
274030717
123725214
313306709
357696899
88238728
500007084
32108747
450912437
170542539
380277892
426876052
704698445
477116980
110720954
192578657
882
823067075
182794246
895257119
386573267
985826825
815047921
94264183
140901248
500002384
696502765
583335734
629026489
89805292
519211944
222011003
16015037
500016384
720865099
405220597
272917303
488326380
786620304
116105764
167966462
995764749
961121256
583342040
322642929
834348260
534953903
772600515
414645642
160991196
4180
962510949
845186896
866348935
606594646
79876170
917403962
542388548
363979403
695805073
476200896
490951458
644353742
160682625
358191483
511660113
588069474
482930193
495605526
792299395
697394182
382131763
344277077
142851169
119055886
267880501
453888029
546951114
683072624
204095119
831819668
501472441
48249098
951191819
898199258
965702545
529488523
621793267
143332178
528850616
138050523
108648762
695319535
382809044
513131031
966932479
665786217
238105041
31403458
239162038
994543239
865678994
501179831
396681469
653470323
28455939
249192813
926229545
538909097
919368253
322909528
337699828
825683796
340597154
497892562
261814642
970073614
399850495
904769733
824222774
280128203
666684854
523447731
603784812
78053269
344406871
826199185
426147112
583346870
892259692
432155928
796043935
347175541
377267064
156759735
869184949
535109663
423389962
786724698
1922
528488165
639859315
95143969
403356228
643556646
414473727
270600318
938523886
95147480
797586547
37963150
462289121
551724582
441010462
435025359
582944527
619086005
964205644
500006616
506250126
245314901
538293006
881060310
661778146
880747820
436043535
897417628
150824156
166904569
617726333
254085028
521927106
734678681
882548696
708174452
188410555
291495848
1682
869087311
223523433
434823448
879659910
904573536
185145343
334727677
299414408
938826109
546021212
247643688
237940233
642438706
796864736
267863817
66398036
266122201
860286770
560705710
643938137
995035397
876131433
1568
149031023
832021376
452811094
53940811
434713718
183569437
638925548
143985112
105389923
553297199
286987901
369545859
863143182
574089654
172829899
22769358
557996624
207537797
314980226
976610512
785815886
128880969
716235486
129620794
9363044
824430791
598589240
732339564
300636665
170877375
252233078
430740102
794357539
597430624
406208037
736906243
533599629
775854212
190659404
842050881
869755112
199724970
437752782
227932468
533175112
15006638
878373603
600621501
492426251
183443000
114821822
643551020
141450600
500011404
976150178
335966465
379149400
871379633
53229693
872772281
779801189
148832945
904390114
179758997
617579786
632595438
726588844
927867875
421320592
388147484
761021689
471627324
106935583
968692179
268935532
754312648
176442416
538568823
291118933
481137618
31317164
960715786
338
656210981
654011520
831494981
130653990
954149829
588864054
264726443
583334814
460299077
738129987
169815158
835770924
489496806
621523971
933948604
980266271
191802538
345204017
211794990
515829830
884632688
529653770
244432515
419666659
950596940
452557901
850698845
991690483
417376067
551103801
409677347
700032074
2
934526266
500002248
753080503
989362975
7688
245040256
239751606
326267096
417304024
650808646
361075631
709167721
86682104
3528
968718526
728375411
809668908
640697417
681571568
904300318
978576353
773854459
286107172
228892368
743489585
993215829
84955873
19914449
207289282
500003284
817137955
180961204
808548089
975084520
112213955
471009343
349972812
113435676
87888963
515685302
799530375
630911288
500817072
355931968
316783046
437865244
430489296
793488151
966772191
215299058
677477660
900621167
751366060
593080671
285076306
373981881
583342740
98
764394390
913578611
500000548
660399912
895255636
754935736
351021254
268324852
687702734
980537918
9023
535637257
48244466
580981846
28206182
75786872
957610217
461828453
771340539
609769268
89031650
854795370
860771734
891853226
292302620
80539445
245606917
998903072
308048186
523271871
577374551
333341026
278578823
976207702
366346388
870068000
726632325
324031366
177105240
503327668
186713852
287879137
135296588
477510995
223082949
352151783
316885706
499270582
172418240
127657612
166803633
60578499
387730646
921805946
930817549
476820820
486528638
456186297
870163519
240216334
116060171
735102046
699259541
444979458
333340649
693893438
500000008
11936965
860317993
59788028
640403649
578001360
628743510
541765318
642854666
616819695
14792
100254248
294231613
119674876
707366475
22519891
761153894
919811892
500001628
427859511
558242009
756735272
191113964
523900638
342170853
558590116
404772246
181242592
891691668
57119452
685696060
250005109
272531325
155946998
12168
936672167
308826901
566288441
686419856
244797096
395598103
232047878
584001520
33826464
566217400
228403111
752974420
26253609
246312643
884590979
192898838
2493685
483217
426465996
248333898
193529131
904472599
333351789
53232427
390495781
651921149
487682494
176757996
903096510
82175438
328505382
361951501
486423
235372448
503682460
890699779
576921807
747800764
395350774
900088988
276086098
492812016
26765441
265561151
957724859
814347216
809514301
249262037
990636369
291673993
554255225
629018300
675940425
17723102
894129531
583335476
53687225
889108735
347069201
178071480
651410982
352654255
355003415
794340768
854335143
872048022
157232536
2048
865961871
566331322
480783147
248529784
891258553
939260991
232443894
466832701
411168421
166676787
60535345
410988498
727498954
583341562
849281354
482989174
333343713
864880176
238122601
503011087
997373401
344495184
546835621
527857326
5140
930846345
950892484
250003917
929897232
913633950
6498
296212189
363112733
840277503
142192461
219679790
465464762
365500280
513123263
204025717
474076596
142912197
247406113
553562968
161198429
566593634
341596341
0
588187212
735460709
252365615
526227271
999343574
823351509
298137723
768980113
153237697
276237587
498977878
408231155
757602399
522698338
906184585
811165465
240824823
477154439
619072471
459241890
926816549
248612077
212477571
191095781
336752354
641140799
313264171
583666551
426685780
375528876
205958378
868979842
601206560
160456863
83764734
395926698
317659306
908146134
458377994
880481414
679417373
560766389
434366268
583364765
47658550
601225119
289732548
934549299
513439504
738104959
485688073
751264037
548850935
261396223
688791698
271684955
497279381
566514957
553549767
973281906
549988052
791294253
532509331
902700082
871120446
208897378
29768879
332733909
303457597
68383110
398431957
656032072
942352693
707280062
309539454
500014284
489114559
482165328
31657347
184967875
7938
601203357
369643954
181632889
177306534
678933565
621999282
1953345
225243831
471086583
509498283
643755531
774172694
949777544
884026096
172339033
197222751
949615388
284990545
56207831
595355016
44552416
9522
521934545
822019298
594831894
754980603
183091473
560295732
500960974
595543937
514437066
989345910
974044881
723829574
671900776
834789207
404125535
592678107
605811039
355662663
966777194
82043783
1568
238668114
507598861
271397375
247048536
751902446
8817295
360338944
13001504
711372324
995754644
333337046
15267231
115644002
327244158
501855939
231643834
741979252
216079167
220567231
681071886
521586268
743547435
198981728
522035841
858178161
622401199
583340100
423522252
382558530
525980934
698685033
963207896
150230588
510768580
29336422
552077127
515639819
741909211
384950653
377412144
712202169
895736344
505304760
231961902
257224421
601204676
981600522
912156631
420481684
76230462
797499903
338141125
22154624
245595720
726095061
72056231
601201963
315380240
963649898
292424081
647152959
725535199
1800
32
238103591
292058608
329886642
190100110
42275002
865596118
215703121
548245652
613710428
233859004
79260161
601223852
327584898
121364422
251665245
163300639
809541293
295828415
583340128
922697823
967894382
11231385
997235806
287601354
45903590
308759064
333352569
649068664
17648360
889274116
893244650
895284709
251206795
2960
103300408
601207082
872502536
5618
476199626
193968998
492690650
789940605
294622412
925018004
937130871
722184242
666681764
423284004
17476
5262500
55360785
500000548
998092803
451200339
205944341
704432883
269808790
390329337
332860704
719500181
410482276
214966499
275632002
723351077
601212793
761774212
84934211
893532220
935782186
927761187
783866830
524453376
727422038
508065028
33300987
80791507
77400049
567214756
107436412
10658
604681774
199923940
879736202
909739218
746686634
583937299
461029478
476363400
512
201030107
152719571
758506647
586629723
625423849
412497378
363175034
741293439
102729433
861389284
206192850
727267712
500002968
221521881
333353745
434439060
267199264
152184077
169038912
335125596
669076514
241526033
358565969
578182669
801576902
946822501
858116918
80651839
28268413
366450017
815813775
363109028
2405306
562627098
878805949
737070415
673645647
715601569
500003788
759900714
949824396
681542379
502481870
148786286
228125973
671252048
621702513
322245826
273383207
541349507
672308776
322029622
295280853
256527628
615706023
120497107
755680405
60368009
152426825
798989852
887114100
326281631
232974555
347084640
589101290
15551883
246253385
890379836
125771722
583337568
463459229
444547911
676226761
878445422
49543202
365425324
315102214
601203234
969262497
342174191
652795830
66069547
114705260
380870863
549980399
648947791
263139779
32833235
156068429
791878962
500003448
109448662
875117524
270376916
693832927
551903222
942896121
882055969
363116673
500004328
738103103
877724610
998851544
476197532
571326372
802085903
695855584
412671542
439364942
262285047
177009635
769499490
622392294
81344666
180473861
774653788
596081484
666661853
286339515
467697550
426460419
203112345
526787722
696433082
993535068
184022085
500003124
65347419
573351822
186231780
401002585
195310875
288
159785999
890891216
169821985
337637860
311598888
262355364
979688807
258126441
3528
40949262
318333005
816305084
415104348
841877524
330447004
223753164
101721556
279010929
987759768
701857506
730046366
204100402
829184684
706824382
113416389
430688264
263601083
794499472
273212260
583335950
979165199
583337462
893643495
250086471
625448367
123553332
825719935
254523466
601210076
459122789
196025412
547769467
187382355
188927261
415804143
214913416
48242624
161390463
874308402
892063478
255609297
598851400
800648661
624648
3879696
685448380
2592
237047889
205690310
731808573
740884989
85249393
780508064
240435145
29773252
607417721
55843899
990984470
46769713
640089591
492373700
942383974
381893515
500000424
271889751
513775505
866341193
500000184
891613876
838122523
731901378
683812779
335180581
804096148
863095776
440447019
263832454
295722746
943548828
849281354
307246236
964992699
138764377
583336534
135505618
221559526
353643399
624652923
993394368
683198299
634527936
190552771
100090957
630712743
427107741
421549837
148710991
493782716
718737688
774172630
273502671
58022525
111490984
561802257
833350667
840975616
699730940
823587535
150689749
83478879
860813821
764829260
707688935
16796904
288230459
267873302
430998315
678945922
364495027
734169577
124739774
29078709
934539369
21759966
64841449
436228465
575789535
380905574
493788005
86491203
2312
812118738
361420509
966601107
673001112
659352284
737455706
702198709
831780444
125639418
563334003
591453461
772453547
437692661
50
589189425
383665176
108724641
730600966
786586455
249187131
77395645
989251937
998865842
967392541
867199588
312606649
101513566
315313895
704868143
500003964
458032952
105103372
638050924
804639220
476787669
83701709
515091199
337700089
199312457
35234707
143548731
584466349
534895119
354572629
423486638
924935075
743401342
183884094
333352889
107583269
490211903
609573863
531211078
39948669
876904484
618917440
432879064
180198575
974217967
120187538
520831550
222919653
189224161
128906302
612277957
76824254
662335442
38128275
887937118
224722399
4199851
137538905
858248788
341566826
706795727
2048
47321135
44850097
436597021
719967152
862892450
129042222
908318128
642193310
812649674
609510565
413877165
787810051
138125752
325007251
825846586
745563940
933362537
474825755
656594970
735578400
601833397
339397595
137500925
386721906
893237765
170435643
919205132
403609509
791385077
138924092
389699320
320237266
583340538
897479339
386336504
621672564
250795533
661805411
318072736
148686149
376922488
29483071
583339412
671616451
321144378
250007351
550943718
635874826
986746095
657779831
605712470
843415245
22038555
175668521
802435818
270797780
250883841
640615513
430619135
980791092
63169210
478457779
711901491
651326146
626909963
285724868
689726108
829552841
921023697
956706546
459072563
448935613
57765782
571616720
278071803
868207842
571657609
952394216
315118178
707105653
572875491
610185366
985801445
564573117
953496432
250506209
443309252
908210110
694760966
721043271
205218026
749620143
858776042
492351550
560662978
983020129
611171525
778953306
186277283
345974907
633555503
366162364
500000008
509827294
369682323
340842476
990910797
498752626
907703547
472359801
476210826
186558750
257129040
65248980
560009990
516886118
269078297
900099037
188864669
726757899
263541960
949543170
139399673
255522236
92488406
479480365
100626555
952390904
242
744068603
999181787
144349919
850067077
584554061
225402764
5832
734367733
790822735
694492291
614926761
263680564
553959042
93771535
224606245
288575868
824630133
929043978
461495827
198937448
372078512
125550909
785379179
500008324
175464139
25157955
206279949
754165229
570970696
527854145
14112
383881037
71451423
252691846
488083
846418958
213898998
362888380
627786985
152980737
808320009
509403363
545121309
430736573
145585539
38300156
969555868
171159843
839896213
333340322
295270652
947650475
475086872
788729594
903489862
817614352
640782844
465430893
34765575
107189157
120213518
523556236
653793290
345684901
67457030
648254954
318045551
589048576
537921018
655225020
11643700
723649672
954114446
3426817
63628792
616819180
309480755
389630529
436883203
5380901
303453795
612530759
339686618
981579653
250171457
639300659
103416205
267826726
295273828
571449910
619066589
601371573
759162743
943498790
309707498
799134742
530496850
505975006
249768493
535955939
496376650
367571376
944653621
79607123
591817411
356284496
291843374
767890779
86365159
982253477
628630293
901485114
500004904
175215016
569516458
700493284
396284989
455975330
779569611
658794786
904778505
309550954
848881002
561430644
923233702
175661025
541260581
233663729
127711176
746194063
991665217
443351327
297443297
700686097
900722300
396364542
88450194
958805167
583339618
492480538
974335214
827190182
655814667
485746788
273507276
531210424
202048000
344450699
665928193
619142380
57158379
695650568
857780277
88583581
267480419
54719076
601202059
133341421
208975888
639504769
789191938
396284943
5869
279971522
90719742
375092472
735059751
409020934
170775011
534868543
688271395
38147995
578347440
341839771
897590870
491323898
754984049
999536605
895875701
704842967
3014366
500000224
123354499
852551218
545562216
692205989
199563645
800722094
499197237
559440909
12609372
4802
357082554
255808471
628493696
621392596
600842169
172639414
476210976
17469627
79231082
500000424
786975638
55904923
911829413
334851898
477286431
92596315
978683565
791681174
738695051
275973095
910732550
323193904
768499557
586043813
168710229
761899647
250026753
203269154
538330225
378260512
787365154
92730429
984507070
265636965
960796715
137109547
333344034
453029833
771653247
233837212
823846247
38119281
133968841
654490631
145505407
225450471
321113897
953469286
918337250
500000088
333376001
864048393
297642459
547708917
486367234
15065
603368202
391350961
381350014
440541962
102075022
682010641
148099427
410343371
887602027
804029429
343690407
476196556
278646687
473213790
899020236
929216888
660304934
316305164
21019279
811456897
386121694
455662629
1800
894283340
910859456
139225161
465320392
677589189
363102457
8804999
382745219
70766146
310963383
934527051
139548477
804556652
710429917
578514242
457816417
182834632
333343309
583341054
13047439
471417298
825030516
852257571
432656141
500056888
516049460
775579456
206286065
380981633
426316224
290100865
58612722
973252369
333338713
928469690
734083655
186466683
862582752
830831627
738118287
402568014
373616041
217285297
899496722
12028
672345241
669752496
717750459
789122612
941659269
203227742
3698
712206462
905328489
477945156
1682
545061955
64445651
500000368
726156599
947895889
186124808
622168235
169091630
616613399
257580223
333340624
383332345
34688530
149621707
914340105
583341682
903285516
960963279
494228148
535318688
358370314
922810376
520363074
91410808
5618
562820719
577459464
500012644
191079472
13962396
274701479
348235255
601891027
562368748
569495985
649511663
552684984
41931047
333343195
1496737
363111355
861689194
153023945
461355284
31729269
883087726
365794454
189378275
239404678
250008355
407139953
571809422
950144510
928330389
2312
5845
618417938
501969205
107267058
296747635
527386745
666828820
744071221
537755241
876458641
189950194
20523674
782474232
167192161
942819314
2
688116392
500000268
974341850
346023667
637944524
248161957
477986138
681764391
680210596
764307622
500000368
548327804
290203464
186888216
748398366
9416706
764476752
680831333
522020274
987796247
178776557
317105510
480143710
673742563
647549001
815654594
553414158
378549272
773051480
433074764
895562811
333333905
825959268
110072593
175880463
466648324
391316357
132746500
110742466
777273668
3036790
173398601
184834401
186483024
249145710
256820140
569732920
161130926
979530737
337037399
277802420
54158633
583338386
359477798
950628120
776297958
244571263
767387064
405933290
581860708
30465038
934539178
652545305
155163262
673707674
714878196
35064125
444588610
842873424
807260498
445710857
558178548
236452638
799050853
797307767
660727379
425757608
451645382
173202414
4265755
353980558
715467954
364917100
729023096
443248798
348355015
634496650
851522469
100532026
135063902
172549960
793637334
872044078
791681167
254231326
946650661
619073553
785780269
566844280
117191697
720287741
738451755
472078956
885616503
870070492
863803686
803210404
170886876
274037863
645548296
910811936
424428161
344399329
516198730
250004551
500000224
989011233
704170526
360717605
552367341
105540495
140911253
500000116
6050
489272282
939326753
95330121
934538317
989871841
225651688
236904051
150994640
720589439
946182256
261053932
544358058
465647542
167667007
456293182
450629445
679876375
917641300
739201819
188626701
547591054
817989320
936772396
24841780
402069222
250011055
469851432
738442652
147549513
277914156
802190510
920878327
839071286
126592845
766349722
12295135
334733426
534208570
84378277
720883110
309548538
433357235
867582571
329611604
136173986
286999436
178439977
61679150
882
517307899
886863615
460864287
69050650
22235591
781085120
849784818
427686686
522132984
383497174
1832
486635259
614410043
845899191
731179043
91138294
286240210
771136288
957759951
474751430
258368202
676218122
932923926
583338798
589925956
238689887
103128720
723937751
458189787
467938343
489430007
843787893
986382880
514252713
12364161
596968943
81888657
22902099
689114735
576013745
155025934
570758002
648331037
850327131
689909504
513065058
381023259
647821201
333342865
235850344
701287302
352311129
323607995
500000116
727976281
744062725
218897871
55316393
753012816
214535704
185485789
254102536
813635058
926475987
868744404
22928251
456508018
623845135
506582900
482408950
795535599
549446899
764895728
109630889
458341343
939815735
15757
486381223
644634281
585397716
274445229
734961886
588843692
168758897
703663485
132299739
500000004
6138380
496436079
337874475
552285155
785729950
46409446
18266713
83266468
944602452
811659413
409624671
452155556
883031675
267296969
655564533
565036736
333344161
241930307
524064619
238275560
991342805
942635026
234820714
858545545
344658349
250012267
716598937
692306788
690397806
268601625
243451256
667628868
797154145
8450
570867718
21399312
6565967
488866816
583344800
497156084
611907761
437311049
667786960
876936711
676796299
863893178
404778016
546362413
435199625
171041310
130353098
617882023
390627813
496983439
453553035
752927015
787270769
485614144
215678762
964798897
520305534
277237274
257953274
934531792
500012016
163239011
560326539
164274694
354074870
896239617
777089439
601735269
971800601
974923159
273479382
547791410
612856926
485003390
790597035
809194435
443524670
765551798
940204033
116590015
854849631
402595466
33478172
529349092
857240087
452404829
213696065
443839767
809536253
674466861
724630497
734668017
477184447
470043316
877968184
98173911
228593946
49906055
212860804
316324218
979116137
654892007
188529888
394619506
490964428
366305308
560405538
625739641
507716956
694494139
250014207
826149720
654621380
932054715
712168813
802968078
145273615
780099668
978993785
214584549
58356104
914334139
970834937
351484992
631654541
729723704
176473317
435341950
485767469
666084331
109890078
323488539
875599925
78860452
52607214
788782183
152446589
31091429
61260230
12301662
776548757
434970270
538932679
76845134
135701428
366679862
972902812
177765274
505368274
338734141
103283235
297189318
507638601
706929463
877598056
776843435
829963700
10299209
589239672
810144926
665202461
32
371425734
400098155
2975
739302130
604632117
990085036
911511853
94175938
686848528
404260201
411809218
188467169
373266795
571436378
292711391
138139607
535062150
116030200
456882687
995759095
66623589
221306965
469825828
573850634
8807
700591891
902204534
892022596
805421782
299624074
708135438
231964184
788540841
911885161
215584183
437341647
690436906
836502222
222030572
363100873
733757485
575666954
106715921
500000064
275175444
323287027
729673125
23056896
340206268
845183788
298044799
791336839
119061364
960699615
616756980
872503959
256124914
88423135
601236189
25939382
710006740
190552771
454128144
968376736
39483374
551365646
730409371
785729364
96185113
505277741
796274263
420011636
697120575
696288229
202456694
705389907
572450585
970849560
500003616
523921673
708891454
635025842
16532018
379756612
980703720
496
5615
551821437
926358448
174200905
478145337
246731863
981583188
222669639
107806112
698303060
29774717
605785090
925066762
562505060
774349698
286338843
46588598
808442867
19172051
507322532
974897175
79809255
490237142
765387271
52065473
583337202
896004952
476264925
715695402
160206034
236150735
52996864
154290701
849784855
86821646
964331243
830993229
423021343
500000548
658449197
357531198
696468996
474396411
500008848
574787289
404650836
464880312
690479527
211867189
76022600
282581814
205352132
51436041
329346103
3528
164061529
178573709
903320996
89035797
567114211
625513546
613830241
500000616
500262118
564082442
880830644
785740622
510764383
895589526
390720941
565466636
289380924
989636868
715532234
30298241
371413758
241382208
619873854
340711805
124036988
944256764
610562819
734718169
92198098
184046941
282531230
744050611
555613575
428408095
320130585
166626872
128970603
844278227
698636660
762075478
736109561
599653960
531495754
168045852
52866315
333339228
815607744
694155845
602204536
841173209
769897903
500000928
410730010
753502034
452401559
699262412
404043309
411449084
851934247
500000844
551505160
524500878
902318435
578952686
681058192
197305600
568018218
426745987
355923091
687694849
592943980
130072407
697789558
419675648
821700995
166315118
438290089
423993933
333342561
90572544
53555251
1498581
388696114
736272701
910148668
157781161
2432382
500008584
714659461
70850592
284481909
589281644
610785935
315439610
595649719
942868375
727867513
250014063
12628601
1250
151790443
930626574
374975965
298453513
719116473
842753739
659939041
742599484
473515837
479998521
899399494
449531087
541185480
4883
642839891
700126860
735999000
978292862
189437481
470390848
196778820
394608179
21894118
281098080
433879810
715942889
707470001
244141874
164277930
164434879
247201667
420249083
583334702
121377176
583335084
629281708
370916549
697808037
273354334
756113320
512130913
197957664
462898700
250001827
307842408
405389445
430468187
695429763
976209926
361156200
661552121
847171379
175513502
720358537
135548355
747256294
333337485
647643706
476206026
778374364
599116588
486585710
828351337
6498
626700294
408886456
228392268
929003860
702071927
934553768
406597766
806580147
849875263
771207570
640429195
299086088
420464647
583346908
707674958
267869644
57488061
622463072
976625673
362039398
194701653
755699360
756053268
307463956
449621228
820025720
176220139
280103134
608945759
266687971
505177704
222835789
24281918
996860915
601335916
24179649
972364519
40157455
517983780
954794210
504593580
933073607
366963706
976206966
583337234
428464749
299381204
500011104
514972352
414264401
690160800
60571513
415356948
847423282
471231544
119677722
943571619
430576570
311184799
671656632
568101160
89872377
149598030
59338307
503388065
500102008
658228564
642620851
864221425
601197674
528324111
438426681
649008174
500000764
732942830
432186053
324367862
388699918
439899583
1458
714981070
524262480
744224582
965483959
238125127
555800662
773285372
41396898
28289071
943174114
776021792
34191816
771460742
788972256
61304929
356362419
876743675
974910976
954061711
10631255
285682606
634505860
46210328
409928032
630605592
486815769
462419844
767155358
250013047
308930998
952422170
404769952
843729181
787142382
129737622
651345060
548244493
257611306
418535102
335716435
919457104
472379017
642192338
543169743
249130762
843218920
927390348
169056122
389731582
430988019
316629200
868377934
741797808
291406048
413762154
55831557
230440796
13967042
672514110
17611085
450
500002384
959325929
867232765
478600006
333349219
370251843
813432846
764922308
934446005
527618980
354569876
684882799
617312643
883264138
1800
63689902
540491344
386988558
26535214
722323461
408769435
36191287
500002384
192888964
480559617
139225401
325299691
421723119
563372585
525379337
992813648
572760760
968378794
407585731
331986326
648267186
265228015
260273695
3362
199033425
86645007
761641429
10368
115367817
632811296
69615865
42953548
733134106
533525285
56657699
596700872
2888
272703152
729884382
259592096
494112587
348815888
365963903
652632164
526636614
992280240
834670302
449611588
711499046
197346183
182388438
517519287
858960251
505773059
696022897
354103206
438108593
437311245
715581450
12408149
77411676
744071578
910150474
250011813
744831537
527662409
581022168
423477830
866107403
993148179
415488736
267994822
681562496
82898972
104197229
424130870
890462290
811798194
622809109
721197262
775346539
688132134
420849563
540275190
265411683
500011104
495634221
229863375
500000268
891169451
704257757
65492496
924865739
519568364
630209167
9788
592900806
287834921
549497806
764315900
495390883
979719032
522846048
709457533
767627544
147187765
219883064
99248683
673522673
321089844
303550345
730376784
482116147
160108229
630859110
955693178
25007686
850616170
613777877
529176484
924272286
765324015
939458554
490719480
328193056
734127464
687480658
20575133
451600833
161376019
602756299
250007717
175048412
318092588
333335330
583334998
563321220
813973466
836305994
601196234
302853195
221696375
504952746
457200072
454639336
686678706
843646275
291821256
703138399
583360618
473746595
697787468
208177466
321556390
999485727
167106012
621311821
698247632
796088236
66918837
332040237
507248548
162
387336919
147489576
415706398
110253414
10094
793889982
556298820
670869088
727862133
963897132
490556452
732777206
359233151
348970798
548322339
452262832
334285052
639129120
113495544
664595768
967571992
342187996
522458141
201587505
127700489
60519466
734722875
744066705
407939965
510864711
862374947
683126386
291270836
500013288
369276661
584105848
762912545
413458735
583338116
476202550
333350373
495801049
199929085
450696220
539485484
553405569
922423188
231497875
852107540
438356390
666996976
127693833
854457824
972253592
418405013
6050
802220285
836836389
967623466
760691268
180569503
118118027
520694984
190138023
688071572
490955280
936365543
288812145
844641833
402434894
530070612
164106817
345828449
1458
521977565
644673978
964922930
994138387
406841256
775520724
144929054
929945857
333346418
916814445
239738819
372209676
399748384
319147483
623627411
295256538
998268164
895048939
232100337
504063868
282362994
196686226
276114588
370123881
442957107
671633891
842321964
510058251
352809780
405369882
719874133
572062083
13778
394448526
625932984
747453391
926729930
85903077
857770002
270492772
146455927
792239459
530806876
178244442
49255926
676197812
2363826
541790995
969588294
500000484
122200064
250016829
305693518
147017682
412334667
28699446
485145856
77711325
456983227
113901697
77399311
163498374
4232
468211279
297130223
461166279
287352509
344386249
503950380
103977470
951440718
506704710
200111882
251201992
610120498
398486581
704459907
658567970
307212608
500000044
759281522
102411008
8
928689985
978550849
43332715
609559112
98
250003329
991175997
609554031
888273131
117970616
436826039
395934041
338622883
113481618
543780910
601223268
27644667
337625499
41709846
673830994
763960685
619916690
145030212
801702482
743436890
571341690
66941213
708645613
972862908
301432412
615213290
659336192
6498
279400895
517460092
601202733
510641196
307313929
882919831
806314605
364047417
931405869
134390535
239761167
179011744
392875536
466960018
433382649
681034693
498732604
753668336
500009388
905653881
62176442
707937616
42730404
500006388
618613683
295421741
494004817
80908220
691503225
512992093
285548091
558598379
833348433
368139837
909795116
575159905
58676289
934549617
753002001
17512231
750209866
279441634
742595545
891636198
579566267
58319386
225544733
125281233
913907109
811992488
675003483
1372648
285749870
544503655
314848947
849529301
432449360
392
189659424
960848772
346775796
794164432
85737433
441217836
627886718
142608630
2888
749991277
756362507
893850806
259651546
842762211
871724575
386350310
250019151
54924484
417224472
877121690
805301386
923512650
250004211
258045295
216857247
354787781
850046413
319642621
100703155
25829343
587869863
430971557
747092603
211935740
393931365
250002309
910183514
406219536
22159323
356782392
39923311
487933527
985990206
204644707
190240841
201898667
597415543
618513628
766953881
438128071
28001462
241337320
186627451
429634977
981433700
877219392
897457295
967274867
422404055
45228282
625751199
28541492
365820972
175668972
452388783
975787701
97671154
404776174
631527591
952090414
808844796
44078101
286859859
420110555
649598445
929631603
6328
204214619
457604257
250014439
996088848
696422613
397547352
445872423
317510537
266412802
620372480
681201588
750751190
552130137
544625040
696635454
744050224
110482523
470015372
783906076
734720571
440490875
866371807
605178897
578604598
163461741
531581278
288
445758658
168357555
165823124
90296410
215616710
772408496
543932334
644079366
156306708
6515517
603397166
4565
696439210
955314013
359205649
28445929
940385465
460375364
161980625
186734899
207966065
350886508
891939197
402397397
711296285
586217226
172360603
730847192
263362705
940834036
956512654
334766622
93535767
111357156
103347771
120964882
552604456
710018940
985566109
998938777
586349857
673661881
458145557
880096696
30786651
166679239
119069944
730586456
754642947
428598047
950795764
735945262
374834336
123936891
902607742
555687420
630794509
406935537
408075638
302274202
237943205
231668569
814656049
252530806
520704393
181355481
90470146
326990797
125992394
644359160
146198410
54819846
71951760
398998654
218545425
171972277
117505519
24223033
74333750
42085793
990549067
333987863
719926885
973419167
624308123
920332153
802382836
811166784
474055451
303792370
435498048
439605064
129035554
925948575
846080347
144704395
180781487
833923527
692955811
607870211
448282049
158225182
885844566
320529085
772677617
742212473
601226498
35836143
370183944
791677730
905337520
159598994
616037884
323399778
111577973
952426206
747795929
811374174
60094615
98931941
545191983
858644912
736441643
345893858
86544087
400439073
307171268
12726183
14289547
517590745
387811061
945143830
69399362
181660122
625417623
871262435
315976854
829205782
497032853
50089109
148166054
507350914
810890218
583338524
890255145
875514614
83988535
706725563
962242589
164021623
807450919
437768153
469828636
500000368
49536383
702379366
895381637
732828329
602730326
314984998
897322917
945391638
318072657
75216236
12572724
904782799
757241962
469431606
487168133
9581
283725994
62341366
871380006
216013227
14296
119055396
319334337
263526132
38461364
583339632
533878424
849068157
993595853
450
279362256
649258568
249171079
927524359
10019656
609287231
186647371
238111803
203580336
725472706
740269065
519643618
866993947
730574781
620029020
900468596
144875363
489596762
390969849
437011531
230599799
574740701
73178302
424963618
768354231
812045903
605416214
71480869
136349346
787884466
126595220
734603021
776134034
783715684
266903617
781669081
874540566
322085969
252362996
958009831
452019850
862295701
250009725
48654853
298553837
759436474
783491009
604487728
420856861
402431777
537538598
693584937
675559408
354031642
572567974
690972570
77255538
136390120
232364397
608978594
476213424
961055907
350098059
218471547
16091509
64201377
337525258
436729060
180968771
976918245
24616790
744068953
541791808
74998948
449281355
43293662
782118926
247980155
647946310
343739232
625437145
928577505
96167309
588921667
277753398
115856504
70773795
695332797
720694307
500000184
25597082
16679787
253978781
96467309
83103573
269139994
925191338
463752757
500591229
907822968
539182258
231227803
283780129
479893878
62720234
831245372
903599991
135964993
610188830
521472423
178240598
383955561
859830207
673554254
362492851
987074269
299262631
892529789
59773815
648785794
722098861
592809419
157773681
470515266
918933851
395210153
896273033
201460847
897159034
743924085
375030859
452393185
538836574
365890090
78911099
180437468
600961354
565657613
423399560
890594534
262536349
293715423
975571931
960439903
833992586
96224277
464420818
382313522
290855568
680959181
968
760201714
654216630
768112425
207242206
491715578
947776418
796769290
599917716
218771602
90322129
204402987
97235802
349292496
851493971
641340287
156856514
413702506
599893427
552694080
958390886
587047428
66774393
791687299
191809152
586672485
95534538
183403739
934528487
593964119
24440849
674038021
810638345
603748168
933704576
404874758
828502296
445938395
599944584
827167256
298798458
328865709
811014479
880807899
510654348
585386261
369936959
980511378
356472851
781730842
939173800
584440587
985340785
870375320
388568244
793806947
606727052
6934217
38766611
238878376
380004748
584448309
457080443
404080949
224253016
379526558
303594099
1344401
555398571
322728256
724531624
877945320
13068357
250239091
520733920
709502821
863982590
250269470
412254886
999925079
447119315
6677167
224101233
961824645
155362489
583359704
235134443
254098808
4608
689533213
677855278
879526094
979516445
519451802
201573765
668257190
27243728
354635364
854611037
537310856
58111364
541167123
212726228
431346652
926532600
599546267
894913623
501878122
532779548
900181029
843860548
937569437
78992621
332797274
928430298
633596173
2
790511127
947120458
487699818
642383876
786450140
250004889
750888505
127032896
171706650
692492977
449901738
316340736
704415823
182176227
467249586
126061715
991801341
933701281
625058924
78891300
132749555
846393466
250007085
454941002
311576217
923356887
653483863
125806315
929371492
207793359
729741841
373631536
261514672
984029439
105631662
809553239
384466947
169708069
782315564
537110395
500005104
830313679
16994825
496278816
377102644
667107399
789435569
326201376
300125613
143499442
254528678
500000008
833343345
749028877
392
976649736
793908872
583340984
257467171
236998138
708275768
931980187
926710845
5832
761923360
84941559
266247658
227701433
105271297
173938089
523516960
715058167
564480818
186194876
762901303
663570087
252557303
497168645
5202
721072719
282706868
383521447
624261965
59163160
733171170
672652629
748939613
804307544
8978
474654629
758961749
804942783
490887291
795374367
992725461
390090127
571414989
55312061
686229142
964696667
685059974
482336841
230539081
1568
736079745
629465821
644652612
941463821
128049578
677240840
325955832
933419965
553311037
717347546
642010959
859264200
831711798
788809433
482033559
936815727
573519780
352923660
119416227
583336788
164327203
453013661
583336324
502545924
140459733
611917195
67328788
769465691
214900198
304868505
918289419
152075001
144836429
144786920
486206827
521099838
156242400
241971853
622947394
547228811
723843585
140926824
457775294
117893943
789632589
337253297
83374641
594329067
176496223
958814557
810855606
324345732
27857176
601213565
121171250
703778026
417595066
439149858
323981791
348255647
63114793
107829889
473515292
440069852
744537862
582788541
934026340
333957169
894350371
318811936
265411804
581809238
313214960
50
816222672
250971857
261576859
391371808
558338518
380277129
683289284
788055760
54651145
562401654
601193389
556300516
333339544
265733530
236406913
597934052
371450809
962256757
936995194
491127303
500001744
548330185
6498
42898078
128177444
711586058
11929471
452415643
842055120
244514768
601208809
302478024
518396920
393566965
276274231
825602084
619103284
580362429
172051953
688116776
388460476
283279210
161597993
545528206
371042067
222325442
253455889
731599834
264242799
551679194
462544001
476209270
175662402
333337294
319474492
72749712
69989701
500000316
54774119
583335830
88918617
857686425
297714576
872149469
226273390
405537351
746632817
214410456
261881992
63482721
203680573
75127837
387782333
583340988
74458211
14023
194283481
291119992
202750374
747118657
346114846
364994318
193785531
547638455
472715090
549614975
684913252
726133098
609409019
793668463
952548586
228286275
330354272
550451620
483633115
723666213
793009664
49025747
401205435
999942636
699832025
476417340
816352398
136456260
197980907
262422473
728908491
715196483
466721174
498334067
309590567
588345262
767763754
760032094
238122354
889677121
973379667
194087152
84653702
586905182
162811061
212151096
81526191
621547126
58521112
202426509
691247015
354155498
805590892
876530716
500498557
388028720
203328852
276972922
394251658
333347123
952651082
833157185
162935710
965540410
0
744061978
234895591
74441651
192444048
57159269
125912647
601205571
423374199
778255455
167912158
146365490
428173311
100993377
583339282
601213110
253178019
787460276
16435100
969804144
705283737
956914320
989109632
135324758
96663653
721464867
175412585
999798513
197859946
820447646
145075860
158623447
276918427
22871803
616787158
695171967
795006289
640602958
827797066
10107675
538936562
556429055
162842895
402419176
810971200
905620542
107349893
139216989
705245524
405666386
480259714
69417732
689341937
293429508
897147318
96661988
225075596
603905197
140605771
781301483
271280719
635720954
967833553
812
831183259
235018270
500012964
992735385
374487072
138063224
179112763
266247204
78911513
464029052
154991560
162901655
684685386
500004328
248916716
97819996
563977243
606411494
228537777
929759127
11757
382374516
235145429
769891869
885410897
733982370
696816778
163905703
710503993
5000
548599236
516910775
481919135
596691212
156109443
455817580
571871329
530805382
521010063
130731256
878837243
729047798
584797217
333343594
126586422
249941960
808218628
230864747
536924712
935626927
87196830
38648880
518583581
770742263
300221053
407738895
4940195
446496646
85
391701359
583347666
979156588
88806673
744070128
23183534
601216542
915319119
715363965
456203073
895286176
496009911
482901024
800003298
969310545
984528818
770048757
474258723
250014333
453438868
958685470
428566432
585459111
179970445
124432710
251445235
762681809
400037992
121981867
980504116
267874653
205486254
780148359
981892530
77392475
586070009
601720652
443734615
990164173
259099331
954036154
727452764
584314920
101017389
294563570
866277173
229230673
601210539
79402007
482044616
857495768
520996252
699660395
602967872
452399627
476198170
168804750
999133462
323854271
367635098
989644946
903433532
801804996
894696436
505953879
665960125
69117488
687406493
485911797
934530052
67064295
420930248
764563597
645625617
890309159
834881524
560565983
61903290
649234140
605459952
180966306
488125263
681099656
58515764
500000268
766892952
677738105
38731095
482359980
2421220
445860675
218814446
363113696
204906559
303850220
588318868
719836186
578
337917621
129619022
601199257
333337278
174819052
524343358
940493860
504284346
960370224
954210355
366927975
700429461
4802
753990729
283867589
264920054
977147336
704166274
439411083
896224118
274309661
313198196
612896612
548875362
558887200
920143777
54515809
524622845
23471686
11552
800544632
596998405
90596893
21123
346617237
764219150
296372698
474826302
258777865
638803307
38834946
266957538
682670409
733180271
500795187
836280499
444733181
464569057
3528
924828735
119059010
256992697
678859067
521031100
49865592
565965033
171173452
1250
547906003
222621947
372411460
560013756
22254541
286001947
536382617
573205052
51643852
208066127
476226366
672439465
707759344
368865556
701635638
242
962794538
841826283
822007297
232150820
51269495
911258722
764537694
147418846
858030944
97314544
918231090
160065116
290258353
340737363
565651228
165518772
488983640
952391716
906659949
473158193
188490878
96319266
437845585
916952014
129280791
950179631
656005510
141447375
500008324
816809244
648239044
276814893
87227907
829296283
735740865
145600167
184481498
862726693
344317018
414868774
976202782
73236801
539481754
271157616
500006388
296879357
466499248
155209613
773833103
973217117
237083608
19672538
600638534
698440518
497681098
225612490
415309868
583339880
71199411
287713064
672280806
418094202
413053726
809100804
736277399
583346778
14819250
595063475
354791181
283383392
450
850405284
231276869
461992183
385432572
570164759
927711288
583238664
529943366
827535235
296769596
290534660
545266537
452404333
395295377
365151630
40641920
86042996
221564566
277016510
964986370
15157844
245142813
583338628
131038138
342579053
867548836
789214890
36663730
972822971
809537807
842349396
951634538
688487511
934544401
170664902
333341313
233424924
973834886
765540063
317634228
973487359
835209773
964761434
743208389
3392
699107744
197234010
7646956
13163615
795066095
695587045
201216736
29771042
864367441
452397741
872346722
58046919
734143469
342872264
22917564
108472841
304456235
880340969
82269218
752509600
844879051
160099884
179348565
594378192
635064273
510533975
636949111
284413262
738112779
519440708
324459081
840063886
16976111
905036239
69417913
783341989
597039769
500007084
3362
384244538
18
90298711
509304760
769344556
433416653
496101633
637437598
976223516
224430996
410735067
64952247
52267887
250012681
547040381
458056973
6476931
162
23953390
250003485
883269391
625974016
583341840
184699044
416773476
485595675
997726827
816006350
807099307
873482332
214145096
223978524
42397506
464687575
917921935
673794752
20358498
365035478
185258646
912487133
500000616
862385567
209931846
992952787
725536246
14112
476237894
59570414
713693991
640590891
119689588
34044237
685534357
619069235
583346710
390504832
953539676
770561654
542256563
100624535
818809481
470840668
472512015
597238815
407894941
613926111
682020359
312716762
607406993
324715247
95635389
500009944
657484566
673181489
881445983
125273224
438979638
952549086
698329879
396894713
583336886
640005208
996113663
71586063
258434635
545443460
397916223
452396131
505393326
853816004
932021464
125743714
416649449
439690659
950777647
747290711
77407738
859398046
620693063
72893423
206011401
807158616
854913107
657504684
333334821
596099548
526715434
351319158
225645203
273144476
573064285
618601054
263691109
850806702
583334270
451234281
685385895
157688461
734009599
730577931
162864384
821417513
450902499
284626757
367516476
984247844
851073914
862801170
711968135
976728941
486991353
958062913
473303404
343648208
500000028
624449512
77407109
6498
400036507
154394266
262546597
832647172
225238955
714917956
427824436
335071046
78615891
184018862
93114672
527761257
497684036
783801573
724819851
419535077
873132910
763823851
362413487
461226684
878622366
24514020
793735865
889605033
696452427
357785712
582595197
922751961
690054277
349346316
601455297
149760991
991475190
265255497
321264377
950511207
204973801
359046523
46913266
421064667
264334114
799004510
405418460
250009879
525936317
904331432
810126416
749777277
917935896
712022850
970492782
624453369
238393241
620814979
32313477
574259332
62246453
751068961
115640452
235444790
139383453
501150124
76129578
229434335
787364950
487980871
851445244
576813532
471435169
452388741
131554887
908414200
736034471
925606962
895263893
599224770
632628552
739732108
900693615
388367951
333335853
303862605
595413579
460682451
942099381
607992994
358304724
164747427
855249705
310808872
583337412
521009148
968526170
370311034
488024459
189161368
309535622
904878060
402070359
716021666
60581098
85750706
662209673
483162265
907918509
668851984
598124365
48502869
777805180
100824185
489824407
394144853
527749237
515853287
257787093
901998408
818451181
907486948
583336094
643879125
624597151
992028956
167770501
677554369
317839856
644616895
809543387
154346505
243692769
634727367
74693578
757173033
814050108
762993512
156761477
286817723
437233035
653649110
26909667
296746742
857181526
793111044
634152047
704388404
376182904
85154020
281645305
947842908
460836192
665401426
758063791
881999461
476199886
770348245
379181873
238114277
239429532
507850523
813745464
495261624
643478698
793118951
266045038
17800892
938055079
836649803
998083077
362337820
972789824
90686557
933307576
35314355
219078907
516757449
754108827
235170215
870269550
738103315
594129097
250013161
516969992
69349116
225089434
979495415
820034424
339658125
556210601
220939422
946859168
423730375
333345898
99632207
961927301
120723805
787563393
500004144
32603731
520609213
353402169
467597889
309123729
583334366
333338810
937374769
457670220
583367986
280807777
409495640
583357270
322448011
60933903
985560008
984170009
609554630
865351817
986935756
529534813
811308388
669081048
333340978
455935467
702115676
511227585
819133581
892659421
719527794
2347
931107379
664906483
458344266
172068720
370596205
230833662
765417310
500005944
972393313
961542256
49466112
790720948
297762257
371698413
736441868
181698115
452194913
354691029
661620918
430636682
838306831
979667690
18
509819284
412493838
275934725
562414484
458396833
578427798
345804748
930420165
954964786
792718082
163989997
968
226373666
264921339
759806264
664530932
910151929
437614582
429896672
722546374
670201498
174429801
738103811
13173044
430534120
250010997
826769851
92279618
403186773
171041380
87779296
953258832
499239881
687556873
288129718
584792494
428925728
833114399
86373735
785977874
781796066
848217243
356659494
764588905
333341116
435623113
569968010
218134992
750964182
372173835
201299989
475926266
64667833
463661034
865517174
794947218
438428042
938213658
903577657
33393584
957865221
358418089
647675412
3167252
772392206
539432686
973910505
704560035
664772907
934533561
49779471
496456034
526346321
960686502
876874526
209276039
360707254
686442402
50488669
594897956
351718569
349896101
993804153
612607349
439899069
990102135
998928698
563835645
952391756
684331074
107882410
639992110
408142058
277958817
333336645
822502611
120106561
423960447
708177574
181133683
500000316
508155104
734848504
856218523
339257918
990113660
583345188
211611278
645157163
918773967
596602951
399901242
119069350
509412724
116636888
832832959
258116706
601122259
231672324
338763723
806024022
787113116
619058945
933047758
492421322
708523028
114748334
652660124
372056814
119295709
964585110
30177518
383304893
787086952
405940040
369939490
69866929
500006388
116745010
447665115
529763984
586362857
6337387
959736111
651588718
226408013
615543051
91012358
41018751
562357728
709898374
66257967
724686554
266547395
204989651
869084539
842915328
994758882
130824129
934544257
530236619
289971319
308431134
334681899
716406032
818737766
795770421
146629357
822899976
521766339
139888873
250005069
66844331
863567167
79318129
18518034
168805795
436877201
33201392
441244237
583919329
356797332
815112910
962741574
291354349
585758574
342874761
400921554
797985941
733411986
474745357
926587824
731265550
630160293
820833544
6732512
251483963
763333763
828075541
601527517
792004127
460212497
485438734
621000392
289136229
88341297
660421907
453689283
488322944
670184288
574521097
306693804
313042038
121519432
813089114
500000044
493698946
571436000
563311966
242403268
329097806
809827550
519584538
709544373
885411038
126543412
20555495
250008433
835932671
311568932
2475746
870839584
132618691
847675420
583341988
29776017
622990765
480047212
261347526
250003605
845554723
11179985
521934781
857791233
378252685
117073961
537131965
3617
135168512
572881583
931526916
987031463
242875454
414680586
342413675
756815376
640475744
384892711
771974881
630371729
144913184
146367343
333355834
517007201
943921609
978027099
808591612
916604328
86317240
884176590
464194086
503285741
598075685
833498215
948373943
488426386
944265189
294174039
601048685
827723476
948768689
8248237
102030898
556956223
416406435
244617564
435320876
72138194
33038920
909272131
695006054
175329326
923886487
500454434
608794219
64878789
253018312
309533232
742371782
676216182
2774410
267051895
657252434
567792028
476876728
166871612
797658535
333339859
627730463
183701723
963115453
560982165
103776422
394634013
902852353
893709291
923649015
571454030
606221088
376524827
463606667
749706001
333100551
208049018
104389675
16563293
596331054
512917256
958001948
500711752
388405070
333340969
285823550
477396983
946741016
371734011
271320811
128660617
901352178
145472046
50743027
968523552
512
736687993
434036616
890936545
502647809
438355024
117198682
393701645
946213880
157452907
608347549
132449718
654319518
539650584
889829894
650524651
127564622
934752583
584321671
66420327
991189693
302854247
943492664
32160632
124015933
632753261
500013288
965283892
902926662
907345412
75493640
815067659
597885814
421268175
150276974
460139409
999184563
986082821
548246642
862684130
294884187
511703738
234205771
135262745
333347969
877262104
785672333
504638
608635667
617640211
528278593
178058666
72531585
238117157
711671273
682903222
566801966
46590954
157452069
193676327
41299428
592911700
65466086
903214299
206301746
903386609
81614796
814907126
297642627
319015078
429992425
331198759
250007331
250034531
592809817
621539989
991943315
128
796475806
671538120
531528856
657193614
212046126
944894666
315181526
390103989
969422909
541522372
255743761
168956155
297387932
726137456
191978013
820787547
931675645
496188692
984784988
332582779
450
500002384
651938044
500003964
263448392
4363562
729553607
206605446
430996687
434570181
524116348
881436928
674459914
905019363
453010066
607654128
948541877
926041300
863000388
278191901
494067644
986958858
142983660
576418930
277218019
326152325
814913480
856600006
268701033
534570934
971523825
82785508
490372782
172051360
739198743
236539959
398371896
251135997
805893888
764309610
394625031
721472238
927435924
279740788
829778157
814917683
965534759
59393079
335472458
447866122
1669
951291428
249262482
964714865
407506329
249154497
245544541
879452562
891129984
250010289
293592186
591853747
353136958
470131046
333341361
88117183
603869327
679264739
132033390
714989297
722288036
912381732
288128730
32792913
578387568
977113547
405393081
239332543
651367240
53883851
130409730
664190505
210150594
221917917
526676962
233744819
1582
776799326
77385057
900459018
764648378
459767048
227861727
33666263
722681941
527229846
431428992
465316636
268669711
753297346
620061215
489330166
238730401
555239084
809541189
699746274
10218131
333334443
6962
952536972
273187940
649040042
250004373
583352894
97749070
255959713
45804646
689979148
59586177
749931388
583336680
534544418
27561
79243259
290332443
786902922
544290312
283235774
797707338
757513368
421541241
909062732
245271905
954346690
447662165
712506421
221173983
935636346
998118623
438143546
87724548
881094353
356708528
676215091
893148947
379497735
743479262
795501292
55414665
916057986
976830349
22772936
166676408
950849015
339781035
828415807
64042966
842926844
869984178
466298660
171793543
702431828
597239729
77395975
205847739
706110375
292001943
106859622
866760975
689085985
405725504
340793709
255584111
8140001
70987162
500001516
998538309
569639676
13774131
210362361
429286868
344692097
364575789
606759316
295676571
333343661
414983836
805781631
624422215
368530993
679070103
500008324
218036927
333343130
884802126
60025688
277028093
725840813
58664239
467864570
355897589
308104781
201426892
459513586
200466254
580971427
196823776
310706720
862153267
940458040
877704762
832667555
321324471
619490516
16006496
738114163
1568
372479912
238119677
298921066
578330698
271892592
333340417
500015316
614308222
642346488
522104122
325178253
848366662
474245346
561931290
794416733
990775785
913739334
286072396
536485989
261415647
733608165
726223386
258686432
164660880
62684629
449507714
65119977
16300784
139028772
191886141
113673871
709508907
338
563119418
545283279
98225643
963629673
245529324
328464119
357018602
738117221
354641265
539352496
64544483
568536052
250009125
81083598
196045760
791677795
859549164
14798327
847962600
824797130
348397191
518781409
238828782
333334513
994511235
545040705
534470166
232813937
195779165
934449562
976204304
572849216
862353260
90901459
560689879
455400963
66572838
908022143
716965316
130957388
560166091
67949072
831456877
29534752
720514377
17663447
383159801
552332288
583344694
133249578
737980781
349270879
442095017
131184958
579590321
228368359
977282758
995095785
105090432
6518225
934531005
80168073
20393313
454977540
785635814
866551575
903179340
6222910
144219271
634484746
18
530749710
664380354
384645531
97812979
374616240
173636021
580972219
250007033
471872276
333344162
104914621
336474379
680866851
765902141
406103193
46153273
354012586
506568780
781789278
248395344
261334589
435720870
742228478
544899833
39574293
948176840
804029903
393602650
72700723
829643509
32197374
259370559
818748721
395729498
786343918
523601140
638853244
191572986
938668271
53884958
370019703
799134734
148675839
369550637
233652036
284175278
562211403
897783103
738713008
44868508
182662978
4665
156317996
252528012
396309196
840328398
441064506
320940478
265836537
460682014
414386899
729454455
522303270
753488109
259562315
137002302
164093422
619193331
133975794
116522725
354799129
320512948
884853581
339709189
977209951
319189463
713194811
806455821
917125106
372816806
985337527
754317895
601077426
980928359
135324071
672683677
172952396
658008690
62484763
929310834
333348710
326105449
544345259
785754226
188097076
246810709
854592424
352477110
666212283
218099764
879656182
638343310
555498167
767748401
961245486
648567360
617228417
994272957
346320153
459478279
123444488
85876130
266310546
791677582
338911550
694007201
484571551
35490680
177006409
487599134
791694315
21012161
816593480
744253729
12839229
459237316
838710960
816489559
351698246
803791902
901171264
656813970
624197602
484708
225890998
606727684
106161561
196409435
13996172
405324689
564384154
138036489
159389733
292810422
267529425
767629535
590175417
428593533
500001408
913200049
141549797
986219072
188427621
769430253
280402246
537879079
854627229
250018035
592872782
518439002
5376206
451051126
485237711
819795916
820871026
736962601
139639676
313734804
602819683
590429733
102200834
601213486
74451228
585421474
562162785
995395771
84309369
257586009
306610996
725503936
753712923
281014351
31469746
766279227
32398280
53805869
738105723
654759663
252834456
181302372
784389533
113626030
565950609
513344990
498542416
539233116
70735120
31083555
394692719
445124355
853477412
419531835
331172254
516347886
41337804
830071124
657495963
250021273
183296871
827190831
996696296
302979299
183646856
182015865
574593313
970044010
664588350
919628319
523985298
785143826
250793769
60285101
439164938
54574854
833352913
684975624
527169121
393101653
383051307
939551345
324839730
364493116
375210771
838022474
419488635
553970851
546284026
250014643
899389443
987980145
106461775
978363010
624023389
161688044
905598603
355057460
500008848
485021789
309552004
879559825
684302050
289796341
922151202
583343398
676892237
460754940
482775772
333338082
696438995
316971558
71739574
73607343
963098323
334376834
944579340
113963116
196075063
954842770
219453512
417814875
999858255
892248730
931792351
500000316
690378062
969848548
79220823
155313866
944575831
49447276
14952048
127522194
659909313
174048169
331269414
583340738
239255588
119120088
34480456
423542835
523797875
774024518
662814722
737755104
828219199
456596424
142435300
439372983
794007044
381504518
319278077
925333930
962656625
6245
784288336
567119397
536092226
273795599
537560262
518126902
500000064
628607730
627096749
224749328
225366740
706836054
738728065
54681987
963001878
509030186
942612538
335727614
80291229
333344828
241965724
353796031
408054688
8686844
23083532
259760053
807516005
662991519
307931473
723349878
529954932
538580290
112324924
458394768
686388804
267872045
741906542
413809584
450027788
187972620
643302748
934567393
375596973
838809886
635014375
647351014
659163463
104073820
71542656
637220413
123385170
582682731
434840676
626283024
698723958
794394758
929367323
702587513
333344493
814898621
664020072
417065733
629145139
333379377
936322591
522294912
967019596
696442384
229130416
58695316
869459332
352131958
583340848
362375483
219643420
543446388
724799112
603766466
500001304
407382047
255447344
655061389
301847737
627074541
957794365
277633067
191903363
572057826
549861312
6582555
594639734
951669458
509712480
769337058
929868038
124565921
228223328
835473275
283926807
718260451
29779496
584005505
915793678
244263113
892518540
369388848
990556715
15289092
624452903
673408792
726462750
804338564
119072806
621427121
957348419
601215267
280107487
200769624
15488
513515313
641021524
586794315
437346543
500001516
283169938
229852449
4934225
500004144
255503333
64141284
333334773
642378446
254669303
42763
476205644
626289425
780214403
249569088
333340791
385384108
666098261
3200
802273801
744064216
814977235
244167538
424466289
138039587
473207370
744203232
952448471
3853
350558759
556425079
440165483
234180836
758318906
449105158
893348151
848729758
427865553
314895090
89089713
77390855
199055022
171048393
500000016
678834185
13609872
10727818
121099898
142690821
227830928
532051049
458379175
138053391
9401
333338834
324840391
44096
583334008
267752000
181772296
792793680
49307388
838715621
121143284
31009354
333361586
77404824
971774991
527784966
289984452
601218266
118638947
711250817
798872271
1973338
941053949
1829194
8
517569138
185615830
620741320
93234239
549711523
326254304
52101521
943272838
880945260
86288531
290698969
295115609
781080422
353263813
179819801
340452750
500000268
976209452
511684344
69084061
721391045
281943854
329426888
949200676
815293169
404192572
11251863
992750035
22677413
551932178
494415459
203700877
885630295
804331553
416603353
324320798
597791411
176527698
166675849
721625935
554870913
333338299
970401883
314041696
209345888
419889482
679507929
76341426
675018420
898864972
400875655
551462996
291332483
426553297
825926829
342545777
119051640
300878168
979437808
250002027
746003262
37724781
465564825
880651937
144469326
670581237
500003616
789785969
289382052
637214153
687258742
159160403
499577840
715884923
88245640
167394250
37714970
310326787
243052037
264090527
587151179
867188632
761542195
669071686
293517270
927013380
229204543
554482594
4802
612108512
405188123
526534564
500002248
517470534
663654382
267263753
406603731
735796366
657184112
18516019
252322255
602324945
169368492
932067966
848492315
112158793
731742313
77387002
764000452
731868366
543937463
879499040
924236810
387778133
648
551804491
421333474
583341792
262926548
333343051
294557631
460914631
211613833
445439465
33742738
227300854
411642021
791674844
374205209
251572761
140261207
129381436
663319901
508774660
176428812
223710179
520749651
7438
864388742
933250374
179135481
846207708
52034333
279981501
424448024
500000148
319004200
921876909
126930212
500000688
529378453
890884910
145195674
444729119
424368020
315024901
250005253
148929052
504887895
272634947
894341590
38126845
849003177
286931165
468258280
160638213
261693981
579598699
663673554
952987385
210767259
525140777
624517888
9436895
418942663
371440591
599482801
490351370
64757929
912549673
328583533
690118315
899144233
573523932
610022303
696438504
827250298
947460420
707629533
283665927
264817273
73972581
330612552
127990721
76918822
430933651
682639063
642871655
639290076
89097388
595836255
410167981
983670757
285747490
806680345
646677543
167332278
603893528
591898510
28438704
614448541
57313407
280271365
123094334
383205697
372102786
458358676
375225397
748242634
95581517
600027120
561186161
905950332
519792672
333349237
951835353
55445808
874487292
672708059
101654451
470314354
128
277642966
134983521
164873601
706766565
10179257
194004346
738713462
398969104
51985155
539760472
419016723
250003567
521600425
403503512
968759658
162
653489254
992954547
456454249
29773678
867211661
937424351
6272
548877424
337470730
399777279
805231065
515681701
523569777
9320488
949645586
135381788
299463041
283160771
316086021
172763443
461236271
452415243
557656924
291920276
744058385
253939837
84728374
601204183
679627211
351704608
348536636
583340704
845348005
943613608
813712643
413681977
421030877
759375328
753704571
77422424
445433110
615458635
654918722
565973880
326285816
607851387
658827585
731724565
434011369
583759451
7688
115864834
486243766
84991457
535281850
271734469
797912957
9800
172056331
239331017
758404200
942551411
611348463
633155130
687622461
118940833
661271134
387715231
757892408
606201477
492388543
949770250
837476196
871018476
293094946
601205571
333351416
290247750
145695346
809530721
711211914
769780645
93629399
246448247
627020859
464427364
919479749
54175978
815944875
386287274
876617022
121306981
77623690
603002260
823336689
468303835
939104161
147340128
333355041
805880347
467475625
753887342
411247635
583333466
726887085
585488738
610011580
861644456
204407624
887561350
715362273
974893842
500005944
611102052
583345648
564463761
317256506
102607614
21056571
764658266
645166670
2450
392432208
197589163
289426306
530070241
976050117
938120674
918213021
389947279
9549919
320526067
500008584
404784266
735349668
143490767
284144762
600899823
583342830
710946762
170825135
605820327
500010808
757514738
634490862
573349251
475515202
527175424
193266213
839365628
217294111
730504619
315705394
315833692
504648456
627543326
452395407
977094738
233670000
571221240
196266025
948505872
172876145
727498399
196345834
4393
117185740
994427766
944952612
4312363
619076365
750209913
730302414
125458097
583334512
955563837
289408618
146468848
375625874
102728418
836636429
85806063
383048
714703422
250010899
743018832
662147019
574628053
331260423
698804494
740558184
227465536
382693130
314994800
378779331
333337394
521325259
358597038
732426929
682735289
420694217
457772318
525012866
635828997
952268407
141999400
434366287
219671898
944722261
119862295
711034677
936910718
691763875
97677842
868282122
250004233
728585318
977126918
583355726
936535109
934549042
469479043
184310865
1528
29768575
470539338
869052917
115059655
656335774
937846856
490060661
17400384
128147562
715840003
596364339
538782972
532793843
291104756
465923764
370393164
87382090
5477118
383337756
333342817
930496791
898647598
858019929
468220586
115057525
482549058
73636077
82365036
717202519
756370404
560288685
631124512
79447829
913730484
653766027
457817188
333349770
232507967
461000579
613069464
744061417
841849599
203092048
317174025
303509163
240506253
961992573
586598420
672057120
471031833
136323300
340405737
971568246
446500417
583340352
212328937
248189498
486094993
778516165
423670191
430138382
888204986
528330529
997203983
574605492
764321662
167277672
920113445
961828459
336145391
47624092
824632179
250002321
819105849
81098859
749963733
473505132
979844485
308516772
333354185
69125625
828922353
401579992
669101406
147374420
10312
501903255
230333643
469661223
900872657
582932237
302676088
619070273
196055185
109712743
341217680
260419983
8450
254425526
697420365
734653446
299841436
603013324
557787362
896296811
583344374
162766033
222224197
874713427
444667834
583337944
25115863
869287475
628317145
7477
124440340
672135951
595422870
414689698
244900594
163730924
568330456
333335857
158692409
696735688
824016302
95967549
595435418
309535568
951280110
857697567
253256690
935921848
405823667
351446698
599194971
410735379
760658324
773464127
538882764
601018520
951331570
943538465
934533654
306484571
208328570
738119165
29820941
990276201
866463665
599183914
406184022
126175778
464142777
545641568
573403696
362160473
113943895
614307792
538337478
139732406
625752747
484906644
496627240
213417085
331970090
15931357
388881533
383342940
100462383
55182120
500003284
844122164
106569031
414690302
330516723
314901405
385946684
525977217
395434551
38129819
134928629
318580175
360783221
60143006
164307351
744182561
299101093
3362
945336674
435247884
746837677
812305805
885447860
735592887
749178741
745175557
88492713
233702194
583343396
636339227
350548242
222813320
289628171
464263528
1152
685526966
723533668
229053740
148629567
154328654
805533725
192720904
956383417
509039223
951770330
14556704
364308987
30948943
290264546
283236543
271574198
58675244
350991216
337831943
619068561
270783697
125171667
845729183
864093186
573138167
224562102
901361488
804181098
793107383
236116661
500000844
707556003
378636454
333362273
432566106
29770098
356935541
925159958
382735698
582028464
862944872
896590761
737851196
114798656
659623696
519558531
539311958
838857488
27338590
693656126
5435184
1993251
738344971
559219948
373285094
5585830
62201511
286025049
458877866
35662467
515699564
601033715
84279934
744668746
273777043
135579163
86655274
798666824
7200
583339630
539170999
368392484
78346016
126906568
500000008
452391301
464277344
818115876
182382182
281744328
621702013
514060223
56329895
677651581
976464278
992655616
862240406
357543507
115676764
959396759
760458180
305545922
241215982
499205852
477029778
450376779
580523942
162
160695266
693681017
94491103
629869902
294188163
683764967
969469883
570716951
501800284
342630708
357450120
921760495
857294001
944074647
528623231
822538871
414408234
728435812
412056005
525522844
771260525
844286458
164320725
569636876
742119258
624839646
303395541
333359509
861268130
465155084
801430650
465798177
761613394
399384110
363127850
195663173
90679054
553122002
458366906
921298489
1152
236605734
485419571
624466861
267872280
387566007
875525960
590811634
841455550
977753931
418573796
294190182
542182905
159479665
301119539
939205495
305861279
245043059
955950892
353899913
364843464
312729692
335752827
649363255
500001408
875266172
556907139
259152152
542345164
558506309
726165178
361081350
433948867
11250
472607297
163974065
818295442
870557129
50
30222391
996528525
583334420
278990104
396119687
20009933
174309376
353876502
250010161
616745813
915860887
928568631
483711151
165535934
514314693
589946798
601708202
245268779
254595920
689781201
200003773
601206995
452393279
583347782
500003964
707375292
4453815
334368724
750497387
477255713
10921929
562041813
148246565
514179922
659424054
505648061
405974655
352399783
764601440
190894574
272249496
225538411
270862199
899982352
924456237
930203041
910778524
505446564
364934439
649078396
545626519
372145083
113580348
976221864
801322230
500000688
28542657
902684927
166769623
264680033
257856270
571121990
942108463
160972071
404789078
875217093
680913392
785122831
529130850
6272
10693
830238028
839452165
4802
801755188
502108550
932257272
392
480885207
333362017
293648448
168574753
565528600
745762129
469097951
601214769
426129269
506035071
402430676
475826543
865533427
107168825
488177918
808352089
452772961
117564761
764376151
274457456
692006639
96934364
309371604
929918703
366781684
337184427
525564195
701384548
18
647463117
738120631
286191944
568844174
663051734
576258127
189912273
241772909
835587630
481438505
152312629
583352722
568135418
560674693
593582744
666679948
633397
322761916
969622892
692645425
418862908
27194128
856734246
150651363
774807079
77393974
397679968
977686132
567541143
291588479
85587668
505399924
699061479
378756593
502497638
318471619
333336866
93672597
217618568
776458461
601203003
749655286
486683365
60557377
278149776
805693683
863545703
564587389
696455653
252836768
333343882
530734279
347518919
856252983
791999851
385537122
590488237
534685005
768208888
732208495
108546216
210067581
450
331117683
2243881
974767626
737877838
227680653
430297870
68577546
772878042
122245032
223548589
513237662
729456862
810843675
203492495
380411484
615606077
934532481
387574881
22521226
876769759
909644887
294809751
850280406
601210369
466738419
602689348
987403709
446201777
1682
346757359
476149445
985399465
345434932
250021009
889518888
876443341
500008584
77732367
296243611
631243110
476390014
705337798
853976924
525751319
407038345
806288303
880231329
884740654
716383532
942200552
729681803
593103047
88884577
749650407
766302091
11405292
333341577
21459932
678683922
664826473
843928938
738197252
257330447
780873620
333337047
743961417
672044662
533667878
903700670
108757356
899142645
381626866
531156986
844841098
406216127
942241106
29028824
378921703
274424218
80854223
657946934
494740781
363111268
779307939
838730857
147689033
334548638
220928055
928248957
253544026
333339290
36328670
250005825
668755609
278591154
457761601
586186696
65062144
89972860
363110736
2154347
171938608
333344621
743471687
940708645
168883915
124200559
678530139
956861845
324247308
60362618
374247192
793152193
103913334
963818915
372822567
493712540
192821807
375390852
102101747
240342393
351539207
584602139
994503368
998741014
969143284
142314587
389707137
817714719
479735627
349979580
948448609
787387860
419082524
803958878
313642770
326604334
683404787
751337745
228414490
333342721
356684658
572504731
792349249
106761703
601212508
838992970
321353592
977815767
333560464
559763812
338731926
313370614
513700641
639752972
172434691
159881442
5387006
132520782
785743966
463616331
343886708
894257486
454052710
703780106
473019576
29786130
888013053
402520639
224601991
524928607
146476496
159282161
500002384
860841682
300771259
312404037
500005944
834530789
333347380
790154980
475171008
106839283
363115617
1909637
870685355
465544774
764440502
79060804
702876805
836546352
553709829
1458
307164364
476225598
742774348
406405751
432295136
3528
20556546
45172672
809529691
641096421
478595306
585866516
578172479
426690047
504419405
415714784
120688109
65163838
629608414
455406341
133964749
500000028
160927356
859631120
243791448
544721729
250012975
288501470
333341490
503863677
927492727
104446209
65686160
789158989
437014911
844622290
932795146
859588996
717089020
257700552
71009369
621492781
477141830
257869280
45314515
847652201
117789398
686960348
628736216
817816720
487958772
550096696
428020760
133317228
488187685
323334409
333335938
309653809
823710528
26918488
720471062
691244552
890889062
512817491
645683322
77402869
907809852
318248621
842056682
703246647
485368388
977241950
932772938
649159162
573831570
459452071
162878903
915798623
518043898
450386340
181047764
633873324
205811319
272684554
536802674
925049571
24613452
962561836
457301449
29776987
12109356
181592369
56565928
446383108
145453736
993250743
613138201
271001570
651767360
60297947
556988061
682135646
581639790
744063341
226201203
983867091
431658402
340047277
3042
485495443
690120339
143313123
336823968
901789486
35428579
905477739
2783743
500002968
542056548
248888585
648140527
873927441
907920088
933607316
613323256
72534284
112757828
242
194044164
642450471
507917647
745386648
769759521
166972423
424620640
633665744
333345821
596128210
865186556
923631005
243182014
355967350
381832787
581312183
620696993
57899310
266456500
895310941
432403096
17191525
829136234
414776377
10952
333337278
794546495
514326309
860836915
82021024
848166179
945596211
512433211
500000316
838274376
554632065
704074022
807760172
967464838
747269456
3528
502123901
217723279
452620197
164016541
227189088
383285284
880443260
559735201
309336376
233640594
236883168
892907708
388994416
427333631
1152
106054971
989352598
879706876
72040849
300483519
798357909
960005151
36092772
769432922
843075674
740465592
708023145
920008607
526811156
935236102
221459247
875228627
310732628
224134643
500001408
100887118
557499850
86612085
118509077
257675180
333762214
737929037
119066284
583337690
580999209
497652648
927910151
293661695
520421781
610773252
448638127
158603316
282511819
686875544
785725248
968171801
677571629
27057485
422229826
286171680
13809542
467934836
848516546
718059452
77387243
33352181
520249615
829369365
345269050
769340818
742750867
908742073
47861797
609767085
844886288
5832
621439589
463182384
388235493
355704542
61597470
947392846
853281597
788697298
360508515
908655999
86353762
168253029
377081302
276005424
787754850
343799982
493606255
516888493
578138718
705463543
259571406
530760587
781164683
140154122
857339632
596158058
525169372
723649640
225132011
942925483
501708337
156408322
860075138
543321397
685123166
679834322
741179596
473671021
784875700
410092197
107581908
528948565
262347180
13368980
876565648
303629792
231335533
109595253
458355543
244355978
500012644
330633611
2450
901423164
568545464
976403174
357674981
269999252
655837499
593336779
57179186
141243778
309544404
282068780
965247518
77386829
964863133
490929104
64637803
524697288
795021500
49864483
548242830
735779353
656296994
26175121
169102519
430568846
135082387
760050798
194381842
395799732
995251629
65787720
42066248
208508755
777586627
623181206
48265915
697534557
836219615
128
692773646
694616645
894177140
414751530
885927262
536219177
43590927
727546112
465664811
530045840
590909993
749862370
948957104
809533541
984296160
752325452
934534412
765652518
975771721
858183263
645329710
614977962
30327616
851895976
250012909
803644998
338793179
53464652
97385407
657194301
939752290
211609274
598437340
793355721
563769128
435386247
744056967
122119286
119250753
675147512
828886558
14347415
483941043
904782631
275765043
805545517
672738696
250001365
384435104
993634836
309549772
431005607
497668056
729514348
142911
898654119
81061905
311460345
567476599
907849144
495958066
157986027
722522162
397841135
755306745
8960871
959923882
877220891
681604549
859272943
5389896
306654597
437905471
550806813
916260221
775407328
624054001
518405603
656265128
710358665
649255888
130875051
583341778
333341465
478769855
451174786
139842396
568514517
60578927
167291666
126852939
705786663
152265298
575779156
136757764
993458062
798628572
342896333
132775571
191975514
748654431
641284631
804771335
546829861
490991065
213427158
959481466
20796437
734411925
245626094
657061899
542750526
618491665
131176446
515635367
231288258
3528
73456992
491023947
576521500
976199216
657926008
687025245
726054229
120170479
643473996
100645476
134141606
652322861
720363579
115852678
226972918
329526706
15552818
485767199
174740291
246449599
481484191
19699179
267321271
119061300
693895818
892107715
797875720
561326308
726245889
710843125
119054016
672115019
373583299
507074608
609653762
882917414
327394546
333343479
917407257
336960471
467828980
612091659
720562901
730012946
196780299
45898445
227346014
6138751
11552
437263350
809539293
43339106
684482453
123382837
791147827
190824363
633257340
695142256
614576127
442035049
898334834
928475873
500000268
446512471
967296590
333344250
21497604
628329199
990860407
336768195
942933693
92823387
352391671
547848617
434963643
875982519
725380714
301432171
8978
418202556
552253492
440352615
620026230
552580661
1682
980867793
139119119
392013696
250009801
267807489
333345503
500000484
245539811
500000004
962007237
439395989
477756009
867995309
464835641
566231861
46866916
811818019
420102640
14792
750843911
187595062
3362
817418956
782138035
658454966
904818615
148970250
509245577
233899739
200439853
397283863
333346199
821335842
933586408
828566818
41530299
2925413
765880261
414183399
970555710
193088979
439909986
120180261
40349413
290440872
629227323
196265734
500000004
433308149
614912749
710753826
583334894
571600834
534030107
500011404
961788223
5585274
969817431
328086110
383676976
588666688
497942273
345118289
955450700
51109878
961067030
344067087
305846568
642683518
465526157
10713747
885210819
250101331
691083489
956522707
871792028
461340247
794513258
274093070
373773381
69960445
824394929
604393549
262908748
590952375
644706048
467628669
363126498
909391038
893857400
443610538
154195469
584066135
54957475
963777124
327378854
156215065
409428884
191594896
998077230
333335882
327279255
333253769
523789781
112789662
603767644
335785633
75652648
653186632
159889394
245293581
166984653
42499240
475234062
495226608
736677474
583336528
69032966
452585060
609170993
61564318
639901419
112534161
519895312
812126323
772403313
741487457
271864559
220401129
739168770
760522735
57570579
178510398
300621778
225375730
737935376
289566030
531508734
333341931
500002248
574674554
380942389
301226037
780534309
307652619
602631370
76876865
576002404
725288422
849850267
768290138
692939886
568795448
823899103
559094764
820938739
562677098
526460973
71835594
178676388
925335792
924058511
333338380
269686743
84666054
174954236
946971757
224273954
120977475
201386637
343728582
601230504
110088905
333338147
470381276
990038899
79863953
280120059
683117984
314403427
677160274
369366438
641148677
233426053
901181010
333342934
605225167
518162246
843637710
905505716
107038387
836062234
820634556
339689581
126096357
441924458
867447113
165245681
203082981
409648565
427896358
573996632
355507008
619085469
430586713
816849426
928173304
171786256
417813163
11015947
204365020
672765534
806689380
225818879
989917140
119090462
658104516
553948183
476216694
824128678
508786481
29248895
566590221
303274572
410867088
926112418
17147462
753905125
300786464
760205364
17013916
366937308
571309365
62806480
44626280
471277244
255250606
85332569
138928172
618159540
447744116
592728439
253376514
402416830
643515614
976686131
734345313
388732160
251717546
477141608
415424263
536109460
198475368
727444578
106979295
824525840
277817593
447524665
567837922
360633351
336144411
19442419
689104243
462374636
480217916
133102990
956657257
425573055
81502245
237401799
453771247
437645266
48219954
333335417
92289853
675011707
174698264
743477091
852861241
718982338
229088399
972336083
532660229
283194132
868858282
175580164
662844788
575023826
652026682
254386720
49649620
1352
786609912
773890617
181579044
377981486
175922819
710066997
314864251
911278168
931311131
662997848
923418864
849543538
739849221
495804089
668109303
421533734
934535888
589597299
906875272
357923890
970242872
294296288
312793913
967034379
893384330
770638152
209059392
163397299
77394442
333359977
878625029
140263623
794262906
495098669
599363523
691169079
635471890
422231333
155905574
208042769
27336596
2738
587454867
320540773
328241951
709180854
435110068
841658444
460194358
404542286
462700016
77405149
939495264
683549392
15488
31194663
17302974
500743996
452387869
792053523
753327489
747564389
364101867
878465186
68918540
595647674
60563632
700575882
740111399
33370515
766000372
630410311
316044953
385155087
348128061
516752598
511130760
627371348
32381638
671502566
536340770
257855324
493148017
610874269
297151125
581139697
124995413
583342202
595483381
659146930
50728695
902637495
500000016
84057749
414982637
368962374
464054840
862521354
934539189
181920258
442005798
952387042
614014432
23640121
727929177
49881404
803271357
776671950
647921615
276821233
960470752
986887736
222078633
302907907
500005516
202528511
189757998
691731315
703381561
55766472
263264705
333345441
170005051
182514852
857177026
29029005
525405735
500003964
49782637
973838156
425581220
100181984
471538700
417717794
684486683
633335160
95755541
730944493
755641340
113043210
877112453
519973693
722416741
856097413
106152497
984287892
328978598
935529534
768323288
458889403
583349824
902792512
388318641
152293385
43499290
908191137
171318575
311590358
870144854
912202825
363114001
186880965
964342590
908048063
732073262
558517281
276175629
926740263
37706649
250001479
779600390
688986537
256561866
500000484
202102558
672061519
791679560
791659936
171167772
993506030
500002116
707675376
129009003
583334254
157940218
759712920
240581162
592901096
628912391
672055896
141489853
412443688
829596808
57023144
116773400
959823132
148145344
577344746
792248890
838713419
900634911
935118124
500439265
479303388
683174411
534320788
391967128
969986329
721172053
427811682
792476132
361409231
961613803
261301682
717543994
425169288
995002631
597823255
947218569
643378922
924537697
693944647
959381927
86392032
304493699
979868951
630118597
942431109
674096520
583345106
510654273
139390530
965647859
361971303
894710075
163948814
758551495
826494874
11618557
248317702
962756413
732607513
919664613
333376468
102240493
710665606
500026224
683734105
333356256
886359595
849672941
965730377
716252146
142887617
643743940
168468977
942334604
912667720
646479732
124624573
332707453
95474985
349176210
726586973
63283326
658454043
208625996
694934511
219787679
184336663
135684072
904792411
633961653
44440308
10523157
640503388
527799512
464843251
914764362
812772032
536898926
996015641
831943482
16125628
634381014
776828672
583347946
333343977
337204979
333045618
88005458
113105672
392123285
325627681
601197951
710872259
740553541
679760177
270825562
3200
33077
479676204
215122057
569977015
815956987
854848151
500004904
544180496
786390734
281809003
559693168
61597036
192184636
289540047
115175406
702810561
12249968
164284064
549483346
338
771649588
927309894
480097926
96534641
164146215
966432387
991257543
439938534
682935124
572077429
103506239
34871057
901063088
259537254
306550454
472722153
350483264
152438351
133699558
301988634
579354311
481251572
711187701
848773346
643013740
176442448
821434405
517359310
196680025
676249691
748514844
792353037
991638444
256030142
96918947
371249464
11692335
723807263
635645362
536136074
99389823
301857412
606551410
333338487
920275803
70090897
261332843
333353749
586242608
878971425
182181487
511441912
342866436
654278392
158155396
280374041
458351531
552470975
267311139
167287514
891981569
338394935
601264472
333345682
989559468
329251308
259880608
158098618
177359057
737104771
334553643
488651844
615324729
550903899
52178617
548699027
1800
389186817
770670895
835047952
916936
369697175
490504698
71929639
945385599
850829033
884692922
618151749
490233377
342200646
130322380
508217178
772108242
668572258
564610652
583344112
358162770
952441064
978954204
253043735
147534664
228632127
978939440
238102039
259571321
959548092
306043127
803466950
242170546
489595181
276855885
354324180
135699209
489767319
71447209
795629204
108412984
88380198
109365355
764338760
846000927
724103159
602628957
776492709
297705361
217848805
214805340
444649468
580217560
265933674
245145202
223674316
223271247
131239639
967840147
136786651
738109335
804401364
214055460
227046769
964761434
548706104
760984920
718953808
633383937
902053039
307508012
73976227
786345775
875369444
305288791
646428913
583357744
490151869
865858947
124738542
214922359
703559444
284236753
911295784
333341560
263620149
412643371
978044625
8236
110830865
55642173
808516376
167340767
105634807
775470403
341964948
48943558
773547037
815055118
614805656
590850500
72681519
298725896
771073905
602046735
981640620
483732535
714463272
529136367
364644975
539026647
309535494
907584420
535794560
734665087
476210306
922287744
505046097
995827154
615967663
333340819
300642410
883266197
292772343
379533979
971448967
546083777
119663625
873057062
172659126
343695022
521646974
408226283
720927225
774426558
274540163
733505848
271306533
992601182
629446630
833952961
651815142
564368057
175812936
891268748
999218856
731816615
904771155
983132173
229026464
829567071
573456336
304762011
184154224
408593385
290437116
337232296
135317015
277802414
843127678
2656
30104921
98678762
391224691
250023673
689729930
506178431
133226651
646919518
721751223
888006872
568048021
991080887
636376420
101906319
838378497
366285281
184872073
871111031
763385125
976248672
402097738
143455844
500011404
135665043
112952290
63744922
403439139
267411978
600637322
742999315
904779827
381628549
990378196
10817
583339794
286937103
240511411
240874229
849950972
905789371
737757405
127874837
791677291
198058793
711260412
311068271
521420047
344838885
333343934
637704506
227129291
422268294
3698
685842455
397279625
371423074
783632039
713498957
666954663
525891714
946101510
674550406
748686221
317385097
992887356
308535296
496971888
824853271
222575770
250006227
178009546
518870395
496656926
227407183
302648817
744977633
713708450
333338920
945094926
47049008
675403318
801968356
906182583
500002668
440139006
180981241
29772187
68683716
946624092
414345533
384702556
137905984
194970752
46083645
68718963
399746206
281036672
119060900
759925166
306327899
240114422
299139152
122014244
215804194
665425704
759248892
912953038
54570839
782675781
333338302
811267804
158856230
929134482
158936937
37953545
770244911
338289258
705777407
1902392
13993493
363080055
490729327
696121110
758663166
973232145
976719922
697592222
215486110
598296014
530132936
22050
781216297
119722871
485792927
10484932
283503486
527770673
250000483
500005104
29783009
910174903
692297518
994879064
696480023
426863980
200853632
103275975
51097474
209156528
83353031
833346512
719734891
390739372
688138818
988780133
369021401
277912472
410370374
722244394
926867616
62130317
73371574
365909124
751057961
517091769
2048
991321665
246279112
448197412
417911432
389385369
248604797
387356311
305876561
67579276
500000088
671743990
822510815
419216253
333338321
125137946
35177383
949338333
442243291
250735747
400227281
319143861
418918191
217883331
151550688
488280240
719121159
162063895
819934129
651701098
754801978
500000004
96045017
302511799
177955361
463457210
387618268
867034111
421735119
410152655
192460510
726373126
85756766
804662243
59859110
720230393
923917751
340719525
757153868
289341669
246083710
99295734
292539821
902151335
317860074
117976974
517424024
923802320
677226026
486037335
452397071
778019629
127881618
932793460
573836548
728653219
708039079
114359744
127402192
141166198
531897187
280168146
868063709
272061087
282006266
348175459
883975517
528737030
763561033
963797679
517747624
524197279
747438429
110031445
278229481
241567248
51316312
85745793
768748719
128040756
485765385
642639638
296935582
169427895
862554421
197910595
513417440
258028763
853927096
832036226
200
419147468
244145386
500017488
771181193
425085234
975101470
35292407
406307797
711304056
704549904
867642885
104787087
746860860
493710907
803586904
540389447
581002647
578964827
754289362
500018244
431235948
384653793
333338334
4050
123831762
399031128
457127275
77406523
448994125
16775927
699514528
500000224
569920583
295027799
959260410
657164710
213114090
21474
55832947
744622862
705420318
802648863
435884801
404802561
182158225
763678084
314793520
221908228
762519817
392874076
100612035
976200366
992576662
396737172
424315242
680398125
627547897
722
354279802
770553655
251742442
767388501
744083377
543933293
934535920
372706461
364112411
486253927
843088481
987801119
381690853
130040966
895093997
229049049
247855605
974351187
814168341
574175118
267874074
250004059
500041188
761633060
7339975
67558414
571477400
425774050
691651043
746176044
232788424
367495573
38961335
515174505
888838194
685900305
77696498
840208563
881442395
583334218
483068692
162
47368859
767297540
910887763
800460365
672075438
308941958
27477968
114181427
737554076
939719698
336522182
698675006
939884956
500000004
74288388
593976452
906838882
365611187
446888678
729413211
734482193
484199124
864675403
202344602
458351490
534026112
952217889
43260459
143542516
326805996
234067436
371026844
514762522
733188854
378777678
208009180
622966555
963824970
627789413
134939175
934694156
737895876
56574054
895282568
408480199
373574649
593158305
646712749
891481308
950134568
935944375
232408972
977008145
123048208
147266539
137560256
887528855
633705822
585069700
806472683
838847108
120911683
404785132
28555774
178872333
353846639
583347736
71665490
358918529
578
934559805
782209730
668640301
853614754
236869634
852264141
84709064
315400993
266532520
926743042
123270794
931389770
673624139
791688043
15960688
256894267
345299784
800721012
492912307
1458
800242825
684377915
454836818
867016389
452448382
500000116
23135170
727921593
235743679
571983004
687583462
14582740
957757700
443492992
730133812
362500684
875777759
253228396
757552644
850870122
888107536
2125397
294741414
196532778
326116232
882389467
415060458
620639750
210799716
677374257
782327632
498699918
117522846
391793417
490928293
539781820
486099372
444824958
560902556
786756172
132056117
756744064
52075921
601201890
261135555
188224414
805251242
857251312
623268739
458346265
13541577
105489154
630481858
811655002
764080686
372218318
896656667
373426086
33584296
6997
826728958
195962446
426976842
992006711
653379932
130769864
213118771
126991106
934555848
861626991
749823754
240773183
250009735
602274724
645069313
517744441
385311773
841302366
135784349
716615760
311987767
135854928
885268001
242462310
323607656
238121371
429890540
214776956
617951038
333336239
945195951
333945087
749034978
212877371
589198363
517503130
162
386549999
100855410
46902678
744053747
612914683
359091999
889474481
615291680
54027444
524152351
86402709
450
282994843
432875938
515638426
583338880
828543002
235585472
856200855
248329106
518433227
593347547
47946158
91587784
987631540
37191137
410744227
785705302
583342004
650060421
829708815
846051586
934537208
75480618
148544582
952534527
279421452
844878364
17298
568785874
86969908
915264109
991542147
798606058
767259314
440510578
333341878
617475828
217349619
719802354
243490335
354513091
294748206
944360062
734801346
779288793
683006978
332186405
52658857
559338261
253311001
801605219
213351221
812910751
475689263
170334832
41075791
969826417
79610694
155560901
31478908
51717553
799065612
696910650
229187505
56002507
197733059
363101544
6982852
666691600
289194257
13778
200675381
60307454
410375478
889479119
245449096
648460629
744132236
259788571
417174165
53051175
500000484
587372305
788318470
204813512
826240340
697553107
9964901
500014968
693268248
881099843
314534784
896185738
9567207
2592
643645707
137785639
500000368
869061521
356577823
121686843
73728190
644379848
719273411
600614832
441703919
367375144
421372772
214284777
505217360
680170319
677922095
156010971
696443744
284883790
399553261
889434537
427541149
556355957
235226968
936964705
486395183
937167973
482836346
405342114
562876966
609279479
838714051
651318719
833047247
447765933
949208976
645829104
519749214
791694843
106760270
878595778
472400923
4805652
855627164
768902630
497351317
925650686
558684499
21616317
333336242
849822944
467200786
749960360
352652795
764352692
188704547
153473
26777176
104014585
695252888
20586101
125991360
916697842
331083894
334789079
332264624
827423046
607045253
813542421
738653043
75603746
184310046
465205343
333338233
333335613
922980708
514106044
465778061
376711456
656772306
598703854
730588055
804333160
658041039
161280903
921204152
843671739
18815097
548397079
194078499
989374850
989421008
907715042
604659442
829507722
13426897
885229697
688896829
704330049
221029591
765794618
500000844
333339789
478592656
587715751
191266124
989288822
726827026
646168184
619056137
173857095
637041263
150125309
822935427
231324683
491091745
309546594
481238922
608345625
934535336
801860723
219059786
794254007
114170074
750829266
325754039
308200436
768124990
615381670
379196511
70193155
300590666
225410228
611581226
455629998
697931526
253023256
630888019
889546405
806023196
152456429
156802764
773254972
906647254
253971046
907270725
106415241
296662312
745782542
496619829
333353178
871045499
916244408
585797877
963316781
478719534
278024580
59075027
340119151
942538648
333340494
333344499
964185531
668723920
765288993
379977664
67117975
569711044
118986804
583333724
390524820
565864152
583336208
367005708
51299442
313306577
914083700
269879264
886692403
633670752
500001408
393384873
535754500
820184946
935499600
694801212
253104257
778777925
859478416
671787171
451843810
897933277
113399371
182628678
814248854
70171187
905403604
555030381
26026291
24382962
8961095
919564209
583342964
791679573
735305818
43428785
454758197
863280334
90588024
358196987
500001628
821874500
284896951
735362595
981778813
946334346
207154259
886734371
338291637
981678538
767205813
715173493
905481517
883817093
380094659
73898587
975843322
119054076
3528
316129604
478895469
408513286
17749397
905989779
979710446
130852183
738942844
650744569
726332294
936900658
388228426
538558024
367924276
544649005
524909022
154489841
162998350
834950158
849838159
971456388
350079006
131392166
499111566
894144326
691203036
121023246
186439744
709062405
333342369
541796140
350947945
573944662
407064275
735750267
865983700
267872825
86724699
509121009
584203289
135749140
250046705
906911498
651448082
234306760
189622560
943778178
179936623
343671571
127484968
342895882
3907577
883864881
512484361
140818742
137021512
633520613
583343072
267315794
403516818
459982915
749142517
900604650
574567837
741791519
482708546
998320386
509420953
393265658
130244469
500000016
531112143
953943630
500000004
611039975
218362231
193299048
393192772
410458320
241825568
749299720
783721340
785519848
530836671
607964622
363964433
666703844
316205287
653629469
185343384
157336649
679289320
364023070
29773057
387285808
98474333
174779940
449255506
685480371
697517426
200386234
266450502
798727826
360103456
806577063
261749560
919980847
703349676
780741397
898036895
250009807
256223456
278731115
250308452
300227366
512551199
771469096
217750985
51800656
934547767
729374012
949148951
180602986
164309679
383821119
873711431
333334212
80802
445201566
466669471
941899432
767118692
605309047
506027895
729172313
965664289
827142147
553851461
351623486
852304178
281289698
429037753
242696672
500266600
340285022
50735367
990783473
653000647
696797747
974256082
540853253
941651777
174182791
93787145
465867346
967890311
240852550
77016757
250016931
486427058
460774572
70747818
500000844
920534747
855731460
539603484
409906983
601204469
928909235
594790075
452376503
177486550
455739017
202626486
127911938
643817795
19836256
460042256
149065511
479269307
255461794
904320644
79263376
908827940
553142051
638828165
904772319
495557095
24300305
737314166
684868633
633137323
734710886
452010668
221835266
679649663
856257282
877765107
611417404
190513751
904776967
58536945
152398243
573588668
808368292
257925584
322625599
583338436
389980771
976822631
489933136
551789426
470245030
500000224
29808881
339594244
804595723
885601546
89667721
213526194
290370643
736996648
226242604
417149984
939587210
904769733
829391054
350472926
750527310
598337746
603881813
251238335
359457510
456828033
23231178
646688563
206103468
104245393
836959100
951676638
506834663
49474324
348065244
997918489
284215227
881586916
978422762
500000116
160798344
389734308
675618253
25215876
500017116
322694450
869067797
846409797
411603832
907171613
155091178
552948917
560694010
935931728
937118498
500000088
707366787
880584964
995760981
333339383
901113760
500004144
4696586
676832754
472724402
263500151
644208398
530669149
666740868
804862007
744057115
107086337
676218404
53026256
52843772
686782389
717492931
885883730
699693852
339360967
62928892
46842253
182584688
293502957
125009546
615654917
601410312
143681211
985315223
40595917
784578169
405079311
908043048
319253467
984051329
243045533
231606360
226811156
249616747
388074275
334923375
544498797
826113647
551857299
401329551
250004499
437519890
828687131
296556812
630989142
529230364
3590713
18908
475890951
902574050
463256511
878804551
29779717
915500388
905378227
602124059
681002375
569798733
360374839
748182434
229425608
452267343
858478398
344787154
27955703
615334256
195838307
619184490
377979274
333344705
168415429
880784221
47069870
976204508
79849936
371822528
86487452
704102531
895905326
298198624
348830748
730116894
186737935
403033026
329825768
110139671
619065325
740155673
304594817
944337452
2048
490184821
251439565
746719239
777364085
166685419
971487091
188052997
248585681
428285879
174687018
875956665
698152166
220197763
214973355
661829111
5415346
514948886
717778264
757551081
666346043
993178479
302774708
427693693
250004653
777925464
898136429
488111907
797873386
153957124
765869362
378300177
202175822
9502533
949733539
13914250
440553264
226020376
816050904
976565529
228793742
262462241
774482470
31136412
213636002
532680687
320019200
819030405
920818526
373731614
719783651
137426181
458341552
468342602
410150977
568990761
744065692
748249672
549408180
933342664
554170686
326108916
233364791
451020294
239242528
808962246
250008459
594414691
107736708
167817289
174362224
863512236
124426635
89625262
77402981
696550927
845296660
130122622
758082631
11798
85142448
102806696
744068467
499411625
411741062
216866411
379992204
299964879
64036779
217419692
19990912
940711064
417107640
933391189
276964963
646655561
521850704
458357868
360978172
371003689
410105987
900326417
427891073
429327003
321123911
793645514
723807188
573544546
77402008
39078407
559311016
879344835
854407795
446189990
983544223
125003553
626270182
128
575447401
644996932
840000741
43720443
6562085
230041067
437272293
781156734
116967969
10264
98
39505761
48270630
427840690
816736077
624933901
500000688
307217610
342881789
747036242
354986088
333344741
183413136
470500951
598178932
358418105
901463458
675172671
307187710
500001628
500000064
545857798
954919354
127381009
4608
976148739
642882233
873301680
885236096
508787308
347067696
685287884
780693293
764183251
410728665
564115569
839055127
614988065
453746473
94094843
876549388
792185897
930204984
542328504
307296139
363112947
838031743
332153616
565398815
440960438
573847624
500003788
500000184
142119827
544774016
679985070
921199441
486945743
613962677
474738979
850538959
119244699
594278601
137376745
500003448
841372670
716989608
830788172
744085802
415190174
161098470
317135456
724313586
130076661
349453849
356229707
420356940
896039430
581074217
316716747
871957845
307891648
134474480
42276741
400742843
862075307
683104414
419741070
934746307
55853554
977308971
214140523
603132949
471381930
319169305
534836828
291446838
407953020
840183803
319053273
686704200
251183348
687309162
199838278
768081693
700859975
601974422
562873369
818052993
918180611
554394588
87298982
956172370
700326908
487272885
332153722
869953465
994694030
8192
196629132
217530309
597291216
371928426
763378601
839408004
868701683
396875519
250004877
952827492
566819588
639409157
622260033
367499569
653860731
373096710
612341892
705742774
486462102
52528862
169227605
172477429
207300290
636029568
985948626
3925655
155294558
861236722
738107507
628309991
379811212
142058444
278292161
831492859
962781737
844259330
499921052
955223196
469167641
561910875
250108543
391560382
247640606
500000148
681657599
779615563
617528808
632313171
402126990
500000616
333342386
482744839
253828826
702597494
2592
543644916
348593157
4418
731277880
998317417
460250104
560193100
304129413
810717339
750297577
479161462
139787364
845566260
251521733
264853596
479028562
728083764
760913036
628148895
57002580
514908430
825246564
89757205
54119591
139335270
884760693
295040744
185757934
20906
317329961
765383171
817905015
422563926
38717737
313650744
590885665
492905174
201104773
590451690
458236447
198510908
909171870
457758242
231111785
615647625
791691934
599353877
730657470
267585826
706633821
648
275075782
995799865
537136006
144380249
661074386
16314021
925298199
683853146
333336996
532185611
466201532
500008584
72
896309946
500002248
4050
923627223
889041192
212711778
511411528
9666699
950998319
619056963
21719771
333347128
760786301
183382864
625836705
570850211
657505472
116867568
845194353
287248413
585816187
247746714
515459774
583347530
709561047
875182127
263192912
461220925
225174177
236038899
500002816
35464275
439024478
381389890
218033117
451410969
438117863
500017864
387766246
475098883
559235127
153626862
809565731
546179572
726205660
863566038
670820452
468994560
508979137
890588825
615418138
269067276
20058658
234795320
2123135
65647145
865919711
460868445
882138328
619698456
381250856
707249755
403975532
770251375
838886641
696336200
343947548
757101944
868141471
5121
461389532
183255264
544549636
138284969
951625769
374473119
215719961
234030616
34912484
18329338
718899491
830993131
242348872
116707062
108340260
6590012
673645242
916350900
179139747
311728663
105275257
346827293
439373186
596143020
678714172
583333634
978519816
323152072
212728789
287392954
296964314
774204938
185495468
784637223
299525046
210778502
676383889
88542522
686607584
250008771
555267353
349519687
958915839
424103507
500001516
30873148
908337047
167550194
207075039
649597494
979746769
767342476
813318537
458861201
889636808
348312943
754235139
426405236
795349236
165877810
5729751
629904967
715898579
531964607
434001683
921160699
849069981
798780056
156295330
201188338
86696224
446404775
692911186
478950810
759947197
457365280
457520605
342313765
164383393
976823535
333346480
1441604
502308713
640455617
651129157
578208214
120798963
694811235
74051673
624568310
730063909
236814370
185063070
796271386
109854934
124444926
64788537
72068380
583348608
685564360
853391617
443671374
852055248
134479746
996835784
282541589
940399359
173511622
800631112
218657296
799070530
241316454
954535112
798816594
800
790910924
458776660
636277825
931187653
72730196
52103801
359625108
255970526
246021376
342401260
785750509
284339163
720942984
187712006
601970277
714322697
403887807
971659701
363131649
133280311
978718954
227096575
185973210
701279229
639723777
541405827
539452110
931432763
476828285
137264493
369952481
608659547
535057127
261198783
806948981
737004074
24467633
841198273
12843294
955132558
903679152
333341391
136340934
324679346
273782322
519307311
735772071
352515284
703389387
125039164
333353117
306678588
824517731
636146996
148578726
584948583
371311557
730834293
385385415
231376885
592553107
845425043
999162124
897783321
960729118
185294589
884636680
629386588
271505578
118442602
856525244
510872481
268522027
404739095
322080544
558078419
651327210
455801161
278486634
658487370
896789436
803036595
705736553
811827040
994498389
788076124
798981639
218045479
573010965
343513699
513674166
476198470
738110563
205515503
684848127
956732599
686987403
675122623
397847769
149780904
982063794
900672437
332986265
510840809
934550854
59569590
333598963
952895375
10082
32398
177122648
476800537
761292931
509960764
706906860
376181485
461447676
274678436
959550593
973948208
416155616
500000088
10952
412631707
620080005
333336996
330821187
60211020
766322362
139962432
244571936
695235344
662022292
119084468
139823882
660105530
250131277
221777599
694035066
645565448
236532546
44768499
834555626
105702147
158780228
667224717
638694248
238172015
553989494
209613290
547247818
500000548
634009647
984609543
4673229
306348101
534702230
892542252
741594473
823956421
726572676
287259695
738137465
548258388
211383406
167310902
495193396
990106594
701948813
583345634
854696001
223723233
541190114
357021892
299072946
780111049
549656374
9504844
4407461
467622433
65944075
666105287
963013830
7349
54511282
904591293
333342447
194036284
77397655
492217733
473979114
478064114
864978293
590140151
745554466
53500560
584709726
601910013
464583688
38587082
5202
636550010
573185105
248519891
99187939
737025328
282000174
159255531
723862752
265859649
399696959
993124124
659962460
978232111
957296765
250151568
181556448
559272738
965106164
635493308
426560309
461847006
309561678
20932066
292410272
703754795
986201189
539605362
729444082
457474983
273555384
292305649
902164310
547264186
112303064
583358832
10882224
40969173
275224149
284736065
943614840
649720250
250341478
898870627
258371153
671086788
308076748
356505894
892865865
363117748
991061627
116205030
210962271
180065992
897707807
820392909
500000064
86015757
719740504
519645714
102362541
101769510
353519896
336648282
315217360
461738539
491462978
911041615
452392329
33270403
125452883
215956240
740745905
944671813
520788253
681388572
702543387
250016617
684327685
187565196
203868606
458002275
168395517
395774098
583341430
8
149971060
238103775
347445297
888861141
399186423
54586507
438476089
259808165
582894799
745537412
30977783
972607870
35384431
36420334
237620744
368213670
731452134
874531196
440507120
378334700
857513923
961841708
854313959
500000088
330067032
114033755
179786873
864800288
962853422
809360593
343841494
81736305
532587730
799337013
944540166
522562532
962037595
121149314
303636946
532805952
586103684
832188955
889199069
768644335
500007568
641437650
146513271
360287498
682046830
130219354
138363570
168423274
777559259
702972842
583339192
250009663
583340690
10952
583473971
762131435
832877194
157678343
278601466
661039892
919476124
751452503
379172403
601204204
214685690
12776
249313642
23525914
904780059
927206725
266767900
38728275
88488667
540258836
625252533
11889888
369352814
952386860
368348460
178453643
267385727
355456006
238147601
177604149
903863913
480129330
119663454
500000008
976880766
549890644
250005447
19237021
851835737
689901477
867108426
457772907
322970574
934602715
189443089
462050026
284218218
705466686
627056269
993756498
714362727
1622296
652390213
843696147
739287370
272588005
586372157
500001108
824444755
266136935
686607752
47621078
532407212
619729230
631280855
138261040
820914273
516701484
98807694
48740855
279598685
331437451
571004937
589888043
256434762
133167735
961489928
500001016
423528117
706326895
312837015
814926012
444335994
848215469
888386611
904784711
627175113
350170195
957433341
212942740
20402
226366434
934881057
838872684
979864342
913844713
543424276
630231202
609900910
601202685
723996157
59546722
680810104
699575456
446986137
255592395
820210284
279282805
565225187
193018053
15733
202590434
345602930
927041556
790563910
476224090
874101369
253585728
672883445
380594508
827384124
414270802
976219010
210347174
648
4785786
7316
412830289
744098456
863736529
104476361
476877670
711822519
981619278
873520427
648063397
350515727
464872245
729697803
802849366
882
565545085
643066917
355342156
68571120
858260768
241208248
91776370
127928549
410152273
789896171
572933131
387547104
258123670
493968786
57536955
593298137
53993646
119062570
73417318
773490735
383688223
782401030
725324216
48192098
620747747
13619103
12002
747478288
502968987
185285186
484923153
696401952
203690568
568776772
40759747
252231495
516514144
750072233
611630525
79631799
366763066
941559504
436340127
798694195
611335181
162821864
95503684
863013574
583368018
444247553
648477000
279818047
333339866
257079854
570227822
253732712
403523421
502977774
647136190
487329814
133498689
512322366
831199749
347913350
911664847
451366644
203322984
611445884
346961224
500000764
66405988
599594901
256998161
713175067
237187982
267076615
385260547
70559286
96005118
158846195
157907576
221439136
714602369
403716127
725352934
202449844
105532531
23958877
709496417
323119454
501373926
938087685
493610826
711205040
605911488
809558013
221476707
125549947
382904195
813906422
957801516
578645257
333343168
69833537
379361765
630174108
4708
711248946
235841924
567048734
408888815
816101131
879494771
171298558
433257808
976180201
893833900
728619075
195227850
583341950
188105889
191174876
506104333
926075368
960035951
484976312
936244824
8102
489357074
500004708
861565998
404852266
157301951
823113584
771522902
997497100
235616627
9563765
962441214
850627287
395419590
263963956
214596806
21485178
231932762
303204350
503480643
859526626
110745028
907191233
919657561
19037183
281768896
403528278
169247552
665131416
500002384
229325902
464462940
79925181
500002816
173496859
713258223
709514489
901298311
976216894
457774684
958688923
14993411
561078036
469044727
476197064
560997159
581022961
11858
163709865
705658348
850151361
544609907
728446014
139706021
307615463
616724433
270657897
351155211
575154107
568992072
312094344
408497358
472260709
67882968
726609877
145737209
753202132
546003280
837671307
831562234
723682688
971009539
920406956
740478477
974572883
789638603
30934515
748709501
921442217
753728342
174429188
662166620
466044697
145902635
500001864
315055091
28175876
530990432
203093378
29016844
536665578
113506170
697881456
132413370
319804005
98498735
740509984
371213020
317947205
630907858
406747225
367589225
508661471
332847078
973313531
751565879
983201490
350422204
661927424
188135359
314920329
945750304
590267252
500002384
228424219
735026268
993268102
195530631
153870154
414048311
924338238
452652683
784279202
91856657
197914515
858399228
458352665
511638735
460882209
182657590
181564901
583334940
72719696
331654593
63660647
721011459
59444435
601198136
985109956
420224718
526898466
100608572
5202
858289965
106257256
540167291
392085204
630196882
882437665
976946577
573489407
630438689
998893126
487597173
390513640
601197610
583338050
627047642
62756371
904500324
238108163
960968227
27142127
40908802
744819548
619083323
675336861
416078332
725791109
795900296
26361424
900448753
361174370
656966438
500000008
720978014
974610323
697200710
579949301
575792745
425883142
458904214
910310863
61162551
491693813
333343940
487867587
2427926
589276714
233555566
850198766
719609831
368913276
583340132
468705776
557330427
788565452
453853895
325046728
998155123
910154845
387096066
80994671
758174216
261499099
536811498
59454528
307304770
235194483
554318588
716681205
374723100
935447781
775758887
932706980
981290975
702892222
34273476
490779986
55864350
224443692
435875318
958373538
259889142
335084705
635743034
508184687
72077671
51675625
500010516
21087620
457458349
645161357
345752466
583340436
605876023
982332222
730386415
826485642
357625706
879575587
292616736
617131032
583339108
583344986
747957811
6683547
38707877
72
140779296
391950871
667763315
138692411
840584317
363170675
83475868
479775303
607006132
643978123
125387740
308725364
6728
456652478
543902099
975661242
617524163
312054983
186692244
648878150
98732237
223465590
158261498
6868
337459218
429999400
736021465
654184250
683927374
85753670
25509796
7688
1592
386877150
550230201
660573410
811653764
854850855
583338354
39918642
291491952
479471477
2738
294902563
598281263
583342750
978494978
35458849
533046136
941212889
720907884
314913052
860909313
799847673
785096985
369514307
819593764
792489268
330126212
358174306
510085726
358816426
262828074
33925056
751680425
570441089
111330433
628153098
751871260
295267846
190162921
563001227
67039338
609856925
583343452
259552781
25449327
120474934
333346546
891689833
956601536
616722831
779473961
583354562
351473837
391717555
577985807
577797554
943614135
484403823
904297159
858931662
165940899
982017443
457764442
59557
859334545
744131446
608847448
341494931
266932046
105205307
784247937
127258977
424541192
368925010
512
187440098
780425545
22846383
798556055
565895406
649842701
824082151
666094436
133807304
660083756
268150840
801896680
771346527
397573571
215492574
841128142
655829321
659025497
436048442
752920580
194190132
364951666
601207539
757461687
76688630
288
380956634
847195208
213659045
768945927
229477883
433931219
220205160
767865564
650561507
325698639
775376309
500033544
135128423
527701207
502517202
319883296
852664698
515955193
890471571
242465733
710853623
208132949
869002384
29776572
61954245
561730290
506118230
30436501
777785491
636361635
583341176
898644557
501965732
631039511
556107678
866446372
485804345
923420988
353484053
343676446
583336634
884431383
303450246
934538498
998729650
114885783
801346896
695634650
574962409
874260324
669515416
581790901
707450372
617254940
930452335
128037427
753400264
338276662
923261013
410274300
702139806
474943120
195665076
82542924
869791422
289395985
885426500
632050617
654359592
599748783
333360673
797440877
73299233
287544381
653649232
234138665
775629612
367482006
801263102
352514808
949855638
164242229
692607671
598893397
535704895
500013948
833679431
349365555
323565022
421559180
57173681
605906012
660689069
922198329
748650105
583364644
907160227
781599252
950642132
393113307
168254860
917265245
748387838
636438374
282836215
85983909
338771795
687353668
362063435
52047618
647138521
931886497
7177
664950308
737914662
90768980
100031946
9913590
26116472
602788013
588762578
679178414
669087652
165113184
654824668
1058
172001924
372282070
668007078
905911305
256929745
193510090
142965819
313716456
218840395
186017468
471508913
738200603
648191092
786718285
357274237
928892037
697844186
765583102
482184143
500005104
529817805
136274381
264873207
461626264
395894881
555087423
54507432
356115607
453157819
642855503
106547729
587703380
556417180
318853934
250001461
644200677
510751260
583335844
250088429
855854569
371324846
100626981
433948132
169206212
654552513
794501372
382251233
601207476
500012016
131478980
927733701
30813707
535139957
252342543
254157794
914136718
301308797
976250369
368504038
996504119
940327993
176047029
481400985
220812268
194137783
583338630
142235960
993675149
583342490
962471448
500639718
980517005
462676338
202234910
5384754
840449151
344786256
159511724
469813080
124485452
718416204
929401331
788127633
526425129
748569214
460785917
225498220
444108581
994618412
25224360
611283265
210371711
899555658
257487661
470650670
634664767
734080152
257980006
500001628
629031973
46563737
324354779
937226611
207880864
77812267
583345708
848259841
224373503
303274617
984698353
469350850
421356628
380648633
968160812
597856083
209601480
96553552
389795069
222943390
812255490
83150791
472034987
578754919
605239037
664107532
876733289
360244570
509322508
552547227
195251119
271116475
238117278
364868724
525187664
9583863
323850226
281884094
103272459
722
827223936
224814508
187409537
265571755
174187088
514954994
211802951
350318481
387610093
52507041
544753863
130284171
39419043
36571229
867749321
86782612
679468674
140486404
458349340
294624696
353546940
403527624
104068120
248620404
379977389
583337194
859166071
434046308
819163461
445269014
169320835
591145437
180857085
744125362
540128283
506708927
277094797
134782629
914008945
96569500
612372659
603306823
722682752
256192083
16131152
437213177
933562065
583863445
819336000
181017693
423603986
437680306
125047688
927162271
794693100
320973648
98945800
445765477
295178223
623149385
353525332
311925645
680865644
28724052
432644868
156376886
228282977
371065777
457305088
905580418
895662408
695270088
979241114
265129792
144551501
985305869
948960360
583335368
139377767
835829726
111152350
762698975
38100
354842605
326014478
354724350
272408532
180928728
792280523
13122
299349194
675613400
571447668
500003964
226853709
581773764
479980582
8
640608712
79390271
893715488
759001512
337367748
372046876
336625090
588676345
124265596
174881397
57564062
133552412
748427005
621216561
601219199
727155263
152566426
303983847
627434308
500000844
734835825
66436777
974100853
653186983
500008584
774341600
410777909
280368492
121478840
101099955
925182027
250007085
143668052
957275544
555524199
435377054
333351375
117992747
127394755
570158636
487763770
500000928
34133040
970556717
274214233
288
496787190
536163699
894262335
81922133
197525639
362102096
861353904
57992442
309572620
206003599
491039021
588257805
73958726
453581339
654422334
306803699
877813843
333335979
552612100
841779348
578
439007406
948847608
77390429
317066428
737067855
60991666
580770823
108361204
480717126
419397769
254319494
983555950
816264139
780021534
991206117
868889325
7998073
871637451
438531966
796227298
599609350
724823341
492218930
484431212
748641091
700776649
664273281
418249294
583336422
60562875
150000539
114298793
494175482
815416590
137082919
25264
7688
829326298
500865661
110015999
710172286
611826371
792450685
908071921
824150669
101710301
108306313
333340734
583340918
517541989
333372861
714855388
964604339
816894133
249756660
676976135
983834181
691815861
500006388
226931534
247153257
778833092
11552
360779096
1140673
402333576
452765920
370882792
495809081
487960232
165277099
505301064
873668177
724675069
126203653
389935214
995448187
467185194
604573800
350554806
223764652
721005903
297003229
286325856
160260218
499185806
784911015
805940615
918543352
670594071
76072520
500015316
986344624
151692258
67916638
530001176
842557497
828233792
561978012
95290246
607242269
525328934
15488
395639532
80540070
633920373
363517519
3200
978225729
791841203
704388729
1352
526522917
815564220
896534744
769019219
262540884
107176929
771081732
126437973
843236198
667682759
539446536
295741168
74675303
673434326
514822507
408256824
610144490
311430314
280718889
71047389
358399391
787015214
186490985
375638290
642836001
265456936
696445081
301913265
500000148
52512770
917040993
619068499
652694445
677740727
854060553
999630272
527410996
834330953
453596409
744070289
744070021
414111894
744074027
603646411
303966943
76800463
923939166
500000148
262650725
322411182
841807784
15301985
375455764
27186599
806522651
549032409
864121966
639628084
657782693
963590807
192225198
827227523
464486189
509828632
500004516
541330228
648687818
723014261
932579030
957402446
528819033
777476580
612475829
192006427
208477760
959513061
53075745
871478947
466491422
145516998
16149691
993074622
583337314
495251551
878516804
103279206
85741805
934541084
199277139
929154556
515890249
238155927
814998391
713315553
925742662
585852634
634662
333333901
751569587
928137063
925318804
525534790
925880814
989117925
452862468
975997288
231737373
806575764
418899308
435016391
418707193
718433318
524099604
603770846
583339694
706317055
119066764
586678613
254406053
848686396
583346342
225896198
358088341
682629990
452259335
920198896
969119915
765756144
176367378
185479645
826347148
360394272
883816529
520219108
363117802
615259035
889583272
884452431
478605172
511784595
381136406
690169719
37280077
489677270
300025443
382159530
381680496
9522
857502317
347507225
563553502
4615066
106913033
12890403
47337083
417423659
457590216
66373871
515686498
278550056
957775902
491150511
428010988
904780863
710479761
81903043
97542470
584852853
333358979
738227523
127538049
461778353
562423456
874340656
125572646
79556968
392876661
64793778
38672
542454637
208523331
266750129
880998202
416507086
975992771
937678920
29774239
648646616
71538076
385036064
496990495
333346974
661260472
474199472
690370148
500007084
526082114
455041144
289081983
451889428
987981001
689780590
882
788076964
729406157
69322277
842385630
603910813
230591224
483150380
791675230
776334231
908846483
902461245
123131460
492901882
934534826
831054823
601204475
729278131
251896303
318581277
772836123
218761563
31462276
840138490
478775695
74514212
561191442
589120418
198870389
495291261
427731183
490487010
99634006
415709847
851457300
483447363
934909095
609745868
53340195
563016398
885590336
68512100
669357215
514901482
514061532
595220378
672672468
303278978
261081427
971207234
977489011
831107211
165688245
340673622
794611050
740800105
599277214
505430406
751074592
685011240
588311185
847549003
268030985
732746479
156210955
943086716
467554940
491642572
900557737
734517009
987790766
656631354
895460630
612745096
906306438
948252923
596650263
769073764
272540376
317040545
889362170
691138523
483744280
139580911
260413081
8775167
679235200
264343747
110638917
207761572
275858536
829049800
476213926
670854291
895556434
167816533
166734411
20808
414527531
280896573
703122537
224077309
580190141
224815402
496146625
57090870
734860428
624222508
719248623
72021487
457756492
333346394
250008351
523876502
670117282
83760135
641732605
222689157
115988126
631371916
89006017
387335789
253133052
561130576
360119195
309402505
412300247
657
701641390
40147621
527456087
609652804
124621366
500007324
5618
137330988
227768271
432637524
999482042
581838020
982116532
952400704
250022535
895447559
663063302
166684255
755476099
309543784
374263077
283496052
434773237
950935079
583339508
541208511
813031224
975647192
873127118
127092742
142063476
136724845
546300458
110364366
32756707
368556807
642874441
481596073
754545960
98754783
865163870
764624217
970518491
701086792
848708486
723858577
201970498
619305698
10580430
433834880
892888379
577466578
18659077
978887989
40380017
498112485
586582638
147035437
329039959
718147457
765639402
705839539
658638905
99752377
246666799
184665538
71099201
686348624
851140038
291953642
436262359
890265403
244917014
349462647
620060197
904784517
889169887
333344639
527849336
601133228
263412488
250004875
617212596
981573788
809545409
500018244
956229902
992682096
98072164
119896847
766827800
501658762
855054481
1352
250399710
619080707
99371630
37499600
857187519
738119393
840337283
633672417
77388214
138364583
286853481
122605823
245079141
104809952
6962
791675967
573749660
443520361
356495678
924178396
243513204
432103687
531555207
333339607
39830162
882609308
10672775
772074226
143373256
148685328
880371372
2888
253883037
905607266
91571113
716858192
876924548
136263299
536456469
673018392
904820159
322285036
501835454
849738512
86642253
922515647
69414697
511988478
843704129
463727050
619683151
475939582
767056140
233389363
676700927
394378656
860957401
306313700
963840081
927802083
576255847
46133140
711471336
129465849
207910401
861215046
49633048
602426928
567091501
323093581
160452097
451853497
521415809
965444190
437618390
228654070
206473845
676763069
76036113
151870491
465979227
21833045
377135101
236300148
682905938
22231195
884505515
214671328
366586388
246622107
77399057
895848181
743884409
48417826
239039249
696697124
359234898
8186702
42316161
254960112
265213469
907337827
419294439
736765081
817057901
841262787
757008727
844948394
743272306
9522
326742973
500000316
64127732
982002113
752396335
190843728
802850357
250400921
223672333
801682514
738106341
866316208
102420696
47727005
463598429
34372653
525238640
915799413
201774092
901393920
496825920
958337542
723360768
361802151
714343722
88708145
309554334
408075153
804426338
552062834
307861161
843825048
961034064
554189526
562445127
166685231
469327316
619056745
421229950
904218368
695006049
452301991
57990031
29334163
2738
894982087
873582247
547583962
252721515
451717795
442619361
842321439
716735984
63424492
167912787
36383802
166751132
163509663
836180491
639079056
939711335
516832482
700460495
155632312
176044837
162177715
994648687
444971114
606406552
481181781
98
791028192
177584889
489879078
672080186
182744125
861820607
823107777
93571796
380820513
693366529
58085889
800332662
313775359
693687160
660326909
83639224
817825852
267919569
213005470
363131754
815350941
602341803
952403974
664300735
808080623
929011747
773073198
891526709
106805788
154882475
934536208
644785183
272037111
933995491
545299660
796622141
341662861
185134211
456769609
571558846
8192
500000928
441065665
603864815
320182989
976189586
900486910
877979064
337163137
910531367
374453980
883546736
768220055
857455845
269652284
485306407
206661083
123562725
826493804
167259375
6556
669952956
86395817
460803018
505425201
702268763
898847484
237923448
923271277
721156800
583337348
351880242
131500763
941084426
833405939
465994720
346972453
886898408
389164762
680977573
711110903
361574460
178541805
269398432
608767917
794056207
392464024
181075569
744701062
254407747
902916781
794222990
23949971
374611940
475828212
458778140
788135682
137374200
174913117
388275814
851043709
3872053
601900457
102096335
545276351
352101222
897037044
820196169
336133208
968262530
173556246
808285451
361886076
317558078
62175645
567254400
140490402
31858992
314474101
126403225
728402103
594690078
125018738
194224572
297989999
431727614
402099790
835775260
295808521
606043820
130954020
555834057
1058
977561691
557108110
549365932
655418883
907433535
57178022
550472386
622443318
741316380
445044228
326237286
510098426
312813594
946008496
395111388
558618091
685686246
973981409
93292143
703937074
952536250
17576
112383174
932745761
405660617
733675014
966985755
874808043
868419334
894837905
436567430
248333718
392515200
176376831
558678611
641159595
219424233
665127190
58700499
930451262
583343178
610125073
885878773
980704689
737098054
10952
791672727
649284075
723883259
51457411
483369952
873956915
723105268
73936841
958856544
492050372
904548900
655014052
273744902
604543274
600768595
42971179
310878601
939401597
783276980
555703585
852096709
850873140
49758114
767177658
447822367
24086435
627788500
124745420
646104477
652490475
40388209
69861177
621369619
561722741
178292371
378389550
271113246
970626034
413665754
473969984
670974790
250004425
79368832
186458491
390350606
897089383
678390793
431218206
69550657
149113001
988661689
731278237
333340228
234851058
690625741
830728235
424608501
538930641
79269260
38858404
791236666
906835805
333335519
558922217
365833826
750879908
187580436
301611737
374210063
743036343
553484411
452998780
77396402
778254957
617764604
123550811
443958827
130546215
81090778
668004817
811406445
823948071
130540548
617559899
328857746
805469037
888682300
264331451
512
6962
160274136
123685294
78987412
708634204
112127121
728425999
709084574
903073303
877022312
723254219
798855500
823605217
663389419
177791048
778813700
410129794
692809502
745881852
60679699
667620327
464864345
185263882
927647150
760226326
550783369
258918598
671465572
516429807
965923881
810384691
593984636
93901824
423601814
813349186
869018773
868642190
7088
215640804
273772226
363326924
782310958
527638425
177667636
17479882
469691676
578859371
858888713
671623484
719835913
136124780
661753152
1568
250005863
835290284
913880191
500000928
182353914
405399029
250015435
386353384
498902727
694313075
784173175
937800279
97800463
641475140
67688930
608973096
712196772
519968766
450343042
469483848
365754166
966448579
358531840
626354922
81155024
778943474
343213627
961350421
365769193
862774303
267874781
63444992
357763577
19193896
516461738
583338330
82361730
551225390
848082099
500206370
580717050
479681495
457910922
18
84783762
353137329
738964729
911584689
160066373
535284533
656336672
703762271
919285964
61636638
5832
600735032
245196963
18663959
2928
377047953
502615646
974425913
236534826
375255715
330694700
333343546
609166239
204174529
177330806
216221858
421132211
925572590
439569218
46987062
771988627
128738642
507742848
777376930
217164128
225268531
290481164
821522217
810352119
500000548
805038911
306758796
593990558
211381211
662286583
700953932
719755642
15122700
364117321
167662118
592180044
604367101
400017841
776868854
2
740856397
227822483
121122642
506394332
36200207
941833554
708192279
352068451
65560590
164593815
736142022
93663071
989351338
622616177
583344632
352044166
651156935
52428830
335226522
717640326
582282704
583078930
320407026
304835176
464324527
918632645
607701000
683475416
386659012
690031022
850148372
314902373
4389671
86567642
763505254
1872095
421106786
809552769
320706713
880086089
679448938
856529451
947067439
500000028
698525532
274350958
394262940
437050840
280655206
107346528
907175872
823470343
811526873
605252157
333397728
197841048
904772873
645102051
121785699
197310747
26116996
267286716
791707802
309081438
407199807
308525193
493720010
235170997
945298207
261511058
653719077
747253642
978349596
350814473
473930367
980403558
452549169
460863031
674780874
317470781
651637629
311891765
169368368
792692117
791687664
442368174
718615851
744335310
661917458
771363805
800628258
665812798
500000424
782692039
614555426
377149895
878448883
814814719
305241888
531122369
650167045
652502873
500001628
664023543
223446773
133499071
245417463
5458
888654220
938917077
316479355
400892764
365716081
911934316
840500132
255367106
940292324
632370103
425396346
310147210
130830405
486072158
526252727
333341846
293330466
905079796
780577873
834102088
681374677
390518470
462524284
619060623
282252242
631847720
101485382
415912954
205119772
973143888
527927418
362115607
816442829
250004041
546821055
54676408
541544371
901711281
413421127
927100614
583342410
787211093
517194869
623744967
707044603
731011452
869892659
623648766
220195019
360320724
844275372
416924586
57374499
363120804
193781957
11858
29786977
813620725
844723010
230804791
324481678
744931618
324443557
90395833
968753389
785857509
243535780
133808304
395883575
672049763
877783737
650570562
743383217
682714402
510494781
922862142
703431800
267000726
795568181
4418
240888247
410726234
504132937
737566942
532691055
721808059
627800707
223857516
32
782266322
745613491
986810666
576560221
967540810
302986339
21458902
77887639
583345010
146407286
906877363
854338441
457219971
33877924
707864200
965448332
725324899
470701368
660461568
172752507
976827742
381566802
115297147
333336114
177235698
133148913
631963812
103231756
583341740
905593529
333354273
92020783
950204144
854377314
640428424
345862872
859558752
990373898
529772401
931391949
492239503
124463033
500988756
287547589
358249028
299538862
365199434
360319923
750582998
22492899
38239473
242168000
956792842
701550289
654880976
982537395
432684164
520404837
814020316
576172205
835666796
999118176
559284883
534217324
986091220
500000928
846723655
298901044
897157370
148803031
36132722
481723267
565057676
789363869
270051636
301473937
333347906
650609176
137637857
683183377
476699199
288104875
216818498
643523905
6728
256006383
612124413
177767383
776583053
610469294
624438970
134588342
554104169
442827356
333345190
184501435
379946141
146605549
218011252
317137765
704805129
250008193
424196402
514396746
892903916
901085517
887669894
27265499
296441721
467404621
691287310
22631918
750349061
757265507
146957902
833279883
10952
842417905
814777190
976201628
945280243
128202441
90339403
68537289
190353034
333355377
394000271
404605101
977644026
190476102
675104269
723188103
738122515
772189139
388237163
581612656
427353440
440141190
570834342
500000184
866797467
480600158
722945255
799973572
400488160
718373777
333342734
304092851
500001864
395649945
923420840
500011708
930855268
18050
851974769
435071517
886336054
764462397
417319995
971177291
29774737
869066629
934595676
522246932
826957637
624448354
751057281
375196393
601211828
801900671
269510099
535991352
433934713
500053468
133330584
389558516
685724424
891913954
638381030
576130356
916302579
968275633
177465013
150139216
709530580
15704451
500000004
333338270
587648670
19496562
216343198
984388262
903080404
955633369
445347422
947890219
617908144
60067765
942186289
972738494
655322899
494165360
912853434
647113705
884730110
276892426
618892581
406835637
251368538
555674455
267880172
42788042
394110828
750744809
830129315
72840532
907679676
945554123
401202124
500004904
541631621
659131090
752442432
273593671
207361256
772963715
169225621
783431180
812187344
223962018
796005992
276833708
261495674
848153418
583349852
381595379
855739387
507027592
796186718
203786593
371657539
418348338
441935322
495819945
261779343
590096729
986895768
734991415
878730033
705923857
73472058
993043902
952434536
500511922
476197006
889135305
781061699
731278416
855847481
74861987
157130611
213406831
891532645
180240580
474197648
246489699
904780797
770875106
221545028
57698044
500031004
6962
728345848
610802378
411854342
220895651
850936260
819131620
917489792
277314912
896912702
84753797
598545808
218962385
371638539
88142349
156055879
779743649
404777502
900212690
159950714
635814554
989968578
350670489
42418520
706793182
663251821
122646017
320723225
674344588
257001009
225055503
23622870
333339763
951816344
742447387
814805911
250006167
199405345
476852249
188756729
584246972
822761945
143492764
252388712
906288116
739130486
487119671
15842
872919748
491406775
38872
561889111
828327434
260339426
904805601
525082177
152503104
959450980
576872946
935979258
818928397
319818938
410724683
58116352
589525653
272637943
975287143
527118179
882
445310464
838041932
212218811
263939520
159742583
660000361
788076417
172817121
410345297
798634759
138688256
923977673
307183294
512236043
976573279
497937134
456951643
675843626
609535514
267906842
335251883
99509623
502280262
41851013
559570817
915972891
137596134
511479058
645144220
293282471
954650291
852502517
341582574
583339854
361694447
736202682
98
904786981
618146705
234288173
500012016
297307528
554408583
926218881
462855161
426503050
497393992
882554169
215322268
877840695
136452833
609504490
8716618
705038662
710093667
144121366
702028366
305251752
831699468
932030949
782483602
24057061
666390528
725954533
329496403
912600354
379744385
710855912
583364854
561500106
847664562
238736551
718057670
462082921
758332525
213705434
881970116
303156829
739828896
199147493
617184966
481679122
738657597
906123305
106147144
671342657
879499473
995840942
205291960
704735197
50
399855400
438087757
128315320
554977396
884322283
783529941
267228752
333763713
601212954
296223092
660155672
914991628
497645388
159668398
400327083
472754580
812845936
105286084
736893656
725930998
641993383
572784249
941043226
100188084
924520364
952174318
130691741
494387369
539898320
100573731
583334266
993347683
500002116
673259615
667327401
288337566
857781801
744922886
96314922
274643615
357641940
787154674
615349511
9616399
148221484
368450592
858071480
975558963
214142333
588568982
43791490
533661930
862219471
69264800
234090024
695549999
174057666
90037050
812402792
831660927
209960105
925520387
183271009
832084553
555097669
169529595
4338
461537717
724938639
299453606
683717421
632596433
250021819
512170350
154829031
500267209
28754314
597138914
525010673
596419237
302804011
156991881
737603970
145345383
731028991
4508
435943232
515668018
789390308
317312845
881077031
651778147
77839989
687505757
691248317
203940637
649685749
85761688
908472917
703705079
7200
313811413
427317751
382870303
476248998
53214239
737968243
29624309
894146141
610533724
232553530
583339254
247665669
431087635
783363714
7492
957686383
967859903
680475538
487477033
500007568
965640686
769113521
24743670
435374489
179691338
446446896
910672431
648237028
184862217
634926615
583338936
1763541
819962462
436672723
172094936
473784997
949515239
656004761
258613235
77392723
870089647
680258822
334440675
990220416
161699389
784324210
538296511
47186486
37412745
774724041
619487136
479307060
343699410
467353835
66566679
189928369
491174561
645013604
809533709
954227125
250491552
19334869
22976869
487659557
757878616
29418484
32831345
364643930
244694812
70517527
285365974
931895432
674335032
149721482
500010808
958007001
849075655
987942759
410164049
952564902
549570708
861133285
610942800
391556221
185625397
393439902
339635510
628627697
835422179
70619085
765576198
535385742
774857142
620003905
606492943
677042609
598487686
352666536
745455830
361919882
663913175
751998107
678307426
284934228
436373078
828833753
980152917
933892189
382754669
314930101
977389425
689774774
816865613
666687468
814637914
155196463
308144728
591588221
629989823
494732966
49358485
628289575
96143211
353661927
742982387
301180830
260099711
767439586
500005308
11427074
399857448
306450235
583342526
570341382
741178149
279127001
95353161
861309900
761631214
660532808
648110437
3698
961322494
333335731
23685430
250164327
767829217
106748806
86880792
876865677
239861586
59567795
500001988
67517637
535355190
878284883
302142549
371460725
489772119
438139572
852697207
844594713
111249950
942897909
553168437
441539166
785335947
463878282
264790262
75661566
603894028
287843540
820708617
206394176
950788249
163633392
767490228
666776569
900989327
66526763
809535609
541773647
627849085
109274671
500000008
362432558
180421821
957925604
157188220
333339523
688195080
988334148
914551011
424470093
703048373
769509987
808403216
867009000
500001108
430995979
990370602
141272076
333339481
672961541
587820592
159964434
699961029
753807772
307105566
871650542
96596368
565127351
858981582
333349162
299747285
102985147
609754282
600537127
518639215
613520316
397014228
991288161
547240349
791074804
954897192
28362488
3042
486453240
942104110
297957999
559624138
84756886
432615504
285733070
997922690
157281473
691097792
501621626
781217489
6728
25168114
904235762
724754244
81921412
986883718
880763190
964288698
40979
90303058
211208507
217926667
219042818
545072737
535161697
583342924
583336220
351346872
333345384
168575553
273393843
850839275
996441454
787465643
582375609
696529876
134721470
252865820
689627605
238145431
583334014
795394683
813064971
966763919
500000268
569989068
514930628
374761074
588749586
190076289
778409575
782014759
25042469
708601089
327721601
494681248
139246457
245949664
576239221
166327777
277252523
751137826
14975644
902209445
598233386
800692315
661584157
364296384
575182185
633877863
934578878
210147107
615357093
130639482
582245488
602276380
358985708
472573347
401576890
798590853
369803220
239689067
259586805
645929591
167990025
125214796
774858129
821756820
618179864
333340077
180690338
61690868
971758054
275789789
164018918
524598536
853291971
376581414
979508123
242
786899944
970535255
810665755
193938665
608265293
198108011
380462622
550202255
21628749
390452542
707356460
500001304
410124559
147899775
883633016
866703642
45260101
847389256
79683120
318982218
884247558
564721332
500000088
462802369
583337640
911750208
661418912
946748854
500001864
68442756
48332914
256382678
898129454
21737320
957443641
201994561
271646994
949942399
673588865
934535065
171159890
734075996
148323498
667484739
380347265
744076145
119066546
344322610
980643238
130731434
644918806
796427294
543846295
761068591
18278883
248627148
500010228
82891402
254282963
627934203
200
600698420
245048358
269327412
607578603
981369943
808593046
660046299
36095247
689096327
837276829
23785105
644707774
665204207
760969999
716721759
595972582
428695126
987157996
458147976
10033
867793065
509957080
177789380
700688889
957634669
526806861
792076714
683090827
821025459
263819085
663382782
344122398
5438
402110472
295032297
198528305
911553199
40230916
659494683
452274116
559642005
215891341
110437589
390521072
753201727
902056089
61323211
789465270
282189198
571602575
86272183
288558335
885497363
976387776
112306913
80510089
912308567
696203720
840893210
382660929
243762262
644425688
833968921
581676604
377099713
630353739
918596853
203856312
784827402
925390486
89027944
464004204
782325192
451848382
471250722
329302613
676598717
3883
16562
600728107
240285613
26450
490743843
887737669
72053730
452682132
164542209
447846168
702766165
199823237
883669587
221152958
321471845
701166364
447536356
202230952
703069471
758144168
492625838
333338016
775294201
566928794
754757311
48125490
941319105
371209268
627698775
341815092
632357471
827929564
228171925
91852391
261805475
283318682
608819654
536454260
823999697
250631008
335832171
912172373
786450003
705367871
740
840596501
778644880
413528094
324927327
796957731
458621619
870838132
333362730
415948134
183053430
378467272
48132827
810162421
665515268
533288501
597332146
959966053
111023564
645457358
349805568
572633448
991374264
428544536
571263757
458633537
274520116
489095070
95407290
116289602
576618492
553645625
318191020
993733390
873869891
229337082
532813188
48317792
97200248
867582584
540019260
176562338
720666808
159378428
663349953
5832
13334617
400047336
322387744
948293861
180466207
139494416
703981958
964483364
81829798
268563996
686695001
364178093
585367744
302143040
692232976
827437132
51575692
730606519
220587
839559428
248978947
795627091
291132898
96498323
62807172
806150462
843439069
143531311
725238723
775470502
500000016
523202453
150048103
128660678
96648694
729076891
811029219
347197247
583370188
401453073
802720740
595689146
837049932
843426376
904781273
659592747
323693775
226354178
711107622
733635176
818900376
901028171
936350407
536480106
649905598
427633744
754721773
70514926
205853121
998354060
167000421
194784626
589407704
934310983
236279764
410208096
883392267
482702624
161090030
359185596
218430678
556436244
820580175
122300803
502945655
269928026
424040378
722982574
253901518
646367508
660994441
277971788
591436177
518646677
266792097
811421770
764942983
379488051
923113624
588230106
801082831
766644628
205883741
500007568
559352765
416398077
500000184
490796665
638677283
165657223
73762978
908108871
798563497
456285214
644923574
645507451
500001516
722
268756911
547106826
146575537
947040939
578640626
724991932
395430753
921342670
285738748
91214853
923078529
428776675
999005683
500001016
655723836
954797378
58015225
28965988
125036620
267874050
583386608
875316328
380969730
577319809
973849066
83399410
791682215
676428194
215390366
132226469
725270281
363549148
915453280
609569850
780374769
574027604
267886223
911311238
851670875
368397815
129456492
284779582
527165589
14628772
790411215
691106219
892467569
918922536
216969707
969447953
386065366
969196520
183661082
714088746
100663930
677658127
342468709
161185602
218692192
726546050
211424938
77393497
890817421
965548836
71553978
976336218
259348937
9590406
885334861
503247465
443402483
32
500001408
379291571
616208380
381349963
996484752
244343663
968
103552279
468031108
66963839
376777384
812503717
857088463
596545362
697815759
686568934
3983667
385545388
173456056
746072640
585269191
791671050
56876715
81024946
263559927
388308297
250002153
363104647
160403815
387732076
997835621
309881966
33540834
541156703
895293951
765556028
751868865
732719021
157487374
453127997
784297434
162356475
125063019
792850666
232540343
192913770
81161786
317642793
18
503527669
130366987
197021461
461552678
101238208
791677296
1514192
16320000
142615586
411090531
397556917
211378624
369179246
709129189
533325795
990068180
48687557
384329090
759832859
568706100
581302701
812035214
829353351
39037473
228470187
446558805
796330446
9557859
86976917
333338233
878350808
583364174
239128176
752244282
383964538
759218240
730847737
179341259
327923411
662741652
2408984
321136794
423801904
87820831
687727106
328109597
583336352
28180730
359745219
145740296
402244769
882989976
965662412
906805874
729076011
283643746
977324989
250002397
919042231
615340973
44774842
413144136
681017411
323039384
709067118
326485087
583077362
333369121
891630745
318834488
54856865
709170993
847649737
358274415
883589542
119529024
277488246
277490278
326254603
547444562
642231304
247815356
500010808
782605707
743001865
917935774
261675888
527088649
481485716
64634882
838067733
544248753
305466933
419431652
248568790
875163977
165567881
958835656
804180988
910158140
756895091
836791292
387685740
119848020
193543071
77403585
353918715
821355798
39921983
304208071
653830419
949900736
65619543
29777110
596064304
978747169
115318397
163671237
698853950
357231455
505717007
749507804
181607674
919468745
648
666364894
172038325
774768320
583404746
439121027
44154920
478428871
305677100
380729876
301441034
789076639
474105389
62912377
822099823
418226415
778283963
128177734
474530163
631192586
835895906
347090568
905341658
26739373
292948026
29883642
312194291
140186899
333571262
111215033
216553082
485658652
230285026
820012307
493798136
766972326
899441420
443025240
706204014
114510691
169204481
12248228
910660793
873552267
280565220
809743605
577604149
884326268
957652279
129391591
958163118
84964724
583347884
457314755
983967441
877113806
536454029
533205982
200956129
29769858
714899158
334409652
77396315
852899070
409376783
467929778
960274941
205378140
497691884
838158336
165281311
736935347
18
333383923
333341619
795083582
600629176
637046161
875612164
843692144
2178
623329161
158314439
82723083
892348112
7442
257357573
809138499
380456631
460326072
201182075
161533153
176841693
201463860
743391659
934543856
404767172
807509700
152424319
797043718
995327121
412724297
689125820
864930821
784215645
672994416
832976415
343434224
439449282
800231956
887124822
862244403
493641478
412912850
315808954
83576620
351798253
29800979
934536971
99553315
251785747
586658696
936054493
729916363
242764177
859347388
994393681
251725375
64905380
587986594
81668597
884989566
952414828
1551263
226179693
456072985
265384500
811575665
111171383
238137253
727703418
333340801
296807651
466149427
587460953
494077342
702041431
585088810
106390349
289186776
357966827
384436222
881858630
583334644
10541
499348925
585825729
80702937
83830139
304607328
945992622
90680240
650685965
223505681
645658761
135390364
43559505
338
104926583
406229264
959594355
3517692
108937221
334068158
438906417
522773085
273885660
605937201
514708154
250003885
167784762
481259371
677920177
349407428
156901082
382927219
402161434
182524744
107780789
764461561
426471744
724501530
102180450
97117378
588437075
959752554
913028393
15248
110974534
250527451
871119920
859615260
635297564
293022585
754261226
815279945
458118200
41797343
5110368
856503642
500000004
1250
255971696
222443678
363285943
682659923
392611537
799025588
70823764
215272669
302108065
5033177
349023490
372960828
500017116
414784312
316053163
812294333
638835764
628583247
161728442
624287470
884269258
745614356
192183816
197384860
4654135
638019213
378268214
417419081
786183759
719319321
593118803
696753160
515263087
771596011
39634526
775595982
831729861
583336888
778551578
872085702
904782559
610643283
458504593
985836581
280811215
721729690
399658252
913828282
889801914
303424858
344917296
524190512
329446645
702295533
238137807
851033041
867648745
78361413
1449848
201161579
314631231
84741059
850439921
103333172
904779741
510606335
502382812
915896837
527548460
983047035
60568793
326964736
797039669
249003293
267299462
15562432
293588935
966697318
13778
333338662
2178
569718635
199462974
92684614
479640384
847207185
215610241
770624068
377643610
845135048
157490473
479681594
562975571
81806531
364176991
464843348
521769195
526005627
248729932
207413106
837342509
333697876
944617583
831936409
281545328
234262966
681579113
500001408
126250515
530067536
880169963
1058
140392801
204269237
7972
566033571
500009116
647185165
568278215
288237515
264407042
104782965
305845819
360569741
635260609
764403746
27603936
333342670
363116915
167225255
901216783
583346014
500000928
236216910
421519938
535828231
485012356
787356230
952987165
14656671
583357040
211951662
318944998
410685480
115850108
561448945
838738044
561607275
764341700
634704247
628798005
321080744
744059321
824170225
467238457
410159012
354814983
390072248
965527617
436845176
548223339
738035478
817510870
363131581
6303986
301568430
821530816
352009755
8978
34513
235861415
296068092
509284569
897819075
241291922
133412939
77425607
83301529
665022996
737050112
154383648
2455274
14112
540943678
916585750
190498112
143435910
9560480
407498240
571181913
295285888
55966790
62574040
256601537
629082836
188486737
862527068
272460528
571509256
31775731
889542085
795440092
133664143
728566817
255519791
251988570
243072138
269193758
183793121
466629243
894933823
696457031
860854678
876355688
739035024
188263761
448381154
968
662451513
647202885
947747130
211898852
810144822
943470832
570423912
531521093
583340336
583363424
2888
299186150
885459848
49003458
53562592
628064004
716542442
420206523
338248279
969523397
859957908
539618150
297657628
818292382
354975924
275296723
847825637
315187661
116829838
898941696
359201525
167904003
77443436
889951395
273948894
117387903
974279946
677715550
250029288
353508943
315281986
10952
871096753
530432824
312671819
327440937
97019539
425724431
964454570
439582250
810793370
912153850
194683426
499118371
324913662
440974780
220916259
86357415
710533230
178809903
509413017
476203664
108534579
34386054
401617427
205427418
802785098
864857259
285124226
145058542
316592158
214933090
900237223
276827238
808608933
600060749
383483321
503630009
542836290
999612126
621486063
476210160
834107961
804532449
730031567
712488870
282910925
8
817040876
721235457
615713244
184755482
172419599
997484470
935834609
604085335
500000268
206525633
76836123
258288234
930149720
4418
781695133
4280301
656850279
619409351
688961267
386319417
646738180
362545314
230420008
376812169
107644067
917531129
6498
849150611
16021850
503738947
927209489
989922796
566783876
456994207
712659739
583335174
46719599
823190764
821352416
691845600
613147275
48740499
916497949
25166578
279416087
25012730
422069000
185007462
858056003
794606455
915176855
947159776
659871398
470048108
7938
590148946
60537582
817357824
42196436
68493836
323854803
633470838
376230226
221830598
961152169
543727101
717398318
829574971
797341839
635019868
779669195
423276394
166281343
810960168
687428732
446854796
805684453
862716989
183286380
439121646
723310758
873097350
613156108
786854628
152826803
106330446
714924651
304140139
866472786
363133575
227397901
219247412
626323968
362187078
454742701
898435727
198431879
501817017
993466369
484915283
940790066
935741169
333342830
12446213
581039695
188370021
582933101
154762045
500204947
10737265
795538562
71430050
158476625
606666904
192517127
541949463
915748463
329629747
872093160
273134156
77411440
912032250
333340408
237648126
166113580
393344712
977835242
338
497261356
634568298
550420953
5565
677459306
291399316
883894871
991251120
588672390
77297716
898738402
969325244
577382336
863697439
673632350
670076254
713365178
933286940
133119761
158261979
821954256
217119292
382387600
254525630
11439784
986776091
112238813
731932206
673291393
687983234
634534961
938063943
328455388
202482165
5646723
464873608
938172249
868394293
523382119
125031908
346934819
338358669
583335404
710381341
171755724
171615659
726054756
465337431
352393773
959021804
707220838
421574347
431224972
337709852
503277135
374017886
714314741
367060974
238724867
58700870
28882501
629739417
666639474
429638504
876225901
739710775
381959197
516314584
888060033
744179450
19300281
89401508
414118515
651444347
662793097
289102134
664199369
164826597
108543845
354815762
137220324
496328286
849057746
707785561
41981189
909706797
474182974
427981785
250004585
538607306
666987055
208121710
994592665
2312
441104051
855578753
662073211
829129241
500001108
731804233
66141908
878535713
920507668
801970410
595012430
390409245
238123377
94592026
583336474
510825420
471722296
150805560
379261068
592734104
866808484
712495390
459857502
772928656
467288298
333343906
948103559
768589018
984149727
392241686
880448732
236699212
419318613
601212438
888458779
959844459
607138267
972444710
441966724
288
862172466
23202960
34899814
771240629
648709126
964321196
17856784
460818361
236462144
133554642
469109807
884888904
874207377
172415228
859683314
441870130
692423187
505120244
292369114
818620770
576326744
967920514
235815331
989521968
449482318
648326418
581752614
150769188
765362825
662975148
333339486
38122157
333346866
397323403
442185146
96929380
894210247
552610815
507881168
999790065
979155054
500383041
169278961
561332369
927256029
72396514
99032674
990825309
274854464
620384685
410814599
52439431
660206993
148502759
642153204
830073175
857313120
455501752
53342197
666696994
888600796
931303253
12541709
656474919
910836064
765122002
96219681
500005104
737142214
252688654
182728621
132454227
472714488
673256346
496603494
826260127
922325149
817068165
608551537
631715337
71107849
669063060
250486565
600087519
661500370
363139144
329127625
819067411
654225376
480439376
332424671
502027355
839336920
177924314
814512722
940461903
487750278
611404167
779871231
112298025
377960502
534106394
609135588
164380018
50730782
178752301
871720555
619662941
453852265
838264825
45405948
620810220
500002524
337237544
784318591
243649140
316143121
404771546
540479399
183239093
904239686
310476502
203623613
685320331
663808345
895347393
872536309
742224574
583345780
500000016
920596152
163949557
675451298
335908818
803143851
137001069
935955948
820798305
70407465
468388824
105137583
342672042
835048258
545163193
522473942
635121427
3872
93416431
399673999
529079166
432010257
628530200
49602866
940217314
840459497
239793221
147535482
505158106
132347743
739340034
470842427
66217525
186863472
498741126
8847049
110134594
832388624
833343873
234763932
208324689
705326720
819075131
510423023
261791512
214924521
119061204
465629819
478919396
421524641
252319173
491705152
918432261
728412691
848333949
455047870
668782680
582788527
744098430
500000928
990211317
136770815
191752996
679647255
975865532
951568503
860146050
709563774
856725613
430821250
490823820
716534188
758121050
925423786
455722260
153938772
513355518
912338947
819460767
247662835
11478940
455851990
658648302
705318422
311524135
81299492
179963251
889057160
842622844
627036723
910840374
810305046
473924203
180372263
895774719
749736408
429976215
401884373
142596032
64205886
533007733
874121760
840739544
21940
492210991
201905132
384260612
5045
169609954
782145486
624504282
172223246
939274197
467505368
655853735
885702095
296047046
961884704
601216312
511614821
77399309
521823776
34275907
381565404
644134645
748419393
90085879
897473009
494331404
702866888
552467897
333333375
760848203
408724084
264423639
233559176
953630229
1800
934590555
866247873
324169042
35137229
850797557
278249275
613545880
731560255
268539845
120987274
728311848
333339978
382003511
952190044
98442603
333334064
936227957
333344534
2607421
500009664
451020365
899749307
577155583
250003355
525413798
136301423
741076946
946766886
539403876
877385186
996276072
866178346
69112843
583336264
601207236
438574558
199506787
5859598
379735542
885211765
594523771
669464590
262210750
159145046
972921565
556270198
346487439
765643653
657203459
766435970
507695030
470937839
408028180
990519949
670610076
538815157
11250
319639500
2738
2888
227975433
500000116
648049719
120033158
896951315
380228619
652884404
598487595
22990624
221801416
190742073
339613308
956039701
265997554
99208087
332108090
379760266
997313346
153816095
48906450
447959699
675186327
288
132468505
405567081
187084139
617295009
656909206
18156105
907285433
135208261
680724171
651961405
730054187
240059110
759270139
637668373
511290126
913295811
168126385
10624
697343442
168755601
75034390
714929677
185922336
817550108
791682272
445647125
813477850
159096287
212364685
734886260
827004312
312792160
750456072
432510134
106403872
520312606
63387799
917188376
212403993
683447096
267462055
911774290
462626737
373748830
674886680
232254460
455659417
419478884
871772153
677342561
453159081
244804844
1213
484758723
922853366
551192205
497120557
317556179
404784500
314946399
29780434
654366522
2697311
874720910
650172111
12505
903052063
74258714
83982529
423796682
42831566
959489003
129015582
126059795
998907608
655275311
976196696
583302801
167629667
478869962
478236490
725585017
736840280
357776228
606957808
134117451
831237988
388131904
46985
551871459
125046343
2312
242143823
154800188
305276323
159832504
219775990
380765002
197638196
736072094
934840246
30918669
209996286
250011973
392481729
919186630
824649455
770620011
442144663
331720219
476207618
558477038
149513583
50624984
532055666
127296954
999570319
845595796
545236442
35985536
684769059
79457880
800854868
606773012
42801031
709063439
780962612
759298077
333340119
79896902
562979782
967280189
666600767
333349075
750085508
847131326
953138986
990039648
236110792
760391509
124441595
862124046
842179579
752746243
884376693
147283465
317383842
592586478
4608
128348087
820226446
18148334
505131746
840733723
407302998
2048
83008450
983436050
713392895
959789962
662925773
701981197
988748237
836357875
799244731
714163298
309533854
512351531
890223612
513447624
81048909
289553454
952839039
571457042
455871296
250017411
80809190
333341299
41439515
182077148
612684519
869268788
476218210
74269436
306054189
93785373
745199620
100607295
722062293
211398252
442586060
500008324
244339652
238123825
415710961
692930449
232605670
393863934
431004629
600593423
409067832
474871042
921988915
925141101
524534667
659267943
94196138
872982585
259569427
60224244
672256466
518756452
615079414
583337074
864769482
333334601
150711175
660943439
299576603
284595420
700740461
361516283
6698859
307766819
545328109
21066662
684947241
339971780
171957706
494743806
235549673
237315200
788536870
824435439
626974214
936396469
645017566
117990302
112874283
139648720
69909750
448808264
78190011
420332887
501120037
722662787
81532391
786352260
307593787
744060033
859544756
333345493
3374587
226806441
472186199
103196777
772903237
686670726
263731190
865979481
27358611
773951948
452127754
486798133
815848756
431573558
2888
178727571
497707302
984056216
583344860
973579156
297588332
332257883
934919920
309473959
931940147
774601625
947983303
474777991
801393675
726747494
124447724
952472648
59329188
565841803
143583906
512382855
812155808
331075536
471480179
676208310
557465861
901094697
699671573
239436110
602035121
764934788
965035655
830395089
89495451
436195857
334619628
143572521
809573566
15991260
770552095
647882659
701143170
837074879
245567474
336717154
849471933
708250603
918821374
173478523
167469712
808773861
610274415
819339995
790844755
487602011
31133121
216365822
569624641
965928114
136885375
709721316
892285815
27206731
581795738
556101207
335055474
442625209
620556341
627167233
26252988
138342446
528785957
152420899
260660994
29776167
804265436
283789851
694135362
925568501
579149722
104308475
995842852
416617629
801283057
728615628
973069642
246765894
838740745
695128874
856192007
432739050
659712482
951129527
293736577
17321152
212600171
683158059
776253310
2592
437496171
583000862
73638018
611267607
495057103
771458632
460235798
472109479
636976568
809555067
947662435
4074401
635834573
104265173
475653450
336935041
232903764
689426842
333337324
76811077
789564515
390939839
867616054
6479888
279189407
531452071
698698956
182479032
865325823
816471223
37167245
395141648
262100027
229136730
875274749
76073871
463603918
538068759
627535033
120410574
558896293
921003867
330507668
142822768
374771772
531819006
500000004
628618759
198196381
429652386
560604707
667932189
934535306
77418791
247948717
25311689
902589530
853952702
98
73435610
6498
375247498
278804574
801967423
500004328
656774762
583337076
29777614
183527826
562312617
583335290
113226481
80017515
167339072
605851409
282650814
452514049
447550472
98078288
167639882
197154014
778541133
571541146
681027988
881679101
769154087
30247370
588416312
911280144
260664712
53468226
213276998
116727819
680436264
679523806
593889392
594904379
380541859
800674924
794460807
180251234
363281042
278321535
611018088
293058081
636319269
251974108
469457713
767014004
30407066
155943604
795123756
197866707
849155013
579897745
14313060
111155429
595250095
319490867
946346370
738881406
683743900
934564607
17222185
7424
744093594
963560963
287363688
54301497
648996843
19382169
743043164
427518434
514834889
216377837
906904707
553207862
693195291
306509195
576565236
878277406
990187897
1682
408973950
583334370
781655740
790754904
400606048
580072883
193158979
147909659
113565639
50242079
166699135
541486468
696464072
24554189
540855834
760096312
818595927
445440753
965147701
333365210
408657371
488802211
194147568
583554819
992101863
792864058
689543191
685864923
691139833
465961863
283924898
322662008
277068494
840900593
213283651
500002248
470533206
466926320
785815697
305403496
323852272
574630013
949990831
800625109
701853585
5454834
702969416
932959437
743948665
182545325
394245690
738161131
914358624
333336990
344938193
502000242
222955876
997942288
72068917
424748048
286397803
887682079
812929058
591345454
97036860
250004053
749806149
587963954
87735620
962658038
556157283
976050084
994269742
861466687
29772565
711300001
73250559
556462711
91608097
390528239
797875960
757332540
518939692
835201702
260150973
755247960
115036059
288
670615085
224271438
477870932
17339787
485839004
30961116
52999385
410620223
787288660
564054998
706274156
163690162
527992368
333340454
170637139
142737262
963202085
797896061
670142229
588396787
720094996
191706374
690870505
302220349
97630325
704299364
887247348
332526116
990559700
141280826
936237201
668963391
772360048
277315441
705377861
295037841
333335657
554643518
482071049
258593756
662522440
650871373
541340953
973115400
348583689
415049412
994029122
727263675
208240687
545999788
180219161
2312
866658758
77405409
266615349
458367795
798078179
583343746
367281746
549548402
583350672
77384251
619833611
953881449
71385497
500017864
990502077
942920559
651722927
766495911
443385603
500001108
728159774
906831865
508414137
260795006
36043249
899474985
715967994
314133187
370774175
473626906
348549241
956156701
601217732
393182001
16970100
738338290
409526014
447483103
476205670
931614345
188053111
666199976
884200937
682774681
579383774
882
622099587
690228851
687314904
538664557
177937613
501660774
333352032
548811255
686563043
363127410
829741879
363097989
599448426
246690756
238108799
286295339
186774928
862878141
435803428
714778209
275397163
752399290
306477791
149161194
767593548
220472104
388125859
556624467
986454315
654023572
563895611
762110233
965942211
619204117
166703421
619079603
314071602
704394970
149508412
83677316
785809206
479307058
920604124
145659775
333341194
289006975
908602722
784707
961178997
52422595
302541315
769403471
729962962
591178001
224248409
418865573
269700011
681771477
946014479
11075
157554086
662829198
282067078
19084869
43350359
561715371
5000
431951484
205890593
163393994
742622805
493317659
553683745
476601990
809549281
247127927
870776700
631279494
968350837
991747007
11944905
446666793
8057981
693848960
116530362
278628678
583203926
673706409
117296422
250012681
82470114
405153026
764304740
363132530
228591316
459958789
2048
972258555
537946608
877390400
645344948
142514653
755897557
295235566
66733741
249438884
775678825
25970374
606050330
959407940
936266645
313953979
837359222
905396712
744097998
151851469
253466113
963914777
853038339
929685087
883977574
503084962
801628186
132901109
870416481
856364233
595945259
94629530
630022667
171198095
83222821
714321330
156132793
424699812
329966477
256239074
659155077
18432
155608616
978190759
568998243
412385608
455054136
752703898
404781384
382321399
481803460
298246644
37471524
646469064
295288320
583347002
82741995
10082
765189482
381817966
333336234
8
255914100
77394135
22760285
308885726
214289283
542022234
166121646
891788989
484954683
432376785
324955797
945924543
779403635
739189294
31802919
535693998
837358873
450917088
882461449
876440670
426975331
80234780
787826904
308572607
290248659
258168410
459152330
475791163
559726032
137869204
824931929
949670683
49079567
925778588
620544651
74726212
86039121
993438032
258642716
304001162
950464840
902201435
2312
984545722
847670608
503670000
821364035
388712987
732050746
349522708
500012016
729111207
269047604
228388567
910156255
802748365
965081644
662033352
226928972
190675092
363108249
666025207
467715476
865054455
135208463
220393032
179616772
673964653
896831737
322234872
467811385
283586217
309602644
301009042
759519103
339225454
729863521
420035267
583345806
570323109
583336768
140753160
359701661
752759384
386330168
589468552
76771253
116448613
994886607
749426419
954897698
943229782
2443328
479293912
113092915
541487595
750253009
46457283
333563668
418017842
340415124
1800
189536331
74147789
164755030
474519653
199569575
580231348
299225646
955896208
264168481
654949308
337783498
500023548
492712806
250001901
887553435
333334002
618166205
845074118
741026038
883414938
592158929
49062098
365994662
500005516
488403209
998259514
873410771
166724647
889098849
302104239
480486460
313481356
331206982
672054702
609583939
103509542
199892946
192469863
390516282
325692351
297645589
719554758
929349231
176504973
500000064
497510289
117246428
52379946
704961441
887036475
116708538
526251557
650132321
412328217
777906903
338727813
254158650
505393274
593264374
650094659
478967447
851998405
699486771
697001248
1568
51308627
832082780
984773811
790196044
494990778
21265854
12168
742835728
629384902
835455254
728926844
554081712
576721175
887651484
77281845
509962481
528855330
934557226
848840087
487166269
77433056
9197359
690740638
675843121
175041171
505028629
92806181
313772246
106868115
615285148
166729909
472040933
471461541
837841351
468544367
925130539
276170546
978848336
960952591
844314772
205857663
708556774
280396762
542517258
701913935
731778013
106093583
500000028
238115821
366507377
498834623
660167525
63445098
810470674
328180951
583338644
329659175
369522833
469065798
659631555
742784057
87594548
355405242
113090116
309551448
736350195
569315747
212952517
60323502
312131721
200346822
559690358
786766807
347350724
3362
805364230
423975902
624581754
148062766
927711783
23982468
391057992
727334066
481661262
823724947
773887395
768753453
9283582
998856678
118790807
908751031
668534683
120019589
880018096
466511156
715422987
554090267
232241891
587880384
918113116
666635208
868709066
894716379
734787923
656724586
760244927
700678134
250047528
224491782
628774858
747159473
821449398
531873330
382250972
914092468
416980083
303300749
846467402
42984677
650748116
583340084
580438346
517870276
68371123
194982865
92194439
231591065
331208181
55084564
47663370
780819279
360171386
66326176
485265214
759785900
726488460
712518736
514503863
505839241
70866848
500001016
744066292
739602431
394789907
189307423
500001408
333347374
889258718
562462932
372948463
582816675
164747294
945691032
333334941
569623557
740220842
528448468
269216045
695666926
622642492
3248
616360787
730572087
537206727
157586806
570622710
904788801
654436284
833359401
971890482
890691514
712659003
561115072
452607064
452409349
333349289
390633288
819920838
847199306
119813113
792490559
979887628
769382662
37950702
837626016
365462553
262092563
58262070
500017116
435567916
753711298
37447806
901099222
73271307
257777141
17720429
696403312
399756254
43977143
486322639
365926076
670431878
850839226
841554024
500002116
507565454
266312586
485127972
885820302
213423326
340531362
918393781
657165683
970295565
329717751
1568
290519372
500000688
425836138
580495186
280731610
751079062
885134939
440892606
908434809
543702437
500003964
921505510
429210795
743514184
583337790
370238697
996583390
346785124
358359478
34600198
256790548
51728138
370265953
480857454
71404451
500000008
743497753
96650154
768488443
377715879
154767382
165564309
150450445
301915923
593671053
248390886
606711
851468551
51629906
932638311
500000844
80287513
811335616
610615612
419545820
849731507
774118512
914943459
55440987
799846775
128881133
478412004
17070410
8518331
283130614
787587341
898731411
186547819
756791985
839630340
347740316
737209617
165578831
816698155
750108796
399711114
966813969
306566326
991440172
435973108
748995785
601409370
311450359
250001653
648296980
904803269
754118807
507604111
500000224
272376625
773164572
127331479
179778357
250018481
202168047
512794743
498009165
495506355
452133544
881597733
225301503
371471692
874585052
462283106
274818315
688117566
893233545
363119839
791678992
88941257
904820969
429642875
211411106
518353584
897117033
364832060
648
205707602
173966394
541319641
922210873
359022360
10658
791689663
283488948
876357287
816986852
769842551
135207404
339216934
525143571
77391760
731873254
331737426
72272728
607088154
416861108
563889405
808347777
940158653
333354113
538720361
333337444
684236195
500019408
285839429
519292475
553439076
232534358
570629042
128155008
764253687
500003284
876672930
748220935
583545080
784032930
268072327
267333322
244613564
184544478
877641391
977569543
836591730
72199380
532392134
184896509
424513044
998656104
900832902
583337634
881021939
694361372
742453753
366422132
677738022
170742096
617101835
672784440
745824373
255092049
915604446
947857401
696442071
600627513
785791118
347614245
10628
538544407
379479549
688704833
968747439
500001016
946730114
870364745
734145591
219728692
358977943
397125603
925283648
239334564
766775354
936543870
878968140
52640725
344108163
715900295
324975630
354093287
171191752
261193273
952402834
940751348
500001516
268618579
765034407
359458360
933688287
741890158
192022587
941766397
27611252
341675847
29794464
786347935
272148048
512813627
792257344
661297755
905644878
705259907
580836833
40859546
936573793
733608361
57196284
106698037
688151248
768583735
188691842
912262578
583744465
291775641
444845603
24734944
366896187
147784485
525014602
571456210
744118006
274747194
464137157
717438757
179907357
507810825
430690730
594386304
785773235
856227176
58174486
96294933
773560535
20965651
636510098
476665822
822378505
583345050
489253119
561927631
437383391
318235568
492588378
421395275
700972411
177891202
71436837
737283441
326215690
431218268
672860131
199158043
308546497
40113872
852672805
374445033
776947674
538396608
280788063
944576466
72583274
122482086
696438733
432167377
784040867
437604334
585094037
246024016
491151429
281499971
314446941
765970504
321345879
201209201
194526961
418077458
736764316
240577512
22124
714850906
921182508
957773437
149218652
770099117
776973249
243600265
909889056
2738
568199479
164228424
553054358
635040236
500004516
583334604
378029587
471851073
119082570
912299214
635798997
613433003
512384633
319149528
241464965
156410061
270159412
705264728
20040839
742594137
4385015
81945245
214757062
206484011
712622979
431999398
300779829
179611132
296447528
347942390
279559127
557778029
778475011
616141950
2435814
630803134
63485456
613571461
175342934
193920446
217985946
463679116
29758821
2450744
844505023
772051058
643491585
560005357
47032569
500001108
583353128
454226505
668410408
920326923
151881761
609989725
936013872
723002097
423702414
359425124
500001744
688497147
544535943
986934483
162
882090374
535322924
613411132
583350922
197286084
666562417
674535304
838684096
156867108
178249925
347213030
239548576
555335229
893651661
507010694
717223149
512
895265213
32786344
1482716
918424156
286424640
500009116
981985944
857709224
932066404
527683930
411341836
782243082
513455797
170681274
442266650
639048399
448152483
426132575
800206889
724912701
694537857
500001864
978198510
48333721
32
62890832
896261546
216652300
216112709
483761252
93558503
533235592
864272622
160616410
153913329
829283100
614334688
768895863
345275662
764529188
927146620
36074603
604308728
811435536
444864756
577416219
895804401
150319835
719721157
221431346
395686616
655865266
500001304
439943027
583342384
724597611
245362175
946406521
765696035
194388170
522226260
1458
402294400
706391476
584168173
101725637
216665263
994106130
333349266
806673161
574535584
6728
299252804
914286309
583355190
470417465
524426483
127106098
31728857
333351209
749217214
712243238
209824138
322379246
39099341
213532567
552050217
225313898
77395671
153694056
667399648
809528693
434873840
555687067
337064538
125202449
90534948
305055126
860628652
74227877
814870744
901309878
436766231
80880055
426539327
793243200
511956383
4871908
567945374
593249613
677040112
119060254
19443907
977058902
666676606
830531830
194419253
138617577
505938922
94239242
112609236
471792997
566856932
700699183
567096592
333384449
233873978
529202738
41068399
968
440413633
167692618
15103194
856345892
490684588
627013
796732820
77417984
733200525
486449127
859207998
434851479
148156346
807880652
452632419
554714895
747301969
228159163
695826430
500008848
16394166
320072412
910464105
654341212
596956351
926227521
326649658
836942415
738751302
957480739
574984789
167974320
871351345
488813292
86294531
580593471
104781169
88091154
769665789
333336561
220921642
221300577
905764200
380742921
754514004
220217156
815862945
907031662
985638815
309947509
903810948
767271897
721678878
7040892
227321039
502339161
718404887
450286362
404100720
763034847
257293815
939582743
699401623
873853834
964343101
524438661
622865433
494612100
985888301
325293495
981594261
97600242
939519966
580778186
367777223
394791756
830754973
164293386
280870322
102269925
738555457
754435426
925325671
168750539
991122975
500006616
379451554
858246549
471894302
913121873
283973382
370025510
684762185
496434281
389778380
565451211
386593582
254158936
886390001
707785465
745866476
77444831
653902564
450282699
378825283
527966924
500001016
297665825
601228352
74947945
800574814
193256614
882333846
383388368
928656426
4061
397263961
193182263
816922820
959101054
500021844
733774123
2
237889130
247674204
711548179
977624835
617968626
12517569
345105696
218532072
275516900
357515789
230961189
200
918409371
845440389
205770860
4608
665522903
500000008
733437008
85761908
4050
7101912
526081305
102573951
132977321
673821724
692257111
538444358
734472941
169797537
0
541080263
131841049
234843331
500000368
617704727
833045394
893753104
53035708
811347726
948209498
596644101
39468491
76405419
500632363
468543657
973295390
177248113
101563650
502799492
950897288
359149193
329654330
333339010
906263505
985678700
77552328
303654038
593561516
722519314
825095147
793162515
583374240
47467031
573561172
32886881
611247893
940466555
192712588
35785536
52911056
945622672
38118627
714487977
575741469
486302455
152703297
240282448
32718237
250002475
392222464
387974945
103305778
976804803
228613202
830373885
526180296
450650907
872080949
354820579
958875671
363159900
60139968
456533724
809569605
169083456
493871051
18112691
524982699
853703254
644342522
34601018
375746793
808361016
756362812
621181168
941584513
519373965
256300398
171487615
42894012
794158690
958781930
347117466
424016871
146370288
165855299
500002968
243487126
995558553
526430578
397282347
235441121
152788918
578648240
608686429
452406475
890765331
293462997
696691907
829855592
611053213
176865810
271191349
583347744
590730265
114966756
356752414
22391344
22168602
796452453
869112643
826872950
112570952
318262063
666488683
850684688
124437943
61510173
601218773
611898592
3882160
583485211
830787969
949463931
585272088
272668036
362110951
777916908
30763908
542668627
198826205
802499496
218145284
325842385
402510417
207720399
468297320
637532360
111775073
225027274
566768072
663586449
994635817
409264032
201771774
971275949
98534645
785719120
764773415
92326449
990228334
376001961
454139523
112033413
719909443
99754959
479087803
559192180
139687921
464240182
818546479
120179800
429991737
42559604
701029480
439319163
178447196
338862739
826971538
443741430
760881605
587869427
24076375
500000616
238105683
741143071
304455351
344526097
59343732
256766808
133678661
565454547
425443832
279788370
514559651
726814052
382287088
840888021
176157253
431232386
103357098
599817994
882967334
986755390
631955216
250006857
352243398
860202757
46544641
419444655
334855455
398483980
166073234
461114822
181964534
159979086
171169562
747888704
409566788
536908294
79356801
452390541
575807798
853706791
168247751
719452282
361378186
273045726
154068023
34452457
819344373
749311410
521262717
360230181
727599636
272395857
673156
855819720
978555828
256317161
381006671
143658966
622070636
934544572
139927595
470747274
244211664
757220867
181007132
359918810
250008201
512335106
104913679
542954807
867995697
968242521
315744137
499864641
184585851
663268048
905473578
559471461
853665558
133434152
793934470
433989308
999487902
308650194
879837673
24682724
7804359
969334172
523647358
500002524
729034563
191281286
337967505
560516332
261089940
785479439
802602065
35276560
239794581
5227
934533786
58180749
763463690
36361869
2470470
608745793
500001108
652135893
712351983
834186184
29806716
844841092
976478525
981615994
833459277
476207303
559612657
16889344
795572248
954975421
525297236
900893901
43309506
956624469
395477326
775251732
830987425
3200
412788647
250002597
410419323
385030897
328852892
586375434
145263397
450859116
29806340
285066267
450044229
20161605
816955684
731075272
619113147
303879047
429006964
8
696458773
264523935
596689632
466575440
500979951
676978104
796623384
876125502
490486533
413659670
207062200
319189960
358906346
478936157
830918017
950846067
432673584
13642542
869987861
731511616
166114561
870605435
130099960
131865641
622139620
832032556
501336101
832045915
839179099
31508176
601263139
92081614
333373395
940787301
309969294
934564499
969373116
839372770
583340228
333336898
212783082
497429524
570721174
420339644
992815222
583333574
167730579
166339987
168965299
938157296
250056411
620453378
89057589
295464518
121444727
64394530
542108874
90172813
151267625
405520827
359498993
205762221
6044126
160252644
47260545
500000764
685265657
883626328
884457746
641346570
727850026
172778840
219416739
26641423
588170918
143870496
313161002
938317823
618335485
756674653
614335791
390673499
36006660
301161409
16885192
116647720
795477253
236944269
379975311
579331389
142885087
453541547
848272595
809538563
479476618
547473606
184870511
584042450
188845650
833946857
119236539
823510979
508486093
221108867
10906843
465426383
852533863
718851788
516497421
96998244
972877535
462096106
651499931
992504486
779389216
601392277
891288274
917819559
865040813
816257391
7816
887087459
468695635
583345592
993612216
583357716
823160747
444636295
85944135
178300686
759074025
720063750
752917159
699932407
497651323
714623625
329383316
500000224
500065164
29785462
303846130
930543863
13076144
309552590
114824856
250001023
49777415
338553822
306981444
7018692
645297660
239380574
819378523
500026684
350420372
767313909
61319715
257410695
178476687
815121352
148123027
548343275
532185481
319274086
790991350
205389032
398463603
570627830
497615149
323434840
702949361
711776481
504164750
443673217
921130374
829120613
789816885
889853034
820906775
648234404
862654245
976084361
500005728
315837559
500001516
638426855
754346187
258697838
785283162
705762899
213447356
941303851
934558468
395810160
516155601
206129904
257481062
683608267
500026224
863970221
719774420
146113977
940423489
932165805
583343524
957589186
187354180
457480180
29782199
998183975
294716686
225515183
596393036
934536545
946889196
798688311
671514986
378654779
567513281
433194665
381247227
833581503
884719254
757871902
11898525
346502447
576878803
557914664
522948335
505816390
348411513
500014284
142522151
500002524
321096169
493030515
491553688
209275592
939869520
811823882
894158242
918011997
931671375
500820340
334845663
594158512
870114158
304471299
72
945052343
187501333
877064304
441480933
296949768
676755446
44446915
771117326
24642
851700540
240493619
347547063
275190637
457526282
583201071
9540452
614922008
417416862
854847634
608387038
807873916
904546962
453517937
117798900
570188081
131278215
616334273
359950266
152422698
182260159
211736302
133008482
160981023
942520953
433249177
322095168
606696968
59886566
500000008
214183416
511784637
898485848
941197714
91156066
351378856
73762376
537131574
860945156
661837128
396104803
953908223
925718612
333339718
565446770
926940254
429327085
54837131
98586528
498568183
714901071
329119065
4660
515344176
140733325
31550844
500001204
189329561
544216689
763311383
76950466
698633615
564452845
499186010
78810949
444455434
503658943
1927
153285843
715622556
768071006
952423544
270594102
21870267
185951509
808095315
194855165
930110329
575585089
238162387
25720
65107598
583351280
351396296
144409917
21057642
396066944
465792246
628123680
143954557
460932483
380911899
7859486
658799227
250007837
597339757
200471710
125888424
520439479
703702045
134623682
561192245
333338451
661376933
500000268
536154101
244260927
901983034
884854767
562706817
116396657
381673830
673809224
416732576
287811864
250000645
778274795
837086917
714140180
815600475
697434443
369110465
630773638
938203078
430771063
513034879
500000184
85935430
122709824
241716999
881008439
247699829
849951317
53786074
39972670
360400609
758205997
323936810
257451443
107551086
234322207
444622332
771902339
162268895
250020759
610429244
500000008
911009393
623305142
500006848
581760392
394152499
307584435
335246519
910203512
515946758
500001408
168450112
350211622
396488990
242197681
628208066
565996524
539255771
419279205
420023368
781968308
682035663
338584683
555312652
583335900
406932344
582133859
829778463
247582004
562983274
972963282
711809973
363102157
232657574
817556716
314277199
899671383
231601608
983459763
897306688
3932
5000
479761077
582355719
109479441
827754988
888019453
604430987
156664269
474425282
408876213
47574242
759231652
940795558
12988904
222308361
345290873
500010228
992774886
619060155
903166073
7784928
195579660
682817517
433764877
737797753
667560761
875715023
999308464
654627302
178951204
858396930
897184752
969628738
500017488
457451513
545083010
177463932
990139833
991412231
928273133
126873044
837804168
820512810
713658977
33053
96171420
500000004
119097072
333333937
196733275
937523052
54485982
85634658
442089783
440127119
1922
161323041
521090666
100268443
900701326
642864657
907655820
338
842507226
952400906
958757885
522425408
653690040
18923531
926697125
877621222
404288667
396702049
939557122
614020051
846239380
238988219
993233987
30794073
786933934
866789705
13133825
621212409
6728
771091550
571446774
245341327
764881320
664648319
153979608
730525858
203613546
205076
914072216
911245518
790404678
893468017
304660488
150233899
619849357
352347825
210703101
624880522
500002668
38003965
714941811
760489958
18699969
303637519
795779823
895347759
55613272
26651967
605891852
912408963
42223911
149239792
934584642
49738715
881562407
25362089
586506650
344296727
52904669
908809418
73103329
632895472
953356023
289064098
559760064
50277230
599983374
843450964
165986768
893828887
873171347
771914109
103894502
566364853
250019085
675343981
148230719
204483069
451685356
573283402
628537568
936371484
363870748
319115285
351692076
397505947
904949192
688548695
337683930
583335900
275014925
60051974
584272909
368065863
530776468
29806450
14821652
22472
532495682
267443949
978983324
476855588
894994409
401654499
40334654
661844840
602873292
613621837
543274458
593840878
349437800
850611986
778677252
847741693
225119172
478943729
151341245
368145918
94364815
141335201
751272051
909086959
88348219
443778452
93675667
430923763
570200604
820373766
677919518
762686474
269445316
605228632
327771929
228470194
981228085
967886182
432624827
116879239
260066924
571836513
512013757
44794669
446922516
572962961
278930642
934540703
119715064
651002124
459152144
757362376
373448228
273424521
419282415
9486850
500002116
690004983
556721012
503905545
464601453
709749949
949605812
622744836
694495323
151892290
316601355
702040649
93162338
817190997
109129833
29799581
1352
706931324
391946928
380591369
978234666
9347780
671357359
621537688
578880834
209289732
205664876
979466824
74473825
532619721
44926743
333337666
333347810
558795172
3001344
158243008
39851973
972846169
123098947
944457430
705849375
499165626
567954980
227991107
500000688
6728
25800843
440598567
987421668
903084254
986022748
535332476
123060756
328115622
155453811
837449636
952098373
524504275
813430984
385327547
329736864
10439
237377347
67044524
947892133
217560222
625804264
26982747
488342544
250004967
986065729
334577349
111869612
329658728
197102391
976852075
785959793
221329148
506834606
232425532
732693417
121305956
345709847
519285565
50530476
333339687
25325485
83343573
1998927
865414277
128032631
333335079
889795637
966033488
397931077
776616961
698175705
32111
968828363
490065190
704922559
538763334
11821
825877679
234701926
948611711
717705212
426118041
459538571
249825005
608832991
149953722
934553980
596379965
997807926
606234675
884282933
791703201
564795384
930414711
860729521
795892542
27299533
672032718
964140022
968832152
605638540
332273924
986676687
16625358
103426297
997878764
711638943
4381
800
874366727
502612082
102991893
968
440951871
191575389
995356088
958256474
718561205
990496158
74060018
875193028
558358711
269276117
50606132
897399345
411998348
348064364
179111228
870617122
500000184
673702758
777042855
414263231
399787227
924777674
401139616
22722882
379255645
711957954
782365206
614227644
147731326
940519809
2312
845836832
417441276
746863261
627224392
77721709
784020933
374896457
971061544
611721772
69383713
815839133
420511452
158891807
517115888
158533428
991181017
378892781
301227873
458397989
136326501
70506867
500004144
766686333
722149165
859172145
5772
901968534
995935800
194784642
919203929
265667134
442427954
134042697
513270621
500713496
992793882
655450909
886352052
744112216
688442712
288087881
667324043
197329925
339753534
717888192
474597827
499009238
272472723
207937068
152738630
345121535
985823947
977211171
428611853
997703477
389968857
367824621
211111248
886365150
23960337
545375688
292702874
649352122
617578278
56291509
187189135
943805960
899804556
364164506
841157565
583347150
814764924
837971713
77313256
620303986
329054887
219197026
158569368
591499795
403687641
399070311
522029904
96423654
665327908
949320828
638793529
591970069
383869517
61453994
619067547
27595858
59948820
79682762
334770789
65705302
952888115
749473063
805685455
37524843
323800788
40635667
710199474
616564116
76253983
738119197
534348326
583358138
539036709
250000659
569971851
228024757
265863656
809549015
51569741
122760023
636101247
636200937
766786667
528796211
655592293
789003256
872619719
193458488
634057285
500000016
743690042
415223208
58180146
381218433
76395931
729002760
486124613
201153260
561775992
427155110
186960545
981932503
80353382
811182512
693496043
2312
108211206
854397619
722
446683721
583336638
631297509
181421237
68661135
824106933
665983463
439670347
1576
141704649
381410478
526176034
580148090
580029417
583338644
347723578
420898145
626849324
279487406
847019933
787329563
481742011
949053866
471695114
934535720
905046990
627642256
698690794
32
690887350
174465575
333350685
480875612
664501413
829454172
356879626
504744806
897219053
17841266
713815315
927601155
510447359
501413848
150082596
395135690
250003557
893171843
961284565
918187823
538134975
97690104
9558327
583349030
711682051
8978
519034014
31098667
930692248
114873173
773708208
501373541
214417723
318982672
500000844
433287139
954684739
69105493
832254104
97519070
665459256
168850578
465738472
566558652
131887907
723864992
854646652
66144294
152998029
343472371
63921545
249225955
167376181
318489666
800801274
450435667
743981256
756171209
807472101
913972032
913467835
558091809
966458150
442540170
424624584
99903624
541674518
166683687
692141949
238120447
486771177
368489230
119237979
735159585
831414810
235554477
977736697
794444192
5408
172072070
651865067
895271610
505433711
60854530
363937992
357274713
926290871
349721735
421883813
22868858
579607523
394635088
455688468
661280969
812979640
874978137
432167424
942917588
500007568
645224697
483773245
782236756
813091823
276267432
941214033
28942276
665247739
583339126
455198790
767567600
878863684
110107598
363112966
458846807
406644911
335174521
675861399
31387075
103220038
870685313
717012483
516713925
985281910
232467314
52476303
92216713
116078527
763051315
240026240
813439153
162090527
568078509
77329894
915302615
915175447
6266
805251242
227911290
346175309
298161760
449563906
247212253
139021067
926095637
643614667
333343372
389978431
322264080
180523778
396082451
181607217
196236899
514005182
681625507
107191703
24449529
658569724
52243734
44459387
570078989
767561654
522542140
936806815
446492849
348691604
435245469
704796711
689881452
921191089
436731304
744889544
633420148
583335750
514788567
403572581
765207140
229437004
284937008
320116243
828778422
352779477
363085754
500000028
244642075
493091605
833351907
252928627
151462166
153672484
685271543
583343994
665331125
59707590
960612861
65625940
137061390
830835337
7476188
359816566
633866150
45062920
620297926
781631142
953978034
126026203
371444811
750362927
446261865
646962150
98301155
866664327
463843293
531873740
917101490
303767897
500004516
170563108
106119906
851533218
615243005
286649287
2178
982347053
335430981
504531643
860859463
482206799
419981337
688020102
87579223
861123474
868427606
610049022
495730191
345274772
665764772
358521163
21497830
214792150
345749759
380524157
19675664
934538737
946999436
531515486
279060155
345274762
813320271
505058489
50379151
712643859
330154969
940819506
678488052
184290484
642492804
454135691
18310779
558583130
23109799
333342653
528905080
408820549
748331020
637591114
21733
297497130
140725930
500000928
2592
869976990
133285499
958045491
877005459
811675297
850468671
471855409
699921223
583350714
589791936
760484132
765369276
809530707
941604125
472346083
158948809
147573566
592122259
973896735
818515477
9500
539565171
105517029
243395714
273290425
544647655
677873748
499372096
238138245
43084303
928502361
250000467
277186049
938638533
531400655
583340580
22019907
908744819
256773598
976223668
90816434
517521811
12509
481963584
565055931
628243517
942161062
250013899
203267471
686833902
773669359
787895613
145015143
590544542
88817291
622325941
549552957
664887857
861242742
249831399
36918392
783437448
918828059
886998976
708405134
775344365
244045194
375778640
994800407
524586755
607123632
852738979
542411472
18783090
450
315615352
73405617
43890797
145520762
378461741
777977559
435782120
971860640
6427530
705111159
783796688
292913825
798218863
109700771
865037754
490623755
773838479
580992063
641593510
165548827
720304771
16108774
500000184
284987043
646008320
192068516
512503749
373162194
118482239
601214770
333345291
102459908
439760050
494889491
855835459
880831786
303304120
856025201
629201076
256774279
407294982
721657105
207633368
152729498
178839858
659526149
411941619
844554728
474828694
654843242
947649439
706227488
174842884
115635156
37310779
212878986
348684460
495379027
703818292
911008182
528635281
969754120
113322912
642812928
478418053
240505193
63944165
809580878
122107334
56289954
259436875
385722839
771931231
786370689
152324840
372947731
640413467
681110712
848391196
904772137
146079515
604576107
432889231
282173772
787202261
744067808
859057804
648559732
94437337
500379925
569251144
525044455
155837044
898019538
134804614
518344954
162511510
668293306
500006164
500000148
719287682
414113743
147752347
125916227
722486559
220054206
428345514
830468200
189885916
700966964
254333925
609923043
552434314
89960193
333358221
925985002
938913382
931849590
493124543
380426006
108458726
687511912
545746662
285679172
263977101
405069886
305792623
491026157
839992619
869341368
196507688
583337826
516290889
267884793
763963503
706280942
780232946
682562722
705577332
892358303
976972806
880743526
224193277
32584798
727704085
722582691
918657619
472717899
945315822
919706929
614822881
36432605
110159145
822929217
501780763
921171603
699472997
583337480
649236662
694383336
518196769
242139344
893423663
703208092
624436747
900958845
338480200
464655792
932808549
203309802
534833961
455708467
747216738
850860793
73290563
832015059
289000123
28909792
853723972
567026546
685277763
432640091
528900904
719924094
934301969
624493050
871440669
716691257
582602858
213718213
735422044
11145880
269256035
851792178
725868730
196162664
415449552
206301523
99100484
108359302
533763238
886446868
956614813
480392392
955787564
53270440
576791319
445023981
451949276
309587372
843252972
948836436
526974348
447895304
464543366
470651028
29582140
109960889
136190998
692386206
127064599
488084883
500009664
445447422
660077538
939570782
677205952
807778019
591329500
607158533
194843130
654431530
945313324
901303273
615422450
750974578
389795522
757620598
884130044
84542047
278069224
692502533
951569298
966321272
516778096
809235311
386615025
420963742
372806826
946257855
740584465
699855100
182853706
214928675
247236849
704670817
169333839
940631610
610767898
247824575
15654576
453536351
888806801
550508845
2871154
366565957
534045431
467274174
218150020
594601760
977080578
940398701
568264944
827664738
569417635
184145586
178259261
702153699
727391574
591320158
788424541
904770309
894165248
540813743
289221441
602856834
530012331
974525741
95790287
521218955
933968812
558710536
974321583
558356351
668181053
745886505
862364795
363127668
902670317
300463623
755680507
623447968
509324103
433979882
77413166
663398562
13448820
981128243
790620972
331725932
583352245
615363309
504335608
558737070
804978143
849787810
437008995
9248
208651187
854508375
520677892
127334639
908948277
902152655
747179702
139636386
988121380
279726323
246480494
685696655
500002816
995211909
132209956
545272213
266985688
134011643
707963145
559878511
26999128
572203362
19184683
733106950
564243962
126766947
685021866
744057462
702943282
559533893
238679355
616691319
975834470
280386916
785460533
809288613
871883534
514486090
76959
258150104
810610551
965646426
551600451
111726463
198464861
192630662
167291142
816857615
973838632
298370850
394598361
645929949
462528492
244573235
533467772
28080064
114750182
203817026
115213979
761456589
390566955
745079187
500001988
923640361
119096542
161843026
933163163
633237316
423707062
173505889
592872944
215163631
747303024
119985970
861699466
369218078
639468138
458530105
187266800
857315615
375291828
501993109
952402869
847417681
585876902
270583915
50464194
723892006
241075988
757162047
29600373
905073205
764427709
583352096
58556156
809932562
444024252
445206986
235962992
14761126
250006501
897960518
391519504
691612436
707399072
890303014
525405681
988519525
543107922
900175019
583352338
643535036
346440225
332275439
177265869
322911044
622224200
814810515
590430229
938503237
390955843
324256738
500005104
799389637
121377870
462219459
847241751
397454323
955183396
236620867
479726588
39386017
489167773
435985198
976201298
224605173
549959070
512500385
260165875
345739300
573997794
619134720
801270190
21097221
119058658
2589653
387645917
288848035
500003788
250011405
617900832
298494917
759470190
343416782
615248901
391552542
88641939
2
533792284
782680928
590886554
762199222
906404633
602232244
743248127
667324824
355259726
132365878
238532372
470029401
991724767
968207726
557715504
566648116
676072532
236160342
230270870
104177693
948058532
564293343
250008897
802092380
496678790
992929315
103763849
25013576
415270940
334010330
333334282
683291940
14917132
747315062
712942543
885749693
494906453
787988988
620966092
583352350
106012542
149171281
548721325
837590005
886357360
108635414
846181284
449503207
678211030
811976243
634201780
901605276
71144946
230193261
353781634
883212126
500000316
274943421
247102351
699297744
16253228
631855193
965920993
286342602
495862857
55921009
878650641
972642813
291073999
176327571
965098774
808437577
464157128
366909651
658596383
693465755
184491784
221465187
15837700
708666956
791348327
66849054
285290105
179265275
650756717
878625802
519236757
573501626
131613382
397108326
992526883
345556577
119703442
277774286
711684793
202942996
897952263
179467080
431374964
619814526
1922
338329199
811814677
270688879
182447990
522292984
917380801
818135689
996137725
142038431
572486166
666802548
52790312
837549038
704605625
32
377158816
74374524
562035021
502715188
500891657
329598160
598797612
491902538
795473228
908059708
372411798
986093142
840824270
16060718
598156144
527851847
471217675
574606197
889558339
951592852
652082067
598036893
229486554
583339502
993840255
247680731
496203852
929686529
256926514
933229177
792685985
83638479
24682549
623538997
529413537
409174634
306431256
785851485
311369461
428123608
106599063
976072389
119702746
469501999
354124054
164364253
455887601
262243300
847741320
377598811
125083253
250007591
450363331
620043690
36174066
735254464
29968
365043853
73184223
546821305
177123487
487239051
6317
640264301
16740170
500000088
566600373
507985028
576751715
621542138
72658128
818636940
190535378
303156093
421701641
196215652
358308375
897823694
882347400
787635912
278153443
991635402
745248463
79520649
231158402
583346346
640765328
777899958
419758758
57183530
561166422
827639267
744057329
469204137
233963595
148424265
581032284
945364580
291783572
159546566
660272760
10629
222744645
500009664
556609984
72214562
76305023
854820394
145256179
273087862
856304944
57471686
725258555
367213605
65843446
148343420
896175285
931242689
904786270
898447460
214952416
831187225
192926360
976280740
998260739
205032746
822340222
508137035
690834078
458844562
513505571
88301532
445587281
240544055
791084712
463644479
145939845
804981725
911172605
994408458
812998662
700994005
995521014
21395741
983872749
830631859
775592901
87116420
389004694
559636966
954184790
821255023
148895814
373497274
203647600
341422543
792417606
79403580
53047795
583335520
591751665
495373072
133656677
368713282
583345794
548149694
740196031
266269976
409051159
44893498
770070758
25529800
377551305
286074704
478659306
432952800
446580719
208542681
39988717
213118672
398520549
666022008
973494821
7688
279238647
843275773
955026619
578475558
310135064
632817467
677498732
147027095
906663007
849336688
140629361
413605529
840907347
494392228
408775402
502858323
749819902
385211834
56920656
975608568
937316171
46596648
250005831
733139770
263669955
132297743
724080466
385266164
867011473
770610975
493253671
699502764
641479626
66400910
29194268
971795049
246045972
503733059
6050
38986686
406944204
231374192
975472649
273450455
339714904
290834102
908575033
2145862
21913687
700139391
888692447
974373697
866091130
246458862
721200024
743137966
377560444
511872441
250025773
615481093
187006516
412762551
727457349
311911309
201604073
250007628
953815098
791678669
660957167
994089991
910105153
867078625
767205754
333339362
977249232
300284990
391141755
498276780
505421338
820862668
443211087
927373149
855298925
512200007
458352283
250541082
651952488
220684897
583355470
463150803
371793466
318297359
214812041
657604712
65481933
578145321
16928
537475114
877858490
77428016
957822860
738087699
924678878
921219497
121537211
622338121
108356733
157797955
142016577
39797844
416882640
909985314
169049144
611827581
785749840
102980505
244057078
7938
155825264
429483938
5412290
2312
745648542
609905659
214799268
952438304
629579828
947131274
927229754
408476437
232301512
976877092
248686085
510055821
851828403
643482996
220704458
999437079
456375677
241894925
669750746
776808895
633656024
333341172
13607176
255769022
452400597
270174600
314901581
603209181
155082573
486411766
273939447
338
263846588
3092
733375637
565924698
408810975
73941769
504447971
1250
35500920
360582815
469475519
194373219
548322743
1922
993855896
519591608
967964302
265761455
284530410
484893630
5691769
773647247
54661011
911010404
201878734
410185613
583340858
888591426
250009813
306100723
186238556
896930422
577116966
581910203
442334638
202404290
882
78065865
524476822
119950639
146938788
410752828
253651019
214257998
336018674
328125989
988369968
128724315
787300644
635864269
500003964
585514973
502122478
134003951
226022440
240029236
405194115
71272547
911407600
753598779
676228090
422576853
870046371
134608749
63700296
934581237
770748853
868470945
745803484
162
628170280
924792446
296508147
158912167
455418560
274704131
330357752
24902110
322708877
1458
953581045
550517281
110234615
738119235
679186471
645788159
15158321
500000028
333357703
725172772
646591562
256854982
761430902
134237600
608238667
585822950
196140147
305806448
582739677
355853101
51595657
318782873
701694957
242783418
508641877
409292530
119308152
746248262
1922
564003276
692453356
723858183
946784865
247260838
311395406
712938934
333338710
684934762
646111045
597872473
494240457
800
269576311
809635512
405444412
658203259
500006616
72
779381270
124653503
91835398
858698427
8068
713150479
667196453
22023265
800521503
198620479
738138783
179253941
519579892
441522964
1458
198812084
48761168
1458
421399703
316284283
702777198
881491483
50808612
204625633
500000116
689990754
500643653
696436984
32
257816604
339087873
404619457
500000044
373646511
673598035
308880480
128446206
59389521
511422679
725042373
666318671
959467099
163947639
938660488
989916929
81859663
168656120
879265296
685213839
36927256
442430051
744068628
48038983
463317442
658053723
362809165
849677999
119676893
24012633
23020
493419273
879664349
233747408
479182869
630977024
992741728
9433218
944263444
777121418
625686157
267668579
919449227
728281387
69592220
583358454
568485003
573875342
177651081
1458
190028487
544895796
481772226
455470208
639721135
528644836
290267832
512826723
979700734
764097025
52485522
870663509
335862011
511903320
102188868
250029507
305061398
962139681
134908792
105869988
834407219
711456938
257561057
333424405
107578202
500000368
486934484
735341780
689663213
583871914
325098108
607512340
824475185
660673421
887154810
687215679
108907014
93353478
116968917
986512951
398675055
33817194
919308997
584561331
751478054
442454911
663236239
762244997
352865595
411226621
62635865
68587016
609551644
350736255
790279828
564439820
571363897
576994081
442431547
705980637
254020918
208871951
959940703
722
288118320
44012836
15290532
484838844
804763276
999191054
8703282
152034431
272752845
426406012
660859291
947393149
950525396
356101654
712530451
773870290
624643784
333378417
811277779
33912177
271021031
969454652
427671729
43834242
933718905
309643138
377948221
211980023
449976906
743618939
802140548
819631683
450328430
780987369
760058144
583341026
595908935
346240041
904287039
768319828
635214940
203500378
22693068
161584289
48139232
269558811
541479280
118572369
159080964
600634103
270757232
461717106
535492084
999653808
86238728
267484702
346205718
562567043
352280835
392147401
439456694
416084695
88760595
435978750
500014968
228591298
926678997
79693050
843118816
276876506
952428653
168653518
304113796
133535475
746073314
557318723
629624520
518732451
208846062
316949278
800513817
613788731
878259192
360149639
601201992
506493156
500779207
409631601
841499288
778970637
184197186
217692290
295012225
862825102
396832180
219064065
529268313
924163845
653941730
972187221
752446497
252877987
161512764
935913012
641455004
964316197
645188334
868187740
78776485
198070267
198825955
492772245
371453681
854394685
565076923
380197786
408785228
500005104
989929887
663967885
587329263
790711678
643134233
184171514
980800600
869776447
238157090
399746243
500001864
173759016
601798967
76874588
699867381
223882262
857767678
5965100
633496603
702469384
818733769
501620774
50675479
886970908
101634278
278531514
946272891
652978011
146203920
328949439
179864144
557808633
422213343
387493345
408592280
17744496
2895557
614409085
62789966
991641839
495237794
569245862
883306149
273007478
768412380
767297605
54531486
154811190
265280096
370149220
947494702
147581344
799365100
76465651
546735537
219666609
343472898
876683012
279917371
508598285
370880801
569383888
60943062
829326466
605359197
561435731
265315547
624962813
583340840
970808688
871394852
497880303
431464024
342035337
1300468
383091335
396897460
732687625
635588161
112054762
978813678
87515749
270818017
692110983
4050
153776909
832095601
241789672
850380574
489038881
85946950
421982553
888963454
583335856
333333618
216404451
985036307
128910996
741188247
893239315
337825123
888109220
191180914
54356030
270399725
819553818
957786647
824480820
664324371
757549718
976204746
583366236
382434731
609351567
680273358
149395024
746028835
836323263
894210438
29777913
31779212
822477428
734091076
337763080
69074794
551848173
856068097
150892777
690478199
366877388
7688
105757046
736354643
512
75461157
827207500
143536056
602656302
500000844
595826952
500008324
497117475
171390360
617135404
665188199
589708332
723640255
691665065
682562479
632788746
899979434
29770479
443189124
948142310
787020537
399252355
952393538
357992357
341950140
669118432
338438622
593604321
256318761
62137499
917121469
139280984
654150699
173578618
794539931
603136557
683140578
442716881
770929364
389826230
201219127
416092280
443449838
447993022
971780935
486154416
696451454
578442886
662201103
204302191
85054782
361087110
88774519
410125050
256104684
309550484
649142176
187858562
643469769
738045067
648327584
372739549
678637548
601212873
451992314
831567797
958255164
500016748
431429630
452394353
335722256
186092317
726774938
586803784
110051754
34056061
488160981
744063732
335829977
168271243
532297651
67542235
226441762
13483162
747377100
258708986
200945504
261290000
611195228
2740539
1922
614440023
538039284
238118585
666182394
518408859
238122101
4050
333352827
333338547
220018397
3362
133982859
562922042
241349028
561073196
583312401
184447591
962826126
670774103
468330045
177848103
267868408
324572543
357905952
985278788
422555767
856860155
251435263
278027606
513976104
569403310
23762
72192212
872599750
87485535
550024493
238156919
956798027
223680427
179265630
962004237
331985310
906335183
90738222
902579559
556903446
500009388
896250934
71273032
357823070
520869077
659224327
155453067
77419524
934530650
746266229
895782324
834243928
147486853
325802611
981703432
253711002
52543643
228596624
762970257
161105037
370587964
756417014
649123375
722940606
370170706
766543256
482234730
6498
452621990
826814754
875833798
335695551
584013260
291033186
414980141
609576595
667286781
412270409
952589908
742986669
752113374
903699940
580842749
75535437
931354587
500002524
343887746
646696705
700199352
767035679
306354381
166503093
661092063
4420041
500009116
705770987
570589717
198432298
510533897
216416463
113999715
470110836
424880198
367279008
544711504
30795644
821905447
856426514
266920508
375682574
882172751
934021965
984875980
873050623
401347110
483415567
13751666
338212673
799607569
657561435
627897951
315083274
485417046
429251786
88679737
930684644
699105308
146318380
495853570
478616928
553059508
500002384
178235452
886908054
560825666
812370642
794550840
933668311
212688030
564710524
988703643
772232011
714463014
56056404
630858878
450686014
762743815
896314773
411772933
901878162
303571823
745871659
726213719
641065539
333001247
930833799
57185480
982339724
592653712
587445498
409739937
878608768
473323087
870603045
937214980
530380309
197142815
79866920
639124574
791694058
566099800
476194694
137958233
265558688
378025564
500003448
795080252
313009014
347335195
649897016
233973217
673309017
40060215
155078966
133431939
284855966
1682
175060041
445746715
486132392
113301838
554724653
689234446
352257828
388734455
970811430
428274599
84327277
716788015
508390676
317575960
784804283
990281034
796088236
730007652
347992037
107775332
500000004
710732465
466171972
142935931
10010439
126086825
233876556
710565100
643509742
34593728
653152718
289737429
983445608
1424428
903864590
81460902
250013299
368741459
924926601
954515628
774036330
884433133
628915716
112554668
323322273
107274370
133835112
435698917
377128011
808786396
467503974
48474309
995415238
12935449
10944860
511632991
980948807
679339299
384746010
947381395
943458199
752422158
831724565
575706650
310600697
6472950
444653806
108380476
62658869
15488
545371505
314905465
52715861
500020608
997639540
902885248
803068024
567566849
89977794
882639962
40460987
711548803
2418244
478163595
930335083
218012972
963280420
77404547
984356827
482485662
473259856
333344173
276577462
497203240
290866058
608420058
572051610
115444664
94740479
461273194
708536498
386383757
683149213
420678312
433317807
280570403
404071546
333344642
583335800
122661263
333372424
307772164
84142299
473806161
396492274
822163062
770714593
427920377
281222941
98259729
395130152
747233810
873910636
103116246
944660700
461689458
457771707
769857721
419421847
500000064
435628720
789908423
409401642
932068606
862283225
698126811
617806586
957398299
378281514
954679545
733674242
839138508
845403644
178891765
249279046
915762509
985905207
522111495
605088055
583341164
414132448
333349015
10368
389650361
564285358
77401191
774693168
445136213
599920567
440030872
209854323
232430
714503191
442217207
333350202
462755288
872539160
135510384
10177
690246968
766714812
431592186
362962889
274235793
354278530
223898966
170435038
311845416
246938443
166306589
242867495
765612939
293068369
800051616
86317058
17231555
247172105
597482146
919473890
616675065
449550633
737692934
537904661
977854686
11999025
713138398
722
166675823
245941395
30712723
743058046
961566620
620938549
156558265
209589446
744061002
737171286
624786024
7061990
469481710
645493865
34891008
557913401
208591395
791685056
959610933
949702685
54952
10004
437836937
250634866
692011260
42994226
431456611
616887308
5525
880720238
466137086
15138
666682854
852574118
330752409
864273990
365885942
458095842
401671796
97543244
119059772
477473974
583364762
216412657
925133622
921294529
177586287
651184802
619065193
342290164
328790059
17929002
306475496
937656472
135372282
567621325
333341613
689561644
701436384
794607937
685830226
934542901
780858095
734562191
333036392
422047087
344285786
901725618
41576882
599540011
358597704
646254273
117568800
977536134
165449800
802863315
142118366
356291269
770179568
500000688
874131422
333385566
458346525
876491970
431873214
191116464
199723594
245855492
500004708
178448570
387706183
256573805
206706409
537168784
29794820
825513289
48228574
504644746
975664080
293899884
888827617
547973310
965340467
644049808
285744707
309353779
804175191
719017631
450880304
810263804
849907556
701536170
69848406
285985121
221722477
271777692
503992097
389299790
601502812
680020921
376189656
714951972
57191106
566327362
469168554
874155404
369292244
13067701
476625650
410156796
906246284
909360055
308567268
583340964
429379845
780051189
304296322
780852222
650071472
585262772
752177456
49741902
828742801
383917962
657344541
417998900
597802004
660015724
197009587
552782782
560765660
79435025
684915820
110411439
248710527
459465962
55765705
427612623
939252449
354021644
761196225
500001744
976231846
479041539
604197572
168638144
363106387
265072484
426370562
996295083
583834843
81679994
742478121
583373162
990519139
534676318
960081875
411082402
856449776
945424731
176337541
458389137
712045318
127251475
972476599
578075114
800105645
676223274
347569465
610407373
661179315
762607403
835681818
27671883
103860706
231924216
463026387
924435921
394312582
555513005
851323347
632101615
473104948
569117901
203329615
559974477
223979670
851343226
791694807
691123465
595856803
382468989
97137958
330640640
785133576
257359598
809530751
333363658
632286998
757107326
333338371
119091260
228139765
621792059
425357662
610544212
821717486
363419665
333347752
32634736
438118070
722454301
385719475
59467645
450262511
774205620
376829097
499805357
773306251
161339087
290843596
386350316
786230635
420960340
509518359
500000224
500009116
259290016
40104938
565227956
134590279
223246808
458340477
279047467
552240489
525383605
338
12025252
345874622
730711135
680956417
367331026
20881414
726606266
657700099
190821207
100756293
376186228
176589300
794728897
666577675
804876174
295274412
818416309
8992324
762190396
200496801
931824866
621462693
91904661
672372166
929949157
862032063
489768360
185926233
583348404
32964290
823626012
855594073
583335370
988719385
969747068
951331577
996823173
378079313
656752084
473015802
922281877
500000116
601209934
398327349
522202058
669043153
892943515
122698019
619683964
275031232
240409742
916559455
83488921
276822547
824316235
484227937
169738213
879325718
306903866
333341768
20171587
724161553
916482173
276097296
78497277
258979267
373256681
182489655
942985490
250005031
689756282
886913915
452418753
631018487
172068717
529573966
31650271
174883045
95249274
934584226
164073110
280407937
49862505
561809619
285779153
951380986
500000764
567112591
4608
333342387
102182188
42537164
558290123
852943180
793068162
433477169
473622832
272583590
66967104
113797715
613272176
813263026
456625210
746423973
949486710
931411073
142641594
738143199
474854800
172711868
621308837
252576676
5492
619074551
185611417
218790285
479157322
46436861
364143159
582544296
224502662
547926978
578179770
963771382
1250
627947135
29639075
95296553
113574207
817697083
999183559
940091548
855026840
758900822
653058077
567493164
700720840
973272905
728601441
951727727
234675398
23333
68934703
627239283
110718156
104724945
887579515
1146771
494840453
191169851
748998089
262608669
710853662
728268312
16651665
705399816
500012964
467805913
764301401
139568422
559587000
415892823
564450044
196319684
671763690
719007423
824103738
286405550
636476372
30074800
208551090
739223127
439231142
418755964
333341201
876979482
533491255
411470687
359624582
530912611
884542253
288178706
510345782
363959770
336839129
281573943
338
477457235
371978838
596981166
583342790
266372958
866911398
904777759
933027923
961575758
122552422
980700684
118956375
262255613
218413956
592746504
20449801
484559168
979469373
890858501
398624932
180297072
815034497
838056790
148762995
387791715
975407949
466894127
229078741
609568389
156019345
718945473
23530149
327443049
580294480
844330786
411114507
217261311
159035195
202892986
500004904
161763599
723803462
583335154
752364205
487870391
685232962
597940770
319392376
507689208
837585283
65816162
262945861
166391682
632839485
367047058
822329143
818806199
12134827
682622719
500003616
895506378
28891176
601219208
615505316
754330587
950143286
787629290
29276816
410626441
819437679
768450862
418179209
928444497
676306001
591213911
385201434
173347503
970997239
285784182
13778
483424558
285853912
886367853
363847607
575786013
948473050
809570593
250029303
333342501
470457537
288522910
489069530
484292653
355462983
269490753
77970056
583338338
976223756
323788879
852929734
579737735
755951563
421929442
428571344
166682341
158929744
997951082
677424268
53313862
700474346
330611201
918089528
602490990
58116616
985558253
917128194
284138086
874810392
718812137
416424539
654697382
345596228
446289679
139842580
476211780
329966806
378392867
452935468
469101205
166602462
802083919
931851464
171670416
439501767
814689954
363055571
736629244
781930807
873614975
140632848
312333728
500000316
694416423
302882098
540748776
918132969
296025449
991104509
197956798
293544437
433319591
153331955
511002366
594406272
816607907
219666283
117787746
79498470
546653705
914237242
51293294
654846459
77389099
952401448
56328699
742018204
181486413
931467646
329474053
790506749
194328624
642897151
205825094
161810666
958206830
304802073
194708114
988651001
115504475
530879793
957791535
500000764
980070247
987745129
812907225
383830945
376985580
363418695
902395886
599204940
773386768
482350493
928520376
747602176
583344802
70296908
524764752
777312963
683348447
176097687
822953157
37663040
489598080
412914550
500001864
461246898
722548757
880002736
10100
111932804
64857200
976217558
511970917
305887715
88822992
959705927
671083232
738726448
250673562
209540035
354751207
642398918
269493051
696434031
124188835
500636374
603126683
789034092
366981612
672617565
348279288
11858
232489566
385176662
964503434
480881723
583356336
524811196
240082987
372057286
327479492
354861491
714301390
521837301
986632767
972842131
976921662
365536910
976197502
361253426
650070417
506592380
669566270
520510431
404778936
333338775
19931491
300926811
837167036
454648289
369842429
707353401
583656924
279336520
192356200
873672588
797113988
990546079
622832125
849882257
295825681
598666642
546280422
238141257
675527481
981670229
307374263
819278712
258125304
129013273
401201590
250464668
70403924
457365832
893608906
833472157
250022485
553891689
842183111
64594176
609038194
44489646
762920
36849609
386801664
719361949
364420324
443002314
908131861
24428113
706231517
583345340
82568770
81805859
767279638
613453416
123463484
470630381
600527747
508182783
214713865
405439802
464756416
744076202
552251148
465536638
466018818
929261793
3420739
938393112
848758428
675883995
356169643
173983840
444050372
558143675
811062386
601735980
924794948
951599055
77725554
476199608
983120582
961050793
852425617
851156367
512
512789240
517242287
173827099
497952918
855067363
452401029
169189380
930176598
524830386
283827424
219683526
889573204
257427183
594918181
383253440
113104597
852020284
2755672
211076215
873825924
632247188
396528969
62525771
807905173
433956380
500001744
532332400
161203133
265439995
41662719
300394211
242486115
512820557
115310960
182172869
597614300
224715951
551246023
890946189
802824394
429157727
463517559
614319075
333383269
250010107
655488473
492182303
428947241
667016856
594994381
655601705
19654100
971657525
729403673
275453168
350486258
969944308
506741814
379513046
667193622
999529518
64211371
500002816
861178054
811447456
921443551
500000008
714818401
537164239
694143935
113318148
551287512
815284687
400109246
442322636
981585319
280813971
612886668
361148431
995686479
818303456
669260966
281434678
527577718
543636467
378394791
391342264
646956947
50
283037890
664586632
443039264
764366826
72938124
549224079
789502037
916996018
740848291
105448914
583347580
882616780
33833806
131233963
854501948
662545330
978376675
95192572
404778274
843854774
159298381
172380613
809202470
536019646
994243153
579432498
877137146
29796016
909688395
450
658928099
156481730
815578618
580996319
348112070
934533520
268962710
674173901
247817154
333355517
116005880
989727675
513838754
57611190
312406159
11872
35912
117149493
532542868
16916076
502790100
699810374
425591424
898212477
405888602
251622101
137654598
983064352
15633579
76841938
659442187
661286807
530916184
422353294
534798314
594020335
57233992
207053221
957834813
754238729
286937639
148732891
247438077
102268240
835308371
193040679
403627163
584583103
934536737
820195897
257108915
125110810
244727934
778809951
647945005
717604138
784383364
417267589
136915484
639736002
314253398
152424790
786986736
982409242
493036237
390100669
183441863
571517380
2416700
234942043
832594152
321629902
129354977
417440956
497343055
94111134
500006164
288910786
601812207
375511875
677486368
374655715
76845713
42760606
710557099
498966337
441676611
885577542
641411730
721021986
474650052
733539115
652626666
245990160
73953727
534296497
200569550
586550700
500000004
590428991
39447498
544609851
676358145
895452307
362067935
45621172
719480390
297002245
592594912
289117713
106558978
956376296
146657533
377974841
638390063
309995997
553397540
285513574
848255383
235554051
791681058
798454656
48350188
184961565
226158797
901181235
736984105
213470755
54878951
621720146
32215972
932472650
940014946
500001744
12966570
471569251
168450703
35464258
527338806
872388329
361345168
632748442
818384983
76931098
78026987
637641389
46722654
517224151
836885579
409588937
238664153
559821693
211035962
390789582
321683993
647868725
910026672
247120575
741661258
857710660
725886272
2674202
784310115
587539852
727629861
593070558
242953131
141090161
319012934
267313771
267031637
912277249
821398236
286385537
484434287
601170602
603488386
201729987
620216736
951344081
72279073
409318593
777120341
913204267
155465084
470293098
47125548
725576936
636414594
943362354
310154311
584851252
52210794
568691651
977274771
211852560
346515296
67828164
729540684
684946444
485064035
508346195
424302050
443992400
556295017
406488560
664182280
665176822
7710816
999266495
467051101
137769349
455527229
979819594
110391176
549703170
123711948
45767916
952394094
357273381
195306727
858448249
440059582
584538326
30025684
554947233
180700872
275411258
199456707
29254649
190901921
596850985
410067096
200
623295424
321303758
676326977
689359890
695790921
354433110
729029755
10809196
301919950
309554392
917912903
952402294
767360893
427483619
890092629
893618399
903290304
941258593
686136619
636852860
243422411
811157113
5121
884440108
1058
795206594
500000116
473928674
465844104
532538643
3872
205481443
992791841
229979494
882340444
876597533
816901250
452470553
592677204
3362
965659781
534975376
887498368
588389907
817481749
583347996
705911712
565440599
655098381
892846213
851727533
601229349
52739115
290528293
694164046
404780966
21632
499051839
315287798
637895600
72228449
232682510
110373505
752239963
851206457
833561656
585011674
583344880
450334173
901523566
826278264
964999665
355668759
832502577
950549852
751911211
951984422
790764844
856589134
101991897
165255631
286891887
455997050
853318451
147656642
500000224
600270834
611753238
301548369
569236919
20444864
666079096
395388392
435268547
810448524
928582087
583340334
577018371
501473971
178154070
911511457
897538768
273337941
792062263
485305178
795129122
762628818
72
497485756
441123402
250017079
690685226
890966477
791679364
39642693
313984419
33633702
77400078
554706513
555214681
124714878
939201992
549726139
907674494
500000148
333342209
215619038
913608550
668963906
921965498
333354227
904768291
700064705
649865020
333261517
681034116
118716404
16777131
442874919
299633357
119842652
57360605
770050404
385943729
362150942
944292685
136270743
554666648
383100014
481572587
973727534
704562841
352332800
135064553
458852099
488872571
419708095
844888688
69706833
850249549
554550776
465996018
776350268
500002524
685276415
992464250
976818473
652576841
743647470
121137675
625522072
306514908
490822428
934553587
963841089
4718
376402355
595930264
362216374
969682274
439037814
386622879
136591311
525299996
377784762
176726910
674084650
775254658
882496166
256997061
756625804
682322663
867440087
571477598
886608995
638186646
220680586
905142192
436204301
388501484
934580313
109589776
866187662
260113471
718280997
744154979
333353257
966904712
46072020
555227023
332464595
494468134
234988172
674445605
554319748
771028782
286418568
810641859
294702108
617369508
274477491
333345634
751480077
364355981
933950269
104870668
617435090
198496637
303692733
870113855
250001683
178340194
611633056
500003788
888301326
335114679
379036239
593116196
937778918
771852114
526188455
578929785
583335812
436815729
338077113
75774457
476024901
66218695
203215494
897687749
186217651
824628983
278154598
674926973
157103558
427635027
50304621
404779914
723421892
119069048
41309387
944983339
467719964
652782829
250019815
977375964
601243045
928064453
764
555552068
665326324
364908676
716119064
81719015
864364232
850304281
808456759
915256573
3853860
61184604
885050103
475037575
934534040
541360740
124723319
174300893
616091617
42147222
98
535302263
470802094
972840541
259582875
458990169
399701154
623308285
330822358
858214530
103624286
446022574
80666185
293712578
758806123
584880400
333352493
94689330
444618626
649213770
892618806
844622183
181843156
224337536
746594365
705394086
15138
297731371
734685778
484237162
258696796
867634734
815833602
776920685
975299891
861826128
318319141
454787366
351518047
71459913
907231245
227963813
511997401
203782208
509849402
676448069
314126354
541332289
896066717
250002835
204775278
657976717
285174302
390597884
363107876
868872422
601206915
831687556
583344966
76805658
1781
657610206
115693403
417813440
671060603
642145837
608202378
767831095
918716077
354883857
6728
954419885
278244725
583335904
192399685
849988320
531174873
210654972
500002116
763629656
96858890
199791534
566429577
167347482
956289876
388508981
141853912
43494585
269250831
798751962
324943749
719551196
69102429
244711380
363724162
757017755
540783865
900032298
809571159
979143517
333340005
333355479
55505670
444173108
226552982
399321674
966575575
844909236
583340290
291207270
77413063
5372037
657739760
448498436
997735929
266618636
116800684
451426194
553951601
583336394
359301220
730941098
364806268
952393940
879584847
774196815
804493064
640078318
897867123
839261471
454478830
661622974
442831000
614511607
64669189
790219740
11858
177537462
445172563
901647631
91141260
758349614
215607470
688531432
460983061
337521770
249739479
287164624
54615286
738182439
378117154
690254795
402658152
291125467
985475983
664775970
500000004
610951602
319517100
500002524
337861672
425974471
186492159
436095741
533965899
662362360
348991270
138898690
562434823
441212727
981526719
10368
117762460
92301032
800764027
56830121
620221964
993980356
64003736
547962244
759740664
345529166
994887970
589567541
952397372
808107319
931328533
154813920
170434645
299583353
470234427
531622082
252383155
119713391
966450563
57353171
597395487
952431790
213333647
478518568
96999526
795892317
2592
740968358
414757705
513012722
265108263
878589946
143260311
484835279
210673436
274339416
252284923
565895772
409912810
682853159
11252699
16397570
519773776
172177062
138488767
131621142
485200109
651459207
176081532
662276921
888808566
372521606
619075373
934541122
95306886
686144230
791772603
333334785
558992051
354959051
866431324
587370234
897826222
74491190
290517384
337720315
480647830
99798334
497482888
383354967
419349330
114998478
634162869
852172686
585168943
24187324
229968689
135642783
872071520
479192217
116797533
69679901
138428728
24410117
667353587
50757550
652350208
842420599
103426664
862031294
295382755
110061852
224136564
709677005
638667089
276963736
500001204
221480617
430528404
960243046
636940453
364416127
57285655
282106876
338640282
878541787
357984919
297214525
79264241
376600651
379627254
101418587
968
2178
655349407
41848811
700891603
129569554
261100691
30157406
924725819
459870815
687972554
250444004
411567805
484311674
380920800
741470134
488698012
401628916
783755146
850526493
216887266
217914268
444744035
209627586
836611572
362062986
616201206
64844684
349419935
879954844
600686289
567342009
333947559
332943070
154770830
962783782
800834068
89998170
353296751
319766004
288708941
16615827
782738844
713165462
213546042
90887203
707028184
582743393
573525468
342840124
500000268
259545111
561684199
733455763
671301595
500000368
404594223
567161189
284746594
789980827
789268130
705335279
346861841
185776854
279262874
932998222
859095925
219005176
976307662
694849091
529482220
313290816
661085497
330972645
946418749
437746682
881460457
407816756
3528
162128935
396649865
70689158
709378997
17755899
505219053
221277471
149624722
971328237
248712330
952649048
897671737
215770278
809526389
373180293
805286634
370443080
457716675
773163281
449186697
308293178
616475273
612893317
267880974
476528686
450667089
607487105
614776589
333337639
500008068
602291535
827912982
209057883
768858344
238111315
124879957
998175139
414473651
413108743
858986820
552000660
333368610
475006796
532276542
560113656
201215339
953109772
381955862
403000273
8563918
122565276
81283154
881134394
104881211
688944677
101142271
665696029
36114887
476199582
372249398
333348378
484457805
141404520
852353259
381007773
950039203
665512866
849707912
738881090
55952247
514404227
224371891
562179976
205302601
543918192
963709544
810830332
528633949
153446759
264712041
304872421
699622843
693396125
151163205
317073007
63721764
198442131
730172087
489975132
756749023
762519409
767309775
333349113
597449828
867642693
772661680
805858110
523707585
65077536
738129337
500000928
5045932
904857731
958166864
333374462
737655888
907565852
822029550
567175430
962759187
336270647
328917931
628499271
467805049
738117707
791203532
29789791
44955691
706349179
983490756
236171355
394161285
285738784
113444833
87533976
529180606
842929112
630499593
961927451
180759634
458558909
233624493
625289218
187787641
105466608
898420486
781221369
18818
380463387
388444757
12168
333339506
633668172
975016219
681221591
60895860
387643730
508174635
126815957
709332564
163239885
816610570
344473775
333338626
262976746
742561178
720282346
145957613
882850599
123134622
906649429
345872152
41110944
470796937
638473300
640531140
342438600
755605185
690469229
591726673
439466283
500033028
803766322
272720710
628394686
500001864
481162252
794574016
64118303
974238379
476698271
791681210
333357462
147695508
730671462
113296349
693406097
252306688
338440557
784031697
310841080
481859196
400811038
332007788
367869010
907212687
428697801
619094025
906897215
72863761
278705505
153855897
467760604
503886566
942883351
321570492
291457102
815381781
924080586
901443508
425000914
299191113
609988536
151232719
404816558
168254738
349316587
432993372
25834174
621307875
19256152
491019491
172306202
455081321
542482418
777999089
431444818
904783977
656791890
748412606
529246358
333383814
619724174
492011586
529337855
937706111
62860509
619830214
86186684
100515192
208453235
688151490
683352494
6784
288171606
978434655
458412387
211965958
512946001
795964004
301928376
14969636
507459952
583460248
289231661
378519945
514184578
65031237
6670082
394554504
685861547
206265925
655697399
991785185
704658798
236354947
79292697
447214706
685474467
930976312
592705951
742179884
286341219
468637939
554524217
333334486
805494943
990472048
324529298
113914710
163412531
23755498
940596615
386493783
665683048
8978
793711429
831510771
239205926
976248042
669909294
274051155
35971
482481764
975129666
713786761
368400757
773593960
731638177
545093638
57222305
999460266
503134156
822179614
801854656
445642428
598833142
229035994
602833179
404357373
985210768
744059408
125017846
365627362
286350765
952876559
112850027
571891246
604666369
102223094
726255374
536444216
261750764
678881845
372091250
571458070
866787133
486429738
605421216
963697401
404523587
592251841
617547768
443925741
677294351
794866868
40330573
273029248
476688726
757396614
460179765
96430215
139145107
474647157
580579747
441671529
788277224
421261358
119075238
604886720
458389867
783270761
3449
738180338
461862848
587897576
284762915
47653577
760360341
813018676
201180885
698120891
16680139
862939443
757070651
606308286
773655129
476592243
399095206
198406429
809554466
367078901
241157491
178283716
381328574
88992053
551365500
250002865
24356111
145669178
915555866
876531999
888945838
583336854
743455412
410784891
332932416
48357368
586380057
333342062
594101309
378286686
333360525
522264799
746548335
680017553
648249803
471686923
423199631
5077305
445822353
143554689
297642209
985873212
453654419
610924307
60958638
476218414
61346465
774417860
743419499
987541638
273326637
740081603
487483249
843854324
889140368
209338683
873241676
688561300
167739691
537876368
232158429
919928598
290675848
372635755
332401948
695206581
601596660
485756107
323567783
404772514
250007107
583117960
913222941
714104756
243310317
768228033
340613316
859004094
319641717
369750454
64784587
77414136
569551721
673717175
123796872
388847964
254269560
993020572
82552196
900833353
192906508
83742338
678819766
17155469
190343934
854117582
487982870
186581498
147871839
783978094
957951773
909751055
423287419
296374299
195659379
520407686
404085277
325557489
877024854
564173472
229776717
766272884
333344205
473993348
861283325
207091481
16061200
78319812
241401680
441995373
273047327
363133747
141977920
683790016
555046143
535713116
303998544
895031712
741799384
500000116
511964195
329747857
725123269
320272379
795501301
631298328
260238576
37739640
381985022
403073352
248960984
403786210
916042019
265387076
40191061
500001016
73894630
316459910
327219372
316775567
842655282
522798576
574878170
609906771
81644712
521610324
810057362
921930545
380993079
509044519
546650084
730003618
748359792
168750170
238128559
40643532
743938760
975683479
916780836
553713988
516401441
260090847
431523817
768535360
676450413
458355082
824549374
424326571
566437349
562846173
465707561
527359272
508847229
988526994
871487435
422249630
105343852
370033249
562064906
462309788
538237286
500002668
129784633
865254258
71843586
254374153
189770047
29821394
365170521
755078750
595135402
713415004
507947228
250004533
973843844
646748622
315999251
235344256
583371304
648251859
550345888
793967367
872697061
478728215
731625143
528426895
1458
622879320
41330599
913197544
581065121
624260073
490166973
827262954
824088116
810619984
333341322
857234687
942910535
85826342
325867531
471544789
619782382
643617382
322595193
106757325
497289206
133483745
573833144
670788340
691856978
6728
27733658
232750892
293726606
930388827
333336217
397098040
708859544
630724756
811986219
333389394
45602
107215295
308400189
104839453
951222416
159358505
616455762
63923556
952789330
900587346
580992575
446852029
959618973
205097837
435372480
704791873
312552594
791168927
546857152
449944092
500158656
917155516
5381
545285938
876764608
699708181
993911456
433192152
500005728
934808690
370533620
97809540
399486686
517923984
111643914
217178425
471628764
981210152
254332851
723157601
874646931
420489623
879062148
630151492
385774169
495463469
934537651
821531803
862035732
715302436
495010632
183575142
567238090
408393708
555164664
490679518
672653286
795900485
558913701
54999029
569339171
583335018
21457882
335769425
765293794
170633399
758036998
51887956
333416737
702674669
267418559
873223150
710356008
583343192
564242225
758963946
578749326
681556136
469799850
628868525
776468924
452037697
296954767
59654947
941404672
906805433
913368417
695248248
125293207
123224344
499218529
333372980
342879520
342020015
631891773
5202
731972621
43409354
422632484
548792041
465624015
77419247
271330702
545292539
718765060
350454804
220371755
717383653
458100709
250003995
602793271
500000224
100954404
862750814
809543295
295035986
500015668
666977504
450090826
202571966
784734889
824705002
333339914
553702483
496526401
500001744
791673293
937278263
576615186
874004814
836863234
72477024
722910337
863252740
898171910
771860159
667786052
238154051
244202302
905206966
834398893
142901225
226221641
270259117
39018539
458948063
688960211
836697751
505569094
935851824
265989104
500000688
25858095
342996472
477901446
101540822
259560501
564343179
974965426
124627361
781210910
342955481
984739276
280149969
933128641
340984062
73192255
158630111
507299478
477564177
527333311
12297074
655735998
425045793
225998771
583374776
942291293
989510951
373979271
968
585264818
582057811
879611041
944299743
787268811
773560054
566483617
153442711
72425090
210965671
233757284
985994569
117356962
773861322
79252453
462779474
465694629
354810931
583337020
270560995
91410639
521778748
144131197
242
554796168
884447136
250061405
333347730
785399091
190211231
666684788
290029648
956103199
232824353
396546289
588971820
564688461
333338144
55943355
141711206
404802786
501424619
170032568
276718366
171048817
15481920
311808093
625810392
72857500
120181467
527341857
817483433
54793112
194546488
844402719
371027720
244745528
875839313
256586997
751260127
267876044
372951236
647480347
888362988
137835783
836316437
759465874
410735863
424094676
339195414
498409578
101473189
136041749
195890207
7442
933548309
755227855
679655266
900243542
710002899
333348234
170414202
9800
505696581
269136723
969186264
881319103
201111632
459598615
732139243
620090094
709644464
58657116
270510146
678876800
350297318
471548252
546096826
250009879
818200352
601210176
866723429
855087763
481807568
83998837
514292348
512
316907255
632381663
932331770
43372196
45406157
628383681
957054784
381475202
740408779
666900416
906774742
403822664
436989996
665817572
708711018
59863561
250025323
477457044
597650089
520601943
391447769
719185877
251283198
692181423
122891160
186478613
234313861
352846425
943615454
942932310
961927512
872515816
10082
884346522
270530969
274166732
10025554
914338414
233563197
923541442
377070494
744059956
415070092
209507097
828023645
175847450
274776781
194437655
686605126
535781635
291687891
895288411
248619060
983393671
8712
240477750
52845971
650386766
706013587
744068145
881389443
876365793
449480302
107323194
553040250
431153976
92117180
575967164
689926313
381956990
866045457
522298777
4762
604635239
336772619
831361909
386400938
142311725
281211689
107662464
713051069
667429884
979247084
583342460
434518289
653575475
219282467
662348273
109765379
609619830
458843350
291215685
755524235
134394612
367707370
985133942
743571534
600279645
953762970
868815932
539269392
77421920
666571356
287565307
877218707
894821340
156820848
712881348
910359055
274467229
238115659
945381548
960577205
670622233
423041595
983495562
45137387
609298393
6605
310966565
88415070
886150712
643160970
272901808
791675523
101752303
217330652
495104508
360170204
394970716
77101427
591612123
500000028
572408859
288140872
664050202
179207589
65634379
309636768
25132419
524680364
926109453
867515077
416046740
167955243
49282306
766089038
97201731
384716237
212569601
333341945
661624644
145889333
62037453
267960615
155978654
352674193
158747872
440620659
889643351
31185547
924066471
620915333
313494539
760981099
583347830
185964409
628627401
957466531
573511971
692033407
744055077
750350419
376187425
216052331
379856402
985243436
238104753
566206238
616121915
41165452
126249106
931656686
571438266
303286744
915815168
972116195
744054518
374558560
946013414
441149750
383778614
49544732
610466748
881449585
705984864
250009627
609435016
133979332
216335572
809086861
415505555
744108736
132933349
253579257
34310545
503430694
936266668
933686307
264315061
289204946
98021484
669175292
518014818
905948196
651495838
791686797
23100887
391068798
661566661
858300649
677653341
119666549
942616978
430770164
119075002
59313006
193608698
784644385
549609269
974780609
616051427
11162
77404086
969569704
393762398
888771950
187191023
13244
892739125
26498700
744074447
793040549
552116243
110561901
395165112
66095384
74978474
796280130
181638218
248376705
954672266
817947081
953904299
187153073
690692752
555798615
881530273
769858958
207788257
800328900
404778274
182406366
462922553
414511442
861725052
733873161
271743334
586900360
384646840
59658980
700892431
601196251
957614902
592943910
557953540
338328517
619233227
481841476
161821412
117622591
146020852
629843334
87667710
890749350
862233486
131214506
57061657
131721948
363756131
333351657
57935865
806010821
874092992
606791870
436568869
732337956
840599592
644740127
976782741
934546436
887509273
929343346
77403826
22164882
869202228
749856787
532828884
275213976
581960742
277300915
472633592
368522824
690056396
250006379
586851032
838904518
187182423
187822204
359282697
452433151
153330398
738107035
504796076
33691247
382232746
98
30745872
475332900
57816225
843019066
747138991
164492759
370643250
238117417
194860263
698334801
544892546
63616711
895656586
860630538
769290727
367006682
500001628
701024511
433167713
284910137
184339108
86843764
947596528
963795647
864397327
925839213
525908318
839003259
110805689
449274342
205272508
239426466
240625121
117041829
242
612950274
331881835
424520507
698223757
521397490
956977177
343291798
304585940
451244199
500000116
277605798
719254293
517317364
702766124
63968419
258962760
410298276
924278898
920807060
142952958
672874978
571466020
387086269
333351177
738132085
631265191
10007101
72687937
261885134
388609795
64196406
893731977
142893253
788933391
473881875
3701
404776044
344088836
328755787
784407021
423493227
88716007
15850871
447793643
271182292
802969000
760924391
363105152
183965096
915081709
692327900
934541657
977687079
714148548
502043308
977011383
81655309
77750024
587234797
933945895
152117872
696653956
137259870
406938832
849485139
878343595
356758576
576438874
120720239
656622832
477517277
513235736
990175859
259700919
393609985
67717462
624776798
848363339
905068538
68068970
126539308
235841201
400452870
556611559
495969997
476261750
842596778
394232941
385737541
33800
500005944
386044121
189303820
479887822
903922569
536348894
873814299
583346814
134461478
5317520
610534664
389440029
779260966
308055739
983069232
196648550
210718090
500055448
44315444
773854471
370866466
867141099
524100349
914764277
342501817
764090759
500005104
786315635
444473638
180999294
992206832
782383192
275934576
782034891
697611803
960253216
646566286
231103898
680428752
848304599
759327395
400174474
278059367
761807775
794282984
495826822
410157075
42297202
304500929
337949955
583100260
839692594
261618222
263782984
347902158
397631751
781434627
202455789
197647811
783905348
934552025
338852063
182480525
50813621
496004437
973367393
785525992
494968712
756380345
936826455
426246338
131871892
973209368
61500542
453976178
533433121
524746569
378807020
22177084
575209400
204729719
377725449
778695506
557061209
752069790
670453873
459081062
994276215
918721652
583338124
555191580
812743831
262888847
500001628
22523446
799206320
510659459
92358852
854953434
500000028
786834301
185000926
134085345
583369228
803731416
612504335
994786600
72077249
630827149
335159060
500006848
656636517
630751279
390417315
363111397
616110496
509227453
765503054
622036221
631121562
396217266
642129023
883264819
64048663
169694560
953769027
649945121
145364101
364908397
346421790
2312
817059025
851645961
668226984
114872800
990573421
94514846
404790996
331885775
306618939
267634704
641002058
664778680
395792490
91842384
588740913
615309875
322024098
974125247
678430868
894163880
42554973
431143069
466753467
500000224
15658871
603092338
21576474
255259809
579988158
270478570
833348037
242
1458
531726892
940351306
250592234
419123547
38705047
733546461
248628796
481956866
193928049
213051573
695479284
458735702
634877644
726937284
588473950
345113828
214916585
96449968
994225620
123393081
750754137
522516134
583360808
458037947
601520600
248201993
122473283
419496692
268719268
538583540
305463084
941771580
169817437
622131852
207605965
851582474
534930625
570834488
806470655
460766907
716671984
397477162
199643676
874767117
869197796
505132119
481582701
137851264
335910915
955665854
78423252
328352166
71460661
348036306
242602499
252139065
690783906
728239040
584822317
212241471
610288735
634910157
878097186
502205077
273929262
620503327
424239112
71305754
521701734
892715591
34536255
376769933
292229699
458551491
318687700
932187274
816649611
809567668
791939468
719614377
259023856
821489416
777653180
980212852
242174817
897196435
190036534
158371839
157703782
467287267
844495589
703923970
760648662
588215748
195819740
615257277
86618140
82039061
323554721
475843262
136750554
662344149
946650387
267324435
402735952
100460018
110224042
424826448
662857028
6348123
719315100
414109249
791630687
658656880
466682336
888164782
943191804
207321019
126654200
250031003
583367510
748667457
392900399
695335056
905394727
223968908
639715977
470609687
450498896
582320655
119097157
383860678
105137057
908482502
780090813
641376613
885078071
771457526
871216090
848570051
158534089
243125271
51229541
993414942
72646381
803159993
3194
927203229
686728678
500002524
124163710
667368537
86525210
821235614
333342034
579110056
524971254
378183364
272788966
307787118
430400374
323106521
643525214
70847852
878657550
180569906
49902329
115561210
526159765
464658701
306582626
924661672
810170749
683936087
579584436
733083972
458360331
357413606
778127503
295632603
685097113
766714132
772277862
360979077
696447980
400808644
45877910
569922225
347748828
2450
499232582
473337833
921775283
571462890
467186258
981579573
782610724
124847277
127142538
984287232
621200603
544553991
976210528
248351869
926973992
180578101
789274485
107065420
742315769
500038368
540248759
128715769
140052097
789360675
406461375
575540097
996415090
959744359
263529434
709396559
388704873
952452386
497697520
901331673
901278840
916183273
202422043
313022793
782907202
262018800
116160634
732152239
299451877
750565773
669701953
41783938
717399807
724545595
534074003
236448372
824170886
905999515
333337742
593850568
896646530
308887122
814357242
167942291
409159105
615284103
826821500
329313103
451243894
339240857
585731389
953279354
175052476
74957928
689868189
441241873
976848396
694239543
492192488
845802518
443819052
488242739
857800906
88051354
493233990
597111716
838995636
770727940
655346602
298977513
77230984
858544632
513338540
873993502
500028088
277076640
620579619
90257508
664976296
580234934
773831667
933886689
923810723
257740270
648
477631452
333362825
745285793
76187072
585638957
703008165
300077175
161294231
87622357
5540574
2738
226683148
862110330
138504688
189496077
807007666
419704360
500000548
342913867
163041
881380690
301545245
200
550959748
414230279
917021896
350494285
348901072
221199320
131640999
875414546
866981728
730190662
828297371
500008584
402660535
995117695
48602336
116524519
103655421
139305666
109911948
688596512
493644020
501491645
871779544
420521533
601385678
402497316
413803882
613870605
454655755
129184763
446357911
760386249
252767149
380211540
348945573
683289491
157380106
344690265
779561423
275901133
408550705
842330907
371227373
243034479
670480878
162298695
267948099
329195735
514608054
654772130
751228112
780224636
755787052
840129628
49825677
40576751
144878949
8154969
100359293
128
228614389
259549130
465958855
704772536
964210758
414050729
218468197
358223589
54858487
397620617
39568978
72823826
410742271
288154854
586259298
384115889
526311353
640421108
184653284
333336782
61677865
863606911
837960826
167323318
494756978
139369028
392905396
62378567
765824125
744087863
500463438
11134126
286713587
961972537
977200823
309955637
87584797
503296291
983567374
403451179
126132800
937125758
387524537
988927384
77401201
503250395
911802904
217622562
73470187
965400327
333342947
205303857
374919602
447483652
578426636
326740212
854240333
212023273
91543321
183773899
776334017
445012466
643838544
490919179
368022058
365220513
497746783
597262211
8525
145610690
251469435
857182683
333356850
708877239
718534612
724606068
401128781
66308103
84998269
72
296198709
110719519
860309532
732260384
843970197
49149857
106574356
166970622
934535592
34506462
956376278
885786640
920961253
463908023
267822634
967059745
342076263
855586237
652683462
844875504
72929105
36297452
482247168
440321049
323814534
849502341
500000268
372623826
672564494
89116479
391661601
174586775
583352156
66438108
153202371
963937529
997937249
279158570
688115242
503019039
546905192
559347252
314007045
758523035
116761662
664465681
996666524
38949004
793973194
173791021
50077630
312630959
744072248
820228527
254488481
612593
688312684
833285022
896574947
434162237
661083126
177254520
955343749
874102715
991493399
856761077
69168360
84426165
233015385
589092984
478123102
310241948
250017555
333264934
312306631
455803491
51918299
285738672
999612399
728735112
653502240
268578562
103522680
24847911
561408168
481356007
933976292
467381818
500001516
159428875
500004516
877198455
840491167
947015906
647748269
954309146
230276442
718424603
135476012
865030183
286382892
499191006
607256270
761309847
864535928
417649283
19273685
427053211
964542243
153805597
857755800
404791234
709756537
25538
750711275
938960496
197789493
535590063
976788808
462269007
440134201
551031109
79018322
243480293
7688426
959254032
643527401
824774600
864877461
443167669
277329714
43875652
682600034
768668747
606681588
355529887
114070423
523269631
813349050
76976198
733166732
440786890
500002968
16143293
897112917
799634168
257408765
702102097
168373732
500002668
933790783
276847949
953012209
976195146
278502045
650878622
798901180
759021047
844026699
371488230
397141672
250006041
18
390749035
879976682
210300175
690394900
225001740
500000064
42654127
170724400
149042104
391376842
617457759
576867
794278372
351643166
624471701
657788817
504223110
240237061
343053355
250008505
753533716
816082961
583337462
32935597
294322885
715210162
554023485
318802904
55257134
676917896
434068913
855589736
500001408
649959093
603443776
183444449
72
976845226
785640257
732283539
451715545
474217966
223842030
712998979
413609216
360874781
286346643
720577767
340566736
627475854
358296387
694916589
217618634
60874519
954789032
747432898
97477311
228346003
957128661
738292392
674401685
265285154
510144294
977127480
112199207
483505835
601194640
492344977
500000016
453262814
713691926
103701603
991756336
833395403
24432708
353804547
566439891
196651055
148624856
814664265
500000268
803168755
486641495
499245977
614116875
413492950
155682801
782197430
639135365
811849494
580991315
643566478
971083979
206838791
405877774
444402992
721227885
166534676
188525392
662343539
919729807
55725661
238714728
727591032
791040927
431785406
943114365
889369733
500014624
458359189
180924900
70501850
211928366
452397449
184982696
238770824
225916590
581962752
905562696
119175348
640709216
378461481
811732356
753325807
99739089
299983597
71014967
892092911
333339751
130159548
785961967
277239358
902904523
700426899
655024248
508628016
528567998
28045273
148600466
378370741
605155782
559796560
29774356
905297100
979576572
92081185
238110557
588114470
3685
585749996
76814146
173160889
471513118
242127432
583346094
108223185
630844079
65719553
588228393
833122582
333337857
363164861
112406933
45257335
697917574
423241252
671901622
876867367
745310870
800730943
805034906
574029529
378185581
476756625
547741445
333345013
476188761
558153115
859591438
454754489
573549882
791121452
326637444
353858604
402462068
266719801
842159629
902452827
619073499
793123697
674926679
282885745
583349096
590255320
724138644
539100890
200419795
452815469
133295889
619687861
55501456
237187281
934541657
452976246
239062839
574180008
673885520
4115041
153779984
619143179
583341930
247247040
943965729
405407033
527763886
732822998
103416696
915578476
451757740
688176487
57803016
345074236
628476996
144752989
378149901
393898971
767640274
158031755
283770191
825967720
745399156
513784276
197986561
738107133
508897407
9657
949631138
220287967
108430912
394668090
433140667
396635603
40940959
821515566
500001108
637092899
995491920
127933211
355491848
582323524
345909839
500000008
29159636
170687589
114180528
404785168
328933100
331142810
954837837
566735775
969354780
193128465
361961865
17278465
919661589
346277352
642922263
969469728
220009684
849215943
4678153
569215808
125626894
516111698
275096104
232909218
505411525
575117725
468227453
518195348
230176623
507002618
134126364
149923883
913239237
952399244
783578632
493431653
225691830
129913137
729997308
88753750
154556550
348927071
782053247
481602307
271994872
500001988
238912742
192251804
714777773
976216598
464217874
153922940
523052613
921736923
694709677
806082256
333348921
66048873
214138472
719098589
231008627
181841617
583342442
302583283
964413688
812365797
439119411
810261820
109877451
947902493
985944845
992912498
500008584
216192750
69176563
4050
670499021
154845520
29803527
275023047
246974716
785488666
281175812
424750977
88457827
109142697
566120832
780274448
727631059
500002816
981549435
181398822
474754703
491278023
144515569
246128367
38713272
583363750
29012
561000134
164344585
200177180
717020821
451937336
901937329
685916952
726280476
894069105
688151506
713407642
845519097
632239272
211684718
806223518
653978926
651365559
604027743
860368840
196754842
47617860
115662652
146835172
47811331
119713302
872438101
29775211
381692026
772012324
107063769
386382563
345793216
351403328
613435529
816736468
807456500
218586277
992775664
404776188
190808629
367899605
500000548
664247335
722277006
301878165
342386049
181683811
258500756
563475680
50462247
645769795
371954489
522210259
805168212
787394882
125663232
699457473
300395030
968
583339156
308301737
369090574
952387282
643882704
752423627
150319246
535106228
434314134
952390826
1568
683535286
654992864
251300763
294178418
762033326
432715450
793386469
410170829
432627046
773311798
333334901
871715727
959715883
976107197
322914450
314974056
583337300
142798677
639437807
363197787
665079098
391940234
206991430
845263724
316595743
764597289
596140698
840232665
201769370
338
32985068
130693223
333341602
78895343
669882698
473379367
660619044
264374641
641684182
452418095
540686261
151037692
809618348
237068653
597808033
194535658
569889274
333380092
333346109
775986087
274607645
166690037
40159298
833090715
340605858
148327567
836147789
256996945
78732406
2669199
564111675
357792648
250000895
814778700
333348699
946348602
392143241
799659482
864985951
583371582
540536095
59397836
749285991
378289799
69089833
250013895
79624209
259552895
49483541
299889846
796025074
632356084
934897616
531371716
974083102
251857535
364499335
583346350
516595805
430304315
666699674
791007967
715633023
770846468
104879921
113221455
416572940
278867787
168051313
701878644
902580606
435768540
18454339
688765726
917128780
212259692
333351397
553156285
360899580
855086115
527301812
902714469
239248421
888962983
703913295
679672764
431414553
801907475
737568880
260999236
679271706
820691789
822874618
206595673
908294198
879154802
500002384
282755622
831722374
851199867
250006515
704849158
904772967
241391349
866313091
271647268
266956861
53844528
144228399
986351794
223479168
412274224
602561970
181239118
513190373
729619023
774068069
29782214
250015377
583349170
274910706
191192115
476201466
813658109
791721116
744076810
309530020
354996713
997060781
825313002
104654967
261808090
450393006
568246467
345331770
475800928
267900791
583379860
238199705
704888771
44648590
197079034
937104243
690335665
702749080
784149071
808005414
292019443
969102139
955949090
29241288
26744317
8
53663351
293811181
770326478
774901298
151210022
377101518
421800432
13802784
965201708
337840479
408732015
959523055
934530826
262926001
611623806
195339673
989232685
799791358
868101029
244831792
120174351
842336343
696447924
174173821
264204017
704098250
960892683
498534220
348153897
525915501
224902277
174508175
604835873
3742087
2436772
865197617
55653031
583340000
206609348
592469150
861071146
981353663
74306276
893720206
854291790
707171065
698849112
806543174
309563712
888592414
429440732
410447832
169000819
173134382
146301407
984053952
170421095
662387508
376361301
828568387
500002248
394568876
665922283
544502433
915432865
328797691
171949957
716031820
442319317
267189476
499017604
426238719
992023081
357251447
852927100
503362628
425558651
69131219
74975907
333347973
77440216
532876118
84882322
431575481
492160790
392947032
701448325
287071115
214181528
147239564
613985032
155637898
96632416
709112284
51553103
542563559
357679597
121746095
217742203
468665772
669854776
934546906
217620667
652966003
738376438
954836236
408094687
530852953
664744889
496725743
784637912
696076308
125982344
117565587
250277759
86237744
493642440
643528839
801466599
130218311
691341683
124867580
987950925
557003102
682369373
408301590
976202490
4009357
458342250
80569636
323070004
210030890
795792226
801363308
83995852
510615074
302020824
912822520
596390192
986715127
554738525
446265940
452271430
363275441
664766475
469531554
775750963
100775220
760797312
835388593
95269014
102616581
440369043
327781244
381581636
242674742
737686421
301689086
309546048
112940474
38845642
554095262
758528873
541877945
336183285
64912355
222336125
602462445
576078057
275466409
507134574
288229127
742384712
805218809
232702052
864185754
104778576
908163455
20757499
836149243
209612031
123479675
459791364
858051914
784774413
396873781
477870932
894241974
583369532
710515434
713627928
566878280
993547320
431029517
603737
891236523
60501210
576619816
51674850
500003452
20903022
430341709
168024733
89610428
804608666
944227917
457766846
275729661
523819249
125359369
603579589
654904766
841440678
477067245
772299361
612877845
728586426
148549554
406680710
18650256
610887349
804379828
290637103
429273251
669485232
58907209
500003788
82947638
666711742
419097160
255955796
796088179
452403991
326228996
80284273
962659700
828919102
637045827
301385338
666685402
445725528
87930560
786850940
815591895
617629690
959128619
559865513
527316132
920416010
100217747
516050446
232394356
83119986
21394023
316420893
87484605
522077590
331871314
744603928
933866050
115385990
500000004
956812280
789082300
483763474
934673002
616415847
303970386
885787746
224877126
576871885
455306409
340125654
183512549
688094955
568554956
434626972
8823
406114186
443551625
425030461
543868486
22262776
876375219
386918649
880632489
682531956
787944019
128
648534738
694311602
375757373
601245433
500000316
729040581
250006651
500004144
758836125
668899723
843460582
776807392
963267048
265834481
376022273
86122489
56469083
980251066
964692016
601083074
289802307
250020275
708002350
708872836
526423128
854459883
477883411
6252819
716913600
847678204
976764306
421649829
765144498
137422412
482215582
863032814
205030136
971490116
646219255
900293543
655166402
994361061
333335838
525926875
599039169
754005122
952988132
224050993
502005345
324318134
253319198
778980442
825589603
398969756
62847937
48366294
993102587
188035439
515541171
708148502
352251229
333335111
250000489
53916306
331043399
870810581
900045150
316546793
462586958
601209900
789326236
763132677
890725923
988847201
608936916
877208564
572747744
769403526
557310215
921756483
36787882
53507836
873979306
500000148
957802076
305598891
245752830
359295536
220085487
522038392
179593965
925002743
877280853
318916633
812621561
113263316
410723324
684839803
598867827
789135346
22330829
304273026
288508377
510671340
363113025
240619105
143527392
682993854
980458354
421835831
550291995
616266229
1058
4986277
283146977
901550838
483329564
765938520
881533937
887322898
349708745
737442257
745856183
237734885
781763765
649587209
908280575
354185024
302487312
683456395
523916879
448160640
760636528
278906263
74398215
278621723
448973883
771664473
909430332
823339097
738675629
374878475
759060352
258842622
141209854
583341366
834713928
456674714
833549975
242408693
845587889
466381245
966418392
700749384
394653802
769004242
865665804
86556541
479173897
427960961
311731721
652319166
921544081
577987905
575131266
458347838
861944568
2532518
216119172
772671325
458384993
879086099
327021069
708161230
210498683
890344807
500000028
455995125
468903821
280534197
593856618
357831999
686513527
465448643
579437074
58856132
338959298
879166194
403464695
416699639
232425705
39933485
523933169
299990997
855886213
493747120
458353345
96332478
136243711
107053619
504333629
690047997
540227902
456116980
910164035
500002668
636278336
67217725
317383043
355551057
120043155
1458
971341311
927679031
904829451
597318514
286754845
588584728
739855798
638211593
834392713
537638579
519506217
803028757
165335866
427553126
20688480
20522390
154109149
738132185
253007610
1568
173686437
951828572
162
547256912
363129547
994020727
315518618
979179729
976218121
984815164
520675160
516871123
500006848
94863500
85133753
604496267
790987972
268215696
278199810
787578907
583346326
182557729
429471802
730328516
645795159
148259394
118854888
194210844
576778815
72978013
269992400
815430663
500000004
868978953
767318983
174686651
15297735
239854893
723070449
22178371
698802073
858265761
699670247
860957487
69087834
891683767
574450706
333351101
495578740
625832117
800832296
161354940
542787449
582934314
819792711
333338550
463900882
715949737
150832320
981894767
798424705
864010390
747838369
661355358
833365567
722
388360802
488159132
738148189
779072169
814527505
506005381
950718229
647719631
453596221
8450
289532893
204626446
333335369
776814681
797849947
380903777
199141359
377522549
67531279
374266798
593698673
762952085
583350554
8533408
843278928
306681734
102856699
250004959
995164363
489755084
697212980
922016958
243756120
226883063
677021129
878307034
330086220
523635450
674524475
652352474
300212318
884084551
695479281
802826065
170498014
333341122
825751177
78229916
812618036
748418241
4469063
596066557
262810980
493820798
57900303
459061828
992535256
84926974
842625483
500000484
137524359
632586015
427976292
457961494
802234231
71672093
984837399
414615761
198634319
906272523
342995080
247831944
561402038
721008770
201368921
134369290
883757900
309610790
127660950
633995183
835629721
846897931
449180703
447096477
807764897
876684189
876311409
897061528
897029997
291119206
230433943
894607950
951404788
167656858
588357057
583334752
152398476
744438583
988875054
40455943
900080478
250278433
218877263
162733193
738114133
127878407
637436143
631991063
548745064
836841291
965369315
436222
614865244
424055722
80453940
364989671
935291242
234838595
524514690
951208769
9560181
971770391
934540084
831055059
851818436
250044957
3528
333337544
467009665
605881123
719468905
750014757
936103729
601783139
916208445
377292440
909792185
53616096
500002524
412026703
516277928
548950243
873474737
626007077
338828152
126023279
360462094
643951538
264424835
615886637
474480951
333342435
180955701
641117858
583350506
649393226
248627914
940577911
543240468
816017042
150588981
945206828
308601068
731433059
587553039
877852769
184845184
825715403
170437867
602255027
790623061
651485309
258551273
147259245
523220339
276961200
60090330
569186113
565535843
425840390
627735313
743265549
245619260
345482344
462740652
976835712
694644697
583354942
333385668
728861783
793577057
744061548
74191200
27762932
889816893
661567969
894288898
616782148
442700776
453532714
102586808
409676973
620791989
575241469
323204056
527929163
682621817
363130789
3200
681804870
872122443
500001864
116398404
586322797
271920264
909148780
955692831
468954272
552098086
223207054
583343182
195607718
229944301
875867323
229539694
153142419
551152171
934541323
841166408
823168657
415060966
122213692
160719965
318889019
105043063
545274273
575903183
289432815
976212644
13808
129261206
793216740
242
338948558
500005728
884974878
712116034
638223566
170786060
522393800
615075685
52167054
369373289
934221425
104442527
526317832
607535686
257699516
306912520
850760541
249813591
524704327
897747788
1458
474369574
295472959
226620324
583337502
500001108
321145058
273739729
333341054
722338175
200857153
774355003
267863609
583336650
406955901
735033400
756446634
552547227
934466209
760477573
719161299
714275758
474208292
894120935
790421926
796035838
419686137
602287046
12874226
541720072
25715218
778411476
745909741
451571196
9571737
333356719
109994263
508524063
448260396
5451129
150899322
640588329
932434339
119070958
749350331
2804758
374588859
414413108
934555697
651953912
829887251
987014480
748355538
62969922
350499496
423778164
489341763
510180635
126911815
564864424
493352355
32795776
873016413
452398407
363125665
529014736
125013549
846683166
898601008
572789250
831570444
624595861
583357540
29735540
240519983
150510384
134414435
988004340
619807425
2300
500016024
926402949
604419160
827215109
518577144
60556114
891175057
682002970
518346030
20402
324801833
132528727
253333502
592516735
119066702
791154905
602837137
887170047
735189549
481602864
485739220
300684493
798274118
269020696
862341145
403411104
986693292
441050650
248912155
533164769
401160462
117848761
53121032
721585366
322047646
333345594
855726795
332680969
646034359
937068621
7417
180551031
748806824
296890852
182228244
640402133
452614616
185864297
538472424
350118294
684381704
929957450
150340872
721552058
978088246
401707415
727317494
343043738
556216271
237307784
920815826
621518903
797034838
684310496
42522361
504379872
138973256
302115886
293386559
755041279
343956871
305117588
402280320
824116200
908798843
299157039
574274599
819746125
39439678
974322513
333355299
722352778
984199619
75001166
669049408
431935520
406049902
714910823
452221261
243719643
403396945
934178758
386170460
77591356
794271358
689280591
638228200
891065703
139791995
998292066
281731325
966614822
162
748961564
482682787
700923006
415306349
500001108
253762470
842689732
648319947
255233541
278708215
333340162
746918580
223565805
398717753
540475692
541582518
6353
904525893
681030580
297418434
498693270
876527623
824399644
583336660
722706133
96230323
784128351
268998666
341868691
726962797
77449651
51192886
512896226
34813293
935844948
841356442
609246788
890255219
723348192
885000726
29776891
617386777
266497824
734733408
633253665
648286768
962463863
827268316
254529471
638168648
305772541
22196159
510584554
311058229
612040618
227946993
467859609
67699991
582152175
306772838
218673485
333359229
333342483
718457950
142939927
601991885
337015043
450166070
588178089
73193375
873383399
461947959
125973458
38326551
183762856
282798311
256620244
256693948
748678246
766855444
20705239
142892751
359633311
452464237
144091656
29770451
340744671
456906881
372057121
966116620
35998284
675995222
826163590
33768695
386044343
58185153
634136843
120554447
603095990
815798515
858893741
555897845
201819237
385909974
225814753
439044956
410146702
515132547
766779802
508712204
447044313
476250366
685576478
794286872
538824889
333342862
648232606
199803331
734463710
864357567
500017864
1568
616839049
630966519
936347083
547433029
162239134
22848753
420203600
279666930
684110630
372490868
669216823
180278157
165191217
36596762
438154615
792267399
482608631
631248405
701173521
726590703
344021832
934462898
559470539
480172153
985247743
741642110
764240921
367786927
694001279
188960842
621419446
569085732
642159947
293520170
583338106
195733377
950305018
800524019
620488011
43536809
795800841
796290170
761099872
413565253
35904736
683760336
876400076
333352346
601201694
69890497
965454860
639046169
211177799
549687879
911198071
127829390
341088470
199227091
768264330
996981367
644189064
963393809
968
742330915
450491894
720645557
450582383
847320740
539143555
166742910
333410187
400297222
715457419
71447775
730267440
132846770
546872119
840528540
355152478
583337812
815517945
319923383
656237586
202847985
240650160
582044750
881346133
827285556
535397176
782314920
10393
356570370
128310423
681864220
279343348
29660181
583336362
583336474
616257307
219717967
261896314
414268594
880961022
168899377
118311313
85845123
85335154
784757502
510151412
500000368
796124878
14792
682280336
78462600
437191031
140260485
500000148
785364140
644729033
247603202
500011708
731668422
170662421
853967659
137881934
567601722
70720352
93290843
54599341
318949045
613602
581814612
735766893
727061522
454516952
500000316
280361487
27045342
712540601
485168224
461557605
943482506
680004859
450284597
389927826
37957809
137769823
989044707
715118233
566188314
44455905
675285167
50562
175384908
362708071
289069780
506839496
746483692
698861447
834487988
375323378
45068
748881493
617844547
655159732
147227594
67632917
500000116
3557105
250002133
305221729
970870274
374025512
740970392
959756506
500002524
827586663
177634013
315798003
776048263
447299948
600414220
314167409
778700878
70925227
461524320
4760941
574649934
397543976
159391120
275270553
720521324
743455203
433178786
251073735
333350345
519705197
595779965
897937517
416635974
500000316
599668138
405933399
861721414
729054118
902574823
784520729
881255313
166687827
191702980
992710850
7281576
944101369
347185466
307868954
847784449
74788844
616247644
886699325
942077472
63604763
666650837
410739135
109011104
574327982
243479990
672444791
42720359
503015915
251500498
895489892
663591479
142915200
665970250
879202559
500004328
222629545
721805915
694606267
224648574
573500084
607331257
180182575
404155320
211441587
283756244
250007683
374859768
388068913
276215005
92038594
864743725
500000064
990554693
45069462
529282508
105064704
500024868
6728
883006307
617142261
635723416
505411193
497203808
653699794
399182041
31551379
824866391
96660174
120076342
587809848
977170927
10960
441975415
595610112
776500223
97090366
69296518
971873951
462562414
127132710
35166332
210704994
601485888
424566515
28093755
483665927
240313236
503014217
355409720
203324972
442338506
505145688
315042211
846541082
981899063
235864649
184822135
854065545
641619124
848880400
184322800
782308757
189215353
310476863
207815339
894310989
533112374
829470138
499713582
851593498
744153873
235255972
366920500
684082817
851234831
351701182
188717530
926972632
304502694
255770084
186209874
872285936
244761102
870198932
445454906
295578778
13691591
886874907
754298998
443138688
515493814
939109307
827022107
506790012
674010685
634308448
429571327
500001108
403696368
333015716
427281090
452447261
333351448
229668096
887859227
460494352
47109030
867803646
614523501
484505638
514035176
100041975
500003788
42504019
452700222
40473416
621512451
266055260
748251744
193403418
939274906
715034307
745067541
145790225
41792
476198130
985901171
315895985
771598266
390452927
166628825
373529241
594756487
100764912
278407644
512256728
487300959
11305737
443222654
122654351
763672217
924285034
616030290
3917
593232064
323828302
436260417
213934803
845652707
660320193
346545757
293374324
803139849
370899940
363172023
69141553
500021844
125440903
329360259
105809351
905453690
610296890
583344998
383507876
2
15536
945035063
846908618
982939899
628645439
604892431
604019070
301775931
935664909
553972625
347356196
586542029
58231830
349377580
163913938
617036040
747735137
351034727
186473047
392873087
260463344
74517737
35387604
418486677
123340009
440821677
960847338
8
500001988
618775356
982626997
298894144
138467256
318295703
872257457
468527040
951040356
583336300
465018767
908690798
469331209
703982779
380198536
222553533
317322963
619068025
108566648
171493930
628070086
518726399
782417456
281133650
942450784
923349560
333356200
925915901
61013021
277492206
948075982
534331174
809563405
218690996
634927730
273143229
495620590
497848289
500000424
122968149
287568720
892778586
188420207
903875180
879622266
956708972
8
744064631
364723273
179098718
905630683
838319055
272019747
662987115
764466037
325890610
159183529
219711222
299049382
133866325
500298831
463972202
50
596457774
583337030
713291937
564005301
583337014
277117670
849706692
467422552
783162007
789565604
363111114
321095061
281772389
457295630
9036160
159662500
751470993
671707959
128
57640602
967649899
837636964
345091588
944985166
250009099
237737590
771321861
520945353
797178069
458464652
77400088
997107093
240266573
664277003
988601208
767160108
50
432100842
250004701
987079633
34156032
619720666
810473417
593759654
213476991
286024870
430173387
807894766
329080296
672980220
10769697
291640113
310230294
67610743
204573792
458344774
77543359
15216384
619083309
147713050
45390105
583349680
218678681
828501502
100642435
595847416
815570133
680544224
500000008
205907129
453456562
134661877
26199729
329889127
725605120
622146723
934574865
411807770
920921198
178376574
272020475
987848308
458343438
493054560
569262879
299009998
491605692
96022831
450806745
483972680
919382390
193233892
700738638
212231333
942700108
333346417
291122887
19983533
691263202
309545920
369347254
501395168
723867088
586322235
82854445
597526753
938829341
75463277
370925594
555206683
404813420
828126274
323998772
134111622
174854039
685366637
239863487
857786718
446491369
770248952
821370454
471956926
732230780
904445667
494058092
363150810
300294275
905450080
662123279
485332406
63286064
704312567
942217789
619964201
594589626
593365547
428838081
607068191
811079869
269104849
596406778
175722290
667647236
2312
205426597
512391614
55545717
606658917
986924600
549867035
801112391
36612699
245561123
322147377
972870083
484293432
97874534
588930257
804292571
993115212
583356874
952410022
289891079
853309166
744072843
333351306
458128770
698849581
29800285
999330041
189331262
306376114
585105615
989293396
736452510
382034054
500000688
535055925
78179566
695418231
557760383
10956
80527468
84333756
168666451
26395060
583334708
908059881
543269063
531196478
797288744
72100212
991430147
25813
800610293
706057581
854777886
569417495
161937376
363282616
547109773
73421796
479191702
927540664
678327169
648905514
427976399
407739721
574240078
558300209
699632671
600495584
498917475
711207707
30149004
868711746
310970270
883612451
952568150
997750217
260600116
527076679
508249375
158398269
199230045
970327008
907812467
548231480
590786943
21977621
34368202
202544923
225815077
137218187
930313975
691525074
237435860
155176034
539332015
719349670
868044168
870388785
703300317
281084063
880271261
52267764
507548902
169516816
115746884
163058764
14572
56231072
960538951
29736470
113075334
19916937
41729634
333346974
754438922
138157375
444970883
627204951
743931734
45018713
793780057
546513344
119100952
89601486
776477036
319025400
648
821126893
201541583
13390010
970404603
985923342
687127880
135673630
538108180
407059970
543831084
776471653
982897589
25381381
676233124
140630218
837797391
321861520
16977029
916960467
738968321
723882092
341408010
763030889
683584207
938988805
333337173
891613504
285587681
656324845
700594796
404675294
488514355
208781622
333341781
927220034
738814409
8577
981471046
558184611
619668515
250035165
973846350
112949203
806403367
229945495
165747027
368083895
51898571
268037993
262226880
582409109
33704418
588692747
52465199
762737407
219576094
306007549
245743349
146090806
307397611
518735971
952397182
950981272
559232821
725551481
322396602
615845955
481642454
179543892
1922
487908427
697977540
267883149
3528
404783204
608477916
17264900
215573963
599331310
962329311
97706291
697489423
295505237
901600212
727585399
771479551
107829708
884594693
659733795
332668608
859723631
203416688
501194373
225077450
250332550
577994250
102591334
518759791
258743374
121587986
454501864
848056860
959665777
166294516
813125919
490564465
770430999
634203718
403257240
886988942
115460450
810545572
532653573
93966364
729284622
298630308
4830797
961822136
865463573
238105931
456576829
404899215
3698
729371881
975291529
884061549
208790789
71513374
913608937
821396683
656281680
976216104
214570862
490134982
249600227
80084755
686245165
730589666
223636009
372222655
449114271
79731024
229779355
285310311
855913623
365140276
644854366
719623791
38579
33058905
182577970
289127306
353433597
621533019
119098888
512684399
57446414
473727613
339809716
129175606
809538421
648
583345796
216540541
791596522
729478241
138003856
710869222
131844839
543436781
542260771
152237936
333381332
14394107
494166299
685225879
583346692
824875476
959126423
9466890
397254123
190383750
18980863
386775948
116807759
890303976
880079397
498751237
612808451
907194161
440875605
18967456
309532768
748761437
518570182
319479023
387029931
453817105
181531406
917286160
361869569
556936531
100840140
734491217
937297513
975338765
63163043
48514334
616646062
685393765
500005516
422864516
119091818
468139885
947043726
799286390
986749123
682141170
31214866
68291158
176376634
239315467
706760903
287606537
856210798
619341180
418815970
577484208
170927124
223687014
953036501
96558777
965418388
101731844
942014390
467608450
418097120
6498
761185536
90508388
666707490
500002816
796755634
366194472
76602201
169502335
754266378
27245809
294449028
567759254
98047244
500000224
382876847
322031609
402672632
809551965
745756534
848671773
590964227
707754644
295030796
816546767
296606300
461545135
435089755
452439109
906617787
61095067
169452832
512
766176440
251975595
323472607
600364569
135790375
457694164
577331586
77401042
362504826
452802552
587974713
27576806
869073529
584326122
129002345
242611090
743990799
355149321
507472255
611823727
303250130
461384970
815825290
109389903
586122204
973870711
370154367
818415792
500019804
524513601
973422361
9248
686154503
662245943
519172196
949548135
333338182
619123797
283909159
63559282
302407756
690146135
764673988
168836509
668347268
535561815
327064609
819578908
986565508
559446421
297207111
174159787
960977958
604845422
170699293
714316968
788139355
618888331
694196124
888146849
372321477
320369206
837174251
300651159
613385397
967268076
880177463
968882331
468878712
120353833
497413723
11858
596517985
439234307
219045647
979310393
775695997
69311797
709328667
688111494
212172147
840759206
749107899
976932741
3362
903018160
980728754
133751178
848125704
595051204
16818920
593832348
387126122
371694163
261912020
786790585
444426678
49512436
139142362
713617699
1003
367220945
623295153
421106564
389487122
228711111
968707145
172884400
572277628
64291594
406017370
250005651
851754159
952391358
444832729
770613336
724667478
513559157
246382097
898069954
314112857
327639715
866927206
128647630
359231737
528009726
256989803
700685250
784382050
804280658
272624897
28809925
619065531
360392606
934560858
166684291
428709128
815166899
899217474
79917181
216398973
955661120
582653296
686084043
267150163
262079785
221990666
660947049
287505353
86368359
289701217
758799357
511693433
886357843
548648659
65356256
71324856
371821449
606031378
309547136
96885418
109962379
600765847
246325211
928349257
436019902
194444818
88747159
528290545
28491442
171892439
287896120
61905876
150823078
989876753
173811510
433954352
577768709
914224698
29782345
538327926
144163361
601204969
783544421
500002384
89384654
189743240
131088431
342563050
809073744
421118156
187182989
455266190
737363194
701385626
500041764
728118094
317121963
485083433
792875676
737004499
798203855
33559143
500001628
976276056
464541742
759870511
114132934
496792621
692491944
687705988
657186332
221191705
965625696
962461221
126377898
233057652
204582226
119368732
467401533
916429966
95922425
229804984
907156985
209123126
788510718
250008223
735279311
89537183
269623724
250037977
972662414
563608379
843983030
12613311
102702912
742806336
370498974
758754920
153703361
6279626
423795313
122521307
273800538
579525539
555697825
928155420
619587520
782929835
583334196
863997475
431977456
687015364
18401663
3042
495651415
260076362
156964715
123571158
692654726
361652969
526807252
847734068
208810748
282573049
172713665
607516822
691279837
500006388
77096884
618660381
200
782214225
869293403
393739616
469128856
957681226
637287946
14850122
847717337
413901541
784525006
6728
78604354
655602666
963360645
701028909
129890035
470632955
922568955
934551661
481477627
596345084
391821332
735679041
762026540
312249396
317857312
700646336
835501708
764928199
500018628
567737246
640198130
753472544
4261095
468987184
425612347
638295187
621178
538298549
478008766
668158797
431506975
207762741
461638007
945823863
486903063
569985661
328909899
472727943
256052086
573764527
515647265
863760633
14811961
904774397
813927599
8134
212891149
601207618
625421899
909906119
882092614
500000148
885793095
310584464
822924005
976236572
124927665
882
583338184
795545694
142704050
412085579
193401110
299360670
562196780
336433059
933591623
742763189
389357266
452409467
170216863
74099238
567548864
956956913
30874280
67938
500014624
923294673
585065553
389368884
405360207
348151588
108831056
781337667
948560833
333358357
292940350
6498
489885070
290975620
378169266
526298351
42378326
314881668
936020345
324890883
808178282
512223681
748907595
500013288
180786720
2178
20048066
423521633
502503112
257172430
907997161
482856555
420494187
890162026
557972580
341320847
30895427
443789537
175572360
401112816
668402265
1352
989770111
993749084
74086678
942545504
801012960
711908797
141438426
911789611
654915850
676834072
634644457
880221045
990547886
156444049
829317797
209727540
353380148
658654882
168549211
308752080
174274364
364569090
154539267
903924627
908490481
824468140
418361888
178042384
534137523
944825957
593506258
876293893
250014831
983749596
450307353
339382122
726999837
922028814
332597560
780936390
593990227
452396589
333340730
399930571
85889518
30269569
405535245
287869328
312323628
582872000
539430624
901172946
262112366
882
375055088
90383140
893690068
337801800
423966336
928055065
523411937
639310015
253637963
51901777
685129519
962944668
583341280
884413939
687917562
573589694
259586767
133384443
171665004
3042
221527323
777721889
775067249
362969241
240713304
505956759
353297536
584599826
292010318
792562886
913765840
229203747
3352
548991352
983387990
539357222
27031461
969781792
212217591
217367570
658871508
35591348
797144606
649119739
31492887
42804295
838926791
906028654
166669503
364448347
161969517
147808133
569000483
661303376
769098513
206818316
205675997
500428623
287724714
403824876
977039370
71305543
632241802
494376748
766648985
143955923
250010341
252654742
914810778
250008927
184405310
636640250
353949164
146963069
729557273
207332576
863134895
719843622
564061653
489915578
38130931
460609208
873983012
601564689
55202888
641766498
486213079
681156489
186810321
881180435
563093781
583357906
850233815
499214539
672250805
333374357
265827819
472822684
876303566
269674878
258934758
3042
363110443
565077104
852307833
152239662
500000088
168631509
631110654
502863389
394381835
172232970
333371401
842416934
141917583
331597772
995271117
804536452
132878487
27752431
782688504
859497937
415969925
309946030
196756577
29524706
841403015
405511228
219758590
934510779
752106000
955896559
16909135
358743790
829637101
921518891
444341462
7327290
616001174
786741151
923540392
648379834
963474918
893361832
233463655
47380961
774782098
469693139
265248402
47995730
90540214
805617883
616897833
503792153
83651565
443382838
125236329
302414300
791841442
951113662
476831787
381659836
934648076
166704073
74968406
965238329
624453565
529033739
38136371
419129847
989130991
673097899
321762608
964869706
385951841
653490846
358953940
904782166
850729008
301082988
695015403
234157532
888678034
280290919
583340114
286156690
417269699
324879432
7706
723752102
565913589
925036251
398437988
189787090
570362275
183468690
33159336
735644084
143108588
214822429
754000076
22421263
589195007
719763541
976244784
741070097
583342186
489471534
416216843
517787581
123271138
731788276
90387067
436347714
882
621762449
236341648
184653712
744068131
92036653
72
640539555
474968518
930747316
497467261
908976826
238586612
884733894
677084289
983746700
479663864
517923086
960834105
548145982
897414401
239732434
96210230
780612902
29780237
580590506
771932336
692007827
88215465
494109047
740222440
971902410
243707199
713834828
861150055
356475476
866078634
696528341
534911747
288151763
309624060
933649429
222580688
754924061
637444171
841953383
108649116
953963533
15178353
326241984
438959369
268873161
263480047
197062973
940170186
455210044
187669051
622066895
770374776
29842791
439883102
540920745
809537731
475525908
680591003
219062743
276255236
990096466
273911540
301546154
70619103
366957169
478563936
981103802
480102907
893272791
472243266
83098433
660550840
156107504
219421478
63496280
239955226
576948120
714973711
474941581
605411974
821869882
974174881
374863184
151360824
844207271
873502800
250034645
753805156
571474304
583342972
837770312
555909489
789853779
751436891
20534610
936899675
944096169
133172217
210969480
113796912
6932
556790198
368734508
959072323
285093866
912677474
965890329
168457072
307424774
101147285
347844210
192061739
823365298
69085479
70367881
509701420
639640750
293976416
338720126
115879416
333344577
333370686
55961242
693657217
418954129
18
870482737
493404971
914855782
123574819
124999371
895805567
553386109
590083719
547166322
972725971
209283
929885121
287110045
333353446
550028120
140967087
84399814
704604281
884438508
79251320
486135744
34565971
250005973
516450459
203361860
959075912
458347584
215277688
906670187
420495874
927463240
546505372
443073909
333335722
49348569
613418953
400675474
457947052
333342753
252991115
709551525
979037692
411690252
183449844
795924331
205540037
49127653
876383671
832986671
796438265
506612808
946392503
761555831
80472033
412524465
877795458
497299879
983491958
887778333
454852750
621049733
905422212
986831946
318128142
234044948
366879664
869697109
65759719
165016963
774395136
929842889
3178611
22022253
427924300
497524259
31096953
971359891
824211618
638591214
77890739
705578221
889025091
71048058
281625963
361270311
166676769
427613063
123362104
873088941
41475555
112018972
8062389
218462971
267289070
918768365
65377751
950406750
575884067
555008884
804903469
480893556
77385471
940511402
889566064
251065449
572426671
765715756
868067895
400099829
263824415
80516086
183383461
312794224
152259098
992875260
809546402
953024129
583356530
669618341
1152
112718462
85102280
699072422
642870603
926261435
164344067
369941526
8321633
924397647
968535005
815776842
470729927
108024184
916929266
959030433
288856924
500002116
89049858
216969840
7084
738101305
570606765
333872508
319571936
335968751
934770917
803254479
1568
243516187
478450375
826469903
286881205
814922345
738122243
222136109
420328072
893790696
952415882
313900753
290040409
607130585
229163223
55129039
24906560
27954847
892698476
764518077
459520944
167285554
112968783
970604104
576833881
327855445
585435392
748936938
885790150
37050737
26373866
885227982
367135100
500001744
480591107
168806665
619062189
6644
251118144
363108786
172288811
441816809
209657326
839753145
132928665
327938181
551123532
305742691
420113604
786280175
902235842
921923638
977385949
930438401
111351175
25225822
519409766
532990282
746465669
282368528
2060
891585332
286581540
604314944
145352021
162904854
215440681
923626778
879703512
333346676
485965131
804959699
710015595
528968675
868199802
500000016
271520053
563663399
787024711
798330328
2919523
249782200
314502200
754243656
637300130
408769254
142519142
393468965
102015307
30459166
614147438
748066828
867755694
987149240
679373904
349076455
825182090
972684678
634519729
440608101
803357969
238110125
579784778
333334785
476506759
675521221
507150781
500001988
500000928
203189871
77924364
365564722
421428461
56313525
583356330
875981070
237193725
276165148
152427736
383107977
231328146
972243987
286334357
366401338
939888572
101902864
832404396
781647032
450709592
39824914
333353901
475524730
695339688
500641977
947689395
461376791
897691423
239193650
52598907
283835465
651094805
5281087
114596724
283203024
838377624
136222462
800
744180031
448021506
9881433
588897448
353176499
659118627
730775534
250001833
52851802
477975338
333341420
976229316
646634124
607387589
947961931
280541856
906245546
682589045
199796294
599523455
386350296
986736307
201385154
791092993
862466766
622034564
778268436
747211257
500025316
824203748
44012060
483483141
329102332
973474560
170333810
737541902
191096541
408922021
16594887
371749598
16906058
77404466
698650426
262171068
234117727
314319285
624738834
570912623
227564377
333335820
583422788
44464278
241498284
536322042
288264011
671081954
434171265
600659859
602368448
686756397
713459188
546433965
82608158
809558648
262616726
3872
970234617
350775260
282158
500620006
751962376
204887517
945942049
431331647
619067765
229567776
333349487
10130002
450203350
755800511
744096061
736044828
500004708
862702315
328057335
454578734
172904018
591408887
191587854
598251416
644325224
304221948
683141930
583348410
928815296
542226539
3102392
638207787
100618272
666912547
32
433843848
712104653
888110887
564605564
976195782
465334628
203460027
773287967
694560489
446157093
880792627
500013616
867311852
777964774
710771551
315468552
411658101
861567923
136236419
857801444
27714268
791733944
612124275
918025246
983056619
198118832
580780822
598698150
392798092
400125777
762500241
744121239
258924787
444484515
658370677
175025380
449139226
312599211
77385008
410994694
525361096
770130226
39121576
706977541
722744250
414054397
747133317
498541309
928455282
624101563
779355215
19746941
815107259
404783336
374511598
913827900
906926662
295968772
60257498
687196288
665151586
333338441
62343365
117204185
605288318
623411258
77409158
587853063
321483750
972352633
333150436
267915872
115535148
880129946
10740
452400045
790826962
553364647
706239370
441853133
928268953
769572836
573941478
735053234
800631603
799800378
500040048
295321526
4414692
160576976
819604569
7688
76548348
794255341
5782850
414966007
57420773
398175173
29516385
823773564
843599263
379877320
292468149
460263354
726225328
827511351
601539483
77406485
973223356
319133326
127980441
762374216
551867400
56931645
280793026
573167872
168809709
156523406
959644002
40956662
328829950
581661653
973691847
343311227
713146021
614322453
738331743
583345894
426342892
912685527
958243558
333336174
91526219
342615710
625973490
827114432
2272
505193322
352702293
355840115
634841220
272262877
599298811
812010233
643717577
57178230
5832
593734506
515236737
450496592
385155405
666291904
267926597
533806696
668866933
532668979
1922
153976006
636147739
642790554
114773707
257381021
434764682
952400854
500005308
877839100
500011708
377449848
692288294
130713359
17756647
779206250
155904784
744682089
852894497
92416874
578910781
925495022
526383998
610405281
976200030
249170729
371120244
234227702
484410695
833416914
407253411
179209928
488743639
102657034
375564392
560147622
435842367
977294999
513290943
468538720
542070635
738816073
981876676
868036089
223645906
28374425
549265540
549818464
703231455
365779446
889281908
936662886
784901080
583346954
733743440
867999661
500006164
527922165
580296430
453248023
810604310
500000004
457647428
16928
672637563
125265840
822449508
296164357
985632735
891817128
956350575
185308177
907201981
706924581
848239965
659165190
868370701
241734630
645317302
809949272
369519478
327298074
480847223
672017843
250026343
452393601
491152435
570341421
182529055
583338324
138764089
774247518
798855347
207454827
198714478
124664405
893078601
467014774
255463024
905640293
430607432
889395122
939537020
411400421
440747581
561189266
243300080
48214890
146239575
454159238
170354417
666623796
77405267
484830257
979304540
221495106
961540247
839564611
196170581
376699739
817717893
481102646
893425027
73302576
71586520
46933283
328325707
560571545
787477909
961401941
760816906
962622955
679154862
861670347
444842547
928047748
886327920
316786781
849884985
845769417
994388093
939851875
206684017
606981985
496024581
167070922
171849789
966672962
779163982
572355618
29771849
39453584
248516234
556570057
393820705
572153133
774705330
688813654
283046756
880326837
267759253
87745122
740823740
594666955
96124105
344863657
105773585
359613107
912940639
934546300
338715868
611992678
192423027
316021599
932517582
447641512
745847240
1925
940585378
805979787
572385179
483361400
237898057
323069884
778907492
567113468
281854890
312830697
229536432
758753950
540809675
583352466
678251700
432139687
197310102
202787304
575594267
720069224
270092217
639954401
445608396
413140379
203487731
864852734
583344528
841846351
260820815
963444088
637708382
654917893
113167808
125892626
988016969
513005017
942919310
74171906
657273402
844212673
441283755
88238410
908426517
663940588
340215919
455340418
3698
738128195
843249218
458346273
770028
117219063
45958347
472975133
67398577
601212564
69135291
665181065
976832836
561953434
815424569
470877765
708137544
166721437
398144786
920165297
911903736
997606041
303869004
412239012
601220683
328529070
570158071
740116391
454707708
76110813
657542935
86151835
323836547
273769582
998040235
734328934
953631196
488733192
478366129
457709772
760152980
756121133
511290507
609550073
94750598
112113846
500004144
99663841
830607590
829147705
161074745
203781335
79302114
285029057
634731602
250003767
522133461
871787417
670554587
266709316
476807465
583344034
815855740
343797449
984149255
245453219
480433872
339245236
667640436
401408777
995123414
155627718
971529883
266498244
697955019
4540
500004516
875349168
333336137
956816312
777864552
633211374
663463868
500002524
164339295
404801158
5573
827515891
718690190
791778436
814977704
578
552348086
619055153
524067492
952404284
203699445
876189482
281180661
833703979
445157861
683914040
388113963
308748064
537925074
52326749
669032277
170645579
980945352
175603176
355797045
319456108
919859308
928850062
583730262
206485239
277120492
649530678
698723055
571981331
672188487
653874047
500000688
905189423
888185532
156056144
513273906
183430923
149499035
262406304
984564001
738113197
934534589
963531320
309534146
895375210
567546204
966916622
527691741
570200075
862270099
134226721
583341296
684109613
822318397
528384019
612663200
284589728
83719050
333699180
112564565
787205806
833382613
617472730
973444624
672181312
621949295
302281122
619065261
465697369
688514534
526306417
296599241
20808
661647662
532112226
382254096
387797471
905543787
921654839
435231622
583340064
546286029
925337822
533141933
459902808
834683694
691175552
392782901
916474645
339459366
500007084
464670011
635652771
664015851
17797148
10368
132816440
273690758
616634061
297143848
9407091
390861957
57483326
309175775
239945592
908038332
333340354
188740287
976201206
884299209
834740056
499507377
835703610
29803133
77411942
289375824
151326576
173056939
583341286
28549309
385631140
100536493
128223002
837246829
744080894
162921208
242
439459762
459074083
96746145
391324650
363140414
259534624
348625474
699204415
410768871
59948078
248659609
81944852
384634346
4232
362466133
812896724
825001970
592904128
34612983
516001827
266998424
585938924
623199757
650182180
977098357
386516584
69155169
455056602
965715387
934724115
660393243
613362218
885409776
2
156076234
946357457
428358952
433678273
14440682
96897600
381669462
761036696
864127356
595388564
101550730
421916721
189392606
305822614
782514722
984597388
940893183
511534903
705742608
596428048
963410169
464273404
591021511
899603891
771602323
307328395
44735417
913403484
175310002
290295119
414575474
832335014
738126799
583345474
1652033
611603455
458448964
583349904
496650469
605753763
812560120
619068399
576654373
622037530
624451348
947113019
340866058
992080960
910552925
200
552995817
643039338
276161748
85974371
472957538
268877589
304371034
825230920
139655795
183437359
976211260
330721290
641484143
589882344
557583899
777475198
597484602
998113307
621368059
984976631
500009388
905375354
622368301
582842049
2
116757103
453940469
128767638
535763976
215798789
901988514
810187864
83195446
745792187
966973368
323871383
278184937
524531590
241304561
358674083
500006616
809277819
992277301
122537822
541441460
290040157
128523692
135080642
496887449
961019588
547890300
244323021
876831086
866717515
752439257
293348608
794414813
579716800
604041751
288167639
333343770
46802990
396125815
721019211
818372220
687454200
86440484
918852744
634224645
500032038
578620188
623455607
29793571
641118639
322150050
836606563
590948619
958464423
144706879
359573351
283743366
434608316
481580923
651047254
91367415
773921009
512369652
633207123
337353163
994175484
934552385
947517522
268984882
500019804
759810701
631829747
406563442
482918442
790392138
0
440563922
494735283
587766557
893990533
925015663
102134510
500005728
171983807
63612588
674842834
553663876
309402014
185739108
29780484
810610541
147672840
896311982
333363621
298441002
715200633
310687493
419089566
525152755
326722825
785784926
103957701
250124380
623463253
565288198
721567626
221366141
363123382
25721938
56265654
992906386
307207176
653291638
960200562
990104754
724066380
699552870
127841287
431527678
308211620
645258992
667364936
595350239
797542151
458339971
763871302
203274280
484500770
500004328
205240077
604538665
917042834
934561291
500009388
322712257
735990938
619213046
20137441
72
88295227
837925676
333343365
811125820
653013040
1196
434933715
55660530
142896183
363101526
654969165
583437654
253299817
961248248
55035352
239660266
991876564
11937783
266300937
307718410
810242269
491069535
480547790
980089812
924609708
855877478
238108728
885207779
145718059
463006751
121605509
659679812
347450453
897120742
583336870
375512404
848379568
892298329
355474869
261023309
519796760
404870202
952840390
146096408
970300933
620379593
736107951
165575345
401450040
285741744
600745078
144266066
137438418
845326713
198405702
456341971
889655594
736233971
500006848
168797144
576670972
357282639
744063514
363123300
973096611
98004725
29793718
366222241
321406225
414460825
826344625
44631126
540049262
490124964
539007315
872584165
367767770
890074466
797048768
149059370
973507977
609146934
960159936
704568735
215639206
955401614
546812651
59824183
190990408
545303571
703585492
503944131
854164310
250016721
619163295
479869401
904793011
46256902
4281729
861854880
963086940
579239672
537279957
266941878
333350698
363762533
842881375
410172808
684050531
338745368
19602
193487058
60120773
641023488
280287255
305999565
933793603
665167617
167350764
298339946
222821239
643948404
286031093
782013237
397096685
786933337
333350590
986520046
777235488
775340331
445078928
333629761
744076736
250001749
981834074
216685698
60454107
401100088
380384539
828396931
434563407
647583614
722614588
945456746
473296278
167502808
964697582
939410181
794036543
166688023
398374227
178223651
364387207
483975828
230729777
645399866
328262076
411248905
638777809
188254310
823464203
438142935
757702909
315383582
3908
611829256
682750060
86752873
920328330
324636876
391683692
190247243
94743704
719553232
27367956
919713987
566477737
136058083
869806011
730590599
583346614
79510734
440428790
227557558
191478596
883596181
872491802
693293650
306493400
39266751
639714230
937223597
101066105
138815118
393644185
137922557
469099089
714666987
103685055
403584022
328869168
787304522
810169878
907005449
221299912
641860806
396810420
139320056
699419068
215700175
917864574
507474905
619123003
151747803
24311539
624647724
168587341
329558144
273050934
2251411
257353937
8284785
760953813
648
281718859
294719181
978496396
247774930
361925535
677869271
880515093
495332498
915460475
119077736
812245076
41588
952029575
504999204
378827110
926993
262674525
1800
859041618
149276409
941606922
862102806
554679116
653785248
82206624
766322177
544090823
696509595
712168886
878927641
821715366
539604214
820240654
719135225
135387171
655893405
356335726
59008330
181139398
287691162
139840143
8192
44322290
101234110
672687466
207775728
744067049
438110419
672775278
737292676
2514010
979879340
345773237
72069864
269567302
60952097
485897171
952400216
708586615
621904279
274659131
236308448
149598036
292011642
563638345
645077305
166690715
56524380
939230635
571791617
347479853
789854172
319629424
552366590
269557009
314006888
906980601
537132256
433698288
611811760
858737652
992084141
180756674
583336802
546530549
858756752
420923206
128
551230443
682718149
546428426
54497343
323385219
191854284
6263170
582004428
460270069
499429857
51178604
527519608
391017561
388261318
225158308
666687508
307181110
728312292
486357846
233688249
990989722
21744152
109728409
856314957
553543820
904569959
492228137
722226434
799125526
649340861
547152280
667291359
624245584
690226781
898369482
48467439
165537518
250008847
957762150
544432653
431488770
456113035
539241909
768657781
108931056
115040433
500000268
282625988
597518362
723414445
738027817
500004516
881584106
333102025
247947195
262619471
405981495
713790669
686965254
778075055
624916630
990491155
136455193
136104962
188104039
12812422
972276856
57462328
94288744
975770363
333339254
175722959
646082609
306368934
583182499
976948606
535245000
809926654
857932885
389354089
171769700
720350505
158847726
336058932
29634802
532951163
458361776
77444417
936724077
666398540
202248781
285866696
296320604
31798337
646557401
660604092
73038268
628177679
436997722
349433483
346706257
445431934
700950305
500000008
901639676
376950763
702779815
131025157
544778565
275078365
912872815
175415791
307592173
786563292
38045315
512877879
442803262
17508
356571811
684973931
930788744
496820662
24642
801724210
765248671
170907135
122741714
268468752
806369376
534771612
397754136
767233955
330802295
744660122
810274173
86193719
807704807
259766650
565266104
380508446
274332635
934567205
490224646
288137632
504800857
583340902
223276829
533859932
63005967
405711183
701754086
248604177
601336842
779770664
583344122
416517347
974248339
860426679
194566109
298241114
656727274
606732516
989984169
997100389
241367948
230637616
212626143
452859875
860234273
386122512
261847663
86858923
752890083
268880859
860801929
739828420
968761295
517403484
124467077
541833082
10903968
880995905
509925513
360475391
452175996
710244176
724020694
506062320
291099397
537922169
288550288
256011263
272879516
639790594
533646575
857786848
392503995
918958819
167795277
571727912
980953669
965117723
702279739
805954582
447142649
569026036
486550854
749008520
500036184
681622983
472734881
442557074
183183519
601149355
834014757
892291947
624321839
801859588
151687668
410401016
438180992
480746692
826001598
902726950
908936623
834900795
385045161
901419733
885665130
926955430
226045272
940538576
361576312
236576178
949343609
170944020
726010350
734498030
791154982
487441502
731905170
918088138
54244725
18432
244373270
987054900
446335009
74118677
144854877
115162405
679279792
671152864
333358010
544660136
500000016
403126240
583348056
489801606
939582660
81192117
486834914
20000
784842232
760670993
702165638
458940512
996333542
519239247
583355154
232789209
986041447
235139383
43772327
940734542
500000224
370995974
699194799
952473426
559371121
404120637
333343562
980675965
704439042
704998163
697391084
733958225
500000928
709027186
806457433
875233670
236997563
554715080
500003964
333347526
767215360
959688245
549300574
99638907
398942528
446772796
785551181
200905323
462342641
740024798
15138
933951457
333342381
289304744
868338536
902889282
103823446
766500730
25931667
88428809
616373330
791746770
640713878
500000928
810204169
214024616
114062591
413549508
25627032
363120225
333348017
199004982
596127690
23345968
713450734
326740226
394147371
162409270
477893893
326141400
725644592
690640
738124211
390666683
333397215
177078255
479514625
356061679
393708977
490869084
643068229
633566184
527004348
474356556
953284418
88064353
560492615
457475659
807240604
641976073
614509389
772028664
816297763
882824643
880841790
822615856
859540973
670727804
332547996
766548221
853242344
387513568
992541055
455373383
524446191
513178649
177595713
529351237
20953667
100725445
630851065
265152798
982164890
653160584
776193154
934554293
910677021
181221159
575110725
346109468
333340074
11250
1479979
649626535
233377035
32717795
499125834
970563868
847593324
412604498
932718222
306693645
156462737
952395612
430834554
482858657
456997803
789111645
3681099
95472878
500011708
700070689
463763241
910040038
93902327
242
914637738
457780324
238112933
9920511
246498421
636295835
409329580
318399446
910043631
376831989
150922492
349390641
592853913
919760200
828978610
183872203
250001611
891302233
16928
337236551
657321275
868296855
793863149
510380633
147274850
360580620
2888
13232
218471943
921115928
88152933
20492432
907221739
897043917
500000044
914399383
566252490
237719820
884882756
835920922
333354222
11704631
443136927
162475800
583340058
4036509
333344605
674866363
430355541
574536035
5986763
33076
223210511
8
175886543
380142614
249402451
749021794
123149223
427779450
725790304
850434285
171599689
271404558
286360283
389269168
40164980
535843629
77923953
801197541
930766452
219781366
310190450
49859436
544179680
250025689
617337721
71356295
892490834
339589787
919338458
145359767
248009135
114413692
173098688
875020813
765815839
500001016
174891603
626442831
180498046
324782536
560115273
583346196
400002708
579788063
415334753
845606494
452740607
75901386
997507303
795001489
901633831
907915826
22178410
529978896
114696355
531015917
788947134
167324754
319637795
146718275
380992303
152241557
58200497
355148350
953509747
66722211
696541104
74492578
668688569
399517296
848243320
839348183
413861008
347289630
578480587
500216030
444283253
32
276557243
646034013
21873119
18864766
973173009
209682044
540414437
240011185
275023513
672535754
909527584
500000028
198623038
363118278
983752526
367521544
499153598
839615182
111347312
524612838
394472797
893601018
333335765
872059983
490650438
781909444
691145892
331505949
214663012
967935925
333343707
246240836
998384723
7627
325341876
927693175
876067476
719334955
603220159
759867603
481334478
250015041
686505983
744057013
245571992
250020819
839228882
825201242
432706385
493025092
952398906
783616698
38959462
274789264
388265244
32
831139691
250473897
363116610
583342836
72973188
206463129
989115660
780121833
433121263
440037859
200275828
523016336
423468802
15712263
30318526
771360372
500000028
368775464
151490869
593634738
600223150
159454996
531785728
590001923
809603355
435076587
819656466
478685276
657257982
600119167
887420474
820413498
543660926
172083372
682010221
479800796
147169642
744086975
619364792
363243660
229236039
761888401
19397
408852685
394036041
804638458
168789033
400956467
414372145
231780044
47269502
391734579
215715063
857103813
493927125
966272068
819661655
977388189
581025534
943105374
677468225
148249921
962934682
30170527
325021547
14953034
330337141
326534138
242
339255801
779072433
56194384
333341869
238104257
500004328
333356069
11547633
554900654
679787563
398118980
518557316
614882943
960394755
838152496
442822348
994235743
21546860
819878630
666452969
149477668
677806173
17173505
494038273
343561151
635095951
924687304
79643321
373460604
551007133
523310951
29773299
356829556
865763403
426939774
473965977
509133407
392
16585583
372470722
203307243
289349006
92439332
561693568
583354052
943319661
792929066
522166004
80127903
814894706
200579958
63494219
599566488
688256320
10082
516747477
948582241
976913901
689336177
391618746
959083377
20416114
384841116
528825711
544288572
360591075
783646536
169859648
363112715
435282039
100544133
805649903
94192790
908247304
264942698
637681941
937961572
963592714
137439144
465949847
191109747
195200662
46919321
289339041
410922205
927296797
850946980
158682705
661847492
697701435
533463307
316761828
366674180
450686678
800724786
72551298
662543393
358209872
18417129
459132810
798860570
863157210
90043540
120332658
85441166
268513902
316992167
478611775
312980266
251062260
939873843
115626614
182476304
376548618
653849400
978581404
348879786
456912915
40553198
153258648
329812537
818736551
165146825
458353100
613694659
115794495
402114922
497038182
509989019
633188213
482182736
58081801
904804025
751401469
331747032
84602138
958522512
812863485
216642544
457936695
696452560
783514167
103757799
767787204
652502978
330764514
193731621
638924173
918126895
699313871
962337607
799215121
558482318
946023450
416803055
215518736
158683930
416219120
413473997
250002297
418619563
209284651
407156743
944773677
476265744
623547519
792044509
255088280
632279476
640720946
793949231
840703291
824807946
377210608
636744101
870291602
321595148
583366448
610492602
363108284
656697725
714784482
586312866
362837166
3644
355400571
287823072
403029411
981958349
108739155
433977325
500003964
160047409
110465856
959081286
295947485
373077876
656080233
478817808
824099843
78963161
609775323
622798130
523838436
492571796
100499920
749057386
931583403
250010473
106491629
790542367
250012105
934939753
837476964
344329983
424011520
209628435
856695611
287823203
5618
638828800
500005308
610902504
511913888
497679528
249144802
30406258
171706361
209391644
872560278
496629095
219818889
457410056
28791353
952400834
601229444
456879982
465314797
492699470
709240338
954865840
194059308
437234600
10997065
286000688
146215270
499055678
42795784
25461970
961940652
508170692
573225723
369423849
209537729
617493563
723769013
333385834
333348762
847087105
968652863
502141676
100071830
522719832
721053668
512
227857221
740549601
803580367
592965021
472902458
485903379
53011316
363122672
609504566
38777025
547866919
288276156
517935528
880859450
21201966
293817576
950877944
336245375
990200872
426705857
583337210
583338214
223771138
703979035
476683027
868156844
919098000
752764090
696459358
587454250
380537573
164536165
619064083
959829971
77411027
796439822
756552599
95285790
858091475
446152657
611971414
82048813
949057912
604196048
830531074
489875039
774180109
448769197
15617558
718216637
753422549
800191099
417409237
370325984
93811435
209492497
409691498
552828406
19208
809537561
169527278
190258342
587774300
968212266
557202737
738442580
536238904
93487911
666685926
759177799
404779990
267371371
443606341
279592400
500012644
589172324
689996272
872334638
85702767
308098643
500000148
488437185
385413248
739005141
598247890
883847220
243947861
326895623
872835269
532040500
601226111
470661516
176822197
979301056
496198236
9606109
820528544
748864969
977348213
400663274
42835792
962524991
550079269
570328367
720775347
796569262
261228504
307039888
73447205
852696585
855087021
571452578
1537771
127431952
22734971
380775866
293465620
450
412566286
685641843
697682708
164274745
763897825
164106256
106308480
423603893
25422479
320139847
496608643
219843686
857790782
953121175
571115436
187851894
775412103
719747763
325480709
806796673
452674102
881581507
682419646
569919974
985576784
649390536
593635709
226911865
304683785
71239358
315434168
500001864
500006388
205417742
3526032
197398210
1800
227445123
888571868
993413221
544160608
931689092
9549309
987343738
970596493
518812416
859473335
197783019
720007442
481412296
98736954
205134420
482854174
744927019
267913502
518168168
288527867
283913797
516358392
598603908
906743894
653712732
14942667
206317739
2564
429122397
362335544
137461284
673535825
49396250
938047695
303398441
760052812
496095933
547187158
993020561
755060586
891457093
552126924
239968699
744074918
368183733
31469880
103063749
583380530
539463475
446800507
644856497
553283740
117690644
333352366
219807160
42828354
402348246
939017092
264279114
925952815
900649099
703897108
621628812
120511841
264927384
801916278
500000224
601204957
358110247
402440898
240246619
451395174
698919662
212171568
144949789
434003651
116331804
13448
51267971
476207468
549156733
172483191
139080155
396423867
7736271
500002816
748500743
552628253
602545783
856882179
405823512
744068010
52222146
197588695
707222816
583342652
849886642
585705245
147020614
316020438
954998431
207686997
82680851
954702037
756683094
315428270
563501458
366315259
305085321
587405221
983358726
37186039
415898029
197650541
173744728
588168283
888513035
8276
844625789
853147838
574299326
874324816
1488
968802506
724088167
761707573
771331572
278110114
500006848
340584319
2471341
363246088
610304797
958790288
622911415
37698780
103590058
886353345
931310295
776627842
404706975
576143769
846762862
37710286
511509265
475768826
143781520
648501406
683353873
803549643
220621392
576834870
800206472
410760293
57277549
489413168
591431498
744543377
707422492
358547923
866473657
294682788
949892927
96561403
116926399
273085731
535124154
288744834
620727366
238143029
850668651
500000184
370935773
203649700
539111979
951750184
102254157
404306610
133064121
744078600
236998488
947283275
263183601
500000148
482806246
906322036
8
198960475
813510732
404872151
66035492
581630109
925661317
27848
721336398
226746163
356371564
601204912
462764133
456028756
735748351
648549679
529404976
166691279
578546194
77433188
486780557
374114600
40922038
384204562
802817669
952033715
226875836
743163776
678313969
15542050
250048251
545479960
591599156
834645398
463160979
406156217
225718341
901791345
200
565865167
398634032
14268026
685144682
95145012
939895991
174760573
874246636
987225504
625466164
292731891
56114674
554248307
302127205
594651834
193562573
998133061
470988385
70510758
862952971
431002725
50603417
878143092
704521495
940054810
854543394
586142514
153259634
26135708
745125777
524456148
800100316
432112701
821458328
399187576
902766643
963567614
342909720
500004904
208028627
514719059
743256742
399275346
26370056
197402257
863916605
170334773
730911859
206340551
346516856
213271042
500010516
999569257
818877249
629155709
827574316
929806263
410494679
257666706
988957309
260015795
569478110
465887770
453403462
369192282
749788057
270163080
361411647
254597398
956806501
649230872
113441358
613848136
86265806
359556886
481049706
230665706
863398394
452426467
838136734
604934083
32183124
515042726
233690855
834611522
177039352
83051878
496945207
341424232
915834885
10292832
270959470
891828783
924877873
47552041
885590368
174937949
363103149
523961381
211219715
776378864
1800
261480486
957505363
619102981
931070079
403601952
581005518
954653640
642199301
628515458
955163125
100660171
497055119
364173241
480491323
7520
931138046
157945358
583343164
858370127
500000044
124463841
881046899
747237757
92768829
883566349
420644636
923589155
781707949
560581558
622135523
10311130
329638186
92489241
697474034
510641941
771470208
554415888
911625203
238110441
913704275
8
538372345
206765354
976240038
921580433
363622611
800071648
445130278
429183841
431556256
65830942
916151824
448949575
771869026
663294913
627955389
888879387
904817885
534246156
395690104
72163892
40565359
274151099
852013055
269435403
128171420
926762588
606558856
786438341
898535445
402399068
428483187
517136993
653898840
920412919
354719585
571947100
822526504
271668666
715514993
404486071
500000844
203042832
449724246
611173780
424541128
908078668
486960216
342063261
932671836
173496083
676972452
645876468
682522483
785864615
448982354
537647010
27200176
281343580
765024531
775030583
931629708
993703482
662239716
401569338
708934549
2
927458778
915648501
651640486
583344266
563457377
861059817
267901173
380211327
820092369
393175662
81821945
490411922
897131658
780663175
95302587
517675648
580472259
77419552
308665004
699089540
652886393
676417780
413048347
787073531
649384353
145086889
157831857
881838060
319165940
928619692
305296399
29778198
583839282
828720551
990726193
500001108
560015257
691032443
373680810
535374063
427339050
349383403
864921484
976233674
166725016
624297922
500008584
6412124
324398311
874225290
529869580
299977533
588596564
500000484
584369776
767853689
361345943
734870455
670651233
77411615
724273235
389354982
771154374
742878302
961145942
491274252
571514662
359500684
44901963
10672108
789834220
818990247
500001204
250003095
109903599
14925054
595930337
1250
814683523
731500208
249521576
738112515
740411063
338666682
13575837
744345641
622800477
661056872
276209999
354904288
642893549
999530639
500004144
367973145
382220839
85329618
94852744
241820000
163131408
990493982
522269311
976859393
350423596
654943081
878782755
154047229
426242890
303504264
566279192
787018286
30716201
425546546
274278808
717082556
950439700
391587314
634870814
8
546517202
113833467
500000368
114265260
12145227
761227115
175698545
597794143
487230466
109793975
333339269
717080033
972218389
123778318
561691976
94206204
652051638
978672554
21446493
868795939
822825975
875424581
391651379
106919698
707992104
606678503
260682981
138553725
739336904
254318553
730643375
592405782
601882104
827643414
799259205
500000028
154173521
262948678
439032186
433110991
346313248
12580006
961148627
374818023
743446030
117865336
257618299
422428027
934605569
904412617
368741615
531809896
358484035
571974569
365846807
709546198
830813752
264580763
110438712
155566505
970254596
476203758
333336257
500004904
952424888
789548144
23970855
926718157
174408104
192878878
326126649
654643712
210060538
701809236
363123740
786361362
267413769
574584520
120543903
598697494
791699097
562171844
513345353
299481094
482959487
293862812
722904084
471186512
77266506
29777354
80786194
412965963
387650160
600085245
807910828
174773070
4050
387055491
907162831
733700376
455847152
77637186
983715467
645732541
797268453
388056420
101054740
869422746
338529750
529531663
940655448
322989560
986865180
406002080
239949708
603644223
552126100
836300630
79666391
256830841
483893694
363729926
932952779
299270933
852554487
132776324
220245837
250004911
13428438
347207142
449033417
976809743
427705733
93451057
899683621
791924372
978555666
2
902961637
36979234
961417419
505364876
192028446
905341917
411551442
937014625
619730359
320902577
956385295
137930127
779020383
468735483
71977003
228696272
903054337
658768134
894660744
131415789
652073568
658255458
160031509
470852464
371488913
763534215
262601184
852264240
418531853
973839434
290201137
410212089
778580040
833392193
211708525
684524245
599153172
114402273
330238970
999409643
681588143
583374594
63172200
390726148
500011404
899026477
896187416
124426896
804812219
711421859
583340416
204436321
642870245
741932815
904632
253232355
250016173
682965449
895228636
807769909
176810518
492105694
134649039
756289157
794995766
258107646
616717220
989508289
922219264
957853127
415816646
890008371
983196940
500005944
803068947
192924030
367300487
9522
145195392
256600951
79955385
387696539
145138107
563957444
8489497
454659967
904788157
330718306
842442086
759812632
938942711
101625598
435295239
897460511
934867983
648256222
9588100
259569765
510127356
658943065
554655389
344340838
463032271
798527473
687917031
451489005
602213907
967925821
651113910
297083727
581716942
377011945
500006616
504128319
614613529
628370308
859098464
33974614
583384704
587470658
340570419
738745775
910764773
614785754
474809874
152609186
113429985
887913316
470002889
10952
452391269
117467758
617131372
722624279
562836566
124436274
482383455
12166683
478175048
980753286
423830300
62150772
467653928
978709354
44856975
452464539
645881786
295828492
886492960
69623327
767309775
704808926
696647017
995680209
583344854
231871537
907207781
969134182
704009217
696447179
422093941
84951764
166478366
65957666
618230025
312609250
740663122
595776449
843409976
520543739
113971032
230256482
107093966
273152986
782101071
337745570
697645783
807114242
968691465
814892729
828858969
976217804
872088163
504380387
542113550
702097663
171634588
230599457
554803945
933629127
392908279
864505781
280303438
846347896
792526194
887937794
208310907
273717486
443372597
634375086
987945139
909315561
69818538
439209591
583341110
688018459
333340460
295738972
757919212
278375841
75711948
210713016
296518461
363102239
5521836
970364429
237696224
418187617
952311302
674242362
877981830
752437383
192963222
687302420
29778772
139443546
186506001
159412507
933499459
991260230
660347577
1568
174365435
278497401
864722253
642884235
190814298
29346573
548827722
268525874
675768690
620537388
333338095
794657582
532359267
333336366
40238460
448335550
29791624
933220108
992854210
574193044
192711507
251903690
624558148
477341363
941876878
917418497
954646769
592456071
827794247
872558293
394492266
573061306
10945
417061726
317145405
681962286
786382190
522120637
124177961
286411850
155401935
47960981
194502838
178496725
274865041
359307354
357115269
884789283
481668748
862510143
758618343
126698485
189907090
752497133
788996116
464633610
862900194
197824369
386398645
381324335
603872706
819435683
399636531
909753701
504415329
500000316
11387472
686033288
817451983
61924202
877501484
917499116
127637739
613716083
880333900
462502484
526336773
996583515
151972064
262502735
307247028
520683397
262184553
306303330
256277759
601252434
500018244
346645114
243376189
754764097
760630666
428124921
119102812
912108271
211143748
224713271
372057559
402415546
415202001
874159140
40873860
614635812
132490617
706423269
389007420
228354872
744068945
500001988
292199571
770989297
311323402
96089749
754548613
474048004
707622801
97607233
421577604
323039128
632236250
484016240
591494176
78553242
349463157
766288327
696466970
983208428
242454978
260754971
781296341
381584812
164412645
13377290
188861824
645904477
372188109
308949879
396304682
22552986
140821635
601899016
244411079
669920678
178977226
260740987
349392421
419021984
215991841
800
415225393
692391136
376107924
669261595
819879060
942750397
794149286
474995168
581161296
252585208
937747352
226684445
323118311
88863623
561411586
662903201
997763905
609353952
809537447
979205038
699833409
270971149
434407510
705920987
987267289
162873358
586321652
694292936
310224165
480050570
571571413
38839
736413130
981807908
437407407
233366367
328628298
397816371
64852191
803892537
661338084
536698334
856665222
601196219
829507401
30041
864127129
213085176
936787490
232003862
524769932
35035518
161648360
642030481
668809205
875773139
84897859
493610201
314690483
155483851
610133981
341260094
611840685
880752012
292497707
95031951
677400517
153904003
553438144
755949613
744598944
682322672
947334473
919722306
757226727
113513939
548752703
541816215
723910654
543545170
599729224
599525885
806911940
914177540
805806641
708254439
512174252
10820
638201666
276072313
291057707
146937447
762703264
494520401
269278672
678641471
267504488
500001988
403359780
392751639
174989797
855373072
278904845
340463700
368242921
500000044
500000088
973528805
250106803
844623553
910732584
337243277
509675732
918727688
7940563
80554737
799329564
708219839
856696305
270828490
514255989
167668287
102220304
966260843
323883976
245340011
948139253
670556906
248196395
333374801
137232256
333334076
878586504
323083861
946772555
54989713
607317673
576838916
718158456
998080295
144917729
5618
68666159
9511421
310946200
539013794
616768899
722
583600707
169263314
947318163
839520845
897537878
959468336
333345762
954866986
473523279
885503840
978555445
558302896
500004904
346891319
54061401
209905849
813061220
550057423
634260674
657584512
39293284
187835246
497420932
7747326
893588360
310192405
714949828
788403669
554110013
785996456
209494966
947312323
118559069
376856579
157815354
892559949
78136108
390188155
159363270
284620022
541063346
905428242
220341558
360585480
748799457
670327288
605759126
704257484
72561839
816337766
245654281
975274221
157056668
98
792632832
197835505
356126848
46322642
583352032
400588446
536450960
790455795
93564975
408823061
383710808
875933535
591782338
628503590
512515609
639090562
792076721
250003263
326832015
977767410
51240872
845274368
69497087
213863868
158416674
80101278
688647926
250006881
5832
500002524
692261377
540749410
461316698
7549288
214457205
606640844
370865337
422147319
512851940
968002677
8
461899737
382946039
15568512
351245326
460844822
369437568
283890009
922708341
500009116
735131379
608748360
472124712
829226662
268126389
904619842
898691057
982886313
848745654
811866921
571502188
419078489
329594340
500023116
785490073
125015987
817841195
10730509
757341459
54450
583335914
821256704
70098749
955329265
527275485
584781968
679480538
175058590
613617915
396008957
981591463
856567003
130884332
365362667
387094370
794572077
508800642
718401244
250018111
971925925
935981523
79785544
602586985
28020079
526903822
907290523
421818292
793819041
337898904
808996540
873229646
222123589
256523007
739731825
486812012
250041153
260794068
908001420
56630338
588925086
502622425
869695366
26127070
849779767
158144600
347207752
362254268
112438527
819053603
542697797
4303
899630100
644876240
873739869
62038018
814019574
487988248
911927588
584969775
928141134
61778884
694648228
508469355
964747938
417151176
643058514
248141223
59042749
616791628
531785278
830972769
495689003
274840647
745092870
409287677
774070945
254157395
665652831
191382167
448540353
284279894
316497891
131050778
949026267
65049719
504844145
974848424
29282
328601828
244948369
845376009
115172143
652638058
457570702
406777918
965313954
888914343
415887244
996774284
968684361
514902458
337094738
808811849
363121670
586439120
505788283
96482538
371174306
909875601
835625694
618511516
513605837
77396799
913724220
95276348
841190455
376980598
670764670
884694927
700710157
749495164
648775958
860259653
871376373
333345786
139966260
906475993
13015678
544028357
458657079
716421230
219498314
215364046
500001016
661944243
414375162
640305578
138487518
791161983
54480966
333341452
828226519
769264891
601255035
192313251
208989210
232128059
610889270
155628185
25572218
67225311
768855959
681386013
944990993
486139060
650291674
445611849
673566128
628660106
12807292
139189581
632019001
105715227
51481574
489778300
815884771
144071338
373628073
973369029
583339618
84876496
561953654
104659113
932775011
900655913
275824827
809593669
120804522
394408077
430885661
283298891
348971731
391508994
926290441
518123769
735631317
594545370
77690096
603642180
760634229
795882197
132677668
270439324
90003162
663841634
588150619
203582981
419782254
128969446
380085490
223747643
138204432
386382174
359000335
754686273
261476946
988982050
523391898
29785015
940518768
185000314
473492374
748708771
509462498
961694490
333769429
169376601
760572405
25232554
6202641
60095439
337055124
500013616
157337519
533364046
601222089
685698462
382013880
234118341
440645050
21731635
96373228
399641920
734637281
625683351
165163296
922246228
150395052
26746356
23789815
601430099
712457971
910933493
564324357
442524464
202482789
750026089
304488286
635724849
348957888
803556396
279794122
756287332
292904229
493389227
272438760
707967366
186893365
72816649
37209486
320968362
167305718
583334144
241652916
578832578
850901465
77393732
301717128
713089254
20042515
931552473
873773744
859619322
344048478
650370499
576042816
44824005
693206453
903635188
272269008
938904758
35350852
939342731
691120369
940989312
422964601
436773854
895652456
193356576
369685005
741041392
14172786
480503298
922835664
284770510
296428693
839493043
90000058
137233106
293297727
808495721
92025791
968199002
290108331
322027944
500000044
865447797
939210662
197264873
314589537
821176988
970107414
963373031
446667328
83229115
225106344
511438552
150516601
161299433
878098989
574238288
300834778
580149887
925253833
781774731
502031312
422466274
50
291112333
717372866
639413313
487508211
511107053
952813056
534967465
81238200
621492103
268999667
875496639
877148065
372677678
778390689
900423032
567763424
245077945
32172628
500001408
363709389
531649826
45746518
300063592
100095628
796
641840760
758867998
957290767
427281939
342392699
29102006
145435299
660640092
500012328
227983644
4232
38057731
404964949
523991772
97946296
454948301
792436551
54837340
746520264
687024510
663209501
507339300
146822905
33931744
744819491
163613851
546024290
819617127
7669082
954251877
853184569
77925
638534607
238228087
878151419
840750393
151401281
9059703
130822766
500002248
317757254
2178
474656429
842734419
833343072
828580701
19828982
696463692
290847468
952410576
349358556
681989522
714731883
678932110
970958814
414571632
298350362
175256890
395935802
572361612
27164463
427341640
462973409
55943587
635206806
561939578
16896173
615110999
145777019
409376027
96625973
277784437
19421669
583348722
328863675
144573751
634392224
255059292
716412473
621816296
165436650
442102570
360414064
823799147
242618752
748555163
434691516
51884718
48023022
916566680
547446184
823146595
240175962
62551341
749410703
340280187
784927884
629891242
796168480
422033285
766398327
664868288
232460783
310298943
339969223
930387471
402664539
606687428
216420241
771175311
692435758
192737346
465203268
241007349
119765726
618310825
750592522
553802883
467342322
809018152
15792676
456836477
232863011
60015841
600819793
220648750
103064276
947056486
667336439
371986416
333343466
71782538
198829512
965242618
149689002
29796865
860703094
77401371
530463727
726124970
947867921
681478002
423416726
48416853
427149591
500001628
557006135
73813491
863154565
489357113
191062092
532511211
738124211
746692004
951761753
551674672
226343259
822720509
774408194
337398383
23207558
412750980
73534779
328479149
88118351
381967072
317292610
273582868
195135882
200442689
703899092
672837767
205935968
450336324
952656296
380426847
191993015
27913641
644203200
268133954
223796523
309634389
725838208
399802730
934534165
432186203
442429
449888661
229221985
89649236
478866412
382375268
156479148
913187993
169190120
315138492
858209068
281835543
250131783
626783377
65154410
810602163
500000688
561532061
706405040
812924874
201083355
252393245
125830543
178829720
2915431
434305803
593012046
421238935
98024897
156045846
744060719
919225005
516528234
16892916
925700542
562393795
181792045
843047103
583344708
333350017
62828525
792136904
452397449
448769432
832481317
648023031
226847658
982898716
681565275
761815484
32027044
618682388
230821635
548507745
765157757
134132499
675942233
928831164
802882383
649282308
348246422
404784640
943250086
771487213
794211643
379926711
415205338
193897531
839696881
625122679
704810316
89142878
977916512
917218825
516932431
974180587
353587436
142575967
579034598
471066792
288753613
483010986
749455396
534796125
394735470
527865668
652421555
466803478
187192527
709807512
192657330
10888208
952248997
397592744
995942718
319495747
75017514
897936115
3872
479788620
709535707
796483998
859195119
250021613
761702727
413780742
173789006
485992559
763231222
600412626
524964949
208838880
501182728
76344997
74965612
930592817
842822138
237457451
358744657
14608801
117849045
815901027
173486211
8621
2178
649482380
6300397
797032889
105357704
625371378
285915056
287303770
457668851
986111125
837475507
738659314
59967829
90031526
607690072
161785912
580914822
177339312
250025221
724129057
735351922
704779838
455168600
874537145
904216376
388255302
888973013
471771453
172629996
69282081
70549859
223550327
344432632
990760142
469675281
59364285
674549719
300558098
176745653
670863422
653962660
15488
761908631
367659174
135889654
184148186
168658454
483267947
374338825
23155302
468363902
429475228
935391331
380604566
98867446
105038313
583355334
871866064
887811630
56257723
774101315
393673428
551713075
364481355
883398788
101908293
833983910
256393422
452224908
753524536
964150593
182377994
2312
738370957
631001208
239370724
397813257
834004765
1219205
307215362
828334346
191792973
583348408
588559367
975373104
700195106
479918994
791672380
156169509
868102719
772941572
33501884
779411776
329900804
325458761
527968240
157444497
170278531
676258982
588859416
20746902
629794708
147742655
333335139
230949372
10055012
183260007
968634958
993589023
421529491
286917151
450972407
229551102
583341856
896620356
328316222
955666634
117770787
485832656
834846260
253572655
447297790
30140332
339008873
689501311
309559782
32768
874684917
250004945
537287087
834828798
86649216
66955984
921391274
76234330
127030239
950452672
490645498
685113210
253202927
152005110
253002600
332658831
882334598
6791823
367246189
734140249
191079986
63751507
333376201
999281650
62444159
480372364
889357695
42624760
114485694
694092845
821237068
557448499
333406958
578662093
294932710
475685163
240209670
894899689
687796652
648312235
5592068
689055937
457234552
749317085
154163404
644817876
67227090
221125556
380265458
447745384
645748188
996994538
603004939
567654774
306570459
102473115
312116847
500013288
583359196
451695125
640713214
559473546
465375092
546569286
404773944
788837270
954794632
848502162
576659452
676608332
106464763
764283784
630001542
4290205
328703221
764168257
330658958
537277421
215793231
706051110
396683116
432716444
365116905
638231658
468581280
806899791
117155857
874966820
125040075
705959278
48812169
655402274
650493214
679772568
191626389
114309461
914268213
838709269
875484193
879384066
505371968
504072639
408629427
377322507
523551642
600714017
884768660
13466200
268555162
446278306
162
439141107
254617268
778151162
190337928
137390994
169003788
144113425
95889314
500000316
91410299
813096875
72520382
363101965
144267774
106791972
764037335
699829641
575923209
170844482
300672578
208538715
583372992
2888
599052844
562494039
923407405
983286797
328262550
250034855
661061658
526717978
447970462
100021588
238113777
612862940
177680527
163013711
690907345
180723067
690867328
583344988
148919804
295298669
231267037
360443854
602741735
973999016
894219895
733782890
417621580
980288137
54899774
276785463
891146286
696188670
417506575
180868321
906671949
532156549
9248
287316396
239524688
986061676
834007511
903307091
382223835
383553056
904985610
725448602
752422064
598133212
548570411
581017631
825917921
166636957
762235580
432109640
534529218
819763390
425248814
883437075
115343193
919625000
172189853
774987339
135356132
148198919
72568888
778454781
999309849
558327394
881714408
860798594
885623759
260625458
756728075
242239372
940905217
595079274
954761782
517740954
794209530
262737517
354682129
893350159
968
530001587
261991774
731331980
160421799
38237986
839587017
500045908
655650734
196751508
203297057
510246187
79601192
500000028
500012328
254041143
506541742
135491484
884197447
867728651
21397958
960193181
294748405
809567541
460105373
583343556
157550913
68276104
601197322
175739812
333379175
714032499
643264152
9653835
606656328
143240349
51316570
449104531
835935413
642881091
500016748
540322629
495226521
283040703
895272447
734898062
128
231165057
887210686
299558119
593634633
607419757
834689194
957599434
684114740
356388673
738876238
299054228
604455033
889360143
709551335
305736376
62976535
378810876
583350688
474713976
198547583
859281182
834541746
199482275
302620243
615983624
285747356
652350060
764232300
503242207
68585708
554267333
856633588
753225931
819076492
994158732
500000028
660357167
578
333363425
616973113
150701658
661858832
739517049
59737211
443533661
216460345
65292822
785592647
294594713
836563750
13285777
500002116
884949766
500000548
456098083
583337124
119727644
130253347
600656955
747834050
580469216
500041188
202172109
583345236
939509255
869585791
936557647
198362673
390940616
162
323171730
357138887
809085538
268091511
591522300
898075412
292660886
631497173
200501685
339789717
523394967
689579981
110577428
325414085
269876524
788610856
34911487
540487837
713882493
553808275
106931998
583340134
19210210
917994990
107155242
193145
19308987
136240646
500001204
769607776
633211732
615768101
747148148
486018761
270693840
230471278
545461355
327267769
262322061
57020035
305150751
660909883
894913503
565100118
755466682
787936840
568039757
429082714
29795044
522103663
333348591
140668149
465206191
125059630
987181033
601197509
914087932
928773834
958585123
723851295
660330441
568569732
840462980
244660680
72837742
703750152
465994257
77397083
354357789
681629953
373946542
448108132
968
865294019
794445816
518128160
938329705
932833477
528526622
334077253
854463178
233001019
461647524
650413199
374761578
500000316
248042396
230227995
932519252
708252831
328380743
716594544
47919363
662310753
958988875
934892405
250035547
35227465
954449646
379768567
329187274
460676998
628683379
476199776
58067066
583402196
13222
83645822
333336706
225115682
670801766
982547299
418296921
748113643
119732011
3200
808714888
217542736
746026638
525156592
746499664
144702702
131002394
737353657
340734284
751986672
605341960
856744548
982517532
333336869
299906315
250037709
485123756
588748996
879798661
775042147
992704039
241234616
307526073
675272871
832530505
650075430
139703091
333337778
251842720
582342089
145608127
708505234
601238616
314968097
875532586
56864651
481585340
73373359
734544412
115242200
558376323
170230135
527966051
500002030
741840491
666679640
613708448
900209892
156741467
86386508
895723647
50
752216750
583353794
669885395
238718892
158312524
597385800
488875668
478047115
378280061
177855835
500019804
736046750
810218191
2042
15756076
500003788
26688971
972846114
269103358
421610865
35853344
583341100
658261229
319813358
849248137
893419649
428389108
615219182
626331671
219223075
792538415
949846047
142912701
610215715
458811023
794717203
114628646
876541833
720359883
177444357
363147710
488121425
195579825
300419474
890112485
890781086
685962200
130805304
523643610
914458261
618823350
554532340
880134481
640167025
17864789
105449811
333354620
12820691
211222475
575876757
370072274
219546954
872067001
205184997
146568355
39687756
145708454
302313644
985607199
58240
230541497
124460190
856177609
707829487
830410862
146427887
294253285
187197379
961194169
956532831
861042493
671652825
312415892
500002248
12987482
768549104
640570677
229883924
136912150
286827355
391806640
9029
521385394
500006848
153138149
835220432
89991542
934276938
58373461
646794125
843911927
626380645
530383588
87213312
206354939
765735027
405174024
715423366
640610100
80782173
555109179
898852552
601883432
577617986
403922073
335841145
500059516
902273312
755449899
996107609
661950138
284277738
118232274
707827395
761392821
111322828
665470396
229431953
255816764
455134651
191896258
70743559
581495792
500000088
675433728
333350381
976019510
554341732
365889038
500002384
838064222
668689518
831488104
583352552
979077199
583349000
884637125
206199046
230929516
482672668
672154456
431400939
630420037
500000368
53136283
931794813
384783099
139161425
928139430
475057652
719690576
292281883
44708322
792803842
567696675
335471114
287157501
250037651
479607824
814273910
780156523
665231387
554752507
946363650
626230131
331268429
448221497
962109227
665984296
232308297
663691927
426438870
581043347
465533191
596443677
994257182
285738194
507681585
420904639
5000
78310483
392
417510510
952012366
790665879
477088183
500001204
862260925
151427085
186664806
301065664
807825871
310877678
333436286
612115302
971299669
404813624
744954895
171833111
361422691
543077508
603123579
406693792
817523116
136944932
276297574
864179229
411821592
576116242
573420960
424600348
729816640
615382058
448709886
553015715
775419987
45997
7396
651218773
314423730
487514873
591796892
177312406
309548792
715070386
728481607
708270081
912996394
471940723
266524814
654297239
488221374
59456687
815441998
25197658
685611984
131425326
404569156
127116589
90986788
554805437
871144556
735555827
395247251
111603695
362939507
132343510
942293548
129872408
120188539
363535791
1682
257265068
382054656
947589138
67321725
528651679
139873885
330918850
950652951
467245970
184123608
84562435
931061205
606993766
469908688
17253227
307260013
960887098
553670952
738128601
373796513
707847718
435615884
53560
582080028
157785016
513990577
183132872
181025659
949967304
498190926
583344494
500003124
134559516
899433571
354832120
583336186
357386426
17561786
7200
956902543
924286462
328891904
350268125
551944947
273638678
998774453
905518842
500000928
905387870
962942624
509575399
587213745
519366282
594791851
59404
809544107
318432791
878222693
141712753
29497
806038311
922010079
418499127
499990257
524505184
883823528
806768404
119060276
775799037
584421801
999447191
563453170
238111563
964301796
500010516
456825655
2592
934600533
166575840
977778658
894962470
26708625
77406490
676729365
223242456
250948420
257031814
250030867
619059635
450774457
675110107
295273292
214864159
146945639
349709683
288859422
15138
324437314
558069795
429623553
458010371
375373668
211358236
113394772
147273788
768240354
824369423
768445989
588346886
778106036
398882148
481222156
161316026
867868204
566852941
10658
805901326
496055243
195930390
682939689
213287096
104167015
583334378
601213590
468129226
479938683
451297224
258280618
267878497
271422068
629950835
969322073
394998939
270792345
61364445
941181404
333354154
2
502096592
241870838
494700997
182048522
996231582
651489921
227312266
756021264
623896187
586512290
934538992
992836184
825194459
896860035
438156257
500001108
42175075
503951066
922834480
186967650
564353640
295854543
308204036
783143791
431953773
750542804
500002524
534053435
468841172
960743417
20335903
199577198
193598455
762237045
779627219
451739021
593170543
166688139
643007316
205942270
878474248
725525603
467678242
900681246
707521468
623261678
972911225
859647966
934732215
610649743
341661404
648
246888492
627753502
887498128
934584195
786629390
524209027
527496897
459491464
450889264
207005675
14313475
800
476057688
819976965
33502162
247680020
720731839
100266316
972939582
216393953
895573614
315330648
52463865
955008627
902527250
810733321
192543581
509291185
254530092
999259959
667213660
405504670
118510430
164740065
173328037
302578600
510703517
807808513
208072686
86351598
267935488
896661245
568041982
361482675
45703963
396625978
411249423
240713431
812865621
481740148
930604901
597515026
876286704
333343921
47995196
588139327
444488243
103690727
891963169
916519617
504318622
313164322
522144647
523861657
4418473
934339646
292062920
562554728
967115481
583340538
54900893
986907567
945835997
722474418
559247130
672179788
459673888
784063775
685994313
123204355
196971508
316924934
934571698
836711200
59957944
505543385
742170057
246445196
219908205
221196827
494724679
744056326
484417148
769098254
539131014
524495535
500025768
393189430
881573047
976273702
640589725
754408750
330074630
609080761
532542096
333379389
669089802
214353286
339496956
747356610
370786989
686182474
793682665
82091042
409622204
271913596
737534882
961772455
445066676
977654418
576028667
152644405
290756496
71838619
228381382
656559933
967932823
488143063
445256762
15570533
936168696
715398842
726688987
656998347
554361406
562524146
843600065
665098210
137437067
79000885
924858993
603948943
571956592
64372559
130107271
16494778
563460409
354361262
975252886
542297061
897405699
277771269
247514697
277099878
896021351
8
809561995
463729877
458356860
622475405
150817387
222593757
187744466
444739392
500897105
649397672
566424322
391049578
736834723
954521503
9570778
583356174
897990652
754773173
485518932
637208783
1410857
500006616
614169412
89259696
606890763
583335422
83587611
408044985
333338753
312970903
286435125
623716247
500013948
620316112
333380816
846161293
976250964
978742308
458345485
90519092
18184533
770800933
787433707
477009729
647899931
81875564
825566176
269794905
723746694
791675013
121152779
38747854
907279107
938721584
417642551
151119117
238122917
31085769
526229296
333333902
198284572
837948940
891447014
423371605
381629445
321654492
572857922
810008166
421401224
537907583
154816798
103160358
366941532
529289892
500000616
886925474
864461805
863589880
209897039
523327378
163963905
7341937
42869379
292539332
715154859
458395727
500004904
340429258
950678149
807833487
500000928
333335014
927620427
321042269
310489323
250013909
420657881
926521556
278350440
308682310
57322155
250005097
838822208
253785582
941275281
709248517
502242205
772634102
601227866
958001230
500000548
685749713
356255430
792155030
926242927
114655303
284468484
943870305
809549713
863971887
198250403
999069051
391363000
950455445
350342864
234264172
923571104
500030016
809976081
206203349
85729497
217071529
216361521
662518895
153658284
250010661
490610894
931254624
939464046
132790517
604560586
374835517
100167017
810232511
31489967
97584491
545323669
659314117
986423595
686271318
840999953
125054814
6050
841507921
977763432
650156202
851763456
877002457
250072381
949918278
509778430
841977510
760702766
844562454
839720950
304609520
39020916
812894142
363429057
655819060
466587274
638714665
171367870
721482002
846114015
808788408
793352217
4445994
177384020
566285389
781270348
976809896
892979570
106482509
421954438
834612441
131534160
779249819
446539054
393285558
997434037
53560629
232675804
863462274
609940793
541137945
185947270
115973222
296537243
601209038
940777206
171684591
430985118
451255392
323679366
64159716
466212546
706721207
2808705
170659964
867275977
257544871
177540881
174749348
277701399
965229048
675651602
313281060
170894176
52423290
710658025
908350246
583338620
490131167
799701646
734272333
238249764
851606118
837169295
805652877
456627319
342610435
275392433
107938877
740196785
53309953
570772455
325404224
928387524
979093835
995440183
599075926
756575673
174301080
657024717
955358488
945250998
393449371
721648732
665691135
77426169
4357834
691172165
162741353
280912392
104327919
509631620
729044372
238174943
885309609
542929850
264771707
198586709
763182239
500000224
47514525
313802616
367198372
133872566
606087917
48245147
627041980
649435341
989485889
384995544
848897410
93493493
805575231
950163255
903344465
776618567
767950090
223644290
250023465
642875879
880329020
918724657
734461802
66532240
7442
866685570
115412531
828636347
935066391
810542512
453049648
202349150
861029241
96349574
477829002
572876139
976209266
740775686
952403368
500004328
294832468
1922
459776910
422158213
500011708
846506352
549706305
611193932
438129346
601209598
480903340
580730511
175072884
862786917
356766427
10628
738216767
814864191
878474667
709168697
185168725
986428552
969172819
744089190
58779801
100711976
325243090
738136475
459165922
82466548
510828761
695021575
335079974
874389705
506751288
605452224
516636914
175898403
860301526
691135332
83237071
171608974
682436818
290434912
250001235
119147076
728934809
839283693
792040802
856848979
452414771
683273064
160662319
153721759
80714614
626584290
164616615
108180148
562032549
2178
11995757
423717930
88282806
653526941
938486080
305781071
78361134
105993100
849747692
2178
932222460
211148431
394359832
491841240
29452942
945771309
182135859
583357234
703285061
500002116
500000004
697325504
264587038
569049288
631621312
535743092
442328227
393696620
368290608
500000088
29818088
345180510
735845683
123838264
772937353
561427269
608363044
7793434
1611344
237790259
545255500
29884430
288944259
641416407
10959333
617059169
964817483
221423064
672113106
101587400
949210099
396543803
152772109
300064268
875921049
605667989
298793301
962852847
204537127
583351384
140550233
597707892
721565578
154136504
203264357
197942462
23591988
507438174
428653557
4418
353364925
510269230
751291138
626897307
792807062
151153144
339309143
284827025
517487435
747437195
605511714
164941649
552441933
541090453
281209886
6050
391166286
905703743
136941873
999373440
237649238
474047441
469185074
669613378
730839017
333336057
372061848
703243040
288
3771561
587346760
806870310
355499175
76062856
264896177
50
582723252
715267766
920910386
756623743
737990546
346261124
282374118
271475700
408185262
414289223
509438997
934575576
300412155
350521459
363119430
806633641
904807345
883554467
583341158
138156268
604265458
500024424
288913301
866572065
104684247
41318625
288106997
264262541
56104496
320304278
774838136
160020157
104816488
291189940
980658134
406172335
667197270
583336250
642882417
583401256
363051164
60241264
44485747
145866962
856459816
593394128
591051937
427566307
642897305
665898960
207335879
440985626
494466811
905100699
895597300
393026424
697139961
984203141
583369796
600456096
89340409
476929378
406411324
693157786
823666624
698070998
850206063
845173688
17584014
496300958
357858477
884310573
520421940
370423612
667929209
666856472
51949988
543884706
910249982
308220385
92518161
37500398
224001930
210169294
910128540
726795411
938959875
300978479
478388212
926781613
291635699
287821149
257640448
333334377
164466311
700437357
84262166
235866405
706132423
48751625
291880684
744067086
554526014
200242388
981917474
500018628
904780059
820243018
104801611
731120719
985305373
355874170
571418777
259600915
997604242
474093207
657752000
611465462
276786594
82516341
601280431
847195843
143882978
780060940
872901636
947511317
475711762
533033863
170204191
461260585
419347046
955722877
412368785
813088183
922337099
65990283
487720353
997182585
751989775
385341923
99840761
121500353
636386895
474682309
394612373
176815675
276329192
571440824
95147611
657797514
126496564
236601921
19721054
454381309
242950627
305721757
98
421891689
524441865
667
82444396
416974930
27607638
354855207
62363605
254149000
987503364
962649474
448988593
578
651322600
798812008
644700302
473628371
279334225
591397300
712800164
729129463
243296563
500003284
586201150
768022975
952992783
458365531
992704858
639528209
472428702
500013288
500214401
207992631
177467
428732258
94560146
846721214
434642696
692699110
777418016
49748826
754637517
973431197
69684576
758786919
585073210
71956901
569982616
669614016
7932639
430053604
236114
622843630
408378792
535877542
112356290
209471593
757655729
106786157
366547584
340381152
573486842
92624193
2406849
143143204
805431904
298100820
320253370
996823593
528878567
933998633
893212616
968005486
879243566
18
937685415
520777503
142282305
951083321
193068434
846488247
615176457
120883204
299811800
280988192
665637503
80745288
741876449
445888908
252233549
981310728
717679471
500000148
469631935
223267687
248634381
102864432
607135645
978368385
790164954
766514629
838398927
201103589
300816317
199156671
955253786
971461658
777854218
514478034
500051481
458435964
664396408
952999990
518438157
277154586
40812585
51248304
952063593
607988163
589232156
497751432
934003567
229245619
881230920
725544206
826734508
527157373
934101498
468881909
87167981
55795492
974085869
266566976
220735773
125932080
887784738
813466512
399666260
782304949
64723001
120154797
305105997
107261239
651710721
537835648
24430433
319474930
334264167
311312912
904778035
2648766
237057408
971146148
50995155
159668928
203550981
23596
746472354
516328986
448193105
629445525
941392489
631510366
139488126
473200792
207433738
229156483
752235525
400762251
743759644
517809624
90336125
163608917
601232828
550707972
38434653
721637804
500000764
768779610
500005104
30126818
389110807
198072255
636447502
582446481
408459309
168334728
234490583
649867187
54003117
842413765
872742888
318165929
607264974
507142724
725923851
583490452
896635830
601496130
211760132
33617201
762799576
602855423
289477716
335697483
207741507
473705966
131816913
649581514
425594460
665677055
499067512
723987131
776249848
843512076
684013486
118184818
465736437
583359612
497485206
394113544
289549245
564563836
712515765
255220574
106568654
18818
307024804
744072996
399945263
745590582
286913133
229987825
494531991
871218226
420321979
2178
233418150
583347818
160361600
417699758
333348581
500001204
458124681
774321818
523986189
160573592
86960129
976054819
128892096
146703202
300780207
529580602
426260598
450020764
658241873
819945917
774069415
952153535
327897639
273213063
421032981
864605322
545589898
299038358
110321175
165993546
435201218
40542111
726318922
397897610
923583821
508954466
737704481
500007324
42308613
122765558
628890604
25902819
103357224
137372256
770618477
458537536
580359826
474123029
817556839
216866873
13708
892439412
460440135
94079618
122042408
614111211
120288023
45211481
432195771
3661866
148903390
534864752
672551156
207990178
523756070
193318453
137079005
478711607
949988676
562708448
734193559
494134123
898651813
982923509
695940576
988250225
624914508
912704445
500012328
948862985
691194333
155068902
443157922
313340741
674516736
853585990
760527815
448282403
377161891
333371541
19138847
525922259
659244658
239044700
534654597
814394008
13998553
77419604
469245672
20810122
890304257
372305129
833355845
622329281
984350975
382074605
970102285
791478293
591390041
9052
839239411
202383491
649985418
583354646
282577037
458660219
372414276
39237666
904795067
388152821
26503884
17932943
223566338
819642209
82419419
536430452
848030685
775248834
299797143
437137963
600500765
271218031
683195273
180135950
803578966
1152
771547772
743407408
895489402
288
111953851
397287567
785040436
562818805
745344870
382806297
402942421
715187728
294079785
454535033
148391784
965079905
573353556
705469480
95293510
561456850
110266123
621431875
690223078
295596151
697586296
607985659
847514866
537828398
372121844
101989895
792618999
737950031
620964683
309556148
132603108
16711584
583336028
685972694
519414100
832482150
266847706
164137568
42897081
31244387
500005728
509514233
140538674
790531110
203867402
276261675
814502777
77400662
253306322
288151688
292197757
119126354
640569304
895267939
458346334
260161288
285734222
554756604
809997960
579191520
915912851
693434107
267866284
831376629
65598959
578
275189892
978074212
210440517
314043513
126587883
583340296
555997526
935940992
302095129
602131929
135423325
776339772
522707492
191037307
833288697
583375450
191208885
915275898
995361070
40809159
1992
500000844
821723220
785341950
441994305
651055091
950269312
481634299
251577687
571561768
417451313
973621338
90969593
695334076
271114527
162151790
986339048
544413241
732903435
594731613
235544716
763104058
751398504
342102835
49557477
896183471
854472690
580490711
395270522
856489615
303296558
73386690
738138005
45104133
767875226
212628563
904282397
350005895
951789410
132280787
318781474
410736500
869892484
647236904
928928656
485535363
151228015
374012034
639714321
545535492
40548039
583344774
341950593
636309355
402412452
555132124
223087575
779178919
600653421
953766001
286086036
597766425
182068614
828724451
330698179
897547484
741367599
35081785
129157055
50936120
38726893
3200
347898085
394311341
852902077
399608497
289133614
500000116
381031683
791699741
250006549
335759785
26628689
129863007
894577324
693971134
333376591
763927633
768335824
571527570
197053272
874350587
167482798
131401769
160458140
734965680
567418396
281147315
586978867
507037236
219431588
500001628
262308894
506095
934970103
277489730
642971393
332570772
940749626
211547410
797304670
721196847
906063580
65222362
500000148
581495579
372728517
382129273
437803299
8380682
675621908
409706511
610824625
537826050
341362833
947611113
500000044
43874
310025090
137790027
810251870
672065213
747497608
493465390
107980023
438198008
944708449
593194593
236076145
287592400
523905797
701748066
642904743
971759896
213303774
116677530
857009790
152559642
994591633
177991458
535746684
359689384
63049473
433484910
459121060
754616599
866468058
147076526
787881419
884184929
404796366
63951648
500004904
926922187
52270771
238795252
44309999
903841387
125253794
72076140
893782636
778510384
976483265
374484339
333338379
500003788
247646702
857783378
452388625
109592145
734799889
508225924
374304181
890142945
756159112
699824155
807094024
195391140
643631781
517290122
633948782
554122057
232853664
809232261
228045419
581256775
979777812
863828134
287834097
145271517
336130045
281976641
714199168
414368135
358506788
754663326
704658064
560441133
607511549
880728584
48067201
59168
807276107
954094560
674236424
325211575
804539416
614912778
855658130
51034864
455964171
345951226
898743595
327883373
449805658
340776781
795250317
242274258
804815015
304171861
1352
837752517
539415354
827496180
833213066
712484806
675493686
93513062
906995270
738108267
643625485
201954894
422076029
769728666
46515379
769382222
494560786
79716193
847042976
783068291
250004115
69482052
685825460
238102827
9781327
250001173
595425593
134134920
476200228
306551145
898117899
218658346
946342621
771314306
583880098
293389075
178763990
248324303
774423383
872073375
943612438
77414823
393819613
693045291
457351166
64242452
549428670
640125636
487329497
307147267
6229603
134737531
78682153
482149820
752445188
127870604
51856631
761113161
921589700
948694646
107501957
719692695
747714281
65102321
901351088
310228072
844886879
272432353
76809887
927482413
586386466
576553474
200842298
974979794
178074762
667513591
2457636
500021428
627268695
663178386
303086017
993821442
817296225
279141608
614167034
363136631
555698952
919505242
469665096
452990245
163174328
426621540
75553984
528660088
400883993
84068473
332933330
146294224
208619027
299259674
298325843
583351294
250060903
324769738
777049154
748241591
681607553
400322101
175334817
184508303
860762164
768157031
583369690
920341659
299515696
701126389
164073602
583337232
403343773
235453858
289580050
549406022
834027930
514118552
566083210
4477
583360770
945343295
489284545
412666677
749175222
299761678
458364586
190332745
754509807
500007324
376778543
802531095
234672787
815433522
677651783
824700989
147153143
672305420
959802524
165825057
577248340
55646952
614882860
799253495
712438828
498827344
989716137
109502266
84805829
243588289
311960712
4416390
382294673
149383245
253359316
159850627
553544816
707103180
602584470
225418558
225661152
385457442
762470423
954461927
202785494
112377388
231552171
211780078
680749426
398136494
591597713
935057780
489626950
412608467
667082998
317154927
487176871
312273306
779519890
706621132
279805883
291467096
312773577
209585244
313478491
925092426
410503600
756531566
738122813
772460678
507245464
483689195
250052947
604794602
7938
947457364
47873951
110750823
113267855
392554296
702435011
24571981
745432525
938213849
192822934
623805614
728286806
862948815
234863134
749626377
981625024
588348549
193345472
410804556
582895320
421153384
583352376
883937306
689798417
152498958
449389856
495602745
309569868
663786970
49291403
32282117
701857644
152244729
309563188
164138008
885878695
850317371
26624
934629229
278953916
333371751
115347420
800164480
198732106
639933112
642579877
854520006
677414122
414609015
8846646
635149925
173026254
845947574
830954199
449493002
921014284
286350742
255913733
391407609
581108465
105786504
152396141
748622338
841132454
392260647
760253477
284060486
500006616
212982251
3362
485818663
287635744
688604890
281468965
557052937
293122473
236204596
643620718
459973938
178435384
768882084
883925338
523002719
978142822
267874653
283078386
478773984
760478107
53497547
940772772
247743763
705794108
471314093
713273025
87419342
378374470
757944827
489
638488525
964755553
780559587
542271427
185237009
214145787
25992
927425451
324533411
250004013
8
93679579
774205937
741360704
905440200
42350756
313769653
215030585
100687644
149791150
674246993
706752596
867685712
237636576
191975242
804463029
509572846
540498161
904087844
744083181
765674909
406436498
333347162
976241992
226796105
62535602
11600
333351267
232140358
93940493
642876991
250020805
333334794
1152
387117534
237251129
753132814
808638554
198783721
485329313
275201867
211341705
319372707
68762768
924619170
857474663
583346806
831850717
669816298
212222707
450223129
645811093
601212532
925101372
77385424
510348136
509734661
29772756
426746903
491689309
974651280
311715225
35905825
125138166
961115470
27593955
370942136
621512195
365843307
823369463
371496122
956707886
295969431
326752450
319102744
221903524
81449109
41741
934717561
860456413
934140004
490205281
596141294
333346161
696555826
333340221
612969568
4608
904631198
524220048
419826362
4802
274661709
768692246
241513819
500009664
24822703
217066498
207431430
57058920
780603554
471161812
867783565
160425711
641840481
2888
993043851
898594203
993055651
944913662
443879902
678218988
250013115
500000116
144160355
417866465
743024695
266378572
327612556
302027891
951926254
987304063
39762
125717448
32132493
353333763
844660240
934574923
516762045
355250632
192460725
516685438
982763678
442598302
738102105
452500357
68446501
393927661
454848344
26900070
904790957
832629720
90013529
500034588
598519470
333354931
32662588
822963050
269727860
931973325
583350430
583471236
25992
199002979
826388963
773386647
319469300
500015668
907631595
227849960
951809083
742324515
897421910
500096364
583341626
60476983
866246329
954069436
871886792
167733252
715290145
583335542
392
880446794
676225644
22638928
945519391
315007032
798817909
825645094
619406820
658030887
47783746
4232
89574802
243508408
237230057
369233962
72635087
971006353
267883116
754100283
45796600
907924039
455632203
357608596
874362463
755544124
627520645
756561041
625662384
422436831
667794533
739271897
776159536
408680412
411296853
788777142
56082931
410735863
652945329
475975094
454144466
179892206
758340854
577015302
426925730
86061456
939397644
674144
291650619
603118890
785726515
491497344
646710916
904510187
466142323
270547129
989729813
785440336
907640037
776584673
821216247
637813853
999439916
583337102
139491291
773246916
677048352
442624146
934531044
617489772
674132264
103644504
118326674
4915285
617227125
831191670
500007816
984101342
583339192
333341349
396586795
754631124
500000764
453000781
900460721
155652482
954229947
698053165
957785447
861070952
914675252
277407704
914388610
476232196
115206096
583352106
996324086
676555168
716769900
524766137
468414324
563157685
58978125
583358806
868975446
272663768
311623330
249195705
600780195
955853742
628709118
273903270
360121769
382375286
954216368
26709946
36170249
27272060
234128169
788970881
468699381
841061794
656988534
526162513
562217261
418360147
664841096
113269002
96932796
406294908
243493062
140225847
500000016
540836983
353192966
610695215
958791454
216679836
911073507
392
662133054
500004144
758915251
183273512
539722076
470040321
152273391
298523726
865103461
313827355
167454515
35411233
805700193
934543454
995636790
288585567
577874961
487866853
114856043
807888775
157620461
1250990
751548328
904851030
786197351
199027614
712072048
795016478
812915355
571109219
614156796
727350700
111986909
6498
834786158
121682380
998828351
618067478
892734965
775259124
86841896
524047820
250476338
322729933
616835884
988872580
728353635
508837778
189545374
936267917
303773533
84301297
471934393
929153123
209218234
500000016
991665616
928159997
256035979
424982141
409275631
317745522
512218013
583338538
142666716
186018722
654867043
123184985
837252997
927708920
127652753
228597006
377510833
143440098
513905500
277909361
374926231
121984790
226740989
180904131
786386591
178087160
382271498
602615935
907444219
623833029
508922417
778932677
656318277
513599300
532100340
706550517
654257932
500000008
316783884
364608763
286979238
137776919
55528405
445629013
365824973
438825472
322582115
47040423
440506186
92315018
921904925
57517748
562083002
116879130
606865089
898058044
905380885
752173494
545316050
364856315
734912414
991144979
583397314
461425412
333333626
25954429
186910141
5273845
632742090
112924323
714536503
608240637
84131178
80954914
810409565
422930599
427185434
234604492
859038296
704918352
355578457
755832517
766178406
322397223
588365237
695437744
1713402
733143095
731179948
866229492
442124703
278291272
995237255
597157013
841388691
187554166
834396645
613196722
311222855
253752533
217427000
494344723
1697288
952395212
929027075
296078468
910488326
981243705
148123794
658650576
28854834
733319668
848039354
763500801
710119
813438925
172067556
822351567
801252862
580201622
69511786
578170549
157311658
282241013
583338014
951795433
333348441
453067659
46890239
28514
874302828
583336770
264320496
706604827
578
120541967
640539701
201564127
812598995
333229802
879139944
409773189
682126892
747635916
350705670
464101627
96004302
317149254
205976474
6952
744770397
857494660
696279369
520343501
133075218
612157811
570437680
748355218
729984655
858521057
283716757
424921674
4319295
84793131
642849355
912451067
349299067
545709033
823448870
920823564
635340652
767356568
635274678
356891058
703025566
495169158
564105158
900780999
144808387
761973398
722253309
445211146
114749241
337310428
169216444
57191972
732228417
626896431
241307923
999736663
670319270
20635945
493115073
687741066
451604624
249894805
355960305
226573909
333479554
266645278
83384390
724224309
765395469
631934270
25999421
186213514
42373169
134099526
892192232
351425640
571312593
404267433
686090894
868498828
820692110
966338612
516925550
583353236
765407229
624547483
178078218
792009631
39200907
827040871
626226551
89232570
889565385
508157703
58012067
267973277
860618143
42267065
748892938
226652017
37231233
642190543
51426979
205495608
328190824
854891725
670014944
506502384
406871068
500000764
405269283
189511348
500000088
872641481
70961969
927552405
942797157
756861823
628798681
538172616
39643557
402060829
994275806
970055258
635441521
660995928
499406005
255203665
217720055
746189484
333371549
319298932
320270693
3851326
645124949
23998173
364514929
863264826
295573899
342324446
221810288
973368193
308395756
211436910
844552285
197586279
786386964
332437817
930877361
790801326
413111297
3042
679876081
449791161
343888748
148246655
34878663
561397400
500005728
459937019
711866730
627448485
259127694
797813803
952408762
765765678
715951934
85132118
500005104
245883192
71133706
881075044
597690799
15796
241544967
979428993
167615826
973936223
958360670
79075409
964744951
354497823
473176630
500008324
430622448
32
630236831
398388593
734085483
446079812
243272738
900977700
559458799
333342894
991588486
996243476
780828315
141530705
232059775
820787072
134478110
234593375
737379076
484090855
511706871
917313710
297746449
227491503
273623501
333349506
999187418
749872467
181818600
730461172
420005214
847568764
468567257
221671606
326272352
189758143
923278769
314769239
527039793
114188024
110023569
901425045
731479325
457475450
603053891
543357016
951364193
491422767
616246825
119073488
874904175
151233045
688191345
518448183
464839370
664498945
3611
500009664
144872394
519179164
583348266
94734088
65576159
695558897
352041071
604016226
225961009
591859690
617428313
939403978
222487590
704182053
911779638
904828509
118610008
617141167
761921769
900971411
123190873
66305292
951257838
283093192
576749513
125781373
315791229
437204299
18882045
10952
255084501
491504954
500000028
599456693
866464146
902717584
753567807
442581185
142806285
313679602
5797704
410300077
287605732
555218365
786567108
583334054
809650502
975724112
785885933
148735975
566420158
167434403
30609729
603729833
791684893
894934841
516591931
437714043
335768719
209832748
925002098
918253112
377959978
472962612
636101448
198873298
368431361
522246399
972145331
817327780
550314306
167334465
865255529
469151285
429741076
510768546
351144620
546224559
800909154
643226407
500000268
553639646
454088140
333343282
333346845
711428906
599320485
390549523
587762214
793009355
778844279
611067550
183332021
261355254
154594022
241347580
121300361
67441585
964389546
806347216
583334804
574841013
223642656
307665369
21655220
920975021
561055655
989732729
6027678
718391421
336528056
717847110
465108444
10630339
500000616
295379127
371249957
511391825
1250
744060701
765675827
343801787
500004516
310067583
371211652
905389603
501203905
170994660
682064171
317742973
996918212
308766475
399600581
583334564
263553865
978883247
41608876
617018847
265464053
325139908
811227091
29810719
561487122
338972454
9591670
175582274
500006388
493796305
92706827
336757382
683643282
178796175
23758655
564010701
569134377
500001864
286854684
81616503
551453773
53010023
912677427
54636066
502302924
918880404
833068917
327004175
662965937
690889049
902899686
744080242
362630579
500006616
374895780
621148754
253060406
642869061
302449348
691198540
663074761
968
248238219
648792633
125069544
204022359
575030178
819803855
644790732
878634128
888126632
52033460
934560868
7901366
484771647
772801521
461107090
904829423
903347540
138865797
536982180
177234774
650909254
482562541
315709028
5813
500001864
875469874
77431370
587871666
845661181
254945694
670689623
363914449
124167565
110013610
911600398
784002121
102450113
867705229
934536928
799056424
456831230
328381591
470455562
177493633
807815180
593000962
126871043
869293481
606773181
500000028
285349374
405735726
807936802
398322932
300267221
304513154
796582111
342486840
137574077
373663456
875928219
112858352
541175746
11872335
602129231
673039397
363116002
891826916
897187415
198603888
806364211
914293669
826424869
333366950
520306858
22369392
564933
101585774
205368017
906080363
785193681
98108337
557477566
611571206
748778289
195496372
340757621
914322886
395299399
9049024
4130738
490186309
500025768
447893022
250027783
207639032
165238341
391122578
826084762
18
216495208
601228043
765027399
500001304
245177150
795923048
691140635
433540523
140266122
394633297
389673737
162238500
833982046
752499962
250005969
909827063
698796508
848202998
395207802
132863004
911893292
615577736
916152897
138361517
265198624
36267290
224385871
129213933
553592252
583346604
587755030
309992979
211951686
267559972
53318487
976196121
773539632
722399321
28765319
154004246
901810319
522867450
665042545
187778274
429967365
7105
354681602
247271265
964362748
571120459
831759647
901604667
192250090
970135876
901469072
238198775
506663444
262248143
108381382
333334167
215794657
970820029
934538387
724709805
338153000
363243056
941199680
201120780
372324915
456189621
476831795
121562727
429079820
766496016
476208260
864900398
299750602
852088280
982711455
477054399
436154269
344206453
500015668
143414247
301771742
500003448
490559260
118604132
657183304
212216706
793448286
24522727
744095147
434505750
242745159
483443665
64828996
137273730
371796785
70451458
30590780
868955883
424072981
89438546
418802287
601222412
5325075
915439411
291214168
788118977
699003228
189664714
410679695
786156970
256205991
767214854
247645553
934325812
151093760
508921835
686361118
698180387
488890428
862839608
319388580
500000088
228890379
371779641
468731875
363109622
631551011
630291615
986170677
415923125
536705803
804920835
247042711
317573159
912367930
622601547
856213433
164338079
409610726
470813254
894156542
104898936
334513015
255704473
33138128
796337983
468771575
153229846
626837878
979624554
320386514
40846296
969313495
330106228
259802645
549944991
260244195
483109555
193706488
977685839
794578529
301762020
908381888
457278383
516250673
332995528
292698152
530655255
874492896
194555763
788688067
122900445
500052168
893226921
281275293
565054320
601210013
951343592
674821993
389455547
675489517
243500248
95814693
583826942
235366606
254222920
997740967
141989601
514230017
589239543
500011404
407888077
537188591
829208114
314568234
709319420
252779680
976233970
454082710
177908415
96912990
998758340
29827495
509165068
347215410
359744831
78797517
953458456
974734726
345702419
75055005
240626604
993351488
333337022
94709490
91027073
919951685
707535127
448353609
32496382
576323127
243388553
568065031
958970559
463228368
201447700
917803695
159922859
737152352
354307071
613261179
338208574
201781359
114320761
650186414
446166735
500006164
805730336
161936623
159020366
817112172
424670430
360405242
153263173
644737758
202676304
925600893
597386465
36341
423198481
558471886
258281646
744062192
553664295
676221639
250003109
862031264
101707143
853566178
927552093
976208688
500001988
277908455
70537607
863779157
696998589
72063506
158836330
822882403
744073621
603140186
450714047
730431805
715564047
84748339
134786130
422321740
477088301
918972537
500004516
376769148
666685288
525940716
493219253
609714614
453026845
612606715
683557176
620626034
704944277
430609108
175358613
2450
672965275
690595188
919759793
375708869
416567901
821597936
896126312
423247261
870605435
927791476
384155940
205516605
811614553
396015394
173227177
383976569
331669175
877257515
676494818
97894926
349741593
687426007
873135791
565027676
517574296
316973132
907521549
441903675
543515768
743492107
896008633
317632004
282752972
134843208
101607751
684416243
149481470
709278152
77389518
949342766
591457384
603234278
351754731
794185687
569514452
458654533
337951338
523382200
461037500
342184310
983550649
537755167
250014105
743442662
322394388
478674182
238115739
172888978
5202
888821707
271593102
67754851
566604916
909959040
117582024
460516451
680846489
197741
583345554
874829930
994832488
670670946
454742508
171744283
84434277
508057099
809004498
392
887015629
744064867
332837528
983647805
380872940
671517769
287929249
647119184
111985489
85927455
867818141
58609268
324860293
678153841
898436454
458183635
605136234
583370618
937835797
565515026
503119559
673330802
500016384
337317294
731947983
1775063
970289886
544663145
676154285
963264453
866337221
583340350
324762019
843455257
333349066
39518956
583382424
552565665
172454546
333347513
834021050
480005827
203382763
358793172
473053034
319781594
780919052
336591476
389939679
667544762
758980394
140098137
583353808
955968712
303063809
123207220
955285085
494488285
101491016
3528
733550498
285727962
367119653
800571418
924057585
809084586
513792343
949815772
193668803
220303883
503732474
907488160
7938
890039409
497543669
67890253
112973144
233540285
811405131
431623060
667457701
712767269
650296091
941324682
25549
236177605
247213394
482422219
914110388
306136223
362312394
750024319
474634165
471313106
114409775
360520723
921692010
506545203
521710658
601204981
678602358
593410314
874357821
264317587
942436926
625124356
844030595
892801400
191363228
139847132
633362333
284851940
392
228213348
924344643
768288637
451721755
77587041
336937386
571445370
1250
333334449
28091780
319826344
542477351
227254199
940336211
51967494
507928800
9177659
120062457
895848078
719549898
283888649
93362891
560295637
916045919
738843140
95421084
764151087
333357252
649478956
581340424
583343490
672182832
848327591
517934235
331544125
854778106
895394290
759866219
678851549
824462685
736574548
772921054
842983218
459924446
714169250
841179667
485493530
773123082
59162095
703783466
235322701
553608526
376794208
500001408
392971769
62906313
378900579
278136591
433916437
934006825
984259491
487481262
22891126
126134266
926329099
65847407
646460317
290758682
294033241
914546034
489993676
343070805
583338050
713478407
739501819
685791262
825219244
893402028
77149513
829461425
583333634
468441024
218494018
333352505
709876116
814029513
525305627
906190174
309521534
948964183
255786811
408653096
500003124
127844694
184876248
3787635
254475467
539711836
405488972
472335432
632538006
786632020
759951839
347587839
925382066
55123737
235451980
583357778
250017351
597481836
727339859
534965726
57179186
929135960
335849905
390243382
511641316
609898648
500004708
243340676
424723825
400345400
404769744
623542885
209419912
409849477
109488596
431925747
719209979
286377510
810203479
619055535
832612523
916139306
759693782
560011622
181668461
130809891
907167497
790000420
177122348
954204435
719684324
591617339
744090502
825930884
197377439
583337734
509585309
449033089
777614070
839235865
66166625
625514377
893909519
518617424
149262896
323518482
1058
160653408
722587828
434362987
666562552
197792226
312685779
332230496
680147396
856403887
247429514
266216993
976256500
232593205
840096922
387985792
26938626
837569400
583339582
326844280
8255175
140494276
55367160
765266656
785831405
689482639
35123
127347094
816958285
696811624
830911486
813588794
759037696
953019538
333335418
586973370
714130540
690381546
333391355
188235523
42282506
937897124
489476970
719826
337589524
848286066
576030494
286825605
500006848
911048503
586337916
921327842
22152778
119089414
257766857
261698543
398070051
833232501
902533052
673348594
217923929
335625827
552442344
682389584
70270570
842399295
87373636
666362707
361973760
42749
288787582
771502801
28554297
668339236
806162319
542815279
476592969
276579537
671350274
684825294
50912211
110126779
99350420
730265737
250011519
889034132
8575891
506162299
435205352
505524902
633557823
446544877
10437761
57231049
553580257
39680086
144277720
505299029
53190856
619717982
702212457
262048998
622050268
443554058
942886659
671054767
30067446
878062267
747561900
303474418
297712440
539799583
500003284
172795270
949235588
351112377
375330532
523118524
166033656
912175343
57098562
743676560
123819884
875369545
800
80268915
164781057
500007324
393557072
661010453
13363668
572901621
90314564
501500042
643508221
112671140
577872557
287541786
996343929
250101221
665528192
500001304
503869782
977741594
619068453
363152876
421592939
924274299
556617856
561325912
455201231
644021746
331495036
499966248
250036169
407526126
600410715
216515889
565836703
296638901
410572561
672497361
500000016
119116076
152961569
904403952
471088351
761174782
376955630
607274897
333357714
969536535
204222295
404914960
171723836
405400032
932043187
903447727
696255060
875961707
811682452
382282286
119279719
786449038
904172058
374161736
113446215
374924139
92381482
555480866
569511515
634466919
472077339
507849728
29130474
707235246
682655492
267925947
554604518
776049052
32
949891269
240181308
100120019
2552576
356054809
413726518
180630095
77446092
250045579
542483562
681027867
981663550
77195941
472244380
359561784
405605956
372407876
125290824
902980646
310539838
162
584390269
877738656
762312711
855827082
157125571
960895432
334182051
751949037
744092179
138128518
52691557
394199149
115179694
226381036
53401654
530483593
16928
531117337
751484029
392181783
245617670
286506272
474503684
583395542
475581401
242
824231941
486050094
119588550
466996071
921163312
55580184
637482736
333407375
692384681
605107804
221035945
276869915
29830130
11712886
854148558
116609461
908356186
419618763
110877180
815880858
386925040
325880910
501839974
399634486
796917835
730300270
230604792
601207571
881246987
277113100
363179168
38122353
214087978
132066012
458157944
496209439
951193182
787730428
589728524
595767104
663503640
168120251
541635809
704761694
91906261
821981179
583334438
48512791
842434865
500000028
593395370
640745367
853487168
941786931
760765424
85766777
657981079
839545035
176379154
149752735
921509343
583334590
904146580
42023952
767861034
42278712
596790544
623657558
388307271
413147120
270438122
786069830
371497201
676318136
896716467
801347538
250009233
578052768
333339358
625983913
639307691
211364204
527074168
621710622
603317663
962356733
445374098
375685361
453753922
84610380
932604305
711490520
922941528
738153787
972715909
300332082
590769923
1152
500000004
873243394
46821417
600772241
839315050
431018419
278824824
777992434
667559748
425933135
919583767
497711300
248718799
639427402
785747068
237150313
352022487
427563337
443980564
172852474
696477851
98175642
919724352
540165202
410064950
408893993
333350138
29161
792561373
26321302
47890800
565835601
119725764
975994346
18997317
847638317
949448069
111869904
954071623
524609620
828170795
108495353
767753792
296843827
824163531
76474050
455826929
363118536
692751871
906847573
212528893
451820826
550334132
703140286
957171608
934537353
225166205
87512090
162
170689827
741387354
791699600
279848893
801288489
184418283
630797961
322701792
671349654
3042
255914424
522231324
300965381
29825310
875726788
659230143
950846624
840136491
152449681
304899402
431022319
942349337
515686205
778444591
592377040
718877130
780143891
363215749
195609609
744737509
307192118
290867080
145161877
253725214
409442565
38319685
320476042
702800343
25076031
253312184
158961408
515102505
674204673
933484974
901454183
363172986
163676596
498502064
453016560
6924
452324320
411176758
475201594
171254151
344634966
500010570
77151074
238590679
691809684
476244870
16944692
377697250
119747132
121132800
110598183
236219703
849262209
603162861
229304120
850094683
41094747
741514862
894702530
734527727
846850496
500007324
58921180
241843542
452395575
748470591
525831173
109187025
103269399
152277194
833375173
161486610
39008230
234453074
333357097
123671572
132717200
746824576
607727477
583349852
215946845
676717919
220177511
543897276
250003239
349639081
598204453
737330253
571184325
669753191
622276276
68731493
757738905
619195855
468076726
260331665
409225411
115294365
238113719
129209338
903444778
956307136
594289766
842423828
107843721
119778412
7837886
980700595
869590002
169133756
759228082
430214696
932581733
118446502
706367715
663870552
601295612
18261789
396345170
475940702
315986893
91709447
583353610
601373083
404808034
173148631
102680531
515963617
810175693
920901122
500002384
388991786
688143783
110188341
212647564
121863080
670622083
581478700
420947459
744172763
993180256
172794392
500000268
666709298
48100972
515168476
779143691
991288670
1568
94212372
438782771
30585433
617387074
412159123
96902861
365084796
50320897
551334103
821999333
114902106
101194310
80163537
604192484
366536607
670531956
879785977
57601964
267639232
210608018
717612271
542634105
663556544
301084533
320647005
166680813
148135999
533619616
352957107
788298096
481006982
833957068
759159133
706666667
821974689
731203544
766123449
443774598
142657225
319698892
639089070
238119439
642779487
760865770
329139738
77964502
728450945
908886096
1800
429392151
390784762
881122440
971102410
173377187
726666439
142875011
822166748
8192
993765629
323650800
149897805
524920811
391840917
533246111
31030180
574191123
908971222
11343117
230568470
86045469
502302955
994071892
238174455
955029748
565306082
500000548
846661360
512509302
72683453
852530941
275410010
886980201
234448806
173700162
952494760
787460523
277115308
186390710
286349494
2178
458097025
116139148
491385298
127260041
408075159
388596939
854995566
29781255
583338646
387369408
901439170
155436873
583355978
564431493
173335171
189002222
73094
997006850
633023278
335054615
458402281
742809984
625272144
183369213
227310867
934548595
768281382
655610787
452456735
189876974
108207830
133052646
903575698
130872717
643245853
873222554
145122905
257230802
868060815
728611458
646493269
419994496
782034389
599576466
743717082
386622644
989922961
504705122
24246603
429775986
952052821
458344485
547974295
773241943
946881121
461212382
77401961
637691033
182210019
40859157
274057609
727322125
349616459
170530785
959361693
500000004
74900306
583340558
307322666
175716432
179237992
676662112
104932489
754921070
341544785
372123050
148723552
118533802
91512103
998013385
696456162
307467629
935878969
702668011
69719965
738133363
458351031
326763075
768979138
578
219061894
868118019
906376704
74486683
104878091
208616279
977355399
532807267
900363061
500086948
302141952
238286304
633049308
967288254
103751638
352028458
338
472270725
483343461
714918617
157342111
764003400
715288457
824179017
26627061
531082427
280033019
172148909
28494991
90850015
199946813
396287170
954024644
652998379
426330683
742668092
22825720
500001628
410320158
67447101
268014523
125329887
5194238
344784406
865896565
600948017
583366738
471243654
727485139
762517256
434658968
580388950
299381011
351839365
381875542
846417251
607183836
633461366
4452282
81611282
985914047
359669794
777330941
761757124
788956129
91507699
762608894
532527072
467305547
585891764
60272967
891939349
493754729
898144980
157136788
420708956
122876443
569346319
359802463
933571594
432329420
978752818
791190861
207347678
212802068
486318197
384091375
973263990
5005238
991044835
694754598
223542976
2810637
149900510
768047188
838999810
690082515
15836932
251966162
583347272
627975113
46287863
500003284
195473662
759613615
129646462
810373341
333347462
95717359
500001988
606540351
200508970
152426631
557758570
937831315
500016748
796999498
464302877
176498540
67325778
836832585
587511121
378952639
500003964
755517059
812336603
505282
854559395
4417229
580558763
546161786
871484918
243507871
264701734
357768706
491488220
275326214
167068206
881530066
263690141
333343529
57860
561982611
987979360
66559854
357078579
843031315
282795000
205066218
915769757
655835808
250017141
871736539
23812391
190686849
308063797
213601053
160601092
942753812
95286380
582828009
122516279
317677323
104802452
47708551
896450075
726304357
500004144
572298432
37474501
333349402
253016107
833355345
246070788
569375877
722125277
500009944
895262849
37598849
865369925
33897660
376288834
18936551
760959825
246724549
809845901
578736202
932109887
879864971
710251751
48623620
910741827
718377287
797631250
140325544
683934505
619956974
371162618
757792369
610817144
917257056
363137165
472329813
482070088
673754095
906904488
636546190
485267741
636494521
702219727
452407573
451897806
521045687
696441337
548718421
523050259
189800007
569848878
2213319
583340522
838345017
850465585
547541876
344902648
128160344
935587005
275127510
222744900
320687105
990627115
693383925
926555701
257256011
414985489
425588103
657733401
333354410
294628126
91585029
314836010
954880284
333376109
354437357
422961501
21751672
307618481
244241145
556485294
947621628
387143073
358772767
714449129
966334958
770147459
990421238
896255197
543884224
422749193
222385199
937229773
531374926
154244776
659277057
302658013
959137081
899389859
119052680
292883839
910745285
139741278
416285511
904135612
752012509
522736651
230546762
418082252
998680678
461223629
435562929
889150002
904070582
826046569
914780489
812382933
219729297
640520179
333367517
7269163
88345804
674816611
309570008
380497991
795198970
889908125
96645597
725560329
670808229
608104270
63723885
383158063
403177844
809576993
170277542
141246934
940826880
141437236
500000148
601860613
706061058
682102402
28004816
374164981
31368157
502484901
525342352
523869344
93080699
309551500
418762195
704430912
419167755
710660122
128
980237333
976002081
396980666
159046967
421811948
234738567
500000316
536605566
918432099
594920847
460196526
234622941
759280829
57674820
908606428
477209819
381698939
181715295
536102970
51779369
674757128
392
333335165
984347789
677178409
909958453
239830628
261605827
264541639
732543964
66515932
738628586
819126798
205091454
394547184
621667285
324361230
605333598
443129012
953446723
711589108
477747138
168013499
923686849
979929547
576823211
640197798
416724303
207575831
423340223
635385339
996433889
36154911
352505731
1403834
716099258
964290788
28464261
349369653
189257509
944711572
2745597
433680499
291152600
409853186
405700146
387215883
430050316
43158385
77438743
692071122
267743113
171824830
739573016
307905897
114548130
278573084
197190368
658219385
419550573
507992136
478091313
333347933
436088994
73682440
286440891
494484883
109772749
239607743
77398059
48877249
41979665
334066628
232681085
951821681
162137598
954281187
2786348
816262378
354887549
336591561
59397745
604786592
113708989
269415843
732442485
355213147
583374094
14899
587052819
831213491
460306943
606167524
94185873
509477485
500002384
287675242
250017359
54715134
526237335
289535650
453479590
503063635
375443141
924679674
754914182
43387895
627593692
374128423
363112425
378325502
631105063
961130945
794352947
221716398
656319127
515940820
693841046
445661740
605090418
245911910
1568
754395733
454267986
248016854
876574229
706640356
809538491
2
903841432
408888189
379222586
131659246
331033729
484005667
500000016
318893839
299306176
287447577
545285246
350470682
757292637
452415831
973127452
609547350
471088159
332347538
329485939
24444014
508412353
945291829
196677332
410163159
31997159
669986428
599363006
218296720
84931064
20562611
490600282
267704150
18714035
641361527
693085484
985821772
953046218
135023521
789723270
458363956
577023990
897761753
214646237
101949779
250107355
859022770
642950689
907245363
533754346
267879983
977720030
139969504
865865055
592331698
934535403
90429614
569272596
316269034
904841273
613033424
333345729
893430524
835707510
204924747
985906463
190806956
316471595
775480557
144243168
50138
650612210
250012105
238130164
787650385
377175297
742860299
934548878
152684049
279641955
64800
620949429
187460192
703693879
178064056
105425539
85991113
472739142
746541807
654535593
267390399
583356424
302443620
197708372
894960623
814343549
547866197
162803429
972224164
6468862
900519740
954410808
968604135
650067977
495508066
521563858
1789
926224425
37355209
639308408
520445851
816497201
806142846
293347278
108032825
676419012
126202826
549834717
190222828
181333526
757025005
535041261
766922638
292511315
954502117
600092721
111691812
99128903
545897772
498740143
331112279
308666440
775021421
60614196
861549082
458365358
760828783
927005221
79915441
976732555
379356271
347960119
903392191
666679740
990786384
477424767
200755170
879085246
349541435
808614071
333347482
584543573
70372786
516976008
51525099
22322979
953015432
791910402
215616200
161846579
703605129
246110655
796908753
752318553
870096733
394647726
186283686
275961435
371560568
746691880
22371554
262285445
95533604
940488375
870221961
408425847
333334041
487079631
641868498
333338091
566201454
601228253
133395737
938794559
795858516
757779579
980860963
152854719
520153694
228413312
804504635
333356631
708808868
280616404
177176231
795581543
717467581
690661087
855386404
293735406
747751226
119074018
391709737
406208831
666268541
914404133
859890887
718179
333382690
6488578
352831761
244379789
228159971
667557345
437584358
601211290
139586285
126655705
858312198
247353366
602510080
645097658
872036140
500007084
60323468
695151267
791370752
948570855
915206537
468935369
724282833
457827374
688894582
583335434
164013445
611241835
96662098
301472143
773671736
464462600
15226508
643814163
934587194
56195285
259550883
916002014
768908123
600699697
89454200
531801315
467950468
952407228
958616151
272154249
240946160
773759536
310615526
659072312
21632
858371407
92558717
831865953
94637
125060226
184861557
962981357
23720
784011527
202438210
442435435
494611450
92540155
363122913
685197194
183324370
29569979
60654098
650304727
31303382
363104520
717047290
14237851
991497579
88355479
323882149
778717216
960368361
474647797
96876965
69079331
867386147
76844559
2178
292557245
896670542
601349960
834079391
539843225
825450317
728612329
809576903
568274367
695058157
744061632
167179926
103848203
427237077
54335322
937561747
795600529
694716664
968095829
878069957
712351082
840207976
912546284
671913072
31228662
306299418
415876205
48450810
666798604
619116179
393399548
500017488
146138975
228330786
489010002
660121702
490931296
899486408
47611212
968432697
754664219
33355432
618056379
2178
779338161
992519355
527799395
658606984
583348626
310679998
916833623
500000148
463038911
12283047
222533076
96689028
57199752
687360402
396764616
231218633
230585899
612189061
615784740
54832252
68113890
1058
681470976
857991179
315768694
595028981
100023309
814008844
764367692
486551669
316828047
233588035
334145525
603934979
904828709
486200478
333427581
500004144
565515024
297905649
342652160
495916963
988881756
363139045
500018244
462067447
675690011
713124352
282528950
903312049
735492603
957806822
949073670
618859570
898882605
544150913
263087704
6322116
282834451
842926088
815912725
265514031
475803327
270587446
77904291
952394108
320040108
10357778
809588842
410722769
415068004
81474452
500000484
374982874
565315660
984400999
142364268
155610279
219095934
788197192
578635182
187463246
640503304
670549658
349908882
140080228
147975034
791341455
999027302
181680371
284218237
815991978
171710868
500005308
319069756
621341608
341843035
313212309
49764810
399348564
44775845
746073712
240927501
508932984
500000424
780970216
164304243
404791429
342405309
788902770
171969790
606679383
696952455
179621600
206656275
431087512
657981962
181369823
792499980
158746151
671420618
148180637
601215492
734335622
966564474
902910034
513239778
323516362
49804343
872105801
412077168
549403808
428002659
664541784
660419328
375702451
615264286
374917004
307309154
3528
777702918
899141011
53421258
32070826
452410430
581398234
354776491
131095942
250002409
416166949
25120820
433505629
566104682
157723882
17752910
132848442
22141191
549733405
164730667
686096666
128840800
50585685
583335218
110892295
1800
412231516
426274985
954519423
531074165
500000316
897457144
931171310
171797777
573298960
470414473
506311119
798340928
250003951
216915885
435890405
446121616
469858881
729127863
216401652
2
102730976
605092814
565132066
326812399
167590128
914270142
259905086
801904233
417939817
172321121
801024790
7627
250023695
544508510
285778342
943479133
466387420
956066093
333337579
255971383
556760589
388238834
3602114
785023553
500001204
220775142
537570798
187311922
965320695
827807240
127073172
583339014
413658435
419669479
245408151
500001016
505389488
306373284
65935796
222944704
56147617
56290824
966303832
573126248
670648776
82777960
374772981
442400001
459663030
203040086
721067304
733253939
388772554
5077
500002968
764049284
166074955
744077184
134083990
500000016
635672860
613115079
458355063
835952987
305180802
66323815
573422006
247110490
928549452
384293105
26246612
3501338
583341992
314317777
704592280
120841779
271149651
333375930
490671672
284218210
532151520
613074117
426531112
220262430
134444034
793446837
272361507
738976981
481593870
982140532
907157556
174341459
516209003
797454841
511876492
194709935
502098182
507569486
9931876
760964204
968465208
980035204
242642203
486820007
117844611
13088557
691278395
782216976
841655710
866747554
751777430
381072487
500002384
240653080
719854455
72
9517723
383357536
338754880
503109032
629431662
809591513
279320619
311140021
76920052
229617895
193172106
583635102
647747307
9569518
776061254
524274503
419169254
381031527
500023984
851771757
819297365
966207271
394663269
296921853
916590487
583335050
79980436
27967242
147348174
399584191
458346276
958930220
969181900
238138629
845400736
991415179
135532474
976930178
813389761
104903602
190441673
825292123
737690183
817387861
248986010
407536264
1458
919920726
309541876
976833137
333359802
392623932
131668976
77488918
586024696
711881280
653935185
87322012
450160488
535848367
321995084
446634457
597273956
470371568
500000028
9802
38640989
335030854
170151858
411936540
926501323
21817778
586465516
857221223
276997368
104395323
787066498
852649501
33778804
795428994
80450891
83497885
54760454
963370796
278013952
282379969
250870924
670595716
654575487
647483325
429505828
264551774
392914801
113313682
480756886
611969379
554341732
226483920
161545852
341719632
80406830
533035181
170369434
862233450
441822632
638984272
229337855
437227679
971513313
825596716
328426552
873833035
500006164
24698828
792925113
501563452
346202840
519488277
191442816
442238427
435731105
267453848
393825418
291145129
995792545
694151790
72281788
411014113
502154814
342954121
396717138
85532665
419388745
620567915
562349362
498846959
752104262
262719754
539421674
402429360
837251906
333346455
812156397
519909465
895075716
199173117
485545634
981811758
363260818
307079358
643432370
187371791
26660533
200824475
75266166
695125932
124084722
85675421
619070845
500009116
728406007
29787584
29146705
405558449
794504863
477312529
215959874
271725280
598143426
309593170
497706168
783356545
376923540
635036841
939069910
714162126
874039188
500003964
524460937
290310416
665913799
156209997
387660663
671344600
771069534
916795702
65928920
865667538
667606968
986141183
736218337
613086748
363238090
871166520
288551744
171943902
8393
642921089
309571296
305536111
352380211
480113785
421863844
467096869
297150575
145364323
502040889
453044095
640625875
303024930
440825269
977169987
754388937
689180639
495623819
217645793
737186703
583341574
508562218
470890220
791707070
220673060
704903078
7647965
812264057
502579322
191139031
414280909
22775422
319038846
985099541
799989420
333339562
825003068
738526199
409585474
663130162
250007853
131986721
29790532
90459204
379560917
855012012
281254954
541369883
996023027
27771353
832618960
730583588
723694424
717337472
500000928
500003616
912370598
47073909
8022808
309540514
155494324
729816681
185626924
45271537
161716707
694361734
616632678
41896
290678962
902098139
940364402
500002968
606828470
955096201
712600355
755593689
378219622
746343915
78687260
882420569
440434727
976304254
848811420
874561803
83867673
583361374
718388100
973109825
583340886
966244786
918302057
560894718
658809360
583343184
62661594
655798991
512
494181649
878079628
551656252
19844346
191273616
224493637
628045291
161538828
333431779
63835341
335351070
341611065
738117637
594741335
584016829
300183000
412305355
103181935
792900251
317748973
220548864
999014672
455116672
709967870
581027426
469131905
925427385
564032147
847418009
932444242
680755307
481531669
93603346
473681031
975533653
243255597
389379888
750386495
855939562
756161098
39501106
774313794
232980139
25384610
544668025
651543338
39300473
2738
500000044
231915422
67430175
392900208
738059649
28055154
159954770
275877853
510104917
657882204
250016121
12573577
543913784
189197046
135743014
829596373
349103799
212856519
274916315
824390835
30258
558010572
752529110
287089188
480687580
569912101
947801171
31399850
84211130
892724485
489708511
635450903
214234589
214011827
252893004
801232957
100701252
244565433
319610574
963109166
155051394
473912671
919036966
812231095
901302145
81888022
153411235
804266236
403329538
111387168
985998478
106152505
53251379
286321745
992635050
272444392
583363276
159044888
405196977
54266768
267657807
615713637
333342783
11740638
681779104
821061590
579295453
661853159
109518993
424612306
631424533
959329738
791653557
742674548
8298619
191853399
944228242
610477377
660552078
737132018
211612293
889475511
333399811
255735256
231914354
910617213
991667261
448293697
333381981
912270207
22985043
405835067
250018419
395050177
970364914
148283930
462682087
381574388
219003720
468321257
473809981
110657928
624843299
393921810
871622768
665112041
269233080
46670195
333374941
743595205
993914749
22421806
97155601
13448
876199635
364563199
224804289
338414055
1922
171458501
938850504
694301124
326407188
874636051
196353865
694943744
747098477
702532730
273349289
777309836
292091454
704554858
33044914
418659705
905558707
75999221
756673409
990032369
23164932
606889029
457789728
760609335
829433218
861935921
887045274
880052193
824477665
506548167
723173175
86582795
522923598
842561853
644939485
32907693
280436607
782512482
145265503
618032600
236653338
140797829
530589796
599187376
643980208
991694311
268344618
601220854
788036715
469157592
11133322
391306218
918411824
283920492
500581687
742357892
350078389
740311423
331262030
295333730
952100891
66402982
115358370
317325051
583353448
301387799
290354929
682842235
544489311
829385819
395774537
806404705
516247792
294331657
872056966
183883947
768461889
49665471
746025026
982477558
668655002
93367135
448169419
500001988
949528364
309376169
298535310
658282615
40532768
637646052
933860549
212231001
205810244
6408669
927344651
18075875
809402065
863617333
333345410
852620198
601513422
255504208
691489032
976496020
500002384
568862540
771882205
212295724
678348210
7665260
725870265
90462802
976218310
864211908
49810324
370281377
419978409
953146580
954305300
133190673
400528999
588377272
723869530
267979287
49891201
453132858
733337624
173089424
271765446
170296099
796200974
564973451
61589598
429210249
333338541
493312801
512043540
105566881
808021205
433252522
366127306
951953031
226409701
460934190
72762553
979678314
405557379
316847013
998970561
532788186
395304386
672117048
150131246
709333453
6617215
861127613
56408742
159041586
656264442
6264829
1684
790456134
512011023
458552952
257541342
667958475
592507958
500000088
571941167
240977914
398687975
976985411
584060231
992992098
634632108
672067010
211519338
742465640
164341087
937010758
601269756
154632812
917491654
765863064
480885203
271899442
904744481
104165946
630728177
821589153
403562822
472211154
851802997
364268622
973855038
533255052
834732523
612969407
608401702
917034299
646709523
333344686
843738751
295486993
327029949
512446581
583343008
787190994
372310919
697328222
760752496
124346676
500001408
40524844
207302456
267926423
86640388
992277368
938151933
505751440
404026762
403210574
26598886
110557762
868468778
377702950
821383159
27121844
174742610
36713908
3872
221747744
451394533
24090852
936021046
592489831
120661647
674229175
864889851
119085260
684989214
103869419
750980685
135969884
368969853
601217513
423566666
129122911
149911638
500000268
9405327
637459262
2048
506601762
399668103
61767888
891875142
970056365
18831303
496441525
896199023
650591628
40170025
752765819
78387553
146090882
150953814
458377355
108357562
700148919
529622096
217404426
10065916
291924144
445905249
120632584
7680721
887979797
416664739
317830687
354521795
91139779
270037109
469515895
732631305
681173190
532326280
685733310
791718501
990951556
768368560
964704239
324690808
365421495
785228554
887521801
791791504
7177353
853183725
160865947
885492959
285450649
652406531
577137892
740099407
333471093
55750321
953703432
621535408
934562766
592051252
699074892
694878902
822482619
620440116
229965513
563747286
246138483
360491302
154873929
289639249
29803276
103706724
66674565
875521309
401449524
250000879
170165991
617179430
283277863
457091692
637785999
1539260
382414728
53987598
27885929
47882768
528358757
671318002
171578426
143316453
728817279
619994818
239943506
310705148
410747520
869160853
476037164
597032477
141813532
107684268
121012793
514943382
857888538
789416789
222491734
581055225
501279872
670941528
721540304
532841700
804609842
738284215
3610335
917925218
825868463
75933725
898936396
333361165
101766922
500001744
286462369
3200
616815827
275823850
500494276
903924047
670553810
384445258
752636139
925191049
825626236
324121945
103640512
194408624
723289640
809477596
904769113
238114461
342845504
333339417
370969474
710569525
819365086
18056346
300430916
626773020
613510815
228641967
558685603
623656335
624076257
583338452
242714150
994787308
704172393
542936855
198638351
874749435
856254509
952409810
868177270
790915740
137398206
600491100
433953417
342646344
586682051
264347838
540737827
904789797
607472414
32009267
333415187
238140157
989522058
740735738
459052057
86553298
281608921
551495824
764212164
267387435
258914997
424424698
864062178
53672473
428412760
18764448
692898972
332048022
157643294
684217850
4459347
228804433
586985871
914088482
488218227
523742698
444682567
516596585
562816577
16553585
433671819
838424098
961864898
636769976
92903779
628237082
899513987
192946340
24463420
404797926
453645390
226253913
477017188
419124413
500002524
853255882
333369417
631774884
112058900
646972020
516877310
100198604
270234590
287857056
172373611
337453852
397853826
726999195
973340682
709904834
155360282
35535808
67439141
601220964
333369993
558640869
767863362
452475660
125998600
855983539
788060689
319331358
965225213
125287803
338545219
25970749
289300540
945632936
72342639
51346278
500012964
678754655
17525618
448955319
480001982
487335429
504448396
16384229
352378072
248816762
665715393
996001560
538036603
826893445
345615945
827824848
788906167
642411863
903226171
458552301
562418940
130447376
303360633
583519402
583393092
100066678
238913576
124055399
333337787
184799128
81207304
190378101
892200738
737843563
14112
500026224
461463190
900010011
416885691
427986554
67111204
157579509
648
315981148
352007619
217888898
35820355
583340432
837758712
277330473
3872
17332360
641057367
195355084
854823521
676753231
919263408
449765860
399563315
583319566
553733611
201611744
125144581
261830146
899158478
904562735
74884625
569754637
492993755
361357695
941615057
497712373
231195416
474284075
628161479
842170759
496650747
87629296
717569080
481470251
729604327
985006838
184213512
291111216
366300954
509864808
615565396
37472865
976247504
408905108
956239368
848314922
393081089
639026550
528756694
435477340
13975251
377079435
303965045
811979235
153217695
602897649
981873351
703705522
399458041
231161247
585580960
507611310
308210884
833456023
318060153
526601218
323761011
725850077
282259082
638883392
955279896
617465632
299150799
476933031
519360267
500014968
763264696
967340952
405164837
409217922
127546733
159212794
122098357
265873242
169540672
998538179
2048
554593614
902267757
183580133
379331048
944174333
333398597
545540188
22891446
571470612
344899420
116168018
911353951
386128177
311795480
167313333
668058094
411764115
250002843
380563061
500009944
392530497
406871707
834701877
545938485
427039011
629865156
123828628
181630996
920207704
26187504
109296011
7102092
480400377
494012103
241503769
160984767
648021144
409523977
133987079
445806729
796043147
169831951
20402
403392401
814221550
963888322
591430932
7080505
558578407
403960506
158987012
526003107
744066045
110841776
140074288
373178518
84668335
105980569
834884831
514210459
129948394
715902475
814748369
82681129
416150163
288209196
368780957
303998816
303855218
295997965
859873777
311663648
681570917
940313280
179577705
715153743
54254169
737542833
941524542
535739773
208812003
331009821
23325493
795467088
879631925
248016120
500007324
337367648
134515207
727387752
420422676
169713032
658882757
500009664
901755147
693410965
963727764
411094028
976662266
326875005
953806000
323514348
14568697
252995217
172195456
757252330
948297990
212038378
978747225
671694091
382721642
904773131
380767652
672993780
272157802
69512256
39463086
619523652
472369403
55006047
390889815
319496363
98286022
692260740
770418873
77313320
670376373
779555598
272062547
16549923
509272468
503525823
554768083
353746121
309538004
113438938
542631512
142083887
40265731
858871368
26735663
733570220
214803641
51990904
442197148
333344156
875743230
596156983
820893743
205894591
795856850
699953342
601207931
26657296
144266040
30752
785639950
132204071
3265167
439838991
969055652
610397117
380549056
77536823
828635335
333343618
609743321
808990453
384178633
262712490
64632869
976831962
648704446
545355451
180958185
601274128
828974336
221697793
530279708
459343990
249485295
71583604
962350380
294516830
136896759
807974644
987720114
18900817
119212800
11858
260700323
146196752
2834228
901712242
223784783
72214241
14353192
25538
851018482
500000484
499045535
222201122
677650669
951186223
129084439
974393864
409308423
836128244
932513116
502012380
61424424
922054359
679089211
86002049
647130682
852133263
357950666
333338289
85522379
956095802
802453136
333337218
206758537
181687525
467403963
780594056
563306708
333342123
344685193
500042344
724530721
850121383
291884819
58711899
390809043
634668700
28349556
777210042
908611682
79701867
50087342
159026768
980739986
779230620
889808670
855264565
140759100
968024233
175160035
532721410
909770169
458110647
718110695
256913441
174666975
3362
589855033
728477214
716697764
388237979
476191379
709648074
288038695
41632329
618903452
511651858
705684335
999430467
288997505
786112676
621249886
331762598
333409345
616156873
901069300
91287708
459457710
725039349
282681040
226451914
317608545
562467344
799339835
776021773
731421911
913961503
934040007
549375843
500000616
582219068
652045492
746041151
478722085
997420447
382563059
404544334
17312439
19303518
441709230
804529594
124441530
285432375
363731315
123436150
13483671
810616604
696657100
521116331
932257096
757812876
909713070
816358176
525554100
728334250
407507856
417000527
407711187
505764685
860144951
266938034
505408466
796531820
253820058
904461196
476199748
226166988
571445700
729259439
393804124
822036593
210013816
316760298
698018587
426876684
547481157
230496417
114651614
35762785
786668499
67744468
789086392
754172013
347294060
157330706
288118024
812214562
357846878
280069807
824700703
323442979
145659248
939640104
162441532
336142572
541875625
930184952
608690698
780049416
280033287
483950056
274880002
258463495
620672284
588871539
36865799
502166470
848561362
968612115
3721
503226800
330427809
333363150
950381520
882172116
857601242
391160142
324459884
500001864
82045070
17224194
216464558
179699688
398644945
525947846
250004739
791686624
646802661
500000184
192605987
407304780
53295837
379338029
931775816
419109245
668921243
583334120
294348258
68425084
422125396
544222606
249052761
982852461
486413039
204057464
952428838
353777193
926623259
489295472
255509342
815376090
821459063
138705939
711450046
108032762
404778036
446916459
157350784
293977016
730344920
175979546
506587995
157106301
448945235
726101878
93089205
904806207
131696514
360906771
412354880
299447282
934529967
875944644
450446974
162487939
27117565
163951272
265821
959350174
769450789
81193
518863858
583352436
799560638
432628418
238798176
161007351
825887164
830596592
729463083
141818559
418598725
599506664
450812204
118558006
13308396
513629205
417247296
91206038
349452212
455745366
822385663
11481074
952394636
710474773
292663273
553501709
415518738
650490768
436147511
754958464
390598252
680360801
504825084
531597308
237443422
333345869
803971998
435395302
40211630
678603973
260468352
476204790
700414452
243236450
932484016
739410428
164331133
500229833
539081959
934059090
899985688
610168002
250009993
267749158
935639816
635507523
276091202
71192864
928059828
28440286
73828666
583336312
152538437
98979981
904802199
947321506
224071815
662214871
332653269
500004904
355000138
852864741
482171359
812323294
794871301
703899446
738372762
742243463
676341449
65941287
854309934
755881597
247774476
14450
620958328
839410721
490301207
636570157
261091424
648653419
171202138
738716905
34075997
980746585
312321571
788213128
501080833
6026534
269319437
154347234
33299776
895277957
250034373
629922741
32344537
433946505
234021543
886995998
537895690
144019916
670700409
784125154
108138927
649186700
315610607
992705116
647387426
392174451
369844611
659781131
961254658
412934964
594251298
326614308
569494776
910853389
911136635
408945785
142907493
30890486
236868036
16125550
107034453
211621408
188553145
536216195
51782529
59535397
455611536
797914501
467322277
583335622
210648102
17202264
500034588
687478561
544993596
280259525
808094092
87688789
831060711
76837535
345663100
696489722
469265202
486986976
433406192
671254909
974349645
934532230
388898632
687799508
473031407
714929579
300673729
115830439
622995560
16898942
492071565
986670584
784502436
793766580
257667514
125623108
49790560
107569978
719769384
476222422
33508521
95362854
451661201
500008068
902911340
176701390
645406672
172487827
167366594
355285340
496107449
502299882
558516755
764451457
195820893
766053770
167552705
552890673
336797277
321069759
232745026
796418253
986565318
4802
280153959
571464369
257726600
147590582
316336158
219719903
239915677
355471742
713653026
1568
148484539
609170502
215944420
859212510
616536689
324950216
500000764
177826877
744067484
573823512
125669460
583348992
333339202
237218690
583348668
977183522
994366591
666359926
989699364
389740997
500000688
720668814
279936127
696457544
96374736
204987928
372142182
354226106
749689313
250073323
617937226
906723098
823722213
824159071
259577074
967363699
167590562
336509007
280737786
748902882
78410077
500000844
705556925
521759719
989633672
560701966
37538
904793097
609475607
439651239
917012950
847699451
829287570
232651157
333337829
675103478
225587596
685732121
886213580
314361488
82246823
486984878
486174568
562604044
384433934
688357538
428419128
500341653
585381201
857296510
180865366
24474741
450462340
896714027
465407060
91116172
918041593
114013008
696461155
98572015
138431323
40676709
619246727
985431712
320289821
353713711
279277776
454239844
472260222
224526340
500000224
145356970
181384415
238408346
552098584
333336961
937559073
164156445
376931651
583342948
345387874
145863887
392823665
843472500
553857495
513364635
321042928
268315465
422158197
607739187
677984806
204905132
3635240
82493299
879826745
56064250
674037660
310565268
642918732
507089215
416322584
830660290
48415585
525547208
500607134
159104228
822870115
583926812
879097625
782574911
412981281
146422577
714714438
854178978
169715503
278686164
338700613
542461467
739281524
829544334
625027127
755608465
573415796
33334021
952434450
896502684
487371973
579204665
641319399
386366285
58129522
969262566
934536568
334875233
648290666
783318109
297649949
505442052
238143863
749450347
456218470
230624488
313397146
77474197
2868287
333346202
333342202
12426894
453057522
200989572
963052255
563043465
769371144
992854576
859042123
495192271
416357309
77447915
21115880
500008584
408132779
732293250
601212767
250008339
293538961
549543435
510937828
540628879
833200041
853514775
30455357
8082249
802306895
762707513
75337081
29168
367715175
293378710
613514537
179405851
604070863
616552988
235569434
831950449
761749885
349459870
500042928
286099495
427320469
386616614
583341378
514640021
500009388
183967525
525322834
524903697
968110253
810054175
647606595
422388555
766511753
562815069
16678783
89760164
657067308
349717476
972129800
357488075
846978445
655860732
245181909
417850590
186915121
500001408
799482503
505714868
222255861
147659989
522185911
962184660
59914576
464866443
380785513
812799053
32
785128708
251489191
210091126
696475176
990195191
885136769
123200218
1404547
289450338
734934412
6129305
103765030
589104547
547653660
223642575
955659909
141305846
217842215
430597554
533111781
905389496
826343871
105023364
624736072
757245121
214524863
315110435
746588440
200
964319635
378830949
782282657
374099943
472572212
503876116
263836054
590089686
668473314
179900085
917008402
850863186
524486858
784856879
500008324
356617490
586721358
63821064
500004904
482171374
500000928
437082515
802284436
6050
583360232
152941581
959792033
174567284
195536739
636648862
718732734
58092044
231682038
258816937
654819233
250012293
722543038
98179467
235828637
332676815
696375532
392784341
231820526
391596785
830293759
583374838
803890264
500003964
269959437
369020723
250014127
18
495718862
976244334
986350971
975928779
440516242
379455462
779818043
294516287
616622961
619088403
449838973
57724698
78756573
10082
483838665
423965319
549137604
186794095
549005742
51256256
908943044
662399434
439883917
17612614
357760846
332206505
904894850
519083049
436126468
166587793
46911396
583340652
933344313
816607665
397541659
83559341
791706068
580593512
162947426
409798073
508429064
945342899
670143024
826759052
439606234
237435048
240432052
594233619
37220655
583335176
788287891
40486696
820957315
346687285
101856377
112109314
210592494
185654193
844947492
356693496
545456698
118387635
802869886
354526649
416456591
842892717
452257782
526995226
10368
78096176
147853283
820759517
784707341
753861273
462647336
533708880
769144901
463621110
107943388
799905610
35797355
720687599
506349193
617179713
140073240
579381001
698532181
354135319
607413289
969771668
703322194
33392371
96765340
892233588
767350822
904607707
239526081
39525176
500000368
662766136
250160509
776476577
909630518
458407175
608837285
161326794
916862600
673569643
608537737
272637720
362517639
298262878
980013967
111838555
185839866
473839306
639996533
104367983
725441334
584088887
59202161
784338092
930620185
19602
296446960
209326605
500000016
16754246
679459481
881688505
723254528
569727909
973310847
989167372
373264598
582737682
496165538
4006504
751435661
379847324
764690431
894546700
576193900
164167052
500010516
527493926
573237528
450
367893158
394540541
355446237
6411
583340910
968519330
382167837
850719855
599364827
331749533
995280862
666679526
51358966
223580861
412585980
658371800
752011661
467855861
624975562
57178370
619680376
846388130
515400547
922983214
944599545
298655432
794306758
525825181
904786457
52585590
115774106
40091905
18
404828180
476236282
204585187
784948191
530917520
864904778
793647800
415538878
17037
24906698
116306368
338872700
473006075
763217452
447435084
89482298
699644209
92418297
624016821
593762332
718439625
297536412
284847454
646150996
966952382
565276842
468152491
760790271
567515807
686990683
534709631
830993507
524895996
617038742
171131618
288236012
348585218
469702086
288664332
374155783
611414592
820076414
287415478
943475921
813316102
583338194
333349266
99163062
214014509
465988990
512
452957910
748485529
178420908
505932661
347377434
787734966
829592529
497335913
449453405
333352891
726682593
850048555
75195569
50
77398171
321207192
385218938
78844433
897963270
942989070
186590024
675046282
98001712
241576283
112993023
626083200
888886353
590571628
374780281
829479049
492797466
570771790
315696178
375069238
163091803
508540867
744125572
267301777
754616249
87602024
533037517
920529531
247102401
869466882
466400415
799211188
650439098
119067428
601280283
360114139
97158422
412942234
603255788
547979131
505331298
948452379
267091224
379575228
40144294
282159185
494026798
161848999
470597833
193205725
950579698
690841549
849992199
657640883
774035981
811936747
715826503
333344737
32
658881318
95872719
579886273
276711685
316243262
212198152
221023739
3042
698838644
439687637
500023116
277100666
737281652
868942346
757242235
783871097
297518449
634966379
719765407
391648119
918245940
76643458
429062272
156094232
153488680
271181532
108767638
983669915
308208290
351623344
287470784
749948659
515304948
436631378
733238667
597026437
957163946
24401607
335397746
494664569
542795563
266187847
608140962
363101665
201290769
407616796
596868616
1800
333381584
233084890
72963560
853372285
489199821
60707913
109556441
500000184
397437399
131236905
44894069
887654324
873040851
909527840
71616485
706068745
481825579
188834226
208448379
811927495
306004030
700673596
248301342
908873079
974261467
875752745
996469007
333337626
861044691
259774404
245748941
372096409
369191199
556731674
709685793
341250678
500015668
403995827
452424735
250000977
574588546
331225966
172012359
629977613
512405513
170686645
309530688
851255525
320548250
98954750
913322098
12745268
501966047
660335862
250935598
658435977
319352886
500007084
295298722
937508055
755105539
583345984
908457092
563765700
567115053
136684474
615612578
328628458
564304418
664113440
653659506
942156133
389783828
830372962
632844038
234326659
588832707
326654171
510149614
450
2592
863712536
989860654
587784427
848861669
583959681
968938346
887220294
440999459
275674714
500001988
583339340
235869511
443068628
410221104
275167350
990658957
669426143
965439012
723984283
660885612
883712894
291518529
150325881
822102056
583346182
97642114
979998185
7200
564250703
86948495
947406601
180996389
391857458
879792355
772300665
369434731
511381157
935126738
818483103
343761167
494546408
196315209
279944459
118918320
199297274
333357101
280030566
119977851
195899934
259612015
905865109
323228315
543838191
699504787
170578362
552964492
323894658
304529095
657972161
312526840
179675713
950382040
243361555
500616323
964514136
334743891
494437850
806934182
530516762
436361733
325956539
268552437
663377601
253788279
327040743
682159925
364952359
639481939
712227081
53161738
454201496
762231035
942922843
541831204
338814838
648
786119848
931495534
670251828
589093248
664841137
240383338
358827755
77393335
837469317
187573709
848339409
407439997
175652476
120720904
913274455
756954164
102045453
266023586
365755511
455852880
752310902
753159118
193296308
454383856
275680473
178386404
179262876
285378063
982521993
267886335
928992840
743376332
250011555
895264421
898190202
857801451
333338539
503252238
641365350
248724045
30278669
481882200
200699004
959223996
564567624
755933403
48891432
505571302
376846091
75129316
654588560
198520633
927373952
475240747
52830257
743329263
859770765
419667798
500833107
3362
958107468
148255879
734498320
500001304
954012019
527614751
232085736
401118478
387279716
803005670
790321006
6728
994458037
500001988
723961194
401306500
463166882
519236629
67425785
205872468
84026033
611335156
101206884
445357242
477191072
603901006
639765209
918913975
856450932
271578801
231989283
832374795
944529330
510496103
630232205
650989149
387765021
855298297
561408543
480589622
434255881
952423836
521784594
804140047
436842744
681575623
207836164
203693602
162
190598732
285991854
500001516
291131155
417771414
542262615
414951510
763827715
789509065
599803891
888201894
484488439
337432864
517266011
576844403
615970769
760254950
212330731
283646611
448725254
731840754
742121217
333369249
342270208
366412161
805416252
63993644
77410042
683038660
876760286
66435800
318043159
615886636
524925390
877891738
649237719
624126504
876317581
54631605
952471458
329858149
68157691
357729322
668671594
831648784
391609718
510391961
627150602
286349543
717516856
861257996
738098045
873255962
140646039
636711473
893033563
434189858
872512219
46463978
450
767006249
631034543
923550384
250004043
931159511
934588886
452497445
250004131
562516029
74856654
614705858
153497007
309546360
174279169
9181
411296328
127592829
287405632
472435287
498938153
866896285
37693286
871718899
449675018
69169596
12010495
745715327
619169929
695406955
333335232
643627042
936546634
29894797
86957396
116301872
481963978
68443055
886714718
778133566
32290737
831085202
582805383
670125679
456600447
264758441
282628501
811047273
583345830
606435982
948853943
8978
109928035
526656655
970103578
145012580
840614886
500001744
64588786
399724995
620466279
601213292
214069781
881525805
615538683
952390976
500000044
152629905
15622400
875139686
506693570
431739551
216461107
793452715
858410951
766950131
274029841
275176286
588587202
973600096
934729488
327515527
864501306
886113887
311009233
608499976
773834951
951392920
511217534
745662736
812036724
848420783
211954695
407609568
433134684
298074392
65071458
743679588
801097759
461316658
377331294
463417639
690235271
930975339
47888018
80824402
999202947
480218371
224394242
738120291
392375466
573544896
380924854
176909439
196830912
705528180
500010808
24151943
436767985
455171145
896126198
193373020
822310182
216071355
870021984
904572821
391009000
225273219
584735347
899850278
22561857
601226002
511160913
135369021
230825059
500001108
119080496
967663453
347749187
436623211
434348820
623766583
186171382
500010228
305933609
353598729
111491664
857352756
9335
757344051
911991822
841586583
110440001
880380460
299189090
625070253
543731485
29194776
859079763
425467658
719691978
625917984
769248387
558025244
583335054
988064432
577594151
934582454
220116368
57152460
973942305
583340378
750097288
659637923
798258200
868081509
215509878
814435199
862750841
738691847
185863344
278719292
803283356
505891017
710446978
643780572
499399444
509225821
984734869
815510712
718767414
292261096
738918652
323911746
845322460
746006622
337275843
494677206
294446039
189888625
762300909
516736818
173179428
62628370
671165702
517907595
42505838
238408388
675872070
807038592
576617652
312442456
173055456
229743288
331283854
6272
500001304
662423719
89482684
886151802
181883680
96634183
333345097
718153695
585959753
25658466
978566625
250020949
71455743
958171865
566774067
254994311
78540114
238106787
389719642
522879327
333403585
963201771
330599640
119051258
621180589
974221089
641646235
233829856
650591051
965065034
595997481
359139027
93448468
419049566
75292948
708868211
426567864
883909717
85770502
71769251
569407582
741412704
219729999
123092438
383395013
952996975
188289442
209914898
698352987
899422494
634195650
95537480
455751254
936408306
573827024
658239325
917842289
621951668
1800
868836817
548982371
459556691
47536974
774177181
828327965
249811063
356179051
334330940
535548234
853572825
677869667
620455437
947584006
436181370
653815745
843695812
155992645
267913339
210807531
743039276
177415394
880081596
936347524
158034947
219872189
333339809
405370856
355505816
266840144
333380042
738368882
584640845
535771524
595709936
523965583
418622481
969435153
712972364
142533433
15138
322426363
132508563
264677536
864153861
853029260
341788323
473124191
583327672
492930600
786297493
447035184
942851456
299511286
800853622
528797294
343479118
385434619
59563035
373110500
693755749
333336533
678870873
583373168
681001024
337913825
758021027
339271734
32985316
810383369
897358788
45368238
877587618
183682638
171847782
572317377
729645327
21032
23438429
12536123
187768470
500002384
701181424
934047471
505939668
888071501
550398591
629982575
158453728
624339674
932042579
532671823
19557953
897441712
247642595
437870135
900157842
219045132
443067865
793806105
247699024
1922
143055246
165505606
315566628
363140156
201442511
270263736
518485889
810864560
809546143
633403039
529883612
703565773
866687838
738139115
552679932
194503188
643593307
572006666
982984027
670972415
312977528
115390082
935402224
813874959
385724875
309553184
333344686
588661125
13675080
2841063
987008341
637661552
407439894
65390745
181257154
259256694
238165101
569955313
537769190
29816066
125660057
979981806
823349545
398838022
10540344
938495795
809539119
205623553
735557857
699534700
578388866
880542064
269798218
754708775
500000028
628459052
340532569
577839380
400672659
826594892
204868916
478707700
326296418
105900934
709948912
497265138
288131664
457033803
686127490
622907478
871728712
803474651
76771874
329634900
798174446
519029877
678990663
551997354
960128807
446317886
363211350
500000928
57629500
489340962
685050316
250029231
432716321
40762660
19705099
946907650
67105535
659478651
140171478
500000224
663918491
959301513
339040371
31636765
176931659
852537748
47091703
195296450
812200380
562849305
695559297
132076569
297825401
71010282
313022111
895817767
145915853
199427968
138823257
39303109
207732885
107367171
125029541
500016384
466038159
831949144
818117284
703933601
796387907
982156701
116740042
715934402
137508638
462068252
642901727
759894308
255358471
782169921
139575130
984422686
482951886
313836747
583349624
672115649
148911902
509163056
937982834
125805039
583342144
293489228
56188473
559365440
497453206
200420391
170489610
679448050
739508960
981682388
766284238
385396875
806499476
647933450
660435791
27051592
385571496
177776705
173093525
268026809
910940405
275566398
243214911
501298468
339694762
234995084
448074869
769137630
800386677
130403921
747157148
872428548
29682896
574172874
97064885
29883117
702804170
710690421
370435245
913238149
633851595
297345045
464455243
380983764
795538447
176799738
953018864
948700364
762492301
766000567
656147509
165529461
323556844
714530183
661099457
238315701
615557744
776348584
11966437
148265175
959144304
185512068
516911727
810156094
204289164
519478410
535275187
765394697
900113587
678646508
631745094
752635049
773541766
404860056
987421067
882605166
512175235
287391685
620828913
195260394
333624526
196477382
572759449
211381038
209360150
583337304
333344546
250019553
94435586
775458840
714879404
343416893
995601241
426002152
394684522
212125308
832230626
363156569
404785746
192126235
476709905
558052771
388443860
195115432
239520970
990384252
463959969
4220
89602578
706128867
443608584
98904076
50267940
255186991
686653682
320409615
307686528
552670422
271490712
315705733
227160352
368091546
146918854
584945286
485012740
582395488
554474311
942604499
869121829
598803568
363143971
884291707
884042208
910175839
920983448
496710351
738126883
333343372
76194264
905636339
4111978
582340124
639774064
612933109
402607976
99389607
642834057
910367777
898835101
639388139
53096434
440572241
189137784
177373778
309538980
968859461
388865088
286343520
125955479
316901741
849142898
360611272
3378436
590885395
361813714
648644608
775941584
303649977
239951764
367518487
443591441
617478157
779493894
115917036
494988825
744168217
164798109
370432749
250061833
8335057
325207465
480603834
260113562
502092439
440549848
381070861
664364077
806212996
642753882
93175213
946606501
455097528
929078279
564708358
287060110
954574661
691622594
558492587
216086680
493644995
917410214
646899964
737902988
173102219
675812952
73275070
5438640
261494695
539857429
196169635
721906905
237481042
413075135
723006190
923244829
317380448
260876245
679572101
817532291
621581315
219941894
569723178
56478851
500005944
146923420
798310004
634493170
949593656
399068117
850376686
354851759
687212407
702327670
685166653
946795496
544589390
309554148
481334041
710410113
959201609
517250862
264915537
599867364
237555697
333341642
235609176
627451458
23762
392251494
417900077
144808979
954127204
347156923
942903325
582729995
693846392
945352856
757701393
141829021
772859452
926478957
483282609
711085973
63384522
308877510
742785207
136674322
307267951
664952125
842267133
587477785
446612457
629500133
397350535
583335914
861279051
627622318
619493348
664726987
355557933
883675426
872623904
140562433
647244925
648342091
448095997
491625333
586276391
600783529
369248096
257925392
331853887
764428231
941880520
117839955
843911700
73583914
846903400
706617811
600622370
606291705
414629160
934155315
768212498
671597894
125120980
914349698
586842121
176076510
863284622
101721934
181139021
492099227
38992361
245549800
558973482
317146298
167926267
952448384
339518737
26981138
477616709
728547733
477631637
612594950
964894020
566942186
706554453
871524082
340986160
994302525
260256483
551365544
651542664
406802538
246375640
40567278
77539639
946797605
397437849
500000764
913789652
266527822
226346124
106358854
152841342
663141142
77393406
825971619
147339045
333458614
404761729
648575292
411457163
189174146
192934464
483633265
218971096
844870590
200414994
288638121
428837460
900127821
278559999
263285739
204340283
473657783
997448347
441445768
970946369
562335455
6962
577926042
129779016
847214391
306894005
757118100
177416063
928039834
915537057
465461338
855171743
978557142
462872314
428601279
468697514
917301485
455708948
695532330
738124787
917992488
298795790
333363739
543134126
627668515
260751436
761260942
281861091
123770490
886956093
375678848
893194561
447549620
672344295
785632839
342890651
613597073
2443785
843908327
526067210
915408157
866692050
776262744
609910595
628650752
528906179
363184322
713005
1386730
833147616
915115489
10368
89219032
602531192
838006287
26331010
639356211
947870909
956020288
173539602
2048
583341388
457616814
612947588
981232819
893130526
325291129
428045422
777365623
51283693
110641634
110893755
601203471
539604220
879641874
420358898
692225234
690553354
450392004
452420117
142068120
5942242
622482721
280262256
391405351
286697350
123398577
716393622
985174176
500002968
786540976
926451509
353430339
666696219
839543395
546190444
123983957
293927229
481874293
254003061
976251610
735774225
542882273
530780333
32813199
631110440
311320505
686630389
171841797
286864345
537318429
3698
459590724
956213371
700000374
368766307
700733801
404914337
326742189
304048807
52780740
810588506
102251171
641901615
571884635
84843457
98272500
274801184
280979132
637026709
381266727
690157663
849245084
744055993
500003788
772440701
987820629
205737450
32332080
125217713
696866627
104826809
330773706
672788275
458352964
707945170
348334733
849985008
161317780
141868584
471949240
427108790
343784725
377195864
802565074
218508393
927217089
636015728
877965146
145310683
13599616
262600435
261047578
617365557
32412041
493154737
623461938
3318388
686557245
29799479
63932098
806828044
413653481
862151375
961549166
260365725
456502923
94551452
32
782227910
911040301
161055433
501349354
736917174
672181913
106468275
501864748
601293436
395485901
7688
978064103
620967009
250004775
960764685
904807845
681939974
104494228
357821826
500024868
528897531
925962642
250027917
633488156
191936045
199322815
615260694
532488193
976863789
382115897
306245716
583344888
829528449
287929102
866364223
6007021
203218087
926978894
461425464
855273043
894489381
332836470
285779548
391994535
528592050
701725827
293457203
745397525
4608
544275388
321651493
559199990
253278089
583354086
185359734
20037302
976527272
324485114
689549719
390942667
747620983
538268709
575417847
584751694
822600905
26912
97518893
500000368
938125628
448519683
136829540
161875036
950905069
934047422
657270657
404703694
951989089
852665253
583352100
174214536
907002761
605465318
361777701
291407511
119152500
974705156
277679625
169507928
904593943
848263363
144114246
378135049
185653293
249824999
340609100
41388225
238122203
542937171
791680874
904873357
630421555
47594578
5102
833931118
830153752
468569811
399217191
891895341
113406850
683137046
660723944
598538926
442855741
533837575
171412099
620789873
467720136
708304049
691439534
747634074
522107704
614252506
1930
162
474429556
100729688
785687340
719315156
243750895
496295105
182100309
455248455
696483913
67211467
800
118778752
150086620
20402
520086422
892600091
290509550
37013851
99430065
911746419
71428236
22320270
338737539
63492978
647015320
917632938
259727530
157247114
339659280
694614746
583339898
748028182
346625423
296924679
365006702
333349097
576260871
603746459
812571549
70308342
187317863
221287528
358750104
884634185
660459889
190505313
316734315
474644863
461208185
575026499
1058
991437726
571065195
851468956
630518343
20117891
967993428
777565636
390695012
146973446
363855527
608366984
749344208
161966093
30799587
583374896
72
556438974
825022828
57261393
691126736
210563195
552429571
416656079
256051705
768337075
835787918
374681297
143660396
2775
479693510
352828208
381971212
370611873
529383128
790475642
328133061
97521011
323860471
273630042
751980036
583341780
268583461
781605443
683530706
333340573
286921128
723725055
500002816
509852444
478750335
299283879
436975729
468591725
804668472
908947242
843217936
313371634
810216301
246083791
274888686
603765031
239805698
272984019
699454961
7161015
236747598
642792848
71931204
188174284
25088
500661687
498154728
725242266
962025788
574090760
871281539
124019813
40874510
13087190
895078535
952393486
613281983
225599159
189164378
545291315
609565370
178459111
21549790
409588194
333359257
142893784
96146866
5832
500008068
144660123
666707818
229954710
854362186
686815068
924868574
907480224
432281364
196361192
110597605
456215397
230931826
461267312
739731240
583402338
495312235
452390207
459988636
333341603
254788811
601199260
848267367
701231269
112935280
769984798
990377469
792544491
633221598
29779516
778296174
522048987
653061390
563665326
507161711
500000368
206368035
176614349
574715107
763396256
6962
625871254
77410812
858096047
309101332
972639713
95642389
135036521
755573554
267539470
628895146
467500348
68265528
986397731
244822254
87699224
695544751
313704728
587767499
574379962
952403208
603132492
276050878
255206257
333348587
200822525
874659666
454198267
901992630
345295042
363984790
564596316
461741681
339108587
539933981
583363946
911677305
4051819
261661513
40313448
447159705
708459205
949421700
593983034
438287840
515262462
366896935
416613655
384121157
163046997
678810057
476232378
903852807
803731515
583376054
385128473
782042077
339737233
320194415
158841986
500003964
79937476
834168592
556462186
623499589
16562
116533202
575389280
592799982
652975684
248475430
949758890
709586208
357678474
516987642
877996221
736154484
271789819
203556524
455668908
452250144
931672946
802317274
713842938
822787164
265222850
898068522
378100221
601217978
678779096
713228017
809581453
593750151
188544036
114964265
418060139
499872892
380039463
331226603
508972159
30752
809515290
851731413
601218822
460951559
331462711
804573900
772014392
32383543
934553956
259233076
315096582
290981817
356744874
137822385
674230819
505230285
481806194
324008649
654347197
268015774
576651792
259198516
268807407
4935939
826410298
5618
16253
302191511
575688101
910894466
329145659
583365514
791326692
148664664
86005848
920092720
79960097
631760509
515372390
967514048
333338274
168001029
868552084
635839801
287974207
418930562
342459977
340707597
410635605
803174663
99428480
836601187
691062501
963131648
83784581
597522892
470633738
408711390
90975984
847518629
264438191
169141146
505371557
82615746
584252495
217196140
697840623
776632487
973690782
583468054
333335266
210807306
342117175
583337562
728037734
657198595
495021601
614063513
88733824
452421079
404145125
396510974
353599478
337769949
250005003
496791726
4235133
34912171
1800
16997116
9644055
351282578
500012644
212557091
250006631
458342267
275241750
748790966
150714636
873381422
322581299
485562119
927506692
165243413
715096561
500000016
631321065
226256851
376043882
119205408
547435515
410182047
714575029
624010093
164239620
321443265
300667079
428033056
698860781
780664067
228480325
934543508
293416212
649742583
824190333
702570023
463389406
486170719
162
331449650
8854591
540524177
190314040
683356648
374789060
843086026
771522072
636430131
872112147
359125775
119081770
850597522
298347669
562817273
34435880
795003033
906771747
333357490
152426591
318120261
667849294
238106277
872736611
800711409
641923572
905482383
46643532
105759329
277805247
504477929
500011404
181072630
811215471
618527569
1922
272829620
268906414
880254323
216544000
256548438
483595897
168552135
101881486
984092683
496227095
263958808
345068798
417390307
884269706
403717496
547960719
115354638
163274570
238103775
742170721
864865368
949334802
65705980
516237591
291138460
581315372
115213134
287594151
712225882
31862600
510577767
514393553
677969750
479764548
296436796
723533156
201191536
54385467
777547077
127091880
260078345
832381062
545292387
458156133
912908346
199669154
242714288
32270398
528314422
583548221
707685761
55451093
356228646
868498306
794210240
633237967
991756194
919539724
1105632
672453898
658013934
623075167
99911278
987437992
680392392
158662717
17780856
227506534
287894851
657293987
508648856
252934540
317876433
118741812
95922
837848787
774410546
719556266
363048595
229407550
806304440
476885734
859079079
259492881
19524771
850331213
476200212
73637309
951322788
876791746
601231198
1568
886606846
623070408
912210266
946428048
418518272
505153467
223585266
878597434
219391317
582857540
384092366
347818038
981327204
238284461
652757661
40508
123376379
953167534
247697360
896036036
612770393
373173452
830017386
166805751
332558247
649961193
54581495
465802854
601220145
352499159
879207108
752101908
744078195
950966998
861985851
250005759
839396870
72001894
753013801
649092013
500011404
980948936
45869651
583363120
824405373
82577862
494260258
35058129
455490373
552904776
601313243
943083962
734531
694061215
953946772
253351050
698537796
54742514
985857437
500000008
505091491
458050838
815519446
700569979
966127822
258972779
980497204
728882147
982079994
687789792
722574305
86836335
644219118
29785798
500650971
583334284
965713554
569690945
13982786
41885465
911968116
424412247
777620171
389572561
717331574
981911360
195365242
473791651
338103194
211479206
114970849
792824395
193027222
382781636
197727739
469026527
917585254
497109578
238133323
615938347
42264894
698986553
224675896
723104226
764086045
843438137
467977502
819349333
888940263
511810818
172436100
672176649
541872149
809541635
866100444
473667087
842443251
7140278
18374097
437237573
85895959
74027624
327352594
13778
726053568
333342237
882
178788522
16256543
719451794
637023459
257560252
13052450
372182862
428466363
336583385
468067066
991927052
764350826
833358628
56937393
899176905
721698907
949527431
762603364
205428499
319959306
408832385
686656170
290930299
639757967
690690070
116827679
369280007
727828991
431282108
750636454
539805610
235084226
531772459
13448
500011708
826281746
732600890
21743877
335324835
726229898
83336037
352737269
86647377
463693426
143736837
763158199
796782133
246056166
280357817
113600983
253816723
582326372
357827395
79099748
840939746
666733011
333360901
393790502
181959418
90440284
608156428
233998634
805027686
80833268
337171194
98415105
640569339
863144293
69240601
770168689
49685
484863322
873495860
712329962
740926698
982510512
824356909
24589
703643109
118538993
52717689
788387061
854238586
905362566
27956544
196048158
567183914
810458630
29843885
480069981
892946667
492887736
491209231
843547969
683750399
304121769
959310096
81418563
931097521
886657896
448301692
878902290
108614633
426400074
874596580
259435324
578793336
619061875
886328937
224137353
583344150
546598441
545275277
720166132
367508510
805948471
782248851
500006462
532629172
240790693
602313140
600373408
401144469
817426741
234014062
81270069
934052595
13700435
238766514
96803860
172128544
3528
77388069
705404849
424116130
71484622
118944841
361674152
806129936
566336185
878755221
844451472
9013818
239133575
551926550
800215085
457801407
593205246
704638519
66924
958302299
417853529
896370336
363140491
531064454
513362710
139995021
182362816
804318170
97986197
302109423
192999072
691482056
946750723
726250614
450020737
91847935
897928759
5000
955136595
138903329
280233697
19318
83467243
246243542
26060384
159632341
149840259
232473848
318881547
855163210
390583975
982438403
500018628
893323890
579550277
426084255
934541971
252843010
501375545
552376156
15797
385115499
84405590
99278239
78559688
702492938
703719462
952694810
98655370
150218974
141561086
342892978
276401819
21407114
16997139
607335098
707282728
250000867
627621367
250009101
650618474
620037760
594903207
218279365
54932392
676808526
344482764
791677275
114753818
198662351
83198260
481025508
888873882
753121834
153564326
937696335
559655560
142194172
497490864
563741263
356005743
665238445
537039278
424637396
907177453
980801409
63835499
333515785
116377993
128219834
537405429
303359637
543467703
902380290
839997401
727874737
924272872
91323667
891192539
553571912
159557667
968943650
133044623
363216843
738102613
736592099
663948202
936383517
135136988
534806505
231206840
545987153
564223195
535246501
551930345
897912493
712623105
583336332
549438271
583347562
933937349
216209463
20590815
885627472
487894466
84003237
710779615
944994905
250015005
292843993
200211097
310963363
352863617
927001901
523492463
637686157
515533942
771091989
338602602
654833167
776417401
131492189
583335802
359538061
297288202
991836007
532880313
602538638
664316368
954752230
882699050
180950217
419210054
842571333
54482460
685530527
690199051
175948353
96366285
474013899
346088793
442306108
175934423
928868670
720530414
835233051
672360360
136602785
370145020
459625069
818360111
757350301
688487334
614303222
362084546
415783118
716199204
774938075
934550135
858790173
10053
316649022
8192
701282519
809533865
583350568
181113507
121728
854242525
406187212
630213377
340064721
833825823
333335306
404809180
813
301442417
511168634
214862317
910326554
333335994
705432923
319911654
583000370
895973470
792313789
27448636
545877828
876078007
487042923
475051477
288
554111251
752584797
70882
444544223
452428813
789860837
385371478
685445613
975013366
583339940
49066341
944805986
684468480
7005378
502857752
371844857
274393656
37911430
653480801
77438256
143056778
367623655
270552995
515111658
133814613
11883874
482330124
548349690
999552357
153341663
583361706
298195249
877996294
238122463
174307111
358425162
960476651
694266932
673631102
797383757
845501310
484528760
700613459
876105275
937464581
869831963
733871514
239262835
219144743
647366487
204589862
912345914
259621809
591592865
285785652
825101738
181731005
992437194
957557761
246025243
975790677
522290110
238347385
392362741
757780022
527737282
356856479
508086644
609124034
611261027
744984610
768187812
781368473
172123620
779583712
165810102
854905932
500001628
228081619
231171649
102875907
758060065
803270456
20938
205775638
306287530
694133127
452671843
404982973
20027321
186183643
29789517
950348776
619988420
542825396
236845936
389739214
7369685
940045433
504390673
414235042
416653606
380010795
606530563
394017808
404228597
870067225
312271594
50022703
811260172
896112109
68807688
340588827
372827416
904107933
912618875
384053035
176773640
250003627
802892842
986990916
500014968
171439449
389998627
834129546
297326852
666477660
583342614
56547828
516391616
23338985
171000283
490654050
191196535
500023116
409752479
642979397
458619447
948897486
508726396
578100503
1458
920745312
114123195
636872260
771504078
529250620
458419607
334641283
52282497
143950653
438420269
363105074
692206583
198735079
762130650
176491068
631677543
780149633
361643489
668269772
572254668
961133132
893988249
890201092
354449439
647688417
815708503
286525394
575975182
602417388
342771626
452764749
93201423
855216527
75842710
936563537
29029312
234019274
458551264
874011889
664467447
180861027
611150195
339082165
316610151
237330540
382675517
104489692
333155983
64568440
608807852
453275281
69134524
363098554
449693900
814945935
696058168
287947693
887030184
267465000
402228147
939382570
345013495
929357942
675081071
306507184
191060287
815898549
358244217
448245759
591050688
154051686
547073972
329070332
167678281
35095573
294259077
50528120
345842649
374287288
891269522
747910180
754170533
806668323
769306650
280478351
828019836
445040198
107402069
278461245
76848015
164061900
250015783
530315551
301118330
187005526
643571645
284639458
441217620
363110904
532447187
468956927
583421854
805893510
630072635
261463692
818949074
354054346
379874920
70622343
916660678
228855259
870967432
10669060
884907301
339717969
968596722
908316077
500002524
238127571
333336733
802293886
789995510
19605
711102317
456671709
901736993
975887710
256643017
978438464
453317387
303751788
538772037
226994590
371452934
830279513
980941275
270650491
270483457
591118704
873554805
563706925
157429083
186155782
724918763
214003898
447368771
532783234
52430210
666676880
195998911
147633586
250375613
820450871
444229035
845215149
684995296
779298609
454480072
41388384
467373378
172930408
867526633
722957426
500001204
581806638
698950356
465928417
298731247
500002816
824401233
361981677
687029309
672613216
659603781
500001204
164429933
211947032
322057044
603379961
8857
271034881
583357314
445045708
730049058
524834329
44140253
901302087
216244022
925103809
966272390
158544949
753452186
908224008
934579918
94017795
375461602
796177133
338142466
247761035
337211072
541113437
583340300
500008324
657448129
123110700
65464094
519137840
232642324
641214739
765733940
414354279
588828376
607802103
724192218
979510479
300841714
655241824
714909357
299677298
675880381
476951847
874259535
542235497
119143183
284238250
332892986
197075971
46841162
724032744
70037239
227359949
676224442
418450419
997393311
962097735
594229658
405447618
823586720
333373424
10082
202109273
40069849
812363217
721143209
407257062
174660792
421244791
809595383
775759830
682435149
334509685
286416789
167706289
572949900
480825804
409649598
842223917
500953118
927088478
500004904
922944344
998683034
619120243
460501644
153728104
647531707
771472472
707192423
314936804
857689283
929980418
758445720
551852792
449402534
991086941
519736685
825116300
583334852
155173796
639253090
151522441
579101362
310297700
589083840
197127256
583335636
926177437
2
609569495
720976694
2312
533580354
103272101
333340318
596179402
250021335
369370395
500000548
500012964
622530919
215501921
7175738
196323836
578300138
440674045
307151690
958711514
945619374
719294472
806895390
8297
226277157
234604713
902792750
889867663
251167123
92374806
803156900
115565995
676214245
368749471
414185127
738158063
587989822
632558901
676511302
562173452
228103087
890979001
633993353
744053848
657819926
712706784
878977385
569883839
110680207
924631922
809684643
12752
458346613
636884473
439012792
722825038
733783125
575818100
835212706
802476359
10082
11552112
13623078
976208326
833435289
138684610
416538093
393457834
452420383
873026719
347479327
134004919
786974639
836868968
14520087
500000368
500000004
93480433
149562
860076460
164177839
842819929
60799385
763547586
502405299
926836936
835629468
934559865
681243443
89527985
221020555
500029044
201754188
860708180
132678019
390240972
960588277
201710015
70222114
72641094
99214077
363170552
357082111
912503183
268560121
970128880
530679415
4160076
12846705
716169506
604417386
939010686
917391958
558776261
151618656
210728998
976274494
583437586
364467739
551251718
662420564
791421796
748002705
759471812
497757071
303018226
438118103
745783425
217803973
583336168
153535902
993852976
500016384
406860143
452953156
426546191
47898427
537651635
442399679
333339526
306720995
817996075
162249521
995635776
500785377
481067183
518834866
501849451
276206841
781257205
25647801
293835071
91896719
240168260
805292582
500000268
548372557
834323576
571589741
127018409
730984584
929722440
358139887
237631282
695709403
723772544
828543190
354436499
326990014
934590662
583376072
500009388
779902605
518154336
812894525
945238692
737850777
77397380
804922504
823047871
318002712
720489094
432619275
4886479
440607275
287300601
453176941
330529563
250003683
455248373
623813075
227245602
553061474
992751737
284479613
4487757
500000844
488632949
431041617
340929658
445304820
530845043
389417379
795335463
914368046
162
790324145
660863841
830271651
546673487
71562423
192669481
642232343
84618224
599510704
535353102
500000064
189071199
249429608
967429388
515082410
676309238
441335857
989016088
574852068
641506728
398044519
745978103
992196210
783951294
965908557
330726280
337887262
182179261
795873606
331906019
352480883
172290136
707629559
372737763
139485888
444538246
153762447
339633990
708918075
997402039
333345177
650555227
500011104
500003124
458359038
595672954
519255969
738118759
823982472
833978611
791505141
343878018
622076916
604805474
583336728
962828389
934587605
50
402502838
34199121
294834096
583338212
531792875
179249594
197059973
583339292
119150226
724823809
723553423
583338626
500000116
988303482
312475533
456440384
561915265
312750185
454463400
641710579
700819042
762553203
232851794
340936137
799772394
684459239
5000
116626215
500006848
8290739
772552297
649557377
208352118
789670495
851044336
278344731
446358194
756964827
724046776
601206321
555221240
519988975
783812562
403031337
4608
932013267
684923965
715689283
373592176
237642866
646835803
645896667
631545835
347354841
102086031
593794852
126596186
17645929
977199867
133024923
432894761
7442
72843580
7360
853378946
885346637
166684995
375388799
742135154
438130961
343396231
31666376
868674680
763145300
15842
452500179
980111123
501266841
137377472
819936008
746408526
877782245
676225084
676925663
723152755
512069257
330202505
657825242
886072733
671246713
677914227
318102037
333356477
7221461
108574773
847009406
501653975
311328197
505051015
924428699
500002524
770263402
977412101
619552936
296447463
853163123
290209877
218628176
566300161
946560990
65918582
364377480
564961635
744077181
391811103
935044443
807436628
419964397
295755737
747441388
846622349
428022882
523435281
3016115
875724552
657185176
900655566
80503803
748103747
780453491
879240263
500000224
264544017
103360401
724806991
832668599
715369116
189390211
914232833
721297745
89756375
429031266
870902322
486172302
573187525
980394298
377712747
525662869
87450512
90422499
753400904
829190673
880754536
955844303
868947293
259904523
166706157
996090489
976513478
231750032
121005480
117037525
475888612
270144349
818707357
904131345
933961821
60343002
336069492
129396672
229132567
337591001
573910590
333349898
661969802
534527514
430990051
383755626
657322637
509120958
835948516
420083500
480153183
140202190
601204981
725261766
239150671
107704888
40557742
97188950
95742519
125655055
109538464
526003220
546926091
968174470
148415908
368210149
977779606
260138966
333340641
269149438
225057938
221442015
816911074
573127984
333415009
269007358
485970119
197054795
208469609
77396381
972444994
503062809
50158342
684771076
189287868
853683902
696868189
225622866
270818333
500000844
496639214
200048365
809543257
210595859
564754160
871012273
323867441
656150309
430226275
642916497
134428110
611881147
330083193
374270437
902796117
594179084
501422334
36193827
797112568
625555472
854533029
35832941
8439684
595211310
914104514
980949641
53787619
603157137
887827089
664264581
31332624
130329282
120749138
780464466
619984393
165473637
450558688
355628661
546245531
841768844
167684042
333371221
286058075
518745471
627146782
601720998
3786317
191043056
228624667
613681814
93492076
937067723
8
431690431
592890596
973653094
595156329
893034891
641252844
526803128
204823735
972389210
318364727
796936282
430896276
763551193
365343978
181002256
904805759
702375736
873573556
225709596
270217775
385300055
716972903
732889638
120081642
62816466
143853525
524674724
527689437
670190133
618601943
946919984
344212062
84787268
901921940
236116338
864374060
428055189
676388112
757966946
860771791
916048160
923914441
140736334
283025016
856371539
910574402
472274874
500008324
527305344
3219052
301589686
605950614
583406110
465628718
250003015
242220807
587870445
549183568
350896714
171436161
689858623
361353893
42748881
31358490
789426371
793489271
500000088
150995327
631584031
343421777
489070080
586422052
880017661
692499034
744068920
181147599
276253382
358666350
64437394
733036355
381853455
940888728
493876106
72176010
238728119
615909175
166671613
418746362
787194533
377050957
200065784
430624040
333339272
238120815
44007158
480912867
363108988
308489238
142855216
956395999
727006823
583341972
455541697
307433584
632372047
931407098
377723833
94387016
85698725
242736896
827664080
120639415
729585048
349772608
432077442
336371303
7970661
200465604
458564632
509041455
880600868
51955759
424064251
4623369
120527544
42529780
497729498
886820063
645568689
441438289
534575016
795526009
268352714
175990616
290061828
936489310
77620246
406470083
372046737
356792919
517646398
108385839
427249174
219657251
602602953
168118123
220430100
608101880
4884464
207127496
124300221
145598857
922420323
307527545
619081403
176670070
669940070
634540875
983738953
67272331
115060186
88278884
507236497
72578570
861635897
383896568
985107857
542994380
954061994
524296602
110364527
835009420
472916266
842157662
31721217
515848199
837238917
289598184
812955451
976245768
645407110
554052759
229927961
44164786
412978954
87358362
38196746
812064903
366457655
321906488
500000688
45459448
886195587
594372540
190698927
689376935
110551609
880971699
712302133
81837225
55280052
697057677
864936016
405273026
860090706
821960443
916576395
764575230
267872624
909091492
544602249
636539846
687627774
445746862
6498
338739427
845862622
342876852
504178706
763158861
604071067
904443618
327385848
346802258
436076983
308241260
340653624
419992687
676178412
987637523
452393817
48813890
250009335
701935231
982502355
809595815
584093582
521610295
281682882
500001408
831910473
530407054
181668320
109486538
285399474
436809791
133058694
500002668
990846691
15529744
333388703
460733443
741609955
968799514
867363737
745182092
285424026
497916327
722781404
854670744
520877188
309159442
333341348
52533602
831062239
806537554
947436661
296246540
438238245
880042975
337058380
255972172
333412397
500004144
575755644
148857410
394642178
670457205
181798054
832807419
729536274
854570606
333345338
964552931
441760158
905233266
830790014
32937343
985302883
869778848
296568276
837584974
621814228
368428619
236526831
500081208
371403001
125498830
312261251
938056760
407245886
333375851
38969205
855188319
751069716
463593772
318792397
78943995
663856283
583350128
746107617
119071586
721022477
500001204
410141849
959247878
703540160
631800157
628614426
363114581
949102695
945562230
85902000
139437047
900838975
490086636
866243147
356236869
241099067
795224755
954844302
101535834
784096709
224530585
632360056
58043234
343896421
605673900
648903590
328209650
249764316
601200769
30860847
46516923
118947147
740270015
337915545
500000088
323107367
121656583
523282372
520753314
903657253
848432838
148826593
659782182
29245796
578309672
378405547
217347751
645570377
218999271
258617641
270644239
537496503
581135575
731142911
449570060
23363167
333348293
553720482
104510563
617199065
485282819
586518959
381601922
266895062
468950318
602508651
285112967
904776985
651996206
11371193
421855011
36785064
467632682
139234843
449959051
593624933
499762695
153898273
881356849
714986094
127582011
672903191
190103250
464954762
831042307
5796641
133529996
395256082
691104641
272034074
561944386
852182382
583338706
671510549
560520497
724874109
504397573
278877506
678372061
2948125
828804698
937072612
412635603
669640722
504759508
899630746
950856637
538903253
393422767
585843968
934266039
583341100
906501574
253910477
870490416
594614614
962032040
623820634
624265942
761405203
265245902
797999813
98092642
119027495
511548837
521932896
783676589
583382674
216615841
354722301
895643589
380516878
662386976
182503501
416632504
87044159
58256485
889036654
20001
977887817
265340527
672726510
54353653
862276476
944083400
188277748
387778112
335865028
245808024
386219135
147123092
161022360
921247358
83494615
496124242
133406546
191895836
829942231
676118556
110446790
154222150
927121451
169897837
187005604
789136854
332384478
998259860
361497303
429391823
17298
217587657
619130587
704344000
500000028
752107490
317217509
500035648
329467457
500000088
610082914
155148351
460228008
50081831
277859142
619066005
200264608
361086190
758475028
252011117
102328965
537541325
474106685
1568
822934776
301818365
30423787
262266183
820264783
204197802
559724769
21488279
614246586
331672649
970893327
835949325
411586551
243006973
893896459
402634508
499425272
118795211
829263526
186080514
230131363
376033743
759328740
834360857
12789767
102356079
412394379
670517939
791325642
36500616
291804534
819983937
874688172
641063844
543661681
132807257
399746910
473321587
85610510
926090790
583344916
771393448
850851263
612116865
38182856
655870478
996557322
860511161
154141290
172148343
858646471
423779355
957870439
62284068
40416181
500007324
632992502
470709957
453582662
396570416
452233185
351430000
391695643
332361029
717524836
591517819
500000028
678639992
878112485
688825395
75563846
765445402
517829427
592726294
502900538
53789565
156522865
24556944
104913544
374684044
33452176
572709149
532949951
832888253
545301756
5557626
583372150
511161143
128245072
238173615
576854963
632965873
837088255
677143959
723874235
707047665
245863007
797068398
7442
455957667
253479391
506170251
700235045
14928371
477743965
981847776
351377228
119141790
201410685
9730874
606517208
136943245
618041435
839837448
998771
859506549
177295844
831081839
651238073
288373052
581888241
961138958
895588403
73942871
76625999
957331207
855198009
552658201
140834684
838578453
871721983
500010808
333655304
786508401
682448647
672239710
454208751
801554865
635158969
803614610
262056135
77411828
420969030
782078145
301692907
952594676
10987
24621621
542626987
416359639
979894797
740090199
29781476
827026721
883338741
265155059
934555931
139785184
155813751
555625716
398041947
77395965
672213302
702916858
821474802
217402029
888527619
107555381
391759210
624471932
194880839
532893405
29795920
531046755
93375837
583334924
650845496
858795208
663076873
367074622
333378042
791748829
348296012
676281373
171198806
500003124
450150477
865833596
67284670
761942905
340423259
415479978
22379277
135761620
700351709
685615077
505120822
685486597
885287674
200458790
333353257
522536571
210803484
64660104
622027432
960497131
737744356
95179982
66078657
603436555
639515098
459626706
299578878
500005516
546110467
433765745
981406753
122807752
463523345
539345254
266258119
306674835
867320379
346476092
188478517
99845389
184790504
670190143
91749965
891575579
276028072
701730234
138600114
220135123
18432
999512257
954280464
905046939
113537812
997031028
925297961
750077646
216741290
446108986
405229445
928367448
500095488
458381585
273452264
768387425
198176530
335856373
589135641
985962827
341702982
967510163
183016967
170600680
447854612
233519497
682374832
756373504
476430432
485172329
572083657
359460027
98
902405321
500001744
689398027
557940277
68449774
534190972
714737294
578692696
771721586
809873677
508900489
455421227
383105393
333350603
854770402
207111514
883709634
665576246
580025011
450808438
631955825
727481718
276749479
343405702
250002565
927998108
836632774
573334287
293001572
329307867
945413501
533333852
427032319
79666306
333346133
110561199
185037608
967930482
512282673
275732983
774415646
987458705
343411408
118257210
570509626
119084756
688696609
213730524
611441847
185113160
400998357
846835540
481565054
866915500
381094903
451356404
1250
834421086
281826219
899042278
367374576
564774478
986309768
94118754
111311273
171219367
744601622
509806522
264990031
12482
588755763
978111018
20955158
714816501
774657995
819091267
3403218
832585484
325652235
163978366
355731314
811461618
560370884
500181808
732918125
956394272
755706390
305208541
541012538
237633370
549744193
736165366
81832067
448543621
768482085
456759568
280487911
624463296
333339405
941651423
37567402
665878926
315893751
583352170
975171238
432174837
329963774
722446319
960256033
352953833
425177117
8853356
295379833
402150390
444547720
987815563
371753158
214964963
1568
424013118
254458834
321707645
306684677
351755415
471685283
937070029
615728946
487816155
926775027
683437767
294796651
51228866
681341332
713886824
115246878
409166223
532872998
991353099
711088108
519953450
248504516
852169339
649786960
301858693
570680559
828489992
392
771781672
705272989
683418876
476270746
634344518
313928394
358786174
386340752
993209799
40944067
189557867
341391050
313244713
156623546
536519487
273360470
339656835
744077543
244309050
6962
966165446
603717080
500016384
804035554
956271754
687106101
902922245
452259075
877005667
964884547
26604151
671877671
664872092
492148942
115520643
601126650
276512118
605853956
647592248
904779105
585697482
136029825
134282008
783833949
538342602
276882444
194950143
502818676
330964402
814396517
689297333
529531314
868684090
456583460
155957641
408608788
147465433
131009968
371565168
882334642
997352162
575107887
61769737
553075288
208837166
236516052
491065378
769042354
896920032
1922
798899621
695861256
74373229
368257763
800
320036158
485807974
922683848
568559852
348651693
15754116
542367986
735791772
972838167
542401721
439582458
890539632
284897491
883055468
209806216
327926827
448488816
764393853
125011497
317997876
209546630
475962102
6916
575999835
907709076
941853243
454212339
650365561
36414219
619089701
542363749
391239467
814935912
389123614
551098946
219793939
279634710
6379478
106139701
552015873
971079612
429630522
831037087
3200
110994632
602717218
560114131
913728748
448782867
181048269
316190213
664640962
25225041
463823896
276672275
281915875
897160020
972469735
169431210
493400835
76159424
655530856
826461772
747126950
14910064
120449203
368500643
849623221
956213242
771928468
661070167
443356224
838202560
20823159
528597342
268304682
345358457
961676820
453030766
642341103
486737307
609067354
809764327
933831242
367647968
636386140
726879637
488160447
637508712
831725505
354399028
976003586
123589226
895184126
289217666
404478531
202827008
243163907
886786958
644426798
490415023
503398274
750736713
26624
500000016
104898658
619068265
836550056
777546446
86146948
159702513
85787363
917171155
120237326
774233240
167319589
224149307
210081446
333473177
96955598
240108105
848363442
74616005
920633475
789661050
108106344
160881568
857073525
800
511654887
740555007
72767905
11693972
320944063
995921088
627520958
872935036
10362282
77393009
957161475
575195151
910391673
651812136
786078835
464506029
398343151
409251609
120468093
737446400
425993566
333351431
274880234
700372328
98117948
259658970
417763492
111134208
814131319
82249253
45000
992174344
976862183
598241089
976280653
790562165
14624205
257574064
255922268
777226671
524535005
27772407
699609489
821288559
394691753
458355318
604639742
904796655
714746532
938576955
949650158
934586939
496405873
170118956
751602810
486442469
702351526
798267170
127815098
461359755
699542538
29800036
163078618
9881735
193880656
436649467
249413843
41802604
450275943
73407339
986700554
341835075
288189261
415079283
320865734
904996449
471994788
149019954
496583478
992839473
438234743
932808023
609275369
963369900
355450781
881568758
446261513
707692700
104801405
32
301799260
548273462
798843462
747596169
819480960
313252033
290843252
484137138
895718102
219888917
29371430
321194325
910861164
298854256
209993024
568481673
107245680
590267650
500002668
210883455
338778889
948680808
78577659
576096202
609318214
144816414
149166832
994181481
809391502
24917338
378831177
724607487
872967245
680800967
231757649
480244505
602881628
453027530
942596872
476561908
897343508
954833578
943987994
309559308
136458363
758915850
241700995
108921990
631412138
314810331
57810732
874400331
904722903
648
726808597
10082
288363294
29842118
801650519
119170232
720203134
627042766
458668731
505710980
333344016
10218402
809890147
792048539
933796172
500005944
640879488
505277651
54784110
604214893
309560766
27068735
439809545
991898885
810176342
509684871
643869511
35488193
809152493
754127925
809596653
145529183
9354383
9379885
978295517
388722924
74248051
500003124
729788638
422868701
813701101
72871869
309590658
983386494
15488
334650668
132634330
948762015
32372963
319246074
946779536
422232203
58920686
119123042
644719126
459858048
221775912
319299456
643935699
278022369
727155896
636863739
140881471
604511270
425224792
577913294
677456043
174525849
453045950
113969035
863284187
687165840
251714163
977015945
491772183
211372764
790328712
573607478
475334594
29776303
188868458
684241639
585059313
453078375
746141480
474166026
72210054
507925928
136814739
132161578
840140322
792835895
203439957
225072076
894632116
746227961
952415552
971870167
66607350
650774711
449725206
38151699
119097058
980055000
965572654
143159340
76681216
833342863
144933916
779747062
171072019
990307870
100270299
7319655
456637278
223044301
311491083
443544364
96466517
841102503
560160277
419900699
744055636
286197428
493222090
763873626
887100815
629039032
558849223
72
229699044
870551536
292277954
889113248
449930572
473251567
133494399
977733392
8925481
500026224
70596850
690302908
857241212
299175930
457801704
668869614
39352767
381569299
523383512
57352245
994694057
953027559
53795665
657784989
508413850
598358372
523714541
7200
803488100
696704036
500001988
265617864
836850312
898079074
524690512
685468250
430704660
221777669
685166328
845403703
435761722
723838681
734123004
713008201
738101389
522233532
127055008
429277353
180043925
432162389
942033824
894165893
615039274
133991166
149778810
585572908
14112
965521155
77402984
563982745
346613902
520629901
953029024
660700339
326386487
808839193
333356667
425722486
407213767
306266082
725066368
355093430
679396145
83304099
33913686
120532991
348446026
363114949
132106325
133531189
990166877
252832826
926034319
460163474
344850410
61734738
277796426
414275689
711725119
902719116
374957734
426043014
333340077
784336937
906908307
18222243
133881426
565086693
451840668
354926548
377106842
561171894
976248366
788472201
113573578
134373366
270352776
392
152097750
266474512
528347163
182682291
427348207
896617881
40016439
184310018
206472419
274467266
417499679
619858451
756832247
293109252
362003983
419667116
80539497
686434923
673860662
914618853
443438969
8917077
744100202
153054741
539391212
302035234
555148694
586751476
416221278
864520391
63560821
858489897
64124788
186475689
177557336
111735196
976780956
268644968
681083947
85108251
124119635
976242002
185706558
24427361
414279315
363103168
812175538
447915814
792175860
579460062
126289730
571861353
617168630
669025723
961960004
561537962
325131163
29355235
568462950
202796062
250056933
633678900
488911410
246789989
336978900
41778083
917837088
928660629
154500715
950227654
104709307
495257670
574178693
717251928
498341761
363354816
213021776
784155710
381309753
440797561
583341798
464905073
105510224
637046114
95520002
641479994
992007226
869345936
338770476
904827978
579976504
77412371
555126591
648622094
952396524
2450
196212069
971842813
408491702
660175275
128952198
143415094
649112557
613544588
934554103
44428556
684493855
424415646
384964608
367650008
819173108
464428643
559109755
417416828
676207157
797778037
255910786
720026564
2642345
967678772
287748191
991185381
461883836
655722234
873301505
620845151
823486941
250005595
333363955
222386587
17672
404257031
820718649
495738337
862251025
182791667
583339762
553505781
165485697
164401449
288919005
1652
949790751
500000116
127188791
849871749
319620618
307157771
837527456
512186203
640522132
398644698
676225547
744183244
960766848
404785398
104714452
8582754
333353441
167196741
927266868
547798665
598487175
88665985
518680098
500000028
153219099
235597684
357082008
734291372
981625581
174536053
904797259
228638632
628030894
393111321
460533703
409941332
560786478
152802297
333342630
119061772
219538539
956228353
305815142
778352641
944754322
714579675
220117049
581657167
94918565
552262541
799649483
820363278
756663112
458810358
171116978
664053836
848850286
750962668
500000064
568718851
995871591
107051400
337952651
661838719
755073655
477085857
40805199
947226698
458397903
5000
625703274
25943533
1458
372124761
672310653
355250720
110248128
714625899
698479163
595217749
133505409
553020655
800095624
137814201
620166188
829884649
998265498
951117288
669230056
25458542
843808857
246499725
433405027
980944348
128062630
63141741
29782770
997587863
463244209
309591936
1152
333342189
669556254
91121086
514664092
88514414
99693651
877343146
952965230
19532567
118734230
500014624
226814545
503423442
992364509
476821150
209251848
688116114
333336801
652430490
92010010
277069581
486912929
412897815
904830165
642812441
885210839
363105688
817927617
72169804
113848681
1798595
70114262
77423262
424477200
742194731
928324382
333366683
624008857
998095800
949582918
820573238
333351462
957294509
723851179
472068503
984270793
8215858
788931189
500004328
353442622
952402646
238170563
208759003
34848
485333006
719724793
635159959
820675402
551451604
5780161
848477636
800440308
13951807
175437751
651407721
857199080
536627442
934549699
365953301
733149075
215217545
154026105
943096955
601257483
678088983
207985001
489261307
362937625
575360155
69798
786345344
371286107
743481401
378404625
969044368
887818263
811790405
687754424
282657641
312078513
563214386
792312982
497505883
785743609
82433546
736048483
717327644
5202
945024889
122840662
669444875
44776942
804475857
103031330
677912781
98260015
333345697
17508780
391636509
418247187
612182565
213721986
128774453
350695416
364815878
10407537
219743685
803678799
81728426
569932285
490558084
904775273
147993235
674456766
94262486
712229735
523593698
770384627
792900302
185624571
194413464
897543262
600391147
726363061
32
865661896
29800701
500003448
537111153
174197440
317709276
425022058
564214618
805395082
153240683
125072819
931993954
840273201
800900523
301529948
259594226
333340065
878692826
843595712
500719032
54229479
540563253
76884254
187221322
361987763
96622081
479724820
724077132
950988412
835377875
755251767
952389638
31605992
921873294
804679910
583360230
507905169
277925616
333388458
775055864
973506425
346741888
2043928
757395917
977920324
644246202
578
514219893
744054474
332737985
104685333
302114736
77443467
526749042
110521296
59950405
536264722
974659882
451398690
689857544
387011068
583337654
766222077
713965386
939348023
915504907
631942652
183035287
14775947
791268465
423451030
916351022
583335266
595187514
827180008
176089499
45595041
345230050
170158221
738189030
626166110
930662101
655982183
975743782
4308899
170189249
969810686
388350724
911984286
457139598
596611792
601214203
610103958
289208478
375304469
126499351
28287807
187957458
12653
78839338
578718135
658065606
532275801
145285517
773681625
984116211
214935923
329988457
131036353
5226992
525103085
233651584
989892115
175848479
373335721
769288825
51186
566937578
583367562
861521595
66579208
422799168
801058696
885845256
349171639
731343941
250013001
267529459
88330194
622123472
230643823
500000008
94401732
501195144
660735406
415987636
699582732
699163210
806965127
770397836
335586417
708495946
747793874
499600459
52088419
768796826
14193558
857507202
138176301
696650484
552790465
687661855
60672099
583368634
339081888
376262971
3880398
793859095
583358410
504837031
43428537
333349696
836004456
880836517
365338221
398054453
965741485
978006415
947028686
494890409
739940605
493841011
250002501
452398799
853154926
364884149
758381588
520011930
791699251
976286768
234572130
667646487
895689750
29778464
250011491
322773790
228253208
767648536
201638372
993932531
443451644
358304495
899118182
126241809
861638019
69068025
459150571
896872153
722
769908926
650669880
612336176
878651964
596387122
989660678
20419071
425882578
316914382
480432219
631329645
192963433
964247057
583339664
442424278
613240862
852233426
18140048
359374833
945186175
589401478
775829174
435498846
354778836
406750187
773707151
555656477
512056581
142898825
578358826
237578721
526971254
532320248
506198657
780088138
765068711
471947761
928734562
876780316
901579271
595030070
95324493
323260153
601964157
415829642
500002668
490718594
73982139
822853905
465850122
667079291
500090526
851345089
338960994
538463951
561593837
148355526
721558911
120267920
708556617
754928607
611825617
881570472
453053447
89306012
333334005
333355907
652411128
210511479
820698387
217136676
210918796
701011804
739875948
443534433
442898543
354699763
50056045
278609616
248884990
971554776
530078880
500011404
500013288
888868056
823382333
583071069
309546794
567338153
391173644
515682842
26480328
283804584
319913097
186989887
998881370
762541259
907538786
484466625
577582805
870787659
352311488
34319613
888269678
947025503
492054413
67340692
550535932
583345306
609607220
396722411
970951714
64521253
583449265
428612135
236353436
583448352
9291487
23270661
383560629
500035116
467467370
489607318
587791822
334575600
942452285
333346227
320998467
813903439
154823232
550356940
606675903
853793251
340288466
917695456
628884296
371686460
4715161
267563926
381681042
145336683
494862047
190862483
398559639
232934992
582544468
809558731
172435939
448578253
868403134
624213792
41540119
195710299
7642108
662249793
874176527
619222995
719226365
130068132
500050884
358948223
60176049
583340030
414241456
295471488
30580
843776525
316449182
755675520
49969622
905468215
609778021
979897256
436183433
845722803
949575146
666703284
417336698
169828089
154138175
925231806
513770222
9992233
476256580
620719694
221160812
476322383
412535969
837748890
837046850
947511533
295283864
2320
486887371
502589899
601461737
646052404
44599482
467434955
953015244
582958665
491757840
333341490
194039112
621481791
708361853
844870598
333339066
608033496
430146133
650121287
999802741
500000004
540201494
752859109
192905253
634727569
623038841
216416948
101081978
399156723
693849164
40241370
43612203
950205289
712982432
904662750
944041726
238159949
125019618
311197906
488022439
249366198
826683596
346331738
477143595
238121213
727115543
37545966
989254204
929892731
522177586
925069891
736453091
604398475
177163257
163469537
823947897
548281988
174789316
500047128
428664090
776916237
500000116
742450107
677449075
475241250
457182854
611692798
970717848
100863305
480317142
937184357
693592824
994601116
458364458
362633532
940052344
872951798
141818019
792175363
739969191
82693287
597962797
516002957
110233168
365292264
336910229
623157773
774957083
585851071
238151323
458447248
889202016
20078597
560875155
94532050
239005314
560816374
105176038
443209040
218363858
601200725
627205979
333338770
590972876
437672190
257584641
945264962
631257155
422625451
971967552
450566210
377850461
859147702
413196555
826559987
259563495
18404893
949026201
711358263
853902079
381429807
107001125
159513007
267298604
820691744
594833378
478621830
61686165
48645953
949749197
880558270
333415013
496929500
276947940
546694582
658347752
95563835
886006929
504166068
861890872
914432477
596292653
333377504
950194391
860600882
368088763
34012684
547001856
821455368
651909809
605190866
458001540
97168848
634475725
163976246
2036229
266565223
500007324
27458547
117586229
364092081
637485392
398078353
922701656
641735071
50319198
914399148
622374224
942744098
845434933
558118690
119090710
709726644
159166838
600092885
533074017
569330176
334182205
548528786
255533268
333386189
608099458
310225538
963280949
15617742
565035468
815873468
60758616
588424169
855758954
551647013
670022051
500000424
228461117
789529671
458355644
288
820315789
873486445
613296873
22148349
678108972
684074358
844928756
187965839
160831648
182998893
925498500
821492562
119237352
489258228
868621928
835171628
583335214
806048762
614577001
610587286
403571509
539397011
143600424
485200942
348443454
852494430
945204619
500000116
446833937
776085163
791410
500042928
841622363
586086833
14112
491625803
859847949
288
923290563
833615342
500012964
48714512
934554313
316910043
100695859
656286011
791993229
319808097
881907580
706646130
246318655
893586747
207953245
754552591
821062007
789958773
696952371
162341281
219181133
716106763
248054981
97812880
476826480
668094991
970038614
171549603
668759039
729234355
671658260
346917704
780313250
4037
84765352
903144133
830516496
341524747
620847116
383590778
500001744
141371348
4624919
183636320
566358251
163788308
503149455
839116323
457778992
449775676
166143388
333344314
856130142
944151342
142744512
870406001
570639341
867372001
955681561
213413500
73202434
139872781
668704788
325271977
121642946
161084135
407928403
333345679
45236882
102810575
595123541
566244255
633879691
975972700
876937444
509469773
641880163
87921042
485638451
859792074
6814
90397323
997531701
75900952
376767947
373076487
731784269
500027507
571458195
849397770
68334722
77389460
500013154
84386009
362138992
227163141
238926591
20491617
548327212
267614580
562783063
666704042
125533101
698457638
152466475
77401726
885036080
558744024
925550906
238109913
310262347
42247140
702031522
972045327
48482469
956945122
781764183
495337552
504880640
557834624
533929304
102603168
13296783
775963117
750582521
375607029
714360955
392907807
363133002
224618528
583345504
962029111
279790022
256470576
251596378
497602818
717107092
273104941
168739610
90289365
530011002
649218306
13343710
703552448
645993756
203091494
372995698
563949923
353252057
309417374
810096694
508240113
264310336
696328662
500008068
36941496
791685793
923786794
96593629
417282224
382981318
289265193
305013734
173670117
146469307
645976086
427994889
163655011
914854880
289340394
648
176341013
414621774
783670122
907630779
404414546
872797619
119483962
366610806
477893036
690974199
500000004
922569184
484451623
379310212
725627536
841848035
416761269
117857777
409050572
38429278
214786228
148512380
243504902
850693040
609759395
334031408
373192217
444023701
988977534
1682
501773583
970041175
641775689
657971459
904771405
410623868
818989562
461800453
108972211
700220220
894191011
752833984
904773265
72980615
830670756
804112238
173258466
942173721
854240971
615804881
498830782
567211360
455239328
940937623
851032470
887164378
333363557
288
513390822
515953775
218852162
475418052
500009664
766986228
184527667
688516945
206461148
946737662
64575351
881678053
743953937
688512502
985003757
613835677
411592073
968683817
626915478
274339553
201635474
507962590
695663917
262587399
714053067
496622447
993237058
335317628
347532569
5102026
5393974
876128323
718352978
780118839
963820112
851975804
547204973
800937490
623283653
829094411
619787808
286741580
1152
592800585
230817133
732980961
89089405
958622371
333392351
469393330
425328536
0
755111674
506747710
363104679
807362114
495052047
314680557
170257314
333335389
855224917
208164209
514284962
77397586
186419236
471176534
858990598
37480254
730088601
451393943
531897332
867828441
557294268
626283737
472279845
278416733
77086945
3698
439639104
124971076
272654687
201580654
238128352
404865690
702411629
698376773
253981584
471226468
333343025
36704938
309621674
566555437
543294735
42373675
592241430
233277283
569288851
326554067
804320670
904466345
596851108
657324698
158932041
545351073
536368201
500000484
264173934
189153879
970522734
417478752
258842979
90298108
522525729
787378927
11042137
956034390
55283229
611104361
242653207
555406676
495660196
596470593
500066616
22978858
470905827
840581050
922029371
33009086
933627731
481938482
902431516
744155543
469996163
624995858
225032462
119055808
346007527
769524171
752432957
500054784
15388866
544222709
869227563
640631155
57860703
150877749
583354004
844837158
83107640
984675835
105636574
747918939
921561090
308359632
660420333
893230944
483531169
102617624
715418452
756704178
644361847
930566057
781814161
22020451
70923608
225893491
66166787
788152274
264653014
816069808
81990653
213716888
493215728
633317744
202507945
84420854
395901183
3362
786409963
645328854
207017400
778964734
287960618
56701224
728622221
124433271
885008260
839684905
445535372
717926502
192386115
530060166
219852134
530253735
553067561
157356062
922290784
40196869
271657708
497811907
767154403
599189761
382004600
109459048
971938075
127048054
772344187
213330315
837737718
944368511
612093348
117846352
500005728
948641332
896335782
171403801
291270086
749183769
564739468
380413714
848902409
830095191
620714911
875820240
573879081
583290946
134242820
702398027
654873164
8978
322682251
129902837
441052734
958830593
479809073
583925180
104852480
74094702
497966708
193177635
115602155
526304689
458864491
216824132
744062320
601275308
710567909
816689734
741762520
191506993
313135550
929397918
241336654
649067580
20766380
967412835
934549080
551548325
464497127
707787151
617139245
506641862
198707944
572496001
347732991
910173223
755798531
457031138
544387202
453603752
986488897
159184154
226241176
737648489
374115100
332636191
17770992
931504301
56866882
93368978
244521979
878548629
283910981
736740930
759602193
28269641
718212531
746870984
946589572
182858319
85163089
154074505
564126346
309530432
636358269
25267865
461928927
889375997
250000755
630413160
396992420
680333625
427160774
852195997
796918521
90690982
591287989
66689267
522534080
381154548
14934202
476305314
573126867
600707763
922055925
378210495
443579147
934579746
80347976
727830557
642472473
571251577
380980797
422107771
950734746
439751198
831152400
958987666
871434175
36342304
371470272
281969342
401684929
341396508
289619369
238176183
135811069
398240874
934808666
767379077
632403705
354072147
228566994
836940656
161779954
568028553
902933410
857798292
724268180
486368727
391184387
8295987
206766700
623035023
881909050
985747104
2487100
500000008
500000316
500007084
795026534
511946435
816416125
189363725
235793508
482910235
369591615
877268599
121987626
5396
931090318
495744900
239065433
512100056
745965719
539516669
513687027
924431583
756234763
991470068
92872850
266233567
1665750
597353724
128894609
331468788
450979106
688174912
519752485
892215359
199872996
642214458
679398339
474183239
533336666
788660700
783132029
500005104
987692263
139185863
110596302
250052115
70656138
700856463
77394676
659677651
59523581
402374675
447165299
394408917
94526439
135078070
29789019
106184838
436808079
108727989
938291
93202697
555337689
833299184
834036951
957034824
296752383
85097771
354336208
130819786
682781081
156885460
814804241
664214538
795277414
12334191
213857041
739455911
713156956
841720953
55759013
248469068
638180579
737017064
852968152
471396581
650090697
389720338
792225624
840229663
240675257
189812773
848253604
433221925
35696
197267781
219606716
875608732
646834013
964715450
613876066
473379948
523866223
318866777
637615697
484139954
648697154
500001628
449240909
465199112
134877674
117969828
836401139
363129985
352554741
952853767
918607546
809953099
833087689
746325862
601578406
128269384
322638178
12800
861416082
932394949
551648921
649878613
689839596
276017957
205001835
583343274
786793099
822289181
959638742
11103545
927772906
302490842
639280710
697069953
222379156
119071514
288480553
221194897
214623922
221034601
551193641
728954087
934581746
145308181
907950615
919845452
44587020
333346334
500070316
540660523
110857269
54406099
3293991
282179571
553653185
285849626
227502850
389736875
136919711
877019211
380141266
571079719
611607826
333334417
310023345
198653016
59737559
712932548
123465212
906387906
328343785
734156439
52363471
357783118
804845798
356091436
410752293
148910717
67667938
584955716
900800487
573692362
465821508
166060625
762786620
94718363
408085311
333349701
119061610
803756726
86112795
322084608
603240387
952542977
1800
282584963
370262193
458378783
427669779
491431918
731882521
902430988
814696684
503918636
376929877
235020309
223410803
606481416
646550088
246669878
694599142
498929213
363132860
61758663
299454621
466781710
619772955
448040014
127112068
561346447
491469239
659068491
775411922
260825926
8192
156937602
481471982
842882863
552529983
544524113
363154944
157590464
149304293
981627194
191516504
193265188
149435046
738143755
791685979
891739386
345765282
817750604
431858779
971874302
895266413
500096835
956428794
453118139
146228991
478431526
808763889
906018506
217758455
660439597
748227731
880545015
589356603
366872254
949099978
718331034
227011804
333365137
957878002
107277315
579701155
323678985
786178047
65441520
343629757
23553615
142541232
985243861
270708831
361205505
294713243
133748426
229741996
464191769
190064456
857792633
15842
913424207
601070182
891069271
153170590
155067557
739729929
737070548
595094575
983946599
167294789
437675998
938481068
645646237
889867316
553993225
448021760
244427475
692946326
592091435
35412097
354020049
953449000
187776186
10082
404816142
452935424
740385613
432012477
210964963
314779465
623231942
534064009
