0
195 198 29991
6058 8675 -7621 6175 -4441 -6163 -1114 3339 -4394 -5038 6172 2167 -6529 5569 -9752 6247 7550 -2926 2928 8533 -8984 -9379 -1197 -4665 5305 8354 -2601 6157 832 -9211 -2708 -960 -1849 -8612 31 -7003 -9243 2616 -3048 -9175 -5713 4423 3291 8880 -4501 -7122 4550 -1457 -6366 3956 2861 -8894 1512 7931 -5543 1630 -7590 7486 -8184 -1548 3990 -9404 9554 4812 -74 5621 2452 149 6118 1014 4871 -8870 -4632 -4746 -5815 9807 424 2987 9472 -5624 9529 -4080 3918 6027 5837 391 6270 -1258 3192 -2787 -9351 -5798 -9462 -6009 -2088 7729 9849 7514 9221 -735 -2903 6866 3047 8814 -539 6844 -8054 4748 2906 8387 1228 -7748 -6665 1101 4154 -4488 -771 8889 3963 -1396 7057 -1662 -4357 8041 -8963 412 -8324 -836 -9847 787 5072 -3976 -1762 -9967 5215 549 -2128 223 4232 -958 -7000 -7404 -1988 -9562 -8 -6938 3746 2259 -1246 -4325 9920 2125 7612 -4507 9613 -3584 -2661 -1030 3081 5352 7653 -5581 -5329 1069 -6117 -1428 -5691 -89 3803 -5355 -7983 -747 -898 -1401 -4594 -6914 3293 -9091 -8161 7939 -3371 -3254 -9519 9339 5571 4963 7993 -6458 -2305 6790 -9677 2957 7277 -6723 6040 65 -7523 -3995 
6849 -8841 -9058 -9481 -6905 2683 -3673 -9715 -4070 9293 6788 -7496 -7026 -5376 1510 7857 -6989 9742 4992 8147 5307 5512 1996 -2369 -9951 -1079 -4973 1768 3939 -4158 6582 -3080 4963 9165 -9444 -6817 -5885 979 385 -5453 1097 -5072 5463 8749 9123 -4892 -1144 -2187 -1355 7961 -2806 40 -4969 5747 -437 -4333 2448 -6545 3405 4761 -3004 -6276 9603 -945 9391 5614 -330 -8862 -7526 4656 -6800 -1500 -1026 9775 -6800 8045 6414 2979 -5799 -7655 -2603 -8136 7607 -3507 -5710 3247 -102 -9188 9183 4013 1939 7285 -9326 -8680 3940 -8372 -7756 -9060 -9582 9225 7647 4200 -1595 8188 3733 6971 -7404 -3781 5129 1646 4831 1742 3134 -9096 8550 -5323 -8044 -4484 -8380 4796 -9395 3221 -5009 -8260 -5479 5732 -175 -1881 -3611 5852 3905 9153 -9216 5613 -2447 7288 2488 -9932 5005 7144 -6343 856 -5264 2479 -6916 -9470 5430 -2299 7902 -5305 4397 1198 6203 -5605 -2957 7696 -9695 4050 6694 7648 7379 -4058 1209 -4441 -7808 1785 -7312 -601 -2940 -1292 1723 -4676 -325 6221 -3374 -6619 -6233 9941 4071 9028 -2014 -3876 6201 -4789 1222 2052 7092 8235 5901 -9758 1343 1706 8699 -2590 4812 2701 941 6213 
2283 2713 -997 -9482 -7463 1692 -815 -9716 -6781 -56 -3445 -7497 -2178 6256 -9464 -9495 -6990 -3712 4513 330 -2352 -1266 7337 -6567 -9952 -3846 -8307 8315 -811 -4455 7827 -5236 -3948 3917 -9445 8905 -2933 6909 -1138 9034 3902 -5073 1963 3442 -2880 -4351 -5976 -6088 6913 9717 -4526 -2835 -5359 1224 -1373 -6504 -9191 -6546 -743 9087 -5476 -9224 1851 -8110 3631 4053 -1595 -8863 -6806 2995 -6801 1964 -5649 -5428 -6801 2534 -6574 -3863 -5389 -7656 7382 -8137 -3021 5534 -5711 -9542 -1587 -9189 -5429 -1555 -8434 7481 2851 7522 5320 -8373 9845 -52 -9583 3042 -77 -2052 -6264 -7684 -369 4885 -6515 2305 815 -1033 4531 -6679 1144 -9097 -5253 -1358 -8045 4919 -8381 1501 -9396 -1905 8891 -8261 3721 -1021 -4746 -9953 6093 582 -6205 -1127 -9217 7358 -4632 -1229 -3662 -9933 -4287 -9987 1343 -6964 -5265 -6361 -5859 -9471 4544 -6431 -3462 -5306 -5655 -1728 -9740 -5606 1677 -1400 -9696 -5933 906 -850 5564 -6062 9792 5848 -7809 5133 -7313 -7690 -5106 361 9326 -5538 -1353 8830 -7047 1401 -155 7159 -9696 1909 6173 -5858 -7401 -8064 -4872 2068 3904 -1232 4875 -9759 -5686 -7266 -4790 -8290 -7591 -9211 4307 -4011 
2003 -4890 -4325 -9483 633 -7987 -2186 -9717 930 -2755 6604 -7498 -555 -9549 370 -9496 3681 -7218 7399 5927 -3277 -8172 3438 -7472 -9953 5305 -8308 -4362 -5028 -8041 -8317 -5237 9636 -4308 -9446 -6360 9253 -9154 -3063 -7483 -8564 -5074 4176 -265 -7183 1467 -5676 -6089 7274 -1829 -9118 9935 -5360 2856 3136 -3561 -9192 -4234 4099 1415 7030 -9225 -3268 -8111 9384 -6165 -4986 -8864 1816 -1783 -6802 7519 -5650 8465 -6802 6624 -6575 935 7200 -7657 -9589 -8138 -9603 2986 -2185 -9543 -1838 -9190 -1235 7560 -8435 7928 9526 3402 7965 -8374 -4758 5751 -9584 9507 8298 -7918 -7776 -7685 7799 8510 5191 -8719 -8089 -9055 8554 -6680 1059 -9098 -5408 9314 -8046 -8727 -8382 152 -9397 -6630 7004 -8262 -2026 -534 -5748 -9954 -2227 -8205 -6206 1660 -9218 1784 -4716 -1794 991 -9934 883 -9988 236 -6965 6242 -6362 8062 -9472 9504 -6432 1204 -9210 -5656 -7391 -9741 -5886 9298 1588 -9697 -1128 7465 -2577 -6133 -6063 -1981 -652 -7810 9463 1523 -7691 9497 4321 2394 -5539 -9581 7493 -7048 -500 -8906 4154 -9697 408 3945 -9695 5037 -8065 4207 716 3827 -8036 -7699 -9760 7181 -7267 -7904 -8291 -6692 -9212 991 -3393 
4724 -9626 -7655 -9484 7328 -7988 -7208 -9718 5811 -5968 -5980 -7499 3902 -9550 3776 -9497 2279 -7219 -6059 1605 -3718 -8173 -3210 8007 -9954 8333 -8309 -2324 3992 -6579 -8318 -2145 -2901 1583 -9447 -3307 7950 -9155 -9371 7930 -8565 -8291 5140 -2993 -7184 -3723 -690 -6090 -2143 -7064 -9119 -8156 -5361 -9869 -4173 7485 -9193 -494 2435 -1937 -1716 -9226 -2422 -8112 -3787 -6166 -6994 -8865 4924 4017 -6803 -4279 -5651 -3825 -6803 2281 -6576 -867 -4949 2187 -9590 -855 -9604 476 -7115 -9544 581 -9191 3248 1027 -8436 3681 -6961 77 3471 -8375 -7578 6765 -9585 6390 3658 -7919 -105 4908 1474 -3763 -1710 -8720 -9570 -9056 -1731 -6681 3557 -9099 760 8341 6256 -8728 359 4365 -9398 -8803 883 -8263 -3410 -1352 -5352 -9955 -8996 -8206 -1385 -8276 -9219 4246 -7580 -4619 8830 -9935 5632 -9989 -3410 -6966 9672 -6363 2722 -9473 4207 -6433 -5247 -9211 4467 3725 -9742 2 8849 -7940 -9698 7228 9301 -5926 -6134 6124 -8161 -3527 -7811 -5146 -4449 -7692 5398 9952 5669 -5671 -9582 -8736 -7049 6907 -8907 -9646 -9698 9727 -7252 -9696 -7102 -8066 7177 -2058 -8519 -8037 5129 -9761 9309 4944 -1349 -8292 2419 -9213 -1970 4974 
-1851 -9627 9796 -9485 1780 -7989 2153 -9719 -8849 -132 4079 -7500 8370 -9551 -9422 -9498 -7210 -7220 -4043 -8819 -1275 -8174 -5737 4977 -9955 4467 -8310 -8284 4922 2175 -8319 7432 -8638 186 -9448 5869 74 2188 -9372 -9769 -8566 -8504 -4808 6132 -7185 6347 -6035 -6091 -7432 8024 -9120 -7621 5155 -9870 9745 775 -9194 -4946 -6170 -5909 -9453 -9227 -6530 -8113 8016 1947 -9634 -8866 -9428 -6115 -6804 -9705 -5652 8212 -6804 -5963 -6577 -6369 -5650 -7270 -9591 -1072 -9605 5131 -3635 -9545 -3585 -9192 9519 2661 -8437 -8577 -6962 -1435 626 -8376 -4989 2383 -9586 622 -9909 -7920 -1225 2602 3190 -8350 4068 -1853 -9571 -9754 51 -6682 2296 -9100 8112 -2259 8746 -8729 1991 -5230 -9399 -8233 -7947 -8264 -9065 -1315 -7358 -9956 -9734 -3609 -1628 -7531 -9220 -7975 -7581 5143 -2980 -9936 -851 -9990 -2758 -6967 -8552 -6364 1752 -9474 2193 -6434 2189 -9212 -5124 1629 -9743 9933 3462 -1540 -9699 -3074 3648 1478 -6135 1256 -8162 -9223 -7812 7118 3910 -7693 -5488 1307 1521 5160 -9583 -4582 3886 9830 -8041 6515 -9699 -3697 9862 -9697 -7802 -8067 9994 -9937 -8520 -7743 62 -9762 -5918 3243 1751 -8293 7006 -9214 -4080 365 
849 -9628 8339 -9486 1671 -7990 -9802 -9720 -4764 9933 2488 -7501 -5448 -9552 3528 -9499 -6428 -7221 6088 -8820 2817 -8175 -4730 -9955 -9956 1302 -8311 6124 -4430 -779 -8320 2769 -8639 5086 -9449 3399 -6982 -9610 -7834 -9770 -540 4545 2785 -317 -7186 6844 3221 2995 -7433 -5612 -9121 -9284 3496 -9871 592 -9296 -9195 -8045 -6171 -9763 -9454 -9965 -5042 -8114 -2630 676 -9635 -786 -9429 5423 6355 -9706 -328 7034 -6805 -6872 -6578 -7265 -6213 -5621 -9592 7462 -9606 -637 6258 -9546 8006 -9193 -592 -6779 -8755 -8578 -6147 -2668 -3949 -8377 -8607 2423 -9587 8640 -9910 -2941 -4709 -9921 8549 -8351 166 633 6791 -9755 1127 -6683 3619 -9101 8985 -8063 -5839 -8730 -3893 4640 -9400 -2706 9090 2449 -9066 26 8662 -9957 2416 -9419 -5162 3217 -9221 4617 -9436 9682 -3480 -9937 5005 -9991 -8436 2243 -8553 9695 1852 -9475 -3004 -6435 7630 -9213 -3632 -1279 -9744 -788 -3071 8196 -9700 -2534 -6573 6895 -6136 -7598 1486 -9224 3939 -2835 2408 -7694 928 1684 -6867 -2607 -9584 -1067 3536 2462 -1242 -368 -9700 8402 6041 -9698 -1625 -8068 5799 -9938 1323 6992 -5806 -9763 -8325 -6167 4950 -8294 3783 -9215 2649 9064 
-2036 -9629 -1406 -9487 1022 2746 -9803 6881 845 -2052 5257 -7502 6296 -9553 -3536 -9500 6561 -7222 -9657 -8821 -3191 -8176 1263 -2133 -9957 2074 -8312 -2399 -8421 7800 -8321 -355 -8640 -174 -9450 7668 1256 -9611 -4175 -9771 8117 -5224 2465 -3154 -7187 2151 2031 -7495 -7434 -5118 -5750 -9285 -3794 -9872 2928 -9297 4166 403 3361 -9764 -1784 -9966 -7185 -8115 -6712 2847 -9636 7843 -9430 3473 9324 -9707 2495 3487 -2065 -6873 9948 -7266 9176 8581 -9593 -9483 -9607 2483 3890 -9547 8830 -9194 7970 3039 -8756 -2089 2959 479 7093 2530 -8608 -9959 -9588 -2450 -9911 -2223 -667 -9922 7030 -8352 7290 7375 3194 -9756 -4053 -6684 -5658 -9102 -3425 -8064 -2726 -8731 -4972 -7769 -9401 8748 9725 -3385 -9067 4135 -6873 -9958 -7513 -9420 -5128 -644 -9222 -1896 -9437 8060 4912 -9938 1143 -9992 264 9173 -8554 7797 2593 -9476 1478 -6436 3830 -9214 2083 -1820 -9745 7621 -8633 -1528 -9701 7369 -6574 -9058 -214 -7599 3978 -9225 -7849 -8102 6204 -7695 1254 -4224 -6868 2725 -9585 5699 8884 7210 2217 376 -9701 -281 -5764 -9699 -3658 -8069 -7587 -9939 4887 9445 8115 -9764 -9315 7540 423 -8295 5668 -9216 -7398 541 
-2959 -9630 -8717 -9488 -2188 7248 -9804 120 7652 -6895 -4489 -7503 -2078 -9554 -6909 -9501 6547 -183 -9658 -1822 3308 -8177 -8872 7239 -9958 -4687 -8313 2950 -8422 4284 -8322 -4358 -8641 8074 -9451 5575 3258 -9612 -7921 -9772 -9979 -5225 -1424 -3645 -7188 2830 -6559 -7496 5733 -6259 3985 -9286 -9270 -9873 1018 -9298 4571 8675 411 -9765 6337 -9967 -991 -8116 -7303 6079 -9637 2816 -9431 8366 -5199 -9708 -5336 -1108 9229 -6874 -1301 -7267 7876 861 -9594 -2076 -9608 7605 7188 -9548 -8254 -9195 -1483 -2605 -8757 -6297 4394 4255 3879 3662 -6577 -9960 -6537 -427 -9912 2256 -4262 -9923 -9120 -8353 -304 -6600 8046 -9757 -1203 -6685 -5805 -9103 2121 -8065 -5847 -8732 -6141 8213 -9402 9664 -481 -2977 -9068 -2365 -4522 -9959 -795 -9421 2912 -4834 -9223 -2094 -9438 3130 2099 -9939 1445 -9993 -3610 5702 -8555 -6892 -3847 -9477 -3996 -6437 -2332 -9215 -716 7198 -9746 7591 -8634 -3202 -9702 8173 -2699 -9059 -6195 -7600 1608 -9226 -1329 -8103 -2418 -7696 3678 -9861 -6869 -7058 -9586 -8602 1462 5843 -7105 6460 -9702 6626 -8676 -9700 6038 -8070 6939 -9940 5692 -2195 362 -9765 7309 9704 1679 -8296 8294 -9217 1928 6927 
9031 -9631 -716 -9489 -1263 9879 -9805 -7005 -4642 -6896 8278 -7504 1514 -9555 -1318 -9502 -2909 -1898 -9659 -7989 7026 -7894 -8873 -1016 -9959 3650 -8314 7424 -8423 6521 -8323 9472 -8642 3762 -9452 -9541 -581 -9613 8904 -2514 -9980 -2507 5241 5573 -7189 -5916 1388 -7497 -8087 -6260 5367 -9287 -8051 -9874 3281 -9299 432 -1095 6897 -9766 2976 -9968 3565 -8117 -9086 -5976 -9638 -478 -9432 3778 6965 -9709 1645 7205 -6800 -6875 5403 -7268 2951 -6839 -9595 343 -9609 34 5762 -9549 -3819 -9196 5096 -8976 -8758 -9845 -8313 1112 498 -1084 -2766 -9961 226 -1655 -9913 3330 9336 -9924 -9341 5716 6567 -6601 216 -9758 2806 -6686 -4969 -9104 -7463 -8066 3560 -8733 -2210 -7398 -9403 4784 -6402 1325 -9069 -1775 7033 -9960 -3086 -9422 7865 -1661 -9224 6054 -9439 760 7001 -9940 4116 -9994 7771 -934 -8556 -6189 -3768 -9478 -5752 -6438 756 -9216 -8292 7830 -9747 3272 -8635 3906 -9703 6160 -2389 -9060 2807 -7601 1374 -9227 9150 -8104 -5484 -7697 -6310 -9862 9693 9724 -9587 8890 796 2156 -7106 -4843 -9703 8862 7286 -9701 -3532 -8071 -682 -9941 9207 -3820 -6909 -9766 218 5279 7523 -8297 -4543 -9218 -6033 214 
-2481 -9632 -4232 -9490 -6934 -6705 -9806 -7757 -9048 -6897 1322 -7505 -1213 -9556 -5219 -9503 -4283 3244 -9660 -3971 -4910 -1710 -8874 447 -9960 6006 -8315 -9538 -8424 -1267 -8324 -2117 -8643 1227 6458 -9542 6805 -9614 -6775 -1647 -9981 1661 2312 2965 -7190 -6195 1211 5306 -8088 7054 6599 -9288 276 -9875 -1029 -9300 -8014 -1114 -4235 -9767 -3613 -9969 -8229 -6640 -9087 6929 -9639 1533 -9433 -1570 -8247 -9710 -7675 4533 -7304 -6876 -4700 -7269 5169 4856 -9596 -5250 -9610 -467 -7778 -9550 -7908 -9197 3640 -8977 9567 -9846 1515 6486 3813 -6286 9017 -9962 3507 -7992 -9914 -6735 -5590 -9925 2972 441 -3544 -6602 -6814 -9759 394 -6687 4941 -9105 -7794 -8067 -7574 -8734 6525 -1804 -9404 -4094 -6403 -8259 -9070 4654 4258 -9961 -1383 -9423 8212 4304 -9225 740 -9440 3739 -9722 -9941 -5463 -9995 7086 -5886 -8557 -8712 -1110 -9479 1980 -6439 5015 -9217 -5997 -1789 -9748 6377 -8636 2181 -9704 6651 3803 -9061 6167 -7602 2659 -9228 -3645 -8105 201 -7698 3582 -9863 3194 -7827 -9588 5121 -9494 -2154 -7107 527 -9704 4488 4904 -9702 -5461 -8072 3111 -9942 -5196 -3731 -115 -9767 -2928 703 -6458 -8298 4335 -9219 -3159 8045 
6954 -9633 3410 -9491 -5108 -5187 -9807 -9172 -9049 6864 -3855 -7506 4266 -9557 -4374 -9504 473 -9992 -9661 -6901 -9720 7759 -8875 -6017 -9961 -9084 1533 -9539 -6974 -3901 -8325 -9312 -8644 -1001 -811 -9543 -1186 -9615 7964 7873 -9982 3450 -6671 -9924 -7191 7667 -4412 452 -8089 3331 -1186 -9289 4057 -9876 7979 -9301 4271 4133 -4135 -9768 1721 -9970 467 -845 -9088 2947 -9640 483 -9434 1132 561 -9711 477 3347 -7305 -4364 -6630 -7270 -2951 6132 -9597 1462 -9611 -358 4497 -9551 8452 -9198 8325 -8978 -973 -9847 -8571 -610 2073 -6287 5706 -9963 -178 8485 -9915 -573 -6903 -9926 -3694 7956 -3186 -7936 -6413 -9760 5051 -6688 6601 -9106 -1230 -8068 -2435 -8735 -3202 -456 -9405 -5241 4490 4935 -9071 8034 -4077 -9962 -722 -9424 1009 -6515 -9226 4945 -9441 -350 26 -9942 2281 -9996 -8295 -3208 5117 -8713 5559 -9480 -9910 -6440 -5331 -9218 -4400 546 -9749 6817 -8637 7998 -9705 -4167 -1538 -9062 1778 -7603 -3352 -9229 -6667 -8106 -3781 -7699 1518 -9864 -3838 6059 -9589 4084 -9495 6776 -7108 -4262 -9705 -3198 -2060 -9703 -4592 -8073 -9527 -9943 -1336 3481 -8585 -9768 -2764 -1897 -5854 -8299 -634 -9220 -8098 9077 
-2196 -9634 6256 -9492 -5610 -9426 -9808 -3437 -1513 -6541 -3496 -7507 6849 -9558 -4776 -9505 -7082 -9993 574 -4311 -9721 -6417 -8876 8890 -9962 -3411 6346 -9540 -5007 2469 2681 -9313 -7779 8220 -2103 -9544 -3276 -9616 -718 9912 -9983 401 4843 -9925 -6823 -984 -9354 7460 -8090 -6850 6226 -9290 3015 -9877 6145 -9302 -106 -9467 -2245 -9769 -3583 -9971 -3824 5257 -9089 -8699 -9641 9679 -9435 6599 3192 -9712 3983 5535 -7306 -761 6269 -7271 -9218 5344 -9598 -318 -9612 -8590 346 -9552 9328 -9199 -118 -8979 -3238 -9848 -7814 -4847 -3657 -6288 2930 -9964 6404 -6048 -9916 -7325 6542 -9927 6262 -8983 6503 -7937 7767 -9761 9381 -6689 986 -9107 -7836 -8069 -6600 -8736 -6632 -755 -9406 -4817 -877 -6909 -9072 7774 -7034 -9963 8132 -9425 2943 -9220 -9227 2939 -9442 3670 9670 -9943 -2683 -9997 -4490 9102 -4610 -8714 -3749 6384 -9911 1855 -4798 -9219 -7187 -426 -9750 -7263 -8638 778 -9706 5024 -5242 -9063 4821 -7604 -2926 -9230 -7183 -8107 -915 -7700 3459 -9865 145 -125 -9590 4382 -9496 -341 -7109 6046 -9706 3826 -6225 -9704 5270 4847 -9034 -9944 7192 1837 -2224 -9769 -9301 -9449 7662 -8300 4878 -9221 6898 5206 
2209 -9635 2114 -9493 -3508 5656 -9809 2558 8407 -6542 3180 -7508 -295 -9559 -7095 -9506 -1767 -9994 -9048 4836 -9722 4008 -8877 -4969 -9963 9311 -337 -9541 5420 -3219 -8461 -9314 152 6124 7191 -9545 4509 -9617 2672 -3784 -9984 5027 -5048 -9926 1177 -9772 -9355 -5168 -8091 7786 -8605 -9291 -33 -9878 1224 -9303 -653 -9468 1219 -9770 -7470 -9972 -7127 -8756 -9090 -9197 -9642 4249 -9436 3846 -3999 -9713 -7816 8528 -7307 4848 4562 5935 -9219 263 -9599 -6023 -9613 -1496 -6084 -9553 2957 -9200 -1133 -8980 -3028 -9849 3768 -8846 1746 -6289 -2312 -9965 -2271 8379 -9917 -8545 4760 -9928 -4538 -8984 3625 -7938 1093 -9762 3194 -6690 -8695 -9108 -3545 -8070 -4508 -8737 -8512 4007 -9407 5120 9561 -3998 -9073 8650 3029 -9964 9444 -9426 -5189 -4994 -9228 5275 -9443 -4638 -9045 -9944 -7616 -9998 3692 9434 -3474 -8715 6176 550 -9912 6053 8939 -9220 9605 2408 -9751 -9213 -8639 7482 -9707 -8802 -2694 -9064 -2795 -7605 8032 -9231 2897 -8108 -3413 -7701 -4906 -9866 -7762 5109 -9591 -6790 -9497 -41 -7110 6504 -9707 -1215 -7735 -9705 -5442 -7248 5607 -9945 1701 -3279 7240 -9770 -8349 -9450 9798 -8301 -385 -9222 9156 -1093 
-657 -9636 7556 -9494 -6003 -5834 -9810 -2688 -441 -6543 803 -7509 2595 -9560 6435 -9507 8698 -9995 -7021 6584 -9723 7008 -8878 -5461 -9964 -5188 2576 -9542 -2939 615 -751 -9315 5239 -3247 -2323 -9546 206 -9618 -8146 7647 -9985 9594 3467 -9927 -9951 -9773 2220 2481 -8092 -4517 -3920 -9292 -9265 -9879 7520 -9304 -2722 -9469 2323 -9771 4409 -9973 4571 -394 6194 -1792 -9643 -751 -9437 -3376 4358 -9714 5409 6208 -7308 1180 -8689 4834 -9220 5291 -9600 9596 -9614 -4482 -5250 -9554 2814 -9201 -3963 -8981 9580 -9850 3885 -8847 1645 -6290 8641 -9966 -4146 1819 -9918 8267 6205 -9929 4563 -8985 -8848 -7939 8473 -9763 -7384 -7618 6937 -9109 4324 -8071 -919 -8738 -1421 -9007 -9408 5888 -8127 -3675 -9074 7396 8494 -9965 3805 -9427 3001 7394 -9229 -8968 -9444 3793 -9999 -9945 -3539 -9999 -3709 6344 1358 -8716 -7811 -4469 -9913 -8370 -6613 -9221 4101 3958 -9752 1098 -9320 3423 -9708 5084 -2390 -9065 185 -7606 8423 -9232 -4055 -8109 -9193 -7702 2083 -9867 561 7333 -9592 -9985 -9498 3294 -7111 -5918 -9708 -6 -1248 -9706 -3363 -7249 7107 -9946 2506 -4915 -7507 -9771 8961 -9451 3268 -8302 -647 -9223 8198 4384 
3661 -9637 -6162 -9495 -3230 -419 -9811 2584 1857 -6544 4960 -7510 9010 -9561 9065 -9508 751 -9996 3805 -5205 -9724 -6291 -8879 -9408 -9965 8268 7181 -9543 4036 -4250 -7190 -9316 8833 -8204 -269 -9547 -3872 -9619 1907 6966 -9986 -6155 3662 -1118 -9952 -1404 7996 -3339 -8093 -705 4556 -9293 4182 -9880 -3663 -9305 4400 -9470 2976 -9772 3598 -9974 -8839 -7433 -2908 4702 -9644 346 -9438 3423 4145 -9715 3495 -6632 -7309 -4769 -8690 -7459 -9221 3993 -9601 4920 -9615 -479 -4646 -9555 -3912 -9202 6234 -8982 5591 -9851 -4361 -8848 5476 -6291 -222 -9967 919 -9705 -9919 -8752 8809 -9930 9147 -8986 -5944 8343 9376 -9764 -9909 -7619 4857 -9110 2581 -8072 -190 -8739 6887 1563 -9409 2339 -8128 -9971 -9075 -9084 7317 -9966 1676 -9428 -1063 -2047 -9230 -7740 -9445 9052 -10000 8670 840 -10000 511 441 3381 -8717 7766 1467 -9914 -9141 194 -9222 -514 -6111 -9753 -137 -9321 -5143 -9709 6938 3313 -9066 3609 -7607 -1627 -9233 -2467 -3088 -9194 -1723 -9818 -9868 1490 -1394 8667 -9986 -137 -5805 -7112 -6338 -9709 -539 4165 -9707 1715 -7250 5780 -9947 122 -6376 8680 -9772 2459 -9452 -4361 -8303 -7706 -9224 8623 -3782 
7464 -9638 -5268 -9496 -1614 3056 -9812 9315 2972 -6545 6048 -7511 6962 -9562 8129 -9509 -7979 -9997 -1827 -9552 -9725 -4018 -7571 5276 -9966 8212 7902 -9544 -3907 -2950 1281 -9317 5361 -8205 9580 -9548 -8768 -9620 -6630 -8321 -9987 -5900 8421 -358 -9953 9841 4122 1790 -8094 3048 -1230 -9294 1239 -9881 -1303 -9306 8309 -9471 -4383 -9773 7468 -9975 -4482 5208 -5179 -9574 -9645 -9627 -9439 4131 -3629 -9716 622 2167 -7310 -6701 -8691 -5187 -9222 -7656 -9602 9587 -9616 -8085 7146 -9556 6033 -9203 9597 -8983 6080 -9852 -4796 -8849 7937 -6292 7897 -9968 5266 -4808 -9920 7713 8123 -9931 -8494 -8987 2291 75 3628 -250 -9910 -1006 1489 -9111 -2192 -8073 -3197 -8740 -5392 -1150 -9410 9653 4287 -9972 -6876 -9085 7173 -9967 6357 -9429 -5347 5863 -9231 -8277 -9446 5459 -10001 3830 6729 -10001 5422 -9182 -2737 -8718 76 5465 -9915 8324 -166 -9223 -4462 -5520 -9754 9797 -9322 -6648 -9710 -5650 -8359 -9067 5454 -7608 -3190 -9234 6457 6572 -9195 7879 7725 -9869 -7760 -5187 2311 -9987 9662 162 -7113 -4843 -9710 -1137 -6003 -9708 -373 -7251 -7330 -9948 -3689 -6377 -2838 -9773 -622 -9453 -2526 -8304 -9349 -9225 3690 8879 
7840 -9639 -7161 -9497 -4870 -3137 -9813 -4133 -5256 -6546 2595 -7512 -3949 -9563 -931 -9510 958 -9998 4661 -6960 -9726 2037 8032 -9683 -9967 5920 7090 -9545 -4722 5922 -228 -9318 5417 -8206 -8511 -9549 8486 -9621 305 868 -9988 7205 2751 -9012 -9954 5246 -284 5559 -8095 -1956 8100 -9295 1072 -9882 -6419 -9307 6550 -9472 974 -9774 -5577 -9976 -5350 1330 -2952 153 -9646 -8842 -4936 -4196 3549 -9717 -7570 3673 -7311 4703 -8692 -5311 -9223 -1983 -9603 -3352 -9617 -8968 5669 -9557 -9240 -9204 589 -8984 650 -9853 -6706 -8850 4356 -6293 -6575 -9969 -2862 -4421 -9921 1503 1499 -9932 8611 -8988 5015 -5866 2843 -2009 -9911 -9096 4136 -9112 -129 -8074 7297 -8741 2760 3409 -9411 7321 2148 -9973 812 -9086 -7018 -9968 -336 -9430 -9724 6955 -9232 3063 -9447 -7468 -10002 -7416 -3681 -10002 8678 -9183 -5405 -8719 -6036 4513 -9916 -8087 -1534 -9224 -8718 -1865 -9755 3205 -9323 -5809 -9711 6433 1691 -9068 -1899 -7609 9700 -9235 8648 8479 -9196 -311 9954 -9870 8056 5878 564 -9988 -5852 5186 -7114 -7471 -9711 1052 -8086 -9709 8671 -385 3895 -9949 9038 -6378 -83 -9774 1354 -9454 7855 8965 -9350 8929 5341 -4531 
3822 -9640 -407 -9498 -2115 8055 -9814 -7784 -5664 -6547 -5066 -7513 4438 -9564 2550 -9511 -9727 -9999 2147 -1352 -9727 3039 4315 2241 -9968 1099 -1852 -9546 -41 -8502 9334 -9319 5213 3267 -5440 -9550 -3754 -9622 9893 6977 -9989 -3448 6030 1865 -9955 6661 -2366 -3365 -8096 1386 7868 -9296 -9214 -9883 -7105 -9308 -4616 -9473 1085 -9775 -4574 -9977 1834 9022 7433 2272 -9647 8298 -3730 4923 3629 -9718 9763 2776 -7312 49 -8693 -9683 -9224 4939 -9604 6304 -9618 3105 2432 -9558 -708 6715 -8915 -8985 2153 -9854 -7321 -8851 -2624 -397 -2460 -9970 -748 -2340 -9922 89 -5087 -9933 3603 -8989 1250 -5867 3767 4575 -9912 7405 -5419 -9113 -9714 -8075 -8427 -8742 9036 -7636 -9412 8726 -185 -9974 -8101 -9087 -9414 -9969 -4973 4745 -9725 -3498 -9233 -294 -9448 5554 -10003 -2186 3595 -10003 -5279 -9184 -1568 -8720 4241 6157 -9917 -5574 -9147 -9225 6279 5189 -9756 8274 -9324 8108 -9712 -5396 6863 -9069 -8392 -7610 5771 -9236 5770 -1747 -9197 6654 4059 -9871 -9611 -5681 -843 -9989 -5368 -6304 -7466 3613 -9712 7830 4827 -9710 654 -704 -2076 -9950 4165 -6379 8315 -9775 -144 -9455 3784 -1623 -9351 -4743 -9721 -1525 
-4404 -9641 5426 -9499 3234 7854 -9815 -7752 4848 -6548 -2073 -7514 9023 -9565 -4897 465 -4435 -10000 -9933 6218 -9728 -8030 8816 6964 -9969 6186 -4731 -9547 3330 -8503 2952 -9320 2809 -7378 -771 -9551 -2950 -9623 4790 1903 -9990 -7517 -1310 -1249 -9956 -2629 5345 -1071 -8097 7103 4074 -9297 -7628 -9884 -3170 -9309 -1261 -9474 -5300 -9776 825 -9978 -490 -6328 -3957 -162 -9648 973 -8471 -1850 7222 -9719 -8836 -3550 -7313 -3780 -5165 -9684 9135 -5932 -9605 -7303 -9619 5105 4808 -9559 -9645 3098 -871 -8986 -3163 -9855 4294 -8852 -8221 6149 9622 -9971 -2585 -529 -9923 -6672 8379 -9934 4757 -8990 -2528 -5868 9295 -8639 -9913 -4019 3930 -8362 -9715 -1794 -9988 -8743 2391 4602 -9413 -5789 -1410 -9975 -6293 -1470 -1152 -9970 -290 -5243 -9726 -4766 -9234 -5415 -9449 -4052 -10004 2363 5849 -10004 -1970 -9185 -4288 -8721 8239 -2488 -9918 -4101 2643 -9226 -4963 -5473 -9757 3721 -9325 -9068 -9713 -3659 -1988 -9070 -4153 -4438 5138 -9237 8268 -2504 -9198 5689 6674 -9872 -8017 -3778 305 -9990 7436 4941 -7467 -5252 -9713 4455 6696 -9711 -8779 -8799 7945 -9951 -7147 -6380 5958 -9776 -597 -9456 2078 5232 -9352 8116 -9722 5182 
-1 -9642 1331 -9500 -3351 -8335 -9816 -2089 6642 -6549 -7680 -7515 -5514 -9566 9487 -1768 -37 -10001 3289 -3813 -9729 -8307 -5062 3198 -9970 -7342 3054 -9548 9064 -8504 -9510 -9321 3717 -7379 -1255 -9552 1477 -9624 -4934 -3743 -9991 -4576 -8979 5949 -9957 4873 2865 -3 -8098 -6309 6378 -9298 -8771 -9885 6175 -9310 -4890 -9475 1686 -9777 4247 -9979 -7305 -6329 4109 -7317 -9649 2732 -8472 -5418 -3923 -9720 2093 -9274 -7314 -9262 5133 -9685 843 9646 -9606 1713 -9620 -1491 5575 1124 -9646 -3136 -9230 -8987 -5357 -9856 4189 -8853 -8840 -528 -230 -9972 9118 1915 -9924 1349 -156 -9935 -2622 -8991 -2172 -5869 -1847 822 -9914 -8183 2077 4933 -9716 3858 -9989 8191 -1216 -8051 -9414 200 6456 -9976 8309 7985 6782 -9971 -9949 -2896 -9727 1675 -9235 -2645 -9450 7942 -10005 9334 -4425 -10005 6407 -9186 -1218 -8722 7494 -2193 -9919 2410 5420 -9227 3457 2935 -9758 5249 -9326 1653 -9714 5727 -3449 -9071 -5678 -5763 -4415 -9238 -5964 -1441 -9199 -8927 2040 -9873 -3494 8803 -4245 -9991 -2187 -2288 -7468 -2036 -9714 3551 2641 -9712 -8868 -8800 -4855 -9952 389 -3741 4025 -9777 7973 -9457 361 -2068 -9353 -6144 -9723 3546 
-4029 -9643 8053 -9501 -1820 5707 -9817 7544 -2124 5016 -7681 499 -5285 -9567 -3686 -3489 -8248 -10002 -8854 3592 -9730 6701 -4229 -4366 -9971 9339 -7427 -9549 -5587 -4424 -9511 -9929 7033 -7380 7156 -9553 6717 -9625 -5179 -3502 -9992 -7554 -8980 -5019 -9958 5765 7888 9907 -8099 7108 -1337 -9299 -996 -9886 -1483 -9311 -8036 -9476 196 -9778 -2586 -9980 897 -333 897 -1087 -9650 -7801 -8473 -9291 -9117 -9721 -441 -9275 -8818 -9263 3019 -9686 9325 8455 -9607 9164 -9621 2856 -1354 -1732 -9647 71 -9231 2304 -1053 -9857 3880 -8854 -5607 8977 9084 -9973 735 2406 -9925 976 7549 -9936 -6684 -8992 -2951 -5870 8143 -463 -9915 8089 -9794 9988 -9717 -1764 -9990 7390 -5636 9373 -9415 -4717 8668 -9977 -937 -3244 9398 -9972 -6433 7663 -9728 9824 -9236 -2694 -9451 -6811 -10006 -3624 -5170 -10006 -480 -9187 -5153 -8723 -3673 -596 -9920 8353 5927 -9228 4364 -2159 -9759 8204 -9327 9500 -9715 -978 8036 -9072 -8950 -5764 -6497 -9239 5953 -5479 -9200 5403 -6441 -9874 5950 -430 4351 -9992 5730 -9964 -7469 9276 -9715 5120 9557 -9713 -6254 9657 -463 -9953 -8221 -1121 9603 -9778 736 -9458 9330 -6122 -9354 1406 -9724 -492 
5603 -9644 1880 -9502 9332 -6407 -9818 -6361 -2316 5103 -7682 9678 1003 -9568 9015 -4718 -6990 -10003 -8287 7408 -9731 678 -1246 3834 -9972 7172 1055 -9550 476 5712 9957 -9930 -8521 -7381 4799 -9554 -4251 -9626 1569 -7823 -9993 6216 -8981 1828 -9959 1804 -870 -8450 -8100 3568 -4331 -9300 -3914 -9887 -593 -9312 2132 -9477 -7137 -9779 2595 -9981 7861 9547 9805 -2710 -9651 6 4564 -9292 -4047 -9722 -9201 -9276 -4450 -9264 -4278 -9687 2127 -4776 -9608 135 -9622 -6111 9657 6501 -9648 -4558 -9232 -6007 -2062 -9858 -6204 -8855 -7732 8771 -1112 -9974 -1646 -7585 -9926 -259 -2569 -9937 -1522 -8993 8869 -5871 -6435 -1082 -9916 -9088 -9795 8184 -9718 -7260 -9991 8443 -5637 9712 -9416 -5555 1597 -9978 3010 -3453 9796 -9973 -3416 1151 -9729 1773 -9237 -5348 -9452 5072 -10007 5698 2082 -10007 7914 -9188 -3135 -8724 2382 190 -9921 -9588 -5821 -9229 -4139 8062 -9760 5149 -9328 -1490 -9716 3269 9021 -9073 -8060 -5572 -7854 -9240 7470 7969 -9201 6871 6762 -9875 8269 -449 5720 -9993 219 -9965 6556 -3905 -9716 7739 -6094 -9714 7393 -2327 -8171 -9954 -2534 4866 4477 -9779 -4864 -9459 -9200 -4940 -9355 7874 -9725 8840 
3177 -9645 -8675 -9503 9737 -9592 -9819 4171 -1408 -4465 -7683 -7769 -1566 -9569 -4242 1085 4880 -10004 -6859 6530 -9732 -9980 8907 -3751 -9973 7087 5043 -9551 6869 -7478 -4608 -9931 -8725 9708 1624 -9555 -8971 -9627 -1718 427 -9994 -5096 -8982 -2821 -9960 -6021 -2728 -8451 2425 7759 -375 -9301 1684 -9888 4459 -9313 -9300 -9478 -4007 -9780 -6056 -9982 1776 3265 9858 765 -9652 -7657 7147 -9293 -7265 -9723 -568 -9277 4406 -9265 -4524 -9688 7711 -4269 -9609 5214 -9623 -1203 506 2047 -9649 5995 -9233 2786 -5342 -9859 -5614 -8856 -6842 -7515 8587 -9975 7559 6672 -9927 -4307 -2865 -9938 1217 -8994 -359 317 -6436 -8439 -9917 8420 -9796 -1137 -9719 7264 -9992 3629 -5638 3072 -9417 1197 4393 -9979 6967 -8423 5466 -9974 2547 2190 -9730 -272 -9238 -8483 -9453 -1434 -10008 -4436 -4176 -10008 -403 -9189 -8534 -8725 -1427 -2439 -9922 1230 1500 -9230 1670 4953 -9761 6421 -9329 3664 -9717 9726 5415 -9074 -8235 5057 3455 -9241 1011 -113 -9202 -7751 -3120 -9876 -6638 -6616 4584 -9994 4811 -9966 7170 -9644 -9717 -8575 1888 -9715 -9453 9691 320 -9955 1111 399 5506 -9780 -4613 -9460 3846 888 -9356 -8981 -9726 -264 
5347 -9646 -9073 -9504 6443 -279 -9820 -2967 2277 2721 6569 -7770 -5139 -9570 1892 -6378 3876 -10005 1839 15 7567 -9981 2485 7233 -9974 -5924 5113 -9552 3481 -7479 -7286 -9932 6931 -414 8163 -9556 -2490 -9628 -4957 -4209 -9995 -5031 -8983 7711 -9961 7546 5161 -8452 -599 7624 7839 -9302 -477 -9889 -7972 -9314 -7247 -9479 9380 -9781 9502 -9983 838 -4542 2777 6668 -9653 -7746 482 -9294 -7489 -9724 -163 -9278 -989 -9266 -1294 -9689 7860 -9927 -9610 -3190 -9624 5275 -2192 -8789 -9650 -7889 -9234 -2137 8358 -9860 -7198 -8857 -6628 -7516 3372 -9976 569 3450 -9928 -7562 -5760 -9939 -7849 -8995 -2103 4571 -1814 -7724 -9918 5408 -9797 -8125 -9720 3347 -9993 4330 -5639 3806 -9418 -3595 -4360 -9980 7186 -8424 -4487 -9975 4250 7491 -9731 -3225 -9239 297 -9454 4760 -10009 629 4334 -10009 -1393 -9190 7915 -8726 8064 -9070 -9923 2949 -7182 -9231 -1078 -6531 -9762 -6596 -9330 2871 -9718 -3503 -2400 -9075 9352 3990 8769 -9242 3015 9866 -9203 -5570 -2331 -9877 4556 3928 -1711 -9995 -231 -9967 -9248 3064 -9718 7882 -8499 -9716 -3601 2087 -5398 -9956 3014 -5216 -6685 -9781 -9005 -9461 -2926 -4921 -9357 -3603 -9727 803 
3087 -9647 5113 -9505 -9970 2066 -9821 2371 -7463 -9662 -8722 -7771 -2413 -9571 -294 -6379 1408 -10006 4284 -155 7495 -9982 -9977 4709 -9975 -3241 7573 -9553 8709 -7480 5755 -9933 -788 -9254 994 -9557 -6264 -9629 1349 4404 -9996 6083 -8984 -8783 -9962 4247 6281 -8453 -8180 -6283 -8704 -9303 9883 -9890 4276 -9315 4518 -9480 5765 -9782 -6861 -9984 5400 -6890 -5305 -4068 -9654 -9473 -3164 -9295 2857 -9725 -5125 -9279 -7892 -9267 8270 -9690 8486 -9928 8106 5689 -9625 -7921 -9185 5253 -9651 9992 -9235 -2369 -9567 -9861 6262 -8858 -7588 -7517 4864 -9977 8083 -7016 -9929 -6231 -3580 -9940 4469 -8996 -3828 -8895 8218 4813 -9919 7023 -9798 6710 -9721 1684 -9994 -3175 -5640 -5054 -9419 4643 -5082 -9981 -7484 -8425 -1642 -9976 7244 -540 -9732 3030 -9240 -2642 -9455 -8163 -10010 -6519 7546 -10010 7671 -9191 9687 -8727 5966 -9360 -9924 -9946 2022 -9232 -1102 -5360 -9763 6235 -9331 6100 -9719 -180 -9548 -9076 -8380 -4804 7253 -9243 -7861 1902 -9204 4519 -2662 -9878 -1765 -8721 6593 -9996 -5625 -9968 -8910 -4584 -9719 -1632 6722 -9717 -7404 3135 -5345 -9957 -1632 -4467 2750 -9782 -9745 -9462 6342 3277 -9358 -2362 -9728 99 
8305 -9648 -3283 9764 -9971 -2672 -9822 -205 -7328 -9663 -3822 -2450 -3226 -9572 -8380 -6380 -732 -10007 101 -7842 -8805 -9983 -4016 -9520 -9976 -854 -6391 -9554 136 -7481 7011 -9934 8177 -9255 -3524 -9558 4176 -9630 -1606 -8163 -9997 126 -8985 -2274 -9963 412 1995 -8454 -6652 885 -4335 -9304 3578 -9891 -3160 -9316 176 -9481 -3885 -9783 -557 -9985 3465 -6891 -2469 -5415 -9655 6982 -2607 -9296 -4927 -9726 -9201 -9280 3647 -9268 5711 -9691 3841 -9929 -928 4863 -9626 -1113 -9186 9534 -9652 2230 -9236 25 -4660 -9862 -3816 -8859 -8356 -5015 -6193 -9978 2957 -3328 -9930 7035 1682 -9941 5868 -8997 -3578 -8896 -2533 161 -9920 3389 -9799 9813 -9722 -8706 -9995 3093 -5641 5101 -9420 -7795 1362 -9982 6935 -8426 5344 -9977 -563 7339 -9733 1906 -9241 -2173 -9456 -7482 -10011 1540 -7335 -10011 783 -9192 -8367 -8728 -4416 4000 -3541 -9947 3415 -9233 -1447 7759 -9764 -3549 -9332 -4533 -9720 -8740 -9549 -3500 -9097 4838 7296 -9244 6309 -6229 -9205 -9524 -5085 -9879 2437 -8722 -2452 -9997 -5955 -9969 3304 -6095 -9720 -3658 4923 -9718 3828 2101 12 -9958 6740 735 -8599 -9783 9109 8203 -8695 -2042 -9359 -5203 -9729 3490 
1274 -9649 -6554 4864 -9972 -1415 -9823 -3178 -6597 -9664 5248 -4508 3725 -9573 -4045 7078 3192 -10008 -1510 -680 2972 -9984 5545 -8788 -9977 8947 -742 -9555 -3053 -7482 7247 -9935 7 -9256 549 -9559 27 -9631 3982 -4753 -9998 -5230 -8986 3552 -9964 -1626 -2890 -8455 8240 1506 -4074 -9305 -5804 -9892 -7390 -9317 8558 -9482 3154 -9784 3230 -9986 -5670 -6892 -3840 4914 -9656 -5223 -5744 -9297 -2173 -9727 2874 -9281 6396 -9269 3860 -9692 -4199 -9930 9265 6997 -9627 1967 -9187 9145 -9653 1683 -9237 -6565 -1811 -9863 94 -8860 -413 -9986 -841 -9979 -6022 -4354 -9931 740 -5076 -9942 2395 -8998 1549 -8897 476 -3928 -9921 5075 -9800 8553 -9723 -9706 -9996 -7138 -5642 -6679 -9421 9244 6650 -9983 -1537 -8427 -1843 -9978 -7421 2533 -9734 -1809 -9242 -3310 -9457 1910 -10012 8593 -9584 -10012 -3437 -9193 2964 -8729 -5739 9849 -8146 -9948 -6294 -9234 -4735 -7937 -9765 4830 -9333 -2681 -9721 9832 -9550 5970 -9098 -809 -723 -9245 -1765 3401 -7517 -9525 -7689 -9880 -4505 -8723 8512 -9998 -8710 -9970 4135 4713 -9721 2209 -6996 -9719 -2628 -8787 4902 -9959 -8315 1592 -3707 -9784 9085 5413 -8696 4077 -9360 2650 -9730 1732 
4024 -9650 -4960 3165 -9973 -385 -9824 8205 -4894 -9665 -3146 -7160 5808 -9574 -9398 4923 -1145 -10009 5272 -2290 9610 -9985 3611 9231 -9978 -4935 -166 -9556 -265 -7483 6464 -9936 -8159 -9257 -5571 -9560 496 -9632 -6651 -4857 -9999 -2303 -8987 2690 -9965 -5017 2952 -8456 4197 -1060 6422 -9306 -1296 -9893 1147 -9318 7949 -9483 136 -9785 -6722 -9987 -1097 -6893 -2538 2810 -9657 7137 3881 -9298 -2153 -9728 8238 -9282 -7463 -9270 -692 -9693 5609 -9931 -9834 5296 -9628 9892 -9188 7120 -9654 -9916 -9238 3901 6004 -9864 9800 -8861 121 -9987 9654 -9980 2448 8553 -9932 -1065 -9298 -9943 1719 -8999 -6104 -8898 8949 7313 -9922 -1833 -9801 -8034 -9724 7675 -9997 6742 -9082 6448 -9422 2008 -3477 -9984 8397 -8428 4267 -9979 8026 -6915 -9735 3370 -9243 8942 -9458 -7255 -10013 987 4962 -10013 1452 -9194 2076 -8730 7308 4324 2072 -9949 -6783 -9235 4728 4419 -9766 -1505 -9334 -4829 -9722 -2212 -9551 -7227 -9099 -778 6734 -9246 -754 5214 3101 -9526 -8967 -9881 6731 -8724 -3844 -9999 -6528 -9971 -8627 -5124 -9722 -1389 2119 -9720 -1775 -8788 2714 -9960 -9052 -7410 -5513 -9785 4305 -2662 -8697 5502 -9361 9150 -9731 9327 
671 -9651 12 4246 -9974 -937 -9825 -4725 -7426 -9666 -453 -7161 -9011 -9575 8445 7707 -4319 -10010 8086 -4662 6403 -9986 -7139 9543 -9979 1771 -9181 -9557 -3149 -7484 -1329 -9937 8393 -9258 8325 -9561 -2444 -9633 845 9188 -10000 -1498 -8988 4160 -9966 9263 -7865 -8457 -4286 -6823 -8827 -9307 5394 -9894 -2433 -9319 9720 -9484 -6737 -9786 8595 -9988 1778 -6894 -691 -6158 -9658 -4071 -5023 -9299 2934 -9729 -9021 -9283 8200 -9271 5168 -9694 3253 -9932 1522 7530 -9629 5602 -9189 1220 -7410 -9917 7474 -7801 -9133 -9865 -7744 -8862 -5131 -9988 5918 -9981 -3314 -1917 -9933 -387 6952 -9944 7812 -9000 3473 -8899 -6204 -2322 -9923 3437 -9802 3509 -9725 -3116 -9998 -621 -9083 -9561 -9423 6554 -3305 -9985 -366 -8429 7170 -9980 -6060 -8639 -9736 5066 -9244 1045 -9459 -7332 -10014 7746 3108 -10014 2402 -9195 4554 -8731 -5364 -7079 -6130 -9950 -5305 -9236 93 4361 -9767 -3974 -9335 917 -9723 398 -9552 -4016 -9100 8985 -5779 -9247 2888 703 -940 -9527 -9679 -9882 4462 -8725 6095 -10000 -7347 -9972 9906 -8712 -9723 -6588 9370 -9721 5888 -8789 7401 -9961 -3725 8846 1745 -9786 -2704 5463 -8698 8989 -9362 -3348 -9732 897 
7293 -9652 4726 6244 -9975 -42 -9826 -8448 8204 -9667 -1994 -2524 -4974 -9576 -9766 -320 -6348 -10011 6521 -9619 -3106 -9987 679 7552 -9980 7966 -136 -9558 -3461 -7485 -5546 -9938 -1280 -9259 -7442 -9562 -5754 -9634 9432 6309 -10001 -1603 -8989 -4319 -9967 -7164 4665 -8458 -8501 -9228 1878 -9308 2472 -9895 -1542 -9320 3131 -9485 -2327 -9787 5494 -9989 -1648 -6895 -1039 1398 -9659 -9455 2355 -9300 7245 -9730 2465 -9284 -9801 -9272 8567 -9695 -577 -9933 -149 -6368 -9630 -4030 -9190 4671 -5661 -9918 -9315 -3781 -2424 -9866 3179 -8863 -9743 -9989 8258 -9982 9697 -6346 -9934 8083 1983 -9945 9701 -9001 3916 -8900 977 -6755 -9924 -7959 -9803 8933 -9726 1982 -9999 -9255 -7340 -9562 6519 -8699 4728 -9986 2733 -8430 3057 -9981 -8616 -906 -9737 9067 -9245 3151 -9460 -609 -10015 -1759 3617 -10015 -2907 -9196 497 -8732 -547 -7080 -9333 -9951 -6146 -9237 -3154 -9723 -9768 4807 -9336 -3388 -9724 -6450 -9553 8672 -9101 4782 1453 -9248 4314 7873 -8536 9498 -656 -9883 -2495 -8726 -1057 -10001 8460 -9973 6782 7061 -9724 2327 -5564 -9722 -7941 -8790 -710 -9962 5868 -106 -7470 -9787 7035 -9763 -8699 -6531 -9363 1539 -9733 -2461 
-1966 -9653 -5573 1836 -9976 9297 -9827 -8053 3269 -9668 2649 -4194 8954 -7467 -9767 7336 -2803 -10012 -5504 -9620 -4974 -9988 -2858 -5239 -9981 -1609 -6152 -9559 -2967 -7486 4363 -9939 -3997 -9260 -4605 -9563 -8450 -9635 -9021 -8443 -10002 4482 -8990 1012 -9968 -7693 2379 10000 -7196 -9229 4175 -9309 7083 -9896 -7542 -9321 -1444 -9486 -1555 -9788 3702 -9990 1363 -6896 6776 306 -9660 2455 5384 -9301 -1517 -9731 7047 -352 -9802 9796 -2676 -9696 7831 -9934 -7358 -8016 -9631 -8094 -9191 6419 -5909 -9919 -4427 -2285 -9395 -9867 -9955 -8990 6151 -9990 -1802 -9983 -8479 -1517 -9935 -2248 -3048 -9946 -4119 -9002 -1313 -8901 355 -4784 -9925 9706 -9804 6342 -9727 5639 -10000 5034 5072 -9563 -2178 -8700 -7326 -9987 -4882 -8431 2440 -9982 4160 -9418 -9738 -8773 -9246 -2112 -9461 -8269 -10016 5430 2821 -10016 226 -9197 9903 -8733 3280 -2785 -272 -9952 -6437 -9238 -4596 -2977 -9769 3143 -9337 6564 -9725 -8957 -9554 9305 -9102 -4118 -4503 -9249 -7277 2390 -8537 3509 6560 -9884 -5899 -8727 3312 -10002 3539 -9974 -9101 -7974 -9725 -6439 5749 -9723 5887 -8791 -3422 -9963 9317 5210 9692 -9788 -4284 -9764 9215 2768 -9364 -6624 -9734 1327 
-4705 -9654 -5995 9775 -9977 -3739 -9828 4438 9736 -9669 -4072 -4383 7883 -9988 -9768 458 7957 -10013 9684 -9621 -58 -9989 812 -3768 -9982 1571 6914 -9560 -6687 -7487 -8100 -9940 7075 -9261 -1010 -9564 -7005 -9636 5611 -2350 -10003 -4527 -8991 9761 -9969 4353 -717 782 -1249 -9230 8028 -9310 -3743 -9897 7873 -9322 -4849 -9487 8657 -9789 3728 -9991 9878 -6897 1313 8480 -9661 -2833 -852 -9302 476 -9732 5054 -4276 -9803 7353 -1083 -9697 8059 -9935 -916 981 -9632 -8479 -9192 3889 -2808 -9920 -3691 -8249 5675 -2 -9956 -9487 -3649 -9991 7430 -9984 8949 -3215 -9936 7399 -567 -9947 3595 -9003 8443 -8902 6286 6678 -9926 117 -9805 -8834 -9728 -7997 -10001 -6724 -2395 -9564 6511 -8701 5441 -9988 3668 -8432 6177 -9983 -5749 4866 -9739 -1101 -9247 -5224 -9462 8629 -10017 -9567 1638 -10017 -4541 -9198 -6061 -8734 -731 6713 1088 -9953 -9971 -9239 8355 9830 -9770 2926 -9338 230 -9726 8971 -9555 6688 -9103 -9334 4209 -9250 -1574 610 -8538 9259 -3850 -9885 -6049 -8728 1043 -10003 3647 -9975 6540 -7635 -9726 -7535 -7787 -9724 5256 -8792 -108 -9964 4549 -3165 8478 -9789 4884 -9765 454 -6216 -9365 9465 -9735 -1177 
9555 -9655 8786 -5709 -9978 -2090 -9829 3748 -9974 -9670 -3525 -7638 7407 -9989 -1889 9825 9888 -10014 6992 -9622 23 -9990 -3458 246 -9983 -8256 8922 -9561 5922 -230 -8216 -9941 -7467 -9262 9365 -9565 -8303 -9637 -8337 -8146 -10004 8447 -8992 3250 -9970 -3210 -2794 -1326 -5814 -9231 798 -9311 6221 -9898 1934 -9323 538 -9488 3770 -9790 -9918 -9992 -6527 -6898 -4354 7828 -9662 -2328 -1243 -9303 -858 -9733 2961 -4331 -9804 5760 5362 -9698 -8339 -9936 -6063 6334 -9633 9468 -9193 7157 -7438 -9921 -6039 -8250 -5075 -1699 -9957 4208 2390 -9992 -7257 -9985 6913 -2717 -9937 -3240 -2221 -9948 -1946 -9004 9097 -8903 1357 4452 -9927 -6784 -9806 -4737 -9729 -6512 -10002 -3828 -2243 -9565 -7900 -8702 7274 -9989 -4527 -8433 986 -9984 2118 30 -9740 8520 -9248 857 -9463 1907 -10018 8677 1629 -10018 -2663 -9199 -8415 -8735 -3674 812 -7323 -6464 -9972 -2738 -9870 745 -9771 -5045 -9339 8119 -9727 5756 -9556 1600 -7495 -9335 -5137 -9251 4638 -2375 -8539 -1097 1990 -9886 9666 -8729 -4793 -10004 -7665 -9976 -1177 -433 -9727 4785 8887 -9725 -7955 -8793 4382 -9965 -4922 -5114 -8519 -9790 2789 -9766 2312 -4463 -9366 -3348 -9736 5104 
-2293 -9656 5191 -8447 -9979 -8390 -9830 -3240 -9975 -7750 -120 -7639 -7752 -9990 9952 -9072 -8957 -10015 -7086 -9623 -2196 -9991 -5846 -238 -9984 9015 6753 -9562 -7268 8804 -1505 -9942 6692 -9263 -4421 -9566 -3120 -9638 9579 278 -10005 6597 -8993 -6790 -9971 6557 8700 3542 6974 -9232 5353 -9312 3371 -9899 4392 -9324 -4156 -9489 -9880 3425 -4282 -9993 -1037 -6899 590 -7495 -9663 -7197 -7712 -9304 9799 -9734 7980 -5678 -9805 -9699 3123 -9699 8772 -9937 -5943 -4743 -9634 -6852 -9194 -9779 4353 -9922 1381 -8251 -6063 -1817 -9958 4621 -4441 -9993 -1500 -9986 9831 -8528 -9938 -8650 -6887 -9949 275 -9005 -2801 -8904 -6393 2592 -9928 -8481 -9807 -3139 -9730 4414 -10003 -1926 7425 -9566 -8376 -8703 6523 -9990 199 -8434 -1085 -9985 -8936 6824 -9741 3123 -9249 8705 -9464 -7488 -10019 3575 -2979 -10019 594 -9200 5917 -8736 -5904 -8996 -7324 1319 -9973 -1608 -9871 2898 -9772 -3878 -9340 -6202 -9728 7288 -9557 1128 4227 -9336 5052 -9252 -9214 6194 -8540 -9034 -2175 -9887 7282 -8730 -3714 -10005 5851 -9977 7704 3318 -9728 -9051 -3495 -9726 8902 -8794 -9347 -9966 -4883 8974 658 -9791 5351 -9767 -3237 9830 -9367 466 -9737 5605 
3118 -9657 -4940 1539 -9980 -5399 -9831 4401 -9976 5604 -5084 584 8119 -9991 -8838 -9073 2672 -10016 -1841 -9624 -6053 -9992 8018 -951 -9985 -3561 -2489 -9563 -6680 917 -7891 -9943 6227 -9264 4194 -9567 9258 -9639 9534 -6604 -10006 -611 -8994 -8029 -9972 5904 8870 5691 2938 -9233 2557 -9313 -5877 -9900 503 -9325 -3107 -2335 -9881 9917 3888 -9994 7100 -6900 9664 9977 -9664 9862 -1016 -9305 7499 -9735 6416 -3887 -9806 -6903 -5877 -9700 -946 -9938 -2825 5291 -9635 9888 -3284 -9780 -9499 -9923 2284 -8252 1856 -6565 -9959 7978 -6879 -9994 -3252 -9987 -7668 1114 -9939 7866 -4952 -9950 -4403 -9006 -1200 -8905 -5251 7218 -9929 -37 -9808 8650 -9731 8372 -10004 -3851 2821 -9567 -6118 -8704 1350 -9991 -4975 -8435 -9821 -9986 -8640 -2380 -9742 -2753 -9250 -956 -9465 -6615 -10020 9405 5408 -10020 -9651 -9201 8430 -8737 297 -8997 4376 -6507 -9974 225 -9872 4930 -9773 -8159 -9341 5570 -9729 -7941 -9558 8804 -321 -9337 -8061 -9253 -6040 -7714 -8797 -9035 -8011 -9888 6305 -8731 3056 -10006 -9874 -9978 -6624 -8727 -9729 -3156 3922 -9727 -7940 4275 2100 -9967 -3507 -2264 2381 -9792 1038 -9768 -7817 -3477 -9368 -8764 -9738 -3157 
1236 -9658 -3061 1385 -9981 2985 -9832 -3216 -9977 1478 -5085 -5348 -7496 -9992 1884 -9074 6760 -10017 4308 -9625 9232 -9993 8561 -9786 -9986 8382 -556 -9564 3767 8659 -1014 -9944 -8770 -9265 -4047 -9568 3397 -9640 -7161 -2392 -10007 -3234 -8995 -6677 -9973 -2629 2963 -5112 -2591 -9234 -9614 -9314 6475 -9901 -6666 -9326 2115 4642 -9882 -5269 -7891 -9995 -870 -6901 4164 3023 -9665 4114 -4519 -9306 4615 -9736 -454 2357 -9807 -4761 8627 -9701 3498 -9939 2385 604 -9636 1214 -7769 -9781 -8202 -9924 -4924 -8253 900 -889 -9960 1643 5726 -9995 5206 -9988 -926 392 -9940 483 -1117 -9951 -8255 -9007 1529 -8906 233 -5070 -9930 -1919 -9809 -9414 -9732 -3367 -10005 2509 -9104 -9568 3802 -8705 9110 -9992 -2197 2800 9306 -9987 7921 9391 -9743 4342 -9251 -1827 -9466 -6634 -10021 -5560 -8191 -10021 -7789 -4594 -9771 -8738 -6904 -8998 -5021 4372 -9975 5153 -9873 8789 -9774 7840 -9342 -6262 -9730 -9618 -9559 7853 -4996 -9338 -7537 -9254 -7504 -9972 2130 -9036 4180 -9889 -5746 -8732 -1778 -10007 -6195 -9979 -5836 6430 -9730 9356 -8559 -9728 2411 3454 -8476 -9968 -7799 930 7316 -9793 -5580 -9769 -9089 -6198 -9369 -9200 -9739 8473 
-4077 -9659 8073 9324 -9982 -6946 -9833 -3718 -9978 5732 -1181 5262 -664 -9993 -6903 -9075 -9709 -10018 4277 -9626 -7361 -9994 4958 3087 -9987 5193 -792 -9565 2024 -2953 -4250 -9945 -9644 -9266 91 -9569 11 -9641 1279 4062 -10008 -3945 -8996 -9438 -9974 -6684 3293 -5113 8116 -8082 -9615 2985 9131 -9902 547 -9327 -5888 4388 -9883 -4290 660 -9996 7269 -6902 -1053 -6739 -9666 -1059 5236 -9307 -5947 -9737 -4150 8339 -9808 -2210 1027 -9702 -2491 -9940 6909 -1704 -9637 4283 -6930 -9782 1015 -9925 -7134 -8254 -8088 959 -9961 7745 -3183 -9996 -1502 -9989 1995 -7480 -9941 9157 -5226 -9952 -8259 -9008 -6782 -8907 6427 5006 -9931 -6416 -9810 4273 -9733 -9933 -10006 8136 2614 -9569 7702 -8706 993 -9993 -6546 -7620 2933 -9988 8091 2757 -9744 3391 -9252 5684 -9467 -107 -10022 -8503 7074 -10022 1269 -2176 -9772 5725 4873 -8999 -2322 -8630 -9976 2691 -9874 3823 -9775 -2478 -9343 5406 -9731 4502 9973 -8177 3451 -9339 -8619 -9255 -6917 -9973 3553 -9037 -4223 -9890 -9464 -8733 4684 -10008 -4883 -9980 -417 -2449 -9731 -7437 -3450 -9729 4088 6892 6069 -9969 -2807 7593 -8911 -9794 -337 -9770 1743 11 -9370 8355 -9740 2019 
1049 -9660 5085 9161 -9983 -3390 -9834 -6409 -9979 -8645 -9622 -6285 -9470 -9994 -3490 386 -5339 -10019 2602 -9627 -7818 -9995 -820 8966 -9988 6153 8907 -9566 -33 5642 8108 -9946 5072 8605 1660 -9570 4029 -9642 -4650 3070 -10009 -7724 -5381 2780 -9975 5978 8429 -5114 7724 -1001 -9616 9630 8383 -9903 -1475 -9328 897 -5616 -9884 -9729 -9956 -9997 -2960 -6903 6738 -9128 -9667 -7891 -8797 -9308 2681 -9738 -8230 7547 -9809 3785 6494 -9703 -5876 -9941 -2892 8274 -9638 7439 8383 -9783 -4048 -9926 -2801 -8255 -4204 -7861 -9962 -180 -7466 -9997 -2694 -9990 -8010 -5105 -9942 5811 4078 -9953 6975 -9009 -5580 -8908 2506 2326 -9932 -1901 -9811 -4956 7916 -5527 -10007 -7374 7109 -9570 904 -8707 4354 -9994 1262 -7621 1054 -9989 3074 -8815 -9745 -116 -9253 -6473 -9468 7494 -10023 6936 -1811 -10023 -888 3972 -9773 9520 -6180 -9000 -1648 -1243 -9977 -4619 -9875 -3963 -9776 -2512 -9344 -4976 -9732 -968 3109 -8178 3971 -9340 9191 -9256 3940 -9974 -6581 -9038 -2927 -9891 2594 -1074 -8607 -10009 -8386 -9981 7214 -926 -9732 4501 1570 -9730 -2401 4777 -4361 -9970 5317 747 -8892 -9795 4450 -9771 2993 3007 -9371 -2097 -9741 -2718 
-3511 -9661 -851 -7529 -9984 -4528 -9835 -5761 -9980 -714 -9623 1510 9355 -9995 -76 2954 -3805 -10020 -810 -9628 -6118 -9996 -1950 1096 -9989 6580 -4982 -9567 -3042 4418 -1693 -9947 -510 -8558 1963 -9571 3503 -9643 -6126 -5068 -10010 -9838 3103 -111 -9976 -3666 -3668 -5115 -9289 8092 -9617 -7309 5036 -9904 -3163 -9329 7196 -2625 -9885 -5006 -3708 -9998 8136 -6904 -7443 4943 -9668 -5806 -2341 -9309 4608 -9739 -9491 -4525 -9810 -4313 -5176 -9704 629 -9942 3255 -8924 -9639 1148 5682 -9784 -1964 -9927 -4668 -8256 -6521 7597 -9963 5801 -3529 -9998 3832 -9991 -9579 -2206 -9943 855 -3045 -9954 4741 -9010 -4966 -8909 -8899 7708 -9933 1073 -9812 7315 4117 4023 -10008 -7217 6371 -9571 8090 -8708 -2461 -9995 9265 -7622 4917 -9990 -6951 -2204 -9746 3060 -9254 -3983 -9469 -5211 -10024 -5380 -6457 -10024 -5538 -9522 -9774 -9126 3462 -9001 -6987 -6918 -9978 -8147 -9876 -1030 -9777 -4188 -9345 -8214 -9733 -8580 8648 -8179 -1198 -9341 4010 -9257 3125 -9975 2423 -9039 2122 -9892 2390 -8213 2975 -10010 -7852 -9982 -4970 -1559 -9733 -3060 -151 -9731 8319 4433 -9279 -9971 5402 4130 8545 -9796 -3294 -9772 -48 -372 -9372 -1180 -9742 -4214 
-1044 -9662 -1068 1420 -9985 246 -9836 -3761 -9981 -8336 -9624 3640 -3395 -9996 4657 2918 -2124 -10021 2416 -9629 -1353 -9997 997 8776 -9990 -415 -2760 -9568 8986 -4923 -4631 -9948 -8972 -8559 4765 -9572 8179 -9644 340 -6191 -10011 -7985 564 -9101 -9977 -2000 6596 -3929 -9290 1864 -9618 -737 -4440 -9905 -5054 -9330 452 -4781 -9886 -9286 -6617 -9999 7965 641 -7444 -4585 -9669 94 -2108 -9310 2401 -9740 -2798 7959 -9811 -2124 -9139 -9705 3528 -9943 5004 -6474 -9640 3783 7535 -9785 1294 -9928 -2421 -8257 4247 7600 -9964 5306 125 -9999 -5445 -9992 8093 8337 -9944 6195 -6587 -9955 937 -9011 6330 -8910 7092 5000 -9934 3795 -9813 479 9683 -6433 -10009 8895 6544 -9572 -534 -8709 9649 -9996 9459 -7623 6975 -9991 -819 -4866 -9747 -8644 -9255 2992 -9470 6068 -10025 -9282 -7746 -10025 1067 -7020 -9775 3564 -1687 -9002 7093 7437 -9979 -2085 -9877 3112 -9778 4715 -9346 -6547 -9734 -1122 -6937 -8180 712 -9342 -4762 -9258 4070 -9976 -4024 -9040 -6796 -9893 5007 -8214 9623 -10011 -2211 -9983 3497 -7145 -9734 -4140 6077 -9732 5013 2433 225 -9972 4219 4580 1748 -9797 7627 -9773 3383 -9599 -9373 -8162 -9743 -4982 
4931 -9663 594 -4617 -9986 -7929 -9837 -6547 -9982 -3479 -9625 -2077 4970 -9997 -1079 -8536 -2387 -10022 -458 -9630 -6594 -9998 2441 -7697 -9991 8903 3569 -9569 -4209 -7337 -2888 -9949 3272 2494 -8714 -9573 -7195 -9645 7652 -5495 -10012 6324 1996 4856 -9978 4430 -5188 1416 -9291 -4497 -9619 8318 9832 -9906 5389 -9331 -1391 4794 -9887 772 -6258 -10000 1301 9734 -7445 -4471 -9670 -8818 433 -9311 -4917 -9741 -90 8782 -9812 5691 -4575 -9706 9793 -9944 -1950 3921 -9641 3356 9338 -9786 3006 -9929 -4872 -8258 1426 8411 -9965 7652 -7210 -10000 8604 -9993 566 -4380 -9945 5940 8440 -9956 -1125 -9012 -2164 -8911 -676 -1201 -9935 -1482 -9814 7188 -3620 -7933 -10010 -4671 -5685 -9573 3774 -8710 -7183 -9997 -7827 -7624 6117 -9992 -3153 5182 -9748 -6079 -9256 -1175 -9471 -2618 -10026 7773 9173 -10026 3958 -3069 -9776 -9580 2045 -9003 4522 2994 -9980 4085 -9878 -7805 -9779 -7661 -9347 -2253 -9735 -2849 -5456 -8181 -879 -9343 -4191 -9259 2661 -9977 -9407 -9041 -2419 -9894 172 -8215 -5804 -10012 4050 -9984 -1230 -4857 -9735 357 -9286 -9733 8594 -3464 -2190 -9973 551 8262 5603 -9798 4173 -9774 -1512 -9600 8507 7176 -9744 -54 
-890 -9664 -7309 7775 -9987 158 -9838 -3199 -9983 -7247 -9626 -1501 -8606 -9998 1068 -8537 -4191 -10023 -530 -9631 -2769 -9999 -338 1911 -9992 -6183 -103 -9570 1724 -7338 -4409 -9950 -6886 -7893 -9255 -9574 9849 -9646 5457 3811 -10013 -6767 3955 2351 -9979 -9763 -5189 5127 -9292 -2993 -9620 5812 4676 -9907 -360 -9332 -4088 -3364 -9888 -8378 -8618 -10001 9211 -9719 -7446 -2587 -9671 3450 6193 -9312 4882 -9742 -3175 -8710 -9813 556 -2576 -9707 9617 -9945 -7358 1560 -9642 -1437 -8382 -9787 5219 -9930 8146 -8259 -9733 2596 -9966 8966 9453 -10001 -200 -9994 9967 2474 -9946 9313 5101 -9957 6749 -9013 704 -8912 -3703 -7348 -9936 5941 -9815 3653 3397 1714 -10011 5940 9863 -9574 -2662 -8711 -8524 -9998 2761 -5411 783 -9993 -103 4574 -9749 -136 -9257 9116 -9472 -9979 -10027 -5789 -7497 -10027 -2053 -4302 -9777 9225 -1247 -9004 7864 -8650 -9981 -870 -9879 -6443 -9780 5334 -9348 6744 -9736 -9426 754 -8182 -1705 -9344 6218 -9260 -8455 -9978 3955 -38 -5256 -9895 -4946 -8216 8054 -10013 -9928 -9985 7403 -9711 -9736 -9773 9394 -9734 -2865 -7935 651 -9974 223 -9157 4726 -9799 -2279 -9775 7800 -9601 -9610 8083 -9745 -3708 
6889 -9665 289 3756 -9988 -6445 -9839 9856 -9984 6908 -9627 3346 -1081 -9999 2771 -8538 -4913 -10024 -3673 -9632 8069 -10000 9684 1372 -9993 3974 -6409 -9571 -8620 -7339 -3938 -9951 -2992 8633 2138 -9575 -3517 -9647 -6930 635 -10014 -4641 7477 627 -9980 4777 4020 3896 -9293 -4411 -9621 -4023 317 -9908 4750 -9333 -3582 1930 -9889 1397 -4737 -10002 8524 -9720 1104 -5694 -9672 7947 -8691 -9313 1743 -9743 -5680 1642 -9814 -2570 -8240 -9708 -815 -9946 6527 8415 -9643 -1658 -3673 -9788 -9169 -9931 -4142 5343 -9734 4577 -9967 8005 -5699 -10002 4847 -9995 7729 8204 -9947 -4037 -567 -9958 5952 -9014 3571 -8913 2700 5509 -9937 -9036 -9816 1435 -6382 -2070 -10012 8876 -1861 -9575 -1524 -8712 -2934 -9999 -7227 -3987 3311 -9994 -8874 9296 -9750 3587 -9258 -5269 7721 -4729 -10028 763 -5987 -10028 6658 9894 -9778 8637 -2799 -9005 -4239 6147 -9982 -5098 -9880 -2250 -9781 -1830 -9349 -6672 -9737 4224 -7735 -8183 -1264 -9345 -832 -9261 -6819 -9979 -865 5485 -1300 -9896 2961 -8217 4304 -10014 3779 -9986 -1238 5972 7663 -9774 -5227 -9735 1865 -7936 -155 -9975 3041 -9158 -9187 -9800 -1902 -9776 4417 -9895 -9611 5099 -9746 1354 
2151 -9666 -2718 -1248 -9989 -573 -9840 -7894 -9985 -143 -9628 8295 -8751 -10000 7916 -8539 -6882 -10025 -3113 -9633 -2771 -10001 -165 -954 -9994 -516 1190 -9572 -8530 6749 -4908 -9952 -8332 -3900 5395 -9576 -2353 -9648 -1739 6475 -10015 -1093 -6466 6449 -9981 -8890 -3795 7673 -9294 -5873 -9622 1298 -837 -9909 7634 -9334 7381 4120 -9890 -5484 -7074 -10003 -7503 -9721 6928 -4721 -9673 8239 9987 -9314 9450 -9744 -5479 5854 -9815 6120 -777 -9709 9711 -9947 -2822 2439 -9644 -3649 2902 -9789 -9730 -9932 -3329 9248 -9735 -4891 -9968 9905 2570 -10003 5922 -9996 4222 7461 -9948 -1595 -5538 -9959 -8970 -9015 9887 -8914 2643 5478 -9938 -9112 -9817 3664 -6383 5988 -10013 -2146 -272 -9576 4828 -8713 8258 -10000 -4974 -1772 -1525 -9995 8858 -4628 -9751 -3690 -9259 -5085 -1664 9488 -10029 -4290 4359 -10029 8712 -3536 -9779 -6252 3440 -9006 -8528 -1776 -9983 6418 -9881 8903 -9782 3179 -9350 -8768 -9738 1768 -7417 -8184 -4745 -9346 7317 -9262 -925 -9980 -7404 4450 -9838 -9897 6397 -8218 -6615 -10015 -2679 -9987 7698 5214 -9769 -9775 109 -9736 951 -7937 -3562 -9976 1625 8630 6724 -9801 9798 -9777 -3889 -9896 5954 188 -9747 8087 
7791 -9667 9812 7353 -9990 -9748 -9841 -8342 -9986 -9080 -9629 5636 -5653 -10001 187 -8540 5230 -10026 -6236 -9634 -2818 -10002 -2908 -8849 -9995 3045 534 -9573 8419 -6011 -7389 -9953 4019 -7079 -3602 -9577 -6589 -9649 -9389 -479 -10016 -1199 -6467 -1579 -9982 6695 8891 1479 -9295 5796 -9623 -5751 4462 -9910 -1867 -9335 196 -9616 -9891 -5704 -6307 -10004 -1364 -9722 6111 -8381 -9674 -2789 -5148 -9315 3340 -9745 -9207 -2830 -9816 7572 -2160 -9710 -7117 -9948 7593 -3783 -9645 9272 -4580 -9790 -7007 -9933 -8788 -1601 -9736 6140 -9969 1408 9137 -10004 1541 -9997 -1080 9476 -9949 3305 9611 -9960 -9450 -9016 -1329 -8915 2692 -2511 -9939 1494 -9818 5352 -6384 -987 -10014 9423 -9505 -9577 1562 -8714 9836 -10001 -71 -9402 9394 -9996 6734 200 -9752 7830 -9260 -5518 8714 -4295 -10030 -2919 -5805 -10030 -1904 -7351 -9780 -1716 6409 -9007 862 3290 -9984 1242 -9882 9409 -9783 -4016 -9351 -8867 -9739 -7958 5205 -8185 -8232 -9347 124 -9263 -6208 -9981 4520 94 -646 -9898 -7322 -8219 1931 -10016 8383 -9988 9612 2762 -9029 -9776 -3671 -9737 9137 -7938 2429 -9977 7230 -4328 2294 -9802 5024 -9778 5274 -9897 -5605 -7258 -9748 9508 
3643 -9668 2538 1402 -9991 -7544 -9842 -9204 -9987 444 -9630 -5912 4941 -10002 -3601 -8541 4748 -10027 -4020 -9635 -8764 -10003 8991 -5051 -9996 3217 -9495 -9574 -7480 -6299 -902 -9954 -2715 -7080 -452 -9578 6728 -9650 -7017 -5720 -10017 8721 -6468 -7448 -9983 -5013 -443 -4679 -9296 3316 -9624 3278 -6775 -9911 -4957 -9336 8598 -1263 -9892 2055 -938 -10005 -2962 -9723 2457 175 -9675 3755 7694 -9316 -147 -9746 -7793 -7317 -9817 2717 8970 -9711 -2454 -9949 9140 -6935 -9646 351 -3554 -9791 987 -9934 -861 1791 -9737 -5083 -9970 5329 -1859 -10005 -7968 -9998 4696 435 -9950 -7554 -4019 -9961 1211 -505 -8865 -8916 -2351 -5083 -9940 -5 -9819 2402 -6385 4388 -10015 7950 5155 -9578 9378 -8715 -7509 -10002 6604 -9403 -5429 -9997 4455 -3489 -9753 4610 -9261 -6453 6882 -7470 -10031 5199 -8817 -10031 9295 -3219 -9781 252 8872 -9008 9760 5449 -9985 6280 -9883 2819 -9784 -3396 -9352 -9030 -9740 -3846 -3341 3484 223 -9348 -1501 -9264 -9191 -9982 -6105 2226 -9409 -9899 -6521 -8220 4846 -10017 2518 -9989 -5871 7298 6732 -9777 -1229 -9738 9646 -7939 -5057 -9978 -5007 -7619 -8397 -9803 -9821 -9779 5646 -9898 -9579 -365 -9749 7473 
5547 -9669 4437 -8286 -9992 -5319 -9843 -5921 -9988 5469 -9631 5597 -4656 -10003 -9672 -8542 5712 -10028 5964 -9636 -7114 -10004 4288 -4726 -9997 -18 7767 -9575 6754 -8402 2456 -9955 2586 -7081 -1091 -9579 7682 -9651 1162 -7546 -10018 7250 -7830 -6898 -9984 659 -4801 -7673 -9297 -3613 -9625 5704 5266 -9912 8518 -9337 -5323 6367 -9893 -1891 -8052 -10006 -1601 -9724 2155 223 -9676 4974 -5989 -9317 1720 -9747 -3299 546 -9818 9724 9136 -9712 -2889 -9950 7596 7851 -9647 -5494 -2484 -9792 -1657 -9935 3876 -1575 -9738 5828 -9971 8806 5469 -10006 2594 -9999 8657 -8804 -9951 -7439 6995 -9962 -1732 7547 -4632 -8917 -6157 505 -9941 -5291 -9820 -9379 -6386 5269 -10016 -7742 -7099 -9579 8967 -8716 -2085 -10003 6908 -9404 -19 -9998 -2942 -7334 -9754 -398 -9262 -1851 -4567 7919 -10032 -3441 9082 -10032 -4606 -4125 -9782 -4290 7996 -9009 -8125 -7332 -9986 -3418 -9884 -2023 -9785 -2117 -9353 -104 -9741 -9690 -4271 -1066 -5944 -9349 -6556 -9265 -2604 -9983 -5274 -7259 7753 -9900 -4244 -8221 6836 -10018 -7815 -9990 -9236 8471 7388 -9778 -5837 -9739 3188 -7940 -979 -9979 8710 -6494 -4383 8240 -9822 3239 2736 -9899 4257 1186 -9750 8302 
4942 -9670 -5403 -1180 -9993 -6194 -9844 -9781 -9989 9549 -9632 -7696 -1816 -10004 1235 -11 -8642 -10029 -8965 -9637 -1778 -10005 7043 1521 -9998 -3237 -8180 -9576 -8450 -8403 -8278 -9956 5986 -7082 1015 -9580 6976 -9652 6089 6771 -10019 8480 -7831 3907 -9985 4653 -4356 -665 -9298 870 -9626 522 622 -9913 5966 -9338 -1768 -53 -9894 -4337 -403 -10007 9920 -9725 972 9 -9677 2075 8032 -9318 -8261 -9748 3733 -6898 -9819 873 -9311 -9713 6476 -9951 -684 2596 -9648 -7052 -9695 -9793 5098 -9936 4177 -4642 -9739 -9919 -9972 9247 1353 -10007 8609 -10000 -5942 7201 -9952 4840 6705 -9963 -5992 -7001 767 -8918 2522 4974 -9942 5724 -9821 8951 1419 5233 -10017 7177 432 -9580 9856 -8717 4668 -10004 -1406 -9405 -1127 -9999 1846 7523 -9755 2390 -9263 -1422 -8090 5246 -10033 7578 -3887 -10033 -2841 2334 -9783 -8289 7477 -9010 -5254 -621 -9987 -1731 -9885 -4591 -9786 -1962 -9354 -3992 -9742 7664 -7075 -2477 -109 -9350 -7006 -9266 -7154 -9984 7227 -7260 -8422 -9901 -5592 -8222 426 -10019 2303 -9991 9957 6087 5077 -9779 7255 -9740 2240 -7941 -4491 -9980 2694 6252 9650 -2273 -9823 3916 -5319 -9900 1366 6434 -9751 4185 
4615 -9671 -5083 5318 -9994 9221 -9845 -7300 -9990 4319 -9633 6971 -7064 -10005 -2465 7538 -4244 -10030 6347 -9638 -9134 -10006 8455 -7475 -9999 -9184 -6569 -9577 -4017 -1254 7737 -9957 -7003 -7083 -2942 -9581 -2301 -9653 -3737 471 -10020 -205 -7832 7206 -9986 -9037 -2956 4336 -9299 5290 -9627 4645 -2024 -9914 857 -9339 -8512 6474 -9895 -4325 -4232 -10008 -9922 -9726 1100 -1515 -9678 -4964 2848 -9319 -4045 -9749 1981 -8873 -9820 -2293 1730 -9714 -4635 -9952 5175 -5084 -9649 630 3760 -9794 4418 -9937 -8537 9528 2811 -3655 -9973 7053 5621 -10008 -3953 -10001 -1861 3700 -9953 -3545 -452 -9964 1982 -7002 7271 -8919 2769 -2185 -9943 -8645 -9822 8452 -8376 811 -10018 -6942 -9473 -9581 1801 -8718 -5101 -10005 -9577 -9406 758 -10000 -7856 5071 -9756 -7273 -9264 4445 -8091 -9402 -10034 -4038 9156 -10034 -8393 2496 -9784 464 -9247 -9011 5883 -500 -9988 8719 -9886 -8718 -9787 -2565 -9355 1641 -9743 5792 -7076 5131 8002 -9351 -6373 -9267 -9519 -9985 -4391 8889 1739 -9902 -7315 -8223 -1938 -10020 -3368 -9992 7262 -3905 9224 -9780 -6348 -9741 -6581 -7942 7606 -9981 3404 9398 460 -3972 -9824 -6340 -3886 -9901 -3256 7562 -9752 -966 
-1486 -9672 7793 -5233 -9995 8829 -9846 2307 -9991 6895 -9634 4929 423 -10006 -3243 -7304 5743 -10031 -9217 -9639 -1268 -10007 -1576 -2498 -10000 1574 -7651 -9578 3168 6505 419 -9958 -1618 -7084 2403 -9582 2897 -9654 -1591 1600 -10021 7161 -7833 1383 -9987 -6746 -6725 -8914 -9300 -166 -9628 -1322 -7954 -9915 7380 -9340 6792 -7785 -9896 -8453 5739 -10009 2638 3203 -6055 4057 -9679 9358 5095 -9320 8675 -9750 -1973 -5756 -9821 8350 -9519 -9715 -2134 -9953 -1908 -9775 -9650 -2936 -111 -9795 1810 -9938 7460 5740 3846 901 -9974 5125 3856 -10009 355 -10002 384 -7301 -9954 -3708 7172 -9965 2028 -7003 8414 -8920 -3248 382 -9944 -7776 -9823 5031 -8377 3858 -10019 366 4880 -9582 -7095 -8719 -8421 -10006 -6347 3050 -9110 -10001 -319 -3054 -9757 -1859 -9265 6516 7636 -8498 -10035 5512 5746 -10035 -9006 9804 -9785 -5579 -9248 9635 235 -9928 -9989 -8105 -9887 993 -9788 -6631 -9356 7459 -9744 -365 -7077 -8179 -7823 -9352 6071 4676 9188 -9986 6152 7972 26 -9903 7229 -8224 2188 -10021 9288 -9993 -1874 -7002 8394 -9781 -1821 -9742 -8640 -7943 2271 -9982 -8062 9226 4865 3361 -9825 -8036 -837 -9902 2762 -5186 -9753 2904 
-730 -9673 6774 4717 -9996 1097 -9847 -6143 -9992 -4679 -9635 2165 7472 -10007 -7037 -7305 1172 -10032 -1780 -9640 1817 -10008 -9637 1586 -10001 7024 -5622 -9579 -7212 -5095 1419 -9959 -592 -7085 -3375 -9583 -3236 -9655 8917 5112 -10022 6127 -7834 -8786 -9988 -3511 6106 -8811 -9301 -9538 -9629 -2367 4404 -9916 -5698 -9341 -5067 3755 -9897 5215 3999 -10010 -9337 -7574 -6056 -1296 -9680 8151 -6434 -9321 7703 -9751 -1289 4545 -9822 158 5846 -9716 -4196 -9954 7010 -9776 7966 9276 2075 -9796 9055 -9939 -2462 6789 -3317 -9038 -9975 -4097 -2690 -10010 3786 -10003 1763 -6131 -9955 -6842 2255 -9966 3019 -7004 -9686 -8921 3147 5822 -9945 9338 -9824 -5331 -8378 7034 -10020 4702 9075 -9583 -307 -8720 -6318 -10007 -5512 2940 -1942 -10002 -5009 8303 -9758 2851 -9266 7882 7593 -7794 -10036 -5216 -646 -10036 1061 -113 -9786 6354 -9249 -499 -1195 -1691 -9990 -457 -9888 -2613 -9789 -5151 -9357 2672 -9745 -4246 -8030 -8180 7611 -9353 -9912 -8426 6161 -9987 6345 2331 -9732 -9904 -4813 -8225 -9231 -10022 126 -9994 -4006 -7003 5679 -9782 8630 -9743 5769 7371 9890 -9983 -692 -9531 6876 6245 -9826 2631 -8519 -9903 1320 3859 -9754 516 
5380 -9674 -5622 1197 -9997 852 -9848 2983 -9993 -3335 -9636 -3400 7636 -10008 658 -7306 9612 -10033 -7642 -9641 1692 -10009 -2267 7468 -10002 5568 -3356 -9580 -7251 -178 2293 -9960 8832 -7086 8905 -9584 -3738 -9656 -8964 -7146 -10023 7303 5832 -6755 -9989 849 -4303 -1607 3763 5710 -9630 -5980 8218 -9917 5749 -9342 7302 -1137 -9898 8145 8479 -10011 547 -2419 -6370 -415 -9681 7311 7499 -9322 -3947 -9752 7782 -9951 -9823 8468 5324 -9717 9448 -9955 4890 -9777 -9307 9610 8150 -9797 8891 -9940 -4804 -331 6473 -1799 -9976 -1581 -7318 -10011 -5218 -10004 1547 4821 -9956 -5633 3005 -9967 7206 8450 -9687 8227 53 -1488 -9946 7909 -9825 -2139 -8379 5591 -10021 -7026 -9416 -9584 4799 -8721 2895 -10008 -2366 1440 -5338 -10003 -3932 -850 -9759 6760 -9267 8301 -7777 107 -10037 -4034 -9329 -10037 -1612 7893 -9787 -1162 -9250 4598 9618 9973 -9991 -4888 -9889 8671 -9790 -7007 -9358 -5742 -9746 -2441 -7431 -8181 6079 4329 -9913 715 -9181 -9988 -4440 1095 225 -9905 7453 -6719 -2039 -10023 9551 -9995 -1470 -7004 8128 -9783 -1758 -9744 7899 -7266 -7141 -9984 -219 -9532 -7444 1426 -9827 8027 4858 -9904 -3641 5028 -9755 946 
939 -9675 -8531 -7167 -9998 4924 -9849 -9922 -9994 -3017 -9637 -9649 1151 -10009 -993 -7307 -9274 -10034 9780 -9642 -2850 -10010 8003 8767 -10003 4306 9435 -9581 2176 -8463 8377 -9961 2285 -7087 2849 -9585 7470 -9657 -3521 7852 -10024 -7269 169 -7111 -9990 -3009 -9234 -3191 1771 7206 -9631 4115 3945 -9918 9107 -9343 4782 -7801 -9899 -2927 -9882 -10012 6094 -2921 -6371 9656 -9682 -5804 3011 -9323 -2235 -9753 -6035 -9952 3482 -673 -9360 -9718 -8092 -9956 -8374 -9778 -7157 -1531 -9918 -9798 -517 -9941 -6011 8359 6674 8952 -9977 5794 5431 -10012 -8792 -10005 -6425 -6356 -9957 6554 -7786 -9968 -1417 5715 -9688 -2052 6111 2237 -9947 197 -9826 2040 -8380 -5578 -10022 3389 4320 -9585 -3279 -8722 6167 -10009 2849 -4466 -4830 -10004 4415 -223 -9760 2271 -9268 -6815 -7778 5452 -10038 -2591 1195 -10038 345 -2652 -9788 5825 -9251 651 -4969 -4577 -9992 2324 -9890 -5858 -9791 5627 -9359 -86 -9747 274 741 -8182 3359 1045 -9914 -8709 -4316 -9989 -3042 -996 -1971 -9906 6152 299 587 -10024 -4945 -9996 9043 -7005 2517 -9784 -7844 -9745 -2603 -7267 -3628 -9985 -5674 -9533 -4412 -6034 -9828 -3606 -1048 -9905 7866 9233 -9756 4128 
8925 -9676 -130 1057 -9999 1446 6922 7543 -9995 -5970 3359 -9650 4769 -10010 -8019 -8119 9182 -10035 8481 -9643 -5736 -10011 -7909 5500 -10004 -8846 -443 -9582 6692 -8464 2894 -9962 7480 -7088 -6923 -9586 -4713 -9658 -7542 2462 -10025 -5896 -9962 -4536 -9991 8065 -9235 -7011 -1756 8429 -9632 -7800 -4539 -9919 1851 -9344 3466 -5354 -9900 7681 -68 -10013 3188 8283 -6372 -3044 -9683 -7443 -2774 -9324 6857 -9754 -6272 -9953 6394 -6285 7643 -9719 5809 -9957 -1923 -9779 -5899 3657 -9919 285 5730 -9942 -374 3519 -5528 3174 -9978 -2689 2575 -10013 -8749 -10006 4142 1303 -9958 -8928 -1701 -9969 4514 -5544 -9689 6736 8571 -8333 -9948 9395 -9827 -8003 -8381 1061 -10023 7762 4674 -9586 -4845 -8723 -9281 -10010 -6636 4654 9163 -10005 -663 -6524 -9761 -4292 -9269 -7814 -7779 -6598 -10039 -2232 1248 -10039 -93 9455 -9789 6687 -9252 -3174 -6511 -2198 -9993 3215 -9891 -1212 -9792 1580 -9360 7930 -9748 -1130 -2488 -8183 704 3477 -9915 879 979 -9990 6876 7462 -3163 -9907 3610 3957 7918 -10025 2602 -9997 6053 -7006 1308 -9785 9281 -9746 -2445 -7268 -5783 -9986 3022 -9534 2569 8692 -9829 -6588 7953 -9906 5685 -7607 -9757 3144 
8235 -9677 9061 6869 -10000 -5657 2595 -3064 -9996 5392 610 -9651 5423 -10011 6750 -8120 5150 -10036 9887 -9644 -7581 -10012 6785 496 -10005 -508 -4272 -9583 1832 -8465 -7921 -9963 1004 -7089 -4497 -9587 6327 -9659 -7672 4395 -10026 1940 -9963 262 -9992 -8006 -9236 -2706 -7875 1454 -9633 -1343 -4784 -9920 9805 -9345 6202 -9338 -9901 -7698 -7282 -10014 4703 7381 -6373 8022 -9684 3913 8584 -9325 9579 -9755 -2794 -9954 -2327 -6286 7383 -9720 4691 -9958 -66 -9780 1097 -276 -9920 7743 -2910 -9943 -7125 -5899 -5529 952 -9979 9109 6477 -10014 3694 -10007 1455 6135 -9959 -275 1386 -9970 4576 -2742 -9690 -6450 8817 1009 -9949 -7361 -9828 3064 -8382 -3755 -10024 7424 8830 -9587 786 3063 6356 -10011 3342 -8757 7787 -10006 3276 1581 -9762 9179 -9270 -242 2440 1262 -10040 9345 -9613 -10040 -3836 -666 -9790 6186 -9253 5712 -6512 4095 -9994 9453 -9892 1132 -9793 -614 -9361 -4798 -9749 4234 -1003 -8184 -2696 5761 -9916 235 -2881 -9991 -1512 -9103 -9485 -9908 -6709 166 -8970 -10026 2781 -9998 -6473 -7007 -3515 -9786 -6288 -9747 -8217 -7269 -5247 -9987 -6976 -9535 -5692 8912 -9830 -7731 -9701 -9907 4939 -7950 -9758 4520 
3880 -9678 2418 -7364 -10001 2586 1100 -2528 -9997 -3526 1409 -9652 -9626 -10012 -1570 -8121 77 -10037 9732 -9645 -8462 -10013 8818 -9344 -10006 -7732 7333 -9584 1507 -8466 -2717 -9964 -6745 -7090 -9660 -9588 5439 -9660 -9820 -796 -10027 4669 -9964 3123 -9993 7537 -9237 2036 -7876 -4115 -9634 3300 6367 -9921 7382 -9346 1697 4537 -9902 5230 -9638 -10015 -8895 7187 -6374 -2947 -9685 -4811 555 -9326 664 -9756 9038 -9955 6601 -6287 -9362 -9721 217 -9959 -4414 -9781 2270 8966 -9921 1558 6530 -9944 -2088 -1633 9662 3805 -9980 -4335 626 -10015 -2800 -10008 7582 8546 -9960 6942 3797 -9971 258 -6636 -9691 2691 6756 -345 -9950 3432 -9829 8654 -8383 5202 -10025 2816 6882 -9588 -4235 -922 6116 -10012 6500 -8758 -9588 -10007 3967 -1190 -9763 1753 -9271 -6642 -956 6355 -10041 -5233 -1207 -10041 6563 -8004 -9791 -3905 -9254 -6462 -6513 7042 -9995 -1037 -9893 -5237 -9794 7701 -9362 9625 -9750 -4716 -6273 -8185 -800 -922 -9917 1765 -777 -9992 2082 -7461 4631 -9909 4497 -3637 9736 -10027 8911 -9999 5905 -7008 213 -9787 8051 -9748 1265 7492 1745 -9988 5167 -9536 -2825 -3380 -9831 -5102 3610 -9908 -8012 6580 -9759 4515 
-4782 -9679 -1976 -1084 -10002 -1705 2902 -6978 -9998 8937 -7691 -9653 3495 -10013 5302 -8122 -2593 -10038 5379 -9646 -6824 -10014 -2516 -2456 -10007 -5794 1012 -9585 -7897 -8467 -2397 -9965 4333 -6446 -9661 -4246 -4938 -6254 -9821 -2817 -10028 7079 -9965 5005 -9994 8260 -9238 -9345 -7877 5761 -9635 6153 346 -9922 -2039 -9347 -1157 1662 -9903 -7513 8380 -10016 -5045 3261 -6375 -989 -9686 539 5949 -9327 2745 -9757 6473 -9956 -1093 -6484 333 -9722 7096 -9960 5361 -9782 -1232 3899 -9922 -2140 8154 -9945 5752 -7878 -8985 2615 -9981 -3099 9841 -10016 1968 -10009 -735 -5323 -9961 8399 -812 -9972 -2590 2472 -9692 3953 -9813 987 -9951 -4116 -9830 -5092 -8384 9638 -10026 -788 9340 -9589 7126 3531 -4508 -10013 -497 1766 834 -10008 -9295 1142 -9764 2973 -9272 3959 -7457 -6458 -10042 3823 8700 -10042 5293 -8131 -9792 6163 -9255 9287 -6514 1521 -9996 7496 -9894 -4372 -9795 -447 -9363 4776 -9751 2393 -5352 -8186 -984 -7738 -9918 9424 2932 -9993 5197 5824 -192 -9910 5706 -9379 -4518 -10028 6521 -10000 -7098 -7009 -300 -9788 3656 -9749 -7367 -3520 -1930 -9989 524 -9537 -3682 5453 -9832 6522 9452 -9909 8404 6382 -9760 8054 
-520 -9680 -2314 -6340 -10003 5725 3539 244 -9999 -5909 -2574 -9654 -3347 -10014 -3791 -8123 -6955 -10039 3239 -9647 -9367 -10015 -8773 3923 -10008 -4773 -5461 -9586 -7928 -8468 -6003 -9966 350 -65 -9662 -4755 4806 2652 -9822 1243 -10029 6748 -9966 2486 -9995 8088 3056 -9346 3637 4443 -9636 -5257 -3204 -9923 -7581 -9348 47 657 -9904 -3538 4356 -10017 7932 3864 -6376 -1120 -9687 -2742 2100 -9328 6324 -9758 7033 -9957 9124 -6485 -6678 -9723 6085 -9961 7552 -9783 -2319 3528 -9923 3381 9109 -9946 -7152 5095 -8986 -4788 -9982 -574 6149 -10017 778 -10010 -4573 139 -9962 -3202 -1846 -9973 -6328 5251 -9693 1763 -9814 1207 -9952 -251 -9831 -5771 -8385 -6816 -10027 2964 -4990 -9590 -5750 4680 -1799 -10014 584 -8121 1226 -10009 -5024 -7379 -9765 7889 -9273 -125 -7458 -8533 -10043 9385 6130 -10043 3245 174 -9793 3747 -9256 -1188 -6515 7642 -9997 4814 -9895 4026 -9796 1307 -9364 -7621 -9752 -4604 5131 -8187 8530 1941 -9919 -356 9123 -9994 9782 3461 5055 -9911 -6094 -9380 4597 -10029 6546 -10001 -7048 -8847 8806 -9789 4972 -9750 7678 5663 -8565 -9990 8021 -9538 439 4206 -9833 2506 -6143 -9910 1054 -540 -9761 2573 
6672 -9681 -3820 -3807 -10004 9786 8110 -6033 -10000 -56 2876 -9655 6098 -10015 -2643 -8124 8796 -10040 -4384 -9648 7056 -10016 4423 8697 -10009 -2201 9618 -9587 6384 -8469 -5286 -9967 9309 -6156 -9663 4768 -6906 -1897 -9823 -6663 -10030 -4058 -9967 2649 -9996 -1211 -4333 -9347 6174 -4892 -9637 -114 -3846 -9924 3937 -9349 8886 -736 -9905 -5166 -5751 -10018 22 2020 -6377 -5496 -9688 2560 5399 -9329 5391 -9759 -3516 -9958 -2179 -3976 -9989 -9724 5081 -9962 6167 -9784 5361 2213 -9924 -7667 -7679 -9947 774 3581 -8987 3665 -9983 -7565 5943 -10018 3634 -10011 -7024 6762 -9963 -5226 1103 -9974 6403 -6103 -9694 -4796 -9815 374 -9953 -9202 -9832 -5245 -8386 -295 -10028 -4968 -5254 -9591 586 -9270 -4961 -10015 -2776 -8122 3739 -10010 -773 1145 -9766 3244 -9274 -937 5101 -252 -10044 -5940 -2524 -10044 9049 5216 -9794 -7644 -9257 -5469 -6516 3270 -9998 1181 -9896 -5001 -9797 8039 -9365 612 -9753 2989 -4845 -8188 3925 -9104 -9920 -138 -4475 -9995 -5044 -3696 -5920 -9912 -2380 -9381 -4115 -10030 2141 -10002 8388 -8848 -4507 -9790 -1874 -9751 7663 3197 1430 -9991 7998 -9539 -5067 5225 -9834 2128 7518 -9911 4987 5500 -9762 9381 
-2241 -9682 3231 -2027 -10005 -3781 2934 8983 -10001 -5994 -1313 -9656 6910 -10016 -2891 -8125 -3470 -10041 -4115 -9649 -510 -10017 2458 9560 -10010 -5088 -1639 -9588 4977 -8470 8246 -9968 -1853 -9255 -9664 9960 -6907 -1636 -9824 6190 -10031 -6754 -9968 9235 -9997 4469 9617 -9348 6980 -2352 -9638 -2710 5627 -9925 7149 -9350 -2305 -6813 -9906 -6308 -9902 -10019 3030 -7918 -6378 5210 -9689 -6394 6064 -9330 2547 -9760 2855 -9959 -4776 6626 -9990 -2482 2553 -9963 -2088 -9785 -953 9325 -9925 -6413 4064 -9948 -6657 6747 -8988 1451 -9984 7942 2381 -10019 -8399 -10012 6196 -848 -9964 607 -8808 -9975 4574 -9370 -9695 2708 -9816 4623 -9954 -407 -9833 2166 -8387 4504 -10029 7584 -5691 -9592 -2948 -9271 -3751 -10016 902 -8123 5321 -10011 -3280 -6503 -9767 -7712 -9275 -5809 -7639 -4289 -10045 -4528 3583 -10045 -2390 -9667 -9795 -8036 -9258 7647 -6517 -6202 -9999 -30 -9897 7574 -9798 -1102 -9366 -8922 -9754 9557 2054 -8189 9208 413 -9921 -5704 9915 -9996 5742 -1125 -5674 -9913 5562 -9382 -7691 -10031 3235 -10003 8912 -8849 6644 -9791 -101 -9752 -5112 -2781 9915 -9992 2251 -9540 -6756 -1197 -9835 -1212 -9669 -9912 -6065 -2479 -9763 97 
5432 -9683 -7044 2970 -10006 -9425 1994 1398 -10002 -9864 -3667 -9657 6767 -10017 7632 -8126 4849 -10042 -1489 -9650 -1158 -10018 -2031 3515 -10011 -7256 3348 -9589 6495 -8471 5745 -9969 5254 4433 -9665 -7819 -6908 1840 -9825 -2216 -10032 3903 -9969 -5733 -9998 5649 3880 -9349 585 -696 -9639 -5568 2812 -9926 8194 -9351 3131 -2112 -9907 1632 -1700 -10020 8111 -7919 2948 -3935 -9690 -2983 -4933 -9331 -1096 -9761 4613 -9960 -9489 5205 -9991 -7604 9603 -9964 -2517 -9786 6374 2366 -9926 9702 2435 -9949 9576 6213 -8989 -1973 -9985 5054 5295 -10020 4793 -10013 6634 -1086 -9965 3118 9005 -9976 950 5279 -9696 6848 -9817 -1761 -9955 1293 -9834 -6127 -8388 2193 -10030 484 7447 -9593 8157 -9272 -5490 -10017 8228 -8124 -183 -10012 590 -5914 -9768 -5771 -9276 -8655 -7640 -262 -10046 -1906 -7002 -10046 -1331 6324 -9796 7711 -9259 -2429 -6518 1196 -10000 -9976 -9898 -7437 -9799 -4068 -9367 -8679 -9755 -9170 -8962 -8190 1672 7878 -9922 -5591 2274 -9997 -5239 -3806 913 -9914 -6418 -9383 -693 -10032 -2969 -10004 -5849 -8850 -4370 -9792 -3313 -9753 -3073 9630 -3461 -9993 -6914 -9541 2636 3948 -9836 6948 7120 -9913 -7222 -3311 -9764 8563 
-1886 -9684 4652 4511 -10007 7673 1065 -6124 -10003 -4094 3329 -9658 -3567 -10018 5473 -8127 -5103 -10043 -40 -9651 -2056 -10019 6725 7124 -10012 2349 -952 -9590 6638 -8472 -2175 -9970 8556 -2693 -9666 -5370 1911 4949 -9826 9231 -10033 9850 -9970 -356 -9999 7785 6559 -9350 2854 -1871 -9640 9848 6393 -9927 5783 -9352 1152 -6565 -9908 8156 -4027 -10021 -221 -7920 7486 -3142 -9691 -131 7104 -9332 9990 -9762 -8847 -9961 6050 8425 -9992 -3626 4875 -9965 8101 -9787 3476 -1236 -9927 -9389 -9651 -9950 -9952 -7184 -8990 -2734 -9986 -8664 8490 -10021 1029 -10014 317 -2313 -9966 -8596 5141 -9977 -6535 -9727 -9697 -8694 -9818 1497 -9956 -3443 -9835 3666 -8389 -7414 -10031 1053 8567 -9594 -1084 -9273 -9968 -10018 4163 -8125 3934 -10013 3880 -6196 -9769 4662 -9277 9754 -171 5084 -10047 -2465 -7655 -10047 486 -9582 -9797 6944 -9260 898 -6519 -26 -10001 5577 5709 -878 -9800 2773 -9368 5608 -9756 7314 -9438 234 -6345 3547 -9923 9242 -8360 -9998 4185 6719 5202 -9915 4702 -9384 -8130 -10033 -1220 -10005 -5127 -8851 -6815 -9793 2659 -9754 7387 7759 3931 -9994 -9816 -9542 -9309 9828 -9837 9300 -4842 -9914 -5375 -6559 -9765 6810 
-3767 -9685 562 1167 -10008 -9032 4167 4586 -10004 3894 3525 -9659 5127 -10019 122 -8128 8225 -10044 -7175 -9652 8726 -10020 -1299 5926 -10013 -7545 932 -9591 -1590 -8473 -7192 -9971 -8767 -3374 -9667 -3943 -6309 -1171 -9827 -7676 -10034 9120 -9971 9752 -10000 -6200 1224 -9351 4534 -7993 -9641 -2410 6489 -9928 9989 -9353 137 3698 -9909 4649 6488 -10022 -9632 -7921 1545 9322 -9692 -8786 -1325 -9333 8637 -9763 -5602 -9962 -901 4331 -9993 7905 6513 -9966 -8538 -9788 -9351 8593 -9928 -6873 -2412 -6086 -9953 -7131 -8991 2795 -9987 2021 442 -10022 3307 -10015 -8694 -2390 -9967 1679 8509 -9978 1609 -9728 5842 -3384 -9819 7775 -9957 8651 -9836 2886 -8390 -4139 -10032 -421 6618 -9595 8372 8483 -7626 -10019 9739 -8126 3048 -10014 -2190 -608 -9770 3346 -9278 2436 5215 5112 -10048 9350 1661 -10048 -5483 -552 -9798 8834 -9261 -8188 -6520 4243 -10002 -5491 4005 -2545 -9801 1369 -9369 7988 -9757 -5953 -9439 -5270 -6346 841 -9924 1054 -8243 -9999 -9123 -2419 7310 -9916 -305 -9385 -2082 -10034 7337 -10006 -229 -8852 -3309 -9794 6958 -9755 -5155 6636 -2743 -9995 2233 3516 -8223 -9502 -9838 6195 -3394 -9915 -5983 -3264 -9766 8757 
6418 -9686 -2756 -8975 -10009 5940 -9958 -284 -10005 -2978 -4165 -9660 -5351 -10020 5246 -8129 -9756 -10045 8953 -9653 -1732 -10021 1471 -5336 -10014 4467 -4673 -9592 -8208 -8474 -1745 -9972 -3470 1838 -9668 4481 -6310 -2437 -9828 7189 -10035 4258 -9972 9523 -10001 -1907 4562 -9352 -8778 7760 -9642 9353 -9732 -9929 -2657 -9354 6496 -7726 -9910 1695 -821 -10023 3523 -8453 1461 -1779 -9693 1595 7124 -9334 -1791 -9764 2358 -9963 -4988 5224 -9994 -5800 4396 -9967 4076 -9789 1925 4463 -9929 -4863 -6151 -6263 -9954 1604 -8992 766 -9988 -3843 390 -10023 -3479 -10016 5112 9991 -9968 -6709 42 -9979 817 -9729 -3630 -2675 -9820 5870 -9958 -7106 -9837 8731 -8391 4028 -10033 962 -8555 -9596 -9298 -16 -536 -10020 2766 -8127 -6980 -10015 2169 -529 -9771 1686 -9279 1927 -4725 4852 -10049 9694 609 -10049 -460 -921 -9799 8699 -9262 -4394 -1584 5237 -10003 -6861 -7909 8496 -9802 2143 -9370 3413 -9758 -6324 -9440 7583 -6347 -4054 -9925 7502 -7484 -10000 -1099 -1554 274 -9917 5422 -9386 -3822 -10035 -3289 -10007 3306 -8853 -2473 -9795 -1007 -9756 6489 3420 -848 -9996 -5446 -2640 8094 5675 -9839 3533 -4343 -9916 9926 4617 -9767 2922 
-960 -9687 -1827 -3392 -10010 -2054 -9959 -4969 -10006 -6921 -7811 -9661 -8217 -10021 -9004 1461 -8551 -10046 -4592 -9654 8693 -10022 -1292 241 -10015 487 -7731 -9593 1931 -8475 -5990 -9973 -5331 -6229 -9669 3131 -6311 -6904 -9829 -7082 -10036 4445 -9973 -2504 -10002 5370 -7571 -9353 3393 -7627 -9643 2209 8778 -9930 4004 -9355 754 685 -9911 1101 -545 -10024 6954 -8454 9766 6069 -9694 9318 9731 -9335 9340 -9765 -9396 -9964 2994 -502 -9995 -9947 9880 -9968 -6443 -9790 -2801 316 -9930 867 4900 7160 -9955 4949 -8993 -166 -9989 -1638 4102 -10024 3383 -10017 8852 -1121 -9969 -7156 -1364 -9980 -9875 -9730 -5595 -6306 -9821 -2375 -9959 4983 -9838 5649 -8392 -4327 -10034 9545 8403 -9597 6216 -6246 1615 -10021 -2179 -8128 -9905 -10016 1276 -5106 -9772 -9912 -9280 -2597 -6024 -1195 -10050 -2154 8828 -10050 -7763 4995 -9800 2441 -9263 202 -2378 9112 -10004 -3423 -7910 -9828 -9803 -244 -9371 -8225 -9759 6651 -9441 5281 -6348 -5872 -9926 -4193 -4734 -10001 5765 993 8252 -9918 -6560 -9387 9084 -10036 -8513 -10008 -6694 -8854 -9160 -9796 -6257 -9757 -4880 -4269 -2833 -9997 5038 -3797 -7945 -3085 -9840 5932 2750 -9917 -8475 -1342 -9768 2565 
2283 -9688 5335 6324 -10011 7575 -9960 9414 -10007 -7734 5950 -9662 -2587 -10022 -7534 -414 9309 -10047 5595 -9655 2932 -10023 8416 -7948 -10016 8808 -1296 -9594 -3112 -8476 -594 -9974 1419 338 -9670 3746 -9121 -8962 -9830 -7463 -10037 3914 -9974 8478 -10003 9506 -7688 -9354 -5896 -7965 -9644 -6806 5717 -9931 1512 -9356 5833 -7018 -9912 8488 -7406 -10025 1465 -8455 -6860 1002 -9695 2421 3932 -9336 -7236 -9766 8471 -9965 3373 -3120 -9996 -9712 -7500 -9969 2270 -9791 9212 -3831 -9931 3956 -3467 9378 -9956 7726 -8994 -3116 -9990 -7924 6240 -10025 -4730 -10018 -6807 9406 -9970 9599 4572 -9981 8489 -7411 2349 3259 -9822 4505 -9960 -4464 -9839 -4866 -8393 5251 -10035 2517 -5105 -9598 -9770 -6247 -1724 -10022 9179 9271 5394 -10017 3228 -7831 2708 -9913 -1842 -8115 -6025 753 -10051 896 4570 -10051 4294 -5814 -9801 -3091 -9264 -7492 -6096 -3718 -10005 -6193 7923 -9829 -8490 -674 -9372 4654 -9760 6714 -9442 -3795 -6349 9585 -9927 5158 3338 -10002 1620 5673 -644 -9919 4585 -9388 -331 -10037 -7158 -10009 5966 6565 -1541 -9797 -6385 -9758 6091 -1679 4624 -9998 4354 -5420 -7946 -5885 -9841 6314 -8420 -9918 1847 -6277 -9769 9221 
2029 -9689 -8079 6735 -10012 3205 -9961 -9645 -10008 -8105 -9399 -9663 -2997 -10023 5694 4811 4163 -10048 4959 -9656 5754 -10024 -9407 7733 -10017 -30 9470 -9595 -4832 -8477 -8740 -9975 -7289 -4276 -9671 -9272 -9122 -2575 -9831 -6658 -10038 9299 -9975 9537 -10004 -9291 -8129 -9355 7772 -2658 -9645 -8976 -6404 -9932 6464 -9357 -2792 -147 -9913 -506 8023 -10026 -4379 -8456 3829 -1747 -9696 -5959 -3829 -9337 -4614 -9767 -872 -9966 -6463 -4221 -9997 9543 -9488 -9970 -6397 -9792 -6102 -858 -9932 5415 -8715 -6004 -9957 1482 -8995 4118 -9991 1766 8580 -10026 -512 -10019 4288 -4390 -9971 -6723 -4942 -9982 -1765 -2469 4728 8570 -9823 -6285 -9961 -5010 -9840 4625 -8394 -4162 -10036 -9590 -7004 -508 -9771 -266 -8005 -10023 4158 -8315 -4258 -10018 9958 -7832 1241 -9914 2139 -8116 -8996 7029 -10052 -2194 4993 -10052 -1556 5491 -9802 7532 -9265 -1430 961 -9035 -10006 7476 -3165 -9830 -6177 2677 -9373 -6228 -9761 4129 -9443 -6103 -6350 -7609 -9928 553 426 -10003 5972 2624 8634 -9920 8016 -9389 1044 -10038 9661 -10010 7871 5878 -7396 -9798 -3755 -9759 -1414 -62 -2015 -9999 -3282 8267 -7947 1142 -9842 -8281 9581 -9919 8368 6730 -9770 -4570 
3919 -9690 4483 -974 -10013 1435 -9962 844 -10009 6508 -4515 -9664 3109 -10024 9584 6506 -7757 -10049 -9714 -9657 -7134 -10025 -7475 -6134 -10018 -419 3729 -9596 1713 8099 -8837 -9976 -9470 42 -9672 -5781 8477 -3868 -9832 -8494 -10039 -7375 -9976 -3258 -10005 2647 9609 -9356 -1651 -2501 -9646 5295 5610 -9933 -1781 -9358 5818 3639 -9914 639 -7453 -10027 -3321 -8457 -7506 -598 -9697 11 6998 -9338 -3226 -9768 -7725 -9967 9084 3631 -9998 -1033 287 -9971 5541 -9793 8053 -155 -9933 7723 -8716 -8189 -9958 -7904 -8996 4594 -9992 1940 6596 -10027 -2056 -10020 -5066 6922 -9972 5130 -2341 -9983 -9234 -2382 4602 5612 -9824 -4325 -9962 8245 -9841 -8372 -8395 9401 -10037 3883 3229 -3441 -9772 -3432 -2826 -10024 -8148 -8316 -2215 -10019 3022 -7833 -3973 -9915 -3037 -7631 -8997 -2394 -10053 -5418 -1872 -10053 2757 -513 -9803 6991 -9266 15 5036 -7863 -10007 -3467 5868 -9831 3592 909 -9374 -605 -9762 6581 -9444 -6856 652 -3534 -9929 7873 4931 -10004 -4390 -241 1568 -9921 1276 -9390 -5380 -10039 7344 -10011 3275 5830 -1167 -9799 -366 -9760 -3033 -1253 -477 -10000 5426 -3259 -7948 -8022 -9843 -3004 4851 -9920 3765 9518 -9771 195 
232 -9691 3661 5430 -10014 -7317 -9963 393 -10010 1201 -4982 -9665 -3107 -10025 6623 -7578 6554 -10050 -6734 -3965 -6135 -10026 9595 -5040 -10019 504 -1787 -9597 -8315 -6769 8732 -9977 3314 4141 -9673 -8694 -7400 9284 -9833 481 -10040 5824 -9977 -9113 -10006 5044 -8488 -9357 4448 9481 -9647 -2994 1810 -9934 9963 -9359 613 -8503 -9915 -2810 8 -10028 1291 -8458 7726 1682 -9698 -7754 -8596 -9339 3493 -9769 -1259 -9968 -4375 -6198 -9999 -6094 -1707 -9972 -9043 -9794 8025 -9996 -9934 -9518 -8717 4309 -9959 716 -8997 -3288 -9993 3071 8115 -10028 9584 -10021 -3175 9869 -9973 7155 8410 -9984 -1476 -7086 -8809 -2255 -9825 4462 -9963 -1944 -9842 -3864 -8396 7047 -10038 -5791 2353 5595 -9773 3105 2417 -10025 -568 -8317 -3739 -10020 -9789 -7834 -3354 -9916 583 -3379 -8998 -3088 -10054 2760 6915 -10054 -3350 -607 -9804 1238 -9267 -2493 9357 6105 -10008 -5219 -3656 -9832 995 6055 -9375 -4133 -9763 -622 -9445 -1874 8847 3611 -9930 2214 -973 -10005 -9921 8063 9371 -9922 -1264 -9391 -7413 -10040 -6221 -10012 1380 785 -3989 -9800 8403 -9761 -4078 -490 6399 -10001 -4681 -866 -5497 -4083 -9844 593 6223 -9921 3879 6054 -9772 807 
8177 -9692 4060 4949 -10015 -9911 -9964 6786 -10011 9597 7452 -9666 -2808 -10026 5238 -7579 589 -10051 7916 -4747 -4617 -10027 8931 1185 -10020 1913 2016 -9598 2230 8379 -2656 -9978 -1933 -8849 -9674 2331 -6279 -1482 -9834 52 -10041 6504 -9978 4552 -10007 3754 6207 -9358 -7037 8608 -9648 -7512 -8866 -9935 3391 -9360 7473 -7888 -9916 6281 5872 -10029 7408 -8459 285 6210 -9699 4300 3508 -9340 8415 -9770 -2015 -9969 4624 -6239 -10000 7544 -4503 -9973 9897 -9795 -3674 -9997 3078 -9960 -241 -3023 -9960 -2179 -8998 -3931 -9994 -841 -767 -10029 6118 -10022 -7895 961 -9974 5279 -8623 -9985 225 3495 -8810 -5015 -9826 6810 -9964 -2846 -9843 -7943 -8397 2902 -10039 1135 2004 -1874 -9774 3250 9526 -10026 -9724 -8318 9901 -10021 -4487 527 -1788 -9917 -2387 -9035 -8999 1366 -10055 -6507 -6993 -10055 3351 -857 -9805 8298 -9268 -8168 5595 -4320 -10009 2240 -8346 -9833 -152 7150 -9376 -992 -9764 -1221 -9446 -3337 7719 -9525 -9931 6874 -7185 -10006 2255 -588 6084 -9923 -1282 -9392 7700 -10041 1151 -10013 -1709 6195 7097 -9801 5319 -9762 3539 8993 -7092 -10002 -2555 -2661 4818 -8139 -9845 905 -4357 -9922 4687 -7722 -9773 5948 
7556 -9693 -1516 6492 -10016 9932 -9965 460 -10012 9325 2235 -9667 -3719 -10027 -9457 -7580 1729 -10052 -6107 -9293 -4504 -10028 8178 6001 -10021 -3770 -410 -9599 3105 -4270 -8627 -9979 -4874 9450 -9675 -4180 147 2807 -9835 -6201 -10042 9110 -9979 9391 -10008 7087 4896 -9359 9596 2114 -9649 -6532 5803 -9936 -865 -9361 3065 -8721 -9917 1312 853 -10030 5853 -8460 3562 7004 -9700 9764 5250 -9341 8634 -9771 -314 -9970 -7939 8705 -10001 -5785 -4544 -9974 1541 -9796 1690 -9998 -5124 -9961 -7341 -8043 -9961 216 -8999 6561 -9995 5721 4604 -10030 -5807 -10023 -5635 4759 -9975 -1685 -4643 -9986 -1971 8248 -8811 8461 -9827 1566 -9965 7593 -9844 5977 -8398 -7240 -10040 -1919 9434 -6329 -9775 2005 -364 -10027 8649 4891 -3362 -10022 -6412 -5878 9629 -9918 7730 -9036 6871 6170 -10056 6370 8566 -10056 -7026 -7430 -9806 -4625 -9269 -101 8583 -1521 -10010 -7189 7523 -9834 7003 8336 -9377 5989 -9765 6759 -9447 -6306 6232 -8747 -9932 3065 -572 -10007 9014 -6502 1245 -9924 -2194 -9393 6358 -10042 -1150 -10014 -6663 8868 2186 -9802 -2416 -9763 -371 -1309 7939 -10003 -9526 -3430 -3876 7598 -9846 4950 -2984 -9923 -2039 7570 -9774 -4476 
9036 -9694 4500 -3929 -10017 -1153 -9966 -1303 -10013 -2099 3972 -9668 -525 -10028 8804 5869 -930 -10053 -993 -9294 4880 -10029 -1244 7670 -10022 5065 -6311 -9600 8732 6579 974 -9980 6767 -5398 -9676 -8146 5470 -8724 -9836 -9510 -10043 -9853 -9980 3231 -10009 -4980 -9819 -9360 -471 8939 -9650 9294 9792 -9937 -3965 -9362 -5590 5889 -9918 -7104 -7178 -10031 8765 -8461 -761 -4273 -9701 -9221 -2677 -9342 3686 -9772 -2244 -9971 6892 3864 -10002 2577 3628 -9975 -2810 -9797 -9891 -9999 -3330 -9962 7246 -6316 -9962 -1849 -9000 -1406 -9996 -5304 -7216 -10031 1332 -10024 1911 -6750 -9976 -9900 -9375 -9987 8180 -1489 -8812 1804 -9828 774 -9966 4133 -9845 -2640 -8399 -8099 -10041 -4816 -1636 1524 -9776 2152 8002 -10028 -8793 5451 426 -10023 -6664 -9574 -3475 -9919 7497 -9037 -2192 8927 -10057 -6507 -2506 -10057 7435 4167 -9807 -4487 -9270 6297 1998 1539 -10011 2372 1084 -9835 -3508 1407 -9378 -1371 -9766 -9459 -9448 2881 3370 2038 -9933 -810 1896 -10008 8602 -6503 4459 -9925 -9416 -9394 -10000 -10043 7651 -10015 3410 -5587 -8372 -9803 -6894 -9764 282 -3877 8989 -10004 -1638 6949 -5976 7965 -9847 5889 -3504 -9924 -4496 -2079 -9775 7335 
-673 -9695 1254 -6738 -10018 2134 -9967 -658 -10014 -1636 -415 -9669 5450 -10029 8883 6766 -2773 -10054 -5240 -9295 -5561 -10030 296 -9603 -10023 7500 4163 -9601 2683 -9209 1989 -9981 -8518 4836 -9677 2059 1262 -5180 -9837 -8973 -10044 736 -9981 255 -10010 3627 -9820 6567 7710 -2761 -9651 -3598 2603 -9938 -1 -9363 8422 8643 -9919 9333 9972 -10032 -187 -8462 8126 6746 -9702 3806 -4105 -9343 4854 -9773 8254 -9972 5388 6929 -10003 6297 3098 -9976 -7822 967 -8787 -10000 1081 -9963 -69 -6443 -9963 -4622 -9001 -113 -9997 8844 -9697 -10032 8934 -10025 -7278 -7290 -9977 -8352 9909 -9988 -4732 -3645 -8813 135 -9829 1312 -9967 -6933 -9846 6222 -8400 6686 -10042 6703 8334 3125 -9777 -1855 -8380 -10029 -6053 1446 -8844 -10024 -3857 -9575 -5474 -9920 9694 -9038 2348 -508 -10058 -4032 -9862 -10058 9837 6978 -9808 -3815 -9271 -6379 9267 634 -10012 -1137 3301 -9836 -8961 -5437 -9379 8073 -9767 7797 -8315 109 349 6321 -9934 2505 4326 -10009 3530 -6504 9584 -9926 9040 -2387 3639 -10044 6619 -10016 4895 5647 -942 -9804 4341 -9765 -1172 -4883 -6538 -10005 626 -9121 -5977 1325 -9848 3749 -2573 -9925 -931 -3886 -9776 407 
-4113 -9696 5053 -5178 -10019 -2341 -9968 8656 -10015 4379 1647 -9670 -7493 -10030 -4511 2658 9163 -10055 -9081 -9296 8030 -10031 -8656 3928 -10024 -5660 6448 -9602 -8424 -9210 -1395 -9982 -6744 6055 -9678 4969 9990 1932 -9838 -8726 -10045 5909 -9982 -6394 -10011 -7562 -9821 3654 703 9152 -9652 -5102 -7840 -9939 3455 -9364 -1473 6127 -9920 5480 -4539 -10033 -7103 -8463 8337 941 -9703 -1063 -4220 -9344 2330 -9774 5458 -9973 -5693 1753 -10004 -4651 9117 -9977 -8836 440 -70 -10001 4892 -9964 -6083 -1181 -9964 6359 -9002 5723 -9998 -2678 -8329 -10033 3467 -10026 5748 -6742 -9978 -7935 2640 -9989 560 4281 -8814 7436 -9830 4143 -9968 -8402 -9847 4196 -8401 2387 -10043 7745 4113 4175 -9778 -2168 -3288 -10030 3923 9582 -7007 -10025 4362 -9576 4286 -9921 -2493 -9039 -909 8717 -10059 -4091 914 -10059 2965 -8691 -9809 -4421 -9272 -6129 -6728 -2714 -10013 -4099 -4172 -9837 1886 7769 -9380 5667 -9768 -1845 937 2502 8587 4971 -9935 -3056 6070 -10010 8834 -6505 -8761 -9927 2118 -7034 1889 -10045 -8180 -10017 6990 -5989 6135 -9805 -7971 -9766 -9927 -5173 6717 -10006 -1709 -9122 -4957 2914 -9849 -3317 -9619 -9926 2281 -4693 -9777 -4527 
6706 -9697 -4948 -8743 -10020 -8200 -9969 3086 -10016 4806 8763 -9671 -9987 -10031 -8092 8087 9219 -10056 3455 -9297 7307 -10032 -6868 -7594 -10025 3420 -8509 -9603 -3698 -9211 9894 -9983 3402 -4877 -9679 3182 -8517 -1721 -9839 -7349 -10046 -2142 -9983 -4283 -10012 3928 -9822 -5956 -9436 -1389 -9653 -7399 -3539 -9940 -7450 -9365 -6947 -8279 -9921 5126 -7785 -10034 -2595 -8464 5164 7785 -9704 3865 5158 -9345 -2882 -9775 -6573 -9974 -5554 667 -10005 -1422 -6327 -9978 5634 -9848 -8295 -10002 -16 -9965 6932 -6921 -9965 -1259 -9003 5376 -9999 2964 -9977 -10034 -7405 -10027 -1628 1298 -9979 -3859 1444 -9990 839 1120 -8815 4141 -9831 6328 -9969 6534 -9848 -3843 -8402 -46 -10044 -2014 -3148 9218 -9779 2297 4977 -10031 8986 -7696 -7791 -10026 -2724 -9577 -7668 -9922 1595 -9040 8702 -2501 -10060 -2962 -2659 -10060 9145 -8688 -9810 -2821 -9273 -2814 -6729 -5888 -10014 2425 -2830 -9838 -3153 7548 -9381 3285 -9769 -2337 3464 686 3358 5701 -9936 -4253 4552 -10011 -6886 -9549 -9882 -9928 -8240 -7035 9551 -10046 9700 -10018 -2202 -5990 -4890 -9806 -6587 5453 -9928 -2054 3272 -10007 -5952 -9123 4371 -2051 -9850 7450 -8235 -9927 -2961 -5919 -9778 2103 
2804 -9698 -3638 305 -10021 1182 -9970 -6609 -10017 -6760 2958 6034 -9827 -10032 -5211 9256 7042 -10057 -2717 -9298 -2879 -10033 -854 2398 -10026 -3621 -7506 -9604 -7362 -9212 -8907 -9984 -9761 -1750 -9680 -7780 -8518 -5827 -9840 -3259 -10047 -5482 -9984 1261 -10013 1150 -9823 -1384 -9437 4344 -9654 333 -8326 -9941 8223 -9366 -1137 -6402 -9922 -3208 -4672 -10035 2944 -8465 -2274 -4559 -9705 -7895 2573 -9346 9300 -9776 -1568 -9975 -2689 1505 -10006 5375 -5294 -9979 -7778 -9849 5063 -10003 -5492 -9966 7089 7723 -9966 -198 -9004 8239 -10000 -2244 -9365 -10035 -9171 -10028 -9867 1013 -9980 1826 9621 -9991 6550 -3026 -8816 7813 -9832 4051 -9970 494 -9849 169 -8403 3764 -10045 -9169 -8585 2779 -9780 1984 7051 -10032 530 7474 7719 -10027 3856 -9578 -9577 -9923 9790 -9041 -6007 -1131 -10061 -3135 1729 -10061 7826 7194 -9811 5310 -9274 -3962 -6730 3486 -10015 4917 -9133 -9839 -3933 9177 -9382 1466 -9770 925 7359 -4256 -8305 -4255 -9937 1071 9057 -10012 3136 9064 9983 -9929 2047 -9495 -3118 -10047 -2121 -10019 -4124 -5991 8629 -9807 4542 -6489 -9929 8465 -5905 -10008 9490 -9124 7521 -109 -9851 -126 6351 -9928 6501 9664 -9779 -4380 
5372 -9699 4186 7308 -10022 -5987 -9971 1641 -10018 5179 -6732 -3822 -5223 -10033 -1343 7984 260 -10058 1355 -9299 8280 -10034 4818 7487 -10027 1847 3664 -9605 8626 -9213 2612 -9985 -9271 9570 -9681 -7748 -8519 8939 -9841 4662 -10048 -1999 -9985 5716 -10014 9927 -9824 -3945 -9438 -329 -9655 -2929 6354 -9942 8606 -9367 1383 7689 -9923 1168 5531 -10036 -2288 -8466 5305 7095 -9706 -9429 -5771 -9347 -1705 -9777 -6354 -9976 -5734 -9784 -10007 -6732 7144 -9980 4541 -9850 -8113 -10004 -9169 -9967 5943 7632 -9967 -3871 -9005 -7052 -10001 -4315 -5516 -10036 -6253 -10029 -6674 549 -9981 8338 5940 -9992 9443 -9124 -8817 -8118 -9833 9151 -9971 7677 -9850 8570 -8404 -7991 -10046 -1886 175 5739 -9781 4233 -8357 -10033 4010 4383 4451 -10028 -2732 -9579 8464 -9924 -1155 -9042 -2967 8709 -10062 -8954 2312 -10062 2536 3646 -9812 -2996 -9275 -3568 -6731 -4177 -10016 5032 -4865 -9840 -4039 9752 -9383 1474 -9771 4341 -489 -8141 -8306 -7320 -9938 4577 -6764 -10013 -7592 -2418 3096 -9930 -2015 -9496 -664 -10048 -2163 -10020 -3768 -5992 4065 -9808 7925 3475 -9930 1230 -3222 -10009 -9768 -9125 2915 8557 -9852 -9479 -8485 -9929 -6888 5870 -9780 8970 
6732 -9700 -8370 -8358 -10023 -92 -9972 -7863 -10019 3353 -6733 7064 -53 -10034 3540 -9389 6742 -10059 8077 -9300 -2141 -10035 9219 -7989 -10028 8586 -9726 -9606 -4968 -9214 -4894 -9986 -6169 -8444 -9682 -6981 -8520 -9535 -9842 6540 -10049 -8030 -9986 1222 -10015 -5951 -9825 -4220 -9439 -4937 -9656 -2922 -9338 -9943 2774 -9368 -8409 939 -9924 6052 4986 -10037 4012 -8467 4172 -8376 -9707 6837 -6978 -9348 -229 -9778 5115 -9977 4417 -5963 -10008 7589 -5280 -9981 -607 -9851 -3394 -10005 4880 -9968 3246 3257 -9968 2118 -9006 5044 -10002 -926 8802 -10037 3860 -10030 3840 -3502 -9982 -5170 8098 -9993 -9994 -9125 -6694 -6328 -9834 610 -9972 -8592 -9851 9690 -8405 7046 -10047 7360 5973 5748 -9782 -2702 -9165 -10034 -6450 9943 -8364 -10029 -7126 -9580 6590 -9925 -7886 -9043 7550 3457 -10063 9907 -4563 -10063 -8039 -2119 -9813 8758 -9276 4429 -6732 -8399 -10017 119 -9016 -9841 3625 4613 -9384 -9247 -9772 2615 -6300 3881 -8307 8619 -9939 1670 4541 -10014 -2249 2147 6259 -9931 -1623 -9497 3964 -10049 9935 -10021 -6857 -5993 -9785 -9809 -9325 -8470 -9931 3621 9188 -10010 3696 464 -7551 5842 -9853 3797 5861 -9930 -2915 -9535 -9781 -1732 
4316 -9701 -9856 -9775 -10024 4723 -9973 -3848 -10020 387 -6734 -2915 -82 -10035 -5339 -9390 2444 -10060 -7123 -9301 1147 -10036 4522 -9683 -10029 465 -9727 3991 3249 -9215 -6514 -9987 3726 -3517 -9683 4134 538 -9473 -9843 -7181 -10050 6496 -9987 8417 -10016 8430 -9826 8569 -9440 1829 -9657 -498 -2403 -9944 1626 -9369 -2784 -4941 -9925 6801 -9299 -10038 -4102 -8468 2527 -8431 -9708 9899 -9058 -9349 7957 -9779 4424 -9978 -3692 9955 -10009 -3478 9994 -9982 -3022 -9852 -3830 -10006 3272 -9969 -8078 -5419 -9969 -7768 -9007 -9890 -10003 5024 3322 -10038 285 -10031 -4506 -1174 -9983 -1032 7839 -8279 -9995 5314 729 -9781 -9835 6402 -9973 1038 -9852 -6771 -8406 -6790 -10048 -1473 2807 -9328 -9783 3560 -2693 -10035 1968 -8167 -2072 -10030 6176 -9581 6719 -9926 -3891 -9044 -8363 266 -10064 -1926 1262 -10064 1812 8157 -9814 6485 -9277 -4346 2189 6824 -10018 3388 9333 -9842 1140 -829 -9385 9080 -9773 -4530 -6301 2634 -8308 -284 -9940 2624 -6038 -10015 4934 2134 5922 -9932 5305 -9498 -1251 -10050 5030 -10022 -336 2905 -2305 -9810 1395 5841 -9932 -1558 -9207 -10011 -2981 -7892 -7552 -6371 -9854 -2301 4492 -9931 6440 -241 -9782 3201 
-4659 -7385 -9857 -5734 -10025 -8754 -9974 9946 -10021 2039 -6735 -6142 8658 -10036 4715 -9391 -1712 -10061 -4184 -9302 -2035 -10037 -4694 252 -10030 650 -9728 -6667 3635 -9216 -2384 -9988 6529 3726 -9684 8118 118 872 -9844 -7071 -10051 3923 -9988 -6744 -10017 6076 -9827 -1630 -9441 -7149 -9658 -3593 -4685 -9945 3178 -9370 3974 1956 -9926 3550 -3988 -10039 -3791 -8469 -675 -2704 -9709 -7818 3057 -9350 -3361 -9780 -1210 -9979 -6531 2086 -10010 8134 -8234 -9983 -8014 -9853 3258 -10007 6727 -9970 -9957 9375 -9970 -516 2371 -8148 -10004 4973 7535 -10039 7735 -10032 -5349 -1213 -9984 -2250 -962 -1114 -9996 -5166 3846 8533 -9836 9658 -9974 -6901 -9853 -2282 -8407 -5173 -10049 601 2578 8489 -9784 -9150 -2784 -10036 8594 -8168 -3659 -10031 -7148 -9582 -6127 -9927 -1821 -9045 -2277 -383 -10065 5853 3515 -10065 -3336 9146 -9815 -4556 -9278 4206 3396 1109 -10019 8641 8314 -9843 8492 4537 -9386 364 -9774 -2310 -6302 3125 -8309 2700 -9941 821 4277 -10016 4383 -8541 -6548 -9933 -2046 -9499 -8584 -10051 -3481 -10023 7229 2437 1143 -9811 9572 -2541 -9933 -3967 8103 -10012 3806 -7893 -828 284 -9855 875 -4554 -9932 3182 1618 -9783 8365 
-4630 9586 -9858 -9005 -10026 9965 -9975 2003 -10022 -4777 -6736 1326 -7959 -10037 -5557 -9392 -3311 -10062 2452 -9303 -8505 -10038 -8770 -7238 -10031 1947 -9729 3363 8921 -9217 1932 -9989 -8475 2337 -9685 8673 -950 3662 -9845 5499 -10052 7131 -9989 -1722 -10018 8119 -9828 4177 -9442 -8480 -9659 9806 5859 -9946 -2353 -9371 -7219 5519 -9927 888 1110 -10040 3909 -8470 -9180 1186 -9710 -3087 -5461 -9351 3847 -9781 -2765 -9980 -1994 -6498 -10011 -2804 9302 -9984 7259 -9854 -7105 -10008 2874 -9971 8695 7776 -9971 -1745 -6562 3695 -10005 7019 -6692 -10040 7513 -10033 -9131 5811 -9985 -4060 9962 -2903 -9997 -7237 354 2890 -9837 65 -9975 -4905 -9854 5417 -8408 -1381 -10050 -857 -8719 -3688 -9785 35 5219 -10037 -4155 -8169 395 -10032 7346 -9583 2255 -9928 1486 -9046 4642 6068 -10066 -7649 1650 -10066 6328 -4319 -9816 -2684 -9279 -4018 2869 -283 -10020 9080 -4684 -9844 8944 -954 -9387 5941 -9775 7018 -6303 -1942 -8310 1598 -9942 -608 3366 -10017 -6613 -8542 2394 -9934 -248 -9500 1134 -10052 9216 -10024 8703 633 7032 -9812 6259 -4224 -9934 6689 3958 -10013 1188 -7894 2633 -8463 -9856 -3363 -5944 -9933 5991 8900 -9784 1999 
2810 -7519 -9859 -5519 -10027 -3425 -9976 -698 -10023 4509 -6737 6046 5321 -10038 -7531 -9393 -9089 -10063 -6549 -9304 2154 -10039 6248 2749 -10032 8855 -9730 5130 2181 -9218 3033 -9990 -659 -1832 -9686 1474 -8502 -6925 -9846 9356 -10053 -4197 -9990 2371 -10019 3159 -9829 -8953 -9443 3432 -9660 6970 -3726 -9947 -4611 -9372 -3165 8201 -9928 7259 383 -10041 -7066 -116 -9181 6478 -9711 -2666 -8856 -9352 -895 -9782 5153 -9981 1408 1848 -10012 3723 -9512 -9985 -9381 -9855 -9172 -10009 -9236 -9972 7980 -5576 -9972 3477 -6563 -1533 -10006 -3551 -3496 -10041 3135 -10034 -5164 -8317 -9986 -5509 -4650 -7305 -9998 -9245 -4423 8438 -9838 6713 -9976 -4281 -9855 2330 -8409 -3021 -10051 8618 -8720 7644 -9786 7794 5452 -10038 -8256 -8170 -6831 -10033 881 -9584 -4666 -9929 9122 -9047 -6637 4015 -10067 -4321 2202 -10067 5930 -3923 -9817 6435 -9280 -7015 9086 -4915 -10021 -6 6938 -9845 -6845 439 -9388 -3800 -9776 6252 -6304 794 -8311 8377 -9943 9630 304 -10018 -2352 -8543 -1873 -9935 7897 -9501 -2324 -10053 1186 -10025 -9778 -7849 2780 -9813 4377 8451 -9935 -7319 4474 -10014 4600 -7895 -3189 -4483 -9857 -5633 -4873 -9934 1364 5984 -9785 1590 
5792 -9652 -9860 3781 -10028 2227 -9977 3123 -10024 5730 -6738 6773 -1566 -10039 -4920 -9394 -5086 -10064 5150 -9305 7486 -10040 6464 -8985 -10033 3847 -9731 5799 7043 -9219 4477 -9991 -7104 6278 -9687 7035 -8503 -8748 -9847 -926 -10054 -1692 -9991 2149 -10020 5888 -9830 -7717 -9444 -2278 -9661 -7504 -1638 -9948 -2845 -9373 -5844 -2941 -9929 6685 5401 -10042 3836 -6388 -9182 9945 -9712 -9779 -2864 -9353 -6927 -9783 2257 -9982 252 -8954 -10013 8151 -3849 -9986 8412 -9856 333 -10010 9338 -9973 -5366 2213 -9973 -850 -6564 -3081 -10007 -9958 -9197 -10042 -5707 -10035 1287 2718 -9987 1848 -2275 1710 -9999 4262 8756 9348 -9839 9818 -9977 -5911 -9856 4503 -8410 8462 -10052 -8076 -8721 -5639 -9787 7663 -3667 -10039 -9256 -2017 4631 -10034 -9940 -9585 2541 -9930 -6668 -9048 -32 7714 -10068 -1579 -5442 -10068 -5918 -4286 -9818 2802 -9281 5010 3596 5856 -10022 -2365 9390 -9846 8217 6824 -9389 4970 -9777 2344 -6305 -5469 -8312 -4056 -9944 -5753 4842 -10019 -7081 -8544 -536 -9936 -3134 -9502 -7350 -10054 -8943 -10026 -2225 5524 7100 -9814 -9747 6142 -9936 4936 422 -10015 -3152 -7896 8149 310 -9858 9673 -5550 -9935 -5944 3526 -9786 8743 
2392 -9022 -9861 -3427 -10029 5790 -9978 5440 -10025 -3041 -6739 9614 4428 -10040 -4920 -9395 4988 -10065 -110 -9306 2737 -10041 -5318 -3943 -10034 9234 -9732 -6885 8019 -9220 7296 -9992 -7652 -1972 -9688 3483 -5251 5960 -9848 -4877 -10055 9947 -9992 -3377 -10021 -1186 -9831 3458 -9445 8503 -9662 -9160 -6320 -9949 7434 -9374 9663 6715 -9930 93 3981 -10043 4056 3225 -9183 -4514 -3951 -9780 -2053 -9354 398 -9784 -2089 -9983 7992 7856 -10014 5193 -1184 -9987 9578 -9857 -5065 -10011 2598 -9974 -7424 3521 -9974 -3040 -6565 -5015 -10008 9688 7025 -10043 -9746 -10036 5006 -1705 -9988 3668 -2632 -6482 -10000 1347 -6482 6483 -9840 -9100 -9978 3417 -9857 8059 -8411 1288 -10053 -2900 -8722 1590 -9788 374 -626 -10040 8205 7422 -4032 -10035 -2432 -163 6802 -9931 -1759 -9049 3377 -9388 -10069 -7041 -9442 -10069 -3502 4638 -9819 -8865 -9282 -4865 310 4936 -10023 4803 2953 -9847 -1370 4261 -9390 -1080 -9778 2359 -6306 -1680 -8313 6544 -9945 372 3299 -10020 1412 -8545 9069 -9937 -5704 -9503 -6524 -10055 2043 -10027 -7335 6058 -8706 -9815 4207 -6132 -9937 -5372 -6820 -10016 7154 -7897 9756 1321 -9859 8973 6713 -9936 3805 -1336 -9787 2154 
-3989 5517 -9862 8585 -10030 -1161 -9979 1626 -10026 7045 -6740 5467 -3364 -10041 -4613 -9396 -3728 -10066 -2429 -9307 -807 -10042 -4353 -4680 -10035 -2897 -9733 6776 4543 -9221 2625 -9993 7901 5757 -9689 7898 6517 9875 -9849 6764 -10056 -8394 -9993 8698 -10022 -8240 -9832 4249 -9446 5923 -9663 -7531 362 -9950 -4767 -9375 7500 8284 -9931 1761 7417 -10044 -8353 -2942 -9184 -5063 3654 -9781 -5633 -9355 2643 -9785 -9482 -9984 -6269 821 -10015 2733 -1989 -9988 -4275 -9858 9412 -10012 4806 -9975 -8842 -8786 -9975 3102 -6566 3887 -10009 1888 7620 -10044 -5291 -10037 -5473 3925 -9989 464 -5562 6814 -10001 790 -6483 -2754 -9841 -1590 -9979 -7240 -9858 -3319 -8412 7973 -10054 7208 -8723 5896 -9789 -4550 -1889 -10041 8906 365 8894 -10036 50 8051 9530 -9932 7955 -9050 -5002 3735 -10070 2822 3983 -10070 -185 -1955 -9820 -2553 -9283 -4323 2585 -1950 -10024 2482 4455 -9848 -3129 -2889 -9391 -610 -9779 -2628 -6307 6923 -8314 -7091 -9946 -6587 755 -10021 -6759 -8546 -8003 -9938 -5897 -9504 -1017 -10056 -5506 -10028 -888 3561 8839 -9816 6688 6501 -9938 6275 3363 -10017 -5004 -7898 3237 -5215 -9860 9427 4672 -9937 -5947 -9746 -9788 9998 
-2584 -7673 -9863 -3320 -10031 -2186 -9980 9907 -10027 632 -6741 7207 5424 -10042 8031 -9397 -8726 -10067 -1363 -9308 2090 -10043 5948 5513 -10036 -3653 -9734 6320 6963 -9222 -7527 -9994 -5408 6663 -9690 -1809 -4579 -519 -9850 901 -10057 -161 -9994 8111 -10023 5134 -9833 -820 -9447 2069 -9664 -67 8422 -9951 -596 -9376 -67 -5700 -9932 -333 -867 -10045 3371 -1916 -9185 1696 -6423 -9782 -8082 -9356 7441 -9786 6104 -9985 -1611 -5075 -10016 -8640 1345 -9989 -2673 -9859 5684 -10013 -179 -9976 8236 9614 -9976 -584 -6567 47 -10010 -4237 604 -10045 6265 -10038 -5342 -4034 -9990 -8573 -5563 -5816 -10002 8291 -6484 6625 -9842 9215 -9980 2206 -9859 -7295 -8413 -6416 -10055 2357 -8724 5248 -9790 -9466 -7426 -10042 3043 -4937 -3878 -10037 -8648 1712 5850 -9933 2306 -9051 -7019 1487 -10071 -451 2346 -10071 -86 -8618 -9821 2386 -9284 -4562 6618 6153 -10025 1572 -6794 -9849 6133 -462 -9392 5574 -9780 -8763 -6308 7401 -8315 -1370 -9947 8146 -9566 -10022 1437 -8547 8549 -9939 -6684 -9505 5631 -10057 -2652 -10029 -2537 1596 9009 -9817 2014 -7981 -9939 7892 916 -10018 3192 -7899 9300 -1626 -9861 -2376 4320 -9938 -6745 -7363 -9789 -2089 
2540 8218 -9864 -7099 -10032 -686 -9981 2505 -10028 -6448 -6742 -4484 -3729 -10043 3680 -9398 -6779 -10068 3928 -9309 4566 -10044 -9660 6235 -10037 -612 -9735 -9494 5827 -9223 9887 -9995 -8976 -2376 -9691 -9507 -6597 -9751 -9851 5918 -10058 -1927 -9995 -1265 -10024 -4056 -9834 -1031 -9448 9903 -9665 9847 -2154 -9952 -4115 -9377 -2632 -713 -9933 3823 -6503 -10046 -9910 -618 -9186 -463 8019 -9783 -8909 -9357 -6084 -9787 -3141 -9986 -3623 -7467 -10017 -3029 5855 -9990 8146 -9860 7711 -10014 -7229 -9977 171 6865 -9977 -2177 -6568 3213 -10011 9008 -7952 -10046 5128 -10039 6114 -1350 -9991 -934 -5888 8253 -10003 -4878 -6485 -3 -9843 -2765 -9981 -971 -9860 -7549 -8414 -1758 -10056 -5950 -8725 1414 -9791 -8331 -6082 -10043 -7635 -7186 9492 -10038 1924 9391 -1185 -9934 -8949 -9052 3761 -4739 -10072 3082 1661 -10072 -8514 6523 -9822 -3181 -9285 566 1310 1084 -10026 -2368 -8370 -9850 -2030 4603 -9393 -6401 -9781 -646 7830 -1686 -8316 8230 -9948 2057 -8757 -10023 -1504 -8548 -617 -9940 -5124 -9506 491 -10058 5632 -10030 -3706 -2496 470 -9818 -2072 -3964 -9940 -6216 -6099 -10019 -6148 -7900 -5610 4152 -9862 9017 -4287 -9939 41 4752 -9790 7864 
1319 5654 -9865 -282 -10033 9761 -9982 -7474 -10029 9455 -6743 -57 -287 -10044 5527 -9399 9710 -10069 9917 -9310 3454 -10045 -5815 8609 -10038 7654 -9736 -4823 962 -9224 2090 -9996 9540 2171 -9692 -2436 5782 -3747 -9852 -3201 -10059 7630 -9996 3493 -10025 4983 -9835 3225 -9449 -8733 -9666 -9986 8595 -9953 2536 -9378 -7606 9177 -9934 -3081 -3335 -10047 -4983 2404 -9187 -3872 -8927 -9784 -3162 -9358 -2334 -9788 -47 -9987 4432 -4560 -10018 4783 -2944 -9991 3026 -9861 -5418 -10015 -5676 -9978 -9547 9983 -9978 256 -6569 8768 -10012 -2695 9806 -10047 -9733 -10040 -9502 9863 -9992 9526 -5889 565 -10004 -3529 -6486 -2713 -9844 -549 -9982 -2048 -9861 -3532 -8415 9138 -10057 7742 -8726 -9114 -9792 9451 910 -10044 -1632 2029 -4373 -10039 4562 8975 -8194 -9935 9427 -9053 -2899 59 -10073 -2213 666 -10073 7578 818 -9823 -4582 -9286 2944 -5948 8162 -10027 7582 3611 -9851 -5544 -1974 -9394 7350 -9782 6291 5084 -6122 -8317 8591 -9949 -375 2335 -10024 -9028 -8549 2558 -9941 2297 -9507 -9411 -10059 1387 -10031 -5182 -4381 -9250 -9819 -1127 -3028 -9941 119 -8424 -10020 -1201 -7901 -3293 -3216 -9863 -5292 -2206 -9940 2483 -7021 -9791 2241 
-214 -3404 -9866 7154 -10034 7172 -9983 -3995 -10030 -2243 -6744 -7892 -9431 -10045 -1187 -9400 -7007 -10070 2061 -9311 6430 -10046 6329 437 -10039 -2473 -9737 7216 -8074 -9225 -2011 -9997 -8372 894 -9693 1491 9451 -3781 -9853 -8362 -10060 -2112 -9997 1384 -10026 -7007 -9836 3109 -9450 -6874 5811 -9987 -1396 -9954 8389 -9379 -4458 2955 -9935 -2422 5293 -10048 3510 4879 -9188 2168 -6329 -9785 8794 -9359 -7884 -9789 9713 -9988 -9900 -2363 -10019 -9457 -4063 -9992 -2334 -9862 -3807 -10016 8920 -9979 5198 -3968 -9979 -8478 -6570 8295 -10013 559 -7060 -10048 9905 -10041 2114 5852 -9993 3971 -5890 7836 -10005 7864 -6487 -242 -9845 -1615 -9983 443 -9862 1376 -8416 3812 -10058 7146 9816 -2064 -9793 -4161 -7528 -10045 3301 6746 -3740 -10040 1688 7431 4144 -9936 -4276 -9054 9922 6485 -10074 1563 4836 -10074 377 -2266 -9824 804 -9287 -4112 -5949 2425 -10028 -6551 2803 -9852 9002 3416 -9395 -6472 -9783 8435 -3302 6683 -8318 3390 -9950 -7975 -5320 -10025 5232 -6231 8550 -9942 1864 -9508 -269 -10060 -3806 -10032 5307 9189 -1251 -9820 1093 7069 -9942 -518 -9236 -10021 -4021 -7902 6283 867 -9864 1943 -9975 -9941 5359 -6675 -9792 -1505 
-3548 2401 -9867 -143 -10035 8778 -9984 8302 -10031 2378 388 -7978 -8497 -10046 648 -9401 1990 -10071 1168 -9312 -7237 -10047 -5479 8854 -10040 -5598 -9738 8303 9520 -9226 8760 -9998 -7912 6842 -9694 3392 -6638 -8844 -9854 -3627 -10061 -679 -9998 635 -10027 -8670 -9837 6 -9451 4214 7117 -9988 9173 -9955 -8682 -9380 8936 5046 -9936 -751 -4250 -10049 -3082 -5883 -9189 6641 1258 -9786 -1395 -9360 5657 -9790 8032 -9989 3132 1020 -10020 9245 -3214 -9993 -70 -9863 -4500 -10017 5508 -9980 6256 5045 -9980 -7913 8788 -3260 -10014 -6000 -3865 -10049 -1173 -10042 -2543 94 -9994 6740 -5891 -638 -10006 -8249 -6488 2687 -9846 -2562 -9984 -4404 -9863 -7646 -8417 8996 -10059 3183 -9155 4580 -9794 6068 -3551 -10046 -2224 2901 478 -10041 -7405 6559 491 -9937 -7768 -9055 8892 534 -10075 -6999 2952 -10075 7598 -2047 -9825 -9303 -9288 -3942 -5950 3178 -10029 -181 7679 -9853 -918 3104 -9396 -5788 -9784 -7155 -8301 -3610 -8319 -8444 -9951 -7837 5176 -10026 9112 7324 -9910 -9943 -7762 -9509 -6077 -10061 4505 -10033 9389 -2058 -3754 -9821 7972 3664 -9943 8174 4767 -10022 5810 -7903 -8860 -852 -9865 -2313 -9976 -5881 -8027 5307 -9793 -691 
3144 308 -9868 -269 -10036 7987 -9985 7755 -10032 7954 1917 5608 -6774 -10047 9612 -9402 9681 -10072 3917 -9313 -3113 -10048 -6106 4645 -10041 -4235 -9739 -9057 555 -9227 -3922 -9999 -1215 -8602 -9695 1624 -1130 4052 -9855 -2542 -10062 -2237 -9999 -885 -10028 -8091 -9838 -6498 -9452 -3646 7309 -9989 2842 -9956 8553 -9381 5136 9998 -9937 4061 515 -10050 6989 -8718 -9190 -7447 -6132 -9787 7056 -9361 -9643 -9791 436 -9990 -624 -6600 -10021 5814 5778 -9994 1582 -9864 3014 -10018 818 -9981 -4646 -7402 -9981 -437 -9262 -6923 -10015 -5822 -7858 -10050 1765 -10043 -8271 1142 -9995 6068 -5892 -342 -10007 7125 -4648 -5879 -9847 6116 -9985 7954 -9864 -8290 -8418 9786 -10060 -6662 -9156 6133 -9795 -7744 -5004 -10047 7430 -3608 3152 -10042 -4038 4815 3843 -9938 5017 -9056 1390 -8271 -10076 347 -8733 -10076 -1232 4692 -9826 5189 -4549 -8305 -5951 3000 -10030 -9601 9786 -9854 6938 8436 -9397 -5130 -9785 2711 -8302 -6604 2954 -7973 -9952 8918 -5719 -10027 -5478 -2066 -2035 -9944 -6863 -9510 7532 -10062 7278 -10034 -2328 -4735 5018 -9822 2851 1171 -9944 7743 264 -10023 1624 5997 -8861 9806 -9866 -9210 -9977 6260 -8028 -1016 -9794 -3358 
-3084 -6758 -9869 -5345 -10037 875 -9986 77 -10033 3256 204 9022 -8836 -10048 -6480 -9403 9328 -10073 4154 -9314 3321 -10049 6212 -6335 -10042 4514 -9740 2459 -4924 -9228 -9684 -10000 -195 -908 -9696 -5536 4847 -2409 -9856 -5978 -10063 -5433 -10000 6376 -10029 9214 -9839 2318 -9453 -3977 6256 -9990 -5263 -9957 9075 -9382 -9656 -1425 -9938 -8535 -2334 -10051 3004 -2672 -9191 8278 2777 -9788 -4170 -6213 937 -9792 -7539 -9991 1147 -3870 -10022 -9870 7845 -9995 3220 -9865 -6395 -10019 1092 -9982 6927 -9046 -9982 -2426 -9263 7201 -10016 7227 -767 -10051 -1767 -10044 -5384 4112 -9996 7291 -5893 -5102 -10008 -993 -3358 8117 -9848 -6056 -9986 5828 -9865 3021 -8419 298 -10061 -2109 -9157 8143 -9796 2733 2606 -10048 5566 -6070 6316 -10043 7354 -9394 -4083 -9939 7457 -9057 -415 1532 -10077 8000 -5328 -10077 6766 1802 -9827 8743 -7115 -8306 5689 -7494 -10031 4933 -9465 -9855 -1986 -8123 -9398 -9597 -9786 5109 -8303 9980 2027 -5904 -9953 -82 -3037 -10028 1578 6491 6360 -9945 -2254 -9511 -7206 -10063 -7105 -10035 -6552 -7599 -9531 -9823 5827 6733 -9945 -3007 3741 -10024 -6075 6707 -8862 -9819 -9867 -2719 -9978 -7166 -8029 -5291 -9795 -3490 
3022 -8004 -9870 -8768 -10038 -1424 -9987 4440 -10034 5669 -7890 -1834 8822 -10049 2155 -9404 9358 -10074 -6297 -9315 1750 -10050 -7689 -5791 -10043 -3981 -9741 5288 7986 6565 8730 -10001 1838 -9903 -9697 9928 1223 6621 -9857 -6319 -10064 -1037 -10001 2909 -10030 2142 -9840 -3716 -9454 -993 -5254 -9991 -3135 -9958 -5659 -191 -9657 -2521 -9939 5031 -2859 -10052 8448 2531 -9192 4904 3847 -9789 -542 3037 8572 -9793 -993 -9992 -5673 -1106 -10023 6277 440 -9996 -4461 -9866 -5849 -10020 -6482 -9983 -4348 -2307 -9983 2250 -9264 1360 -10017 3647 1141 -10052 1234 -10045 -5518 -190 -9997 -7763 -5894 8936 -10009 -8264 -6098 9411 -9849 5322 -9987 -2637 -9866 4078 -8420 1016 -10062 -8216 -9158 9927 -9797 7076 -2782 -10049 2206 -6071 -9616 -10044 -9732 -9395 9652 -9940 9409 -9058 7369 9906 -10078 1228 2585 -10078 9047 -6559 -9828 -9526 5840 -8307 1044 7500 -10032 -6288 6490 -9856 5556 5911 -2829 5131 -9787 -8591 -8304 2021 3149 6027 -9954 -6018 -544 -10029 7080 2563 3637 -9946 2078 -9512 9061 -10064 7968 -10036 -2993 -8183 4224 -9824 8746 5053 -9946 -5156 -1501 -10025 7812 9022 -5685 4177 -9868 8176 -9979 -7912 -8030 1654 -9796 -2251 
3932 -8886 -9871 816 -10039 -8386 -9988 8274 -10035 9596 -7891 -6502 9462 -10050 8463 -9405 915 -10075 -9504 -9316 6159 -10051 5407 -631 -10044 -7969 -9742 -8508 -7925 -8721 2693 -10002 -9026 -9904 -7409 8676 -3823 7589 -9858 -6186 -10065 -5687 -10002 -9364 -10031 4992 -9841 4764 -9455 8133 -3495 -9992 -3735 -9959 5482 4947 -9658 -2459 -9940 2979 -7667 -10053 -8998 6934 -9193 2939 4972 -9790 -1494 -4556 -1936 -9794 -8069 -9993 9375 -8689 -10024 -6935 4543 -9997 9708 -9867 -9450 -10021 9553 -9984 -7749 1697 -9984 1413 -9265 -9107 -10018 -6009 -4349 -10053 -40 -10046 3564 -7410 -9998 -4024 7400 -5616 -10010 -6859 4539 -7754 -9850 -74 -9988 8380 -9867 5990 -8421 -2738 -10063 -6024 -9159 7608 -9798 -2837 -2709 -10050 2209 -4369 6387 -10045 -1017 9449 9545 -9941 8195 -9059 -7236 3479 -10079 -3173 8952 -10079 6635 -9688 -9829 2156 5576 -8308 315 -4860 -10033 -5587 37 -9857 -8119 8604 -4968 5096 -9788 4743 -4596 -1148 5360 7990 -9955 9455 -313 -10030 -3232 -4567 6148 -9947 3780 -9513 -5231 -10065 -6667 -10037 -8408 -8184 -6775 -9825 4498 4415 -9947 4036 2491 -10026 -7592 928 9753 8724 -9869 -2037 -9980 4674 -8031 9273 -9797 8825 
1844 -3338 -9872 -8747 -10040 -527 -9989 -8731 -10036 8480 -7892 -8828 -8 -10051 -5283 -9406 -4427 -10076 -5505 6154 -9472 -10052 704 8836 -10045 -741 -9743 -7255 1912 -8722 -5995 -10003 -7814 -9905 3510 6091 -6912 -6313 -9859 6251 -10066 -988 -10003 8909 -10032 1235 -9842 -9110 -9456 2892 -2596 -9993 -58 -9960 7980 3497 -9659 9889 -9941 -7429 -5797 -10054 996 2079 -9194 -6655 -2127 -9791 -2430 -5334 8133 -9795 541 -9994 8838 -5933 -10025 -5256 -3094 -9998 5561 -9868 4717 -10022 -4596 -9985 9763 -1525 -9985 4672 -9266 1481 -10019 5690 4461 -10054 6628 -10047 6631 -5952 -9999 9434 1256 -1347 -10011 -5709 7952 9932 -9851 7666 -9989 -5237 -9868 -5387 -8422 -9376 -10064 6489 -9160 -7982 -9799 -3897 428 -10051 -7871 -8904 3717 -10046 1613 5066 7438 -9942 -6185 -9060 -2397 -5429 -10080 3805 2656 -10080 -2636 -8452 -9830 3226 -7641 -8309 -7276 -9799 -10034 6923 9026 -9858 -3720 -700 -9022 -5397 -9789 -1887 -8907 -4603 -9576 -2257 -9956 -8388 3770 -10031 -7667 -9013 -8671 -9948 5044 -9514 -1880 -10066 2158 -10038 5350 9232 -4191 -9826 -2008 -6387 -9948 -2511 8316 -10027 -1116 -7030 3622 6090 -9870 7929 -9981 2720 -8032 6637 -9798 3656 
600 5203 -9873 -8635 -10041 -9299 -9990 7867 -10037 5151 -883 -8829 7032 -10052 5340 -9407 -6541 -10077 -4330 8094 9148 -10053 7574 8477 -10046 -6933 -9744 6984 -2779 -8723 -3655 -10004 760 -9906 1720 -9837 -6913 9014 -9860 4331 -10067 -1586 -10004 -3002 -10033 -831 -9843 -5626 -9457 4363 2546 -9994 5266 -9961 -9535 -1342 -9660 1588 -9942 6831 1513 -10055 2045 -7838 -9195 7519 -3685 -9792 4894 -5335 -7788 -9796 2505 -9995 4990 2035 -10026 1132 -7495 -9999 6031 -9869 7346 -10023 5576 -9986 2765 -3639 -9986 -357 -9267 -7359 -10020 4952 -7744 -10055 -2347 -10048 8624 -7787 -10000 -7829 3684 -3819 -10012 -26 -7834 4512 -9852 9253 -9990 -109 -9869 5804 9128 5794 -10065 9387 -9161 1422 -9800 7801 -2322 -10052 -5108 -8905 6276 -10047 3602 5841 -2328 -9943 7977 -9061 7319 3075 -10081 -4156 4743 -10081 49 6903 -9831 2059 -1986 -8310 -1205 -5013 -10035 3709 -4899 -9859 -7343 239 -9023 4351 -9790 3306 -8908 -2830 -9577 -2425 -9957 2182 4480 -10032 3968 -9014 -2127 -9949 -1197 -9515 -1104 -10067 -4606 -10039 -3651 3368 -6983 -9827 -4301 -6824 -9949 795 8001 -10028 1397 -7031 -4950 -4663 -9871 -1624 -9982 4084 -8033 -3182 -9799 -4965 
-3941 -5085 -9874 3295 -10042 -1099 -9991 -6485 -10038 -9376 3886 -8830 3750 -10053 7755 -9408 1841 -10078 6014 -1493 1860 -10054 8514 9334 -10047 -3347 -9745 4973 -5973 -8724 8884 -10005 6588 -9907 2891 -9838 609 -8960 -9861 -9198 -10068 2825 -10005 -3671 -10034 -1776 -9844 -3282 -9458 -9376 -2008 -9995 8477 -9962 4601 8978 -9661 -6253 -9943 920 -4840 -10056 3209 -3023 -9196 2571 6247 -9793 141 253 -5314 -9797 -714 -9996 -29 -5387 -10027 7582 -5019 -10000 8445 -9870 -3167 -10024 -1617 -9987 5061 -6054 -9987 2814 -9268 6640 -10021 -5420 9319 -10056 9423 -10049 8113 4346 -10001 -3293 526 6457 -10013 7063 -7835 -6302 -9853 -7459 -9991 6126 -9870 1247 -9209 -5276 -10066 3244 -9162 -7219 -9801 6252 736 -10053 -7402 -8906 1175 -10048 -1706 -785 -3203 -9944 368 -9062 -3411 -1538 -10082 -1603 4175 -10082 7232 8755 -9832 -8367 1031 -8311 6276 -4034 -10036 6957 -7963 -9860 -2119 8135 -9024 9096 -9791 5991 -8909 8909 -9578 437 -9958 9263 1721 -10033 -7648 -9015 -8355 -9950 7536 -9516 4968 -10068 9232 -10040 3881 9006 7437 -9828 -7328 6209 -9950 459 1878 -10029 152 -7032 -3765 1276 -9872 4879 -9983 4060 -8034 995 -9800 2409 
7987 219 -9875 -2542 -10043 -4509 -9992 6503 -10039 6626 4684 -8831 -1091 -10054 4463 -9409 3776 -10079 -3623 -5789 -5553 -10055 -1741 8572 -10048 2538 -9746 9167 -6363 -8725 8616 -10006 -1339 -9908 -5037 -9839 -2460 8432 -9862 -6884 -10069 -901 -10006 2103 -10035 9876 -9845 -182 -9459 9571 -6597 -9996 -1435 -9963 -2773 -589 -9662 -5888 -9944 9064 6268 -10057 434 2653 -9197 -1432 -8924 -9794 3103 4986 -3068 -9798 -883 -9997 5418 4691 -10028 -8522 3995 -10001 -8188 -9871 -1166 -10025 -3095 -9988 -7704 -2755 -9988 7799 -9269 -2895 -10022 -8734 -6017 -10057 -5793 -10050 4329 -4787 -10002 380 4236 1269 -10014 1569 -7836 7499 -9854 1632 -9992 -519 -9871 3579 -9210 -2335 -10067 -4484 -9163 -1338 -9802 2862 -8572 -10054 7658 -8907 -8604 -10049 -9547 5312 7513 -9945 -1449 -9063 5554 -4130 -10083 -4809 -9391 -10083 8881 6069 -9833 9626 5701 -8312 1308 1717 -10037 9830 2218 -9861 2335 -2704 -9025 6525 -9792 8288 -8910 1771 -9579 -5841 -9959 -7084 7069 -10034 -566 -9016 -6060 -9951 -6157 -9517 -1137 -10069 -1772 -10041 2535 -862 692 -9829 -6131 5801 -9951 -6015 -8476 -10030 7181 -7033 9717 1706 -9873 8720 -9984 -1419 -8035 2300 -9801 -4864 
-695 -6419 -9876 -6015 -10044 -8638 -9993 -590 -10040 6639 -1544 -8832 3456 -10055 -7952 -9410 -580 -10080 -9703 -5790 -2280 -10056 -6989 -3987 -10049 9739 -9747 -1909 4216 -8726 -7033 -10007 2315 -9909 -6274 -9840 7053 9480 -9863 -6116 -10070 9320 -10007 7074 -10036 -4089 -9846 5265 -9460 9750 -4637 -9997 9369 -9964 2116 7182 -9663 4083 -9945 7667 -5515 -10058 -6963 -3088 -9198 719 -3792 -9795 -9086 -9694 -7473 -9799 -5674 -9998 -9360 -2734 -10029 365 1866 -10002 -4960 -9872 8464 -10026 -6719 -9989 7191 -3259 -9989 9668 -9270 1888 -10023 -1663 9940 -10058 -6159 -10051 -9122 9533 -10003 -5112 -7473 7131 -10015 -4737 -7837 4101 -9855 4325 -9993 6599 -9872 -7775 -9211 -5196 -10068 6917 -9164 3174 -9803 -3904 -8107 -10055 6719 -8908 -5508 -10050 83 7399 3895 -9946 -2091 -9064 -7465 -5519 -10084 6777 -6488 -10084 -577 445 -9834 -5691 738 -8313 -5766 1351 -10038 -176 -7313 -9862 215 6003 -9026 5427 -9793 6335 -8911 2738 -9580 -1831 -9960 -1258 6435 -10035 3962 -9017 1380 -9952 -9296 -9518 4769 -10070 -4300 -10042 9467 -5954 -3754 -9830 2437 -6289 -9952 -5803 1195 -10031 8535 -7034 -6589 -3646 -9874 4508 -9985 -7103 -8036 -8385 -9802 -102 
4499 2032 -9877 5123 -10045 6582 -9994 867 -10041 132 4190 -8833 -3675 -10056 4740 -9411 -956 -10081 -6119 3895 -4220 -10057 -2686 9447 -10050 -8140 -9748 2610 -1541 -8727 -4450 -10008 5256 -9910 9384 -9841 7579 8260 -9864 -2712 -10071 9455 -10008 3927 -10037 -602 -9847 -5894 -9461 -2189 6156 -9998 -1147 -9965 353 5891 -9664 6141 -9946 -8744 -645 -10059 -7160 9378 -9199 6945 1351 -9796 7327 -9695 7849 -9800 1438 -9999 -2935 6956 -10030 6406 -4062 -10003 -684 -9873 9581 -10027 4423 -9990 -5965 -9118 -9990 8634 -9271 1909 -10024 -9807 7861 -10059 9791 -10052 -6428 3781 -10004 -9154 -7474 2315 -10016 -4387 -7838 8398 -9856 -56 -9994 -1585 -9873 -6213 -9212 -9365 -10069 -2377 -9165 -6328 -9804 1071 -4858 -10056 4698 -8909 3971 -10051 -5679 3772 -8618 -9947 -801 -9065 -4874 1450 -10085 -5866 6778 -10085 7426 -7215 -9835 -8956 -2865 -8314 4477 8419 -10039 9136 -7881 -9863 -6548 3564 -9027 84 -9794 1671 -8912 -3162 -9581 -5797 -9961 -8700 -5785 -10036 -4348 -9018 -7731 -9953 -711 -9519 -1054 -10071 5886 -10043 -1997 -5955 -3526 -9831 -6771 5741 -9953 -4830 9779 -10032 8789 -7035 1145 -6997 -9875 -2254 -9986 -9279 -7622 -3993 -9803 6632 
1961 8868 -9878 1319 -10046 -386 -9995 4547 -10042 4205 3164 -8834 -143 -10057 8938 -9412 3471 -10082 4726 -8633 3089 -10058 -759 6690 -10051 5872 -9749 -5864 3887 -8728 -1951 -10009 457 -9911 9961 -9842 -2701 -6383 -9865 7552 -10072 8740 -10009 -2153 -10038 -9646 -9848 9146 -9462 -6668 -1911 -9999 -6696 -9966 7917 -2249 -9665 -7568 -9947 -53 -263 -10060 -6432 -9472 -9200 -2279 6727 -9797 2066 -9696 -1571 -9801 -1246 -10000 -9761 -677 -10031 -4600 -7755 -10004 -5005 -9874 -1316 -10028 -540 -9991 4489 1942 -9991 -300 -9272 -3576 -10025 -6811 990 -10060 -3079 -10053 8681 -9285 -10005 5012 -1560 -657 -10017 8756 -7839 2140 -9857 -2413 -9995 9475 -9874 -908 -1573 8441 -10070 3184 -9166 1207 -9805 -7236 5432 -10057 -2931 -8910 -1697 -10052 9185 -8568 -3801 -9948 6746 -9066 -2133 4125 -10086 2749 -235 -10086 8983 5694 -9836 -7528 6780 -8315 -8238 5239 -10040 1906 -6676 -9864 -9171 820 -9028 -3808 -9795 -5655 -8913 -4146 -9582 -7380 -9962 2415 9080 -10037 -6922 -9019 2862 -9954 -6584 -9520 6534 -10072 503 -10044 7398 -5956 -5831 -9832 1907 5368 -9954 -882 5329 -10033 -4611 -7036 -626 -2334 -9876 8926 -9987 -3659 -4378 -7821 -9804 -1785 
8239 577 -9879 7870 -10047 -141 -9996 966 -10043 7972 787 -8835 -9336 -10058 8216 -9413 -1617 -10083 -5858 -8634 4701 -10059 -7274 -2959 -10052 1287 -9750 3623 -6587 -8729 9114 -10010 -4530 -9912 -8709 -9843 8226 6647 -9866 -4673 -10073 -4424 -10010 -6008 -10039 8364 -9849 4917 -9463 6133 -8805 -10000 -8266 -9967 1774 -5875 -9666 7966 -9948 5731 -8060 -10061 -40 -9473 2202 1266 7172 -9798 5624 -9697 7124 -9802 -126 -10001 -9110 2886 -10032 8414 -2834 -10005 4959 -9875 6193 -10029 174 -9992 -4406 2006 -9992 6021 -9273 -5251 -10026 1616 514 -10061 -3608 -10054 -9695 4364 -10006 3968 8684 5136 -10018 6601 -7840 -2966 -9858 -7235 -9996 -9895 -9875 8428 -1590 -8371 -10071 -4930 -9167 8327 -9806 -9415 -7515 -10058 -3673 -8911 5060 -10053 -6656 -8569 316 -9949 2795 -9067 -8478 -7315 -10087 -8311 -3432 -10087 1616 3925 -9837 2049 5405 -8316 -4451 -720 -10041 7372 5143 -9865 -9450 8120 -9029 6247 -9796 -1712 -8914 -4758 -9583 -793 -9963 -4986 7207 -10038 -3788 -9020 7883 -9955 9945 -9521 4878 -10073 6995 -10045 7067 -5957 1013 -9833 8191 -4455 -9955 -2169 438 -10034 1807 -7037 -3701 -5293 -9877 955 -9988 1424 5000 -9703 -9805 7049 
9543 -4861 -9880 4159 -10048 5227 -9997 8128 -10044 -5791 5365 -4315 5277 -10059 1237 -9414 2879 -10084 3983 -8635 -3179 -10060 -1094 -1189 -10053 8725 -9751 4015 -7584 -8730 1075 -10011 5352 -9913 -9531 -9844 8675 -6808 -9867 754 -10074 7258 -10011 8682 -10040 -4545 -9850 -1502 -9464 8877 8478 -10001 7883 -9968 -6136 8102 -9667 -5815 -9949 1355 -261 -10062 9688 -9474 7179 -6522 -2929 -9799 4947 -9698 5946 -9803 -2013 -10002 -4878 -6901 -10033 5138 -2843 -10006 -1731 -9876 -7179 -10030 132 -9993 5618 5117 -9993 893 -9274 9205 -10027 4652 -893 -10062 2442 -10055 7666 7429 -10007 -9004 8929 -7552 -10019 -9558 -7841 6375 -9859 -4702 -9997 -6065 1856 3674 -6480 7005 -10072 -2556 -9168 9828 -9807 2434 2323 -10059 -9669 -8912 2390 -10054 7451 -8570 7854 -9950 -890 -9068 2457 1155 -10088 9200 3693 -10088 -9693 -5287 -9838 2343 498 -8317 695 1366 -10042 -5355 9571 -9866 4018 8634 -9030 -80 -9797 -819 -8915 -4318 -9584 -276 -9964 -700 6585 -10039 4969 -9021 -5498 -9956 3223 -9522 -5515 -10074 3084 -10046 -6394 -5958 3512 -9834 8971 2819 -9956 -7442 9325 -10035 -3594 -7038 -1399 5775 -9878 8281 -9989 8207 8602 -4693 -9806 -1755 
-1421 5317 -9881 -4381 -10049 1746 -9998 8100 -10045 6716 -464 4438 3258 -10060 -4310 -9415 2014 -10085 4684 -8636 4265 -10061 -6921 -3137 -10054 -7192 -9752 -8886 -9451 -8731 -6252 -10012 4964 -9914 8240 -9845 -454 5309 -9868 -5937 -10075 -1419 -10012 -2747 -10041 6456 -9851 4947 -9465 8114 6333 -10002 1006 -9969 5684 3611 -9668 5403 -9950 -9749 4586 -10063 -5242 -9475 -1689 -6523 6959 -9800 -9805 -9699 8048 -9804 -5901 -10003 6894 -301 -10034 -5958 -2279 -10007 7835 -9877 -6910 -10031 9857 -9994 -6282 2060 -9994 8480 -9275 -7749 -10028 8583 8340 -10063 3168 -10056 1142 -7784 -10008 -9741 9719 26 -10020 -4646 -7539 -6415 -9860 8918 -9998 -1559 5932 4808 -6481 2021 -10073 -6240 -9169 -89 -9808 9479 -6969 -10060 -5863 7096 8399 -10055 3703 -8571 4933 -9951 -2683 -9069 8698 5480 -10089 -1144 3012 -10089 7535 7629 -9839 7975 -168 -8318 872 2355 -10043 -593 -8677 -9867 -5677 4838 -9031 -8314 -9798 -3053 -8916 -1234 -9585 242 -9965 7073 -9369 -10040 8610 -9022 2202 -9957 -5347 -9523 3075 -10075 315 -10047 9791 -5035 64 -9835 -7701 -8776 -9957 2851 -7547 -10036 -7681 -7039 2095 8361 -9879 -2480 -9990 -6871 5343 505 -9807 1309 
3223 -9530 -9882 1090 -10050 3789 -9999 -1591 -10046 8817 -8707 -3121 5353 -10061 1648 -9416 -8748 -10086 2569 -8637 2503 -10062 4081 39 -10055 1641 -9753 -8744 -9452 -2528 2557 -10013 -1733 -9915 442 -9846 -8613 4481 -9869 1904 -10076 -7452 -10013 -266 -10042 -7567 -9852 -7443 -9466 -2107 5928 -10003 2678 -9970 1561 -211 -9669 -5916 -9951 7819 -3741 -10064 9204 -9476 5444 -6524 -4442 125 -9806 3798 4073 -9805 -583 -10004 2272 159 -10035 -1648 -6356 -10008 -9127 -9878 3 -10032 400 -9995 -9090 8572 -9995 -6952 -9276 -6 -10029 9515 -9994 -10064 9728 -10057 -5813 3384 -10009 1155 -5985 -6722 -10021 -9509 236 6357 -9861 7530 -9999 6246 4872 -508 -6482 2920 -10074 4208 -9170 9116 -9809 9597 2231 -10061 3721 -1679 -2875 -10056 5976 -8572 6968 -9952 5374 -9070 6383 -2003 -10090 5017 -3633 -10090 -1218 695 -9840 1369 -6442 -8319 -1952 -4748 -10044 -660 -1574 -9868 -6682 -7716 -9032 -5852 -9799 6859 -8917 1726 -9586 -2787 -9966 -6549 6949 -10041 -8965 -9023 3126 -9958 8759 -9524 1439 -10076 1080 -10048 -9091 5766 -1643 -9836 -7686 430 -9958 4889 3681 -10037 9524 2111 7732 8984 -9880 -7424 -9991 -7235 -5091 812 -9808 8932 
6970 2054 -9883 -2264 -10051 -7680 -10000 -4253 -10047 -2239 -8708 782 6213 -10062 6190 -9417 -7818 -10087 -1009 -8638 9054 -10063 -9335 -2012 -10056 3167 -9754 -146 -9453 -4478 -1861 -10014 -3017 -9916 -3921 -9847 7906 9890 -9870 -7561 -10077 45 -10014 5355 -10043 -1688 -9853 3437 -9467 393 -4308 -10004 -2522 -9971 578 -7203 -9670 -1320 -9952 -8804 -1817 -10065 9176 -9477 7141 -6525 -8685 -5171 -9807 9002 1999 -9806 3184 -10005 8439 2845 -10036 5684 -2047 -10009 9248 -9879 -8472 -10033 734 -9996 -2666 -6429 -9996 -7878 -9277 4438 -10030 -6643 -3040 -10065 8785 -10058 -4983 6534 -10010 8991 -2937 3148 -10022 7653 3618 -3250 -9862 -252 -10000 -7054 3634 -7555 -6483 3038 -10075 -1173 -9171 -5071 -9810 -8294 -1135 -10062 -5598 5351 2465 -10057 -4561 -8573 -42 -9953 -4379 -9071 9015 1280 -10091 -5179 -4414 -10091 -6357 -2963 -9841 2077 4475 -8320 -1233 6535 -10045 -3500 3856 -9869 5219 -7833 -9033 -4355 -9800 6626 -8918 685 -9587 7348 -9967 2960 1703 -10042 3984 -9024 572 -9959 1540 -9525 -3390 -10077 -2607 -10049 -4183 3832 -5637 -9837 8407 3755 -9959 -3492 1468 -10038 7175 -8287 6282 10000 -9881 -2134 -9992 422 -5048 3777 -9809 1459 
-4423 1628 -9884 902 -10052 -9317 -10001 -4215 -10048 -9411 -8709 5122 5304 -10063 3373 -9418 5108 -10088 -7051 -8639 -2620 -10064 -2346 3750 -10057 -644 -9755 -4266 -9454 -237 5903 -10015 7240 -9917 5731 -9848 7130 -5099 -9871 9526 -10078 4285 -10015 -7010 -10044 4172 -9854 -8098 -9468 3814 9729 -10005 -2381 -9972 -9202 1136 -9671 -45 -9953 -8377 9590 -10066 -5963 -9478 2226 -4888 -8686 -8013 -9808 -5632 -5279 -9807 -4600 -10006 5722 -5053 -10037 -3230 -4158 -10010 -4687 -9880 -3186 -10034 1294 -9997 3401 8286 -9997 -8183 -9278 8255 -10031 -1188 -6019 -10066 7359 -10059 4025 9105 -10011 2560 1825 -8893 -10023 -6584 2359 -9347 -9863 2831 -10001 -4959 -8162 -7556 -8410 -3837 -10076 -9651 -9172 4629 -9811 8145 8392 -10063 -5257 -5147 -2397 -10058 9549 -8574 1004 -9954 -5693 -9072 8773 8254 -10092 6009 -8803 -10092 2659 2482 -9842 -7292 4637 -8321 781 -8779 -10046 -4531 8656 -9870 4409 -9369 -9034 8710 -9801 -7759 -8919 7754 -9588 -6468 -9968 -5473 3757 -10043 9841 -9025 809 -9960 -5267 -9526 -7729 -10078 7408 -10050 811 -3474 -8622 -9838 9937 5901 -9960 -9343 440 -10039 8753 -8288 -3464 6685 -9882 54 -9993 9666 3810 7797 -9810 6272 
5506 -4924 -9885 720 -10053 -9918 -10002 9365 -10049 5283 9746 4482 -4800 -10064 8171 -9419 -8346 -10089 8733 -8640 3018 -10065 -7071 6706 -10058 -3713 -9756 3317 -9455 -9060 -6644 -10016 -4135 -9918 -1298 -9849 9005 1685 -9872 2499 -10079 -7422 -10016 9673 -10045 5999 -9855 -8830 -9469 -46 3292 -10006 -4801 -9973 -8706 1551 -9672 -8503 -9954 3675 -1549 -10067 -6486 -9479 3399 -1576 -8687 -6099 -9809 3241 -3803 -9808 -6551 -10007 -5978 -7863 -10038 5466 3444 -10011 -377 -9881 2702 -10035 -5879 -9998 4919 5567 -9998 7255 -9279 -866 -10032 787 9974 -10067 -4180 -10060 8682 8755 -10012 -5977 -9539 9877 -10024 -8464 -2943 -8129 -9864 1209 -10002 558 -8163 8193 -8411 4975 -10077 -3025 9550 -1343 -9812 -6461 -5838 -10064 -2747 -1107 4519 -10059 3162 -8575 -6094 -9955 -5881 -9073 -281 2570 -10093 7174 4313 -10093 -9688 -1851 -9843 3465 -7361 -8322 -9567 -3609 -10047 -609 5036 -9871 -4676 -9370 2423 -4438 -9802 -6056 -8920 7039 -9589 -4294 -9969 4107 1776 -10044 5952 -9026 -6277 -9961 -1839 -9527 -5249 -10079 7652 -10051 7922 -5152 849 -9839 7674 2092 -9961 -5540 -910 -10040 1222 -8289 8033 7126 -9883 -6478 -9994 1873 -5282 -3114 -9811 -3159 
7102 -7373 -9886 7362 -10054 -3962 -10003 -3076 -10050 -6807 8828 -4334 8721 -10065 1619 -9420 7371 -10090 3932 -8641 -4031 -10066 3618 2286 -10059 1336 -9757 -8434 -9456 8542 -1979 -10017 7959 -9919 7047 -9850 7521 2415 -9873 9388 -10080 -9403 -10017 -4284 -10046 5162 -9856 -425 -9470 5555 6368 -10007 9380 -9974 -78 -8820 -9673 -6151 -9955 3473 1302 -10068 -1107 -9480 1292 1747 -8688 731 -9810 8446 3791 -9809 -2492 -10008 5411 6863 -10039 -1931 -7839 -10012 -6581 -9882 2858 -10036 7364 -9999 -407 5963 -9999 1229 -9280 8148 -10033 9748 -1920 -10068 1498 -10061 8453 7665 -10013 5019 -9540 -6224 -10025 4103 585 -5201 -9865 1810 -10003 -1706 -8164 -2491 -8412 -5058 -10078 9469 -143 8220 -9813 -6441 -2813 -10065 -3636 -4486 -7820 -10060 9758 -8576 -4088 -9956 -9221 -9074 2187 -565 -10094 -8383 -2914 -10094 9527 2232 -9844 -7949 789 9167 -9568 9024 -10048 2719 -7385 -9872 -2627 -9371 -113 3555 -9803 9265 -8921 -9775 -9590 -5355 -9970 9394 9292 -10045 -2904 -9027 463 -9962 -2170 -9528 -8192 -10080 970 -10052 -1442 -5153 -7735 -9840 5131 3355 -9962 311 4002 -10041 4782 -8290 9524 -6122 -9884 346 -9995 9404 -5283 -7070 -9812 3529 
6460 -3984 -9887 1574 -10055 -4644 -10004 7284 -10051 4747 -87 -8045 -1886 -10066 6602 -9421 6031 -10091 5852 -8642 -224 -10067 -9281 -8682 -10060 4539 -9758 6604 -9457 -2098 -6820 -10018 -8205 -9920 2887 -9851 7372 4688 -9874 3147 -10081 5702 -10018 -8936 -10047 -7021 -9857 7123 -9471 -6021 -5352 -10008 -6300 -9975 7213 -8855 -9674 8075 -9956 -2950 -5971 -10069 5141 -9481 4274 -8127 -8689 3412 -9811 3495 -1455 -9810 -1328 -10009 2353 -7607 -10040 9739 -9145 -10013 7067 -9883 1157 -10037 8317 -10000 -4444 -4321 -10000 4152 -9281 -171 -10034 479 1035 -10069 -8705 -10062 129 5052 -10014 267 -9541 -5482 -10026 5269 3152 7298 -9866 -7156 -10004 3901 -8165 5258 -8413 4620 -10079 8648 -7169 3674 -9814 -5491 3794 -10066 -8779 -5043 7825 -10061 -7286 -8577 616 -9957 -8723 9312 3970 2039 -10095 399 5106 -10095 5651 5334 -9845 -647 -9752 -5255 -9569 8282 -10049 -6408 974 -9873 -6550 -9372 874 -9496 -9804 -137 -9753 -9776 5023 2643 -9971 5892 -9830 -10046 6310 -9028 7404 -9963 6467 -9529 -6853 -10081 -6768 -10053 -9567 9104 -4842 -9841 -5898 -5840 -9963 8587 5403 -10042 -2076 -8291 -4029 -6507 -9885 -908 -9996 9794 3846 4026 -9813 7122 
-272 2384 -9888 -9919 -10056 7144 -10005 -4603 -10052 7802 8687 -8046 -631 -10067 3072 -9422 -5562 -10092 3797 -8643 -619 -10068 8089 -7652 -10061 -3696 -9759 -4896 -9458 6568 -1341 -10019 5019 -9921 8078 -9852 67 3318 -9875 -4200 -10082 -197 -10019 7871 -10048 -9468 -9858 2175 -9472 8949 -3284 -10009 5348 -9976 7384 9651 -9675 8893 -9957 8320 871 -10070 -2660 -9482 -3996 5181 -8690 -257 -9812 3409 -1973 -9811 5645 -10010 5747 1358 -10041 -5033 2671 -10014 -9998 -9884 6172 -10038 -1726 -10001 -2882 5212 -10001 1469 -9282 -3590 -10035 -5567 71 -10070 9804 -10063 -8704 5729 -10015 3832 -9542 -8646 -10027 -4683 7780 -7818 -9867 9566 -10005 9053 -8166 1968 -8414 -9119 -10080 -3825 -7170 -6979 -9815 -9600 -3814 -10067 5360 -1152 -9827 -10062 -1507 -8578 3439 -9958 724 7572 -5005 9798 -10096 -6818 6824 -10096 7971 -5773 -9846 1024 -9753 6665 -9570 -7310 -10050 -2587 1759 -9874 5019 -9373 -8076 8518 -9805 3511 4007 -9777 8346 -5822 -9972 9825 -3500 -10047 -7474 -9029 -3597 -9964 1618 -9530 3359 -10082 1703 -10054 -4841 -482 -9409 -9842 5668 -6521 -9964 6437 -2830 -10043 -6628 -8292 4490 335 -9886 -3424 -9997 8125 2241 6369 -9814 4720 
4109 -8315 3728 3696 -10057 8492 -10006 -3462 -10053 -2940 2375 -8047 -6996 -10068 -7917 -9423 4153 -10093 4877 -8644 -3218 -10069 8855 9799 -10062 -3490 -9760 -6921 -9459 -400 81 -10020 652 -9922 1555 -9853 -8482 -2535 -9876 -4852 -10083 4076 -10020 -7495 -10049 -8129 -9859 4751 -9473 9152 -9198 -10010 -5877 -9977 1642 9661 -9676 -6863 -9958 6537 5485 -10071 4831 -9483 -5525 8504 -8691 3433 -9813 -7715 3251 -9812 -4061 -10011 799 -7698 -10042 7894 -6690 -10015 -7403 813 4015 -10039 -8621 -10002 -1972 4311 -10002 -5484 -9283 -5873 -10036 -2667 -2624 -10071 -4639 -10064 227 -8550 -10016 -631 -9543 3375 -10028 -6982 -22 -5422 -9868 1817 -10006 -5932 -8167 -9050 -9361 -4441 -10081 -3051 -7171 -8467 -9816 -8464 115 -10068 8424 3746 3159 -10063 -8065 -8579 2876 -9959 -4419 9878 -5006 -9168 -10097 9776 8815 -10097 -2163 7303 -9847 7214 -9754 6008 -9571 -712 -10051 5247 4369 -9875 4070 -9374 1461 -7119 -9806 4733 4141 -9778 -1795 6218 -9973 9682 -12 -10048 -7799 -9030 1862 -9965 9553 -9531 -317 -10083 7160 -10055 -8497 -1066 8835 -9843 5960 -2984 -9965 -3960 -330 -10044 2331 -8293 2783 -5012 -9887 -2334 -9998 -9065 -7864 -498 -9815 2674 
1225 -8316 -9044 1674 -10058 2625 -10007 8771 -10054 -5746 4544 -8048 4689 -10069 -8534 -9424 2689 -10094 9621 -8645 5523 -10070 9805 8025 -10063 -8981 -9761 7335 -9460 8094 8109 -10021 -813 -9923 2845 -9854 -2818 -6548 -9877 1535 -10084 5513 -10021 7108 -10050 4473 -9860 7953 -9474 3860 3410 -10011 -3659 -9978 -8381 -2421 -9677 -2440 -9959 -8836 -9418 -10072 9545 -9484 5202 187 -8692 867 -9814 8308 -9136 -9813 -5697 -10012 -5784 9735 -10043 9504 -2846 -10016 4948 128 -1035 -10040 5915 -10003 582 549 -10003 6611 -9284 -8853 -10037 5765 -9598 -10072 -3891 -10065 -5446 2100 -10017 -9646 -9544 -1889 -10029 -7401 -8605 237 -9869 -6865 -10007 -9974 -6320 3736 -9362 9921 -10082 642 -3922 6487 -9817 1241 9391 -10069 4984 4968 3600 -10064 6927 -8580 118 -9960 -2090 -5909 6447 -151 -10098 -9180 -5657 -10098 -2162 6982 -9848 -525 -9755 2503 -9572 -196 -10052 -1818 -2126 -9876 1344 -9375 -5650 -4095 -9807 -6475 -6317 -9779 -7742 -3200 -9974 7340 3035 -10049 1233 -9031 2632 -9966 179 -9532 -207 -10084 -7175 -10056 -5302 5449 -2321 -9844 9942 -4983 -9966 3057 -9151 -10045 -6727 -8294 6995 4255 -9888 -3101 -9999 9548 -5872 -6681 -9816 966 
5691 3628 -9045 8636 -10059 832 -10008 1814 -10055 -9752 4217 -8049 282 -10070 -6521 -9425 -8661 -10095 1446 -8646 -2364 -10071 7077 -8691 -10064 -1279 -9762 -464 -9461 7628 7964 -10022 7134 -9924 3275 -9855 -2084 8633 -9878 6511 -10085 1969 -10022 -1960 -10051 -6983 -9861 -4336 -9475 204 8792 -10012 5351 -9979 5168 -7410 -9678 -7842 -9960 -132 9062 -10073 8923 -9485 9250 -7872 -8693 -6070 -9815 -9176 -3959 -9814 6026 -10013 -8557 -7143 -10044 8957 -7741 -10017 6066 9031 -9638 -10041 6943 -10004 518 -8816 -10004 4578 -9285 -3791 -10038 1690 9870 -10073 -1241 -10066 -9979 -5692 -10018 4341 5972 -4671 -10030 -9840 -8606 -2066 -9870 -5729 -10008 2024 3106 -996 -9363 3659 -10083 3758 -1533 -6833 -9818 -1153 626 -10070 5291 9256 -8951 -10065 5098 -8581 3950 -9961 7294 -5910 -630 1247 -10099 -1949 409 -10099 -4653 1999 -9849 -2778 -9756 -4541 -9573 3113 -10053 -7438 7236 -9877 3982 -9376 5478 16 -9808 -1216 1458 -9780 4986 2151 -9975 -6662 -8944 -10050 -4986 -9032 -5182 -9967 -6878 -9533 -1506 -10085 -6088 -10057 2139 598 -191 -9845 7272 -8612 -9967 3974 6980 -10046 2934 -8295 3203 -9228 -9889 -822 -10000 6160 -9225 3948 -9817 -4284 
-927 9229 -9046 8310 -10060 9389 -10009 -3342 -10056 -7599 -4096 -8050 -5908 -10071 266 -9426 -6792 -10096 3007 -8647 -2546 -10072 5895 4742 -10065 -5975 -9763 4106 -9462 -2476 1536 -10023 -2713 -9925 -2286 -9856 6013 8616 -9879 -7906 -10086 1772 -10023 -5156 -10052 8571 -9862 5761 -9476 -6949 -6013 -10013 -5496 -9980 -7418 -9872 -9679 297 -9961 -1543 2487 -10074 3458 -9486 3656 3741 -8694 -5131 -9816 3208 -7045 -9815 -6310 -10014 3074 -9498 -10045 -232 132 -10018 -4416 -2650 5476 -10042 4178 -10005 3680 156 -10005 9722 -9286 5444 -10039 -2828 8661 -10074 -9119 -10067 -8365 -1687 -10019 9493 2189 4503 -10031 -8222 9573 9837 -9871 -9775 -10009 -6189 -2877 8565 -9364 7766 -10084 -3289 -3816 3083 -9819 -2224 -7547 -10071 7879 -72 -1475 -10066 -701 -8582 3017 -9962 -8897 -5911 -2310 -6234 -10100 2357 -2858 -10100 8497 670 -9850 -8294 -9757 6574 -9574 7137 -10054 4954 -3452 -9878 -6110 -9377 6492 -8647 -9809 -8235 -5096 -9781 9792 2598 -9976 -5539 -9316 -10051 -6752 -9033 -4973 -9968 -9378 -9534 7850 -10086 9272 -10058 -7721 -7331 9938 -9846 4550 -2613 -9968 7967 -1631 -10047 -4799 -8296 5927 -1660 -9890 4473 -10001 -1942 -9226 -4023 -9818 -3879 
-47 3110 -9047 5653 -10061 -9492 -10010 -6463 -10057 -6218 1208 -8051 -2235 -10072 -4637 -9427 8450 -10097 5009 -8648 3652 -10073 -7500 -3630 -10066 2178 -9764 9131 -9463 9454 -9462 -10024 -58 -9926 1348 -9857 -2489 -6184 -9880 -9439 -10087 3787 -10024 7585 -10053 -9490 -9863 12 -9477 -9094 -973 -10014 3587 -9981 4808 -9873 -5321 -7511 -9962 -5437 2954 -10075 -5768 -9487 -3365 3434 -8695 7329 -9817 -6139 -6882 -9816 2 -10015 866 -8723 -10046 2800 1170 -10019 -4736 2218 3818 -10043 3434 -10006 7941 -7871 -10006 6595 -9287 -2712 -10040 9411 -8219 -10075 1579 -10068 -2282 9586 -10020 8472 -3684 2943 -10032 -8888 6457 -1977 -9872 6324 -10010 9410 -4601 -2608 -9365 159 -10085 4455 -5463 7224 -9820 3300 470 -10072 -2306 -8068 2775 -10067 3919 -8583 8441 -9963 2469 -3747 3465 -8442 -10101 -7426 7698 -10101 -6057 562 -9851 -2933 -9758 4594 -9575 -2116 -10055 2612 5391 -9879 -9083 -9378 9913 500 -9810 8998 7203 -9782 -3836 -8800 -9977 -3459 5031 -10052 5617 -9034 2463 -9969 6396 -9535 5734 -10087 -8415 -10059 -8499 -1670 -5256 -9847 6978 3743 -9969 -8594 -4219 -10048 -8937 -8297 -4025 6333 -9891 1477 -10002 -220 -9227 -3826 -9819 4093 
8781 8985 -9048 -2756 -10062 -6931 -10011 5017 -10058 -675 5905 -8052 -7838 -10073 -6722 -9428 8047 -10098 359 -8649 -2361 -10074 -544 -2362 -10067 -656 -9765 1517 -9464 4951 -4110 -10025 -4886 -9927 8214 -9858 -8567 1206 -9881 2149 -10088 352 -10025 7487 -10054 -8084 -9864 9954 -9478 6690 619 -10015 8623 -9982 -42 -9874 4438 6527 -9963 111 -8621 -10076 -1516 -9488 -7885 977 -8696 -3627 -9818 4004 1454 -9817 -9428 -10016 2773 5703 -10047 8312 2153 -10020 -4162 7660 -5720 -10044 5117 -10007 -1447 9389 -10007 -7725 -9288 -8156 -10041 4885 -5936 -10076 3988 -10069 2473 8420 -10021 7888 -7487 3826 -10033 -6125 275 1365 -9873 1182 -10011 -1790 -8799 558 -9366 -718 -10086 -7671 -5464 -9935 -9821 -222 -4472 -10073 9624 -8069 -7760 -10068 1271 -8584 6072 -9964 213 4585 -8668 -7453 -10102 7697 -5912 -10102 -3015 3603 -9852 -3800 -9759 1515 -9576 6178 -10056 3974 2468 -9880 -4515 -9379 3827 -7823 -9811 -8546 44 -9783 -9424 -7620 -9978 -1352 -7145 -10053 -5908 -9035 -9813 -9970 6339 -9536 -5295 -10088 -2582 -10060 -8568 -9072 686 -9848 9723 3549 -9970 -4275 -7939 -10049 -7189 -2546 -1331 -4721 -9892 -754 -10003 3317 -9228 -9521 -9820 -2117 
2084 -8724 -9049 -8298 -10063 -5812 -10012 9199 -10059 -155 219 -8053 5955 -10074 6075 -9429 9550 -10099 -9019 -8650 -3527 -10075 -4852 9879 -10068 9927 -9766 -3335 -9465 -2361 -1087 -10026 4122 -9928 -5299 -9859 789 432 -9882 851 -10089 -4680 -10026 1276 -10055 6179 -9865 -8841 -9479 4343 -1596 -10016 5542 -9983 7276 -9875 8172 -3546 -9964 -7235 -6401 -10077 4708 -9489 -3085 1854 -8697 6744 -9819 -8489 -5064 -9818 4883 -10017 -4212 -6312 -10048 8054 713 -10021 2318 -5599 1907 -10045 -2635 -10008 -321 9794 -10008 -8668 -9289 -9595 -10042 8963 -504 -10077 -8526 -10070 2983 -9129 -10022 -6767 -7488 5512 -10034 -6781 -1495 -4290 -9874 3219 -10012 8134 -8800 -3961 -9367 9983 -10087 8562 290 -9936 -7615 4632 4284 -10074 127 -8070 -8104 -10069 -4043 -8585 -2837 -9965 -4023 9371 -8669 -5997 -10103 -1659 6643 -10103 -3981 9193 -9853 2122 -9760 8011 -9577 -4865 -10057 3301 -5876 -9881 -1987 -9380 1519 530 -9812 1662 -8008 -9784 9737 5482 -9979 -5111 -808 -10054 7367 -2959 792 -9971 -3308 -9537 -8182 -10089 6602 -10061 -4473 -9073 -1396 -9849 5788 -4286 -9971 -3194 5716 -10050 -8529 -7805 5042 7242 -9893 -5746 -10004 -7191 3417 3901 -9821 2600 
5970 4335 -9050 -2579 -10064 9275 -10013 -9712 -10060 -4986 7452 -8054 -4307 -10075 -5381 -9430 12 -10100 3314 -3070 5284 -10076 -5092 5625 -10069 644 -9767 -3923 -9466 -4566 -5408 -10027 5459 -9929 -9812 -9860 -6282 108 -9883 -1235 -10090 -7956 -10027 -9034 -10056 -3214 -9866 5382 -9480 1264 3494 -10017 7920 -9984 7292 -9876 3410 -8793 -9965 -2884 -4802 -10078 8188 -9490 8260 6671 -8698 -5884 -9820 3164 -7918 -9819 -8330 -10018 56 -1091 -10049 -6369 2845 -10022 -1503 -5600 5813 -10046 6952 -10009 4096 -434 -10009 -9500 2340 2059 -10043 4472 6888 -10078 401 -10071 9824 -8155 -10023 -8568 -7489 -9892 -10035 -1059 5619 8298 -9875 3858 -10013 4589 -8801 -2839 -9368 -7707 -10088 3154 4836 -9937 900 -5634 -8610 -10075 3160 -3111 5834 -10070 -5154 -8586 1928 -9966 805 -5613 -8670 5544 -10104 -1475 -6638 -10104 7299 -5151 -9854 4958 -9761 477 -9578 6026 -10058 5310 -1402 -9882 -9646 -9381 8934 -6395 -9813 5493 -1366 -9785 4368 1692 -9980 -7265 -1611 -10055 6415 -8325 -2142 -9972 52 -9538 6842 -10090 -8151 -10062 765 -9074 5817 -9850 -6303 -3527 -9972 1280 -2931 -10051 -1813 -2200 -5848 360 -9894 -1642 -10005 -7793 516 -6667 -9822 2899 
-392 -9050 -9051 9506 -10065 2069 -10014 6340 -10061 -5846 12 -8055 -7119 -10076 -6671 -9431 -5227 -10101 4972 -6183 2300 -10077 9291 -3942 -10070 -847 -9768 -3189 -9467 -8507 4202 -10028 -6721 -9930 -95 -9861 2668 -2891 -9884 -8214 -10091 -3182 -10028 3087 -10057 -8713 -9867 -7653 -9481 9034 -2840 -10018 816 -9985 461 -9877 -8230 8150 -9966 2704 -6563 -10079 -601 -9491 9405 6778 -8699 -8552 -9821 -5798 3467 -9820 -6156 -10019 -7639 5540 -10050 7362 7019 -10023 -3840 -5601 2766 -10047 -9598 -10010 -1739 -6067 -10010 -3839 2434 1211 -10044 9538 -7315 -10079 5576 -10072 9853 4325 -10024 -8593 -7139 -5893 -10036 -2724 -943 9093 -9876 -3301 -10014 6039 -8802 2041 -9369 3446 -10089 -4770 -5185 -9938 -8848 7742 3452 -10076 -7972 -9665 6308 -10071 743 -8587 2085 -9967 2420 3063 -8671 -6903 -10105 -3274 4806 -10105 -4393 5229 -9855 56 -9762 -9775 -9579 2287 -10059 4833 -1807 -9883 9389 6419 233 -1111 -9814 -6308 6139 -9786 7808 -4785 -9981 -3676 -8690 -10056 8335 -8326 854 -9973 5578 -9539 -4248 -10091 -487 -10063 -8476 -9075 -5560 -9851 -2881 -204 -9973 5685 -8346 -10052 -6412 -4830 -5849 -6404 -9895 5572 -10006 -2631 520 -2038 -9823 2220 
2018 6726 -9052 8676 -10066 3125 -10015 1720 -10062 6121 2098 -8056 -3249 -10077 -118 -9432 5864 -10102 -4735 -6184 -3265 -10078 7679 -7811 -10071 9059 -9769 -7534 -9468 9537 -7961 -10029 -5787 -9931 8578 -9862 5062 -1408 -9885 -8153 -10092 1881 -10029 -3206 -10058 -9152 -9868 -7044 -9482 -1157 -6979 -10019 8037 -9986 -168 -9878 55 1583 -9967 6808 1668 -10080 5759 -9492 -7289 -5320 -8700 -6947 -9822 -1787 4544 -9821 7896 -10020 -9008 -6418 -10051 -7867 -1483 -10024 6526 -5602 589 -10048 6091 -10011 2587 2248 -10011 -4307 -5458 -1922 -10045 -5253 -4799 -10080 3227 -10073 101 6380 -10025 7119 -8531 -2433 -10037 -1717 8833 -3710 -9877 -4421 -10015 -4456 -8803 -4401 -9370 6169 -10090 -13 -7149 -9939 -4982 -1205 -2492 -10077 -2996 -9666 -6433 -10072 -5639 -8588 9090 -9968 7338 211 -8672 5191 -10106 5649 8705 -10106 5821 1882 -9856 5673 -7936 -9776 -9573 8678 -10060 1077 -4957 -9884 -72 5022 -1255 262 -9815 2611 -1058 -9787 1095 -9048 -9982 7235 2397 -10057 3710 -8327 -1001 -9974 1390 -9540 6075 -10092 6187 -10064 -4390 -9076 -6507 -9852 7504 -957 -9974 5908 2259 -10053 -7130 9139 -7922 -1741 -9896 -5069 -10007 4623 -7516 8912 -9824 1369 
-2514 -2116 -9053 -8504 -10067 1717 -10016 2535 -10063 -1102 -4313 -8057 -4739 -10078 4283 -9433 9045 -10103 6118 -6185 6548 -10079 2782 -1620 -10072 6686 -9770 -341 -9469 -7435 -5114 -10030 3148 -9932 9231 -9863 1388 -6232 -9886 1788 -10093 3494 -10030 -6970 -10059 -8747 -9869 -5826 -9483 -57 -6517 -10020 6619 -9987 2699 -9879 -4196 4623 -9968 1029 7146 -10081 9983 -9493 5960 7432 -8701 305 -9823 -2900 3414 -9822 -6187 -10021 -6303 3767 -10052 8725 847 -10025 1963 -5603 -6274 -10049 -1492 -10012 -5719 -5270 -10012 7667 -5459 -1189 -10046 -2458 2360 -10081 -6893 -10074 -3459 2670 -10026 633 -8532 -2614 -10038 -9139 3273 -2237 -9878 -2621 -10016 9289 -8804 -2755 -9371 903 -10091 4419 6716 -9940 -5943 -1929 -8945 -10078 2946 -9667 7917 -10073 5558 -8589 -9044 -9969 -581 -9513 -8673 5832 -10107 -5107 -7934 -10107 6598 -4091 -9857 7118 -3371 -9777 7312 -3185 -10061 -4827 -891 -9885 4955 2280 -1954 -4444 -9816 -3511 -3016 -9788 1727 -2491 -9983 -6100 -3546 -10058 4765 -8328 9596 -9975 -8689 -9541 -8202 -10093 9649 -10065 -2144 -9077 -9640 -9853 -2657 8541 -9975 7201 5560 -10054 8913 9202 -7923 7541 -9897 7737 -10008 287 -7517 4941 -9825 -321 
774 -681 -9054 1988 -10068 4193 -10017 -5840 -10064 3033 -2027 -8058 -9781 -10079 7521 -9434 9422 -10104 -5738 -6186 -1371 -10080 -3313 9427 -10073 9054 -9771 -1670 -9470 4616 -236 -10031 -8429 -9933 6568 -9864 8912 3730 -9887 -2835 -10094 9293 -10031 -5473 -10060 1213 -9870 176 -9484 -1517 -9708 -10021 -4414 -9988 7897 -9880 -4508 8359 -9969 2343 7313 -10082 8182 -9494 5109 4965 -8702 6373 -9824 4266 3050 -9823 -5795 -10022 -9077 -9612 -10053 -9644 1097 -10026 -5404 4790 8904 -10050 -8218 -10013 -5174 6031 -10013 9792 -5460 8052 -10047 9469 487 -10082 -8936 -10075 8328 -2578 -10027 -7418 -8533 6312 -10039 7268 753 -8820 -9879 -7450 -10017 9239 -8805 -8672 -9372 -1846 -10092 -7492 -3300 -9941 5423 -5941 9585 -10079 -9725 -9668 337 -10074 3264 9815 2403 -9970 -6419 -9514 -347 4458 -10108 -6960 1296 -10108 -9798 -6046 -9858 -4546 6482 -9778 4249 5843 -10062 4984 269 -9886 4061 6337 -6650 -4527 -9817 8496 5362 -9789 -1258 -3288 -9984 -1871 7167 -10059 -4870 -8329 3232 -9976 8168 -9542 -6471 -10094 -9111 -10066 312 -4956 396 -9854 1337 -7102 -9976 3007 -7454 -10055 -7572 -1470 -7924 -4478 -9898 -4629 -10009 9686 -7518 -7358 -9826 9639 
-3327 4388 -9055 930 -10069 4826 -10018 4953 -10065 -4098 -228 712 6612 -10080 -9284 -9435 9153 -10105 6069 -6187 3453 -10081 1141 -7917 -10074 2701 -9772 3113 -9471 -6884 4815 -10032 -3033 -9934 -6391 -9865 156 5573 -9888 8339 -10095 -4907 -10032 -7568 -10061 -6010 -9871 8218 -9485 -3913 6045 -10022 9339 -9989 -1788 -9881 -6551 3401 -9970 2472 -2395 -10083 -4990 -9495 7848 -5225 -8703 9949 -9825 -296 -3196 -9824 -4994 -10023 -7221 -6332 -10054 6095 -8368 -10027 -8053 8689 429 -10051 -9669 -10014 1970 -2673 -10014 -7561 -5461 -1789 -10048 -3613 -3882 -10083 981 -10076 -2774 3852 -10028 -6571 -8534 8359 -10040 1037 -9229 7374 -9880 3275 -10018 156 -8806 -8632 -9373 -823 -10093 7215 2900 -9942 3835 -5942 -4101 -10080 -7706 6630 4206 -10075 7948 501 7768 -9971 -722 -9515 -2331 -8418 -10109 8639 2254 -10109 -6642 -3699 -9859 1834 -4671 -9779 -1351 -5467 -10063 -9180 4203 -9887 2139 -5735 -6651 -7061 -9818 5613 -7756 -9790 -9745 -535 -9985 -4975 6183 -10060 9335 -8330 3280 -9977 -3379 -9543 -846 -10095 -6203 -10067 2138 -487 -7149 -9855 7439 1300 -9977 825 -3942 -10056 -1114 47 -7925 -3235 -9899 4642 -10010 -6094 -7519 -5203 -9827 -1128 
-457 5180 -9056 5536 -10070 5014 -10019 7589 -10066 -7684 735 953 -9990 -10081 -8857 -9436 464 -10106 8750 -6188 -1805 -10082 -2358 9205 -10075 -5435 -9773 -9274 -9472 7813 -1446 -10033 -4294 -9935 1712 -9866 -1497 5571 -9889 1446 -10096 4948 -10033 4964 -10062 -2504 -9872 -3487 -9486 7102 4975 -10023 -3437 -9990 1469 -9882 741 -2990 -9971 9986 416 -10084 1589 -9496 -5959 9999 -8704 -5654 -9826 -9664 -6847 -9825 -5496 -10024 2804 -4660 -10055 9228 -1296 -10028 -1573 9181 -3626 -10052 -6202 -10015 -189 1749 -10015 -3512 -5172 -3796 -10049 -5177 -2637 -10084 4129 -10077 -6949 2532 -10029 8179 -8535 185 -10041 7929 -9230 2604 -9881 4561 -10019 -8050 -8807 -8532 -9374 8885 -10094 -2634 -4751 -9943 8598 -5943 -2580 -10081 -2177 3194 -1233 -10076 -2817 -5278 4143 -9972 -949 -9516 -9637 9823 -10110 -9787 -7664 -10110 -9225 6446 -9860 6442 6383 -9780 7192 -5675 -10064 7908 -3709 -9888 -1495 2206 -7767 2919 -9819 1150 -5713 -9791 7342 4859 -9986 -4812 4235 -10061 5390 -8331 -4720 -9978 -9963 -9544 5030 -10096 -5946 -10068 9326 -1566 9271 -9856 8894 3565 -9978 -6812 -6751 -10057 -7166 -3477 -7926 4111 -9900 -6202 -10011 -4918 -7520 385 -9828 7654 
-2890 417 -9057 4899 -10071 9092 -10020 -8243 -10067 8650 -2745 -3642 -1638 -10082 -5711 -9437 -6939 -10107 5618 -6189 4292 -10083 -7828 -2716 -10076 -2538 -9774 -6515 -9473 9267 7909 -10034 -2865 -9936 -5695 -9867 78 9288 -9890 -4772 -10097 3285 -10034 -9673 -10063 -3072 -9873 -163 -9487 3540 9712 -10024 2532 -9991 -8890 -9883 4176 -4348 -9972 7330 2503 -10085 -5880 -9497 9237 6076 -8705 -5624 -9827 -5964 -9062 -9826 -3961 -10025 -5477 8574 -10056 -9905 -3203 -10029 976 8003 -6454 -10053 -6417 -10016 -8071 7734 -10016 8193 -64 3959 -10050 -3698 4495 -10085 -2100 -10078 4441 2637 -10030 -1343 -8536 2408 -10042 1722 -9231 6703 -9882 7278 -10020 6946 -8808 -5008 -9375 6335 -10095 4692 3002 -9944 7022 -5944 -9233 -10082 5902 -8600 -453 -10077 7139 -5279 1358 -9973 -1522 -3769 -9638 8075 -10111 -8737 -939 -10111 -5998 5171 -9861 -6121 7631 -9781 -6930 6180 -10065 2020 235 -9889 -3369 3833 -7768 138 -9820 -54 8087 -9792 -1276 3383 -9987 -2853 -4646 -10062 -8745 -8332 -6835 -9979 9196 -215 2875 -10097 1777 -10069 5355 -8581 -4771 -9857 835 -767 -9979 2108 -2572 -10058 -1544 8729 -7927 2611 -9901 -2033 -10012 -2803 -7521 3165 -9829 8078 
9551 9211 -9058 -8256 -10072 -1035 -10021 -8408 -10068 -1827 2520 -5152 1023 -10083 -4069 -9438 3756 -10108 8282 -6190 -9783 -10084 1853 1747 -10077 2182 -9775 8207 -9474 7091 -9396 -10035 4780 -9937 1411 -9868 59 -4086 -9891 -4056 -10098 -5092 -10035 -5456 -10064 706 -9874 2020 -9488 9086 2224 -10025 9873 -9992 -9404 -9884 -577 -5118 -9973 -4320 -7261 -10086 -9018 -9498 1774 -5453 -8706 8714 -9828 -6728 -1197 -9827 8029 -10026 3449 1317 -10057 2581 4191 -10030 -1761 9175 3801 -10054 -968 -10017 9069 8865 -10017 5101 3457 8690 -10051 981 3767 -10086 -6873 -10079 9832 8670 -10031 -5011 -8537 535 -10043 1813 -9232 5346 -9883 2946 -10021 8216 -8809 8786 -9376 -8998 -10096 -560 2378 -9945 4962 9026 7436 -10083 -3724 -8601 5111 -10078 1168 -5280 -6110 -9974 9584 1525 -9639 6869 -10112 3439 2594 -10112 4747 7011 -9862 -7107 -8906 -9782 -8 -8585 -10066 -4795 -4456 -9890 -6917 -1554 -7769 -3917 -9821 -1318 -7162 -9793 -2889 6965 -9988 -5032 2253 -10063 -2068 6779 1113 -9980 395 -2781 6675 -10098 -6570 -10070 -9406 -8582 4456 -9858 -3769 -5599 -9980 3135 -7309 -10059 5059 5732 -7928 6058 -9902 -299 -10013 -3962 -7522 7180 -9830 3641 
-4147 -9600 -9059 8935 -10073 1801 -10022 -4730 -10069 -6495 1906 -5153 4510 -10084 7710 -9439 1992 -10109 4762 -5815 -8453 -10085 8706 -7700 -10078 516 -9776 6038 -9475 -2896 7026 -10036 5707 -9938 -8078 -9869 1370 2678 -9892 6198 -10099 -2806 -10036 -2292 -10065 -5178 -9875 6459 -9489 5551 -215 -10026 -6038 -9993 -3597 -9885 794 6559 -9974 -2544 5867 -10087 -521 -9499 -2407 2237 -8707 2340 -9829 -6816 4543 -9828 653 -10027 -1118 1347 -10058 6446 9589 -10031 -4145 6945 5735 -10055 -6292 -10018 6694 -9092 -10018 -6767 915 -4421 -10052 -4759 2936 -10087 9535 -10080 -5776 9459 -10032 3605 -8538 -8614 -10044 9775 -9233 7120 -9884 8849 -10022 -5051 -8810 -8280 -9377 -3625 -10097 8455 1190 -9946 8838 -9323 -343 -10084 -5087 -8602 5197 -10079 8827 8826 -5492 -9975 -645 -5635 -9640 2642 -10113 1120 4858 -10113 2733 -3025 -9863 231 -4096 -9783 -9614 544 -10067 4682 787 -9891 -4263 5005 -7770 9081 -9822 7346 -233 -9794 4157 -5673 -9989 7729 9559 -10064 2500 9042 2555 -9981 6473 -8510 -1417 -10099 44 -10071 8506 -6991 -8491 -9859 -7436 -7424 -9981 -9700 1448 -10060 -7882 -6960 -7929 9060 -9903 -1396 -10014 -5353 -7523 -4724 -9831 9455 
5720 -9601 3425 8855 -10074 -1405 -10023 -1345 -10070 5989 3863 -5154 7405 -10085 -567 -9440 6988 -10110 6412 -1213 -3945 -10086 -5633 -6003 -10079 -7478 -9777 6628 -9476 8061 4424 -10037 9428 -9939 -1529 -9870 -5413 -1921 -9893 7690 -10100 9301 -10037 -5436 -10066 -4139 -9876 -5521 -9490 9538 2830 -10027 9557 -9994 5290 -9886 1711 -4188 -9975 5487 7891 -10088 4613 -9500 -256 9366 -8708 3741 -9830 -3652 -1617 -9829 2360 -10028 2470 -9039 -10059 -8616 260 -10032 768 -2719 -6336 -10056 4548 -10019 -6624 -3233 -10019 -8873 -5778 -5774 -10053 363 -4709 -10088 -1439 -10081 -4571 -697 -10033 3390 -5613 7909 -10045 -7228 -9234 7601 -9885 6653 -10023 -6349 -8811 1540 -9378 -5061 -10098 -2337 -3178 -9947 -3852 -9324 9032 -10085 -3460 -8603 4253 -10080 -6139 1063 -6560 -9976 -9492 -1655 -9641 8184 -10114 6291 -2300 -10114 968 -6054 -9864 -9832 6188 -9784 9530 4896 -10068 376 3099 -9892 8860 6543 -7771 544 -9823 -7560 5744 -9795 -3857 -4135 -9990 8128 3596 -10065 6518 -4034 -5369 -9982 9206 -8511 -6692 -10100 3658 -10072 4725 3622 8919 -9860 4486 406 -9982 -2025 3216 -10061 -1443 -6143 -7930 -7481 -9904 3792 -10015 938 -7524 -5707 -9832 -5000 
8544 -9602 -3452 6918 -10075 -271 -10024 -5350 -10071 -5720 3349 -5155 4140 -10086 -5869 -9441 -3208 -10111 -6745 -6776 5539 -10087 9173 3312 -10080 -3952 -9778 -9608 -9477 -8418 2751 -10038 2027 -9940 -1316 -9871 3840 -2883 -9894 -7086 -10101 -4728 -10038 5774 -10067 3506 -9877 -3496 -9491 1703 5552 -10028 -2062 -9995 -3033 -9887 2634 6985 -9976 -5263 3928 -10089 -5916 -9501 -5800 6790 -8709 -731 -9831 -4502 -946 -9830 9191 -10029 3498 6069 -10060 -5495 5353 -10033 632 6910 7820 -10057 -3857 -10020 -5992 -8240 -10020 -199 -8035 -6359 -10054 -2250 6575 -10089 6077 -10082 -2946 748 -10034 -7381 -3682 7248 -10046 523 -9235 1692 -9886 -1126 -10024 -3557 -8812 -5822 -9379 -876 -10099 7712 298 -9948 -2336 -9325 3143 -10086 2530 -8604 8217 -10081 -9265 -111 6249 -9977 3659 3096 -9642 -9115 -10115 -5003 -8399 -10115 1374 -5574 -9865 274 6810 -9785 9171 -6799 -10069 -2470 -1972 -9893 2752 -9487 -7772 -2824 -9824 3229 -6706 -9796 1144 -3079 -9991 1552 2501 -10066 -6856 1261 7964 -9983 -3476 -8512 -2674 -10101 -9448 -10073 -5773 5306 -8048 -9861 5125 -1905 -9983 186 -3253 -10062 4627 7215 -7931 -9289 -9905 8920 -10016 -4922 -7525 -2278 -9833 2260 
4900 -9603 -4823 4833 -10076 -3558 -10025 9152 -10072 -736 -9324 -5156 -5737 -10087 -3136 -9442 8378 -10112 -5312 -6777 9462 -10088 -1013 -4359 -10081 4045 -9779 8632 3486 7515 -3582 -10039 -4893 -9941 140 -9872 -6584 6471 -9895 -6176 -10102 2124 -10039 4733 -10068 -8834 -9878 -9612 -9492 -484 -8604 -10029 -6902 -9996 6372 -9888 9332 -6754 -9977 7535 3170 -10090 -4250 -9502 -4976 -9837 -8710 -2165 -9832 -7796 8239 -9831 -7301 -10030 9870 3133 -10061 -6495 5274 -10034 5464 1577 -1900 -10058 -3127 -10021 8427 6270 -10021 -6904 -8036 1356 -10055 4666 -4890 -10090 -4371 -10083 -1604 -9905 -10035 8678 1057 -8207 -10047 -5851 -9236 -3288 -9887 9087 -10025 1100 -8813 9419 -9380 -1770 -10100 -5968 4485 -9949 -6836 -9326 7756 -10087 -6526 -8605 -1743 -10082 -7929 6764 -6440 -9978 5746 369 -9643 1852 -10116 -6552 -4603 -10116 6690 -9642 -9866 5617 3115 -9786 8583 -5413 -10070 -1256 -2430 -9894 -437 -9488 -1801 605 -9825 -1796 21 -9797 -6369 -1983 -9992 4412 4243 -10067 5387 3816 1536 -9984 -5380 -8513 -8288 -10102 -531 -10074 1760 -1619 -182 -9862 8780 -2714 -9984 6539 9308 -10063 -5827 9408 -7620 1352 -9906 -9916 -10017 -4969 -7526 -185 -9834 2962 
2469 -9604 6339 -5886 -10077 8186 -10026 -4711 -10073 -4655 -9325 -9438 4674 -10088 -9758 -9443 176 -10113 -2274 -6778 4641 -10089 -4282 -5611 -10082 1883 -9780 3923 8876 4001 6013 -10040 -5128 -9942 6959 -9873 -5926 6791 -9896 -3501 -10103 6947 -10040 -6864 -10069 -6855 -9879 -3283 5680 5142 -3223 -10030 4222 -9997 -1760 -9889 7527 6900 -9978 7830 -7719 -10091 5413 -9503 7120 -9838 9456 9509 -9833 7639 -4842 -9832 8706 -10031 3733 -8505 -10062 5287 8484 -10035 686 -5115 7936 -10059 -2912 -10022 -8811 6334 -10022 2631 -8037 7443 -10056 -5227 -7302 -10091 -33 -10084 -8119 375 -10036 21 8150 540 -10048 -9511 -9237 4907 -9888 600 -10026 -1735 -8814 4288 -9381 -1990 -10101 -5759 -1716 -9950 7990 -9327 1367 -10088 2650 -8606 -2540 -10083 5901 -1710 3553 -9979 231 -4633 -9644 -3052 -10117 5262 -1968 -10117 -1385 5968 -9867 -5683 -9113 -9787 8721 -9617 -10071 7946 9350 -9895 -3214 -9489 -7816 -2900 -9826 -2316 -1866 -9798 3376 -9394 -9993 -9537 -1360 -10068 8460 9296 6863 -9985 1307 -8514 6616 -10103 7449 -10075 -8520 -7009 -3576 -9863 -4287 5240 -9985 -313 7628 -10064 3075 -9465 -3216 -4650 2492 -5690 -10018 4788 -7527 -8986 -9835 1849 
874 -9605 8538 -3756 -10078 -5235 -10027 -4707 -10074 1573 -9556 -9439 1703 -10089 -568 -1693 -6308 -10114 3988 -6779 1973 -10090 4416 -6158 -10083 -6388 -9781 9498 4630 -7309 -9744 -10041 -6831 -9943 -985 -9874 1120 8831 -9897 3778 -10104 -1877 -10041 1410 -10070 -4761 -9880 -5494 2297 -5717 3245 -10031 -1762 -9998 -3874 -9890 2880 -4494 -9979 9203 9526 -10092 -9561 -9504 -2876 -9839 -9911 5811 -9834 -5357 -9693 -9833 -8117 -10032 -8104 -9742 -10063 -5043 -2824 -10036 8151 -5116 -8897 -10060 -457 -10023 4929 -7024 -10023 -2428 -8038 2407 -10057 4171 2322 -10092 6919 -10085 4302 -1483 -10037 7826 4952 -9396 -10049 -3381 -4226 -9257 -9889 -3972 -10027 -1143 -8815 -9747 -9382 6539 -10102 -436 6638 -9951 9269 -9328 8838 -10089 -5184 -8607 6850 -10084 8459 -6274 4823 -9980 -3251 -6435 -9645 2654 -10118 -6141 -1770 -10118 3956 -2402 -9868 5957 -99 -9788 -9842 6881 -10072 -238 1234 -9896 2828 -9490 4479 -655 -9827 -7964 -164 -9799 8125 -6034 -9994 -8579 5367 -10069 7082 4858 -9163 -9986 -7371 -8515 -5345 -10104 5192 -10076 5842 3300 8896 -9864 7831 -9920 -9986 3747 -2725 -10065 4908 -9466 1434 -8325 -6401 -9683 -10019 1933 -3889 -5188 -9836 -3372 
4639 -9606 9588 -7094 -10079 6565 -10028 9174 -10075 -7834 -9557 -9504 4881 -10090 -151 638 -6065 -10115 767 -6780 853 -10091 -4427 6408 -10084 -9868 -9782 -4661 -2923 -902 9258 -10042 -1128 -9944 -4719 -9875 -4791 -1318 -9898 375 -10105 -7031 -10042 343 -10071 -5393 -9881 -3307 1934 -5718 1627 -10032 2883 -9999 -4424 -9891 -6875 -664 -9980 -3053 6851 -10093 6517 -3555 97 -4468 -9912 644 -9835 1547 -7527 -9834 3236 -10033 4030 1648 -10064 3085 947 -10037 4201 386 -6155 -10061 -5537 -10024 998 9416 -10024 9985 -8039 6155 -10058 -7891 -1162 -10093 4211 -10086 7515 -1136 -10038 8290 -7726 -8877 -10050 -7805 -1728 -627 -9890 -6854 -10028 -5517 -4500 -9748 2214 3536 -10103 -8365 -366 -9952 -5363 -9329 6334 -10090 5802 -8608 -4816 -10085 8101 -6275 -7263 -9981 2179 4619 -9646 -8706 -10119 -9459 8726 -10119 -9225 -3887 -9869 -3654 -2992 -4216 -9843 8470 -10073 -9842 4511 -9897 -1665 -9491 -5116 9512 -9828 -1315 1061 -9800 1792 -688 -9995 -7570 4822 -10070 7162 8876 5398 -9987 5275 -8516 1009 -10105 3151 -10077 -123 -723 -4211 -9865 6412 -5550 -9987 -7173 -4598 -10066 5629 -9467 -2062 -8326 2829 506 -10020 -4191 3475 3861 -9837 -1731 
2 -9607 -7683 2111 -10080 2485 -10029 7531 -10076 -4094 -9558 1187 -1141 -10091 -8265 7252 -3894 -10116 -1260 -6781 -6315 -10092 -7798 -3997 -10085 -6391 2169 9089 -4553 -1454 5428 -10043 9420 -9945 -6464 -9876 -7109 -3080 -9899 392 -10106 -9198 -10043 1988 -10072 -916 -9882 3974 -1607 -5719 9546 -10033 -4005 -10000 -8135 -9892 -5048 6716 -9981 -9701 8065 -10094 9088 620 -7120 -7150 -9913 7011 -9836 -5774 1597 -9835 -8293 -10034 -6977 -4684 -10065 382 -7111 -10038 -2743 2400 1862 -10062 9940 -10025 3899 238 -10025 9970 -8040 5179 -10059 3339 -1474 -10094 -1879 -10087 626 4512 -10039 8996 8386 9272 -10051 3734 -8620 6080 -9891 7069 -10029 -1316 6172 -9749 4303 -8803 -10104 -1667 -1180 -9953 -7736 -9330 9683 -10091 -3478 -8609 1192 -10086 4846 -5948 -5373 -9982 -3060 -7324 -9647 -122 -10120 -9930 -8597 -10120 -6605 246 -9870 -1385 9324 875 -9844 5151 -10074 -4096 5885 -9898 -9330 -9492 -8484 -7828 -9829 -5379 5042 -9801 4397 -7133 -9996 -1864 4842 -10071 8897 6518 9545 -9988 -8222 -8517 -5920 -10106 -2070 -10078 6786 -4346 -7804 -9866 8549 -6728 -9988 4639 7933 -10067 989 -9468 9760 -8327 -6366 -8496 -10021 -5011 176 7193 -9838 554 
9665 -9608 2178 -6579 -10081 9751 -10030 512 -10077 6335 -9559 2835 4423 -10092 -2356 -8130 -7250 -10117 -1651 -6782 2368 -10093 -9687 -5064 -10086 -561 -9509 -829 -8966 -740 -6598 -10044 3277 -9946 -2817 -9877 334 114 -9900 6775 -10107 -3691 -10044 2584 -10073 4151 -9883 -2033 -8269 -5720 9474 -10034 -2937 -10001 4309 -9893 6893 2624 -9982 -697 -5284 -10095 5344 6122 1075 -2251 -9914 51 -9837 -7338 135 -9836 1197 -10035 9429 2702 -10066 8925 -833 -10039 -431 3431 7834 -10063 -7002 -10026 1517 8709 -10026 -7341 -8041 -976 -10060 -8356 6636 -10095 8801 -10088 3200 -3207 -10040 1387 -8984 3662 -10052 -6244 -8621 -8199 -9892 -4679 -10030 5800 -361 -9750 -1669 -5735 -10105 -2138 2961 -9954 -645 -9331 1622 -10092 676 -8610 -5057 -10087 -7970 -900 1486 -9983 -5612 5477 -9648 -5088 -10121 3961 2292 -10121 7837 4812 -9871 9112 3237 3374 -9845 4861 -10075 -2115 -3611 -9899 -1820 -9493 1034 3533 -9830 1815 -5193 -9802 7051 3978 -9997 5437 9975 -10072 4014 -4341 -6395 -9989 225 -8518 8982 -10107 4131 -10079 6080 1217 -149 -9867 -129 6761 -9989 3335 -6617 -10068 -3864 -9469 4761 -8328 -8839 6699 -10022 6081 -9148 6027 -9839 9389 
-2290 -9609 -6284 783 -10082 -174 -10031 6371 -10078 -8688 -9560 2481 -5451 -10093 5797 -8131 6660 -10118 7177 -6783 6543 -10094 -5146 3363 -10087 8140 -9510 -6207 -8967 -101 -7803 -10045 7006 -9947 -4322 -9878 103 6274 -9901 -4329 -10108 -916 -10045 -5219 -10074 -8198 -9884 9540 -8270 -5050 4224 -10035 -3687 -10002 5553 -9894 -6931 -1904 -9983 7630 3854 -10096 -4011 -4833 -3489 3323 -9915 8596 -9838 8635 5225 -9837 -3760 -10036 8544 -9527 -10067 -599 1839 -10040 -6804 -3778 -1883 -10064 -7773 -10027 7567 2628 -10027 -4823 -8042 -8214 -10061 6428 6601 -10096 -9502 -10089 -4282 768 -10041 -3660 -8985 3902 -10053 294 -8622 9159 -9893 -4481 -10031 -4670 4566 -9751 -9679 -2925 -10106 5538 8293 -9955 8761 -9332 2581 -10093 -952 -8611 -6185 -10088 5478 -7872 -7571 -9984 -1032 9819 -9649 4445 -10122 -677 2791 -10122 -2184 -2451 -9872 4843 -5770 3244 -9846 -7091 -10076 -2800 541 -9900 4427 -9494 7214 4108 -9831 -9263 5830 -9803 -547 -5058 -9998 6010 -2386 -10073 7292 6856 936 -9990 1308 -8519 2491 -10108 -1010 -10080 5370 -8083 -4425 -9868 -3996 5008 -9990 -9832 -7585 -10069 3363 -9470 7805 -9940 -8840 -6891 -10023 -2721 -9149 -8966 -9840 1776 
1631 -9610 -279 -6438 -10083 -9109 -10032 5268 -10079 -3261 -9561 3153 -1328 -10094 -1127 -8132 4364 -10119 -8219 -6784 3633 -10095 -6355 -8059 -10088 -8177 -9511 9762 -8968 -5984 4235 -10046 -8378 -9948 -9592 -9879 781 8970 -9902 801 -10109 1938 -10046 3031 -10075 223 -9885 -9959 -8271 4075 2060 -10036 4252 -10003 1245 -9895 -7396 -5534 -9984 906 -534 -10097 -3157 -5214 -7946 2602 -9916 -3758 -9839 -5422 -4777 -9838 -7368 -10037 5148 4517 -10068 3291 -8505 -10041 9249 -6565 3846 -10065 -5886 -10028 -7491 -8291 -10028 -976 -1215 9623 -10062 -5337 -7317 -10097 4879 -10090 -9472 5711 -10042 -4765 -8986 9524 -10054 -6293 -8623 108 -9894 -9168 -10032 -9815 657 -9752 -5608 6924 -10107 4427 -497 -9956 1057 -9333 -9847 -10094 -7882 -8612 -9242 -10089 -8886 -7873 9162 -9985 529 104 -9650 6660 -10123 -6116 6394 -10123 -2297 8845 -9873 -7501 -5771 -1828 -9847 -7557 -10077 -4644 4633 -9901 -5657 -9495 -5282 3201 -9832 -9154 7751 -9804 -8004 -5877 -9999 -9706 929 -10074 -1029 1553 -3154 -9991 8053 -8520 -8430 -10109 5110 -10081 9034 -8084 4475 -9869 5425 -5345 -9991 -7977 -4280 -10070 -9834 -9471 4108 -9941 5349 -1183 -10024 1643 -9150 1071 -9841 -4149 
661 -9611 167 5147 -10084 -6319 -10033 7310 -10080 8095 -9562 7722 -3533 -10095 -8294 -8133 -1001 -10120 3177 -566 5206 -10096 -5122 -3320 -10089 7466 -9512 -2727 -8969 -9222 -836 -10047 6989 -9949 -7397 -9880 -8080 -5264 -9903 7087 -10110 -6546 -10047 682 -10076 -8977 8710 -9960 9774 -8098 -10 -10037 -7439 -10004 -1672 -9896 6747 3319 -9985 -8251 -8353 -10098 6863 -6817 -7947 -3094 -9917 -6639 -9840 9354 7003 -9839 -7010 -10038 -336 7700 -10069 -5222 6580 -10042 -5883 -6566 -519 -10066 6490 -10029 -6849 -809 -10029 -1389 -8033 9413 -10063 -9745 6180 -10098 2454 -10091 8302 7315 -10043 3694 -8987 -9936 -10055 -9731 -8624 6404 -9895 2146 -10033 -1832 -6156 -9753 5844 9573 -10108 -4343 6551 -9957 1014 3843 6726 -10095 9425 -5042 1739 -10090 -6979 5121 7402 -9986 2357 805 -9651 -3355 -10124 -4909 -9059 -10124 -9844 343 -9874 -3472 -8005 -9116 -9848 -2707 -10078 9161 -7412 -9902 2353 -9496 -6422 3117 -9833 6591 8418 -9805 4810 -933 -10000 -2643 -4794 -10075 5524 7260 -1236 -9992 2584 -8521 -1626 -10110 -3363 -10082 1946 -8085 -5813 -9870 -3765 -1562 -9992 -3842 -3497 -10071 -7213 1907 -2607 -9942 585 -4601 -10025 -3566 -9151 -5831 -9842 -1778 
3 -9612 5536 5813 -10085 -4833 -10034 -8669 -10081 4745 -9563 -7656 1813 -10096 -8477 -9302 -2355 -10121 -265 7880 2881 -10097 9460 8762 -10090 7992 -9513 -9215 -1973 -9223 -7857 -10048 -5882 -9950 6322 -9881 3820 -2015 -9904 7132 -10111 -7308 -10048 2778 -10077 -1494 -1348 -9961 6735 -8099 -7649 -10038 -8208 -10005 -3285 -9897 -4973 9125 -9986 -6267 71 -10099 7415 -6787 -7948 -9670 -9918 -6768 -9841 577 -8102 -9840 9949 -10039 2527 -9391 -10070 680 4466 -10043 -3223 -6567 -358 -10067 -5535 -10030 5214 -2129 -10030 1175 -8034 7827 -10064 7424 -7236 -10099 8313 -10092 382 7159 -10044 -9782 -6096 -148 -10056 -6837 -4427 -123 -9896 -612 -10034 -835 -2130 -9754 9074 1348 -10109 -9367 1199 -9958 937 -9224 4639 -10096 -3052 -5807 2191 -10091 -963 9465 4579 -9987 -6048 5355 -9652 3688 -10125 -627 -1520 -10125 2203 4324 -9875 7055 6812 283 -9849 -6174 -10079 7664 5964 -9903 -9985 -9497 -7098 -2383 -9834 -356 -7881 -9806 -2840 -9611 -10001 290 9677 -10076 -3348 -6970 -9962 -9993 3117 -8522 4892 -10111 -3165 -10083 -2080 -8086 6149 -9871 9560 803 -9993 776 -2196 -10072 -7586 7266 8848 -9943 -6971 -7139 -10026 3505 -9152 6012 -9843 -448 
-1400 -9613 -9822 -8637 -10086 -2435 -10035 8693 -10082 -5026 -9564 -2581 -5406 -10097 -938 -9303 -7840 -10122 -8274 -6758 8096 -10098 -1103 512 -10091 -1937 -9514 4256 -1269 -9224 -6356 -10049 3731 -9951 -4465 -9882 -6644 4398 -9905 -1898 -10112 3089 -10049 -1145 -10078 9647 9684 -9962 2736 -8100 -2788 -10039 -1019 -10006 -7921 -9898 -6365 -9533 -9987 -9596 -2595 -10100 -8049 1678 9215 5865 -9919 -2901 -9842 -8608 -1038 -9841 5173 -10040 -8431 -1704 -10071 -5479 -3913 -10044 -647 -6568 5550 -10068 8954 -10031 5777 7644 -10031 -8755 -8035 -2373 -10065 4160 1687 -10100 -888 -10093 -4438 6386 -10045 6676 7140 -453 -10057 7445 -875 -6917 -9897 1474 -10035 840 1999 -9755 -5607 303 -10110 3284 -9910 -9959 3875 -9225 9037 -10097 4804 -5808 -1927 -10092 -9890 8370 -9243 -9988 -9547 -1159 -9653 4058 -10126 8698 -2762 -10126 323 -5828 -9876 1123 4412 -8589 -9850 3716 -10080 3727 -2103 -8111 -9986 -8628 3642 3580 -9835 8393 384 -9807 -8700 7213 -10002 7836 914 -10077 -9973 -8625 8265 -9994 3677 -8523 -7611 -10112 807 -10084 -8240 -8087 -2917 -9872 -7509 27 -9994 7379 -7380 -10073 5834 -5782 -856 -9944 5192 7129 -10027 -8365 -9153 8592 -9844 8380 
-1465 -9693 -9823 6886 -10087 -2907 -10036 1476 -10083 -7352 -9565 4573 -3796 -10098 1148 -9304 -9993 -10123 7379 3694 -6614 -10099 -5817 1847 -10092 -1994 -9515 -5857 -6440 -9225 -8029 -10050 9291 -9952 -2112 -9883 1594 3946 -9906 -5927 -10113 6772 -10050 -2751 -10079 -3114 9954 -9963 -6182 -8101 -7261 -10040 9459 -10007 5281 -9899 5732 1591 -9988 9181 6311 -10101 3018 1003 8180 3958 -9920 -8234 -9843 5245 1404 -9842 6246 -10041 -8093 -8835 -10072 -1841 -7013 -10045 2862 -6569 -273 -10069 -3885 -10032 -1784 5510 -10032 572 9638 -6957 -10066 1192 8100 -10101 -9768 -10094 4362 1070 -10046 -1069 -9118 -3667 -10058 -3193 -8100 3128 -9898 628 -10036 6220 -4358 -9756 -1000 9787 -10111 9251 5783 -9960 6200 -9226 -9172 -10098 6085 -5809 9644 -10093 5637 -9381 5319 -9989 4802 -7243 -9654 -1461 -10127 9747 -615 -10127 3211 5947 -9877 -7660 6797 6883 -9851 9310 -10081 9337 -4699 -9840 -9987 -2173 -658 5585 -9836 3409 4860 -9808 7334 1201 -10003 3256 -1305 -10078 5423 -6430 -454 -9995 4670 -8524 7890 -10113 -1985 -10085 769 -2152 -1832 -9873 7941 4104 -9995 -3169 6920 -10074 1129 -5783 -6976 -9945 4896 1240 -10028 4177 -9154 5245 -9845 1111 
-42 -2044 -9824 7502 -10088 7004 -10037 -9873 -10084 20 -9566 -6524 5967 -10099 -595 4463 -2617 -10124 2322 -9921 -2778 -10100 -7010 -474 -10093 2671 -9516 -5908 2214 -9226 -8996 -10051 3551 -9953 5586 -9884 7646 2089 -9907 6778 -10114 -8047 -10051 -9863 -10080 5651 -3223 -9964 -4899 -8102 8393 -10041 -6837 -10008 9221 -9900 -5958 9584 -9989 -3296 8981 -10102 -4053 -2291 7227 -4000 -9921 875 -9844 -1960 2442 -9843 5477 -10042 -4038 -1456 -10073 4328 -3986 -10046 5639 -6570 -8267 -10070 9435 -10033 -3600 9061 -10033 6115 88 -8935 -10067 386 -1690 -10102 -6075 -10095 6139 -462 -10047 154 -9119 1158 -10059 2440 -8101 1621 -9899 -2969 -10037 -6421 174 -9757 -5866 -4724 -10112 -8403 3633 -9961 8315 -9227 -9512 -10099 -4041 -5810 1121 -10094 1702 -9382 1500 -9990 -1171 -7022 -9655 596 -10128 6130 -6997 -10128 -6240 -5114 -9878 2962 1053 -4357 -9852 2213 -10082 -4629 -1711 -443 -9988 9255 -7077 -4167 -9837 -9557 -1249 -9809 4147 -9208 -10004 -8943 9633 -10079 -2199 95 5517 -9996 -7197 -8525 -578 -10114 5498 -10086 7311 894 3870 -9874 -8286 -1658 -9996 -7989 6023 -10075 5821 2247 9965 -9946 3978 8430 -10029 -3507 -9155 -7250 -9846 1177 
-2653 -3597 -9825 -5798 -10089 6912 -10038 9784 -10085 7281 -9567 4451 5137 -10100 -1565 -2448 -3074 -10125 9836 -9922 -1524 -10101 -9526 5297 -10094 -4386 -9517 2689 7160 -9227 4082 -10052 -9878 -9954 -6379 -9885 -8141 -7338 -9908 -3137 -10115 9946 -10052 6894 -10081 8769 2835 -9965 -6776 -8103 -3219 -10042 209 -10009 2776 -9901 1844 513 -9990 956 3198 -10103 -3455 4031 9255 -5294 -9922 8094 -9845 -3216 2247 -9844 -4267 -10043 6856 9586 -10074 -7374 -3578 -10047 2513 9224 7104 -10071 -327 -10034 2213 3641 -10034 -1321 -8123 -1004 -10068 -489 4779 -10103 -6915 -10096 6685 -4474 -10048 -9141 -9120 -9318 -10060 984 -8102 -5724 -9900 8238 -10038 6687 2551 -9758 9595 -3377 -10113 -41 3374 -9962 -1044 -1548 -7418 -10100 4271 -5811 4467 -10095 9672 -9383 -1212 -9991 -9846 4728 -9656 3470 -10129 -5677 6903 -10129 1460 2087 -9879 -144 -9674 7454 -9853 -3017 -10083 6382 -8048 2460 -9989 -4995 -7078 -9390 -9838 443 7447 -9810 -3311 -5054 -10005 -4257 1158 -10080 -3064 -5473 5960 -9997 2315 -8526 8544 -10115 -2880 -10087 2817 -3777 -2985 -9875 -3044 837 -9997 -5624 6466 -10076 -9326 5977 -5886 -9947 7497 8800 -10030 -8369 -9156 6619 -9847 -3612 
1519 -614 -9826 -6738 -10090 3752 -10039 2925 -10086 -909 -9568 -6754 2941 -10101 -2637 1570 -1889 -10126 -623 -9923 6875 -10102 -5616 4492 -10095 8183 -9518 713 8701 -9228 -9208 -10053 -980 -9955 3183 -9886 5357 3789 -9909 -1782 -10116 2275 -10053 -255 -10082 -6534 3042 -9966 -9746 -8104 -4076 -10043 554 -10010 -2994 -9902 -7380 5877 -9991 7709 -2955 -10104 7316 56 7319 -4124 -9923 258 -9846 -8005 4142 -9845 9717 -10044 6166 -597 -10075 6631 2758 -10048 32 -3796 -1418 -10072 -8362 -10035 2077 -1405 -10035 -6327 -8124 8527 -10069 2702 -5191 -10104 6331 -10097 4718 -2297 -10049 5320 -7841 1517 -10061 3789 -8103 619 -9901 2488 -10039 7153 -657 -9759 -3180 -9882 -10114 -2418 -6126 -9963 -9613 1163 2325 -10101 -3594 -5812 2002 -10096 -5613 -9384 1726 -9992 -5928 -4546 -9657 4058 -10130 -3950 8995 -10130 -5235 9395 -9880 -6278 -9675 8306 -9854 7179 -10084 9088 -8049 4627 -9990 3137 3086 -7473 -9839 7461 -9873 -9811 -6706 -4029 -10006 4258 -4117 -10081 1653 -5474 -6578 -9998 8069 -8527 -2432 -10116 4408 -10088 -4563 -6660 6945 -9876 -1102 8866 -9998 5803 6733 -10077 -8412 5648 -7751 -9948 97 3415 -10031 -4242 -9157 2089 -9848 2057 
9276 4088 -9827 1315 -10091 1514 -10040 -4032 -10087 -6792 -9569 9712 -8948 -10102 -2926 4412 -4690 -10127 843 -9924 7745 -10103 -6876 -7832 -10096 5063 -9519 -8148 -46 -9229 -4978 -10054 6366 -9956 -8541 -9887 1822 8614 -9910 3679 -10117 -4287 -10054 -92 -10083 3626 -4015 -9967 -2355 4616 2468 -10044 -1480 -10011 3724 -9903 3770 -2958 -9992 -8229 5149 -10105 6448 -2778 8488 9544 -9924 1995 -9847 6734 -5004 -9846 -4753 -10045 6012 -3520 -10076 -4731 -9369 -10049 -2121 -7577 -5653 -10073 -6647 -10036 -8112 158 -10036 -4963 -8125 1076 -10070 -4209 4472 -10105 -9919 -10098 5280 -7822 -10050 9040 -8026 4283 -10062 -559 -8104 2991 -9902 4132 -10040 -5771 -7640 -9760 9976 2349 -10115 -5748 6989 -9964 4531 4310 1810 -10102 6728 -5813 7869 -10097 5838 -9385 -9613 -9993 1632 5963 -9658 -1616 -10131 -7277 -5789 -10131 -2498 7672 -9881 978 -9676 -9857 -9855 8477 -10085 9776 -8050 6469 -9991 4949 2444 -2617 -9840 -6663 -9874 7686 -7062 -3356 -10007 -9926 8518 -10082 4304 -6464 -1291 -9999 9677 -8528 -9380 -10117 -25 -10089 -8048 -6661 -4900 -9877 -5475 6431 -9999 -8397 6212 -10078 3707 -1455 -907 -9949 -2160 1272 -10032 -1462 -9158 -569 -9849 -3808 
-684 -393 -9828 -9788 -10092 -8568 -10041 4162 -10088 7522 -9570 2114 6994 -10103 2563 -9555 -4037 -10128 -5877 -9925 5375 -10104 2130 5482 -10097 -1626 -9520 -3513 4746 -9230 -4028 -10055 -9727 -9957 6479 -9888 1938 397 -9911 -662 -10118 6333 -10055 9158 -10084 3157 3985 -9968 -4531 -2166 5327 -10045 -7784 -10012 1416 -9904 8726 8070 -9993 -5713 7967 -10106 -2464 -9144 7296 -2126 -9925 167 -9848 -8309 -636 -9847 -5147 -10046 5785 531 -10077 -355 -7861 -10050 -7219 -7578 3370 -10074 -3881 -10037 -1826 5080 -10037 3955 -8126 1903 -10071 6721 5810 -10106 -5730 -10099 8800 8904 -10051 187 -8027 -1481 -10063 8068 -8105 -3278 -9903 5885 -10041 -6341 1883 -9761 8586 -6087 -10116 4729 -8316 -9965 -765 -941 6871 -10103 -8360 -5814 -5440 -10098 -3494 -7741 4359 -9994 -1731 2001 -9659 -5421 -10132 9125 5963 -10132 3664 -5883 -9882 -5791 -7678 -9858 9716 -2042 -10086 5957 -8051 -4382 -9992 2404 -2104 6033 -9841 1393 -9875 -9567 -7063 -3479 -10008 8933 7219 -10083 3754 -6465 2779 -10000 -3 -8743 -4855 -10118 5650 -10090 5630 -3453 5583 -9878 -1565 -406 -10000 9463 6593 -10079 -3406 -7288 -8877 -9950 9235 8978 -10033 -1284 -9159 9983 -9850 -3871 
-3789 -1314 -9829 3394 -10093 5203 -10042 7594 -10089 4287 -9571 9191 -4983 -10104 8657 -9556 -8651 -10129 -4809 -9926 -5219 -10105 2125 -1487 -10098 -8435 -9521 4885 2426 -9231 -2872 -10056 -7213 -9958 7179 -9889 -87 324 -9912 589 -10119 -7865 -10056 -5196 -10085 -2404 -5084 -9969 -2101 9041 7589 -10046 -7557 -10013 5289 -9905 -9689 8660 -9994 -2617 319 -10107 -859 -9145 -1374 2073 -9926 -6431 -9849 -1201 -8655 -9848 -8294 -10047 -9657 -4289 -10078 4440 2835 -10051 5629 -7579 1039 -10075 8870 -10038 5410 -1182 -10038 -4321 -8127 315 -10072 3687 8650 -10107 -9651 -10100 -4207 1286 -10052 -3381 -8028 7021 -10064 3379 -8106 4208 -9904 -3471 -10042 9330 -6724 -9762 8957 1536 -10117 8690 5779 -9966 -6766 -5830 2961 -10104 -7747 -3020 7357 -10099 -7636 -4940 1701 -9995 4541 -3412 -9660 -4977 -10133 -712 -8964 -10133 962 4380 -9883 5424 8467 -9859 -166 -2387 -10087 -7914 -8052 3436 -9993 -6589 -2261 8215 -9842 1785 -9876 3696 -5449 8449 -10009 5920 -4954 -10084 5934 -6466 -9594 -10001 864 -8744 1299 -10119 8389 -10091 9701 4176 -3569 -9879 9112 -1702 -10001 8817 5940 -10080 4800 -248 6502 -9951 5928 -5631 -10034 -8867 -9160 -246 -9851 4451 
6823 4814 -9830 2207 -10094 4620 -10043 2722 -10090 8627 -9572 -6419 3268 -10105 -8534 -9557 4138 -10130 3502 -9927 9425 -10106 -9004 -3429 -10099 7244 -9522 7495 -3099 -9232 7344 -10057 4731 -9959 3323 -9890 -1990 2361 -9913 8713 -10120 6785 -10057 -2180 -10086 2434 -58 -9970 8547 -532 204 -10047 -6248 -10014 -6535 -9906 104 6176 -9995 8569 -8074 -10108 -4694 -9146 -9579 -6812 -9927 -5359 -9850 -2712 2004 -9849 565 -10048 -9710 2705 -10079 -3476 1201 -10052 8034 -7580 959 -10076 2970 -10039 -2560 -4307 -10039 7389 -8128 -708 -10073 -6397 -3732 -10108 2198 -10101 -9877 4777 -10053 -6016 -8029 3331 -10065 9501 -8107 -3920 -9905 665 -10043 1518 -4747 -9763 1986 8260 -10118 -9643 -4452 -9967 -1226 6827 -4083 -10105 7766 1174 6706 -10100 -4290 952 -3136 -9996 -2403 -6524 -9661 7397 -10134 -4826 -2542 -10134 -1375 1120 -9884 -52 4799 -9860 6159 -9740 -10088 -135 -8053 5530 -9994 3951 -9240 708 -9843 1923 -9877 -3567 -4377 4270 -10010 548 763 -10085 5081 5631 -919 -10002 7873 -8745 7754 -10120 6278 -10092 9618 2032 5176 -9880 -1537 8235 -10002 5443 1571 -10081 -3322 6170 3702 -9952 1611 -5731 -10035 -2679 -9161 222 -9852 -50 
-352 -9151 -9831 -7925 -10095 2951 -10044 -9147 -10091 -7705 -9573 4226 8482 -10106 6627 -9558 -4317 -10131 -5496 -9928 -7622 -10107 -8756 2644 -10100 964 -9523 9702 6361 -9233 8952 -10058 -5169 -9960 -7070 -9891 7291 -4311 -9914 -9478 -10121 6852 -10058 5577 -10087 8984 2453 -9971 -2892 -6000 -7780 -10048 9157 -10015 3629 -9907 -4288 2503 -9996 8693 -6829 -10109 7735 5539 -9580 5922 -9928 2568 -9851 2304 -6025 -9850 6113 -10049 -7271 -525 -10080 -229 7119 -10053 3066 -7581 2784 -10077 -3316 -10040 -8519 8258 -10040 3443 -8129 -303 -10074 -3587 -4038 -10109 6501 -10102 -5997 -5255 -10054 -2661 -8030 1203 -10066 -2338 -8108 6932 -9906 8998 -10044 3094 6439 -9764 -1000 2035 -10119 4308 7453 -9968 -3489 -9495 6883 -10106 -363 7491 5066 -10101 7981 -1644 7878 -9997 1785 1103 -9662 4829 -10135 558 5956 -10135 -8253 -8708 -9885 2217 -3447 -9861 -6008 -1415 -10089 8235 -8054 -2061 -9995 -9576 -9241 -2380 -9844 -7455 -9878 1910 -4767 -2271 -10011 3681 -8803 -10086 188 -7524 8575 -10003 -6232 -8746 3563 -10121 7438 -10093 1461 -737 7283 -9881 1537 9183 -10003 -6217 -3572 -10082 -2104 5756 5302 -9953 9938 -2119 -10036 -6812 -9162 -2547 -9853 -4043 
5173 -4541 -9832 624 -10096 3402 -10045 9301 -10092 4515 -9574 -8554 -2316 -10107 -2649 -9559 7085 -10132 4383 -9929 9901 -10108 -2334 4080 -10101 9617 -9524 3082 9437 -9234 -2175 -10059 297 -9961 2634 -9892 199 5051 -9915 -4112 -10122 7464 -10059 9467 -10088 6225 3465 -9972 1649 -2277 1721 -10049 6791 -10016 -6008 -9908 1162 736 -9997 6425 658 -10110 -4007 3804 -9581 9549 -9929 7043 -9852 -1299 -8820 -9851 -3380 -10050 1767 4213 -10081 -4985 -2595 -10054 -1176 -7582 -1578 -10078 -2562 -10041 -1117 6566 -10041 -5619 -8130 -4656 -10075 2553 -5300 -10110 7993 -10103 2852 -3844 -10055 6554 -8031 -9316 -10067 1319 -8109 7477 -9907 7868 -10045 8452 3529 -9765 8438 -2031 -10120 -2777 -7910 -9969 7166 -9496 -1241 -10107 1793 7024 6406 -10102 -3268 -8431 -3097 -9998 -6669 -8126 -9663 -3506 -10136 -326 4405 -10136 4016 -182 -9886 -5496 -1022 -9862 1451 383 -10090 -1774 -8055 7149 -9996 -7851 -7079 -1114 -9845 -798 -9879 -1922 -9221 3031 -10012 9495 -4167 -10087 -3295 -7525 6846 -10004 1294 -8747 499 -10122 1599 -10094 22 -3855 3131 -9882 186 1257 -10004 7865 -7149 -10083 -6822 -8921 8067 -9954 -5535 -4391 -10037 -9339 -9163 -7073 -9854 1973 
5332 93 -9833 7156 -10097 -1778 -10046 7079 -10093 -5716 -9575 8931 -9696 -10108 3482 -9560 4957 -10133 -6542 -9930 8691 -10109 -2075 -2576 -10102 -1139 -9525 9480 -3307 -9235 215 -10060 -4082 -9962 1355 -9893 -1537 -4779 -9916 -7346 -10123 577 -10060 8824 -10089 3164 2083 -9973 -9273 -9976 -4352 -10050 8685 -10017 -5902 -9909 4347 -6971 -9998 4964 -9411 -10111 7634 -5167 -9582 -1819 -9930 -4309 -9853 -5038 -7438 -9852 -3046 -10051 -7749 7404 -10082 9946 138 -10055 -327 -7583 -1218 -10079 -3455 -10042 1160 -4479 -10042 1494 -8131 -981 -10076 -7636 563 -10111 2818 -10104 -9501 -8930 -10056 6327 -7348 599 -10068 -7876 -8110 4035 -9908 -2540 -10046 -9921 8397 -9766 8428 -6429 -10121 -3891 -1181 -9970 -5644 -9497 8406 -10108 -2307 6346 -2587 -10103 3911 -8432 7779 -9999 3476 -8866 -9664 -9636 -10137 -2430 750 -10137 -3358 -1095 -9887 1095 -6196 -9863 -3608 -2551 -10091 6543 -8056 -7095 -9997 6192 -8280 -449 -9846 -6894 -9880 34 -9222 -6273 -10013 -7582 1865 -10088 -7746 -7526 -8631 -10005 7282 -8748 9936 -10123 -2184 -10095 -6618 -7209 -5344 -9883 -2884 4949 -10005 7663 -6299 -10084 333 -8922 -4180 -9955 4651 -2700 -10038 3115 -7132 -3469 -9855 1300 
5503 3536 -9834 7571 -10098 -6585 -10047 4292 -10094 -5561 -9576 -1762 -6645 -10109 -8021 -9561 -631 -10134 -895 -9931 -8346 -10110 -897 -7280 -10103 1889 -9526 9348 -2693 -9236 2067 -10061 3615 -9963 -5156 -9894 4289 912 -9917 -6041 -10124 -4172 -10061 -4014 -10090 6137 -4078 -9974 -5314 -9977 1568 -10051 -9596 -10018 8144 -9910 459 -3668 -9999 7285 1966 -10112 2782 2844 -9583 1908 -9931 5807 -9854 -4240 -1691 -9853 9287 -10052 1658 2496 -10083 6725 -8949 -10056 1097 -7584 1216 -10080 -9728 -10043 -2045 -9593 -10043 7286 -8132 -9137 -10077 1007 -2915 -10112 -9140 -10105 -3433 -978 -10057 390 1077 1683 -10069 -3467 -8111 -4155 -9909 -6183 -10047 7229 5890 -9767 -9389 -7116 -10122 8388 4928 -9971 1475 -9498 -4281 -10109 -3108 -6751 2424 -10104 287 -8433 9906 -10000 1169 -9663 -9665 3193 -10138 495 -1327 -10138 8861 4569 -9888 1640 2291 -9864 -1576 7025 -10092 -7780 -8057 -3493 -9998 729 -8281 8436 -9847 -3574 -9881 7324 -9223 1310 -10014 -1449 7363 -10089 4967 5955 1575 -10006 9266 -8749 8836 -10124 -7339 -10096 6490 -7210 7842 -9884 5827 1112 -10006 -1060 -3556 -10085 -1170 -8923 3388 -9956 4857 3595 -10039 -9362 -2201 -820 -9856 735 
-2739 7327 -9835 -9379 -10099 6301 -10048 5041 -10095 4585 -9577 8675 -9828 -10110 -6265 -9562 -1863 -10135 -721 -9932 -4091 -10111 -186 -6871 -10104 699 -9527 6013 -5653 -9237 9071 -10062 -6495 -9964 4722 -9895 4283 4242 -9918 -3977 -10125 2236 -10062 188 -10091 4829 -7020 -9975 -6648 -9978 1692 -10052 5122 -10019 2266 -9911 9227 -3977 -10000 80 -5163 -10113 5183 4359 -9584 5678 -9932 -5890 -9855 -648 4102 -9854 9088 -10053 3295 -7614 -10084 -4888 -9162 -10057 -716 -7585 -6578 -10081 6610 -10044 -191 3256 -10044 -4444 367 -2182 -10078 5145 57 -10113 -9493 -10106 4023 5695 -10058 -9444 -8059 -9540 -10070 -8520 -8112 -902 -9910 6917 -10048 -9365 3985 -9768 6676 26 -10123 634 8304 -9972 -7826 -9499 -3764 -10110 4570 -6752 6082 -10105 1052 -8434 7901 -10001 1379 -8311 -9666 -5972 -10139 -4993 5593 -10139 -3803 1510 -9889 -1118 1002 -9865 -3345 2005 -10093 7431 -8058 2007 -9999 -2494 -8282 -7863 -9848 -2366 -9882 -843 -9224 7066 -10015 6912 4541 -10090 -627 3556 -5873 -10007 940 -8750 6310 -10125 3150 -10097 -2634 -7211 2462 -9885 -858 -3604 -10007 8210 -4463 -10086 3795 -8924 2986 -9957 5149 -4304 -10040 -90 -6613 -2774 -9857 -1134 
8275 -6023 -9836 5883 -10100 4994 -10049 -2365 -10096 7262 -9578 -6059 -3992 -10111 5191 -9563 -9785 -10136 -6102 -9933 -8377 -10112 -94 -9402 -10105 -1623 -9528 8638 175 -9238 -6404 -10063 -5342 -9965 5247 -9896 -3258 -3970 -9919 -6961 -10126 2214 -10063 557 -10092 3454 -7109 -9976 -6895 -9979 -7582 -10053 -4431 -10020 3515 -9912 9943 -7207 -10001 -3968 -3979 -10114 1497 2837 -9585 7151 -9933 -7501 -9856 -2361 -8694 -9855 -8028 -10054 -664 1336 -10085 3285 -2212 -10058 8944 -7586 6645 -10082 6044 -10045 -8627 -336 -10045 1297 -616 6115 -10079 8397 -9770 -10114 -4252 -10107 -1022 -2360 -10059 -6713 -7851 4551 -10071 -709 377 799 -9911 -4376 -10049 -2139 3157 -9769 -3164 8240 -10124 4127 -5313 -9973 6790 -9500 9507 -10111 5536 -6753 530 -10106 6582 -8435 -5627 -10002 8590 6555 -9667 3441 -10140 5392 1511 -10140 -2539 6699 -9890 -9903 3673 -9866 1591 -4225 -10094 4419 -8059 -4828 -10000 -990 -8283 -1552 -9849 9638 -9883 822 -9225 -3763 -10016 -9631 -8006 -10091 -9880 -4628 7594 -10008 7502 -8751 2077 -10126 -7569 -10098 7580 -7212 -3563 -9886 3385 8269 -10008 8752 -6742 -10087 9893 -8925 -2066 -9958 736 2846 -10041 9253 -6614 -2123 -9858 -4544 
3536 -5985 -9837 -8504 -10101 -8886 -10050 -1335 -10097 2378 -9579 9746 -6326 -10112 7654 1661 4459 -10137 2570 -9934 7588 -10113 465 -9323 -10106 -3629 -9529 -7486 -1682 -9239 2364 -10064 -3833 -9966 7587 -9897 -4889 8957 -9920 -6950 -10127 -905 -10064 -860 -10093 -4469 -7444 -9977 -8950 -9980 3239 -10054 8426 -10021 4956 -9913 -7866 6484 -10002 675 -3256 -10115 -4947 -8239 -9586 7213 -9934 8186 -9857 -9523 1529 -9856 -2471 -10055 -899 3655 -10086 -5437 -9598 -10059 -7969 -7587 1310 -10083 -627 -10046 4055 -6829 -10046 -8978 -4673 -3811 -10080 -7188 7570 -10115 6681 -10108 2082 -7442 -10060 9664 -6504 -7558 -10072 -5327 1002 -4270 -9912 9518 -10050 6252 3908 -9770 1853 -3109 -10125 -4474 3410 -9974 -6961 -9501 7521 -10112 -3788 -6754 9211 -10107 -8374 -8436 -3555 -10003 5035 391 -9668 4443 -10141 59 3897 -10141 9998 -8662 -7852 -9904 8869 -9867 5254 -3685 -10095 -9290 -8060 -5528 -10001 -4744 -8284 2955 -9850 -5935 -9884 -7820 -9226 -5510 -10017 3347 -1640 -10092 1857 -5620 9716 -10009 -8942 -8752 367 -10127 -5289 -10099 4354 -7213 -5338 -9887 -5318 -5578 -10009 5883 -6279 -10088 9407 -8926 -3214 -9959 9273 4958 -10042 7878 -6615 9081 -9859 32 
2747 -1519 -9838 -507 -10102 7693 -10051 9283 -10098 -9127 -9580 2347 -9034 -10113 -451 -7498 -5454 -10138 -5646 -9935 7345 -10114 -828 -9024 -10107 -9007 -9530 -4424 -9618 -9240 9147 -10065 3508 -9967 9 -9898 7746 -3165 -9921 951 -10128 4997 -10065 5902 -10094 -753 5247 -9978 -1817 -9981 -7286 -10055 5412 -10022 -7418 -9914 5062 -1830 -10003 -372 -9842 -10116 -8093 -1921 -9587 -1829 -9935 -396 -9858 -9337 -2946 -9857 9109 -10056 -4860 3010 -10087 4837 345 -10060 -979 4061 8674 -10084 -5996 -10047 -4996 -4019 -10047 -7831 710 -9541 -10081 -5413 -5324 -10116 9817 -10109 -6843 5986 -10061 7145 -9376 7621 -10073 -3005 3571 6359 -9913 -9196 -10051 -7805 7826 -9771 2528 4405 -10126 4519 5716 -9975 845 -9502 -9153 -10113 -9002 -6755 59 -10108 1345 -8437 7549 -10004 -1621 -3772 -9669 7767 -10142 1456 -254 -10142 -90 -8663 7796 -9905 4516 -9868 5585 8947 -10096 -1106 -7829 2918 -10002 -9722 -8285 -9772 -9851 2933 -9885 1048 -9227 -6784 -10018 618 -8110 -10093 116 -5621 8679 -10010 8758 9089 7480 -10128 3328 -10100 -2097 -7214 8605 -9888 -2222 -317 -10010 7587 -3465 -10089 -1511 -8927 9942 -9960 8792 -10 -10043 7333 -6616 -5329 -9860 1253 
4721 4497 -9839 2149 -10103 -4323 -10052 7138 -10099 8116 -9581 -8790 8577 -10114 -1379 -7499 965 -10139 859 -9936 10 -10115 6540 -8119 -10108 -232 -9531 -687 -9619 -6044 -5793 -10066 8143 -9968 679 -9899 -3382 4388 -9922 711 -10129 6448 -10066 74 -10095 -6625 -5423 -9979 -5489 -9982 -496 -10056 -9066 -10023 -711 -9915 3924 4514 -10004 4963 9784 -10117 -3277 -4477 -9588 1201 -9936 -6600 -9859 9010 9622 -9858 -8768 -10057 3724 -1041 -10088 4130 4423 -10061 8339 253 -6063 -10085 2408 -10048 6634 -782 -10048 3588 -3429 -185 -10082 -7016 -2460 -10117 -823 -10110 7868 6758 -10062 -9842 -9377 9785 -10074 -8328 9815 3993 -9914 7286 -10052 -6852 6930 -9772 2070 -5463 -10127 6034 1158 -9976 4970 -9503 8302 -10114 1804 -6991 -1312 -10109 -6244 -8438 -4029 -10005 4467 -7596 -9670 4919 -10143 5911 -9331 -10143 -1788 -8664 9673 -9906 9006 -9869 1238 -6338 -10097 1121 4896 336 -10003 8786 -2572 -5310 -9852 839 -9886 655 -9228 9204 -10019 -9958 -9649 -10094 -4447 -5622 6076 -10011 -6656 4956 -1284 -10129 6889 -10101 -2332 -7215 9947 -9889 -7600 1464 -10011 8977 8837 -10090 44 -8928 -9560 -9961 -8999 -8331 -10044 -5335 -6617 -2166 -9861 7634 
6806 1375 -9840 478 -10104 -5254 -10053 5908 -10100 6940 -9582 9627 -9696 -10115 -4085 -7500 -5711 -10140 6114 -9937 8193 -10116 8542 -5916 -10109 -258 -9532 307 -9620 7454 -6813 -10067 -4032 -9969 -4404 -9900 8923 -5648 -9923 -7626 -10130 5357 -10067 6540 -10096 4946 419 -9980 2424 -9983 2647 -10057 782 -10024 4746 -9916 3488 6959 -10005 -7006 4153 -10118 -4499 2170 -9589 3587 -9937 -4443 -9860 -9783 6486 -9859 9832 -10058 4271 -404 -10089 -3661 -1757 -10062 -2930 -3115 -3455 -10086 5962 -10049 -7712 6962 -10049 -7256 -9763 -1740 -10083 1556 -1659 -10118 -900 -10111 7262 -8525 -10063 6036 -5160 6862 -10075 -6664 7741 -5363 -9915 -8788 -10053 4413 2511 -9773 -2919 -8272 -10128 -3869 -9144 -9977 -4522 -9504 2778 -10115 3105 -6992 2186 -10110 1233 -8439 -1043 -10006 657 -6312 -9671 8505 -10144 5252 -3442 -10144 -9686 -8665 9786 -9907 -5211 -9870 -4541 -4209 -10098 -4058 8148 -3666 -10004 -4262 884 -4449 -9853 6886 -9887 -9763 -9229 9894 -10020 -8292 -1509 -10095 -9091 -5623 -3288 -10012 2533 7156 207 -10130 3381 -10102 8580 -7216 -3672 -9890 7016 -9085 -10012 7868 7767 -10091 7746 -9949 -5663 -9962 3616 6122 -10045 -6955 -6618 6774 -9862 9420 
-269 4352 -9841 -7975 -10105 247 -10054 6065 -10101 9138 -9583 -9925 755 -10116 -3059 -7501 6325 -10141 390 -9938 8858 -10117 -6898 835 -10110 6985 -9533 -6786 -9621 -4063 -510 -10068 5147 -9970 1667 -9901 -2807 69 -9924 6375 -10131 9263 -10068 9508 -10097 -809 8838 -9981 8352 -9984 6714 -10058 8660 -10025 2506 -9917 -1868 -8333 -10006 -446 4294 -10119 -5996 -7122 -9590 8928 -9938 5592 -9861 5153 -9484 -9860 -9354 -10059 1328 2785 -10090 -2555 3203 -10063 -9881 -2158 406 -10087 -2127 -10050 -9085 4361 -10050 8748 -9764 -3763 -10084 2826 5755 -10119 7500 -10112 -8461 6334 -10064 -3809 -6541 -7875 -10076 9326 4169 -9146 -9916 1364 -10054 -9206 -7384 -9774 654 -5676 -10129 -5848 -1568 -9978 4484 -9505 -464 -10116 6203 -6993 -7990 -10111 9032 -8440 4513 -10007 -8164 6386 -9672 -9606 -10145 -5535 -8716 -10145 5542 8930 6897 -9908 -8718 -9871 -3372 -8961 -10099 6788 -2606 -636 -10005 7069 -6949 6957 -9854 -5278 -9888 5351 9398 -8116 -10021 8180 9516 -10096 8933 147 4216 -10013 -1423 -6178 2734 -10131 -5320 -10103 9420 -7217 -2665 -9891 6448 -5106 -10013 8765 4974 -10092 -3923 -9950 -950 -9963 -3442 4525 -10046 -6382 8203 6750 -9863 -3061 
-1316 1867 -9842 -313 -10106 7960 -10055 3658 -10102 -5261 6200 -9926 6557 -10117 3318 -7502 6003 -10142 -364 -9939 -2929 -10118 -5632 -4352 -10111 -6271 -9534 -7584 -9622 7022 1813 -10069 -28 -9971 -3010 -9902 -7938 -4264 -9925 7715 -10132 -4857 -10069 3922 -10098 7326 -1778 -9982 -201 -9985 -1067 -10059 -697 -10026 4776 -9918 -8440 5446 -10007 -6594 9634 -10120 -4996 -7688 -9591 454 -9939 9411 -9862 6313 -1132 -9861 -9457 -10060 -9906 4120 -10091 -3121 704 -10064 4671 9171 -1758 -10088 7123 -10051 4822 -5847 -10051 7881 -9765 -3031 -10085 5459 -7449 -10120 8729 -10113 5074 -5279 -10065 5656 -6221 370 -10077 -5533 1910 -5431 -9917 -9245 -10055 -9641 1166 -9775 5148 7937 -10130 -1712 4985 -9979 1828 -9506 -7942 -10117 -2403 4215 -5974 -10112 4215 -8441 7261 -10008 -71 4683 -9673 542 -10146 -979 -2229 -10146 7761 6300 7524 -9909 -7261 -9872 -4823 7760 -10100 8855 -7075 -3617 -10006 3559 -6950 -1337 -9855 -3641 -9889 -2358 -6312 2441 -10022 -887 9900 -10097 8131 -3878 6105 -10014 -4490 -6179 -4346 -10132 -3949 -10104 1560 -7218 -8305 -9892 -480 -3258 -10014 3376 -8328 -10093 -612 -9951 -2973 -9964 -2907 -1020 -10047 8592 -7137 -9825 -9864 1241 
372 -1607 -9843 -3935 -10107 3329 -10056 -1515 -10103 -779 -6838 -9927 9981 -10118 -706 -7503 1574 -10143 4345 -9940 -1260 -10119 -5760 -1099 -10112 -261 -9535 1634 -9623 8491 -4914 -10070 -1865 -9972 4711 -9903 4255 -9030 -9926 -5955 -10133 9799 -10070 -1785 -10099 -8086 -3297 -9983 7839 -9986 -4212 -10060 -8143 -10027 7773 -9919 -5036 9694 -10008 8069 2749 -10121 -4806 6940 -9592 3098 -9940 -4528 -9863 -3628 257 -9862 -6371 -10061 1030 -976 -10092 2959 737 -10065 5208 -6510 -3234 -10089 4425 -10052 -2971 8140 -10052 5072 -9766 -5564 -10086 -2029 -6374 -10121 7148 -10114 9276 -6160 -10066 -6055 -2283 5758 -10078 -5088 -2814 2036 -9918 5041 -10056 -9375 1739 -9776 9776 1155 -10131 -6100 -5185 -9980 -9018 -9507 -6083 -10118 -7506 -416 -3701 -10113 -5523 -8442 -7869 -10009 3101 -7713 -9674 -4488 -10147 4678 8505 -10147 -3670 -9818 -2192 -9910 -8741 -9873 5965 6485 -10101 7463 -7076 66 -10007 5252 -6951 6696 -9856 -6360 -9890 9554 -6313 2900 -10023 5620 -9566 -10098 5909 -7432 5661 -10015 1428 -6180 3453 -10133 -8904 -10105 9541 -1131 3533 -9893 -7817 -5625 -10015 -5161 -8413 -10094 -6461 -9952 -4056 -9965 8687 7091 -10048 7356 -2385 3719 -9865 9040 
-1554 -4539 -9844 3616 -10108 -7498 -10057 100 -10104 5124 -343 -9928 -959 -10119 5936 -7504 -3570 -10144 -8240 -9941 -2287 -10120 -9595 -9972 -10113 -3207 -9536 405 -9624 -6506 8962 -10071 -9318 -9973 4473 -9904 168 8137 -9927 6482 -10134 -4434 -10071 2128 -10100 -6759 7207 -9984 -7001 -9987 -3627 -10061 1016 -10028 1232 -9920 9664 -3616 -10009 5025 -8179 -10122 8582 857 -9593 8087 -9941 2622 -9864 2820 -9027 -9863 8620 -10062 -7888 -2776 -10093 7210 4014 -10066 1469 -6511 -6405 -10090 -6789 -10053 -5332 -6321 -10053 -6186 -9767 4895 -10087 2727 7903 -10122 -289 -10115 6429 3435 -10067 -3647 2299 -9125 -10079 -3409 760 874 -9919 -8982 -10057 -910 -5294 -9777 -616 -1569 -10132 -5855 4117 -9981 -2322 -9508 2530 -10119 4420 3421 -146 -10114 -6392 -8443 5875 -10010 1694 3441 -9675 -5221 -10148 7787 -8352 -10148 6293 -9819 -9596 -9911 -9816 -9874 -2941 -1369 -10102 4308 -7077 7385 -10008 -6352 -6952 -4861 -9857 -233 -9891 -9712 -6314 -5075 -10024 -4722 4792 -10099 -1483 -7433 6508 -10016 9719 -6181 -9793 -10134 8286 -10106 7431 8441 6099 -9894 7441 -6990 -10016 -3656 -443 -10095 1936 -9953 -3709 -9966 -7115 -6141 -10049 -9478 8167 -4744 -9866 -887 
6553 -4460 -9845 1417 -10109 -9656 -10058 -4251 -10105 -5483 7976 -9929 -3081 -10120 -3930 -7505 -2826 -10145 -9993 -9942 3294 -10121 9268 2875 -10114 4378 -9537 -8604 -9625 -4489 -3334 -10072 -8707 -9974 2224 -9905 -7160 -5829 -9928 4536 -10135 3405 -10072 -5303 -10101 -2694 -8303 -9985 -1661 -9988 -8451 -10062 9820 -10029 -4754 -9921 -2650 -9916 -10010 9284 1911 -10123 3898 -2507 -9594 -530 -9942 444 -9865 -1962 -9566 -9864 -7529 -10063 -38 9255 -10094 2113 -9092 -10067 -4089 -6512 -1041 -10091 4347 -10054 -6014 5666 -10054 4582 -9768 1560 -10088 -1561 5354 -10123 -735 -10116 7748 7277 -10068 5158 -4877 4718 -10080 1291 -9344 -790 -9920 6109 -10058 5891 -9894 -9778 5692 8474 -10133 -2042 7091 -9982 -9735 -9509 4582 -10120 8420 -256 -7215 -10115 -6783 -8444 6353 -10011 -9965 7739 -9676 3441 -10149 -5983 -4807 -10149 -2209 -9820 -2375 -9912 -1748 -9875 -1554 -6318 -10103 6801 -7078 -6912 -10009 -4311 -6953 2518 -9858 2540 -9892 1909 -490 -5139 -10025 8057 -3206 -10100 5868 -7434 -4592 -10017 4197 5176 -5812 -10135 6698 -10107 -5982 3013 -700 -9895 9472 -4136 -10017 -5156 -3625 -10096 -3485 -9954 7819 -9967 -7321 2256 -10050 -8278 4889 9809 -9867 3556 
8780 1377 -9846 -1005 -10110 7965 -10059 -1959 -10106 -4768 -2225 -9930 -7221 -10121 3832 -7506 -6582 -10146 1140 -8113 -4976 -10122 9296 1255 -10115 9392 -9538 9146 -9626 5555 3341 -10073 44 -9975 -3899 -9906 -4835 -3166 -9929 -6479 -10136 8340 -10073 -3043 -10102 -4846 -206 -9986 8763 -9989 7840 -10063 1321 -10030 -5344 -9922 -3102 3784 -10011 8678 -7067 -10124 -9377 -6135 -9595 4597 -9943 -1212 -9866 -4788 981 -9865 -2549 -10064 2383 1368 -10095 1402 -255 -10068 -7583 -6513 -2829 -10092 6683 -10055 -6321 -5738 -10055 7981 -9769 5054 -10089 4513 -724 -10124 2217 -10117 1553 8438 -10069 -3753 -8742 -6988 -10081 4145 -9345 -9989 -9921 -8769 -10059 -9197 -9895 -9738 -7281 -870 -10134 3054 1550 -9983 6846 -6339 5075 -10121 -6826 -723 -5271 -10116 8965 -8445 4756 -10012 3239 4368 -9677 6511 -10150 -288 -8430 -10150 -2978 -9821 -7150 -9913 83 -9876 -5957 9167 -10104 -8522 -7079 -2704 -10010 499 -6954 6128 -9859 8909 -9893 4839 -5912 1334 -10026 -2030 -2140 -10101 4511 -7435 -7223 -10018 -6332 -9581 1623 -10136 -1155 -10108 4802 -263 9801 -9896 -9508 7286 -10018 570 -9353 -10097 7221 -9955 -6646 -9968 -1065 7759 -10051 -9958 -8439 -8927 -9868 -1684 
8665 -1082 -9847 4109 -10111 6595 -10060 -2425 -10107 8781 193 -9931 4516 -10122 -2923 -7507 4787 -10147 -2271 480 1465 -10123 2322 -5971 -10116 839 -9539 -234 -9627 -2384 -5978 -10074 -4180 -9976 8157 -9907 4812 -6691 -9930 5240 -10137 3342 -10074 886 -10103 -5763 -4014 -9987 5951 -9990 -4365 -10064 8321 -10031 -368 -9923 -1480 8664 -10012 6007 -2115 -10125 -4598 3483 -9596 -6728 -9944 -8959 -9867 -2178 953 -9866 6373 -10065 9048 8182 -10096 3966 7683 -10069 3997 -8067 -693 -10093 4286 -10056 6791 8257 -10056 8729 -9770 -9391 -10090 8838 -4326 -10125 -1541 -10118 -5482 4678 -10070 1416 -8743 9382 -10082 -9510 2640 -9990 -6982 4020 -10060 -8440 -9896 4349 -2755 -9892 -10135 4721 2599 -9984 -9490 4576 2863 -10122 6831 -9570 -195 -10117 -2662 -8446 938 -10013 3775 -3135 -9678 -4825 -10151 -9198 -8834 -10151 -2266 -9822 -1090 -9914 -3369 -9877 -5516 8395 -10105 -4874 1336 7560 -10011 -9169 -6955 -6708 -9860 9435 -9894 -9345 -5913 -426 -10027 9606 -9434 -10102 4389 -7436 7752 -10019 5626 -9582 -2417 -10137 5217 -10109 -2337 -3971 -4220 -9897 -1905 -9819 -10019 -1592 -2226 -10098 7995 -9956 -7915 -9969 993 -2930 -10052 6175 5107 4987 -9869 4765 
-1902 4646 -9848 9677 -10112 9384 -10061 2773 -10108 -3696 -3544 -9932 7892 -10123 -7890 -7508 1649 -10148 1137 8397 -9263 -10124 1759 9469 -10117 -3165 -9540 -6713 -9628 7810 5171 -10075 -4846 -9977 484 -9908 -7365 -2407 -9931 -3691 -10138 -1982 -10075 -2838 -10104 -8565 -9719 -9988 -1399 -9991 -2060 -10065 3806 -10032 -7669 -9924 -6580 -2760 -10013 -754 -5858 -10126 -4563 6040 -9597 4295 -9945 6981 -9868 251 1369 -9867 6238 -10066 3453 -7108 -10097 3312 -1073 -10070 7684 -8068 9887 -10094 6469 -10057 -2590 5745 -10057 5335 -9771 -7373 -10091 183 -3827 -10126 -4275 -10119 3397 1357 -10071 7821 -8744 -811 -10083 2016 -22 -9991 9736 -8669 -10061 -4008 -9897 8214 3637 -2779 -10136 4328 -8388 -9985 -6644 2491 -7456 -10123 -4274 -9571 -8405 -10118 -634 -8447 -6173 -10014 -6998 -9745 -9679 6547 -10152 8878 -5764 -10152 -4309 -9823 1141 -9915 -6946 -9878 4354 988 -10106 -9196 -5910 -9208 -10012 6627 4342 3050 -9861 9794 -9895 1194 9862 -6275 -10028 5142 2641 -10103 -6245 -7437 1753 -10020 -6722 -9583 1378 -10138 8138 -10110 -6914 5206 298 -9898 6980 4812 -10020 8731 3331 -10099 -1421 -9957 7503 -9970 6799 8104 -10053 7078 6955 -3077 -9870 1350 
1205 9462 -9849 4526 -10113 4701 -10062 6553 -10109 2063 -3561 -9933 -6010 -10124 -7898 4603 -6691 -10149 -9177 -8110 5088 -10125 -54 -8941 -10118 -6196 -9541 -1142 -9629 4815 -9535 -10076 1085 -9978 9227 -9909 -5609 8699 -9932 -723 -10139 8831 -10076 -2500 -10105 -1486 4673 -9989 8558 -9992 -2775 -10066 9154 -10033 -4329 -9925 5254 -8177 -10014 -6769 -782 -10127 -2915 9041 -9598 2555 -9946 1112 -9869 -7658 323 -9868 7567 -10067 -4366 -304 -10098 -4958 -1514 -10071 -70 -8069 -7376 -10095 -212 -10058 4593 7694 -10058 -1098 -9772 4740 -10092 -8702 -7056 -10127 -2377 -10120 -8511 -9686 -10072 7735 -8745 5841 -10084 9909 6001 -9992 -288 -3531 -10062 7783 -9898 8334 7009 4753 -10137 -2332 4634 -9986 5049 2039 -543 -10124 7977 -9572 -8138 -10119 -4097 -8448 2360 -10015 -1697 -9746 1013 -9389 -10153 4265 -4347 -10153 -5291 -9824 -8240 -9916 -6261 -9879 -8520 7535 -10107 2502 -724 -5071 -10013 2391 -4572 -4032 -9862 -4078 -9896 1374 -8775 -6102 -10029 3501 6988 -10104 8290 -7438 8978 -10021 1102 -9584 7757 -10139 -7110 -10111 4029 8243 2567 -9899 -3800 9837 -10021 480 8862 -10100 -4543 -9958 2046 -9971 6279 8820 -10054 2052 -758 7906 -9871 3416 
8731 -2707 -9850 7069 -10114 5858 -10063 765 -10110 6325 2258 -9934 9081 -10125 4384 -7970 -3915 -10150 6488 -9420 1172 -10126 -9158 9884 -10119 -6394 -9542 4843 -9630 -3233 6784 -10077 9531 -9979 9552 -9910 9574 377 -9933 -7235 -10140 -2016 -10077 7258 -10106 -338 -1429 -9990 -6627 -9993 814 -10067 1700 -10034 7982 -9926 5939 5391 -10015 8185 6519 -10128 -5555 -8142 -9599 -4222 -9947 -6176 -9870 -7714 -4621 -9869 2202 -10068 -1141 -6714 -10099 -9612 6160 -10072 2642 -8070 2969 -10096 25 -10059 5763 2048 -10059 -1692 -9773 1330 -10093 5313 -3011 -10128 -1928 -10121 4585 4818 -10073 7126 -8746 -2360 -10085 -5279 -4638 -9993 3380 9719 -10063 -9634 -9899 8848 -9612 -5632 -10138 4292 -301 -9987 -8093 3827 -3905 -10125 4433 -9573 -8413 -10120 -9786 -8449 -8299 -10016 7550 -9747 4881 5988 -10154 -9884 2302 -10154 6792 -9825 1773 -9917 2527 -9880 2775 2630 -10108 7258 3376 -1395 -10014 3888 -5879 514 -9863 4061 -9897 -98 -8776 -3646 -10030 2830 4455 -10105 -1167 -7439 -4880 -10022 1165 -9585 5762 -10140 -6373 -10112 1760 -5889 -3082 -9900 2282 423 -10022 -5930 -820 -10101 5909 -9959 -1819 -9972 -7390 4658 -10055 6723 -1012 5173 -9872 2574 
-2459 -7010 -9851 1798 -10115 -5392 -10064 -3295 -10111 -7143 -2250 -9935 -5029 -10126 -6800 -7971 8791 -10151 1074 -9421 9136 -10127 1058 4349 -10120 7524 -9543 -3286 -9631 9558 768 -10078 2771 -9980 -4783 -9911 4285 6961 -9934 -8445 -10141 9840 -10078 -7834 -10107 -9278 -7404 -9991 7669 -9994 -7485 -10068 3508 -10035 -3732 -9927 -4443 -3944 -10016 -1 8990 -10129 -2102 3655 -9600 -1059 -9948 -2319 -9871 6682 9403 -9870 -2829 -10069 2964 6326 -10100 -385 9921 -10073 4611 -8071 7908 -10097 6082 -10060 -4133 3214 -10060 6850 -9774 5526 -10094 2080 -8666 -10129 6204 -10122 -3660 6372 -10074 -8459 -8747 8375 -10086 1889 2717 -9994 -7360 8224 -10064 -8511 -9900 3200 -9613 -6476 -10139 1717 601 -9988 -5329 5142 -8507 -10126 6314 -9574 2270 -10121 -591 -2960 -8763 -10017 -1192 -9748 5971 6337 -10155 9273 -3786 -10155 -6163 -9826 -4463 -9918 489 -9881 3007 -8064 -10109 -9352 -9483 2358 -10015 9718 -5880 1382 -9864 -1611 -9898 7209 -8777 6442 -10031 8273 7022 -10106 -1400 -7440 -7888 -10023 -3900 -9586 5512 -10141 -2542 -10113 8309 -5890 5844 -9901 9455 2119 -10023 -8499 -3822 -10102 346 -9960 -9222 -9973 -1208 -7162 -10056 8757 -4982 7020 -9873 8399 
-4047 1007 -9852 3549 -10116 5131 -10065 -8999 -10112 481 4738 -9936 470 -10127 -671 -7972 -507 -10152 8720 -9422 3020 -10128 -2041 4838 -10121 -9029 -9544 828 -9632 3104 -5296 -10079 9305 -9981 -1437 -9912 -8984 -286 -9935 802 -10142 5424 -10079 -2398 -10108 5570 -5772 -9992 9352 -9995 5520 -10069 -1741 -10036 -3925 -9928 -3361 6699 -10017 -8369 3074 -10130 -6984 3525 -9601 9624 -9949 592 -9872 -9231 -4560 -9871 6013 -10070 -3249 -7669 -10101 -8873 5548 -10074 4420 -8072 -7235 -10098 -1719 -10061 -2849 3381 -10061 5561 -9775 5972 -10095 9086 -1330 -10130 -2991 -10123 -3443 -4038 -10075 -1196 -8748 -3301 -10087 1244 -8167 -9995 9125 3562 -10065 -9113 -9901 -4318 -9614 626 -10140 1893 9872 -9989 7084 7109 -8349 -10127 -7736 -9575 -7118 -10122 8077 6762 5983 -10018 -1119 -9749 -3892 -265 -10156 -1956 -3604 -10156 -710 -9827 -588 -9919 -4989 -9882 -2492 -1448 -10110 -3570 -9484 -1135 -10016 4283 -5881 -6982 -9865 -3987 -9899 -3500 -8778 3006 -10032 -7614 4808 -10107 -9905 2177 7758 -10024 -378 -9587 -6401 -10142 -9555 -10114 8625 -5891 -6651 -9902 -2820 9695 -10024 -8607 -1156 -10103 -4615 -9961 -4447 -9974 6894 3914 -10057 9938 -5908 -5204 -9874 2119 
-696 -5888 -9853 3566 -10117 6433 -10066 -4961 -10113 -4999 6166 -9937 -9306 -10128 -2933 -7973 1848 -10153 -1612 -9423 8003 -10129 3697 -9592 -10122 7965 -9545 1788 -9633 -426 7740 -10080 -4965 -9982 6967 -9913 7943 4022 -9936 2200 -10143 6848 -10080 512 -10109 4239 -5101 -9993 1993 -9996 -2104 -10070 -8187 -10037 -4082 -9929 -6773 7342 -10018 873 551 -10131 6954 -1536 -9602 -5919 -9950 -2902 -9873 -244 -5859 -9872 5126 -10071 9026 2178 -10102 -1359 3461 -10075 -4128 -8073 549 -10099 -1287 -10062 -6651 5054 -10062 9093 -9776 -8370 -10096 897 9278 -10131 8843 -10124 -6238 -8203 -10076 -5346 -8749 -278 -10088 8693 -9875 -9996 -1967 -7204 -10066 8031 -9902 8431 -9615 5256 -10141 -6812 9398 -9990 5145 -8730 -3254 -10128 -7321 -9576 8019 -10123 9734 480 -6104 -10019 -5151 -9750 -4550 -3871 -10157 -100 9779 -10157 -1790 -9828 -4773 -9920 -5125 -9883 6845 1735 -10111 8697 -9485 2149 -10017 2595 2018 4843 -9866 158 -9900 -6374 -8779 5180 -10033 -8550 7269 -10108 7271 -5870 -143 -10025 -4192 -9588 -6251 -10143 -9212 -10115 -7189 389 937 -9903 -6364 -8492 -10025 7732 -7187 -10104 3840 -9962 5772 -9975 7540 7173 -10058 -3634 -5909 -2315 -9875 9609 
2712 -6884 -9854 -9463 -10118 -1898 -10067 266 -10114 -9873 -3076 -9938 7465 -10129 -4854 -7974 8531 -10154 -3920 -9424 2674 -10130 6144 8491 -10123 -6058 -9546 2543 -9634 -5554 9553 -10081 -1029 -9983 8216 -9914 8580 -9774 -9937 -8222 -10144 4401 -10081 -4293 -10110 -4635 -3405 -9994 7691 -9997 1080 -10071 2282 -10038 -7143 -9930 9124 8259 -10019 1080 -9212 -10132 -8824 7347 -9603 -9929 -9951 6096 -9874 1618 6392 -9873 -330 -10072 -3849 9937 -10103 -5849 -7121 -10076 8600 -8074 -8596 -10100 -3024 -10063 -1946 -1991 -10063 9514 -9777 9678 -10097 -3540 6195 -10132 8940 -10125 1557 -5387 -10077 -9078 -8750 -3659 -10089 -1893 6084 -9997 904 -6705 -10067 -8906 -9903 1176 -9616 -6294 -10142 -3123 9836 -9991 -1666 -8731 -370 -10129 822 -9577 7137 -10124 -4697 -9091 -9854 -10020 -2409 -9751 -1176 7948 -10158 -1 -6812 -10158 -4014 -9829 9782 -9921 -6785 -9884 4944 6660 -10112 2862 -9486 -6033 -10018 -889 5429 3424 -9867 -3175 -9901 -4794 -8780 -2381 -10034 -4590 5146 -10109 -5982 -5871 9000 -10026 -2349 -9589 -550 -10144 7859 -10116 7629 8850 -6465 -9904 9517 -7648 -10026 -7775 187 -10105 -2160 -9963 5755 -9976 -1725 5644 -10059 7931 -5910 877 -9876 1250 
-3961 -6856 -9855 3956 -10119 -4104 -10068 5456 -10115 -7128 -2382 -9939 -1767 -10130 -9940 -7975 -4503 -10155 5439 -9425 -2853 -10131 3574 -7284 -10124 -1997 -9547 6148 -9635 948 -6241 -10082 -9927 -9984 -4418 -9915 3196 -514 -9938 3690 -10145 4515 -10082 1845 -10111 -8346 -505 -9995 -8952 -9998 7704 -10072 6213 -10039 7214 -9931 8645 -7375 -10020 -1583 4925 -10133 -752 -4301 7526 -1471 -9952 -400 -9875 -6833 -7722 -9874 9842 -10073 8664 -5471 -10104 1925 -4408 -10077 -8328 -4244 -1706 -10101 -7447 -10064 -4377 9868 -10064 6172 -9778 9556 -10098 -7926 -4259 -10133 631 -10126 -7565 -2925 -10078 -3335 2384 -8385 -10090 6659 1011 -9998 5198 6829 -10068 8209 -9904 9093 -9617 7217 -10143 -4828 5494 -9992 3726 -8732 -6718 -10130 5083 -9578 -1383 -10125 -2553 -1538 -2166 -10021 -9251 -9752 8851 8621 -10159 -8274 -1671 -10159 7183 -9830 -9598 -9922 -8580 -9885 8243 -2727 -10113 -9438 -9487 9458 -10019 -9682 7460 8585 -9868 9022 -9902 4597 -8781 -1553 -10035 -7097 -7822 -10110 -6778 8848 -3799 -10027 -697 -9590 3087 -10145 -8128 -10117 4115 365 -5763 -9905 7960 -3703 -10027 6483 -363 -10106 2933 -9964 8473 -9977 -4130 -9929 -10060 9954 -5911 3914 -9877 7487 
4076 -1178 -9856 -2533 -10120 -2345 -10069 6011 -10116 2811 -4884 -9940 -4467 -10131 8523 -870 -7608 -10156 -3873 -9426 -6098 -10132 7599 -4434 -10125 147 -9548 1831 -9636 5555 2620 -10083 6621 -9985 -5476 -9916 5800 7229 -9939 -2294 -10146 -7474 -10083 -4422 -10112 -8121 6232 -9996 -7412 -9999 1226 -10073 3268 -10040 -8028 -9932 5059 -5360 -10021 -7271 -3069 -10134 -9058 -7983 -9314 -8208 -9953 171 -9876 -2855 -4935 -9875 5300 -10074 -9352 1619 -10105 -7052 -9969 -10078 4028 928 6139 -10102 4229 -10065 -3930 -5031 -10065 -3993 -9779 2021 -10099 -9085 -3372 -10134 -5690 -10127 -5436 2772 -10079 -8383 5385 7505 -10091 -848 6089 -9999 -5876 9255 -10069 6665 -9905 -5753 -9618 -6520 -10144 -7971 -1138 -9993 -4349 -8733 4319 -10131 767 -9579 -3268 -10126 -7985 -7212 4739 -10022 7692 -9753 7202 5106 -10160 -9108 9770 -10160 -692 -9831 -6713 -9923 -1313 -9886 1635 -1061 -10114 -8785 -9488 8992 -10020 2642 9168 -4906 -9869 -6410 -9903 -5391 -8782 1153 -10036 -9413 -5424 -10111 6821 3666 -3504 -10028 3631 -9591 8171 -10146 -9877 -10118 -7036 4159 -1883 -9906 -4083 -8118 -10028 3519 3819 -10107 2237 -9965 -7505 -9978 4492 -8049 -10061 3862 -5912 2066 -9878 8993 
1590 -2522 -9857 -3781 -10121 2321 -10070 8341 -10117 2443 -9201 -9941 5066 -10132 -4700 4611 5143 -10157 3460 -9427 9797 -10133 -7606 -8441 -10126 8870 -9549 7473 -9637 3530 5896 -10084 1183 -9986 4559 -9917 6587 -8315 -9940 -8376 -10147 6094 -10084 7907 -10113 -3507 -3895 -9997 -8362 -10000 -8374 -10074 -6474 -10041 5463 -9933 -9625 4734 -10022 -6282 -9538 -10135 8974 -1683 -9315 1245 -9954 2373 -9877 7709 4951 -9876 1746 -10075 7182 -5123 -10106 -9321 151 -10079 -8249 -9643 8249 -10103 5240 -10066 -27 6191 -10066 4185 -9780 -2782 -10100 8090 -4016 -10135 7441 -10128 -7261 7500 -10080 -712 -9516 -4174 -10092 984 -8706 -10000 6143 -3718 -10070 2800 -9906 -3999 -9619 -9066 -10145 -571 -8869 -9994 -6809 -8734 -9292 -10132 359 -9580 -5751 -10127 -5344 3358 -5383 -10023 -5161 -9754 -7946 -7531 -10161 -8425 6051 -10161 4472 -9832 3571 -9924 -5233 -9887 3022 7812 -10115 -6938 -9489 8580 -10021 -4011 8229 -9285 -9870 -9391 -9904 -687 -8783 76 -10037 7067 -2307 -10112 -4659 767 3564 -10029 1337 -9592 8716 -10147 -1736 -10119 -9538 -9262 2763 -9907 6825 -1785 -10029 -6206 2524 -10108 9230 -9966 -1750 -9979 -2608 -3701 -10062 2425 -5913 2633 -9879 -2892 
-4973 5688 -9858 8771 -10122 -8995 -10071 4388 -10118 -9929 -1123 -9942 -7720 -10133 7266 3705 9410 -10158 -4494 -9428 2077 -10134 4734 -8045 -10127 -43 -9550 -3191 -9638 -2507 5792 -10085 -7669 -9987 6770 -9918 9222 7246 -9941 8878 -10148 1192 -10085 -5431 -10114 -1238 -5615 -9998 -295 -10001 4370 -10075 45 -10042 -8045 -9934 2823 9202 -10023 6170 -2372 -10136 -665 120 -9316 1213 -9955 829 -9878 2533 1261 -9877 8134 -10076 6887 -4782 -10107 -4902 2965 -10080 -4847 -9644 5582 -10104 -7164 -10067 1362 9615 -10067 6891 -9781 -9560 -10101 -8009 -6514 -10136 3121 -10129 6214 -2194 -10081 2331 -9517 -5978 -10093 -2386 5913 -10001 -5557 975 -10071 5084 -9907 -2443 -9620 186 -10146 -1108 -2048 -9995 -7460 3425 -7337 -10133 1669 -9581 3060 -10128 8449 8023 4095 -10024 6717 -9755 -2854 5625 -10162 7811 -9240 -10162 1852 -9833 -4985 -9925 -4390 -9888 1398 597 -10116 -2309 -9490 -8329 -10022 215 -8641 7488 -9871 -3459 -9905 6703 -8784 3265 -10038 7748 -8394 -10113 -1228 -861 5065 -10030 -6349 -9593 9349 -10148 -4048 -10120 -6528 -5930 -9773 -9908 -1694 9816 -10030 -811 -2571 -10109 4827 -9967 -1852 -9980 528 635 -10063 -4030 -5914 7781 -9880 4457 
-3381 -7781 -9859 9668 -10123 -2951 -10072 5565 -10119 -8566 2434 -9943 5303 -10134 -4544 -3170 -2545 -10159 -3254 -9429 8337 -10135 -7267 -2659 -10128 1421 -9551 -5294 -9639 1185 18 -10086 -6552 -9988 -8256 -9919 -3655 -6817 -9942 -7048 -10149 6265 -10086 -8456 -10115 4384 -7478 -9999 7280 -10002 -7151 -10076 6770 -10043 -7120 -9935 9696 -5733 -10024 3919 8293 -10137 -1518 2418 -9317 3564 -9956 8290 -9879 -5737 -9828 -9878 607 -10077 5636 -7634 -10108 -6700 -4635 -10081 6409 -9645 -6051 -10105 -2285 -10068 5626 7217 -10068 -1883 -9782 2667 -10102 -8149 6371 -10137 -4945 -10130 5020 -3552 -10082 7125 -9518 -7817 -10094 -9650 -5313 -10002 -9796 -7455 -10072 5241 -9908 6425 -9621 -5861 -10147 -407 2090 -9996 -3579 3576 -3667 -10134 -1221 -9582 9150 -10129 7580 6740 3527 -10025 -9546 -9756 -1744 -9588 -10163 -3789 3106 -10163 3898 -9834 -5913 -9926 -5720 -9889 -3219 -5019 -10117 -4007 -9491 -5634 -10023 970 -8642 -2352 -9872 9464 -9906 -2029 -8785 -6567 -10039 -3745 939 -10114 2912 8811 7289 -10031 -7971 -9594 3645 -10149 -3614 -10121 5204 7104 361 -9909 -572 7760 -10031 -9868 -6737 -10110 -7435 -9968 1348 -9981 9584 -3390 -10064 7475 -5915 5227 -9881 -1628 
5578 1873 -9860 767 -10124 2064 -10073 -5257 -10120 -7139 -4905 -9944 8155 -10135 9201 8634 1119 -10160 -4469 -9430 2184 -10136 7946 4947 -10129 8429 -9552 -7929 -9640 4762 -6855 -10087 1417 -9989 5989 -9920 141 5616 -9943 -6707 -10150 4601 -10087 1962 -10116 5730 6423 -10000 9940 -10003 -2316 -10077 -4925 -10044 2743 -9936 -9715 -960 -10025 -4588 -9187 -10138 -9723 9393 -9318 -5620 -9957 -4281 -9880 -8676 939 -9879 -4972 -10078 -994 -8913 -10109 -2221 -9189 -10082 5374 -9646 9044 -10106 -2456 -10069 -8221 8836 -10069 339 -9783 9341 -10103 7725 -968 -10138 -4852 -10131 6121 -7956 -10083 -4222 -9519 2554 -10095 8216 -1000 -10003 6967 -294 -10073 9180 -9909 -2922 -9622 -1456 -10148 -3363 58 -9997 -845 -3334 -5380 -10135 -1593 -9583 -4294 -10130 -903 7611 -5127 -10026 5496 -9757 9412 8529 -10164 3739 4049 -10164 7254 -9835 -8458 -9927 3730 -9890 -8258 -5787 -10118 -5578 -9492 -4133 -10024 3189 -8643 2024 -9873 -2041 -9907 -7804 -8786 7431 -10040 2869 -8148 -10115 -6743 -8724 -2083 -10032 -1472 -9595 4319 -10150 5597 -10122 8428 7615 26 -9910 7815 -1568 -10032 -9650 -4759 -10111 2731 -9969 2130 -9982 -938 -8660 -10065 2169 -5916 1843 -9882 -1241 
882 3178 -9861 -2421 -10125 8799 -10074 -4623 -10121 -816 -7507 -9945 7994 -10136 9410 -9264 -1699 -10161 1867 -9431 -5627 -10137 -4029 1588 -10130 -9746 -9553 7705 -9641 -4617 -9868 -10088 7379 -9990 3927 -9921 -3190 -9945 -9944 -2544 -10151 9800 -10088 2190 -10117 -295 -5989 -10001 6443 -10004 -4933 -10078 7767 -10045 4921 -9937 2010 -5947 -10026 8490 -5543 -10139 -2731 -4150 -9319 9809 -9958 375 -9881 3778 -3305 -9880 -3832 -10079 -5258 7582 -10110 5007 -8651 -10083 -2420 -9647 -5697 -10107 -9537 -10070 6617 -5188 -10070 5764 -9784 4129 -10104 -1471 -776 -10139 -8051 -10132 1919 -4378 -10084 867 -9520 -5587 -10096 7531 -3603 -10004 -8326 9143 -10074 7559 -9910 824 -9623 -6370 -10149 160 414 -9998 2474 1447 -1939 -10136 -9196 -9584 -6277 -10131 -1796 2732 4720 -10027 5172 -9758 8889 -935 -10165 1292 6567 -10165 -1834 -9836 -394 -9928 -4738 -9891 2790 8876 -10119 -7967 -9493 9015 -10025 2941 -8644 4073 -9874 -2006 -9908 7674 -8787 -147 -10041 -2436 3526 -10116 4480 -8725 8559 -10033 2518 -9596 -459 -10151 5827 -10123 8464 9046 -7703 -9911 -7151 3605 -10033 6895 -9894 -10112 -8900 -9970 6975 -9983 8659 -7059 -10066 -4680 -5917 1434 -9883 7322 
9391 -2549 -9862 6236 -10126 -9237 -10075 -1766 -10122 5814 1225 -9946 -4262 -10137 -2691 -9265 3162 -10162 9642 -9432 2315 -10138 6141 8223 -10131 -5839 -2347 -8689 -9642 -968 5743 -10089 -3163 -9991 -97 -9922 -3186 -9946 2207 5704 -10152 3647 -10089 7697 -10118 -5181 -3316 -10002 -630 -10005 -1514 -10079 3284 -10046 76 -9938 1892 -6489 -10027 2969 3718 -10140 7438 2252 -9320 -1411 -9959 2246 -9882 1959 8566 -9881 3464 -10080 2844 8871 -10111 -3702 -9780 -10084 -700 -9648 9633 -10108 -5335 -10071 3600 8261 -10071 7646 -9785 6559 -10105 -340 -9275 -10140 9816 -10133 -2957 -7632 -10085 -9420 -9521 -8155 -10097 -3875 -5156 -10005 3057 8740 -10075 7390 -9911 3978 -9624 6768 -10150 237 7144 -9999 9459 456 -2286 -10137 -197 -9585 -9704 -10132 8328 -3162 -158 -10028 -9872 -9759 -3839 -196 -10166 676 7301 -10166 -4331 -9837 -8201 -9929 -4146 -9892 6391 2049 -10120 -2230 -9494 263 -10026 4377 -8645 359 -9875 -7010 -9909 -7223 -8788 6017 -10042 2197 -3147 -10117 -663 -8726 1190 -10034 -936 -9597 -7221 -10152 8994 -10124 -556 1585 -2374 -9912 4132 4734 -10034 -8101 -4890 -10113 -2684 -9971 -9373 -9984 -9477 801 -10067 -7441 -5918 7885 -9884 6998 
-3627 -2924 -9863 8476 -10127 -3051 -10076 -5348 -10123 1258 6436 -9947 -1738 -10138 -1066 -9266 7575 -10163 -9476 -9433 121 -10139 -4931 -9140 -10132 3628 -4516 -4211 -9643 2962 -161 -10090 5467 -9992 4194 -9923 1827 -9947 -3270 8439 -10153 -8972 -10090 -1520 -10119 -4793 -4366 -10003 -8253 -10006 -7049 -10080 5472 -10047 8167 -9939 -1336 -3754 -10028 5623 5852 -10141 -5511 -7491 -9321 -8818 -9960 -697 -9883 -9361 -2621 -9882 -9985 -10081 6236 -9093 -10112 1242 1431 -10085 9254 -9649 8321 -10109 1947 -10072 -3573 485 -10072 -43 -9786 3428 -10106 -7381 -7185 -10141 -6186 -10134 -3822 -2888 -10086 -4324 -9522 -9962 -10098 8972 -6485 -10006 -4854 -2716 -10076 -9320 -9912 8417 -9625 -851 -10151 -8769 8189 -10000 2500 -1966 8301 -10138 -1568 8065 -612 -10133 -4155 -6325 -4271 -10029 6972 4850 5188 3285 -10167 -4344 804 -10167 -4509 -9838 8780 -9930 -1608 -9893 9029 6702 -10121 5182 -9495 7104 -10027 6376 -8646 -3021 -9876 6233 -9910 -8131 -8789 -4034 -10043 7798 3598 -10118 6222 -8727 4384 -10035 -3451 -9598 4025 -10153 9703 -10125 -4566 9426 8563 -9913 -5455 6966 -10035 -8816 930 -10114 4915 -9972 6337 -9985 -96 -228 -10068 6093 1440 2620 -9885 5512 
542 96 -9864 -6283 -10128 -4095 -10077 -9426 -10124 -7104 1040 -9948 7189 -10139 -5044 -9267 9094 -10164 -2316 -1551 -2064 -10140 6045 -1888 -10133 -8582 -6757 7653 -9644 -874 -8128 -10091 -196 -9993 -607 -9924 -6434 -9948 -300 5940 -10154 -3096 -10091 8807 -10120 5754 9092 -10004 7109 -10007 -4495 -10081 3487 -10048 6009 -9940 7080 -6761 -10029 -9237 -5979 -10142 -2242 -2461 -9322 7866 -9961 9833 -9884 -3223 672 3590 -2846 -10082 9361 5215 -10113 6509 9831 -10086 -1534 -9650 -9750 -10110 1287 -10073 9024 -9668 -10073 7820 -9787 -674 -10107 9312 -5876 -10142 9284 -10135 1695 -370 -10087 3594 1800 7940 -10099 518 -7343 -10007 2490 130 -10077 2040 -9913 -5944 -9626 -3005 -10152 -7196 7805 -10001 -681 -4293 -4826 -10139 -3542 9694 4845 -10134 -7400 -6326 6640 -10030 5404 1150 -9153 1475 -10168 9183 2323 -10168 -3021 -9839 -3342 -9931 10 -9894 6457 3298 -10122 -9395 -9496 -9021 -10028 7903 -8647 -6273 -9877 -1485 -9911 1207 -8790 -4392 -10044 6390 9908 -10119 2242 -8728 8700 -10036 -2793 -9599 5951 -10154 614 -10126 -2804 6621 6971 -9914 9405 -8848 -10036 1870 4638 -10115 -12 -9973 -7403 -9986 6612 7335 -10069 -796 1029 1916 -9886 5995 
3432 9918 -9865 -7819 -10129 4741 -10078 -9737 -10125 8743 -6618 -9949 6903 -10140 8562 -9268 -2310 -10165 6295 -1912 6007 -10141 7110 -2866 -10134 2075 4836 8428 -9645 -3404 5684 -10092 2216 -9994 9223 -9925 2354 -9949 -7208 -9062 -10155 695 -10092 -1354 -10121 6905 -7092 -10005 4581 -10008 9692 -10082 -5273 -10049 -3470 -9941 5528 4704 -10030 9038 -8189 -10143 2835 893 -9323 7098 -9962 2280 -9885 2893 460 9702 -2339 -10083 -7248 2173 -10114 7154 7514 -10087 -4274 -751 8061 -10111 8796 -10074 2748 7252 -10074 -7192 -9788 614 -10108 9456 1672 -10143 6599 -10136 -5381 2386 -10088 8671 7445 -4255 -10100 -8788 7354 -10008 1354 -7102 -10078 -9558 -9914 6139 -9627 -9100 -10153 5346 3506 -10002 -4553 -5590 -8242 -10140 -1499 -241 -3863 -10135 -8349 -2713 -9199 -10031 5003 -3725 -9154 8029 -10169 -9188 452 -10169 2451 -9840 -3264 -9932 2438 -9895 3385 7963 -10123 -5230 -9497 -8212 -10029 3829 -8648 -9353 -9878 -1452 -9912 9629 -8791 -2354 -10045 -7927 3405 -10120 -7545 -8729 -3580 -10037 -8487 -9600 6536 -10155 1956 -10127 -5812 2359 6411 -9915 4299 -6419 -10037 -9303 -6834 -10116 -5430 -9974 7317 -9987 4197 -8712 -10070 -9889 6669 -1132 -9887 -1219 
9222 2316 -9866 -6614 -10130 3984 -10079 3537 -10126 -7829 -629 -9950 9038 -10141 -9219 -9269 998 -10166 9002 -2886 8790 -10142 -9584 1694 -10135 2946 -7539 5864 -9646 -1140 -3824 -10093 8233 -9995 -8008 -9926 4452 -9950 6366 -7882 -10156 -8702 -10093 7005 -10122 9977 -1258 -10006 -1865 -10009 603 -10083 -5331 -10050 4757 -9942 1070 8191 -10031 -7499 -5955 -10144 -2683 -9203 -9324 -977 -9963 1255 -9886 3043 -4967 4622 -9083 -10084 -5340 7226 -10115 -745 8919 -10088 5630 1982 -3075 -10112 1395 -10075 390 -4905 -10075 -5356 -9789 5188 -10109 3124 -5820 -10144 377 -10137 2461 -5520 -10089 -8465 -1794 -2895 -10101 -2193 203 -10009 282 -5231 -10079 9772 -9915 -6826 -9628 -6686 -10154 -8564 7905 -10003 881 9535 2498 -10141 5488 -3946 -5717 -10136 5125 -4420 8781 -10032 7943 -783 -9155 3329 -10170 4106 -7277 -10170 -1659 -9841 -9203 -9933 1577 -9896 8444 -8602 -10124 -7070 -9498 -5249 -10030 -9687 -2668 -3905 -9879 -5217 -9913 8777 -8792 8601 -10046 4240 9950 -10121 -4730 -8730 9311 -10038 -5286 -9601 -6071 -10156 -340 -10128 -9291 4222 2301 -9916 -7751 9051 -10038 1853 5212 -10117 -584 -9975 -3994 -9988 -9964 -4937 -10071 1228 2351 2162 -9888 1638 
4343 9414 -9867 -1786 -10131 -6467 -10080 6441 -10127 -7828 286 -9951 -5658 -10142 -6831 -9270 -735 -10167 1989 -8200 9914 -10143 5333 6588 -10136 3064 -7540 3500 -9647 -2999 -2428 -10094 -3479 -9996 5313 -9927 -8545 -9951 -9373 7402 -10157 8246 -10094 1452 -10123 -5479 -7706 -10007 4314 -10010 1690 -10084 6279 -10051 -5948 -9943 -42 7432 -10032 -6655 -5883 -10145 1281 7884 -9325 -1777 -9964 -4983 -9887 585 -6959 3440 9321 -10085 691 -1168 -10116 3124 3054 -10089 1407 -939 4222 -10113 -4439 -10076 356 4363 -10076 7071 -9790 5043 -10110 9988 -6654 -10145 -8657 -10138 6333 3343 -10090 5868 2313 2885 -10102 5736 5923 -10010 -5216 -5765 -10080 -8163 -9916 -8102 -9629 4884 -10155 3318 4565 -10004 -1396 -6793 -2212 -10142 -8918 4389 7243 -10137 4103 -5026 2802 -10033 2551 -1278 -9156 6824 -10171 26 -1510 -10171 6411 -9842 9964 -9934 -69 -9897 -6895 4051 -10125 3538 -9499 3452 -10031 -6627 4805 5767 -9880 -6001 -9914 4867 -8793 -4789 -10047 766 -1640 -10122 1541 -8731 -122 -10039 5762 -9602 -5111 -10157 -2636 -10129 -8514 -5051 -6914 -9917 -2285 -9278 -10039 -4481 -8069 -10118 -8171 -9976 6391 -9989 7729 -7430 -10072 -9566 5153 -629 -9889 -3437 
3608 1361 -9868 -4497 -10132 -5305 -10081 -1294 -10128 -4935 2983 -9952 -2174 -10143 4827 -9271 -4807 -10168 5097 -8201 -4965 -10144 1982 -8492 -10137 -2024 -7541 8532 -9648 4385 -4176 -10095 6183 -9997 -7769 -9928 7100 -9952 -9579 584 -10158 7049 -10095 8056 -10124 6022 -3718 -10008 532 -10011 5970 -10085 -7692 -10052 5913 -9944 9274 -8545 -10033 7843 5508 -10146 -8272 2531 -9326 9941 -9965 247 -9888 -5144 -6960 6226 -6732 -10086 -3929 -8554 -10117 -3885 -7715 -10090 -3500 -1128 -1147 -10114 1673 -10077 8852 -5872 -10077 2217 -9791 -2941 -10111 9023 -8042 -10146 -435 -10139 9477 8141 -10091 -8186 8372 -7422 -10103 -3488 1801 -10011 4920 5327 -10081 7348 -9917 -8237 -9630 -4943 -10156 -7730 9414 -10005 -7401 -6794 -4243 -10143 4726 -6864 -7955 -10138 4197 -5027 6977 -10034 6138 -5107 -9157 -9609 -10172 -7318 -6063 -10172 -4157 -9843 -1196 -9935 -1917 -9898 1465 7231 -10126 8791 -9500 -3656 -10032 -2468 8402 -6976 -9881 2567 -9915 8808 -8794 -9771 -10048 4907 1880 -10123 -8184 -8732 7781 -10040 7673 -9603 -185 -10158 9902 -10130 2370 4941 -4202 -9918 8415 -9288 -10040 -7513 -2749 -10119 7619 -9977 3528 -9990 -2073 -7353 -10073 7247 -5602 6726 -9890 -4050 
6477 -7733 -9869 -4223 -10133 -3590 -10082 -8402 -10129 -7611 -203 -9953 7049 -10144 -2519 -9272 9650 -10169 8822 -8202 -3863 -10145 1275 3913 -10138 -1369 -7542 -779 -9649 6577 4864 -10096 -5374 -9998 6249 -9929 -5611 -9953 3066 3861 -10159 3542 -10096 -1630 -10125 8709 -4387 -10009 2432 -10012 776 -10086 -9483 -10053 2008 -9945 -8625 -5016 -10034 -5119 -2143 -10147 -5936 5970 -9327 -3421 -9966 -208 -9889 -7158 -6961 7935 -2422 -10087 8262 3133 -10118 819 -173 -10091 -8326 1067 9658 -10115 4418 -10078 2286 -6586 -10078 -226 -9792 4900 -10112 992 -2316 -10147 1681 -10140 -7681 -4972 -10092 -5978 6261 -2334 -10104 4231 1795 -10012 -5992 4504 -10082 -6330 -9918 -597 -9631 -9284 -10157 1728 -8153 -10006 8126 -8165 -5631 -10144 -4441 -7474 -4612 -10139 3570 -5028 8908 -10035 2514 1058 4886 -2152 -10173 -4822 -4360 -10173 2025 -9844 5983 -9936 -5325 -9899 -6055 5831 -10127 705 -9501 5552 -10033 864 -8855 4837 -9882 -8691 -9916 8159 -5943 -4987 -10049 7984 -2623 -10124 -9919 -8733 4868 -10041 -8463 -9604 -6812 -10159 -1066 -10131 776 1450 5508 -9919 -7991 -3867 -10041 -1577 526 -10120 1049 -9978 -5249 -9991 -5042 5125 -10074 1607 -5603 4297 -9891 -4089 
1919 6712 -9870 -8518 -10134 -4948 -10083 -7470 -10130 7971 4072 -9954 6184 -10145 -9306 -9273 -5266 -10170 137 -8203 -8109 -10146 -9605 -3559 -10139 -9587 -7543 4015 -9650 269 -1496 -10097 -1445 -9999 -1648 -9930 7083 -9954 -1608 -5548 -10160 6362 -10097 -4662 -10126 -2099 3923 -10010 5502 -10013 8768 -10087 -691 -10054 -640 -9946 -3515 405 -10035 3909 5146 -10148 -9892 4104 -9328 7770 -9967 -2009 -9890 -9755 5105 1425 -5189 -10088 3007 2315 -10119 -2568 4816 -10092 7534 -5285 -6164 -10116 -3732 -10079 2218 -2584 -10079 1110 -9793 -4496 -10113 7457 -28 -10148 -9743 -10141 -6542 -9596 -10093 1301 3112 -3390 -10105 -3361 -3437 -10013 -5539 -1112 -10083 0 -9919 -9055 -9632 -4317 -10158 -5953 -3645 -10007 2503 -8166 -4637 -10145 -3734 -7475 4604 -10140 6996 -5029 -5385 -10036 2077 -8099 -7372 7612 -10174 8248 -4904 -10174 -7131 -9845 -4373 -9937 9241 -9900 9569 1204 -10128 -9189 -9502 -8406 -10034 9054 -8856 -665 -9883 752 -9917 -2706 -205 1218 -10050 -6926 -366 -10125 2646 9306 -3546 -10042 6733 -9605 2036 -10160 -6016 -10132 3846 4482 8173 -9920 7832 8337 -10042 -1603 7034 -10121 -932 -9979 9448 -9992 -1848 2309 -10075 6167 -5604 3392 -9892 5044 
-1794 6072 -9871 491 -10135 8914 -10084 7333 -10131 2346 -946 -9955 7519 -10146 4683 8907 -8371 -10171 -2778 -8204 5397 -10147 139 -9484 -10140 -5353 -6096 -7881 -9651 3017 9178 -10098 8368 -10000 4081 -9931 -2676 -9955 -7762 -6063 -10161 704 -10098 4447 -10127 -3093 7802 -10011 -1425 -10014 -2918 -10088 -9728 -10055 -7803 -9947 -1544 -5711 -10036 8153 8910 -10149 9688 7893 -9329 -5873 -9968 3485 -9891 7911 -5385 6513 1067 -10089 234 8617 -10120 -4067 6519 -10093 -4003 -4471 -2423 -10117 7722 -10080 -4666 2292 -10080 1390 -9794 8249 -10114 -2881 -1536 -10149 8724 -10142 8748 -2832 -10094 -3948 8775 -1798 -10106 -7133 110 -10014 1531 -8527 -10084 3227 -9920 -7338 -9633 384 -10159 -8115 8820 -10008 -4722 -8167 -499 -10146 1623 -7476 -9818 -10141 -7376 -2518 4832 -10037 -6416 -8100 -1961 -1192 -10175 -9283 20 -10175 -9010 -9846 5166 -9938 1995 -9901 -2143 9968 -10129 -4836 -9503 -5605 -10035 4731 -8857 -6685 -9884 3274 -9918 -2539 3497 -8576 -10051 6659 8155 -10126 7111 8527 5039 -10043 4945 -9606 -9599 -10161 9531 -10133 5890 -8597 -8471 -9921 111 7381 -10043 4139 -3482 -10122 -4509 -9980 7118 -9993 566 8661 -10076 1379 -5605 8422 -9893 8408 
-1834 6853 -9872 -750 -10136 -2288 -10085 8696 -10132 6512 8649 -9956 -3715 -10147 6678 6066 -8320 -10172 -9544 -8205 5050 -10148 2414 -2325 -10141 -1764 -7157 -4493 -9652 7378 -1126 -10099 7578 -10001 7519 -9932 5432 -9956 3497 3272 -10162 970 -10099 4261 -10128 -5281 -1037 -10012 4446 -10015 -1156 -10089 -3097 -10056 1940 -9948 4777 -2208 -10037 -1049 -6668 -10150 9962 6814 -9330 -7341 -9969 3991 -9892 1145 -5386 7487 -6830 -10090 -4424 9681 -10121 7487 6895 -10094 1082 -5658 1838 -10118 -4023 -10081 976 -6056 -10081 -1292 -9795 6480 -10115 -474 -554 -10150 -2924 -10143 -9770 -9187 -10095 -9452 -8809 591 -10107 -4222 3168 -10015 9071 -4187 -10085 -3962 -9921 -4901 -9634 8803 -10160 -7984 -7799 -10009 -305 -8168 230 -10147 -3144 6532 7060 -10142 3452 -8216 -5263 -10038 -292 -8101 7385 -9101 -10176 9984 -6616 -10176 4895 -9847 -4307 -9939 5235 -9902 5280 -9336 -10130 -3755 -9504 7175 -10036 992 -8858 9361 -9885 6662 -9919 2882 6292 -7272 -10052 -1148 -7248 -10127 -202 8643 6718 -10044 -2775 -9607 2098 -10162 -7813 -10134 -4250 -8598 -9251 -9922 -5561 1401 -10044 -9293 4046 -10123 5086 -9981 8512 -9994 -8510 5684 -10077 -1628 -5606 -4214 -9894 -2345 
-405 -1254 -9873 -290 -10137 -5972 -10086 2007 -10133 -6672 981 -9957 832 -10148 -9091 -3786 6753 -10173 5693 2244 3551 -10149 -2227 6129 -10142 -2685 -7158 961 -9653 -1468 7748 -10100 -6667 -10002 4767 -9933 -8765 -9957 9507 6732 -10163 6196 -10100 2491 -10129 -626 5030 -10013 8767 -10016 -5566 -10090 3437 -10057 9329 -9949 2413 8318 -10038 6722 9284 -10151 -7029 -7511 -9331 4934 -9970 -9783 -9893 -4764 -5387 2998 9632 -10091 -761 8325 -10122 8883 7270 -10095 628 -5659 -2459 -10119 -6350 -10082 4754 4414 -10082 -290 -9796 -9647 -10116 3723 9992 -10151 8194 -10144 2831 -8811 -10096 -7752 -8842 -5145 -10108 4158 6952 -10016 -4920 -2535 -10086 -5597 -9922 -938 -9635 -4461 -10161 5582 -5569 -10010 -204 -8169 -703 -10148 -3350 -5705 5002 -10143 367 -8217 6464 -10039 -8702 -8102 7191 -2928 -10177 -7352 2864 -10177 9017 -9848 8330 -9940 2395 -9903 -1585 3273 -10131 8032 -9505 -7043 -10037 -7712 -8859 7545 -9886 -3357 -9920 6377 -9244 -7283 -10053 7584 -6802 -10128 -3023 723 2390 -10045 2311 -9608 3812 -10163 -1327 -10135 -3623 -26 -9259 -9923 911 5656 -10045 8622 -2311 -10124 -980 -9982 393 -9995 1486 8004 -10078 394 -5607 6034 -9895 980 
8774 9734 -9874 -2422 -10138 714 -10087 1596 -10134 974 7190 -9958 -2644 -10149 1798 -9925 -6894 -10174 37 696 8330 -10150 4882 -3844 -10143 -4719 -7159 7388 -9654 -5627 1574 -10101 -3528 -10003 -7348 -9934 -2715 -9958 -7025 4866 -10164 5000 -10101 7357 -10130 -2943 3962 -10014 -9136 -10017 -7615 -10091 1574 -10058 -9898 -9950 -1172 9447 -10039 -6475 2614 -10152 3877 -1971 -9332 9135 -9971 1838 -9894 -92 -5388 6430 -3213 -10092 7659 3048 -10123 7943 2132 -10096 -476 -5660 606 -10120 -9374 -10083 2512 6487 -10083 -3670 -9797 1190 -10117 -402 -7300 -10152 -4833 -10145 2915 -7818 -10097 -9609 -8843 -3305 -10109 -2179 -7319 -10017 -2460 8963 -10087 -4998 -9923 -3226 -9636 9243 -10162 9878 -9039 -10011 311 -8170 -819 -10149 201 -5706 1328 -10144 -4559 -8218 2679 -10040 -3044 3327 2372 4643 -10178 -9994 3985 -10178 5255 -9849 3162 -9941 -5887 -9904 8608 -7024 -10132 -9765 -9506 -9674 -10038 2950 -8860 -4792 -9887 8080 -9921 7505 -9245 2382 -10054 -505 -3399 -10129 8496 2474 -1688 -10046 -4181 -9609 9855 -10164 7066 -10136 -2440 1659 1195 -9924 -4412 -9005 -10046 1006 7385 -10125 -865 -9983 3257 -9996 458 7009 -10079 -7232 -5608 7278 -9896 -4882 
4959 -8224 -9875 -8715 -10139 -3378 -10088 -6674 -10135 -6536 -292 -9959 -2929 -10150 3105 -9926 7327 -10175 -9274 -4499 -1803 -10151 -1004 -3936 -10144 -2604 -7160 2698 -9655 -3855 -6230 -10102 -6974 -10004 -5131 -9935 5861 -9959 -8423 5981 -10165 -336 -10102 -2043 -10131 5575 -98 -10015 -2136 -10018 6339 -10092 4534 -10059 -5411 -9951 -4233 7835 -10040 -9074 9651 -10153 412 3373 -9333 -2927 -9972 -7476 -9895 4481 -5389 5361 1330 -10093 -5917 9201 -10124 -2672 -9193 -10097 -5297 -5661 -1029 -10121 6371 -10084 198 7350 -10084 -8276 -9798 9648 -10118 6309 7772 -10153 576 -10146 -8516 -8447 -10098 -6657 -493 5873 -10110 -3970 9195 -10018 -3154 6892 -10088 935 -9924 2106 -9637 -7064 -10163 -5244 1674 -10012 7491 -8171 8143 -10150 4853 -5707 -6703 -10145 8156 -8219 -3070 -10041 6285 -3590 -770 -7434 -10179 5451 656 -10179 8386 -9850 9461 -9942 9571 -9905 116 -162 -10133 2914 1907 -9425 -10039 -8156 -8861 -4601 -9888 -4604 -9922 222 -9246 6520 -10055 5823 7497 -10130 156 -5195 6988 -10047 -2588 -9610 -2467 -10165 -3239 -10137 -9621 2496 2197 -9925 -7129 8937 -10047 2538 7885 -10126 2918 -9984 9394 -9997 -7206 975 -10080 6805 -4981 4781 -9897 4572 
set 100 15 1983
set 31 147 -9333
set 107 154 -2810
set 17 123 8386
add 961
add 1486
set 75 61 4722
set 25 81 -7163
add 4356
add -957
add -4186
set 75 28 -7942
add 2720
add 825
set 23 62 -4776
add -2395
set 139 107 -5813
set 49 106 9782
set 81 118 919
add -4246
set 128 133 -3751
add 1141
add 3179
set 76 101 -7095
set 37 195 -6485
set 175 76 5119
set 144 18 -7240
set 106 80 -7124
set 5 112 -3797
add -1445
set 180 88 9800
add 364
add 10
set 155 184 165
set 37 38 -7827
add -933
add -1095
set 174 142 -10044
add 3046
add 1741
add -3621
set 23 180 5062
set 43 135 -8521
add -2694
add -931
set 93 24 -6674
add -1045
set 110 45 -13765
add -127
set 87 79 -3931
add 4868
add -173
set 175 13 -2047
add -1328
set 80 73 -74
set 145 105 -10539
add 18
set 87 4 3266
set 156 123 -695
add 3491
set 93 140 -7047
add -2541
set 152 13 -2565
add -2235
set 182 141 5859
set 177 17 -2583
set 94 5 -11784
set 167 30 -87
add 694
set 15 109 4177
add 2180
set 177 153 -8893
add 4436
add 1679
set 127 104 17094
set 138 186 -2826
set 10 20 15837
add -1646
set 118 44 7577
add 4725
set 47 34 3242
add -1737
add -140
add -2017
add 3779
add 4856
set 179 95 25003
set 89 57 24978
set 1 73 17712
add -32
set 168 16 7523
add 3363
add -690
set 185 14 7564
set 24 135 8251
add 2308
add -7423
set 91 89 2609
add 500
set 56 123 12480
set 61 56 3739
set 3 131 8563
add 756
add 323
set 61 113 4335
add 1257
add -1108
add -3736
set 158 109 668
set 145 18 456
add 3725
set 172 39 4371
add -2811
add 3826
add -272
add -3377
add 629
add -2872
add -4255
add -1488
add -3216
add 1948
set 30 14 -7157
add 1364
add 4642
set 47 37 8488
set 31 23 13648
set 86 115 12
add 4464
set 45 75 3073
set 3 137 16003
set 104 88 22694
set 58 99 17294
add -4829
add 1576
set 79 97 13833
add 158
set 187 61 18413
set 195 99 12025
add 250
add 3848
set 79 190 12939
set 139 122 4558
add 2931
set 132 27 7043
add 3149
add 119
set 72 62 10060
add -6046
add -2677
set 16 178 6666
set 70 144 16879
add -639
set 174 75 15954
set 52 169 15529
set 83 90 11936
set 85 123 6711
set 148 79 6887
set 93 124 680
set 135 41 623
set 142 120 769
set 46 172 2509
add 4170
set 86 50 17238
add -1366
set 151 70 13613
add 1122
set 153 77 4572
add -475
add 3405
add -1134
add -2533
add -2623
set 116 65 10244
set 89 43 1298
add 3004
add 662
add 2801
set 53 116 13138
set 156 88 15130
add -4506
set 18 93 22102
set 42 19 22894
add -923
add 553
set 168 7 2824
set 115 99 9460
add 902
add -2672
add -4443
set 117 19 10361
add -3955
set 52 107 -6969
add -3469
set 114 146 1111
set 136 35 1605
add -4323
set 55 29 -2861
add 2601
add 1343
set 20 180 1801
set 103 104 3052
set 179 162 6153
set 77 72 -10907
set 189 112 6412
add 2277
add -4636
set 156 155 -11773
set 177 118 3009
add -133
add 3550
add 2149
add 3019
add -2698
set 118 193 -7606
set 107 70 2754
add 1131
set 146 90 810
set 163 189 -297
set 184 133 3930
set 5 99 -6057
add -2222
set 1 12 10758
set 92 176 -8728
set 18 40 4170
set 23 150 -7923
add -1759
add 4604
add 3689
add -243
set 85 38 17410
set 41 119 5562
add -41
add -957
add 2086
add -3203
add 65
set 55 50 4075
set 107 131 6734
set 1 56 14859
add -242
add 846
add 4544
set 43 88 765
set 140 12 8338
add -3224
set 194 138 10607
set 50 16 3721
set 25 167 -1732
add -910
add 1443
set 77 13 17945
add 998
set 148 145 5874
add -1327
set 157 185 17086
add -2537
set 99 167 13150
set 193 171 3130
add 42
add -2732
set 145 157 -7390
add -2806
set 1 136 545
add -435
add 1858
set 33 137 -8952
add 3344
add 52
set 139 147 -5386
set 47 135 984
set 183 97 13705
add -906
add -2541
add 2350
add 4949
add 3465
set 49 77 15381
add 1593
add 4548
set 169 136 14611
set 48 143 8137
set 88 89 7942
add 3599
add -8630
set 35 146 3892
set 59 47 13036
set 77 57 11743
set 64 159 3449
set 2 60 14720
set 146 149 2804
add -2467
set 128 90 16298
set 165 20 479
set 162 186 328
set 188 171 15660
set 93 21 17379
add 1535
add 3377
add -1995
add 834
add 2834
add -679
set 38 144 18940
add 3711
set 108 21 17703
add -5037
add -3129
add -3414
set 158 17 14158
set 88 186 -1561
set 107 134 -613
set 116 44 6942
set 94 68 -1331
set 176 7 -1611
add 3795
set 58 135 13078
set 111 197 2440
set 125 127 16512
add 2185
set 122 36 4576
add -3736
add -3807
set 4 93 2266
set 21 25 -3075
add 127
add -2217
set 133 171 13320
set 52 139 4277
add 2853
add 3564
add 2526
set 84 105 3749
add -3000
add -4247
set 63 48 -2849
set 105 104 10396
set 49 128 -3498
set 132 90 12148
add -4928
set 36 184 2338
add -2869
set 57 175 4517
add -2446
add 4694
set 68 132 -8962
set 162 75 9297
set 126 66 431
add -1365
set 153 194 8646
add -2004
add 4623
set 31 26 8667
set 42 114 9293
set 154 182 4564
add 865
add -3704
add -3407
add -2033
add -2141
add -3380
add -3628
add 1644
add 925
add -1176
set 49 83 -23477
set 26 175 -16192
add 4837
set 176 148 -5306
add -1746
add -1519
add -3842
add -2658
set 10 41 -28737
add 2242
set 113 75 -9292
set 175 10 -15336
add 3466
set 16 92 -22900
set 120 49 -22529
set 50 96 -23057
set 10 177 -20155
set 157 173 -9318
set 69 9 -23058
add 1175
set 152 140 -22010
add 2377
set 127 69 -19324
set 92 144 -10579
add -4209
set 138 6 -12774
add 975
add -3932
add 840
add 903
add -2184
add 1781
add -4696
add 9227
set 135 105 -20842
add -1728
add 4999
add 3301
add 2669
set 72 76 -2305
add 1661
set 190 17 9197
set 38 131 -9634
add 726
add -2080
set 60 19 3310
set 149 50 6591
add -1133
set 138 2 -11986
add 1920
add 476
set 60 22 -9997
set 18 124 -9954
set 194 76 -1957
add 4081
add -4172
add -2594
set 61 8 346
add 3880
set 34 131 -8526
set 73 112 1579
add 4535
set 81 164 3546
set 163 174 -4384
add 163
add 1617
add -4410
set 106 121 -6690
set 190 46 3285
add -1796
add 1945
add -2224
set 121 185 8165
set 123 63 768
add 3829
add 1930
add -3250
add 2949
add -3185
set 186 90 13164
add -4881
set 44 81 4417
set 137 142 8382
add -1294
add -3792
add -599
set 128 1 -3036
add -4832
add 1664
add -3401
set 135 118 -7785
set 119 14 -23892
add 312
add -4952
set 112 19 -20954
set 6 78 -18194
set 94 126 -24529
add -537
add -3080
set 21 130 -16351
add 5610
set 3 96 -24838
set 195 178 -21047
set 63 143 -26262
add 456
add -4192
set 4 196 -29413
add 7594
set 64 146 -20795
add 1977
add -4070
set 63 175 -13805
set 62 102 -13072
set 164 88 -12720
add 4303
set 118 117 -20483
set 168 152 -5346
set 106 158 -7772
add 2839
set 13 138 -17501
set 177 148 -9266
add 1932
set 39 85 -9745
add 3457
add -763
set 24 172 -7613
add 4961
add 1222
set 139 72 -6587
add 2778
add -2250
set 64 66 2884
set 5 163 11724
set 3 190 -5980
set 9 96 11181
add 4340
add -2658
add 4177
add -1926
add -1214
set 188 8 9900
set 89 185 8057
add 1174
set 163 77 -2420
add 3642
add 4490
set 21 57 12301
set 120 48 20174
set 128 186 5745
add 2270
set 146 80 8026
add 1912
set 110 145 28286
add -676
add 2341
set 65 36 29739
add -7043
set 6 187 6088
add 1823
add 1893
set 18 181 19850
set 106 69 8518
set 64 8 19711
set 53 108 20394
add -980
add -4764
set 123 134 3067
set 151 95 11976
add 2914
add 3324
set 5 156 27443
add -3299
set 94 127 5903
set 129 4 24046
add -3570
set 18 75 4638
add 2251
set 17 32 4883
set 99 10 15735
set 56 74 4246
add -1141
add 3820
add 1580
set 22 25 8488
set 42 112 25970
add 2139
set 46 191 26260
set 131 98 10516
add -6257
add -2427
set 174 117 1772
set 122 92 13976
add 865
add -1371
add 1691
set 86 149 3075
add -3469
add -4158
add -4183
set 2 188 7011
add 1280
add 2034
add 2251
add 3518
add -3737
add 2066
add 4887
set 25 111 3670
add 1886
add 2581
set 116 110 16472
add 3921
set 64 192 29688
set 89 100 21040
set 184 118 20389
add -6116
add 2297
add -3117
set 172 191 10158
add -3958
set 144 142 21060
set 132 196 12405
add -3548
set 129 140 -2579
set 33 6 15258
set 22 163 13069
add 1316
add 1936
add -29
add -3334
set 167 181 10963
set 131 19 2779
set 86 124 -2618
set 2 57 12283
set 43 80 -2522
set 16 145 5388
add 4737
add -369
add -4382
add 1034
add -3316
set 47 82 5421
set 182 194 -2314
set 117 150 4558
set 117 137 -4974
set 8 109 7162
add 4874
add -996
add -3378
set 53 1 2917
set 104 91 -3647
set 106 104 -1095
add -362
add 4355
set 140 178 1535
add 3693
set 101 76 21252
add -913
set 46 49 3105
set 87 27 2666
set 129 164 20217
add -3405
add 2840
set 156 180 1949
set 125 150 20493
set 150 183 1833
add -3540
add -828
set 132 149 -2603
add -3911
set 105 160 1575
add 837
add -421
set 52 8 3337
set 51 180 -5809
add -4256
add -3955
set 118 99 -5177
set 10 13 3103
add -2676
set 173 86 -16977
set 66 106 -16645
set 45 118 -4682
add 2387
add 2010
add 3018
add -486
set 149 106 -470
add -4751
add -209
add 465
set 139 61 113
set 30 149 1297
add 3306
set 155 141 -1272
set 118 90 6827
add 857
add 4293
add 1311
add -2294
set 39 93 -6970
add 1456
add -2691
set 182 44 7827
add -3833
add 4182
set 120 11 946
add -1086
add 2578
add 806
set 78 6 7180
set 55 17 12324
set 142 60 7509
add -624
set 114 82 9575
set 2 45 2703
add -374
set 73 65 5513
set 58 191 -6426
add -973
add -2039
add 3278
add -157
set 24 44 -270
add -3444
add -4012
set 192 13 4313
set 63 191 -13778
set 117 148 -5564
add 227
add 651
add 4577
set 191 28 9895
set 95 192 7285
add 4687
set 194 147 8512
add -2739
add -3461
set 29 107 433
add 1445
add -4327
add -4949
add 1026
add -2121
set 169 124 -19049
add 1714
set 176 89 -17276
set 104 179 -3809
add -1487
add -1831
add 4184
set 67 149 -16350
set 147 172 -14873
set 107 195 -8422
set 1 73 996
set 140 70 -5800
add 4770
set 22 112 2029
set 11 22 7836
add 3168
set 48 58 707
set 153 9 -8500
add -1290
add 4668
set 53 2 -4703
add -3245
set 79 93 -8276
add 2051
set 86 81 8860
add -252
set 109 86 -6473
add -3061
set 48 16 -8078
add 3638
add 2336
set 146 113 12835
set 119 192 11695
add -982
add 2222
set 88 68 -2105
add -90
set 191 49 11381
add 3412
add -2793
add -3659
add 4388
add 1165
set 180 72 222
add -1778
set 48 164 -942
set 71 148 6424
add -4433
set 143 66 146
add 2549
add -4359
set 35 8 8910
set 98 127 -2278
add 3406
add 1594
add 2950
add 147
set 14 161 6150
add 4594
add 2742
add -1333
add -4064
add 4722
add 3096
set 104 188 12896
add 2455
set 31 188 21806
set 92 173 19788
set 108 13 24009
set 32 181 30107
add -5302
set 136 165 14851
add 71
add 4166
set 94 72 11531
add -9796
set 69 82 1735
add 1301
add 1088
set 152 138 15504
add -4262
add -72
set 144 44 13430
add 2593
set 131 113 3364
add -4534
add -3723
set 54 140 -6119
add -892
set 123 186 -7027
add 89
add 160
set 65 95 9825
set 173 114 11871
add 3130
add -4769
add -4426
set 137 143 -12660
set 6 145 -3169
add 4290
set 131 84 -8556
add -3403
set 39 24 -453
set 44 153 -11683
set 147 85 -6877
set 162 9 -12004
set 105 143 -11741
set 178 122 6012
set 116 107 5496
add -2620
add 4324
set 85 23 986
set 19 181 -4329
set 49 56 -9536
set 74 54 -10136
set 176 193 -10259
add -1510
add 4385
set 105 142 4803
set 112 33 8411
add -1052
set 141 167 -1615
set 146 26 11199
add 1286
set 113 26 11355
set 76 41 -7135
add 2168
add -26
set 105 112 2625
set 46 49 -4242
set 126 53 9009
add 3762
add 472
add -1716
set 183 96 -2570
add -4119
add 3845
set 8 87 9428
set 167 31 13797
add 133
set 100 185 15528
add 257
set 76 137 -2373
add -2056
set 105 16 -3784
set 119 41 -4458
set 106 122 5338
add 3683
set 106 18 -772
add 2941
set 35 179 2527
set 177 115 2636
add -4828
set 152 129 11083
set 46 138 8302
set 157 26 7606
add -4545
add 1045
set 159 10 9020
add -4400
set 10 106 2647
add -2593
add 2727
set 38 15 -3477
set 179 166 -10453
set 64 190 -529
add -3093
set 172 167 -2906
set 127 105 -13474
add 182
set 87 174 -13307
set 133 92 1495
set 31 54 -13145
set 38 116 -13183
set 161 83 3352
set 188 192 -2432
add 20
add 1544
add 3835
add -4159
set 189 80 -12101
set 168 179 -6614
set 106 7 -12009
add 3810
add 1603
add 1579
set 126 37 7279
set 96 137 -5098
add -629
add -3994
add -499
set 64 168 -2987
add 4384
set 18 63 2027
add -4703
set 14 52 -9750
add -4375
set 65 80 -14801
add 635
add 4555
set 61 194 -9556
add 397
set 7 168 -6941
add -884
add -2403
add 1216
set 139 62 -11415
add 3270
add -3394
set 63 163 -11365
add -463
set 122 13 -3819
add -2079
set 65 121 5332
set 24 146 4263
add -480
set 158 45 -14558
add -2571
add -2998
set 189 90 -8976
add 2873
set 1 111 -2675
set 4 56 -2552
set 155 64 -462
set 121 44 -8578
add 2851
set 140 148 -752
set 24 184 -1756
add 2431
set 29 26 2390
add 3666
set 56 19 -1605
add -1281
add 1535
add 18
set 130 66 9792
set 72 4 -2787
add -2517
set 117 165 -2704
add 2436
set 120 31 -1110
set 194 25 -8164
set 84 36 -2349
add 3362
add 3332
set 94 83 16658
set 6 172 16151
add -3528
add -3149
set 157 4 -1313
set 17 132 4933
add -1613
add -2010
add 2198
add -487
add -4113
set 70 116 -2267
add -3236
add 721
add -1159
add -2251
add 1149
add 4760
set 116 140 -14145
set 151 59 -14041
set 92 148 3554
set 145 130 -13428
set 111 131 -2972
set 21 139 -4957
set 145 42 -3556
set 45 119 3388
add 601
add -2533
add 2315
set 135 151 -7887
add -1437
set 29 12 -9730
add 3544
add 4336
set 92 184 7043
add 1723
add 1120
add 3822
set 141 119 5370
set 18 17 14315
set 117 126 6996
set 69 195 14425
add 4830
add 287
set 75 174 4518
set 54 49 13782
add 4217
add 1419
add -6966
set 137 176 3154
set 43 152 22099
add 1783
set 77 96 4981
set 45 172 6798
set 32 170 5132
set 11 150 5799
add 1595
set 55 89 15274
set 164 5 6503
add 708
set 119 81 16826
add 2273
set 151 175 22404
set 186 177 17039
add -2850
add -4172
set 126 68 15243
set 90 1 20100
set 6 186 2633
set 88 97 15087
set 90 153 12802
set 20 167 3372
add -872
set 183 164 16077
set 1 14 10060
add -1835
set 36 89 17144
set 8 180 10407
set 87 1 16455
add -3845
add -3376
add -1900
add 857
add -2267
add -4038
set 23 119 -10343
set 15 147 -14619
set 133 8 -6966
set 50 95 -9087
set 132 57 -3446
add -4446
add 1169
add 2289
set 99 87 -8744
add -2280
add 1569
set 39 95 -7795
add 933
set 29 5 -15445
set 146 179 -9790
add -1698
add -4644
add -2925
set 195 12 -24698
set 105 150 -9721
add 4000
add -261
set 155 12 -8215
add -3821
set 37 145 -8131
add 3997
set 191 82 -15562
set 56 48 -15476
add -2034
set 130 59 -22833
set 132 14 -22945
set 186 113 -22773
set 43 78 -22565
add 3201
set 155 49 -9208
add 3950
set 72 62 -15737
add 2544
set 18 97 -9738
add 1129
set 123 189 -9957
set 169 163 -12063
add -3832
add -4975
add -3682
set 95 178 -22707
add -1113
set 107 186 -25674
add -4820
set 107 35 -17797
set 48 92 -15930
add 8947
set 71 30 -4204
add -1336
set 72 10 -17527
add -2494
set 170 110 -5700
add -181
add 4002
set 33 45 -21487
set 58 37 -14813
add -899
set 160 139 -14118
set 51 88 -22355
set 139 10 -7385
set 112 173 -12484
add -186
add 316
set 47 192 -22066
add 2539
add 4305
set 33 14 -15431
add 2831
set 95 40 1529
add 4023
set 51 182 -8331
set 146 117 -8703
add 979
add -4244
add -1046
set 78 54 -12842
set 79 56 -12268
add -4266
set 9 192 -103
add 1669
set 33 20 -15118
set 40 14 -15492
add 3752
set 137 186 -11813
add 3141
set 114 55 42
add -3378
set 110 177 -6430
set 122 17 1224
add 4026
set 72 26 -646
set 20 134 10758
add 2337
add -3056
set 12 38 -8290
set 122 111 -8690
set 102 85 6205
add 3451
add 259
set 137 133 588
set 185 186 -5081
set 153 53 9915
set 154 170 -4971
add -2579
add -1345
set 30 20 -1821
add -1295
add 4484
add 4062
set 77 168 10378
add -162
add 2613
set 3 197 20227
add 3257
add -4782
add 4911
add 2817
add 1020
set 128 131 11926
set 83 2 13571
set 144 97 25696
add -4940
add 1017
set 46 37 13426
set 127 50 16372
set 157 31 14299
set 114 161 18033
set 126 134 4597
set 38 190 4319
add -164
add -4741
add -1439
set 40 68 3302
set 99 125 17457
set 175 115 -1848
add 1412
add 496
set 77 145 403
add -164
add 2295
set 148 141 19409
add 3105
add 3624
add 3974
set 47 44 27715
add -6280
set 135 173 15808
set 105 93 6203
set 34 124 6242
add 772
add -820
set 121 21 22422
set 64 184 23113
set 4 61 12314
add 1576
set 167 25 7643
add -2026
add -3745
add -1848
set 178 142 307
add -4953
set 152 162 14862
set 25 159 10979
set 184 33 9435
set 56 111 -4762
add -1795
set 191 142 -6454
set 187 82 12831
add -2441
add -4530
add -1252
set 26 128 -14807
add -3520
add -4076
set 32 126 -20858
add -1817
set 14 73 -17789
add 4929
set 91 141 481
set 34 171 -13951
set 68 85 -19247
add -4256
add -199
add 3781
set 81 40 -2045
set 42 141 -4207
set 155 99 -11504
add -4610
set 177 51 -19000
add -140
add 979
set 54 134 -15559
add -1810
add 1933
set 134 23 -5334
add 1945
add -4461
set 181 96 -26292
set 114 111 -26160
set 146 123 -9058
set 122 116 -10337
add -1830
set 154 112 -11716
set 176 106 -10251
add 3627
add -2832
set 124 33 -20330
add -4952
set 97 62 -32195
set 78 65 -25074
add 9578
add 4045
set 131 98 -18599
set 59 124 -18531
set 120 85 -11466
set 47 134 -4023
add -2275
add 2990
set 134 95 216
add 2915
set 178 145 -3360
set 137 151 -3169
set 27 128 -14864
set 165 138 -6033
set 148 123 -1217
add 1673
add 4286
add -4349
add 4202
add -2550
set 43 58 3335
set 132 109 -11512
set 126 153 5710
add 1670
set 80 79 -3384
add 2161
add -3698
set 116 163 -11468
add -4501
add 2280
set 129 150 4005
set 88 172 -13219
add -1677
set 48 155 -14743
add 878
add -379
add 39
add -618
add -833
add 646
set 74 62 -15689
add 4258
set 4 34 -4493
set 126 55 -1804
add 883
add 3437
set 84 66 3003
add 3285
set 13 23 -2670
add -3112
add -1914
set 70 65 -868
add -3529
add -3959
set 157 159 -16192
add -1853
add -1477
add 676
add -3345
set 166 117 -22441
set 38 99 -3568
set 158 125 -17011
add 904
set 7 100 -4330
add 2850
set 64 169 -11042
set 60 81 -3198
set 2 153 1297
add -2
set 98 16 -17963
set 8 12 -16057
set 46 25 -18550
add -4345
add 4686
add -1310
set 144 4 -12007
add 3044
set 5 184 -14546
add 2750
set 121 36 -13591
set 14 115 5334
add 3944
add -3723
set 74 147 1300
set 49 94 -1472
add 199
set 184 104 -5358
set 83 92 5045
add 4218
set 126 190 7413
set 35 152 -3796
set 192 113 -9013
add 2543
add -3020
add -3386
set 152 45 -13043
add 3600
set 2 153 1286
set 152 115 8138
set 49 108 -8273
set 121 133 463
set 133 133 424
add 2353
add 1339
set 144 181 11198
add 3771
add -3987
add -1196
set 134 121 596
set 189 40 960
set 171 140 -7230
add 4149
add 2551
set 4 164 10056
add 4980
set 4 79 21025
set 28 156 13810
add -1947
set 66 37 6347
add -584
set 27 106 3077
add 1082
set 91 33 10788
add 4137
add -869
add 4137
set 126 124 10480
set 39 176 10580
set 143 98 10467
add -7089
add -21
add 4780
add -360
set 146 165 18720
add -451
set 67 148 14529
set 47 140 7389
add 2271
add -4690
add -4438
add -180
add 4046
set 142 161 19933
add 4854
add -940
add 4856
add -9520
set 165 87 9060
add 1590
add -3460
set 171 97 19208
set 173 19 18199
add 3421
set 68 39 5399
set 17 71 15397
add 4441
add 1729
add -7545
add 3614
set 99 148 27382
set 163 79 21837
set 58 153 7674
add 4994
add -7025
set 113 55 17155
add -3672
set 144 16 21199
add 1581
set 127 195 5826
add -2133
add 1631
set 46 42 21645
set 50 22 2839
set 54 109 15799
add -3143
add 1079
set 83 121 995
add 980
add -1851
add -916
add 4108
add -1423
add -4359
add -4348
add 2162
add 4005
add 4655
set 22 192 4336
add -2126
set 32 90 13955
add -2612
set 37 184 14715
set 59 85 -867
add 1026
set 69 44 7438
add 638
set 136 118 18422
add 1493
set 152 192 15832
add -3298
add -3519
add 4597
set 131 104 15559
add -3925
set 31 28 -3490
set 63 116 1969
set 156 181 13498
add 3032
set 172 20 -322
add 1461
set 114 151 13025
set 119 95 10160
set 119 126 2491
set 151 159 683
add -1367
set 188 27 1653
set 20 120 17700
set 128 143 -668
add 4352
add -2625
set 164 161 4607
add 3366
add -3674
add 1474
set 72 149 2077
set 71 75 18019
set 151 22 1980
add 1147
set 19 142 4050
add 4423
add 1344
add 1838
set 97 33 30702
add -8516
set 1 130 8030
add -1754
set 134 90 15086
set 65 150 16783
set 144 145 19593
set 82 46 15012
add -1495
add -4833
add -3579
add -1443
set 185 79 -4957
add -2817
set 174 78 5479
add 3209
set 67 30 -8865
add -2407
set 61 162 2217
set 87 19 -1627
set 74 21 -6629
add 1365
set 106 125 -5713
add 2184
add 1632
add -927
set 190 36 -8472
add -616
set 167 95 4002
set 37 196 -142
add 2654
set 170 75 603
add 2513
set 110 163 -3961
set 136 25 -4076
add 3610
add 309
set 127 137 -183
set 64 126 1802
set 170 165 6383
add -440
set 66 34 7728
set 191 114 11443
set 67 128 -529
add -820
set 153 67 -1262
set 136 24 15002
add 3924
add 3993
add 3651
set 124 148 22244
set 178 13 16151
add -7274
set 63 27 17540
set 101 133 8012
set 86 32 2969
set 155 25 2858
set 46 30 22485
add -1244
add 1688
add -2829
set 167 79 10644
set 77 114 18462
add -3798
set 66 42 14519
add 2429
add -1362
set 131 20 6510
add 2908
add 4651
set 162 132 5397
set 110 171 23910
set 189 49 22807
set 8 106 7053
set 51 1 21856
set 82 43 5416
add -1098
set 123 10 12358
add -3658
set 81 195 10072
add 707
add 1469
add -4608
add 4939
add -1142
add 3919
add 1253
set 109 141 12511
set 90 24 19100
add -2397
add 1355
set 157 155 7860
set 66 176 6136
set 139 118 20511
set 76 71 12348
set 53 45 6155
set 186 64 23562
set 101 98 6092
add -1504
set 5 165 6829
add 1202
set 94 153 17472
set 41 184 21438
set 86 72 6057
add 744
add -1767
add -1178
add 722
add 647
set 106 36 5164
set 60 154 19318
set 139 158 10594
add -629
add 1653
set 83 35 6348
set 54 143 6246
set 29 51 11292
add -1509
set 173 140 4368
add 4076
set 98 41 8533
add -2230
add -912
add -986
add 3158
add 2616
add -9598
set 137 184 12210
add -4342
add -4039
add 2779
add 1197
set 64 139 12346
set 169 99 13791
set 187 54 -3807
add -1965
set 161 78 10263
add 332
add 4062
add -1304
set 43 188 10428
set 119 3 -1680
add -4598
set 195 77 -7353
add -3269
set 104 157 -10295
set 21 114 -4367
set 7 15 -4283
set 168 11 3714
add -2669
set 121 67 -11866
set 99 75 6300
add 1960
set 37 99 196
add -1188
set 170 53 -6407
set 56 161 -588
add 3575
add -3818
set 16 189 1513
add 289
add 171
set 166 191 -2191
add 1842
set 19 103 -3662
set 40 7 -10171
add 1550
add -1512
add -4572
set 171 63 -9683
add -697
set 175 11 -2087
add -2481
set 21 136 -6543
add 1980
set 186 69 -15954
add 4838
add 4223
set 82 78 9887
set 195 46 4532
add 4413
add -2110
add 2966
add 2762
add -4929
set 77 79 12204
set 28 90 8786
set 51 170 -3808
add 3989
set 169 73 9032
add -4568
set 46 93 -4453
add 3112
set 36 34 -636
add 2696
add 966
set 169 123 9167
add -4152
set 180 128 -1992
add -1390
add -1368
add -2957
add 513
set 29 142 -6258
add -3790
add 2810
add -3135
add -3062
set 166 185 -450
set 159 157 -14093
set 138 139 -5818
add 3439
set 88 22 -10846
set 30 75 4782
add -3139
set 112 162 -7139
set 146 196 -5393
set 58 180 -13729
set 38 76 -6478
set 61 146 4887
set 178 129 2508
set 191 118 -4421
add 3237
add -2237
set 51 122 -11660
add 2217
add -3820
add -4836
add 3662
set 99 41 -15787
set 157 107 -7681
set 26 114 -7131
set 138 23 -8992
set 30 155 -15053
set 108 50 -9819
set 179 150 -4880
add -3046
add -2219
add -3519
add -815
set 68 177 -11455
add 404
add -2444
set 92 115 -25775
add -3514
add 5721
set 42 51 -24769
set 116 20 -23797
set 173 105 -25238
set 86 82 -25008
set 102 24 -13659
set 144 156 -13856
set 40 198 -8300
add -3180
set 139 179 -16036
add -4832
add 7355
add 298
add 2860
set 46 13 -3025
set 44 75 -22463
add -2719
set 124 31 -7139
add -3961
add 1602
set 117 89 -27733
add -1344
set 24 175 -9404
set 126 52 -29094
set 90 42 -16856
set 190 130 -24100
add -3798
add 5933
set 79 171 -14976
set 38 113 -26746
set 36 45 -26908
set 46 104 -26896
add 1996
set 91 11 -15114
add 2921
add -3348
add -2488
add 4523
add 4990
add 2267
add 1082
add 4934
add 4884
set 174 189 9810
set 152 46 4470
set 147 8 9010
add -4222
set 139 161 9772
set 143 153 -9384
add 3688
set 165 121 -5444
add 4013
set 69 168 5834
set 37 148 5765
set 155 158 15396
set 119 53 9287
set 155 77 -1780
add -587
add 727
set 49 98 -1556
add -274
set 190 51 14199
add -2839
add -2243
add -1465
add 1844
add -4013
set 121 96 -10625
set 91 99 2667
add -3660
add 469
add 1837
set 8 163 1190
add -2397
set 63 57 -4641
set 185 14 -14437
add 115
add -4451
add -2870
add 281
add 742
add -2723
set 29 61 -5212
add -138
add 3856
set 120 103 -16974
set 7 151 -10949
set 123 187 -13672
set 155 129 -4903
add 1251
set 134 150 -8832
set 158 161 -17461
set 10 78 -15502
add 2097
add 1307
add 1033
add 3083
set 147 108 8899
add 3370
set 41 30 9075
add -4266
add -4686
add 4395
set 155 166 -11991
add -3829
set 33 157 -15456
add -4207
add 1006
add 4702
set 138 132 -14213
add -4902
add -308
add 678
add 1466
add 247
add -4098
add -1105
add -3592
set 192 20 -24048
add -3497
set 165 159 -29232
set 52 21 -18000
set 43 76 -18694
add -985
set 9 81 -29919
set 123 45 -30384
set 193 31 -23034
set 21 198 -12241
set 149 50 -22189
set 4 166 -13793
add 6906
add -3891
add -3328
set 150 136 -10719
add 5236
add 2278
set 115 68 -10062
add -1291
set 128 80 -24445
set 25 136 -8215
set 178 141 -17262
add -2856
set 68 101 -27242
set 84 171 -16908
set 112 36 -27123
set 9 167 -13681
set 32 6 -10152
add -347
add 2459
set 117 160 -24941
set 180 93 -25262
add 3167
add -4830
set 83 148 -14638
add -1355
add -4764
set 30 31 -23007
add 9969
set 166 29 -22598
add 465
set 114 190 -4431
set 14 34 -6338
set 147 52 -22551
add -2262
set 144 79 -7128
set 194 175 -9627
add -4390
set 66 58 -21037
add 479
add -842
add 4296
add 2055
set 130 136 -11239
add 2385
set 23 16 -15191
set 58 74 -20742
set 89 94 -8599
set 61 29 -9894
set 147 107 -18890
set 47 188 -18405
set 44 177 -878
set 64 84 -5224
add 2420
add -4260
add -950
add 2175
set 47 110 -12344
set 55 14 -21411
set 93 59 -21339
add -226
set 125 12 -3503
add -4593
add 1797
add -138
set 178 87 -14565
set 141 168 -16600
add 1620
add -4761
set 20 31 -9039
add -4081
set 161 18 -31924
add 5527
add 2197
set 28 161 -23157
set 190 79 -12641
add 4272
set 110 78 18
set 65 133 -19066
set 38 98 -19776
set 122 40 -1119
add -186
add 1494
add -1326
add -654
add -2802
set 5 138 -23196
set 142 39 -23166
set 161 31 -14815
set 72 54 -23197
set 52 134 -14383
set 162 70 -3310
add 2802
set 21 185 -14511
set 131 119 -7741
set 52 28 -20038
set 176 117 -20603
add -442
set 70 191 -20745
set 143 104 -4314
set 19 20 -14917
set 123 60 -7658
add -1476
set 172 137 -22533
set 123 84 -22426
set 187 49 -4091
set 8 111 -3536
add 2122
add -350
set 175 170 -20632
set 2 182 -2227
add 1668
add -4940
add 2325
add 627
set 153 115 -11022
add 4260
set 37 198 -11407
set 50 160 -1588
add -1115
add -273
add 858
set 91 185 -584
add 710
set 71 101 -16459
set 71 172 -15877
add 2389
add -4678
set 31 128 -18755
set 190 54 -18828
add -1382
set 142 150 -10951
set 111 137 -20251
add 1625
set 15 185 1174
set 120 66 -1737
add -1682
set 129 132 -20188
set 162 154 -9959
set 2 76 -751
set 33 2 -19867
set 53 130 -11834
add -3735
set 163 146 -23821
set 98 89 -23935
add -2066
set 76 51 -25667
add 2075
add -3645
set 110 192 -8988
set 63 66 -12927
set 8 196 -26800
add 2476
add 4466
add -4973
add -2886
add 419
set 135 85 -21438
add -3493
set 63 76 -26287
set 100 149 -31613
set 160 46 -11749
add 7159
set 99 93 -24438
add -793
add 962
set 187 138 -14667
set 116 74 -24261
set 184 109 -6758
set 13 18 -24240
add -385
add -3694
add -2788
add 7775
add 2806
add 2201
set 41 16 -209
set 5 125 -7498
add -207
set 54 79 -1784
add -468
add -4604
add 1059
add -4091
add 4504
set 60 116 -16255
set 125 180 -21994
add -418
add -3643
add 330
add 4312
add -191
add 4046
add -4567
add -4886
add 3267
set 43 69 -16970
set 146 103 -15883
add -4017
add 3652
add -1474
set 146 131 -14316
add -4852
set 104 26 -21253
add 7559
add 763
set 145 51 -9498
set 182 74 -22338
add -1545
add 3390
add -27
add 3579
add 1831
add 1693
set 11 174 -288
add -1692
set 183 26 -7837
set 142 172 -13552
set 77 116 -5918
set 190 195 -10633
add -2450
set 36 66 -855
add -400
set 106 66 -14403
set 82 72 -17660
add 4933
set 155 81 -1221
set 101 96 -13005
set 53 5 -12943
add -1762
set 185 165 -3275
set 19 169 -1030
add -3863
set 55 22 -18582
set 70 13 -3295
add -2651
set 17 163 -2914
add -1650
add -2822
set 126 65 -7935
set 158 175 -11794
add -81
set 107 55 -16980
add -4503
add 5409
add -2260
add 2402
add 1181
set 114 89 -23549
add 190
add -4228
set 9 197 -15528
set 178 25 -27711
set 48 152 -9931
set 172 129 -19908
set 138 142 -10888
add 4993
add -3955
add 2805
add 1340
set 67 87 -16062
set 194 39 -12517
add -4307
add -1903
add -3454
add 7524
set 5 157 -24239
add -3047
set 90 92 -17638
add 880
add 576
set 144 4 -20095
add -577
add 3975
add 1669
add -2183
add -2401
set 180 190 -25631
add 1510
add -1265
set 7 65 -5576
add 1444
set 98 44 -16395
set 62 161 -8686
add 1414
add -158
add 329
set 163 131 -12325
set 14 89 -8609
add -1270
set 134 171 -8407
set 135 195 -11125
add 3830
add -597
set 69 148 -8560
set 34 89 -7743
add 3817
add 4902
add 1492
add 4113
add 2520
add 2628
set 29 122 16664
add 502
set 112 168 533
add 1049
set 122 10 16457
set 54 58 9819
set 52 128 609
set 155 50 633
add -31
add -1958
set 9 184 552
add -313
set 31 103 9409
set 195 169 18155
set 4 71 1507
add -597
add -2962
set 146 35 8218
add 508
set 151 53 8893
add 4108
add 4410
set 161 14 3660
set 3 7 13611
add -1484
add -3848
add 1051
add 1645
add -765
add -2381
set 112 9 -2058
set 2 90 14001
set 143 170 -2001
add 1987
add 3945
add -1323
add 1516
add -2050
add 577
add 806
add -704
add 1653
set 144 82 7831
set 124 135 11917
set 172 64 10452
add -4527
set 145 35 5589
set 58 96 -142
add 82
add -69
add 3169
add -612
set 45 108 3530
add -1290
set 110 33 21067
add 2216
set 14 91 17653
add -4556
set 98 86 -1173
set 3 108 8049
add 2290
set 110 28 10692
set 145 149 1021
add -727
add 104
set 54 130 15236
set 94 166 452
set 122 82 4879
add 472
add 1412
set 156 167 10549
add -1484
set 35 162 1545
add 2295
set 27 187 13404
add 4275
add 3186
add -6631
set 149 183 4005
set 37 127 20522
add -3550
add 1826
add 2250
set 98 153 17609
add -4903
set 131 89 -391
set 80 97 19627
set 73 195 17566
set 36 69 14199
add -2067
set 85 191 -2297
add 626
add 4242
set 168 29 2802
set 135 47 2549
add -1737
add 2952
set 141 104 12757
set 176 176 3527
set 167 191 17262
add 2837
add -762
add 1638
add -3810
add -3387
set 177 102 15242
add 2936
set 101 92 14879
add 1237
add 673
set 5 83 5403
set 79 69 17589
set 100 105 4992
add -989
add -1916
set 194 155 3242
set 88 116 15204
set 27 178 12218
set 37 159 2543
add -536
set 100 97 13018
add -1462
set 176 123 6470
add -1026
add -2193
add 135
set 64 72 -2743
set 89 135 12563
add 1294
add -2670
add 4948
add -3796
set 73 77 -3206
add -1871
set 97 196 7276
add 1846
set 63 154 16128
set 41 159 9466
set 79 166 -3243
set 44 180 -3003
set 167 143 3858
add -70
add 4203
set 48 63 6766
add -1902
set 159 148 17501
add -606
add 3390
add -3768
add -3543
set 45 20 -5158
add 3888
add 2384
set 180 71 14019
set 98 174 679
add 2016
add -2392
set 171 54 336
set 65 181 17080
set 132 79 5434
add 1905
add 3864
set 8 96 20004
add -3080
add 3145
set 40 158 13991
add -1342
add 2322
add -2773
add -4635
set 166 178 11601
add -1370
set 53 17 10493
add -2138
add -3354
add -2920
add -746
set 25 34 1867
set 66 104 -10731
set 180 127 2868
set 43 178 -2748
add -538
add -644
add -3031
add 2832
set 78 151 -4031
set 129 63 -3800
add -3268
add -2217
add -2128
set 181 172 -19341
add 3634
set 36 59 -15992
add -4803
add 2359
set 120 129 -12457
add -3211
add 2110
add -819
set 88 38 -5939
add 938
set 177 83 -3843
set 177 116 -10549
set 30 148 -19487
add -2696
set 153 67 -22163
set 95 150 -5135
set 71 145 -21501
set 45 107 -4998
add -2594
set 4 58 -5865
set 79 19 -5566
add 2362
set 19 180 -13883
add 735
set 48 137 -21762
add -3300
add 4632
set 187 167 -9846
add 2800
add 4753
add 2873
add 1931
set 63 100 10355
set 114 18 -8135
add -2974
set 179 154 3847
add -3390
set 10 192 4235
set 187 92 -526
set 181 8 -7528
set 24 11 -12088
add 4628
set 62 130 -1761
add 2885
set 153 100 1526
set 45 36 -6468
add -1964
add 1552
set 165 165 3803
set 81 42 4718
add -1893
set 132 160 -8994
set 40 183 4430
set 103 43 -9207
set 53 139 -2030
set 31 86 -4038
set 3 105 -547
add 1185
add -1276
set 79 119 7663
set 117 143 -9139
set 71 196 3624
add -4221
set 112 136 100
set 25 15 2295
add 624
add -49
add -4857
set 154 167 -12590
add 2041
set 145 36 -15635
add 3029
set 96 179 -6257
add 1460
set 119 179 2912
add 4062
set 172 36 -7111
set 93 180 -7022
set 107 72 -7005
set 101 47 -7046
add -3275
set 45 56 -9808
set 138 160 -10277
add -2583
add 181
set 158 173 3726
set 45 100 3664
add 3924
add 3168
set 192 33 -12
set 116 132 -5746
set 119 139 8966
set 65 32 -5756
set 88 82 -5644
set 40 65 -3227
add -1895
set 88 70 -7036
add 2889
set 3 144 5487
add 2589
add -1913
add 1557
set 64 91 -1548
add -3335
set 59 53 531
add -4036
add 868
add -1248
set 72 173 8004
set 67 120 -9906
set 127 27 -10082
set 64 58 722
add -2249
set 148 19 -119
set 186 197 -12445
add 4185
set 135 112 3412
add 3793
set 169 197 -4450
add 191
add 2233
add 1146
set 187 158 15753
add 3627
add 390
set 95 39 3150
add 1330
set 185 165 20491
add -4690
set 150 77 -431
add -2752
set 21 95 5449
set 10 181 7452
add -2517
set 74 160 4349
add -3438
set 97 18 -9136
set 152 86 -9100
add 2141
add 2108
set 50 72 -4559
add 1222
add -675
set 179 89 -4331
add 1582
set 3 112 11483
add 336
set 83 145 -1625
set 3 171 12246
set 98 106 7496
set 135 130 1380
set 16 13 6672
set 93 183 -2290
set 130 181 8672
add -307
set 29 143 8300
add -4248
set 65 60 10303
add 2723
add 3253
set 5 36 14604
set 76 84 -926
set 102 188 2040
set 159 45 -1019
add -2772
set 67 108 4448
add -4944
add 2358
add -4511
add 231
add -631
add -3132
set 106 24 699
set 63 65 -8715
set 87 63 191
set 14 49 -12416
add 288
set 188 112 2590
add -3402
add -2391
add -3942
add -919
set 56 128 -24697
add -520
add -2514
set 5 129 -26721
set 152 105 -27792
add 1952
add -1174
add -4916
set 173 183 -31888
add 6714
set 78 93 -25150
set 108 15 -8046
add -3156
set 167 162 -10227
add 2340
set 155 30 -25202
add -3681
set 89 96 -29693
add 4628
set 67 172 -24406
set 88 27 -24753
set 101 138 -10355
add 1296
set 58 68 -15378
set 42 185 -4635
set 193 55 -12438
set 86 134 -22772
add 404
add -34
set 53 32 -23312
add -4580
set 12 104 -27858
set 144 128 -28026
add 3869
add 3730
set 80 127 -9664
set 69 20 -19990
set 89 115 -18748
add 1544
set 189 6 -547
add -1623
add 818
add -3528
set 51 149 -23111
set 189 197 -23013
set 30 131 -22858
add 1012
set 182 55 -11661
set 2 54 -3970
add 3388
add -3307
add 4594
set 143 18 -17558
set 80 158 -3110
add -2450
add -1333
add -4657
set 182 77 -25986
set 84 75 -8678
add 1354
add 4170
set 176 49 -11857
add 1786
set 192 139 -8293
set 157 67 -18499
add 1112
set 110 8 1065
add 479
set 36 13 -1102
set 120 180 -16824
set 169 27 -16515
add 4529
add 4700
add -4866
add 3966
add 4194
set 9 20 12011
add -4338
set 62 143 -8585
set 22 47 7764
add 3313
add 3857
set 133 184 11235
add -701
set 168 68 14398
add -3774
set 130 193 -6109
set 123 33 -180
add -2570
set 78 114 5177
set 182 146 -8556
add -195
set 158 7 -8910
add -4715
add 2967
set 52 57 9204
set 34 197 -10343
add 2665
add -4080
add 13
set 169 78 5395
add 842
add -3033
set 114 121 -14017
add -3159
add 2810
set 191 45 -14676
set 8 67 -14185
set 177 58 -6925
set 128 127 -6011
add 4465
set 102 122 -3305
add 1290
set 94 39 -8651
set 123 174 -8887
set 97 13 1345
add 2176
add -2618
add 1602
add -123
add 2684
add -3382
set 124 100 2376
add 2220
set 192 64 3863
add -2768
set 166 34 -8978
add -465
add 3360
add -3861
set 33 65 -2457
add -1752
set 101 174 -11792
set 174 22 -11851
set 116 124 -11792
set 154 20 -11652
set 149 43 -11777
set 92 89 -11702
add -2506
add 2655
set 96 160 5239
set 147 149 -11657
set 54 4 1136
add -449
set 30 151 3668
set 146 117 -12135
add -3010
add -3852
add -616
add -794
add 2958
add -4001
add -4358
set 100 72 -25493
set 61 98 -25706
add 1158
set 6 49 -21968
set 163 190 -24501
set 193 30 -10314
add 3420
set 87 189 -5356
set 70 15 -8740
add -4406
set 73 27 -8363
set 19 41 -25511
set 143 9 -25605
set 103 76 -11353
set 32 37 -14418
set 173 151 -25007
add 2015
add -3069
set 186 68 -7066
set 103 188 -23613
add 3808
add -2803
add 1083
add 1066
set 117 187 -22359
add 2547
set 159 16 -18374
set 168 108 -20866
add 1899
add -1805
set 51 126 -5038
set 29 184 -19569
add -968
add -2305
set 5 57 -23247
add 198
add -2577
set 96 112 -15360
add -1040
add -4666
set 16 44 -26608
add 9719
set 20 104 -22354
add -4277
set 100 186 -26728
add -1752
set 158 124 -28562
add 1577
set 21 151 -15806
set 120 21 -17819
add 3449
set 85 53 -9450
set 133 145 -13649
add 3614
add -2017
add -2067
add 1395
set 156 165 -12103
set 34 3 -5808
add -4484
set 134 157 -26809
add 544
set 158 171 -13893
set 129 139 -21133
add 4517
set 30 83 -21550
set 65 38 -16058
set 185 10 -16321
set 23 39 -5575
add 447
set 176 150 -5079
add -1087
set 123 55 -9481
add -4523
set 21 69 -25556
set 95 185 -9893
set 128 94 -17943
set 15 57 -11621
set 86 195 -13914
add -4641
set 175 181 -23089
add 6291
add 3012
add 4655
add -2891
add 3938
add -481
set 76 57 -5973
set 57 54 -17122
add 2099
add 3213
add -1602
set 179 69 -13370
add -1158
add 2403
set 151 129 1209
add -822
add -1028
set 98 59 -14039
add -659
set 21 65 209
set 142 88 -1206
set 97 179 -739
set 138 59 -14738
add 4199
add -1410
add -4860
set 176 138 -10862
add -3320
set 137 163 -20143
set 117 57 -268
set 164 74 -20208
set 188 195 -11147
add 792
add -4870
set 35 13 -21976
add -4335
add -3814
set 162 27 -31907
add 7718
add 2392
add 3239
add -3170
add -4905
add 1253
set 45 170 -25743
add -1596
add -2253
set 187 134 -14673
set 169 196 -11357
set 104 65 -16018
set 74 36 -14825
set 53 119 -23860
add 1436
add 3313
set 163 35 -8044
add -3098
set 171 42 -9788
set 138 54 -28046
set 15 104 -27973
add 3546
set 154 142 -18770
add -3565
set 6 8 -27782
set 168 144 -27978
add -2103
set 77 18 -30223
add 6266
set 178 90 -10041
set 21 188 -4176
add 2607
add -1961
add 1412
set 81 40 -14702
set 68 50 -6183
set 51 44 -16002
set 54 13 -10069
add -1212
set 51 114 -10209
add 4342
add -1584
set 89 20 -19606
add 3999
set 58 61 -6442
add -3566
set 16 123 -17991
add -1375
add -4794
set 111 152 -25905
set 111 168 -25060
set 119 176 -26093
set 99 67 -13919
add -3764
add -3628
add 6200
set 29 87 -26878
add 1813
add -4519
set 90 96 -29978
add -3783
set 79 113 -33564
set 103 24 -25185
set 103 169 -20725
add 8778
set 161 76 -17292
add -4968
set 163 103 -18979
add 4800
add 3118
set 52 2 -21658
add -2064
set 115 100 -14334
set 23 4 -23551
add 2564
add 4737
add -3800
add -1357
add 3907
add -1307
add -727
add 3468
set 79 132 -16489
add 614
set 108 135 -5386
add -2477
add 279
add 4846
set 121 134 5240
set 41 122 -12011
set 146 120 -13265
add 98
set 114 150 2722
add -4219
set 119 35 -6042
set 124 14 -17502
add 1984
set 10 18 -3027
set 145 77 -15513
set 106 171 -5222
set 112 71 -2559
set 150 127 762
set 38 106 -14447
set 133 120 -15389
add -2364
set 75 15 -5628
add -2121
add 3340
add -2059
add 2874
set 50 174 -15789
add 4871
add -1595
add -2004
set 140 195 -13648
add 4236
add -4529
set 68 134 -12906
set 129 63 -7796
add 773
add 2792
add -3257
add 1581
set 63 185 311
add 3754
set 77 16 3511
add 2290
add -3654
set 11 144 -9223
set 56 60 -2452
set 66 118 -4213
set 2 68 -9373
set 118 65 9002
add 3177
set 153 75 4622
add 593
add -3671
set 89 97 9158
add -1822
set 89 152 -12085
set 101 9 -12275
add 3975
set 97 108 -1215
add -1279
set 182 119 -1566
set 189 28 -89
set 60 19 2335
set 61 91 -8526
add -2868
add 762
add 3235
set 76 30 -7620
set 4 93 10987
set 64 106 -8137
set 194 56 -8359
set 51 183 -7049
add -1022
add -2876
set 110 67 -10995
set 107 67 -10992
add -4119
add -3903
set 101 19 -14737
set 28 104 -20271
add 2682
add -459
add 1357
add -4731
add -1166
add 4783
set 77 122 -9165
add 27
set 44 129 -2288
set 189 189 -1684
set 36 31 631
add -1915
add -1511
add 2314
add 1158
add 1644
set 40 1 -2253
set 132 132 -16124
set 173 51 -7473
set 56 166 -16137
set 34 108 -15049
set 28 93 -10242
add 2797
add 2735
set 129 17 8967
set 70 6 -2468
set 84 45 -10634
add -1867
add -156
add -4539
add 4899
add 4385
set 34 103 -426
add 734
add 2990
set 163 192 13974
add -2781
set 53 159 10674
add 3227
set 76 9 -3738
set 149 130 15338
set 92 105 -3729
set 139 143 -3595
set 52 185 13585
add 1273
set 93 189 -1311
add -1603
add -4352
add -1985
set 131 10 5485
add -629
add -2734
add -3765
add 3587
set 29 140 -13943
add -2674
add -464
set 61 58 -68
set 100 76 -10694
set 94 157 -16855
add 1683
add 1929
add 4425
set 31 165 1404
set 128 155 -6800
set 142 110 6447
add -2814
add 4349
add -83
add -4773
add 3531
add 1840
set 127 82 12497
set 79 21 10188
add -2655
add -551
set 43 113 -10002
add -4212
set 78 90 -8147
set 160 137 -14543
add 2065
set 4 42 -7408
set 109 50 976
set 75 65 2596
set 15 198 -599
add 2127
set 67 94 1330
set 91 46 6760
add -3577
add -2578
set 142 76 -5237
add 3546
add -3810
set 84 28 -9813
add 1946
set 123 28 -3785
set 64 67 -14372
set 185 67 -14642
add -1940
set 168 171 -9492
set 49 15 -2526
set 79 80 -16601
add 3852
add 3435
set 23 46 1917
add 2556
add 71
add -4634
add 3867
set 75 16 5424
set 22 82 10934
add 3364
set 15 18 -4104
set 22 12 2010
add 2091
add 835
add 2269
set 34 87 18964
add 3380
add 3370
set 155 161 8612
set 168 197 7966
set 25 52 8534
add -1856
set 96 169 20333
set 111 176 5927
set 22 23 13164
set 141 86 5950
set 170 161 7204
set 2 9 12917
set 53 168 15732
set 56 22 5968
add 262
add 1678
add -3681
add 2865
set 100 184 17280
set 89 133 23394
add -4631
add 4717
add 2090
add 2265
add -9892
add -2997
add -3803
add -4528
add -1429
set 49 89 7302
set 76 179 -4082
set 109 37 -3962
add -1210
set 154 52 -12365
add 3125
set 63 114 -2992
set 143 28 -3714
set 192 193 -9266
add 4366
add 1786
set 148 150 2732
set 131 143 -2902
add 2655
set 179 189 12081
add -3178
add -1347
set 49 117 -4924
add -2084
add 4704
add -2642
set 9 120 3264
add 1940
add -4419
set 148 113 4835
set 17 85 10455
add -3197
set 16 172 6117
set 95 53 2980
add -369
set 131 175 -5860
set 129 12 -6127
add -1606
add -3773
add -1682
add 2281
add -3522
set 111 116 -11377
add 797
set 190 101 -18572
set 171 169 -16367
set 174 67 -18430
add -4805
add 85
set 15 128 -23164
set 63 7 -18168
add 2635
set 105 58 -7095
set 150 158 -9879
add 2056
add 3950
set 33 159 -14113
set 106 46 1854
add -4365
add -3417
set 44 147 -14679
set 102 61 -12105
set 47 164 -21604
set 170 111 -22403
set 120 170 -22312
set 11 101 -22254
set 87 163 -22287
set 146 2 -8888
add 1151
add -4983
set 103 93 -26198
add -1305
add -4739
add 6568
set 53 191 -25475
add 4323
set 116 112 -9411
set 60 95 -11367
set 52 138 -15299
set 28 175 -12944
set 156 88 -10794
add 1467
set 6 170 -2667
add 4226
add -4363
add 4893
set 96 145 -3834
set 50 146 -14113
add 4476
add -3814
add 4720
add 182
add -41
set 179 90 8825
add 3111
add 1904
add -2934
set 67 140 -7549
set 65 12 -7158
set 22 89 -6729
add 1331
add 2087
add -1731
add -913
add 2890
set 50 189 13818
set 101 189 11574
add 4100
set 194 66 6898
add 660
set 159 15 7249
add 2214
add 386
add 2287
set 180 20 6383
add -651
add -4576
add 1194
set 178 32 1695
set 135 169 14925
add -4359
add 3484
set 55 154 11191
set 78 140 843
set 54 176 909
add 3753
add -393
set 37 9 4288
set 18 91 9677
add -3671
add -1136
add 1572
set 40 188 12960
add 3052
add 1897
set 18 156 12383
set 128 84 5925
set 33 53 20657
add -2517
set 104 82 3586
add -923
set 61 105 18393
add 3979
set 39 22 6523
add -2950
set 173 13 13415
set 42 99 22119
set 50 8 16985
set 5 167 15712
add -1434
add -3370
set 149 137 -1369
set 136 151 15336
add -3612
add -1803
set 1 96 11318
set 101 170 -6604
set 184 164 1948
add 4370
set 3 52 16125
add -3162
set 74 61 12883
add -238
set 18 145 14295
set 9 31 -4003
add -971
add 4942
set 81 181 7149
set 100 188 1256
set 67 59 -1622
add -914
set 124 76 3565
add -1379
set 26 172 9023
set 94 8 12210
add 765
add 2656
set 9 4 -70
set 109 109 -446
add -1941
set 188 82 6458
add 4636
add -1071
add -2176
set 128 173 4914
add 3942
add 3438
add 3080
set 108 120 27019
add 4091
set 19 152 27606
set 48 4 18877
set 111 114 31456
set 76 83 20215
set 112 69 13605
add -5678
set 53 151 7850
add 3805
set 124 60 23833
set 38 147 22719
set 41 167 18021
set 77 139 18964
set 53 166 11556
add -5795
set 158 145 23091
set 81 56 6379
set 60 96 5731
add -2509
add -881
set 21 144 3637
add -161
set 76 91 3195
add 696
set 50 184 4952
set 104 25 2841
set 21 178 19705
add -4249
add 1368
add -2340
add -3324
set 13 35 2272
add -1518
set 83 180 -6982
set 100 5 -7213
set 88 14 -7212
set 159 104 3538
add -3770
set 116 166 -10990
add -4523
set 39 103 2362
add -2438
add -1816
set 8 84 -13849
set 140 143 -19590
set 153 105 -19784
set 106 75 -12425
add 4599
set 164 90 2596
add 3581
add -3312
add 220
set 24 34 -3354
set 74 68 -3921
add -3494
set 8 140 -18114
set 18 106 -17110
add 709
set 12 99 -5465
add -4034
add 2
add -4351
add 4354
add 1161
set 159 42 -518
set 124 169 -4451
set 32 94 -12848
add 3692
set 73 123 500
add -589
set 153 161 -16400
add -3231
add -497
set 90 93 -20919
set 157 34 -20872
set 124 101 -20933
add 3348
set 103 27 -17308
set 25 194 -12121
add -2130
set 103 145 -7087
set 3 190 -19447
add -2695
set 185 113 -22297
add 3089
set 176 145 -9703
set 155 124 -19404
add -3663
set 131 136 -8364
add -3483
add 1406
add 1360
set 83 117 -23725
set 146 127 -10662
add -4855
set 59 39 -28351
add 732
add -767
set 66 137 -28614
set 137 116 -20391
set 180 128 -28694
set 86 128 -28600
set 151 81 -10753
add -826
add 2349
add 1389
set 193 91 -25448
set 169 179 -9126
set 20 168 -11430
set 178 8 -13528
add 355
set 92 182 -8593
add 2165
set 130 130 -10806
set 100 32 -23139
set 78 8 -15921
add 3761
set 179 153 -19394
set 15 104 -19300
add -3210
set 21 73 -3060
add -1973
add -1832
add -2081
set 4 186 -15749
set 52 141 -23036
set 23 68 -13484
set 120 45 -28523
add -1696
add 7951
add -4565
add 853
set 9 197 -8763
set 128 182 -12260
add -4686
set 35 186 -30576
add 6232
set 46 60 -9901
add -1144
set 19 167 -24719
add 4625
add 1318
add -3558
add 2736
add 4266
add 4767
add -4886
set 10 34 -4923
add 2801
add 3563
add 1760
set 63 190 5045
set 27 187 5722
add 423
add 1858
set 178 182 3231
add -4229
set 188 175 -3848
set 103 134 -9145
set 93 58 -698
add -1398
add -1466
set 169 86 -13000
set 163 116 -2241
set 166 20 2243
add 2734
set 78 161 -8514
add 4746
add -1305
set 166 133 -112
set 73 196 2589
add 1397
add 898
add -2427
add 4594
set 185 111 -2383
set 13 181 2977
add 3182
set 149 168 4411
add -1943
add 652
set 20 178 12035
set 60 140 -458
add 544
add -3835
set 90 138 8288
add 1432
add -2043
set 87 125 11150
add -2366
add -4657
add 1006
add -313
add -2083
add 3268
add 308
set 178 118 8609
add -1602
set 184 52 -10836
add 4807
set 145 117 -6061
add -1266
set 100 17 2670
set 149 16 -6770
add 3418
add -3761
add 1658
set 116 98 -5966
add 1688
set 64 179 5212
add 1164
set 54 8 -2969
add -4903
set 88 168 -6498
set 133 90 4528
set 30 88 -7867
add -146
add 3361
add 3003
set 138 77 -1799
add -2050
set 76 165 9994
add 4471
set 140 42 15051
set 146 9 603
set 18 28 1144
set 34 40 20645
add -3266
set 126 164 10998
set 74 192 15063
add 3374
set 57 85 876
set 71 76 10580
add -3538
set 186 35 10549
set 136 126 -1350
add -1196
set 108 156 13879
add 4366
add -32
set 43 56 1065
set 138 100 18373
set 80 111 424
add -3236
add -472
set 25 146 5144
set 3 195 12617
add 4681
set 21 197 1647
set 172 94 19967
add 3146
set 88 180 4698
add -4512
set 157 189 6365
add -388
set 164 174 -518
add 3306
set 195 171 18590
add -3273
set 86 153 5152
add 3356
add 3664
set 173 10 15395
set 8 12 9167
set 4 87 23814
set 52 36 7086
add 635
set 65 77 7310
set 122 172 7764
add 3359
set 127 90 16946
set 139 185 22612
add -7342
set 72 198 12852
set 185 163 3276
set 46 45 3339
set 28 178 22526
add -4088
add -2588
add -1270
set 179 107 12843
add -1573
set 61 173 4221
add 1553
add 677
add 4155
add -3409
set 120 17 3675
set 180 196 11205
add -2033
set 182 60 6479
add -1016
add -975
set 50 105 12099
set 140 141 7489
set 80 52 10923
set 175 99 8740
set 69 198 1045
set 77 50 -2200
set 4 128 -7200
add -4089
set 27 135 -10791
set 144 35 3771
set 173 25 -11457
add -1578
add -3442
set 108 187 -8170
set 154 170 -16361
add 1856
set 179 82 -14144
add -4151
set 178 46 -1000
set 124 108 -7281
add -4830
add 2926
set 152 142 -3972
set 128 1 -3063
add 4893
add -1487
set 93 5 -17185
set 65 190 -2112
add -585
add 4500
add -3549
set 75 78 -8267
set 66 55 -8579
set 54 37 -11642
set 58 119 -10296
set 83 21 -714
add -3050
add -2887
add 1251
set 113 153 -10517
set 88 22 -21512
set 122 37 -14982
add 4748
add 3465
set 50 121 -6656
set 176 84 -13357
add 2450
set 74 154 -1392
set 167 56 -10728
add 877
add -4543
add 663
add 303
add 4389
add 4630
add -2575
set 61 129 12016
set 55 28 -6643
set 24 108 -865
set 94 142 -305
set 153 38 2199
add -2606
set 71 157 -9431
add -2275
add -3523
add -579
add 2080
add -1078
set 126 135 -14679
set 168 33 86
set 77 106 1016
add 3481
add 1112
set 143 191 2347
set 112 48 4885
add -126
set 22 139 -4044
add 600
set 21 83 -9595
add 1933
add 2601
set 100 185 4870
add -3259
set 172 123 11127
add -1525
add 2962
set 121 193 -7269
add -2411
set 82 142 7425
add 3620
set 110 17 5006
add 3849
set 103 39 -2071
set 5 102 -124
set 135 148 6832
add 2616
add 905
add -930
set 9 145 7749
set 87 142 13002
set 67 87 11423
add -4594
add 1129
set 122 63 10451
set 105 38 5388
add 4384
add -323
set 171 39 1048
set 174 78 12788
add -2337
add -1857
add 4398
set 187 121 15971
set 151 168 16080
add -3653
set 101 113 -2340
set 191 63 8154
add -2942
set 166 63 23
add -3230
add 4564
set 69 162 8664
set 104 161 -3659
add -3041
set 34 99 9160
add -4247
set 37 133 -10614
set 53 176 -11358
add 4106
set 44 4 9536
set 137 84 -7320
set 171 87 2576
add -733
add -3679
add -2432
set 136 138 -4190
add -1133
set 167 82 -2987
add 1072
set 91 55 -8159
add -602
add -4034
add 792
set 148 124 -18109
add 46
add -876
set 61 112 -7180
set 49 7 -18680
add 4532
add 2898
add 409
set 191 92 -4879
set 22 170 -10871
add -1941
add 2937
set 134 96 -10093
set 178 77 -10108
set 11 155 -8637
add 4317
add -2052
add 4757
set 127 98 -3057
set 9 190 -2744
set 67 101 -2949
set 8 160 -2037
add 806
set 153 164 12079
set 138 5 -2255
add -2498
set 173 187 1969
add -1233
add 3876
set 113 39 -1904
add 4338
add 1322
add 1750
set 47 143 5601
add -4007
set 194 40 17871
add -40
set 93 4 20102
add -1999
add 3916
add 1935
add 1899
add -3997
set 44 143 3311
set 100 181 13379
add 2992
set 101 84 6054
set 194 41 5917
add 4608
add -5119
add 944
add -2350
add 398
set 64 193 19688
set 172 23 23070
add 2166
set 114 102 7082
set 29 47 16694
add -4950
set 134 60 15393
add 2665
set 69 111 4481
add -4777
set 152 195 503
add 1465
add -4536
add 526
set 98 52 -2874
set 20 45 -2835
set 145 47 15601
add -3198
add -4707
add 2757
set 130 167 -1797
add -3794
set 62 94 4211
add -1192
set 34 27 6865
add -3175
set 132 149 -16258
set 107 157 -15988
add 3124
set 3 4 -12546
add -4276
add -2422
set 108 119 -18934
add -579
add -4445
set 195 192 -13074
add 2351
add 4455
set 41 3 -6376
add -855
set 152 148 -7944
add 4002
set 188 190 -14823
set 70 32 -14810
add -244
set 137 143 -14948
add -2608
add 86
add 1952
set 96 188 -8300
set 163 94 2393
add -3943
set 180 160 237
set 104 9 -19634
set 21 162 -2135
set 57 69 -2343
set 48 113 -19410
add -4377
set 168 14 -24090
set 10 123 -17479
set 145 141 -16747
add -1725
add 3900
add -1179
add 410
add 1311
add -3570
add -826
set 57 81 -10824
add -2499
set 16 169 -22069
set 126 167 -20911
add 3399
add 2378
add 3735
add -4838
set 114 149 -23523
set 146 70 -9097
set 18 86 -23028
add -4482
set 107 171 -8920
set 3 107 -10619
set 179 162 -17706
add 1592
add 4761
set 169 69 -21469
add 3600
set 138 30 -6128
set 185 11 1228
add 2743
add -2686
add 3202
add 3082
set 103 42 2129
set 180 194 -4499
set 142 40 -2390
set 180 10 -2994
add 3319
add 4519
set 109 1 4236
add -4859
set 144 173 1529
set 155 65 -8264
add 2529
set 172 171 12670
set 150 73 9646
set 144 111 -6188
set 125 47 -6022
add 2280
set 28 61 3093
add -2068
add 1131
add -4188
set 7 12 -6497
set 57 96 -9011
set 26 111 -8915
set 150 124 -9101
add -2962
add 442
add 1648
add 979
add -3166
add 4545
set 80 164 9299
set 111 107 8202
add 2782
add -22
set 8 128 -4708
add 4067
set 154 103 11541
add 4583
add 1476
add 3986
add -2796
set 65 113 6729
add 3820
set 129 103 11848
add -7152
set 176 109 19949
set 168 34 3257
add 4931
set 16 21 8441
add 2648
add -6910
add 3872
add 1339
set 108 32 9099
add -4846
set 144 11 4702
add -316
set 142 83 22218
set 162 8 13864
add -3754
add -1416
add -4404
add 187
set 95 101 -5433
set 41 25 -5425
set 101 172 -4954
add -454
set 113 84 -5928
set 190 141 13121
set 52 192 6084
add 1421
set 13 184 13553
set 44 140 -4496
add 236
add -357
add -1722
add 4132
add 2157
add 3269
add 258
add 1613
add 4987
set 30 180 26237
set 66 124 10084
add -5615
add -1458
add 3771
set 91 63 13017
set 4 49 19508
set 98 89 6816
set 11 5 21721
set 110 169 15937
set 99 66 20197
add -3341
add -1552
add 402
add 4997
add 1242
add -2947
add -3166
add 2015
set 62 158 24224
add 378
add 3151
set 62 54 8056
set 20 62 8004
add -1233
add 2680
set 114 50 27079
add -1499
add 476
set 151 109 8500
set 59 53 18176
add 4357
add -7728
set 8 19 5378
add -3878
set 118 179 15267
set 167 20 15055
add -1763
add 3085
set 187 35 14653
set 155 23 13225
add 2550
set 161 170 5016
add 1141
set 36 174 6164
set 1 98 16005
add -3623
add -1691
add 1047
set 86 50 14592
add -1720
add -1344
add -996
set 3 84 7769
add -4200
add -4507
add -1568
add -3326
add 1458
add -3533
set 90 93 -17846
add -1705
add 2263
add 3572
add -3714
add 1075
add 1538
add 2151
set 120 65 37
add -350
add -2297
add -1628
add 868
add 72
set 151 107 -14096
add 2321
set 146 80 -13715
set 157 6 1441
add -4174
add -4659
set 107 125 -13673
set 73 198 -12388
set 104 165 -2621
set 183 168 -21227
set 183 123 -7890
add -1209
add -2854
set 101 134 -25628
add 3612
add 1378
set 24 184 -9338
set 33 29 -9700
add 1
add -501
add 1887
add 2286
set 176 101 -17979
add -4781
add 8
add -3373
add 2194
add 4153
set 18 149 -9875
add -2457
add -3320
add 2366
set 133 43 -23150
set 100 161 -22690
add 2666
set 107 85 -13162
set 193 82 -16103
add -1722
add 477
add -504
add 559
set 102 103 -8093
set 111 172 -21163
set 154 33 -6463
add -3648
add 2717
set 49 11 -22197
set 38 5 -22547
add 2504
set 36 198 -1671
set 48 58 -6002
set 70 182 -19822
add -3897
set 86 5 -23988
add 3027
set 88 84 -20945
add -828
set 61 128 -21770
add 3361
add -4612
set 154 65 -22593
set 173 62 -23141
add -4053
set 27 25 -27039
add -1272
add 2575
add 583
set 122 8 -18532
add 3636
add -2309
add 188
add -3285
set 46 165 -12165
add -2255
add 2884
set 25 25 -26292
add -4237
add 6701
set 111 121 -23668
add 22
add 2936
set 163 46 -4403
add 3700
set 8 75 -78
add 4603
set 178 107 7089
add 501
add -1491
set 84 102 -3204
set 7 91 -12338
add 4184
set 182 1 -1208
add -2797
add 1574
set 45 83 -10266
add -2792
set 194 87 723
add 4366
add -3981
add 373
set 136 18 -12772
add 4263
add 3873
add 1957
add 4089
add -3210
add 3027
add -3908
set 142 94 8632
add 1181
set 195 31 10541
set 33 97 15352
set 142 79 8334
set 121 89 -1394
set 32 10 -1052
add 1323
add -556
set 67 145 119
add 3216
add -2162
add 2233
set 124 160 2881
set 108 132 2716
set 46 137 2640
add 1834
add -3414
set 60 130 12356
set 72 69 18995
set 155 112 10526
set 41 69 18645
set 189 54 1037
add 2689
add -3239
set 35 29 15838
add -3095
add 4911
set 136 3 22033
set 190 26 2769
set 101 86 2366
add 4283
set 95 64 14022
add 3851
add -9402
add 531
add 4619
add 4179
add -9037
add 759
set 117 147 2564
add 2683
add 4262
add 3710
set 97 115 26078
add -9638
set 142 24 18324
set 167 82 9744
set 23 28 3606
add 2025
add -614
set 120 176 4505
add 3502
set 109 198 17561
add 1931
set 160 119 17629
set 97 181 18195
set 39 49 21684
add -2739
set 26 142 8070
set 76 14 7230
add -1827
set 156 154 16585
add -588
add 2202
add 2642
add 4180
add -9616
set 180 80 4172
add 2062
add 976
set 131 141 15435
add -3274
add 2996
set 44 173 19867
add 4311
set 130 130 28593
add -7297
add 4128
add 2601
add -7878
set 123 50 19164
set 140 2 3268
set 158 177 22721
set 152 4 12951
add -557
add -3671
set 79 93 -1351
set 17 24 10141
set 99 53 3723
add 732
set 35 50 151
set 2 5 13016
add -1364
set 123 108 7156
add 4254
set 70 174 2233
set 167 173 12932
add -1974
set 133 194 18374
add 3310
set 154 147 8981
set 13 86 4057
set 161 146 3738
set 189 177 14136
set 148 26 22531
set 142 7 3574
set 68 11 15835
add 2158
set 112 111 5762
add 3525
add -3658
set 76 139 16446
add -3674
set 191 139 19152
add -2060
set 131 19 16989
set 113 123 6199
set 42 24 11935
set 33 80 -35
set 86 102 17461
add 2586
add -542
add -4956
set 164 194 11177
set 70 70 -2351
set 171 154 13183
set 91 135 4985
set 183 66 7657
add 1418
set 7 182 -1292
set 136 181 6556
set 125 118 5643
add 155
add 149
add -4413
set 70 86 -5221
add 1580
set 26 167 -3327
add -1649
add 2131
set 71 177 10963
add -4929
set 47 100 -3125
set 62 147 -5088
add -4196
add -1119
add -4886
add 3498
add -2504
add -3427
set 43 59 -21092
set 10 184 -19275
add -35
set 54 115 -19619
set 5 15 -3631
set 15 1 -12318
add 1635
add 761
add -2115
set 53 1 -15720
add 3018
set 7 133 -17161
set 66 83 -8580
add 3205
set 133 166 -14803
set 59 130 -2255
set 120 193 -14740
add -3766
set 47 73 -6224
set 84 57 -7327
add -1998
set 87 105 -20501
set 135 53 -4895
add 4597
set 132 125 1912
set 177 109 -6594
add 4869
set 163 43 -11103
set 93 144 2238
set 106 89 -11028
add 1200
add 1077
add -594
add -4596
add 2789
add 4701
add -1248
add -2091
add 4640
add -613
add -1458
add -1519
set 84 5 -8773
set 158 11 -8325
set 173 160 -2514
set 99 113 -8616
set 193 48 -8758
set 27 79 2808
set 126 180 -8601
add 4321
add -2574
add -2983
add 1492
set 6 20 1079
add 2147
set 66 168 3718
set 81 75 13194
add 594
set 7 123 5159
add 2820
set 72 43 -2907
set 54 24 5101
add -2046
add 2962
add -2564
set 54 72 -4329
set 28 96 9012
add 652
add 220
set 59 11 12031
set 34 134 14048
set 52 91 9282
add -2789
set 169 60 9743
add -4294
add -4133
add -31
set 105 15 1843
add 3769
add -2438
set 19 53 -3397
set 126 3 -12676
set 77 55 -3644
add -331
set 120 112 -3520
add -367
set 185 89 -14392
add -1214
add 3293
set 176 10 -6238
add 376
set 68 187 60
add -3585
add -4725
set 160 79 -1253
set 102 15 -9877
set 11 147 -5247
add 1162
set 144 89 -19044
add -2353
add -2096
set 19 5 -16811
add -3483
set 132 85 -16313
add 3790
add 4289
add -3528
add 943
set 33 33 -4285
add -2000
set 141 101 -23493
add -471
add -2962
add -4022
set 150 74 -30952
add 8482
set 102 149 -22462
add -4773
add 4631
set 185 78 -17082
set 40 133 -21818
set 90 11 -19308
set 150 198 -16754
add 2396
add 3572
set 81 10 497
set 14 147 -16508
add 4715
set 17 187 197
add 1646
add 397
add -1055
add 2799
add -38
set 39 124 -8126
set 42 158 -1385
set 23 158 4546
add 3638
add -2110
set 111 146 823
add 4910
add 893
add 1681
set 60 124 865
add -1346
set 125 114 13264
add -3162
set 125 94 1503
add 4884
add 2825
set 41 11 4457
set 179 40 14542
set 173 180 4178
set 168 22 3957
set 68 77 4084
set 53 69 9217
set 152 79 24069
set 195 103 9251
add 1482
add 3358
add 811
add 580
add -8707
set 106 17 7502
add 1157
set 1 166 15156
add 1387
set 110 77 4110
set 143 179 18873
add -3452
set 148 85 19364
add -2293
add -1845
set 19 111 -3353
set 35 195 -2808
add 2754
add -2113
add 175
add -1316
add -741
set 114 186 -4727
add -1492
add 1152
add -1345
add -3739
add 1848
set 95 191 -8127
add 4854
add -4834
set 171 158 11649
add 2016
add -4518
set 94 13 7658
set 54 197 -10496
add -326
set 174 7 -11133
set 130 78 -5312
set 43 64 -10785
set 60 164 -1180
add -4252
add -1998
set 102 193 -17303
add -3500
add -486
add -2127
add -3001
set 114 6 -7303
set 159 165 -9520
set 101 51 -11962
set 81 93 -26434
set 107 127 -18243
set 23 189 -18070
add -336
add 923
add 2302
add -1442
set 108 89 -24980
add -1003
add -1608
add 4389
set 189 50 -23217
set 77 152 -23044
set 193 180 -23128
add 2996
add 4477
set 2 90 -2454
set 48 150 135
add 4669
add -305
add -224
add -4126
set 195 159 -15640
set 180 194 -3829
add -1894
add 1230
set 151 186 -16464
add 1015
add -1627
add -3969
add -2362
set 170 25 -23444
set 88 8 -12998
set 146 8 -6575
set 20 151 -6553
add 328
set 34 193 -10867
add -335
add 1069
set 85 107 -14916
set 12 125 -21334
add 488
set 67 59 -21687
add 4251
set 188 119 -7604
add 1096
add 4258
add -3856
set 96 83 -8507
set 73 154 -9136
add -3093
add 1151
add 4777
set 113 57 -12867
set 135 110 4311
add -3365
add -891
set 78 128 -17475
add 4073
add -3735
set 152 159 -16988
add -4098
add -3973
add 2179
add 531
set 130 101 -22503
set 58 179 -12549
set 123 43 -22500
set 185 134 -16482
set 15 129 -8888
set 45 64 -22191
set 16 119 -10373
add -2142
add -4107
set 162 109 -28636
add -2893
add 9617
add 2044
add -3774
set 171 101 -23799
add 1262
add 1547
add -4776
set 114 94 -11891
set 86 121 -25481
add -2596
set 25 139 -9263
add -4686
add 7300
set 147 31 -14888
set 23 150 -24903
add -1476
add 4664
add 4144
add 769
set 60 93 -17556
add 1038
add -2666
set 52 90 -1169
add -651
add 4989
set 120 52 -14880
add 3284
set 16 64 -3426
set 92 23 6055
set 23 77 4546
add -4621
add 2732
add -280
add -2439
add 1573
set 38 165 1181
set 113 161 -512
add 454
set 134 167 -7894
add -2693
add 4633
add 3836
add 2445
add -2722
add 2253
set 96 189 1729
set 81 161 -4717
add -24
set 110 24 -523
add 4130
add 1212
set 99 105 -1104
set 93 6 11392
set 115 84 -1131
set 19 162 1300
add 4984
set 97 185 21069
set 175 177 9298
add -4582
set 52 76 14459
add 2208
add -4909
set 73 4 3458
add -696
add 3927
add -247
set 106 194 2360
add -842
add -1376
set 44 120 -2198
add -2761
add 1332
add -2093
add -4367
add -3353
set 73 62 -13896
add 3256
add -2377
set 180 15 4709
set 185 9 -13111
add 452
add -3183
add -495
add 2764
add -1822
set 166 89 -15325
set 129 5 -15343
add 1049
add 1893
add 1406
set 169 123 -1078
set 155 109 -10832
set 32 188 -2622
add 4788
set 72 52 5413
set 184 133 1173
set 152 26 9093
add -2613
set 13 194 -7047
set 72 106 -3720
add 4586
set 111 33 11649
add 4688
set 3 53 5543
set 23 75 15596
add 4784
add -3573
set 66 94 20531
add 1077
set 143 84 2746
add 4660
set 178 34 7488
add 15
set 105 97 15159
add 4199
add -8955
set 2 50 17966
set 134 10 13682
set 165 167 20520
add 2658
add -4399
add 2827
set 141 172 5298
set 177 170 3791
add 3004
add -4862
add 1489
add -4366
add -3982
add 4883
add 4490
set 189 152 23795
set 137 154 4983
add 4822
set 4 116 25643
add 4558
add -7732
set 5 137 12359
add -4291
set 101 82 1960
set 110 165 21225
set 31 28 2275
set 142 87 21537
set 52 12 10535
add 4314
set 4 106 18990
add 2750
add -2031
set 106 178 17075
add -3209
add 609
set 152 103 6235
add 4687
add 4631
set 53 20 13943
set 134 104 19913
add -8058
add 1468
add -2381
add -1336
add 1023
set 166 10 13683
add -4782
add -3563
set 172 106 6022
add -4699
add -3933
set 135 112 4715
add -4100
add -1922
set 3 110 -7202
add -1464
add -4138
add 708
set 96 58 -12762
set 75 9 -23608
add -2220
add 3863
set 14 21 -21672
add 3676
set 145 51 -3765
set 32 53 -3
add 977
add 986
set 51 78 -16026
add 620
add -3472
set 27 134 -1640
add 2019
set 180 36 -17064
add 2691
add 23
add -1248
add 399
add 3905
set 179 135 5503
set 23 118 7293
add 4351
set 151 196 11872
add -4343
set 95 178 -9550
set 153 28 6159
add 383
set 26 31 1040
add 4918
add 346
set 166 158 4541
add -470
set 144 160 -5998
set 146 56 -6091
add -4021
set 190 186 -10331
set 115 184 8308
add 266
add 1895
add -1826
add -3617
set 183 67 -13452
set 37 5 -13473
set 15 68 6128
add -786
add -2983
set 62 99 -8016
add 3583
set 46 8 2814
set 84 53 -1299
set 162 147 606
add -2227
add 3974
add 4538
add -140
add 3488
add -4886
set 86 123 -2862
add 3201
set 157 184 9881
add 3788
add -3504
set 61 164 4048
set 64 193 2605
set 159 25 -5554
add 2701
set 147 72 -2591
set 189 78 3183
set 40 95 11531
add -4097
add -2033
set 85 7 -8853
add 3648
set 172 44 6740
add -2154
add 1289
set 172 170 -6116
add 3833
set 27 162 3438
add 2033
set 17 11 8259
set 31 13 7916
add 4195
set 129 153 20891
add -3222
set 18 130 1317
add 831
set 81 116 9864
set 145 182 15600
set 163 152 6859
set 22 12 11423
add -295
set 118 158 6619
set 70 50 8349
add 1154
add -2032
set 136 128 319
add -3592
set 144 179 10957
set 177 181 10645
add 2200
add 2321
set 95 61 21239
set 114 156 15988
set 50 162 1983
set 133 127 19469
set 188 113 1417
add -1125
add -1783
add -3009
set 6 140 -4573
add 2440
set 180 173 9963
set 15 37 15402
add -1161
add 1
set 135 80 -3340
add 1938
add -3757
set 63 79 6903
set 140 188 5405
set 85 77 -5136
add -1869
add 1861
set 55 93 -5108
add -3828
set 13 175 -8454
set 14 99 7580
add -244
set 40 158 -1831
set 111 173 7201
add -4796
set 172 134 -13747
add 1576
set 154 178 -9632
set 39 10 -1607
add 4857
add -1044
set 170 73 4680
set 66 189 4122
add 2694
add 1245
set 115 191 -4559
set 13 75 -1976
add -783
add -2001
set 83 164 8790
set 161 198 6083
set 30 148 -7404
set 114 190 3432
add 1250
set 118 12 -4256
add 4593
add 1203
add -2722
set 99 55 6342
set 185 11 8396
add -23
add 1023
set 62 3 16163
set 100 50 8567
add 4949
add -531
set 59 183 14280
add 3135
set 92 74 5433
add 1293
add 1388
set 142 132 8116
add 4058
add -8893
add 841
set 157 177 15768
set 108 153 13022
set 42 165 20095
set 57 130 22963
set 45 198 13499
add -2950
set 181 187 15957
add 4342
add 1563
add 2306
set 25 31 26609
set 133 184 21303
set 147 66 19882
set 48 158 21406
set 115 165 15432
add 1082
set 114 57 10776
add -7300
set 193 47 13226
add -29
set 90 40 13721
add -4531
add 4185
set 105 28 13869
set 152 60 11139
add -4775
set 50 84 14120
set 15 81 -1597
add 733
add -2007
set 129 90 16164
set 27 4 6113
add 3992
set 98 131 5889
set 129 45 656
add -3614
add -4277
add -3276
set 7 66 6140
set 112 59 -10403
set 58 139 808
set 16 135 -9891
set 40 19 2809
add 4252
add 710
add 2518
add -4117
set 92 163 -7035
add 302
add -4850
set 168 80 -11701
add -1900
set 173 83 1409
set 108 181 -4516
add 2786
set 20 58 -10219
set 188 198 6507
add -91
set 9 23 -9708
set 130 34 -10775
add -4325
add 3225
set 113 167 -2999
set 84 74 -11918
add 62
set 9 154 6567
add 1035
set 103 50 -1135
add 4749
add -4943
set 130 73 -5768
add 4344
set 11 41 -6670
add -4525
set 186 198 4821
set 86 50 1081
set 191 59 -11250
add 4713
set 2 178 4413
add -916
add 1799
add 549
set 67 36 6995
add -2893
set 188 170 -8002
set 63 95 -1296
set 123 89 -7974
add -745
add 1135
add 3232
add -2409
set 181 110 12302
add -2990
add 4338
set 70 179 3153
set 189 166 -5525
set 56 117 -5425
set 147 132 -5394
set 189 130 -429
set 133 106 -4912
add 3527
set 1 182 8499
set 56 174 -1900
set 72 145 -1143
add -2452
set 147 62 -4431
set 38 18 -4344
add 411
add 3806
set 124 92 5964
add 2849
add -195
add -2195
set 182 181 5518
set 120 131 20125
add -928
set 44 108 509
add -3400
add -2397
set 124 89 -6388
set 66 186 -6372
add 329
add 3787
set 132 137 -2375
set 156 167 9391
set 71 27 14622
add -2402
add -2480
add 4417
set 171 15 13718
add 3403
set 19 165 8144
add 2302
add 3997
set 15 168 9276
add 4633
add -6800
add 316
set 158 41 4999
add 80
add -3077
set 172 128 2008
add -2407
add 3280
set 137 83 8446
add 2648
add -2821
add -4498
add 656
add 1866
set 162 143 20674
set 157 22 741
add 2808
set 121 143 3807
set 108 146 5341
set 192 155 4804
set 127 191 3761
set 137 153 21499
set 24 153 3901
set 130 131 15646
set 99 9 3623
set 150 18 3532
add -2602
add 628
add 4056
add -4344
set 171 182 16256
add -4768
set 167 97 2898
set 50 29 4141
set 14 101 -3285
set 11 13 6736
set 111 81 16593
set 104 140 -3456
add 3564
set 117 156 18939
set 72 7 231
set 189 31 20025
set 159 102 354
set 100 192 6250
add -3046
set 75 127 14985
add -1689
set 22 21 -4269
add -4408
set 70 192 10331
set 118 197 -8767
set 82 111 -8922
set 153 121 8339
add 2073
set 95 158 9304
add -2741
set 23 71 9506
add 1225
set 155 80 -8447
set 44 90 792
set 122 153 4461
add 3590
add -1748
add 3311
set 119 29 -2702
set 117 190 2167
set 161 45 -3334
set 71 113 -3080
set 24 34 13247
set 33 10 -2906
set 1 108 16515
set 167 159 -3131
set 61 170 -3150
set 72 151 7557
set 83 90 7022
set 59 189 9406
add 3459
add -1859
set 135 14 -1727
set 154 141 6902
set 141 169 8860
add 3657
add -1387
add -387
add -1128
add -4835
add -749
add 860
add -4257
add 1822
add 1172
add -4478
set 121 191 -11242
add 4910
set 45 186 -6413
add 3718
set 144 147 -2571
set 82 54 -2665
add 1541
add -1524
set 168 118 9936
set 170 178 11540
add 1793
set 112 108 13323
set 94 26 14546
add -772
add 2964
add 3812
set 28 131 5361
add 4961
set 91 171 18989
add -6088
set 62 179 9985
set 154 195 20458
add -4953
add -1697
add -4908
add -1992
set 7 149 7252
set 100 82 -9454
set 161 172 54
add 1624
set 91 189 -6818
add 4302
set 67 58 1809
add 3313
set 111 50 18043
set 121 184 10913
set 31 113 -146
add -2069
set 110 68 2675
set 172 188 -2373
add 2294
set 158 9 -216
set 74 31 19633
add -3051
set 38 184 16055
add -2070
set 64 69 13375
set 38 133 -4491
add -4273
set 192 171 2463
set 90 60 7500
set 144 101 -9559
set 4 162 -5575
set 130 85 4259
add 420
add 1706
set 61 151 -7283
add 1966
set 12 34 9859
add 3193
add -4776
add -982
add 4918
add 3918
set 65 57 15278
add 1446
set 35 162 2961
set 162 72 2436
set 154 44 21606
set 19 110 13792
add 3089
add 4437
add -2057
add -2359
set 9 9 21968
set 195 101 5309
add 2392
add -4157
add -1884
add 3639
add -4086
set 189 9 1182
set 67 113 1472
set 11 13 11674
set 111 153 10187
set 133 40 12665
add 2989
add 4834
add -3353
set 149 92 17209
add -3466
add -1860
add 4179
add -853
set 26 169 18200
add -3700
set 137 101 41
set 152 163 69
add 319
set 159 54 377
set 186 39 8450
add 4784
set 143 129 13731
add -607
set 86 16 5181
add 2762
set 155 76 26879
add 4352
set 133 71 27452
set 53 187 18408
set 169 179 27242
add -6201
set 108 47 5636
add -471
add 1877
add -2901
add -367
add 115
set 142 148 20115
add 193
add -3061
set 136 94 13720
add 1425
add 3972
add 3574
set 6 56 24691
set 123 63 28973
set 139 113 17413
set 130 137 9732
set 132 27 10067
set 91 63 23625
add 1993
set 19 97 18807
add -9718
add -3273
set 137 189 13093
set 46 122 134
set 193 108 -1168
add 2872
add -4086
add 2950
add -293
set 167 192 15475
set 103 55 9965
set 4 52 12288
set 145 33 18951
set 43 34 19783
set 185 34 297
set 185 154 14393
add -4587
add -1004
set 195 115 -4937
set 125 80 -5327
set 129 168 13289
set 163 80 -5365
add -1153
add -3237
set 55 151 -9581
add 4375
set 94 101 -5312
set 147 75 4291
set 82 32 -5304
add 3381
set 54 119 13243
add 40
add 4131
set 150 46 8103
set 169 172 2653
set 6 150 3025
add 913
add -4577
add -3813
add 4491
add -2114
set 158 34 -2830
set 153 32 -2923
set 155 159 -2745
add -2413
set 130 131 13065
add -3724
set 26 21 10115
add 65
set 50 144 2604
add -3135
add 1463
add 95
set 18 48 4534
set 7 81 -10104
set 27 11 -2000
set 136 130 284
set 132 73 -3816
set 97 8 -3856
set 46 73 5050
add 264
set 161 130 -8688
add 3663
set 108 119 -5757
set 172 69 -6457
add -2345
add -4681
set 85 149 -13634
set 1 94 1492
set 35 142 -12811
add 4867
add 1253
set 120 183 -7463
set 50 120 -7072
add 2191
add 2288
set 9 1 4663
set 94 102 -775
add 452
add -873
add 2403
add -2507
set 81 134 -2582
add 624
set 66 58 14779
add -2106
add 3886
add -2472
add 2606
add 1637
set 68 121 867
set 79 129 12285
set 62 60 16224
set 105 170 681
add 4163
add 2523
add -1566
set 192 80 5664
add 1057
add -3910
set 156 95 12794
set 66 176 2897
add -90
add 1574
add 4622
set 24 119 13373
set 145 195 9855
set 165 13 27363
set 155 56 9100
set 64 113 9175
add -1778
add 4779
add -5556
set 83 167 16453
add 27
set 180 57 14834
set 71 181 22391
add -698
set 41 49 6495
add 3471
add -4549
add 388
add -3406
add 736
set 70 111 2462
add -3772
set 143 45 -1426
add -4706
add 3524
add 2033
add 4695
set 66 11 23932
set 21 191 23815
add -4637
add -4628
set 169 8 5449
add -3038
add 3338
add -544
set 97 129 1627
set 44 74 11825
set 14 155 -3949
add 4450
add -4491
add -3346
add -2926
set 45 27 -6248
add 4553
add 2645
add -1470
add 4609
set 5 33 9459
set 38 59 -1169
set 70 54 -1220
add 4264
add 4261
set 162 82 18607
set 44 157 7502
add -4556
set 28 46 8084
set 181 62 2544
add -2789
set 79 10 19192
set 170 95 15782
add 4252
add -3635
set 97 166 479
set 155 45 420
set 163 29 888
add -2521
set 97 75 5010
add 3816
add -2099
set 14 140 -291
set 96 38 7742
add 1656
add -1593
add 3875
add -3485
set 76 72 385
set 136 178 7584
add -2654
set 27 108 -1390
set 9 175 10744
add 4369
set 84 33 18297
set 153 163 1862
add 2590
add 1367
set 21 179 6118
add 412
set 187 196 22843
set 126 99 18715
add -4899
set 13 43 19816
add 511
add -121
set 191 75 20249
set 45 137 1706
set 120 141 17634
set 77 42 15077
set 141 101 1691
add 1922
add 4068
set 106 163 7759
set 107 62 7660
set 177 156 27669
add -3261
set 61 160 6275
set 82 188 6570
add 146
add 2800
set 81 99 15419
set 93 128 7367
set 86 55 18137
set 183 195 18477
set 131 84 7353
set 158 155 9125
add -2214
set 99 42 18229
set 173 169 22470
add -296
add -609
add -1371
add -3660
set 18 42 14345
set 96 142 13179
add 737
add 1541
set 17 68 1911
add 2422
add -458
add -817
set 37 68 8356
add -2188
set 161 45 400
set 90 175 6627
add -2564
add -1520
set 91 194 11691
add -647
set 33 105 14501
add -3524
add 324
set 92 80 -7428
add -2119
add 1568
set 110 56 310
set 27 121 -7405
set 98 98 -8034
set 19 63 3171
set 179 30 9840
set 104 91 -7259
set 130 90 9743
add -3114
add -3793
add 4283
set 138 13 3240
add -392
add -2618
add 4873
add 1550
set 55 5 -7195
add -1961
set 127 42 3341
add 2970
add 3709
set 151 107 -586
set 72 86 -2439
set 169 9 -2587
add 491
add -363
add -645
add 4697
add 4733
set 186 129 16891
set 191 65 7106
add 2205
set 151 20 8712
set 165 113 8746
set 16 10 12096
set 10 183 21518
add 2805
set 192 5 11309
set 147 141 17617
set 68 64 12989
set 192 80 11351
add -9435
set 38 77 10657
set 19 153 2254
add -3478
add 1313
add -1598
set 122 138 10137
add -1482
add -2266
add -4194
add -2403
add -268
set 56 157 -12115
add 370
set 66 55 4291
set 84 152 -11842
add -3122
set 177 10 -681
add 1803
set 72 102 -3451
add 1559
add 569
set 88 126 -6183
add 1183
add -1053
add -3507
set 156 3 -14400
set 17 5 2308
add -3461
add -4363
add 2383
set 7 46 -1460
set 59 156 -13697
set 81 139 -12537
set 103 130 -18574
set 98 109 -19858
set 107 42 -14078
add -4731
add 4124
add -238
set 186 101 -20939
add -2032
set 89 120 -21996
add -4143
add -3212
set 174 82 -28311
set 50 2 -29908
add 6656
add -4953
add 853
set 145 165 -14803
add 72
add -4486
add 5194
set 154 197 -26757
add -3026
set 38 96 -29923
add 4064
add 334
add -4977
add 9589
add 733
set 53 114 -8397
set 99 65 -19381
set 113 152 -20059
add -529
add 661
set 19 85 -7556
add 4142
set 194 141 -362
set 188 75 -5020
add 4502
add -4072
set 193 57 4203
add 4808
set 6 15 6503
add 448
add 4697
set 31 14 -5103
set 15 9 5257
add 2364
add 622
add 4505
add 2968
add -1242
add -3973
add 2062
set 89 30 2555
set 141 8 17620
add 4758
add -4701
add 2937
set 102 44 20167
set 57 139 17810
add 4610
set 112 198 15114
set 100 101 9380
add 1585
add -9524
add -1997
add -3182
add -3915
add 1815
set 177 88 2429
set 137 94 6368
add 2997
add 4042
add -2207
set 17 160 -70
set 190 6 15951
add 3311
add 1551
set 26 134 15021
add 2840
add -3295
set 163 138 20776
set 109 10 10020
add 2259
add -2733
add 97
set 147 7 2987
add 1312
add 3248
set 33 30 10100
set 27 111 7667
set 163 174 7454
add 568
add 1695
set 109 63 22538
add 3598
set 139 110 22464
set 45 166 13468
set 111 64 13967
add -8414
add -4232
set 88 40 10108
set 125 27 1030
set 22 124 825
set 5 41 2237
set 125 107 7657
set 165 120 820
add -4008
add -628
set 192 25 -3975
add -1080
add -1385
set 24 25 -6272
set 41 114 2376
add 2643
set 58 63 14970
set 19 156 12625
add -3031
set 165 174 -6822
add 4871
add 297
set 62 152 18010
set 178 117 -1665
add -849
set 121 37 14485
set 8 41 15234
set 16 141 6003
add 4293
add 2020
add -1320
add -2048
add 1820
set 177 17 14842
set 33 49 14093
set 99 151 10191
set 7 104 7479
set 169 152 16822
add -1753
add -2701
add -1234
set 189 90 7787
set 24 62 -3273
set 152 177 12513
set 1 45 15517
set 10 110 -3049
set 107 69 -3098
set 142 19 -1565
set 89 137 -3364
add 1184
set 143 133 3739
add 2622
add 4270
add -4567
set 135 81 10787
set 158 156 9382
add 4604
add 2228
add -2783
set 190 111 4184
add 1986
set 42 20 6623
add 1345
add 2106
add 667
set 187 177 20607
set 66 180 10575
set 151 68 30256
add -5196
add 1810
set 163 198 16860
add -2957
set 113 56 18296
set 48 3 16663
set 188 41 3870
add -689
set 188 102 22478
add -3522
add -3512
set 102 134 -2761
add -425
add -4209
set 7 52 -7613
set 142 172 -6852
set 144 73 4250
set 9 87 -1004
add -1044
add -202
set 53 104 -9542
add 4679
set 65 26 492
set 33 76 8651
set 1 5 3074
set 94 35 -4593
add -3995
set 51 196 5115
add -1978
set 26 172 -439
set 58 161 5052
set 69 84 -1903
set 122 176 -10933
set 43 106 -9882
add -1607
set 182 114 -2264
add 4990
set 53 176 -7481
add 1849
add -673
set 72 45 -6318
set 34 103 5922
set 185 14 -6450
add 4079
set 132 49 -1723
set 138 81 3672
set 17 58 -1702
add -4469
set 90 59 -6635
add -644
set 106 104 -4066
add -4820
set 42 122 -10874
set 4 63 -433
set 116 51 -7081
set 145 23 2074
set 116 186 -12211
add -1364
add 4798
set 166 157 -8589
set 3 135 -1937
set 63 29 1557
add 2684
add -1216
add 198
add -3313
set 133 145 4248
add -843
add -3938
set 31 146 -12238
add 4873
add 4227
add 510
add -3568
set 93 42 5539
add 4486
add -2545
add 1860
set 84 28 12042
set 154 38 7426
add -3789
add 3254
set 95 3 -5721
add -85
add -83
set 8 88 -5212
add 2959
set 163 147 6070
add 3647
set 67 80 619
add -3313
set 129 126 -1327
set 83 116 10745
add -3208
add -4291
add 2851
set 180 66 9599
set 15 137 -7372
add -2962
add -3784
add 2353
set 139 95 -4421
add -184
add 893
add -1397
set 162 111 -12509
set 139 153 6366
add -732
set 178 186 -13295
set 145 116 -7050
add -3725
add -3728
add -349
set 177 80 -21067
set 99 189 -13379
set 97 89 -20974
add 99
set 159 136 -13241
set 7 196 -20104
set 192 51 -8267
set 63 113 -20724
set 131 68 -11787
add 4745
add 1559
add -2206
add -3612
set 38 84 -9190
set 168 5 -20515
set 10 45 -17592
set 54 161 -6789
set 153 107 -18513
add 3751
set 178 29 -16290
set 182 100 -11124
add -2748
add -338
add 3429
add -3803
add -2538
add 1806
set 22 165 -1420
set 33 16 -5565
add -3033
add -2672
add 4021
set 27 106 -21525
set 162 72 -22389
set 11 187 -5197
set 149 77 -22606
set 102 76 -6985
set 63 36 -6940
add 740
set 26 57 -5122
add 3291
set 29 66 -13159
set 162 85 -1865
set 95 46 -9916
add -4211
set 187 58 -14045
set 34 174 -22712
set 169 154 -7857
set 31 152 -11428
set 42 153 -22487
set 88 47 -22542
add -2615
set 3 170 -7542
set 69 28 -24919
add -1204
add -322
set 118 99 -18591
add -4571
set 24 185 -11942
set 171 18 -31571
set 21 145 -24786
add 9403
set 19 18 -22016
set 131 70 -16200
set 15 116 -20088
add 1047
set 158 25 -21077
set 67 1 -6758
add -2755
add -2033
add 2245
add 647
add -3981
set 74 80 -26823
add -2089
set 63 46 -20985
add 5
add 4919
set 168 55 -6445
set 47 188 -21631
add 4038
set 103 34 -19886
set 102 4 -3853
add 4880
set 48 80 -15044
add 2127
add -2348
set 107 117 -15390
set 180 109 3302
add 2872
add 3560
set 4 129 -3480
set 27 31 -2270
set 4 70 -112
add 123
set 188 121 -1891
add 392
add -3058
set 75 144 2130
add -1940
add -4602
add -1620
add 2924
add -2775
add 3002
set 51 94 -6631
set 189 85 -4715
set 3 101 1844
set 181 32 -16525
set 174 110 -4771
set 122 50 -5
set 122 194 -1604
set 163 196 -6611
add -932
set 162 39 -17294
set 15 183 -12253
add -3107
add 4881
add 4434
add -4522
add -2251
add 636
set 96 173 -7917
add 2955
add 2849
add 2605
set 156 123 -320
set 175 36 -8804
add -3004
set 114 34 -11816
add 2529
set 136 67 -9277
set 11 146 -8843
add 240
add 3837
add -4511
set 83 22 -9837
set 57 93 -9778
set 33 142 -8996
set 187 175 452
add -1122
set 6 6 -8909
add 2875
set 194 38 -8003
add 2975
add -2970
add 412
set 163 165 185
set 43 54 -7535
add -541
set 51 90 9868
add 2790
add 2066
add -680
add -3992
set 162 109 -7902
set 170 151 -1626
add 3880
add 957
set 9 150 -2363
set 126 14 -3229
add -4733
add -256
add 2626
set 32 185 14069
set 102 127 3376
set 55 82 -5290
add 214
add -3346
add -872
add -936
add -1964
add 3439
set 19 28 -8522
add 1714
set 169 169 -477
add -2850
set 30 95 6517
add 2431
set 191 188 -7661
set 192 2 -2639
set 94 111 -7668
set 159 197 -7542
add 1169
set 81 44 3013
set 175 161 -5293
set 7 138 -6449
add -310
add 1791
set 119 38 9744
set 98 57 -4692
add -1077
add 1191
add 4217
set 10 90 6215
set 40 117 -708
set 25 198 14324
set 26 132 14648
add 949
set 63 116 10455
add 1844
set 190 20 3890
add 1073
set 188 132 3132
set 35 117 3163
set 138 62 3070
set 130 195 5642
set 80 66 11482
add -3978
add 1513
add -1977
set 86 91 2158
add -909
add -1402
add 3336
add 2889
add -2936
set 115 4 16958
add -2410
add -2303
add -3160
set 147 171 8358
add 406
set 18 124 -7738
add -4771
set 193 157 -12422
add -2655
add -790
set 105 74 -15984
set 25 198 -2280
add -4996
set 176 184 -12397
add -3050
add 2672
set 28 84 -10438
add 4163
set 71 90 -10133
add 2706
add 1825
add 793
set 82 144 -3143
add 78
set 82 63 -4392
add -3351
add 145
add -4710
add -4029
add 2805
set 183 29 -20573
set 35 2 -20586
set 15 32 -20245
add 2700
set 115 14 -18300
set 29 45 -18195
set 143 189 -15206
set 195 150 -9000
add -4546
add -1560
set 5 17 -17183
add -2100
set 28 64 -23328
add -997
add -944
add -2247
set 143 126 -26433
set 132 8 -11998
add 6950
add 4277
set 22 89 -18628
set 102 29 -9101
add -856
set 59 197 -20014
set 96 58 -5679
add 2959
add -2507
add 3487
set 90 39 -16167
add 2902
add -4015
set 4 168 -15118
set 4 117 -15473
set 149 7 -17469
set 96 11 -15319
add 279
add -3390
add 320
set 30 60 -20004
add -1857
add -2702
set 39 68 -18193
add 1854
add -1729
add 3409
set 116 61 -13604
set 151 32 -21301
set 50 51 -20870
set 195 197 -21140
set 22 87 -20890
add -2074
add -1925
set 47 106 -10993
add 2020
set 43 49 -22514
add -1408
set 141 15 -8884
add 4169
add -2441
set 156 84 -22984
add 140
add 634
set 113 43 -22148
set 87 142 -14603
set 92 105 -22135
set 173 6 -10134
set 109 179 -7860
set 130 118 -3903
add -1321
set 103 96 -23510
add 675
set 155 157 -22622
set 141 122 -3704
add 1001
set 43 118 -14053
set 101 74 -21772
add 4266
set 71 177 -537
set 148 35 -2521
set 60 184 952
add 4737
set 39 53 -5774
set 136 188 -12238
add 1608
add -3862
set 42 57 -3744
add 3868
add 3330
set 2 73 533
set 12 173 -7415
add -4916
set 171 92 -67
set 131 118 2432
set 67 102 -3708
add -346
add -4202
set 150 66 -12134
set 71 79 -10943
add -513
add 3510
add 3382
add 4204
add -536
add 1104
add -603
add 4040
add -755
set 21 1 11064
set 183 18 -3620
set 154 155 -1738
add 1281
set 180 32 -2263
add 1611
set 43 99 16513
set 19 115 -279
set 64 87 13622
add 3374
set 63 134 22326
set 149 182 8936
set 100 27 3062
add -2596
add -3765
set 189 65 -2879
set 113 120 -2019
set 56 75 13410
set 131 64 -3053
add -2891
set 94 157 -6230
add -1478
add -553
add -4366
set 47 71 826
set 111 22 -12907
add 3262
set 76 171 1163
add 635
add -1154
set 55 81 -196
add 2636
add 2956
add -2198
set 93 45 -6732
add 2116
add -2281
add -3953
add 747
add -4238
set 8 39 1377
set 23 52 -13612
set 140 44 -6504
add 3974
add -4245
set 74 30 -4625
set 108 160 -7370
add 1640
add 1977
set 34 153 -10737
add -3918
set 104 18 -14968
add 1895
set 65 198 -478
set 102 162 3441
set 16 94 -11837
set 155 142 -2985
set 105 11 -1523
set 159 184 6852
set 109 176 -13040
set 68 54 -12921
add -4722
add 2725
add 2690
add 1511
add 1941
add 2750
set 172 120 -6083
add -1496
add 3310
set 133 128 -4363
set 117 71 7929
add 823
set 124 102 14484
set 165 71 9449
set 7 120 13381
add 1687
set 128 79 12261
add -4696
add -1476
set 66 92 -956
set 169 176 -8053
add 2662
add -35
add -1483
add -1719
set 70 49 2950
set 74 186 -8522
set 124 161 2333
set 93 10 2807
add -4111
add -4742
set 190 170 -17412
add -3348
add 1643
set 102 95 -6617
set 170 163 -19105
set 36 2 -18732
add 2138
set 3 93 -1596
set 13 139 -503
set 134 124 -17026
add -250
set 156 79 -57
add -3256
add -1408
set 98 196 -4706
add -2175
set 19 99 -15019
set 171 149 -24135
set 11 28 -23564
add 2229
set 76 40 -15957
set 182 6 -16742
set 3 77 -12572
add 2328
add -1118
set 112 33 -6601
set 136 26 -6939
add -2076
set 126 31 -11872
set 154 99 -4487
set 122 88 -9975
add -3154
set 55 112 -15552
set 91 33 -9431
set 122 100 -15002
add 3521
add -361
add 4879
add 1720
add 3942
set 68 19 -5607
add 685
add 414
set 188 8 4569
add 3190
set 184 16 -7094
set 23 190 -7606
add 998
add -3059
add 2257
set 144 96 -7733
add 525
set 41 52 4137
set 22 113 12841
set 105 65 -408
add -2368
set 12 6 -1670
add 2332
set 118 155 4035
set 82 106 9052
set 110 168 -6169
set 29 7 -6966
set 43 171 10086
add -4798
add 2465
set 130 48 5229
set 171 180 -9376
set 133 75 -2342
set 193 82 -5134
add -2790
set 145 84 -12336
add 988
set 177 151 -10766
add -2862
add -4350
set 53 10 -152
add -330
add 3823
set 34 5 -14974
add 3213
add -1927
add 3088
set 89 12 8352
add 4486
set 77 186 -6144
set 22 136 7488
set 141 189 10952
add 710
set 6 1 12268
set 95 132 -5367
set 158 154 -5148
add 3333
set 22 74 -1368
add -3880
set 181 108 -5977
add 3173
set 185 125 15390
add 1156
set 175 148 7169
set 75 144 11121
set 80 135 17666
set 32 39 17326
add -4533
add -959
add 3764
set 93 4 13482
set 10 153 -3119
set 31 156 8436
add -2689
set 6 45 -3246
add -4108
set 60 151 -10065
set 53 172 67
set 156 183 -10177
set 26 186 -10126
set 13 121 -9575
set 6 157 -9868
set 135 96 -10262
add 911
add 1671
add -4011
set 129 108 7512
add 1006
set 69 109 -10416
set 186 110 -4
add -2086
add -2074
set 34 55 -6621
add 1494
add -4688
add 2636
add 3074
add 3482
set 138 71 2102
set 122 195 6758
set 148 57 8891
set 58 3 -2551
set 33 96 -8745
add 2415
add 1591
add -3790
add -599
set 150 42 8269
set 187 118 4685
add 4650
add 479
set 6 150 -3220
set 87 11 -749
set 88 88 5454
add -4919
add 1902
set 7 154 -1320
set 84 182 1326
add -1917
add -4754
set 126 102 4826
add 1814
set 108 17 80
add 3175
add 0
add 2799
add 2836
set 87 55 6815
add -3176
add 3689
add -2309
add 1014
add -4800
add 1166
add -3929
set 118 174 -11505
set 62 172 -10800
set 161 198 -4134
add 1065
set 13 182 -10056
set 27 3 -304
add 1911
add 2715
set 35 82 2030
set 188 76 201
set 26 175 9150
set 159 197 -5587
add 3233
add -2982
set 107 175 7689
set 47 5 -5466
add -3539
set 91 181 2896
add -325
set 30 27 -4157
set 195 185 -3512
add 1601
set 180 168 7951
set 63 102 5742
add 759
add -2306
add 2226
add 3394
add -4451
add 4107
add -2788
set 38 152 532
set 35 19 3265
set 188 154 3190
set 157 35 11328
set 5 32 -706
add 4867
set 37 134 13264
set 192 21 4837
set 25 24 9009
add 3209
set 127 4 20045
set 37 197 1540
add -2497
add 4795
add -268
set 122 182 16292
set 33 142 4111
add 1608
add -1813
add -77
add 2198
set 55 186 5239
set 145 12 17057
set 121 46 20897
add -4900
add 3458
set 19 120 16421
add -2469
add 1990
set 169 148 13858
set 37 91 17557
add 3781
add -707
set 122 31 17769
add 1707
set 8 190 8321
add 4200
add -9566
add -2042
set 191 21 13543
add -387
set 38 170 400
add -3783
add 4972
set 137 193 1457
add -1943
set 93 171 12087
add 4501
set 65 163 4112
add -3718
set 16 155 998
add -3998
set 96 78 16022
set 19 161 -2071
add 1522
set 94 40 8714
add 4280
set 128 1 17405
add 3944
add 1152
add 178
set 7 18 10176
set 190 116 27024
set 132 57 25481
add 2023
set 17 132 23068
add 758
add -6383
set 97 59 3853
set 155 87 19958
add 1638
add -1366
add -384
add -767
set 9 68 17916
set 95 6 8676
set 185 42 17683
set 64 154 19467
set 13 47 7953
add 235
set 156 145 20914
add 3780
set 77 31 15942
add -1466
add 2748
set 80 23 16349
set 63 194 8299
add -4568
set 62 91 4656
add 277
set 55 65 7550
add -2070
add -4454
set 155 15 2709
add -3021
add 4963
set 49 127 4627
add -975
set 85 159 2059
add 3132
add 404
add -420
add -3793
set 32 66 13698
add 2928
set 29 77 7449
add 3121
set 193 62 3586
set 153 123 18671
set 22 195 4383
add -3827
set 97 195 1877
add -3171
set 80 82 -3113
add 3474
set 169 80 142
add -3142
add -32
set 29 27 16616
set 180 167 7180
set 10 186 -2902
set 47 81 14492
set 42 95 5965
set 76 190 10471
add -2844
set 58 158 12986
set 146 169 13737
set 65 157 -5563
set 7 157 -5505
add 2122
add 957
add -486
set 79 196 10324
set 140 132 -3198
set 102 119 -2378
set 85 93 -3220
set 149 123 9752
add -3326
set 15 31 7499
set 29 198 8868
add 2577
add 2199
set 79 71 3906
set 179 106 15777
set 54 87 16609
add 3799
set 60 10 15295
set 114 154 2662
set 8 86 2490
add -3984
add 4788
set 97 9 2804
add 4515
set 120 76 21592
add 3771
set 144 124 11028
add -5735
add -1622
add 4406
set 82 62 8136
set 35 101 8238
add 1535
add -2503
add -2962
add 945
set 162 179 6886
set 112 61 19197
add 2663
set 75 99 17613
add -2184
add 2470
set 134 169 17267
set 51 20 8501
add 2328
add -8185
add 664
set 26 49 12936
set 86 151 16630
add -4123
set 88 163 -1124
set 67 178 5705
add -630
set 6 192 11073
set 92 131 3247
set 40 96 -1804
set 133 130 15959
add -923
add -2559
add -1035
add 1748
set 109 107 9086
set 53 176 -4570
set 87 159 -883
set 94 104 2133
add -4938
set 29 87 -9167
set 107 64 -8990
set 91 90 5685
set 78 67 -9219
set 185 94 8203
set 96 96 -9567
set 170 128 -9633
add -1583
set 188 89 -11173
set 79 21 -1340
add 3168
set 62 198 8444
set 122 80 -7952
set 164 34 -7901
add -3793
add -39
add -2342
set 92 54 -14058
set 129 130 2236
add -4493
set 147 159 -18469
add -2399
set 145 83 -5966
add -4812
set 186 83 -7441
set 50 124 -25811
add 3545
add -3573
add -4506
add 8970
add -4777
add -3190
set 111 71 -13034
add -113
add 3312
set 126 3 -25194
set 157 63 -19567
add -2971
set 136 4 -16881
set 10 26 -17597
set 147 167 -20695
set 177 172 -28701
add 1921
set 180 133 -14752
add 163
add 3312
add -4296
set 13 16 -27514
add 2237
add 1061
set 22 191 -15529
add -3879
set 15 167 -27783
set 56 50 -22902
add -4108
set 109 27 -32454
add 5866
set 187 160 -13351
add 2448
set 67 151 -13474
set 34 97 -18123
set 5 82 -5327
set 121 174 -24475
add -2732
add -1327
set 106 198 -10437
set 59 48 -27789
add 3065
set 156 54 -25398
set 102 176 -25422
add 4875
set 65 66 -12129
add 2055
set 142 91 -16483
add -3329
add -4506
set 102 76 -10878
set 131 184 -19276
add -2848
add -648
set 66 173 -17859
add -1706
add 7762
set 189 26 -11514
add -76
add -4339
add 2298
add -799
add -3684
add 8911
set 97 99 -11081
set 189 16 -20684
add -398
set 65 96 -21833
add -1351
add 2610
add -1608
set 36 9 -22135
set 61 147 -18676
set 124 145 -15773
set 157 85 -15241
add 4808
add 2944
set 10 155 -13042
add -2164
add -619
set 114 34 -17113
add 4757
set 27 51 -2210
set 97 69 -2294
add -4982
add -235
add -2102
set 134 162 -3525
add 895
set 33 122 -17558
set 173 141 -3552
add -682
add -3856
set 82 100 -14289
add 1489
add -382
add 4088
set 146 44 -7020
set 5 60 -8666
set 95 6 -822
set 52 67 -17880
set 84 175 -2727
set 153 161 -17422
add 2854
set 86 133 4183
add -3379
add 1086
set 120 125 -9804
add 133
set 188 198 -2790
add 3726
add 2356
set 106 122 761
set 167 149 -11529
add 1791
add 4803
set 194 75 9543
set 114 36 -4684
set 106 87 12583
set 138 70 12222
set 98 56 7910
add -2098
set 71 151 4862
set 115 3 -5973
set 142 35 4824
add 3832
add 4154
set 97 136 6862
set 148 114 1297
add 447
set 190 64 20079
add 3085
set 45 161 15835
add 1671
set 132 102 13274
set 86 125 18921
set 54 13 17717
set 21 99 18851
set 184 131 17354
add 1266
add 483
add -2514
set 79 132 5571
set 189 136 21726
set 112 83 11338
set 102 159 6583
set 58 25 5489
add 198
set 53 71 10948
add -771
set 146 15 18721
add -2632
set 59 53 20687
add -459
add -3134
add 2198
add 3576
set 98 107 6637
add -4463
set 150 45 -77
set 142 98 -84
set 103 143 172
add 1164
add -4462
set 165 163 -3314
set 102 90 14497
add -944
add 4400
add 815
add 3850
set 65 53 22854
add -473
add -4412
add 12
add 3752
set 4 42 8637
set 10 30 13290
set 140 93 3648
set 135 62 3618
add 3660
add 3092
set 143 187 23616
set 162 180 10571
add -9461
add 4095
add 2959
add 4714
add -7469
add -4103
add 3418
add -2793
add 2555
add -3827
add 1994
add 4959
add -2348
set 171 144 5238
set 104 20 6521
add 16
set 183 61 20494
add 1554
add -2461
add 4639
set 172 146 9022
add -2247
set 52 156 16829
set 83 56 7285
add -4904
set 165 79 18265
set 178 24 9024
add -4003
set 19 118 -992
add 3922
add 4473
add 2300
add -3567
add -4179
add -4945
add -1872
set 36 180 13116
add 1026
set 15 106 -4077
add -2322
add -2551
set 175 174 -10110
set 55 195 414
add -2339
add 413
set 174 121 -4734
add -2904
add 2690
add 4418
add 684
set 157 119 778
add 1275
add 4059
add -1994
add -505
add 3260
add -1566
add 212
add -1862
set 10 198 14927
add 1090
add -3043
set 27 31 3112
set 44 87 2948
add 2159
set 71 27 8832
set 168 153 -3930
set 107 80 -3927
set 114 182 3317
set 26 48 -2371
add -1015
set 189 98 -5073
set 38 180 4650
add 917
set 184 82 -3666
set 134 102 6941
add -2411
set 99 38 2559
set 156 182 3178
add 2617
set 68 38 1512
set 4 54 2467
add -962
add -357
add 2641
add 4678
set 62 99 7761
add -4892
set 107 173 11721
set 105 96 -2765
add -1854
add -3957
add -2365
set 91 82 -10741
add -2561
set 11 75 -10743
add -1027
set 47 184 -12405
set 177 19 -4274
set 10 40 2564
add -2945
add 345
set 101 87 545
add 1698
set 141 162 -5573
add -3343
set 81 139 -2034
add 2773
add 7
add 3216
add 4192
add 3634
add 643
add -4354
set 67 132 -8513
add 3947
add 4537
add 3734
add -4387
add 1995
set 165 94 13392
add -2029
set 142 119 10340
add -3308
set 76 192 11532
set 61 102 12778
set 143 178 6072
add 1289
add 1967
set 62 97 10907
set 134 155 16693
add -3195
add -2362
set 115 179 12900
set 158 168 -2033
set 38 71 974
set 40 193 5096
add 2905
add 1059
add -2175
set 90 173 14315
add 4965
add -2397
set 33 161 -1158
set 194 139 13875
set 100 158 14845
add 1514
set 170 124 -666
add 1759
set 186 133 18665
set 155 194 6346
set 119 162 17209
set 110 80 1206
add 382
set 133 195 4073
add -219
add 3340
set 167 109 13459
set 187 168 5990
add -398
set 120 191 4429
set 47 78 4612
set 49 177 19561
set 149 161 22148
set 40 186 4352
set 2 163 17920
add 3063
set 145 19 15530
set 26 164 8143
add 637
add 2297
add -9039
set 30 25 1302
add 28
set 72 25 1288
add 4373
add 4108
set 9 164 10564
set 49 44 19023
set 1 42 24230
set 97 142 22020
set 16 71 22726
set 39 176 9809
add -1142
add 1994
add -6120
set 111 116 15667
set 121 142 9636
set 15 175 5024
set 75 22 4491
set 10 16 5020
set 135 73 20010
set 194 88 20391
set 120 39 4639
set 180 24 15120
set 10 180 15370
add -1031
add 2307
add -2020
set 79 196 13165
add 1558
add 585
add -3197
add -612
add -2651
set 166 14 -660
set 17 165 18603
add -199
add -1765
add 235
add -4022
set 123 76 11698
set 28 151 7537
set 116 81 195
add -670
add -962
set 116 40 9086
set 33 165 4255
set 85 103 -1083
set 93 87 2303
set 75 135 2906
set 44 162 -7267
set 79 17 745
add -300
set 115 59 -8182
add 742
add -2900
set 11 31 -8704
add 1783
add -3030
add 3255
set 34 71 -1084
set 131 79 10633
set 48 105 4096
set 41 70 -7682
set 189 164 518
set 48 42 7663
add -2884
add 3772
add -3964
set 132 195 -8974
set 177 20 -10875
add 669
add -2553
add 4856
set 94 117 -8538
add -4106
add 2777
set 73 144 -2836
add 2278
set 130 58 -75
set 63 168 5426
set 17 26 6010
add -2242
set 185 4 1645
add 695
add -4983
add 828
add 556
add -2665
set 16 45 -15290
set 114 177 -6658
add -395
add 1859
add -1563
set 164 62 -15559
add -1218
add 3900
set 22 163 -1902
add -4486
add -176
set 5 2 -12349
set 83 88 -9085
set 54 22 -17427
add 3980
add 3738
add 4790
set 185 70 1970
add -3132
add -1353
add -2093
set 169 104 8151
set 181 121 7052
add 4610
set 33 118 12916
set 124 177 -789
set 61 152 3746
set 129 144 8681
add -2436
add -3628
set 29 177 4827
add -1837
add 2226
add 3944
add 3942
set 130 71 13271
add -1527
add 311
set 44 76 8486
set 36 75 -5688
set 115 148 4406
add 2479
add -1608
add 4221
add -2805
add 3139
set 132 117 -556
add 2516
set 25 51 19314
add -2915
set 88 46 9486
add 1445
set 113 93 554
set 103 12 1755
add -4970
set 27 157 -4100
set 106 192 13023
add 2253
set 63 66 16264
add 852
set 33 118 3761
set 27 44 14223
add -3624
set 45 16 -3438
add 3579
add -2501
add -747
set 108 154 -3937
set 17 61 12389
set 146 101 -4617
set 112 134 2133
set 115 40 3387
add -1534
add 4145
add 268
add -2779
add 3960
set 189 129 9415
add -3610
set 108 10 -3529
add -6
set 70 163 -4054
add -1952
set 165 65 -5670
add -4703
set 101 118 6210
add 1481
add 836
add -3061
set 29 144 -10253
add 2867
add -3888
set 143 2 -2994
set 40 57 -6719
add 4732
set 66 56 -7167
add 848
set 16 73 -1280
set 19 10 -3511
set 78 26 2720
set 122 142 7866
add 4460
set 103 33 3100
add 4326
add 583
set 173 167 8497
set 67 37 8391
add 3250
set 102 2 13292
set 12 187 24372
add -4381
add -4893
add 4161
set 115 42 15135
set 102 14 485
add -4878
set 4 117 -2382
set 28 23 11961
add -3856
set 13 130 -7617
set 115 39 -8070
set 24 139 287
set 100 57 -7855
add -4830
set 153 5 -13119
set 28 111 -12943
add -2059
add 736
add 4406
add -4740
add -1938
set 191 73 -2600
set 119 47 -16482
add 1243
set 74 56 -14737
set 129 148 -2501
add 2943
add 921
set 124 93 -11557
set 132 74 -11540
set 181 128 -11641
set 6 55 7304
set 58 40 2831
add -754
set 91 168 -3075
add -2625
set 187 171 3579
add 2426
set 159 167 -1091
set 54 24 5006
add -99
add 1529
set 118 157 -10844
set 107 126 6907
set 42 83 -10674
set 70 57 -5268
set 93 108 2291
set 121 45 -11090
set 95 69 -4096
set 79 158 7208
set 96 92 6431
add 4324
add -3481
add 3376
add -4458
add -4707
add -3275
set 29 124 -19238
add -1939
add -3681
add 4784
set 82 133 -8335
add 839
set 100 47 -19097
set 74 192 -8168
set 41 31 -9192
add 1121
add -3611
set 80 126 -2037
set 11 72 -21451
add 4181
add -4357
add 3610
add -3077
add -4031
set 112 54 -25391
add 2932
set 38 85 -12879
add 3401
add -3173
add 3515
add 536
set 94 78 -10783
add -3387
set 126 161 -4086
add -2727
set 5 9 -13969
add -2882
set 14 182 -26905
add -2741
set 26 62 -29925
add 1890
add -932
set 103 57 -28649
set 58 14 -28996
set 3 169 -23155
add -1606
set 3 119 -28970
add 8959
add -2508
add 3508
set 3 155 -6365
add 3958
add 3101
add 4765
add 362
set 75 159 4423
add 3556
set 72 72 -4659
add 2335
add -151
set 81 184 2534
set 62 40 10273
set 77 67 -2409
add 3535
set 168 43 756
set 171 108 837
add -3099
set 67 83 7673
add -3929
add -2553
add 3125
set 141 101 -5669
set 103 46 8276
add 2518
set 26 131 -2839
add -2702
set 100 192 5905
set 45 131 -5560
set 166 10 6640
add 3381
set 81 155 -1814
add 2366
add 1432
add 2459
add 933
add -788
add 4807
set 57 126 10023
add 2951
add -8694
set 143 124 2940
add -3011
set 84 58 11529
add 1849
add -3591
add 1466
add 4028
set 23 185 10174
add 1954
add 4571
set 9 155 11670
set 175 182 29918
add -6402
add -3926
add -2278
add -3771
set 25 43 -5056
set 193 163 -6126
set 159 164 5424
set 163 84 -6162
set 45 128 -6068
set 153 117 -6194
add -3961
set 111 111 -10038
add -1387
set 80 70 -10770
add -4955
set 19 191 -686
set 61 21 -6112
add -1968
set 12 1 -8718
set 182 160 -6687
add 3493
set 129 134 3095
add 1885
set 123 155 -5980
set 124 89 -12979
add -2630
add 1216
set 52 185 3917
set 153 58 -3902
set 27 105 2708
set 173 172 -13968
add 2987
set 98 23 3071
set 110 3 -11279
add 3640
set 155 115 792
set 173 92 8609
set 137 42 3091
add 3563
add 3587
set 78 98 -632
set 12 131 12804
add -3387
add -1893
add -2233
add -4532
set 11 154 -2652
add 2952
set 107 68 8089
set 99 94 855
add 97
add -2502
add -1578
set 64 37 -3464
set 14 186 -13624
add -3261
set 181 193 -17006
set 153 119 -10511
add 1157
set 123 142 -10504
add 2697
set 71 146 6285
set 148 64 -7855
set 44 108 -11999
add 1176
add 1742
set 13 185 -1890
add 4936
add -1023
set 9 164 -5481
set 40 36 -5826
set 147 85 12994
set 117 59 -6217
add 2657
set 3 72 10514
set 180 125 5744
add -3277
set 150 124 -6980
add 657
add 1266
set 102 40 10016
set 66 24 4522
set 61 127 13200
set 41 174 -4963
add 2720
set 136 76 15500
add 213
add 4315
set 66 157 2537
set 164 8 19748
add -482
add 3033
add -4898
set 108 53 12708
add 3363
add 2813
add 2617
set 15 109 24556
set 5 149 23780
add 303
add -2205
set 176 108 6841
add -3855
set 14 91 15342
set 106 75 13685
add 1170
add -2598
set 79 98 1527
add -2538
add -3185
set 109 62 -4233
add 2473
set 147 94 7429
set 98 124 -1746
set 120 64 -1183
add 4727
set 87 45 3011
set 111 194 22713
add -4239
add 1745
set 146 188 9081
add -3005
add -4968
add 3790
add -2704
add 2483
add -1693
set 81 105 -5553
set 110 160 -5332
add 3960
add 4919
add 1927
add -1163
set 8 26 20949
add -472
set 11 83 4004
set 23 60 3835
add 62
set 153 66 21400
add 385
set 96 55 10179
add -489
add 1636
set 73 160 17690
add 2652
set 112 104 16192
add -2699
add -194
add -3629
set 160 78 18261
set 165 123 20435
set 110 179 3603
set 149 3 1509
set 126 174 1242
add -3125
set 19 188 1834
add 1166
add 4385
add 125
add 4491
add -4794
add 4367
set 32 1 24545
add 3698
add -8403
set 51 117 3229
add -2043
set 39 195 1834
set 147 144 17659
set 187 29 1558
set 12 132 17567
add -4654
add -2080
set 175 130 7890
set 164 65 -5122
set 142 24 1649
add 2418
set 22 157 -2826
set 32 15 -2878
set 153 150 9973
add 3779
set 190 149 540
set 128 178 2086
set 95 14 618
set 69 182 908
add -3405
set 154 133 7903
set 139 120 -2693
add 3633
add -3425
set 131 68 5063
set 42 62 -2529
set 13 93 12358
set 116 153 4732
add -2186
set 189 104 12993
add 1295
add 3257
set 37 169 15577
add 4326
set 57 155 4801
set 49 82 12584
set 59 44 23938
set 105 107 20540
add -4895
set 108 190 8193
set 67 78 10392
set 80 172 -230
add 2329
add -1961
add 2473
add -4527
add -4509
set 22 26 778
set 21 61 2571
set 121 48 10971
add 2094
set 18 102 11801
set 133 76 8856
set 8 56 -4130
set 72 121 -4608
add -2611
add 768
set 173 43 -6756
add -2463
set 191 178 2785
set 75 75 8915
add 852
add 4142
add 2218
set 94 174 -1991
set 53 194 -1831
set 77 64 -392
add -4847
add 3407
set 137 168 9155
set 56 90 734
add 1825
set 97 20 17024
set 186 189 4707
add -1921
set 180 28 6968
set 129 22 -3548
add -57
add -1616
set 97 74 -5131
add 3177
add 2261
set 115 21 16757
set 112 109 435
add -1582
set 159 61 9093
add -1656
add -1417
add -4145
add 4458
add 4662
set 58 16 2500
set 178 71 17427
add 2022
add -3044
add 2663
set 36 147 13024
set 133 197 2428
set 13 173 2673
add 334
set 53 4 20593
add -3232
set 35 79 19285
add 3605
add -4840
set 60 72 -1629
add 2229
add -4322
add -608
set 165 144 -4483
add 4130
set 84 29 5192
add 4683
set 162 74 4182
add -935
set 64 135 17967
set 170 111 3244
add 745
set 166 163 4026
add -65
add -1798
add -1292
add -1426
add 4355
add 1817
add 4305
add 3305
set 43 150 30322
set 81 129 20867
add -5468
add 4373
set 180 153 12134
set 7 83 12552
set 38 155 12815
add -8691
set 175 10 14453
add 4258
set 148 152 23233
add -1554
add 687
add 647
set 117 110 17296
set 167 99 24522
set 93 116 18080
add 4558
add -6317
set 180 149 5628
add -1512
set 194 108 4217
add -2462
add 2194
set 87 34 17599
set 139 20 7182
set 104 165 18162
set 146 50 5862
add 4225
set 42 87 25246
add -1238
add -2549
set 4 177 13773
set 68 126 18129
add -4637
set 129 140 -346
add 4573
add 4540
add -1129
add 4347
add -9185
set 124 33 14980
set 130 161 10337
set 53 122 4192
add 309
add 4407
add 3696
set 169 98 11205
set 136 186 11258
set 70 47 17034
set 127 15 17625
set 160 20 11388
set 74 10 16431
set 189 120 11319
set 94 99 24604
add -6866
set 33 176 4484
set 34 152 21309
set 113 46 20535
set 104 107 6618
set 48 36 4880
set 10 2 4828
set 86 95 17466
set 182 33 17596
set 80 58 9489
add -3846
add 4306
add -3822
set 175 166 987
set 28 158 12235
add -4570
set 169 44 5480
add -2581
add 626
set 100 148 11356
set 192 101 -5523
add 3720
add 3584
set 34 35 16390
set 175 187 17852
add -1210
set 136 115 18537
set 35 129 12301
add -3930
set 71 107 -2074
add 493
add -4456
set 187 130 -2111
add 2211
set 24 6 4884
set 129 29 -4491
set 26 178 1427
add -664
set 87 105 -5682
set 50 18 -5710
set 36 134 5111
set 137 189 13368
set 101 136 5633
add -532
set 26 175 3802
set 162 107 13574
add 3171
add 1076
set 147 86 -2001
add -144
add 4655
add 1903
set 6 78 15368
add 2435
add 868
add 4108
set 83 31 25296
add -9261
set 104 111 2602
set 65 117 2566
add -1046
add -1755
add -3974
add 3546
add 2987
set 83 166 2339
set 144 149 2275
add -2447
set 23 137 -97
set 192 187 14199
add 4403
set 10 11 21855
set 80 169 23954
add -2829
set 173 177 13723
add 792
set 55 1 15002
set 43 6 8149
add -3627
add -1959
set 32 33 15510
set 103 28 16140
add 2922
set 123 68 11911
add 511
set 138 161 9792
set 11 31 1799
add -925
add -4520
add 4520
set 24 160 124
add 989
add 4091
add -150
set 4 188 9403
set 61 88 4180
add -977
add -2377
add 844
add -3854
add 404
set 123 164 18091
add 4129
add 703
add 463
set 166 110 13309
set 66 171 21896
add -2388
set 51 135 20869
set 180 191 10755
set 66 114 17963
set 53 100 12820
set 78 195 20762
set 97 17 11000
add -3808
set 108 109 -2596
add 3734
add -313
add 2032
add -434
set 118 195 3058
set 36 80 2348
add -3404
set 12 22 13866
add 2405
set 125 155 4636
add 398
set 35 150 8473
add -3453
add -201
set 39 32 -1915
set 46 110 17540
set 124 84 -2019
set 114 68 7826
add 3724
set 176 40 7974
add 4946
set 138 157 6870
set 131 96 6612
set 93 193 6723
set 156 166 6610
add 472
set 66 189 13474
set 127 35 13184
set 90 7 7190
set 100 30 8447
add 1901
add 4623
set 58 17 27065
set 6 169 20342
add -7672
add 1977
add -1591
add -391
set 172 136 19953
set 182 166 5903
add 1125
set 4 19 14045
set 127 180 7288
add -1406
add -3088
add -268
add -692
set 176 50 1692
set 96 163 1735
set 71 5 1676
set 12 137 20460
set 129 1 13792
set 174 95 14343
set 75 162 20096
add -4901
set 171 158 8980
set 59 159 15579
set 4 191 13200
set 103 161 -2793
set 112 148 15925
add -4113
set 101 175 -1864
add -2239
set 111 36 -9413
add 3853
set 54 12 -5358
set 134 128 -5793
add 4519
set 139 98 -1280
set 18 95 13869
add 3205
set 73 7 2049
add 758
add -1599
add -2177
add -1502
set 171 195 6427
add -3380
set 48 86 -5677
set 128 5 -5957
set 191 185 11495
set 64 1 2357
set 34 28 -5446
set 122 157 -5700
set 85 37 9369
set 79 18 -5944
add 4924
add -2709
set 13 76 6073
add 3217
add -4743
add -3107
add 1878
set 162 52 -6484
add 3356
set 161 30 11123
add -493
set 83 147 9131
add -3001
add -4175
set 114 85 -3374
set 41 105 5998
add -1078
add 2535
set 64 6 -3075
set 188 6 3750
set 101 63 991
set 75 98 -9307
set 152 187 -2173
add -3738
add 3170
set 84 25 -9882
add -3737
add -3434
add 4870
add 2100
add 1296
add 4899
set 93 25 -3897
add -2390
set 55 187 755
add -3996
add -3680
add -2897
add 3935
set 80 117 -12931
set 128 143 -12745
set 52 38 -12538
set 134 90 749
add -174
set 110 54 -13031
set 85 103 1885
set 109 191 -12940
set 188 153 -13089
add 945
set 99 27 -11858
add -2744
set 151 179 -9446
add -2030
add 2000
set 93 139 -9228
add -4998
add 1370
set 11 162 -16116
set 2 7 -11406
set 119 187 -17043
add 958
add 1689
set 183 190 -15852
add -1873
add 3826
set 103 99 -2854
add 1086
set 191 59 -12864
add 824
set 102 49 -11466
add -3951
add 2020
add 2051
set 168 143 2754
set 18 14 -11447
set 119 102 -2183
set 69 184 -4643
set 118 26 -5147
add -1686
set 101 23 -5273
add -2154
set 49 148 -1458
set 3 185 342
add -1619
add -3168
set 65 29 -2261
set 118 150 -9404
add -1767
set 142 105 -22335
set 11 178 -10153
add -373
set 129 106 -14881
set 109 178 -14254
set 23 28 -22201
set 62 16 -20777
add 1307
add -3454
add 837
set 48 107 -15131
add 1255
set 129 108 -5349
set 29 18 -22715
set 152 12 -15693
add -666
set 78 3 -5372
set 66 23 -9297
set 82 158 -17024
set 169 31 -4021
add 3516
set 182 172 -19453
add 96
add 3580
set 36 126 -14615
add 4755
set 23 174 -11418
add 3063
add 3282
set 188 20 -3281
set 70 84 -5076
set 93 104 5640
add 664
add -522
add 837
set 56 133 -3371
add -1796
set 93 150 10028
add 172
set 30 110 6502
set 169 93 -5817
set 58 71 1886
add 522
add -2766
add -432
add 717
set 161 46 6991
set 88 198 8629
add 4208
add -4655
set 124 185 72
set 73 159 -7579
set 186 197 -8019
set 3 122 11012
set 72 127 11505
set 109 13 2641
add 2627
set 39 134 3306
add -3481
set 170 135 -3748
add 4974
add -2139
set 113 168 -5180
set 117 84 -6193
set 181 37 4618
set 3 59 5363
add 1200
add -2711
add -2712
set 146 50 -8477
set 46 4 -181
add 1666
add -2384
add -1101
set 88 129 5206
set 145 98 -12288
set 139 142 606
set 134 161 5567
add -553
add -1538
set 159 124 -14397
set 126 192 -3652
set 144 61 3288
add 114
add -1070
set 137 185 -3593
set 107 43 -15253
set 108 125 -10496
add 1558
add -3275
set 89 48 -1069
add -947
add 2953
add 4167
set 70 112 7460
add -2210
set 142 12 -1999
add 3839
add 2164
add -4815
add 4368
set 41 24 -1482
set 97 9 -7474
set 49 38 -7089
set 69 176 -7448
set 171 74 -7506
set 110 124 -7502
set 174 55 2271
add -3973
add 25
add -1456
add 4077
set 146 64 1197
add -892
add -415
set 58 128 -10079
set 92 72 -9862
set 34 169 9629
set 80 132 -9997
set 41 67 -9740
set 7 178 2125
set 15 177 -7182
set 162 161 1047
add 1051
set 60 85 -8944
add -3790
set 122 94 2989
set 189 159 -12726
add -2228
set 62 99 2088
set 108 116 -4296
set 146 117 -15152
add -2978
add -4279
set 187 165 -6220
add -3103
set 125 39 -25286
add -127
set 117 178 -17776
add 2853
add -2199
set 80 97 -14331
add 2076
add 442
add 3948
add 4979
add 1911
add -1936
add -1935
add 850
add -1170
set 32 188 -2303
set 180 96 -15844
set 182 152 -10485
add 2180
set 37 162 -12864
set 72 78 238
set 14 189 -6627
set 63 116 -2582
add 3407
set 132 60 2782
add 1152
set 113 181 5496
set 18 13 9894
set 77 167 9589
set 100 12 -7799
set 145 151 1213
set 87 62 -9012
set 160 148 5230
add 2567
set 20 49 -4497
add -1481
set 143 9 -7964
add 878
add 1097
set 78 195 -628
set 120 183 -5878
add 4212
add 995
set 5 162 13396
add -3823
set 151 190 -4475
add 363
add 3764
set 13 58 4678
add 1910
add 148
set 36 177 16070
add 4482
add 3050
add 2457
add -5185
add 4185
add -5629
set 11 73 21620
add 42
add 4668
add -1062
set 143 52 8631
set 111 32 8653
set 32 139 28637
set 57 139 17393
add -3447
set 131 175 19717
add -3000
set 68 157 2463
add -2493
add 413
set 45 159 11511
add -4300
add -793
set 154 67 -4880
set 74 177 4391
set 29 164 -4195
add -1078
set 92 174 -6089
add 4330
add 2324
add -3981
add -2205
set 164 176 -5665
set 96 85 2210
set 34 153 -5330
add -167
add 40
set 107 1 11941
add 2744
set 72 62 -2972
set 136 150 10672
set 82 68 15855
set 117 15 8543
add -881
set 61 140 -3868
add 4636
add -404
set 140 53 7391
add 239
set 65 93 660
add -3959
set 101 170 -3264
set 100 179 7119
add -4188
add 4261
add 2076
set 152 70 7183
add 4826
add 2998
set 126 138 15371
set 56 42 25706
set 20 73 12405
add -4926
add -368
add 546
add -1962
add 1742
set 14 107 11107
add -4607
set 151 160 16091
set 127 58 16421
add 3620
set 45 44 7801
set 159 119 13605
add 4961
set 189 106 25456
set 170 84 5572
add 1007
add 3876
set 187 5 10420
add -8064
set 39 115 9375
add -4284
add -3991
add 4589
add -2142
add 3587
set 169 50 254
add 182
add -4128
add -2234
set 5 149 3452
add -1250
set 145 140 -7313
set 193 162 1119
add -4992
add 3040
set 122 163 -9118
add 3901
set 172 181 271
set 24 158 14229
add -221
set 129 45 -5521
set 13 109 8207
set 76 135 11780
set 62 184 6042
add 65
add 245
add 3754
set 63 185 11674
set 56 18 -1428
set 151 6 17482
add 1858
set 51 157 722
add 1432
add 1016
add -1038
add -3030
add -2864
add 4324
set 101 118 17690
add -2601
set 93 170 -2240
add 3585
set 115 92 9848
set 81 50 19417
add 679
set 175 82 8519
set 147 9 1882
set 17 71 7614
add -4963
set 55 181 16875
add -4739
add -2565
add -3334
set 143 4 5046
set 49 118 5024
set 15 92 -13482
add -621
add 4322
set 5 176 2729
add 2200
set 23 176 -7696
add -4822
set 114 196 -2617
add 1884
set 58 84 9151
set 7 8 -10389
set 128 97 4727
set 45 131 -10420
set 155 198 -51
add -3483
set 88 43 -14147
set 20 152 -7374
set 136 43 -14195
add 2618
set 65 110 -351
add 3655
set 141 173 3340
add -1419
set 193 54 -9355
set 150 46 -4198
add -1756
set 125 77 -11108
add 4968
set 72 126 6777
add 3313
set 72 190 15503
add 32
add -3036
set 167 130 -4223
add -4675
set 30 174 -10452
set 38 88 -10377
set 193 173 5768
add 4076
set 187 161 -5169
add -2600
set 63 175 -1714
add -4884
set 178 32 -13945
add 4343
set 94 180 -9341
set 11 184 -7589
add -4370
set 124 57 913
set 46 111 -13826
add 523
add -4203
set 159 188 -16495
set 116 5 -17627
set 176 133 -7798
set 1 19 -8984
add 3977
set 5 85 -6858
add 896
add -2625
set 59 58 4488
set 146 72 -15164
add -4538
add 4857
set 3 166 4386
set 177 167 -5449
add -4134
set 1 182 127
add -2069
set 125 130 -11783
set 111 92 -15179
set 63 101 -21169
add 1833
set 100 137 -19454
add 2491
set 91 60 -755
set 152 150 -2295
set 172 192 -965
set 26 149 -4800
set 30 133 -16123
set 118 164 1027
add 4227
add 1410
add -2509
add 330
add 509
set 39 112 6188
add 143
set 67 147 -5377
add 1973
set 72 48 -10155
set 184 186 -10911
set 81 36 1723
add -1471
add -4939
set 114 32 -17227
add 810
set 107 23 3403
add 3118
set 38 44 -12716
add 117
add 1451
add -3695
add 2863
add -4162
add -1382
set 162 172 -9152
set 38 67 -17752
add 1604
add 1870
set 56 134 -4714
add -1558
set 173 141 -9609
set 109 5 -16223
set 59 30 -14638
set 70 103 -6032
add -170
set 73 189 -11233
set 73 30 -2944
set 39 118 3034
add -4109
set 5 156 -12963
set 110 4 -2782
add 4672
set 144 119 497
set 81 179 -263
add 2547
set 70 29 -11545
add 1572
add -3580
add 1115
set 26 82 -5835
add 2179
add 1336
add 3162
set 32 118 11525
set 156 43 -7509
set 56 115 -5828
add -995
set 36 150 -2896
set 33 39 -1649
add -3979
add 554
set 157 66 6476
add 324
add 3190
add -3185
set 17 8 -2460
set 133 194 4484
set 41 72 -11277
set 157 141 -2078
add 1194
set 68 104 -10325
add -261
add -4746
add -4084
set 166 130 -17879
set 22 187 -12293
set 145 24 -13969
set 187 173 -4662
add -4910
add 3623
set 186 29 -20367
add -2413
set 153 163 -23147
add 380
add 3126
set 83 140 -19695
set 180 22 -19764
add 4757
add -4913
set 65 57 -3843
add 4171
add -3677
set 13 198 -4154
set 185 79 -5593
set 48 138 -5169
add -430
add 1780
set 117 64 -17427
add -2692
add 2289
set 89 125 -12268
add 2132
set 151 173 -10423
add 2076
set 173 26 375
set 68 85 -14067
set 164 53 -7235
add -4884
set 118 184 -12049
set 149 173 -2686
add -122
add -3384
add -4154
add -4869
set 49 178 -24004
add 8802
add 1553
set 112 175 -5258
add 1957
add -3535
set 118 193 -22774
add 3481
set 134 35 -760
set 135 54 -19289
set 188 191 -11574
add -1238
add -448
add 1710
add 4994
add 3130
set 50 176 -11134
set 134 13 6472
set 99 9 -11181
set 140 67 -11059
add -949
set 3 112 -1588
add 2783
add 597
set 125 60 7230
add -4572
set 64 27 -2828
add -618
add -3528
add 4103
set 20 82 -4324
set 101 96 -13385
add -651
set 55 20 -13620
set 113 130 -12556
add 2718
add 1090
set 43 70 -9481
add 3376
add -321
add -1370
add -3102
add -3667
add -1001
set 100 53 -10004
add 2447
set 162 129 -4180
add -3914
add -484
set 90 169 -6967
set 35 26 -8320
add -2395
set 177 149 -20715
set 61 8 -1406
set 95 138 -5265
set 72 44 -10441
add 3894
set 112 10 -5792
set 12 145 543
set 47 6 -3189
set 116 144 -2900
set 182 169 -2380
add -1429
set 138 71 -7687
set 67 191 -17976
set 128 181 -12063
set 75 106 -5014
add -1091
set 122 39 -19111
set 71 32 -19204
add 2623
add -4761
set 165 87 -11236
set 83 11 -18101
set 44 76 -10383
set 163 129 -15132
set 149 96 -21471
add 3437
add -3702
add 129
add 3299
add -3640
add -2581
set 156 16 -23985
set 130 143 -24286
set 98 173 -13122
add 4238
add -2021
set 195 51 -3984
set 126 31 -10716
add 3948
set 176 153 -18277
set 66 109 -18078
set 92 73 -8821
add 3104
add -1189
set 33 132 -9019
add 595
set 39 183 1935
add -1675
set 14 114 -16530
set 74 66 -11855
add -1602
set 83 112 -464
set 180 175 -3238
add -1291
add -2288
add 664
set 68 133 -14850
set 82 21 -7297
set 31 151 -8794
add 4989
set 167 30 -4459
add -386
add -3973
add -3193
add 1979
add 3345
add -4298
add -3208
add 943
add -1855
set 42 1 -11784
add 3298
add -4483
add -4449
add 7881
set 15 146 -17073
set 37 97 -10530
add -241
set 43 183 -5638
add 15
set 143 169 -18048
set 59 3 -17927
set 160 136 -15333
set 147 53 -8440
add -2238
set 10 126 -15936
add 1056
set 6 134 -16993
add 4965
set 55 12 -21442
set 57 62 -21807
set 23 70 -21084
add -3757
add -211
set 12 81 -25357
add -4789
set 18 179 -30260
add 7186
add -1379
add 32
add 4687
set 67 32 -19997
add -321
add 860
add -1716
set 80 167 -4429
set 125 191 -21099
add 2730
set 29 127 -2150
add 3816
set 128 103 -13191
add 2739
set 68 190 3426
set 32 196 7687
add 3150
set 95 175 -2563
add 4264
set 91 172 -4010
add -678
add 1633
add -4046
add 1927
set 39 99 10683
set 69 80 -5636
set 141 158 841
add -3350
add -4495
set 170 129 -13296
add -4922
add -3184
set 81 107 -16129
set 72 73 -2203
add 1785
add -4389
add -222
add -2027
add 2282
add -1023
set 66 36 -16273
set 93 154 -10946
set 56 161 -18449
set 53 13 -6323
add 845
set 190 54 -24419
add 4610
add -4181
set 134 141 -6110
set 147 123 -5950
add -2424
add -563
add -2074
add -2894
add 7614
set 62 51 -23916
set 24 92 -24136
add -1457
set 96 125 -18296
add 3445
add -2075
add 134
add -2271
set 161 24 -16663
add -3187
add 3529
set 84 67 -25871
add 2332
set 170 38 -9985
add -1991
set 34 11 -7855
set 114 57 -25495
set 58 129 -13809
set 111 192 -13490
set 41 11 -25442
set 13 10 -17127
add -540
add 3923
set 106 92 -7455
add 4436
add 3039
add 3342
set 85 103 -1016
add 4855
add -4682
add 3876
set 191 66 11316
add -4533
add -1255
set 108 52 -13362
add -2177
add 3547
set 149 20 -11913
add -3362
add 4458
set 105 40 4726
set 51 162 -10243
set 73 189 -5259
add 4467
set 112 125 456
add -3017
set 144 44 9076
set 120 18 -9541
add -325
add -44
set 131 81 5367
set 21 149 -3268
set 152 121 8603
add -591
set 173 64 2858
set 155 32 -10463
add -2496
add 4949
set 178 69 -7826
add -2335
set 165 76 2145
set 52 159 -1691
set 94 56 382
set 37 111 -10213
set 111 71 -202
add -2317
add 3327
add 1880
set 129 193 -7407
set 82 187 123
set 152 22 -7501
set 8 135 -6830
add 689
add -346
add -17
add -404
set 99 119 -6634
add -881
set 12 155 -6989
add 4656
set 66 31 11372
set 124 17 9717
set 186 160 3728
set 127 72 -3522
add 3570
add 3078
set 96 156 15364
add 2177
add -3747
add -2705
add -3762
set 52 79 3389
set 167 123 907
set 156 113 2440
add -4110
set 112 32 -9214
set 159 118 5866
add -1827
set 138 99 2052
set 26 116 -2587
add -4080
set 32 106 -14104
add -1622
add 2339
set 69 34 -6422
set 163 69 -14248
add 3557
add -2524
set 97 174 -13419
set 93 142 -7369
add -4895
set 7 90 -10277
set 44 189 -17434
add 2260
add -3807
add 4208
set 186 193 -15657
add -3819
set 173 154 -5115
add -1175
add -898
set 55 30 -19942
set 18 70 -4341
add 521
set 191 85 -14789
add -2593
set 89 15 -17121
add -4308
set 150 136 -17032
set 73 17 -11231
add 1909
set 170 172 -25534
add 1523
add 2463
add 107
add 1891
set 177 190 -19944
set 107 95 -14141
add -3738
add -4478
set 135 125 -15273
add 3294
add -3125
set 172 74 -28082
set 152 54 -28028
add 1819
add -1175
add -2329
add 3642
set 23 181 -18593
add -3821
set 75 97 -24621
add -825
add 8564
add 3378
add 252
add -2761
set 103 52 -21268
add -2668
add 3751
add -4614
set 32 97 -13372
add -922
add 10
set 146 88 -12398
set 86 168 -24257
add 1103
add -4949
add 368
set 16 80 -22716
set 175 87 -14448
set 137 39 -29089
set 83 152 -29034
set 193 42 -17637
add -1192
set 48 98 -30380
add 7305
set 153 66 -7995
set 184 17 -12100
set 164 148 -13221
set 98 31 -16529
add 4394
add 4856
set 134 190 -8802
add -3421
set 40 91 -6065
add 4510
set 76 149 -12751
set 170 138 4708
add 2865
add -4238
add -451
add -2707
add -3530
set 188 193 -20871
set 10 68 -10385
add -2141
set 40 93 -22902
set 20 186 -22890
set 193 124 -23087
add 2080
add -3837
add -3542
add -3320
set 145 157 -31396
add 5824
set 167 56 -25657
set 51 185 -8997
add -2664
add 2301
add -348
add -2663
add -1811
set 188 8 -24172
add 8481
add 2551
add -3605
set 64 48 -22843
add -1580
set 150 27 -24594
add -2213
add -1436
add 3374
add -3538
set 182 126 -28470
add 3505
add -3326
add 2073
add -1163
set 171 137 -27951
add -2443
add 6602
set 140 47 -4919
add -4241
add -2931
set 33 20 -30430
set 39 116 -12746
set 86 36 -22667
add 9572
add 3053
add 362
set 76 52 -1215
add 130
set 7 94 -9666
add -216
set 27 132 1612
add 2259
add 4786
add 809
add 4965
add -3456
add 3495
set 99 120 13864
set 139 146 9476
set 119 25 -5118
add -2355
set 95 84 -7426
add -2454
add 4145
add -2723
add -2377
add -3237
add 1682
set 106 95 -4785
add -1841
add -3416
add 889
add -299
set 126 80 -17064
set 58 149 -17032
add -928
set 32 131 -17702
set 53 143 -17751
set 154 167 -11418
set 43 90 -16223
add 682
set 137 88 -3313
set 22 103 2361
set 75 53 -11153
set 121 159 1641
set 58 26 -12239
set 183 145 -486
add 3398
add -3493
add -1680
set 83 104 -10953
set 25 29 -10863
add 537
add -3376
set 186 115 -21524
add 2395
set 33 5 -19478
set 156 19 -13377
set 80 181 -4781
add 4758
add -789
add 1245
set 194 135 3569
set 96 99 1694
set 193 146 -14190
add -2325
add 3291
add -1703
add -2400
add -1930
add -2507
set 101 182 -13952
add 1839
set 113 47 -19881
set 124 111 -20039
set 140 188 -10618
set 39 170 -19913
set 167 122 -14572
set 36 87 -7410
add -4872
add 4361
add -1037
set 38 181 -13406
set 70 36 -20264
set 187 117 -21725
add -3140
add -4577
set 134 111 -29314
add -3425
add 9467
set 60 120 -22836
add -905
set 83 38 -18832
add 3358
set 90 51 -4061
set 175 164 -5078
set 40 1 -4484
add 4039
set 49 193 -5586
set 95 186 -16779
set 155 97 -4764
add 2405
add 2067
add -4409
set 32 159 -16244
add 217
add 4123
set 120 152 -12232
set 129 187 -7071
add 1037
set 179 96 -11450
set 73 159 -10761
set 12 120 2482
set 135 15 2785
add 2919
add 736
add -1985
set 183 146 -9536
set 59 175 7207
set 140 128 -9733
set 13 49 -7733
add -2575
add 717
add 635
add 4991
add 911
add -3769
set 61 167 8060
add 4334
set 158 95 7849
set 61 69 9155
set 108 163 -4367
set 169 80 -4470
add -4310
add -1028
add -4834
set 63 133 -13848
set 163 67 -14511
add -1935
set 150 9 -16596
set 160 144 -16413
set 65 28 -16098
add 2198
set 150 149 -14396
set 19 7 -14122
add -4645
set 2 177 -410
add -1063
set 78 169 -12777
set 41 144 -8394
set 56 88 -19959
add -2852
set 144 168 -4621
set 97 46 -5884
set 62 153 -22667
set 79 58 -4035
add -2620
add -2267
add 3026
add 2323
set 91 41 -22467
set 193 30 -3765
set 9 22 -20583
add -3348
set 54 47 -20093
set 32 75 -25556
add -272
add 2314
add 368
add -1874
add 1067
add -935
add 1588
add -98
set 26 96 -21113
add -1454
set 87 64 -14118
set 68 135 -24046
add 3576
set 9 106 -19827
set 109 136 -13927
add -3352
set 85 127 -19146
add -844
add 2986
add 2932
add -2505
set 32 78 -21953
set 101 15 -6676
set 67 148 -6138
add -1768
add 3169
set 19 32 -20175
set 33 144 -19590
set 8 153 -20601
set 91 27 -20594
set 187 25 -20992
set 7 194 -19150
add -97
add 851
add -2195
set 133 185 -11931
add 1752
add 2669
set 48 20 -17512
set 55 110 -6556
set 19 124 -17850
set 195 161 -17122
set 114 135 -8826
add -4441
set 141 184 -15771
set 29 114 -12336
add 502
add -372
add 2841
add 1296
set 179 168 -7701
set 179 91 -17832
set 95 96 -18103
add 1983
add -1936
set 157 106 -9094
set 104 62 -18065
set 166 57 -1178
add -3873
set 22 19 -8108
set 99 115 -21086
add 4365
add -1343
set 24 11 -16537
add -568
set 78 189 -8202
set 57 149 -19417
set 77 78 -12368
add -867
add -4146
set 120 62 -24513
add -829
add -3484
set 46 104 -28708
add 4774
add -1127
set 66 124 -25122
set 67 147 -19728
add -4663
set 53 83 -11565
add -261
set 138 191 -28865
set 75 179 -24654
add 7438
add 2619
add -2502
set 190 37 -9312
set 8 162 -20069
add -4691
add 1739
add -193
add 4576
add -3469
add -1921
set 19 55 -13749
add -4854
add 8906
set 42 12 -2421
set 169 185 -8839
add 1800
set 106 23 -12514
add 259
set 127 137 -20429
set 134 74 -20350
set 114 126 -3255
set 8 23 -14300
set 185 131 -2448
add 4549
add -2286
set 13 178 -11146
set 192 42 1626
add -4379
set 183 32 -22524
add -2329
set 120 180 -24613
add 991
add 3717
set 175 159 -19957
set 10 118 -18788
set 16 188 -7271
set 67 27 -8264
add -4312
add 2423
add -3469
set 172 29 -25045
set 36 17 -8061
add -3900
add 2081
set 89 160 -10641
set 170 74 -27300
set 86 196 -11950
set 176 74 -27306
set 81 113 -27085
set 51 194 -27134
add 3312
set 16 195 -7175
set 46 71 -12871
set 24 143 -8270
set 33 167 -22458
set 182 122 -10859
set 188 167 -14597
set 16 11 -18547
set 153 150 -12390
add -2645
add -4832
set 159 65 -30985
set 52 54 -31313
add 8857
set 115 178 -13614
set 192 79 -7957
set 111 27 -22298
add 929
set 4 49 -10471
set 163 13 -9233
set 56 27 -6829
add 2338
set 142 67 -19192
set 109 143 -19116
add -3235
add -1825
add 4873
set 37 98 -19448
set 54 142 -2645
set 148 142 -10222
add -3034
set 60 48 -21841
set 110 55 -13819
set 131 44 -4857
set 185 192 -13548
add 2716
add 1543
set 16 162 -15842
set 62 55 -4442
add -755
add -3272
add -3011
set 77 193 -19669
set 174 87 -12315
add 445
set 185 3 -24693
set 94 74 -24820
add -3190
add -923
add 1636
set 95 157 -27093
set 66 2 -26992
add -845
set 44 93 -28117
add -2414
set 71 15 -13075
set 112 188 -28856
set 29 15 -22142
add 6927
set 96 79 -18224
set 34 189 -22156
add 4020
set 194 79 -5431
set 138 9 -19695
add 2577
add 102
set 194 90 -3179
set 74 184 -11111
set 188 72 -5174
set 185 148 -10000
add -2360
add 4803
add 1127
add 2793
set 193 62 -10726
add 2571
add 282
set 126 134 -7238
add -2733
add -2449
add -2148
set 1 23 1303
set 95 15 -4530
set 9 67 -14689
set 47 48 -1452
set 165 82 -11564
set 164 34 -15025
add -2004
add 3486
add -3607
add -2015
add -3256
add 446
set 147 184 -16305
set 119 121 -7748
add -4243
set 71 37 -17772
add -4693
add 7438
set 57 126 -22258
add 3909
set 134 35 -12747
add 845
set 180 42 -1900
add -3599
add -2661
set 12 43 -6845
add 550
set 82 118 -12077
add 3944
add -324
add 730
add -2070
add -3415
add -4170
add 1854
add -2906
set 127 146 -30594
add 9091
set 124 86 -21735
add 3188
add -2522
set 5 91 -19492
set 57 101 -21016
set 67 115 -19449
set 146 93 -21125
set 182 137 -21222
set 170 57 -13416
add 2239
set 127 162 -9019
set 114 44 -6400
add -1201
set 133 161 -806
set 114 122 -13801
set 150 13 -2477
set 149 192 -4943
set 150 145 -3862
add 4945
set 107 5 -15124
add 1486
set 161 74 -13646
set 112 128 -13649
set 85 49 -13032
set 29 95 -588
add -1112
add 3384
add 3922
set 26 69 11334
add 2684
add -2746
set 189 95 2826
set 148 178 -2063
add 2670
add -3304
set 131 98 -8171
add -3328
add 4613
set 122 108 8199
set 102 99 5503
set 44 37 13151
add -3072
set 156 132 -9878
add -1601
add 2326
add -952
set 6 42 -4988
set 14 166 -8211
add 442
add -1553
add 3266
set 8 128 -7906
set 9 103 10792
add -1466
set 60 80 -9376
set 39 18 -9433
set 105 1 1987
set 70 42 -1914
add -3059
add 3162
set 195 13 7657
add -994
set 58 172 -4908
add 697
set 101 39 -9472
add 3144
add -4681
set 10 28 2108
add -150
add -3431
add -916
set 39 80 -15583
add -4294
add 4055
set 190 165 1580
set 71 87 893
set 110 96 -15949
set 151 19 -2126
set 74 148 -9608
set 132 188 2916
set 171 8 -10629
set 86 139 -8487
set 92 184 110
add 3749
add 2086
add -4787
set 36 82 -8823
set 149 104 -1267
add -2437
add 1702
add 2549
set 15 183 -537
set 120 103 -10508
set 3 65 -1609
add -4144
set 159 192 -11729
set 9 7 -16967
set 28 99 -10326
set 57 198 -7531
add 2151
set 115 184 -5990
set 76 32 -14995
add 1715
add -336
add -354
add -1039
add 1266
set 48 71 -3442
set 113 95 -4230
set 136 188 -13228
add -2315
add -3543
set 90 101 -19611
set 64 57 -12365
add 494
set 97 88 -9623
set 107 159 -18042
add 2802
add 4543
add 2299
set 107 67 -8165
set 121 96 -9559
add 3810
set 155 143 -5559
set 94 78 6082
set 191 104 3510
set 132 186 -5733
set 178 19 9332
set 34 127 13967
set 147 172 -4198
set 91 15 8128
set 152 64 9545
add 3754
set 185 98 -2052
add 1093
add -1718
set 120 113 -1342
add 1517
set 166 158 11733
set 42 77 9387
set 129 98 -1104
set 76 103 13025
add -3888
set 31 101 -4846
set 3 183 4724
add -3048
set 163 174 -8093
set 177 125 8596
add -4357
add 4844
set 166 66 11487
add -2500
set 36 121 6097
set 105 76 6433
set 179 112 6238
add 990
add -209
set 41 8 10401
add 2997
add 3808
set 62 92 2808
add 4905
add -1138
set 129 69 1551
set 115 17 9422
add -196
add -4726
set 172 60 13146
set 178 67 -3497
set 9 31 -1864
add 1396
set 100 44 3836
add 3108
set 2 137 9774
add -1112
add -2151
set 25 111 -2219
set 1 15 9642
set 110 66 14273
add 4652
set 80 150 14716
set 168 165 11168
add -2511
add -4072
set 27 70 -3528
set 132 161 4115
set 120 84 -4278
add 629
add 561
add -4491
add -3193
add 1308
set 68 18 -9466
set 57 58 5623
set 173 68 -2548
set 94 119 -8576
set 159 77 -9506
add -2844
set 154 183 -12268
add 3012
add -1579
set 11 180 3656
add 379
set 152 87 -146
add -53
add -2438
set 31 20 -6478
add -501
add -2153
set 143 17 -15588
add 150
add -782
add 922
add -2562
set 114 112 -5472
set 50 133 -17131
add 2428
set 121 11 -3966
add 3631
set 34 184 -10601
add -167
add -2708
set 63 103 3367
add 2501
add -4195
add -1415
add -260
set 92 70 -17413
add -344
add -1297
set 173 119 -710
set 93 174 -19756
add 1034
set 149 17 -3286
set 167 168 -16095
add -1566
set 158 100 -958
set 119 116 -499
set 34 3 -9240
set 64 181 -10134
add 3345
add -2990
add -1789
set 183 104 -21621
add -1187
set 162 115 -11346
add 3484
add 2476
set 111 81 -2556
set 175 45 -16997
set 72 29 -9523
add 3035
set 100 55 -1934
set 141 91 -11885
add -1005
set 159 130 -13294
add -3051
set 66 157 -17666
add 4810
add 3048
set 110 53 3094
set 34 171 5341
set 191 182 2535
add 4926
set 194 85 2037
set 3 144 -71
set 94 18 -5197
add 4862
set 30 40 18417
add -1768
set 194 180 -1953
add -2920
set 51 128 -4950
add 124
add -1689
set 26 135 -5969
add 4892
set 98 143 -1454
add 3811
set 122 6 11083
add -2848
add 1464
set 178 179 17534
add 1839
add 3832
add -4460
set 146 176 1928
set 166 53 14424
set 100 171 18929
set 86 146 19063
set 141 125 11973
add -2670
add -3121
set 169 6 15585
set 115 11 9482
add -3348
set 106 160 9567
set 15 67 -6766
add -2467
add -1884
set 127 22 -11557
add -18
set 39 153 -11268
set 130 11 -738
add 1640
add 543
add 4992
add -3462
add 4811
set 57 186 -2956
add 4088
add 692
add 3211
set 184 188 5050
add 2087
set 109 117 7033
add 626
add 2255
add 2277
set 47 48 20014
add -9285
add 3430
set 116 43 6390
add -3784
add -1890
set 172 5 623
set 126 90 12992
add -1867
set 134 13 18547
add 2281
set 61 31 7615
set 129 127 15479
add -4875
set 86 63 3748
set 59 185 4750
add 686
set 105 196 13097
add 3448
add 1428
set 147 172 3312
set 93 164 17614
add 2881
add -2759
add -31
set 46 122 3217
add -943
set 12 44 1064
add 2194
add -3732
set 55 75 10886
set 111 27 -308
set 184 144 -481
set 14 134 12936
set 39 91 5059
set 154 164 13256
set 137 57 17094
add 4609
set 120 99 19587
set 14 27 11584
set 151 14 3953
add 836
set 65 67 5202
add 936
add -4768
add 2624
set 98 71 14758
set 87 104 11725
set 47 155 4335
set 136 4 12489
add 4832
add 3106
add -7474
set 170 96 4023
add -4850
add 3698
set 40 145 18940
set 153 181 13932
set 142 86 2968
add -3763
set 29 123 9019
add -788
set 1 97 17008
set 15 102 12548
set 35 64 1549
set 33 93 -1508
add -1912
set 127 26 3707
set 187 192 6385
set 101 9 -3505
set 144 144 15341
add -2046
add 1205
set 29 87 -3959
add -268
set 56 120 -4160
add -922
add -2590
set 45 5 -8074
set 2 104 10227
add 3230
add -1186
add 597
set 104 110 10022
add -3862
set 128 24 7498
set 75 65 6966
set 137 185 3681
add -943
add 51
set 14 187 -3259
add -3791
set 126 192 3526
set 105 14 -14049
add 2647
set 35 117 -11345
set 68 21 8198
set 93 177 -5382
set 101 146 -9656
set 149 67 -11268
add -1679
add 4385
add 514
set 21 21 -7851
set 163 47 9706
set 73 115 -6521
set 60 4 10495
add -2349
add -3342
set 107 170 -13772
set 69 158 5357
set 180 157 -13686
add 3739
set 7 46 -3147
set 8 158 -2111
set 148 90 -4717
set 81 174 -10125
add -4612
set 53 175 5234
add 65
set 150 18 -14751
add -249
add -3293
add -371
add 4019
add 2346
add 2065
set 75 80 -10081
add -4202
set 123 102 456
add 1594
add 2164
set 8 110 -10304
set 96 183 -10496
add 2709
set 37 47 9502
set 65 196 9448
add 3543
add 1756
add 512
add 1063
set 12 3 18249
set 38 181 11869
add -1644
add 4183
set 30 182 1853
set 134 140 1456
add 3502
add -4665
set 104 60 12591
add -1392
set 133 112 11538
add -2490
add 612
set 171 22 -2986
set 42 35 4577
set 133 78 13638
add -3429
set 124 123 -742
set 68 112 8074
set 14 135 -5731
set 155 142 10989
set 37 65 13641
set 52 28 -5867
set 184 92 3319
add -2898
add -2181
set 137 190 -9695
add -989
add 518
set 33 48 -1483
set 108 26 1978
add -3985
set 156 18 -15959
set 30 68 1483
set 18 10 -12369
set 193 158 -293
add 884
set 140 150 -267
add 2244
add 1758
set 24 93 8763
add 1561
add -779
add -587
add -2537
add -4980
add 3194
add 1192
add 3646
add -1124
set 90 182 4367
set 124 129 3771
set 96 110 7952
set 23 111 -11267
set 48 116 8011
add -3968
add -2108
add 351
set 141 171 -1981
add 290
set 97 154 552
add -3762
set 143 151 -3655
set 153 77 -20630
set 112 161 -1456
add 3838
add 1072
set 126 127 -736
add 1017
add 3520
set 5 142 -8067
set 152 3 -10933
set 14 33 4905
set 181 90 -4955
set 179 70 1027
add 3801
add -2637
set 56 129 6921
set 83 13 6060
add -918
add 697
add -4122
set 96 189 -5376
set 58 139 -1913
add 1597
set 81 9 -12704
add -2308
set 37 131 -14734
set 67 6 2364
set 103 185 3573
set 90 114 -1849
set 153 50 -5015
set 86 29 -4115
add 960
add -2321
set 194 74 -16444
add 2738
set 6 74 -1124
add 3488
add -3983
add -2259
set 113 196 -10992
set 59 67 -16055
add -3349
set 172 111 -19782
add 1919
set 179 43 -17884
set 92 95 -9343
add 1090
add -290
add -1097
set 148 69 -17943
set 28 197 -17825
add 1850
set 6 116 3079
add 368
add -667
add -2673
add -3314
add -1912
set 179 36 -24362
add -2880
set 63 139 -22157
set 119 38 -16100
add 1107
add -4992
set 24 111 -31125
set 73 186 -31212
add 9678
add -3945
set 137 155 -5491
add -4953
set 122 87 -17959
add 7571
set 73 144 -5596
set 149 87 -5690
set 173 54 -22894
add -3950
set 68 30 -25284
set 116 118 -11024
add -4722
set 3 144 -15675
set 98 135 -17974
add 5330
add 1728
add 2912
set 178 63 -16404
add -4772
add -3566
set 194 98 -30042
set 115 39 -29775
set 21 190 -29674
add 3972
add 3052
add 4067
set 188 90 -1141
add 4757
set 6 107 -3541
set 112 74 -14059
add 4017
set 104 178 -5990
add -1224
add 607
add -711
add -2545
set 112 81 -13903
add 1999
add 151
add -474
set 4 131 -7033
add 1
add -3571
set 69 61 -9771
add 1019
add 3911
set 24 145 4715
set 123 182 892
add -2204
add -685
set 57 195 -5278
add 3663
set 153 97 6201
set 132 105 -10142
set 33 64 -6992
add -3888
add -3030
add 4610
set 44 155 -11752
set 151 51 -10183
add -4177
add -2292
add -3360
set 151 5 -22327
set 101 53 -4030
set 137 9 -22309
add -4446
set 55 125 -16975
set 188 155 -9555
add -4563
set 161 128 -31352
set 187 57 -11964
add 9760
add 4609
add -421
set 125 124 -17373
add -4602
add 1986
add -4749
set 108 86 -24655
set 63 140 -24705
set 147 115 -9493
set 173 58 -7312
add 4183
set 134 156 -8468
set 114 180 -20319
set 89 67 -5104
set 166 123 -7726
set 151 105 -20541
set 113 96 -20546
add -4974
add -2418
set 1 197 -17103
set 16 37 -18442
set 139 122 -27200
add -4463
add 8275
add -4210
set 2 185 -18574
add 1873
set 163 120 -26372
set 70 171 -16660
add -4014
add 9185
set 27 66 -1915
add -3852
add 3424
set 111 92 -2591
set 38 56 -20976
add 91
add -3933
add -2477
set 76 152 -27806
set 164 16 -25472
add 4613
set 167 26 -5141
set 105 71 -15901
set 91 131 -10074
set 31 1 -12314
add 1709
set 186 97 -2687
set 108 86 -21643
add 3286
add -3056
set 31 174 -21417
add 3132
add -4915
add 4188
add 724
set 171 73 -753
add -2614
set 79 16 -14699
set 187 3 -20768
set 24 117 -20893
add 2317
set 47 166 -18566
set 137 123 -9647
add 3554
set 22 136 -8233
add 4861
set 1 113 -4089
set 40 22 -10165
set 46 188 2114
add 2913
set 34 23 11087
set 161 105 -7332
set 195 120 -7268
set 108 114 -4812
set 177 48 -7253
set 139 88 3514
add -1653
set 178 130 10071
set 40 78 -8613
set 86 180 -8725
set 112 180 -8751
set 150 158 1660
set 59 84 1243
add 2740
set 127 23 4549
add -526
add 4103
set 112 133 12321
add 15
set 12 118 -1312
set 134 57 13579
set 60 184 10186
set 164 161 1109
set 147 84 -2650
set 27 33 13031
add -1400
add -1963
set 75 181 2076
add -2734
add 4319
add -2210
add -3623
set 181 150 1421
add 430
set 79 193 5273
add -1049
set 33 88 -10727
add -2070
add 4012
set 15 54 -8744
set 89 62 -8912
set 32 41 -8867
add -1714
set 185 21 6299
add 1469
set 191 103 -3141
set 27 79 7678
add 2441
add 2204
add -2290
set 48 173 -1527
add 2611
add 884
add 150
add -4439
add -2506
add -1253
add -2161
set 6 156 -2813
set 114 105 -13498
add 3174
add 4773
add -4324
add -3892
add -4123
set 25 20 -562
set 8 23 1339
set 65 140 -17910
set 123 49 -17344
set 159 117 -17988
set 74 22 -17891
add 3656
set 192 157 -14090
add -1089
set 40 157 -15027
set 127 183 -15273
set 183 131 -3122
add -4199
add -946
set 155 93 -20517
set 81 188 -18332
set 42 28 -20008
set 148 189 -19316
set 84 68 -20218
add 4893
set 102 20 1896
add 2780
add -1162
add 959
set 41 39 -7802
set 110 195 -8252
add -3378
set 154 17 -1877
set 24 195 -15703
set 124 168 -14676
add 3228
add 696
set 88 197 -12213
set 27 167 -11628
add 3345
set 44 19 -569
set 67 147 -1725
add -142
set 90 65 -8408
set 192 117 -9380
add -2946
add 824
set 174 13 -4710
set 177 152 6701
add -3198
add 4397
add -1361
add -4831
add -1029
set 78 178 -13356
add -1315
set 171 51 -10829
add 496
set 113 85 -12316
add -1920
set 98 152 -19963
add -2774
set 128 22 -22961
add -4792
add 1677
set 57 138 -8654
set 95 136 -20122
add -376
set 69 118 -20298
add 3397
set 38 35 -16518
set 189 12 -22924
add 1555
add -4447
set 86 69 -8441
set 74 87 -7423
set 20 177 -23330
add 1462
set 163 34 -24373
set 86 129 -14769
add -3967
add -3316
set 176 75 -11926
set 174 178 -25431
set 88 1 -23224
add 8431
set 34 167 -21792
add 3764
set 36 88 -19412
add 2176
add 1336
add -4949
set 96 93 -20945
add 714
set 187 191 -12050
add -4176
set 182 165 -5980
add 1343
set 120 189 -10806
add 1826
set 106 147 -14731
add -314
set 56 3 -9582
set 142 13 -2930
set 145 57 -2773
add 1003
add -2547
add -4774
set 72 150 -11711
add 2992
set 158 77 -24946
add 4934
add 4800
add 2036
add -2200
set 24 78 -14977
add 3325
set 87 178 -2454
set 194 28 -1791
set 44 124 -11963
add -2365
set 157 148 3622
set 73 61 -8021
set 78 151 -3258
add -1802
add -1299
set 161 159 -17318
set 111 175 -11325
add -3564
set 55 151 -20885
set 65 191 -20833
set 51 59 -20890
set 129 28 -12727
set 109 95 -5253
add 227
add 4991
set 124 79 425
set 175 37 -6365
add -525
add 4937
add 945
set 194 122 -8589
add -2207
set 103 142 -7457
set 113 16 -12049
add -1220
set 138 65 -6325
set 51 33 -7860
set 30 178 -155
set 66 12 -13507
set 30 133 -13090
add -2951
add 717
set 3 124 -14341
set 184 41 -16234
add -1886
set 73 90 -515
set 176 116 -9258
set 125 194 -252
add 2571
set 29 163 -9476
set 146 112 -7700
set 125 101 -15423
add 1491
set 151 108 -1984
set 139 181 1084
set 105 26 -2962
set 164 78 2481
set 6 134 -5954
set 41 141 596
add -4959
add -890
set 120 107 -10415
add -186
add 1510
set 148 91 -16555
set 63 144 -7061
add -714
add 1258
add -3757
set 155 176 -21739
add 1916
add -64
set 98 145 -8500
set 54 174 -19814
add 2331
set 97 123 -10396
add -2626
set 69 16 -10412
add 84
set 104 110 -1
add 3227
add -2869
add -3863
add -763
add -4801
add -2261
add 8996
set 195 121 -4390
add -1858
set 136 171 -8421
add -67
add 690
set 7 34 -15251
set 117 83 -10659
set 65 178 -22423
set 117 173 -13300
add -4604
add -4563
set 132 182 -18718
set 153 111 -32783
set 29 83 -32365
set 109 25 -32795
add 7591
add 297
set 30 81 -15235
add 653
add -2483
set 137 67 -26593
set 72 58 -12367
add -1465
add 2199
add 1600
add -4781
add -3593
add 5793
set 90 69 -21541
add -4689
set 66 72 -31380
set 140 194 -14674
add 9305
set 77 14 -22342
add -4391
add 3993
add 2225
add -3421
set 22 109 -10483
add 3762
add -1262
add -3289
add 1487
set 67 112 -16789
add -634
set 173 22 -23969
add 1522
set 13 100 -12264
add 787
add 4211
add 1935
set 117 42 2217
add 657
add 4483
add -3461
set 32 134 -3619
add -4666
set 46 39 1420
set 143 2 345
add -3484
add 2729
add -4969
add 3637
add 2692
set 89 69 -2366
add 1299
add 3581
add 3188
add -3624
set 181 69 -13204
set 192 55 2135
set 40 193 -945
set 124 167 120
add 4900
set 27 116 7121
add 3134
add -2471
add -4511
add -3243
add -1973
add -4257
add -1711
add 570
add -756
set 176 79 -14947
add 4476
add -1696
set 78 167 -7692
add -110
add -3
set 190 22 -21120
add 1367
set 180 16 -1676
set 137 28 -984
add -2982
add 736
set 148 154 -10811
set 55 187 -12135
add 479
add 579
add -107
set 147 122 -9584
add -373
add -1057
set 129 154 -4397
add 4127
add 2706
set 147 58 -9037
add -4583
set 98 129 -4014
set 192 198 -13716
set 107 130 -18655
add -3492
set 131 24 -13795
set 26 34 -12112
set 161 74 -23633
set 177 129 -9734
add 4204
set 173 78 -9010
set 44 133 -18628
add -2809
add 1884
add 240
set 16 8 -5568
set 128 195 -17577
add 1096
set 145 5 -19048
add -2593
add 69
add -943
set 108 184 -5997
add -1831
add -595
set 131 21 -5460
set 74 99 -8553
add -3834
set 50 126 -28092
add -134
add 248
add -2344
add 8696
add 2552
add 136
set 46 175 -2955
set 32 139 -6912
add 2428
set 121 148 -9906
add 4601
set 85 1 5698
set 160 114 -12276
add 537
add -4882
set 110 55 1088
add 508
set 194 173 -332
set 57 195 -4233
set 18 151 1836
set 56 79 -8066
set 49 177 -7343
set 182 93 -16445
set 181 110 -4214
add -2600
add -789
set 124 99 -3188
add -4133
add -842
add -3715
set 68 132 -28333
set 118 72 -28236
add -4730
add 9654
set 195 70 -4007
add 4499
set 128 38 -7409
add -4474
add 893
set 33 3 -4823
set 120 178 -21651
set 95 6 -13978
add -3203
add -2773
add -524
add 2105
add -599
add 1656
set 43 19 -10139
add -965
add 4647
set 24 141 -15835
set 184 39 -7898
add -3926
set 90 145 -25446
set 102 56 -18640
add 4863
set 37 122 -20001
add -86
set 96 16 -20788
set 47 65 -8848
set 102 75 -4992
set 190 140 -21556
add 4911
set 152 92 -642
add -1467
add 1673
set 54 112 -6819
set 143 37 -11180
add 592
set 165 188 -15627
add 930
set 195 120 -14755
add -4993
set 154 27 -19262
set 13 180 -8236
set 188 20 -17937
set 42 91 -6648
add -955
set 118 73 -7816
set 80 72 -20470
add 513
set 56 170 -20086
set 58 69 -14936
set 86 1 -9900
add 3849
set 160 59 -16334
set 136 79 1252
add 886
add 56
set 194 83 -10381
set 167 151 3759
set 113 47 -15246
add 299
add -245
add -2290
add 4778
set 118 73 -5011
set 39 95 -7679
set 5 101 6574
set 98 121 -12646
set 177 170 -12874
set 193 93 -12961
set 178 48 -12843
add 1468
set 122 197 -11201
add 4586
add 3035
set 105 93 -3784
add -2971
set 6 129 1542
add -3255
add 3267
add 1915
set 4 61 2948
set 39 138 3108
add -3751
set 26 131 -8283
set 89 152 -8402
add 2745
set 32 167 -4343
add 1139
add 3949
set 149 13 15336
add -2422
add -2233
add 1149
add -2455
set 147 33 2401
set 164 10 5488
add 3431
set 118 116 14337
add -1451
set 47 107 7852
set 91 94 7429
set 14 118 -3436
add 3180
add 3121
set 95 17 19642
set 163 144 1692
add -542
add 536
set 132 27 1817
set 9 40 1824
add -2163
set 160 76 7661
add 26
set 36 148 10832
add 3888
add -3065
add -1879
add -2845
add 4992
set 108 29 1096
set 117 57 15359
add 700
add -588
set 65 77 668
add -66
set 127 96 511
set 142 26 16302
add -4124
add 4074
set 153 16 986
add -1927
set 64 153 -1182
set 20 76 14560
set 155 114 -1149
add -2232
set 48 22 -3617
add 987
add -675
add 1505
add -3021
set 22 116 10326
set 167 60 12108
add -1306
set 2 162 5415
add 2760
add 568
add -835
set 149 30 -2861
add -79
set 163 81 13162
set 55 129 5052
set 167 32 -3783
set 13 163 2178
set 122 48 14089
set 102 150 10977
add 2909
add 4723
set 83 178 14048
set 167 47 15737
add -1013
set 82 1 10637
set 150 121 10487
add 833
add 4984
set 104 19 27427
add -4103
set 92 26 12747
set 144 131 14171
add 542
set 101 41 5095
set 65 63 21430
set 95 62 5113
set 135 67 5254
add 2226
add 1969
add 704
add -7697
add -1547
set 135 109 931
add -2293
set 131 198 9484
set 149 79 17368
add -3643
set 12 171 6625
set 136 12 9704
add 154
set 184 182 7815
add -1019
set 146 195 -5137
add 892
set 120 182 5836
set 184 166 -5207
add -3780
set 127 87 10471
add 4434
add 27
set 95 168 1677
set 70 70 -3746
add 4622
set 34 100 8294
set 137 95 16749
add -48
add 1416
add 3865
set 79 80 5467
add 4120
add 4312
add -5672
set 165 177 19367
set 61 1 16524
set 153 48 8235
add -3785
set 127 176 4354
add 858
add -431
set 1 111 13285
add 3827
set 115 167 18817
add 3816
add -9325
add 37
add -444
add -3821
add 404
add 3064
add -718
set 180 187 13490
set 161 151 18954
add -4362
add -191
add -4147
set 161 39 -6934
set 43 110 9698
add 3274
add -895
add 1144
add -776
add -1805
add -1396
set 192 59 -7501
add -11
add -2073
add -969
add 466
add -446
set 44 174 -10511
add 4649
add -2074
set 61 172 -7304
add -277
add 89
set 82 192 3318
add 3600
add 4601
add -883
add 1076
set 53 161 13776
set 34 67 622
add 3111
set 106 99 21607
add 1671
set 36 102 15058
set 194 156 15965
set 66 25 5051
set 44 196 18037
set 178 113 5159
set 194 13 12493
set 169 6 18363
add 3219
add -4667
set 144 16 15492
set 171 149 3509
add 2711
add 508
add -1472
add -4516
add -772
set 163 69 214
add 792
set 137 131 14152
add 3385
add 4220
add 959
set 105 112 21824
set 78 35 9752
set 107 127 19624
add -1613
add 1875
add -3860
set 88 161 7519
set 147 171 13689
set 25 195 6478
add 1797
add 703
add 3770
set 122 163 12123
set 193 124 11957
add -5304
add 3079
set 195 118 22867
add -3592
add -4175
set 46 17 7599
add 3680
set 188 189 12135
set 193 92 18797
add 3911
add -4121
add -3741
set 80 138 7270
add 1884
set 13 55 16664
add 3054
set 120 25 6711
add -2553
add 3214
add -2793
set 168 16 7140
set 70 188 20481
add 2710
add -4486
add 3130
set 65 42 23231
add 2398
add -153
set 118 134 18036
set 105 116 23689
add 945
add -2791
add -2398
set 66 185 9182
add -2036
add -1688
set 133 27 499
set 149 17 9098
set 175 41 134
set 6 41 1713
add 960
add -3083
add 2737
set 21 187 14889
add -1763
add 4643
add -4333
set 25 141 6652
add -4493
set 195 188 -5037
add 3498
add 573
add 2182
add -4465
add -3928
set 121 95 5517
add 811
set 46 179 6145
add 1926
set 145 192 7985
set 92 81 4969
set 110 133 -3677
set 113 146 2703
set 94 94 4457
add 1248
set 167 126 1976
add 4141
add -2562
add -4700
add -62
add -3487
add 4041
set 133 45 -5906
add -4703
add -4351
add -1326
set 2 132 -11190
set 41 93 -16181
add 3491
add 923
set 178 53 4126
set 17 10 -8348
set 98 72 -11600
add -395
add -566
set 121 20 4740
set 113 10 3838
set 42 195 -735
add -3368
add 1685
set 92 174 -14509
add -2532
set 10 194 -15276
add -961
add 645
set 42 15 -9982
add -1579
set 124 128 -18948
set 126 4 -3135
set 62 188 -18415
add -3294
set 10 54 -22042
set 48 13 -4865
set 122 135 -20840
add 4139
add -2104
set 125 153 -12225
set 127 23 -6756
set 191 87 -1057
set 116 74 -20147
add 2885
add 912
add -308
set 23 101 -16570
set 147 110 80
set 90 19 -446
add 1597
add 2745
set 148 196 1188
add -706
set 119 167 -5231
add -4625
set 94 131 -8524
set 168 5 -17745
add -2859
add 2686
set 116 63 -11575
set 83 130 -17390
add 995
add -148
set 156 166 -17050
add -64
add 1629
add -921
add 3011
add 3337
set 169 171 8973
add -2151
add -2169
set 135 151 4536
set 16 108 -4096
set 161 4 3377
set 124 129 -2649
set 21 161 -9036
set 87 123 813
set 32 13 4793
set 183 106 4819
add -3034
add 1655
set 98 136 -10476
add -1871
add 4927
add -2277
set 174 4 -5247
add -1499
set 151 10 -283
add -2400
add -2786
set 114 198 -15201
set 182 84 -21680
set 125 23 -2269
set 177 108 -21572
add 2651
set 110 10 -7893
set 50 77 -12014
set 114 36 -18775
add -1460
set 49 158 -14891
add 2618
set 74 31 -5653
add -2386
set 17 58 -19620
add 809
add 3471
set 83 159 -12173
set 55 58 -392
add -4320
add 2936
add 2869
add 2504
add 4560
set 64 73 7271
set 59 171 12136
add -4613
set 123 188 -3265
set 162 76 2352
add -2111
add 4346
set 96 68 -9489
set 12 187 2868
set 1 138 9320
add -2867
add -458
add 3792
set 130 147 5736
set 174 30 -2808
set 11 100 -2092
set 188 182 4393
add 2215
set 70 139 10332
set 66 14 -7037
set 88 6 7468
add 1199
set 116 43 -5840
set 143 43 -5867
add 1246
add 478
set 43 128 -4086
set 132 166 -4160
set 192 187 7228
add 1172
add 4557
add 2635
set 97 89 4285
set 102 67 10253
add -1407
set 9 154 18338
add 4248
set 155 139 26226
add 2235
set 9 55 26756
add -2113
add 3544
set 12 46 18502
add -8443
add 4401
add 3681
set 79 48 25658
set 162 119 17196
add -8504
set 150 108 8304
add 2707
add 1474
set 52 16 8789
add 1452
set 164 22 7426
add 3544
set 69 90 29401
set 99 4 17556
add -7587
add 3059
set 113 179 16705
add 2205
set 74 18 8713
set 195 196 18847
set 30 16 20833
add 2279
set 7 36 20118
add -6088
add 989
set 156 23 22016
add 4135
add -8207
add -1298
set 18 155 1254
set 135 35 17848
set 61 136 12567
add 1733
set 9 50 18917
set 3 135 8600
add -169
set 59 196 9503
set 188 97 10617
add -4556
add -861
set 141 89 -3306
add -1107
set 22 78 -4069
set 188 187 9738
set 67 100 1394
add 3788
add 3886
set 79 150 17700
add -2355
set 19 173 10759
add -970
set 135 99 7334
add 3346
set 65 53 11359
set 89 82 3451
add -2164
set 10 99 18850
add -881
set 92 59 330
add 3519
add 2044
add 3176
set 98 72 9209
set 98 68 9213
set 84 74 9024
add -4808
set 59 93 4216
set 162 179 5893
add 2682
set 36 197 7142
set 67 76 14914
add -1161
add 4593
add -9414
add 2501
set 108 145 19525
add -4804
set 51 190 5107
set 13 119 5433
set 14 128 -1369
set 24 10 10814
set 166 147 17459
set 173 8 10836
set 159 195 1978
set 118 172 -941
set 93 129 6537
set 62 82 -1191
add -3577
add 3725
set 166 86 -1312
set 170 18 -1407
add -4192
set 19 56 -4757
set 137 6 8111
add 3944
add 887
set 192 141 13584
set 147 180 -495
add -1699
add 252
add 4002
set 149 156 8263
add -1739
set 4 75 3396
add 4369
set 70 108 20788
set 176 163 4531
add 1824
add -1519
set 86 137 4802
set 134 38 10700
set 53 45 4883
set 8 8 19240
add 4071
add 2611
add -8135
add 3476
add 1688
set 104 143 8745
add -2268
add -3384
set 99 102 21654
set 97 75 22854
set 108 78 17180
add -3015
add 1943
add 1302
add -3813
set 15 178 13564
set 69 61 18263
set 100 193 -637
set 29 25 -630
set 53 136 10293
set 179 126 -234
add -2240
add 3306
add 4582
set 42 5 5010
add 3274
set 158 129 14201
set 134 111 8243
add 973
set 44 73 27115
set 53 130 15629
set 195 131 19611
add 4497
add -6206
add -738
add 1792
add -2164
set 168 25 6307
set 43 4 14799
set 18 1 12303
set 128 147 22015
set 142 24 23347
set 190 39 25086
add 3296
set 131 37 23936
add 3100
add -7322
set 67 171 11345
set 102 61 20449
set 110 72 5689
add -4811
set 2 98 18291
set 158 104 19413
set 179 127 16063
add -4291
add -2683
add -1885
add 1569
set 145 100 12247
add -2887
add -4401
set 179 73 -2916
set 109 15 4394
add -4565
add -3354
set 159 71 -2427
set 103 59 -21758
set 190 32 -21907
add 296
add -400
add 1524
add -149
set 188 130 -15479
set 18 64 -11615
set 46 118 -14201
add 771
set 139 51 -13877
add 2404
set 39 48 -12478
set 49 154 -7128
set 5 59 -1572
add 3170
set 190 197 -14086
add 659
add 2049
set 36 116 7302
add -2653
set 22 119 -6071
set 90 167 3150
set 83 31 -3448
set 162 175 -841
set 180 91 -13922
set 10 141 -6036
add 1080
add -2966
add 4288
set 120 18 -11837
add 4132
set 171 134 -7353
set 23 176 -7570
set 132 74 -7635
add 794
add 278
add 2906
set 20 9 2465
set 135 88 9855
add 179
add -1551
add -4919
add 2336
add 4243
set 22 63 8502
set 184 73 9488
set 100 54 -3303
set 125 139 14256
add 3590
add 376
add 2036
set 62 2 2980
add 2827
add 3001
add 2144
set 173 4 27490
set 76 4 30285
set 65 128 10620
add -8457
set 149 191 12420
add 586
add 4404
set 77 45 7155
add 2499
set 70 159 10222
set 149 167 17268
add 93
set 64 166 9761
set 179 13 25609
add 2301
set 19 72 12343
set 59 164 25999
add -7800
set 51 181 15790
set 105 115 7780
add -4343
set 73 190 13791
set 102 72 117
add -3315
add -3673
set 187 157 -6950
set 158 177 1465
set 52 77 10006
set 178 148 4008
add -2573
add 3581
set 111 126 4386
add -5
set 155 58 11268
set 14 90 -5047
set 27 105 2596
set 26 142 -5258
set 120 40 6425
set 7 46 3893
set 82 86 -6038
set 1 37 1108
add -4172
set 7 6 -8229
set 122 146 -10015
add -1259
add -3357
add 3366
add 3967
add -3813
set 8 125 -10402
add -110
set 91 75 6563
add -1750
set 183 109 -966
add 4192
set 148 61 7386
add -2695
add -1869
add 3305
add -4731
add 329
set 24 126 -8471
set 11 81 -14260
set 164 88 -2568
set 152 24 -9637
set 194 188 -14647
add 1251
set 17 80 -4998
add -4947
set 142 116 561
set 146 109 -18261
set 91 14 -18406
set 73 39 -18196
set 92 57 -1166
set 140 90 -7471
set 47 104 -18321
add -2072
set 111 118 -3088
add -3855
add -3432
set 190 2 -19736
set 184 158 -13888
add -2182
set 98 198 -15163
add 2950
add 2425
add 2112
add 695
add -2045
add 3502
set 47 134 -8809
set 32 1 -10093
add 3239
set 19 148 -3069
add -196
add 1504
set 66 100 3197
set 157 101 -15775
set 19 12 -13228
set 2 137 3356
set 144 189 -1598
set 55 54 -15634
set 164 128 -15829
add 1013
add 4599
add -1386
add 1829
add 4673
set 136 123 14127
add 3210
add 194
add 2858
set 9 136 10463
add -696
add 4469
set 124 65 22862
set 125 167 14987
add -97
add 1222
set 40 131 6427
set 136 69 6337
add -3149
set 124 46 19600
add -367
add 2643
set 21 198 11527
add -2154
add -2571
set 85 118 10655
set 163 183 560
set 146 72 730
set 184 172 976
add 2673
set 117 62 3173
add -1048
add -4526
set 82 110 15247
set 172 141 15540
set 20 189 10887
add -2408
set 182 38 -4680
add 4373
add -3853
add 535
set 72 104 -3665
set 184 101 -3766
set 87 145 -2963
set 157 194 5174
add 3571
add -941
add -3556
set 80 21 11829
add 1473
add 297
add 828
set 165 141 10131
add 4984
add 844
set 24 63 9075
set 191 147 21479
set 173 114 13825
add 2284
set 149 165 24843
add 676
add -2105
set 141 165 20251
set 188 78 22879
add -1101
add 2691
add -658
add 4360
set 109 84 9933
set 175 173 18908
add -548
set 42 75 9608
set 172 6 21520
add -3218
add -2796
add -3154
set 84 126 14879
add 1745
set 85 77 1983
add -4674
set 137 103 10696
add 2489
set 179 139 11693
set 154 62 -300
set 49 9 -177
add -1387
set 169 186 -1675
set 12 138 -1517
set 185 132 -1606
set 113 157 -1381
set 120 8 8832
add -3129
add -429
set 70 54 -5067
set 104 62 -5195
set 115 193 -5133
set 94 75 11756
set 133 164 1150
add -2708
add -2660
add -1685
add 1999
set 180 86 -10256
add 2996
add 2751
add 4338
add 1987
set 100 110 11068
set 119 96 1808
add -3702
set 24 128 -1791
set 181 119 12464
add -1358
add 293
set 161 28 6736
add -1577
add -1918
add -882
add 3539
set 135 67 -3632
add -1418
set 171 81 6682
add -1610
add 3372
add -4088
add 1401
set 52 148 534
add 1123
set 183 198 1963
set 74 21 5412
set 154 124 -5049
set 89 183 -4881
set 45 66 2563
set 184 23 130
add 1909
set 11 178 9530
set 32 10 -2699
set 83 125 -1287
add 1163
add -4530
add -616
set 143 90 6605
add -4076
set 89 82 -10951
add 402
add 4845
set 141 51 12235
add -2039
add -2731
add -2876
set 102 183 -13443
add -1875
add -281
set 99 195 -13680
add 162
set 56 20 -15127
set 47 183 2541
add -4474
set 144 99 -2071
add -407
add 2582
add 2623
set 124 166 -15218
set 63 139 -5913
set 125 192 -1315
set 135 147 -15002
add -4742
add 1174
add -2288
add 1978
set 8 186 -18976
add 1898
add -909
set 111 58 -9810
set 92 64 -6767
set 131 142 -12048
set 130 84 -18104
add 3730
set 92 117 -14378
set 16 61 -2749
add -1259
set 6 98 -2746
add 3512
add -1483
set 125 153 -4005
set 185 116 -5452
add -1347
set 153 178 -9230
add 3830
set 49 181 7872
set 112 128 -11127
add -714
add 3126
add 1450
add -431
add -2461
add -1394
set 190 63 -2257
set 61 119 1182
set 132 180 -11351
add -4242
add -3782
set 87 8 -3198
add -4977
set 10 157 -24193
set 164 134 -6478
add -207
add 2185
add 4181
set 173 80 -18406
add -300
add 431
set 163 127 -10430
add 4859
add -1433
add -1420
add 565
add 1367
set 190 57 3105
set 98 128 -14310
add 1830
set 107 107 5250
set 120 82 -8032
set 31 33 2497
set 18 14 -11995
add 2570
add -2986
set 59 123 -1418
set 157 131 1080
set 79 7 -12820
add 1415
add 2514
set 184 138 -1576
add -1994
set 178 92 2386
add 1603
add 1832
add 3318
set 89 91 -729
set 93 37 6993
set 17 86 -3716
set 35 61 14256
set 10 136 9053
set 21 112 9575
add -1668
set 71 98 -5850
set 15 43 11136
add 3632
add -3583
add -3712
set 33 124 -9479
add -1488
set 80 162 7540
add 2963
add 2455
add 1682
set 141 49 13666
add -2875
add -803
set 14 7 -7366
set 60 102 6473
set 93 158 11955
add 3952
add 360
set 64 149 -3247
set 83 157 -3021
set 146 78 6834
add 3854
set 73 154 14042
add -1944
set 123 70 12549
add -1236
add 2531
set 53 87 16192
add 2406
add 3416
add -4816
set 17 164 1732
set 115 46 7030
set 97 74 971
set 142 162 9847
add -3113
set 32 20 3451
set 55 33 5507
set 4 178 10022
set 16 13 17628
add -1999
set 136 198 1059
set 159 49 1500
add -2226
add -1631
set 107 131 11358
set 20 49 -6100
set 19 169 -2848
add 79
set 71 32 -7902
set 93 175 5896
add -4260
add 1334
add -4848
add -2144
add 4365
add -4063
set 107 75 1834
add 3208
add -1442
set 109 135 -600
set 143 14 -15872
set 189 27 -13316
add 870
add 3297
set 95 103 5609
set 7 42 -5015
add -4376
set 121 189 2793
add -4416
set 193 90 -11094
set 115 155 -14044
add 3625
add -1472
add -1440
set 74 55 -11403
add 3539
set 101 193 -16133
set 37 53 108
set 168 155 -9108
add -452
set 170 158 1485
set 124 175 -5662
set 3 99 -16182
set 118 57 -2106
add 1473
set 116 188 -13422
set 156 27 -14654
add -3435
set 5 105 -9624
set 26 83 -18186
add -1794
set 75 185 -1356
set 107 189 -2101
set 40 6 -3607
set 142 87 -5702
add 974
add 1337
set 145 136 -3068
add 815
add -89
set 142 48 -17280
set 48 162 -16667
set 137 21 -2752
set 157 10 -227
add 1938
set 88 124 -15423
add 2872
add 1309
set 69 36 7176
add -4360
set 33 153 -15329
add -1092
set 95 23 -190
add 685
set 84 98 -16001
add -4918
add -522
set 117 178 -4869
set 85 54 -21355
set 7 188 -2379
add -2530
set 91 72 -23726
set 35 145 -15334
set 140 80 -23978
add 2375
set 170 137 -21715
set 173 90 -7677
set 10 101 -21474
add 4620
add -4390
set 158 190 -21291
set 153 43 -21391
add 3887
add -4532
add 2084
add 2046
set 164 161 -14160
add -4310
add 874
add 1559
add -3677
set 32 106 -22402
add -4988
add -1674
add 5473
set 191 28 -14342
set 162 151 -4934
add 2463
set 183 61 -6785
set 112 44 -8606
set 170 13 -5705
set 58 89 -13638
add -1802
add -4821
add -2321
add 5201
add 2011
add 922
set 74 35 -22613
set 85 70 -22290
set 123 146 -22713
add 607
set 184 58 -13355
add -2251
add 4273
add 193
set 100 95 -6540
set 17 141 -7365
set 27 83 -19740
set 118 139 -11272
add -4395
set 127 148 -6360
set 96 78 -9520
add -2319
add -2803
add -497
add 6106
set 21 62 -24001
add -4007
set 185 44 -19041
set 194 8 -21982
add 4620
add -1869
set 182 122 -6513
add 1674
set 131 23 -6245
set 95 157 -23392
set 192 87 -18297
add -1695
set 154 76 -7334
set 104 74 -25301
add 3588
add 1637
add -224
add -1969
set 78 162 -15130
set 177 16 -14894
set 83 1 -9536
set 192 13 -9243
add -1046
set 168 50 -23304
set 90 27 -23050
set 26 136 -17205
add -74
add -2852
set 71 94 -10155
set 86 34 -10108
set 137 22 -26332
add 4561
add 1883
set 186 117 -19949
add -1459
set 27 191 -4776
add 2451
set 5 191 -2608
add 4393
set 4 17 3145
add -3086
add 631
add -601
add 1941
set 55 110 -4479
set 119 160 -15309
add 3154
add -4327
set 17 122 -7132
set 91 188 -14601
set 161 23 -5919
add 1178
add -4018
add -3668
add -1657
set 91 143 -24688
add 232
add 4128
set 1 185 -4170
add -3172
set 73 138 -6039
set 95 34 -23579
set 194 130 -21893
set 107 99 -12458
add -3884
add -3836
add 5969
set 14 93 -6873
add -1454
add -4535
add 8813
set 194 22 -22752
set 30 77 -7788
set 100 83 -9485
add -3630
set 63 66 -17654
add -4615
set 45 127 -15229
add 5959
add -191
add 701
set 167 155 -21333
add -3049
add 2877
add -1673
add 3034
set 123 198 -4853
set 37 181 -13325
add -1678
add -4762
add 4826
add 3943
set 41 14 -20856
set 20 122 -10179
set 176 135 -8738
set 114 20 -19505
add 4997
add 4483
add -2121
set 118 58 4221
set 112 31 2465
set 136 161 882
set 176 5 -13621
add -2094
add -1512
set 116 72 -16922
add -369
set 78 99 1841
set 133 164 -12372
add 3198
set 120 100 5029
set 176 53 1915
add -2606
add 4217
set 137 30 -6663
add 4852
set 127 197 -7644
set 52 120 -7398
add 4670
add -1571
set 26 113 -4514
set 89 6 3784
add 3969
add -17
set 75 151 6093
set 107 113 7162
add -994
set 130 84 -1814
set 110 148 11534
set 133 27 -1538
set 4 76 16168
set 55 110 15416
add -1652
add 4863
add 78
add 4220
set 55 134 7937
add -3986
set 98 25 1718
set 157 77 1679
set 2 40 17304
add 4198
set 176 169 23359
set 56 91 10434
add 478
set 184 109 11454
set 65 138 20396
add -2201
set 56 156 14667
set 99 109 4386
set 152 45 4152
add 1111
add -1383
set 67 84 13490
add 4597
set 86 175 21823
set 178 106 13877
add 3195
add -9346
set 110 54 2440
set 104 109 2555
add 2676
add -2480
set 22 126 17520
add 2536
set 37 23 24937
add 4369
add 2099
set 42 7 11777
set 86 107 16800
set 183 182 18979
set 47 144 23680
add -8533
set 76 95 10535
add -1865
add -3627
add -270
set 135 19 3252
set 165 69 -2546
add -2872
set 137 170 -5542
add 4954
add -10
set 173 175 12003
set 52 7 -456
add -4250
add 4201
add 1871
set 177 23 8698
add 3566
set 122 147 21646
set 37 139 23297
set 183 5 4652
add 3031
set 2 17 27759
set 90 183 7868
add -3072
set 57 166 4746
set 58 108 11152
set 84 59 4809
set 63 73 16410
add -1928
add 3495
add 954
add 277
set 36 56 8211
add -489
set 16 187 14588
set 151 149 6958
set 127 144 18259
add -4758
add -2543
set 114 28 5116
set 103 119 579
add -2697
add 1745
set 33 49 18736
set 124 125 -931
add 2676
add -4284
add 667
set 173 1 17525
add -1872
add -893
set 148 48 -4880
add -271
add 4461
set 32 150 40
set 40 167 15153
set 191 198 4826
set 169 29 -351
add -3388
add 2496
add 1314
set 57 100 9847
set 87 138 19528
add 383
add 1922
add -408
add -861
set 182 40 19017
set 2 134 11919
set 39 121 17225
set 2 70 18377
add 2634
set 162 151 22379
set 46 92 19866
add 3599
add 733
add 965
add 3728
add -5520
set 38 23 19477
set 142 175 18908
set 68 148 20728
add 4947
add -9048
set 124 160 2985
add 3433
add 441
add 2441
add -1582
add 1971
add -1923
add -1907
set 104 120 13886
add -775
add -403
set 51 183 5830
set 5 146 4997
set 174 87 20345
add 1974
add -4010
set 111 137 2339
add 1014
set 112 153 23247
add -1850
set 94 9 1564
add 3007
add -867
set 71 45 3731
set 48 6 19186
set 48 21 18735
set 29 166 20173
add 4369
set 82 151 20523
set 18 194 15124
set 44 62 8105
set 181 158 25051
add -1432
set 180 160 19608
set 88 19 20774
set 1 122 16750
set 87 95 16989
set 46 98 6678
add -1813
add -305
add -4346
add 1768
add -1663
set 162 26 9392
set 178 9 198
add 1403
set 123 44 13564
set 145 161 20600
set 114 30 11112
add -3358
add -1813
add 3870
add -4006
add 640
set 90 6 3940
set 24 74 -2225
set 18 53 8613
add -3754
set 57 148 8393
add 3962
set 107 187 11248
add 2239
add -905
set 125 192 9401
add 3201
add 1491
add 4245
set 60 11 19913
set 25 130 15758
add -113
add 4053
set 192 92 23647
set 46 154 24074
add -5004
set 186 23 22586
add -2051
set 142 159 13906
set 113 109 4548
add 2137
set 36 47 23462
set 35 177 16886
add 1094
add -1933
set 137 128 5627
set 50 158 14445
add 3899
set 89 161 11296
set 80 53 24150
add 4056
set 192 94 27040
set 141 123 25279
set 9 109 25134
add -6609
set 3 177 24578
add -4807
add 3664
set 147 183 5918
set 146 13 17760
set 123 183 5942
add 2659
add 3114
add -5206
set 21 63 9179
set 21 170 6611
set 110 24 26087
add 1563
set 170 194 21652
add 2761
add -9540
add -4996
add 4057
add -3994
add 3246
set 34 78 -117
set 73 193 14323
set 121 22 -496
set 28 16 12419
set 29 33 6334
add 3620
set 145 71 22171
set 100 39 3338
set 38 35 18889
add -1942
set 174 48 1265
add 4469
set 105 59 5778
add 2601
set 68 171 20726
add -3823
add -574
set 102 56 23247
set 22 141 12960
set 35 88 4010
add -3993
set 7 59 3768
add -1084
set 30 34 -403
set 162 39 -1070
add -476
add 2756
set 14 97 18768
add 682
add 3967
set 56 29 15572
set 24 150 6554
add 2635
add -1549
add 1576
add -4
set 192 169 24060
set 1 50 24076
set 117 186 8394
set 26 186 8485
add 4866
set 66 196 26669
set 154 80 13252
set 177 13 19436
add -8569
add -4059
add -1540
set 70 73 12206
add -4814
set 18 94 -4524
set 42 173 13164
set 185 189 10956
set 107 94 1647
add -111
set 160 87 3896
set 78 108 3572
set 74 70 -5128
set 93 118 1775
add 719
set 147 62 -5171
add 2512
add -4272
set 79 13 2635
set 53 50 8081
set 122 30 7624
add 635
add 921
set 53 195 4197
add 4741
set 133 142 12564
set 179 198 6765
add -2136
add -3100
add -4530
add 4521
set 108 142 6980
add -2988
set 94 110 1839
add -3713
set 5 67 -9469
set 149 76 -545
add -4759
set 124 154 1244
add -3250
set 104 37 -11516
add 414
set 116 5 -20130
add -4122
add 886
set 113 38 -8755
add -1986
add -793
set 84 34 -12906
add 3656
add 3550
set 186 55 -8005
set 194 67 -18850
add -1028
set 74 106 -1625
set 33 155 -19245
set 115 105 -19937
set 39 81 -7963
set 50 193 -4983
set 44 180 -19681
set 11 116 -17974
set 103 174 -19980
set 42 90 -18165
set 92 142 -893
set 177 173 -10360
add -1886
add -3868
set 131 47 -25538
add 4760
add -1608
add 2602
set 43 45 -19886
set 142 137 -20033
set 2 8 -14074
add 1502
set 3 144 -11570
set 168 9 -18513
add 4039
set 55 181 -2971
set 94 35 -14063
set 175 136 -4486
set 165 168 -11800
add -975
set 165 140 -15490
set 128 127 -4827
add -4746
add -2076
set 23 123 -16654
set 174 61 -12952
add 4113
set 176 79 -2375
add 3248
add 2403
add -713
add 4493
add -1297
set 184 48 -9920
add -2171
add -3460
set 33 47 -1348
add -2640
set 73 81 -10181
set 83 184 -1047
add -534
set 117 10 -12483
add -1182
add 1782
add -659
add 4733
set 162 8 -3693
add 2022
add 1515
set 65 103 -3704
add -4721
add 3760
set 88 30 -10694
add 898
add 4663
add -1961
set 24 10 9901
add -1540
add -3225
set 5 143 -2215
add 2522
set 89 124 -10158
add 796
add 2582
add 3913
set 74 18 -2877
add -1425
set 101 161 -3829
add -2185
set 186 61 5272
set 112 22 -6501
add 4454
add 4514
add -3264
add 232
set 98 175 14477
set 158 136 17146
add 1604
set 101 84 1080
add -1829
set 31 90 6707
add -2131
add 4957
add 4540
add -1176
add 2132
add -70
set 139 153 21047
set 107 144 16551
set 33 197 7795
add 775
add -2472
add 4376
set 173 156 30005
set 23 93 21946
add -8501
set 36 198 13634
add 2805
add 2661
add -537
set 72 16 9057
set 74 109 6808
set 64 193 15205
set 85 133 18448
set 115 23 12565
add -1397
set 104 54 5272
set 42 114 11254
add -1914
add -505
set 167 196 8074
set 19 129 12262
set 151 169 14515
add -3419
add -2109
set 130 108 13349
add -995
set 53 27 5322
set 26 5 -3672
set 91 158 7013
set 49 70 -3020
set 17 149 9002
add -4559
add 2171
set 97 6 13708
add -2108
set 170 58 7245
set 132 65 3228
set 32 184 -6989
set 99 154 8484
add -2121
add -3809
set 66 46 -6868
set 179 196 -3156
add -289
add 3797
set 164 194 -3888
set 190 19 6814
add -3547
add -1776
set 92 48 -9194
set 18 99 -9096
set 20 87 -15588
add -1793
add -893
add -753
add 4691
add 2890
add -2485
set 116 102 -600
add 226
add 4504
add -3512
set 94 94 2987
add -1985
add -4337
add -2446
set 34 137 -21854
add 2324
add -962
add 554
add -565
add -3754
add -3830
add -1599
set 101 123 -16315
set 160 38 -11275
set 146 134 -18057
add -2061
set 72 70 -31070
add 6047
add 1147
set 25 190 -24316
set 111 151 -6712
add 925
set 150 149 -23698
add -1520
set 38 99 -6968
add -914
add 717
add 1331
set 46 190 -23798
add 222
set 8 7 -23577
add -1754
add -1964
add 2143
add -1567
add 886
add -49
set 152 37 -12245
set 23 47 -11487
set 179 160 -20772
add -1113
add -4712
add 7600
add 1060
add -2218
set 22 122 -15041
set 168 176 -25572
add -2105
set 174 115 -27183
add 2543
set 184 147 -7608
set 76 92 -8263
set 146 6 -7752
add -553
set 165 171 -7319
set 18 167 -24773
set 164 183 -25593
add -1709
add -518
set 66 120 -27401
add -1767
set 60 49 -16226
set 12 61 -16567
set 179 105 -29665
add 4912
set 136 73 -7653
set 136 184 -15056
set 181 120 -24657
set 184 81 -16946
add 974
set 125 129 -18077
add 2839
set 118 118 -9421
set 144 23 -9382
set 79 99 -6088
add -2281
set 107 32 -23141
add 3447
add -2917
set 182 82 -22245
add -4606
add -875
set 132 14 -28165
add 102
set 13 72 -27688
set 65 91 -26968
add -2352
add 5913
set 121 156 -19066
add -1564
set 142 86 -26010
set 18 164 -25214
add -4971
set 152 124 -31057
set 57 51 -30584
add 9026
set 150 35 -2280
set 32 75 -21726
add -1424
add 4482
set 120 46 -8293
add 4532
add 4822
set 19 53 7814
set 125 62 -9595
add 895
set 150 51 -1888
set 7 190 -8380
add -189
set 191 72 -31
set 149 44 88
add 1692
set 94 51 3263
set 32 93 -7069
set 164 137 -7262
add -1407
add 1666
set 140 84 -6921
add -2880
add 1806
set 149 157 -7771
set 68 56 -7286
add 4081
set 136 50 433
add -3698
set 180 44 10213
set 181 145 -1211
add -2793
set 75 130 -9915
add -4878
set 18 113 -3380
set 130 1 -8406
add -540
add -118
set 47 161 -1264
set 74 127 -9208
add -683
set 45 162 -15904
set 4 71 -13360
add -1654
set 42 153 -17991
add -348
add 2415
set 31 123 -2589
set 20 47 654
set 43 7 -15983
set 77 149 -16160
add -4223
set 135 189 -14503
set 19 190 -20143
set 127 154 -14538
add 1280
set 57 5 -19089
add -423
set 27 63 -1209
set 164 110 -2948
add 422
add -3075
add -31
add -1366
add -1753
add -1853
set 111 170 -27130
set 178 46 -7738
add 3397
set 111 139 -17286
set 170 34 -23749
set 92 145 -14736
set 85 131 -10680
add 436
set 112 114 -14672
add 1681
set 1 98 -8654
set 182 148 -14394
set 8 28 -5287
add -4411
set 134 169 -8982
add 512
add 3465
set 68 5 -22099
set 166 105 -22168
set 113 33 -2625
add 2302
set 9 3 -10129
add 898
set 84 56 -18260
add -4838
set 122 26 -5466
set 109 90 -5202
set 158 76 -11154
set 189 10 -10981
add -1132
add 3543
set 57 143 -21105
add 4960
add 781
add 2567
set 171 111 -13070
set 175 133 2778
add -4717
add 4460
set 9 33 -11904
add -3204
add -4722
set 106 113 -11837
add -2255
add -4393
add 2347
set 51 157 -25234
set 152 29 -14801
set 195 191 -14658
add 403
add 4755
add 890
add -4648
set 116 121 -23909
set 138 71 -15661
add -330
add -2729
set 19 197 -13201
set 124 116 -20745
set 186 106 -15628
set 18 193 -13753
add -1045
add -1212
add -4613
set 76 170 -33947
set 110 196 -31089
set 80 113 -33871
set 44 140 -34047
set 161 104 -31894
set 141 191 -14387
set 28 66 -14554
add 6355
add 3088
add 2059
add -2177
add 809
add -4845
set 103 18 -28813
set 156 154 -10994
set 102 79 -19165
set 193 191 -16742
set 128 81 -11507
set 38 52 -13939
set 133 19 -13710
add 2209
add -705
set 145 45 -27307
set 81 177 -8003
add -3193
set 129 60 -24018
add 8054
add 1290
set 85 27 -20807
set 79 185 -6691
add -4878
add -4244
set 6 70 -14688
add 8454
set 189 37 -12355
set 100 86 -21732
add -4760
set 14 73 -15379
add -2761
add -3969
add 8659
set 154 187 -9940
add -4679
add 161
add 3638
add 1760
set 191 85 -15538
set 153 50 -8471
set 77 191 -23545
add 534
add 102
add -616
set 68 15 -13451
add 2804
add -2928
set 36 147 -7672
set 61 143 -23593
set 131 198 -4931
set 171 76 -13400
set 155 134 -4553
add -4848
set 13 26 -21101
set 80 9 -28666
add -4269
set 47 145 -19043
add 6679
add -2082
set 89 110 -14135
add -1512
add 4003
add -1799
add 4894
add -3657
set 143 116 -18991
set 108 141 -12756
add -2289
add -3281
set 195 149 -32092
set 24 31 -20211
add 7975
add 3872
set 43 147 -6821
set 30 39 -1389
set 70 99 -3846
add -3649
add -918
set 28 87 -24332
add 3269
set 25 106 -20405
set 136 151 -12901
set 125 193 -21420
set 115 45 -21461
set 106 161 -20996
add 4933
set 69 2 -16167
set 73 134 -15514
set 173 185 -81
set 28 155 -15810
add 4608
set 174 12 -11807
set 79 147 -8601
add 186
add 3545
set 73 46 4033
set 121 55 -1807
set 194 146 -8042
set 120 54 -8122
add 4033
add 3238
add 1926
add 824
set 31 129 16427
set 77 102 15541
set 16 43 18164
add 4213
set 150 107 7989
add 3217
add 1279
add -6925
add -4860
set 115 63 4910
add 314
set 71 61 5926
add 4097
set 179 44 15461
add 1560
add -2938
set 110 125 11389
add -2894
set 155 14 -1164
set 174 48 -1048
add -4897
add -4076
add 1144
add 101
add 1555
set 119 149 -7284
set 58 124 -7240
set 33 94 6474
set 120 82 -2827
set 82 186 -7240
add 3432
add -857
add 844
add 1597
set 36 140 -2231
add -3725
add -2486
add -55
set 172 52 -8546
set 77 23 6947
set 172 73 -2835
add 1739
set 100 59 -6683
add -2887
set 5 124 -7888
add 175
set 144 73 8001
add 4116
set 30 72 -5063
set 187 40 5371
set 45 32 -5286
set 162 45 -5432
add 2177
set 98 3 -3031
add -759
add 1262
set 138 41 -2762
set 22 175 11763
add -2494
set 169 90 10567
set 114 105 -5177
add -176
set 74 59 -5243
add 4638
set 94 155 7121
set 18 29 18330
add -4086
set 189 135 12518
set 45 135 14616
add -1254
set 79 81 2846
set 116 95 1103
set 61 49 1360
add -1570
add -1960
add -3018
set 57 179 -6950
add 2378
add 2113
set 127 67 -6788
set 55 165 7370
add 3292
set 194 109 4093
set 37 164 -4045
add -512
set 168 88 8135
set 74 68 7648
add 4336
set 160 101 -1030
set 184 90 5948
set 107 120 6328
add -2227
add -1914
set 168 102 8732
set 60 81 9715
set 46 63 828
set 7 144 12057
add -4902
set 137 128 -10097
add -2430
add 2257
add 2509
set 93 159 -5977
set 164 113 11989
add 3406
set 146 121 13253
set 73 72 -4040
add -128
set 141 29 9034
set 81 148 11416
set 115 49 -3871
add -482
add -3699
set 170 180 -8477
set 127 190 7808
set 148 165 7500
set 102 118 532
add 2753
add 1891
set 172 136 10780
set 6 147 11880
add -2750
add -4171
set 135 70 -2900
set 107 26 1314
add -787
set 33 61 4843
add -4408
set 26 161 -10978
add 4065
add -800
add 1234
add 2878
set 85 32 -8664
set 60 35 -8335
add 745
set 173 27 -7472
add 1979
set 166 152 8457
add 758
set 106 95 10262
add -1848
add 4247
add -1648
set 96 33 12143
set 76 156 5552
set 189 111 -4521
add 4801
set 191 18 191
add 2938
set 121 124 3224
add -925
set 136 63 18341
set 16 142 7953
set 95 175 12351
set 41 60 13463
set 42 104 2419
add 4806
add 2359
set 64 113 9704
add 1733
set 8 88 12079
add -9727
set 1 148 13369
add -2574
add 4334
add -1421
set 55 25 1881
set 163 55 15442
add -3234
set 111 37 17011
add -4253
set 29 161 -4701
add -4636
set 132 90 -4937
set 129 63 3198
add -1190
add 4681
set 49 73 5829
add 1558
set 133 178 2912
add 50
add 688
add -1830
set 120 96 -6359
add 3951
add 2734
add -3992
set 32 44 7872
set 195 81 12153
add -954
add -4402
set 67 191 -8785
add 1658
set 96 96 -7340
add -345
add -4910
add -2237
add 850
set 127 105 -13970
add 2329
add 2152
add 4796
add -2177
add -4185
add -1298
add -2920
set 99 186 -15261
set 32 102 -8626
set 192 96 -15381
add -2496
add 2280
set 50 43 -13279
add 3054
set 77 139 6553
add -2970
add -4011
add -86
add 825
add 1233
set 77 26 -8200
add 2816
add -1752
set 192 87 -5727
set 78 21 -6486
add -4084
set 64 3 -6004
add -3203
add -3191
add 2186
set 69 128 -24649
add 1306
add -4142
add 2629
set 17 22 -19356
add 626
set 110 20 -22852
add -4640
set 85 116 -9415
add -1751
set 28 9 -14425
set 107 142 -18045
add 9543
set 19 145 -7630
add -1969
add -663
add -2567
add 3951
add -3454
add 1719
add 4172
set 69 184 -12666
set 170 43 -19947
add -4008
add -2517
add 668
set 88 133 -16937
add 1230
set 189 170 -24538
set 162 73 -10230
add 3384
set 130 140 -21227
set 156 72 -20968
set 37 1 -9544
add 3265
add 454
set 9 84 -1366
set 169 193 -17448
set 51 189 -433
add -1724
set 161 107 -12943
set 192 23 -9602
add 3214
set 136 125 -4213
add -968
set 158 70 -4439
add 540
add -4318
add -4512
set 160 80 -25224
set 167 54 -25193
add 4736
set 143 45 -20505
set 73 111 -20392
set 181 180 -20337
add -1187
add 1268
set 179 83 -11664
add 2356
add 142
set 23 61 -89
add 4734
set 116 152 -12991
add -450
set 30 63 1363
set 124 128 -13637
add -2468
add 1573
add 2317
set 42 188 7314
set 133 188 999
add -3985
add -4249
set 6 80 -5309
set 101 161 -19956
set 191 145 -10217
add 1054
add -1642
set 41 103 -6665
set 21 120 -8823
set 58 168 -4425
add -4091
add 4314
set 173 128 -20863
set 166 33 -6015
add 1117
set 176 198 -14087
add 2244
add -22
set 9 1 -5509
set 172 176 -17515
add 346
set 134 66 -16894
set 24 156 -3238
set 12 36 -16598
set 56 182 -16802
set 62 13 142
add -718
add 1388
set 155 162 -3999
set 18 37 -9393
set 176 195 -12297
set 155 103 -14444
set 4 115 2423
add 1513
set 47 59 -14764
set 70 104 -14856
add -4407
add -2277
set 129 61 -10143
add -4998
set 9 167 -13570
add -2376
set 188 168 -27662
set 43 138 -14612
set 156 34 -28895
add -4514
set 181 188 -33414
set 136 53 -26529
set 187 11 -25511
set 187 88 -19292
add 7307
add -303
set 28 121 -25861
add 1891
set 81 43 -24537
add -1551
set 117 193 -26102
add -4552
set 74 50 -22584
add 5602
add -4579
set 126 176 -29697
add 4099
set 93 50 -17536
add -2789
add 1167
add 2449
set 179 153 -24726
set 41 102 -15191
set 155 110 -12302
set 139 171 -15869
set 112 129 -13507
add 2852
set 54 7 -21700
add 4103
set 155 187 -3744
set 89 105 -17752
set 183 75 -4288
set 170 176 -17860
set 179 150 -1703
set 183 131 -5746
set 87 74 -17733
add 1392
add 4044
add 1597
add 3003
set 128 175 5569
set 178 144 -7637
add -945
add -2924
add -2727
add 130
add 742
set 23 192 -12895
set 158 102 -924
set 180 175 2187
add -76
set 155 11 -13089
add -804
add 4904
set 78 10 9542
set 33 134 8995
add 187
add 4241
set 171 128 -5105
set 112 177 13041
set 81 175 2698
add -2621
add 4428
set 185 177 3446
add -4250
add -4876
set 63 147 -8822
set 141 92 1412
set 29 103 -4444
add 824
add -1735
add 4643
add -2630
set 71 172 -10593
set 80 9 -11221
set 77 20 -10499
add 733
set 96 9 -10504
set 16 119 -3758
add -2099
set 24 112 -5165
set 144 83 -10834
set 50 169 3224
add 691
set 21 150 -11103
add -3002
add 3457
add -214
set 129 145 -4129
add 2449
add -3677
set 40 139 2087
add -3341
add -3441
add 3361
set 47 126 -15687
add 498
add 21
add -215
add 682
set 193 85 -7850
add 2001
set 172 163 -13329
add 1329
set 120 103 -9457
add -3885
set 111 68 2720
add -4878
add 254
add -3730
set 43 41 -24220
set 117 1 -11626
set 146 14 -24308
set 21 173 -17519
add -1291
add 4857
add 2898
add 4625
add 1176
set 98 89 -11929
set 17 190 -11715
add -4945
add -838
set 114 128 -17789
set 53 71 -6878
add 3079
set 189 195 -7551
set 94 69 2116
add 579
add 1558
set 136 11 -12067
set 20 147 -12427
set 57 155 -11871
set 41 5 -12494
add -458
set 26 113 -12765
set 37 28 -12531
set 7 61 -12421
add 2862
set 126 81 7863
set 85 195 5650
set 84 157 -9882
add 432
set 21 77 -2466
set 39 141 -2792
set 56 140 -9713
set 193 130 -7890
add 4069
set 147 96 -5709
add 189
add -4136
add -3795
set 147 83 -542
add 2697
set 7 5 6205
set 139 13 7935
add -4527
add -3455
set 161 57 -13183
add -4630
add -1288
set 62 33 -13338
add 202
set 68 113 -24187
add 3184
add 828
set 165 26 -12051
set 163 80 -20400
set 191 157 -20219
add 1308
set 157 31 -4233
add -1708
set 132 120 -20684
add -664
add -4277
set 88 149 -25702
set 116 104 -16885
set 135 126 -24284
set 186 114 -8973
add 4765
set 32 189 -3573
add 205
set 155 51 -4710
add -4409
set 73 1 -6917
add -4640
set 135 147 -29598
set 126 56 -29637
set 76 136 -17580
set 19 119 -13482
add -1953
add 9439
set 95 102 -4335
set 7 162 -19867
set 159 18 -22408
add -102
add -458
add -2231
add -3787
set 175 104 -18599
add 789
add 295
add -1531
set 20 137 -29298
set 130 124 -29379
add 2605
set 158 187 -20073
set 63 115 -25078
set 135 13 -15993
add -3145
set 64 133 -29112
set 83 55 -13823
set 182 78 -17627
add 1025
set 66 144 -13514
add 4987
add 1546
add 3645
set 53 168 -11274
add 4245
add 1073
set 41 175 3784
add -254
add -1654
add 117
add -2162
add 4833
add 3208
add -1582
set 5 32 -3458
add 1569
add -1212
set 73 26 8402
add -261
add -3248
add -2231
set 139 160 -15994
set 64 28 -15781
set 7 18 -13411
set 66 152 -16018
add -2152
set 4 133 -17560
add -506
add -956
add 1466
add -2570
set 4 71 -17710
set 156 121 -4473
set 38 30 -15075
set 189 77 -21026
add 4420
add -1189
add 780
add 2197
add -4059
set 136 109 -18650
add -2126
set 33 182 -20609
set 118 113 -15710
add -4267
add -184
add 1955
add -2498
set 1 56 -7203
set 63 189 -25188
add -3496
add 2514
set 186 160 -16990
add -35
add -3699
add 7822
add 3925
add -3388
add 942
add -483
set 81 197 -21560
add -1812
add 247
set 58 109 -5131
add 4289
add 224
set 129 28 -10897
add 247
add -1090
add -2958
set 5 108 -21350
add 616
add -3498
set 57 96 -25527
add 3397
add 2515
add 4602
add 4939
add -3258
add 1121
add -1540
set 105 99 -7677
set 184 152 202
set 107 67 -12421
set 124 187 -3587
add 4136
add -3349
set 42 192 -12723
set 69 54 -12882
set 118 34 -12876
add -3100
add 408
set 141 27 -15154
add -635
set 133 42 -6626
set 149 157 -16118
add -1551
set 134 46 -1912
set 116 74 -17841
add 619
add 2556
add 4525
set 159 104 774
set 91 138 -2451
set 77 152 -9966
add 2751
add -4439
add -3001
set 91 93 -14830
add 1676
set 118 197 -12960
add -369
set 177 59 -13531
set 160 182 4897
add 987
set 140 9 -12602
add -252
set 143 159 -3568
set 104 86 -12767
add -3440
add -4397
set 104 100 -5193
add -450
add -3132
add 1860
set 172 165 -11143
add 3496
set 152 40 -3034
add -3830
add -387
add -1196
add -135
add 883
set 11 10 -20399
add -3160
add -3954
add 5407
set 167 192 -20207
add 1208
add 887
add 3023
set 56 100 -5618
set 31 166 -1161
set 63 172 -19475
add -1981
set 124 126 -21740
add -4606
add -4827
add 5741
set 3 120 -14861
add -634
add 341
set 50 163 -18725
set 135 112 -15677
set 171 172 -25643
set 36 32 -26000
add -4709
set 87 130 -21644
set 90 111 -30749
add 5125
set 140 30 -24863
set 98 76 -18381
add -2283
add -4960
add 7297
set 70 151 -8024
set 78 177 -17181
set 49 125 -13855
set 161 162 -18654
set 146 23 -8314
add -491
add 1883
set 123 77 -24247
add -104
add -3667
add 1817
add -2341
add -4075
add 9044
set 60 46 -14261
set 27 93 -5662
add 144
set 137 72 -23213
set 167 80 -23446
add 1991
add -1346
set 28 34 -21988
set 49 92 -22651
add -2888
add 4066
set 163 145 -1596
add 1190
set 163 113 -3115
set 189 72 -6496
add 637
set 60 130 -10481
set 132 80 -19761
add -3433
add 1289
add -570
set 133 1 -12762
set 16 64 -4366
add -1492
add 2025
add 4473
set 101 98 -17487
add 2900
set 161 97 572
add -2931
set 79 1 1136
add 3470
set 150 40 -2169
set 83 128 -14029
set 10 124 4843
add 623
add -3320
set 188 151 -16193
set 32 31 24
add -1664
add -4841
set 111 54 -23173
set 31 110 -3202
add -3664
add -1640
add -4248
add 6109
add -1689
add 778
set 109 128 -27611
add -4485
set 145 137 -32166
set 142 117 -32147
add 6341
add 846
set 62 131 -24618
set 106 141 -9088
add -4250
set 76 164 -10215
add 938
add -3995
set 83 101 -32143
add 5767
add -3034
set 175 94 -23580
set 39 12 -15794
add -847
set 88 191 -30133
add 8572
set 179 11 -6023
set 51 94 -10477
add -4942
add 1019
set 180 67 -25579
add -698
add 3467
set 181 24 -7743
add -4322
add -848
set 16 123 -26151
add 3785
set 56 44 -14634
set 92 170 -24182
set 180 121 -18908
add 3013
add 3431
set 194 34 -17797
set 194 99 -10765
set 60 18 -17834
set 152 106 2112
set 92 59 -17731
add -4894
set 16 33 -12778
add 3355
add -4308
add 3965
add 4472
set 134 103 -686
set 159 143 -8168
add 4862
set 45 36 -9918
add 4423
add -683
set 97 29 8925
set 119 127 -4706
add 2173
add 584
set 168 66 14058
set 172 125 14311
add -904
set 190 135 11949
set 55 15 14065
set 26 44 8324
add 158
add -2420
set 124 149 -7073
set 195 180 -6936
add -2078
add 808
set 41 12 3070
add -3810
set 157 154 -6915
set 185 14 -12231
set 7 42 2431
add -4276
set 3 36 -11260
set 64 2 -16052
set 173 76 -231
add -4698
set 175 18 -21220
add -45
add 2893
set 101 103 -15691
set 194 102 -17826
set 159 19 -9312
set 18 195 -17567
add -1220
set 182 1 -13113
add 2332
set 107 92 862
add -428
add 4773
set 177 174 -12907
add 4664
set 115 2 4673
set 123 72 -7918
set 185 35 2640
add -4333
add -4405
add 1905
add -2784
add -1566
set 24 63 -329
add -2870
set 121 149 -22208
add 1068
set 28 127 -15607
set 63 175 -6973
set 132 138 -9761
set 102 55 -3901
set 119 159 -5179
add 981
set 27 72 -19826
add 38
set 164 82 -16573
set 9 110 -19819
add -3801
set 55 113 -23690
add 1754
set 190 183 -22151
add 3792
add 873
add 2780
add 1500
add 1607
set 170 49 -1231
set 66 153 -11360
add 3548
add -239
add 2711
set 190 171 442
add -1046
add -232
add 199
set 104 52 -6617
set 150 87 8541
set 95 39 -6474
add -4695
add -4101
set 179 101 -15494
add 4294
add -4335
set 182 145 3123
add -1522
add 4364
set 62 71 -2178
set 178 195 -8525
add -2307
add 4377
add 2745
add -1134
add 4155
set 87 9 -4802
add -3456
add 508
set 41 166 -7699
add -1251
set 87 104 -835
set 87 41 -9031
set 15 14 -8534
set 69 118 2488
set 131 117 -9073
add -1371
add 1989
add 4378
set 183 9 -4101
set 24 34 12156
set 53 128 -3981
set 25 52 -3280
add 1700
set 13 45 13169
add 4946
set 36 51 12262
add 266
add -4149
add -4336
add 3953
add -1018
add -4968
add -1412
set 173 171 5024
set 109 58 6293
set 67 86 -1079
add -1711
set 173 138 -1666
add 2189
set 30 179 -8241
add 3439
add 2655
add -4425
set 102 190 9080
set 40 18 -6869
set 46 4 -579
set 188 17 12802
add 4501
set 156 37 13086
add -4377
add -775
add -4120
add 4188
set 176 168 7887
set 176 178 11126
set 89 12 9623
add 4410
add -1162
set 90 63 11946
set 86 57 4025
set 121 157 -3998
set 184 35 6551
add -2159
set 55 125 13183
add -3011
set 88 144 9635
add -3678
set 6 40 -12801
add -3935
set 43 172 -15183
add -940
set 188 161 -16701
add 4925
add -3455
set 1 132 -8225
set 57 158 -4009
add 3586
set 164 54 -12879
set 193 67 -12821
add 2333
add -1054
add -3597
set 193 37 -7600
add 25
add 3419
add 4631
add 2745
add -2911
set 67 14 -7282
add -4947
add -3523
set 190 59 -15765
add 1113
add 1221
add -3191
set 23 81 -16195
add -8
add -790
set 55 105 -7042
add 592
set 21 124 -16769
set 187 60 -3812
set 135 169 -5219
add -4163
add 52
add 3488
add 3811
set 14 169 -7841
add -1235
add -2868
add -3628
add -1878
add -413
set 138 81 -18106
set 175 182 -14106
set 174 196 -12266
add -4682
set 165 18 -28454
set 178 151 -27799
set 28 157 -28030
add -3939
set 162 21 -24925
set 158 104 -19081
add 9670
set 104 101 -22585
add 4903
set 18 68 -8411
add -306
add -1415
set 134 94 -10588
add 4880
add -1337
add -913
set 126 73 1085
set 73 148 -7346
set 50 178 -11070
add 674
set 138 45 -16166
set 16 151 -3031
set 24 177 -7322
set 12 169 -1227
set 141 14 -16188
add 1150
add -2511
add 3093
set 53 178 -11364
add 3288
add -1906
add 934
add -833
set 70 124 -12902
set 7 73 -265
set 106 195 -5349
set 12 155 -11514
set 135 86 -12901
set 33 90 -5564
set 106 98 -12934
add 1711
set 21 99 3113
add -2128
set 148 68 -4523
set 99 99 -2566
set 28 167 -6873
set 129 18 -13403
add 2032
add 3237
add -4502
add -3283
add 3302
set 186 99 -1357
add -2303
set 46 9 -14797
add 4505
set 48 15 -9978
add -4010
add 4943
set 102 75 9185
add 3983
add 3582
add -3128
set 98 4 9138
add 3965
add -2741
set 165 110 2171
add -222
add 1438
set 54 177 10124
add -789
add 4454
add -3922
set 27 47 13499
add 2828
set 12 168 2376
add -1264
add -3191
add 2259
add -1220
add -3606
add -180
set 41 115 11594
add -4828
set 70 114 6990
set 41 76 5022
set 30 123 -4572
set 39 7 -11789
add 2476
add 4642
set 149 165 10309
add 3116
add 2705
set 47 196 13426
set 72 194 1061
set 176 150 16078
add 2120
set 1 3 16194
set 107 172 3579
set 125 187 10978
set 101 101 3100
set 190 119 14737
add 4128
set 156 147 12740
set 87 180 7415
set 83 49 7789
add -3351
set 195 184 16978
add 4183
add -409
add 4909
add -6891
set 25 91 25353
set 89 121 5881
add 4850
set 60 69 22633
set 131 158 20582
add -6308
add 2564
set 144 9 6695
add 1709
set 17 149 22793
add 3594
set 158 53 24549
add -8160
set 112 166 3875
add 4141
set 76 94 16349
set 80 180 8253
set 73 180 8260
add 1149
set 9 14 9658
add -3574
add -3090
add -4928
add 2687
set 180 16 5864
add 311
add -636
add -935
set 69 180 -752
set 85 137 -1022
add 1181
set 183 60 15654
add 2433
set 134 35 7972
set 96 145 14644
add 1316
add 1453
set 161 156 12167
set 77 175 22870
add 1743
set 140 75 17459
add -958
set 159 133 23393
set 53 113 6390
add -1
add 3586
set 181 49 27316
add -1371
set 33 162 9095
add 2448
add -8708
set 155 102 20867
set 113 160 2391
set 131 3 13085
add -4191
add 893
add 1645
set 17 124 544
add 2621
set 176 107 15959
add -2972
set 131 60 9187
set 166 183 147
set 43 112 6136
set 79 21 19555
add 772
set 51 33 11777
add -3832
add 4312
set 27 69 13235
add -2392
set 65 91 33
add -1614
add -4111
set 112 181 6630
set 3 28 7906
add 3733
set 15 51 8893
set 163 142 11260
set 116 141 13694
add -1465
add -4167
add 1808
set 68 134 -4907
set 175 149 -6904
set 7 130 -6210
add 1571
set 77 32 -5204
add -821
set 133 172 -4555
set 101 85 -433
add 486
set 104 145 7303
add 3864
set 47 44 14018
add -1794
set 138 126 -2096
add 1353
set 150 112 8759
add -2642
add 4156
add -3511
add -2920
set 99 162 2021
add -156
add -1188
add 1481
add 2897
add -1707
set 134 60 8914
set 75 154 5961
set 136 20 -2503
add 2386
add 4647
set 82 147 14249
add -2771
set 182 58 8341
add -1165
add -4014
set 44 38 -6286
add -1335
set 60 119 2858
set 7 63 -1736
add -2951
set 156 72 -10780
add -67
add -4632
add 18
add -2995
add 4381
add 592
add -3253
set 164 187 -11093
add -1367
set 102 158 -8190
add -403
set 103 167 -6076
set 84 57 -13644
add -1277
add -1666
add 471
set 124 20 -17309
set 37 12 -16471
add -2530
add 4922
set 74 35 -18408
add -1269
set 143 54 -20007
set 33 18 -20013
add 3600
set 90 180 -16220
add -3668
set 63 95 -620
set 117 99 -3004
add -1439
add -4857
set 177 182 -19371
set 194 109 -9079
set 61 57 -10149
add 3221
add -3486
set 8 99 -26217
set 73 26 -18357
add 4287
add -2227
add 2787
add -879
set 158 142 -21324
set 52 17 -7835
add 3542
add -4652
add -1392
set 182 1 -15205
add -3862
add -1335
set 133 86 -30382
set 135 15 -16585
set 159 86 -30408
add 7266
add 2573
add -1228
add -3801
set 1 1 -11974
add -3965
add -1418
add 7541
set 191 57 -7104
set 137 183 -23381
set 8 90 -7139
set 96 21 -11893
add 4733
set 148 101 -18710
set 72 110 1305
set 11 151 -11230
set 69 37 -5979
set 80 9 -18679
add -4142
set 21 175 -14253
add -897
add -748
set 143 138 -14971
add -4737
set 176 12 -29123
set 3 198 -13804
add 1809
set 88 31 -13429
add -4217
add 6752
add 3801
add -146
add -2799
add 2416
add -2231
set 123 187 -8586
add 4691
add -3516
add 4398
add -4423
add 1265
set 122 137 -21489
add -2446
set 95 64 -16750
set 164 163 -23853
set 144 96 -23931
add -3227
add -2689
set 137 61 -13687
add -2039
set 116 106 -23359
add 8718
add -2896
set 169 24 -8913
add 4079
add -4068
set 44 29 -24571
set 72 23 -16059
set 34 163 -13861
set 132 9 -26023
set 68 31 -24691
set 156 12 -16019
add 4872
set 161 84 -21166
set 9 151 -5742
add -82
add 1796
add 2678
set 14 127 -10584
set 35 14 -16677
add 2635
set 80 188 -11944
set 147 64 -6421
set 143 163 -14055
add 2147
add -4511
add -2593
add -1276
add 2081
add 3886
add 3403
set 3 139 -4670
set 91 129 3604
add -3656
set 164 166 -14670
set 59 140 -14614
add -864
set 17 79 -14657
set 191 11 4335
set 129 15 -7310
add 4491
set 130 186 -11005
set 195 112 5936
set 135 127 5634
set 96 106 8404
set 56 131 -10706
add 380
set 179 127 -2943
add 1495
set 58 82 -8851
set 5 19 5882
add -2817
add -1289
set 101 142 -4920
set 40 124 -13170
set 20 180 4686
add 4562
add -1594
set 26 44 -3663
set 175 35 5130
set 135 154 -9698
set 78 86 -10174
add 1906
set 105 102 8799
add -4243
add -2223
set 113 135 -9773
add 2303
add -3605
set 159 152 -9773
set 160 128 -16179
add -4583
set 14 48 -12259
add -4849
set 52 103 -19084
set 148 151 -23552
set 157 109 -25413
add -407
set 52 59 -25805
add 1190
add -4858
add -1000
set 36 38 -30215
set 100 150 -24089
set 21 20 -15793
set 142 80 -30620
add 6102
set 71 114 -15156
set 119 198 -13755
add 3827
add -3991
set 164 24 -12186
set 34 32 -24579
add -3745
add -1014
add 263
set 71 163 -29065
add 2835
add 3752
set 31 52 -21855
set 72 32 -22526
add 4518
set 167 49 -9340
add 2335
add -939
add -4083
add -2851
set 121 5 -23632
add 917
set 105 65 -11426
add -228
set 95 135 -4515
add 3445
set 53 3 -10918
add 356
set 69 154 -11537
set 138 123 -12715
add 546
set 80 88 -5553
set 51 91 -1478
add 619
set 131 67 -16621
set 21 80 -2578
add 268
add -2361
add 2579
set 48 86 -17218
add -2590
set 56 190 -12045
add -2236
set 161 3 -22093
add -2657
set 161 183 -24922
add 4531
set 167 47 -4789
add -1637
set 27 69 -4512
set 175 161 -20796
add -3611
add -323
set 193 133 -24651
add -2140
set 143 41 -28202
add 1290
add 1725
set 121 81 -6116
add 2302
set 4 153 -22513
add -4838
set 24 155 -26939
set 8 63 -11485
set 91 122 -18464
set 1 88 -10385
add 2945
set 40 96 -24663
add -3387
add -4748
add 7710
set 72 64 -23550
add 4485
add 1675
set 129 110 -7651
set 19 138 -6219
add 988
set 20 43 -11141
add -213
set 30 87 -3690
set 154 100 -5364
add 2687
set 173 107 -6574
add -1664
set 149 52 -17178
set 11 178 -10696
set 50 70 -16451
set 16 134 -6419
set 32 113 -16936
add -598
add 4734
set 54 141 2889
add -3533
set 95 47 -16370
set 115 100 1539
set 103 184 -1884
set 186 38 -16479
set 74 75 -9986
set 20 80 -9494
set 122 132 -16497
add 3464
add 1373
set 53 147 5861
set 155 78 4483
add -4993
set 85 25 -16719
add 1433
add -849
add 1426
set 31 100 -671
set 27 26 -1541
add -1012
add 1505
set 147 135 -13840
add -4888
add -2373
add 4754
set 63 5 -16696
add -2192
add 3087
add -94
set 127 95 -8198
add 358
add 1696
set 69 92 -3549
add 4310
add 3906
add 1281
add 1999
set 117 122 15430
set 65 195 3752
set 125 147 16367
add 1390
set 174 42 4744
add 716
add 2066
set 133 70 18377
add 1735
add 3894
set 113 81 13076
set 92 19 23239
set 171 86 7403
add -189
set 74 83 19825
set 152 162 22226
set 174 27 7728
set 57 177 26687
set 8 63 26517
add -2666
set 116 64 5122
add -4850
add -4828
set 12 140 -5066
add -2426
set 131 126 -6100
add 3397
add 3003
add 1318
add 4629
add -4634
set 6 117 16432
add -4722
add -1163
add -481
set 136 105 -6200
add -1605
set 95 16 -7159
add -3625
set 160 76 1777
add -921
set 176 48 -12296
add -3647
add 1659
set 126 85 4553
add 1074
set 125 168 -11544
add 2076
add 2925
set 46 5 -8203
set 108 150 10835
set 109 192 -387
add -3174
set 187 51 -1975
add 3440
add 3796
add -3796
add 4841
add 2920
set 93 49 361
set 138 73 6977
set 108 72 7
set 131 72 -16
set 85 24 11142
set 191 100 9245
set 47 94 15667
set 53 129 9804
add -30
add -33
set 3 195 7165
set 42 68 7096
add -3552
add -3653
add -1003
set 133 135 -8101
set 137 54 -8458
set 159 25 -8565
add 2939
add 882
add 3206
add 1034
set 175 24 8106
add -2076
add -19
set 131 1 16412
add 2058
add 2741
add -3835
set 27 176 -1496
set 48 83 -1174
set 79 143 -1340
set 88 68 -1310
add 65
set 117 107 9175
add -4360
set 29 108 -4720
add -291
set 169 50 -6105
add 3952
add -3600
set 44 158 5280
set 137 32 -5805
add 479
add -3658
set 115 14 -9010
add 198
add 2027
set 31 161 -5816
add 798
set 153 182 3403
add -4580
set 137 125 4059
set 11 168 -8195
set 120 52 -10514
add 1332
set 41 50 -1760
add -1284
set 132 114 -4164
add 1477
add -227
set 19 118 -7941
add -3294
set 53 162 3932
set 171 179 7417
set 43 129 3875
set 168 107 -3060
set 153 162 3707
add -1069
add 2515
add -3214
set 131 13 -8090
set 25 119 -9900
set 75 67 -13964
set 141 38 3582
add 1591
set 152 70 -967
set 68 101 -12641
set 131 24 4177
add -592
set 69 191 -13105
add -3211
set 138 178 -1840
add -854
set 164 5 -17435
add 2969
set 165 141 -4629
add -755
add 4989
set 32 163 -1600
add -4034
set 148 70 3787
set 123 5 -14225
add -3813
set 59 108 -2210
set 185 151 -17468
add -130
set 100 36 -17941
set 136 170 -18089
set 168 101 -18172
set 46 23 861
set 119 14 -18175
add 4057
add 3486
set 82 91 2178
set 74 70 -9901
add -1735
set 17 102 7254
set 133 22 -12382
add -899
set 70 81 2476
add 2932
set 37 146 -9258
set 84 154 7669
set 66 116 3292
add 3455
set 169 142 -6629
add -448
add -2578
add -3236
set 130 40 1663
set 7 8 -12787
add -581
add 150
set 145 163 -13503
set 153 23 3814
set 144 153 -13486
set 117 146 2648
add 3071
set 105 38 5485
set 32 35 3482
add 4478
set 124 140 -6057
set 171 175 7930
set 75 148 12598
set 33 113 -5754
set 70 157 -5712
set 110 147 -5517
add 4476
add -4251
add 3501
set 136 51 8218
add 2726
add 1205
set 73 87 7415
set 76 112 9342
set 170 192 15677
set 97 191 1837
add -3646
add 150
add 136
set 48 118 12338
set 145 40 3833
add -1487
set 88 118 4889
add 3864
add 355
add -3892
set 149 73 2925
add 4101
add 3505
set 130 150 20604
add 4570
add -583
set 114 21 13905
add -4984
set 82 151 9034
add -4270
set 136 112 9770
set 191 111 -557
set 145 42 17405
set 67 129 7876
add 3649
add 2038
set 100 139 14250
set 83 114 15077
set 23 55 23394
set 122 137 5108
add -1296
set 177 28 20067
add 845
set 187 93 4653
add 2788
set 132 139 25490
set 39 132 22858
add 4097
set 67 88 28781
add -9056
add -1061
add -1433
set 104 57 431
set 58 52 19317
add -2266
set 26 100 12945
set 182 130 8720
add -2716
add 2939
set 125 135 3955
add -902
add 3607
add 1888
add 1006
set 150 118 19287
set 110 141 14738
add 3209
add -3597
set 136 85 15018
set 131 170 3283
set 161 83 15024
add -3542
add -1162
set 80 145 -715
set 140 7 -1471
set 23 138 18419
set 40 7 -1273
add -1989
set 89 37 3911
add -2329
set 21 169 12771
set 147 120 -5720
set 99 120 2807
set 167 8 11261
add -652
set 191 144 -6346
add 3415
add -3229
set 162 54 -6248
set 38 56 -5549
set 65 198 10514
set 187 196 1727
set 187 69 -6109
add -3506
set 108 113 1761
add 602
set 81 142 -309
add -4858
add 2313
set 133 122 -10998
set 176 2 4708
add -2294
set 184 58 5823
add -4353
set 93 193 -18296
set 17 52 -17612
add 3536
add -1848
set 26 148 -16576
set 25 37 -1501
add -3691
add -2498
add -2729
set 167 183 -25567
add 3288
add -4764
set 31 169 -21934
set 179 110 -17336
add -3085
add 9582
add 3848
add 1121
add 1964
set 169 118 5325
set 106 47 -13446
add 3510
add -4458
set 194 93 -14659
set 129 142 364
add 4766
add 2155
set 73 126 1358
add 4737
set 77 12 3964
add -3906
set 167 150 171
set 19 56 -6098
add -4539
set 54 27 -568
set 182 156 7615
set 10 77 5747
add -2728
set 38 148 -4066
set 194 127 -2861
add 4604
add 601
set 170 25 -8971
add 4510
set 183 191 8403
set 91 196 6574
set 125 36 -4207
set 51 140 -4377
add 1521
set 113 119 8
set 65 139 10690
add 2722
add 3185
set 11 64 18448
add -3960
set 72 63 18392
add 4907
add -2070
add -2486
add 3093
set 188 95 14572
set 62 103 21333
set 101 171 16752
set 69 107 9533
set 70 58 12147
set 97 28 12953
set 195 167 9067
set 130 183 2588
set 33 141 14377
add 689
add 4576
set 22 4 8334
add -4037
set 45 35 15264
add -921
add -2877
set 81 123 18898
set 98 105 -13
set 117 109 128
set 105 38 15069
set 68 65 11840
set 52 127 10006
add -2599
add 3038
add 360
add -3837
add 1238
set 52 25 -1801
set 83 168 -343
add -3857
set 163 77 -5749
set 57 184 2326
add 2180
add 4945
add -1681
set 193 167 6649
set 17 164 553
add -1161
add -1837
set 128 139 12583
add 3681
add 2402
set 158 157 3021
set 22 7 3055
set 132 194 15100
add -2318
add -3515
set 81 136 5993
add 3790
add 967
set 18 194 9324
set 35 30 10829
add 2537
set 78 164 10560
set 25 145 14825
add 192
set 93 190 4706
add 844
set 75 79 12341
set 34 154 17880
set 3 34 13732
set 104 77 5336
set 84 32 5378
set 128 73 16974
add 2250
set 84 49 8175
set 134 41 7515
add -4798
set 81 64 4352
set 45 145 11466
add 4741
set 187 106 21841
add -2543
set 35 157 5291
set 100 24 23129
set 48 49 5722
add 1586
add 351
add -4139
add 3215
add 1481
add 1919
set 145 177 18158
add -3921
add 3542
set 29 75 23399
add -3843
add -3851
add -3434
add -1761
add 704
set 167 16 -639
add 236
add 898
add 2029
add -4129
set 51 58 14813
add 633
set 152 183 -3469
set 132 177 11232
add 62
set 112 18 -3495
set 62 100 2835
set 61 115 -1790
add 2562
add -1921
add -521
set 150 55 8111
add 2965
add 1322
add -4374
set 176 151 -2858
set 192 65 -2700
add -3795
set 159 34 -7133
set 51 26 -2032
add 617
add -2645
add -4573
add 4201
add -4601
set 106 64 -13642
add -2714
add -2189
set 29 35 -3532
set 91 181 -2800
set 37 105 -5972
set 90 166 -19094
add 2852
add 3886
add -3696
set 143 194 599
add 1322
add 2647
add -867
set 30 107 -1407
set 28 4 432
add 2976
set 15 80 7672
set 135 36 -9824
add 2715
add -3371
add 1479
set 90 17 5427
set 186 153 -9156
add 3804
set 120 110 9102
set 35 130 10944
add -4877
set 26 137 -10209
add 2892
set 191 154 6173
set 46 70 -6622
set 89 45 -7332
add 4899
set 145 50 -511
set 72 197 -2182
add 2640
set 4 74 18418
add -1090
set 174 149 -970
set 95 12 10269
add 1768
set 62 96 890
add 800
add 3363
add 1175
add 802
add -1547
add 2213
add -4450
add 4171
set 181 81 14091
set 45 100 21282
set 2 26 15366
add -4033
set 2 154 8841
add 738
set 170 128 4022
set 91 96 4093
set 74 2 4447
add 2901
add 4731
set 137 61 25026
set 129 78 22791
add -8569
add 1767
add 2054
add -3841
set 25 84 22399
set 169 22 3060
add 2122
set 151 57 14918
add 4220
add 3572
add -7723
add -3074
add 2864
add 1987
set 135 178 22247
set 139 114 7401
add -4016
set 130 191 3233
set 23 195 3782
set 192 64 21502
set 122 153 22050
set 4 169 12594
set 104 149 3095
add 1635
add 1135
add -2519
add -2116
add -1748
add 2788
add 2224
add -1170
add 624
add 2342
add 1987
add -208
set 17 82 24063
add -2777
add 4823
add -7646
set 119 14 2437
add 1710
add 3997
set 170 128 8098
set 106 51 22537
add 3759
set 7 108 30944
set 103 41 11904
set 109 129 22022
add -5204
set 160 101 6710
add -4336
set 179 95 19832
set 62 35 2772
add 3760
add -3707
set 121 20 8698
set 120 196 20038
set 173 138 16525
set 118 120 2555
set 6 130 12715
add 459
set 71 53 15427
add 525
add 2190
set 152 165 19008
set 79 20 6364
set 120 5 5600
add 297
set 5 99 6376
add 3568
set 8 59 19355
add -1373
set 48 108 9239
set 26 28 8603
add -1371
add 804
add -1049
set 42 165 18925
set 148 14 6437
set 13 128 6577
add 2606
add 4658
add -6710
add -747
set 39 176 6366
add 1960
add 3570
set 8 2 12248
set 133 69 12044
add -7177
add 2632
set 34 171 16424
add -3364
set 28 165 13252
add -1309
set 45 169 11874
set 24 24 11443
add 1427
add -1710
set 34 103 9954
add 1906
add 776
add 457
set 65 84 17513
add -1818
add 2425
add 3657
add 2611
set 19 135 12942
add -9527
set 58 177 14123
set 62 152 21603
add -2509
set 114 114 10099
add -835
add 3029
add -3729
set 130 92 7153
set 73 3 8501
add 962
set 142 67 -138
add 1159
add 162
add -3541
add 1863
set 190 129 8208
set 132 164 16529
add 3039
set 15 100 13175
add -764
add -599
set 159 96 983
add -1832
set 35 2 -388
add -4602
set 87 194 -5272
add -2572
add 237
add -1745
set 77 21 -2663
add -4408
add -549
add 4496
add -2716
set 88 175 2408
add 2776
add 578
add 1980
set 146 76 7362
set 109 150 2657
add 2266
set 73 126 3278
add 3035
set 92 123 3391
set 121 78 8363
set 16 41 -1942
set 163 146 -1829
add -3532
add 2779
add 4780
add 3323
add 521
add 1707
add -24
add 3149
add -9502
set 77 40 13482
set 186 165 7941
set 110 88 8125
set 132 40 17924
set 33 64 4348
set 195 161 1999
set 65 166 1245
set 35 125 20050
add 4453
add 4505
add -9840
add -496
add -3895
set 40 171 12350
add 1509
add -2318
set 35 93 -4795
add 3292
add -2138
add -2059
set 152 36 -5634
add 4630
set 110 127 4085
set 90 189 18082
set 164 128 -1226
add 2872
set 147 153 1769
set 68 35 2089
add 4932
add 1617
add 2877
set 152 16 11627
add -6503
set 84 58 15193
set 158 38 20043
set 114 59 4724
set 79 151 22747
set 172 163 4651
set 150 161 15287
set 146 121 23194
add -1822
add 2007
add 4994
set 45 121 26587
set 165 118 26572
add 1189
add -6966
add -4733
set 72 153 6921
set 189 145 10271
set 68 102 8608
set 193 12 -605
add -3013
set 165 40 15288
add 2482
add -3538
set 57 52 523
set 168 113 -4614
add 2615
add -3366
add 3480
add 1122
add -3590
add 3998
add 2311
add -3353
set 150 39 -1413
set 79 178 2507
add 1142
add 2173
set 76 111 1846
add -3773
set 121 20 4671
set 76 181 13828
set 116 187 13437
set 186 162 3656
set 35 49 4428
add -389
set 163 159 -2237
set 122 7 -2362
set 88 118 14688
add 4848
set 172 88 17330
set 15 174 2516
add -3587
set 108 60 11355
add -2537
add -1392
add -4823
set 70 182 -9599
set 21 162 2074
add 3994
set 181 174 -5995
add 466
set 143 104 3940
add -2016
add 1225
add -4506
set 162 191 4422
set 136 195 -580
add 3822
set 116 125 1850
add 3759
add -1885
add 1050
set 19 101 -3851
set 142 99 1951
set 29 75 1161
set 117 194 2163
set 39 10 10399
add -3353
add 466
set 166 93 -6905
set 52 182 -6559
add -974
add 4053
add 4909
set 29 17 17658
set 137 20 4390
add -2311
add -2869
set 52 17 2462
add -1349
set 79 33 12974
add -2719
add 2100
add -4727
set 66 121 8515
set 66 18 -10749
set 153 118 -1853
add -2021
set 70 190 4549
set 131 198 -7450
set 153 96 -12835
set 8 141 3335
set 116 25 -12789
set 142 141 729
set 23 21 -12455
set 188 194 -1297
set 148 162 905
add -1
add -1314
set 53 197 -13794
add 2394
add -526
set 101 53 -376
set 23 151 7533
set 114 162 1080
set 167 69 -12038
add -3265
add 269
set 128 3 -14225
add 4241
add 2684
add -4017
add -2141
add 1222
set 70 23 -6945
set 186 178 -6636
add -2446
add 2146
add -2202
set 127 58 -3065
set 40 157 -15413
set 47 12 -8626
add 1706
set 7 30 -1488
add -4270
add -2694
add 740
add -2904
set 155 55 -3665
set 45 100 -17190
set 192 127 -10774
add -2840
add 4798
set 39 77 -14567
add 4181
add 1099
set 76 105 -7338
set 181 91 -15648
set 144 48 -15828
set 43 88 -15794
add 1870
add 2711
set 55 102 4022
add 1396
set 20 34 5909
set 165 135 -9563
add 4045
add 3702
add 613
add 4204
set 131 127 16493
set 25 64 12082
set 174 110 11375
add -555
set 156 141 17478
add -797
set 77 187 19957
add -3399
set 172 92 7123
set 98 50 8847
set 77 122 10719
set 136 163 -2070
add 2380
set 17 5 18338
add 3759
add 237
set 161 157 4448
set 183 79 20432
add -4487
add -1993
set 49 31 13218
set 59 50 9233
add -702
add -3445
set 182 53 8066
set 135 60 663
set 167 73 4419
set 97 36 -6162
add 1038
add -1876
set 52 92 3075
add -2759
set 178 30 6670
set 58 160 -8108
add -4088
add 1674
add -3471
add -2767
set 114 57 -18251
set 95 127 -9778
set 135 148 -4396
add 3681
set 96 45 -14925
set 48 161 -2840
set 153 16 -14453
set 193 143 -1740
add 1108
add 4899
set 130 179 8261
set 146 156 -3158
add 3949
add -3791
set 118 87 5622
add -3505
set 191 164 -3974
set 109 52 -12239
add -4163
add -4541
set 83 176 -20962
add 3040
set 44 188 1717
add -3406
add -2831
set 13 50 -12822
set 93 114 -9596
add -3294
set 153 150 -21212
set 126 37 -18681
set 174 162 -15571
set 57 196 -17085
add -3505
add 6479
add 254
set 184 83 -23950
add -3419
add -1339
set 39 126 -26579
set 46 120 -28535
add -1609
add 6269
set 98 42 -17213
add 4377
set 73 31 -9558
add -201
set 157 35 -617
add 1510
add 1095
add 21
set 47 66 1527
add 1891
add -2755
set 139 164 -9327
add 4310
set 109 17 4323
add 3642
set 149 93 -10480
add 1561
set 18 57 8726
add -1590
add -1156
set 41 107 -1392
set 121 141 308
add -885
add 3587
add 3227
add 2631
set 97 31 10330
set 13 11 11125
set 124 197 -2859
set 137 146 7408
add 3383
add 1911
add 1735
add 1594
add -2318
set 100 31 9817
add 1515
set 36 181 22242
set 193 141 23235
set 110 119 13446
add 3068
set 90 4 26816
set 110 3 7969
set 101 175 13091
set 41 191 23383
set 63 179 21095
add -4544
set 23 194 21667
add -52
set 180 53 19837
add -3390
set 189 114 15723
add -3015
add 2468
add -547
add 527
set 24 188 9398
add 3885
set 48 169 10782
add -741
add 4134
add 3222
set 120 103 12313
add 2770
set 118 68 24942
set 51 26 28506
set 5 78 19963
add -9453
add -4356
set 148 65 11022
set 164 118 6883
set 105 3 -1118
add -281
set 192 18 -1690
set 26 38 -1147
add -330
set 182 160 16304
add -2173
add -3084
add -622
add -4152
add -2488
add 146
add 2664
set 4 43 2621
set 11 62 -11526
set 55 10 -5859
add -4833
add 3760
set 17 44 661
set 82 134 -11676
add -758
add -3290
add -346
set 189 150 1225
set 35 149 -16997
set 134 168 -2505
set 67 136 -8771
add -506
set 184 81 -12080
set 19 72 -17248
set 177 73 -5162
set 74 28 -17131
add -4683
set 137 58 -7778
set 177 66 -3474
set 96 174 -22279
add -4279
add 2534
set 78 47 -23782
set 130 119 -5558
set 75 113 -23805
add -3614
add -4163
add 6029
add 769
add -3821
set 145 87 -10727
set 188 18 -28926
add -703
add 3086
add -288
set 106 195 -20095
add -3341
set 93 14 -30052
add 7909
add -929
set 192 197 -22918
set 6 182 -22721
set 58 154 -9687
set 13 17 -7793
add -3672
set 126 198 -15531
add -4512
set 98 145 -24353
add 9216
add 4398
set 156 44 -675
add -2399
set 41 36 -19565
set 13 68 -213
set 32 182 -19716
set 175 11 -9255
set 40 108 -18902
add 303
set 151 101 -19744
add 4350
set 69 174 -15379
add 1553
set 144 60 5362
add 4301
set 25 86 8926
set 45 94 8355
set 116 84 -9528
set 151 153 -9481
set 65 193 2963
set 30 160 8839
add -2088
set 124 119 4816
set 89 124 -11618
add 1626
add 571
set 36 28 -8940
set 20 90 -8363
set 138 139 7510
add -3287
add -499
set 167 4 -2559
add -1563
add -1344
set 108 166 -16113
set 100 56 -4330
add -2074
set 52 37 -10097
set 61 155 -17510
add 3008
add 2107
add -696
add -4550
set 42 152 -11217
add -61
set 15 118 -17074
add 1752
set 184 96 -16726
set 156 178 -13796
set 114 56 1915
add 2336
set 8 85 -177
add 2866
add 1369
set 61 70 -9343
add 4226
add 3965
add -1371
set 46 78 -2903
add 2181
set 63 21 7540
set 126 68 17528
set 19 90 3
add -3654
set 14 4 -4159
set 152 111 -4711
add 4269
add -2895
add -1247
set 181 120 -4537
set 62 55 14836
set 110 134 -3613
set 81 169 15045
set 133 21 8428
set 53 18 -4572
add 3993
add 1720
add 372
add -4808
add 1340
set 171 46 3840
add -3588
add 4280
add 2473
add -3913
add 3849
set 29 77 12425
add -3327
add -147
set 62 167 3034
set 158 120 -2270
add 1971
add 3905
set 117 53 15478
set 10 178 14777
add -2832
set 143 85 8828
set 59 88 803
add -249
add -4213
set 96 172 -3227
set 176 3 -3569
set 51 98 -3715
set 186 140 -3883
set 187 61 6103
set 127 147 13526
set 60 127 3183
set 72 91 -2712
add 4646
set 12 74 19812
set 89 45 908
set 32 54 1037
set 160 79 7195
add -3909
add 1546
set 73 45 -1439
set 180 35 17338
add 257
add 1143
set 167 181 17589
add -2967
add 2148
add 87
set 33 169 17631
add 4985
add -1470
add 2786
set 195 159 5617
add 3219
add -3981
set 83 54 4830
add 2388
set 183 108 7159
set 185 93 7057
add 2143
set 53 170 9403
set 33 85 10116
set 55 27 21717
set 21 84 25578
add 3302
add -7377
add -4654
add -3171
add 93
add 1275
add -620
set 174 174 -1988
set 59 102 14202
set 188 195 13670
set 31 61 4624
set 106 193 -1835
add 727
set 53 94 10356
set 39 87 8995
set 123 106 8491
set 7 165 6975
set 100 32 -1124
add -3737
set 135 10 14075
set 144 127 4578
set 97 115 802
add 141
set 108 158 8541
add -3486
set 72 191 -8045
add -3635
set 94 29 4246
add 3009
set 78 149 -8841
add 3311
add 381
add -4306
set 66 98 -9456
add -2328
add -4440
add -1172
set 124 149 -17441
add 3718
set 47 110 -445
add -3521
add -3227
add 2698
set 75 106 -8507
add -4017
add -1821
set 175 183 -23576
set 86 24 -12779
set 116 183 -23517
add 4089
add -4292
add 4134
add 637
set 178 153 -19003
set 137 185 -13537
add 946
set 117 45 -18088
set 121 57 -2266
set 165 34 -18009
set 11 47 -6664
set 147 186 -18113
add -3264
set 188 14 -21442
add -84
add -276
set 123 121 -7233
set 9 145 -13653
add -4013
add 1083
set 48 133 -23851
set 47 184 -22528
add -2963
add -2485
set 32 84 -24732
set 6 98 -10958
set 164 80 -30103
set 107 73 -23709
add 9597
add 2934
add -3935
add -913
set 80 93 -22357
set 31 23 -11893
add 1100
add -470
set 106 145 -8162
add 3564
add 611
set 38 185 -11373
set 19 175 -2036
set 28 11 -5064
add -1451
set 83 16 -18393
add -1092
add 1331
add 4786
add 2475
add -4006
add -4678
add 2545
add -1788
add 2757
set 52 171 -2627
add 2647
add 1380
set 175 15 -12583
set 129 109 -12527
add 3976
add -3809
set 144 102 -256
add -4396
add 898
add -1055
set 164 187 -8637
add -3086
set 152 64 -3990
add 3647
add -3695
add 2654
set 57 77 -2960
set 145 120 -17471
add -1980
set 72 197 -19263
add 3208
add -4048
set 76 62 -20363
set 108 121 -20140
set 65 94 -15096
add 4317
set 88 85 -3015
set 50 62 -16020
add 2084
set 36 153 -13701
set 162 103 -6472
set 176 138 1664
add 207
add -3153
set 154 84 -16954
add -3612
add 4659
add 3062
set 1 45 5972
add 3315
add -3519
set 64 126 -11095
set 159 130 -11407
set 136 147 -12813
add 2387
set 21 115 -10298
set 78 96 -10618
add 2459
add -2265
add 300
set 41 194 -9687
add -1962
add -4358
add -4338
add -1455
set 95 53 -6348
set 135 79 -10245
add 583
set 94 182 -9843
add 3289
add 1091
add 3538
set 3 185 3884
set 153 114 -13466
add -481
set 194 54 -14239
set 114 15 -6611
add 1823
set 63 191 -12195
set 188 191 5021
set 22 62 -12338
set 52 157 -12103
set 137 58 7592
set 144 122 -11585
set 38 55 2357
add 1721
set 151 184 1613
set 75 31 4015
set 2 12 -8133
set 47 59 -10529
add 2742
set 140 106 -7626
set 33 101 -7831
set 83 153 5244
add 3199
add 1992
set 59 18 -2743
add -4311
set 3 181 7948
add 3947
set 95 121 -2866
set 35 36 -2634
set 128 135 -2707
set 38 151 -2942
add 4615
add -2551
add -4265
set 11 68 2918
set 166 3 -5115
add 1207
add 2060
add -206
set 17 65 3497
set 88 175 4001
add 2616
set 95 105 398
add 1527
set 179 43 1849
add 4104
add 801
set 86 105 6839
add 3667
add -5390
add 4102
add -924
set 139 17 28068
set 132 182 16517
add -3610
add 4658
add 4258
set 161 27 14068
set 62 65 23435
add -8606
set 113 57 5319
set 49 73 21223
set 95 9 4960
set 129 65 15181
add 4612
set 147 1 14666
add -815
set 51 16 18689
add -245
add -2096
set 122 61 13341
set 24 181 15382
set 152 163 6439
set 10 156 18787
add -3085
add -2492
set 155 61 14898
add -4651
add 4261
add 4652
set 125 146 5357
set 193 186 5012
set 127 67 6431
set 8 7 5333
add 1782
set 21 166 20501
set 4 176 24800
add 1640
add -4796
add 2875
set 135 89 6613
add -706
add 2884
add -4413
set 29 67 4745
set 43 186 4428
set 174 76 24015
add 3114
add -3121
set 33 144 5661
add -3472
add -338
add -1168
set 180 165 6281
add -4122
set 151 142 2782
add -1764
set 144 153 -6457
set 1 140 5025
add -3407
set 177 100 7372
set 163 56 -9795
add -817
set 136 122 -10023
add 1258
add 2004
add 1632
add 2951
set 155 35 12102
set 141 157 -2682
add 4406
set 94 42 21183
set 100 17 15870
add -1443
add -2574
set 172 165 14020
set 138 47 -2343
set 35 86 -2238
add 4940
add 2357
add 4964
add -1897
set 72 55 16431
add -3341
add -3738
set 16 37 13130
add 3114
set 192 57 23068
set 44 112 9228
set 25 132 8985
set 187 90 9541
set 42 167 4533
add 983
set 141 46 23603
set 102 101 4918
add -3755
add 2252
set 48 30 18259
set 79 1 9230
set 177 105 3328
add -56
set 114 114 14778
add 3470
set 13 126 18964
set 8 6 22909
add -2293
add 3411
add -2705
add 258
set 29 176 5534
set 84 25 5472
set 130 70 19644
add 3169
add -4514
set 65 121 23230
set 156 86 4115
add -3230
set 47 184 2991
add 3324
set 179 11 11973
set 3 112 13419
set 7 192 12740
set 163 44 11193
add -3245
set 46 113 1191
add -1022
set 187 20 6080
set 119 162 6180
set 8 23 6609
set 55 90 8899
add 3455
set 113 13 17054
add 4777
set 53 72 8467
set 150 59 8224
add -119
set 155 88 21783
add 2884
add -7969
set 74 40 16582
add 2663
set 122 167 15396
set 44 116 20859
add 3273
set 45 90 27628
set 21 63 11646
add 4693
add -7688
add -4946
set 184 97 6521
set 148 47 16778
set 179 44 7358
add 4530
set 126 46 19659
set 149 119 24488
set 178 116 22755
add 2902
set 136 140 8322
set 7 163 22929
set 161 153 8437
set 53 54 8525
add 548
add -2594
add 2176
set 141 119 15771
set 80 61 18742
set 170 46 22571
set 186 164 26810
set 28 133 9330
set 4 64 10461
set 20 176 15974
set 15 150 9351
set 164 62 8450
add 2867
add -6662
set 143 156 12919
set 131 10 13580
add -2329
add 1256
add -548
set 159 111 3104
set 81 198 17781
add 1934
add -2916
add 4628
add -2486
set 58 123 10501
set 36 125 14896
set 71 135 5317
set 170 133 20202
set 164 115 13084
set 160 54 4292
set 55 40 13399
add 55
set 60 32 4404
add -2806
set 151 24 9546
add -4485
add -980
set 92 145 2629
set 191 163 -3951
add 4629
add -4861
set 65 38 2088
set 93 186 -4156
add 1691
set 155 79 12110
set 181 148 8913
add 3683
add 3533
set 59 50 14443
add -1882
set 70 18 2843
add 4565
set 144 67 7537
set 19 5 16426
add 3521
add -7634
set 41 91 9539
set 141 97 12615
set 177 170 3316
add 1339
add -1103
add 1114
set 161 58 18981
add -801
add -3892
add 2791
add 655
set 35 150 21164
add 4083
set 171 109 22143
add -3213
set 74 189 9327
add 2040
add 1126
set 178 61 14408
set 59 19 26413
set 8 188 20218
add -2414
add -3570
add -4039
add -3972
set 179 48 -6510
add 1473
add -3284
add -3470
set 168 160 3034
set 93 164 -5569
set 195 141 -1947
set 41 54 -11697
add 3474
add -1320
set 80 186 -9649
set 69 163 -9567
set 60 54 -9562
add -3729
add 602
add 4403
add -3611
add -4060
set 44 110 -10639
set 83 11 -12770
add 4995
add 2786
add -1827
add -225
add -4921
add -1805
set 194 62 -17182
add 176
add 3549
add 2304
set 69 105 1161
add 482
add -1890
add 403
set 160 178 -9222
set 18 124 -11979
add -4961
set 143 53 -8391
set 195 69 -16862
set 89 124 -17011
add -2606
add 4692
set 98 137 -14963
add 1148
add 2574
add -479
add 4234
set 183 18 -7567
set 142 37 -1336
add -4648
set 89 17 -5228
set 87 176 -12081
set 87 108 6454
set 96 49 -11508
add 207
set 140 79 5021
set 108 97 -990
add 643
add 3513
set 101 133 -2345
set 192 11 1648
set 178 80 -7769
set 116 118 5320
set 127 131 4146
set 73 12 -7357
set 8 7 -7492
set 102 106 11514
add 4887
set 92 187 16771
add -2895
add -4047
add -2180
add 1910
set 62 164 6102
set 113 50 2223
add -2855
add -3819
add 558
set 45 15 -10746
add -2735
add -3718
add -2595
add -4663
set 69 84 -17086
add -3642
set 20 149 -24706
add 7254
set 107 184 -17775
add 1144
set 2 142 -9788
set 129 132 -25060
add 1980
add 2603
set 76 49 -11435
add -1565
add 541
add -3481
add -360
add -3859
set 68 64 -27682
set 128 45 -29290
add -2465
set 114 33 -20228
set 123 112 -18387
add 7303
set 93 49 -23841
set 180 172 -23983
set 133 81 -11351
add 4343
set 100 198 -5761
add -336
set 92 18 -20453
set 65 32 -20353
add -4384
set 186 72 -14912
set 128 7 -24786
add -385
set 32 121 -11441
set 191 52 -25238
add -2265
add 194
set 59 123 -16813
add 1259
add 1971
set 72 24 -11621
set 37 2 -23649
add -104
set 87 54 -24046
set 129 58 -7350
add -3861
set 42 178 -11961
add -2897
set 12 120 -19117
add 8132
set 12 119 -4855
add -769
add -4204
set 7 45 -24880
add -1390
add 4993
add 2469
set 175 180 -21527
set 5 107 -10348
set 140 3 -7702
add 4332
set 141 95 -2612
set 57 95 -6460
set 113 177 -12285
add -4961
set 181 145 -7427
set 122 102 -15183
add -875
set 25 6 -8639
add -3141
add -4137
set 22 188 -16947
set 104 168 -29425
add 9138
set 31 6 -6178
add -1684
add -2543
set 142 133 -14926
add 1506
add 960
set 104 195 -10829
add 2694
set 171 180 -20234
set 51 197 -20086
add -2652
add 2893
set 138 26 -10527
add -2566
add -2760
add -2766
set 31 113 -27987
set 144 93 -28251
add 2777
set 59 111 -25359
set 104 35 -7729
set 195 2 -13678
add 4317
add 1287
set 122 91 -10683
add 4343
add 4647
add -789
add 2954
add -4354
add 3140
add -1513
set 179 46 7630
add 4560
add -4586
set 59 37 -4015
add -4887
add -1880
set 163 130 -16610
add 2335
add 1120
set 36 158 -3135
set 179 150 -7645
add -563
add 800
add 1590
set 17 82 1270
set 31 52 -12194
add -4079
set 28 76 -16234
add 2337
set 103 129 -2797
set 37 181 -9427
add -2304
set 120 180 -16782
set 90 134 -15986
set 128 64 -16430
set 169 20 -3809
set 34 100 -1485
add -4757
set 185 169 -15815
add -3335
add -4743
add -3877
set 129 5 -33717
add 5964
set 87 182 -18658
set 141 148 -13388
set 66 66 -9175
set 160 94 -15550
add 380
add -2265
set 100 80 -29567
set 119 145 -29325
add 162
set 170 167 -18268
set 76 163 -29339
add -4249
set 71 64 -32111
set 56 127 -16605
add 7202
set 156 188 -25375
add -4541
add 7484
set 3 77 -17284
set 85 76 -10644
add -2307
set 30 52 -25121
set 146 98 -25911
add -1331
add 4824
set 85 7 -22299
set 45 89 -15615
add -2513
add -977
add -3189
set 182 80 -29084
set 188 117 -29156
set 161 176 -29103
set 154 61 -14678
add -718
add 1192
add 4862
set 108 111 -23665
set 56 2 -23341
set 18 196 -17467
add 1463
set 191 92 -14477
add 2463
add 3782
set 19 7 -15770
set 185 159 -15868
add -4834
add -3803
add 3811
add -2520
set 95 87 -17947
set 38 127 -3571
set 134 139 -13289
add 2842
add 2214
add -4662
add -1223
add 2045
add -2676
set 96 94 -7277
add 570
set 120 79 -14663
set 54 172 -4281
add -4939
set 120 191 -29025
add 2818
set 77 156 -7936
set 44 70 -25626
add 4502
set 110 175 -13070
set 65 170 -21728
add 2135
set 192 99 -11950
set 25 75 -8798
add -3709
set 30 16 -4492
set 183 117 -23536
add -847
set 19 162 -21842
add -1222
set 84 52 -6162
add -2824
add 4677
add 1200
add -619
set 141 22 -23117
add 1274
set 114 34 -21669
set 191 164 -12852
set 45 116 -10040
add 3838
set 192 173 -10747
set 190 192 -12633
set 132 78 -11507
set 94 6 -11001
set 52 99 436
set 117 115 -17273
set 46 138 -9898
set 127 121 77
add -980
add -2027
set 62 29 -965
set 193 144 -20855
set 92 132 -20853
set 89 27 -20651
add -2292
add -519
add 348
add -3027
add 4297
set 193 174 -22271
add -3928
add 1210
add -2778
add -4321
set 163 6 -12919
add 8514
set 134 79 -16325
add 1316
add -2115
set 172 25 -24331
add 931
add -4089
set 84 22 -27408
add -171
set 53 46 -7950
add 4394
set 120 98 -23216
add -1216
add -2830
add 1078
add 1021
add 2111
set 174 71 -10566
add 4705
add -4041
add 4835
set 181 136 607
add 3286
add -3919
set 145 188 -2925
set 194 39 -3432
add -2940
add -4298
set 124 8 -9697
add -1386
add 29
add 269
set 122 94 -13702
add -3816
set 92 23 -10586
set 124 102 -21420
set 5 54 -24578
add 8328
set 146 169 -10076
add -540
add 4868
add 3901
add 4382
add 3510
add -2783
add 526
add 3611
add 1714
set 176 39 -2679
set 98 26 10288
add 1644
add 4040
set 67 159 3502
set 15 73 21295
add 1897
set 135 45 4770
set 188 104 15370
add -2483
set 101 67 18374
set 152 134 21147
add -4145
set 91 151 17500
add 433
add -4863
add -2128
set 30 117 -8343
set 14 31 -3316
add -1926
set 149 32 -10327
add -3404
set 124 182 4867
add -1704
add -4419
add -2799
add -4943
add 2976
set 195 80 -24661
add 4235
add 3541
add 143
add -3799
add -2737
add -3697
set 54 34 -23965
add 3573
add 1624
add 3707
add -2364
set 47 43 -16806
set 93 76 -1007
set 17 37 -14449
add 4490
add 1173
set 58 111 -14626
add -1181
add 179
set 2 37 428
add 4757
set 107 87 7167
set 128 116 -2636
add 752
set 118 163 -10146
set 174 126 -9745
add -456
add 1921
set 128 96 -8789
set 81 117 -8752
add 1277
set 165 49 6471
set 130 95 2306
add -1421
set 108 48 9131
add 605
add 4844
set 98 162 14393
set 65 167 8763
set 51 19 4371
add 1203
set 45 97 16837
add -3601
set 86 149 -5820
add 723
set 127 180 -4930
add 687
add -4599
set 10 22 9870
add 3569
add 434
add -1890
set 41 92 9557
set 157 176 -6971
set 4 179 -6569
add 968
set 96 133 11417
set 54 68 2239
set 62 56 -5255
add -909
set 118 67 -5509
add -809
set 137 184 -55
set 164 53 5416
set 20 124 -7597
add -3637
set 54 25 -11262
set 99 149 -11296
set 185 14 -11399
set 35 128 -11244
set 15 60 -11030
set 96 164 -1400
set 12 34 8611
set 173 146 -11142
add 4005
add -3801
add -3486
add -1390
add 4689
add 1508
set 18 195 -9084
set 46 51 -9357
add -2569
add 4148
add 1963
add 850
set 86 158 2338
add 3350
add 4049
add -2271
add -230
set 138 144 14811
set 140 60 15148
add 3542
set 158 58 12594
set 9 194 4802
add 2285
set 93 44 23113
set 88 50 19369
add -1062
add -4866
add -3525
set 194 121 8371
add 3514
set 69 93 -548
add -1177
add -1733
set 28 83 -3093
set 79 197 -3247
add 1650
add 1078
set 8 189 12418
add -1395
set 123 125 17610
set 73 92 15373
set 77 152 -1972
add -352
add 4781
set 135 75 8694
add -3878
set 54 77 4381
set 156 42 15017
set 43 53 3608
add -3307
add -2883
set 121 30 1162
add -1552
add 2859
add -1457
set 89 162 8162
set 98 112 2396
add -2757
set 38 64 -7581
set 42 197 -10423
set 99 41 -10748
add 672
set 134 180 -9871
add -3650
set 155 133 -1538
set 69 111 -13619
add 3803
set 54 80 -9810
add 759
add -296
add -4332
add -4566
set 133 22 -18378
set 147 15 1494
add 3235
set 34 89 -9178
add 987
set 119 113 -9049
set 167 17 857
set 138 171 -3471
add 2081
add -2734
add 1970
add -899
add 3372
set 62 32 -10246
add 1161
add -4910
set 97 16 -13433
add 1959
add 1611
set 133 46 296
add 4682
add -4089
set 191 143 -4834
set 21 36 -9415
set 12 18 -9855
add 2639
set 150 74 -7272
add -4427
add 3472
set 172 172 -7766
set 103 4 2504
set 3 94 6367
set 13 53 8247
set 6 103 6892
set 188 171 810
set 87 27 -7913
set 175 82 6870
add -3603
add 613
set 16 170 -11037
add -1551
set 17 160 -11787
add 3392
set 188 76 3370
add 1685
add 4658
set 117 164 11594
set 34 61 -2903
add 4397
add -297
set 87 79 17116
set 86 168 2569
add -1261
add -4165
add -3255
set 182 160 1167
set 103 157 -7362
set 170 15 8705
set 147 129 10466
add 297
add -2404
set 41 139 877
set 77 50 3370
add 522
add 731
add -3221
set 89 17 7248
add 44
add -4192
add -2844
set 20 37 -1532
add -4272
add -1343
set 76 10 -6983
set 2 157 -14565
set 27 144 -22976
add 939
add 3155
add 3221
add 402
set 78 96 -16567
add -4247
add -2349
set 125 152 -23014
add -4920
add -3194
add 5033
add -950
set 14 14 -26717
add -2354
add -944
add 5017
set 165 195 -7146
add 689
set 118 193 -24753
add -95
set 67 49 -13272
add 3478
add -2913
set 77 61 -5638
add -1020
set 195 140 -25479
set 151 131 -6059
set 184 152 -8857
add 235
set 2 196 -19693
add 1742
add -4100
add -3443
set 105 120 -22242
set 74 167 -20690
add 6888
set 14 193 -15291
set 139 51 -6268
set 136 89 -24003
set 65 69 -15125
add 1626
set 191 20 -20556
set 95 136 -4323
set 190 96 -22500
set 136 114 -22101
set 50 124 -22357
set 159 77 -22440
set 137 106 -6138
add -3911
add 3928
add 1357
set 62 136 -9902
add 4325
set 155 164 1180
set 1 143 -7125
set 21 117 -16642
set 88 22 -16697
set 195 9 -16788
set 134 194 -1087
set 36 81 -9232
add -1569
set 23 13 -12322
add 3479
add 2807
add 1071
add 4329
set 192 10 11151
set 162 58 7691
add 2944
set 119 54 -3575
add -2504
set 79 33 1590
set 178 71 57
add 3304
add 2560
add -3311
set 104 44 7460
add 2264
set 184 132 -1309
add 3764
add 612
set 27 48 4643
set 3 108 11710
add 4990
add -4395
set 2 22 23660
set 181 124 3556
add -3109
add -4044
set 162 45 -3559
set 115 71 14692
set 24 100 8675
add 1089
add 4521
add -194
set 181 14 1819
set 75 135 19951
set 103 194 12868
add -1121
add 1600
set 164 179 7474
set 15 92 2584
add 803
set 35 45 3266
set 143 144 17306
add 3734
add -459
add -1755
set 164 157 4900
set 155 109 4847
add -1371
set 132 1 18093
set 153 159 3506
add -1881
add -2846
add -2042
set 97 22 -3436
set 137 165 6031
set 63 150 15442
set 142 188 4572
add -4379
set 34 76 110
add -4110
set 41 118 6147
add -2233
add 883
set 34 126 -11655
set 77 114 6016
set 134 67 -13133
add 2059
add 1866
add 3581
add -1052
add 864
set 111 190 47
set 108 110 3409
add -4320
add -3470
add -2013
set 110 6 -9062
add 1060
set 99 158 -889
add 3546
add 3797
add -3502
set 2 61 -1044
set 143 150 7406
add 1318
set 87 196 -3475
set 27 9 8380
set 113 156 3658
add -1787
add 2335
add 1310
set 88 6 6171
add -1191
add 2902
set 159 38 445
add -2259
set 96 118 8796
set 63 172 -7562
set 147 185 -1163
set 7 141 6904
add -4192
add -4132
set 104 103 -9264
set 187 78 -7031
add 4438
set 113 5 -12121
set 135 196 5650
add 3840
add 3622
add 2005
add -2628
add 292
set 21 7 -4749
add 3463
set 146 67 -1393
set 147 14 -1572
set 152 47 14986
add -3014
set 187 63 13352
add -4528
add -3287
add 3599
add -21
add 415
add -3608
add -4718
add 2249
set 85 21 -5015
set 167 10 -6359
add 1099
set 139 56 -13179
add -3260
add 885
add 4523
set 108 168 -10161
set 43 142 -627
set 135 27 -10918
set 82 197 -10920
set 179 179 70
add -3767
add 403
add -4362
add 1082
set 134 141 1894
add -1490
set 73 13 -10537
add 1519
add -689
set 82 173 -6605
set 67 173 -3326
set 70 197 -18212
set 140 78 -1840
add 3921
set 78 88 -7819
set 101 126 -13428
set 32 194 -7551
add 1653
add 139
set 153 141 638
add -3608
set 155 61 -9832
add -45
set 46 175 -5387
add 3161
add 2003
set 150 160 -4998
add -1550
set 70 105 -6481
add 4892
set 22 154 -2501
add -1502
add -2832
set 178 177 -1048
add -481
set 104 155 -11719
add -1389
add -1058
set 194 49 -7055
set 83 93 -15142
set 78 123 4121
set 181 185 4709
set 22 13 -2362
set 111 137 -15231
set 76 193 -10121
add -3518
set 163 15 -13110
set 68 186 -18653
set 52 119 -11694
set 63 64 -16574
set 38 156 -12802
set 49 69 -7037
set 142 183 -18648
set 110 41 -18734
set 9 178 -4420
add 4970
set 8 194 -11979
set 128 178 -12266
add 360
add -2901
set 74 147 -4399
set 171 119 -6723
add 666
add -2887
add -2471
add -718
set 179 117 -21782
add 3101
set 36 6 -9652
set 156 87 -10928
set 87 84 -18547
add 3738
add -62
set 95 122 -8994
add -753
set 103 154 -214
add 1577
set 138 126 -12645
set 60 50 -867
set 184 29 -13678
add -2650
set 132 171 -5212
add 2968
set 26 140 -13726
add 763
add -2608
set 145 164 -8172
add -3226
add 4778
set 75 143 -13818
add 4870
set 111 35 9583
add 4647
set 31 64 -1387
add 982
add 3289
set 105 74 -224
set 67 96 -246
set 117 87 15859
set 3 36 5937
set 163 72 -83
set 139 82 13889
set 11 192 17966
set 138 178 5840
set 130 152 -113
set 25 56 465
set 122 179 5295
add 1326
set 172 8 9880
set 47 44 12945
set 128 8 14968
add -3993
add 4605
set 141 141 21167
set 170 21 12047
add 3806
add -755
set 113 99 21979
add -6
set 38 100 20334
set 35 19 22926
add 184
add -1379
set 85 193 12408
add 2641
add 3978
add -8137
set 151 165 20622
set 144 37 20306
add -856
set 165 53 15209
set 80 48 8669
add 3552
set 164 121 21542
add -3919
set 111 99 11894
set 81 40 7003
set 22 88 6350
add -3964
add 516
add 4685
add -2404
add 1182
set 188 73 16510
set 67 187 16596
set 120 34 912
set 172 132 823
add 3192
set 33 196 16224
add -2981
add 1
add -4878
add 1324
add -854
set 139 127 -2597
add -366
set 114 139 4326
set 94 128 -3765
add 556
add -3962
add 2209
add 4463
set 154 73 6761
set 151 12 14843
add -3496
set 24 31 10706
add 1159
set 50 94 7493
set 89 178 16257
set 73 188 4652
add -2528
add -158
add -3575
set 155 29 9205
set 174 115 -8669
add 2971
add 4306
add -2749
set 166 113 -4420
set 57 116 1169
set 163 65 -4117
add 3161
add -1689
set 29 34 -2310
set 86 23 11085
set 24 54 -2941
set 170 174 -3193
set 128 14 -3136
add 2118
set 186 98 -1072
add 703
set 89 61 16391
add 1321
add -733
set 150 62 248
add -3327
add 646
set 61 86 11027
set 195 185 10248
add 4820
set 171 51 19691
set 90 113 2633
add -1008
set 116 161 7552
add 4587
add 1163
add 1363
set 154 30 9364
add -4242
set 74 159 9748
add 1660
add 718
add -1514
add -3727
add 1760
add -2333
set 17 69 1483
set 137 124 830
set 85 114 8571
set 32 8 12861
set 42 170 1028
set 54 43 16032
set 176 80 844
set 21 74 6597
set 7 95 16488
set 151 118 6397
set 190 157 1039
add -3649
set 101 46 8704
set 159 192 10094
set 5 41 -1292
add -3306
set 74 72 -5806
add 1316
add -2536
add -1378
set 46 196 5730
add 4336
add -1112
set 136 148 8198
add -3172
add 1403
add 1728
add -2597
add -486
add -3719
add 3976
set 130 80 -8306
add -3798
set 78 61 6730
set 169 179 -1460
set 38 149 -12048
add -4472
set 97 164 -47
add 2169
set 9 151 5527
set 76 191 -14225
add 4977
set 169 26 8640
set 82 30 -8615
set 172 18 -9550
add 3810
set 191 125 4387
set 140 185 3206
add -1519
add -424
set 65 70 -6865
add 902
set 68 197 -6399
set 115 124 -6699
add -2621
set 124 84 -9300
set 155 134 -963
add -2739
add -470
add 3476
add -3604
set 165 120 -12569
set 30 159 -12139
set 149 72 -12435
add -2828
set 43 84 -384
set 186 148 -2887
add 919
add -2828
set 181 108 -17328
set 115 88 -242
set 51 109 -8422
set 168 30 -1404
add -2882
add 3680
add 2536
add 1997
add -2135
add 3708
set 168 40 7065
add 3766
add 779
add 904
set 5 147 1068
set 36 93 -4930
add 1403
set 134 20 -347
add -1477
set 156 64 2740
set 28 102 7792
add 1100
add -3757
set 94 184 5270
set 113 75 1539
add -4673
add -2097
add 1275
set 169 192 -4
set 169 48 -13186
add -3892
add -2128
add -1235
add 762
add -3529
add -3366
set 36 8 -20292
set 195 22 -26736
set 173 33 -20693
add 1818
set 23 153 -24527
add -2773
set 74 29 -16166
set 191 20 -25744
set 42 44 -16364
set 166 121 -21478
set 20 24 -20561
set 181 24 -18114
set 9 109 -8108
add 4724
add 1607
add -2829
add 4016
add 1122
add -494
set 40 108 -18303
add -3668
set 169 34 -23040
set 137 103 -15410
add 4621
add 3204
add 4065
add -3094
set 61 41 -14297
add 4020
add -348
add -4579
set 3 43 -1343
set 49 46 -9270
add 2161
add 786
add -1093
add 1795
add 728
add 3111
set 84 129 -7625
add 1946
set 28 127 4690
set 139 26 4611
set 21 159 1773
add 4890
add 3793
add 2347
set 175 131 16136
add -2301
add 2329
add 1592
set 140 178 8826
add -3585
add 2837
add -4281
set 178 189 13031
add -1435
add -3898
set 187 110 15445
set 16 142 6974
add -603
add -1093
set 50 164 -4414
add 1557
set 185 19 9865
set 6 64 -1703
set 109 174 -3669
add 800
set 49 11 -2422
add 729
add 1243
set 175 191 10824
add -168
add 675
set 116 123 16642
set 167 137 -462
add -3010
set 78 81 13356
set 121 8 8620
set 37 178 3685
add -1439
set 111 124 -4826
add 315
add -1228
add -3445
set 104 46 16
add -1434
add 19
set 80 27 -10260
add -1509
set 64 12 -11701
add -4784
set 145 75 -5399
add 4853
set 87 183 -11912
add -3837
add 2101
set 143 30 -12934
add 4793
set 30 165 8475
set 90 181 8368
set 182 116 8022
set 107 173 7313
add 3622
add 4175
add -4672
set 11 16 -5294
add -1924
set 165 23 10673
add 485
add 2943
set 57 20 -3932
set 39 37 7517
add 1680
set 166 177 13843
set 90 45 -2633
set 82 178 8278
add 4339
set 13 7 1924
set 153 77 1650
add 2840
add 970
set 179 163 5503
add -1272
add 1290
set 80 76 25241
add 431
set 42 28 6422
set 106 69 6185
add 2492
set 170 139 22611
add -974
add -1321
set 44 140 6160
set 67 29 24998
set 91 164 18479
add -2883
set 39 56 3977
set 184 162 9605
set 14 47 8316
set 163 138 20124
add 4489
set 151 6 26925
set 173 80 7719
add 789
set 79 169 24640
set 107 31 17891
set 34 133 9335
add 4542
add -6559
set 116 161 20319
set 16 79 7345
set 43 146 7562
set 171 161 7789
add -3105
add 70
set 146 153 3541
add -3555
add 168
set 103 122 18182
set 6 180 8462
set 173 131 6547
add -3722
add -2259
add -1384
add -1427
set 43 44 5708
add -778
set 48 67 -9102
add 4284
add 3187
add 499
set 68 192 14586
set 21 132 4214
add 1603
set 190 21 11068
add -3537
add 3536
add 3401
set 118 152 3667
add 4627
set 178 1 23987
set 160 88 16486
set 153 102 25539
set 6 47 25128
add -3446
add -214
add 3958
add -1400
set 11 59 22622
set 17 189 24088
set 29 39 16611
set 185 144 7140
add -1490
set 134 188 20292
add 519
set 185 16 6833
set 97 150 15434
set 116 144 20345
add 344
add -3956
set 127 78 10569
add 4169
set 121 51 22140
set 75 135 18122
add -2810
add -4685
add 3300
add 657
set 11 19 3460
add 4645
set 183 56 7826
set 11 51 17928
set 2 49 25413
add 1828
set 37 20 9968
add -1232
add 4535
set 178 155 22198
set 121 156 29361
set 140 110 19118
add -6483
set 159 113 14009
add -4145
set 29 109 18882
set 76 153 10608
set 154 82 4684
set 50 42 8360
set 112 97 19685
set 180 106 21758
set 77 74 2293
set 108 21 20832
set 8 20 3447
set 125 189 4343
add 2518
set 20 66 14870
add 3010
add -2672
set 72 141 15845
set 31 64 8229
set 129 97 23742
set 13 17 20891
set 67 49 17064
add -2739
set 27 93 14342
set 4 35 2939
add -708
add 3699
set 175 121 11501
set 5 83 5772
set 127 47 5503
set 183 92 19808
add -4819
set 30 134 14474
set 16 195 19585
set 5 25 603
set 117 85 17759
set 49 19 8718
add -1474
add -2465
set 160 141 -3068
set 192 156 5223
set 60 143 -3176
add -651
add -3327
add -4479
add -1439
set 103 180 -13111
add -3700
set 66 147 669
set 66 197 -16746
set 117 32 -17002
add -1499
set 108 37 -6093
add 506
set 188 80 -18061
set 28 54 -17863
set 29 189 -7024
add -330
add -3127
add -3761
set 42 97 -10270
add -2074
add -2308
set 131 194 -20710
set 127 103 -28107
set 6 1 -9841
set 161 84 -29658
add 2513
add -3473
add 7152
add 4981
add -384
set 152 8 -4254
set 111 163 -18753
add -2464
set 117 105 -21278
set 151 97 -1483
add 917
add 2626
add 4222
add 1365
set 188 88 6682
add -4278
set 122 67 -15094
add -576
add 3524
set 72 175 -3454
set 88 87 -3758
add -179
set 189 181 3644
add -4592
add 1522
add 2885
add 3843
set 56 177 3674
set 163 105 -10045
set 5 75 -6770
add 2371
set 111 23 1460
add -4413
set 143 151 7990
add -4804
add 3236
add 4269
add 3193
set 50 5 -6109
add -2227
add -3833
add -2834
add -4278
set 186 160 -14143
add -4450
add 1181
set 170 179 -8661
add -27
set 194 181 -8108
set 188 49 -8520
set 116 29 -22045
add 1463
set 195 163 -21175
set 107 99 -7686
set 59 146 -5407
set 130 111 -21143
set 55 65 -17492
set 177 29 -20757
set 81 154 -13580
add 2002
add 2225
set 172 163 -16925
add -671
add -711
set 153 197 -18130
set 157 4 -9974
add -417
add 4162
set 10 8 -8631
set 64 79 5361
set 53 42 -6009
set 51 166 -14516
set 12 10 -8298
set 116 60 -3530
set 152 12 -8113
add -1759
set 30 7 -16114
set 75 85 -5793
set 193 63 -4140
add 2168
set 187 119 -5992
set 18 11 -5607
add -2297
add 3958
add -4726
add -2891
set 163 36 -19980
add 4374
add -3095
add 2009
set 92 106 2236
set 144 99 -9219
set 144 162 -3554
add -1377
set 64 123 -2897
set 101 4 -2315
set 11 134 243
set 25 79 -7846
add -2240
set 58 164 -12796
add -4126
add 4761
add -1994
add -1157
add 4304
add 2541
add -4583
set 55 195 -3489
add 3632
set 78 106 -16152
set 193 123 -5674
add -1498
set 155 158 735
set 116 81 -12550
add 2601
set 53 34 -13011
set 13 26 -9210
add -3111
add -1040
add 975
add -1519
add 4044
add 613
set 140 162 1574
set 9 53 3654
add -1254
add -3423
set 175 114 -7883
add -3061
add -3374
add -3715
set 100 78 -20268
add 6338
add -2628
add 3195
add 83
add -2361
set 175 49 -9302
set 57 90 -10753
add -3798
add 4817
set 12 106 -8079
set 178 97 -14934
add -1820
set 94 23 -7569
set 94 151 -19613
add 2221
add -3086
set 62 117 -27859
set 129 57 -21877
add -401
add -3962
set 37 33 -17994
set 28 134 -20273
add 6397
set 130 183 -25777
add 4135
set 118 88 -10429
set 149 37 -15865
set 74 52 -6122
add -485
set 157 35 -16118
add 1500
add -1999
add 1152
add -1435
add -3438
set 116 192 -19295
set 113 8 -12800
add -3681
set 49 113 -29867
set 168 170 -30066
set 35 152 -23707
add 6028
set 24 15 -12465
set 72 56 -23379
add 799
set 80 76 -16770
add -3236
set 20 75 -23768
add 3503
add 1055
set 122 162 -5952
add -30
set 173 88 -9739
add -4728
add -4742
add 5355
add -999
set 49 126 -26446
add 3534
set 185 147 -6663
add 728
add -2073
add 3078
set 109 1 -2818
set 78 61 -6270
set 133 70 -13091
add -1726
set 104 115 -4434
set 131 159 -13098
add -2990
add 4460
set 24 102 -11814
set 79 90 -10965
set 188 82 -9904
add 3708
set 82 174 -18374
add 4530
set 85 111 -13770
set 52 78 -13508
set 184 12 -13740
add -3336
add -2821
add -4178
add 1062
set 181 186 -23177
add -1839
add -862
set 60 138 -18350
set 114 33 -7305
set 125 86 -25780
set 43 33 -10935
set 27 69 -18641
add 1947
set 13 60 -23588
add -3100
set 62 78 -9971
set 158 91 -16327
set 152 157 -26764
set 141 117 -27028
add 2406
add 4008
add -447
add 1252
set 182 166 -19817
add 626
add -2400
set 106 90 -10812
set 45 34 -7101
set 184 1 -6589
add -3711
add 208
set 149 35 -12103
add 4717
set 119 177 -13785
set 109 135 -7177
set 143 92 -7758
set 17 79 -19482
add 4129
set 181 97 3629
add -2035
add 3015
add 113
add -959
set 9 191 -973
add -1996
set 128 52 -18018
add 3595
set 54 111 -14345
set 23 87 -14046
add -1174
set 123 88 -649
add -1448
set 151 117 -17139
add 2934
add -4150
set 51 98 -18238
set 133 32 -18276
add 2329
set 142 197 -15751
add -3712
set 35 127 -13593
add 3477
add 3832
add 4834
set 8 192 698
add 1004
set 100 151 13084
set 161 36 -6373
set 64 109 -6291
set 63 17 1015
set 132 20 -1249
add 2464
set 170 154 3279
add -2452
add -2015
set 125 122 -4417
add -3411
set 49 24 -4763
set 59 63 4599
add 702
set 76 190 1628
set 133 174 -11287
add 1612
add -3410
set 121 196 -6784
set 51 68 1795
add -3205
add -2587
add -569
set 85 18 -19408
add 2911
set 129 128 -16511
set 42 10 -1663
set 75 182 -16198
add 933
set 138 89 -15526
set 126 147 -10434
add 1516
set 41 83 -13623
set 177 194 -3625
add 2250
set 156 118 2998
add -1722
add -1781
add 903
add -65
set 154 89 -14441
add 3355
set 171 116 6428
add -3552
add -2646
set 161 169 -11515
set 165 134 -3752
add -1005
add 3889
add 3916
add 3403
add -39
add -2308
set 54 193 4896
add -1702
add 2838
add 3556
add 3639
set 101 114 13899
set 175 192 10099
add 1758
add -911
set 117 161 11603
set 183 60 8846
add 4670
set 4 104 6778
set 168 138 18708
set 90 23 21142
set 75 176 4446
set 52 115 6085
add -662
add 474
add 3528
add -2670
set 52 50 5595
add 3566
set 111 7 8695
set 146 75 14378
add -3533
set 178 161 6382
set 92 47 5328
add -3800
set 49 188 11843
add 599
set 99 31 11472
add -13
set 29 178 15749
add -4600
add 4484
set 71 32 1858
set 109 198 13775
set 130 129 21069
set 133 147 10259
set 56 142 8989
add -4722
set 28 151 10599
set 173 11 10889
add -3436
add 3451
add -2440
set 137 51 13200
add 4060
set 30 40 14360
add -4998
add -2154
add -672
add 1256
set 134 137 -7937
add -1235
set 186 105 -9155
set 41 133 -8309
add -2619
set 11 141 -3877
set 164 1 1709
add -2327
set 26 83 -13625
add 2764
set 135 10 1716
add 1878
set 29 122 9201
add -4545
set 129 169 5780
add 3159
set 129 107 -9977
set 112 124 -10811
set 179 13 4903
add 252
set 187 192 -991
add 1480
add -174
set 87 49 -8633
add -4740
add 2292
add -4345
set 117 139 -9444
add 2422
add -4854
add -327
set 13 5 -4875
add -4827
add -2442
set 35 46 -9533
add 4999
add -4562
set 138 175 -13271
add 2997
set 183 54 -22620
set 125 177 -7334
set 76 16 -10797
add -3067
set 150 21 -13792
add -3316
set 176 29 -28592
add -2413
add 9338
add -2702
add -57
add 1278
set 158 106 -14585
add -4949
add 1064
set 170 196 -19680
set 190 24 -13066
add 932
add 3745
set 93 8 -9092
add 1276
add -4969
add -4823
add 9050
set 91 180 -22007
add -587
add 4388
add -1345
set 180 21 -11235
add 3208
set 150 170 -16524
add -660
set 67 114 -4138
set 105 115 598
add -128
set 124 164 -1485
add 4671
set 93 70 -3085
add 4378
set 144 101 -8308
add 2880
add -2486
add 1793
add -2394
set 34 160 5793
add -2350
add 1583
set 117 68 -2943
add -2608
add -1081
set 46 127 -408
add -4432
set 195 91 -17154
add 1454
set 72 186 -15905
add -2002
set 47 116 -4865
set 110 184 -8650
set 187 17 747
set 188 42 -6531
add 1670
add -2082
set 114 149 -18368
set 3 54 -11386
add 239
set 9 138 -18016
set 2 191 -4374
add -4567
set 15 192 -22095
set 105 71 -15853
set 18 2 -22283
add -4452
add 2204
add 3478
add 4697
add -4077
set 152 99 -5793
add -2356
set 59 164 -15362
add 3007
add 1965
set 75 191 -18027
set 33 89 -1305
set 121 21 -6878
add -808
add -2209
add 4753
set 139 114 -16194
set 118 149 -16498
set 15 48 -7386
set 56 173 -10002
set 105 133 -7119
set 60 41 -16472
set 18 127 401
set 17 181 -10779
set 83 16 -15835
add -2152
add 2907
add 3388
add 882
add -4071
add -2265
add 4051
set 68 151 -5630
set 112 56 -6611
add -1815
set 79 140 -15580
add -2302
add 3203
set 121 170 -14589
set 187 30 -1197
set 165 39 -14544
set 41 1 -5540
set 58 29 -9511
add 222
add -1779
set 158 26 -10609
set 8 105 -1744
set 8 28 -10931
set 36 129 -7817
set 6 2 2950
set 4 117 -14219
add -3706
set 71 73 -6538
set 162 170 -19893
add 3000
set 132 149 -16949
add -171
set 28 119 -12692
set 79 41 -17099
add 12
add 2390
add -3817
add 3834
add -1243
add -2239
set 74 8 -8516
add 251
set 164 197 -17728
add 2455
add 2531
set 141 83 -3581
set 50 189 2696
set 160 59 -12881
add -4370
add 4145
set 170 140 -13255
add 3167
add 3910
add -1381
set 164 72 -7268
set 44 144 8118
add 826
add -278
add 1229
set 96 176 -5666
set 94 113 -5494
add 3019
add -2078
set 73 137 -4744
set 34 176 -4663
add -1991
add 1633
add 2364
set 120 13 10852
set 95 9 -2716
set 95 47 -2522
add 1280
set 118 4 4418
add -3428
add -3145
set 9 41 -7953
set 31 25 -7954
add 3083
add -549
add 1751
set 108 51 13240
set 182 5 -3815
set 97 111 -3679
add 2453
set 115 11 12461
add 3575
set 39 149 2362
set 150 187 8180
add -4138
set 142 91 166
add 563
add 2470
set 56 34 4145
add -658
set 22 36 1023
add -4790
add 3493
add -164
add -1921
set 116 70 13774
set 67 26 12058
add -1844
set 51 78 -4365
set 47 163 12938
add 4015
add 4126
add 1850
set 28 106 6343
set 148 165 16905
set 60 43 5374
set 55 164 19849
set 149 19 12351
add 3463
add -4747
add -136
add 4105
set 123 120 8086
set 46 93 8057
add 3607
set 186 112 19244
set 32 145 18828
add -8399
add 842
set 89 65 4889
add -347
add -1265
add 956
add -2634
set 102 145 19871
add 1960
add -1950
set 15 75 3488
set 59 12 1142
add 1793
add 1074
add 1057
set 8 23 11099
set 181 194 23412
set 2 68 5858
add -2113
add -4595
add -4929
add -2495
add 4198
add 1921
set 44 184 -1229
add 3938
add -2207
add -4462
add -2995
set 115 159 402
set 194 151 -8525
add -531
add 1812
add 3222
set 105 49 -3981
add 756
add 835
add -2431
add 698
set 167 91 -4428
add -2589
set 63 108 -1981
set 35 44 5715
add -2216
set 14 174 -3498
add -1802
set 74 46 -1321
add -1462
set 92 39 -12582
set 164 73 -1827
set 171 9 -12838
set 110 80 -12739
add -3398
add -4095
set 146 24 -8687
add 4685
add 3953
add -4560
set 93 194 -9382
set 36 15 -6400
set 39 158 -3552
set 147 194 -7991
add -3361
add -4473
set 99 82 -23847
add -2948
add 1646
set 145 72 -25122
set 185 181 -10943
set 188 56 -25222
set 74 164 -6575
add -2708
add -2944
set 175 22 -31061
add 6317
set 186 140 -24783
set 16 2 -24250
add 2337
set 191 129 -14499
set 181 59 -22302
set 166 120 -22259
set 156 151 -20335
set 145 106 -11431
set 25 114 -11670
set 161 80 -22339
set 33 59 -8100
set 116 120 -9302
add -1920
add 3346
set 33 92 -11440
set 84 61 -5427
add -3157
set 116 175 -18010
add -1986
add 2667
set 64 87 -9425
set 10 145 -7045
set 37 84 -5255
add -1976
set 2 155 -18263
set 175 146 -25187
add -4823
add 5244
set 88 127 -15443
add 4579
set 98 149 -20338
set 106 36 -20148
set 12 37 -11009
set 151 194 -4742
add 1119
set 114 20 -17828
set 167 168 -16619
set 47 20 -18818
add 3147
set 8 110 -15792
add 3533
set 145 51 -7254
set 148 71 -1110
add 2785
add -1075
add -1264
set 36 61 1868
add -419
set 105 57 -12144
add -4384
set 43 143 -16637
set 33 134 864
set 138 136 -10803
add 822
set 115 192 663
set 149 21 -7558
add -4005
add 3922
add -436
set 112 102 -508
add 3564
set 41 163 -6574
add 2938
set 150 168 -3771
add -1912
set 175 149 -12080
set 68 102 6996
add 2548
add 1143
add 3246
set 45 132 11278
add -2110
add -3988
set 8 168 -8823
add 1090
set 142 85 6514
add -2573
add 1047
add -1987
add 279
add -3381
add -3866
set 65 153 -20321
add 1433
add -2204
add -341
set 78 77 -21638
set 109 134 -20704
add -2481
add 4998
set 33 143 -9421
add -2734
set 182 152 -16773
add 1362
add -3404
set 106 128 -23946
set 60 56 -23239
add -876
add -3573
add -3375
add 7527
add 163
set 195 148 -9905
set 129 23 -16179
set 21 192 -23481
set 136 166 -24095
add -1964
set 189 23 -18348
add 1001
set 42 45 -24965
add -1597
set 99 31 -10894
set 33 54 -26481
add -672
add -4279
set 86 135 -15336
add 5535
set 114 154 -25375
set 124 11 -9652
set 44 25 -25993
set 25 192 -25461
add -4281
add 6541
add -1122
set 158 78 -17650
set 82 182 -12613
add -4346
set 193 110 -9867
set 63 35 -28874
set 58 100 -13594
add -3195
add 6018
set 66 178 -25239
add 4831
set 46 111 -21493
add 2707
set 144 105 -18906
add -577
set 166 151 -16503
set 149 106 -5526
add -955
add 994
add 2336
set 80 86 -17018
set 148 108 -2557
add -4216
set 17 133 -20496
set 14 164 -20496
add -4122
add 3504
set 21 35 -8239
add 4662
set 124 180 -17075
set 157 31 2741
set 84 71 -4595
add 1364
add -1898
set 103 39 -17621
add 2520
set 122 57 -5044
set 95 55 -9178
add -4606
set 136 57 -8074
add -4339
add -3014
set 78 8 -18096
add -1880
set 183 47 -22476
add -3600
set 32 160 -14953
add 7672
set 180 57 -15569
add -640
set 190 33 -13707
set 53 25 -25644
set 67 69 -15879
set 190 146 -25542
set 117 87 -9900
add -3101
set 44 165 -14717
set 4 39 -22643
add -4705
set 100 116 -16711
add 9758
add 921
add -4578
add -2425
add -3786
set 73 33 -17359
add 7479
add 184
set 4 14 -17362
set 192 193 -25972
add 58
set 99 29 -15249
set 115 3 -24882
set 191 106 -12986
set 88 33 -20509
add -4635
set 180 34 -30461
add 7733
set 167 192 -10004
add -2173
add 2016
set 59 138 -3085
add 4780
set 124 5 -18184
set 132 76 -2990
set 26 36 -17673
add -2451
set 106 72 -20372
add 1975
set 17 22 -11214
set 31 108 -17492
set 111 51 -6096
add 3925
add -1924
set 174 64 -5159
set 24 117 -16583
add 3615
add -2907
add 4865
set 113 133 1397
add 4244
add -4688
add -619
add 3989
add 1160
set 159 25 -7040
set 20 5 10501
add 3792
set 165 166 -3240
add -3915
set 178 6 9785
add -1382
set 17 65 -2605
add -2726
add -841
set 61 7 1303
add -2277
add 155
add -2589
set 41 110 -11280
set 135 152 -16612
add 1695
add 295
add -4360
set 82 56 -18456
add -683
set 134 74 -19800
add -1080
set 53 198 -15322
set 167 3 -20695
set 107 185 -11404
add 1669
add 1635
set 162 198 -1266
add -2670
add 839
add -1001
add 1541
add -3596
set 23 179 -22147
set 156 162 -12617
add -1562
add 1431
add 2869
set 123 31 -4138
set 104 62 -19755
set 114 144 -10973
add 3835
set 146 127 -9643
set 54 12 -15507
set 131 99 -4100
set 138 176 -15938
set 105 103 1818
set 138 42 703
add 5
add -4922
add 146
add 2086
set 163 53 -6501
set 178 31 323
set 140 191 -935
set 140 99 -13297
set 80 190 -8047
set 122 9 -18605
add -1577
set 152 49 -8283
add 1807
set 43 170 -18208
set 148 115 -4476
set 150 88 -11015
add 4229
set 191 137 -14259
set 100 152 -13946
set 172 53 1861
add -4730
add -4055
set 108 35 -10318
set 103 75 -6618
set 12 22 -3043
add 4381
set 27 1 -2796
add 2902
set 125 163 -15571
add 4005
set 6 46 3442
set 93 148 -6186
set 88 146 -1475
set 158 114 -11352
add -2390
add 3924
set 174 81 1732
set 148 27 -9567
set 6 125 -9112
add 2812
add 1361
add 233
add -2643
add 1503
set 112 179 9689
add -3329
set 186 24 -2175
set 170 140 -10264
add -2267
add -2475
set 106 131 -4495
set 156 117 -14976
add -810
set 65 134 -5163
add -2229
add 3279
add 2256
set 188 180 -12274
add -1474
set 155 59 -13830
add 1121
add -1568
add -4757
add 4007
add -3932
set 170 47 314
add 4312
add -80
add 1824
add -3270
set 192 91 -15968
add -1039
add 2755
add -2098
add -1111
add -2354
set 68 141 -8469
set 19 187 -1646
add 3215
set 19 7 -16619
set 79 28 -16411
set 107 118 -1586
add -1462
set 98 121 -18068
set 137 71 -8046
add -3171
set 21 153 -21196
add 1698
add 3968
set 72 38 -7265
add -4477
add 4777
set 174 152 -6941
set 165 8 -9925
set 91 90 2211
add -3797
set 116 1 -13185
add 3817
add -4634
add 4987
set 114 48 -3811
add 2912
set 52 84 4680
set 66 92 -2022
set 97 150 -6548
set 168 116 -75
set 94 168 -1055
add 1226
add 666
set 2 56 7807
add 4871
add -2953
add 3174
add 3133
set 174 26 4771
add 3474
set 175 189 18311
add 940
set 69 113 2503
set 170 152 17902
add -4185
add -2357
set 22 162 11066
set 120 110 13261
add 547
add 2839
set 62 156 16599
add 1521
add -3574
set 79 107 15273
add 3241
set 172 16 2404
add -1344
add 3980
set 70 29 4697
set 143 165 14515
set 141 182 13034
add -1841
add 967
add 2692
set 32 88 4911
add -1392
set 142 162 16039
add 1876
add -1338
set 118 46 19714
set 32 163 19319
add 1599
set 112 122 18720
set 115 188 7280
set 16 174 5589
set 195 10 13463
set 160 46 25142
add -4552
set 39 34 18103
set 194 150 12185
add -940
add 2814
add -786
add -2091
add 3797
set 176 47 9594
set 171 114 20378
set 71 90 23105
add -1477
set 160 50 2357
add 1216
set 13 136 10672
set 178 61 23502
set 73 64 5095
set 168 168 6119
add 1431
add -4513
add 4798
set 109 68 24096
add 3628
add -356
add 3502
add -5184
add -2203
set 146 192 24372
set 32 82 9859
add 1350
set 96 159 16776
set 187 176 5880
add 995
add -2350
set 139 170 4663
add 4275
set 170 151 24434
set 115 197 9112
set 86 86 8954
add 4540
set 83 39 13623
set 130 147 21895
set 46 154 28909
set 7 157 13769
add -9929
set 55 151 3649
add 1080
set 13 65 5531
add 3354
add -4434
add -3358
set 122 57 19858
add 4315
add -767
set 51 167 21280
set 130 2 4129
add -995
set 112 146 12409
set 120 106 8142
set 132 138 13858
set 27 192 11244
add 771
set 69 82 3713
set 129 57 22999
set 85 197 3719
set 176 36 3590
set 126 34 3571
add -1958
set 53 132 13211
add 1194
add 4425
add -3169
set 51 115 5621
add 4357
add 3528
add -7344
add -1081
set 21 146 11326
add -1699
set 22 129 7696
set 68 23 9282
add 4114
set 117 60 20593
set 139 64 10902
add -1923
add -1413
add -2073
set 188 99 13166
add 4915
set 162 45 5281
set 103 88 14191
set 60 131 5613
add -4205
add 382
add -2511
add 3358
set 173 158 16323
add 811
set 10 52 3927
set 142 113 22975
set 43 14 3216
set 78 162 11202
add 1804
set 170 195 13295
set 149 192 16874
set 57 12 5366
add -3269
add -4967
add -181
set 29 93 6108
set 141 69 -3240
set 110 110 16498
add -488
add 3407
set 45 178 18088
add 3666
add -2609
set 157 94 6798
add -2544
add 4526
add 4482
set 116 46 21521
add 1073
set 45 119 20086
set 66 124 8093
add 4800
add -7692
add -358
set 194 29 5210
set 68 50 23169
add 4051
set 190 115 9283
add -3374
add 4847
add -6405
add -1612
add 792
set 159 160 22022
set 178 7 3092
add 559
set 68 26 12602
set 120 22 3646
add 3921
set 112 139 26046
add -2802
add 299
add 719
add -118
set 179 137 5578
add 2097
set 96 44 21744
set 35 106 8833
set 106 9 7792
add 1330
add -3870
add 3207
add -1036
set 63 174 7436
set 39 53 25329
set 184 22 7329
set 79 114 14061
add 4647
add -8285
set 72 141 18908
add 275
add 4304
add -772
add -53
add -3973
add 1974
set 38 12 21967
add -3366
add -1480
add -3786
set 163 99 8944
add 2065
set 6 181 7904
set 167 81 16737
add -1246
set 74 150 8373
add -1710
add -2003
add 16
set 10 112 -2610
set 67 49 3322
add -1300
add 1269
set 57 85 -5876
set 158 95 1766
set 152 175 822
set 189 165 4668
add 2312
add -2512
set 177 52 -6229
set 86 3 -6017
add -4830
add 2641
set 18 7 -8157
set 109 107 1820
set 42 180 -2836
add 3105
set 94 36 10575
add -4325
set 33 85 -8756
set 90 189 10057
set 134 40 1599
add -4976
add -1149
add 2030
add -986
set 165 57 -8000
set 91 88 2743
set 174 37 3820
add 159
set 136 127 -9258
add 1205
add -2881
add -573
add -1757
set 92 30 -17719
set 176 156 -1187
add 1234
add 2948
set 193 20 846
set 174 2 -8036
add -2997
set 17 62 -17282
set 126 90 -6947
set 75 116 -5829
set 167 27 -16846
set 123 109 -17185
add -4824
set 98 193 -22114
set 192 22 -22279
add 4858
add -797
add 1408
add 3876
set 138 164 -4733
set 55 163 -12701
add 1686
add 2357
add 2787
add -1642
set 166 73 1717
set 40 13 4472
set 7 196 -6813
add -1826
set 132 132 -9402
set 18 71 8538
set 90 150 7878
add 2702
add 1414
add -2665
add 2931
add 1534
add 39
set 34 123 14226
set 96 57 -3128
add -3367
add 2430
set 192 101 -4501
set 195 109 3314
add 1182
add 4791
add -1443
add -941
set 109 99 7444
set 108 141 10865
add -575
add 529
set 174 164 17009
set 187 73 6089
set 159 8 6987
add 3169
add -2581
set 77 178 3734
set 9 76 2851
add -2014
add 4931
add 1506
add -1109
add -2242
set 69 194 877
set 141 53 8887
set 182 66 10803
add 2771
add -573
add 3396
add -2922
add -2297
set 152 169 11382
set 129 112 19434
add -3027
add -1471
add -3143
set 192 19 -6013
set 69 191 -6312
add -2247
add -426
set 107 31 4514
add -3599
set 173 156 6335
add 4776
add 4153
set 105 62 -3875
set 22 115 -3529
set 29 84 5124
add -978
add 2083
set 72 186 -2710
add 4448
set 60 44 13650
add 2823
add -3178
set 169 73 16343
set 144 47 11534
add -3486
set 110 73 10064
add -309
add 1231
set 24 14 -747
set 149 187 16070
add -3246
add 4028
add -4159
set 121 168 -2881
set 146 167 6895
set 180 9 -4675
set 88 190 11188
set 44 100 5739
add -685
add -2121
set 178 80 -7441
set 6 134 8069
add -4161
set 49 173 -6350
add 116
add 3717
add -2415
set 180 44 -2557
add 3709
add -3085
set 110 97 10100
add -4899
add 0
set 137 126 -12989
add 2065
set 127 160 -12106
add -635
set 125 149 -13012
add -2264
set 80 188 -13105
add -1160
set 126 117 -16467
set 140 147 -16221
add -1038
set 164 23 -8729
add -4692
add -4731
set 80 180 -26644
set 59 94 -9934
set 44 159 -18010
add -3508
add 5834
add -3293
add -851
set 141 75 -18663
set 195 190 -28649
set 174 159 -28553
add 3574
add 4308
set 158 126 -17525
set 37 9 -20747
add -3680
set 3 188 -8632
set 119 57 -11739
set 87 156 -18025
add 701
set 87 45 -23772
set 146 60 -5565
add 878
add -4199
add -4108
set 157 58 -26093
set 35 132 -23027
set 42 119 -14962
set 160 176 -31280
set 178 96 -31314
add 7035
add -4829
add 2018
set 195 185 -17212
set 24 140 -26962
add 4418
add 22
add -1943
set 152 60 -17369
set 193 21 -8165
set 187 174 -24614
add 4601
add 1764
add -3511
set 83 48 -3593
add -2312
add 4400
add 514
set 194 173 -2529
add -2186
add 3093
add -2349
set 10 82 -4967
set 126 37 -8160
add -1583
add -32
set 47 51 -21682
add 2425
add -3541
add -4174
add 4952
set 80 14 -22431
add -3108
set 72 186 -25507
set 122 179 -14982
add -4056
add 4990
add 4601
set 113 6 -12935
add -347
set 112 99 -434
set 90 175 -4753
set 54 71 -4351
add 3189
add 3500
set 167 133 1881
set 161 36 -13528
add -3327
set 146 4 -9136
add 1808
add 4322
add 2939
set 88 82 -7745
set 150 49 -2667
set 190 142 -7730
set 151 179 3803
set 83 136 11448
add 4126
set 168 185 4570
set 147 9 -3846
set 34 25 -3742
set 174 150 8905
add 489
set 15 50 6954
set 17 86 -2826
set 23 9 2432
add -3134
set 173 93 -6500
add -1692
set 184 98 -8231
add -1158
add -996
set 42 132 -725
set 106 95 4160
set 146 149 -10334
set 56 122 3526
set 159 14 -10364
set 186 68 -1241
add 3309
set 26 138 6546
add -4065
set 65 11 1441
add 3919
add -4403
set 181 36 -11411
add 2603
set 90 188 -6789
add -491
set 179 88 -3877
set 38 118 9823
set 138 117 -9484
add -696
set 190 135 6194
add 3316
set 178 13 5997
add 2067
add -2335
add -2266
set 170 62 -9420
set 148 99 2782
add 2375
add 4807
set 123 17 13387
add 1500
set 154 57 14148
add 3225
add 4243
add 164
set 30 98 7041
add -4427
set 42 47 15262
set 92 137 2519
add 4542
add -149
add -785
set 118 143 6351
set 139 195 7053
set 50 102 22761
set 35 42 14371
add 356
set 69 127 19220
set 109 134 7486
add 1810
set 16 115 24067
set 149 42 24653
add 4867
add -6435
set 96 3 6929
add 4551
set 15 102 27583
set 60 79 25328
set 179 51 19609
set 40 171 26436
set 69 38 21630
set 169 62 11225
add -6029
add 2440
set 138 2 8154
set 9 103 16309
set 72 82 7967
set 193 115 8128
set 188 165 23884
set 27 51 20940
set 74 95 18068
set 135 172 9247
set 43 134 24412
set 60 56 8414
set 175 179 22052
add 3253
add -7818
add 406
add 1773
set 186 177 23859
add 3023
set 185 70 25058
set 139 68 19272
set 30 72 8671
set 107 171 17644
add 239
set 148 115 24871
add 3274
set 5 110 12857
set 155 141 28069
add -6219
add -4763
add 1675
add 4282
add 2798
add -2050
set 136 8 21828
add -3811
set 102 60 20092
add -2367
add -1261
add 1307
set 166 198 15073
add 2915
set 178 119 14526
set 81 64 5950
set 38 132 23677
set 11 139 15322
add -1602
add -1332
add -4365
set 133 79 14609
add 2859
add -2586
add 2910
set 52 6 10924
add -3321
add -3881
add -4188
set 117 27 -10851
add 3526
add 4714
set 52 47 10424
set 65 128 -2862
add 957
add -524
set 48 184 -354
add -4060
set 69 149 -6481
set 31 101 -6408
add 4053
set 159 109 -2335
add 154
set 52 190 7622
set 102 134 -1333
set 19 74 6889
add 4179
add 3201
set 86 64 13053
add 1495
set 182 31 12364
set 195 158 19233
add 1719
add -2478
set 37 14 5857
set 71 192 14391
add -2053
set 75 196 10404
set 7 172 10487
set 123 195 17394
add -996
set 186 92 11109
add -196
add 600
set 170 65 3605
add -2205
add -4566
add -722
add -4658
add -3873
set 79 11 -9553
add -4431
add 1936
set 162 171 -9846
set 1 157 399
set 5 181 3669
add 4680
add 4672
set 173 129 9502
add 4425
add -772
add -3531
add 2546
add 1744
add 353
add -1368
set 182 123 16839
add -992
add -1011
add -3408
add 2851
add 2021
set 159 1 12458
set 129 108 15651
set 81 174 -3156
add -3746
set 188 25 -6988
set 80 146 -460
add 3225
add 2797
set 101 119 6
set 27 108 275
set 195 51 11598
add 1360
add -331
add -3648
add 4314
add -4559
set 88 99 4852
set 180 127 4409
set 68 36 -2965
set 116 171 6594
set 20 134 12055
add -598
set 164 4 10187
set 63 28 -3881
add 44
set 119 139 15167
add 325
add 3852
add 101
set 174 128 -93
add 4516
add 780
add -2909
set 168 39 2487
add -2537
add -2267
add 1993
add 919
add -4239
add 305
add -1976
set 147 85 -183
add 1910
set 81 31 14989
set 50 46 2183
add 4176
set 46 36 1125
set 23 92 844
set 150 44 12528
add -991
set 5 192 12181
set 65 84 15891
set 59 143 -82
add 4569
set 123 124 4202
add 2637
set 76 120 26475
add 3768
add -6796
set 84 156 12544
set 116 97 21624
add -627
set 169 192 9999
set 156 61 19284
set 15 77 11142
set 1 159 13537
set 151 99 17623
set 177 189 8811
set 91 164 15447
add 1734
set 75 167 20939
add -4961
set 83 4 10298
set 84 23 8138
add -625
set 3 64 7986
set 152 109 -497
add 3241
set 13 83 3039
add 1146
set 83 147 20580
set 129 14 3713
add 3978
set 132 177 17313
set 126 163 7789
add 2253
add -8574
set 193 56 1505
set 182 170 1420
add 3477
set 181 38 4986
set 160 159 5044
set 127 114 11335
add -1209
set 156 128 3616
set 144 43 3671
set 142 96 3622
set 41 143 3947
add -910
set 26 144 4085
set 132 165 14032
set 22 57 8648
set 168 135 3133
add -3016
add 4657
set 58 60 15779
add 4908
set 42 168 10320
set 139 85 15780
set 149 139 24222
add -3096
set 146 28 14497
add -725
add -3332
add 4907
set 5 172 20055
set 120 117 7027
set 31 55 21853
set 128 175 21377
add -3435
set 98 180 3852
add -1634
set 56 27 21133
set 81 74 2067
add 979
add -492
add 4605
set 21 168 26454
set 75 24 14137
set 47 167 23888
set 149 100 15119
set 99 186 7108
add 383
set 84 6 16485
set 120 144 21001
set 166 119 14221
add 2543
set 162 3 10222
set 183 80 9979
add -9513
set 124 5 483
set 43 156 12383
add 3215
set 151 49 19729
set 121 139 15018
set 41 198 19817
add 4710
add -2863
add -25
add 1250
set 122 19 14676
set 148 155 23039
set 6 161 10703
add 2828
set 191 186 9544
add -2058
add 1334
add -4917
add 3446
add 4459
add -8066
set 175 49 20063
set 136 65 13460
add 3773
set 105 194 19140
set 193 19 25241
add -3514
add 3009
add -524
set 36 63 19980
add -2963
set 135 178 17555
add -4071
set 104 181 11073
set 113 141 15845
add 1958
set 152 108 16066
add 1
set 152 179 18507
add -2719
add -3733
add 4513
set 67 176 -415
set 166 41 -542
set 105 64 119
add 4273
set 108 119 4695
add 3124
add -51
set 168 172 7357
set 175 40 19879
add 260
set 103 33 19217
set 20 105 26733
set 167 126 25655
set 14 23 8323
set 59 127 23968
add 3310
add -9071
add -2534
add 4140
add -4658
set 1 66 5745
set 13 2 -1247
add 4645
add -1708
add 1474
set 118 82 20466
set 194 196 9642
set 180 191 9009
add 1322
set 55 152 10736
add -2876
add 4476
set 166 19 23099
add 3667
set 47 49 10091
set 115 44 18772
add 1809
add -9880
set 186 109 11867
add -4862
set 17 21 -3271
set 19 165 11059
add 2918
set 131 146 -413
set 122 135 700
set 153 95 16432
set 124 121 9615
add 76
add -159
add -4786
add 1382
set 60 107 -3809
set 49 51 -3741
add -1691
add -3570
set 183 41 -9529
set 190 1 10370
add -1521
add 4749
set 35 59 -6028
add -4399
set 77 90 -5176
set 142 103 5565
add -3532
set 59 182 -13829
set 141 139 713
set 96 138 1285
set 47 98 -14077
add 914
add 1518
set 91 54 -11602
set 106 111 -11646
set 22 129 3498
set 5 48 -7737
add 2889
add -1958
set 152 7 -10761
add 376
set 126 109 -10221
add 2027
set 59 74 -8270
set 178 109 10608
set 18 166 3862
set 96 115 -6735
add 1703
add 546
set 142 122 858
add -4578
add 1998
set 101 23 -3603
set 146 173 4085
set 55 87 6380
set 71 139 4231
add 3021
add -3248
add -2743
add 857
set 51 191 -10582
add 3286
add 3407
add 406
add 2733
add 412
set 15 106 502
set 65 195 16280
add -4053
add -4112
set 53 107 -8365
set 176 35 3742
set 128 137 -8790
add -4618
set 104 86 -13289
add -4984
add -434
add 3145
add -4644
set 102 8 -7327
add -1024
set 77 183 -21166
add -3817
add 1116
add -1484
set 173 40 -9641
set 77 160 -16402
set 165 160 -9878
add -367
set 72 125 -13547
set 119 71 -15467
add -3503
add -3872
set 129 83 -20276
add 8577
set 8 86 -24134
set 171 166 -24693
add -3974
set 17 95 -14156
add -2587
add 7983
set 7 139 -9590
add -2957
add -2243
add 806
set 129 87 -7802
set 116 66 -19445
set 34 100 -21096
set 194 152 -27233
add -4915
add 6374
set 22 44 -8301
add -216
set 124 4 -21140
add 2152
set 94 83 -7525
set 85 172 -23667
add 1799
set 100 146 -20678
add -2277
set 136 169 -19062
set 131 54 -24637
set 139 40 -13988
set 141 61 -10171
set 99 91 -23911
set 10 24 -10053
add -1206
add 4374
set 96 179 -3245
add 2653
add 4250
add -2134
add 2074
add -1986
add -781
add -3817
add 1166
set 55 75 -14970
add -3019
add -4699
add 4696
set 16 117 -11432
add -4810
set 4 152 -14611
add -1031
set 72 107 -27723
set 80 139 -15749
set 64 62 -28934
set 96 81 -10798
add -421
add -2863
add 7406
set 46 193 -12830
add 3110
add 1925
set 26 83 -19380
add -4577
add -3120
add 331
add -2134
add 2499
set 172 194 -11614
add 1244
set 117 31 -16606
add 4013
add -2851
set 131 4 -16367
set 17 34 -22555
set 113 74 -24361
add -4522
set 70 177 -14406
set 98 164 -19547
add 2628
add -4197
add 8875
add 1249
set 57 145 -19571
add -1493
add 4916
add 2543
set 19 77 -13044
add 2818
add -1345
set 177 94 3514
add -2668
set 132 45 -15614
add -1859
set 27 42 -12032
add -3245
add -2065
add -1330
add 2670
set 129 155 -19145
add 1818
set 73 121 -19333
add 1802
set 188 144 -17690
add -2178
set 188 82 -4830
add -3258
set 91 174 -23252
set 122 42 -13330
set 33 126 -21623
set 42 124 -23188
set 167 146 -23068
add -4462
add -2005
add 2376
set 31 76 -26554
add 2849
add 3504
add -4502
set 43 178 -16464
set 81 164 -7971
set 116 114 -10360
add -3211
add 4532
add -4211
add -3519
add 8979
add 2936
set 61 116 -2060
set 5 19 -5068
add -1808
add 2874
add -196
add 3543
set 163 86 -15564
add -1883
add 3290
add -3819
set 151 80 -17977
set 88 135 -11975
set 67 109 -17746
set 23 110 -860
add -117
set 183 6 -9092
add 3633
set 149 77 -14486
add -2246
add -111
set 65 145 -16027
set 153 62 -16876
add -3301
set 11 26 -8665
set 177 128 -20193
add -1170
set 49 9 -21225
set 148 155 -12290
set 143 118 -12961
set 134 5 -21314
add 4046
set 22 171 -6456
set 53 127 -6747
add 2093
add -3030
set 64 96 -18149
add -3640
add -2123
add -2047
add -1601
add -2038
set 3 73 -22804
set 120 65 -16941
set 149 193 -29610
add -1154
add 7025
add 713
set 61 57 -10597
add -4333
add 4532
set 181 43 -22881
set 44 54 -22701
add 4365
set 123 128 -18501
add -824
add 1402
set 148 107 -15955
add -2194
add 1601
set 147 102 -1908
set 15 157 -18151
set 123 64 -17936
set 179 113 -18351
add -3180
add -4816
set 46 61 -11422
add -706
add 1424
set 107 118 -6849
set 2 94 -9449
set 74 39 -25558
add 2553
add -343
set 68 175 -11569
add -3788
add -1224
add 2765
set 113 31 -17381
add -4817
set 96 149 -30609
set 193 60 -24567
add 9870
add 3668
set 85 148 -6811
add -1839
set 195 85 -5100
set 178 69 -18754
add -2975
set 13 162 -19455
add 4576
set 121 175 1944
add 169
add 1404
set 72 62 -15732
set 169 26 3229
add 2662
set 90 136 -7561
add 3166
add -4850
add -2600
set 2 108 -4408
set 75 49 1259
set 8 40 -17095
set 122 127 -829
set 74 183 -4141
set 12 158 -5905
add -3450
set 189 60 -2740
add 3800
set 168 7 -17035
add -3190
set 79 12 -4208
set 25 188 -14636
add -3562
add -4038
set 72 87 -8642
add 4923
add -4172
add -2434
add -4653
add 8930
add -1473
set 11 162 -24245
add 3148
set 20 18 -23495
add -2681
add -4099
add 7007
set 71 37 -5645
set 45 9 -23253
set 152 9 -23360
add -3186
set 192 123 -13628
add 131
set 34 71 -6482
add 1863
set 68 55 -11751
add 2656
add -3953
add 3493
add 1971
set 195 81 -779
add -2986
set 61 34 -16596
set 57 81 -17290
add 4878
set 105 164 -5121
add -4865
add -800
add -4504
set 79 73 -21205
set 133 39 -28466
set 106 54 -28540
add 703
set 173 195 -23776
set 32 14 -8360
add 3550
add -1191
set 138 55 -13830
add 2187
add 3801
add -27
add -3589
add -633
set 146 159 -23642
add 3954
set 87 1 -5728
add -1075
add 3794
add 3223
set 110 8 1264
set 16 170 -13741
add -348
add -4809
add 318
add 367
add 1310
set 148 195 -16194
add 765
add -3723
add 4647
set 147 63 222
add 3875
add 4867
set 92 172 -6114
add 946
add -905
add -4929
set 33 65 -285
add 3621
add 2768
set 111 63 1294
add -2885
set 189 22 -8133
add 1320
add 1128
add 3625
set 81 100 9763
set 16 96 1794
add -4587
add 1417
add 3628
add -3822
add 3829
set 47 14 -1452
add 4450
set 93 123 21275
set 113 192 10895
set 29 43 4013
add -2878
set 113 185 14016
add 479
set 55 42 12252
add -2330
set 72 28 -1328
set 141 164 4349
add 1897
set 122 23 10636
add -4220
add 217
set 41 188 15061
set 130 190 5320
set 27 59 15707
set 165 23 9256
set 185 101 -3923
set 94 106 -2099
add -160
add 3716
add 3991
set 25 101 3784
add 4334
set 87 40 14005
set 147 132 8053
set 176 142 8215
add -4865
add 4621
add -1434
add -1562
add 4163
set 150 177 16036
add 542
set 19 144 10791
add -274
set 187 109 22531
add -2220
set 73 157 7251
set 107 133 12025
set 135 191 18456
set 24 192 7557
add -2688
set 169 161 10838
add 335
add -374
add 4400
set 133 138 14730
set 48 86 8898
set 195 84 8569
set 109 10 26336
add 1276
set 106 112 27178
set 21 128 9995
set 194 142 10117
set 164 189 18813
set 62 55 24677
add 458
set 20 156 28535
set 162 66 28745
add -9141
add -4426
add -2577
add -103
set 44 78 -5531
add -4646
add 3759
set 1 70 4706
set 81 36 11599
add 1597
set 27 102 10186
add -2409
add -926
add -912
set 48 47 -3928
set 180 18 -9520
set 31 95 -9103
add 3359
set 59 156 13836
add -314
add 4533
add -4356
set 143 151 11221
add -1815
set 17 147 -7868
set 40 81 10941
set 94 197 -7749
add 1668
add -183
add -1209
set 158 14 -7790
add 3071
set 107 132 -4559
set 100 181 7678
add 4490
set 174 39 -53
add -2002
set 140 174 -2228
set 179 144 -2044
set 175 122 -850
add -4187
add -3459
add 3473
set 132 17 1930
set 147 13 2131
set 51 13 4163
set 97 93 -6311
add 4578
add -1948
set 155 66 5668
add -887
set 89 135 2796
add 569
set 80 65 6308
set 17 102 4360
set 10 147 10456
add -720
set 16 23 -3578
add 2353
set 59 119 16821
set 78 179 13200
add 4173
set 161 160 21593
set 74 129 9255
add 3172
set 33 13 12688
set 102 167 21266
add -57
add 258
add 3592
add 4008
set 84 33 30349
add -6734
add 4678
add -5959
add 119
add -1136
add 3132
add -2044
add -2135
add -1401
set 120 89 1311
set 111 3 1433
add -4166
add -4067
set 27 14 -6485
add 3562
set 152 193 -3388
set 161 55 12147
add 1404
add 1119
add -4521
add -684
add -1739
set 71 7 -7736
set 94 192 3427
add -3137
set 129 113 -9719
set 117 28 -3597
add -473
add 3961
add -1189
add 3585
set 19 158 11378
set 172 121 7930
add 643
set 20 147 -4300
set 19 190 -4157
add 901
set 84 96 -3523
add -2298
add -130
set 171 192 9813
add 2766
set 44 169 6422
add -2620
set 1 140 4802
add -606
set 41 72 -6109
set 173 5 -6486
add -3879
set 171 102 1521
add 573
add -2922
add -2505
set 53 155 -14460
set 69 53 2971
add 1496
set 86 88 -4566
set 177 55 2431
add -2487
add -679
add 646
add 565
set 36 195 -14929
set 127 177 4439
add -1247
add 3807
set 165 166 -13101
set 149 188 4880
set 151 195 -12163
add 3481
set 37 80 -9459
set 150 154 3845
set 186 176 -9648
add -4235
add 2259
add -4823
set 118 24 1011
add 3633
set 189 35 3023
add 2238
add -3117
add 4620
add 2087
set 175 41 -7003
add 1068
set 48 30 12007
set 6 75 -2594
add -4925
set 119 75 6022
add 2727
set 18 18 -7986
set 22 29 9663
set 75 29 8327
add 457
set 7 67 -7166
add -3111
add 1594
set 54 186 -9033
set 115 172 -8581
set 182 17 4523
set 64 9 -9052
add -791
add 4896
add -750
add 2547
set 183 100 10108
set 162 45 -3244
set 107 89 -3142
set 173 166 -3254
set 138 114 -2897
add -3320
add 3536
add -4856
set 1 136 5608
add -1508
set 112 104 10469
add -3901
set 47 108 -12111
set 98 98 -13244
set 58 100 2459
set 44 79 29
set 159 104 -798
set 146 152 3686
add -786
add -4376
add 3812
set 148 113 -7392
add -72
add -2766
set 34 32 -17324
set 63 70 -16715
add 1367
add -4548
add 64
set 35 43 -19493
set 39 189 -12842
add -4648
set 148 3 -24976
set 168 135 -24827
add -3871
add 1772
add 1758
set 33 63 -12389
add 2155
set 75 78 -9808
add 2570
set 106 179 -3688
add 2643
set 5 95 -8436
add -3145
add 3572
set 37 23 -7226
add -163
set 182 147 142
add 264
add -477
set 82 79 -9214
add -4983
add -3360
set 140 27 -25925
set 46 36 -25990
add -4969
set 10 76 -28257
set 24 188 -11408
add 8732
add 3140
add -3345
add 654
add -2448
add 617
add -1298
set 186 177 -10898
add -3007
add -4013
add 9938
add -2247
set 31 69 -18207
set 166 12 -24589
set 40 102 -19571
add -1137
add 3407
set 23 89 -21621
add 374
add 4093
add 2691
add -4744
add -154
set 104 131 -9233
add -3502
add 2948
add 3179
set 138 60 -171
add -1292
set 169 49 603
add -2780
add -4857
add 2982
add 4565
add -3518
add -2990
set 191 164 -6368
set 94 41 -25458
add -963
add -3237
add -1111
set 36 56 -30030
set 12 169 -15905
add 7065
set 135 7 -23668
set 154 162 -9483
set 43 71 -10487
set 116 52 -23653
set 169 104 -10956
add 1537
add -478
set 91 125 -16074
set 68 195 -15103
set 105 186 -22617
set 44 69 -4886
add 3363
add -1767
add 4219
add 3823
set 177 142 -12775
add -3266
add 1287
set 104 166 -14961
set 122 137 -15028
set 88 88 3488
add 3166
set 167 173 2353
set 48 60 -5199
set 74 91 -10757
set 89 172 -11263
set 24 46 2124
set 50 148 2404
set 123 157 -11572
add 1208
add 1747
add 1597
add 1476
set 176 59 -5749
add -2399
add -1630
set 184 86 -9830
set 173 17 -2950
set 70 197 -9529
add -309
set 107 152 -9935
add -3778
set 25 76 -13110
add 2390
set 97 81 -857
set 79 164 4944
set 34 14 -11443
add 4654
add 4298
set 137 198 5051
set 60 49 9308
add 386
add -431
set 140 14 -2642
set 11 59 5829
add -2360
add 3084
set 92 182 10331
set 136 110 6520
set 163 184 5095
set 69 197 -1594
set 106 158 13053
add 1629
set 42 184 8794
add -2436
set 59 61 8925
set 35 42 16001
set 150 110 8181
set 113 140 -2727
set 111 121 -2444
add 3450
add -2640
set 30 23 5987
add 1042
add 1636
set 142 135 1205
set 188 144 923
set 112 170 894
set 37 104 907
add 939
add 1260
set 70 42 13372
add -4549
set 122 134 5159
add 2020
add -3241
set 110 17 3971
set 154 165 8736
set 63 25 -2725
set 10 50 2896
set 4 37 16007
set 185 30 2328
add -2620
set 108 80 -5343
add 1463
add 3170
set 64 138 10013
add -618
set 51 65 10526
set 20 39 9171
add 4079
set 100 102 16297
set 176 193 2700
set 125 134 3246
add -4629
add 4594
add 1857
add -14
set 146 150 20742
add -2717
add -4271
set 50 47 15408
add -687
add -67
add -2662
set 162 100 5677
add 3169
add -3753
set 183 34 -6411
set 159 27 -5950
set 125 98 -6495
add -2313
set 79 89 -8700
set 32 108 -7633
add -616
set 182 147 7614
set 123 56 -9227
add 3672
set 173 12 -5613
set 36 71 3635
set 143 52 -5716
set 158 180 -5564
add 4684
set 179 100 18857
set 166 195 18570
add -3259
set 45 105 12185
set 139 118 14049
set 140 98 -4342
add -1004
add 786
set 185 80 -4556
add -4598
add 1739
set 79 121 -7110
set 70 7 -7291
set 141 188 12547
add -1209
add -4795
set 6 62 -12559
set 69 83 -1022
set 6 137 -766
add -3282
add 4154
set 187 92 5035
add 4850
set 111 162 -1793
add 736
add -1085
set 160 8 11939
set 78 67 -7665
set 127 10 5833
add 3872
set 124 24 13807
add 758
add -1956
set 35 158 5128
add 4234
set 168 40 18316
add -2654
add 2080
set 107 36 -1472
add -4525
set 95 163 -6105
set 173 178 4294
add 2972
add 3138
add -895
set 33 103 6232
add -2770
set 110 137 -3799
add 1859
set 25 120 9497
add 376
set 37 86 -1251
add -4491
set 122 96 -6041
set 123 62 -6042
add 3336
add 981
add -3448
set 97 194 11905
set 177 96 -5227
set 41 145 12126
set 5 186 14220
set 59 151 -4987
set 126 70 -10
add -803
set 88 142 6146
add -4326
set 17 75 -7531
set 34 86 1922
add 21
add -217
set 149 13 461
set 135 1 5786
add 3012
set 181 173 6684
set 131 89 -7425
add -207
set 10 185 1212
add 1552
add 4467
add 3361
set 28 62 1782
add -3075
add 3056
set 41 81 7294
add 2551
set 36 17 18895
set 45 47 21735
add 4921
set 85 27 9489
set 178 15 23694
add -3345
add 2273
set 168 5 8037
set 159 150 24097
set 109 13 27696
set 65 124 8129
add 3818
set 48 154 27981
set 50 120 12386
set 1 37 31384
add -5164
add 2985
add -3247
set 172 174 6399
set 173 77 6439
set 7 135 7105
add -4991
set 29 124 1566
add 396
add -4273
add 3254
add -972
add 999
add -3986
add -3566
set 113 194 -5663
set 108 134 -5670
add -3487
add -1557
set 102 70 -11338
set 137 183 -11631
add 4225
add -3775
add 643
add -4909
set 26 74 -14737
set 180 46 1
add 1740
set 165 168 -11152
set 174 17 5046
add -86
add -3692
set 168 20 -2229
set 68 21 -1154
set 92 54 -17452
set 61 137 -17541
set 94 184 -1271
set 146 97 -7410
set 164 150 -738
add -866
set 26 4 -17867
add -3021
add -1913
add 1984
add -3093
set 142 185 -5278
set 137 47 -24288
set 19 155 -23729
add 3852
add -4741
add -4635
set 14 17 -23577
set 92 12 -23090
set 97 11 -21297
add -4236
set 27 166 -27388
set 99 154 -24334
add 8981
set 33 24 -10021
add -1192
set 60 130 -10044
add 892
set 193 60 -9234
add -1002
add -2013
add 2649
set 46 19 -8717
set 116 95 -14904
set 60 112 -18027
add 4241
add -2192
set 87 163 -23748
set 60 74 -23759
add 4146
add 4790
set 107 116 -2016
set 121 158 5111
set 137 168 73
set 37 167 -9051
add -30
set 170 72 -14764
set 164 152 -5159
set 9 157 -14597
set 115 180 -14740
set 130 51 1477
set 36 70 -14200
set 81 95 -2292
add 3873
set 17 27 -5792
add 2533
add -1815
set 99 186 -10334
set 68 171 5611
add 1682
set 118 165 3045
set 79 146 -2650
add -4480
add 517
add 3681
set 46 125 807
set 131 183 -8887
set 111 128 -8965
add 2340
add -4373
add -2080
add 3942
add -2629
add 4054
add 3779
set 121 107 9538
set 73 76 12631
add 3545
set 145 63 19052
set 54 155 315
set 132 17 16154
set 25 177 11476
set 135 133 5253
set 69 3 18411
add -3395
set 179 131 6011
set 70 183 11813
add 3557
set 194 18 -338
set 6 41 1270
set 7 124 5142
set 118 111 -175
set 61 105 9774
set 45 133 577
set 21 17 14945
add -3937
add -2138
add -738
add 1107
add -4538
add -1053
set 19 82 3402
set 172 30 -1980
set 56 81 6110
set 38 60 -104
add 868
add 4974
set 47 172 -3839
add -2315
set 90 57 10176
add 3132
add 1837
set 17 174 -2952
set 168 195 11911
add -3345
set 121 175 8983
set 55 60 10445
set 99 90 1780
set 124 177 6923
set 159 68 7443
add 1650
set 53 84 6897
add -1880
set 122 93 -6585
set 146 3 -6366
set 77 132 -6463
set 21 155 -5866
add 398
set 96 37 -169
add -1929
add -4830
set 103 114 -6302
set 90 17 834
set 35 164 -12153
add -1424
set 91 109 -14171
set 57 110 -1062
set 59 70 -13653
set 139 175 -351
add -3269
set 164 26 -6920
set 68 141 -2427
add 2681
set 179 138 -8623
set 140 186 -14984
set 13 105 330
set 100 10 615
set 109 194 -5488
add 257
set 26 80 -14584
add -1830
set 30 98 -16467
add 902
set 86 141 -3705
add -3497
add -1163
set 147 27 -19763
set 68 187 -14709
add -2427
add 4037
add -4344
add 3001
set 67 126 -11825
add -479
set 51 135 -5026
set 151 156 -7951
set 12 155 -19093
set 143 138 -460
add 2891
set 147 83 -2233
set 133 105 -17613
set 58 157 -17316
add 2133
add -1742
add -4030
set 34 87 -2422
set 52 140 -21240
set 142 36 -21086
set 120 197 -21026
add 1791
add -4389
set 174 118 -17528
set 157 176 -23901
add 2197
set 171 65 -21205
set 74 94 -2364
add 3695
set 64 143 -17708
set 71 3 -4553
set 152 79 -6210
set 192 69 -17802
set 141 198 -5816
add 2353
add 3553
add 2461
add 137
add 2876
add -2653
add -724
add -3682
add -1200
set 45 169 743
set 193 162 -4237
set 164 161 -11103
add -799
add 2144
set 93 55 -1751
set 113 143 -13291
set 138 138 -6147
set 171 105 -13530
set 142 40 -5308
set 68 55 -3244
add 283
set 155 182 2789
set 98 69 4455
set 79 188 -2723
add -1331
set 162 121 -7806
add -3366
add -1881
add -4273
set 40 179 -23745
set 117 77 -24058
add 538
set 193 151 -22979
add -3932
add -4691
add 7136
set 78 153 -8985
set 183 99 -13874
set 147 181 -10458
add -993
set 176 176 -26072
add -3182
set 27 101 -29066
add 1199
set 34 108 -26840
add -538
set 73 198 -21851
add -891
add -4994
set 93 10 -14884
set 146 196 -16548
add 6333
set 61 167 -9904
set 25 23 -14428
set 74 159 -22803
add 4473
add -694
set 134 61 -14868
add 3194
add -2421
set 182 50 -23480
add 2105
set 45 118 -8860
set 50 124 -21375
set 94 3 -21240
set 92 1 -5169
set 48 33 -5255
set 14 165 -15435
set 109 90 -1393
set 137 79 -2318
set 50 17 -16282
set 44 104 -21328
set 17 22 -5915
add 591
set 64 163 -20703
add 3006
add 2198
set 19 8 -7633
set 179 172 -15169
set 48 185 -6584
set 26 142 -14766
set 38 27 -6415
set 15 84 -9696
add -2190
set 75 178 -10505
set 184 169 -1602
add -3168
add -2770
add -3069
add -1162
add -371
set 18 160 -27373
set 190 11 -10112
set 154 38 -9653
set 166 140 -28455
add 4030
set 18 22 -8692
add -3333
add -4010
set 33 17 -21758
set 120 156 -21267
set 43 130 -17463
set 104 137 -31706
add 6936
set 152 107 -22791
set 119 154 -24062
add 383
set 39 136 -16773
set 102 145 -17174
set 2 147 -11004
add -2269
set 159 162 -15019
add -4728
set 173 71 -12957
add 8473
add 2036
add -1065
add 522
add -489
add -12
add 2030
add 2003
add 442
add -3653
add -335
add -2201
set 10 171 -11972
set 41 71 -17912
set 96 49 -23001
add 2073
add 399
add -3260
add -280
set 28 174 -24611
set 77 68 -13860
add -3384
add 1812
add -2750
set 110 68 -12729
add -1440
set 185 41 -30530
add 5234
set 181 87 -17327
add 1821
set 53 193 -3427
set 46 5 -23310
set 1 88 -5129
add -3491
add 3614
add 318
add 1944
add -3212
add -3508
add -3168
set 107 46 -12770
add 6427
add 4548
add 1679
add -3440
add 4215
add -4103
add -4591
set 142 60 -9902
add 3432
add -2025
add 3379
set 90 34 -9291
set 96 112 -3183
set 113 57 -20978
add -3260
set 28 88 -15969
set 194 28 -14179
add 908
set 10 172 -6632
set 183 180 -23567
set 18 188 -20032
set 2 82 -5212
add -361
set 61 73 -12439
add -309
add 2930
set 73 20 -20688
set 169 168 -18832
add -4429
set 180 98 -25954
add 3509
add -330
add -2539
set 179 134 -24939
add -2290
set 144 79 -19163
add 3022
set 19 97 -6925
set 115 157 -24259
add -573
add -2662
add 2920
add -17
set 66 128 -24799
add 1138
add 3206
set 162 49 -7594
set 109 64 -19918
set 75 92 -15314
set 41 126 -18062
set 130 105 -20484
add -737
add -4593
set 83 140 -25836
set 83 181 -14383
set 188 81 -6237
set 8 105 -7589
add 3200
set 154 97 -11586
set 20 131 -22295
add -1074
set 17 131 -13394
add 590
set 194 158 -11484
add -4182
set 20 181 -19175
set 4 125 -15006
set 132 135 -26878
add -3535
add 9332
set 169 146 -21317
add -3116
add 4354
add 1136
add -1052
set 118 191 -20008
set 56 44 -1934
set 36 185 -1147
add -1470
add 689
add -3082
set 80 103 -15945
add 3276
add -3103
add -607
add -3637
add -2727
set 25 77 -23712
set 163 88 -18263
set 151 9 -30868
add 6641
set 100 20 -19926
add -4456
set 59 168 -13069
set 185 186 -28708
set 7 148 -25027
add 2974
add 3417
set 144 88 -14645
set 51 3 -3449
add -1646
set 10 26 -5359
add -2112
add 2110
add -4082
add -4881
add 7130
add 204
add -3054
set 49 71 -11496
set 26 86 -18767
set 66 6 -8812
set 65 127 -9417
add 207
set 140 153 -9833
set 89 26 -19091
add -2617
add 7443
set 66 4 -3771
set 194 191 -6292
add 3975
add 1028
set 134 7 -18523
set 94 79 -937
add 1697
add 4817
add -1944
set 16 27 -2267
set 66 122 -4496
set 41 125 -1228
set 109 128 -13985
add 4217
set 157 82 -7296
add 3704
add 4282
add -2520
add 4380
add -2233
add -2408
add 2846
add 1300
set 113 131 7306
add -348
set 180 96 -844
add 1837
add 1903
set 191 190 3041
add 3243
add 3480
add 2041
add -7357
add -2736
set 178 7 1634
set 12 20 15404
add 4370
add -798
add -489
set 128 189 6860
set 113 172 5257
add 3286
add -4638
add -2563
add -2566
add -431
set 83 44 7899
set 52 60 5198
set 53 135 5377
set 70 3 14325
set 8 98 -2083
add -1917
add -695
set 177 61 5793
set 16 32 -4052
add 1285
set 53 89 2137
set 37 137 -3472
set 164 28 3610
set 50 105 10722
set 148 159 -3326
add 1228
set 121 76 6734
set 110 82 -2105
set 85 10 4363
set 19 140 -2226
set 4 185 3574
add -838
add -4213
add -3983
add -2102
set 91 123 -3525
add -2612
add 2028
add 2706
add 4079
add 2117
set 157 56 -4954
add 4127
set 30 165 18090
set 94 20 -229
add -2439
add 4230
set 103 94 13345
set 132 25 796
add 3594
set 81 196 19092
add -199
set 79 45 4257
add 4870
set 148 120 9177
add -4478
add 2686
set 15 132 14272
set 59 53 26547
set 123 74 7329
set 20 66 24911
add 2023
add -778
set 191 151 9092
set 141 77 8525
add 3365
set 31 128 11979
add -7686
add 522
add -2733
set 29 185 11106
set 32 11 12007
add -3038
add -3580
add -3200
set 148 139 9457
add -2439
add 2627
set 91 163 -7518
set 43 8 5195
add -2276
add 4185
add 3749
add 4721
set 108 186 2773
add 4552
set 73 18 7311
add 285
set 115 13 18407
set 97 165 18398
add -4225
add 4646
set 43 37 13504
set 59 173 15956
add 4882
set 134 35 23963
set 68 36 13680
add -6906
set 175 159 6144
add 3002
add 4401
set 49 71 26912
set 78 150 23739
add -8824
add -3389
add 1503
add 1347
set 150 84 4010
add -254
add 1651
add -914
set 97 15 23780
set 154 96 4457
set 148 196 22376
set 175 115 4952
set 5 166 12986
add -2536
add 1500
set 182 189 20290
set 113 136 4365
add 2760
set 33 133 7046
set 93 155 6895
set 81 67 6584
add 3765
add -9229
add 1939
set 120 83 12581
set 163 101 2702
add -2672
set 145 27 579
set 133 65 8607
add -673
add -2232
add -53
add -3665
set 190 178 8933
add -2406
set 119 168 713
add -3539
add -193
set 60 78 -12389
add -2883
add 3703
add -4058
set 133 184 -5213
set 152 30 -15137
add 1483
add -2946
set 134 141 -4723
set 133 78 -1597
add -2051
set 51 38 -19071
add -2776
set 14 155 -20832
add 4274
add -3731
add -3083
set 103 44 -9943
add -1717
add 3473
set 189 87 -12514
add -2964
set 163 98 -26055
set 172 17 -20523
add -978
set 118 6 -8967
set 50 42 -14485
set 30 64 -23813
add -1658
set 119 81 -22591
add -301
add -4302
set 16 42 -25557
set 176 55 -26600
add 7342
set 87 189 -11488
add 3155
set 125 115 -22056
set 22 76 -21946
add 2331
set 146 106 -7109
set 170 23 -11082
set 82 130 -19935
set 26 182 -20069
set 117 165 -2195
set 80 106 -4921
add -130
set 160 8 -9159
set 85 55 -14404
set 69 29 -13237
add -620
add -4978
set 58 82 -25862
set 139 118 -15667
set 88 159 -19415
add -1090
set 55 76 -11345
add -1936
add 3650
add 2327
add -1724
add -3411
add 4726
add 4161
set 132 53 -11172
set 11 130 -18800
add 3473
add -2665
set 163 50 -18555
set 133 87 -1044
add -3697
set 24 50 -9199
set 29 191 -6908
add -1541
set 89 119 -22533
set 53 76 -4535
add -320
set 123 13 -15796
set 109 93 -24159
set 121 174 -24218
set 70 118 -6877
set 88 182 -4538
add -2848
add 931
set 121 59 -26010
set 74 196 -9808
add 1744
add -307
add -3790
add 585
set 129 179 -9836
add -852
set 104 1 -18147
set 60 87 -11854
add 3472
set 103 105 -25210
set 174 8 -7915
set 80 55 -13288
add 1391
add 4813
set 138 34 -18935
set 4 125 -5138
add 4645
add -179
add 374
set 155 28 -1750
set 147 178 -10809
set 25 23 4048
set 186 179 1808
add 399
add -2344
set 73 79 -7066
set 44 160 -14276
set 62 71 3573
set 100 56 1936
add -2561
set 176 28 -13448
set 74 15 -7915
set 53 98 -18658
set 21 173 -12515
add 4357
set 30 74 -13580
set 8 1 4391
add -4155
set 191 180 -18373
set 93 32 -18452
add -494
add -1587
set 156 171 -11976
add -111
add -4575
add 3269
add 2587
add -4521
add 1622
add -1853
set 2 81 -16330
set 7 191 -7036
set 85 107 -7720
set 19 60 -23890
set 65 45 -24116
set 108 67 -22801
set 35 94 -17064
add -131
set 125 139 -14740
set 110 16 -23666
add -3000
add 4088
add 3329
set 4 152 -11129
add -4111
add 2654
set 129 10 -6843
add -3638
set 63 78 -19841
set 4 189 -9924
add 4973
add 3460
add -4759
add 2269
set 130 105 -19026
set 156 18 -19117
set 12 137 -11212
add -2619
add 3753
add -3627
add -423
set 133 18 -22010
set 48 85 -10546
add 4830
set 142 162 -12045
set 53 55 1261
set 75 13 -7309
add -4745
set 25 128 -21787
add 2301
set 180 156 -14125
add 151
add -3566
add -4932
set 70 64 -26316
add -4966
add 7004
set 73 9 -25833
set 20 73 -15972
set 134 180 -25684
set 106 61 -15712
set 109 32 -25836
add 1282
add 2590
add 914
set 19 157 -20746
add 3665
add -2636
set 146 60 -389
add -2859
set 118 111 -22875
set 178 122 -4656
add -1208
add -728
set 43 119 -14328
add -4937
add 2408
set 14 117 -8006
add -4668
set 109 148 -24097
add 8107
set 157 137 -24031
set 3 134 -15437
set 91 176 -23923
add -4844
add 1380
add 3812
add 1078
set 24 54 -22352
add -2655
add 4134
set 195 95 -14751
set 48 140 -21017
add -4407
set 125 49 -24877
add -2691
add 2593
add -1516
add -1475
add -542
add 2793
add 3657
add -3302
add 445
add 4088
set 191 179 -3265
set 50 193 -4101
set 107 104 -4855
add 83
add 1240
set 64 9 -20023
add 4664
add 3357
add 2798
set 141 89 -9230
set 105 83 -1109
add 0
set 168 128 -9318
set 132 48 -8812
add -3585
set 59 122 1388
set 41 55 -7582
set 169 116 -615
add 88
add -4581
add 4989
set 159 112 1023
set 101 93 -12313
add -237
set 156 95 5491
set 100 150 -2939
add 2668
set 152 25 -9959
set 186 4 -2603
set 152 52 -9907
set 22 144 -8581
set 46 119 5934
set 136 172 -8375
add -4681
set 95 184 1165
add 4305
set 25 44 7533
set 179 116 473
set 131 52 -10262
add 581
set 95 14 -9703
set 159 84 -9738
set 9 142 5836
add 1330
set 25 123 2926
add 3782
set 62 88 -4490
set 174 121 724
add -3215
set 87 16 -7153
set 83 49 -7199
set 21 92 -7612
add 2456
set 52 8 13494
add -2773
add 1538
set 68 25 -6552
set 11 129 3586
add 3665
set 114 102 -2516
add -2261
set 116 74 -5145
add -3376
add 276
set 110 90 -2668
add 3928
set 161 13 4123
set 157 169 13820
set 159 25 -4411
add -9
add -4899
set 120 93 -9254
set 172 11 3242
add -747
set 46 181 5737
add 4160
set 172 173 8400
add 2563
add 364
set 21 12 -386
set 6 82 3162
set 95 132 -2812
add -4573
set 25 64 -1644
set 110 170 -7406
add -4124
set 130 61 2420
add -764
set 161 152 7457
set 103 194 -7188
set 142 194 588
add 2244
set 104 89 -10081
set 153 196 9562
set 20 22 6768
add 1767
set 102 143 -8157
set 64 52 556
set 130 190 2216
set 93 38 2802
set 137 32 -8365
add -2125
set 89 25 -10484
add 4710
add -1398
set 40 129 -193
set 151 81 10972
set 137 140 -7255
add 4883
add -785
add -332
set 128 49 -2856
add 563
add 4371
set 194 112 17417
set 170 135 16883
add 2037
set 133 192 23498
add -3459
add 1067
add -3925
add -2911
add 3394
add 1183
set 162 42 15933
set 101 43 -1056
set 96 43 -1051
set 26 131 -780
add -2950
add -4246
add -3024
add 3612
set 36 119 11028
add -2133
add 405
add 672
set 2 164 10160
set 180 35 8604
add -2506
add -29
add -4316
add -4038
set 153 170 -19606
add -4961
add 2311
add -1740
add -1540
add 3079
add -447
set 59 99 -11394
add -3508
add 735
add -3975
set 140 195 -28798
set 126 152 -29535
add 4394
set 140 12 -9129
add -3740
set 162 13 -14991
set 72 133 -11703
add -4582
set 93 125 -18454
set 134 190 -28379
add 7189
add -2986
set 194 12 -29330
set 155 84 -29453
set 162 124 -29489
add -2764
add 5085
add -2
set 44 71 -9537
set 158 172 -19830
add 3499
add -4303
add 3095
add -2850
add -311
add -1710
add -717
set 19 14 -29914
set 134 148 -23908
add 6043
set 54 65 -20678
set 128 23 -10287
set 159 94 -16039
add 893
add 4664
add 1780
add -212
set 83 158 1769
set 156 121 -10813
add -2512
set 39 126 -17315
add 401
set 137 127 -4914
set 82 102 -13020
add 4551
add 4226
add -1862
set 115 123 3398
set 179 179 -6519
add 257
set 30 96 -12109
add 2214
add -4878
set 4 145 -754
set 94 70 -6945
set 108 30 4097
set 39 20 -14412
set 21 159 -8957
set 119 5 -14848
add -12
set 5 149 -2580
set 17 85 -5153
set 76 104 -14787
add -2313
add -1672
set 126 162 -11927
set 103 67 -9067
set 104 113 -964
set 179 106 -12920
set 53 88 -18722
add 696
set 173 188 -18048
set 16 131 -3605
add 3691
add -3375
add -1592
add 1800
add 2529
set 5 195 -7898
add -3057
add 4933
add -3354
add -4926
add -2355
add -1689
set 160 114 -25254
set 48 180 -25259
add -4236
set 149 192 -22671
set 41 53 -22509
set 65 22 -29738
set 55 152 -23748
set 134 87 -15950
set 169 78 -23012
add 64
add -3882
add 8492
set 146 36 -24929
add 2212
set 105 196 -12319
add 4719
set 164 131 -10797
add -4496
set 169 114 -13033
set 188 4 -15186
add -2933
set 181 170 -25574
set 71 132 -25458
add 2739
set 58 173 -11593
set 129 83 -4275
set 172 164 -4492
add 3730
set 4 40 -13372
add -4104
add -3103
add 2945
set 167 95 -14922
add 2650
set 161 104 -18559
set 128 53 -7243
add 3088
set 13 18 -17589
add 826
add -2425
set 86 95 -4573
add 3022
add 1266
set 42 3 -4720
set 113 118 -7823
add 62
set 172 163 -14877
set 40 102 -6744
add -1393
set 190 197 -16130
add 1542
add 3285
set 12 129 -4181
set 112 185 788
add -1109
add 289
set 12 88 -11429
set 17 114 -11342
add -2220
add -3090
set 39 169 1196
set 79 109 -17375
add -369
add -1974
set 142 173 -6683
set 57 109 -4237
add 4314
set 8 81 -15163
add -1158
set 114 7 -16735
set 87 60 -7408
set 22 44 -1157
add -954
add 114
set 170 136 -1377
set 147 12 -3984
set 61 143 -17363
add -1533
add 2914
set 134 187 -9738
set 155 60 -1949
add 868
add 2451
add 1654
add -203
add -2694
set 3 109 1536
add 1937
add -4716
add -1747
add -4954
add 2608
add 3078
set 61 118 -4092
add 858
add 936
set 39 153 -15887
add -165
set 173 168 2667
set 139 131 -1236
set 142 89 -16307
add 2154
add -3800
add 1967
add -1780
add 2454
set 135 186 -15347
add 2311
add -731
add 1721
set 53 32 -11940
add 2558
add 3639
add -2535
set 84 52 7594
add 176
set 180 53 2753
add 931
add 76
add -4873
set 133 166 -12076
set 149 27 -11529
add 2007
add 956
set 74 84 -9045
set 195 139 4588
set 136 109 -8936
set 50 14 -9050
add -3705
add 4728
set 109 110 6018
set 87 99 8640
set 178 124 -8155
set 189 47 792
add 4053
set 105 174 -4044
set 163 149 -4070
add 2843
add -3807
set 29 126 -3361
set 132 55 6450
add 2950
set 54 42 4949
add 1731
set 80 1 14410
set 26 85 4816
set 90 131 5753
add -1832
add -360
add 2102
add 1487
add -3014
add 4221
add 1439
add 3963
add 3959
add -6488
add -4631
set 136 28 6462
add 417
set 96 97 15372
set 54 66 7246
set 62 36 3192
set 148 116 18218
set 159 188 2083
add 3962
set 142 85 22271
add 4757
add -731
set 91 99 15555
add 4072
set 136 135 13424
set 182 6 29335
set 59 81 18316
set 65 142 29391
set 158 7 13020
add -7083
set 64 143 6190
add -1582
set 26 121 4987
add -392
set 82 39 4169
add -1432
add -3789
set 18 40 18159
add 282
set 140 127 6613
set 184 32 -1016
set 4 102 1157
set 164 40 15755
add 1538
set 124 70 11191
set 8 146 1137
set 88 80 623
add -4259
add 4410
set 193 89 682
add 1395
set 174 173 7603
set 48 122 3443
set 41 42 7185
add -4792
set 21 64 1038
set 158 18 -2771
add 3788
add -2251
add -749
set 46 184 217
add 1491
add 1572
set 56 67 1534
add -4732
add 2017
set 17 49 409
add -2177
set 109 4 9614
add -1916
set 128 198 4272
set 57 184 13296
set 71 163 -5521
set 79 58 5960
set 73 9 -5603
add 3751
set 101 25 -1889
add 1592
set 19 57 9751
add -1339
set 116 185 9429
add -1929
add 3295
add -1473
add -2728
add 43
set 27 62 -4363
set 74 146 8603
set 146 114 -4137
set 66 127 -4283
set 49 124 -4382
set 50 172 -2601
add 2662
set 178 16 17068
add 2386
add 3971
set 86 53 16027
add -4091
set 12 137 9701
set 66 185 9177
add 2953
set 105 72 3699
set 107 28 16345
set 98 153 18668
add -4458
set 130 34 -894
set 150 92 16778
add -950
set 121 176 -1968
set 186 153 -1935
add 1843
add -2470
set 72 136 14322
add 2385
set 55 155 493
set 61 127 9292
add -1991
add -308
set 193 24 11685
add 4855
add 3746
add -3554
add 2238
add 4338
add -353
set 171 4 21712
add 1190
set 169 4 22233
set 48 166 10031
add -6775
add 2609
set 32 65 13443
add -340
add 1058
add -564
add -3272
add -456
add -1156
set 66 56 1763
set 154 184 16786
add 4170
set 156 155 7005
set 169 86 5230
set 42 91 16066
add 401
add 888
add 4411
add -7718
add 4089
add -1154
set 1 155 23542
add 4291
set 93 105 10488
add -8518
set 149 46 18067
add -42
add 2497
add -3854
set 25 181 19403
set 122 28 10062
set 151 29 13472
set 87 52 9582
add -1225
add -2862
add 4109
add 3945
add -787
add 1727
set 47 88 5552
add 3029
add -2541
set 58 174 5946
set 24 45 6014
set 35 124 5984
set 99 161 6395
add -3525
add 1838
set 33 48 24042
add -930
set 54 53 17181
add 616
add 2527
set 96 88 11566
add -2019
add 2755
set 48 2 7567
add 3163
set 92 190 28958
set 42 43 21152
set 157 104 15906
add -8131
add -4327
set 61 66 16131
add 4294
add -2090
add -4506
add -2089
set 109 144 -580
add -3126
set 126 190 6138
add 867
set 126 192 1587
set 36 54 -8609
add 1758
add 1229
add -3096
set 38 62 -8814
set 50 124 -8823
add 4319
set 28 91 9552
set 78 12 6985
set 78 97 797
set 33 179 -4225
add -4960
set 37 122 -8164
add 2800
set 62 164 5538
add -1578
set 40 90 -6493
add 3570
set 67 94 6776
set 31 185 1527
set 87 34 5562
set 9 185 10490
add -3980
add 4632
add -1275
set 2 148 13822
add 817
set 164 145 10176
add -3187
set 179 115 -7281
add -1535
add 4787
add 3659
set 6 116 9725
set 41 193 11751
add -112
add 2402
add 39
add -4879
set 36 189 12634
add -4987
set 19 146 3744
set 105 190 10636
set 30 71 9989
add 2538
add 3970
add -1696
add 3969
add -243
add 1250
add 3882
set 112 118 21568
set 102 71 15000
add 668
set 182 97 19936
add -246
set 98 65 6610
set 45 33 15389
add 42
set 36 147 15189
set 59 87 25627
add 4125
add -1834
add -3777
add 2193
set 126 197 6727
set 92 142 12720
add -4483
add -252
set 131 167 21810
set 82 143 2004
add -3424
add -3051
add -920
set 94 130 -4970
add -3838
add -1830
add -4009
set 64 197 -15018
set 26 44 -1433
add -2700
add -4904
add -889
add 4625
set 18 85 -6407
add -3598
add -2364
add 4001
add 3378
add 3288
set 158 188 -13342
add 1006
add 4402
set 88 21 6536
set 192 109 10061
set 56 139 1597
set 104 125 -8676
add 1468
set 145 63 8743
add -1691
set 99 70 3118
set 42 1 64
add -1609
set 79 47 -10664
set 9 193 -4373
set 112 56 -5556
add 1780
add -3301
add 4328
set 41 68 5506
set 177 117 -8177
add -3213
set 111 55 -1933
set 85 88 499
add -1822
set 162 62 -13187
set 39 75 -12876
add 201
add -2616
add -4740
set 189 9 -20351
add -899
set 171 196 -12341
add -1755
add 1840
set 48 33 -7531
add 3815
set 106 14 -17282
add 2840
set 32 189 -1424
add 84
add 3878
add 1646
set 56 70 -8098
add 4631
set 51 135 9086
add 1462
add 4722
set 10 59 8335
add 1818
add -874
set 40 137 2962
set 98 186 2957
add 230
set 68 120 11400
set 29 3 12330
add 3182
add -3483
add 4756
set 48 145 25847
add -4095
set 123 141 11995
add -2176
set 116 197 1582
set 186 146 1504
add -4643
set 57 13 16725
set 66 43 -3216
set 177 121 6382
set 184 174 -3397
set 166 15 4742
set 61 49 7907
add 915
add 2620
set 134 145 18246
set 178 22 158
add -4393
add 4554
add -2996
add -930
add 2256
set 3 33 15479
add 3039
add 4919
add -1635
set 13 89 22526
add 1012
add -1936
set 62 29 16678
set 181 119 11215
set 11 25 4222
set 190 132 4146
add 1851
set 149 3 6204
set 188 69 6145
add 2575
set 127 173 24266
set 161 98 8496
add -574
set 163 185 24930
set 46 40 13887
add -2165
set 133 49 18104
add -619
add -803
add -4190
set 18 187 17121
add -1525
add 32
set 195 5 -1375
add 4380
add -461
add 2235
set 179 163 4879
set 60 194 5007
set 9 57 13604
add -3224
set 187 115 2065
set 175 142 1864
set 69 152 1863
set 163 94 15426
add -4817
set 157 138 3924
add -4867
set 65 102 8766
add 902
add -4818
set 160 55 -3569
add 4468
add 2492
set 152 8 10669
set 14 186 -4891
add 3913
add -2457
set 102 125 4430
set 105 144 12278
add 3280
set 190 87 14341
set 151 13 6409
set 88 130 14682
add -3191
set 154 17 8582
add -4827
set 134 99 2726
set 56 38 -7887
set 147 103 -1139
set 149 67 -8154
set 175 76 4460
add -317
add -43
set 119 127 -6692
set 91 127 5991
add 439
set 141 109 -8045
add 2199
set 93 83 12953
set 18 42 3893
add 3350
set 55 186 -2586
set 148 124 -2703
set 44 141 10055
set 173 158 11713
set 174 38 8263
add -4353
set 190 109 8247
add 1106
set 65 11 6136
add 3885
add -4618
add 811
add 1284
add -1997
add 2004
add 2704
set 143 123 9945
add -4766
set 103 3 -6419
set 7 10 -479
set 51 77 12964
set 89 2 7499
set 63 155 -5908
set 173 124 -6668
add 2310
add -4516
add 1181
add -1934
add 3490
add -3457
set 120 19 6962
add -1640
add -4721
set 28 135 -15284
set 15 62 -15800
add 4019
add -1399
set 77 57 331
add -3776
set 47 168 1514
set 83 28 -1577
set 21 194 -1194
set 121 92 2062
add -1730
add 1395
set 172 112 -9890
set 184 100 -3746
set 59 66 -8434
add -836
set 67 55 525
set 56 45 -18146
set 182 52 -18233
add -3829
set 121 25 -22053
add 1039
set 116 118 -3373
set 118 25 -21011
add -4396
add -46
add -4978
set 41 120 -29936
add 6160
set 116 10 -13269
add -3562
set 26 158 -16929
add 652
add -4407
set 164 160 -31233
add 9548
add 3511
add 225
add -4083
add -3455
set 105 186 -25811
set 76 9 -25791
add 1506
set 34 126 -22702
set 126 150 -9536
add -4307
add 3535
set 50 106 -9142
add -560
set 54 195 -17775
add -353
set 119 106 -16517
add -336
add -3251
add -1676
set 163 162 -23122
add 6656
add 566
add 2455
set 148 118 -6581
set 87 55 -10125
set 41 9 -21521
set 51 142 -9818
add 3778
add 1102
set 37 72 -16396
set 31 174 -16661
set 49 12 2874
set 46 147 -9246
set 14 167 -5105
add -586
add 2744
add -1209
set 189 86 -15789
add -2148
set 69 166 -17863
set 118 99 -7683
add 3144
add 4110
add -1192
set 188 180 -11715
add -4978
set 185 174 -16930
add 182
set 24 103 -2673
set 97 3 -16466
set 173 157 -16459
add 4999
add 1755
add 4013
add 2036
set 66 153 -3593
add 4980
add -1563
add 1730
set 109 35 16855
add -965
add 843
set 100 49 1775
set 177 135 9497
add 4737
add -3575
set 106 141 18697
add 2064
add 2225
add 4669
set 158 126 14600
add -5991
add 2304
add -3023
add 1761
set 180 31 22381
add 4699
add -7823
set 106 27 3529
add 116
set 91 100 18716
set 22 131 3670
add -4210
add -1981
set 129 121 7633
set 125 83 5136
add -3696
add -1354
set 74 68 8087
add -2415
set 88 45 -10282
add 890
set 22 175 -3643
set 19 190 -9143
set 11 10 -6265
set 152 160 5488
set 127 186 -9426
set 166 77 -9463
add -3607
set 57 120 -12563
add 3518
set 54 139 10139
add -315
add -3020
add 586
set 12 80 5477
set 101 59 -12152
add -3308
set 98 196 2210
add 64
set 74 196 601
add -1640
add -1454
add 2716
add 1820
set 66 154 -3413
set 90 23 -4065
add 4310
add 2455
set 178 103 -6760
add 1128
add -622
add -4996
add -976
add -2167
set 71 8 -1378
add 3993
add -197
set 75 92 1363
set 53 24 2504
set 106 11 -5346
set 167 61 8628
set 188 17 7611
add 4936
set 24 132 4426
add -2845
add 1452
set 188 1 7090
set 22 29 11574
set 149 63 8473
set 2 108 79
set 131 114 2219
set 106 18 -7623
add -3397
set 54 3 7260
set 101 45 -10971
set 127 156 2521
add -4523
set 143 146 801
set 2 194 -9520
set 12 1 619
set 56 109 -10449
add -1082
set 10 108 -13140
set 175 109 1735
set 37 178 -10941
add 4867
set 109 140 -11765
set 61 117 -11701
add -4544
set 141 70 -6306
set 67 24 -3792
add 961
set 166 77 -15350
set 49 46 -5463
set 67 175 -9706
set 188 108 -15266
set 129 24 3867
add -983
set 110 9 -16288
add 1344
set 151 81 -3070
add 3116
add -126
add 4414
add 3631
set 141 76 15615
set 128 161 13549
add 3237
add 4673
add 3243
set 6 141 19841
set 40 80 7352
add 2576
set 33 195 10505
set 21 9 23636
set 66 174 9834
add 4071
set 61 63 33373
add -6059
add -2575
add 1925
set 62 13 20433
set 131 4 26747
set 12 196 8012
add 1475
set 139 194 23011
set 131 38 26116
set 144 37 26149
add -1688
set 164 163 6995
add -1958
set 98 78 10969
add 2565
set 143 150 18394
add 4036
set 132 30 28191
add -8685
set 135 118 16708
add 2105
add 3227
add 3265
set 85 86 11600
set 111 189 29864
set 139 23 24477
add -7653
add 1645
add -4280
set 145 72 1442
add -2244
set 33 107 11272
add -2449
add -3801
set 24 145 4173
set 127 195 -4729
set 54 180 -6992
set 123 101 -7234
set 45 190 -7009
set 163 68 5692
set 32 148 -7160
add 2679
set 181 102 12758
set 87 154 15277
set 51 19 12165
set 21 95 4383
set 192 86 -4610
add 281
set 76 59 -4169
add -1534
add -2559
set 63 188 -7883
set 2 29 -1258
set 190 143 10616
set 34 147 1550
add 2121
set 148 167 -1148
add -4701
add -647
set 79 168 -1717
add 212
add -739
set 124 87 -3152
add -1798
set 180 99 -7207
set 149 147 -1343
add 4995
add 3461
set 45 39 2158
add 1063
add 4403
set 105 146 1711
set 10 7 224
add 575
set 60 41 574
add 678
set 37 17 18947
set 158 4 20112
add 4292
set 179 189 25117
add 3275
add -4247
add -4771
add 1204
set 158 175 18966
set 103 194 12593
add 4087
add 2267
add 1260
add -911
set 180 193 7673
add 1545
set 120 175 22501
set 105 137 9194
set 116 146 22574
set 81 195 23060
set 109 182 20748
add 2664
add -8950
set 89 6 18959
set 24 99 9435
add -4702
add 1232
set 184 124 -612
set 141 163 -474
add 1558
add -3455
add -1091
set 137 178 5532
add 1194
add -1522
add 2284
add -4012
set 21 64 -1846
set 141 163 -5518
set 4 18 413
set 100 37 8104
add 4306
add -2115
set 61 58 9278
set 112 151 9223
add -1116
add 366
set 73 69 15217
set 40 30 11206
add -1717
add 1981
add -2338
set 2 26 3979
add 558
add 4715
add 2964
set 130 71 22074
set 186 44 11308
add -4678
set 96 178 9860
add -1623
set 191 166 -4340
set 33 56 -3536
add -2115
add -962
set 157 143 3318
set 108 85 2463
set 138 124 -7384
add -2714
add -4101
set 20 85 -2203
set 56 136 -5823
add -1037
set 88 179 -925
add 4316
add 3768
add -2431
set 20 92 -9345
set 121 21 4948
add 3979
set 169 7 -5573
add 3450
add -3451
set 110 78 7417
add -2585
add 2780
add -2786
add 86
add -4994
set 119 95 4994
add 2406
add 2719
set 86 161 -6200
set 22 183 1172
set 184 33 7451
set 43 108 -6798
set 65 95 4616
add 2973
add -2666
set 122 167 12109
set 97 25 -7625
add -4689
set 163 108 1715
add -4450
add 323
add 4589
set 191 50 -11820
set 84 58 5145
add -623
set 73 120 109
add 3162
set 49 134 4280
set 126 20 -5455
add 3646
add 1967
set 28 8 15986
set 34 185 9361
set 25 42 9182
add -709
add -692
add -2507
set 173 13 -2562
set 120 115 -6930
add 4340
add -2902
set 1 141 -3124
add 2280
set 144 153 -3832
set 183 194 12866
add -3043
add -2593
set 112 70 -321
add 1014
add 2135
set 192 131 12805
add -4637
set 168 146 -10846
add 2918
add 1867
add -4229
set 55 154 -1207
set 110 44 2996
add 3920
set 145 112 85
add -959
add -3870
add 3688
set 93 116 9234
add 1437
add -1862
set 122 148 518
add -370
set 56 188 -7963
add -4188
add 3574
add 1232
set 123 147 11976
set 7 49 -5243
add 4727
set 154 45 -3173
set 78 88 16169
set 180 114 12643
set 174 20 -2507
add 3204
add 4738
set 17 45 4906
set 13 193 18640
set 1 171 11031
add -2234
set 183 156 16593
add 2452
set 128 151 18288
add 2901
set 174 144 8057
add 2063
add -7385
add 2331
add -2428
set 102 43 2550
add 4449
set 160 2 14847
set 107 129 23436
set 185 10 13468
set 124 177 16461
add 1139
add -4214
add -3352
set 15 160 1516
add 4934
add 1916
set 54 126 13550
add -1189
add 3694
add -4944
add -2317
set 191 182 14350
add -865
set 37 183 13530
add 3917
add 1786
add -2028
add 2213
set 21 148 27245
add -3986
add 3295
set 63 10 19287
add -2759
add -4538
add -4233
add 434
add 3304
add -1588
add -28
set 184 23 16586
set 107 37 14420
set 17 176 9211
add 689
add -1958
add -4589
add -920
add -1695
add -2560
set 123 43 -13464
set 21 125 -4116
add -3294
set 78 147 -13459
set 192 143 359
add 483
add -505
set 182 84 -16858
add 2160
set 4 38 1450
add 112
add 1908
add 963
add -1275
add 3135
set 34 19 9780
set 179 27 -9298
add -4252
set 59 100 958
set 86 44 -3812
set 178 21 -2697
set 111 50 -6172
set 148 154 -223
add 1384
add 1277
set 179 9 -11457
add -3961
add -2733
set 2 62 -8113
set 44 193 -4220
set 27 136 -2064
add 2663
set 104 121 -15176
add 2213
add 2087
add -3359
add 4754
set 9 128 -9633
add -1888
set 32 194 -1473
add -1644
set 29 165 3714
set 64 135 1103
set 188 120 -13211
set 92 20 -12519
add 3031
add 2647
set 115 74 -7541
set 6 86 -7073
add -1934
add -704
add -4254
add -3293
set 192 165 -3698
set 2 78 1167
add -593
add -525
set 15 154 -485
set 61 57 -6525
set 156 136 -12506
add -1542
add -1530
add -3827
set 40 54 -25634
add -4395
set 70 99 -17258
set 39 75 -29934
add 9874
add 1335
set 48 11 -18547
set 122 145 1014
add 3950
add -2498
set 171 174 -17605
add 3400
set 173 91 -13840
add 4085
set 175 45 -10090
add 1130
set 40 4 -1100
add -3385
set 110 141 4071
set 133 13 -5964
set 124 121 -440
set 86 173 2832
add 1649
set 175 44 8200
add 1939
add -2242
add -1721
add 4858
add -1695
set 105 22 -9507
set 179 91 -9228
add -1849
set 130 157 -11118
add -3306
add 2589
set 67 93 -12002
add -3933
set 21 19 -6087
set 40 98 -15936
add 3968
add -4576
add 3231
add -774
add -970
add 1008
set 36 96 -14052
add 2413
set 8 149 1622
add -1728
add 33
add -1855
add 2461
set 43 159 -5544
set 159 153 -12737
add 2045
add 1785
set 71 59 -8820
add 4819
add 3759
set 28 170 -206
set 144 21 19512
add 2983
set 186 164 19917
add 1456
add -464
set 165 93 3561
set 160 69 3789
add 1547
set 186 58 15579
set 169 194 23192
add -1766
set 112 27 3671
set 30 43 4442
set 135 42 10102
set 101 38 22083
add -4602
set 115 37 10768
set 116 150 13836
add -865
add 4859
set 4 147 21877
add -3555
add -2805
set 41 188 8559
add 3742
add 60
add 3937
set 15 20 9973
add -2006
set 155 14 2085
set 75 102 21070
set 38 35 21403
add 43
set 85 113 2381
add 2166
set 186 163 4358
add 4668
add -727
set 64 43 8374
add 432
add 4824
set 170 156 26280
set 192 134 15500
add -8643
set 108 194 23684
set 65 17 5202
set 126 46 16542
set 168 129 14730
set 70 106 19659
set 9 122 24295
set 86 81 16981
add 3303
add -2031
add -1773
set 113 27 4697
add -25
set 122 79 20280
add 2578
set 98 191 7138
add 403
add -4750
add 3426
set 189 142 6245
add 2124
add -1537
add -1915
set 30 170 4879
add 2188
set 147 178 10288
add 1737
add -3571
add 806
set 132 31 24206
set 30 192 18028
add 512
add -183
set 114 27 6489
add -4697
set 71 146 16165
add 622
add 4706
set 125 143 7022
add -4631
add 2133
add -3283
add 1653
set 125 187 10805
add 3554
add 1409
add -1119
set 24 12 8828
set 177 83 21321
set 159 115 19250
add 4330
set 72 132 11009
set 83 194 10993
add -9787
add 1840
set 174 20 3556
add 3393
set 46 34 22526
set 56 76 19961
set 179 104 12659
set 120 155 16646
set 34 129 26310
add 1256
add -4286
add -3407
set 122 41 -156
set 18 132 7961
set 136 146 8839
add 1967
add -2807
set 66 24 11317
set 119 180 -753
add 2491
set 36 42 13513
add 4245
add -4668
set 118 180 1316
set 45 27 8875
set 20 24 19645
add 2750
set 151 27 4391
add -3037
set 91 197 1084
add 3171
set 165 35 17186
add -2571
set 20 37 16768
add -2629
set 20 166 12866
add 1681
set 91 93 515
add 1425
set 1 135 20509
add -257
add 3825
add -4329
set 114 147 1621
add 2074
set 67 46 17726
add -3748
add -3406
add -4157
set 91 159 -2169
set 191 165 10197
add 3320
set 178 50 -4725
set 89 80 -4715
set 47 48 9878
add 2977
add -900
add 4437
set 165 15 7959
set 6 12 4290
set 158 103 17872
set 71 65 15359
add 1151
set 81 126 11217
add 1012
add -3156
set 180 47 7805
add -4663
add 4529
add 2289
set 124 12 4894
add 833
set 17 180 17467
set 66 128 3769
add 4108
set 1 51 13070
add -1975
set 137 174 5811
set 58 134 19273
set 31 125 20924
add 1711
add 4222
add -7640
add -1622
set 34 162 3254
add -2319
set 194 177 7034
set 11 93 19883
add 4463
set 123 192 10683
add -2609
set 9 17 7526
add -1056
set 180 147 9371
add 4770
add 2792
add -4377
add 2117
set 8 172 12804
set 16 72 6655
set 71 144 20881
add -3910
add -1226
set 14 126 12544
set 52 160 3054
add 3861
set 38 14 5102
add -2325
add 3683
add -2786
set 103 9 3624
add -2911
add 3900
set 34 174 4652
set 128 139 14793
add 4264
set 107 100 14367
set 59 115 10535
add -1755
set 71 183 18183
set 109 83 21468
add -71
set 35 6 12428
set 64 195 20762
add -1041
add -3403
add 2811
set 67 29 19433
set 109 92 12813
add -4775
set 39 117 679
set 181 31 19997
add 3131
add 3893
set 56 24 25394
add 351
set 89 161 9744
add -474
set 116 88 19193
add -1776
set 54 35 11288
set 143 93 5745
set 67 129 24381
set 157 161 6585
add -1128
add -816
set 77 77 3861
add 4890
set 146 39 8848
set 57 20 9112
add 4783
set 191 174 13379
set 94 84 13520
set 42 41 13528
set 34 198 20077
add -9984
set 18 72 3839
set 109 117 3479
add -3554
add 1376
add -4533
add 2299
set 190 25 -995
add -1103
set 48 160 13246
set 108 164 12466
set 15 71 9589
add -3970
set 166 25 -6044
add 2124
set 62 19 8510
add -335
add 2453
set 133 174 -1790
set 22 82 17524
set 94 74 -1679
add 3077
set 171 20 1969
add -3795
set 78 158 6461
set 33 21 13777
set 152 19 4463
set 107 18 -2492
set 85 106 3187
add 756
set 194 12 -1607
add -3670
set 174 32 -5400
add 2041
add -1835
set 164 147 14112
add -2966
set 189 68 5982
add 2409
set 34 190 -5460
add 3642
add 4852
set 38 99 8813
set 86 50 21743
add -4668
add 4674
set 146 167 22112
set 15 169 10990
add 4630
add 2877
set 21 71 19334
add -6215
add 553
set 99 10 17917
add -2412
add 2590
set 195 80 4756
set 179 106 23195
set 141 116 24668
set 18 92 5000
set 142 185 17539
set 102 151 18753
set 88 122 11968
set 140 42 20887
add 3591
add 3080
add -5830
set 37 80 5755
set 143 158 19633
add -2662
set 28 4 22475
add 4947
add -198
add -4232
add -2817
set 121 53 6899
add -3820
add 3510
add 4960
add 3404
add 967
set 124 73 25683
add -3865
set 168 79 25241
set 10 69 6456
set 146 2 21163
add 982
add 4774
add -5464
add 4443
set 156 105 10552
set 28 56 11306
add -6823
set 31 9 20571
set 112 110 17107
set 66 99 23066
set 111 31 16223
set 194 194 6568
set 117 80 3781
add -3207
add -3248
add 1565
set 25 173 16477
add -1010
add -3115
set 159 116 2660
add 4362
set 42 158 18015
add -1591
add -2791
set 7 95 1936
set 126 9 -5301
set 167 104 13879
set 192 128 -5377
set 159 189 5717
set 181 50 -5239
add -2551
add -4081
add -1204
set 145 187 -480
add 4268
set 148 72 -8650
set 37 194 400
add -1752
set 193 81 1937
add 4297
set 178 196 12833
set 164 1 7890
add 4259
set 33 98 -1983
set 192 77 -2120
set 85 152 -1846
set 123 13 9112
set 103 22 -2058
set 175 179 6554
add -2105
add -3755
add -1469
add -1642
add 1276
add 1498
add -1810
add -859
set 128 190 298
set 148 144 -4095
set 9 179 -10567
add 1026
add 281
set 101 124 -9614
set 141 168 7548
add 2772
set 187 11 11673
add 1043
set 109 188 -4032
add 585
add 4473
add 3773
set 184 26 4506
set 140 83 18562
set 181 128 2957
add -4241
add -3414
set 147 190 -4516
set 76 152 -4405
add 3131
add 2321
add -131
set 119 99 20239
set 190 41 594
add -418
add -3167
add -636
set 33 106 -2470
add -4189
set 95 78 9714
set 89 174 -7715
set 16 56 -6961
add -2664
add 4621
set 191 8 10329
set 99 51 5415
add -336
set 85 110 13413
set 3 3 2192
add 2032
set 142 109 -3900
set 112 152 -3877
set 2 72 12034
add 4990
set 120 33 7432
set 137 105 935
add 2193
set 33 58 3693
set 11 119 16579
set 74 46 11336
set 27 75 15849
set 117 94 14288
set 177 53 15866
add 2456
add -2738
add 4796
set 59 37 18229
add 2958
add -8414
set 25 138 18923
add 4929
add -2085
add -2771
add 2949
set 25 74 5982
add -3783
set 91 18 1406
add 1797
add 4950
set 124 135 21638
add -1428
set 43 114 20659
set 86 137 6726
set 103 182 23884
set 132 35 15994
set 83 117 6745
set 99 54 6833
set 44 50 13366
add -4283
set 138 95 20913
add 939
set 63 98 3438
add -1371
add 1311
add 4715
set 164 25 7994
set 122 54 8121
set 85 41 8052
add -4227
add -3007
add -4480
add -869
add -2268
add -4956
set 190 171 2124
add -1089
set 6 67 3209
add 3600
add -2133
add 835
add -4562
add -1242
add 1267
set 127 73 1044
set 16 126 1183
set 108 129 329
set 106 57 -14693
set 60 45 -15020
set 192 77 -15145
set 195 128 -15169
set 62 163 -14946
add 4538
set 130 165 6888
add -2652
set 37 169 -1178
set 135 90 5795
set 165 185 -4313
add 4537
set 86 161 -6915
add -3116
set 43 140 -11744
add -1979
add 4197
add 2601
set 27 29 9198
add -815
add -3114
add 740
add 4266
set 141 121 5091
set 5 154 9022
set 36 195 -5189
add 4756
set 102 111 -1060
set 67 6 11923
set 127 16 -502
set 117 9 -1122
add 3384
add -2427
set 19 133 659
set 177 105 -200
set 137 42 15779
set 185 48 -113
add 3908
set 74 64 5338
add -1133
add 4739
add 407
set 5 48 11723
add -4206
add 803
add -1466
add -4734
set 142 141 6743
set 4 83 18099
set 110 98 -1851
add 238
set 29 162 17910
set 129 165 4339
set 181 176 -1675
set 193 9 -1685
add 4780
add -680
add 4922
set 145 52 7428
set 39 18 7451
add -305
add 3953
add -6967
add -151
set 38 197 4260
add 4678
set 102 111 8683
set 42 53 26762
add 4209
set 85 134 13838
add -9952
set 175 152 12504
set 65 144 11985
add -1929
set 99 133 16956
add 2812
set 79 126 12003
set 63 59 3910
add -2872
set 21 106 1955
set 24 105 11771
add 553
set 134 15 16768
set 52 195 20308
set 98 197 1699
set 195 116 10746
add -2556
set 32 117 -1057
add 4143
add -2562
set 127 179 16696
add -1063
set 50 48 12639
add 564
add -4584
set 108 47 -4413
add 2230
add -807
add 662
add 1676
set 23 111 -714
set 139 154 -293
set 72 3 9048
set 85 62 -841
add -4559
set 195 112 2246
set 65 126 -3484
add 1388
set 152 122 -3465
add 994
set 147 107 -1079
add 4937
add 1278
set 90 173 12473
add 1320
set 160 115 11491
set 135 86 4536
set 125 196 20817
add -4541
add 4072
add -4429
set 162 158 15587
set 96 198 5729
add 1865
set 89 130 10020
add 774
set 39 51 2685
set 141 159 22023
set 134 163 2307
add -607
set 1 38 20047
set 188 185 19637
add 1823
set 113 109 3649
set 165 48 3532
set 42 10 15818
set 99 55 13818
set 178 41 3369
set 87 7 3537
set 144 176 3431
add -4309
set 178 2 5566
add -905
set 39 109 4292
set 176 149 -1811
set 130 71 7898
add 3228
add 2169
set 96 183 3752
add 25
add 3776
add 1424
set 47 196 22012
add 3419
set 57 52 31730
add -7472
add -2062
set 53 161 16599
set 31 32 2872
set 79 56 3442
add -2745
set 56 189 19442
add 2974
set 64 47 9537
set 194 30 9961
set 97 50 9581
set 89 91 6470
add 2076
add 2237
set 153 13 15995
set 164 78 26072
set 152 198 14649
add 4362
add -7690
set 25 159 13595
add 890
set 80 135 16791
set 129 89 4896
set 175 61 10917
set 63 43 4944
add -4599
set 89 168 1766
set 79 146 13890
add 2995
set 3 118 16790
set 114 117 3228
add 2736
set 182 145 16886
set 24 68 22981
add -344
add -2878
set 21 5 20249
add 2167
set 92 158 16755
add -1971
add -295
set 61 196 16999
add -3282
set 41 190 -354
set 51 135 10798
set 20 4 -56
set 98 73 14135
set 141 34 -507
add 4212
set 117 69 3838
set 50 175 18289
set 27 3 15972
add 86
set 181 181 14336
set 162 37 18420
set 121 81 19281
set 72 193 22536
add 173
set 133 104 21248
set 7 165 21800
add -4003
set 99 132 -34
set 123 181 8369
set 135 194 7974
add 3417
set 105 197 3521
set 20 31 18785
add 858
set 170 28 14172
set 122 33 21754
set 118 10 10193
set 118 148 12963
set 76 107 5371
set 75 49 15310
set 33 16 14432
set 68 174 4148
add -3076
set 178 72 1233
add 4593
set 54 125 11516
add 898
set 88 85 21972
set 56 113 6773
set 96 118 11758
set 123 110 11936
add -3556
add 3547
add -1221
set 154 23 24913
add 2650
add 892
set 35 33 25291
add 4671
set 191 77 13464
set 106 57 13915
add -5131
add -948
add 1561
set 32 66 17776
add -624
set 120 184 21339
add -4183
set 11 61 12538
set 74 178 12236
add -1673
add -2089
add -4703
add 2797
add 4510
add -1506
add -2274
set 90 108 16313
set 123 151 7250
set 195 138 18331
set 21 143 8804
set 122 18 -781
add -1121
add 1690
add -4995
add 4374
set 84 150 12525
add -4773
add 3076
add -3428
set 194 104 10273
add 1736
add 3596
set 160 181 5508
set 13 43 15075
set 55 75 8371
add 4337
set 134 162 22868
add 4977
set 148 122 25659
add -3763
set 65 191 5188
add 2806
add 1368
add 2946
add -5399
set 47 138 19437
set 92 174 6686
add 3505
add -5646
set 190 140 4433
add -2900
set 148 173 11970
add 1771
add 3821
add 2524
set 123 75 16948
set 11 43 29561
set 149 154 17771
add -1326
add -4840
set 174 93 3560
add -2795
set 107 76 7307
add -1825
add 2961
set 130 1 11769
set 113 191 2111
set 38 62 2002
add 868
set 78 84 2862
set 188 195 21192
add 1130
add -4589
set 179 47 17294
add 1859
add 1289
add 104
set 56 101 2700
set 98 160 17051
add -3986
set 162 196 -1152
set 135 60 18590
set 50 167 3785
add 175
add -4877
set 131 110 3374
add 3646
add 3349
add -2123
add -4631
add 3750
set 115 114 11847
set 157 84 -2121
add -3926
set 53 141 3560
set 193 89 -6046
set 30 59 10557
set 103 113 -5839
add 700
add 1132
add -2942
set 128 98 -7153
add 4818
set 126 186 -2313
set 61 93 -2240
add 915
add 4278
set 182 8 21081
set 29 122 7997
add 2862
set 79 187 20161
add -616
set 190 180 5263
add -323
set 30 92 4995
add 1056
add 1327
add -1580
add 4029
set 33 14 9704
set 28 94 10832
set 50 92 26286
set 184 6 18455
set 173 91 9916
add -301
set 54 145 10140
set 132 73 25868
add 2965
add -5556
add 1889
add -2155
set 177 156 15178
add 18
add 4773
set 40 163 28283
add -6267
add -2516
set 142 134 16067
set 107 171 11403
set 163 11 17684
add -3397
add 3219
set 104 64 2890
add 4733
set 101 52 7099
set 159 118 20389
add -3124
set 138 160 4170
add -3664
add -4166
set 194 63 13875
add -2116
set 113 105 -6001
set 138 155 3169
set 191 123 5582
add -1610
set 60 82 -7367
add 1198
add -1977
set 49 73 -1029
set 133 65 2973
set 78 191 -8214
add 4252
set 95 52 -4102
set 172 71 3173
set 7 147 3695
set 1 129 992
set 71 78 15010
set 145 87 2211
add -3215
add -4925
set 146 54 -12260
add -3221
set 21 53 -5875
add 608
add 3132
add 176
add -1447
set 37 58 -553
add -2428
add -722
set 5 172 -2766
set 77 180 -15959
add 2549
set 50 126 -13009
add 2168
set 163 35 7565
set 54 175 -5790
set 43 137 -11462
add -796
add 378
set 125 187 7468
set 121 13 7408
add -1620
add -3403
add 1570
set 190 172 -14911
set 31 112 -8212
set 83 18 -15369
add -2153
set 11 195 -8015
set 152 182 -5663
add -2282
set 35 174 -19746
set 100 120 -13719
add -2175
add -2920
set 122 52 -24855
set 133 115 -24217
set 126 125 -11202
add 4431
set 126 111 -20424
add -3924
add -1702
set 36 118 -18325
set 148 37 -9141
add -2344
set 181 70 -13316
add -3916
set 154 21 -24527
set 3 27 -27289
set 151 168 -12764
set 179 72 -32169
add 8371
add -1832
add -4213
set 110 169 -20253
add 2019
set 122 163 -27928
set 23 95 -20560
set 41 43 -19848
set 67 81 -11104
set 2 173 -16441
add -1712
set 53 196 -10711
add 350
set 50 32 -29265
set 12 33 -27952
set 178 150 -15285
add 3365
set 153 178 -19946
add -77
add 3176
set 47 23 -8148
add -4125
set 90 170 -26911
add 4400
set 39 178 -8257
add -1014
set 87 140 -23654
set 124 171 -10978
add 1291
set 2 67 -12730
add 3459
add 2838
add 4517
set 32 155 -10815
add 781
set 48 68 188
add -2460
set 111 72 -12967
add -4018
set 78 21 1669
set 133 191 -11903
set 159 40 -9240
add -2462
add -1450
set 57 134 -14765
add 3156
set 121 198 -3407
set 99 25 -17979
add -1654
add 4113
set 62 85 -15398
add 823
set 70 152 -14481
add -2795
set 28 79 -6191
set 103 188 -14481
add 1917
set 96 26 -10449
add 4077
set 104 81 8516
add 4253
add 3544
set 121 64 -3144
set 151 196 14930
add -2668
add -1563
add 4242
add 4855
set 143 4 16546
add -863
add 2322
set 127 18 2565
add -752
add 1520
add -2268
set 105 42 12109
add 3347
set 89 131 10209
set 59 106 19308
set 145 65 18125
add 1301
set 36 116 13440
set 27 197 6091
add 2962
set 69 91 9786
set 186 132 8750
add 1895
add -8345
set 37 149 2357
add -2653
set 178 116 8339
set 4 168 1988
set 55 48 10735
add -1256
set 6 144 2059
set 35 153 -1349
add -279
add 3015
set 28 16 6529
add 1042
set 152 153 2205
add -4264
add -2946
set 174 189 13544
add 2566
add -722
set 83 62 -3206
add 613
add -2402
add -4285
set 111 43 -9257
set 23 114 6134
add -1537
add -4308
set 103 11 -6858
add -3203
add -1148
set 112 155 -5581
add 296
set 54 145 -18390
set 79 20 -18439
set 181 195 -15056
set 152 141 -5413
set 5 198 -4281
set 170 187 -8208
set 129 46 -11034
add 4825
set 4 56 1916
add -2217
set 15 1 -4112
set 64 164 -3320
set 194 34 -16534
add -3394
add -4571
add 2410
set 45 73 -12705
set 190 72 -5107
set 177 177 -21624
add -4335
add 2151
add -2744
set 127 39 -26904
set 120 161 -17768
set 41 26 -15593
set 185 2 -15621
add -3164
set 33 36 -29742
add 6770
add 2967
set 48 139 -9047
set 47 21 -12302
set 152 94 -5503
set 36 42 -4023
set 28 37 -9605
set 98 10 -11489
set 49 185 -14452
add 4917
add 569
set 21 42 -7320
set 66 23 -3757
set 107 81 -6067
add -3133
set 25 92 -17948
set 22 58 -17564
add -2693
add 192
add -4425
add 3069
set 153 64 -6686
add -1620
set 114 113 -13023
add 4117
set 38 22 -19442
set 37 103 -4629
add 3470
set 13 73 -5009
add -2964
add 2689
set 115 141 -906
set 97 21 -8868
set 140 42 -1060
set 141 18 -16374
add 4974
set 112 82 -11163
add -3157
add 2693
add 65
add 167
add -2175
set 66 181 -2116
set 49 141 692
add 4790
set 169 195 7323
set 31 177 3011
set 74 114 9874
set 68 108 5002
set 144 126 -4706
add 1398
set 80 1 3545
add 3317
add -498
add -546
set 34 86 -178
set 118 78 1920
add 414
set 107 88 12800
set 61 193 9074
set 20 2 -4452
add 863
add 1922
set 177 44 11452
add -63
set 57 70 -1415
set 5 69 12084
set 194 8 11076
set 99 79 16410
add 1192
set 34 189 584
set 156 165 15812
set 154 65 -480
set 22 64 17413
set 8 181 9586
add 2831
set 88 5 1902
set 80 113 2082
set 38 106 2926
add 4170
set 107 154 21380
set 171 70 25670
set 65 65 12031
set 109 5 6051
set 81 190 15704
add 4318
add -9427
set 144 42 14248
set 149 170 994
set 174 143 6674
add 1533
set 174 83 3932
add -2946
add -2817
add -4092
set 26 73 8828
add 1494
add 4144
set 122 71 13855
set 71 167 16901
add 3058
add -4387
add -1589
add 544
add 2282
add 1270
add 3765
set 169 74 3187
set 141 162 13271
add 4358
add 719
add -3854
set 83 78 20338
add -3354
set 42 7 1286
add 527
add 1193
add 3137
add -159
add 4742
add -6072
add 3780
set 37 179 8541
set 168 124 8148
add 1843
add -5534
add -3804
add 139
set 188 136 1306
add -2396
set 125 7 -1499
add 312
add 1119
set 178 154 16810
add 757
set 74 180 903
set 82 106 6361
add -260
add -2850
set 36 101 -2342
set 129 168 9229
set 109 65 17375
add 82
set 90 7 -2304
set 41 53 12409
set 79 187 12229
set 155 85 16571
set 122 185 7813
set 119 29 -1786
add -2668
set 140 167 12909
add 1507
add -4215
set 11 175 1376
set 174 152 9899
add -3808
add 137
add -4832
add 1679
add 1867
set 118 54 -12636
add 1036
set 185 185 -2112
set 7 3 -3451
add -4676
add -3208
set 41 126 -17125
add -40
set 97 178 -3194
set 128 146 -19324
add -3999
set 34 57 -6496
add -3560
add -2660
set 108 82 -29641
set 178 41 -29909
set 111 6 -12458
add -724
set 1 189 -14995
add 9411
add 2956
set 95 113 -17985
set 139 41 -18227
set 9 3 -8916
add -1653
add -1147
add 1248
set 194 170 -19716
add 4496
set 178 11 -4759
add 4405
set 39 23 49
set 190 8 142
set 60 154 3773
set 69 77 -10767
set 182 108 -10774
add 3567
set 174 96 -7334
set 86 78 1031
set 127 20 -3391
add -1415
set 70 54 -8551
add -4482
add 1212
set 41 19 4293
add 4523
add -117
set 178 87 12160
add -967
set 63 98 -8462
set 142 38 5726
set 25 126 -3031
add 2580
add 3160
set 133 127 15353
add 2152
add -1154
set 82 104 16710
set 104 140 -1798
set 179 182 12395
add 3885
set 182 22 2037
add -4494
add -2233
set 10 145 14648
add 4918
set 101 184 7492
add 2094
add -2765
add 3170
set 57 10 21912
set 7 19 18230
set 93 160 19737
set 155 155 4583
set 122 167 9024
add -3700
add 2952
add -1726
set 75 160 19616
add -1889
add 1719
set 36 4 13109
set 124 194 16066
set 84 114 18752
add -375
set 50 109 19807
add 4214
add -3242
add -864
add -4925
set 195 58 3148
add -1039
set 179 15 4719
set 174 183 -6036
add -210
set 173 12 -6157
set 138 145 2458
set 7 93 4010
add -3916
set 131 121 4847
set 133 14 -10224
set 134 136 -4543
add -4284
add 647
set 102 117 -13843
set 195 107 -4186
add 1515
set 40 166 -12233
set 180 119 -123
set 113 30 4440
add 2703
set 37 16 -8629
set 77 126 8351
set 134 63 -9116
add -966
set 72 98 -10544
set 122 97 2367
add 2806
add -3899
add -2619
set 50 182 -13974
add -2530
set 124 103 -15296
add 1795
set 115 163 -14943
add 2809
set 39 128 -12148
add 662
set 93 51 7328
set 160 142 -10162
set 167 158 7831
set 69 102 -1859
add -705
set 154 102 3992
add -3246
set 35 92 -7846
set 17 191 -4624
set 172 30 -8279
set 81 35 -15132
set 90 98 -15489
set 31 122 -1225
set 133 73 -9968
set 169 165 1946
add -74
set 16 166 -10491
set 24 184 2443
add -1180
set 123 123 -9786
add 1180
set 78 124 -15555
add -2726
add -2393
add 4884
add -1810
set 178 161 -16351
add -1450
set 9 142 -11934
set 159 36 -18916
add 1555
add -3693
set 173 6 -14632
add -2950
set 98 18 -24183
add -4399
add 3864
add -2943
add -2774
add 6885
set 44 193 -13001
add 3607
set 147 157 -19705
set 184 63 -7345
set 36 41 -19871
set 70 127 -12113
set 112 6 -11881
set 4 122 -2914
set 186 95 -12947
set 2 174 -4579
add 1236
add -2880
add 2649
set 65 60 -1005
set 82 106 -905
add 114
set 94 31 -5959
add -3536
add -2214
set 164 179 -14660
set 80 57 -5481
set 87 63 -15909
set 73 115 -22895
set 67 86 -15226
add 4921
set 112 46 -12192
set 15 119 -1318
set 139 170 -19566
set 53 40 -2684
add 4214
set 73 22 -15390
set 34 161 3092
set 183 7 -15437
set 195 34 -15365
set 24 124 -15340
add 624
add 1816
add -606
set 100 16 -12937
set 76 20 -12824
add -4621
add 2966
add -3944
add 2882
set 113 9 -16297
add -1009
add 1783
add -470
add 3501
add -3591
set 36 4 -3942
add 3257
add 4827
set 30 149 -1443
set 194 195 -3554
set 128 116 9917
set 44 110 1761
set 93 182 5205
add 3318
set 6 124 -2892
add 4516
set 45 79 5378
set 182 5 -238
set 42 31 14883
set 106 127 9935
set 54 119 8637
add -210
set 48 6 8795
set 121 87 7894
add -3939
set 77 71 1728
add -1618
set 161 79 3599
set 81 119 2590
set 107 178 -500
add 2994
set 138 124 -2978
set 138 198 9025
add 2636
set 60 3 11678
set 2 80 2096
set 7 190 -12
add 1188
add -3452
add 4018
set 125 128 1430
add -1493
add 4178
add 2364
set 186 176 6426
set 161 142 15466
add 2160
set 160 64 15785
set 51 38 9060
add 823
set 110 44 18760
set 119 130 10952
set 162 126 20102
add -4550
add 3675
set 144 25 8569
add 4232
set 117 24 22573
set 118 85 20285
set 142 32 12845
set 4 44 31120
add -9495
add -97
set 143 77 3230
set 189 51 8489
set 13 48 17619
add 2047
set 49 190 14606
add -1106
add 1723
set 166 149 5862
set 46 133 6706
add 3076
set 176 12 9102
set 65 193 25188
add 1792
add -7885
set 37 49 13852
set 62 55 8201
add 369
set 6 39 3946
set 136 45 3246
set 163 68 20323
set 30 187 15187
add 3291
set 124 3 7555
set 129 121 16590
set 38 77 22572
set 79 69 12830
add -2315
add -1757
add -1818
add 4241
add 2983
set 186 82 24763
add -2298
add -2535
set 119 64 3621
add -2934
add -1562
set 43 149 -1367
add 1503
set 85 53 8474
add -3730
add 2469
set 24 49 9592
set 151 148 14078
add -4518
set 119 14 -5736
set 48 117 -5678
add -1287
set 47 66 8747
add -4285
set 25 32 -11166
add 1847
add -4093
set 74 92 5089
set 80 176 -13502
set 158 67 -13415
set 146 50 -11584
add -3556
set 78 173 -3899
set 105 149 -17079
set 111 67 -15725
set 63 93 -17022
set 165 149 -17139
set 56 15 -10207
set 106 148 -1576
set 148 72 -16883
add 1742
set 80 26 -10221
set 55 106 1759
add 1952
set 70 114 -894
add -2754
add -4841
set 158 147 -11089
add -337
set 168 63 -6227
set 175 181 -7792
add 3739
add -3489
add -4505
add -201
add -1338
set 74 198 -18631
set 109 61 -21887
set 26 96 -24585
set 147 106 -18269
add 2986
add -3726
add 1307
add -2065
set 189 145 -19090
set 87 23 -11026
set 91 55 -15759
add -4900
add 5070
add 4886
add 775
set 58 37 -9098
add 561
add -3291
set 11 135 -24905
set 118 118 -11814
set 166 197 -25333
add -2035
add 4243
set 74 119 -11422
add 658
set 185 86 -22673
set 67 121 -22369
add 254
add -51
set 153 26 -7851
add 2747
add -3391
add 644
set 164 163 -22420
set 162 40 -3871
set 63 12 -22054
add 499
set 188 42 -15478
set 134 45 -21967
add 3533
add 1676
add 2421
add 3481
add -329
set 159 26 1383
add 3130
set 187 197 -7874
add 4167
set 95 176 -3855
add 4862
add -2500
add 1815
set 106 20 1722
add -2750
set 11 96 10232
add -3809
add -1297
add -464
set 38 10 7787
set 50 159 -5037
add 679
set 5 89 10322
set 65 38 4644
add 2911
set 176 160 14320
set 41 157 -4105
set 122 66 14527
add 2316
add 712
set 120 147 -921
set 86 48 14844
set 130 38 14225
set 102 176 -1387
add -858
set 10 192 8183
add -2236
set 155 149 -4530
add 1013
add 1679
set 115 120 7479
set 147 73 5852
add 1249
add 2253
set 195 72 9878
add -2407
set 65 28 -242
set 50 83 -299
set 99 139 17347
set 171 76 12562
add 3624
set 133 16 3531
add 3943
set 157 13 26654
add 539
set 180 41 7306
set 11 152 13446
set 184 184 20196
add -2665
add -825
add 404
add 1894
add 2878
add 491
add 2651
set 95 52 12292
add -6671
set 125 100 16731
set 22 92 5756
add 2338
add -2226
add -481
set 106 150 10697
set 107 83 13923
set 110 16 5824
add 1834
set 166 104 17546
set 62 158 22149
add -2979
add -756
add -771
add 4773
add -1674
set 155 80 5614
add 137
set 168 81 14114
set 128 151 24568
add 1421
add -2270
add -4676
set 95 110 12862
add 72
set 19 82 19557
set 1 36 9448
set 166 156 14590
set 114 90 15345
add 489
add 1467
set 41 76 13592
add 2054
set 47 83 4719
add -3897
set 144 192 9766
set 109 172 941
add 3211
add -3420
set 108 192 17137
add 4562
set 65 166 4821
set 4 21 11901
add -448
add 4816
add -1501
add 2737
set 109 47 10570
set 99 189 24970
set 117 8 22091
set 103 129 29313
set 78 13 24648
set 26 95 12837
set 43 25 10433
add -8406
set 65 33 8570
set 9 107 12516
set 17 141 15110
add 3132
set 37 51 5537
set 23 44 19128
add -2785
add -1187
set 82 140 1113
add -795
set 106 59 433
add 3955
add -1867
set 163 106 7725
set 179 21 22015
add 1254
set 86 67 19938
set 98 97 17696
add 4916
add 3485
add -6995
add -1014
set 170 70 17001
set 13 77 20391
set 96 59 4177
set 38 134 9973
add -2567
set 51 101 1597
set 42 93 1586
set 147 185 18056
set 92 96 1501
add 1491
set 63 112 14751
add 3146
set 54 58 24912
add -2024
add 4502
set 178 191 17921
add 4953
add -7191
set 112 96 6358
set 154 29 20066
set 38 27 23235
add -616
add 2091
add -1083
set 158 119 23946
set 176 34 6835
set 85 73 19057
add 4391
add -9839
add 833
add -1082
add 399
set 14 122 7444
set 59 72 1764
add 3602
set 178 80 5044
add -1023
add -4302
set 171 19 11093
add -578
set 9 81 -373
set 28 10 -443
add 819
add 466
add 853
add -3096
set 36 40 8642
add -1227
add 1391
add -1558
set 164 11 9158
add 965
add 2687
add 2995
set 128 119 22708
add 367
add 4481
set 180 64 25997
add 1147
add 4510
set 103 149 13980
add -6092
add -4953
set 47 175 18368
add -862
add -4863
add -2120
add 1210
set 168 87 3691
set 20 68 7266
add -4334
set 150 41 -8113
add 1017
set 148 117 -7092
add -3768
add -216
add 4804
set 52 55 4318
set 28 138 8094
add -4763
set 87 92 3937
add 1071
set 151 48 -9819
set 53 158 50
set 178 192 -2140
set 85 26 -4069
add 1487
set 12 112 -5049
set 69 19 -8075
set 62 102 358
set 62 178 -7211
add 64
set 158 20 -8232
add -4934
add 3847
set 183 133 -187
add -4871
set 33 155 -13593
add 1868
set 88 197 -12177
set 65 50 -1024
set 70 73 -4611
set 56 169 -11872
set 106 156 -4906
set 53 146 3240
add 4860
set 65 124 -7547
set 74 173 9670
add -4802
set 14 127 6201
add -2128
set 45 15 -3878
add -4622
set 126 89 -19094
add 2732
set 48 141 -10773
set 154 94 -6189
add 2333
add 1207
set 68 92 2977
add 1161
add 3776
set 144 18 -7994
add -3438
set 161 91 -11072
set 173 118 -2143
set 158 106 2704
set 165 84 -11399
set 145 24 8689
set 15 33 -834
set 92 151 -390
set 130 94 -899
add -4211
add 2352
set 13 59 217
set 40 46 1593
set 62 183 -2067
add -4168
add -3318
set 124 51 -13697
set 175 169 -10006
set 157 19 -9622
add 1446
set 20 41 -19197
set 129 100 -10057
add 2449
add -3416
add 1210
set 2 34 -7378
add 1430
add 3687
set 159 154 4416
add -4072
add 4250
set 152 51 4442
add 680
set 16 183 -6935
set 13 178 -4122
add 4028
set 13 141 -1548
set 107 24 -99
set 30 55 -427
add -3762
add 3380
add -4881
set 119 185 -811
set 99 91 -13493
add 3096
set 2 181 7822
set 120 89 -11137
add 1264
add -4892
set 155 134 -9030
add -3916
add 366
add -4431
set 53 40 -7094
set 56 136 -13860
set 56 10 -10854
set 20 172 -4683
add -794
set 155 33 -6427
set 30 122 -12943
add 3800
set 117 151 -12107
add 1375
add 3412
set 170 31 -4492
set 31 65 1875
set 30 174 -14944
add -209
set 11 115 823
set 126 19 -6319
set 109 190 -5612
set 56 4 1293
add 2891
set 191 140 -12437
set 94 169 2101
add -305
add 942
set 36 47 6925
add -4167
add -3941
add 1704
set 34 150 -241
set 87 41 -18086
add 2967
set 106 185 -5711
set 5 119 -8524
set 169 30 266
add -1360
set 42 8 -3451
add 2661
set 16 40 -7848
add 3499
set 1 95 3791
set 166 30 3815
add 1636
add -3108
add 4960
add -2511
set 187 51 5092
add 1560
add 1613
set 128 52 -6137
set 164 168 -3545
set 157 189 10104
set 18 92 -5965
set 124 12 -4170
add 4195
set 56 110 13954
add 3684
set 152 14 1660
add 3886
add -193
set 93 116 24826
add 4051
set 124 130 25609
set 99 101 9509
set 19 109 20090
set 117 34 9585
set 76 33 15924
set 109 85 19665
set 133 182 18223
set 115 163 9536
add 1387
set 129 169 18599
add -8053
add -4494
add -2950
add 397
add 606
set 44 18 -3620
set 192 23 3389
add 1768
add 4012
add -2661
set 12 85 16256
set 81 158 15131
set 73 110 12575
set 137 49 1254
set 17 171 1763
set 50 191 -301
add 653
add -630
add 1424
add -4835
add -3026
add 3839
add -23
set 180 148 15666
set 145 67 -2997
set 155 164 15599
add -23
add 2054
set 126 108 17450
add 2030
add 4934
add 3221
set 47 50 15709
add 577
set 107 149 9673
set 133 156 16490
set 139 70 21351
set 55 88 9776
add -4685
add -4930
set 10 118 1370
set 3 196 5178
set 111 191 218
set 137 50 4383
set 34 189 1584
add 2626
set 45 121 15560
set 20 47 21414
set 1 11 18712
set 2 86 12911
add -4897
add -2423
set 49 182 -4331
set 140 16 -2724
add -1341
set 21 119 14025
set 74 125 11934
set 7 108 2256
add -1955
set 11 190 -7654
add 1283
set 5 179 -6302
set 97 110 5844
add -3768
set 22 80 4235
add 2200
add 2412
add -1051
set 109 49 -6280
add -497
set 167 89 -7364
add 3873
set 36 159 -2993
add 320
set 111 4 11118
set 83 93 -3121
set 167 184 8485
set 143 59 -3103
add 2211
add -4405
set 102 190 5729
set 155 70 3266
set 86 184 14464
set 144 113 5620
set 177 85 6943
add 152
add -2959
add 2984
add -3741
set 2 141 9313
add 3406
set 160 168 -1090
set 146 190 -5415
set 33 97 720
set 16 120 14160
add 3646
add -228
set 48 139 15061
set 131 101 -2083
add -2597
set 161 110 4766
add -3693
add 2131
add 1854
set 180 132 -4380
set 57 45 -4347
add 2360
add -1921
set 166 62 -4039
set 140 86 -3944
add 1193
set 183 144 -2652
set 14 32 -2036
set 133 136 14967
add 2018
add -4132
add -3533
set 118 118 11112
set 30 29 3400
set 72 131 -1077
add -4533
set 20 179 -12615
add -4462
add 2543
add 3806
add -612
set 111 169 3516
set 102 195 -4804
add 587
add 2183
set 76 61 10804
set 138 78 -1668
set 195 18 -9032
add 2026
add -4323
set 137 34 -11100
add 3344
add 902
set 137 29 -1752
add -1553
set 76 112 11141
add -4802
set 137 43 -13307
set 158 56 -13177
add -3545
set 107 5 -16859
set 162 145 2610
set 91 146 -9478
set 117 58 2505
set 64 48 -16159
set 86 184 1815
add 2500
set 39 183 -2343
add -4460
add -3594
add 1471
add 89
set 56 189 -6768
set 37 133 -20053
set 96 3 -20674
add 4584
set 190 198 539
set 174 99 -2980
add -3760
set 144 77 -20051
set 99 82 -19849
set 107 23 -3280
add -3712
set 96 130 -8004
set 171 149 -23799
add -4702
add -3828
add 7160
add 888
add -411
add 3579
add 337
set 111 85 -1847
add -2775
set 43 100 -8098
set 179 4 -16856
set 48 9 -23430
set 109 190 -7108
add 3178
add 4622
add -4518
set 93 166 -20188
set 186 154 -13822
set 125 150 -8662
add -3166
add 3987
add 1112
set 171 162 -10679
add -3337
set 15 95 -9412
set 89 13 -6124
add -4155
set 133 84 -25778
add 4145
set 14 185 -9174
set 188 49 -6612
add -837
add 3188
add 1984
set 164 121 -7179
set 42 181 2204
add -1853
set 4 28 -13348
add -3265
set 69 158 -15573
set 32 139 -10265
add 137
add -1549
add 3542
add -145
add 2407
set 21 166 894
add 2415
set 44 87 1311
set 149 172 -14294
set 147 119 2520
set 36 145 -9945
set 158 14 -15663
add 3554
set 17 193 3973
add 1035
add -4580
add -696
set 71 131 -2360
add -2819
add 2314
add -2174
set 87 122 -10593
add 1380
set 95 65 -16729
set 121 42 -6843
set 35 36 -17102
set 117 145 -17294
set 152 57 -10891
set 135 82 -6852
add 3674
add 4805
add -268
set 36 172 -8056
add 4779
set 155 134 13349
set 87 175 12245
set 145 160 -4356
add 2681
add -4575
set 101 59 -6386
set 180 19 9647
add -3580
set 47 7 -9862
set 172 190 -9994
add 153
add 4981
add -4287
add -1321
add 1798
set 149 152 4071
add -4267
set 189 154 -7592
add -3657
add -4082
add -3939
set 3 172 -19341
add -2223
set 122 167 -15943
add -4386
set 108 170 -31210
add 7763
set 86 40 -4308
set 119 78 -8853
add 4427
set 41 85 -4950
set 191 192 -9773
set 74 26 -12188
set 98 38 -11087
set 105 108 -4320
add -650
set 175 39 -19648
add -2177
set 140 75 -6685
set 11 166 -19992
set 186 142 -21728
set 124 112 -14982
set 163 120 -21867
add -1419
add 3943
set 32 10 -19031
add -4222
set 101 169 -10644
set 136 119 -14764
add 762
add 101
set 136 77 -22787
add -1852
add -2327
add -218
add 2165
set 123 168 -23282
set 116 144 -10387
add 3178
add 3907
set 136 13 -10071
add 1621
set 89 24 -5997
set 116 172 -15782
add -2607
add 1293
add -632
add -690
set 180 126 -18467
set 84 162 -11496
add 2580
add 1538
set 109 47 -14621
add 434
add -1145
add 1761
set 70 15 5517
add 3450
set 92 104 8159
set 25 23 -4066
set 61 145 -9524
set 123 51 -1142
add 1439
set 192 81 -2947
set 89 170 -8768
add 38
add -3630
add -2846
set 46 197 -15013
add 3766
set 81 193 -1389
add 2283
add 3676
add 1091
set 79 81 11034
set 166 29 -4075
add 1574
add -3478
add 4600
set 151 177 15496
set 64 40 9429
add -107
set 18 71 13036
add 3947
set 162 128 1975
add -1431
set 47 162 1308
add 3900
set 41 9 4575
add 2652
add -149
add 4644
set 99 175 25455
add -6641
add 2004
add 3861
add -6665
add 1563
set 49 110 22768
add -1624
add -3834
add 1773
set 87 83 10374
add 2149
set 137 167 11998
add 3702
add -574
set 35 166 18761
add 3274
add -5978
add 4892
set 44 197 9859
add -3910
add 1279
set 135 16 15680
add -482
add 957
set 20 61 13988
set 98 129 13422
add -838
add -492
add -2891
add -476
set 101 14 2696
set 37 62 2757
set 108 12 14499
add 3968
add 2560
set 151 117 9161
add -598
add -4544
add 2906
add -593
set 82 82 6597
add 487
set 6 49 9506
add 1607
set 167 135 8867
set 70 82 8751
set 55 178 11539
set 11 43 27380
set 171 55 26106
set 29 151 28283
add -2620
add 2021
set 157 122 8445
set 91 182 15780
set 160 160 8183
set 118 186 7897
set 119 177 20081
add 3703
set 71 8 25132
add -6337
add -3846
set 119 103 3978
set 148 177 18045
set 75 143 1657
add -193
set 187 191 14923
add 406
add -3829
set 188 158 7895
set 6 176 7074
add -271
add -1969
add -132
set 16 78 3424
set 44 159 5465
add -4328
set 132 65 6873
add -1577
set 131 8 -3526
set 56 43 -10390
set 11 68 7294
add 4862
set 122 27 -5334
add -1733
set 176 1 1590
set 71 35 -6972
add -3610
set 62 101 -10873
set 125 148 4326
add 1581
add 4593
set 90 102 459
set 108 25 -4791
set 19 131 -4459
add 4541
add 1587
set 84 193 9658
add 3747
set 30 53 21193
add 2324
add -2372
add 4469
add -4435
set 131 108 14661
add -832
add -3566
set 142 27 1215
add 543
add -1803
add -702
add -1887
add 4455
add -4697
add 4319
set 190 31 15666
add -2492
set 69 179 16367
set 39 94 7431
add 975
set 35 158 13052
add -4087
add 3195
add 542
set 62 10 12476
set 135 122 -239
add 79
set 55 175 7292
add -3550
add -3484
set 87 81 6348
add -2204
set 69 77 -10067
set 124 193 -10078
set 77 90 6173
add -4226
set 43 36 -13869
add -1085
add -4171
set 118 57 -11373
add 336
add -1891
set 122 16 -20538
set 65 28 -20698
add -2983
set 164 15 -16375
add 2727
set 81 4 -11804
add 770
add -2714
set 46 16 -21846
set 178 196 -17122
add 2858
set 50 82 -8806
add -2632
add 3845
set 151 79 -13743
add 3337
set 75 100 -3346
set 66 165 1174
set 168 63 2070
add 3908
set 116 62 -12064
add -434
add -2688
add -2048
set 28 113 -16960
add -3150
set 44 48 -14385
add 832
add 211
add 1231
add 917
set 80 193 1539
add 1548
set 34 16 -3949
set 74 181 -5789
set 68 172 -14960
add 4864
set 41 34 -9266
add -407
add -3732
set 14 191 4788
set 126 152 -14734
add 4915
add -2243
add -2310
set 119 133 -7131
add -2089
set 67 14 -16595
set 79 27 -16299
set 26 142 -15764
set 80 74 -16551
add -94
set 84 42 3073
add -4569
set 150 182 -13955
set 109 79 -6356
set 11 54 -21111
add -1599
set 194 23 -4866
set 98 33 -9510
add -4737
add 3255
set 105 192 -6958
add -4754
add -1739
add 9005
set 154 145 -13677
add 3138
add 1613
set 144 11 -16620
add -4796
add -723
add 2945
add 2026
add 1431
set 159 91 -10496
set 17 168 -6179
set 78 15 2708
set 167 82 1760
add -3937
add 109
set 116 92 -6265
add -508
add 4439
add 4040
add -3755
set 17 91 -5908
set 50 134 -4416
set 163 73 -8853
set 11 103 3007
add 566
set 86 94 -5488
set 171 195 -3929
add -36
set 183 190 -15238
set 40 89 -4664
set 172 8 -4924
add 4180
set 176 155 7447
add 1086
add 4900
add -3278
set 122 3 -7417
add 3755
set 176 186 -4717
add 1794
add -2800
add -1685
add -1717
add 4661
add -3450
set 194 160 -1171
add -3223
add -3275
add -3415
set 177 44 -3161
set 59 51 -17356
set 147 20 -17644
set 69 170 -17641
add -958
set 147 122 -208
add -3569
add 376
set 76 187 -10692
set 183 165 -8147
add 3748
add -4977
add 3229
set 77 62 -19906
set 152 150 -10548
add -2545
set 130 94 -12423
set 61 157 -22170
set 170 110 -14727
set 184 95 -16973
add 4207
add -4457
add -2869
add -1037
add -946
set 53 131 -27277
set 147 19 -17251
add 1914
add 1853
add -2415
set 87 140 -26237
add -2853
add -1870
add 9977
add 3833
set 17 49 -15173
add 3322
set 67 152 -13586
set 114 192 6036
add -488
set 108 158 -3529
set 102 30 -12973
add 3970
add -4258
add -4858
set 129 110 -2955
set 94 20 -18706
set 110 106 -10994
set 74 147 -13734
add -2221
add 2623
add -3478
add -1673
add -4397
add -2700
add 9613
add 3361
set 16 176 -8435
add 4307
add 2335
add 210
set 42 83 -11052
add -10
add 952
set 161 65 -10059
add -4552
set 156 170 -15029
set 108 91 -14299
set 130 7 -15044
add -1767
add 2173
set 191 124 -14761
set 88 133 -552
set 113 147 -14186
add -3549
add -3268
set 72 108 -2460
add 2883
set 186 15 -1289
set 107 83 -11920
set 168 170 -18569
add -889
add -2621
set 34 61 -21977
set 26 165 -14421
set 129 146 -21842
set 176 164 -8052
add -1993
set 96 181 -9942
add 2058
add 4510
add -1783
set 89 75 -8868
set 185 169 -3846
add -1000
set 57 129 -15233
add -1685
set 176 103 -12254
add 3598
set 92 71 -17997
set 49 15 1099
set 83 127 -9689
set 186 186 -18471
set 176 42 -6879
set 13 120 -6545
set 188 6 -6286
set 192 18 -18526
set 194 184 -4930
add 1619
add -818
add -3156
set 123 90 -8473
add 1768
add -4615
add -3665
add -2870
add 8042
set 33 122 -20750
add 569
set 113 39 -21356
set 10 75 -6385
set 165 77 -21574
set 147 3 -21307
set 157 123 -2411
set 195 175 -12446
set 95 120 -5430
add 4028
add 2172
add 4308
set 93 71 -4442
add -1781
set 111 115 -11166
set 181 144 -12681
add -4475
set 21 189 -9562
set 161 122 -16733
add -4221
add 4705
add 4512
add 5000
set 44 65 10040
set 80 93 -7235
add -344
set 106 175 -418
add -1666
add -3844
set 104 119 -12254
add 2598
add -400
set 158 63 2713
set 148 102 -2402
set 34 35 1719
add 232
add -859
set 147 101 -11565
add -4135
add -4046
add 2254
set 101 78 -7716
set 118 145 -17201
set 14 108 -15380
add 3267
add 1775
set 146 72 -12245
add -329
add 1775
add 3573
set 192 132 -7419
set 178 69 -7259
add -3496
add 2653
set 131 50 65
add -161
set 58 151 -8279
add 4562
add -1526
add -544
set 77 132 -5816
set 142 167 -5866
set 169 93 -5985
add -4707
add 4038
set 123 167 -184
set 105 84 -6593
add 2393
set 151 96 -4278
add -4255
add -2662
set 9 88 -10281
set 28 96 -3920
set 40 159 900
set 151 162 -1771
add 1474
set 175 96 -9745
add 102
set 71 60 3275
add 1119
set 91 151 3782
set 119 61 6238
set 21 14 -7957
add 395
add -78
set 69 115 -6469
set 165 39 -8002
set 5 60 1151
set 184 23 6490
add -4179
add -3508
add 3562
set 1 4 1654
set 35 39 -4318
set 87 64 -1374
set 123 61 -3139
set 56 193 3881
set 179 167 2879
add 3610
set 13 130 -8014
add -4127
add -2087
add 2736
set 43 162 -11411
add 2207
set 6 175 8418
set 170 185 -3141
add 1280
set 147 95 6022
set 11 53 10472
add 4425
add 4295
set 94 116 18517
add -3849
add 2008
set 77 168 7137
set 140 53 6384
add -2979
add -1382
add 194
add -2698
set 116 20 -7213
set 113 93 -8602
add 3859
add -460
set 68 89 -5124
add 1869
set 161 57 13179
set 32 77 5581
add 341
set 5 124 -1220
set 153 65 -2539
add -2385
add 357
add -2714
add 3200
set 62 179 5497
add -3637
add 224
add -1983
add -169
add -2391
add -3232
set 21 104 -15622
set 153 34 -15649
set 154 64 -1165
add 2941
set 192 17 -6989
set 4 64 -7557
set 18 154 6175
set 190 130 -7775
add -2085
add 4235
set 189 122 -8761
set 104 143 -10434
add 3362
add -1656
set 119 21 -383
add -2637
set 1 114 -6527
set 151 176 -11620
set 151 155 -10768
add -1899
set 42 97 -5203
add -1380
add 1292
set 165 136 5583
set 38 176 -13494
add 1884
set 50 145 -10877
add 1971
add -3576
set 155 133 1891
add -234
add 3604
add -4109
add 853
add 1982
add 200
add -4731
set 22 6 -5991
set 83 162 1716
set 11 160 -14731
set 64 33 1585
set 60 42 -6312
add -3843
set 173 162 -6529
add 3922
set 14 17 -7203
add 4353
set 112 68 5929
set 93 82 -11103
set 136 5 -11318
add -1540
set 5 194 -11070
add -1755
add 95
add 1874
add -3883
add -2166
add 3026
set 76 118 -1028
set 33 64 -12484
set 14 197 -6129
set 51 175 -8694
set 84 45 -15607
add -2562
set 178 115 -17769
set 187 43 -18243
add -304
set 146 186 -18530
set 153 127 -9479
add -3280
add 2467
add 2308
add -3037
set 7 20 -2742
add -3382
add 1225
set 73 44 -16516
set 141 152 -22055
add -4925
set 91 109 -26923
set 144 100 -11561
set 81 142 -13150
set 68 18 -27125
add -3542
add 5397
add 1568
add -2781
set 113 163 -26408
set 56 166 -26426
set 47 42 -15919
add 548
set 104 124 -25946
add 2308
add 306
add -3751
set 73 125 -21195
set 46 79 -11759
add -3423
add 5815
add 618
add -2961
add 3466
set 90 54 -23463
add 2976
set 104 8 -3803
add 4252
add 1859
add -2962
set 181 93 -17488
set 176 13 -614
add -4308
set 174 194 -2964
add 4962
add -4211
add -1322
add -2669
set 185 156 -24285
add 1570
add 4809
set 126 72 -18378
add -385
add -3960
add 941
set 31 37 -3003
set 194 92 -11112
set 30 53 -16548
set 102 105 -21974
set 188 104 -7881
add 532
add -1534
add 1279
set 185 69 -21565
set 135 15 -11473
set 46 58 -15537
add -868
set 113 64 -22031
set 2 155 -14618
set 33 137 -22565
add 2505
set 182 161 -18831
set 133 114 -9399
set 103 61 -10861
set 183 154 -1877
set 19 181 -9113
add 3011
set 133 35 -9918
set 144 71 -7064
set 180 26 -4347
set 82 181 -6528
set 67 39 -16862
set 2 108 -1315
add -4720
set 49 55 -4893
add 4702
add -417
set 39 28 -17033
add -1805
add 4385
set 134 81 -1848
add 2933
set 26 152 868
add 353
set 102 4 8110
set 153 185 5084
add 1091
add 1521
set 14 69 -8425
add 375
add -2246
set 151 180 -10741
set 119 104 6807
set 92 99 2445
set 118 7 -10871
set 144 70 4740
add 3091
set 169 111 -7831
add 266
set 95 190 8960
add 786
set 158 126 -3472
add 1545
add 3515
set 89 134 -710
add 957
set 188 76 12366
set 108 19 12345
add 100
add 3667
set 158 164 16933
set 8 71 13821
set 29 39 12337
add 3810
add -1446
set 89 192 22738
set 164 120 5450
add -3846
set 105 184 18122
add 1722
set 174 20 3883
set 194 110 9201
set 109 148 12953
add 110
set 96 6 16835
set 132 90 10411
set 175 128 3292
set 97 129 21020
set 159 63 15662
set 153 163 3404
set 154 192 22015
add 3784
set 76 116 17339
set 126 4 17769
add 4698
add -6907
add 2496
set 109 39 7616
set 106 89 7493
set 54 171 20891
add -82
add -4189
set 183 40 20878
add -3296
set 76 69 13392
set 1 53 17891
set 109 9 -128
add -4999
add 3827
set 160 108 12904
add -3325
set 91 105 -4582
add 1458
add 2736
add 1885
add -292
set 172 69 1339
add 3893
set 39 190 5309
add 1292
set 40 98 6405
set 136 67 6483
add -3693
set 20 91 19676
add 1901
add 3247
add -4386
set 132 102 17230
add -481
set 4 82 4846
add -2271
add -3179
add -1846
set 14 36 -3857
set 130 12 534
add 121
set 70 29 -2506
add -3154
set 176 111 -7414
add 2604
add 4559
add 4364
set 187 40 21174
add 4146
add 2504
add -7250
add 4970
add 2469
set 154 112 29349
set 78 102 31015
add -9901
set 188 166 997
add 489
set 22 127 20563
add 1067
add -626
add 4718
set 103 88 22739
add -4984
set 145 198 21201
add -2565
set 150 31 13926
add 3998
set 186 21 8817
set 170 181 19623
set 31 143 22068
set 84 179 13442
add -4897
set 58 171 11895
add 3747
set 156 72 2212
set 117 156 19794
add 4693
set 166 154 13117
set 56 148 18729
set 119 95 24698
add -4672
set 139 51 18154
add -4617
add -3949
set 15 69 -5915
add -964
add -280
add 2880
add 500
add 4951
set 4 95 14079
add 2911
add 2686
set 99 171 15759
add -3686
add 2512
add 1274
add -4394
set 2 30 7915
add -3174
add 173
set 35 16 8927
set 107 5 -1140
set 55 189 13236
add -2705
add -4734
add -546
add 1932
add -1449
set 184 40 8983
add 305
set 82 87 7249
set 23 117 -8277
add 326
set 97 35 1081
add 2582
add 998
add 96
add -2048
add -1184
add -1716
add -4716
add -3940
set 25 99 -5233
add 3422
set 52 36 -14049
add -1866
set 12 69 -15766
add 3254
add 4572
add 4533
add 2227
add 4895
set 147 111 3109
add -4377
set 119 139 12498
set 85 12 14324
set 67 75 10754
add -3675
set 28 5 -4875
add 3162
set 85 181 14122
add -4661
add -3231
add -1779
add -3581
set 38 48 -10106
add 2233
set 22 126 -4718
set 168 18 -12908
add 1605
set 37 80 -11094
add -3848
add 3511
set 152 193 -11529
add 4434
add -1218
set 94 59 -8215
set 94 21 -623
add 3633
set 22 79 581
add 4170
set 58 186 -462
add -244
set 148 28 4802
set 125 39 -605
add 2231
add 1754
set 60 3 22080
set 83 28 15772
add -3547
set 76 16 14289
set 49 23 18407
set 145 18 -404
add 717
add -2362
set 10 144 4537
add 775
set 45 87 8921
add 3465
set 110 198 15721
add 2691
add -1149
add 3574
set 45 69 16851
add -2607
add 4175
set 142 170 9006
set 117 54 9019
set 174 121 15812
set 142 74 8960
set 112 182 19064
add 3641
add -8122
set 149 30 5288
add -4591
set 187 125 18924
set 143 136 19603
set 90 43 -69
set 75 123 17078
set 36 158 8530
set 140 77 -141
add -735
add -4855
set 170 146 -5542
add -3542
add 396
add 1863
set 130 175 1234
set 20 190 -6721
add -4814
set 181 191 4320
add 1766
set 69 140 -10046
set 50 96 -10001
add -992
add -1821
add -2579
add 845
add -1280
add -1222
add -3918
set 42 21 -13233
set 104 26 -15560
add -4592
set 145 9 -25637
add 2075
add -3476
add 61
set 123 48 -10729
set 129 12 -22045
add 4814
add 4393
set 55 186 -17671
set 142 40 1757
set 66 181 926
set 39 34 -6265
set 66 110 -7377
set 54 187 -9880
set 157 7 -17735
add -2406
add -20
add -178
set 1 143 -352
set 101 183 -20242
add 180
add 4261
add 1422
add -2725
set 30 118 2327
set 14 182 -16856
set 92 83 -2107
set 27 146 -8204
set 43 177 -2966
set 88 4 -8334
add -71
set 45 120 -16798
add 1193
set 123 191 -15926
add -2658
set 143 134 -13323
add -3727
set 180 80 -22496
add -2262
add -2241
add 1404
set 182 44 -9442
add -3144
set 23 39 -20211
set 192 133 -18975
set 105 4 -21890
set 23 123 -16986
add 1404
add -840
set 140 34 -28042
set 139 34 -28041
set 32 39 -10820
add -4161
set 115 94 -17342
add 5604
set 104 167 -11475
add 1725
set 27 11 -15699
add 530
add -2633
add 739
add 2670
add 4734
set 58 5 -18887
add -3061
add -3338
add 3969
add 2892
add -3207
set 83 138 -12805
add 4343
add -4313
add 56
set 142 150 -4178
set 12 72 -21255
add 2323
set 85 56 -18595
set 93 81 -2436
set 68 184 -7051
add -3166
add 3399
set 48 152 -9881
add -2842
add -4967
set 158 171 -16184
add 1450
set 111 2 -13937
set 129 102 -10453
set 179 96 -25484
add 1032
add 3269
set 120 54 -21030
set 104 9 -21090
set 42 41 -21058
set 73 18 -21099
add -384
set 86 75 -15886
set 190 124 -21575
set 44 77 -8582
add 2174
add -2291
add -1988
set 59 84 -8425
add 3746
add -149
set 63 16 -18065
add -4420
set 91 80 -24351
set 70 78 -18676
add -1708
set 140 75 -20738
add -3072
add 4215
add 1108
set 79 101 -23797
set 107 157 -23615
set 155 169 -7287
add 1986
set 19 21 -21556
add 1433
add -1031
set 50 4 -15976
add -2228
add 787
set 14 84 -16487
add -3321
add 4013
add -265
add -2421
add -3975
set 178 82 -28481
add -393
set 155 77 -29314
add -1687
add 8747
add -1489
set 109 146 -21981
add 4337
set 107 28 -6424
add 1809
add 587
add 3328
set 39 173 -3317
set 69 170 -13519
set 151 139 -7131
add 3283
set 108 66 -1587
add 2456
set 10 180 1740
set 97 3 -7732
add -4154
add 880
add -2561
set 190 192 -1992
set 97 50 -294
set 33 79 -7002
set 11 20 1298
set 112 120 -3795
add 3791
set 40 114 8199
add 4639
add -3944
set 191 149 -9337
set 65 148 -3034
set 124 123 3799
add -16
add -1940
set 65 33 1928
add 3647
set 37 5 -7498
set 58 118 -1861
set 94 105 -7526
add 712
add 2587
set 46 33 14113
add -3559
add 2694
set 27 124 -5065
add -1267
add 3334
add 4828
set 35 10 12945
add -4533
set 63 95 15035
set 11 71 16095
set 64 33 15287
add 638
set 117 22 -2156
set 157 40 11356
add -3801
add -3298
add 1080
set 179 11 588
set 25 30 -5581
set 140 93 -8165
add 744
set 123 88 11990
set 132 148 2159
set 105 129 9974
set 116 138 3376
set 51 192 11319
set 178 1 5612
add -1901
set 137 110 8221
set 131 95 6154
add 1927
set 177 193 -7394
add -277
set 97 102 8787
set 151 137 -7744
add -3113
set 185 124 -10862
add -3353
add 4295
set 59 81 7804
add 101
set 103 117 -9750
add 3835
set 5 12 -3343
set 102 126 -4754
add -752
add -1198
set 101 54 -7759
set 140 48 -7754
add -4716
set 37 162 -11848
add 738
add 2877
set 112 72 -8706
add 1465
set 185 9 -7555
add 1991
set 95 32 -5441
set 150 104 11910
add -1859
set 88 152 -7148
add 3961
add 976
set 8 89 7550
set 54 113 -2187
set 195 81 15434
add 3108
add -542
set 186 193 134
add -3500
set 23 47 9803
set 97 190 5179
add -510
add 2929
set 154 1 13203
set 191 9 -1007
add -1451
set 108 64 -1805
add 2649
add -3978
set 85 7 -3634
set 76 120 2226
add -2718
add -266
set 1 101 7410
set 163 54 -6667
set 23 167 -5841
set 102 45 -6678
add 1942
add 1357
add -2742
set 174 168 11526
add -2094
set 48 136 9807
add -3238
set 62 102 -2953
set 59 153 -11211
add 3166
set 130 197 -8081
add 3448
add 4310
set 181 157 -365
set 176 122 776
set 43 94 7629
set 179 90 6222
set 154 22 -601
set 5 150 298
add 299
set 193 85 8080
set 17 193 7175
set 120 151 5677
add -4159
add 51
set 64 33 15194
add 3354
set 104 105 -965
set 135 72 -780
add -315
set 119 165 5864
add -249
add -2957
set 191 165 5472
add 2014
set 168 118 10068
add -3195
set 24 29 2470
set 91 59 -5584
set 119 86 -5656
add 3300
add 3971
set 42 93 1658
add 3577
add 2725
set 7 122 19669
set 83 11 11188
set 130 182 23510
set 157 145 26107
set 93 20 8611
add -4942
add -507
add 2498
set 4 82 6836
set 2 186 16617
set 120 46 21131
set 67 166 4972
add 75
set 125 102 19255
add -3166
add -509
add -3328
add 1851
set 132 193 -120
set 3 144 15327
add -1639
add 3341
set 122 89 1588
add -1779
add -3828
set 143 54 -4015
set 185 145 8575
add 2559
add -4781
add 4169
set 13 32 -1374
add 973
set 26 159 -636
set 148 175 7097
set 9 82 18820
set 157 26 9981
add 2085
set 91 115 2580
add 1070
add -1103
add -295
set 113 122 16475
add 2796
set 131 8 14328
add 1445
set 188 160 11530
set 67 156 17096
set 181 192 12898
add 1700
add -3131
set 54 77 9794
set 44 41 3465
add 4613
set 141 17 23315
add 4185
set 3 11 23129
set 12 116 14209
add -9132
set 127 84 3092
set 173 1 16905
set 168 56 3221
set 56 25 3140
add 4481
set 92 7 7641
add -2146
add -713
set 145 84 4696
set 183 188 4795
set 108 63 18280
set 38 156 16198
add 3117
add 3915
add -7877
add 699
set 38 98 4632
add -1884
add -997
set 30 186 1779
set 14 102 18161
add -196
set 97 14 1492
add 4757
add -3189
add -1237
set 57 72 2119
add -2015
add -4847
set 40 197 -4729
add -1698
set 103 76 -129
set 117 124 -6757
add -2655
set 65 166 -9340
add 1783
set 185 8 9878
add -1431
add -1929
set 177 16 6286
add 4832
set 37 141 8103
set 165 174 -6220
set 154 188 -5008
add 3829
add -2483
set 12 44 -4663
set 150 143 -4623
add 355
set 58 60 5579
add 1803
set 145 43 -2633
set 181 68 3288
set 45 49 -1875
set 133 78 2775
add -4276
add 4868
set 168 15 121
add -2218
set 113 38 8176
set 142 167 -4180
set 30 69 9759
set 136 144 6530
add 3431
set 169 10 10288
add -3948
add 1504
set 13 188 9962
set 93 54 -3177
add 2309
set 60 158 18390
add -4475
set 188 178 1136
set 32 42 13226
add -3430
add -2634
add -4219
add -1126
add -1672
set 73 186 -18471
set 117 41 -18554
add -4188
add 3515
add 1382
set 65 62 -17781
set 171 34 -17738
set 50 183 -2802
set 100 26 -869
set 96 182 -3454
set 63 40 -8759
set 69 19 -17472
add 2339
set 122 26 -68
add 1672
add -2329
set 173 117 -16217
add 2696
set 85 11 -10119
set 28 191 -1891
set 60 132 -572
add -2262
add -297
set 83 41 -15992
set 58 123 -4959
add -1617
set 180 127 -9653
add -1655
add -4318
set 32 32 -23468
add 4330
add -770
add 1305
add 3042
add 4405
add -3507
set 3 40 4967
add -3591
set 110 84 -18351
set 107 178 -3300
set 63 106 -18042
add -4033
add 3664
set 64 19 -9696
add -3076
set 188 154 -1931
set 64 161 -18106
set 156 111 -21809
add -3622
set 108 133 -8671
set 193 64 -5778
add -3902
add -2611
add 7078
set 192 128 -24959
add 4563
set 102 99 -9042
add 3333
add -528
add 1706
add 3940
add -2988
set 178 92 2476
add 2543
set 177 12 -12189
add 1099
set 9 86 -10697
set 72 196 6824
add 937
add 2573
add 3051
add 4085
set 77 30 285
set 58 160 1311
add -4938
set 130 134 1062
set 86 149 -5465
set 29 164 -4687
set 56 79 8548
set 37 88 -5365
add 445
add -4394
add 3465
set 23 58 -5402
add -4131
set 7 64 -8170
set 21 37 2047
set 159 106 -3857
add -1681
set 67 173 -3676
add 3754
set 52 121 5618
add -218
add 4222
add -4433
set 128 117 -8508
add -4814
set 140 165 2324
add 1097
add -3739
set 52 146 592
set 95 185 1248
add -33
add -4356
add 4639
set 121 45 -15675
add 1585
set 7 128 -13990
set 13 77 -2895
add 2953
set 33 162 -10414
set 41 105 1554
set 124 186 -11135
set 193 72 -2055
set 110 131 7572
set 168 53 -5492
add -1425
add 3848
set 7 99 -8244
add 1352
add 1444
set 21 157 -5575
set 60 31 6338
set 17 177 -2974
set 79 77 -5869
set 189 196 -775
set 45 16 -4400
set 143 104 6472
add 1772
add 2704
set 85 16 -780
add -4242
add -3500
add 906
add 716
add -2160
add 1610
add 3705
set 184 17 8571
set 128 30 14352
add -4597
add -2243
add -4097
set 160 165 -2644
set 167 128 -15404
set 160 48 -15267
add -2221
add -1008
set 169 176 -18627
add 893
set 26 24 -5932
add -3290
set 106 60 -2661
set 181 60 -8270
set 68 1 -2918
add 981
set 11 68 -7652
add -2473
add -3324
add 4554
set 121 8 -15115
set 57 111 -21125
add -374
set 184 95 -11651
add 2169
set 24 143 -4812
add -4142
set 1 67 -8023
set 24 1 -18269
set 32 79 -10856
set 187 59 -23554
add -13
add -1668
add 1874
set 24 132 -17607
set 49 132 -16031
set 70 96 -23357
add -2478
add -1285
add -3848
set 136 30 -12548
set 192 130 -19565
add 6613
add 2737
add 158
set 36 73 -16331
add -3372
set 1 44 -18958
set 99 61 -16770
add 3180
set 165 97 -3988
set 107 97 -15560
add 3435
add 3795
add 1060
set 194 147 1600
add -3026
set 105 20 -14996
add 1692
add 1888
set 15 31 -1685
add -4239
add -3485
set 164 101 -20571
set 151 11 -20077
add 931
add -2005
add 4327
set 181 31 2289
add -1332
set 39 53 -10367
add 4657
set 57 31 1923
set 164 15 -6019
add -1924
add -2636
add 1768
add 2337
set 176 70 -4778
add -448
add 2119
set 51 113 -12533
set 14 38 -12327
set 124 30 4699
add -2084
set 100 153 -1936
set 58 95 -3962
set 167 90 -81
add -190
set 154 70 1885
add 175
add 499
add 4453
set 63 25 -9869
add 1039
set 73 2 -8512
set 61 42 2582
set 13 140 -8815
set 78 98 -8847
set 5 12 -6317
add 1955
set 40 129 3976
set 43 127 3894
add -459
set 107 121 -7132
set 182 172 -6919
set 53 145 -6572
add -963
set 37 181 -691
set 134 109 -8174
add 4665
add -957
add 4966
set 166 67 446
add 4348
add 3311
add 877
set 59 81 17783
set 109 179 27311
add 2747
add -5805
set 48 173 20648
set 105 9 5822
set 38 1 25244
add 2108
add -1114
add 4801
add -9120
set 165 43 2470
add 4439
set 62 5 6975
add -4467
set 101 135 20525
add -3526
add -3839
set 95 186 -4877
set 173 7 -4917
set 89 101 -4843
set 101 78 2504
set 165 46 11644
set 14 15 4450
add 2011
add 3234
set 71 92 16953
add -421
set 16 183 14165
set 56 130 6672
add -4866
add -4636
set 153 29 1174
add 102
set 105 76 4988
set 44 180 -9201
set 109 33 7088
add 4298
set 12 100 13181
set 82 141 10876
add -4213
add 482
add 3055
add 2029
add 1033
set 96 72 -2538
set 24 4 -2246
set 29 1 17026
add -1061
set 48 97 8363
add -412
set 93 55 12548
add -2286
add -4930
add 2962
add -4365
add -4406
set 154 177 -5722
add 996
set 94 58 -3565
set 16 133 -15475
set 54 63 -4059
add 72
set 153 71 2525
add -1288
add -2045
add -3009
add -1591
add 245
add 3263
set 15 8 -11818
set 87 141 -2718
add -3300
set 132 7 -23923
add -3235
set 145 17 -20440
set 128 144 -17087
set 131 66 -13449
add -2169
set 184 81 -22244
set 98 96 -29358
add -2190
set 152 47 -20695
add 5243
add -1411
add -756
set 32 115 -28143
set 143 145 -8418
set 36 129 -9608
set 166 82 -24929
add -4412
set 110 29 -32284
add 9142
add -2694
add 3948
set 82 83 -4938
add 2006
set 156 20 -20359
set 9 136 -10147
set 130 17 -679
add -3530
set 137 135 -23604
add -1233
add 4548
add 2131
set 134 18 -18624
set 135 42 -7221
set 104 27 -18261
add 33
set 100 189 -8995
add 1269
add 4131
set 71 60 -6947
add 262
set 177 80 -12894
set 108 103 -4546
add -934
add 113
set 57 155 -12998
add -758
set 126 157 -14213
set 39 96 -14391
add 1828
add 3839
add -4319
add 209
add -4400
set 40 27 -7619
set 164 70 -1042
add -4633
set 115 157 -21678
add -1808
set 166 3 -23524
add 3199
add 3428
add -1909
set 43 45 -18939
set 163 37 -7642
add 2116
add -1949
set 53 173 -4482
set 107 100 -449
add -2626
add -561
add 1236
set 162 108 -10030
set 190 57 -15222
add 1889
set 55 151 -18746
set 7 58 -9715
set 194 56 -18805
add 2265
add 3541
set 58 2 -12728
add 2524
set 165 129 4236
set 60 54 -10449
add 1713
add 1429
add -1879
set 2 48 -3706
add 4133
set 21 82 2827
set 84 40 3163
set 1 65 8240
set 109 159 -4049
add 2815
set 23 120 16949
add -780
add 4830
add -769
set 1 162 19132
set 188 196 13290
add -4671
set 85 78 4243
set 13 138 -3647
add 3597
set 140 89 -136
add -77
set 128 144 12410
add 2778
add -37
set 81 69 17979
set 187 107 11232
set 71 157 2793
add -775
add -2589
add 818
set 140 120 54
set 24 157 294
set 16 70 5961
add -2476
set 178 17 2628
set 63 142 6270
add -713
add 828
set 37 29 7298
set 90 185 14814
add 4282
set 48 189 15583
set 116 169 13797
set 83 77 1920
add 3043
add -3341
add -639
set 170 184 6510
set 5 72 19581
set 50 91 16565
set 16 160 1929
set 67 56 1639
set 16 108 16565
set 9 134 10259
add -355
add -1652
set 21 189 10843
set 116 140 -1112
add -4984
add -3362
add -2941
set 40 140 -12323
add -3255
add 1360
set 182 147 2544
add -1213
set 165 195 -6469
add 2656
add -2444
add 3370
add 356
set 17 180 3211
set 46 133 -10729
set 181 6 6404
set 151 115 329
set 100 124 -11524
set 86 56 -10844
set 74 34 -1281
add -864
add 302
add -2974
set 127 34 -14941
add -2535
add -2201
add -1171
add 1660
add -2833
set 28 66 -13997
set 4 42 -17159
add -200
set 168 36 -22193
set 27 150 -21518
set 39 21 -6266
set 190 3 -22155
set 187 104 -7526
add 4201
add -625
add -530
add -483
set 185 62 -19865
add -2681
set 121 152 -22286
set 191 185 -16963
add 4562
set 138 11 -17401
add 519
add -2748
set 58 154 -7630
add 2794
set 98 139 -827
add -1323
add -774
set 28 101 -19304
add 2268
set 175 51 -1484
add 2315
add -2350
set 54 9 -17134
add -4767
add -3642
set 65 193 -15549
add -1819
set 98 196 -20978
add 2852
add -3499
set 106 99 -18640
add 3056
set 170 39 -24892
add -3718
set 147 173 -12047
add 4561
set 78 10 -7320
add -265
add 1939
add -735
add -1137
add -4924
set 106 128 -29294
set 39 56 -28566
set 88 134 -28290
add 4325
set 56 6 -7550
add 16
set 48 41 -24915
set 3 185 -16951
set 80 66 -12511
set 113 89 -24899
set 29 71 -8017
set 9 107 -11562
add -2063
add -4629
set 12 48 -17019
set 168 12 -31521
set 190 91 -31382
add 5343
set 182 58 -13113
set 47 117 -26261
add -666
set 90 131 -12193
add -2711
add -4435
add 5508
add -631
set 95 175 -12126
add 806
add 1335
add 3647
set 180 87 -10791
set 185 61 -12320
add -1362
add 2196
add -2278
add 1600
add 3233
add -3429
add -4990
add -1246
add 4868
set 21 86 -9592
add -3074
set 67 131 -9516
set 147 154 -21691
add 1333
set 23 38 -26168
add -784
add -405
set 136 22 -27823
set 76 185 -12016
add -352
set 36 12 -18731
add -2995
add 8722
add -2536
set 137 174 -24999
set 57 172 -19329
set 65 45 -24893
add 4106
add -1324
add 743
add 2505
add -655
set 36 168 -18552
add 1065
set 142 113 207
set 57 44 -12639
add -594
set 97 153 -3299
set 138 16 -17177
set 159 133 -8239
set 16 196 -18270
add 62
add -1466
set 1 12 -14954
add -1450
set 96 186 -21927
add 1735
set 158 141 -3113
add 46
add -2250
add 748
set 168 10 -3117
add 63
set 95 106 -9267
add 3119
add -2826
set 91 5 -21300
set 187 84 -21378
add 1376
add -4714
set 141 153 -24588
add 3631
add 4159
set 132 51 -8952
add -4580
add -309
add 2863
add 354
add -2128
set 145 71 -9798
add 2593
add -1386
set 14 29 -13734
add 4966
set 18 136 -6027
set 72 145 -13709
add 3620
set 175 102 -1912
add -777
add -2101
add 1088
add 1632
set 90 149 -11006
add 916
set 8 138 -10000
set 134 183 -10048
add 1775
set 52 173 -7518
set 116 25 -8352
add 493
set 145 8 -107
add 4464
add 4694
set 20 176 10971
add -1078
set 84 133 8460
set 173 126 710
add -3892
set 12 121 -3011
add -767
add 3710
add -2326
set 25 43 -1972
set 138 6 13189
set 193 3 -2862
set 88 12 2776
set 65 169 14348
add 4767
set 96 63 9326
add 1441
add -1667
add 2327
add -1754
add 3981
set 83 118 14155
set 96 115 7684
set 158 175 22990
add -3553
set 53 140 2516
set 80 125 11842
set 116 90 12636
set 101 165 9972
set 60 198 14019
set 45 164 3291
add -3192
set 180 181 12252
set 73 174 -682
add 3691
set 178 34 3065
set 27 32 3118
set 116 171 14095
set 132 34 3111
set 174 149 2940
add 573
add -1843
set 189 173 7092
add -506
add -2559
add 66
add 3201
set 9 30 16661
set 82 11 5248
set 11 169 19717
set 179 132 1959
add -1
set 177 19 12128
add -2127
set 35 116 11080
add -3314
add -2457
set 133 24 2011
set 81 18 -5976
set 106 158 1478
add -4900
set 182 117 -10965
set 99 153 944
add -4363
set 177 5 -15299
set 124 165 -7880
set 121 25 -15248
add 4149
set 27 169 895
set 37 168 -10065
set 9 47 5926
set 181 6 1607
set 73 84 -11028
add 3301
set 48 131 -7482
add 4734
add 4481
add 1559
add -230
set 85 167 9381
set 2 95 19928
set 29 12 8074
set 187 157 2936
add -3318
add -3758
set 65 89 -4214
set 115 187 861
set 54 102 1259
set 72 60 1044
add -4067
set 87 182 -3190
set 35 175 10565
set 174 118 3096
add 4266
set 103 42 2368
add 3302
add -1794
set 126 38 9090
set 87 23 15403
add -4536
add 2442
add 4191
set 98 118 13737
add -3558
set 34 140 -4032
set 184 116 4322
add 830
set 161 138 5343
set 27 45 -3147
add -1518
add -147
add 1108
set 166 35 14864
add -180
add -1054
set 65 102 6084
add -2696
set 50 76 1899
add -4736
set 115 130 -10988
set 81 71 -2029
add -3524
add -2239
add 2615
add 1579
add -3713
add -2630
set 63 42 -13119
set 19 175 -13440
add 4286
set 43 56 -15365
set 17 114 -15144
add -574
add -5
add -4609
add -1407
set 27 54 -22519
add -3605
add 1286
set 76 73 -6823
set 169 35 -9644
set 110 13 -17249
add 3596
set 194 60 -9171
set 44 128 -21345
set 103 45 -21390
add 3591
add -4670
add 2664
set 107 25 -19822
add 1709
set 55 54 -17976
set 108 78 384
set 169 176 -18168
set 72 21 -1210
add 4984
add -4772
set 95 140 -17924
set 74 139 -6278
add -4256
set 91 105 -22107
set 193 54 -22158
set 101 68 -21897
set 4 20 -3477
add 2840
set 176 115 -18879
set 191 33 -10012
add 4298
set 109 20 -13603
add -2359
set 48 149 -17308
set 41 182 -17054
set 49 11 -16954
set 86 96 -17366
add 2447
set 159 101 -14937
set 195 98 -15021
set 135 179 -9640
set 20 147 -14793
set 63 124 -14893
set 133 67 1395
add 4098
set 143 95 721
set 57 159 -5565
add 1408
set 54 31 2229
set 95 190 1244
add -4395
add -2227
add -383
add -2836
set 72 109 -19037
set 23 134 -10688
set 36 40 -3993
set 180 13 -11397
add 28
add 4388
set 191 182 -7081
set 122 134 4401
set 110 36 -14644
add 2895
set 133 75 -5004
add 3277
set 126 40 4097
set 105 117 -8695
set 28 159 -8172
set 142 185 -2245
set 47 173 7937
set 30 70 -7921
set 73 101 -8598
set 50 111 -8565
set 114 131 7459
add 2925
add -3699
add -1785
set 101 66 5382
add 4229
set 56 180 -6738
add 1722
add -3386
set 36 133 -7866
add -837
set 35 93 -9411
add -4545
set 18 37 2863
add 827
add 2998
add 4126
set 184 43 -6138
add 3787
set 129 152 -2151
add 3927
set 11 142 17089
add -2711
add 430
set 132 160 -411
set 59 80 -575
add -4314
add 2557
add 3410
add 2993
add 1703
set 83 133 18428
add 619
set 124 76 11417
add 411
add 2073
add 3686
set 153 29 18269
set 151 61 25511
set 29 116 27160
set 37 7 12692
add -5075
set 85 140 7380
add 3277
set 110 57 11053
add -7895
add -3829
add -642
add -2689
set 61 110 13983
set 185 112 1500
add 1974
set 137 178 16180
add 3417
add -3438
add 1265
set 124 155 16026
add 1606
set 93 108 9296
set 171 62 366
add -4972
add 3685
set 82 74 -772
set 95 54 -751
set 32 132 5608
add -2214
add -3690
set 20 3 -862
set 46 111 -6635
set 164 51 8056
set 168 164 6655
set 15 74 1349
add 2945
set 34 5 -3729
set 102 69 6748
add 4868
set 148 99 19616
set 57 79 14509
add 4251
set 152 53 20703
add -4651
set 136 171 19088
add 4777
set 60 115 7108
add 3878
set 93 94 19905
add 4330
add -6813
add -666
set 73 7 6257
add -1434
add 3861
add 1301
add -3366
add -880
add 2105
set 85 156 14989
set 174 10 18093
add 1086
add 1199
add -5481
add 1320
add -1078
set 42 160 6675
set 40 91 13828
add 176
set 86 46 13405
set 180 117 4884
add 2964
add 291
set 76 25 8262
add 2818
add -7460
set 43 71 21375
add 1740
set 111 152 5512
add 638
add 910
add 394
add 4553
set 143 57 31252
add -7371
set 134 108 19224
set 156 187 14821
set 44 134 19066
set 65 45 4508
set 134 114 4762
set 83 91 13103
add 3373
set 44 64 8162
set 175 75 22102
add 4582
set 5 60 24624
set 20 89 23941
set 105 77 12430
add -8266
add 2705
set 154 52 6852
add 3923
add -9434
set 138 59 1409
add -3756
add -4219
add 3031
add -1750
set 19 46 2334
set 23 59 9106
add 1210
set 77 133 13849
add -4488
set 168 35 7339
set 119 122 3562
add -826
add 896
add -208
set 102 184 235
set 176 125 -2960
set 47 39 -2446
add -601
add 433
add -4282
add -2362
add 4316
add 4953
set 105 91 -5536
add -2562
set 79 121 -8605
set 157 139 -3183
add -17
set 49 15 -1500
add -4705
add -88
set 72 52 -6250
add 3698
set 175 65 7976
add 3630
add 2509
set 139 151 1672
add -3060
add -3680
set 186 154 611
add 1406
set 82 2 6219
set 92 52 -9119
set 110 73 2870
set 6 19 -2823
set 164 45 -9230
add 1293
add 4292
set 96 149 -3579
set 22 16 3692
add 151
set 182 184 13803
add -2105
add 3249
add -1384
add -901
set 87 65 -3720
add 1633
add 3345
add -4286
set 57 127 -3431
set 123 20 -28
add 739
set 159 182 11546
add -3752
add 3009
set 62 16 -1973
set 179 13 1992
set 65 56 -3201
set 37 23 7992
set 42 81 8069
add 3060
add -3465
set 6 143 -2804
add 624
add -1491
add -252
set 168 6 1405
set 73 94 507
set 9 106 -3724
add -2135
add -3967
add 1481
set 82 77 -10003
set 151 182 6655
add 3733
add 4473
add -1451
set 42 130 13608
set 100 132 -3183
add -1309
set 29 100 15363
set 17 40 9289
set 93 181 3516
add 2761
set 128 29 -1259
set 45 67 -1458
set 113 113 48
add 3729
set 26 164 2701
set 174 47 15042
add -1971
add -2893
add -3640
add -1577
set 37 120 -7705
add -2725
set 118 101 -10883
add 790
add 3788
set 27 72 -6010
add 2075
set 166 161 11477
add 3572
set 139 144 15223
set 97 177 19075
add -3674
set 185 90 9394
add 129
set 103 93 -4208
add 1986
set 55 164 14719
set 195 158 4244
add -2918
set 167 113 -5010
add 4722
set 193 196 10395
add -575
add 699
add -3188
set 138 169 6788
set 110 51 10038
add -1814
set 119 163 -5249
set 25 75 9688
add -1526
set 152 17 6295
add 4876
set 111 74 -1929
set 171 106 10956
set 107 37 6798
add -982
set 140 150 15032
add -3501
set 173 93 -6499
set 35 139 9660
add -3687
set 156 127 -1883
add -4853
add 2273
add 2810
set 74 158 -2815
add -3145
set 130 166 -13070
add -1495
add 397
set 112 138 -3287
set 63 1 5132
set 150 189 -8034
add -4333
set 47 121 -11967
add -3071
add -1384
add 4670
set 13 176 -3927
set 120 117 -18309
set 5 59 -13088
add -1718
set 175 181 -7826
add 112
add -3509
add -4110
add 3605
set 144 108 -12996
set 36 33 -5394
set 177 80 -23920
set 129 84 -23896
set 195 197 -23738
add -2575
set 115 65 -15401
set 59 137 -26459
add 226
set 63 93 -26176
set 23 156 -14114
set 148 183 -26190
set 192 171 -16898
set 41 21 -20573
set 94 148 -11430
add 4362
set 182 27 -8569
set 127 63 -13840
set 188 176 -21958
add -3253
set 79 160 -8886
add -4397
set 172 123 -20357
add -2754
add 6337
add 4185
set 124 93 -21757
add 2200
set 165 187 -5896
set 57 26 -5028
set 173 41 -19653
add -4819
add -3954
add -2389
add 8580
set 57 33 -11951
add 2318
set 150 158 -2978
set 173 194 -5557
set 69 107 -2103
set 19 31 -10241
set 97 188 -14726
add -4996
add -254
set 96 112 -19116
set 114 97 -5368
add 2558
add -773
add 3943
add 3781
add 1821
set 87 87 5133
add 2094
set 61 57 4584
add 2818
set 108 22 -8846
add 4225
add -426
add 689
set 126 136 3394
set 122 25 -4365
add -4402
set 85 164 4621
add -2890
add -4206
set 118 48 -6691
add -305
add 3593
add 4988
set 183 63 2005
add -123
add 4825
set 112 50 3567
add 1680
set 179 59 -1158
add 4545
add 3917
add 1178
set 50 42 24441
add -3257
add -1637
set 180 62 3474
add 3328
set 17 188 19686
set 91 134 7885
set 1 139 19697
set 13 68 17153
set 150 90 21012
set 52 103 15062
add 3683
add -5732
add -4271
add -4382
add -464
set 40 179 -3959
add -317
add 1309
set 187 46 2343
add 149
set 10 160 -2145
add -114
set 12 187 6982
set 77 48 4064
add -727
add -2305
add 575
set 26 196 11941
set 154 124 -5765
set 11 96 12111
set 63 111 -5612
add 1350
set 142 111 -4341
add 3186
add 2084
add 988
set 22 153 2193
add 4314
add 3455
add 4752
add -7160
add 799
add -2315
set 78 134 6755
set 39 183 15537
add -1479
set 16 164 5085
set 107 124 4256
add 4041
add -4362
set 105 9 3952
add -2964
set 34 89 11200
add 3519
set 76 157 4783
add -2547
set 13 62 2034
add 3910
set 80 140 5851
add 2923
set 168 152 26412
set 4 179 9141
set 8 50 22488
set 84 180 9024
add -3950
add 2177
set 145 153 7076
add 713
set 21 152 26735
add -38
add 1663
add -4193
add -679
set 88 17 19078
set 187 152 24402
add -1607
set 186 70 12943
set 106 4 20564
add -3729
add -4384
add 4277
add 81
set 164 193 -880
add 2311
add 4579
set 113 164 22803
set 183 126 23869
set 27 23 14811
set 194 52 5968
set 79 188 16437
add 3797
set 139 68 26637
set 64 94 25310
set 151 197 10003
set 59 135 24289
set 41 4 18993
add 4220
set 68 5 14064
set 2 163 23813
add -9414
add 2590
set 115 51 18366
add -3133
add 1408
set 93 15 13470
set 128 155 7758
add -1770
set 89 54 3804
set 109 36 3908
add 3229
add 4132
set 72 195 24534
set 52 140 11082
set 186 186 11001
set 155 5 11019
set 27 177 30395
set 96 192 21977
set 64 120 11523
add -7396
set 132 40 19621
set 26 130 19869
set 72 132 3804
set 39 107 9314
set 28 2 4073
set 137 162 23502
add 674
add -3265
set 156 179 15772
add 3211
add 1050
set 106 74 5388
set 99 187 20081
add 4787
set 129 136 27305
set 13 86 10627
add -9431
add 2618
set 22 76 4103
set 129 80 3335
set 165 55 13183
set 7 10 12038
add -3079
add -1979
add 3033
add 2438
add -4097
set 44 117 -330
set 118 115 316
set 175 27 135
add 888
add 2479
add 1895
add -2285
add 303
set 60 81 17524
set 52 150 18354
add 871
add 3837
add -1300
set 56 158 17982
add 4042
add -8100
set 41 114 16145
add 3468
add 2954
set 20 13 23786
add -4796
set 23 107 19329
add 2345
set 173 45 6174
add 1546
add -2185
set 26 21 12194
set 71 41 5603
add 3701
add 2687
set 5 132 28313
set 151 103 14002
set 72 30 18602
set 119 127 13928
set 22 152 20446
set 187 109 30769
add -6119
add 2529
set 163 99 25968
add -4529
add 140
set 187 192 11286
add 2593
add -1305
set 21 46 22039
add 3225
set 41 189 20078
set 95 30 22634
add 4446
set 135 158 27235
add -6065
add -3006
set 58 50 21541
set 118 175 10714
set 166 186 3844
add 2938
set 27 21 8074
add 2232
add 271
add -4469
set 49 172 6691
add 4663
add 3103
add -5359
add 3742
set 133 79 16335
set 73 158 11603
set 31 77 23746
set 111 184 23686
add -8109
set 93 92 18049
add 1550
add 1134
add 2572
add 940
add -4654
set 6 28 16391
add -480
set 148 96 3909
add 1174
add 872
add 3998
set 59 32 10093
set 104 96 9997
add -9536
add -3690
add -3834
set 11 110 -6760
add -2379
set 151 94 -1558
set 20 27 2906
set 14 198 -2084
set 149 5 -9473
add -3665
set 106 56 -5222
set 96 192 -1041
set 69 152 -12876
set 29 41 -13044
add -4386
set 138 148 -5429
add 4487
set 74 182 -12709
add -43
set 14 51 -266
add -3626
set 94 75 -5676
add 268
add -3824
add 4471
add -1320
add 1033
add -2308
set 94 42 -2432
set 1 102 -2893
set 170 140 -18447
add -2211
add 74
set 133 193 -20448
add -288
add 1584
add -2895
add -1601
set 105 142 -10035
add -1925
set 86 190 -8117
add 498
add 567
add -2481
set 34 131 -26711
set 120 196 -11904
set 31 177 -12109
add 1225
add -3655
add 3247
set 175 118 -11711
add -2215
set 108 111 -28370
add -710
add -676
add 4197
set 36 77 -17049
set 129 48 -5901
set 185 188 -25532
set 182 196 -15048
set 143 147 -25409
set 132 194 -10414
set 119 151 -19635
set 183 182 -16987
set 174 171 -9036
set 146 30 -24786
add 2530
add -4351
set 20 28 -26926
set 83 67 -27090
add 3330
set 25 10 -9419
add -2241
set 89 16 -25689
add 1972
set 148 53 -18076
set 135 47 -24199
add -643
set 129 123 -18057
set 143 128 -25054
set 151 184 -16266
set 27 50 -6750
add -4623
add -1999
add 7817
set 160 99 -17527
set 27 154 -14608
set 63 174 -23799
add 465
set 187 27 -20841
set 25 188 -18299
set 55 165 -18054
add -757
set 6 64 -22171
add -4872
set 125 123 -9183
set 191 69 -28821
add 2076
set 146 110 -13880
set 4 113 -9347
add 1831
set 53 181 -15859
set 52 158 -5138
set 191 52 -25111
set 77 61 -9205
add -2716
add -4551
add 8704
set 69 191 -23429
set 94 128 -23630
add 762
add -15
add 2600
set 32 82 -9994
add 1135
add -1970
set 144 55 -7909
set 96 127 -1775
add -2812
add -1524
set 118 97 -6518
set 171 10 -13070
add 4958
add 1420
add 2642
set 99 8 1187
set 146 1 -6655
set 76 22 -16422
add -3764
set 35 180 -4669
add 4477
set 14 9 358
add -3490
add 1373
add 750
set 92 9 -17076
set 69 109 -16868
set 75 61 -8446
set 118 181 -7314
add -2097
set 102 68 -18938
set 119 194 -8423
set 109 102 -10585
add 2165
add 3010
set 82 59 -13893
set 103 52 -13966
add 4925
add 76
set 110 15 8923
set 131 162 3545
add -4770
add -1409
set 81 183 -15077
add 113
add 1274
add 377
add 1710
add 1388
add 2757
add 1273
set 85 81 -1002
set 90 111 -6235
set 132 93 -6307
add 4541
add -2712
set 44 196 12474
set 164 4 14729
set 13 5 14610
add 1162
set 179 76 6617
set 141 140 -3386
add 2152
set 186 144 -1042
set 59 165 16911
set 18 160 -177
set 61 13 18003
add -1635
add 3510
set 123 166 708
add -4194
set 21 10 23
add -4377
set 96 4 2002
set 81 111 -7779
set 166 76 10524
set 16 9 5229
add -321
add -1898
set 106 36 -9870
add -1793
set 68 177 -6739
add 381
set 90 72 -11225
set 146 65 2137
add -4800
add -4195
add -4583
set 71 89 -24974
set 139 175 -13542
set 167 119 -9349
set 156 175 -7551
set 71 8 -9164
add -640
set 28 119 -21296
add -3690
set 60 75 -19505
set 133 7 -29370
add -962
add 6602
add -783
add -1272
add -2123
add 4360
add 4783
add 762
add 2693
add -2071
set 95 163 -17310
set 39 85 -5098
add 1207
add -628
add -346
set 26 7 -16943
add -1540
set 42 194 -18262
add 4050
set 23 164 -13852
add -933
set 69 74 -15512
add -1051
add 2353
add 4478
add 1259
add 876
add 4196
set 29 145 13471
set 17 81 -3036
set 161 64 15040
set 119 163 -3413
set 72 172 -2827
set 12 79 7950
set 4 33 15183
add 3017
add 1103
add -3773
set 49 48 2654
set 150 74 -3135
add 3393
set 186 42 6958
set 66 102 5807
set 191 120 298
add 359
set 108 23 8259
add 211
set 115 116 7374
set 84 169 9361
set 38 118 16440
set 126 133 10264
add 1561
set 5 78 17656
add 1191
add -3176
set 33 23 15095
set 194 86 369
add -3809
set 121 137 -3462
set 47 49 -2653
set 66 12 -3018
set 74 177 8196
set 59 80 -3318
set 127 180 -3214
set 170 122 13481
set 124 79 3755
add -1175
add -1136
set 161 80 -5731
add -3519
add -4459
add 3819
add -2172
set 22 58 -11475
set 170 119 -4203
add 3829
set 79 196 5991
add -3212
set 101 1 -477
add -3717
add 3017
add -1011
add 2034
add 4245
set 52 44 -5600
set 170 169 7813
set 115 102 5810
add 2640
add 3530
add 4755
add 696
add 1188
set 29 68 16376
add -1776
add -4217
set 151 135 340
add 2325
set 6 96 3951
add -751
add 1819
add -2353
add -2884
set 17 183 13168
set 182 12 -1788
add -4414
add -3980
add -4096
add -4520
set 52 102 -4850
set 16 127 -11216
set 102 116 703
add 1707
add 296
add 1191
add 4687
add -1585
add 1570
set 43 81 2823
add -4955
add -732
add 4218
add -3096
add -109
set 162 114 -15435
add 1436
set 73 152 -14059
set 122 17 1585
set 11 7 -14030
add -947
set 15 143 -9550
set 126 29 -14643
add 4862
add -4148
add 3919
set 12 66 3235
set 94 126 -6609
add -2728
add -1361
set 82 45 -14645
set 19 8 -8493
add 4604
set 99 140 -10106
add 4717
add -1055
set 60 185 -522
add 4364
add -2597
add 270
set 28 76 -3593
add 465
add 2035
set 55 48 14334
set 62 153 -1623
set 134 193 -1843
add 1802
set 180 174 -172
set 132 58 16297
set 138 81 6172
set 127 61 13119
add 2236
set 118 149 2158
set 172 86 2153
add 854
set 179 63 11789
add 2926
set 63 23 21260
add 730
add 781
add -1404
add 3161
add 1950
add -8327
add 318
set 45 6 8885
set 189 130 8248
set 10 11 10742
add -4393
set 110 96 -1258
add 4479
set 46 121 20644
add 1874
set 127 133 11194
set 119 10 22216
add 828
set 162 142 19471
add 355
set 157 87 20855
set 113 7 6340
add -2535
set 115 197 3994
set 25 180 12575
add -783
add -1268
set 162 179 3455
set 104 68 1961
add 875
add 3999
add -4029
set 147 143 2724
add -2624
set 130 171 19473
set 136 69 145
add 1827
add 2042
add 2425
add -4382
add -2167
add -1977
add 2700
add 1628
set 87 72 2291
set 81 57 14369
set 165 128 1962
set 114 101 2060
add -3976
set 98 151 11888
add -356
set 163 78 8137
add 1274
add 3813
set 119 104 9454
set 81 137 2767
set 147 166 2750
set 5 42 11263
add 942
add -1066
add 908
add 1104
set 83 62 4679
set 119 115 5353
set 155 170 4713
add 4030
set 67 181 14269
add 3463
set 7 31 13893
add -7079
set 159 63 13233
add 2754
set 155 164 27515
add -4446
add 1175
add 2113
add 464
add -1111
add 4752
set 194 34 10832
add -5546
add -2254
set 157 156 8156
add -4261
add 4785
add 4855
set 105 103 20936
add 1169
set 73 185 29224
set 90 45 9557
set 178 103 10066
set 64 122 16089
add 1929
set 180 37 28946
add -8930
add -1582
add 3074
add -2837
set 43 188 19472
set 43 175 7577
add 3880
add 1171
set 82 3 6430
add -923
add 954
add 3134
add -4274
set 42 156 17056
set 157 120 5205
add 3889
set 87 123 20002
set 163 70 18760
set 127 37 27809
add 4303
set 124 82 22870
set 3 108 19639
set 187 8 31202
set 86 163 13425
add -9303
add -2421
add 2597
add -3982
set 37 46 19867
add 2804
add 1183
add 3121
set 122 121 13456
add -435
set 45 100 15177
set 191 15 25379
add -1817
set 87 75 21953
add -2343
add -2940
add -4937
set 26 52 -4405
set 193 172 -4710
set 105 173 6680
set 107 93 -5132
add 2864
add 1935
add -1048
add 1465
set 7 42 13659
set 159 184 16303
add -4246
add -4197
add -2721
set 137 20 -7832
set 122 174 -11142
set 74 48 1970
set 180 36 -10970
add 73
add 1654
set 24 144 -8048
set 115 32 -9345
set 24 22 -9303
set 3 196 -3980
add -4230
add 3973
set 91 4 -2739
set 28 38 -9211
add 579
add -3601
add -3615
set 46 172 -14436
set 105 66 -12740
add -4259
set 45 188 -6866
set 11 146 -19955
set 43 94 -5134
add 285
set 94 38 -2825
add -1716
set 156 106 -5038
add -3619
add 379
add 2030
add -2938
set 125 105 -26095
add -2598
add 400
add -1447
add -2245
set 113 73 -15880
set 20 118 -30688
add 6773
set 101 176 -25215
set 5 36 -7918
set 46 13 -6794
set 59 161 -19320
add 1515
set 7 86 -23203
set 174 44 -15917
add -3032
set 162 68 -13689
add -315
set 129 89 -27022
add -3031
set 171 51 -15796
add 6070
set 156 54 -23985
set 98 5 -24007
set 53 141 -14913
set 151 168 -5624
set 111 111 -23969
add 4671
add -1628
add -1073
set 48 191 -21817
set 82 144 -9289
set 133 38 -13253
add -2114
set 44 166 -24088
set 137 171 -5948
add 451
add 3361
set 111 126 -6441
set 79 33 -3945
add 1417
add -939
add -1765
add 817
add 4429
set 16 134 -10156
add -1818
set 65 171 -9031
set 53 153 -17946
add 4589
set 70 71 -1820
set 157 22 -13680
add -2715
add 4803
set 49 41 -11498
set 7 130 -10898
set 92 25 -11520
add 1365
add -2209
set 148 143 -12205
set 136 47 -12205
add -2688
set 152 103 -13042
set 168 120 -14996
add -1095
add 1654
set 6 86 -13997
add -802
set 132 176 -15328
add -824
set 78 144 293
add 242
set 153 42 -5657
set 180 142 -15671
add 1175
add -2785
set 91 40 -3101
set 158 125 -2837
set 120 194 -9522
add 3111
set 157 26 716
add 3805
add -2695
set 49 147 2326
add 2094
add 2813
add -425
set 157 141 11040
set 188 159 -8658
add 2041
add 661
set 47 72 -5787
add 3755
add 3980
set 1 113 7197
set 75 92 20284
add -2469
set 130 13 11578
add -2963
add -3768
add -4357
set 79 29 -6509
add 1981
set 125 93 -9930
add -4991
set 182 125 176
add -264
set 21 188 -7707
add 2135
add -928
add -2365
set 11 147 -4341
add -844
set 180 186 -17250
set 126 134 -16655
add -1426
add 549
set 32 12 1403
set 181 104 -8142
set 100 86 -18005
add -2650
set 85 17 -7792
set 132 86 -20687
set 66 127 -20571
set 157 94 -1410
add 3470
set 178 135 -9543
add 366
add 2140
add 4484
add -4122
add -3073
set 39 106 -16410
add -1468
add -660
set 6 172 -972
add -152
add -4389
add 2289
add 3498
add -3810
add -2336
add 4514
set 134 95 -13150
add -3424
add 1592
set 1 125 -2443
add 145
set 132 65 -2022
set 54 184 -18869
set 74 83 -5331
set 187 94 -14062
set 73 95 -11408
set 89 154 -10644
add -2553
set 82 91 -9881
add 1074
set 99 15 -13585
add -2289
set 133 23 -13430
set 178 4 -14167
set 170 185 -14847
set 40 40 -17483
add 581
set 96 136 -4889
set 60 174 -24819
add 3471
set 105 25 -21372
add -423
add 4690
add -3528
set 139 130 -18452
set 90 139 -13327
set 24 97 -1555
add -1284
add -3394
set 156 167 -12773
set 58 90 -9630
set 5 33 -11198
add 3467
add -4278
set 172 24 -20198
set 156 82 -23654
add 4088
set 136 121 -3918
set 127 48 -16695
set 193 28 -5941
add 4194
add 1121
add -2578
add -3207
add -3826
add -1378
set 4 152 -14674
add -1835
set 69 187 -17669
set 36 78 -29189
set 56 91 -25018
set 99 144 -18823
add 1072
set 93 116 -9782
set 98 145 -18843
set 112 6 -16022
set 92 190 -8426
set 86 80 -28405
set 148 171 -9604
set 73 111 -28383
set 121 25 -28487
set 48 26 -18223
set 7 165 -10532
add 858
add 641
add 3259
add -3118
add -3966
add 9950
add 684
add -4000
add 3084
set 129 96 -21112
set 149 12 -15485
add -3460
set 76 178 -6828
add 3965
add 418
set 126 43 -20135
set 66 67 -19796
set 177 7 -20172
add 329
add 4137
add 2542
add 3684
set 120 96 -9488
add -788
add 209
add -2705
add -3329
add -2946
set 113 100 -7504
set 170 127 -3043
add 4825
set 63 119 580
set 23 18 -14147
set 21 47 -3848
set 155 95 3601
add 2796
add -2939
set 166 81 -11870
set 64 68 -3628
add -3833
add 2076
add 2601
set 131 16 -12884
set 56 144 -4967
set 149 28 -6736
set 92 43 -13442
set 156 76 -4538
add 667
set 32 21 -1553
set 95 179 3361
set 183 95 2101
add 826
set 191 72 -373
set 60 159 -464
add -4825
add 4639
set 95 191 -12005
set 17 19 6284
set 173 92 -1861
add -576
set 65 50 253
add 4933
add 4606
add 45
add -561
add 1832
set 42 68 5815
add 1282
add -510
add 3249
add -924
add -4544
add -391
add -4478
set 147 83 10032
set 111 71 7545
set 58 14 -8186
add -3564
set 86 167 3294
add -2223
add -4326
set 99 50 -11894
set 20 85 -12641
set 51 168 -3960
set 21 17 -3992
set 184 119 -2245
add 3911
add -2504
set 40 27 1642
set 92 83 -1036
set 115 27 -16641
set 52 32 -16838
add -3321
set 14 167 -6062
set 59 7 -5077
add 364
set 121 83 -11472
add -3171
set 185 176 -23134
add -1828
set 22 64 -18448
add -1612
add -2422
add -4561
add 7093
add 3110
add 4776
add 3884
add 4187
add -2333
set 131 182 -1305
set 48 47 -7234
set 116 93 -12752
add -4705
set 94 116 -10363
set 147 141 -11539
add -3179
add 393
set 184 45 -20324
set 75 58 -1095
set 41 132 -14256
add -2075
set 37 184 -15095
set 145 186 -22355
add 4440
add 3458
add 312
add 4173
add -2441
add 1837
add 2318
set 194 12 -8140
add -682
add -3926
add -4745
add 1695
add 432
add 3201
add -1316
set 24 178 5022
add -2312
add 3916
set 13 60 -11688
set 146 156 5908
set 52 47 -1624
set 129 176 -11990
set 97 148 2425
set 23 20 4882
add -4049
set 132 84 -16026
set 29 150 -15203
set 177 161 -14751
add -1942
set 20 137 -17914
set 152 79 -4600
set 161 56 -17827
add -1573
add 2811
set 82 54 -16618
set 84 184 -10629
set 58 54 -16594
set 145 74 -16715
add 1561
add 2575
add -4598
add -3330
add -2387
add -1767
add 4663
add 4100
add -3622
set 73 69 -5924
set 143 155 -10512
add -1604
set 71 186 -21083
set 28 16 -13695
set 181 41 -21232
set 66 39 -20910
set 104 190 -9523
add -885
add 2692
set 173 77 -19376
add 356
set 50 160 -9331
add -2844
set 92 128 -21804
add -2360
set 40 2 -23783
set 25 193 -9186
add -2371
add 4020
add -4848
set 31 128 -27302
set 57 64 -17293
set 64 160 -14526
set 148 157 -27162
set 38 168 -26358
set 172 187 -22313
add 2088
set 17 109 -10753
add -4637
add 4791
set 188 191 -10222
set 84 186 -25094
add 3254
add -1902
add -1191
add 2927
add 4651
add -1147
add 1882
set 93 194 1725
add 4344
add -4587
add -2126
add 563
add -2099
set 100 100 -6408
add 332
set 94 104 -7007
add -3828
add -2494
add 646
set 103 63 -10314
add 2412
add 3103
set 112 27 -20098
add 3732
set 156 41 -16733
set 93 66 -4914
add -2915
set 92 25 -19563
add 1798
set 2 136 -10116
add -4192
set 34 69 -6516
add 3591
add 1304
add 3267
set 181 149 -13873
add 1940
set 78 8 -4555
add -3967
set 98 39 -15642
set 134 66 -15620
add 92
set 125 143 -15548
add 3832
add -3089
add -4950
set 143 140 -20023
set 53 8 -10425
add 3028
add -4517
set 180 161 -20171
add -3742
set 59 55 -9738
set 25 164 -24369
set 191 123 -10116
set 12 113 -13137
set 149 107 -23233
add 3146
add 4599
set 26 167 -16586
set 19 103 -6975
add 1863
set 88 72 -15306
add -4661
set 113 186 -20224
add 2348
set 40 51 -17449
set 119 15 -12372
set 168 39 -17763
set 5 70 1449
set 108 96 -17898
add -4170
add 2252
add 4778
add -2751
set 26 122 -7082
add -789
add -3617
add 2516
add -1753
set 46 20 -21000
set 65 174 -21401
add -2526
set 165 160 -8188
set 45 156 -8600
set 190 20 -22095
set 75 89 -23856
add 918
add 193
add 3878
add 1469
set 67 49 -230
add 1439
set 33 100 -216
set 93 114 596
set 12 58 3705
set 63 84 436
add 2531
set 96 126 -864
set 37 193 5130
add 1339
add 491
set 173 105 -11722
add -307
set 148 93 -12012
set 118 10 6063
set 176 17 3130
set 177 63 -4552
add -279
set 84 138 4080
set 103 117 -12291
set 143 122 -5399
add 4719
set 47 100 11426
set 54 42 1376
add -1720
add 4970
set 129 195 -1774
add 3725
add -488
add -1184
set 139 95 17301
add 2313
add 2468
set 178 38 18826
add -4008
set 190 112 16648
set 168 56 -1349
add -1295
add 2127
add 4969
set 6 53 21617
set 87 172 4871
set 176 149 4262
add 209
add 1384
set 45 27 21762
set 143 125 15258
add 131
add -1512
add 3803
set 142 177 10151
add -1849
set 154 83 24440
set 70 111 6579
set 94 141 23430
set 163 173 12356
set 130 169 12319
set 41 116 19065
set 171 122 16193
add 1120
set 26 163 20830
set 58 7 22568
set 160 80 7600
set 104 108 25102
add 1573
set 38 177 14752
set 174 129 23401
add -2302
add 1846
set 86 115 10367
add 1864
set 100 107 12806
set 20 84 28745
set 69 53 25972
set 170 143 24600
set 127 145 16194
add -7809
set 186 115 3206
add -2128
set 159 61 10838
set 123 125 20407
add -1690
set 22 22 11747
set 86 71 14699
set 84 37 513
set 59 30 548
set 166 95 4930
set 153 146 -847
set 31 116 8557
add -2365
set 5 193 8234
add 3568
add 2364
add 4695
add -2820
set 76 142 16175
add 3252
set 93 28 23071
add -4465
add -4583
set 130 42 14972
add 1557
add -4863
add 1009
add 2401
add -3001
add -2372
set 181 12 -6552
add -4750
add -4747
add -1904
add 3177
set 121 137 -14936
set 67 111 -14791
add 3926
set 100 185 419
add -861
add 4367
add -682
add -137
add 1850
add 2986
add -580
add -1569
set 188 27 -3072
set 145 87 9178
add 2164
set 175 193 -3427
add 3911
add -4132
add 992
set 22 184 10989
set 10 121 -1999
set 11 113 16402
add -1279
set 148 185 4058
add 1560
set 95 79 15592
set 182 122 11501
set 61 42 11479
add -4208
add -1959
set 187 75 149
set 103 132 -8431
set 117 38 -130
add 2354
add 610
set 78 59 -5441
add -166
set 90 94 6671
set 33 10 -5353
add -2670
add 1350
set 121 41 -7095
add -3736
set 40 130 2113
set 48 148 4346
set 153 176 -10835
add 1136
set 42 118 3571
set 58 111 -9555
set 26 112 59
add -4584
add -4120
add 1399
set 119 129 -4020
set 175 76 2805
add 3572
set 33 118 1690
add 3663
add 3652
set 91 58 12735
add 4839
add -1242
set 132 70 4412
set 13 15 5929
add -102
set 103 95 13240
add -3402
set 176 52 -6002
set 101 91 -5200
add 2361
add -7
add 410
add -3723
add 4130
add -3548
set 4 16 -5802
add -4467
set 16 64 -2469
set 77 52 3056
set 60 162 1553
add -1240
add -876
set 46 42 4795
add -408
add -3305
set 3 112 -44
add -2810
add -31
set 9 195 -8541
add 849
set 48 162 -17943
add -583
add 3635
add 3287
set 66 164 -4594
set 12 87 -571
set 136 195 7402
set 53 107 -11942
set 154 169 -6079
set 191 88 -3588
add 2058
add 1560
set 75 131 -1633
set 58 177 8273
set 162 172 10499
add -1395
add 18
set 72 179 1077
set 29 177 -3247
set 117 191 -9905
set 168 9 -10122
add -679
set 194 53 3260
set 83 182 1262
add 4952
add -4169
set 42 65 -7355
set 74 31 6147
set 15 187 1188
add 3131
add -1407
set 79 160 -2381
set 176 198 3899
set 100 18 -8266
add 598
set 86 62 -7632
add -3632
set 144 54 -11228
add -3793
set 28 120 -1480
set 52 95 1009
set 14 19 4788
add 2102
add -4241
set 166 45 -17254
set 1 90 -9394
add -1776
add 3648
set 136 90 1379
add -1476
add 531
set 23 101 -16151
add 3621
set 39 54 -12507
add -2084
set 151 43 -14746
set 133 38 -3897
set 188 108 -14699
add 1430
set 56 55 4512
set 31 84 1957
set 90 6 -5215
set 178 182 3115
add 2588
add -4931
add -2156
add -434
add 1350
set 80 111 -16814
add -4626
add -3892
add 4250
add -4751
set 146 25 -25955
add 2096
add -4230
set 193 14 -28142
add -1707
add 1910
set 121 100 -21694
set 19 174 -27780
set 9 171 -24660
add 4695
add -1095
add -2231
add 1136
add 1929
set 86 15 -15707
set 50 76 -12091
add 3194
set 19 109 -9796
set 127 181 -5036
set 25 174 -20158
set 173 101 -20239
set 123 197 -19988
add 3337
add 2442
add -565
add 41
set 147 59 -14900
add -348
add 2772
set 139 16 -10616
add -3336
set 18 133 -15052
add 3165
add -1247
add 3641
set 165 127 -108
set 175 191 2879
set 108 133 3694
add 32
set 164 110 2996
add -2599
set 184 115 -12454
set 110 172 -12356
set 60 7 -1992
add 1086
add 4007
set 38 42 1629
add -2357
add -4049
add -48
set 157 24 -1470
set 55 108 -9134
add -4192
add -4717
add -3363
set 88 38 -10542
add -2346
add 2772
set 1 151 -19607
add 4845
add 2711
add 1897
add 1100
add 1783
set 128 74 -13725
set 193 158 -3948
add 4419
add 1414
set 187 144 -7800
set 11 31 -6190
add 101
add -4938
add -371
set 143 29 -5367
set 100 144 3632
add 3434
add -2814
add 638
add -347
set 133 47 -12042
add -3577
add 276
add 2983
add 3466
add -3253
add -3090
add 2710
add -4120
set 89 149 -16795
add -1733
set 188 38 -18453
add -601
set 74 36 -8034
set 5 183 -12822
add 3203
add 549
add -2842
set 146 54 -18202
set 84 86 -18165
set 123 73 -2901
add 1982
set 194 28 -2341
set 82 24 -5626
add -244
set 153 126 -11209
set 84 23 -3301
set 107 71 -6681
add 2797
set 167 46 -2982
add 1873
add -640
add -4444
add 279
set 102 77 -16620
add -1905
set 19 179 -18206
add -1899
set 124 158 -11122
add -1738
set 61 7 -7500
add 336
add -4829
set 181 8 -16996
set 191 63 -7724
set 94 165 -21324
set 88 151 -10098
add 2507
add -4381
add 2214
add -4022
add 7755
add 1300
set 29 84 -12294
add -1492
add 2566
set 34 99 -7164
add 543
add -2421
add -3227
add 801
add -4149
add 1602
set 102 35 -11525
set 78 96 -27064
add -919
set 133 44 -12421
add -60
add 510
add 4294
add -2564
set 85 146 -7418
add -4219
add -2093
add 6083
add -1998
add -3071
set 126 114 -16502
add 9649
add 3799
add 2942
set 85 145 -13957
set 117 52 -14689
set 124 134 -14189
add -2634
add 401
set 11 22 -1211
set 65 191 -16747
set 136 49 -5695
add 2043
add 2814
set 57 120 -11639
set 55 194 -11957
add -2845
set 137 9 -14973
set 93 57 -14552
set 188 52 -14981
set 127 26 -2268
set 124 76 853
set 42 63 3219
set 174 140 -15054
add 697
add 2321
set 126 132 -11850
set 56 150 -6422
set 4 119 -10260
set 13 63 6802
add 469
add -3774
add -4818
add 3150
set 35 40 -5774
set 191 101 -16945
set 114 104 -9609
set 57 163 -16768
add 2309
add 3044
set 118 130 -10082
set 180 197 -11380
add 2770
add 4338
add 2262
set 63 158 5289
set 125 135 9895
add 1685
add -2876
add 4898
set 121 148 16010
