33755
33755
33755
33755
33756
33756
33756
33755
33755
33755
33755
33755
33755
33755
33755
33755
33755
33755
33755
33755
33754
33754
33754
33754
33754
33754
33755
33755
33755
33755
33755
33755
33755
33755
33755
33755
33755
33754
33754
33754
33754
33754
33754
33754
33754
33754
33754
33754
33754
33754
33754
33754
33754
33754
33754
33753
33754
33754
33754
33754
33754
33754
33754
33754
33754
33754
33754
33753
33753
33753
33753
33753
33753
33753
33753
33753
33753
33753
33753
33754
33754
33754
33754
33753
33754
33754
33754
33754
33754
33754
33753
33753
33753
33753
33754
33754
33754
33754
33754
33752
33753
33753
33753
33753
33753
33753
33753
33754
33754
33754
33754
33754
33754
33754
33754
33754
33754
33754
33754
33753
33753
33752
33750
33750
33750
33749
33749
33749
33749
33748
33748
33748
33749
33749
33749
33749
33749
33749
33749
33749
33748
33748
33748
33747
33747
33747
33747
33747
33747
33747
33746
33746
33746
33746
33745
33745
33745
33745
33746
33746
33746
33746
33746
33746
33745
33745
33745
33745
33745
33745
33745
33745
33745
33745
33745
33745
33745
33745
33742
33742
33742
33741
33741
33741
33741
33741
33741
33741
33741
33741
33741
33741
33740
33740
33740
33740
33740
33741
33741
33741
33741
33741
33741
33742
33741
33741
33741
33741
33740
33740
33740
33740
33740
33740
33740
33740
33740
33740
33740
33740
33740
33740
33739
33738
33738
33738
33738
33738
33740
33740
33740
33740
33740
33740
33740
33740
33740
33740
33740
33740
33740
33740
33742
33742
33742
33742
33742
33742
33740
33740
33740
33740
33740
33740
33740
33739
33739
33739
33739
33739
33739
33738
33738
33739
33739
33739
33738
33738
33738
33738
33738
33737
33737
33737
33737
33736
33736
33736
33736
33736
33735
33735
33736
33736
33736
33736
33736
33736
33736
33736
33735
33735
33735
33735
33736
33736
33736
33736
33736
33736
33736
33736
33736
33736
33736
33736
33736
33736
33736
33734
33734
33734
33734
33734
33734
33734
33734
33734
33734
33735
33735
33734
33734
33734
33734
33734
33734
33734
33734
33734
33734
33734
33732
33733
33733
33733
33733
33733
33733
33733
33733
33733
33733
33732
33732
33731
33731
33730
33730
33730
33730
33731
33730
33730
33728
33728
33727
33726
33725
33725
33725
33725
33724
33724
33724
33724
33724
33724
33724
33724
33724
33724
33724
33724
33724
33724
33724
33724
33724
33724
33724
33724
33724
33724
33722
33722
33722
33722
33723
33723
33723
33723
33723
33723
33723
33722
33722
33722
33722
33722
33722
33722
33722
33722
33722
33721
33721
33721
33721
33721
33721
33721
33721
33721
33721
33721
33721
33721
33721
33721
33721
33721
33721
33721
33721
33721
33721
33721
33721
33721
33721
33721
33722
33722
33722
33722
33722
33722
33722
33722
33722
33722
33722
33722
33722
33722
33722
33722
33722
33722
33722
33722
33722
33722
33722
33722
33722
33722
33722
33722
33722
33722
33722
33722
33722
33722
33722
33722
33723
33723
33721
33721
33720
33720
33720
33720
33720
33720
33720
33720
33720
33720
33720
33720
33720
33720
33720
33720
33720
33720
33720
33720
33720
33720
33720
33720
33719
33719
33719
33719
33719
33719
33719
33719
33719
33719
33719
33719
33719
33719
33719
33718
33717
33717
33717
33717
33716
33716
33716
33716
33717
33717
33718
33718
33719
33719
33719
33719
33719
33719
33718
33718
33718
33718
33718
33718
33718
33718
33718
33718
33718
33718
33718
33718
33718
33718
33718
33718
33718
33718
33717
33718
33718
33716
33716
33716
33716
33715
33715
33716
33716
33716
33717
33717
33717
33717
33717
33717
33717
33716
33716
33716
33716
33716
33716
33716
33716
33716
33716
33716
33716
33717
33717
33717
33717
33717
33717
33717
33717
33717
33716
33716
33716
33716
33716
33715
33715
33715
33715
33715
33715
33715
33715
33715
33715
33715
33715
33715
33715
33715
33715
33715
33715
33715
33715
33715
33715
33715
33715
33715
33715
33714
33714
33713
33714
33714
33714
33714
33715
33715
33715
33715
33715
33715
33714
33713
33713
33713
33713
33713
33713
33712
33712
33711
33711
33712
33712
33712
33712
33712
33712
33713
33713
33713
33714
33714
33714
33714
33713
33712
33712
33712
33712
33712
33712
33711
33711
33711
33711
33710
33709
33709
33709
33709
33709
33709
33709
33709
33709
33709
33708
33708
33709
33709
33709
33710
33710
33710
33710
33710
33710
33710
33710
33709
33709
33709
33708
33708
33707
33707
33707
33706
33705
33705
33705
33706
33706
33705
33705
33705
33705
33705
33705
33705
33705
33705
33705
33704
33704
33704
33704
33705
33705
33705
33706
33705
33705
33705
33706
33706
33706
33706
33705
33705
33704
33704
33704
33704
33704
33704
33704
33704
33705
33705
33705
33705
33705
33705
33705
33705
33705
33705
33705
33705
33705
33705
33705
33705
33705
33705
33705
33705
33705
33705
33705
33705
33705
33705
33705
33705
33705
33705
33705
33705
33705
33705
33705
33705
33705
33705
33705
33705
33704
33704
33704
33704
33704
33702
33702
33702
33702
33702
33702
33702
33702
33702
33701
33701
33701
33701
33701
33701
33701
33700
33700
33700
33700
33700
33700
33700
33700
33700
33699
33699
33699
33699
33699
33699
33699
33699
33699
33699
33699
33699
33699
33699
33699
33699
33699
33700
33700
33700
33700
33700
33700
33698
33698
33698
33698
33698
33698
33699
33699
33699
33699
33698
33698
33698
33698
33698
33698
33698
33698
33698
33698
33698
33697
33697
33697
33697
33697
33697
33697
33697
33697
33697
33697
33697
33698
33698
33698
33698
33698
33698
33698
33698
33697
33697
33697
33697
33697
33697
33697
33697
33697
33696
33696
33696
33696
33696
33697
33697
33696
33696
33696
33696
33696
33696
33696
33697
33696
33696
33696
33696
33695
33695
33695
33695
33694
33694
33694
33694
33694
33694
33693
33693
33693
33693
33693
33692
33692
33692
33692
33692
33692
33692
33692
33692
33692
33692
33692
33692
33692
33692
33692
33692
33692
33692
33692
33692
33691
33691
33691
33691
33691
33691
33691
33691
33691
33691
33692
33692
33692
33692
33692
33692
33692
33692
33692
33692
33692
33692
33691
33691
33691
33691
33691
33691
33691
33691
33690
33690
33690
33689
33689
33689
33688
33688
33688
33688
33688
33687
33687
33687
33687
33687
33687
33687
33687
33687
33687
33687
33687
33687
33687
33686
33686
33685
33685
33685
33685
33685
33685
33684
33684
33684
33684
33684
33684
33684
33684
33683
33683
33683
33683
33683
33683
33683
33683
33683
33683
33683
33682
33682
33682
33682
33683
33683
33683
33683
33683
33682
33681
33681
33681
33681
33680
33680
33680
33680
33680
33680
33680
33680
33680
33680
33680
33681
33681
33681
33682
33682
33682
33681
33682
33682
33682
33682
33682
33681
33681
33681
33681
33681
33682
33682
33682
33682
33683
33682
33682
33682
33682
33682
33682
33682
33682
33682
33682
33682
33682
33682
33682
33682
33682
33682
33682
33682
33682
33682
33682
33682
33682
33683
33683
33683
33683
33683
33683
33683
33683
33684
33685
33685
33685
33685
33684
33685
33685
33686
33686
33686
33687
33687
33687
33687
33687
33687
33687
33687
33687
33686
33686
33686
33686
33686
33686
33686
33686
33686
33686
33687
33687
33687
33687
33687
33687
33687
33687
33687
33687
33687
33687
33687
33687
33687
33687
33687
33687
33687
33687
33687
33687
33687
33687
33687
33687
33687
33687
33687
33687
33687
33687
33687
33687
33686
33686
33686
33686
33686
33686
33686
33686
33686
33686
33684
33684
33684
33684
33684
33684
33684
33683
33683
33683
33683
33683
33683
33683
33683
33684
33684
33684
33684
33684
33684
33684
33684
33684
33686
33687
33687
33687
33687
33687
33687
33688
33688
33688
33688
33688
33688
33688
33688
33688
33687
33687
33686
33686
33686
33686
33686
33686
33686
33686
33686
33686
33686
33686
33686
33686
33686
33687
33687
33686
33686
33685
33685
33685
33685
33685
33685
33685
33685
33685
33685
33685
33685
33685
33685
33685
33685
33685
33685
33685
33685
33685
33685
33685
33685
33685
33685
33685
33685
33685
33685
33685
33685
33684
33684
33684
33684
33684
33684
33684
33684
33684
33684
33684
33684
33684
33684
33684
33684
33684
33684
33684
33684
33684
33684
33684
33684
33684
33684
33684
33684
33684
33683
33683
33683
33683
33683
33683
33683
33683
33682
33682
33682
33682
33682
33682
33682
33682
33682
33681
33681
33681
33681
33680
33680
33680
33680
33680
33679
33679
33679
33678
33677
33677
33678
33678
33678
33678
33678
33678
33678
33677
33677
33677
33677
33677
33677
33678
33678
33677
33677
33677
33677
33677
33677
33677
33677
33677
33676
33676
33676
33676
33675
33675
33676
33676
33676
33676
33674
33674
33675
33675
33675
33675
33675
33675
33675
33675
33675
33675
33675
33675
33675
33675
33675
33675
33675
33676
33676
33676
33676
33676
33676
33676
33676
33676
33676
33676
33676
33676
33676
33676
33676
33676
33676
33676
33677
33677
33677
33677
33677
33677
33676
33676
33676
33676
33676
33676
33675
33675
33675
33675
33675
33675
33675
33675
33675
33675
33674
33673
33672
33673
33673
33673
33673
33673
33673
33673
33673
33673
33674
33675
33675
33675
33675
33675
33674
33674
33674
33674
33674
33675
33675
33674
33674
33674
33674
33674
33675
33676
33676
33675
33674
33674
33672
33672
33672
33670
33670
33670
33670
33670
33671
33671
33671
33671
33671
33671
33671
33671
33671
33671
33671
33671
33671
33671
33671
33671
33671
33671
33671
33671
33671
33671
33670
33670
33670
33670
33670
33670
33670
33670
33669
33669
33670
33670
33669
33669
33669
33669
33669
33669
33669
33669
33667
33665
33666
33666
33665
33665
33665
33664
33664
33664
33664
33663
33662
33663
33663
33662
33662
33661
33661
33661
33661
33661
33661
33661
33661
33661
33662
33662
33662
33662
33663
33664
33664
33664
33664
33662
33662
33662
33662
33662
33661
33661
33661
33661
33661
33661
33660
33660
33660
33660
33660
33660
33660
33659
33659
33659
33659
33659
33659
33659
33659
33659
33658
33658
33658
33656
33656
33656
33656
33657
33657
33657
33657
33657
33656
33656
33656
33656
33656
33656
33656
33656
33656
33656
33656
33656
33656
33656
33656
33656
33656
33656
33656
33656
33656
33656
33656
33656
33657
33657
33657
33657
33657
33657
33656
33656
33656
33656
33656
33655
33655
33655
33655
33655
33655
33655
33655
33655
33655
33653
33653
33653
33653
33653
33653
33654
33653
33653
33653
33653
33653
33651
33650
33649
33650
33650
33650
33650
33650
33649
33649
33648
33649
33649
33649
33649
33649
33649
33649
33649
33648
33648
33648
33648
33648
33648
33648
33648
33648
33647
33646
33646
33646
33646
33646
33646
33646
33646
33646
33646
33647
33647
33647
33647
33647
33647
33647
33647
33647
33647
33646
33646
33645
33645
33644
33644
33644
33644
33643
33643
33642
33642
33642
33642
33642
33642
33642
33642
33642
33642
33642
33642
33642
33642
33642
33642
33642
33643
33643
33643
33643
33643
33643
33643
33643
33643
33643
33643
33642
33642
33642
33642
33642
33642
33643
33644
33644
33644
33644
33644
33644
33644
33644
33644
33644
33644
33644
33644
33644
33644
33644
33644
33644
33644
33644
33644
33644
33644
33644
33644
33643
33644
33644
33644
33644
33645
33645
33645
33645
33645
33645
33645
33645
33645
33645
33644
33645
33645
33645
33645
33646
33646
33644
33644
33643
33644
33644
33645
33645
33645
33645
33645
33645
33644
33644
33644
33644
33644
33644
33644
33644
33644
33644
33644
33644
33644
33644
33644
33644
33644
33644
33644
33644
33644
33644
33644
33645
33645
33645
33645
33645
33645
33645
33645
33645
33645
33645
33645
33645
33645
33645
33645
33645
33645
33645
33645
33645
33645
33645
33645
33646
33646
33646
33646
33646
33646
33646
33646
33646
33646
33646
33646
33646
33646
33646
33646
33645
33645
33645
33645
33646
33646
33646
33646
33646
33647
33647
33647
33647
33647
33647
33646
33646
33646
33646
33646
33646
33647
33647
33646
33646
33646
33646
33645
33645
33645
33645
33645
33645
33645
33645
33645
33646
33646
33646
33646
33645
33645
33645
33645
33645
33645
33645
33645
33645
33645
33645
33645
33644
33644
33644
33644
33643
33643
33643
33643
33643
33643
33643
33643
33644
33644
33644
33644
33644
33644
33644
33643
33643
33643
33643
33643
33642
33642
33642
33642
33642
33642
33642
33642
33642
33643
33643
33643
33643
33644
33645
33645
33645
33645
33645
33645
33645
33645
33645
33645
33644
33644
33644
33644
33644
33644
33644
33643
33643
33644
33644
33644
33644
33644
33644
33644
33644
33644
33644
33644
33644
33644
33644
33644
33644
33644
33644
33644
33645
33645
33645
33646
33646
33646
33646
33646
33645
33645
33645
33645
33645
33645
33645
33645
33645
33645
33644
33644
33644
33644
33644
33644
33644
33643
33643
33643
33643
33644
33644
33644
33643
33643
33643
33643
33643
33642
33642
33642
33642
33642
33643
33643
33643
33642
33642
33642
33642
33642
33642
33643
33643
33643
33643
33643
33643
33643
33643
33642
33642
33641
33641
33640
33640
33640
33640
33640
33641
33640
33640
33640
33639
33639
33638
33638
33638
33638
33638
33638
33638
33637
33637
33637
33637
33637
33637
33637
33637
33637
33638
33638
33638
33639
33639
33640
33640
33640
33640
33640
33640
33640
33641
33641
33641
33641
33641
33641
33641
33641
33641
33641
33641
33642
33642
33642
33642
33642
33642
33642
33642
33642
33642
33642
33642
33642
33642
33642
33642
33642
33642
33642
33642
33641
33641
33641
33641
33641
33641
33641
33641
33641
33641
33641
33641
33641
33641
33641
33641
33640
33640
33640
33641
33641
33641
33642
33642
33642
33642
33642
33642
33641
33641
33641
33641
33641
33641
33641
33641
33641
33642
33642
33642
33642
33642
33641
33642
33642
33641
33641
33642
33642
33642
33642
33642
33642
33642
33642
33642
33642
33642
33642
33642
33642
33642
33642
33642
33641
33641
33641
33641
33641
33643
33643
33643
33643
33643
33644
33644
33644
33644
33644
33644
33644
33644
33644
33644
33644
33644
33644
33644
33644
33644
33644
33644
33643
33643
33643
33643
33643
33643
33644
33644
33644
33644
33644
33643
33643
33645
33645
33644
33644
33645
33645
33646
33646
33646
33646
33645
33645
33645
33645
33645
33645
33646
33645
33645
33645
33645
33645
33645
33645
33645
33645
33645
33645
33645
33645
33646
33646
33646
33646
33647
33647
33647
33647
33647
33647
33647
33647
33647
33647
33647
33647
33647
33646
33646
33646
33646
33646
33646
33646
33646
33644
33644
33644
33644
33643
33643
33642
33642
33642
33642
33641
33641
33641
33641
33641
33642
33642
33642
33641
33641
33641
33641
33641
33641
33641
33641
33641
33641
33641
33641
33641
33641
33641
33641
33641
33641
33642
33642
33642
33642
33642
33642
33642
33642
33642
33642
33642
33642
33642
33642
33642
33642
33642
33642
33642
33642
33642
33642
33642
33641
33641
33641
33641
33640
33640
33640
33640
33640
33640
33640
33640
33640
33641
33641
33641
33641
33641
33641
33640
33641
33640
33639
33639
33639
33639
33639
33639
33640
33640
33640
33640
33640
33640
33640
33640
33640
33640
33640
33640
33640
33640
33640
33640
33640
33640
33640
33640
33640
33640
33640
33640
33640
33640
33640
33640
33640
33640
33641
33641
33641
33641
33641
33642
33642
33642
33642
33643
33641
33641
33640
33640
33640
33640
33640
33638
33638
33638
33638
33638
33638
33638
33638
33638
33638
33638
33638
33638
33638
33638
33639
33638
33638
33638
33638
33638
33638
33638
33638
33637
33638
33638
33638
33638
33638
33638
33638
33638
33636
33636
33636
33636
33636
33636
33636
33636
33636
33636
33636
33637
33637
33637
33637
33637
33636
33635
33635
33635
33635
33635
33635
33636
33636
33636
33636
33636
33636
33636
33636
33636
33636
33636
33635
33635
33634
33634
33633
33633
33633
33633
33633
33633
33634
33634
33634
33634
33634
33633
33633
33633
33633
33632
33632
33632
33632
33632
33632
33632
33632
33632
33632
33632
33632
33633
33633
33632
33632
33632
33631
33631
33631
33631
33631
33631
33631
33631
33631
33631
33631
33631
33631
33631
33631
33631
33631
33631
33631
33631
33630
33631
33631
33631
33631
33631
33631
33631
33631
33631
33631
33631
33631
33631
33631
33631
33632
33633
33633
33633
33632
33633
33633
33633
33634
33634
33634
33634
33634
33634
33635
33634
33634
33634
33634
33634
33634
33634
33634
33634
33633
33633
33633
33633
33633
33631
33631
33631
33631
33631
33631
33631
33631
33632
33632
33632
33632
33632
33631
33631
33631
33631
33631
33631
33631
33631
33631
33631
33631
33630
33630
33630
33630
33629
33629
33629
33629
33629
33629
33629
33629
33629
33629
33629
33629
33629
33629
33629
33629
33628
33628
33628
33628
33628
33628
33629
33629
33629
33629
33629
33629
33629
33630
33630
33630
33630
33630
33630
33630
33630
33630
33630
33630
33631
33631
33632
33632
33632
33632
33631
33631
33631
33631
33631
33631
33631
33631
33631
33631
33631
33631
33631
33631
33631
33631
33630
33630
33630
33630
33630
33630
33630
33630
33630
33630
33630
33630
33630
33630
33630
33630
33629
33629
33630
33630
33630
33629
33629
33630
33630
33630
33630
33630
33629
33629
33629
33629
33628
33627
33627
33627
33627
33627
33626
33626
33626
33626
33626
33626
33626
33626
33626
33626
33626
33626
33626
33626
33626
33625
33625
33624
33624
33624
33624
33624
33625
33625
33625
33625
33625
33625
33624
33624
33624
33623
33623
33623
33623
33623
33623
33623
33622
33622
33622
33622
33622
33621
33621
33621
33621
33617
33617
33617
33616
33616
33616
33616
33615
33615
33615
33615
33615
33615
33616
33616
33616
33616
33616
33615
33615
33614
33615
33615
33615
33615
33615
33615
33615
33615
33615
33615
33615
33616
33615
33614
33614
33614
33615
33615
33615
33615
33615
33615
33615
33614
33614
33613
33610
33610
33610
33610
33610
33610
33610
33610
33610
33610
33610
33610
33610
33609
33609
33609
33609
33608
33608
33608
33608
33608
33608
33608
33609
33609
33609
33608
33607
33607
33607
33607
33607
33607
33607
33607
33607
33606
33606
33607
33605
33605
33606
33607
33607
33607
33607
33606
33606
33606
33606
33606
33606
33605
33604
33604
33604
33604
33604
33604
33604
33604
33604
33604
33604
33604
33604
33604
33604
33604
33604
33604
33604
33604
33604
33604
33604
33604
33604
33604
33604
33605
33604
33604
33604
33604
33604
33604
33604
33606
33606
33606
33606
33606
33606
33605
33604
33604
33603
33602
33603
33601
33601
33601
33601
33601
33601
33601
33601
33601
33601
33601
33601
33601
33601
33601
33601
33601
33600
33599
33599
33599
33599
33599
33599
33599
33599
33599
33599
33600
33600
33600
33600
33600
33600
33600
33600
33600
33600
33600
33600
33600
33601
33601
33600
33600
33599
33600
33600
33600
33600
33600
33600
33600
33600
33600
33600
33600
33600
33600
33600
33600
33600
33600
33600
33599
33599
33599
33599
33600
33600
33600
33600
33600
33600
33600
33600
33600
33600
33600
33599
33599
33599
33599
33599
33599
33599
33599
33598
33599
33599
33599
33599
33599
33599
33599
33599
33599
33599
33599
33599
33600
33600
33599
33599
33599
33599
33598
33598
33598
33598
33598
33596
33596
33596
33596
33596
33596
33596
33596
33596
33596
33596
33595
33592
33593
33592
33592
33592
33592
33592
33592
33592
33593
33594
33594
33594
33594
33594
33594
33594
33594
33594
33594
33594
33594
33594
33594
33594
33593
33593
33593
33592
33592
33592
33592
33592
33593
33592
33592
33591
33591
33591
33591
33591
33589
33589
33589
33589
33589
33589
33589
33589
33589
33589
33589
33590
33590
33590
33590
33590
33590
33590
33589
33589
33589
33589
33589
33588
33588
33588
33588
33588
33588
33588
33588
33588
33588
33588
33588
33588
33588
33588
33587
33587
33587
33587
33587
33586
33586
33586
33585
33585
33585
33585
33585
33586
33586
33586
33586
33586
33586
33586
33586
33586
33586
33586
33586
33586
33586
33586
33586
33586
33586
33586
33586
33586
33585
33585
33585
33585
33585
33583
33583
33582
33582
33583
33583
33583
33583
33583
33583
33583
33583
33583
33583
33583
33582
33582
33583
33584
33584
33584
33584
33584
33584
33584
33584
33584
33584
33583
33582
33583
33583
33583
33583
33583
33582
33582
33582
33582
33582
33582
33582
33582
33582
33582
33582
33582
33582
33582
33582
33582
33582
33581
33581
33581
33581
33581
33581
33581
33581
33581
33581
33581
33582
33582
33581
33581
33582
33582
33581
33581
33581
33581
33581
33579
33579
33579
33579
33579
33579
33579
33579
33579
33579
33579
33577
33577
33577
33577
33577
33577
33577
33577
33578
33578
33578
33578
33579
33578
33578
33578
33578
33578
33578
33578
33578
33578
33578
33578
33578
33578
33578
33578
33578
33578
33578
33578
33578
33578
33578
33578
33579
33579
33579
33578
33578
33578
33578
33578
33578
33578
33578
33578
33578
33578
33578
33578
33578
33578
33578
33578
33578
33578
33578
33578
33578
33578
33578
33577
33577
33577
33577
33577
33578
33578
33578
33578
33578
33577
33577
33577
33576
33576
33576
33576
33576
33576
33576
33576
33576
33576
33576
33575
33575
33575
33575
33575
33574
33574
33574
33574
33574
33574
33574
33574
33574
33574
33574
33574
33574
33574
33574
33574
33574
33574
33574
33574
33573
33573
33573
33573
33573
33573
33573
33573
33573
33573
33572
33572
33572
33572
33572
33572
33572
33572
33572
33572
33572
33572
33573
33573
33573
33573
33573
33573
33573
33572
33572
33573
33573
33573
33573
33573
33573
33573
33573
33573
33573
33573
33573
33573
33574
33574
33574
33575
33575
33575
33574
33573
33572
33572
33571
33571
33571
33571
33570
33571
33571
33571
33571
33571
33571
33570
33570
33570
33570
33570
33569
33569
33569
33569
33569
33569
33569
33568
33568
33568
33568
33569
33569
33569
33569
33569
33569
33569
33569
33569
33569
33569
33569
33568
33568
33568
33568
33568
33568
33568
33568
33568
33568
33568
33568
33568
33568
33568
33568
33568
33568
33568
33568
33568
33567
33567
33567
33566
33566
33566
33566
33565
33565
33565
33564
33564
33564
33564
33564
33563
33563
33563
33560
33560
33559
33559
33559
33559
33559
33559
33560
33560
33560
33560
33560
33560
33561
33561
33561
33561
33561
33560
33560
33560
33559
33559
33559
33559
33559
33559
33559
33559
33559
33559
33559
33559
33559
33559
33559
33559
33559
33560
33560
33560
33560
33560
33560
33560
33560
33560
33560
33560
33560
33560
33560
33559
33559
33558
33558
33558
33558
33558
33558
33558
33559
33560
33559
33559
33559
33559
33558
33558
33558
33558
33558
33558
33558
33558
33558
33558
33558
33558
33558
33557
33557
33557
33556
33556
33556
33556
33556
33556
33556
33556
33556
33556
33556
33556
33556
33556
33557
33556
33555
33555
33555
33555
33555
33555
33555
33555
33555
33555
33555
33555
33555
33555
33554
33554
33554
33555
33555
33555
33556
33556
33556
33556
33556
33555
33555
33554
33554
33555
33555
33555
33555
33555
33555
33555
33555
33555
33557
33557
33557
33557
33557
33557
33557
33557
33556
33556
33556
33556
33556
33556
33556
33556
33556
33556
33556
33556
33556
33557
33557
33558
33558
33558
33558
33558
33558
33558
33558
33558
33558
33558
33558
33558
33558
33558
33557
33557
33557
33557
33557
33557
33557
33557
33557
33558
33558
33558
33558
33558
33558
33558
33558
33558
33559
33559
33559
33559
33559
33559
33558
33558
33558
33558
33558
33558
33558
33558
33558
33558
33558
33558
33558
33558
33558
33558
33558
33558
33558
33557
33557
33557
33556
33556
33556
33556
33556
33556
33556
33555
33555
33556
33556
33557
33557
33557
33557
33557
33557
33557
33556
33556
33555
33555
33555
33555
33555
33556
33555
33555
33555
33555
33556
33556
33556
33556
33556
33556
33555
33555
33555
33555
33555
33554
33554
33554
33554
33554
33554
33555
33555
33556
33556
33556
33556
33556
33556
33556
33557
33557
33557
33557
33557
33557
33557
33557
33557
33557
33557
33557
33556
33556
33556
33556
33556
33556
33556
33556
33556
33556
33556
33556
33556
33555
33555
33555
33555
33555
33555
33555
33555
33555
33554
33554
33554
33554
33554
33554
33554
33554
33554
33554
33554
33554
33553
33553
33553
33553
33553
33553
33554
33555
33555
33555
33555
33555
33555
33555
33555
33555
33555
33555
33555
33553
33553
33553
33553
33553
33553
33553
33553
33553
33553
33553
33553
33554
33554
33554
33554
33554
33554
33555
33555
33555
33555
33555
33555
33555
33555
33555
33555
33555
33555
33555
33555
33555
33555
33556
33556
33557
33557
33557
33557
33555
33555
33555
33553
33553
33553
33553
33553
33553
33553
33553
33552
33552
33553
33553
33553
33553
33552
33551
33550
33550
33550
33551
33551
33551
33551
33550
33550
33550
33550
33549
33549
33549
33549
33549
33549
33549
33549
33549
33549
33549
33549
33549
33549
33549
33549
33549
33549
33549
33548
33548
33549
33549
33549
33548
33548
33548
33547
33547
33547
33547
33547
33547
33546
33546
33545
33545
33545
33545
33545
33546
33546
33546
33546
33546
33546
33546
33547
33547
33547
33547
33547
33547
33548
33548
33548
33548
33546
33546
33546
33546
33545
33545
33545
33545
33545
33545
33545
33545
33545
33545
33545
33545
33545
33545
33545
33545
33545
33545
33545
33545
33545
33545
33545
33545
33544
33544
33544
33544
33544
33544
33544
33544
33544
33544
33544
33544
33544
33544
33544
33544
33544
33544
33544
33544
33544
33544
33544
33544
33544
33544
33543
33543
33543
33543
33543
33543
33543
33543
33543
33543
33543
33543
33543
33543
33542
33541
33541
33541
33540
33539
33539
33539
33538
33538
33537
33537
33537
33537
33537
33537
33537
33537
33537
33537
33537
33538
33538
33538
33538
33538
33538
33538
33538
33538
33538
33539
33540
33540
33542
33542
33541
33541
33541
33541
33541
33541
33541
33542
33542
33542
33542
33542
33542
33542
33542
33542
33541
33541
33541
33541
33541
33541
33541
33539
33539
33540
33540
33540
33540
33540
33540
33540
33540
33539
33539
33539
33539
33539
33539
33539
33539
33539
33538
33538
33538
33538
33538
33538
33539
33539
33539
33539
33539
33539
33539
33539
33539
33538
33538
33538
33538
33539
33539
33539
33540
33540
33540
33540
33540
33540
33540
33539
33539
33539
33539
33539
33539
33539
33539
33539
33538
33538
33538
33538
33538
33538
33538
33538
33539
33539
33540
33541
33541
33541
33542
33542
33541
33541
33541
33541
33541
33541
33541
33541
33541
33541
33540
33540
33540
33539
33539
33539
33539
33539
33539
33539
33539
33539
33539
33539
33539
33539
33539
33539
33538
33538
33538
33536
33536
33536
33536
33536
33536
33536
33536
33536
33536
33536
33537
33537
33536
33536
33535
33535
33536
33537
33537
33536
33536
33536
33536
33536
33536
33536
33535
33536
33536
33536
33536
33536
33536
33536
33536
33536
33536
33536
33536
33536
33536
33536
33536
33536
33536
33536
33536
33536
33536
33536
33536
33536
33536
33536
33536
33535
33535
33535
33535
33534
33534
33534
33534
33534
33534
33535
33535
33535
33534
33534
33534
33534
33534
33534
33532
33532
33532
33532
33532
33532
33532
33532
33531
33531
33531
33531
33531
33531
33531
33531
33531
33531
33531
33531
33531
33531
33531
33531
33531
33531
33531
33531
33531
33531
33531
33528
33527
33527
33527
33527
33527
33527
33528
33527
33527
33527
33527
33527
33526
33526
33526
33526
33527
33527
33527
33527
33527
33527
33527
33527
33527
33528
33526
33527
33527
33527
33526
33526
33526
33526
33526
33526
33525
33525
33525
33525
33525
33525
33525
33525
33525
33523
33522
33522
33522
33522
33522
33522
33522
33522
33523
33523
33523
33522
33522
33522
33522
33522
33522
33522
33522
33522
33522
33522
33521
33521
33521
33521
33521
33521
33521
33521
33521
33521
33521
33521
33521
33521
33521
33521
33521
33521
33521
33521
33521
33521
33521
33522
33521
33521
33521
33520
33520
33520
33519
33519
33519
33519
33519
33519
33519
33519
33518
33518
33519
33519
33519
33519
33519
33519
33519
33519
33518
33518
33518
33517
33517
33517
33517
33517
33516
33516
33516
33516
33515
33515
33514
33514
33514
33513
33513
33515
33515
33515
33515
33515
33515
33514
33514
33514
33514
33514
33514
33514
33514
33514
33514
33514
33514
33514
33514
33514
33514
33514
33514
33514
33514
33514
33514
33514
33513
33513
33513
33513
33513
33513
33513
33513
33513
33511
33511
33510
33510
33510
33510
33510
33510
33510
33510
33510
33510
33510
33510
33510
33510
33511
33511
33511
33511
33511
33511
33511
33511
33511
33511
33512
33512
33512
33512
33512
33512
33512
33512
33511
33511
33511
33511
33511
33512
33512
33512
33512
33512
33512
33512
33511
33510
33509
33509
33509
33509
33509
33509
33509
33509
33509
33508
33508
33508
33508
33508
33508
33508
33508
33508
33507
33507
33507
33507
33507
33507
33507
33507
33507
33507
33507
33507
33507
33507
33507
33506
33506
33506
33506
33506
33506
33506
33506
33506
33506
33506
33507
33507
33508
33508
33507
33507
33507
33507
33507
33507
33508
33508
33508
33508
33508
33508
33508
33508
33508
33508
33508
33508
33508
33508
33508
33508
33508
33508
33508
33508
33508
33508
33508
33508
33508
33508
33507
33507
33507
33506
33505
33505
33504
33504
33504
33503
33503
33503
33503
33503
33503
33503
33502
33501
33501
33501
33501
33501
33501
33501
33501
33501
33501
33501
33501
33501
33501
33501
33501
33501
33501
33501
33501
33501
33501
33500
33500
33499
33500
33499
33498
33498
33498
33498
33497
33497
33498
33498
33498
33499
33499
33499
33499
33499
33499
33499
33499
33499
33499
33499
33499
33499
33498
33498
33497
33497
33497
33497
33497
33496
33496
33495
33495
33495
33495
33495
33495
33495
33495
33495
33495
33494
33494
33494
33494
33494
33494
33494
33493
33493
33493
33493
33493
33493
33493
33493
33493
33493
33492
33492
33492
33492
33492
33492
33492
33492
33492
33492
33492
33492
33492
33490
33491
33491
33491
33491
33491
33491
33491
33491
33491
33490
33490
33490
33490
33490
33490
33490
33491
33491
33491
33491
33491
33491
33491
33491
33491
33491
33491
33491
33491
33491
33491
33491
33491
33491
33491
33491
33492
33492
33491
33491
33491
33494
33494
33494
33494
33493
33493
33493
33493
33493
33493
33493
33493
33493
33493
33492
33492
33492
33492
33492
33492
33492
33492
33492
33492
33492
33492
33492
33492
33492
33492
33492
33493
33493
33493
33493
33493
33493
33493
33493
33493
33493
33493
33493
33493
33493
33493
33494
33493
33493
33493
33493
33494
33494
33493
33491
33491
33491
33491
33491
33491
33491
33491
33491
33491
33491
33491
33491
33491
33491
33491
33491
33491
33490
33490
33490
33489
33489
33489
33489
33489
33490
33490
33490
33489
33489
33489
33489
33489
33490
33490
33490
33490
33490
33490
33490
33490
33490
33490
33490
33490
33490
33490
33490
33490
33490
33490
33490
33491
33491
33491
33491
33490
33490
33490
33490
33489
33489
33489
33489
33489
33488
33488
33488
33488
33488
33488
33488
33488
33488
33488
33488
33488
33488
33486
33486
33486
33486
33486
33486
33486
33486
33486
33486
33486
33485
33485
33485
33485
33485
33485
33485
33485
33485
33485
33485
33486
33486
33486
33485
33483
33483
33482
33482
33482
33482
33482
33482
33482
33482
33482
33482
33480
33480
33480
33480
33480
33480
33480
33479
33479
33480
33480
33480
33480
33480
33480
33480
33480
33480
33481
33481
33481
33481
33481
33481
33481
33481
33481
33481
33481
33481
33481
33481
33482
33482
33483
33484
33484
33484
33484
33484
33484
33484
33484
33483
33483
33482
33482
33482
33482
33482
33481
33481
33481
33481
33481
33481
33481
33481
33481
33481
33481
33481
33481
33481
33481
33481
33481
33481
33481
33481
33480
33480
33480
33480
33480
33480
33478
33478
33478
33478
33478
33478
33478
33478
33478
33478
33478
33478
33478
33478
33478
33478
33479
33479
33479
33479
33479
33479
33479
33479
33480
33480
33481
33481
33481
33481
33481
33481
33481
33481
33481
33481
33482
33482
33483
33484
33484
33483
33482
33482
33481
33481
33482
33482
33482
33482
33482
33482
33482
33483
33483
33484
33484
33484
33484
33484
33484
33484
33484
33484
33484
33484
33484
33484
33483
33483
33483
33483
33483
33483
33483
33483
33483
33482
33483
33484
33484
33484
33484
33484
33484
33484
33484
33483
33483
33482
33482
33482
33482
33482
33482
33482
33482
33482
33482
33482
33482
33482
33482
33482
33482
33481
33482
33482
33481
33481
33481
33481
33480
33480
33480
33479
33479
33479
33479
33478
33479
33478
33479
33479
33479
33479
33479
33479
33479
33479
33480
33481
33481
33481
33481
33481
33481
33481
33481
33481
33481
33481
33481
33481
33481
33481
33481
33481
33481
33481
33480
33480
33480
33480
33479
33479
33479
33479
33479
33479
33478
33478
33477
33477
33477
33477
33478
33478
33478
33478
33478
33477
33477
33477
33477
33477
33477
33477
33477
33477
33477
33477
33477
33477
33477
33477
33477
33477
33476
33476
33475
33475
33475
33474
33474
33474
33474
33474
33474
33471
33471
33471
33472
33472
33472
33472
33472
33471
33471
33471
33471
33471
33471
33471
33471
33471
33471
33471
33471
33471
33471
33470
33470
33470
33469
33469
33469
33468
33468
33468
33468
33468
33468
33468
33468
33468
33468
33468
33468
33468
33468
33467
33467
33467
33467
33467
33467
33467
33467
33467
33466
33466
33466
33465
33464
33464
33464
33463
33463
33463
33463
33463
33463
33461
33461
33461
33461
33461
33461
33461
33461
33461
33461
33460
33460
33460
33460
33460
33461
33461
33461
33461
33461
33461
33461
33461
33461
33461
33461
33461
33460
33460
33460
33460
33460
33460
33460
33460
33460
33459
33459
33459
33459
33459
33459
33459
33459
33459
33459
33459
33459
33459
33459
33459
33459
33459
33459
33459
33459
33459
33459
33459
33458
33458
33458
33458
33458
33458
33459
33459
33459
33459
33459
33459
33459
33459
33459
33459
33459
33459
33459
33459
33460
33460
33460
33460
33460
33460
33460
33460
33460
33460
33460
33460
33460
33460
33460
33460
33460
33460
33460
33460
33460
33460
33460
33460
33460
33460
33460
33460
33460
33460
33460
33460
33460
33460
33460
33460
33460
33460
33460
33460
33458
33458
33457
33455
33455
33455
33454
33454
33454
33454
33454
33454
33454
33454
33454
33454
33454
33455
33454
33454
33455
33455
33455
33455
33455
33455
33455
33455
33455
33455
33455
33455
33455
33455
33455
33455
33455
33455
33455
33455
33454
33454
33454
33453
33453
33453
33453
33453
33453
33453
33454
33454
33454
33454
33454
33454
33453
33452
33452
33452
33452
33452
33452
33451
33451
33451
33451
33451
33451
33452
33452
33452
33452
33452
33452
33452
33452
33451
33451
33451
33451
33451
33451
33451
33451
33450
33450
33450
33450
33449
33449
33449
33447
33447
33447
33447
33447
33448
33447
33447
33447
33446
33446
33446
33447
33447
33447
33447
33447
33447
33448
33448
33448
33448
33448
33448
33449
33449
33449
33448
33448
33448
33448
33448
33448
33448
33450
33450
33450
33450
33450
33450
33450
33450
33450
33450
33450
33449
33448
33448
33447
33447
33447
33447
33447
33448
33448
33448
33448
33448
33448
33448
33448
33448
33448
33448
33448
33447
33447
33447
33447
33447
33447
33447
33447
33447
33447
33447
33447
33447
33447
33447
33447
33447
33447
33447
33447
33447
33446
33446
33446
33446
33446
33446
33446
33445
33444
33444
33444
33444
33444
33444
33444
33444
33442
33442
33443
33443
33443
33444
33443
33443
33443
33443
33443
33443
33443
33443
33443
33443
33443
33445
33444
33445
33445
33445
33446
33447
33447
33447
33447
33447
33447
33447
33447
33447
33447
33447
33447
33447
33447
33447
33447
33447
33447
33447
33447
33447
33447
33447
33447
33447
33448
33448
33448
33447
33447
33447
33447
33447
33447
33447
33446
33446
33446
33446
33445
33445
33445
33445
33445
33445
33445
33445
33445
33445
33445
33445
33446
33446
33446
33446
33446
33446
33446
33446
33448
33448
33448
33448
33448
33447
33447
33447
33447
33447
33447
33447
33447
33447
33447
33446
33446
33446
33446
33446
33446
33446
33446
33446
33446
33446
33446
33446
33446
33446
33446
33446
33446
33447
33447
33447
33447
33447
33446
33446
33446
33446
33445
33444
33444
33445
33445
33445
33445
33445
33445
33445
33446
33446
33445
33444
33444
33443
33442
33442
33442
33442
33442
33442
33442
33442
33442
33442
33442
33442
33442
33442
33442
33442
33442
33442
33442
33442
33443
33440
33440
33439
33439
33439
33439
33439
33439
33439
33439
33439
33439
33440
33441
33441
33441
33441
33441
33441
33441
33441
33441
33441
33441
33441
33441
33441
33441
33441
33441
33441
33440
33440
33440
33440
33440
33440
33440
33440
33440
33439
33438
33438
33438
33438
33438
33438
33438
33438
33438
33437
33437
33437
33437
33436
33436
33436
33436
33436
33436
33436
33436
33436
33436
33436
33437
33437
33437
33437
33437
33437
33437
33437
33437
33437
33437
33437
33436
33436
33436
33436
33436
33436
33436
33436
33436
33436
33436
33436
33436
33436
33436
33436
33436
33436
33436
33436
33436
33435
33435
33435
33436
33436
33436
33436
33436
33436
33434
33434
33435
33435
33435
33435
33435
33435
33435
33435
33435
33435
33435
33435
33435
33435
33435
33435
33433
33433
33433
33433
33433
33433
33433
33433
33432
33432
33432
33432
33432
33432
33432
33432
33432
33432
33433
33433
33433
33434
33434
33434
33434
33434
33433
33434
33434
33433
33433
33433
33433
33433
33433
33433
33433
33433
33433
33433
33433
33432
33430
33430
33430
33429
33429
33429
33429
33429
33429
33429
33431
33430
33430
33430
33430
33430
33430
33429
33429
33429
33429
33429
33429
33429
33429
33429
33429
33429
33429
33430
33430
33430
33430
33430
33430
33430
33430
33430
33430
33431
33431
33430
33430
33430
33430
33430
33430
33430
33430
33430
33430
33430
33430
33430
33430
33430
33430
33430
33430
33428
33428
33428
33428
33428
33428
33428
33428
33428
33428
33427
33428
33428
33428
33428
33426
33426
33426
33426
33426
33425
33425
33425
33425
33425
33425
33425
33425
33425
33425
33425
33425
33425
33425
33425
33425
33425
33425
33425
33425
33425
33425
33425
33425
33425
33425
33425
33425
33425
33425
33425
33425
33425
33425
33425
33426
33426
33426
33426
33426
33426
33427
33427
33426
33425
33424
33424
33423
33423
33423
33422
33422
33422
33422
33423
33423
33423
33423
33423
33423
33423
33423
33423
33423
33423
33422
33422
33422
33422
33422
33420
33419
33419
33419
33417
33417
33417
33417
33417
33417
33416
33416
33416
33416
33416
33416
33416
33416
33416
33416
33416
33416
33416
33416
33416
33416
33417
33415
33415
33415
33416
33417
33417
33417
33417
33416
33416
33416
33417
33417
33416
33416
33416
33416
33416
33416
33415
33415
33415
33415
33415
33415
33414
33413
33413
33413
33413
33414
33414
33414
33414
33413
33412
33411
33412
33412
33412
33412
33411
33411
33411
33411
33411
33411
33411
33411
33411
33411
33411
33411
33411
33411
33411
33411
33411
33412
33412
33412
33412
33413
33413
33413
33413
33413
33413
33412
33411
33409
33409
33409
33409
33409
33409
33409
33409
33409
33410
33410
33410
33410
33410
33410
33410
33410
33410
33410
33408
33407
33407
33407
33408
33408
33408
33408
33408
33408
33408
33406
33406
33406
33406
33406
33406
33406
33407
33407
33407
33406
33406
33407
33408
33408
33408
33408
33408
33408
33407
33407
33407
33407
33407
33407
33407
33407
33407
33407
33406
33406
33406
33406
33406
33406
33406
33405
33405
33405
33405
33405
33405
33405
33405
33405
33406
33406
33406
33406
33406
33405
33405
33405
33405
33405
33405
33405
33405
33405
33405
33405
33405
33405
33405
33405
33406
33406
33406
33406
33406
33405
33405
33405
33404
33405
33405
33405
33405
33405
33405
33405
33405
33405
33405
33405
33405
33405
33405
33405
33405
33405
33405
33405
33405
33405
33405
33406
33406
33406
33406
33406
33407
33407
33407
33407
33407
33405
33405
33405
33405
33405
33405
33405
33405
33405
33404
33404
33404
33404
33404
33404
33404
33404
33404
33404
33404
33404
33404
33404
33403
33403
33403
33403
33403
33403
33403
33403
33403
33404
33404
33404
33404
33404
33404
33404
33404
33404
33404
33404
33404
33404
33404
33404
33404
33404
33404
33404
33404
33403
33403
33403
33403
33403
33403
33403
33402
33403
33403
33403
33402
33401
33401
33401
33399
33399
33399
33398
33398
33398
33399
33399
33399
33399
33398
33398
33398
33397
33397
33397
33397
33397
33397
33397
33396
33396
33395
33395
33394
33394
33394
33394
33394
33394
33394
33394
33393
33394
33394
33394
33394
33394
33394
33395
33395
33395
33394
33394
33394
33394
33394
33393
33394
33394
33394
33394
33394
33394
33394
33394
33394
33392
33392
33392
33392
33392
33392
33392
33392
33390
33390
33390
33390
33390
33390
33391
33391
33391
33391
33391
33391
33391
33391
33391
33391
33390
33390
33390
33390
33390
33390
33390
33390
33390
33389
33389
33389
33387
33387
33387
33386
33386
33383
33383
33383
33383
33383
33383
33383
33383
33383
33383
33383
33383
33383
33383
33383
33384
33384
33384
33384
33384
33384
33384
33384
33384
33384
33384
33384
33384
33384
33384
33383
33384
33384
33384
33384
33383
33383
33383
33383
33383
33383
33383
33383
33383
33383
33383
33383
33383
33384
33384
33383
33383
33383
33383
33383
33383
33383
33383
33383
33383
33383
33383
33383
33382
33381
33380
33380
33380
33380
33381
33381
33381
33381
33381
33381
33381
33381
33382
33382
33382
33382
33382
33382
33381
33381
33381
33382
33382
33382
33382
33382
33382
33382
33382
33382
33382
33381
33380
33380
33380
33380
33380
33380
33380
33380
33380
33380
33379
33379
33379
33379
33379
33378
33378
33378
33377
33377
33377
33377
33377
33377
33377
33377
33377
33377
33377
33377
33377
33378
33378
33378
33378
33378
33377
33377
33377
33377
33375
33375
33375
33375
33375
33375
33375
33375
33375
33375
33375
33375
33375
33375
33375
33374
33374
33374
33374
33374
33374
33374
33374
33374
33374
33374
33374
33374
33374
33374
33374
33374
33374
33374
33374
33374
33374
33374
33374
33374
33374
33373
33374
33374
33374
33375
33375
33374
33374
33374
33374
33374
33374
33374
33373
33373
33373
33373
33373
33373
33372
33372
33372
33371
33371
33371
33371
33370
33370
33372
33372
33372
33372
33372
33371
33371
33371
33371
33371
33371
33371
33372
33373
33373
33373
33373
33373
33373
33372
33372
33372
33372
33372
33372
33372
33370
33370
33370
33369
33369
33369
33369
33369
33369
33369
33370
33370
33369
33369
33368
33367
33368
33368
33368
33368
33368
33369
33369
33369
33369
33369
33369
33369
33369
33369
33368
33367
33367
33367
33367
33367
33368
33368
33368
33368
33368
33369
33368
33368
33368
33368
33368
33369
33369
33369
33369
33368
33368
33368
33368
33368
33368
33368
33368
33368
33368
33368
33368
33368
33368
33368
33368
33368
33369
33369
33369
33367
33368
33367
33367
33366
33366
33366
33366
33366
33366
33366
33366
33366
33366
33366
33367
33367
33367
33367
33367
33367
33367
33367
33367
33367
33367
33367
33367
33366
33366
33366
33366
33366
33366
33366
33366
33366
33366
33366
33367
33367
33367
33367
33367
33367
33367
33367
33367
33367
33367
33367
33367
33367
33367
33368
33368
33368
33368
33368
33368
33368
33367
33367
33367
33367
33367
33367
33368
33370
33370
33370
33369
33370
33370
33370
33370
33370
33370
33370
33369
33370
33370
33370
33370
33370
33370
33370
33370
33369
33369
33369
33369
33369
33369
33369
33369
33369
33367
33367
33367
33367
33366
33366
33366
33366
33366
33365
33364
33364
33364
33364
33364
33364
33364
33364
33364
33364
33363
33364
33364
33364
33363
33363
33363
33361
33361
33361
33361
33361
33361
33360
33361
33361
33361
33361
33361
33361
33360
33360
33360
33362
33362
33363
33362
33362
33362
33362
33362
33362
33363
33363
33363
33362
33362
33361
33361
33361
33362
33362
33362
33362
33362
33362
33362
33361
33361
33361
33361
33360
33362
33361
33361
33362
33362
33361
33361
33361
33360
33362
33362
33362
33362
33363
33363
33361
33361
33360
33359
33359
33359
33359
33360
33360
33360
33360
33360
33360
33360
33360
33360
33360
33360
33359
33359
33358
33358
33358
33358
33358
33357
33357
33357
33357
33357
33357
33357
33357
33357
33357
33357
33357
33357
33357
33357
33357
33357
33357
33357
33357
33357
33357
33357
33357
33357
33357
33356
33356
33356
33357
33357
33357
33358
33358
33358
33358
33358
33358
33358
33358
33358
33358
33358
33359
33359
33359
33359
33359
33359
33359
33359
33359
33359
33359
33359
33360
33360
33360
33360
33360
33360
33360
33360
33360
33360
33360
33360
33360
33360
33360
33360
33360
33360
33360
33359
33359
33358
33358
33358
33358
33358
33358
33358
33358
33358
33358
33358
33358
33358
33358
33358
33358
33357
33357
33357
33357
33357
33357
33357
33357
33357
33357
33356
33356
33357
33357
33357
33357
33357
33357
33357
33357
33356
33356
33356
33356
33356
33356
33356
33356
33356
33356
33356
33356
33356
33355
33354
33354
33354
33354
33354
33354
33354
33354
33354
33354
33354
33354
33354
33354
33353
33352
33352
33352
33352
33352
33352
33352
33352
33352
33351
33351
33351
33351
33351
33351
33351
33351
33351
33351
33350
33350
33349
33349
33348
33348
33348
33349
33349
33349
33349
33349
33348
33348
33348
33348
33348
33348
33348
33348
33348
33348
33348
33348
33347
33346
33346
33346
33346
33346
33346
33346
33345
33345
33345
33345
33345
33345
33345
33345
33344
33344
33343
33344
33343
33343
33344
33344
33344
33344
33344
33345
33345
33345
33345
33345
33345
33344
33344
33344
33344
33344
33344
33344
33344
33343
33343
33343
33343
33343
33343
33343
33343
33343
33343
33343
33343
33342
33342
33342
33342
33342
33342
33342
33342
33341
33341
33341
33341
33341
33341
33341
33341
33342
33342
33342
33342
33342
33343
33343
33343
33343
33343
33342
33341
33341
33340
33340
33341
33341
33341
33341
33341
33341
33341
33340
33340
33340
33340
33340
33340
33340
33340
33340
33340
33340
33340
33339
33339
33339
33339
33339
33339
33339
33339
33339
33339
33339
33339
33340
33339
33339
33338
33338
33338
33338
33338
33338
33338
33338
33338
33338
33338
33338
33338
33338
33338
33338
33338
33338
33338
33338
33338
33338
33338
33338
33338
33338
33338
33337
33337
33338
33338
33338
33338
33338
33338
33338
33338
33338
33338
33338
33338
33338
33337
33337
33337
33337
33337
33337
33337
33337
33337
33337
33337
33337
33337
33337
33337
33337
33337
33337
33336
33336
33336
33336
33336
33336
33337
33338
33338
33338
33338
33338
33338
33338
33337
33337
33337
33337
33337
33338
33338
33337
33337
33337
33337
33337
33337
33337
33337
33337
33336
33336
33336
33336
33336
33337
33337
33337
33336
33337
33337
33337
33337
33337
33337
33338
33338
33338
33338
33338
33338
33339
33339
33339
33338
33338
33337
33337
33337
33337
33336
33336
33336
33336
33336
33336
33336
33336
33335
33335
33335
33334
33334
33335
33334
33334
33334
33334
33334
33334
33334
33334
33334
33334
33333
33333
33333
33333
33333
33333
33333
33333
33333
33333
33333
33333
33333
33333
33333
33333
33333
33333
33333
33333
33333
33332
33332
33332
33332
33332
33332
33332
33332
33331
33331
33331
33330
33330
33330
33331
33331
33331
33330
33330
33329
33329
33329
33329
33329
33329
33329
33329
33329
33328
33328
33329
33329
33329
33329
33329
33328
33328
33328
33329
33330
33330
33330
33330
33331
33331
33331
33331
33331
33331
33331
33331
33331
33331
33331
33331
33331
33331
33332
33332
33332
33332
33332
33332
33332
33332
33332
33332
33332
33332
33332
33331
33331
33331
33331
33331
33331
33330
33330
33330
33330
33330
33330
33330
33330
33329
33329
33329
33329
33329
33329
33329
33328
33328
33327
33327
33327
33327
33328
33328
33328
33328
33328
33328
33329
33329
33329
33329
33329
33329
33330
33330
33330
33330
33330
33330
33330
33330
33330
33330
33330
33331
33331
33331
33330
33330
33330
33330
33328
33328
33328
33328
33328
33328
33328
33329
33329
33330
33330
33330
33329
33329
33329
33329
33329
33329
33329
33329
33329
33329
33329
33327
33327
33327
33327
33327
33327
33327
33327
33327
33327
33327
33327
33327
33327
33327
33327
33327
33327
33327
33327
33327
33327
33326
33326
33326
33325
33325
33325
33325
33325
33325
33325
33324
33324
33324
33325
33325
33325
33325
33325
33325
33325
33325
33325
33325
33325
33324
33323
33323
33323
33323
33323
33323
33323
33323
33322
33323
33322
33322
33322
33322
33322
33322
33322
33322
33322
33322
33322
33321
33321
33321
33321
33321
33322
33322
33322
33322
33322
33322
33322
33322
33322
33323
33323
33323
33323
33323
33323
33323
33323
33323
33323
33323
33323
33322
33322
33322
33322
33322
33322
33322
33322
33322
33322
33322
33322
33320
33319
33319
33318
33318
33318
33318
33318
33318
33318
33318
33318
33318
33318
33317
33317
33317
33317
33317
33317
33315
33314
33314
33314
33315
33315
33315
33315
33315
33315
33315
33315
33315
33316
33317
33316
33316
33316
33316
33316
33315
33315
33315
33315
33315
33316
33315
33315
33315
33315
33315
33314
33314
33315
33315
33316
33316
33316
33315
33315
33315
33315
33315
33315
33315
33315
33315
33315
33315
33315
33314
33314
33313
33313
33313
33313
33313
33313
33313
33312
33312
33312
33312
33312
33312
33312
33312
33312
33312
33312
33312
33312
33312
33312
33312
33312
33312
33312
33312
33312
33312
33312
33312
33312
33312
33312
33312
33312
33312
33312
33312
33311
33311
33311
33311
33310
33310
33310
33310
33310
33310
33310
33311
33311
33310
33310
33308
33308
33308
33309
33309
33309
33309
33309
33309
33309
33309
33308
33308
33308
33308
33308
33308
33308
33307
33307
33308
33308
33308
33308
33307
33307
33307
33307
33306
33307
33306
33307
33306
33306
33306
33306
33306
33306
33306
33306
33306
33306
33305
33305
33305
33305
33305
33305
33305
33305
33305
33305
33305
33305
33305
33305
33305
33305
33305
33304
33304
33304
33304
33304
33304
33304
33304
33304
33304
33305
33305
33304
33304
33304
33304
33304
33304
33304
33304
33304
33303
33303
33303
33303
33302
33302
33302
33302
33302
33302
33302
33302
33302
33302
33302
33302
33302
33302
33301
33301
33301
33301
33301
33301
33301
33301
33301
33301
33301
33301
33301
33301
33301
33300
33301
33301
33301
33301
33301
33301
33301
33301
33301
33302
33302
33300
33300
33300
33300
33300
33299
33299
33299
33300
33299
33299
33299
33299
33299
33299
33299
33299
33299
33299
33299
33299
33300
33301
33301
33301
33301
33301
33301
33301
33301
33301
33301
33300
33300
33300
33299
33298
33297
33297
33297
33296
33296
33296
33296
33296
33296
33296
33296
33296
33296
33296
33296
33296
33295
33295
33295
33295
33295
33295
33296
33296
33295
33295
33295
33295
33295
33295
33295
33295
33295
33295
33295
33295
33294
33294
33294
33293
33292
33292
33292
33292
33292
33292
33292
33292
33292
33292
33292
33292
33292
33292
33292
33292
33290
33290
33290
33290
33290
33291
33291
33291
33291
33291
33290
33290
33290
33290
33290
33290
33290
33291
33291
33291
33291
33291
33291
33291
33291
33291
33291
33291
33291
33291
33291
33292
33291
33291
33291
33291
33291
33292
33292
33292
33292
33291
33291
33291
33291
33291
33291
33291
33291
33289
33290
33290
33290
33290
33289
33289
33288
33288
33288
33288
33288
33288
33289
33288
33288
33288
33288
33288
33288
33288
33288
33288
33288
33288
33288
33289
33289
33288
33288
33288
33288
33289
33289
33289
33289
33288
33288
33288
33288
33288
33288
33288
33288
33288
33288
33288
33288
33289
33289
33289
33288
33288
33288
33288
33288
33288
33287
33287
33286
33286
33286
33286
33286
33286
33286
33286
33286
33285
33285
33285
33285
33285
33285
33286
33286
33286
33286
33285
33285
33285
33285
33285
33285
33285
33285
33285
33285
33285
33284
33284
33284
33283
33282
33281
33281
33281
33281
33281
33281
33281
33282
33282
33282
33282
33282
33282
33282
33282
33283
33283
33283
33283
33283
33283
33283
33283
33283
33283
33283
33283
33283
33283
33283
33283
33283
33283
33283
33283
33283
33283
33283
33284
33284
33284
33284
33284
33285
33285
33285
33286
33286
33286
33286
33286
33286
33286
33286
33286
33286
33286
33286
33286
33286
33285
33285
33285
33285
33285
33286
33286
33286
33286
33285
33285
33285
33285
33285
33284
33283
33283
33282
33282
33282
33282
33282
33282
33282
33282
33282
33282
33282
33282
33281
33281
33281
33281
33281
33281
33279
33279
33280
33281
33281
33281
33280
33280
33281
33281
33281
33281
33281
33281
33281
33281
33281
33282
33282
33282
33281
33282
33282
33281
33281
33281
33281
33281
33281
33280
33280
33279
33279
33278
33276
33276
33277
33277
33277
33278
33279
33279
33279
33279
33279
33278
33278
33279
33279
33279
33279
33279
33279
33279
33279
33280
33281
33281
33281
33280
33280
33280
33280
33280
33280
33280
33281
33281
33281
33281
33281
33281
33281
33282
33282
33281
33280
33280
33280
33279
33277
33277
33277
33277
33277
33277
33279
33279
33279
33279
33278
33278
33278
33276
33277
33277
33277
33277
33277
33277
33277
33277
33278
33278
33277
33277
33277
33275
33275
33276
33276
33276
33276
33276
33276
33276
33276
33276
33277
33277
33277
33277
33277
33277
33277
33277
33276
33276
33274
33273
33273
33273
33273
33273
33273
33273
33273
33273
33273
33273
33273
33273
33273
33273
33273
33273
33273
33273
33273
33273
33273
33274
33275
33275
33275
33275
33275
33275
33275
33275
33276
33276
33275
33275
33275
33275
33275
33275
33275
33275
33275
33275
33275
33275
33275
33275
33275
33275
33275
33275
33275
33275
33275
33275
33275
33275
33275
33275
33275
33274
33274
33274
33274
33274
33274
33273
33273
33273
33274
33274
33274
33274
33274
33274
33274
33274
33274
33274
33274
33274
33274
33274
33274
33274
33274
33274
33275
33275
33275
33275
33275
33274
33274
33274
33274
33274
33274
33274
33274
33274
33274
33274
33274
33274
33274
33274
33274
33274
33274
33274
33274
33274
33274
33273
33274
33275
33275
33276
33276
33276
33276
33276
33276
33276
33276
33277
33277
33277
33277
33277
33277
33277
33277
33275
33274
33274
33274
33274
33274
33274
33274
33274
33274
33274
33274
33273
33273
33273
33273
33273
33273
33274
33274
33273
33273
33273
33274
33274
33274
33274
33274
33274
33274
33272
33272
33272
33272
33272
33272
33273
33273
33273
33271
33271
33271
33271
33271
33271
33270
33269
33269
33269
33269
33269
33269
33269
33268
33268
33268
33268
33267
33266
33266
33266
33267
33266
33266
33266
33266
33266
33266
33266
33266
33266
33266
33266
33267
33267
33267
33267
33266
33265
33265
33265
33265
33265
33265
33265
33264
33264
33264
33264
33264
33264
33263
33262
33262
33262
33262
33262
33262
33262
33263
33263
33263
33262
33262
33262
33262
33262
33262
33263
33263
33263
33263
33262
33262
33262
33262
33262
33262
33261
33261
33261
33261
33261
33261
33261
33261
33261
33261
33261
33261
33261
33261
33261
33262
33262
33262
33262
33262
33262
33262
33262
33262
33262
33262
33262
33263
33263
33263
33263
33263
33263
33263
33263
33263
33263
33263
33263
33263
33263
33263
33262
33263
33263
33265
33265
33265
33265
33265
33265
33265
33265
33265
33265
33265
33265
33265
33264
33264
33264
33264
33262
33262
33262
33262
33262
33262
33262
33262
33262
33261
33261
33261
33261
33261
33261
33261
33261
33261
33261
33260
33260
33260
33260
33260
33260
33260
33260
33260
33260
33260
33260
33260
33260
33261
33261
33260
33261
33261
33261
33261
33261
33261
33261
33261
33262
33262
33261
33261
33261
33261
33261
33261
33261
33260
33260
33260
33260
33260
33260
33260
33260
33260
33260
33260
33260
33260
33260
33259
33259
33259
33259
33259
33259
33259
33259
33259
33259
33259
33259
33259
33258
33258
33258
33258
33258
33258
33257
33257
33257
33257
33257
33256
33256
33256
33256
33256
33256
33256
33256
33255
33255
33255
33255
33255
33255
33255
33256
33256
33256
33256
33256
33256
33256
33256
33257
33257
33258
33258
33258
33256
33256
33256
33256
33256
33256
33256
33256
33256
33256
33256
33256
33256
33256
33256
33256
33256
33255
33255
33255
33254
33254
33253
33253
33253
33253
33253
33254
33254
33254
33254
33254
33254
33254
33254
33254
33254
33254
33254
33254
33254
33254
33253
33252
33252
33250
33250
33250
33249
33249
33249
33249
33248
33248
33248
33248
33247
33247
33247
33247
33247
33247
33247
33247
33247
33247
33248
33248
33248
33248
33248
33248
33248
33248
33248
33248
33248
33248
33248
33248
33248
33248
33248
33248
33248
33248
33248
33249
33249
33249
33249
33249
33250
33250
33250
33250
33250
33250
33250
33250
33249
33248
33248
33248
33248
33248
33249
33249
33249
33248
33247
33247
33247
33247
33247
33247
33247
33247
33247
33247
33247
33247
33248
33248
33248
33248
33247
33247
33247
33247
33247
33247
33246
33246
33246
33246
33246
33246
33246
33246
33246
33246
33246
33246
33246
33246
33246
33246
33246
33246
33246
33245
33245
33245
33245
33245
33245
33245
33245
33245
33245
33246
33247
33247
33247
33247
33246
33245
33245
33245
33245
33245
33245
33245
33245
33246
33246
33246
33246
33246
33246
33246
33246
33245
33245
33245
33245
33245
33245
33244
33244
33245
33245
33245
33245
33244
33244
33244
33244
33244
33243
33243
33243
33243
33241
33241
33239
33239
33239
33239
33239
33241
33241
33241
33239
33239
33239
33238
33238
33238
33238
33238
33239
33239
33239
33239
33239
33239
33239
33239
33239
33239
33239
33240
33240
33240
33240
33240
33240
33240
33240
33240
33240
33240
33241
33241
33241
33241
33241
33241
33241
33241
33242
33242
33240
33240
33240
33240
33240
33240
33240
33240
33240
33240
33240
33240
33240
33240
33240
33240
33240
33240
33240
33240
33240
33240
33240
33240
33240
33240
33240
33240
33240
33240
33238
33238
33238
33238
33238
33237
33237
33237
33237
33237
33237
33237
33238
33238
33238
33238
33238
33238
33238
33238
33238
33237
33237
33237
33237
33237
33237
33238
33238
33238
33237
33237
33237
33237
33237
33237
33237
33237
33237
33237
33237
33237
33237
33236
33236
33236
33236
33236
33236
33236
33237
33237
33237
33237
33237
33237
33237
33236
33236
33236
33236
33236
33236
33236
33236
33236
33236
33236
33236
33235
33235
33235
33236
33235
33235
33235
33234
33234
33234
33234
33234
33234
33234
33234
33234
33234
33234
33234
33235
33235
33235
33235
33233
33233
33233
33233
33233
33233
33233
33233
33233
33233
33233
33233
33233
33234
33234
33234
33234
33234
33235
33236
33236
33236
33236
33236
33236
33237
33237
33237
33237
33237
33236
33235
33235
33235
33235
33234
33234
33234
33234
33234
33234
33234
33233
33233
33233
33233
33233
33233
33233
33233
33233
33233
33232
33232
33232
33232
33232
33232
33232
33232
33232
33232
33232
33232
33232
33233
33233
33233
33233
33233
33233
33233
33233
33232
33232
33232
33231
33231
33231
33231
33231
33230
33230
33231
33231
33231
33231
33231
33231
33231
33230
33229
33229
33229
33229
33229
33229
33229
33230
33230
33230
33230
33230
33230
33230
33230
33230
33231
33231
33231
33231
33231
33231
33231
33231
33231
33231
33231
33231
33231
33231
33231
33231
33231
33231
33231
33231
33231
33231
33231
33231
33231
33231
33231
33231
33231
33231
33231
33231
33231
33231
33231
33231
33231
33231
33231
33232
33233
33233
33233
33233
33233
33233
33233
33233
33233
33233
33232
33231
33231
33231
33231
33231
33231
33232
33232
33232
33232
33232
33232
33233
33233
33233
33234
33234
33234
33233
33234
33233
33233
33233
33233
33233
33233
33233
33233
33233
33233
33233
33233
33233
33233
33233
33232
33232
33232
33232
33232
33232
33232
33232
33232
33232
33232
33232
33232
33232
33232
33232
33232
33232
33232
33232
33232
33233
33233
33233
33233
33233
33233
33233
33233
33233
33233
33233
33233
33233
33233
33232
33232
33232
33232
33232
33232
33232
33232
33232
33232
33232
33232
33232
33232
33232
33232
33230
33230
33230
33230
33230
33230
33230
33230
33230
33230
33230
33230
33230
33231
33230
33230
33230
33230
33230
33230
33230
33230
33230
33230
33230
33230
33230
33230
33229
33230
33230
33230
33230
33230
33230
33230
33229
33227
33226
33226
33226
33226
33226
33226
33226
33227
33227
33227
33227
33227
33226
33226
33225
33225
33225
33225
33225
33225
33225
33225
33225
33225
33225
33225
33226
33226
33226
33226
33226
33226
33226
33226
33226
33226
33226
33226
33226
33225
33225
33225
33225
33225
33225
33225
33225
33225
33225
33225
33225
33225
33226
33226
33226
33226
33226
33226
33226
33225
33224
33224
33223
33223
33223
33223
33223
33223
33223
33223
33223
33222
33222
33222
33222
33222
33222
33221
33221
33221
33221
33222
33222
33221
33221
33220
33220
33219
33219
33219
33219
33219
33219
33219
33217
33216
33216
33216
33217
33217
33217
33217
33217
33217
33217
33217
33217
33217
33217
33217
33217
33217
33217
33217
33216
33216
33216
33216
33216
33216
33216
33216
33216
33216
33215
33215
33215
33215
33215
33215
33215
33215
33215
33215
33215
33215
33215
33215
33215
33216
33216
33216
33216
33216
33216
33216
33217
33216
33215
33215
33215
33215
33215
33215
33215
33215
33215
33216
33216
33216
33216
33216
33216
33215
33215
33216
33216
33216
33216
33216
33216
33216
33216
33216
33216
33216
33216
33216
33216
33216
33216
33216
33216
33216
33215
33215
33215
33215
33215
33215
33215
33215
33214
33214
33213
33213
33213
33212
33214
33214
33214
33214
33215
33216
33216
33217
33217
33218
33218
33218
33218
33218
33218
33218
33218
33218
33218
33219
33219
33219
33219
33220
33220
33219
33219
33218
33218
33218
33218
33218
33217
33217
33217
33217
33217
33220
33220
33220
33220
33220
33220
33220
33220
33220
33221
33221
33221
33221
33221
33221
33221
33221
33221
33221
33221
33220
33220
33220
33220
33220
33220
33220
33219
33219
33219
33219
33219
33219
33219
33219
33219
33219
33219
33219
33219
33219
33219
33219
33219
33219
33219
33219
33219
33219
33219
33219
33218
33218
33217
33217
33217
33217
33217
33217
33217
33217
33217
33217
33217
33217
33217
33217
33217
33217
33217
33217
33217
33217
33218
33218
33219
33219
33219
33219
33219
33219
33219
33219
33219
33219
33219
33219
33219
33219
33219
33218
33218
33217
33217
33217
33217
33216
33216
33215
33215
33215
33215
33216
33216
33216
33216
33216
33216
33216
33215
33215
33214
33214
33214
33215
33215
33214
33214
33214
33214
33214
33214
33214
33214
33214
33214
33214
33214
33214
33214
33214
33214
33214
33214
33214
33214
33214
33214
33214
33215
33215
33215
33215
33215
33215
33215
33215
33215
33215
33215
33215
33215
33215
33215
33215
33216
33216
33216
33216
33216
33216
33216
33217
33217
33217
33217
33217
33217
33217
33217
33218
33217
33217
33217
33217
33217
33217
33217
33217
33217
33217
33217
33217
33217
33217
33217
33217
33217
33217
33217
33217
33217
33216
33215
33215
33215
33214
33214
33214
33214
33214
33214
33214
33214
33214
33214
33214
33215
33215
33216
33215
33215
33215
33215
33215
33215
33215
33215
33215
33215
33215
33215
33215
33214
33213
33213
33213
33213
33213
33214
33214
33214
33214
33214
33214
33214
33214
33214
33214
33214
33215
33215
33215
33215
33215
33215
33215
33215
33215
33215
33215
33215
33214
33214
33214
33214
33214
33215
33215
33215
33215
33215
33215
33215
33215
33214
33214
33214
33214
33215
33216
33217
33217
33217
33217
33217
33217
33217
33217
33217
33217
33217
33217
33217
33217
33217
33217
33217
33217
33217
33217
33217
33217
33217
33217
33217
33217
33217
33217
33217
33217
33217
33218
33218
33218
33218
33218
33218
33218
33218
33218
33218
33218
33217
33217
33217
33217
33217
33217
33217
33217
33217
33217
33217
33217
33217
33217
33217
33217
33217
33217
33217
33217
33217
33217
33217
33217
33217
33217
33216
33215
33215
33215
33215
33214
33214
33214
33214
33214
33214
33214
33214
33214
33214
33214
33214
33214
33214
33213
33213
33213
33212
33212
33212
33212
33212
33212
33212
33212
33212
33212
33212
33212
33212
33212
33212
33211
33210
33209
33208
33208
33208
33208
33208
33208
33208
33208
33208
33208
33208
33208
33208
33208
33208
33208
33208
33208
33208
33208
33208
33208
33208
33208
33208
33208
33208
33207
33207
33208
33208
33208
33207
33206
33206
33205
33205
33205
33205
33205
33205
33205
33204
33204
33204
33204
33203
33203
33202
33202
33202
33202
33203
33203
33205
33205
33205
33205
33205
33205
33205
33205
33205
33205
33205
33204
33204
33204
33204
33204
33203
33203
33203
33202
33202
33200
33200
33200
33200
33199
33199
33199
33199
33199
33199
33200
33200
33200
33200
33199
33199
33199
33199
33199
33199
33199
33200
33200
33200
33200
33200
33200
33200
33200
33200
33201
33201
33200
33200
33200
33200
33200
33200
33200
33200
33200
33200
33200
33200
33200
33200
33200
33200
33200
33200
33200
33200
33200
33200
33200
33200
33200
33200
33200
33200
33200
33200
33200
33200
33200
33200
33200
33199
33199
33199
33199
33199
33199
33199
33199
33199
33199
33199
33199
33199
33199
33199
33199
33199
33199
33198
33198
33198
33198
33198
33197
33197
33197
33197
33197
33197
33198
33198
33198
33198
33198
33198
33198
33198
33198
33199
33199
33200
33200
33200
33200
33200
33200
33199
33199
33199
33199
33199
33199
33199
33199
33199
33199
33199
33199
33199
33199
33199
33199
33199
33199
33199
33199
33200
33200
33199
33199
33199
33199
33199
33199
33199
33199
33199
33199
33199
33199
33199
33199
33199
33198
33198
33198
33198
33198
33198
33198
33198
33198
33197
33196
33196
33196
33196
33196
33196
33196
33196
33197
33196
33196
33195
33195
33195
33194
33194
33194
33194
33195
33195
33195
33194
33194
33194
33194
33194
33194
33194
33194
33194
33194
33194
33194
33194
33194
33194
33194
33194
33194
33194
33194
33194
33194
33194
33194
33193
33193
33193
33193
33193
33193
33193
33193
33193
33193
33193
33190
33190
33190
33191
33191
33191
33191
33192
33192
33193
33193
33193
33193
33193
33192
33192
33192
33192
33192
33192
33192
33192
33192
33191
33191
33191
33191
33191
33190
33190
33190
33190
33190
33190
33190
33190
33190
33190
33190
33190
33190
33190
33190
33190
33190
33190
33191
33191
33191
33191
33191
33191
33192
33192
33192
33192
33192
33191
33191
33191
33191
33191
33191
33191
33191
33191
33191
33191
33191
33190
33190
33190
33190
33190
33190
33190
33190
33190
33190
33190
33190
33190
33190
33190
33190
33190
33190
33190
33190
33190
33190
33190
33190
33190
33190
33191
33191
33191
33191
33190
33189
33190
33191
33190
33188
33186
33186
33187
33187
33187
33187
33187
33186
33186
33186
33186
33186
33186
33187
33187
33187
33187
33187
33187
33187
33188
33188
33188
33188
33188
33188
33188
33186
33186
33186
33186
33186
33186
33186
33186
33186
33186
33186
33186
33186
33186
33186
33186
33186
33186
33185
33186
33186
33186
33188
33188
33188
33188
33188
33187
33187
33187
33187
33186
33186
33186
33186
33186
33186
33186
33187
33187
33187
33187
33187
33187
33187
33187
33187
33187
33187
33187
33187
33187
33187
33188
33188
33188
33188
33189
33189
33189
33189
33190
33190
33190
33191
33191
33191
33190
33190
33190
33190
33190
33190
33190
33190
33191
33191
33190
33190
33190
33189
33188
33187
33187
33187
33187
33187
33187
33187
33187
33187
33187
33187
33187
33187
33187
33187
33187
33187
33187
33187
33187
33188
33186
33187
33187
33187
33187
33187
33187
33187
33186
33186
33186
33184
33184
33182
33182
33182
33182
33182
33182
33182
33182
33182
33182
33181
33181
33181
33181
33181
33181
33181
33181
33181
33181
33181
33181
33181
33181
33180
33180
33180
33180
33180
33180
33180
33180
33179
33179
33179
33179
33179
33179
33179
33178
33178
33178
33178
33178
33178
33178
33178
33178
33178
33178
33178
33178
33178
33177
33177
33176
33176
33176
33176
33175
33175
33175
33175
33175
33176
33176
33176
33176
33176
33176
33176
33176
33176
33176
33176
33176
33176
33176
33176
33176
33176
33176
33176
33176
33176
33176
33176
33176
33176
33176
33176
33175
33176
33176
33176
33176
33175
33175
33175
33175
33175
33175
33175
33176
33176
33177
33177
33177
33177
33176
33176
33176
33176
33177
33175
33175
33173
33173
33173
33173
33173
33173
33173
33174
33174
33174
33173
33173
33173
33173
33173
33173
33173
33173
33173
33173
33173
33173
33174
33174
33174
33174
33174
33174
33174
33174
33174
33174
33174
33174
33174
33174
33174
33174
33174
33174
33175
33174
33174
33174
33174
33174
33174
33174
33174
33174
33174
33174
33172
33172
33172
33172
33172
33172
33169
33170
33169
33169
33169
33169
33169
33169
33169
33169
33169
33169
33169
33169
33169
33169
33169
33169
33169
33169
33168
33169
33168
33168
33167
33167
33167
33167
33168
33168
33167
33167
33167
33167
33167
33167
33167
33167
33167
33167
33167
33167
33167
33167
33167
33167
33167
33167
33167
33167
33167
33167
33167
33167
33167
33167
33167
33167
33166
33166
33165
33165
33165
33165
33165
33165
33165
33165
33165
33165
33165
33165
33165
33165
33165
33165
33165
33165
33165
33165
33165
33165
33165
33165
33165
33165
33165
33163
33162
33162
33162
33162
33161
33162
33163
33163
33163
33163
33164
33164
33164
33164
33164
33164
33164
33164
33164
33164
33164
33164
33164
33164
33164
33163
33163
33163
33163
33163
33163
33163
33164
33164
33164
33164
33164
33164
33164
33164
33164
33164
33164
33164
33164
33164
33164
33164
33164
33164
33164
33164
33165
33165
33165
33165
33165
33165
33165
33165
33165
33164
33164
33164
33164
33164
33164
33164
33163
33163
33163
33163
33163
33163
33162
33162
33162
33162
33162
33162
33162
33162
33162
33162
33162
33162
33162
33162
33162
33162
33161
33161
33160
33160
33160
33160
33160
33160
33160
33160
33160
33160
33160
33160
33160
33160
33160
33160
33160
33160
33161
33161
33161
33161
33161
33161
33161
33161
33161
33161
33161
33161
33161
33161
33161
33162
33162
33162
33162
33162
33162
33162
33161
33161
33161
33161
33161
33161
33161
33161
33161
33161
33161
33161
33161
33161
33160
33160
33160
33160
33160
33160
33160
33160
33159
33159
33159
33159
33159
33159
33158
33158
33158
33158
33159
33158
33158
33158
33158
33158
33157
33157
33157
33157
33158
33158
33158
33158
33158
33158
33158
33158
33158
33158
33158
33158
33158
33158
33158
33158
33158
33158
33158
33156
33156
33156
33156
33156
33156
33156
33156
33155
33155
33155
33155
33155
33155
33155
33155
33155
33155
33155
33154
33154
33154
33151
33151
33151
33151
33151
33151
33151
33152
33152
33152
33152
33152
33152
33152
33152
33152
33152
33153
33153
33153
33153
33153
33154
33154
33154
33154
33154
33152
33152
33152
33152
33152
33152
33151
33151
33151
33151
33151
33151
33151
33151
33151
33152
33152
33152
33152
33152
33152
33152
33152
33152
33152
33152
33152
33152
33152
33152
33152
33152
33151
33151
33151
33151
33151
33151
33151
33151
33151
33151
33151
33151
33151
33151
33151
33151
33150
33150
33150
33150
33150
33150
33150
33150
33150
33150
33150
33150
33151
33151
33150
33150
33150
33150
33150
33150
33150
33150
33150
33150
33150
33150
33150
33150
33149
33149
33149
33149
33149
33149
33149
33149
33149
33149
33149
33149
33149
33149
33149
33149
33149
33149
33149
33149
33149
33149
33149
33149
33149
33149
33149
33148
33148
33148
33148
33148
33147
33147
33147
33147
33147
33147
33147
33147
33147
33146
33146
33146
33146
33145
33145
33145
33145
33145
33145
33145
33145
33145
33144
33144
33144
33144
33144
33144
33144
33144
33144
33143
33143
33143
33143
33143
33144
33144
33144
33144
33143
33140
33140
33140
33139
33139
33138
33137
33137
33137
33137
33137
33137
33137
33137
33137
33137
33137
33135
33136
33136
33136
33136
33136
33136
33136
33136
33136
33136
33136
33136
33136
33136
33136
33136
33136
33136
33136
33134
33133
33133
33133
33133
33133
33133
33133
33133
33133
33133
33132
33132
33133
33132
33132
33132
33132
33132
33132
33132
33132
33132
33132
33131
33131
33132
33132
33132
33131
33131
33131
33131
33131
33131
33130
33130
33130
33130
33130
33130
33130
33130
33130
33130
33129
33129
33129
33129
33129
33129
33129
33129
33129
33128
33128
33128
33128
33128
33128
33128
33128
33128
33128
33128
33128
33128
33128
33128
33128
33128
33128
33128
33128
33128
33128
33128
33128
33127
33127
33127
33127
33127
33127
33127
33127
33125
33125
33125
33125
33125
33125
33125
33125
33125
33125
33125
33125
33125
33126
33126
33126
33126
33126
33126
33126
33126
33126
33126
33126
33126
33126
33125
33125
33125
33125
33125
33125
33125
33125
33126
33127
33127
33127
33127
33127
33127
33127
33127
33127
33127
33127
33126
33126
33126
33126
33126
33126
33126
33126
33126
33126
33126
33126
33126
33126
33126
33125
33125
33124
33124
33124
33124
33123
33124
33124
33124
33123
33123
33123
33124
33124
33124
33124
33124
33124
33124
33124
33124
33124
33124
33125
33125
33125
33125
33125
33125
33126
33126
33126
33126
33125
33125
33125
33124
33124
33122
33122
33122
33122
33122
33122
33122
33122
33122
33123
33123
33122
33122
33122
33122
33122
33122
33122
33122
33122
33122
33122
33122
33121
33121
33121
33120
33120
33120
33120
33120
33120
33120
33121
33121
33121
33121
33121
33121
33121
33121
33121
33121
33121
33121
33121
33120
33120
33120
33120
33119
33119
33119
33119
33118
33118
33118
33117
33117
33117
33117
33117
33117
33116
33116
33116
33116
33116
33116
33116
33116
33116
33116
33116
33115
33115
33115
33115
33116
33116
33115
33115
33114
33114
33113
33113
33113
33113
33113
33113
33113
33113
33113
33114
33114
33114
33114
33114
33114
33114
33114
33114
33114
33115
33115
33115
33115
33115
33115
33115
33115
33115
33115
33115
33115
33115
33115
33115
33116
33116
33116
33116
33116
33116
33116
33116
33115
33115
33115
33115
33115
33115
33115
33116
33116
33116
33115
33115
33115
33115
33115
33115
33115
33115
33115
33115
33115
33115
33115
33115
33115
33115
33115
33114
33114
33114
33114
33114
33115
33115
33115
33114
33114
33114
33114
33113
33113
33114
33114
33113
33113
33113
33112
33112
33112
33111
33110
33110
33110
33110
33110
33110
33109
33109
33109
33109
33109
33109
33109
33109
33109
33109
33109
33109
33109
33109
33109
33110
33110
33110
33110
33110
33110
33108
33108
33108
33108
33107
33107
33108
33108
33109
33109
33110
33110
33111
33112
33112
33111
33111
33111
33111
33111
33111
33111
33111
33111
33111
33112
33112
33112
33112
33112
33112
33111
33111
33111
33111
33112
33112
33112
33110
33108
33108
33107
33107
33107
33107
33107
33107
33107
33107
33107
33107
33107
33107
33108
33108
33108
33108
33108
33108
33108
33108
33108
33109
33109
33109
33109
33109
33109
33109
33109
33106
33105
33105
33104
33104
33104
33104
33104
33104
33104
33104
33104
33104
33104
33104
33104
33104
33104
33104
33104
33104
33104
33104
33104
33104
33103
33103
33103
33103
33103
33103
33103
33103
33103
33103
33102
33102
33102
33102
33102
33102
33102
33102
33102
33102
33102
33102
33102
33102
33102
33102
33102
33102
33103
33103
33103
33103
33102
33102
33102
33102
33102
33102
33102
33102
33101
33101
33101
33101
33100
33100
33101
33101
33101
33101
33101
33101
33101
33101
33101
33101
33100
33100
33100
33100
33100
33100
33100
33100
33099
33100
33100
33098
33099
33099
33099
33099
33099
33099
33099
33099
33099
33100
33100
33100
33100
33100
33100
33101
33101
33101
33101
33100
33100
33100
33100
33100
33100
33100
33100
33100
33100
33100
33100
33100
33100
33099
33099
33099
33099
33099
33099
33099
33099
33099
33099
33099
33099
33099
33099
33099
33099
33099
33099
33099
33099
33099
33099
33099
33099
33099
33100
33100
33100
33100
33100
33099
33099
33099
33099
33099
33099
33099
33099
33099
33099
33098
33098
33096
33096
33096
33095
33095
33095
33095
33095
33095
33095
33095
33094
33094
33094
33094
33094
33094
33094
33094
33094
33094
33094
33094
33094
33094
33094
33094
33094
33094
33094
33095
33095
33095
33095
33093
33093
33093
33093
33093
33093
33093
33093
33093
33093
33093
33093
33093
33093
33093
33094
33094
33093
33092
33093
33093
33093
33093
33092
33092
33092
33092
33092
33092
33092
33092
33092
33092
33092
33091
33091
33091
33091
33091
33092
33092
33093
33093
33093
33093
33093
33093
33093
33093
33093
33093
33093
33093
33093
33093
33093
33093
33093
33093
33093
33093
33092
33092
33092
33092
33092
33092
33091
33091
33090
33090
33090
33089
33089
33089
33089
33089
33088
33088
33088
33088
33088
33088
33088
33089
33089
33089
33090
33090
33090
33090
33090
33091
33091
33091
33091
33091
33091
33091
33091
33091
33091
33091
33091
33091
33091
33091
33091
33091
33091
33091
33091
33091
33091
33091
33091
33091
33091
33091
33091
33089
33089
33089
33089
33089
33089
33089
33089
33089
33087
33087
33087
33087
33087
33087
33087
33087
33087
33089
33089
33089
33089
33089
33089
33089
33089
33089
33089
33089
33090
33090
33090
33090
33090
33089
33089
33088
33088
33088
33088
33086
33086
33085
33085
33085
33085
33085
33085
33085
33085
33086
33086
33086
33086
33086
33086
33086
33086
33086
33086
33087
33087
33087
33087
33087
33086
33086
33086
33086
33086
33087
33087
33087
33087
33087
33087
33087
33087
33086
33086
33086
33085
33085
33085
33085
33086
33086
33085
33085
33085
33085
33085
33085
33085
33084
33083
33083
33083
33083
33083
33083
33083
33083
33083
33082
33082
33082
33082
33082
33082
33082
33082
33082
33082
33082
33083
33084
33084
33084
33084
33084
33084
33084
33084
33084
33084
33084
33084
33084
33084
33084
33084
33083
33082
33082
33082
33082
33082
33082
33082
33082
33082
33082
33082
33082
33082
33082
33082
33082
33082
33082
33082
33082
33082
33082
33082
33082
33082
33082
33082
33082
33082
33082
33082
33083
33083
33083
33083
33083
33083
33083
33083
33083
33083
33083
33083
33083
33083
33083
33083
33083
33083
33083
33083
33083
33082
33083
33083
33083
33083
33083
33083
33083
33083
33083
33083
33083
33083
33083
33083
33083
33083
33083
33083
33083
33083
33083
33083
33083
33083
33083
33082
33081
33081
33081
33082
33082
33082
33080
33080
33080
33080
33080
33079
33079
33079
33079
33079
33079
33079
33079
33078
33079
33078
33078
33078
33078
33078
33078
33078
33078
33078
33078
33078
33078
33078
33078
33078
33078
33078
33078
33078
33078
33078
33078
33078
33078
33078
33078
33077
33077
33077
33077
33078
33078
33078
33077
33077
33077
33077
33077
33077
33077
33077
33077
33076
33076
33076
33075
33076
33076
33076
33076
33075
33075
33075
33075
33075
33075
33075
33076
33076
33076
33076
33076
33076
33076
33075
33075
33075
33075
33075
33075
33074
33074
33074
33074
33074
33074
33074
33073
33073
33073
33073
33073
33072
33071
33070
33070
33071
33072
33072
33072
33072
33072
33072
33071
33071
33071
33071
33072
33073
33073
33073
33073
33073
33073
33073
33074
33074
33074
33074
33074
33074
33074
33074
33073
33073
33073
33073
33073
33073
33073
33073
33073
33073
33073
33073
33073
33073
33073
33073
33073
33073
33074
33074
33074
33074
33074
33074
33074
33073
33073
33073
33073
33073
33073
33073
33073
33073
33073
33073
33073
33072
33072
33072
33072
33073
33073
33073
33073
33073
33073
33073
33073
33073
33072
33072
33072
33072
33072
33072
33072
33072
33072
33072
33072
33070
33071
33071
33071
33071
33070
33070
33070
33070
33070
33070
33070
33070
33070
33069
33069
33069
33069
33069
33069
33069
33069
33069
33069
33069
33069
33069
33069
33069
33069
33069
33069
33070
33068
33068
33068
33068
33068
33067
33067
33067
33067
33067
33067
33067
33067
33067
33068
33068
33068
33068
33069
33069
33069
33069
33069
33069
33069
33069
33069
33069
33069
33069
33069
33069
33069
33069
33069
33068
33068
33068
33068
33067
33067
33067
33067
33067
33067
33067
33067
33067
33067
33067
33067
33067
33067
33067
33067
33067
33066
33067
33067
33067
33066
33066
33067
33067
33066
33066
33067
33067
33067
33066
33066
33065
33065
33065
33066
33067
33068
33068
33068
33068
33068
33067
33067
33067
33067
33067
33067
33067
33067
33067
33067
33067
33067
33067
33067
33066
33066
33066
33066
33066
33066
33066
33066
33066
33066
33065
33065
33065
33065
33065
33065
33065
33065
33065
33065
33065
33065
33065
33065
33065
33065
33065
33065
33065
33065
33065
33065
33065
33065
33065
33065
33065
33065
33065
33066
33067
33067
33067
33067
33068
33068
33068
33068
33068
33068
33068
33068
33068
33068
33068
33068
33068
33068
33069
33069
33069
33070
33070
33070
33070
33069
33069
33069
33069
33069
33069
33069
33069
33069
33069
33068
33068
33068
33068
33070
33070
33070
33070
33070
33071
33071
33071
33071
33071
33071
33071
33071
33071
33071
33071
33071
33071
33071
33071
33071
33071
33071
33070
33070
33070
33070
33070
33071
33071
33071
33071
33071
33071
33071
33071
33071
33071
33071
33071
33071
33071
33071
33071
33071
33071
33070
33070
33070
33069
33069
33069
33069
33069
33069
33069
33069
33069
33069
33070
33068
33068
33067
33067
33067
33067
33067
33067
33066
33066
33066
33066
33066
33066
33066
33066
33067
33067
33067
33067
33067
33067
33067
33067
33067
33067
33067
33067
33067
33067
33067
33067
33067
33067
33067
33067
33067
33067
33067
33067
33067
33067
33067
33067
33066
33066
33065
33065
33065
33065
33063
33063
33063
33063
33063
33063
33063
33063
33063
33064
33064
33064
33064
33064
33064
33063
33063
33063
33063
33063
33063
33064
33064
33064
33064
33064
33065
33065
33065
33065
33065
33065
33065
33065
33065
33066
33065
33065
33065
33063
33062
33062
33062
33062
33062
33062
33062
33062
33062
33062
33062
33062
33063
33063
33063
33063
33062
33061
33061
33061
33062
33062
33062
33062
33062
33062
33062
33062
33062
33062
33062
33062
33062
33062
33062
33062
33062
33062
33062
33062
33062
33062
33063
33063
33062
33062
33062
33062
33062
33062
33062
33062
33062
33062
33062
33063
33063
33063
33063
33063
33063
33063
33063
33064
33064
33064
33064
33064
33064
33064
33064
33063
33063
33063
33063
33063
33063
33063
33063
33063
33063
33063
33062
33062
33062
33062
33063
33063
33063
33063
33063
33063
33063
33063
33063
33063
33063
33063
33064
33064
33064
33063
33063
33063
33063
33063
33063
33063
33064
33064
33064
33064
33064
33064
33064
33064
33063
33063
33064
33064
33063
33063
33063
33063
33064
33064
33064
33063
33063
33063
33062
33062
33063
33063
33063
33063
33063
33063
33063
33063
33063
33063
33062
33062
33062
33062
33062
33062
33062
33062
33061
33061
33061
33061
33061
33060
33060
33060
33060
33060
33061
33060
33060
33060
33060
33059
33059
33059
33059
33058
33058
33058
33058
33058
33057
33057
33057
33058
33058
33058
33058
33058
33058
33058
33058
33058
33058
33058
33058
33058
33058
33058
33058
33058
33056
33055
33055
33055
33055
33055
33055
33055
33055
33055
33055
33054
33054
33054
33055
33055
33055
33055
33055
33055
33055
33056
33056
33056
33056
33055
33055
33055
33055
33055
33055
33055
33055
33056
33055
33055
33055
33055
33055
33055
33054
33054
33054
33054
33054
33054
33053
33053
33055
33054
33054
33054
33054
33054
33054
33054
33054
33054
33054
33054
33054
33054
33054
33054
33053
33053
33053
33053
33053
33053
33053
33053
33053
33053
33053
33052
33052
33052
33052
33052
33052
33052
33052
33052
33052
33052
33052
33052
33052
33052
33052
33052
33051
33051
33051
33051
33051
33050
33050
33050
33050
33050
33050
33050
33050
33050
33049
33049
33049
33049
33049
33049
33050
33050
33050
33050
33050
33050
33050
33049
33049
33049
33049
33049
33049
33049
33049
33049
33049
33049
33048
33048
33048
33048
33048
33048
33048
33048
33048
33048
33048
33047
33047
33047
33047
33047
33047
33047
33047
33047
33046
33045
33045
33045
33045
33044
33044
33044
33044
33044
33044
33043
33043
33043
33043
33043
33043
33043
33043
33043
33043
33043
33043
33042
33042
33042
33042
33042
33042
33042
33042
33042
33042
33042
33042
33042
33041
33041
33041
33041
33041
33040
33041
33041
33039
33039
33039
33039
33038
33037
33037
33037
33037
33037
33037
33036
33036
33037
33037
33037
33037
33037
33037
33037
33037
33037
33037
33037
33037
33037
33036
33036
33036
33036
33036
33036
33036
33036
33036
33036
33037
33037
33037
33037
33038
33039
33039
33038
33038
33038
33038
33038
33037
33037
33037
33037
33037
33037
33037
33037
33037
33037
33037
33037
33037
33036
33036
33035
33033
33033
33033
33033
33033
33033
33033
33032
33031
33031
33031
33031
33031
33031
33030
33030
33030
33030
33030
33031
33031
33031
33032
33032
33032
33032
33032
33032
33032
33031
33031
33031
33031
33030
33030
33030
33030
33030
33030
33030
33030
33030
33030
33029
33029
33029
33029
33029
33027
33027
33027
33027
33027
33027
33027
33027
33027
33026
33025
33025
33025
33026
33026
33026
33025
33024
33024
33024
33024
33024
33024
33024
33024
33023
33022
33022
33022
33022
33022
33022
33022
33022
33022
33022
33022
33022
33022
33022
33021
33021
33021
33021
33021
33021
33021
33021
33021
33021
33021
33021
33021
33021
33022
33022
33022
33022
33022
33022
33021
33022
33022
33022
33022
33022
33022
33022
33022
33022
33022
33022
33021
33021
33021
33021
33021
33021
33021
33021
33021
33021
33021
33021
33021
33021
33021
33021
33022
33022
33022
33022
33022
33022
33022
33022
33022
33022
33022
33022
33023
33023
33023
33022
33022
33021
33020
33020
33020
33020
33021
33021
33021
33020
33021
33021
33021
33021
33021
33022
33022
33020
33020
33020
33020
33020
33020
33020
33020
33018
33018
33017
33017
33017
33017
33017
33017
33017
33017
33017
33017
33017
33017
33017
33017
33017
33017
33017
33017
33017
33016
33018
33018
33018
33017
33017
33017
33017
33016
33016
33016
33016
33016
33016
33016
33016
33015
33015
33015
33016
33016
33016
33016
33016
33016
33016
33016
33016
33017
33017
33017
33017
33017
33017
33018
33017
33017
33017
33016
33016
33016
33016
33016
33016
33016
33016
33016
33016
33016
33016
33016
33017
33017
33017
33017
33016
33016
33016
33015
33015
33015
33014
33014
33014
33014
33014
33014
33014
33015
33015
33015
33015
33015
33015
33014
33014
33013
33014
33014
33014
33014
33014
33014
33014
33014
33014
33014
33013
33013
33013
33014
33014
33013
33013
33014
33013
33013
33013
33013
33013
33013
33013
33012
33013
33013
33013
33013
33013
33013
33013
33013
33013
33012
33012
33012
33012
33012
33012
33012
33012
33012
33012
33012
33012
33012
33012
33012
33012
33012
33012
33012
33013
33013
33013
33013
33013
33013
33013
33013
33013
33013
33013
33013
33013
33013
33013
33013
33013
33013
33013
33013
33013
33013
33013
33013
33013
33012
33012
33012
33012
33012
33011
33010
33010
33010
33010
33010
33010
33010
33010
33010
33010
33010
33010
33011
33011
33011
33011
33011
33011
33011
33011
33011
33011
33011
33011
33011
33011
33011
33011
33012
33012
33011
33011
33011
33011
33011
33011
33011
33011
33011
33010
33010
33010
33010
33010
33011
33011
33011
33011
33011
33011
33011
33011
33011
33012
33012
33012
33012
33012
33012
33012
33013
33013
33013
33013
33013
33013
33013
33013
33013
33013
33013
33013
33014
33014
33014
33014
33014
33014
33014
33014
33014
33014
33014
33014
33014
33014
33014
33014
33014
33014
33014
33014
33014
33014
33014
33014
33014
33014
33014
33013
33013
33013
33014
33014
33014
33014
33014
33014
33014
33014
33014
33014
33013
33013
33013
33013
33013
33014
33015
33015
33014
33014
33013
33013
33013
33013
33013
33013
33013
33013
33013
33013
33013
33013
33013
33013
33013
33013
33013
33013
33013
33013
33013
33013
33013
33013
33013
33013
33013
33013
33013
33013
33013
33013
33013
33013
33013
33013
33013
33013
33013
33013
33013
33013
33013
33014
33014
33014
33014
33015
33015
33015
33015
33015
33016
33017
33017
33018
33018
33018
33018
33018
33019
33019
33018
33018
33018
33018
33018
33018
33018
33016
33016
33016
33016
33016
33016
33016
33015
33015
33014
33014
33014
33014
33015
33015
33015
33015
33015
33015
33015
33015
33015
33012
33012
33012
33011
33011
33011
33011
33009
33008
33008
33008
33008
33008
33008
33008
33008
33009
33009
33009
33009
33009
33009
33010
33010
33010
33009
33009
33009
33008
33008
33008
33009
33009
33010
33010
33010
33010
33010
33010
33010
33010
33010
33010
33010
33010
33010
33010
33010
33010
33010
33010
33010
33010
33010
33010
33010
33010
33010
33010
33010
33010
33011
33011
33010
33009
33009
33009
33009
33009
33009
33009
33009
33009
33009
33009
33009
33009
33009
33009
33009
33009
33009
33008
33008
33008
33008
33008
33008
33008
33008
33008
33008
33008
33008
33008
33009
33009
33009
33008
33007
33007
33007
33007
33007
33007
33007
33008
33008
33008
33008
33008
33008
33008
33007
33007
33007
33007
33008
33008
33007
33006
33006
33006
33006
33006
33006
33005
33005
33005
33005
33005
33005
33004
33004
33004
33004
33004
33004
33004
33003
33003
33003
33003
33004
33004
33004
33004
33003
33003
33003
33003
33003
33003
33004
33004
33004
33002
33002
33002
33002
33002
33002
33002
33003
33000
33000
33000
33000
33000
33000
33000
33000
33000
33000
33000
33000
33000
33000
33000
33000
33000
32999
32999
32999
32999
32999
32999
32999
32999
32999
32999
32999
32999
32999
32999
32999
32999
32999
32999
32999
32999
32999
32999
33000
33000
33000
33000
33000
33000
33000
33000
33000
32999
32999
32999
32999
32999
32999
32999
32998
32998
32998
32998
32999
32999
32999
32999
32999
32999
32999
32999
32999
32999
32999
32999
32999
32999
32999
32999
32999
32999
32999
32999
32999
32999
32999
32999
32999
32999
32999
32999
32999
32999
32999
32999
32999
32999
32999
32999
32999
32998
32998
32998
32998
32998
32998
32998
32998
32998
32998
32998
32998
32996
32996
32996
32996
32996
32996
32996
32996
32996
32996
32996
32996
32996
32995
32995
32994
32994
32994
32994
32994
32994
32994
32994
32994
32993
32993
32993
32993
32993
32994
32993
32993
32992
32992
32991
32991
32991
32990
32990
32990
32990
32990
32990
32990
32990
32990
32990
32990
32990
32990
32989
32989
32989
32989
32989
32989
32989
32989
32988
32988
32988
32988
32988
32988
32988
32988
32988
32987
32987
32987
32987
32986
32986
32986
32986
32986
32986
32986
32986
32986
32986
32986
32986
32986
32986
32986
32987
32987
32986
32985
32985
32985
32985
32985
32985
32985
32985
32985
32985
32985
32984
32984
32984
32984
32983
32983
32983
32983
32983
32983
32982
32982
32982
32982
32982
32982
32982
32982
32982
32982
32982
32982
32982
32980
32980
32980
32980
32980
32980
32980
32981
32982
32982
32982
32982
32980
32980
32980
32979
32979
32978
32979
32979
32979
32979
32979
32978
32978
32978
32978
32978
32978
32978
32978
32978
32978
32978
32978
32978
32977
32977
32977
32977
32977
32977
32977
32977
32978
32977
32977
32977
32977
32977
32977
32977
32976
32976
32976
32976
32977
32977
32977
32976
32976
32976
32976
32976
32975
32975
32975
32975
32975
32975
32975
32975
32975
32975
32974
32975
32975
32975
32974
32974
32974
32974
32974
32974
32974
32974
32974
32974
32974
32974
32975
32975
32975
32975
32974
32974
32974
32974
32974
32973
32972
32972
32972
32972
32972
32972
32971
32971
32971
32971
32971
32971
32971
32971
32971
32971
32970
32970
32970
32970
32970
32970
32970
32970
32970
32970
32970
32970
32970
32970
32970
32970
32970
32970
32970
32970
32970
32970
32970
32969
32969
32969
32969
32969
32968
32968
32968
32967
32968
32968
32967
32967
32967
32967
32967
32967
32967
32967
32967
32966
32966
32966
32968
32968
32968
32968
32968
32967
32967
32968
32967
32967
32967
32967
32967
32967
32967
32967
32967
32967
32967
32966
32966
32966
32966
32966
32966
32965
32965
32963
32963
32963
32964
32963
32963
32963
32962
32962
32962
32962
32962
32962
32962
32962
32962
32962
32962
32962
32962
32962
32962
32962
32963
32961
32961
32961
32960
32960
32960
32959
32959
32958
32958
32958
32956
32956
32956
32955
32955
32955
32955
32955
32955
32954
32954
32954
32954
32954
32954
32954
32953
32953
32953
32953
32953
32953
32953
32953
32953
32954
32954
32955
32956
32956
32956
32956
32956
32955
32954
32954
32954
32953
32953
32953
32953
32953
32953
32954
32954
32953
32953
32952
32952
32952
32952
32951
32952
32952
32952
32952
32952
32952
32952
32951
32951
32951
32951
32951
32951
32951
32952
32952
32951
32951
32951
32951
32951
32951
32951
32951
32951
32950
32950
32949
32949
32948
32947
32945
32945
32945
32945
32945
32945
32944
32944
32943
32943
32943
32943
32943
32943
32943
32943
32942
32942
32942
32942
32942
32942
32942
32942
32942
32942
32942
32943
32943
32943
32943
32943
32943
32943
32943
32943
32943
32943
32943
32944
32944
32944
32944
32942
32943
32943
32943
32943
32943
32944
32944
32944
32944
32944
32944
32944
32944
32944
32944
32944
32943
32943
32943
32943
32943
32943
32944
32944
32944
32944
32944
32944
32943
32943
32943
32943
32943
32942
32942
32942
32942
32942
32942
32942
32942
32942
32941
32941
32941
32941
32941
32941
32942
32943
32943
32943
32943
32943
32943
32943
32944
32944
32944
32944
32944
32944
32944
32944
32944
32944
32944
32944
32944
32944
32943
32943
32943
32943
32943
32943
32943
32943
32943
32943
32943
32943
32943
32943
32943
32943
32943
32943
32943
32942
32942
32942
32942
32942
32942
32942
32942
32942
32941
32941
32941
32942
32942
32942
32942
32942
32942
32941
32941
32941
32941
32941
32941
32941
32941
32941
32941
32941
32941
32941
32941
32940
32940
32939
32938
32938
32938
32938
32937
32937
32937
32937
32937
32937
32937
32937
32937
32937
32937
32937
32937
32937
32937
32937
32937
32938
32937
32937
32937
32938
32938
32938
32938
32938
32938
32938
32938
32938
32938
32938
32938
32938
32938
32938
32938
32938
32938
32938
32938
32938
32938
32939
32939
32939
32939
32939
32940
32940
32940
32939
32937
32937
32936
32936
32936
32936
32936
32936
32935
32935
32935
32935
32935
32935
32935
32935
32935
32935
32935
32935
32935
32934
32934
32935
32935
32935
32935
32935
32935
32935
32935
32935
32935
32935
32935
32935
32935
32935
32935
32935
32935
32935
32935
32935
32934
32934
32934
32934
32934
32934
32934
32934
32934
32934
32935
32935
32934
32934
32931
32931
32931
32932
32932
32932
32932
32932
32932
32932
32932
32932
32932
32932
32932
32932
32931
32931
32931
32931
32932
32932
32932
32932
32932
32931
32931
32931
32931
32931
32931
32931
32931
32929
32929
32929
32929
32929
32929
32929
32929
32927
32927
32927
32927
32927
32926
32926
32926
32926
32926
32926
32927
32928
32928
32926
32926
32927
32927
32927
32927
32927
32927
32927
32927
32928
32928
32928
32927
32927
32927
32927
32926
32926
32926
32926
32926
32926
32926
32926
32926
32926
32926
32926
32926
32925
32925
32925
32924
32924
32925
32925
32925
32925
32925
32925
32923
32923
32923
32923
32923
32923
32923
32922
32922
32922
32922
32922
32922
32922
32922
32922
32922
32922
32922
32922
32921
32921
32921
32921
32921
32921
32921
32921
32920
32920
32920
32921
32922
32922
32920
32920
32920
32920
32919
32918
32918
32918
32918
32918
32918
32918
32917
32917
32917
32917
32917
32917
32917
32917
32917
32917
32917
32917
32917
32917
32917
32918
32919
32919
32919
32919
32919
32919
32919
32919
32919
32920
32920
32920
32920
32920
32920
32920
32920
32921
32923
32923
32923
32923
32923
32923
32922
32922
32922
32922
32922
32922
32922
32922
32922
32922
32922
32922
32922
32922
32922
32922
32921
32921
32921
32921
32922
32922
32922
32922
32922
32922
32923
32923
32923
32923
32923
32922
32922
32922
32922
32922
32922
32922
32922
32921
32921
32921
32921
32920
32920
32920
32920
32920
32920
32920
32920
32920
32920
32920
32920
32920
32920
32919
32919
32919
32919
32919
32920
32920
32920
32920
32920
32920
32920
32920
32920
32920
32920
32920
32920
32920
32920
32918
32918
32919
32919
32919
32919
32919
32917
32917
32917
32918
32918
32918
32918
32918
32917
32916
32916
32916
32916
32916
32916
32916
32916
32916
32917
32917
32917
32917
32917
32918
32918
32917
32917
32917
32917
32917
32917
32917
32918
32916
32916
32916
32916
32915
32915
32914
32914
32914
32914
32914
32914
32914
32914
32914
32914
32914
32915
32915
32915
32915
32915
32914
32914
32914
32915
32915
32915
32915
32915
32913
32913
32913
32913
32913
32913
32913
32913
32913
32913
32913
32913
32910
32910
32910
32910
32910
32910
32909
32909
32909
32909
32909
32909
32908
32908
32908
32908
32908
32907
32908
32908
32907
32906
32906
32906
32906
32906
32906
32906
32906
32906
32906
32906
32906
32906
32906
32906
32907
32907
32907
32907
32907
32907
32907
32907
32907
32906
32906
32907
32907
32907
32907
32907
32907
32907
32907
32907
32907
32907
32907
32908
32908
32908
32908
32908
32909
32910
32910
32910
32909
32909
32909
32909
32909
32909
32909
32909
32910
32909
32908
32908
32908
32907
32907
32907
32907
32907
32907
32907
32907
32906
32906
32906
32906
32906
32906
32906
32906
32906
32906
32906
32906
32906
32906
32906
32906
32906
32906
32907
32907
32907
32907
32907
32907
32907
32907
32907
32907
32907
32906
32906
32906
32906
32906
32906
32906
32906
32905
32905
32905
32905
32905
32906
32906
32905
32905
32905
32905
32905
32905
32905
32905
32905
32905
32905
32905
32905
32907
32907
32907
32907
32906
32906
32906
32906
32906
32906
32906
32906
32906
32906
32906
32906
32906
32906
32906
32906
32906
32906
32906
32906
32906
32906
32906
32906
32906
32905
32905
32905
32906
32906
32906
32906
32906
32906
32906
32905
32905
32905
32905
32905
32905
32905
32905
32905
32905
32905
32905
32905
32904
32904
32904
32904
32904
32904
32906
32906
32907
32907
32907
32907
32907
32907
32907
32907
32907
32907
32907
32908
32908
32908
32908
32909
32909
32909
32909
32909
32909
32909
32909
32909
32909
32908
32908
32908
32908
32908
32908
32908
32908
32908
32908
32907
32907
32907
32907
32906
32906
32906
32906
32906
32906
32906
32906
32905
32905
32905
32905
32905
32904
32904
32903
32903
32903
32902
32903
32903
32903
32903
32903
32904
32904
32904
32904
32904
32904
32905
32905
32905
32904
32904
32904
32904
32904
32904
32904
32904
32904
32904
32904
32904
32902
32902
32902
32902
32902
32902
32902
32902
32903
32903
32903
32903
32903
32903
32903
32903
32903
32903
32903
32903
32903
32903
32903
32903
32903
32903
32903
32903
32902
32902
32902
32902
32902
32902
32902
32902
32902
32902
32902
32902
32902
32902
32902
32902
32902
32902
32902
32902
32902
32901
32901
32900
32900
32900
32900
32900
32899
32898
32898
32898
32898
32898
32897
32897
32896
32896
32896
32896
32896
32896
32896
32896
32896
32895
32895
32895
32895
32895
32895
32895
32895
32895
32895
32895
32895
32895
32895
32895
32895
32895
32894
32894
32894
32894
32894
32894
32894
32894
32894
32894
32894
32894
32894
32894
32894
32894
32893
32893
32893
32893
32892
32892
32893
32893
32894
32893
32893
32893
32892
32892
32892
32893
32892
32892
32892
32892
32893
32893
32893
32893
32893
32893
32893
32893
32893
32893
32893
32893
32893
32893
32893
32893
32893
32893
32893
32893
32893
32893
32893
32893
32893
32893
32893
32893
32893
32893
32893
32893
32893
32893
32893
32893
32893
32893
32894
32894
32894
32894
32893
32893
32893
32892
32892
32892
32892
32892
32892
32892
32892
32892
32891
32891
32891
32891
32891
32891
32891
32891
32892
32892
32892
32892
32892
32892
32892
32892
32892
32892
32892
32892
32892
32891
32891
32892
32893
32893
32893
32893
32893
32892
32892
32892
32892
32892
32892
32889
32889
32890
32889
32889
32889
32889
32889
32889
32889
32889
32889
32889
32889
32888
32888
32888
32888
32888
32888
32887
32887
32887
32887
32887
32886
32886
32886
32885
32885
32885
32885
32885
32885
32885
32885
32885
32885
32885
32885
32885
32885
32885
32884
32884
32884
32884
32884
32884
32883
32883
32883
32883
32883
32883
32883
32883
32883
32883
32883
32883
32883
32883
32882
32881
32881
32881
32882
32883
32883
32883
32883
32883
32883
32883
32884
32884
32884
32884
32884
32883
32883
32883
32883
32882
32882
32882
32882
32882
32882
32882
32882
32882
32881
32881
32881
32881
32881
32881
32881
32880
32880
32879
32879
32879
32879
32879
32879
32879
32878
32878
32878
32877
32877
32876
32876
32876
32876
32876
32876
32876
32876
32876
32876
32876
32876
32876
32876
32876
32876
32874
32874
32874
32873
32873
32873
32873
32873
32872
32871
32872
32872
32872
32872
32872
32872
32872
32872
32872
32872
32872
32872
32872
32872
32872
32872
32873
32873
32873
32873
32872
32872
32872
32872
32872
32872
32872
32872
32872
32871
32871
32871
32871
32871
32871
32870
32870
32871
32871
32871
32871
32871
32871
32871
32871
32871
32871
32871
32871
32871
32871
32871
32871
32871
32871
32871
32871
32871
32871
32871
32871
32871
32872
32872
32872
32872
32873
32873
32873
32873
32873
32872
32872
32871
32871
32872
32872
32872
32872
32872
32872
32872
32872
32872
32873
32872
32872
32872
32873
32873
32873
32873
32872
32872
32872
32872
32872
32872
32871
32871
32871
32871
32871
32871
32871
32868
32868
32868
32868
32868
32868
32868
32868
32868
32868
32868
32868
32868
32869
32869
32869
32869
32868
32868
32868
32868
32868
32868
32869
32869
32869
32869
32869
32869
32869
32869
32869
32868
32868
32868
32868
32868
32868
32868
32868
32868
32868
32866
32865
32865
32865
32865
32865
32865
32865
32865
32865
32864
32865
32865
32865
32865
32865
32865
32865
32865
32865
32864
32864
32864
32864
32864
32864
32864
32864
32864
32864
32864
32864
32863
32862
32861
32862
32862
32862
32862
32863
32862
32861
32861
32861
32861
32861
32861
32861
32861
32861
32861
32861
32859
32859
32859
32859
32859
32859
32859
32859
32859
32860
32860
32860
32860
32860
32860
32859
32859
32859
32858
32858
32858
32858
32858
32858
32858
32858
32858
32858
32858
32858
32858
32858
32858
32857
32857
32857
32857
32857
32857
32857
32857
32856
32857
32857
32857
32857
32857
32857
32858
32858
32858
32857
32857
32857
32857
32857
32857
32857
32857
32856
32855
32856
32856
32856
32856
32856
32856
32856
32856
32856
32856
32856
32856
32856
32855
32854
32854
32855
32855
32855
32855
32855
32855
32855
32853
32853
32854
32854
32854
32854
32854
32854
32854
32854
32854
32854
32854
32854
32854
32855
32855
32855
32855
32855
32855
32855
32855
32854
32853
32853
32853
32853
32853
32853
32853
32853
32853
32853
32853
32853
32853
32853
32852
32852
32852
32852
32852
32852
32851
32851
32852
32852
32852
32852
32852
32852
32852
32852
32852
32852
32852
32852
32852
32852
32852
32852
32852
32852
32852
32852
32852
32852
32852
32852
32852
32852
32852
32852
32851
32851
32851
32851
32851
32851
32851
32851
32851
32851
32852
32852
32852
32852
32852
32852
32852
32852
32852
32852
32852
32852
32851
32851
32851
32851
32850
32850
32850
32850
32850
32850
32850
32850
32850
32849
32849
32849
32849
32849
32849
32849
32849
32849
32849
32849
32849
32849
32849
32849
32849
32849
32850
32850
32850
32850
32848
32848
32849
32848
32848
32848
32847
32847
32847
32847
32847
32847
32846
32846
32846
32846
32846
32845
32845
32845
32845
32845
32845
32844
32844
32844
32844
32844
32844
32844
32844
32844
32843
32843
32843
32843
32843
32843
32843
32843
32843
32843
32843
32843
32843
32843
32843
32843
32843
32843
32843
32843
32843
32843
32843
32843
32843
32841
32841
32841
32841
32840
32840
32840
32840
32840
32840
32840
32840
32840
32840
32840
32840
32840
32840
32840
32840
32840
32840
32840
32840
32840
32840
32840
32839
32838
32838
32836
32836
32836
32836
32836
32836
32835
32835
32835
32835
32835
32835
32835
32835
32835
32835
32835
32835
32835
32835
32835
32835
32835
32835
32835
32835
32835
32836
32836
32836
32836
32835
32835
32835
32835
32835
32834
32834
32834
32833
32833
32833
32833
32833
32833
32833
32833
32833
32833
32833
32833
32833
32833
32833
32833
32833
32833
32834
32834
32834
32834
32834
32834
32834
32834
32834
32833
32833
32833
32833
32833
32833
32833
32833
32833
32833
32833
32833
32832
32831
32830
32830
32830
32830
32830
32831
32831
32831
32831
32831
32831
32831
32830
32830
32830
32829
32829
32828
32828
32828
32828
32829
32829
32829
32829
32829
32829
32829
32829
32829
32829
32829
32830
32829
32829
32829
32829
32829
32829
32829
32829
32829
32829
32829
32829
32829
32829
32828
32829
32829
32829
32829
32829
32829
32829
32829
32829
32829
32829
32829
32829
32831
32831
32831
32831
32831
32831
32832
32832
32832
32833
32833
32833
32834
32834
32834
32834
32834
32834
32834
32834
32834
32833
32834
32834
32834
32834
32834
32834
32834
32834
32834
32834
32834
32834
32834
32835
32835
32835
32835
32836
32836
32835
32835
32835
32835
32835
32835
32835
32835
32835
32835
32834
32834
32835
32835
32835
32835
32835
32836
32836
32836
32836
32836
32836
32836
32834
32833
32833
32833
32833
32833
32833
32833
32833
32834
32834
32834
32834
32834
32834
32834
32834
32833
32833
32833
32833
32833
32833
32833
32833
32833
32833
32833
32833
32832
32832
32833
32833
32832
32832
32832
32832
32832
32832
32832
32832
32832
32831
32831
32831
32831
32831
32831
32832
32832
32832
32831
32831
32831
32831
32831
32831
32830
32830
32830
32830
32830
32829
32829
32829
32829
32829
32829
32829
32829
32829
32829
32829
32829
32829
32828
32826
32826
32826
32826
32826
32826
32826
32825
32824
32824
32824
32824
32824
32824
32824
32824
32825
32825
32825
32825
32825
32825
32825
32825
32825
32825
32825
32823
32823
32823
32822
32821
32821
32821
32821
32821
32820
32820
32820
32820
32820
32820
32820
32820
32820
32820
32820
32820
32820
32821
32821
32821
32821
32821
32821
32821
32821
32821
32821
32821
32821
32821
32821
32820
32820
32820
32820
32820
32819
32819
32819
32819
32819
32820
32820
32820
32820
32820
32820
32820
32820
32820
32820
32819
32819
32819
32819
32819
32819
32819
32819
32819
32819
32819
32819
32818
32818
32818
32818
32818
32819
32819
32819
32819
32819
32819
32819
32819
32820
32821
32821
32820
32820
32820
32820
32819
32819
32819
32819
32820
32820
32820
32820
32820
32820
32820
32820
32820
32820
32820
32820
32820
32820
32820
32820
32820
32821
32821
32821
32821
32821
32820
32820
32820
32820
32820
32820
32820
32820
32820
32820
32820
32819
32819
32819
32818
32817
32817
32817
32816
32816
32816
32816
32816
32816
32816
32816
32815
32816
32815
32815
32815
32815
32815
32815
32815
32815
32814
32814
32814
32814
32814
32813
32813
32813
32813
32812
32812
32812
32812
32812
32812
32812
32812
32812
32812
32812
32812
32812
32812
32812
32812
32812
32812
32812
32812
32812
32812
32812
32812
32813
32812
32812
32811
32810
32810
32810
32810
32810
32810
32810
32810
32810
32810
32810
32810
32810
32810
32809
32809
32810
32810
32810
32810
32810
32810
32810
32810
32810
32810
32810
32811
32811
32811
32811
32811
32811
32812
32811
32811
32811
32810
32810
32810
32810
32810
32811
32811
32811
32811
32811
32811
32812
32812
32811
32811
32811
32811
32811
32811
32811
32810
32810
32810
32810
32810
32809
32810
32810
32810
32810
32810
32810
32810
32810
32809
32809
32809
32809
32809
32809
32809
32809
32809
32809
32809
32809
32809
32809
32809
32809
32809
32809
32808
32807
32807
32807
32807
32807
32805
32803
32803
32802
32802
32801
32800
32800
32800
32800
32801
32801
32800
32800
32800
32800
32800
32800
32801
32801
32801
32801
32801
32801
32801
32801
32801
32801
32801
32800
32800
32800
32800
32800
32799
32799
32799
32799
32799
32799
32798
32798
32798
32798
32798
32797
32796
32796
32796
32796
32796
32796
32796
32797
32797
32796
32796
32796
32796
32796
32796
32796
32796
32796
32796
32796
32796
32796
32796
32796
32796
32796
32797
32796
32798
32798
32798
32798
32798
32798
32798
32798
32798
32798
32798
32798
32798
32798
32798
32798
32798
32798
32798
32798
32798
32798
32798
32798
32798
32798
32799
32799
32799
32799
32799
32799
32799
32799
32800
32800
32800
32800
32800
32800
32800
32800
32800
32800
32800
32800
32800
32800
32800
32800
32800
32800
32800
32800
32800
32799
32799
32799
32799
32799
32799
32799
32799
32799
32799
32799
32799
32799
32799
32799
32799
32799
32799
32799
32799
32799
32799
32800
32800
32800
32800
32799
32799
32799
32799
32799
32799
32799
32799
32799
32799
32799
32799
32799
32799
32799
32799
32799
32799
32799
32799
32799
32799
32799
32799
32799
32799
32799
32799
32799
32799
32799
32799
32800
32800
32800
32800
32799
32799
32800
32800
32800
32800
32800
32800
32800
32800
32799
32799
32799
32798
32798
32799
32799
32799
32799
32799
32799
32799
32799
32799
32799
32799
32799
32799
32798
32798
32798
32798
32798
32797
32797
32797
32797
32797
32797
32798
32798
32798
32798
32798
32798
32798
32798
32798
32798
32798
32797
32797
32797
32797
32797
32797
32797
32798
32798
32798
32798
32798
32798
32798
32798
32798
32799
32799
32799
32798
32798
32798
32798
32798
32799
32799
32799
32799
32799
32799
32799
32799
32799
32799
32799
32799
32799
32799
32799
32799
32799
32799
32799
32799
32799
32799
32799
32799
32799
32799
32799
32799
32799
32799
32798
32798
32798
32798
32798
32797
32798
32799
32799
32799
32799
32799
32799
32799
32799
32799
32799
32799
32799
32799
32799
32799
32798
32798
32799
32799
32799
32799
32799
32799
32799
32799
32799
32799
32799
32799
32799
32799
32799
32799
32799
32799
32799
32799
32800
32800
32800
32800
32800
32801
32801
32799
32799
32798
32798
32798
32798
32798
32798
32798
32798
32798
32797
32797
32798
32798
32798
32798
32797
32797
32798
32798
32798
32798
32798
32798
32798
32798
32798
32798
32798
32798
32798
32798
32798
32798
32797
32797
32796
32796
32797
32797
32797
32798
32797
32796
32796
32796
32796
32795
32795
32795
32795
32795
32794
32794
32795
32795
32795
32794
32794
32794
32794
32794
32794
32794
32793
32794
32794
32794
32794
32793
32793
32793
32793
32793
32793
32793
32792
32792
32792
32793
32793
32793
32793
32793
32793
32793
32792
32791
32792
32792
32792
32792
32792
32792
32792
32792
32792
32792
32792
32792
32792
32792
32792
32792
32792
32792
32793
32793
32793
32793
32794
32794
32794
32794
32794
32794
32794
32794
32793
32793
32793
32793
32793
32792
32792
32792
32792
32792
32792
32792
32792
32792
32792
32792
32792
32792
32792
32792
32792
32792
32792
32792
32792
32792
32792
32792
32792
32793
32793
32793
32793
32793
32793
32793
32793
32793
32793
32793
32791
32791
32791
32791
32791
32791
32791
32791
32791
32791
32791
32791
32792
32792
32792
32792
32792
32793
32793
32793
32793
32793
32793
32793
32794
32794
32794
32793
32793
32793
32793
32793
32793
32793
32793
32793
32793
32793
32793
32793
32792
32790
32790
32790
32789
32789
32789
32789
32789
32790
32789
32789
32789
32789
32789
32789
32789
32789
32789
32789
32789
32789
32789
32789
32789
32789
32788
32788
32788
32788
32787
32787
32787
32787
32787
32787
32787
32787
32787
32786
32786
32786
32787
32787
32788
32788
32788
32788
32788
32788
32788
32788
32788
32788
32788
32788
32788
32788
32788
32788
32788
32788
32788
32788
32788
32788
32788
32788
32789
32789
32790
32790
32790
32790
32790
32790
32790
32789
32790
32790
32790
32790
32790
32790
32790
32790
32790
32790
32790
32790
32790
32790
32789
32789
32789
32789
32789
32789
32789
32789
32789
32789
32788
32788
32788
32786
32786
32786
32786
32786
32786
32786
32786
32786
32786
32786
32786
32786
32786
32786
32786
32786
32786
32786
32786
32786
32786
32786
32786
32786
32786
32785
32785
32785
32785
32784
32784
32784
32784
32784
32784
32784
32783
32783
32783
32783
32783
32783
32783
32782
32782
32781
32781
32781
32781
32781
32781
32781
32781
32782
32782
32782
32782
32782
32782
32782
32782
32782
32782
32782
32782
32782
32781
32781
32781
32779
32779
32779
32779
32779
32779
32779
32779
32779
32779
32779
32779
32779
32779
32779
32779
32779
32779
32779
32779
32779
32779
32779
32779
32780
32780
32780
32780
32780
32780
32780
32780
32780
32780
32780
32780
32780
32780
32780
32780
32780
32780
32780
32780
32780
32780
32780
32780
32780
32780
32780
32780
32780
32780
32780
32780
32780
32780
32780
32780
32780
32780
32780
32780
32780
32780
32780
32780
32780
32780
32780
32780
32780
32780
32780
32780
32779
32779
32779
32779
32779
32779
32779
32779
32778
32778
32778
32778
32778
32778
32778
32778
32778
32778
32778
32779
32779
32780
32779
32779
32779
32779
32779
32779
32778
32778
32779
32779
32779
32779
32778
32778
32776
32776
32775
32774
32772
32773
32773
32773
32773
32773
32773
32774
32774
32774
32774
32774
32774
32774
32774
32774
32774
32774
32774
32774
32775
32775
32775
32775
32775
32775
32775
32775
32776
32776
32776
32776
32776
32776
32775
32774
32774
32774
32775
32775
32775
32775
32775
32775
32775
32774
32774
32774
32774
32773
32773
32773
32773
32773
32772
32772
32774
32774
32774
32774
32774
32774
32774
32774
32774
32774
32774
32774
32773
32772
32772
32772
32772
32772
32772
32772
32771
32771
32771
32771
32771
32770
32770
32771
32771
32771
32771
32771
32771
32770
32770
32770
32770
32770
32770
32770
32770
32770
32770
32767
32767
32767
32767
32767
32767
32767
32768
32768
32768
32768
32768
32768
32769
32769
32769
32769
32768
32768
32768
32768
32767
32767
32767
32767
32767
32767
32767
32767
32767
32767
32767
32766
32766
32766
32765
32765
32764
32764
32765
32765
32765
32764
32764
32762
32762
32762
32761
32761
32760
32760
32760
32761
32760
32759
32759
32759
32759
32759
32758
32758
32758
32757
32757
32757
32757
32757
32757
32757
32757
32756
32756
32756
32756
32755
32755
32755
32755
32755
32755
32754
32754
32754
32754
32754
32754
32754
32754
32754
32754
32754
32753
32753
32753
32753
32753
32753
32753
32753
32753
32753
32753
32752
32752
32753
32752
32752
32752
32754
32753
32753
32753
32752
32752
32752
32752
32752
32752
32752
32752
32752
32752
32752
32752
32752
32752
32751
32751
32751
32751
32751
32751
32751
32751
32751
32751
32750
32750
32751
32751
32751
32751
32751
32751
32751
32751
32751
32751
32750
32750
32750
32751
32751
32750
32751
32751
32750
32750
32750
32750
32751
32751
32750
32750
32750
32749
32749
32748
32747
32746
32747
32747
32747
32747
32747
32747
32747
32747
32747
32747
32747
32747
32747
32747
32746
32746
32746
32746
32746
32745
32745
32744
32744
32744
32744
32744
32744
32744
32744
32744
32744
32744
32744
32744
32745
32746
32746
32746
32746
32745
32744
32744
32744
32744
32745
32745
32745
32744
32744
32744
32744
32744
32744
32744
32744
32744
32744
32744
32744
32744
32744
32744
32744
32744
32744
32744
32744
32744
32744
32745
32746
32746
32746
32746
32746
32744
32744
32744
32743
32742
32742
32742
32742
32742
32741
32741
32741
32739
32739
32740
32740
32739
32739
32740
32740
32740
32739
32739
32738
32738
32738
32738
32738
32738
32738
32738
32738
32738
32738
32738
32738
32738
32738
32738
32738
32738
32738
32738
32739
32738
32738
32738
32738
32738
32738
32738
32738
32738
32738
32738
32738
32737
32738
32738
32738
32739
32739
32739
32738
32738
32738
32738
32738
32738
32738
32738
32738
32738
32738
32738
32738
32738
32738
32738
32738
32738
32738
32738
32737
32736
32736
32736
32736
32736
32736
32736
32735
32735
32735
32735
32735
32735
32735
32735
32735
32735
32735
32734
32734
32734
32734
32734
32733
32733
32733
32733
32733
32733
32733
32733
32733
32733
32733
32733
32733
32733
32733
32733
32733
32733
32732
32732
32732
32732
32733
32733
32733
32733
32733
32733
32733
32733
32732
32732
32732
32732
32732
32732
32732
32732
32733
32732
32732
32732
32732
32732
32732
32732
32732
32732
32732
32731
32731
32731
32731
32731
32731
32731
32731
32731
32731
32732
32731
32730
32729
32729
32729
32729
32728
32728
32728
32728
32728
32728
32728
32727
32727
32727
32728
32728
32728
32728
32728
32728
32727
32728
32728
32728
32728
32728
32728
32727
32728
32727
32727
32727
32727
32727
32726
32725
32725
32724
32724
32724
32724
32724
32724
32724
32724
32724
32725
32723
32723
32723
32723
32723
32723
32723
32723
32723
32723
32723
32723
32722
32722
32722
32722
32722
32724
32724
32724
32724
32724
32724
32724
32724
32724
32723
32723
32723
32723
32723
32723
32723
32723
32723
32723
32723
32723
32722
32723
32724
32724
32724
32724
32724
32725
32725
32725
32725
32725
32725
32725
32725
32725
32725
32725
32725
32725
32725
32725
32725
32725
32724
32724
32724
32724
32724
32724
32724
32724
32724
32724
32725
32725
32725
32725
32725
32725
32725
32725
32725
32726
32725
32725
32725
32723
32722
32722
32723
32723
32723
32723
32723
32724
32724
32724
32724
32725
32725
32725
32725
32726
32726
32726
32726
32726
32726
32726
32725
32725
32725
32725
32726
32726
32726
32726
32725
32725
32725
32725
32725
32725
32725
32725
32725
32725
32725
32725
32725
32725
32725
32724
32724
32724
32724
32724
32724
32726
32725
32724
32724
32724
32724
32725
32725
32725
32725
32725
32725
32725
32725
32725
32725
32726
32726
32726
32726
32726
32726
32726
32727
32727
32727
32726
32726
32726
32726
32723
32723
32723
32723
32721
32721
32722
32722
32722
32721
32721
32721
32721
32721
32721
32721
32721
32721
32721
32721
32721
32721
32721
32721
32721
32721
32721
32721
32721
32721
32722
32722
32722
32720
32720
32720
32720
32720
32720
32719
32719
32719
32718
32718
32717
32716
32716
32716
32715
32715
32715
32715
32715
32715
32715
32715
32715
32715
32715
32716
32716
32716
32716
32715
32715
32715
32715
32715
32714
32714
32714
32714
32714
32714
32714
32713
32714
32714
32714
32714
32714
32714
32714
32714
32714
32714
32714
32714
32714
32714
32714
32714
32714
32714
32714
32714
32713
32713
32713
32714
32714
32714
32714
32714
32714
32714
32714
32714
32714
32714
32714
32714
32712
32710
32710
32712
32712
32712
32712
32712
32712
32712
32712
32712
32713
32713
32713
32713
32712
32712
32712
32712
32712
32713
32714
32714
32713
32713
32714
32714
32714
32712
32712
32712
32712
32713
32714
32714
32714
32714
32714
32713
32713
32713
32713
32713
32713
32713
32713
32712
32712
32712
32712
32712
32711
32711
32711
32711
32711
32711
32711
32711
32711
32711
32710
32710
32710
32710
32710
32710
32711
32711
32711
32710
32710
32710
32710
32710
32710
32710
32708
32708
32707
32707
32707
32706
32706
32705
32705
32705
32705
32705
32705
32705
32703
32703
32704
32704
32704
32704
32704
32704
32704
32704
32704
32704
32704
32704
32704
32703
32703
32704
32704
32703
32703
32703
32703
32702
32702
32703
32703
32703
32703
32701
32701
32701
32701
32701
32701
32701
32701
32701
32701
32700
32700
32700
32700
32700
32700
32699
32699
32699
32699
32699
32699
32699
32699
32698
32698
32697
32696
32696
32696
32696
32695
32695
32695
32695
32695
32695
32695
32695
32695
32695
32695
32695
32695
32695
32695
32695
32695
32695
32694
32694
32694
32694
32694
32694
32694
32694
32694
32694
32693
32693
32692
32692
32692
32692
32692
32692
32693
32692
32692
32692
32692
32692
32692
32692
32692
32692
32693
32693
32693
32693
32693
32693
32693
32693
32692
32692
32692
32693
32694
32694
32694
32694
32694
32694
32694
32694
32694
32694
32693
32693
32693
32693
32693
32693
32693
32693
32693
32693
32693
32693
32693
32693
32693
32693
32693
32693
32693
32693
32693
32693
32693
32693
32693
32693
32693
32692
32692
32692
32692
32692
32692
32692
32692
32692
32692
32692
32692
32692
32692
32692
32691
32691
32691
32692
32693
32692
32692
32692
32692
32692
32692
32692
32691
32691
32691
32691
32691
32691
32690
32690
32690
32690
32689
32689
32688
32688
32688
32688
32688
32687
32687
32687
32687
32687
32687
32687
32687
32687
32687
32687
32687
32687
32687
32686
32686
32686
32686
32686
32686
32686
32686
32686
32685
32685
32685
32685
32683
32683
32683
32683
32683
32682
32682
32681
32681
32681
32681
32681
32681
32681
32681
32681
32681
32681
32680
32680
32680
32680
32681
32681
32681
32681
32681
32681
32681
32681
32680
32680
32680
32681
32681
32680
32679
32679
32679
32678
32678
32678
32678
32678
32678
32677
32677
32677
32677
32677
32677
32677
32677
32677
32677
32676
32676
32675
32674
32674
32674
32674
32672
32672
32672
32672
32672
32672
32673
32673
32673
32673
32673
32673
32673
32673
32673
32672
32672
32672
32672
32672
32672
32671
32671
32671
32671
32671
32671
32671
32671
32672
32672
32672
32672
32672
32672
32672
32671
32671
32671
32671
32671
32671
32671
32671
32671
32671
32671
32671
32671
32671
32671
32671
32671
32672
32672
32672
32673
32673
32673
32673
32673
32673
32673
32673
32673
32673
32673
32673
32673
32673
32673
32673
32673
32671
32671
32671
32671
32671
32671
32671
32671
32671
32671
32671
32671
32671
32671
32671
32671
32671
32671
32671
32671
32669
32669
32669
32670
32670
32670
32670
32670
32670
32670
32670
32670
32670
32670
32670
32670
32670
32670
32670
32670
32670
32670
32670
32670
32670
32670
32670
32670
32670
32670
32670
32670
32669
32668
32668
32668
32668
32667
32667
32667
32667
32667
32667
32667
32666
32666
32666
32666
32666
32665
32664
32664
32664
32664
32664
32664
32662
32662
32662
32662
32660
32660
32660
32660
32660
32660
32660
32660
32660
32660
32660
32660
32660
32659
32659
32659
32659
32659
32659
32659
32659
32659
32659
32659
32660
32660
32660
32659
32659
32659
32659
32659
32659
32659
32659
32659
32659
32659
32658
32658
32658
32658
32658
32658
32658
32658
32658
32658
32658
32658
32658
32657
32657
32657
32657
32658
32658
32658
32659
32659
32659
32659
32659
32659
32659
32659
32659
32658
32658
32658
32658
32658
32658
32658
32658
32658
32659
32659
32659
32659
32659
32659
32659
32659
32659
32659
32659
32659
32659
32659
32659
32659
32659
32659
32659
32659
32659
32659
32658
32658
32657
32657
32657
32657
32657
32657
32655
32655
32654
32654
32654
32654
32654
32654
32654
32654
32654
32654
32654
32654
32654
32654
32654
32654
32654
32654
32654
32655
32655
32654
32654
32654
32654
32655
32655
32655
32656
32656
32655
32655
32654
32654
32654
32654
32654
32655
32655
32655
32655
32655
32655
32655
32655
32655
32655
32655
32655
32655
32655
32655
32655
32654
32653
32653
32653
32654
32654
32654
32654
32653
32653
32654
32654
32654
32654
32654
32654
32653
32653
32653
32653
32653
32654
32654
32654
32654
32654
32654
32654
32655
32655
32656
32656
32656
32656
32656
32656
32656
32656
32656
32656
32656
32656
32656
32655
32655
32655
32654
32654
32654
32654
32654
32654
32654
32654
32654
32655
32655
32655
32655
32655
32655
32655
32655
32655
32655
32654
32653
32652
32652
32652
32652
32652
32652
32652
32652
32652
32652
32652
32652
32652
32652
32652
32652
32652
32652
32653
32653
32653
32653
32653
32653
32653
32653
32653
32655
32655
32655
32655
32655
32654
32655
32655
32655
32655
32655
32655
32655
32655
32655
32655
32655
32655
32655
32655
32655
32655
32655
32655
32655
32655
32655
32655
32656
32656
32656
32656
32656
32656
32656
32656
32655
32655
32655
32655
32655
32655
32655
32655
32654
32654
32655
32655
32655
32655
32656
32656
32656
32656
32656
32656
32656
32655
32655
32655
32655
32655
32655
32655
32655
32655
32655
32654
32654
32654
32654
32655
32655
32655
32655
32654
32654
32654
32654
32654
32654
32653
32653
32653
32653
32653
32653
32653
32653
32653
32654
32654
32654
32654
32653
32654
32654
32653
32653
32652
32652
32652
32652
32652
32652
32652
32652
32652
32652
32652
32652
32651
32651
32651
32651
32651
32651
32651
32651
32648
32648
32649
32649
32649
32649
32649
32649
32649
32649
32649
32649
32648
32648
32648
32648
32648
32648
32648
32648
32648
32648
32649
32649
32649
32649
32649
32649
32649
32650
32649
32650
32650
32650
32650
32652
32652
32651
32649
32649
32649
32649
32649
32649
32649
32650
32650
32650
32650
32650
32650
32651
32651
32651
32651
32648
32648
32648
32648
32648
32648
32648
32647
32647
32647
32647
32644
32642
32642
32642
32643
32643
32643
32642
32642
32642
32643
32643
32643
32643
32643
32643
32643
32644
32644
32644
32644
32644
32644
32643
32643
32643
32643
32643
32643
32643
32643
32643
32643
32643
32642
32640
32640
32640
32640
32640
32640
32639
32639
32639
32639
32639
32638
32637
32637
32636
32636
32636
32635
32635
32635
32634
32634
32634
32634
32635
32635
32635
32635
32635
32635
32635
32635
32634
32634
32634
32634
32633
32633
32633
32633
32633
32634
32635
32634
32634
32634
32634
32634
32634
32634
32634
32634
32634
32634
32633
32634
32634
32634
32633
32633
32633
32633
32633
32633
32633
32633
32633
32633
32633
32634
32634
32634
32634
32634
32634
32633
32631
32631
32632
32632
32632
32632
32632
32632
32632
32632
32631
32631
32631
32631
32630
32630
32630
32630
32630
32631
32631
32631
32631
32631
32631
32631
32631
32631
32631
32630
32630
32629
32629
32629
32629
32629
32629
32629
32629
32629
32629
32629
32629
32629
32629
32629
32629
32629
32629
32629
32629
32628
32627
32627
32627
32627
32628
32628
32628
32628
32628
32628
32628
32628
32628
32628
32628
32628
32628
32628
32628
32628
32628
32628
32627
32627
32627
32627
32628
32628
32628
32628
32628
32628
32629
32628
32628
32628
32628
32628
32628
32628
32628
32628
32628
32628
32629
32629
32629
32629
32629
32629
32629
32629
32628
32628
32627
32627
32627
32627
32627
32627
32628
32628
32628
32628
32628
32628
32628
32628
32628
32628
32628
32628
32628
32628
32628
32628
32629
32629
32629
32629
32629
32629
32629
32629
32629
32629
32629
32629
32629
32629
32629
32628
32628
32628
32628
32628
32628
32628
32627
32627
32625
32625
32625
32625
32625
32623
32623
32623
32623
32623
32623
32623
32623
32623
32623
32623
32624
32624
32624
32624
32624
32624
32624
32624
32624
32624
32624
32624
32624
32624
32624
32624
32624
32624
32625
32625
32626
32626
32626
32626
32626
32626
32626
32626
32626
32626
32625
32625
32625
32625
32625
32625
32625
32624
32624
32624
32624
32624
32624
32624
32624
32624
32624
32623
32623
32623
32622
32622
32622
32622
32621
32621
32620
32620
32620
32620
32619
32619
32619
32619
32619
32619
32619
32619
32619
32619
32620
32620
32620
32619
32619
32619
32620
32620
32620
32620
32620
32619
32619
32619
32619
32619
32618
32618
32618
32618
32618
32618
32616
32616
32616
32616
32616
32616
32616
32616
32616
32616
32616
32616
32616
32616
32616
32616
32616
32615
32615
32615
32614
32614
32614
32614
32615
32615
32615
32615
32614
32614
32614
32612
32612
32612
32611
32610
32610
32610
32610
32610
32610
32610
32609
32609
32609
32609
32609
32609
32609
32609
32609
32609
32609
32609
32609
32609
32609
32609
32609
32609
32609
32609
32609
32609
32609
32610
32609
32609
32609
32610
32610
32610
32610
32610
32610
32610
32610
32610
32610
32609
32609
32609
32609
32609
32609
32609
32609
32609
32609
32608
32608
32608
32608
32608
32608
32608
32608
32608
32608
32607
32607
32607
32607
32607
32607
32607
32605
32605
32605
32604
32604
32604
32604
32604
32604
32604
32604
32605
32605
32605
32605
32605
32604
32604
32604
32604
32604
32604
32604
32603
32604
32604
32603
32603
32603
32603
32603
32602
32602
32602
32602
32602
32602
32601
32601
32601
32601
32601
32601
32601
32601
32601
32600
32601
32601
32601
32601
32601
32601
32601
32601
32601
32601
32601
32601
32601
32601
32601
32601
32601
32601
32601
32601
32601
32601
32601
32601
32601
32601
32601
32601
32601
32601
32601
32601
32601
32601
32601
32601
32601
32601
32602
32602
32602
32601
32601
32601
32600
32600
32600
32600
32600
32600
32600
32600
32601
32601
32601
32602
32603
32604
32605
32605
32605
32605
32606
32606
32606
32606
32606
32606
32606
32606
32606
32606
32606
32606
32606
32606
32606
32606
32606
32606
32606
32607
32608
32608
32608
32609
32609
32609
32609
32609
32609
32609
32609
32609
32609
32609
32609
32609
32609
32609
32609
32609
32609
32609
32608
32608
32607
32607
32606
32606
32606
32606
32606
32606
32606
32606
32607
32607
32607
32607
32607
32607
32607
32606
32606
32606
32606
32606
32606
32606
32606
32606
32606
32606
32606
32607
32607
32607
32607
32607
32607
32608
32608
32608
32608
32608
32608
32608
32608
32608
32608
32608
32608
32608
32608
32608
32608
32606
32606
32606
32605
32604
32604
32604
32604
32604
32604
32603
32603
32603
32603
32602
32602
32602
32602
32601
32601
32601
32601
32601
32601
32601
32601
32601
32601
32601
32601
32601
32601
32602
32602
32602
32602
32602
32602
32602
32602
32602
32602
32602
32602
32602
32602
32602
32602
32601
32601
32602
32602
32602
32602
32602
32602
32602
32602
32600
32600
32600
32600
32600
32600
32600
32600
32600
32599
32599
32599
32599
32599
32599
32598
32598
32598
32598
32598
32598
32598
32598
32598
32598
32598
32598
32598
32598
32598
32598
32598
32598
32600
32600
32600
32600
32599
32599
32599
32599
32600
32600
32600
32599
32599
32599
32599
32599
32597
32596
32596
32596
32596
32596
32595
32595
32595
32595
32595
32595
32595
32595
32594
32593
32593
32593
32593
32593
32593
32593
32593
32593
32593
32593
32593
32593
32593
32592
32592
32592
32592
32592
32592
32592
32592
32592
32592
32592
32591
32591
32591
32591
32591
32591
32591
32591
32591
32591
32591
32590
32590
32590
32590
32590
32590
32590
32589
32589
32590
32590
32590
32590
32591
32591
32591
32591
32591
32591
32591
32591
32591
32590
32590
32590
32590
32590
32590
32592
32592
32593
32593
32593
32593
32593
32593
32593
32593
32593
32593
32593
32592
32592
32592
32592
32592
32592
32592
32593
32593
32593
32593
32592
32592
32592
32591
32591
32591
32591
32591
32591
32591
32591
32591
32590
32590
32590
32590
32590
32590
32589
32589
32589
32590
32590
32590
32590
32590
32590
32590
32590
32590
32590
32590
32590
32590
32590
32589
32589
32589
32589
32587
32587
32587
32588
32588
32588
32588
32588
32589
32589
32589
32589
32589
32589
32589
32589
32589
32589
32589
32589
32589
32589
32589
32589
32589
32589
32589
32589
32589
32589
32589
32590
32590
32590
32590
32590
32590
32590
32590
32590
32589
32589
32587
32587
32587
32587
32587
32587
32587
32586
32586
32586
32586
32586
32586
32586
32586
32586
32586
32586
32587
32587
32587
32587
32587
32587
32587
32587
32587
32587
32587
32587
32585
32585
32585
32585
32585
32585
32585
32585
32585
32585
32585
32585
32585
32585
32585
32585
32586
32586
32586
32586
32587
32587
32587
32587
32587
32587
32587
32587
32587
32587
32587
32587
32587
32587
32587
32587
32587
32587
32587
32587
32587
32587
32587
32586
32586
32586
32585
32586
32586
32586
32586
32586
32586
32586
32587
32587
32587
32587
32587
32587
32587
32587
32587
32587
32587
32587
32587
32587
32588
32588
32588
32587
32587
32587
32587
32587
32586
32585
32585
32585
32585
32585
32584
32584
32584
32584
32584
32584
32585
32585
32585
32585
32585
32585
32585
32584
32584
32584
32584
32584
32584
32583
32583
32583
32583
32583
32583
32583
32583
32583
32583
32583
32583
32583
32583
32583
32583
32584
32584
32584
32585
32585
32585
32585
32586
32585
32585
32585
32585
32585
32585
32585
32585
32585
32585
32585
32585
32585
32584
32584
32584
32584
32584
32584
32584
32584
32584
32584
32584
32584
32583
32582
32581
32581
32581
32581
32581
32581
32581
32581
32581
32581
32581
32581
32580
32580
32580
32580
32580
32580
32580
32580
32580
32581
32580
32579
32579
32579
32579
32579
32579
32579
32579
32581
32580
32580
32579
32579
32579
32579
32579
32578
32578
32578
32578
32578
32578
32578
32578
32578
32578
32578
32578
32578
32578
32578
32578
32578
32578
32578
32578
32577
32577
32577
32577
32577
32576
32576
32576
32576
32576
32575
32575
32575
32575
32575
32575
32575
32575
32576
32576
32576
32577
32577
32577
32577
32576
32576
32576
32576
32576
32576
32577
32577
32577
32577
32577
32578
32578
32577
32577
32577
32577
32577
32577
32578
32578
32578
32578
32577
32577
32578
32578
32576
32576
32576
32576
32576
32576
32577
32577
32577
32577
32577
32577
32577
32577
32577
32577
32577
32577
32578
32578
32578
32578
32578
32578
32578
32579
32579
32579
32579
32580
32580
32580
32580
32580
32580
32580
32581
32581
32581
32581
32581
32581
32581
32581
32581
32581
32581
32581
32581
32581
32581
32581
32581
32581
32581
32581
32581
32580
32580
32580
32580
32580
32580
32580
32579
32579
32579
32579
32578
32578
32578
32578
32578
32578
32579
32579
32579
32579
32579
32579
32579
32579
32579
32579
32578
32578
32578
32578
32578
32578
32578
32578
32578
32578
32578
32578
32578
32578
32578
32578
32578
32578
32577
32577
32578
32578
32578
32578
32578
32578
32578
32578
32578
32578
32579
32579
32579
32579
32579
32579
32578
32578
32577
32577
32577
32577
32577
32577
32576
32576
32577
32577
32577
32577
32577
32577
32577
32577
32577
32577
32577
32577
32577
32577
32577
32577
32577
32577
32577
32577
32577
32578
32578
32578
32578
32578
32579
32579
32579
32579
32579
32579
32579
32579
32579
32578
32577
32579
32579
32579
32579
32579
32579
32579
32579
32578
32578
32578
32578
32578
32576
32576
32576
32576
32575
32575
32575
32575
32575
32575
32575
32576
32576
32576
32575
32575
32575
32575
32575
32575
32575
32575
32575
32575
32575
32575
32575
32575
32575
32575
32575
32575
32574
32574
32574
32574
32575
32575
32575
32573
32572
32572
32572
32571
32571
32571
32570
32570
32570
32570
32570
32570
32571
32571
32571
32570
32570
32570
32570
32570
32570
32570
32570
32570
32570
32570
32570
32570
32570
32569
32569
32569
32569
32569
32569
32569
32569
32569
32569
32569
32569
32569
32569
32569
32569
32569
32569
32568
32568
32568
32568
32568
32568
32568
32568
32568
32568
32568
32568
32568
32567
32567
32567
32567
32567
32567
32567
32567
32567
32567
32567
32567
32567
32567
32567
32567
32567
32567
32567
32567
32567
32567
32567
32567
32567
32566
32566
32566
32566
32566
32566
32566
32566
32566
32566
32566
32566
32566
32566
32565
32565
32565
32565
32565
32565
32565
32565
32564
32564
32565
32565
32565
32565
32565
32565
32565
32566
32566
32566
32566
32564
32564
32565
32565
32565
32565
32565
32565
32565
32565
32565
32565
32565
32565
32565
32564
32563
32563
32564
32564
32563
32562
32562
32562
32562
32562
32562
32562
32562
32562
32562
32562
32561
32561
32561
32560
32560
32559
32559
32558
32558
32558
32558
32558
32559
32559
32559
32559
32559
32559
32559
32559
32559
32559
32559
32559
32559
32558
32558
32558
32558
32558
32558
32558
32558
32557
32557
32557
32557
32557
32557
32557
32557
32557
32557
32556
32556
32556
32556
32556
32556
32557
32557
32557
32557
32557
32557
32557
32556
32556
32556
32554
32554
32554
32554
32553
32553
32553
32553
32553
32553
32553
32552
32552
32552
32552
32552
32552
32552
32552
32552
32553
32553
32553
32553
32553
32552
32552
32551
32549
32550
32549
32549
32549
32549
32549
32550
32550
32550
32550
32550
32550
32550
32550
32550
32550
32549
32549
32549
32549
32550
32552
32552
32551
32551
32550
32550
32550
32550
32551
32551
32550
32550
32550
32550
32550
32550
32550
32550
32551
32551
32551
32551
32551
32549
32549
32549
32550
32550
32550
32550
32550
32549
32549
32549
32549
32549
32549
32549
32549
32549
32550
32549
32549
32549
32549
32549
32548
32548
32548
32548
32548
32548
32548
32548
32549
32548
32546
32546
32546
32546
32545
32545
32545
32545
32545
32545
32545
32545
32545
32545
32545
32545
32544
32544
32543
32542
32542
32542
32542
32542
32542
32542
32542
32542
32542
32542
32542
32542
32542
32542
32542
32542
32542
32542
32542
32542
32542
32542
32542
32543
32544
32544
32544
32544
32544
32544
32544
32544
32544
32544
32544
32544
32544
32543
32543
32543
32543
32544
32544
32544
32544
32544
32544
32544
32544
32544
32544
32544
32544
32544
32543
32543
32543
32543
32543
32543
32543
32543
32543
32543
32543
32543
32543
32543
32543
32542
32542
32542
32542
32542
32542
32542
32542
32542
32542
32542
32542
32542
32542
32542
32542
32543
32543
32542
32541
32541
32541
32541
32541
32541
32541
32541
32541
32541
32541
32541
32541
32541
32542
32542
32542
32543
32543
32542
32542
32542
32542
32542
32542
32542
32541
32541
32541
32541
32541
32541
32542
32542
32542
32542
32542
32543
32543
32542
32542
32541
32541
32541
32541
32542
32541
32541
32541
32541
32541
32541
32541
32541
32541
32541
32542
32542
32542
32542
32542
32543
32543
32543
32543
32543
32543
32543
32543
32543
32543
32543
32543
32543
32543
32543
32543
32543
32544
32546
32546
32546
32546
32546
32546
32546
32546
32546
32546
32546
32546
32546
32546
32546
32546
32546
32546
32546
32546
32545
32545
32545
32545
32545
32545
32545
32544
32544
32544
32544
32544
32544
32544
32544
32544
32544
32545
32546
32546
32546
32546
32546
32546
32545
32545
32545
32544
32544
32544
32544
32544
32544
32544
32544
32544
32543
32543
32543
32543
32543
32543
32543
32543
32543
32543
32543
32543
32543
32543
32543
32543
32543
32543
32543
32543
32543
32543
32543
32543
32543
32543
32542
32542
32542
32542
32542
32540
32540
32540
32540
32540
32540
32538
32538
32538
32538
32538
32538
32538
32538
32539
32539
32539
32539
32538
32538
32538
32537
32537
32537
32537
32537
32537
32537
32537
32537
32538
32538
32538
32538
32538
32538
32538
32538
32538
32538
32538
32538
32538
32538
32538
32538
32537
32537
32537
32537
32537
32537
32537
32537
32537
32537
32537
32537
32537
32537
32537
32537
32537
32537
32537
32537
32537
32537
32535
32535
32535
32534
32534
32534
32534
32534
32534
32534
32534
32534
32534
32534
32534
32533
32533
32533
32533
32533
32533
32532
32532
32532
32532
32532
32532
32532
32533
32533
32533
32533
32534
32534
32535
32535
32535
32535
32535
32535
32535
32535
32535
32535
32535
32535
32535
32534
32534
32534
32534
32533
32533
32533
32533
32533
32533
32533
32533
32533
32533
32533
32533
32533
32533
32533
32533
32533
32533
32533
32533
32533
32533
32533
32533
32533
32532
32532
32533
32533
32534
32534
32534
32534
32534
32534
32534
32535
32535
32535
32535
32535
32535
32535
32535
32535
32535
32535
32535
32535
32535
32535
32534
32534
32534
32534
32534
32533
32533
32533
32533
32533
32533
32532
32533
32533
32533
32534
32532
32532
32532
32530
32530
32531
32531
32531
32531
32531
32531
32531
32530
32530
32530
32530
32530
32530
32530
32530
32530
32530
32531
32533
32532
32531
32531
32532
32532
32532
32532
32532
32532
32532
32532
32532
32530
32530
32530
32530
32530
32530
32530
32530
32530
32530
32530
32530
32530
32530
32530
32530
32530
32530
32531
32531
32531
32531
32531
32531
32530
32530
32530
32530
32530
32530
32531
32531
32531
32531
32531
32531
32531
32532
32532
32532
32533
32531
32531
32529
32529
32529
32529
32529
32529
32529
32529
32529
32529
32529
32529
32529
32529
32529
32529
32529
32529
32529
32529
32529
32529
32530
32530
32530
32530
32530
32529
32529
32528
32529
32530
32530
32530
32530
32530
32530
32530
32530
32530
32530
32530
32529
32529
32529
32529
32529
32529
32529
32529
32529
32529
32529
32529
32530
32530
32529
32529
32529
32530
32530
32530
32530
32530
32530
32530
32530
32530
32530
32530
32530
32530
32530
32530
32531
32531
32531
32531
32531
32530
32530
32530
32530
32530
32530
32528
32528
32528
32528
32528
32527
32526
32526
32525
32525
32525
32525
32525
32525
32525
32524
32524
32524
32524
32524
32524
32523
32523
32523
32523
32524
32523
32523
32523
32523
32523
32523
32523
32523
32523
32523
32524
32524
32524
32524
32524
32524
32523
32523
32523
32523
32523
32523
32523
32523
32523
32523
32523
32523
32523
32523
32523
32523
32522
32522
32522
32523
32524
32524
32524
32524
32524
32524
32524
32524
32524
32524
32524
32524
32523
32523
32523
32523
32523
32523
32523
32523
32523
32523
32521
32521
32521
32521
32521
32521
32521
32519
32519
32519
32519
32519
32519
32519
32518
32518
32518
32518
32518
32518
32518
32518
32518
32519
32519
32519
32519
32519
32520
32520
32519
32519
32519
32519
32518
32518
32518
32518
32518
32518
32518
32517
32517
32517
32517
32517
32517
32517
32517
32517
32517
32517
32517
32517
32517
32517
32516
32515
32515
32515
32515
32515
32515
32515
32515
32515
32515
32514
32514
32514
32514
32514
32514
32514
32514
32513
32513
32513
32512
32512
32512
32512
32512
32512
32512
32512
32512
32512
32512
32512
32512
32512
32512
32511
32511
32511
32511
32511
32510
32510
32510
32510
32510
32509
32509
32510
32510
32510
32510
32510
32510
32510
32510
32511
32511
32511
32511
32511
32510
32510
32510
32510
32510
32510
32510
32510
32510
32510
32510
32510
32510
32510
32510
32510
32510
32510
32510
32510
32508
32508
32508
32508
32507
32507
32506
32505
32505
32505
32505
32505
32505
32505
32505
32505
32505
32505
32505
32505
32505
32505
32505
32505
32505
32505
32504
32504
32504
32504
32504
32503
32503
32503
32503
32504
32504
32504
32504
32504
32504
32504
32504
32504
32504
32504
32504
32504
32504
32505
32505
32505
32505
32505
32505
32505
32505
32505
32505
32505
32505
32505
32505
32505
32505
32505
32505
32504
32504
32503
32503
32503
32503
32503
32503
32503
32503
32503
32503
32503
32503
32503
32503
32503
32503
32503
32503
32503
32503
32503
32503
32503
32503
32503
32503
32503
32503
32503
32503
32502
32502
32502
32502
32502
32502
32501
32501
32501
32501
32500
32500
32500
32500
32500
32500
32500
32500
32499
32499
32499
32499
32499
32499
32497
32497
32496
32496
32496
32496
32495
32495
32495
32494
32494
32494
32494
32494
32494
32493
32493
32492
32492
32492
32492
32492
32492
32492
32492
32492
32492
32491
32491
32491
32491
32493
32493
32491
32491
32491
32491
32491
32491
32491
32491
32491
32491
32491
32491
32491
32491
32491
32491
32492
32492
32492
32492
32492
32492
32492
32491
32491
32491
32491
32491
32491
32491
32491
32492
32492
32490
32490
32490
32490
32489
32489
32489
32490
32490
32490
32490
32490
32490
32490
32490
32490
32490
32490
32490
32490
32490
32489
32490
32490
32490
32490
32490
32490
32490
32490
32490
32490
32490
32490
32490
32490
32490
32490
32490
32490
32490
32490
32490
32491
32491
32490
32489
32489
32489
32489
32489
32489
32489
32488
32488
32488
32489
32489
32489
32489
32489
32489
32489
32489
32488
32488
32488
32488
32488
32488
32488
32488
32488
32488
32488
32488
32488
32488
32488
32488
32489
32489
32489
32488
32488
32488
32488
32488
32488
32488
32488
32488
32488
32489
32488
32488
32488
32487
32487
32487
32487
32487
32487
32487
32486
32486
32486
32486
32486
32486
32486
32486
32486
32486
32486
32485
32485
32485
32484
32484
32484
32484
32484
32484
32484
32484
32484
32484
32484
32484
32484
32483
32483
32482
32482
32482
32482
32482
32483
32483
32483
32483
32483
32483
32483
32483
32483
32482
32481
32481
32481
32481
32481
32481
32481
32481
32481
32481
32482
32481
32482
32482
32483
32483
32483
32484
32484
32484
32484
32483
32482
32482
32482
32482
32482
32482
32482
32482
32482
32482
32482
32482
32482
32481
32481
32481
32481
32481
32481
32481
32481
32481
32481
32481
32481
32481
32481
32481
32481
32481
32480
32480
32478
32478
32478
32478
32478
32478
32478
32478
32478
32478
32478
32478
32478
32478
32477
32477
32477
32477
32477
32477
32477
32477
32477
32477
32477
32477
32477
32477
32477
32477
32476
32476
32476
32476
32476
32476
32475
32475
32475
32475
32475
32475
32475
32475
32475
32475
32475
32475
32475
32475
32475
32475
32475
32475
32475
32474
32474
32474
32474
32474
32474
32474
32474
32474
32474
32474
32474
32474
32474
32474
32474
32474
32474
32474
32473
32473
32470
32470
32471
32471
32471
32471
32471
32471
32471
32471
32471
32470
32470
32470
32470
32470
32470
32469
32469
32469
32469
32469
32469
32469
32469
32469
32469
32468
32467
32467
32467
32467
32467
32468
32468
32467
32466
32466
32465
32465
32465
32465
32465
32465
32465
32465
32464
32464
32464
32464
32464
32463
32463
32463
32463
32463
32464
32464
32464
32464
32464
32464
32464
32464
32464
32464
32464
32464
32463
32463
32462
32462
32462
32463
32463
32462
32462
32462
32462
32462
32460
32460
32460
32460
32460
32460
32460
32459
32459
32459
32459
32459
32459
32459
32460
32460
32460
32459
32459
32461
32461
32461
32460
32460
32460
32460
32460
32460
32460
32460
32460
32460
32460
32460
32459
32458
32458
32458
32458
32458
32459
32459
32458
32457
32457
32457
32457
32457
32457
32457
32457
32456
32456
32456
32456
32456
32455
32455
32455
32455
32455
32455
32455
32455
32455
32455
32455
32455
32455
32455
32455
32455
32455
32455
32455
32455
32455
32455
32454
32454
32454
32454
32454
32454
32454
32454
32454
32454
32454
32454
32454
32454
32454
32454
32453
32453
32453
32453
32453
32453
32453
32453
32454
32454
32454
32454
32454
32454
32454
32454
32454
32454
32454
32453
32453
32453
32454
32454
32454
32454
32454
32454
32455
32455
32455
32455
32455
32455
32455
32455
32454
32453
32453
32453
32453
32453
32453
32453
32453
32453
32452
32452
32453
32453
32453
32453
32453
32453
32453
32453
32453
32453
32453
32453
32453
32453
32453
32453
32452
32453
32453
32453
32453
32453
32453
32453
32452
32451
32451
32451
32451
32450
32450
32450
32450
32450
32450
32450
32450
32450
32450
32450
32450
32450
32450
32450
32450
32450
32450
32450
32450
32450
32450
32450
32450
32449
32449
32449
32449
32449
32449
32449
32449
32449
32449
32449
32447
32447
32447
32447
32447
32447
32447
32447
32447
32447
32447
32446
32446
32446
32446
32446
32448
32448
32448
32447
32447
32447
32447
32447
32447
32447
32447
32447
32447
32447
32447
32447
32447
32447
32448
32448
32448
32448
32448
32448
32448
32448
32448
32447
32447
32447
32447
32447
32447
32447
32447
32447
32447
32447
32447
32447
32447
32447
32446
32446
32446
32446
32446
32447
32447
32446
32446
32446
32445
32445
32446
32446
32446
32446
32445
32445
32445
32445
32445
32445
32445
32445
32445
32445
32445
32445
32445
32445
32445
32444
32443
32443
32443
32443
32443
32443
32443
32443
32443
32443
32441
32440
32440
32439
32440
32440
32440
32441
32441
32441
32441
32441
32440
32440
32440
32440
32440
32440
32440
32440
32440
32439
32439
32439
32439
32439
32439
32440
32441
32441
32441
32441
32441
32441
32441
32441
32441
32441
32441
32442
32441
32441
32441
32441
32441
32442
32442
32442
32442
32441
32440
32440
32440
32440
32440
32440
32440
32441
32441
32441
32441
32441
32439
32438
32438
32438
32437
32437
32437
32437
32436
32435
32433
32433
32433
32433
32433
32433
32432
32432
32432
32433
32433
32433
32433
32433
32433
32433
32432
32432
32431
32430
32431
32431
32431
32431
32431
32431
32430
32430
32430
32430
32430
32430
32430
32430
32430
32430
32430
32430
32430
32430
32430
32431
32431
32430
32430
32429
32429
32429
32429
32429
32429
32428
32428
32428
32428
32428
32428
32428
32428
32428
32428
32427
32427
32427
32427
32427
32427
32428
32428
32428
32428
32428
32428
32428
32428
32428
32428
32429
32429
32429
32429
32429
32429
32431
32431
32431
32430
32430
32430
32430
32430
32430
32430
32430
32430
32428
32428
32428
32428
32429
32429
32429
32429
32429
32429
32429
32429
32429
32428
32428
32428
32428
32427
32426
32426
32426
32426
32426
32425
32425
32425
32425
32425
32425
32424
32425
32425
32425
32425
32425
32425
32425
32425
32426
32426
32426
32427
32427
32427
32427
32427
32427
32427
32427
32427
32427
32428
32428
32428
32428
32428
32428
32428
32428
32428
32427
32427
32425
32425
32424
32424
32424
32424
32424
32424
32424
32424
32424
32424
32425
32425
32425
32425
32425
32425
32425
32425
32425
32422
32422
32422
32422
32422
32422
32421
32421
32421
32421
32421
32421
32421
32421
32421
32421
32421
32420
32420
32420
32420
32420
32420
32420
32421
32421
32421
32421
32421
32421
32421
32421
32421
32421
32419
32419
32419
32419
32419
32419
32419
32419
32417
32417
32417
32417
32417
32417
32417
32417
32416
32416
32416
32416
32416
32416
32416
32416
32416
32415
32415
32415
32415
32415
32415
32415
32415
32415
32415
32415
32415
32415
32415
32415
32415
32415
32415
32415
32415
32415
32415
32414
32413
32413
32413
32412
32412
32412
32412
32412
32412
32411
32410
32410
32410
32410
32409
32409
32409
32409
32409
32409
32409
32409
32409
32409
32408
32408
32408
32408
32408
32408
32408
32408
32408
32408
32408
32408
32408
32408
32408
32408
32408
32408
32407
32407
32407
32406
32406
32406
32406
32406
32406
32406
32406
32407
32407
32407
32406
32406
32406
32405
32405
32405
32405
32405
32405
32405
32405
32405
32405
32405
32404
32404
32404
32404
32404
32403
32403
32403
32402
32402
32402
32404
32403
32403
32403
32403
32402
32402
32402
32402
32402
32402
32402
32402
32401
32401
32400
32400
32400
32399
32399
32399
32399
32399
32399
32399
32399
32399
32399
32399
32399
32398
32397
32397
32396
32395
32395
32395
32395
32395
32394
32394
32393
32393
32392
32392
32392
32392
32392
32392
32392
32392
32392
32392
32392
32391
32391
32391
32391
32391
32390
32390
32390
32391
32390
32390
32390
32389
32388
32388
32388
32388
32388
32388
32388
32389
32389
32389
32388
32389
32389
32389
32389
32389
32389
32389
32389
32389
32389
32389
32389
32389
32389
32389
32390
32390
32390
32390
32390
32390
32390
32390
32391
32391
32390
32390
32390
32389
32389
32389
32390
32389
32390
32390
32390
32389
32390
32389
32389
32389
32388
32388
32387
32386
32386
32386
32387
32387
32387
32387
32386
32386
32386
32386
32386
32386
32386
32386
32386
32386
32387
32386
32386
32386
32386
32386
32386
32386
32387
32388
32388
32387
32386
32386
32386
32386
32386
32386
32386
32386
32385
32385
32385
32385
32385
32385
32385
32385
32385
32385
32385
32385
32385
32385
32385
32385
32385
32385
32384
32384
32384
32384
32382
32382
32382
32382
32382
32381
32381
32381
32381
32381
32381
32382
32382
32381
32381
32381
32381
32381
32381
32381
32382
32382
32382
32382
32382
32381
32381
32381
32379
32380
32380
32380
32381
32382
32382
32382
32382
32382
32382
32381
32381
32381
32381
32381
32381
32381
32380
32380
32380
32380
32380
32380
32380
32379
32379
32379
32379
32379
32379
32379
32379
32379
32379
32379
32379
32379
32379
32378
32378
32378
32378
32378
32378
32378
32378
32378
32378
32378
32378
32378
32378
32377
32377
32377
32377
32376
32376
32376
32376
32375
32375
32375
32375
32375
32374
32374
32375
32375
32376
32376
32376
32376
32377
32376
32376
32376
32376
32376
32376
32376
32376
32376
32376
32375
32375
32375
32375
32375
32375
32375
32375
32375
32374
32374
32373
32373
32373
32373
32373
32373
32372
32372
32372
32372
32371
32371
32371
32371
32371
32371
32371
32371
32371
32371
32371
32371
32371
32371
32371
32371
32371
32371
32371
32371
32371
32371
32371
32371
32370
32370
32370
32370
32370
32370
32370
32370
32370
32370
32370
32370
32371
32371
32371
32371
32371
32371
32370
32370
32369
32369
32368
32368
32368
32368
32368
32368
32368
32368
32367
32367
32368
32368
32368
32368
32368
32368
32368
32368
32368
32368
32368
32366
32365
32365
32364
32363
32363
32363
32361
32361
32361
32361
32361
32360
32360
32360
32360
32360
32360
32360
32360
32360
32360
32361
32361
32361
32361
32361
32361
32360
32360
32360
32360
32360
32360
32360
32360
32360
32360
32359
32358
32358
32358
32358
32358
32358
32358
32358
32357
32357
32357
32356
32356
32356
32356
32357
32357
32357
32357
32356
32356
32356
32356
32356
32355
32355
32354
32354
32354
32354
32354
32353
32353
32354
32354
32354
32354
32353
32352
32352
32352
32352
32352
32352
32353
32353
32353
32353
32353
32353
32353
32353
32353
32353
32353
32353
32352
32353
32353
32353
32353
32353
32353
32353
32353
32353
32354
32354
32354
32354
32354
32354
32354
32354
32354
32354
32355
32353
32353
32353
32353
32353
32353
32353
32353
32353
32353
32353
32353
32353
32354
32354
32354
32354
32354
32353
32353
32353
32353
32352
32352
32352
32352
32352
32352
32352
32351
32350
32350
32350
32350
32350
32350
32350
32350
32350
32351
32351
32351
32351
32352
32352
32352
32352
32353
32352
32353
32352
32351
32352
32352
32352
32351
32351
32351
32351
32351
32351
32351
32351
32351
32351
32351
32351
32351
32350
32350
32350
32351
32350
32350
32350
32350
32350
32350
32350
32349
32349
32350
32350
32350
32350
32350
32350
32350
32350
32350
32350
32350
32350
32351
32351
32351
32351
32351
32350
32350
32349
32349
32348
32348
32348
32348
32348
32349
32349
32349
32349
32349
32349
32349
32349
32349
32349
32349
32349
32349
32347
32347
32347
32347
32347
32346
32346
32346
32346
32346
32346
32346
32346
32346
32346
32346
32346
32346
32346
32346
32347
32347
32347
32347
32347
32347
32347
32347
32348
32348
32348
32348
32347
32347
32347
32347
32346
32346
32346
32346
32346
32346
32346
32346
32345
32345
32345
32344
32344
32345
32345
32345
32345
32345
32345
32345
32345
32345
32345
32345
32345
32345
32345
32344
32342
32342
32341
32341
32341
32341
32341
32341
32341
32339
32339
32337
32337
32337
32337
32337
32337
32337
32337
32337
32337
32337
32337
32337
32337
32337
32337
32335
32335
32335
32335
32335
32334
32333
32333
32333
32333
32333
32333
32333
32333
32333
32333
32333
32333
32333
32333
32333
32333
32333
32333
32333
32333
32333
32333
32333
32333
32332
32332
32332
32331
32331
32331
32331
32331
32331
32330
32330
32330
32330
32330
32330
32330
32330
32330
32330
32330
32330
32330
32330
32329
32329
32329
32328
32327
32327
32327
32327
32327
32328
32328
32328
32328
32328
32328
32328
32328
32328
32328
32328
32328
32328
32328
32328
32328
32327
32326
32326
32327
32327
32327
32327
32327
32327
32327
32327
32327
32327
32327
32327
32327
32327
32326
32326
32326
32326
32326
32326
32326
32326
32326
32326
32326
32326
32325
32325
32324
32324
32324
32324
32324
32324
32325
32325
32325
32325
32325
32325
32325
32325
32325
32325
32325
32325
32325
32325
32325
32325
32325
32325
32325
32325
32325
32325
32325
32325
32325
32325
32325
32325
32326
32326
32327
32327
32327
32327
32326
32326
32327
32327
32327
32327
32327
32327
32327
32327
32327
32327
32327
32327
32327
32327
32327
32327
32327
32327
32327
32327
32327
32327
32327
32328
32328
32328
32328
32328
32328
32328
32328
32328
32328
32329
32329
32329
32329
32329
32329
32329
32329
32330
32330
32330
32330
32330
32330
32330
32331
32331
32331
32331
32331
32330
32330
32330
32330
32330
32330
32329
32329
32329
32327
32327
32327
32327
32327
32327
32327
32327
32327
32327
32327
32327
32326
32326
32326
32326
32326
32326
32326
32326
32324
32324
32323
32323
32323
32323
32323
32322
32322
32322
32322
32322
32322
32322
32322
32321
32320
32320
32320
32320
32320
32320
32320
32320
32320
32319
32319
32318
32318
32318
32318
32318
32318
32318
32317
32317
32318
32319
32319
32319
32320
32320
32320
32319
32319
32317
32318
32318
32318
32318
32319
32319
32319
32318
32318
32318
32318
32318
32318
32318
32318
32318
32318
32318
32318
32318
32318
32318
32318
32318
32318
32318
32318
32318
32318
32318
32318
32318
32318
32318
32317
32316
32316
32316
32315
32315
32314
32314
32314
32314
32314
32314
32314
32314
32314
32314
32314
32314
32314
32314
32314
32314
32314
32314
32314
32314
32314
32314
32313
32313
32313
32313
32313
32313
32313
32313
32313
32313
32313
32313
32313
32313
32314
32314
32314
32314
32314
32313
32313
32313
32313
32313
32312
32312
32312
32312
32312
32312
32312
32311
32311
32311
32311
32310
32310
32309
32309
32310
32310
32310
32310
32310
32310
32310
32310
32310
32309
32309
32309
32309
32309
32309
32309
32309
32309
32309
32309
32309
32309
32309
32309
32310
32310
32310
32310
32310
32310
32310
32310
32310
32310
32310
32310
32310
32310
32310
32310
32310
32311
32311
32311
32311
32311
32311
32311
32311
32312
32312
32312
32312
32312
32312
32312
32311
32311
32311
32310
32310
32310
32312
32313
32312
32312
32312
32311
32311
32311
32312
32312
32312
32312
32312
32312
32312
32312
32312
32312
32312
32311
32311
32311
32311
32311
32311
32311
32311
32311
32311
32311
32310
32309
32309
32308
32308
32308
32309
32309
32308
32308
32308
32308
32308
32309
32307
32307
32307
32307
32307
32306
32306
32305
32305
32305
32305
32304
32304
32304
32303
32303
32304
32303
32304
32304
32304
32304
32304
32304
32304
32304
32304
32304
32304
32304
32304
32304
32304
32303
32302
32302
32302
32302
32302
32302
32302
32300
32299
32299
32299
32299
32299
32299
32299
32299
32299
32299
32299
32299
32299
32298
32298
32298
32298
32298
32298
32298
32298
32296
32296
32296
32296
32295
32295
32295
32297
32297
32297
32297
32297
32297
32297
32297
32297
32297
32297
32298
32298
32297
32297
32297
32297
32297
32297
32297
32297
32297
32298
32298
32298
32298
32298
32298
32298
32298
32299
32299
32298
32297
32297
32297
32297
32297
32297
32297
32297
32297
32297
32297
32297
32297
32297
32297
32297
32297
32297
32297
32296
32296
32296
32296
32296
32296
32296
32296
32296
32295
32295
32295
32295
32295
32294
32294
32294
32294
32294
32294
32294
32294
32294
32294
32294
32295
32295
32295
32295
32295
32297
32297
32297
32297
32297
32297
32296
32295
32295
32295
32295
32295
32295
32295
32294
32294
32294
32294
32294
32294
32294
32294
32294
32294
32295
32295
32295
32295
32295
32295
32294
32295
32295
32295
32295
32295
32295
32295
32295
32295
32295
32295
32295
32295
32295
32295
32295
32295
32295
32295
32295
32295
32295
32295
32294
32294
32295
32295
32295
32295
32295
32295
32294
32294
32294
32294
32294
32294
32294
32294
32294
32293
32293
32292
32293
32293
32293
32293
32293
32293
32293
32293
32293
32293
32294
32295
32295
32295
32296
32295
32295
32295
32295
32295
32295
32295
32295
32294
32294
32294
32294
32294
32294
32294
32294
32294
32293
32293
32293
32293
32293
32293
32293
32293
32292
32292
32291
32291
32291
32291
32291
32291
32291
32291
32291
32292
32292
32291
32291
32290
32290
32290
32290
32290
32290
32292
32292
32292
32292
32292
32292
32292
32292
32292
32292
32291
32291
32291
32291
32291
32291
32291
32291
32291
32291
32291
32291
32291
32291
32292
32292
32293
32293
32293
32293
32293
32293
32293
32293
32293
32293
32292
32292
32292
32292
32293
32293
32293
32293
32293
32293
32293
32293
32293
32293
32294
32294
32294
32294
32294
32294
32295
32295
32295
32295
32294
32294
32294
32294
32294
32294
32294
32294
32294
32294
32294
32294
32294
32294
32294
32295
32295
32295
32295
32295
32295
32295
32295
32295
32295
32295
32295
32295
32295
32295
32295
32296
32296
32296
32296
32296
32295
32295
32295
32295
32295
32295
32295
32295
32295
32295
32295
32295
32296
32296
32296
32296
32296
32296
32296
32296
32296
32296
32296
32296
32296
32296
32295
32295
32295
32295
32295
32295
32295
32295
32295
32295
32295
32295
32295
32295
32295
32294
32294
32294
32294
32293
32293
32293
32293
32293
32291
32291
32291
32291
32291
32291
32291
32293
32293
32293
32293
32293
32293
32293
32294
32294
32294
32294
32293
32293
32293
32293
32293
32293
32293
32293
32293
32293
32293
32293
32293
32293
32293
32293
32293
32293
32293
32293
32292
32292
32292
32291
32291
32291
32291
32291
32291
32291
32291
32291
32291
32290
32289
32289
32289
32289
32288
32288
32288
32288
32288
32288
32288
32287
32287
32286
32286
32286
32286
32287
32287
32287
32287
32287
32286
32286
32286
32285
32286
32286
32286
32287
32287
32287
32287
32287
32287
32287
32288
32288
32288
32288
32287
32286
32286
32286
32286
32286
32286
32286
32284
32284
32284
32284
32284
32284
32284
32284
32284
32283
32283
32283
32283
32284
32284
32283
32283
32283
32283
32283
32283
32283
32283
32283
32283
32283
32282
32282
32282
32282
32282
32282
32281
32282
32282
32282
32282
32282
32282
32282
32282
32282
32282
32282
32282
32281
32281
32281
32281
32281
32282
32282
32281
32281
32281
32281
32281
32281
32282
32282
32282
32282
32282
32282
32282
32281
32281
32281
32281
32281
32281
32281
32281
32282
32282
32282
32282
32282
32282
32282
32283
32283
32284
32284
32284
32284
32284
32284
32284
32283
32283
32283
32284
32284
32283
32283
32282
32282
32282
32282
32283
32283
32283
32282
32282
32282
32282
32283
32283
32283
32282
32282
32282
32283
32283
32284
32284
32284
32284
32284
32284
32284
32284
32284
32284
32284
32283
32283
32283
32284
32283
32283
32283
32283
32283
32283
32283
32283
32283
32283
32283
32283
32283
32283
32282
32281
32281
32281
32281
32281
32280
32280
32280
32280
32280
32280
32280
32280
32280
32280
32278
32278
32278
32278
32277
32277
32277
32277
32277
32273
32273
32273
32273
32273
32273
32273
32273
32273
32273
32272
32272
32273
32273
32273
32273
32273
32273
32273
32273
32272
32272
32272
32271
32271
32271
32271
32271
32271
32271
32271
32271
32271
32271
32271
32271
32271
32271
32271
32270
32270
32270
32270
32270
32270
32270
32270
32270
32269
32269
32269
32269
32269
32269
32269
32269
32270
32270
32270
32270
32269
32269
32270
32270
32270
32270
32270
32270
32270
32270
32269
32270
32270
32270
32270
32270
32270
32270
32270
32270
32270
32270
32270
32271
32269
32269
32269
32269
32269
32270
32270
32270
32270
32270
32270
32269
32269
32269
32269
32269
32269
32269
32269
32269
32269
32268
32268
32268
32268
32267
32267
32267
32267
32267
32267
32267
32267
32267
32267
32266
32266
32267
32267
32267
32268
32268
32269
32269
32269
32268
32268
32268
32268
32267
32267
32267
32267
32267
32267
32267
32267
32267
32266
32266
32266
32266
32266
32266
32266
32266
32265
32265
32265
32265
32265
32264
32264
32263
32263
32263
32263
32263
32264
32263
32263
32263
32263
32263
32263
32263
32263
32263
32263
32263
32263
32263
32262
32262
32262
32262
32262
32261
32261
32261
32261
32261
32260
32260
32260
32260
32260
32260
32260
32260
32260
32260
32260
32259
32259
32259
32257
32257
32256
32256
32256
32256
32256
32256
32256
32255
32255
32255
32255
32254
32254
32254
32254
32253
32253
32253
32253
32253
32253
32253
32253
32253
32253
32253
32253
32253
32253
32253
32253
32253
32252
32252
32252
32252
32251
32251
32251
32251
32251
32251
32252
32251
32251
32251
32251
32251
32251
32251
32251
32251
32251
32251
32251
32250
32250
32250
32250
32250
32250
32250
32251
32251
32250
32250
32250
32250
32250
32250
32250
32250
32250
32250
32250
32250
32250
32250
32250
32250
32250
32250
32249
32249
32249
32249
32249
32249
32249
32249
32249
32249
32249
32249
32250
32250
32250
32249
32249
32249
32249
32249
32249
32249
32249
32248
32248
32248
32248
32248
32248
32248
32249
32249
32249
32249
32249
32249
32249
32248
32248
32247
32248
32248
32249
32249
32249
32249
32249
32249
32249
32249
32249
32249
32249
32249
32249
32249
32248
32248
32248
32248
32248
32248
32248
32248
32248
32248
32248
32248
32248
32248
32246
32246
32246
32246
32246
32246
32247
32247
32247
32246
32246
32246
32247
32247
32247
32247
32247
32247
32247
32247
32247
32247
32247
32247
32247
32247
32247
32246
32246
32246
32246
32245
32245
32245
32245
32245
32245
32245
32244
32244
32244
32244
32244
32244
32243
32243
32244
32244
32244
32243
32243
32243
32243
32243
32243
32243
32243
32242
32242
32242
32242
32242
32242
32242
32242
32242
32242
32242
32241
32241
32241
32240
32240
32240
32240
32239
32239
32239
32239
32239
32238
32238
32238
32238
32238
32238
32238
32238
32238
32238
32237
32237
32237
32237
32237
32237
32236
32236
32236
32236
32236
32236
32236
32236
32236
32235
32235
32235
32235
32235
32235
32235
32235
32235
32235
32235
32235
32235
32235
32235
32235
32235
32235
32235
32235
32234
32234
32233
32233
32232
32231
32231
32231
32231
32231
32231
32231
32230
32230
32230
32230
32230
32231
32231
32231
32231
32231
32231
32231
32231
32231
32231
32231
32231
32231
32232
32232
32232
32232
32232
32232
32232
32232
32232
32231
32231
32232
32232
32232
32232
32232
32232
32232
32232
32232
32232
32232
32232
32231
32231
32231
32231
32231
32231
32231
32231
32231
32231
32231
32231
32232
32232
32232
32232
32232
32231
32230
32230
32230
32230
32231
32231
32231
32231
32231
32231
32231
32231
32230
32230
32230
32230
32229
32229
32230
32230
32230
32228
32228
32228
32228
32228
32227
32227
32227
32228
32228
32228
32228
32228
32228
32226
32227
32227
32227
32227
32227
32227
32226
32226
32226
32226
32226
32226
32226
32226
32225
32225
32225
32225
32225
32225
32225
32225
32225
32224
32225
32225
32225
32225
32225
32225
32225
32225
32225
32225
32225
32225
32225
32225
32224
32224
32224
32224
32224
32225
32225
32225
32224
32223
32222
32222
32222
32222
32222
32221
32221
32221
32221
32221
32221
32221
32219
32219
32219
32219
32219
32219
32219
32219
32219
32219
32219
32219
32219
32219
32219
32218
32218
32218
32218
32218
32218
32219
32219
32218
32216
32216
32216
32214
32213
32213
32213
32213
32213
32213
32213
32213
32213
32213
32213
32213
32213
32213
32213
32213
32213
32213
32213
32213
32213
32214
32214
32212
32212
32213
32213
32213
32213
32213
32213
32213
32213
32213
32213
32213
32213
32213
32213
32213
32213
32213
32213
32213
32213
32213
32213
32213
32213
32213
32213
32213
32213
32213
32213
32213
32213
32213
32212
32212
32212
32212
32212
32212
32210
32211
32211
32211
32211
32211
32211
32210
32210
32210
32210
32210
32210
32210
32210
32209
32209
32209
32209
32209
32209
32209
32209
32209
32208
32208
32208
32207
32207
32207
32207
32207
32207
32207
32208
32208
32208
32208
32207
32207
32207
32206
32206
32206
32206
32206
32206
32206
32207
32207
32207
32207
32207
32206
32206
32206
32206
32205
32204
32203
32203
32203
32203
32203
32203
32203
32203
32203
32203
32202
32202
32202
32202
32202
32202
32202
32201
32200
32200
32200
32200
32199
32199
32200
32199
32198
32198
32198
32198
32198
32198
32198
32198
32198
32198
32197
32197
32197
32197
32197
32197
32197
32197
32197
32197
32197
32197
32197
32197
32197
32197
32197
32196
32196
32196
32196
32196
32196
32196
32197
32196
32196
32197
32197
32196
32196
32196
32196
32196
32196
32196
32196
32194
32194
32194
32193
32193
32193
32193
32192
32192
32192
32192
32192
32192
32192
32192
32192
32192
32192
32192
32192
32192
32192
32192
32192
32191
32191
32191
32191
32191
32190
32190
32190
32190
32191
32190
32190
32190
32190
32190
32190
32190
32190
32190
32189
32189
32189
32189
32189
32189
32189
32189
32189
32189
32189
32189
32189
32189
32189
32189
32189
32189
32189
32189
32189
32189
32187
32187
32187
32187
32187
32186
32186
32187
32187
32187
32187
32187
32187
32187
32187
32187
32185
32184
32184
32185
32184
32184
32184
32184
32183
32183
32183
32184
32184
32184
32184
32184
32183
32183
32183
32183
32183
32183
32183
32183
32183
32182
32182
32182
32182
32182
32180
32180
32180
32180
32180
32180
32180
32180
32180
32180
32179
32179
32179
32179
32178
32178
32178
32178
32178
32178
32178
32178
32178
32178
32178
32176
32173
32173
32173
32173
32173
32173
32173
32173
32173
32173
32173
32171
32171
32171
32170
32170
32169
32169
32169
32169
32169
32169
32169
32169
32170
32170
32170
32170
32170
32170
32171
32171
32171
32171
32170
32170
32169
32169
32169
32169
32169
32169
32171
32172
32172
32172
32171
32171
32171
32171
32171
32171
32171
32171
32171
32171
32171
32171
32171
32171
32171
32171
32170
32170
32170
32170
32170
32170
32170
32170
32170
32170
32169
32169
32168
32168
32168
32168
32168
32168
32168
32168
32168
32168
32168
32168
32167
32167
32167
32167
32167
32166
32166
32166
32165
32165
32165
32165
32164
32164
32164
32164
32164
32164
32163
32163
32163
32163
32163
32163
32162
32162
32162
32162
32162
32162
32162
32162
32162
32162
32162
32162
32162
32162
32162
32162
32163
32163
32163
32163
32163
32163
32163
32163
32163
32163
32163
32163
32163
32163
32163
32163
32163
32164
32164
32164
32164
32164
32164
32165
32165
32165
32165
32164
32163
32163
32163
32163
32163
32162
32162
32162
32162
32162
32162
32162
32162
32162
32162
32162
32162
32162
32162
32162
32162
32163
32163
32163
32163
32163
32163
32163
32163
32163
32165
32165
32165
32165
32165
32164
32164
32164
32164
32164
32164
32164
32164
32164
32164
32164
32164
32164
32164
32164
32164
32165
32165
32165
32165
32165
32165
32165
32164
32164
32164
32164
32164
32164
32164
32164
32164
32164
32164
32164
32164
32165
32164
32164
32163
32163
32163
32163
32162
32162
32162
32161
32161
32161
32161
32162
32162
32162
32162
32162
32162
32162
32162
32162
32162
32162
32162
32162
32162
32161
32161
32162
32162
32162
32162
32160
32160
32160
32160
32160
32159
32158
32158
32158
32159
32159
32160
32160
32161
32161
32161
32161
32160
32159
32159
32158
32158
32158
32158
32158
32158
32158
32158
32158
32158
32158
32158
32158
32158
32157
32157
32157
32157
32157
32157
32157
32157
32157
32157
32158
32157
32157
32157
32157
32157
32157
32155
32155
32155
32155
32154
32153
32153
32153
32153
32153
32154
32154
32154
32154
32153
32153
32153
32154
32154
32153
32153
32153
32152
32152
32152
32152
32152
32152
32152
32153
32153
32153
32153
32153
32154
32154
32155
32155
32155
32155
32155
32155
32155
32155
32155
32155
32155
32155
32156
32156
32156
32156
32155
32155
32155
32155
32155
32155
32155
32155
32155
32155
32155
32155
32155
32155
32155
32155
32155
32155
32155
32155
32155
32155
32155
32155
32155
32155
32154
32154
32153
32153
32153
32153
32153
32153
32153
32153
32152
32152
32152
32152
32152
32152
32152
32152
32152
32152
32152
32152
32152
32152
32152
32152
32151
32151
32151
32151
32151
32151
32151
32150
32150
32149
32149
32149
32149
32149
32150
32150
32150
32150
32150
32148
32149
32149
32149
32148
32148
32148
32148
32147
32147
32147
32147
32147
32147
32147
32147
32147
32147
32147
32147
32147
32147
32146
32146
32146
32146
32147
32146
32146
32146
32146
32146
32146
32146
32146
32146
32146
32148
32147
32147
32146
32146
32146
32146
32146
32146
32146
32146
32146
32146
32147
32147
32146
32146
32146
32146
32146
32146
32146
32145
32145
32145
32145
32146
32146
32145
32145
32145
32144
32144
32144
32144
32144
32144
32144
32143
32143
32143
32143
32143
32143
32143
32143
32143
32142
32142
32142
32142
32142
32141
32140
32138
32138
32138
32138
32138
32138
32138
32138
32138
32138
32138
32136
32136
32137
32137
32137
32137
32137
32138
32138
32138
32138
32137
32137
32137
32137
32137
32137
32136
32136
32135
32135
32135
32136
32136
32136
32136
32135
32135
32135
32135
32135
32135
32134
32134
32134
32134
32134
32134
32133
32133
32133
32133
32133
32133
32133
32132
32132
32132
32132
32131
32131
32132
32132
32132
32132
32132
32132
32132
32132
32132
32132
32131
32131
32131
32132
32132
32132
32132
32132
32132
32133
32133
32134
32134
32134
32134
32134
32134
32134
32134
32134
32133
32133
32133
32133
32133
32133
32133
32132
32132
32132
32132
32132
32132
32132
32131
32131
32131
32131
32131
32130
32131
32130
32130
32130
32130
32130
32130
32129
32129
32129
32128
32128
32128
32128
32127
32127
32127
32127
32127
32127
32127
32125
32124
32124
32124
32124
32123
32123
32123
32123
32123
32123
32123
32123
32123
32123
32123
32123
32123
32124
32124
32124
32124
32124
32123
32123
32124
32124
32124
32123
32122
32122
32122
32122
32121
32121
32121
32121
32121
32121
32120
32120
32120
32120
32119
32119
32119
32118
32118
32118
32118
32118
32117
32117
32117
32117
32117
32117
32117
32117
32117
32117
32117
32117
32116
32116
32115
32115
32115
32115
32115
32115
32115
32115
32115
32115
32115
32115
32115
32114
32114
32114
32114
32114
32115
32115
32115
32115
32115
32115
32115
32116
32116
32116
32116
32116
32116
32116
32116
32116
32116
32116
32116
32116
32116
32116
32116
32116
32116
32116
32116
32115
32115
32115
32115
32115
32115
32115
32115
32116
32116
32116
32116
32116
32116
32116
32116
32116
32116
32115
32115
32115
32114
32114
32114
32114
32114
32114
32114
32114
32114
32114
32114
32114
32113
32113
32113
32113
32113
32114
32114
32114
32114
32114
32113
32113
32113
32113
32113
32113
32114
32114
32114
32114
32113
32113
32113
32113
32113
32114
32113
32113
32113
32113
32113
32113
32113
32113
32113
32113
32113
32113
32113
32113
32113
32113
32113
32113
32113
32113
32114
32114
32114
32114
32114
32114
32114
32114
32114
32114
32114
32114
32114
32114
32114
32114
32114
32114
32114
32114
32114
32113
32112
32112
32112
32111
32111
32111
32111
32110
32110
32110
32110
32110
32110
32109
32109
32109
32109
32109
32109
32108
32108
32108
32108
32107
32107
32107
32108
32108
32108
32108
32108
32108
32108
32108
32108
32108
32108
32107
32107
32107
32107
32107
32107
32107
32107
32107
32107
32108
32108
32105
32105
32105
32105
32103
32103
32103
32103
32103
32103
32103
32103
32103
32103
32103
32103
32103
32103
32103
32103
32103
32103
32103
32103
32102
32102
32102
32102
32102
32102
32102
32102
32102
32102
32102
32102
32102
32102
32102
32102
32102
32102
32102
32101
32101
32101
32101
32102
32102
32102
32102
32102
32102
32102
32102
32102
32102
32102
32102
32102
32102
32102
32102
32102
32101
32100
32100
32100
32100
32099
32099
32098
32097
32097
32097
32097
32097
32097
32097
32097
32097
32097
32097
32097
32097
32097
32097
32097
32097
32097
32097
32097
32097
32097
32097
32097
32097
32096
32095
32095
32095
32095
32095
32095
32095
32095
32095
32095
32095
32094
32093
32093
32093
32094
32094
32093
32093
32093
32093
32093
32093
32093
32093
32093
32093
32094
32094
32094
32094
32095
32095
32095
32095
32095
32095
32096
32096
32096
32095
32095
32095
32095
32095
32095
32095
32095
32095
32095
32095
32096
32096
32096
32096
32096
32096
32096
32096
32096
32096
32096
32096
32096
32096
32096
32096
32097
32097
32097
32097
32097
32096
32096
32096
32096
32096
32096
32097
32097
32097
32097
32097
32096
32096
32096
32096
32096
32095
32095
32095
32095
32094
32094
32094
32094
32094
32094
32094
32094
32094
32094
32093
32093
32093
32091
32091
32091
32091
32091
32091
32091
32090
32090
32090
32090
32090
32090
32090
32090
32090
32089
32089
32088
32087
32087
32087
32087
32087
32088
32087
32086
32086
32086
32086
32086
32086
32086
32086
32086
32086
32086
32086
32086
32086
32086
32086
32086
32086
32086
32086
32086
32086
32086
32086
32086
32086
32086
32085
32085
32085
32084
32084
32084
32084
32085
32085
32085
32085
32085
32084
32083
32083
32083
32083
32082
32082
32082
32082
32082
32082
32082
32082
32082
32082
32082
32082
32082
32082
32082
32082
32082
32082
32082
32082
32082
32082
32082
32083
32083
32082
32083
32083
32083
32083
32082
32081
32081
32081
32081
32081
32080
32080
32080
32079
32079
32079
32079
32079
32079
32079
32079
32079
32079
32078
32077
32077
32076
32076
32078
32078
32079
32078
32077
32077
32077
32077
32077
32075
32075
32075
32073
32073
32073
32073
32073
32073
32073
32073
32073
32073
32072
32072
32072
32072
32072
32072
32072
32072
32071
32071
32071
32071
32071
32071
32071
32071
32071
32071
32071
32071
32071
32071
32071
32071
32071
32071
32071
32071
32070
32070
32070
32069
32069
32069
32069
32069
32069
32069
32069
32069
32069
32069
32069
32069
32069
32069
32069
32070
32069
32069
32069
32069
32069
32069
32069
32069
32069
32069
32068
32068
32068
32068
32068
32068
32068
32068
32068
32068
32068
32068
32068
32068
32068
32068
32068
32068
32068
32068
32068
32068
32068
32068
32069
32069
32069
32069
32068
32068
32068
32068
32068
32068
32068
32068
32068
32068
32068
32068
32068
32068
32068
32068
32069
32069
32068
32067
32066
32066
32066
32066
32066
32066
32066
32066
32065
32065
32065
32065
32065
32065
32065
32065
32065
32065
32065
32065
32065
32066
32066
32067
32067
32067
32067
32066
32066
32065
32065
32065
32065
32065
32065
32065
32065
32064
32064
32064
32063
32063
32063
32063
32063
32064
32064
32064
32065
32065
32064
32064
32064
32064
32064
32064
32064
32064
32064
32062
32062
32062
32063
32063
32063
32063
32063
32063
32063
32064
32064
32064
32064
32064
32065
32065
32065
32065
32065
32065
32065
32065
32065
32065
32065
32065
32065
32066
32066
32068
32068
32068
32068
32068
32068
32068
32068
32068
32068
32068
32068
32068
32068
32068
32068
32067
32067
32067
32067
32066
32066
32066
32066
32065
32065
32065
32065
32065
32065
32065
32065
32064
32064
32064
32063
32063
32063
32063
32063
32063
32063
32063
32063
32063
32063
32063
32063
32063
32063
32063
32063
32062
32061
32061
32061
32060
32060
32060
32060
32060
32059
32058
32058
32058
32058
32058
32058
32058
32058
32058
32058
32058
32057
32057
32057
32057
32057
32057
32057
32057
32056
32056
32056
32056
32056
32056
32056
32056
32053
32053
32051
32052
32051
32051
32051
32051
32051
32051
32051
32051
32050
32050
32050
32050
32050
32050
32050
32049
32049
32049
32050
32050
32050
32050
32050
32050
32050
32050
32050
32051
32051
32051
32051
32051
32051
32051
32051
32051
32051
32051
32051
32051
32051
32050
32050
32050
32050
32050
32050
32050
32048
32048
32048
32049
32049
32048
32048
32048
32048
32048
32048
32049
32049
32049
32049
32048
32047
32047
32047
32047
32047
32047
32047
32047
32047
32047
32045
32045
32045
32045
32045
32045
32045
32041
32041
32041
32041
32041
32041
32041
32042
32040
32040
32040
32040
32040
32040
32040
32040
32040
32039
32039
32039
32039
32039
32039
32039
32039
32039
32039
32039
32039
32039
32039
32039
32039
32039
32039
32040
32040
32040
32040
32040
32040
32040
32040
32040
32040
32040
32040
32040
32041
32041
32041
32041
32041
32040
32040
32040
32039
32039
32039
32039
32039
32039
32039
32039
32039
32039
32039
32039
32039
32040
32040
32040
32040
32040
32041
32041
32041
32041
32041
32041
32041
32041
32041
32041
32040
32040
32040
32040
32040
32041
32041
32041
32041
32041
32041
32041
32041
32041
32041
32041
32041
32041
32041
32041
32041
32041
32041
32041
32040
32040
32040
32039
32040
32040
32040
32040
32041
32041
32041
32041
32041
32041
32041
32041
32041
32041
32041
32041
32041
32041
32041
32041
32041
32041
32041
32041
32041
32041
32039
32039
32039
32039
32038
32038
32038
32038
32039
32039
32039
32038
32038
32038
32038
32038
32038
32038
32038
32038
32038
32038
32038
32038
32038
32038
32038
32038
32037
32037
32037
32037
32037
32036
32036
32037
32036
32036
32037
32036
32036
32036
32037
32037
32037
32037
32038
32038
32038
32037
32037
32037
32037
32037
32037
32037
32037
32037
32037
32037
32036
32036
32036
32036
32034
32034
32034
32034
32034
32034
32034
32034
32032
32032
32033
32033
32033
32033
32033
32033
32033
32033
32033
32033
32033
32033
32034
32034
32034
32032
32032
32032
32032
32032
32032
32032
32032
32032
32032
32031
32031
32031
32031
32031
32031
32031
32031
32030
32030
32029
32029
32029
32029
32029
32029
32029
32029
32029
32028
32028
32028
32028
32028
32027
32027
32027
32027
32029
32029
32029
32029
32029
32029
32029
32029
32029
32029
32029
32029
32028
32028
32028
32028
32029
32029
32029
32029
32029
32029
32029
32029
32029
32030
32030
32030
32030
32030
32030
32030
32029
32029
32029
32029
32029
32029
32028
32029
32030
32030
32030
32030
32030
32030
32031
32031
32031
32031
32031
32031
32031
32031
32030
32030
32030
32030
32030
32030
32030
32030
32030
32030
32030
32030
32030
32030
32030
32030
32030
32030
32030
32029
32029
32029
32029
32029
32029
32029
32029
32029
32029
32028
32028
32028
32028
32028
32028
32028
32028
32028
32028
32028
32028
32028
32028
32028
32028
32028
32028
32028
32028
32028
32028
32028
32028
32028
32028
32028
32028
32028
32029
32029
32029
32029
32029
32029
32029
32029
32029
32029
32029
32029
32029
32029
32029
32029
32029
32029
32029
32029
32029
32030
32030
32030
32030
32029
32029
32029
32029
32029
32028
32028
32028
32028
32028
32028
32028
32028
32027
32027
32025
32025
32025
32025
32025
32025
32025
32025
32025
32025
32025
32025
32025
32025
32025
32026
32026
32026
32026
32026
32027
32027
32027
32027
32027
32027
32027
32027
32027
32027
32027
32027
32027
32027
32026
32027
32027
32025
32025
32025
32024
32024
32024
32024
32024
32024
32024
32024
32024
32024
32024
32024
32024
32024
32024
32024
32025
32025
32025
32025
32025
32024
32024
32024
32023
32023
32023
32023
32023
32023
32023
32023
32024
32024
32025
32025
32025
32025
32025
32024
32024
32024
32024
32024
32024
32024
32024
32024
32024
32023
32023
32023
32022
32022
32022
32022
32022
32022
32022
32022
32021
32020
32021
32021
32021
32021
32021
32021
32022
32021
32021
32021
32021
32021
32021
32021
32022
32022
32022
32022
32021
32021
32021
32021
32021
32020
32020
32019
32018
32018
32018
32018
32018
32017
32017
32017
32017
32017
32017
32017
32017
32018
32017
32017
32017
32017
32017
32017
32017
32017
32017
32017
32017
32017
32018
32018
32018
32018
32018
32018
32018
32018
32018
32018
32018
32018
32018
32018
32018
32018
32018
32018
32018
32017
32015
32015
32016
32016
32016
32016
32016
32016
32015
32015
32015
32015
32015
32015
32015
32015
32014
32014
32014
32014
32014
32015
32015
32015
32015
32015
32015
32015
32015
32015
32016
32016
32016
32016
32016
32016
32015
32014
32014
32014
32014
32014
32014
32014
32014
32014
32014
32014
32014
32014
32015
32015
32015
32013
32012
32012
32012
32012
32012
32013
32013
32013
32013
32013
32013
32013
32013
32013
32013
32013
32013
32013
32013
32013
32013
32013
32013
32013
32013
32013
32014
32014
32014
32014
32014
32014
32013
32012
32011
32011
32011
32011
32011
32011
32011
32011
32010
32010
32010
32010
32010
32010
32010
32010
32010
32010
32010
32010
32010
32009
32008
32008
32008
32008
32008
32008
32008
32007
32007
32007
32007
32006
32006
32006
32006
32005
32005
32005
32005
32005
32005
32004
32004
32004
32004
32004
32003
32003
32003
32003
32003
32003
32003
32003
32004
32004
32004
32003
32003
32003
32003
32003
32003
32003
32003
32003
32003
32003
32004
32004
32004
32003
32003
32003
32003
32003
32003
32003
32003
32003
32003
32003
32003
32003
32003
32004
32004
32004
32004
32004
32004
32004
32004
32004
32005
32005
32005
32006
32006
32006
32006
32006
32006
32006
32006
32006
32006
32006
32006
32004
32004
32004
32004
32004
32004
32004
32004
32004
32004
32004
32004
32004
32004
32004
32004
32004
32004
32004
32005
32004
32004
32005
32005
32005
32005
32005
32005
32005
32005
32005
32005
32005
32005
32005
32006
32006
32006
32006
32006
32006
32006
32006
32006
32006
32006
32006
32006
32005
32006
32006
32007
32007
32007
32007
32007
32007
32007
32007
32005
32004
32004
32004
32004
32004
32004
32005
32005
32005
32005
32005
32005
32005
32005
32003
32003
32003
32003
32003
32003
32003
32003
32003
32003
32003
31999
31999
31999
31998
31997
31997
31997
31997
31998
31998
31997
31996
31996
31996
31994
31994
31994
31994
31994
31993
31993
31993
31993
31993
31993
31993
31993
31993
31993
31993
31992
31992
31992
31992
31992
31992
31992
31992
31992
31992
31990
31991
31991
31991
31991
31989
31989
31989
31989
31989
31989
31989
31989
31989
31989
31989
31989
31989
31989
31989
31989
31989
31988
31988
31986
31986
31986
31985
31985
31984
31984
31984
31985
31985
31985
31985
31985
31985
31985
31985
31985
31984
31985
31985
31985
31984
31984
31982
31982
31982
31982
31982
31982
31982
31982
31982
31982
31982
31982
31982
31982
31982
31982
31982
31981
31981
31981
31981
31981
31981
31981
31981
31980
31980
31980
31980
31980
31980
31980
31980
31980
31980
31980
31979
31979
31979
31979
31979
31979
31979
31979
31979
31978
31977
31977
31977
31978
31978
31977
31977
31977
31977
31976
31976
31977
31976
31975
31974
31975
31975
31975
31975
31975
31975
31975
31974
31975
31975
31975
31974
31974
31974
31974
31974
31974
31974
31974
31974
31974
31974
31974
31974
31973
31972
31972
31971
31971
31970
31969
31969
31969
31969
31969
31969
31969
31969
31969
31969
31969
31969
31969
31969
31969
31969
31969
31969
31969
31969
31969
31969
31969
31969
31970
31970
31971
31971
31971
31971
31970
31970
31970
31970
31970
31970
31970
31970
31969
31968
31968
31968
31968
31968
31968
31968
31968
31968
31968
31968
31968
31968
31968
31969
31967
31967
31969
31969
31969
31969
31969
31968
31968
31968
31968
31968
31968
31968
31967
31967
31966
31965
31965
31965
31965
31965
31965
31965
31965
31965
31965
31965
31965
31966
31966
31966
31966
31966
31966
31966
31966
31966
31966
31966
31966
31966
31965
31965
31965
31966
31966
31966
31966
31966
31966
31966
31965
31964
31964
31963
31963
31963
31963
31963
31963
31963
31963
31963
31963
31963
31963
31963
31963
31963
31963
31963
31963
31963
31962
31962
31962
31962
31963
31963
31963
31963
31963
31963
31963
31963
31961
31961
31961
31961
31961
31961
31961
31961
31961
31960
31960
31960
31958
31958
31957
31957
31957
31957
31956
31956
31956
31956
31956
31956
31956
31955
31955
31955
31955
31955
31955
31955
31955
31955
31955
31955
31955
31955
31955
31955
31955
31955
31955
31955
31955
31955
31955
31955
31955
31955
31955
31955
31955
31956
31954
31954
31954
31954
31954
31954
31954
31954
31954
31954
31954
31954
31954
31953
31953
31953
31953
31953
31953
31954
31954
31954
31954
31954
31954
31954
31954
31953
31952
31952
31952
31952
31952
31952
31952
31952
31952
31952
31952
31951
31951
31951
31951
31951
31951
31952
31952
31952
31952
31952
31952
31952
31952
31952
31952
31952
31952
31952
31951
31951
31951
31951
31951
31952
31951
31951
31951
31951
31951
31952
31952
31953
31953
31953
31953
31953
31953
31953
31953
31952
31952
31952
31952
31952
31952
31952
31952
31952
31952
31952
31952
31954
31954
31954
31954
31954
31954
31954
31954
31954
31954
31954
31954
31954
31954
31954
31954
31954
31954
31954
31954
31954
31954
31954
31954
31953
31953
31954
31954
31954
31954
31954
31954
31953
31953
31953
31953
31953
31952
31952
31952
31951
31951
31950
31950
31950
31950
31950
31950
31949
31949
31949
31949
31949
31949
31949
31949
31949
31950
31949
31948
31948
31947
31947
31947
31947
31947
31947
31947
31947
31947
31947
31947
31947
31947
31946
31946
31946
31946
31946
31946
31946
31946
31946
31946
31946
31946
31945
31945
31945
31945
31945
31945
31945
31945
31945
31946
31946
31946
31946
31946
31945
31945
31945
31944
31945
31945
31945
31945
31945
31945
31945
31945
31945
31945
31945
31945
31945
31945
31945
31945
31945
31945
31945
31945
31945
31945
31945
31945
31945
31946
31947
31947
31948
31948
31948
31948
31948
31948
31948
31948
31948
31948
31948
31948
31948
31948
31947
31947
31946
31946
31946
31946
31946
31946
31946
31946
31946
31946
31946
31946
31947
31946
31946
31946
31945
31945
31945
31945
31944
31944
31943
31943
31943
31943
31943
31943
31943
31943
31943
31942
31942
31942
31942
31942
31942
31942
31942
31942
31942
31942
31942
31942
31942
31942
31942
31942
31942
31942
31942
31942
31942
31942
31942
31942
31942
31942
31942
31942
31942
31942
31942
31942
31942
31940
31940
31938
31938
31938
31938
31938
31938
31938
31938
31937
31937
31937
31937
31937
31937
31937
31935
31935
31935
31935
31936
31936
31936
31936
31936
31936
31935
31935
31934
31934
31934
31934
31934
31934
31934
31934
31934
31934
31934
31934
31935
31934
31935
31935
31935
31935
31935
31935
31936
31936
31936
31936
31936
31936
31936
31936
31936
31936
31936
31936
31936
31935
31935
31935
31935
31935
31935
31935
31935
31935
31935
31935
31935
31935
31935
31935
31935
31935
31935
31934
31934
31934
31934
31934
31934
31935
31935
31935
31935
31935
31934
31934
31934
31934
31934
31934
31934
31934
31933
31933
31933
31933
31933
31933
31933
31933
31933
31933
31932
31932
31932
31932
31932
31932
31932
31932
31932
31932
31932
31932
31932
31932
31932
31932
31932
31932
31932
31932
31933
31932
31932
31932
31932
31932
31932
31932
31932
31932
31932
31932
31932
31932
31932
31932
31932
31932
31931
31930
31930
31930
31930
31931
31931
31931
31931
31930
31930
31930
31930
31930
31930
31930
31930
31930
31930
31930
31930
31930
31929
31929
31929
31929
31929
31929
31929
31929
31929
31929
31929
31929
31929
31929
31929
31929
31929
31929
31926
31926
31926
31926
31926
31926
31925
31925
31925
31925
31925
31925
31925
31925
31925
31925
31925
31925
31925
31926
31926
31926
31926
31926
31926
31926
31926
31926
31926
31926
31926
31926
31926
31926
31926
31926
31926
31926
31926
31926
31926
31926
31926
31926
31926
31926
31926
31925
31925
31925
31925
31925
31925
31925
31925
31925
31925
31925
31925
31925
31925
31925
31925
31925
31925
31924
31924
31924
31924
31924
31924
31924
31924
31924
31924
31924
31924
31924
31924
31924
31924
31924
31924
31924
31924
31924
31924
31923
31923
31923
31923
31923
31923
31923
31923
31923
31922
31922
31922
31922
31922
31922
31922
31922
31922
31922
31923
31923
31923
31923
31923
31923
31922
31921
31921
31921
31921
31921
31921
31921
31921
31921
31921
31918
31918
31918
31918
31918
31918
31917
31917
31917
31917
31917
31917
31917
31917
31917
31917
31917
31917
31917
31916
31916
31915
31915
31915
31915
31914
31914
31914
31914
31914
31914
31915
31915
31916
31915
31915
31915
31915
31915
31915
31915
31915
31915
31915
31915
31915
31915
31915
31915
31915
31915
31915
31915
31915
31915
31915
31915
31915
31915
31915
31915
31915
31915
31915
31915
31915
31915
31915
31915
31915
31915
31915
31915
31915
31915
31915
31916
31917
31917
31915
31915
31915
31914
31914
31914
31915
31915
31915
31914
31914
31914
31913
31913
31913
31913
31914
31915
31915
31915
31915
31915
31915
31915
31915
31915
31915
31915
31915
31915
31915
31915
31914
31914
31914
31914
31914
31914
31914
31914
31914
31914
31914
31914
31914
31914
31914
31913
31913
31914
31914
31914
31914
31914
31913
31913
31914
31914
31914
31914
31914
31913
31913
31913
31913
31913
31913
31913
31913
31913
31913
31913
31913
31913
31913
31912
31912
31912
31912
31912
31912
31912
31912
31912
31912
31912
31912
31911
31911
31911
31911
31911
31911
31911
31911
31911
31910
31910
31910
31910
31910
31910
31910
31910
31910
31910
31910
31910
31910
31910
31910
31910
31910
31909
31910
31910
31910
31910
31910
31910
31909
31909
31909
31908
31908
31908
31908
31908
31908
31908
31908
31908
31908
31908
31907
31907
31907
31907
31907
31907
31907
31907
31907
31907
31907
31907
31907
31905
31904
31904
31904
31904
31904
31904
31904
31904
31906
31906
31906
31906
31906
31906
31906
31905
31905
31905
31905
31904
31904
31904
31904
31904
31904
31904
31904
31903
31903
31903
31903
31903
31903
31903
31903
31903
31904
31904
31904
31904
31904
31904
31904
31903
31903
31903
31903
31903
31902
31902
31902
31902
31902
31902
31902
31901
31901
31901
31901
31901
31901
31902
31902
31902
31902
31902
31902
31902
31902
31902
31902
31902
31902
31902
31902
31902
31902
31902
31902
31902
31902
31902
31902
31902
31902
31902
31902
31901
31899
31899
31899
31899
31899
31899
31899
31899
31899
31899
31899
31899
31899
31899
31899
31899
31898
31898
31898
31899
31899
31898
31898
31897
31897
31897
31897
31897
31897
31897
31897
31897
31897
31897
31897
31897
31896
31896
31896
31896
31896
31896
31896
31896
31896
31897
31897
31897
31896
31896
31896
31896
31896
31894
31894
31895
31895
31895
31895
31895
31895
31894
31894
31895
31895
31895
31895
31895
31893
31891
31891
31890
31890
31890
31890
31889
31889
31889
31889
31890
31890
31890
31890
31890
31889
31888
31888
31888
31888
31888
31887
31887
31887
31887
31887
31885
31885
31885
31884
31884
31885
31884
31884
31884
31884
31885
31885
31885
31885
31885
31885
31885
31885
31885
31885
31885
31885
31885
31885
31885
31885
31884
31883
31883
31883
31883
31883
31883
31883
31883
31883
31883
31883
31883
31883
31883
31883
31883
31883
31883
31883
31883
31882
31883
31883
31883
31883
31883
31883
31883
31883
31883
31884
31884
31884
31884
31885
31885
31885
31885
31884
31884
31884
31884
31884
31884
31884
31884
31884
31884
31884
31884
31885
31885
31885
31885
31884
31884
31884
31883
31883
31883
31883
31883
31883
31883
31883
31883
31883
31884
31884
31884
31884
31884
31884
31884
31884
31884
31883
31883
31883
31883
31882
31882
31882
31882
31882
31882
31882
31882
31882
31882
31882
31882
31882
31882
31882
31882
31883
31883
31882
31882
31882
31882
31882
31882
31881
31881
31881
31881
31881
31882
31881
31881
31881
31881
31881
31882
31881
31881
31881
31881
31883
31883
31883
31883
31883
31883
31883
31883
31883
31883
31883
31883
31883
31883
31884
31884
31884
31884
31884
31884
31884
31884
31883
31883
31884
31884
31884
31884
31883
31883
31883
31883
31883
31883
31883
31883
31884
31884
31882
31882
31882
31882
31882
31882
31882
31882
31882
31882
31882
31882
31883
31883
31882
31882
31881
31881
31881
31881
31881
31881
31881
31881
31881
31880
31880
31880
31880
31880
31880
31880
31880
31880
31880
31880
31880
31880
31880
31880
31880
31880
31882
31882
31883
31883
31883
31883
31883
31883
31883
31882
31882
31882
31882
31881
31881
31881
31881
31881
31880
31881
31881
31880
31880
31880
31880
31880
31880
31880
31880
31880
31881
31881
31881
31881
31881
31881
31881
31881
31881
31881
31881
31881
31881
31881
31881
31881
31881
31881
31882
31882
31882
31882
31882
31882
31882
31882
31882
31881
31880
31880
31880
31880
31880
31880
31880
31880
31880
31879
31879
31879
31879
31879
31879
31879
31879
31880
31880
31879
31879
31879
31879
31879
31878
31878
31877
31878
31878
31878
31878
31878
31878
31878
31878
31878
31878
31878
31878
31878
31878
31879
31879
31879
31879
31879
31879
31879
31879
31879
31879
31879
31878
31878
31878
31878
31878
31878
31878
31878
31878
31878
31879
31879
31879
31879
31879
31879
31879
31879
31879
31879
31879
31879
31878
31880
31880
31881
31880
31880
31880
31880
31880
31880
31881
31881
31881
31881
31881
31881
31882
31882
31882
31881
31881
31881
31881
31880
31880
31880
31880
31880
31880
31880
31880
31880
31880
31880
31880
31879
31879
31879
31879
31879
31879
31878
31879
31879
31880
31881
31881
31881
31881
31881
31881
31880
31880
31880
31880
31880
31880
31880
31879
31878
31878
31878
31878
31878
31878
31878
31878
31878
31878
31878
31878
31878
31878
31877
31877
31877
31877
31877
31877
31878
31878
31878
31878
31878
31878
31878
31878
31878
31878
31878
31878
31878
31878
31878
31878
31878
31878
31878
31879
31879
31879
31879
31879
31879
31879
31879
31879
31879
31879
31879
31879
31879
31879
31879
31879
31879
31878
31878
31878
31878
31877
31876
31876
31876
31876
31876
31876
31876
31876
31877
31877
31877
31877
31877
31877
31877
31877
31877
31875
31875
31875
31875
31875
31875
31875
31875
31875
31875
31875
31875
31875
31876
31877
31877
31877
31877
31877
31877
31877
31877
31877
31877
31877
31877
31877
31876
31876
31876
31875
31875
31875
31877
31878
31878
31878
31878
31878
31878
31877
31877
31877
31877
31877
31877
31877
31877
31877
31877
31877
31877
31877
31877
31876
31876
31876
31876
31876
31876
31876
31876
31876
31876
31876
31876
31876
31876
31876
31876
31876
31876
31876
31876
31876
31876
31877
31876
31876
31876
31876
31876
31876
31876
31876
31876
31876
31876
31876
31876
31875
31875
31875
31875
31875
31875
31874
31874
31874
31872
31872
31872
31872
31872
31872
31871
31871
31871
31871
31871
31871
31871
31871
31871
31871
31871
31871
31871
31871
31871
31871
31871
31871
31871
31871
31870
31869
31869
31869
31869
31869
31869
31868
31867
31867
31867
31867
31867
31867
31867
31867
31867
31867
31867
31867
31867
31867
31868
31868
31868
31868
31868
31868
31868
31868
31868
31868
31867
31867
31867
31867
31867
31867
31867
31866
31866
31866
31866
31867
31867
31867
31866
31866
31866
31866
31865
31865
31865
31865
31865
31865
31865
31865
31865
31865
31865
31865
31865
31865
31865
31865
31865
31865
31865
31865
31865
31865
31865
31865
31865
31865
31865
31865
31866
31866
31866
31866
31866
31866
31866
31866
31867
31867
31867
31867
31867
31867
31867
31867
31867
31867
31868
31868
31868
31867
31867
31867
31866
31864
31864
31864
31864
31864
31864
31864
31864
31864
31864
31863
31863
31863
31863
31863
31863
31863
31862
31862
31862
31862
31862
31862
31862
31862
31862
31862
31862
31862
31862
31862
31861
31861
31861
31861
31861
31861
31861
31860
31860
31861
31861
31861
31861
31861
31861
31861
31859
31859
31859
31859
31859
31859
31859
31859
31859
31859
31859
31859
31859
31858
31858
31858
31858
31858
31858
31858
31858
31858
31858
31858
31858
31858
31858
31858
31857
31857
31857
31857
31857
31857
31857
31857
31857
31857
31857
31857
31857
31857
31857
31857
31857
31857
31857
31857
31856
31856
31856
31856
31856
31856
31856
31856
31856
31856
31856
31856
31856
31856
31857
31857
31857
31856
31856
31856
31855
31854
31853
31852
31852
31852
31851
31851
31851
31851
31852
31852
31852
31852
31852
31852
31852
31852
31852
31852
31852
31852
31852
31852
31852
31852
31851
31851
31851
31851
31851
31851
31851
31851
31851
31851
31851
31851
31851
31851
31851
31851
31851
31851
31851
31851
31851
31851
31851
31851
31852
31852
31852
31852
31852
31852
31851
31851
31852
31852
31853
31853
31853
31853
31854
31854
31854
31854
31854
31854
31854
31854
31855
31855
31855
31855
31854
31853
31855
31855
31855
31855
31855
31854
31854
31853
31851
31851
31850
31850
31849
31846
31846
31847
31847
31847
31847
31847
31847
31847
31847
31848
31848
31848
31847
31847
31847
31847
31847
31847
31846
31846
31846
31846
31846
31846
31846
31846
31846
31846
31844
31844
31844
31844
31844
31843
31843
31843
31843
31843
31843
31843
31843
31843
31843
31843
31843
31843
31843
31843
31843
31843
31843
31843
31843
31843
31843
31843
31843
31843
31842
31842
31843
31843
31843
31843
31843
31842
31842
31842
31842
31842
31842
31842
31843
31843
31842
31842
31842
31843
31843
31843
31843
31841
31841
31841
31841
31841
31840
31839
31839
31838
31838
31838
31838
31839
31839
31839
31839
31839
31839
31839
31839
31839
31839
31839
31839
31839
31839
31839
31839
31839
31839
31839
31839
31839
31839
31839
31839
31839
31839
31838
31838
31839
31839
31839
31839
31839
31839
31839
31839
31839
31839
31839
31839
31840
31840
31840
31840
31840
31840
31840
31840
31840
31840
31840
31840
31840
31840
31838
31838
31837
31837
31837
31837
31838
31838
31838
31838
31838
31838
31838
31838
31838
31839
31838
31837
31837
31838
31838
31838
31838
31838
31838
31838
31837
31837
31837
31837
31837
31837
31837
31837
31837
31837
31837
31837
31837
31837
31837
31837
31837
31837
31837
31836
31837
31837
31837
31837
31837
31837
31837
31837
31837
31837
31837
31836
31836
31836
31836
31836
31836
31836
31836
31836
31836
31836
31836
31836
31836
31835
31835
31835
31834
31834
31836
31836
31836
31836
31836
31836
31836
31836
31836
31836
31836
31836
31836
31836
31836
31836
31836
31836
31836
31836
31836
31836
31836
31836
31836
31836
31835
31835
31835
31835
31834
31834
31834
31834
31834
31834
31833
31833
31833
31833
31833
31833
31833
31833
31833
31833
31831
31831
31831
31831
31832
31832
31833
31833
31833
31833
31833
31833
31833
31833
31833
31833
31832
31831
31831
31831
31831
31830
31830
31830
31830
31830
31829
31829
31829
31829
31830
31830
31831
31831
31831
31830
31830
31830
31830
31831
31830
31830
31830
31829
31829
31828
31828
31828
31829
31830
31830
31830
31830
31829
31829
31829
31829
31829
31829
31829
31829
31828
31828
31828
31828
31827
31827
31827
31827
31827
31827
31827
31827
31827
31827
31827
31827
31827
31826
31826
31826
31826
31826
31826
31825
31824
31824
31824
31824
31824
31823
31823
31823
31823
31822
31822
31822
31822
31822
31821
31821
31821
31821
31821
31822
31822
31821
31821
31821
31821
31821
31821
31821
31822
31822
31822
31822
31822
31822
31821
31821
31821
31821
31821
31821
31821
31822
31821
31821
31821
31819
31819
31819
31819
31819
31819
31819
31819
31818
31818
31818
31818
31818
31818
31818
31818
31818
31818
31818
31818
31818
31819
31819
31819
31819
31819
31819
31819
31819
31820
31820
31820
31820
31820
31820
31820
31820
31820
31820
31820
31820
31820
31820
31820
31820
31820
31820
31820
31820
31820
31820
31820
31820
31819
31819
31819
31819
31819
31819
31819
31819
31819
31819
31819
31819
31819
31819
31819
31819
31818
31818
31818
31818
31818
31818
31818
31818
31818
31818
31818
31818
31818
31818
31818
31818
31818
31817
31817
31817
31817
31817
31817
31817
31817
31817
31817
31817
31817
31817
31817
31817
31817
31817
31817
31817
31817
31816
31816
31816
31817
31817
31816
31816
31816
31814
31814
31814
31813
31813
31812
31812
31812
31811
31810
31811
31810
31810
31810
31810
31810
31808
31808
31808
31808
31808
31808
31808
31808
31808
31808
31809
31809
31809
31809
31809
31810
31809
31809
31809
31808
31808
31808
31807
31807
31807
31807
31807
31807
31807
31807
31807
31807
31806
31806
31806
31806
31806
31806
31806
31806
31806
31807
31807
31807
31807
31807
31807
31807
31807
31807
31807
31807
31807
31807
31807
31807
31807
31807
31807
31807
31807
31807
31807
31806
31806
31806
31806
31806
31807
31807
31807
31807
31807
31807
31807
31807
31807
31806
31806
31805
31805
31805
31805
31803
31803
31803
31803
31803
31801
31801
31801
31802
31802
31802
31801
31801
31801
31801
31801
31800
31800
31799
31799
31799
31798
31797
31796
31796
31796
31797
31796
31796
31796
31796
31794
31794
31794
31795
31795
31795
31795
31794
31793
31792
31790
31789
31789
31789
31788
31788
31788
31788
31788
31788
31788
31788
31789
31789
31789
31789
31789
31789
31789
31789
31789
31789
31789
31788
31788
31788
31788
31788
31788
31788
31788
31786
31786
31786
31785
31785
31785
31785
31785
31785
31784
31784
31785
31785
31785
31785
31784
31784
31784
31784
31784
31784
31784
31785
31785
31785
31786
31786
31784
31784
31784
31784
31784
31784
31784
31784
31784
31784
31784
31784
31784
31784
31785
31785
31785
31785
31785
31785
31785
31786
31786
31786
31786
31786
31786
31786
31786
31786
31786
31786
31786
31786
31786
31786
31786
31785
31786
31787
31787
31787
31787
31787
31787
31787
31788
31788
31788
31788
31788
31788
31788
31788
31788
31788
31787
31787
31787
31787
31787
31787
31787
31787
31787
31787
31787
31786
31786
31786
31786
31787
31787
31787
31786
31786
31786
31786
31786
31786
31786
31786
31786
31786
31786
31786
31787
31787
31788
31788
31788
31788
31787
31787
31787
31787
31787
31787
31787
31787
31787
31787
31786
31785
31785
31785
31785
31784
31784
31784
31784
31784
31785
31785
31785
31785
31785
31785
31784
31784
31784
31784
31784
31784
31784
31784
31784
31785
31785
31784
31784
31784
31784
31784
31784
31784
31784
31783
31783
31783
31783
31782
31782
31782
31782
31782
31782
31782
31782
31782
31782
31782
31782
31782
31782
31782
31782
31783
31783
31783
31783
31783
31783
31783
31783
31783
31783
31783
31782
31782
31783
31783
31785
31785
31785
31785
31785
31785
31785
31784
31784
31784
31784
31785
31785
31785
31785
31785
31785
31785
31784
31784
31784
31784
31784
31784
31784
31784
31783
31784
31783
31783
31783
31782
31782
31782
31782
31781
31782
31782
31782
31782
31782
31782
31782
31782
31782
31782
31782
31782
31782
31780
31780
31780
31780
31780
31780
31780
31780
31779
31779
31778
31777
31777
31776
31776
31776
31777
31777
31777
31776
31776
31777
31777
31777
31777
31777
31777
31777
31777
31777
31777
31777
31777
31777
31777
31777
31777
31777
31777
31777
31777
31776
31775
31775
31775
31774
31774
31774
31774
31774
31773
31773
31772
31772
31772
31772
31772
31772
31772
31772
31771
31771
31771
31771
31771
31771
31769
31769
31769
31769
31768
31768
31768
31768
31768
31768
31768
31768
31768
31768
31768
31768
31768
31768
31768
31768
31768
31768
31768
31768
31768
31768
31767
31767
31767
31767
31766
31766
31765
31765
31763
31763
31763
31761
31761
31760
31760
31760
31759
31759
31759
31759
31759
31759
31759
31759
31760
31758
31758
31757
31757
31756
31757
31757
31756
31756
31756
31756
31756
31756
31756
31756
31756
31756
31756
31756
31756
31756
31756
31756
31756
31756
31757
31757
31758
31758
31758
31758
31758
31758
31758
31758
31758
31757
31757
31757
31757
31757
31757
31757
31757
31757
31757
31757
31757
31757
31757
31757
31757
31757
31757
31758
31758
31758
31758
31758
31758
31758
31758
31758
31758
31758
31758
31758
31758
31758
31758
31759
31759
31759
31759
31760
31760
31760
31760
31759
31758
31759
31759
31759
31759
31758
31757
31756
31757
31757
31758
31758
31758
31758
31758
31758
31758
31758
31758
31758
31758
31758
31757
31757
31757
31757
31757
31757
31757
31756
31756
31756
31756
31756
31756
31755
31755
31755
31755
31755
31755
31755
31755
31755
31755
31755
31755
31755
31755
31756
31756
31756
31756
31756
31756
31756
31756
31756
31756
31756
31757
31757
31757
31757
31757
31757
31757
31757
31757
31757
31757
31757
31757
31757
31756
31755
31755
31755
31755
31755
31755
31755
31755
31755
31755
31755
31755
31755
31755
31753
31753
31752
31752
31751
31751
31751
31751
31751
31751
31751
31751
31751
31751
31751
31751
31750
31747
31747
31747
31747
31747
31747
31747
31747
31747
31747
31746
31744
31744
31744
31744
31744
31744
31743
31743
31743
31743
31743
31744
31744
31744
31744
31744
31744
31744
31744
31744
31744
31744
31744
31744
31744
31745
31745
31745
31745
31745
31745
31745
31745
31744
31744
31744
31744
31743
31743
31743
31743
31743
31743
31744
31744
31744
31744
31744
31744
31744
31744
31744
31744
31744
31744
31744
31744
31744
31744
31743
31743
31743
31743
31743
31743
31743
31743
31742
31742
31742
31742
31742
31742
31742
31742
31741
31741
31741
31741
31741
31741
31741
31740
31739
31739
31739
31739
31739
31739
31739
31738
31738
31738
31738
31738
31738
31738
31738
31738
31738
31739
31738
31738
31738
31738
31738
31738
31738
31738
31738
31738
31738
31738
31738
31738
31738
31737
31737
31737
31737
31737
31737
31737
31737
31737
31737
31737
31737
31736
31736
31736
31736
31736
31736
31735
31735
31735
31735
31735
31735
31735
31735
31733
31733
31733
31733
31733
31733
31733
31733
31733
31733
31733
31733
31732
31732
31732
31732
31732
31732
31732
31732
31731
31731
31731
31731
31731
31731
31731
31731
31731
31731
31731
31731
31731
31731
31731
31731
31731
31731
31731
31731
31731
31731
31729
31729
31729
31729
31729
31729
31729
31729
31729
31729
31729
31729
31729
31729
31729
31729
31729
31729
31729
31729
31729
31729
31729
31729
31729
31729
31729
31729
31729
31729
31728
31728
31728
31730
31730
31730
31730
31730
31730
31730
31730
31730
31729
31729
31729
31729
31729
31729
31729
31729
31729
31729
31729
31729
31729
31729
31729
31729
31729
31729
31729
31728
31728
31728
31728
31728
31728
31728
31728
31728
31728
31728
31728
31728
31728
31728
31728
31728
31728
31728
31728
31728
31728
31727
31727
31727
31726
31726
31725
31725
31725
31725
31725
31725
31725
31725
31725
31725
31725
31725
31725
31726
31726
31726
31726
31724
31724
31724
31724
31724
31724
31724
31724
31724
31724
31723
31724
31724
31724
31724
31723
31723
31723
31723
31723
31723
31723
31723
31723
31723
31722
31722
31722
31722
31722
31722
31722
31722
31722
31722
31722
31722
31722
31722
31722
31722
31722
31722
31722
31721
31721
31721
31721
31721
31722
31722
31722
31722
31722
31722
31722
31722
31722
31722
31722
31722
31722
31722
31722
31721
31721
31721
31720
31720
31720
31720
31720
31721
31721
31721
31720
31720
31720
31720
31720
31720
31720
31720
31720
31720
31720
31720
31720
31720
31720
31720
31720
31720
31721
31721
31721
31721
31721
31721
31721
31721
31720
31720
31720
31720
31720
31720
31720
31720
31720
31720
31720
31720
31720
31720
31718
31718
31718
31718
31718
31718
31718
31718
31718
31718
31718
31718
31718
31718
31718
31718
31718
31718
31718
31718
31718
31716
31716
31716
31715
31715
31715
31715
31715
31715
31716
31716
31716
31716
31716
31716
31716
31716
31717
31716
31716
31717
31715
31715
31714
31714
31714
31714
31714
31715
31713
31713
31713
31713
31713
31713
31713
31713
31713
31713
31713
31711
31711
31711
31711
31711
31711
31711
31711
31711
31711
31711
31711
31711
31711
31711
31711
31711
31711
31711
31711
31711
31711
31711
31711
31711
31711
31711
31711
31711
31712
31712
31711
31711
31710
31710
31709
31709
31709
31709
31709
31709
31709
31709
31709
31709
31709
31709
31709
31709
31709
31709
31709
31709
31709
31709
31708
31708
31708
31708
31708
31708
31708
31708
31708
31708
31707
31708
31708
31708
31708
31708
31708
31708
31707
31707
31707
31706
31706
31706
31705
31705
31705
31705
31704
31705
31705
31705
31705
31705
31705
31705
31705
31705
31705
31705
31705
31705
31705
31705
31706
31706
31706
31705
31705
31705
31705
31705
31705
31705
31704
31704
31704
31704
31704
31704
31704
31704
31704
31704
31704
31704
31704
31703
31704
31703
31703
31703
31703
31703
31703
31703
31701
31700
31701
31701
31701
31701
31701
31701
31701
31701
31701
31701
31701
31701
31701
31700
31700
31700
31701
31701
31701
31701
31701
31701
31701
31701
31699
31699
31699
31698
31698
31698
31698
31698
31698
31698
31698
31698
31698
31698
31697
31697
31697
31697
31696
31696
31696
31696
31696
31696
31696
31696
31696
31696
31696
31696
31696
31696
31696
31696
31696
31696
31696
31696
31695
31695
31696
31696
31696
31696
31696
31696
31696
31696
31696
31696
31696
31696
31696
31696
31696
31696
31696
31696
31695
31695
31695
31695
31694
31694
31694
31694
31695
31695
31695
31695
31695
31695
31695
31695
31695
31695
31695
31695
31695
31695
31695
31695
31695
31695
31695
31696
31696
31696
31696
31696
31696
31697
31697
31697
31697
31698
31698
31698
31698
31698
31698
31699
31699
31699
31699
31700
31700
31700
31700
31700
31700
31700
31699
31698
31698
31698
31698
31698
31699
31699
31699
31699
31699
31699
31699
31699
31699
31699
31699
31699
31699
31699
31698
31698
31698
31698
31698
31698
31698
31698
31698
31698
31698
31697
31697
31697
31697
31697
31697
31697
31697
31697
31697
31697
31697
31696
31696
31696
31696
31696
31696
31695
31694
31694
31694
31694
31695
31695
31695
31695
31695
31695
31695
31695
31695
31695
31695
31694
31695
31695
31695
31695
31695
31695
31695
31695
31695
31695
31694
31693
31692
31692
31692
31692
31692
31691
31691
31690
31690
31689
31689
31689
31689
31689
31689
31689
31689
31689
31687
31687
31687
31687
31687
31687
31687
31687
31687
31684
31684
31684
31684
31684
31684
31684
31684
31684
31684
31684
31684
31684
31684
31684
31685
31685
31685
31685
31684
31683
31683
31683
31683
31683
31682
31682
31683
31683
31683
31683
31683
31683
31683
31683
31683
31683
31683
31683
31683
31683
31682
31682
31682
31682
31682
31682
31683
31683
31683
31682
31682
31681
31681
31681
31681
31681
31681
31681
31681
31681
31681
31681
31681
31681
31681
31680
31680
31681
31681
31681
31681
31681
31681
31682
31683
31683
31683
31684
31684
31684
31684
31683
31683
31683
31683
31683
31683
31682
31682
31682
31682
31682
31682
31682
31682
31682
31682
31683
31683
31684
31684
31684
31684
31684
31684
31684
31684
31684
31684
31684
31684
31684
31684
31684
31684
31684
31684
31684
31684
31684
31685
31685
31685
31685
31684
31684
31684
31683
31683
31683
31683
31683
31683
31682
31682
31682
31682
31682
31682
31682
31682
31682
31682
31682
31682
31682
31683
31680
31680
31680
31680
31680
31680
31680
31680
31680
31680
31680
31680
31680
31680
31680
31680
31680
31679
31679
31679
31679
31679
31679
31679
31679
31679
31678
31678
31678
31678
31678
31678
31678
31678
31677
31677
31677
31677
31677
31677
31678
31678
31679
31679
31679
31679
31679
31679
31679
31679
31679
31679
31679
31679
31680
31680
31680
31680
31679
31679
31679
31679
31679
31679
31679
31679
31680
31680
31680
31681
31681
31681
31681
31681
31682
31682
31682
31682
31683
31683
31683
31683
31684
31684
31684
31684
31684
31684
31684
31684
31684
31684
31684
31684
31684
31684
31684
31684
31684
31684
31684
31684
31684
31684
31684
31685
31685
31685
31685
31684
31684
31683
31683
31683
31683
31683
31683
31683
31683
31683
31681
31680
31680
31680
31680
31680
31680
31680
31680
31680
31680
31680
31680
31679
31679
31678
31678
31678
31678
31678
31678
31678
31678
31676
31676
31676
31676
31676
31676
31676
31676
31676
31676
31676
31676
31675
31675
31674
31674
31674
31674
31674
31674
31674
31673
31673
31673
31673
31673
31673
31673
31673
31673
31673
31673
31673
31673
31673
31673
31673
31673
31672
31672
31672
31673
31673
31672
31672
31672
31672
31671
31670
31670
31670
31670
31670
31670
31670
31669
31669
31669
31669
31669
31669
31669
31668
31668
31668
31668
31667
31667
31667
31667
31667
31667
31667
31667
31667
31667
31668
31668
31668
31668
31668
31668
31668
31668
31668
31668
31668
31668
31668
31668
31668
31668
31668
31668
31668
31668
31668
31668
31668
31668
31668
31668
31668
31668
31668
31668
31667
31667
31667
31668
31668
31668
31668
31668
31668
31668
31668
31667
31666
31666
31666
31666
31666
31667
31667
31667
31668
31668
31668
31668
31668
31668
31668
31668
31668
31668
31668
31668
31668
31668
31668
31668
31669
31670
31670
31670
31670
31670
31669
31669
31669
31670
31671
31671
31671
31671
31671
31671
31671
31671
31671
31671
31671
31671
31671
31671
31671
31672
31672
31672
31672
31672
31672
31672
31672
31672
31672
31672
31672
31672
31672
31672
31672
31672
31672
31671
31671
31670
31669
31669
31669
31669
31669
31669
31667
31668
31668
31668
31669
31669
31669
31669
31669
31669
31669
31669
31670
31670
31670
31670
31669
31669
31669
31670
31670
31671
31671
31671
31670
31670
31670
31669
31669
31669
31669
31669
31669
31668
31668
31668
31669
31669
31669
31670
31670
31670
31670
31670
31670
31671
31670
31670
31670
31670
31670
31670
31670
31670
31670
31670
31670
31669
31668
31668
31668
31668
31668
31667
31667
31666
31666
31666
31666
31666
31666
31666
31666
31666
31667
31667
31667
31667
31667
31667
31667
31667
31667
31667
31667
31667
31667
31667
31667
31667
31667
31667
31666
31666
31666
31666
31666
31665
31665
31664
31664
31664
31663
31663
31663
31663
31663
31663
31663
31663
31663
31663
31663
31663
31663
31663
31663
31663
31663
31663
31663
31663
31664
31663
31663
31663
31663
31663
31663
31663
31663
31663
31663
31663
31664
31664
31664
31664
31664
31664
31664
31664
31665
31665
31665
31665
31665
31665
31665
31665
31666
31666
31666
31666
31666
31666
31666
31666
31665
31665
31665
31664
31664
31664
31663
31663
31663
31663
31663
31663
31663
31664
31664
31664
31664
31664
31665
31665
31665
31663
31662
31662
31662
31662
31662
31662
31662
31662
31662
31662
31661
31661
31661
31661
31661
31661
31661
31661
31661
31661
31661
31661
31661
31661
31662
31662
31662
31662
31662
31662
31662
31663
31663
31663
31661
31661
31661
31661
31661
31661
31661
31662
31662
31662
31662
31661
31661
31661
31661
31661
31662
31662
31663
31662
31662
31662
31662
31662
31661
31661
31661
31660
31660
31660
31660
31660
31660
31660
31659
31659
31659
31659
31659
31660
31659
31659
31659
31659
31659
31659
31659
31659
31659
31659
31659
31659
31660
31659
31660
31659
31659
31659
31659
31659
31659
31658
31658
31658
31657
31657
31657
31658
31658
31658
31658
31658
31658
31657
31658
31658
31658
31658
31658
31658
31658
31658
31659
31658
31658
31658
31658
31658
31658
31658
31658
31658
31658
31658
31657
31657
31657
31657
31657
31657
31657
31657
31657
31657
31657
31657
31657
31657
31657
31657
31657
31657
31656
31656
31656
31656
31656
31656
31656
31656
31656
31656
31656
31656
31655
31655
31655
31656
31656
31656
31655
31655
31655
31655
31655
31655
31655
31655
31655
31655
31655
31655
31655
31655
31655
31655
31655
31655
31655
31655
31655
31655
31655
31654
31654
31654
31654
31654
31654
31656
31656
31656
31656
31656
31656
31655
31655
31654
31654
31654
31654
31654
31654
31654
31654
31654
31654
31654
31654
31656
31656
31656
31656
31656
31656
31656
31656
31657
31657
31657
31657
31657
31657
31657
31657
31657
31657
31657
31657
31658
31658
31658
31658
31658
31658
31658
31658
31658
31658
31658
31658
31657
31657
31656
31656
31656
31656
31656
31656
31655
31655
31655
31656
31656
31656
31655
31655
31655
31653
31653
31653
31653
31653
31654
31654
31653
31653
31653
31653
31653
31653
31653
31653
31653
31652
31652
31652
31650
31650
31650
31649
31649
31649
31649
31649
31649
31649
31649
31649
31649
31649
31649
31649
31649
31649
31649
31649
31648
31648
31648
31647
31647
31646
31647
31646
31646
31646
31646
31646
31645
31645
31645
31645
31645
31645
31645
31645
31645
31645
31644
31643
31643
31643
31643
31643
31643
31643
31642
31642
31642
31642
31642
31642
31642
31642
31642
31642
31641
31641
31641
31641
31641
31641
31642
31642
31642
31641
31641
31641
31641
31641
31641
31642
31642
31642
31642
31642
31642
31642
31642
31642
31642
31640
31640
31640
31640
31640
31640
31640
31639
31639
31639
31639
31639
31639
31639
31639
31639
31639
31639
31639
31639
31639
31639
31639
31638
31638
31637
31637
31637
31637
31637
31637
31637
31637
31637
31637
31637
31637
31637
31637
31637
31637
31637
31637
31637
31637
31637
31637
31637
31637
31637
31637
31637
31637
31637
31636
31636
31636
31636
31636
31636
31636
31636
31636
31636
31636
31636
31636
31636
31634
31633
31633
31633
31633
31633
31633
31633
31633
31633
31633
31633
31633
31633
31633
31634
31634
31634
31634
31634
31634
31634
31634
31634
31633
31633
31632
31632
31632
31632
31632
31632
31633
31633
31633
31633
31633
31634
31634
31634
31634
31634
31634
31634
31634
31633
31633
31633
31633
31633
31633
31633
31633
31633
31633
31634
31634
31634
31634
31634
31633
31633
31633
31632
31632
31632
31632
31632
31632
31632
31632
31632
31633
31632
31632
31632
31632
31631
31631
31631
31631
31631
31631
31629
31628
31628
31626
31626
31626
31626
31626
31626
31626
31626
31626
31626
31626
31624
31624
31625
31625
31625
31625
31625
31625
31625
31625
31624
31624
31624
31625
31625
31625
31625
31625
31625
31625
31625
31624
31623
31624
31624
31624
31624
31624
31624
31624
31624
31624
31623
31623
31623
31623
31623
31623
31623
31623
31623
31623
31623
31623
31623
31622
31622
31622
31622
31622
31622
31622
31622
31622
31622
31622
31621
31621
31621
31621
31621
31620
31620
31620
31620
31620
31620
31620
31620
31620
31620
31620
31620
31620
31620
31619
31619
31619
31618
31618
31617
31617
31616
31616
31616
31616
31615
31616
31616
31616
31616
31616
31615
31615
31615
31615
31615
31614
31614
31614
31614
31612
31612
31611
31611
31610
31609
31609
31609
31608
31608
31608
31608
31609
31609
31608
31608
31608
31608
31608
31608
31608
31608
31608
31608
31608
31608
31608
31607
31607
31607
31607
31607
31607
31607
31607
31607
31607
31607
31607
31607
31607
31607
31607
31607
31607
31606
31605
31605
31605
31604
31604
31604
31604
31604
31604
31604
31604
31604
31604
31604
31604
31604
31604
31604
31604
31604
31604
31604
31604
31604
31604
31604
31603
31603
31603
31603
31603
31603
31603
31603
31603
31603
31603
31604
31604
31604
31605
31605
31600
31600
31600
31600
31600
31600
31600
31600
31600
31600
31600
31600
31600
31601
31601
31601
31601
31601
31601
31601
31601
31601
31601
31601
31601
31601
31600
31601
31601
31601
31601
31601
31600
31600
31600
31599
31599
31599
31599
31599
31599
31597
31597
31597
31598
31598
31598
31598
31598
31598
31599
31599
31599
31599
31599
31599
31599
31599
31599
31598
31598
31596
31596
31596
31596
31596
31596
31596
31596
31596
31596
31596
31596
31596
31596
31595
31595
31596
31597
31597
31597
31597
31597
31597
31597
31596
31596
31596
31595
31595
31595
31595
31595
31595
31595
31595
31596
31597
31597
31597
31597
31597
31597
31597
31597
31597
31597
31597
31596
31596
31595
31595
31595
31595
31595
31595
31595
31594
31595
31594
31594
31594
31594
31594
31593
31593
31593
31593
31591
31591
31591
31591
31592
31591
31592
31592
31592
31592
31592
31592
31593
31593
31593
31593
31593
31593
31592
31592
31592
31592
31592
31592
31592
31592
31592
31592
31592
31592
31591
31591
31590
31590
31591
31591
31591
31591
31591
31591
31589
31589
31589
31590
31590
31591
31591
31591
31591
31591
31591
31591
31591
31591
31591
31590
31590
31590
31591
31589
31589
31590
31590
31590
31590
31590
31590
31590
31590
31589
31589
31589
31588
31587
31587
31587
31587
31587
31587
31587
31587
31587
31587
31587
31587
31587
31587
31587
31587
31587
31587
31587
31587
31586
31586
31586
31586
31586
31586
31586
31586
31586
31586
31586
31586
31586
31586
31586
31586
31586
31586
31586
31586
31586
31586
31586
31587
31587
31587
31587
31587
31587
31587
31588
31588
31588
31588
31589
31589
31589
31589
31589
31589
31590
31590
31590
31591
31591
31591
31591
31591
31591
31591
31591
31591
31591
31591
31591
31591
31591
31591
31591
31591
31591
31591
31591
31591
31590
31590
31590
31590
31590
31591
31591
31591
31591
31591
31591
31591
31591
31592
31592
31592
31592
31592
31593
31593
31593
31591
31592
31592
31592
31592
31592
31592
31593
31593
31593
31593
31593
31593
31592
31592
31592
31592
31592
31592
31593
31593
31593
31593
31593
31593
31593
31593
31593
31593
31593
31593
31592
31592
31592
31592
31592
31592
31592
31592
31591
31591
31591
31591
31590
31590
31589
31589
31589
31589
31589
31589
31589
31589
31589
31588
31588
31588
31588
31588
31588
31588
31588
31588
31588
31588
31588
31588
31588
31588
31588
31588
31588
31588
31588
31588
31588
31588
31588
31588
31588
31588
31588
31587
31587
31587
31587
31587
31587
31587
31587
31587
31587
31587
31587
31587
31587
31586
31586
31587
31587
31587
31587
31587
31587
31587
31587
31587
31587
31587
31587
31587
31587
31587
31587
31587
31587
31586
31586
31586
31586
31586
31586
31585
31585
31585
31585
31585
31586
31586
31586
31586
31586
31586
31586
31586
31586
31586
31585
31586
31586
31586
31586
31585
31584
31584
31584
31584
31584
31584
31584
31584
31584
31584
31584
31584
31584
31584
31584
31584
31584
31584
31584
31583
31583
31583
31582
31582
31582
31582
31581
31581
31581
31581
31581
31581
31581
31581
31582
31582
31582
31582
31581
31581
31581
31581
31581
31581
31581
31581
31581
31581
31583
31583
31582
31582
31582
31582
31582
31582
31582
31582
31582
31582
31582
31582
31582
31582
31582
31583
31584
31584
31584
31584
31584
31584
31584
31584
31584
31584
31584
31584
31584
31584
31584
31584
31583
31583
31583
31583
31583
31583
31583
31583
31583
31583
31583
31583
31583
31583
31583
31583
31583
31584
31584
31584
31584
31581
31581
31581
31581
31581
31581
31581
31579
31579
31579
31579
31579
31579
31579
31579
31578
31578
31578
31578
31578
31578
31578
31578
31577
31577
31577
31577
31577
31577
31577
31577
31577
31577
31577
31577
31577
31577
31577
31576
31576
31576
31576
31576
31576
31576
31576
31576
31577
31576
31576
31576
31576
31576
31576
31576
31577
31576
31576
31576
31576
31575
31575
31575
31576
31576
31576
31576
31576
31576
31576
31576
31576
31575
31573
31574
31574
31574
31574
31574
31574
31574
31574
31574
31574
31574
31574
31574
31574
31574
31574
31574
31574
31574
31574
31574
31574
31575
31575
31575
31575
31575
31575
31575
31575
31575
31575
31575
31575
31575
31574
31574
31574
31575
31575
31575
31575
31575
31576
31576
31575
31575
31575
31576
31576
31576
31576
31576
31576
31576
31576
31576
31575
31576
31576
31576
31576
31576
31576
31575
31575
31575
31575
31574
31574
31574
31574
31574
31574
31574
31574
31574
31573
31573
31572
31572
31572
31572
31572
31573
31573
31573
31573
31573
31572
31572
31572
31572
31572
31573
31572
31572
31572
31572
31572
31572
31572
31572
31572
31572
31572
31572
31572
31572
31572
31572
31572
31572
31572
31572
31572
31572
31571
31571
31571
31571
31571
31571
31571
31570
31570
31570
31570
31571
31571
31571
31571
31571
31571
31570
31570
31570
31570
31570
31570
31570
31570
31570
31570
31570
31570
31570
31570
31570
31570
31570
31570
31570
31568
31568
31568
31568
31568
31567
31567
31567
31567
31566
31566
31567
31566
31566
31565
31565
31566
31567
31567
31567
31567
31567
31567
31567
31567
31568
31568
31568
31568
31568
31568
31568
31568
31568
31568
31568
31568
31568
31568
31568
31567
31568
31567
31567
31567
31567
31567
31567
31567
31567
31567
31567
31567
31567
31567
31567
31567
31567
31568
31568
31567
31567
31567
31567
31567
31567
31567
31567
31567
31567
31567
31567
31566
31566
31566
31565
31565
31565
31564
31564
31564
31564
31562
31562
31562
31562
31562
31562
31561
31561
31561
31561
31561
31561
31561
31561
31561
31561
31561
31561
31561
31561
31561
31562
31562
31562
31562
31562
31562
31562
31562
31562
31562
31562
31562
31562
31562
31561
31561
31561
31561
31561
31560
31560
31561
31561
31561
31561
31561
31561
31561
31560
31560
31560
31559
31559
31559
31559
31559
31559
31560
31560
31560
31560
31560
31560
31560
31559
31559
31559
31559
31559
31560
31560
31560
31560
31560
31560
31560
31560
31560
31560
31561
31561
31561
31560
31559
31559
31558
31558
31558
31558
31558
31558
31558
31558
31558
31558
31558
31558
31558
31558
31557
31557
31557
31557
31557
31557
31558
31558
31558
31558
31558
31558
31558
31558
31557
31557
31557
31557
31556
31557
31557
31557
31558
31558
31558
31558
31558
31559
31559
31559
31559
31559
31559
31559
31559
31559
31559
31559
31559
31558
31558
31558
31558
31558
31558
31558
31558
31558
31558
31558
31558
31558
31559
31559
31559
31559
31559
31559
31559
31558
31558
31558
31559
31559
31559
31559
31559
31558
31558
31557
31557
31557
31557
31557
31556
31556
31556
31556
31556
31556
31556
31557
31557
31556
31556
31556
31557
31557
31557
31557
31557
31557
31557
31557
31557
31557
31558
31558
31558
31558
31558
31558
31558
31558
31558
31558
31558
31558
31559
31559
31558
31558
31558
31557
31557
31557
31557
31558
31558
31558
31558
31557
31557
31556
31556
31555
31554
31554
31554
31555
31555
31555
31555
31555
31555
31555
31554
31554
31554
31553
31553
31553
31553
31553
31553
31553
31552
31552
31552
31553
31553
31553
31553
31552
31552
31552
31553
31553
31553
31553
31553
31553
31553
31553
31553
31553
31552
31552
31552
31553
31553
31553
31553
31552
31552
31552
31552
31552
31552
31552
31552
31552
31553
31553
31553
31553
31553
31553
31553
31553
31553
31553
31553
31553
31553
31553
31553
31554
31554
31554
31554
31554
31554
31554
31554
31554
31555
31555
31555
31555
31555
31555
31555
31555
31555
31555
31555
31555
31555
31555
31555
31556
31556
31556
31557
31557
31557
31557
31557
31557
31557
31557
31557
31558
31558
31558
31558
31559
31559
31559
31559
31559
31559
31559
31559
31559
31559
31559
31559
31558
31556
31556
31556
31555
31555
31554
31554
31554
31554
31554
31553
31553
31553
31553
31553
31553
31553
31553
31553
31553
31553
31553
31553
31553
31553
31553
31553
31553
31553
31553
31553
31553
31553
31553
31553
31552
31552
31552
31552
31552
31552
31552
31552
31552
31553
31553
31553
31553
31552
31552
31551
31550
31550
31551
31551
31552
31552
31552
31552
31552
31552
31552
31552
31552
31552
31552
31552
31552
31552
31552
31552
31552
31552
31552
31552
31551
31551
31551
31551
31550
31549
31549
31549
31548
31548
31548
31549
31549
31549
31547
31547
31547
31547
31547
31547
31547
31547
31548
31548
31548
31548
31548
31548
31547
31547
31547
31547
31546
31546
31546
31545
31545
31545
31545
31545
31545
31544
31543
31543
31543
31543
31543
31544
31544
31544
31544
31544
31544
31544
31544
31543
31543
31543
31543
31543
31543
31543
31542
31542
31542
31542
31541
31541
31541
31540
31540
31540
31540
31539
31539
31539
31538
31539
31538
31538
31538
31538
31538
31540
31541
31541
31541
31541
31541
31541
31541
31540
31540
31540
31540
31539
31540
31540
31539
31539
31539
31539
31538
31538
31538
31538
31538
31538
31538
31538
31538
31538
31538
31538
31538
31538
31538
31538
31537
31536
31536
31536
31535
31535
31535
31535
31535
31535
31535
31533
31532
31532
31532
31532
31531
31531
31531
31531
31531
31531
31531
31530
31530
31530
31530
31530
31530
31530
31530
31530
31530
31531
31531
31531
31531
31531
31531
31531
31530
31530
31530
31530
31530
31530
31530
31531
31530
31530
31531
31531
31532
31532
31532
31533
31533
31532
31532
31532
31532
31532
31532
31532
31532
31532
31533
31533
31533
31534
31534
31535
31535
31535
31535
31535
31535
31535
31535
31535
31535
31535
31535
31535
31534
31534
31534
31535
31535
31535
31535
31534
31534
31534
31534
31534
31534
31534
31533
31533
31533
31532
31532
31532
31532
31532
31532
31532
31532
31532
31532
31532
31532
31531
31531
31531
31531
31529
31529
31529
31529
31530
31530
31529
31529
31529
31529
31529
31529
31529
31529
31529
31529
31529
31529
31529
31529
31529
31529
31529
31529
31529
31528
31528
31528
31528
31527
31528
31528
31527
31527
31527
31527
31527
31527
31527
31527
31527
31527
31527
31527
31527
31527
31526
31527
31527
31527
31527
31526
31526
31526
31526
31525
31525
31525
31525
31525
31525
31525
31525
31525
31525
31525
31524
31524
31524
31524
31524
31524
31524
31523
31523
31523
31523
31523
31523
31522
31522
31522
31522
31522
31522
31521
31521
31521
31521
31521
31521
31521
31522
31522
31521
31521
31521
31522
31522
31522
31523
31522
31522
31522
31522
31523
31523
31523
31523
31523
31523
31523
31523
31523
31523
31523
31522
31522
31523
31523
31523
31523
31523
31523
31523
31523
31523
31523
31523
31522
31522
31522
31522
31522
31522
31522
31522
31521
31521
31521
31521
31521
31521
31521
31521
31521
31521
31521
31521
31521
31521
31521
31521
31521
31522
31522
31522
31522
31522
31522
31522
31522
31522
31522
31522
31522
31522
31522
31522
31522
31522
31523
31522
31521
31521
31521
31521
31521
31521
31521
31521
31521
31521
31521
31520
31520
31520
31520
31520
31520
31521
31521
31521
31521
31521
31522
31522
31522
31521
31521
31521
31521
31520
31520
31520
31520
31520
31520
31520
31520
31519
31519
31521
31521
31521
31520
31520
31520
31520
31520
31520
31519
31519
31519
31519
31519
31519
31519
31519
31519
31520
31520
31520
31520
31520
31520
31521
31521
31521
31521
31521
31521
31521
31521
31521
31521
31521
31521
31521
31521
31521
31521
31522
31524
31522
31522
31521
31521
31521
31521
31521
31521
31521
31521
31520
31520
31520
31520
31520
31520
31519
31519
31519
31519
31519
31519
31519
31519
31519
31519
31519
31519
31519
31519
31519
31519
31519
31519
31519
31519
31519
31519
31519
31519
31519
31519
31519
31519
31519
31519
31519
31519
31519
31519
31519
31519
31519
31519
31519
31519
31519
31519
31519
31518
31516
31517
31517
31517
31517
31517
31517
31517
31517
31517
31517
31517
31517
31517
31516
31516
31516
31516
31516
31516
31516
31516
31516
31516
31516
31517
31517
31517
31517
31517
31517
31517
31517
31517
31517
31517
31517
31517
31516
31516
31516
31516
31515
31515
31514
31514
31514
31514
31514
31514
31514
31514
31514
31514
31514
31514
31513
31513
31513
31514
31514
31514
31514
31514
31514
31514
31514
31514
31514
31514
31514
31514
31514
31514
31514
31514
31514
31514
31514
31513
31513
31513
31513
31513
31512
31512
31512
31512
31512
31512
31511
31511
31511
31511
31511
31511
31510
31510
31510
31510
31511
31511
31511
31511
31511
31511
31511
31511
31511
31510
31510
31510
31510
31511
31510
31510
31510
31510
31510
31510
31510
31510
31510
31510
31510
31510
31509
31509
31509
31509
31509
31509
31509
31510
31510
31510
31510
31510
31510
31510
31510
31510
31509
31510
31510
31510
31510
31509
31509
31509
31509
31509
31509
31509
31509
31509
31509
31509
31507
31507
31507
31507
31507
31507
31507
31507
31507
31507
31506
31506
31506
31506
31506
31506
31506
31505
31505
31505
31504
31504
31504
31504
31504
31504
31504
31504
31504
31504
31504
31504
31504
31504
31503
31503
31503
31503
31503
31503
31502
31501
31501
31502
31502
31502
31502
31503
31503
31503
31503
31503
31503
31503
31503
31504
31504
31504
31504
31504
31504
31504
31504
31504
31504
31504
31504
31504
31504
31504
31504
31504
31504
31504
31504
31504
31504
31504
31504
31504
31504
31504
31504
31503
31504
31504
31504
31504
31504
31504
31504
31504
31504
31504
31504
31504
31504
31504
31504
31503
31503
31502
31502
31502
31502
31502
31502
31503
31502
31502
31502
31502
31502
31502
31502
31502
31502
31502
31502
31502
31501
31501
31501
31501
31501
31501
31501
31501
31501
31501
31501
31501
31500
31500
31500
31500
31500
31500
31500
31501
31500
31500
31500
31500
31498
31498
31498
31498
31498
31498
31498
31497
31495
31496
31496
31496
31496
31496
31496
31496
31496
31496
31496
31496
31496
31496
31496
31496
31496
31496
31496
31496
31496
31495
31495
31495
31496
31496
31496
31496
31496
31496
31496
31496
31496
31496
31497
31497
31497
31497
31497
31497
31497
31496
31496
31495
31495
31495
31495
31495
31495
31495
31495
31495
31495
31495
31495
31495
31495
31495
31495
31496
31496
31496
31496
31496
31496
31496
31496
31497
31497
31497
31497
31496
31496
31496
31496
31496
31496
31496
31496
31496
31496
31496
31496
31496
31496
31496
31496
31496
31495
31495
31495
31495
31495
31495
31495
31495
31494
31494
31493
31493
31493
31492
31492
31491
31491
31491
31491
31491
31491
31491
31491
31491
31491
31491
31490
31490
31490
31490
31490
31490
31490
31491
31491
31491
31491
31491
31491
31491
31492
31492
31492
31492
31492
31492
31492
31491
31491
31491
31491
31491
31492
31492
31491
31491
31491
31491
31491
31491
31491
31491
31491
31491
31491
31491
31491
31491
31490
31490
31490
31490
31489
31489
31489
31489
31488
31488
31488
31488
31488
31488
31488
31487
31487
31486
31486
31486
31486
31486
31486
31486
31486
31486
31486
31485
31483
31483
31483
31483
31483
31483
31482
31481
31481
31481
31481
31481
31482
31482
31482
31482
31482
31482
31482
31481
31481
31479
31479
31480
31480
31480
31480
31479
31479
31479
31479
31479
31479
31479
31479
31479
31479
31479
31479
31479
31479
31479
31479
31479
31479
31479
31479
31479
31479
31478
31478
31478
31478
31478
31478
31478
31478
31478
31477
31477
31477
31477
31477
31477
31477
31477
31477
31476
31476
31476
31476
31476
31476
31476
31476
31476
31476
31476
31476
31476
31476
31476
31476
31476
31476
31476
31476
31476
31475
31475
31475
31475
31475
31475
31475
31475
31474
31473
31473
31473
31473
31473
31474
31474
31474
31474
31474
31474
31474
31474
31474
31474
31474
31473
31473
31473
31473
31473
31473
31473
31473
31472
31472
31472
31471
31471
31471
31471
31471
31471
31471
31471
31471
31471
31468
31468
31468
31468
31468
31469
31469
31469
31469
31469
31469
31469
31469
31469
31469
31469
31469
31469
31469
31469
31469
31468
31468
31468
31468
31468
31468
31468
31468
31468
31468
31468
31468
31468
31468
31467
31467
31467
31466
31466
31466
31466
31466
31466
31466
31467
31467
31467
31467
31467
31467
31467
31467
31466
31466
31465
31465
31465
31465
31465
31465
31465
31466
31466
31467
31467
31467
31467
31467
31467
31467
31467
31468
31468
31468
31467
31467
31467
31467
31467
31467
31466
31466
31466
31466
31466
31466
31466
31466
31466
31466
31466
31466
31466
31466
31466
31467
31467
31467
31467
31467
31467
31467
31467
31467
31467
31467
31467
31467
31466
31467
31467
31467
31467
31467
31467
31467
31468
31468
31468
31468
31468
31468
31468
31468
31468
31468
31467
31468
31468
31468
31467
31467
31467
31467
31467
31466
31466
31466
31466
31466
31466
31466
31466
31466
31466
31466
31466
31466
31466
31466
31466
31466
31466
31466
31466
31466
31465
31465
31465
31465
31464
31464
31464
31464
31464
31464
31464
31463
31463
31463
31463
31463
31463
31464
31463
31462
31462
31462
31462
31462
31462
31462
31461
31461
31461
31461
31461
31461
31461
31461
31461
31461
31461
31461
31461
31462
31461
31461
31461
31461
31461
31461
31461
31461
31461
31461
31461
31461
31461
31461
31461
31461
31461
31461
31460
31460
31460
31460
31460
31460
31460
31460
31460
31460
31459
31459
31459
31459
31459
31458
31458
31458
31458
31458
31458
31458
31458
31458
31458
31458
31458
31458
31458
31459
31459
31459
31459
31459
31459
31458
31458
31458
31458
31458
31458
31458
31457
31457
31457
31457
31457
31457
31457
31457
31457
31457
31456
31456
31456
31456
31455
31455
31455
31455
31455
31454
31454
31454
31453
31454
31454
31454
31454
31454
31454
31453
31453
31453
31453
31453
31453
31453
31452
31452
31452
31452
31452
31452
31452
31452
31452
31452
31452
31452
31452
31452
31451
31451
31451
31451
31451
31452
31452
31452
31452
31452
31451
31451
31451
31451
31451
31452
31452
31452
31452
31452
31452
31452
31452
31452
31452
31453
31453
31453
31453
31453
31453
31453
31453
31453
31453
31453
31452
31452
31452
31452
31452
31452
31452
31451
31451
31449
31449
31449
31449
31449
31449
31449
31449
31449
31449
31449
31449
31449
31449
31449
31449
31449
31449
31449
31449
31449
31449
31449
31449
31449
31449
31449
31449
31449
31449
31449
31448
31448
31448
31448
31447
31447
31447
31446
31446
31445
31445
31445
31445
31444
31444
31444
31445
31445
31445
31445
31445
31445
31445
31445
31446
31445
31445
31445
31445
31445
31445
31445
31445
31445
31445
31444
31444
31444
31443
31443
31443
31443
31443
31443
31443
31443
31443
31443
31443
31443
31443
31443
31442
31442
31442
31442
31443
31443
31443
31443
31443
31443
31443
31444
31444
31443
31443
31442
31442
31442
31442
31442
31442
31442
31442
31442
31442
31442
31442
31442
31442
31442
31442
31442
31442
31442
31442
31442
31442
31442
31442
31442
31441
31441
31441
31441
31441
31441
31441
31441
31441
31441
31441
31441
31440
31440
31440
31440
31440
31441
31440
31440
31440
31440
31440
31440
31440
31440
31440
31440
31440
31440
31440
31440
31440
31439
31438
31438
31438
31438
31437
31436
31437
31438
31437
31437
31437
31437
31437
31437
31437
31437
31437
31437
31438
31438
31438
31438
31438
31438
31438
31438
31438
31438
31438
31438
31438
31438
31438
31438
31438
31439
31439
31440
31440
31440
31440
31440
31440
31440
31440
31440
31440
31440
31440
31440
31440
31440
31440
31439
31439
31439
31439
31439
31439
31439
31439
31439
31439
31439
31439
31439
31439
31439
31439
31439
31440
31440
31440
31440
31440
31438
31438
31438
31438
31438
31438
31438
31438
31438
31438
31438
31438
31438
31438
31438
31438
31437
31437
31437
31437
31437
31437
31435
31435
31435
31435
31435
31434
31432
31432
31432
31432
31432
31432
31432
31432
31432
31432
31432
31432
31432
31433
31433
31433
31434
31434
31435
31435
31435
31435
31435
31435
31435
31435
31435
31435
31435
31435
31435
31435
31435
31435
31433
31433
31433
31433
31433
31433
31433
31432
31432
31432
31432
31432
31432
31432
31432
31431
31431
31432
31431
31430
31430
31430
31430
31429
31429
31429
31429
31430
31430
31430
31430
31430
31430
31430
31430
31430
31430
31430
31430
31430
31430
31430
31431
31431
31431
31431
31431
31431
31431
31430
31431
31431
31432
31432
31433
31433
31433
31433
31433
31433
31433
31433
31433
31433
31433
31433
31433
31433
31433
31433
31433
31433
31433
31433
31434
31434
31434
31433
31433
31433
31433
31433
31433
31433
31434
31435
31435
31435
31435
31435
31435
31436
31436
31436
31435
31436
31436
31436
31436
31436
31436
31436
31436
31436
31436
31436
31436
31436
31436
31436
31436
31436
31436
31435
31435
31435
31435
31434
31434
31435
31435
31435
31433
31433
31433
31432
31432
31432
31432
31431
31431
31431
31431
31431
31431
31431
31431
31430
31430
31430
31430
31430
31430
31430
31430
31430
31430
31430
31430
31430
31430
31430
31430
31430
31430
31430
31430
31430
31430
31430
31430
31430
31430
31430
31430
31430
31430
31430
31430
31430
31430
31430
31430
31429
31429
31429
31429
31429
31429
31428
31427
31427
31427
31427
31427
31425
31425
31425
31425
31425
31425
31425
31425
31425
31423
31423
31423
31423
31423
31423
31424
31424
31423
31423
31423
31423
31422
31422
31422
31422
31422
31422
31422
31422
31422
31422
31423
31423
31423
31423
31423
31423
31423
31423
31424
31424
31424
31424
31424
31424
31425
31425
31425
31425
31425
31425
31425
31425
31426
31426
31426
31426
31426
31425
31425
31423
31423
31423
31423
31423
31423
31423
31423
31423
31423
31423
31423
31423
31423
31423
31423
31423
31424
31424
31424
31424
31424
31424
31424
31424
31425
31425
31425
31425
31425
31425
31425
31425
31425
31425
31425
31425
31425
31425
31425
31426
31425
31425
31425
31425
31424
31424
31424
31424
31424
31423
31424
31424
31424
31424
31424
31423
31423
31423
31423
31423
31423
31423
31422
31422
31422
31422
31422
31422
31422
31422
31422
31422
31420
31420
31420
31420
31420
31420
31420
31420
31420
31420
31420
31420
31421
31421
31418
31418
31418
31419
31419
31419
31420
31420
31421
31421
31421
31421
31421
31421
31421
31421
31421
31421
31421
31421
31421
31421
31421
31421
31422
31422
31422
31422
31422
31422
31422
31418
31418
31418
31418
31419
31419
31419
31419
31420
31420
31420
31420
31420
31420
31419
31420
31420
31419
31419
31419
31420
31419
31419
31419
31419
31419
31419
31418
31418
31417
31417
31417
31417
31416
31416
31415
31415
31415
31416
31416
31415
31415
31415
31415
31415
31415
31415
31415
31414
31415
31415
31415
31415
31415
31414
31413
31413
31413
31412
31412
31412
31412
31412
31412
31412
31412
31412
31412
31412
31412
31412
31412
31412
31412
31412
31412
31412
31412
31412
31412
31411
31411
31411
31411
31411
31412
31412
31412
31412
31412
31412
31412
31412
31412
31412
31412
31412
31411
31411
31411
31411
31412
31412
31412
31412
31411
31411
31411
31411
31411
31411
31411
31412
31411
31412
31412
31412
31412
31412
31411
31411
31409
31408
31408
31408
31408
31408
31408
31408
31408
31408
31408
31408
31408
31408
31408
31407
31407
31407
31407
31407
31407
31407
31407
31408
31408
31408
31408
31408
31408
31405
31405
31405
31405
31404
31404
31404
31404
31404
31404
31404
31404
31404
31404
31404
31404
31404
31404
31404
31404
31406
31406
31406
31405
31405
31403
31404
31404
31404
31405
31405
31404
31404
31405
31405
31405
31405
31405
31405
31405
31405
31405
31405
31405
31405
31405
31405
31405
31405
31406
31406
31406
31406
31406
31405
31405
31405
31405
31405
31403
31402
31402
31402
31402
31401
31401
31401
31401
31401
31401
31401
31401
31401
31400
31400
31398
31396
31396
31396
31396
31396
31396
31396
31396
31396
31395
31395
31395
31395
31395
31395
31395
31395
31395
31395
31395
31395
31394
31394
31394
31394
31393
31393
31393
31393
31393
31391
31391
31391
31391
31393
31393
31393
31393
31393
31393
31393
31394
31394
31394
31394
31394
31394
31393
31393
31393
31393
31393
31393
31393
31393
31395
31395
31394
31394
31394
31394
31394
31394
31392
31392
31392
31392
31392
31392
31392
31392
31392
31392
31392
31392
31392
31391
31391
31390
31390
31389
31389
31388
31388
31388
31388
31388
31388
31388
31388
31387
31387
31387
31387
31387
31387
31387
31387
31386
31385
31385
31384
31384
31382
31382
31382
31382
31382
31382
31382
31382
31382
31382
31382
31381
31381
31381
31381
31381
31381
31381
31381
31380
31380
31380
31381
31381
31381
31381
31381
31381
31381
31381
31381
31381
31381
31381
31380
31379
31379
31379
31379
31379
31379
31380
31379
31379
31379
31379
31379
31379
31379
31379
31379
31379
31379
31378
31378
31379
31379
31379
31379
31378
31378
31378
31378
31378
31378
31379
31379
31379
31379
31379
31379
31379
31379
31380
31380
31380
31379
31379
31379
31379
31379
31379
31379
31379
31379
31379
31379
31379
31379
31378
31378
31377
31377
31377
31377
31377
31377
31376
31376
31376
31375
31375
31375
31374
31374
31374
31374
31374
31374
31374
31374
31374
31374
31373
31374
31374
31374
31373
31373
31373
31373
31373
31373
31373
31373
31373
31373
31373
31374
31374
31374
31374
31375
31375
31374
31374
31374
31374
31374
31375
31376
31376
31375
31375
31375
31376
31376
31376
31376
31376
31376
31376
31376
31376
31376
31376
31376
31376
31376
31376
31376
31376
31376
31376
31376
31376
31376
31376
31376
31376
31376
31376
31376
31376
31375
31375
31376
31376
31376
31376
31376
31376
31376
31376
31376
31377
31378
31378
31378
31378
31377
31377
31377
31376
31376
31375
31375
31374
31374
31374
31374
31374
31374
31373
31373
31373
31373
31373
31373
31373
31373
31373
31373
31373
31373
31373
31373
31373
31373
31373
31373
31373
31373
31373
31373
31373
31373
31373
31373
31375
31375
31375
31375
31375
31374
31374
31374
31374
31374
31374
31374
31374
31374
31373
31372
31372
31372
31372
31371
31371
31371
31371
31371
31371
31372
31372
31372
31372
31372
31372
31372
31372
31372
31372
31372
31372
31372
31372
31372
31371
31371
31371
31369
31369
31369
31370
31370
31370
31370
31370
31370
31370
31370
31370
31370
31370
31370
31370
31371
31370
31369
31369
31369
31369
31369
31369
31369
31369
31369
31368
31368
31368
31367
31367
31367
31367
31367
31367
31366
31366
31366
31366
31366
31367
31367
31367
31367
31367
31367
31367
31367
31367
31367
31367
31367
31367
31367
31365
31365
31364
31364
31364
31364
31364
31364
31364
31364
31364
31364
31364
31364
31364
31364
31364
31364
31364
31364
31364
31364
31364
31363
31363
31363
31363
31363
31363
31363
31363
31363
31363
31363
31363
31362
31362
31362
31362
31361
31360
31360
31360
31360
31360
31361
31361
31361
31361
31362
31361
31361
31361
31361
31361
31361
31361
31360
31360
31360
31360
31360
31360
31360
31360
31360
31360
31360
31360
31360
31359
31359
31359
31359
31359
31359
31359
31359
31359
31359
31359
31359
31359
31358
31358
31358
31358
31358
31358
31358
31358
31358
31358
31358
31358
31358
31358
31358
31358
31358
31359
31359
31359
31359
31359
31359
31359
31360
31360
31360
31360
31360
31360
31360
31360
31359
31359
31359
31359
31359
31359
31359
31359
31359
31358
31358
31357
31357
31357
31357
31357
31357
31356
31356
31356
31356
31356
31356
31356
31356
31356
31356
31355
31355
31355
31355
31355
31355
31355
31355
31355
31355
31353
31353
31353
31354
31354
31354
31354
31354
31354
31353
31353
31353
31353
31353
31353
31352
31353
31353
31353
31353
31353
31353
31353
31353
31353
31353
31352
31351
31351
31351
31351
31351
31351
31351
31351
31351
31350
31350
31351
31351
31351
31351
31351
31351
31351
31350
31350
31350
31350
31351
31352
31352
31352
31352
31352
31351
31351
31351
31351
31351
31351
31351
31351
31351
31351
31352
31353
31353
31353
31353
31353
31353
31353
31353
31351
31351
31351
31351
31351
31351
31352
31352
31352
31351
31351
31351
31349
31349
31349
31349
31349
31350
31350
31350
31350
31351
31352
31352
31352
31351
31351
31351
31351
31351
31351
31351
31351
31351
31350
31350
31350
31350
31349
31349
31349
31349
31349
31349
31349
31349
31349
31349
31349
31349
31349
31349
31349
31349
31349
31349
31348
31348
31348
31348
31348
31348
31347
31348
31348
31348
31348
31348
31347
31347
31347
31347
31347
31346
31346
31346
31346
31346
31346
31346
31346
31346
31346
31346
31346
31346
31346
31346
31347
31347
31347
31347
31347
31347
31347
31347
31347
31346
31345
31343
31343
31344
31344
31344
31344
31343
31343
31343
31343
31342
31342
31342
31342
31342
31342
31340
31340
31340
31338
31338
31338
31338
31338
31338
31338
31338
31337
31337
31337
31337
31337
31338
31338
31338
31337
31337
31337
31337
31336
31336
31336
31336
31336
31336
31336
31336
31336
31336
31336
31336
31337
31337
31337
31337
31337
31337
31337
31337
31337
31337
31337
31337
31337
31337
31337
31337
31337
31337
31337
31336
31336
31336
31336
31336
31336
31336
31336
31336
31335
31335
31335
31334
31333
31333
31333
31333
31332
31332
31332
31331
31331
31331
31331
31331
31331
31331
31331
31331
31332
31332
31332
31332
31332
31332
31332
31332
31332
31333
31333
31333
31332
31332
31332
31332
31332
31333
31333
31333
31333
31333
31332
31332
31331
31331
31331
31331
31331
31331
31331
31331
31332
31331
31332
31332
31332
31332
31332
31332
31332
31332
31332
31332
31332
31332
31332
31332
31329
31330
31330
31330
31330
31331
31331
31331
31332
31332
31332
31332
31332
31332
31332
31332
31332
31332
31332
31332
31332
31333
31333
31333
31333
31332
31332
31332
31332
31332
31332
31332
31332
31332
31332
31332
31332
31332
31331
31331
31331
31331
31331
31331
31331
31332
31330
31330
31330
31330
31330
31330
31330
31330
31330
31331
31331
31331
31330
31330
31330
31328
31328
31328
31329
31329
31329
31329
31329
31329
31329
31329
31329
31329
31329
31329
31329
31328
31328
31328
31328
31328
31328
31328
31329
31329
31329
31329
31328
31328
31328
31328
31326
31326
31326
31326
31326
31326
31326
31325
31325
31325
31325
31325
31326
31326
31326
31326
31326
31326
31326
31327
31327
31327
31327
31327
31327
31326
31326
31326
31326
31326
31326
31325
31325
31325
31322
31322
31322
31322
31322
31322
31322
31322
31322
31322
31322
31322
31322
31322
31321
31321
31321
31321
31321
31321
31321
31321
31322
31322
31322
31322
31321
31321
31321
31321
31321
31321
31321
31321
31320
31320
31320
31320
31320
31320
31319
31320
31320
31320
31320
31320
31320
31321
31320
31320
31320
31321
31321
31321
31321
31321
31321
31321
31322
31322
31322
31322
31322
31322
31322
31322
31322
31322
31322
31322
31322
31321
31321
31321
31321
31321
31321
31320
31320
31320
31320
31320
31320
31320
31320
31320
31320
31320
31319
31319
31319
31319
31319
31319
31319
31319
31319
31319
31319
31320
31320
31320
31320
31320
31320
31320
31321
31320
31320
31320
31320
31320
31320
31320
31319
31319
31318
31318
31318
31317
31317
31317
31317
31317
31317
31317
31317
31317
31317
31317
31317
31317
31315
31315
31315
31315
31315
31315
31315
31315
31315
31315
31314
31314
31315
31315
31315
31315
31315
31315
31315
31315
31315
31314
31313
31313
31313
31313
31312
31312
31312
31312
31312
31311
31311
31311
31311
31311
31311
31312
31312
31312
31312
31312
31311
31311
31311
31311
31312
31312
31310
31310
31310
31310
31310
31310
31310
31309
31309
31309
31309
31309
31308
31308
31308
31308
31308
31308
31308
31308
31308
31308
31308
31308
31308
31308
31308
31308
31308
31308
31308
31308
31307
31307
31307
31307
31307
31307
31307
31308
31308
31307
31307
31307
31306
31306
31306
31306
31305
31305
31305
31305
31305
31305
31305
31305
31305
31305
31304
31304
31304
31303
31303
31303
31303
31303
31303
31304
31304
31305
31305
31305
31305
31305
31305
31305
31305
31305
31304
31304
31304
31304
31304
31304
31304
31304
31304
31304
31304
31304
31304
31304
31304
31304
31304
31304
31304
31304
31304
31304
31304
31304
31304
31304
31304
31304
31304
31304
31304
31304
31304
31304
31304
31304
31304
31303
31303
31303
31303
31303
31303
31303
31303
31303
31303
31303
31303
31303
31304
31304
31304
31304
31304
31304
31304
31305
31306
31306
31306
31306
31305
31304
31304
31304
31304
31304
31303
31303
31304
31304
31304
31304
31304
31304
31304
31305
31305
31305
31305
31305
31305
31304
31304
31304
31305
31305
31305
31305
31305
31304
31304
31304
31303
31303
31302
31302
31302
31302
31302
31302
31302
31302
31303
31302
31302
31302
31303
31303
31303
31304
31304
31304
31303
31303
31303
31303
31302
31302
31302
31302
31302
31302
31302
31302
31302
31302
31302
31302
31301
31299
31299
31299
31299
31299
31299
31298
31298
31298
31297
31297
31297
31297
31296
31296
31297
31297
31297
31297
31297
31297
31296
31296
31296
31296
31296
31296
31296
31296
31296
31297
31297
31297
31297
31297
31297
31297
31297
31296
31296
31297
31295
31295
31295
31295
31295
31296
31296
31295
31295
31295
31295
31295
31295
31295
31295
31295
31295
31294
31294
31293
31291
31291
31290
31290
31290
31290
31289
31289
31289
31289
31289
31289
31289
31289
31289
31289
31288
31288
31288
31288
31288
31288
31287
31287
31286
31286
31286
31285
31285
31285
31285
31285
31285
31286
31286
31286
31286
31286
31286
31286
31286
31287
31287
31287
31287
31287
31286
31286
31285
31285
31285
31286
31287
31287
31287
31287
31286
31286
31286
31286
31286
31286
31286
31286
31286
31286
31286
31286
31286
31286
31286
31286
31286
31285
31285
31285
31285
31284
31284
31284
31284
31284
31284
31283
31283
31283
31283
31283
31282
31282
31282
31282
31283
31283
31283
31283
31283
31281
31280
31280
31280
31280
31279
31279
31279
31279
31279
31279
31279
31279
31279
31278
31278
31278
31278
31278
31278
31278
31278
31278
31278
31278
31278
31278
31278
31278
31278
31278
31278
31279
31279
31279
31279
31279
31279
31279
31278
31278
31278
31278
31278
31278
31278
31278
31278
31278
31277
31276
31275
31275
31274
31274
31274
31274
31274
31274
31273
31273
31274
31274
31274
31274
31274
31274
31274
31274
31274
31274
31274
31274
31274
31274
31274
31274
31274
31274
31275
31275
31275
31275
31275
31274
31274
31273
31273
31273
31273
31273
31273
31273
31273
31273
31273
31272
31272
31272
31272
31272
31270
31270
31270
31270
31270
31270
31270
31270
31270
31270
31270
31270
31270
31270
31270
31270
31270
31270
31270
31270
31270
31270
31270
31270
31270
31270
31270
31270
31269
31269
31269
31269
31269
31269
31269
31269
31269
31269
31269
31268
31268
31268
31268
31268
31269
31269
31269
31268
31268
31268
31268
31268
31268
31268
31268
31268
31268
31268
31268
31268
31268
31268
31268
31268
31268
31268
31268
31267
31267
31267
31267
31267
31267
31267
31267
31267
31267
31266
31266
31266
31266
31266
31266
31264
31264
31264
31264
31264
31264
31263
31263
31263
31263
31263
31263
31263
31264
31264
31264
31264
31264
31264
31264
31263
31263
31262
31262
31262
31262
31261
31261
31261
31261
31260
31258
31258
31258
31258
31258
31258
31258
31258
31258
31258
31258
31258
31258
31258
31258
31258
31258
31257
31257
31257
31257
31257
31256
31256
31256
31256
31256
31256
31256
31256
31256
31256
31256
31256
31255
31255
31255
31255
31255
31255
31255
31255
31255
31255
31255
31255
31255
31255
31255
31255
31255
31255
31255
31255
31255
31255
31255
31255
31255
31255
31254
31254
31252
31252
31252
31252
31253
31252
31252
31252
31252
31252
31252
31252
31252
31251
31251
31251
31251
31251
31251
31251
31251
31251
31251
31251
31251
31251
31251
31251
31251
31251
31252
31252
31252
31252
31252
31252
31252
31252
31252
31252
31252
31251
31251
31251
31251
31251
31251
31251
31251
31251
31251
31251
31252
31252
31250
31250
31250
31250
31250
31250
31250
31250
31250
31250
31250
31250
31250
31250
31250
31250
31250
31250
31250
31250
31250
31250
31250
31250
31250
31249
31249
31249
31249
31249
31248
31248
31247
31246
31246
31246
31246
31246
31245
31245
31245
31245
31245
31243
31243
31243
31243
31243
31243
31242
31242
31242
31242
31242
31242
31242
31241
31241
31241
31242
31242
31242
31242
31242
31242
31242
31242
31242
31242
31242
31242
31242
31242
31242
31242
31242
31242
31242
31242
31242
31242
31242
31242
31241
31241
31241
31240
31240
31240
31240
31240
31240
31240
31240
31240
31240
31240
31240
31240
31241
31241
31239
31239
31239
31239
31239
31238
31238
31238
31238
31238
31238
31238
31238
31238
31238
31238
31238
31238
31238
31237
31237
31237
31237
31238
31238
31239
31239
31239
31240
31240
31240
31240
31240
31239
31238
31238
31237
31237
31237
31237
31237
31236
31236
31236
31236
31236
31233
31233
31233
31233
31233
31232
31232
31232
31232
31232
31232
31232
31232
31232
31232
31232
31232
31231
31231
31231
31230
31230
31231
31231
31230
31230
31230
31230
31230
31230
31231
31231
31231
31231
31230
31230
31230
31231
31232
31231
31231
31231
31231
31230
31230
31230
31230
31230
31231
31231
31231
31231
31231
31231
31231
31231
31231
31231
31231
31231
31231
31231
31231
31231
31230
31230
31230
31230
31229
31229
31229
31229
31229
31229
31229
31229
31229
31229
31229
31229
31229
31228
31228
31228
31228
31228
31228
31228
31228
31229
31229
31229
31229
31229
31229
31230
31230
31230
31230
31230
31230
31229
31229
31229
31229
31229
31229
31229
31229
31229
31229
31229
31228
31228
31228
31228
31228
31228
31228
31228
31227
31227
31227
31227
31227
31227
31227
31227
31227
31228
31228
31228
31228
31228
31228
31228
31228
31228
31229
31229
31228
31229
31229
31229
31229
31229
31229
31229
31229
31229
31229
31229
31229
31229
31229
31229
31229
31228
31228
31228
31228
31228
31228
31228
31228
31228
31228
31228
31228
31228
31228
31228
31228
31228
31228
31228
31228
31228
31228
31228
31228
31228
31228
31229
31229
31229
31229
31229
31229
31229
31229
31229
31229
31229
31228
31228
31227
31227
31227
31227
31227
31227
31227
31227
31227
31227
31227
31227
31227
31227
31227
31227
31227
31227
31227
31227
31227
31226
31226
31225
31225
31225
31225
31225
31225
31225
31225
31225
31225
31224
31224
31224
31224
31224
31223
31223
31223
31223
31223
31223
31221
31221
31221
31222
31222
31222
31222
31222
31222
31222
31222
31222
31222
31222
31222
31222
31222
31222
31222
31222
31222
31222
31222
31222
31222
31222
31222
31222
31222
31222
31222
31222
31222
31222
31222
31221
31221
31221
31221
31222
31222
31222
31222
31222
31222
31222
31222
31222
31221
31221
31222
31222
31222
31222
31222
31222
31222
31222
31222
31222
31222
31221
31221
31219
31218
31218
31218
31218
31218
31218
31218
31218
31218
31218
31219
31219
31219
31219
31218
31218
31218
31218
31218
31218
31218
31218
31218
31217
31217
31217
31217
31217
31218
31218
31217
31217
31217
31217
31217
31217
31217
31216
31216
31216
31216
31216
31216
31216
31216
31216
31216
31216
31215
31215
31216
31216
31216
31216
31216
31217
31218
31218
31217
31217
31217
31216
31216
31215
31214
31214
31214
31214
31213
31213
31213
31213
31213
31213
31213
31213
31213
31213
31213
31213
31213
31213
31214
31214
31214
31214
31214
31213
31213
31213
31213
31213
31214
31214
31214
31214
31214
31214
31214
31214
31214
31213
31213
31213
31213
31213
31213
31213
31213
31212
31212
31212
31211
31210
31210
31210
31210
31210
31210
31210
31209
31209
31208
31207
31207
31207
31207
31206
31206
31206
31206
31206
31206
31206
31206
31206
31206
31206
31206
31206
31206
31206
31206
31206
31206
31206
31206
31206
31206
31206
31205
31205
31205
31203
31203
31204
31204
31204
31204
31203
31203
31202
31202
31202
31202
31202
31202
31202
31202
31202
31202
31202
31202
31202
31202
31202
31202
31202
31203
31203
31203
31203
31203
31203
31203
31203
31203
31203
31203
31203
31203
31202
31202
31202
31202
31202
31202
31202
31202
31202
31202
31202
31202
31202
31202
31202
31202
31201
31201
31201
31201
31201
31199
31199
31199
31199
31199
31198
31198
31198
31198
31198
31198
31198
31198
31198
31199
31199
31199
31199
31198
31198
31198
31197
31197
31197
31197
31197
31196
31195
31195
31195
31195
31195
31195
31196
31196
31196
31196
31196
31196
31196
31196
31196
31196
31196
31196
31196
31196
31196
31196
31195
31195
31193
31193
31193
31191
31190
31190
31190
31190
31190
31190
31190
31189
31189
31189
31189
31189
31189
31189
31189
31189
31189
31189
31189
31186
31186
31186
31186
31186
31185
31185
31186
31186
31186
31186
31186
31186
31186
31186
31186
31186
31186
31184
31184
31184
31184
31184
31184
31184
31183
31183
31183
31183
31183
31183
31183
31183
31183
31183
31183
31183
31183
31183
31183
31183
31183
31183
31183
31183
31183
31183
31182
31182
31180
31180
31180
31180
31180
31180
31179
31180
31180
31180
31180
31180
31180
31179
31179
31179
31179
31179
31179
31178
31178
31179
31179
31179
31178
31178
31178
31178
31178
31178
31178
31178
31179
31179
31179
31179
31179
31178
31178
31178
31178
31178
31178
31178
31178
31178
31178
31178
31176
31176
31176
31175
31175
31175
31175
31175
31176
31177
31177
31177
31177
31176
31175
31175
31175
31175
31175
31175
31175
31175
31175
31175
31175
31175
31175
31175
31175
31175
31174
31175
31175
31174
31174
31175
31175
31175
31175
31175
31175
31175
31175
31175
31175
31175
31175
31175
31175
31175
31176
31176
31176
31176
31176
31176
31176
31176
31176
31177
31177
31177
31177
31177
31177
31177
31177
31177
31177
31177
31177
31177
31177
31177
31177
31177
31177
31177
31177
31177
31177
31177
31177
31177
31177
31177
31176
31176
31176
31175
31175
31175
31175
31174
31174
31173
31173
31173
31173
31173
31173
31173
31173
31172
31172
31172
31172
31172
31172
31172
31172
31172
31172
31171
31171
31171
31171
31172
31172
31172
31172
31172
31172
31172
31172
31172
31172
31171
31171
31171
31171
31171
31171
31171
31171
31171
31171
31171
31171
31171
31171
31171
31171
31170
31170
31170
31170
31170
31170
31170
31170
31170
31170
31170
31170
31170
31170
31170
31170
31170
31170
31170
31170
31170
31170
31170
31170
31170
31170
31170
31170
31170
31170
31170
31170
31169
31169
31168
31168
31168
31168
31167
31167
31167
31166
31166
31166
31166
31166
31165
31165
31164
31164
31165
31165
31165
31165
31165
31165
31165
31165
31165
31165
31165
31165
31165
31165
31165
31165
31165
31165
31165
31165
31165
31166
31166
31166
31165
31164
31164
31164
31164
31164
31164
31164
31164
31164
31164
31165
31165
31165
31165
31165
31165
31165
31165
31165
31165
31165
31165
31165
31165
31165
31165
31165
31165
31165
31165
31165
31164
31164
31163
31163
31163
31163
31163
31162
31162
31162
31161
31161
31161
31161
31161
31161
31161
31160
31160
31160
31160
31160
31160
31160
31159
31159
31159
31159
31158
31158
31158
31158
31158
31158
31160
31159
31159
31159
31159
31159
31159
31159
31159
31159
31159
31159
31159
31159
31159
31159
31159
31159
31157
31157
31157
31157
31157
31157
31157
31157
31157
31157
31157
31157
31157
31157
31157
31157
31157
31157
31157
31157
31157
31157
31157
31157
31156
31156
31155
31155
31155
31155
31155
31155
31154
31154
31154
31154
31154
31154
31154
31154
31155
31154
31155
31155
31155
31155
31155
31155
31155
31155
31155
31155
31155
31155
31155
31155
31155
31155
31154
31154
31152
31152
31150
31150
31150
31150
31149
31149
31149
31150
31149
31149
31149
31149
31149
31149
31149
31149
31149
31149
31149
31149
31149
31149
31149
31149
31149
31149
31148
31148
31149
31149
31149
31149
31149
31149
31149
31149
31148
31148
31148
31148
31148
31148
31148
31148
31148
31148
31148
31148
31147
31147
31147
31145
31145
31146
31146
31146
31146
31146
31146
31146
31146
31146
31146
31146
31146
31146
31146
31146
31146
31146
31146
31145
31145
31145
31145
31145
31145
31145
31145
31145
31145
31145
31145
31145
31145
31145
31145
31145
31145
31143
31143
31143
31143
31144
31144
31144
31144
31144
31143
31142
31142
31141
31141
31141
31141
31141
31141
31141
31141
31140
31140
31140
31140
31140
31140
31140
31141
31141
31141
31141
31141
31141
31141
31141
31141
31141
31141
31141
31141
31141
31141
31140
31140
31141
31141
31141
31141
31141
31140
31141
31140
31140
31139
31139
31139
31139
31139
31139
31139
31139
31139
31139
31139
31139
31139
31139
31139
31139
31139
31139
31139
31139
31139
31140
31140
31140
31140
31140
31139
31139
31139
31139
31139
31139
31139
31139
31140
31140
31140
31140
31140
31140
31140
31139
31139
31139
31139
31139
31139
31139
31139
31139
31140
31138
31138
31138
31138
31138
31138
31138
31138
31138
31138
31138
31138
31138
31138
31138
31138
31139
31139
31139
31139
31139
31139
31139
31139
31139
31139
31139
31139
31139
31139
31139
31139
31139
31139
31139
31139
31139
31139
31139
31139
31139
31139
31139
31139
31139
31139
31139
31139
31139
31139
31139
31138
31138
31138
31138
31138
31138
31138
31138
31137
31137
31136
31136
31136
31136
31136
31136
31136
31136
31136
31136
31135
31134
31134
31134
31134
31134
31134
31134
31134
31134
31135
31135
31135
31133
31133
31133
31132
31132
31132
31132
31132
31132
31132
31132
31132
31133
31132
31132
31132
31131
31131
31131
31132
31132
31132
31132
31132
31132
31132
31132
31132
31132
31132
31132
31132
31132
31132
31132
31132
31131
31131
31131
31131
31131
31131
31130
31130
31130
31130
31130
31130
31130
31130
31130
31130
31130
31130
31130
31130
31130
31130
31130
31131
31131
31131
31131
31131
31132
31132
31132
31132
31132
31131
31131
31130
31130
31130
31131
31131
31130
31130
31130
31129
31129
31129
31129
31129
31129
31129
31129
31129
31129
31129
31129
31129
31130
31131
31131
31130
31129
31129
31129
31130
31130
31130
31130
31130
31130
31129
31129
31129
31129
31129
31129
31129
31129
31129
31129
31129
31129
31129
31129
31129
31129
31129
31129
31129
31129
31129
31129
31129
31130
31130
31130
31130
31130
31130
31130
31130
31130
31130
31130
31131
31131
31131
31131
31131
31131
31131
31131
31131
31130
31129
31128
31129
31129
31130
31130
31130
31130
31130
31129
31129
31129
31129
31129
31129
31129
31129
31126
31126
31126
31126
31126
31125
31125
31125
31125
31125
31124
31124
31124
31124
31124
31124
31124
31124
31124
31124
31124
31124
31124
31124
31123
31122
31122
31122
31122
31122
31122
31122
31123
31123
31123
31122
31122
31121
31121
31121
31121
31121
31120
31120
31120
31120
31120
31120
31119
31119
31119
31119
31119
31120
31120
31120
31119
31119
31119
31119
31119
31119
31119
31118
31118
31118
31118
31118
31118
31118
31118
31118
31118
31119
31119
31119
31118
31118
31118
31119
31119
31118
31118
31118
31118
31118
31118
31118
31118
31118
31118
31118
31118
31118
31118
31118
31118
31118
31118
31118
31118
31118
31118
31118
31118
31118
31118
31118
31118
31118
31118
31118
31118
31116
31116
31116
31116
31116
31116
31117
31116
31116
31116
31116
31116
31116
31116
31116
31116
31116
31115
31116
31116
31116
31116
31117
31117
31117
31117
31117
31117
31118
31118
31117
31117
31117
31117
31117
31117
31117
31117
31116
31116
31116
31116
31116
31116
31116
31116
31116
31116
31116
31116
31116
31116
31116
31116
31116
31116
31116
31117
31117
31117
31117
31117
31117
31118
31118
31118
31118
31118
31118
31118
31118
31118
31118
31118
31118
31118
31118
31118
31118
31117
31117
31117
31117
31117
31117
31118
31118
31118
31118
31117
31116
31116
31116
31116
31116
31116
31116
31116
31116
31116
31116
31116
31115
31115
31115
31115
31115
31115
31115
31115
31115
31115
31115
31115
31115
31115
31114
31114
31114
31113
31112
31112
31113
31113
31113
31112
31112
31112
31112
31112
31112
31112
31112
31111
31111
31111
31111
31111
31111
31111
31111
31111
31112
31112
31112
31112
31112
31112
31112
31112
31112
31112
31112
31112
31110
31110
31112
31112
31112
31112
31112
31112
31111
31111
31111
31110
31110
31110
31110
31109
31108
31108
31108
31108
31108
31108
31107
31107
31107
31107
31106
31106
31106
31106
31106
31105
31105
31105
31105
31105
31105
31105
31105
31105
31106
31106
31106
31106
31106
31106
31106
31106
31106
31106
31106
31106
31106
31106
31106
31106
31106
31106
31106
31106
31106
31106
31107
31107
31107
31107
31107
31107
31107
31107
31107
31107
31107
31107
31105
31105
31105
31105
31104
31104
31104
31104
31104
31104
31103
31103
31103
31103
31103
31103
31103
31102
31102
31102
31102
31102
31102
31102
31102
31102
31102
31102
31102
31102
31102
31102
31102
31102
31102
31103
31103
31103
31104
31104
31104
31104
31105
31105
31105
31105
31105
31105
31105
31104
31104
31104
31104
31104
31103
31103
31103
31103
31102
31102
31102
31102
31102
31102
31102
31102
31102
31102
31102
31102
31102
31102
31102
31102
31102
31103
31103
31103
31103
31103
31103
31103
31103
31102
31100
31100
31098
31098
31098
31098
31098
31098
31098
31098
31098
31099
31099
31099
31099
31099
31099
31099
31099
31099
31099
31099
31099
31099
31099
31099
31098
31098
31098
31098
31098
31098
31098
31098
31098
31098
31099
31099
31099
31099
31099
31099
31099
31099
31099
31099
31098
31098
31098
31097
31097
31097
31097
31097
31097
31097
31098
31098
31098
31098
31096
31096
31096
31096
31096
31096
31095
31095
31095
31096
31096
31094
31094
31094
31093
31093
31093
31093
31093
31093
31093
31093
31093
31093
31093
31093
31093
31093
31093
31093
31093
31093
31093
31093
31091
31091
31091
31090
31090
31090
31090
31090
31091
31091
31092
31092
31092
31092
31092
31092
31092
31092
31092
31092
31092
31092
31092
31092
31092
31092
31092
31092
31092
31092
31092
31092
31091
31091
31091
31091
31091
31091
31091
31091
31091
31091
31091
31091
31091
31091
31091
31091
31092
31092
31092
31091
31091
31091
31091
31091
31091
31091
31091
31091
31091
31091
31091
31091
31091
31089
31089
31089
31089
31089
31089
31089
31089
31089
31089
31089
31089
31088
31088
31088
31088
31088
31087
31087
31087
31087
31087
31087
31087
31087
31086
31086
31085
31085
31085
31084
31084
31083
31083
31083
31083
31083
31083
31083
31083
31083
31083
31083
31083
31083
31083
31083
31083
31083
31083
31083
31084
31085
31085
31085
31085
31085
31085
31085
31085
31085
31085
31085
31085
31085
31085
31085
31085
31085
31084
31084
31084
31084
31084
31084
31084
31084
31084
31084
31084
31084
31084
31083
31083
31083
31083
31083
31083
31083
31083
31083
31083
31082
31082
31082
31082
31082
31082
31081
31081
31081
31081
31081
31080
31080
31080
31080
31080
31080
31080
31079
31079
31079
31079
31079
31079
31079
31079
31079
31079
31079
31078
31078
31079
31079
31079
31079
31079
31079
31079
31079
31079
31080
31080
31080
31081
31081
31081
31081
31080
31080
31080
31080
31080
31080
31080
31080
31080
31080
31080
31080
31080
31080
31080
31080
31080
31080
31080
31080
31080
31080
31080
31080
31080
31080
31080
31081
31081
31081
31080
31080
31080
31080
31080
31079
31078
31078
31078
31078
31077
31077
31077
31077
31077
31077
31077
31077
31077
31077
31076
31076
31076
31076
31076
31075
31075
31075
31075
31075
31075
31075
31074
31074
31074
31073
31073
31073
31073
31073
31073
31073
31073
31072
31072
31072
31072
31072
31072
31072
31071
31071
31071
31070
31071
31071
31071
31071
31071
31071
31071
31071
31071
31071
31071
31071
31071
31071
31071
31070
31068
31067
31067
31067
31067
31067
31067
31067
31067
31067
31067
31067
31067
31067
31066
31066
31066
31066
31066
31066
31066
31066
31066
31066
31066
31066
31065
31065
31065
31065
31065
31065
31065
31065
31065
31065
31065
31065
31065
31065
31065
31065
31065
31065
31065
31065
31065
31065
31065
31065
31065
31065
31065
31065
31065
31065
31065
31065
31065
31065
31065
31065
31065
31065
31065
31064
31064
31064
31064
31064
31064
31064
31064
31064
31063
31063
31063
31062
31062
31061
31061
31061
31061
31061
31061
31061
31061
31061
31061
31061
31062
31062
31062
31062
31062
31061
31059
31059
31059
31059
31059
31059
31059
31059
31059
31059
31059
31059
31059
31058
31058
31058
31058
31058
31058
31058
31058
31058
31058
31058
31059
31059
31059
31058
31058
31058
31058
31058
31058
31058
31058
31056
31056
31056
31057
31056
31056
31056
31056
31056
31056
31056
31056
31056
31056
31056
31056
31055
31055
31055
31055
31055
31055
31055
31054
31054
31054
31054
31054
31054
31054
31055
31055
31055
31055
31055
31055
31055
31055
31055
31055
31055
31055
31055
31055
31055
31055
31056
31056
31056
31056
31055
31055
31054
31054
31055
31055
31055
31053
31053
31054
31054
31054
31054
31054
31054
31054
31054
31053
31053
31053
31053
31053
31054
31054
31054
31054
31054
31054
31054
31053
31053
31053
31053
31053
31053
31053
31053
31053
31054
31054
31054
31053
31053
31054
31054
31054
31054
31054
31054
31054
31054
31054
31054
31054
31054
31054
31054
31054
31054
31054
31054
31054
31054
31054
31054
31054
31054
31056
31056
31056
31056
31056
31056
31056
31056
31055
31055
31055
31055
31055
31055
31055
31055
31055
31055
31056
31056
31056
31056
31056
31056
31056
31056
31056
31057
31057
31057
31057
31057
31057
31057
31057
31057
31057
31057
31057
31058
31058
31058
31058
31058
31058
31058
31057
31057
31057
31057
31057
31057
31057
31057
31057
31057
31057
31056
31056
31056
31056
31056
31056
31056
31056
31056
31056
31056
31056
31056
31056
31055
31055
31055
31054
31054
31054
31053
31053
31053
31051
31051
31051
31051
31051
31051
31051
31051
31051
31052
31052
31052
31052
31052
31052
31052
31052
31052
31052
31052
31052
31052
31052
31052
31052
31053
31053
31053
31053
31052
31052
31052
31052
31052
31052
31052
31052
31051
31051
31051
31051
31051
31051
31051
31050
31050
31050
31050
31050
31050
31050
31050
31050
31050
31050
31049
31049
31049
31049
31049
31049
31049
31049
31050
31050
31050
31050
31050
31048
31048
31048
31047
31047
31047
31047
31047
31047
31047
31047
31045
31045
31045
31046
31046
31045
31045
31045
31045
31045
31045
31045
31045
31045
31045
31045
31045
31045
31045
31045
31045
31045
31045
31045
31045
31045
31046
31046
31047
31046
31046
31045
31045
31045
31045
31045
31045
31045
31044
31044
31044
31044
31044
31044
31043
31042
31040
31040
31039
31039
31039
31039
31039
31039
31039
31039
31039
31039
31038
31038
31038
31038
31036
31036
31036
31036
31037
31037
31037
31037
31037
31037
31037
31037
31037
31037
31037
31037
31037
31037
31037
31037
31035
31035
31035
31034
31034
31034
31034
31034
31034
31034
31034
31034
31033
31033
31033
31033
31033
31032
31032
31032
31032
31032
31032
31032
31032
31032
31032
31032
31033
31033
31033
31033
31033
31032
31032
31031
31031
31031
31031
31030
31030
31029
31029
31029
31028
31029
31029
31029
31029
31029
31029
31029
31029
31028
31026
31026
31026
31026
31026
31026
31026
31026
31025
31025
31025
31025
31025
31025
31025
31025
31025
31024
31024
31024
31024
31024
31024
31024
31024
31024
31024
31023
31022
31022
31021
31021
31021
31021
31020
31019
31019
31019
31019
31019
31019
31018
31018
31018
31018
31018
31018
31018
31017
31016
31016
31016
31016
31016
31016
31016
31017
31017
31018
31019
31019
31018
31018
31018
31018
31018
31018
31018
31018
31018
31018
31018
31018
31018
31018
31018
31018
31018
31018
31018
31018
31018
31018
31018
31018
31018
31017
31017
31017
31017
31016
31016
31016
31016
31016
31017
31017
31018
31018
31018
31018
31018
31018
31017
31016
31016
31016
31016
31016
31016
31016
31015
31014
31014
31014
31014
31014
31014
31013
31014
31014
31014
31014
31014
31014
31014
31014
31014
31014
31014
31014
31012
31012
31012
31012
31012
31012
31012
31012
31012
31012
31012
31012
31012
31012
31012
31012
31012
31012
31012
31012
31012
31012
31012
31012
31012
31012
31012
31012
31011
31011
31010
31010
31010
31010
31010
31010
31010
31010
31010
31010
31010
31010
31010
31010
31010
31010
31010
31009
31009
31009
31009
31009
31009
31009
31009
31009
31009
31009
31009
31009
31009
31009
31009
31009
31009
31009
31009
31009
31012
31010
31010
31010
31010
31010
31010
31010
31010
31010
31009
31009
31009
31011
31011
31011
31011
31011
31011
31010
31010
31009
31009
31009
31009
31009
31009
31009
31009
31009
31009
31009
31009
31009
31009
31009
31009
31008
31008
31008
31008
31009
31009
31009
31009
31009
31009
31009
31009
31008
31008
31008
31008
31008
31008
31008
31009
31009
31009
31010
31010
31010
31010
31010
31010
31012
31012
31012
31010
31010
31010
31010
31010
31009
31009
31009
31008
31008
31008
31008
31008
31008
31008
31008
31008
31008
31008
31008
31008
31008
31008
31008
31008
31007
31007
31007
31007
31007
31007
31007
31007
31007
31007
31007
31007
31007
31007
31007
31007
31007
31007
31007
31007
31007
31007
31006
31005
31005
31005
31005
31005
31005
31005
31005
31007
31007
31007
31007
31007
31007
31007
31007
31007
31008
31008
31008
31008
31009
31008
31007
31007
31007
31007
31008
31007
31007
31007
31007
31007
31007
31005
31005
31005
31005
31006
31006
31006
31006
31006
31006
31006
31006
31006
31006
31006
31006
31006
31006
31006
31006
31006
31006
31006
31005
31005
31005
31005
31005
31005
31005
31005
31005
31005
31005
31005
31005
31005
31005
31005
31005
31005
31005
31005
31004
31005
31005
31005
31005
31005
31004
31004
31004
31004
31004
31004
31004
31005
31005
31005
31005
31005
31005
31005
31004
31003
31003
31003
31003
31003
31004
31003
31003
31003
31000
31000
31000
31000
31000
31000
31000
31000
31000
31000
31000
31000
31000
30999
30999
30999
30999
30999
30999
30999
30999
30999
30999
30999
30998
30998
30998
30998
30998
30998
30996
30996
30996
30996
30996
30996
30996
30996
30996
30996
30996
30996
30996
30997
30997
30996
30995
30995
30995
30994
30994
30994
30994
30994
30994
30994
30994
30994
30994
30994
30995
30995
30995
30995
30995
30995
30995
30995
30996
30996
30996
30996
30995
30995
30995
30995
30995
30995
30994
30994
30994
30994
30994
30994
30994
30994
30994
30994
30994
30993
30993
30993
30993
30993
30993
30993
30993
30993
30994
30994
30995
30995
30995
30995
30995
30995
30995
30995
30995
30995
30995
30995
30995
30995
30995
30995
30996
30996
30996
30996
30995
30995
30995
30995
30995
30995
30995
30995
30995
30995
30995
30995
30995
30995
30995
30995
30995
30994
30993
30993
30993
30993
30993
30993
30993
30991
30991
30991
30991
30991
30991
30991
30991
30991
30991
30991
30990
30990
30990
30991
30991
30991
30991
30991
30992
30992
30992
30992
30992
30992
30992
30992
30992
30992
30992
30992
30992
30992
30992
30992
30992
30992
30993
30993
30993
30993
30993
30993
30993
30993
30993
30993
30993
30993
30993
30993
30993
30993
30990
30990
30990
30990
30990
30990
30988
30988
30988
30988
30988
30988
30988
30988
30988
30988
30988
30988
30988
30989
30989
30989
30989
30989
30990
30990
30990
30990
30990
30990
30990
30990
30990
30990
30990
30990
30990
30989
30989
30989
30988
30988
30988
30988
30988
30987
30986
30986
30986
30986
30986
30986
30986
30986
30986
30986
30986
30986
30985
30985
30985
30985
30985
30985
30985
30984
30984
30984
30984
30984
30984
30984
30984
30984
30983
30983
30983
30983
30984
30984
30984
30984
30984
30984
30984
30984
30984
30984
30984
30984
30983
30983
30983
30983
30983
30980
30980
30980
30980
30981
30981
30981
30981
30981
30981
30981
30981
30981
30981
30981
30981
30981
30980
30980
30980
30980
30980
30980
30980
30980
30980
30980
30980
30981
30981
30981
30981
30981
30981
30981
30981
30981
30981
30980
30980
30980
30980
30980
30980
30980
30980
30980
30980
30979
30979
30978
30978
30978
30978
30978
30978
30978
30978
30978
30978
30978
30978
30978
30978
30977
30977
30977
30976
30976
30976
30976
30976
30976
30976
30976
30976
30976
30976
30976
30976
30975
30975
30975
30975
30975
30975
30975
30975
30973
30973
30973
30973
30972
30972
30972
30973
30972
30971
30971
30972
30972
30972
30972
30972
30971
30971
30971
30971
30971
30971
30971
30971
30971
30972
30972
30972
30972
30971
30971
30972
30972
30972
30972
30972
30972
30972
30973
30973
30973
30972
30973
30973
30973
30973
30973
30973
30974
30974
30974
30974
30974
30974
30974
30974
30974
30974
30971
30970
30969
30969
30969
30969
30969
30969
30969
30969
30969
30970
30970
30970
30970
30970
30970
30971
30971
30971
30971
30970
30970
30970
30970
30970
30970
30970
30970
30969
30968
30968
30968
30968
30968
30968
30968
30968
30968
30968
30969
30969
30969
30969
30969
30969
30969
30969
30969
30969
30969
30969
30969
30969
30969
30969
30969
30969
30969
30969
30969
30969
30969
30969
30969
30969
30969
30969
30969
30969
30969
30969
30969
30968
30968
30968
30966
30965
30965
30965
30965
30965
30965
30966
30966
30966
30966
30966
30966
30966
30965
30965
30965
30965
30965
30965
30965
30965
30965
30965
30965
30965
30965
30964
30963
30963
30963
30964
30964
30964
30964
30964
30964
30964
30964
30964
30964
30964
30964
30964
30964
30964
30964
30965
30966
30966
30964
30964
30964
30963
30963
30961
30961
30961
30961
30961
30961
30961
30961
30961
30961
30961
30961
30961
30960
30960
30959
30959
30959
30960
30960
30960
30960
30960
30960
30960
30959
30959
30959
30958
30959
30959
30959
30959
30959
30959
30959
30959
30959
30959
30959
30959
30959
30959
30959
30959
30958
30958
30958
30958
30957
30957
30956
30956
30956
30955
30955
30955
30955
30955
30955
30955
30955
30955
30955
30955
30955
30955
30955
30955
30955
30955
30955
30956
30956
30956
30956
30956
30956
30956
30956
30956
30956
30956
30956
30956
30956
30956
30956
30957
30957
30957
30957
30957
30957
30957
30957
30957
30957
30957
30957
30957
30957
30957
30957
30957
30957
30957
30957
30957
30957
30957
30957
30957
30957
30957
30957
30957
30957
30957
30956
30956
30956
30956
30956
30956
30956
30956
30956
30956
30955
30955
30955
30954
30954
30954
30954
30954
30954
30954
30954
30954
30953
30953
30953
30953
30953
30953
30954
30954
30954
30954
30954
30954
30955
30955
30955
30954
30954
30954
30954
30954
30954
30954
30954
30955
30955
30955
30955
30955
30954
30954
30954
30952
30952
30950
30950
30950
30950
30950
30949
30948
30948
30948
30948
30948
30948
30948
30948
30948
30947
30948
30947
30946
30946
30946
30946
30946
30946
30946
30946
30946
30946
30945
30946
30946
30946
30946
30946
30947
30947
30947
30948
30947
30947
30947
30947
30947
30947
30946
30946
30946
30946
30946
30946
30946
30946
30946
30946
30946
30946
30946
30946
30946
30946
30946
30946
30945
30945
30945
30944
30944
30944
30944
30944
30943
30943
30940
30940
30941
30941
30941
30943
30943
30943
30943
30943
30943
30943
30943
30943
30943
30943
30943
30943
30942
30940
30941
30941
30941
30942
30942
30942
30942
30942
30943
30943
30943
30943
30943
30943
30943
30943
30943
30943
30944
30944
30944
30944
30944
30944
30944
30943
30943
30943
30943
30943
30943
30943
30943
30943
30943
30943
30942
30943
30942
30942
30942
30942
30942
30941
30941
30941
30941
30941
30941
30941
30942
30942
30942
30942
30942
30942
30942
30942
30942
30942
30942
30940
30940
30940
30940
30940
30940
30940
30939
30939
30939
30939
30939
30939
30939
30939
30939
30939
30939
30939
30939
30939
30940
30939
30939
30939
30939
30938
30938
30938
30938
30938
30938
30937
30937
30937
30937
30938
30938
30938
30938
30938
30938
30938
30938
30938
30938
30938
30937
30936
30936
30936
30936
30936
30936
30936
30936
30936
30936
30936
30936
30936
30936
30935
30935
30934
30934
30934
30934
30934
30934
30934
30934
30934
30934
30934
30934
30934
30934
30934
30934
30934
30934
30934
30934
30934
30934
30932
30932
30931
30931
30931
30931
30931
30931
30931
30931
30931
30931
30931
30931
30931
30931
30931
30932
30932
30932
30932
30932
30932
30932
30932
30932
30932
30932
30932
30932
30932
30931
30929
30929
30929
30929
30929
30929
30929
30929
30930
30930
30929
30929
30929
30930
30930
30929
30928
30928
30928
30928
30929
30928
30928
30928
30929
30929
30928
30929
30929
30928
30927
30927
30928
30928
30928
30928
30928
30928
30927
30927
30927
30927
30927
30927
30927
30927
30927
30927
30927
30927
30927
30927
30927
30927
30927
30927
30927
30927
30927
30927
30927
30927
30927
30927
30927
30926
30926
30926
30926
30927
30926
30926
30926
30926
30926
30926
30926
30926
30926
30926
30926
30926
30927
30927
30927
30928
30928
30928
30928
30928
30928
30928
30928
30928
30928
30928
30928
30928
30928
30928
30928
30928
30928
30928
30928
30928
30928
30928
30928
30928
30927
30927
30927
30927
30927
30926
30926
30925
30925
30925
30925
30924
30923
30923
30923
30923
30923
30923
30923
30923
30923
30923
30922
30922
30922
30922
30922
30922
30922
30922
30922
30922
30922
30921
30921
30921
30921
30921
30921
30921
30921
30921
30921
30920
30920
30920
30920
30920
30920
30920
30919
30919
30920
30920
30920
30920
30920
30920
30920
30920
30920
30920
30920
30920
30920
30919
30919
30918
30918
30918
30918
30918
30918
30918
30918
30918
30918
30918
30918
30918
30916
30916
30916
30916
30916
30916
30916
30916
30916
30916
30916
30916
30916
30916
30916
30916
30916
30916
30916
30916
30916
30916
30916
30916
30916
30916
30916
30916
30915
30915
30915
30915
30915
30915
30915
30915
30915
30915
30915
30915
30914
30914
30914
30914
30914
30913
30913
30913
30913
30913
30913
30913
30913
30913
30912
30912
30912
30912
30912
30912
30912
30912
30912
30912
30912
30912
30912
30911
30911
30911
30911
30912
30912
30913
30913
30913
30913
30913
30912
30912
30912
30912
30912
30912
30912
30912
30912
30912
30912
30912
30912
30912
30911
30911
30911
30911
30911
30911
30911
30911
30911
30911
30911
30911
30911
30910
30910
30911
30911
30911
30911
30911
30911
30911
30911
30911
30911
30910
30910
30910
30910
30910
30910
30910
30910
30910
30910
30910
30911
30912
30912
30912
30912
30912
30912
30912
30912
30912
30912
30912
30912
30912
30912
30912
30912
30912
30912
30912
30912
30912
30913
30913
30913
30913
30913
30913
30913
30912
30912
30912
30912
30911
30911
30911
30911
30911
30911
30911
30911
30911
30911
30911
30911
30911
30911
30911
30911
30911
30910
30910
30910
30910
30910
30910
30910
30910
30910
30910
30910
30910
30910
30910
30910
30910
30910
30910
30909
30909
30910
30910
30910
30910
30910
30910
30910
30909
30909
30908
30908
30908
30907
30907
30907
30907
30907
30906
30906
30906
30906
30906
30906
30906
30905
30905
30906
30906
30906
30906
30905
30905
30905
30905
30905
30905
30905
30905
30905
30905
30905
30905
30905
30905
30905
30905
30905
30905
30905
30905
30905
30905
30903
30903
30903
30903
30903
30902
30901
30901
30901
30901
30902
30902
30901
30901
30901
30901
30901
30901
30900
30900
30900
30900
30900
30898
30898
30898
30898
30898
30898
30898
30898
30898
30898
30898
30897
30897
30897
30897
30897
30898
30898
30898
30898
30898
30898
30898
30898
30898
30898
30898
30899
30899
30899
30899
30899
30899
30899
30899
30899
30899
30899
30899
30899
30897
30897
30897
30897
30898
30898
30898
30898
30898
30898
30898
30898
30898
30898
30898
30898
30899
30899
30899
30899
30899
30899
30899
30899
30899
30899
30900
30900
30899
30899
30899
30898
30898
30898
30898
30898
30898
30898
30898
30898
30898
30898
30899
30899
30899
30897
30897
30897
30897
30898
30898
30898
30898
30898
30897
30897
30896
30896
30896
30896
30896
30896
30896
30896
30896
30896
30896
30896
30896
30896
30897
30897
30897
30897
30897
30897
30896
30896
30896
30895
30896
30896
30896
30895
30895
30895
30895
30895
30895
30895
30894
30894
30894
30893
30892
30892
30892
30892
30891
30891
30891
30891
30890
30890
30888
30888
30888
30888
30888
30888
30888
30888
30888
30888
30888
30888
30888
30888
30888
30888
30886
30886
30886
30886
30884
30884
30883
30883
30883
30883
30883
30883
30883
30882
30882
30882
30882
30881
30881
30881
30881
30881
30881
30881
30880
30880
30880
30880
30880
30880
30880
30880
30880
30879
30879
30879
30878
30878
30878
30878
30877
30877
30877
30877
30877
30877
30877
30877
30878
30878
30878
30877
30877
30877
30877
30877
30877
30877
30877
30876
30876
30876
30877
30877
30877
30877
30877
30877
30878
30878
30878
30878
30878
30878
30878
30878
30878
30877
30876
30876
30876
30876
30876
30876
30876
30876
30876
30876
30876
30875
30875
30875
30875
30875
30875
30875
30875
30875
30875
30873
30873
30873
30873
30873
30875
30875
30874
30875
30876
30876
30876
30876
30876
30876
30875
30875
30875
30875
30875
30875
30875
30874
30873
30873
30873
30873
30873
30872
30872
30871
30871
30871
30871
30871
30871
30869
30868
30868
30868
30868
30868
30868
30868
30868
30869
30869
30869
30869
30869
30869
30869
30869
30868
30869
30869
30869
30869
30869
30868
30868
30867
30867
30867
30867
30865
30865
30865
30864
30864
30864
30864
30864
30864
30864
30864
30865
30865
30865
30865
30865
30864
30864
30864
30864
30862
30862
30861
30861
30861
30861
30861
30863
30863
30863
30863
30863
30862
30861
30861
30861
30861
30861
30861
30861
30861
30861
30861
30861
30861
30861
30861
30861
30861
30861
30861
30861
30861
30861
30861
30861
30861
30861
30861
30861
30861
30861
30861
30860
30860
30860
30860
30860
30860
30860
30858
30858
30857
30857
30857
30857
30857
30857
30857
30857
30856
30855
30855
30855
30855
30854
30854
30854
30854
30854
30853
30851
30851
30851
30851
30851
30851
30851
30851
30851
30851
30851
30851
30851
30851
30851
30850
30849
30849
30850
30850
30850
30850
30850
30850
30850
30850
30850
30849
30849
30849
30848
30848
30848
30848
30847
30847
30847
30847
30846
30846
30846
30846
30846
30846
30846
30846
30845
30845
30844
30845
30845
30845
30845
30845
30845
30845
30845
30845
30845
30845
30845
30845
30845
30845
30845
30845
30844
30844
30844
30843
30843
30844
30845
30844
30844
30844
30844
30843
30843
30843
30843
30842
30842
30842
30842
30842
30842
30842
30842
30842
30842
30842
30842
30842
30842
30842
30841
30841
30842
30841
30841
30841
30841
30840
30840
30840
30840
30840
30840
30840
30840
30840
30839
30839
30839
30839
30840
30840
30840
30840
30841
30841
30841
30841
30841
30841
30841
30841
30841
30841
30842
30842
30842
30842
30843
30843
30843
30843
30843
30843
30843
30843
30843
30842
30842
30842
30841
30842
30842
30842
30842
30842
30842
30842
30842
30842
30842
30842
30842
30842
30842
30842
30842
30842
30842
30842
30842
30842
30841
30841
30841
30841
30841
30841
30840
30840
30840
30841
30841
30841
30841
30841
30841
30841
30841
30841
30841
30841
30841
30841
30841
30841
30841
30842
30842
30843
30843
30843
30842
30842
30841
30840
30840
30840
30840
30840
30840
30840
30838
30838
30838
30838
30837
30837
30837
30837
30837
30836
30836
30836
30834
30834
30834
30834
30834
30834
30834
30834
30834
30834
30833
30833
30833
30833
30833
30833
30833
30832
30832
30832
30832
30832
30832
30832
30832
30832
30832
30831
30831
30830
30828
30828
30828
30828
30828
30828
30828
30825
30825
30826
30826
30826
30826
30826
30826
30826
30825
30825
30825
30825
30825
30825
30825
30825
30825
30824
30824
30824
30823
30823
30823
30822
30821
30821
30821
30820
30820
30820
30820
30820
30820
30820
30820
30820
30819
30819
30819
30819
30819
30819
30817
30817
30816
30816
30816
30816
30816
30816
30816
30816
30816
30816
30815
30816
30816
30815
30815
30814
30814
30814
30815
30815
30815
30815
30815
30815
30815
30815
30815
30814
30814
30814
30814
30814
30814
30814
30814
30814
30814
30814
30814
30814
30814
30813
30813
30812
30812
30812
30811
30811
30811
30811
30811
30811
30811
30811
30809
30810
30810
30810
30810
30810
30810
30810
30811
30811
30811
30811
30811
30812
30812
30812
30812
30812
30812
30812
30812
30812
30812
30812
30811
30811
30811
30811
30811
30811
30811
30808
30809
30809
30809
30809
30809
30809
30809
30809
30809
30809
30809
30809
30808
30808
30808
30808
30807
30807
30807
30807
30807
30806
30806
30806
30806
30806
30806
30806
30806
30806
30805
30805
30805
30805
30805
30805
30805
30805
30805
30804
30804
30804
30804
30804
30804
30804
30804
30804
30804
30804
30804
30804
30804
30803
30804
30804
30804
30805
30805
30806
30806
30806
30806
30806
30806
30805
30806
30806
30805
30805
30805
30805
30805
30805
30805
30805
30805
30805
30805
30805
30805
30804
30804
30804
30804
30803
30803
30803
30803
30804
30805
30804
30804
30804
30804
30804
30804
30804
30804
30804
30804
30804
30804
30804
30804
30804
30804
30803
30803
30802
30802
30800
30799
30799
30800
30799
30799
30799
30799
30798
30799
30799
30799
30799
30799
30799
30799
30799
30799
30799
30798
30798
30798
30798
30798
30798
30799
30798
30797
30796
30796
30796
30796
30796
30795
30795
30795
30795
30795
30794
30794
30794
30793
30793
30794
30794
30794
30794
30794
30794
30794
30795
30795
30795
30795
30795
30795
30795
30795
30795
30795
30795
30795
30795
30795
30795
30795
30794
30794
30794
30794
30794
30794
30794
30793
30793
30793
30793
30793
30791
30791
30791
30791
30791
30791
30790
30790
30790
30791
30789
30789
30789
30789
30789
30789
30789
30789
30789
30789
30789
30789
30789
30789
30789
30787
30787
30787
30787
30787
30787
30787
30787
30787
30787
30787
30787
30787
30787
30787
30787
30787
30787
30787
30787
30787
30786
30785
30785
30785
30784
30784
30784
30784
30784
30784
30784
30784
30784
30784
30783
30782
30782
30782
30782
30782
30782
30782
30782
30782
30782
30781
30781
30781
30781
30782
30782
30782
30782
30782
30782
30782
30782
30783
30783
30782
30782
30782
30782
30782
30782
30782
30782
30781
30781
30781
30781
30781
30781
30781
30780
30780
30780
30780
30780
30780
30780
30779
30779
30779
30779
30779
30779
30779
30779
30779
30779
30779
30779
30779
30779
30779
30778
30778
30778
30778
30778
30777
30777
30777
30777
30777
30777
30777
30777
30777
30777
30777
30777
30777
30776
30776
30777
30776
30776
30776
30776
30776
30776
30776
30776
30776
30776
30775
30773
30773
30773
30773
30773
30773
30773
30772
30772
30773
30773
30773
30773
30773
30773
30773
30773
30772
30772
30772
30772
30772
30772
30772
30772
30772
30772
30771
30771
30771
30771
30771
30771
30771
30771
30770
30770
30770
30770
30770
30768
30768
30768
30769
30769
30769
30769
30768
30768
30768
30768
30768
30767
30767
30767
30767
30767
30767
30767
30767
30767
30768
30768
30768
30767
30767
30767
30767
30767
30767
30767
30767
30767
30768
30768
30768
30768
30768
30768
30768
30768
30767
30767
30767
30767
30767
30766
30766
30766
30766
30766
30766
30766
30767
30767
30767
30767
30767
30767
30767
30767
30767
30767
30767
30767
30766
30767
30767
30767
30767
30767
30767
30767
30767
30767
30767
30767
30766
30765
30765
30765
30765
30765
30765
30765
30765
30765
30765
30765
30765
30765
30765
30765
30764
30764
30764
30764
30764
30764
30764
30763
30763
30763
30763
30763
30764
30764
30764
30764
30764
30764
30764
30764
30764
30764
30764
30764
30764
30764
30764
30762
30762
30762
30762
30763
30763
30763
30762
30762
30762
30762
30762
30762
30762
30762
30762
30762
30762
30762
30762
30762
30761
30761
30761
30760
30760
30760
30760
30760
30760
30760
30760
30759
30760
30760
30760
30760
30760
30761
30761
30761
30761
30761
30761
30760
30760
30760
30760
30760
30761
30761
30761
30762
30762
30762
30760
30760
30760
30760
30760
30760
30760
30759
30759
30759
30759
30760
30759
30759
30759
30759
30759
30759
30759
30759
30759
30758
30758
30758
30758
30758
30758
30758
30758
30758
30758
30758
30758
30758
30758
30758
30758
30758
30758
30758
30758
30759
30759
30759
30759
30759
30759
30759
30759
30759
30759
30758
30758
30757
30755
30755
30755
30755
30756
30756
30756
30755
30755
30754
30754
30754
30754
30754
30754
30754
30754
30754
30754
30754
30754
30754
30754
30755
30755
30755
30755
30755
30756
30755
30755
30755
30755
30755
30755
30755
30755
30755
30755
30755
30755
30755
30755
30755
30755
30755
30754
30754
30754
30754
30754
30753
30753
30753
30753
30753
30752
30752
30752
30751
30751
30751
30750
30750
30750
30750
30748
30748
30748
30747
30747
30747
30747
30747
30747
30747
30747
30747
30747
30746
30746
30746
30746
30746
30746
30746
30746
30746
30746
30746
30746
30746
30746
30745
30745
30745
30745
30745
30745
30745
30744
30744
30744
30744
30744
30744
30744
30744
30743
30742
30742
30741
30740
30739
30739
30739
30739
30739
30739
30739
30740
30741
30741
30741
30741
30740
30740
30739
30739
30740
30740
30740
30740
30740
30740
30740
30740
30740
30740
30740
30740
30740
30740
30740
30740
30740
30740
30740
30740
30740
30739
30739
30739
30739
30739
30739
30739
30739
30739
30739
30739
30739
30739
30739
30739
30739
30739
30739
30738
30738
30738
30738
30739
30739
30739
30739
30739
30739
30740
30740
30740
30740
30738
30737
30737
30737
30737
30737
30736
30736
30736
30737
30737
30737
30737
30737
30737
30737
30738
30738
30738
30738
30738
30738
30738
30738
30738
30738
30738
30738
30738
30738
30738
30738
30738
30738
30738
30738
30738
30738
30738
30737
30737
30737
30737
30737
30737
30737
30737
30737
30737
30737
30737
30738
30739
30739
30739
30739
30739
30739
30739
30739
30739
30740
30740
30740
30741
30740
30740
30740
30740
30740
30740
30740
30740
30740
30740
30740
30741
30742
30742
30742
30742
30742
30741
30741
30741
30741
30741
30740
30740
30740
30740
30737
30737
30737
30737
30737
30737
30737
30737
30737
30737
30737
30737
30736
30736
30736
30736
30736
30736
30736
30736
30737
30737
30737
30736
30736
30736
30736
30736
30737
30737
30736
30736
30735
30735
30735
30735
30735
30735
30735
30734
30734
30734
30734
30734
30734
30734
30734
30734
30734
30734
30734
30734
30734
30734
30734
30734
30734
30734
30734
30734
30734
30734
30734
30734
30734
30735
30735
30734
30734
30734
30734
30734
30734
30734
30734
30734
30734
30733
30733
30733
30733
30733
30734
30733
30733
30733
30733
30733
30733
30733
30733
30733
30733
30733
30732
30732
30732
30731
30731
30731
30731
30731
30731
30731
30731
30731
30731
30731
30731
30731
30731
30731
30731
30730
30730
30730
30730
30729
30730
30730
30729
30729
30729
30727
30727
30726
30726
30726
30726
30726
30726
30726
30726
30726
30726
30726
30726
30725
30725
30724
30724
30723
30723
30724
30722
30722
30722
30722
30722
30721
30721
30721
30721
30721
30721
30721
30721
30721
30721
30720
30720
30720
30720
30720
30720
30720
30720
30720
30720
30720
30720
30719
30719
30719
30719
30720
30720
30720
30720
30720
30720
30720
30720
30720
30720
30720
30721
30721
30721
30721
30721
30721
30722
30722
30722
30722
30722
30723
30723
30723
30723
30723
30723
30723
30723
30723
30723
30723
30723
30723
30723
30723
30723
30723
30723
30723
30723
30722
30722
30722
30722
30722
30722
30722
30722
30722
30722
30722
30722
30722
30722
30721
30721
30721
30721
30721
30721
30722
30722
30721
30721
30721
30720
30720
30720
30720
30720
30720
30720
30720
30720
30720
30720
30720
30720
30720
30720
30720
30720
30720
30719
30717
30717
30717
30717
30718
30716
30716
30716
30716
30715
30715
30715
30715
30715
30715
30715
30715
30716
30716
30716
30716
30716
30716
30716
30716
30716
30716
30716
30716
30716
30715
30716
30715
30715
30715
30715
30715
30715
30716
30716
30716
30716
30716
30716
30716
30716
30716
30716
30715
30715
30715
30715
30715
30715
30713
30713
30713
30714
30714
30714
30714
30714
30712
30712
30712
30712
30713
30713
30713
30713
30713
30713
30713
30713
30713
30713
30713
30712
30712
30712
30712
30713
30713
30713
30713
30712
30712
30712
30712
30712
30712
30712
30712
30712
30712
30712
30712
30712
30712
30712
30712
30712
30712
30712
30712
30710
30710
30710
30710
30710
30710
30710
30711
30711
30711
30711
30711
30711
30711
30711
30711
30711
30711
30711
30711
30711
30711
30711
30711
30711
30711
30712
30712
30712
30712
30712
30712
30712
30712
30712
30712
30712
30712
30711
30711
30712
30712
30712
30712
30712
30711
30711
30713
30713
30713
30713
30713
30713
30713
30713
30713
30713
30713
30713
30713
30713
30713
30714
30714
30714
30714
30713
30713
30713
30713
30713
30713
30713
30713
30713
30713
30713
30713
30713
30713
30713
30713
30713
30713
30713
30713
30713
30713
30714
30712
30711
30712
30712
30712
30711
30711
30710
30710
30710
30710
30709
30709
30709
30709
30709
30709
30710
30709
30709
30709
30709
30709
30709
30709
30709
30709
30709
30708
30708
30708
30708
30708
30708
30708
30707
30707
30707
30707
30706
30706
30706
30706
30706
30706
30706
30706
30705
30705
30705
30705
30705
30705
30705
30705
30705
30705
30705
30705
30705
30705
30705
30705
30705
30706
30707
30708
30708
30708
30708
30708
30708
30708
30708
30708
30707
30707
30707
30707
30707
30707
30706
30706
30706
30706
30706
30706
30706
30706
30706
30706
30706
30706
30706
30706
30706
30706
30707
30707
30707
30707
30707
30707
30707
30707
30707
30707
30707
30707
30707
30708
30708
30708
30708
30708
30707
30707
30707
30707
30707
30707
30706
30705
30705
30705
30705
30703
30703
30703
30703
30703
30703
30703
30703
30703
30703
30703
30703
30704
30703
30703
30703
30703
30703
30702
30702
30702
30702
30702
30701
30701
30700
30699
30698
30698
30698
30698
30698
30698
30698
30697
30697
30697
30697
30697
30697
30697
30697
30697
30697
30697
30698
30698
30698
30698
30698
30698
30698
30698
30698
30698
30698
30698
30698
30698
30698
30699
30699
30699
30699
30699
30699
30699
30699
30699
30699
30699
30698
30698
30698
30698
30698
30698
30698
30698
30697
30696
30696
30696
30696
30696
30696
30696
30696
30696
30696
30696
30696
30696
30696
30696
30696
30696
30696
30696
30696
30696
30696
30696
30696
30696
30696
30695
30695
30695
30695
30695
30695
30695
30695
30695
30695
30695
30695
30695
30695
30695
30695
30695
30695
30695
30695
30695
30695
30695
30695
30695
30695
30695
30695
30695
30695
30695
30695
30695
30695
30695
30695
30695
30695
30695
30695
30695
30695
30695
30695
30695
30694
30694
30694
30693
30693
30693
30693
30693
30693
30693
30693
30693
30693
30693
30694
30694
30695
30695
30695
30695
30695
30695
30695
30695
30695
30695
30695
30695
30695
30695
30695
30695
30695
30695
30695
30695
30694
30694
30694
30694
30695
30695
30695
30695
30695
30696
30696
30696
30697
30697
30697
30697
30697
30697
30697
30697
30697
30697
30697
30696
30696
30696
30696
30695
30692
30692
30693
30693
30693
30693
30691
30691
30691
30691
30690
30690
30690
30690
30690
30690
30689
30689
30689
30689
30689
30689
30689
30688
30688
30688
30687
30687
30687
30687
30686
30686
30686
30686
30686
30686
30686
30685
30685
30685
30685
30685
30685
30685
30684
30684
30684
30684
30684
30684
30684
30684
30684
30683
30683
30683
30683
30682
30681
30681
30681
30681
30681
30681
30680
30680
30679
30679
30679
30679
30679
30679
30679
30679
30678
30678
30677
30677
30677
30677
30677
30677
30677
30677
30675
30675
30675
30675
30675
30675
30675
30675
30674
30674
30674
30673
30672
30672
30672
30672
30672
30672
30672
30672
30672
30672
30672
30672
30672
30671
30671
30671
30670
30670
30670
30670
30670
30670
30670
30670
30670
30669
30669
30669
30669
30668
30668
30668
30668
30668
30668
30668
30668
30668
30668
30668
30667
30666
30666
30666
30666
30666
30666
30666
30666
30666
30666
30666
30665
30665
30665
30665
30665
30665
30665
30665
30665
30665
30665
30665
30665
30665
30665
30665
30665
30665
30665
30665
30665
30665
30665
30665
30665
30665
30666
30667
30667
30667
30667
30666
30667
30667
30667
30667
30667
30667
30666
30665
30665
30665
30665
30665
30665
30665
30665
30666
30666
30666
30666
30666
30666
30666
30666
30667
30667
30667
30668
30668
30668
30668
30668
30668
30668
30667
30668
30668
30668
30668
30667
30667
30667
30667
30667
30667
30667
30667
30667
30667
30667
30667
30667
30668
30668
30668
30668
30667
30667
30667
30667
30667
30667
30667
30667
30666
30666
30666
30666
30666
30666
30666
30666
30666
30666
30666
30666
30666
30666
30666
30666
30666
30667
30665
30665
30665
30665
30665
30665
30665
30665
30665
30664
30664
30664
30664
30664
30664
30664
30664
30664
30664
30663
30663
30663
30663
30663
30663
30663
30663
30663
30663
30663
30663
30663
30663
30663
30663
30663
30663
30663
30663
30663
30663
30663
30663
30663
30663
30663
30663
30663
30663
30663
30663
30663
30663
30663
30663
30663
30663
30663
30663
30663
30663
30659
30659
30659
30659
30659
30659
30659
30659
30659
30659
30659
30659
30659
30659
30659
30659
30660
30661
30661
30661
30661
30660
30660
30660
30660
30661
30661
30661
30661
30661
30661
30661
30661
30661
30661
30659
30659
30659
30659
30658
30658
30658
30658
30658
30658
30658
30658
30658
30658
30658
30658
30658
30658
30658
30658
30658
30658
30658
30658
30657
30657
30657
30657
30657
30657
30657
30656
30656
30656
30656
30656
30656
30656
30655
30655
30655
30655
30655
30654
30654
30652
30652
30652
30652
30652
30652
30652
30651
30652
30652
30652
30652
30652
30652
30652
30652
30651
30650
30650
30650
30650
30650
30650
30650
30650
30650
30650
30650
30650
30650
30650
30650
30650
30650
30648
30648
30648
30648
30648
30648
30647
30647
30647
30646
30645
30644
30644
30644
30644
30644
30644
30643
30643
30643
30643
30642
30642
30642
30641
30641
30641
30640
30640
30640
30639
30639
30639
30639
30639
30638
30638
30638
30638
30638
30638
30638
30638
30638
30638
30638
30638
30638
30638
30638
30638
30639
30639
30639
30639
30639
30639
30639
30639
30639
30639
30639
30639
30639
30639
30639
30639
30639
30639
30639
30639
30639
30639
30639
30639
30639
30639
30639
30639
30639
30639
30639
30639
30639
30639
30639
30638
30638
30638
30638
30638
30638
30638
30638
30638
30638
30638
30638
30637
30637
30637
30637
30637
30637
30637
30637
30637
30637
30637
30637
30636
30636
30636
30636
30637
30637
30637
30637
30637
30637
30637
30637
30637
30637
30637
30637
30637
30637
30637
30637
30638
30638
30637
30636
30636
30636
30636
30636
30636
30635
30634
30634
30634
30634
30634
30633
30633
30633
30633
30633
30633
30633
30632
30632
30632
30632
30632
30632
30632
30632
30632
30632
30632
30632
30632
30632
30631
30631
30631
30631
30631
30631
30631
30631
30631
30629
30629
30629
30629
30629
30629
30629
30629
30629
30629
30630
30630
30630
30630
30630
30630
30630
30630
30630
30630
30630
30630
30630
30630
30630
30630
30630
30630
30630
30630
30630
30630
30629
30629
30628
30628
30628
30628
30628
30628
30628
30628
30628
30628
30628
30628
30628
30628
30628
30628
30628
30628
30626
30626
30626
30626
30626
30626
30625
30624
30623
30623
30623
30622
30620
30621
30621
30620
30620
30620
30620
30620
30620
30620
30621
30620
30620
30620
30620
30620
30620
30620
30620
30619
30619
30619
30619
30619
30619
30619
30619
30619
30619
30619
30619
30619
30619
30619
30619
30619
30618
30618
30618
30618
30618
30618
30618
30617
30617
30617
30617
30617
30617
30617
30617
30617
30617
30617
30617
30616
30616
30616
30616
30616
30616
30616
30616
30615
30615
30614
30615
30615
30615
30615
30615
30615
30613
30613
30613
30614
30614
30614
30614
30614
30614
30614
30614
30614
30614
30614
30614
30614
30614
30614
30614
30614
30614
30614
30614
30614
30613
30615
30615
30613
30612
30611
30611
30611
30611
30611
30611
30610
30610
30609
30609
30609
30608
30606
30607
30607
30607
30607
30607
30607
30607
30607
30607
30607
30607
30607
30607
30607
30607
30607
30608
30608
30608
30608
30608
30608
30608
30608
30607
30608
30608
30608
30608
30608
30608
30608
30608
30608
30608
30608
30608
30608
30608
30606
30606
30606
30606
30606
30606
30606
30605
30606
30605
30605
30604
30603
30602
30602
30602
30602
30602
30602
30602
30602
30602
30602
30602
30602
30602
30602
30602
30602
30602
30602
30602
30602
30602
30602
30602
30602
30602
30602
30602
30602
30602
30602
30601
30601
30600
30600
30600
30600
30600
30600
30600
30600
30601
30601
30602
30602
30602
30602
30602
30602
30602
30602
30602
30602
30602
30602
30602
30602
30602
30602
30602
30602
30602
30602
30602
30602
30602
30602
30602
30602
30601
30600
30600
30600
30600
30600
30600
30598
30598
30598
30599
30599
30599
30600
30598
30598
30598
30598
30598
30598
30598
30598
30598
30598
30597
30595
30595
30595
30595
30594
30594
30594
30594
30594
30593
30593
30593
30593
30593
30593
30592
30592
30592
30592
30592
30592
30592
30592
30592
30592
30592
30592
30592
30592
30592
30592
30592
30592
30592
30592
30592
30592
30592
30592
30592
30592
30592
30592
30592
30591
30591
30591
30591
30591
30591
30591
30591
30591
30591
30591
30591
30591
30591
30591
30591
30591
30591
30591
30591
30591
30591
30591
30591
30591
30593
30593
30592
30592
30592
30592
30592
30592
30592
30592
30592
30592
30592
30592
30592
30592
30592
30592
30592
30593
30593
30593
30594
30594
30594
30594
30594
30595
30595
30595
30596
30596
30596
30596
30596
30596
30596
30596
30596
30596
30596
30596
30596
30597
30597
30597
30597
30597
30597
30597
30596
30596
30595
30595
30594
30594
30594
30594
30594
30594
30594
30594
30594
30594
30592
30592
30592
30592
30591
30591
30591
30591
30591
30591
30591
30589
30589
30589
30589
30589
30589
30589
30589
30589
30589
30589
30589
30589
30589
30589
30589
30589
30589
30589
30589
30589
30589
30589
30588
30588
30588
30588
30588
30588
30588
30588
30588
30588
30588
30588
30588
30588
30588
30588
30587
30586
30586
30586
30586
30586
30586
30586
30586
30586
30587
30587
30587
30587
30587
30587
30587
30586
30586
30586
30586
30585
30585
30585
30585
30585
30585
30585
30585
30585
30585
30584
30584
30585
30585
30585
30585
30585
30585
30585
30585
30585
30585
30585
30585
30585
30585
30585
30585
30585
30585
30585
30587
30587
30587
30587
30587
30587
30587
30587
30587
30587
30587
30587
30587
30587
30587
30587
30587
30587
30587
30587
30588
30588
30588
30588
30588
30588
30588
30589
30589
30589
30590
30590
30590
30590
30591
30591
30591
30591
30591
30590
30590
30590
30590
30590
30590
30590
30590
30590
30591
30591
30589
30588
30588
30588
30588
30588
30588
30588
30588
30588
30587
30587
30587
30587
30587
30587
30587
30587
30587
30586
30586
30585
30585
30585
30585
30584
30584
30584
30584
30584
30584
30584
30584
30584
30584
30584
30584
30584
30584
30584
30583
30583
30583
30583
30582
30582
30582
30582
30583
30583
30583
30583
30583
30583
30583
30583
30583
30582
30582
30583
30583
30583
30581
30582
30580
30579
30579
30579
30579
30579
30579
30579
30580
30580
30580
30580
30580
30580
30580
30580
30580
30580
30580
30580
30580
30581
30581
30581
30580
30580
30580
30579
30578
30578
30578
30578
30578
30577
30577
30577
30577
30577
30576
30576
30576
30576
30576
30575
30575
30575
30574
30573
30573
30573
30573
30573
30573
30573
30573
30573
30573
30572
30572
30572
30572
30572
30572
30571
30571
30571
30571
30572
30572
30572
30572
30572
30571
30571
30571
30571
30571
30571
30570
30570
30570
30570
30570
30570
30570
30569
30569
30569
30569
30569
30569
30569
30569
30567
30567
30567
30567
30567
30567
30567
30566
30566
30566
30565
30565
30565
30565
30565
30565
30565
30565
30565
30565
30564
30564
30564
30564
30564
30564
30564
30564
30564
30564
30564
30564
30564
30564
30564
30564
30564
30565
30565
30565
30565
30565
30565
30564
30564
30564
30564
30564
30564
30562
30561
30561
30560
30560
30560
30560
30559
30559
30559
30559
30560
30560
30560
30560
30561
30561
30561
30561
30561
30561
30561
30561
30561
30561
30561
30561
30561
30561
30561
30561
30561
30561
30561
30561
30562
30561
30561
30561
30561
30561
30561
30561
30561
30561
30561
30561
30561
30561
30561
30561
30561
30561
30560
30560
30560
30560
30560
30560
30560
30561
30561
30561
30561
30561
30561
30560
30560
30559
30558
30558
30558
30557
30557
30557
30557
30557
30557
30557
30557
30557
30557
30557
30557
30556
30556
30556
30556
30556
30557
30557
30557
30557
30557
30556
30556
30556
30556
30556
30556
30556
30556
30556
30556
30556
30556
30556
30556
30556
30556
30556
30556
30556
30556
30556
30556
30556
30556
30556
30557
30557
30557
30557
30557
30556
30555
30555
30555
30555
30555
30555
30555
30554
30554
30554
30554
30554
30554
30554
30554
30554
30553
30553
30553
30553
30553
30551
30551
30551
30551
30551
30552
30552
30553
30553
30553
30553
30552
30552
30552
30552
30551
30551
30551
30551
30551
30551
30551
30551
30551
30551
30551
30551
30551
30551
30551
30551
30551
30551
30550
30550
30550
30550
30550
30550
30550
30550
30549
30549
30549
30549
30549
30549
30549
30547
30547
30547
30547
30547
30547
30547
30548
30549
30548
30549
30549
30549
30549
30549
30549
30549
30549
30549
30547
30547
30547
30547
30547
30547
30546
30546
30546
30546
30546
30546
30546
30546
30546
30546
30546
30546
30546
30546
30546
30546
30546
30546
30546
30546
30546
30546
30546
30545
30545
30545
30545
30545
30544
30544
30544
30544
30544
30543
30543
30543
30541
30541
30541
30541
30541
30541
30541
30541
30541
30542
30542
30541
30541
30541
30541
30541
30541
30541
30541
30541
30541
30541
30541
30542
30542
30541
30541
30541
30541
30540
30540
30540
30540
30540
30540
30539
30539
30539
30539
30539
30539
30539
30539
30539
30539
30539
30539
30539
30538
30538
30537
30537
30536
30536
30536
30538
30538
30538
30538
30538
30538
30538
30538
30538
30538
30538
30538
30538
30538
30538
30538
30538
30538
30538
30538
30538
30538
30538
30538
30539
30539
30539
30539
30539
30540
30540
30538
30538
30538
30538
30538
30538
30538
30538
30538
30538
30538
30538
30539
30539
30539
30539
30539
30539
30540
30540
30540
30541
30541
30541
30541
30541
30541
30541
30541
30541
30541
30539
30539
30539
30539
30539
30539
30539
30540
30540
30540
30539
30539
30539
30539
30538
30538
30538
30538
30538
30538
30538
30538
30538
30537
30536
30536
30536
30536
30536
30536
30535
30535
30535
30535
30535
30535
30535
30535
30535
30535
30535
30535
30535
30535
30534
30534
30534
30534
30533
30533
30533
30533
30532
30532
30532
30532
30532
30532
30532
30530
30530
30530
30530
30530
30530
30529
30529
30528
30529
30529
30529
30529
30529
30529
30529
30528
30528
30527
30527
30527
30527
30525
30525
30525
30525
30525
30525
30525
30525
30525
30525
30525
30525
30525
30524
30524
30524
30524
30524
30524
30524
30524
30524
30524
30524
30524
30525
30525
30524
30524
30525
30525
30525
30525
30525
30525
30525
30525
30525
30525
30525
30524
30524
30524
30524
30524
30524
30524
30524
30523
30523
30523
30524
30524
30524
30524
30524
30522
30522
30522
30522
30520
30520
30520
30520
30520
30519
30519
30518
30518
30518
30518
30517
30517
30517
30517
30517
30517
30517
30517
30517
30516
30515
30515
30516
30517
30517
30517
30517
30517
30517
30517
30516
30516
30516
30518
30518
30518
30518
30517
30516
30516
30516
30516
30516
30516
30516
30516
30516
30516
30515
30514
30514
30514
30514
30514
30513
30513
30513
30513
30513
30513
30513
30513
30513
30512
30512
30512
30512
30512
30512
30512
30512
30512
30512
30512
30512
30512
30512
30512
30512
30512
30512
30511
30511
30511
30511
30511
30511
30511
30509
30509
30509
30510
30510
30510
30510
30509
30509
30509
30509
30509
30510
30510
30510
30509
30509
30509
30509
30509
30509
30509
30509
30509
30509
30509
30509
30509
30509
30509
30509
30509
30509
30509
30509
30509
30509
30508
30507
30507
30507
30507
30507
30507
30507
30507
30506
30505
30505
30505
30505
30505
30505
30505
30505
30505
30505
30505
30504
30504
30503
30503
30503
30503
30502
30502
30502
30502
30502
30502
30502
30502
30502
30501
30502
30501
30501
30501
30501
30500
30500
30500
30500
30500
30500
30500
30500
30500
30500
30499
30499
30499
30499
30499
30499
30499
30499
30499
30499
30499
30500
30500
30500
30500
30500
30500
30500
30500
30500
30500
30500
30500
30501
30501
30501
30501
30501
30501
30501
30500
30500
30500
30500
30500
30500
30500
30500
30500
30500
30498
30498
30498
30498
30498
30498
30498
30497
30497
30497
30497
30497
30497
30498
30498
30498
30498
30498
30499
30499
30499
30498
30498
30498
30498
30498
30497
30497
30497
30497
30497
30497
30497
30497
30497
30497
30496
30496
30496
30496
30496
30496
30496
30496
30496
30497
30495
30495
30495
30496
30496
30496
30496
30496
30496
30496
30496
30496
30496
30496
30496
30497
30497
30497
30497
30497
30496
30496
30495
30495
30495
30494
30494
30494
30494
30494
30493
30493
30493
30493
30493
30493
30493
30493
30493
30493
30493
30492
30492
30492
30492
30492
30492
30492
30492
30492
30492
30492
30492
30492
30492
30492
30492
30492
30492
30492
30492
30492
30491
30491
30491
30491
30491
30492
30492
30492
30492
30492
30491
30491
30491
30491
30492
30492
30492
30490
30490
30488
30488
30488
30488
30487
30487
30488
30488
30488
30488
30488
30488
30488
30487
30487
30487
30487
30487
30487
30487
30487
30487
30487
30487
30487
30487
30487
30487
30488
30488
30488
30489
30489
30489
30489
30488
30488
30488
30488
30488
30488
30488
30488
30488
30488
30488
30488
30488
30489
30488
30488
30488
30488
30488
30488
30488
30488
30488
30488
30488
30487
30487
30487
30487
30487
30487
30487
30487
30487
30487
30487
30487
30486
30486
30484
30484
30484
30484
30484
30482
30482
30482
30481
30481
30481
30481
30481
30481
30481
30480
30480
30479
30479
30479
30479
30479
30479
30479
30479
30479
30479
30479
30479
30478
30478
30478
30478
30478
30478
30477
30477
30477
30477
30477
30477
30477
30477
30477
30477
30477
30477
30477
30477
30477
30477
30477
30477
30476
30476
30476
30476
30476
30476
30476
30476
30476
30475
30475
30475
30475
30475
30475
30475
30475
30475
30475
30473
30473
30473
30473
30473
30473
30473
30473
30472
30471
30471
30471
30471
30471
30471
30471
30471
30471
30471
30471
30471
30471
30471
30471
30471
30471
30471
30471
30471
30471
30471
30471
30471
30471
30471
30471
30471
30471
30471
30471
30471
30470
30470
30470
30470
30470
30470
30469
30469
30469
30469
30468
30468
30469
30469
30469
30469
30469
30469
30468
30468
30468
30467
30467
30467
30467
30466
30466
30466
30466
30466
30466
30466
30466
30465
30465
30465
30464
30464
30464
30464
30464
30464
30464
30464
30464
30464
30464
30464
30464
30464
30464
30464
30463
30462
30462
30463
30463
30462
30462
30462
30461
30461
30461
30461
30461
30461
30461
30461
30461
30461
30461
30461
30459
30459
30459
30459
30459
30459
30459
30459
30459
30459
30459
30459
30459
30458
30459
30459
30459
30459
30459
30459
30459
30459
30459
30459
30460
30460
30459
30459
30459
30459
30459
30458
30457
30457
30456
30456
30455
30455
30454
30454
30454
30454
30454
30454
30454
30454
30454
30454
30454
30454
30453
30454
30454
30454
30454
30454
30455
30455
30455
30455
30455
30455
30454
30454
30454
30454
30454
30453
30452
30452
30452
30452
30452
30452
30452
30452
30452
30453
30453
30453
30453
30453
30453
30453
30453
30453
30453
30453
30453
30453
30453
30453
30453
30453
30453
30453
30453
30452
30453
30453
30453
30453
30453
30453
30453
30453
30454
30454
30454
30454
30454
30454
30454
30454
30453
30453
30453
30452
30452
30452
30453
30452
30452
30452
30451
30450
30450
30450
30449
30449
30449
30449
30449
30448
30448
30448
30448
30448
30448
30448
30448
30448
30448
30448
30448
30448
30449
30449
30448
30448
30448
30448
30448
30448
30448
30448
30448
30447
30448
30448
30446
30447
30447
30447
30447
30447
30447
30447
30447
30447
30447
30447
30447
30446
30446
30446
30445
30446
30446
30446
30446
30446
30446
30446
30446
30446
30446
30446
30446
30446
30446
30446
30446
30446
30446
30446
30446
30446
30446
30446
30446
30445
30445
30444
30444
30444
30444
30444
30444
30444
30445
30444
30444
30444
30445
30445
30445
30445
30445
30445
30446
30446
30446
30446
30446
30445
30445
30445
30445
30445
30445
30445
30446
30445
30445
30442
30442
30442
30442
30442
30441
30441
30441
30440
30439
30439
30439
30439
30438
30437
30437
30437
30437
30437
30437
30437
30437
30437
30437
30437
30437
30437
30437
30437
30437
30437
30436
30437
30437
30437
30436
30436
30436
30433
30433
30433
30433
30432
30432
30432
30432
30431
30431
30432
30432
30432
30432
30432
30431
30431
30431
30431
30431
30431
30431
30431
30430
30430
30429
30429
30428
30428
30427
30427
30427
30427
30426
30425
30425
30425
30426
30426
30426
30426
30426
30425
30424
30424
30424
30424
30424
30423
30423
30423
30423
30423
30423
30423
30423
30423
30423
30423
30423
30423
30423
30423
30423
30423
30423
30423
30424
30423
30423
30423
30423
30423
30422
30422
30422
30422
30421
30421
30421
30421
30421
30421
30422
30422
30422
30424
30424
30424
30423
30423
30423
30423
30423
30423
30423
30423
30424
30424
30424
30424
30424
30424
30424
30424
30424
30424
30426
30426
30426
30426
30426
30426
30426
30425
30425
30425
30425
30424
30424
30424
30424
30424
30424
30424
30424
30424
30424
30424
30424
30424
30424
30424
30424
30424
30423
30423
30423
30423
30422
30422
30422
30422
30422
30422
30422
30421
30422
30422
30422
30422
30422
30422
30422
30422
30422
30420
30420
30420
30419
30419
30419
30419
30419
30419
30419
30419
30419
30419
30419
30419
30419
30419
30419
30419
30419
30419
30419
30419
30419
30419
30420
30420
30420
30420
30420
30420
30420
30420
30420
30420
30420
30420
30420
30420
30420
30420
30420
30420
30420
30420
30420
30419
30419
30419
30419
30419
30419
30419
30419
30419
30419
30419
30419
30419
30419
30419
30419
30419
30419
30419
30420
30420
30420
30420
30421
30422
30422
30422
30422
30422
30422
30422
30422
30422
30422
30422
30422
30422
30421
30421
30421
30419
30419
30419
30419
30419
30419
30419
30419
30419
30420
30420
30420
30420
30420
30418
30418
30418
30419
30419
30419
30419
30419
30419
30419
30419
30419
30420
30420
30421
30421
30421
30421
30421
30421
30421
30421
30421
30421
30419
30419
30419
30419
30419
30418
30418
30418
30418
30419
30418
30418
30418
30417
30417
30417
30417
30417
30417
30417
30417
30417
30417
30417
30417
30417
30417
30416
30416
30416
30416
30416
30415
30415
30415
30415
30415
30414
30414
30414
30414
30414
30414
30414
30414
30414
30414
30414
30414
30414
30414
30414
30414
30414
30414
30414
30414
30414
30413
30413
30413
30413
30413
30413
30413
30413
30412
30412
30412
30412
30413
30413
30412
30412
30412
30412
30412
30412
30412
30412
30412
30412
30412
30412
30412
30411
30411
30411
30411
30411
30412
30412
30412
30412
30412
30413
30413
30411
30412
30411
30411
30411
30412
30412
30412
30412
30412
30412
30412
30412
30412
30412
30413
30413
30413
30413
30413
30413
30413
30413
30413
30413
30413
30413
30413
30413
30413
30413
30413
30413
30413
30413
30413
30412
30412
30412
30412
30412
30412
30412
30412
30412
30412
30412
30412
30410
30410
30410
30410
30410
30410
30410
30408
30408
30408
30407
30407
30407
30407
30407
30407
30407
30407
30407
30407
30407
30407
30406
30406
30404
30404
30404
30404
30403
30403
30403
30403
30403
30403
30403
30403
30403
30403
30403
30403
30403
30401
30401
30401
30401
30401
30401
30403
30402
30402
30402
30402
30402
30402
30401
30401
30401
30401
30399
30398
30398
30398
30398
30398
30398
30398
30398
30398
30398
30399
30400
30400
30400
30400
30400
30400
30399
30399
30399
30399
30399
30399
30398
30398
30397
30397
30397
30397
30397
30397
30397
30396
30396
30395
30395
30395
30395
30395
30395
30395
30395
30395
30395
30393
30393
30393
30394
30395
30395
30395
30394
30394
30394
30395
30396
30396
30396
30396
30395
30395
30395
30393
30394
30394
30393
30392
30392
30392
30391
30391
30391
30391
30391
30391
30391
30391
30391
30390
30390
30390
30390
30390
30390
30390
30390
30390
30390
30390
30389
30389
30389
30389
30389
30389
30388
30387
30387
30387
30387
30387
30387
30387
30387
30387
30387
30387
30387
30387
30387
30387
30387
30387
30387
30387
30387
30387
30387
30387
30387
30387
30387
30387
30387
30387
30387
30387
30387
30387
30387
30386
30386
30386
30386
30386
30387
30387
30387
30387
30387
30387
30387
30387
30387
30387
30387
30387
30387
30387
30387
30387
30387
30387
30387
30387
30387
30387
30387
30387
30387
30387
30387
30387
30387
30387
30386
30386
30386
30386
30386
30387
30387
30387
30387
30386
30386
30386
30386
30386
30386
30384
30384
30382
30382
30382
30380
30380
30380
30379
30379
30378
30378
30377
30376
30376
30376
30376
30376
30376
30376
30376
30376
30376
30377
30377
30378
30377
30377
30377
30377
30377
30377
30377
30377
30377
30377
30377
30377
30377
30376
30375
30375
30375
30375
30374
30374
30373
30372
30372
30372
30372
30372
30372
30372
30373
30373
30373
30374
30374
30374
30374
30374
30374
30374
30374
30374
30374
30374
30374
30374
30374
30374
30374
30374
30374
30372
30372
30371
30370
30370
30369
30364
30364
30364
30364
30364
30364
30364
30364
30364
30364
30364
30364
30364
30364
30364
30364
30364
30364
30363
30363
30363
30363
30363
30363
30363
30363
30363
30363
30363
30363
30364
30364
30363
30363
30363
30363
30363
30363
30363
30363
30363
30363
30362
30362
30362
30362
30362
30361
30361
30361
30361
30361
30361
30360
30360
30360
30360
30360
30360
30360
30360
30360
30360
30360
30360
30360
30360
30360
30360
30360
30360
30360
30360
30359
30359
30359
30359
30359
30359
30359
30359
30359
30360
30360
30360
30360
30359
30359
30358
30358
30358
30358
30359
30360
30360
30360
30360
30360
30360
30360
30360
30361
30362
30362
30362
30362
30362
30362
30362
30362
30362
30362
30362
30362
30362
30361
30361
30361
30361
30361
30361
30360
30360
30360
30360
30359
30360
30360
30360
30360
30360
30360
30360
30360
30360
30360
30360
30360
30360
30360
30360
30360
30360
30359
30359
30359
30359
30359
30359
30359
30358
30358
30358
30358
30357
30357
30357
30357
30357
30357
30357
30357
30357
30357
30358
30358
30358
30357
30356
30356
30356
30356
30356
30356
30357
30357
30356
30357
30357
30357
30356
30356
30356
30356
30356
30356
30356
30355
30355
30355
30354
30354
30354
30354
30354
30354
30354
30354
30354
30354
30353
30353
30353
30353
30353
30353
30353
30353
30353
30353
30353
30353
30353
30353
30353
30353
30353
30353
30353
30353
30353
30353
30353
30353
30353
30353
30353
30353
30353
30353
30353
30353
30353
30353
30353
30353
30353
30353
30353
30353
30353
30353
30353
30353
30353
30353
30353
30353
30353
30353
30353
30353
30353
30351
30351
30351
30351
30351
30351
30351
30349
30347
30347
30347
30347
30348
30348
30348
30348
30348
30347
30347
30347
30347
30347
30347
30347
30346
30345
30345
30345
30345
30345
30345
30344
30344
30344
30344
30344
30344
30344
30344
30344
30344
30344
30342
30342
30342
30342
30342
30342
30341
30341
30341
30341
30341
30341
30341
30340
30340
30340
30340
30340
30340
30340
30340
30340
30340
30340
30340
30340
30338
30338
30337
30337
30337
30337
30337
30336
30335
30335
30335
30335
30335
30334
30334
30334
30334
30334
30334
30334
30334
30334
30334
30335
30335
30335
30335
30335
30335
30335
30335
30334
30334
30334
30334
30333
30333
30333
30332
30332
30332
30332
30333
30333
30333
30333
30333
30333
30333
30332
30332
30332
30332
30332
30332
30332
30332
30332
30330
30330
30330
30330
30330
30330
30331
30330
30330
30330
30330
30330
30330
30330
30330
30330
30330
30329
30329
30329
30329
30329
30329
30329
30329
30329
30330
30330
30330
30330
30330
30330
30330
30328
30328
30328
30328
30328
30328
30328
30328
30328
30328
30327
30327
30327
30327
30326
30327
30328
30327
30327
30325
30325
30325
30325
30325
30324
30324
30324
30324
30324
30324
30324
30323
30323
30322
30321
30321
30321
30321
30321
30321
30321
30321
30321
30321
30321
30321
30321
30321
30320
30321
30321
30319
30318
30318
30318
30318
30318
30318
30318
30317
30317
30317
30317
30317
30317
30317
30317
30317
30318
30318
30318
30318
30318
30318
30318
30318
30318
30317
30317
30317
30317
30317
30317
30316
30316
30315
30315
30315
30315
30315
30315
30315
30315
30314
30314
30314
30314
30314
30314
30314
30314
30314
30314
30314
30314
30314
30314
30314
30314
30314
30314
30314
30314
30315
30315
30315
30315
30315
30315
30315
30315
30314
30313
30313
30313
30313
30313
30312
30312
30313
30313
30313
30313
30313
30315
30315
30315
30315
30315
30315
30315
30315
30315
30315
30315
30314
30314
30314
30314
30314
30313
30313
30313
30313
30312
30312
30311
30311
30311
30311
30311
30311
30311
30311
30312
30313
30313
30312
30312
30310
30310
30310
30310
30308
30308
30308
30308
30308
30308
30308
30308
30308
30308
30308
30308
30308
30309
30309
30309
30309
30309
30309
30309
30309
30310
30310
30310
30310
30310
30310
30310
30310
30310
30310
30310
30310
30310
30310
30311
30311
30310
30310
30310
30310
30310
30310
30310
30310
30309
30309
30309
30309
30309
30309
30308
30308
30308
30308
30308
30308
30308
30308
30308
30308
30307
30307
30307
30307
30307
30307
30307
30307
30307
30308
30308
30308
30308
30308
30308
30308
30308
30308
30308
30308
30307
30307
30307
30307
30307
30307
30307
30307
30307
30307
30307
30307
30307
30307
30307
30307
30307
30307
30308
30308
30308
30308
30308
30308
30308
30308
30307
30307
30307
30307
30307
30307
30307
30307
30307
30307
30307
30307
30305
30305
30305
30305
30305
30305
30305
30305
30305
30305
30305
30305
30305
30305
30305
30305
30305
30305
30305
30305
30305
30305
30306
30306
30306
30306
30306
30306
30306
30306
30305
30304
30304
30304
30304
30304
30304
30304
30304
30302
30302
30302
30301
30301
30301
30301
30301
30301
30301
30301
30301
30301
30301
30301
30301
30301
30301
30301
30302
30302
30300
30300
30300
30300
30299
30298
30298
30298
30298
30297
30297
30297
30296
30294
30293
30293
30293
30293
30293
30294
30294
30294
30293
30293
30293
30293
30293
30293
30293
30293
30293
30293
30293
30293
30293
30293
30294
30294
30294
30294
30294
30294
30293
30293
30292
30292
30292
30292
30292
30291
30291
30291
30290
30290
30290
30290
30290
30289
30289
30289
30288
30288
30288
30288
30288
30288
30288
30288
30288
30288
30288
30288
30289
30289
30289
30288
30287
30286
30286
30286
30286
30286
30286
30286
30285
30285
30285
30285
30285
30285
30285
30285
30283
30282
30282
30282
30282
30282
30282
30282
30282
30282
30282
30282
30282
30282
30281
30281
30281
30281
30281
30281
30281
30281
30281
30281
30281
30281
30281
30281
30280
30280
30279
30278
30278
30278
30278
30278
30278
30278
30278
30278
30278
30278
30278
30278
30278
30277
30278
30278
30277
30278
30278
30278
30278
30278
30278
30278
30278
30278
30278
30278
30278
30278
30278
30278
30279
30279
30278
30278
30278
30278
30278
30277
30276
30275
30275
30275
30275
30275
30275
30275
30276
30276
30276
30276
30276
30274
30274
30274
30274
30274
30274
30274
30274
30274
30274
30274
30274
30273
30273
30273
30273
30273
30273
30273
30273
30272
30272
30272
30272
30272
30272
30272
30272
30272
30272
30272
30272
30271
30271
30271
30271
30270
30270
30270
30269
30269
30269
30269
30269
30269
30270
30270
30270
30270
30270
30270
30270
30270
30270
30270
30270
30270
30269
30268
30268
30269
30269
30269
30269
30269
30269
30268
30268
30266
30266
30266
30267
30266
30266
30266
30267
30267
30267
30267
30267
30267
30267
30267
30267
30267
30267
30267
30268
30268
30268
30268
30268
30268
30268
30269
30268
30267
30267
30267
30267
30267
30266
30266
30265
30265
30265
30266
30266
30266
30266
30266
30266
30266
30266
30266
30266
30266
30266
30264
30264
30264
30264
30264
30264
30264
30264
30264
30264
30264
30264
30264
30264
30263
30263
30263
30263
30263
30262
30262
30262
30262
30262
30261
30261
30260
30259
30259
30259
30259
30259
30260
30260
30260
30260
30259
30259
30259
30259
30259
30259
30259
30259
30259
30259
30259
30259
30259
30260
30260
30260
30259
30259
30259
30259
30259
30259
30259
30259
30259
30259
30259
30259
30259
30260
30260
30260
30258
30258
30258
30258
30258
30258
30258
30258
30258
30258
30257
30257
30257
30257
30257
30257
30257
30257
30257
30257
30257
30257
30257
30257
30258
30258
30258
30255
30256
30256
30256
30257
30257
30257
30257
30257
30257
30257
30257
30257
30256
30256
30256
30255
30255
30255
30255
30255
30255
30254
30254
30253
30253
30253
30253
30253
30255
30255
30255
30255
30255
30255
30254
30253
30253
30253
30253
30253
30253
30253
30253
30253
30253
30253
30252
30252
30252
30252
30252
30252
30252
30252
30252
30252
30252
30252
30252
30252
30252
30252
30252
30252
30252
30253
30253
30253
30252
30252
30252
30252
30252
30253
30253
30253
30253
30253
30253
30253
30253
30254
30253
30253
30253
30253
30253
30253
30253
30253
30253
30253
30254
30253
30253
30253
30253
30254
30253
30253
30253
30253
30253
30253
30253
30253
30253
30253
30253
30253
30253
30253
30253
30253
30253
30253
30253
30253
30253
30253
30253
30253
30253
30253
30252
30252
30252
30252
30252
30251
30251
30251
30251
30251
30251
30250
30249
30249
30249
30249
30245
30245
30245
30245
30245
30245
30245
30245
30245
30245
30245
30245
30245
30245
30246
30246
30245
30245
30245
30245
30245
30246
30246
30246
30246
30245
30245
30245
30245
30245
30244
30244
30243
30243
30243
30242
30242
30242
30242
30241
30241
30241
30241
30241
30241
30241
30241
30241
30241
30241
30241
30241
30241
30241
30240
30240
30239
30239
30237
30237
30237
30237
30237
30237
30237
30237
30237
30237
30237
30237
30237
30237
30238
30238
30238
30238
30238
30238
30238
30238
30238
30238
30238
30238
30238
30238
30238
30238
30238
30238
30238
30238
30238
30238
30238
30238
30238
30238
30238
30238
30238
30238
30238
30238
30238
30238
30238
30238
30238
30238
30238
30238
30238
30238
30238
30238
30239
30238
30238
30238
30237
30237
30237
30237
30237
30237
30235
30235
30233
30233
30233
30233
30233
30233
30233
30233
30232
30232
30232
30232
30231
30231
30231
30231
30231
30231
30231
30231
30231
30229
30229
30229
30229
30229
30229
30229
30228
30228
30228
30228
30228
30228
30228
30228
30228
30228
30228
30228
30228
30228
30228
30227
30227
30227
30227
30227
30227
30227
30227
30227
30224
30224
30224
30224
30224
30224
30224
30224
30224
30225
30225
30225
30225
30224
30224
30223
30222
30222
30222
30222
30222
30222
30222
30222
30222
30221
30220
30220
30220
30220
30220
30221
30221
30221
30221
30221
30220
30220
30218
30218
30217
30217
30217
30217
30217
30217
30217
30217
30217
30217
30217
30217
30217
30217
30217
30217
30217
30217
30217
30217
30217
30217
30217
30215
30213
30213
30213
30213
30213
30212
30212
30212
30212
30212
30212
30212
30211
30211
30211
30210
30210
30210
30210
30209
30209
30209
30209
30209
30209
30208
30209
30209
30209
30209
30210
30210
30210
30210
30210
30210
30210
30210
30210
30210
30210
30210
30210
30210
30210
30210
30210
30210
30210
30210
30210
30210
30210
30210
30210
30209
30209
30209
30208
30208
30208
30208
30208
30208
30208
30208
30208
30208
30208
30208
30209
30209
30209
30209
30209
30209
30209
30209
30209
30209
30210
30210
30210
30210
30210
30210
30210
30210
30210
30210
30210
30210
30210
30209
30208
30208
30208
30208
30208
30208
30208
30208
30210
30210
30210
30210
30211
30211
30211
30211
30211
30210
30210
30210
30210
30209
30209
30209
30209
30209
30209
30208
30208
30208
30208
30208
30208
30208
30208
30207
30207
30207
30207
30207
30207
30207
30208
30208
30208
30208
30208
30208
30209
30209
30209
30209
30209
30209
30209
30209
30209
30209
30208
30208
30208
30208
30208
30208
30208
30208
30208
30208
30208
30208
30208
30208
30208
30208
30208
30208
30208
30208
30208
30208
30208
30208
30208
30208
30207
30207
30207
30207
30207
30207
30207
30207
30207
30207
30207
30207
30207
30207
30206
30206
30206
30206
30206
30206
30206
30206
30206
30206
30206
30206
30207
30207
30207
30207
30207
30207
30207
30207
30207
30207
30207
30207
30206
30206
30206
30206
30206
30206
30206
30206
30206
30206
30206
30207
30207
30207
30207
30207
30208
30208
30208
30208
30208
30208
30207
30207
30207
30207
30206
30206
30206
30206
30206
30206
30203
30203
30203
30202
30202
30202
30202
30202
30202
30202
30202
30202
30202
30201
30201
30201
30201
30201
30201
30200
30200
30200
30200
30199
30199
30199
30199
30199
30199
30199
30198
30198
30198
30198
30198
30198
30198
30198
30198
30196
30196
30196
30196
30197
30197
30197
30197
30197
30197
30197
30197
30197
30197
30197
30197
30196
30195
30195
30195
30195
30195
30195
30193
30193
30193
30193
30193
30193
30193
30193
30193
30193
30193
30193
30193
30194
30194
30194
30194
30194
30194
30194
30194
30194
30194
30194
30193
30191
30191
30191
30191
30191
30191
30191
30190
30190
30190
30189
30189
30189
30189
30189
30189
30188
30188
30188
30188
30187
30187
30187
30187
30187
30187
30187
30187
30186
30186
30186
30185
30185
30183
30183
30183
30182
30182
30182
30182
30182
30182
30182
30182
30182
30182
30182
30183
30183
30183
30182
30182
30183
30183
30183
30183
30183
30183
30183
30183
30183
30183
30183
30183
30183
30183
30183
30183
30183
30183
30183
30183
30183
30182
30182
30182
30182
30182
30182
30182
30182
30182
30182
30182
30182
30182
30182
30182
30182
30183
30183
30183
30183
30183
30183
30182
30181
30181
30181
30179
30179
30179
30179
30179
30179
30179
30179
30181
30181
30181
30181
30181
30181
30181
30181
30181
30182
30182
30182
30182
30182
30182
30182
30182
30182
30182
30182
30182
30182
30181
30180
30180
30180
30180
30180
30180
30179
30179
30179
30179
30179
30178
30178
30177
30177
30177
30177
30177
30177
30177
30177
30178
30178
30178
30178
30178
30178
30178
30178
30178
30178
30178
30177
30178
30178
30178
30178
30178
30178
30178
30178
30178
30178
30177
30177
30177
30177
30177
30177
30177
30177
30177
30177
30178
30177
30177
30176
30176
30176
30176
30176
30176
30176
30177
30176
30176
30176
30175
30175
30175
30173
30173
30173
30173
30174
30175
30174
30173
30173
30173
30173
30173
30173
30173
30173
30172
30172
30172
30172
30173
30173
30173
30173
30173
30173
30171
30171
30171
30171
30171
30171
30171
30171
30171
30171
30171
30171
30171
30171
30171
30171
30171
30171
30171
30171
30171
30171
30171
30170
30170
30170
30170
30170
30170
30170
30170
30170
30170
30170
30170
30168
30168
30169
30168
30167
30167
30167
30167
30167
30166
30166
30166
30166
30166
30165
30165
30165
30165
30165
30165
30165
30165
30165
30165
30165
30165
30165
30165
30165
30165
30165
30165
30165
30165
30165
30165
30164
30164
30164
30164
30163
30163
30163
30162
30162
30162
30162
30162
30162
30162
30162
30162
30162
30162
30162
30162
30162
30162
30163
30163
30163
30163
30163
30163
30163
30163
30163
30163
30163
30163
30163
30163
30163
30163
30163
30163
30163
30163
30163
30163
30163
30161
30161
30159
30159
30159
30159
30159
30159
30159
30158
30158
30158
30159
30159
30159
30159
30159
30159
30159
30159
30158
30158
30158
30157
30157
30157
30157
30157
30157
30157
30157
30157
30157
30157
30157
30157
30157
30155
30155
30155
30156
30156
30156
30156
30156
30156
30156
30156
30156
30156
30157
30157
30157
30156
30156
30156
30156
30156
30156
30156
30156
30156
30156
30156
30156
30156
30156
30155
30155
30155
30155
30155
30155
30155
30155
30155
30155
30155
30155
30155
30156
30155
30155
30155
30155
30155
30155
30155
30155
30155
30155
30155
30155
30155
30154
30153
30153
30153
30153
30153
30155
30155
30155
30155
30155
30155
30156
30155
30155
30155
30155
30154
30154
30154
30154
30154
30153
30152
30153
30153
30153
30153
30153
30153
30153
30152
30151
30151
30151
30151
30151
30151
30151
30151
30151
30151
30151
30151
30151
30151
30151
30152
30152
30151
30150
30149
30147
30147
30147
30147
30145
30145
30145
30145
30145
30145
30145
30145
30145
30145
30145
30145
30145
30145
30145
30145
30145
30145
30145
30145
30145
30146
30146
30146
30145
30145
30144
30144
30144
30144
30144
30144
30143
30143
30143
30143
30142
30142
30142
30142
30142
30142
30142
30142
30142
30142
30142
30142
30142
30141
30141
30141
30141
30140
30140
30140
30140
30139
30139
30139
30139
30140
30140
30140
30140
30140
30140
30140
30140
30140
30140
30140
30140
30140
30140
30139
30138
30138
30137
30137
30137
30137
30136
30136
30136
30136
30136
30136
30136
30135
30135
30135
30135
30135
30134
30134
30134
30134
30134
30134
30133
30133
30133
30133
30131
30131
30131
30131
30131
30131
30131
30131
30130
30130
30130
30130
30130
30130
30130
30130
30130
30130
30130
30130
30130
30130
30129
30129
30129
30129
30129
30130
30130
30130
30130
30130
30130
30129
30129
30129
30129
30129
30129
30129
30129
30129
30129
30129
30129
30129
30129
30129
30129
30130
30130
30130
30130
30130
30130
30129
30128
30128
30128
30128
30128
30128
30128
30128
30128
30128
30128
30128
30128
30128
30128
30128
30128
30128
30128
30128
30128
30128
30128
30128
30128
30128
30128
30128
30128
30128
30127
30127
30127
30127
30127
30127
30128
30128
30128
30128
30128
30128
30128
30128
30128
30126
30126
30126
30126
30126
30125
30125
30125
30125
30125
30125
30125
30125
30125
30125
30125
30125
30126
30127
30127
30127
30127
30127
30127
30127
30127
30127
30127
30127
30127
30126
30126
30126
30126
30126
30126
30126
30126
30126
30126
30125
30125
30125
30125
30125
30125
30125
30125
30125
30125
30125
30125
30125
30125
30125
30125
30123
30123
30123
30123
30123
30122
30122
30122
30122
30122
30122
30122
30122
30122
30122
30122
30122
30122
30122
30122
30122
30122
30122
30122
30122
30122
30120
30120
30122
30122
30122
30122
30122
30122
30122
30122
30120
30120
30119
30119
30119
30119
30119
30119
30119
30118
30118
30119
30119
30119
30119
30119
30119
30119
30119
30119
30120
30120
30120
30120
30120
30120
30120
30120
30120
30121
30121
30121
30121
30121
30121
30121
30121
30122
30121
30121
30121
30121
30121
30121
30120
30120
30120
30120
30120
30120
30120
30120
30120
30120
30120
30120
30121
30121
30121
30121
30122
30122
30122
30122
30123
30123
30123
30123
30123
30123
30123
30123
30123
30123
30123
30123
30123
30123
30123
30123
30123
30123
30123
30123
30123
30123
30123
30123
30123
30123
30123
30122
30122
30123
30123
30123
30123
30123
30123
30123
30122
30122
30122
30122
30122
30122
30122
30122
30122
30122
30122
30122
30122
30122
30122
30122
30121
30121
30121
30121
30121
30121
30120
30120
30120
30120
30120
30120
30120
30120
30120
30121
30121
30122
30122
30122
30122
30122
30122
30121
30120
30120
30120
30120
30120
30120
30120
30120
30119
30119
30119
30119
30119
30119
30118
30118
30119
30120
30120
30119
30119
30119
30119
30118
30117
30117
30116
30115
30115
30115
30115
30115
30115
30114
30114
30114
30114
30114
30114
30113
30113
30113
30113
30113
30113
30113
30113
30113
30114
30114
30114
30114
30114
30114
30114
30113
30113
30113
30113
30113
30113
30113
30113
30114
30114
30114
30114
30114
30114
30114
30114
30114
30114
30114
30114
30114
30114
30114
30114
30113
30113
30113
30113
30113
30113
30113
30113
30112
30112
30112
30112
30112
30112
30112
30112
30112
30112
30112
30112
30112
30112
30112
30112
30112
30112
30112
30111
30110
30110
30110
30111
30111
30110
30110
30110
30110
30110
30110
30110
30110
30109
30109
30109
30109
30109
30109
30108
30108
30108
30107
30107
30107
30107
30107
30107
30107
30107
30107
30107
30108
30108
30108
30108
30108
30109
30109
30109
30109
30109
30109
30109
30109
30109
30109
30109
30109
30109
30110
30109
30109
30108
30108
30108
30108
30108
30108
30108
30108
30108
30108
30108
30108
30108
30108
30108
30108
30107
30107
30107
30107
30107
30107
30107
30107
30107
30107
30107
30107
30107
30107
30107
30107
30107
30107
30107
30107
30107
30106
30106
30106
30106
30106
30106
30106
30106
30106
30105
30106
30106
30106
30106
30106
30106
30106
30106
30106
30106
30106
30106
30106
30106
30106
30106
30106
30106
30106
30106
30106
30106
30106
30106
30106
30106
30106
30106
30106
30106
30106
30106
30106
30106
30106
30104
30104
30104
30104
30104
30104
30104
30104
30104
30104
30104
30104
30104
30104
30104
30104
30104
30105
30105
30105
30105
30104
30104
30104
30104
30104
30104
30104
30104
30104
30104
30104
30104
30104
30104
30103
30103
30103
30103
30103
30103
30103
30103
30103
30104
30104
30104
30104
30104
30103
30103
30103
30103
30103
30102
30102
30102
30102
30102
30102
30102
30100
30100
30100
30100
30100
30100
30101
30101
30101
30100
30100
30100
30100
30100
30100
30099
30099
30099
30099
30099
30099
30099
30098
30098
30099
30099
30099
30099
30099
30099
30097
30097
30095
30095
30095
30094
30094
30094
30093
30093
30093
30093
30093
30090
30091
30091
30091
30091
30091
30091
30091
30091
30091
30091
30091
30091
30090
30090
30090
30090
30090
30090
30090
30090
30090
30089
30089
30089
30089
30089
30089
30089
30089
30089
30089
30089
30089
30089
30089
30089
30089
30089
30089
30088
30088
30088
30088
30088
30088
30088
30088
30088
30088
30088
30088
30088
30087
30086
30086
30086
30085
30085
30085
30086
30086
30085
30085
30085
30085
30085
30085
30085
30085
30085
30085
30085
30085
30085
30085
30084
30084
30084
30084
30084
30084
30083
30083
30083
30081
30081
30081
30081
30080
30080
30079
30079
30079
30079
30079
30079
30079
30079
30079
30079
30078
30078
30078
30078
30078
30078
30078
30076
30075
30076
30076
30076
30076
30076
30076
30076
30076
30076
30076
30075
30075
30075
30075
30075
30075
30075
30075
30075
30075
30075
30075
30075
30075
30075
30074
30073
30073
30073
30073
30073
30073
30072
30072
30073
30073
30073
30073
30073
30073
30072
30072
30072
30073
30073
30073
30073
30073
30074
30074
30074
30074
30074
30074
30074
30074
30074
30074
30074
30074
30074
30074
30074
30074
30074
30074
30074
30074
30074
30073
30072
30072
30072
30072
30072
30072
30072
30071
30071
30070
30070
30069
30069
30069
30068
30068
30067
30067
30067
30067
30067
30067
30067
30067
30067
30067
30067
30067
30067
30067
30067
30067
30067
30067
30066
30067
30067
30067
30067
30067
30067
30067
30067
30067
30067
30067
30067
30067
30067
30067
30067
30067
30067
30067
30067
30067
30067
30067
30067
30067
30067
30067
30067
30067
30068
30068
30068
30068
30067
30067
30067
30067
30067
30067
30067
30067
30067
30067
30067
30067
30067
30067
30067
30067
30067
30066
30066
30066
30066
30066
30066
30066
30066
30066
30066
30066
30066
30066
30066
30065
30066
30066
30066
30065
30065
30064
30064
30064
30064
30064
30063
30063
30063
30063
30063
30063
30063
30063
30063
30063
30063
30063
30063
30063
30064
30064
30064
30064
30063
30063
30063
30063
30063
30062
30062
30062
30062
30060
30060
30060
30060
30060
30060
30060
30060
30060
30060
30060
30060
30060
30059
30059
30059
30059
30060
30060
30059
30059
30059
30060
30060
30060
30060
30060
30060
30060
30059
30059
30059
30059
30060
30060
30060
30060
30060
30059
30059
30059
30059
30060
30060
30060
30060
30060
30060
30060
30059
30058
30058
30058
30057
30057
30057
30057
30057
30057
30057
30058
30058
30059
30059
30059
30059
30059
30059
30059
30059
30058
30058
30056
30056
30056
30057
30057
30057
30057
30058
30058
30058
30058
30058
30057
30057
30057
30057
30057
30056
30056
30056
30056
30056
30056
30056
30055
30055
30055
30055
30055
30055
30053
30052
30052
30052
30052
30052
30052
30052
30052
30052
30052
30052
30052
30052
30052
30052
30052
30052
30052
30052
30052
30051
30050
30050
30050
30050
30050
30050
30050
30050
30050
30049
30049
30049
30049
30049
30048
30048
30048
30048
30048
30047
30047
30047
30047
30046
30046
30046
30045
30045
30045
30045
30045
30046
30046
30046
30046
30046
30046
30047
30047
30047
30047
30047
30046
30046
30046
30046
30046
30047
30047
30047
30046
30045
30046
30046
30047
30047
30047
30047
30047
30047
30047
30048
30048
30048
30048
30048
30048
30048
30048
30048
30047
30047
30047
30047
30047
30047
30047
30047
30047
30047
30047
30047
30047
30047
30047
30047
30047
30046
30046
30046
30046
30046
30046
30046
30046
30046
30046
30046
30046
30046
30046
30046
30046
30046
30046
30046
30046
30046
30046
30046
30046
30046
30046
30046
30045
30045
30045
30045
30045
30045
30043
30042
30042
30041
30040
30039
30039
30039
30038
30038
30037
30037
30037
30037
30037
30036
30036
30036
30036
30036
30036
30036
30036
30036
30035
30035
30035
30035
30035
30035
30033
30033
30031
30031
30031
30030
30030
30030
30031
30030
30030
30029
30029
30029
30029
30028
30027
30027
30027
30027
30028
30028
30027
30025
30024
30024
30024
30022
30022
30022
30022
30022
30022
30022
30022
30022
30022
30022
30022
30021
30021
30021
30021
30021
30019
30019
30019
30019
30018
30018
30018
30018
30018
30018
30018
30018
30018
30018
30018
30017
30017
30017
30017
30016
30016
30016
30016
30016
30016
30016
30016
30016
30016
30016
30016
30016
30016
30015
30015
30015
30015
30015
30015
30015
30015
30015
30015
30015
30015
30015
30014
30013
30013
30013
30013
30013
30013
30013
30013
30013
30013
30013
30013
30013
30012
30011
30011
30011
30011
30012
30012
30012
30012
30011
30011
30012
30012
30012
30012
30012
30012
30012
30012
30012
30011
30011
30012
30011
30011
30012
30012
30011
30011
30011
30011
30011
30011
30011
30011
30011
30011
30011
30011
30011
30011
30010
30010
30010
30010
30010
30010
30010
30010
30010
30010
30010
30010
30010
30009
30009
30010
30010
30010
30010
30010
30010
30010
30010
30010
30010
30011
30011
30011
30011
30011
30011
30011
30010
30010
30010
30009
30009
30009
30009
30009
30009
30007
30007
30007
30007
30006
30006
30006
30006
30006
30006
30006
30006
30006
30006
30006
30006
30006
30006
30005
30004
30004
30004
30004
30005
30005
30005
30005
30006
30006
30006
30006
30006
30006
30006
30006
30006
30007
30007
30007
30007
30007
30007
30006
30006
30005
30005
30005
30005
30005
30006
30005
30005
30005
30004
30004
30003
30002
30002
30002
30002
30002
30001
30001
30001
30001
30001
30001
30001
30001
30001
29999
29999
29999
29999
30000
30000
30000
30000
29999
29999
29999
29999
29999
29999
30000
30000
30000
30000
30000
30000
30001
30001
30001
30001
30001
30000
30000
30000
30000
30000
30000
29999
29999
29998
29999
29999
29999
29999
29999
29999
29999
29999
29999
29999
30000
30000
30001
30001
30001
30001
30001
30001
30001
30001
30000
30000
30000
30000
30000
30000
30000
30000
30000
30000
29999
29999
29999
29999
29999
29999
29999
29998
29998
29998
29998
29998
29999
29999
29999
29999
29999
29999
29999
29999
29999
29999
29999
29999
29999
29999
29999
29999
29999
29999
29998
29998
29998
29998
29998
29998
29997
29997
29996
29996
29997
29997
29997
29997
29997
29997
29997
29997
29997
29997
29997
29997
29997
29997
29997
29997
29997
29997
29997
29997
29997
29996
29996
29996
29996
29996
29997
29997
29997
29997
29997
29997
29997
29997
29997
29997
29998
29998
29998
29998
29998
29998
29998
29998
29998
29998
29998
29998
29998
29996
29996
29995
29996
29995
29996
29996
29996
29996
29996
29996
29996
29996
29996
29996
29996
29997
29997
29997
29997
29998
29998
29998
29998
29998
29998
29998
29998
29998
29998
29998
29998
29998
29998
29998
29998
29998
29998
29996
29996
29996
29996
29996
29996
29996
29996
29996
29996
29995
29995
29995
29994
29994
29992
29992
29992
29992
29992
29992
29992
29992
29992
29992
29993
29993
29993
29993
29993
29991
29991
29990
29990
29990
29990
29990
29989
29989
29987
29987
29987
29987
29987
29986
29986
29986
29986
29986
29987
29988
29988
29988
29988
29988
29988
29988
29988
29988
29988
29988
29988
29988
29988
29988
29988
29988
29988
29987
29987
29987
29987
29987
29987
29987
29987
29987
29987
29987
29987
29987
29987
29987
29987
29987
29987
29987
29987
29986
29986
29986
29986
29986
29985
29986
29986
29986
29986
29986
29986
29986
29986
29986
29986
29986
29986
29986
29986
29986
29986
29986
29986
29985
29985
29985
29985
29985
29985
29985
29985
29985
29985
29985
29985
29985
29985
29985
29985
29985
29985
29983
29982
29982
29982
29982
29983
29983
29983
29983
29983
29983
29982
29982
29983
29983
29983
29983
29983
29983
29983
29983
29982
29982
29982
29982
29982
29982
29982
29982
29982
29982
29982
29982
29982
29983
29983
29983
29983
29983
29983
29983
29983
29983
29983
29983
29981
29980
29980
29980
29980
29980
29980
29980
29980
29980
29979
29978
29978
29978
29978
29978
29979
29979
29979
29979
29979
29979
29979
29980
29980
29980
29980
29980
29979
29979
29979
29979
29979
29979
29980
29980
29980
29980
29979
29979
29979
29978
29978
29978
29978
29978
29978
29978
29978
29978
29978
29978
29978
29978
29978
29978
29977
29978
29978
29978
29978
29978
29978
29978
29978
29978
29978
29978
29978
29978
29978
29977
29977
29977
29977
29977
29977
29977
29977
29977
29977
29977
29975
29974
29974
29974
29974
29973
29973
29972
29973
29973
29973
29973
29973
29973
29973
29973
29973
29972
29972
29972
29972
29972
29972
29972
29972
29972
29971
29970
29970
29970
29970
29970
29970
29971
29971
29971
29971
29971
29971
29971
29971
29971
29971
29971
29971
29971
29970
29970
29969
29968
29968
29968
29968
29967
29967
29967
29967
29967
29966
29966
29966
29966
29966
29966
29966
29966
29966
29966
29966
29967
29966
29966
29967
29967
29967
29967
29966
29966
29966
29966
29964
29964
29964
29963
29962
29963
29963
29962
29962
29961
29961
29960
29960
29960
29960
29960
29960
29960
29960
29959
29959
29959
29959
29959
29960
29960
29960
29960
29960
29960
29959
29959
29959
29959
29960
29960
29960
29960
29960
29960
29959
29959
29958
29958
29958
29956
29956
29956
29956
29956
29956
29954
29954
29954
29952
29952
29952
29952
29952
29952
29952
29951
29951
29951
29951
29951
29951
29951
29951
29951
29951
29950
29950
29950
29950
29950
29950
29950
29948
29948
29948
29948
29948
29947
29947
29947
29946
29946
29946
29946
29947
29947
29947
29948
29949
29949
29949
29949
29949
29949
29949
29949
29949
29948
29947
29947
29947
29947
29947
29947
29946
29946
29946
29946
29946
29946
29946
29948
29948
29948
29948
29948
29948
29947
29947
29947
29946
29946
29946
29948
29948
29948
29948
29948
29948
29948
29949
29949
29949
29949
29948
29948
29948
29948
29948
29947
29947
29947
29947
29947
29947
29947
29947
29947
29949
29949
29948
29948
29948
29948
29948
29948
29948
29948
29948
29948
29948
29948
29948
29948
29948
29948
29948
29948
29948
29948
29948
29949
29949
29946
29946
29946
29946
29946
29946
29946
29945
29945
29945
29944
29944
29944
29944
29944
29941
29941
29941
29941
29941
29941
29941
29941
29941
29941
29941
29941
29941
29941
29941
29941
29942
29942
29942
29942
29942
29941
29941
29940
29940
29941
29941
29941
29941
29941
29941
29941
29941
29941
29941
29941
29941
29941
29941
29941
29941
29941
29942
29942
29941
29941
29941
29941
29941
29941
29941
29941
29941
29941
29941
29941
29940
29940
29940
29940
29939
29939
29939
29939
29939
29939
29939
29938
29937
29937
29937
29937
29937
29937
29937
29937
29937
29937
29937
29937
29937
29937
29937
29937
29937
29937
29937
29937
29937
29936
29936
29936
29936
29936
29936
29936
29935
29935
29934
29934
29934
29934
29935
29934
29934
29934
29933
29934
29934
29935
29934
29934
29934
29934
29934
29934
29934
29934
29934
29934
29934
29934
29934
29934
29934
29934
29934
29934
29934
29934
29934
29934
29934
29934
29934
29934
29934
29933
29933
29933
29934
29934
29934
29934
29934
29934
29934
29934
29934
29934
29934
29934
29934
29932
29932
29932
29932
29932
29932
29932
29933
29932
29932
29932
29932
29932
29932
29932
29932
29932
29932
29932
29932
29932
29932
29932
29932
29932
29932
29932
29932
29932
29932
29932
29929
29929
29929
29929
29929
29930
29929
29929
29929
29929
29929
29929
29929
29929
29929
29929
29929
29928
29928
29928
29928
29928
29927
29927
29927
29927
29927
29928
29928
29928
29926
29925
29925
29925
29923
29923
29923
29923
29923
29923
29923
29923
29923
29922
29922
29922
29922
29922
29922
29922
29922
29923
29923
29923
29923
29922
29922
29922
29921
29921
29921
29921
29921
29921
29922
29922
29922
29922
29922
29922
29922
29922
29922
29922
29922
29921
29921
29921
29920
29920
29920
29920
29919
29919
29919
29919
29919
29919
29919
29919
29919
29919
29919
29919
29919
29919
29919
29919
29919
29919
29919
29919
29919
29919
29919
29918
29918
29920
29920
29920
29920
29920
29921
29921
29921
29922
29922
29922
29922
29922
29922
29923
29923
29923
29923
29923
29922
29922
29922
29922
29922
29922
29922
29923
29923
29923
29923
29923
29923
29923
29923
29923
29923
29923
29923
29923
29923
29923
29922
29922
29922
29922
29922
29922
29921
29918
29918
29918
29918
29918
29918
29918
29918
29917
29917
29917
29917
29917
29917
29917
29917
29916
29916
29916
29916
29916
29916
29916
29916
29916
29915
29914
29914
29914
29914
29914
29914
29915
29916
29916
29916
29915
29915
29915
29915
29915
29915
29915
29915
29914
29914
29912
29913
29913
29914
29914
29913
29913
29913
29913
29913
29913
29913
29913
29913
29913
29912
29912
29912
29911
29911
29911
29911
29910
29910
29910
29910
29910
29910
29910
29910
29910
29909
29909
29909
29910
29909
29909
29909
29909
29909
29909
29909
29908
29908
29908
29908
29908
29908
29908
29908
29908
29908
29908
29908
29908
29908
29907
29907
29907
29907
29907
29907
29906
29906
29906
29906
29906
29906
29906
29906
29906
29906
29906
29906
29905
29905
29905
29905
29904
29904
29903
29903
29903
29903
29903
29903
29903
29902
29902
29902
29900
29900
29900
29900
29900
29900
29900
29900
29900
29901
29900
29899
29899
29899
29899
29899
29899
29899
29899
29899
29899
29899
29899
29899
29899
29899
29898
29898
29897
29897
29896
29896
29896
29896
29896
29896
29896
29896
29896
29896
29896
29896
29896
29896
29896
29896
29896
29896
29896
29896
29896
29896
29896
29896
29896
29897
29897
29897
29897
29898
29898
29897
29897
29897
29897
29897
29896
29896
29896
29895
29895
29896
29896
29896
29896
29896
29896
29896
29896
29896
29896
29896
29896
29897
29897
29897
29897
29897
29896
29896
29896
29897
29897
29897
29897
29896
29896
29896
29894
29894
29894
29894
29894
29894
29894
29895
29895
29895
29893
29892
29892
29893
29893
29893
29893
29893
29893
29893
29893
29893
29893
29894
29894
29894
29894
29894
29894
29894
29894
29894
29894
29894
29894
29894
29894
29894
29894
29894
29894
29894
29894
29894
29894
29893
29894
29895
29895
29895
29895
29894
29894
29894
29894
29894
29894
29894
29894
29892
29892
29891
29891
29891
29891
29891
29891
29890
29892
29892
29892
29892
29892
29892
29892
29892
29892
29892
29891
29891
29891
29891
29891
29889
29889
29889
29889
29889
29889
29890
29890
29891
29891
29890
29890
29890
29889
29889
29889
29889
29889
29889
29889
29889
29889
29889
29889
29889
29889
29889
29889
29889
29889
29889
29888
29888
29888
29888
29888
29888
29888
29888
29888
29888
29888
29888
29888
29888
29888
29888
29888
29888
29888
29888
29888
29887
29887
29886
29886
29886
29886
29884
29884
29884
29884
29884
29884
29884
29884
29884
29883
29883
29883
29883
29883
29881
29881
29881
29881
29881
29882
29882
29882
29882
29882
29882
29882
29882
29881
29881
29881
29881
29881
29881
29881
29881
29881
29881
29881
29881
29880
29880
29880
29880
29881
29881
29881
29881
29881
29881
29881
29881
29881
29881
29881
29881
29881
29881
29881
29881
29881
29881
29881
29881
29882
29882
29882
29882
29882
29882
29882
29881
29881
29881
29881
29880
29880
29880
29880
29880
29880
29880
29880
29880
29880
29880
29880
29880
29880
29880
29880
29880
29880
29880
29880
29880
29880
29880
29879
29878
29878
29877
29877
29877
29877
29877
29877
29877
29876
29876
29876
29876
29876
29875
29876
29876
29876
29876
29876
29876
29876
29876
29876
29876
29876
29877
29877
29878
29878
29878
29878
29878
29878
29878
29878
29878
29878
29878
29878
29878
29878
29878
29878
29878
29878
29878
29878
29877
29877
29876
29877
29877
29877
29877
29877
29876
29876
29876
29876
29876
29875
29876
29876
29877
29877
29877
29877
29877
29877
29877
29877
29877
29877
29877
29877
29877
29877
29877
29877
29876
29875
29875
29875
29874
29874
29874
29874
29874
29874
29874
29874
29874
29874
29874
29874
29874
29874
29874
29874
29874
29874
29874
29873
29873
29873
29872
29872
29872
29872
29872
29872
29872
29871
29871
29871
29871
29871
29871
29871
29871
29870
29870
29870
29870
29869
29869
29867
29867
29867
29867
29867
29867
29867
29867
29867
29867
29866
29866
29865
29865
29865
29866
29867
29867
29867
29866
29866
29866
29866
29867
29867
29867
29867
29868
29868
29868
29868
29868
29868
29868
29868
29868
29867
29867
29867
29867
29866
29866
29867
29866
29865
29865
29865
29865
29865
29865
29865
29865
29865
29864
29864
29864
29864
29864
29864
29864
29863
29863
29863
29863
29863
29863
29863
29863
29863
29863
29863
29863
29863
29863
29863
29863
29863
29863
29863
29863
29863
29863
29863
29863
29863
29863
29864
29864
29864
29864
29865
29865
29865
29866
29866
29866
29866
29866
29866
29866
29867
29867
29867
29867
29867
29867
29867
29867
29867
29867
29866
29866
29865
29865
29865
29865
29865
29865
29865
29865
29864
29864
29864
29864
29863
29863
29863
29863
29863
29861
29861
29861
29861
29861
29861
29861
29861
29861
29861
29861
29861
29861
29861
29861
29861
29861
29861
29861
29861
29861
29861
29861
29861
29861
29862
29862
29862
29862
29862
29862
29861
29861
29861
29861
29861
29861
29861
29861
29861
29861
29860
29860
29860
29860
29860
29860
29860
29860
29860
29860
29860
29860
29860
29860
29859
29859
29859
29859
29859
29860
29860
29860
29860
29860
29860
29860
29860
29860
29860
29860
29860
29860
29861
29861
29861
29860
29860
29860
29860
29860
29860
29860
29859
29859
29859
29860
29860
29860
29860
29859
29859
29859
29859
29859
29859
29859
29859
29859
29859
29859
29859
29859
29859
29859
29859
29859
29858
29858
29858
29858
29858
29858
29859
29858
29858
29858
29858
29857
29857
29857
29857
29857
29857
29857
29857
29857
29857
29857
29857
29857
29857
29857
29857
29858
29858
29858
29858
29858
29859
29859
29859
29858
29858
29857
29858
29858
29858
29859
29859
29858
29858
29857
29857
29856
29857
29857
29857
29856
29856
29856
29856
29856
29856
29856
29856
29856
29856
29856
29856
29855
29855
29853
29853
29853
29853
29853
29853
29853
29853
29853
29852
29852
29853
29853
29853
29852
29851
29851
29850
29849
29849
29849
29849
29849
29848
29848
29848
29847
29847
29847
29847
29847
29847
29847
29847
29847
29847
29846
29845
29845
29845
29845
29845
29845
29845
29845
29844
29844
29844
29844
29844
29844
29844
29844
29844
29844
29844
29844
29844
29844
29844
29844
29844
29844
29844
29844
29844
29844
29844
29844
29844
29844
29844
29845
29845
29845
29845
29845
29845
29846
29846
29846
29846
29847
29847
29847
29847
29847
29847
29847
29846
29846
29845
29845
29845
29843
29841
29841
29841
29841
29841
29841
29840
29840
29839
29839
29839
29839
29840
29839
29839
29839
29839
29839
29839
29839
29839
29839
29839
29840
29841
29842
29842
29842
29842
29842
29842
29842
29842
29842
29842
29842
29842
29842
29842
29842
29842
29842
29842
29842
29842
29842
29842
29842
29842
29843
29843
29843
29843
29843
29843
29843
29844
29844
29844
29843
29843
29843
29843
29843
29843
29843
29843
29843
29843
29843
29843
29842
29842
29842
29842
29841
29841
29841
29840
29840
29840
29840
29840
29840
29840
29840
29840
29839
29838
29838
29838
29838
29838
29838
29838
29838
29838
29838
29838
29838
29838
29838
29838
29838
29838
29838
29838
29838
29838
29838
29837
29837
29837
29837
29837
29837
29837
29837
29837
29837
29837
29837
29836
29836
29835
29835
29835
29835
29835
29833
29833
29833
29833
29834
29834
29834
29834
29834
29834
29833
29833
29833
29833
29833
29833
29833
29833
29833
29833
29833
29833
29833
29833
29833
29833
29833
29832
29832
29832
29832
29832
29833
29833
29833
29832
29831
29831
29831
29831
29831
29831
29831
29831
29831
29830
29829
29829
29829
29829
29829
29829
29829
29829
29828
29828
29828
29828
29828
29828
29828
29828
29828
29828
29827
29827
29827
29827
29827
29827
29826
29826
29826
29826
29826
29826
29826
29826
29826
29826
29826
29826
29825
29825
29825
29825
29824
29824
29824
29825
29825
29825
29825
29824
29824
29824
29824
29825
29825
29825
29826
29827
29827
29827
29828
29828
29828
29828
29828
29828
29827
29827
29827
29826
29826
29826
29823
29823
29823
29823
29823
29823
29823
29823
29823
29822
29822
29822
29822
29822
29822
29822
29822
29822
29822
29822
29822
29822
29821
29821
29821
29822
29822
29822
29822
29822
29822
29822
29822
29822
29822
29822
29822
29822
29823
29823
29823
29823
29823
29823
29823
29823
29823
29823
29823
29823
29823
29823
29823
29823
29823
29823
29823
29823
29823
29822
29821
29821
29821
29821
29821
29821
29821
29821
29821
29820
29820
29820
29820
29820
29820
29819
29819
29819
29819
29819
29819
29819
29819
29819
29819
29819
29819
29820
29820
29820
29820
29820
29820
29819
29819
29819
29819
29819
29819
29819
29819
29819
29819
29819
29819
29818
29817
29818
29818
29818
29818
29818
29817
29817
29817
29816
29815
29815
29815
29815
29814
29814
29813
29813
29813
29813
29813
29813
29814
29814
29814
29814
29815
29815
29814
29814
29814
29814
29814
29814
29814
29813
29813
29813
29813
29813
29813
29812
29812
29812
29812
29812
29812
29812
29812
29811
29811
29811
29811
29811
29811
29811
29810
29810
29809
29809
29809
29809
29809
29810
29811
29811
29811
29811
29811
29810
29809
29809
29809
29809
29809
29808
29808
29806
29806
29806
29806
29805
29805
29805
29806
29806
29806
29806
29806
29806
29806
29806
29806
29806
29806
29806
29806
29806
29806
29806
29806
29806
29806
29806
29806
29807
29807
29807
29807
29807
29807
29806
29806
29806
29806
29806
29806
29806
29806
29806
29806
29806
29806
29806
29806
29805
29805
29805
29805
29805
29805
29805
29804
29804
29803
29802
29802
29803
29803
29803
29803
29802
29802
29802
29802
29802
29802
29802
29802
29802
29802
29802
29801
29801
29799
29799
29799
29799
29799
29799
29800
29800
29800
29800
29800
29800
29800
29800
29801
29801
29800
29800
29800
29800
29800
29799
29799
29799
29799
29799
29799
29799
29799
29799
29799
29800
29799
29799
29799
29799
29799
29799
29799
29798
29798
29797
29795
29794
29793
29793
29793
29793
29793
29791
29791
29791
29791
29790
29790
29789
29789
29789
29789
29789
29789
29788
29788
29788
29788
29788
29788
29787
29786
29786
29786
29786
29786
29786
29786
29786
29786
29786
29786
29786
29786
29786
29786
29787
29787
29787
29787
29787
29788
29788
29788
29788
29788
29787
29787
29787
29787
29787
29787
29787
29787
29787
29787
29787
29786
29786
29786
29785
29785
29784
29784
29783
29783
29783
29783
29783
29783
29783
29783
29783
29783
29783
29783
29783
29782
29782
29783
29783
29783
29783
29782
29782
29782
29782
29782
29782
29782
29782
29782
29782
29781
29781
29781
29780
29780
29780
29779
29779
29779
29779
29779
29779
29779
29779
29779
29779
29779
29778
29777
29776
29776
29776
29776
29776
29776
29776
29777
29777
29777
29777
29777
29777
29777
29777
29777
29777
29777
29777
29777
29777
29777
29777
29777
29776
29776
29775
29775
29774
29774
29774
29774
29774
29774
29774
29774
29772
29772
29772
29772
29772
29771
29771
29771
29771
29771
29768
29768
29768
29768
29767
29766
29766
29766
29766
29766
29766
29765
29767
29767
29767
29766
29766
29766
29766
29766
29766
29766
29766
29766
29766
29766
29766
29766
29767
29767
29767
29767
29767
29767
29767
29767
29767
29767
29767
29767
29766
29766
29766
29766
29766
29766
29766
29766
29765
29765
29765
29765
29765
29765
29765
29766
29764
29764
29764
29764
29764
29764
29763
29763
29763
29763
29762
29762
29761
29761
29761
29760
29760
29761
29761
29761
29760
29760
29760
29760
29760
29760
29760
29759
29759
29760
29760
29760
29760
29760
29759
29758
29758
29758
29758
29758
29758
29758
29758
29758
29758
29758
29758
29758
29758
29758
29758
29758
29758
29758
29757
29757
29757
29757
29757
29757
29757
29757
29757
29757
29757
29757
29757
29757
29758
29758
29758
29758
29758
29758
29758
29758
29757
29756
29756
29756
29756
29756
29756
29756
29756
29755
29755
29755
29755
29755
29755
29755
29755
29755
29754
29753
29753
29753
29753
29753
29753
29753
29753
29752
29752
29752
29752
29751
29751
29751
29751
29750
29748
29748
29748
29748
29748
29748
29748
29748
29748
29748
29748
29748
29748
29748
29748
29748
29748
29748
29748
29748
29748
29748
29748
29748
29749
29749
29749
29749
29749
29749
29748
29748
29748
29748
29748
29748
29748
29748
29748
29748
29748
29748
29748
29748
29748
29748
29748
29748
29748
29748
29748
29748
29748
29748
29747
29747
29747
29747
29747
29747
29747
29747
29747
29746
29746
29746
29746
29746
29746
29745
29745
29745
29745
29746
29746
29746
29746
29746
29746
29746
29746
29745
29745
29745
29745
29744
29744
29744
29744
29744
29744
29744
29744
29744
29744
29744
29744
29744
29744
29744
29744
29743
29743
29743
29741
29741
29741
29741
29741
29741
29741
29741
29741
29741
29741
29741
29741
29740
29739
29740
29740
29740
29740
29740
29739
29739
29739
29740
29740
29740
29740
29740
29740
29739
29739
29739
29739
29737
29737
29737
29736
29736
29736
29736
29736
29736
29736
29736
29736
29736
29736
29736
29736
29736
29736
29736
29736
29736
29736
29735
29735
29735
29735
29735
29735
29735
29735
29735
29735
29736
29736
29736
29736
29736
29736
29736
29736
29736
29736
29735
29735
29735
29735
29735
29735
29735
29735
29734
29735
29734
29734
29734
29734
29735
29735
29735
29735
29735
29735
29734
29734
29734
29734
29734
29734
29734
29734
29734
29734
29734
29733
29733
29732
29732
29732
29732
29732
29731
29731
29730
29730
29730
29729
29729
29729
29729
29729
29729
29729
29728
29729
29729
29729
29729
29729
29729
29729
29729
29729
29729
29729
29729
29729
29729
29729
29730
29730
29728
29728
29728
29728
29728
29728
29728
29727
29726
29726
29725
29725
29725
29725
29724
29724
29724
29724
29724
29724
29724
29724
29725
29725
29725
29725
29726
29726
29726
29726
29726
29726
29726
29726
29726
29726
29726
29726
29726
29726
29726
29727
29727
29727
29727
29727
29727
29727
29727
29727
29727
29727
29727
29726
29726
29726
29726
29726
29726
29726
29726
29726
29726
29726
29726
29726
29726
29726
29726
29726
29726
29726
29726
29726
29726
29726
29726
29726
29726
29727
29727
29727
29727
29727
29727
29727
29727
29727
29727
29727
29727
29727
29727
29727
29727
29727
29727
29727
29727
29726
29726
29726
29726
29726
29726
29725
29725
29725
29725
29725
29726
29726
29725
29725
29725
29725
29725
29725
29725
29725
29725
29725
29725
29724
29724
29724
29724
29724
29724
29724
29724
29722
29722
29722
29722
29722
29722
29722
29722
29722
29722
29722
29722
29722
29722
29722
29722
29722
29722
29720
29721
29722
29721
29720
29720
29720
29720
29720
29719
29719
29719
29719
29719
29719
29719
29719
29718
29718
29718
29718
29718
29718
29718
29718
29718
29718
29718
29718
29720
29720
29720
29720
29718
29718
29718
29718
29718
29718
29718
29718
29717
29717
29717
29717
29716
29716
29716
29716
29716
29716
29716
29716
29715
29715
29715
29714
29714
29714
29711
29711
29711
29711
29710
29710
29710
29710
29710
29710
29710
29710
29710
29710
29710
29710
29710
29710
29710
29710
29710
29710
29711
29711
29710
29710
29710
29710
29710
29710
29709
29708
29708
29708
29708
29708
29708
29707
29707
29707
29707
29707
29706
29706
29706
29706
29706
29705
29705
29705
29705
29705
29706
29706
29704
29704
29704
29704
29703
29704
29704
29704
29703
29704
29704
29704
29704
29704
29704
29704
29704
29704
29704
29704
29704
29704
29703
29703
29703
29703
29704
29704
29704
29704
29704
29704
29703
29703
29703
29703
29703
29703
29703
29703
29703
29704
29703
29703
29703
29702
29702
29701
29701
29701
29701
29701
29701
29701
29701
29701
29701
29700
29700
29700
29700
29700
29700
29699
29699
29699
29699
29699
29699
29699
29698
29698
29698
29698
29698
29698
29698
29698
29698
29698
29698
29698
29698
29698
29698
29697
29697
29697
29697
29698
29698
29697
29697
29697
29697
29697
29697
29697
29696
29696
29695
29695
29695
29695
29695
29695
29695
29695
29696
29696
29695
29695
29695
29695
29695
29695
29695
29695
29695
29696
29696
29696
29696
29695
29695
29695
29695
29695
29694
29693
29693
29693
29693
29693
29693
29693
29693
29693
29693
29693
29693
29693
29693
29693
29693
29693
29693
29694
29694
29694
29694
29694
29694
29694
29694
29694
29694
29694
29694
29694
29694
29694
29694
29694
29694
29694
29694
29694
29694
29694
29694
29694
29694
29694
29694
29694
29694
29694
29695
29695
29695
29695
29695
29695
29695
29695
29695
29695
29695
29695
29695
29695
29695
29695
29695
29695
29695
29695
29695
29695
29695
29694
29694
29694
29694
29694
29694
29694
29694
29694
29694
29694
29694
29694
29694
29694
29694
29694
29694
29695
29695
29695
29695
29695
29695
29695
29695
29695
29695
29695
29695
29695
29695
29695
29694
29694
29694
29694
29694
29694
29694
29694
29694
29694
29693
29693
29692
29692
29692
29692
29692
29692
29692
29692
29692
29692
29692
29693
29692
29692
29692
29691
29690
29690
29690
29690
29690
29690
29690
29690
29689
29688
29688
29687
29687
29687
29687
29687
29687
29687
29687
29688
29688
29687
29687
29687
29687
29687
29687
29688
29688
29688
29687
29687
29687
29687
29687
29687
29687
29687
29687
29687
29688
29688
29688
29688
29688
29688
29688
29688
29688
29687
29687
29687
29687
29687
29687
29687
29687
29687
29687
29687
29687
29687
29687
29687
29687
29686
29686
29685
29685
29685
29685
29685
29685
29686
29686
29686
29686
29686
29686
29686
29686
29686
29686
29685
29685
29685
29684
29684
29684
29684
29684
29684
29684
29683
29683
29683
29681
29681
29681
29680
29682
29681
29681
29681
29680
29680
29680
29680
29680
29680
29680
29680
29680
29680
29680
29680
29680
29680
29681
29681
29679
29679
29679
29679
29679
29679
29679
29679
29679
29677
29677
29676
29676
29675
29675
29674
29674
29674
29674
29674
29674
29674
29674
29674
29674
29674
29674
29674
29674
29673
29674
29675
29675
29674
29674
29675
29675
29675
29676
29676
29675
29674
29674
29674
29674
29674
29674
29674
29674
29674
29674
29674
29674
29674
29674
29674
29674
29674
29674
29674
29674
29674
29673
29673
29672
29672
29672
29672
29671
29671
29671
29671
29671
29672
29672
29672
29672
29672
29671
29672
29672
29672
29672
29671
29671
29671
29670
29669
29669
29669
29669
29669
29669
29669
29669
29669
29669
29669
29669
29669
29669
29669
29669
29669
29669
29668
29668
29668
29667
29667
29665
29664
29664
29664
29664
29664
29664
29664
29664
29664
29664
29664
29664
29664
29664
29664
29664
29664
29664
29663
29663
29662
29662
29662
29662
29662
29661
29661
29661
29661
29661
29661
29661
29661
29661
29661
29661
29661
29661
29661
29660
29660
29659
29659
29659
29659
29659
29659
29659
29659
29659
29659
29659
29659
29659
29659
29659
29659
29657
29657
29657
29657
29657
29657
29657
29657
29657
29657
29657
29657
29656
29656
29656
29656
29656
29656
29656
29656
29656
29656
29656
29656
29656
29656
29656
29656
29656
29656
29656
29656
29655
29655
29656
29657
29657
29658
29658
29658
29658
29658
29658
29658
29659
29659
29659
29660
29661
29659
29659
29659
29659
29659
29659
29659
29659
29659
29658
29658
29658
29658
29658
29658
29658
29659
29659
29659
29658
29658
29658
29658
29658
29657
29657
29657
29657
29657
29657
29657
29657
29658
29658
29658
29658
29658
29659
29659
29659
29659
29659
29659
29660
29660
29660
29660
29661
29662
29662
29662
29662
29662
29662
29662
29662
29662
29662
29662
29662
29662
29662
29662
29662
29662
29662
29662
29662
29662
29663
29663
29663
29663
29663
29663
29664
29664
29664
29664
29664
29664
29664
29664
29664
29664
29664
29664
29664
29664
29665
29665
29665
29665
29665
29665
29665
29664
29664
29664
29664
29664
29664
29664
29664
29664
29665
29665
29665
29665
29665
29665
29665
29665
29665
29665
29665
29665
29665
29665
29665
29665
29665
29665
29665
29664
29664
29664
29664
29664
29663
29663
29663
29663
29664
29664
29664
29664
29664
29664
29664
29664
29664
29664
29664
29664
29664
29664
29664
29664
29664
29664
29663
29663
29663
29662
29662
29662
29662
29662
29662
29662
29663
29663
29663
29663
29663
29663
29663
29663
29663
29663
29663
29663
29663
29663
29663
29663
29663
29662
29662
29662
29662
29662
29662
29662
29662
29662
29662
29662
29662
29662
29662
29662
29662
29663
29663
29663
29663
29663
29663
29663
29663
29664
29664
29664
29664
29664
29664
29664
29664
29664
29664
29664
29664
29664
29664
29664
29664
29664
29664
29664
29664
29664
29664
29664
29663
29662
29663
29663
29663
29663
29663
29663
29663
29663
29663
29663
29663
29663
29663
29663
29663
29663
29663
29663
29663
29663
29663
29663
29663
29663
29663
29663
29663
29663
29663
29662
29662
29661
29661
29661
29661
29661
29661
29661
29660
29660
29660
29660
29660
29660
29660
29660
29660
29660
29660
29660
29660
29660
29660
29660
29660
29660
29660
29660
29660
29660
29660
29660
29660
29660
29660
29661
29661
29661
29661
29661
29661
29661
29661
29661
29661
29661
29661
29660
29660
29660
29660
29660
29660
29660
29658
29658
29658
29658
29658
29658
29658
29658
29659
29659
29659
29659
29659
29659
29659
29659
29659
29659
29659
29659
29658
29658
29658
29658
29658
29658
29658
29658
29658
29657
29657
29657
29657
29657
29657
29657
29657
29657
29657
29656
29655
29654
29654
29654
29654
29654
29654
29654
29654
29654
29653
29653
29653
29653
29653
29653
29653
29653
29653
29653
29653
29653
29652
29652
29653
29653
29653
29653
29653
29653
29653
29653
29653
29653
29653
29653
29653
29651
29650
29650
29651
29651
29651
29651
29651
29651
29651
29650
29649
29649
29649
29650
29650
29650
29650
29650
29650
29650
29650
29650
29649
29649
29649
29649
29649
29649
29649
29649
29648
29647
29647
29647
29647
29647
29647
29648
29648
29648
29648
29648
29648
29648
29648
29648
29648
29648
29648
29648
29648
29648
29648
29648
29648
29648
29648
29648
29649
29649
29649
29649
29649
29649
29649
29649
29650
29650
29649
29649
29649
29649
29649
29649
29649
29649
29650
29650
29650
29650
29650
29650
29650
29651
29651
29650
29650
29650
29650
29650
29649
29649
29649
29649
29649
29649
29648
29648
29648
29648
29648
29648
29648
29648
29648
29648
29648
29648
29648
29649
29649
29649
29649
29649
29649
29649
29649
29650
29650
29650
29650
29650
29650
29650
29650
29650
29651
29651
29651
29650
29650
29650
29650
29650
29650
29651
29651
29651
29651
29651
29651
29651
29651
29650
29649
29648
29648
29648
29648
29648
29648
29648
29647
29647
29646
29646
29646
29646
29646
29646
29646
29646
29646
29646
29646
29646
29646
29646
29646
29646
29647
29646
29646
29646
29646
29646
29647
29647
29645
29645
29642
29642
29642
29642
29642
29642
29642
29642
29643
29643
29643
29642
29642
29642
29642
29642
29642
29642
29642
29642
29642
29642
29641
29641
29641
29640
29640
29640
29640
29640
29640
29640
29640
29640
29640
29640
29640
29640
29640
29640
29640
29641
29641
29641
29641
29642
29642
29642
29642
29642
29642
29642
29642
29642
29642
29642
29642
29642
29642
29642
29642
29642
29641
29641
29641
29641
29641
29641
29641
29641
29641
29641
29641
29641
29641
29641
29641
29641
29641
29641
29641
29641
29641
29641
29641
29641
29641
29641
29641
29642
29643
29643
29643
29643
29643
29643
29643
29643
29643
29643
29642
29642
29641
29641
29641
29641
29641
29641
29641
29641
29641
29641
29641
29641
29641
29641
29641
29641
29641
29641
29641
29641
29641
29641
29641
29641
29641
29641
29641
29641
29641
29641
29641
29641
29641
29641
29641
29641
29641
29641
29641
29641
29641
29641
29641
29641
29641
29641
29641
29641
29641
29641
29641
29641
29641
29641
29641
29641
29641
29641
29640
29640
29640
29640
29640
29640
29639
29639
29639
29639
29639
29639
29639
29639
29639
29639
29639
29639
29640
29640
29640
29640
29640
29640
29640
29640
29640
29640
29640
29640
29640
29640
29640
29640
29639
29639
29639
29639
29639
29637
29637
29637
29637
29637
29637
29636
29636
29636
29637
29637
29637
29637
29637
29637
29638
29638
29638
29637
29638
29638
29638
29638
29638
29638
29638
29638
29638
29638
29638
29638
29638
29637
29637
29637
29637
29637
29638
29638
29638
29638
29637
29637
29638
29638
29638
29638
29638
29638
29639
29639
29639
29639
29638
29638
29638
29638
29637
29637
29637
29637
29637
29637
29636
29636
29636
29636
29636
29636
29635
29634
29634
29634
29635
29635
29635
29635
29635
29635
29635
29635
29635
29635
29635
29635
29635
29635
29635
29635
29635
29635
29635
29635
29635
29634
29634
29634
29634
29634
29634
29634
29634
29634
29633
29633
29633
29633
29633
29633
29632
29630
29630
29631
29631
29631
29630
29630
29630
29630
29630
29630
29630
29630
29630
29630
29630
29628
29628
29628
29628
29627
29627
29627
29627
29626
29626
29626
29626
29626
29626
29626
29626
29626
29626
29626
29626
29626
29626
29626
29625
29624
29624
29623
29623
29624
29624
29624
29624
29624
29624
29623
29623
29623
29623
29622
29622
29622
29621
29621
29621
29620
29620
29619
29619
29619
29619
29619
29619
29619
29620
29620
29620
29620
29620
29620
29620
29620
29620
29620
29621
29621
29621
29621
29621
29621
29621
29621
29620
29620
29620
29620
29620
29620
29620
29620
29620
29620
29620
29619
29619
29619
29619
29619
29619
29617
29617
29617
29617
29617
29617
29617
29617
29617
29617
29617
29617
29615
29615
29615
29614
29615
29615
29615
29615
29615
29615
29615
29615
29615
29615
29615
29614
29614
29612
29611
29611
29611
29611
29611
29611
29608
29608
29608
29609
29609
29609
29609
29609
29609
29608
29607
29607
29606
29606
29606
29607
29607
29607
29607
29607
29607
29607
29607
29607
29606
29606
29606
29606
29606
29606
29606
29606
29607
29607
29607
29607
29607
29607
29607
29607
29607
29607
29605
29605
29605
29605
29605
29604
29604
29603
29603
29603
29603
29603
29603
29603
29603
29603
29603
29603
29603
29603
29603
29603
29603
29603
29603
29602
29602
29602
29602
29602
29602
29602
29602
29600
29600
29599
29599
29599
29599
29599
29599
29598
29598
29598
29599
29599
29599
29599
29599
29599
29599
29599
29597
29597
29597
29597
29597
29597
29597
29597
29597
29597
29597
29597
29597
29597
29598
29598
29597
29597
29597
29597
29597
29597
29597
29597
29597
29597
29597
29597
29597
29597
29596
29596
29596
29595
29595
29595
29595
29594
29594
29594
29594
29594
29594
29594
29594
29593
29593
29593
29591
29591
29591
29591
29591
29591
29590
29591
29591
29591
29591
29590
29590
29590
29590
29589
29590
29590
29588
29588
29588
29588
29588
29588
29588
29588
29588
29588
29588
29588
29588
29588
29588
29588
29587
29586
29586
29586
29586
29586
29586
29587
29587
29587
29587
29587
29586
29586
29586
29586
29586
29586
29586
29586
29585
29585
29585
29585
29585
29585
29584
29584
29584
29584
29584
29583
29583
29583
29583
29583
29582
29582
29582
29582
29582
29582
29582
29582
29582
29582
29581
29581
29581
29580
29579
29579
29579
29578
29578
29578
29577
29577
29577
29577
29578
29578
29578
29578
29577
29577
29577
29577
29577
29577
29577
29577
29577
29577
29577
29577
29578
29578
29578
29578
29578
29578
29578
29578
29578
29578
29578
29578
29578
29578
29578
29578
29578
29579
29579
29579
29578
29578
29578
29576
29577
29576
29576
29576
29576
29576
29576
29576
29576
29576
29576
29576
29576
29576
29576
29576
29576
29576
29576
29576
29576
29576
29576
29576
29576
29576
29576
29576
29576
29576
29576
29576
29576
29576
29576
29576
29576
29576
29576
29575
29575
29575
29575
29575
29575
29575
29575
29575
29576
29576
29576
29576
29576
29576
29576
29576
29576
29576
29576
29575
29575
29575
29575
29575
29575
29575
29575
29575
29575
29575
29575
29575
29575
29575
29575
29575
29575
29575
29575
29575
29575
29575
29576
29577
29577
29577
29577
29577
29577
29577
29577
29577
29576
29576
29576
29576
29576
29576
29577
29577
29577
29577
29577
29577
29577
29576
29576
29576
29575
29575
29575
29575
29575
29575
29575
29575
29575
29575
29575
29575
29576
29576
29576
29576
29576
29576
29576
29576
29576
29576
29574
29574
29575
29575
29575
29575
29575
29575
29574
29573
29573
29573
29573
29572
29571
29571
29571
29570
29570
29570
29570
29570
29570
29571
29571
29571
29571
29570
29570
29570
29570
29570
29569
29570
29570
29570
29570
29569
29569
29569
29569
29569
29569
29569
29569
29568
29568
29568
29568
29568
29568
29568
29568
29568
29568
29568
29568
29568
29566
29567
29567
29567
29567
29567
29567
29567
29567
29567
29567
29567
29567
29567
29567
29567
29567
29567
29567
29567
29567
29567
29567
29567
29566
29566
29567
29567
29567
29567
29566
29566
29566
29566
29566
29566
29566
29566
29565
29564
29564
29564
29564
29564
29563
29563
29563
29563
29562
29562
29562
29562
29562
29562
29562
29560
29561
29562
29562
29562
29563
29563
29563
29563
29563
29563
29563
29563
29563
29564
29564
29564
29564
29564
29564
29564
29564
29564
29565
29565
29565
29565
29565
29565
29564
29564
29564
29564
29564
29564
29562
29562
29561
29561
29561
29561
29561
29561
29561
29561
29561
29561
29561
29561
29561
29561
29561
29561
29561
29561
29561
29561
29561
29561
29561
29561
29561
29561
29561
29561
29561
29562
29562
29562
29561
29561
29561
29561
29561
29561
29561
29560
29560
29560
29560
29561
29561
29561
29561
29560
29560
29560
29560
29560
29560
29560
29560
29560
29560
29560
29560
29561
29561
29561
29561
29561
29561
29561
29561
29561
29561
29561
29560
29560
29560
29560
29560
29559
29559
29559
29560
29561
29563
29564
29564
29564
29564
29564
29564
29564
29564
29564
29564
29564
29564
29564
29563
29563
29563
29563
29563
29563
29563
29563
29562
29562
29562
29562
29562
29562
29562
29562
29561
29562
29562
29562
29562
29562
29562
29562
29562
29562
29562
29562
29562
29562
29561
29560
29560
29560
29560
29560
29560
29560
29559
29558
29558
29558
29558
29556
29556
29555
29555
29555
29555
29555
29555
29555
29555
29555
29555
29555
29555
29555
29554
29554
29554
29554
29554
29554
29554
29554
29554
29554
29554
29554
29554
29554
29554
29554
29554
29554
29554
29554
29554
29554
29554
29554
29554
29554
29554
29554
29554
29554
29554
29555
29554
29554
29554
29555
29555
29555
29554
29555
29555
29555
29555
29555
29555
29555
29555
29555
29555
29555
29555
29555
29555
29555
29556
29556
29556
29555
29555
29555
29555
29555
29555
29556
29555
29554
29554
29554
29553
29553
29553
29553
29553
29553
29552
29552
29552
29552
29552
29551
29551
29551
29551
29551
29551
29551
29551
29550
29549
29549
29549
29548
29548
29548
29548
29548
29548
29548
29548
29548
29548
29548
29549
29549
29549
29549
29549
29549
29550
29550
29550
29550
29550
29550
29550
29550
29550
29550
29550
29550
29550
29550
29550
29550
29550
29550
29550
29549
29549
29549
29549
29549
29549
29548
29548
29548
29548
29548
29548
29548
29548
29548
29548
29548
29548
29548
29548
29548
29548
29548
29547
29547
29547
29548
29548
29547
29547
29547
29547
29547
29546
29546
29546
29546
29546
29546
29546
29546
29546
29546
29546
29545
29545
29545
29546
29546
29546
29546
29546
29546
29546
29546
29546
29546
29546
29546
29546
29546
29546
29546
29546
29546
29545
29545
29545
29545
29544
29544
29545
29544
29544
29544
29543
29543
29543
29543
29543
29543
29543
29541
29541
29541
29541
29541
29541
29541
29540
29539
29539
29539
29539
29539
29539
29540
29539
29539
29538
29537
29537
29537
29537
29537
29537
29537
29537
29537
29537
29537
29537
29537
29536
29536
29536
29536
29536
29535
29534
29534
29534
29534
29535
29535
29535
29535
29535
29535
29535
29535
29535
29535
29535
29536
29536
29536
29536
29536
29536
29536
29536
29536
29536
29536
29536
29536
29536
29536
29536
29536
29536
29536
29536
29536
29536
29536
29536
29536
29536
29536
29536
29536
29535
29535
29535
29535
29535
29535
29535
29535
29535
29535
29535
29535
29535
29535
29535
29535
29535
29534
29534
29534
29533
29533
29532
29532
29532
29532
29532
29532
29532
29532
29532
29532
29532
29530
29530
29530
29530
29530
29530
29530
29530
29530
29530
29530
29530
29530
29530
29530
29530
29530
29530
29530
29530
29530
29530
29530
29530
29529
29529
29529
29528
29528
29528
29528
29528
29528
29528
29528
29528
29528
29527
29528
29528
29528
29528
29527
29527
29527
29527
29527
29526
29526
29525
29525
29524
29524
29524
29524
29524
29522
29522
29522
29522
29522
29522
29522
29522
29522
29522
29522
29523
29522
29522
29522
29522
29522
29522
29522
29522
29522
29522
29522
29522
29519
29519
29519
29519
29519
29519
29519
29519
29519
29519
29519
29519
29519
29519
29519
29518
29518
29518
29517
29517
29517
29517
29517
29517
29517
29517
29517
29518
29518
29518
29518
29516
29516
29516
29516
29516
29516
29517
29517
29517
29516
29516
29516
29516
29516
29516
29516
29516
29516
29516
29516
29516
29516
29516
29516
29516
29516
29516
29516
29516
29516
29516
29516
29516
29515
29515
29515
29515
29515
29515
29515
29515
29515
29515
29515
29515
29515
29515
29516
29516
29516
29516
29516
29516
29516
29516
29516
29516
29516
29516
29516
29516
29516
29517
29517
29517
29517
29517
29517
29517
29517
29517
29517
29517
29517
29516
29515
29515
29514
29514
29514
29514
29514
29514
29514
29514
29514
29515
29515
29515
29513
29513
29513
29512
29511
29511
29511
29511
29511
29511
29511
29511
29511
29511
29511
29511
29511
29511
29511
29511
29511
29511
29511
29512
29512
29512
29512
29511
29511
29511
29511
29511
29511
29511
29511
29511
29511
29511
29511
29511
29511
29511
29511
29511
29510
29509
29509
29508
29508
29508
29508
29508
29508
29508
29508
29508
29508
29508
29508
29508
29508
29508
29508
29508
29508
29508
29508
29508
29506
29506
29506
29506
29507
29506
29506
29506
29506
29506
29506
29506
29506
29506
29504
29504
29504
29504
29504
29503
29503
29503
29503
29503
29503
29503
29503
29503
29503
29503
29503
29502
29502
29502
29502
29502
29503
29503
29503
29503
29503
29503
29503
29503
29503
29503
29503
29503
29504
29504
29504
29504
29504
29504
29504
29504
29504
29504
29504
29504
29504
29504
29504
29504
29504
29504
29504
29504
29504
29504
29504
29504
29504
29503
29503
29504
29504
29504
29504
29504
29504
29503
29503
29503
29503
29503
29503
29503
29503
29503
29502
29502
29502
29502
29502
29502
29502
29502
29502
29501
29501
29501
29501
29501
29501
29501
29501
29500
29500
29500
29500
29500
29501
29501
29501
29501
29501
29501
29500
29499
29499
29499
29499
29500
29500
29500
29500
29500
29500
29500
29500
29500
29500
29500
29500
29500
29500
29500
29500
29500
29500
29500
29499
29499
29499
29499
29499
29499
29499
29499
29499
29498
29497
29497
29497
29497
29497
29497
29497
29496
29496
29496
29496
29497
29497
29497
29497
29497
29497
29497
29497
29497
29497
29496
29496
29496
29496
29496
29497
29497
29497
29497
29497
29497
29497
29497
29497
29497
29496
29497
29497
29497
29497
29496
29496
29496
29496
29496
29496
29496
29494
29494
29494
29494
29494
29494
29494
29494
29494
29494
29494
29494
29494
29494
29495
29495
29495
29494
29494
29494
29494
29494
29494
29494
29493
29493
29492
29492
29492
29492
29491
29491
29491
29490
29490
29490
29490
29490
29490
29490
29490
29490
29490
29489
29489
29489
29489
29489
29489
29489
29489
29489
29489
29489
29489
29489
29489
29489
29489
29489
29489
29488
29488
29487
29487
29487
29487
29482
29482
29482
29481
29479
29479
29479
29479
29479
29479
29479
29479
29479
29479
29479
29479
29479
29479
29479
29479
29479
29477
29477
29477
29477
29477
29477
29477
29477
29478
29478
29478
29478
29478
29478
29478
29478
29478
29478
29478
29478
29478
29478
29478
29478
29478
29478
29478
29478
29477
29477
29476
29476
29476
29476
29474
29474
29474
29474
29474
29474
29474
29472
29472
29472
29472
29472
29472
29472
29472
29472
29472
29472
29472
29472
29472
29471
29472
29472
29472
29472
29472
29472
29470
29470
29470
29470
29470
29470
29470
29471
29471
29471
29471
29471
29472
29472
29472
29471
29471
29471
29471
29471
29471
29471
29471
29471
29471
29472
29472
29472
29472
29472
29472
29472
29471
29471
29470
29470
29470
29470
29470
29470
29469
29469
29469
29469
29470
29470
29470
29470
29471
29471
29471
29472
29472
29471
29471
29471
29470
29470
29470
29470
29470
29471
29471
29471
29471
29471
29471
29471
29471
29471
29471
29471
29471
29471
29471
29470
29470
29469
29469
29469
29469
29469
29468
29468
29468
29469
29469
29469
29469
29468
29468
29468
29468
29467
29467
29467
29467
29466
29466
29466
29466
29466
29466
29466
29465
29465
29465
29465
29465
29465
29465
29465
29465
29465
29465
29466
29466
29466
29466
29466
29466
29466
29466
29465
29464
29463
29463
29463
29463
29462
29462
29462
29462
29462
29462
29462
29461
29461
29461
29461
29461
29461
29461
29460
29460
29460
29460
29460
29460
29460
29460
29460
29460
29461
29461
29460
29460
29460
29460
29460
29460
29460
29460
29460
29460
29460
29460
29460
29460
29460
29460
29460
29462
29462
29462
29462
29462
29462
29461
29461
29461
29462
29462
29462
29462
29462
29462
29462
29462
29461
29461
29461
29461
29461
29461
29461
29461
29461
29462
29462
29462
29462
29462
29462
29462
29462
29462
29462
29462
29462
29462
29462
29462
29462
29462
29461
29461
29461
29462
29462
29463
29463
29463
29463
29463
29463
29462
29462
29462
29461
29461
29462
29462
29462
29461
29459
29459
29459
29459
29459
29459
29458
29458
29457
29456
29456
29457
29457
29457
29457
29457
29457
29457
29458
29457
29456
29456
29455
29455
29455
29455
29455
29455
29455
29455
29454
29452
29452
29452
29452
29452
29452
29452
29452
29452
29452
29452
29452
29452
29452
29452
29452
29452
29452
29452
29452
29452
29452
29452
29452
29452
29452
29451
29451
29450
29450
29450
29450
29450
29450
29450
29450
29450
29450
29450
29450
29450
29451
29451
29449
29449
29449
29449
29448
29448
29448
29449
29450
29450
29449
29449
29448
29448
29448
29448
29448
29448
29448
29448
29448
29448
29448
29447
29447
29445
29445
29445
29444
29443
29444
29444
29444
29444
29444
29444
29443
29443
29442
29442
29442
29443
29443
29443
29443
29442
29442
29442
29441
29441
29441
29441
29441
29441
29441
29441
29441
29441
29441
29441
29441
29441
29441
29441
29441
29441
29441
29441
29441
29440
29440
29440
29440
29439
29439
29439
29438
29438
29437
29437
29437
29437
29436
29436
29436
29436
29436
29436
29436
29436
29436
29436
29436
29435
29435
29435
29435
29435
29435
29435
29435
29435
29435
29433
29432
29432
29432
29432
29434
29434
29433
29433
29434
29434
29433
29433
29433
29432
29432
29432
29432
29432
29431
29431
29431
29431
29431
29432
29433
29433
29433
29433
29433
29433
29432
29431
29431
29431
29431
29431
29431
29431
29431
29431
29431
29431
29431
29431
29431
29431
29431
29431
29431
29430
29430
29430
29429
29430
29430
29430
29430
29430
29430
29430
29430
29430
29430
29430
29430
29430
29430
29430
29429
29428
29428
29428
29427
29427
29428
29428
29428
29428
29428
29428
29428
29428
29428
29428
29428
29428
29428
29428
29428
29426
29426
29426
29426
29426
29426
29426
29426
29426
29424
29422
29422
29422
29422
29422
29422
29422
29423
29423
29423
29423
29423
29423
29423
29422
29422
29422
29422
29423
29423
29423
29423
29423
29423
29422
29422
29422
29421
29421
29421
29421
29421
29420
29420
29420
29419
29419
29419
29420
29420
29421
29420
29420
29420
29420
29420
29420
29420
29419
29418
29417
29417
29417
29417
29417
29416
29416
29416
29416
29416
29416
29416
29418
29417
29416
29416
29416
29416
29416
29415
29415
29415
29415
29415
29415
29415
29415
29415
29415
29415
29415
29416
29416
29416
29416
29416
29416
29416
29416
29415
29415
29415
29415
29415
29415
29414
29414
29414
29413
29413
29413
29412
29412
29412
29412
29412
29412
29411
29411
29411
29411
29411
29411
29411
29410
29410
29410
29410
29410
29409
29409
29409
29409
29409
29408
29408
29408
29408
29407
29406
29406
29406
29406
29406
29406
29407
29407
29406
29406
29406
29406
29406
29406
29406
29406
29406
29406
29407
29407
29407
29407
29407
29407
29407
29407
29407
29407
29406
29406
29406
29406
29407
29407
29407
29407
29407
29407
29407
29407
29407
29405
29405
29405
29405
29405
29405
29405
29405
29405
29405
29405
29405
29405
29405
29405
29405
29405
29404
29404
29404
29404
29403
29402
29402
29402
29402
29402
29402
29402
29402
29402
29402
29402
29402
29403
29403
29403
29403
29403
29403
29403
29403
29403
29404
29404
29404
29404
29404
29404
29404
29404
29404
29404
29404
29404
29404
29404
29404
29404
29404
29404
29404
29404
29404
29404
29404
29404
29405
29405
29405
29405
29405
29405
29405
29405
29405
29405
29405
29405
29405
29405
29405
29405
29405
29405
29405
29404
29403
29403
29403
29403
29402
29402
29402
29402
29402
29402
29402
29402
29402
29403
29403
29403
29403
29403
29403
29403
29402
29402
29402
29402
29402
29402
29402
29402
29401
29401
29401
29401
29401
29400
29400
29399
29399
29399
29398
29398
29398
29398
29398
29399
29399
29399
29399
29399
29399
29399
29399
29398
29398
29398
29398
29398
29398
29397
29397
29396
29396
29396
29395
29395
29395
29395
29395
29395
29395
29394
29392
29392
29391
29391
29391
29391
29391
29391
29391
29391
29390
29390
29389
29389
29389
29389
29389
29389
29389
29389
29388
29388
29387
29387
29387
29387
29387
29386
29386
29386
29386
29386
29386
29386
29386
29386
29386
29386
29386
29386
29386
29385
29385
29385
29385
29385
29385
29385
29385
29385
29385
29385
29385
29383
29383
29383
29383
29383
29384
29384
29383
29382
29382
29382
29382
29382
29382
29382
29382
29382
29382
29383
29383
29383
29383
29383
29383
29383
29383
29383
29383
29383
29383
29383
29385
29385
29384
29384
29384
29384
29384
29384
29384
29383
29383
29383
29383
29383
29383
29383
29383
29383
29383
29383
29383
29384
29385
29385
29385
29385
29385
29384
29384
29384
29385
29384
29383
29383
29383
29383
29383
29383
29384
29384
29383
29382
29382
29382
29382
29381
29380
29380
29380
29380
29380
29380
29380
29381
29381
29381
29381
29381
29380
29380
29380
29380
29379
29379
29379
29379
29379
29379
29379
29379
29379
29379
29379
29379
29379
29379
29380
29379
29379
29379
29379
29379
29378
29378
29378
29378
29378
29378
29378
29378
29378
29377
29377
29377
29377
29376
29376
29377
29377
29378
29377
29378
29379
29379
29379
29380
29380
29380
29380
29380
29380
29380
29380
29380
29380
29380
29380
29380
29380
29380
29380
29380
29381
29380
29380
29380
29380
29380
29380
29380
29380
29380
29380
29380
29380
29380
29380
29380
29380
29380
29379
29379
29380
29380
29380
29380
29380
29379
29379
29379
29379
29379
29379
29377
29377
29377
29377
29377
29377
29377
29378
29378
29378
29378
29378
29378
29378
29378
29378
29379
29379
29379
29379
29378
29378
29378
29378
29379
29379
29379
29379
29379
29379
29379
29378
29378
29378
29378
29378
29378
29378
29378
29378
29378
29376
29376
29376
29376
29375
29375
29375
29375
29375
29375
29375
29375
29375
29375
29375
29376
29376
29376
29376
29376
29376
29378
29378
29377
29377
29377
29377
29377
29377
29378
29378
29378
29378
29378
29377
29377
29377
29377
29377
29377
29377
29376
29376
29376
29376
29375
29374
29374
29373
29373
29373
29373
29372
29372
29372
29372
29371
29371
29371
29371
29371
29369
29369
29369
29369
29369
29369
29369
29369
29370
29370
29370
29370
29369
29370
29370
29370
29369
29368
29368
29368
29368
29368
29368
29367
29367
29367
29367
29367
29367
29369
29369
29369
29369
29369
29369
29369
29369
29369
29369
29369
29369
29369
29369
29369
29369
29369
29369
29369
29369
29369
29369
29369
29369
29369
29369
29369
29369
29369
29369
29369
29369
29368
29368
29368
29368
29368
29367
29366
29366
29366
29366
29366
29365
29365
29365
29365
29364
29364
29364
29364
29364
29364
29364
29364
29364
29364
29364
29365
29364
29364
29363
29363
29363
29363
29363
29363
29363
29363
29363
29363
29363
29362
29362
29362
29362
29362
29362
29363
29363
29363
29363
29362
29362
29362
29362
29362
29362
29362
29362
29362
29362
29361
29361
29361
29361
29361
29361
29361
29361
29361
29361
29361
29360
29359
29359
29360
29360
29360
29360
29360
29360
29361
29361
29360
29360
29358
29358
29358
29358
29359
29359
29360
29359
29358
29358
29357
29357
29357
29357
29358
29357
29357
29357
29357
29357
29357
29356
29356
29356
29356
29356
29356
29356
29356
29356
29356
29356
29354
29354
29354
29354
29354
29354
29353
29354
29354
29354
29354
29354
29353
29353
29353
29353
29353
29353
29353
29353
29353
29353
29354
29354
29354
29354
29354
29354
29355
29355
29356
29356
29356
29356
29356
29357
29356
29355
29356
29356
29356
29355
29355
29355
29354
29354
29354
29354
29354
29354
29354
29354
29353
29353
29353
29352
29352
29352
29352
29352
29352
29352
29352
29352
29352
29351
29351
29351
29349
29349
29349
29349
29349
29349
29349
29349
29349
29349
29349
29349
29348
29348
29348
29346
29346
29346
29345
29345
29345
29346
29346
29346
29346
29347
29347
29346
29346
29348
29348
29348
29348
29348
29348
29347
29347
29347
29347
29347
29347
29347
29347
29347
29347
29347
29347
29347
29347
29347
29347
29347
29349
29349
29349
29349
29349
29349
29349
29349
29349
29348
29348
29348
29348
29348
29348
29348
29348
29348
29348
29348
29348
29348
29347
29347
29347
29347
29347
29347
29347
29347
29347
29347
29347
29347
29347
29348
29348
29348
29348
29348
29348
29347
29347
29347
29347
29347
29347
29347
29347
29347
29347
29347
29347
29347
29347
29348
29348
29348
29348
29347
29347
29347
29347
29347
29347
29347
29347
29346
29346
29346
29346
29346
29346
29346
29346
29346
29346
29345
29345
29345
29345
29344
29344
29344
29344
29344
29344
29344
29344
29344
29344
29343
29343
29343
29343
29343
29343
29343
29342
29341
29341
29341
29341
29341
29341
29341
29341
29341
29341
29341
29341
29341
29341
29341
29341
29341
29341
29341
29342
29342
29342
29342
29342
29342
29342
29342
29342
29342
29342
29341
29341
29341
29341
29341
29341
29341
29341
29341
29341
29341
29341
29341
29341
29341
29341
29341
29338
29338
29338
29338
29338
29338
29338
29338
29338
29338
29338
29338
29338
29338
29338
29338
29337
29337
29336
29334
29335
29335
29333
29333
29333
29333
29333
29333
29333
29333
29333
29332
29332
29332
29332
29332
29332
29332
29332
29332
29332
29331
29331
29328
29328
29327
29327
29327
29327
29327
29327
29327
29327
29327
29327
29326
29326
29324
29323
29324
29324
29323
29324
29324
29323
29324
29324
29324
29324
29324
29324
29324
29324
29323
29323
29322
29322
29322
29322
29322
29322
29322
29322
29321
29321
29321
29321
29321
29321
29321
29321
29321
29321
29321
29321
29321
29320
29320
29320
29320
29320
29320
29320
29320
29318
29318
29318
29318
29318
29318
29318
29318
29318
29318
29317
29317
29317
29318
29318
29318
29318
29317
29315
29315
29315
29315
29315
29315
29315
29316
29315
29315
29315
29315
29315
29313
29313
29313
29313
29313
29313
29312
29312
29312
29312
29312
29312
29312
29312
29312
29312
29312
29312
29311
29311
29311
29311
29311
29310
29310
29310
29310
29311
29311
29311
29311
29311
29312
29312
29312
29312
29312
29313
29313
29313
29313
29313
29313
29313
29313
29313
29313
29313
29313
29313
29313
29313
29313
29313
29313
29313
29313
29313
29313
29315
29315
29315
29314
29314
29313
29313
29313
29313
29313
29313
29313
29313
29313
29313
29313
29313
29313
29313
29312
29312
29312
29313
29313
29313
29312
29312
29312
29312
29312
29312
29312
29312
29313
29313
29313
29313
29312
29312
29310
29309
29309
29309
29308
29308
29308
29308
29308
29308
29309
29309
29309
29308
29308
29308
29307
29307
29307
29306
29306
29307
29307
29307
29308
29308
29308
29308
29308
29308
29308
29307
29306
29306
29305
29305
29305
29305
29305
29305
29305
29304
29304
29304
29304
29304
29304
29304
29304
29304
29304
29304
29304
29304
29304
29303
29303
29303
29303
29302
29302
29303
29302
29302
29303
29303
29303
29303
29303
29303
29303
29303
29303
29303
29303
29303
29303
29303
29303
29303
29303
29303
29303
29303
29303
29303
29303
29303
29304
29304
29304
29304
29304
29304
29304
29303
29303
29303
29303
29304
29304
29304
29304
29304
29304
29304
29304
29304
29304
29304
29303
29303
29302
29302
29302
29302
29302
29302
29301
29301
29301
29301
29301
29301
29301
29301
29301
29301
29301
29301
29302
29302
29302
29302
29302
29302
29302
29302
29302
29302
29302
29302
29302
29302
29301
29301
29301
29301
29301
29301
29301
29299
29299
29299
29299
29299
29299
29299
29299
29299
29299
29299
29299
29298
29298
29299
29300
29299
29299
29299
29299
29299
29299
29300
29299
29299
29298
29298
29298
29297
29297
29296
29296
29296
29296
29296
29297
29297
29297
29297
29297
29297
29297
29297
29297
29297
29297
29297
29297
29298
29298
29298
29297
29296
29296
29296
29296
29296
29296
29296
29296
29296
29296
29296
29296
29296
29296
29296
29296
29296
29296
29296
29296
29296
29296
29296
29296
29296
29296
29296
29296
29296
29296
29296
29296
29296
29296
29296
29296
29297
29297
29297
29297
29297
29296
29296
29296
29296
29296
29294
29294
29294
29294
29294
29294
29294
29294
29294
29294
29294
29294
29294
29294
29294
29292
29292
29292
29292
29292
29292
29292
29292
29292
29292
29290
29290
29290
29290
29288
29289
29289
29289
29289
29289
29288
29288
29288
29287
29287
29287
29287
29287
29287
29287
29287
29287
29287
29287
29287
29287
29288
29288
29288
29288
29288
29288
29288
29288
29288
29288
29288
29288
29288
29286
29286
29286
29286
29286
29285
29285
29285
29285
29285
29285
29284
29284
29284
29284
29283
29282
29281
29281
29281
29281
29281
29281
29281
29281
29281
29281
29281
29280
29280
29280
29279
29279
29279
29278
29279
29279
29277
29277
29277
29277
29277
29276
29276
29276
29276
29276
29276
29276
29276
29275
29275
29275
29275
29275
29275
29275
29275
29274
29273
29273
29273
29273
29273
29273
29273
29273
29272
29272
29272
29272
29272
29272
29272
29268
29268
29268
29266
29266
29265
29266
29265
29265
29265
29265
29265
29265
29265
29265
29265
29265
29265
29265
29265
29265
29265
29265
29265
29265
29265
29265
29265
29265
29265
29264
29264
29263
29261
29260
29259
29259
29259
29259
29258
29258
29258
29258
29259
29259
29259
29259
29259
29259
29259
29259
29259
29259
29259
29259
29259
29259
29259
29259
29259
29259
29259
29259
29258
29258
29258
29258
29258
29258
29258
29258
29258
29258
29258
29258
29258
29258
29259
29259
29259
29259
29259
29259
29259
29259
29259
29259
29259
29259
29259
29259
29258
29258
29257
29257
29257
29257
29257
29257
29256
29256
29256
29255
29255
29255
29255
29255
29255
29254
29254
29254
29253
29253
29253
29253
29253
29253
29253
29253
29253
29253
29253
29253
29253
29253
29253
29253
29253
29253
29253
29252
29252
29252
29251
29250
29250
29251
29251
29251
29251
29251
29251
29251
29251
29251
29251
29251
29251
29251
29251
29251
29251
29251
29251
29251
29251
29251
29251
29251
29251
29251
29251
29251
29251
29251
29251
29251
29251
29251
29251
29251
29251
29251
29251
29250
29250
29250
29250
29250
29249
29248
29249
29247
29247
29247
29247
29247
29246
29246
29246
29246
29246
29246
29246
29247
29247
29247
29247
29248
29248
29248
29248
29248
29248
29247
29247
29248
29248
29248
29249
29249
29249
29249
29249
29249
29249
29249
29249
29249
29249
29249
29249
29250
29251
29251
29251
29251
29251
29251
29250
29250
29250
29250
29250
29250
29250
29250
29250
29250
29250
29250
29250
29250
29250
29250
29250
29250
29250
29250
29250
29250
29248
29248
29248
29248
29248
29248
29248
29248
29248
29248
29248
29248
29248
29248
29248
29248
29247
29247
29247
29247
29247
29247
29247
29247
29246
29246
29246
29246
29246
29246
29245
29245
29245
29245
29245
29245
29245
29245
29245
29245
29245
29245
29245
29245
29244
29244
29244
29244
29244
29244
29244
29244
29244
29244
29244
29244
29244
29244
29244
29244
29244
29244
29244
29244
29244
29244
29244
29244
29244
29242
29242
29242
29242
29242
29242
29242
29242
29242
29241
29241
29241
29241
29241
29241
29241
29241
29241
29241
29241
29241
29241
29241
29241
29241
29241
29241
29241
29241
29241
29241
29241
29241
29241
29242
29241
29241
29241
29241
29241
29240
29239
29239
29239
29239
29239
29240
29239
29239
29239
29239
29239
29239
29239
29239
29239
29239
29239
29239
29239
29239
29239
29239
29239
29239
29239
29238
29238
29237
29237
29237
29237
29237
29237
29237
29237
29237
29237
29237
29237
29237
29237
29238
29238
29238
29238
29238
29238
29237
29236
29235
29235
29235
29235
29235
29235
29235
29235
29235
29235
29235
29235
29235
29234
29234
29234
29234
29234
29234
29234
29234
29234
29234
29234
29234
29234
29234
29234
29234
29234
29234
29234
29234
29234
29235
29235
29235
29235
29235
29235
29235
29236
29236
29236
29236
29236
29236
29235
29235
29235
29234
29234
29234
29233
29233
29233
29233
29233
29233
29232
29232
29231
29231
29231
29231
29231
29231
29230
29230
29230
29230
29229
29229
29229
29229
29229
29229
29229
29229
29229
29229
29229
29229
29229
29229
29229
29229
29229
29229
29229
29229
29229
29229
29229
29228
29228
29229
29229
29228
29228
29229
29229
29229
29229
29229
29229
29229
29229
29228
29228
29228
29228
29228
29228
29228
29228
29228
29228
29228
29228
29228
29225
29225
29225
29226
29226
29226
29226
29226
29226
29226
29225
29225
29225
29225
29225
29224
29224
29224
29223
29223
29224
29224
29224
29224
29224
29224
29224
29224
29224
29224
29224
29224
29224
29224
29224
29223
29223
29223
29223
29223
29223
29223
29222
29222
29222
29222
29221
29220
29220
29220
29221
29221
29221
29220
29220
29220
29220
29219
29219
29219
29219
29220
29220
29220
29220
29220
29220
29220
29220
29220
29219
29218
29218
29220
29220
29220
29220
29220
29219
29219
29218
29217
29215
29215
29215
29215
29215
29215
29215
29215
29214
29213
29213
29213
29213
29214
29214
29214
29214
29214
29214
29214
29214
29214
29214
29214
29214
29214
29214
29214
29214
29214
29214
29214
29214
29214
29214
29214
29214
29214
29213
29213
29213
29213
29213
29213
29213
29213
29213
29213
29212
29212
29212
29211
29211
29210
29210
29210
29210
29210
29210
29210
29210
29210
29209
29209
29209
29209
29209
29208
29207
29207
29207
29207
29207
29207
29207
29207
29207
29207
29207
29207
29207
29207
29207
29207
29207
29207
29207
29207
29207
29207
29207
29206
29206
29205
29205
29205
29205
29204
29204
29204
29204
29203
29203
29203
29203
29203
29203
29202
29202
29202
29202
29202
29202
29201
29201
29200
29200
29200
29200
29200
29200
29200
29200
29200
29200
29200
29200
29200
29200
29200
29200
29200
29200
29200
29200
29199
29199
29198
29198
29197
29195
29195
29195
29194
29195
29195
29195
29195
29195
29196
29196
29196
29196
29196
29196
29196
29196
29195
29195
29195
29195
29195
29195
29195
29195
29195
29196
29196
29196
29196
29196
29196
29196
29195
29194
29194
29194
29194
29194
29194
29194
29194
29194
29194
29194
29194
29194
29194
29194
29194
29194
29194
29194
29194
29193
29192
29192
29192
29192
29192
29192
29192
29192
29192
29192
29192
29191
29191
29191
29190
29188
29188
29188
29188
29188
29188
29188
29187
29187
29187
29187
29187
29187
29187
29186
29186
29186
29186
29186
29187
29187
29187
29187
29187
29187
29187
29187
29187
29187
29187
29187
29187
29187
29187
29187
29186
29186
29186
29186
29186
29185
29185
29185
29185
29185
29185
29184
29184
29184
29184
29184
29184
29184
29185
29185
29185
29185
29185
29184
29184
29184
29185
29186
29186
29186
29186
29186
29186
29186
29186
29186
29186
29186
29186
29186
29186
29186
29186
29187
29186
29186
29186
29186
29186
29186
29186
29186
29186
29186
29186
29186
29185
29185
29185
29185
29186
29186
29186
29185
29185
29185
29185
29185
29184
29184
29184
29184
29184
29184
29184
29184
29184
29184
29184
29184
29184
29184
29185
29185
29185
29185
29185
29185
29185
29185
29185
29185
29185
29185
29185
29185
29185
29184
29184
29184
29184
29184
29184
29183
29183
29183
29183
29183
29183
29183
29184
29184
29184
29184
29184
29184
29184
29183
29182
29182
29181
29181
29180
29179
29179
29179
29179
29179
29179
29179
29179
29179
29179
29179
29179
29179
29179
29179
29179
29178
29178
29178
29178
29177
29177
29176
29176
29175
29175
29174
29174
29174
29174
29174
29174
29174
29174
29174
29174
29173
29173
29173
29173
29172
29172
29172
29172
29172
29172
29172
29171
29171
29171
29171
29171
29172
29172
29171
29171
29171
29171
29171
29171
29171
29171
29171
29171
29171
29171
29171
29171
29170
29170
29170
29170
29170
29170
29170
29170
29170
29170
29170
29170
29170
29170
29170
29170
29170
29168
29167
29167
29167
29167
29167
29167
29167
29167
29167
29167
29167
29167
29167
29167
29167
29167
29167
29167
29168
29168
29168
29167
29167
29167
29167
29167
29167
29167
29167
29167
29167
29166
29166
29166
29166
29165
29164
29164
29164
29164
29164
29164
29164
29164
29164
29164
29164
29164
29164
29164
29164
29163
29163
29163
29163
29163
29163
29163
29163
29163
29164
29164
29164
29164
29164
29164
29164
29162
29162
29162
29162
29162
29162
29162
29162
29162
29162
29162
29162
29162
29162
29163
29162
29162
29162
29163
29163
29163
29163
29163
29163
29163
29163
29163
29163
29163
29163
29163
29163
29163
29162
29162
29162
29162
29162
29162
29162
29162
29162
29162
29162
29162
29162
29162
29162
29163
29163
29163
29163
29163
29163
29161
29160
29160
29160
29159
29159
29159
29159
29159
29159
29159
29159
29159
29159
29159
29159
29157
29157
29157
29158
29158
29158
29158
29157
29157
29156
29156
29156
29156
29156
29156
29156
29156
29156
29156
29156
29156
29156
29156
29156
29154
29154
29154
29154
29154
29155
29154
29154
29154
29154
29154
29154
29155
29155
29155
29155
29155
29155
29155
29155
29155
29155
29153
29153
29153
29153
29153
29153
29153
29153
29153
29153
29153
29153
29153
29153
29153
29153
29153
29153
29153
29151
29151
29151
29151
29151
29151
29150
29150
29150
29150
29150
29150
29150
29150
29150
29150
29150
29150
29150
29150
29150
29150
29150
29150
29150
29149
29150
29149
29150
29150
29150
29151
29151
29149
29149
29149
29149
29149
29149
29149
29149
29149
29149
29149
29149
29149
29149
29149
29149
29149
29149
29149
29149
29149
29149
29149
29149
29149
29149
29149
29149
29149
29148
29149
29149
29149
29149
29149
29149
29149
29150
29150
29150
29150
29150
29150
29150
29150
29150
29150
29150
29150
29150
29149
29148
29148
29148
29148
29148
29148
29148
29148
29148
29147
29147
29147
29147
29147
29146
29146
29146
29146
29145
29145
29145
29145
29144
29144
29144
29144
29144
29144
29144
29144
29144
29144
29144
29144
29144
29144
29144
29144
29144
29144
29144
29144
29144
29144
29144
29144
29144
29144
29144
29144
29145
29145
29145
29145
29144
29144
29144
29144
29143
29143
29143
29142
29141
29141
29141
29141
29141
29141
29142
29142
29142
29142
29143
29143
29143
29143
29143
29143
29143
29143
29143
29143
29143
29143
29143
29143
29143
29143
29143
29143
29143
29143
29143
29143
29143
29144
29144
29144
29144
29144
29144
29146
29146
29146
29146
29146
29146
29146
29146
29146
29146
29145
29145
29145
29146
29146
29146
29146
29146
29146
29146
29146
29146
29146
29146
29146
29146
29146
29146
29146
29146
29146
29146
29146
29146
29146
29146
29146
29146
29146
29147
29147
29146
29146
29146
29147
29147
29147
29147
29147
29148
29147
29147
29146
29146
29146
29146
29146
29146
29146
29146
29146
29146
29146
29145
29145
29144
29144
29144
29144
29144
29144
29145
29145
29145
29145
29145
29145
29145
29145
29145
29145
29144
29144
29144
29144
29144
29144
29144
29144
29144
29144
29144
29144
29144
29144
29144
29144
29144
29144
29144
29144
29144
29144
29144
29144
29144
29143
29143
29143
29143
29143
29143
29143
29142
29142
29142
29142
29142
29142
29142
29142
29141
29140
29140
29140
29140
29140
29140
29140
29140
29140
29140
29140
29140
29140
29140
29139
29139
29139
29139
29140
29140
29140
29140
29140
29139
29139
29139
29139
29139
29139
29139
29139
29138
29138
29138
29138
29138
29139
29139
29139
29139
29138
29138
29138
29138
29138
29138
29138
29138
29138
29138
29138
29138
29138
29138
29138
29138
29138
29138
29137
29137
29137
29137
29136
29136
29136
29136
29136
29136
29136
29136
29135
29135
29135
29135
29135
29135
29135
29135
29135
29135
29135
29135
29136
29136
29136
29136
29136
29135
29135
29135
29134
29135
29135
29136
29136
29136
29136
29136
29137
29138
29138
29138
29138
29139
29139
29138
29138
29138
29138
29138
29138
29137
29137
29137
29137
29137
29137
29137
29137
29137
29137
29137
29137
29137
29137
29137
29137
29135
29135
29133
29133
29133
29131
29131
29129
29129
29129
29129
29129
29129
29129
29129
29129
29130
29130
29130
29130
29130
29129
29129
29129
29129
29129
29129
29129
29129
29129
29129
29129
29129
29129
29129
29129
29129
29129
29129
29129
29129
29129
29128
29128
29128
29128
29128
29127
29128
29128
29128
29128
29128
29128
29128
29128
29129
29129
29129
29128
29128
29128
29128
29128
29128
29128
29128
29127
29127
29127
29126
29126
29126
29126
29126
29126
29126
29125
29125
29125
29125
29124
29124
29124
29124
29124
29124
29124
29124
29124
29124
29124
29124
29124
29123
29123
29122
29120
29120
29120
29120
29120
29120
29120
29119
29119
29119
29119
29119
29119
29119
29119
29119
29119
29119
29119
29118
29119
29119
29119
29119
29119
29120
29120
29120
29120
29120
29120
29120
29120
29120
29120
29120
29120
29121
29121
29121
29121
29121
29121
29121
29121
29121
29121
29121
29121
29121
29121
29121
29121
29121
29121
29121
29121
29121
29121
29121
29121
29121
29121
29120
29120
29120
29120
29120
29120
29119
29119
29119
29117
29116
29116
29115
29115
29116
29115
29115
29115
29115
29115
29115
29115
29114
29114
29114
29114
29114
29114
29114
29114
29114
29114
29114
29114
29113
29113
29113
29112
29112
29112
29112
29112
29112
29112
29112
29112
29112
29112
29112
29112
29112
29112
29112
29112
29112
29112
29112
29112
29111
29111
29111
29111
29111
29109
29109
29109
29109
29109
29110
29110
29111
29112
29112
29112
29112
29112
29112
29112
29112
29112
29112
29112
29112
29112
29112
29112
29112
29112
29112
29112
29112
29112
29112
29112
29112
29112
29111
29111
29111
29111
29111
29111
29111
29110
29110
29109
29109
29109
29109
29109
29109
29109
29108
29108
29108
29108
29108
29108
29108
29108
29108
29108
29108
29108
29107
29107
29107
29107
29107
29107
29107
29107
29106
29106
29106
29106
29107
29107
29107
29107
29107
29107
29107
29107
29107
29107
29107
29106
29106
29107
29107
29107
29107
29106
29107
29106
29106
29106
29106
29106
29108
29108
29109
29109
29108
29108
29108
29108
29108
29108
29108
29108
29108
29108
29108
29108
29108
29108
29108
29108
29108
29108
29108
29108
29108
29108
29108
29108
29108
29108
29108
29108
29108
29108
29108
29108
29108
29108
29108
29108
29108
29106
29106
29106
29107
29107
29107
29107
29107
29107
29107
29107
29107
29108
29108
29108
29108
29107
29107
29107
29107
29107
29107
29107
29107
29107
29108
29108
29108
29108
29108
29108
29109
29109
29109
29109
29109
29108
29108
29108
29108
29108
29108
29108
29108
29108
29108
29107
29107
29106
29106
29106
29106
29106
29106
29107
29107
29107
29107
29107
29107
29107
29107
29106
29106
29106
29106
29106
29106
29105
29105
29105
29105
29104
29105
29105
29105
29106
29106
29105
29105
29105
29105
29105
29105
29105
29105
29106
29106
29106
29106
29106
29106
29106
29106
29106
29107
29107
29107
29107
29107
29107
29108
29108
29107
29107
29107
29107
29107
29107
29107
29107
29107
29107
29107
29106
29106
29105
29105
29105
29105
29105
29105
29105
29105
29105
29104
29104
29104
29104
29104
29104
29104
29104
29104
29104
29104
29102
29102
29102
29101
29101
29101
29101
29101
29101
29101
29101
29101
29101
29101
29101
29101
29101
29101
29101
29101
29102
29102
29102
29103
29103
29103
29103
29104
29103
29103
29103
29103
29103
29103
29103
29104
29103
29103
29103
29103
29103
29103
29103
29103
29103
29103
29103
29103
29103
29104
29104
29104
29104
29103
29103
29103
29103
29103
29103
29102
29102
29102
29102
29102
29102
29102
29102
29101
29101
29101
29101
29101
29101
29101
29101
29100
29100
29100
29100
29100
29100
29100
29099
29099
29098
29098
29098
29097
29097
29097
29097
29097
29097
29097
29097
29097
29097
29097
29097
29095
29095
29095
29095
29095
29095
29095
29095
29095
29094
29094
29094
29094
29094
29095
29093
29093
29093
29093
29093
29093
29093
29092
29092
29093
29091
29091
29092
29092
29091
29091
29091
29091
29091
29091
29091
29092
29092
29092
29092
29092
29092
29091
29091
29090
29090
29090
29090
29090
29090
29090
29090
29090
29090
29089
29089
29089
29089
29089
29089
29089
29090
29090
29089
29088
29088
29088
29088
29088
29088
29088
29087
29087
29087
29087
29087
29086
29086
29086
29086
29086
29086
29086
29086
29086
29086
29086
29086
29086
29086
29086
29085
29085
29085
29085
29085
29086
29085
29085
29085
29085
29085
29085
29085
29085
29085
29085
29085
29084
29083
29083
29083
29083
29083
29082
29082
29082
29082
29082
29082
29082
29082
29081
29081
29081
29081
29081
29081
29081
29081
29081
29081
29080
29080
29080
29080
29080
29080
29080
29079
29078
29078
29077
29077
29077
29077
29077
29077
29077
29077
29077
29077
29077
29077
29077
29077
29077
29078
29078
29078
29078
29078
29078
29078
29078
29078
29078
29078
29078
29078
29078
29078
29078
29078
29076
29076
29076
29076
29076
29076
29076
29076
29076
29076
29076
29076
29076
29076
29075
29075
29075
29075
29075
29075
29075
29075
29075
29075
29074
29074
29074
29074
29074
29074
29074
29074
29074
29073
29073
29073
29073
29073
29073
29073
29073
29073
29073
29073
29073
29073
29073
29072
29072
29072
29072
29072
29073
29073
29073
29073
29072
29072
29072
29072
29072
29072
29072
29072
29072
29072
29072
29071
29070
29069
29069
29069
29069
29069
29069
29069
29069
29069
29069
29068
29068
29068
29068
29067
29067
29067
29067
29067
29067
29067
29067
29067
29067
29067
29067
29066
29066
29066
29066
29066
29067
29066
29066
29066
29065
29065
29065
29065
29066
29066
29065
29063
29063
29063
29063
29063
29063
29063
29063
29063
29063
29063
29062
29062
29061
29061
29061
29061
29061
29058
29058
29059
29059
29059
29059
29059
29059
29059
29059
29059
29059
29059
29059
29058
29058
29058
29058
29059
29059
29059
29059
29059
29059
29059
29059
29058
29058
29058
29058
29058
29058
29058
29058
29060
29060
29060
29060
29060
29060
29060
29060
29060
29060
29058
29058
29058
29058
29056
29056
29055
29055
29056
29056
29056
29056
29056
29057
29058
29058
29059
29059
29059
29059
29059
29059
29060
29060
29060
29060
29060
29060
29059
29059
29058
29057
29057
29057
29057
29056
29057
29057
29057
29057
29057
29057
29057
29058
29058
29058
29058
29058
29058
29058
29058
29058
29057
29056
29056
29056
29057
29057
29057
29057
29057
29057
29057
29057
29057
29057
29056
29056
29056
29056
29056
29056
29057
29058
29058
29058
29058
29058
29058
29058
29058
29058
29058
29058
29058
29058
29057
29057
29057
29057
29057
29056
29056
29056
29056
29056
29056
29056
29056
29055
29055
29055
29055
29055
29055
29056
29056
29056
29056
29056
29057
29057
29057
29057
29057
29057
29056
29056
29056
29056
29056
29056
29055
29055
29054
29054
29054
29053
29053
29053
29053
29053
29053
29053
29053
29053
29052
29052
29052
29052
29052
29052
29051
29051
29051
29051
29051
29051
29051
29051
29051
29051
29051
29051
29051
29051
29052
29052
29052
29052
29052
29052
29052
29052
29053
29052
29052
29052
29052
29052
29051
29051
29051
29051
29051
29051
29051
29051
29050
29050
29050
29050
29050
29050
29050
29050
29050
29050
29050
29050
29050
29049
29048
29048
29048
29046
29045
29045
29045
29045
29045
29045
29045
29045
29045
29045
29044
29044
29044
29044
29044
29044
29044
29044
29044
29044
29044
29043
29043
29043
29043
29043
29043
29043
29043
29043
29043
29043
29043
29043
29043
29042
29042
29042
29042
29042
29042
29042
29043
29043
29043
29043
29043
29043
29043
29043
29043
29043
29043
29043
29043
29042
29042
29042
29040
29040
29040
29040
29040
29040
29040
29040
29040
29040
29040
29040
29039
29039
29039
29039
29039
29039
29039
29039
29039
29039
29039
29039
29039
29039
29038
29038
29037
29037
29037
29037
29034
29034
29034
29033
29033
29033
29033
29033
29033
29033
29033
29033
29033
29033
29032
29032
29032
29031
29031
29031
29031
29030
29031
29031
29032
29032
29032
29032
29031
29031
29031
29030
29030
29030
29029
29030
29031
29031
29031
29031
29031
29031
29031
29031
29031
29031
29031
29030
29030
29030
29030
29030
29030
29030
29032
29032
29032
29032
29032
29032
29032
29032
29032
29032
29034
29034
29034
29034
29034
29034
29034
29034
29034
29034
29034
29034
29033
29032
29032
29032
29032
29032
29032
29032
29031
29031
29031
29032
29032
29032
29032
29032
29032
29032
29032
29032
29032
29032
29032
29032
29032
29032
29032
29032
29032
29032
29032
29032
29032
29032
29032
29032
29031
29031
29031
29031
29030
29030
29030
29030
29030
29030
29029
29029
29029
29029
29029
29029
29029
29029
29029
29028
29029
29029
29028
29028
29028
29028
29026
29026
29025
29025
29025
29025
29025
29025
29025
29025
29025
29025
29022
29022
29022
29022
29022
29023
29023
29023
29023
29023
29021
29021
29021
29021
29020
29019
29019
29018
29017
29017
29017
29017
29017
29017
29017
29017
29017
29018
29018
29018
29018
29018
29018
29018
29018
29018
29018
29018
29018
29017
29018
29018
29018
29018
29018
29018
29018
29018
29018
29018
29018
29018
29018
29018
29018
29018
29018
29018
29018
29018
29018
29018
29018
29018
29018
29018
29018
29018
29018
29018
29018
29018
29019
29019
29018
29018
29018
29018
29018
29018
29018
29018
29018
29018
29018
29018
29018
29018
29018
29019
29019
29019
29019
29019
29019
29019
29019
29020
29020
29020
29020
29020
29020
29020
29020
29020
29020
29020
29020
29020
29020
29019
29019
29019
29020
29020
29020
29020
29020
29020
29020
29020
29020
29020
29020
29020
29020
29020
29020
29020
29020
29020
29020
29020
29020
29020
29020
29020
29020
29020
29020
29020
29020
29020
29019
29019
29019
29019
29020
29020
29020
29020
29020
29020
29020
29020
29019
29020
29019
29019
29019
29019
29019
29019
29018
29018
29018
29018
29017
29017
29016
29016
29016
29017
29017
29017
29017
29017
29017
29017
29017
29017
29017
29017
29016
29016
29016
29016
29016
29016
29016
29016
29016
29016
29016
29016
29016
29016
29016
29016
29016
29015
29015
29015
29015
29015
29014
29014
29014
29014
29014
29014
29014
29014
29013
29013
29013
29013
29013
29013
29013
29013
29013
29013
29012
29010
29010
29010
29011
29011
29011
29011
29011
29011
29011
29011
29011
29011
29011
29011
29011
29010
29009
29009
29009
29009
29009
29009
29008
29008
29008
29008
29008
29008
29008
29008
29008
29008
29008
29008
29008
29008
29008
29008
29008
29008
29008
29007
29007
29007
29007
29005
29005
29004
29004
29004
29004
29005
29005
29005
29005
29005
29005
29005
29005
29005
29005
29005
29005
29005
29005
29005
29005
29005
29005
29005
29005
29005
29004
29004
29003
29003
29003
29004
29004
29004
29004
29004
29004
29004
29004
29004
29004
29004
29004
29004
29004
29004
29004
29004
29004
29004
29004
29004
29003
29003
29003
29003
29004
29004
29004
29004
29004
29004
29004
29004
29004
29004
29004
29005
29004
29004
29004
29004
29004
29003
29003
29004
29004
29004
29004
29004
29004
29003
29002
29002
29002
29003
29003
29003
29003
29003
29003
29003
29003
29003
29003
29003
29003
29003
29002
29002
29002
29002
29002
29000
29000
29000
29000
29000
29000
29000
29000
29001
29001
29001
29001
29001
29001
29001
29001
29001
29001
29001
29001
29001
29000
29000
29000
29000
29000
29000
28999
28999
28999
28997
28997
28997
28997
28997
28997
28997
28997
28997
28996
28996
28996
28997
28997
28996
28996
28996
28996
28996
28996
28996
28996
28995
28995
28995
28995
28995
28994
28994
28995
28995
28995
28995
28996
28996
28996
28996
28995
28994
28994
28994
28994
28995
28995
28994
28994
28994
28994
28994
28995
28995
28995
28995
28995
28995
28995
28995
28995
28995
28995
28995
28994
28994
28995
28995
28995
28995
28995
28995
28995
28995
28995
28995
28995
28995
28995
28995
28995
28995
28995
28995
28994
28994
28994
28994
28994
28994
28994
28994
28994
28994
28994
28994
28994
28994
28994
28994
28994
28994
28994
28994
28994
28994
28993
28994
28994
28994
28994
28994
28994
28994
28994
28994
28993
28993
28993
28993
28993
28993
28992
28992
28992
28992
28992
28992
28991
28991
28991
28990
28990
28990
28989
28989
28989
28989
28989
28989
28989
28989
28989
28989
28989
28990
28990
28990
28990
28990
28990
28990
28990
28990
28991
28990
28990
28990
28990
28990
28990
28989
28989
28989
28987
28987
28987
28987
28987
28987
28988
28988
28988
28988
28987
28987
28987
28987
28987
28987
28986
28986
28986
28986
28986
28986
28986
28986
28985
28985
28985
28985
28985
28985
28985
28985
28985
28985
28985
28985
28985
28983
28983
28983
28983
28983
28983
28983
28983
28983
28982
28982
28982
28982
28982
28982
28982
28982
28982
28982
28982
28982
28982
28982
28982
28982
28981
28982
28982
28982
28982
28982
28981
28981
28981
28981
28981
28981
28981
28981
28981
28981
28981
28980
28980
28982
28981
28980
28980
28979
28979
28979
28978
28978
28978
28978
28978
28978
28978
28978
28978
28978
28978
28978
28978
28978
28978
28977
28977
28977
28976
28976
28976
28975
28975
28975
28975
28975
28975
28975
28975
28975
28975
28974
28974
28974
28974
28974
28974
28973
28972
28972
28972
28972
28971
28971
28971
28971
28971
28971
28970
28970
28970
28970
28970
28970
28970
28970
28970
28970
28970
28970
28970
28970
28970
28970
28970
28970
28970
28970
28970
28970
28970
28970
28970
28970
28970
28969
28968
28968
28968
28968
28969
28968
28968
28968
28968
28968
28968
28968
28968
28968
28968
28968
28968
28968
28968
28968
28968
28968
28968
28968
28968
28968
28968
28968
28968
28968
28967
28967
28967
28967
28967
28967
28967
28967
28967
28966
28966
28966
28966
28966
28966
28967
28967
28967
28966
28966
28967
28967
28967
28967
28967
28967
28967
28967
28967
28967
28967
28967
28967
28967
28967
28967
28967
28967
28967
28967
28968
28969
28969
28969
28968
28968
28968
28969
28969
28969
28969
28969
28969
28969
28968
28967
28967
28967
28967
28967
28967
28967
28967
28967
28967
28967
28967
28967
28967
28967
28967
28967
28967
28966
28966
28966
28965
28964
28965
28965
28965
28964
28964
28964
28964
28962
28962
28962
28962
28962
28962
28962
28962
28962
28962
28962
28962
28962
28962
28961
28961
28961
28961
28962
28960
28960
28960
28960
28960
28960
28959
28959
28959
28959
28960
28960
28960
28959
28959
28959
28959
28959
28959
28959
28959
28959
28959
28959
28960
28960
28960
28961
28961
28959
28959
28959
28959
28959
28959
28959
28959
28959
28959
28959
28959
28959
28959
28959
28959
28958
28958
28958
28958
28958
28958
28958
28958
28958
28957
28957
28957
28958
28957
28955
28954
28953
28952
28951
28952
28952
28952
28952
28952
28951
28951
28951
28950
28950
28951
28951
28951
28951
28951
28951
28951
28951
28951
28951
28951
28951
28951
28951
28951
28951
28952
28952
28952
28953
28953
28953
28953
28953
28953
28953
28953
28953
28953
28953
28953
28953
28952
28952
28952
28952
28952
28952
28953
28953
28954
28954
28955
28954
28954
28954
28954
28954
28954
28954
28954
28954
28954
28954
28954
28954
28954
28954
28954
28953
28953
28953
28954
28953
28953
28953
28953
28952
28952
28952
28952
28952
28951
28951
28951
28951
28951
28951
28951
28951
28951
28951
28951
28951
28951
28950
28950
28950
28950
28950
28950
28950
28950
28950
28950
28950
28950
28950
28950
28949
28949
28949
28948
28947
28947
28947
28947
28947
28947
28947
28947
28947
28947
28947
28947
28947
28947
28947
28947
28947
28947
28947
28947
28947
28947
28947
28947
28946
28946
28946
28946
28946
28946
28946
28946
28946
28946
28946
28946
28944
28944
28944
28944
28945
28945
28945
28945
28945
28945
28945
28945
28945
28945
28945
28944
28944
28943
28943
28943
28943
28943
28943
28942
28943
28943
28943
28942
28942
28942
28942
28942
28942
28942
28942
28941
28941
28941
28941
28941
28941
28941
28941
28940
28940
28940
28940
28940
28939
28939
28939
28939
28939
28939
28939
28939
28939
28939
28939
28938
28938
28938
28938
28938
28938
28938
28938
28939
28939
28939
28939
28940
28940
28938
28938
28938
28936
28936
28936
28936
28936
28936
28936
28936
28936
28936
28936
28936
28936
28936
28934
28934
28934
28934
28934
28934
28934
28934
28934
28934
28934
28934
28934
28934
28934
28934
28935
28935
28935
28935
28935
28936
28936
28935
28935
28935
28935
28935
28935
28935
28935
28935
28935
28935
28934
28934
28934
28934
28932
28932
28932
28932
28932
28932
28932
28932
28932
28932
28932
28932
28931
28931
28931
28931
28931
28931
28931
28929
28929
28929
28929
28929
28928
28928
28928
28928
28928
28928
28928
28928
28928
28928
28928
28927
28927
28927
28927
28926
28926
28926
28926
28926
28926
28926
28926
28926
28926
28926
28927
28927
28927
28927
28927
28927
28927
28927
28927
28927
28927
28927
28927
28926
28926
28926
28926
28926
28926
28925
28925
28925
28925
28925
28924
28924
28923
28923
28923
28923
28923
28923
28923
28923
28923
28923
28923
28922
28922
28922
28922
28922
28921
28922
28922
28922
28922
28922
28922
28922
28922
28922
28922
28922
28922
28923
28923
28923
28923
28922
28922
28922
28922
28922
28921
28921
28921
28920
28919
28918
28918
28918
28918
28918
28918
28918
28918
28918
28918
28917
28917
28916
28916
28916
28916
28916
28916
28916
28915
28915
28915
28915
28915
28915
28915
28915
28915
28915
28914
28914
28914
28915
28915
28915
28915
28915
28915
28915
28916
28915
28913
28913
28913
28913
28912
28912
28912
28912
28912
28912
28912
28912
28912
28912
28912
28912
28912
28912
28912
28912
28912
28912
28912
28912
28912
28912
28912
28912
28912
28912
28911
28910
28910
28910
28910
28910
28910
28910
28910
28910
28909
28909
28909
28909
28909
28909
28910
28911
28911
28912
28912
28911
28912
28912
28912
28912
28912
28912
28911
28911
28911
28911
28911
28911
28911
28911
28911
28911
28911
28911
28911
28911
28911
28909
28909
28909
28909
28909
28909
28909
28909
28909
28909
28909
28909
28909
28909
28909
28910
28910
28910
28910
28910
28909
28909
28909
28909
28910
28910
28909
28909
28909
28909
28909
28909
28909
28909
28909
28908
28908
28908
28907
28907
28907
28906
28907
28907
28907
28907
28907
28907
28906
28905
28905
28905
28905
28905
28905
28905
28905
28905
28905
28905
28905
28905
28905
28904
28905
28904
28904
28904
28904
28904
28904
28904
28904
28904
28904
28904
28904
28904
28904
28904
28904
28904
28904
28904
28905
28905
28905
28905
28905
28906
28906
28906
28906
28906
28906
28906
28906
28905
28905
28905
28905
28905
28905
28905
28905
28905
28905
28905
28905
28905
28904
28904
28903
28903
28903
28903
28903
28903
28903
28903
28903
28903
28903
28903
28903
28903
28903
28903
28903
28903
28903
28903
28903
28903
28903
28903
28903
28902
28902
28902
28902
28902
28902
28902
28902
28902
28902
28902
28903
28903
28902
28902
28902
28902
28902
28902
28902
28901
28901
28901
28901
28901
28900
28900
28900
28900
28900
28900
28898
28898
28899
28899
28899
28899
28899
28898
28898
28898
28897
28897
28897
28897
28897
28897
28897
28897
28897
28897
28897
28895
28895
28895
28895
28895
28895
28895
28895
28895
28895
28895
28895
28895
28894
28894
28894
28895
28895
28895
28895
28895
28895
28894
28894
28894
28894
28894
28894
28894
28894
28893
28893
28891
28890
28890
28890
28890
28890
28890
28890
28890
28890
28890
28890
28890
28890
28890
28888
28888
28888
28888
28888
28888
28887
28887
28887
28887
28886
28886
28887
28887
28887
28887
28887
28887
28887
28887
28887
28887
28886
28886
28887
28887
28887
28887
28887
28887
28887
28887
28887
28887
28887
28888
28887
28887
28887
28887
28887
28887
28887
28887
28887
28887
28887
28887
28887
28887
28887
28887
28887
28887
28887
28887
28887
28887
28884
28884
28884
28884
28884
28884
28884
28884
28884
28884
28884
28884
28884
28883
28883
28883
28882
28882
28880
28882
28881
28881
28881
28881
28881
28881
28881
28881
28881
28881
28881
28881
28881
28881
28881
28881
28881
28881
28881
28881
28881
28881
28881
28881
28881
28881
28881
28881
28881
28881
28881
28881
28881
28881
28881
28881
28881
28881
28881
28879
28879
28879
28879
28879
28879
28879
28880
28879
28879
28879
28879
28879
28879
28879
28879
28879
28879
28878
28877
28877
28877
28877
28877
28876
28876
28876
28876
28876
28876
28876
28876
28876
28876
28876
28876
28875
28875
28875
28875
28875
28875
28875
28875
28875
28875
28875
28875
28875
28875
28875
28875
28875
28876
28875
28875
28875
28874
28874
28874
28874
28874
28874
28874
28874
28873
28873
28873
28873
28873
28873
28872
28872
28871
28871
28871
28871
28871
28871
28871
28871
28872
28873
28873
28873
28873
28873
28874
28874
28873
28873
28873
28872
28872
28873
28873
28874
28874
28874
28874
28874
28874
28874
28874
28874
28874
28874
28874
28874
28874
28874
28874
28873
28873
28873
28873
28873
28873
28874
28874
28874
28875
28875
28875
28874
28874
28874
28874
28874
28874
28874
28874
28874
28874
28874
28874
28873
28872
28872
28872
28872
28872
28872
28872
28871
28872
28872
28872
28872
28872
28872
28872
28872
28872
28871
28871
28870
28869
28869
28869
28869
28869
28869
28869
28869
28870
28870
28870
28870
28870
28870
28870
28870
28870
28870
28870
28870
28870
28870
28869
28869
28869
28869
28869
28869
28869
28869
28869
28869
28869
28869
28869
28869
28869
28869
28869
28869
28869
28869
28869
28869
28868
28867
28867
28867
28867
28867
28866
28865
28865
28865
28865
28865
28865
28865
28865
28865
28865
28865
28865
28865
28865
28865
28865
28865
28865
28865
28864
28864
28864
28864
28865
28865
28865
28865
28865
28865
28865
28865
28865
28865
28865
28865
28864
28864
28864
28863
28863
28863
28863
28863
28863
28863
28863
28865
28864
28864
28863
28861
28860
28860
28860
28860
28860
28860
28861
28861
28861
28861
28861
28861
28861
28860
28860
28860
28860
28860
28860
28860
28859
28859
28859
28859
28859
28859
28859
28859
28859
28859
28859
28859
28859
28859
28859
28859
28859
28859
28860
28860
28860
28860
28860
28860
28858
28858
28858
28858
28857
28857
28855
28855
28855
28855
28855
28855
28855
28855
28855
28855
28855
28855
28855
28855
28856
28855
28855
28855
28855
28855
28855
28855
28855
28855
28855
28854
28855
28855
28855
28855
28854
28856
28856
28856
28856
28855
28854
28853
28853
28853
28853
28853
28853
28853
28853
28853
28853
28853
28853
28853
28853
28853
28853
28853
28853
28854
28854
28854
28854
28854
28854
28854
28854
28854
28855
28856
28856
28856
28856
28856
28857
28857
28857
28857
28858
28858
28858
28858
28858
28859
28859
28859
28859
28859
28859
28859
28857
28857
28858
28858
28858
28857
28857
28857
28857
28857
28857
28857
28857
28857
28854
28854
28853
28853
28852
28852
28852
28851
28851
28851
28851
28850
28850
28850
28850
28850
28850
28848
28848
28848
28847
28847
28846
28846
28846
28846
28845
28845
28844
28843
28843
28844
28845
28845
28846
28846
28846
28846
28846
28846
28845
28844
28844
28844
28845
28844
28844
28844
28844
28844
28844
28844
28844
28844
28844
28844
28844
28844
28844
28844
28844
28844
28844
28844
28844
28844
28844
28844
28844
28844
28844
28844
28844
28844
28844
28844
28843
28843
28843
28843
28843
28842
28842
28842
28842
28842
28842
28842
28842
28842
28841
28841
28841
28841
28841
28841
28841
28841
28841
28842
28842
28842
28842
28842
28842
28842
28841
28841
28841
28841
28841
28841
28840
28839
28839
28838
28838
28838
28838
28837
28837
28837
28837
28837
28837
28837
28837
28837
28837
28836
28834
28834
28834
28834
28834
28834
28834
28834
28834
28834
28834
28834
28834
28835
28835
28835
28833
28833
28832
28832
28832
28832
28832
28833
28834
28834
28834
28834
28834
28834
28834
28834
28834
28834
28834
28834
28834
28834
28834
28834
28834
28834
28834
28834
28834
28834
28834
28834
28834
28834
28834
28835
28835
28835
28835
28835
28835
28835
28835
28835
28836
28836
28837
28836
28835
28835
28835
28835
28835
28834
28834
28833
28833
28833
28833
28833
28832
28832
28832
28832
28832
28831
28831
28830
28830
28830
28830
28830
28830
28830
28830
28830
28830
28830
28830
28830
28829
28829
28829
28828
28828
28828
28828
28828
28828
28828
28828
28828
28825
28825
28825
28825
28825
28824
28824
28824
28824
28824
28824
28824
28823
28821
28821
28821
28821
28821
28821
28821
28821
28821
28821
28821
28821
28821
28822
28822
28822
28821
28821
28820
28820
28820
28820
28819
28819
28819
28819
28819
28819
28819
28819
28819
28819
28819
28820
28820
28820
28819
28819
28819
28818
28818
28818
28818
28819
28820
28820
28819
28819
28819
28819
28819
28819
28819
28819
28819
28819
28819
28819
28819
28819
28819
28819
28819
28819
28819
28818
28818
28818
28817
28817
28816
28816
28816
28816
28816
28816
28816
28816
28815
28815
28815
28815
28814
28813
28813
28813
28814
28814
28814
28814
28814
28815
28815
28816
28816
28816
28817
28817
28817
28817
28817
28817
28817
28817
28817
28817
28817
28817
28817
28817
28817
28817
28817
28817
28816
28816
28816
28816
28816
28816
28816
28816
28816
28816
28817
28817
28817
28816
28816
28816
28816
28816
28816
28816
28816
28816
28816
28816
28816
28816
28816
28817
28817
28816
28816
28816
28816
28816
28816
28814
28813
28813
28813
28813
28812
28812
28811
28811
28810
28810
28810
28808
28808
28808
28808
28808
28807
28807
28807
28807
28807
28807
28807
28807
28807
28807
28806
28806
28806
28806
28806
28806
28806
28806
28806
28806
28806
28806
28806
28806
28806
28806
28805
28805
28805
28805
28803
28803
28803
28803
28803
28803
28803
28803
28803
28803
28803
28803
28803
28803
28803
28803
28803
28803
28803
28803
28803
28803
28803
28803
28802
28801
28801
28801
28801
28801
28801
28801
28801
28801
28801
28801
28801
28801
28801
28801
28801
28801
28801
28801
28801
28801
28801
28801
28801
28801
28801
28801
28801
28801
28801
28802
28802
28802
28801
28801
28801
28801
28800
28800
28800
28800
28801
28801
28801
28801
28801
28801
28801
28799
28799
28799
28799
28799
28799
28799
28799
28799
28799
28800
28800
28800
28800
28800
28800
28800
28800
28800
28798
28798
28798
28798
28798
28798
28799
28798
28798
28798
28798
28798
28798
28798
28798
28798
28798
28798
28798
28798
28798
28798
28798
28798
28798
28798
28798
28798
28798
28798
28798
28798
28798
28798
28798
28798
28796
28796
28796
28796
28796
28796
28796
28796
28796
28796
28796
28796
28796
28796
28796
28797
28797
28797
28797
28797
28796
28796
28796
28796
28794
28794
28794
28793
28793
28793
28793
28792
28792
28793
28793
28793
28793
28793
28792
28792
28792
28792
28792
28792
28792
28792
28792
28792
28792
28791
28791
28791
28791
28791
28791
28791
28791
28791
28791
28791
28791
28791
28790
28791
28789
28789
28789
28789
28789
28789
28789
28789
28789
28789
28789
28788
28788
28788
28788
28788
28788
28788
28788
28788
28788
28788
28788
28788
28788
28788
28788
28788
28788
28788
28788
28788
28788
28788
28788
28788
28788
28788
28788
28788
28788
28788
28787
28787
28787
28787
28787
28786
28787
28787
28787
28787
28787
28787
28786
28786
28786
28787
28787
28787
28787
28787
28787
28787
28787
28786
28786
28786
28785
28785
28784
28784
28784
28784
28785
28785
28785
28785
28786
28786
28786
28786
28786
28786
28786
28786
28785
28785
28785
28785
28785
28786
28786
28786
28786
28785
28785
28785
28786
28786
28786
28786
28786
28786
28787
28787
28787
28787
28787
28787
28787
28787
28787
28786
28786
28785
28785
28786
28786
28785
28783
28782
28782
28783
28783
28783
28783
28783
28783
28783
28782
28781
28781
28781
28781
28781
28781
28781
28781
28781
28780
28780
28780
28780
28780
28779
28778
28778
28778
28778
28777
28777
28777
28777
28777
28777
28777
28777
28777
28777
28777
28776
28776
28776
28776
28776
28776
28776
28776
28776
28776
28775
28775
28775
28775
28775
28775
28775
28774
28774
28775
28774
28774
28773
28773
28773
28774
28774
28774
28774
28774
28774
28774
28774
28774
28774
28774
28774
28773
28773
28773
28772
28772
28772
28772
28772
28772
28771
28771
28771
28771
28771
28771
28771
28771
28771
28771
28771
28771
28771
28771
28771
28771
28771
28771
28771
28771
28770
28770
28770
28770
28770
28770
28770
28770
28770
28769
28769
28769
28769
28769
28768
28768
28767
28767
28767
28767
28767
28767
28767
28767
28768
28767
28767
28767
28767
28767
28765
28764
28764
28764
28764
28764
28764
28763
28763
28763
28762
28762
28762
28762
28762
28762
28759
28759
28758
28758
28758
28758
28757
28757
28757
28757
28757
28757
28756
28756
28756
28757
28757
28756
28756
28756
28756
28755
28755
28755
28755
28755
28754
28754
28754
28754
28754
28754
28754
28754
28754
28754
28754
28754
28754
28754
28754
28753
28753
28753
28753
28753
28753
28753
28753
28753
28754
28754
28754
28754
28754
28753
28753
28753
28753
28753
28753
28753
28753
28753
28753
28753
28753
28753
28753
28753
28753
28753
28753
28753
28754
28754
28754
28754
28752
28752
28753
28753
28753
28753
28753
28753
28753
28753
28753
28752
28752
28751
28751
28751
28751
28751
28750
28750
28750
28750
28750
28750
28750
28750
28750
28750
28750
28750
28750
28750
28750
28751
28751
28751
28751
28751
28751
28751
28751
28751
28751
28751
28751
28751
28750
28750
28750
28750
28749
28748
28748
28748
28747
28746
28746
28746
28746
28746
28746
28746
28746
28746
28746
28746
28746
28746
28746
28746
28746
28747
28747
28747
28748
28748
28748
28748
28748
28748
28747
28747
28747
28747
28747
28747
28747
28747
28747
28747
28747
28747
28747
28747
28747
28747
28746
28746
28746
28745
28745
28745
28744
28744
28744
28744
28744
28744
28744
28744
28744
28744
28744
28744
28744
28743
28743
28742
28742
28743
28743
28742
28742
28742
28742
28742
28742
28742
28743
28743
28743
28743
28743
28742
28741
28741
28741
28741
28741
28741
28741
28741
28741
28741
28741
28741
28741
28741
28741
28741
28741
28741
28741
28741
28741
28741
28741
28741
28741
28742
28742
28742
28742
28742
28742
28742
28742
28742
28742
28742
28742
28742
28742
28742
28742
28742
28742
28742
28739
28739
28739
28739
28738
28738
28737
28737
28737
28737
28737
28736
28736
28736
28736
28736
28736
28736
28735
28734
28734
28734
28734
28734
28734
28734
28734
28734
28734
28734
28734
28734
28734
28731
28731
28731
28731
28731
28731
28731
28731
28731
28731
28731
28731
28731
28731
28731
28732
28733
28733
28731
28730
28728
28728
28728
28728
28728
28728
28728
28729
28729
28729
28729
28729
28729
28729
28729
28729
28729
28728
28729
28729
28729
28729
28729
28729
28729
28729
28728
28728
28728
28728
28728
28728
28728
28728
28728
28727
28727
28726
28726
28726
28726
28726
28725
28725
28725
28724
28724
28724
28724
28724
28723
28723
28723
28722
28722
28721
28721
28721
28721
28721
28721
28721
28721
28721
28721
28721
28721
28721
28721
28721
28721
28721
28721
28720
28720
28720
28720
28720
28720
28720
28719
28719
28719
28717
28717
28715
28715
28714
28714
28715
28715
28715
28716
28716
28716
28716
28716
28716
28716
28716
28716
28716
28716
28715
28715
28715
28717
28717
28718
28718
28719
28719
28719
28719
28719
28719
28717
28716
28716
28716
28716
28716
28715
28715
28715
28715
28715
28715
28715
28715
28715
28714
28714
28714
28714
28714
28714
28714
28714
28714
28714
28714
28714
28714
28714
28714
28714
28714
28714
28714
28714
28714
28714
28714
28714
28714
28714
28714
28714
28714
28714
28714
28714
28714
28713
28713
28713
28713
28713
28713
28713
28713
28712
28712
28712
28712
28712
28712
28712
28711
28711
28710
28710
28710
28710
28710
28710
28711
28711
28711
28712
28712
28712
28712
28712
28712
28712
28712
28712
28711
28711
28711
28711
28711
28711
28711
28711
28711
28712
28712
28712
28711
28709
28709
28709
28709
28709
28709
28709
28709
28709
28709
28709
28709
28709
28709
28709
28708
28708
28708
28708
28708
28708
28708
28708
28707
28707
28707
28707
28707
28707
28707
28707
28707
28707
28706
28706
28706
28706
28706
28706
28706
28706
28706
28706
28706
28706
28706
28706
28706
28707
28707
28707
28707
28707
28707
28707
28705
28705
28705
28705
28705
28706
28706
28706
28706
28705
28705
28705
28705
28705
28705
28705
28705
28705
28705
28705
28705
28704
28704
28704
28703
28703
28703
28703
28703
28703
28703
28703
28703
28703
28703
28703
28702
28702
28702
28702
28702
28702
28702
28702
28702
28702
28701
28701
28701
28701
28701
28701
28701
28701
28701
28701
28701
28701
28701
28700
28700
28700
28700
28700
28699
28699
28698
28698
28699
28699
28699
28699
28699
28699
28699
28699
28699
28699
28699
28698
28698
28697
28698
28698
28698
28698
28698
28698
28698
28699
28699
28699
28699
28699
28699
28699
28699
28700
28700
28700
28700
28700
28700
28700
28700
28697
28697
28698
28699
28699
28699
28699
28698
28698
28698
28698
28698
28698
28698
28699
28699
28698
28698
28698
28698
28698
28698
28698
28698
28698
28698
28698
28698
28698
28698
28698
28696
28696
28695
28695
28695
28695
28695
28695
28695
28695
28693
28693
28693
28693
28692
28692
28692
28692
28692
28692
28692
28692
28692
28692
28692
28692
28691
28691
28691
28691
28691
28691
28691
28691
28690
28690
28690
28690
28690
28690
28690
28690
28691
28691
28690
28690
28690
28690
28689
28689
28690
28690
28690
28690
28690
28689
28689
28689
28688
28688
28688
28688
28688
28688
28688
28688
28688
28687
28687
28688
28688
28688
28688
28688
28688
28688
28688
28688
28688
28688
28687
28688
28687
28686
28686
28686
28686
28686
28685
28686
28686
28686
28686
28686
28686
28685
28685
28685
28685
28685
28685
28685
28686
28686
28686
28686
28685
28685
28685
28685
28685
28684
28684
28684
28684
28682
28682
28682
28682
28682
28682
28682
28682
28682
28682
28681
28680
28680
28680
28680
28680
28680
28680
28680
28680
28680
28680
28680
28679
28679
28679
28679
28679
28679
28679
28680
28680
28679
28679
28679
28679
28679
28679
28679
28679
28679
28679
28678
28678
28679
28679
28679
28679
28679
28679
28679
28679
28679
28679
28679
28679
28678
28678
28677
28677
28677
28677
28676
28676
28676
28676
28676
28676
28676
28676
28676
28676
28676
28676
28676
28676
28676
28677
28677
28678
28679
28679
28679
28677
28677
28676
28676
28676
28676
28675
28675
28675
28675
28675
28675
28675
28675
28675
28675
28676
28677
28677
28677
28677
28677
28677
28677
28677
28677
28678
28678
28678
28677
28677
28678
28677
28677
28677
28677
28678
28678
28678
28678
28678
28678
28678
28678
28678
28678
28678
28678
28678
28678
28678
28678
28678
28676
28676
28676
28676
28676
28676
28676
28676
28676
28676
28675
28675
28675
28675
28675
28675
28675
28675
28675
28674
28674
28674
28673
28672
28671
28670
28670
28670
28670
28670
28671
28671
28670
28671
28671
28671
28671
28671
28671
28671
28671
28671
28671
28671
28671
28671
28671
28671
28671
28671
28671
28671
28671
28671
28671
28671
28670
28670
28670
28670
28670
28670
28670
28670
28670
28669
28669
28669
28669
28669
28669
28668
28668
28668
28668
28668
28667
28666
28667
28667
28667
28667
28667
28667
28667
28667
28667
28667
28668
28668
28668
28668
28668
28668
28668
28668
28668
28668
28668
28668
28668
28668
28668
28668
28669
28669
28669
28669
28668
28668
28668
28668
28668
28668
28668
28668
28666
28666
28666
28666
28666
28666
28666
28666
28666
28666
28666
28666
28666
28666
28665
28665
28665
28665
28665
28666
28665
28665
28665
28665
28665
28665
28663
28662
28662
28662
28662
28662
28662
28662
28662
28662
28662
28662
28662
28662
28661
28661
28660
28660
28660
28659
28659
28659
28659
28660
28660
28661
28661
28661
28662
28662
28661
28661
28661
28661
28661
28660
28660
28660
28660
28659
28659
28659
28659
28659
28659
28659
28659
28659
28659
28659
28659
28659
28659
28659
28659
28659
28659
28659
28659
28659
28659
28658
28658
28658
28658
28658
28658
28658
28658
28658
28658
28658
28658
28658
28658
28658
28658
28658
28658
28658
28658
28658
28658
28659
28659
28657
28657
28657
28657
28657
28657
28657
28657
28657
28657
28657
28656
28656
28656
28656
28656
28656
28656
28656
28656
28656
28656
28656
28656
28656
28656
28656
28656
28656
28656
28656
28656
28657
28657
28657
28657
28657
28657
28657
28657
28657
28656
28656
28656
28656
28656
28656
28656
28656
28656
28656
28656
28656
28657
28657
28657
28657
28657
28657
28657
28657
28657
28657
28658
28658
28658
28658
28657
28657
28657
28657
28657
28657
28657
28657
28657
28657
28657
28657
28657
28657
28657
28657
28656
28656
28656
28656
28656
28656
28656
28656
28656
28656
28655
28655
28655
28654
28654
28654
28654
28654
28654
28654
28654
28654
28654
28654
28655
28655
28655
28655
28655
28655
28655
28655
28655
28655
28655
28655
28655
28655
28654
28654
28654
28654
28654
28654
28653
28653
28653
28653
28653
28653
28651
28651
28652
28652
28652
28652
28652
28652
28652
28652
28652
28652
28652
28652
28652
28652
28652
28652
28652
28652
28652
28652
28652
28651
28651
28651
28651
28650
28650
28650
28650
28650
28650
28650
28650
28650
28650
28650
28650
28650
28649
28649
28649
28649
28649
28649
28649
28649
28649
28649
28649
28649
28649
28649
28649
28649
28649
28648
28648
28648
28648
28648
28648
28649
28649
28649
28649
28649
28647
28647
28647
28646
28646
28646
28646
28646
28646
28646
28646
28646
28646
28646
28646
28646
28647
28647
28647
28647
28647
28647
28647
28647
28647
28647
28647
28647
28647
28647
28647
28647
28648
28647
28647
28647
28647
28647
28647
28647
28647
28647
28646
28645
28645
28645
28645
28645
28644
28644
28644
28644
28644
28644
28644
28644
28644
28644
28644
28644
28644
28644
28644
28644
28644
28644
28644
28644
28644
28644
28644
28644
28644
28644
28644
28644
28642
28641
28641
28641
28641
28641
28641
28641
28641
28641
28641
28641
28641
28641
28640
28640
28640
28640
28640
28640
28639
28639
28639
28637
28637
28637
28636
28636
28636
28636
28636
28636
28636
28636
28636
28636
28636
28636
28636
28636
28636
28636
28636
28636
28636
28636
28636
28636
28636
28636
28636
28636
28636
28636
28636
28636
28636
28636
28636
28636
28635
28636
28636
28636
28636
28636
28636
28636
28636
28636
28635
28635
28635
28635
28635
28635
28635
28635
28635
28635
28635
28634
28634
28634
28633
28633
28633
28633
28632
28632
28632
28632
28632
28632
28632
28632
28632
28631
28631
28631
28631
28630
28630
28630
28630
28630
28630
28630
28630
28630
28630
28630
28630
28630
28630
28630
28630
28630
28630
28630
28630
28630
28630
28630
28630
28630
28630
28630
28630
28630
28630
28628
28628
28628
28628
28628
28628
28628
28627
28627
28627
28627
28626
28626
28626
28626
28626
28625
28625
28625
28624
28622
28622
28622
28622
28622
28622
28622
28621
28621
28621
28620
28620
28620
28620
28619
28619
28619
28619
28619
28619
28619
28619
28619
28618
28618
28618
28618
28617
28616
28616
28616
28616
28616
28616
28615
28615
28615
28615
28615
28616
28616
28616
28616
28616
28616
28615
28616
28616
28615
28615
28615
28615
28615
28615
28615
28615
28615
28615
28615
28615
28615
28615
28615
28615
28615
28616
28616
28616
28616
28616
28616
28615
28615
28614
28614
28614
28613
28613
28612
28611
28610
28610
28610
28610
28610
28610
28610
28610
28610
28610
28610
28610
28609
28609
28609
28609
28609
28609
28609
28609
28609
28609
28609
28609
28609
28609
28608
28608
28608
28608
28608
28608
28608
28608
28608
28608
28608
28608
28608
28608
28608
28608
28608
28607
28607
28607
28607
28608
28608
28608
28607
28607
28607
28607
28607
28608
28608
28607
28607
28607
28608
28608
28609
28608
28608
28609
28609
28608
28608
28608
28608
28609
28609
28608
28608
28608
28608
28608
28608
28608
28608
28608
28608
28607
28607
28607
28607
28607
28607
28606
28605
28605
28605
28605
28605
28605
28605
28605
28605
28605
28605
28605
28604
28604
28604
28604
28604
28605
28605
28606
28606
28606
28605
28604
28604
28604
28604
28604
28604
28604
28604
28604
28604
28604
28604
28604
28604
28604
28604
28604
28603
28603
28603
28603
28603
28602
28602
28602
28602
28602
28602
28602
28602
28603
28602
28602
28602
28602
28601
28601
28601
28601
28601
28601
28600
28600
28599
28599
28598
28598
28598
28598
28598
28597
28597
28597
28597
28597
28597
28597
28597
28597
28597
28597
28597
28597
28597
28597
28597
28597
28597
28597
28597
28597
28597
28597
28597
28597
28597
28597
28598
28598
28598
28598
28597
28597
28597
28597
28597
28597
28597
28597
28597
28597
28598
28598
28598
28598
28598
28598
28598
28598
28597
28597
28596
28596
28596
28596
28596
28596
28596
28596
28595
28595
28595
28595
28595
28595
28595
28595
28595
28595
28595
28595
28595
28595
28595
28595
28595
28595
28595
28594
28594
28594
28594
28594
28593
28593
28593
28594
28594
28594
28594
28594
28594
28594
28594
28594
28594
28594
28594
28593
28593
28593
28593
28593
28593
28593
28593
28593
28592
28592
28592
28591
28591
28592
28592
28592
28592
28592
28592
28592
28592
28592
28592
28592
28592
28592
28592
28592
28592
28592
28592
28593
28593
28593
28593
28593
28593
28593
28593
28593
28593
28593
28593
28593
28593
28593
28593
28593
28593
28593
28593
28593
28593
28593
28592
28592
28592
28592
28592
28592
28593
28593
28593
28593
28593
28593
28593
28591
28592
28592
28592
28592
28592
28592
28592
28593
28593
28593
28593
28593
28593
28593
28592
28592
28592
28592
28592
28592
28592
28592
28592
28592
28592
28593
28593
28593
28593
28592
28592
28592
28592
28591
28591
28591
28591
28591
28591
28592
28592
28592
28592
28591
28590
28590
28590
28590
28589
28589
28589
28588
28588
28588
28588
28588
28588
28588
28588
28587
28587
28587
28587
28587
28587
28587
28587
28587
28587
28587
28587
28587
28587
28587
28587
28585
28585
28585
28585
28585
28584
28584
28584
28584
28584
28584
28585
28585
28585
28584
28584
28584
28584
28583
28583
28582
28582
28582
28582
28582
28582
28582
28582
28582
28582
28582
28582
28582
28582
28582
28582
28582
28582
28582
28582
28582
28582
28582
28582
28582
28582
28582
28581
28581
28581
28581
28580
28580
28580
28580
28580
28580
28580
28580
28580
28580
28580
28580
28581
28580
28580
28580
28580
28580
28580
28580
28580
28580
28580
28580
28580
28580
28581
28581
28581
28581
28581
28580
28580
28579
28579
28579
28578
28578
28577
28577
28577
28577
28576
28576
28576
28576
28576
28576
28576
28576
28576
28576
28576
28576
28576
28576
28577
28577
28577
28576
28576
28576
28575
28575
28575
28573
28573
28573
28573
28572
28571
28571
28571
28570
28570
28570
28570
28570
28569
28569
28569
28569
28569
28569
28569
28569
28569
28569
28569
28569
28569
28569
28568
28567
28567
28567
28566
28566
28566
28566
28566
28564
28564
28564
28564
28564
28564
28564
28564
28564
28564
28564
28564
28564
28564
28564
28564
28564
28564
28564
28564
28564
28564
28564
28565
28565
28565
28564
28564
28564
28564
28563
28563
28563
28563
28563
28563
28562
28562
28562
28562
28562
28562
28562
28562
28562
28562
28563
28563
28563
28563
28563
28563
28563
28563
28563
28564
28564
28564
28564
28564
28564
28564
28564
28565
28565
28565
28564
28564
28564
28564
28564
28564
28563
28563
28563
28563
28563
28563
28563
28562
28561
28561
28561
28563
28563
28563
28563
28563
28564
28564
28564
28564
28564
28563
28562
28562
28562
28562
28562
28561
28561
28561
28561
28561
28562
28562
28561
28561
28562
28562
28562
28561
28561
28561
28561
28561
28561
28561
28561
28560
28559
28559
28559
28559
28559
28558
28558
28558
28558
28558
28558
28558
28558
28558
28559
28558
28558
28558
28558
28557
28555
28555
28555
28555
28555
28555
28555
28555
28555
28555
28555
28555
28555
28555
28555
28555
28555
28555
28555
28555
28555
28555
28555
28554
28554
28554
28554
28554
28554
28554
28554
28553
28553
28554
28554
28554
28554
28554
28554
28554
28554
28554
28554
28554
28554
28554
28554
28554
28554
28554
28554
28554
28554
28554
28554
28554
28552
28552
28553
28553
28552
28552
28553
28552
28552
28552
28551
28551
28551
28551
28551
28551
28551
28551
28551
28551
28551
28551
28552
28552
28552
28552
28550
28549
28549
28548
28548
28548
28548
28548
28548
28548
28548
28548
28548
28548
28548
28548
28548
28548
28548
28548
28548
28548
28548
28548
28548
28547
28547
28547
28547
28548
28548
28548
28548
28548
28548
28548
28548
28548
28548
28548
28548
28548
28548
28548
28548
28548
28548
28548
28548
28548
28548
28548
28547
28547
28547
28547
28548
28547
28547
28547
28546
28546
28546
28546
28546
28546
28546
28545
28544
28544
28544
28544
28543
28543
28542
28541
28541
28541
28541
28541
28541
28542
28542
28542
28542
28542
28542
28542
28542
28543
28543
28543
28543
28543
28543
28543
28543
28543
28543
28543
28543
28543
28544
28544
28544
28544
28544
28544
28544
28544
28544
28544
28544
28544
28544
28544
28544
28542
28542
28540
28540
28539
28539
28539
28537
28537
28537
28537
28537
28538
28537
28537
28537
28537
28537
28537
28536
28536
28535
28535
28535
28535
28535
28535
28535
28535
28534
28534
28534
28534
28534
28534
28534
28534
28533
28533
28533
28533
28533
28534
28534
28534
28534
28534
28534
28534
28534
28534
28534
28531
28531
28530
28530
28530
28530
28530
28530
28530
28530
28530
28530
28530
28530
28531
28531
28533
28533
28533
28532
28532
28532
28532
28532
28532
28532
28532
28532
28532
28532
28532
28532
28532
28531
28531
28531
28531
28531
28531
28531
28530
28530
28530
28530
28531
28531
28531
28531
28531
28531
28530
28530
28530
28530
28530
28530
28530
28530
28530
28530
28530
28530
28530
28530
28531
28531
28531
28530
28530
28531
28531
28531
28531
28531
28531
28531
28531
28529
28529
28530
28530
28530
28530
28530
28530
28529
28529
28529
28529
28529
28529
28529
28529
28529
28529
28529
28529
28529
28529
28529
28529
28529
28529
28529
28529
28529
28529
28529
28529
28529
28529
28529
28529
28529
28529
28529
28529
28529
28529
28529
28529
28529
28529
28528
28528
28528
28528
28527
28527
28527
28526
28526
28525
28525
28525
28525
28523
28523
28523
28523
28523
28523
28523
28523
28523
28523
28522
28522
28522
28522
28523
28523
28523
28523
28523
28523
28523
28524
28522
28522
28522
28521
28521
28521
28521
28521
28521
28521
28521
28521
28521
28521
28521
28519
28519
28519
28519
28519
28519
28518
28518
28518
28518
28518
28518
28518
28518
28518
28518
28518
28518
28518
28518
28518
28518
28518
28518
28517
28517
28517
28517
28517
28517
28517
28517
28517
28517
28517
28517
28517
28517
28517
28516
28516
28516
28516
28516
28516
28517
28517
28517
28517
28517
28517
28516
28516
28516
28516
28516
28516
28516
28516
28516
28516
28514
28514
28514
28514
28513
28513
28513
28513
28514
28514
28514
28514
28514
28514
28514
28515
28515
28516
28516
28516
28516
28516
28516
28516
28516
28516
28516
28516
28516
28516
28516
28516
28516
28516
28516
28516
28516
28516
28517
28517
28517
28517
28517
28517
28517
28517
28517
28517
28516
28516
28516
28516
28516
28516
28516
28516
28516
28516
28515
28515
28515
28515
28515
28515
28515
28514
28514
28514
28513
28513
28513
28513
28514
28514
28513
28512
28512
28512
28512
28512
28512
28512
28512
28512
28511
28511
28512
28512
28512
28512
28512
28512
28511
28511
28511
28509
28509
28506
28506
28506
28506
28506
28506
28506
28506
28506
28506
28506
28506
28506
28506
28506
28506
28506
28506
28507
28507
28506
28506
28506
28506
28506
28506
28506
28506
28505
28505
28505
28506
28506
28506
28506
28506
28506
28506
28506
28506
28506
28505
28505
28505
28505
28505
28503
28503
28503
28503
28503
28503
28503
28503
28503
28504
28504
28504
28504
28503
28503
28503
28502
28502
28502
28502
28502
28502
28502
28502
28501
28501
28501
28501
28501
28500
28500
28500
28499
28499
28500
28500
28500
28500
28500
28500
28500
28500
28500
28500
28500
28499
28499
28499
28499
28498
28498
28498
28498
28497
28497
28497
28497
28497
28497
28497
28497
28497
28497
28497
28497
28497
28497
28497
28497
28497
28497
28497
28497
28496
28495
28494
28494
28493
28493
28493
28491
28491
28490
28490
28490
28489
28488
28487
28487
28485
28485
28484
28484
28484
28484
28484
28484
28483
28483
28483
28483
28483
28483
28483
28482
28482
28482
28482
28482
28482
28482
28482
28482
28482
28482
28482
28482
28482
28482
28482
28482
28482
28482
28482
28482
28482
28482
28482
28482
28482
28482
28482
28482
28480
28480
28480
28479
28479
28479
28479
28479
28479
28479
28479
28479
28479
28478
28478
28479
28479
28479
28479
28479
28479
28479
28479
28479
28479
28479
28479
28479
28479
28479
28479
28479
28479
28479
28479
28479
28479
28478
28478
28478
28477
28477
28477
28477
28477
28477
28477
28477
28477
28477
28477
28476
28476
28476
28477
28477
28477
28476
28476
28476
28477
28477
28477
28477
28477
28477
28477
28477
28477
28477
28477
28477
28477
28477
28478
28478
28478
28478
28477
28476
28476
28476
28476
28476
28475
28475
28475
28475
28474
28474
28474
28474
28474
28474
28474
28474
28474
28474
28474
28474
28474
28474
28474
28474
28474
28473
28473
28472
28472
28472
28473
28473
28473
28473
28473
28473
28472
28472
28471
28471
28471
28472
28472
28472
28472
28472
28472
28472
28472
28472
28472
28471
28471
28471
28470
28470
28470
28470
28470
28470
28469
28469
28469
28469
28469
28469
28471
28471
28471
28470
28470
28471
28471
28471
28471
28471
28470
28470
28470
28469
28469
28469
28469
28469
28469
28470
28470
28470
28469
28469
28469
28469
28470
28470
28469
28470
28470
28469
28468
28468
28468
28468
28468
28468
28467
28465
28465
28465
28465
28464
28463
28463
28462
28461
28461
28461
28460
28460
28460
28460
28460
28460
28460
28460
28460
28460
28460
28460
28460
28460
28460
28460
28460
28460
28460
28460
28460
28460
28460
28460
28460
28460
28459
28459
28459
28459
28458
28458
28458
28458
28458
28458
28458
28458
28458
28458
28458
28458
28458
28458
28458
28458
28458
28458
28458
28458
28457
28457
28457
28457
28457
28457
28457
28457
28457
28457
28457
28457
28457
28456
28456
28456
28456
28456
28456
28456
28456
28455
28455
28455
28455
28455
28455
28455
28455
28455
28455
28455
28455
28455
28455
28455
28455
28454
28454
28454
28454
28454
28454
28454
28455
28455
28455
28455
28455
28454
28454
28454
28454
28454
28454
28454
28454
28454
28453
28453
28452
28452
28452
28452
28452
28453
28453
28452
28452
28452
28452
28452
28452
28451
28451
28451
28451
28451
28450
28449
28449
28449
28449
28449
28449
28449
28449
28449
28449
28449
28449
28449
28449
28449
28449
28449
28449
28449
28449
28448
28448
28448
28449
28449
28449
28449
28449
28449
28449
28449
28449
28449
28449
28449
28449
28449
28448
28448
28448
28448
28448
28448
28448
28448
28447
28447
28447
28446
28446
28446
28446
28446
28446
28446
28446
28446
28445
28445
28445
28445
28445
28445
28445
28445
28445
28445
28445
28445
28445
28445
28445
28445
28445
28445
28444
28444
28444
28444
28444
28444
28444
28444
28444
28444
28444
28444
28444
28444
28444
28444
28444
28444
28443
28443
28443
28443
28444
28444
28444
28443
28443
28443
28443
28443
28442
28442
28442
28443
28443
28443
28444
28444
28444
28444
28444
28444
28443
28444
28444
28444
28444
28444
28444
28444
28444
28444
28444
28444
28444
28444
28444
28444
28443
28443
28442
28442
28442
28442
28442
28442
28442
28442
28442
28442
28442
28442
28442
28442
28442
28442
28442
28442
28442
28442
28442
28442
28442
28442
28442
28442
28442
28442
28442
28442
28442
28442
28442
28442
28442
28442
28442
28442
28442
28442
28442
28442
28442
28442
28442
28442
28442
28442
28442
28442
28442
28443
28443
28443
28442
28442
28441
28441
28441
28441
28441
28441
28441
28441
28441
28441
28441
28441
28441
28441
28441
28441
28441
28441
28441
28441
28441
28441
28441
28441
28441
28441
28441
28441
28441
28441
28439
28438
28438
28437
28437
28437
28436
28436
28436
28436
28436
28436
28436
28436
28435
28435
28435
28435
28435
28435
28435
28435
28435
28435
28435
28435
28435
28435
28435
28436
28435
28434
28434
28434
28434
28434
28434
28434
28434
28434
28434
28434
28434
28434
28434
28434
28434
28434
28434
28433
28433
28433
28433
28433
28433
28433
28433
28433
28433
28433
28433
28433
28433
28433
28433
28433
28433
28433
28433
28433
28433
28433
28433
28433
28433
28432
28432
28432
28432
28432
28432
28432
28432
28433
28432
28432
28432
28432
28432
28432
28432
28432
28432
28433
28433
28433
28432
28432
28432
28432
28432
28432
28431
28431
28431
28431
28431
28431
28431
28430
28430
28430
28430
28430
28430
28430
28430
28429
28429
28429
28429
28429
28429
28429
28429
28429
28429
28429
28429
28429
28429
28428
28429
28429
28429
28429
28428
28428
28428
28428
28428
28427
28427
28427
28427
28427
28427
28427
28427
28428
28428
28428
28428
28428
28428
28428
28428
28428
28427
28427
28427
28427
28427
28426
28426
28426
28426
28426
28426
28426
28426
28426
28426
28426
28427
28427
28427
28427
28427
28427
28426
28426
28427
28427
28427
28427
28427
28427
28427
28428
28428
28428
28428
28427
28427
28425
28425
28425
28425
28425
28425
28425
28426
28426
28426
28426
28426
28427
28427
28427
28427
28427
28427
28428
28428
28428
28428
28428
28428
28428
28428
28428
28428
28428
28428
28428
28428
28428
28427
28427
28427
28426
28426
28426
28426
28426
28424
28424
28422
28422
28422
28422
28422
28422
28422
28422
28422
28422
28423
28423
28423
28423
28423
28423
28423
28423
28423
28423
28423
28423
28423
28423
28423
28423
28423
28423
28423
28423
28423
28423
28423
28423
28423
28423
28423
28423
28423
28423
28423
28422
28422
28420
28420
28420
28420
28420
28420
28420
28419
28419
28419
28419
28419
28419
28419
28419
28419
28419
28419
28418
28418
28418
28418
28418
28418
28418
28418
28418
28418
28418
28418
28417
28417
28417
28417
28417
28417
28417
28416
28416
28416
28416
28416
28416
28416
28416
28416
28413
28413
28413
28413
28414
28414
28414
28414
28414
28414
28414
28414
28414
28414
28414
28414
28414
28414
28414
28414
28415
28415
28415
28415
28415
28415
28415
28415
28415
28415
28415
28415
28415
28415
28415
28415
28415
28415
28415
28415
28415
28416
28414
28414
28414
28414
28414
28414
28414
28414
28414
28414
28414
28414
28414
28414
28414
28414
28414
28414
28414
28414
28414
28414
28414
28414
28414
28414
28414
28414
28413
28413
28413
28413
28413
28413
28414
28414
28414
28414
28415
28416
28414
28414
28414
28414
28414
28414
28414
28414
28413
28413
28413
28413
28413
28412
28412
28412
28412
28412
28412
28413
28413
28413
28413
28413
28414
28414
28413
28413
28413
28412
28412
28412
28412
28412
28411
28411
28411
28411
28411
28411
28411
28411
28411
28411
28411
28411
28411
28411
28411
28409
28409
28409
28409
28409
28409
28408
28408
28408
28408
28408
28408
28408
28408
28408
28408
28408
28407
28407
28405
28405
28405
28405
28405
28405
28405
28405
28405
28405
28405
28405
28405
28405
28405
28405
28405
28405
28403
28404
28404
28404
28404
28404
28404
28404
28404
28404
28404
28404
28404
28404
28404
28402
28402
28402
28401
28402
28402
28402
28401
28402
28400
28399
28399
28399
28399
28399
28399
28399
28399
28399
28399
28397
28397
28397
28397
28397
28396
28396
28396
28396
28396
28396
28396
28396
28396
28396
28396
28396
28396
28396
28396
28396
28396
28396
28396
28395
28395
28395
28395
28395
28395
28396
28396
28396
28396
28396
28396
28396
28396
28396
28396
28396
28396
28396
28396
28396
28396
28396
28395
28395
28395
28396
28395
28395
28395
28395
28395
28395
28395
28395
28395
28395
28395
28395
28395
28395
28395
28395
28395
28395
28395
28394
28394
28394
28394
28394
28394
28394
28394
28394
28394
28394
28394
28394
28394
28394
28394
28394
28394
28394
28394
28394
28394
28394
28394
28394
28394
28394
28394
28394
28393
28392
28390
28390
28390
28390
28390
28390
28390
28390
28390
28390
28390
28389
28389
28389
28389
28389
28389
28388
28388
28388
28388
28388
28388
28388
28388
28388
28388
28388
28388
28387
28387
28387
28387
28387
28387
28387
28387
28387
28387
28387
28387
28387
28387
28387
28387
28387
28387
28388
28388
28388
28388
28388
28388
28388
28388
28388
28387
28387
28387
28387
28387
28387
28387
28387
28387
28387
28387
28388
28388
28388
28387
28387
28387
28387
28386
28386
28386
28386
28385
28385
28385
28385
28384
28383
28383
28382
28381
28381
28380
28380
28380
28381
28381
28381
28381
28381
28381
28381
28380
28380
28380
28380
28380
28380
28380
28381
28381
28381
28381
28380
28380
28380
28380
28380
28380
28379
28378
28378
28378
28378
28378
28377
28377
28378
28378
28377
28377
28377
28377
28376
28376
28376
28376
28376
28376
28376
28376
28376
28376
28376
28376
28376
28376
28376
28375
28375
28375
28375
28372
28372
28372
28372
28372
28372
28372
28372
28372
28372
28372
28372
28372
28372
28372
28372
28370
28370
28370
28370
28370
28370
28370
28370
28370
28370
28370
28370
28370
28370
28369
28368
28368
28367
28367
28367
28367
28367
28368
28368
28368
28368
28368
28368
28368
28367
28367
28367
28367
28367
28367
28367
28367
28367
28367
28367
28367
28367
28367
28367
28367
28367
28367
28367
28367
28367
28367
28367
28367
28367
28367
28367
28366
28366
28366
28366
28366
28366
28366
28366
28366
28366
28366
28366
28366
28366
28366
28366
28366
28365
28365
28365
28365
28365
28365
28364
28364
28364
28364
28364
28364
28364
28363
28363
28363
28363
28364
28364
28364
28364
28365
28365
28365
28366
28366
28366
28366
28366
28366
28366
28366
28366
28366
28366
28366
28366
28366
28366
28366
28366
28366
28365
28365
28365
28365
28365
28365
28365
28365
28365
28365
28365
28365
28365
28365
28364
28364
28362
28362
28360
28360
28360
28360
28360
28359
28359
28359
28359
28359
28359
28359
28359
28359
28358
28358
28357
28357
28357
28357
28357
28357
28357
28357
28357
28357
28357
28357
28357
28357
28357
28357
28357
28356
28355
28355
28355
28353
28353
28353
28353
28353
28353
28353
28354
28354
28353
28353
28353
28353
28353
28353
28353
28352
28352
28352
28353
28353
28354
28354
28354
28354
28354
28354
28354
28354
28354
28354
28354
28354
28354
28354
28354
28354
28354
28353
28353
28352
28352
28351
28351
28351
28351
28351
28351
28351
28351
28351
28351
28351
28351
28351
28351
28351
28351
28350
28350
28350
28351
28351
28351
28351
28351
28351
28351
28351
28351
28351
28351
28351
28351
28351
28351
28350
28350
28350
28350
28350
28350
28350
28350
28350
28350
28350
28350
28350
28350
28350
28350
28349
28349
28349
28349
28348
28348
28349
28348
28347
28347
28346
28346
28346
28345
28345
28345
28345
28346
28346
28346
28344
28344
28344
28344
28344
28344
28345
28344
28344
28344
28344
28344
28344
28344
28344
28344
28344
28343
28343
28343
28343
28341
28341
28341
28341
28341
28341
28341
28341
28341
28341
28340
28340
28340
28340
28340
28340
28340
28339
28338
28338
28336
28336
28336
28336
28336
28334
28334
28334
28334
28334
28335
28335
28334
28334
28334
28333
28333
28332
28332
28332
28332
28332
28332
28332
28332
28332
28332
28332
28332
28333
28333
28333
28333
28333
28333
28332
28332
28332
28332
28332
28332
28332
28332
28332
28332
28332
28332
28331
28331
28331
28331
28331
28330
28331
28330
28330
28329
28329
28329
28329
28329
28329
28329
28329
28329
28328
28328
28328
28328
28328
28328
28328
28329
28329
28329
28329
28328
28328
28328
28327
28327
28327
28327
28327
28326
28326
28326
28325
28324
28324
28324
28323
28323
28323
28323
28323
28323
28323
28323
28323
28323
28323
28323
28321
28320
28320
28319
28319
28319
28319
28319
28319
28319
28319
28319
28319
28319
28319
28319
28319
28318
28318
28318
28318
28318
28318
28318
28318
28318
28318
28317
28317
28317
28317
28316
28316
28316
28316
28316
28316
28315
28315
28315
28315
28314
28314
28314
28314
28314
28314
28314
28313
28313
28313
28313
28313
28313
28313
28310
28310
28310
28310
28310
28310
28310
28310
28311
28311
28311
28311
28311
28311
28310
28310
28310
28311
28311
28311
28311
28311
28311
28311
28311
28311
28311
28311
28311
28310
28310
28310
28310
28309
28309
28309
28309
28309
28308
28308
28308
28308
28308
28309
28307
28307
28307
28307
28307
28307
28307
28307
28307
28307
28307
28307
28307
28305
28305
28305
28305
28305
28305
28305
28305
28305
28305
28304
28302
28301
28300
28300
28299
28299
28299
28298
28298
28298
28298
28298
28297
28297
28297
28297
28297
28297
28298
28298
28298
28298
28298
28299
28299
28299
28299
28298
28298
28298
28298
28297
28297
28297
28297
28297
28297
28297
28297
28297
28297
28297
28295
28295
28295
28295
28293
28293
28293
28293
28293
28292
28293
28293
28293
28293
28292
28292
28291
28291
28291
28291
28291
28291
28290
28290
28290
28290
28290
28290
28290
28290
28290
28290
28290
28290
28290
28290
28290
28289
28289
28288
28288
28288
28287
28287
28287
28287
28287
28287
28287
28287
28287
28287
28287
28287
28287
28286
28286
28286
28286
28286
28286
28286
28286
28285
28285
28285
28285
28285
28285
28285
28285
28285
28285
28284
28283
28283
28283
28283
28283
28282
28282
28282
28282
28282
28282
28282
28282
28282
28282
28282
28282
28282
28282
28282
28282
28282
28282
28282
28282
28282
28282
28282
28282
28282
28281
28281
28281
28281
28280
28280
28280
28280
28280
28280
28280
28280
28279
28279
28279
28279
28279
28279
28279
28279
28279
28279
28279
28279
28279
28279
28279
28279
28279
28279
28279
28279
28279
28279
28278
28278
28278
28277
28276
28276
28276
28276
28276
28275
28275
28274
28273
28270
28270
28270
28270
28269
28269
28269
28269
28269
28268
28268
28268
28268
28268
28268
28268
28268
28268
28267
28267
28267
28267
28268
28268
28268
28268
28268
28268
28269
28269
28269
28269
28269
28269
28269
28269
28268
28268
28268
28268
28268
28268
28268
28268
28268
28268
28268
28268
28268
28268
28268
28268
28268
28268
28268
28268
28268
28268
28268
28268
28268
28268
28268
28268
28269
28269
28269
28269
28269
28269
28269
28269
28269
28269
28269
28269
28269
28269
28269
28269
28269
28269
28269
28269
28268
28269
28267
28266
28266
28266
28266
28267
28267
28267
28267
28267
28267
28267
28266
28266
28266
28266
28266
28266
28266
28266
28266
28266
28265
28265
28265
28265
28265
28265
28265
28265
28265
28265
28265
28265
28266
28266
28266
28266
28266
28266
28266
28266
28266
28266
28265
28265
28266
28266
28266
28266
28266
28266
28266
28265
28265
28265
28265
28265
28265
28265
28265
28266
28266
28265
28265
28265
28265
28265
28265
28263
28263
28263
28263
28263
28264
28264
28264
28262
28262
28262
28262
28262
28262
28262
28262
28262
28262
28262
28262
28262
28262
28262
28262
28262
28262
28262
28262
28262
28262
28262
28262
28262
28263
28263
28262
28262
28262
28262
28262
28262
28262
28262
28262
28262
28262
28261
28261
28260
28260
28260
28260
28260
28260
28260
28259
28259
28258
28258
28258
28258
28257
28257
28257
28256
28257
28257
28257
28257
28257
28257
28257
28256
28255
28255
28255
28255
28255
28255
28255
28254
28254
28254
28254
28253
28253
28253
28253
28253
28253
28254
28254
28254
28254
28254
28254
28253
28253
28253
28253
28253
28254
28254
28254
28254
28254
28254
28254
28254
28254
28254
28254
28254
28254
28253
28253
28253
28252
28252
28252
28253
28253
28253
28253
28252
28252
28253
28253
28252
28251
28251
28249
28248
28248
28248
28248
28248
28248
28248
28248
28248
28248
28248
28248
28248
28248
28248
28248
28248
28248
28248
28248
28248
28248
28248
28247
28247
28248
28247
28247
28247
28247
28247
28247
28247
28248
28248
28248
28248
28248
28248
28247
28247
28247
28247
28247
28247
28247
28247
28247
28247
28247
28248
28248
28248
28248
28248
28248
28248
28248
28248
28248
28247
28245
28245
28245
28245
28245
28245
28245
28245
28245
28245
28245
28245
28245
28245
28245
28245
28245
28244
28244
28244
28244
28244
28244
28243
28242
28242
28242
28242
28242
28242
28242
28242
28242
28242
28242
28242
28242
28242
28242
28242
28242
28242
28242
28242
28240
28240
28240
28239
28239
28239
28239
28238
28238
28238
28238
28238
28238
28237
28237
28237
28238
28240
28240
28240
28240
28240
28239
28238
28238
28238
28236
28236
28236
28236
28236
28236
28236
28236
28236
28236
28236
28236
28236
28236
28236
28236
28236
28236
28236
28236
28236
28236
28236
28236
28236
28236
28236
28236
28236
28235
28234
28234
28236
28236
28235
28235
28235
28235
28235
28234
28234
28234
28234
28234
28234
28234
28235
28235
28235
28235
28235
28234
28234
28234
28233
28233
28233
28232
28232
28232
28232
28231
28231
28231
28231
28231
28231
28231
28231
28231
28231
28231
28231
28231
28231
28231
28230
28229
28229
28229
28229
28230
28230
28230
28230
28230
28230
28230
28230
28230
28230
28230
28230
28230
28230
28230
28229
28229
28228
28228
28228
28228
28227
28228
28228
28228
28228
28228
28228
28228
28228
28227
28228
28228
28228
28228
28228
28228
28228
28229
28230
28230
28230
28230
28230
28230
28229
28229
28229
28228
28228
28228
28229
28229
28229
28229
28229
28229
28229
28229
28228
28228
28228
28228
28228
28226
28226
28226
28227
28227
28227
28227
28227
28227
28228
28228
28228
28228
28228
28228
28228
28228
28228
28228
28226
28226
28226
28226
28226
28226
28226
28226
28226
28226
28226
28227
28227
28227
28227
28227
28227
28227
28228
28227
28227
28227
28227
28227
28225
28225
28225
28225
28225
28225
28226
28226
28226
28226
28226
28227
28227
28227
28227
28227
28227
28227
28228
28228
28228
28228
28229
28229
28231
28231
28231
28230
28228
28228
28228
28228
28227
28226
28227
28227
28227
28227
28226
28226
28226
28226
28226
28225
28225
28226
28225
28225
28225
28225
28225
28224
28224
28224
28224
28224
28224
28222
28222
28222
28222
28222
28222
28222
28222
28221
28221
28221
28221
28221
28221
28220
28220
28220
28220
28219
28219
28219
28219
28219
28219
28218
28218
28217
28217
28217
28217
28217
28217
28217
28217
28217
28216
28216
28214
28214
28214
28214
28214
28213
28213
28213
28213
28213
28213
28213
28213
28213
28213
28213
28213
28213
28210
28210
28210
28210
28210
28209
28209
28209
28209
28209
28209
28209
28209
28208
28208
28208
28208
28208
28208
28208
28208
28208
28208
28208
28208
28208
28207
28207
28207
28207
28207
28207
28207
28207
28207
28207
28207
28207
28207
28207
28206
28206
28206
28206
28206
28206
28206
28204
28204
28204
28204
28204
28204
28205
28205
28205
28205
28205
28205
28205
28205
28205
28204
28204
28205
28205
28205
28204
28205
28205
28205
28205
28205
28205
28205
28205
28205
28205
28204
28204
28204
28204
28204
28204
28204
28203
28203
28203
28203
28202
28202
28202
28202
28202
28202
28202
28202
28202
28202
28202
28201
28201
28200
28200
28200
28200
28200
28200
28200
28200
28198
28198
28198
28198
28199
28199
28199
28199
28199
28199
28200
28201
28200
28200
28200
28201
28201
28201
28201
28201
28201
28202
28202
28202
28201
28201
28201
28201
28201
28201
28201
28201
28201
28200
28200
28200
28200
28200
28199
28199
28199
28199
28199
28199
28199
28199
28199
28199
28199
28199
28199
28199
28199
28199
28199
28199
28199
28199
28199
28199
28199
28199
28198
28198
28198
28198
28198
28198
28198
28197
28197
28197
28197
28198
28198
28199
28199
28199
28198
28198
28199
28199
28198
28198
28198
28198
28198
28198
28198
28198
28198
28198
28198
28198
28198
28198
28198
28198
28199
28199
28199
28198
28198
28198
28198
28198
28198
28198
28198
28198
28198
28198
28198
28198
28199
28199
28200
28200
28200
28200
28199
28199
28199
28199
28199
28199
28199
28199
28199
28199
28199
28199
28199
28199
28198
28198
28197
28197
28197
28197
28197
28197
28197
28197
28197
28197
28197
28197
28197
28197
28197
28197
28196
28196
28196
28196
28196
28196
28196
28196
28196
28196
28196
28196
28196
28196
28196
28196
28196
28195
28195
28195
28195
28195
28195
28195
28195
28195
28195
28195
28196
28196
28195
28195
28195
28196
28196
28196
28196
28196
28196
28196
28196
28196
28196
28196
28196
28196
28196
28195
28195
28195
28195
28195
28195
28195
28195
28195
28195
28194
28194
28194
28193
28193
28193
28192
28192
28192
28192
28192
28192
28192
28192
28192
28192
28192
28192
28192
28192
28192
28192
28192
28192
28192
28192
28192
28190
28190
28190
28190
28190
28190
28190
28190
28189
28189
28189
28189
28189
28189
28189
28190
28190
28190
28190
28190
28189
28188
28188
28188
28188
28188
28188
28188
28187
28187
28187
28187
28187
28187
28187
28187
28186
28187
28187
28187
28187
28187
28187
28187
28187
28187
28187
28187
28186
28186
28186
28186
28185
28185
28185
28185
28185
28185
28185
28185
28185
28185
28186
28186
28186
28186
28186
28186
28186
28186
28186
28186
28186
28185
28184
28184
28184
28184
28184
28184
28184
28184
28184
28184
28184
28183
28183
28183
28183
28183
28181
28181
28182
28182
28182
28182
28182
28182
28182
28182
28182
28182
28183
28184
28184
28184
28183
28183
28183
28183
28183
28183
28183
28183
28183
28183
28183
28183
28183
28183
28183
28183
28183
28182
28182
28182
28182
28182
28180
28180
28180
28180
28180
28179
28178
28178
28178
28179
28177
28176
28176
28176
28176
28176
28175
28175
28175
28174
28174
28174
28173
28173
28173
28173
28173
28174
28174
28174
28174
28174
28174
28175
28175
28175
28175
28175
28175
28175
28175
28174
28174
28174
28174
28174
28174
28174
28173
28173
28172
28172
28172
28172
28171
28171
28171
28171
28171
28171
28171
28171
28171
28171
28171
28171
28171
28171
28171
28171
28170
28170
28170
28170
28170
28170
28170
28170
28170
28170
28170
28169
28169
28169
28168
28168
28168
28168
28168
28168
28168
28168
28168
28168
28168
28168
28168
28168
28168
28167
28167
28167
28167
28167
28167
28167
28167
28167
28167
28167
28166
28166
28166
28166
28166
28166
28166
28166
28166
28166
28165
28165
28165
28164
28163
28163
28163
28163
28162
28162
28161
28162
28161
28161
28161
28161
28161
28161
28161
28161
28161
28162
28162
28162
28162
28162
28162
28162
28162
28162
28162
28159
28159
28159
28159
28159
28158
28158
28157
28157
28157
28157
28157
28156
28156
28156
28156
28156
28156
28157
28157
28157
28157
28158
28159
28159
28159
28159
28158
28159
28159
28159
28159
28159
28159
28159
28158
28158
28157
28157
28157
28157
28157
28158
28158
28158
28158
28157
28157
28157
28157
28157
28158
28158
28158
28158
28158
28158
28158
28158
28158
28158
28157
28157
28157
28157
28157
28157
28157
28157
28156
28156
28154
28154
28154
28154
28154
28154
28154
28154
28154
28154
28154
28154
28154
28154
28154
28154
28154
28154
28154
28154
28154
28153
28153
28154
28154
28154
28154
28154
28152
28152
28152
28152
28152
28152
28153
28153
28153
28153
28153
28153
28153
28153
28153
28153
28153
28153
28153
28153
28153
28153
28153
28153
28153
28153
28153
28153
28153
28153
28153
28154
28154
28154
28154
28154
28154
28154
28154
28154
28154
28154
28154
28154
28154
28154
28154
28154
28154
28153
28153
28154
28154
28154
28154
28154
28154
28154
28154
28152
28151
28150
28150
28150
28150
28150
28150
28150
28150
28150
28150
28151
28151
28151
28151
28151
28151
28151
28151
28151
28151
28150
28150
28150
28150
28150
28150
28150
28150
28151
28151
28151
28151
28151
28151
28151
28151
28151
28151
28151
28151
28150
28150
28150
28150
28150
28150
28150
28150
28150
28150
28150
28150
28150
28149
28148
28148
28148
28147
28149
28148
28148
28148
28148
28148
28146
28146
28146
28145
28145
28145
28144
28144
28144
28143
28143
28143
28143
28142
28142
28142
28142
28142
28142
28142
28142
28143
28143
28143
28143
28143
28143
28142
28143
28143
28143
28143
28142
28142
28141
28141
28140
28141
28141
28141
28141
28141
28141
28141
28141
28141
28141
28141
28141
28141
28141
28141
28140
28140
28140
28140
28138
28138
28138
28138
28138
28138
28138
28137
28139
28139
28139
28139
28139
28139
28139
28138
28138
28137
28137
28136
28136
28136
28135
28135
28135
28135
28135
28135
28135
28135
28135
28135
28135
28135
28135
28135
28135
28135
28135
28135
28135
28134
28134
28134
28134
28134
28134
28133
28133
28133
28133
28133
28133
28133
28133
28133
28133
28133
28133
28133
28133
28133
28133
28133
28133
28133
28133
28133
28132
28131
28131
28131
28130
28130
28130
28130
28130
28131
28131
28131
28131
28131
28131
28131
28131
28131
28131
28131
28131
28131
28131
28131
28131
28131
28131
28131
28131
28131
28132
28132
28132
28130
28130
28130
28131
28131
28131
28131
28131
28131
28130
28130
28129
28129
28129
28129
28127
28127
28127
28126
28126
28126
28126
28126
28126
28126
28126
28125
28125
28126
28126
28126
28126
28126
28126
28127
28127
28127
28127
28127
28125
28125
28125
28125
28124
28124
28124
28124
28124
28124
28124
28124
28124
28124
28124
28124
28124
28124
28123
28123
28124
28124
28124
28124
28124
28124
28124
28124
28124
28122
28121
28121
28121
28121
28121
28121
28121
28121
28121
28120
28120
28120
28120
28120
28120
28120
28119
28118
28117
28117
28117
28117
28117
28117
28117
28117
28116
28115
28115
28115
28115
28115
28115
28115
28115
28115
28114
28114
28114
28114
28114
28114
28113
28113
28112
28112
28112
28112
28112
28112
28112
28112
28112
28112
28112
28112
28112
28112
28112
28112
28112
28112
28112
28112
28112
28111
28111
28111
28111
28111
28111
28111
28111
28111
28111
28111
28111
28111
28111
28111
28111
28111
28111
28111
28111
28111
28110
28110
28110
28110
28110
28110
28110
28109
28109
28109
28108
28108
28108
28108
28108
28108
28108
28108
28108
28108
28108
28108
28108
28108
28108
28109
28109
28109
28109
28109
28108
28108
28108
28108
28108
28108
28108
28108
28108
28108
28108
28108
28108
28108
28108
28109
28109
28109
28109
28109
28109
28109
28109
28108
28108
28108
28108
28108
28108
28108
28108
28108
28107
28107
28107
28107
28107
28107
28107
28107
28107
28107
28107
28107
28107
28107
28107
28107
28107
28107
28106
28105
28105
28106
28106
28106
28106
28106
28105
28106
28106
28106
28105
28105
28105
28105
28105
28105
28105
28105
28105
28105
28105
28105
28106
28106
28106
28106
28105
28105
28105
28105
28105
28105
28105
28105
28105
28105
28105
28105
28105
28104
28104
28104
28104
28104
28104
28104
28104
28104
28104
28104
28103
28103
28103
28103
28103
28103
28103
28102
28103
28103
28103
28103
28102
28102
28102
28102
28102
28102
28102
28102
28102
28101
28101
28100
28100
28100
28100
28099
28099
28099
28099
28099
28099
28099
28098
28097
28097
28097
28097
28097
28098
28098
28097
28096
28095
28096
28096
28096
28094
28094
28094
28094
28094
28094
28094
28094
28091
28091
28091
28091
28090
28090
28090
28090
28090
28090
28089
28090
28091
28089
28089
28090
28090
28090
28090
28091
28091
28091
28091
28091
28092
28092
28092
28092
28092
28090
28090
28090
28090
28089
28089
28089
28089
28088
28088
28088
28088
28088
28088
28088
28088
28088
28088
28086
28086
28086
28086
28084
28084
28084
28084
28084
28084
28084
28084
28083
28083
28083
28083
28082
28082
28081
28081
28081
28081
28081
28081
28081
28081
28081
28081
28081
28081
28080
28080
28079
28079
28079
28079
28079
28079
28079
28078
28078
28079
28079
28079
28079
28079
28079
28079
28079
28079
28079
28079
28079
28079
28079
28079
28079
28079
28079
28079
28079
28079
28079
28079
28079
28079
28079
28079
28079
28079
28079
28079
28078
28076
28076
28076
28076
28076
28076
28076
28076
28075
28075
28075
28075
28075
28075
28075
28075
28075
28075
28075
28074
28074
28074
28075
28075
28075
28075
28075
28075
28075
28076
28075
28075
28075
28074
28074
28073
28073
28073
28073
28073
28073
28073
28073
28073
28073
28073
28073
28073
28072
28072
28072
28072
28072
28072
28072
28071
28071
28071
28071
28070
28069
28069
28069
28069
28069
28069
28068
28068
28068
28068
28068
28068
28068
28068
28068
28067
28067
28067
28066
28066
28066
28066
28067
28067
28065
28065
28065
28065
28065
28066
28066
28066
28066
28066
28066
28066
28066
28066
28067
28067
28067
28067
28067
28067
28067
28067
28067
28067
28067
28067
28067
28067
28067
28067
28066
28066
28066
28066
28066
28066
28066
28066
28066
28066
28066
28066
28065
28065
28064
28064
28064
28064
28064
28064
28064
28064
28064
28064
28064
28064
28064
28064
28064
28064
28064
28064
28064
28064
28064
28064
28064
28064
28064
28065
28065
28065
28065
28065
28065
28065
28066
28066
28065
28065
28065
28065
28065
28065
28065
28065
28065
28065
28065
28065
28065
28065
28065
28065
28066
28066
28066
28065
28065
28065
28065
28065
28066
28066
28066
28066
28066
28066
28066
28067
28067
28066
28066
28066
28066
28066
28065
28065
28065
28066
28066
28066
28066
28065
28065
28065
28065
28067
28067
28067
28067
28067
28067
28067
28067
28067
28067
28067
28067
28067
28067
28067
28067
28067
28067
28067
28067
28067
28067
28067
28067
28065
28065
28065
28065
28065
28065
28065
28065
28066
28066
28066
28066
28065
28064
28064
28063
28062
28062
28062
28063
28063
28064
28063
28063
28063
28063
28062
28062
28062
28062
28062
28062
28062
28062
28062
28062
28062
28062
28062
28062
28062
28062
28062
28062
28062
28062
28061
28061
28061
28061
28061
28061
28061
28061
28061
28061
28061
28061
28061
28061
28059
28059
28059
28059
28059
28058
28058
28058
28058
28058
28058
28058
28058
28058
28060
28060
28060
28060
28060
28060
28060
28060
28060
28060
28060
28057
28057
28057
28057
28057
28057
28057
28057
28056
28056
28056
28055
28055
28055
28055
28055
28055
28055
28055
28056
28056
28056
28056
28056
28056
28056
28056
28053
28053
28053
28052
28053
28053
28052
28052
28052
28052
28052
28051
28051
28051
28051
28051
28051
28051
28051
28051
28051
28051
28051
28051
28051
28051
28051
28051
28050
28051
28051
28052
28052
28052
28052
28052
28053
28053
28053
28053
28053
28053
28055
28055
28054
28054
28054
28054
28054
28054
28054
28054
28054
28054
28054
28054
28054
28054
28054
28054
28054
28054
28054
28054
28053
28053
28053
28053
28053
28053
28053
28052
28052
28053
28054
28054
28054
28054
28054
28055
28055
28054
28054
28054
28054
28054
28054
28054
28054
28054
28054
28054
28054
28053
28053
28053
28053
28053
28053
28053
28052
28051
28051
28051
28050
28050
28050
28050
28050
28049
28049
28049
28049
28048
28048
28048
28048
28046
28046
28046
28046
28046
28046
28046
28046
28046
28045
28044
28044
28044
28043
28043
28043
28044
28043
28043
28041
28041
28041
28041
28042
28042
28042
28042
28042
28042
28042
28042
28042
28042
28042
28042
28042
28041
28041
28041
28041
28041
28041
28041
28041
28041
28039
28039
28039
28039
28039
28039
28039
28039
28039
28038
28038
28038
28038
28038
28038
28038
28038
28038
28037
28037
28037
28037
28037
28037
28037
28037
28037
28037
28037
28037
28037
28037
28037
28037
28036
28036
28036
28037
28037
28037
28037
28037
28037
28037
28037
28036
28036
28036
28036
28036
28035
28035
28036
28036
28036
28036
28036
28036
28036
28036
28036
28036
28036
28036
28036
28036
28036
28036
28036
28036
28036
28035
28035
28036
28036
28036
28036
28036
28036
28036
28036
28036
28036
28035
28035
28035
28035
28035
28035
28035
28035
28035
28033
28033
28033
28033
28033
28033
28033
28033
28031
28031
28030
28030
28030
28030
28030
28029
28029
28029
28030
28030
28030
28030
28030
28030
28030
28030
28030
28030
28030
28030
28030
28030
28030
28030
28030
28030
28030
28030
28030
28029
28029
28029
28029
28029
28029
28029
28029
28029
28029
28029
28028
28028
28028
28028
28028
28028
28027
28027
28027
28027
28027
28027
28027
28027
28027
28027
28027
28027
28027
28027
28027
28027
28027
28027
28027
28027
28027
28027
28027
28027
28027
28027
28027
28027
28027
28027
28027
28027
28027
28027
28027
28027
28027
28027
28027
28027
28027
28027
28027
28027
28025
28025
28024
28024
28024
28024
28023
28023
28022
28021
28021
28020
28020
28020
28020
28020
28021
28021
28020
28020
28020
28020
28020
28020
28020
28020
28020
28020
28019
28019
28019
28019
28019
28018
28018
28018
28018
28018
28018
28018
28018
28019
28019
28019
28019
28019
28018
28018
28018
28018
28018
28018
28018
28018
28018
28018
28018
28018
28018
28018
28019
28019
28019
28019
28019
28019
28019
28019
28019
28020
28020
28020
28020
28020
28020
28020
28020
28020
28020
28020
28020
28020
28020
28019
28019
28019
28019
28019
28018
28018
28018
28018
28016
28016
28016
28016
28016
28016
28016
28016
28016
28016
28016
28016
28016
28016
28016
28016
28016
28015
28015
28014
28014
28014
28014
28014
28013
28013
28013
28013
28013
28013
28013
28013
28013
28013
28013
28013
28013
28013
28013
28013
28013
28014
28014
28014
28014
28014
28013
28013
28012
28012
28012
28012
28012
28012
28010
28010
28010
28010
28010
28010
28010
28010
28010
28010
28010
28010
28010
28010
28010
28010
28010
28009
28008
28008
28008
28008
28008
28007
28007
28007
28007
28007
28008
28008
28008
28008
28008
28008
28008
28008
28008
28008
28008
28008
28008
28008
28008
28007
28007
28007
28007
28004
28004
28004
28004
28004
28004
28004
28004
28005
28004
28005
28005
28004
28004
28004
28004
28004
28004
28003
28003
28003
28003
28003
28003
28003
28003
28001
28000
28000
27999
27998
27998
27998
27998
27997
27997
27997
27997
27996
27996
27996
27996
27996
27996
27995
27995
27995
27995
27995
27995
27995
27995
27995
27995
27995
27995
27995
27995
27995
27995
27996
27996
27996
27995
27995
27995
27995
27995
27995
27995
27995
27995
27995
27995
27995
27995
27995
27995
27994
27995
27995
27995
27995
27995
27995
27995
27995
27995
27994
27994
27994
27994
27994
27994
27994
27993
27993
27993
27993
27993
27993
27993
27993
27993
27992
27990
27990
27990
27990
27990
27990
27990
27990
27989
27989
27989
27989
27990
27990
27990
27990
27990
27990
27990
27989
27989
27987
27987
27987
27987
27987
27987
27987
27987
27987
27987
27987
27987
27987
27987
27987
27987
27987
27987
27986
27986
27986
27985
27984
27982
27982
27982
27982
27982
27982
27982
27982
27982
27982
27982
27982
27982
27982
27981
27981
27981
27981
27982
27982
27982
27982
27982
27982
27982
27982
27982
27982
27981
27981
27981
27981
27983
27983
27983
27983
27983
27983
27983
27983
27983
27983
27983
27982
27983
27983
27983
27983
27982
27982
27982
27981
27981
27981
27981
27981
27981
27981
27981
27981
27981
27981
27981
27981
27981
27981
27981
27981
27981
27980
27980
27980
27980
27979
27979
27979
27979
27979
27979
27979
27979
27980
27980
27980
27979
27979
27979
27979
27979
27979
27979
27979
27978
27978
27978
27978
27978
27978
27977
27977
27977
27976
27976
27976
27976
27976
27976
27976
27976
27976
27976
27976
27976
27976
27975
27975
27975
27975
27975
27975
27974
27974
27974
27974
27975
27975
27975
27975
27975
27975
27975
27974
27974
27974
27974
27974
27972
27972
27973
27973
27973
27973
27973
27973
27973
27973
27973
27973
27972
27972
27972
27972
27972
27970
27970
27970
27970
27970
27970
27971
27971
27971
27971
27970
27969
27970
27970
27970
27970
27971
27971
27971
27971
27971
27971
27971
27971
27971
27971
27971
27971
27971
27971
27971
27971
27971
27971
27971
27971
27970
27970
27970
27970
27969
27969
27969
27969
27969
27969
27968
27968
27968
27968
27967
27967
27967
27967
27967
27967
27966
27966
27966
27965
27965
27965
27965
27965
27965
27965
27965
27965
27965
27965
27964
27964
27964
27963
27963
27962
27962
27962
27962
27962
27962
27962
27962
27962
27962
27961
27961
27960
27960
27960
27960
27960
27961
27961
27961
27961
27961
27961
27961
27960
27960
27960
27960
27960
27960
27960
27960
27960
27960
27960
27960
27961
27959
27959
27960
27960
27960
27960
27960
27960
27959
27959
27959
27959
27959
27959
27959
27960
27960
27960
27960
27960
27961
27961
27961
27961
27961
27959
27958
27958
27958
27958
27958
27958
27958
27957
27957
27957
27957
27957
27957
27957
27958
27959
27959
27959
27959
27959
27959
27959
27958
27958
27958
27958
27958
27958
27958
27958
27958
27958
27958
27958
27958
27958
27958
27958
27958
27958
27958
27958
27955
27954
27953
27953
27953
27954
27954
27954
27954
27954
27954
27954
27954
27954
27954
27954
27956
27956
27956
27956
27956
27956
27956
27955
27955
27956
27956
27956
27957
27957
27957
27957
27957
27957
27957
27956
27955
27955
27955
27955
27955
27954
27954
27954
27954
27954
27954
27954
27954
27954
27954
27953
27953
27953
27952
27952
27952
27952
27952
27952
27952
27952
27952
27952
27952
27952
27951
27951
27951
27951
27951
27951
27950
27949
27949
27949
27949
27949
27949
27949
27949
27949
27949
27949
27949
27949
27949
27950
27949
27949
27946
27946
27946
27947
27947
27948
27948
27947
27947
27947
27947
27948
27948
27948
27948
27948
27948
27948
27948
27948
27948
27949
27949
27949
27949
27948
27948
27948
27947
27947
27947
27947
27947
27947
27947
27947
27947
27947
27947
27947
27946
27946
27944
27944
27944
27944
27944
27944
27945
27945
27945
27945
27945
27945
27945
27945
27945
27946
27946
27945
27945
27945
27945
27945
27945
27945
27944
27944
27944
27944
27944
27944
27944
27944
27944
27944
27944
27944
27944
27944
27944
27944
27944
27944
27944
27944
27944
27944
27944
27944
27944
27944
27944
27944
27944
27944
27944
27943
27943
27943
27943
27943
27943
27943
27943
27943
27943
27943
27943
27943
27943
27943
27943
27944
27944
27944
27944
27945
27945
27943
27942
27942
27942
27942
27942
27942
27943
27943
27943
27943
27943
27943
27943
27943
27943
27943
27943
27943
27943
27943
27943
27943
27943
27942
27942
27942
27942
27942
27941
27941
27941
27940
27940
27940
27940
27940
27940
27940
27940
27940
27939
27939
27939
27939
27939
27939
27939
27939
27939
27939
27939
27939
27939
27939
27939
27938
27937
27936
27936
27936
27936
27937
27937
27937
27937
27937
27937
27938
27938
27938
27938
27938
27938
27938
27938
27938
27938
27937
27937
27937
27937
27937
27937
27937
27937
27937
27937
27937
27937
27937
27935
27935
27935
27935
27935
27935
27935
27933
27933
27933
27933
27933
27933
27932
27932
27932
27932
27932
27932
27932
27932
27932
27932
27932
27932
27932
27932
27932
27932
27932
27932
27932
27932
27932
27932
27932
27932
27932
27932
27932
27932
27932
27932
27932
27932
27932
27932
27931
27931
27931
27931
27931
27931
27931
27931
27931
27931
27931
27930
27930
27930
27930
27930
27930
27930
27930
27930
27930
27930
27930
27930
27930
27928
27928
27928
27928
27928
27928
27927
27927
27927
27927
27927
27927
27926
27926
27926
27926
27926
27926
27926
27926
27925
27925
27925
27924
27924
27924
27924
27923
27923
27923
27923
27923
27923
27923
27922
27922
27921
27920
27920
27920
27920
27920
27920
27920
27920
27920
27920
27920
27919
27920
27918
27918
27917
27917
27917
27917
27917
27916
27916
27917
27917
27917
27917
27916
27916
27916
27915
27915
27915
27915
27915
27914
27914
27914
27914
27914
27913
27913
27913
27914
27914
27914
27913
27913
27913
27913
27913
27913
27913
27913
27913
27912
27912
27912
27912
27912
27912
27912
27912
27912
27912
27912
27911
27911
27911
27911
27911
27911
27911
27911
27911
27910
27910
27910
27910
27910
27910
27910
27910
27910
27909
27909
27908
27908
27908
27908
27907
27906
27906
27906
27906
27906
27906
27906
27906
27906
27906
27906
27905
27904
27903
27902
27902
27902
27902
27902
27902
27902
27902
27902
27902
27902
27902
27902
27902
27902
27902
27902
27902
27903
27903
27903
27904
27904
27904
27904
27903
27903
27903
27903
27903
27903
27904
27904
27904
27904
27904
27903
27903
27903
27902
27902
27902
27902
27902
27902
27900
27900
27899
27899
27899
27899
27899
27899
27899
27899
27898
27898
27898
27898
27898
27898
27898
27896
27896
27896
27896
27896
27896
27896
27895
27894
27894
27894
27894
27893
27893
27893
27893
27892
27892
27892
27891
27891
27892
27892
27892
27892
27892
27892
27892
27892
27892
27892
27892
27892
27892
27892
27892
27892
27892
27892
27892
27892
27892
27892
27892
27891
27890
27890
27890
27890
27890
27891
27891
27891
27891
27890
27890
27890
27890
27890
27890
27890
27890
27890
27890
27889
27889
27889
27889
27889
27889
27889
27889
27889
27889
27889
27889
27889
27889
27889
27890
27890
27889
27889
27889
27889
27888
27887
27887
27887
27887
27887
27887
27887
27887
27887
27887
27887
27887
27887
27887
27887
27887
27887
27887
27887
27887
27887
27887
27887
27887
27886
27886
27886
27886
27886
27887
27887
27887
27887
27887
27887
27887
27887
27887
27886
27886
27886
27885
27885
27885
27885
27886
27886
27886
27886
27886
27886
27886
27885
27885
27885
27883
27883
27883
27883
27882
27882
27882
27883
27883
27883
27883
27883
27883
27883
27883
27883
27883
27883
27883
27883
27883
27883
27882
27882
27882
27881
27881
27881
27880
27880
27880
27879
27879
27879
27879
27879
27879
27879
27879
27879
27879
27878
27878
27878
27878
27878
27878
27878
27879
27879
27880
27880
27880
27880
27880
27880
27880
27880
27880
27880
27880
27880
27880
27880
27880
27880
27880
27880
27880
27880
27880
27880
27879
27880
27880
27880
27880
27880
27880
27880
27879
27879
27879
27879
27878
27878
27878
27878
27878
27877
27877
27877
27877
27876
27876
27876
27876
27876
27876
27876
27876
27876
27877
27877
27877
27877
27877
27877
27877
27876
27874
27874
27874
27873
27873
27873
27872
27872
27872
27872
27872
27872
27872
27872
27872
27872
27872
27872
27870
27870
27870
27869
27869
27869
27869
27869
27868
27867
27866
27866
27866
27867
27867
27867
27867
27867
27867
27867
27867
27866
27866
27866
27866
27866
27865
27865
27865
27864
27864
27864
27864
27865
27865
27864
27865
27865
27865
27863
27863
27863
27862
27862
27862
27862
27862
27862
27862
27862
27862
27862
27862
27862
27862
27862
27862
27862
27862
27862
27862
27862
27863
27862
27862
27862
27864
27864
27864
27864
27864
27864
27864
27864
27864
27864
27864
27864
27864
27863
27863
27863
27863
27863
27862
27862
27862
27862
27862
27861
27861
27861
27861
27860
27860
27860
27860
27860
27860
27860
27860
27860
27860
27860
27860
27857
27857
27857
27857
27857
27857
27856
27856
27856
27856
27856
27856
27856
27855
27855
27855
27855
27854
27854
27854
27853
27853
27853
27852
27852
27852
27852
27852
27852
27851
27850
27850
27850
27849
27849
27849
27849
27849
27849
27849
27848
27848
27848
27848
27848
27848
27849
27849
27849
27849
27849
27849
27849
27849
27849
27849
27849
27849
27849
27849
27849
27849
27849
27849
27849
27849
27849
27849
27850
27850
27850
27850
27850
27850
27850
27850
27850
27850
27850
27850
27850
27850
27852
27852
27851
27850
27850
27850
27850
27849
27849
27849
27849
27849
27849
27849
27849
27850
27850
27850
27850
27850
27850
27850
27850
27850
27850
27850
27850
27850
27850
27850
27850
27848
27848
27848
27848
27848
27848
27848
27849
27849
27849
27849
27849
27849
27849
27849
27849
27848
27848
27848
27848
27848
27848
27848
27848
27848
27847
27847
27847
27847
27847
27847
27847
27847
27847
27846
27846
27846
27846
27846
27846
27846
27846
27845
27845
27845
27845
27845
27846
27846
27846
27845
27845
27845
27845
27845
27845
27845
27845
27845
27846
27844
27844
27844
27844
27844
27844
27844
27844
27844
27844
27844
27844
27844
27844
27844
27844
27844
27844
27844
27844
27844
27844
27844
27843
27843
27842
27842
27843
27843
27843
27842
27842
27842
27842
27842
27842
27842
27842
27842
27842
27842
27842
27842
27842
27842
27842
27842
27842
27842
27842
27842
27842
27842
27842
27842
27841
27841
27841
27841
27841
27841
27841
27841
27841
27841
27841
27840
27840
27840
27840
27839
27839
27839
27839
27839
27839
27839
27839
27839
27839
27839
27839
27839
27839
27839
27839
27839
27839
27839
27839
27839
27839
27839
27839
27839
27839
27838
27838
27837
27837
27837
27837
27837
27837
27837
27837
27837
27837
27837
27836
27837
27837
27837
27837
27837
27837
27837
27837
27837
27837
27837
27837
27837
27837
27837
27837
27836
27836
27836
27836
27834
27834
27834
27834
27834
27834
27834
27834
27833
27833
27833
27833
27833
27833
27833
27833
27833
27833
27833
27833
27833
27833
27832
27831
27831
27831
27831
27829
27829
27829
27829
27829
27828
27828
27828
27828
27828
27828
27828
27826
27826
27826
27825
27825
27825
27825
27826
27826
27826
27826
27825
27825
27825
27825
27825
27824
27824
27824
27824
27824
27824
27824
27824
27824
27824
27824
27824
27824
27824
27824
27824
27824
27824
27824
27824
27824
27824
27824
27823
27823
27823
27823
27824
27824
27824
27824
27824
27824
27824
27824
27824
27824
27824
27824
27824
27824
27824
27824
27824
27824
27822
27821
27821
27821
27820
27820
27821
27821
27820
27820
27820
27820
27820
27820
27820
27820
27820
27820
27820
27820
27820
27820
27820
27819
27819
27819
27819
27819
27818
27817
27816
27815
27815
27815
27814
27814
27815
27814
27814
27814
27814
27814
27814
27814
27814
27814
27814
27814
27814
27814
27813
27813
27813
27813
27813
27813
27812
27812
27812
27812
27812
27812
27812
27812
27812
27812
27812
27812
27812
27812
27812
27812
27812
27812
27812
27812
27812
27812
27812
27812
27812
27813
27813
27813
27813
27813
27813
27813
27813
27813
27813
27813
27812
27812
27812
27812
27812
27812
27812
27812
27812
27811
27811
27811
27811
27811
27811
27811
27811
27812
27812
27812
27811
27811
27811
27811
27811
27811
27811
27811
27811
27811
27811
27811
27811
27810
27810
27810
27810
27810
27810
27810
27810
27810
27811
27811
27811
27809
27809
27809
27809
27809
27809
27809
27809
27809
27810
27809
27809
27809
27809
27807
27808
27808
27808
27808
27808
27808
27807
27807
27807
27807
27807
27807
27807
27806
27804
27804
27804
27803
27803
27803
27803
27803
27803
27803
27803
27803
27803
27803
27802
27802
27802
27802
27801
27800
27800
27800
27800
27800
27800
27800
27800
27798
27798
27798
27798
27798
27799
27799
27799
27799
27799
27799
27799
27799
27799
27799
27797
27797
27796
27796
27795
27795
27795
27794
27793
27793
27793
27792
27792
27792
27792
27792
27792
27792
27792
27792
27792
27792
27792
27792
27792
27791
27791
27791
27791
27791
27791
27791
27791
27791
27791
27791
27791
27791
27791
27791
27791
27792
27792
27792
27792
27792
27792
27792
27792
27792
27792
27792
27792
27792
27792
27792
27792
27792
27793
27793
27793
27792
27792
27792
27792
27792
27792
27792
27792
27792
27792
27792
27792
27792
27792
27792
27792
27792
27792
27792
27792
27792
27792
27792
27792
27792
27792
27791
27791
27792
27792
27792
27792
27792
27792
27792
27792
27792
27792
27790
27791
27791
27791
27791
27791
27791
27791
27791
27791
27791
27791
27790
27790
27790
27790
27790
27788
27788
27788
27788
27787
27787
27787
27786
27787
27787
27787
27786
27786
27785
27785
27784
27784
27783
27783
27783
27783
27782
27782
27782
27782
27781
27781
27781
27781
27781
27780
27780
27779
27779
27779
27779
27779
27779
27779
27779
27779
27779
27780
27780
27781
27781
27781
27781
27781
27781
27781
27781
27781
27781
27781
27781
27781
27781
27781
27781
27781
27781
27781
27781
27781
27781
27781
27781
27781
27780
27780
27780
27780
27780
27780
27780
27780
27780
27780
27780
27780
27781
27781
27781
27781
27781
27781
27780
27780
27781
27781
27781
27781
27781
27781
27781
27781
27781
27781
27780
27780
27780
27780
27780
27780
27779
27779
27779
27778
27777
27776
27776
27776
27777
27777
27777
27774
27774
27774
27774
27773
27773
27772
27772
27772
27770
27770
27770
27769
27769
27769
27769
27769
27769
27769
27769
27769
27769
27769
27769
27769
27769
27768
27768
27766
27766
27766
27766
27766
27766
27766
27766
27766
27765
27765
27765
27765
27765
27765
27765
27765
27765
27765
27765
27765
27765
27765
27765
27765
27765
27765
27765
27765
27765
27765
27765
27765
27765
27765
27764
27764
27764
27763
27763
27763
27763
27763
27763
27763
27763
27763
27763
27763
27763
27763
27763
27763
27763
27762
27762
27762
27762
27762
27761
27761
27761
27761
27761
27761
27761
27761
27761
27761
27761
27761
27761
27761
27761
27760
27760
27760
27760
27760
27760
27760
27760
27760
27760
27760
27760
27760
27760
27760
27760
27760
27759
27759
27759
27759
27759
27759
27759
27759
27759
27759
27759
27759
27759
27759
27759
27759
27759
27759
27758
27758
27758
27758
27758
27758
27758
27757
27758
27758
27758
27758
27758
27758
27758
27758
27758
27757
27756
27756
27757
27757
27757
27757
27757
27757
27757
27757
27757
27757
27756
27756
27755
27755
27755
27755
27755
27753
27753
27753
27753
27753
27753
27753
27753
27753
27753
27753
27753
27753
27753
27753
27753
27753
27753
27753
27753
27753
27753
27753
27753
27753
27752
27752
27752
27752
27752
27752
27752
27751
27751
27751
27751
27750
27750
27750
27750
27750
27750
27750
27750
27750
27750
27750
27750
27750
27749
27749
27749
27749
27749
27749
27748
27748
27748
27748
27748
27747
27747
27747
27747
27747
27747
27747
27747
27747
27747
27746
27746
27745
27745
27745
27745
27745
27745
27745
27745
27744
27744
27744
27744
27744
27744
27744
27743
27743
27743
27743
27742
27742
27742
27742
27741
27741
27741
27741
27741
27741
27741
27741
27741
27741
27741
27741
27741
27741
27741
27741
27742
27742
27741
27741
27741
27741
27741
27741
27740
27740
27740
27739
27738
27738
27738
27738
27738
27738
27738
27738
27738
27738
27737
27737
27737
27737
27737
27737
27737
27736
27736
27736
27736
27736
27736
27736
27736
27736
27736
27736
27736
27736
27735
27734
27734
27734
27734
27734
27734
27734
27734
27734
27734
27734
27733
27733
27732
27731
27731
27731
27731
27731
27731
27731
27731
27732
27732
27732
27732
27732
27732
27730
27729
27729
27728
27728
27728
27727
27727
27727
27727
27728
27728
27728
27727
27728
27728
27728
27728
27728
27728
27728
27728
27728
27728
27728
27727
27727
27727
27727
27727
27727
27727
27727
27727
27726
27727
27727
27726
27726
27726
27726
27725
27725
27725
27724
27724
27724
27724
27724
27724
27724
27724
27724
27724
27726
27725
27726
27726
27727
27726
27726
27724
27724
27724
27724
27724
27724
27724
27724
27724
27723
27722
27722
27722
27722
27722
27722
27722
27722
27722
27722
27722
27722
27722
27722
27722
27722
27721
27721
27721
27721
27721
27721
27721
27719
27719
27719
27719
27719
27719
27719
27719
27719
27719
27719
27720
27720
27720
27720
27720
27720
27720
27719
27719
27719
27719
27719
27719
27718
27718
27718
27718
27717
27717
27717
27714
27714
27714
27714
27715
27715
27715
27716
27716
27716
27716
27717
27717
27717
27717
27717
27717
27717
27717
27717
27716
27716
27716
27716
27716
27716
27716
27716
27717
27717
27717
27717
27717
27717
27716
27716
27716
27717
27717
27717
27717
27717
27716
27715
27715
27715
27715
27715
27715
27714
27714
27714
27714
27714
27714
27714
27716
27715
27715
27715
27715
27715
27715
27715
27715
27715
27715
27715
27715
27715
27715
27715
27715
27715
27715
27714
27714
27714
27714
27714
27714
27714
27714
27714
27714
27714
27714
27712
27712
27712
27709
27709
27708
27708
27708
27708
27707
27705
27705
27705
27705
27705
27705
27704
27703
27702
27702
27702
27701
27701
27702
27703
27703
27703
27703
27703
27703
27703
27703
27703
27703
27703
27703
27703
27703
27703
27703
27701
27701
27700
27699
27699
27699
27699
27700
27700
27700
27700
27698
27698
27698
27698
27697
27696
27696
27696
27696
27696
27696
27697
27697
27697
27697
27697
27697
27697
27697
27697
27697
27698
27698
27698
27699
27698
27698
27698
27698
27698
27697
27697
27697
27696
27696
27696
27696
27696
27696
27696
27696
27696
27696
27695
27695
27695
27693
27693
27693
27694
27694
27694
27694
27694
27694
27694
27694
27694
27694
27694
27694
27694
27694
27693
27693
27692
27692
27692
27692
27692
27692
27691
27691
27691
27691
27691
27690
27690
27690
27690
27690
27690
27690
27690
27690
27689
27688
27688
27688
27688
27688
27688
27688
27688
27688
27688
27688
27688
27688
27688
27688
27688
27688
27687
27687
27687
27688
27688
27688
27688
27688
27687
27687
27687
27687
27687
27687
27688
27688
27688
27688
27688
27688
27688
27687
27688
27687
27687
27686
27686
27686
27686
27686
27686
27686
27686
27685
27685
27685
27685
27685
27685
27685
27685
27685
27685
27685
27685
27685
27685
27685
27684
27684
27684
27684
27683
27683
27683
27683
27682
27682
27682
27682
27682
27682
27682
27682
27682
27682
27682
27681
27681
27681
27681
27681
27681
27681
27680
27680
27680
27680
27680
27680
27680
27680
27680
27679
27679
27678
27678
27678
27678
27678
27678
27678
27678
27678
27678
27678
27678
27678
27678
27678
27678
27677
27677
27677
27677
27677
27677
27677
27677
27677
27677
27677
27677
27677
27677
27677
27677
27677
27677
27676
27676
27676
27676
27675
27675
27675
27675
27675
27675
27675
27674
27674
27674
27674
27674
27674
27674
27674
27673
27673
27673
27673
27673
27673
27673
27673
27673
27673
27673
27673
27672
27672
27672
27672
27672
27672
27672
27671
27671
27671
27671
27671
27671
27671
27671
27670
27670
27671
27671
27671
27671
27670
27669
27669
27668
27668
27668
27668
27667
27667
27667
27667
27668
27667
27667
27666
27666
27666
27666
27666
27666
27666
27666
27666
27666
27665
27665
27665
27665
27665
27665
27665
27665
27665
27665
27665
27665
27665
27665
27665
27666
27666
27666
27666
27666
27666
27666
27666
27667
27667
27667
27667
27667
27667
27667
27667
27667
27667
27667
27668
27668
27668
27668
27668
27668
27668
27668
27668
27668
27669
27669
27669
27669
27669
27669
27669
27669
27669
27668
27668
27668
27667
27666
27666
27667
27667
27667
27667
27667
27667
27667
27667
27667
27667
27667
27667
27667
27667
27667
27667
27667
27667
27667
27667
27666
27666
27666
27666
27666
27666
27666
27666
27666
27666
27666
27666
27666
27666
27666
27666
27666
27666
27666
27666
27666
27666
27666
27666
27666
27666
27666
27666
27666
27666
27666
27666
27666
27666
27666
27666
27666
27666
27665
27665
27665
27665
27665
27665
27665
27665
27665
27665
27665
27665
27665
27665
27666
27666
27665
27665
27664
27664
27664
27664
27664
27664
27664
27664
27664
27664
27664
27664
27664
27664
27664
27664
27664
27664
27664
27664
27664
27664
27663
27663
27663
27663
27663
27663
27663
27663
27663
27663
27663
27663
27663
27663
27663
27662
27662
27662
27662
27662
27661
27661
27662
27662
27662
27660
27661
27661
27661
27661
27661
27661
27661
27661
27661
27661
27661
27661
27661
27661
27660
27660
27660
27658
27657
27657
27657
27657
27657
27657
27656
27656
27656
27656
27656
27656
27656
27656
27656
27656
27656
27656
27656
27655
27655
27655
27654
27654
27654
27654
27653
27653
27653
27653
27653
27652
27652
27652
27651
27651
27651
27650
27649
27650
27650
27650
27650
27650
27651
27651
27651
27651
27651
27651
27651
27650
27650
27649
27649
27649
27649
27646
27646
27646
27646
27646
27646
27645
27645
27645
27645
27645
27646
27646
27646
27646
27646
27647
27648
27648
27648
27648
27648
27649
27649
27649
27649
27649
27649
27649
27649
27649
27649
27649
27649
27649
27649
27649
27649
27649
27649
27649
27649
27649
27649
27649
27649
27649
27649
27648
27648
27648
27648
27648
27648
27648
27647
27647
27647
27647
27647
27647
27647
27647
27647
27647
27648
27647
27647
27647
27647
27647
27647
27647
27647
27646
27646
27646
27646
27646
27646
27646
27646
27646
27647
27647
27647
27646
27646
27646
27646
27646
27645
27645
27645
27644
27644
27643
27642
27642
27642
27642
27642
27642
27642
27642
27642
27642
27642
27642
27642
27642
27642
27642
27643
27643
27643
27643
27643
27642
27642
27643
27643
27643
27643
27643
27643
27642
27642
27642
27642
27641
27640
27640
27640
27640
27640
27639
27639
27638
27638
27638
27638
27637
27638
27638
27638
27638
27638
27638
27638
27638
27638
27638
27638
27638
27638
27638
27638
27638
27638
27637
27637
27637
27637
27637
27637
27637
27637
27636
27636
27636
27635
27635
27635
27635
27635
27634
27633
27633
27633
27632
27630
27630
27630
27630
27630
27631
27629
27629
27629
27629
27629
27629
27629
27629
27629
27630
27629
27629
27627
27626
27626
27626
27626
27626
27626
27626
27626
27626
27626
27625
27625
27625
27625
27625
27625
27625
27625
27625
27625
27625
27625
27625
27625
27627
27626
27626
27626
27626
27626
27626
27627
27627
27627
27627
27627
27627
27627
27627
27626
27625
27625
27625
27625
27625
27624
27624
27624
27624
27624
27623
27623
27624
27624
27623
27623
27623
27623
27623
27622
27621
27621
27620
27620
27620
27620
27620
27620
27620
27620
27620
27620
27620
27620
27619
27619
27619
27619
27619
27619
27619
27619
27619
27619
27619
27619
27618
27618
27618
27618
27617
27617
27617
27618
27618
27618
27617
27616
27616
27616
27616
27616
27616
27616
27616
27616
27616
27616
27616
27616
27616
27617
27617
27617
27617
27617
27617
27617
27617
27617
27617
27617
27617
27617
27617
27617
27617
27616
27616
27616
27616
27616
27614
27614
27614
27614
27614
27614
27614
27614
27614
27614
27614
27614
27614
27614
27614
27614
27614
27614
27614
27613
27613
27613
27613
27613
27612
27611
27611
27611
27611
27611
27611
27611
27611
27611
27611
27611
27612
27612
27612
27612
27612
27612
27612
27612
27612
27612
27611
27611
27609
27610
27610
27610
27610
27610
27610
27610
27610
27610
27610
27610
27610
27610
27610
27610
27610
27610
27610
27610
27609
27609
27609
27609
27607
27607
27607
27607
27607
27608
27608
27609
27608
27608
27608
27608
27608
27608
27608
27608
27608
27608
27608
27608
27608
27608
27608
27608
27608
27608
27608
27608
27608
27608
27608
27608
27607
27606
27606
27606
27606
27606
27607
27607
27607
27607
27607
27607
27606
27606
27606
27606
27605
27605
27605
27605
27605
27605
27605
27605
27605
27605
27605
27604
27604
27604
27604
27604
27604
27604
27604
27604
27604
27604
27604
27604
27604
27604
27604
27604
27603
27602
27602
27602
27603
27603
27603
27603
27603
27603
27603
27603
27603
27603
27603
27603
27603
27603
27603
27603
27603
27602
27600
27600
27600
27600
27600
27600
27600
27600
27600
27599
27599
27599
27599
27599
27599
27599
27599
27599
27599
27599
27598
27598
27599
27599
27599
27599
27599
27599
27599
27599
27599
27599
27599
27599
27599
27599
27599
27599
27599
27599
27599
27599
27599
27599
27599
27597
27597
27597
27595
27595
27595
27595
27595
27595
27595
27595
27595
27594
27594
27594
27594
27594
27594
27594
27593
27593
27593
27592
27592
27592
27592
27593
27592
27592
27592
27591
27592
27592
27591
27590
27590
27590
27590
27590
27590
27590
27588
27588
27588
27588
27588
27588
27588
27588
27588
27588
27588
27588
27587
27587
27586
27586
27586
27586
27586
27586
27586
27586
27586
27587
27587
27587
27587
27587
27587
27587
27587
27587
27588
27588
27588
27588
27587
27587
27588
27588
27588
27588
27588
27588
27588
27588
27588
27588
27588
27588
27588
27588
27588
27588
27588
27588
27587
27587
27587
27587
27587
27587
27587
27586
27586
27586
27586
27586
27586
27585
27585
27585
27585
27585
27585
27585
27585
27585
27585
27586
27586
27586
27586
27585
27585
27585
27585
27585
27585
27585
27584
27584
27584
27583
27583
27583
27583
27582
27582
27582
27582
27582
27582
27582
27582
27582
27582
27582
27582
27582
27582
27582
27582
27582
27581
27580
27580
27580
27580
27580
27580
27580
27580
27579
27579
27579
27578
27578
27578
27578
27578
27578
27578
27578
27578
27578
27578
27577
27577
27577
27577
27575
27575
27575
27575
27575
27575
27575
27575
27575
27575
27574
27573
27572
27572
27572
27572
27572
27572
27571
27569
27568
27568
27568
27568
27568
27568
27566
27566
27565
27565
27564
27564
27564
27564
27564
27564
27564
27564
27564
27564
27564
27564
27562
27562
27562
27562
27562
27562
27562
27562
27562
27562
27562
27562
27562
27562
27562
27562
27562
27562
27561
27561
27561
27561
27561
27561
27561
27561
27561
27561
27561
27560
27560
27560
27560
27560
27559
27559
27556
27556
27556
27556
27556
27556
27556
27556
27556
27556
27556
27556
27556
27556
27556
27556
27556
27556
27556
27556
27556
27556
27556
27556
27555
27555
27555
27555
27555
27555
27555
27555
27555
27554
27554
27554
27554
27554
27554
27554
27554
27554
27554
27554
27554
27554
27554
27554
27554
27553
27552
27552
27554
27554
27553
27553
27553
27553
27553
27553
27553
27553
27553
27553
27553
27553
27553
27553
27553
27550
27551
27551
27551
27550
27550
27549
27549
27548
27548
27548
27548
27548
27548
27548
27548
27548
27548
27548
27548
27548
27548
27548
27548
27547
27547
27547
27547
27546
27546
27546
27545
27544
27544
27544
27544
27544
27544
27544
27544
27544
27544
27544
27544
27544
27544
27544
27544
27544
27544
27544
27544
27544
27544
27544
27544
27544
27544
27544
27544
27544
27544
27543
27543
27542
27542
27542
27542
27542
27542
27542
27542
27542
27541
27541
27541
27540
27540
27540
27540
27540
27540
27539
27539
27538
27538
27538
27537
27537
27535
27535
27535
27534
27534
27534
27534
27534
27534
27534
27534
27534
27534
27534
27534
27534
27534
27534
27534
27534
27534
27534
27534
27533
27532
27532
27532
27532
27534
27534
27534
27534
27534
27534
27534
27534
27534
27534
27534
27534
27534
27534
27534
27534
27534
27533
27533
27533
27533
27533
27533
27533
27533
27533
27533
27533
27533
27533
27533
27532
27532
27532
27532
27531
27531
27530
27530
27530
27530
27530
27529
27529
27529
27529
27529
27529
27529
27529
27529
27529
27529
27529
27528
27528
27528
27528
27528
27528
27528
27528
27527
27526
27526
27526
27526
27525
27524
27524
27524
27524
27523
27523
27523
27523
27523
27523
27523
27523
27523
27523
27523
27524
27524
27524
27525
27524
27524
27524
27524
27524
27524
27524
27524
27524
27523
27523
27523
27523
27523
27524
27523
27523
27521
27521
27521
27521
27521
27521
27521
27521
27521
27521
27521
27521
27521
27521
27520
27520
27520
27520
27520
27520
27520
27518
27518
27518
27518
27516
27516
27516
27516
27516
27516
27515
27515
27515
27515
27515
27515
27515
27515
27515
27515
27515
27515
27515
27515
27515
27515
27515
27515
27515
27515
27515
27515
27515
27515
27515
27514
27514
27514
27514
27514
27514
27513
27513
27513
27513
27513
27513
27513
27513
27512
27512
27510
27510
27510
27510
27509
27509
27509
27509
27509
27509
27509
27510
27510
27509
27509
27509
27508
27508
27508
27508
27508
27506
27506
27506
27506
27506
27506
27506
27506
27507
27508
27508
27508
27508
27508
27508
27507
27507
27507
27507
27506
27506
27506
27506
27506
27506
27507
27506
27506
27506
27506
27506
27506
27506
27506
27506
27506
27505
27505
27505
27505
27504
27504
27502
27502
27502
27502
27502
27502
27502
27502
27501
27501
27500
27500
27500
27500
27500
27500
27500
27500
27499
27498
27497
27497
27497
27497
27497
27497
27496
27496
27497
27497
27497
27497
27497
27497
27497
27497
27497
27497
27497
27498
27498
27498
27498
27498
27498
27498
27498
27499
27499
27499
27499
27499
27499
27499
27499
27499
27499
27498
27498
27498
27498
27498
27498
27498
27498
27497
27498
27498
27498
27498
27498
27498
27498
27498
27496
27497
27497
27497
27497
27497
27497
27497
27497
27497
27497
27497
27496
27496
27495
27495
27494
27494
27494
27494
27494
27494
27494
27494
27494
27494
27494
27493
27493
27494
27494
27494
27494
27494
27494
27494
27494
27494
27494
27494
27494
27494
27494
27494
27494
27494
27494
27493
27493
27493
27493
27493
27493
27493
27492
27492
27492
27491
27491
27491
27491
27491
27491
27491
27492
27492
27492
27492
27491
27491
27491
27491
27491
27491
27491
27490
27490
27489
27488
27488
27487
27487
27487
27487
27487
27487
27487
27487
27487
27487
27487
27487
27487
27486
27485
27485
27484
27483
27482
27482
27482
27482
27482
27481
27480
27480
27481
27481
27481
27481
27481
27480
27480
27480
27480
27480
27480
27480
27479
27479
27479
27478
27478
27478
27478
27478
27478
27478
27478
27479
27479
27479
27479
27478
27478
27478
27478
27478
27478
27478
27478
27478
27478
27478
27478
27478
27478
27478
27478
27478
27478
27478
27478
27478
27478
27478
27478
27478
27478
27478
27478
27478
27478
27478
27477
27477
27477
27477
27477
27477
27477
27476
27476
27476
27476
27476
27476
27476
27476
27475
27475
27475
27475
27475
27475
27475
27474
27474
27475
27475
27475
27475
27475
27475
27475
27475
27474
27474
27474
27475
27475
27475
27475
27475
27475
27475
27475
27475
27475
27475
27475
27475
27475
27475
27475
27475
27474
27474
27474
27474
27474
27474
27474
27474
27473
27473
27473
27473
27473
27473
27473
27473
27473
27473
27473
27473
27473
27473
27474
27475
27475
27475
27475
27475
27474
27474
27474
27475
27475
27475
27475
27474
27474
27474
27474
27474
27474
27474
27474
27474
27474
27474
27473
27473
27473
27473
27473
27473
27473
27473
27473
27473
27473
27473
27473
27473
27473
27473
27473
27473
27473
27472
27472
27472
27472
27472
27472
27472
27471
27471
27471
27471
27471
27471
27470
27470
27470
27470
27470
27470
27470
27470
27470
27470
27470
27470
27470
27470
27470
27470
27470
27470
27470
27470
27470
27470
27470
27470
27470
27470
27470
27470
27469
27469
27469
27469
27468
27468
27468
27467
27467
27467
27467
27467
27467
27467
27467
27466
27466
27466
27466
27466
27466
27466
27465
27465
27465
27465
27465
27465
27465
27465
27465
27465
27466
27466
27466
27466
27466
27466
27466
27467
27466
27466
27466
27466
27466
27466
27465
27465
27465
27465
27465
27465
27465
27465
27464
27464
27464
27465
27465
27465
27465
27465
27464
27464
27464
27464
27464
27464
27463
27463
27463
27463
27463
27463
27463
27463
27463
27463
27463
27463
27463
27463
27463
27463
27463
27463
27461
27461
27461
27461
27460
27460
27460
27460
27459
27459
27459
27459
27459
27459
27459
27459
27459
27459
27459
27459
27460
27460
27460
27459
27459
27459
27459
27458
27457
27457
27457
27457
27457
27457
27456
27456
27456
27456
27456
27456
27456
27456
27456
27456
27456
27456
27456
27456
27456
27456
27456
27456
27456
27456
27455
27455
27455
27455
27455
27455
27455
27456
27456
27456
27456
27457
27458
27458
27458
27458
27458
27458
27458
27458
27458
27458
27457
27457
27456
27457
27457
27457
27456
27456
27456
27456
27456
27456
27457
27457
27457
27457
27457
27457
27457
27457
27458
27458
27458
27458
27457
27456
27456
27456
27456
27457
27457
27457
27457
27457
27457
27457
27455
27455
27455
27454
27454
27454
27452
27452
27452
27452
27451
27452
27451
27451
27451
27451
27451
27451
27449
27449
27449
27449
27450
27450
27450
27450
27450
27450
27450
27449
27449
27449
27449
27449
27449
27448
27448
27448
27448
27446
27446
27446
27446
27446
27446
27446
27446
27447
27448
27447
27447
27447
27447
27447
27447
27447
27447
27447
27447
27447
27447
27447
27447
27447
27446
27446
27446
27446
27446
27446
27445
27444
27444
27444
27444
27444
27444
27444
27444
27444
27444
27444
27444
27444
27444
27444
27444
27444
27444
27444
27444
27444
27444
27444
27444
27444
27444
27444
27444
27444
27444
27444
27444
27444
27444
27444
27443
27443
27441
27441
27441
27441
27441
27440
27440
27440
27440
27440
27440
27440
27440
27440
27440
27440
27439
27438
27438
27438
27438
27438
27438
27438
27438
27438
27438
27438
27438
27438
27438
27438
27438
27438
27438
27438
27438
27436
27436
27436
27436
27436
27436
27436
27436
27436
27436
27436
27436
27436
27436
27434
27434
27434
27434
27434
27435
27435
27435
27434
27434
27434
27433
27433
27432
27432
27432
27431
27431
27431
27431
27431
27431
27431
27431
27431
27431
27431
27431
27430
27430
27430
27429
27429
27429
27429
27429
27429
27429
27429
27429
27429
27429
27429
27429
27429
27429
27429
27430
27430
27430
27430
27430
27430
27431
27431
27430
27430
27430
27430
27429
27429
27430
27429
27429
27429
27429
27429
27429
27429
27429
27429
27429
27429
27428
27427
27427
27427
27427
27427
27427
27426
27426
27426
27426
27426
27426
27426
27426
27426
27426
27426
27426
27426
27426
27426
27426
27426
27426
27426
27426
27426
27426
27426
27426
27426
27426
27426
27425
27425
27425
27425
27425
27424
27424
27424
27424
27423
27423
27422
27422
27422
27422
27422
27422
27422
27422
27422
27422
27422
27423
27423
27423
27423
27423
27423
27423
27423
27423
27423
27423
27423
27423
27423
27423
27423
27423
27423
27423
27423
27423
27423
27423
27423
27423
27423
27423
27423
27423
27423
27423
27423
27423
27423
27423
27423
27422
27422
27422
27422
27422
27422
27422
27422
27422
27422
27422
27422
27422
27422
27422
27422
27422
27422
27421
27422
27422
27422
27422
27422
27421
27421
27421
27421
27421
27421
27421
27421
27421
27421
27421
27421
27421
27421
27421
27421
27421
27421
27421
27421
27421
27421
27421
27421
27421
27421
27421
27421
27421
27421
27421
27421
27421
27421
27421
27421
27421
27422
27422
27422
27422
27422
27421
27421
27419
27419
27419
27419
27419
27419
27419
27418
27418
27418
27418
27418
27418
27418
27418
27417
27417
27415
27415
27415
27415
27415
27415
27415
27415
27415
27415
27415
27414
27414
27415
27415
27415
27415
27415
27415
27415
27415
27415
27415
27415
27415
27415
27415
27414
27414
27414
27414
27414
27414
27413
27413
27412
27412
27412
27412
27411
27410
27410
27410
27411
27411
27411
27411
27410
27410
27409
27409
27409
27409
27409
27409
27409
27409
27409
27409
27409
27409
27409
27409
27409
27409
27409
27409
27409
27409
27409
27409
27409
27409
27409
27409
27409
27409
27409
27409
27409
27410
27410
27411
27410
27410
27410
27410
27410
27410
27409
27409
27409
27408
27408
27408
27408
27408
27408
27407
27406
27406
27405
27405
27405
27405
27405
27405
27405
27403
27403
27403
27403
27403
27403
27403
27403
27403
27403
27403
27403
27402
27402
27402
27401
27401
27401
27401
27401
27401
27401
27401
27401
27401
27401
27401
27401
27401
27401
27401
27401
27402
27401
27401
27402
27402
27402
27402
27402
27403
27402
27402
27402
27402
27401
27400
27400
27400
27400
27400
27400
27400
27400
27400
27400
27399
27399
27399
27399
27399
27399
27399
27399
27399
27398
27398
27398
27398
27397
27397
27396
27396
27396
27396
27396
27396
27396
27396
27396
27396
27396
27396
27396
27396
27396
27396
27396
27396
27396
27396
27396
27396
27396
27396
27396
27395
27395
27395
27394
27394
27394
27393
27393
27394
27394
27394
27393
27392
27392
27392
27392
27392
27392
27392
27392
27391
27392
27392
27392
27392
27392
27392
27392
27392
27392
27392
27392
27392
27392
27392
27392
27392
27392
27392
27392
27392
27393
27393
27393
27393
27393
27393
27393
27393
27393
27392
27392
27392
27393
27393
27392
27390
27390
27390
27390
27390
27390
27389
27389
27389
27388
27388
27388
27389
27389
27388
27388
27387
27387
27387
27386
27386
27386
27386
27386
27385
27385
27385
27385
27384
27384
27384
27385
27385
27385
27385
27384
27383
27383
27383
27383
27383
27383
27383
27383
27383
27383
27383
27383
27383
27383
27383
27383
27383
27383
27383
27383
27383
27383
27383
27383
27383
27382
27381
27381
27381
27381
27382
27382
27382
27382
27382
27381
27380
27380
27380
27380
27380
27380
27379
27379
27379
27380
27380
27380
27380
27380
27380
27380
27380
27380
27380
27381
27380
27380
27379
27379
27379
27379
27379
27379
27379
27379
27379
27379
27379
27379
27379
27379
27379
27379
27379
27378
27378
27377
27377
27377
27377
27377
27378
27378
27378
27378
27378
27378
27378
27377
27377
27377
27377
27377
27376
27376
27376
27376
27376
27376
27376
27376
27376
27376
27376
27375
27375
27376
27376
27376
27376
27376
27376
27376
27376
27376
27376
27375
27375
27375
27375
27374
27374
27374
27373
27373
27373
27373
27373
27373
27373
27373
27373
27373
27373
27373
27373
27373
27373
27373
27372
27372
27372
27371
27371
27371
27371
27371
27371
27371
27372
27372
27372
27372
27372
27372
27372
27372
27372
27372
27372
27372
27372
27372
27373
27373
27373
27373
27373
27373
27373
27373
27373
27373
27372
27372
27372
27372
27372
27372
27372
27372
27372
27372
27372
27372
27372
27371
27371
27371
27371
27371
27371
27371
27371
27371
27371
27371
27371
27371
27371
27371
27371
27371
27371
27371
27371
27371
27370
27370
27369
27369
27369
27369
27369
27369
27369
27369
27369
27371
27371
27371
27371
27371
27371
27371
27371
27370
27370
27370
27371
27371
27371
27371
27371
27371
27371
27371
27371
27371
27371
27371
27371
27371
27371
27370
27371
27371
27371
27371
27370
27370
27370
27370
27369
27369
27369
27369
27369
27369
27369
27368
27368
27368
27368
27368
27368
27368
27368
27368
27368
27368
27368
27369
27369
27369
27369
27369
27369
27369
27368
27368
27367
27367
27367
27367
27365
27365
27365
27365
27365
27365
27365
27365
27365
27365
27364
27365
27365
27365
27365
27365
27365
27365
27365
27365
27361
27361
27361
27361
27361
27361
27360
27360
27360
27360
27360
27360
27360
27360
27359
27359
27359
27359
27359
27360
27360
27360
27360
27360
27360
27360
27360
27360
27360
27360
27360
27360
27361
27361
27360
27360
27359
27359
27359
27359
27359
27359
27357
27357
27357
27357
27357
27358
27358
27358
27358
27358
27358
27358
27358
27358
27358
27358
27358
27358
27358
27358
27358
27358
27358
27358
27358
27358
27358
27358
27358
27358
27358
27357
27357
27357
27357
27357
27357
27357
27358
27358
27358
27357
27357
27357
27357
27357
27357
27357
27357
27357
27357
27357
27357
27357
27358
27358
27358
27358
27357
27357
27357
27357
27357
27357
27356
27356
27356
27356
27356
27356
27356
27355
27355
27355
27355
27355
27355
27355
27355
27355
27355
27353
27353
27353
27353
27353
27353
27351
27351
27351
27349
27349
27349
27349
27349
27349
27349
27349
27350
27350
27350
27350
27350
27349
27349
27349
27349
27348
27348
27348
27348
27348
27348
27347
27347
27348
27348
27348
27348
27348
27348
27348
27348
27348
27348
27348
27348
27348
27348
27348
27348
27348
27347
27347
27346
27346
27346
27346
27346
27346
27346
27346
27346
27346
27346
27346
27346
27346
27344
27344
27344
27344
27344
27343
27343
27343
27343
27343
27343
27342
27342
27342
27342
27342
27342
27340
27340
27340
27340
27340
27340
27340
27340
27340
27340
27340
27339
27339
27339
27339
27339
27339
27339
27339
27339
27339
27339
27339
27339
27339
27339
27339
27339
27339
27339
27339
27339
27339
27339
27338
27338
27338
27338
27338
27338
27338
27338
27338
27338
27337
27338
27338
27338
27338
27338
27338
27338
27338
27338
27338
27338
27338
27338
27338
27338
27338
27338
27338
27339
27339
27339
27339
27339
27339
27339
27339
27339
27339
27339
27339
27339
27339
27339
27339
27338
27337
27337
27337
27337
27337
27336
27335
27335
27335
27334
27334
27334
27334
27334
27334
27334
27334
27334
27334
27334
27335
27335
27335
27334
27334
27334
27334
27334
27334
27334
27334
27334
27334
27334
27334
27334
27333
27333
27333
27333
27333
27333
27333
27333
27333
27333
27333
27333
27333
27330
27330
27330
27330
27330
27330
27330
27330
27330
27330
27330
27330
27330
27329
27329
27329
27329
27329
27329
27329
27329
27329
27329
27329
27329
27329
27329
27329
27328
27328
27327
27327
27327
27327
27327
27327
27327
27327
27327
27327
27327
27327
27327
27327
27327
27326
27326
27326
27326
27326
27326
27326
27326
27326
27326
27326
27326
27326
27326
27326
27325
27324
27324
27323
27323
27323
27323
27323
27323
27323
27323
27323
27323
27323
27323
27323
27323
27323
27323
27323
27323
27323
27322
27321
27321
27321
27321
27321
27321
27321
27321
27322
27322
27323
27323
27323
27323
27323
27323
27323
27323
27323
27323
27323
27323
27323
27323
27323
27323
27321
27321
27321
27321
27320
27319
27319
27319
27319
27319
27319
27319
27319
27319
27319
27319
27319
27318
27318
27318
27318
27318
27318
27318
27318
27318
27319
27319
27319
27320
27320
27320
27320
27320
27320
27320
27320
27320
27320
27319
27319
27319
27319
27318
27318
27318
27318
27318
27318
27318
27318
27318
27318
27318
27318
27318
27318
27318
27317
27317
27317
27316
27316
27316
27316
27316
27316
27314
27313
27311
27311
27311
27311
27311
27311
27311
27310
27310
27310
27310
27310
27310
27310
27310
27310
27308
27308
27308
27308
27308
27308
27306
27306
27306
27306
27306
27305
27305
27305
27304
27304
27304
27304
27304
27304
27304
27303
27302
27302
27302
27301
27301
27300
27300
27300
27300
27300
27300
27300
27300
27299
27299
27298
27298
27298
27298
27298
27298
27298
27297
27297
27297
27297
27297
27297
27297
27296
27296
27295
27295
27295
27295
27295
27295
27295
27295
27295
27295
27295
27295
27295
27295
27294
27294
27295
27295
27295
27295
27296
27296
27296
27296
27296
27294
27294
27293
27293
27293
27293
27293
27293
27291
27291
27291
27291
27292
27292
27292
27292
27291
27291
27291
27291
27291
27291
27291
27291
27291
27292
27292
27293
27293
27294
27294
27294
27294
27293
27292
27292
27292
27292
27292
27292
27292
27292
27292
27292
27292
27292
27291
27291
27291
27291
27291
27291
27291
27291
27291
27291
27291
27291
27291
27291
27291
27291
27290
27290
27290
27290
27290
27289
27289
27289
27289
27289
27288
27288
27288
27288
27288
27288
27288
27288
27288
27288
27288
27287
27287
27287
27287
27287
27287
27287
27287
27287
27287
27287
27285
27285
27285
27285
27285
27285
27285
27284
27283
27283
27283
27283
27284
27284
27284
27283
27283
27283
27283
27283
27283
27283
27283
27283
27283
27283
27283
27283
27283
27283
27283
27283
27283
27283
27283
27283
27283
27283
27283
27284
27284
27283
27283
27283
27283
27283
27283
27283
27283
27282
27282
27282
27282
27282
27281
27281
27281
27281
27281
27281
27281
27280
27280
27280
27280
27280
27280
27280
27280
27280
27280
27280
27280
27280
27280
27280
27280
27280
27280
27280
27280
27280
27279
27279
27279
27279
27279
27279
27280
27280
27280
27280
27280
27280
27280
27279
27279
27279
27279
27279
27279
27278
27278
27278
27278
27278
27278
27278
27278
27277
27277
27277
27277
27277
27276
27276
27276
27276
27276
27276
27276
27276
27276
27276
27276
27275
27275
27275
27275
27275
27275
27275
27275
27275
27275
27275
27275
27275
27275
27275
27276
27276
27276
27276
27276
27276
27276
27276
27276
27276
27275
27275
27275
27275
27275
27275
27275
27275
27275
27275
27275
27274
27273
27273
27273
27273
27273
27273
27272
27273
27273
27273
27273
27273
27273
27273
27274
27274
27273
27273
27272
27272
27272
27272
27271
27271
27271
27271
27271
27271
27272
27272
27272
27271
27271
27271
27271
27271
27271
27271
27271
27271
27271
27271
27271
27271
27271
27271
27271
27271
27271
27271
27271
27271
27271
27271
27271
27271
27271
27271
27271
27271
27271
27269
27269
27269
27269
27268
27268
27268
27268
27270
27270
27270
27269
27269
27269
27269
27269
27269
27269
27269
27269
27268
27268
27268
27268
27269
27269
27269
27269
27269
27269
27269
27269
27269
27269
27269
27269
27269
27269
27267
27267
27267
27267
27267
27267
27267
27267
27268
27268
27268
27268
27267
27266
27266
27266
27266
27265
27265
27265
27265
27265
27264
27263
27263
27263
27263
27262
27262
27262
27262
27262
27262
27262
27262
27262
27262
27262
27262
27262
27262
27262
27262
27262
27262
27261
27261
27261
27261
27261
27261
27261
27260
27259
27259
27259
27259
27259
27259
27259
27259
27259
27259
27259
27259
27259
27259
27259
27259
27259
27259
27259
27259
27259
27259
27259
27259
27259
27259
27258
27258
27258
27258
27259
27259
27259
27259
27259
27259
27259
27259
27259
27259
27259
27259
27259
27259
27259
27259
27259
27259
27259
27258
27258
27258
27258
27257
27257
27257
27257
27256
27255
27255
27255
27255
27255
27255
27255
27254
27254
27253
27253
27253
27253
27252
27252
27252
27251
27251
27251
27251
27251
27251
27251
27251
27251
27252
27253
27253
27253
27253
27253
27253
27253
27253
27253
27253
27253
27253
27253
27253
27252
27250
27250
27250
27250
27250
27249
27249
27249
27249
27249
27249
27249
27249
27249
27249
27248
27248
27248
27247
27247
27247
27247
27247
27247
27247
27247
27247
27247
27245
27245
27245
27243
27243
27243
27243
27243
27243
27243
27243
27243
27243
27243
27243
27243
27243
27243
27243
27243
27243
27243
27243
27243
27243
27242
27242
27241
27240
27240
27240
27238
27237
27237
27237
27237
27237
27237
27237
27237
27237
27237
27237
27237
27237
27237
27237
27237
27237
27237
27238
27238
27238
27238
27238
27238
27238
27238
27238
27238
27238
27237
27237
27237
27237
27238
27238
27237
27237
27237
27238
27238
27238
27238
27238
27238
27238
27238
27238
27239
27239
27239
27239
27239
27238
27238
27238
27239
27239
27239
27238
27238
27238
27238
27238
27238
27238
27238
27238
27238
27238
27238
27237
27237
27237
27238
27237
27237
27237
27237
27234
27234
27234
27234
27234
27234
27234
27234
27234
27232
27232
27232
27232
27232
27232
27232
27232
27232
27232
27232
27232
27231
27231
27231
27231
27231
27231
27231
27231
27232
27232
27232
27232
27232
27231
27232
27232
27232
27232
27232
27232
27232
27232
27232
27232
27232
27232
27232
27232
27232
27232
27232
27232
27232
27232
27232
27232
27232
27232
27231
27231
27230
27230
27230
27230
27230
27230
27229
27228
27228
27228
27227
27227
27226
27226
27225
27225
27225
27225
27225
27225
27225
27225
27225
27225
27224
27224
27224
27224
27224
27224
27224
27224
27224
27224
27224
27224
27224
27224
27224
27224
27224
27224
27224
27222
27222
27222
27222
27222
27222
27222
27222
27222
27222
27222
27223
27223
27223
27223
27222
27222
27221
27221
27221
27221
27221
27221
27221
27221
27220
27220
27220
27220
27220
27220
27220
27221
27221
27221
27220
27220
27220
27220
27220
27220
27220
27219
27219
27218
27218
27218
27218
27216
27217
27217
27217
27216
27216
27216
27216
27216
27216
27216
27216
27215
27215
27215
27215
27215
27215
27215
27215
27215
27215
27215
27214
27214
27213
27213
27212
27212
27212
27212
27212
27212
27212
27212
27212
27213
27213
27212
27212
27213
27212
27212
27212
27212
27212
27212
27212
27212
27212
27212
27212
27212
27211
27211
27211
27211
27211
27211
27211
27211
27211
27211
27211
27210
27210
27210
27210
27210
27210
27210
27210
27210
27210
27209
27209
27209
27209
27209
27209
27209
27209
27209
27209
27209
27209
27209
27208
27208
27208
27208
27208
27208
27207
27206
27206
27206
27206
27206
27206
27206
27206
27206
27206
27206
27206
27206
27206
27206
27206
27206
27206
27206
27206
27206
27205
27205
27205
27205
27205
27205
27206
27206
27206
27206
27206
27207
27207
27207
27207
27206
27207
27207
27207
27207
27207
27207
27207
27207
27207
27207
27207
27207
27207
27207
27207
27207
27207
27207
27207
27208
27208
27208
27208
27208
27208
27208
27208
27208
27210
27210
27210
27210
27209
27209
27209
27209
27209
27209
27209
27209
27209
27209
27209
27209
27208
27208
27208
27208
27208
27209
27209
27209
27209
27209
27208
27208
27208
27208
27208
27208
27207
27207
27207
27207
27207
27207
27207
27207
27207
27207
27207
27207
27207
27207
27207
27207
27207
27206
27206
27206
27206
27205
27204
27204
27204
27205
27205
27205
27205
27205
27205
27205
27205
27202
27202
27201
27201
27201
27198
27198
27198
27198
27198
27198
27198
27198
27198
27198
27198
27198
27198
27198
27197
27197
27197
27196
27196
27196
27196
27195
27195
27195
27195
27195
27195
27194
27194
27195
27195
27195
27195
27195
27195
27194
27194
27194
27194
27194
27194
27194
27194
27194
27193
27193
27193
27193
27193
27193
27192
27191
27191
27191
27190
27190
27190
27190
27190
27190
27190
27189
27189
27189
27189
27189
27189
27188
27188
27186
27186
27186
27186
27187
27187
27187
27187
27187
27187
27188
27186
27186
27186
27185
27185
27185
27185
27185
27184
27184
27184
27184
27184
27184
27184
27184
27184
27184
27184
27184
27183
27185
27185
27185
27185
27185
27185
27185
27185
27185
27185
27185
27184
27184
27184
27184
27184
27184
27183
27183
27183
27182
27182
27182
27182
27182
27181
27181
27182
27180
27180
27180
27180
27180
27180
27180
27180
27180
27180
27180
27180
27180
27180
27179
27179
27179
27179
27179
27179
27179
27178
27178
27177
27177
27177
27177
27177
27177
27177
27177
27177
27177
27177
27177
27177
27177
27177
27177
27177
27177
27177
27177
27177
27177
27177
27177
27177
27177
27177
27177
27176
27176
27176
27176
27176
27176
27176
27177
27177
27176
27176
27176
27176
27176
27176
27176
27176
27176
27176
27176
27175
27175
27175
27174
27174
27174
27173
27173
27173
27173
27173
27173
27173
27173
27173
27173
27173
27173
27173
27173
27173
27173
27173
27173
27173
27173
27173
27173
27172
27172
27172
27172
27172
27172
27172
27172
27172
27171
27171
27171
27171
27170
27170
27170
27169
27169
27169
27169
27169
27168
27168
27169
27168
27168
27168
27168
27168
27168
27168
27168
27168
27168
27168
27168
27169
27169
27169
27169
27169
27169
27169
27169
27169
27168
27168
27168
27168
27167
27167
27167
27167
27166
27166
27166
27166
27166
27166
27166
27166
27166
27166
27166
27165
27164
27164
27164
27163
27163
27162
27162
27162
27162
27162
27162
27162
27162
27162
27162
27162
27162
27161
27161
27161
27161
27161
27161
27161
27161
27161
27161
27161
27161
27161
27161
27161
27161
27161
27160
27160
27160
27160
27160
27160
27160
27159
27158
27158
27158
27158
27157
27157
27156
27156
27156
27156
27156
27156
27156
27156
27156
27156
27156
27156
27156
27155
27156
27155
27155
27155
27155
27155
27155
27155
27155
27156
27155
27155
27155
27155
27156
27154
27155
27155
27155
27155
27154
27155
27155
27155
27156
27156
27157
27157
27158
27157
27157
27157
27157
27157
27157
27157
27157
27157
27157
27157
27157
27157
27157
27156
27156
27156
27156
27155
27153
27153
27153
27153
27153
27153
27154
27154
27153
27153
27153
27153
27153
27152
27152
27152
27152
27152
27152
27152
27151
27151
27151
27151
27151
27151
27151
27151
27151
27151
27151
27151
27150
27150
27149
27149
27149
27149
27149
27148
27148
27148
27148
27148
27148
27148
27148
27148
27148
27148
27148
27148
27148
27148
27148
27148
27148
27148
27148
27148
27148
27148
27148
27148
27148
27149
27149
27149
27149
27149
27149
27150
27150
27150
27150
27150
27148
27148
27147
27147
27147
27147
27148
27148
27148
27148
27148
27147
27147
27147
27147
27146
27146
27146
27146
27146
27146
27146
27146
27147
27146
27146
27145
27145
27144
27144
27144
27144
27144
27143
27143
27143
27143
27143
27143
27143
27143
27143
27143
27143
27143
27143
27143
27143
27142
27141
27141
27141
27141
27139
27139
27138
27138
27138
27138
27138
27138
27138
27138
27138
27138
27138
27138
27138
27138
27138
27138
27138
27137
27137
27137
27136
27136
27136
27136
27136
27136
27135
27135
27135
27136
27136
27135
27135
27135
27135
27135
27135
27135
27135
27135
27135
27134
27134
27134
27134
27134
27134
27134
27134
27134
27134
27134
27134
27134
27134
27134
27134
27134
27134
27134
27134
27134
27134
27134
27133
27133
27132
27131
27131
27131
27131
27130
27130
27130
27129
27129
27129
27129
27128
27128
27128
27128
27128
27128
27128
27128
27128
27128
27128
27127
27127
27127
27126
27126
27126
27126
27125
27125
27125
27124
27124
27124
27123
27124
27124
27124
27124
27124
27125
27125
27125
27124
27124
27124
27124
27124
27124
27124
27124
27124
27125
27125
27125
27125
27125
27125
27125
27125
27125
27125
27125
27125
27125
27125
27125
27125
27125
27125
27125
27125
27125
27125
27125
27125
27125
27125
27124
27124
27124
27124
27124
27123
27123
27123
27123
27123
27123
27123
27123
27123
27123
27123
27123
27123
27123
27123
27123
27123
27123
27123
27123
27123
27123
27122
27122
27122
27122
27122
27123
27123
27123
27123
27123
27123
27123
27123
27123
27123
27123
27123
27123
27123
27122
27122
27122
27122
27122
27122
27122
27122
27122
27122
27122
27122
27122
27123
27123
27123
27122
27122
27122
27122
27122
27120
27120
27119
27119
27119
27119
27119
27117
27116
27116
27116
27116
27116
27116
27116
27116
27116
27115
27115
27115
27114
27114
27114
27114
27114
27114
27114
27114
27114
27114
27114
27114
27114
27114
27114
27114
27113
27113
27112
27112
27112
27112
27112
27112
27112
27112
27112
27112
27111
27111
27111
27111
27111
27111
27110
27109
27109
27109
27109
27109
27109
27109
27109
27109
27109
27109
27109
27109
27109
27109
27109
27109
27109
27109
27109
27109
27109
27109
27109
27109
27109
27108
27108
27108
27108
27108
27108
27108
27108
27108
27108
27108
27107
27106
27106
27106
27106
27106
27106
27106
27106
27106
27106
27106
27106
27106
27106
27106
27106
27106
27106
27105
27105
27104
27104
27104
27104
27105
27105
27105
27104
27104
27104
27104
27104
27105
27105
27105
27106
27106
27106
27106
27106
27106
27106
27106
27106
27106
27106
27106
27106
27106
27106
27106
27106
27106
27106
27106
27105
27105
27105
27105
27105
27105
27105
27105
27105
27105
27105
27104
27104
27103
27103
27103
27103
27103
27102
27102
27102
27102
27102
27102
27102
27101
27101
27102
27102
27102
27102
27102
27102
27102
27102
27102
27101
27101
27101
27101
27101
27101
27101
27101
27101
27101
27101
27100
27100
27100
27100
27100
27100
27100
27100
27100
27100
27100
27100
27100
27100
27100
27100
27099
27099
27097
27097
27097
27098
27098
27099
27099
27099
27100
27101
27101
27101
27101
27101
27099
27098
27098
27098
27098
27098
27099
27099
27099
27099
27098
27098
27098
27098
27099
27099
27099
27098
27098
27098
27098
27098
27098
27098
27098
27099
27099
27099
27099
27099
27099
27099
27100
27100
27100
27100
27100
27100
27100
27100
27100
27100
27100
27100
27100
27100
27100
27100
27100
27100
27100
27099
27099
27099
27099
27099
27099
27098
27098
27098
27099
27099
27099
27099
27099
27099
27099
27099
27099
27100
27100
27100
27100
27100
27101
27101
27101
27102
27102
27102
27102
27101
27101
27101
27101
27101
27101
27101
27101
27099
27099
27099
27099
27099
27099
27099
27099
27099
27099
27099
27099
27099
27099
27098
27097
27097
27097
27097
27096
27096
27095
27094
27094
27093
27093
27093
27093
27093
27093
27092
27092
27092
27092
27092
27093
27093
27092
27092
27092
27091
27091
27091
27091
27092
27092
27092
27092
27092
27092
27091
27092
27092
27092
27092
27092
27092
27092
27092
27092
27090
27090
27090
27090
27089
27089
27088
27088
27088
27088
27088
27088
27088
27087
27087
27087
27087
27087
27087
27087
27087
27087
27086
27086
27085
27085
27085
27085
27085
27085
27085
27083
27083
27083
27084
27084
27084
27084
27084
27084
27082
27082
27082
27082
27082
27082
27082
27082
27082
27081
27081
27081
27081
27081
27081
27081
27081
27081
27081
27081
27080
27080
27080
27080
27080
27080
27080
27080
27080
27080
27080
27080
27080
27080
27081
27081
27081
27081
27081
27082
27082
27082
27082
27082
27082
27082
27082
27082
27082
27082
27082
27082
27082
27082
27082
27082
27082
27082
27081
27081
27081
27080
27080
27080
27080
27080
27080
27080
27080
27080
27080
27080
27080
27080
27080
27080
27080
27078
27078
27078
27076
27076
27071
27070
27070
27070
27070
27070
27070
27070
27069
27069
27069
27069
27069
27069
27069
27069
27069
27069
27069
27069
27069
27069
27067
27067
27067
27067
27067
27067
27067
27067
27067
27067
27067
27067
27067
27067
27067
27066
27066
27066
27066
27066
27066
27066
27066
27066
27066
27066
27066
27066
27066
27066
27066
27066
27066
27066
27066
27066
27066
27066
27066
27066
27066
27065
27065
27065
27065
27065
27065
27065
27065
27065
27065
27065
27065
27065
27064
27064
27064
27064
27064
27064
27064
27064
27064
27064
27064
27064
27064
27064
27065
27065
27065
27065
27064
27064
27063
27063
27063
27063
27063
27063
27063
27063
27063
27063
27063
27063
27062
27062
27062
27062
27062
27062
27062
27062
27062
27062
27062
27062
27063
27062
27062
27062
27062
27062
27062
27062
27062
27062
27061
27061
27061
27061
27062
27061
27061
27061
27061
27061
27061
27061
27061
27060
27060
27060
27060
27058
27059
27059
27059
27059
27058
27058
27058
27058
27058
27058
27058
27058
27058
27058
27058
27058
27058
27057
27057
27058
27057
27057
27056
27056
27055
27055
27055
27055
27055
27055
27055
27055
27055
27055
27055
27055
27055
27056
27056
27056
27056
27056
27056
27056
27056
27056
27056
27057
27057
27057
27057
27057
27057
27057
27057
27057
27057
27055
27055
27055
27053
27053
27053
27053
27053
27053
27052
27051
27051
27050
27050
27050
27050
27049
27049
27049
27049
27049
27049
27049
27048
27048
27048
27048
27048
27048
27048
27048
27047
27047
27047
27047
27047
27047
27047
27047
27046
27046
27046
27046
27046
27046
27047
27047
27047
27047
27047
27047
27047
27047
27047
27047
27047
27047
27047
27047
27047
27047
27047
27048
27047
27046
27047
27047
27047
27046
27046
27046
27046
27046
27046
27046
27046
27046
27046
27046
27046
27046
27046
27046
27046
27047
27047
27047
27047
27047
27047
27047
27047
27047
27046
27046
27046
27046
27046
27046
27047
27047
27047
27047
27047
27047
27048
27048
27048
27048
27047
27047
27047
27046
27047
27047
27046
27046
27046
27046
27046
27046
27046
27046
27046
27046
27046
27046
27046
27046
27045
27045
27045
27045
27045
27045
27045
27045
27045
27046
27046
27046
27046
27045
27044
27044
27044
27044
27044
27044
27044
27044
27043
27043
27043
27043
27043
27042
27042
27042
27042
27042
27042
27042
27041
27041
27041
27042
27041
27041
27041
27042
27042
27042
27042
27042
27042
27042
27042
27042
27042
27042
27042
27042
27042
27041
27041
27041
27041
27041
27041
27041
27039
27039
27039
27039
27039
27039
27039
27039
27039
27039
27039
27039
27039
27039
27038
27038
27038
27038
27038
27038
27038
27038
27038
27037
27036
27035
27035
27035
27035
27035
27035
27035
27035
27035
27034
27034
27034
27034
27034
27034
27035
27035
27034
27034
27034
27034
27034
27034
27034
27034
27034
27033
27031
27029
27029
27029
27027
27027
27027
27027
27026
27026
27026
27026
27026
27026
27026
27025
27025
27025
27025
27025
27025
27025
27024
27023
27023
27024
27024
27024
27024
27024
27024
27024
27024
27024
27024
27025
27025
27025
27025
27025
27024
27024
27024
27025
27025
27025
27025
27025
27025
27025
27025
27025
27025
27025
27025
27024
27024
27024
27024
27024
27024
27024
27024
27024
27024
27024
27024
27025
27025
27025
27025
27025
27025
27025
27025
27025
27025
27025
27025
27025
27025
27025
27025
27024
27024
27023
27023
27023
27023
27023
27023
27023
27023
27023
27023
27023
27023
27023
27023
27023
27023
27023
27023
27023
27023
27022
27022
27022
27022
27022
27022
27022
27022
27022
27019
27020
27020
27020
27020
27020
27021
27021
27020
27020
27020
27020
27020
27020
27020
27019
27018
27018
27017
27017
27017
27017
27017
27017
27017
27017
27016
27016
27015
27015
27015
27015
27014
27014
27014
27014
27014
27014
27014
27014
27014
27014
27014
27014
27014
27015
27015
27015
27015
27016
27016
27016
27016
27016
27016
27015
27014
27014
27014
27013
27012
27012
27012
27012
27012
27012
27012
27012
27012
27012
27012
27011
27011
27009
27009
27009
27009
27008
27007
27007
27007
27007
27007
27007
27007
27007
27007
27007
27007
27007
27007
27007
27007
27006
27006
27006
27006
27006
27005
27005
27005
27005
27005
27005
27005
27005
27005
27005
27005
27005
27005
27005
27005
27006
27007
27007
27007
27007
27007
27007
27007
27006
27006
27006
27006
27006
27006
27006
27006
27006
27006
27007
27007
27007
27007
27007
27007
27007
27007
27007
27007
27007
27007
27007
27007
27007
27005
27005
27004
27004
27004
27005
27005
27005
27005
27005
27005
27005
27004
27004
27004
27004
27004
27004
27004
27004
27004
27004
27004
27004
27004
27004
27003
27003
27003
27003
27003
27003
27003
27003
27003
27003
27003
27001
27001
27001
27001
27001
27001
27001
27001
27001
27001
27001
27000
27000
27000
26999
26999
26999
26999
26999
26999
26999
26999
26999
26999
26998
26998
26998
26997
26997
26997
26997
26996
26996
26996
26996
26996
26995
26995
26995
26995
26995
26995
26995
26995
26995
26995
26995
26995
26993
26994
26995
26995
26994
26994
26994
26993
26993
26993
26993
26993
26991
26991
26991
26991
26990
26990
26990
26990
26990
26989
26988
26988
26988
26989
26989
26989
26989
26989
26989
26989
26989
26989
26989
26989
26989
26989
26989
26989
26989
26989
26989
26989
26988
26988
26988
26988
26988
26988
26988
26988
26988
26988
26989
26989
26989
26989
26989
26989
26989
26988
26988
26987
26987
26987
26987
26987
26987
26987
26987
26987
26987
26987
26987
26986
26986
26985
26985
26985
26985
26985
26985
26985
26985
26985
26985
26985
26985
26985
26985
26982
26982
26982
26982
26982
26982
26982
26982
26982
26982
26982
26982
26982
26980
26980
26980
26980
26980
26980
26980
26980
26979
26979
26978
26978
26977
26977
26977
26977
26977
26977
26977
26977
26977
26976
26976
26976
26976
26976
26976
26976
26976
26976
26976
26976
26975
26975
26975
26976
26976
26976
26976
26976
26976
26975
26975
26975
26974
26974
26974
26974
26974
26973
26973
26972
26972
26972
26972
26972
26971
26970
26970
26970
26970
26970
26970
26970
26970
26970
26970
26970
26970
26970
26970
26969
26969
26969
26969
26969
26969
26969
26967
26967
26967
26967
26966
26966
26966
26966
26966
26966
26965
26965
26964
26964
26964
26964
26963
26963
26963
26963
26962
26962
26961
26961
26961
26961
26961
26961
26961
26961
26961
26961
26961
26960
26960
26960
26960
26961
26961
26961
26961
26961
26961
26961
26959
26958
26958
26958
26958
26958
26958
26957
26957
26957
26957
26957
26957
26956
26956
26956
26956
26956
26956
26956
26955
26955
26955
26955
26955
26955
26955
26954
26954
26954
26954
26954
26954
26953
26953
26953
26953
26954
26954
26953
26953
26953
26953
26953
26953
26953
26953
26953
26953
26953
26953
26954
26954
26954
26954
26954
26954
26954
26953
26953
26953
26953
26952
26952
26952
26950
26950
26950
26950
26950
26950
26950
26949
26947
26947
26947
26947
26945
26945
26945
26945
26945
26945
26945
26945
26945
26945
26945
26945
26944
26944
26943
26943
26943
26943
26943
26944
26944
26943
26943
26944
26944
26944
26944
26944
26944
26943
26943
26943
26943
26943
26943
26943
26943
26943
26943
26943
26943
26943
26943
26943
26943
26943
26943
26943
26943
26943
26942
26942
26942
26942
26942
26942
26942
26941
26941
26941
26941
26941
26941
26941
26941
26941
26940
26940
26940
26940
26940
26940
26940
26940
26939
26939
26940
26940
26940
26940
26940
26940
26940
26940
26940
26940
26940
26940
26940
26939
26938
26938
26938
26938
26938
26937
26937
26937
26937
26937
26937
26937
26937
26936
26936
26936
26936
26936
26936
26936
26936
26936
26936
26936
26935
26935
26935
26935
26935
26935
26935
26934
26933
26933
26933
26933
26933
26933
26931
26931
26931
26931
26931
26929
26929
26929
26929
26928
26927
26927
26927
26927
26927
26927
26927
26927
26927
26927
26927
26927
26927
26927
26927
26927
26928
26928
26927
26927
26927
26925
26925
26924
26924
26924
26924
26923
26923
26923
26923
26923
26923
26923
26923
26924
26924
26924
26924
26924
26923
26923
26923
26922
26921
26921
26921
26920
26920
26920
26919
26919
26919
26919
26919
26919
26919
26919
26919
26919
26919
26919
26919
26919
26919
26919
26920
26919
26919
26919
26919
26919
26919
26919
26919
26919
26919
26919
26919
26919
26919
26919
26919
26919
26919
26919
26919
26919
26918
26918
26918
26918
26918
26918
26918
26918
26918
26918
26917
26916
26916
26916
26916
26916
26916
26915
26915
26915
26915
26914
26914
26914
26914
26914
26914
26914
26914
26915
26915
26915
26915
26915
26915
26915
26915
26915
26915
26915
26915
26915
26914
26914
26912
26912
26912
26912
26911
26911
26911
26911
26911
26911
26911
26911
26911
26911
26911
26911
26911
26911
26911
26911
26911
26911
26911
26911
26911
26911
26911
26911
26911
26911
26910
26910
26910
26911
26911
26911
26911
26911
26911
26911
26909
26909
26909
26909
26908
26908
26908
26908
26908
26908
26908
26908
26908
26908
26908
26908
26908
26909
26909
26909
26910
26910
26910
26910
26909
26909
26909
26909
26909
26909
26909
26909
26909
26909
26909
26909
26909
26908
26907
26906
26905
26905
26905
26905
26904
26905
26904
26904
26904
26904
26904
26904
26904
26904
26904
26904
26904
26903
26903
26903
26903
26903
26903
26903
26903
26903
26903
26903
26903
26902
26902
26902
26901
26901
26901
26900
26901
26901
26901
26902
26902
26902
26902
26902
26902
26901
26901
26901
26901
26900
26900
26900
26900
26899
26899
26899
26898
26898
26898
26898
26898
26898
26898
26898
26898
26898
26898
26898
26898
26898
26898
26898
26898
26899
26899
26899
26899
26899
26899
26899
26899
26899
26899
26899
26899
26899
26899
26899
26899
26899
26899
26900
26900
26900
26900
26900
26900
26900
26900
26900
26900
26900
26900
26899
26899
26899
26899
26899
26899
26899
26899
26899
26899
26899
26899
26899
26899
26899
26899
26899
26899
26899
26899
26899
26899
26899
26899
26899
26899
26899
26899
26899
26899
26899
26899
26899
26899
26899
26899
26899
26898
26898
26898
26898
26898
26898
26898
26898
26898
26896
26894
26894
26894
26893
26892
26892
26892
26892
26892
26891
26891
26891
26891
26891
26891
26891
26891
26891
26890
26890
26890
26890
26890
26890
26890
26889
26888
26888
26888
26888
26888
26888
26888
26888
26888
26888
26888
26888
26888
26888
26887
26887
26887
26887
26887
26887
26887
26887
26887
26887
26887
26887
26887
26887
26887
26887
26887
26887
26886
26886
26886
26886
26886
26886
26887
26887
26887
26887
26887
26887
26887
26887
26887
26887
26887
26887
26887
26887
26887
26887
26887
26887
26887
26887
26887
26887
26887
26887
26887
26887
26886
26886
26885
26885
26885
26884
26884
26884
26882
26881
26881
26881
26881
26881
26881
26880
26880
26880
26880
26880
26880
26880
26880
26880
26880
26879
26879
26879
26879
26879
26879
26879
26880
26880
26880
26880
26880
26880
26880
26880
26880
26880
26880
26880
26880
26880
26880
26880
26880
26880
26880
26880
26880
26880
26880
26879
26879
26879
26879
26879
26879
26879
26879
26879
26879
26879
26879
26879
26879
26879
26879
26879
26879
26878
26878
26878
26878
26878
26878
26878
26878
26878
26878
26878
26878
26878
26878
26878
26878
26878
26878
26878
26878
26878
26879
26879
26879
26879
26879
26879
26879
26879
26879
26879
26879
26880
26880
26880
26880
26880
26880
26880
26880
26880
26880
26879
26879
26879
26879
26879
26879
26879
26879
26879
26879
26879
26879
26879
26878
26878
26878
26878
26878
26878
26878
26878
26878
26877
26877
26877
26877
26877
26877
26877
26877
26877
26876
26876
26876
26876
26876
26876
26876
26876
26876
26876
26876
26876
26876
26876
26876
26876
26876
26877
26877
26877
26877
26875
26875
26875
26875
26875
26875
26875
26875
26875
26875
26875
26875
26875
26875
26875
26874
26874
26874
26873
26873
26873
26873
26873
26873
26873
26873
26872
26872
26872
26872
26872
26872
26871
26871
26871
26871
26871
26871
26870
26870
26869
26869
26871
26871
26872
26872
26872
26872
26872
26871
26871
26871
26871
26871
26871
26871
26871
26871
26871
26871
26870
26869
26869
26869
26869
26869
26870
26870
26870
26870
26870
26870
26870
26870
26870
26870
26870
26870
26870
26870
26870
26870
26870
26869
26868
26868
26868
26867
26867
26868
26868
26867
26867
26867
26867
26867
26867
26867
26867
26866
26865
26865
26865
26865
26865
26865
26865
26865
26865
26865
26865
26865
26865
26865
26865
26865
26865
26865
26865
26865
26865
26866
26866
26866
26866
26865
26865
26865
26865
26865
26865
26864
26864
26864
26864
26864
26864
26864
26864
26864
26864
26864
26864
26864
26863
26862
26862
26862
26862
26862
26862
26862
26862
26862
26862
26862
26862
26862
26862
26862
26862
26862
26862
26862
26862
26862
26862
26862
26862
26861
26862
26862
26862
26862
26862
26862
26862
26862
26862
26862
26862
26862
26862
26861
26861
26861
26861
26860
26860
26860
26860
26860
26860
26860
26860
26860
26860
26860
26860
26860
26859
26859
26859
26859
26859
26859
26859
26859
26859
26859
26858
26858
26857
26856
26856
26856
26856
26856
26856
26856
26856
26856
26856
26856
26857
26857
26858
26858
26858
26858
26858
26858
26858
26857
26857
26857
26857
26857
26857
26857
26857
26857
26857
26857
26857
26857
26858
26858
26858
26858
26858
26859
26858
26858
26856
26854
26854
26854
26855
26854
26853
26853
26853
26854
26854
26855
26855
26855
26854
26854
26854
26854
26854
26854
26854
26854
26854
26854
26854
26854
26854
26854
26854
26855
26855
26855
26855
26855
26855
26855
26855
26855
26855
26855
26855
26855
26855
26854
26855
26855
26855
26855
26855
26855
26855
26855
26855
26854
26854
26853
26853
26853
26853
26853
26853
26853
26853
26853
26853
26852
26852
26852
26851
26851
26853
26853
26853
26852
26852
26852
26853
26853
26853
26854
26854
26854
26854
26854
26854
26854
26854
26854
26854
26853
26853
26853
26853
26853
26853
26853
26853
26853
26853
26853
26853
26854
26854
26854
26854
26854
26854
26854
26854
26854
26854
26854
26854
26854
26855
26855
26854
26852
26852
26853
26853
26853
26853
26853
26853
26851
26851
26851
26851
26851
26851
26851
26851
26851
26850
26849
26849
26849
26848
26848
26847
26847
26847
26847
26847
26847
26847
26847
26847
26847
26846
26846
26846
26846
26846
26846
26846
26846
26846
26846
26846
26846
26846
26846
26846
26846
26846
26846
26846
26846
26846
26846
26846
26846
26846
26846
26846
26846
26846
26845
26845
26845
26845
26845
26845
26845
26845
26845
26845
26845
26845
26845
26845
26845
26845
26843
26843
26843
26843
26843
26842
26843
26842
26840
26840
26840
26840
26840
26840
26840
26840
26841
26840
26840
26839
26839
26839
26838
26838
26838
26837
26838
26838
26838
26837
26837
26837
26837
26837
26836
26836
26836
26836
26836
26836
26836
26836
26836
26836
26836
26836
26836
26836
26836
26836
26836
26836
26836
26836
26836
26835
26835
26835
26835
26835
26834
26834
26834
26835
26835
26835
26835
26835
26834
26834
26834
26834
26834
26834
26832
26832
26832
26832
26831
26831
26831
26831
26831
26831
26831
26831
26831
26831
26831
26831
26831
26831
26831
26831
26832
26832
26831
26831
26831
26832
26832
26832
26831
26831
26831
26831
26831
26831
26831
26831
26831
26831
26831
26831
26831
26831
26831
26831
26830
26830
26830
26830
26830
26830
26830
26830
26829
26829
26829
26829
26829
26829
26829
26829
26829
26826
26826
26826
26826
26826
26826
26825
26826
26826
26826
26826
26826
26826
26826
26826
26826
26826
26827
26827
26826
26826
26826
26825
26825
26825
26825
26825
26825
26825
26825
26825
26824
26824
26824
26824
26823
26822
26822
26822
26822
26822
26822
26822
26823
26822
26821
26821
26821
26821
26821
26821
26821
26821
26821
26821
26820
26820
26820
26820
26820
26820
26819
26819
26819
26819
26819
26818
26818
26818
26818
26818
26818
26818
26819
26818
26818
26817
26817
26817
26817
26817
26817
26817
26817
26817
26817
26817
26818
26818
26817
26817
26818
26818
26818
26818
26818
26818
26818
26818
26818
26817
26817
26817
26816
26816
26816
26816
26817
26816
26816
26816
26816
26816
26816
26816
26816
26816
26816
26816
26817
26817
26817
26817
26817
26817
26817
26817
26816
26816
26816
26816
26814
26814
26814
26814
26814
26815
26814
26814
26814
26814
26814
26814
26814
26814
26814
26814
26814
26814
26814
26814
26814
26814
26814
26814
26814
26814
26814
26814
26814
26814
26814
26814
26814
26814
26814
26814
26814
26814
26814
26814
26814
26814
26814
26813
26813
26811
26811
26811
26811
26811
26810
26810
26810
26810
26810
26810
26810
26810
26810
26810
26810
26810
26810
26810
26810
26810
26809
26809
26810
26810
26809
26809
26809
26809
26808
26808
26808
26807
26807
26807
26807
26807
26807
26807
26807
26807
26807
26807
26807
26807
26807
26807
26806
26806
26806
26806
26806
26806
26806
26806
26806
26806
26806
26806
26806
26806
26806
26806
26805
26804
26803
26802
26802
26802
26801
26801
26801
26801
26801
26801
26801
26801
26802
26802
26802
26802
26802
26802
26802
26802
26802
26801
26801
26801
26801
26801
26801
26801
26801
26801
26801
26801
26801
26801
26801
26801
26801
26801
26801
26801
26801
26801
26801
26801
26799
26799
26799
26799
26799
26799
26799
26799
26799
26799
26799
26799
26799
26799
26799
26799
26799
26798
26798
26798
26798
26798
26798
26798
26798
26798
26798
26798
26798
26796
26796
26796
26796
26796
26796
26796
26796
26796
26796
26796
26796
26796
26796
26796
26797
26796
26796
26796
26796
26796
26796
26796
26796
26796
26796
26796
26796
26796
26796
26795
26795
26795
26795
26794
26794
26794
26794
26794
26794
26794
26794
26795
26795
26795
26795
26796
26796
26796
26796
26796
26796
26796
26796
26795
26795
26795
26795
26795
26794
26793
26793
26793
26793
26793
26793
26793
26793
26793
26793
26793
26793
26793
26793
26793
26793
26793
26792
26792
26791
26791
26791
26791
26791
26791
26790
26790
26790
26790
26790
26790
26789
26789
26789
26789
26789
26789
26789
26789
26790
26790
26790
26790
26790
26790
26790
26792
26791
26791
26791
26791
26791
26791
26791
26791
26791
26790
26791
26789
26789
26789
26789
26789
26789
26789
26789
26789
26789
26789
26789
26788
26788
26788
26788
26788
26788
26788
26788
26788
26788
26788
26788
26788
26788
26788
26788
26788
26788
26788
26788
26788
26788
26788
26789
26788
26788
26788
26788
26788
26788
26789
26789
26789
26789
26789
26790
26789
26789
26789
26789
26789
26789
26789
26789
26789
26789
26789
26789
26789
26789
26789
26789
26790
26790
26790
26790
26790
26790
26790
26790
26790
26790
26790
26790
26790
26790
26790
26790
26790
26790
26790
26790
26790
26790
26790
26790
26790
26789
26789
26789
26789
26789
26789
26789
26789
26787
26787
26787
26786
26786
26786
26786
26786
26786
26786
26786
26786
26786
26786
26786
26786
26786
26786
26786
26786
26786
26785
26785
26785
26786
26786
26786
26786
26785
26785
26785
26785
26785
26785
26784
26784
26783
26783
26783
26783
26783
26783
26783
26783
26783
26783
26783
26783
26783
26783
26782
26782
26782
26782
26782
26782
26782
26782
26782
26782
26782
26782
26782
26783
26782
26781
26781
26781
26781
26780
26780
26780
26780
26780
26780
26780
26780
26779
26779
26779
26779
26779
26779
26779
26779
26779
26779
26778
26778
26778
26778
26778
26778
26778
26777
26777
26777
26777
26776
26776
26776
26776
26776
26776
26776
26776
26776
26776
26776
26776
26776
26776
26776
26776
26776
26776
26776
26776
26776
26776
26776
26777
26777
26777
26777
26777
26776
26776
26776
26776
26776
26776
26776
26776
26776
26776
26776
26776
26776
26776
26776
26776
26776
26774
26774
26774
26774
26774
26774
26774
26774
26774
26774
26773
26773
26773
26773
26773
26772
26772
26770
26769
26769
26769
26769
26769
26769
26769
26769
26769
26769
26768
26768
26768
26767
26767
26768
26769
26769
26769
26770
26770
26770
26770
26770
26770
26770
26770
26770
26770
26770
26769
26769
26768
26768
26768
26768
26768
26767
26767
26767
26767
26767
26767
26767
26766
26766
26766
26766
26766
26766
26766
26766
26766
26766
26766
26766
26766
26766
26766
26766
26766
26766
26765
26765
26765
26765
26765
26765
26765
26765
26765
26765
26765
26765
26765
26765
26765
26765
26765
26765
26765
26765
26764
26764
26764
26764
26764
26764
26764
26764
26764
26764
26763
26762
26762
26762
26762
26762
26762
26762
26762
26762
26761
26760
26759
26759
26758
26758
26758
26758
26758
26758
26758
26758
26758
26758
26758
26758
26758
26758
26758
26758
26758
26758
26758
26758
26758
26758
26758
26757
26757
26757
26756
26756
26756
26756
26756
26756
26756
26755
26755
26755
26754
26754
26753
26752
26752
26753
26753
26753
26753
26753
26753
26752
26752
26752
26752
26752
26752
26752
26752
26752
26753
26753
26753
26753
26753
26753
26752
26752
26752
26752
26752
26752
26752
26752
26752
26752
26752
26752
26752
26752
26751
26751
26751
26751
26751
26751
26751
26751
26751
26751
26749
26749
26749
26749
26749
26749
26749
26749
26749
26748
26749
26748
26748
26748
26748
26748
26748
26747
26747
26747
26747
26747
26746
26746
26746
26745
26744
26743
26743
26743
26742
26742
26742
26742
26742
26742
26742
26742
26742
26742
26742
26742
26742
26742
26742
26742
26740
26740
26740
26740
26740
26740
26740
26740
26740
26740
26740
26740
26740
26740
26740
26740
26740
26740
26740
26740
26740
26741
26741
26740
26738
26738
26737
26737
26737
26737
26738
26737
26737
26737
26737
26737
26737
26737
26737
26737
26737
26737
26737
26737
26737
26736
26736
26736
26736
26736
26736
26736
26736
26736
26736
26736
26736
26734
26734
26734
26734
26734
26734
26734
26733
26733
26733
26733
26733
26733
26732
26732
26732
26732
26732
26732
26732
26733
26733
26733
26733
26732
26732
26730
26729
26729
26729
26729
26730
26730
26730
26730
26730
26730
26730
26730
26730
26730
26730
26730
26730
26730
26730
26730
26730
26730
26730
26730
26730
26730
26730
26730
26729
26728
26728
26727
26727
26728
26728
26728
26728
26728
26728
26728
26728
26728
26727
26727
26727
26727
26727
26727
26727
26727
26727
26727
26727
26725
26724
26724
26724
26724
26724
26724
26724
26724
26724
26724
26724
26725
26725
26725
26725
26724
26722
26722
26722
26722
26723
26723
26723
26723
26723
26723
26723
26723
26723
26723
26723
26723
26723
26722
26722
26722
26722
26722
26722
26722
26722
26720
26720
26720
26720
26720
26720
26720
26720
26720
26720
26720
26720
26720
26721
26721
26719
26719
26719
26719
26719
26718
26718
26718
26718
26718
26719
26719
26719
26719
26719
26718
26718
26718
26718
26717
26718
26718
26718
26718
26718
26719
26718
26718
26718
26718
26718
26718
26718
26718
26718
26718
26717
26717
26717
26717
26717
26717
26718
26718
26718
26718
26718
26718
26718
26718
26718
26718
26718
26718
26718
26718
26718
26718
26718
26718
26718
26718
26718
26718
26718
26718
26718
26718
26718
26718
26718
26717
26717
26717
26717
26716
26716
26716
26716
26715
26715
26715
26715
26714
26714
26714
26714
26714
26714
26714
26713
26713
26713
26713
26713
26712
26712
26712
26712
26712
26712
26712
26712
26712
26712
26712
26713
26714
26714
26713
26713
26714
26714
26714
26714
26714
26714
26714
26714
26715
26715
26714
26714
26714
26714
26714
26714
26714
26714
26714
26714
26714
26714
26714
26714
26714
26715
26714
26714
26714
26712
26711
26711
26711
26710
26710
26709
26709
26709
26709
26707
26706
26706
26706
26706
26706
26706
26707
26707
26707
26707
26706
26705
26705
26705
26705
26705
26704
26704
26704
26703
26703
26703
26703
26703
26703
26703
26703
26703
26703
26703
26703
26703
26703
26703
26703
26703
26703
26702
26702
26702
26702
26702
26702
26702
26702
26701
26701
26701
26699
26699
26699
26699
26699
26699
26697
26697
26697
26697
26697
26697
26697
26697
26697
26695
26695
26694
26694
26694
26693
26693
26693
26693
26693
26693
26693
26693
26693
26693
26693
26693
26693
26693
26694
26694
26694
26694
26694
26696
26696
26696
26696
26696
26696
26696
26696
26696
26696
26695
26694
26694
26694
26694
26694
26694
26694
26693
26693
26693
26693
26693
26693
26693
26693
26693
26693
26693
26693
26693
26693
26693
26693
26693
26693
26693
26694
26693
26693
26693
26693
26693
26693
26693
26693
26693
26692
26692
26693
26693
26692
26692
26692
26692
26692
26692
26692
26692
26691
26691
26691
26691
26690
26690
26690
26690
26690
26690
26690
26690
26689
26690
26690
26691
26691
26691
26691
26691
26691
26691
26691
26691
26691
26691
26691
26691
26691
26690
26690
26690
26690
26690
26690
26690
26690
26690
26690
26690
26690
26690
26689
26689
26689
26689
26689
26689
26689
26688
26687
26687
26687
26687
26687
26687
26687
26687
26687
26687
26686
26686
26686
26686
26686
26686
26686
26686
26686
26686
26684
26684
26684
26684
26684
26684
26684
26684
26684
26684
26683
26683
26683
26683
26683
26682
26682
26681
26681
26681
26681
26681
26681
26681
26681
26681
26681
26681
26681
26679
26679
26679
26679
26679
26680
26680
26680
26680
26680
26680
26680
26680
26680
26680
26680
26679
26679
26678
26678
26678
26678
26678
26678
26678
26678
26678
26678
26678
26678
26678
26678
26678
26678
26678
26678
26678
26678
26678
26677
26677
26676
26676
26676
26676
26676
26676
26676
26676
26676
26676
26676
26676
26676
26676
26676
26676
26676
26676
26676
26676
26676
26676
26676
26676
26676
26676
26676
26676
26676
26676
26676
26676
26675
26675
26675
26675
26674
26673
26673
26673
26673
26673
26673
26673
26673
26673
26673
26674
26673
26673
26673
26672
26672
26672
26672
26672
26672
26673
26673
26673
26673
26673
26673
26673
26673
26673
26673
26671
26671
26671
26671
26671
26671
26670
26670
26670
26669
26669
26669
26669
26669
26669
26669
26669
26669
26669
26667
26667
26668
26668
26668
26668
26668
26668
26668
26668
26668
26668
26668
26667
26668
26668
26668
26667
26667
26667
26667
26667
26667
26667
26666
26666
26666
26665
26665
26665
26665
26665
26665
26665
26665
26665
26664
26664
26664
26664
26664
26664
26663
26663
26663
26663
26663
26663
26663
26663
26662
26662
26662
26662
26662
26662
26662
26661
26661
26661
26661
26661
26661
26661
26661
26661
26661
26661
26661
26661
26661
26661
26661
26661
26661
26661
26661
26661
26661
26661
26663
26663
26663
26663
26663
26662
26662
26662
26661
26661
26661
26661
26661
26661
26659
26659
26659
26659
26659
26659
26659
26659
26659
26659
26659
26659
26659
26659
26658
26658
26658
26658
26658
26657
26657
26657
26655
26655
26654
26654
26654
26653
26653
26653
26653
26653
26653
26653
26653
26653
26654
26654
26654
26654
26654
26654
26654
26654
26654
26654
26654
26653
26653
26653
26652
26652
26652
26652
26652
26652
26652
26652
26649
26649
26649
26649
26649
26649
26649
26649
26649
26649
26649
26649
26650
26650
26650
26650
26650
26652
26652
26652
26652
26652
26651
26650
26650
26649
26649
26649
26649
26649
26649
26649
26649
26649
26649
26649
26648
26648
26648
26648
26648
26648
26648
26648
26647
26647
26646
26646
26646
26646
26646
26646
26646
26646
26645
26645
26645
26645
26645
26645
26643
26643
26643
26643
26643
26642
26642
26642
26642
26641
26641
26641
26641
26640
26640
26639
26640
26640
26640
26640
26640
26641
26641
26641
26641
26641
26641
26641
26639
26639
26639
26639
26639
26639
26639
26639
26639
26639
26637
26637
26637
26637
26637
26637
26637
26637
26637
26637
26637
26637
26636
26636
26636
26636
26636
26636
26637
26637
26637
26637
26637
26637
26637
26637
26637
26638
26637
26636
26636
26636
26636
26636
26636
26636
26636
26636
26636
26636
26636
26636
26636
26636
26635
26635
26635
26635
26635
26635
26635
26635
26635
26635
26635
26635
26635
26635
26635
26635
26635
26635
26635
26635
26635
26635
26635
26635
26635
26635
26636
26636
26635
26636
26636
26636
26635
26635
26635
26635
26635
26635
26635
26635
26635
26635
26635
26635
26635
26635
26635
26635
26635
26635
26635
26635
26634
26634
26634
26634
26634
26634
26634
26634
26633
26633
26632
26633
26633
26633
26633
26633
26633
26633
26633
26633
26633
26633
26633
26633
26633
26633
26632
26632
26631
26631
26631
26631
26630
26630
26631
26631
26631
26631
26630
26630
26630
26630
26630
26629
26629
26629
26629
26629
26629
26629
26629
26629
26629
26628
26627
26627
26627
26627
26627
26627
26627
26628
26628
26628
26628
26628
26628
26628
26628
26628
26627
26627
26627
26628
26628
26627
26627
26626
26626
26625
26625
26625
26625
26625
26625
26625
26625
26625
26625
26625
26625
26625
26625
26625
26625
26624
26624
26624
26624
26624
26624
26624
26624
26624
26624
26624
26624
26624
26624
26624
26624
26624
26624
26624
26624
26624
26624
26624
26624
26624
26624
26624
26624
26624
26624
26624
26624
26623
26623
26623
26623
26623
26623
26623
26623
26623
26623
26623
26623
26623
26623
26623
26623
26623
26623
26623
26623
26623
26623
26623
26623
26623
26623
26623
26623
26623
26623
26623
26622
26622
26623
26623
26623
26623
26622
26622
26622
26622
26622
26622
26622
26622
26622
26622
26622
26622
26622
26622
26622
26621
26621
26621
26621
26620
26620
26620
26619
26619
26618
26619
26619
26619
26619
26618
26618
26618
26618
26617
26617
26617
26617
26617
26616
26616
26616
26616
26616
26616
26616
26616
26616
26616
26616
26616
26616
26616
26616
26616
26616
26616
26616
26616
26616
26614
26614
26612
26612
26612
26612
26612
26611
26611
26610
26610
26610
26609
26609
26609
26609
26609
26608
26608
26608
26608
26608
26608
26608
26609
26609
26609
26609
26609
26609
26609
26609
26609
26610
26610
26610
26610
26610
26610
26610
26610
26610
26608
26608
26608
26606
26606
26606
26606
26606
26606
26605
26605
26605
26605
26604
26604
26604
26604
26604
26604
26604
26604
26603
26603
26603
26602
26600
26600
26600
26600
26600
26599
26599
26599
26599
26599
26599
26599
26599
26599
26599
26599
26599
26599
26599
26599
26599
26599
26600
26601
26601
26600
26600
26600
26599
26599
26599
26599
26598
26598
26598
26598
26598
26598
26598
26598
26598
26598
26598
26599
26599
26599
26599
26599
26599
26599
26600
26600
26601
26601
26601
26601
26601
26601
26601
26601
26601
26601
26601
26601
26602
26602
26600
26600
26600
26600
26600
26600
26600
26600
26600
26600
26600
26600
26600
26600
26600
26600
26600
26600
26600
26600
26600
26600
26599
26599
26599
26599
26599
26599
26599
26599
26599
26599
26599
26598
26597
26597
26596
26595
26595
26595
26595
26595
26596
26597
26596
26596
26596
26596
26596
26596
26596
26596
26596
26596
26596
26596
26596
26596
26595
26595
26594
26594
26594
26594
26594
26594
26594
26594
26594
26594
26593
26593
26593
26593
26593
26593
26591
26591
26591
26590
26590
26590
26590
26590
26590
26590
26590
26588
26588
26588
26587
26587
26587
26587
26586
26586
26586
26586
26586
26585
26585
26585
26585
26585
26585
26584
26584
26584
26584
26583
26582
26582
26582
26582
26581
26581
26581
26581
26581
26581
26581
26581
26581
26581
26581
26581
26581
26581
26582
26582
26582
26582
26582
26581
26580
26580
26579
26579
26579
26579
26579
26579
26579
26578
26578
26578
26577
26577
26577
26577
26577
26577
26576
26576
26576
26576
26576
26576
26576
26576
26576
26576
26576
26576
26576
26576
26575
26575
26575
26575
26575
26575
26575
26575
26575
26572
26572
26572
26572
26572
26572
26572
26572
26572
26572
26572
26572
26572
26572
26572
26572
26572
26572
26572
26572
26572
26572
26570
26570
26570
26570
26570
26570
26570
26570
26570
26569
26569
26569
26569
26569
26569
26569
26569
26569
26569
26569
26569
26568
26568
26568
26568
26568
26568
26568
26568
26568
26568
26568
26567
26567
26567
26567
26567
26567
26567
26567
26567
26567
26567
26567
26567
26567
26567
26567
26567
26566
26566
26565
26565
26565
26565
26565
26565
26565
26565
26565
26565
26565
26566
26566
26566
26566
26566
26566
26565
26565
26565
26565
26565
26565
26565
26565
26565
26565
26565
26565
26565
26565
26565
26565
26565
26563
26563
26562
26562
26562
26562
26562
26562
26563
26563
26562
26562
26562
26562
26561
26560
26560
26560
26560
26558
26558
26558
26557
26558
26558
26558
26558
26558
26558
26558
26558
26558
26558
26558
26558
26558
26558
26558
26558
26558
26558
26558
26558
26558
26558
26558
26557
26557
26557
26557
26557
26557
26557
26557
26557
26557
26557
26557
26557
26557
26557
26557
26557
26557
26557
26556
26556
26556
26556
26556
26556
26556
26556
26556
26556
26557
26557
26557
26557
26557
26557
26557
26557
26557
26557
26556
26555
26555
26555
26556
26556
26556
26556
26556
26556
26556
26556
26556
26556
26556
26556
26556
26556
26556
26556
26556
26556
26556
26556
26556
26556
26557
26557
26557
26557
26557
26557
26557
26557
26557
26557
26557
26557
26557
26557
26556
26556
26556
26556
26555
26555
26555
26555
26555
26555
26554
26554
26553
26553
26553
26553
26554
26554
26554
26553
26553
26553
26553
26553
26553
26552
26552
26552
26552
26552
26552
26551
26551
26551
26551
26551
26551
26551
26551
26551
26551
26551
26551
26551
26551
26551
26550
26550
26550
26550
26550
26550
26550
26550
26550
26550
26550
26549
26549
26549
26549
26549
26549
26549
26548
26548
26548
26548
26547
26547
26547
26547
26546
26546
26546
26545
26545
26545
26545
26544
26544
26544
26544
26544
26544
26544
26544
26543
26544
26544
26544
26544
26544
26544
26544
26544
26544
26544
26544
26544
26544
26544
26544
26544
26544
26544
26544
26544
26544
26544
26543
26542
26541
26541
26541
26541
26541
26541
26541
26541
26540
26541
26541
26541
26541
26541
26541
26541
26540
26540
26540
26540
26540
26540
26539
26539
26539
26539
26539
26539
26539
26539
26539
26539
26539
26539
26539
26538
26538
26538
26538
26537
26537
26538
26538
26538
26538
26537
26537
26537
26537
26537
26537
26537
26537
26537
26537
26537
26537
26537
26537
26536
26536
26536
26536
26536
26536
26536
26534
26534
26534
26533
26534
26534
26534
26534
26534
26534
26534
26534
26534
26534
26534
26534
26532
26532
26532
26532
26532
26532
26532
26532
26532
26532
26531
26531
26531
26531
26531
26531
26531
26531
26531
26530
26530
26530
26530
26530
26530
26529
26529
26529
26529
26529
26529
26529
26529
26529
26529
26529
26529
26529
26528
26528
26528
26528
26527
26527
26527
26527
26527
26527
26527
26527
26527
26527
26527
26527
26527
26527
26527
26526
26526
26526
26526
26526
26526
26525
26525
26524
26524
26524
26524
26524
26524
26524
26524
26524
26524
26524
26524
26524
26524
26524
26524
26524
26524
26523
26523
26523
26523
26523
26523
26523
26523
26523
26523
26523
26523
26523
26523
26523
26523
26522
26522
26522
26522
26522
26521
26521
26521
26521
26521
26521
26520
26520
26520
26520
26520
26520
26520
26520
26520
26520
26519
26519
26519
26518
26518
26518
26518
26518
26518
26518
26518
26518
26518
26518
26518
26518
26518
26517
26517
26517
26517
26517
26517
26517
26517
26516
26515
26515
26515
26515
26515
26515
26515
26515
26515
26515
26515
26515
26515
26515
26514
26514
26514
26514
26513
26513
26512
26511
26512
26512
26511
26511
26511
26511
26511
26511
26511
26511
26511
26511
26511
26511
26511
26511
26511
26511
26511
26511
26510
26510
26510
26509
26509
26509
26509
26509
26509
26509
26509
26509
26509
26509
26509
26509
26509
26509
26509
26509
26509
26509
26509
26509
26509
26509
26508
26508
26508
26508
26508
26507
26507
26507
26508
26509
26509
26509
26509
26509
26509
26509
26508
26508
26508
26508
26506
26506
26506
26506
26507
26507
26507
26507
26507
26507
26507
26507
26507
26507
26507
26507
26507
26507
26506
26506
26506
26506
26506
26506
26506
26506
26505
26505
26505
26505
26505
26504
26504
26504
26504
26503
26503
26503
26502
26502
26502
26502
26502
26502
26502
26502
26502
26502
26502
26502
26502
26502
26502
26502
26502
26502
26502
26502
26502
26502
26503
26501
26501
26501
26501
26500
26500
26500
26500
26500
26500
26500
26501
26501
26501
26501
26501
26501
26501
26501
26501
26501
26501
26501
26501
26501
26501
26501
26501
26501
26501
26501
26501
26501
26500
26500
26499
26499
26499
26499
26500
26500
26500
26500
26500
26499
26499
26499
26499
26499
26498
26498
26498
26498
26498
26498
26498
26498
26499
26499
26499
26499
26499
26499
26498
26498
26498
26498
26498
26498
26498
26497
26497
26497
26496
26496
26496
26496
26495
26494
26494
26494
26494
26493
26493
26493
26493
26493
26492
26492
26492
26492
26492
26491
26491
26491
26491
26491
26492
26491
26491
26491
26491
26490
26490
26490
26490
26489
26489
26489
26489
26489
26489
26489
26489
26489
26489
26489
26489
26489
26489
26489
26489
26489
26489
26489
26489
26489
26489
26489
26489
26489
26489
26490
26490
26490
26490
26490
26490
26489
26489
26489
26489
26489
26490
26490
26490
26489
26489
26489
26489
26489
26489
26489
26489
26489
26489
26487
26487
26487
26487
26487
26487
26486
26486
26486
26485
26485
26485
26485
26485
26484
26484
26484
26484
26483
26482
26482
26482
26482
26482
26482
26482
26482
26481
26481
26481
26481
26482
26482
26482
26482
26482
26482
26482
26482
26479
26479
26480
26480
26480
26480
26479
26479
26479
26479
26479
26479
26479
26480
26479
26479
26479
26479
26479
26479
26479
26479
26479
26479
26479
26479
26479
26479
26479
26480
26481
26481
26481
26481
26481
26481
26480
26480
26480
26480
26480
26480
26480
26480
26480
26480
26480
26481
26480
26480
26479
26479
26479
26479
26479
26479
26479
26479
26479
26479
26479
26479
26479
26478
26478
26475
26475
26474
26474
26474
26474
26474
26474
26474
26473
26473
26473
26473
26473
26473
26473
26472
26472
26472
26472
26472
26472
26472
26472
26472
26472
26472
26472
26472
26472
26473
26473
26473
26473
26473
26473
26473
26474
26474
26474
26474
26474
26474
26474
26474
26474
26474
26474
26474
26474
26474
26475
26475
26475
26475
26475
26475
26475
26475
26475
26475
26475
26475
26475
26475
26474
26474
26473
26473
26473
26473
26473
26473
26473
26473
26473
26473
26473
26473
26473
26473
26472
26472
26472
26472
26472
26472
26472
26472
26472
26472
26472
26473
26472
26472
26472
26472
26472
26472
26472
26472
26472
26472
26472
26472
26472
26472
26472
26471
26470
26470
26470
26470
26470
26470
26470
26469
26469
26469
26469
26469
26469
26469
26469
26469
26469
26469
26469
26469
26469
26468
26468
26468
26468
26468
26468
26467
26467
26467
26468
26468
26467
26467
26467
26467
26467
26467
26467
26467
26467
26467
26467
26467
26467
26467
26467
26467
26467
26467
26467
26467
26468
26468
26468
26468
26468
26468
26468
26468
26467
26467
26467
26467
26467
26467
26467
26467
26467
26467
26467
26467
26466
26466
26466
26466
26466
26466
26466
26466
26466
26465
26465
26465
26465
26465
26464
26464
26464
26464
26463
26462
26462
26462
26462
26462
26462
26462
26462
26462
26462
26462
26462
26462
26462
26462
26462
26462
26461
26460
26460
26460
26461
26461
26461
26461
26461
26461
26461
26461
26461
26461
26461
26460
26460
26460
26460
26460
26460
26460
26460
26460
26460
26460
26460
26460
26460
26460
26460
26460
26460
26460
26460
26460
26460
26460
26460
26460
26460
26460
26460
26460
26460
26461
26461
26461
26460
26460
26460
26460
26460
26459
26459
26459
26459
26459
26459
26459
26459
26459
26459
26459
26459
26459
26459
26459
26459
26459
26459
26459
26459
26458
26458
26457
26457
26457
26456
26456
26456
26456
26456
26456
26455
26455
26455
26455
26455
26455
26455
26455
26455
26455
26455
26455
26455
26455
26456
26456
26456
26455
26455
26455
26455
26455
26455
26455
26455
26455
26455
26455
26455
26455
26455
26455
26455
26455
26455
26455
26454
26454
26454
26454
26454
26455
26455
26455
26455
26455
26455
26455
26455
26455
26454
26453
26453
26453
26453
26452
26452
26452
26452
26452
26451
26451
26450
26450
26450
26450
26450
26449
26448
26448
26448
26449
26449
26448
26447
26447
26447
26447
26446
26447
26447
26447
26447
26446
26446
26446
26445
26445
26445
26445
26445
26445
26445
26445
26445
26445
26444
26444
26443
26443
26443
26443
26443
26443
26443
26443
26443
26443
26443
26443
26443
26443
26443
26443
26443
26443
26443
26443
26443
26443
26443
26443
26443
26443
26443
26441
26441
26441
26441
26441
26441
26441
26441
26441
26441
26441
26440
26440
26440
26439
26439
26439
26439
26439
26437
26437
26437
26437
26437
26437
26437
26437
26437
26437
26437
26437
26437
26436
26436
26436
26436
26435
26435
26435
26434
26434
26434
26434
26434
26434
26434
26434
26434
26435
26434
26434
26434
26433
26433
26432
26432
26432
26432
26432
26432
26432
26432
26432
26432
26432
26432
26432
26432
26431
26431
26430
26429
26429
26429
26429
26428
26428
26428
26426
26426
26426
26426
26426
26426
26426
26426
26426
26425
26424
26424
26424
26424
26423
26423
26423
26423
26423
26423
26422
26422
26422
26422
26421
26421
26421
26421
26421
26421
26421
26421
26420
26420
26420
26420
26420
26420
26420
26421
26421
26421
26421
26421
26421
26420
26420
26420
26420
26420
26420
26420
26419
26420
26420
26419
26419
26419
26419
26419
26419
26419
26419
26419
26419
26419
26419
26419
26419
26418
26418
26417
26417
26417
26417
26417
26417
26417
26417
26417
26417
26417
26417
26417
26417
26417
26417
26417
26417
26416
26416
26418
26418
26418
26418
26417
26418
26417
26417
26417
26417
26417
26417
26417
26417
26417
26417
26417
26417
26418
26418
26418
26417
26417
26417
26416
26415
26414
26414
26413
26413
26413
26413
26413
26412
26412
26412
26412
26411
26411
26411
26411
26410
26410
26409
26409
26409
26409
26408
26408
26408
26408
26408
26408
26408
26408
26408
26407
26407
26407
26407
26407
26407
26407
26407
26407
26407
26407
26407
26407
26406
26406
26406
26406
26406
26406
26406
26406
26406
26406
26406
26406
26406
26406
26406
26406
26406
26406
26406
26406
26405
26406
26406
26406
26406
26406
26406
26406
26406
26406
26406
26403
26403
26403
26403
26402
26400
26400
26400
26400
26399
26399
26399
26399
26399
26399
26399
26398
26398
26398
26398
26398
26398
26396
26396
26396
26396
26396
26396
26396
26396
26396
26396
26396
26394
26394
26394
26393
26393
26392
26392
26391
26390
26390
26390
26390
26390
26390
26390
26389
26389
26389
26389
26389
26389
26389
26389
26389
26389
26389
26389
26389
26389
26389
26389
26389
26389
26389
26389
26389
26389
26389
26389
26388
26388
26388
26388
26388
26388
26388
26388
26388
26388
26388
26388
26388
26388
26388
26386
26386
26386
26386
26386
26386
26386
26386
26386
26386
26386
26386
26386
26385
26385
26385
26385
26385
26385
26385
26385
26385
26385
26385
26385
26384
26384
26384
26386
26386
26386
26386
26386
26386
26386
26386
26386
26386
26386
26386
26385
26385
26384
26384
26384
26383
26383
26383
26383
26383
26383
26383
26383
26382
26382
26382
26381
26382
26382
26382
26381
26381
26381
26381
26381
26381
26381
26381
26380
26380
26380
26380
26380
26380
26380
26380
26380
26380
26379
26379
26378
26378
26378
26378
26378
26378
26378
26378
26378
26378
26378
26378
26378
26378
26377
26377
26376
26376
26376
26376
26375
26375
26375
26375
26375
26375
26375
26375
26375
26375
26375
26375
26375
26375
26375
26375
26375
26373
26373
26373
26373
26373
26373
26373
26372
26372
26371
26371
26371
26371
26370
26369
26369
26369
26369
26369
26369
26369
26369
26369
26369
26369
26369
26369
26369
26370
26370
26370
26370
26368
26368
26368
26368
26368
26368
26368
26368
26368
26368
26368
26368
26368
26368
26368
26368
26368
26368
26368
26368
26368
26367
26367
26367
26367
26368
26368
26368
26368
26368
26368
26368
26368
26368
26368
26368
26368
26368
26368
26368
26369
26369
26369
26368
26368
26368
26367
26367
26367
26367
26367
26367
26367
26367
26367
26367
26367
26367
26367
26367
26367
26367
26367
26367
26367
26367
26367
26367
26367
26367
26367
26367
26367
26367
26367
26367
26367
26366
26366
26366
26366
26366
26365
26365
26365
26365
26365
26365
26363
26363
26363
26363
26363
26363
26363
26363
26362
26362
26362
26362
26362
26362
26361
26361
26361
26361
26361
26361
26361
26361
26361
26361
26360
26360
26360
26360
26360
26360
26360
26360
26360
26360
26360
26360
26360
26360
26360
26360
26360
26360
26360
26359
26358
26357
26357
26357
26357
26358
26358
26358
26357
26357
26357
26357
26357
26357
26357
26357
26356
26356
26356
26356
26355
26355
26355
26355
26354
26353
26353
26353
26353
26353
26351
26351
26351
26351
26351
26351
26351
26351
26351
26351
26351
26351
26350
26350
26350
26350
26349
26349
26349
26350
26349
26348
26348
26348
26348
26348
26348
26346
26346
26346
26346
26346
26346
26346
26346
26346
26346
26346
26346
26346
26346
26345
26345
26345
26343
26343
26343
26342
26342
26343
26343
26343
26343
26343
26343
26343
26343
26343
26342
26342
26342
26342
26341
26341
26341
26341
26339
26339
26340
26342
26341
26341
26341
26341
26341
26341
26339
26339
26339
26339
26337
26337
26337
26336
26336
26336
26336
26336
26336
26336
26336
26336
26336
26336
26336
26336
26336
26336
26336
26336
26336
26335
26335
26335
26335
26335
26334
26334
26334
26334
26333
26333
26330
26330
26329
26329
26329
26329
26329
26329
26329
26329
26329
26329
26329
26328
26328
26328
26329
26329
26329
26329
26329
26329
26329
26329
26329
26329
26328
26328
26328
26328
26328
26328
26328
26328
26328
26328
26328
26327
26327
26327
26327
26327
26327
26327
26327
26327
26327
26327
26327
26327
26327
26327
26328
26328
26328
26328
26328
26328
26328
26328
26328
26326
26326
26326
26326
26326
26326
26326
26326
26326
26327
26327
26326
26325
26325
26325
26325
26325
26325
26325
26325
26326
26326
26326
26326
26326
26326
26326
26326
26327
26327
26327
26327
26327
26327
26327
26326
26326
26326
26326
26325
26325
26325
26325
26325
26325
26325
26325
26325
26325
26325
26324
26324
26324
26323
26323
26323
26323
26323
26324
26324
26324
26326
26326
26325
26325
26325
26326
26326
26327
26327
26327
26327
26327
26327
26327
26327
26327
26326
26326
26326
26325
26325
26325
26324
26324
26324
26324
26324
26324
26324
26324
26324
26324
26324
26324
26324
26324
26324
26323
26323
26323
26324
26324
26324
26324
26324
26324
26324
26324
26324
26324
26324
26325
26325
26325
26324
26324
26324
26324
26324
26323
26323
26323
26323
26323
26323
26323
26323
26323
26324
26322
26322
26323
26324
26324
26324
26324
26324
26324
26324
26324
26324
26324
26324
26324
26324
26324
26324
26324
26324
26324
26324
26324
26324
26324
26324
26324
26323
26323
26323
26323
26320
26319
26319
26319
26319
26320
26320
26320
26320
26320
26320
26320
26320
26320
26320
26319
26318
26317
26317
26317
26317
26317
26317
26317
26317
26317
26317
26317
26317
26317
26317
26317
26317
26317
26317
26317
26317
26317
26317
26316
26315
26315
26314
26314
26314
26314
26314
26314
26314
26314
26314
26314
26314
26314
26314
26314
26314
26314
26314
26314
26314
26314
26314
26314
26314
26314
26314
26314
26314
26314
26312
26312
26312
26312
26312
26312
26312
26312
26312
26312
26312
26312
26312
26313
26313
26313
26313
26313
26313
26313
26313
26312
26312
26312
26312
26312
26312
26312
26312
26312
26312
26312
26311
26311
26311
26311
26311
26311
26311
26311
26311
26311
26311
26311
26310
26310
26310
26310
26310
26310
26310
26310
26310
26310
26310
26310
26310
26311
26311
26311
26310
26310
26311
26311
26311
26311
26310
26310
26310
26310
26310
26310
26310
26310
26310
26310
26310
26310
26310
26310
26310
26310
26310
26310
26310
26310
26310
26309
26309
26309
26309
26309
26309
26309
26309
26309
26309
26309
26309
26309
26309
26309
26309
26308
26307
26307
26306
26306
26306
26306
26307
26307
26307
26306
26305
26305
26305
26305
26305
26305
26305
26305
26305
26305
26305
26305
26306
26307
26307
26306
26306
26306
26306
26306
26306
26306
26306
26306
26306
26306
26305
26305
26305
26305
26304
26304
26304
26304
26304
26304
26303
26303
26303
26303
26303
26303
26303
26303
26303
26303
26304
26304
26304
26304
26304
26304
26304
26304
26304
26304
26304
26304
26304
26304
26303
26303
26303
26303
26303
26301
26301
26301
26301
26301
26300
26300
26300
26300
26300
26300
26300
26300
26300
26300
26300
26300
26300
26300
26300
26300
26301
26301
26301
26302
26302
26302
26301
26300
26300
26300
26300
26300
26300
26301
26301
26301
26301
26301
26301
26301
26301
26301
26301
26301
26301
26301
26300
26300
26300
26300
26299
26299
26299
26299
26299
26299
26299
26299
26299
26299
26299
26299
26299
26299
26299
26299
26299
26299
26297
26297
26297
26297
26297
26297
26297
26297
26297
26297
26297
26297
26298
26298
26298
26298
26298
26298
26297
26297
26297
26297
26297
26297
26297
26297
26296
26296
26296
26296
26296
26296
26296
26296
26296
26296
26295
26295
26295
26295
26295
26294
26293
26293
26293
26293
26293
26293
26293
26293
26293
26293
26293
26292
26292
26292
26292
26292
26291
26291
26291
26291
26289
26288
26288
26288
26288
26288
26288
26288
26288
26288
26288
26288
26288
26288
26288
26288
26288
26288
26288
26288
26287
26287
26287
26287
26287
26287
26287
26287
26286
26286
26286
26286
26285
26285
26285
26285
26285
26284
26284
26284
26284
26284
26283
26283
26283
26283
26283
26283
26282
26283
26283
26283
26283
26282
26282
26282
26282
26282
26282
26282
26282
26282
26282
26282
26282
26282
26282
26282
26282
26282
26281
26281
26281
26281
26281
26281
26281
26281
26281
26281
26280
26280
26280
26280
26280
26280
26280
26279
26279
26279
26279
26279
26279
26279
26279
26279
26279
26279
26279
26279
26279
26279
26279
26279
26279
26279
26279
26279
26279
26279
26279
26279
26279
26279
26279
26279
26279
26279
26279
26279
26279
26278
26278
26278
26278
26278
26279
26278
26278
26277
26277
26277
26277
26276
26276
26276
26276
26276
26276
26276
26276
26276
26276
26276
26276
26276
26276
26276
26276
26276
26276
26276
26277
26276
26276
26277
26277
26277
26276
26276
26277
26277
26277
26277
26277
26277
26276
26276
26275
26275
26275
26274
26274
26274
26274
26274
26274
26275
26275
26275
26275
26275
26275
26274
26273
26273
26273
26273
26273
26273
26273
26274
26274
26274
26274
26274
26274
26274
26274
26274
26273
26272
26272
26272
26273
26273
26273
26273
26273
26273
26274
26274
26275
26275
26275
26275
26275
26275
26275
26275
26275
26275
26275
26275
26275
26275
26275
26275
26274
26274
26274
26274
26274
26274
26274
26274
26274
26274
26274
26274
26273
26273
26275
26275
26275
26275
26275
26275
26273
26272
26271
26271
26271
26271
26270
26270
26270
26270
26270
26270
26270
26269
26269
26269
26269
26269
26269
26269
26268
26268
26268
26267
26267
26267
26267
26267
26267
26267
26267
26267
26267
26267
26267
26267
26266
26266
26266
26266
26265
26265
26265
26265
26265
26265
26265
26264
26264
26264
26264
26264
26264
26264
26264
26264
26264
26264
26264
26264
26264
26264
26265
26265
26265
26265
26265
26265
26265
26265
26265
26264
26264
26264
26264
26264
26264
26264
26264
26264
26264
26264
26264
26264
26264
26264
26264
26264
26264
26264
26264
26264
26265
26265
26265
26265
26265
26265
26265
26265
26265
26265
26265
26265
26264
26264
26264
26264
26264
26264
26264
26264
26264
26264
26264
26264
26264
26264
26264
26264
26264
26264
26263
26263
26263
26262
26262
26262
26262
26262
26263
26263
26263
26262
26262
26262
26262
26262
26262
26262
26262
26262
26262
26262
26260
26260
26260
26260
26260
26260
26260
26260
26260
26260
26260
26260
26260
26260
26260
26260
26260
26260
26260
26259
26259
26258
26257
26257
26257
26255
26255
26255
26256
26256
26256
26256
26256
26256
26254
26254
26254
26254
26254
26254
26254
26254
26255
26255
26255
26255
26254
26254
26251
26251
26251
26251
26251
26251
26248
26247
26247
26247
26247
26247
26247
26246
26246
26246
26246
26246
26246
26246
26246
26246
26244
26244
26244
26244
26244
26244
26244
26244
26244
26244
26242
26242
26241
26238
26238
26238
26238
26236
26237
26237
26237
26237
26237
26236
26236
26236
26236
26236
26236
26236
26236
26236
26236
26236
26237
26237
26237
26237
26237
26236
26236
26236
26236
26236
26236
26237
26237
26237
26237
26237
26237
26237
26237
26237
26237
26237
26237
26237
26236
26235
26235
26235
26235
26235
26235
26235
26235
26234
26234
26234
26234
26233
26233
26233
26233
26233
26233
26233
26232
26232
26232
26232
26232
26232
26232
26232
26232
26232
26231
26231
26231
26231
26231
26231
26231
26231
26231
26231
26231
26231
26231
26231
26231
26231
26231
26231
26231
26231
26231
26231
26231
26231
26231
26230
26230
26229
26229
26229
26229
26229
26229
26229
26229
26229
26229
26229
26229
26229
26229
26228
26227
26227
26227
26227
26227
26227
26227
26227
26227
26227
26227
26227
26227
26226
26227
26227
26227
26227
26227
26227
26226
26224
26223
26223
26223
26223
26224
26224
26224
26224
26224
26224
26224
26223
26222
26221
26221
26221
26221
26221
26221
26221
26221
26221
26222
26222
26222
26222
26222
26222
26222
26222
26222
26222
26222
26223
26224
26224
26224
26222
26222
26222
26222
26222
26221
26221
26221
26221
26221
26221
26220
26220
26220
26220
26220
26220
26220
26220
26219
26219
26219
26219
26219
26219
26219
26218
26217
26217
26217
26217
26217
26217
26217
26216
26216
26216
26215
26214
26214
26214
26214
26214
26214
26214
26213
26213
26213
26213
26213
26213
26213
26213
26212
26212
26212
26212
26212
26212
26212
26212
26212
26212
26212
26211
26211
26211
26211
26211
26211
26211
26211
26211
26211
26211
26210
26210
26209
26209
26208
26208
26207
26206
26206
26207
26207
26207
26207
26207
26207
26207
26206
26206
26206
26206
26206
26206
26206
26206
26206
26206
26205
26204
26204
26204
26203
26202
26202
26202
26202
26202
26202
26202
26202
26202
26202
26202
26202
26201
26201
26201
26201
26201
26201
26201
26201
26201
26201
26201
26201
26200
26200
26200
26200
26200
26200
26200
26200
26200
26200
26200
26200
26201
26201
26201
26202
26202
26202
26202
26202
26202
26202
26201
26200
26200
26200
26200
26200
26200
26200
26200
26200
26200
26200
26200
26200
26200
26200
26200
26200
26200
26199
26199
26199
26199
26199
26199
26198
26198
26198
26199
26199
26199
26199
26198
26199
26199
26199
26199
26198
26198
26198
26198
26198
26198
26198
26198
26198
26198
26198
26198
26199
26199
26198
26198
26197
26197
26197
26197
26196
26196
26196
26196
26196
26195
26195
26195
26195
26195
26195
26195
26194
26193
26193
26193
26193
26192
26192
26192
26192
26191
26191
26191
26191
26190
26190
26190
26190
26190
26190
26190
26190
26190
26190
26190
26190
26190
26190
26190
26190
26190
26189
26188
26188
26187
26187
26187
26187
26187
26187
26187
26187
26187
26186
26184
26184
26184
26184
26184
26184
26184
26183
26183
26183
26183
26183
26183
26184
26184
26184
26184
26184
26184
26184
26184
26184
26184
26184
26184
26184
26184
26184
26184
26184
26184
26184
26184
26184
26183
26182
26182
26182
26182
26182
26182
26182
26182
26182
26182
26182
26182
26182
26182
26182
26182
26182
26182
26182
26182
26183
26183
26183
26182
26182
26182
26182
26182
26182
26180
26180
26180
26180
26180
26180
26180
26180
26178
26178
26178
26178
26178
26177
26177
26177
26177
26177
26177
26177
26177
26177
26177
26178
26177
26177
26176
26176
26176
26176
26176
26176
26176
26175
26175
26175
26175
26173
26172
26172
26172
26171
26171
26171
26171
26171
26171
26171
26171
26171
26171
26171
26171
26171
26171
26171
26170
26170
26170
26170
26170
26170
26170
26171
26170
26170
26170
26168
26168
26169
26169
26169
26169
26169
26170
26170
26170
26170
26170
26170
26166
26165
26165
26165
26165
26165
26166
26166
26166
26166
26166
26166
26166
26166
26166
26165
26165
26165
26165
26165
26165
26165
26165
26165
26165
26163
26162
26162
26162
26162
26162
26162
26162
26163
26163
26163
26163
26163
26163
26163
26161
26161
26161
26161
26161
26161
26161
26160
26160
26160
26160
26160
26160
26160
26160
26160
26160
26160
26160
26160
26160
26160
26160
26159
26159
26157
26157
26157
26157
26157
26158
26158
26158
26158
26158
26158
26158
26158
26158
26158
26158
26158
26158
26158
26158
26158
26158
26158
26158
26158
26158
26158
26158
26158
26158
26158
26158
26157
26157
26157
26157
26155
26155
26155
26155
26155
26155
26153
26153
26153
26153
26153
26153
26151
26151
26151
26151
26151
26153
26153
26153
26153
26152
26152
26152
26152
26152
26152
26152
26152
26152
26152
26152
26152
26152
26152
26152
26152
26151
26151
26150
26149
26149
26150
26149
26149
26149
26148
26148
26147
26147
26147
26147
26146
26146
26146
26146
26146
26145
26145
26145
26145
26145
26145
26145
26145
26145
26145
26146
26146
26146
26146
26145
26145
26144
26144
26144
26144
26144
26144
26144
26144
26144
26144
26144
26145
26145
26146
26146
26146
26146
26146
26146
26146
26146
26146
26146
26146
26146
26146
26146
26146
26146
26146
26146
26146
26146
26146
26146
26146
26146
26146
26146
26146
26146
26146
26146
26146
26145
26145
26144
26143
26143
26143
26143
26143
26143
26144
26144
26144
26144
26144
26144
26144
26145
26145
26145
26145
26145
26145
26145
26144
26144
26144
26144
26144
26144
26144
26144
26144
26144
26144
26144
26144
26144
26144
26144
26144
26144
26142
26142
26142
26142
26142
26141
26141
26141
26141
26141
26141
26141
26141
26141
26141
26141
26141
26141
26142
26142
26142
26142
26141
26141
26141
26141
26141
26141
26140
26140
26140
26140
26140
26140
26140
26140
26140
26140
26139
26138
26138
26137
26137
26136
26136
26136
26136
26136
26136
26136
26136
26136
26135
26135
26135
26136
26136
26136
26136
26136
26136
26136
26136
26135
26135
26135
26134
26134
26134
26134
26134
26134
26134
26134
26134
26134
26133
26133
26132
26132
26132
26132
26132
26131
26131
26131
26132
26132
26132
26132
26131
26131
26131
26131
26131
26131
26131
26131
26131
26131
26131
26131
26131
26131
26131
26131
26131
26131
26131
26131
26131
26128
26128
26128
26128
26128
26128
26128
26128
26128
26128
26128
26128
26128
26128
26128
26128
26128
26128
26128
26128
26128
26127
26127
26126
26126
26126
26124
26124
26123
26123
26123
26123
26123
26124
26124
26124
26124
26124
26124
26124
26124
26123
26123
26123
26123
26123
26123
26123
26123
26123
26122
26122
26122
26122
26122
26122
26122
26122
26122
26122
26122
26122
26122
26122
26122
26122
26122
26122
26122
26121
26121
26121
26121
26121
26121
26121
26121
26120
26120
26120
26120
26119
26119
26119
26119
26119
26119
26119
26119
26119
26119
26119
26119
26119
26119
26119
26119
26119
26119
26118
26118
26118
26118
26118
26117
26117
26117
26117
26117
26117
26117
26117
26117
26117
26117
26117
26117
26117
26117
26117
26117
26117
26117
26117
26117
26117
26115
26115
26114
26114
26114
26114
26114
26114
26114
26114
26114
26115
26115
26115
26115
26115
26116
26116
26116
26116
26116
26116
26116
26116
26116
26116
26116
26116
26116
26116
26116
26116
26115
26115
26115
26114
26114
26114
26114
26114
26114
26114
26114
26114
26114
26114
26114
26114
26114
26114
26114
26114
26113
26113
26113
26112
26112
26112
26112
26112
26112
26112
26112
26112
26111
26111
26111
26111
26111
26111
26111
26111
26111
26111
26111
26111
26111
26110
26110
26110
26110
26110
26110
26110
26110
26110
26108
26108
26108
26108
26107
26107
26107
26107
26106
26106
26106
26106
26107
26107
26107
26107
26107
26107
26107
26107
26107
26107
26107
26107
26107
26107
26107
26108
26108
26108
26108
26108
26108
26108
26108
26108
26108
26108
26108
26107
26107
26107
26107
26106
26106
26104
26104
26104
26104
26103
26104
26104
26104
26103
26103
26102
26101
26100
26100
26099
26099
26099
26099
26099
26098
26098
26098
26097
26097
26097
26097
26097
26097
26097
26097
26097
26097
26097
26097
26097
26096
26096
26095
26095
26095
26095
26095
26095
26095
26095
26095
26094
26094
26094
26094
26094
26094
26094
26094
26095
26095
26095
26096
26096
26095
26095
26095
26095
26095
26095
26096
26096
26096
26096
26096
26095
26095
26095
26095
26095
26095
26095
26093
26093
26093
26092
26092
26092
26092
26092
26092
26092
26092
26092
26092
26091
26091
26091
26091
26091
26091
26091
26091
26091
26091
26091
26090
26090
26090
26090
26090
26090
26090
26090
26090
26090
26090
26090
26090
26089
26089
26089
26089
26089
26089
26089
26089
26089
26089
26089
26089
26089
26089
26089
26089
26089
26089
26089
26089
26088
26088
26087
26087
26087
26087
26087
26087
26088
26088
26088
26088
26088
26088
26088
26088
26088
26088
26088
26088
26088
26088
26088
26088
26088
26088
26088
26088
26088
26088
26088
26088
26088
26088
26087
26087
26087
26087
26087
26087
26086
26086
26086
26087
26087
26087
26087
26087
26087
26087
26088
26088
26088
26088
26088
26088
26088
26088
26088
26088
26088
26088
26087
26087
26087
26087
26087
26087
26086
26086
26086
26085
26085
26085
26085
26085
26085
26085
26085
26085
26085
26085
26085
26085
26085
26085
26085
26085
26085
26085
26085
26085
26085
26085
26085
26085
26085
26085
26085
26085
26085
26084
26084
26084
26084
26084
26084
26084
26084
26084
26084
26084
26084
26084
26084
26083
26082
26082
26082
26081
26081
26081
26081
26081
26081
26081
26081
26081
26081
26081
26080
26080
26080
26080
26079
26079
26079
26079
26079
26079
26079
26079
26079
26079
26079
26079
26078
26078
26078
26077
26077
26077
26077
26076
26076
26076
26076
26076
26076
26076
26076
26076
26076
26076
26076
26076
26076
26076
26076
26076
26076
26076
26076
26075
26075
26075
26074
26074
26073
26073
26073
26073
26073
26071
26071
26071
26071
26071
26072
26072
26072
26072
26072
26072
26072
26072
26072
26072
26072
26072
26072
26072
26072
26072
26071
26071
26071
26071
26071
26071
26070
26070
26070
26070
26070
26071
26071
26071
26071
26071
26071
26071
26071
26071
26071
26071
26071
26071
26071
26071
26070
26070
26070
26070
26070
26070
26070
26070
26070
26070
26070
26070
26068
26068
26068
26068
26068
26068
26068
26068
26067
26067
26067
26067
26067
26066
26066
26066
26066
26066
26066
26066
26066
26066
26066
26066
26066
26066
26066
26066
26065
26064
26064
26064
26064
26064
26064
26064
26064
26064
26064
26064
26064
26063
26062
26062
26062
26062
26062
26062
26062
26062
26062
26062
26062
26062
26062
26062
26062
26063
26063
26063
26063
26063
26063
26063
26063
26063
26063
26062
26062
26061
26061
26059
26059
26059
26059
26059
26059
26059
26059
26059
26059
26058
26058
26058
26057
26058
26058
26058
26058
26058
26058
26058
26058
26058
26058
26058
26058
26058
26058
26056
26056
26055
26055
26055
26055
26055
26055
26055
26055
26055
26055
26055
26053
26053
26053
26053
26053
26053
26053
26053
26053
26053
26052
26052
26052
26052
26052
26052
26052
26052
26052
26053
26052
26052
26052
26053
26053
26053
26053
26053
26053
26053
26053
26053
26053
26053
26053
26053
26053
26052
26052
26052
26052
26052
26052
26052
26053
26053
26053
26053
26053
26053
26053
26053
26053
26054
26054
26054
26054
26054
26054
26054
26054
26054
26054
26054
26053
26053
26053
26053
26053
26053
26053
26053
26053
26053
26052
26052
26052
26052
26052
26052
26052
26052
26051
26051
26051
26051
26051
26050
26050
26050
26050
26050
26050
26050
26050
26050
26050
26050
26050
26050
26050
26049
26049
26049
26049
26049
26049
26049
26049
26049
26049
26049
26049
26049
26048
26047
26047
26047
26047
26047
26046
26046
26045
26045
26045
26045
26045
26045
26045
26045
26045
26045
26045
26045
26045
26045
26045
26045
26045
26045
26044
26044
26044
26043
26043
26043
26043
26043
26044
26044
26044
26044
26044
26044
26044
26044
26044
26044
26044
26044
26044
26044
26044
26044
26044
26044
26044
26044
26044
26044
26044
26044
26044
26044
26044
26043
26043
26043
26043
26042
26042
26042
26042
26042
26040
26040
26039
26038
26038
26038
26038
26038
26037
26037
26037
26037
26037
26037
26037
26037
26037
26037
26037
26037
26038
26038
26038
26038
26038
26038
26038
26038
26038
26037
26037
26036
26035
26035
26035
26035
26034
26034
26034
26034
26034
26034
26034
26035
26035
26035
26034
26034
26034
26034
26034
26035
26033
26033
26033
26033
26033
26033
26033
26033
26034
26034
26033
26033
26033
26033
26033
26033
26033
26033
26033
26033
26033
26033
26033
26033
26033
26033
26033
26032
26032
26032
26032
26032
26032
26032
26032
26032
26032
26032
26032
26032
26032
26032
26032
26032
26032
26032
26032
26032
26032
26032
26032
26032
26032
26032
26032
26031
26031
26031
26031
26031
26031
26031
26031
26031
26031
26031
26031
26031
26030
26030
26030
26030
26030
26030
26030
26030
26030
26030
26030
26030
26030
26030
26030
26030
26030
26030
26030
26030
26029
26029
26029
26029
26027
26027
26027
26027
26027
26026
26026
26026
26026
26027
26026
26026
26027
26027
26027
26027
26027
26028
26028
26026
26026
26026
26026
26026
26026
26026
26026
26026
26026
26026
26026
26025
26025
26024
26024
26024
26024
26024
26024
26024
26024
26024
26023
26023
26023
26023
26023
26023
26023
26023
26023
26023
26023
26023
26023
26023
26024
26024
26024
26024
26024
26024
26024
26025
26025
26025
26024
26024
26024
26024
26024
26024
26023
26023
26022
26021
26021
26021
26021
26022
26022
26022
26022
26022
26022
26022
26022
26022
26022
26022
26022
26022
26022
26022
26022
26022
26022
26022
26022
26022
26022
26023
26023
26023
26023
26023
26022
26022
26022
26022
26022
26022
26022
26022
26022
26021
26021
26021
26021
26021
26021
26021
26021
26021
26021
26021
26022
26022
26022
26021
26021
26020
26020
26020
26020
26020
26020
26020
26020
26021
26020
26020
26020
26020
26021
26021
26021
26021
26021
26021
26021
26021
26021
26021
26021
26020
26020
26020
26020
26021
26021
26021
26021
26021
26021
26021
26021
26021
26021
26021
26021
26021
26021
26021
26021
26021
26020
26020
26020
26020
26020
26020
26020
26020
26020
26020
26020
26018
26018
26018
26018
26018
26018
26017
26017
26017
26016
26016
26015
26015
26015
26014
26013
26013
26013
26013
26012
26012
26012
26012
26011
26011
26011
26011
26010
26010
26010
26010
26010
26010
26011
26011
26010
26010
26010
26010
26010
26010
26010
26010
26010
26010
26010
26010
26010
26010
26010
26010
26010
26009
26007
26007
26007
26007
26007
26007
26007
26008
26008
26008
26008
26008
26008
26009
26009
26009
26009
26009
26009
26009
26009
26009
26009
26009
26009
26009
26009
26009
26010
26010
26011
26011
26010
26010
26010
26010
26010
26009
26009
26009
26008
26008
26008
26008
26008
26008
26008
26007
26007
26007
26007
26007
26007
26007
26006
26006
26006
26006
26007
26007
26007
26007
26007
26007
26006
26004
26004
26004
26004
26004
26004
26004
26004
26004
26004
26004
26004
26004
26004
26004
26004
26004
26004
26004
26004
26004
26004
26004
26004
26003
26003
26003
26003
26003
26003
26003
26003
26003
26003
26004
26004
26004
26004
26004
26004
26004
26004
26003
26003
26003
26003
26003
26003
26003
26003
26003
26003
26002
26002
26002
26002
26002
26002
26003
26002
26002
26002
26002
26002
26002
26002
26002
26002
26002
26002
26002
26002
26002
26002
26002
26002
26001
26001
26001
26001
26001
26001
26000
26000
26000
26000
26000
26000
26000
26000
26000
25998
25998
25998
25998
25998
25998
25998
25998
25998
25998
25997
25997
25996
25996
25996
25996
25996
25996
25996
25996
25996
25996
25996
25996
25996
25996
25996
25996
25996
25995
25994
25994
25993
25993
25993
25992
25991
25991
25991
25991
25991
25992
25992
25992
25992
25990
25990
25990
25990
25990
25990
25990
25990
25990
25990
25990
25990
25989
25989
25988
25988
25988
25988
25988
25988
25988
25987
25987
25987
25987
25987
25987
25987
25987
25987
25987
25987
25987
25987
25986
25986
25986
25986
25986
25985
25985
25985
25985
25985
25985
25985
25982
25981
25981
25981
25981
25981
25981
25981
25981
25981
25981
25981
25981
25981
25981
25981
25981
25981
25980
25980
25979
25978
25979
25978
25978
25978
25978
25978
25978
25978
25978
25978
25978
25978
25978
25978
25978
25978
25978
25978
25978
25978
25978
25978
25978
25979
25978
25978
25978
25978
25978
25978
25978
25977
25977
25977
25977
25977
25977
25977
25977
25977
25977
25977
25977
25977
25977
25977
25977
25977
25976
25976
25976
25976
25973
25973
25973
25973
25973
25974
25974
25974
25974
25974
25974
25974
25973
25973
25973
25973
25973
25973
25973
25973
25972
25972
25972
25972
25972
25972
25972
25970
25970
25970
25970
25970
25970
25969
25969
25969
25969
25969
25970
25970
25970
25971
25970
25970
25970
25970
25969
25969
25969
25969
25969
25969
25969
25969
25969
25969
25969
25969
25969
25969
25969
25969
25969
25969
25970
25970
25970
25970
25970
25970
25970
25970
25970
25969
25969
25969
25969
25968
25968
25968
25968
25968
25969
25969
25969
25969
25969
25969
25969
25969
25969
25969
25969
25969
25969
25969
25969
25969
25969
25969
25969
25969
25969
25969
25969
25969
25969
25968
25968
25968
25968
25967
25967
25967
25967
25967
25967
25967
25967
25967
25967
25967
25967
25967
25967
25967
25967
25966
25964
25964
25964
25964
25964
25964
25964
25964
25963
25962
25962
25962
25962
25962
25962
25961
25961
25961
25961
25960
25960
25960
25960
25960
25960
25960
25960
25960
25960
25960
25960
25960
25960
25960
25960
25960
25960
25960
25960
25961
25961
25961
25961
25961
25961
25961
25961
25961
25961
25961
25961
25961
25961
25961
25961
25961
25961
25961
25959
25958
25958
25958
25958
25958
25958
25958
25958
25958
25958
25958
25958
25958
25958
25959
25959
25959
25959
25959
25959
25959
25959
25959
25959
25959
25959
25959
25959
25959
25959
25959
25959
25958
25958
25958
25958
25958
25958
25958
25958
25958
25958
25958
25958
25958
25956
25956
25956
25955
25955
25955
25955
25955
25955
25955
25955
25954
25954
25954
25954
25954
25954
25954
25953
25953
25953
25953
25953
25953
25953
25952
25952
25952
25951
25949
25949
25949
25948
25949
25948
25947
25947
25947
25947
25947
25947
25947
25947
25945
25945
25945
25945
25945
25945
25945
25945
25945
25944
25944
25943
25943
25943
25943
25944
25943
25943
25941
25941
25941
25941
25941
25941
25940
25940
25940
25940
25940
25940
25940
25940
25940
25939
25939
25939
25939
25939
25939
25939
25939
25939
25939
25939
25939
25939
25938
25938
25938
25938
25938
25938
25938
25938
25938
25935
25935
25935
25935
25935
25935
25935
25935
25934
25934
25934
25934
25934
25934
25933
25933
25933
25933
25933
25933
25933
25933
25932
25931
25931
25931
25931
25931
25931
25931
25931
25931
25931
25932
25932
25932
25932
25930
25930
25930
25930
25930
25930
25930
25930
25930
25929
25929
25929
25929
25929
25929
25928
25928
25928
25928
25928
25928
25928
25928
25928
25927
25927
25928
25928
25928
25928
25928
25928
25927
25927
25927
25927
25927
25927
25927
25926
25926
25926
25926
25926
25926
25926
25926
25926
25926
25926
25925
25925
25925
25925
25925
25925
25925
25924
25924
25924
25924
25924
25924
25924
25924
25924
25924
25924
25924
25924
25925
25925
25925
25925
25925
25925
25925
25925
25925
25925
25925
25925
25925
25925
25925
25925
25925
25925
25925
25925
25925
25925
25925
25925
25925
25925
25925
25925
25925
25925
25925
25925
25925
25925
25925
25925
25925
25925
25925
25925
25925
25924
25924
25924
25924
25924
25924
25924
25924
25923
25923
25923
25923
25922
25922
25920
25920
25918
25918
25918
25918
25918
25918
25918
25918
25918
25917
25916
25916
25916
25916
25916
25916
25916
25917
25917
25917
25917
25917
25917
25915
25915
25915
25915
25915
25914
25913
25913
25913
25913
25912
25912
25912
25912
25912
25911
25911
25910
25910
25910
25910
25910
25910
25909
25909
25909
25909
25909
25909
25909
25909
25909
25909
25909
25909
25909
25909
25909
25909
25909
25909
25908
25908
25908
25907
25907
25907
25907
25907
25907
25907
25907
25907
25907
25907
25907
25907
25907
25908
25907
25907
25906
25906
25906
25906
25906
25906
25907
25907
25907
25907
25907
25908
25908
25908
25908
25908
25908
25908
25908
25908
25908
25908
25908
25908
25908
25908
25908
25908
25907
25907
25907
25907
25907
25907
25907
25907
25905
25905
25905
25905
25905
25905
25905
25905
25905
25906
25906
25906
25906
25906
25906
25904
25904
25903
25903
