10000 10000
-1 0 -1 -1 -1 0 -1 0 -1 0 -1 0 0 -1 -1 0 0 -1 0 -1 -1 -1 0 0 -1 -1 0 -1 -1 -1 0 0 0 -1 0 -1 -1 -1 -1 0 -1 -1 0 -1 -1 0 -1 -1 0 0 -1 0 0 0 -1 -1 -1 -1 0 0 0 0 -1 0 -1 -1 0 -1 -1 -1 0 0 -1 0 0 -1 -1 0 0 -1 -1 -1 -1 0 0 0 -1 0 -1 0 0 0 0 -1 0 0 -1 -1 0 -1 -1 -1 0 -1 0 -1 0 0 -1 -1 0 -1 -1 0 -1 0 0 -1 -1 -1 -1 -1 -1 0 -1 0 0 -1 -1 -1 -1 -1 0 -1 0 -1 -1 0 0 0 -1 0 0 -1 -1 -1 -1 0 0 -1 0 0 0 0 -1 -1 -1 -1 0 0 0 0 -1 0 -1 0 0 0 0 -1 -1 0 -1 -1 -1 0 0 0 0 0 -1 -1 -1 -1 -1 0 0 0 0 0 -1 -1 0 -1 -1 0 -1 0 -1 -1 0 -1 -1 0 0 0 -1 -1 -1 -1 0 0 0 0 0 0 -1 -1 0 0 0 -1 -1 0 -1 0 -1 0 0 -1 0 -1 0 0 0 0 0 0 0 -1 0 0 0 0 0 -1 0 0 -1 0 -1 -1 0 -1 -1 -1 0 -1 -1 -1 -1 -1 -1 -1 0 -1 -1 0 -1 0 -1 0 -1 -1 0 0 0 0 0 -1 -1 -1 -1 -1 0 0 0 -1 0 0 -1 -1 0 -1 0 -1 0 -1 -1 -1 -1 -1 0 -1 0 -1 0 0 -1 0 -1 0 -1 0 0 -1 -1 0 0 -1 -1 0 0 -1 0 0 0 -1 -1 0 0 -1 -1 0 -1 0 0 -1 -1 0 0 -1 0 0 -1 -1 -1 -1 0 0 0 0 0 -1 0 -1 0 0 0 -1 0 -1 -1 0 -1 0 -1 0 0 -1 -1 0 -1 0 -1 0 -1 -1 -1 0 0 0 -1 -1 0 -1 0 0 0 -1 -1 -1 -1 -1 -1 0 0 -1 -1 -1 0 0 -1 -1 -1 -1 0 -1 -1 0 0 0 0 0 -1 0 0 0 -1 -1 0 -1 0 0 0 -1 0 0 0 0 0 -1 0 0 0 0 -1 -1 -1 -1 -1 0 -1 -1 -1 0 0 0 0 -1 -1 -1 0 -1 -1 -1 0 -1 -1 -1 -1 0 0 0 0 -1 -1 -1 -1 -1 -1 0 0 -1 0 -1 -1 -1 0 0 -1 0 -1 0 -1 -1 0 0 -1 -1 0 0 0 -1 0 -1 0 0 -1 0 -1 -1 -1 0 -1 -1 -1 0 0 0 -1 0 -1 0 -1 0 -1 0 -1 -1 0 -1 -1 0 0 0 0 0 0 0 -1 0 0 -1 0 0 0 0 0 -1 0 -1 -1 0 -1 -1 0 0 -1 0 -1 -1 0 0 -1 0 -1 -1 0 0 0 0 0 0 -1 -1 0 -1 -1 0 -1 -1 0 0 -1 -1 -1 0 0 0 0 0 -1 0 0 0 -1 -1 -1 -1 0 0 -1 -1 0 -1 -1 -1 0 -1 -1 -1 0 -1 0 -1 0 -1 0 0 -1 0 0 0 0 -1 -1 -1 -1 -1 -1 -1 -1 0 0 -1 -1 0 -1 0 0 0 0 -1 0 -1 0 -1 0 0 0 -1 0 -1 -1 0 -1 0 0 -1 -1 -1 0 0 -1 0 -1 -1 0 0 -1 -1 -1 -1 -1 -1 -1 -1 -1 0 0 0 0 -1 -1 0 -1 0 -1 -1 0 0 0 -1 0 0 0 0 -1 0 -1 0 -1 0 0 -1 0 -1 -1 0 -1 0 0 -1 -1 0 0 0 0 -1 -1 0 -1 0 -1 0 0 0 0 -1 -1 -1 0 0 0 -1 -1 -1 -1 -1 -1 0 0 0 0 -1 0 -1 0 -1 0 -1 0 0 0 -1 -1 -1 0 -1 -1 -1 0 0 0 0 0 0 -1 0 0 0 -1 -1 -1 -1 0 0 0 0 -1 -1 0 0 0 -1 0 -1 -1 0 -1 -1 0 0 -1 0 0 -1 0 -1 0 0 0 0 0 0 0 -1 -1 0 0 0 0 -1 0 0 -1 -1 -1 -1 0 0 0 -1 -1 -1 -1 0 -1 0 0 0 -1 -1 -1 0 -1 -1 -1 0 -1 -1 0 -1 -1 -1 0 0 0 -1 -1 -1 0 -1 -1 -1 -1 0 0 0 0 0 -1 0 -1 0 0 -1 0 0 -1 0 0 0 0 0 -1 0 0 -1 0 -1 -1 0 0 -1 -1 0 0 0 0 -1 -1 0 -1 -1 -1 -1 -1 0 -1 0 0 0 -1 -1 -1 0 0 -1 0 0 -1 -1 0 0 0 0 -1 0 -1 0 0 0 -1 -1 0 0 0 0 -1 0 -1 0 0 0 0 0 0 -1 -1 -1 0 0 -1 -1 0 0 0 -1 -1 0 0 0 0 -1 0 0 0 0 0 0 0 0 0 0 -1 0 0 -1 0 0 -1 0 -1 -1 -1 -1 0 0 -1 0 -1 0 0 -1 -1 -1 0 0 -1 0 -1 0 0 0 -1 0 -1 -1 -1 0 -1 -1 0 0 -1 -1 -1 -1 0 0 -1 0 0 -1 -1 -1 0 0 0 -1 -1 -1 -1 0 0 -1 -1 -1 -1 -1 -1 -1 -1 0 0 0 -1 0 0 0 0 -1 0 -1 0 0 0 0 0 0 0 -1 0 -1 0 0 0 -1 0 -1 0 0 0 -1 -1 -1 0 -1 -1 0 0 0 0 0 -1 0 -1 -1 0 0 0 -1 0 -1 -1 -1 -1 0 -1 0 -1 0 -1 -1 -1 0 0 0 -1 -1 -1 0 0 -1 -1 -1 -1 0 -1 0 -1 -1 0 0 -1 -1 -1 -1 -1 -1 -1 -1 0 0 0 0 -1 -1 0 0 -1 -1 0 -1 0 0 -1 0 -1 0 -1 -1 -1 -1 0 0 -1 0 -1 -1 -1 -1 0 -1 -1 -1 -1 -1 0 -1 0 0 -1 -1 -1 -1 -1 -1 0 0 0 0 -1 0 0 0 0 0 -1 0 -1 0 -1 -1 0 -1 -1 0 -1 -1 0 -1 -1 -1 -1 0 0 0 -1 -1 -1 0 0 -1 -1 -1 0 -1 -1 0 0 -1 -1 -1 0 -1 -1 0 -1 0 -1 0 -1 0 0 -1 -1 -1 0 0 -1 -1 0 0 -1 -1 0 -1 -1 0 -1 0 0 -1 -1 0 0 0 -1 -1 -1 0 -1 0 0 -1 0 -1 -1 0 -1 -1 -1 -1 -1 -1 0 0 0 -1 0 -1 -1 -1 0 0 0 -1 0 -1 0 0 -1 -1 -1 -1 -1 0 0 -1 -1 -1 -1 0 0 0 0 -1 0 0 -1 0 -1 -1 0 -1 -1 -1 -1 -1 0 -1 0 0 -1 0 -1 0 0 0 -1 0 -1 0 0 0 0 0 -1 -1 -1 0 0 0 -1 -1 -1 -1 -1 -1 0 0 -1 0 -1 0 -1 0 -1 -1 -1 0 0 0 0 -1 0 -1 -1 -1 -1 -1 0 0 0 -1 -1 0 -1 0 -1 0 0 -1 -1 0 -1 -1 0 -1 -1 0 -1 0 -1 -1 0 -1 0 -1 -1 -1 0 -1 -1 0 -1 0 0 0 -1 0 0 0 -1 0 -1 -1 0 -1 0 0 0 0 0 0 -1 -1 0 -1 0 0 0 0 0 0 -1 -1 0 0 0 -1 0 -1 0 -1 0 0 0 0 -1 -1 -1 0 -1 -1 0 -1 0 0 0 0 -1 0 0 0 -1 -1 -1 0 0 0 -1 0 -1 -1 0 -1 0 -1 0 -1 0 0 -1 -1 -1 -1 -1 0 0 -1 -1 -1 0 0 0 -1 -1 0 -1 -1 -1 0 -1 0 0 -1 -1 -1 0 0 -1 -1 -1 -1 0 -1 0 -1 0 0 -1 -1 -1 -1 0 -1 -1 -1 -1 -1 0 0 -1 0 0 0 -1 0 -1 -1 0 -1 0 -1 0 0 0 0 0 0 -1 0 -1 -1 0 -1 0 -1 -1 -1 0 0 -1 0 0 0 0 0 -1 0 0 -1 -1 0 -1 0 0 0 -1 -1 0 -1 0 0 -1 -1 0 -1 0 -1 -1 -1 -1 -1 0 0 0 0 0 -1 -1 -1 -1 0 0 0 -1 -1 0 0 0 0 -1 0 0 -1 -1 -1 0 -1 -1 -1 0 0 -1 0 -1 -1 -1 0 0 -1 -1 -1 0 0 -1 0 0 -1 0 -1 0 0 0 -1 0 -1 -1 0 0 0 -1 -1 -1 -1 -1 0 -1 0 -1 0 -1 0 -1 0 -1 -1 0 0 -1 -1 -1 -1 -1 -1 -1 0 0 -1 0 -1 0 -1 -1 -1 -1 0 0 0 0 -1 -1 0 -1 0 0 -1 0 0 0 -1 -1 0 0 -1 0 -1 -1 0 0 0 -1 -1 0 -1 0 -1 -1 0 0 0 0 0 0 0 -1 0 0 -1 -1 0 -1 0 0 -1 0 -1 0 -1 0 0 0 -1 -1 0 -1 -1 -1 0 -1 -1 0 -1 -1 0 0 0 -1 0 0 0 0 -1 0 0 0 0 -1 0 0 -1 0 0 -1 0 0 -1 -1 0 -1 -1 -1 0 -1 -1 0 0 0 -1 0 0 0 -1 -1 -1 0 -1 -1 0 0 0 0 0 0 0 0 0 0 0 -1 -1 -1 0 -1 -1 -1 -1 0 0 0 0 0 -1 -1 -1 -1 -1 -1 0 0 -1 0 -1 -1 -1 0 -1 -1 0 0 0 -1 -1 -1 -1 0 -1 0 0 0 -1 -1 -1 -1 0 -1 0 -1 -1 -1 -1 0 0 -1 -1 0 0 0 0 0 0 0 0 0 0 0 -1 -1 -1 0 -1 0 -1 -1 0 0 -1 0 0 0 -1 -1 0 -1 0 -1 0 -1 -1 0 0 -1 0 0 -1 -1 -1 -1 0 -1 -1 0 -1 -1 -1 -1 0 0 0 -1 0 0 0 0 -1 -1 0 0 -1 -1 0 -1 0 0 0 0 -1 -1 -1 -1 0 0 0 0 0 -1 -1 -1 0 0 0 -1 -1 0 -1 -1 0 0 0 0 0 -1 0 -1 0 0 0 -1 0 0 0 0 -1 0 -1 0 -1 0 0 0 0 0 -1 0 -1 -1 -1 0 -1 0 -1 -1 0 -1 -1 -1 -1 0 -1 0 0 -1 -1 0 0 0 0 0 -1 -1 0 0 -1 0 -1 -1 -1 0 -1 -1 0 0 -1 0 -1 0 0 0 -1 0 0 0 0 -1 0 0 -1 0 -1 0 0 0 -1 0 -1 0 -1 -1 -1 0 0 0 0 0 0 -1 0 -1 0 -1 -1 0 -1 0 0 -1 -1 -1 0 0 -1 -1 -1 -1 0 0 0 -1 0 -1 -1 0 0 -1 0 0 0 -1 -1 0 -1 -1 -1 0 0 -1 0 -1 -1 0 0 0 -1 -1 0 0 0 0 0 -1 0 -1 0 -1 0 0 -1 0 -1 -1 -1 0 -1 0 -1 -1 -1 0 -1 0 0 0 0 0 0 -1 0 0 -1 0 0 0 0 0 -1 0 -1 -1 -1 0 0 0 -1 0 0 0 0 0 -1 -1 -1 0 -1 -1 0 -1 -1 0 -1 -1 -1 0 0 -1 -1 -1 0 0 -1 0 -1 -1 0 0 -1 0 -1 0 0 0 -1 -1 -1 0 0 -1 0 -1 -1 0 0 -1 0 0 0 -1 0 -1 -1 0 -1 0 -1 -1 -1 0 0 0 -1 0 -1 0 0 0 -1 0 -1 -1 -1 -1 0 0 -1 0 -1 0 0 -1 -1 0 0 0 0 -1 0 0 -1 0 -1 -1 -1 -1 -1 0 0 -1 -1 -1 0 -1 0 -1 0 0 -1 0 0 -1 -1 -1 0 -1 -1 -1 -1 -1 -1 -1 0 0 0 0 0 -1 -1 0 0 -1 -1 0 0 -1 0 0 0 -1 0 -1 -1 -1 0 -1 -1 -1 0 0 -1 -1 -1 0 0 -1 0 0 -1 0 -1 -1 0 -1 0 0 0 -1 0 0 0 0 -1 0 0 -1 -1 0 -1 -1 -1 0 0 -1 0 0 -1 0 -1 0 0 -1 -1 -1 -1 -1 -1 0 0 0 0 0 -1 0 0 0 -1 0 0 -1 -1 0 0 0 0 -1 0 0 -1 0 -1 -1 0 0 0 -1 -1 -1 0 -1 0 -1 -1 -1 -1 -1 0 0 -1 0 -1 -1 0 -1 -1 0 0 -1 -1 -1 0 -1 -1 -1 -1 0 0 -1 0 -1 0 0 0 -1 -1 0 -1 0 0 -1 0 0 -1 -1 -1 0 0 0 0 0 -1 0 -1 -1 -1 0 0 -1 -1 0 0 0 -1 0 0 -1 -1 0 -1 0 0 0 -1 -1 -1 -1 -1 -1 0 0 -1 0 0 0 0 0 0 -1 -1 -1 0 -1 -1 -1 -1 0 -1 -1 -1 -1 0 -1 -1 0 -1 -1 -1 -1 0 -1 -1 0 -1 0 0 0 0 -1 -1 -1 0 -1 -1 -1 0 -1 0 0 -1 -1 -1 -1 0 -1 -1 0 0 0 0 -1 0 0 0 -1 0 0 -1 0 0 0 -1 -1 0 0 0 -1 -1 -1 0 -1 -1 0 -1 -1 0 -1 -1 0 0 -1 -1 0 -1 0 -1 0 -1 0 -1 -1 0 0 -1 -1 -1 -1 -1 -1 0 0 -1 -1 0 -1 0 -1 0 0 0 -1 0 0 0 0 -1 0 0 0 0 -1 0 -1 0 0 0 -1 -1 0 -1 0 0 0 0 0 0 0 -1 0 -1 0 -1 -1 -1 -1 0 -1 -1 -1 0 0 0 -1 -1 0 0 0 -1 0 0 0 -1 0 -1 -1 0 0 -1 -1 -1 -1 -1 0 0 -1 -1 -1 0 0 0 0 0 -1 -1 -1 0 0 0 0 0 -1 -1 -1 -1 0 0 -1 -1 0 0 -1 0 0 0 0 0 0 0 0 -1 -1 0 0 -1 0 0 0 -1 0 0 0 -1 -1 0 -1 -1 0 -1 -1 -1 -1 -1 -1 -1 0 -1 -1 -1 -1 0 -1 0 -1 -1 -1 -1 -1 0 -1 -1 -1 -1 0 -1 -1 0 -1 -1 -1 -1 -1 0 0 -1 -1 -1 -1 0 0 -1 0 -1 0 0 0 0 0 0 0 0 0 -1 0 -1 0 0 0 0 0 0 -1 -1 -1 0 -1 0 -1 0 -1 -1 -1 -1 -1 -1 -1 -1 -1 0 -1 0 -1 0 0 -1 -1 -1 0 0 0 -1 -1 -1 0 -1 -1 -1 -1 -1 0 0 -1 -1 0 0 0 0 0 0 0 0 0 0 -1 -1 0 -1 -1 -1 -1 0 -1 -1 0 -1 -1 -1 0 0 0 -1 -1 -1 0 -1 0 -1 -1 -1 -1 -1 0 -1 -1 -1 -1 0 -1 0 0 -1 0 0 0 -1 0 0 0 -1 0 -1 0 -1 -1 -1 0 -1 0 -1 0 -1 -1 -1 0 0 0 -1 0 -1 -1 0 -1 0 -1 -1 -1 0 -1 -1 -1 0 0 0 0 -1 0 0 0 0 0 0 -1 -1 0 0 0 -1 0 -1 -1 0 0 0 -1 -1 -1 0 0 -1 0 -1 -1 -1 -1 -1 0 -1 -1 -1 -1 -1 0 -1 -1 -1 -1 0 0 0 -1 0 -1 0 0 0 0 -1 0 -1 0 0 0 -1 -1 -1 0 -1 -1 -1 -1 -1 -1 0 -1 0 -1 -1 -1 0 -1 0 0 0 0 0 -1 -1 0 0 0 0 0 -1 0 0 -1 0 0 0 -1 0 0 0 0 -1 -1 -1 -1 -1 0 0 0 0 -1 -1 0 -1 -1 -1 0 -1 0 -1 0 0 -1 -1 -1 0 -1 0 0 0 -1 -1 0 0 -1 0 0 0 -1 0 0 0 0 -1 0 0 -1 0 -1 0 0 0 -1 -1 -1 0 0 0 0 -1 0 0 0 0 0 -1 -1 -1 -1 0 -1 -1 -1 0 0 0 0 0 0 -1 -1 -1 0 0 -1 0 -1 0 -1 -1 -1 0 0 -1 0 0 -1 -1 0 0 -1 0 -1 0 0 -1 -1 0 -1 -1 0 0 -1 -1 -1 0 0 -1 -1 -1 -1 0 -1 -1 0 -1 0 -1 0 -1 -1 -1 0 -1 -1 0 -1 -1 0 -1 -1 -1 0 0 -1 -1 -1 -1 -1 -1 0 0 0 0 -1 0 0 0 0 -1 0 0 -1 -1 0 -1 -1 -1 -1 -1 0 -1 0 0 -1 0 -1 0 0 -1 0 -1 0 -1 0 -1 -1 0 -1 -1 -1 0 0 0 -1 0 -1 0 0 0 0 -1 0 0 -1 -1 -1 -1 0 0 -1 -1 -1 0 -1 0 0 -1 -1 0 0 -1 -1 0 0 -1 -1 -1 -1 -1 0 0 0 -1 0 -1 0 -1 -1 0 0 -1 0 0 0 -1 0 -1 0 -1 0 0 -1 -1 0 0 0 0 -1 -1 -1 0 0 -1 -1 -1 -1 0 0 0 -1 0 -1 0 0 -1 -1 -1 0 0 -1 -1 -1 0 -1 0 0 -1 0 0 0 -1 0 0 -1 -1 -1 -1 -1 0 -1 -1 -1 -1 -1 -1 -1 -1 0 -1 0 -1 -1 0 -1 -1 0 0 0 0 0 0 -1 -1 -1 0 -1 0 -1 0 0 0 -1 -1 -1 0 0 -1 -1 0 0 -1 0 -1 -1 0 0 -1 -1 0 -1 -1 0 0 -1 -1 -1 0 -1 0 -1 -1 -1 -1 0 0 0 -1 0 -1 0 0 -1 -1 0 0 0 -1 -1 -1 -1 0 -1 -1 0 -1 -1 -1 0 0 0 0 0 -1 0 0 0 -1 -1 -1 -1 0 0 0 0 0 0 -1 -1 -1 0 0 -1 0 0 0 -1 -1 -1 0 0 -1 -1 0 0 0 0 0 0 0 -1 -1 0 -1 0 -1 -1 -1 0 0 -1 0 -1 0 0 0 0 0 -1 -1 -1 -1 -1 0 0 -1 0 -1 -1 -1 -1 -1 -1 0 -1 0 -1 -1 -1 -1 -1 0 0 0 -1 0 0 -1 -1 0 -1 -1 0 0 0 0 0 -1 0 0 0 -1 0 0 -1 0 -1 0 -1 0 -1 -1 -1 0 -1 -1 -1 -1 -1 -1 -1 0 0 0 -1 -1 0 -1 0 0 0 -1 -1 0 0 -1 -1 0 0 -1 0 -1 0 0 0 -1 0 0 -1 -1 0 -1 0 -1 -1 -1 -1 -1 0 -1 0 0 0 0 -1 -1 0 0 0 -1 0 0 0 0 -1 0 0 0 -1 -1 0 0 -1 0 0 -1 -1 -1 -1 0 0 -1 -1 -1 0 0 -1 0 -1 -1 0 -1 -1 -1 0 0 0 0 -1 -1 0 0 -1 0 -1 -1 -1 0 0 -1 -1 -1 -1 -1 0 -1 -1 -1 -1 0 -1 -1 -1 -1 -1 0 0 0 0 0 0 0 -1 0 0 0 -1 0 0 -1 -1 0 0 -1 0 -1 0 0 -1 0 -1 0 -1 0 -1 0 -1 -1 0 -1 0 0 0 0 0 0 0 -1 -1 -1 -1 -1 -1 0 0 -1 -1 0 -1 0 0 -1 -1 -1 -1 0 -1 0 -1 0 -1 -1 -1 -1 -1 -1 -1 -1 -1 0 0 0 0 0 -1 0 -1 -1 -1 0 0 0 -1 -1 -1 0 0 0 -1 0 0 -1 0 0 0 0 -1 -1 -1 0 -1 0 -1 0 0 -1 0 -1 -1 -1 -1 -1 -1 -1 -1 0 0 -1 0 -1 0 0 0 -1 0 0 0 -1 -1 0 -1 -1 -1 -1 0 -1 -1 -1 -1 -1 -1 0 0 0 0 0 0 -1 -1 -1 0 -1 -1 -1 0 0 -1 0 -1 0 0 0 0 -1 -1 0 -1 -1 0 -1 0 -1 0 -1 -1 -1 0 0 0 -1 -1 0 0 -1 0 -1 0 -1 -1 0 0 0 0 -1 0 -1 -1 -1 -1 0 -1 -1 0 -1 0 -1 -1 0 -1 0 -1 0 -1 -1 -1 -1 -1 -1 0 0 0 0 0 -1 0 -1 0 -1 0 0 0 0 0 -1 -1 0 0 0 0 -1 -1 -1 0 -1 0 0 -1 -1 -1 0 0 0 0 -1 -1 0 -1 0 -1 0 0 -1 0 -1 -1 0 -1 -1 -1 0 0 -1 0 0 0 0 -1 -1 0 -1 0 -1 0 0 0 -1 0 0 0 -1 -1 -1 0 0 -1 0 0 -1 -1 -1 -1 0 0 0 -1 0 -1 -1 0 0 0 -1 0 0 -1 -1 0 -1 0 -1 0 -1 -1 -1 0 0 0 0 0 0 -1 0 0 0 -1 -1 -1 0 -1 -1 0 0 0 0 0 0 0 0 -1 0 -1 0 -1 0 0 -1 -1 -1 0 -1 0 0 -1 0 -1 0 -1 -1 0 0 0 -1 -1 0 0 -1 -1 -1 0 -1 -1 -1 -1 0 0 -1 0 0 0 -1 -1 -1 -1 -1 0 0 -1 -1 -1 0 0 0 0 0 -1 -1 -1 0 0 0 0 -1 -1 0 -1 0 -1 0 0 -1 0 0 0 -1 -1 -1 0 0 -1 -1 -1 0 0 0 0 0 -1 0 0 -1 -1 -1 -1 -1 0 0 -1 0 -1 0 0 0 0 0 -1 -1 -1 -1 -1 0 0 0 0 0 0 0 -1 -1 -1 0 -1 -1 -1 0 -1 -1 0 0 0 0 -1 -1 -1 -1 0 -1 0 0 0 -1 0 -1 0 -1 0 -1 0 -1 -1 0 0 0 -1 0 -1 -1 -1 -1 -1 0 -1 -1 0 0 0 -1 -1 -1 -1 -1 0 -1 -1 0 -1 0 -1 0 0 0 -1 0 0 0 -1 -1 -1 -1 -1 0 -1 -1 0 -1 0 0 -1 -1 0 0 -1 0 0 -1 0 0 0 -1 -1 -1 -1 -1 -1 -1 -1 -1 -1 0 0 -1 0 -1 -1 0 0 -1 0 0 -1 -1 -1 0 0 -1 -1 0 -1 -1 0 0 0 0 0 -1 -1 0 -1 -1 0 0 0 -1 -1 0 -1 -1 0 0 -1 -1 0 -1 0 0 -1 0 0 -1 0 0 0 -1 0 0 0 -1 0 0 0 -1 0 0 0 -1 -1 0 0 0 0 -1 0 0 0 -1 -1 0 -1 -1 0 -1 0 0 0 0 -1 -1 0 -1 -1 0 0 0 -1 -1 -1 -1 -1 -1 0 0 0 -1 0 -1 -1 0 -1 0 0 -1 0 0 0 -1 -1 -1 -1 -1 0 0 0 -1 -1 0 -1 -1 0 -1 0 -1 0 0 0 -1 -1 -1 -1 0 -1 0 -1 -1 0 -1 -1 -1 -1 -1 -1 0 -1 0 0 -1 -1 -1 -1 0 -1 -1 -1 -1 -1 -1 0 -1 0 -1 -1 -1 0 -1 0 0 0 -1 0 -1 0 0 0 -1 -1 -1 0 0 -1 -1 -1 0 -1 -1 0 0 0 0 0 -1 0 -1 0 0 0 -1 0 -1 -1 -1 -1 0 0 -1 -1 -1 0 0 0 -1 -1 -1 -1 0 0 -1 -1 -1 0 0 0 -1 -1 -1 -1 0 0 -1 0 0 0 -1 0 0 0 -1 -1 0 -1 -1 -1 0 0 -1 -1 -1 0 0 -1 -1 -1 -1 0 0 0 0 0 0 0 -1 0 -1 -1 -1 0 0 0 0 -1 0 0 0 -1 0 0 -1 0 -1 -1 0 -1 0 -1 0 -1 0 0 0 0 -1 -1 -1 0 -1 -1 -1 0 0 0 0 0 0 0 0 0 0 -1 0 -1 0 0 -1 0 0 0 -1 0 -1 -1 -1 -1 -1 -1 -1 -1 0 0 -1 0 0 0 0 0 0 -1 0 -1 0 -1 0 0 0 -1 0 0 0 -1 0 -1 -1 -1 -1 0 -1 -1 0 0 -1 -1 0 -1 0 -1 0 -1 -1 0 0 0 0 0 -1 -1 0 0 0 0 0 -1 -1 0 0 0 0 -1 0 -1 -1 0 -1 0 -1 -1 0 -1 0 0 0 0 -1 -1 -1 0 -1 0 -1 -1 -1 -1 0 0 -1 0 -1 -1 -1 0 -1 -1 -1 0 0 0 -1 -1 -1 0 0 -1 -1 0 0 0 0 -1 0 0 0 0 -1 0 0 0 0 -1 0 0 -1 0 -1 -1 0 -1 0 0 -1 -1 0 0 -1 -1 -1 0 0 -1 0 -1 -1 0 0 -1 0 0 -1 0 0 0 -1 -1 -1 0 -1 0 0 -1 -1 0 -1 0 0 -1 0 -1 -1 -1 -1 0 0 0 -1 -1 -1 0 -1 0 0 -1 0 0 0 -1 0 -1 0 -1 -1 0 0 -1 0 0 -1 -1 0 0 0 -1 -1 -1 0 0 0 -1 -1 0 -1 0 0 0 -1 0 -1 0 -1 0 0 0 -1 0 -1 -1 -1 -1 -1 -1 -1 -1 -1 -1 -1 0 0 -1 0 -1 0 -1 -1 0 -1 -1 -1 0 -1 0 0 0 -1 0 -1 -1 0 -1 0 0 -1 0 -1 0 -1 0 -1 0 -1 -1 0 0 0 0 -1 -1 0 0 0 0 0 -1 0 -1 -1 0 -1 0 0 -1 0 0 -1 0 0 -1 0 -1 -1 -1 -1 0 0 0 0 0 -1 -1 -1 0 -1 -1 -1 -1 0 -1 -1 -1 -1 0 -1 -1 -1 0 0 -1 -1 -1 0 0 -1 -1 -1 -1 0 0 0 0 0 -1 -1 0 0 0 0 0 0 -1 -1 0 -1 -1 -1 -1 -1 0 0 -1 -1 0 -1 -1 0 0 -1 0 -1 0 -1 0 -1 -1 0 0 0 0 0 0 -1 0 0 0 0 -1 0 0 0 -1 0 0 -1 -1 0 0 -1 -1 -1 -1 -1 -1 0 0 -1 0 0 0 0 0 0 -1 0 0 0 -1 -1 -1 -1 -1 -1 0 0 0 0 -1 -1 0 0 0 0 -1 0 0 0 -1 0 0 0 -1 0 0 -1 0 -1 0 0 0 0 -1 0 -1 0 -1 -1 -1 -1 0 -1 -1 0 -1 -1 -1 0 0 -1 -1 -1 -1 -1 0 -1 0 -1 0 -1 0 0 -1 0 -1 0 -1 -1 -1 -1 0 -1 0 -1 0 0 -1 -1 -1 0 0 0 -1 -1 -1 0 0 -1 0 0 0 -1 0 -1 0 0 0 -1 -1 0 0 0 -1 0 -1 0 0 0 -1 -1 0 0 0 0 -1 0 0 -1 0 -1 -1 0 -1 -1 -1 0 -1 0 0 0 -1 -1 0 0 -1 -1 0 -1 -1 0 0 0 0 0 0 0 -1 0 -1 -1 -1 -1 -1 -1 0 0 -1 -1 -1 -1 -1 -1 0 -1 -1 0 0 0 0 -1 0 -1 0 0 -1 0 0 0 -1 -1 0 0 -1 -1 -1 0 0 -1 0 -1 0 0 0 -1 0 0 0 0 0 0 -1 -1 -1 -1 0 0 0 -1 -1 0 0 -1 0 -1 -1 0 0 0 -1 -1 -1 -1 -1 -1 0 0 -1 -1 0 -1 0 -1 0 0 0 -1 -1 0 0 0 0 0 0 0 -1 0 0 -1 0 -1 0 -1 -1 -1 0 0 0 0 0 0 0 0 -1 0 0 -1 0 -1 -1 0 0 -1 0 0 -1 -1 -1 0 0 0 -1 0 -1 0 -1 -1 0 0 -1 -1 -1 0 -1 0 0 -1 -1 -1 -1 -1 0 0 0 -1 -1 0 -1 0 0 0 0 0 0 0 -1 -1 0 -1 0 -1 -1 0 0 0 0 -1 -1 -1 -1 0 -1 0 0 -1 0 -1 0 0 -1 -1 0 -1 -1 -1 -1 -1 -1 -1 0 -1 -1 0 -1 0 -1 0 -1 -1 -1 -1 -1 -1 0 -1 0 0 -1 -1 0 -1 -1 0 0 0 -1 0 0 -1 -1 0 -1 -1 -1 -1 0 -1 0 -1 -1 0 -1 -1 0 0 0 0 -1 0 0 -1 0 -1 -1 0 -1 0 -1 -1 0 0 0 -1 -1 0 0 0 -1 -1 -1 -1 -1 -1 -1 0 0 0 -1 0 0 0 -1 0 -1 0 -1 0 -1 -1 -1 -1 0 0 -1 0 0 -1 0 0 0 -1 -1 -1 -1 0 -1 0 0 0 -1 0 0 -1 -1 0 -1 -1 0 -1 -1 -1 0 -1 -1 -1 -1 -1 0 -1 0 -1 -1 -1 0 -1 0 0 -1 -1 0 -1 0 0 -1 0 -1 0 0 0 -1 -1 -1 -1 -1 0 0 0 0 0 -1 -1 0 0 -1 0 0 -1 -1 0 -1 0 -1 0 -1 0 0 0 0 0 0 -1 -1 -1 -1 -1 0 0 -1 -1 0 0 0 -1 0 0 0 -1 0 0 0 0 0 -1 -1 0 0 -1 0 -1 0 -1 -1 -1 -1 0 -1 0 0 0 -1 -1 -1 0 -1 -1 -1 -1 0 -1 -1 0 0 0 0 0 0 0 -1 -1 0 0 -1 0 0 0 -1 0 0 0 0 -1 -1 0 0 -1 0 -1 -1 -1 0 -1 0 0 -1 0 0 -1 -1 0 -1 -1 -1 -1 0 0 0 0 0 0 0 0 0 0 0 0 0 -1 -1 0 0 -1 0 -1 0 -1 0 0 -1 -1 -1 -1 -1 0 0 0 0 0 -1 -1 0 -1 0 -1 0 0 0 0 -1 -1 -1 0 -1 -1 -1 -1 -1 0 0 0 0 0 -1 0 -1 -1 0 0 0 -1 -1 -1 -1 -1 0 -1 -1 -1 -1 -1 0 -1 0 0 -1 0 -1 -1 0 0 0 0 0 -1 -1 -1 0 0 -1 -1 0 0 -1 -1 0 -1 0 -1 0 0 0 -1 0 -1 -1 -1 -1 0 0 -1 0 -1 -1 -1 -1 0 -1 -1 0 -1 0 -1 0 0 -1 0 0 -1 -1 -1 -1 0 0 -1 -1 0 0 -1 -1 -1 -1 -1 0 -1 0 -1 0 0 -1 -1 0 0 -1 0 0 -1 -1 -1 0 -1 -1 -1 0 0 0 -1 -1 -1 -1 -1 0 -1 0 0 -1 0 -1 0 -1 -1 -1 0 0 0 0 0 -1 -1 0 -1 0 -1 -1 -1 -1 0 -1 0 0 0 -1 -1 0 0 -1 -1 -1 0 -1 -1 -1 -1 0 -1 0 -1 0 0 0 -1 -1 -1 0 -1 0 -1 0 0 -1 0 0 -1 0 -1 -1 -1 -1 -1 -1 -1 -1 0 0 -1 0 0 -1 -1 -1 0 -1 -1 -1 -1 -1 0 -1 -1 -1 0 0 0 -1 -1 0 -1 -1 0 0 -1 -1 -1 -1 0 0 -1 -1 -1 -1 0 0 -1 0 -1 -1 -1 -1 0 -1 0 -1 -1 0 -1 0 -1 0 -1 -1 0 0 -1 0 -1 -1 0 -1 0 0 0 -1 -1 0 -1 -1 -1 0 -1 -1 0 0 0 0 0 -1 0 -1 0 -1 -1 0 -1 0 0 0 0 0 0 -1 -1 -1 0 0 0 0 -1 -1 -1 -1 -1 -1 -1 0 0 0 0 -1 0 0 -1 0 -1 0 0 -1 -1 -1 -1 0 0 0 0 0 0 0 -1 -1 0 -1 -1 0 -1 -1 -1 0 0 -1 -1 0 -1 0 0 0 -1 -1 -1 -1 0 -1 -1 -1 -1 0 -1 -1 -1 -1 -1 -1 -1 -1 -1 0 -1 0 -1 -1 0 -1 0 -1 -1 0 0 0 -1 -1 0 0 0 0 0 0 0 -1 0 -1 0 -1 0 -1 -1 -1 0 -1 0 0 -1 -1 0 -1 -1 -1 0 -1 0 0 0 0 0 0 0 0 0 -1 -1 -1 0 -1 -1 -1 0 -1 0 -1 0 0 -1 -1 0 0 -1 -1 -1 0 0 -1 -1 -1 -1 0 -1 -1 0 0 -1 -1 0 -1 0 0 -1 -1 -1 0 0 0 -1 0 0 -1 -1 0 0 -1 -1 -1 -1 0 0 -1 -1 0 0 -1 -1 -1 -1 -1 -1 0 0 0 -1 0 -1 -1 0 0 0 -1 -1 0 -1 0 0 -1 -1 -1 -1 0 0 0 0 0 -1 -1 0 0 -1 -1 -1 -1 0 0 -1 0 0 0 -1 -1 0 -1 -1 -1 0 -1 -1 -1 0 -1 0 0 0 -1 -1 -1 0 0 -1 0 0 0 0 -1 0 -1 -1 0 -1 -1 0 0 -1 -1 -1 -1 0 -1 -1 0 0 0 0 0 -1 0 -1 0 0 -1 0 -1 -1 0 0 0 0 -1 0 0 0 -1 0 -1 -1 -1 -1 -1 0 0 0 -1 0 0 0 0 -1 -1 0 -1 0 0 -1 0 -1 0 -1 0 0 0 0 0 0 0 0 -1 -1 0 0 -1 -1 0 -1 -1 0 0 0 0 -1 0 -1 -1 -1 -1 0 0 -1 -1 -1 -1 0 -1 0 0 0 -1 -1 -1 0 0 0 -1 0 0 -1 -1 -1 -1 -1 -1 -1 0 0 0 -1 0 -1 0 -1 0 0 0 -1 -1 0 0 0 0 0 0 -1 -1 -1 -1 -1 -1 0 -1 -1 0 0 -1 0 0 -1 -1 -1 -1 -1 0 0 0 -1 -1 0 -1 0 0 0 -1 0 -1 0 -1 -1 0 -1 0 -1 0 0 0 0 -1 -1 0 -1 -1 0 0 0 -1 0 -1 -1 0 -1 -1 0 -1 0 0 -1 -1 -1 -1 -1 -1 -1 -1 -1 -1 0 -1 -1 0 0 -1 0 -1 -1 -1 -1 -1 0 -1 0 0 0 -1 0 0 -1 -1 0 -1 -1 -1 0 -1 0 -1 -1 0 0 -1 0 0 0 0 0 0 -1 -1 -1 0 0 0 -1 0 0 0 0 0 -1 0 -1 -1 0 0 0 -1 0 0 -1 0 0 0 0 -1 -1 0 0 0 0 0 0 -1 -1 0 0 0 -1 -1 0 -1 0 -1 -1 0 -1 -1 -1 -1 0 -1 -1 0 0 -1 -1 0 0 -1 0 -1 0 0 0 0 -1 0 0 -1 -1 -1 0 0 0 0 0 -1 -1 -1 -1 -1 0 0 -1 0 -1 0 0 -1 -1 -1 0 -1 0 0 0 0 -1 -1 0 0 0 -1 -1 -1 0 0 0 -1 0 0 0 0 0 0 -1 -1 0 -1 0 -1 0 -1 -1 0 -1 0 0 0 -1 -1 0 0 0 -1 -1 -1 0 -1 -1 0 -1 -1 -1 -1 0 0 0 0 -1 0 -1 0 0 -1 0 -1 0 0 0 -1 -1 -1 0 -1 -1 0 0 0 0 -1 -1 0 0 0 -1 -1 0 0 0 -1 -1 -1 0 0 -1 -1 -1 -1 -1 0 0 0 -1 -1 -1 -1 -1 0 -1 0 0 0 0 0 0 0 0 0 -1 0 0 -1 -1 -1 -1 0 0 -1 -1 0 0 -1 -1 -1 0 -1 -1 -1 -1 0 -1 -1 0 -1 -1 -1 -1 0 0 -1 0 0 0 0 -1 0 -1 0 -1 0 -1 0 0 0 0 0 0 -1 -1 -1 0 0 -1 -1 -1 -1 0 0 0 -1 0 -1 -1 -1 -1 0 0 0 -1 0 0 -1 0 -1 0 0 0 -1 0 0 -1 0 -1 0 0 -1 0 -1 -1 -1 0 0 0 -1 0 0 0 0 -1 -1 0 -1 -1 0 0 0 0 0 0 -1 -1 0 0 -1 -1 0 0 0 -1 -1 -1 0 0 -1 -1 -1 -1 0 -1 -1 0 0 -1 0 0 0 0 0 -1 0 0 -1 0 -1 0 0 -1 0 0 0 -1 0 -1 -1 -1 0 0 -1 0 -1 -1 -1 0 0 0 -1 0 -1 -1 -1 -1 0 -1 0 -1 0 -1 0 -1 0 -1 0 0 -1 -1 0 0 -1 -1 0 0 0 0 0 -1 0 0 -1 -1 0 0 -1 -1 0 0 -1 -1 -1 -1 -1 -1 0 0 0 0 -1 0 0 0 0 -1 0 -1 -1 0 -1 0 -1 0 0 -1 -1 -1 -1 0 -1 0 0 0 -1 0 -1 0 0 0 0 -1 0 0 -1 0 0 -1 0 -1 0 -1 0 0 0 0 0 0 0 0 -1 0 -1 0 0 -1 0 0 -1 0 -1 -1 0 0 0 -1 -1 -1 -1 -1 0 -1 -1 -1 -1 0 0 0 -1 -1 0 0 0 0 -1 -1 0 0 -1 0 -1 0 -1 0 0 -1 -1 -1 0 0 -1 -1 -1 -1 0 -1 -1 -1 0 -1 0 -1 0 -1 -1 0 0 -1 0 0 -1 0 0 0 -1 0 0 -1 0 -1 -1 -1 -1 -1 -1 0 0 0 0 -1 -1 -1 0 0 0 -1 0 0 -1 -1 0 -1 -1 0 0 -1 0 -1 0 0 0 0 -1 0 -1 -1 0 -1 -1 -1 -1 -1 0 0 -1 0 0 0 -1 -1 0 0 0 -1 -1 0 0 -1 0 0 0 -1 0 -1 -1 0 0 0 0 0 -1 -1 -1 -1 0 -1 0 -1 -1 -1 0 -1 0 0 0 0 0 0 0 -1 -1 0 0 -1 0 -1 0 -1 0 0 0 0 0 -1 -1 -1 0 -1 0 0 -1 -1 0 0 0 0 0 -1 -1 0 0 0 0 0 0 -1 0 -1 -1 -1 -1 -1 0 -1 -1 -1 0 -1 0 0 0 0 0 -1 -1 -1 -1 0 0 0 0 -1 -1 -1 -1 -1 -1 0 0 -1 -1 0 0 0 0 -1 -1 -1 0 0 -1 0 0 0 0 -1 -1 -1 0 0 -1 0 0 0 -1 -1 0 0 0 -1 0 -1 -1 -1 0 0 -1 -1 0 0 -1 -1 0 0 -1 -1 0 -1 -1 0 0 -1 0 -1 0 -1 -1 -1 0 0 0 0 0 0 -1 -1 -1 -1 0 -1 -1 0 0 -1 -1 0 -1 -1 -1 0 0 -1 -1 -1 -1 -1 -1 -1 -1 0 -1 0 0 -1 0 -1 0 -1 0 0 0 0 -1 0 -1 -1 -1 -1 0 0 -1 0 -1 0 0 0 0 0 0 0 -1 -1 -1 0 -1 -1 -1 0 -1 0 0 -1 -1 0 0 0 0 -1 0 -1 -1 -1 0 0 0 0 0 0 -1 0 -1 0 -1 0 0 -1 0 0 -1 0 -1 0 -1 0 -1 -1 -1 -1 0 -1 -1 0 -1 0 -1 0 0 0 0 -1 0 0 -1 -1 -1 -1 -1 -1 0 0 -1 0 0 0 -1 0 -1 0 0 0 0 -1 -1 0 0 0 -1 -1 -1 0 -1 0 -1 -1 -1 0 0 -1 0 0 0 -1 -1 -1 0 -1 -1 0 -1 -1 0 -1 -1 0 -1 0 -1 -1 -1 0 -1 -1 0 -1 -1 -1 0 -1 0 -1 -1 -1 0 -1 0 -1 0 0 0 -1 0 0 0 -1 -1 -1 0 0 0 -1 -1 -1 -1 0 -1 0 -1 -1 0 0 0 0 -1 0 -1 -1 -1 -1 0 -1 -1 -1 -1 -1 0 -1 0 -1 0 0 0 -1 0 0 0 -1 -1 0 -1 0 0 0 0 0 0 0 0 0 0 -1 -1 0 0 -1 0 0 -1 0 -1 0 -1 0 -1 0 0 0 -1 0 0 -1 -1 -1 0 0 -1 0 0 0 0 0 -1 -1 -1 -1 0 -1 -1 0 0 0 0 0 -1 -1 0 -1 0 -1 -1 0 0 0 0 -1 0 -1 0 0 0 -1 -1 -1 0 0 -1 0 0 -1 -1 -1 0 -1 0 -1 0 0 -1 -1 -1 -1 -1 -1 -1 -1 0 0 0 -1 -1 0 -1 -1 -1 0 -1 0 -1 0 0 -1 0 0 -1 0 0 -1 -1 0 -1 -1 -1 -1 0 -1 0 -1 -1 0 0 -1 0 -1 0 0 -1 -1 0 -1 -1 0 0 0 0 -1 -1 -1 -1 0 -1 -1 -1 -1 -1 0 -1 -1 -1 -1 -1 0 0 -1 0 0 0 0 0 -1 -1 0 -1 -1 0 -1 0 -1 -1 -1 -1 0 -1 0 -1 -1 0 -1 0 -1 0 0 0 0 0 -1 0 -1 0 0 -1 -1 0 0 0 -1 -1 0 0 -1 0 0 -1 -1 -1 -1 0 -1 -1 0 -1 -1 0 0 -1 0 0 -1 -1 -1 -1 -1 0 -1 -1 -1 0 0 0 -1 0 0 -1 0 0 -1 -1 0 -1 -1 -1 0 -1 -1 -1 0 0 0 0 -1 0 0 -1 0 0 0 0 0 -1 0 0 0 0 -1 -1 0 -1 -1 0 -1 0 -1 -1 0 -1 -1 0 -1 -1 0 -1 0 0 -1 -1 0 0 -1 0 0 -1 0 0 0 0 -1 0 -1 0 0 0 -1 0 0 -1 0 0 -1 0 -1 0 -1 -1 -1 0 -1 -1 0 -1 0 0 0 0 -1 -1 -1 -1 0 0 0 -1 0 -1 -1 0 0 -1 0 0 -1 0 -1 -1 0 0 -1 0 -1 0 -1 -1 0 0 0 -1 0 -1 -1 0 -1 -1 0 -1 -1 0 0 -1 -1 0 -1 0 -1 -1 -1 -1 0 -1 -1 -1 0 0 0 0 -1 0 0 0 0 -1 0 -1 -1 0 0 -1 -1 -1 -1 0 0 -1 0 -1 -1 0 0 0 -1 0 -1 -1 -1 -1 -1 -1 0 0 -1 -1 -1 0 -1 -1 -1 -1 -1 -1 -1 0 -1 -1 -1 0 0 0 0 0 -1 -1 -1 0 0 0 0 -1 0 -1 0 0 0 -1 -1 -1 0 0 -1 -1 0 -1 0 0 0 -1 0 -1 -1 -1 -1 -1 0 0 -1 -1 0 -1 0 -1 0 0 0 0 0 0 0 -1 -1 -1 -1 0 0 -1 0 -1 -1 -1 -1 -1 -1 -1 -1 0 0 0 -1 -1 0 -1 -1 -1 -1 0 -1 -1 -1 -1 0 0 -1 0 -1 0 0 -1 0 -1 -1 0 -1 0 -1 0 0 -1 -1 -1 -1 0 0 -1 -1 0 -1 0 -1 0 0 -1 -1 -1 -1 -1 -1 -1 -1 -1 0 0 0 -1 0 0 -1 -1 0 -1 0 -1 -1 0 -1 0 -1 -1 0 0 -1 0 0 0 -1 -1 0 0 0 0 0 0 -1 -1 -1 -1 0 0 -1 -1 -1 0 -1 -1 0 -1 0 0 0 -1 -1 -1 -1 -1 -1 0 -1 0 0 -1 0 0 -1 -1 0 0 0 -1 -1 0 0 0 -1 -1 -1 -1 0 0 0 -1 0 0 -1 0 -1 0 -1 0 -1 -1 -1 0 -1 0 -1 -1 0 0 -1 -1 0 -1 -1 -1 -1 0 0 -1 0 -1 -1 0 0 -1 0 0 0 0 -1 0 -1 -1 -1 -1 -1 -1 0 -1 0 -1 -1 -1 -1 0 -1 -1 0 0 0 0 0 0 0 -1 -1 0 0 -1 0 -1 0 -1 0 0 -1 0 -1 -1 -1 0 0 -1 0 0 -1 -1 -1 -1 0 -1 0 0 0 -1 -1 -1 -1 0 0 -1 0 -1 -1 -1 -1 0 0 -1 -1 0 -1 -1 0 -1 -1 -1 -1 -1 -1 0 0 -1 -1 -1 0 -1 0 0 0 0 0 0 0 -1 -1 -1 -1 0 -1 0 -1 0 -1 0 0 -1 0 -1 -1 0 -1 -1 0 0 0 0 -1 0 0 0 0 -1 0 0 -1 -1 0 0 0 -1 -1 -1 -1 -1 -1 -1 0 0 0 0 0 0 0 0 0 0 -1 0 -1 0 -1 -1 -1 -1 -1 0 -1 0 -1 -1 0 0 0 -1 -1 -1 -1 0 -1 -1 0 0 -1 0 0 -1 0 0 0 -1 -1 -1 -1 -1 -1 0 -1 -1 -1 0 0 -1 -1 -1 -1 -1 0 0 0 -1 0 0 0 -1 0 -1 -1 -1 -1 0 -1 -1 0 0 0 -1 -1 0 0 -1 0 -1 0 0 0 0 0 -1 0 0 0 0 0 0 -1 -1 0 -1 -1 0 -1 -1 -1 -1 0 -1 -1 0 -1 0 -1 -1 -1 0 -1 -1 -1 0 -1 0 0 -1 0 -1 -1 -1 -1 -1 -1 0 0 0 0 -1 -1 0 0 -1 -1 0 -1 -1 0 -1 -1 0 0 -1 -1 0 0 0 0 -1 -1 -1 0 -1 0 0 -1 0 0 -1 -1 -1 -1 0 0 0 -1 -1 -1 -1 -1 0 0 -1 -1 0 -1 0 0 -1 -1 0 0 0 0 0 0 0 0 -1 -1 0 -1 -1 0 -1 -1 0 -1 -1 -1 -1 0 -1 0 0 -1 0 -1 -1 0 -1 0 -1 0 -1 0 -1 0 -1 -1 0 -1 -1 -1 -1 -1 -1 -1 0 0 0 0 -1 -1 0 0 -1 -1 -1 -1 -1 -1 -1 -1 -1 -1 0 -1 -1 -1 0 0 0 0 -1 0 -1 -1 0 0 0 -1 0 -1 -1 -1 0 0 0 -1 -1 0 0 -1 0 0 -1 0 -1 0 0 -1 0 -1 -1 0 0 0 0 -1 0 -1 -1 -1 0 0 0 0 0 -1 0 0 0 0 -1 -1 -1 -1 0 0 0 0 -1 -1 -1 -1 0 0 0 -1 0 0 0 -1 0 0 0 -1 0 0 -1 -1 0 0 -1 -1 0 -1 -1 -1 -1 0 -1 0 0 -1 0 -1 0 -1 -1 -1 0 0 0 0 -1 0 0 0 0 0 0 -1 -1 -1 -1 -1 0 0 -1 0 -1 -1 0 -1 -1 0 -1 -1 -1 0 -1 0 -1 0 0 -1 -1 0 0 0 0 -1 -1 -1 0 -1 -1 -1 -1 -1 0 -1 0 0 0 0 0 -1 -1 0 -1 -1 -1 -1 -1 -1 -1 0 -1 -1 -1 -1 -1 -1 0 -1 0 0 -1 -1 -1 0 0 -1 0 0 0 -1 -1 0 -1 0 0 -1 -1 0 -1 0 0 0 -1 -1 0 0 0 0 0 0 0 0 -1 -1 -1 0 -1 -1 -1 -1 0 0 0 -1 -1 -1 0 0 0 0 -1 -1 0 -1 -1 0 -1 0 0 0 -1 -1 0 0 -1 0 0 -1 -1 0 0 -1 -1 -1 0 -1 0 -1 0 0 -1 -1 0 -1 0 -1 -1 -1 0 -1 0 0 -1 -1 0 -1 0 -1 -1 0 -1 0 -1 0 -1 0 0 0 -1 -1 -1 0 0 0 0 0 -1 0 -1 -1 0 0 -1 -1 -1 -1 -1 -1 -1 0 0 -1 0 -1 0 -1 0 -1 -1 0 0 -1 -1 -1 -1 -1 0 0 0 -1 -1 -1 0 -1 -1 0 -1 0 -1 -1 0 -1 0 0 0 0 -1 -1 -1 -1 -1 0 0 -1 0 0 0 -1 -1 -1 0 -1 -1 0 0 -1 -1 0 0 0 -1 0 -1 0 0 0 -1 -1 0 0 -1 0 -1 0 0 0 0 0 -1 -1 -1 -1 -1 -1 -1 -1 -1 0 -1 -1 -1 0 0 0 -1 -1 0 -1 -1 0 -1 -1 -1 -1 0 0 0 0 0 -1 -1 -1 0 -1 0 0 -1 -1 0 0 -1 0 0 0 -1 -1 -1 -1 0 -1 0 0 -1 -1 0 0 -1 0 0 -1 -1 -1 -1 0 0 0 0 -1 0 0 -1 0 -1 -1 -1 0 -1 0 0 -1 -1 -1 0 0 0 0 0 0 0 -1 0 -1 -1 0 -1 -1 0 -1 0 0 0 -1 0 -1 -1 0 0 0 0 0 -1 -1 0 -1 -1 -1 -1 0 0 0 0 -1 -1 -1 -1 0 -1 0 0 -1 -1 -1 0 -1 0 -1 -1 -1 0 0 -1 -1 -1 0 -1 0 -1 -1 0 -1 0 0 -1 -1 -1 0 0 0 -1 0 -1 0 -1 -1 0 -1 0 -1 -1 0 0 0 -1 -1 0 -1 0 -1 0 0 -1 0 -1 -1 -1 -1 -1 -1 0 0 -1 0 0 0 -1 -1 -1 0 -1 -1 -1 -1 0 0 -1 -1 -1 0 -1 0 -1 0 -1 -1 0 0 0 0 -1 -1 -1 -1 0 -1 0 0 0 0 0 -1 -1 -1 0 0 0 -1 0 -1 0 0 -1 -1 -1 -1 -1 0 -1 0 -1 0 -1 0 -1 -1 0 0 0 -1 -1 -1 0 -1 -1 0 0 -1 -1 0 0 -1 0 -1 -1 -1 0 -1 0 0 0 -1 0 0 -1 0 0 -1 -1 -1 -1 -1 -1 0 0 -1 0 -1 0 -1 -1 -1 0 0 -1 -1 0 0 0 -1 0 0 -1 -1 -1 -1 -1 -1 -1 0 -1 0 -1 -1 -1 0 0 0 -1 -1 -1 -1 -1 0 -1 0 0 -1 0 -1 0 -1 0 -1 0 0 -1 0 -1 0 0 0 -1 0 0 0 0 -1 -1 -1 -1 0 -1 0 0 0 -1 0 -1 0 0 0 -1 -1 0 -1 -1 0 -1 0 -1 -1 -1 -1 0 0 -1 0 0 0 0 -1 0 0 0 0 -1 -1 -1 -1 0 -1 -1 -1 0 0 -1 -1 -1 -1 0 -1 -1 0 -1 -1 -1 0 -1 -1 -1 -1 -1 -1 0 -1 0 -1 -1 -1 0 0 -1 0 -1 -1 -1 0 -1 -1 -1 -1 -1 0 -1 -1 0 -1 -1 0 0 -1 -1 0 0 -1 -1 -1 -1 0 -1 -1 0 -1 0 0 -1 -1 0 -1 -1 0 0 -1 -1 -1 -1 -1 -1 0 -1 0 -1 0 0 -1 -1 -1 0 -1 0 0 0 -1 0 -1 -1 0 -1 0 0 0 -1 0 -1 -1 0 0 0 0 -1 -1 -1 -1 0 -1 0 0 -1 -1 -1 0 0 0 -1 0 -1 0 0 -1 -1 0 0 -1 0 -1 -1 0 0 0 -1 -1 0 0 0 0 -1 -1 -1 -1 -1 -1 -1 -1 0 -1 0 0 0 -1 -1 -1 -1 -1 -1 -1 -1 0 -1 -1 0 0 0 0 -1 0 -1 0 -1 0 0 -1 0 0 0 0 0 0 -1 -1 -1 0 0 0 0 0 -1 -1 0 -1 0 0 0 0 0 0 -1 -1 0 -1 -1 0 -1 0 0 -1 -1 -1 -1 0 0 -1 -1 0 0 -1 0 -1 0 -1 0 -1 0 0 -1 0 0 -1 -1 -1 -1 0 -1 0 -1 0 0 -1 0 0 -1 -1 0 0 -1 -1 -1 0 0 -1 -1 -1 -1 -1 0 0 0 -1 -1 0 0 -1 0 -1 0 0 -1 -1 -1 -1 0 0 0 0 0 0 -1 -1 -1 -1 0 0 0 0 -1 0 0 -1 -1 0 0 0 -1 -1 -1 0 -1 -1 -1 0 -1 -1 0 -1 0 0 0 -1 -1 0 0 0 0 0 -1 -1 0 0 0 -1 -1 0 0 0 -1 -1 -1 0 -1 -1 -1 -1 -1 -1 -1 0 -1 -1 -1 -1 0 0 0 -1 -1 0 -1 0 -1 0 -1 0 0 0 -1 -1 -1 0 0 -1 -1 -1 0 0 -1 -1 -1 0 0 0 0 0 0 -1 -1 0 0 -1 -1 0 -1 -1 0 0 0 0 -1 -1 0 -1 0 -1 0 -1 -1 -1 0 0 -1 0 -1 0 -1 -1 0 -1 0 -1 -1 -1 0 0 0 -1 0 -1 -1 0 -1 0 -1 0 0 0 -1 0 -1 -1 -1 -1 0 -1 -1 0 0 -1 0 0 -1 -1 0 0 -1 0 -1 0 -1 0 -1 -1 0 0 -1 0 0 0 0 -1 0 0 0 -1 0 0 0 -1 -1 -1 0 -1 0 -1 0 0 -1 -1 0 -1 0 -1 -1 0 -1 0 0 0 0 0 0 -1 -1 0 0 0 -1 0 -1 0 -1 -1 -1 0 -1 0 0 -1 0 0 0 0 0 -1 0 -1 -1 0 0 -1 0 -1 0 0 0 0 0 0 0 0 0 0 0 0 0 0 0 -1 0 0 -1 -1 0 0 -1 -1 0 -1 -1 -1 0 0 0 -1 -1 0 -1 0 0 0 0 0 0 0 0 0 -1 0 -1 0 0 -1 0 0 -1 -1 0 -1 -1 0 -1 -1 -1 -1 -1 -1 0 -1 -1 -1 0 -1 0 0 0 0 0 -1 0 -1 0 -1 -1 -1 -1 0 0 0 -1 -1 -1 0 -1 0 -1 -1 0 -1 -1 0 -1 -1 -1 -1 0 -1 -1 0 -1 0 -1 0 -1 -1 0 0 -1 -1 0 0 0 -1 -1 -1 0 -1 0 0 -1 -1 0 -1 -1 0 0 0 0 -1 0 -1 0 0 0 -1 -1 0 -1 -1 -1 -1 0 0 -1 0 0 0 -1 -1 -1 -1 -1 0 0 -1 0 0 -1 -1 0 0 0 -1 0 -1 0 0
2194 6898 84
3631 5311 3503
3934 6677 4127
2822 5962 2974
8932 8444 4387
6668 6105 6303
5404 8351 1991
9283 8740 6224
3453 2048 8013
1191 5228 5241
1540 4151 1593
9946 5576 9543
8886 9379 1847
7565 8038 4349
3977 2633 1189
3813 6470 1447
6680 3670 2906
2058 3343 2388
6137 4779 8059
8431 5490 1406
5700 9037 7463
5780 6224 912
8478 9116 599
8427 4993 5632
5385 4574 9695
2791 6467 6008
5725 5418 5881
2253 4308 4167
2769 6676 8111
4932 9453 9708
9256 5653 3646
720 3217 135
422 7883 4883
2425 4563 1281
2401 9567 8560
4596 2403 3966
1462 1415 8254
3673 4529 6518
8922 7625 5616
7907 4124 4046
5309 5795 389
2444 1644 9479
3067 4202 6529
5237 4317 3340
6656 9635 1806
3869 6210 8865
6028 5898 2147
7350 6635 9248
384 2987 9038
8668 4607 1170
7384 6871 7316
5952 9754 7655
4690 7091 4187
2604 6508 3795
3479 5997 4941
9377 8821 4491
9320 6832 5397
6701 7327 4356
2198 5209 8316
2956 6285 7101
6636 9600 8079
2858 9133 7701
5431 6102 4992
1462 9066 446
5888 4013 1791
218 1371 6142
4166 2640 4392
657 6026 3304
6849 9190 3918
3035 2633 690
5647 9677 8536
1458 5196 6606
8679 6911 1210
8598 9047 7605
3119 3425 8561
4324 3650 216
1664 4026 7417
8225 6369 8538
7258 5508 856
1972 3285 6273
5624 8552 4766
3005 6451 9924
7114 5161 6894
9152 6071 2735
1968 2113 1345
8348 7323 2062
98 6007 1075
4608 5183 856
3743 5189 9343
4719 7245 2510
7036 8912 4547
7646 7794 7099
7276 9221 1344
5166 6440 4074
5543 8202 7879
9280 9140 2219
4408 3797 9252
2396 6098 7435
663 4400 2061
6455 3849 7466
9303 9738 9763
9688 8111 9124
9348 8999 2958
9051 6735 8768
7714 6915 2443
946 7873 4885
360 2434 9767
6361 7291 6574
5739 3095 2731
1542 4471 6707
2030 2682 1066
1557 5682 2790
588 3324 3296
5760 2930 8415
3518 3121 7377
721 6885 166
3743 5129 9829
3255 8275 7695
9178 7707 6712
4515 6052 9900
4366 5363 2650
8349 7822 8697
9300 6820 2137
9906 5351 7421
5082 7997 7867
1469 9519 2349
3537 3582 3068
4643 9401 850
2920 8865 1723
9803 7733 9609
7602 4173 5168
106 9931 6562
590 7105 1939
5292 5278 1847
5625 7400 9771
9621 8023 2127
8908 7287 1088
7034 4123 3090
469 7296 2974
4414 5111 839
9553 5451 2462
1008 9783 9153
1248 8087 4303
2105 9376 8536
5642 8314 1531
5915 4404 4649
8377 6830 9744
9607 7101 5694
680 9346 3070
772 5729 9115
9519 9792 7785
1389 2279 7957
8076 4717 8511
2229 2314 9830
1540 1352 2805
8073 6484 2403
7674 9766 8023
1420 3618 4384
3489 3024 6643
9295 9790 3945
7253 3852 9794
8295 5122 1194
9100 9653 103
2567 2679 822
9009 4846 9898
8647 4684 4666
2078 4709 2207
3651 7829 974
6459 9344 6043
324 4067 1028
2053 5951 821
5648 4076 9822
3884 6344 9895
9109 7593 4765
3076 4565 4775
269 2628 6863
21 2330 526
191 441 8518
6919 8624 4464
2448 6675 6486
98 9758 3785
9655 9995 4639
3745 6294 563
3566 9103 3845
4413 4213 7118
8973 5007 43
9094 6550 3068
7403 5844 4900
94 9443 4566
6570 9028 7759
6037 9459 3301
7231 5097 167
5039 7467 3858
6740 6403 4571
342 1851 9690
6265 5572 3099
8639 9835 9223
5145 5449 5922
824 2056 6514
2763 7352 800
1277 8365 1824
9942 9013 6446
4289 4354 5615
8298 5390 8688
14 4757 5320
6886 3890 4264
1046 9725 9677
6137 6982 6893
8492 4650 7720
2631 6498 5497
6944 4367 7900
4690 3936 2793
9946 6234 1533
727 6208 1477
4768 5200 7320
225 4690 5238
3935 9376 3901
6473 9946 3227
1373 3919 5049
8197 7270 2817
5275 7001 7479
5670 4154 6643
7197 5788 4490
8850 4995 2650
747 9894 3616
636 863 8075
394 8854 3099
2515 1450 3908
9211 5366 8127
363 2020 61
5668 6649 7912
3339 8608 429
1245 5891 8893
7385 7391 9843
4450 7735 7102
2953 3040 387
7599 9830 7435
698 5752 4663
5124 3230 3610
9759 9747 7530
8028 8636 1912
8150 5698 6227
3826 8961 4363
6709 6331 6531
7937 9295 1066
1523 2153 1847
1108 9691 9898
8990 5796 6874
3642 3409 5241
9354 6557 16
3689 6927 6327
1843 9370 5293
1155 724 6435
7658 5879 8737
5144 4548 5777
9982 9651 7838
5321 4860 5568
1868 1359 7237
7765 5244 2431
3669 7349 6615
9465 5889 5465
542 6057 3160
9710 5251 5893
4998 2563 7348
8874 5648 6288
2711 2857 4114
5291 7064 5754
5199 6279 4250
7384 5584 5542
5546 9400 9182
5530 9310 226
7781 6710 5049
9053 9846 3118
6766 6320 8465
3678 8457 9146
6226 5586 4943
5153 7608 5712
3561 4977 9677
5008 6724 446
6013 9836 4451
7554 8346 8942
4597 8361 850
6297 6946 2619
6730 8457 5254
8372 4885 3645
6197 7402 5801
5885 4957 9961
9315 5058 6578
2608 3263 1742
7929 4973 9825
392 8761 5086
3460 5067 3896
6099 8241 943
4760 6174 5875
6256 4341 2839
5739 4045 2040
4967 6891 9989
4054 6121 3882
3788 8993 2
6776 8110 8202
5050 7440 6056
7 3793 649
2236 4276 4063
2583 6415 7351
9344 8265 5143
1485 9667 4920
6133 3733 3533
7988 4649 8412
8816 5679 4927
4005 9699 762
1024 3131 4180
3574 5641 7119
7663 6223 2188
6086 3970 381
1645 4720 4022
2335 1904 1465
274 6705 3019
356 5847 6479
7261 9164 8258
9473 7804 4564
3589 5833 6720
1984 2161 2356
8652 5517 9825
7972 8687 2619
5698 8405 1675
622 2695 6126
3166 1967 9121
7786 4728 9995
6671 6934 5766
5870 9937 685
1703 1858 5104
6889 7239 5527
2405 9544 1137
932 3836 7499
9805 5520 5391
4110 6926 3950
4102 9206 1374
1971 3274 46
7521 7243 6093
3889 5618 8819
4279 5676 4531
3819 5652 5073
3809 7864 2180
3592 3807 8997
9220 8323 659
1034 7238 2675
7974 9006 9741
8309 5905 830
3819 4154 7628
1256 6321 7828
1354 9576 1234
4983 4688 7401
9373 5740 8509
7938 9821 5445
5537 4859 7111
1698 8788 6384
8609 6845 6894
9448 5511 685
3713 9614 4565
1496 8313 7278
477 4430 1560
8161 8717 5307
9776 6253 4896
1844 8004 322
1060 2964 8942
1420 2447 1706
2703 7605 2038
2459 2191 9090
3652 3276 2580
5753 2943 8250
6528 5321 1053
832 5772 3275
5332 3234 1689
9349 7218 61
5909 5217 6515
5835 2953 5916
338 6908 7998
8029 5889 1951
5425 4681 2227
8047 4573 6917
3504 6332 3953
8590 6996 6116
8354 5616 6034
3288 5798 5295
5688 9241 2020
5196 2687 5477
5105 6474 247
6896 6020 3649
9535 7469 5544
2628 1915 5101
1722 4815 683
9322 6589 5596
3998 7418 4943
3212 5175 8729
6598 9135 8075
7607 4458 9868
2463 6238 3897
3746 4041 1429
3259 2841 4423
4545 6240 4291
6851 4751 7348
8235 9422 343
4342 2754 2553
2949 4522 8316
8095 6797 1167
6212 6444 6152
1434 4793 7110
354 7997 9881
1143 4592 6912
246 3567 1989
1693 6248 3058
8857 8899 9033
7195 6677 6558
5588 8092 5480
2912 8638 3196
6586 7622 3507
2177 2211 4198
5162 3295 3763
5184 6696 4579
6598 8185 7824
4683 7522 9903
7904 4992 5634
3352 3358 7439
7157 7384 1725
3975 4833 4825
6261 5507 5169
8420 8874 1306
2242 9393 4237
9028 7779 2978
2336 5636 905
5352 6084 7122
7556 7271 7230
8589 5370 849
7484 9476 5653
2645 7545 7700
1605 8231 7888
3871 4981 2035
7368 5737 6489
4575 4734 7251
9687 8582 5950
6730 7411 5465
2715 3638 3862
5782 2996 5085
9687 9391 8570
354 942 2570
9213 6885 1985
2622 5044 7636
9192 5712 9578
6156 9661 871
249 1899 187
4499 7146 1374
119 4669 2186
4826 7776 4189
9263 8598 7063
1925 3703 5880
7913 9910 8785
1980 4980 1448
6105 7292 7389
7889 8125 2524
763 4286 8984
2204 6058 7859
4823 2670 4623
9705 9330 5306
7441 6513 5386
6598 6770 812
3270 7602 9623
4199 3218 8231
129 366 4994
5167 6237 8538
5483 9529 6954
9570 6722 4015
4312 9599 1121
3051 5694 7151
4210 4344 9262
5937 8474 3738
2987 9325 6893
68 1547 9008
8289 6786 7156
7418 8441 4951
240 6903 8977
1469 5439 2872
3201 8845 198
8542 5460 3038
1830 5359 4236
5540 4023 4460
4426 9397 8710
6546 5206 1678
6934 4365 2805
6194 5203 8218
1103 8074 8965
8850 4985 7700
4764 7440 7229
1458 4047 1634
6135 4542 1128
3808 3276 8667
5219 3341 1049
7706 9949 2310
6598 6491 2756
8369 8186 9832
7315 6458 8030
8084 4583 5803
4331 4705 3577
1841 8928 4775
722 8701 5137
467 2159 9468
2199 2504 4076
3890 6848 1106
1968 3204 1773
1 5719 5107
3600 3518 3403
9002 5083 6338
6671 4010 1806
1915 5347 369
7344 4674 2504
3695 3647 9819
9818 5251 6350
1410 1689 5424
661 668 7109
7858 4560 1390
1563 8443 5101
3637 6704 8894
3826 2568 2574
5193 2999 2115
7834 6211 6697
5453 4417 8070
1184 9847 5851
9029 7760 2355
4268 3167 9577
7414 5575 4896
1542 4311 9248
3049 7454 2409
1632 4636 9389
3701 2389 248
348 3129 2561
4121 8843 7431
9296 5860 9037
2957 6192 6499
4305 5751 5595
4080 4379 641
834 5228 9980
7209 4194 5328
9920 6263 4550
1283 1526 4013
6684 8185 6732
9277 8505 1414
3559 7189 3742
827 7051 5800
8324 4847 8851
3977 6150 6427
8114 6444 6126
3172 4934 4458
876 4015 6994
8552 9600 7387
6527 8228 8869
395 5684 464
8230 8737 7388
4412 8570 2098
3512 9155 4423
4848 4577 5631
9446 6154 4547
3671 2805 9788
6456 8689 442
132 4714 1781
5975 7396 761
9537 6043 5020
3527 5910 4444
1836 5845 9488
8425 5806 448
6265 3463 8035
4401 5036 9488
1233 2958 9847
181 6381 6090
7407 6285 3857
7835 5101 8685
8643 7389 7881
9603 6270 5839
4452 9621 2851
6886 6799 3226
1796 1959 3217
7702 7598 8527
2367 8958 8546
6636 3984 1260
4206 2964 6415
5483 5755 3923
460 6713 527
1702 6378 9581
8582 5640 1390
7746 8496 9577
1302 5142 5244
3989 5737 2514
7018 5444 6929
965 1920 6117
4577 8135 6721
4740 5665 9224
7395 6025 905
6196 8333 6728
2690 6301 8717
976 4521 7594
8520 6941 417
4128 2802 2545
5297 6229 4051
8858 5407 1598
9908 5144 3347
1864 9362 7263
9048 7870 2660
1284 5460 1851
2406 8848 111
2083 5641 7940
5488 8907 8099
8282 9252 3417
1770 6462 4979
8000 4161 4048
5235 9189 219
6788 5779 6320
9496 5529 4851
4869 4188 687
8996 6131 2413
8411 5225 6808
2196 1642 6198
1891 1747 4648
1171 4278 4322
6933 3746 2256
9147 8689 4122
9372 5616 3059
2691 7612 9004
5683 5545 8614
8307 5530 5927
5862 8117 7612
8034 5340 216
1098 3318 2096
8594 8239 2015
2181 7824 5576
5923 5425 5185
705 8019 1929
1980 6936 8041
121 2250 700
217 7064 6192
4562 5804 783
1496 4953 5512
7750 9856 8153
8073 8025 2783
8675 8388 1199
9615 8984 4543
5843 7953 784
45 5601 7821
9772 8058 6431
4599 6817 4673
1970 7673 9728
1307 1855 2049
7209 7571 99
7569 6801 4141
3280 2890 6688
3605 9534 6077
9 159 4433
4932 3457 1063
3171 4373 6760
1884 2070 2584
9890 5019 5789
2828 8307 7912
1617 7436 3848
5389 7185 2282
6614 5169 8531
4863 9676 9434
230 8964 179
7187 4464 5606
3474 3907 7944
1820 4349 4103
483 1317 9464
1144 6733 956
5708 5609 2354
9904 6763 1848
4408 9566 4707
2775 4074 3052
8891 4551 1336
9723 8381 2524
2538 8048 359
5100 9091 1761
5885 8220 4240
7650 5203 6685
1816 3428 343
7894 7337 2779
2000 3017 5646
7964 8868 2488
2822 3526 970
2844 6743 6874
5061 3029 9297
9089 6728 8074
835 1302 6806
9886 7841 9609
8357 8725 133
5398 8172 8630
1358 8463 322
7092 6877 3397
1839 9758 1908
1142 6385 7110
9920 5415 4759
9231 7280 2702
1201 1921 8311
4836 7151 6526
170 891 9732
9688 6373 9154
2376 5441 6466
8457 7474 1685
4352 9760 1913
5647 8114 9183
8427 7577 2521
7991 7376 6433
645 900 1750
3961 3443 2886
873 2174 8887
4284 6971 2354
7943 9489 295
4087 9291 4954
5805 5257 2323
7858 9491 1773
3488 8542 2075
9022 6998 6551
2628 5871 732
9352 9286 6876
804 3039 2173
916 9884 9244
2759 2961 5866
8943 5420 1627
1577 6613 1967
8475 7735 1427
1559 1088 6254
5288 7665 3986
5772 5068 7847
5084 8493 1232
200 9412 8735
3874 9887 4950
8348 5885 4186
896 5814 6612
9331 8492 4065
6421 7153 8779
294 5433 4201
5793 7807 8304
5863 7835 9467
1779 6563 6217
2598 3488 592
8000 4299 5391
7349 9401 2498
7716 5686 5478
8044 7950 5943
3246 2106 811
9337 9940 8449
2903 3750 2741
5312 3150 3448
6167 3749 6774
3277 7389 2507
9738 8132 6984
8683 8336 1786
1732 6370 4722
2385 8670 8232
5787 8030 6089
9650 9843 1650
1023 1973 9191
2835 3281 8883
7418 8023 3388
4866 9256 3422
455 6272 533
9014 7380 7455
1021 8622 5140
7789 9167 3214
7702 6066 3641
7833 5889 8363
4514 4573 7944
5483 7832 6510
7546 4252 3016
9045 7673 2427
8302 6950 3519
3678 2960 7455
6619 9071 2945
333 1316 9730
3442 3835 7741
7161 9297 2536
6593 9001 7073
1006 1178 1579
5124 4374 3686
1496 4773 1973
5748 9269 9235
8046 8398 1049
7115 7296 8343
5395 8119 8493
6652 6685 355
7307 9718 1203
7743 6258 8906
5226 6492 7184
4506 7354 1834
9 6667 9554
7549 3874 7498
3890 9365 8849
3331 4231 7087
1233 3974 5123
2697 3084 7485
9104 8566 7700
6839 8239 9439
2259 1915 4472
5647 8195 4878
5845 6889 512
2105 9587 1041
1363 8864 6476
5975 7673 5658
7857 7461 1919
2929 9333 9970
8868 9057 6365
9463 6853 4311
8076 6074 4662
9270 5373 3437
5373 8596 5766
4912 2989 4680
662 4461 2499
8351 6508 613
1450 2864 9624
1193 3882 5981
9781 9816 2655
5897 9145 1596
47 7972 9289
7936 9773 2596
8498 7930 6082
8219 6908 6756
7835 4332 9619
7009 9063 5339
4104 2724 9760
1998 9038 9987
9337 8771 3567
8092 6861 2306
8668 5288 4243
5202 8355 1062
977 3043 3111
5774 8900 2201
7386 4194 7695
4317 7187 894
7915 5049 9330
8394 8997 5757
7808 4538 7699
6703 9399 7270
960 5875 5315
7191 5489 4595
8501 9754 9498
8473 6700 2080
4982 6942 6250
8838 5533 1494
2469 8435 4377
202 1573 2932
6356 7488 8311
9930 7406 4231
602 7355 869
7763 8639 8326
8036 9134 8386
4345 3681 1541
1864 9592 3964
292 1470 9434
2224 6450 9728
4259 3472 4349
7989 6974 7631
5395 3146 159
9353 6490 5576
5918 7869 9743
8119 7384 2887
4284 6168 6280
7015 8140 3056
28 6409 5359
9212 5395 2509
2824 2796 8783
1255 4879 3570
2470 3623 9033
7308 8091 9523
3447 3360 4046
7098 3734 3138
7116 9144 6727
5587 7758 2119
3560 3951 3406
2920 6176 3358
8293 7376 6538
1715 4378 2672
6248 6926 6686
6055 3334 1371
9249 7957 9837
7285 9012 331
6057 8059 453
3050 7470 9454
5090 6412 2003
8160 6338 6142
6693 9106 3921
4070 7899 6551
6315 6959 2897
3661 2051 5992
8379 6278 7482
7228 8392 2498
7176 5635 9833
8047 8835 4228
2046 2244 3020
511 1787 6032
1931 2975 8567
2156 8036 9404
1204 4115 492
8428 8368 3583
5087 2611 53
6942 4289 9532
2204 6755 7314
701 3607 7443
4134 2764 919
8152 8406 3238
4070 2811 6413
6465 6074 9847
7091 4448 5085
1206 10000 3314
3890 4916 585
9720 8455 7438
4578 9478 1273
6373 4052 5927
9756 9992 9804
3157 2412 2647
2005 7897 4948
7966 7847 869
174 7973 849
9557 6304 6812
8238 8669 3580
2833 1813 3472
5245 3506 4516
3114 1775 3066
5120 6532 9491
779 7572 8017
3508 7823 6284
2830 3187 9617
4275 9633 7170
3242 3982 3791
853 2904 9831
4230 3129 8576
1091 5258 4295
2814 7016 3364
2511 8833 8758
1309 6788 5513
5678 3706 4711
853 8315 4948
6153 6117 8164
3320 6897 3982
1795 2232 6203
48 5328 8180
7746 8989 8111
2106 3118 1610
3152 5567 7619
7905 7469 4419
288 6172 1271
3678 7575 4550
9801 6031 2770
2697 3807 5616
5643 8797 5214
8402 6031 196
217 9066 8794
3464 6634 2594
8432 9934 2268
576 4201 4937
2460 5710 2575
3809 9088 5705
8418 8054 2927
3440 2186 9817
3880 9370 7080
2896 8306 6782
4148 2523 250
1070 2463 4938
5619 6100 4385
3211 8414 6342
65 5951 7701
9509 5633 5930
1526 4105 547
6013 9192 591
171 2077 3981
81 8715 7255
7091 9839 7820
4394 8273 7030
7582 6706 5917
1796 7156 3044
8701 9693 3214
596 6516 7652
3860 3145 8735
4287 3027 3032
8601 7692 2018
6164 8741 8040
6870 9032 9660
3103 3374 9049
7279 8108 1758
6163 6124 5360
8123 6787 3506
9322 6412 2329
281 2293 3923
8407 6311 3165
4365 8401 4560
2170 3860 3328
5599 7291 4959
3588 7351 8106
8871 5769 8340
1014 6551 4535
9917 6018 8386
9372 7350 2660
4829 8227 635
3500 7656 3060
7199 4647 6713
998 9098 5303
1272 1230 74
9653 7759 3694
1893 9726 2228
9415 9199 3065
1141 3717 6954
6278 7857 2977
299 7248 2982
9626 7664 8367
3903 5225 2136
4287 6562 6638
4582 5640 8765
6786 5519 5803
7509 6077 8358
9395 6016 4941
8808 8286 3469
7331 6501 8956
222 1855 5709
9192 7017 434
5095 4295 412
3551 4966 5710
4337 9741 539
4348 3857 5212
8826 9818 1579
4210 7096 561
4925 3466 5060
7609 7724 6471
620 1372 5645
7207 5241 7239
6344 9285 3525
2896 3586 7297
7520 9937 2119
5316 9880 6407
2712 8231 2101
1000 9142 8463
7576 4495 4637
365 9196 6173
9355 5964 7939
5022 7369 4274
7910 8263 6464
5960 4131 3312
867 1385 6262
8658 6803 6161
8903 8852 3964
7384 8560 5575
6050 5255 8568
2732 8647 9542
583 6613 7336
5567 2905 8303
2781 8349 286
6070 9120 9435
8745 7321 6466
4119 9612 6096
1295 2148 564
4132 3919 6852
710 709 5657
4730 3690 5691
5718 6697 7404
4963 6893 7142
227 4997 9266
1700 5111 6607
6057 7851 6673
8418 6797 1790
2154 9904 1627
5327 8506 8100
2879 1649 1344
8499 6282 3254
7936 6763 91
4780 3917 4547
976 820 4763
1492 9584 1629
7531 5050 8312
1110 2077 6406
9751 9694 2457
5825 6670 5559
2393 6263 7487
5970 3632 5176
9324 8674 945
4832 9630 5284
5313 9203 5122
7815 8816 2568
4329 5383 3475
9600 5638 7192
8682 9361 1560
1528 8871 7742
4866 8586 7320
2344 2074 7041
7386 6646 239
1144 8107 7756
5805 6884 1062
182 2872 2307
2760 9650 1320
6182 3471 6878
6179 4556 67
3764 3302 3215
7117 5982 2157
2399 2974 2589
4684 3662 2575
1445 7889 8316
4646 9410 9549
7521 4315 2673
835 2331 6646
3050 6581 5891
2755 3321 5868
2287 4864 364
8484 7595 4756
6354 7131 95
6982 9939 599
8944 7400 5019
4625 5705 8783
9306 8727 1118
5145 8311 2312
9382 8767 1286
7602 9095 9815
8005 9019 2049
9723 8329 8556
8431 7692 2795
8268 9179 4237
3628 5359 4825
2892 1563 2737
1670 4609 8967
9119 8770 2062
6580 5924 4464
8566 7473 8865
1254 958 7020
4173 6577 268
9820 8384 4687
8325 7485 3511
192 4609 3781
7656 8351 5559
4540 2719 656
5150 6111 1627
7104 3913 31
5045 9695 1581
1505 2881 1978
3432 7798 7143
4172 9677 4116
9141 7234 8645
4678 3237 8201
2658 4629 8530
7813 5665 1992
8683 8971 8730
6569 8599 1916
3188 3784 7749
8401 9697 1727
936 9742 9758
7032 8370 8271
8548 6103 1749
2972 6360 5510
3376 3958 6616
618 5533 7534
8782 8589 4420
1753 9760 7612
130 3995 4065
4833 4956 5583
7769 7083 982
1505 6021 9260
4833 9238 774
5809 5798 1683
5543 4238 7284
338 3777 2018
2834 6277 8773
5080 3253 8031
9607 6604 708
1626 7683 2329
8104 9551 1429
5235 7629 8942
2944 8551 6798
5905 6275 6409
3880 4635 3957
3492 3404 4432
2950 2856 7791
1523 6106 2036
5651 5456 8703
4115 4977 7458
6730 3973 6101
9535 6583 958
8114 5102 2168
8786 6752 4571
7079 7176 4818
2678 7426 6310
1471 2209 5930
9352 8553 8591
5094 7753 5520
5410 7039 7479
3500 3462 7949
4412 9099 1920
3547 3215 5458
8375 7483 3012
883 2983 3348
7241 7120 9121
4395 8285 3271
3537 9980 5494
5670 4934 4152
6904 7255 1878
8037 5321 3004
9319 6851 5527
332 7135 7686
2242 8365 3660
4345 5269 8390
1630 2449 7480
9194 5678 2977
1540 8339 6867
932 9395 7753
8191 7220 3170
405 898 5254
4179 6703 2668
6530 6551 5135
5926 4077 3377
9178 6242 8452
8026 8674 5987
4079 7346 7914
5959 6444 579
4352 3589 2802
5018 4189 1494
4059 8426 1986
7359 8923 7030
3600 3308 1031
8029 9555 3081
3188 8938 9334
2386 2780 4955
2912 5877 8223
1175 2208 4478
4344 7590 3385
1426 3008 293
443 8502 5181
9536 5108 7567
5151 5445 865
3526 7297 4031
542 6596 2208
3443 5293 1333
3588 9539 3406
7858 8268 5097
2522 2641 880
8392 6844 8106
9583 5505 6056
7956 7601 9290
1843 2615 5003
6437 6756 3613
1087 5553 6879
9465 5784 2574
8791 5392 2838
3320 6112 4496
6453 4476 673
8807 8554 2805
7839 4993 5710
7315 9619 8538
7112 4741 8602
9519 6779 8179
1876 8700 7776
5517 7210 2050
693 5561 4943
5812 3718 3077
8698 5142 2233
2908 9738 2831
5090 7648 6692
5587 6667 1005
1513 8691 1442
109 1688 9683
8034 7820 5896
1837 9704 7900
8448 8995 5949
181 4315 1017
3947 5789 5336
1335 8236 6686
3477 9077 1031
7891 7248 1824
3780 4703 6731
8006 5078 2412
6740 3581 7044
3750 3372 648
2871 9664 9783
3856 5140 8575
6442 3651 6351
8784 6160 7888
5145 9517 3817
8033 9022 1442
5499 9852 9517
4855 7723 1963
346 2915 2857
1201 3020 5943
5499 6954 3359
8838 7053 2512
6013 3625 1055
9245 7626 7292
8712 7803 7017
5408 8584 8941
2218 8453 3252
8366 9938 2047
7138 7938 3070
6278 6509 7182
9201 9564 5814
5688 3573 5555
2468 5614 4180
3988 9015 6300
8543 9147 2168
7841 5743 1271
3968 2618 1581
6670 9352 5071
1940 4346 6608
1361 7600 8493
5552 8591 5428
2908 4174 4835
4753 2791 6
2697 2779 6711
2699 8936 2813
9461 9016 9951
1023 2263 6030
8010 4247 1049
2653 3469 5947
1638 2676 3668
1103 7948 3039
6066 3752 6259
5154 6922 2552
6910 5576 1825
7710 8853 6152
565 1112 537
271 5363 9775
483 9700 7503
6904 4060 4015
8500 8102 8663
6530 3734 826
4882 4298 5747
1397 2625 7119
8827 7935 3020
8145 6241 9292
7098 9661 1319
1178 8351 6649
2220 2869 7908
4108 9223 1533
5196 2656 6882
5000 6008 2991
7422 5171 7402
5959 8525 9005
9129 4997 3240
5065 5893 5260
4412 5989 8344
1490 4789 2836
1440 6729 71
8733 9721 2967
2515 7418 3387
6144 8207 773
3062 2660 7180
1809 9242 3093
8524 7983 3822
7306 8257 4677
3740 4241 3409
110 650 2663
2706 1551 2175
1600 9487 5067
3600 8543 6864
2807 3420 6673
6656 3752 2585
8224 4499 988
4864 7016 8557
1587 4465 4385
2303 4172 3196
5549 9030 6878
5029 2986 7267
3846 3829 2462
6066 7118 5454
4081 6923 8706
9130 9973 1292
3881 5675 7874
8775 8159 4505
3859 8538 7600
2212 6654 860
2184 3992 2054
9522 9095 107
3287 9398 33
2938 4457 3799
9560 5514 1094
7877 4118 9424
6315 4599 7275
1471 5773 2991
6131 6312 2795
7344 4114 1033
6902 5906 5401
1399 3439 2119
4471 2587 524
8978 5706 8404
6698 5343 5078
9220 9816 7669
262 9937 6659
7392 5471 3506
5308 6655 4409
1181 3399 3931
4594 6825 6861
2369 2652 1694
7664 7694 4704
6474 8998 3629
1780 2867 5568
8286 9667 5085
1142 6197 6711
375 826 4309
8786 6333 7424
3071 4126 6700
329 1560 550
7397 4123 4023
8683 7886 3649
9626 6682 7701
3585 8237 860
4422 2972 1871
7748 6594 4917
2181 3153 1989
6889 7475 8835
6547 8936 3010
1574 7718 5354
7223 9120 3403
6870 7675 3312
7510 9717 3396
6865 9367 236
4316 8551 2421
2850 5681 7045
1052 7826 6501
1575 6857 972
5602 7959 1115
3483 7154 4662
9920 6384 7074
3968 2689 8715
3177 3037 8383
3934 7854 1912
3776 4119 465
842 9944 9146
3984 7228 2572
1143 9895 3454
4894 5734 9077
1605 5698 1461
1025 1422 7087
2576 3129 151
6718 6122 4313
5281 9022 2981
7260 5429 624
3120 3413 4419
5719 6801 8416
5504 4053 6146
5798 6840 5076
3505 5786 812
5402 7809 8162
3965 6368 3686
112 2816 9609
9507 7773 2135
4630 7835 9453
6334 5744 6737
5909 9336 6454
9317 6734 8106
552 9072 9474
7094 6354 3084
4837 9438 7981
4373 3124 1788
9015 5691 4671
8513 9011 7266
8321 5479 8584
3051 9726 5421
1384 3171 6366
2898 3130 2664
2674 2452 8512
3493 2108 2901
520 4113 7666
8208 4231 1555
8112 7139 3643
2191 8378 9562
3224 9712 3533
470 6054 7564
5000 6779 2530
9751 7114 6907
6745 4614 762
9621 7799 6829
622 2833 3325
7611 4245 7049
8513 9284 7099
5062 7777 9244
2468 2918 5510
6155 3911 7080
7242 6760 2851
9447 9346 6806
2654 2625 1338
8161 4276 7160
8329 6850 9381
658 7908 1716
8086 9676 6299
232 7637 1964
8006 8001 9691
2726 2000 5197
8743 9385 9361
3589 5120 9804
26 5633 8311
97 6620 3638
9820 6930 2593
9553 6518 7278
9809 8724 3266
395 7557 7179
7848 8328 5252
616 8400 7478
2051 4125 1607
5769 6410 2641
8590 7054 2039
1756 4399 4498
2218 6808 682
3658 8586 8667
365 8556 9990
7671 8757 6498
271 1678 9150
6206 7087 6864
6408 5321 7229
3036 3169 4433
1352 6246 9096
7079 8934 7600
1242 9558 837
3951 3018 1580
9826 9239 7567
87 5093 8371
2608 9054 4470
5433 8664 1333
4098 7846 918
1537 5123 917
8845 8598 2798
7279 7512 4720
5022 2873 8109
1265 2808 6603
4210 5984 9884
3413 4598 9970
26 601 7217
9894 9142 8435
6057 7212 8015
6447 7250 2982
6951 8262 2331
8235 6939 3323
2460 3260 8404
8359 4823 2971
3405 7614 204
2554 2615 9791
5246 4106 9597
1113 8668 6531
2152 6915 5992
1467 3046 17
7985 6313 8810
5518 8403 9758
4706 3203 7689
7329 7772 2070
7512 4360 8109
1086 7679 6172
6333 8661 7309
4843 4939 8049
6590 5720 7433
7641 5924 2517
3035 7890 1031
8791 6607 9660
3088 7808 7975
5403 7488 659
3697 3258 4189
6132 5721 3799
6634 7969 159
4499 3685 7156
4829 7567 2992
6934 9388 5736
1802 1087 3196
1941 4780 9830
346 5914 7525
8711 7739 2619
7929 5746 5107
1187 6034 9939
8170 5113 9162
251 5796 6405
8578 5133 9455
7915 7305 8441
1864 6380 8947
9687 5665 797
4675 9774 7110
9279 8355 5667
4678 4746 1928
8294 7305 5129
9288 8932 7507
2753 3080 2733
5967 4043 7234
1778 1640 7062
3876 4788 1551
711 5365 6832
5601 5643 7399
6293 7554 4113
1544 1081 2989
2337 5805 3093
8453 5250 5388
3334 6279 9497
2414 2666 8872
7978 7662 2147
8225 5226 2026
7719 9136 1826
2396 9576 1713
4570 6888 9330
3947 5506 5452
9526 9948 4472
5816 5630 4493
2259 5844 4631
8003 5911 7313
106 1692 9310
8247 8964 2805
7775 8005 1082
8425 6142 4086
1254 8099 536
299 1870 4448
5246 4679 4538
1258 9279 8384
9889 7653 4756
9826 8401 1789
8080 8212 161
9192 6250 7099
9450 7491 9491
2491 7415 9033
5825 8293 6978
841 5803 9895
4831 4435 7103
608 4266 8198
2151 7371 3183
1155 9063 3240
1495 3089 198
4797 9615 9760
4867 6994 8174
2996 5321 2435
1762 1130 5927
1193 6594 2185
294 7895 5156
3443 4237 6378
8643 7553 2992
1988 4920 5104
7335 6187 4488
113 4069 5328
9915 5650 427
1213 7901 3845
9382 8575 9795
4827 4351 2596
5993 6907 9689
1424 4980 7229
5022 9542 5880
5429 8406 5529
8324 8279 5996
8293 7007 2354
7703 5699 8925
5283 2699 7294
8270 5723 2209
7865 9850 1530
9859 6621 2280
1659 8685 5800
1301 6817 3238
4692 7277 9929
9845 8557 8828
5940 9102 908
5850 8770 4077
4238 2583 188
4833 9093 2219
6027 3339 570
4717 7156 6412
403 2248 9413
6292 3361 4447
5521 7490 5427
1537 2137 6127
3091 9916 9001
3073 1916 9813
8039 5220 7685
5525 7247 9250
4842 3359 4858
9607 7054 5649
3884 2491 9428
5920 7579 8232
8733 8478 8963
3326 4716 7844
5237 4093 3820
8775 4726 3472
790 8290 3499
8306 7022 7320
2557 5070 6496
5152 9334 8406
6786 5499 9740
9973 5335 7468
4661 6956 745
8623 9930 7354
6069 4518 6427
1591 8022 4490
9272 5719 6487
8083 7677 613
6373 9676 7019
375 401 913
7806 6489 1568
9812 9013 344
5270 8271 8154
729 3431 4122
3569 6768 1180
7290 8308 4727
5715 9654 5032
6050 9324 6746
1329 7776 5820
841 979 3332
2177 7188 4311
7989 6649 9848
9002 9339 4875
8793 6215 2773
6777 8526 8995
2105 8174 1589
6717 7767 7561
7128 4191 1073
2344 5631 7320
8431 5394 9204
101 3537 5020
8190 7997 5861
6294 8124 5064
3425 6464 1673
8143 5895 3387
7788 7495 3981
8675 9527 5600
6757 4043 8505
5924 6041 4586
9374 9765 5902
3346 2562 3997
523 5455 3415
2766 5480 7633
6788 4744 2773
6028 7111 7941
3730 9816 8040
8626 8101 8142
7658 9633 2036
9122 9770 4251
1142 8747 7492
9304 7760 7563
7039 5374 6941
9938 8661 8274
11 6519 9589
8625 5197 6222
8784 9878 3141
6599 4335 4490
1435 2864 4016
7858 8412 7230
2537 2516 180
9215 6160 3219
3211 8397 2662
7643 9487 1011
3715 8166 7381
1566 2167 7388
957 7271 7217
7494 6495 9724
5790 6525 3757
6817 5427 952
4540 7296 550
9888 5526 6152
5968 7904 6830
2923 6238 1364
3715 5698 1115
8270 9144 7450
2896 7723 1561
2956 1941 724
8382 5342 6573
4594 2571 504
9981 5167 8120
7308 8107 5894
9408 6071 2298
8118 9119 40
7613 8083 6318
2683 2525 4362
1883 3472 8318
8626 7426 1764
1019 9499 1271
4669 7594 9365
9311 5596 1590
8219 9267 6845
282 6599 7578
742 8667 2849
8993 5054 7967
8897 9241 6765
306 3880 5511
1123 7230 838
9745 8024 5523
5805 7692 6721
3653 5084 8038
1020 2928 3738
9797 7996 3310
1914 7878 5542
8733 8110 3785
2837 4129 1545
2827 4199 8779
8629 6681 9704
6459 7833 4361
5402 6885 984
7410 6629 925
8398 9561 5099
2078 9922 5358
9142 7430 5892
9996 5618 5871
6748 3912 8494
8862 5602 4488
5697 9583 8514
4115 3199 7045
5053 5411 8200
2253 5150 2355
3965 3828 5533
7609 5431 1856
8278 9086 5240
6333 7585 7272
6333 9425 9047
4401 6292 7725
9922 9769 9881
490 1799 6738
5423 4238 6236
4643 3167 2158
3444 4972 5147
2603 8198 5306
1564 2103 7175
4548 4765 3217
2913 7921 7871
2152 3303 2552
6503 5444 3772
3076 6982 4854
256 3143 962
2477 8535 3945
2892 2830 9517
8798 9753 6835
6075 8680 6480
1556 3410 6492
7588 6087 1167
304 5722 6666
9098 6378 7083
5873 3676 5097
8975 6804 4478
1698 3797 7259
4 5696 9439
4933 3357 4936
5439 5305 7280
8270 8198 4113
4351 5725 578
9462 5491 7259
9818 6500 4282
1838 3999 7845
3782 8169 2798
6128 3734 2734
4713 9776 7756
2987 6589 3802
2544 3371 5448
4678 9400 1188
260 5372 5126
9974 7948 1210
6145 3684 6861
7300 7748 3835
9930 6791 1117
1230 8303 9439
1366 2502 186
7390 9142 3763
7546 8382 9658
3441 3608 3804
3654 6262 5218
885 7542 6573
2523 5990 4291
5810 8659 9474
7929 7169 1954
6167 6876 1439
8874 5617 3548
6139 3468 4936
6474 6458 164
301 5487 6957
2600 1414 7321
5277 7930 6707
210 5238 8580
657 4496 3093
7276 3990 3870
163 771 4001
7891 5259 1725
4336 3677 709
3014 5743 8234
4982 8668 2831
5872 5467 9827
8969 5478 2517
4993 8232 7020
5735 7127 6966
4968 5021 1990
3605 2066 4378
1487 3359 3125
8817 7578 6320
419 1792 2591
5144 4001 7493
8084 7783 2736
7609 6204 4679
5794 4076 7101
8137 5932 2354
4988 8556 9611
4061 4280 162
3595 2814 6469
3130 7944 6761
7154 9724 95
6408 6874 7297
5298 5362 9442
4997 5591 1529
9082 4775 3319
3713 5036 8040
7185 4031 6753
4191 7404 2888
6561 9019 6890
8498 7746 3078
9551 9662 412
3640 5892 2342
5226 4382 595
8660 6621 9936
3083 4134 7995
3696 3829 4796
1079 1130 3548
3998 6127 7683
1564 7154 6412
8152 6211 4470
4344 9808 5390
4330 6787 9828
5984 3545 7217
4175 7514 6688
6382 5687 3010
3108 8773 913
7972 5254 1138
6928 6666 4989
9639 7466 4457
6057 7463 3931
9168 5982 3707
4515 3679 5097
9710 9959 3897
4940 8808 671
1350 6567 4303
7115 4032 7768
5857 5892 9870
9128 9964 1102
3679 3511 7164
1574 8266 1004
4160 7766 3584
9201 9734 4303
1507 942 969
8524 6708 8040
8535 6338 5682
4331 7429 4645
7691 8505 7493
5277 8708 3773
941 5044 4404
5715 5630 6034
6971 7865 9839
3761 9796 6117
2066 7152 2620
1971 7232 6638
4758 5346 1032
4874 3084 5060
9238 8162 5786
1321 7703 5927
5429 3249 4788
1250 2259 2664
1687 1571 9428
5395 5686 4612
3932 9320 6606
1124 7278 4707
8857 7114 5976
4246 9689 3176
8637 9700 497
1156 4602 8242
5625 3322 6127
8434 9376 2267
6494 6321 2432
3113 8538 3446
6507 3547 2964
8177 4731 7083
2108 1618 7275
2167 2164 6867
6048 7897 9790
5105 6633 1764
281 7898 8765
4833 9573 6867
7054 4215 3754
5273 3029 2044
575 2902 7130
2243 2841 706
2505 6982 937
9062 8366 8703
5376 7826 4446
7304 6886 4347
8725 9976 7097
6617 4898 8906
2908 3780 4332
9029 9344 8538
8676 4467 1541
4032 9382 2845
1036 5244 442
2257 5216 1861
5665 6133 1431
8776 7954 1364
6207 7999 425
9892 6003 5771
3249 8964 5238
9988 7355 8228
9797 7250 9237
9332 8149 2675
619 2235 789
5250 9504 754
5376 8167 5005
7158 4614 54
8032 4998 8947
3600 4624 8549
4482 2828 7082
225 1726 5469
9240 5529 7766
2943 6143 6012
8424 5098 7845
7335 7709 6239
5351 8802 430
9309 9506 6805
8151 6032 2015
5753 5420 733
6995 5483 9133
909 1352 635
7015 4015 2136
2314 4672 2179
2949 7200 3384
7763 7954 148
7405 6692 5484
6266 3514 1344
2112 6906 9967
1335 9878 2619
8262 8908 605
2277 3909 6809
9279 8836 6697
4932 2779 2790
5656 7792 1073
4324 4800 907
6438 3837 3865
967 7773 5788
6003 4870 8100
5836 7954 3459
2604 9277 3882
6942 9223 1969
8764 5883 213
3064 9695 6020
6448 9807 614
3947 9974 7768
8543 7453 6260
104 2275 5529
7974 9170 9250
9303 8398 6140
7290 6339 8183
5429 6778 5364
7018 5725 9898
44 4140 4023
7681 5776 5593
4843 8508 4264
5221 3225 6911
5154 7008 8035
5923 7151 2417
6993 7886 4001
4450 2698 9440
8362 5386 4411
2869 5468 7378
3150 6004 8984
9826 6648 5913
1808 5888 2799
7422 4255 806
5620 7322 7773
9608 8819 2895
6319 7281 7981
6631 3475 8446
6937 6040 4314
9637 7143 6797
1309 1648 3359
333 2604 1212
2518 7557 7244
5235 8108 5584
9539 5426 7927
2401 3562 5867
9888 8244 7884
9141 5112 918
882 6265 2842
7370 6136 8339
68 6885 1333
722 6063 3296
5968 7352 6515
1887 6846 6190
134 7173 9391
8920 9061 265
5601 4993 5741
4192 3245 3268
4975 8699 8256
3433 7851 3634
981 9647 8714
3382 7248 3973
8306 6523 3956
2917 4824 3136
7746 6203 5553
8916 8540 8012
1774 5725 5042
3500 4677 8252
6527 5154 6501
1521 3448 7628
225 2114 6015
5476 9133 9766
4319 2935 2525
7677 7731 3807
626 1352 5129
7624 4395 6300
3083 9177 9031
302 9328 6142
8676 9417 7312
4475 3417 212
1434 6850 91
6962 9924 2451
8467 5834 3186
8138 6356 7777
7349 5428 7880
3898 6354 9741
3002 6210 561
1657 3879 5901
2161 8551 4872
8502 9645 4263
5985 9371 3020
3961 4708 7301
8499 4962 5568
642 6620 3160
3309 9519 7074
5635 3810 7234
1206 1684 3714
5410 7929 8399
8282 6649 8984
4338 3591 942
4328 3357 6190
6904 8001 2662
4827 6662 2981
2923 6523 179
3362 9737 3293
9541 5193 2793
8300 6250 2974
5028 5664 8476
4499 6856 4523
2411 7082 1333
5613 4398 5479
764 3984 8954
6118 4319 703
3474 1825 7301
9035 6567 5561
1960 1930 2397
9700 9327 6583
5817 6350 4883
7489 4282 6967
571 3077 3238
2653 6750 9054
2470 1384 3729
1633 4090 2457
7691 7994 7399
1720 9011 2729
9941 7038 7313
6865 4301 1663
5068 6626 7160
6282 4883 975
5907 4391 2865
4537 5025 8202
6639 7080 4288
3368 4374 9180
991 5642 480
7529 7408 3865
6928 4827 5771
2057 8795 5240
9086 6426 3495
6836 7162 5315
4227 6319 1598
6414 3986 7983
2159 3322 7264
9727 7641 9400
8830 9742 8081
5876 8517 892
9139 8562 1532
7286 9707 3901
2363 4838 8237
2505 3932 6845
2920 6738 5956
5432 9293 7873
5975 9234 3832
9364 8017 9400
9509 7238 9708
2102 1580 5573
9922 9142 7594
9575 5734 8693
2703 4832 6710
4784 6389 1551
7500 7222 5034
5460 7752 5554
7522 7497 423
7440 6137 3891
8028 9552 4057
1110 4625 1456
1592 3887 718
3321 8526 1041
2985 8426 4955
2786 8510 768
1119 9369 1610
6128 9690 257
2440 8013 5375
7249 3998 6558
6187 9152 8790
6484 9992 7594
8816 6147 5026
4768 3078 8612
4005 6303 4659
6831 8254 9242
5627 9790 610
9883 6029 4890
8500 5005 3981
519 9414 2859
6889 6330 6461
2608 3173 615
3509 2763 5922
4441 6171 8162
7786 5113 6227
8308 5533 7312
8639 8746 1267
8375 7384 1310
6025 4194 768
9503 9355 4645
9211 5590 8892
3193 4433 3313
8749 6623 7709
2877 8265 6501
5813 7981 712
5604 5470 7436
1332 5142 6204
2896 7334 5528
4093 5673 676
1869 3859 2216
4299 8925 5097
2984 2213 435
456 4417 4695
458 5637 1454
7218 3789 3186
5876 4931 4613
6475 8571 9711
2837 2473 4900
829 4340 5496
8451 5018 6169
3715 4919 6015
6481 8369 939
2782 3259 4536
445 2244 6056
6594 9295 8559
9407 8984 5238
622 2314 1571
420 6131 8505
5843 6352 5310
5431 7183 8852
6757 4892 3516
7246 8636 5533
5124 5889 6989
888 3326 8883
3524 9314 9127
9395 8158 4456
3305 2681 518
9731 7137 9587
469 1846 7251
6804 9589 8880
1251 1970 4293
1731 7786 3590
395 2841 8240
9303 5471 5638
260 5484 3023
9956 8593 7326
9136 5708 7119
4209 8746 5992
5816 6346 5186
6274 3903 8237
7064 4500 8254
2959 1663 3269
2106 6312 7389
520 2215 1943
2787 4585 4263
5069 5018 93
9147 8578 31
9919 5068 2435
266 7019 9754
2181 7583 5801
5389 7269 9577
1165 8009 8823
8604 7601 2301
3856 3424 9056
1386 1866 2777
4018 2493 1742
7427 9282 9285
1647 3171 3245
9653 6332 6812
3055 9825 5881
736 5413 2890
5468 9975 9900
8814 6279 9144
8388 6305 8841
3288 4933 4379
4864 6639 7696
8475 4435 1094
1003 6384 2525
1722 4005 6622
3085 3114 3728
5399 7428 3553
8594 5603 9762
7397 9833 8730
9036 4598 1534
7650 4680 8334
5869 4593 4971
8247 9009 8509
3605 9357 3578
408 9451 8649
7997 4174 7744
6367 9669 6708
8380 9767 5679
7947 8340 2967
5216 8493 8547
2024 5860 2355
6107 7975 2937
8073 6840 9766
3442 3684 482
6587 4579 3789
8610 5515 9251
5665 7276 6579
5720 7045 5424
2375 9680 9963
6326 8368 573
3984 8295 1130
8952 9745 9799
4176 6519 1453
9888 9314 43
9739 7229 3074
9738 7797 7930
7001 8477 8882
3311 3751 8533
3664 8591 9208
6770 8245 6710
2605 1904 2031
3500 5560 5328
3793 6581 3111
2302 2539 9058
3285 2492 6977
9192 7882 5511
3894 9904 3999
6307 6574 5030
9028 6215 6434
3661 6502 749
1150 1406 4779
8438 7205 4265
776 2246 7593
3080 5121 9489
8826 8749 7981
7947 7217 6126
6937 6465 6922
5492 8049 9440
302 8550 9176
3690 3768 401
4758 7028 6941
6497 5484 2472
9672 6224 8526
9303 7947 2127
1191 8309 6220
5373 4927 5169
5883 5841 5469
119 4007 9744
2277 1222 3372
1295 4099 4839
3106 8661 411
6321 6240 3203
7188 7393 514
4080 8925 1004
9437 5077 610
2542 6931 2435
677 4993 5239
9402 9911 1742
8629 8638 446
742 3389 2070
1141 1909 6978
284 6438 2992
3838 5775 6609
3405 7407 7238
362 5847 9642
819 4328 2926
2493 9990 1403
1822 8145 53
7806 8899 3266
8266 8655 1554
1175 9971 878
5230 9765 1831
259 9212 8337
1046 6493 1379
3828 5865 4423
1205 7417 757
4431 3405 1990
459 1818 2256
6006 3177 1999
392 992 1319
2704 3180 9841
4873 5652 3077
3166 7814 3313
9275 6106 6922
600 6474 7596
3687 6211 6666
9352 6970 3475
6092 8328 6607
2792 7863 6202
1440 4530 2308
3952 2476 2992
4981 9738 1172
4408 8815 5232
1980 9596 5589
1838 7191 1562
6391 8644 7007
8725 6706 3269
8377 8911 6643
674 8356 9881
6814 4358 2731
7985 7621 2123
5702 4504 9477
8088 5024 8942
3326 3035 754
3288 8127 417
8448 9636 3018
3361 6467 5086
8359 6140 6912
9156 7887 1946
3697 2113 7183
9202 8340 6272
8375 7433 7256
2997 1943 7967
3069 2949 9872
6108 9306 2909
4599 2575 6111
7964 5994 8255
8657 4743 6113
8369 5376 1835
8975 9873 3742
5151 2816 7882
5926 6022 857
202 1708 6208
7153 8168 4891
9303 6340 6571
7585 7498 4075
3434 2298 9328
1107 1450 5442
5967 8074 8240
4580 7241 4920
4358 3172 7912
5759 6893 5561
2317 4011 2723
7915 9893 6842
8068 7179 7725
165 216 2539
3497 3989 2865
384 4823 8476
9316 6899 401
9333 5543 4872
7290 9905 482
8387 7968 4240
7407 9833 9314
4863 9103 3632
7890 8638 1429
2744 7386 8476
3796 5463 9088
3031 6163 3354
4907 8012 6949
6671 4525 140
9025 4848 8715
9084 4878 802
2925 5879 1859
7068 7444 2836
3932 7791 843
9100 9504 955
9052 9479 233
2829 6618 9802
7613 7468 1710
8558 5895 3074
6429 7642 9857
7094 9083 7432
5205 2881 4812
3404 7231 612
466 7731 4451
7429 7259 5016
1553 9423 3206
2878 9561 7388
104 1052 4340
1382 1553 6935
9072 6823 1115
2943 9161 1665
3880 4837 8556
3096 7037 6966
5755 4491 9155
4256 3787 3656
7408 4079 6690
408 4760 2180
1600 6952 6651
2260 4495 1482
6632 9374 484
8689 6084 498
5570 6497 8263
7580 6604 4653
593 4704 9866
7781 3994 6466
8159 6890 3954
1309 2938 6749
39 845 1737
2816 6696 1210
478 5456 2419
6358 8235 2893
5670 8903 3199
1092 8046 8767
7754 4069 5723
5050 8404 1489
1700 1766 1479
3826 2402 5879
1769 5848 3685
3324 3521 4116
9607 6706 1026
4828 4873 5912
8565 4640 2407
2130 6787 5286
9373 8353 6722
1242 3379 3032
5652 4115 9442
1925 5493 9411
8408 6539 9346
5688 2899 768
3846 7668 8806
8397 5666 2514
55 1918 754
1113 9354 6774
2008 6797 297
4983 8968 3882
9100 5774 2141
2632 8500 9939
5048 6889 3668
2176 9907 8012
6083 6249 1920
1373 1453 1421
6748 6239 2279
9395 8024 2642
4945 4341 4375
1101 7535 8923
7972 5606 975
9234 7126 9811
6678 7071 4687
3928 7661 5479
4268 3064 3396
877 9124 4114
1692 6249 4639
7634 4361 7274
6701 4060 2582
3992 9778 4273
4732 6472 3534
8101 8574 2519
9188 7090 4044
1464 9467 9609
4286 4801 2366
8540 7724 4607
5715 9589 7250
6069 4253 3332
5720 4007 4766
9219 8857 2650
7662 8752 5485
6045 7882 9967
9635 8876 7975
4598 2858 7847
7710 8687 6177
1659 8419 9719
4969 7461 4311
6936 4528 6869
5945 8810 9495
1321 1385 6771
7126 7165 1950
6775 9131 6394
2984 3375 3379
571 878 1004
3280 5161 9563
1107 6172 5012
8307 7029 6418
3345 7663 1548
3551 2167 5535
8750 8718 6479
476 8315 6688
7202 5390 9811
3537 6182 5037
8868 5685 473
5962 7493 2142
2368 2398 961
37 9019 3940
371 8143 6227
2767 2702 3644
4782 7533 5445
8467 7254 7210
4174 7239 2397
2784 6184 8509
1514 9321 5681
393 6016 8685
1008 1867 8228
2396 4241 2195
2643 7711 6648
2814 8821 1622
1397 8282 6911
8491 5539 3545
1435 6426 5833
8847 9847 7330
2987 2794 9740
22 9838 9581
9134 8351 8731
432 8565 8841
3130 6112 2039
9941 6430 1954
6744 9972 6644
1219 2245 7319
6818 5973 6929
4436 9403 3502
9460 8039 910
8481 9308 9771
2155 5940 9251
5089 5614 1964
4598 8112 7080
5327 3409 5513
2919 5486 8512
6899 7882 2272
9097 8314 4235
4894 5906 4458
2583 6348 6501
9043 5914 1167
3418 6723 9660
6620 8421 3706
1434 1385 8931
2489 9716 3140
9930 9436 9895
3869 5937 2568
2247 5859 6454
5264 2743 703
2051 9801 4420
8169 6366 5473
8564 6601 9327
7058 6181 8851
41 5774 61
7195 4451 4673
7592 8087 2977
7523 8910 3313
5285 9872 5242
4440 3547 6954
3270 5953 3982
6669 6320 3471
8920 6109 5445
258 8955 755
9607 8157 1504
8671 6283 7356
1339 6442 6339
1186 6189 2208
4823 2618 4871
2220 2385 9378
987 3876 3648
2786 7245 3617
7199 7489 166
4343 3855 229
3162 7867 1167
6803 9256 2642
5327 7123 5956
3713 6608 659
4691 2810 5931
6045 7650 5060
7305 5668 8228
113 4103 995
3474 4891 2968
2281 1965 23
7691 9139 8612
5598 5812 9997
2803 6214 7965
7169 5631 1009
6623 4991 1804
8921 5970 6797
7987 8866 4140
1211 7430 8741
2184 8409 6418
7836 9145 6034
7165 7781 7351
9723 8815 3349
9666 4861 3143
8733 7855 9411
2303 3693 3820
9504 6490 9921
5393 6891 414
6382 6448 40
8675 6447 4461
6055 8650 6793
9954 7343 5595
2598 9794 1579
3350 5580 9314
785 8681 6384
4394 2342 1466
3127 4559 2612
8677 7468 8829
501 9192 3310
661 670 1730
6304 9443 9743
6620 6393 9500
3076 5770 4947
3623 4842 6263
7863 8379 3203
9181 6834 8146
48 2811 7100
4771 4867 4612
3172 4752 6496
8742 6441 479
1647 1097 9252
3589 3233 4281
1587 7090 9096
7980 4053 3550
7342 8095 8314
4609 5871 8547
4453 3386 8072
4401 3513 4952
4953 5475 643
208 1293 3735
3477 9827 6096
4029 9954 5191
483 4271 7873
8868 6940 9038
1809 6539 3624
5923 9864 758
2604 1869 7541
4087 6506 2075
816 6789 2150
5850 3225 3513
5842 7763 7007
5105 3490 8314
2704 1949 1534
8321 8592 6097
2856 7403 6994
2852 9107 9208
2491 6052 2655
6631 8777 5773
1352 5969 5231
2138 4709 435
8944 8908 5428
9953 8143 6222
1769 8229 6279
3114 6718 9523
9909 6113 2268
8657 6395 5391
1923 4539 4325
7262 8881 5694
6074 6822 3347
9416 5538 1667
1686 8695 5315
4080 8738 3407
18 6913 4821
9806 8884 2995
6353 4598 2801
4724 9054 7130
5081 4814 4581
2811 6632 7388
8817 5169 6809
8922 6254 307
6777 5921 2451
1883 6127 4699
4400 9634 3256
8824 8120 1324
1692 9360 4186
5840 5677 972
6598 9041 4213
7626 4483 6884
976 6945 1385
5959 4946 2085
9503 5426 7170
8812 8386 6950
7931 8543 5128
3292 8725 9813
8368 9854 9802
3951 2511 93
8355 8988 3770
7726 8135 5473
4036 4951 7637
6025 9431 2296
2002 1597 7530
6080 9536 3025
2424 3750 5988
354 3785 8804
5028 7071 8130
5091 9203 703
9372 9993 8231
5361 8598 5998
6371 8011 5826
9139 9899 5267
665 6435 2407
5333 7475 811
3431 7671 4332
3463 9162 7596
3235 2436 1319
5449 9259 5983
2057 2435 1926
4178 4783 3041
494 3810 5610
2690 2588 9794
9221 5981 5397
2653 8600 4628
9684 6516 351
9641 8072 514
4831 4240 9677
66 4713 9760
6839 6663 5041
3600 3508 6557
6230 9311 2423
3884 8076 9508
7706 6778 4663
3122 1753 7063
9812 9267 8060
7185 5138 938
1497 3379 3842
3110 6282 7399
9171 6271 4334
4790 8622 3135
2110 9043 1608
5476 7933 2579
3889 8234 5819
2996 6739 9916
4646 3139 780
419 4096 8752
3228 9632 1368
2391 1581 6110
6060 6754 1662
1988 4926 708
7036 5176 9429
2910 8760 2115
7501 9100 133
3985 2483 1320
4482 9803 8509
7311 4429 2388
4614 9839 7617
218 4368 480
9638 7090 2153
8366 9622 6224
1354 5926 3707
1883 3079 8685
5857 6687 7270
771 5738 4058
546 3436 537
6298 5406 3153
30 895 7244
7172 4460 6501
5948 8638 7767
6521 6669 2347
9045 6124 9480
8742 9600 1594
9526 5697 7665
1876 5788 1936
3035 4779 8612
7197 7315 5169
6055 4283 9901
600 5563 2907
1402 5014 9766
1502 8462 2552
4945 6160 9361
8761 7232 9340
4635 9166 6832
7449 4408 4357
3152 2480 9044
4002 4646 497
3247 9924 8661
1813 8108 8538
3341 2283 1989
5183 9916 3410
2555 3272 2677
9880 8823 5478
6891 5966 4355
9158 4803 1908
2861 4768 3629
1476 2187 6235
6520 6676 859
5472 5392 1607
2369 5318 2301
4079 3845 2311
7474 4105 5241
8209 9850 6335
7520 9728 850
3989 2413 9978
1152 1979 5233
1657 7800 396
2234 9697 4169
9188 5397 1826
8690 5007 5791
1618 8254 9436
7494 5023 6130
4969 2569 7790
3288 4495 2016
9295 6036 6924
9462 5010 4898
6995 6540 7804
5652 4453 9092
4918 8268 3183
4967 7412 7179
5509 6966 7749
4098 3593 24
9759 6213 1222
8397 4778 741
3555 4777 8020
6007 9167 628
817 8497 6968
1971 9762 9261
8677 7953 8127
4773 9202 5705
3538 2836 5513
4242 2740 9241
6087 9141 6112
8005 5407 3233
5226 3963 758
2489 7644 4378
629 2265 7828
459 5561 206
4171 4267 6505
5057 3667 6331
4106 5379 2675
5446 7884 8060
3079 7362 2017
3333 6623 5445
8221 4335 6501
2690 9699 5377
251 7785 7917
7500 7562 775
4137 9135 5761
2405 6884 1280
7293 7641 7080
3995 9011 2702
5330 2709 1741
1251 6717 3430
7643 7505 3141
3810 2093 3614
3965 7881 3648
5451 7504 4072
3594 6829 3471
1524 8766 5542
5614 5774 9474
8265 9175 2876
569 6158 3584
7663 8758 6731
4199 5878 2171
4814 8080 6721
6730 5358 2404
9710 6544 5119
8189 9791 1102
3532 3512 1334
203 488 6691
3589 7683 4898
7599 8034 6582
5461 4741 7026
9720 8570 5214
5115 8659 5286
9531 5280 6110
2357 2049 9654
3391 9137 6954
5365 8039 8023
5790 5470 8040
728 3319 7481
2170 6731 6198
9509 7669 6510
7206 8642 6228
593 7230 2381
7403 7365 2667
540 8451 4936
9854 8799 4315
9279 8334 248
2242 4789 735
8691 5793 2423
2816 5728 4306
8712 8309 3597
2899 3148 2585
1375 6098 4356
9882 5675 4066
4312 9871 1041
5887 3898 6597
6494 7392 3385
8705 4940 7456
313 3208 1860
6424 9445 4204
8264 8397 6906
9846 5025 1894
3752 8017 6090
6851 3704 3832
70 2945 7428
2002 2084 9597
3470 3579 7419
9565 6131 5325
5180 6488 7639
5980 9867 8648
4339 3875 8569
5737 7782 6667
8420 5490 3845
4280 7554 8465
8380 7699 1232
7114 6232 5649
8662 6693 8617
2767 8948 6827
9034 8515 4962
5945 3628 3922
7889 5348 418
6938 4377 5073
8674 9558 9862
6301 9375 8130
5483 5160 9664
7165 8105 8025
1057 6030 7434
6799 7784 5074
6602 6216 3318
7642 6792 4917
7579 9412 4710
2269 4537 6879
2776 9012 9116
7517 7415 9419
8459 4477 149
598 796 4034
3232 8337 6713
6936 4077 1558
8535 5177 7003
5654 3340 1721
6986 4025 435
2170 9227 8716
4686 3007 1888
7166 5823 2384
5588 6097 4766
9778 9508 3304
9964 9687 7979
9797 8755 7278
1498 5554 6930
2653 4771 9005
7649 8769 2457
9160 8985 7434
522 5068 6720
7801 5788 9511
8898 7293 5243
4712 4164 7636
3560 8737 2564
4184 8975 4613
8397 8950 4425
1724 2436 6397
9002 8216 528
7754 7037 8154
6905 7612 4212
2710 4600 7255
967 3582 7123
8382 6044 2508
7188 7092 5340
1497 1384 9216
2429 4695 257
2515 2798 9365
3130 3248 9934
513 3039 7571
1511 1900 2457
8682 5493 784
101 9702 6435
7757 8598 4483
9584 5427 5846
7150 5600 1634
3746 4493 9966
6216 3742 5532
1765 6846 9481
5926 5805 6874
120 4221 442
4380 4821 6840
5220 2767 7975
6729 7205 1312
3595 8955 972
264 321 4146
2966 8968 8134
2996 2316 2265
5941 8678 8861
7894 8312 5600
292 2294 6213
6028 7164 2700
978 8342 4274
7608 4662 5458
7040 5289 6611
8596 8598 3999
8955 7931 3535
9094 9928 2025
1099 5269 8310
9457 9997 676
145 2037 6157
4297 6496 1037
7032 8393 9334
2542 9275 4803
1353 8478 4754
4032 7722 7085
6976 8318 5323
6206 5656 4991
9299 6756 4201
4128 3678 659
1152 1006 4073
2852 1739 8023
3127 9714 8110
2644 6997 1990
3249 8403 3632
3315 6720 4559
5648 5947 279
691 5231 9617
4614 9012 7783
4614 7370 308
404 543 2370
9756 9867 7479
602 1958 8823
6040 9876 7694
5727 4211 3845
5505 7411 8312
617 7090 4850
9277 5936 2675
2710 5672 7235
3910 2462 1583
1887 3781 3510
5635 3769 1662
2637 2192 9589
9485 9007 2512
7384 7300 3577
3589 5808 4201
1656 8868 7749
7933 8667 6532
309 1088 5901
534 1291 4425
8137 4148 2496
1715 2622 5511
3691 6509 1071
8606 8872 6653
9057 5208 3590
845 764 8751
5888 5140 1807
6276 7816 4627
1827 8647 9721
1862 2752 3225
6193 8653 8436
2073 9580 5927
9129 8871 229
1664 8388 4557
9401 6728 9804
1769 1026 4538
4480 9803 1595
2477 9227 4600
7576 4537 8373
7846 9263 2356
7105 6584 7097
5665 5803 4385
9393 9961 9121
4676 5805 6802
4174 6220 5172
9671 6305 3082
7868 5087 7394
259 4182 2952
4925 9563 9055
5294 7720 1238
7105 3688 9235
9086 6490 6117
2567 7607 9581
3711 7937 9620
1085 8401 4223
7262 7647 6692
3210 4338 5951
8805 8159 1459
4038 7345 6032
9161 4925 5271
6106 6473 8950
8504 9933 9800
6182 4992 8406
1257 9402 6279
799 1412 9287
2220 7894 2995
976 7081 6625
1676 6597 2016
5536 7023 906
9890 7978 1442
9221 7916 4804
7829 5991 5063
347 4475 5685
4697 8768 7337
1343 6270 7731
7643 9021 2999
3294 8639 1423
5797 6066 8463
5802 3962 8702
1445 2702 1631
1036 5287 2412
6346 3861 8884
6982 6122 7277
9342 6051 9027
8246 8342 8022
3316 7844 9154
5245 5326 2499
1256 779 5684
3474 6867 6406
8629 6001 6287
3209 8035 5539
5628 4022 8555
4553 5615 5859
5698 3199 9510
9522 7233 8415
1402 6214 4250
4697 7866 6807
3558 5601 5564
1514 4769 6685
6668 8798 9943
8307 4606 9579
5205 9865 7759
9217 7287 2472
390 1491 9763
5772 5248 4020
3740 5859 1615
3600 2018 9005
3505 8796 1037
1811 3810 4272
4450 8068 3915
9574 7146 7224
9539 7154 4031
8582 8025 1948
815 2025 3415
8831 7385 5554
5974 6795 640
128 6690 3147
3782 2429 6059
5644 4809 9101
9185 7448 9006
9067 9184 1969
8088 5482 196
8469 9754 1292
5625 3850 6828
3230 2614 6329
6836 5626 7627
8265 7569 7081
1559 3278 84
596 4889 5986
7005 6447 1436
6274 8911 412
5322 2857 5204
6970 6826 493
2764 9692 1794
9466 8632 3060
2210 8078 7021
7634 6197 512
4481 8963 4033
5975 9316 2116
3315 7993 8530
2653 1659 1546
3464 5679 6259
8028 7611 2345
4323 2342 6621
551 1035 9597
4426 4582 1781
8728 9994 4490
5828 6746 6109
6207 5397 1407
8513 5109 8927
8659 9020 4862
4401 5738 7118
3547 6460 2113
7064 5939 7999
8397 9593 4636
1378 8698 9593
9948 6566 9924
876 7125 7224
557 1495 9047
458 7509 172
4442 4527 5387
2074 7475 2991
3485 1986 794
3221 4746 1772
7683 7515 9932
6759 7607 901
7755 5993 5421
8930 7367 9511
1890 3929 8569
2829 5036 6239
4316 7680 9484
5411 4964 327
1218 1669 3578
2105 7337 4195
8778 5701 8017
8044 9484 5324
3277 2724 1745
9100 9708 6338
8881 8534 3850
704 6750 5200
1139 9076 2454
2944 3249 9905
6086 9445 6419
262 1024 9180
1236 3776 3269
6424 8368 8113
6804 4234 3471
3952 6663 2819
4452 7376 8052
390 763 8179
6561 8116 2818
11 4901 6252
5092 4927 8202
4184 2337 6791
3193 4524 1973
4758 9542 9351
7870 4948 6200
5959 6830 7965
4049 8166 2228
1496 2431 7615
6523 5365 6231
3120 2082 4377
390 9130 4851
9591 6535 6208
8398 7043 2664
1609 3411 6169
3903 8155 5067
6725 6807 446
4032 6568 2093
5968 4214 3602
1469 9460 5394
1796 8002 4727
5774 9241 1567
3073 8708 6526
847 7748 4566
3829 8378 958
731 505 8203
9294 9079 4397
7846 8538 3548
5314 3613 4504
9147 8432 9623
8411 6990 1203
8456 9023 893
4270 4435 9289
1572 1717 2549
2097 2061 9857
5153 9225 1183
363 4120 5020
4849 6849 2054
4350 2817 9037
7675 8121 7741
2562 3209 1539
1890 5753 9835
5158 4707 6407
5385 9124 7035
2624 1623 8556
5486 5367 6427
4439 6388 7666
2210 9671 6381
6047 6667 24
9465 5450 4347
7924 8625 1688
2181 9468 9582
3526 7178 4637
7904 7656 9868
5926 7968 72
4230 2614 2758
2636 8254 8081
7990 6497 228
7910 8707 189
258 787 7102
8117 8025 5973
4776 7778 6462
3327 8461 3367
8248 5744 4704
1624 7919 8131
5908 7024 5111
5124 7837 9208
3195 3133 5073
8537 7422 2407
7750 5815 5190
766 9429 7434
3493 4213 7884
5954 4217 4243
8354 5719 1650
8199 6793 1073
5850 8823 1916
2562 2774 7893
7856 4324 179
9390 5048 9195
9739 8011 5789
7997 4729 7093
2260 2651 2933
6051 3060 7132
181 3572 1758
4083 5235 8800
34 530 6512
9985 9159 2208
2896 3936 3412
8266 7401 4423
3606 2280 4966
7138 9000 6224
3444 3868 7263
3655 2147 4663
7407 9279 7480
2950 7972 6577
8615 7205 5377
7368 6336 683
8728 9068 6250
3283 2880 9218
8187 5559 9989
2159 2017 8383
7786 8980 4334
6162 8473 1415
2362 9163 3134
9861 6999 637
7154 4077 4145
4968 3772 7142
119 3251 4237
2628 8566 9862
2034 5923 9975
8034 6615 3386
1517 1961 5016
730 1066 2189
9061 7414 3469
4843 8643 3057
2408 6115 5691
3743 2843 6427
8212 6479 229
6040 6239 3546
2181 4518 6562
258 5459 6331
2214 8717 4014
6009 8943 7310
8842 9782 4000
3537 7588 8724
7778 7145 3613
6023 3573 7779
9168 6329 2983
4342 9904 1625
3187 8424 5637
555 9282 3778
2576 9637 4216
8502 9040 9566
7518 9276 6147
7913 7546 6130
4429 3786 3540
5024 3302 4853
2234 1328 7526
6736 9482 530
9417 6915 2570
7214 9241 4546
1399 6297 2308
25 4649 5218
1383 5369 9813
9531 6658 3967
8138 7187 6864
5546 3493 1956
3295 6791 4384
9524 8872 3614
2950 6622 8009
4540 7980 2366
2764 4598 8049
2917 2413 9307
8138 7597 5027
6831 9049 212
883 5319 9162
8491 4658 2794
9370 9977 5107
2046 8977 9251
9551 6698 1926
8078 7093 2863
2600 2461 9132
2106 1750 344
7357 7672 1325
9871 9522 3206
9503 8875 4917
6493 9054 8912
8572 5032 4251
3324 5548 6913
921 6137 3196
155 1004 8883
6490 5719 2964
2698 2115 5064
2237 4709 9454
1782 8935 9580
8407 5030 1793
9309 9038 7859
804 9082 7776
8173 8617 6517
474 3007 2085
3963 3175 4477
2399 6117 5922
7185 9450 9484
347 7083 3987
6369 6332 1685
9322 6215 1080
5403 8804 4714
8192 8324 4264
2544 9156 964
6945 3521 3403
7218 9779 2870
8799 8456 7534
4130 3400 9019
3290 9860 4566
9803 5935 5071
746 6021 944
2763 6460 8910
192 7029 495
1566 8121 4387
2097 1461 2418
1543 8688 1168
4914 2858 244
4179 8890 1039
8368 6809 8618
2726 2423 1448
3990 4992 9127
2099 1758 323
9339 7947 4050
7552 5110 5853
6652 8848 4133
9315 7228 2311
5954 9667 6853
2762 2096 7983
8827 4850 2475
6485 7214 3427
8631 6994 3028
3029 4949 1405
4210 9909 3163
3572 9492 8030
2300 1346 1742
2949 5903 9811
7290 9994 96
8097 8428 9190
9807 9405 2141
2151 9754 6518
8366 8464 2514
7793 8758 4595
1739 5294 3357
3903 7235 2880
7269 8187 6208
9610 7073 5569
5054 3894 8058
3309 7323 1260
7839 9124 7698
8351 9190 196
5869 6055 8788
1438 9908 5078
1076 1582 421
4486 9576 1466
1369 4773 7536
1352 7950 7534
7245 6101 1202
6982 7030 2641
4408 4571 4040
3782 3208 4492
6389 6353 1997
9710 9647 1737
2554 3670 1047
9103 8517 8717
7371 9985 5217
2461 2645 996
2986 2219 3967
9081 5822 3094
7136 6917 6829
8657 8313 7591
889 2401 6922
1211 7101 3959
8496 5778 3312
3664 9655 3231
7973 5824 7053
200 5251 4554
6443 9407 6015
2701 9904 2266
4317 4303 5510
6438 9946 1541
8196 6917 330
3626 4434 74
829 1137 2932
6274 9381 982
3172 9203 6558
1077 3059 614
6715 8457 7387
4732 3986 10
1085 9873 2365
823 1881 5623
5948 3399 6331
4834 4201 6666
4846 7821 1532
6229 8474 245
1220 3611 4116
3088 2524 6802
2904 9916 2068
8601 8769 3568
9320 6008 6134
7839 4816 4101
3479 9366 3502
9212 9296 5465
8507 7051 9699
6364 9220 5722
3101 9377 8678
7630 5484 8911
4518 3926 6151
280 6615 5701
4441 8463 7707
6855 5543 4731
742 9512 1545
2781 3444 6126
9255 7700 4519
9076 8290 5878
7588 7120 1860
6704 4151 9752
8598 5963 4314
968 4359 3293
8414 9348 5108
5660 6815 1235
1329 5979 3914
8980 5817 7351
4998 9605 2510
8978 7851 1059
5972 4051 1263
1205 6095 2126
2172 4323 290
6167 3390 6809
8397 8166 7123
6971 7431 6615
7576 8337 9864
7372 5321 5565
9341 8076 429
847 4147 4494
7906 8519 4325
1841 1825 4589
6549 4347 525
3661 8616 7313
7858 6109 5025
9908 6844 2420
7913 6697 1430
7214 7340 7035
3787 3378 8612
7090 4279 3319
5711 8455 6797
1419 3985 6126
5178 8223 2909
5697 3655 3176
8980 9916 958
5472 4770 2746
9930 8082 863
4426 5571 5584
5825 7200 6444
7359 8368 4665
57 9285 5880
1219 221 5757
6783 3774 2595
4473 3117 7731
3696 6174 1928
6395 8191 9711
3162 5497 6063
7575 7616 1202
3470 2326 4812
2710 4043 8241
1272 7717 5204
9450 8077 6140
6379 6133 8620
3148 2774 9951
1896 9483 7475
3106 4362 3590
7870 4876 7981
6307 6314 2638
6386 4395 6093
405 7418 279
7938 9787 8685
6735 9359 3094
3972 5991 3008
8609 8354 9543
7161 5551 9511
1496 1198 9682
9382 8635 2684
9345 7793 7061
3651 2851 8853
6459 6360 6666
4324 8088 3302
5453 8331 3738
1351 7140 7597
2206 2450 4060
6379 4320 1746
136 8001 5123
2625 4361 4987
2693 8272 8094
5406 3459 8568
9348 5176 6609
8222 8211 242
4815 5835 2070
7833 5245 2175
1872 9574 6021
8822 6338 7892
571 4075 4871
7334 8209 5535
8523 6076 3351
8760 8602 484
3600 8032 7758
9984 8369 7666
1811 4724 9173
620 649 6059
9531 8064 2398
2477 2408 8113
8904 9761 5480
4360 2803 7485
8701 4741 6834
9894 6846 8213
1006 9195 8202
6982 4613 9903
9557 6013 1594
6102 3721 4201
9570 5913 6765
7194 9322 6423
8298 5065 7478
5946 7780 6466
6167 4246 910
3884 9629 6699
4139 8059 4728
1987 4769 3231
7090 8913 5988
1931 3493 91
7245 5519 7727
1074 6199 2660
7980 4561 7567
8447 7297 6913
7861 8284 5561
1485 4987 3862
6114 5638 6514
9118 5177 2566
6124 9832 4265
6276 8532 6939
9028 7734 1318
9722 9287 2227
4439 6773 3525
4153 6702 7230
6389 5116 9230
626 9143 4145
6164 3232 6778
5051 8002 3534
9845 9837 8206
1542 4017 5001
4630 2541 5017
8351 4392 4920
8959 6308 6697
3975 5852 8954
1779 6841 4896
8369 9848 3310
6270 3947 4465
2834 2156 508
4847 8546 8695
921 6372 7684
6781 5120 4044
1883 7804 3469
1968 8777 9510
9187 7607 4789
9745 6299 8493
8159 9565 9874
5611 3205 7596
9723 6959 5557
4703 8566 9001
8845 6034 9106
9937 7743 5882
7656 5352 4428
9639 8057 5631
415 6951 9827
408 8301 5339
7795 6936 2354
9937 7176 9779
2463 8269 8455
6490 5392 4788
665 5247 4474
4154 7912 5027
7157 8142 4725
210 9069 8560
3743 4125 462
1278 9267 6606
9573 9349 4890
5698 6734 1027
4749 4309 4223
2474 3966 9864
7056 8842 8877
7138 4399 9146
5131 4079 8783
4412 4817 9616
1 2297 2885
4998 5703 9031
4032 4377 3978
7397 6155 8806
5955 6898 7259
4280 7808 8171
6857 3954 389
122 3951 8250
9849 9130 528
5361 4174 8605
66 5645 6411
8705 9036 7880
2058 5724 9848
365 3715 6842
7817 8139 6564
4540 6664 3613
2871 3311 805
4684 4454 7417
7010 9532 5771
7653 9605 7768
7205 4541 9441
1492 2008 553
6066 7134 9609
4841 6643 1116
2033 9490 702
3838 3467 4819
2232 8376 5535
2196 9186 3683
3678 6899 9241
6592 3909 1489
5955 9406 3573
7942 5620 8989
1711 8291 9943
6748 5142 1472
815 5757 8592
4614 8683 464
338 2070 2409
8908 5262 3802
3951 2394 1303
7869 6017 5694
240 7583 7661
6437 4880 1324
1342 9262 7282
2325 7176 2143
7226 8075 7255
7935 8960 6427
601 1911 949
8333 9769 2649
4780 3124 5846
4761 5743 7499
2056 5117 1039
1213 975 8236
566 3099 303
5795 7565 6505
8508 5051 4158
513 517 3045
3288 4296 1368
1864 9229 6250
5798 9443 2859
680 5246 3039
4345 2469 1874
6326 3417 9042
7068 5187 9819
5439 8279 6030
8018 7395 5295
3002 3359 3203
70 7661 8421
3564 4859 257
655 7191 5424
6353 7078 8399
2399 1565 6860
3690 6612 2795
519 5888 4462
3356 7958 5128
6799 7483 6607
7322 9729 2566
5493 3814 863
883 3931 160
4661 8523 3410
7626 8167 6378
8214 9251 4274
7972 6011 7538
9041 5875 434
8694 9932 4792
7408 4409 5559
5314 7074 1349
2720 3108 2364
1248 1369 8140
5461 6050 1620
3298 4947 8981
18 1861 4074
3721 8790 9912
9143 9693 1888
7474 9401 3937
8124 9934 5524
2452 5615 5254
9627 5659 5191
1278 5949 8883
3345 2006 9223
9194 5599 956
8916 8416 1907
7936 5048 5791
2005 2303 5325
2270 7480 6022
3628 3943 2509
2832 1607 5141
7323 8948 359
3042 2302 7122
3852 4408 8795
5414 4692 4722
8296 9346 5814
9913 8972 4904
2701 2694 4309
1069 5680 1311
4486 4849 2126
8646 8722 4194
2181 2170 5976
3489 7813 4060
9447 5693 4293
4816 5837 2673
8936 9813 6655
1820 3306 116
8944 6403 9411
5817 7439 6711
439 9734 6285
3826 8068 9831
8309 5839 5781
7472 4991 4356
8813 7732 5356
2501 4222 4035
9937 5793 4144
3732 5299 2364
9111 9803 6609
294 3412 9253
7247 5786 9343
5738 6174 749
8606 8796 7745
9946 6453 8568
1265 4273 5071
5178 6636 4859
5536 7566 7082
4868 9597 216
2200 8147 852
299 5926 4696
3102 3290 6409
2657 9780 6608
3653 9288 6235
566 4434 303
5405 8430 7814
655 4862 1945
4070 9851 3025
5318 6135 9949
3936 8262 2291
8148 7397 8751
7169 4306 6630
7014 3656 6553
6862 4239 7701
9446 9687 3424
2383 7595 4335
9309 6315 1721
1265 9899 9203
9210 5817 2100
8676 5251 8519
7153 4281 3610
8734 8413 586
909 1654 6638
3432 3680 2454
6429 7158 7263
7678 4080 7828
5092 7205 265
7357 8556 2633
9913 9448 7446
7537 6777 8835
5604 6512 2113
847 6098 979
7121 7115 6760
4743 9033 2958
4316 8762 1589
39 3020 9179
7386 4336 574
5051 7530 7425
8609 5041 1398
5792 3801 4532
6363 3465 5943
8027 7035 314
2224 6625 6616
6373 9964 9813
4117 9700 3059
4616 7501 6123
283 695 6536
409 1315 9479
3451 2838 3649
9720 8226 4498
7679 5869 8291
891 1663 4710
4252 9535 6234
5091 5459 2509
7629 7970 5713
4713 5238 4955
2466 4386 5879
6675 9057 795
6364 8220 5560
5870 3280 6200
9971 5498 8009
3014 2005 3923
1506 8700 9676
4119 5564 350
2371 2111 6662
2335 7793 169
354 7202 9031
3013 6919 4714
274 971 4928
1616 2745 2278
6554 9967 6318
5753 9748 3742
6628 4398 774
7614 9555 3926
3792 9188 3186
3860 5208 6021
3463 2978 8472
7934 7184 8261
1369 9582 6170
8657 5571 7377
9558 6918 5427
4422 8851 1244
2170 1598 1978
8341 5224 9092
8681 9477 4012
1020 2615 934
6523 4213 8091
7022 7516 3756
4899 8295 1017
840 1966 9867
4318 2363 4532
6748 4715 758
4329 9977 3233
3704 8451 2735
2959 5282 1773
9254 7482 2990
5285 9720 2708
6450 3686 9246
4808 7795 3446
976 2603 5366
2481 8351 8410
5745 6384 2015
5335 7376 860
5418 5178 3544
9337 5101 2435
8008 8289 5609
8537 8327 892
2701 7976 653
5492 6292 3090
5815 8893 4996
4873 9954 2592
1980 5771 2475
2759 7725 1554
6599 7244 2561
968 6689 5108
6701 7311 9566
6796 4798 6286
2229 4033 397
9854 9360 5336
1538 7361 5653
9641 8162 7787
9313 5127 2436
8295 5499 1886
375 1718 2203
8484 9674 7196
5688 3130 6811
991 7686 253
3713 6494 2900
1455 6293 5564
9066 8806 6584
9352 8443 4979
8991 5072 4875
897 6722 8982
7533 5449 4357
1837 3787 9167
246 5269 9282
5635 8701 6365
8681 9157 325
6313 7055 7578
3211 7990 3351
2923 9303 2332
3880 5325 2569
3530 7743 4888
3122 4135 9434
2711 8681 737
911 8038 8663
1914 9433 1338
4647 7249 7758
4868 5319 5661
2678 1870 401
8756 9605 8488
6402 6592 7387
941 2905 3465
9559 5558 3683
4993 9880 8592
3110 3458 7470
2314 7959 9155
9712 8294 9498
2258 5506 1066
4207 7790 8131
1353 845 9911
5152 4083 5034
8289 5093 3733
9040 6932 7109
481 3666 672
8993 8191 1202
6804 3599 6605
7058 7057 5529
1354 5742 4632
3076 6607 7309
5440 4365 5616
5219 4743 4830
5738 9774 584
1511 1650 8893
6372 3831 5523
8366 7167 6947
935 7890 8060
1402 3417 6863
347 7602 6719
2532 4876 5260
9551 9183 2733
3919 6800 8433
6535 9241 6454
3365 2694 7062
4054 2380 9863
440 3912 9167
3211 5187 2648
134 82 2901
9048 6395 7423
6513 6356 7388
5546 9349 7837
8297 9769 4733
2742 1961 3107
4182 2874 7061
6544 7356 906
8624 8721 6016
6979 4980 9271
693 4446 3336
8398 6789 3728
9109 6607 7687
1898 4967 1784
4741 2655 8910
3813 6733 8172
6938 9887 5299
4873 4951 632
370 3626 9868
9046 8709 9779
4197 2121 3354
8005 7332 6335
9220 6764 5480
2463 4368 525
824 425 5766
3924 8836 1344
4599 8614 9204
3150 8438 1439
957 6734 6462
1508 2144 3543
1979 3436 3139
1464 1553 5573
6484 8247 7424
2052 6742 1927
5908 5746 6861
4664 6248 4830
4855 9586 688
6382 9475 9647
8782 9265 6110
4370 9302 5052
1060 2189 4736
7857 7908 3379
6963 7561 7282
3898 3900 2695
8053 4404 7898
8503 6243 4554
7194 6439 8236
9768 7415 243
4300 7181 6806
83 7907 2702
6870 7071 9483
1351 9163 1999
1114 4756 4759
8799 6343 4231
5521 5354 4766
3675 2660 9924
4153 5150 3772
9715 9699 75
3715 5104 5101
1987 9434 6716
9548 7252 3349
6470 4269 8240
4434 3899 9169
5726 3117 7979
5874 9229 5474
3413 3241 9418
9759 7587 9038
6757 4215 3950
9374 5905 1840
5273 3238 3412
7583 8426 9495
9858 9699 969
2004 5855 7558
4828 5116 3373
7649 9679 3329
886 2214 6952
6403 5084 5136
4880 8506 1599
1763 2700 8331
513 3377 7265
8520 9074 1225
29 8066 6211
2988 4044 3693
6070 9019 3454
808 5078 4560
9355 7637 683
2084 4842 5701
6766 5718 8835
967 5420 2125
6087 8954 9692
5779 9192 6378
7390 6492 8825
1841 3108 5561
1470 5158 9378
1079 8343 9203
2707 4306 9114
870 4074 46
6274 4408 7369
8807 4701 1904
807 5233 951
137 1826 2627
6979 4700 417
7868 6389 7922
507 1515 3008
3085 9311 32
1330 3765 327
4829 3354 3347
2114 2297 228
1208 3746 4387
4256 4018 7234
2774 5114 2735
1135 3480 9555
9892 6653 9498
3792 6668 8257
4316 8077 9330
4823 6297 5858
7457 4290 7597
2534 4997 4065
7657 3883 1909
4128 9854 6511
1142 6850 4488
7293 7878 3099
2714 1899 2115
4596 3015 8113
6865 8671 9790
3071 8157 2817
9447 7695 8445
4115 4423 7394
9971 8609 4942
6715 8349 4530
2605 4383 2127
9923 8796 2926
2806 1667 1310
626 9019 9380
9256 5604 5649
7550 5665 5006
4143 6820 1695
6715 4494 198
6508 7352 1642
1144 6244 5173
3150 8015 9952
5223 6455 2230
6315 9241 1427
5443 5971 708
8857 8672 1413
6158 3798 5125
7051 7563 3556
6742 9486 7443
8273 7319 3109
9109 8474 8091
2877 9438 6723
3642 2583 2359
4562 5794 1374
3993 7492 7994
3179 2269 6789
8357 5794 4928
5432 7237 4825
5910 6946 5435
1692 2748 6231
2284 8960 9244
9456 8845 6300
993 8349 1062
6197 4161 2009
6201 7202 9182
3696 4142 5103
5276 7313 6377
3963 8941 1319
6445 8463 8688
8375 8399 2681
8427 9629 96
3816 7362 7263
9168 6305 1716
8330 4612 7979
9270 8291 205
1559 6523 159
3130 3081 6198
2534 8425 733
2879 4724 9881
8003 4251 7298
7635 7090 5445
4323 3960 7149
549 4229 5875
7335 4739 996
4365 9865 6149
3200 6781 7700
9022 7807 3834
45 1851 7274
9773 5911 2805
3679 3778 5853
7517 6109 3415
9631 6143 8851
4591 2421 4844
9269 6959 2991
651 6773 1689
8756 7971 8350
9277 9030 9596
3187 8025 6320
5167 4566 3634
8046 6477 2141
3392 5594 4048
7568 6992 7631
4330 5434 2062
5698 6258 1027
7556 4579 3473
485 375 7423
9854 5581 5371
5790 4745 9857
6024 6119 2015
2460 8788 1174
6855 9584 874
3726 2802 5894
1624 7088 2404
3414 2348 8339
3559 4888 9793
9375 7451 9860
5692 6342 3918
5670 6758 4090
8047 8982 4116
8871 9463 4239
7581 4977 2935
9360 6167 396
515 7986 1017
7827 5266 2007
1637 8791 4736
4242 4217 550
6709 3807 4397
3277 2431 7983
8500 6074 8041
5417 3328 3272
1220 7732 3872
5089 4891 7459
3072 4545 5661
4118 7664 4334
9709 5916 3178
1198 1914 7421
7088 9208 9665
3825 5415 2409
8414 6684 7800
3623 1871 8284
5490 5085 9718
2721 6860 1090
7675 4617 7430
5704 9504 2427
7993 4566 3429
9928 5733 3590
1606 6241 4955
4278 2856 2580
8993 7189 4971
9950 5705 6351
3152 3638 9529
9693 8995 7159
4870 8432 775
1236 805 2745
1074 7581 9939
9575 8551 9625
8946 7498 6250
3382 3338 7944
7876 9463 1379
8916 5505 2928
4371 4085 9562
2558 7075 4844
4029 6954 8413
9444 8091 272
9463 7582 8022
8408 6060 7345
3745 8842 3700
1864 4652 5703
4426 8786 5895
2377 4593 2592
6862 8386 975
2317 5358 6235
1676 4649 107
3961 5491 5005
4577 7408 4125
590 8675 570
3576 7172 2017
6800 8896 9872
5578 7576 228
558 3503 8665
7802 9403 8113
9513 8656 5475
9022 5129 6281
9374 4974 3602
2449 7644 784
128 7202 3358
6086 5177 1338
4123 5984 8703
1012 7769 1775
3037 2088 6005
1578 3970 2595
2159 3221 5895
3000 8342 4644
2416 8886 2566
7501 7335 5445
155 7071 8472
1652 2839 2070
1099 6462 6030
4160 2185 7132
8216 7406 1675
8313 4436 8091
1215 2544 1713
6079 8410 1247
6739 9628 6842
4093 9899 7101
8216 9869 9540
6503 8525 3533
3106 7427 8134
3431 3577 2222
4640 9968 7135
9187 5890 4950
7509 6626 8531
1812 8733 116
2724 5033 7155
3697 4300 4335
6196 4911 9828
828 1138 7433
9372 4800 162
4307 2709 6866
4864 6808 5661
8362 5634 7558
936 3874 3758
1097 8880 6058
9524 7179 3868
4930 5320 7454
3131 3073 7504
3575 8477 6203
1332 2453 4016
1876 1020 6149
6896 4291 9400
7568 8488 4854
2406 5131 6738
5728 6801 5344
1143 6981 5632
260 9529 1870
2784 4959 4012
2856 1759 1172
2097 4078 6021
4887 6108 8285
8548 8947 6122
6248 3569 8754
6118 9833 1292
9353 7635 8706
4098 2453 3688
6075 6789 9825
2380 6501 6345
2406 5371 9056
8558 7737 2621
9809 6778 8436
2000 1841 8792
1651 2767 93
8093 4183 6724
728 1056 6553
531 551 53
9565 7150 8954
977 5798 1073
5651 6791 9542
6592 9517 7994
5050 8798 1683
8916 6571 6901
4784 5090 6419
5351 8190 7139
8381 5561 4113
6631 4743 6501
5628 6735 7844
1119 4574 1346
4757 8918 85
9194 8765 9116
5062 4365 1996
1613 7898 2915
1621 3224 7738
1811 7282 1125
1715 9203 5571
8742 4603 8035
9663 7423 7377
8178 6544 8367
3331 9859 958
2988 7130 6990
4993 7729 2990
5760 4757 6504
7327 7118 4367
4407 6888 9979
9880 6847 492
5715 4074 312
1109 6797 9975
1058 4012 5130
58 9918 5450
8921 5989 323
7560 4176 6529
4802 4138 6110
3306 5444 8303
5678 4014 4801
6678 3878 4261
5938 8365 7685
1060 2652 7699
4439 7874 7571
3097 2275 5070
4998 7493 3914
2469 1457 525
2166 1940 8271
8235 6413 5596
6736 5574 1555
8596 7308 9990
254 2771 757
7532 5499 3024
8564 9993 3781
2008 5148 4765
8586 7622 4523
6269 6191 4756
1507 6301 4189
623 1054 3039
3014 7049 6134
798 554 410
5598 6190 9235
3110 2812 231
9614 7212 3387
4185 7627 8342
120 5585 9153
2949 5210 6250
4068 6580 5428
5259 4808 964
9576 7495 5761
3102 1779 6454
6159 3176 2217
7714 8488 9292
5570 8967 944
7106 5409 4446
8329 9195 9291
6931 9493 6545
6675 5837 8094
7958 7183 4795
3416 7035 7274
9160 7407 8804
2711 2785 4385
666 2556 2068
4134 6211 7912
483 8975 563
887 8965 244
3551 5968 2640
4513 5802 4157
3114 6518 1825
6528 5834 6366
5825 6134 7591
7226 6310 8108
8181 7548 9517
5447 7057 8633
2099 4034 1737
7588 8081 9179
3639 3651 9244
1264 7270 2072
9036 4708 5559
6636 8419 3032
5412 9816 2851
4312 2816 7967
4227 5261 117
2643 4854 1833
6781 6524 5170
5144 6252 582
6534 3642 2745
4135 4615 8017
6246 6879 6252
6587 7873 8077
8848 4639 3897
4471 8282 3563
8148 5817 5059
2848 6309 7545
8855 7593 4076
3818 4412 2221
836 991 1207
7462 6424 6973
1141 9606 7442
3036 7172 5562
7602 8418 4162
6212 8363 712
8939 6188 124
4784 3538 2496
3952 9840 5515
966 942 7234
5737 4544 3548
8397 4982 8314
9680 8238 5502
2468 7361 5130
2535 5444 5159
8548 7195 2901
9635 8984 5607
2242 7844 943
8855 9441 4521
9764 4993 6676
5592 6457 3008
39 8324 188
9164 9989 7724
3338 7967 8539
4814 6871 4478
3725 3994 6564
3201 8255 8687
9041 8021 1167
2835 7533 6030
8900 5571 1595
4412 9577 6573
5566 7694 8405
348 5012 8200
9953 7769 235
8378 8976 2499
8427 8697 3550
808 2113 6571
8045 4291 8642
3356 9237 8303
782 6320 5600
3184 3874 2061
9981 7745 9777
2437 3902 2127
6841 4027 2094
9349 7991 1688
9731 5204 3183
1025 9346 2091
9393 7346 2673
485 3500 2802
9067 9323 8055
1677 4099 533
3228 7294 8343
6547 3477 5163
915 4081 4923
8230 6113 3322
5997 3266 926
5716 9701 4240
9194 4723 3915
8764 5707 5747
3595 9502 8748
7407 8027 7506
7107 4823 7221
2348 4997 5691
997 6220 9501
9052 5537 5336
5281 5879 5563
261 421 6850
15 3127 4861
7141 8107 9841
163 3681 614
6701 3971 6200
8176 9509 3476
2622 6575 1986
1877 1220 4245
7371 6125 3163
9749 8127 4532
3704 3730 1292
4918 5199 5866
6361 6157 3621
684 5069 3156
3117 2712 2329
1253 2589 9788
2043 8758 3403
3013 2136 5070
3440 5488 9190
9438 6653 4361
3267 1735 6377
9985 9543 7280
9627 6352 8287
3413 6031 8718
1149 2858 6584
3241 9143 5706
4193 6245 6228
4975 6907 2379
3727 7424 7912
5614 5459 9323
7870 8492 5560
545 6111 7539
8677 7046 310
4837 8065 9233
5414 7190 7920
9257 7466 586
1837 2533 4710
3490 3354 8618
5237 8525 8326
7386 9244 5571
9956 8097 10000
7913 9126 8042
301 7840 5535
2892 4777 9978
6389 6450 2483
4750 8159 8651
3928 8982 188
3201 4563 7480
832 6766 5568
4043 5826 8413
7517 5144 8713
1315 1201 687
3055 3957 3473
5926 8136 4775
8034 9435 4239
9560 7820 433
182 1422 2768
1733 5745 9267
6048 8808 1531
2309 7631 9664
441 2161 8665
3788 5004 4301
2502 1621 4839
5365 7120 3999
8308 9089 8877
930 8253 416
642 6844 8640
8500 7227 7210
3447 9221 6362
8578 6390 423
5270 6926 9154
602 2197 8130
7 200 4628
3681 8683 8800
2544 4555 5360
785 4497 753
9796 8108 4632
3413 7738 5853
1175 8578 3115
2152 1810 7222
8078 4794 806
3491 4657 1539
7368 9951 6959
4549 3858 4898
6465 5272 1448
4527 6692 1710
3242 7193 4226
4906 4184 7433
4932 5941 700
4785 5549 2268
9759 9680 6582
7763 4964 6401
2234 6086 6217
9417 6494 3219
9098 7476 7732
2254 7743 8986
3622 9966 224
1074 7459 852
8199 8473 578
987 2272 355
6794 5930 9634
1107 720 3901
4894 8982 9825
2254 6131 9237
6620 8514 9929
6159 8051 7612
2998 9997 5163
9720 8100 1407
5652 7827 9562
7856 4226 319
3355 3393 9441
7066 3701 6058
876 4299 3955
8535 5018 337
7771 7336 6005
4843 7406 5212
1468 4751 9068
9234 6594 6852
1083 6079 8015
4369 8334 8
4192 5886 3716
7877 4620 1318
8047 5062 1064
3748 4171 6263
6354 5906 3393
2411 2205 289
3029 5941 2488
5778 8075 2779
2294 3812 5299
6645 8896 8009
7207 6917 1217
4176 5872 5466
6748 5129 61
2481 8947 5650
4400 9657 1615
4748 4405 591
5463 6399 4399
7638 7153 4039
6520 8905 6738
4541 2904 4978
6665 5939 5326
6696 7087 6296
9688 6022 5982
254 8763 7939
3866 7347 9180
3320 9553 2679
9687 6911 1840
7331 3776 8517
9275 4813 6515
8675 8772 9819
7287 9202 9268
8598 6517 164
69 9421 1908
6490 4455 7419
3552 6474 61
1361 2505 8846
9238 6754 2397
5985 9535 1473
5664 6984 3772
7952 4893 6791
9755 5686 6700
1457 3670 2798
8879 6617 3501
258 189 1453
9423 9142 1043
3091 7817 159
9118 9250 4921
623 1631 3685
183 7466 1456
8428 6511 8809
199 3262 1417
9386 7010 7567
6709 4841 2205
8726 7540 8923
9157 7204 5128
2904 4244 4449
94 8304 2570
6513 9135 2230
2152 2403 2072
1778 4724 948
7746 9046 4223
7166 5530 7455
750 8694 315
9438 5696 1754
5551 6340 1847
7926 9851 3641
2028 5721 8201
6105 3164 7067
6153 8123 1625
2998 7181 9505
9655 7018 6002
6437 5358 4662
1480 9056 4628
7671 7997 484
5633 8512 7666
2335 8670 1391
2806 7262 2510
5730 7076 849
3492 9880 6109
8662 6273 692
4856 4980 1519
4440 3412 9404
5876 6932 4494
2644 8620 6178
1198 3709 7768
4932 6077 5539
9725 9781 5323
8450 8171 2867
4811 8079 8517
2837 7340 8964
6238 5722 9054
9568 6769 457
3628 4400 8323
4123 8308 7826
9082 7089 4648
2555 8410 93
7653 6494 6778
5206 9114 6202
2609 9344 4663
3489 4649 3227
3566 3144 7619
7398 7697 6989
6823 9142 9870
7105 4806 2436
8652 5548 5260
3278 6226 9592
2720 8323 2109
1905 8375 5489
7306 7149 8648
3195 2319 8211
5287 7399 5524
6456 3298 9116
9259 5490 9422
9170 5958 5140
3972 8763 8559
8900 8123 9543
2081 8239 562
2571 5995 3803
6324 5637 3086
9243 4722 5471
4776 4992 2225
1597 6879 9525
2390 4517 2182
7473 6795 4781
6269 3430 6763
9883 5420 2036
1470 6674 6560
9515 9867 5657
7663 8966 7080
158 1100 3430
4468 8444 6673
9312 5691 8120
1879 3639 2403
6040 9967 509
9998 8533 7428
5406 9586 1554
1276 6056 4219
6483 6413 734
2528 5987 6309
4684 2711 8060
4977 5667 4494
3380 4317 4795
6391 7580 9484
8137 5276 211
1107 3284 820
9319 8121 1294
4177 7155 5185
8608 6656 9173
5145 6767 1793
9161 6227 3396
7131 9484 7435
1647 2303 6991
7410 8542 7267
3823 6012 9677
7243 9381 8218
1237 7618 6957
6453 9902 5582
2287 6103 2591
3935 9781 6749
8370 9636 5017
7682 6357 279
4968 7929 4872
691 7337 7035
6535 3990 2087
4753 7300 1594
1801 5412 234
622 5957 6204
6416 4686 6411
1715 4490 3024
8011 4419 8688
2763 6842 9108
1156 1729 9798
1795 5159 6753
1938 7878 7898
1813 7079 3845
3569 3475 8228
9071 7928 9284
8420 9445 7222
9599 9999 6423
8566 6992 9287
1524 7439 8863
772 2241 4226
6353 9384 7976
5957 3917 9582
1932 9151 5776
7997 9817 6332
8402 6799 3778
5966 8462 8009
1358 9167 3688
2084 4565 7320
3871 3825 355
6042 6727 6856
9045 5293 9761
3592 9976 3707
9201 6744 142
6047 3246 1167
443 7249 8825
2505 1510 9489
7771 5982 9400
9231 7544 4704
9661 8696 3386
9209 8559 418
2335 5225 3199
7650 4543 1548
4750 2647 6411
8498 5940 8440
4577 2533 8172
3814 8003 204
3639 8387 2417
7036 9445 1750
1601 4288 167
8181 8097 4145
6079 5455 7707
2916 9233 6895
5817 7858 4830
3524 8692 6103
6775 6705 2876
2998 7253 5826
4502 4583 5148
8632 7731 9488
3527 5159 7516
2447 5943 574
5193 2784 4671
6825 8116 6122
4610 8821 1308
4352 6768 4941
7051 4870 6888
2809 7461 4628
5810 8146 5859
263 3214 3878
4664 3470 8252
7706 4642 7843
2344 7449 6797
6839 3768 3348
8044 9849 9648
5960 5373 5996
4799 6645 875
8686 4893 5919
2515 3078 3699
3721 4686 3915
6810 6622 3163
1770 2535 2687
9335 6277 2940
3558 8858 8052
106 3386 9863
66 7624 233
7864 7721 2219
1450 5173 4566
281 3749 5026
6452 7896 9385
8083 6810 5177
658 9001 849
8859 4773 6512
2056 1805 4125
4395 6095 1734
7064 4252 9523
7009 3853 7212
1994 2264 6555
2494 3841 6913
4173 8536 8942
3761 6938 6949
2352 2990 9038
5144 8602 762
4863 5610 277
9812 6679 9477
9084 9902 7124
7091 4535 9330
6488 4875 2324
1836 1420 5073
8321 6036 2728
4093 2826 2113
7592 8490 4987
218 6667 5684
8867 7991 6431
8247 4742 4888
8014 9939 7037
9714 5319 8122
7477 8415 9204
6105 7553 6081
5967 3680 7235
3067 2301 4801
2532 4150 7250
8676 6957 7057
9559 6915 7902
1958 5256 6279
5182 5903 1027
4513 6117 6858
506 2558 2713
6896 6769 8474
9275 7534 943
1256 8095 6469
3242 9898 8130
6358 6321 4044
6509 8267 6342
5199 4353 9831
2862 6244 3125
6459 4088 8015
377 707 6491
8262 4394 7503
2996 3810 670
185 825 1431
5580 6920 5148
1383 7295 3795
9061 8661 6177
4475 2397 4565
1872 1670 4164
6118 4454 6090
5825 5938 453
9544 5890 4251
4749 5451 8435
1612 8944 4493
5592 6094 8373
7901 4304 1957
9982 7142 7189
5425 4454 2863
4608 9071 544
9651 8503 7916
661 7612 3185
2166 9460 8135
1974 9359 6109
9880 5873 8016
6490 9035 9669
227 6736 7652
8902 9114 3783
8610 6204 6621
7609 5686 5917
7924 4398 3648
9098 5374 7928
6164 3168 5703
9072 4937 4766
8601 9299 3719
7488 6779 9811
6559 7606 4031
2348 6931 3510
5160 3440 2800
8032 9100 4072
4370 3347 2006
9797 9892 8526
6886 5297 2091
5985 3451 7965
4275 9778 3959
7025 3587 7873
4815 5041 4168
3542 7198 385
2769 5853 4381
8010 5871 8174
4997 9064 4208
4400 8583 243
1947 9472 9350
824 6517 9530
7901 6087 2805
8307 5387 275
6502 7986 806
51 9513 4601
5578 6472 863
5314 6636 5032
9749 9128 4320
2696 6992 6032
2198 9059 3996
232 8034 8373
2914 4344 8895
7410 9129 9819
9129 4679 5247
8454 4556 8950
6481 4133 6621
6663 5948 1071
7795 9039 1865
3675 7849 5833
9437 5487 366
3654 2096 330
6927 5060 7292
8909 7254 8792
2710 7913 9523
4949 4071 9232
3818 5022 8476
8280 9214 4340
4848 2521 5058
8753 5493 7847
7279 3922 5063
6459 5777 2202
165 4892 7818
6936 5114 5267
9681 5590 9810
7904 5869 1392
6958 4975 8744
8464 5823 6584
4833 6458 1889
9541 8144 1885
3453 6386 6758
1547 1318 9613
2501 3674 8281
5134 2951 7665
3292 3840 9148
4867 6459 7526
8160 5817 3456
2769 4129 2126
7781 7398 7487
7218 3803 5569
6988 4159 4639
2204 9921 325
8520 6882 270
1586 9454 9929
9383 8205 1757
5829 9189 8347
3572 9227 1699
552 3761 979
5285 2742 7375
7972 8409 5582
106 698 6288
7904 8207 2999
76 8665 8895
6474 6774 2564
9633 6385 9431
1192 2525 6002
6274 9237 5293
4814 3992 4546
5999 9872 1737
9408 6789 6722
9655 7008 922
5327 7155 4295
25 6405 7373
6371 8504 7826
9473 9695 9385
3769 8804 8825
764 9085 2226
8301 5361 5595
2670 1769 6049
4640 8003 1391
1206 6529 5450
2241 2366 8140
8551 5885 8841
4179 9243 1761
2959 2305 5186
7991 7790 8949
4984 5394 894
271 2253 2207
4549 7112 2735
6240 5325 1161
4396 3863 811
7870 5619 3192
8152 4409 1675
8500 7154 4821
6745 9541 3966
5403 4937 270
8097 6151 6425
8125 5912 5434
8791 5859 9343
4434 8709 4766
1375 5129 4593
8411 6177 2886
8705 6095 3843
3048 9760 1499
1133 9737 231
3316 4451 60
3013 1613 3059
1811 3750 9271
5954 6426 5185
3154 2927 159
5228 5526 5936
467 4726 2017
1101 2740 2749
1600 7945 8165
4256 9196 3126
8187 9508 8423
3435 5064 4405
2998 2462 4951
9722 5805 4959
4800 8079 7492
7300 3790 9398
2160 5289 5557
5969 4568 7212
4246 8317 3165
8362 6609 95
1283 9292 4320
5349 9883 3976
1845 1324 168
9894 9949 9689
1714 7936 7623
1339 2014 3758
2868 5352 8281
4513 9706 2163
7973 4806 4711
3453 6788 9520
3292 5786 1826
5813 5765 3964
7950 8276 2582
1686 1882 6920
5774 7295 4253
2833 4231 8041
2269 5781 1792
7938 6348 1128
9935 5833 4649
4577 6820 9520
3006 9706 9106
4323 3088 6022
6370 6838 7965
6726 7369 8269
3201 6333 8015
3123 9677 289
9547 9448 707
7317 9295 653
1050 906 8220
9270 5569 768
7408 9826 553
9401 6733 95
471 6032 5749
5870 9762 3495
1972 2539 1986
8721 6951 2627
1756 5225 878
658 8531 758
8286 8663 7507
8889 6110 2954
9559 5980 8386
3316 1710 7615
7523 9735 286
9185 4698 3147
3847 2887 6166
2045 6428 5786
8917 9282 5141
2840 2722 2895
1108 9255 5539
8214 9257 4491
5431 4527 54
55 8527 7627
466 2297 4819
288 3780 1407
2919 6347 7779
7789 9856 8926
9256 5444 9990
4149 3043 708
1331 4908 7527
4544 2340 5973
5702 7409 6400
1014 7086 800
8360 7121 4138
332 2134 2036
9506 9407 7160
3913 6168 4022
2447 9064 6808
3928 3413 2564
4130 8756 1650
691 7121 7450
8840 6550 9044
5907 8092 5212
7269 5625 8281
5350 4394 1856
128 5415 586
4544 7887 4410
281 3049 4759
5273 5244 768
9432 7890 1804
7190 7074 848
9448 8654 8130
5702 7724 3511
8432 5361 1394
8840 9206 2307
2558 4937 580
4336 3023 6956
7242 4195 755
8991 9902 6008
1150 4863 4295
1832 6079 54
5647 3197 7695
6212 4531 6177
3776 2151 7400
6905 9796 6138
4609 4475 2619
1393 8300 8796
7968 5089 6130
4650 8874 7080
1426 3160 9163
3762 5606 2256
34 9167 4145
8701 6672 5078
623 4929 2594
2565 9556 4536
667 5218 8983
5411 6582 3377
3355 8606 4818
1159 3338 6850
6249 7030 9792
7195 8588 5694
1036 5905 7108
771 1766 52
5946 9122 8439
400 4623 1967
9025 8360 646
896 1723 4075
8606 7729 5871
8447 7082 4519
6119 6355 1472
6391 6855 8718
1809 8407 8947
2414 4124 4030
2903 6477 6854
8959 8074 6281
9461 8713 219
2144 7043 2230
5910 6363 116
5283 5193 1413
1977 7825 7694
3806 8751 7921
7474 8745 1202
6909 6279 3734
8540 6581 2027
3867 3892 2165
8239 7627 2384
7018 6211 7297
5399 9937 2634
8469 8341 6912
1994 6122 4613
8170 5217 2203
4676 8955 9872
5624 9473 1288
542 9062 2387
3 4672 1750
7105 8146 9362
7641 8108 2736
9171 6261 6517
9364 6392 1709
8349 7206 8910
5979 8250 9686
282 9721 6691
5349 7746 5761
4757 3121 6691
5028 5344 6578
7688 5176 632
3594 9773 9113
8116 6076 5943
9515 6325 2859
888 6733 3899
8362 6297 7435
5476 5481 8244
5958 5216 4665
7364 4576 2135
8789 8807 9783
8948 6017 8531
8623 9726 3364
4988 5196 6244
249 4270 4942
9462 9967 1122
5779 8757 1039
4218 2354 2778
9331 8267 7375
8491 6490 1936
3131 3251 5582
7952 6094 9479
9311 9628 7792
2829 5334 1684
1241 5182 9077
3500 3909 3621
7107 4097 6930
1508 4925 6989
4252 8136 3888
7247 7604 8064
2077 5716 1761
1020 7868 9794
7862 4957 1401
8483 8669 9179
3232 2112 8120
7009 4563 9224
658 6200 5789
8167 5105 7063
4171 9877 4483
9308 5782 6322
8948 8998 8585
2469 5466 4715
5278 6716 8291
9220 7954 154
1480 1499 2488
4685 2640 2141
299 8186 7013
8467 7239 5049
8189 5423 8487
8377 9642 9327
490 7010 9031
128 9091 2676
5069 7110 717
4823 4067 8385
3048 3547 5956
9452 7100 3905
6701 8477 3273
2527 9317 7594
1445 8935 3794
1373 2632 4689
5926 9625 8058
1085 773 3684
175 7654 3728
8725 6458 95
7168 6869 8254
9046 8142 7962
5327 7817 4996
8776 5920 6
6824 8220 8075
7117 8637 9006
477 729 5161
7512 9922 5886
202 4029 138
7414 7937 380
9636 6980 8445
5807 5088 2857
5276 6443 6150
2727 2286 7348
904 9331 6557
9585 9814 7319
4 1322 5776
66 2439 1847
3042 2802 8079
2820 4656 6577
4887 9501 341
669 8521 1072
2518 2255 2794
8434 5707 9934
1780 907 1045
37 1084 4924
8308 4823 8561
5062 7137 8371
8272 4779 8587
1844 8786 6832
5266 6024 46
2721 6042 8810
4135 5683 613
8909 8491 111
2414 2053 4754
7066 9190 17
1412 5826 1232
4856 9192 2467
4280 4013 9060
6748 5283 4428
4910 3845 3300
1670 9387 2745
5002 6911 1952
6352 5669 3215
2943 9438 3340
7592 9175 5277
2138 6191 9523
1517 7052 1989
3861 9478 4421
3280 8511 1273
7973 4572 4928
8935 4552 421
6040 3446 859
5622 6518 1709
9066 5339 3136
8061 5578 6805
3492 5853 9397
668 5493 4419
5550 6751 1094
7058 7205 6320
2333 4303 4264
6370 7056 9835
9265 9554 6990
9067 6913 7803
8973 5864 3768
5888 7688 7171
5439 7499 368
3346 7132 9232
6814 4378 6318
2832 8427 6016
7641 5343 2027
1350 8111 3612
1018 653 3215
1703 5144 1151
1827 1790 7930
1270 6791 5435
6748 6948 4916
199 865 4313
80 5036 770
1155 8495 2606
1386 8250 984
5280 6657 9669
3470 7987 382
7856 7663 2526
2084 5232 8695
6718 5010 8518
765 1068 4720
2133 9558 1990
819 4830 9523
5605 5147 9675
3913 2011 7417
6535 6465 8363
8056 4995 8393
1409 7442 5478
9225 9836 6873
9972 6589 7898
3441 1850 6189
8209 7301 3931
7905 5559 9488
1765 3727 1127
9412 7993 2960
6214 3875 7140
3704 5986 5487
2950 1533 5990
9909 8587 7739
1096 3448 9397
2979 9081 7181
7050 4889 3556
8791 4577 5839
8170 7778 7753
7723 4754 5839
6554 3436 4825
6928 7501 2042
6248 8642 1180
21 4307 3630
121 1167 4875
4452 2535 7594
4999 4737 2995
9850 7249 2175
5847 6096 4593
8742 5086 5097
9103 9796 8559
5133 7626 4966
7243 8371 6449
377 9195 88
4748 5532 7099
1702 8888 5267
6932 4116 6607
1219 8346 2090
6009 6043 7770
2494 9319 8433
576 3787 9542
197 3766 2595
9487 8746 6887
751 1097 4161
3120 6665 6816
5278 2910 5522
2688 3226 3335
7117 7372 5819
230 5206 4320
6282 7864 6058
963 7129 2249
3067 3199 7244
3298 6265 1459
8121 6233 3629
3460 5878 3683
4822 8551 6691
3810 2292 8616
3771 3761 3467
9367 6336 6901
6187 8865 2902
4655 5060 2902
1762 7954 734
4373 8524 1436
1149 1076 6077
4175 8602 4001
9041 7507 3638
1266 3938 5657
1759 6252 7487
6493 7101 8992
4768 5457 2035
5451 8774 4460
7000 5764 2989
6679 4138 1169
6301 5041 775
3096 2419 848
4452 7608 5616
4139 5680 9675
807 5683 9224
3356 9951 7122
1692 2831 3436
8681 8697 2271
5035 3235 6844
1801 9093 272
4533 7014 9579
5337 5796 4050
4548 2920 2846
2753 1707 7594
9331 8104 215
831 7507 4505
9122 9860 8479
6641 7219 8055
6962 9837 9791
3230 2074 3087
1156 5567 1840
5327 6920 2857
9971 7291 6946
3547 5809 1752
7813 5101 1442
8897 9743 9895
1872 6240 5346
8036 7368 5107
9344 5242 8489
3 4716 8557
1219 2694 1967
2538 9409 8332
4518 2928 3019
1698 3093 1831
6159 6459 1946
6995 8079 1064
2862 4622 3252
8573 8625 7316
5065 3350 2279
9147 9052 4158
4277 5384 6595
129 769 430
1022 2209 7439
7752 8460 7435
3514 5400 433
8083 4256 9154
5683 8550 5586
5198 4654 8887
8756 6372 6882
8573 5211 4498
3829 7313 8534
9259 6556 1581
3948 7291 4290
1837 4923 3692
2618 1392 1138
5290 4860 2864
6862 8083 6511
5941 5461 7423
1332 4106 899
5577 4103 5568
6474 7555 4917
8944 9177 3385
5216 6055 7874
4544 7751 6890
3420 9176 518
4591 4509 241
2581 5147 9108
2193 7534 8692
7870 7576 2539
7657 6056 9467
751 9207 6098
1553 1796 4074
8959 6576 7498
4755 4422 6020
2502 1343 3238
7989 7952 8021
8659 9289 2246
8408 6597 5023
6503 6166 8577
8230 6956 7463
2200 3603 7492
4744 7275 4536
7757 7939 59
4984 6782 6134
5796 7515 5003
1659 1955 1549
5039 5245 6400
6292 6919 7760
6361 4493 9516
3123 9676 1529
4949 8255 9159
2690 5652 1772
471 2268 920
8394 4477 6188
5221 6883 7639
3652 8074 5859
3818 7665 3515
3952 3750 5174
7815 4390 6021
98 1436 703
7300 7433 7081
5234 8791 4996
4582 9464 4568
5648 4830 6737
531 1945 3614
8244 8264 5554
5220 5427 5478
8239 4713 4078
5313 4748 9482
904 7309 2116
9072 6603 8100
778 4579 1355
4184 3319 7171
9306 8413 8844
4805 8689 9770
3253 4503 1071
7675 9555 5933
3124 2473 6984
772 2061 7297
485 9204 2072
1200 5193 4547
994 8739 498
1697 4407 3625
4949 8293 3340
173 9950 8353
333 2460 5944
7508 7684 462
4154 3013 6925
3220 8625 1786
9852 5971 5741
6451 4623 3196
9746 9735 5529
1652 5282 7442
9688 7691 3918
6645 7106 6805
9338 7713 1793
4454 4236 5359
932 5987 4774
1671 3098 1473
5688 5989 2634
2144 7186 5071
1923 7191 8462
7121 9008 9829
8083 4142 1447
8043 6972 9543
9278 9054 3692
4770 8430 3812
2929 4980 7030
1720 6871 1442
2065 2091 7119
3642 2601 8779
3594 6973 8802
2614 2654 8561
5062 5606 8695
6696 4727 7733
9667 7234 4523
1960 4593 8120
3666 9004 6644
4259 2247 8085
6494 9528 9572
4965 2870 2036
7577 8011 1546
7933 7182 1909
9507 6104 1675
9151 4972 6401
8858 9769 253
8638 9754 2091
9631 5316 7129
9919 7740 6053
256 1130 4865
9565 7044 9179
7510 8939 352
6391 9655 6746
7935 9998 4699
9687 9713 6374
4453 9334 9024
8370 5193 7766
2879 4198 3282
9358 6309 9793
9768 5335 4951
8033 4741 2626
7276 9768 4387
6575 3328 614
150 8247 4424
7769 4381 5469
3998 6874 1395
6319 3412 7994
8643 9946 3082
6641 6642 6918
22 5660 7394
7352 8500 4767
1438 2821 1889
1144 6086 1549
6983 9431 4490
1698 6894 719
6726 8174 9031
8224 5221 4627
3345 9135 5210
6976 9629 9790
4104 7224 6146
4159 7451 1071
7810 4633 3844
2761 9956 8183
2590 7096 6032
3709 6961 4731
2411 2754 6550
406 901 5284
8833 6794 7354
4358 3901 4736
1108 3283 9359
6238 8950 4295
3491 8003 9708
266 3402 6478
9977 5414 6018
3119 7856 7680
3823 9219 7578
5714 3526 6275
2854 8157 325
779 5335 3059
8407 6374 4673
2178 6053 6235
677 3232 2650
6540 5273 3167
1910 2462 9598
7987 8652 5249
7602 9375 1913
3521 2502 9566
5508 5554 3629
1276 9734 7622
7262 5500 6150
335 2755 6655
5751 6940 8627
4094 2479 6008
5453 8971 245
2046 3557 2883
4348 5036 1740
4977 7812 6035
2714 2946 526
8686 6687 1461
3676 8170 2887
7662 7726 8290
131 900 5435
7390 5999 8156
4038 9954 4030
3766 2601 2504
2840 4351 8911
444 7976 4781
8907 9833 4114
6581 8016 5378
7537 7725 2195
816 7557 475
3526 9089 7559
1384 2209 5390
1809 3064 1203
5692 9754 2031
8101 4449 554
2862 2598 5203
6794 7659 4649
47 3883 743
1753 4993 2894
9842 6446 653
8037 9618 7123
9640 6898 1751
2725 3039 8390
1111 7485 5103
2033 4172 3531
6455 4404 2165
3224 1705 5615
8845 6215 5838
2236 8073 2407
5954 7946 5194
3159 4738 7351
7579 6749 8487
7945 8589 7149
4300 2902 8663
7705 8720 8180
1728 9510 492
5809 7727 5307
141 6512 8311
5934 9337 4202
7990 6089 801
7589 6697 9703
9427 5671 8290
4188 9515 3906
3048 7654 2729
8988 9590 628
7323 8062 7402
6051 9923 8186
1460 8545 4971
4925 5569 7037
2095 5282 4950
4170 9525 8154
4641 7327 1308
993 9553 5996
8855 7220 9835
3188 8783 7768
6114 8445 2593
1507 9239 6467
7554 7231 5474
2830 6508 9096
2821 8864 1694
5226 6987 7820
9172 5905 9492
4360 9626 495
620 3428 2339
2234 1509 3519
2826 8665 1362
20 1153 905
5574 7955 6109
56 6323 9659
1083 9122 46
1111 9829 802
4513 8027 8303
6251 3248 9967
6909 4990 4347
1173 9430 528
4876 4943 4015
1666 9476 1456
8341 5429 5122
210 8537 5233
478 7044 8621
8784 5518 6205
5935 8408 9018
6803 8482 3472
2661 7418 2902
3190 4269 8970
5622 7039 7888
2993 5717 5060
1569 7222 8051
9821 8332 6217
4200 3096 3245
6520 4600 2888
5792 4414 7896
1953 8861 1082
3667 9345 8989
9337 6127 5255
5966 7964 2619
3168 4539 1723
502 2506 9024
1165 2520 8122
4563 5879 7559
3370 8923 3981
8484 7523 6224
2562 2299 1235
6087 8440 2596
9919 5401 3061
2538 1745 7055
4585 8903 4113
4650 9777 4955
8994 9178 4708
3771 3381 3156
4548 4808 4869
7094 7343 7844
9324 5476 6864
4081 4533 397
5162 8684 2818
4986 9155 8568
6881 8286 8665
5719 9112 5103
6028 4562 1404
6581 8779 7456
8417 5672 6695
6212 4237 9470
2829 7107 3144
1230 3208 8531
4135 7658 6428
2715 2390 2620
9263 8754 1002
4452 5076 6809
5505 4690 9481
136 7175 475
8297 8554 7999
8208 5190 9007
2482 7078 5532
2473 5175 4702
7397 7515 7595
2030 1713 7275
8093 6609 1063
520 4283 8166
8601 6641 7043
7225 5852 5189
2482 9167 8715
7626 4478 7927
5414 6882 4766
4683 9830 6866
8289 7788 140
191 7981 1790
6010 4728 9200
7283 7514 9609
7587 9815 7320
9627 7196 3233
1393 6127 4258
9537 5543 3176
8540 8171 1889
6451 3296 3033
2527 9754 8376
3689 5734 4543
6838 6776 3099
6703 5061 8819
2470 6593 9572
8635 5218 6104
1023 9497 5127
7836 8350 9785
9632 4845 7354
9931 5160 5638
4605 2774 7593
9317 7776 9350
3968 7737 2513
3145 5916 1561
4712 3672 9008
5613 3139 2397
4054 2982 3641
8866 5225 1478
7311 4574 1704
517 3777 8852
5094 7271 4909
8167 9523 8912
1363 7540 4116
1947 1532 956
9496 8500 4226
8471 4330 9525
5957 4409 6320
1 7181 6112
9273 9711 6724
1769 1868 9347
6799 6643 8696
1729 4103 8934
8003 6188 1824
9064 7548 5031
9032 6057 4219
2812 7803 4409
8160 6883 4532
3890 4628 956
2581 1675 535
6494 7730 6097
1670 6958 6589
2785 7141 4474
2546 3994 3790
9996 9892 3466
9643 9084 3785
1171 8466 2404
8951 9884 5914
6855 8148 5214
4670 2497 4168
9914 8671 1221
7514 5265 7299
6601 5132 7981
5281 2922 5194
9907 7871 7436
1508 7785 7437
9820 8432 3886
8073 9080 4660
873 2180 2668
7583 8368 5372
3216 7522 31
5688 6245 5645
252 1491 3052
7505 9173 4680
8300 8832 9498
6566 4493 6072
1535 4163 5839
5673 5648 4393
3565 9388 8730
9515 9800 2610
9568 6017 6202
7064 5579 4180
2330 1458 1180
6637 4696 6954
2920 3468 5480
4366 3890 7959
7677 8932 1280
7568 6919 7139
100 9056 9080
2415 3100 8223
4537 5381 4693
1813 6112 7818
5618 5353 1068
6336 5186 4232
5292 6668 2849
271 1690 3548
5941 8184 3003
5715 5263 3185
5246 7948 3900
4055 5536 9897
9818 5723 4012
8302 9681 1418
8668 7031 9207
6382 9355 5064
3151 7439 1789
9906 9136 7571
6995 5825 4872
8238 7794 3686
7904 6389 9623
2914 8614 7940
8448 6731 8111
5580 2911 8703
8859 8382 9961
9043 8394 5224
6979 9654 6284
684 4058 805
2297 8487 1776
1256 4708 2086
5724 9632 4702
2877 9988 1188
5443 7113 9875
1976 3072 5416
1085 691 7491
4369 2692 3107
3600 3090 1531
6131 3468 9144
3064 7365 4572
7486 9194 7511
3343 3077 4433
5294 3703 7623
9594 8227 7213
1818 2709 5190
8782 5200 2219
9666 9375 6097
3529 8000 245
3995 6762 72
5999 8859 7665
7706 3980 1793
8301 8570 1646
8148 7661 3591
7951 7588 5529
6998 5205 5378
1495 3194 5189
2145 1114 8642
8279 6978 5951
6054 9255 649
4430 6381 5169
1058 4108 1116
3216 8035 9482
1003 9562 2011
9885 5148 2290
7195 4685 6969
9021 9595 2958
8952 5740 457
5013 6451 1357
5504 9886 830
3241 9328 4574
6684 3735 2378
478 5066 5478
4797 5593 1274
6804 9176 1760
3193 4025 9281
6370 9031 305
8563 7809 9860
392 8658 7268
7414 7921 6657
3911 6793 9110
2289 4173 6501
9149 8604 1287
1843 4529 8716
4655 7965 9905
9801 5071 2952
3132 8838 1035
1377 1738 7119
9178 7591 3513
7209 5675 7666
6940 4653 6026
4323 4674 7046
3311 6644 8358
9746 8648 969
5040 3290 561
4135 7383 8938
5711 3188 2749
9312 7291 3251
1820 6841 4046
6971 7245 3466
7934 8518 7687
6825 9884 599
4502 2614 6894
2581 8345 9690
7105 9325 8242
1823 9312 8618
1003 6321 2323
2470 1342 7899
2613 9010 7382
3853 8538 760
7683 6078 4505
4884 9230 9669
4982 6239 4357
5410 4131 7043
1496 1896 6431
6294 4232 9368
620 5164 8099
8689 8035 4699
8784 5907 1634
6483 6378 6630
9064 8648 9400
7114 5492 3845
4641 8810 4384
4318 9575 8323
156 7876 6834
7186 8863 9193
8048 6411 1355
6349 8579 7061
4863 9383 1212
9633 9072 7170
3286 6637 4564
9518 5480 5262
6031 4593 792
3255 2130 6674
1036 1164 5299
9423 5198 4926
3752 3433 5005
7116 8840 7230
2534 2624 5355
4005 2077 5217
3856 4862 8876
9401 8739 6968
3442 3620 6558
3248 5281 8603
691 2923 7369
3477 5783 950
8160 5672 3645
2277 3882 8081
6283 8158 1291
5644 7358 9555
7546 5065 3057
7096 4519 1391
5890 6478 3543
3741 3647 1744
9074 7169 4133
1836 1990 5026
6106 9574 939
520 1105 9193
534 2488 8700
6261 9521 3133
1538 5943 5299
2546 4027 7030
4351 6627 1116
5763 5722 9659
466 6720 9760
8076 9419 3706
2618 6957 242
7395 4114 6231
6156 7000 4792
1818 6531 3430
7034 4496 2843
8652 4586 9287
9399 9271 8030
1526 6910 250
6951 9410 5019
409 2246 3729
4683 4802 4325
4907 9782 952
3787 3016 4361
8352 6813 735
2112 8260 4571
1481 4499 4892
5443 7367 8708
9738 9926 1629
1547 3681 2599
872 6474 1993
4280 8136 8651
5319 7264 6911
2063 2405 3742
6768 6663 5444
3432 4752 4060
3212 8923 7882
9493 6402 6122
9907 7372 6223
5015 7810 7099
6736 6018 1336
5663 3382 4767
5647 6963 2961
2254 5824 2578
8368 8836 3077
8264 7499 9287
1107 1276 9250
6567 9132 2485
8221 4546 694
7586 7729 5444
6799 5805 3421
461 3706 2740
1179 9923 1244
667 2386 8385
5292 7721 6467
8881 4788 7480
4143 7495 2738
1612 5305 7466
4345 6371 5569
5845 5923 453
6249 4059 4269
1485 5254 7506
2078 3256 5731
9687 8562 6365
1941 8839 6608
3286 9793 9924
6814 7276 2423
2260 1898 380
2237 8190 9274
8053 9668 9970
4341 4643 9620
5411 7501 6584
3267 2597 3371
6099 9545 8588
2460 8125 4564
399 9293 4674
1353 9291 9823
7829 5094 578
3029 9158 791
6050 8667 5913
7723 7707 1121
8459 8317 6426
2853 1907 8311
9687 8819 5019
3151 8146 2483
9039 8720 2197
1283 9634 6536
7038 5307 783
5549 6617 7872
8972 6452 5510
8502 7860 2967
6243 6092 2668
6243 5022 6318
4808 7394 2423
6650 5233 2633
8067 5442 6760
8675 6570 9286
281 7149 6863
2057 5007 6573
2583 7533 1317
957 5227 3087
3512 3826 6811
2631 2271 7232
7629 5390 3900
5822 4513 4109
4784 6047 211
2658 4926 6330
5431 8192 1997
8875 4463 6563
1233 3863 830
4641 9446 7442
1204 6741 412
58 1782 6348
1098 742 5479
2788 4699 2072
4352 7232 8049
5491 5943 5243
7141 9560 1804
6232 9755 5480
9448 8265 5407
9119 7345 8423
9935 8030 6472
2879 7921 2504
5790 3375 8665
8874 7778 4489
7864 8990 9262
6197 3793 6815
5905 6043 7770
4364 7715 4559
3816 7842 2123
9712 8059 6464
3724 7920 1790
3984 2889 6348
8787 5519 9566
4780 7585 8337
5350 4965 7082
7769 9342 3945
1748 5954 697
5664 5331 5457
1098 9086 9070
1061 5047 806
69 3590 9993
4911 8654 1964
1491 2385 9538
2848 7504 5820
2446 6471 3921
5069 6784 5729
7683 7503 7324
6734 3926 1390
9820 7221 8644
9996 9387 4198
4154 4254 5125
4360 8378 7720
5417 3465 3855
9948 5045 3611
4918 7522 7625
8424 6728 6038
2651 2407 4211
7211 5658 6532
4502 4661 8801
8857 8030 1037
3500 2501 7527
7789 6448 9323
7462 5490 2315
2975 8891 166
8654 6634 2246
181 4408 854
2057 8874 639
5278 6500 996
4027 5147 6427
2688 3617 7902
2534 3317 1921
7529 8804 9413
3569 6999 7912
9373 5889 3541
4799 8477 6655
1393 3901 9660
8564 4541 1246
2726 7760 8965
5835 3902 1689
2425 2208 6977
3965 8255 9508
3598 3549 8130
6823 4877 942
8352 9390 7259
1219 8479 9561
1230 6166 3591
2333 2547 7954
3722 5927 9588
45 8081 9282
4469 3820 6071
9639 8135 7826
6993 6268 7873
252 3762 9918
1083 6879 168
8824 9288 2533
4760 7485 1005
5288 4170 7637
8838 5137 1161
8481 9428 5771
2133 6448 90
6459 5190 1037
6305 5329 811
4257 2748 2366
3949 5944 1757
5831 7160 1064
5603 6399 1516
8238 6803 9724
2618 4064 6695
5873 9263 8617
9889 8865 7693
6460 8206 6578
4836 9546 8142
6698 6214 3156
1176 6529 2580
1538 2111 3896
9733 9137 3008
6964 8769 1214
6905 5354 3244
7065 6636 6138
9338 6424 3115
3080 7805 7044
6307 9851 9498
8596 9947 7561
1209 8365 956
3103 6704 1951
2715 9437 3199
1220 1774 4315
4042 9952 986
2159 6842 92
4061 9842 1691
5830 3524 8983
6585 7765 4538
460 7959 5371
6054 7895 5328
6337 3963 3694
3776 9165 2591
5259 5048 4309
4864 7742 9750
2908 8240 9711
2527 4286 4702
8523 7082 1873
2559 1792 6384
2769 4966 2326
8980 8529 4693
6264 9730 2983
9475 7736 86
1971 2949 8649
8769 4671 4781
4738 6046 7820
5633 5604 9828
3867 2025 2560
6009 6445 3427
218 1494 2364
4469 6561 4600
5635 9592 9579
7989 9632 5584
8212 8298 4636
2994 1933 9848
4279 9880 3192
9010 5280 8422
765 4918 1583
8508 4678 4340
7154 9440 6727
7808 9490 6222
5433 3416 1453
1837 6834 641
5760 5229 937
6926 6322 3153
4390 9190 5510
6687 8994 6514
1409 7621 1395
5505 4455 3647
3866 2012 8934
9198 6799 411
9408 8534 9078
7355 4273 9428
9607 5159 8007
9288 5001 1855
8652 9572 4682
5521 5847 5713
5045 7087 7558
4811 7718 5286
4351 4510 6856
7094 4462 8452
9681 6334 9863
8382 5693 8864
5726 9231 6068
4549 3915 2458
6414 7203 1594
1637 9583 4850
7991 9191 3755
7611 7945 787
1779 3835 5637
6999 6317 4520
8317 6385 4127
5660 5520 7785
5948 5890 8256
292 7981 7538
1285 979 7296
6256 6698 1885
5794 5239 5706
4071 4795 4464
3 1705 1167
7355 6826 244
9463 9240 8406
619 1419 1628
2430 6964 8299
2546 6126 8327
5018 8409 2633
230 3044 8304
7165 9577 3929
2155 8218 1318
4929 6367 4772
7868 9120 5172
4427 9963 659
432 3758 4573
2920 4246 1194
5869 5403 2142
459 9408 8986
5964 5751 3845
667 1129 6578
3108 6774 2412
8121 8068 7828
1228 1293 4861
371 7626 2615
3710 9406 4410
1864 1958 4155
3952 9398 1479
4771 4429 7316
8364 7339 8841
6176 6269 6123
1377 7788 3870
4221 3068 6314
7352 7276 2893
7708 8405 8396
9104 8455 8700
3924 6640 6837
2334 2050 2952
7303 4587 6708
9663 5772 2060
8930 4929 580
1556 2692 4255
5755 6102 6863
7550 9162 5932
6070 4838 5260
1925 2858 2120
3920 7412 4496
3595 8219 7282
7283 8348 1117
6822 7770 8304
705 3178 8918
3220 4847 85
3274 4232 5021
858 1856 1635
3836 8364 1852
4055 4926 6943
301 7909 1653
4719 2515 9075
9022 9655 9592
4323 4228 430
3120 2608 4885
6037 5137 9724
4931 5181 2580
9370 9490 4107
7105 6782 6706
2352 5081 2823
8032 5452 6514
7408 5940 1306
6193 7767 8771
3285 9737 3976
8032 7694 6210
9852 6274 4091
6632 9769 8455
3053 6206 6845
8286 8693 1662
1557 6724 4467
4785 4888 3698
452 5531 8211
5035 7733 8075
44 4801 6720
9803 8449 4363
173 7873 3735
2559 2511 3367
280 4864 8290
3152 6446 5454
7328 8568 7648
2853 9782 2361
1097 2349 6477
1976 8888 9847
8604 5441 9872
662 6415 8926
2112 6187 8710
7990 5066 1826
1500 8774 6203
7258 3983 869
1296 2181 5038
2678 6494 1145
3522 6316 1565
284 9312 1504
5698 3107 3863
6520 6499 4500
1337 8999 9376
9002 4726 6732
4110 7169 3262
7227 5731 7280
8969 9949 2524
7112 5730 2117
4509 2620 2747
7936 8176 8234
5431 3441 8741
5418 8125 6613
3876 2879 464
3220 5919 9406
5940 3155 1842
4415 4555 8744
711 6199 3448
2717 3640 6842
458 308 7297
5962 3711 2109
9784 8927 7768
6251 7063 75
4059 9084 8541
5844 7142 4393
4176 4357 653
9876 7667 9133
2692 2057 4947
8378 9666 9529
7440 9684 6388
8972 8202 5123
8905 8437 4363
2250 2052 3417
3092 1586 3300
5597 3045 9658
3582 8245 573
6996 7759 2026
778 9186 3978
7972 5822 1620
7861 5904 2312
9022 6218 1695
9129 9811 2306
2178 1506 6895
199 6452 9581
5835 6876 6052
1223 9691 2702
5537 5789 5971
5313 2942 4487
2912 2738 8536
5985 7907 4446
7476 8959 4979
4748 8173 3233
83 2186 315
2824 3750 9912
6561 3505 9125
2522 6666 4050
21 2433 1252
9655 7055 7326
1191 3153 9031
7228 3847 6219
9956 7397 5012
2051 2897 9779
3569 6962 5086
7429 5505 8825
9637 6015 6884
6291 9408 6657
7086 5785 7148
5567 8504 3386
8401 4487 4125
6986 5966 9307
5499 4749 8174
7895 4027 2675
1843 1899 7314
1204 6143 236
1556 1999 3531
5219 5451 6398
6567 3984 2831
4287 2499 4500
3122 3468 3938
3259 1960 2015
1498 9151 315
9893 6744 1376
2602 3809 6877
1735 2664 4161
8394 8468 1784
3599 5830 8041
4139 2356 2324
8230 7818 9124
1767 3596 5661
163 2507 5914
7713 8494 1945
6848 7753 3700
77 3631 3308
4598 9857 9218
5972 3993 811
2548 3115 6052
7614 8009 326
4931 2766 6603
2683 6441 7129
3405 9232 7809
3097 3909 6053
2866 8692 7144
1881 3559 265
5004 6435 7004
5849 9194 7312
870 6889 402
617 7829 61
6502 5111 3759
1020 2654 4947
7247 9014 3999
2408 6419 5744
5417 8365 9011
5602 8464 7184
5301 6550 7498
4160 3077 4767
6124 9083 5933
6535 5948 3348
3524 9862 578
9544 6409 8113
6525 6528 4680
5662 7867 8204
3847 3446 7310
7750 5896 4288
3092 8024 3738
8048 6306 3506
7864 7414 7591
971 7526 2991
873 5801 2140
8901 6798 5304
5206 8584 7012
2583 9431 5529
713 8513 9024
6001 4532 9708
3193 6112 5222
5590 9685 1501
8478 9649 7383
2083 9161 8075
7750 7689 6952
3265 7322 7832
2274 2319 4212
7834 9142 169
5015 5665 4810
7811 8876 7651
4692 5585 4777
7517 7807 5623
2632 8392 135
679 2218 1989
5508 9006 6170
8601 5484 1398
300 5013 8149
4800 8400 2564
1633 1647 2958
7343 5029 6827
3935 7359 2179
6274 6869 2662
9158 5113 5922
5802 4331 2487
2500 5014 5107
9363 5025 3318
1437 7722 9436
1584 6459 133
1736 905 3301
9295 9513 5282
2827 3964 7179
4388 4547 7129
1569 6274 5785
3168 4897 8539
9557 6016 9500
638 1336 4479
8096 5619 9870
2834 7633 1595
1018 9582 6969
2130 5859 1376
2698 3907 3627
8832 9469 1374
941 5650 7075
468 3360 9682
2152 8370 9435
4690 5514 8603
9845 7479 7959
1242 2541 6032
1497 7604 4063
441 8103 7006
3674 2908 8792
8317 9461 509
7864 6805 2589
5418 7736 5996
4369 3104 46
89 9132 1629
5711 9480 4895
3164 3540 948
82 4958 9765
6976 7304 9480
5974 8269 205
3071 8967 3353
6274 6359 8536
271 3613 4290
2602 4989 1316
9407 9954 527
2922 2809 8257
8958 9391 2798
5300 7616 1207
3048 2398 3557
5540 9833 9413
4545 6383 4107
7406 5500 7458
3106 2995 4443
1475 5383 1180
3508 2247 7670
3316 9931 7048
9693 9786 688
8516 5815 8661
9749 7613 3785
7682 4999 4546
658 8962 9881
3667 4945 8
1007 5007 1154
1569 5988 3621
6437 5961 5355
2590 1381 6812
7817 8958 7881
7951 6482 4410
102 367 3121
1397 9838 9026
9886 7386 497
722 5558 7423
7191 7507 9529
8669 8739 2793
2494 7717 648
4259 3284 2566
2567 4255 2612
3452 7198 9652
4594 9948 3025
1765 2529 640
2270 7370 7375
9104 7769 2225
6593 6117 1955
9820 7280 5949
3558 6940 4919
3212 6430 2890
8793 9418 6691
4011 5547 970
3943 9797 7478
4640 9794 8926
5202 6459 671
5412 5349 2340
876 5733 5562
2464 8834 4501
7891 6112 8031
1521 4753 4251
6693 4734 2075
3975 4724 8326
9263 7749 3616
230 3807 4058
5907 6464 5679
8775 8944 7898
4054 2312 1472
6665 6594 1913
100 7809 8844
1290 1215 2895
4466 4761 7800
4826 6253 3613
7646 9256 988
6437 6875 3831
9807 9189 1588
1868 6454 8422
8039 9861 5186
94 3077 253
7033 7767 436
9303 8603 3862
5831 4603 3225
9085 4896 448
5084 6773 570
967 8465 9232
6770 5832 4165
7228 4098 9470
8322 8660 6192
6495 8926 3387
832 2447 3630
4846 5955 9359
7429 8621 6582
6637 9673 2665
4394 6705 4804
9591 6017 632
9996 9597 162
8382 5179 7955
9859 6160 3237
5425 8430 2980
596 2581 2729
7815 9077 423
5351 6336 3417
3193 4307 1269
1382 3466 4216
9156 5898 285
7471 5987 464
1018 6055 7316
3796 2634 7118
8626 8639 539
531 3567 7011
6986 5533 3646
4227 2524 9204
2674 7445 9088
2762 5278 211
7386 8023 4162
7812 7753 1913
9637 7246 6887
1984 6292 4654
4418 6338 7189
2178 5303 8526
3173 5140 631
2608 3275 9752
9948 9048 8490
5660 6404 5858
1671 1399 5582
1481 7056 6954
9202 7084 3849
3710 8173 7417
7471 6250 7867
6824 8758 579
2104 3498 78
5152 8154 5470
7362 7583 5204
9755 6341 8367
9409 6896 1873
2196 8716 2291
9662 6024 567
2274 6044 914
1295 5708 4777
3500 3419 7481
174 3789 2870
2234 6368 6943
6156 9391 2577
494 9414 1392
8889 5175 3837
827 6295 6713
1451 1793 3139
9947 5408 678
5273 2923 9491
7371 3843 7843
5447 6830 4376
5784 4441 8559
8473 9192 7884
2868 7828 1084
5166 4407 1444
9283 7151 1935
1987 9037 6441
9471 7319 88
4006 5389 706
28 3341 7976
2816 4919 9659
4386 9735 6384
6619 4433 6764
8789 8345 2392
1437 6336 9500
7784 5671 5324
6539 5125 7182
7860 9791 9970
704 831 8147
887 2392 6533
4042 4667 6093
5784 3631 1882
9803 5572 244
888 7551 3312
6556 8442 3378
7152 5608 176
6948 7974 4423
3259 3372 4989
6821 6641 2190
7010 7285 1754
701 5808 4961
1517 4831 5164
8189 9300 5932
8209 8931 7735
57 2382 4428
203 6823 3636
2461 2238 5513
9661 5064 6532
3381 6657 189
7895 4343 1963
7403 7296 226
5258 5202 4303
9312 6908 3068
499 3708 6884
691 4695 2496
9057 8686 8111
3827 9132 6966
3414 8602 5616
39 3896 6720
9278 7483 7689
8886 5069 4237
7195 5683 5279
7288 5882 6686
4434 9672 9811
1399 1628 1145
3258 5673 177
9604 5496 2823
7822 6342 1153
4339 5691 4875
5624 7848 5900
8214 7045 8287
8003 9401 6199
8535 6296 4180
4059 3222 1225
7952 6034 9359
4836 4522 6907
8726 4764 4204
2373 9574 412
6940 4044 504
6392 3974 5194
5373 5605 6280
8528 8718 5371
4630 4540 3641
256 2376 4409
3184 8754 5594
2784 7316 8663
5953 9053 9674
1972 6502 7578
9681 8179 3790
3894 3867 1741
6261 9809 1333
9076 5450 488
9650 6793 6288
21 2618 4251
8537 9359 1246
9375 5262 6595
8946 8999 7673
1301 4549 1280
1255 9539 4362
4484 9800 5657
5175 9792 4524
2081 1657 6877
9332 7660 8555
4747 4950 2566
3286 6916 860
2658 9471 3115
6962 3642 2496
3298 3720 7837
6139 7941 7930
7486 6137 9091
2352 6018 3398
7602 5371 3862
2715 3537 1550
9339 8587 3900
8279 7501 8521
5993 9280 8821
5467 3540 4311
5183 7927 5659
7938 5705 8323
8564 8309 2748
9197 6069 9689
5995 9866 9490
6291 4873 5944
7218 3828 5397
1505 5682 5240
441 3849 8393
3615 4489 1519
2682 8526 2123
825 6916 9792
9621 7616 532
3451 8044 8915
9349 5674 1983
9514 7621 4385
5883 9260 7563
4638 4583 5366
51 9154 3520
8626 5532 1381
1113 5201 975
999 8596 8468
7951 9128 3703
7260 6017 8071
7208 7314 5210
3444 4169 5224
1587 4846 4103
8689 9917 8383
748 3485 1411
9036 9217 5282
5688 8670 3107
1979 9827 9123
7092 3862 4237
7364 4601 4559
5330 6557 2404
4983 6244 4021
3564 7739 5384
8324 8167 1614
441 6034 9587
8137 7747 9470
2069 2753 3183
3037 7130 430
9130 4815 2016
7812 4314 5326
1480 5498 6876
2984 8342 592
4970 3102 4216
7216 7180 7142
6086 4184 2841
715 3907 1163
3989 4839 8940
7380 6424 5575
158 9525 6895
3859 4076 4534
4435 8016 3126
8262 5264 8906
6070 6044 5064
408 9377 4483
4003 8751 4807
7754 6162 1961
298 2567 8938
8757 6854 4725
4230 5301 3976
9030 9165 429
9927 8784 3987
9353 9949 9132
2008 3195 8869
3416 2235 8367
3049 1766 4261
5790 5757 1558
8043 8687 201
3748 8524 4872
7644 3945 8172
8151 4427 7787
8537 9764 2851
2755 7408 327
746 8864 4901
9475 5512 3774
9280 5196 5121
7258 8788 4574
5082 3461 5591
6055 3051 7309
9295 9174 9825
1219 5550 4031
597 4413 8259
7980 9472 8234
8571 9175 9404
83 6682 6911
8917 7066 8139
8475 5452 5025
8115 6050 4576
4408 3581 761
2309 8678 1115
1184 9479 297
8898 4824 1764
2753 9026 615
3664 7828 3733
8076 5724 7571
3798 3125 6953
589 5395 9867
2479 6329 4335
332 2837 7680
8958 5512 9580
1108 9125 6738
8624 7881 9276
5942 8619 3469
1739 8353 584
5433 5395 1967
3124 1725 2585
3514 6106 4261
9386 7726 3636
4407 8808 4208
8036 9926 5117
7535 9332 7354
804 6323 9721
8742 9889 6807
73 3930 4586
715 4985 8717
3961 8835 1421
9178 9921 1413
8808 6514 4786
9053 6032 3342
7105 6192 1486
7090 4283 3058
6315 9467 3967
6261 5268 9247
2899 3383 7625
6919 9475 8042
2294 1482 1153
8380 8834 8893
807 2042 7770
2438 4161 6224
8566 8877 3015
2474 3779 584
2289 7162 8912
8808 4649 3906
6230 3724 7838
4770 4557 3839
4025 4942 5303
2494 2899 5240
1670 9567 8332
3575 5006 625
6080 3086 5986
7121 8031 6984
9025 7645 4091
9401 7811 4845
56 1697 9593
1876 6719 1494
9299 5883 6583
6744 3622 6032
3764 9877 1546
3677 9835 3850
292 7163 6125
9317 6047 5307
5578 9867 4950
3110 4950 5238
1480 3533 2569
3792 7441 2246
8395 5667 924
5410 6543 4879
200 701 5437
8359 7518 4235
4747 6179 9975
2948 8184 4951
4286 2691 8079
8936 9851 9590
7276 3751 1436
4418 4072 9860
5297 9513 6012
5077 3874 1059
6343 7018 8927
4932 9867 5315
5768 7263 1316
2555 4311 6761
8189 6790 1235
2703 7594 1919
6100 3393 3421
2950 7219 4950
9950 7049 9235
1938 7416 1271
9059 5515 5071
9715 5920 5848
3581 7801 2989
7426 8449 9765
9735 8800 725
8167 4175 425
4024 6037 4112
21 2755 3842
8682 7017 8748
1508 4859 2793
3846 6852 93
77 9831 1814
269 1448 7745
7050 5967 3300
7444 9892 1790
7911 5845 1338
9046 5099 7534
210 7907 5265
3582 7193 8755
6886 6339 8983
3771 4778 79
7714 5022 1882
2178 1315 5239
9461 7903 1001
3518 5432 1909
7216 7580 6667
7588 6709 5916
118 2433 6772
1337 9607 7790
1178 6814 6844
2468 8409 6816
320 8467 6043
9238 9982 7192
6293 6689 8567
9103 5429 8017
7138 5805 6335
1584 3084 4954
9461 9205 1704
147 1072 9836
3509 4574 5800
5061 7621 9434
3615 7968 4928
2965 7323 3348
2903 7514 9247
9339 8297 1992
379 970 7563
2614 1796 8489
1023 4401 5098
8298 7320 8664
2253 9366 9126
3416 9252 4152
4069 3757 6189
2261 4876 2298
342 9682 6647
8662 5392 2805
9551 6151 8895
8690 9949 1394
301 3702 4628
7869 4146 6215
3069 2869 818
9736 6375 3933
8418 4283 4014
7852 5374 3835
2879 9225 8695
8791 6946 7081
4296 2421 8962
5538 4745 2109
9560 5649 3546
3697 5448 6008
3263 6101 8802
173 6198 5147
2104 4730 521
5697 4415 3839
4643 2580 3925
647 9526 4399
9919 6873 9891
2022 8831 8183
5702 9067 7337
3961 8884 2141
7307 6156 8072
4036 7531 1381
2406 8565 6651
729 6270 7230
5069 3200 6432
5292 6481 573
3788 4059 7498
3911 9800 286
7168 5743 310
6618 9489 6362
128 1370 5465
3434 6560 4689
1883 7044 1479
2466 9051 770
5704 9484 2423
2724 2255 6400
4723 9538 2118
4986 6975 453
5727 3605 4779
9892 9645 8021
4638 2731 2079
5551 6336 541
9786 8604 9491
5604 8247 7886
2261 2089 8583
4123 7878 8984
2176 7951 7270
6919 8330 6877
2183 4328 7175
842 9353 3916
4193 3540 3448
4988 7243 1534
9209 9155 8680
3000 4793 8041
5432 2943 9810
3193 9117 2655
8624 8763 8287
8357 4680 649
3080 4016 4467
507 3468 2978
9460 7728 5638
2152 4847 7593
1511 2519 9771
3664 4878 7085
7681 6038 5458
5813 5765 1803
7775 5263 5208
8972 8599 8259
4154 9815 2195
2972 2415 676
841 4373 71
5696 7844 1741
7598 8824 8836
6862 5425 381
1733 9347 3688
7153 7074 2087
4823 4019 8747
4182 7085 6716
870 1315 6239
2484 9380 6142
2774 3926 9033
7228 6180 3238
1179 9757 4581
5330 3146 6952
3527 7191 8887
4289 4965 6605
3006 8016 865
5603 8429 4107
7638 4101 3319
5857 4708 9378
14 3002 3645
8297 5452 6681
6899 9190 1595
7601 9242 8211
6000 7263 6469
1658 2794 7639
9430 6663 5612
4625 7987 8015
7644 6133 9619
2260 8995 6436
6886 4673 8846
5493 5995 5736
3009 7262 3668
5248 3602 5181
572 1943 3502
1135 6494 3646
6823 9503 541
8660 8274 9484
5443 3303 6573
4527 7039 2153
6450 6302 2601
2854 7239 9872
9020 5901 6682
170 2926 4103
9181 4767 241
1890 4229 286
2518 7696 8269
4085 6879 1100
8922 8216 5512
378 4865 3579
7565 7951 1421
5151 9696 3001
1544 3739 6263
1134 2560 1128
3751 5739 8423
7018 8954 3959
1820 6769 6583
7104 4241 1488
1575 1701 1082
5490 3651 6842
5180 8002 2901
6509 9906 4857
698 9276 2974
3006 7726 4803
8629 5524 93
699 3129 53
481 7561 1229
7860 4585 7057
1540 7835 8144
2763 6727 775
5223 3398 4603
3676 5759 2327
4723 9709 673
1111 3304 7434
2270 9885 6913
3481 8259 5201
4111 5002 1422
3689 4744 1037
7353 8072 4793
1165 7377 1286
6037 8115 6727
5854 5077 2072
3405 8178 6316
847 6572 4273
6862 4504 1555
3083 9751 1441
4185 2178 8287
3362 2942 4731
6463 5917 4100
9098 5673 5032
1605 8858 2018
1123 7371 1461
9433 9447 8276
5178 7661 9467
7365 8365 9075
6417 9435 4231
5273 6604 671
6620 3540 500
8814 9818 7336
9172 7776 3206
6900 7563 1718
20 2797 7028
611 1159 7181
2715 1820 9986
5370 2767 3186
5347 3147 4528
3989 3725 8303
2598 3034 3107
3551 8531 9654
6162 4821 4076
2336 3548 4168
882 6299 985
2692 3337 6103
8459 5455 5610
136 2710 3657
1389 2063 2504
4980 3099 3153
4870 3405 3602
6372 5995 5892
5281 6079 9841
7510 4246 5171
5537 9994 9934
6009 9959 7803
8889 7740 5204
4993 7777 6064
5877 9193 6922
5620 6826 1642
9143 8206 72
4785 3233 3070
6291 7345 709
9573 4790 2933
9574 7412 3649
1193 4389 6271
505 7390 8328
5423 4825 1861
1569 7931 8584
8306 5873 4026
8360 5969 8884
4664 2484 536
8306 4495 5839
5977 8972 5042
7245 7415 5947
6509 7098 7541
6800 4458 1644
1523 5055 3138
6455 8153 5712
4549 2853 8393
9948 7534 4231
9942 8319 2061
7089 8892 892
3088 5168 2795
9035 4706 4168
3687 6838 8968
815 4758 61
2948 5251 479
7963 7272 3436
9684 9470 6476
8381 5501 1536
6445 9099 2940
3951 4435 5573
1715 6267 6492
9185 8110 8038
8168 5953 2384
439 1674 1199
3666 2438 4444
8427 8484 4626
7370 4228 4656
7328 5703 6022
9210 9248 8284
4350 6676 2585
8565 6526 5401
5015 4348 5892
9071 7680 8217
1686 2135 103
8115 6786 4708
2274 9601 8714
9225 6957 168
8053 4540 9388
7166 7034 9422
5611 4955 9472
3949 3652 8017
4427 2231 7257
2193 3181 6064
1330 8616 4488
1219 8038 9307
2943 3699 6318
25 9254 4992
3283 8092 2252
2445 8327 7212
7977 7583 5667
3877 6239 5785
3709 5415 4138
2151 2980 3909
9604 9593 135
2234 8945 564
5530 3006 9542
9149 6633 775
6933 8609 6912
8500 5030 8685
128 3563 5434
3809 7319 8865
7833 8503 4449
9494 8058 8800
1914 5933 3133
5619 9840 5359
7426 5108 7617
6282 3385 4698
3331 7806 8715
5009 3116 3087
2045 5309 2122
6484 3877 8872
3071 5523 1174
8540 7597 5056
5538 7452 8405
4681 9493 3309
5948 8919 7513
7426 8672 179
2448 5570 3058
118 3085 9232
8168 8618 2933
451 1482 7003
9632 8114 6992
5153 8630 767
4646 3658 2641
2732 7956 685
1841 1845 7180
8959 5377 6170
1475 7141 1080
4296 3820 3734
347 8061 6782
4999 5048 7527
4657 8238 2578
1361 6252 5362
4382 8919 984
3341 3024 336
6599 3493 7782
7885 7023 1519
4619 4920 2722
9402 7604 7432
4222 9468 5803
3350 7940 2119
2628 5861 9510
8289 5246 2589
3595 4575 9183
3582 2190 3573
4032 3516 8400
7993 4373 6441
8397 8217 4938
6369 3848 7428
3288 6717 1803
9238 9591 3556
8333 6219 3066
9312 6014 5558
7092 6602 760
5765 7896 830
2479 9472 9598
9119 6456 3916
6671 4544 2117
9438 8830 3729
8606 6559 5339
7958 8803 462
7863 4949 3672
8427 6937 4266
9789 6049 5255
1131 4253 5387
6247 9762 5512
7465 9780 9724
3552 8445 2616
7568 9431 5539
7754 7481 4936
6677 9871 2974
6701 6742 4008
9082 7116 8715
8515 8368 5661
2495 1610 1028
8653 9691 3656
438 2377 1775
9052 5086 2647
3498 8624 2729
999 3790 4216
7717 9303 6648
7242 7992 9624
317 666 9881
5472 3438 1788
4120 4794 5775
8192 9605 2420
2360 3940 8796
63 7906 1955
30 4478 9114
4894 3176 5355
8278 5671 6175
9714 9910 3266
5966 4713 7282
9317 5350 1555
6717 3842 5610
4646 8493 4687
2879 4340 3929
9304 5210 9495
1829 1575 3336
1917 2637 8892
6671 9873 3692
9341 6805 9543
4380 5140 4253
1014 7068 8263
7050 4317 3683
6037 7287 5212
8245 5607 8719
3172 2365 1581
83 285 1066
5464 6069 5480
7158 5190 9620
5925 4128 7506
2755 1528 9499
483 584 8227
6337 8191 5991
3283 2249 9113
4615 7574 7733
8335 6152 8976
8473 7279 2175
8874 5631 8804
5937 6448 2857
9992 6338 2462
3599 3165 8226
5400 4380 1741
665 1940 2627
3743 8237 8854
128 5304 4114
3765 6250 7077
5051 5350 9618
3615 3432 4074
2191 3691 6350
6156 9603 8227
6429 6730 5046
2925 3859 2777
7904 9615 1308
1638 2949 340
3236 8986 9132
9095 8860 1719
9948 8463 4219
3431 7631 2342
4841 3005 1865
5057 8641 6737
7948 9838 6418
2255 2587 177
9694 7411 4991
8552 6311 6713
8784 5996 1174
5213 5578 2086
7153 6757 8933
1971 5592 5713
7510 7871 2578
3671 3862 172
4768 7887 64
5784 5523 1978
7327 9288 1581
2468 1368 9670
3715 4525 7263
8507 6448 6798
7771 6223 5826
1052 1027 7539
3800 9329 7360
1736 6513 2606
3559 4330 9609
9478 8819 8060
4176 7116 3229
333 4710 9572
916 1093 5096
3675 5794 6068
1243 4237 3557
8507 6417 1855
4548 7106 9814
870 7492 2039
664 723 4112
9062 6358 8627
6379 4195 8825
2243 7123 3004
6036 9617 2960
6383 4309 8087
4963 5338 4729
9818 9086 1452
409 271 3883
501 1710 6439
7878 9042 5445
9539 5659 4498
7626 9795 19
7971 8347 9760
8606 7329 9054
2074 5677 933
3990 6110 7516
363 9319 2239
1510 9646 7838
8564 7966 7623
9352 9398 9001
6509 3553 8332
4177 5381 586
6209 8978 3834
9722 5477 4674
301 2615 9328
2261 7734 4830
1976 5441 1038
1434 2322 9874
2674 2583 7435
2008 1959 8024
9280 6227 7151
6502 7304 6918
4289 6361 6975
7852 5463 9418
2494 1830 8311
3457 7252 7881
3930 4612 6820
3560 3687 9726
8451 9032 2107
8948 4783 1539
6050 5651 7970
2333 5448 5448
1024 5668 5346
3324 5112 5320
3283 6791 7224
5095 7013 3468
4813 5981 4612
3122 4801 1140
1724 5435 2442
9818 7864 1075
1770 5388 2483
4333 5322 640
9288 7411 1416
7512 4568 2927
5626 3259 8327
36 3606 4788
873 7086 4503
7209 7567 4756
9278 6174 1948
2988 8662 7525
3640 7771 7605
3673 8364 5931
7187 9948 9704
6417 4445 286
8690 7849 8412
6665 3468 8488
931 3062 3583
5504 3585 8040
7895 4797 5037
6040 9128 5950
4415 4518 7619
6800 3483 9898
9712 5289 9297
8388 4270 8108
8466 5240 5164
713 5052 3515
7849 7052 228
3315 5794 5419
7440 6504 5562
5269 9762 4498
4841 3199 8323
4791 3089 6406
1837 6670 4699
6193 3696 5615
3884 4788 7900
2910 3728 6597
5752 5573 6834
3258 4639 4419
5301 6874 2240
3869 9281 8318
9632 7686 2509
5264 7625 1888
1380 7337 287
466 3816 4378
342 5178 5709
8037 4969 1443
3392 9394 5742
9873 5454 6480
2718 9707 380
6561 4617 5916
2643 2118 5641
1517 6691 2012
6566 4988 6415
4537 8304 4974
4596 9954 3268
9920 4984 8925
9541 7052 820
6095 7743 561
1731 9970 1088
4998 9665 6423
5799 5395 678
6164 8746 7244
83 4235 2586
1502 5345 1225
6670 9048 9049
9071 5784 2487
3339 8993 9670
7857 7531 5661
5794 8379 2773
4153 4364 4219
7352 3795 5637
6559 7379 5976
2803 9338 3182
2791 2731 253
5330 6159 3111
7629 8737 6686
2058 2207 1571
889 4078 7388
3606 2044 1102
3247 3125 7439
5628 5715 8344
2478 7531 3540
5114 9868 5541
4866 2647 3134
8590 8726 6514
8789 9207 1713
8677 7248 4404
4932 8197 525
2614 1652 8765
3690 3353 2226
5289 7612 2365
4562 7083 2127
853 7713 2731
2556 9025 205
7508 8253 3981
5602 7203 5255
1060 4045 3820
5948 6276 189
9574 6666 6285
4575 7967 5033
6628 3551 2795
7869 8564 9856
5024 6383 4623
8725 6255 325
3423 2268 7623
9109 5614 7048
3555 1930 2319
2701 3694 9523
8026 8213 6043
2636 2895 5641
8425 5942 7854
3652 2627 578
2121 2309 9420
9688 7360 7421
5683 7719 2669
4188 8767 5640
1083 6791 6384
4466 9374 7596
2782 4691 8490
4153 5949 9176
5054 5339 5919
3112 2497 9692
3919 7560 9453
1148 2664 2553
6585 8437 9936
9320 6168 6584
9919 5059 46
3344 9070 9780
7868 4039 585
5633 4018 7452
8770 4866 5323
7719 7440 3885
3787 8637 6625
9211 8008 2995
8362 8376 9477
9764 9463 6793
3969 3319 8864
3208 4295 8343
7942 8562 6342
3289 3233 3729
8654 4691 6310
1036 1220 3494
4761 7338 5565
903 2711 5535
4863 4080 3111
5220 6358 3682
7335 4376 7773
1284 7395 9629
4515 5619 2933
2537 5873 2085
6717 3480 9835
2314 8025 5826
2170 6813 8255
5508 9168 4820
4713 2562 9042
7964 6550 1581
3343 6867 8022
4906 8933 1190
7338 6557 1554
781 1911 7108
7905 5384 5265
8631 8796 6284
551 7259 9895
5678 3011 3160
4724 7068 99
9272 8291 1944
8118 4229 6626
7304 5379 4536
1715 5022 2037
2919 4789 7820
2827 6034 3925
7228 6890 767
2949 9004 3222
2565 7236 591
5007 3586 1771
5403 3677 7873
1979 8515 9266
6095 4862 2409
5349 7893 3047
1464 9880 5638
9382 9158 4491
5343 5606 4229
2544 7100 8144
7601 7118 7728
8502 6944 9624
9275 9577 6022
3650 2190 7689
6814 5129 5582
222 5844 9649
9219 8293 9866
51 7048 1381
3596 2801 822
8862 7072 103
1372 4650 4204
7601 4301 2175
182 3405 3046
4351 8389 3799
7066 7207 8075
6437 5449 2
2972 9942 7821
2690 3972 9495
4452 8799 9884
1366 8723 6218
2263 1480 2109
5813 8376 3403
1060 862 9770
7395 5473 4774
4037 4725 91
6102 7658 2278
8498 9139 2365
3687 8471 1461
9375 5913 5939
5035 3154 1306
256 1307 4404
9709 5163 9285
3561 4848 1314
4118 5032 5839
4995 3185 7715
9522 5530 8412
5938 3771 6595
3581 7941 5038
9348 9886 5912
5150 7261 3541
1024 5260 9855
5797 5074 1452
3879 9788 6151
542 2067 4213
3912 9385 9183
8991 9761 2750
4373 2763 9838
8548 6517 7661
5796 3662 6975
1201 5487 1027
5972 4226 4443
1604 9779 9469
8209 6206 9203
5264 6392 9799
715 530 2758
2363 8823 7733
125 2811 9799
7750 5800 8443
7786 8614 4211
9558 6676 783
3157 9959 2117
4980 5735 2248
2382 8618 8165
7583 5035 8613
7025 7751 2392
6243 7269 9414
8190 5093 2343
3309 3699 8882
9574 8196 9262
9956 7921 3568
122 6613 3737
7444 4339 8433
6921 6696 5386
5784 3393 4937
3664 6880 8783
6903 7379 7670
903 9172 2519
4816 3402 7597
87 9348 1153
6762 6542 4536
8278 6472 7028
3678 4156 7567
3382 4849 295
7038 9707 6210
9644 7744 9398
3681 6244 7692
2725 5621 9747
9574 6621 216
2369 7287 6411
7380 6784 9173
8637 8169 9262
4791 7834 4588
9421 4736 7593
2074 1797 2139
9904 7726 7011
9768 7416 6861
9021 5644 6738
6404 4025 9521
9312 7743 84
3653 8815 4648
2213 3979 9611
4396 4974 7149
1179 1637 1773
2618 8738 5667
6367 9607 910
7586 6430 1851
6983 5713 7538
1455 3171 6223
477 5986 786
4406 2487 6218
3854 8007 4167
4380 6014 3109
9927 6631 560
9333 9408 7620
9332 8421 1623
5062 4522 5594
339 9550 334
8243 8557 4521
766 2574 8314
4053 9890 6263
2812 1777 4862
5968 6810 8241
9103 6595 233
8951 5707 242
6650 8364 2219
4838 3160 7069
1483 7647 6816
8660 6587 8970
1813 8662 4122
194 8410 9829
415 6826 389
6862 9677 3923
8699 8225 4878
824 5739 5891
699 2762 2748
4956 2884 7495
3344 2560 6732
1586 4657 4367
9558 9915 7436
8686 7540 8989
9547 5529 3617
1192 3232 2222
5625 6296 6272
7413 7739 9960
8209 5115 3385
5963 4685 2483
7112 9332 7394
5622 3086 5758
6898 8143 4825
960 3573 2485
2073 7664 3304
8623 5117 4288
5567 3118 9648
9742 4991 428
3188 9518 521
3365 9253 4072
7906 7656 5541
2124 6880 4383
9317 9527 9266
5429 6033 5667
9846 5667 875
3746 4465 9765
9147 9214 8374
63 4990 5384
2237 2466 3004
4773 4672 3872
8590 8657 5776
1577 7146 3318
4380 9415 9619
1354 2482 6330
1979 4522 8218
5537 6892 4964
1984 1114 3554
5751 3515 6524
5308 9342 5646
1223 6307 1340
9907 6971 9730
1209 8096 660
6124 6755 9869
8018 7709 7567
6242 6972 9726
4977 4014 9222
4899 5005 818
2631 7373 7828
183 7299 9497
1884 5083 926
3749 9088 6661
404 9424 8024
8712 6338 7944
8996 9390 6366
2861 4526 3482
858 7678 3436
6569 5543 7669
565 7112 6476
3442 6160 9817
5131 4803 2282
2625 7490 9491
4475 5468 2431
7986 7439 5434
2138 7798 5539
1584 4059 6252
8295 9404 9943
8598 5567 8383
600 9063 7013
3404 8654 5949
6631 8395 2735
8305 5212 8835
7024 5146 8271
9269 5543 521
5079 3899 734
9151 7127 6852
8028 7638 8747
810 9460 1957
3658 2986 9674
5363 8605 4587
4319 6757 648
3423 6008 8436
1096 9609 8186
8564 7874 3367
7000 8977 4772
4333 9933 8291
9039 5718 8617
1000 9431 9404
2688 3699 6208
5829 5777 1297
9384 5207 854
1995 1321 4213
2551 3406 8706
2809 8878 6365
1184 8047 9752
6575 7014 7184
8684 5431 3999
9586 9620 4294
9591 6569 979
6714 3833 2047
5398 8051 1439
1762 6853 578
7989 4606 4405
8638 7014 8292
9640 8658 3700
9245 6145 1552
8048 8755 1443
8409 8534 1761
4614 7757 3271
3095 4199 7401
6266 4009 2668
4316 7627 5253
7816 6601 8436
4480 7211 242
3006 9900 1854
963 7535 5838
9443 7146 6199
3230 2552 8229
2712 8326 3929
9259 5192 4528
2416 2138 2256
9957 7443 9435
8656 6731 475
6639 6737 2227
5381 5389 9912
8523 9206 4195
8727 6105 2054
3497 9364 8233
9112 -1 3378
4049 2821 6377
51 1768 1636
8701 7965 40
8082 8646 2072
9852 8055 7685
5024 2706 5685
6133 7912 8393
4776 3937 4417
2759 6547 9289
4641 7400 6666
6717 5616 521
4949 9410 9538
8529 8386 4908
9164 7258 1948
7816 7093 7912
9020 6893 7809
2791 7568 7843
2820 5111 2627
3064 7259 2179
781 8652 1088
9034 5955 1100
6460 4631 4689
921 5365 7316
8129 8550 2779
5926 6624 2404
1669 3988 8612
9348 9129 4255
251 1624 7237
4131 6035 6558
5298 4964 938
5656 4018 7356
6919 3540 5268
1123 9663 4902
3840 3290 7654
3477 4178 8650
8289 5207 2457
7901 4397 4729
1455 3256 7571
4037 8012 424
7968 4857 6081
765 2267 369
6986 9972 3573
87 3993 8754
3890 2536 1305
836 9429 6746
6933 4899 4861
5429 3864 7142
8578 5646 3660
7290 9225 3319
1763 4423 4142
522 6758 7776
5692 2913 5329
3830 4911 7442
5357 7799 7312
1445 8147 9242
2263 9485 7458
5697 9452 8670
5613 4657 4101
9772 5483 3774
1540 4505 1122
8262 4729 6399
1096 9456 7610
8842 7661 5141
2868 7249 8071
6073 5390 3541
9583 5836 7498
9117 9083 5903
485 8277 1821
4308 7986 5103
8726 7225 4498
2470 8643 2513
3017 7843 9841
6998 4527 3868
2811 4370 3983
5810 6250 4417
3796 7542 6722
4848 3722 3620
2956 8563 4922
7565 6389 5419
3784 4850 937
1227 9320 7959
8313 5261 3170
9544 5322 7652
7001 4381 6711
6792 4357 7699
3968 7259 5394
8151 4208 4467
9064 4587 9403
8068 9581 326
5856 6533 4528
7599 9957 3548
7812 5180 646
2198 5407 8942
8006 4360 6946
1193 7326 8198
9514 5224 59
727 4941 8989
4111 4678 9480
9238 8230 687
4831 4909 5190
8523 9882 2350
6717 7708 2060
7385 5609 5128
1315 1543 1043
740 7046 8113
7195 6492 2201
900 8571 411
966 6317 5474
5069 8572 4368
1107 5531 5324
454 4152 5818
1624 5825 5561
5566 5442 4587
5227 3285 8113
9738 8585 926
7895 8941 761
1373 6414 6332
6305 7371 5286
9742 9069 4092
5089 7611 3170
5711 8583 4716
6191 4808 8644
3593 5491 8580
97 6580 2983
6898 5528 2991
3076 7163 357
6153 3785 5127
339 2665 3155
6600 5685 2574
6070 3166 6974
6569 5055 5415
6437 4658 2341
8930 7207 1403
9558 9627 1627
3861 6636 8989
7308 5380 2174
2730 1853 5987
9557 7000 9765
2386 4853 6462
1838 7342 241
1508 3317 8823
1736 3948 6479
34 5496 7396
7315 6097 2530
3927 4618 5582
9738 5878 4559
8572 5653 8410
5626 5432 673
1841 5058 7957
9366 8619 9499
225 7238 96
966 2879 4421
1146 4304 4818
4260 8730 1394
7488 8912 4180
9415 7902 2107
459 2366 8744
7327 5303 939
3633 5252 6427
6324 8197 4237
2363 4063 2055
7532 6990 6368
9277 5331 3944
191 8888 8560
9607 9131 4494
8163 9065 7415
9099 9504 1416
3871 7288 848
9601 5983 5649
9594 7245 1519
6358 8543 5387
6784 4356 5632
7202 5034 431
4843 2696 2407
4824 4260 9910
8356 7923 1888
1887 9860 9561
246 6577 67
1898 3112 8109
5213 6655 6411
6391 4966 2961
8176 8725 6864
4768 4450 3446
3595 9217 725
4163 7433 9675
2686 9857 8490
317 5802 2366
668 6011 8287
6290 9215 4557
3732 3922 8583
7038 3815 5394
3053 2935 6806
7050 7862 8347
1626 5567 423
3948 9933 4145
5910 7131 8338
8219 9987 4637
8018 5737 7825
5834 7454 6205
4174 5697 646
7789 6422 8544
7537 9673 8015
9178 9730 7163
6484 4051 412
6739 5417 2543
8943 8803 7236
458 7275 8157
1762 8118 154
1171 8822 9592
4932 8368 5075
9917 7971 5983
6892 9213 3206
730 9310 4455
2808 3848 4688
3399 9483 2136
7429 5687 2612
8833 6765 9825
3390 7399 9385
6326 8783 9175
3298 8478 9829
5248 5723 9060
4196 4419 5529
569 6141 4483
4486 5442 7454
2446 3298 7773
6363 5099 8768
1337 6080 10
931 7354 6720
7518 8170 2222
8225 7070 1059
4032 8490 493
6009 5606 686
4365 6003 3987
858 8835 7314
5737 3927 6469
8196 6120 5075
896 2329 5444
5719 9437 3922
9638 8362 9453
1258 2020 7615
7642 8114 7541
9360 5524 1068
3169 9999 5637
7641 5025 1027
4760 9488 8783
4514 5731 9177
6938 8212 3516
4585 8480 1644
5794 4424 7006
6736 8386 9869
3704 7916 5838
6736 3854 7590
3671 3088 2115
7948 6257 9385
4093 6905 4181
296 7523 3624
6965 6769 7715
7993 9714 2876
7512 8796 7487
9988 5806 2659
2878 2082 5179
3441 9118 7538
8913 5060 2687
4877 5021 2876
2848 9992 7779
4336 4405 4491
9335 5146 3986
6523 7247 8602
1223 9673 6376
3221 4623 385
1911 9248 7661
4705 5699 8111
3814 5611 5346
2917 4289 6157
6379 7011 4671
8813 4719 8374
2562 9463 3462
8671 6301 6317
693 2142 8661
3787 9296 1786
831 6097 4628
2884 9616 1065
5697 8084 4733
9187 4951 3503
7107 6919 201
3751 7288 1246
7473 7500 578
9584 7217 4737
7025 9769 1791
7827 5696 1010
4319 5990 5141
6730 7272 1002
6632 3413 3033
738 3546 6519
9964 9171 111
55 2640 4229
441 7621 9290
1601 9567 4165
7374 6697 4283
523 6238 690
9850 5399 1452
8362 4987 4315
1278 5615 1699
7535 9436 7180
1836 7512 2282
9845 6002 479
9335 6591 10
2338 9561 7738
5825 8260 4022
4827 3205 4632
9234 6493 1654
2678 8307 775
520 4117 85
4207 3913 7920
7656 4967 9823
3258 9530 4285
9861 8776 7912
2903 8870 7918
324 270 7637
7317 7432 8602
1424 5002 3583
2840 7914 3956
373 9095 3905
2877 3387 591
3588 8875 864
9057 5724 868
222 6672 3374
7104 5381 2433
8391 7766 1214
4 855 4601
4106 3592 5027
9478 7894 8070
4802 7556 8511
1358 4411 9056
1111 5371 9744
6909 9184 2568
4514 2777 6262
8244 5884 6273
7231 9273 3299
8089 4761 9986
4599 5474 4072
5257 9317 7767
9518 9917 7310
7411 6963 961
3642 7459 1163
7906 7272 5611
6385 6382 8165
2489 5531 4994
9536 4842 7434
738 4537 6004
4816 7330 4424
5707 9261 8443
2351 2541 811
8324 4665 6439
8362 6962 1530
9938 5775 3747
8815 8981 6537
3920 3099 3325
4308 4581 231
8238 8704 4948
2059 3982 1874
9083 6094 4974
1481 8371 3384
2781 6941 7180
1384 4286 8687
1799 7703 2498
9846 8456 6884
6121 3505 6989
2811 2100 3469
2019 3968 4623
122 6025 8007
181 8734 988
6601 8296 2973
1008 8534 8545
9889 8647 7077
8598 7218 3045
2531 4474 8347
7990 7021 3897
828 7005 8806
8822 4577 5740
8552 7757 2907
7987 8117 4241
5053 5574 5073
7630 8086 2
2910 4259 5450
2245 6400 9268
2515 1428 3839
3211 8207 1031
4246 4327 880
6972 3678 1080
6293 8539 7998
1323 3635 1705
1895 1718 541
8698 5591 6299
225 9361 3610
1810 3096 2773
8504 8315 676
7362 5881 2082
5840 6356 4639
395 8242 7854
8604 9555 7387
3295 6466 1459
7357 9565 1727
4977 9351 6605
7010 3563 2601
8192 6954 2451
136 2688 2574
1887 9578 9223
4351 4760 8577
8929 5575 4896
8899 5983 8718
288 5543 6805
2917 3721 5362
8093 9279 361
507 2423 2963
2389 6218 2265
2255 7333 8135
9353 6381 5950
6304 4466 9719
6229 6403 1936
523 6177 4779
6645 9870 838
4143 7377 5557
1440 3102 5722
911 7123 8326
1044 8574 631
5592 5820 1961
7376 8719 358
6402 5425 9133
2972 2449 714
9423 9615 8568
7371 9846 4769
6565 8702 7345
8960 6704 6564
8733 9126 6611
4260 7271 9542
6617 7684 133
4173 8954 4991
6677 8663 2453
6482 5403 719
8244 5488 9199
1352 855 1615
8889 8872 4714
7598 9314 9708
1511 2691 2365
7697 7732 755
4128 6546 3785
1697 9262 6616
9908 7281 6935
8175 7046 6820
5517 3252 2018
8089 5009 533
2429 7441 1859
517 9736 678
840 7999 4255
6580 8188 2304
438 2707 3580
2535 6939 2570
2154 7979 1943
6267 7016 7559
3211 5569 5690
2715 4693 758
8083 8408 6008
6641 9048 7774
5292 7819 6842
2438 4123 9403
6714 3739 2346
378 7466 7006
7518 7267 3448
571 8034 719
9906 8132 6750
6996 5375 5721
362 8764 7513
5784 4484 7134
9029 7321 913
5175 8238 8218
7925 6352 821
8397 6867 8254
1910 2229 6706
9845 9422 1948
870 5671 6879
4365 8362 6173
2820 7968 3379
1218 4523 3024
3399 7544 6151
9226 6321 3325
3681 1946 6188
1283 9211 1768
6493 7966 6545
1884 9468 4861
8457 9897 7689
963 9531 5127
1597 2316 8253
8676 9529 1075
2828 6482 8818
722 3406 3412
4317 8445 6049
8057 8891 6065
9293 9701 6109
750 1142 3174
2206 1346 3909
1731 4353 322
921 7169 6454
80 5273 659
4153 8728 6722
7576 6657 5889
1843 8874 7504
409 7006 3511
2314 2378 1673
6297 4933 1447
4533 3080 4392
3769 5496 3799
7372 7015 7012
2997 7087 856
3171 7240 5041
4337 6253 4572
4151 3506 1094
9935 5794 2279
6326 5708 1174
120 4652 2227
4977 7594 4946
2720 5502 8147
8427 9876 3222
1182 641 2421
3977 4087 7892
9430 9982 1345
5476 8808 9910
5678 5280 3245
9100 9482 8031
3263 3949 744
9142 8852 8685
8366 6882 239
192 9365 4015
2199 8868 8376
2730 5227 5677
89 6252 709
8500 6217 4845
3741 6692 628
483 3548 3134
9782 8073 5775
7209 7986 7954
5213 3144 8692
259 8874 3768
8631 7627 4470
5228 5302 3256
6209 7167 7590
6891 9730 2423
1255 7425 3897
6408 7000 3322
3861 4139 7272
5095 4688 5992
7120 3723 1326
6940 5339 6477
6851 5291 5608
766 8885 6582
6725 4282 9719
8586 7283 2456
7418 4691 3011
5670 9343 8949
348 6253 2883
8641 4371 3059
1577 8401 7628
1720 6117 1195
1296 2401 3955
3854 7888 1238
668 6438 176
6841 8730 4588
1078 5298 6016
2500 5408 1959
3652 2978 3046
7860 4100 2115
1467 3537 6913
4685 7106 412
8176 5815 8132
47 9545 5585
7926 5451 4916
1677 5421 1966
9279 9536 5927
6194 8215 3887
5647 7235 4783
9751 5649 4363
2826 4544 4446
807 7002 8531
5952 8378 4045
2048 6678 6324
9345 5852 5705
6855 9294 8865
3306 3881 4639
8793 5669 2163
8411 5920 4710
9025 5564 2754
7997 8599 3033
4452 5774 8072
1227 8689 2641
1832 9428 512
8033 6278 2067
9335 9623 9546
5815 6198 6161
9880 7350 6560
3036 2466 6787
9184 5972 6895
8302 5789 228
5431 7198 7687
7586 8677 6605
930 1802 3386
1677 9044 3074
3830 9405 3496
2769 1623 5058
4846 6578 3046
4549 8510 6791
5308 9745 4626
5272 3216 1425
3879 5941 4114
8807 7414 2524
7822 4290 8852
7405 7170 5445
858 830 1721
511 5168 224
4252 6359 7324
4692 2704 5122
3696 9457 2150
752 6164 4636
9373 8311 8744
2196 9181 7666
2033 3571 9250
3990 9695 8981
6212 4440 4935
3365 6965 9334
9335 6664 9239
9930 9236 5496
6092 6122 7553
3793 9968 7838
2144 4171 6189
3935 2817 9794
965 2454 9606
4280 5598 7747
3741 7153 6227
9349 7361 3421
7688 5421 5901
4083 8165 7684
8774 6348 3214
7068 7995 6461
604 9725 884
6881 9266 9016
6363 5859 46
5053 5526 6322
2073 9365 4809
8454 7820 8081
565 700 4777
7002 3666 8895
3346 4487 6362
252 5836 2585
1891 4689 5791
3713 3790 429
2602 6665 5070
2917 6013 3950
3559 9666 8818
4394 4138 6237
9393 7266 421
5768 3210 1362
8634 9893 7791
8524 9646 3982
3150 6988 2116
2437 4241 412
8492 9472 6166
7546 4824 6322
4442 4041 2900
6481 9126 1531
3414 7016 6613
324 8354 4523
8103 9177 4665
4134 5501 64
8325 6217 6284
872 2805 8796
7956 7616 9827
751 5850 7046
7342 5809 7570
3481 8551 4633
2944 4318 3027
3148 1961 3817
9028 8983 5489
2903 5495 573
8905 7440 5875
2711 9944 4920
4760 4841 6127
137 605 9019
9326 9191 9177
6892 4891 1874
3750 2048 1927
3172 8923 4384
3633 6662 1989
2130 1898 4687
8623 8838 9862
9871 8746 4144
1329 3814 248
4497 9840 9291
5330 3147 2745
782 8208 3138
6757 7354 3325
6493 7831 1560
9845 8969 6110
9187 6438 7144
7405 9484 6950
1370 9440 8967
134 5799 4792
6474 3475 5112
6120 5210 3008
194 656 5523
5940 8470 5179
4643 4582 4801
3890 8696 4181
3460 4420 8895
8840 6780 4996
1126 3411 3135
3382 7719 2675
3053 1749 7052
8279 6709 7102
210 5299 4879
4664 9758 7819
6460 8550 4498
1354 2454 5255
5904 6739 9135
5822 4403 2638
9922 5679 7704
1661 4496 9037
9085 -1 6012
9734 6627 4016
7862 7363 554
4802 9066 504
3453 3408 1727
6323 9091 6234
6497 9817 5359
3547 2472 4167
2375 3823 8332
5420 8721 1247
2198 8088 3074
1092 9157 811
7206 4295 4444
2236 3447 1294
6783 5330 314
5202 4933 3153
3345 2560 4994
1849 5708 4948
5984 3992 2276
5330 4253 8090
3890 2346 3772
1818 9147 417
5054 3114 9629
7010 8811 9916
8537 4415 4241
1844 8812 1955
4171 2586 2823
3697 2021 5721
7190 8904 1946
8624 9968 3098
9034 7574 7555
3879 4503 8133
973 3488 3478
5007 5128 3175
3164 3389 3644
8523 5960 8493
6593 5069 2075
9478 8785 8193
2368 5155 9877
8372 8564 7043
5256 6746 9775
260 2886 3896
7 4942 235
8623 8983 928
370 7724 4736
8753 8621 6947
3405 8998 1441
1236 1886 196
7757 4755 8783
1484 4751 5480
2896 6646 1855
4877 5330 6284
5642 7518 3577
6497 4546 5637
8532 9322 5197
8830 8412 7884
7861 6634 2983
1617 2607 5596
3911 2493 3785
8598 5111 7777
4298 2655 6588
1960 1998 9368
110 9552 560
505 9634 3885
8762 5441 4112
8370 8964 6235
8772 7437 9434
150 8168 9905
2891 6223 2290
6822 9213 6532
304 176 9131
569 1032 3791
6050 8813 1737
7956 9536 3855
3311 2155 8911
7162 8327 3958
1057 806 984
5082 8271 874
4056 7475 2433
6334 4724 7424
7306 7046 6127
7885 7892 6406
6794 5179 1777
240 3116 2276
5767 5150 2037
9956 5697 8804
3564 3096 8345
8847 5176 7173
4037 3735 2413
1528 8574 8777
4131 2420 2517
3752 6474 7133
6509 6170 959
6585 5430 2540
3007 2476 2455
110 8596 180
3750 5560 6388
406 4649 4994
9465 4769 2514
2581 -1 3139
9030 6514 3358
3443 8986 7491
1359 2513 9810
6735 7719 1744
1962 7594 8269
1866 3330 9183
4215 4709 2817
721 6841 3646
8637 5377 5159
617 6986 3359
3137 6309 3001
3779 2899 6134
8599 5906 8869
772 9351 9307
22 5178 2589
9888 8162 9804
321 4443 2162
4548 5808 8841
6762 9782 4045
466 2842 7437
2155 2104 2498
8498 9816 6152
4484 5292 541
1143 1534 1355
9559 8430 1751
6336 7647 2153
8003 8704 7055
4055 3811 9489
9716 8671 6318
2478 6134 9484
6007 3954 5973
7014 8590 4379
8830 7542 879
3876 6969 2301
391 9551 7259
2445 3748 6152
5821 4323 4114
8221 4705 4526
6736 6660 331
7162 9022 9577
5412 3104 3430
6624 7953 3257
3722 8661 1889
764 2514 5204
1119 1555 1956
4389 5944 6398
5418 8969 3125
2241 7537 247
2073 6275 745
8097 6697 314
4137 4078 4523
9880 9777 1620
7371 3929 4763
5343 4107 8581
8798 9475 1565
507 8729 5044
5812 2977 9501
3726 5263 5742
5406 3803 4021
8973 4591 3921
4848 7137 5961
7418 7850 2296
6714 9449 8556
4813 9837 1752
5963 4360 9763
6804 8986 3614
722 3483 6015
1686 6584 9979
458 6011 7954
8838 9559 1406
6031 5600 9391
1149 2736 1709
8891 4845 4253
4339 6498 6228
6344 9761 295
651 6225 2739
5488 6843 8981
7560 8054 5987
439 7619 9492
1535 1608 236
6163 8222 8630
4257 7229 8016
5910 5518 7433
704 9922 7417
3829 9006 8616
2653 2768 2451
6292 9600 5858
9782 6414 1273
2110 4866 8102
645 6054 9054
2609 3580 1696
6485 6990 3918
7098 5044 9580
4518 4261 7847
668 5490 5788
9240 4809 4421
9283 9788 9654
232 468 2864
3274 8659 8527
304 2467 1042
8922 8032 5556
7094 8901 27
8084 5158 9804
3485 3932 878
1846 2223 4550
6312 5841 5214
4975 7352 529
1264 1322 6516
2289 4813 5710
2294 6538 4375
3451 5032 4100
8858 7267 2453
3840 5523 7561
978 3309 3939
5321 6442 8060
6108 4575 7020
6165 3427 2340
3687 3618 9434
6617 7441 4057
7496 6157 6574
5755 5494 1653
3701 4334 188
2505 3019 8288
2532 6518 5913
2422 6263 7448
3607 6839 9831
2965 4984 4377
1437 7642 9767
3088 9180 6692
7347 4522 2086
1112 3205 5527
9184 8468 3046
4061 8970 7021
1341 8469 9993
3626 7251 643
8000 8354 9697
689 1299 6516
9421 9098 3820
4271 4542 2679
9731 4974 3503
4914 5733 7766
4582 6668 9499
7034 3979 4022
3365 2207 1580
8552 5591 3503
9640 8874 4765
1185 789 1106
1601 1458 7467
404 1024 4966
3283 5143 8449
3145 9763 8041
5700 3686 9454
1353 3536 2758
657 5608 956
6256 9010 2925
2725 9578 8153
3123 8373 5659
8424 4278 7155
9352 6706 5617
1849 8489 6234
7262 6744 613
8178 7017 4812
9443 5647 9791
1931 8008 7530
7276 9094 6977
9539 6429 7467
6637 4844 2227
6445 3483 8887
3847 5916 250
5965 7455 2498
7987 8191 5544
2833 9768 671
9778 7344 2894
6729 8553 5839
5330 6733 8863
2426 3993 6812
8092 9157 4759
3279 2650 6058
9064 8132 2402
2152 9041 3785
3317 9054 9356
1236 5580 5864
7736 8639 7102
7269 6232 1414
7390 6658 2428
2692 1986 550
4177 6117 2157
6115 7106 6612
6736 4075 7631
1277 3231 3155
4019 8950 919
9039 9244 8476
6181 9240 9629
5309 4154 6805
946 6835 2050
4643 2646 9126
77 9021 4295
1597 1594 1847
3720 6552 402
7353 3943 6436
9942 8362 5344
9968 9537 8038
3210 5725 9476
1898 2943 6597
4963 5468 2299
764 7746 8825
9430 7920 9869
8573 7094 4266
5960 9349 8254
489 1832 910
1496 3563 3323
9559 7530 8284
3526 9471 7627
4307 5503 6572
4221 5939 5712
5704 9309 7060
184 1320 8541
7604 8973 5928
2134 8195 6253
5618 7112 7109
194 9388 3471
240 3722 1365
8922 5153 6468
146 2531 783
3713 4514 2094
5433 7622 1991
4990 5208 3024
6678 4229 3482
1157 6728 3213
931 3432 7059
7307 4439 7564
375 5423 4687
2852 7035 972
9217 6292 5600
5726 7139 8724
4358 6740 7511
9326 8909 640
8267 9270 5190
3713 9644 8276
419 2850 6518
8919 8832 3191
9746 7972 784
2320 2105 671
658 8979 7046
1290 7015 5212
3230 3252 3611
2705 7616 4538
5463 8695 12
8681 7864 5388
1253 2564 4807
4836 6275 7118
6132 5761 9287
3504 3782 4063
4596 9315 7401
8428 7139 3758
8799 6353 2561
3626 2124 9616
8503 6138 1210
5352 9453 3374
7098 6734 2510
3106 7506 712
8224 4773 4063
2559 3302 1394
9360 7818 5177
7805 7754 1858
9781 5456 1443
4726 5708 3955
4300 5193 3473
9227 6080 4779
861 5246 9180
6549 5371 3081
6679 4199 8878
304 8636 1833
7560 7615 5723
5000 7005 7183
2056 7658 5148
8647 6357 5740
4178 8104 8374
8631 8951 3851
4510 6823 71
269 5005 1263
1666 7598 8802
2905 3745 9961
540 7972 6192
5283 5392 4169
2154 5065 3539
3961 6024 257
6337 4397 2504
1003 6799 837
3172 2255 2158
8387 4785 1443
9427 6539 6974
2416 7423 5568
7335 7035 573
6443 9197 4309
3581 6922 2857
6951 7820 8963
7775 5555 1583
4154 6664 5456
2357 2291 8153
8966 4860 2773
968 6269 6720
4124 8487 5192
2532 6701 8004
2671 1495 3111
3009 2172 9050
8307 9211 1405
8848 7508 8541
1227 1135 1771
8784 9122 8441
9312 9331 1952
7856 4994 5485
3114 5579 8058
5144 9016 2244
3344 7281 1793
9373 8708 7401
2590 6834 5225
2076 7426 789
8681 8593 4201
7933 4384 2859
1974 6571 3348
6640 6322 7561
4841 6901 9068
6321 6187 2783
6181 5775 7210
1974 8368 2168
2718 5531 7446
2559 8212 9429
6402 8709 1153
7451 7830 4812
2523 2041 8274
3260 9029 5563
4276 9821 848
1315 1320 2407
9099 4985 7684
9894 5152 8415
5447 6284 5519
7868 5000 5010
9651 6729 6522
6641 6582 7699
626 1685 9290
1322 4169 5428
398 5833 8997
4616 7614 9347
4403 4067 9967
638 8817 2271
7095 4211 4051
5134 7594 290
5774 9854 3141
1157 3793 8179
7865 5144 8013
571 563 830
3935 7706 1752
1165 6151 7192
601 1140 3388
7588 5643 7594
6242 7022 7240
1508 2718 6052
298 1721 6694
7657 4686 9993
4913 8462 8488
1605 2361 6071
2344 3610 4190
8169 6758 2492
4678 6491 1274
7002 8921 6175
9377 4749 7823
1925 2812 2746
7066 7235 4586
5765 5495 5262
8480 8863 344
3792 7705 6188
98 9041 2417
2074 4057 417
7650 8882 8985
2719 5899 4226
6387 4438 312
5151 8537 250
6897 9802 3759
9084 8462 6064
5292 5528 7996
8973 8121 3754
7136 6220 248
262 4709 4165
8855 4748 6920
1282 8697 945
251 2012 5804
5277 3939 8228
3607 6495 3371
8151 6854 8748
8638 8422 4091
7849 4290 3199
3281 4393 1030
5352 6707 5435
4095 7375 8557
8994 6706 2897
8540 6705 6017
7209 4503 23
6473 3512 6190
1178 6509 4072
2414 1716 6310
3721 3571 2749
7923 6659 1417
598 5460 1407
2076 6741 9582
3876 5642 9804
872 2063 3668
7429 9279 3322
1293 9950 6737
3604 6462 4774
5603 3783 3940
7514 7001 2358
3780 4303 3843
3050 2239 9993
6539 9839 5761
4486 4037 8016
7358 9885 8585
2255 6677 5455
7659 4854 954
2602 4270 4122
2550 7828 5427
7679 7099 1631
384 6017 2747
20 253 7147
6105 6807 8706
7531 5250 6605
2232 4085 8198
7116 5415 3735
6266 3599 986
1354 8819 3066
5009 6335 8269
2247 6561 1280
4300 8358 6446
9536 8756 7749
3243 5616 9159
8496 6590 1249
8831 5326 8621
1139 1151 3473
1327 3638 2147
1474 5502 2094
5373 8655 6237
1483 2293 864
2892 1821 1684
7746 6443 9321
1332 8067 7435
8548 5252 8974
5794 4307 7572
546 5377 8700
8248 9383 6780
3725 4396 7232
8750 9448 1642
4032 9374 529
9956 8187 5409
5347 8442 4862
460 5948 5722
5396 5565 7254
7852 4467 2128
9601 5926 7433
5877 9153 6588
426 6952 4710
6230 8281 180
3350 9068 1888
3576 8752 2543
4159 2344 8539
8475 5429 5575
7671 7544 3428
4067 8530 9934
5845 9194 4793
3823 5650 5717
2138 7954 1913
2452 7736 7670
8775 8447 4554
5972 5505 4642
7583 7387 9310
3326 4492 6681
7335 3948 9389
1868 3988 4908
5953 6988 2660
7261 9476 7164
4638 4348 5766
3676 7006 4636
6291 9693 189
1887 7050 6345
3919 6984 3222
3596 2863 1861
5521 4736 8534
9568 9668 1334
2448 4127 1005
5406 6154 2516
1024 1870 1531
4691 8645 4937
9954 5440 7299
5870 7401 5803
3173 4325 4112
56 7554 5123
9653 9157 5366
1023 7563 4332
4599 5397 4500
6148 7481 2907
461 6171 1907
409 1908 53
7801 9999 2131
9013 8715 688
6534 9547 7998
5311 5769 5170
8610 8623 3620
2360 3800 9924
1228 9347 6686
3284 1977 792
5968 3997 124
4185 7316 2271
2215 4910 6820
6036 7642 6008
141 2127 7235
3713 4660 1603
4608 9329 5073
4480 5331 3379
3461 5712 4420
2528 7704 2054
9462 7904 1028
715 8752 4322
7972 8419 9113
7866 8302 7995
569 6952 3885
9631 6038 2107
1722 5804 654
8660 8450 7232
7509 6825 6302
9466 5212 4727
8283 5970 1452
650 6227 9545
4849 8239 3918
1538 6400 9281
1774 2481 4501
3607 5789 9897
4394 4648 1683
5817 8329 7814
9421 6973 1856
8437 7454 8720
41 1056 9492
5132 4269 8339
34 91 4377
1124 2681 7479
5348 4224 9497
4242 2940 6529
1780 4849 6596
7411 4928 4303
7850 6427 4254
6323 3230 2849
3324 7140 9829
7058 6491 160
1434 5590 5731
4139 8386 6974
8639 9177 5296
3514 9036 8303
2325 8489 2961
5338 6567 9290
6598 8987 5187
1093 3565 9690
5910 9644 3921
8760 6828 396
7137 7264 6662
8508 6283 8284
2273 5157 7896
6544 8099 7220
9309 8585 4089
7066 4201 6582
7946 5893 8511
7793 5150 7979
9668 6787 7809
5869 6973 206
7024 8240 6853
4095 4920 2398
5619 7006 970
5869 3331 3501
9893 5133 1292
7878 8406 6272
1233 6582 4086
8870 9263 8510
5361 6672 3394
175 7877 2067
8453 6130 1579
3311 9000 9056
4867 9289 6816
3288 3321 3844
9444 5550 176
7682 6499 5210
1739 3257 4294
3806 2015 1589
6037 9729 482
283 278 9204
1669 2074 3402
1633 1769 2623
3856 3626 8144
5828 9970 1764
2105 5678 5210
6548 5050 1289
4843 6837 4735
2987 7230 3354
4346 7179 1073
1765 5027 6625
8634 6378 6008
3343 7615 7037
5145 4865 948
9083 5019 7337
6591 6785 1593
6601 7444 2741
6182 8763 5496
616 5070 498
1258 1386 4953
9583 8843 124
5461 2940 2071
634 3028 7264
2942 5891 7603
4965 8324 6454
4084 6737 5222
836 1035 2062
404 5255 7200
8248 4867 6281
170 114 6673
9702 7020 7631
1113 8341 6097
7524 8718 8804
2762 4731 1347
4780 3481 2790
1981 1341 8016
3042 7602 7999
7015 9270 9055
583 886 767
543 1436 1854
2253 7735 6472
8778 4503 6864
4257 3684 1027
1361 3702 2639
5152 5560 303
8170 5319 906
9201 7131 9204
5728 9773 8616
406 6894 2676
7032 5068 1421
7664 4527 8223
6919 5542 4195
5899 3940 7590
8502 7510 9414
8996 6225 5156
779 4562 805
8097 6401 9814
1099 1773 9699
8451 6608 610
8272 7198 2355
7734 7428 6557
5941 4632 3237
3751 6357 9183
1386 3310 2777
5923 9107 7826
8118 5164 5097
4275 2739 5929
834 2375 640
5733 9168 3982
73 4937 3986
1899 6364 3245
7158 7849 7490
3315 4072 1145
8552 4603 3611
5745 6149 3144
4486 5874 3815
3524 9148 4211
4931 6647 801
218 8748 4122
4209 2706 1195
3218 3824 6957
5733 9440 672
6520 7320 6912
7890 8541 9682
1253 6655 177
6792 5597 8995
1563 6412 733
489 5707 198
3009 4233 3141
2603 2245 7102
5291 3365 7695
3179 7742 4445
2532 8868 741
572 8730 186
7554 6654 2926
9312 5147 7073
8565 7550 7400
4808 4933 6688
6334 8686 2634
7772 8076 1525
3592 5574 4012
339 187 7351
163 127 1465
5369 3062 3511
3529 8979 1773
3585 5086 8533
583 5895 670
5447 5923 7516
9057 7602 7967
4396 9032 3046
5486 3208 2404
9755 7489 4902
3220 2916 879
5022 4125 2432
6549 9002 9869
3401 2187 8613
251 6393 4023
6775 8979 1754
4147 8542 1990
2229 4856 3163
4880 9554 211
1770 1008 164
3838 6127 7060
4342 6759 9491
1299 1814 4881
4104 7733 8837
3067 6877 2789
6766 6835 3790
8425 9967 9501
6129 5369 9287
4753 9591 9431
2965 7401 3058
1827 4735 4935
9360 6336 2530
3159 9628 6090
4278 2481 4943
5337 5405 4251
960 7285 6217
6546 7568 5947
2860 6935 9271
3425 5497 6765
6482 6833 2741
1450 7842 3550
7393 7786 793
8458 5183 8263
1659 5359 2980
6932 8727 4393
7973 7031 2890
8632 5993 4689
8432 8118 8934
7429 7453 32
7812 8998 8060
8207 8802 3579
1841 3818 1834
4998 8788 2907
6851 6728 5173
2247 4589 4623
7543 8203 5450
7657 4620 881
8145 5280 2958
269 1373 9867
4484 9052 2900
7214 9849 3378
9326 9116 2483
3453 7552 8607
6268 4438 2738
6889 9770 8436
8966 6654 6894
6624 5555 7730
9734 7153 7637
4847 5739 8385
4838 4967 382
2652 5708 484
5924 4772 512
8351 6092 3568
7543 3981 4015
1836 1030 724
9632 6868 9179
9931 6316 8002
4773 3478 59
7105 4254 4368
5948 4591 3373
4730 9217 6516
940 9011 8611
7885 7364 6368
6013 9134 9670
6544 9521 7129
7106 6437 105
5918 5884 5043
3489 8926 3851
3457 6511 8004
3321 3558 4789
6944 6435 4387
7202 7990 9936
6677 3407 1787
6825 4460 2203
5651 6062 4522
9917 6010 6911
5689 3552 364
8364 8240 938
7971 5760 5060
6818 5187 4971
4271 8037 4301
5748 3352 5360
2461 2667 6749
4541 4917 9281
6539 7451 484
5663 7946 9911
7952 7820 2249
1849 9277 4477
8464 5578 1263
7864 4277 937
6359 8984 6721
5605 9592 2407
494 3124 5169
6459 7723 353
5403 4990 3030
4705 8117 2802
5798 9197 1742
8104 5769 1444
1434 872 4315
9998 8239 6727
3146 7663 2952
3106 8378 4659
9079 9240 2928
4983 4406 6170
3689 8102 1579
6057 6361 1235
6251 5141 6626
991 4697 3178
3927 6806 278
5166 9533 7761
7827 7178 2216
2537 1744 9675
9736 7003 8132
4323 4606 3082
5843 5240 954
134 942 9844
7702 9820 9241
6962 9606 3618
7014 5196 326
2625 2395 1646
9797 6496 953
2726 6771 3357
6306 6015 2845
8871 6179 2591
836 1584 9900
3129 7857 4950
2198 4184 5366
9015 5270 472
2238 7168 7721
2682 6412 8719
288 9287 6685
8152 8486 2740
4542 5260 8444
171 1671 8342
2057 1784 5623
1148 8170 4420
5139 9054 9391
858 8695 5638
3642 2496 3909
356 8911 3956
5226 6566 7527
9637 6649 5075
7168 6173 9819
6118 8227 5186
2951 9750 3610
9345 5890 9365
367 4529 336
1257 1778 5424
9573 9640 5896
8378 6856 758
1841 2309 4613
7177 9280 1226
882 695 4461
9315 6302 9827
9820 5227 228
4657 5756 9282
2658 7502 5197
5166 8789 8717
8784 9262 4334
766 3747 9779
6055 6882 2227
872 4490 1349
5114 9749 770
8728 8486 1189
9698 6124 1861
8870 5149 9567
9059 7202 6111
9764 5567 3379
8789 8366 9477
7489 8357 3804
1666 8412 2109
9985 6063 4248
7449 9551 6111
2788 6872 806
3935 4298 4223
8104 9856 6462
3091 6833 723
2776 1843 5563
1617 9385 6844
621 9736 6317
8391 6135 7156
7811 9285 1318
1160 2780 6758
771 6708 1751
3723 8218 8009
5087 8759 9592
8152 4655 84
476 8368 8785
9112 9623 7319
2382 2307 2
1655 4588 8256
8398 9147 1691
5688 3518 4501
5724 5749 1873
9852 7529 2217
8061 4937 2042
2554 4180 8640
3720 9435 962
1236 2144 5240
7107 9462 7596
7285 5215 4872
119 3623 4340
5718 6503 6802
629 9563 9291
7199 -1 1627
2386 7985 1174
5790 9496 1344
3652 2536 3065
4972 5120 8147
7711 6193 7871
9524 5225 2397
8086 9180 1674
2984 3853 5201
6910 7608 3328
8506 6358 424
1564 9204 4698
1922 6558 3269
7577 6183 4772
9141 6824 7819
9136 4847 3476
5274 5317 4211
7657 4478 8519
441 -1 1376
3859 -1 4015
