1
1000 500
1000 500
7 857 312 545 131 898 29 243 
608 536 393 694 869 587 713 647 275 833 257 657 17 325 598 527 161 925 80 294 266 918 566 686 936 889 305 868 261 335 21 383 954 11 121 718 172 915 778 935 756 558 389 24 990 356 497 625 410 896 293 149 459 245 809 700 475 22 559 439 122 128 236 679 892 31 260 540 516 995 660 16 862 76 612 488 836 141 665 195 493 522 60 208 722 291 18 914 228 53 746 32 267 819 35 201 105 466 437 824 465 479 626 390 699 805 359 162 881 211 111 54 332 590 91 26 568 232 708 706 183 610 454 292 894 557 306 340 533 234 119 33 170 185 924 724 875 652 734 323 514 157 396 543 281 817 952 259 638 158 498 613 753 246 749 186 906 419 405 49 970 940 769 93 190 199 740 797 714 528 357 23 779 178 900 188 408 472 583 748 897 963 950 379 401 452 738 301 553 108 664 130 747 151 556 55 235 944 444 571 482 14 926 39 1000 430 867 422 535 6 425 265 112 504 373 620 409 336 450 404 837 902 893 46 348 163 961 828 146 733 181 279 937 100 263 957 173 737 785 989 821 899 142 651 736 481 938 790 494 403 564 585 689 283 402 176 684 218 126 726 326 735 72 398 931 219 445 311 576 687 192 705 570 927 787 829 375 168 561 608 244 28 943 537 197 280 268 593 57 289 27 136 624 346 744 591 380 324 118 972 184 509 242 316 584 838 416 295 531 354 95 480 37 15 51 948 456 615 8 303 974 315 630 62 782 986 973 835 129 754 873 682 843 844 428 117 278 643 586 984 878 350 164 155 83 240 286 750 560 678 19 852 370 905 65 544 448 285 473 729 796 59 507 43 496 751 513 109 712 156 672 777 960 87 97 932 492 709 160 338 220 996 616 888 124 166 870 985 988 500 987 671 458 432 720 399 725 826 765 485 646 920 581 803 495 135 44 685 766 330 25 224 369 922 619 103 600 433 567 206 703 407 351 757 648 230 349 490 223 945 532 438 831 933 47 983 512 856 367 760 599 470 993 788 1 695 519 463 618 609 628 110 52 552 539 133 656 9 137 271 308 793 847 114 12 929 704 716 476 529 213 951 106 919 84 542 858 582 376 959 75 36 385 270 304 174 525 391 79 300 880 654 601 771 978 150 997 767 688 589 64 13 318 238 877 329 911 693 226 547 274 333 273 424 34 169 818 825 484 177 991 605 798 5 942 426 272 143 813 994 839 489 474 861 277 617 116 145 2 822 483 799 863 967 520 639 209 632 555 530 680 758 597 451 820 506 934 171 794 77 468 891 827 909 871 848 210 841 89 916 982 462 207 807 971 502 546 921 883 153 659 253 66 363 634 198 120 860 876 382 627 298 180 655 774 633 361 159 667 250 541 573 88 980 907 692 901 467 592 
277 232 708 706 183 610 454 292 894 557 306 340 533 234 119 33 170 185 924 724 875 652 734 323 514 157 396 543 281 817 952 259 638 158 498 613 753 246 749 186 906 419 405 49 970 940 769 93 190 199 740 797 714 528 357 23 779 178 900 188 408 472 583 748 897 963 950 379 401 452 738 301 553 108 664 130 747 151 556 55 235 944 444 571 482 14 926 39 1000 430 867 422 535 6 425 265 112 504 373 620 409 336 450 404 837 902 893 46 348 163 961 828 146 733 181 279 937 100 263 957 173 737 785 989 821 899 142 651 736 481 938 790 494 403 564 585 689 283 402 176 684 218 126 726 326 735 72 398 931 219 445 311 576 687 192 705 570 927 787 829 375 168 561 608 244 28 943 537 197 280 268 593 57 289 27 136 624 346 744 591 380 324 118 972 184 509 242 316 584 838 416 295 531 354 95 480 37 15 51 948 456 615 8 303 974 315 630 62 782 986 973 835 129 754 873 682 843 844 428 117 278 643 586 984 878 350 164 155 83 240 286 750 560 678 19 852 370 905 65 544 448 285 473 729 796 59 507 43 496 751 513 109 712 156 672 777 960 87 97 932 492 709 160 338 220 996 616 888 124 166 870 985 988 500 987 671 458 432 
394 911 693 226 547 274 333 273 424 34 169 818 825 484 177 991 605 798 5 942 426 272 143 813 994 839 489 474 861 277 617 116 145 2 822 483 799 863 967 520 639 209 632 555 530 680 758 597 451 820 506 934 171 794 77 468 891 827 909 871 848 210 841 89 916 982 462 207 807 971 502 546 921 883 153 659 253 66 363 634 198 120 860 876 382 627 298 180 655 774 633 361 159 667 250 541 573 88 980 907 692 901 467 592 256 569 517 739 85 928 4 182 418 115 297 464 923 864 461 521 394 282 229 353 623 998 629 457 231 975 154 976 917 314 125 786 41 676 435 61 992 882 152 526 499 673 38 775 965 251 964 806 565 436 327 387 701 789 73 968 96 442 94 614 239 248 622 953 420 400 721 71 487 362 762 434 310 384 814 842 287 755 249 167 792 491 645 885 187 101 191 20 264 697 148 469 538 372 637 269 674 872 698 478 98 534 423 165 233 56 377 707 440 763 851 594 663 344 811 139 175 392 743 63 866 524 884 196 823 309 505 486 132 642 237 908 575 204 903 683 427 449 904 147 947 691 577 977 30 745 322 134 669 969 42 781 890 460 138 328 227 930 421 631 999 621 658 3 358 939 179 352 675 580 200 58 772 368 411 962 86 364 386 123 412 216 194 140 313 816 203 955 415 518 92 742 319 784 69 563 414 690 715 606 641 795 99 296 855 636 388 853 355 471 45 578 910 225 650 874 768 812 653 949 501 262 832 956 503 764 810 859 365 515 966 854 846 773 247 554 341 702 635 730 81 912 317 67 441 711 801 865 611 710 144 74 562 113 378 752 104 321 849 307 666 453 723 815 217 780 551 343 337 446 596 374 548 397 604 670 50 574 511 102 946 417 40 662 886 78 360 255 107 447 808 
703 549 719 395 406 696 579 661 193 7 455 366 320 845 958 834 443 371 840 804 221 342 290 212 802 791 607 741 572 82 602 677 640 731 595 776 550 857 312 545 131 898 29 243 413 48 241 284 728 510 222 431 681 536 393 694 869 587 713 647 275 833 257 657 17 325 598 527 161 925 80 294 266 918 566 686 936 889 305 868 261 335 21 383 954 11 121 718 172 915 778 935 756 558 389 24 990 356 497 625 410 896 293 149 459 245 809 700 475 22 559 439 122 128 236 679 892 31 260 540 516 995 660 16 862 76 612 488 836 141 665 195 493 522 60 208 722 291 18 914 228 53 746 32 267 819 35 201 105 466 437 824 465 479 626 390 699 805 359 162 881 211 111 54 332 590 91 26 568 232 708 706 183 610 454 292 894 557 306 340 533 234 119 33 170 185 924 724 875 652 734 323 514 157 396 543 281 817 952 259 638 158 498 613 753 246 749 186 906 419 405 49 970 940 769 93 190 199 740 797 714 528 357 23 779 178 900 188 408 472 583 748 897 963 950 379 401 452 738 301 553 108 664 130 747 151 556 55 235 944 444 571 482 14 926 39 1000 430 867 422 535 6 425 265 112 504 373 620 409 336 450 404 837 902 893 46 348 163 961 828 146 733 181 279 937 100 263 957 173 737 785 989 821 899 142 651 736 481 938 790 494 403 564 585 689 283 402 176 684 218 126 726 326 735 72 398 931 219 445 311 576 687 192 705 570 927 787 829 375 168 561 608 244 28 943 537 197 280 268 593 57 289 27 136 624 346 744 591 380 324 118 972 184 509 242 316 584 838 416 295 531 354 95 480 37 15 51 948 456 615 8 303 974 315 630 62 782 986 973 835 129 754 873 682 843 844 428 117 278 643 586 984 878 350 164 155 83 240 286 750 560 678 19 852 370 905 65 544 448 285 473 729 796 59 507 43 496 751 513 109 712 156 672 777 960 87 97 932 492 709 160 338 220 996 616 888 124 166 870 985 988 500 987 671 458 432 720 399 725 826 765 485 646 920 581 803 495 135 44 685 766 330 25 224 369 922 619 103 600 433 567 206 703 407 351 757 648 230 349 490 223 945 532 438 831 933 47 983 512 856 367 760 599 470 993 788 1 695 519 463 618 609 628 110 52 552 539 133 656 9 137 271 308 793 847 114 12 929 704 716 476 529 213 951 106 919 84 542 858 582 376 959 75 36 385 270 304 174 525 391 79 300 880 654 601 771 978 150 997 767 688 589 64 13 318 238 877 329 911 693 226 547 274 333 273 424 34 169 818 825 484 177 991 605 798 5 942 426 272 143 813 994 839 489 474 861 277 617 116 145 2 822 483 799 863 967 520 639 209 632 555 530 680 758 597 451 820 506 934 171 794 77 468 891 827 909 871 848 210 841 89 916 982 462 207 807 971 502 546 921 883 153 659 253 66 363 634 198 120 860 876 382 627 298 180 655 774 633 361 159 667 250 541 573 88 980 907 692 901 467 592 256 569 517 739 85 928 4 182 418 115 297 464 923 864 461 521 394 282 229 353 623 998 629 457 231 975 154 976 917 314 125 786 41 676 435 61 992 882 152 526 499 673 38 
66 597 451 820 506 934 171 794 77 468 891 827 909 871 848 210 841 89 916 982 462 207 807 971 502 546 921 883 153 659 253 66 363 634 198 120 860 876 382 627 298 180 655 774 633 361 159 667 250 541 573 88 980 907 692 901 467 592 256 569 517 739 85 928 4 182 418 
294 114 12 929 704 716 476 529 213 951 106 919 84 542 858 582 376 959 75 36 385 270 304 174 525 391 79 300 880 654 601 771 978 150 997 767 688 589 64 13 318 238 877 329 911 693 226 547 274 333 273 424 34 169 818 825 484 177 991 605 798 5 942 426 272 143 813 994 839 489 474 861 277 617 116 145 2 822 483 799 863 967 520 639 209 632 555 530 680 758 597 451 820 506 934 171 794 77 468 891 827 909 871 848 210 841 89 916 982 462 207 807 971 502 546 921 883 153 659 253 66 363 634 198 120 860 876 382 627 298 180 655 774 633 361 159 667 250 541 573 88 980 907 692 901 467 592 256 569 517 739 85 928 4 182 418 115 297 464 923 864 461 521 394 282 229 353 623 998 629 457 231 975 154 976 917 314 125 786 41 676 435 61 992 882 152 526 499 673 38 775 965 251 964 806 565 436 327 387 701 789 73 968 96 442 94 614 239 248 622 953 420 400 721 71 487 362 762 434 310 384 814 842 287 755 249 167 792 491 645 885 187 101 191 20 264 697 148 469 538 372 637 269 674 872 698 478 98 534 423 165 233 56 377 707 440 763 851 594 663 344 811 139 175 392 743 63 866 524 884 196 823 309 505 486 132 642 237 908 575 204 903 683 427 449 904 147 947 691 577 977 30 745 322 134 
770 443 371 840 804 221 342 290 212 802 791 607 741 572 82 602 677 640 731 595 776 550 857 312 545 131 898 29 243 413 48 241 284 728 510 222 431 681 536 393 694 869 587 713 647 275 833 257 657 17 325 598 527 161 925 80 294 266 918 566 686 936 889 305 868 261 335 21 383 954 11 121 718 172 915 778 935 756 558 389 24 990 356 497 625 410 896 293 149 459 245 809 700 475 22 559 439 122 128 236 679 892 31 260 540 516 995 660 16 862 76 612 488 836 141 665 195 493 522 60 208 722 291 18 914 228 53 746 32 267 819 35 201 105 466 437 824 465 479 626 390 699 805 359 162 881 211 111 54 332 590 91 26 568 232 708 706 183 610 454 292 894 557 306 340 533 234 119 33 170 185 924 724 875 652 734 323 514 157 396 543 281 817 952 259 638 158 498 613 753 246 749 186 906 419 405 49 970 940 769 93 190 199 740 797 714 528 357 23 779 178 900 188 408 472 583 748 897 963 950 379 401 452 738 301 553 108 664 130 747 151 556 55 235 944 444 571 482 14 926 39 1000 430 867 422 535 6 425 265 112 504 373 620 409 336 450 404 837 902 893 46 348 163 961 828 146 733 181 279 937 100 263 957 173 737 785 989 821 899 142 651 736 481 938 790 494 403 564 585 689 283 402 176 684 218 126 726 326 735 72 398 931 219 445 311 576 687 192 705 570 927 787 829 375 168 561 608 244 28 943 537 197 280 268 593 57 289 27 136 624 346 744 591 380 324 118 972 184 509 242 316 584 838 416 295 531 354 95 480 37 15 51 948 456 615 8 303 974 315 630 62 782 986 973 835 129 754 873 682 843 844 428 117 278 643 586 984 878 350 164 155 83 240 286 750 560 678 19 852 370 905 65 544 448 285 473 729 796 59 507 43 496 751 513 109 712 156 672 777 960 87 97 932 492 709 160 338 220 996 616 888 124 166 870 985 988 500 987 671 458 432 720 399 725 826 765 485 646 920 581 803 495 135 44 685 766 330 25 224 369 922 619 103 600 433 567 206 703 407 351 757 648 230 349 490 223 945 532 438 831 933 47 983 512 856 367 760 599 470 993 788 1 695 519 463 618 609 628 110 52 552 539 133 656 9 137 271 308 793 847 114 12 929 704 716 476 529 213 951 106 919 84 542 858 582 376 959 75 36 385 270 304 174 525 391 79 300 880 654 601 771 978 150 997 767 688 589 64 13 318 238 877 329 911 693 226 547 274 333 273 424 34 169 818 825 484 177 991 605 798 5 942 426 272 143 813 994 839 489 474 861 277 617 116 145 2 822 483 799 863 967 520 639 209 632 555 530 680 758 597 451 820 506 934 171 794 77 468 891 827 909 871 848 210 841 89 916 982 462 207 807 971 502 546 921 883 153 659 253 66 363 634 198 120 860 876 382 627 298 180 655 774 633 361 159 667 250 541 573 88 980 907 692 901 467 592 256 569 517 739 85 928 4 182 418 115 297 464 923 864 461 521 394 282 229 353 623 998 629 457 231 975 154 976 917 314 125 786 41 676 435 61 992 882 152 526 499 673 38 775 965 251 964 806 565 436 327 387 701 789 73 968 96 442 94 614 239 248 622 953 420 400 721 71 487 362 762 434 310 384 814 842 287 755 249 167 792 491 645 885 187 101 191 20 264 697 148 469 538 372 637 269 674 872 698 478 98 534 423 165 233 56 377 707 440 763 851 594 663 344 811 139 175 392 743 63 866 524 884 196 823 
155 706 183 610 454 292 894 557 306 340 533 234 119 33 170 185 924 724 875 652 734 323 514 157 396 543 281 817 952 259 638 158 498 613 753 246 749 186 906 419 405 49 970 940 769 93 190 199 740 797 714 528 357 23 779 178 900 188 408 472 583 748 897 963 950 379 401 452 738 301 553 108 664 130 747 151 556 55 235 944 444 571 482 14 926 39 1000 430 867 422 535 6 425 265 112 504 373 620 409 336 450 404 837 902 893 46 348 163 961 828 146 733 181 279 937 100 263 957 173 737 785 989 821 899 142 651 736 481 938 790 494 403 564 585 689 283 402 176 684 218 126 726 326 735 72 398 931 219 445 311 576 687 192 705 570 927 
603 161 925 80 294 266 918 566 686 936 889 305 868 261 335 21 383 954 11 121 718 172 915 778 935 756 558 389 24 990 356 497 625 410 896 293 149 459 245 809 700 475 22 559 439 122 128 236 679 892 31 260 540 516 995 660 16 862 76 612 488 836 141 665 195 493 522 60 208 722 291 18 914 228 53 746 32 267 819 35 201 105 466 437 824 465 479 626 390 699 805 359 162 881 211 111 54 332 590 91 26 568 232 708 706 183 610 454 292 894 557 306 340 533 234 119 33 170 185 924 724 875 652 734 323 514 157 396 543 281 817 952 259 638 158 498 613 753 246 749 186 906 419 405 49 970 940 769 93 190 199 740 797 714 528 357 23 779 178 900 188 408 472 583 748 897 963 950 379 401 452 738 301 553 108 664 130 747 151 556 55 235 944 444 571 482 14 926 39 1000 430 867 422 535 6 425 265 112 504 373 620 409 336 450 404 837 902 893 46 348 163 961 828 146 733 181 279 937 100 263 957 173 737 785 989 821 899 142 651 736 481 938 790 494 403 564 585 689 283 402 176 684 218 126 726 326 735 72 398 931 219 445 311 576 687 192 705 570 927 787 829 375 168 561 608 244 28 943 537 197 280 268 593 57 289 27 136 624 346 744 591 380 324 118 972 184 509 242 316 584 838 416 295 531 354 95 480 37 15 51 948 456 615 8 303 974 315 630 62 782 986 973 835 129 754 873 682 843 844 428 117 278 643 586 984 878 350 164 155 83 240 286 750 560 678 19 852 370 905 65 544 448 285 473 729 796 59 507 43 496 751 513 109 712 156 672 777 960 87 97 932 492 709 160 338 220 996 616 888 124 166 870 985 988 500 987 671 458 432 720 399 725 826 765 485 646 920 581 803 495 135 44 685 766 330 25 224 369 922 619 103 600 433 567 206 703 407 351 757 648 230 349 490 223 945 532 438 831 933 47 983 512 856 367 760 599 470 993 788 1 695 519 463 618 609 628 110 52 552 539 133 656 9 137 271 308 793 847 114 12 929 704 716 476 529 213 951 106 919 84 542 858 582 376 959 75 36 385 270 304 174 525 391 79 300 880 654 601 771 978 150 997 767 688 589 64 13 318 238 877 329 911 693 226 547 274 333 273 424 34 169 818 825 484 177 991 605 798 5 942 426 272 143 813 994 839 489 474 861 277 617 116 145 2 822 483 799 863 967 520 639 209 632 555 530 680 758 597 451 820 506 934 171 794 77 468 891 827 909 871 848 210 841 89 916 982 462 207 807 971 502 546 921 883 153 659 253 66 363 634 198 120 860 876 382 627 298 180 655 774 633 361 159 667 250 541 573 88 980 907 692 901 467 592 256 569 517 739 85 928 4 182 418 115 
100 629 457 231 975 154 976 917 314 125 786 41 676 435 61 992 882 152 526 499 673 38 775 965 251 964 806 565 436 327 387 701 789 73 968 96 442 94 614 239 248 622 953 420 400 721 71 487 362 762 434 310 384 814 842 287 755 249 167 792 491 645 885 187 101 191 20 264 697 148 469 538 372 637 269 674 872 698 478 98 534 423 165 233 56 377 707 440 763 851 594 663 344 811 139 175 392 743 63 866 524 
464 279 937 100 263 957 173 737 785 989 821 899 142 651 736 481 938 790 494 403 564 585 689 283 402 176 684 218 126 726 326 735 72 398 931 219 445 311 576 687 192 705 570 927 787 829 375 168 561 608 244 28 943 537 197 280 268 593 57 289 27 136 624 346 744 591 380 324 118 972 184 509 242 316 584 838 416 295 531 354 95 480 37 15 51 948 456 615 8 303 974 315 630 62 782 986 973 835 129 754 873 682 843 844 428 117 278 643 586 984 878 350 164 155 83 240 286 750 560 678 19 852 370 905 65 544 448 285 473 729 796 59 507 43 496 751 513 109 712 156 672 777 960 87 97 932 492 709 160 338 220 996 616 888 124 166 870 985 988 500 987 671 458 432 720 399 725 826 765 485 646 920 581 803 495 135 44 685 766 330 25 224 369 922 619 103 600 433 567 206 703 407 351 757 648 230 349 490 223 945 532 438 831 933 47 983 512 856 367 760 599 470 993 788 1 695 519 463 618 609 628 110 52 552 539 133 656 9 137 271 308 793 847 114 12 929 704 716 476 529 213 951 106 919 84 542 858 582 376 959 75 36 385 270 304 174 525 391 79 300 880 654 601 771 978 150 997 767 688 589 64 13 318 238 877 329 911 693 226 547 274 333 273 424 34 169 818 825 484 177 991 605 798 5 942 426 272 143 813 994 839 489 474 861 277 617 116 145 2 822 483 799 863 967 520 639 209 632 555 530 680 758 597 451 820 506 934 171 794 77 468 891 827 909 871 848 210 841 89 916 982 462 207 807 971 502 546 921 883 153 659 253 66 363 634 198 120 860 876 382 627 298 180 655 774 633 361 159 667 250 541 573 88 980 907 692 901 467 592 256 569 517 739 85 928 4 182 418 115 297 464 923 864 461 521 394 282 229 353 623 998 629 457 231 975 154 976 917 314 125 786 41 676 435 61 992 882 152 526 499 673 38 775 965 251 964 806 565 436 327 387 701 789 73 968 96 442 94 614 239 248 622 953 420 400 721 71 487 362 762 434 310 384 814 842 287 755 249 167 792 491 645 885 187 101 
782 201 105 466 437 824 465 479 626 390 699 805 359 162 881 211 111 54 332 590 91 26 568 232 708 706 183 610 454 292 894 557 306 340 533 234 119 33 170 185 924 724 875 652 734 323 514 157 396 543 281 817 952 259 638 158 498 613 753 246 749 186 906 419 405 49 970 940 769 93 190 199 740 797 714 528 357 23 779 178 900 188 408 472 583 748 897 963 950 379 401 452 738 301 553 108 664 130 747 151 556 55 235 944 444 571 482 14 926 39 1000 430 867 422 535 6 425 265 112 504 373 620 409 336 450 404 837 902 893 46 348 163 961 828 146 733 181 279 937 100 263 957 173 737 785 989 821 899 142 651 736 481 938 790 494 403 564 585 689 283 402 176 684 218 126 726 326 735 72 398 931 219 445 311 576 687 192 705 570 927 787 829 375 168 561 608 244 28 943 537 197 280 268 593 57 289 27 136 624 346 744 591 380 324 118 972 184 509 242 316 584 838 416 295 531 354 95 480 37 15 51 948 456 615 8 303 974 315 630 62 782 986 973 835 129 754 873 682 843 844 428 117 278 643 586 984 878 350 164 155 83 240 286 750 560 678 19 852 370 905 65 544 448 285 473 729 796 59 507 43 496 751 513 109 712 156 672 777 960 87 97 932 492 709 160 338 220 996 616 888 124 166 870 985 988 500 987 671 458 432 720 399 725 826 765 485 646 920 581 803 495 135 44 685 766 330 25 224 369 922 619 103 600 433 567 206 703 407 351 757 648 230 349 490 223 945 532 438 831 933 47 983 512 856 367 760 599 470 993 788 1 695 519 463 618 609 628 110 52 552 539 133 656 9 137 271 308 793 847 114 12 929 704 716 476 529 213 951 106 919 84 542 858 582 376 959 75 36 385 270 304 174 525 391 79 300 880 654 601 771 978 150 997 767 688 589 64 13 318 238 877 329 911 693 226 547 274 333 273 424 34 169 818 825 484 177 991 605 798 5 942 426 272 143 813 994 839 489 474 861 277 617 116 145 2 822 483 799 863 967 520 639 209 632 555 530 680 758 597 451 820 506 934 171 794 77 468 891 827 909 871 848 210 841 89 916 982 462 207 807 971 502 546 921 883 153 659 253 66 363 634 198 120 860 876 382 627 298 180 655 774 633 361 159 667 250 541 573 88 980 907 692 901 467 592 256 569 517 739 85 928 4 182 418 115 297 464 923 864 461 521 394 282 229 353 623 998 629 457 231 975 154 976 917 314 125 786 41 676 435 61 992 882 152 526 499 673 38 775 965 251 964 806 565 436 327 387 701 789 73 968 96 442 94 614 239 248 622 953 420 400 721 71 487 362 762 434 310 384 814 842 287 755 249 167 792 491 645 885 187 101 191 20 264 697 148 469 538 372 637 269 674 872 698 478 98 534 423 165 233 56 377 707 440 763 851 594 663 344 811 139 175 392 743 63 866 524 884 196 823 309 505 486 132 642 237 908 575 204 903 683 427 449 904 147 947 691 577 977 30 745 322 134 669 969 42 781 890 460 138 328 227 930 421 631 999 621 658 3 358 939 179 352 675 580 200 58 772 368 411 962 86 364 386 123 412 216 194 140 313 816 203 955 415 518 92 742 319 784 69 563 414 690 715 606 641 795 99 296 855 636 388 853 355 471 45 578 910 225 650 874 768 812 653 949 501 262 832 956 503 764 810 859 365 515 966 854 846 773 247 554 341 702 635 730 81 912 317 67 441 711 801 865 611 710 144 74 562 113 378 752 104 321 849 307 666 453 723 815 217 780 551 343 
427 545 131 898 29 243 413 48 241 284 728 510 222 431 681 536 393 694 869 587 713 647 275 833 257 657 17 325 598 527 161 925 80 294 266 918 566 686 936 889 305 868 261 335 21 383 954 11 121 718 172 915 778 935 756 558 389 24 990 356 497 625 410 896 293 149 459 245 809 700 475 22 559 439 122 128 236 679 892 31 260 540 516 995 660 16 862 76 612 488 836 141 665 195 493 522 60 208 722 291 18 914 228 53 746 32 267 819 35 201 105 466 437 824 465 479 626 390 699 805 359 162 881 211 111 54 332 590 91 26 568 232 708 706 183 610 454 292 894 557 306 340 533 234 119 33 170 185 924 724 875 652 734 323 514 157 396 543 281 817 952 259 638 158 498 613 753 246 749 186 906 419 405 49 970 940 769 93 190 199 740 797 714 528 357 23 779 178 900 188 408 472 583 748 897 963 950 379 401 452 738 301 553 108 664 130 747 151 556 55 235 944 444 571 482 14 926 39 1000 430 867 422 535 6 425 265 112 504 373 620 409 336 450 404 837 902 893 46 348 163 961 828 146 733 181 279 937 100 263 957 173 737 785 989 821 899 142 651 736 481 938 790 494 403 564 585 689 283 402 176 684 218 126 726 326 735 72 398 931 219 445 311 576 687 192 705 570 927 787 829 375 168 561 608 244 28 943 537 197 280 268 593 57 289 27 136 624 346 744 591 380 324 118 972 184 509 242 316 584 838 416 295 531 354 95 480 37 15 51 948 456 615 8 303 974 315 630 62 782 986 973 835 129 754 873 682 843 844 428 117 278 643 586 984 878 350 164 155 83 240 286 750 560 678 19 852 370 905 65 544 448 285 473 729 796 59 507 43 496 751 513 109 712 156 672 777 960 87 97 932 492 709 160 338 220 996 616 888 124 166 870 985 988 500 987 671 458 432 720 399 725 826 765 485 646 920 581 803 495 135 44 685 766 330 25 224 369 922 
965 189 90 549 719 395 406 696 579 661 193 7 455 366 320 845 958 834 443 371 840 804 221 342 290 212 802 791 607 741 572 82 602 677 640 731 595 776 550 857 312 545 131 898 29 243 413 48 241 284 728 510 222 431 681 536 393 694 869 587 713 647 275 833 257 657 17 325 598 527 161 925 80 294 266 918 566 686 936 889 305 868 261 335 21 383 954 11 121 718 172 915 778 935 756 558 389 24 990 356 497 625 410 896 293 149 459 245 809 700 475 22 559 439 122 128 236 679 892 31 260 540 516 995 660 16 862 76 612 488 836 141 665 195 493 522 60 208 722 291 18 914 228 53 746 32 267 819 35 201 105 466 437 824 465 479 626 390 699 805 359 162 881 211 111 54 332 590 91 26 568 232 708 706 183 610 454 292 894 557 306 340 533 234 119 33 170 185 924 724 875 652 734 323 514 157 396 543 281 817 952 259 638 158 498 613 753 246 749 186 906 419 405 49 970 940 769 93 190 199 740 797 714 528 357 23 779 178 900 188 408 472 583 748 897 963 950 379 401 452 738 301 553 108 664 130 747 151 556 55 235 944 444 571 482 14 926 39 1000 430 867 422 535 6 425 265 112 504 373 620 409 336 450 404 837 902 893 46 348 163 961 828 146 733 181 279 937 100 263 957 173 737 785 989 821 899 142 651 736 481 938 790 494 403 564 585 689 283 402 176 684 218 126 726 326 735 72 398 931 219 445 311 576 687 192 705 570 927 787 829 375 168 561 608 244 28 943 537 197 280 268 593 57 289 27 136 624 346 744 591 380 324 118 972 184 509 242 316 584 838 416 295 531 354 95 480 37 15 51 948 456 615 8 303 974 315 630 62 782 986 973 835 129 754 873 682 843 844 428 117 278 643 586 984 878 350 164 155 83 240 286 750 560 678 19 852 370 905 65 544 448 285 473 729 796 59 507 43 496 751 513 109 712 156 672 777 960 87 97 932 492 709 160 338 220 996 616 888 124 166 870 985 988 500 987 671 458 432 720 399 725 826 765 485 646 920 581 803 495 135 44 685 766 330 25 224 369 922 619 103 600 433 567 206 703 407 351 757 648 230 349 490 223 945 532 438 831 933 47 983 512 856 367 760 599 470 993 788 1 695 519 463 618 609 628 110 52 552 539 133 656 9 137 271 308 793 847 114 12 929 704 716 476 529 213 951 106 919 84 542 858 582 376 959 75 36 385 270 304 174 525 391 79 300 880 654 601 771 978 150 997 767 688 589 64 13 318 238 877 329 911 693 226 547 274 333 273 424 34 169 818 825 484 177 991 605 798 5 942 426 272 143 813 994 839 489 474 861 277 617 116 145 2 822 483 799 863 967 520 639 209 632 555 530 680 758 597 451 820 506 934 171 794 77 468 891 827 909 871 848 210 841 89 916 982 462 207 807 971 502 546 921 883 153 659 253 66 363 634 198 120 860 876 382 627 298 180 655 774 633 361 159 667 250 541 573 88 980 907 692 901 467 592 256 569 517 739 85 928 4 182 418 115 297 464 923 864 461 521 394 282 229 353 623 998 629 457 231 975 154 976 917 314 125 786 41 676 435 61 992 882 152 526 499 673 38 775 965 251 964 806 565 436 327 387 701 789 73 968 96 442 94 614 239 248 622 953 420 400 721 71 487 362 762 434 310 384 814 842 287 755 249 167 792 491 645 885 187 101 191 20 264 697 148 469 538 372 637 269 674 872 698 478 98 534 423 165 233 56 377 707 440 763 851 594 663 344 811 139 175 392 743 63 866 524 884 196 823 309 505 486 132 642 237 908 575 204 903 683 427 449 904 147 947 691 577 977 30 745 322 134 669 969 42 781 890 460 138 328 227 930 421 631 999 621 658 3 358 939 179 352 675 580 200 58 772 368 411 962 86 364 386 123 412 216 194 140 313 816 203 955 415 518 92 742 319 784 69 563 414 690 715 606 641 795 99 296 855 636 388 853 355 471 45 578 910 225 650 874 768 812 653 949 501 262 832 956 503 764 810 859 365 515 966 854 846 773 247 554 341 702 635 730 81 912 317 67 441 711 801 865 611 710 144 74 562 113 378 752 104 321 849 307 666 453 723 815 217 780 551 343 337 446 596 374 548 397 604 670 50 574 511 102 946 417 40 662 886 78 360 255 107 447 808 339 276 759 981 649 979 302 732 202 941 783 429 
120 437 824 465 479 626 390 699 805 359 162 881 211 111 54 332 590 91 26 568 232 708 706 183 610 454 292 894 557 306 340 533 234 119 33 170 185 924 724 875 652 734 323 514 157 396 543 281 817 952 259 638 158 498 613 753 246 749 186 906 419 405 49 970 940 769 93 190 199 740 797 714 528 357 23 779 178 900 188 408 472 583 748 897 963 950 379 401 452 738 301 553 108 664 130 747 151 556 55 235 944 444 571 482 14 926 39 1000 430 867 422 535 6 425 265 112 504 373 620 409 336 
543 748 897 963 950 379 401 452 738 301 553 108 664 130 747 151 556 55 235 944 444 571 482 14 926 39 1000 430 867 422 535 6 425 265 112 504 373 620 409 336 450 404 837 902 893 46 348 163 961 828 146 733 181 279 937 100 263 957 173 737 785 989 821 899 142 651 736 481 938 790 494 403 564 585 689 283 402 176 684 218 126 726 326 735 72 398 931 219 445 311 576 687 192 705 570 927 787 829 375 168 561 608 244 28 943 537 197 280 268 593 57 289 27 136 624 346 744 591 380 324 118 972 184 509 242 316 584 838 416 295 531 354 95 480 37 15 51 948 456 615 8 303 974 315 630 62 782 986 973 835 129 754 873 682 843 844 428 117 278 643 586 984 878 350 164 155 83 240 286 750 560 678 19 852 370 905 65 544 448 285 473 729 796 59 507 43 496 751 513 109 712 156 672 777 960 87 97 932 492 709 160 338 220 996 616 888 124 166 870 985 988 500 987 671 458 432 720 399 725 826 765 485 646 920 581 803 495 135 44 685 766 330 25 224 369 922 619 103 600 433 567 206 703 407 351 757 648 230 349 490 223 945 532 438 831 933 47 983 512 856 367 760 599 470 993 788 1 695 519 463 618 609 628 110 52 552 539 133 656 9 137 271 308 793 847 114 12 929 704 716 476 529 213 951 106 919 84 542 858 582 376 959 75 36 385 270 304 174 525 391 79 300 880 654 601 771 978 150 997 767 688 589 64 13 318 238 877 329 911 693 226 547 274 333 273 424 34 169 818 825 484 177 991 605 798 5 942 426 272 143 813 994 839 489 474 861 277 617 116 145 2 822 483 799 863 967 520 639 209 632 555 530 680 758 597 451 820 506 934 171 794 77 468 891 827 909 871 848 210 841 89 916 982 462 207 807 971 502 546 921 883 153 659 253 66 363 634 198 120 860 876 382 627 298 180 655 774 633 361 159 667 250 541 573 88 980 907 692 901 467 592 256 569 517 739 85 928 4 182 418 115 297 464 923 864 461 521 394 282 229 353 623 998 629 457 231 975 154 976 917 314 125 786 41 676 435 61 992 882 152 526 499 673 38 775 965 251 964 806 565 436 327 387 701 789 73 968 96 442 94 614 239 248 622 953 420 400 721 71 487 362 762 434 310 384 814 842 287 755 249 167 792 491 645 885 187 101 191 20 264 697 148 469 538 372 637 269 674 872 698 478 98 534 423 165 233 56 377 707 440 763 851 594 663 
551 265 112 504 373 620 409 336 450 404 837 902 893 46 348 163 961 828 146 733 181 279 937 100 263 957 173 737 785 989 821 899 142 651 736 481 938 790 494 403 564 585 689 283 402 176 684 218 126 726 326 735 72 398 931 219 445 311 576 687 192 705 570 927 787 829 375 168 561 608 244 28 943 537 197 280 268 593 57 289 27 136 624 346 744 591 380 324 118 972 184 509 242 316 584 838 416 295 531 354 95 480 37 15 51 948 456 615 8 303 974 315 630 62 782 986 973 835 129 754 873 682 843 844 428 117 278 643 586 984 878 350 164 155 83 240 286 750 560 678 19 852 370 905 65 544 448 285 473 729 796 59 507 43 496 751 513 109 712 156 672 777 960 87 97 932 492 709 160 338 220 996 616 888 124 166 870 985 988 500 987 671 458 432 720 399 725 826 765 485 646 920 581 803 495 135 44 685 766 330 25 224 369 922 619 103 600 433 567 206 703 407 351 757 648 230 349 490 223 945 532 438 831 933 47 983 512 856 367 760 599 470 993 788 1 695 519 463 618 609 628 110 52 552 539 133 656 9 137 271 308 793 847 114 12 929 704 716 476 529 213 951 106 919 84 542 858 582 376 959 75 36 385 270 304 174 525 391 79 300 880 654 601 771 978 150 997 767 688 589 64 13 318 238 877 329 911 693 226 547 274 333 273 424 34 169 818 825 484 177 991 605 798 5 942 426 272 143 813 994 839 489 474 861 277 617 116 145 2 822 483 799 863 967 520 639 209 632 555 530 680 758 597 451 820 506 934 171 794 77 468 891 827 909 871 848 210 841 89 916 982 462 207 807 971 502 546 921 883 153 659 253 66 363 634 198 120 860 876 382 627 298 180 655 774 633 361 159 667 250 541 573 88 980 907 692 901 467 592 256 569 517 739 85 928 4 182 418 115 297 464 923 864 461 521 394 282 229 353 623 998 629 457 231 975 154 976 917 314 125 786 41 676 435 61 992 882 152 526 499 673 38 775 965 251 964 806 565 436 327 387 701 789 73 968 96 442 94 614 239 248 622 953 420 400 721 71 487 362 762 434 310 384 814 842 287 755 249 167 792 491 645 885 187 101 191 20 264 697 148 469 538 372 637 269 674 872 698 478 98 534 423 165 233 56 377 707 440 763 851 594 663 344 811 139 175 392 743 63 866 524 884 196 823 309 505 486 132 642 237 908 575 204 903 683 427 449 904 147 947 691 577 977 30 745 322 134 669 969 42 781 890 
191 419 405 49 970 940 769 93 190 199 740 797 714 528 357 23 779 178 900 188 408 472 583 748 897 963 950 379 401 452 738 301 553 108 664 130 747 151 556 55 235 944 444 571 482 14 926 39 1000 430 867 422 535 6 425 265 112 504 373 620 409 336 450 404 837 902 893 46 348 163 961 828 146 733 181 279 937 100 263 957 173 737 785 989 821 899 142 651 736 481 938 790 494 403 564 585 689 283 402 176 684 218 126 726 326 735 72 398 931 219 445 311 576 687 192 705 570 927 787 829 375 168 561 608 244 28 943 537 197 280 268 593 57 289 27 136 624 346 744 591 380 324 118 972 184 509 242 316 584 838 416 295 531 354 95 480 37 15 51 948 456 615 8 303 974 315 630 62 782 986 973 835 129 754 873 682 843 844 428 117 278 643 586 984 878 350 164 155 83 240 286 750 
429 993 788 1 695 519 463 618 609 628 110 52 552 539 133 656 9 137 271 308 793 847 114 12 929 704 716 476 529 213 951 106 919 84 542 858 582 376 959 75 36 385 270 304 174 525 391 79 300 880 654 601 771 978 150 997 767 688 589 64 13 318 238 877 329 911 693 226 547 274 333 273 424 34 169 818 825 484 177 991 605 798 5 942 426 272 143 813 994 839 489 474 861 277 617 116 145 2 822 483 799 863 967 520 639 209 632 555 530 680 758 597 451 820 506 934 171 794 77 468 891 827 909 871 848 210 841 89 916 982 462 207 807 971 502 546 921 883 153 659 253 66 363 634 198 120 860 876 382 627 298 180 655 774 633 361 159 667 250 541 573 88 980 907 692 901 467 592 256 569 517 739 85 928 4 182 418 115 297 464 923 864 461 521 394 282 229 353 623 998 629 457 231 975 154 976 917 314 125 786 41 676 435 61 992 882 152 526 499 673 38 775 965 251 964 806 565 436 327 387 701 789 73 968 96 442 94 614 239 248 622 953 420 400 721 71 487 362 762 434 310 384 814 842 287 755 249 167 792 491 645 885 187 101 191 20 264 697 148 469 538 372 637 269 674 872 698 478 98 534 423 165 233 56 377 707 440 763 851 594 663 344 811 139 175 392 743 63 866 524 884 196 823 309 505 486 132 642 237 908 575 204 903 683 427 449 904 147 947 691 577 977 30 745 322 134 669 969 42 781 890 460 138 328 227 930 421 631 999 621 658 3 358 939 179 352 675 580 200 58 772 368 411 962 86 364 386 123 412 216 194 140 313 816 203 955 415 518 92 742 319 784 69 563 414 690 715 606 641 795 99 296 855 636 388 853 355 471 45 578 910 225 650 874 768 812 653 949 501 262 832 956 503 764 810 859 365 515 966 854 846 773 247 554 341 702 635 730 81 912 317 67 441 711 801 865 611 710 144 74 562 113 378 752 104 321 849 307 666 453 
145 671 458 432 720 399 725 826 765 485 646 920 581 803 495 135 44 685 766 330 25 224 369 922 619 103 600 433 567 206 703 407 351 757 648 230 349 490 223 945 532 438 831 933 47 983 512 856 367 760 599 470 993 788 1 695 519 463 618 609 628 110 52 552 539 133 656 9 137 271 308 793 847 114 12 929 704 716 476 529 213 951 106 919 84 542 858 582 376 959 75 36 385 270 304 174 525 391 79 300 880 654 601 771 978 150 997 767 688 589 64 13 318 238 877 329 911 693 226 547 274 333 273 424 34 169 818 825 484 177 991 605 798 5 942 426 272 143 813 994 839 489 474 861 277 617 
389 646 920 581 803 495 135 44 685 766 330 25 224 369 922 619 103 600 433 567 206 703 407 351 757 648 230 349 490 223 945 532 438 831 933 47 983 512 856 367 760 599 470 993 788 1 695 519 463 618 609 628 110 52 552 539 133 656 9 137 271 308 793 847 114 12 929 704 716 476 529 213 951 106 919 84 542 858 582 376 959 75 36 385 270 304 174 525 391 79 300 880 654 601 771 978 150 997 767 688 589 64 13 318 238 877 329 911 693 226 547 274 333 273 424 34 169 818 825 484 177 991 605 798 5 942 426 272 143 813 994 839 489 474 861 277 617 116 145 2 822 483 799 863 967 520 639 209 632 555 530 680 758 597 451 820 506 934 171 794 77 468 891 827 909 871 848 210 841 89 916 982 462 207 807 971 502 546 921 883 153 659 253 66 363 634 198 120 860 876 382 627 298 180 655 774 633 361 159 667 250 541 573 88 980 907 692 901 467 592 256 569 517 739 85 928 4 182 418 115 297 464 923 864 461 521 394 282 229 353 623 998 629 457 231 975 154 976 917 314 125 786 41 676 435 61 992 882 152 526 499 673 38 775 965 251 964 806 565 436 327 387 701 789 73 968 96 442 94 614 239 248 622 953 420 400 721 71 487 362 762 434 310 384 814 842 287 755 249 167 792 491 645 885 187 101 191 20 264 697 148 469 538 372 637 269 674 872 698 478 98 534 423 165 233 56 377 707 440 763 851 594 663 344 811 139 175 392 743 63 866 524 884 196 823 309 505 486 132 642 237 908 575 204 903 683 427 449 904 147 947 691 577 977 30 745 322 134 669 969 42 781 890 460 138 328 227 930 421 631 999 621 658 3 358 939 179 352 675 580 200 58 772 368 411 962 86 364 386 123 
537 840 804 221 342 290 212 802 791 607 741 572 82 602 677 640 731 595 776 550 857 312 545 131 898 29 243 413 48 241 284 728 510 222 431 681 536 393 694 869 587 713 647 275 833 257 657 17 325 598 527 161 925 80 294 266 918 566 686 936 889 305 868 261 335 21 383 954 11 121 718 172 915 778 935 756 558 389 24 990 356 497 625 410 896 293 149 459 245 809 700 475 22 559 439 122 128 236 679 892 31 260 540 516 995 660 16 862 76 612 488 836 141 665 195 493 522 60 208 722 291 18 914 228 53 746 32 267 819 35 201 105 466 437 824 465 479 626 390 699 805 359 162 881 211 111 54 332 590 91 26 568 232 708 706 183 610 454 292 894 557 306 340 533 234 119 33 170 185 924 724 875 652 734 323 514 157 396 543 281 817 952 259 638 158 498 613 753 246 749 186 906 419 405 49 970 940 769 93 190 199 740 797 714 528 357 23 779 178 900 188 408 472 583 748 897 963 950 379 401 452 738 301 553 108 664 130 747 151 556 55 235 944 444 571 482 14 926 39 1000 430 867 422 535 6 425 265 112 504 373 620 409 336 450 404 837 902 893 46 348 163 961 828 146 733 181 279 937 100 263 957 173 737 785 989 821 899 142 651 736 481 938 790 494 403 564 585 689 283 402 176 684 218 126 726 326 735 72 398 931 219 445 311 576 687 192 705 570 927 787 829 375 168 561 608 244 28 943 537 197 280 268 593 57 289 27 136 624 346 744 591 380 324 118 972 184 509 242 316 584 838 416 295 531 354 95 480 37 15 51 948 456 615 8 303 974 315 630 62 782 986 973 835 129 754 873 682 843 844 428 117 278 643 586 984 878 350 164 155 83 240 286 750 560 678 19 852 370 905 65 544 448 285 473 729 796 59 507 43 496 751 513 109 712 156 672 777 960 87 97 932 492 709 160 338 220 996 616 888 124 166 870 985 988 500 987 671 458 432 720 399 725 826 765 485 646 920 581 803 495 135 44 685 766 330 25 224 369 922 619 103 600 433 567 206 703 407 351 757 648 230 349 490 223 945 532 438 831 933 47 983 512 856 367 760 599 470 993 788 1 695 519 463 618 609 628 110 52 552 539 133 656 9 137 271 308 793 847 114 12 929 704 716 476 529 213 951 106 919 84 542 858 582 376 959 75 36 385 270 304 174 525 391 79 300 880 654 601 771 978 150 997 767 688 589 64 13 318 
330 767 688 589 64 13 318 238 877 329 911 693 226 547 274 333 273 424 34 169 818 825 484 177 991 605 798 5 942 426 272 143 813 994 839 489 474 861 277 617 116 145 2 822 483 799 863 967 520 639 209 632 555 530 680 758 597 451 820 506 934 171 794 77 468 891 827 909 871 848 210 841 89 916 982 462 207 807 971 502 546 921 883 153 659 253 66 363 634 198 120 860 876 382 627 298 180 655 774 633 361 159 667 250 541 573 88 980 907 692 901 467 592 256 569 517 739 85 928 4 182 418 115 297 464 923 864 461 521 394 282 229 353 623 998 629 457 231 975 154 976 917 314 125 786 41 676 435 61 992 882 152 526 499 673 38 775 965 251 964 806 565 436 327 387 701 789 73 968 96 442 94 614 239 248 622 953 420 400 721 71 487 362 762 434 310 384 814 842 287 755 249 167 792 491 645 885 187 101 191 20 264 697 148 469 538 372 637 269 674 872 698 478 98 534 423 165 233 56 377 707 440 763 851 594 663 344 811 139 175 392 743 63 866 524 884 196 823 309 505 486 132 642 237 908 575 204 903 683 427 449 904 147 947 691 577 977 30 745 322 134 669 969 42 781 890 460 138 328 227 930 421 631 999 621 658 3 358 939 179 352 675 580 200 58 772 368 411 962 86 364 386 123 412 216 194 140 313 816 203 955 415 518 92 742 319 784 69 563 414 690 715 606 641 795 99 296 855 636 388 853 355 471 45 578 910 225 650 874 768 812 
969 719 395 406 696 579 661 193 7 455 366 320 845 958 834 443 371 840 804 221 342 290 212 802 791 607 741 572 82 602 677 640 731 595 776 550 857 312 545 131 898 29 243 413 48 241 284 728 510 222 431 681 536 393 694 869 587 713 647 275 833 257 657 17 325 598 527 161 925 80 294 266 918 566 686 936 889 305 868 261 335 21 383 954 11 121 718 172 915 778 935 756 558 389 24 990 356 497 625 410 896 293 149 459 245 809 700 475 22 559 439 122 128 236 679 892 31 260 540 516 995 660 16 862 76 612 488 836 141 665 195 493 522 60 208 722 291 18 914 228 53 746 32 267 819 35 201 105 466 437 824 465 479 626 390 699 805 359 162 881 211 111 54 332 590 91 26 568 232 708 706 183 610 454 292 894 557 306 340 533 234 119 33 170 185 924 724 875 652 734 323 514 157 396 543 281 817 952 259 638 158 498 613 753 246 749 186 906 419 405 49 970 940 769 93 190 199 740 797 714 528 357 23 779 178 900 188 408 472 583 748 897 963 950 379 401 452 738 301 553 108 664 130 747 151 556 55 235 944 444 571 482 14 926 39 1000 430 867 422 535 6 425 265 112 504 373 620 409 336 450 404 837 902 893 46 348 163 961 828 146 733 181 279 937 100 263 957 173 737 785 989 821 899 142 651 736 481 938 790 494 403 564 585 689 283 402 176 684 218 126 726 326 735 72 398 931 219 445 311 576 687 192 705 570 927 787 829 375 168 561 608 244 28 943 537 197 280 268 593 57 289 27 136 624 346 744 591 380 324 118 972 184 509 242 316 584 838 416 295 531 354 95 480 37 15 51 948 456 615 8 303 974 315 630 62 782 986 973 835 129 754 873 682 843 844 428 117 278 643 586 984 878 350 164 155 83 240 286 750 560 678 19 852 370 905 65 544 448 285 473 729 796 59 507 43 496 751 513 109 712 156 672 777 960 87 97 932 492 709 160 338 220 996 616 888 124 166 870 985 988 500 987 671 458 432 720 399 725 826 765 485 646 920 581 803 495 135 44 685 766 330 25 224 369 922 619 103 600 433 567 206 703 407 351 757 648 230 349 490 223 945 532 438 831 933 47 983 512 856 367 760 599 470 993 788 1 695 519 463 618 609 628 110 52 552 539 133 656 9 137 271 308 793 847 114 12 929 704 716 476 529 213 951 106 919 84 542 858 582 376 959 75 36 385 270 304 174 525 391 79 300 880 654 601 771 978 150 997 767 688 589 64 13 318 238 877 329 911 693 226 547 274 333 273 424 34 169 818 825 484 177 991 605 798 5 942 426 272 143 813 994 839 489 474 861 277 617 116 145 2 822 483 799 863 967 520 639 209 632 555 530 680 758 597 451 820 506 934 171 794 77 468 891 827 909 871 848 210 841 89 916 982 462 207 807 971 502 546 921 883 153 659 253 66 363 634 198 120 860 876 382 627 298 180 655 774 633 361 159 667 250 541 573 88 980 907 692 901 467 592 256 569 517 739 85 928 4 182 418 115 297 464 923 864 461 521 394 282 229 353 623 998 629 457 231 975 154 976 917 314 125 786 41 676 435 61 992 882 152 526 499 673 38 775 965 251 964 806 565 436 327 387 701 789 73 968 96 442 94 614 239 248 622 953 420 400 721 71 487 362 762 434 310 384 814 842 287 755 249 167 792 491 645 885 187 101 191 20 264 697 148 469 538 372 637 269 674 872 698 478 98 534 423 165 233 56 377 707 440 763 851 594 663 344 811 139 175 392 743 63 866 524 884 196 823 309 505 486 132 642 237 908 575 204 903 683 427 449 904 147 947 691 577 977 30 745 322 134 669 969 42 781 890 460 138 328 227 930 421 631 999 621 658 3 358 939 179 352 675 580 200 58 772 368 411 962 86 364 386 123 412 216 194 140 313 816 203 955 415 518 92 742 319 784 69 563 414 690 715 606 641 795 99 296 855 636 388 853 355 471 45 578 910 225 650 874 768 812 653 949 501 262 832 956 503 764 810 859 365 515 966 854 846 773 247 554 341 702 635 730 81 912 317 67 441 711 801 865 611 710 144 74 562 113 378 752 104 321 849 307 666 453 723 815 217 780 551 343 337 446 596 374 548 397 604 670 50 574 511 102 946 417 40 662 886 78 360 255 107 447 808 339 276 759 981 649 979 302 732 202 941 783 429 347 68 299 10 717 127 850 
689 245 809 700 475 22 559 439 122 128 236 679 892 31 260 540 516 995 660 16 862 76 612 488 836 141 665 195 493 522 60 208 722 291 18 914 228 53 746 32 267 819 35 201 105 466 437 824 465 479 626 390 699 805 359 162 881 211 111 54 332 590 91 26 568 232 708 706 183 610 454 292 894 557 306 340 533 234 119 33 170 185 924 724 875 652 734 323 514 157 396 543 281 817 952 259 638 158 498 613 753 246 749 186 906 419 405 49 970 940 769 93 190 199 740 797 714 528 357 23 779 178 900 188 408 472 583 748 897 963 950 379 401 452 738 301 553 108 664 130 747 151 556 55 235 944 444 571 482 14 926 39 1000 430 867 422 535 6 425 265 112 504 373 620 409 336 450 404 837 902 893 46 348 163 961 828 146 733 181 279 937 100 263 957 173 737 785 989 821 899 142 651 736 481 938 790 494 403 564 585 689 283 402 176 684 218 126 726 326 735 72 398 931 219 445 311 576 687 192 705 570 927 787 829 375 168 561 608 244 28 943 537 197 280 268 593 57 289 27 136 624 346 744 591 380 324 118 972 184 509 242 316 584 838 416 295 531 354 95 480 37 15 51 948 456 615 8 303 974 315 630 62 782 986 973 835 129 754 873 682 843 844 428 117 278 643 586 984 878 350 164 155 83 240 286 750 560 678 19 852 370 905 65 544 448 285 473 729 796 59 507 43 496 751 513 109 712 156 672 777 960 87 97 932 492 709 160 338 220 996 616 888 124 166 870 985 988 500 987 671 458 432 720 399 725 826 765 485 646 920 581 803 495 135 44 685 766 330 25 224 369 922 619 103 600 433 567 206 703 407 351 757 648 230 349 490 223 945 532 438 831 933 47 983 512 856 367 760 599 470 993 788 1 695 519 463 618 609 628 110 52 552 539 133 656 9 137 271 308 793 847 114 12 929 704 716 476 529 213 951 106 919 84 542 858 582 376 959 75 36 385 270 304 174 525 391 79 300 880 654 601 771 978 150 997 767 688 589 64 13 318 238 877 329 911 693 226 547 274 333 273 424 34 169 818 825 484 177 991 605 798 5 942 426 272 143 813 994 839 489 474 861 277 617 116 145 2 822 483 799 863 967 520 639 209 632 555 530 680 758 597 451 820 506 934 171 794 77 468 891 827 909 871 848 210 841 89 916 982 462 207 807 971 502 546 921 883 153 659 253 66 363 634 198 120 860 876 382 627 298 180 655 774 633 361 159 667 250 541 573 88 980 907 692 901 467 592 256 569 517 739 85 928 4 182 418 115 297 464 923 864 461 521 394 282 229 353 623 998 629 457 231 975 154 976 917 314 125 786 41 676 435 61 992 882 152 526 499 673 38 775 965 251 964 806 565 436 327 387 701 789 73 968 96 442 94 614 239 248 622 953 420 400 721 71 487 362 762 434 310 384 814 842 287 755 249 167 792 491 645 885 187 101 191 20 264 697 148 469 538 372 637 269 674 872 698 478 98 534 423 165 233 56 377 707 440 763 851 594 663 344 811 139 175 392 743 63 866 524 884 196 823 309 505 486 132 642 237 908 575 
330 720 399 725 826 765 485 646 920 581 803 495 135 44 685 766 330 25 224 369 922 619 103 600 433 567 206 703 407 351 757 648 230 349 490 223 945 532 438 831 933 47 983 512 856 367 760 599 470 993 788 1 695 519 463 618 609 628 110 52 552 539 133 656 9 137 271 308 793 847 114 12 929 704 716 476 529 213 951 106 919 84 542 858 582 376 959 75 36 385 270 304 174 525 391 79 300 880 654 601 771 978 150 997 767 688 589 64 13 318 238 877 329 911 693 226 547 274 333 273 424 34 169 818 825 484 177 991 605 798 5 942 426 272 143 813 994 839 489 474 861 277 617 116 145 2 822 483 799 863 967 520 639 209 632 555 530 680 758 597 451 820 506 934 171 794 77 468 891 827 909 871 848 210 841 89 916 982 462 207 807 971 502 546 921 883 153 659 253 66 363 634 198 120 860 876 382 627 298 180 655 774 633 361 159 667 250 541 573 88 980 907 692 901 467 592 256 569 517 739 85 928 4 182 418 115 297 464 923 864 461 521 394 282 229 353 623 998 629 457 231 975 154 976 917 314 125 786 41 676 435 61 992 882 152 526 499 673 38 775 965 251 964 806 565 436 327 387 701 789 73 968 96 442 94 614 239 248 622 953 420 400 721 71 487 362 762 434 310 384 814 842 287 755 249 167 792 491 645 885 187 101 191 20 264 697 148 469 538 372 637 269 674 872 698 478 98 534 423 165 233 56 377 707 440 763 851 594 663 344 811 
437 677 640 731 595 776 550 857 312 545 131 898 29 243 413 48 241 284 728 510 222 431 681 536 393 694 869 587 713 647 275 833 257 657 17 325 598 527 161 925 80 294 266 918 566 686 936 889 305 868 261 335 21 383 954 11 121 718 172 915 778 935 756 558 389 24 990 356 497 625 410 896 293 149 459 245 809 700 475 22 559 439 122 128 236 679 892 31 260 540 516 995 660 16 862 76 612 488 836 141 665 195 493 522 60 208 722 291 18 914 228 53 746 32 267 819 35 201 105 466 437 824 465 479 626 390 699 805 359 162 881 211 111 54 332 590 91 26 568 232 708 706 183 610 454 292 894 557 306 340 533 234 119 33 170 185 924 724 875 652 734 323 514 157 396 543 281 817 952 259 638 158 498 613 753 246 749 186 906 419 405 49 970 940 769 93 190 199 740 797 714 528 357 23 779 178 900 188 408 472 583 748 897 963 950 379 401 452 738 301 553 108 664 130 747 151 556 55 235 944 444 571 482 14 926 39 1000 430 867 422 535 6 425 265 112 504 373 620 409 336 450 404 837 902 893 46 348 163 961 828 146 733 181 279 937 100 263 957 173 737 785 989 821 899 142 651 736 481 938 790 494 403 564 585 689 283 402 176 684 218 126 726 326 735 72 398 931 219 445 311 576 687 192 705 570 927 787 829 375 168 561 608 244 28 943 537 197 280 268 593 57 289 27 136 624 346 744 591 380 324 118 972 184 509 242 316 584 838 416 295 531 354 95 480 37 15 51 948 456 615 8 303 974 315 630 62 782 986 973 835 129 754 873 682 843 844 428 117 278 643 586 984 878 350 164 155 83 240 286 750 560 678 19 852 370 905 65 544 448 285 473 729 796 59 507 43 496 751 513 109 712 156 672 777 960 87 97 932 492 709 160 338 220 996 616 888 124 166 870 985 988 500 987 671 458 432 720 399 725 826 765 485 646 920 581 803 495 135 44 685 766 330 25 224 369 922 619 103 
707 431 681 536 393 694 869 587 713 647 275 833 257 657 17 325 598 527 161 925 80 294 266 918 566 686 936 889 305 868 261 335 21 383 954 11 121 718 172 915 778 935 756 558 389 24 990 356 497 625 410 896 293 149 459 245 809 700 475 22 559 439 122 128 236 679 892 31 260 540 516 995 660 16 862 76 612 488 836 141 665 195 493 522 60 208 722 291 18 914 228 53 746 32 267 819 35 201 105 466 437 824 465 479 626 390 699 805 359 162 881 211 111 54 332 590 91 26 568 232 708 706 183 610 454 292 894 557 306 340 533 234 119 33 170 185 924 724 875 652 734 323 514 157 396 543 281 817 952 259 638 158 498 613 753 246 749 186 906 419 405 49 970 940 769 93 190 199 740 797 714 528 357 23 779 178 900 188 408 472 583 748 897 963 950 379 401 452 738 301 553 108 664 130 747 151 556 55 235 944 444 571 482 14 926 39 1000 430 867 422 535 6 425 265 112 504 373 620 409 336 450 404 837 902 893 46 348 163 961 828 146 733 181 279 937 100 263 957 173 737 785 989 821 899 142 651 736 481 938 790 494 403 564 585 689 283 402 176 684 218 126 726 326 735 72 398 931 219 445 311 576 687 192 705 570 927 787 829 375 168 561 608 244 28 943 537 197 280 268 593 57 289 27 136 624 346 744 591 380 324 118 972 184 509 242 316 584 838 416 295 531 354 95 480 37 15 51 948 456 615 8 303 974 315 630 62 782 986 973 835 129 754 873 682 843 844 428 117 278 643 586 984 878 350 164 155 83 240 286 750 560 678 19 852 370 905 65 544 448 285 473 729 796 59 507 43 496 751 513 109 712 156 672 777 960 87 97 932 492 709 160 338 220 996 616 888 124 166 870 985 988 500 987 671 458 432 720 399 725 826 765 485 646 920 581 803 495 135 44 685 766 330 25 224 369 922 619 103 600 433 567 206 703 407 351 757 648 230 349 490 223 945 532 438 831 933 47 983 512 856 367 760 599 470 993 788 1 695 519 463 618 609 628 110 52 552 539 133 656 9 137 271 308 793 847 114 12 929 704 716 476 529 213 951 106 919 84 542 858 582 376 959 75 36 385 270 304 174 525 391 79 300 880 654 601 771 978 150 997 767 688 589 64 13 318 238 877 329 911 693 226 547 274 333 273 424 34 169 818 825 484 177 991 605 798 5 942 426 272 143 813 994 839 489 474 861 277 617 116 145 2 822 483 799 863 967 520 639 209 632 555 530 680 758 597 451 820 506 934 171 794 77 468 891 827 909 871 848 210 841 89 916 982 462 207 807 971 502 546 921 883 153 659 253 66 363 634 198 120 860 876 382 627 298 180 655 774 633 361 159 667 250 541 573 88 980 907 692 901 467 592 256 569 517 739 85 928 4 182 418 115 297 464 923 864 461 521 394 282 229 353 623 998 629 457 231 975 154 976 917 314 125 786 41 676 435 61 992 882 152 526 499 673 38 775 965 251 964 806 565 436 327 387 701 789 73 968 96 442 94 614 239 248 622 953 420 400 721 71 487 362 762 434 310 384 814 842 287 755 249 167 792 491 645 885 187 101 191 20 264 697 148 469 538 372 637 269 674 
251 240 286 750 560 678 19 852 370 905 65 544 448 285 473 729 796 59 507 43 496 751 513 109 712 156 672 777 960 87 97 932 492 709 160 338 220 996 616 888 124 166 870 985 988 500 987 671 458 432 720 399 725 826 765 485 646 920 581 803 495 135 44 685 766 330 25 224 369 922 619 103 600 433 567 206 703 407 351 757 648 230 349 490 223 945 532 438 831 933 47 983 512 856 367 760 599 470 993 788 1 695 519 463 618 609 628 110 52 552 539 133 656 9 137 271 308 793 847 114 12 929 704 716 476 529 213 951 106 919 84 542 858 582 376 959 75 36 385 270 304 174 525 391 79 300 880 654 601 771 978 150 997 767 688 589 64 13 318 238 877 329 911 693 226 547 274 333 273 424 34 169 818 825 484 177 991 605 798 5 942 426 272 143 813 994 839 489 474 861 277 617 116 145 2 822 483 799 863 967 520 639 209 632 555 530 680 758 597 451 820 506 934 171 794 77 468 891 827 909 871 848 210 841 89 916 982 462 207 807 971 502 546 921 883 153 659 253 66 363 634 198 120 860 876 382 627 298 180 655 774 633 
8 63 866 524 884 196 823 309 505 
119 268 593 57 289 27 136 624 346 744 591 380 324 118 972 184 509 242 316 584 838 416 295 531 354 95 480 37 15 51 948 456 615 8 303 974 315 630 62 782 986 973 835 129 754 873 682 843 844 428 117 278 643 586 984 878 350 164 155 83 240 286 750 560 678 19 852 370 905 65 544 448 285 473 729 796 59 507 43 496 751 513 109 712 156 672 777 960 87 97 932 492 709 160 338 220 996 616 888 124 166 870 985 988 500 987 671 458 432 720 399 725 826 765 485 646 920 581 803 495 
780 29 243 413 48 241 284 728 510 222 431 681 536 393 694 869 587 713 647 275 833 257 657 17 325 598 527 161 925 80 294 266 918 566 686 936 889 305 868 261 335 21 383 954 11 121 718 172 915 778 935 756 558 389 24 990 356 497 625 410 896 293 149 459 245 809 700 475 22 559 439 122 128 236 679 892 31 260 540 516 995 660 16 862 76 612 488 836 141 665 195 493 522 60 208 722 291 18 914 228 53 746 32 267 819 35 201 105 466 437 824 465 479 626 390 699 805 359 162 881 211 111 54 332 590 91 26 568 232 708 706 183 610 454 292 894 557 306 340 533 234 119 33 170 185 924 724 875 652 734 323 514 157 396 543 281 817 952 259 638 158 498 613 753 246 749 186 906 419 405 49 970 940 769 93 190 199 740 797 714 528 357 23 779 178 900 188 408 472 583 748 897 963 950 379 401 452 738 301 553 108 664 130 747 151 556 55 235 944 444 571 482 14 926 39 1000 430 867 422 535 6 425 265 112 504 373 620 409 336 450 404 837 902 893 46 348 163 961 828 146 733 181 279 937 100 263 957 173 737 785 989 821 899 142 651 736 481 938 790 494 403 564 585 689 283 402 176 684 218 126 726 326 735 72 398 931 219 445 311 576 687 192 705 570 927 787 829 375 168 561 608 244 28 943 537 197 280 268 593 57 289 27 136 624 346 744 591 380 324 118 972 184 509 242 316 584 838 416 295 531 354 95 480 37 15 51 948 456 615 8 303 974 315 630 62 782 986 973 835 129 754 873 682 843 844 428 117 278 643 586 984 878 350 164 155 83 240 286 750 560 678 19 852 370 905 65 544 448 285 473 729 796 59 507 43 496 751 513 109 712 156 672 777 960 87 97 932 492 709 160 338 220 996 616 888 124 166 870 985 988 500 987 671 458 432 720 399 725 826 765 485 646 920 581 803 495 135 44 685 766 330 25 224 369 922 619 103 600 433 567 206 703 407 351 757 648 230 349 490 223 945 532 438 831 933 47 983 512 856 367 760 599 470 993 788 1 695 519 463 618 609 628 110 52 552 539 133 656 9 137 271 308 793 847 114 12 929 704 716 476 529 213 951 106 919 84 542 858 582 376 959 75 36 385 270 304 174 525 391 79 300 880 654 601 771 978 150 997 767 688 589 64 13 318 238 877 329 911 693 226 547 274 333 273 424 34 169 818 825 484 177 991 605 798 5 942 426 272 143 813 994 839 489 474 861 277 617 116 145 2 822 483 799 863 967 520 639 209 632 555 530 680 758 597 451 820 506 934 171 794 77 468 891 827 909 871 848 210 841 89 916 982 462 207 807 971 502 546 921 883 153 659 253 66 363 634 198 120 860 876 382 627 298 180 655 774 633 361 159 667 250 541 573 88 980 907 692 901 467 592 256 569 517 739 85 928 4 182 418 115 297 464 923 864 461 521 394 282 229 353 623 998 629 457 231 975 154 976 917 314 125 786 41 676 435 61 992 882 152 526 499 673 38 775 965 251 964 806 565 436 327 387 701 789 73 968 96 442 94 614 239 248 622 953 420 400 721 71 487 362 762 434 310 384 814 842 287 755 249 167 792 491 645 885 187 101 191 20 264 697 148 469 538 372 637 269 674 872 698 478 98 534 423 165 233 56 377 707 440 763 851 594 663 344 811 139 175 392 743 63 866 524 884 196 823 309 505 486 132 642 237 908 575 204 903 683 427 449 904 147 947 691 577 977 30 745 322 134 669 969 42 781 890 460 138 328 227 930 421 631 999 
814 805 359 162 881 211 111 54 332 590 91 26 568 232 708 706 183 610 454 292 894 557 306 340 533 234 119 33 170 185 924 724 875 652 734 323 514 157 396 543 281 817 952 259 638 158 498 613 753 246 749 186 906 419 405 49 970 940 769 93 190 199 740 797 714 528 357 23 779 178 900 188 408 472 583 748 897 963 950 379 401 452 738 301 553 108 664 130 747 151 556 55 235 944 444 571 482 14 926 39 1000 430 867 422 535 6 425 265 112 504 373 620 409 336 450 404 837 902 893 46 348 163 961 828 146 733 181 279 937 100 263 957 173 737 785 989 821 899 142 651 736 481 938 790 494 403 564 585 689 283 402 176 684 218 126 726 326 735 72 398 931 219 445 311 576 687 192 705 570 927 787 829 375 168 561 608 244 28 943 537 197 280 268 593 57 289 27 136 624 346 744 591 380 324 118 972 184 509 242 316 584 838 416 295 531 354 95 480 37 15 51 948 456 615 8 303 974 315 630 62 782 986 973 835 129 754 873 682 843 844 428 117 278 643 586 984 878 350 164 155 83 240 286 750 560 678 19 852 370 905 65 544 448 285 473 729 796 59 507 43 496 751 513 109 712 156 672 777 960 87 97 932 492 709 160 338 220 996 616 888 124 166 870 985 988 500 987 671 458 432 720 399 725 826 765 485 646 920 581 803 495 135 44 685 766 330 25 224 369 922 619 103 600 433 567 206 703 407 351 757 648 230 349 490 223 945 532 438 831 933 47 983 512 856 367 760 599 470 993 788 1 695 519 463 618 609 628 110 52 552 539 133 656 9 137 271 308 793 847 114 12 929 704 716 476 529 213 951 106 919 84 542 858 582 376 959 75 36 385 270 304 174 525 391 79 300 880 654 601 771 978 150 997 767 688 589 64 13 318 238 877 329 911 693 226 547 274 333 273 424 34 169 818 825 484 177 991 605 798 5 942 426 272 143 813 994 839 489 474 861 277 617 116 145 2 822 483 799 863 967 520 639 209 632 555 530 680 758 597 451 820 506 934 171 794 77 468 891 827 909 871 848 210 841 89 916 982 462 207 807 971 502 546 921 883 153 659 253 66 363 634 198 120 860 876 382 627 298 180 655 774 633 361 159 667 250 541 573 88 980 907 692 901 467 592 256 569 517 739 85 928 4 182 418 115 297 464 923 864 461 521 394 282 229 353 623 998 629 457 231 975 154 976 917 314 125 786 41 676 435 61 992 882 152 526 499 673 38 775 965 251 964 806 565 436 327 387 701 789 73 968 96 442 94 614 239 248 622 953 420 400 721 71 487 362 762 434 310 384 814 842 287 755 249 167 792 491 645 885 187 101 191 20 264 697 148 469 538 372 637 269 674 872 698 478 98 534 423 165 233 56 377 707 440 763 851 594 663 344 811 139 175 392 743 63 866 524 884 196 823 309 505 486 132 642 237 908 575 204 903 683 427 449 904 147 947 691 577 977 30 745 322 134 669 969 42 781 890 460 138 328 227 930 421 631 999 621 658 3 358 939 179 352 675 580 200 58 772 368 411 962 86 364 386 123 412 216 194 140 313 816 203 955 415 518 92 742 319 784 69 563 414 690 715 606 641 795 99 296 855 636 388 853 355 471 45 578 910 225 650 874 768 812 653 949 501 262 832 956 503 764 810 859 365 515 966 854 846 773 247 554 341 702 635 730 81 912 317 67 441 711 801 865 611 710 144 74 562 113 378 752 104 321 849 307 666 453 723 815 217 780 551 343 337 446 596 374 548 397 604 670 50 574 511 102 946 417 40 662 886 78 360 255 107 447 808 339 276 759 981 649 979 302 732 202 941 783 429 347 68 299 10 717 127 850 
659 914 228 53 746 32 267 819 35 201 105 466 437 824 465 479 626 390 699 805 359 162 881 211 111 54 332 590 91 26 568 232 708 706 183 610 454 292 894 557 306 340 533 234 119 33 170 185 924 724 875 652 734 323 514 157 396 543 281 817 952 259 638 158 498 613 753 246 749 186 906 419 405 49 970 940 769 93 190 199 740 797 714 528 357 23 779 178 900 188 408 472 583 748 897 963 950 379 401 452 738 301 553 108 664 130 747 151 556 55 235 944 444 571 482 14 926 39 1000 430 867 422 535 6 425 265 112 504 373 620 409 336 450 404 837 902 893 46 348 163 961 828 146 733 181 279 937 100 263 957 173 737 785 989 821 899 142 651 736 481 938 790 494 403 564 585 689 283 402 176 684 218 126 726 326 735 72 398 931 219 445 311 576 687 192 705 570 927 787 829 375 168 561 608 244 28 943 537 197 280 268 593 57 289 27 136 624 346 744 591 380 324 118 972 184 509 242 316 584 838 416 295 531 354 95 480 37 15 51 948 456 615 8 303 974 315 630 62 782 986 973 835 129 754 873 682 843 844 428 117 278 643 586 984 878 350 164 155 83 240 286 750 560 678 19 852 370 905 65 544 448 285 473 729 796 59 507 43 496 751 513 109 712 156 672 777 960 87 97 932 492 709 160 338 220 996 616 888 124 166 870 985 988 500 987 671 458 432 720 399 725 826 765 485 646 920 581 803 495 135 44 685 766 330 25 224 369 922 619 103 600 433 567 206 703 407 351 757 648 230 349 490 223 945 532 438 831 933 47 983 512 856 367 760 599 470 993 788 1 695 519 463 618 609 628 110 52 552 539 133 656 9 137 271 308 793 847 114 12 929 704 716 476 529 213 951 106 919 84 542 858 582 376 959 75 36 385 270 304 174 525 391 79 300 880 654 601 771 978 150 997 767 688 589 64 13 318 238 877 329 911 693 226 547 274 333 273 424 34 169 818 825 484 177 991 605 798 5 942 426 272 143 813 994 839 489 474 861 277 617 116 145 2 822 483 799 863 967 520 639 209 632 555 530 680 758 597 451 820 506 934 171 794 77 468 891 827 909 871 848 210 841 89 916 982 462 207 807 971 502 546 921 883 153 659 253 66 363 634 198 120 860 876 382 627 298 180 655 774 633 361 159 667 250 541 573 88 980 907 692 901 467 592 256 569 517 739 85 928 4 182 418 115 297 464 923 864 461 521 394 282 229 353 623 998 629 457 231 975 154 976 917 314 125 786 41 676 435 61 992 882 152 526 499 673 38 775 965 251 964 806 565 436 327 387 701 789 73 968 96 442 94 614 239 248 622 953 420 400 721 71 487 362 762 434 310 384 814 842 287 755 249 167 792 491 645 885 187 101 191 20 264 697 148 469 538 372 637 269 674 872 698 478 98 534 423 165 233 56 377 707 440 763 851 594 663 344 811 139 175 392 743 63 866 524 884 196 823 309 505 486 132 642 237 908 575 204 903 683 427 
894 954 11 121 718 172 915 778 935 756 558 389 24 990 356 497 625 410 896 293 149 459 245 809 700 475 22 559 439 122 128 236 679 892 31 260 540 516 995 660 16 862 76 612 488 836 141 665 195 493 522 60 208 722 291 18 914 228 53 746 32 267 819 35 201 105 466 437 824 465 479 626 390 699 805 359 162 881 211 111 54 332 590 91 26 568 232 708 706 183 610 454 292 894 557 306 340 533 234 119 33 170 185 924 724 875 652 734 323 514 157 396 543 281 817 952 259 638 158 498 613 753 246 749 186 906 419 405 49 970 940 769 93 190 199 740 797 714 528 357 23 779 178 900 188 408 472 583 748 897 963 950 379 401 452 738 301 553 108 664 130 747 151 556 55 235 944 444 571 482 14 926 39 1000 430 867 422 535 6 425 265 112 504 373 620 409 336 450 404 837 902 893 46 348 163 961 828 146 733 181 279 937 100 263 957 173 737 785 989 821 899 142 651 736 481 938 790 494 403 564 585 689 283 402 176 684 218 126 726 326 735 72 398 931 219 445 311 576 687 192 705 570 927 787 829 375 168 561 608 244 28 943 537 197 280 268 593 57 289 27 136 624 346 744 591 380 324 118 972 184 509 242 316 584 838 416 295 531 354 95 480 37 15 51 948 456 615 8 303 974 315 630 62 782 986 973 835 129 754 873 682 843 844 428 117 278 643 586 984 878 350 164 155 83 240 286 750 560 678 19 852 370 905 65 544 448 285 473 729 796 59 507 43 496 751 513 109 712 156 672 777 960 87 97 932 492 709 160 338 220 996 616 888 124 166 870 985 988 500 987 671 458 432 720 399 725 826 765 485 646 920 581 803 495 135 44 685 766 330 25 224 369 922 619 103 600 433 567 206 703 407 351 757 648 230 349 490 223 945 532 438 831 933 47 983 512 856 367 760 599 470 993 788 1 695 519 463 618 609 628 110 52 552 539 133 656 9 137 271 308 793 847 114 12 929 704 716 476 529 213 951 106 919 84 542 858 582 376 959 75 36 385 270 304 174 525 391 79 300 880 654 601 771 978 150 997 767 688 589 64 13 318 238 877 329 911 693 226 547 274 333 273 424 34 169 818 825 484 177 991 605 798 5 942 426 272 143 813 994 839 489 474 861 277 617 116 145 2 822 483 799 863 967 520 639 209 632 555 530 680 758 597 451 820 506 934 171 794 77 468 891 827 909 871 848 210 841 89 916 982 462 207 807 971 502 546 921 883 153 659 253 66 363 634 198 120 860 876 382 627 298 180 655 774 633 361 159 667 250 541 573 88 980 907 692 901 467 592 256 569 517 739 85 928 4 182 418 115 297 464 923 864 461 521 394 282 229 353 623 998 629 457 231 975 154 976 917 314 125 786 41 676 435 61 992 882 152 526 499 673 38 775 965 251 964 806 565 436 327 387 701 789 73 968 96 442 94 614 239 248 622 953 420 400 721 71 487 362 762 434 310 384 814 842 287 755 249 167 792 491 645 885 187 101 191 20 264 697 148 469 538 372 637 269 674 872 698 478 98 534 423 165 233 56 377 707 440 763 851 594 663 344 811 139 175 392 743 63 866 524 884 196 823 309 505 486 132 642 237 908 575 204 903 683 427 449 904 147 947 691 577 977 30 745 322 134 669 969 42 781 890 460 138 328 227 930 421 631 999 621 658 3 358 939 179 352 675 580 200 58 772 368 411 962 86 364 386 123 412 216 194 140 313 816 203 955 415 518 92 742 319 784 69 563 414 690 715 606 641 795 99 296 855 636 388 853 355 471 45 578 910 225 650 874 768 812 653 949 501 262 832 956 503 764 810 859 365 515 966 854 846 773 247 554 341 702 635 730 81 912 317 67 441 711 801 865 611 710 144 74 562 113 378 752 104 321 849 307 666 453 723 815 217 780 551 343 337 446 596 374 548 397 604 670 50 574 511 102 946 417 40 662 886 78 360 255 107 447 808 339 276 759 981 649 979 302 732 202 941 783 429 347 68 299 10 717 127 850 345 258 254 668 70 727 603 
97 387 701 789 73 968 96 442 94 614 239 248 622 953 420 400 721 71 487 362 762 434 310 384 814 842 287 755 249 167 792 491 645 885 187 101 191 20 264 697 148 469 538 372 637 269 674 872 698 478 98 534 423 165 233 56 377 707 440 763 851 594 663 344 811 139 175 392 743 63 866 524 884 196 823 309 505 486 132 642 237 908 575 204 903 683 427 449 904 147 947 691 577 977 30 745 322 134 
811 868 261 335 21 383 954 11 121 718 172 915 778 935 756 558 389 24 990 356 497 625 410 896 293 149 459 245 809 700 475 22 559 439 122 128 236 679 892 31 260 540 516 995 660 16 862 76 612 488 836 141 665 195 493 522 60 208 722 291 18 914 228 53 746 32 267 819 35 201 105 466 437 824 465 479 626 390 699 805 359 162 881 211 111 54 332 590 91 26 568 232 708 706 183 610 454 292 894 557 306 340 533 234 119 33 170 185 924 724 875 652 734 323 514 157 396 543 281 817 952 259 638 158 498 613 753 246 749 186 906 419 405 49 970 940 769 93 190 199 740 797 714 528 357 23 779 178 900 188 408 472 583 748 897 963 950 379 401 452 738 301 553 108 664 130 747 151 556 55 235 944 444 571 482 14 926 39 1000 430 867 422 535 6 425 265 112 504 373 620 409 336 450 404 837 902 893 46 348 163 961 828 146 733 181 279 937 100 263 957 173 737 785 989 821 899 142 651 736 481 938 790 494 403 564 585 689 283 402 176 684 218 126 726 326 735 72 398 931 219 445 311 576 687 192 705 570 927 787 829 375 168 561 608 244 28 943 537 197 280 268 593 57 289 27 136 624 346 744 591 380 324 118 972 184 509 242 316 584 838 416 295 531 354 95 480 37 15 51 948 456 615 8 303 974 315 630 62 782 986 973 835 129 754 873 682 843 844 428 117 278 643 586 984 878 350 164 155 83 240 286 750 560 678 19 852 370 905 65 544 448 285 473 729 796 59 507 43 496 751 513 109 712 156 672 777 960 87 97 932 492 709 160 338 220 996 616 888 124 166 870 985 988 500 987 671 458 432 720 399 725 826 765 485 646 920 581 803 495 135 44 685 766 330 25 224 369 922 619 103 600 433 567 206 703 407 351 757 648 230 349 490 223 945 532 438 831 933 47 983 512 856 367 760 599 470 993 788 1 695 519 463 618 609 628 110 52 552 539 133 656 9 137 271 308 793 847 114 12 929 704 716 476 529 213 951 106 919 84 542 858 582 376 959 75 36 385 270 304 174 525 391 79 300 880 654 601 771 978 150 997 767 688 589 64 13 318 238 877 329 911 693 226 547 274 333 273 424 34 169 818 825 484 177 991 605 798 5 942 426 272 143 813 994 839 489 474 861 277 617 116 145 2 822 483 799 863 967 520 639 209 632 555 530 680 758 597 451 820 506 934 171 794 77 468 891 827 909 871 848 210 841 89 916 982 462 207 807 971 502 546 921 883 153 659 253 66 363 634 198 120 860 876 382 627 298 180 655 774 633 361 159 667 250 541 573 88 980 907 692 901 467 592 256 569 517 739 85 928 4 182 418 115 297 464 923 864 461 521 394 282 229 353 623 998 629 457 231 975 154 976 917 314 125 786 41 676 435 61 992 882 152 526 499 673 38 775 965 251 964 806 565 436 327 387 701 789 73 968 96 442 94 614 239 248 622 953 420 400 721 71 487 362 762 434 310 384 814 842 287 755 249 167 792 491 645 885 187 101 191 20 264 697 148 469 538 372 637 269 674 872 698 478 98 534 423 165 233 56 377 707 440 763 851 594 663 344 811 139 175 392 743 63 866 524 884 196 823 309 505 486 132 642 237 908 575 204 903 683 427 449 904 147 947 691 577 977 30 745 322 134 669 969 42 781 890 460 138 328 227 930 421 631 999 621 658 3 358 939 179 352 675 580 200 58 772 368 411 962 86 364 386 123 412 216 194 140 313 816 203 955 415 518 92 742 319 784 69 563 414 690 715 606 641 795 99 296 855 636 388 853 355 471 45 578 910 225 650 874 768 812 653 949 501 262 832 956 503 764 810 859 365 
287 267 819 35 201 105 466 437 824 465 479 626 390 699 805 359 162 881 211 111 54 332 590 91 26 568 232 708 706 183 610 454 292 894 557 306 340 533 234 119 33 170 185 924 724 875 652 734 323 514 157 396 543 281 817 952 259 638 158 498 613 753 246 749 186 906 419 405 49 970 940 769 93 190 199 740 797 714 528 357 23 779 178 900 188 408 472 583 748 897 963 950 379 401 452 738 301 553 108 664 130 747 151 556 55 235 944 444 571 482 14 926 39 1000 430 867 422 535 6 425 265 112 504 373 620 409 336 450 404 837 902 893 46 348 163 961 828 146 733 181 279 937 100 263 957 173 737 785 989 821 899 142 651 736 481 938 790 494 403 564 585 689 283 402 176 684 218 126 726 326 735 72 398 931 219 445 311 576 687 192 705 570 927 787 829 375 168 561 608 244 28 943 537 197 280 268 593 57 289 27 136 624 346 744 591 380 324 118 972 184 509 242 316 584 838 416 295 531 354 95 480 37 15 51 948 456 615 8 303 974 315 630 62 782 986 973 835 129 754 873 682 843 844 428 117 278 643 586 984 878 350 164 155 83 240 286 750 560 678 19 852 370 905 65 544 448 285 473 729 796 59 507 43 496 751 513 109 712 156 672 777 960 87 97 932 492 709 160 
163 725 826 765 485 646 920 581 803 495 135 44 685 766 330 25 224 369 922 619 103 600 433 567 206 703 407 351 757 648 230 349 490 223 945 532 438 831 933 47 983 512 856 367 760 599 470 993 788 1 695 519 463 618 609 628 110 52 552 539 133 656 9 137 271 308 793 847 114 12 929 704 716 476 529 213 951 106 919 84 542 858 582 376 959 75 36 385 270 304 174 525 391 79 300 880 654 601 771 978 150 997 767 688 589 64 13 318 238 877 329 911 693 226 547 274 333 273 424 34 169 818 825 484 177 991 605 798 5 942 426 272 143 813 994 839 489 474 861 277 617 116 145 2 822 483 799 863 967 520 639 209 632 555 530 680 758 597 451 820 506 934 171 794 
663 26 568 232 708 706 183 610 454 292 894 557 306 340 533 234 119 33 170 185 924 724 875 652 734 323 514 157 396 543 281 817 952 259 638 158 498 613 753 246 749 186 906 419 405 49 970 940 769 93 190 199 740 797 714 528 357 23 779 178 900 188 408 472 583 748 897 963 950 379 401 452 738 301 553 108 664 130 747 151 556 55 235 944 444 571 482 14 926 39 1000 430 867 422 535 6 425 265 112 504 373 620 409 336 450 404 837 902 893 46 348 163 961 828 146 733 181 279 937 100 263 957 173 737 785 989 821 899 142 651 736 481 938 790 494 403 564 585 689 283 402 176 684 218 126 726 326 735 72 398 931 219 445 311 576 687 192 705 570 927 787 829 375 168 561 608 244 28 943 537 197 280 268 593 57 289 27 136 624 346 744 591 380 324 118 972 184 509 242 316 584 838 416 295 531 354 95 480 37 15 51 948 456 615 8 303 974 315 630 62 782 986 973 835 129 754 873 682 843 844 428 117 278 643 586 984 878 350 164 155 83 240 286 750 560 678 19 852 370 905 65 544 448 285 473 729 796 59 507 43 496 751 513 109 712 156 672 777 960 87 97 932 492 709 160 338 220 996 616 888 124 166 870 985 988 500 987 671 458 432 720 399 725 826 765 485 646 920 581 803 495 135 44 685 766 330 25 224 369 922 619 103 600 433 567 206 703 407 351 757 648 230 349 490 223 945 532 438 831 933 47 983 512 856 367 760 599 470 993 788 1 695 519 463 618 609 628 110 52 552 539 133 656 9 137 271 308 793 847 114 12 929 704 716 476 529 213 951 106 919 84 542 858 582 376 959 75 36 385 270 304 174 525 391 79 300 880 654 601 771 978 150 997 767 688 589 64 13 318 238 877 329 911 693 226 547 274 333 273 424 34 169 818 825 484 177 991 605 798 5 942 426 272 143 813 994 839 489 474 861 277 617 116 145 2 822 483 799 863 967 520 639 209 632 555 530 680 758 597 451 820 506 934 171 794 77 468 891 827 909 871 848 210 841 89 916 982 462 207 807 971 502 546 921 883 153 659 253 66 363 634 198 120 860 876 382 627 298 180 655 774 633 361 159 667 250 541 573 88 980 907 692 901 467 592 256 569 517 739 85 928 4 182 418 115 297 464 923 864 461 521 394 282 229 353 623 998 629 457 231 975 154 976 917 314 125 786 41 676 435 61 992 882 152 526 499 673 38 775 965 251 964 806 565 436 327 387 701 789 73 968 96 442 94 614 239 248 622 953 420 400 721 71 487 362 762 434 310 384 814 842 287 755 249 167 792 491 645 885 187 101 191 20 264 697 148 469 538 372 637 269 674 872 698 478 98 534 423 165 233 56 377 707 440 763 851 594 663 344 811 139 175 392 743 63 866 524 884 196 823 309 505 486 132 642 237 908 575 204 903 683 427 449 904 147 947 691 577 977 30 745 322 134 669 969 42 781 890 460 138 328 227 930 421 631 999 621 658 3 358 939 179 352 675 
764 833 257 657 17 325 598 527 161 925 80 294 266 918 566 686 936 889 305 868 261 335 21 383 954 11 121 718 172 915 778 935 756 558 389 24 990 356 497 625 410 896 293 149 459 245 809 700 475 22 559 439 122 128 236 679 892 31 260 540 516 995 660 16 862 76 612 488 836 141 665 195 493 522 60 208 722 291 18 914 228 53 746 32 267 819 35 201 105 466 437 824 465 479 626 390 699 805 359 162 881 211 111 54 332 590 91 26 568 232 708 706 183 610 454 292 894 557 306 340 533 234 119 33 170 185 924 724 875 652 734 323 514 157 396 543 281 817 952 259 638 158 498 613 753 246 749 186 906 419 405 49 970 940 769 93 190 199 740 797 714 528 357 23 779 178 900 188 408 472 583 748 897 963 950 379 401 452 738 301 553 108 664 130 747 151 556 55 235 944 444 571 482 14 926 39 1000 430 867 422 535 6 425 265 112 504 373 620 409 336 450 404 837 902 893 46 348 163 961 828 146 733 181 279 937 100 263 957 173 737 785 989 821 899 142 651 736 481 938 790 494 403 564 585 689 283 402 176 684 218 126 726 326 735 72 398 931 219 445 311 576 687 192 705 570 927 787 829 375 168 561 608 244 28 943 537 197 280 268 593 57 289 27 136 624 346 744 591 380 324 118 972 184 509 242 316 584 838 416 295 531 354 95 480 37 15 51 948 456 615 8 303 974 315 630 62 782 986 973 835 129 754 873 682 843 844 428 117 278 643 586 984 878 350 164 155 83 240 286 750 560 678 19 852 370 905 65 544 448 285 473 729 796 59 507 43 496 751 513 109 712 156 672 777 960 87 97 932 492 709 160 338 220 996 616 888 124 166 870 985 988 500 987 671 458 432 720 399 725 826 765 485 646 920 581 803 495 135 44 685 766 330 25 224 369 922 619 103 600 433 567 206 703 407 351 757 648 230 349 490 223 945 532 438 831 933 47 983 512 856 367 760 599 470 993 788 1 695 519 463 618 609 628 110 52 552 539 133 656 9 137 271 308 793 847 114 12 929 704 716 476 529 213 951 106 919 84 542 858 582 376 959 75 36 385 270 304 174 525 391 79 300 880 654 601 771 978 150 997 767 688 589 64 13 318 238 877 329 911 693 226 547 274 333 273 424 34 169 818 825 484 177 991 605 798 5 942 426 272 143 813 994 839 489 474 861 277 617 116 145 2 822 483 799 863 967 520 639 209 632 555 530 680 758 597 451 820 506 934 171 794 77 468 891 827 909 871 848 210 841 89 916 982 462 207 807 971 502 546 921 883 153 659 253 66 363 634 198 120 860 876 382 627 298 180 655 774 633 361 159 667 250 541 573 88 980 907 692 901 467 592 256 569 517 739 85 928 4 182 418 115 297 464 923 864 461 521 394 282 229 353 623 998 629 457 231 975 154 976 917 314 125 786 41 676 435 61 992 882 152 526 499 673 38 775 965 251 964 806 565 436 327 387 701 789 73 968 96 442 94 614 239 248 622 953 420 400 721 71 487 362 762 434 310 384 814 842 287 755 249 167 792 491 645 885 187 101 191 20 264 697 148 469 538 372 637 269 674 872 698 478 98 534 423 165 233 56 377 707 440 763 851 594 663 344 811 139 175 392 743 63 866 524 884 196 823 309 505 486 132 642 237 908 575 204 903 683 427 449 904 147 947 691 577 977 30 745 322 134 669 969 42 781 890 460 138 328 227 930 421 631 999 621 658 3 
318 55 235 944 444 571 482 14 926 39 1000 430 867 422 535 6 425 265 112 504 373 620 409 336 450 404 837 902 893 46 348 163 961 828 146 733 181 279 937 100 263 957 173 737 785 989 821 899 142 651 736 481 938 790 494 403 564 585 689 283 402 176 684 218 126 726 326 735 72 398 931 219 445 311 576 687 192 705 570 927 787 829 375 168 561 608 244 28 943 537 197 280 268 593 57 289 27 136 624 346 744 591 380 324 118 972 184 509 242 316 584 838 416 295 531 354 95 480 37 15 51 948 456 615 8 303 974 315 630 62 782 986 973 835 129 754 873 682 843 844 428 117 278 643 586 984 878 350 164 155 83 240 286 750 560 678 19 852 370 905 65 544 448 285 473 729 796 59 507 43 496 751 513 109 712 156 672 777 960 87 97 932 492 709 160 338 220 996 616 888 124 166 870 985 988 500 987 671 458 432 720 399 725 826 765 485 646 920 581 803 495 135 44 685 766 330 25 224 369 922 619 103 600 433 567 206 703 407 351 757 648 230 349 490 223 945 532 438 831 933 47 983 512 856 367 760 599 470 993 788 1 695 519 463 618 609 628 110 52 552 539 133 656 9 137 271 308 793 847 114 12 929 704 716 476 529 213 951 106 919 84 542 858 582 376 959 75 36 385 270 304 174 525 391 79 300 880 654 601 771 978 150 997 767 688 589 64 13 318 238 877 329 911 693 226 547 274 333 273 
100 268 593 57 289 27 136 624 346 744 591 380 324 118 972 184 509 242 316 584 838 416 295 531 354 95 480 37 15 51 948 456 615 8 303 974 315 630 62 782 986 973 835 129 754 873 682 843 844 428 117 278 643 586 984 878 350 164 155 83 240 286 750 560 678 19 852 370 905 65 544 448 285 473 729 796 59 507 43 496 751 513 109 712 156 672 777 960 87 97 932 492 709 160 338 220 996 616 888 124 166 
65 316 584 838 416 295 531 354 95 480 37 15 51 948 456 615 8 303 974 315 630 62 782 986 973 835 129 754 873 682 843 844 428 117 278 643 586 984 878 350 164 155 83 240 286 750 560 678 19 852 370 905 65 544 448 285 473 729 796 59 507 43 496 751 513 109 
609 700 475 22 559 439 122 128 236 679 892 31 260 540 516 995 660 16 862 76 612 488 836 141 665 195 493 522 60 208 722 291 18 914 228 53 746 32 267 819 35 201 105 466 437 824 465 479 626 390 699 805 359 162 881 211 111 54 332 590 91 26 568 232 708 706 183 610 454 292 894 557 306 340 533 234 119 33 170 185 924 724 875 652 734 323 514 157 396 543 281 817 952 259 638 158 498 613 753 246 749 186 906 419 405 49 970 940 769 93 190 199 740 797 714 528 357 23 779 178 900 188 408 472 583 748 897 963 950 379 401 452 738 301 553 108 664 130 747 151 556 55 235 944 444 571 482 14 926 39 1000 430 867 422 535 6 425 265 112 504 373 620 409 336 450 404 837 902 893 46 348 163 961 828 146 733 181 279 937 100 263 957 173 737 785 989 821 899 142 651 736 481 938 790 494 403 564 585 689 283 402 176 684 218 126 726 326 735 72 398 931 219 445 311 576 687 192 705 570 927 787 829 375 168 561 608 244 28 943 537 197 280 268 593 57 289 27 136 624 346 744 591 380 324 118 972 184 509 242 316 584 838 416 295 531 354 95 480 37 15 51 948 456 615 8 303 974 315 630 62 782 986 973 835 129 754 873 682 843 844 428 117 278 643 586 984 878 350 164 155 83 240 286 750 560 678 19 852 370 905 65 544 448 285 473 729 796 59 507 43 496 751 513 109 712 156 672 777 960 87 97 932 492 709 160 338 220 996 616 888 124 166 870 985 988 500 987 671 458 432 720 399 725 826 765 485 646 920 581 803 495 135 44 685 766 330 25 224 369 922 619 103 600 433 567 206 703 407 351 757 648 230 349 490 223 945 532 438 831 933 47 983 512 856 367 760 599 470 993 788 1 695 519 463 618 609 628 110 52 552 539 133 656 9 137 271 308 793 847 114 12 929 704 716 476 529 213 951 106 919 84 542 858 582 376 959 75 36 385 270 304 174 525 391 79 300 880 654 601 771 978 150 997 767 688 589 64 13 318 238 877 329 911 693 226 547 274 333 273 424 34 169 818 825 484 177 991 605 798 5 942 426 272 143 813 994 839 489 474 861 277 617 116 145 2 822 483 799 863 967 520 639 209 632 555 530 680 758 597 451 820 506 934 171 794 77 468 891 827 909 871 848 210 841 89 916 982 462 207 807 971 502 546 921 883 153 659 253 66 363 634 198 120 860 876 382 627 298 180 655 774 633 361 159 667 250 541 573 88 980 907 692 901 467 592 256 569 517 739 85 928 4 182 418 115 297 464 923 864 461 521 394 282 229 353 623 998 629 457 231 975 154 976 917 314 125 786 41 676 435 61 992 882 152 526 499 673 38 775 965 251 964 806 565 436 327 387 701 789 73 
747 889 305 868 261 335 21 383 954 11 121 718 172 915 778 935 756 558 389 24 990 356 497 625 410 896 293 149 459 245 809 700 475 22 559 439 122 128 236 679 892 31 260 540 516 995 660 16 862 76 612 488 836 141 665 195 493 522 60 208 722 291 18 914 228 53 746 32 267 819 35 201 105 466 437 824 465 479 626 390 699 805 359 162 881 211 111 54 332 590 91 26 568 232 708 706 183 610 454 292 894 557 306 340 533 234 119 33 170 185 924 724 875 652 734 323 514 157 396 543 281 817 952 259 638 158 498 613 753 246 749 186 906 419 405 49 970 940 769 93 190 199 740 797 714 528 357 23 779 178 900 188 408 472 583 748 897 963 950 379 401 452 738 301 553 108 664 130 747 151 556 55 235 944 444 571 482 14 926 39 1000 430 867 422 535 6 425 265 112 504 373 620 409 336 450 404 837 902 893 46 348 163 961 828 146 733 181 279 937 100 263 957 173 737 785 989 821 899 142 651 736 481 938 790 494 403 564 585 689 283 402 176 684 218 126 726 326 735 72 398 931 219 445 311 576 687 192 705 570 927 787 829 375 168 561 608 244 28 943 537 197 280 268 593 57 289 27 136 624 346 744 591 380 324 118 972 184 509 242 316 584 838 416 295 531 354 95 480 37 15 51 948 456 615 8 303 974 315 630 62 782 986 973 835 129 754 873 682 843 844 428 117 278 643 586 984 878 350 164 155 83 240 286 750 560 678 19 852 370 905 65 544 448 285 473 729 796 59 507 43 496 751 513 109 712 156 672 777 960 87 97 932 492 709 160 338 220 996 616 888 124 166 870 985 988 500 987 671 458 432 720 399 725 826 765 485 646 920 581 803 495 135 44 685 766 330 25 224 369 922 619 103 600 433 567 206 703 407 351 757 648 230 349 490 223 945 532 438 831 933 47 983 512 856 367 760 599 470 993 788 1 695 519 463 618 609 628 110 52 552 539 133 656 9 137 271 308 793 847 114 12 929 704 716 476 529 213 951 106 919 84 542 858 582 376 959 75 36 385 270 304 174 525 391 79 300 880 654 601 771 978 150 997 767 688 589 64 13 318 238 877 329 911 693 226 547 274 333 273 424 34 169 818 825 484 177 991 605 798 5 942 426 272 143 813 994 839 489 474 861 277 617 116 145 2 822 483 799 863 967 520 639 209 632 555 530 680 758 597 451 820 506 934 171 794 77 468 891 827 909 871 848 210 841 89 916 982 462 207 807 971 502 546 921 883 153 659 253 66 363 634 198 120 860 876 382 627 298 180 655 774 633 361 159 667 250 541 573 88 980 907 692 901 467 592 256 569 517 739 85 928 4 182 418 115 297 464 923 864 461 521 394 282 229 353 623 998 629 457 231 975 154 976 917 314 125 786 41 676 435 61 992 882 152 526 499 673 38 775 965 251 964 806 565 436 327 387 701 789 73 968 96 442 94 614 239 248 622 953 420 400 721 71 487 362 762 434 310 384 814 842 287 755 249 167 792 491 645 885 187 101 191 20 264 697 148 469 538 372 637 269 674 872 698 478 98 534 423 165 233 56 377 707 440 763 851 594 663 344 811 139 175 392 743 63 866 524 884 196 823 309 505 486 132 642 237 908 575 204 903 683 427 449 904 147 947 691 577 977 30 745 322 134 669 969 42 781 890 460 138 328 227 930 421 631 999 621 658 
43 809 700 475 22 559 439 122 128 236 679 892 31 260 540 516 995 660 16 862 76 612 488 836 141 665 195 493 522 60 208 722 291 18 914 228 53 746 32 267 819 35 201 105 
278 870 985 988 500 987 671 458 432 720 399 725 826 765 485 646 920 581 803 495 135 44 685 766 330 25 224 369 922 619 103 600 433 567 206 703 407 351 757 648 230 349 490 223 945 532 438 831 933 47 983 512 856 367 760 599 470 993 788 1 695 519 463 618 609 628 110 52 552 539 133 656 9 137 271 308 793 847 114 12 929 704 716 476 529 213 951 106 919 84 542 858 582 376 959 75 36 385 270 304 174 525 391 79 300 880 654 601 771 978 150 997 767 688 589 64 13 318 238 877 329 911 693 226 547 274 333 273 424 34 169 818 825 484 177 991 605 798 5 942 426 272 143 813 994 839 489 474 861 277 617 116 145 2 822 483 799 863 967 520 639 209 632 555 530 680 758 597 451 820 506 934 171 794 77 468 891 827 909 871 848 210 841 89 916 982 462 207 807 971 502 546 921 883 153 659 253 66 363 634 198 120 860 876 382 627 298 180 655 774 633 361 159 667 250 541 573 88 980 907 692 901 467 592 256 569 517 739 85 928 4 182 418 115 297 464 923 864 461 521 394 282 229 353 623 998 629 457 231 975 154 976 917 314 125 786 41 676 435 61 992 882 152 526 499 673 38 775 965 251 964 806 565 436 327 387 701 789 73 
287 718 172 915 778 935 756 558 389 24 990 356 497 625 410 896 293 149 459 245 809 700 475 22 559 439 122 128 236 679 892 31 260 540 516 995 660 16 862 76 612 488 836 141 665 195 493 522 60 208 722 291 18 914 228 53 746 32 267 819 35 201 105 466 437 824 465 479 626 390 699 805 359 162 881 211 111 54 332 590 91 26 568 232 708 706 183 610 454 292 894 557 306 340 533 234 119 33 170 185 924 724 875 652 734 323 514 157 396 543 281 817 952 259 638 158 498 613 753 246 749 186 906 419 405 49 970 940 769 93 190 199 740 797 714 528 357 23 779 178 900 188 408 472 583 748 897 963 950 379 401 452 738 301 553 108 664 130 747 151 556 55 235 944 444 571 482 14 926 39 1000 430 867 422 535 6 425 265 112 504 373 620 409 336 450 404 837 902 893 46 348 163 961 828 146 733 181 279 937 100 263 957 173 737 785 989 821 899 142 651 736 481 938 790 494 403 564 585 689 283 402 176 684 218 126 726 326 735 72 398 931 219 445 311 576 687 192 705 570 927 787 829 375 168 561 608 244 28 943 537 197 280 268 593 57 289 27 136 624 346 744 591 380 324 118 972 184 509 242 316 584 838 416 295 531 354 95 480 37 15 51 948 456 615 8 303 974 315 
768 477 887 508 770 252 644 189 90 549 719 395 406 696 579 661 193 7 455 366 320 845 958 834 443 371 840 804 221 342 290 212 802 791 607 741 572 82 602 677 640 731 595 776 550 857 312 545 131 898 29 243 413 48 241 284 728 510 222 431 681 536 393 694 869 587 713 647 275 833 257 657 17 325 598 527 161 925 80 294 266 918 566 686 936 889 305 868 261 335 21 383 954 11 121 718 172 915 778 935 756 558 389 24 990 356 497 625 410 896 293 149 459 245 809 700 475 22 559 439 122 128 236 679 892 31 260 540 516 995 660 16 862 76 612 488 836 141 665 195 493 522 60 208 722 291 18 914 228 53 746 32 267 819 35 201 105 466 437 824 465 479 626 390 699 805 359 162 881 211 111 54 332 590 91 26 568 232 708 706 183 610 454 292 894 557 306 340 533 234 119 33 170 185 924 724 875 652 734 323 514 157 396 543 281 817 952 259 638 158 498 613 753 246 749 186 906 419 405 49 970 940 769 93 190 199 740 797 714 528 357 23 779 178 900 188 408 472 583 748 897 963 950 379 401 452 738 301 553 108 664 130 747 151 556 55 235 944 444 571 482 14 926 39 1000 430 867 422 535 6 425 265 112 504 373 620 409 336 450 404 837 902 893 46 348 163 961 828 146 733 181 279 937 100 263 957 173 737 785 989 821 899 142 651 736 481 938 790 494 403 564 585 689 283 402 176 684 218 126 726 326 735 72 398 931 219 445 311 576 687 192 705 570 927 787 829 375 168 561 608 244 28 943 537 197 280 268 593 57 289 27 136 624 346 744 591 380 324 118 972 184 509 242 316 584 838 416 295 531 354 95 480 37 15 51 948 456 615 8 303 974 315 630 62 782 986 973 835 129 754 873 682 843 844 428 117 278 643 586 984 878 350 164 155 83 240 286 750 560 678 19 852 370 905 65 544 448 285 473 729 796 59 507 43 496 751 513 109 712 156 672 777 960 87 97 932 492 709 160 338 220 996 616 888 124 166 870 985 988 500 987 671 458 432 720 399 725 826 765 485 646 920 581 803 495 135 44 685 766 330 25 224 369 922 619 103 600 433 567 206 703 407 351 757 648 230 349 490 223 945 532 438 831 933 47 983 512 856 367 760 599 470 993 788 1 695 519 463 618 609 628 110 52 552 539 133 656 9 137 271 308 793 847 114 12 929 704 716 476 529 213 951 106 919 84 542 858 582 376 959 75 36 385 270 304 174 525 391 79 300 880 654 601 771 978 150 997 767 688 589 64 13 318 238 877 329 911 693 226 547 274 333 273 424 34 169 818 825 484 177 991 605 798 5 942 426 272 143 813 994 839 489 474 861 277 617 116 145 2 822 483 799 863 967 520 639 209 632 555 530 680 758 597 451 820 506 934 171 794 77 468 891 827 909 871 848 210 841 89 916 982 462 207 807 971 502 546 921 883 153 659 253 66 363 634 198 120 860 876 382 627 298 180 655 774 633 361 159 667 250 541 573 88 980 907 692 901 467 592 256 569 517 739 85 928 4 182 418 115 297 464 923 864 461 521 394 282 229 353 623 998 629 457 231 975 154 976 917 314 125 786 41 676 435 61 992 882 152 526 499 673 38 775 965 251 964 806 565 436 327 387 701 789 73 968 96 442 94 614 239 248 622 953 420 400 721 71 487 362 762 434 310 384 814 842 287 755 249 167 792 491 645 885 187 101 191 20 264 697 148 469 538 372 637 269 674 872 698 478 
269 273 424 34 169 818 825 484 177 991 605 798 5 942 426 272 143 813 994 839 489 474 861 277 617 116 145 2 822 483 799 863 967 520 639 209 632 555 530 680 758 597 451 820 506 934 171 794 77 468 891 827 909 871 848 210 841 89 916 982 462 207 807 971 502 546 921 883 153 659 253 66 363 634 198 120 860 876 382 627 298 180 655 774 633 361 159 667 250 541 573 88 980 907 692 901 467 592 256 569 517 739 85 928 4 182 418 115 297 464 923 864 461 521 394 282 229 353 623 998 629 457 231 975 154 976 917 314 125 786 41 676 435 61 992 882 152 526 499 673 38 775 965 251 964 806 565 436 327 387 701 789 73 968 96 442 94 614 239 248 622 953 420 400 721 71 487 362 762 434 310 384 814 842 287 755 249 167 792 491 645 885 187 101 191 20 264 697 148 469 538 372 637 269 674 872 698 478 98 534 423 165 233 56 377 707 440 763 851 594 663 344 811 139 175 392 743 63 866 524 884 196 823 309 505 486 132 642 237 908 575 204 903 683 427 449 904 147 947 691 577 977 30 745 322 134 669 969 42 781 890 460 138 328 227 930 421 631 999 621 658 3 358 939 179 352 675 580 200 58 
32 119 33 170 185 924 724 875 652 734 323 514 157 396 543 281 817 952 259 638 158 498 613 753 246 749 186 906 419 405 49 970 940 
412 528 357 23 779 178 900 188 408 472 583 748 897 963 950 379 401 452 738 301 553 108 664 130 747 151 556 55 235 944 444 571 482 14 926 39 1000 430 867 422 535 6 425 265 112 504 373 620 409 336 450 404 837 902 893 46 348 163 961 828 146 733 181 279 937 100 263 957 173 737 785 989 821 899 142 651 736 481 938 790 494 403 564 585 689 283 402 176 684 218 126 726 326 735 72 398 931 219 445 311 576 687 192 705 570 927 787 829 375 168 561 608 244 28 943 537 197 280 268 593 57 289 27 136 624 346 744 591 380 324 118 972 184 509 242 316 584 838 416 295 531 354 95 480 37 15 51 948 456 615 8 303 974 315 630 62 782 986 973 835 129 754 873 682 843 844 428 117 278 643 586 984 878 350 164 155 83 240 286 750 560 678 19 852 370 905 65 544 448 285 473 729 796 59 507 43 496 751 513 109 712 156 672 777 960 87 97 932 492 709 160 338 220 996 616 888 124 166 870 985 988 500 987 671 458 432 720 399 725 826 765 485 646 920 581 803 495 135 44 685 766 330 25 224 369 922 619 103 600 433 567 206 703 407 351 757 648 230 349 490 223 945 532 438 831 933 47 983 512 856 367 760 599 470 993 788 1 695 519 463 618 609 628 110 52 552 539 133 656 9 137 271 308 793 847 114 12 929 704 716 476 529 213 951 106 919 84 542 858 582 376 959 75 36 385 270 304 174 525 391 79 300 880 654 601 771 978 150 997 767 688 589 64 13 318 238 877 329 911 693 226 547 274 333 273 424 34 169 818 825 484 177 991 605 798 5 942 426 272 143 813 994 839 489 474 861 277 617 116 145 2 822 483 799 863 967 520 639 209 632 555 530 680 758 597 451 820 506 934 171 794 77 468 891 827 909 871 848 210 841 89 916 982 462 207 807 971 502 546 921 883 153 659 
793 284 728 510 222 431 681 536 393 694 869 587 713 647 275 833 257 657 17 325 598 527 161 925 80 294 266 918 566 686 936 889 305 868 261 335 21 383 954 11 121 718 172 915 778 935 756 558 389 24 990 356 497 625 410 896 293 149 459 245 809 700 475 22 559 439 122 128 236 679 892 31 260 540 516 995 660 16 862 76 612 488 836 141 665 195 493 522 60 208 722 291 18 914 228 53 746 32 267 819 35 201 105 466 437 824 465 479 626 390 699 805 359 162 881 211 111 54 332 590 91 26 568 232 708 706 183 610 454 292 894 557 306 340 533 234 119 33 170 185 924 724 875 652 734 323 514 157 396 543 281 817 952 259 638 158 498 613 753 246 749 186 906 419 405 49 970 940 769 93 190 199 740 797 714 528 357 23 779 178 900 188 408 472 583 748 897 963 950 379 401 452 738 301 553 108 664 130 747 151 556 55 235 944 444 571 482 14 926 39 1000 430 867 422 535 6 425 265 112 504 373 620 409 336 450 404 837 902 893 46 348 163 961 828 146 733 181 279 937 100 263 957 173 737 785 989 821 899 142 651 736 481 938 790 494 403 564 585 689 283 402 176 684 218 126 726 326 735 72 398 931 219 445 311 576 687 192 705 570 927 787 829 375 168 561 608 244 28 943 537 197 280 268 593 57 289 27 136 624 346 744 591 380 324 118 972 184 509 242 316 584 838 416 295 531 354 95 480 37 15 51 948 456 615 8 303 974 315 630 62 782 986 973 835 129 754 873 682 843 844 428 117 278 643 586 984 878 350 164 155 83 240 286 750 560 678 19 852 370 905 65 544 448 285 473 729 796 59 507 43 496 751 513 109 712 156 672 777 960 87 97 932 492 709 160 338 220 996 616 888 124 166 870 985 988 500 987 671 458 432 720 399 725 826 765 485 646 920 581 803 495 135 44 685 766 330 25 224 369 922 619 103 600 433 567 206 703 407 351 757 648 230 349 490 223 945 532 438 831 933 47 983 512 856 367 760 599 470 993 788 1 695 519 463 618 609 628 110 52 552 539 133 656 9 137 271 308 793 847 114 12 929 704 716 476 529 213 951 106 919 84 542 858 582 376 959 75 36 385 270 304 174 525 391 79 300 880 654 601 771 978 150 997 767 688 589 64 13 318 238 877 329 911 693 226 547 274 333 273 424 34 169 818 825 484 177 991 605 798 5 942 426 272 143 813 994 839 489 474 861 277 617 116 145 2 822 483 799 863 967 520 639 209 632 555 530 680 758 597 451 820 506 934 171 794 77 468 891 827 909 871 848 210 841 89 916 982 462 207 807 971 502 546 921 883 153 659 253 66 363 634 198 120 860 876 382 627 298 180 655 774 633 361 159 667 250 541 573 88 980 907 692 901 467 592 256 569 517 739 85 928 4 182 418 115 297 464 923 864 461 521 394 282 229 353 623 998 629 457 231 975 154 976 917 314 125 786 41 676 435 61 992 882 152 526 499 673 38 775 965 251 964 806 565 436 327 387 701 789 73 968 96 442 94 614 239 248 622 953 420 400 721 71 487 362 762 434 310 384 814 842 287 755 249 167 792 491 645 885 187 101 191 20 264 697 148 469 538 372 637 269 674 872 698 478 98 534 423 165 233 56 377 707 440 763 851 594 663 344 811 139 175 392 743 63 866 524 884 196 823 309 505 486 132 642 237 908 575 204 903 683 427 449 904 147 947 691 577 977 30 745 322 134 669 969 42 781 890 460 138 328 227 930 421 631 999 621 658 3 358 939 179 352 675 580 200 58 772 368 411 962 86 364 386 
724 540 516 995 660 16 862 76 612 488 836 141 665 195 493 522 60 208 722 291 18 914 228 53 746 32 267 819 35 201 105 466 437 824 465 479 626 390 699 805 359 162 881 211 111 54 332 590 91 26 568 232 708 706 183 610 454 292 894 557 306 340 533 234 119 33 170 185 924 724 875 652 734 323 514 157 396 543 281 817 952 259 638 158 498 613 753 246 749 186 906 419 405 49 970 940 769 93 190 199 740 797 714 528 357 23 779 178 900 188 408 472 583 748 897 963 950 379 401 452 738 301 553 108 664 130 747 151 556 55 235 944 444 571 482 14 926 39 1000 430 867 422 535 6 425 265 112 504 373 620 409 336 450 404 837 902 893 46 348 163 961 828 146 733 181 279 937 100 263 957 173 737 785 989 821 899 142 651 736 481 938 790 494 403 564 585 689 283 402 176 684 218 126 726 326 735 72 398 931 219 445 311 576 687 192 705 570 927 787 829 375 168 561 608 244 28 943 537 197 280 268 593 57 289 27 136 624 346 744 591 380 324 118 972 184 509 242 316 584 838 416 295 531 354 95 480 37 15 51 948 456 615 8 303 974 315 630 62 782 986 973 835 129 754 873 682 843 844 428 117 278 643 586 984 878 350 164 155 83 240 286 750 560 678 19 852 370 905 65 544 448 285 473 729 796 59 507 43 496 751 513 109 712 156 672 777 960 87 97 932 492 709 160 338 220 996 616 888 124 166 870 985 988 500 987 671 458 432 720 399 725 826 765 485 646 920 581 803 495 135 44 685 766 330 25 224 369 922 619 103 600 433 567 206 703 407 351 757 648 230 349 490 223 945 532 438 831 933 47 983 512 856 367 760 599 470 993 788 1 695 519 463 618 609 628 110 52 552 539 133 656 9 137 271 308 793 847 114 12 929 704 716 476 529 213 951 106 919 84 542 858 582 376 959 75 36 385 270 304 174 525 391 79 300 880 654 601 771 978 150 997 767 688 589 64 13 318 238 877 329 911 693 226 547 274 333 273 424 34 169 818 825 484 177 991 605 798 5 942 426 272 143 813 994 839 489 474 861 277 617 116 145 2 822 483 799 863 967 520 639 209 632 555 530 680 758 597 451 820 506 934 171 794 77 468 891 827 909 871 848 210 841 89 916 982 462 207 807 971 502 546 921 883 153 659 253 66 363 634 198 120 860 876 382 627 298 180 655 774 633 361 159 667 250 541 573 88 980 907 692 901 467 592 256 569 517 739 85 928 4 182 418 115 297 464 923 864 461 521 394 282 229 353 623 998 629 457 231 975 154 976 917 314 125 786 41 676 435 61 992 882 152 526 499 673 38 775 965 251 964 806 565 436 327 387 701 789 73 968 96 442 94 614 239 248 622 953 420 400 721 71 487 362 762 434 310 384 814 842 287 755 249 167 792 491 645 885 187 101 191 20 264 697 148 469 538 372 637 269 674 872 698 478 98 534 423 165 233 56 377 707 440 763 851 594 663 344 811 139 175 392 743 63 866 524 884 196 823 309 505 486 132 642 237 908 575 204 903 683 427 449 904 147 947 691 577 977 30 745 322 134 669 969 42 781 890 460 138 328 227 930 421 631 999 621 658 3 358 939 179 352 675 580 200 58 772 368 411 962 86 364 386 123 412 216 
582 834 443 371 840 804 221 342 290 212 802 791 607 741 572 82 602 677 640 731 595 776 550 857 312 545 131 898 29 243 413 48 241 284 728 510 222 431 681 536 393 694 869 587 713 647 275 833 257 657 17 325 598 527 161 925 80 294 266 918 566 686 936 889 305 868 261 335 21 383 954 11 121 718 172 915 778 935 756 558 389 24 990 356 497 625 410 896 293 149 459 245 809 700 475 22 559 439 122 128 236 679 892 31 260 540 516 995 660 16 862 76 612 488 836 141 665 195 493 522 60 208 722 291 18 914 228 53 746 32 267 819 35 201 105 466 437 824 465 479 626 390 699 805 359 162 881 211 111 54 332 590 91 26 568 232 708 706 183 610 454 292 894 557 306 340 533 234 119 33 170 185 924 724 875 652 734 323 514 157 396 543 281 817 952 259 638 158 498 613 753 246 749 186 906 419 405 49 970 940 769 93 190 199 740 797 714 528 357 23 779 178 900 188 408 472 583 748 897 963 950 379 401 452 738 301 553 108 664 130 747 151 556 55 235 944 444 571 482 14 926 39 1000 430 867 422 535 6 425 265 112 504 373 620 409 336 450 404 837 902 893 46 348 163 961 828 146 733 181 279 937 100 263 957 173 737 785 989 821 899 142 651 736 481 938 790 494 403 564 585 689 283 402 176 684 218 126 726 326 735 72 398 931 219 445 311 576 687 192 705 570 927 787 829 375 168 561 608 244 28 943 537 197 280 268 593 57 289 27 136 624 346 744 591 380 324 118 972 184 509 242 316 584 838 416 295 531 354 95 480 37 15 51 948 456 615 8 303 974 315 630 62 782 986 973 835 129 754 873 682 843 844 428 117 278 643 586 984 878 350 164 155 83 240 286 750 560 678 19 852 370 905 65 544 448 285 473 729 796 59 507 43 496 751 513 109 712 156 672 777 960 87 97 932 492 709 160 338 220 996 616 888 124 166 870 985 988 500 987 671 458 432 720 399 725 826 765 485 646 920 581 803 495 135 44 685 766 330 25 224 369 922 619 103 600 433 567 206 703 407 351 757 648 230 349 490 223 945 532 438 831 933 47 983 512 856 367 760 599 470 993 788 1 695 519 463 618 609 628 110 52 552 539 133 656 9 137 271 308 793 847 114 12 929 704 716 476 529 213 951 106 919 84 542 858 582 376 959 75 36 385 270 304 174 525 391 79 300 880 654 601 771 978 150 997 767 688 589 64 13 318 238 877 329 911 693 226 547 274 333 273 424 34 169 818 825 484 177 991 605 798 5 942 426 272 143 813 994 839 489 474 861 277 617 116 145 2 822 483 799 863 967 520 
132 593 57 289 27 136 624 346 744 591 380 324 118 972 184 509 242 316 584 838 416 295 531 354 95 480 37 15 51 948 456 615 8 303 974 315 630 62 782 986 973 835 129 754 873 682 843 844 428 117 278 643 586 984 878 350 164 155 83 240 286 750 560 678 19 852 370 905 65 544 448 285 473 729 796 59 507 43 496 751 513 109 712 156 672 777 960 87 97 932 492 709 160 338 220 996 616 888 124 166 870 985 988 500 987 671 458 432 720 399 725 826 765 485 646 920 581 803 495 135 44 685 766 330 25 224 369 922 619 103 600 433 567 
662 900 188 408 472 583 748 897 963 950 379 401 452 738 301 553 108 664 130 747 151 556 55 235 944 444 571 482 14 926 39 1000 430 867 422 535 6 425 265 112 504 373 620 409 336 450 404 837 902 893 46 348 163 961 828 146 733 181 279 937 100 263 957 173 737 785 989 821 899 142 651 736 481 938 790 494 403 564 585 689 283 402 176 684 218 126 726 326 735 72 398 931 219 445 311 576 687 192 705 570 927 787 829 375 168 561 608 244 28 943 537 197 280 268 593 57 289 27 136 624 346 744 591 380 324 118 972 184 509 242 316 584 838 416 295 531 354 95 480 37 15 51 948 456 615 8 303 974 315 630 62 782 986 973 835 129 754 873 682 843 844 428 117 278 643 586 984 878 350 164 155 83 240 286 750 560 678 19 852 370 905 65 544 448 285 473 729 796 59 507 43 496 751 513 109 712 156 672 777 960 87 97 932 492 709 160 338 220 996 616 888 124 166 870 985 988 500 987 671 458 432 720 399 725 826 765 485 646 920 581 803 495 135 44 685 766 330 25 224 369 922 619 103 600 433 567 206 703 407 351 757 648 230 349 490 223 945 532 438 831 933 47 983 512 856 367 760 599 470 993 788 1 695 519 463 618 609 628 110 52 552 539 133 656 9 137 271 308 793 847 114 12 929 704 716 476 529 213 951 106 919 84 542 858 582 376 959 75 36 385 270 304 174 525 391 79 300 880 654 601 771 978 150 997 767 688 589 64 13 318 238 877 329 911 693 226 547 274 333 273 424 34 169 818 825 484 177 991 605 798 5 942 426 272 143 813 994 839 489 474 861 277 617 116 145 2 822 483 799 863 967 520 639 209 632 555 530 680 758 597 451 820 506 934 171 794 77 468 891 827 909 871 848 210 841 89 916 982 462 207 807 971 502 546 921 883 153 659 253 66 363 634 198 120 860 876 382 627 298 180 655 774 633 361 159 667 250 541 573 88 980 907 692 901 467 592 256 569 517 739 85 928 4 182 418 115 297 464 923 864 461 521 394 282 229 353 623 998 629 457 231 975 154 976 917 314 125 786 41 676 435 61 992 882 152 526 499 673 38 775 965 251 964 806 565 436 327 387 701 789 73 968 96 442 94 614 239 248 622 953 420 400 721 71 487 362 762 434 310 384 814 842 287 755 249 167 792 491 645 885 187 101 191 20 264 697 148 469 538 372 637 269 674 872 698 478 98 534 423 165 233 56 377 707 440 763 851 594 663 344 811 139 175 392 743 63 866 524 884 196 823 309 505 486 132 642 237 908 575 204 903 683 427 449 904 147 947 691 577 977 30 745 322 134 669 969 42 781 890 460 138 328 227 930 421 631 999 621 658 3 358 939 179 352 675 580 200 58 772 368 411 962 86 364 386 123 412 216 194 140 313 816 203 955 415 518 92 742 319 784 69 563 414 690 715 606 641 795 99 296 855 636 388 853 355 471 45 578 910 225 650 874 768 812 653 949 501 262 832 956 503 764 810 
773 696 579 661 193 7 455 366 320 845 958 834 443 371 840 804 221 342 290 212 802 791 607 741 572 82 602 677 640 731 595 776 550 857 312 545 131 898 29 243 413 48 241 284 728 510 222 431 681 536 393 694 869 587 713 647 275 833 257 657 17 325 598 527 161 925 80 294 266 918 566 686 936 889 305 868 261 335 21 383 954 11 121 718 172 915 778 935 756 558 389 24 990 356 497 625 410 896 293 149 459 245 809 700 475 22 559 439 122 128 236 679 892 31 260 540 516 995 660 16 862 76 612 488 836 141 665 195 493 522 60 208 722 291 18 914 228 53 746 32 267 819 35 201 105 466 437 824 465 479 626 390 699 805 359 162 881 211 111 54 332 590 91 26 568 232 708 706 183 610 454 292 894 557 306 340 533 234 119 33 170 185 924 724 875 652 734 323 514 157 396 543 281 817 952 259 638 158 498 613 753 246 749 186 906 419 405 49 970 940 769 93 190 199 740 797 714 528 357 23 779 178 900 188 408 472 583 748 897 963 950 379 401 452 738 301 553 108 664 130 747 151 556 55 235 944 444 571 482 14 926 39 1000 430 867 422 535 6 425 265 112 504 373 620 409 336 450 404 837 902 893 46 348 163 961 828 146 733 181 279 937 100 263 957 173 737 785 989 821 899 142 651 736 481 938 790 494 403 564 585 689 283 402 176 684 218 126 726 326 735 72 398 931 219 445 311 576 687 192 705 570 927 787 829 375 168 561 608 244 28 943 537 197 280 268 593 57 289 27 136 624 346 744 591 380 324 118 972 184 509 242 316 584 838 416 295 531 354 95 480 37 15 51 948 456 615 8 303 974 315 630 62 782 986 973 835 129 754 873 682 843 844 428 117 278 643 586 984 878 350 164 155 83 240 286 750 560 678 19 852 370 905 65 544 448 285 473 729 796 59 507 43 496 751 513 109 712 156 672 777 960 87 97 932 492 709 160 338 220 996 616 888 124 166 870 985 988 500 987 671 458 432 720 399 725 826 765 485 646 920 581 803 495 135 44 685 766 330 25 224 369 922 619 103 600 433 567 206 703 407 351 757 648 230 349 490 223 945 532 438 831 933 47 983 512 856 367 760 599 470 993 788 1 695 519 463 618 609 628 110 52 552 539 133 656 9 137 271 308 793 847 114 12 929 704 716 476 529 213 951 106 919 84 542 858 582 376 959 75 36 385 270 304 174 525 391 79 300 880 654 601 771 978 150 997 767 688 589 64 13 318 238 877 329 911 693 226 547 274 333 273 424 34 169 818 825 484 177 991 605 798 5 942 426 272 143 813 994 839 489 474 861 277 617 116 145 2 822 483 799 863 967 520 639 209 632 555 530 680 758 597 451 820 506 934 171 794 77 468 891 827 909 871 848 210 841 89 916 982 462 207 807 971 502 546 921 883 153 659 253 66 363 634 198 120 860 876 382 627 298 180 655 774 633 361 159 667 250 541 573 88 980 907 692 901 467 592 256 569 517 739 85 928 4 182 418 115 297 464 923 864 461 521 394 282 229 353 623 998 629 457 231 975 154 976 917 314 125 786 41 676 435 61 992 882 152 526 499 673 38 775 965 251 964 806 565 436 327 387 701 789 73 968 96 442 94 614 239 248 622 953 420 400 721 71 487 362 762 434 310 384 814 842 287 755 249 167 792 491 645 885 187 101 191 20 264 697 148 469 538 372 637 269 674 872 698 478 98 534 423 165 233 56 377 707 440 763 851 594 663 344 811 139 175 
35 506 934 171 794 77 468 891 827 909 871 848 210 841 89 916 982 462 207 807 971 502 546 921 883 153 659 253 66 363 634 198 120 860 876 382 
151 691 577 977 30 745 322 134 669 969 42 781 890 460 138 328 227 930 421 631 999 621 658 3 358 939 179 352 675 580 200 58 772 368 411 962 86 364 386 123 412 216 194 140 313 816 203 955 415 518 92 742 319 784 69 563 414 690 715 606 641 795 99 296 855 636 388 853 355 471 45 578 910 225 650 874 768 812 653 949 501 262 832 956 503 764 810 859 365 515 966 854 846 773 247 554 341 702 635 730 81 912 317 67 441 711 801 865 611 710 144 74 562 113 378 752 104 321 849 307 666 453 723 815 217 780 551 343 337 446 596 374 548 397 604 670 50 574 511 102 946 417 40 662 886 78 360 255 107 447 808 339 
789 892 31 260 540 516 995 660 16 862 76 612 488 836 141 665 195 493 522 60 208 722 291 18 914 228 53 746 32 267 819 35 201 105 466 437 824 465 479 626 390 699 805 359 162 881 211 111 54 332 590 91 26 568 232 708 706 183 610 454 292 894 557 306 340 533 234 119 33 170 185 924 724 875 652 734 323 514 157 396 543 281 817 952 259 638 158 498 613 753 246 749 186 906 419 405 49 970 940 769 93 190 199 740 797 714 528 357 23 779 178 900 188 408 472 583 748 897 963 950 379 401 452 738 301 553 108 664 130 747 151 556 55 235 944 444 571 482 14 926 39 1000 430 867 422 535 6 425 265 112 504 373 620 409 336 450 404 837 902 893 46 348 163 961 828 146 733 181 279 937 100 263 957 173 737 785 989 821 899 142 651 736 481 938 790 494 403 564 585 689 283 402 176 684 218 126 726 326 735 72 398 931 219 445 311 576 687 192 705 570 927 787 829 375 168 561 608 244 28 943 537 197 280 268 593 57 289 27 136 624 346 744 591 380 324 118 972 184 509 242 316 584 838 416 295 531 354 95 480 37 15 51 948 456 615 8 303 974 315 630 62 782 986 973 835 129 754 873 682 843 844 428 117 278 643 586 984 878 350 164 155 83 240 286 750 560 678 19 852 370 905 65 544 448 285 473 729 796 59 507 43 496 751 513 109 712 156 672 777 960 87 97 932 492 709 160 338 220 996 616 888 124 166 870 985 988 500 987 671 458 432 720 399 725 826 765 485 646 920 581 803 495 135 44 685 766 330 25 224 369 922 619 103 600 433 567 206 703 407 351 757 648 230 349 490 223 945 532 438 831 933 47 983 512 856 367 760 599 470 993 788 1 695 519 463 618 609 628 110 52 552 539 133 656 9 137 271 308 793 847 114 12 929 704 716 476 529 213 951 106 919 84 542 858 582 376 959 75 36 385 270 304 174 525 391 79 300 880 654 601 771 978 150 997 767 688 589 64 13 318 238 877 329 911 693 226 547 274 333 273 424 34 169 818 825 484 177 991 605 798 5 942 426 272 143 813 994 839 489 474 861 277 617 116 145 2 822 483 799 863 967 520 639 209 632 555 530 680 758 597 451 820 506 934 171 794 77 468 891 827 909 871 848 210 841 89 916 982 462 207 807 971 502 546 921 883 153 659 253 66 363 634 198 120 860 876 382 627 298 180 655 774 633 361 159 667 250 541 573 88 980 907 692 901 467 592 256 569 517 739 85 928 4 182 418 115 297 464 923 864 461 521 394 282 229 353 623 998 629 457 231 975 154 976 917 314 125 786 41 676 435 61 992 882 152 526 499 673 38 775 965 251 964 806 565 436 327 387 701 789 73 968 96 442 94 614 239 248 622 953 420 400 721 71 487 362 762 434 310 384 814 842 287 755 249 167 792 491 645 885 187 101 191 20 264 697 148 469 538 372 637 269 674 872 698 478 98 534 423 165 233 56 377 707 440 763 851 594 663 344 811 139 175 392 743 63 866 524 884 196 823 309 505 486 132 642 237 908 575 204 903 683 427 449 904 147 947 691 577 977 30 745 322 134 669 969 42 781 890 460 138 328 227 930 421 631 999 621 658 3 358 939 179 352 675 580 200 58 772 368 411 962 86 364 386 123 412 216 194 140 313 816 203 955 415 518 92 742 319 784 69 563 414 690 715 606 641 795 99 296 855 636 388 853 355 471 45 578 910 225 650 874 768 812 653 949 501 262 832 956 503 764 810 859 365 515 966 854 846 773 247 554 341 702 635 730 81 912 317 67 
35 441 711 801 865 611 710 144 74 562 113 378 752 104 321 849 307 666 453 723 815 217 780 551 343 337 446 596 374 548 397 604 670 50 574 511 
236 170 185 924 724 875 652 734 323 514 157 396 543 281 817 952 259 638 158 498 613 753 246 749 186 906 419 405 49 970 940 769 93 190 199 740 797 714 528 357 23 779 178 900 188 408 472 583 748 897 963 950 379 401 452 738 301 553 108 664 130 747 151 556 55 235 944 444 571 482 14 926 39 1000 430 867 422 535 6 425 265 112 504 373 620 409 336 450 404 837 902 893 46 348 163 961 828 146 733 181 279 937 100 263 957 173 737 785 989 821 899 142 651 736 481 938 790 494 403 564 585 689 283 402 176 684 218 126 726 326 735 72 398 931 219 445 311 576 687 192 705 570 927 787 829 375 168 561 608 244 28 943 537 197 280 268 593 57 289 27 136 624 346 744 591 380 324 118 972 184 509 242 316 584 838 416 295 531 354 95 480 37 15 51 948 456 615 8 303 974 315 630 62 782 986 973 835 129 754 873 682 843 844 428 117 278 643 586 984 878 350 164 155 83 240 286 750 560 678 19 852 370 905 65 544 448 285 473 729 796 59 507 43 496 751 513 109 
152 212 802 791 607 741 572 82 602 677 640 731 595 776 550 857 312 545 131 898 29 243 413 48 241 284 728 510 222 431 681 536 393 694 869 587 713 647 275 833 257 657 17 325 598 527 161 925 80 294 266 918 566 686 936 889 305 868 261 335 21 383 954 11 121 718 172 915 778 935 756 558 389 24 990 356 497 625 410 896 293 149 459 245 809 700 475 22 559 439 122 128 236 679 892 31 260 540 516 995 660 16 862 76 612 488 836 141 665 195 493 522 60 208 722 291 18 914 228 53 746 32 267 819 35 201 105 466 437 824 465 479 626 390 699 805 359 162 881 211 111 54 332 590 91 26 568 232 708 706 183 610 454 
398 1 695 519 463 618 609 628 110 52 552 539 133 656 9 137 271 308 793 847 114 12 929 704 716 476 529 213 951 106 919 84 542 858 582 376 959 75 36 385 270 304 174 525 391 79 300 880 654 601 771 978 150 997 767 688 589 64 13 318 238 877 329 911 693 226 547 274 333 273 424 34 169 818 825 484 177 991 605 798 5 942 426 272 143 813 994 839 489 474 861 277 617 116 145 2 822 483 799 863 967 520 639 209 632 555 530 680 758 597 451 820 506 934 171 794 77 468 891 827 909 871 848 210 841 89 916 982 462 207 807 971 502 546 921 883 153 659 253 66 363 634 198 120 860 876 382 627 298 180 655 774 633 361 159 667 250 541 573 88 980 907 692 901 467 592 256 569 517 739 85 928 4 182 418 115 297 464 923 864 461 521 394 282 229 353 623 998 629 457 231 975 154 976 917 314 125 786 41 676 435 61 992 882 152 526 499 673 38 775 965 251 964 806 565 436 327 387 701 789 73 968 96 442 94 614 239 248 622 953 420 400 721 71 487 362 762 434 310 384 814 842 287 755 249 167 792 491 645 885 187 101 191 20 264 697 148 469 538 372 637 269 674 872 698 478 98 534 423 165 233 56 377 707 440 763 851 594 663 344 811 139 175 392 743 63 866 524 884 196 823 309 505 486 132 642 237 908 575 204 903 683 427 449 904 147 947 691 577 977 30 745 322 134 669 969 42 781 890 460 138 328 227 930 421 631 999 621 658 3 358 939 179 352 675 580 200 58 772 368 411 962 86 364 386 123 412 216 194 140 313 816 203 955 415 518 92 742 319 784 69 563 414 690 715 606 641 795 99 296 855 636 388 853 355 471 45 578 910 225 650 874 768 812 653 949 501 262 832 956 503 764 810 859 365 515 966 854 846 
18 558 389 24 990 356 497 625 410 896 293 149 459 245 809 700 475 22 559 
366 579 661 193 7 455 366 320 845 958 834 443 371 840 804 221 342 290 212 802 791 607 741 572 82 602 677 640 731 595 776 550 857 312 545 131 898 29 243 413 48 241 284 728 510 222 431 681 536 393 694 869 587 713 647 275 833 257 657 17 325 598 527 161 925 80 294 266 918 566 686 936 889 305 868 261 335 21 383 954 11 121 718 172 915 778 935 756 558 389 24 990 356 497 625 410 896 293 149 459 245 809 700 475 22 559 439 122 128 236 679 892 31 260 540 516 995 660 16 862 76 612 488 836 141 665 195 493 522 60 208 722 291 18 914 228 53 746 32 267 819 35 201 105 466 437 824 465 479 626 390 699 805 359 162 881 211 111 54 332 590 91 26 568 232 708 706 183 610 454 292 894 557 306 340 533 234 119 33 170 185 924 724 875 652 734 323 514 157 396 543 281 817 952 259 638 158 498 613 753 246 749 186 906 419 405 49 970 940 769 93 190 199 740 797 714 528 357 23 779 178 900 188 408 472 583 748 897 963 950 379 401 452 738 301 553 108 664 130 747 151 556 55 235 944 444 571 482 14 926 39 1000 430 867 422 535 6 425 265 112 504 373 620 409 336 450 404 837 902 893 46 348 163 961 828 146 733 181 279 937 100 263 957 173 737 785 989 821 899 142 651 736 481 938 790 494 403 564 585 689 283 402 176 684 218 126 726 326 735 72 398 931 219 445 311 576 687 192 705 570 927 787 829 375 168 561 608 244 28 943 537 197 280 268 593 57 289 27 136 624 346 744 591 380 324 118 972 184 509 242 316 584 838 416 295 531 354 95 480 37 15 51 948 456 615 8 303 
408 970 940 769 93 190 199 740 797 714 528 357 23 779 178 900 188 408 472 583 748 897 963 950 379 401 452 738 301 553 108 664 130 747 151 556 55 235 944 444 571 482 14 926 39 1000 430 867 422 535 6 425 265 112 504 373 620 409 336 450 404 837 902 893 46 348 163 961 828 146 733 181 279 937 100 263 957 173 737 785 989 821 899 142 651 736 481 938 790 494 403 564 585 689 283 402 176 684 218 126 726 326 735 72 398 931 219 445 311 576 687 192 705 570 927 787 829 375 168 561 608 244 28 943 537 197 280 268 593 57 289 27 136 624 346 744 591 380 324 118 972 184 509 242 316 584 838 416 295 531 354 95 480 37 15 51 948 456 615 8 303 974 315 630 62 782 986 973 835 129 754 873 682 843 844 428 117 278 643 586 984 878 350 164 155 83 240 286 750 560 678 19 852 370 905 65 544 448 285 473 729 796 59 507 43 496 751 513 109 712 156 672 777 960 87 97 932 492 709 160 338 220 996 616 888 124 166 870 985 988 500 987 671 458 432 720 399 725 826 765 485 646 920 581 803 495 135 44 685 766 330 25 224 369 922 619 103 600 433 567 206 703 407 351 757 648 230 349 490 223 945 532 438 831 933 47 983 512 856 367 760 599 470 993 788 1 695 519 463 618 609 628 110 52 552 539 133 656 9 137 271 308 793 847 114 12 929 704 716 476 529 213 951 106 919 84 542 858 582 376 959 75 36 385 270 304 174 525 391 79 300 880 654 601 771 978 150 997 767 688 589 64 13 318 238 877 329 911 693 226 547 274 333 273 424 34 169 818 825 484 177 991 605 798 5 942 426 272 143 813 994 839 489 474 861 277 617 116 145 2 822 483 799 863 967 520 639 209 632 555 530 680 758 597 451 820 506 934 171 794 77 468 891 827 909 871 848 210 841 
94 616 888 124 166 870 985 988 500 987 671 458 432 720 399 725 826 765 485 646 920 581 803 495 135 44 685 766 330 25 224 369 922 619 103 600 433 567 206 703 407 351 757 648 230 349 490 223 945 532 438 831 933 47 983 512 856 367 760 599 470 993 788 1 695 519 463 618 609 628 110 52 552 539 133 656 9 137 271 308 793 847 114 12 929 704 716 476 529 213 951 106 919 84 542 
380 696 579 661 193 7 455 366 320 845 958 834 443 371 840 804 221 342 290 212 802 791 607 741 572 82 602 677 640 731 595 776 550 857 312 545 131 898 29 243 413 48 241 284 728 510 222 431 681 536 393 694 869 587 713 647 275 833 257 657 17 325 598 527 161 925 80 294 266 918 566 686 936 889 305 868 261 335 21 383 954 11 121 718 172 915 778 935 756 558 389 24 990 356 497 625 410 896 293 149 459 245 809 700 475 22 559 439 122 128 236 679 892 31 260 540 516 995 660 16 862 76 612 488 836 141 665 195 493 522 60 208 722 291 18 914 228 53 746 32 267 819 35 201 105 466 437 824 465 479 626 390 699 805 359 162 881 211 111 54 332 590 91 26 568 232 708 706 183 610 454 292 894 557 306 340 533 234 119 33 170 185 924 724 875 652 734 323 514 157 396 543 281 817 952 259 638 158 498 613 753 246 749 186 906 419 405 49 970 940 769 93 190 199 740 797 714 528 357 23 779 178 900 188 408 472 583 748 897 963 950 379 401 452 738 301 553 108 664 130 747 151 556 55 235 944 444 571 482 14 926 39 1000 430 867 422 535 6 425 265 112 504 373 620 409 336 450 404 837 902 893 46 348 163 961 828 146 733 181 279 937 100 263 957 173 737 785 989 821 899 142 651 736 481 938 790 494 403 564 585 689 283 402 176 684 218 126 726 326 735 72 398 931 219 445 311 576 687 192 705 570 927 787 829 375 168 561 608 244 28 943 537 197 280 268 593 57 289 27 136 624 346 744 591 380 324 118 972 184 509 242 316 584 838 416 295 531 354 95 480 37 15 51 948 456 615 8 303 974 315 630 62 782 986 973 835 129 754 873 682 843 
782 371 840 804 221 342 290 212 802 791 607 741 572 82 602 677 640 731 595 776 550 857 312 545 131 898 29 243 413 48 241 284 728 510 222 431 681 536 393 694 869 587 713 647 275 833 257 657 17 325 598 527 161 925 80 294 266 918 566 686 936 889 305 868 261 335 21 383 954 11 121 718 172 915 778 935 756 558 389 24 990 356 497 625 410 896 293 149 459 245 809 700 475 22 559 439 122 128 236 679 892 31 260 540 516 995 660 16 862 76 612 488 836 141 665 195 493 522 60 208 722 291 18 914 228 53 746 32 267 819 35 201 105 466 437 824 465 479 626 390 699 805 359 162 881 211 111 54 332 590 91 26 568 232 708 706 183 610 454 292 894 557 306 340 533 234 119 33 170 185 924 724 875 652 734 323 514 157 396 543 281 817 952 259 638 158 498 613 753 246 749 186 906 419 405 49 970 940 769 93 190 199 740 797 714 528 357 23 779 178 900 188 408 472 583 748 897 963 950 379 401 452 738 301 553 108 664 130 747 151 556 55 235 944 444 571 482 14 926 39 1000 430 867 422 535 6 425 265 112 504 373 620 409 336 450 404 837 902 893 46 348 163 961 828 146 733 181 279 937 100 263 957 173 737 785 989 821 899 142 651 736 481 938 790 494 403 564 585 689 283 402 176 684 218 126 726 326 735 72 398 931 219 445 311 576 687 192 705 570 927 787 829 375 168 561 608 244 28 943 537 197 280 268 593 57 289 27 136 624 346 744 591 380 324 118 972 184 509 242 316 584 838 416 295 531 354 95 480 37 15 51 948 456 615 8 303 974 315 630 62 782 986 973 835 129 754 873 682 843 844 428 117 278 643 586 984 878 350 164 155 83 240 286 750 560 678 19 852 370 905 65 544 448 285 473 729 796 59 507 43 496 751 513 109 712 156 672 777 960 87 97 932 492 709 160 338 220 996 616 888 124 166 870 985 988 500 987 671 458 432 720 399 725 826 765 485 646 920 581 803 495 135 44 685 766 330 25 224 369 922 619 103 600 433 567 206 703 407 351 757 648 230 349 490 223 945 532 438 831 933 47 983 512 856 367 760 599 470 993 788 1 695 519 463 618 609 628 110 52 552 539 133 656 9 137 271 308 793 847 114 12 929 704 716 476 529 213 951 106 919 84 542 858 582 376 959 75 36 385 270 304 174 525 391 79 300 880 654 601 771 978 150 997 767 688 589 64 13 318 238 877 329 911 693 226 547 274 333 273 424 34 169 818 825 484 177 991 605 798 5 942 426 272 143 813 994 839 489 474 861 277 617 116 145 2 822 483 799 863 967 520 639 209 632 555 530 680 758 597 451 820 506 934 171 794 77 468 891 827 909 871 848 210 841 89 916 982 462 207 807 971 502 546 921 883 153 659 253 66 363 634 198 120 860 876 382 627 298 180 655 774 633 361 159 667 250 541 573 88 980 907 692 901 467 592 256 569 517 739 85 928 4 182 418 115 297 464 923 864 461 521 394 282 229 353 623 998 629 457 231 975 154 976 917 314 125 786 41 676 435 61 992 882 152 526 499 673 38 775 965 251 964 806 565 436 327 387 701 789 73 968 96 442 94 614 239 248 622 953 420 400 721 71 487 362 762 434 310 384 814 842 287 755 249 167 792 491 645 885 187 101 191 20 264 697 148 469 538 372 637 269 674 872 698 478 98 534 423 165 233 56 377 707 440 763 851 594 663 344 811 139 175 392 743 63 866 524 884 196 823 309 505 486 132 642 237 908 575 204 903 683 427 449 
625 267 819 35 201 105 466 437 824 465 479 626 390 699 805 359 162 881 211 111 54 332 590 91 26 568 232 708 706 183 610 454 292 894 557 306 340 533 234 119 33 170 185 924 724 875 652 734 323 514 157 396 543 281 817 952 259 638 158 498 613 753 246 749 186 906 419 405 49 970 940 769 93 190 199 740 797 714 528 357 23 779 178 900 188 408 472 583 748 897 963 950 379 401 452 738 301 553 108 664 130 747 151 556 55 235 944 444 571 482 14 926 39 1000 430 867 422 535 6 425 265 112 504 373 620 409 336 450 404 837 902 893 46 348 163 961 828 146 733 181 279 937 100 263 957 173 737 785 989 821 899 142 651 736 481 938 790 494 403 564 585 689 283 402 176 684 218 126 726 326 735 72 398 931 219 445 311 576 687 192 705 570 927 787 829 375 168 561 608 244 28 943 537 197 280 268 593 57 289 27 136 624 346 744 591 380 324 118 972 184 509 242 316 584 838 416 295 531 354 95 480 37 15 51 948 456 615 8 303 974 315 630 62 782 986 973 835 129 754 873 682 843 844 428 117 278 643 586 984 878 350 164 155 83 240 286 750 560 678 19 852 370 905 65 544 448 285 473 729 796 59 507 43 496 751 513 109 712 156 672 777 960 87 97 932 492 709 160 338 220 996 616 888 124 166 870 985 988 500 987 671 458 432 720 399 725 826 765 485 646 920 581 803 495 135 44 685 766 330 25 224 369 922 619 103 600 433 567 206 703 407 351 757 648 230 349 490 223 945 532 438 831 933 47 983 512 856 367 760 599 470 993 788 1 695 519 463 618 609 628 110 52 552 539 133 656 9 137 271 308 793 847 114 12 929 704 716 476 529 213 951 106 919 84 542 858 582 376 959 75 36 385 270 304 174 525 391 79 300 880 654 601 771 978 150 997 767 688 589 64 13 318 238 877 329 911 693 226 547 274 333 273 424 34 169 818 825 484 177 991 605 798 5 942 426 272 143 813 994 839 489 474 861 277 617 116 145 2 822 483 799 863 967 520 639 209 632 555 530 680 758 597 451 820 506 934 171 794 77 468 891 827 909 871 848 210 841 89 916 982 462 207 807 971 502 546 921 883 153 659 253 66 363 634 198 120 860 876 382 627 298 180 655 774 633 361 159 667 250 541 573 88 980 907 692 901 467 592 256 569 517 739 85 928 4 182 418 115 297 464 923 864 461 521 394 282 229 353 623 998 629 457 231 975 154 976 917 314 125 786 41 676 435 61 992 882 152 526 499 673 38 775 965 251 964 806 565 436 327 387 701 789 73 968 96 442 94 614 239 248 622 953 420 400 721 71 487 362 762 434 310 384 814 842 287 755 249 167 792 491 645 885 187 101 191 20 264 697 148 469 538 372 637 269 674 872 698 478 98 534 423 165 233 56 377 707 
757 26 568 232 708 706 183 610 454 292 894 557 306 340 533 234 119 33 170 185 924 724 875 652 734 323 514 157 396 543 281 817 952 259 638 158 498 613 753 246 749 186 906 419 405 49 970 940 769 93 190 199 740 797 714 528 357 23 779 178 900 188 408 472 583 748 897 963 950 379 401 452 738 301 553 108 664 130 747 151 556 55 235 944 444 571 482 14 926 39 1000 430 867 422 535 6 425 265 112 504 373 620 409 336 450 404 837 902 893 46 348 163 961 828 146 733 181 279 937 100 263 957 173 737 785 989 821 899 142 651 736 481 938 790 494 403 564 585 689 283 402 176 684 218 126 726 326 735 72 398 931 219 445 311 576 687 192 705 570 927 787 829 375 168 561 608 244 28 943 537 197 280 268 593 57 289 27 136 624 346 744 591 380 324 118 972 184 509 242 316 584 838 416 295 531 354 95 480 37 15 51 948 456 615 8 303 974 315 630 62 782 986 973 835 129 754 873 682 843 844 428 117 278 643 586 984 878 350 164 155 83 240 286 750 560 678 19 852 370 905 65 544 448 285 473 729 796 59 507 43 496 751 513 109 712 156 672 777 960 87 97 932 492 709 160 338 220 996 616 888 124 166 870 985 988 500 987 671 458 432 720 399 725 826 765 485 646 920 581 803 495 135 44 685 766 330 25 224 369 922 619 103 600 433 567 206 703 407 351 757 648 230 349 490 223 945 532 438 831 933 47 983 512 856 367 760 599 470 993 788 1 695 519 463 618 609 628 110 52 552 539 133 656 9 137 271 308 793 847 114 12 929 704 716 476 529 213 951 106 919 84 542 858 582 376 959 75 36 385 270 304 174 525 391 79 300 880 654 601 771 978 150 997 767 688 589 64 13 318 238 877 329 911 693 226 547 274 333 273 424 34 169 818 825 484 177 991 605 798 5 942 426 272 143 813 994 839 489 474 861 277 617 116 145 2 822 483 799 863 967 520 639 209 632 555 530 680 758 597 451 820 506 934 171 794 77 468 891 827 909 871 848 210 841 89 916 982 462 207 807 971 502 546 921 883 153 659 253 66 363 634 198 120 860 876 382 627 298 180 655 774 633 361 159 667 250 541 573 88 980 907 692 901 467 592 256 569 517 739 85 928 4 182 418 115 297 464 923 864 461 521 394 282 229 353 623 998 629 457 231 975 154 976 917 314 125 786 41 676 435 61 992 882 152 526 499 673 38 775 965 251 964 806 565 436 327 387 701 789 73 968 96 442 94 614 239 248 622 953 420 400 721 71 487 362 762 434 310 384 814 842 287 755 249 167 792 491 645 885 187 101 191 20 264 697 148 469 538 372 637 269 674 872 698 478 98 534 423 165 233 56 377 707 440 763 851 594 663 344 811 139 175 392 743 63 866 524 884 196 823 309 505 486 132 642 237 908 575 204 903 683 427 449 904 147 947 691 577 977 30 745 322 134 669 969 42 781 890 460 138 328 227 930 421 631 999 621 658 3 358 939 179 352 675 580 200 58 772 368 411 962 86 364 386 123 412 216 194 140 313 816 203 955 415 518 92 742 319 784 69 563 414 690 715 606 641 795 99 296 855 636 388 853 355 471 45 578 910 225 650 874 768 812 653 949 501 262 832 956 503 764 810 859 365 515 966 854 846 773 247 554 341 702 635 730 81 912 317 67 441 711 801 865 611 710 144 74 562 113 378 752 104 321 849 307 666 453 723 
528 288 205 913 879 215 381 761 477 887 508 770 252 644 189 90 549 719 395 406 696 579 661 193 7 455 366 320 845 958 834 443 371 840 804 221 342 290 212 802 791 607 741 572 82 602 677 640 731 595 776 550 857 312 545 131 898 29 243 413 48 241 284 728 510 222 431 681 536 393 694 869 587 713 647 275 833 257 657 17 325 598 527 161 925 80 294 266 918 566 686 936 889 305 868 261 335 21 383 954 11 121 718 172 915 778 935 756 558 389 24 990 356 497 625 410 896 293 149 459 245 809 700 475 22 559 439 122 128 236 679 892 31 260 540 516 995 660 16 862 76 612 488 836 141 665 195 493 522 60 208 722 291 18 914 228 53 746 32 267 819 35 201 105 466 437 824 465 479 626 390 699 805 359 162 881 211 111 54 332 590 91 26 568 232 708 706 183 610 454 292 894 557 306 340 533 234 119 33 170 185 924 724 875 652 734 323 514 157 396 543 281 817 952 259 638 158 498 613 753 246 749 186 906 419 405 49 970 940 769 93 190 199 740 797 714 528 357 23 779 178 900 188 408 472 583 748 897 963 950 379 401 452 738 301 553 108 664 130 747 151 556 55 235 944 444 571 482 14 926 39 1000 430 867 422 535 6 425 265 112 504 373 620 409 336 450 404 837 902 893 46 348 163 961 828 146 733 181 279 937 100 263 957 173 737 785 989 821 899 142 651 736 481 938 790 494 403 564 585 689 283 402 176 684 218 126 726 326 735 72 398 931 219 445 311 576 687 192 705 570 927 787 829 375 168 561 608 244 28 943 537 197 280 268 593 57 289 27 136 624 346 744 591 380 324 118 972 184 509 242 316 584 838 416 295 531 354 95 480 37 15 51 948 456 615 8 303 974 315 630 62 782 986 973 835 129 754 873 682 843 844 428 117 278 643 586 984 878 350 164 155 83 240 286 750 560 678 19 852 370 905 65 544 448 285 473 729 796 59 507 43 496 751 513 109 712 156 672 777 960 87 97 932 492 709 160 338 220 996 616 888 124 166 870 985 988 500 987 671 458 432 720 399 725 826 765 485 646 920 581 803 495 135 44 685 766 330 25 224 369 922 619 103 600 433 567 206 703 407 351 757 648 230 349 490 223 945 532 438 831 933 47 983 512 856 367 760 599 470 993 788 1 695 519 463 618 609 628 110 52 552 539 133 656 9 137 271 308 793 
199 146 733 181 279 937 100 263 957 173 737 785 989 821 899 142 651 736 481 938 790 494 403 564 585 689 283 402 176 684 218 126 726 326 735 72 398 931 219 445 311 576 687 192 705 570 927 787 829 375 168 561 608 244 28 943 537 197 280 268 593 57 289 27 136 624 346 744 591 380 324 118 972 184 509 242 316 584 838 416 295 531 354 95 480 37 15 51 948 456 615 8 303 974 315 630 62 782 986 973 835 129 754 873 682 843 844 428 117 278 643 586 984 878 350 164 155 83 240 286 750 560 678 19 852 370 905 65 544 448 285 473 729 796 59 507 43 496 751 513 109 712 156 672 777 960 87 97 932 492 709 160 338 220 996 616 888 124 166 870 985 988 500 987 671 458 432 720 399 725 826 765 485 646 920 581 803 495 135 44 685 766 330 25 224 369 922 619 103 600 433 567 206 703 407 351 757 648 230 349 
355 333 273 424 34 169 818 825 484 177 991 605 798 5 942 426 272 143 813 994 839 489 474 861 277 617 116 145 2 822 483 799 863 967 520 639 209 632 555 530 680 758 597 451 820 506 934 171 794 77 468 891 827 909 871 848 210 841 89 916 982 462 207 807 971 502 546 921 883 153 659 253 66 363 634 198 120 860 876 382 627 298 180 655 774 633 361 159 667 250 541 573 88 980 907 692 901 467 592 256 569 517 739 85 928 4 182 418 115 297 464 923 864 461 521 394 282 229 353 623 998 629 457 231 975 154 976 917 314 125 786 41 676 435 61 992 882 152 526 499 673 38 775 965 251 964 806 565 436 327 387 701 789 73 968 96 442 94 614 239 248 622 953 420 400 721 71 487 362 762 434 310 384 814 842 287 755 249 167 792 491 645 885 187 101 191 20 264 697 148 469 538 372 637 269 674 872 698 478 98 534 423 165 233 56 377 707 440 763 851 594 663 344 811 139 175 392 743 63 866 524 884 196 823 309 505 486 132 642 237 908 575 204 903 683 427 449 904 147 947 691 577 977 30 745 322 134 669 969 42 781 890 460 138 328 227 930 421 631 999 621 658 3 358 939 179 352 675 580 200 58 772 368 411 962 86 364 386 123 412 216 194 140 313 816 203 955 415 518 92 742 319 784 69 563 414 690 715 606 641 795 99 296 855 636 388 853 355 471 45 578 910 225 650 874 768 812 653 949 501 262 832 956 503 764 810 859 365 515 966 854 846 773 247 554 341 702 635 730 81 912 317 67 441 711 801 865 611 710 144 74 562 113 378 752 104 
607 918 566 686 936 889 305 868 261 335 21 383 954 11 121 718 172 915 778 935 756 558 389 24 990 356 497 625 410 896 293 149 459 245 809 700 475 22 559 439 122 128 236 679 892 31 260 540 516 995 660 16 862 76 612 488 836 141 665 195 493 522 60 208 722 291 18 914 228 53 746 32 267 819 35 201 105 466 437 824 465 479 626 390 699 805 359 162 881 211 111 54 332 590 91 26 568 232 708 706 183 610 454 292 894 557 306 340 533 234 119 33 170 185 924 724 875 652 734 323 514 157 396 543 281 817 952 259 638 158 498 613 753 246 749 186 906 419 405 49 970 940 769 93 190 199 740 797 714 528 357 23 779 178 900 188 408 472 583 748 897 963 950 379 401 452 738 301 553 108 664 130 747 151 556 55 235 944 444 571 482 14 926 39 1000 430 867 422 535 6 425 265 112 504 373 620 409 336 450 404 837 902 893 46 348 163 961 828 146 733 181 279 937 100 263 957 173 737 785 989 821 899 142 651 736 481 938 790 494 403 564 585 689 283 402 176 684 218 126 726 326 735 72 398 931 219 445 311 576 687 192 705 570 927 787 829 375 168 561 608 244 28 943 537 197 280 268 593 57 289 27 136 624 346 744 591 380 324 118 972 184 509 242 316 584 838 416 295 531 354 95 480 37 15 51 948 456 615 8 303 974 315 630 62 782 986 973 835 129 754 873 682 843 844 428 117 278 643 586 984 878 350 164 155 83 240 286 750 560 678 19 852 370 905 65 544 448 285 473 729 796 59 507 43 496 751 513 109 712 156 672 777 960 87 97 932 492 709 160 338 220 996 616 888 124 166 870 985 988 500 987 671 458 432 720 399 725 826 765 485 646 920 581 803 495 135 44 685 766 330 25 224 369 922 619 103 600 433 567 206 703 407 351 757 648 230 349 490 223 945 532 438 831 933 47 983 512 856 367 760 599 470 993 788 1 695 519 463 618 609 628 110 52 552 539 133 656 9 137 271 308 793 847 114 12 929 704 716 476 529 213 951 106 919 84 542 858 582 376 959 75 36 385 270 304 174 525 391 79 300 880 654 601 771 978 150 997 767 688 589 64 13 318 238 877 329 911 693 226 547 274 333 273 424 34 169 818 825 484 177 991 605 798 5 942 426 272 143 813 994 839 489 474 861 277 617 116 145 2 822 483 799 863 967 520 639 209 632 555 530 680 758 597 451 820 506 934 171 794 77 468 891 827 909 871 848 210 841 89 916 982 462 207 807 971 502 546 921 883 153 659 253 66 363 634 198 120 860 876 382 627 298 180 655 774 633 361 159 667 250 541 573 88 980 907 692 901 467 592 256 569 517 739 85 928 4 182 418 115 297 464 923 864 461 521 394 282 229 
990 215 381 761 477 887 508 770 252 644 189 90 549 719 395 406 696 579 661 193 7 455 366 320 845 958 834 443 371 840 804 221 342 290 212 802 791 607 741 572 82 602 677 640 731 595 776 550 857 312 545 131 898 29 243 413 48 241 284 728 510 222 431 681 536 393 694 869 587 713 647 275 833 257 657 17 325 598 527 161 925 80 294 266 918 566 686 936 889 305 868 261 335 21 383 954 11 121 718 172 915 778 935 756 558 389 24 990 356 497 625 410 896 293 149 459 245 809 700 475 22 559 439 122 128 236 679 892 31 260 540 516 995 660 16 862 76 612 488 836 141 665 195 493 522 60 208 722 291 18 914 228 53 746 32 267 819 35 201 105 466 437 824 465 479 626 390 699 805 359 162 881 211 111 54 332 590 91 26 568 232 708 706 183 610 454 292 894 557 306 340 533 234 119 33 170 185 924 724 875 652 734 323 514 157 396 543 281 817 952 259 638 158 498 613 753 246 749 186 906 419 405 49 970 940 769 93 190 199 740 797 714 528 357 23 779 178 900 188 408 472 583 748 897 963 950 379 401 452 738 301 553 108 664 130 747 151 556 55 235 944 444 571 482 14 926 39 1000 430 867 422 535 6 425 265 112 504 373 620 409 336 450 404 837 902 893 46 348 163 961 828 146 733 181 279 937 100 263 957 173 737 785 989 821 899 142 651 736 481 938 790 494 403 564 585 689 283 402 176 684 218 126 726 326 735 72 398 931 219 445 311 576 687 192 705 570 927 787 829 375 168 561 608 244 28 943 537 197 280 268 593 57 289 27 136 624 346 744 591 380 324 118 972 184 509 242 316 584 838 416 295 531 354 95 480 37 15 51 948 456 615 8 303 974 315 630 62 782 986 973 835 129 754 873 682 843 844 428 117 278 643 586 984 878 350 164 155 83 240 286 750 560 678 19 852 370 905 65 544 448 285 473 729 796 59 507 43 496 751 513 109 712 156 672 777 960 87 97 932 492 709 160 338 220 996 616 888 124 166 870 985 988 500 987 671 458 432 720 399 725 826 765 485 646 920 581 803 495 135 44 685 766 330 25 224 369 922 619 103 600 433 567 206 703 407 351 757 648 230 349 490 223 945 532 438 831 933 47 983 512 856 367 760 599 470 993 788 1 695 519 463 618 609 628 110 52 552 539 133 656 9 137 271 308 793 847 114 12 929 704 716 476 529 213 951 106 919 84 542 858 582 376 959 75 36 385 270 304 174 525 391 79 300 880 654 601 771 978 150 997 767 688 589 64 13 318 238 877 329 911 693 226 547 274 333 273 424 34 169 818 825 484 177 991 605 798 5 942 426 272 143 813 994 839 489 474 861 277 617 116 145 2 822 483 799 863 967 520 639 209 632 555 530 680 758 597 451 820 506 934 171 794 77 468 891 827 909 871 848 210 841 89 916 982 462 207 807 971 502 546 921 883 153 659 253 66 363 634 198 120 860 876 382 627 298 180 655 774 633 361 159 667 250 541 573 88 980 907 692 901 467 592 256 569 517 739 85 928 4 182 418 115 297 464 923 864 461 521 394 282 229 353 623 998 629 457 231 975 154 976 917 314 125 786 41 676 435 61 992 882 152 526 499 673 38 775 965 251 964 806 565 436 327 387 701 789 73 968 96 442 94 614 239 248 622 953 420 400 721 71 487 362 762 434 310 384 814 842 287 755 249 167 792 491 645 885 187 101 191 20 264 697 148 469 538 372 637 269 674 872 698 478 98 534 423 165 233 56 377 707 440 763 851 594 663 344 811 139 175 392 743 63 866 524 884 196 823 309 505 486 132 642 237 908 575 204 903 683 427 449 904 147 947 691 577 977 30 745 322 134 669 969 42 781 890 460 138 328 227 930 421 631 999 621 658 3 358 939 179 352 675 580 200 58 772 368 411 962 86 364 386 123 412 216 194 140 313 816 203 955 415 518 92 742 319 784 69 563 414 690 715 606 641 795 99 296 855 636 388 853 355 471 45 578 910 225 650 874 768 812 653 949 501 262 832 956 503 764 810 859 365 515 966 854 846 773 247 554 341 702 635 730 81 912 317 67 441 711 801 865 611 710 144 74 562 113 378 752 104 321 849 307 666 453 723 815 217 780 551 343 337 446 596 374 548 397 604 670 50 574 511 102 946 417 40 662 886 78 360 255 107 447 808 339 276 759 981 649 979 302 732 202 941 783 429 347 68 299 10 717 127 850 345 258 254 668 70 727 603 331 523 
495 608 244 28 943 537 197 280 268 593 57 289 27 136 624 346 744 591 380 324 118 972 184 509 242 316 584 838 416 295 531 354 95 480 37 15 51 948 456 615 8 303 974 315 630 62 782 986 973 835 129 754 873 682 843 844 428 117 278 643 586 984 878 350 164 155 83 240 286 750 560 678 19 852 370 905 65 544 448 285 473 729 796 59 507 43 496 751 513 109 712 156 672 777 960 87 97 932 492 709 160 338 220 996 616 888 124 166 870 985 988 500 987 671 458 432 720 399 725 826 765 485 646 920 581 803 495 135 44 685 766 330 25 224 369 922 619 103 600 433 567 206 703 407 351 757 648 230 349 490 223 945 532 438 831 933 47 983 512 856 367 760 599 470 993 788 1 695 519 463 618 609 628 110 52 552 539 133 656 9 137 271 308 793 847 114 12 929 704 716 476 529 213 951 106 919 84 542 858 582 376 959 75 36 385 270 304 174 525 391 79 300 880 654 601 771 978 150 997 767 688 589 64 13 318 238 877 329 911 693 226 547 274 333 273 424 34 169 818 825 484 177 991 605 798 5 942 426 272 143 813 994 839 489 474 861 277 617 116 145 2 822 483 799 863 967 520 639 209 632 555 530 680 758 597 451 820 506 934 171 794 77 468 891 827 909 871 848 210 841 89 916 982 462 207 807 971 502 546 921 883 153 659 253 66 363 634 198 120 860 876 382 627 298 180 655 774 633 361 159 667 250 541 573 88 980 907 692 901 467 592 256 569 517 739 85 928 4 182 418 115 297 464 923 864 461 521 394 282 229 353 623 998 629 457 231 975 154 976 917 314 125 786 41 676 435 61 992 882 152 526 499 673 38 775 965 251 964 806 565 436 327 387 701 789 73 968 96 442 94 614 239 248 622 953 420 400 721 71 487 362 762 434 310 384 814 842 287 755 249 167 792 491 645 885 187 101 191 20 264 697 148 469 538 372 637 269 674 872 698 478 98 534 423 165 233 56 377 707 440 763 851 594 663 344 811 139 175 392 743 63 866 524 884 196 823 309 505 486 132 642 237 908 575 204 903 683 427 449 904 147 947 691 577 977 30 745 322 134 669 969 42 781 890 460 138 328 227 930 421 631 999 621 658 3 358 
427 704 716 476 529 213 951 106 919 84 542 858 582 376 959 75 36 385 270 304 174 525 391 79 300 880 654 601 771 978 150 997 767 688 589 64 13 318 238 877 329 911 693 226 547 274 333 273 424 34 169 818 825 484 177 991 605 798 5 942 426 272 143 813 994 839 489 474 861 277 617 116 145 2 822 483 799 863 967 520 639 209 632 555 530 680 758 597 451 820 506 934 171 794 77 468 891 827 909 871 848 210 841 89 916 982 462 207 807 971 502 546 921 883 153 659 253 66 363 634 198 120 860 876 382 627 298 180 655 774 633 361 159 667 250 541 573 88 980 907 692 901 467 592 256 569 517 739 85 928 4 182 418 115 297 464 923 864 461 521 394 282 229 353 623 998 629 457 231 975 154 976 917 314 125 786 41 676 435 61 992 882 152 526 499 673 38 775 965 251 964 806 565 436 327 387 701 789 73 968 96 442 94 614 239 248 622 953 420 400 721 71 487 362 762 434 310 384 814 842 287 755 249 167 792 491 645 885 187 101 191 20 264 697 148 469 538 372 637 269 674 872 698 478 98 534 423 165 233 56 377 707 440 763 851 594 663 344 811 139 175 392 743 63 866 524 884 196 823 309 505 486 132 642 237 908 575 204 903 683 427 449 904 147 947 691 577 977 30 745 322 134 669 969 42 781 890 460 138 328 227 930 421 631 999 621 658 3 358 939 179 352 675 580 200 58 772 368 411 962 86 364 386 123 412 216 194 140 313 816 203 955 415 518 92 742 319 784 69 563 414 690 715 606 641 795 99 296 855 636 388 853 355 471 45 578 910 225 650 874 768 812 653 949 501 262 832 956 503 764 810 859 365 515 966 854 846 773 247 554 341 702 635 730 81 912 317 67 441 711 801 865 611 710 144 74 562 113 378 752 104 321 849 307 666 453 723 815 217 780 551 343 337 446 596 374 548 397 604 670 50 574 511 102 946 417 40 662 
687 294 266 918 566 686 936 889 305 868 261 335 21 383 954 11 121 718 172 915 778 935 756 558 389 24 990 356 497 625 410 896 293 149 459 245 809 700 475 22 559 439 122 128 236 679 892 31 260 540 516 995 660 16 862 76 612 488 836 141 665 195 493 522 60 208 722 291 18 914 228 53 746 32 267 819 35 201 105 466 437 824 465 479 626 390 699 805 359 162 881 211 111 54 332 590 91 26 568 232 708 706 183 610 454 292 894 557 306 340 533 234 119 33 170 185 924 724 875 652 734 323 514 157 396 543 281 817 952 259 638 158 498 613 753 246 749 186 906 419 405 49 970 940 769 93 190 199 740 797 714 528 357 23 779 178 900 188 408 472 583 748 897 963 950 379 401 452 738 301 553 108 664 130 747 151 556 55 235 944 444 571 482 14 926 39 1000 430 867 422 535 6 425 265 112 504 373 620 409 336 450 404 837 902 893 46 348 163 961 828 146 733 181 279 937 100 263 957 173 737 785 989 821 899 142 651 736 481 938 790 494 403 564 585 689 283 402 176 684 218 126 726 326 735 72 398 931 219 445 311 576 687 192 705 570 927 787 829 375 168 561 608 244 28 943 537 197 280 268 593 57 289 27 136 624 346 744 591 380 324 118 972 184 509 242 316 584 838 416 295 531 354 95 480 37 15 51 948 456 615 8 303 974 315 630 62 782 986 973 835 129 754 873 682 843 844 428 117 278 643 586 984 878 350 164 155 83 240 286 750 560 678 19 852 370 905 65 544 448 285 473 729 796 59 507 43 496 751 513 109 712 156 672 777 960 87 97 932 492 709 160 338 220 996 616 888 124 166 870 985 988 500 987 671 458 432 720 399 725 826 765 485 646 920 581 803 495 135 44 685 766 330 25 224 369 922 619 103 600 433 567 206 703 407 351 757 648 230 349 490 223 945 532 438 831 933 47 983 512 856 367 760 599 470 993 788 1 695 519 463 618 609 628 110 52 552 539 133 656 9 137 271 308 793 847 114 12 929 704 716 476 529 213 951 106 919 84 542 858 582 376 959 75 36 385 270 304 174 525 391 79 300 880 654 601 771 978 150 997 767 688 589 64 13 318 238 877 329 911 693 226 547 274 333 273 424 34 169 818 825 484 177 991 605 798 5 942 426 272 143 813 994 839 489 474 861 277 617 116 145 2 822 483 799 863 967 520 639 209 632 555 530 680 758 597 451 820 506 934 171 794 77 468 891 827 909 871 848 210 841 89 916 982 462 207 807 971 502 546 921 883 153 659 253 66 363 634 198 120 860 876 382 627 298 180 655 774 633 361 159 667 250 541 573 88 980 907 692 901 467 592 256 569 517 739 85 928 4 182 418 115 297 464 923 864 461 521 394 282 229 353 623 998 629 457 231 975 154 976 917 314 125 786 41 676 435 61 992 882 152 526 499 673 38 775 965 251 964 806 565 436 327 387 701 789 73 968 96 442 94 614 239 248 622 953 420 400 721 71 487 362 762 434 310 384 814 842 287 755 249 167 792 491 645 885 187 101 191 20 264 697 148 469 538 372 637 269 674 
53 639 209 632 555 530 680 758 597 451 820 506 934 171 794 77 468 891 827 909 871 848 210 841 89 916 982 462 207 807 971 502 546 921 883 153 659 253 66 363 634 198 120 860 876 382 627 298 180 655 774 633 361 159 
386 459 245 809 700 475 22 559 439 122 128 236 679 892 31 260 540 516 995 660 16 862 76 612 488 836 141 665 195 493 522 60 208 722 291 18 914 228 53 746 32 267 819 35 201 105 466 437 824 465 479 626 390 699 805 359 162 881 211 111 54 332 590 91 26 568 232 708 706 183 610 454 292 894 557 306 340 533 234 119 33 170 185 924 724 875 652 734 323 514 157 396 543 281 817 952 259 638 158 498 613 753 246 749 186 906 419 405 49 970 940 769 93 190 199 740 797 714 528 357 23 779 178 900 188 408 472 583 748 897 963 950 379 401 452 738 301 553 108 664 130 747 151 556 55 235 944 444 571 482 14 926 39 1000 430 867 422 535 6 425 265 112 504 373 620 409 336 450 404 837 902 893 46 348 163 961 828 146 733 181 279 937 100 263 957 173 737 785 989 821 899 142 651 736 481 938 790 494 403 564 585 689 283 402 176 684 218 126 726 326 735 72 398 931 219 445 311 576 687 192 705 570 927 787 829 375 168 561 608 244 28 943 537 197 280 268 593 57 289 27 136 624 346 744 591 380 324 118 972 184 509 242 316 584 838 416 295 531 354 95 480 37 15 51 948 456 615 8 303 974 315 630 62 782 986 973 835 129 754 873 682 843 844 428 117 278 643 586 984 878 350 164 155 83 240 286 750 560 678 19 852 370 905 65 544 448 285 473 729 796 59 507 43 496 751 513 109 712 156 672 777 960 87 97 932 492 709 160 338 220 996 616 888 124 166 870 985 988 500 987 671 458 432 720 399 725 826 765 485 646 920 581 803 495 135 44 685 766 330 25 224 369 922 619 103 600 433 567 206 703 407 351 757 648 230 349 490 223 945 532 438 831 933 47 983 512 856 
543 111 54 332 590 91 26 568 232 708 706 183 610 454 292 894 557 306 340 533 234 119 33 170 185 924 724 875 652 734 323 514 157 396 543 281 817 952 259 638 158 498 613 753 246 749 186 906 419 405 49 970 940 769 93 190 199 740 797 714 528 357 23 779 178 900 188 408 472 583 748 897 963 950 379 401 452 738 301 553 108 664 130 747 151 556 55 235 944 444 571 482 14 926 39 1000 430 867 422 535 6 425 265 112 504 373 620 409 336 450 404 837 902 893 46 348 163 961 828 146 733 181 279 937 100 263 957 173 737 785 989 821 899 142 651 736 481 938 790 494 403 564 585 689 283 402 176 684 218 126 726 326 735 72 398 931 219 445 311 576 687 192 705 570 927 787 829 375 168 561 608 244 28 943 537 197 280 268 593 57 289 27 136 624 346 744 591 380 324 118 972 184 509 242 316 584 838 416 295 531 354 95 480 37 15 51 948 456 615 8 303 974 315 630 62 782 986 973 835 129 754 873 682 843 844 428 117 278 643 586 984 878 350 164 155 83 240 286 750 560 678 19 852 370 905 65 544 448 285 473 729 796 59 507 43 496 751 513 109 712 156 672 777 960 87 97 932 492 709 160 338 220 996 616 888 124 166 870 985 988 500 987 671 458 432 720 399 725 826 765 485 646 920 581 803 495 135 44 685 766 330 25 224 369 922 619 103 600 433 567 206 703 407 351 757 648 230 349 490 223 945 532 438 831 933 47 983 512 856 367 760 599 470 993 788 1 695 519 463 618 609 628 110 52 552 539 133 656 9 137 271 308 793 847 114 12 929 704 716 476 529 213 951 106 919 84 542 858 582 376 959 75 36 385 270 304 174 525 391 79 300 880 654 601 771 978 150 997 767 688 589 64 13 318 238 877 329 911 693 226 547 274 333 273 424 34 169 818 825 484 177 991 605 798 5 942 426 272 143 813 994 839 489 474 861 277 617 116 145 2 822 483 799 863 967 520 639 209 632 555 530 680 758 597 451 820 506 934 171 794 77 468 891 827 909 871 848 210 841 89 916 982 462 207 807 971 502 546 921 883 153 659 253 66 363 634 198 120 860 876 382 627 298 180 655 774 633 361 159 667 250 541 573 88 980 907 692 901 467 592 256 569 517 739 85 928 4 182 418 115 297 464 923 864 461 521 394 282 229 353 623 998 629 457 231 975 154 976 917 314 125 786 41 676 435 61 992 882 152 526 499 673 38 775 
719 459 245 809 700 475 22 559 439 122 128 236 679 892 31 260 540 516 995 660 16 862 76 612 488 836 141 665 195 493 522 60 208 722 291 18 914 228 53 746 32 267 819 35 201 105 466 437 824 465 479 626 390 699 805 359 162 881 211 111 54 332 590 91 26 568 232 708 706 183 610 454 292 894 557 306 340 533 234 119 33 170 185 924 724 875 652 734 323 514 157 396 543 281 817 952 259 638 158 498 613 753 246 749 186 906 419 405 49 970 940 769 93 190 199 740 797 714 528 357 23 779 178 900 188 408 472 583 748 897 963 950 379 401 452 738 301 553 108 664 130 747 151 556 55 235 944 444 571 482 14 926 39 1000 430 867 422 535 6 425 265 112 504 373 620 409 336 450 404 837 902 893 46 348 163 961 828 146 733 181 279 937 100 263 957 173 737 785 989 821 899 142 651 736 481 938 790 494 403 564 585 689 283 402 176 684 218 126 726 326 735 72 398 931 219 445 311 576 687 192 705 570 927 787 829 375 168 561 608 244 28 943 537 197 280 268 593 57 289 27 136 624 346 744 591 380 324 118 972 184 509 242 316 584 838 416 295 531 354 95 480 37 15 51 948 456 615 8 303 974 315 630 62 782 986 973 835 129 754 873 682 843 844 428 117 278 643 586 984 878 350 164 155 83 240 286 750 560 678 19 852 370 905 65 544 448 285 473 729 796 59 507 43 496 751 513 109 712 156 672 777 960 87 97 932 492 709 160 338 220 996 616 888 124 166 870 985 988 500 987 671 458 432 720 399 725 826 765 485 646 920 581 803 495 135 44 685 766 330 25 224 369 922 619 103 600 433 567 206 703 407 351 757 648 230 349 490 223 945 532 438 831 933 47 983 512 856 367 760 599 470 993 788 1 695 519 463 618 609 628 110 52 552 539 133 656 9 137 271 308 793 847 114 12 929 704 716 476 529 213 951 106 919 84 542 858 582 376 959 75 36 385 270 304 174 525 391 79 300 880 654 601 771 978 150 997 767 688 589 64 13 318 238 877 329 911 693 226 547 274 333 273 424 34 169 818 825 484 177 991 605 798 5 942 426 272 143 813 994 839 489 474 861 277 617 116 145 2 822 483 799 863 967 520 639 209 632 555 530 680 758 597 451 820 506 934 171 794 77 468 891 827 909 871 848 210 841 89 916 982 462 207 807 971 502 546 921 883 153 659 253 66 363 634 198 120 860 876 382 627 298 180 655 774 633 361 159 667 250 541 573 88 980 907 692 901 467 592 256 569 517 739 85 928 4 182 418 115 297 464 923 864 461 521 394 282 229 353 623 998 629 457 231 975 154 976 917 314 125 786 41 676 435 61 992 882 152 526 499 673 38 775 965 251 964 806 565 436 327 387 701 789 73 968 96 442 94 614 239 248 622 953 420 400 721 71 487 362 762 434 310 384 814 842 287 755 249 167 792 491 645 885 187 101 191 20 264 697 148 469 538 372 637 269 674 872 698 478 98 534 423 165 233 56 377 707 440 763 851 594 663 344 811 139 175 392 743 63 866 524 884 196 823 309 505 486 132 642 237 908 575 204 903 683 427 449 904 147 947 691 577 977 30 745 322 134 669 969 42 781 890 460 138 328 227 930 421 631 999 621 
557 488 836 141 665 195 493 522 60 208 722 291 18 914 228 53 746 32 267 819 35 201 105 466 437 824 465 479 626 390 699 805 359 162 881 211 111 54 332 590 91 26 568 232 708 706 183 610 454 292 894 557 306 340 533 234 119 33 170 185 924 724 875 652 734 323 514 157 396 543 281 817 952 259 638 158 498 613 753 246 749 186 906 419 405 49 970 940 769 93 190 199 740 797 714 528 357 23 779 178 900 188 408 472 583 748 897 963 950 379 401 452 738 301 553 108 664 130 747 151 556 55 235 944 444 571 482 14 926 39 1000 430 867 422 535 6 425 265 112 504 373 620 409 336 450 404 837 902 893 46 348 163 961 828 146 733 181 279 937 100 263 957 173 737 785 989 821 899 142 651 736 481 938 790 494 403 564 585 689 283 402 176 684 218 126 726 326 735 72 398 931 219 445 311 576 687 192 705 570 927 787 829 375 168 561 608 244 28 943 537 197 280 268 593 57 289 27 136 624 346 744 591 380 324 118 972 184 509 242 316 584 838 416 295 531 354 95 480 37 15 51 948 456 615 8 303 974 315 630 62 782 986 973 835 129 754 873 682 843 844 428 117 278 643 586 984 878 350 164 155 83 240 286 750 560 678 19 852 370 905 65 544 448 285 473 729 796 59 507 43 496 751 513 109 712 156 672 777 960 87 97 932 492 709 160 338 220 996 616 888 124 166 870 985 988 500 987 671 458 432 720 399 725 826 765 485 646 920 581 803 495 135 44 685 766 330 25 224 369 922 619 103 600 433 567 206 703 407 351 757 648 230 349 490 223 945 532 438 831 933 47 983 512 856 367 760 599 470 993 788 1 695 519 463 618 609 628 110 52 552 539 133 656 9 137 271 308 793 847 114 12 929 704 716 476 529 213 951 106 919 84 542 858 582 376 959 75 36 385 270 304 174 525 391 79 300 880 654 601 771 978 150 997 767 688 589 64 13 318 238 877 329 911 693 226 547 274 333 273 424 34 169 818 825 484 177 991 605 798 5 942 426 272 143 813 994 839 489 474 861 277 617 116 145 2 822 483 799 863 967 520 639 209 632 555 530 680 758 597 451 820 506 934 171 794 77 468 891 827 909 871 848 210 841 89 916 982 462 207 807 971 502 546 921 883 153 659 253 66 363 634 198 120 860 876 382 627 298 180 655 774 633 361 159 667 250 541 573 88 980 907 692 901 467 592 256 569 517 739 85 928 4 182 418 115 297 464 923 864 461 521 394 282 229 353 623 998 629 
190 151 556 55 235 944 444 571 482 14 926 39 1000 430 867 422 535 6 425 265 112 504 373 620 409 336 450 404 837 902 893 46 348 163 961 828 146 733 181 279 937 100 263 957 173 737 785 989 821 899 142 651 736 481 938 790 494 403 564 585 689 283 402 176 684 218 126 726 326 735 72 398 931 219 445 311 576 687 192 705 570 927 787 829 375 168 561 608 244 28 943 537 197 280 268 593 57 289 27 136 624 346 744 591 380 324 118 972 184 509 242 316 584 838 416 295 531 354 95 480 37 15 51 948 456 615 8 303 974 315 630 62 782 986 973 835 129 754 873 682 843 844 428 117 278 643 586 984 878 350 164 155 83 240 286 750 560 678 19 852 370 905 65 544 448 285 473 729 796 59 507 43 496 751 513 109 712 156 672 777 960 87 97 932 492 709 160 338 220 996 616 
979 288 205 913 879 215 381 761 477 887 508 770 252 644 189 90 549 719 395 406 696 579 661 193 7 455 366 320 845 958 834 443 371 840 804 221 342 290 212 802 791 607 741 572 82 602 677 640 731 595 776 550 857 312 545 131 898 29 243 413 48 241 284 728 510 222 431 681 536 393 694 869 587 713 647 275 833 257 657 17 325 598 527 161 925 80 294 266 918 566 686 936 889 305 868 261 335 21 383 954 11 121 718 172 915 778 935 756 558 389 24 990 356 497 625 410 896 293 149 459 245 809 700 475 22 559 439 122 128 236 679 892 31 260 540 516 995 660 16 862 76 612 488 836 141 665 195 493 522 60 208 722 291 18 914 228 53 746 32 267 819 35 201 105 466 437 824 465 479 626 390 699 805 359 162 881 211 111 54 332 590 91 26 568 232 708 706 183 610 454 292 894 557 306 340 533 234 119 33 170 185 924 724 875 652 734 323 514 157 396 543 281 817 952 259 638 158 498 613 753 246 749 186 906 419 405 49 970 940 769 93 190 199 740 797 714 528 357 23 779 178 900 188 408 472 583 748 897 963 950 379 401 452 738 301 553 108 664 130 747 151 556 55 235 944 444 571 482 14 926 39 1000 430 867 422 535 6 425 265 112 504 373 620 409 336 450 404 837 902 893 46 348 163 961 828 146 733 181 279 937 100 263 957 173 737 785 989 821 899 142 651 736 481 938 790 494 403 564 585 689 283 402 176 684 218 126 726 326 735 72 398 931 219 445 311 576 687 192 705 570 927 787 829 375 168 561 608 244 28 943 537 197 280 268 593 57 289 27 136 624 346 744 591 380 324 118 972 184 509 242 316 584 838 416 295 531 354 95 480 37 15 51 948 456 615 8 303 974 315 630 62 782 986 973 835 129 754 873 682 843 844 428 117 278 643 586 984 878 350 164 155 83 240 286 750 560 678 19 852 370 905 65 544 448 285 473 729 796 59 507 43 496 751 513 109 712 156 672 777 960 87 97 932 492 709 160 338 220 996 616 888 124 166 870 985 988 500 987 671 458 432 720 399 725 826 765 485 646 920 581 803 495 135 44 685 766 330 25 224 369 922 619 103 600 433 567 206 703 407 351 757 648 230 349 490 223 945 532 438 831 933 47 983 512 856 367 760 599 470 993 788 1 695 519 463 618 609 628 110 52 552 539 133 656 9 137 271 308 793 847 114 12 929 704 716 476 529 213 951 106 919 84 542 858 582 376 959 75 36 385 270 304 174 525 391 79 300 880 654 601 771 978 150 997 767 688 589 64 13 318 238 877 329 911 693 226 547 274 333 273 424 34 169 818 825 484 177 991 605 798 5 942 426 272 143 813 994 839 489 474 861 277 617 116 145 2 822 483 799 863 967 520 639 209 632 555 530 680 758 597 451 820 506 934 171 794 77 468 891 827 909 871 848 210 841 89 916 982 462 207 807 971 502 546 921 883 153 659 253 66 363 634 198 120 860 876 382 627 298 180 655 774 633 361 159 667 250 541 573 88 980 907 692 901 467 592 256 569 517 739 85 928 4 182 418 115 297 464 923 864 461 521 394 282 229 353 623 998 629 457 231 975 154 976 917 314 125 786 41 676 435 61 992 882 152 526 499 673 38 775 965 251 964 806 565 436 327 387 701 789 73 968 96 442 94 614 239 248 622 953 420 400 721 71 487 362 762 434 310 384 814 842 287 755 249 167 792 491 645 885 187 101 191 20 264 697 148 469 538 372 637 269 674 872 698 478 98 534 423 165 233 56 377 707 440 763 851 594 663 344 811 139 175 392 743 63 866 524 884 196 823 309 505 486 132 642 237 908 575 204 903 683 427 449 904 147 947 691 577 977 30 745 322 134 669 969 42 781 890 460 138 328 227 930 421 631 999 621 658 3 358 939 179 352 675 580 200 58 772 368 411 962 86 364 386 123 412 216 194 140 313 816 203 955 415 518 92 742 319 784 69 563 414 690 715 606 641 795 99 296 855 636 388 853 355 471 45 578 910 225 650 874 768 812 653 949 501 262 832 956 503 764 810 859 365 515 966 854 846 773 247 554 341 702 635 730 81 912 317 67 441 711 801 865 611 710 144 74 562 113 378 752 104 321 849 307 666 453 723 815 217 780 551 343 337 446 596 374 548 397 604 670 50 574 511 102 946 417 40 662 886 78 360 255 107 447 808 339 276 759 981 649 979 302 732 202 941 783 429 347 
249 905 65 544 448 285 473 729 796 59 507 43 496 751 513 109 712 156 672 777 960 87 97 932 492 709 160 338 220 996 616 888 124 166 870 985 988 500 987 671 458 432 720 399 725 826 765 485 646 920 581 803 495 135 44 685 766 330 25 224 369 922 619 103 600 433 567 206 703 407 351 757 648 230 349 490 223 945 532 438 831 933 47 983 512 856 367 760 599 470 993 788 1 695 519 463 618 609 628 110 52 552 539 133 656 9 137 271 308 793 847 114 12 929 704 716 476 529 213 951 106 919 84 542 858 582 376 959 75 36 385 270 304 174 525 391 79 300 880 654 601 771 978 150 997 767 688 589 64 13 318 238 877 329 911 693 226 547 274 333 273 424 34 169 818 825 484 177 991 605 798 5 942 426 272 143 813 994 839 489 474 861 277 617 116 145 2 822 483 799 863 967 520 639 209 632 555 530 680 758 597 451 820 506 934 171 794 77 468 891 827 909 871 848 210 841 89 916 982 462 207 807 971 502 546 921 883 153 659 253 66 363 634 198 120 860 876 382 627 298 180 655 774 633 361 159 667 250 541 573 
885 257 657 17 325 598 527 161 925 80 294 266 918 566 686 936 889 305 868 261 335 21 383 954 11 121 718 172 915 778 935 756 558 389 24 990 356 497 625 410 896 293 149 459 245 809 700 475 22 559 439 122 128 236 679 892 31 260 540 516 995 660 16 862 76 612 488 836 141 665 195 493 522 60 208 722 291 18 914 228 53 746 32 267 819 35 201 105 466 437 824 465 479 626 390 699 805 359 162 881 211 111 54 332 590 91 26 568 232 708 706 183 610 454 292 894 557 306 340 533 234 119 33 170 185 924 724 875 652 734 323 514 157 396 543 281 817 952 259 638 158 498 613 753 246 749 186 906 419 405 49 970 940 769 93 190 199 740 797 714 528 357 23 779 178 900 188 408 472 583 748 897 963 950 379 401 452 738 301 553 108 664 130 747 151 556 55 235 944 444 571 482 14 926 39 1000 430 867 422 535 6 425 265 112 504 373 620 409 336 450 404 837 902 893 46 348 163 961 828 146 733 181 279 937 100 263 957 173 737 785 989 821 899 142 651 736 481 938 790 494 403 564 585 689 283 402 176 684 218 126 726 326 735 72 398 931 219 445 311 576 687 192 705 570 927 787 829 375 168 561 608 244 28 943 537 197 280 268 593 57 289 27 136 624 346 744 591 380 324 118 972 184 509 242 316 584 838 416 295 531 354 95 480 37 15 51 948 456 615 8 303 974 315 630 62 782 986 973 835 129 754 873 682 843 844 428 117 278 643 586 984 878 350 164 155 83 240 286 750 560 678 19 852 370 905 65 544 448 285 473 729 796 59 507 43 496 751 513 109 712 156 672 777 960 87 97 932 492 709 160 338 220 996 616 888 124 166 870 985 988 500 987 671 458 432 720 399 725 826 765 485 646 920 581 803 495 135 44 685 766 330 25 224 369 922 619 103 600 433 567 206 703 407 351 757 648 230 349 490 223 945 532 438 831 933 47 983 512 856 367 760 599 470 993 788 1 695 519 463 618 609 628 110 52 552 539 133 656 9 137 271 308 793 847 114 12 929 704 716 476 529 213 951 106 919 84 542 858 582 376 959 75 36 385 270 304 174 525 391 79 300 880 654 601 771 978 150 997 767 688 589 64 13 318 238 877 329 911 693 226 547 274 333 273 424 34 169 818 825 484 177 991 605 798 5 942 426 272 143 813 994 839 489 474 861 277 617 116 145 2 822 483 799 863 967 520 639 209 632 555 530 680 758 597 451 820 506 934 171 794 77 468 891 827 909 871 848 210 841 89 916 982 462 207 807 971 502 546 921 883 153 659 253 66 363 634 198 120 860 876 382 627 298 180 655 774 633 361 159 667 250 541 573 88 980 907 692 901 467 592 256 569 517 739 85 928 4 182 418 115 297 464 923 864 461 521 394 282 229 353 623 998 629 457 231 975 154 976 917 314 125 786 41 676 435 61 992 882 152 526 499 673 38 775 965 251 964 806 565 436 327 387 701 789 73 968 96 442 94 614 239 248 622 953 420 400 721 71 487 362 762 434 310 384 814 842 287 755 249 167 792 491 645 885 187 101 191 20 264 697 148 469 538 372 637 269 674 872 698 478 98 534 423 165 233 56 377 707 440 763 851 594 663 344 811 139 175 392 743 63 866 524 884 196 823 309 505 486 132 642 237 908 575 204 903 683 427 449 904 147 947 691 577 977 30 745 322 134 669 969 42 781 890 460 138 328 227 930 421 631 999 621 658 3 358 939 179 352 675 580 200 58 772 368 411 962 86 364 386 123 412 216 194 140 313 816 203 955 415 518 92 742 319 784 69 563 414 690 715 606 641 795 99 296 855 636 388 853 355 471 45 578 910 225 650 874 768 812 653 949 501 262 832 956 503 764 810 859 365 515 966 854 846 773 247 554 341 702 635 730 81 912 317 67 441 711 801 865 611 710 144 74 562 113 378 752 104 321 849 307 666 453 723 815 217 780 551 343 337 446 596 374 548 397 604 670 50 574 511 102 946 417 40 662 886 78 
317 43 496 751 513 109 712 156 672 777 960 87 97 932 492 709 160 338 220 996 616 888 124 166 870 985 988 500 987 671 458 432 720 399 725 826 765 485 646 920 581 803 495 135 44 685 766 330 25 224 369 922 619 103 600 433 567 206 703 407 351 757 648 230 349 490 223 945 532 438 831 933 47 983 512 856 367 760 599 470 993 788 1 695 519 463 618 609 628 110 52 552 539 133 656 9 137 271 308 793 847 114 12 929 704 716 476 529 213 951 106 919 84 542 858 582 376 959 75 36 385 270 304 174 525 391 79 300 880 654 601 771 978 150 997 767 688 589 64 13 318 238 877 329 911 693 226 547 274 333 273 424 34 169 818 825 484 177 991 605 798 5 942 426 272 143 813 994 839 489 474 861 277 617 116 145 2 822 483 799 863 967 520 639 209 632 555 530 680 758 597 451 820 506 934 171 794 77 468 891 827 909 871 848 210 841 89 916 982 462 207 807 971 502 546 921 883 153 659 253 66 363 634 198 120 860 876 382 627 298 180 655 774 633 361 159 667 250 541 573 88 980 907 692 901 467 592 256 569 517 739 85 928 4 182 418 115 297 464 923 864 461 521 394 282 229 353 623 998 629 457 231 975 154 976 917 314 125 786 41 676 435 61 992 882 152 526 499 673 38 775 965 251 964 806 565 436 327 387 701 789 73 968 96 442 94 614 239 248 622 953 420 400 721 71 487 362 762 
535 294 266 918 566 686 936 889 305 868 261 335 21 383 954 11 121 718 172 915 778 935 756 558 389 24 990 356 497 625 410 896 293 149 459 245 809 700 475 22 559 439 122 128 236 679 892 31 260 540 516 995 660 16 862 76 612 488 836 141 665 195 493 522 60 208 722 291 18 914 228 53 746 32 267 819 35 201 105 466 437 824 465 479 626 390 699 805 359 162 881 211 111 54 332 590 91 26 568 232 708 706 183 610 454 292 894 557 306 340 533 234 119 33 170 185 924 724 875 652 734 323 514 157 396 543 281 817 952 259 638 158 498 613 753 246 749 186 906 419 405 49 970 940 769 93 190 199 740 797 714 528 357 23 779 178 900 188 408 472 583 748 897 963 950 379 401 452 738 301 553 108 664 130 747 151 556 55 235 944 444 571 482 14 926 39 1000 430 867 422 535 6 425 265 112 504 373 620 409 336 450 404 837 902 893 46 348 163 961 828 146 733 181 279 937 100 263 957 173 737 785 989 821 899 142 651 736 481 938 790 494 403 564 585 689 283 402 176 684 218 126 726 326 735 72 398 931 219 445 311 576 687 192 705 570 927 787 829 375 168 561 608 244 28 943 537 197 280 268 593 57 289 27 136 624 346 744 591 380 324 118 972 184 509 242 316 584 838 416 295 531 354 95 480 37 15 51 948 456 615 8 303 974 315 630 62 782 986 973 835 129 754 873 682 843 844 428 117 278 643 586 984 878 350 164 155 83 240 286 750 560 678 19 852 370 905 65 544 448 285 473 729 796 59 507 43 496 751 513 109 712 156 672 777 960 87 97 932 492 709 160 338 220 996 616 888 124 166 870 985 988 500 987 671 458 432 720 399 725 826 765 485 646 920 581 803 495 135 44 685 766 330 25 224 369 922 619 103 600 433 567 206 703 407 351 757 648 230 349 490 223 945 532 438 831 933 47 983 512 856 367 760 599 470 993 788 1 695 519 463 618 609 628 110 52 552 539 133 656 9 137 271 308 793 847 114 12 929 704 716 476 529 213 951 106 919 84 542 858 582 376 959 75 36 385 270 304 174 525 391 79 300 880 654 601 771 978 150 997 767 688 589 64 13 318 238 877 329 911 693 226 547 274 333 273 424 34 169 818 825 484 177 991 605 798 5 942 426 272 143 813 994 839 489 474 861 277 617 116 145 2 822 483 799 863 967 520 639 209 632 555 530 680 758 597 451 
89 532 438 831 933 47 983 512 856 367 760 599 470 993 788 1 695 519 463 618 609 628 110 52 552 539 133 656 9 137 271 308 793 847 114 12 929 704 716 476 529 213 951 106 919 84 542 858 582 376 959 75 36 385 270 304 174 525 391 79 300 880 654 601 771 978 150 997 767 688 589 64 13 318 238 877 329 911 693 226 547 274 333 273 424 34 169 818 825 484 
254 852 370 905 65 544 448 285 473 729 796 59 507 43 496 751 513 109 712 156 672 777 960 87 97 932 492 709 160 338 220 996 616 888 124 166 870 985 988 500 987 671 458 432 720 399 725 826 765 485 646 920 581 803 495 135 44 685 766 330 25 224 369 922 619 103 600 433 567 206 703 407 351 757 648 230 349 490 223 945 532 438 831 933 47 983 512 856 367 760 599 470 993 788 1 695 519 463 618 609 628 110 52 552 539 133 656 9 137 271 308 793 847 114 12 929 704 716 476 529 213 951 106 919 84 542 858 582 376 959 75 36 385 270 304 174 525 391 79 300 880 654 601 771 978 150 997 767 688 589 64 13 318 238 877 329 911 693 226 547 274 333 273 424 34 169 818 825 484 177 991 605 798 5 942 426 272 143 813 994 839 489 474 861 277 617 116 145 2 822 483 799 863 967 520 639 209 632 555 530 680 758 597 451 820 506 934 171 794 77 468 891 827 909 871 848 210 841 89 916 982 462 207 807 971 502 546 921 883 153 659 253 66 363 634 198 120 860 876 382 627 298 180 655 774 633 361 159 667 250 541 573 88 980 907 
303 402 176 684 218 126 726 326 735 72 398 931 219 445 311 576 687 192 705 570 927 787 829 375 168 561 608 244 28 943 537 197 280 268 593 57 289 27 136 624 346 744 591 380 324 118 972 184 509 242 316 584 838 416 295 531 354 95 480 37 15 51 948 456 615 8 303 974 315 630 62 782 986 973 835 129 754 873 682 843 844 428 117 278 643 586 984 878 350 164 155 83 240 286 750 560 678 19 852 370 905 65 544 448 285 473 729 796 59 507 43 496 751 513 109 712 156 672 777 960 87 97 932 492 709 160 338 220 996 616 888 124 166 870 985 988 500 987 671 458 432 720 399 725 826 765 485 646 920 581 803 495 135 44 685 766 330 25 224 369 922 619 103 600 433 567 206 703 407 351 757 648 230 349 490 223 945 532 438 831 933 47 983 512 856 367 760 599 470 993 788 1 695 519 463 618 609 628 110 52 552 539 133 656 9 137 271 308 793 847 114 12 929 704 716 476 529 213 951 106 919 84 542 858 582 376 959 75 36 385 270 304 174 525 391 79 300 880 654 601 771 978 150 997 767 688 589 64 13 318 238 877 329 911 693 226 547 274 333 273 424 34 169 818 825 484 177 991 605 798 5 942 426 272 143 813 994 839 489 474 861 277 617 116 145 2 822 483 799 863 967 520 639 209 632 555 530 680 758 597 451 820 506 934 
494 218 126 726 326 735 72 398 931 219 445 311 576 687 192 705 570 927 787 829 375 168 561 608 244 28 943 537 197 280 268 593 57 289 27 136 624 346 744 591 380 324 118 972 184 509 242 316 584 838 416 295 531 354 95 480 37 15 51 948 456 615 8 303 974 315 630 62 782 986 973 835 129 754 873 682 843 844 428 117 278 643 586 984 878 350 164 155 83 240 286 750 560 678 19 852 370 905 65 544 448 285 473 729 796 59 507 43 496 751 513 109 712 156 672 777 960 87 97 932 492 709 160 338 220 996 616 888 124 166 870 985 988 500 987 671 458 432 720 399 725 826 765 485 646 920 581 803 495 135 44 685 766 330 25 224 369 922 619 103 600 433 567 206 703 407 351 757 648 230 349 490 223 945 532 438 831 933 47 983 512 856 367 760 599 470 993 788 1 695 519 463 618 609 628 110 52 552 539 133 656 9 137 271 308 793 847 114 12 929 704 716 476 529 213 951 106 919 84 542 858 582 376 959 75 36 385 270 304 174 525 391 79 300 880 654 601 771 978 150 997 767 688 589 64 13 318 238 877 329 911 693 226 547 274 333 273 424 34 169 818 825 484 177 991 605 798 5 942 426 272 143 813 994 839 489 474 861 277 617 116 145 2 822 483 799 863 967 520 639 209 632 555 530 680 758 597 451 820 506 934 171 794 77 468 891 827 909 871 848 210 841 89 916 982 462 207 807 971 502 546 921 883 153 659 253 66 363 634 198 120 860 876 382 627 298 180 655 774 633 361 159 667 250 541 573 88 980 907 692 901 467 592 256 569 517 739 85 928 4 182 418 115 297 464 923 864 461 521 394 282 229 353 623 998 629 457 231 975 154 976 917 314 125 786 41 676 435 61 992 882 152 526 499 673 38 775 965 251 964 806 565 436 327 387 701 789 73 968 96 442 94 614 239 248 622 953 420 400 721 71 487 362 762 434 310 384 814 842 287 755 249 167 792 491 645 885 187 101 191 20 264 697 148 469 538 372 637 269 674 872 698 478 98 534 423 165 233 56 377 707 440 763 851 594 663 344 811 139 175 392 743 63 866 524 884 196 823 309 505 486 132 642 237 908 575 204 903 683 427 449 904 147 947 691 
560 244 28 943 537 197 280 268 593 57 289 27 136 624 346 744 591 380 324 118 972 184 509 242 316 584 838 416 295 531 354 95 480 37 15 51 948 456 615 8 303 974 315 630 62 782 986 973 835 129 754 873 682 843 844 428 117 278 643 586 984 878 350 164 155 83 240 286 750 560 678 19 852 370 905 65 544 448 285 473 729 796 59 507 43 496 751 513 109 712 156 672 777 960 87 97 932 492 709 160 338 220 996 616 888 124 166 870 985 988 500 987 671 458 432 720 399 725 826 765 485 646 920 581 803 495 135 44 685 766 330 25 224 369 922 619 103 600 433 567 206 703 407 351 757 648 230 349 490 223 945 532 438 831 933 47 983 512 856 367 760 599 470 993 788 1 695 519 463 618 609 628 110 52 552 539 133 656 9 137 271 308 793 847 114 12 929 704 716 476 529 213 951 106 919 84 542 858 582 376 959 75 36 385 270 304 174 525 391 79 300 880 654 601 771 978 150 997 767 688 589 64 13 318 238 877 329 911 693 226 547 274 333 273 424 34 169 818 825 484 177 991 605 798 5 942 426 272 143 813 994 839 489 474 861 277 617 116 145 2 822 483 799 863 967 520 639 209 632 555 530 680 758 597 451 820 506 934 171 794 77 468 891 827 909 871 848 210 841 89 916 982 462 207 807 971 502 546 921 883 153 659 253 66 363 634 198 120 860 876 382 627 298 180 655 774 633 361 159 667 250 541 573 88 980 907 692 901 467 592 256 569 517 739 85 928 4 182 418 115 297 464 923 864 461 521 394 282 229 353 623 998 629 457 231 975 154 976 917 314 125 786 41 676 435 61 992 882 152 526 499 673 38 775 965 251 964 806 565 436 327 387 701 789 73 968 96 442 94 614 239 248 622 953 420 400 721 71 487 362 762 434 310 384 814 842 287 755 249 167 792 491 645 885 187 101 191 20 264 697 148 469 538 372 637 269 674 872 698 478 98 534 423 165 233 56 377 707 440 763 851 594 663 344 811 139 175 392 743 63 866 524 884 196 823 309 505 486 132 642 237 908 575 204 903 683 427 449 904 147 947 691 577 977 30 745 322 134 669 969 42 781 890 460 138 328 227 930 421 631 999 621 658 3 358 939 179 352 675 580 200 58 772 368 411 962 86 364 386 123 412 216 194 140 313 816 203 955 415 518 92 742 319 784 69 563 414 690 715 606 641 795 99 296 855 636 388 853 355 471 45 578 910 225 650 874 768 812 653 949 501 262 832 956 503 764 810 859 365 515 966 
734 660 16 862 76 612 488 836 141 665 195 493 522 60 208 722 291 18 914 228 53 746 32 267 819 35 201 105 466 437 824 465 479 626 390 699 805 359 162 881 211 111 54 332 590 91 26 568 232 708 706 183 610 454 292 894 557 306 340 533 234 119 33 170 185 924 724 875 652 734 323 514 157 396 543 281 817 952 259 638 158 498 613 753 246 749 186 906 419 405 49 970 940 769 93 190 199 740 797 714 528 357 23 779 178 900 188 408 472 583 748 897 963 950 379 401 452 738 301 553 108 664 130 747 151 556 55 235 944 444 571 482 14 926 39 1000 430 867 422 535 6 425 265 112 504 373 620 409 336 450 404 837 902 893 46 348 163 961 828 146 733 181 279 937 100 263 957 173 737 785 989 821 899 142 651 736 481 938 790 494 403 564 585 689 283 402 176 684 218 126 726 326 735 72 398 931 219 445 311 576 687 192 705 570 927 787 829 375 168 561 608 244 28 943 537 197 280 268 593 57 289 27 136 624 346 744 591 380 324 118 972 184 509 242 316 584 838 416 295 531 354 95 480 37 15 51 948 456 615 8 303 974 315 630 62 782 986 973 835 129 754 873 682 843 844 428 117 278 643 586 984 878 350 164 155 83 240 286 750 560 678 19 852 370 905 65 544 448 285 473 729 796 59 507 43 496 751 513 109 712 156 672 777 960 87 97 932 492 709 160 338 220 996 616 888 124 166 870 985 988 500 987 671 458 432 720 399 725 826 765 485 646 920 581 803 495 135 44 685 766 330 25 224 369 922 619 103 600 433 567 206 703 407 351 757 648 230 349 490 223 945 532 438 831 933 47 983 512 856 367 760 599 470 993 788 1 695 519 463 618 609 628 110 52 552 539 133 656 9 137 271 308 793 847 114 12 929 704 716 476 529 213 951 106 919 84 542 858 582 376 959 75 36 385 270 304 174 525 391 79 300 880 654 601 771 978 150 997 767 688 589 64 13 318 238 877 329 911 693 226 547 274 333 273 424 34 169 818 825 484 177 991 605 798 5 942 426 272 143 813 994 839 489 474 861 277 617 116 145 2 822 483 799 863 967 520 639 209 632 555 530 680 758 597 451 820 506 934 171 794 77 468 891 827 909 871 848 210 841 89 916 982 462 207 807 971 502 546 921 883 153 659 253 66 363 634 198 120 860 876 382 627 298 180 655 774 633 361 159 667 250 541 573 88 980 907 692 901 467 592 256 569 517 739 85 928 4 182 418 115 297 464 923 864 461 521 394 282 229 353 623 998 629 457 231 975 154 976 917 314 125 786 41 676 435 61 992 882 152 526 499 673 38 775 965 251 964 806 565 436 327 387 701 789 73 968 96 442 94 614 239 248 622 953 420 400 721 71 487 362 762 434 310 384 814 842 287 755 249 167 792 491 645 885 187 101 191 20 264 697 148 469 538 372 637 269 674 872 698 478 98 534 423 165 233 56 377 707 440 763 851 594 663 344 811 139 175 392 743 63 866 524 884 196 823 309 505 486 132 642 237 908 575 204 903 683 427 449 904 147 947 691 577 977 30 745 322 134 669 969 42 781 890 460 138 328 227 930 421 631 999 621 658 3 358 939 179 352 675 580 200 58 772 368 411 962 86 364 386 123 412 216 194 140 313 816 203 955 415 518 92 742 319 784 69 
789 284 728 510 222 431 681 536 393 694 869 587 713 647 275 833 257 657 17 325 598 527 161 925 80 294 266 918 566 686 936 889 305 868 261 335 21 383 954 11 121 718 172 915 778 935 756 558 389 24 990 356 497 625 410 896 293 149 459 245 809 700 475 22 559 439 122 128 236 679 892 31 260 540 516 995 660 16 862 76 612 488 836 141 665 195 493 522 60 208 722 291 18 914 228 53 746 32 267 819 35 201 105 466 437 824 465 479 626 390 699 805 359 162 881 211 111 54 332 590 91 26 568 232 708 706 183 610 454 292 894 557 306 340 533 234 119 33 170 185 924 724 875 652 734 323 514 157 396 543 281 817 952 259 638 158 498 613 753 246 749 186 906 419 405 49 970 940 769 93 190 199 740 797 714 528 357 23 779 178 900 188 408 472 583 748 897 963 950 379 401 452 738 301 553 108 664 130 747 151 556 55 235 944 444 571 482 14 926 39 1000 430 867 422 535 6 425 265 112 504 373 620 409 336 450 404 837 902 893 46 348 163 961 828 146 733 181 279 937 100 263 957 173 737 785 989 821 899 142 651 736 481 938 790 494 403 564 585 689 283 402 176 684 218 126 726 326 735 72 398 931 219 445 311 576 687 192 705 570 927 787 829 375 168 561 608 244 28 943 537 197 280 268 593 57 289 27 136 624 346 744 591 380 324 118 972 184 509 242 316 584 838 416 295 531 354 95 480 37 15 51 948 456 615 8 303 974 315 630 62 782 986 973 835 129 754 873 682 843 844 428 117 278 643 586 984 878 350 164 155 83 240 286 750 560 678 19 852 370 905 65 544 448 285 473 729 796 59 507 43 496 751 513 109 712 156 672 777 960 87 97 932 492 709 160 338 220 996 616 888 124 166 870 985 988 500 987 671 458 432 720 399 725 826 765 485 646 920 581 803 495 135 44 685 766 330 25 224 369 922 619 103 600 433 567 206 703 407 351 757 648 230 349 490 223 945 532 438 831 933 47 983 512 856 367 760 599 470 993 788 1 695 519 463 618 609 628 110 52 552 539 133 656 9 137 271 308 793 847 114 12 929 704 716 476 529 213 951 106 919 84 542 858 582 376 959 75 36 385 270 304 174 525 391 79 300 880 654 601 771 978 150 997 767 688 589 64 13 318 238 877 329 911 693 226 547 274 333 273 424 34 169 818 825 484 177 991 605 798 5 942 426 272 143 813 994 839 489 474 861 277 617 116 145 2 822 483 799 863 967 520 639 209 632 555 530 680 758 597 451 820 506 934 171 794 77 468 891 827 909 871 848 210 841 89 916 982 462 207 807 971 502 546 921 883 153 659 253 66 363 634 198 120 860 876 382 627 298 180 655 774 633 361 159 667 250 541 573 88 980 907 692 901 467 592 256 569 517 739 85 928 4 182 418 115 297 464 923 864 461 521 394 282 229 353 623 998 629 457 231 975 154 976 917 314 125 786 41 676 435 61 992 882 152 526 499 673 38 775 965 251 964 806 565 436 327 387 701 789 73 968 96 442 94 614 239 248 622 953 420 400 721 71 487 362 762 434 310 384 814 842 287 755 249 167 792 491 645 885 187 101 191 20 264 697 148 469 538 372 637 269 674 872 698 478 98 534 423 165 233 56 377 707 440 763 851 594 663 344 811 139 175 392 743 63 866 524 884 196 823 309 505 486 132 642 237 908 575 204 903 683 427 449 904 147 947 691 577 977 30 745 322 134 669 969 42 781 890 460 138 328 227 930 421 631 999 621 658 3 358 939 179 352 675 580 200 58 772 368 411 
697 465 479 626 390 699 805 359 162 881 211 111 54 332 590 91 26 568 232 708 706 183 610 454 292 894 557 306 340 533 234 119 33 170 185 924 724 875 652 734 323 514 157 396 543 281 817 952 259 638 158 498 613 753 246 749 186 906 419 405 49 970 940 769 93 190 199 740 797 714 528 357 23 779 178 900 188 408 472 583 748 897 963 950 379 401 452 738 301 553 108 664 130 747 151 556 55 235 944 444 571 482 14 926 39 1000 430 867 422 535 6 425 265 112 504 373 620 409 336 450 404 837 902 893 46 348 163 961 828 146 733 181 279 937 100 263 957 173 737 785 989 821 899 142 651 736 481 938 790 494 403 564 585 689 283 402 176 684 218 126 726 326 735 72 398 931 219 445 311 576 687 192 705 570 927 787 829 375 168 561 608 244 28 943 537 197 280 268 593 57 289 27 136 624 346 744 591 380 324 118 972 184 509 242 316 584 838 416 295 531 354 95 480 37 15 51 948 456 615 8 303 974 315 630 62 782 986 973 835 129 754 873 682 843 844 428 117 278 643 586 984 878 350 164 155 83 240 286 750 560 678 19 852 370 905 65 544 448 285 473 729 796 59 507 43 496 751 513 109 712 156 672 777 960 87 97 932 492 709 160 338 220 996 616 888 124 166 870 985 988 500 987 671 458 432 720 399 725 826 765 485 646 920 581 803 495 135 44 685 766 330 25 224 369 922 619 103 600 433 567 206 703 407 351 757 648 230 349 490 223 945 532 438 831 933 47 983 512 856 367 760 599 470 993 788 1 695 519 463 618 609 628 110 52 552 539 133 656 9 137 271 308 793 847 114 12 929 704 716 476 529 213 951 106 919 84 542 858 582 376 959 75 36 385 270 304 174 525 391 79 300 880 654 601 771 978 150 997 767 688 589 64 13 318 238 877 329 911 693 226 547 274 333 273 424 34 169 818 825 484 177 991 605 798 5 942 426 272 143 813 994 839 489 474 861 277 617 116 145 2 822 483 799 863 967 520 639 209 632 555 530 680 758 597 451 820 506 934 171 794 77 468 891 827 909 871 848 210 841 89 916 982 462 207 807 971 502 546 921 883 153 659 253 66 363 634 198 120 860 876 382 627 298 180 655 774 633 361 159 667 250 541 573 88 980 907 692 901 467 592 256 569 517 739 85 928 4 182 418 115 297 464 923 864 461 521 394 282 229 353 623 998 629 457 231 975 154 976 917 314 125 786 41 676 435 61 992 882 152 526 499 673 38 775 965 251 964 806 565 436 327 387 701 789 73 968 96 442 94 614 239 248 622 953 420 400 721 71 487 362 762 434 310 384 814 842 287 755 249 167 792 491 645 885 187 101 191 20 264 697 148 469 538 372 637 269 674 872 698 478 98 534 423 165 233 56 377 707 440 763 851 594 663 344 811 139 175 392 743 63 866 524 884 196 823 309 505 486 132 642 237 908 575 204 903 683 427 449 904 147 947 691 577 977 30 745 322 134 669 969 42 781 890 460 138 328 227 930 421 631 999 621 658 3 358 939 179 352 675 580 200 58 772 368 411 962 86 364 386 123 412 216 194 140 313 816 203 955 
523 591 380 324 118 972 184 509 242 316 584 838 416 295 531 354 95 480 37 15 51 948 456 615 8 303 974 315 630 62 782 986 973 835 129 754 873 682 843 844 428 117 278 643 586 984 878 350 164 155 83 240 286 750 560 678 19 852 370 905 65 544 448 285 473 729 796 59 507 43 496 751 513 109 712 156 672 777 960 87 97 932 492 709 160 338 220 996 616 888 124 166 870 985 988 500 987 671 458 432 720 399 725 826 765 485 646 920 581 803 495 135 44 685 766 330 25 224 369 922 619 103 600 433 567 206 703 407 351 757 648 230 349 490 223 945 532 438 831 933 47 983 512 856 367 760 599 470 993 788 1 695 519 463 618 609 628 110 52 552 539 133 656 9 137 271 308 793 847 114 12 929 704 716 476 529 213 951 106 919 84 542 858 582 376 959 75 36 385 270 304 174 525 391 79 300 880 654 601 771 978 150 997 767 688 589 64 13 318 238 877 329 911 693 226 547 274 333 273 424 34 169 818 825 484 177 991 605 798 5 942 426 272 143 813 994 839 489 474 861 277 617 116 145 2 822 483 799 863 967 520 639 209 632 555 530 680 758 597 451 820 506 934 171 794 77 468 891 827 909 871 848 210 841 89 916 982 462 207 807 971 502 546 921 883 153 659 253 66 363 634 198 120 860 876 382 627 298 180 655 774 633 361 159 667 250 541 573 88 980 907 692 901 467 592 256 569 517 739 85 928 4 182 418 115 297 464 923 864 461 521 394 282 229 353 623 998 629 457 231 975 154 976 917 314 125 786 41 676 435 61 992 882 152 526 499 673 38 775 965 251 964 806 565 436 327 387 701 789 73 968 96 442 94 614 239 248 622 953 420 400 721 71 487 362 762 434 310 384 814 842 287 755 249 167 792 491 645 885 187 101 191 20 264 697 148 469 538 372 637 269 674 872 698 478 98 534 423 165 233 56 377 707 440 763 851 594 663 344 811 139 175 392 743 63 866 524 884 196 823 309 505 486 132 642 237 908 575 204 903 683 427 449 904 147 947 691 577 977 30 745 322 134 669 969 42 781 890 460 138 328 227 930 421 631 999 621 658 3 358 939 179 352 675 580 200 58 772 368 411 962 86 364 386 123 412 216 194 140 313 816 203 955 415 518 92 742 319 784 69 563 414 690 715 606 641 795 99 296 855 636 388 853 355 
286 456 615 8 303 974 315 630 62 782 986 973 835 129 754 873 682 843 844 428 117 278 643 586 984 878 350 164 155 83 240 286 750 560 678 19 852 370 905 65 544 448 285 473 729 796 59 507 43 496 751 513 109 712 156 672 777 960 87 97 932 492 709 160 338 220 996 616 888 124 166 870 985 988 500 987 671 458 432 720 399 725 826 765 485 646 920 581 803 495 135 44 685 766 330 25 224 369 922 619 103 600 433 567 206 703 407 351 757 648 230 349 490 223 945 532 438 831 933 47 983 512 856 367 760 599 470 993 788 1 695 519 463 618 609 628 110 52 552 539 133 656 9 137 271 308 793 847 114 12 929 704 716 476 529 213 951 106 919 84 542 858 582 376 959 75 36 385 270 304 174 525 391 79 300 880 654 601 771 978 150 997 767 688 589 64 13 318 238 877 329 911 693 226 547 274 333 273 424 34 169 818 825 484 177 991 605 798 5 942 426 272 143 813 994 839 489 474 861 277 617 116 145 2 822 483 799 863 967 520 639 209 632 555 530 680 758 597 451 820 506 934 171 794 77 468 891 827 909 871 848 210 841 89 916 982 462 207 807 971 502 546 921 883 153 659 253 66 363 634 198 120 860 876 382 627 298 180 655 774 633 361 159 667 250 541 573 
839 395 406 696 579 661 193 7 455 366 320 845 958 834 443 371 840 804 221 342 290 212 802 791 607 741 572 82 602 677 640 731 595 776 550 857 312 545 131 898 29 243 413 48 241 284 728 510 222 431 681 536 393 694 869 587 713 647 275 833 257 657 17 325 598 527 161 925 80 294 266 918 566 686 936 889 305 868 261 335 21 383 954 11 121 718 172 915 778 935 756 558 389 24 990 356 497 625 410 896 293 149 459 245 809 700 475 22 559 439 122 128 236 679 892 31 260 540 516 995 660 16 862 76 612 488 836 141 665 195 493 522 60 208 722 291 18 914 228 53 746 32 267 819 35 201 105 466 437 824 465 479 626 390 699 805 359 162 881 211 111 54 332 590 91 26 568 232 708 706 183 610 454 292 894 557 306 340 533 234 119 33 170 185 924 724 875 652 734 323 514 157 396 543 281 817 952 259 638 158 498 613 753 246 749 186 906 419 405 49 970 940 769 93 190 199 740 797 714 528 357 23 779 178 900 188 408 472 583 748 897 963 950 379 401 452 738 301 553 108 664 130 747 151 556 55 235 944 444 571 482 14 926 39 1000 430 867 422 535 6 425 265 112 504 373 620 409 336 450 404 837 902 893 46 348 163 961 828 146 733 181 279 937 100 263 957 173 737 785 989 821 899 142 651 736 481 938 790 494 403 564 585 689 283 402 176 684 218 126 726 326 735 72 398 931 219 445 311 576 687 192 705 570 927 787 829 375 168 561 608 244 28 943 537 197 280 268 593 57 289 27 136 624 346 744 591 380 324 118 972 184 509 242 316 584 838 416 295 531 354 95 480 37 15 51 948 456 615 8 303 974 315 630 62 782 986 973 835 129 754 873 682 843 844 428 117 278 643 586 984 878 350 164 155 83 240 286 750 560 678 19 852 370 905 65 544 448 285 473 729 796 59 507 43 496 751 513 109 712 156 672 777 960 87 97 932 492 709 160 338 220 996 616 888 124 166 870 985 988 500 987 671 458 432 720 399 725 826 765 485 646 920 581 803 495 135 44 685 766 330 25 224 369 922 619 103 600 433 567 206 703 407 351 757 648 230 349 490 223 945 532 438 831 933 47 983 512 856 367 760 599 470 993 788 1 695 519 463 618 609 628 110 52 552 539 133 656 9 137 271 308 793 847 114 12 929 704 716 476 529 213 951 106 919 84 542 858 582 376 959 75 36 385 270 304 174 525 391 79 300 880 654 601 771 978 150 997 767 688 589 64 13 318 238 877 329 911 693 226 547 274 333 273 424 34 169 818 825 484 177 991 605 798 5 942 426 272 143 813 994 839 489 474 861 277 617 116 145 2 822 483 799 863 967 520 639 209 632 555 530 680 758 597 451 820 506 934 171 794 77 468 891 827 909 871 848 210 841 89 916 982 462 207 807 971 502 546 921 883 153 659 253 66 363 634 198 120 860 876 382 627 298 180 655 774 633 361 159 667 250 541 573 88 980 907 692 901 467 592 256 569 517 739 85 928 4 182 418 115 297 464 923 864 461 521 394 282 229 353 623 998 629 457 231 975 154 976 917 314 125 786 41 676 435 61 992 882 152 526 499 673 38 775 965 251 964 806 565 436 327 387 701 789 73 968 96 442 94 614 239 248 622 953 420 400 721 71 487 362 762 434 310 384 814 842 287 755 249 167 792 491 645 885 187 101 191 20 264 697 148 469 538 372 637 269 674 872 698 478 98 534 423 165 233 56 377 707 440 763 851 594 663 344 811 139 175 392 743 63 866 524 884 196 823 309 505 486 132 642 237 908 575 204 903 683 427 449 904 147 947 691 577 977 30 745 322 134 669 969 42 781 890 460 138 328 227 930 421 631 999 621 658 3 358 939 179 352 675 580 200 58 772 368 411 962 86 364 386 123 412 
690 259 638 158 498 613 753 246 749 186 906 419 405 49 970 940 769 93 190 199 740 797 714 528 357 23 779 178 900 188 408 472 583 748 897 963 950 379 401 452 738 301 553 108 664 130 747 151 556 55 235 944 444 571 482 14 926 39 1000 430 867 422 535 6 425 265 112 504 373 620 409 336 450 404 837 902 893 46 348 163 961 828 146 733 181 279 937 100 263 957 173 737 785 989 821 899 142 651 736 481 938 790 494 403 564 585 689 283 402 176 684 218 126 726 326 735 72 398 931 219 445 311 576 687 192 705 570 927 787 829 375 168 561 608 244 28 943 537 197 280 268 593 57 289 27 136 624 346 744 591 380 324 118 972 184 509 242 316 584 838 416 295 531 354 95 480 37 15 51 948 456 615 8 303 974 315 630 62 782 986 973 835 129 754 873 682 843 844 428 117 278 643 586 984 878 350 164 155 83 240 286 750 560 678 19 852 370 905 65 544 448 285 473 729 796 59 507 43 496 751 513 109 712 156 672 777 960 87 97 932 492 709 160 338 220 996 616 888 124 166 870 985 988 500 987 671 458 432 720 399 725 826 765 485 646 920 581 803 495 135 44 685 766 330 25 224 369 922 619 103 600 433 567 206 703 407 351 757 648 230 349 490 223 945 532 438 831 933 47 983 512 856 367 760 599 470 993 788 1 695 519 463 618 609 628 110 52 552 539 133 656 9 137 271 308 793 847 114 12 929 704 716 476 529 213 951 106 919 84 542 858 582 376 959 75 36 385 270 304 174 525 391 79 300 880 654 601 771 978 150 997 767 688 589 64 13 318 238 877 329 911 693 226 547 274 333 273 424 34 169 818 825 484 177 991 605 798 5 942 426 272 143 813 994 839 489 474 861 277 617 116 145 2 822 483 799 863 967 520 639 209 632 555 530 680 758 597 451 820 506 934 171 794 77 468 891 827 909 871 848 210 841 89 916 982 462 207 807 971 502 546 921 883 153 659 253 66 363 634 198 120 860 876 382 627 298 180 655 774 633 361 159 667 250 541 573 88 980 907 692 901 467 592 256 569 517 739 85 928 4 182 418 115 297 464 923 864 461 521 394 282 229 353 623 998 629 457 231 975 154 976 917 314 125 786 41 676 435 61 992 882 152 526 499 673 38 775 965 251 964 806 565 436 327 387 701 789 73 968 96 442 94 614 239 248 622 953 420 400 721 71 487 362 762 434 310 384 814 842 287 755 249 167 792 491 645 885 187 101 191 20 264 697 148 469 538 372 637 269 674 872 698 478 98 534 423 165 233 56 377 707 440 763 851 594 663 344 811 139 175 392 743 63 866 524 884 196 823 309 505 486 132 642 237 908 575 204 903 683 427 449 904 147 947 691 577 977 30 745 322 134 669 969 42 781 890 460 138 328 227 930 421 631 999 621 658 3 358 939 179 352 675 580 200 58 772 368 411 962 86 364 386 123 412 216 194 140 313 816 203 955 415 518 92 742 319 784 69 563 414 690 715 606 641 795 99 296 855 636 388 853 355 471 45 578 910 225 650 874 768 812 653 949 501 262 832 956 503 764 810 859 
810 761 477 887 508 770 252 644 189 90 549 719 395 406 696 579 661 193 7 455 366 320 845 958 834 443 371 840 804 221 342 290 212 802 791 607 741 572 82 602 677 640 731 595 776 550 857 312 545 131 898 29 243 413 48 241 284 728 510 222 431 681 536 393 694 869 587 713 647 275 833 257 657 17 325 598 527 161 925 80 294 266 918 566 686 936 889 305 868 261 335 21 383 954 11 121 718 172 915 778 935 756 558 389 24 990 356 497 625 410 896 293 149 459 245 809 700 475 22 559 439 122 128 236 679 892 31 260 540 516 995 660 16 862 76 612 488 836 141 665 195 493 522 60 208 722 291 18 914 228 53 746 32 267 819 35 201 105 466 437 824 465 479 626 390 699 805 359 162 881 211 111 54 332 590 91 26 568 232 708 706 183 610 454 292 894 557 306 340 533 234 119 33 170 185 924 724 875 652 734 323 514 157 396 543 281 817 952 259 638 158 498 613 753 246 749 186 906 419 405 49 970 940 769 93 190 199 740 797 714 528 357 23 779 178 900 188 408 472 583 748 897 963 950 379 401 452 738 301 553 108 664 130 747 151 556 55 235 944 444 571 482 14 926 39 1000 430 867 422 535 6 425 265 112 504 373 620 409 336 450 404 837 902 893 46 348 163 961 828 146 733 181 279 937 100 263 957 173 737 785 989 821 899 142 651 736 481 938 790 494 403 564 585 689 283 402 176 684 218 126 726 326 735 72 398 931 219 445 311 576 687 192 705 570 927 787 829 375 168 561 608 244 28 943 537 197 280 268 593 57 289 27 136 624 346 744 591 380 324 118 972 184 509 242 316 584 838 416 295 531 354 95 480 37 15 51 948 456 615 8 303 974 315 630 62 782 986 973 835 129 754 873 682 843 844 428 117 278 643 586 984 878 350 164 155 83 240 286 750 560 678 19 852 370 905 65 544 448 285 473 729 796 59 507 43 496 751 513 109 712 156 672 777 960 87 97 932 492 709 160 338 220 996 616 888 124 166 870 985 988 500 987 671 458 432 720 399 725 826 765 485 646 920 581 803 495 135 44 685 766 330 25 224 369 922 619 103 600 433 567 206 703 407 351 757 648 230 349 490 223 945 532 438 831 933 47 983 512 856 367 760 599 470 993 788 1 695 519 463 618 609 628 110 52 552 539 133 656 9 137 271 308 793 847 114 12 929 704 716 476 529 213 951 106 919 84 542 858 582 376 959 75 36 385 270 304 174 525 391 79 300 880 654 601 771 978 150 997 767 688 589 64 13 318 238 877 329 911 693 226 547 274 333 273 424 34 169 818 825 484 177 991 605 798 5 942 426 272 143 813 994 839 489 474 861 277 617 116 145 2 822 483 799 863 967 520 639 209 632 555 530 680 758 597 451 820 506 934 171 794 77 468 891 827 909 871 848 210 841 89 916 982 462 207 807 971 502 546 921 883 153 659 253 66 363 634 198 120 860 876 382 627 298 180 655 774 633 361 159 667 250 541 573 88 980 907 692 901 467 592 256 569 517 739 85 928 4 182 418 115 297 464 923 864 461 521 394 282 229 353 623 998 629 457 231 975 154 976 917 314 125 786 41 676 435 61 992 882 152 526 499 673 38 775 965 251 964 806 565 436 327 387 701 789 73 968 96 442 94 614 239 248 622 953 420 400 721 71 487 362 762 434 310 384 814 842 287 755 249 167 792 491 645 885 187 101 191 20 264 697 148 469 538 372 637 269 674 872 698 478 98 534 423 165 233 56 377 707 440 763 851 594 663 344 811 139 175 392 743 63 866 524 884 196 823 309 505 486 132 642 237 908 575 204 903 683 427 449 904 147 947 
44 239 248 622 953 420 400 721 71 487 362 762 434 310 384 814 842 287 755 249 167 792 491 645 885 187 101 191 20 264 697 148 469 538 372 637 269 674 872 698 478 98 534 423 165 
22 359 162 881 211 111 54 332 590 91 26 568 232 708 706 183 610 454 292 894 557 306 340 
834 21 383 954 11 121 718 172 915 778 935 756 558 389 24 990 356 497 625 410 896 293 149 459 245 809 700 475 22 559 439 122 128 236 679 892 31 260 540 516 995 660 16 862 76 612 488 836 141 665 195 493 522 60 208 722 291 18 914 228 53 746 32 267 819 35 201 105 466 437 824 465 479 626 390 699 805 359 162 881 211 111 54 332 590 91 26 568 232 708 706 183 610 454 292 894 557 306 340 533 234 119 33 170 185 924 724 875 652 734 323 514 157 396 543 281 817 952 259 638 158 498 613 753 246 749 186 906 419 405 49 970 940 769 93 190 199 740 797 714 528 357 23 779 178 900 188 408 472 583 748 897 963 950 379 401 452 738 301 553 108 664 130 747 151 556 55 235 944 444 571 482 14 926 39 1000 430 867 422 535 6 425 265 112 504 373 620 409 336 450 404 837 902 893 46 348 163 961 828 146 733 181 279 937 100 263 957 173 737 785 989 821 899 142 651 736 481 938 790 494 403 564 585 689 283 402 176 684 218 126 726 326 735 72 398 931 219 445 311 576 687 192 705 570 927 787 829 375 168 561 608 244 28 943 537 197 280 268 593 57 289 27 136 624 346 744 591 380 324 118 972 184 509 242 316 584 838 416 295 531 354 95 480 37 15 51 948 456 615 8 303 974 315 630 62 782 986 973 835 129 754 873 682 843 844 428 117 278 643 586 984 878 350 164 155 83 240 286 750 560 678 19 852 370 905 65 544 448 285 473 729 796 59 507 43 496 751 513 109 712 156 672 777 960 87 97 932 492 709 160 338 220 996 616 888 124 166 870 985 988 500 987 671 458 432 720 399 725 826 765 485 646 920 581 803 495 135 44 685 766 330 25 224 369 922 619 103 600 433 567 206 703 407 351 757 648 230 349 490 223 945 532 438 831 933 47 983 512 856 367 760 599 470 993 788 1 695 519 463 618 609 628 110 52 552 539 133 656 9 137 271 308 793 847 114 12 929 704 716 476 529 213 951 106 919 84 542 858 582 376 959 75 36 385 270 304 174 525 391 79 300 880 654 601 771 978 150 997 767 688 589 64 13 318 238 877 329 911 693 226 547 274 333 273 424 34 169 818 825 484 177 991 605 798 5 942 426 272 143 813 994 839 489 474 861 277 617 116 145 2 822 483 799 863 967 520 639 209 632 555 530 680 758 597 451 820 506 934 171 794 77 468 891 827 909 871 848 210 841 89 916 982 462 207 807 971 502 546 921 883 153 659 253 66 363 634 198 120 860 876 382 627 298 180 655 774 633 361 159 667 250 541 573 88 980 907 692 901 467 592 256 569 517 739 85 928 4 182 418 115 297 464 923 864 461 521 394 282 229 353 623 998 629 457 231 975 154 976 917 314 125 786 41 676 435 61 992 882 152 526 499 673 38 775 965 251 964 806 565 436 327 387 701 789 73 968 96 442 94 614 239 248 622 953 420 400 721 71 487 362 762 434 310 384 814 842 287 755 249 167 792 491 645 885 187 101 191 20 264 697 148 469 538 372 637 269 674 872 698 478 98 534 423 165 233 56 377 707 440 763 851 594 663 344 811 139 175 392 743 63 866 524 884 196 823 309 505 486 132 642 237 908 575 204 903 683 427 449 904 147 947 691 577 977 30 745 322 134 669 969 42 781 890 460 138 328 227 930 421 631 999 621 658 3 358 939 179 352 675 580 200 58 772 368 411 962 86 364 386 123 412 216 194 140 313 816 203 955 415 518 92 742 319 784 69 563 414 690 715 606 641 795 99 296 855 636 388 853 355 471 45 578 910 225 650 874 768 812 653 949 501 262 832 956 503 764 810 859 365 515 966 854 846 773 247 554 341 702 635 730 81 912 317 67 441 711 801 865 611 710 144 74 562 113 378 
754 572 82 602 677 640 731 595 776 550 857 312 545 131 898 29 243 413 48 241 284 728 510 222 431 681 536 393 694 869 587 713 647 275 833 257 657 17 325 598 527 161 925 80 294 266 918 566 686 936 889 305 868 261 335 21 383 954 11 121 718 172 915 778 935 756 558 389 24 990 356 497 625 410 896 293 149 459 245 809 700 475 22 559 439 122 128 236 679 892 31 260 540 516 995 660 16 862 76 612 488 836 141 665 195 493 522 60 208 722 291 18 914 228 53 746 32 267 819 35 201 105 466 437 824 465 479 626 390 699 805 359 162 881 211 111 54 332 590 91 26 568 232 708 706 183 610 454 292 894 557 306 340 533 234 119 33 170 185 924 724 875 652 734 323 514 157 396 543 281 817 952 259 638 158 498 613 753 246 749 186 906 419 405 49 970 940 769 93 190 199 740 797 714 528 357 23 779 178 900 188 408 472 583 748 897 963 950 379 401 452 738 301 553 108 664 130 747 151 556 55 235 944 444 571 482 14 926 39 1000 430 867 422 535 6 425 265 112 504 373 620 409 336 450 404 837 902 893 46 348 163 961 828 146 733 181 279 937 100 263 957 173 737 785 989 821 899 142 651 736 481 938 790 494 403 564 585 689 283 402 176 684 218 126 726 326 735 72 398 931 219 445 311 576 687 192 705 570 927 787 829 375 168 561 608 244 28 943 537 197 280 268 593 57 289 27 136 624 346 744 591 380 324 118 972 184 509 242 316 584 838 416 295 531 354 95 480 37 15 51 948 456 615 8 303 974 315 630 62 782 986 973 835 129 754 873 682 843 844 428 117 278 643 586 984 878 350 164 155 83 240 286 750 560 678 19 852 370 905 65 544 448 285 473 729 796 59 507 43 496 751 513 109 712 156 672 777 960 87 97 932 492 709 160 338 220 996 616 888 124 166 870 985 988 500 987 671 458 432 720 399 725 826 765 485 646 920 581 803 495 135 44 685 766 330 25 224 369 922 619 103 600 433 567 206 703 407 351 757 648 230 349 490 223 945 532 438 831 933 47 983 512 856 367 760 599 470 993 788 1 695 519 463 618 609 628 110 52 552 539 133 656 9 137 271 308 793 847 114 12 929 704 716 476 529 213 951 106 919 84 542 858 582 376 959 75 36 385 270 304 174 525 391 79 300 880 654 601 771 978 150 997 767 688 589 64 13 318 238 877 329 911 693 226 547 274 333 273 424 34 169 818 825 484 177 991 605 798 5 942 426 272 143 813 994 839 489 474 861 277 617 116 145 2 822 483 799 863 967 520 639 209 632 555 530 680 758 597 451 820 506 934 171 794 77 468 891 827 909 871 848 210 841 89 916 982 462 207 807 971 502 546 921 883 153 659 253 66 363 634 198 120 860 876 382 627 298 180 655 774 633 361 159 667 250 541 573 88 980 907 692 901 467 592 256 569 517 739 85 928 4 182 418 115 297 464 923 864 461 521 394 282 229 353 623 998 629 457 231 975 154 976 917 314 125 786 41 676 435 61 992 882 152 526 499 673 38 775 965 251 964 806 565 436 327 387 701 789 73 968 96 442 94 614 239 248 622 953 420 400 721 71 487 362 762 434 310 384 814 842 287 755 249 167 792 491 645 885 187 101 191 20 264 697 148 469 538 372 637 269 674 872 698 478 98 534 423 165 233 56 377 707 440 763 851 594 663 344 811 139 175 392 743 63 866 
154 238 877 329 911 693 226 547 274 333 273 424 34 169 818 825 484 177 991 605 798 5 942 426 272 143 813 994 839 489 474 861 277 617 116 145 2 822 483 799 863 967 520 639 209 632 555 530 680 758 597 451 820 506 934 171 794 77 468 891 827 909 871 848 210 841 89 916 982 462 207 807 971 502 546 921 883 153 659 253 66 363 634 198 120 860 876 382 627 298 180 655 774 633 361 159 667 250 541 573 88 980 907 692 901 467 592 256 569 517 739 85 928 4 182 418 115 297 464 923 864 461 521 394 282 229 353 623 998 629 457 231 975 154 976 917 314 125 786 41 676 435 61 992 882 152 526 499 673 38 775 965 251 964 806 
315 124 166 870 985 988 500 987 671 458 432 720 399 725 826 765 485 646 920 581 803 495 135 44 685 766 330 25 224 369 922 619 103 600 433 567 206 703 407 351 757 648 230 349 490 223 945 532 438 831 933 47 983 512 856 367 760 599 470 993 788 1 695 519 463 618 609 628 110 52 552 539 133 656 9 137 271 308 793 847 114 12 929 704 716 476 529 213 951 106 919 84 542 858 582 376 959 75 36 385 270 304 174 525 391 79 300 880 654 601 771 978 150 997 767 688 589 64 13 318 238 877 329 911 693 226 547 274 333 273 424 34 169 818 825 484 177 991 605 798 5 942 426 272 143 813 994 839 489 474 861 277 617 116 145 2 822 483 799 863 967 520 639 209 632 555 530 680 758 597 451 820 506 934 171 794 77 468 891 827 909 871 848 210 841 89 916 982 462 207 807 971 502 546 921 883 153 659 253 66 363 634 198 120 860 876 382 627 298 180 655 774 633 361 159 667 250 541 573 88 980 907 692 901 467 592 256 569 517 739 85 928 4 182 418 115 297 464 923 864 461 521 394 282 229 353 623 998 629 457 231 975 154 976 917 314 125 786 41 676 435 61 992 882 152 526 499 673 38 775 965 251 964 806 565 436 327 387 701 789 73 968 96 442 94 614 239 248 622 953 420 400 721 71 487 362 762 434 310 384 814 842 287 755 249 167 792 491 645 885 187 101 191 20 264 697 
35 854 846 773 247 554 341 702 635 730 81 912 317 67 441 711 801 865 611 710 144 74 562 113 378 752 104 321 849 307 666 453 723 815 217 780 
204 804 221 342 290 212 802 791 607 741 572 82 602 677 640 731 595 776 550 857 312 545 131 898 29 243 413 48 241 284 728 510 222 431 681 536 393 694 869 587 713 647 275 833 257 657 17 325 598 527 161 925 80 294 266 918 566 686 936 889 305 868 261 335 21 383 954 11 121 718 172 915 778 935 756 558 389 24 990 356 497 625 410 896 293 149 459 245 809 700 475 22 559 439 122 128 236 679 892 31 260 540 516 995 660 16 862 76 612 488 836 141 665 195 493 522 60 208 722 291 18 914 228 53 746 32 267 819 35 201 105 466 437 824 465 479 626 390 699 805 359 162 881 211 111 54 332 590 91 26 568 232 708 706 183 610 454 292 894 557 306 340 533 234 119 33 170 185 924 724 875 652 734 323 514 157 396 543 281 817 952 259 638 158 498 613 753 246 749 186 906 419 405 49 970 940 769 93 190 199 740 797 714 528 357 
637 80 294 266 918 566 686 936 889 305 868 261 335 21 383 954 11 121 718 172 915 778 935 756 558 389 24 990 356 497 625 410 896 293 149 459 245 809 700 475 22 559 439 122 128 236 679 892 31 260 540 516 995 660 16 862 76 612 488 836 141 665 195 493 522 60 208 722 291 18 914 228 53 746 32 267 819 35 201 105 466 437 824 465 479 626 390 699 805 359 162 881 211 111 54 332 590 91 26 568 232 708 706 183 610 454 292 894 557 306 340 533 234 119 33 170 185 924 724 875 652 734 323 514 157 396 543 281 817 952 259 638 158 498 613 753 246 749 186 906 419 405 49 970 940 769 93 190 199 740 797 714 528 357 23 779 178 900 188 408 472 583 748 897 963 950 379 401 452 738 301 553 108 664 130 747 151 556 55 235 944 444 571 482 14 926 39 1000 430 867 422 535 6 425 265 112 504 373 620 409 336 450 404 837 902 893 46 348 163 961 828 146 733 181 279 937 100 263 957 173 737 785 989 821 899 142 651 736 481 938 790 494 403 564 585 689 283 402 176 684 218 126 726 326 735 72 398 931 219 445 311 576 687 192 705 570 927 787 829 375 168 561 608 244 28 943 537 197 280 268 593 57 289 27 136 624 346 744 591 380 324 118 972 184 509 242 316 584 838 416 295 531 354 95 480 37 15 51 948 456 615 8 303 974 315 630 62 782 986 973 835 129 754 873 682 843 844 428 117 278 643 586 984 878 350 164 155 83 240 286 750 560 678 19 852 370 905 65 544 448 285 473 729 796 59 507 43 496 751 513 109 712 156 672 777 960 87 97 932 492 709 160 338 220 996 616 888 124 166 870 985 988 500 987 671 458 432 720 399 725 826 765 485 646 920 581 803 495 135 44 685 766 330 25 224 369 922 619 103 600 433 567 206 703 407 351 757 648 230 349 490 223 945 532 438 831 933 47 983 512 856 367 760 599 470 993 788 1 695 519 463 618 609 628 110 52 552 539 133 656 9 137 271 308 793 847 114 12 929 704 716 476 529 213 951 106 919 84 542 858 582 376 959 75 36 385 270 304 174 525 391 79 300 880 654 601 771 978 150 997 767 688 589 64 13 318 238 877 329 911 693 226 547 274 333 273 424 34 169 818 825 484 177 991 605 798 5 942 426 272 143 813 994 839 489 474 861 277 617 116 145 2 822 483 799 863 967 520 639 209 632 555 530 680 758 597 451 820 506 934 171 794 77 468 891 827 909 871 848 210 841 89 916 982 462 207 807 971 502 546 921 883 153 659 253 66 363 634 198 120 860 876 382 627 298 180 655 774 633 361 159 667 250 541 573 88 980 907 692 901 467 592 256 569 517 739 85 928 4 182 418 115 297 464 923 864 461 521 394 282 229 353 623 998 629 457 231 975 154 976 917 314 125 786 41 676 435 61 992 882 152 526 499 673 38 775 965 251 
142 408 472 583 748 897 963 950 379 401 452 738 301 553 108 664 130 747 151 556 55 235 944 444 571 482 14 926 39 1000 430 867 422 535 6 425 265 112 504 373 620 409 336 450 404 837 902 893 46 348 163 961 828 146 733 181 279 937 100 263 957 173 737 785 989 821 899 142 651 736 481 938 790 494 403 564 585 689 283 402 176 684 218 126 726 326 735 72 398 931 219 445 311 576 687 192 705 570 927 787 829 375 168 561 608 244 28 943 537 197 280 268 593 57 289 27 136 624 346 744 591 380 324 118 972 184 509 242 316 584 838 416 295 531 354 95 480 37 15 51 948 456 615 
278 324 118 972 184 509 242 316 584 838 416 295 531 354 95 480 37 15 51 948 456 615 8 303 974 315 630 62 782 986 973 835 129 754 873 682 843 844 428 117 278 643 586 984 878 350 164 155 83 240 286 750 560 678 19 852 370 905 65 544 448 285 473 729 796 59 507 43 496 751 513 109 712 156 672 777 960 87 97 932 492 709 160 338 220 996 616 888 124 166 870 985 988 500 987 671 458 432 720 399 725 826 765 485 646 920 581 803 495 135 44 685 766 330 25 224 369 922 619 103 600 433 567 206 703 407 351 757 648 230 349 490 223 945 532 438 831 933 47 983 512 856 367 760 599 470 993 788 1 695 519 463 618 609 628 110 52 552 539 133 656 9 137 271 308 793 847 114 12 929 704 716 476 529 213 951 106 919 84 542 858 582 376 959 75 36 385 270 304 174 525 391 79 300 880 654 601 771 978 150 997 767 688 589 64 13 318 238 877 329 911 693 226 547 274 333 273 424 34 169 818 825 484 177 991 605 798 5 942 426 272 143 813 994 839 489 474 861 277 617 116 145 2 822 483 799 863 967 520 639 209 632 555 530 680 758 597 451 820 506 934 171 794 77 468 891 827 909 871 848 210 841 89 916 982 462 207 807 971 
851 7 455 366 320 845 958 834 443 371 840 804 221 342 290 212 802 791 607 741 572 82 602 677 640 731 595 776 550 857 312 545 131 898 29 243 413 48 241 284 728 510 222 431 681 536 393 694 869 587 713 647 275 833 257 657 17 325 598 527 161 925 80 294 266 918 566 686 936 889 305 868 261 335 21 383 954 11 121 718 172 915 778 935 756 558 389 24 990 356 497 625 410 896 293 149 459 245 809 700 475 22 559 439 122 128 236 679 892 31 260 540 516 995 660 16 862 76 612 488 836 141 665 195 493 522 60 208 722 291 18 914 228 53 746 32 267 819 35 201 105 466 437 824 465 479 626 390 699 805 359 162 881 211 111 54 332 590 91 26 568 232 708 706 183 610 454 292 894 557 306 340 533 234 119 33 170 185 924 724 875 652 734 323 514 157 396 543 281 817 952 259 638 158 498 613 753 246 749 186 906 419 405 49 970 940 769 93 190 199 740 797 714 528 357 23 779 178 900 188 408 472 583 748 897 963 950 379 401 452 738 301 553 108 664 130 747 151 556 55 235 944 444 571 482 14 926 39 1000 430 867 422 535 6 425 265 112 504 373 620 409 336 450 404 837 902 893 46 348 163 961 828 146 733 181 279 937 100 263 957 173 737 785 989 821 899 142 651 736 481 938 790 494 403 564 585 689 283 402 176 684 218 126 726 326 735 72 398 931 219 445 311 576 687 192 705 570 927 787 829 375 168 561 608 244 28 943 537 197 280 268 593 57 289 27 136 624 346 744 591 380 324 118 972 184 509 242 316 584 838 416 295 531 354 95 480 37 15 51 948 456 615 8 303 974 315 630 62 782 986 973 835 129 754 873 682 843 844 428 117 278 643 586 984 878 350 164 155 83 240 286 750 560 678 19 852 370 905 65 544 448 285 473 729 796 59 507 43 496 751 513 109 712 156 672 777 960 87 97 932 492 709 160 338 220 996 616 888 124 166 870 985 988 500 987 671 458 432 720 399 725 826 765 485 646 920 581 803 495 135 44 685 766 330 25 224 369 922 619 103 600 433 567 206 703 407 351 757 648 230 349 490 223 945 532 438 831 933 47 983 512 856 367 760 599 470 993 788 1 695 519 463 618 609 628 110 52 552 539 133 656 9 137 271 308 793 847 114 12 929 704 716 476 529 213 951 106 919 84 542 858 582 376 959 75 36 385 270 304 174 525 391 79 300 880 654 601 771 978 150 997 767 688 589 64 13 318 238 877 329 911 693 226 547 274 333 273 424 34 169 818 825 484 177 991 605 798 5 942 426 272 143 813 994 839 489 474 861 277 617 116 145 2 822 483 799 863 967 520 639 209 632 555 530 680 758 597 451 820 506 934 171 794 77 468 891 827 909 871 848 210 841 89 916 982 462 207 807 971 502 546 921 883 153 659 253 66 363 634 198 120 860 876 382 627 298 180 655 774 633 361 159 667 250 541 573 88 980 907 692 901 467 592 256 569 517 739 85 928 4 182 418 115 297 464 923 864 461 521 394 282 229 353 623 998 629 457 231 975 154 976 917 314 125 786 41 676 435 61 992 882 152 526 499 673 38 775 965 251 964 806 565 436 327 387 701 789 73 968 96 442 94 614 239 248 622 953 420 400 721 71 487 362 762 434 310 384 814 842 287 755 249 167 792 491 645 885 187 101 191 20 264 697 148 469 538 372 637 269 674 872 698 478 98 534 423 165 233 56 377 707 440 763 851 594 663 344 811 139 175 392 743 63 866 524 884 196 823 309 505 486 132 642 237 908 575 204 903 683 427 449 904 147 947 691 577 977 30 745 322 134 669 969 42 781 890 460 138 328 227 930 421 631 999 621 658 3 358 939 179 352 675 580 200 58 772 368 411 962 86 364 386 123 412 216 194 140 313 816 203 955 415 518 92 742 319 784 69 563 414 690 715 
119 569 517 739 85 928 4 182 418 115 297 464 923 864 461 521 394 282 229 353 623 998 629 457 231 975 154 976 917 314 125 786 41 676 435 61 992 882 152 526 499 673 38 775 965 251 964 806 565 436 327 387 701 789 73 968 96 442 94 614 239 248 622 953 420 400 721 71 487 362 762 434 310 384 814 842 287 755 249 167 792 491 645 885 187 101 191 20 264 697 148 469 538 372 637 269 674 872 698 478 98 534 423 165 233 56 377 707 440 763 851 594 663 344 811 139 175 392 743 63 
240 713 647 275 833 257 657 17 325 598 527 161 925 80 294 266 918 566 686 936 889 305 868 261 335 21 383 954 11 121 718 172 915 778 935 756 558 389 24 990 356 497 625 410 896 293 149 459 245 809 700 475 22 559 439 122 128 236 679 892 31 260 540 516 995 660 16 862 76 612 488 836 141 665 195 493 522 60 208 722 291 18 914 228 53 746 32 267 819 35 201 105 466 437 824 465 479 626 390 699 805 359 162 881 211 111 54 332 590 91 26 568 232 708 706 183 610 454 292 894 557 306 340 533 234 119 33 170 185 924 724 875 652 734 323 514 157 396 543 281 817 952 259 638 158 498 613 753 246 749 186 906 419 405 49 970 940 769 93 190 199 740 797 714 528 357 23 779 178 900 188 408 472 583 748 897 963 950 379 401 452 738 301 553 108 664 130 747 151 556 55 235 944 444 571 482 14 926 39 1000 430 867 422 535 6 425 265 112 504 373 620 409 336 450 404 837 902 893 46 348 163 961 828 146 733 181 279 937 100 263 957 173 737 785 989 821 899 142 651 736 481 
158 989 821 899 142 651 736 481 938 790 494 403 564 585 689 283 402 176 684 218 126 726 326 735 72 398 931 219 445 311 576 687 192 705 570 927 787 829 375 168 561 608 244 28 943 537 197 280 268 593 57 289 27 136 624 346 744 591 380 324 118 972 184 509 242 316 584 838 416 295 531 354 95 480 37 15 51 948 456 615 8 303 974 315 630 62 782 986 973 835 129 754 873 682 843 844 428 117 278 643 586 984 878 350 164 155 83 240 286 750 560 678 19 852 370 905 65 544 448 285 473 729 796 59 507 43 496 751 513 109 712 156 672 777 960 87 97 932 492 709 160 338 220 996 616 888 124 166 870 985 988 500 987 671 458 432 720 399 725 
906 572 82 602 677 640 731 595 776 550 857 312 545 131 898 29 243 413 48 241 284 728 510 222 431 681 536 393 694 869 587 713 647 275 833 257 657 17 325 598 527 161 925 80 294 266 918 566 686 936 889 305 868 261 335 21 383 954 11 121 718 172 915 778 935 756 558 389 24 990 356 497 625 410 896 293 149 459 245 809 700 475 22 559 439 122 128 236 679 892 31 260 540 516 995 660 16 862 76 612 488 836 141 665 195 493 522 60 208 722 291 18 914 228 53 746 32 267 819 35 201 105 466 437 824 465 479 626 390 699 805 359 162 881 211 111 54 332 590 91 26 568 232 708 706 183 610 454 292 894 557 306 340 533 234 119 33 170 185 924 724 875 652 734 323 514 157 396 543 281 817 952 259 638 158 498 613 753 246 749 186 906 419 405 49 970 940 769 93 190 199 740 797 714 528 357 23 779 178 900 188 408 472 583 748 897 963 950 379 401 452 738 301 553 108 664 130 747 151 556 55 235 944 444 571 482 14 926 39 1000 430 867 422 535 6 425 265 112 504 373 620 409 336 450 404 837 902 893 46 348 163 961 828 146 733 181 279 937 100 263 957 173 737 785 989 821 899 142 651 736 481 938 790 494 403 564 585 689 283 402 176 684 218 126 726 326 735 72 398 931 219 445 311 576 687 192 705 570 927 787 829 375 168 561 608 244 28 943 537 197 280 268 593 57 289 27 136 624 346 744 591 380 324 118 972 184 509 242 316 584 838 416 295 531 354 95 480 37 15 51 948 456 615 8 303 974 315 630 62 782 986 973 835 129 754 873 682 843 844 428 117 278 643 586 984 878 350 164 155 83 240 286 750 560 678 19 852 370 905 65 544 448 285 473 729 796 59 507 43 496 751 513 109 712 156 672 777 960 87 97 932 492 709 160 338 220 996 616 888 124 166 870 985 988 500 987 671 458 432 720 399 725 826 765 485 646 920 581 803 495 135 44 685 766 330 25 224 369 922 619 103 600 433 567 206 703 407 351 757 648 230 349 490 223 945 532 438 831 933 47 983 512 856 367 760 599 470 993 788 1 695 519 463 618 609 628 110 52 552 539 133 656 9 137 271 308 793 847 114 12 929 704 716 476 529 213 951 106 919 84 542 858 582 376 959 75 36 385 270 304 174 525 391 79 300 880 654 601 771 978 150 997 767 688 589 64 13 318 238 877 329 911 693 226 547 274 333 273 424 34 169 818 825 484 177 991 605 798 5 942 426 272 143 813 994 839 489 474 861 277 617 116 145 2 822 483 799 863 967 520 639 209 632 555 530 680 758 597 451 820 506 934 171 794 77 468 891 827 909 871 848 210 841 89 916 982 462 207 807 971 502 546 921 883 153 659 253 66 363 634 198 120 860 876 382 627 298 180 655 774 633 361 159 667 250 541 573 88 980 907 692 901 467 592 256 569 517 739 85 928 4 182 418 115 297 464 923 864 461 521 394 282 229 353 623 998 629 457 231 975 154 976 917 314 125 786 41 676 435 61 992 882 152 526 499 673 38 775 965 251 964 806 565 436 327 387 701 789 73 968 96 442 94 614 239 248 622 953 420 400 721 71 487 362 762 434 310 384 814 842 287 755 249 167 792 491 645 885 187 101 191 20 264 697 148 469 538 372 637 269 674 872 698 478 98 534 423 165 233 56 377 707 440 763 851 594 663 344 811 139 175 392 743 63 866 524 884 196 823 309 505 486 132 642 237 908 575 204 903 683 427 449 904 147 947 691 577 977 30 745 322 134 669 969 42 781 890 460 138 328 227 930 421 631 999 621 658 3 358 939 179 352 675 580 200 58 772 368 411 962 86 364 386 123 412 216 194 140 313 816 203 955 415 518 92 742 319 784 69 563 414 690 715 606 641 795 99 296 855 636 388 853 355 471 45 578 910 225 650 874 768 812 653 949 501 262 832 956 503 764 810 859 365 515 966 854 846 773 247 554 341 702 635 730 81 912 317 67 441 711 801 865 611 710 144 74 562 113 378 752 104 321 849 307 666 453 723 815 217 780 551 343 337 446 596 374 548 
957 719 395 406 696 579 661 193 7 455 366 320 845 958 834 443 371 840 804 221 342 290 212 802 791 607 741 572 82 602 677 640 731 595 776 550 857 312 545 131 898 29 243 413 48 241 284 728 510 222 431 681 536 393 694 869 587 713 647 275 833 257 657 17 325 598 527 161 925 80 294 266 918 566 686 936 889 305 868 261 335 21 383 954 11 121 718 172 915 778 935 756 558 389 24 990 356 497 625 410 896 293 149 459 245 809 700 475 22 559 439 122 128 236 679 892 31 260 540 516 995 660 16 862 76 612 488 836 141 665 195 493 522 60 208 722 291 18 914 228 53 746 32 267 819 35 201 105 466 437 824 465 479 626 390 699 805 359 162 881 211 111 54 332 590 91 26 568 232 708 706 183 610 454 292 894 557 306 340 533 234 119 33 170 185 924 724 875 652 734 323 514 157 396 543 281 817 952 259 638 158 498 613 753 246 749 186 906 419 405 49 970 940 769 93 190 199 740 797 714 528 357 23 779 178 900 188 408 472 583 748 897 963 950 379 401 452 738 301 553 108 664 130 747 151 556 55 235 944 444 571 482 14 926 39 1000 430 867 422 535 6 425 265 112 504 373 620 409 336 450 404 837 902 893 46 348 163 961 828 146 733 181 279 937 100 263 957 173 737 785 989 821 899 142 651 736 481 938 790 494 403 564 585 689 283 402 176 684 218 126 726 326 735 72 398 931 219 445 311 576 687 192 705 570 927 787 829 375 168 561 608 244 28 943 537 197 280 268 593 57 289 27 136 624 346 744 591 380 324 118 972 184 509 242 316 584 838 416 295 531 354 95 480 37 15 51 948 456 615 8 303 974 315 630 62 782 986 973 835 129 754 873 682 843 844 428 117 278 643 586 984 878 350 164 155 83 240 286 750 560 678 19 852 370 905 65 544 448 285 473 729 796 59 507 43 496 751 513 109 712 156 672 777 960 87 97 932 492 709 160 338 220 996 616 888 124 166 870 985 988 500 987 671 458 432 720 399 725 826 765 485 646 920 581 803 495 135 44 685 766 330 25 224 369 922 619 103 600 433 567 206 703 407 351 757 648 230 349 490 223 945 532 438 831 933 47 983 512 856 367 760 599 470 993 788 1 695 519 463 618 609 628 110 52 552 539 133 656 9 137 271 308 793 847 114 12 929 704 716 476 529 213 951 106 919 84 542 858 582 376 959 75 36 385 270 304 174 525 391 79 300 880 654 601 771 978 150 997 767 688 589 64 13 318 238 877 329 911 693 226 547 274 333 273 424 34 169 818 825 484 177 991 605 798 5 942 426 272 143 813 994 839 489 474 861 277 617 116 145 2 822 483 799 863 967 520 639 209 632 555 530 680 758 597 451 820 506 934 171 794 77 468 891 827 909 871 848 210 841 89 916 982 462 207 807 971 502 546 921 883 153 659 253 66 363 634 198 120 860 876 382 627 298 180 655 774 633 361 159 667 250 541 573 88 980 907 692 901 467 592 256 569 517 739 85 928 4 182 418 115 297 464 923 864 461 521 394 282 229 353 623 998 629 457 231 975 154 976 917 314 125 786 41 676 435 61 992 882 152 526 499 673 38 775 965 251 964 806 565 436 327 387 701 789 73 968 96 442 94 614 239 248 622 953 420 400 721 71 487 362 762 434 310 384 814 842 287 755 249 167 792 491 645 885 187 101 191 20 264 697 148 469 538 372 637 269 674 872 698 478 98 534 423 165 233 56 377 707 440 763 851 594 663 344 811 139 175 392 743 63 866 524 884 196 823 309 505 486 132 642 237 908 575 204 903 683 427 449 904 147 947 691 577 977 30 745 322 134 669 969 42 781 890 460 138 328 227 930 421 631 999 621 658 3 358 939 179 352 675 580 200 58 772 368 411 962 86 364 386 123 412 216 194 140 313 816 203 955 415 518 92 742 319 784 69 563 414 690 715 606 641 795 99 296 855 636 388 853 355 471 45 578 910 225 650 874 768 812 653 949 501 262 832 956 503 764 810 859 365 515 966 854 846 773 247 554 341 702 635 730 81 912 317 67 441 711 801 865 611 710 144 74 562 113 378 752 104 321 849 307 666 453 723 815 217 780 551 343 337 446 596 374 548 397 604 670 50 574 511 102 946 417 40 662 886 78 360 255 107 447 808 339 276 759 981 649 979 302 
354 552 539 133 656 9 137 271 308 793 847 114 12 929 704 716 476 529 213 951 106 919 84 542 858 582 376 959 75 36 385 270 304 174 525 391 79 300 880 654 601 771 978 150 997 767 688 589 64 13 318 238 877 329 911 693 226 547 274 333 273 424 34 169 818 825 484 177 991 605 798 5 942 426 272 143 813 994 839 489 474 861 277 617 116 145 2 822 483 799 863 967 520 639 209 632 555 530 680 758 597 451 820 506 934 171 794 77 468 891 827 909 871 848 210 841 89 916 982 462 207 807 971 502 546 921 883 153 659 253 66 363 634 198 120 860 876 382 627 298 180 655 774 633 361 159 667 250 541 573 88 980 907 692 901 467 592 256 569 517 739 85 928 4 182 418 115 297 464 923 864 461 521 394 282 229 353 623 998 629 457 231 975 154 976 917 314 125 786 41 676 435 61 992 882 152 526 499 673 38 775 965 251 964 806 565 436 327 387 701 789 73 968 96 442 94 614 239 248 622 953 420 400 721 71 487 362 762 434 310 384 814 842 287 755 249 167 792 491 645 885 187 101 191 20 264 697 148 469 538 372 637 269 674 872 698 478 98 534 423 165 233 56 377 707 440 763 851 594 663 344 811 139 175 392 743 63 866 524 884 196 823 309 505 486 132 642 237 908 575 204 903 683 427 449 904 147 947 691 577 977 30 745 322 134 669 969 42 781 890 460 138 328 227 930 421 631 999 621 658 3 358 939 179 352 675 580 200 58 772 368 411 962 86 364 386 123 412 216 194 140 313 816 203 955 415 518 92 742 319 784 69 563 414 690 
995 879 215 381 761 477 887 508 770 252 644 189 90 549 719 395 406 696 579 661 193 7 455 366 320 845 958 834 443 371 840 804 221 342 290 212 802 791 607 741 572 82 602 677 640 731 595 776 550 857 312 545 131 898 29 243 413 48 241 284 728 510 222 431 681 536 393 694 869 587 713 647 275 833 257 657 17 325 598 527 161 925 80 294 266 918 566 686 936 889 305 868 261 335 21 383 954 11 121 718 172 915 778 935 756 558 389 24 990 356 497 625 410 896 293 149 459 245 809 700 475 22 559 439 122 128 236 679 892 31 260 540 516 995 660 16 862 76 612 488 836 141 665 195 493 522 60 208 722 291 18 914 228 53 746 32 267 819 35 201 105 466 437 824 465 479 626 390 699 805 359 162 881 211 111 54 332 590 91 26 568 232 708 706 183 610 454 292 894 557 306 340 533 234 119 33 170 185 924 724 875 652 734 323 514 157 396 543 281 817 952 259 638 158 498 613 753 246 749 186 906 419 405 49 970 940 769 93 190 199 740 797 714 528 357 23 779 178 900 188 408 472 583 748 897 963 950 379 401 452 738 301 553 108 664 130 747 151 556 55 235 944 444 571 482 14 926 39 1000 430 867 422 535 6 425 265 112 504 373 620 409 336 450 404 837 902 893 46 348 163 961 828 146 733 181 279 937 100 263 957 173 737 785 989 821 899 142 651 736 481 938 790 494 403 564 585 689 283 402 176 684 218 126 726 326 735 72 398 931 219 445 311 576 687 192 705 570 927 787 829 375 168 561 608 244 28 943 537 197 280 268 593 57 289 27 136 624 346 744 591 380 324 118 972 184 509 242 316 584 838 416 295 531 354 95 480 37 15 51 948 456 615 8 303 974 315 630 62 782 986 973 835 129 754 873 682 843 844 428 117 278 643 586 984 878 350 164 155 83 240 286 750 560 678 19 852 370 905 65 544 448 285 473 729 796 59 507 43 496 751 513 109 712 156 672 777 960 87 97 932 492 709 160 338 220 996 616 888 124 166 870 985 988 500 987 671 458 432 720 399 725 826 765 485 646 920 581 803 495 135 44 685 766 330 25 224 369 922 619 103 600 433 567 206 703 407 351 757 648 230 349 490 223 945 532 438 831 933 47 983 512 856 367 760 599 470 993 788 1 695 519 463 618 609 628 110 52 552 539 133 656 9 137 271 308 793 847 114 12 929 704 716 476 529 213 951 106 919 84 542 858 582 376 959 75 36 385 270 304 174 525 391 79 300 880 654 601 771 978 150 997 767 688 589 64 13 318 238 877 329 911 693 226 547 274 333 273 424 34 169 818 825 484 177 991 605 798 5 942 426 272 143 813 994 839 489 474 861 277 617 116 145 2 822 483 799 863 967 520 639 209 632 555 530 680 758 597 451 820 506 934 171 794 77 468 891 827 909 871 848 210 841 89 916 982 462 207 807 971 502 546 921 883 153 659 253 66 363 634 198 120 860 876 382 627 298 180 655 774 633 361 159 667 250 541 573 88 980 907 692 901 467 592 256 569 517 739 85 928 4 182 418 115 297 464 923 864 461 521 394 282 229 353 623 998 629 457 231 975 154 976 917 314 125 786 41 676 435 61 992 882 152 526 499 673 38 775 965 251 964 806 565 436 327 387 701 789 73 968 96 442 94 614 239 248 622 953 420 400 721 71 487 362 762 434 310 384 814 842 287 755 249 167 792 491 645 885 187 101 191 20 264 697 148 469 538 372 637 269 674 872 698 478 98 534 423 165 233 56 377 707 440 763 851 594 663 344 811 139 175 392 743 63 866 524 884 196 823 309 505 486 132 642 237 908 575 204 903 683 427 449 904 147 947 691 577 977 30 745 322 134 669 969 42 781 890 460 138 328 227 930 421 631 999 621 658 3 358 939 179 352 675 580 200 58 772 368 411 962 86 364 386 123 412 216 194 140 313 816 203 955 415 518 92 742 319 784 69 563 414 690 715 606 641 795 99 296 855 636 388 853 355 471 45 578 910 225 650 874 768 812 653 949 501 262 832 956 503 764 810 859 365 515 966 854 846 773 247 554 341 702 635 730 81 912 317 67 441 711 801 865 611 710 144 74 562 113 378 752 104 321 849 307 666 453 723 815 217 780 551 343 337 446 596 374 548 397 604 670 50 574 511 102 946 417 40 662 886 78 360 255 107 447 808 339 276 759 981 649 979 302 732 202 941 783 429 347 68 299 10 717 127 850 345 258 254 668 70 727 603 331 523 895 800 214 588 
539 918 566 686 936 889 305 868 261 335 21 383 954 11 121 718 172 915 778 935 756 558 389 24 990 356 497 625 410 896 293 149 459 245 809 700 475 22 559 439 122 128 236 679 892 31 260 540 516 995 660 16 862 76 612 488 836 141 665 195 493 522 60 208 722 291 18 914 228 53 746 32 267 819 35 201 105 466 437 824 465 479 626 390 699 805 359 162 881 211 111 54 332 590 91 26 568 232 708 706 183 610 454 292 894 557 306 340 533 234 119 33 170 185 924 724 875 652 734 323 514 157 396 543 281 817 952 259 638 158 498 613 753 246 749 186 906 419 405 49 970 940 769 93 190 199 740 797 714 528 357 23 779 178 900 188 408 472 583 748 897 963 950 379 401 452 738 301 553 108 664 130 747 151 556 55 235 944 444 571 482 14 926 39 1000 430 867 422 535 6 425 265 112 504 373 620 409 336 450 404 837 902 893 46 348 163 961 828 146 733 181 279 937 100 263 957 173 737 785 989 821 899 142 651 736 481 938 790 494 403 564 585 689 283 402 176 684 218 126 726 326 735 72 398 931 219 445 311 576 687 192 705 570 927 787 829 375 168 561 608 244 28 943 537 197 280 268 593 57 289 27 136 624 346 744 591 380 324 118 972 184 509 242 316 584 838 416 295 531 354 95 480 37 15 51 948 456 615 8 303 974 315 630 62 782 986 973 835 129 754 873 682 843 844 428 117 278 643 586 984 878 350 164 155 83 240 286 750 560 678 19 852 370 905 65 544 448 285 473 729 796 59 507 43 496 751 513 109 712 156 672 777 960 87 97 932 492 709 160 338 220 996 616 888 124 166 870 985 988 500 987 671 458 432 720 399 725 826 765 485 646 920 581 803 495 135 44 685 766 330 25 224 369 922 619 103 600 433 567 206 703 407 351 757 648 230 349 490 223 945 532 438 831 933 47 983 512 856 367 760 599 470 993 788 1 695 519 463 618 609 628 110 52 552 539 133 656 9 137 271 308 793 847 114 12 929 704 716 476 529 213 951 106 919 84 542 858 582 376 959 75 36 385 270 304 174 525 391 79 300 880 654 601 771 978 150 997 767 688 589 64 13 318 238 877 329 911 693 226 547 274 333 273 424 34 169 818 825 484 177 991 605 798 5 942 426 272 143 813 994 839 489 474 861 277 617 116 145 2 822 483 799 863 967 520 639 209 632 555 530 680 758 597 451 820 506 934 171 794 77 
698 425 265 112 504 373 620 409 336 450 404 837 902 893 46 348 163 961 828 146 733 181 279 937 100 263 957 173 737 785 989 821 899 142 651 736 481 938 790 494 403 564 585 689 283 402 176 684 218 126 726 326 735 72 398 931 219 445 311 576 687 192 705 570 927 787 829 375 168 561 608 244 28 943 537 197 280 268 593 57 289 27 136 624 346 744 591 380 324 118 972 184 509 242 316 584 838 416 295 531 354 95 480 37 15 51 948 456 615 8 303 974 315 630 62 782 986 973 835 129 754 873 682 843 844 428 117 278 643 586 984 878 350 164 155 83 240 286 750 560 678 19 852 370 905 65 544 448 285 473 729 796 59 507 43 496 751 513 109 712 156 672 777 960 87 97 932 492 709 160 338 220 996 616 888 124 166 870 985 988 500 987 671 458 432 720 399 725 826 765 485 646 920 581 803 495 135 44 685 766 330 25 224 369 922 619 103 600 433 567 206 703 407 351 757 648 230 349 490 223 945 532 438 831 933 47 983 512 856 367 760 599 470 993 788 1 695 519 463 618 609 628 110 52 552 539 133 656 9 137 271 308 793 847 114 12 929 704 716 476 529 213 951 106 919 84 542 858 582 376 959 75 36 385 270 304 174 525 391 79 300 880 654 601 771 978 150 997 767 688 589 64 13 318 238 877 329 911 693 226 547 274 333 273 424 34 169 818 825 484 177 991 605 798 5 942 426 272 143 813 994 839 489 474 861 277 617 116 145 2 822 483 799 863 967 520 639 209 632 555 530 680 758 597 451 820 506 934 171 794 77 468 891 827 909 871 848 210 841 89 916 982 462 207 807 971 502 546 921 883 153 659 253 66 363 634 198 120 860 876 382 627 298 180 655 774 633 361 159 667 250 541 573 88 980 907 692 901 467 592 256 569 517 739 85 928 4 182 418 115 297 464 923 864 461 521 394 282 229 353 623 998 629 457 231 975 154 976 917 314 125 786 41 676 435 61 992 882 152 526 499 673 38 775 965 251 964 806 565 436 327 387 701 789 73 968 96 442 94 614 239 248 622 953 420 400 721 71 487 362 762 434 310 384 814 842 287 755 249 167 792 491 645 885 187 101 191 20 264 697 148 469 538 372 637 269 674 872 698 478 98 534 423 165 233 56 377 707 440 763 851 594 663 344 811 139 175 392 743 63 866 524 884 196 823 309 505 486 132 642 237 908 575 204 903 683 427 449 904 147 947 691 577 977 30 745 322 134 669 969 42 781 890 460 138 328 227 930 421 631 999 621 658 3 358 939 179 352 675 580 200 58 772 368 411 962 86 364 386 123 412 216 194 140 313 816 203 955 415 518 92 742 319 784 69 563 414 690 715 606 641 795 99 296 855 636 388 853 355 471 45 578 910 225 650 874 768 812 653 949 501 262 832 956 503 764 810 859 365 515 966 854 846 773 247 554 341 702 635 730 81 912 317 67 441 711 801 865 611 710 144 74 562 113 378 752 104 321 849 307 666 453 723 815 217 780 551 343 337 446 596 374 548 397 604 670 50 574 511 102 946 417 40 662 886 78 360 255 107 447 808 339 276 759 981 649 979 302 732 
595 205 913 879 215 381 761 477 887 508 770 252 644 189 90 549 719 395 406 696 579 661 193 7 455 366 320 845 958 834 443 371 840 804 221 342 290 212 802 791 607 741 572 82 602 677 640 731 595 776 550 857 312 545 131 898 29 243 413 48 241 284 728 510 222 431 681 536 393 694 869 587 713 647 275 833 257 657 17 325 598 527 161 925 80 294 266 918 566 686 936 889 305 868 261 335 21 383 954 11 121 718 172 915 778 935 756 558 389 24 990 356 497 625 410 896 293 149 459 245 809 700 475 22 559 439 122 128 236 679 892 31 260 540 516 995 660 16 862 76 612 488 836 141 665 195 493 522 60 208 722 291 18 914 228 53 746 32 267 819 35 201 105 466 437 824 465 479 626 390 699 805 359 162 881 211 111 54 332 590 91 26 568 232 708 706 183 610 454 292 894 557 306 340 533 234 119 33 170 185 924 724 875 652 734 323 514 157 396 543 281 817 952 259 638 158 498 613 753 246 749 186 906 419 405 49 970 940 769 93 190 199 740 797 714 528 357 23 779 178 900 188 408 472 583 748 897 963 950 379 401 452 738 301 553 108 664 130 747 151 556 55 235 944 444 571 482 14 926 39 1000 430 867 422 535 6 425 265 112 504 373 620 409 336 450 404 837 902 893 46 348 163 961 828 146 733 181 279 937 100 263 957 173 737 785 989 821 899 142 651 736 481 938 790 494 403 564 585 689 283 402 176 684 218 126 726 326 735 72 398 931 219 445 311 576 687 192 705 570 927 787 829 375 168 561 608 244 28 943 537 197 280 268 593 57 289 27 136 624 346 744 591 380 324 118 972 184 509 242 316 584 838 416 295 531 354 95 480 37 15 51 948 456 615 8 303 974 315 630 62 782 986 973 835 129 754 873 682 843 844 428 117 278 643 586 984 878 350 164 155 83 240 286 750 560 678 19 852 370 905 65 544 448 285 473 729 796 59 507 43 496 751 513 109 712 156 672 777 960 87 97 932 492 709 160 338 220 996 616 888 124 166 870 985 988 500 987 671 458 432 720 399 725 826 765 485 646 920 581 803 495 135 44 685 766 330 25 224 369 922 619 103 600 433 567 206 703 407 351 757 648 230 349 490 223 945 532 438 831 933 47 983 512 856 367 760 599 470 993 788 1 695 519 463 618 609 628 110 52 552 539 133 656 9 137 271 308 793 847 114 12 929 704 716 476 529 213 951 106 919 84 542 858 582 376 959 75 36 385 270 304 174 525 391 79 300 880 654 601 771 978 150 997 767 688 589 64 13 318 238 877 329 911 693 226 547 274 333 273 424 34 169 818 825 484 177 991 605 798 5 942 426 272 143 813 994 
97 219 445 311 576 687 192 705 570 927 787 829 375 168 561 608 244 28 943 537 197 280 268 593 57 289 27 136 624 346 744 591 380 324 118 972 184 509 242 316 584 838 416 295 531 354 95 480 37 15 51 948 456 615 8 303 974 315 630 62 782 986 973 835 129 754 873 682 843 844 428 117 278 643 586 984 878 350 164 155 83 240 286 750 560 678 19 852 370 905 65 544 448 285 473 729 796 59 
825 236 679 892 31 260 540 516 995 660 16 862 76 612 488 836 141 665 195 493 522 60 208 722 291 18 914 228 53 746 32 267 819 35 201 105 466 437 824 465 479 626 390 699 805 359 162 881 211 111 54 332 590 91 26 568 232 708 706 183 610 454 292 894 557 306 340 533 234 119 33 170 185 924 724 875 652 734 323 514 157 396 543 281 817 952 259 638 158 498 613 753 246 749 186 906 419 405 49 970 940 769 93 190 199 740 797 714 528 357 23 779 178 900 188 408 472 583 748 897 963 950 379 401 452 738 301 553 108 664 130 747 151 556 55 235 944 444 571 482 14 926 39 1000 430 867 422 535 6 425 265 112 504 373 620 409 336 450 404 837 902 893 46 348 163 961 828 146 733 181 279 937 100 263 957 173 737 785 989 821 899 142 651 736 481 938 790 494 403 564 585 689 283 402 176 684 218 126 726 326 735 72 398 931 219 445 311 576 687 192 705 570 927 787 829 375 168 561 608 244 28 943 537 197 280 268 593 57 289 27 136 624 346 744 591 380 324 118 972 184 509 242 316 584 838 416 295 531 354 95 480 37 15 51 948 456 615 8 303 974 315 630 62 782 986 973 835 129 754 873 682 843 844 428 117 278 643 586 984 878 350 164 155 83 240 286 750 560 678 19 852 370 905 65 544 448 285 473 729 796 59 507 43 496 751 513 109 712 156 672 777 960 87 97 932 492 709 160 338 220 996 616 888 124 166 870 985 988 500 987 671 458 432 720 399 725 826 765 485 646 920 581 803 495 135 44 685 766 330 25 224 369 922 619 103 600 433 567 206 703 407 351 757 648 230 349 490 223 945 532 438 831 933 47 983 512 856 367 760 599 470 993 788 1 695 519 463 618 609 628 110 52 552 539 133 656 9 137 271 308 793 847 114 12 929 704 716 476 529 213 951 106 919 84 542 858 582 376 959 75 36 385 270 304 174 525 391 79 300 880 654 601 771 978 150 997 767 688 589 64 13 318 238 877 329 911 693 226 547 274 333 273 424 34 169 818 825 484 177 991 605 798 5 942 426 272 143 813 994 839 489 474 861 277 617 116 145 2 822 483 799 863 967 520 639 209 632 555 530 680 758 597 451 820 506 934 171 794 77 468 891 827 909 871 848 210 841 89 916 982 462 207 807 971 502 546 921 883 153 659 253 66 363 634 198 120 860 876 382 627 298 180 655 774 633 361 159 667 250 541 573 88 980 907 692 901 467 592 256 569 517 739 85 928 4 182 418 115 297 464 923 864 461 521 394 282 229 353 623 998 629 457 231 975 154 976 917 314 125 786 41 676 435 61 992 882 152 526 499 673 38 775 965 251 964 806 565 436 327 387 701 789 73 968 96 442 94 614 239 248 622 953 420 400 721 71 487 362 762 434 310 384 814 842 287 755 249 167 792 491 645 885 187 101 191 20 264 697 148 469 538 372 637 269 674 872 698 478 98 534 423 165 233 56 377 707 440 763 851 594 663 344 811 139 175 392 743 63 866 524 884 196 823 309 505 486 132 642 237 908 575 204 903 683 427 449 904 147 947 691 577 977 30 745 322 134 669 969 42 781 890 460 138 328 227 930 421 631 999 621 658 3 358 939 179 352 675 580 200 58 772 368 411 962 86 364 386 123 412 216 194 140 313 816 203 955 415 518 92 742 319 784 69 563 414 690 715 606 641 795 99 296 855 636 388 853 355 471 45 578 910 225 650 874 768 812 653 949 501 262 832 956 503 764 810 859 365 515 966 854 846 773 247 554 341 702 635 730 81 912 317 67 441 711 801 865 611 710 144 74 562 113 378 752 104 321 849 307 666 453 723 815 217 780 551 343 337 446 596 374 548 397 604 670 50 574 
554 751 513 109 712 156 672 777 960 87 97 932 492 709 160 338 220 996 616 888 124 166 870 985 988 500 987 671 458 432 720 399 725 826 765 485 646 920 581 803 495 135 44 685 766 330 25 224 369 922 619 103 600 433 567 206 703 407 351 757 648 230 349 490 223 945 532 438 831 933 47 983 512 856 367 760 599 470 993 788 1 695 519 463 618 609 628 110 52 552 539 133 656 9 137 271 308 793 847 114 12 929 704 716 476 529 213 951 106 919 84 542 858 582 376 959 75 36 385 270 304 174 525 391 79 300 880 654 601 771 978 150 997 767 688 589 64 13 318 238 877 329 911 693 226 547 274 333 273 424 34 169 818 825 484 177 991 605 798 5 942 426 272 143 813 994 839 489 474 861 277 617 116 145 2 822 483 799 863 967 520 639 209 632 555 530 680 758 597 451 820 506 934 171 794 77 468 891 827 909 871 848 210 841 89 916 982 462 207 807 971 502 546 921 883 153 659 253 66 363 634 198 120 860 876 382 627 298 180 655 774 633 361 159 667 250 541 573 88 980 907 692 901 467 592 256 569 517 739 85 928 4 182 418 115 297 464 923 864 461 521 394 282 229 353 623 998 629 457 231 975 154 976 917 314 125 786 41 676 435 61 992 882 152 526 499 673 38 775 965 251 964 806 565 436 327 387 701 789 73 968 96 442 94 614 239 248 622 953 420 400 721 71 487 362 762 434 310 384 814 842 287 755 249 167 792 491 645 885 187 101 191 20 264 697 148 469 538 372 637 269 674 872 698 478 98 534 423 165 233 56 377 707 440 763 851 594 663 344 811 139 175 392 743 63 866 524 884 196 823 309 505 486 132 642 237 908 575 204 903 683 427 449 904 147 947 691 577 977 30 745 322 134 669 969 42 781 890 460 138 328 227 930 421 631 999 621 658 3 358 939 179 352 675 580 200 58 772 368 411 962 86 364 386 123 412 216 194 140 313 816 203 955 415 518 92 742 319 784 69 563 414 690 715 606 641 795 99 296 855 636 388 853 355 471 45 578 910 225 650 874 768 812 653 949 501 262 832 956 503 764 810 859 365 515 966 854 846 773 247 554 341 702 635 730 81 912 317 67 441 711 801 865 611 710 144 74 562 113 378 752 104 321 849 307 666 453 723 815 217 780 551 343 337 446 596 374 548 397 604 670 50 574 511 102 946 417 40 662 886 78 360 255 107 447 808 339 276 759 981 649 979 302 732 202 941 783 429 347 68 299 10 717 127 850 
958 845 958 834 443 371 840 804 221 342 290 212 802 791 607 741 572 82 602 677 640 731 595 776 550 857 312 545 131 898 29 243 413 48 241 284 728 510 222 431 681 536 393 694 869 587 713 647 275 833 257 657 17 325 598 527 161 925 80 294 266 918 566 686 936 889 305 868 261 335 21 383 954 11 121 718 172 915 778 935 756 558 389 24 990 356 497 625 410 896 293 149 459 245 809 700 475 22 559 439 122 128 236 679 892 31 260 540 516 995 660 16 862 76 612 488 836 141 665 195 493 522 60 208 722 291 18 914 228 53 746 32 267 819 35 201 105 466 437 824 465 479 626 390 699 805 359 162 881 211 111 54 332 590 91 26 568 232 708 706 183 610 454 292 894 557 306 340 533 234 119 33 170 185 924 724 875 652 734 323 514 157 396 543 281 817 952 259 638 158 498 613 753 246 749 186 906 419 405 49 970 940 769 93 190 199 740 797 714 528 357 23 779 178 900 188 408 472 583 748 897 963 950 379 401 452 738 301 553 108 664 130 747 151 556 55 235 944 444 571 482 14 926 39 1000 430 867 422 535 6 425 265 112 504 373 620 409 336 450 404 837 902 893 46 348 163 961 828 146 733 181 279 937 100 263 957 173 737 785 989 821 899 142 651 736 481 938 790 494 403 564 585 689 283 402 176 684 218 126 726 326 735 72 398 931 219 445 311 576 687 192 705 570 927 787 829 375 168 561 608 244 28 943 537 197 280 268 593 57 289 27 136 624 346 744 591 380 324 118 972 184 509 242 316 584 838 416 295 531 354 95 480 37 15 51 948 456 615 8 303 974 315 630 62 782 986 973 835 129 754 873 682 843 844 428 117 278 643 586 984 878 350 164 155 83 240 286 750 560 678 19 852 370 905 65 544 448 285 473 729 796 59 507 43 496 751 513 109 712 156 672 777 960 87 97 932 492 709 160 338 220 996 616 888 124 166 870 985 988 500 987 671 458 432 720 399 725 826 765 485 646 920 581 803 495 135 44 685 766 330 25 224 369 922 619 103 600 433 567 206 703 407 351 757 648 230 349 490 223 945 532 438 831 933 47 983 512 856 367 760 599 470 993 788 1 695 519 463 618 609 628 110 52 552 539 133 656 9 137 271 308 793 847 114 12 929 704 716 476 529 213 951 106 919 84 542 858 582 376 959 75 36 385 270 304 174 525 391 79 300 880 654 601 771 978 150 997 767 688 589 64 13 318 238 877 329 911 693 226 547 274 333 273 424 34 169 818 825 484 177 991 605 798 5 942 426 272 143 813 994 839 489 474 861 277 617 116 145 2 822 483 799 863 967 520 639 209 632 555 530 680 758 597 451 820 506 934 171 794 77 468 891 827 909 871 848 210 841 89 916 982 462 207 807 971 502 546 921 883 153 659 253 66 363 634 198 120 860 876 382 627 298 180 655 774 633 361 159 667 250 541 573 88 980 907 692 901 467 592 256 569 517 739 85 928 4 182 418 115 297 464 923 864 461 521 394 282 229 353 623 998 629 457 231 975 154 976 917 314 125 786 41 676 435 61 992 882 152 526 499 673 38 775 965 251 964 806 565 436 327 387 701 789 73 968 96 442 94 614 239 248 622 953 420 400 721 71 487 362 762 434 310 384 814 842 287 755 249 167 792 491 645 885 187 101 191 20 264 697 148 469 538 372 637 269 674 872 698 478 98 534 423 165 233 56 377 707 440 763 851 594 663 344 811 139 175 392 743 63 866 524 884 196 823 309 505 486 132 642 237 908 575 204 903 683 427 449 904 147 947 691 577 977 30 745 322 134 669 969 42 781 890 460 138 328 227 930 421 631 999 621 658 3 358 939 179 352 675 580 200 58 772 368 411 962 86 364 386 123 412 216 194 140 313 816 203 955 415 518 92 742 319 784 69 563 414 690 715 606 641 795 99 296 855 636 388 853 355 471 45 578 910 225 650 874 768 812 653 949 501 262 832 956 503 764 810 859 365 515 966 854 846 773 247 554 341 702 635 730 81 912 317 67 441 711 801 865 611 710 144 74 562 113 378 752 104 321 849 307 666 453 723 815 217 780 551 343 337 446 596 374 548 397 604 670 50 574 511 102 946 417 40 662 886 78 360 255 107 447 808 339 276 759 981 649 979 302 732 202 941 783 429 347 68 299 10 717 127 850 
598 62 782 986 973 835 129 754 873 682 843 844 428 117 278 643 586 984 878 350 164 155 83 240 286 750 560 678 19 852 370 905 65 544 448 285 473 729 796 59 507 43 496 751 513 109 712 156 672 777 960 87 97 932 492 709 160 338 220 996 616 888 124 166 870 985 988 500 987 671 458 432 720 399 725 826 765 485 646 920 581 803 495 135 44 685 766 330 25 224 369 922 619 103 600 433 567 206 703 407 351 757 648 230 349 490 223 945 532 438 831 933 47 983 512 856 367 760 599 470 993 788 1 695 519 463 618 609 628 110 52 552 539 133 656 9 137 271 308 793 847 114 12 929 704 716 476 529 213 951 106 919 84 542 858 582 376 959 75 36 385 270 304 174 525 391 79 300 880 654 601 771 978 150 997 767 688 589 64 13 318 238 877 329 911 693 226 547 274 333 273 424 34 169 818 825 484 177 991 605 798 5 942 426 272 143 813 994 839 489 474 861 277 617 116 145 2 822 483 799 863 967 520 639 209 632 555 530 680 758 597 451 820 506 934 171 794 77 468 891 827 909 871 848 210 841 89 916 982 462 207 807 971 502 546 921 883 153 659 253 66 363 634 198 120 860 876 382 627 298 180 655 774 633 361 159 667 250 541 573 88 980 907 692 901 467 592 256 569 517 739 85 928 4 182 418 115 297 464 923 864 461 521 394 282 229 353 623 998 629 457 231 975 154 976 917 314 125 786 41 676 435 61 992 882 152 526 499 673 38 775 965 251 964 806 565 436 327 387 701 789 73 968 96 442 94 614 239 248 622 953 420 400 721 71 487 362 762 434 310 384 814 842 287 755 249 167 792 491 645 885 187 101 191 20 264 697 148 469 538 372 637 269 674 872 698 478 98 534 423 165 233 56 377 707 440 763 851 594 663 344 811 139 175 392 743 63 866 524 884 196 823 309 505 486 132 642 237 908 575 204 903 683 427 449 904 147 947 691 577 977 30 745 322 134 669 969 42 781 890 460 138 328 227 930 421 631 999 621 658 3 358 939 179 352 675 580 200 58 772 368 411 962 86 364 386 123 412 216 194 140 313 816 203 955 415 518 92 742 319 784 69 563 414 690 715 606 641 795 99 296 855 636 388 853 355 471 45 578 910 225 650 874 768 812 653 949 501 262 832 956 503 764 810 859 365 515 966 854 846 773 247 554 341 702 635 730 81 912 317 67 441 711 801 865 611 710 144 74 562 113 378 752 104 321 849 307 666 453 723 815 217 780 551 343 337 446 596 374 548 397 604 670 50 574 511 102 946 417 40 662 886 78 360 255 107 447 808 339 276 759 981 649 979 302 732 202 941 783 429 347 68 299 10 717 127 850 345 258 
71 329 911 693 226 547 274 333 273 424 34 169 818 825 484 177 991 605 798 5 942 426 272 143 813 994 839 489 474 861 277 617 116 145 2 822 483 799 863 967 520 639 209 632 555 530 680 758 597 451 820 506 934 171 794 77 468 891 827 909 871 848 210 841 89 916 982 462 207 807 971 502 
56 972 184 509 242 316 584 838 416 295 531 354 95 480 37 15 51 948 456 615 8 303 974 315 630 62 782 986 973 835 129 754 873 682 843 844 428 117 278 643 586 984 878 350 164 155 83 240 286 750 560 678 19 852 370 905 65 
10 372 637 269 674 872 698 478 98 534 423 
312 236 679 892 31 260 540 516 995 660 16 862 76 612 488 836 141 665 195 493 522 60 208 722 291 18 914 228 53 746 32 267 819 35 201 105 466 437 824 465 479 626 390 699 805 359 162 881 211 111 54 332 590 91 26 568 232 708 706 183 610 454 292 894 557 306 340 533 234 119 33 170 185 924 724 875 652 734 323 514 157 396 543 281 817 952 259 638 158 498 613 753 246 749 186 906 419 405 49 970 940 769 93 190 199 740 797 714 528 357 23 779 178 900 188 408 472 583 748 897 963 950 379 401 452 738 301 553 108 664 130 747 151 556 55 235 944 444 571 482 14 926 39 1000 430 867 422 535 6 425 265 112 504 373 620 409 336 450 404 837 902 893 46 348 163 961 828 146 733 181 279 937 100 263 957 173 737 785 989 821 899 142 651 736 481 938 790 494 403 564 585 689 283 402 176 684 218 126 726 326 735 72 398 931 219 445 311 576 687 192 705 570 927 787 829 375 168 561 608 244 28 943 537 197 280 268 593 57 289 27 136 624 346 744 591 380 324 118 972 184 509 242 316 584 838 416 295 531 354 95 480 37 15 51 948 456 615 8 303 974 315 630 62 782 986 973 835 129 754 873 682 843 844 428 117 278 643 586 984 878 350 164 155 83 240 286 750 560 678 19 852 370 905 65 544 448 285 473 729 796 59 507 43 496 751 513 109 712 156 672 777 960 87 
254 112 504 373 620 409 336 450 404 837 902 893 46 348 163 961 828 146 733 181 279 937 100 263 957 173 737 785 989 821 899 142 651 736 481 938 790 494 403 564 585 689 283 402 176 684 218 126 726 326 735 72 398 931 219 445 311 576 687 192 705 570 927 787 829 375 168 561 608 244 28 943 537 197 280 268 593 57 289 27 136 624 346 744 591 380 324 118 972 184 509 242 316 584 838 416 295 531 354 95 480 37 15 51 948 456 615 8 303 974 315 630 62 782 986 973 835 129 754 873 682 843 844 428 117 278 643 586 984 878 350 164 155 83 240 286 750 560 678 19 852 370 905 65 544 448 285 473 729 796 59 507 43 496 751 513 109 712 156 672 777 960 87 97 932 492 709 160 338 220 996 616 888 124 166 870 985 988 500 987 671 458 432 720 399 725 826 765 485 646 920 581 803 495 135 44 685 766 330 25 224 369 922 619 103 600 433 567 206 703 407 351 757 648 230 349 490 223 945 532 438 831 933 47 983 512 856 367 760 599 470 993 788 1 695 519 463 618 609 628 110 52 552 539 133 656 9 137 271 308 793 847 114 12 929 
25 208 722 291 18 914 228 53 746 32 267 819 35 201 105 466 437 824 465 479 626 390 699 805 359 162 
760 572 82 602 677 640 731 595 776 550 857 312 545 131 898 29 243 413 48 241 284 728 510 222 431 681 536 393 694 869 587 713 647 275 833 257 657 17 325 598 527 161 925 80 294 266 918 566 686 936 889 305 868 261 335 21 383 954 11 121 718 172 915 778 935 756 558 389 24 990 356 497 625 410 896 293 149 459 245 809 700 475 22 559 439 122 128 236 679 892 31 260 540 516 995 660 16 862 76 612 488 836 141 665 195 493 522 60 208 722 291 18 914 228 53 746 32 267 819 35 201 105 466 437 824 465 479 626 390 699 805 359 162 881 211 111 54 332 590 91 26 568 232 708 706 183 610 454 292 894 557 306 340 533 234 119 33 170 185 924 724 875 652 734 323 514 157 396 543 281 817 952 259 638 158 498 613 753 246 749 186 906 419 405 49 970 940 769 93 190 199 740 797 714 528 357 23 779 178 900 188 408 472 583 748 897 963 950 379 401 452 738 301 553 108 664 130 747 151 556 55 235 944 444 571 482 14 926 39 1000 430 867 422 535 6 425 265 112 504 373 620 409 336 450 404 837 902 893 46 348 163 961 828 146 733 181 279 937 100 263 957 173 737 785 989 821 899 142 651 736 481 938 790 494 403 564 585 689 283 402 176 684 218 126 726 326 735 72 398 931 219 445 311 576 687 192 705 570 927 787 829 375 168 561 608 244 28 943 537 197 280 268 593 57 289 27 136 624 346 744 591 380 324 118 972 184 509 242 316 584 838 416 295 531 354 95 480 37 15 51 948 456 615 8 303 974 315 630 62 782 986 973 835 129 754 873 682 843 844 428 117 278 643 586 984 878 350 164 155 83 240 286 750 560 678 19 852 370 905 65 544 448 285 473 729 796 59 507 43 496 751 513 109 712 156 672 777 960 87 97 932 492 709 160 338 220 996 616 888 124 166 870 985 988 500 987 671 458 432 720 399 725 826 765 485 646 920 581 803 495 135 44 685 766 330 25 224 369 922 619 103 600 433 567 206 703 407 351 757 648 230 349 490 223 945 532 438 831 933 47 983 512 856 367 760 599 470 993 788 1 695 519 463 618 609 628 110 52 552 539 133 656 9 137 271 308 793 847 114 12 929 704 716 476 529 213 951 106 919 84 542 858 582 376 959 75 36 385 270 304 174 525 391 79 300 880 654 601 771 978 150 997 767 688 589 64 13 318 238 877 329 911 693 226 547 274 333 273 424 34 169 818 825 484 177 991 605 798 5 942 426 272 143 813 994 839 489 474 861 277 617 116 145 2 822 483 799 863 967 520 639 209 632 555 530 680 758 597 451 820 506 934 171 794 77 468 891 827 909 871 848 210 841 89 916 982 462 207 807 971 502 546 921 883 153 659 253 66 363 634 198 120 860 876 382 627 298 180 655 774 633 361 159 667 250 541 573 88 980 907 692 901 467 592 256 569 517 739 85 928 4 182 418 115 297 464 923 864 461 521 394 282 229 353 623 998 629 457 231 975 154 976 917 314 125 786 41 676 435 61 992 882 152 526 499 673 38 775 965 251 964 806 565 436 327 387 701 789 73 968 96 442 94 614 239 248 622 953 420 400 721 71 487 362 762 434 310 384 814 842 287 755 249 167 792 491 645 885 187 101 191 20 264 697 148 469 538 372 637 269 674 872 698 478 98 534 423 165 233 56 377 707 440 763 851 594 663 344 811 139 175 392 743 63 866 524 884 196 823 309 505 
828 141 665 195 493 522 60 208 722 291 18 914 228 53 746 32 267 819 35 201 105 466 437 824 465 479 626 390 699 805 359 162 881 211 111 54 332 590 91 26 568 232 708 706 183 610 454 292 894 557 306 340 533 234 119 33 170 185 924 724 875 652 734 323 514 157 396 543 281 817 952 259 638 158 498 613 753 246 749 186 906 419 405 49 970 940 769 93 190 199 740 797 714 528 357 23 779 178 900 188 408 472 583 748 897 963 950 379 401 452 738 301 553 108 664 130 747 151 556 55 235 944 444 571 482 14 926 39 1000 430 867 422 535 6 425 265 112 504 373 620 409 336 450 404 837 902 893 46 348 163 961 828 146 733 181 279 937 100 263 957 173 737 785 989 821 899 142 651 736 481 938 790 494 403 564 585 689 283 402 176 684 218 126 726 326 735 72 398 931 219 445 311 576 687 192 705 570 927 787 829 375 168 561 608 244 28 943 537 197 280 268 593 57 289 27 136 624 346 744 591 380 324 118 972 184 509 242 316 584 838 416 295 531 354 95 480 37 15 51 948 456 615 8 303 974 315 630 62 782 986 973 835 129 754 873 682 843 844 428 117 278 643 586 984 878 350 164 155 83 240 286 750 560 678 19 852 370 905 65 544 448 285 473 729 796 59 507 43 496 751 513 109 712 156 672 777 960 87 97 932 492 709 160 338 220 996 616 888 124 166 870 985 988 500 987 671 458 432 720 399 725 826 765 485 646 920 581 803 495 135 44 685 766 330 25 224 369 922 619 103 600 433 567 206 703 407 351 757 648 230 349 490 223 945 532 438 831 933 47 983 512 856 367 760 599 470 993 788 1 695 519 463 618 609 628 110 52 552 539 133 656 9 137 271 308 793 847 114 12 929 704 716 476 529 213 951 106 919 84 542 858 582 376 959 75 36 385 270 304 174 525 391 79 300 880 654 601 771 978 150 997 767 688 589 64 13 318 238 877 329 911 693 226 547 274 333 273 424 34 169 818 825 484 177 991 605 798 5 942 426 272 143 813 994 839 489 474 861 277 617 116 145 2 822 483 799 863 967 520 639 209 632 555 530 680 758 597 451 820 506 934 171 794 77 468 891 827 909 871 848 210 841 89 916 982 462 207 807 971 502 546 921 883 153 659 253 66 363 634 198 120 860 876 382 627 298 180 655 774 633 361 159 667 250 541 573 88 980 907 692 901 467 592 256 569 517 739 85 928 4 182 418 115 297 464 923 864 461 521 394 282 229 353 623 998 629 457 231 975 154 976 917 314 125 786 41 676 435 61 992 882 152 526 499 673 38 775 965 251 964 806 565 436 327 387 701 789 73 968 96 442 94 614 239 248 622 953 420 400 721 71 487 362 762 434 310 384 814 842 287 755 249 167 792 491 645 885 187 101 191 20 264 697 148 469 538 372 637 269 674 872 698 478 98 534 423 165 233 56 377 707 440 763 851 594 663 344 811 139 175 392 743 63 866 524 884 196 823 309 505 486 132 642 237 908 575 204 903 683 427 449 904 147 947 691 577 977 30 745 322 134 669 969 42 781 890 460 138 328 227 930 421 631 999 621 658 3 358 939 179 352 675 580 200 58 772 368 411 962 86 364 386 123 412 216 194 140 313 816 203 955 415 518 92 742 319 784 69 563 414 690 715 606 641 795 99 296 855 636 388 853 355 471 45 578 910 225 650 874 768 812 653 949 501 262 832 956 503 764 810 859 365 515 966 854 846 773 247 554 341 702 635 730 81 912 317 67 441 711 801 865 611 710 144 74 562 113 378 752 104 321 849 307 666 453 723 815 217 780 551 343 337 446 596 374 548 397 604 670 50 574 511 102 946 417 40 662 886 78 360 255 107 447 808 339 276 759 981 649 
475 927 787 829 375 168 561 608 244 28 943 537 197 280 268 593 57 289 27 136 624 346 744 591 380 324 118 972 184 509 242 316 584 838 416 295 531 354 95 480 37 15 51 948 456 615 8 303 974 315 630 62 782 986 973 835 129 754 873 682 843 844 428 117 278 643 586 984 878 350 164 155 83 240 286 750 560 678 19 852 370 905 65 544 448 285 473 729 796 59 507 43 496 751 513 109 712 156 672 777 960 87 97 932 492 709 160 338 220 996 616 888 124 166 870 985 988 500 987 671 458 432 720 399 725 826 765 485 646 920 581 803 495 135 44 685 766 330 25 224 369 922 619 103 600 433 567 206 703 407 351 757 648 230 349 490 223 945 532 438 831 933 47 983 512 856 367 760 599 470 993 788 1 695 519 463 618 609 628 110 52 552 539 133 656 9 137 271 308 793 847 114 12 929 704 716 476 529 213 951 106 919 84 542 858 582 376 959 75 36 385 270 304 174 525 391 79 300 880 654 601 771 978 150 997 767 688 589 64 13 318 238 877 329 911 693 226 547 274 333 273 424 34 169 818 825 484 177 991 605 798 5 942 426 272 143 813 994 839 489 474 861 277 617 116 145 2 822 483 799 863 967 520 639 209 632 555 530 680 758 597 451 820 506 934 171 794 77 468 891 827 909 871 848 210 841 89 916 982 462 207 807 971 502 546 921 883 153 659 253 66 363 634 198 120 860 876 382 627 298 180 655 774 633 361 159 667 250 541 573 88 980 907 692 901 467 592 256 569 517 739 85 928 4 182 418 115 297 464 923 864 461 521 394 282 229 353 623 998 629 457 231 975 154 976 917 314 125 786 41 676 435 61 992 882 152 526 499 673 38 775 965 251 964 806 565 436 327 387 701 789 73 968 96 442 94 614 239 248 622 953 420 400 721 71 487 362 762 434 310 384 814 842 287 755 249 167 792 491 645 885 187 101 191 20 264 697 148 469 538 372 637 269 674 872 698 478 98 534 423 165 233 56 377 707 440 763 851 594 663 344 811 139 175 392 743 63 866 524 884 196 823 309 505 486 132 642 237 908 575 204 903 683 427 449 904 
110 239 248 622 953 420 400 721 71 487 362 762 434 310 384 814 842 287 755 249 167 792 491 645 885 187 101 191 20 264 697 148 469 538 372 637 269 674 872 698 478 98 534 423 165 233 56 377 707 440 763 851 594 663 344 811 139 175 392 743 63 866 524 884 196 823 309 505 486 132 642 237 908 575 204 903 683 427 449 904 147 947 691 577 977 30 745 322 134 669 969 42 781 890 460 138 328 227 930 421 631 999 621 658 3 358 939 179 352 675 580 
544 694 869 587 713 647 275 833 257 657 17 325 598 527 161 925 80 294 266 918 566 686 936 889 305 868 261 335 21 383 954 11 121 718 172 915 778 935 756 558 389 24 990 356 497 625 410 896 293 149 459 245 809 700 475 22 559 439 122 128 236 679 892 31 260 540 516 995 660 16 862 76 612 488 836 141 665 195 493 522 60 208 722 291 18 914 228 53 746 32 267 819 35 201 105 466 437 824 465 479 626 390 699 805 359 162 881 211 111 54 332 590 91 26 568 232 708 706 183 610 454 292 894 557 306 340 533 234 119 33 170 185 924 724 875 652 734 323 514 157 396 543 281 817 952 259 638 158 498 613 753 246 749 186 906 419 405 49 970 940 769 93 190 199 740 797 714 528 357 23 779 178 900 188 408 472 583 748 897 963 950 379 401 452 738 301 553 108 664 130 747 151 556 55 235 944 444 571 482 14 926 39 1000 430 867 422 535 6 425 265 112 504 373 620 409 336 450 404 837 902 893 46 348 163 961 828 146 733 181 279 937 100 263 957 173 737 785 989 821 899 142 651 736 481 938 790 494 403 564 585 689 283 402 176 684 218 126 726 326 735 72 398 931 219 445 311 576 687 192 705 570 927 787 829 375 168 561 608 244 28 943 537 197 280 268 593 57 289 27 136 624 346 744 591 380 324 118 972 184 509 242 316 584 838 416 295 531 354 95 480 37 15 51 948 456 615 8 303 974 315 630 62 782 986 973 835 129 754 873 682 843 844 428 117 278 643 586 984 878 350 164 155 83 240 286 750 560 678 19 852 370 905 65 544 448 285 473 729 796 59 507 43 496 751 513 109 712 156 672 777 960 87 97 932 492 709 160 338 220 996 616 888 124 166 870 985 988 500 987 671 458 432 720 399 725 826 765 485 646 920 581 803 495 135 44 685 766 330 25 224 369 922 619 103 600 433 567 206 703 407 351 757 648 230 349 490 223 945 532 438 831 933 47 983 512 856 367 760 599 470 993 788 1 695 519 463 618 609 628 110 52 552 539 133 656 9 137 271 308 793 847 114 12 929 704 716 476 529 213 951 106 919 84 542 858 582 376 959 75 36 385 270 304 174 525 391 79 300 880 654 601 771 978 150 997 767 688 589 64 13 318 238 877 329 911 693 226 547 274 333 273 424 34 169 818 825 484 177 991 605 798 5 942 426 272 143 813 994 839 489 474 861 277 617 116 145 2 822 483 799 863 967 520 639 209 
560 21 383 954 11 121 718 172 915 778 935 756 558 389 24 990 356 497 625 410 896 293 149 459 245 809 700 475 22 559 439 122 128 236 679 892 31 260 540 516 995 660 16 862 76 612 488 836 141 665 195 493 522 60 208 722 291 18 914 228 53 746 32 267 819 35 201 105 466 437 824 465 479 626 390 699 805 359 162 881 211 111 54 332 590 91 26 568 232 708 706 183 610 454 292 894 557 306 340 533 234 119 33 170 185 924 724 875 652 734 323 514 157 396 543 281 817 952 259 638 158 498 613 753 246 749 186 906 419 405 49 970 940 769 93 190 199 740 797 714 528 357 23 779 178 900 188 408 472 583 748 897 963 950 379 401 452 738 301 553 108 664 130 747 151 556 55 235 944 444 571 482 14 926 39 1000 430 867 422 535 6 425 265 112 504 373 620 409 336 450 404 837 902 893 46 348 163 961 828 146 733 181 279 937 100 263 957 173 737 785 989 821 899 142 651 736 481 938 790 494 403 564 585 689 283 402 176 684 218 126 726 326 735 72 398 931 219 445 311 576 687 192 705 570 927 787 829 375 168 561 608 244 28 943 537 197 280 268 593 57 289 27 136 624 346 744 591 380 324 118 972 184 509 242 316 584 838 416 295 531 354 95 480 37 15 51 948 456 615 8 303 974 315 630 62 782 986 973 835 129 754 873 682 843 844 428 117 278 643 586 984 878 350 164 155 83 240 286 750 560 678 19 852 370 905 65 544 448 285 473 729 796 59 507 43 496 751 513 109 712 156 672 777 960 87 97 932 492 709 160 338 220 996 616 888 124 166 870 985 988 500 987 671 458 432 720 399 725 826 765 485 646 920 581 803 495 135 44 685 766 330 25 224 369 922 619 103 600 433 567 206 703 407 351 757 648 230 349 490 223 945 532 438 831 933 47 983 512 856 367 760 599 470 993 788 1 695 519 463 618 609 628 110 52 552 539 133 656 9 137 271 308 793 847 114 12 929 704 716 476 529 213 951 106 919 84 542 858 582 376 959 75 36 385 270 304 174 525 391 79 300 880 654 601 771 978 150 997 767 688 589 64 13 318 238 877 329 911 693 226 547 274 333 273 424 34 169 818 825 484 177 991 605 798 5 942 426 272 143 813 994 839 489 474 861 277 617 116 145 2 822 483 799 863 967 520 639 209 632 555 530 680 758 597 451 820 506 934 171 794 77 468 891 827 909 871 848 210 841 89 916 982 462 207 807 971 502 546 921 883 153 659 253 66 363 634 198 120 860 876 382 
655 694 869 587 713 647 275 833 257 657 17 325 598 527 161 925 80 294 266 918 566 686 936 889 305 868 261 335 21 383 954 11 121 718 172 915 778 935 756 558 389 24 990 356 497 625 410 896 293 149 459 245 809 700 475 22 559 439 122 128 236 679 892 31 260 540 516 995 660 16 862 76 612 488 836 141 665 195 493 522 60 208 722 291 18 914 228 53 746 32 267 819 35 201 105 466 437 824 465 479 626 390 699 805 359 162 881 211 111 54 332 590 91 26 568 232 708 706 183 610 454 292 894 557 306 340 533 234 119 33 170 185 924 724 875 652 734 323 514 157 396 543 281 817 952 259 638 158 498 613 753 246 749 186 906 419 405 49 970 940 769 93 190 199 740 797 714 528 357 23 779 178 900 188 408 472 583 748 897 963 950 379 401 452 738 301 553 108 664 130 747 151 556 55 235 944 444 571 482 14 926 39 1000 430 867 422 535 6 425 265 112 504 373 620 409 336 450 404 837 902 893 46 348 163 961 828 146 733 181 279 937 100 263 957 173 737 785 989 821 899 142 651 736 481 938 790 494 403 564 585 689 283 402 176 684 218 126 726 326 735 72 398 931 219 445 311 576 687 192 705 570 927 787 829 375 168 561 608 244 28 943 537 197 280 268 593 57 289 27 136 624 346 744 591 380 324 118 972 184 509 242 316 584 838 416 295 531 354 95 480 37 15 51 948 456 615 8 303 974 315 630 62 782 986 973 835 129 754 873 682 843 844 428 117 278 643 586 984 878 350 164 155 83 240 286 750 560 678 19 852 370 905 65 544 448 285 473 729 796 59 507 43 496 751 513 109 712 156 672 777 960 87 97 932 492 709 160 338 220 996 616 888 124 166 870 985 988 500 987 671 458 432 720 399 725 826 765 485 646 920 581 803 495 135 44 685 766 330 25 224 369 922 619 103 600 433 567 206 703 407 351 757 648 230 349 490 223 945 532 438 831 933 47 983 512 856 367 760 599 470 993 788 1 695 519 463 618 609 628 110 52 552 539 133 656 9 137 271 308 793 847 114 12 929 704 716 476 529 213 951 106 919 84 542 858 582 376 959 75 36 385 270 304 174 525 391 79 300 880 654 601 771 978 150 997 767 688 589 64 13 318 238 877 329 911 693 226 547 274 333 273 424 34 169 818 825 484 177 991 605 798 5 942 426 272 143 813 994 839 489 474 861 277 617 116 145 2 822 483 799 863 967 520 639 209 632 555 530 680 758 597 451 820 506 934 171 794 77 468 891 827 909 871 848 210 841 89 916 982 462 207 807 971 502 546 921 883 153 659 253 66 363 634 198 120 860 876 382 627 298 180 655 774 633 361 159 667 250 541 573 88 980 907 692 901 467 592 256 569 517 739 85 928 4 182 418 115 297 464 923 864 461 521 394 282 229 353 623 998 629 457 231 975 154 976 917 314 125 786 41 676 435 61 992 882 152 526 499 673 38 775 965 251 964 806 565 
726 681 536 393 694 869 587 713 647 275 833 257 657 17 325 598 527 161 925 80 294 266 918 566 686 936 889 305 868 261 335 21 383 954 11 121 718 172 915 778 935 756 558 389 24 990 356 497 625 410 896 293 149 459 245 809 700 475 22 559 439 122 128 236 679 892 31 260 540 516 995 660 16 862 76 612 488 836 141 665 195 493 522 60 208 722 291 18 914 228 53 746 32 267 819 35 201 105 466 437 824 465 479 626 390 699 805 359 162 881 211 111 54 332 590 91 26 568 232 708 706 183 610 454 292 894 557 306 340 533 234 119 33 170 185 924 724 875 652 734 323 514 157 396 543 281 817 952 259 638 158 498 613 753 246 749 186 906 419 405 49 970 940 769 93 190 199 740 797 714 528 357 23 779 178 900 188 408 472 583 748 897 963 950 379 401 452 738 301 553 108 664 130 747 151 556 55 235 944 444 571 482 14 926 39 1000 430 867 422 535 6 425 265 112 504 373 620 409 336 450 404 837 902 893 46 348 163 961 828 146 733 181 279 937 100 263 957 173 737 785 989 821 899 142 651 736 481 938 790 494 403 564 585 689 283 402 176 684 218 126 726 326 735 72 398 931 219 445 311 576 687 192 705 570 927 787 829 375 168 561 608 244 28 943 537 197 280 268 593 57 289 27 136 624 346 744 591 380 324 118 972 184 509 242 316 584 838 416 295 531 354 95 480 37 15 51 948 456 615 8 303 974 315 630 62 782 986 973 835 129 754 873 682 843 844 428 117 278 643 586 984 878 350 164 155 83 240 286 750 560 678 19 852 370 905 65 544 448 285 473 729 796 59 507 43 496 751 513 109 712 156 672 777 960 87 97 932 492 709 160 338 220 996 616 888 124 166 870 985 988 500 987 671 458 432 720 399 725 826 765 485 646 920 581 803 495 135 44 685 766 330 25 224 369 922 619 103 600 433 567 206 703 407 351 757 648 230 349 490 223 945 532 438 831 933 47 983 512 856 367 760 599 470 993 788 1 695 519 463 618 609 628 110 52 552 539 133 656 9 137 271 308 793 847 114 12 929 704 716 476 529 213 951 106 919 84 542 858 582 376 959 75 36 385 270 304 174 525 391 79 300 880 654 601 771 978 150 997 767 688 589 64 13 318 238 877 329 911 693 226 547 274 333 273 424 34 169 818 825 484 177 991 605 798 5 942 426 272 143 813 994 839 489 474 861 277 617 116 145 2 822 483 799 863 967 520 639 209 632 555 530 680 758 597 451 820 506 934 171 794 77 468 891 827 909 871 848 210 841 89 916 982 462 207 807 971 502 546 921 883 153 659 253 66 363 634 198 120 860 876 382 627 298 180 655 774 633 361 159 667 250 541 573 88 980 907 692 901 467 592 256 569 517 739 85 928 4 182 418 115 297 464 923 864 461 521 394 282 229 353 623 998 629 457 231 975 154 976 917 314 125 786 41 676 435 61 992 882 152 526 499 673 38 775 965 251 964 806 565 436 327 387 701 789 73 968 96 442 94 614 239 248 622 953 420 400 721 71 487 362 762 434 310 384 814 842 287 755 249 167 792 491 645 885 187 101 191 20 264 697 148 469 538 372 637 269 674 872 698 478 98 534 423 165 233 56 377 707 440 763 851 594 663 344 811 139 175 
621 620 409 336 450 404 837 902 893 46 348 163 961 828 146 733 181 279 937 100 263 957 173 737 785 989 821 899 142 651 736 481 938 790 494 403 564 585 689 283 402 176 684 218 126 726 326 735 72 398 931 219 445 311 576 687 192 705 570 927 787 829 375 168 561 608 244 28 943 537 197 280 268 593 57 289 27 136 624 346 744 591 380 324 118 972 184 509 242 316 584 838 416 295 531 354 95 480 37 15 51 948 456 615 8 303 974 315 630 62 782 986 973 835 129 754 873 682 843 844 428 117 278 643 586 984 878 350 164 155 83 240 286 750 560 678 19 852 370 905 65 544 448 285 473 729 796 59 507 43 496 751 513 109 712 156 672 777 960 87 97 932 492 709 160 338 220 996 616 888 124 166 870 985 988 500 987 671 458 432 720 399 725 826 765 485 646 920 581 803 495 135 44 685 766 330 25 224 369 922 619 103 600 433 567 206 703 407 351 757 648 230 349 490 223 945 532 438 831 933 47 983 512 856 367 760 599 470 993 788 1 695 519 463 618 609 628 110 52 552 539 133 656 9 137 271 308 793 847 114 12 929 704 716 476 529 213 951 106 919 84 542 858 582 376 959 75 36 385 270 304 174 525 391 79 300 880 654 601 771 978 150 997 767 688 589 64 13 318 238 877 329 911 693 226 547 274 333 273 424 34 169 818 825 484 177 991 605 798 5 942 426 272 143 813 994 839 489 474 861 277 617 116 145 2 822 483 799 863 967 520 639 209 632 555 530 680 758 597 451 820 506 934 171 794 77 468 891 827 909 871 848 210 841 89 916 982 462 207 807 971 502 546 921 883 153 659 253 66 363 634 198 120 860 876 382 627 298 180 655 774 633 361 159 667 250 541 573 88 980 907 692 901 467 592 256 569 517 739 85 928 4 182 418 115 297 464 923 864 461 521 394 282 229 353 623 998 629 457 231 975 154 976 917 314 125 786 41 676 435 61 992 882 152 526 499 673 38 775 965 251 964 806 565 436 327 387 701 789 73 968 96 442 94 614 239 248 622 953 420 400 721 71 487 362 762 434 310 384 814 842 287 755 249 167 792 491 645 885 187 101 191 20 264 697 148 469 538 372 637 269 674 872 698 478 98 534 423 165 233 56 377 707 440 763 851 594 663 344 811 139 175 392 743 63 866 524 884 196 823 309 505 486 132 642 237 908 575 204 903 683 427 449 904 147 947 691 577 977 30 745 322 134 669 969 42 781 890 460 138 328 227 930 421 631 999 621 658 3 358 939 179 352 675 580 200 58 772 368 411 962 86 364 386 123 412 216 194 140 313 816 203 955 415 518 92 742 319 784 69 563 414 690 715 606 641 795 99 296 855 636 388 853 355 471 45 578 910 225 650 874 768 812 653 949 501 262 832 956 503 764 810 
266 934 171 794 77 468 891 827 909 871 848 210 841 89 916 982 462 207 807 971 502 546 921 883 153 659 253 66 363 634 198 120 860 876 382 627 298 180 655 774 633 361 159 667 250 541 573 88 980 907 692 901 467 592 256 569 517 739 85 928 4 182 418 115 297 464 923 864 461 521 394 282 229 353 623 998 629 457 231 975 154 976 917 314 125 786 41 676 435 61 992 882 152 526 499 673 38 775 965 251 964 806 565 436 327 387 701 789 73 968 96 442 94 614 239 248 622 953 420 400 721 71 487 362 762 434 310 384 814 842 287 755 249 167 792 491 645 885 187 101 191 20 264 697 148 469 538 372 637 269 674 872 698 478 98 534 423 165 233 56 377 707 440 763 851 594 663 344 811 139 175 392 743 63 866 524 884 196 823 309 505 486 132 642 237 908 575 204 903 683 427 449 904 147 947 691 577 977 30 745 322 134 669 969 42 781 890 460 138 328 227 930 421 631 999 621 658 3 358 939 179 352 675 580 200 58 772 368 411 962 86 364 386 123 412 216 194 140 313 816 203 955 415 518 92 742 319 784 69 563 414 690 715 606 641 795 99 296 855 636 388 853 355 471 45 578 910 
574 734 323 514 157 396 543 281 817 952 259 638 158 498 613 753 246 749 186 906 419 405 49 970 940 769 93 190 199 740 797 714 528 357 23 779 178 900 188 408 472 583 748 897 963 950 379 401 452 738 301 553 108 664 130 747 151 556 55 235 944 444 571 482 14 926 39 1000 430 867 422 535 6 425 265 112 504 373 620 409 336 450 404 837 902 893 46 348 163 961 828 146 733 181 279 937 100 263 957 173 737 785 989 821 899 142 651 736 481 938 790 494 403 564 585 689 283 402 176 684 218 126 726 326 735 72 398 931 219 445 311 576 687 192 705 570 927 787 829 375 168 561 608 244 28 943 537 197 280 268 593 57 289 27 136 624 346 744 591 380 324 118 972 184 509 242 316 584 838 416 295 531 354 95 480 37 15 51 948 456 615 8 303 974 315 630 62 782 986 973 835 129 754 873 682 843 844 428 117 278 643 586 984 878 350 164 155 83 240 286 750 560 678 19 852 370 905 65 544 448 285 473 729 796 59 507 43 496 751 513 109 712 156 672 777 960 87 97 932 492 709 160 338 220 996 616 888 124 166 870 985 988 500 987 671 458 432 720 399 725 826 765 485 646 920 581 803 495 135 44 685 766 330 25 224 369 922 619 103 600 433 567 206 703 407 351 757 648 230 349 490 223 945 532 438 831 933 47 983 512 856 367 760 599 470 993 788 1 695 519 463 618 609 628 110 52 552 539 133 656 9 137 271 308 793 847 114 12 929 704 716 476 529 213 951 106 919 84 542 858 582 376 959 75 36 385 270 304 174 525 391 79 300 880 654 601 771 978 150 997 767 688 589 64 13 318 238 877 329 911 693 226 547 274 333 273 424 34 169 818 825 484 177 991 605 798 5 942 426 272 143 813 994 839 489 474 861 277 617 116 145 2 822 483 799 863 967 520 639 209 632 555 530 680 758 597 451 820 506 934 171 794 77 468 891 827 909 871 848 210 841 89 916 982 462 207 807 971 502 546 921 883 153 659 253 66 363 634 198 120 860 876 382 627 298 180 655 774 633 361 159 667 250 541 573 88 980 907 692 901 467 592 256 569 517 739 85 928 4 182 418 115 297 464 923 864 461 521 394 282 229 353 623 998 629 457 231 975 154 976 917 314 125 786 41 676 435 61 992 882 152 526 499 673 38 775 965 251 964 806 565 436 327 387 701 789 73 968 96 442 94 614 239 248 622 953 420 400 721 71 487 362 762 434 310 384 814 842 287 755 249 167 792 491 645 885 187 101 191 20 264 697 148 469 538 372 637 269 674 872 698 478 98 534 423 
313 510 222 431 681 536 393 694 869 587 713 647 275 833 257 657 17 325 598 527 161 925 80 294 266 918 566 686 936 889 305 868 261 335 21 383 954 11 121 718 172 915 778 935 756 558 389 24 990 356 497 625 410 896 293 149 459 245 809 700 475 22 559 439 122 128 236 679 892 31 260 540 516 995 660 16 862 76 612 488 836 141 665 195 493 522 60 208 722 291 18 914 228 53 746 32 267 819 35 201 105 466 437 824 465 479 626 390 699 805 359 162 881 211 111 54 332 590 91 26 568 232 708 706 183 610 454 292 894 557 306 340 533 234 119 33 170 185 924 724 875 652 734 323 514 157 396 543 281 817 952 259 638 158 498 613 753 246 749 186 906 419 405 49 970 940 769 93 190 199 740 797 714 528 357 23 779 178 900 188 408 472 583 748 897 963 950 379 401 452 738 301 553 108 664 130 747 151 556 55 235 944 444 571 482 14 926 39 1000 430 867 422 535 6 425 265 112 504 373 620 409 336 450 404 837 902 893 46 348 163 961 828 146 733 181 279 937 100 263 957 173 737 785 989 821 899 142 651 736 481 938 790 494 403 564 585 689 283 402 176 684 218 126 726 326 735 72 398 931 219 445 311 576 687 192 705 570 927 787 829 375 168 561 608 244 28 943 537 197 280 268 593 57 289 27 136 624 346 744 591 380 324 118 972 184 509 242 316 584 838 416 295 531 354 
636 118 972 184 509 242 316 584 838 416 295 531 354 95 480 37 15 51 948 456 615 8 303 974 315 630 62 782 986 973 835 129 754 873 682 843 844 428 117 278 643 586 984 878 350 164 155 83 240 286 750 560 678 19 852 370 905 65 544 448 285 473 729 796 59 507 43 496 751 513 109 712 156 672 777 960 87 97 932 492 709 160 338 220 996 616 888 124 166 870 985 988 500 987 671 458 432 720 399 725 826 765 485 646 920 581 803 495 135 44 685 766 330 25 224 369 922 619 103 600 433 567 206 703 407 351 757 648 230 349 490 223 945 532 438 831 933 47 983 512 856 367 760 599 470 993 788 1 695 519 463 618 609 628 110 52 552 539 133 656 9 137 271 308 793 847 114 12 929 704 716 476 529 213 951 106 919 84 542 858 582 376 959 75 36 385 270 304 174 525 391 79 300 880 654 601 771 978 150 997 767 688 589 64 13 318 238 877 329 911 693 226 547 274 333 273 424 34 169 818 825 484 177 991 605 798 5 942 426 272 143 813 994 839 489 474 861 277 617 116 145 2 822 483 799 863 967 520 639 209 632 555 530 680 758 597 451 820 506 934 171 794 77 468 891 827 909 871 848 210 841 89 916 982 462 207 807 971 502 546 921 883 153 659 253 66 363 634 198 120 860 876 382 627 298 180 655 774 633 361 159 667 250 541 573 88 980 907 692 901 467 592 256 569 517 739 85 928 4 182 418 115 297 464 923 864 461 521 394 282 229 353 623 998 629 457 231 975 154 976 917 314 125 786 41 676 435 61 992 882 152 526 499 673 38 775 965 251 964 806 565 436 327 387 701 789 73 968 96 442 94 614 239 248 622 953 420 400 721 71 487 362 762 434 310 384 814 842 287 755 249 167 792 491 645 885 187 101 191 20 264 697 148 469 538 372 637 269 674 872 698 478 98 534 423 165 233 56 377 707 440 763 851 594 663 344 811 139 175 392 743 63 866 524 884 196 823 309 505 486 132 642 237 908 575 204 903 683 427 449 904 147 947 691 577 977 30 745 322 134 669 969 42 781 890 460 138 328 227 930 421 631 999 621 658 3 358 939 179 352 675 580 200 58 772 368 411 962 86 364 386 123 412 216 194 140 313 816 203 955 415 518 92 742 319 784 69 563 414 690 715 606 641 795 99 296 855 636 388 853 355 471 45 578 910 225 650 874 768 812 653 949 501 262 832 956 503 764 810 859 365 515 966 854 846 773 247 554 341 702 635 730 81 912 317 67 441 711 801 865 611 710 144 74 562 113 378 752 104 321 849 307 666 453 723 815 217 780 551 343 337 446 596 374 548 397 604 670 50 574 511 102 946 417 40 662 886 78 360 255 107 447 808 339 276 759 981 649 979 302 732 202 941 783 429 347 68 299 10 717 127 850 345 258 254 668 70 727 603 331 523 895 800 214 588 334 830 
214 472 583 748 897 963 950 379 401 452 738 301 553 108 664 130 747 151 556 55 235 944 444 571 482 14 926 39 1000 430 867 422 535 6 425 265 112 504 373 620 409 336 450 404 837 902 893 46 348 163 961 828 146 733 181 279 937 100 263 957 173 737 785 989 821 899 142 651 736 481 938 790 494 403 564 585 689 283 402 176 684 218 126 726 326 735 72 398 931 219 445 311 576 687 192 705 570 927 787 829 375 168 561 608 244 28 943 537 197 280 268 593 57 289 27 136 624 346 744 591 380 324 118 972 184 509 242 316 584 838 416 295 531 354 95 480 37 15 51 948 456 615 8 303 974 315 630 62 782 986 973 835 129 754 873 682 843 844 428 117 278 643 586 984 878 350 164 155 83 240 286 750 560 678 19 852 370 905 65 544 448 285 473 729 796 59 507 43 496 751 513 109 712 156 672 777 960 87 97 932 492 709 160 338 220 996 616 888 124 166 870 985 988 500 987 
832 990 356 497 625 410 896 293 149 459 245 809 700 475 22 559 439 122 128 236 679 892 31 260 540 516 995 660 16 862 76 612 488 836 141 665 195 493 522 60 208 722 291 18 914 228 53 746 32 267 819 35 201 105 466 437 824 465 479 626 390 699 805 359 162 881 211 111 54 332 590 91 26 568 232 708 706 183 610 454 292 894 557 306 340 533 234 119 33 170 185 924 724 875 652 734 323 514 157 396 543 281 817 952 259 638 158 498 613 753 246 749 186 906 419 405 49 970 940 769 93 190 199 740 797 714 528 357 23 779 178 900 188 408 472 583 748 897 963 950 379 401 452 738 301 553 108 664 130 747 151 556 55 235 944 444 571 482 14 926 39 1000 430 867 422 535 6 425 265 112 504 373 620 409 336 450 404 837 902 893 46 348 163 961 828 146 733 181 279 937 100 263 957 173 737 785 989 821 899 142 651 736 481 938 790 494 403 564 585 689 283 402 176 684 218 126 726 326 735 72 398 931 219 445 311 576 687 192 705 570 927 787 829 375 168 561 608 244 28 943 537 197 280 268 593 57 289 27 136 624 346 744 591 380 324 118 972 184 509 242 316 584 838 416 295 531 354 95 480 37 15 51 948 456 615 8 303 974 315 630 62 782 986 973 835 129 754 873 682 843 844 428 117 278 643 586 984 878 350 164 155 83 240 286 750 560 678 19 852 370 905 65 544 448 285 473 729 796 59 507 43 496 751 513 109 712 156 672 777 960 87 97 932 492 709 160 338 220 996 616 888 124 166 870 985 988 500 987 671 458 432 720 399 725 826 765 485 646 920 581 803 495 135 44 685 766 330 25 224 369 922 619 103 600 433 567 206 703 407 351 757 648 230 349 490 223 945 532 438 831 933 47 983 512 856 367 760 599 470 993 788 1 695 519 463 618 609 628 110 52 552 539 133 656 9 137 271 308 793 847 114 12 929 704 716 476 529 213 951 106 919 84 542 858 582 376 959 75 36 385 270 304 174 525 391 79 300 880 654 601 771 978 150 997 767 688 589 64 13 318 238 877 329 911 693 226 547 274 333 273 424 34 169 818 825 484 177 991 605 798 5 942 426 272 143 813 994 839 489 474 861 277 617 116 145 2 822 483 799 863 967 520 639 209 632 555 530 680 758 597 451 820 506 934 171 794 77 468 891 827 909 871 848 210 841 89 916 982 462 207 807 971 502 546 921 883 153 659 253 66 363 634 198 120 860 876 382 627 298 180 655 774 633 361 159 667 250 541 573 88 980 907 692 901 467 592 256 569 517 739 85 928 4 182 418 115 297 464 923 864 461 521 394 282 229 353 623 998 629 457 231 975 154 976 917 314 125 786 41 676 435 61 992 882 152 526 499 673 38 775 965 251 964 806 565 436 327 387 701 789 73 968 96 442 94 614 239 248 622 953 420 400 721 71 487 362 762 434 310 384 814 842 287 755 249 167 792 491 645 885 187 101 191 20 264 697 148 469 538 372 637 269 674 872 698 478 98 534 423 165 233 56 377 707 440 763 851 594 663 344 811 139 175 392 743 63 866 524 884 196 823 309 505 486 132 642 237 908 575 204 903 683 427 449 904 147 947 691 577 977 30 745 322 134 669 969 42 781 890 460 138 328 227 930 421 631 999 621 658 3 358 939 179 352 675 580 200 58 772 368 411 962 86 364 386 123 412 216 194 140 313 816 203 955 415 518 92 742 319 784 69 563 414 690 715 606 641 795 99 296 855 636 388 853 355 471 45 578 910 225 650 874 768 812 653 949 501 262 832 956 503 764 810 859 365 515 966 854 846 773 247 554 341 702 635 730 81 912 317 67 441 711 801 865 611 710 144 74 562 113 378 752 104 321 849 307 666 453 723 815 217 780 551 
326 338 220 996 616 888 124 166 870 985 988 500 987 671 458 432 720 399 725 826 765 485 646 920 581 803 495 135 44 685 766 330 25 224 369 922 619 103 600 433 567 206 703 407 351 757 648 230 349 490 223 945 532 438 831 933 47 983 512 856 367 760 599 470 993 788 1 695 519 463 618 609 628 110 52 552 539 133 656 9 137 271 308 793 847 114 12 929 704 716 476 529 213 951 106 919 84 542 858 582 376 959 75 36 385 270 304 174 525 391 79 300 880 654 601 771 978 150 997 767 688 589 64 13 318 238 877 329 911 693 226 547 274 333 273 424 34 169 818 825 484 177 991 605 798 5 942 426 272 143 813 994 839 489 474 861 277 617 116 145 2 822 483 799 863 967 520 639 209 632 555 530 680 758 597 451 820 506 934 171 794 77 468 891 827 909 871 848 210 841 89 916 982 462 207 807 971 502 546 921 883 153 659 253 66 363 634 198 120 860 876 382 627 298 180 655 774 633 361 159 667 250 541 573 88 980 907 692 901 467 592 256 569 517 739 85 928 4 182 418 115 297 464 923 864 461 521 394 282 229 353 623 998 629 457 231 975 154 976 917 314 125 786 41 676 435 61 992 882 152 526 499 673 38 775 965 251 964 806 565 436 327 387 701 789 73 968 96 442 94 614 239 248 622 953 420 400 721 71 487 362 762 434 310 384 814 842 287 755 249 167 792 491 645 885 187 101 191 20 264 697 148 469 538 372 637 269 
329 128 236 679 892 31 260 540 516 995 660 16 862 76 612 488 836 141 665 195 493 522 60 208 722 291 18 914 228 53 746 32 267 819 35 201 105 466 437 824 465 479 626 390 699 805 359 162 881 211 111 54 332 590 91 26 568 232 708 706 183 610 454 292 894 557 306 340 533 234 119 33 170 185 924 724 875 652 734 323 514 157 396 543 281 817 952 259 638 158 498 613 753 246 749 186 906 419 405 49 970 940 769 93 190 199 740 797 714 528 357 23 779 178 900 188 408 472 583 748 897 963 950 379 401 452 738 301 553 108 664 130 747 151 556 55 235 944 444 571 482 14 926 39 1000 430 867 422 535 6 425 265 112 504 373 620 409 336 450 404 837 902 893 46 348 163 961 828 146 733 181 279 937 100 263 957 173 737 785 989 821 899 142 651 736 481 938 790 494 403 564 585 689 283 402 176 684 218 126 726 326 735 72 398 931 219 445 311 576 687 192 705 570 927 787 829 375 168 561 608 244 28 943 537 197 280 268 593 57 289 27 136 624 346 744 591 380 324 118 972 184 509 242 316 584 838 416 295 531 354 95 480 37 15 51 948 456 615 8 303 974 315 630 62 782 986 973 835 129 754 873 682 843 844 428 117 278 643 586 984 878 350 164 155 83 240 286 750 560 678 19 852 370 905 65 544 448 285 473 729 796 59 507 43 496 751 513 109 712 156 672 777 960 87 97 932 492 709 160 338 220 996 616 888 124 166 870 985 988 500 
508 875 652 734 323 514 157 396 543 281 817 952 259 638 158 498 613 753 246 749 186 906 419 405 49 970 940 769 93 190 199 740 797 714 528 357 23 779 178 900 188 408 472 583 748 897 963 950 379 401 452 738 301 553 108 664 130 747 151 556 55 235 944 444 571 482 14 926 39 1000 430 867 422 535 6 425 265 112 504 373 620 409 336 450 404 837 902 893 46 348 163 961 828 146 733 181 279 937 100 263 957 173 737 785 989 821 899 142 651 736 481 938 790 494 403 564 585 689 283 402 176 684 218 126 726 326 735 72 398 931 219 445 311 576 687 192 705 570 927 787 829 375 168 561 608 244 28 943 537 197 280 268 593 57 289 27 136 624 346 744 591 380 324 118 972 184 509 242 316 584 838 416 295 531 354 95 480 37 15 51 948 456 615 8 303 974 315 630 62 782 986 973 835 129 754 873 682 843 844 428 117 278 643 586 984 878 350 164 155 83 240 286 750 560 678 19 852 370 905 65 544 448 285 473 729 796 59 507 43 496 751 513 109 712 156 672 777 960 87 97 932 492 709 160 338 220 996 616 888 124 166 870 985 988 500 987 671 458 432 720 399 725 826 765 485 646 920 581 803 495 135 44 685 766 330 25 224 369 922 619 103 600 433 567 206 703 407 351 757 648 230 349 490 223 945 532 438 831 933 47 983 512 856 367 760 599 470 993 788 1 695 519 463 618 609 628 110 52 552 539 133 656 9 137 271 308 793 847 114 12 929 704 716 476 529 213 951 106 919 84 542 858 582 376 959 75 36 385 270 304 174 525 391 79 300 880 654 601 771 978 150 997 767 688 589 64 13 318 238 877 329 911 693 226 547 274 333 273 424 34 169 818 825 484 177 991 605 798 5 942 426 272 143 813 994 839 489 474 861 277 617 116 145 2 822 483 799 863 967 520 639 209 632 555 530 680 758 597 451 820 506 934 171 794 77 468 891 827 909 871 848 210 841 89 916 982 462 207 807 971 502 546 921 883 153 659 253 66 363 634 198 120 860 876 382 627 298 180 655 774 633 361 159 667 250 541 573 88 980 907 692 901 467 592 256 569 517 739 85 928 4 182 418 115 297 464 923 864 461 521 394 282 229 353 623 998 629 457 231 975 154 976 917 314 125 786 41 676 435 
619 60 208 722 291 18 914 228 53 746 32 267 819 35 201 105 466 437 824 465 479 626 390 699 805 359 162 881 211 111 54 332 590 91 26 568 232 708 706 183 610 454 292 894 557 306 340 533 234 119 33 170 185 924 724 875 652 734 323 514 157 396 543 281 817 952 259 638 158 498 613 753 246 749 186 906 419 405 49 970 940 769 93 190 199 740 797 714 528 357 23 779 178 900 188 408 472 583 748 897 963 950 379 401 452 738 301 553 108 664 130 747 151 556 55 235 944 444 571 482 14 926 39 1000 430 867 422 535 6 425 265 112 504 373 620 409 336 450 404 837 902 893 46 348 163 961 828 146 733 181 279 937 100 263 957 173 737 785 989 821 899 142 651 736 481 938 790 494 403 564 585 689 283 402 176 684 218 126 726 326 735 72 398 931 219 445 311 576 687 192 705 570 927 787 829 375 168 561 608 244 28 943 537 197 280 268 593 57 289 27 136 624 346 744 591 380 324 118 972 184 509 242 316 584 838 416 295 531 354 95 480 37 15 51 948 456 615 8 303 974 315 630 62 782 986 973 835 129 754 873 682 843 844 428 117 278 643 586 984 878 350 164 155 83 240 286 750 560 678 19 852 370 905 65 544 448 285 473 729 796 59 507 43 496 751 513 109 712 156 672 777 960 87 97 932 492 709 160 338 220 996 616 888 124 166 870 985 988 500 987 671 458 432 720 399 725 826 765 485 646 920 581 803 495 135 44 685 766 330 25 224 369 922 619 103 600 433 567 206 703 407 351 757 648 230 349 490 223 945 532 438 831 933 47 983 512 856 367 760 599 470 993 788 1 695 519 463 618 609 628 110 52 552 539 133 656 9 137 271 308 793 847 114 12 929 704 716 476 529 213 951 106 919 84 542 858 582 376 959 75 36 385 270 304 174 525 391 79 300 880 654 601 771 978 150 997 767 688 589 64 13 318 238 877 329 911 693 226 547 274 333 273 424 34 169 818 825 484 177 991 605 798 5 942 426 272 143 813 994 839 489 474 861 277 617 116 145 2 822 483 799 863 967 520 639 209 632 555 530 680 758 597 451 820 506 934 171 794 77 468 891 827 909 871 848 210 841 89 916 982 462 207 807 971 502 546 921 883 153 659 253 66 363 634 198 120 860 876 382 627 298 180 655 774 633 361 159 667 250 541 573 88 980 907 692 901 467 592 256 569 517 739 85 928 4 182 418 115 297 464 923 864 461 521 394 282 229 353 623 998 629 457 231 975 154 976 917 314 125 786 41 676 435 61 992 882 152 526 499 673 38 775 965 251 964 806 565 436 327 387 701 789 73 968 96 442 94 614 239 248 622 953 420 400 721 71 487 362 762 434 310 384 814 842 287 755 249 167 792 491 645 885 187 101 191 20 264 697 148 469 
830 260 540 516 995 660 16 862 76 612 488 836 141 665 195 493 522 60 208 722 291 18 914 228 53 746 32 267 819 35 201 105 466 437 824 465 479 626 390 699 805 359 162 881 211 111 54 332 590 91 26 568 232 708 706 183 610 454 292 894 557 306 340 533 234 119 33 170 185 924 724 875 652 734 323 514 157 396 543 281 817 952 259 638 158 498 613 753 246 749 186 906 419 405 49 970 940 769 93 190 199 740 797 714 528 357 23 779 178 900 188 408 472 583 748 897 963 950 379 401 452 738 301 553 108 664 130 747 151 556 55 235 944 444 571 482 14 926 39 1000 430 867 422 535 6 425 265 112 504 373 620 409 336 450 404 837 902 893 46 348 163 961 828 146 733 181 279 937 100 263 957 173 737 785 989 821 899 142 651 736 481 938 790 494 403 564 585 689 283 402 176 684 218 126 726 326 735 72 398 931 219 445 311 576 687 192 705 570 927 787 829 375 168 561 608 244 28 943 537 197 280 268 593 57 289 27 136 624 346 744 591 380 324 118 972 184 509 242 316 584 838 416 295 531 354 95 480 37 15 51 948 456 615 8 303 974 315 630 62 782 986 973 835 129 754 873 682 843 844 428 117 278 643 586 984 878 350 164 155 83 240 286 750 560 678 19 852 370 905 65 544 448 285 473 729 796 59 507 43 496 751 513 109 712 156 672 777 960 87 97 932 492 709 160 338 220 996 616 888 124 166 870 985 988 500 987 671 458 432 720 399 725 826 765 485 646 920 581 803 495 135 44 685 766 330 25 224 369 922 619 103 600 433 567 206 703 407 351 757 648 230 349 490 223 945 532 438 831 933 47 983 512 856 367 760 599 470 993 788 1 695 519 463 618 609 628 110 52 552 539 133 656 9 137 271 308 793 847 114 12 929 704 716 476 529 213 951 106 919 84 542 858 582 376 959 75 36 385 270 304 174 525 391 79 300 880 654 601 771 978 150 997 767 688 589 64 13 318 238 877 329 911 693 226 547 274 333 273 424 34 169 818 825 484 177 991 605 798 5 942 426 272 143 813 994 839 489 474 861 277 617 116 145 2 822 483 799 863 967 520 639 209 632 555 530 680 758 597 451 820 506 934 171 794 77 468 891 827 909 871 848 210 841 89 916 982 462 207 807 971 502 546 921 883 153 659 253 66 363 634 198 120 860 876 382 627 298 180 655 774 633 361 159 667 250 541 573 88 980 907 692 901 467 592 256 569 517 739 85 928 4 182 418 115 297 464 923 864 461 521 394 282 229 353 623 998 629 457 231 975 154 976 917 314 125 786 41 676 435 61 992 882 152 526 499 673 38 775 965 251 964 806 565 436 327 387 701 789 73 968 96 442 94 614 239 248 622 953 420 400 721 71 487 362 762 434 310 384 814 842 287 755 249 167 792 491 645 885 187 101 191 20 264 697 148 469 538 372 637 269 674 872 698 478 98 534 423 165 233 56 377 707 440 763 851 594 663 344 811 139 175 392 743 63 866 524 884 196 823 309 505 486 132 642 237 908 575 204 903 683 427 449 904 147 947 691 577 977 30 745 322 134 669 969 42 781 890 460 138 328 227 930 421 631 999 621 658 3 358 939 179 352 675 580 200 58 772 368 411 962 86 364 386 123 412 216 194 140 313 816 203 955 415 518 92 742 319 784 69 563 414 690 715 606 641 795 99 296 855 636 388 853 355 471 45 578 910 225 650 874 768 812 653 949 501 262 832 956 503 764 810 859 365 515 966 854 846 773 247 554 341 702 635 730 81 912 317 67 441 711 801 865 611 710 144 74 562 113 378 752 104 321 849 307 666 453 723 815 217 780 551 343 337 446 596 374 548 397 604 670 50 574 511 102 946 417 40 662 886 78 360 
42 31 260 540 516 995 660 16 862 76 612 488 836 141 665 195 493 522 60 208 722 291 18 914 228 53 746 32 267 819 35 201 105 466 437 824 465 479 626 390 699 805 359 
136 2 822 483 799 863 967 520 639 209 632 555 530 680 758 597 451 820 506 934 171 794 77 468 891 827 909 871 848 210 841 89 916 982 462 207 807 971 502 546 921 883 153 659 253 66 363 634 198 120 860 876 382 627 298 180 655 774 633 361 159 667 250 541 573 88 980 907 692 901 467 592 256 569 517 739 85 928 4 182 418 115 297 464 923 864 461 521 394 282 229 353 623 998 629 457 231 975 154 976 917 314 125 786 41 676 435 61 992 882 152 526 499 673 38 775 965 251 964 806 565 436 327 387 701 789 73 968 96 442 94 614 239 248 622 953 420 
951 640 731 595 776 550 857 312 545 131 898 29 243 413 48 241 284 728 510 222 431 681 536 393 694 869 587 713 647 275 833 257 657 17 325 598 527 161 925 80 294 266 918 566 686 936 889 305 868 261 335 21 383 954 11 121 718 172 915 778 935 756 558 389 24 990 356 497 625 410 896 293 149 459 245 809 700 475 22 559 439 122 128 236 679 892 31 260 540 516 995 660 16 862 76 612 488 836 141 665 195 493 522 60 208 722 291 18 914 228 53 746 32 267 819 35 201 105 466 437 824 465 479 626 390 699 805 359 162 881 211 111 54 332 590 91 26 568 232 708 706 183 610 454 292 894 557 306 340 533 234 119 33 170 185 924 724 875 652 734 323 514 157 396 543 281 817 952 259 638 158 498 613 753 246 749 186 906 419 405 49 970 940 769 93 190 199 740 797 714 528 357 23 779 178 900 188 408 472 583 748 897 963 950 379 401 452 738 301 553 108 664 130 747 151 556 55 235 944 444 571 482 14 926 39 1000 430 867 422 535 6 425 265 112 504 373 620 409 336 450 404 837 902 893 46 348 163 961 828 146 733 181 279 937 100 263 957 173 737 785 989 821 899 142 651 736 481 938 790 494 403 564 585 689 283 402 176 684 218 126 726 326 735 72 398 931 219 445 311 576 687 192 705 570 927 787 829 375 168 561 608 244 28 943 537 197 280 268 593 57 289 27 136 624 346 744 591 380 324 118 972 184 509 242 316 584 838 416 295 531 354 95 480 37 15 51 948 456 615 8 303 974 315 630 62 782 986 973 835 129 754 873 682 843 844 428 117 278 643 586 984 878 350 164 155 83 240 286 750 560 678 19 852 370 905 65 544 448 285 473 729 796 59 507 43 496 751 513 109 712 156 672 777 960 87 97 932 492 709 160 338 220 996 616 888 124 166 870 985 988 500 987 671 458 432 720 399 725 826 765 485 646 920 581 803 495 135 44 685 766 330 25 224 369 922 619 103 600 433 567 206 703 407 351 757 648 230 349 490 223 945 532 438 831 933 47 983 512 856 367 760 599 470 993 788 1 695 519 463 618 609 628 110 52 552 539 133 656 9 137 271 308 793 847 114 12 929 704 716 476 529 213 951 106 919 84 542 858 582 376 959 75 36 385 270 304 174 525 391 79 300 880 654 601 771 978 150 997 767 688 589 64 13 318 238 877 329 911 693 226 547 274 333 273 424 34 169 818 825 484 177 991 605 798 5 942 426 272 143 813 994 839 489 474 861 277 617 116 145 2 822 483 799 863 967 520 639 209 632 555 530 680 758 597 451 820 506 934 171 794 77 468 891 827 909 871 848 210 841 89 916 982 462 207 807 971 502 546 921 883 153 659 253 66 363 634 198 120 860 876 382 627 298 180 655 774 633 361 159 667 250 541 573 88 980 907 692 901 467 592 256 569 517 739 85 928 4 182 418 115 297 464 923 864 461 521 394 282 229 353 623 998 629 457 231 975 154 976 917 314 125 786 41 676 435 61 992 882 152 526 499 673 38 775 965 251 964 806 565 436 327 387 701 789 73 968 96 442 94 614 239 248 622 953 420 400 721 71 487 362 762 434 310 384 814 842 287 755 249 167 792 491 645 885 187 101 191 20 264 697 148 469 538 372 637 269 674 872 698 478 98 534 423 165 233 56 377 707 440 763 851 594 663 344 811 139 175 392 743 63 866 524 884 196 823 309 505 486 132 642 237 908 575 204 903 683 427 449 904 147 947 691 577 977 30 745 322 134 669 969 42 781 890 460 138 328 227 930 421 631 999 621 658 3 358 939 179 352 675 580 200 58 772 368 411 962 86 364 386 123 412 216 194 140 313 816 203 955 415 518 92 742 319 784 69 563 414 690 715 606 641 795 99 296 855 636 388 853 355 471 45 578 910 225 650 874 768 812 653 949 501 262 832 956 503 764 810 859 365 515 966 854 846 773 247 554 341 702 635 730 81 912 317 67 441 711 801 865 611 710 144 74 562 113 378 752 104 321 849 307 666 453 723 815 217 780 551 343 337 446 596 374 548 397 604 670 50 574 511 102 946 417 40 662 886 78 360 255 107 447 808 339 276 759 981 649 979 302 732 202 941 783 429 347 68 299 10 717 127 850 345 258 254 668 70 727 603 331 523 895 800 214 
143 619 103 600 433 567 206 703 407 351 757 648 230 349 490 223 945 532 438 831 933 47 983 512 856 367 760 599 470 993 788 1 695 519 463 618 609 628 110 52 552 539 133 656 9 137 271 308 793 847 114 12 929 704 716 476 529 213 951 106 919 84 542 858 582 376 959 75 36 385 270 304 174 525 391 79 300 880 654 601 771 978 150 997 767 688 589 64 13 318 238 877 329 911 693 226 547 274 333 273 424 34 169 818 825 484 177 991 605 798 5 942 426 272 143 813 994 839 489 474 861 277 617 116 145 2 822 483 799 863 967 520 639 209 632 555 530 680 758 597 451 820 506 934 
154 657 17 325 598 527 161 925 80 294 266 918 566 686 936 889 305 868 261 335 21 383 954 11 121 718 172 915 778 935 756 558 389 24 990 356 497 625 410 896 293 149 459 245 809 700 475 22 559 439 122 128 236 679 892 31 260 540 516 995 660 16 862 76 612 488 836 141 665 195 493 522 60 208 722 291 18 914 228 53 746 32 267 819 35 201 105 466 437 824 465 479 626 390 699 805 359 162 881 211 111 54 332 590 91 26 568 232 708 706 183 610 454 292 894 557 306 340 533 234 119 33 170 185 924 724 875 652 734 323 514 157 396 543 281 817 952 259 638 158 498 613 753 246 749 186 906 419 405 49 970 940 769 93 190 
952 381 761 477 887 508 770 252 644 189 90 549 719 395 406 696 579 661 193 7 455 366 320 845 958 834 443 371 840 804 221 342 290 212 802 791 607 741 572 82 602 677 640 731 595 776 550 857 312 545 131 898 29 243 413 48 241 284 728 510 222 431 681 536 393 694 869 587 713 647 275 833 257 657 17 325 598 527 161 925 80 294 266 918 566 686 936 889 305 868 261 335 21 383 954 11 121 718 172 915 778 935 756 558 389 24 990 356 497 625 410 896 293 149 459 245 809 700 475 22 559 439 122 128 236 679 892 31 260 540 516 995 660 16 862 76 612 488 836 141 665 195 493 522 60 208 722 291 18 914 228 53 746 32 267 819 35 201 105 466 437 824 465 479 626 390 699 805 359 162 881 211 111 54 332 590 91 26 568 232 708 706 183 610 454 292 894 557 306 340 533 234 119 33 170 185 924 724 875 652 734 323 514 157 396 543 281 817 952 259 638 158 498 613 753 246 749 186 906 419 405 49 970 940 769 93 190 199 740 797 714 528 357 23 779 178 900 188 408 472 583 748 897 963 950 379 401 452 738 301 553 108 664 130 747 151 556 55 235 944 444 571 482 14 926 39 1000 430 867 422 535 6 425 265 112 504 373 620 409 336 450 404 837 902 893 46 348 163 961 828 146 733 181 279 937 100 263 957 173 737 785 989 821 899 142 651 736 481 938 790 494 403 564 585 689 283 402 176 684 218 126 726 326 735 72 398 931 219 445 311 576 687 192 705 570 927 787 829 375 168 561 608 244 28 943 537 197 280 268 593 57 289 27 136 624 346 744 591 380 324 118 972 184 509 242 316 584 838 416 295 531 354 95 480 37 15 51 948 456 615 8 303 974 315 630 62 782 986 973 835 129 754 873 682 843 844 428 117 278 643 586 984 878 350 164 155 83 240 286 750 560 678 19 852 370 905 65 544 448 285 473 729 796 59 507 43 496 751 513 109 712 156 672 777 960 87 97 932 492 709 160 338 220 996 616 888 124 166 870 985 988 500 987 671 458 432 720 399 725 826 765 485 646 920 581 803 495 135 44 685 766 330 25 224 369 922 619 103 600 433 567 206 703 407 351 757 648 230 349 490 223 945 532 438 831 933 47 983 512 856 367 760 599 470 993 788 1 695 519 463 618 609 628 110 52 552 539 133 656 9 137 271 308 793 847 114 12 929 704 716 476 529 213 951 106 919 84 542 858 582 376 959 75 36 385 270 304 174 525 391 79 300 880 654 601 771 978 150 997 767 688 589 64 13 318 238 877 329 911 693 226 547 274 333 273 424 34 169 818 825 484 177 991 605 798 5 942 426 272 143 813 994 839 489 474 861 277 617 116 145 2 822 483 799 863 967 520 639 209 632 555 530 680 758 597 451 820 506 934 171 794 77 468 891 827 909 871 848 210 841 89 916 982 462 207 807 971 502 546 921 883 153 659 253 66 363 634 198 120 860 876 382 627 298 180 655 774 633 361 159 667 250 541 573 88 980 907 692 901 467 592 256 569 517 739 85 928 4 182 418 115 297 464 923 864 461 521 394 282 229 353 623 998 629 457 231 975 154 976 917 314 125 786 41 676 435 61 992 882 152 526 499 673 38 775 965 251 964 806 565 436 327 387 701 789 73 968 96 442 94 614 239 248 622 953 420 400 721 71 487 362 762 434 310 384 814 842 287 755 249 167 792 491 645 885 187 101 191 20 264 697 148 469 538 372 637 269 674 872 698 478 98 534 423 165 233 56 377 707 440 763 851 594 663 344 811 139 175 392 743 63 866 524 884 196 823 309 505 486 132 642 237 908 575 204 903 683 427 449 904 147 947 691 577 977 30 745 322 134 669 969 42 781 890 460 138 328 227 930 421 631 999 621 658 3 358 939 179 352 675 580 200 58 772 368 411 962 86 364 386 123 412 216 194 140 313 816 203 955 415 518 92 742 319 784 69 563 414 690 715 606 641 795 99 296 855 636 388 853 355 471 45 578 910 225 650 874 768 812 653 949 501 262 832 956 503 764 810 859 365 515 966 854 846 773 247 554 341 702 635 730 81 912 317 67 441 711 801 865 611 710 144 74 562 113 378 752 104 321 849 307 666 453 723 815 217 780 551 343 337 446 596 374 548 397 604 670 50 574 511 102 946 417 
313 403 564 585 689 283 402 176 684 218 126 726 326 735 72 398 931 219 445 311 576 687 192 705 570 927 787 829 375 168 561 608 244 28 943 537 197 280 268 593 57 289 27 136 624 346 744 591 380 324 118 972 184 509 242 316 584 838 416 295 531 354 95 480 37 15 51 948 456 615 8 303 974 315 630 62 782 986 973 835 129 754 873 682 843 844 428 117 278 643 586 984 878 350 164 155 83 240 286 750 560 678 19 852 370 905 65 544 448 285 473 729 796 59 507 43 496 751 513 109 712 156 672 777 960 87 97 932 492 709 160 338 220 996 616 888 124 166 870 985 988 500 987 671 458 432 720 399 725 826 765 485 646 920 581 803 495 135 44 685 766 330 25 224 369 922 619 103 600 433 567 206 703 407 351 757 648 230 349 490 223 945 532 438 831 933 47 983 512 856 367 760 599 470 993 788 1 695 519 463 618 609 628 110 52 552 539 133 656 9 137 271 308 793 847 114 12 929 704 716 476 529 213 951 106 919 84 542 858 582 376 959 75 36 385 270 304 174 525 391 79 300 880 654 601 771 978 150 997 767 688 589 64 13 318 238 877 329 911 693 226 547 274 333 273 424 34 169 818 825 484 177 991 605 798 5 942 426 272 143 813 994 839 489 474 861 277 617 116 145 2 822 483 799 863 967 520 639 209 632 555 530 680 758 597 451 820 506 934 171 794 77 468 891 
554 323 514 157 396 543 281 817 952 259 638 158 498 613 753 246 749 186 906 419 405 49 970 940 769 93 190 199 740 797 714 528 357 23 779 178 900 188 408 472 583 748 897 963 950 379 401 452 738 301 553 108 664 130 747 151 556 55 235 944 444 571 482 14 926 39 1000 430 867 422 535 6 425 265 112 504 373 620 409 336 450 404 837 902 893 46 348 163 961 828 146 733 181 279 937 100 263 957 173 737 785 989 821 899 142 651 736 481 938 790 494 403 564 585 689 283 402 176 684 218 126 726 326 735 72 398 931 219 445 311 576 687 192 705 570 927 787 829 375 168 561 608 244 28 943 537 197 280 268 593 57 289 27 136 624 346 744 591 380 324 118 972 184 509 242 316 584 838 416 295 531 354 95 480 37 15 51 948 456 615 8 303 974 315 630 62 782 986 973 835 129 754 873 682 843 844 428 117 278 643 586 984 878 350 164 155 83 240 286 750 560 678 19 852 370 905 65 544 448 285 473 729 796 59 507 43 496 751 513 109 712 156 672 777 960 87 97 932 492 709 160 338 220 996 616 888 124 166 870 985 988 500 987 671 458 432 720 399 725 826 765 485 646 920 581 803 495 135 44 685 766 330 25 224 369 922 619 103 600 433 567 206 703 407 351 757 648 230 349 490 223 945 532 438 831 933 47 983 512 856 367 760 599 470 993 788 1 695 519 463 618 609 628 110 52 552 539 133 656 9 137 271 308 793 847 114 12 929 704 716 476 529 213 951 106 919 84 542 858 582 376 959 75 36 385 270 304 174 525 391 79 300 880 654 601 771 978 150 997 767 688 589 64 13 318 238 877 329 911 693 226 547 274 333 273 424 34 169 818 825 484 177 991 605 798 5 942 426 272 143 813 994 839 489 474 861 277 617 116 145 2 822 483 799 863 967 520 639 209 632 555 530 680 758 597 451 820 506 934 171 794 77 468 891 827 909 871 848 210 841 89 916 982 462 207 807 971 502 546 921 883 153 659 253 66 363 634 198 120 860 876 382 627 298 180 655 774 633 361 159 667 250 541 573 88 980 907 692 901 467 592 256 569 517 739 85 928 4 182 418 115 297 464 923 864 461 521 394 282 229 353 623 998 629 457 231 975 154 976 917 314 125 786 41 676 435 61 992 882 152 526 499 673 38 775 965 251 964 806 565 436 327 387 701 789 73 968 96 442 94 614 239 248 622 953 420 400 721 71 487 362 762 434 310 384 814 842 287 755 249 167 792 491 645 885 
319 197 280 268 593 57 289 27 136 624 346 744 591 380 324 118 972 184 509 242 316 584 838 416 295 531 354 95 480 37 15 51 948 456 615 8 303 974 315 630 62 782 986 973 835 129 754 873 682 843 844 428 117 278 643 586 984 878 350 164 155 83 240 286 750 560 678 19 852 370 905 65 544 448 285 473 729 796 59 507 43 496 751 513 109 712 156 672 777 960 87 97 932 492 709 160 338 220 996 616 888 124 166 870 985 988 500 987 671 458 432 720 399 725 826 765 485 646 920 581 803 495 135 44 685 766 330 25 224 369 922 619 103 600 433 567 206 703 407 351 757 648 230 349 490 223 945 532 438 831 933 47 983 512 856 367 760 599 470 993 788 1 695 519 463 618 609 628 110 52 552 539 133 656 9 137 271 308 793 847 114 12 929 704 716 476 529 213 951 106 919 84 542 858 582 376 959 75 36 385 270 304 174 525 391 79 300 880 654 601 771 978 150 997 767 688 589 64 13 318 238 877 329 911 693 226 547 274 333 273 424 34 169 818 825 484 177 991 605 798 5 942 426 272 143 813 994 839 489 474 861 277 617 116 145 2 822 483 799 863 967 520 639 209 632 555 530 680 758 597 451 820 506 934 171 794 77 468 891 827 909 871 848 210 841 89 916 982 462 207 807 971 502 546 921 883 153 659 253 66 363 634 198 120 860 876 382 627 298 180 655 774 633 361 159 667 250 541 573 88 
225 643 586 984 878 350 164 155 83 240 286 750 560 678 19 852 370 905 65 544 448 285 473 729 796 59 507 43 496 751 513 109 712 156 672 777 960 87 97 932 492 709 160 338 220 996 616 888 124 166 870 985 988 500 987 671 458 432 720 399 725 826 765 485 646 920 581 803 495 135 44 685 766 330 25 224 369 922 619 103 600 433 567 206 703 407 351 757 648 230 349 490 223 945 532 438 831 933 47 983 512 856 367 760 599 470 993 788 1 695 519 463 618 609 628 110 52 552 539 133 656 9 137 271 308 793 847 114 12 929 704 716 476 529 213 951 106 919 84 542 858 582 376 959 75 36 385 270 304 174 525 391 79 300 880 654 601 771 978 150 997 767 688 589 64 13 318 238 877 329 911 693 226 547 274 333 273 424 34 169 818 825 484 177 991 605 798 5 942 426 272 143 813 994 839 489 474 861 277 617 116 145 2 822 483 799 863 967 520 639 209 632 555 530 680 758 597 451 820 506 934 171 794 77 468 891 
944 834 443 371 840 804 221 342 290 212 802 791 607 741 572 82 602 677 640 731 595 776 550 857 312 545 131 898 29 243 413 48 241 284 728 510 222 431 681 536 393 694 869 587 713 647 275 833 257 657 17 325 598 527 161 925 80 294 266 918 566 686 936 889 305 868 261 335 21 383 954 11 121 718 172 915 778 935 756 558 389 24 990 356 497 625 410 896 293 149 459 245 809 700 475 22 559 439 122 128 236 679 892 31 260 540 516 995 660 16 862 76 612 488 836 141 665 195 493 522 60 208 722 291 18 914 228 53 746 32 267 819 35 201 105 466 437 824 465 479 626 390 699 805 359 162 881 211 111 54 332 590 91 26 568 232 708 706 183 610 454 292 894 557 306 340 533 234 119 33 170 185 924 724 875 652 734 323 514 157 396 543 281 817 952 259 638 158 498 613 753 246 749 186 906 419 405 49 970 940 769 93 190 199 740 797 714 528 357 23 779 178 900 188 408 472 583 748 897 963 950 379 401 452 738 301 553 108 664 130 747 151 556 55 235 944 444 571 482 14 926 39 1000 430 867 422 535 6 425 265 112 504 373 620 409 336 450 404 837 902 893 46 348 163 961 828 146 733 181 279 937 100 263 957 173 737 785 989 821 899 142 651 736 481 938 790 494 403 564 585 689 283 402 176 684 218 126 726 326 735 72 398 931 219 445 311 576 687 192 705 570 927 787 829 375 168 561 608 244 28 943 537 197 280 268 593 57 289 27 136 624 346 744 591 380 324 118 972 184 509 242 316 584 838 416 295 531 354 95 480 37 15 51 948 456 615 8 303 974 315 630 62 782 986 973 835 129 754 873 682 843 844 428 117 278 643 586 984 878 350 164 155 83 240 286 750 560 678 19 852 370 905 65 544 448 285 473 729 796 59 507 43 496 751 513 109 712 156 672 777 960 87 97 932 492 709 160 338 220 996 616 888 124 166 870 985 988 500 987 671 458 432 720 399 725 826 765 485 646 920 581 803 495 135 44 685 766 330 25 224 369 922 619 103 600 433 567 206 703 407 351 757 648 230 349 490 223 945 532 438 831 933 47 983 512 856 367 760 599 470 993 788 1 695 519 463 618 609 628 110 52 552 539 133 656 9 137 271 308 793 847 114 12 929 704 716 476 529 213 951 106 919 84 542 858 582 376 959 75 36 385 270 304 174 525 391 79 300 880 654 601 771 978 150 997 767 688 589 64 13 318 238 877 329 911 693 226 547 274 333 273 424 34 169 818 825 484 177 991 605 798 5 942 426 272 143 813 994 839 489 474 861 277 617 116 145 2 822 483 799 863 967 520 639 209 632 555 530 680 758 597 451 820 506 934 171 794 77 468 891 827 909 871 848 210 841 89 916 982 462 207 807 971 502 546 921 883 153 659 253 66 363 634 198 120 860 876 382 627 298 180 655 774 633 361 159 667 250 541 573 88 980 907 692 901 467 592 256 569 517 739 85 928 4 182 418 115 297 464 923 864 461 521 394 282 229 353 623 998 629 457 231 975 154 976 917 314 125 786 41 676 435 61 992 882 152 526 499 673 38 775 965 251 964 806 565 436 327 387 701 789 73 968 96 442 94 614 239 248 622 953 420 400 721 71 487 362 762 434 310 384 814 842 287 755 249 167 792 491 645 885 187 101 191 20 264 697 148 469 538 372 637 269 674 872 698 478 98 534 423 165 233 56 377 707 440 763 851 594 663 344 811 139 175 392 743 63 866 524 884 196 823 309 505 486 132 642 237 908 575 204 903 683 427 449 904 147 947 691 577 977 30 745 322 134 669 969 42 781 890 460 138 328 227 930 421 631 999 621 658 3 358 939 179 352 675 580 200 58 772 368 411 962 86 364 386 123 412 216 194 140 313 816 203 955 415 518 92 742 319 784 69 563 414 690 715 606 641 795 99 296 855 636 388 853 355 471 45 578 910 225 650 874 768 812 653 949 501 262 832 956 503 764 810 859 365 515 966 854 846 773 247 554 341 702 635 730 81 912 317 67 441 711 801 865 611 710 144 74 562 113 378 752 104 321 849 307 666 453 723 815 217 780 551 343 337 446 596 374 548 397 604 670 50 574 511 102 946 417 40 662 886 78 360 255 107 447 808 339 276 759 981 649 979 302 
461 719 395 406 696 579 661 193 7 455 366 320 845 958 834 443 371 840 804 221 342 290 212 802 791 607 741 572 82 602 677 640 731 595 776 550 857 312 545 131 898 29 243 413 48 241 284 728 510 222 431 681 536 393 694 869 587 713 647 275 833 257 657 17 325 598 527 161 925 80 294 266 918 566 686 936 889 305 868 261 335 21 383 954 11 121 718 172 915 778 935 756 558 389 24 990 356 497 625 410 896 293 149 459 245 809 700 475 22 559 439 122 128 236 679 892 31 260 540 516 995 660 16 862 76 612 488 836 141 665 195 493 522 60 208 722 291 18 914 228 53 746 32 267 819 35 201 105 466 437 824 465 479 626 390 699 805 359 162 881 211 111 54 332 590 91 26 568 232 708 706 183 610 454 292 894 557 306 340 533 234 119 33 170 185 924 724 875 652 734 323 514 157 396 543 281 817 952 259 638 158 498 613 753 246 749 186 906 419 405 49 970 940 769 93 190 199 740 797 714 528 357 23 779 178 900 188 408 472 583 748 897 963 950 379 401 452 738 301 553 108 664 130 747 151 556 55 235 944 444 571 482 14 926 39 1000 430 867 422 535 6 425 265 112 504 373 620 409 336 450 404 837 902 893 46 348 163 961 828 146 733 181 279 937 100 263 957 173 737 785 989 821 899 142 651 736 481 938 790 494 403 564 585 689 283 402 176 684 218 126 726 326 735 72 398 931 219 445 311 576 687 192 705 570 927 787 829 375 168 561 608 244 28 943 537 197 280 268 593 57 289 27 136 624 346 744 591 380 324 118 972 184 509 242 316 584 838 416 295 531 354 95 480 37 15 51 948 456 615 8 303 974 315 630 62 782 986 973 835 129 754 873 682 843 844 428 117 278 643 586 984 878 350 164 155 83 240 286 750 560 678 19 852 370 905 65 544 448 285 473 729 796 59 507 43 496 751 513 109 712 156 672 777 960 87 97 932 492 709 160 338 220 996 616 888 124 166 870 985 988 500 987 671 458 432 720 399 725 826 765 485 646 920 581 803 495 135 44 685 766 330 25 
20 200 58 772 368 411 962 86 364 386 123 412 216 194 140 313 816 203 955 415 518 
507 7 455 366 320 845 958 834 443 371 840 804 221 342 290 212 802 791 607 741 572 82 602 677 640 731 595 776 550 857 312 545 131 898 29 243 413 48 241 284 728 510 222 431 681 536 393 694 869 587 713 647 275 833 257 657 17 325 598 527 161 925 80 294 266 918 566 686 936 889 305 868 261 335 21 383 954 11 121 718 172 915 778 935 756 558 389 24 990 356 497 625 410 896 293 149 459 245 809 700 475 22 559 439 122 128 236 679 892 31 260 540 516 995 660 16 862 76 612 488 836 141 665 195 493 522 60 208 722 291 18 914 228 53 746 32 267 819 35 201 105 466 437 824 465 479 626 390 699 805 359 162 881 211 111 54 332 590 91 26 568 232 708 706 183 610 454 292 894 557 306 340 533 234 119 33 170 185 924 724 875 652 734 323 514 157 396 543 281 817 952 259 638 158 498 613 753 246 749 186 906 419 405 49 970 940 769 93 190 199 740 797 714 528 357 23 779 178 900 188 408 472 583 748 897 963 950 379 401 452 738 301 553 108 664 130 747 151 556 55 235 944 444 571 482 14 926 39 1000 430 867 422 535 6 425 265 112 504 373 620 409 336 450 404 837 902 893 46 348 163 961 828 146 733 181 279 937 100 263 957 173 737 785 989 821 899 142 651 736 481 938 790 494 403 564 585 689 283 402 176 684 218 126 726 326 735 72 398 931 219 445 311 576 687 192 705 570 927 787 829 375 168 561 608 244 28 943 537 197 280 268 593 57 289 27 136 624 346 744 591 380 324 118 972 184 509 242 316 584 838 416 295 531 354 95 480 37 15 51 948 456 615 8 303 974 315 630 62 782 986 973 835 129 754 873 682 843 844 428 117 278 643 586 984 878 350 164 155 83 240 286 750 560 678 19 852 370 905 65 544 448 285 473 729 796 59 507 43 496 751 513 109 712 156 672 777 960 87 97 932 492 709 160 338 220 996 616 888 124 166 870 985 988 500 987 671 458 432 720 399 725 826 765 485 646 920 581 803 495 135 44 685 766 330 25 224 369 922 619 103 600 433 567 206 703 407 351 757 648 230 349 490 223 945 532 438 831 933 47 983 512 856 367 760 599 470 993 788 1 695 519 463 618 609 628 110 52 552 539 133 656 9 137 271 308 793 847 114 
747 408 472 583 748 897 963 950 379 401 452 738 301 553 108 664 130 747 151 556 55 235 944 444 571 482 14 926 39 1000 430 867 422 535 6 425 265 112 504 373 620 409 336 450 404 837 902 893 46 348 163 961 828 146 733 181 279 937 100 263 957 173 737 785 989 821 899 142 651 736 481 938 790 494 403 564 585 689 283 402 176 684 218 126 726 326 735 72 398 931 219 445 311 576 687 192 705 570 927 787 829 375 168 561 608 244 28 943 537 197 280 268 593 57 289 27 136 624 346 744 591 380 324 118 972 184 509 242 316 584 838 416 295 531 354 95 480 37 15 51 948 456 615 8 303 974 315 630 62 782 986 973 835 129 754 873 682 843 844 428 117 278 643 586 984 878 350 164 155 83 240 286 750 560 678 19 852 370 905 65 544 448 285 473 729 796 59 507 43 496 751 513 109 712 156 672 777 960 87 97 932 492 709 160 338 220 996 616 888 124 166 870 985 988 500 987 671 458 432 720 399 725 826 765 485 646 920 581 803 495 135 44 685 766 330 25 224 369 922 619 103 600 433 567 206 703 407 351 757 648 230 349 490 223 945 532 438 831 933 47 983 512 856 367 760 599 470 993 788 1 695 519 463 618 609 628 110 52 552 539 133 656 9 137 271 308 793 847 114 12 929 704 716 476 529 213 951 106 919 84 542 858 582 376 959 75 36 385 270 304 174 525 391 79 300 880 654 601 771 978 150 997 767 688 589 64 13 318 238 877 329 911 693 226 547 274 333 273 424 34 169 818 825 484 177 991 605 798 5 942 426 272 143 813 994 839 489 474 861 277 617 116 145 2 822 483 799 863 967 520 639 209 632 555 530 680 758 597 451 820 506 934 171 794 77 468 891 827 909 871 848 210 841 89 916 982 462 207 807 971 502 546 921 883 153 659 253 66 363 634 198 120 860 876 382 627 298 180 655 774 633 361 159 667 250 541 573 88 980 907 692 901 467 592 256 569 517 739 85 928 4 182 418 115 297 464 923 864 461 521 394 282 229 353 623 998 629 457 231 975 154 976 917 314 125 786 41 676 435 61 992 882 152 526 499 673 38 775 965 251 964 806 565 436 327 387 701 789 73 968 96 442 94 614 239 248 622 953 420 400 721 71 487 362 762 434 310 384 814 842 287 755 249 167 792 491 645 885 187 101 191 20 264 697 148 469 538 372 637 269 674 872 698 478 98 534 423 165 233 56 377 707 440 763 851 594 663 344 811 139 175 392 743 63 866 524 884 196 823 309 505 486 132 642 237 908 575 204 903 683 427 449 904 147 947 691 577 977 30 745 322 134 669 969 42 781 890 460 138 328 227 930 421 631 999 621 658 3 358 939 179 352 675 580 200 58 772 368 411 962 86 364 386 123 412 216 194 140 313 816 203 955 415 518 92 742 319 784 69 563 414 690 715 606 641 795 99 296 855 636 388 853 355 471 45 578 910 225 650 874 768 812 653 949 501 262 832 956 503 764 810 859 365 515 966 854 846 773 247 554 341 702 635 730 81 912 317 67 441 711 801 865 611 710 144 74 562 113 378 752 104 321 849 307 666 453 723 815 217 780 551 343 337 446 596 374 548 397 604 670 50 574 511 102 946 417 40 662 886 78 360 255 107 447 808 339 276 759 981 649 979 302 732 202 941 783 429 347 68 299 10 717 127 850 345 258 254 668 
514 718 172 915 778 935 756 558 389 24 990 356 497 625 410 896 293 149 459 245 809 700 475 22 559 439 122 128 236 679 892 31 260 540 516 995 660 16 862 76 612 488 836 141 665 195 493 522 60 208 722 291 18 914 228 53 746 32 267 819 35 201 105 466 437 824 465 479 626 390 699 805 359 162 881 211 111 54 332 590 91 26 568 232 708 706 183 610 454 292 894 557 306 340 533 234 119 33 170 185 924 724 875 652 734 323 514 157 396 543 281 817 952 259 638 158 498 613 753 246 749 186 906 419 405 49 970 940 769 93 190 199 740 797 714 528 357 23 779 178 900 188 408 472 583 748 897 963 950 379 401 452 738 301 553 108 664 130 747 151 556 55 235 944 444 571 482 14 926 39 1000 430 867 422 535 6 425 265 112 504 373 620 409 336 450 404 837 902 893 46 348 163 961 828 146 733 181 279 937 100 263 957 173 737 785 989 821 899 142 651 736 481 938 790 494 403 564 585 689 283 402 176 684 218 126 726 326 735 72 398 931 219 445 311 576 687 192 705 570 927 787 829 375 168 561 608 244 28 943 537 197 280 268 593 57 289 27 136 624 346 744 591 380 324 118 972 184 509 242 316 584 838 416 295 531 354 95 480 37 15 51 948 456 615 8 303 974 315 630 62 782 986 973 835 129 754 873 682 843 844 428 117 278 643 586 984 878 350 164 155 83 240 286 750 560 678 19 852 370 905 65 544 448 285 473 729 796 59 507 43 496 751 513 109 712 156 672 777 960 87 97 932 492 709 160 338 220 996 616 888 124 166 870 985 988 500 987 671 458 432 720 399 725 826 765 485 646 920 581 803 495 135 44 685 766 330 25 224 369 922 619 103 600 433 567 206 703 407 351 757 648 230 349 490 223 945 532 438 831 933 47 983 512 856 367 760 599 470 993 788 1 695 519 463 618 609 628 110 52 552 539 133 656 9 137 271 308 793 847 114 12 929 704 716 476 529 213 951 106 919 84 542 858 582 376 959 75 36 385 270 304 174 525 391 79 300 880 654 601 771 978 150 997 767 688 589 64 13 318 238 877 329 911 693 226 547 274 333 273 424 34 169 818 825 484 177 991 605 798 5 942 426 272 143 813 994 839 489 474 861 277 617 116 145 2 822 483 799 863 967 520 639 209 632 555 
72 561 608 244 28 943 537 197 280 268 593 57 289 27 136 624 346 744 591 380 324 118 972 184 509 242 316 584 838 416 295 531 354 95 480 37 15 51 948 456 615 8 303 974 315 630 62 782 986 973 835 129 754 873 682 843 844 428 117 278 643 586 984 878 350 164 155 83 240 286 750 560 678 
601 857 312 545 131 898 29 243 413 48 241 284 728 510 222 431 681 536 393 694 869 587 713 647 275 833 257 657 17 325 598 527 161 925 80 294 266 918 566 686 936 889 305 868 261 335 21 383 954 11 121 718 172 915 778 935 756 558 389 24 990 356 497 625 410 896 293 149 459 245 809 700 475 22 559 439 122 128 236 679 892 31 260 540 516 995 660 16 862 76 612 488 836 141 665 195 493 522 60 208 722 291 18 914 228 53 746 32 267 819 35 201 105 466 437 824 465 479 626 390 699 805 359 162 881 211 111 54 332 590 91 26 568 232 708 706 183 610 454 292 894 557 306 340 533 234 119 33 170 185 924 724 875 652 734 323 514 157 396 543 281 817 952 259 638 158 498 613 753 246 749 186 906 419 405 49 970 940 769 93 190 199 740 797 714 528 357 23 779 178 900 188 408 472 583 748 897 963 950 379 401 452 738 301 553 108 664 130 747 151 556 55 235 944 444 571 482 14 926 39 1000 430 867 422 535 6 425 265 112 504 373 620 409 336 450 404 837 902 893 46 348 163 961 828 146 733 181 279 937 100 263 957 173 737 785 989 821 899 142 651 736 481 938 790 494 403 564 585 689 283 402 176 684 218 126 726 326 735 72 398 931 219 445 311 576 687 192 705 570 927 787 829 375 168 561 608 244 28 943 537 197 280 268 593 57 289 27 136 624 346 744 591 380 324 118 972 184 509 242 316 584 838 416 295 531 354 95 480 37 15 51 948 456 615 8 303 974 315 630 62 782 986 973 835 129 754 873 682 843 844 428 117 278 643 586 984 878 350 164 155 83 240 286 750 560 678 19 852 370 905 65 544 448 285 473 729 796 59 507 43 496 751 513 109 712 156 672 777 960 87 97 932 492 709 160 338 220 996 616 888 124 166 870 985 988 500 987 671 458 432 720 399 725 826 765 485 646 920 581 803 495 135 44 685 766 330 25 224 369 922 619 103 600 433 567 206 703 407 351 757 648 230 349 490 223 945 532 438 831 933 47 983 512 856 367 760 599 470 993 788 1 695 519 463 618 609 628 110 52 552 539 133 656 9 137 271 308 793 847 114 12 929 704 716 476 529 213 951 106 919 84 542 858 582 376 959 75 36 385 270 304 174 525 391 79 300 880 654 601 771 978 150 997 767 688 589 64 13 318 238 877 329 911 693 226 547 274 333 273 424 34 169 818 825 484 177 991 605 798 5 942 426 272 143 813 994 839 489 474 861 277 617 116 145 2 822 483 799 863 967 520 639 209 632 555 530 680 758 597 451 820 506 934 171 794 77 468 891 827 909 871 848 210 841 89 916 982 462 207 807 971 502 546 921 883 153 659 253 66 363 634 198 
529 522 60 208 722 291 18 914 228 53 746 32 267 819 35 201 105 466 437 824 465 479 626 390 699 805 359 162 881 211 111 54 332 590 91 26 568 232 708 706 183 610 454 292 894 557 306 340 533 234 119 33 170 185 924 724 875 652 734 323 514 157 396 543 281 817 952 259 638 158 498 613 753 246 749 186 906 419 405 49 970 940 769 93 190 199 740 797 714 528 357 23 779 178 900 188 408 472 583 748 897 963 950 379 401 452 738 301 553 108 664 130 747 151 556 55 235 944 444 571 482 14 926 39 1000 430 867 422 535 6 425 265 112 504 373 620 409 336 450 404 837 902 893 46 348 163 961 828 146 733 181 279 937 100 263 957 173 737 785 989 821 899 142 651 736 481 938 790 494 403 564 585 689 283 402 176 684 218 126 726 326 735 72 398 931 219 445 311 576 687 192 705 570 927 787 829 375 168 561 608 244 28 943 537 197 280 268 593 57 289 27 136 624 346 744 591 380 324 118 972 184 509 242 316 584 838 416 295 531 354 95 480 37 15 51 948 456 615 8 303 974 315 630 62 782 986 973 835 129 754 873 682 843 844 428 117 278 643 586 984 878 350 164 155 83 240 286 750 560 678 19 852 370 905 65 544 448 285 473 729 796 59 507 43 496 751 513 109 712 156 672 777 960 87 97 932 492 709 160 338 220 996 616 888 124 166 870 985 988 500 987 671 458 432 720 399 725 826 765 485 646 920 581 803 495 135 44 685 766 330 25 224 369 922 619 103 600 433 567 206 703 407 351 757 648 230 349 490 223 945 532 438 831 933 47 983 512 856 367 760 599 470 993 788 1 695 519 463 618 609 628 110 52 552 539 133 656 9 137 271 308 793 847 114 12 929 704 716 476 529 213 951 106 919 84 542 858 582 376 959 75 36 385 270 304 174 525 391 79 300 880 654 601 771 978 150 997 767 688 589 64 13 318 238 877 329 911 693 226 547 274 333 273 424 34 169 818 825 484 177 991 605 798 5 942 426 272 143 813 994 839 489 474 861 277 617 116 145 2 822 483 799 863 967 520 639 209 632 555 530 680 758 597 451 820 506 934 171 794 77 468 891 827 909 871 848 210 841 89 916 982 462 207 807 971 502 546 921 883 153 659 253 66 363 634 198 120 860 876 382 627 298 180 655 774 633 361 159 667 250 541 573 88 980 907 692 901 467 592 256 
710 323 514 157 396 543 281 817 952 259 638 158 498 613 753 246 749 186 906 419 405 49 970 940 769 93 190 199 740 797 714 528 357 23 779 178 900 188 408 472 583 748 897 963 950 379 401 452 738 301 553 108 664 130 747 151 556 55 235 944 444 571 482 14 926 39 1000 430 867 422 535 6 425 265 112 504 373 620 409 336 450 404 837 902 893 46 348 163 961 828 146 733 181 279 937 100 263 957 173 737 785 989 821 899 142 651 736 481 938 790 494 403 564 585 689 283 402 176 684 218 126 726 326 735 72 398 931 219 445 311 576 687 192 705 570 927 787 829 375 168 561 608 244 28 943 537 197 280 268 593 57 289 27 136 624 346 744 591 380 324 118 972 184 509 242 316 584 838 416 295 531 354 95 480 37 15 51 948 456 615 8 303 974 315 630 62 782 986 973 835 129 754 873 682 843 844 428 117 278 643 586 984 878 350 164 155 83 240 286 750 560 678 19 852 370 905 65 544 448 285 473 729 796 59 507 43 496 751 513 109 712 156 672 777 960 87 97 932 492 709 160 338 220 996 616 888 124 166 870 985 988 500 987 671 458 432 720 399 725 826 765 485 646 920 581 803 495 135 44 685 766 330 25 224 369 922 619 103 600 433 567 206 703 407 351 757 648 230 349 490 223 945 532 438 831 933 47 983 512 856 367 760 599 470 993 788 1 695 519 463 618 609 628 110 52 552 539 133 656 9 137 271 308 793 847 114 12 929 704 716 476 529 213 951 106 919 84 542 858 582 376 959 75 36 385 270 304 174 525 391 79 300 880 654 601 771 978 150 997 767 688 589 64 13 318 238 877 329 911 693 226 547 274 333 273 424 34 169 818 825 484 177 991 605 798 5 942 426 272 143 813 994 839 489 474 861 277 617 116 145 2 822 483 799 863 967 520 639 209 632 555 530 680 758 597 451 820 506 934 171 794 77 468 891 827 909 871 848 210 841 89 916 982 462 207 807 971 502 546 921 883 153 659 253 66 363 634 198 120 860 876 382 627 298 180 655 774 633 361 159 667 250 541 573 88 980 907 692 901 467 592 256 569 517 739 85 928 4 182 418 115 297 464 923 864 461 521 394 282 229 353 623 998 629 457 231 975 154 976 917 314 125 786 41 676 435 61 992 882 152 526 499 673 38 775 965 251 964 806 565 436 327 387 701 789 73 968 96 442 94 614 239 248 622 953 420 400 721 71 487 362 762 434 310 384 814 842 287 755 249 167 792 491 645 885 187 101 191 20 264 697 148 469 538 372 637 269 674 872 698 478 98 534 423 165 233 56 377 707 440 763 851 594 663 344 811 139 175 392 743 63 866 524 884 196 823 309 505 486 132 642 237 908 575 204 903 683 427 449 904 147 947 691 577 977 30 745 322 134 669 969 42 781 890 460 138 328 227 930 421 631 999 621 658 3 358 939 179 352 675 580 200 58 772 368 411 962 86 364 386 123 412 216 194 140 313 816 203 955 415 518 92 742 319 784 69 563 414 690 715 606 641 795 99 296 855 636 388 853 355 471 45 578 910 225 650 874 768 812 653 949 501 262 832 956 503 764 810 859 365 515 966 854 846 773 247 554 341 702 635 730 
757 713 647 275 833 257 657 17 325 598 527 161 925 80 294 266 918 566 686 936 889 305 868 261 335 21 383 954 11 121 718 172 915 778 935 756 558 389 24 990 356 497 625 410 896 293 149 459 245 809 700 475 22 559 439 122 128 236 679 892 31 260 540 516 995 660 16 862 76 612 488 836 141 665 195 493 522 60 208 722 291 18 914 228 53 746 32 267 819 35 201 105 466 437 824 465 479 626 390 699 805 359 162 881 211 111 54 332 590 91 26 568 232 708 706 183 610 454 292 894 557 306 340 533 234 119 33 170 185 924 724 875 652 734 323 514 157 396 543 281 817 952 259 638 158 498 613 753 246 749 186 906 419 405 49 970 940 769 93 190 199 740 797 714 528 357 23 779 178 900 188 408 472 583 748 897 963 950 379 401 452 738 301 553 108 664 130 747 151 556 55 235 944 444 571 482 14 926 39 1000 430 867 422 535 6 425 265 112 504 373 620 409 336 450 404 837 902 893 46 348 163 961 828 146 733 181 279 937 100 263 957 173 737 785 989 821 899 142 651 736 481 938 790 494 403 564 585 689 283 402 176 684 218 126 726 326 735 72 398 931 219 445 311 576 687 192 705 570 927 787 829 375 168 561 608 244 28 943 537 197 280 268 593 57 289 27 136 624 346 744 591 380 324 118 972 184 509 242 316 584 838 416 295 531 354 95 480 37 15 51 948 456 615 8 303 974 315 630 62 782 986 973 835 129 754 873 682 843 844 428 117 278 643 586 984 878 350 164 155 83 240 286 750 560 678 19 852 370 905 65 544 448 285 473 729 796 59 507 43 496 751 513 109 712 156 672 777 960 87 97 932 492 709 160 338 220 996 616 888 124 166 870 985 988 500 987 671 458 432 720 399 725 826 765 485 646 920 581 803 495 135 44 685 766 330 25 224 369 922 619 103 600 433 567 206 703 407 351 757 648 230 349 490 223 945 532 438 831 933 47 983 512 856 367 760 599 470 993 788 1 695 519 463 618 609 628 110 52 552 539 133 656 9 137 271 308 793 847 114 12 929 704 716 476 529 213 951 106 919 84 542 858 582 376 959 75 36 385 270 304 174 525 391 79 300 880 654 601 771 978 150 997 767 688 589 64 13 318 238 877 329 911 693 226 547 274 333 273 424 34 169 818 825 484 177 991 605 798 5 942 426 272 143 813 994 839 489 474 861 277 617 116 145 2 822 483 799 863 967 520 639 209 632 555 530 680 758 597 451 820 506 934 171 794 77 468 891 827 909 871 848 210 841 89 916 982 462 207 807 971 502 546 921 883 153 659 253 66 363 634 198 120 860 876 382 627 298 180 655 774 633 361 159 667 250 541 573 88 980 907 692 901 467 592 256 569 517 739 85 928 4 182 418 115 297 464 923 864 461 521 394 282 229 353 623 998 629 457 231 975 154 976 917 314 125 786 41 676 435 61 992 882 152 526 499 673 38 775 965 251 964 806 565 436 327 387 701 789 73 968 96 442 94 614 239 248 622 953 420 400 721 71 487 362 762 434 310 384 814 842 287 755 249 167 792 491 645 885 187 101 191 20 264 697 148 469 538 372 637 269 674 872 698 478 98 534 423 165 233 56 377 707 440 763 851 594 663 344 811 139 175 392 743 63 866 524 884 196 823 309 505 486 132 642 237 908 575 204 903 683 427 449 904 147 947 691 577 977 30 745 322 134 669 969 42 781 890 460 
234 154 976 917 314 125 786 41 676 435 61 992 882 152 526 499 673 38 775 965 251 964 806 565 436 327 387 701 789 73 968 96 442 94 614 239 248 622 953 420 400 721 71 487 362 762 434 310 384 814 842 287 755 249 167 792 491 645 885 187 101 191 20 264 697 148 469 538 372 637 269 674 872 698 478 98 534 423 165 233 56 377 707 440 763 851 594 663 344 811 139 175 392 743 63 866 524 884 196 823 309 505 486 132 642 237 908 575 204 903 683 427 449 904 147 947 691 577 977 30 745 322 134 669 969 42 781 890 460 138 328 227 930 421 631 999 621 658 3 358 939 179 352 675 580 200 58 772 368 411 962 86 364 386 123 412 216 194 140 313 816 203 955 415 518 92 742 319 784 69 563 414 690 715 606 641 795 99 296 855 636 388 853 355 471 45 578 910 225 650 874 768 812 653 949 501 262 832 956 503 764 810 859 365 515 966 854 846 773 247 554 341 702 635 730 81 912 317 67 441 711 801 865 611 710 144 74 562 113 378 752 104 321 849 307 
191 788 1 695 519 463 618 609 628 110 52 552 539 133 656 9 137 271 308 793 847 114 12 929 704 716 476 529 213 951 106 919 84 542 858 582 376 959 75 36 385 270 304 174 525 391 79 300 880 654 601 771 978 150 997 767 688 589 64 13 318 238 877 329 911 693 226 547 274 333 273 424 34 169 818 825 484 177 991 605 798 5 942 426 272 143 813 994 839 489 474 861 277 617 116 145 2 822 483 799 863 967 520 639 209 632 555 530 680 758 597 451 820 506 934 171 794 77 468 891 827 909 871 848 210 841 89 916 982 462 207 807 971 502 546 921 883 153 659 253 66 363 634 198 120 860 876 382 627 298 180 655 774 633 361 159 667 250 541 573 88 980 907 692 901 467 592 256 569 517 739 85 928 4 182 418 115 297 464 923 864 461 521 394 282 229 353 623 998 629 457 231 
659 684 218 126 726 326 735 72 398 931 219 445 311 576 687 192 705 570 927 787 829 375 168 561 608 244 28 943 537 197 280 268 593 57 289 27 136 624 346 744 591 380 324 118 972 184 509 242 316 584 838 416 295 531 354 95 480 37 15 51 948 456 615 8 303 974 315 630 62 782 986 973 835 129 754 873 682 843 844 428 117 278 643 586 984 878 350 164 155 83 240 286 750 560 678 19 852 370 905 65 544 448 285 473 729 796 59 507 43 496 751 513 109 712 156 672 777 960 87 97 932 492 709 160 338 220 996 616 888 124 166 870 985 988 500 987 671 458 432 720 399 725 826 765 485 646 920 581 803 495 135 44 685 766 330 25 224 369 922 619 103 600 433 567 206 703 407 351 757 648 230 349 490 223 945 532 438 831 933 47 983 512 856 367 760 599 470 993 788 1 695 519 463 618 609 628 110 52 552 539 133 656 9 137 271 308 793 847 114 12 929 704 716 476 529 213 951 106 919 84 542 858 582 376 959 75 36 385 270 304 174 525 391 79 300 880 654 601 771 978 150 997 767 688 589 64 13 318 238 877 329 911 693 226 547 274 333 273 424 34 169 818 825 484 177 991 605 798 5 942 426 272 143 813 994 839 489 474 861 277 617 116 145 2 822 483 799 863 967 520 639 209 632 555 530 680 758 597 451 820 506 934 171 794 77 468 891 827 909 871 848 210 841 89 916 982 462 207 807 971 502 546 921 883 153 659 253 66 363 634 198 120 860 876 382 627 298 180 655 774 633 361 159 667 250 541 573 88 980 907 692 901 467 592 256 569 517 739 85 928 4 182 418 115 297 464 923 864 461 521 394 282 229 353 623 998 629 457 231 975 154 976 917 314 125 786 41 676 435 61 992 882 152 526 499 673 38 775 965 251 964 806 565 436 327 387 701 789 73 968 96 442 94 614 239 248 622 953 420 400 721 71 487 362 762 434 310 384 814 842 287 755 249 167 792 491 645 885 187 101 191 20 264 697 148 469 538 372 637 269 674 872 698 478 98 534 423 165 233 56 377 707 440 763 851 594 663 344 811 139 175 392 743 63 866 524 884 196 823 309 505 486 132 642 237 908 575 204 903 683 427 449 904 147 947 691 577 977 30 745 322 134 669 969 42 781 890 460 138 328 227 930 421 631 999 621 658 3 358 939 179 352 675 580 200 58 772 368 411 962 86 364 386 123 412 216 194 140 313 816 203 955 415 518 92 742 319 784 69 563 414 690 715 606 641 795 99 296 855 636 388 853 355 471 45 578 910 225 650 874 768 812 653 949 501 262 832 956 503 764 810 859 365 515 966 854 846 773 247 554 341 702 635 730 81 912 317 67 441 711 801 865 611 710 144 74 562 113 378 752 104 321 849 307 666 453 723 815 217 780 551 343 337 446 596 374 548 397 604 670 50 574 511 102 946 417 40 662 886 78 360 255 107 447 808 339 276 759 981 649 979 302 732 202 941 783 429 347 68 299 
362 557 306 340 533 234 119 33 170 185 924 724 875 652 734 323 514 157 396 543 281 817 952 259 638 158 498 613 753 246 749 186 906 419 405 49 970 940 769 93 190 199 740 797 714 528 357 23 779 178 900 188 408 472 583 748 897 963 950 379 401 452 738 301 553 108 664 130 747 151 556 55 235 944 444 571 482 14 926 39 1000 430 867 422 535 6 425 265 112 504 373 620 409 336 450 404 837 902 893 46 348 163 961 828 146 733 181 279 937 100 263 957 173 737 785 989 821 899 142 651 736 481 938 790 494 403 564 585 689 283 402 176 684 218 126 726 326 735 72 398 931 219 445 311 576 687 192 705 570 927 787 829 375 168 561 608 244 28 943 537 197 280 268 593 57 289 27 136 624 346 744 591 380 324 118 972 184 509 242 316 584 838 416 295 531 354 95 480 37 15 51 948 456 615 8 303 974 315 630 62 782 986 973 835 129 754 873 682 843 844 428 117 278 643 586 984 878 350 164 155 83 240 286 750 560 678 19 852 370 905 65 544 448 285 473 729 796 59 507 43 496 751 513 109 712 156 672 777 960 87 97 932 492 709 160 338 220 996 616 888 124 166 870 985 988 500 987 671 458 432 720 399 725 826 765 485 646 920 581 803 495 135 44 685 766 330 25 224 369 922 619 103 600 433 567 206 703 407 351 757 648 230 349 490 223 945 532 438 831 933 47 983 512 856 367 760 599 470 993 788 1 695 519 463 618 609 628 110 52 552 539 133 656 9 137 271 308 793 847 114 12 929 704 716 476 529 213 951 106 919 84 542 858 582 376 959 75 36 385 270 304 174 525 
74 956 503 764 810 859 365 515 966 854 846 773 247 554 341 702 635 730 81 912 317 67 441 711 801 865 611 710 144 74 562 113 378 752 104 321 849 307 666 453 723 815 217 780 551 343 337 446 596 374 548 397 604 670 50 574 511 102 946 417 40 662 886 78 360 255 107 447 808 339 276 759 981 649 979 
382 593 57 289 27 136 624 346 744 591 380 324 118 972 184 509 242 316 584 838 416 295 531 354 95 480 37 15 51 948 456 615 8 303 974 315 630 62 782 986 973 835 129 754 873 682 843 844 428 117 278 643 586 984 878 350 164 155 83 240 286 750 560 678 19 852 370 905 65 544 448 285 473 729 796 59 507 43 496 751 513 109 712 156 672 777 960 87 97 932 492 709 160 338 220 996 616 888 124 166 870 985 988 500 987 671 458 432 720 399 725 826 765 485 646 920 581 803 495 135 44 685 766 330 25 224 369 922 619 103 600 433 567 206 703 407 351 757 648 230 349 490 223 945 532 438 831 933 47 983 512 856 367 760 599 470 993 788 1 695 519 463 618 609 628 110 52 552 539 133 656 9 137 271 308 793 847 114 12 929 704 716 476 529 213 951 106 919 84 542 858 582 376 959 75 36 385 270 304 174 525 391 79 300 880 654 601 771 978 150 997 767 688 589 64 13 318 238 877 329 911 693 226 547 274 333 273 424 34 169 818 825 484 177 991 605 798 5 942 426 272 143 813 994 839 489 474 861 277 617 116 145 2 822 483 799 863 967 520 639 209 632 555 530 680 758 597 451 820 506 934 171 794 77 468 891 827 909 871 848 210 841 89 916 982 462 207 807 971 502 546 921 883 153 659 253 66 363 634 198 120 860 876 382 627 298 180 655 774 633 361 159 667 250 541 573 88 980 907 692 901 467 592 256 569 517 739 85 928 4 182 418 115 297 464 923 864 461 521 394 282 229 353 623 998 629 457 231 975 154 976 917 314 125 786 41 676 435 61 992 882 152 526 499 673 38 775 965 251 964 806 565 436 327 387 701 789 73 968 96 442 94 614 
943 840 804 221 342 290 212 802 791 607 741 572 82 602 677 640 731 595 776 550 857 312 545 131 898 29 243 413 48 241 284 728 510 222 431 681 536 393 694 869 587 713 647 275 833 257 657 17 325 598 527 161 925 80 294 266 918 566 686 936 889 305 868 261 335 21 383 954 11 121 718 172 915 778 935 756 558 389 24 990 356 497 625 410 896 293 149 459 245 809 700 475 22 559 439 122 128 236 679 892 31 260 540 516 995 660 16 862 76 612 488 836 141 665 195 493 522 60 208 722 291 18 914 228 53 746 32 267 819 35 201 105 466 437 824 465 479 626 390 699 805 359 162 881 211 111 54 332 590 91 26 568 232 708 706 183 610 454 292 894 557 306 340 533 234 119 33 170 185 924 724 875 652 734 323 514 157 396 543 281 817 952 259 638 158 498 613 753 246 749 186 906 419 405 49 970 940 769 93 190 199 740 797 714 528 357 23 779 178 900 188 408 472 583 748 897 963 950 379 401 452 738 301 553 108 664 130 747 151 556 55 235 944 444 571 482 14 926 39 1000 430 867 422 535 6 425 265 112 504 373 620 409 336 450 404 837 902 893 46 348 163 961 828 146 733 181 279 937 100 263 957 173 737 785 989 821 899 142 651 736 481 938 790 494 403 564 585 689 283 402 176 684 218 126 726 326 735 72 398 931 219 445 311 576 687 192 705 570 927 787 829 375 168 561 608 244 28 943 537 197 280 268 593 57 289 27 136 624 346 744 591 380 324 118 972 184 509 242 316 584 838 416 295 531 354 95 480 37 15 51 948 456 615 8 303 974 315 630 62 782 986 973 835 129 754 873 682 843 844 428 117 278 643 586 984 878 350 164 155 83 240 286 750 560 678 19 852 370 905 65 544 448 285 473 729 796 59 507 43 496 751 513 109 712 156 672 777 960 87 97 932 492 709 160 338 220 996 616 888 124 166 870 985 988 500 987 671 458 432 720 399 725 826 765 485 646 920 581 803 495 135 44 685 766 330 25 224 369 922 619 103 600 433 567 206 703 407 351 757 648 230 349 490 223 945 532 438 831 933 47 983 512 856 367 760 599 470 993 788 1 695 519 463 618 609 628 110 52 552 539 133 656 9 137 271 308 793 847 114 12 929 704 716 476 529 213 951 106 919 84 542 858 582 376 959 75 36 385 270 304 174 525 391 79 300 880 654 601 771 978 150 997 767 688 589 64 13 318 238 877 329 911 693 226 547 274 333 273 424 34 169 818 825 484 177 991 605 798 5 942 426 272 143 813 994 839 489 474 861 277 617 116 145 2 822 483 799 863 967 520 639 209 632 555 530 680 758 597 451 820 506 934 171 794 77 468 891 827 909 871 848 210 841 89 916 982 462 207 807 971 502 546 921 883 153 659 253 66 363 634 198 120 860 876 382 627 298 180 655 774 633 361 159 667 250 541 573 88 980 907 692 901 467 592 256 569 517 739 85 928 4 182 418 115 297 464 923 864 461 521 394 282 229 353 623 998 629 457 231 975 154 976 917 314 125 786 41 676 435 61 992 882 152 526 499 673 38 775 965 251 964 806 565 436 327 387 701 789 73 968 96 442 94 614 239 248 622 953 420 400 721 71 487 362 762 434 310 384 814 842 287 755 249 167 792 491 645 885 187 101 191 20 264 697 148 469 538 372 637 269 674 872 698 478 98 534 423 165 233 56 377 707 440 763 851 594 663 344 811 139 175 392 743 63 866 524 884 196 823 309 505 486 132 642 237 908 575 204 903 683 427 449 904 147 947 691 577 977 30 745 322 134 669 969 42 781 890 460 138 328 227 930 421 631 999 621 658 3 358 939 179 352 675 580 200 58 772 368 411 962 86 364 386 123 412 216 194 140 313 816 203 955 415 518 92 742 319 784 69 563 414 690 715 606 641 795 99 296 855 636 388 853 355 471 45 578 910 225 650 874 768 812 653 949 501 262 832 956 503 764 810 859 365 515 966 854 846 773 247 554 341 702 635 730 81 912 317 67 441 711 801 865 611 710 144 74 562 113 378 752 104 321 849 307 666 453 723 815 217 780 551 343 337 446 596 374 548 397 604 670 50 574 511 102 946 417 40 662 886 78 360 255 107 447 808 339 276 759 981 649 979 302 732 202 
506 922 619 103 600 433 567 206 703 407 351 757 648 230 349 490 223 945 532 438 831 933 47 983 512 856 367 760 599 470 993 788 1 695 519 463 618 609 628 110 52 552 539 133 656 9 137 271 308 793 847 114 12 929 704 716 476 529 213 951 106 919 84 542 858 582 376 959 75 36 385 270 304 174 525 391 79 300 880 654 601 771 978 150 997 767 688 589 64 13 318 238 877 329 911 693 226 547 274 333 273 424 34 169 818 825 484 177 991 605 798 5 942 426 272 143 813 994 839 489 474 861 277 617 116 145 2 822 483 799 863 967 520 639 209 632 555 530 680 758 597 451 820 506 934 171 794 77 468 891 827 909 871 848 210 841 89 916 982 462 207 807 971 502 546 921 883 153 659 253 66 363 634 198 120 860 876 382 627 298 180 655 774 633 361 159 667 250 541 573 88 980 907 692 901 467 592 256 569 517 739 85 928 4 182 418 115 297 464 923 864 461 521 394 282 229 353 623 998 629 457 231 975 154 976 917 314 125 786 41 676 435 61 992 882 152 526 499 673 38 775 965 251 964 806 565 436 327 387 701 789 73 968 96 442 94 614 239 248 622 953 420 400 721 71 487 362 762 434 310 384 814 842 287 755 249 167 792 491 645 885 187 101 191 20 264 697 148 469 538 372 637 269 674 872 698 478 98 534 423 165 233 56 377 707 440 763 851 594 663 344 811 139 175 392 743 63 866 524 884 196 823 309 505 486 132 642 237 908 575 204 903 683 427 449 904 147 947 691 577 977 30 745 322 134 669 969 42 781 890 460 138 328 227 930 421 631 999 621 658 3 358 939 179 352 675 580 200 58 772 368 411 962 86 364 386 123 412 216 194 140 313 816 203 955 415 518 92 742 319 784 69 563 414 690 715 606 641 795 99 296 855 636 388 853 355 471 45 578 910 225 650 874 768 812 653 949 501 262 832 956 503 764 810 859 365 515 966 854 846 773 247 554 341 702 635 730 81 912 317 67 441 711 801 865 611 710 144 74 562 113 378 752 104 321 849 307 666 453 723 815 217 780 551 343 337 446 596 374 548 397 604 670 50 574 511 102 946 417 40 662 886 78 360 255 107 447 808 339 276 759 981 649 979 302 732 202 941 783 429 347 68 299 10 717 127 850 
897 840 804 221 342 290 212 802 791 607 741 572 82 602 677 640 731 595 776 550 857 312 545 131 898 29 243 413 48 241 284 728 510 222 431 681 536 393 694 869 587 713 647 275 833 257 657 17 325 598 527 161 925 80 294 266 918 566 686 936 889 305 868 261 335 21 383 954 11 121 718 172 915 778 935 756 558 389 24 990 356 497 625 410 896 293 149 459 245 809 700 475 22 559 439 122 128 236 679 892 31 260 540 516 995 660 16 862 76 612 488 836 141 665 195 493 522 60 208 722 291 18 914 228 53 746 32 267 819 35 201 105 466 437 824 465 479 626 390 699 805 359 162 881 211 111 54 332 590 91 26 568 232 708 706 183 610 454 292 894 557 306 340 533 234 119 33 170 185 924 724 875 652 734 323 514 157 396 543 281 817 952 259 638 158 498 613 753 246 749 186 906 419 405 49 970 940 769 93 190 199 740 797 714 528 357 23 779 178 900 188 408 472 583 748 897 963 950 379 401 452 738 301 553 108 664 130 747 151 556 55 235 944 444 571 482 14 926 39 1000 430 867 422 535 6 425 265 112 504 373 620 409 336 450 404 837 902 893 46 348 163 961 828 146 733 181 279 937 100 263 957 173 737 785 989 821 899 142 651 736 481 938 790 494 403 564 585 689 283 402 176 684 218 126 726 326 735 72 398 931 219 445 311 576 687 192 705 570 927 787 829 375 168 561 608 244 28 943 537 197 280 268 593 57 289 27 136 624 346 744 591 380 324 118 972 184 509 242 316 584 838 416 295 531 354 95 480 37 15 51 948 456 615 8 303 974 315 630 62 782 986 973 835 129 754 873 682 843 844 428 117 278 643 586 984 878 350 164 155 83 240 286 750 560 678 19 852 370 905 65 544 448 285 473 729 796 59 507 43 496 751 513 109 712 156 672 777 960 87 97 932 492 709 160 338 220 996 616 888 124 166 870 985 988 500 987 671 458 432 720 399 725 826 765 485 646 920 581 803 495 135 44 685 766 330 25 224 369 922 619 103 600 433 567 206 703 407 351 757 648 230 349 490 223 945 532 438 831 933 47 983 512 856 367 760 599 470 993 788 1 695 519 463 618 609 628 110 52 552 539 133 656 9 137 271 308 793 847 114 12 929 704 716 476 529 213 951 106 919 84 542 858 582 376 959 75 36 385 270 304 174 525 391 79 300 880 654 601 771 978 150 997 767 688 589 64 13 318 238 877 329 911 693 226 547 274 333 273 424 34 169 818 825 484 177 991 605 798 5 942 426 272 143 813 994 839 489 474 861 277 617 116 145 2 822 483 799 863 967 520 639 209 632 555 530 680 758 597 451 820 506 934 171 794 77 468 891 827 909 871 848 210 841 89 916 982 462 207 807 971 502 546 921 883 153 659 253 66 363 634 198 120 860 876 382 627 298 180 655 774 633 361 159 667 250 541 573 88 980 907 692 901 467 592 256 569 517 739 85 928 4 182 418 115 297 464 923 864 461 521 394 282 229 353 623 998 629 457 231 975 154 976 917 314 125 786 41 676 435 61 992 882 152 526 499 673 38 775 965 251 964 806 565 436 327 387 701 789 73 968 96 442 94 614 239 248 622 953 420 400 721 71 487 362 762 434 310 384 814 842 287 755 249 167 792 491 645 885 187 101 191 20 264 697 148 469 538 372 637 269 674 872 698 478 98 534 423 165 233 56 377 707 440 763 851 594 663 344 811 139 175 392 743 63 866 524 884 196 823 309 505 486 132 642 237 908 575 204 903 683 427 449 904 147 947 691 577 977 30 745 322 134 669 969 42 781 890 460 138 328 227 930 421 631 999 621 658 3 358 939 179 352 675 580 200 58 772 368 411 962 86 364 386 123 412 216 194 140 313 816 203 955 415 518 92 742 319 784 69 563 414 690 715 606 641 795 99 296 855 636 388 853 355 471 45 578 910 225 650 874 768 812 653 949 501 262 832 956 503 764 810 859 365 515 966 854 846 773 247 554 341 702 635 730 81 912 317 67 441 711 801 865 611 710 144 74 562 113 
962 913 879 215 381 761 477 887 508 770 252 644 189 90 549 719 395 406 696 579 661 193 7 455 366 320 845 958 834 443 371 840 804 221 342 290 212 802 791 607 741 572 82 602 677 640 731 595 776 550 857 312 545 131 898 29 243 413 48 241 284 728 510 222 431 681 536 393 694 869 587 713 647 275 833 257 657 17 325 598 527 161 925 80 294 266 918 566 686 936 889 305 868 261 335 21 383 954 11 121 718 172 915 778 935 756 558 389 24 990 356 497 625 410 896 293 149 459 245 809 700 475 22 559 439 122 128 236 679 892 31 260 540 516 995 660 16 862 76 612 488 836 141 665 195 493 522 60 208 722 291 18 914 228 53 746 32 267 819 35 201 105 466 437 824 465 479 626 390 699 805 359 162 881 211 111 54 332 590 91 26 568 232 708 706 183 610 454 292 894 557 306 340 533 234 119 33 170 185 924 724 875 652 734 323 514 157 396 543 281 817 952 259 638 158 498 613 753 246 749 186 906 419 405 49 970 940 769 93 190 199 740 797 714 528 357 23 779 178 900 188 408 472 583 748 897 963 950 379 401 452 738 301 553 108 664 130 747 151 556 55 235 944 444 571 482 14 926 39 1000 430 867 422 535 6 425 265 112 504 373 620 409 336 450 404 837 902 893 46 348 163 961 828 146 733 181 279 937 100 263 957 173 737 785 989 821 899 142 651 736 481 938 790 494 403 564 585 689 283 402 176 684 218 126 726 326 735 72 398 931 219 445 311 576 687 192 705 570 927 787 829 375 168 561 608 244 28 943 537 197 280 268 593 57 289 27 136 624 346 744 591 380 324 118 972 184 509 242 316 584 838 416 295 531 354 95 480 37 15 51 948 456 615 8 303 974 315 630 62 782 986 973 835 129 754 873 682 843 844 428 117 278 643 586 984 878 350 164 155 83 240 286 750 560 678 19 852 370 905 65 544 448 285 473 729 796 59 507 43 496 751 513 109 712 156 672 777 960 87 97 932 492 709 160 338 220 996 616 888 124 166 870 985 988 500 987 671 458 432 720 399 725 826 765 485 646 920 581 803 495 135 44 685 766 330 25 224 369 922 619 103 600 433 567 206 703 407 351 757 648 230 349 490 223 945 532 438 831 933 47 983 512 856 367 760 599 470 993 788 1 695 519 463 618 609 628 110 52 552 539 133 656 9 137 271 308 793 847 114 12 929 704 716 476 529 213 951 106 919 84 542 858 582 376 959 75 36 385 270 304 174 525 391 79 300 880 654 601 771 978 150 997 767 688 589 64 13 318 238 877 329 911 693 226 547 274 333 273 424 34 169 818 825 484 177 991 605 798 5 942 426 272 143 813 994 839 489 474 861 277 617 116 145 2 822 483 799 863 967 520 639 209 632 555 530 680 758 597 451 820 506 934 171 794 77 468 891 827 909 871 848 210 841 89 916 982 462 207 807 971 502 546 921 883 153 659 253 66 363 634 198 120 860 876 382 627 298 180 655 774 633 361 159 667 250 541 573 88 980 907 692 901 467 592 256 569 517 739 85 928 4 182 418 115 297 464 923 864 461 521 394 282 229 353 623 998 629 457 231 975 154 976 917 314 125 786 41 676 435 61 992 882 152 526 499 673 38 775 965 251 964 806 565 436 327 387 701 789 73 968 96 442 94 614 239 248 622 953 420 400 721 71 487 362 762 434 310 384 814 842 287 755 249 167 792 491 645 885 187 101 191 20 264 697 148 469 538 372 637 269 674 872 698 478 98 534 423 165 233 56 377 707 440 763 851 594 663 344 811 139 175 392 743 63 866 524 884 196 823 309 505 486 132 642 237 908 575 204 903 683 427 449 904 147 947 691 577 977 30 745 322 134 669 969 42 781 890 460 138 328 227 930 421 631 999 621 658 3 358 939 179 352 675 580 200 58 772 368 411 962 86 364 386 123 412 216 194 140 313 816 203 955 415 518 92 742 319 784 69 563 414 690 715 606 641 795 99 296 855 636 388 853 355 471 45 578 910 225 650 874 768 812 653 949 501 262 832 956 503 764 810 859 365 515 966 854 846 773 247 554 341 702 635 730 81 912 317 67 441 711 801 865 611 710 144 74 562 113 378 752 104 321 849 307 666 453 723 815 217 780 551 343 337 446 596 374 548 397 604 670 50 574 511 102 946 417 40 662 886 78 360 255 107 
34 354 95 480 37 15 51 948 456 615 8 303 974 315 630 62 782 986 973 835 129 754 873 682 843 844 428 117 278 643 586 984 878 350 164 
259 79 300 880 654 601 771 978 150 997 767 688 589 64 13 318 238 877 329 911 693 226 547 274 333 273 424 34 169 818 825 484 177 991 605 798 5 942 426 272 143 813 994 839 489 474 861 277 617 116 145 2 822 483 799 863 967 520 639 209 632 555 530 680 758 597 451 820 506 934 171 794 77 468 891 827 909 871 848 210 841 89 916 982 462 207 807 971 502 546 921 883 153 659 253 66 363 634 198 120 860 876 382 627 298 180 655 774 633 361 159 667 250 541 573 88 980 907 692 901 467 592 256 569 517 739 85 928 4 182 418 115 297 464 923 864 461 521 394 282 229 353 623 998 629 457 231 975 154 976 917 314 125 786 41 676 435 61 992 882 152 526 499 673 38 775 965 251 964 806 565 436 327 387 701 789 73 968 96 442 94 614 239 248 622 953 420 400 721 71 487 362 762 434 310 384 814 842 287 755 249 167 792 491 645 885 187 101 191 20 264 697 148 469 538 372 637 269 674 872 698 478 98 534 423 165 233 56 377 707 440 763 851 594 663 344 811 139 175 392 743 63 866 524 884 196 823 309 505 486 132 642 237 908 575 204 903 683 427 449 
867 193 7 455 366 320 845 958 834 443 371 840 804 221 342 290 212 802 791 607 741 572 82 602 677 640 731 595 776 550 857 312 545 131 898 29 243 413 48 241 284 728 510 222 431 681 536 393 694 869 587 713 647 275 833 257 657 17 325 598 527 161 925 80 294 266 918 566 686 936 889 305 868 261 335 21 383 954 11 121 718 172 915 778 935 756 558 389 24 990 356 497 625 410 896 293 149 459 245 809 700 475 22 559 439 122 128 236 679 892 31 260 540 516 995 660 16 862 76 612 488 836 141 665 195 493 522 60 208 722 291 18 914 228 53 746 32 267 819 35 201 105 466 437 824 465 479 626 390 699 805 359 162 881 211 111 54 332 590 91 26 568 232 708 706 183 610 454 292 894 557 306 340 533 234 119 33 170 185 924 724 875 652 734 323 514 157 396 543 281 817 952 259 638 158 498 613 753 246 749 186 906 419 405 49 970 940 769 93 190 199 740 797 714 528 357 23 779 178 900 188 408 472 583 748 897 963 950 379 401 452 738 301 553 108 664 130 747 151 556 55 235 944 444 571 482 14 926 39 1000 430 867 422 535 6 425 265 112 504 373 620 409 336 450 404 837 902 893 46 348 163 961 828 146 733 181 279 937 100 263 957 173 737 785 989 821 899 142 651 736 481 938 790 494 403 564 585 689 283 402 176 684 218 126 726 326 735 72 398 931 219 445 311 576 687 192 705 570 927 787 829 375 168 561 608 244 28 943 537 197 280 268 593 57 289 27 136 624 346 744 591 380 324 118 972 184 509 242 316 584 838 416 295 531 354 95 480 37 15 51 948 456 615 8 303 974 315 630 62 782 986 973 835 129 754 873 682 843 844 428 117 278 643 586 984 878 350 164 155 83 240 286 750 560 678 19 852 370 905 65 544 448 285 473 729 796 59 507 43 496 751 513 109 712 156 672 777 960 87 97 932 492 709 160 338 220 996 616 888 124 166 870 985 988 500 987 671 458 432 720 399 725 826 765 485 646 920 581 803 495 135 44 685 766 330 25 224 369 922 619 103 600 433 567 206 703 407 351 757 648 230 349 490 223 945 532 438 831 933 47 983 512 856 367 760 599 470 993 788 1 695 519 463 618 609 628 110 52 552 539 133 656 9 137 271 308 793 847 114 12 929 704 716 476 529 213 951 106 919 84 542 858 582 376 959 75 36 385 270 304 174 525 391 79 300 880 654 601 771 978 150 997 767 688 589 64 13 318 238 877 329 911 693 226 547 274 333 273 424 34 169 818 825 484 177 991 605 798 5 942 426 272 143 813 994 839 489 474 861 277 617 116 145 2 822 483 799 863 967 520 639 209 632 555 530 680 758 597 451 820 506 934 171 794 77 468 891 827 909 871 848 210 841 89 916 982 462 207 807 971 502 546 921 883 153 659 253 66 363 634 198 120 860 876 382 627 298 180 655 774 633 361 159 667 250 541 573 88 980 907 692 901 467 592 256 569 517 739 85 928 4 182 418 115 297 464 923 864 461 521 394 282 229 353 623 998 629 457 231 975 154 976 917 314 125 786 41 676 435 61 992 882 152 526 499 673 38 775 965 251 964 806 565 436 327 387 701 789 73 968 96 442 94 614 239 248 622 953 420 400 721 71 487 362 762 434 310 384 814 842 287 755 249 167 792 491 645 885 187 101 191 20 264 697 148 469 538 372 637 269 674 872 698 478 98 534 423 165 233 56 377 707 440 763 851 594 663 344 811 139 175 392 743 63 866 524 884 196 823 309 505 486 132 642 237 908 575 204 903 683 427 449 904 147 947 691 577 977 30 745 322 134 669 969 42 781 890 460 138 328 227 930 421 631 999 621 658 3 358 939 179 352 675 580 200 58 772 368 411 962 86 364 386 123 412 216 194 140 313 816 203 955 415 518 92 742 319 784 69 563 414 690 715 606 641 795 99 296 855 636 388 853 355 471 45 578 910 225 
156 236 679 892 31 260 540 516 995 660 16 862 76 612 488 836 141 665 195 493 522 60 208 722 291 18 914 228 53 746 32 267 819 35 201 105 466 437 824 465 479 626 390 699 805 359 162 881 211 111 54 332 590 91 26 568 232 708 706 183 610 454 292 894 557 306 340 533 234 119 33 170 185 924 724 875 652 734 323 514 157 396 543 281 817 952 259 638 158 498 613 753 246 749 186 906 419 405 49 970 940 769 93 190 199 740 797 714 528 357 23 779 178 900 188 408 472 583 748 897 963 950 379 401 452 738 301 553 108 664 130 747 151 556 55 235 944 444 571 482 14 926 39 1000 430 867 422 535 6 425 265 112 504 373 620 409 336 
316 790 494 403 564 585 689 283 402 176 684 218 126 726 326 735 72 398 931 219 445 311 576 687 192 705 570 927 787 829 375 168 561 608 244 28 943 537 197 280 268 593 57 289 27 136 624 346 744 591 380 324 118 972 184 509 242 316 584 838 416 295 531 354 95 480 37 15 51 948 456 615 8 303 974 315 630 62 782 986 973 835 129 754 873 682 843 844 428 117 278 643 586 984 878 350 164 155 83 240 286 750 560 678 19 852 370 905 65 544 448 285 473 729 796 59 507 43 496 751 513 109 712 156 672 777 960 87 97 932 492 709 160 338 220 996 616 888 124 166 870 985 988 500 987 671 458 432 720 399 725 826 765 485 646 920 581 803 495 135 44 685 766 330 25 224 369 922 619 103 600 433 567 206 703 407 351 757 648 230 349 490 223 945 532 438 831 933 47 983 512 856 367 760 599 470 993 788 1 695 519 463 618 609 628 110 52 552 539 133 656 9 137 271 308 793 847 114 12 929 704 716 476 529 213 951 106 919 84 542 858 582 376 959 75 36 385 270 304 174 525 391 79 300 880 654 601 771 978 150 997 767 688 589 64 13 318 238 877 329 911 693 226 547 274 333 273 424 34 169 818 825 484 177 991 605 798 5 942 426 272 143 813 994 839 489 474 861 277 617 116 145 2 822 483 799 863 967 520 639 209 632 555 530 680 758 597 451 820 506 934 171 794 77 468 891 827 
504 706 183 610 454 292 894 557 306 340 533 234 119 33 170 185 924 724 875 652 734 323 514 157 396 543 281 817 952 259 638 158 498 613 753 246 749 186 906 419 405 49 970 940 769 93 190 199 740 797 714 528 357 23 779 178 900 188 408 472 583 748 897 963 950 379 401 452 738 301 553 108 664 130 747 151 556 55 235 944 444 571 482 14 926 39 1000 430 867 422 535 6 425 265 112 504 373 620 409 336 450 404 837 902 893 46 348 163 961 828 146 733 181 279 937 100 263 957 173 737 785 989 821 899 142 651 736 481 938 790 494 403 564 585 689 283 402 176 684 218 126 726 326 735 72 398 931 219 445 311 576 687 192 705 570 927 787 829 375 168 561 608 244 28 943 537 197 280 268 593 57 289 27 136 624 346 744 591 380 324 118 972 184 509 242 316 584 838 416 295 531 354 95 480 37 15 51 948 456 615 8 303 974 315 630 62 782 986 973 835 129 754 873 682 843 844 428 117 278 643 586 984 878 350 164 155 83 240 286 750 560 678 19 852 370 905 65 544 448 285 473 729 796 59 507 43 496 751 513 109 712 156 672 777 960 87 97 932 492 709 160 338 220 996 616 888 124 166 870 985 988 500 987 671 458 432 720 399 725 826 765 485 646 920 581 803 495 135 44 685 766 330 25 224 369 922 619 103 600 433 567 206 703 407 351 757 648 230 349 490 223 945 532 438 831 933 47 983 512 856 367 760 599 470 993 788 1 695 519 463 618 609 628 110 52 552 539 133 656 9 137 271 308 793 847 114 12 929 704 716 476 529 213 951 106 919 84 542 858 582 376 959 75 36 385 270 304 174 525 391 79 300 880 654 601 771 978 150 997 767 688 589 64 13 318 238 877 329 911 693 226 547 274 333 273 424 34 169 818 825 484 177 991 605 798 5 942 426 272 143 813 994 839 489 474 861 277 617 116 145 2 822 483 799 863 967 520 639 209 632 555 530 680 758 597 451 820 506 934 171 794 77 468 891 827 909 871 848 210 841 89 916 982 462 207 807 971 502 546 921 883 153 659 253 66 363 634 198 120 860 876 382 627 298 180 655 774 633 361 159 667 250 541 573 88 980 907 692 901 467 592 256 569 517 739 85 928 4 182 418 115 297 464 923 864 
446 660 16 862 76 612 488 836 141 665 195 493 522 60 208 722 291 18 914 228 53 746 32 267 819 35 201 105 466 437 824 465 479 626 390 699 805 359 162 881 211 111 54 332 590 91 26 568 232 708 706 183 610 454 292 894 557 306 340 533 234 119 33 170 185 924 724 875 652 734 323 514 157 396 543 281 817 952 259 638 158 498 613 753 246 749 186 906 419 405 49 970 940 769 93 190 199 740 797 714 528 357 23 779 178 900 188 408 472 583 748 897 963 950 379 401 452 738 301 553 108 664 130 747 151 556 55 235 944 444 571 482 14 926 39 1000 430 867 422 535 6 425 265 112 504 373 620 409 336 450 404 837 902 893 46 348 163 961 828 146 733 181 279 937 100 263 957 173 737 785 989 821 899 142 651 736 481 938 790 494 403 564 585 689 283 402 176 684 218 126 726 326 735 72 398 931 219 445 311 576 687 192 705 570 927 787 829 375 168 561 608 244 28 943 537 197 280 268 593 57 289 27 136 624 346 744 591 380 324 118 972 184 509 242 316 584 838 416 295 531 354 95 480 37 15 51 948 456 615 8 303 974 315 630 62 782 986 973 835 129 754 873 682 843 844 428 117 278 643 586 984 878 350 164 155 83 240 286 750 560 678 19 852 370 905 65 544 448 285 473 729 796 59 507 43 496 751 513 109 712 156 672 777 960 87 97 932 492 709 160 338 220 996 616 888 124 166 870 985 988 500 987 671 458 432 720 399 725 826 765 485 646 920 581 803 495 135 44 685 766 330 25 224 369 922 619 103 600 433 567 206 703 407 351 757 648 230 349 490 223 945 532 438 831 933 47 983 512 856 367 760 599 470 993 788 1 695 519 463 618 609 628 110 52 552 539 133 656 9 137 271 308 793 847 114 12 929 704 716 476 529 213 951 106 919 84 542 858 582 376 959 75 36 385 270 304 174 525 391 79 300 880 654 601 771 978 150 997 767 688 589 64 13 318 238 877 329 911 693 226 547 274 333 273 424 34 169 
209 192 705 570 927 787 829 375 168 561 608 244 28 943 537 197 280 268 593 57 289 27 136 624 346 744 591 380 324 118 972 184 509 242 316 584 838 416 295 531 354 95 480 37 15 51 948 456 615 8 303 974 315 630 62 782 986 973 835 129 754 873 682 843 844 428 117 278 643 586 984 878 350 164 155 83 240 286 750 560 678 19 852 370 905 65 544 448 285 473 729 796 59 507 43 496 751 513 109 712 156 672 777 960 87 97 932 492 709 160 338 220 996 616 888 124 166 870 985 988 500 987 671 458 432 720 399 725 826 765 485 646 920 581 803 495 135 44 685 766 330 25 224 369 922 619 103 600 433 567 206 703 407 351 757 648 230 349 490 223 945 532 438 831 933 47 983 512 856 367 760 599 470 993 788 1 695 519 463 618 609 628 110 52 552 539 133 656 9 137 271 308 793 847 114 12 929 704 716 476 529 213 951 106 919 84 542 858 582 376 
492 824 465 479 626 390 699 805 359 162 881 211 111 54 332 590 91 26 568 232 708 706 183 610 454 292 894 557 306 340 533 234 119 33 170 185 924 724 875 652 734 323 514 157 396 543 281 817 952 259 638 158 498 613 753 246 749 186 906 419 405 49 970 940 769 93 190 199 740 797 714 528 357 23 779 178 900 188 408 472 583 748 897 963 950 379 401 452 738 301 553 108 664 130 747 151 556 55 235 944 444 571 482 14 926 39 1000 430 867 422 535 6 425 265 112 504 373 620 409 336 450 404 837 902 893 46 348 163 961 828 146 733 181 279 937 100 263 957 173 737 785 989 821 899 142 651 736 481 938 790 494 403 564 585 689 283 402 176 684 218 126 726 326 735 72 398 931 219 445 311 576 687 192 705 570 927 787 829 375 168 561 608 244 28 943 537 197 280 268 593 57 289 27 136 624 346 744 591 380 324 118 972 184 509 242 316 584 838 416 295 531 354 95 480 37 15 51 948 456 615 8 303 974 315 630 62 782 986 973 835 129 754 873 682 843 844 428 117 278 643 586 984 878 350 164 155 83 240 286 750 560 678 19 852 370 905 65 544 448 285 473 729 796 59 507 43 496 751 513 109 712 156 672 777 960 87 97 932 492 709 160 338 220 996 616 888 124 166 870 985 988 500 987 671 458 432 720 399 725 826 765 485 646 920 581 803 495 135 44 685 766 330 25 224 369 922 619 103 600 433 567 206 703 407 351 757 648 230 349 490 223 945 532 438 831 933 47 983 512 856 367 760 599 470 993 788 1 695 519 463 618 609 628 110 52 552 539 133 656 9 137 271 308 793 847 114 12 929 704 716 476 529 213 951 106 919 84 542 858 582 376 959 75 36 385 270 304 174 525 391 79 300 880 654 601 771 978 150 997 767 688 589 64 13 318 238 877 329 911 693 226 547 274 333 273 424 34 169 818 825 484 177 991 605 798 5 942 426 272 143 813 994 839 489 474 861 277 617 116 145 2 822 483 799 863 967 520 639 209 632 555 530 680 758 597 451 820 506 934 171 794 77 468 891 827 909 871 848 210 841 89 916 982 462 207 807 971 502 546 921 883 153 659 253 66 363 634 198 120 860 876 382 627 
479 648 230 349 490 223 945 532 438 831 933 47 983 512 856 367 760 599 470 993 788 1 695 519 463 618 609 628 110 52 552 539 133 656 9 137 271 308 793 847 114 12 929 704 716 476 529 213 951 106 919 84 542 858 582 376 959 75 36 385 270 304 174 525 391 79 300 880 654 601 771 978 150 997 767 688 589 64 13 318 238 877 329 911 693 226 547 274 333 273 424 34 169 818 825 484 177 991 605 798 5 942 426 272 143 813 994 839 489 474 861 277 617 116 145 2 822 483 799 863 967 520 639 209 632 555 530 680 758 597 451 820 506 934 171 794 77 468 891 827 909 871 848 210 841 89 916 982 462 207 807 971 502 546 921 883 153 659 253 66 363 634 198 120 860 876 382 627 298 180 655 774 633 361 159 667 250 541 573 88 980 907 692 901 467 592 256 569 517 739 85 928 4 182 418 115 297 464 923 864 461 521 394 282 229 353 623 998 629 457 231 975 154 976 917 314 125 786 41 676 435 61 992 882 152 526 499 673 38 775 965 251 964 806 565 436 327 387 701 789 73 968 96 442 94 614 239 248 622 953 420 400 721 71 487 362 762 434 310 384 814 842 287 755 249 167 792 491 645 885 187 101 191 20 264 697 148 469 538 372 637 269 674 872 698 478 98 534 423 165 233 56 377 707 440 763 851 594 663 344 811 139 175 392 743 63 866 524 884 196 823 309 505 486 132 642 237 908 575 204 903 683 427 449 904 147 947 691 577 977 30 745 322 134 669 969 42 781 890 460 138 328 227 930 421 631 999 621 658 3 358 939 179 352 675 580 200 58 772 368 411 962 86 364 386 123 412 216 194 140 313 816 203 955 415 518 92 742 319 784 69 563 414 690 715 606 641 795 99 296 855 636 388 853 355 471 45 578 910 225 650 874 768 812 653 949 501 262 832 956 503 764 810 859 365 515 966 854 846 773 247 554 341 702 635 730 81 912 317 67 441 711 801 865 611 710 144 74 562 113 378 752 104 321 849 307 666 453 723 815 217 780 551 343 337 446 596 374 548 397 604 670 50 574 511 102 946 417 40 662 886 78 360 255 107 447 808 339 276 759 
551 91 26 568 232 708 706 183 610 454 292 894 557 306 340 533 234 119 33 170 185 924 724 875 652 734 323 514 157 396 543 281 817 952 259 638 158 498 613 753 246 749 186 906 419 405 49 970 940 769 93 190 199 740 797 714 528 357 23 779 178 900 188 408 472 583 748 897 963 950 379 401 452 738 301 553 108 664 130 747 151 556 55 235 944 444 571 482 14 926 39 1000 430 867 422 535 6 425 265 112 504 373 620 409 336 450 404 837 902 893 46 348 163 961 828 146 733 181 279 937 100 263 957 173 737 785 989 821 899 142 651 736 481 938 790 494 403 564 585 689 283 402 176 684 218 126 726 326 735 72 398 931 219 445 311 576 687 192 705 570 927 787 829 375 168 561 608 244 28 943 537 197 280 268 593 57 289 27 136 624 346 744 591 380 324 118 972 184 509 242 316 584 838 416 295 531 354 95 480 37 15 51 948 456 615 8 303 974 315 630 62 782 986 973 835 129 754 873 682 843 844 428 117 278 643 586 984 878 350 164 155 83 240 286 750 560 678 19 852 370 905 65 544 448 285 473 729 796 59 507 43 496 751 513 109 712 156 672 777 960 87 97 932 492 709 160 338 220 996 616 888 124 166 870 985 988 500 987 671 458 432 720 399 725 826 765 485 646 920 581 803 495 135 44 685 766 330 25 224 369 922 619 103 600 433 567 206 703 407 351 757 648 230 349 490 223 945 532 438 831 933 47 983 512 856 367 760 599 470 993 788 1 695 519 463 618 609 628 110 52 552 539 133 656 9 137 271 308 793 847 114 12 929 704 716 476 529 213 951 106 919 84 542 858 582 376 959 75 36 385 270 304 174 525 391 79 300 880 654 601 771 978 150 997 767 688 589 64 13 318 238 877 329 911 693 226 547 274 333 273 424 34 169 818 825 484 177 991 605 798 5 942 426 272 143 813 994 839 489 474 861 277 617 116 145 2 822 483 799 863 967 520 639 209 632 555 530 680 758 597 451 820 506 934 171 794 77 468 891 827 909 871 848 210 841 89 916 982 462 207 807 971 502 546 921 883 153 659 253 66 363 634 198 120 860 876 382 627 298 180 655 774 633 361 159 667 250 541 573 88 980 907 692 901 467 592 256 569 517 739 85 928 4 182 418 115 297 464 923 864 461 521 394 282 229 353 623 998 629 457 231 975 154 976 917 314 125 786 41 676 435 61 992 882 152 526 499 673 38 775 965 251 964 806 565 436 327 387 701 789 73 968 
425 79 300 880 654 601 771 978 150 997 767 688 589 64 13 318 238 877 329 911 693 226 547 274 333 273 424 34 169 818 825 484 177 991 605 798 5 942 426 272 143 813 994 839 489 474 861 277 617 116 145 2 822 483 799 863 967 520 639 209 632 555 530 680 758 597 451 820 506 934 171 794 77 468 891 827 909 871 848 210 841 89 916 982 462 207 807 971 502 546 921 883 153 659 253 66 363 634 198 120 860 876 382 627 298 180 655 774 633 361 159 667 250 541 573 88 980 907 692 901 467 592 256 569 517 739 85 928 4 182 418 115 297 464 923 864 461 521 394 282 229 353 623 998 629 457 231 975 154 976 917 314 125 786 41 676 435 61 992 882 152 526 499 673 38 775 965 251 964 806 565 436 327 387 701 789 73 968 96 442 94 614 239 248 622 953 420 400 721 71 487 362 762 434 310 384 814 842 287 755 249 167 792 491 645 885 187 101 191 20 264 697 148 469 538 372 637 269 674 872 698 478 98 534 423 165 233 56 377 707 440 763 851 594 663 344 811 139 175 392 743 63 866 524 884 196 823 309 505 486 132 642 237 908 575 204 903 683 427 449 904 147 947 691 577 977 30 745 322 134 669 969 42 781 890 460 138 328 227 930 421 631 999 621 658 3 358 939 179 352 675 580 200 58 772 368 411 962 86 364 386 123 412 216 194 140 313 816 203 955 415 518 92 742 319 784 69 563 414 690 715 606 641 795 99 296 855 636 388 853 355 471 45 578 910 225 650 874 768 812 653 949 501 262 832 956 503 764 810 859 365 515 966 854 846 773 247 554 341 702 635 730 81 912 317 67 441 711 801 865 611 710 144 74 562 113 378 752 104 321 849 307 666 453 723 815 217 780 551 343 337 446 596 374 548 397 604 670 50 574 511 102 946 417 40 662 886 78 360 255 107 447 808 339 276 759 981 649 979 302 732 202 941 783 429 347 
266 868 261 335 21 383 954 11 121 718 172 915 778 935 756 558 389 24 990 356 497 625 410 896 293 149 459 245 809 700 475 22 559 439 122 128 236 679 892 31 260 540 516 995 660 16 862 76 612 488 836 141 665 195 493 522 60 208 722 291 18 914 228 53 746 32 267 819 35 201 105 466 437 824 465 479 626 390 699 805 359 162 881 211 111 54 332 590 91 26 568 232 708 706 183 610 454 292 894 557 306 340 533 234 119 33 170 185 924 724 875 652 734 323 514 157 396 543 281 817 952 259 638 158 498 613 753 246 749 186 906 419 405 49 970 940 769 93 190 199 740 797 714 528 357 23 779 178 900 188 408 472 583 748 897 963 950 379 401 452 738 301 553 108 664 130 747 151 556 55 235 944 444 571 482 14 926 39 1000 430 867 422 535 6 425 265 112 504 373 620 409 336 450 404 837 902 893 46 348 163 961 828 146 733 181 279 937 100 263 957 173 737 785 989 821 899 142 651 736 481 938 790 494 403 564 585 689 283 402 176 684 218 126 726 326 735 72 398 931 219 445 311 576 687 192 705 570 927 787 829 375 168 561 608 244 28 943 537 197 280 268 593 57 289 27 136 624 
27 453 723 815 217 780 551 343 337 446 596 374 548 397 604 670 50 574 511 102 946 417 40 662 886 78 360 255 
886 443 371 840 804 221 342 290 212 802 791 607 741 572 82 602 677 640 731 595 776 550 857 312 545 131 898 29 243 413 48 241 284 728 510 222 431 681 536 393 694 869 587 713 647 275 833 257 657 17 325 598 527 161 925 80 294 266 918 566 686 936 889 305 868 261 335 21 383 954 11 121 718 172 915 778 935 756 558 389 24 990 356 497 625 410 896 293 149 459 245 809 700 475 22 559 439 122 128 236 679 892 31 260 540 516 995 660 16 862 76 612 488 836 141 665 195 493 522 60 208 722 291 18 914 228 53 746 32 267 819 35 201 105 466 437 824 465 479 626 390 699 805 359 162 881 211 111 54 332 590 91 26 568 232 708 706 183 610 454 292 894 557 306 340 533 234 119 33 170 185 924 724 875 652 734 323 514 157 396 543 281 817 952 259 638 158 498 613 753 246 749 186 906 419 405 49 970 940 769 93 190 199 740 797 714 528 357 23 779 178 900 188 408 472 583 748 897 963 950 379 401 452 738 301 553 108 664 130 747 151 556 55 235 944 444 571 482 14 926 39 1000 430 867 422 535 6 425 265 112 504 373 620 409 336 450 404 837 902 893 46 348 163 961 828 146 733 181 279 937 100 263 957 173 737 785 989 821 899 142 651 736 481 938 790 494 403 564 585 689 283 402 176 684 218 126 726 326 735 72 398 931 219 445 311 576 687 192 705 570 927 787 829 375 168 561 608 244 28 943 537 197 280 268 593 57 289 27 136 624 346 744 591 380 324 118 972 184 509 242 316 584 838 416 295 531 354 95 480 37 15 51 948 456 615 8 303 974 315 630 62 782 986 973 835 129 754 873 682 843 844 428 117 278 643 586 984 878 350 164 155 83 240 286 750 560 678 19 852 370 905 65 544 448 285 473 729 796 59 507 43 496 751 513 109 712 156 672 777 960 87 97 932 492 709 160 338 220 996 616 888 124 166 870 985 988 500 987 671 458 432 720 399 725 826 765 485 646 920 581 803 495 135 44 685 766 330 25 224 369 922 619 103 600 433 567 206 703 407 351 757 648 230 349 490 223 945 532 438 831 933 47 983 512 856 367 760 599 470 993 788 1 695 519 463 618 609 628 110 52 552 539 133 656 9 137 271 308 793 847 114 12 929 704 716 476 529 213 951 106 919 84 542 858 582 376 959 75 36 385 270 304 174 525 391 79 300 880 654 601 771 978 150 997 767 688 589 64 13 318 238 877 329 911 693 226 547 274 333 273 424 34 169 818 825 484 177 991 605 798 5 942 426 272 143 813 994 839 489 474 861 277 617 116 145 2 822 483 799 863 967 520 639 209 632 555 530 680 758 597 451 820 506 934 171 794 77 468 891 827 909 871 848 210 841 89 916 982 462 207 807 971 502 546 921 883 153 659 253 66 363 634 198 120 860 876 382 627 298 180 655 774 633 361 159 667 250 541 573 88 980 907 692 901 467 592 256 569 517 739 85 928 4 182 418 115 297 464 923 864 461 521 394 282 229 353 623 998 629 457 231 975 154 976 917 314 125 786 41 676 435 61 992 882 152 526 499 673 38 775 965 251 964 806 565 436 327 387 701 789 73 968 96 442 94 614 239 248 622 953 420 400 721 71 487 362 762 434 310 384 814 842 287 755 249 167 792 491 645 885 187 101 191 20 264 697 148 469 538 372 637 269 674 872 698 478 98 534 423 165 233 56 377 707 440 763 851 594 663 344 811 139 175 392 743 63 866 524 884 196 823 309 505 486 132 642 237 908 575 204 903 683 427 449 904 147 947 691 577 977 30 745 322 134 669 969 42 781 890 460 138 328 227 930 421 631 999 621 658 3 358 939 179 352 675 580 200 58 772 368 411 962 86 364 386 123 412 216 194 140 313 816 203 955 415 518 92 742 319 784 69 563 414 690 715 606 641 795 99 296 855 636 388 853 355 471 45 578 910 225 650 874 768 812 653 949 501 262 832 956 503 764 810 859 365 515 966 854 846 773 247 554 341 702 635 730 81 
856 243 413 48 241 284 728 510 222 431 681 536 393 694 869 587 713 647 275 833 257 657 17 325 598 527 161 925 80 294 266 918 566 686 936 889 305 868 261 335 21 383 954 11 121 718 172 915 778 935 756 558 389 24 990 356 497 625 410 896 293 149 459 245 809 700 475 22 559 439 122 128 236 679 892 31 260 540 516 995 660 16 862 76 612 488 836 141 665 195 493 522 60 208 722 291 18 914 228 53 746 32 267 819 35 201 105 466 437 824 465 479 626 390 699 805 359 162 881 211 111 54 332 590 91 26 568 232 708 706 183 610 454 292 894 557 306 340 533 234 119 33 170 185 924 724 875 652 734 323 514 157 396 543 281 817 952 259 638 158 498 613 753 246 749 186 906 419 405 49 970 940 769 93 190 199 740 797 714 528 357 23 779 178 900 188 408 472 583 748 897 963 950 379 401 452 738 301 553 108 664 130 747 151 556 55 235 944 444 571 482 14 926 39 1000 430 867 422 535 6 425 265 112 504 373 620 409 336 450 404 837 902 893 46 348 163 961 828 146 733 181 279 937 100 263 957 173 737 785 989 821 899 142 651 736 481 938 790 494 403 564 585 689 283 402 176 684 218 126 726 326 735 72 398 931 219 445 311 576 687 192 705 570 927 787 829 375 168 561 608 244 28 943 537 197 280 268 593 57 289 27 136 624 346 744 591 380 324 118 972 184 509 242 316 584 838 416 295 531 354 95 480 37 15 51 948 456 615 8 303 974 315 630 62 782 986 973 835 129 754 873 682 843 844 428 117 278 643 586 984 878 350 164 155 83 240 286 750 560 678 19 852 370 905 65 544 448 285 473 729 796 59 507 43 496 751 513 109 712 156 672 777 960 87 97 932 492 709 160 338 220 996 616 888 124 166 870 985 988 500 987 671 458 432 720 399 725 826 765 485 646 920 581 803 495 135 44 685 766 330 25 224 369 922 619 103 600 433 567 206 703 407 351 757 648 230 349 490 223 945 532 438 831 933 47 983 512 856 367 760 599 470 993 788 1 695 519 463 618 609 628 110 52 552 539 133 656 9 137 271 308 793 847 114 12 929 704 716 476 529 213 951 106 919 84 542 858 582 376 959 75 36 385 270 304 174 525 391 79 300 880 654 601 771 978 150 997 767 688 589 64 13 318 238 877 329 911 693 226 547 274 333 273 424 34 169 818 825 484 177 991 605 798 5 942 426 272 143 813 994 839 489 474 861 277 617 116 145 2 822 483 799 863 967 520 639 209 632 555 530 680 758 597 451 820 506 934 171 794 77 468 891 827 909 871 848 210 841 89 916 982 462 207 807 971 502 546 921 883 153 659 253 66 363 634 198 120 860 876 382 627 298 180 655 774 633 361 159 667 250 541 573 88 980 907 692 901 467 592 256 569 517 739 85 928 4 182 418 115 297 464 923 864 461 521 394 282 229 353 623 998 629 457 231 975 154 976 917 314 125 786 41 676 435 61 992 882 152 526 499 673 38 775 965 251 964 806 565 436 327 387 701 789 73 968 96 442 94 614 239 248 622 953 420 400 721 71 487 362 762 434 310 384 814 842 287 755 249 167 792 491 645 885 187 101 191 20 264 697 148 469 538 372 637 269 674 872 698 478 98 534 423 165 233 56 377 707 440 763 851 594 663 344 811 139 175 392 743 63 866 524 884 196 823 309 505 486 132 642 237 908 575 204 903 683 427 449 904 147 947 691 577 977 30 745 322 134 669 969 42 781 890 460 138 328 227 930 421 631 999 621 658 3 358 939 179 352 675 580 200 58 772 368 411 962 86 364 386 123 412 216 194 140 313 816 203 955 415 518 92 742 319 784 69 563 414 690 715 606 641 795 99 296 855 636 388 853 355 471 45 578 910 225 650 874 768 812 653 949 501 262 832 956 503 764 810 859 365 515 966 854 846 773 247 554 341 702 
943 212 802 791 607 741 572 82 602 677 640 731 595 776 550 857 312 545 131 898 29 243 413 48 241 284 728 510 222 431 681 536 393 694 869 587 713 647 275 833 257 657 17 325 598 527 161 925 80 294 266 918 566 686 936 889 305 868 261 335 21 383 954 11 121 718 172 915 778 935 756 558 389 24 990 356 497 625 410 896 293 149 459 245 809 700 475 22 559 439 122 128 236 679 892 31 260 540 516 995 660 16 862 76 612 488 836 141 665 195 493 522 60 208 722 291 18 914 228 53 746 32 267 819 35 201 105 466 437 824 465 479 626 390 699 805 359 162 881 211 111 54 332 590 91 26 568 232 708 706 183 610 454 292 894 557 306 340 533 234 119 33 170 185 924 724 875 652 734 323 514 157 396 543 281 817 952 259 638 158 498 613 753 246 749 186 906 419 405 49 970 940 769 93 190 199 740 797 714 528 357 23 779 178 900 188 408 472 583 748 897 963 950 379 401 452 738 301 553 108 664 130 747 151 556 55 235 944 444 571 482 14 926 39 1000 430 867 422 535 6 425 265 112 504 373 620 409 336 450 404 837 902 893 46 348 163 961 828 146 733 181 279 937 100 263 957 173 737 785 989 821 899 142 651 736 481 938 790 494 403 564 585 689 283 402 176 684 218 126 726 326 735 72 398 931 219 445 311 576 687 192 705 570 927 787 829 375 168 561 608 244 28 943 537 197 280 268 593 57 289 27 136 624 346 744 591 380 324 118 972 184 509 242 316 584 838 416 295 531 354 95 480 37 15 51 948 456 615 8 303 974 315 630 62 782 986 973 835 129 754 873 682 843 844 428 117 278 643 586 984 878 350 164 155 83 240 286 750 560 678 19 852 370 905 65 544 448 285 473 729 796 59 507 43 496 751 513 109 712 156 672 777 960 87 97 932 492 709 160 338 220 996 616 888 124 166 870 985 988 500 987 671 458 432 720 399 725 826 765 485 646 920 581 803 495 135 44 685 766 330 25 224 369 922 619 103 600 433 567 206 703 407 351 757 648 230 349 490 223 945 532 438 831 933 47 983 512 856 367 760 599 470 993 788 1 695 519 463 618 609 628 110 52 552 539 133 656 9 137 271 308 793 847 114 12 929 704 716 476 529 213 951 106 919 84 542 858 582 376 959 75 36 385 270 304 174 525 391 79 300 880 654 601 771 978 150 997 767 688 589 64 13 318 238 877 329 911 693 226 547 274 333 273 424 34 169 818 825 484 177 991 605 798 5 942 426 272 143 813 994 839 489 474 861 277 617 116 145 2 822 483 799 863 967 520 639 209 632 555 530 680 758 597 451 820 506 934 171 794 77 468 891 827 909 871 848 210 841 89 916 982 462 207 807 971 502 546 921 883 153 659 253 66 363 634 198 120 860 876 382 627 298 180 655 774 633 361 159 667 250 541 573 88 980 907 692 901 467 592 256 569 517 739 85 928 4 182 418 115 297 464 923 864 461 521 394 282 229 353 623 998 629 457 231 975 154 976 917 314 125 786 41 676 435 61 992 882 152 526 499 673 38 775 965 251 964 806 565 436 327 387 701 789 73 968 96 442 94 614 239 248 622 953 420 400 721 71 487 362 762 434 310 384 814 842 287 755 249 167 792 491 645 885 187 101 191 20 264 697 148 469 538 372 637 269 674 872 698 478 98 534 423 165 233 56 377 707 440 763 851 594 663 344 811 139 175 392 743 63 866 524 884 196 823 309 505 486 132 642 237 908 575 204 903 683 427 449 904 147 947 691 577 977 30 745 322 134 669 969 42 781 890 460 138 328 227 930 421 631 999 621 658 3 358 939 179 352 675 580 200 58 772 368 411 962 86 364 386 123 412 216 194 140 313 816 203 955 415 518 92 742 319 784 69 563 414 690 715 606 641 795 99 296 855 636 388 853 355 471 45 578 910 225 650 874 768 812 653 949 501 262 832 956 503 764 810 859 365 515 966 854 846 773 247 554 341 702 635 730 81 912 317 67 441 711 801 865 611 710 144 74 562 113 378 752 104 321 849 307 666 453 723 815 217 780 551 343 337 446 596 374 548 397 604 670 50 574 511 102 946 417 40 662 886 78 360 255 107 447 808 339 276 759 981 649 979 302 732 202 941 783 429 347 68 
402 103 600 433 567 206 703 407 351 757 648 230 349 490 223 945 532 438 831 933 47 983 512 856 367 760 599 470 993 788 1 695 519 463 618 609 628 110 52 552 539 133 656 9 137 271 308 793 847 114 12 929 704 716 476 529 213 951 106 919 84 542 858 582 376 959 75 36 385 270 304 174 525 391 79 300 880 654 601 771 978 150 997 767 688 589 64 13 318 238 877 329 911 693 226 547 274 333 273 424 34 169 818 825 484 177 991 605 798 5 942 426 272 143 813 994 839 489 474 861 277 617 116 145 2 822 483 799 863 967 520 639 209 632 555 530 680 758 597 451 820 506 934 171 794 77 468 891 827 909 871 848 210 841 89 916 982 462 207 807 971 502 546 921 883 153 659 253 66 363 634 198 120 860 876 382 627 298 180 655 774 633 361 159 667 250 541 573 88 980 907 692 901 467 592 256 569 517 739 85 928 4 182 418 115 297 464 923 864 461 521 394 282 229 353 623 998 629 457 231 975 154 976 917 314 125 786 41 676 435 61 992 882 152 526 499 673 38 775 965 251 964 806 565 436 327 387 701 789 73 968 96 442 94 614 239 248 622 953 420 400 721 71 487 362 762 434 310 384 814 842 287 755 249 167 792 491 645 885 187 101 191 20 264 697 148 469 538 372 637 269 674 872 698 478 98 534 423 165 233 56 377 707 440 763 851 594 663 344 811 139 175 392 743 63 866 524 884 196 823 309 505 486 132 642 237 908 575 204 903 683 427 449 904 147 947 691 577 977 30 745 322 134 669 969 42 781 890 460 138 328 227 930 421 631 999 621 658 3 358 939 179 352 675 580 200 58 772 368 411 962 86 364 386 123 412 216 194 140 313 816 203 955 415 518 92 742 319 784 69 563 414 690 715 606 641 795 99 296 855 636 388 853 
374 740 797 714 528 357 23 779 178 900 188 408 472 583 748 897 963 950 379 401 452 738 301 553 108 664 130 747 151 556 55 235 944 444 571 482 14 926 39 1000 430 867 422 535 6 425 265 112 504 373 620 409 336 450 404 837 902 893 46 348 163 961 828 146 733 181 279 937 100 263 957 173 737 785 989 821 899 142 651 736 481 938 790 494 403 564 585 689 283 402 176 684 218 126 726 326 735 72 398 931 219 445 311 576 687 192 705 570 927 787 829 375 168 561 608 244 28 943 537 197 280 268 593 57 289 27 136 624 346 744 591 380 324 118 972 184 509 242 316 584 838 416 295 531 354 95 480 37 15 51 948 456 615 8 303 974 315 630 62 782 986 973 835 129 754 873 682 843 844 428 117 278 643 586 984 878 350 164 155 83 240 286 750 560 678 19 852 370 905 65 544 448 285 473 729 796 59 507 43 496 751 513 109 712 156 672 777 960 87 97 932 492 709 160 338 220 996 616 888 124 166 870 985 988 500 987 671 458 432 720 399 725 826 765 485 646 920 581 803 495 135 44 685 766 330 25 224 369 922 619 103 600 433 567 206 703 407 351 757 648 230 349 490 223 945 532 438 831 933 47 983 512 856 367 760 599 470 993 788 1 695 519 463 618 609 628 110 52 552 539 133 656 9 137 271 308 793 847 114 12 929 704 716 476 529 213 951 106 919 84 542 858 582 376 959 75 36 385 270 304 174 525 391 79 300 880 654 601 771 978 150 997 767 688 589 64 13 318 238 877 329 911 693 226 547 274 333 273 424 34 169 818 825 484 177 991 605 798 5 942 426 272 143 813 994 839 489 474 861 277 617 116 145 2 822 
929 366 320 845 958 834 443 371 840 804 221 342 290 212 802 791 607 741 572 82 602 677 640 731 595 776 550 857 312 545 131 898 29 243 413 48 241 284 728 510 222 431 681 536 393 694 869 587 713 647 275 833 257 657 17 325 598 527 161 925 80 294 266 918 566 686 936 889 305 868 261 335 21 383 954 11 121 718 172 915 778 935 756 558 389 24 990 356 497 625 410 896 293 149 459 245 809 700 475 22 559 439 122 128 236 679 892 31 260 540 516 995 660 16 862 76 612 488 836 141 665 195 493 522 60 208 722 291 18 914 228 53 746 32 267 819 35 201 105 466 437 824 465 479 626 390 699 805 359 162 881 211 111 54 332 590 91 26 568 232 708 706 183 610 454 292 894 557 306 340 533 234 119 33 170 185 924 724 875 652 734 323 514 157 396 543 281 817 952 259 638 158 498 613 753 246 749 186 906 419 405 49 970 940 769 93 190 199 740 797 714 528 357 23 779 178 900 188 408 472 583 748 897 963 950 379 401 452 738 301 553 108 664 130 747 151 556 55 235 944 444 571 482 14 926 39 1000 430 867 422 535 6 425 265 112 504 373 620 409 336 450 404 837 902 893 46 348 163 961 828 146 733 181 279 937 100 263 957 173 737 785 989 821 899 142 651 736 481 938 790 494 403 564 585 689 283 402 176 684 218 126 726 326 735 72 398 931 219 445 311 576 687 192 705 570 927 787 829 375 168 561 608 244 28 943 537 197 280 268 593 57 289 27 136 624 346 744 591 380 324 118 972 184 509 242 316 584 838 416 295 531 354 95 480 37 15 51 948 456 615 8 303 974 315 630 62 782 986 973 835 129 754 873 682 843 844 428 117 278 643 586 984 878 350 164 155 83 240 286 750 560 678 19 852 370 905 65 544 448 285 473 729 796 59 507 43 496 751 513 109 712 156 672 777 960 87 97 932 492 709 160 338 220 996 616 888 124 166 870 985 988 500 987 671 458 432 720 399 725 826 765 485 646 920 581 803 495 135 44 685 766 330 25 224 369 922 619 103 600 433 567 206 703 407 351 757 648 230 349 490 223 945 532 438 831 933 47 983 512 856 367 760 599 470 993 788 1 695 519 463 618 609 628 110 52 552 539 133 656 9 137 271 308 793 847 114 12 929 704 716 476 529 213 951 106 919 84 542 858 582 376 959 75 36 385 270 304 174 525 391 79 300 880 654 601 771 978 150 997 767 688 589 64 13 318 238 877 329 911 693 226 547 274 333 273 424 34 169 818 825 484 177 991 605 798 5 942 426 272 143 813 994 839 489 474 861 277 617 116 145 2 822 483 799 863 967 520 639 209 632 555 530 680 758 597 451 820 506 934 171 794 77 468 891 827 909 871 848 210 841 89 916 982 462 207 807 971 502 546 921 883 153 659 253 66 363 634 198 120 860 876 382 627 298 180 655 774 633 361 159 667 250 541 573 88 980 907 692 901 467 592 256 569 517 739 85 928 4 182 418 115 297 464 923 864 461 521 394 282 229 353 623 998 629 457 231 975 154 976 917 314 125 786 41 676 435 61 992 882 152 526 499 673 38 775 965 251 964 806 565 436 327 387 701 789 73 968 96 442 94 614 239 248 622 953 420 400 721 71 487 362 762 434 310 384 814 842 287 755 249 167 792 491 645 885 187 101 191 20 264 697 148 469 538 372 637 269 674 872 698 478 98 534 423 165 233 56 377 707 440 763 851 594 663 344 811 139 175 392 743 63 866 524 884 196 823 309 505 486 132 642 237 908 575 204 903 683 427 449 904 147 947 691 577 977 30 745 322 134 669 969 42 781 890 460 138 328 227 930 421 631 999 621 658 3 358 939 179 352 675 580 200 58 772 368 411 962 86 364 386 123 412 216 194 140 313 816 203 955 415 518 92 742 319 784 69 563 414 690 715 606 641 795 99 296 855 636 388 853 355 471 45 578 910 225 650 874 768 812 653 949 501 262 832 956 503 764 810 859 365 515 966 854 846 773 247 554 341 702 635 730 81 912 317 67 441 711 801 865 611 710 144 74 562 113 378 752 104 321 849 307 666 453 723 815 217 780 551 343 337 446 596 374 548 397 604 670 50 574 511 
295 699 805 359 162 881 211 111 54 332 590 91 26 568 232 708 706 183 610 454 292 894 557 306 340 533 234 119 33 170 185 924 724 875 652 734 323 514 157 396 543 281 817 952 259 638 158 498 613 753 246 749 186 906 419 405 49 970 940 769 93 190 199 740 797 714 528 357 23 779 178 900 188 408 472 583 748 897 963 950 379 401 452 738 301 553 108 664 130 747 151 556 55 235 944 444 571 482 14 926 39 1000 430 867 422 535 6 425 265 112 504 373 620 409 336 450 404 837 902 893 46 348 163 961 828 146 733 181 279 937 100 263 957 173 737 785 989 821 899 142 651 736 481 938 790 494 403 564 585 689 283 402 176 684 218 126 726 326 735 72 398 931 219 445 311 576 687 192 705 570 927 787 829 375 168 561 608 244 28 943 537 197 280 268 593 57 289 27 136 624 346 744 591 380 324 118 972 184 509 242 316 584 838 416 295 531 354 95 480 37 15 51 948 456 615 8 303 974 315 630 62 782 986 973 835 129 754 873 682 843 844 428 117 278 643 586 984 878 350 164 155 83 240 286 750 560 678 19 852 370 905 65 544 448 285 473 729 796 59 507 43 496 751 513 109 712 156 672 777 960 87 97 932 492 709 160 338 220 996 616 888 124 166 870 985 988 500 987 671 458 432 720 399 725 826 765 
872 657 17 325 598 527 161 925 80 294 266 918 566 686 936 889 305 868 261 335 21 383 954 11 121 718 172 915 778 935 756 558 389 24 990 356 497 625 410 896 293 149 459 245 809 700 475 22 559 439 122 128 236 679 892 31 260 540 516 995 660 16 862 76 612 488 836 141 665 195 493 522 60 208 722 291 18 914 228 53 746 32 267 819 35 201 105 466 437 824 465 479 626 390 699 805 359 162 881 211 111 54 332 590 91 26 568 232 708 706 183 610 454 292 894 557 306 340 533 234 119 33 170 185 924 724 875 652 734 323 514 157 396 543 281 817 952 259 638 158 498 613 753 246 749 186 906 419 405 49 970 940 769 93 190 199 740 797 714 528 357 23 779 178 900 188 408 472 583 748 897 963 950 379 401 452 738 301 553 108 664 130 747 151 556 55 235 944 444 571 482 14 926 39 1000 430 867 422 535 6 425 265 112 504 373 620 409 336 450 404 837 902 893 46 348 163 961 828 146 733 181 279 937 100 263 957 173 737 785 989 821 899 142 651 736 481 938 790 494 403 564 585 689 283 402 176 684 218 126 726 326 735 72 398 931 219 445 311 576 687 192 705 570 927 787 829 375 168 561 608 244 28 943 537 197 280 268 593 57 289 27 136 624 346 744 591 380 324 118 972 184 509 242 316 584 838 416 295 531 354 95 480 37 15 51 948 456 615 8 303 974 315 630 62 782 986 973 835 129 754 873 682 843 844 428 117 278 643 586 984 878 350 164 155 83 240 286 750 560 678 19 852 370 905 65 544 448 285 473 729 796 59 507 43 496 751 513 109 712 156 672 777 960 87 97 932 492 709 160 338 220 996 616 888 124 166 870 985 988 500 987 671 458 432 720 399 725 826 765 485 646 920 581 803 495 135 44 685 766 330 25 224 369 922 619 103 600 433 567 206 703 407 351 757 648 230 349 490 223 945 532 438 831 933 47 983 512 856 367 760 599 470 993 788 1 695 519 463 618 609 628 110 52 552 539 133 656 9 137 271 308 793 847 114 12 929 704 716 476 529 213 951 106 919 84 542 858 582 376 959 75 36 385 270 304 174 525 391 79 300 880 654 601 771 978 150 997 767 688 589 64 13 318 238 877 329 911 693 226 547 274 333 273 424 34 169 818 825 484 177 991 605 798 5 942 426 272 143 813 994 839 489 474 861 277 617 116 145 2 822 483 799 863 967 520 639 209 632 555 530 680 758 597 451 820 506 934 171 794 77 468 891 827 909 871 848 210 841 89 916 982 462 207 807 971 502 546 921 883 153 659 253 66 363 634 198 120 860 876 382 627 298 180 655 774 633 361 159 667 250 541 573 88 980 907 692 901 467 592 256 569 517 739 85 928 4 182 418 115 297 464 923 864 461 521 394 282 229 353 623 998 629 457 231 975 154 976 917 314 125 786 41 676 435 61 992 882 152 526 499 673 38 775 965 251 964 806 565 436 327 387 701 789 73 968 96 442 94 614 239 248 622 953 420 400 721 71 487 362 762 434 310 384 814 842 287 755 249 167 792 491 645 885 187 101 191 20 264 697 148 469 538 372 637 269 674 872 698 478 98 534 423 165 233 56 377 707 440 763 851 594 663 344 811 139 175 392 743 63 866 524 884 196 823 309 505 486 132 642 237 908 575 204 903 683 427 449 904 147 947 691 577 977 30 745 322 134 669 969 42 781 890 460 138 328 227 930 421 631 999 621 658 3 358 939 179 352 675 580 200 58 772 368 411 962 86 364 386 123 412 216 194 140 313 816 203 955 415 518 92 742 319 784 69 563 414 690 715 606 641 795 99 296 855 636 388 853 355 471 45 578 910 225 650 874 768 812 653 949 501 262 832 956 503 764 810 859 365 515 966 854 846 773 247 554 341 702 635 730 81 912 317 67 441 711 801 865 611 710 144 74 562 113 378 752 104 321 849 307 666 453 723 815 217 780 551 343 337 446 596 374 548 397 
62 988 500 987 671 458 432 720 399 725 826 765 485 646 920 581 803 495 135 44 685 766 330 25 224 369 922 619 103 600 433 567 206 703 407 351 757 648 230 349 490 223 945 532 438 831 933 47 983 512 856 367 760 599 470 993 788 1 695 519 463 618 609 
854 612 488 836 141 665 195 493 522 60 208 722 291 18 914 228 53 746 32 267 819 35 201 105 466 437 824 465 479 626 390 699 805 359 162 881 211 111 54 332 590 91 26 568 232 708 706 183 610 454 292 894 557 306 340 533 234 119 33 170 185 924 724 875 652 734 323 514 157 396 543 281 817 952 259 638 158 498 613 753 246 749 186 906 419 405 49 970 940 769 93 190 199 740 797 714 528 357 23 779 178 900 188 408 472 583 748 897 963 950 379 401 452 738 301 553 108 664 130 747 151 556 55 235 944 444 571 482 14 926 39 1000 430 867 422 535 6 425 265 112 504 373 620 409 336 450 404 837 902 893 46 348 163 961 828 146 733 181 279 937 100 263 957 173 737 785 989 821 899 142 651 736 481 938 790 494 403 564 585 689 283 402 176 684 218 126 726 326 735 72 398 931 219 445 311 576 687 192 705 570 927 787 829 375 168 561 608 244 28 943 537 197 280 268 593 57 289 27 136 624 346 744 591 380 324 118 972 184 509 242 316 584 838 416 295 531 354 95 480 37 15 51 948 456 615 8 303 974 315 630 62 782 986 973 835 129 754 873 682 843 844 428 117 278 643 586 984 878 350 164 155 83 240 286 750 560 678 19 852 370 905 65 544 448 285 473 729 796 59 507 43 496 751 513 109 712 156 672 777 960 87 97 932 492 709 160 338 220 996 616 888 124 166 870 985 988 500 987 671 458 432 720 399 725 826 765 485 646 920 581 803 495 135 44 685 766 330 25 224 369 922 619 103 600 433 567 206 703 407 351 757 648 230 349 490 223 945 532 438 831 933 47 983 512 856 367 760 599 470 993 788 1 695 519 463 618 609 628 110 52 552 539 133 656 9 137 271 308 793 847 114 12 929 704 716 476 529 213 951 106 919 84 542 858 582 376 959 75 36 385 270 304 174 525 391 79 300 880 654 601 771 978 150 997 767 688 589 64 13 318 238 877 329 911 693 226 547 274 333 273 424 34 169 818 825 484 177 991 605 798 5 942 426 272 143 813 994 839 489 474 861 277 617 116 145 2 822 483 799 863 967 520 639 209 632 555 530 680 758 597 451 820 506 934 171 794 77 468 891 827 909 871 848 210 841 89 916 982 462 207 807 971 502 546 921 883 153 659 253 66 363 634 198 120 860 876 382 627 298 180 655 774 633 361 159 667 250 541 573 88 980 907 692 901 467 592 256 569 517 739 85 928 4 182 418 115 297 464 923 864 461 521 394 282 229 353 623 998 629 457 231 975 154 976 917 314 125 786 41 676 435 61 992 882 152 526 499 673 38 775 965 251 964 806 565 436 327 387 701 789 73 968 96 442 94 614 239 248 622 953 420 400 721 71 487 362 762 434 310 384 814 842 287 755 249 167 792 491 645 885 187 101 191 20 264 697 148 469 538 372 637 269 674 872 698 478 98 534 423 165 233 56 377 707 440 763 851 594 663 344 811 139 175 392 743 63 866 524 884 196 823 309 505 486 132 642 237 908 575 204 903 683 427 449 904 147 947 691 577 977 30 745 322 134 669 969 42 781 890 460 138 328 227 930 421 631 999 621 658 3 358 939 179 352 675 580 200 58 772 368 411 962 86 364 386 123 412 216 194 140 313 816 203 955 415 518 92 742 319 784 69 563 414 690 715 606 641 795 99 296 855 636 388 853 355 471 45 578 910 225 650 874 768 812 653 949 501 262 832 956 503 764 810 859 365 515 966 854 846 773 247 554 341 702 635 730 81 912 317 67 441 711 801 865 611 710 144 74 562 113 378 752 104 321 849 307 666 453 723 815 217 780 551 343 337 446 596 374 548 397 604 670 50 574 511 102 946 417 40 662 886 78 360 255 107 447 808 339 276 759 981 649 979 302 732 202 941 783 429 347 68 299 10 717 127 850 345 258 254 668 70 727 603 331 523 
830 443 371 840 804 221 342 290 212 802 791 607 741 572 82 602 677 640 731 595 776 550 857 312 545 131 898 29 243 413 48 241 284 728 510 222 431 681 536 393 694 869 587 713 647 275 833 257 657 17 325 598 527 161 925 80 294 266 918 566 686 936 889 305 868 261 335 21 383 954 11 121 718 172 915 778 935 756 558 389 24 990 356 497 625 410 896 293 149 459 245 809 700 475 22 559 439 122 128 236 679 892 31 260 540 516 995 660 16 862 76 612 488 836 141 665 195 493 522 60 208 722 291 18 914 228 53 746 32 267 819 35 201 105 466 437 824 465 479 626 390 699 805 359 162 881 211 111 54 332 590 91 26 568 232 708 706 183 610 454 292 894 557 306 340 533 234 119 33 170 185 924 724 875 652 734 323 514 157 396 543 281 817 952 259 638 158 498 613 753 246 749 186 906 419 405 49 970 940 769 93 190 199 740 797 714 528 357 23 779 178 900 188 408 472 583 748 897 963 950 379 401 452 738 301 553 108 664 130 747 151 556 55 235 944 444 571 482 14 926 39 1000 430 867 422 535 6 425 265 112 504 373 620 409 336 450 404 837 902 893 46 348 163 961 828 146 733 181 279 937 100 263 957 173 737 785 989 821 899 142 651 736 481 938 790 494 403 564 585 689 283 402 176 684 218 126 726 326 735 72 398 931 219 445 311 576 687 192 705 570 927 787 829 375 168 561 608 244 28 943 537 197 280 268 593 57 289 27 136 624 346 744 591 380 324 118 972 184 509 242 316 584 838 416 295 531 354 95 480 37 15 51 948 456 615 8 303 974 315 630 62 782 986 973 835 129 754 873 682 843 844 428 117 278 643 586 984 878 350 164 155 83 240 286 750 560 678 19 852 370 905 65 544 448 285 473 729 796 59 507 43 496 751 513 109 712 156 672 777 960 87 97 932 492 709 160 338 220 996 616 888 124 166 870 985 988 500 987 671 458 432 720 399 725 826 765 485 646 920 581 803 495 135 44 685 766 330 25 224 369 922 619 103 600 433 567 206 703 407 351 757 648 230 349 490 223 945 532 438 831 933 47 983 512 856 367 760 599 470 993 788 1 695 519 463 618 609 628 110 52 552 539 133 656 9 137 271 308 793 847 114 12 929 704 716 476 529 213 951 106 919 84 542 858 582 376 959 75 36 385 270 304 174 525 391 79 300 880 654 601 771 978 150 997 767 688 589 64 13 318 238 877 329 911 693 226 547 274 333 273 424 34 169 818 825 484 177 991 605 798 5 942 426 272 143 813 994 839 489 474 861 277 617 116 145 2 822 483 799 863 967 520 639 209 632 555 530 680 758 597 451 820 506 934 171 794 77 468 891 827 909 871 848 210 841 89 916 982 462 207 807 971 502 546 921 883 153 659 253 66 363 634 198 120 860 876 382 627 298 180 655 774 633 361 159 667 250 541 573 88 980 907 692 901 467 592 256 569 517 739 85 928 4 182 418 115 297 464 923 864 461 521 394 282 229 353 623 998 629 457 231 975 154 976 917 314 125 786 41 676 435 61 992 882 152 526 499 673 38 775 965 251 964 806 565 436 327 387 701 789 73 968 96 442 94 614 239 248 622 953 420 400 721 71 487 362 762 434 310 384 814 842 287 755 249 167 792 491 645 885 187 101 191 20 264 697 148 469 538 372 637 269 674 872 698 478 98 534 423 165 233 56 377 707 440 763 851 594 663 344 811 139 175 392 743 63 866 524 884 196 823 309 505 486 132 642 237 908 575 204 903 683 427 449 904 147 947 691 577 977 30 745 322 134 669 969 42 781 890 460 138 328 227 930 421 631 999 621 658 3 358 939 179 352 675 580 200 58 772 368 411 962 86 364 386 123 412 216 194 140 313 
787 383 954 11 121 718 172 915 778 935 756 558 389 24 990 356 497 625 410 896 293 149 459 245 809 700 475 22 559 439 122 128 236 679 892 31 260 540 516 995 660 16 862 76 612 488 836 141 665 195 493 522 60 208 722 291 18 914 228 53 746 32 267 819 35 201 105 466 437 824 465 479 626 390 699 805 359 162 881 211 111 54 332 590 91 26 568 232 708 706 183 610 454 292 894 557 306 340 533 234 119 33 170 185 924 724 875 652 734 323 514 157 396 543 281 817 952 259 638 158 498 613 753 246 749 186 906 419 405 49 970 940 769 93 190 199 740 797 714 528 357 23 779 178 900 188 408 472 583 748 897 963 950 379 401 452 738 301 553 108 664 130 747 151 556 55 235 944 444 571 482 14 926 39 1000 430 867 422 535 6 425 265 112 504 373 620 409 336 450 404 837 902 893 46 348 163 961 828 146 733 181 279 937 100 263 957 173 737 785 989 821 899 142 651 736 481 938 790 494 403 564 585 689 283 402 176 684 218 126 726 326 735 72 398 931 219 445 311 576 687 192 705 570 927 787 829 375 168 561 608 244 28 943 537 197 280 268 593 57 289 27 136 624 346 744 591 380 324 118 972 184 509 242 316 584 838 416 295 531 354 95 480 37 15 51 948 456 615 8 303 974 315 630 62 782 986 973 835 129 754 873 682 843 844 428 117 278 643 586 984 878 350 164 155 83 240 286 750 560 678 19 852 370 905 65 544 448 285 473 729 796 59 507 43 496 751 513 109 712 156 672 777 960 87 97 932 492 709 160 338 220 996 616 888 124 166 870 985 988 500 987 671 458 432 720 399 725 826 765 485 646 920 581 803 495 135 44 685 766 330 25 224 369 922 619 103 600 433 567 206 703 407 351 757 648 230 349 490 223 945 532 438 831 933 47 983 512 856 367 760 599 470 993 788 1 695 519 463 618 609 628 110 52 552 539 133 656 9 137 271 308 793 847 114 12 929 704 716 476 529 213 951 106 919 84 542 858 582 376 959 75 36 385 270 304 174 525 391 79 300 880 654 601 771 978 150 997 767 688 589 64 13 318 238 877 329 911 693 226 547 274 333 273 424 34 169 818 825 484 177 991 605 798 5 942 426 272 143 813 994 839 489 474 861 277 617 116 145 2 822 483 799 863 967 520 639 209 632 555 530 680 758 597 451 820 506 934 171 794 77 468 891 827 909 871 848 210 841 89 916 982 462 207 807 971 502 546 921 883 153 659 253 66 363 634 198 120 860 876 382 627 298 180 655 774 633 361 159 667 250 541 573 88 980 907 692 901 467 592 256 569 517 739 85 928 4 182 418 115 297 464 923 864 461 521 394 282 229 353 623 998 629 457 231 975 154 976 917 314 125 786 41 676 435 61 992 882 152 526 499 673 38 775 965 251 964 806 565 436 327 387 701 789 73 968 96 442 94 614 239 248 622 953 420 400 721 71 487 362 762 434 310 384 814 842 287 755 249 167 792 491 645 885 187 101 191 20 264 697 148 469 538 372 637 269 674 872 698 478 98 534 423 165 233 56 377 707 440 763 851 594 663 344 811 139 175 392 743 63 866 524 884 196 823 309 505 486 132 642 237 908 575 204 903 683 427 449 904 147 947 691 577 977 30 745 322 134 669 969 42 781 890 460 138 328 227 930 421 631 999 621 658 3 358 939 179 352 675 580 200 58 772 368 411 962 86 364 386 123 412 216 194 140 313 816 203 955 415 518 92 742 319 784 69 563 414 690 715 606 641 795 99 296 855 636 388 853 355 
50 89 916 982 462 207 807 971 502 546 921 883 153 659 253 66 363 634 198 120 860 876 382 627 298 180 655 774 633 361 159 667 250 541 573 88 980 907 692 901 467 592 256 569 517 739 85 928 4 182 418 
217 335 21 383 954 11 121 718 172 915 778 935 756 558 389 24 990 356 497 625 410 896 293 149 459 245 809 700 475 22 559 439 122 128 236 679 892 31 260 540 516 995 660 16 862 76 612 488 836 141 665 195 493 522 60 208 722 291 18 914 228 53 746 32 267 819 35 201 105 466 437 824 465 479 626 390 699 805 359 162 881 211 111 54 332 590 91 26 568 232 708 706 183 610 454 292 894 557 306 340 533 234 119 33 170 185 924 724 875 652 734 323 514 157 396 543 281 817 952 259 638 158 498 613 753 246 749 186 906 419 405 49 970 940 769 93 190 199 740 797 714 528 357 23 779 178 900 188 408 472 583 748 897 963 950 379 401 452 738 301 553 108 664 130 747 151 556 55 235 944 444 571 482 14 926 39 1000 430 867 422 535 6 425 265 112 504 373 620 409 336 450 404 837 902 893 46 348 163 961 828 146 733 181 279 937 100 263 957 173 737 785 989 821 899 142 651 736 481 
376 630 62 782 986 973 835 129 754 873 682 843 844 428 117 278 643 586 984 878 350 164 155 83 240 286 750 560 678 19 852 370 905 65 544 448 285 473 729 796 59 507 43 496 751 513 109 712 156 672 777 960 87 97 932 492 709 160 338 220 996 616 888 124 166 870 985 988 500 987 671 458 432 720 399 725 826 765 485 646 920 581 803 495 135 44 685 766 330 25 224 369 922 619 103 600 433 567 206 703 407 351 757 648 230 349 490 223 945 532 438 831 933 47 983 512 856 367 760 599 470 993 788 1 695 519 463 618 609 628 110 52 552 539 133 656 9 137 271 308 793 847 114 12 929 704 716 476 529 213 951 106 919 84 542 858 582 376 959 75 36 385 270 304 174 525 391 79 300 880 654 601 771 978 150 997 767 688 589 64 13 318 238 877 329 911 693 226 547 274 333 273 424 34 169 818 825 484 177 991 605 798 5 942 426 272 143 813 994 839 489 474 861 277 617 116 145 2 822 483 799 863 967 520 639 209 632 555 530 680 758 597 451 820 506 934 171 794 77 468 891 827 909 871 848 210 841 89 916 982 462 207 807 971 502 546 921 883 153 659 253 66 363 634 198 120 860 876 382 627 298 180 655 774 633 361 159 667 250 541 573 88 980 907 692 901 467 592 256 569 517 739 85 928 4 182 418 115 297 464 923 864 461 521 394 282 229 353 623 998 629 457 231 975 154 976 917 314 125 786 41 676 435 61 992 882 152 526 499 673 38 775 965 251 964 806 565 436 327 387 701 789 73 968 96 442 94 614 239 248 622 953 420 400 721 71 487 362 762 434 310 384 814 842 287 755 249 167 792 491 645 885 187 101 191 20 264 
302 805 359 162 881 211 111 54 332 590 91 26 568 232 708 706 183 610 454 292 894 557 306 340 533 234 119 33 170 185 924 724 875 652 734 323 514 157 396 543 281 817 952 259 638 158 498 613 753 246 749 186 906 419 405 49 970 940 769 93 190 199 740 797 714 528 357 23 779 178 900 188 408 472 583 748 897 963 950 379 401 452 738 301 553 108 664 130 747 151 556 55 235 944 444 571 482 14 926 39 1000 430 867 422 535 6 425 265 112 504 373 620 409 336 450 404 837 902 893 46 348 163 961 828 146 733 181 279 937 100 263 957 173 737 785 989 821 899 142 651 736 481 938 790 494 403 564 585 689 283 402 176 684 218 126 726 326 735 72 398 931 219 445 311 576 687 192 705 570 927 787 829 375 168 561 608 244 28 943 537 197 280 268 593 57 289 27 136 624 346 744 591 380 324 118 972 184 509 242 316 584 838 416 295 531 354 95 480 37 15 51 948 456 615 8 303 974 315 630 62 782 986 973 835 129 754 873 682 843 844 428 117 278 643 586 984 878 350 164 155 83 240 286 750 560 678 19 852 370 905 65 544 448 285 473 729 796 59 507 43 496 751 513 109 712 156 672 777 960 87 97 932 492 709 160 338 220 996 616 888 124 166 870 985 988 500 987 671 458 432 720 399 725 826 765 485 646 920 581 803 495 135 44 
674 840 804 221 342 290 212 802 791 607 741 572 82 602 677 640 731 595 776 550 857 312 545 131 898 29 243 413 48 241 284 728 510 222 431 681 536 393 694 869 587 713 647 275 833 257 657 17 325 598 527 161 925 80 294 266 918 566 686 936 889 305 868 261 335 21 383 954 11 121 718 172 915 778 935 756 558 389 24 990 356 497 625 410 896 293 149 459 245 809 700 475 22 559 439 122 128 236 679 892 31 260 540 516 995 660 16 862 76 612 488 836 141 665 195 493 522 60 208 722 291 18 914 228 53 746 32 267 819 35 201 105 466 437 824 465 479 626 390 699 805 359 162 881 211 111 54 332 590 91 26 568 232 708 706 183 610 454 292 894 557 306 340 533 234 119 33 170 185 924 724 875 652 734 323 514 157 396 543 281 817 952 259 638 158 498 613 753 246 749 186 906 419 405 49 970 940 769 93 190 199 740 797 714 528 357 23 779 178 900 188 408 472 583 748 897 963 950 379 401 452 738 301 553 108 664 130 747 151 556 55 235 944 444 571 482 14 926 39 1000 430 867 422 535 6 425 265 112 504 373 620 409 336 450 404 837 902 893 46 348 163 961 828 146 733 181 279 937 100 263 957 173 737 785 989 821 899 142 651 736 481 938 790 494 403 564 585 689 283 402 176 684 218 126 726 326 735 72 398 931 219 445 311 576 687 192 705 570 927 787 829 375 168 561 608 244 28 943 537 197 280 268 593 57 289 27 136 624 346 744 591 380 324 118 972 184 509 242 316 584 838 416 295 531 354 95 480 37 15 51 948 456 615 8 303 974 315 630 62 782 986 973 835 129 754 873 682 843 844 428 117 278 643 586 984 878 350 164 155 83 240 286 750 560 678 19 852 370 905 65 544 448 285 473 729 796 59 507 43 496 751 513 109 712 156 672 777 960 87 97 932 492 709 160 338 220 996 616 888 124 166 870 985 988 500 987 671 458 432 720 399 725 826 765 485 646 920 581 803 495 135 44 685 766 330 25 224 369 922 619 103 600 433 567 206 703 407 351 757 648 230 349 490 223 945 532 438 831 933 47 983 512 856 367 760 599 470 993 788 1 695 519 463 618 609 628 110 52 552 539 133 656 9 137 271 308 793 847 114 12 929 704 716 476 529 213 951 106 919 84 542 858 582 376 959 75 36 385 270 304 174 525 391 79 300 880 654 601 771 978 150 997 767 688 589 64 13 318 238 877 329 911 693 226 547 274 333 273 424 34 169 818 825 484 177 991 605 798 5 942 426 272 143 813 994 839 489 474 861 277 617 116 145 2 822 483 799 863 967 520 639 209 632 555 530 680 758 597 451 820 506 934 171 794 77 468 891 827 909 871 848 210 841 89 916 982 462 207 807 971 502 546 921 883 153 659 253 66 363 634 198 120 860 876 382 627 298 180 655 774 633 361 159 667 250 541 573 88 980 907 692 901 467 592 256 569 517 739 85 928 4 182 418 115 297 464 923 864 461 521 394 282 229 353 623 998 629 457 231 975 154 976 917 314 125 
583 268 593 57 289 27 136 624 346 744 591 380 324 118 972 184 509 242 316 584 838 416 295 531 354 95 480 37 15 51 948 456 615 8 303 974 315 630 62 782 986 973 835 129 754 873 682 843 844 428 117 278 643 586 984 878 350 164 155 83 240 286 750 560 678 19 852 370 905 65 544 448 285 473 729 796 59 507 43 496 751 513 109 712 156 672 777 960 87 97 932 492 709 160 338 220 996 616 888 124 166 870 985 988 500 987 671 458 432 720 399 725 826 765 485 646 920 581 803 495 135 44 685 766 330 25 224 369 922 619 103 600 433 567 206 703 407 351 757 648 230 349 490 223 945 532 438 831 933 47 983 512 856 367 760 599 470 993 788 1 695 519 463 618 609 628 110 52 552 539 133 656 9 137 271 308 793 847 114 12 929 704 716 476 529 213 951 106 919 84 542 858 582 376 959 75 36 385 270 304 174 525 391 79 300 880 654 601 771 978 150 997 767 688 589 64 13 318 238 877 329 911 693 226 547 274 333 273 424 34 169 818 825 484 177 991 605 798 5 942 426 272 143 813 994 839 489 474 861 277 617 116 145 2 822 483 799 863 967 520 639 209 632 555 530 680 758 597 451 820 506 934 171 794 77 468 891 827 909 871 848 210 841 89 916 982 462 207 807 971 502 546 921 883 153 659 253 66 363 634 198 120 860 876 382 627 298 180 655 774 633 361 159 667 250 541 573 88 980 907 692 901 467 592 256 569 517 739 85 928 4 182 418 115 297 464 923 864 461 521 394 282 229 353 623 998 629 457 231 975 154 976 917 314 125 786 41 676 435 61 992 882 152 526 499 673 38 775 965 251 964 806 565 436 327 387 701 789 73 968 96 442 94 614 239 248 622 953 420 400 721 71 487 362 762 434 310 384 814 842 287 755 249 167 792 491 645 885 187 101 191 20 264 697 148 469 538 372 637 269 674 872 698 478 98 534 423 165 233 56 377 707 440 763 851 594 663 344 811 139 175 392 743 63 866 524 884 196 823 309 505 486 132 642 237 908 575 204 903 683 427 449 904 147 947 691 577 977 30 745 322 134 669 969 42 781 890 460 138 328 227 930 421 631 999 621 658 3 358 939 179 352 675 580 200 58 772 368 411 962 86 364 386 123 412 216 194 140 313 816 203 955 415 518 92 742 319 784 69 563 414 690 715 606 641 795 99 296 855 636 388 853 355 471 45 578 910 225 650 874 768 812 653 949 501 262 832 956 503 764 810 859 365 515 966 854 846 773 247 554 341 702 635 730 81 912 317 67 441 711 801 865 611 710 144 74 562 113 378 752 104 321 849 307 
543 957 173 737 785 989 821 899 142 651 736 481 938 790 494 403 564 585 689 283 402 176 684 218 126 726 326 735 72 398 931 219 445 311 576 687 192 705 570 927 787 829 375 168 561 608 244 28 943 537 197 280 268 593 57 289 27 136 624 346 744 591 380 324 118 972 184 509 242 316 584 838 416 295 531 354 95 480 37 15 51 948 456 615 8 303 974 315 630 62 782 986 973 835 129 754 873 682 843 844 428 117 278 643 586 984 878 350 164 155 83 240 286 750 560 678 19 852 370 905 65 544 448 285 473 729 796 59 507 43 496 751 513 109 712 156 672 777 960 87 97 932 492 709 160 338 220 996 616 888 124 166 870 985 988 500 987 671 458 432 720 399 725 826 765 485 646 920 581 803 495 135 44 685 766 330 25 224 369 922 619 103 600 433 567 206 703 407 351 757 648 230 349 490 223 945 532 438 831 933 47 983 512 856 367 760 599 470 993 788 1 695 519 463 618 609 628 110 52 552 539 133 656 9 137 271 308 793 847 114 12 929 704 716 476 529 213 951 106 919 84 542 858 582 376 959 75 36 385 270 304 174 525 391 79 300 880 654 601 771 978 150 997 767 688 589 64 13 318 238 877 329 911 693 226 547 274 333 273 424 34 169 818 825 484 177 991 605 798 5 942 426 272 143 813 994 839 489 474 861 277 617 116 145 2 822 483 799 863 967 520 639 209 632 555 530 680 758 597 451 820 506 934 171 794 77 468 891 827 909 871 848 210 841 89 916 982 462 207 807 971 502 546 921 883 153 659 253 66 363 634 198 120 860 876 382 627 298 180 655 774 633 361 159 667 250 541 573 88 980 907 692 901 467 592 256 569 517 739 85 928 4 182 418 115 297 464 923 864 461 521 394 282 229 353 623 998 629 457 231 975 154 976 917 314 125 786 41 676 435 61 992 882 152 526 499 673 38 775 965 251 964 806 565 436 327 387 701 789 73 968 96 442 94 614 239 248 622 953 420 400 721 71 487 362 762 434 310 384 814 842 287 755 249 167 792 491 645 885 187 101 191 20 264 697 148 469 538 372 637 269 674 872 698 478 98 534 423 165 233 56 377 707 440 763 851 594 663 344 811 139 175 392 743 63 866 524 884 196 823 309 505 486 132 642 237 908 575 204 903 683 427 449 904 147 947 691 577 977 30 745 322 134 669 969 42 781 890 460 138 328 227 930 421 631 999 621 658 3 358 939 179 352 675 
942 845 958 834 443 371 840 804 221 342 290 212 802 791 607 741 572 82 602 677 640 731 595 776 550 857 312 545 131 898 29 243 413 48 241 284 728 510 222 431 681 536 393 694 869 587 713 647 275 833 257 657 17 325 598 527 161 925 80 294 266 918 566 686 936 889 305 868 261 335 21 383 954 11 121 718 172 915 778 935 756 558 389 24 990 356 497 625 410 896 293 149 459 245 809 700 475 22 559 439 122 128 236 679 892 31 260 540 516 995 660 16 862 76 612 488 836 141 665 195 493 522 60 208 722 291 18 914 228 53 746 32 267 819 35 201 105 466 437 824 465 479 626 390 699 805 359 162 881 211 111 54 332 590 91 26 568 232 708 706 183 610 454 292 894 557 306 340 533 234 119 33 170 185 924 724 875 652 734 323 514 157 396 543 281 817 952 259 638 158 498 613 753 246 749 186 906 419 405 49 970 940 769 93 190 199 740 797 714 528 357 23 779 178 900 188 408 472 583 748 897 963 950 379 401 452 738 301 553 108 664 130 747 151 556 55 235 944 444 571 482 14 926 39 1000 430 867 422 535 6 425 265 112 504 373 620 409 336 450 404 837 902 893 46 348 163 961 828 146 733 181 279 937 100 263 957 173 737 785 989 821 899 142 651 736 481 938 790 494 403 564 585 689 283 402 176 684 218 126 726 326 735 72 398 931 219 445 311 576 687 192 705 570 927 787 829 375 168 561 608 244 28 943 537 197 280 268 593 57 289 27 136 624 346 744 591 380 324 118 972 184 509 242 316 584 838 416 295 531 354 95 480 37 15 51 948 456 615 8 303 974 315 630 62 782 986 973 835 129 754 873 682 843 844 428 117 278 643 586 984 878 350 164 155 83 240 286 750 560 678 19 852 370 905 65 544 448 285 473 729 796 59 507 43 496 751 513 109 712 156 672 777 960 87 97 932 492 709 160 338 220 996 616 888 124 166 870 985 988 500 987 671 458 432 720 399 725 826 765 485 646 920 581 803 495 135 44 685 766 330 25 224 369 922 619 103 600 433 567 206 703 407 351 757 648 230 349 490 223 945 532 438 831 933 47 983 512 856 367 760 599 470 993 788 1 695 519 463 618 609 628 110 52 552 539 133 656 9 137 271 308 793 847 114 12 929 704 716 476 529 213 951 106 919 84 542 858 582 376 959 75 36 385 270 304 174 525 391 79 300 880 654 601 771 978 150 997 767 688 589 64 13 318 238 877 329 911 693 226 547 274 333 273 424 34 169 818 825 484 177 991 605 798 5 942 426 272 143 813 994 839 489 474 861 277 617 116 145 2 822 483 799 863 967 520 639 209 632 555 530 680 758 597 451 820 506 934 171 794 77 468 891 827 909 871 848 210 841 89 916 982 462 207 807 971 502 546 921 883 153 659 253 66 363 634 198 120 860 876 382 627 298 180 655 774 633 361 159 667 250 541 573 88 980 907 692 901 467 592 256 569 517 739 85 928 4 182 418 115 297 464 923 864 461 521 394 282 229 353 623 998 629 457 231 975 154 976 917 314 125 786 41 676 435 61 992 882 152 526 499 673 38 775 965 251 964 806 565 436 327 387 701 789 73 968 96 442 94 614 239 248 622 953 420 400 721 71 487 362 762 434 310 384 814 842 287 755 249 167 792 491 645 885 187 101 191 20 264 697 148 469 538 372 637 269 674 872 698 478 98 534 423 165 233 56 377 707 440 763 851 594 663 344 811 139 175 392 743 63 866 524 884 196 823 309 505 486 132 642 237 908 575 204 903 683 427 449 904 147 947 691 577 977 30 745 322 134 669 969 42 781 890 460 138 328 227 930 421 631 999 621 658 3 358 939 179 352 675 580 200 58 772 368 411 962 86 364 386 123 412 216 194 140 313 816 203 955 415 518 92 742 319 784 69 563 414 690 715 606 641 795 99 296 855 636 388 853 355 471 45 578 910 225 650 874 768 812 653 949 501 262 832 956 503 764 810 859 365 515 966 854 846 773 247 554 341 702 635 730 81 912 317 67 441 711 801 865 611 710 144 74 562 113 378 752 104 321 849 307 666 453 723 815 217 780 551 343 337 446 596 374 548 397 604 670 50 574 511 102 946 417 40 662 886 78 360 255 107 447 808 339 276 759 
930 840 804 221 342 290 212 802 791 607 741 572 82 602 677 640 731 595 776 550 857 312 545 131 898 29 243 413 48 241 284 728 510 222 431 681 536 393 694 869 587 713 647 275 833 257 657 17 325 598 527 161 925 80 294 266 918 566 686 936 889 305 868 261 335 21 383 954 11 121 718 172 915 778 935 756 558 389 24 990 356 497 625 410 896 293 149 459 245 809 700 475 22 559 439 122 128 236 679 892 31 260 540 516 995 660 16 862 76 612 488 836 141 665 195 493 522 60 208 722 291 18 914 228 53 746 32 267 819 35 201 105 466 437 824 465 479 626 390 699 805 359 162 881 211 111 54 332 590 91 26 568 232 708 706 183 610 454 292 894 557 306 340 533 234 119 33 170 185 924 724 875 652 734 323 514 157 396 543 281 817 952 259 638 158 498 613 753 246 749 186 906 419 405 49 970 940 769 93 190 199 740 797 714 528 357 23 779 178 900 188 408 472 583 748 897 963 950 379 401 452 738 301 553 108 664 130 747 151 556 55 235 944 444 571 482 14 926 39 1000 430 867 422 535 6 425 265 112 504 373 620 409 336 450 404 837 902 893 46 348 163 961 828 146 733 181 279 937 100 263 957 173 737 785 989 821 899 142 651 736 481 938 790 494 403 564 585 689 283 402 176 684 218 126 726 326 735 72 398 931 219 445 311 576 687 192 705 570 927 787 829 375 168 561 608 244 28 943 537 197 280 268 593 57 289 27 136 624 346 744 591 380 324 118 972 184 509 242 316 584 838 416 295 531 354 95 480 37 15 51 948 456 615 8 303 974 315 630 62 782 986 973 835 129 754 873 682 843 844 428 117 278 643 586 984 878 350 164 155 83 240 286 750 560 678 19 852 370 905 65 544 448 285 473 729 796 59 507 43 496 751 513 109 712 156 672 777 960 87 97 932 492 709 160 338 220 996 616 888 124 166 870 985 988 500 987 671 458 432 720 399 725 826 765 485 646 920 581 803 495 135 44 685 766 330 25 224 369 922 619 103 600 433 567 206 703 407 351 757 648 230 349 490 223 945 532 438 831 933 47 983 512 856 367 760 599 470 993 788 1 695 519 463 618 609 628 110 52 552 539 133 656 9 137 271 308 793 847 114 12 929 704 716 476 529 213 951 106 919 84 542 858 582 376 959 75 36 385 270 304 174 525 391 79 300 880 654 601 771 978 150 997 767 688 589 64 13 318 238 877 329 911 693 226 547 274 333 273 424 34 169 818 825 484 177 991 605 798 5 942 426 272 143 813 994 839 489 474 861 277 617 116 145 2 822 483 799 863 967 520 639 209 632 555 530 680 758 597 451 820 506 934 171 794 77 468 891 827 909 871 848 210 841 89 916 982 462 207 807 971 502 546 921 883 153 659 253 66 363 634 198 120 860 876 382 627 298 180 655 774 633 361 159 667 250 541 573 88 980 907 692 901 467 592 256 569 517 739 85 928 4 182 418 115 297 464 923 864 461 521 394 282 229 353 623 998 629 457 231 975 154 976 917 314 125 786 41 676 435 61 992 882 152 526 499 673 38 775 965 251 964 806 565 436 327 387 701 789 73 968 96 442 94 614 239 248 622 953 420 400 721 71 487 362 762 434 310 384 814 842 287 755 249 167 792 491 645 885 187 101 191 20 264 697 148 469 538 372 637 269 674 872 698 478 98 534 423 165 233 56 377 707 440 763 851 594 663 344 811 139 175 392 743 63 866 524 884 196 823 309 505 486 132 642 237 908 575 204 903 683 427 449 904 147 947 691 577 977 30 745 322 134 669 969 42 781 890 460 138 328 227 930 421 631 999 621 658 3 358 939 179 352 675 580 200 58 772 368 411 962 86 364 386 123 412 216 194 140 313 816 203 955 415 518 92 742 319 784 69 563 414 690 715 606 641 795 99 296 855 636 388 853 355 471 45 578 910 225 650 874 768 812 653 949 501 262 832 956 503 764 810 859 365 515 966 854 846 773 247 554 341 702 635 730 81 912 317 67 441 711 801 865 611 710 144 74 562 113 378 752 104 321 849 307 666 453 723 815 217 780 551 343 337 446 596 374 548 397 604 670 50 574 511 102 946 417 40 662 886 78 360 
199 901 467 592 256 569 517 739 85 928 4 182 418 115 297 464 923 864 461 521 394 282 229 353 623 998 629 457 231 975 154 976 917 314 125 786 41 676 435 61 992 882 152 526 499 673 38 775 965 251 964 806 565 436 327 387 701 789 73 968 96 442 94 614 239 248 622 953 420 400 721 71 487 362 762 434 310 384 814 842 287 755 249 167 792 491 645 885 187 101 191 20 264 697 148 469 538 372 637 269 674 872 698 478 98 534 423 165 233 56 377 707 440 763 851 594 663 344 811 139 175 392 743 63 866 524 884 196 823 309 505 486 132 642 237 908 575 204 903 683 427 449 904 147 947 691 577 977 30 745 322 134 669 969 42 781 890 460 138 328 227 930 421 631 999 621 658 3 358 939 179 352 675 580 200 58 772 368 411 962 86 364 386 123 412 216 194 140 313 816 203 955 415 518 92 742 319 784 69 563 
969 770 252 644 189 90 549 719 395 406 696 579 661 193 7 455 366 320 845 958 834 443 371 840 804 221 342 290 212 802 791 607 741 572 82 602 677 640 731 595 776 550 857 312 545 131 898 29 243 413 48 241 284 728 510 222 431 681 536 393 694 869 587 713 647 275 833 257 657 17 325 598 527 161 925 80 294 266 918 566 686 936 889 305 868 261 335 21 383 954 11 121 718 172 915 778 935 756 558 389 24 990 356 497 625 410 896 293 149 459 245 809 700 475 22 559 439 122 128 236 679 892 31 260 540 516 995 660 16 862 76 612 488 836 141 665 195 493 522 60 208 722 291 18 914 228 53 746 32 267 819 35 201 105 466 437 824 465 479 626 390 699 805 359 162 881 211 111 54 332 590 91 26 568 232 708 706 183 610 454 292 894 557 306 340 533 234 119 33 170 185 924 724 875 652 734 323 514 157 396 543 281 817 952 259 638 158 498 613 753 246 749 186 906 419 405 49 970 940 769 93 190 199 740 797 714 528 357 23 779 178 900 188 408 472 583 748 897 963 950 379 401 452 738 301 553 108 664 130 747 151 556 55 235 944 444 571 482 14 926 39 1000 430 867 422 535 6 425 265 112 504 373 620 409 336 450 404 837 902 893 46 348 163 961 828 146 733 181 279 937 100 263 957 173 737 785 989 821 899 142 651 736 481 938 790 494 403 564 585 689 283 402 176 684 218 126 726 326 735 72 398 931 219 445 311 576 687 192 705 570 927 787 829 375 168 561 608 244 28 943 537 197 280 268 593 57 289 27 136 624 346 744 591 380 324 118 972 184 509 242 316 584 838 416 295 531 354 95 480 37 15 51 948 456 615 8 303 974 315 630 62 782 986 973 835 129 754 873 682 843 844 428 117 278 643 586 984 878 350 164 155 83 240 286 750 560 678 19 852 370 905 65 544 448 285 473 729 796 59 507 43 496 751 513 109 712 156 672 777 960 87 97 932 492 709 160 338 220 996 616 888 124 166 870 985 988 500 987 671 458 432 720 399 725 826 765 485 646 920 581 803 495 135 44 685 766 330 25 224 369 922 619 103 600 433 567 206 703 407 351 757 648 230 349 490 223 945 532 438 831 933 47 983 512 856 367 760 599 470 993 788 1 695 519 463 618 609 628 110 52 552 539 133 656 9 137 271 308 793 847 114 12 929 704 716 476 529 213 951 106 919 84 542 858 582 376 959 75 36 385 270 304 174 525 391 79 300 880 654 601 771 978 150 997 767 688 589 64 13 318 238 877 329 911 693 226 547 274 333 273 424 34 169 818 825 484 177 991 605 798 5 942 426 272 143 813 994 839 489 474 861 277 617 116 145 2 822 483 799 863 967 520 639 209 632 555 530 680 758 597 451 820 506 934 171 794 77 468 891 827 909 871 848 210 841 89 916 982 462 207 807 971 502 546 921 883 153 659 253 66 363 634 198 120 860 876 382 627 298 180 655 774 633 361 159 667 250 541 573 88 980 907 692 901 467 592 256 569 517 739 85 928 4 182 418 115 297 464 923 864 461 521 394 282 229 353 623 998 629 457 231 975 154 976 917 314 125 786 41 676 435 61 992 882 152 526 499 673 38 775 965 251 964 806 565 436 327 387 701 789 73 968 96 442 94 614 239 248 622 953 420 400 721 71 487 362 762 434 310 384 814 842 287 755 249 167 792 491 645 885 187 101 191 20 264 697 148 469 538 372 637 269 674 872 698 478 98 534 423 165 233 56 377 707 440 763 851 594 663 344 811 139 175 392 743 63 866 524 884 196 823 309 505 486 132 642 237 908 575 204 903 683 427 449 904 147 947 691 577 977 30 745 322 134 669 969 42 781 890 460 138 328 227 930 421 631 999 621 658 3 358 939 179 352 675 580 200 58 772 368 411 962 86 364 386 123 412 216 194 140 313 816 203 955 415 518 92 742 319 784 69 563 414 690 715 606 641 795 99 296 855 636 388 853 355 471 45 578 910 225 650 874 768 812 653 949 501 262 832 956 503 764 810 859 365 515 966 854 846 773 247 554 341 702 635 730 81 912 317 67 441 711 801 865 611 710 144 74 562 113 378 752 104 321 849 307 666 453 723 815 217 780 551 343 337 446 596 374 548 397 604 670 50 574 511 102 946 417 40 662 886 78 360 255 107 447 808 339 276 759 981 649 979 302 732 202 941 783 429 347 
520 647 275 833 257 657 17 325 598 527 161 925 80 294 266 918 566 686 936 889 305 868 261 335 21 383 954 11 121 718 172 915 778 935 756 558 389 24 990 356 497 625 410 896 293 149 459 245 809 700 475 22 559 439 122 128 236 679 892 31 260 540 516 995 660 16 862 76 612 488 836 141 665 195 493 522 60 208 722 291 18 914 228 53 746 32 267 819 35 201 105 466 437 824 465 479 626 390 699 805 359 162 881 211 111 54 332 590 91 26 568 232 708 706 183 610 454 292 894 557 306 340 533 234 119 33 170 185 924 724 875 652 734 323 514 157 396 543 281 817 952 259 638 158 498 613 753 246 749 186 906 419 405 49 970 940 769 93 190 199 740 797 714 528 357 23 779 178 900 188 408 472 583 748 897 963 950 379 401 452 738 301 553 108 664 130 747 151 556 55 235 944 444 571 482 14 926 39 1000 430 867 422 535 6 425 265 112 504 373 620 409 336 450 404 837 902 893 46 348 163 961 828 146 733 181 279 937 100 263 957 173 737 785 989 821 899 142 651 736 481 938 790 494 403 564 585 689 283 402 176 684 218 126 726 326 735 72 398 931 219 445 311 576 687 192 705 570 927 787 829 375 168 561 608 244 28 943 537 197 280 268 593 57 289 27 136 624 346 744 591 380 324 118 972 184 509 242 316 584 838 416 295 531 354 95 480 37 15 51 948 456 615 8 303 974 315 630 62 782 986 973 835 129 754 873 682 843 844 428 117 278 643 586 984 878 350 164 155 83 240 286 750 560 678 19 852 370 905 65 544 448 285 473 729 796 59 507 43 496 751 513 109 712 156 672 777 960 87 97 932 492 709 160 338 220 996 616 888 124 166 870 985 988 500 987 671 458 432 720 399 725 826 765 485 646 920 581 803 495 135 44 685 766 330 25 224 369 922 619 103 600 433 567 206 703 407 351 757 648 230 349 490 223 945 532 438 831 933 47 983 512 856 367 760 599 470 993 788 1 695 519 463 618 609 628 110 52 552 539 133 656 9 137 271 308 793 847 114 12 929 704 716 476 529 213 951 106 919 84 542 858 582 376 959 75 36 385 270 304 174 525 391 79 300 880 654 601 771 978 150 997 767 688 589 64 13 318 238 877 329 911 693 226 547 274 333 273 424 34 169 818 825 484 177 991 605 798 5 942 426 272 
384 13 318 238 877 329 911 693 226 547 274 333 273 424 34 169 818 825 484 177 991 605 798 5 942 426 272 143 813 994 839 489 474 861 277 617 116 145 2 822 483 799 863 967 520 639 209 632 555 530 680 758 597 451 820 506 934 171 794 77 468 891 827 909 871 848 210 841 89 916 982 462 207 807 971 502 546 921 883 153 659 253 66 363 634 198 120 860 876 382 627 298 180 655 774 633 361 159 667 250 541 573 88 980 907 692 901 467 592 256 569 517 739 85 928 4 182 418 115 297 464 923 864 461 521 394 282 229 353 623 998 629 457 231 975 154 976 917 314 125 786 41 676 435 61 992 882 152 526 499 673 38 775 965 251 964 806 565 436 327 387 701 789 73 968 96 442 94 614 239 248 622 953 420 400 721 71 487 362 762 434 310 384 814 842 287 755 249 167 792 491 645 885 187 101 191 20 264 697 148 469 538 372 637 269 674 872 698 478 98 534 423 165 233 56 377 707 440 763 851 594 663 344 811 139 175 392 743 63 866 524 884 196 823 309 505 486 132 642 237 908 575 204 903 683 427 449 904 147 947 691 577 977 30 745 322 134 669 969 42 781 890 460 138 328 227 930 421 631 999 621 658 3 358 939 179 352 675 580 200 58 772 368 411 962 86 364 386 123 412 216 194 140 313 816 203 955 415 518 92 742 319 784 69 563 414 690 715 606 641 795 99 296 855 636 388 853 355 471 45 578 910 225 650 874 768 812 653 949 501 262 832 956 503 764 810 859 365 515 966 854 846 773 247 554 341 702 635 730 81 912 317 67 441 711 801 865 611 710 144 74 562 113 378 752 104 321 849 307 666 453 723 815 217 780 551 343 337 446 596 374 548 397 604 670 
871 607 741 572 82 602 677 640 731 595 776 550 857 312 545 131 898 29 243 413 48 241 284 728 510 222 431 681 536 393 694 869 587 713 647 275 833 257 657 17 325 598 527 161 925 80 294 266 918 566 686 936 889 305 868 261 335 21 383 954 11 121 718 172 915 778 935 756 558 389 24 990 356 497 625 410 896 293 149 459 245 809 700 475 22 559 439 122 128 236 679 892 31 260 540 516 995 660 16 862 76 612 488 836 141 665 195 493 522 60 208 722 291 18 914 228 53 746 32 267 819 35 201 105 466 437 824 465 479 626 390 699 805 359 162 881 211 111 54 332 590 91 26 568 232 708 706 183 610 454 292 894 557 306 340 533 234 119 33 170 185 924 724 875 652 734 323 514 157 396 543 281 817 952 259 638 158 498 613 753 246 749 186 906 419 405 49 970 940 769 93 190 199 740 797 714 528 357 23 779 178 900 188 408 472 583 748 897 963 950 379 401 452 738 301 553 108 664 130 747 151 556 55 235 944 444 571 482 14 926 39 1000 430 867 422 535 6 425 265 112 504 373 620 409 336 450 404 837 902 893 46 348 163 961 828 146 733 181 279 937 100 263 957 173 737 785 989 821 899 142 651 736 481 938 790 494 403 564 585 689 283 402 176 684 218 126 726 326 735 72 398 931 219 445 311 576 687 192 705 570 927 787 829 375 168 561 608 244 28 943 537 197 280 268 593 57 289 27 136 624 346 744 591 380 324 118 972 184 509 242 316 584 838 416 295 531 354 95 480 37 15 51 948 456 615 8 303 974 315 630 62 782 986 973 835 129 754 873 682 843 844 428 117 278 643 586 984 878 350 164 155 83 240 286 750 560 678 19 852 370 905 65 544 448 285 473 729 796 59 507 43 496 751 513 109 712 156 672 777 960 87 97 932 492 709 160 338 220 996 616 888 124 166 870 985 988 500 987 671 458 432 720 399 725 826 765 485 646 920 581 803 495 135 44 685 766 330 25 224 369 922 619 103 600 433 567 206 703 407 351 757 648 230 349 490 223 945 532 438 831 933 47 983 512 856 367 760 599 470 993 788 1 695 519 463 618 609 628 110 52 552 539 133 656 9 137 271 308 793 847 114 12 929 704 716 476 529 213 951 106 919 84 542 858 582 376 959 75 36 385 270 304 174 525 391 79 300 880 654 601 771 978 150 997 767 688 589 64 13 318 238 877 329 911 693 226 547 274 333 273 424 34 169 818 825 484 177 991 605 798 5 942 426 272 143 813 994 839 489 474 861 277 617 116 145 2 822 483 799 863 967 520 639 209 632 555 530 680 758 597 451 820 506 934 171 794 77 468 891 827 909 871 848 210 841 89 916 982 462 207 807 971 502 546 921 883 153 659 253 66 363 634 198 120 860 876 382 627 298 180 655 774 633 361 159 667 250 541 573 88 980 907 692 901 467 592 256 569 517 739 85 928 4 182 418 115 297 464 923 864 461 521 394 282 229 353 623 998 629 457 231 975 154 976 917 314 125 786 41 676 435 61 992 882 152 526 499 673 38 775 965 251 964 806 565 436 327 387 701 789 73 968 96 442 94 614 239 248 622 953 420 400 721 71 487 362 762 434 310 384 814 842 287 755 249 167 792 491 645 885 187 101 191 20 264 697 148 469 538 372 637 269 674 872 698 478 98 534 423 165 233 56 377 707 440 763 851 594 663 344 811 139 175 392 743 63 866 524 884 196 823 309 505 486 132 642 237 908 575 204 903 683 427 449 904 147 947 691 577 977 30 745 322 134 669 969 42 781 890 460 138 328 227 930 421 631 999 621 658 3 358 939 179 352 675 580 200 58 772 368 411 962 86 364 386 123 412 216 194 140 313 816 203 955 415 518 92 742 319 784 69 563 414 690 715 606 641 795 99 296 855 636 388 853 355 471 45 578 910 225 650 874 768 812 653 949 501 262 832 956 503 764 810 859 365 515 966 854 846 773 247 554 
199 100 263 957 173 737 785 989 821 899 142 651 736 481 938 790 494 403 564 585 689 283 402 176 684 218 126 726 326 735 72 398 931 219 445 311 576 687 192 705 570 927 787 829 375 168 561 608 244 28 943 537 197 280 268 593 57 289 27 136 624 346 744 591 380 324 118 972 184 509 242 316 584 838 416 295 531 354 95 480 37 15 51 948 456 615 8 303 974 315 630 62 782 986 973 835 129 754 873 682 843 844 428 117 278 643 586 984 878 350 164 155 83 240 286 750 560 678 19 852 370 905 65 544 448 285 473 729 796 59 507 43 496 751 513 109 712 156 672 777 960 87 97 932 492 709 160 338 220 996 616 888 124 166 870 985 988 500 987 671 458 432 720 399 725 826 765 485 646 920 581 803 495 135 44 685 766 330 25 224 369 922 619 103 600 433 567 206 703 407 351 757 648 230 349 490 223 945 532 438 
280 844 428 117 278 643 586 984 878 350 164 155 83 240 286 750 560 678 19 852 370 905 65 544 448 285 473 729 796 59 507 43 496 751 513 109 712 156 672 777 960 87 97 932 492 709 160 338 220 996 616 888 124 166 870 985 988 500 987 671 458 432 720 399 725 826 765 485 646 920 581 803 495 135 44 685 766 330 25 224 369 922 619 103 600 433 567 206 703 407 351 757 648 230 349 490 223 945 532 438 831 933 47 983 512 856 367 760 599 470 993 788 1 695 519 463 618 609 628 110 52 552 539 133 656 9 137 271 308 793 847 114 12 929 704 716 476 529 213 951 106 919 84 542 858 582 376 959 75 36 385 270 304 174 525 391 79 300 880 654 601 771 978 150 997 767 688 589 64 13 318 238 877 329 911 693 226 547 274 333 273 424 34 169 818 825 484 177 991 605 798 5 942 426 272 143 813 994 839 489 474 861 277 617 116 145 2 822 483 799 863 967 520 639 209 632 555 530 680 758 597 451 820 506 934 171 794 77 468 891 827 909 871 848 210 841 89 916 982 462 207 807 971 502 546 921 883 153 659 253 66 363 634 198 120 860 876 382 627 298 180 655 774 633 361 159 667 250 541 573 88 980 907 692 901 467 592 256 569 517 739 
26 713 647 275 833 257 657 17 325 598 527 161 925 80 294 266 918 566 686 936 889 305 868 261 335 21 383 
87 48 241 284 728 510 222 431 681 536 393 694 869 587 713 647 275 833 257 657 17 325 598 527 161 925 80 294 266 918 566 686 936 889 305 868 261 335 21 383 954 11 121 718 172 915 778 935 756 558 389 24 990 356 497 625 410 896 293 149 459 245 809 700 475 22 559 439 122 128 236 679 892 31 260 540 516 995 660 16 862 76 612 488 836 141 665 195 
431 232 708 706 183 610 454 292 894 557 306 340 533 234 119 33 170 185 924 724 875 652 734 323 514 157 396 543 281 817 952 259 638 158 498 613 753 246 749 186 906 419 405 49 970 940 769 93 190 199 740 797 714 528 357 23 779 178 900 188 408 472 583 748 897 963 950 379 401 452 738 301 553 108 664 130 747 151 556 55 235 944 444 571 482 14 926 39 1000 430 867 422 535 6 425 265 112 504 373 620 409 336 450 404 837 902 893 46 348 163 961 828 146 733 181 279 937 100 263 957 173 737 785 989 821 899 142 651 736 481 938 790 494 403 564 585 689 283 402 176 684 218 126 726 326 735 72 398 931 219 445 311 576 687 192 705 570 927 787 829 375 168 561 608 244 28 943 537 197 280 268 593 57 289 27 136 624 346 744 591 380 324 118 972 184 509 242 316 584 838 416 295 531 354 95 480 37 15 51 948 456 615 8 303 974 315 630 62 782 986 973 835 129 754 873 682 843 844 428 117 278 643 586 984 878 350 164 155 83 240 286 750 560 678 19 852 370 905 65 544 448 285 473 729 796 59 507 43 496 751 513 109 712 156 672 777 960 87 97 932 492 709 160 338 220 996 616 888 124 166 870 985 988 500 987 671 458 432 720 399 725 826 765 485 646 920 581 803 495 135 44 685 766 330 25 224 369 922 619 103 600 433 567 206 703 407 351 757 648 230 349 490 223 945 532 438 831 933 47 983 512 856 367 760 599 470 993 788 1 695 519 463 618 609 628 110 52 552 539 133 656 9 137 271 308 793 847 114 12 929 704 716 476 529 213 951 106 919 84 542 858 582 376 959 75 36 385 270 304 174 525 391 79 300 880 654 601 771 978 150 997 767 688 589 64 13 318 238 877 329 911 693 226 547 274 333 273 424 34 169 818 825 484 177 991 605 798 5 942 426 272 143 813 994 839 489 474 861 277 617 116 145 2 822 483 799 863 967 520 639 209 632 
387 371 840 804 221 342 290 212 802 791 607 741 572 82 602 677 640 731 595 776 550 857 312 545 131 898 29 243 413 48 241 284 728 510 222 431 681 536 393 694 869 587 713 647 275 833 257 657 17 325 598 527 161 925 80 294 266 918 566 686 936 889 305 868 261 335 21 383 954 11 121 718 172 915 778 935 756 558 389 24 990 356 497 625 410 896 293 149 459 245 809 700 475 22 559 439 122 128 236 679 892 31 260 540 516 995 660 16 862 76 612 488 836 141 665 195 493 522 60 208 722 291 18 914 228 53 746 32 267 819 35 201 105 466 437 824 465 479 626 390 699 805 359 162 881 211 111 54 332 590 91 26 568 232 708 706 183 610 454 292 894 557 306 340 533 234 119 33 170 185 924 724 875 652 734 323 514 157 396 543 281 817 952 259 638 158 498 613 753 246 749 186 906 419 405 49 970 940 769 93 190 199 740 797 714 528 357 23 779 178 900 188 408 472 583 748 897 963 950 379 401 452 738 301 553 108 664 130 747 151 556 55 235 944 444 571 482 14 926 39 1000 430 867 422 535 6 425 265 112 504 373 620 409 336 450 404 837 902 893 46 348 163 961 828 146 733 181 279 937 100 263 957 173 737 785 989 821 899 142 651 736 481 938 790 494 403 564 585 689 283 402 176 684 218 126 726 326 735 72 398 931 219 445 311 576 687 192 705 570 927 787 829 375 168 561 608 244 28 943 537 197 280 268 593 57 289 27 136 624 346 744 591 380 324 118 972 184 509 242 316 584 838 416 295 531 354 95 480 37 15 51 948 456 615 8 303 974 315 630 62 782 986 973 835 129 754 873 682 843 844 428 117 278 643 586 984 878 350 164 155 83 240 286 750 560 678 19 852 
365 640 731 595 776 550 857 312 545 131 898 29 243 413 48 241 284 728 510 222 431 681 536 393 694 869 587 713 647 275 833 257 657 17 325 598 527 161 925 80 294 266 918 566 686 936 889 305 868 261 335 21 383 954 11 121 718 172 915 778 935 756 558 389 24 990 356 497 625 410 896 293 149 459 245 809 700 475 22 559 439 122 128 236 679 892 31 260 540 516 995 660 16 862 76 612 488 836 141 665 195 493 522 60 208 722 291 18 914 228 53 746 32 267 819 35 201 105 466 437 824 465 479 626 390 699 805 359 162 881 211 111 54 332 590 91 26 568 232 708 706 183 610 454 292 894 557 306 340 533 234 119 33 170 185 924 724 875 652 734 323 514 157 396 543 281 817 952 259 638 158 498 613 753 246 749 186 906 419 405 49 970 940 769 93 190 199 740 797 714 528 357 23 779 178 900 188 408 472 583 748 897 963 950 379 401 452 738 301 553 108 664 130 747 151 556 55 235 944 444 571 482 14 926 39 1000 430 867 422 535 6 425 265 112 504 373 620 409 336 450 404 837 902 893 46 348 163 961 828 146 733 181 279 937 100 263 957 173 737 785 989 821 899 142 651 736 481 938 790 494 403 564 585 689 283 402 176 684 218 126 726 326 735 72 398 931 219 445 311 576 687 192 705 570 927 787 829 375 168 561 608 244 28 943 537 197 280 268 593 57 289 27 136 624 346 744 591 380 324 118 972 184 509 242 316 584 838 416 295 531 354 95 480 37 15 51 948 456 615 8 303 974 315 630 62 782 986 973 835 129 754 873 682 843 844 428 117 278 643 586 984 878 350 164 155 83 
12 606 641 795 99 296 855 636 388 853 355 471 45 
819 312 545 131 898 29 243 413 48 241 284 728 510 222 431 681 536 393 694 869 587 713 647 275 833 257 657 17 325 598 527 161 925 80 294 266 918 566 686 936 889 305 868 261 335 21 383 954 11 121 718 172 915 778 935 756 558 389 24 990 356 497 625 410 896 293 149 459 245 809 700 475 22 559 439 122 128 236 679 892 31 260 540 516 995 660 16 862 76 612 488 836 141 665 195 493 522 60 208 722 291 18 914 228 53 746 32 267 819 35 201 105 466 437 824 465 479 626 390 699 805 359 162 881 211 111 54 332 590 91 26 568 232 708 706 183 610 454 292 894 557 306 340 533 234 119 33 170 185 924 724 875 652 734 323 514 157 396 543 281 817 952 259 638 158 498 613 753 246 749 186 906 419 405 49 970 940 769 93 190 199 740 797 714 528 357 23 779 178 900 188 408 472 583 748 897 963 950 379 401 452 738 301 553 108 664 130 747 151 556 55 235 944 444 571 482 14 926 39 1000 430 867 422 535 6 425 265 112 504 373 620 409 336 450 404 837 902 893 46 348 163 961 828 146 733 181 279 937 100 263 957 173 737 785 989 821 899 142 651 736 481 938 790 494 403 564 585 689 283 402 176 684 218 126 726 326 735 72 398 931 219 445 311 576 687 192 705 570 927 787 829 375 168 561 608 244 28 943 537 197 280 268 593 57 289 27 136 624 346 744 591 380 324 118 972 184 509 242 316 584 838 416 295 531 354 95 480 37 15 51 948 456 615 8 303 974 315 630 62 782 986 973 835 129 754 873 682 843 844 428 117 278 643 586 984 878 350 164 155 83 240 286 750 560 678 19 852 370 905 65 544 448 285 473 729 796 59 507 43 496 751 513 109 712 156 672 777 960 87 97 932 492 709 160 338 220 996 616 888 124 166 870 985 988 500 987 671 458 432 720 399 725 826 765 485 646 920 581 803 495 135 44 685 766 330 25 224 369 922 619 103 600 433 567 206 703 407 351 757 648 230 349 490 223 945 532 438 831 933 47 983 512 856 367 760 599 470 993 788 1 695 519 463 618 609 628 110 52 552 539 133 656 9 137 271 308 793 847 114 12 929 704 716 476 529 213 951 106 919 84 542 858 582 376 959 75 36 385 270 304 174 525 391 79 300 880 654 601 771 978 150 997 767 688 589 64 13 318 238 877 329 911 693 226 547 274 333 273 424 34 169 818 825 484 177 991 605 798 5 942 426 272 143 813 994 839 489 474 861 277 617 116 145 2 822 483 799 863 967 520 639 209 632 555 530 680 758 597 451 820 506 934 171 794 77 468 891 827 909 871 848 210 841 89 916 982 462 207 807 971 502 546 921 883 153 659 253 66 363 634 198 120 860 876 382 627 298 180 655 774 633 361 159 667 250 541 573 88 980 907 692 901 467 592 256 569 517 739 85 928 4 182 418 115 297 464 923 864 461 521 394 282 229 353 623 998 629 457 231 975 154 976 917 314 125 786 41 676 435 61 992 882 152 526 499 673 38 775 965 251 964 806 565 436 327 387 701 789 73 968 96 442 94 614 239 248 622 953 420 400 721 71 487 362 762 434 310 384 814 842 287 755 249 167 792 491 645 885 187 101 191 20 264 697 148 469 538 372 637 269 674 872 698 478 98 534 423 165 233 56 377 707 440 763 851 594 663 344 811 139 175 392 743 63 866 524 884 196 823 309 505 486 132 642 237 908 575 204 903 683 427 449 904 147 947 691 577 977 30 745 322 134 669 969 42 781 890 460 138 328 227 930 421 631 999 621 658 3 358 939 179 352 675 580 200 58 772 368 411 962 86 364 386 123 412 216 194 140 313 816 203 955 415 518 92 742 319 784 69 563 
959 90 549 719 395 406 696 579 661 193 7 455 366 320 845 958 834 443 371 840 804 221 342 290 212 802 791 607 741 572 82 602 677 640 731 595 776 550 857 312 545 131 898 29 243 413 48 241 284 728 510 222 431 681 536 393 694 869 587 713 647 275 833 257 657 17 325 598 527 161 925 80 294 266 918 566 686 936 889 305 868 261 335 21 383 954 11 121 718 172 915 778 935 756 558 389 24 990 356 497 625 410 896 293 149 459 245 809 700 475 22 559 439 122 128 236 679 892 31 260 540 516 995 660 16 862 76 612 488 836 141 665 195 493 522 60 208 722 291 18 914 228 53 746 32 267 819 35 201 105 466 437 824 465 479 626 390 699 805 359 162 881 211 111 54 332 590 91 26 568 232 708 706 183 610 454 292 894 557 306 340 533 234 119 33 170 185 924 724 875 652 734 323 514 157 396 543 281 817 952 259 638 158 498 613 753 246 749 186 906 419 405 49 970 940 769 93 190 199 740 797 714 528 357 23 779 178 900 188 408 472 583 748 897 963 950 379 401 452 738 301 553 108 664 130 747 151 556 55 235 944 444 571 482 14 926 39 1000 430 867 422 535 6 425 265 112 504 373 620 409 336 450 404 837 902 893 46 348 163 961 828 146 733 181 279 937 100 263 957 173 737 785 989 821 899 142 651 736 481 938 790 494 403 564 585 689 283 402 176 684 218 126 726 326 735 72 398 931 219 445 311 576 687 192 705 570 927 787 829 375 168 561 608 244 28 943 537 197 280 268 593 57 289 27 136 624 346 744 591 380 324 118 972 184 509 242 316 584 838 416 295 531 354 95 480 37 15 51 948 456 615 8 303 974 315 630 62 782 986 973 835 129 754 873 682 843 844 428 117 278 643 586 984 878 350 164 155 83 240 286 750 560 678 19 852 370 905 65 544 448 285 473 729 796 59 507 43 496 751 513 109 712 156 672 777 960 87 97 932 492 709 160 338 220 996 616 888 124 166 870 985 988 500 987 671 458 432 720 399 725 826 765 485 646 920 581 803 495 135 44 685 766 330 25 224 369 922 619 103 600 433 567 206 703 407 351 757 648 230 349 490 223 945 532 438 831 933 47 983 512 856 367 760 599 470 993 788 1 695 519 463 618 609 628 110 52 552 539 133 656 9 137 271 308 793 847 114 12 929 704 716 476 529 213 951 106 919 84 542 858 582 376 959 75 36 385 270 304 174 525 391 79 300 880 654 601 771 978 150 997 767 688 589 64 13 318 238 877 329 911 693 226 547 274 333 273 424 34 169 818 825 484 177 991 605 798 5 942 426 272 143 813 994 839 489 474 861 277 617 116 145 2 822 483 799 863 967 520 639 209 632 555 530 680 758 597 451 820 506 934 171 794 77 468 891 827 909 871 848 210 841 89 916 982 462 207 807 971 502 546 921 883 153 659 253 66 363 634 198 120 860 876 382 627 298 180 655 774 633 361 159 667 250 541 573 88 980 907 692 901 467 592 256 569 517 739 85 928 4 182 418 115 297 464 923 864 461 521 394 282 229 353 623 998 629 457 231 975 154 976 917 314 125 786 41 676 435 61 992 882 152 526 499 673 38 775 965 251 964 806 565 436 327 387 701 789 73 968 96 442 94 614 239 248 622 953 420 400 721 71 487 362 762 434 310 384 814 842 287 755 249 167 792 491 645 885 187 101 191 20 264 697 148 469 538 372 637 269 674 872 698 478 98 534 423 165 233 56 377 707 440 763 851 594 663 344 811 139 175 392 743 63 866 524 884 196 823 309 505 486 132 642 237 908 575 204 903 683 427 449 904 147 947 691 577 977 30 745 322 134 669 969 42 781 890 460 138 328 227 930 421 631 999 621 658 3 358 939 179 352 675 580 200 58 772 368 411 962 86 364 386 123 412 216 194 140 313 816 203 955 415 518 92 742 319 784 69 563 414 690 715 606 641 795 99 296 855 636 388 853 355 471 45 578 910 225 650 874 768 812 653 949 501 262 832 956 503 764 810 859 365 515 966 854 846 773 247 554 341 702 635 730 81 912 317 67 441 711 801 865 611 710 144 74 562 113 378 752 104 321 849 307 666 453 723 815 217 780 551 343 337 446 596 374 548 397 604 670 50 574 511 102 946 417 40 662 886 78 360 255 107 447 808 339 276 759 981 649 979 302 
175 968 96 442 94 614 239 248 622 953 420 400 721 71 487 362 762 434 310 384 814 842 287 755 249 167 792 491 645 885 187 101 191 20 264 697 148 469 538 372 637 269 674 872 698 478 98 534 423 165 233 56 377 707 440 763 851 594 663 344 811 139 175 392 743 63 866 524 884 196 823 309 505 486 132 642 237 908 575 204 903 683 427 449 904 147 947 691 577 977 30 745 322 134 669 969 42 781 890 460 138 328 227 930 421 631 999 621 658 3 358 939 179 352 675 580 200 58 772 368 411 962 86 364 386 123 412 216 194 140 313 816 203 955 415 518 92 742 319 784 69 563 414 690 715 606 641 795 99 296 855 636 388 853 355 471 45 578 910 225 650 874 768 812 653 949 501 262 832 956 503 764 810 859 365 515 
343 14 926 39 1000 430 867 422 535 6 425 265 112 504 373 620 409 336 450 404 837 902 893 46 348 163 961 828 146 733 181 279 937 100 263 957 173 737 785 989 821 899 142 651 736 481 938 790 494 403 564 585 689 283 402 176 684 218 126 726 326 735 72 398 931 219 445 311 576 687 192 705 570 927 787 829 375 168 561 608 244 28 943 537 197 280 268 593 57 289 27 136 624 346 744 591 380 324 118 972 184 509 242 316 584 838 416 295 531 354 95 480 37 15 51 948 456 615 8 303 974 315 630 62 782 986 973 835 129 754 873 682 843 844 428 117 278 643 586 984 878 350 164 155 83 240 286 750 560 678 19 852 370 905 65 544 448 285 473 729 796 59 507 43 496 751 513 109 712 156 672 777 960 87 97 932 492 709 160 338 220 996 616 888 124 166 870 985 988 500 987 671 458 432 720 399 725 826 765 485 646 920 581 803 495 135 44 685 766 330 25 224 369 922 619 103 600 433 567 206 703 407 351 757 648 230 349 490 223 945 532 438 831 933 47 983 512 856 367 760 599 470 993 788 1 695 519 463 618 609 628 110 52 552 539 133 656 9 137 271 308 793 847 114 12 929 704 716 476 529 213 951 106 919 84 542 858 582 376 959 75 36 385 270 304 174 525 391 79 300 880 654 601 771 978 150 997 767 688 589 64 13 318 238 877 329 911 693 226 547 274 333 273 424 34 169 818 825 484 177 991 605 798 5 942 426 272 143 813 994 839 489 474 861 277 617 116 145 2 822 483 799 863 967 
337 694 869 587 713 647 275 833 257 657 17 325 598 527 161 925 80 294 266 918 566 686 936 889 305 868 261 335 21 383 954 11 121 718 172 915 778 935 756 558 389 24 990 356 497 625 410 896 293 149 459 245 809 700 475 22 559 439 122 128 236 679 892 31 260 540 516 995 660 16 862 76 612 488 836 141 665 195 493 522 60 208 722 291 18 914 228 53 746 32 267 819 35 201 105 466 437 824 465 479 626 390 699 805 359 162 881 211 111 54 332 590 91 26 568 232 708 706 183 610 454 292 894 557 306 340 533 234 119 33 170 185 924 724 875 652 734 323 514 157 396 543 281 817 952 259 638 158 498 613 753 246 749 186 906 419 405 49 970 940 769 93 190 199 740 797 714 528 357 23 779 178 900 188 408 472 583 748 897 963 950 379 401 452 738 301 553 108 664 130 747 151 556 55 235 944 444 571 482 14 926 39 1000 430 867 422 535 6 425 265 112 504 373 620 409 336 450 404 837 902 893 46 348 163 961 828 146 733 181 279 937 100 263 957 173 737 785 989 821 899 142 651 736 481 938 790 494 403 564 585 689 283 402 176 684 218 126 726 326 735 72 398 931 219 445 311 576 687 192 705 570 927 787 829 375 168 561 608 244 28 943 537 197 280 268 593 57 289 27 136 624 346 744 591 380 324 118 972 184 509 242 316 584 838 416 295 531 354 95 480 37 15 51 948 456 615 8 303 974 315 630 62 782 986 973 835 129 754 873 682 843 844 428 117 278 643 586 984 
437 406 696 579 661 193 7 455 366 320 845 958 834 443 371 840 804 221 342 290 212 802 791 607 741 572 82 602 677 640 731 595 776 550 857 312 545 131 898 29 243 413 48 241 284 728 510 222 431 681 536 393 694 869 587 713 647 275 833 257 657 17 325 598 527 161 925 80 294 266 918 566 686 936 889 305 868 261 335 21 383 954 11 121 718 172 915 778 935 756 558 389 24 990 356 497 625 410 896 293 149 459 245 809 700 475 22 559 439 122 128 236 679 892 31 260 540 516 995 660 16 862 76 612 488 836 141 665 195 493 522 60 208 722 291 18 914 228 53 746 32 267 819 35 201 105 466 437 824 465 479 626 390 699 805 359 162 881 211 111 54 332 590 91 26 568 232 708 706 183 610 454 292 894 557 306 340 533 234 119 33 170 185 924 724 875 652 734 323 514 157 396 543 281 817 952 259 638 158 498 613 753 246 749 186 906 419 405 49 970 940 769 93 190 199 740 797 714 528 357 23 779 178 900 188 408 472 583 748 897 963 950 379 401 452 738 301 553 108 664 130 747 151 556 55 235 944 444 571 482 14 926 39 1000 430 867 422 535 6 425 265 112 504 373 620 409 336 450 404 837 902 893 46 348 163 961 828 146 733 181 279 937 100 263 957 173 737 785 989 821 899 142 651 736 481 938 790 494 403 564 585 689 283 402 176 684 218 126 726 326 735 72 398 931 219 445 311 576 687 192 705 570 927 787 829 375 168 561 608 244 28 943 537 197 280 268 593 57 289 27 136 624 346 744 591 380 324 118 972 184 509 242 316 584 838 416 295 531 354 95 480 37 15 51 948 456 615 8 303 974 315 630 62 782 986 973 835 129 754 873 682 843 844 428 117 278 643 586 984 878 350 164 155 83 240 286 750 560 678 19 852 370 905 65 544 448 285 473 729 796 59 507 43 496 751 513 109 712 156 672 777 960 87 97 932 492 709 160 338 220 996 616 888 124 166 870 985 988 
782 833 257 657 17 325 598 527 161 925 80 294 266 918 566 686 936 889 305 868 261 335 21 383 954 11 121 718 172 915 778 935 756 558 389 24 990 356 497 625 410 896 293 149 459 245 809 700 475 22 559 439 122 128 236 679 892 31 260 540 516 995 660 16 862 76 612 488 836 141 665 195 493 522 60 208 722 291 18 914 228 53 746 32 267 819 35 201 105 466 437 824 465 479 626 390 699 805 359 162 881 211 111 54 332 590 91 26 568 232 708 706 183 610 454 292 894 557 306 340 533 234 119 33 170 185 924 724 875 652 734 323 514 157 396 543 281 817 952 259 638 158 498 613 753 246 749 186 906 419 405 49 970 940 769 93 190 199 740 797 714 528 357 23 779 178 900 188 408 472 583 748 897 963 950 379 401 452 738 301 553 108 664 130 747 151 556 55 235 944 444 571 482 14 926 39 1000 430 867 422 535 6 425 265 112 504 373 620 409 336 450 404 837 902 893 46 348 163 961 828 146 733 181 279 937 100 263 957 173 737 785 989 821 899 142 651 736 481 938 790 494 403 564 585 689 283 402 176 684 218 126 726 326 735 72 398 931 219 445 311 576 687 192 705 570 927 787 829 375 168 561 608 244 28 943 537 197 280 268 593 57 289 27 136 624 346 744 591 380 324 118 972 184 509 242 316 584 838 416 295 531 354 95 480 37 15 51 948 456 615 8 303 974 315 630 62 782 986 973 835 129 754 873 682 843 844 428 117 278 643 586 984 878 350 164 155 83 240 286 750 560 678 19 852 370 905 65 544 448 285 473 729 796 59 507 43 496 751 513 109 712 156 672 777 960 87 97 932 492 709 160 338 220 996 616 888 124 166 870 985 988 500 987 671 458 432 720 399 725 826 765 485 646 920 581 803 495 135 44 685 766 330 25 224 369 922 619 103 600 433 567 206 703 407 351 757 648 230 349 490 223 945 532 438 831 933 47 983 512 856 367 760 599 470 993 788 1 695 519 463 618 609 628 110 52 552 539 133 656 9 137 271 308 793 847 114 12 929 704 716 476 529 213 951 106 919 84 542 858 582 376 959 75 36 385 270 304 174 525 391 79 300 880 654 601 771 978 150 997 767 688 589 64 13 318 238 877 329 911 693 226 547 274 333 273 424 34 169 818 825 484 177 991 605 798 5 942 426 272 143 813 994 839 489 474 861 277 617 116 145 2 822 483 799 863 967 520 639 209 632 555 530 680 758 597 451 820 506 934 171 794 77 468 891 827 909 871 848 210 841 89 916 982 462 207 807 971 502 546 921 883 153 659 253 66 363 634 198 120 860 876 382 627 298 180 655 774 633 361 159 667 250 541 573 88 980 907 692 901 467 592 256 569 517 739 85 928 4 182 418 115 297 464 923 864 461 521 394 282 229 353 623 998 629 457 231 975 154 976 917 314 125 786 41 676 435 61 992 882 152 526 499 673 38 775 965 251 964 806 565 436 327 387 701 789 73 968 96 442 94 614 239 248 622 953 420 400 721 71 487 362 762 434 310 384 814 842 287 755 249 167 792 491 645 885 187 101 191 20 264 697 148 469 538 372 637 269 674 872 698 478 98 534 423 165 233 56 377 707 440 763 851 594 663 344 811 139 175 392 743 63 866 524 884 196 823 309 505 486 132 642 237 908 575 204 903 683 427 449 904 147 947 691 577 977 30 745 322 134 669 969 42 781 890 460 138 328 227 930 421 631 999 621 658 3 358 939 179 352 675 580 200 58 772 368 411 962 86 364 386 123 412 216 
331 833 257 657 17 325 598 527 161 925 80 294 266 918 566 686 936 889 305 868 261 335 21 383 954 11 121 718 172 915 778 935 756 558 389 24 990 356 497 625 410 896 293 149 459 245 809 700 475 22 559 439 122 128 236 679 892 31 260 540 516 995 660 16 862 76 612 488 836 141 665 195 493 522 60 208 722 291 18 914 228 53 746 32 267 819 35 201 105 466 437 824 465 479 626 390 699 805 359 162 881 211 111 54 332 590 91 26 568 232 708 706 183 610 454 292 894 557 306 340 533 234 119 33 170 185 924 724 875 652 734 323 514 157 396 543 281 817 952 259 638 158 498 613 753 246 749 186 906 419 405 49 970 940 769 93 190 199 740 797 714 528 357 23 779 178 900 188 408 472 583 748 897 963 950 379 401 452 738 301 553 108 664 130 747 151 556 55 235 944 444 571 482 14 926 39 1000 430 867 422 535 6 425 265 112 504 373 620 409 336 450 404 837 902 893 46 348 163 961 828 146 733 181 279 937 100 263 957 173 737 785 989 821 899 142 651 736 481 938 790 494 403 564 585 689 283 402 176 684 218 126 726 326 735 72 398 931 219 445 311 576 687 192 705 570 927 787 829 375 168 561 608 244 28 943 537 197 280 268 593 57 289 27 136 624 346 744 591 380 324 118 972 184 509 242 316 584 838 416 295 531 354 95 480 37 15 51 948 456 615 8 303 974 315 630 62 782 986 973 835 129 754 873 682 843 844 428 117 278 643 586 984 
577 598 527 161 925 80 294 266 918 566 686 936 889 305 868 261 335 21 383 954 11 121 718 172 915 778 935 756 558 389 24 990 356 497 625 410 896 293 149 459 245 809 700 475 22 559 439 122 128 236 679 892 31 260 540 516 995 660 16 862 76 612 488 836 141 665 195 493 522 60 208 722 291 18 914 228 53 746 32 267 819 35 201 105 466 437 824 465 479 626 390 699 805 359 162 881 211 111 54 332 590 91 26 568 232 708 706 183 610 454 292 894 557 306 340 533 234 119 33 170 185 924 724 875 652 734 323 514 157 396 543 281 817 952 259 638 158 498 613 753 246 749 186 906 419 405 49 970 940 769 93 190 199 740 797 714 528 357 23 779 178 900 188 408 472 583 748 897 963 950 379 401 452 738 301 553 108 664 130 747 151 556 55 235 944 444 571 482 14 926 39 1000 430 867 422 535 6 425 265 112 504 373 620 409 336 450 404 837 902 893 46 348 163 961 828 146 733 181 279 937 100 263 957 173 737 785 989 821 899 142 651 736 481 938 790 494 403 564 585 689 283 402 176 684 218 126 726 326 735 72 398 931 219 445 311 576 687 192 705 570 927 787 829 375 168 561 608 244 28 943 537 197 280 268 593 57 289 27 136 624 346 744 591 380 324 118 972 184 509 242 316 584 838 416 295 531 354 95 480 37 15 51 948 456 615 8 303 974 315 630 62 782 986 973 835 129 754 873 682 843 844 428 117 278 643 586 984 878 350 164 155 83 240 286 750 560 678 19 852 370 905 65 544 448 285 473 729 796 59 507 43 496 751 513 109 712 156 672 777 960 87 97 932 492 709 160 338 220 996 616 888 124 166 870 985 988 500 987 671 458 432 720 399 725 826 765 485 646 920 581 803 495 135 44 685 766 330 25 224 369 922 619 103 600 433 567 206 703 407 351 757 648 230 349 490 223 945 532 438 831 933 47 983 512 856 367 760 599 470 993 788 1 695 519 463 618 609 628 110 52 552 539 133 656 9 137 271 308 793 847 114 12 929 704 716 476 529 213 951 106 919 84 542 858 582 376 959 75 36 385 270 304 174 525 391 79 300 880 654 601 771 978 150 997 767 688 589 64 13 318 238 877 329 911 693 226 547 274 333 273 424 34 169 818 825 484 177 991 605 798 5 942 426 272 143 813 994 839 489 474 861 277 617 116 145 2 822 483 799 863 967 520 639 209 632 555 530 680 758 597 451 820 506 934 171 794 77 468 891 827 909 871 848 210 841 89 916 982 462 207 807 971 502 546 921 883 153 659 253 66 363 634 198 120 860 876 382 627 
126 400 721 71 487 362 762 434 310 384 814 842 287 755 249 167 792 491 645 885 187 101 191 20 264 697 148 469 538 372 637 269 674 872 698 478 98 534 423 165 233 56 377 707 440 763 851 594 663 344 811 139 175 392 743 63 866 524 884 196 823 309 505 486 132 642 237 908 575 204 903 683 427 449 904 147 947 691 577 977 30 745 322 134 669 969 42 781 890 460 138 328 227 930 421 631 999 621 658 3 358 939 179 352 675 580 200 58 772 368 411 962 86 364 386 123 412 216 194 140 313 816 203 955 415 518 92 
303 383 954 11 121 718 172 915 778 935 756 558 389 24 990 356 497 625 410 896 293 149 459 245 809 700 475 22 559 439 122 128 236 679 892 31 260 540 516 995 660 16 862 76 612 488 836 141 665 195 493 522 60 208 722 291 18 914 228 53 746 32 267 819 35 201 105 466 437 824 465 479 626 390 699 805 359 162 881 211 111 54 332 590 91 26 568 232 708 706 183 610 454 292 894 557 306 340 533 234 119 33 170 185 924 724 875 652 734 323 514 157 396 543 281 817 952 259 638 158 498 613 753 246 749 186 906 419 405 49 970 940 769 93 190 199 740 797 714 528 357 23 779 178 900 188 408 472 583 748 897 963 950 379 401 452 738 301 553 108 664 130 747 151 556 55 235 944 444 571 482 14 926 39 1000 430 867 422 535 6 425 265 112 504 373 620 409 336 450 404 837 902 893 46 348 163 961 828 146 733 181 279 937 100 263 957 173 737 785 989 821 899 142 651 736 481 938 790 494 403 564 585 689 283 402 176 684 218 126 726 326 735 72 398 931 219 445 311 576 687 192 705 570 927 787 829 375 168 561 608 244 28 943 537 197 280 268 593 57 289 27 136 624 346 744 591 380 324 118 972 184 509 242 316 584 838 416 295 531 354 95 480 37 15 51 948 456 615 8 303 974 315 630 62 782 986 973 835 129 754 873 682 843 844 
691 409 336 450 404 837 902 893 46 348 163 961 828 146 733 181 279 937 100 263 957 173 737 785 989 821 899 142 651 736 481 938 790 494 403 564 585 689 283 402 176 684 218 126 726 326 735 72 398 931 219 445 311 576 687 192 705 570 927 787 829 375 168 561 608 244 28 943 537 197 280 268 593 57 289 27 136 624 346 744 591 380 324 118 972 184 509 242 316 584 838 416 295 531 354 95 480 37 15 51 948 456 615 8 303 974 315 630 62 782 986 973 835 129 754 873 682 843 844 428 117 278 643 586 984 878 350 164 155 83 240 286 750 560 678 19 852 370 905 65 544 448 285 473 729 796 59 507 43 496 751 513 109 712 156 672 777 960 87 97 932 492 709 160 338 220 996 616 888 124 166 870 985 988 500 987 671 458 432 720 399 725 826 765 485 646 920 581 803 495 135 44 685 766 330 25 224 369 922 619 103 600 433 567 206 703 407 351 757 648 230 349 490 223 945 532 438 831 933 47 983 512 856 367 760 599 470 993 788 1 695 519 463 618 609 628 110 52 552 539 133 656 9 137 271 308 793 847 114 12 929 704 716 476 529 213 951 106 919 84 542 858 582 376 959 75 36 385 270 304 174 525 391 79 300 880 654 601 771 978 150 997 767 688 589 64 13 318 238 877 329 911 693 226 547 274 333 273 424 34 169 818 825 484 177 991 605 798 5 942 426 272 143 813 994 839 489 474 861 277 617 116 145 2 822 483 799 863 967 520 639 209 632 555 530 680 758 597 451 820 506 934 171 794 77 468 891 827 909 871 848 210 841 89 916 982 462 207 807 971 502 546 921 883 153 659 253 66 363 634 198 120 860 876 382 627 298 180 655 774 633 361 159 667 250 541 573 88 980 907 692 901 467 592 256 569 517 739 85 928 4 182 418 115 297 464 923 864 461 521 394 282 229 353 623 998 629 457 231 975 154 976 917 314 125 786 41 676 435 61 992 882 152 526 499 673 38 775 965 251 964 806 565 436 327 387 701 789 73 968 96 442 94 614 239 248 622 953 420 400 721 71 487 362 762 434 310 384 814 842 287 755 249 167 792 491 645 885 187 101 191 20 264 697 148 469 538 372 637 269 674 872 698 478 98 534 423 165 233 56 377 707 440 763 851 594 663 344 811 139 175 392 743 63 866 524 884 196 823 309 505 486 132 642 237 908 575 204 903 683 427 449 904 147 947 691 577 977 30 745 322 134 669 969 42 781 890 460 138 328 227 930 421 631 999 621 658 3 358 939 179 352 675 580 200 58 772 368 411 962 86 364 386 123 412 216 194 140 313 816 203 955 415 518 92 742 319 784 69 563 414 690 715 606 641 795 99 296 855 636 388 853 355 471 45 578 910 225 650 874 768 812 653 949 501 262 832 956 503 764 810 859 365 515 966 854 846 773 247 554 341 702 635 730 81 912 317 67 441 711 801 865 611 710 144 74 562 113 378 752 104 321 849 307 666 453 723 815 217 780 551 343 337 446 596 374 548 397 604 670 50 574 511 102 946 417 40 662 886 78 360 255 107 447 808 339 276 759 981 649 979 302 
577 439 122 128 236 679 892 31 260 540 516 995 660 16 862 76 612 488 836 141 665 195 493 522 60 208 722 291 18 914 228 53 746 32 267 819 35 201 105 466 437 824 465 479 626 390 699 805 359 162 881 211 111 54 332 590 91 26 568 232 708 706 183 610 454 292 894 557 306 340 533 234 119 33 170 185 924 724 875 652 734 323 514 157 396 543 281 817 952 259 638 158 498 613 753 246 749 186 906 419 405 49 970 940 769 93 190 199 740 797 714 528 357 23 779 178 900 188 408 472 583 748 897 963 950 379 401 452 738 301 553 108 664 130 747 151 556 55 235 944 444 571 482 14 926 39 1000 430 867 422 535 6 425 265 112 504 373 620 409 336 450 404 837 902 893 46 348 163 961 828 146 733 181 279 937 100 263 957 173 737 785 989 821 899 142 651 736 481 938 790 494 403 564 585 689 283 402 176 684 218 126 726 326 735 72 398 931 219 445 311 576 687 192 705 570 927 787 829 375 168 561 608 244 28 943 537 197 280 268 593 57 289 27 136 624 346 744 591 380 324 118 972 184 509 242 316 584 838 416 295 531 354 95 480 37 15 51 948 456 615 8 303 974 315 630 62 782 986 973 835 129 754 873 682 843 844 428 117 278 643 586 984 878 350 164 155 83 240 286 750 560 678 19 852 370 905 65 544 448 285 473 729 796 59 507 43 496 751 513 109 712 156 672 777 960 87 97 932 492 709 160 338 220 996 616 888 124 166 870 985 988 500 987 671 458 432 720 399 725 826 765 485 646 920 581 803 495 135 44 685 766 330 25 224 369 922 619 103 600 433 567 206 703 407 351 757 648 230 349 490 223 945 532 438 831 933 47 983 512 856 367 760 599 470 993 788 1 695 519 463 618 609 628 110 52 552 539 133 656 9 137 271 308 793 847 114 12 929 704 716 476 529 213 951 106 919 84 542 858 582 376 959 75 36 385 270 304 174 525 391 79 300 880 654 601 771 978 150 997 767 688 589 64 13 318 238 877 329 911 693 226 547 274 333 273 424 34 169 818 825 484 177 991 605 798 5 942 426 272 143 813 994 839 489 474 861 277 617 116 145 2 822 483 799 863 967 520 639 209 632 555 530 680 758 597 451 820 506 934 171 794 77 468 891 827 909 871 848 210 841 89 916 982 462 207 807 971 502 546 921 883 153 659 253 66 363 634 198 120 860 876 382 627 298 180 655 774 633 361 159 667 250 541 573 88 980 907 692 901 467 592 256 569 517 739 85 928 4 182 418 115 297 464 923 864 461 521 394 282 229 353 623 998 629 457 231 975 154 
515 844 428 117 278 643 586 984 878 350 164 155 83 240 286 750 560 678 19 852 370 905 65 544 448 285 473 729 796 59 507 43 496 751 513 109 712 156 672 777 960 87 97 932 492 709 160 338 220 996 616 888 124 166 870 985 988 500 987 671 458 432 720 399 725 826 765 485 646 920 581 803 495 135 44 685 766 330 25 224 369 922 619 103 600 433 567 206 703 407 351 757 648 230 349 490 223 945 532 438 831 933 47 983 512 856 367 760 599 470 993 788 1 695 519 463 618 609 628 110 52 552 539 133 656 9 137 271 308 793 847 114 12 929 704 716 476 529 213 951 106 919 84 542 858 582 376 959 75 36 385 270 304 174 525 391 79 300 880 654 601 771 978 150 997 767 688 589 64 13 318 238 877 329 911 693 226 547 274 333 273 424 34 169 818 825 484 177 991 605 798 5 942 426 272 143 813 994 839 489 474 861 277 617 116 145 2 822 483 799 863 967 520 639 209 632 555 530 680 758 597 451 820 506 934 171 794 77 468 891 827 909 871 848 210 841 89 916 982 462 207 807 971 502 546 921 883 153 659 253 66 363 634 198 120 860 876 382 627 298 180 655 774 633 361 159 667 250 541 573 88 980 907 692 901 467 592 256 569 517 739 85 928 4 182 418 115 297 464 923 864 461 521 394 282 229 353 623 998 629 457 231 975 154 976 917 314 125 786 41 676 435 61 992 882 152 526 499 673 38 775 965 251 964 806 565 436 327 387 701 789 73 968 96 442 94 614 239 248 622 953 420 400 721 71 487 362 762 434 310 384 814 842 287 755 249 167 792 491 645 885 187 101 191 20 264 697 148 469 538 372 637 269 674 872 698 478 98 534 423 165 233 56 377 707 440 763 851 594 663 344 811 139 175 392 743 63 866 524 884 196 823 309 505 486 132 642 237 908 575 204 903 683 427 449 904 147 947 691 577 977 30 745 322 134 669 969 42 781 890 460 138 328 227 930 421 631 999 621 658 3 358 939 179 352 675 580 200 58 772 368 411 962 86 364 386 123 412 216 194 140 313 816 203 955 415 518 92 742 319 784 69 563 414 690 715 606 641 795 99 296 855 636 388 853 355 471 45 578 910 225 650 874 768 812 653 949 501 262 832 956 503 764 810 859 365 515 966 854 846 773 247 554 341 702 635 
664 638 158 498 613 753 246 749 186 906 419 405 49 970 940 769 93 190 199 740 797 714 528 357 23 779 178 900 188 408 472 583 748 897 963 950 379 401 452 738 301 553 108 664 130 747 151 556 55 235 944 444 571 482 14 926 39 1000 430 867 422 535 6 425 265 112 504 373 620 409 336 450 404 837 902 893 46 348 163 961 828 146 733 181 279 937 100 263 957 173 737 785 989 821 899 142 651 736 481 938 790 494 403 564 585 689 283 402 176 684 218 126 726 326 735 72 398 931 219 445 311 576 687 192 705 570 927 787 829 375 168 561 608 244 28 943 537 197 280 268 593 57 289 27 136 624 346 744 591 380 324 118 972 184 509 242 316 584 838 416 295 531 354 95 480 37 15 51 948 456 615 8 303 974 315 630 62 782 986 973 835 129 754 873 682 843 844 428 117 278 643 586 984 878 350 164 155 83 240 286 750 560 678 19 852 370 905 65 544 448 285 473 729 796 59 507 43 496 751 513 109 712 156 672 777 960 87 97 932 492 709 160 338 220 996 616 888 124 166 870 985 988 500 987 671 458 432 720 399 725 826 765 485 646 920 581 803 495 135 44 685 766 330 25 224 369 922 619 103 600 433 567 206 703 407 351 757 648 230 349 490 223 945 532 438 831 933 47 983 512 856 367 760 599 470 993 788 1 695 519 463 618 609 628 110 52 552 539 133 656 9 137 271 308 793 847 114 12 929 704 716 476 529 213 951 106 919 84 542 858 582 376 959 75 36 385 270 304 174 525 391 79 300 880 654 601 771 978 150 997 767 688 589 64 13 318 238 877 329 911 693 226 547 274 333 273 424 34 169 818 825 484 177 991 605 798 5 942 426 272 143 813 994 839 489 474 861 277 617 116 145 2 822 483 799 863 967 520 639 209 632 555 530 680 758 597 451 820 506 934 171 794 77 468 891 827 909 871 848 210 841 89 916 982 462 207 807 971 502 546 921 883 153 659 253 66 363 634 198 120 860 876 382 627 298 180 655 774 633 361 159 667 250 541 573 88 980 907 692 901 467 592 256 569 517 739 85 928 4 182 418 115 297 464 923 864 461 521 394 282 229 353 623 998 629 457 231 975 154 976 917 314 125 786 41 676 435 61 992 882 152 526 499 673 38 775 965 251 964 806 565 436 327 387 701 789 73 968 96 442 94 614 239 248 622 953 420 400 721 71 487 362 762 434 310 384 814 842 287 755 249 167 792 491 645 885 187 101 191 20 264 697 148 469 538 372 637 269 674 872 698 478 98 534 423 165 233 56 377 707 440 763 851 594 663 344 811 139 175 392 743 63 866 524 884 196 823 309 505 486 132 642 237 908 575 204 903 683 427 449 904 147 947 691 577 977 30 745 322 134 669 969 42 781 890 460 138 328 227 930 421 631 999 621 658 3 358 939 179 352 675 580 200 58 772 368 411 962 86 364 386 123 412 216 194 140 313 816 203 955 415 518 92 742 319 784 69 563 414 690 715 606 641 795 99 
578 170 185 924 724 875 652 734 323 514 157 396 543 281 817 952 259 638 158 498 613 753 246 749 186 906 419 405 49 970 940 769 93 190 199 740 797 714 528 357 23 779 178 900 188 408 472 583 748 897 963 950 379 401 452 738 301 553 108 664 130 747 151 556 55 235 944 444 571 482 14 926 39 1000 430 867 422 535 6 425 265 112 504 373 620 409 336 450 404 837 902 893 46 348 163 961 828 146 733 181 279 937 100 263 957 173 737 785 989 821 899 142 651 736 481 938 790 494 403 564 585 689 283 402 176 684 218 126 726 326 735 72 398 931 219 445 311 576 687 192 705 570 927 787 829 375 168 561 608 244 28 943 537 197 280 268 593 57 289 27 136 624 346 744 591 380 324 118 972 184 509 242 316 584 838 416 295 531 354 95 480 37 15 51 948 456 615 8 303 974 315 630 62 782 986 973 835 129 754 873 682 843 844 428 117 278 643 586 984 878 350 164 155 83 240 286 750 560 678 19 852 370 905 65 544 448 285 473 729 796 59 507 43 496 751 513 109 712 156 672 777 960 87 97 932 492 709 160 338 220 996 616 888 124 166 870 985 988 500 987 671 458 432 720 399 725 826 765 485 646 920 581 803 495 135 44 685 766 330 25 224 369 922 619 103 600 433 567 206 703 407 351 757 648 230 349 490 223 945 532 438 831 933 47 983 512 856 367 760 599 470 993 788 1 695 519 463 618 609 628 110 52 552 539 133 656 9 137 271 308 793 847 114 12 929 704 716 476 529 213 951 106 919 84 542 858 582 376 959 75 36 385 270 304 174 525 391 79 300 880 654 601 771 978 150 997 767 688 589 64 13 318 238 877 329 911 693 226 547 274 333 273 424 34 169 818 825 484 177 991 605 798 5 942 426 272 143 813 994 839 489 474 861 277 617 116 145 2 822 483 799 863 967 520 639 209 632 555 530 680 758 597 451 820 506 934 171 794 77 468 891 827 909 871 848 210 841 89 916 982 462 207 807 971 502 546 921 883 153 659 253 66 363 634 198 120 860 876 382 627 298 180 655 774 633 361 159 667 250 541 573 88 980 907 692 901 467 592 256 569 517 739 85 928 4 182 418 115 297 464 923 864 461 521 394 282 229 353 623 998 629 457 231 975 154 976 917 314 125 786 41 676 435 61 992 882 152 526 499 673 38 775 965 251 964 806 565 436 327 387 701 789 73 968 96 442 94 614 239 248 622 953 420 400 721 71 487 362 762 434 310 384 814 842 287 755 249 167 792 491 645 885 187 101 191 20 264 697 148 469 538 372 637 269 674 872 698 478 98 
740 824 465 479 626 390 699 805 359 162 881 211 111 54 332 590 91 26 568 232 708 706 183 610 454 292 894 557 306 340 533 234 119 33 170 185 924 724 875 652 734 323 514 157 396 543 281 817 952 259 638 158 498 613 753 246 749 186 906 419 405 49 970 940 769 93 190 199 740 797 714 528 357 23 779 178 900 188 408 472 583 748 897 963 950 379 401 452 738 301 553 108 664 130 747 151 556 55 235 944 444 571 482 14 926 39 1000 430 867 422 535 6 425 265 112 504 373 620 409 336 450 404 837 902 893 46 348 163 961 828 146 733 181 279 937 100 263 957 173 737 785 989 821 899 142 651 736 481 938 790 494 403 564 585 689 283 402 176 684 218 126 726 326 735 72 398 931 219 445 311 576 687 192 705 570 927 787 829 375 168 561 608 244 28 943 537 197 280 268 593 57 289 27 136 624 346 744 591 380 324 118 972 184 509 242 316 584 838 416 295 531 354 95 480 37 15 51 948 456 615 8 303 974 315 630 62 782 986 973 835 129 754 873 682 843 844 428 117 278 643 586 984 878 350 164 155 83 240 286 750 560 678 19 852 370 905 65 544 448 285 473 729 796 59 507 43 496 751 513 109 712 156 672 777 960 87 97 932 492 709 160 338 220 996 616 888 124 166 870 985 988 500 987 671 458 432 720 399 725 826 765 485 646 920 581 803 495 135 44 685 766 330 25 224 369 922 619 103 600 433 567 206 703 407 351 757 648 230 349 490 223 945 532 438 831 933 47 983 512 856 367 760 599 470 993 788 1 695 519 463 618 609 628 110 52 552 539 133 656 9 137 271 308 793 847 114 12 929 704 716 476 529 213 951 106 919 84 542 858 582 376 959 75 36 385 270 304 174 525 391 79 300 880 654 601 771 978 150 997 767 688 589 64 13 318 238 877 329 911 693 226 547 274 333 273 424 34 169 818 825 484 177 991 605 798 5 942 426 272 143 813 994 839 489 474 861 277 617 116 145 2 822 483 799 863 967 520 639 209 632 555 530 680 758 597 451 820 506 934 171 794 77 468 891 827 909 871 848 210 841 89 916 982 462 207 807 971 502 546 921 883 153 659 253 66 363 634 198 120 860 876 382 627 298 180 655 774 633 361 159 667 250 541 573 88 980 907 692 901 467 592 256 569 517 739 85 928 4 182 418 115 297 464 923 864 461 521 394 282 229 353 623 998 629 457 231 975 154 976 917 314 125 786 41 676 435 61 992 882 152 526 499 673 38 775 965 251 964 806 565 436 327 387 701 789 73 968 96 442 94 614 239 248 622 953 420 400 721 71 487 362 762 434 310 384 814 842 287 755 249 167 792 491 645 885 187 101 191 20 264 697 148 469 538 372 637 269 674 872 698 478 98 534 423 165 233 56 377 707 440 763 851 594 663 344 811 139 175 392 743 63 866 524 884 196 823 309 505 486 132 642 237 908 575 204 903 683 427 449 904 147 947 691 577 977 30 745 322 134 669 969 42 781 890 460 138 328 227 930 421 631 999 621 658 3 358 939 179 352 675 580 200 58 772 368 411 962 86 364 386 123 412 216 194 140 313 816 203 955 415 518 92 742 319 784 69 563 414 690 715 606 641 795 99 296 855 636 388 853 355 471 45 578 910 225 650 874 768 812 653 949 501 262 832 956 503 764 810 859 365 515 
172 272 143 813 994 839 489 474 861 277 617 116 145 2 822 483 799 863 967 520 639 209 632 555 530 680 758 597 451 820 506 934 171 794 77 468 891 827 909 871 848 210 841 89 916 982 462 207 807 971 502 546 921 883 153 659 253 66 363 634 198 120 860 876 382 627 298 180 655 774 633 361 159 667 250 541 573 88 980 907 692 901 467 592 256 569 517 739 85 928 4 182 418 115 297 464 923 864 461 521 394 282 229 353 623 998 629 457 231 975 154 976 917 314 125 786 41 676 435 61 992 882 152 526 499 673 38 775 965 251 964 806 565 436 327 387 701 789 73 968 96 442 94 614 239 248 622 953 420 400 721 71 487 362 762 434 310 384 814 842 287 755 249 167 792 491 645 885 187 101 191 20 264 
581 531 354 95 480 37 15 51 948 456 615 8 303 974 315 630 62 782 986 973 835 129 754 873 682 843 844 428 117 278 643 586 984 878 350 164 155 83 240 286 750 560 678 19 852 370 905 65 544 448 285 473 729 796 59 507 43 496 751 513 109 712 156 672 777 960 87 97 932 492 709 160 338 220 996 616 888 124 166 870 985 988 500 987 671 458 432 720 399 725 826 765 485 646 920 581 803 495 135 44 685 766 330 25 224 369 922 619 103 600 433 567 206 703 407 351 757 648 230 349 490 223 945 532 438 831 933 47 983 512 856 367 760 599 470 993 788 1 695 519 463 618 609 628 110 52 552 539 133 656 9 137 271 308 793 847 114 12 929 704 716 476 529 213 951 106 919 84 542 858 582 376 959 75 36 385 270 304 174 525 391 79 300 880 654 601 771 978 150 997 767 688 589 64 13 318 238 877 329 911 693 226 547 274 333 273 424 34 169 818 825 484 177 991 605 798 5 942 426 272 143 813 994 839 489 474 861 277 617 116 145 2 822 483 799 863 967 520 639 209 632 555 530 680 758 597 451 820 506 934 171 794 77 468 891 827 909 871 848 210 841 89 916 982 462 207 807 971 502 546 921 883 153 659 253 66 363 634 198 120 860 876 382 627 298 180 655 774 633 361 159 667 250 541 573 88 980 907 692 901 467 592 256 569 517 739 85 928 4 182 418 115 297 464 923 864 461 521 394 282 229 353 623 998 629 457 231 975 154 976 917 314 125 786 41 676 435 61 992 882 152 526 499 673 38 775 965 251 964 806 565 436 327 387 701 789 73 968 96 442 94 614 239 248 622 953 420 400 721 71 487 362 762 434 310 384 814 842 287 755 249 167 792 491 645 885 187 101 191 20 264 697 148 469 538 372 637 269 674 872 698 478 98 534 423 165 233 56 377 707 440 763 851 594 663 344 811 139 175 392 743 63 866 524 884 196 823 309 505 486 132 642 237 908 575 204 903 683 427 449 904 147 947 691 577 977 30 745 322 134 669 969 42 781 890 460 138 328 227 930 421 631 999 621 658 3 358 939 179 352 675 580 200 58 772 368 411 962 86 364 386 123 412 216 194 140 313 816 203 955 415 518 92 742 319 784 69 563 414 690 715 606 641 795 99 296 855 636 388 853 355 471 45 578 910 225 650 874 768 812 653 949 501 262 832 956 503 764 810 859 365 515 966 854 846 773 247 554 341 702 635 730 81 912 317 67 441 711 801 865 611 710 144 74 562 113 378 752 104 321 849 307 666 453 723 815 217 780 551 343 337 446 596 374 548 397 604 670 50 574 511 102 
528 48 241 284 728 510 222 431 681 536 393 694 869 587 713 647 275 833 257 657 17 325 598 527 161 925 80 294 266 918 566 686 936 889 305 868 261 335 21 383 954 11 121 718 172 915 778 935 756 558 389 24 990 356 497 625 410 896 293 149 459 245 809 700 475 22 559 439 122 128 236 679 892 31 260 540 516 995 660 16 862 76 612 488 836 141 665 195 493 522 60 208 722 291 18 914 228 53 746 32 267 819 35 201 105 466 437 824 465 479 626 390 699 805 359 162 881 211 111 54 332 590 91 26 568 232 708 706 183 610 454 292 894 557 306 340 533 234 119 33 170 185 924 724 875 652 734 323 514 157 396 543 281 817 952 259 638 158 498 613 753 246 749 186 906 419 405 49 970 940 769 93 190 199 740 797 714 528 357 23 779 178 900 188 408 472 583 748 897 963 950 379 401 452 738 301 553 108 664 130 747 151 556 55 235 944 444 571 482 14 926 39 1000 430 867 422 535 6 425 265 112 504 373 620 409 336 450 404 837 902 893 46 348 163 961 828 146 733 181 279 937 100 263 957 173 737 785 989 821 899 142 651 736 481 938 790 494 403 564 585 689 283 402 176 684 218 126 726 326 735 72 398 931 219 445 311 576 687 192 705 570 927 787 829 375 168 561 608 244 28 943 537 197 280 268 593 57 289 27 136 624 346 744 591 380 324 118 972 184 509 242 316 584 838 416 295 531 354 95 480 37 15 51 948 456 615 8 303 974 315 630 62 782 986 973 835 129 754 873 682 843 844 428 117 278 643 586 984 878 350 164 155 83 240 286 750 560 678 19 852 370 905 65 544 448 285 473 729 796 59 507 43 496 751 513 109 712 156 672 777 960 87 97 932 492 709 160 338 220 996 616 888 124 166 870 985 988 500 987 671 458 432 720 399 725 826 765 485 646 920 581 803 495 135 44 685 766 330 25 224 369 922 619 103 600 433 567 206 703 407 351 757 648 230 349 490 223 945 532 438 831 933 47 983 512 856 367 760 599 470 993 788 1 695 519 463 618 609 628 110 52 552 539 133 656 9 137 271 308 793 847 114 12 929 704 716 476 529 213 951 106 919 84 542 858 582 376 959 75 36 385 270 304 174 525 391 79 300 880 654 601 771 978 150 997 767 688 589 64 13 318 238 877 329 911 693 226 547 274 333 273 424 34 169 818 825 484 177 991 
150 143 813 994 839 489 474 861 277 617 116 145 2 822 483 799 863 967 520 639 209 632 555 530 680 758 597 451 820 506 934 171 794 77 468 891 827 909 871 848 210 841 89 916 982 462 207 807 971 502 546 921 883 153 659 253 66 363 634 198 120 860 876 382 627 298 180 655 774 633 361 159 667 250 541 573 88 980 907 692 901 467 592 256 569 517 739 85 928 4 182 418 115 297 464 923 864 461 521 394 282 229 353 623 998 629 457 231 975 154 976 917 314 125 786 41 676 435 61 992 882 152 526 499 673 38 775 965 251 964 806 565 436 327 387 701 789 73 968 96 442 94 614 239 248 622 953 420 400 721 71 
562 141 665 195 493 522 60 208 722 291 18 914 228 53 746 32 267 819 35 201 105 466 437 824 465 479 626 390 699 805 359 162 881 211 111 54 332 590 91 26 568 232 708 706 183 610 454 292 894 557 306 340 533 234 119 33 170 185 924 724 875 652 734 323 514 157 396 543 281 817 952 259 638 158 498 613 753 246 749 186 906 419 405 49 970 940 769 93 190 199 740 797 714 528 357 23 779 178 900 188 408 472 583 748 897 963 950 379 401 452 738 301 553 108 664 130 747 151 556 55 235 944 444 571 482 14 926 39 1000 430 867 422 535 6 425 265 112 504 373 620 409 336 450 404 837 902 893 46 348 163 961 828 146 733 181 279 937 100 263 957 173 737 785 989 821 899 142 651 736 481 938 790 494 403 564 585 689 283 402 176 684 218 126 726 326 735 72 398 931 219 445 311 576 687 192 705 570 927 787 829 375 168 561 608 244 28 943 537 197 280 268 593 57 289 27 136 624 346 744 591 380 324 118 972 184 509 242 316 584 838 416 295 531 354 95 480 37 15 51 948 456 615 8 303 974 315 630 62 782 986 973 835 129 754 873 682 843 844 428 117 278 643 586 984 878 350 164 155 83 240 286 750 560 678 19 852 370 905 65 544 448 285 473 729 796 59 507 43 496 751 513 109 712 156 672 777 960 87 97 932 492 709 160 338 220 996 616 888 124 166 870 985 988 500 987 671 458 432 720 399 725 826 765 485 646 920 581 803 495 135 44 685 766 330 25 224 369 922 619 103 600 433 567 206 703 407 351 757 648 230 349 490 223 945 532 438 831 933 47 983 512 856 367 760 599 470 993 788 1 695 519 463 618 609 628 110 52 552 539 133 656 9 137 271 308 793 847 114 12 929 704 716 476 529 213 951 106 919 84 542 858 582 376 959 75 36 385 270 304 174 525 391 79 300 880 654 601 771 978 150 997 767 688 589 64 13 318 238 877 329 911 693 226 547 274 333 273 424 34 169 818 825 484 177 991 605 798 5 942 426 272 143 813 994 839 489 474 861 277 617 116 145 2 822 483 799 863 967 520 639 209 632 555 530 680 758 597 451 820 506 934 171 794 77 468 891 827 909 871 848 210 841 89 916 982 462 207 807 971 502 546 921 883 153 659 253 66 363 634 198 120 860 876 382 627 298 180 655 774 633 361 159 667 250 541 573 88 980 907 692 901 467 592 256 569 517 739 85 928 4 182 418 115 297 464 923 864 461 521 394 282 229 353 623 998 629 457 231 975 154 976 917 314 
455 432 720 399 725 826 765 485 646 920 581 803 495 135 44 685 766 330 25 224 369 922 619 103 600 433 567 206 703 407 351 757 648 230 349 490 223 945 532 438 831 933 47 983 512 856 367 760 599 470 993 788 1 695 519 463 618 609 628 110 52 552 539 133 656 9 137 271 308 793 847 114 12 929 704 716 476 529 213 951 106 919 84 542 858 582 376 959 75 36 385 270 304 174 525 391 79 300 880 654 601 771 978 150 997 767 688 589 64 13 318 238 877 329 911 693 226 547 274 333 273 424 34 169 818 825 484 177 991 605 798 5 942 426 272 143 813 994 839 489 474 861 277 617 116 145 2 822 483 799 863 967 520 639 209 632 555 530 680 758 597 451 820 506 934 171 794 77 468 891 827 909 871 848 210 841 89 916 982 462 207 807 971 502 546 921 883 153 659 253 66 363 634 198 120 860 876 382 627 298 180 655 774 633 361 159 667 250 541 573 88 980 907 692 901 467 592 256 569 517 739 85 928 4 182 418 115 297 464 923 864 461 521 394 282 229 353 623 998 629 457 231 975 154 976 917 314 125 786 41 676 435 61 992 882 152 526 499 673 38 775 965 251 964 806 565 436 327 387 701 789 73 968 96 442 94 614 239 248 622 953 420 400 721 71 487 362 762 434 310 384 814 842 287 755 249 167 792 491 645 885 187 101 191 20 264 697 148 469 538 372 637 269 674 872 698 478 98 534 423 165 233 56 377 707 440 763 851 594 663 344 811 139 175 392 743 63 866 524 884 196 823 309 505 486 132 642 237 908 575 204 903 683 427 449 904 147 947 691 577 977 30 745 322 134 669 969 42 781 890 460 138 328 227 930 421 631 999 621 658 3 358 939 179 352 675 580 200 58 772 368 411 962 86 364 386 123 412 216 194 140 313 816 203 955 415 518 92 742 319 784 69 563 414 690 715 606 641 795 99 296 855 636 388 853 355 471 45 578 910 225 650 874 768 812 653 949 501 262 832 956 503 764 810 859 365 515 966 854 846 773 247 554 341 702 635 
28 55 235 944 444 571 482 14 926 39 1000 430 867 422 535 6 425 265 112 504 373 620 409 336 450 404 837 902 893 
154 704 716 476 529 213 951 106 919 84 542 858 582 376 959 75 36 385 270 304 174 525 391 79 300 880 654 601 771 978 150 997 767 688 589 64 13 318 238 877 329 911 693 226 547 274 333 273 424 34 169 818 825 484 177 991 605 798 5 942 426 272 143 813 994 839 489 474 861 277 617 116 145 2 822 483 799 863 967 520 639 209 632 555 530 680 758 597 451 820 506 934 171 794 77 468 891 827 909 871 848 210 841 89 916 982 462 207 807 971 502 546 921 883 153 659 253 66 363 634 198 120 860 876 382 627 298 180 655 774 633 361 159 667 250 541 573 88 980 907 692 901 467 592 256 569 517 739 85 928 4 182 418 115 297 
900 527 161 925 80 294 266 918 566 686 936 889 305 868 261 335 21 383 954 11 121 718 172 915 778 935 756 558 389 24 990 356 497 625 410 896 293 149 459 245 809 700 475 22 559 439 122 128 236 679 892 31 260 540 516 995 660 16 862 76 612 488 836 141 665 195 493 522 60 208 722 291 18 914 228 53 746 32 267 819 35 201 105 466 437 824 465 479 626 390 699 805 359 162 881 211 111 54 332 590 91 26 568 232 708 706 183 610 454 292 894 557 306 340 533 234 119 33 170 185 924 724 875 652 734 323 514 157 396 543 281 817 952 259 638 158 498 613 753 246 749 186 906 419 405 49 970 940 769 93 190 199 740 797 714 528 357 23 779 178 900 188 408 472 583 748 897 963 950 379 401 452 738 301 553 108 664 130 747 151 556 55 235 944 444 571 482 14 926 39 1000 430 867 422 535 6 425 265 112 504 373 620 409 336 450 404 837 902 893 46 348 163 961 828 146 733 181 279 937 100 263 957 173 737 785 989 821 899 142 651 736 481 938 790 494 403 564 585 689 283 402 176 684 218 126 726 326 735 72 398 931 219 445 311 576 687 192 705 570 927 787 829 375 168 561 608 244 28 943 537 197 280 268 593 57 289 27 136 624 346 744 591 380 324 118 972 184 509 242 316 584 838 416 295 531 354 95 480 37 15 51 948 456 615 8 303 974 315 630 62 782 986 973 835 129 754 873 682 843 844 428 117 278 643 586 984 878 350 164 155 83 240 286 750 560 678 19 852 370 905 65 544 448 285 473 729 796 59 507 43 496 751 513 109 712 156 672 777 960 87 97 932 492 709 160 338 220 996 616 888 124 166 870 985 988 500 987 671 458 432 720 399 725 826 765 485 646 920 581 803 495 135 44 685 766 330 25 224 369 922 619 103 600 433 567 206 703 407 351 757 648 230 349 490 223 945 532 438 831 933 47 983 512 856 367 760 599 470 993 788 1 695 519 463 618 609 628 110 52 552 539 133 656 9 137 271 308 793 847 114 12 929 704 716 476 529 213 951 106 919 84 542 858 582 376 959 75 36 385 270 304 174 525 391 79 300 880 654 601 771 978 150 997 767 688 589 64 13 318 238 877 329 911 693 226 547 274 333 273 424 34 169 818 825 484 177 991 605 798 5 942 426 272 143 813 994 839 489 474 861 277 617 116 145 2 822 483 799 863 967 520 639 209 632 555 530 680 758 597 451 820 506 934 171 794 77 468 891 827 909 871 848 210 841 89 916 982 462 207 807 971 502 546 921 883 153 659 253 66 363 634 198 120 860 876 382 627 298 180 655 774 633 361 159 667 250 541 573 88 980 907 692 901 467 592 256 569 517 739 85 928 4 182 418 115 297 464 923 864 461 521 394 282 229 353 623 998 629 457 231 975 154 976 917 314 125 786 41 676 435 61 992 882 152 526 499 673 38 775 965 251 964 806 565 436 327 387 701 789 73 968 96 442 94 614 239 248 622 953 420 400 721 71 487 362 762 434 310 384 814 842 287 755 249 167 792 491 645 885 187 101 191 20 264 697 148 469 538 372 637 269 674 872 698 478 98 534 423 165 233 56 377 707 440 763 851 594 663 344 811 139 175 392 743 63 866 524 884 196 823 309 505 486 132 642 237 908 575 204 903 683 427 449 904 147 947 691 577 977 30 745 322 134 669 969 42 781 890 460 138 328 227 930 421 631 999 621 658 3 358 939 179 352 675 580 200 58 772 368 411 962 86 364 386 123 412 216 194 140 313 816 203 955 415 518 92 742 319 784 69 563 414 690 715 606 641 795 99 296 855 636 388 853 355 471 45 578 910 225 650 874 768 812 653 949 501 262 832 956 503 764 810 859 365 515 966 854 846 773 247 554 341 702 635 730 81 912 317 67 441 711 801 865 611 710 144 74 562 113 378 752 104 321 849 307 666 453 723 815 217 780 551 343 337 446 596 374 548 397 604 670 50 574 511 102 946 417 40 662 886 78 360 255 107 447 808 339 276 759 981 649 979 302 732 202 941 783 429 347 68 299 
768 734 323 514 157 396 543 281 817 952 259 638 158 498 613 753 246 749 186 906 419 405 49 970 940 769 93 190 199 740 797 714 528 357 23 779 178 900 188 408 472 583 748 897 963 950 379 401 452 738 301 553 108 664 130 747 151 556 55 235 944 444 571 482 14 926 39 1000 430 867 422 535 6 425 265 112 504 373 620 409 336 450 404 837 902 893 46 348 163 961 828 146 733 181 279 937 100 263 957 173 737 785 989 821 899 142 651 736 481 938 790 494 403 564 585 689 283 402 176 684 218 126 726 326 735 72 398 931 219 445 311 576 687 192 705 570 927 787 829 375 168 561 608 244 28 943 537 197 280 268 593 57 289 27 136 624 346 744 591 380 324 118 972 184 509 242 316 584 838 416 295 531 354 95 480 37 15 51 948 456 615 8 303 974 315 630 62 782 986 973 835 129 754 873 682 843 844 428 117 278 643 586 984 878 350 164 155 83 240 286 750 560 678 19 852 370 905 65 544 448 285 473 729 796 59 507 43 496 751 513 109 712 156 672 777 960 87 97 932 492 709 160 338 220 996 616 888 124 166 870 985 988 500 987 671 458 432 720 399 725 826 765 485 646 920 581 803 495 135 44 685 766 330 25 224 369 922 619 103 600 433 567 206 703 407 351 757 648 230 349 490 223 945 532 438 831 933 47 983 512 856 367 760 599 470 993 788 1 695 519 463 618 609 628 110 52 552 539 133 656 9 137 271 308 793 847 114 12 929 704 716 476 529 213 951 106 919 84 542 858 582 376 959 75 36 385 270 304 174 525 391 79 300 880 654 601 771 978 150 997 767 688 589 64 13 318 238 877 329 911 693 226 547 274 333 273 424 34 169 818 825 484 177 991 605 798 5 942 426 272 143 813 994 839 489 474 861 277 617 116 145 2 822 483 799 863 967 520 639 209 632 555 530 680 758 597 451 820 506 934 171 794 77 468 891 827 909 871 848 210 841 89 916 982 462 207 807 971 502 546 921 883 153 659 253 66 363 634 198 120 860 876 382 627 298 180 655 774 633 361 159 667 250 541 573 88 980 907 692 901 467 592 256 569 517 739 85 928 4 182 418 115 297 464 923 864 461 521 394 282 229 353 623 998 629 457 231 975 154 976 917 314 125 786 41 676 435 61 992 882 152 526 499 673 38 775 965 251 964 806 565 436 327 387 701 789 73 968 96 442 94 614 239 248 622 953 420 400 721 71 487 362 762 434 310 384 814 842 287 755 249 167 792 491 645 885 187 101 191 20 264 697 148 469 538 372 637 269 674 872 698 478 98 534 423 165 233 56 377 707 440 763 851 594 663 344 811 139 175 392 743 63 866 524 884 196 823 309 505 486 132 642 237 908 575 204 903 683 427 449 904 147 947 691 577 977 30 745 322 134 669 969 42 781 890 460 138 328 227 930 421 631 999 621 658 3 358 939 179 352 675 580 200 58 772 368 411 962 86 364 386 123 412 216 194 140 313 816 203 955 415 518 92 742 319 784 69 563 414 690 715 606 641 795 99 296 855 636 388 853 355 471 45 578 910 225 650 874 768 812 653 949 501 262 832 956 503 764 810 859 365 515 966 854 846 773 247 554 341 702 635 730 81 912 317 67 441 711 801 865 611 710 144 74 562 113 378 752 104 321 849 307 666 453 723 815 217 780 551 343 337 446 596 374 548 397 604 670 50 574 511 102 946 417 40 662 886 78 360 255 107 447 808 339 276 759 981 649 979 
940 731 595 776 550 857 312 545 131 898 29 243 413 48 241 284 728 510 222 431 681 536 393 694 869 587 713 647 275 833 257 657 17 325 598 527 161 925 80 294 266 918 566 686 936 889 305 868 261 335 21 383 954 11 121 718 172 915 778 935 756 558 389 24 990 356 497 625 410 896 293 149 459 245 809 700 475 22 559 439 122 128 236 679 892 31 260 540 516 995 660 16 862 76 612 488 836 141 665 195 493 522 60 208 722 291 18 914 228 53 746 32 267 819 35 201 105 466 437 824 465 479 626 390 699 805 359 162 881 211 111 54 332 590 91 26 568 232 708 706 183 610 454 292 894 557 306 340 533 234 119 33 170 185 924 724 875 652 734 323 514 157 396 543 281 817 952 259 638 158 498 613 753 246 749 186 906 419 405 49 970 940 769 93 190 199 740 797 714 528 357 23 779 178 900 188 408 472 583 748 897 963 950 379 401 452 738 301 553 108 664 130 747 151 556 55 235 944 444 571 482 14 926 39 1000 430 867 422 535 6 425 265 112 504 373 620 409 336 450 404 837 902 893 46 348 163 961 828 146 733 181 279 937 100 263 957 173 737 785 989 821 899 142 651 736 481 938 790 494 403 564 585 689 283 402 176 684 218 126 726 326 735 72 398 931 219 445 311 576 687 192 705 570 927 787 829 375 168 561 608 244 28 943 537 197 280 268 593 57 289 27 136 624 346 744 591 380 324 118 972 184 509 242 316 584 838 416 295 531 354 95 480 37 15 51 948 456 615 8 303 974 315 630 62 782 986 973 835 129 754 873 682 843 844 428 117 278 643 586 984 878 350 164 155 83 240 286 750 560 678 19 852 370 905 65 544 448 285 473 729 796 59 507 43 496 751 513 109 712 156 672 777 960 87 97 932 492 709 160 338 220 996 616 888 124 166 870 985 988 500 987 671 458 432 720 399 725 826 765 485 646 920 581 803 495 135 44 685 766 330 25 224 369 922 619 103 600 433 567 206 703 407 351 757 648 230 349 490 223 945 532 438 831 933 47 983 512 856 367 760 599 470 993 788 1 695 519 463 618 609 628 110 52 552 539 133 656 9 137 271 308 793 847 114 12 929 704 716 476 529 213 951 106 919 84 542 858 582 376 959 75 36 385 270 304 174 525 391 79 300 880 654 601 771 978 150 997 767 688 589 64 13 318 238 877 329 911 693 226 547 274 333 273 424 34 169 818 825 484 177 991 605 798 5 942 426 272 143 813 994 839 489 474 861 277 617 116 145 2 822 483 799 863 967 520 639 209 632 555 530 680 758 597 451 820 506 934 171 794 77 468 891 827 909 871 848 210 841 89 916 982 462 207 807 971 502 546 921 883 153 659 253 66 363 634 198 120 860 876 382 627 298 180 655 774 633 361 159 667 250 541 573 88 980 907 692 901 467 592 256 569 517 739 85 928 4 182 418 115 297 464 923 864 461 521 394 282 229 353 623 998 629 457 231 975 154 976 917 314 125 786 41 676 435 61 992 882 152 526 499 673 38 775 965 251 964 806 565 436 327 387 701 789 73 968 96 442 94 614 239 248 622 953 420 400 721 71 487 362 762 434 310 384 814 842 287 755 249 167 792 491 645 885 187 101 191 20 264 697 148 469 538 372 637 269 674 872 698 478 98 534 423 165 233 56 377 707 440 763 851 594 663 344 811 139 175 392 743 63 866 524 884 196 823 309 505 486 132 642 237 908 575 204 903 683 427 449 904 147 947 691 577 977 30 745 322 134 669 969 42 781 890 460 138 328 227 930 421 631 999 621 658 3 358 939 179 352 675 580 200 58 772 368 411 962 86 364 386 123 412 216 194 140 313 816 203 955 415 518 92 742 319 784 69 563 414 690 715 606 641 795 99 296 855 636 388 853 355 471 45 578 910 225 650 874 768 812 653 949 501 262 832 956 503 764 810 859 365 515 966 854 846 773 247 554 341 702 635 730 81 912 317 67 441 711 801 865 611 710 144 74 562 113 378 752 104 321 849 307 666 453 723 815 217 780 551 343 337 446 596 374 548 397 604 670 50 574 511 102 946 417 40 662 886 78 360 255 107 447 808 339 276 759 981 649 979 302 732 202 941 783 429 347 68 299 10 717 127 850 345 258 
869 80 294 266 918 566 686 936 889 305 868 261 335 21 383 954 11 121 718 172 915 778 935 756 558 389 24 990 356 497 625 410 896 293 149 459 245 809 700 475 22 559 439 122 128 236 679 892 31 260 540 516 995 660 16 862 76 612 488 836 141 665 195 493 522 60 208 722 291 18 914 228 53 746 32 267 819 35 201 105 466 437 824 465 479 626 390 699 805 359 162 881 211 111 54 332 590 91 26 568 232 708 706 183 610 454 292 894 557 306 340 533 234 119 33 170 185 924 724 875 652 734 323 514 157 396 543 281 817 952 259 638 158 498 613 753 246 749 186 906 419 405 49 970 940 769 93 190 199 740 797 714 528 357 23 779 178 900 188 408 472 583 748 897 963 950 379 401 452 738 301 553 108 664 130 747 151 556 55 235 944 444 571 482 14 926 39 1000 430 867 422 535 6 425 265 112 504 373 620 409 336 450 404 837 902 893 46 348 163 961 828 146 733 181 279 937 100 263 957 173 737 785 989 821 899 142 651 736 481 938 790 494 403 564 585 689 283 402 176 684 218 126 726 326 735 72 398 931 219 445 311 576 687 192 705 570 927 787 829 375 168 561 608 244 28 943 537 197 280 268 593 57 289 27 136 624 346 744 591 380 324 118 972 184 509 242 316 584 838 416 295 531 354 95 480 37 15 51 948 456 615 8 303 974 315 630 62 782 986 973 835 129 754 873 682 843 844 428 117 278 643 586 984 878 350 164 155 83 240 286 750 560 678 19 852 370 905 65 544 448 285 473 729 796 59 507 43 496 751 513 109 712 156 672 777 960 87 97 932 492 709 160 338 220 996 616 888 124 166 870 985 988 500 987 671 458 432 720 399 725 826 765 485 646 920 581 803 495 135 44 685 766 330 25 224 369 922 619 103 600 433 567 206 703 407 351 757 648 230 349 490 223 945 532 438 831 933 47 983 512 856 367 760 599 470 993 788 1 695 519 463 618 609 628 110 52 552 539 133 656 9 137 271 308 793 847 114 12 929 704 716 476 529 213 951 106 919 84 542 858 582 376 959 75 36 385 270 304 174 525 391 79 300 880 654 601 771 978 150 997 767 688 589 64 13 318 238 877 329 911 693 226 547 274 333 273 424 34 169 818 825 484 177 991 605 798 5 942 426 272 143 813 994 839 489 474 861 277 617 116 145 2 822 483 799 863 967 520 639 209 632 555 530 680 758 597 451 820 506 934 171 794 77 468 891 827 909 871 848 210 841 89 916 982 462 207 807 971 502 546 921 883 153 659 253 66 363 634 198 120 860 876 382 627 298 180 655 774 633 361 159 667 250 541 573 88 980 907 692 901 467 592 256 569 517 739 85 928 4 182 418 115 297 464 923 864 461 521 394 282 229 353 623 998 629 457 231 975 154 976 917 314 125 786 41 676 435 61 992 882 152 526 499 673 38 775 965 251 964 806 565 436 327 387 701 789 73 968 96 442 94 614 239 248 622 953 420 400 721 71 487 362 762 434 310 384 814 842 287 755 249 167 792 491 645 885 187 101 191 20 264 697 148 469 538 372 637 269 674 872 698 478 98 534 423 165 233 56 377 707 440 763 851 594 663 344 811 139 175 392 743 63 866 524 884 196 823 309 505 486 132 642 237 908 575 204 903 683 427 449 904 147 947 691 577 977 30 745 322 134 669 969 42 781 890 460 138 328 227 930 421 631 999 621 658 3 358 939 179 352 675 580 200 58 772 368 411 962 86 364 386 123 412 216 194 140 313 816 203 955 415 518 92 742 319 784 69 563 414 690 715 606 641 795 99 296 855 636 388 853 355 471 45 578 910 225 650 874 768 812 653 949 501 262 832 956 503 764 810 859 365 515 966 854 846 773 247 554 341 702 635 730 81 912 317 67 441 711 801 865 611 710 144 74 562 113 378 752 104 321 849 307 666 453 723 815 217 780 551 343 337 446 596 374 548 397 604 670 50 574 
326 951 106 919 84 542 858 582 376 959 75 36 385 270 304 174 525 391 79 300 880 654 601 771 978 150 997 767 688 589 64 13 318 238 877 329 911 693 226 547 274 333 273 424 34 169 818 825 484 177 991 605 798 5 942 426 272 143 813 994 839 489 474 861 277 617 116 145 2 822 483 799 863 967 520 639 209 632 555 530 680 758 597 451 820 506 934 171 794 77 468 891 827 909 871 848 210 841 89 916 982 462 207 807 971 502 546 921 883 153 659 253 66 363 634 198 120 860 876 382 627 298 180 655 774 633 361 159 667 250 541 573 88 980 907 692 901 467 592 256 569 517 739 85 928 4 182 418 115 297 464 923 864 461 521 394 282 229 353 623 998 629 457 231 975 154 976 917 314 125 786 41 676 435 61 992 882 152 526 499 673 38 775 965 251 964 806 565 436 327 387 701 789 73 968 96 442 94 614 239 248 622 953 420 400 721 71 487 362 762 434 310 384 814 842 287 755 249 167 792 491 645 885 187 101 191 20 264 697 148 469 538 372 637 269 674 872 698 478 98 534 423 165 233 56 377 707 440 763 851 594 663 344 811 139 175 392 743 63 866 524 884 196 823 309 505 486 132 642 237 908 575 204 903 683 427 449 904 147 947 691 577 977 30 745 322 134 669 969 42 781 890 460 138 328 227 930 421 631 999 621 658 3 358 939 179 352 675 580 200 58 772 368 411 962 86 364 386 123 412 216 194 140 313 816 203 955 
265 943 537 197 280 268 593 57 289 27 136 624 346 744 591 380 324 118 972 184 509 242 316 584 838 416 295 531 354 95 480 37 15 51 948 456 615 8 303 974 315 630 62 782 986 973 835 129 754 873 682 843 844 428 117 278 643 586 984 878 350 164 155 83 240 286 750 560 678 19 852 370 905 65 544 448 285 473 729 796 59 507 43 496 751 513 109 712 156 672 777 960 87 97 932 492 709 160 338 220 996 616 888 124 166 870 985 988 500 987 671 458 432 720 399 725 826 765 485 646 920 581 803 495 135 44 685 766 330 25 224 369 922 619 103 600 433 567 206 703 407 351 757 648 230 349 490 223 945 532 438 831 933 47 983 512 856 367 760 599 470 993 788 1 695 519 463 618 609 628 110 52 552 539 133 656 9 137 271 308 793 847 114 12 929 704 716 476 529 213 951 106 919 84 542 858 582 376 959 75 36 385 270 304 174 525 391 79 300 880 654 601 771 978 150 997 767 688 589 64 13 318 238 877 329 911 693 226 547 274 333 273 424 34 169 818 825 484 177 991 605 798 5 942 426 272 143 813 994 839 489 474 861 277 617 116 145 2 822 483 799 863 967 520 639 209 
734 335 21 383 954 11 121 718 172 915 778 935 756 558 389 24 990 356 497 625 410 896 293 149 459 245 809 700 475 22 559 439 122 128 236 679 892 31 260 540 516 995 660 16 862 76 612 488 836 141 665 195 493 522 60 208 722 291 18 914 228 53 746 32 267 819 35 201 105 466 437 824 465 479 626 390 699 805 359 162 881 211 111 54 332 590 91 26 568 232 708 706 183 610 454 292 894 557 306 340 533 234 119 33 170 185 924 724 875 652 734 323 514 157 396 543 281 817 952 259 638 158 498 613 753 246 749 186 906 419 405 49 970 940 769 93 190 199 740 797 714 528 357 23 779 178 900 188 408 472 583 748 897 963 950 379 401 452 738 301 553 108 664 130 747 151 556 55 235 944 444 571 482 14 926 39 1000 430 867 422 535 6 425 265 112 504 373 620 409 336 450 404 837 902 893 46 348 163 961 828 146 733 181 279 937 100 263 957 173 737 785 989 821 899 142 651 736 481 938 790 494 403 564 585 689 283 402 176 684 218 126 726 326 735 72 398 931 219 445 311 576 687 192 705 570 927 787 829 375 168 561 608 244 28 943 537 197 280 268 593 57 289 27 136 624 346 744 591 380 324 118 972 184 509 242 316 584 838 416 295 531 354 95 480 37 15 51 948 456 615 8 303 974 315 630 62 782 986 973 835 129 754 873 682 843 844 428 117 278 643 586 984 878 350 164 155 83 240 286 750 560 678 19 852 370 905 65 544 448 285 473 729 796 59 507 43 496 751 513 109 712 156 672 777 960 87 97 932 492 709 160 338 220 996 616 888 124 166 870 985 988 500 987 671 458 432 720 399 725 826 765 485 646 920 581 803 495 135 44 685 766 330 25 224 369 922 619 103 600 433 567 206 703 407 351 757 648 230 349 490 223 945 532 438 831 933 47 983 512 856 367 760 599 470 993 788 1 695 519 463 618 609 628 110 52 552 539 133 656 9 137 271 308 793 847 114 12 929 704 716 476 529 213 951 106 919 84 542 858 582 376 959 75 36 385 270 304 174 525 391 79 300 880 654 601 771 978 150 997 767 688 589 64 13 318 238 877 329 911 693 226 547 274 333 273 424 34 169 818 825 484 177 991 605 798 5 942 426 272 143 813 994 839 489 474 861 277 617 116 145 2 822 483 799 863 967 520 639 209 632 555 530 680 758 597 451 820 506 934 171 794 77 468 891 827 909 871 848 210 841 89 916 982 462 207 807 971 502 546 921 883 153 659 253 66 363 634 198 120 860 876 382 627 298 180 655 774 633 361 159 667 250 541 573 88 980 907 692 901 467 592 256 569 517 739 85 928 4 182 418 115 297 464 923 864 461 521 394 282 229 353 623 998 629 457 231 975 154 976 917 314 125 786 41 676 435 61 992 882 152 526 499 673 38 775 965 251 964 806 565 436 327 387 701 789 73 968 96 442 94 614 239 248 622 953 420 400 721 71 487 362 762 434 310 384 814 842 287 755 249 167 792 491 645 885 187 101 191 20 264 697 148 469 538 372 637 269 674 872 698 478 98 534 423 165 233 56 377 707 440 763 851 594 663 344 811 139 175 392 743 63 866 524 884 196 823 309 505 486 132 642 237 908 575 204 903 683 427 449 904 147 947 691 577 977 30 745 322 134 669 969 42 781 890 460 
952 320 845 958 834 443 371 840 804 221 342 290 212 802 791 607 741 572 82 602 677 640 731 595 776 550 857 312 545 131 898 29 243 413 48 241 284 728 510 222 431 681 536 393 694 869 587 713 647 275 833 257 657 17 325 598 527 161 925 80 294 266 918 566 686 936 889 305 868 261 335 21 383 954 11 121 718 172 915 778 935 756 558 389 24 990 356 497 625 410 896 293 149 459 245 809 700 475 22 559 439 122 128 236 679 892 31 260 540 516 995 660 16 862 76 612 488 836 141 665 195 493 522 60 208 722 291 18 914 228 53 746 32 267 819 35 201 105 466 437 824 465 479 626 390 699 805 359 162 881 211 111 54 332 590 91 26 568 232 708 706 183 610 454 292 894 557 306 340 533 234 119 33 170 185 924 724 875 652 734 323 514 157 396 543 281 817 952 259 638 158 498 613 753 246 749 186 906 419 405 49 970 940 769 93 190 199 740 797 714 528 357 23 779 178 900 188 408 472 583 748 897 963 950 379 401 452 738 301 553 108 664 130 747 151 556 55 235 944 444 571 482 14 926 39 1000 430 867 422 535 6 425 265 112 504 373 620 409 336 450 404 837 902 893 46 348 163 961 828 146 733 181 279 937 100 263 957 173 737 785 989 821 899 142 651 736 481 938 790 494 403 564 585 689 283 402 176 684 218 126 726 326 735 72 398 931 219 445 311 576 687 192 705 570 927 787 829 375 168 561 608 244 28 943 537 197 280 268 593 57 289 27 136 624 346 744 591 380 324 118 972 184 509 242 316 584 838 416 295 531 354 95 480 37 15 51 948 456 615 8 303 974 315 630 62 782 986 973 835 129 754 873 682 843 844 428 117 278 643 586 984 878 350 164 155 83 240 286 750 560 678 19 852 370 905 65 544 448 285 473 729 796 59 507 43 496 751 513 109 712 156 672 777 960 87 97 932 492 709 160 338 220 996 616 888 124 166 870 985 988 500 987 671 458 432 720 399 725 826 765 485 646 920 581 803 495 135 44 685 766 330 25 224 369 922 619 103 600 433 567 206 703 407 351 757 648 230 349 490 223 945 532 438 831 933 47 983 512 856 367 760 599 470 993 788 1 695 519 463 618 609 628 110 52 552 539 133 656 9 137 271 308 793 847 114 12 929 704 716 476 529 213 951 106 919 84 542 858 582 376 959 75 36 385 270 304 174 525 391 79 300 880 654 601 771 978 150 997 767 688 589 64 13 318 238 877 329 911 693 226 547 274 333 273 424 34 169 818 825 484 177 991 605 798 5 942 426 272 143 813 994 839 489 474 861 277 617 116 145 2 822 483 799 863 967 520 639 209 632 555 530 680 758 597 451 820 506 934 171 794 77 468 891 827 909 871 848 210 841 89 916 982 462 207 807 971 502 546 921 883 153 659 253 66 363 634 198 120 860 876 382 627 298 180 655 774 633 361 159 667 250 541 573 88 980 907 692 901 467 592 256 569 517 739 85 928 4 182 418 115 297 464 923 864 461 521 394 282 229 353 623 998 629 457 231 975 154 976 917 314 125 786 41 676 435 61 992 882 152 526 499 673 38 775 965 251 964 806 565 436 327 387 701 789 73 968 96 442 94 614 239 248 622 953 420 400 721 71 487 362 762 434 310 384 814 842 287 755 249 167 792 491 645 885 187 101 191 20 264 697 148 469 538 372 637 269 674 872 698 478 98 534 423 165 233 56 377 707 440 763 851 594 663 344 811 139 175 392 743 63 866 524 884 196 823 309 505 486 132 642 237 908 575 204 903 683 427 449 904 147 947 691 577 977 30 745 322 134 669 969 42 781 890 460 138 328 227 930 421 631 999 621 658 3 358 939 179 352 675 580 200 58 772 368 411 962 86 364 386 123 412 216 194 140 313 816 203 955 415 518 92 742 319 784 69 563 414 690 715 606 641 795 99 296 855 636 388 853 355 471 45 578 910 225 650 874 768 812 653 949 501 262 832 956 503 764 810 859 365 515 966 854 846 773 247 554 341 702 635 730 81 912 317 67 441 711 801 865 611 710 144 74 562 113 378 752 104 321 849 307 666 453 723 815 217 780 551 343 337 446 596 374 548 397 604 670 50 574 511 102 946 417 40 662 886 78 360 255 107 447 808 339 276 759 981 649 979 302 732 202 941 783 429 
245 998 629 457 231 975 154 976 917 314 125 786 41 676 435 61 992 882 152 526 499 673 38 775 965 251 964 806 565 436 327 387 701 789 73 968 96 442 94 614 239 248 622 953 420 400 721 71 487 362 762 434 310 384 814 842 287 755 249 167 792 491 645 885 187 101 191 20 264 697 148 469 538 372 637 269 674 872 698 478 98 534 423 165 233 56 377 707 440 763 851 594 663 344 811 139 175 392 743 63 866 524 884 196 823 309 505 486 132 642 237 908 575 204 903 683 427 449 904 147 947 691 577 977 30 745 322 134 669 969 42 781 890 460 138 328 227 930 421 631 999 621 658 3 358 939 179 352 675 580 200 58 772 368 411 962 86 364 386 123 412 216 194 140 313 816 203 955 415 518 92 742 319 784 69 563 414 690 715 606 641 795 99 296 855 636 388 853 355 471 45 578 910 225 650 874 768 812 653 949 501 262 832 956 503 764 810 859 365 515 966 854 846 773 247 554 341 702 635 730 81 912 317 67 441 711 801 865 611 710 144 74 562 113 378 752 104 321 849 307 666 453 723 815 217 780 
989 913 879 215 381 761 477 887 508 770 252 644 189 90 549 719 395 406 696 579 661 193 7 455 366 320 845 958 834 443 371 840 804 221 342 290 212 802 791 607 741 572 82 602 677 640 731 595 776 550 857 312 545 131 898 29 243 413 48 241 284 728 510 222 431 681 536 393 694 869 587 713 647 275 833 257 657 17 325 598 527 161 925 80 294 266 918 566 686 936 889 305 868 261 335 21 383 954 11 121 718 172 915 778 935 756 558 389 24 990 356 497 625 410 896 293 149 459 245 809 700 475 22 559 439 122 128 236 679 892 31 260 540 516 995 660 16 862 76 612 488 836 141 665 195 493 522 60 208 722 291 18 914 228 53 746 32 267 819 35 201 105 466 437 824 465 479 626 390 699 805 359 162 881 211 111 54 332 590 91 26 568 232 708 706 183 610 454 292 894 557 306 340 533 234 119 33 170 185 924 724 875 652 734 323 514 157 396 543 281 817 952 259 638 158 498 613 753 246 749 186 906 419 405 49 970 940 769 93 190 199 740 797 714 528 357 23 779 178 900 188 408 472 583 748 897 963 950 379 401 452 738 301 553 108 664 130 747 151 556 55 235 944 444 571 482 14 926 39 1000 430 867 422 535 6 425 265 112 504 373 620 409 336 450 404 837 902 893 46 348 163 961 828 146 733 181 279 937 100 263 957 173 737 785 989 821 899 142 651 736 481 938 790 494 403 564 585 689 283 402 176 684 218 126 726 326 735 72 398 931 219 445 311 576 687 192 705 570 927 787 829 375 168 561 608 244 28 943 537 197 280 268 593 57 289 27 136 624 346 744 591 380 324 118 972 184 509 242 316 584 838 416 295 531 354 95 480 37 15 51 948 456 615 8 303 974 315 630 62 782 986 973 835 129 754 873 682 843 844 428 117 278 643 586 984 878 350 164 155 83 240 286 750 560 678 19 852 370 905 65 544 448 285 473 729 796 59 507 43 496 751 513 109 712 156 672 777 960 87 97 932 492 709 160 338 220 996 616 888 124 166 870 985 988 500 987 671 458 432 720 399 725 826 765 485 646 920 581 803 495 135 44 685 766 330 25 224 369 922 619 103 600 433 567 206 703 407 351 757 648 230 349 490 223 945 532 438 831 933 47 983 512 856 367 760 599 470 993 788 1 695 519 463 618 609 628 110 52 552 539 133 656 9 137 271 308 793 847 114 12 929 704 716 476 529 213 951 106 919 84 542 858 582 376 959 75 36 385 270 304 174 525 391 79 300 880 654 601 771 978 150 997 767 688 589 64 13 318 238 877 329 911 693 226 547 274 333 273 424 34 169 818 825 484 177 991 605 798 5 942 426 272 143 813 994 839 489 474 861 277 617 116 145 2 822 483 799 863 967 520 639 209 632 555 530 680 758 597 451 820 506 934 171 794 77 468 891 827 909 871 848 210 841 89 916 982 462 207 807 971 502 546 921 883 153 659 253 66 363 634 198 120 860 876 382 627 298 180 655 774 633 361 159 667 250 541 573 88 980 907 692 901 467 592 256 569 517 739 85 928 4 182 418 115 297 464 923 864 461 521 394 282 229 353 623 998 629 457 231 975 154 976 917 314 125 786 41 676 435 61 992 882 152 526 499 673 38 775 965 251 964 806 565 436 327 387 701 789 73 968 96 442 94 614 239 248 622 953 420 400 721 71 487 362 762 434 310 384 814 842 287 755 249 167 792 491 645 885 187 101 191 20 264 697 148 469 538 372 637 269 674 872 698 478 98 534 423 165 233 56 377 707 440 763 851 594 663 344 811 139 175 392 743 63 866 524 884 196 823 309 505 486 132 642 237 908 575 204 903 683 427 449 904 147 947 691 577 977 30 745 322 134 669 969 42 781 890 460 138 328 227 930 421 631 999 621 658 3 358 939 179 352 675 580 200 58 772 368 411 962 86 364 386 123 412 216 194 140 313 816 203 955 415 518 92 742 319 784 69 563 414 690 715 606 641 795 99 296 855 636 388 853 355 471 45 578 910 225 650 874 768 812 653 949 501 262 832 956 503 764 810 859 365 515 966 854 846 773 247 554 341 702 635 730 81 912 317 67 441 711 801 865 611 710 144 74 562 113 378 752 104 321 849 307 666 453 723 815 217 780 551 343 337 446 596 374 548 397 604 670 50 574 511 102 946 417 40 662 886 78 360 255 107 447 808 339 276 759 981 649 979 302 732 202 941 783 429 347 68 299 10 717 127 850 345 258 254 668 70 727 
643 404 837 902 893 46 348 163 961 828 146 733 181 279 937 100 263 957 173 737 785 989 821 899 142 651 736 481 938 790 494 403 564 585 689 283 402 176 684 218 126 726 326 735 72 398 931 219 445 311 576 687 192 705 570 927 787 829 375 168 561 608 244 28 943 537 197 280 268 593 57 289 27 136 624 346 744 591 380 324 118 972 184 509 242 316 584 838 416 295 531 354 95 480 37 15 51 948 456 615 8 303 974 315 630 62 782 986 973 835 129 754 873 682 843 844 428 117 278 643 586 984 878 350 164 155 83 240 286 750 560 678 19 852 370 905 65 544 448 285 473 729 796 59 507 43 496 751 513 109 712 156 672 777 960 87 97 932 492 709 160 338 220 996 616 888 124 166 870 985 988 500 987 671 458 432 720 399 725 826 765 485 646 920 581 803 495 135 44 685 766 330 25 224 369 922 619 103 600 433 567 206 703 407 351 757 648 230 349 490 223 945 532 438 831 933 47 983 512 856 367 760 599 470 993 788 1 695 519 463 618 609 628 110 52 552 539 133 656 9 137 271 308 793 847 114 12 929 704 716 476 529 213 951 106 919 84 542 858 582 376 959 75 36 385 270 304 174 525 391 79 300 880 654 601 771 978 150 997 767 688 589 64 13 318 238 877 329 911 693 226 547 274 333 273 424 34 169 818 825 484 177 991 605 798 5 942 426 272 143 813 994 839 489 474 861 277 617 116 145 2 822 483 799 863 967 520 639 209 632 555 530 680 758 597 451 820 506 934 171 794 77 468 891 827 909 871 848 210 841 89 916 982 462 207 807 971 502 546 921 883 153 659 253 66 363 634 198 120 860 876 382 627 298 180 655 774 633 361 159 667 250 541 573 88 980 907 692 901 467 592 256 569 517 739 85 928 4 182 418 115 297 464 923 864 461 521 394 282 229 353 623 998 629 457 231 975 154 976 917 314 125 786 41 676 435 61 992 882 152 526 499 673 38 775 965 251 964 806 565 436 327 387 701 789 73 968 96 442 94 614 239 248 622 953 420 400 721 71 487 362 762 434 310 384 814 842 287 755 249 167 792 491 645 885 187 101 191 20 264 697 148 469 538 372 637 269 674 872 698 478 98 534 423 165 233 56 377 707 440 763 851 594 663 344 811 139 175 392 743 63 866 524 884 196 823 309 505 486 132 642 237 908 575 204 903 683 427 449 904 147 947 691 577 977 30 745 322 134 669 969 42 781 890 460 138 328 227 930 421 631 999 621 658 3 358 939 179 352 675 580 200 58 772 368 411 962 86 364 386 123 412 216 194 140 313 816 203 955 415 518 92 742 319 784 69 563 414 690 715 606 641 795 99 296 855 636 388 853 355 471 45 578 910 225 650 874 768 812 653 949 501 262 832 956 503 764 810 859 365 515 966 854 846 773 247 554 341 702 635 730 81 912 317 67 441 711 801 865 611 710 144 74 562 
74 494 403 564 585 689 283 402 176 684 218 126 726 326 735 72 398 931 219 445 311 576 687 192 705 570 927 787 829 375 168 561 608 244 28 943 537 197 280 268 593 57 289 27 136 624 346 744 591 380 324 118 972 184 509 242 316 584 838 416 295 531 354 95 480 37 15 51 948 456 615 8 303 974 315 
237 769 93 190 199 740 797 714 528 357 23 779 178 900 188 408 472 583 748 897 963 950 379 401 452 738 301 553 108 664 130 747 151 556 55 235 944 444 571 482 14 926 39 1000 430 867 422 535 6 425 265 112 504 373 620 409 336 450 404 837 902 893 46 348 163 961 828 146 733 181 279 937 100 263 957 173 737 785 989 821 899 142 651 736 481 938 790 494 403 564 585 689 283 402 176 684 218 126 726 326 735 72 398 931 219 445 311 576 687 192 705 570 927 787 829 375 168 561 608 244 28 943 537 197 280 268 593 57 289 27 136 624 346 744 591 380 324 118 972 184 509 242 316 584 838 416 295 531 354 95 480 37 15 51 948 456 615 8 303 974 315 630 62 782 986 973 835 129 754 873 682 843 844 428 117 278 643 586 984 878 350 164 155 83 240 286 750 560 678 19 852 370 905 65 544 448 285 473 729 796 59 507 43 496 751 513 109 712 156 672 777 960 87 97 932 492 709 160 338 220 996 616 888 124 166 870 985 988 500 987 671 458 432 720 399 725 826 765 
739 664 130 747 151 556 55 235 944 444 571 482 14 926 39 1000 430 867 422 535 6 425 265 112 504 373 620 409 336 450 404 837 902 893 46 348 163 961 828 146 733 181 279 937 100 263 957 173 737 785 989 821 899 142 651 736 481 938 790 494 403 564 585 689 283 402 176 684 218 126 726 326 735 72 398 931 219 445 311 576 687 192 705 570 927 787 829 375 168 561 608 244 28 943 537 197 280 268 593 57 289 27 136 624 346 744 591 380 324 118 972 184 509 242 316 584 838 416 295 531 354 95 480 37 15 51 948 456 615 8 303 974 315 630 62 782 986 973 835 129 754 873 682 843 844 428 117 278 643 586 984 878 350 164 155 83 240 286 750 560 678 19 852 370 905 65 544 448 285 473 729 796 59 507 43 496 751 513 109 712 156 672 777 960 87 97 932 492 709 160 338 220 996 616 888 124 166 870 985 988 500 987 671 458 432 720 399 725 826 765 485 646 920 581 803 495 135 44 685 766 330 25 224 369 922 619 103 600 433 567 206 703 407 351 757 648 230 349 490 223 945 532 438 831 933 47 983 512 856 367 760 599 470 993 788 1 695 519 463 618 609 628 110 52 552 539 133 656 9 137 271 308 793 847 114 12 929 704 716 476 529 213 951 106 919 84 542 858 582 376 959 75 36 385 270 304 174 525 391 79 300 880 654 601 771 978 150 997 767 688 589 64 13 318 238 877 329 911 693 226 547 274 333 273 424 34 169 818 825 484 177 991 605 798 5 942 426 272 143 813 994 839 489 474 861 277 617 116 145 2 822 483 799 863 967 520 639 209 632 555 530 680 758 597 451 820 506 934 171 794 77 468 891 827 909 871 848 210 841 89 916 982 462 207 807 971 502 546 921 883 153 659 253 66 363 634 198 120 860 876 382 627 298 180 655 774 633 361 159 667 250 541 573 88 980 907 692 901 467 592 256 569 517 739 85 928 4 182 418 115 297 464 923 864 461 521 394 282 229 353 623 998 629 457 231 975 154 976 917 314 125 786 41 676 435 61 992 882 152 526 499 673 38 775 965 251 964 806 565 436 327 387 701 789 73 968 96 442 94 614 239 248 622 953 420 400 721 71 487 362 762 434 310 384 814 842 287 755 249 167 792 491 645 885 187 101 191 20 264 697 148 469 538 372 637 269 674 872 698 478 98 534 423 165 233 56 377 707 440 763 851 594 663 344 811 139 175 392 743 63 866 524 884 196 823 309 505 486 132 642 237 908 575 204 903 683 427 449 904 147 947 691 577 977 30 745 322 134 669 969 42 781 890 460 138 328 227 930 421 631 999 621 658 3 358 939 179 352 675 580 200 58 772 368 411 962 86 364 386 123 412 216 194 140 313 816 203 955 415 518 92 742 319 784 69 563 414 690 715 606 641 795 99 296 855 636 388 853 355 471 45 578 910 225 650 874 768 812 653 949 501 262 832 956 503 764 810 859 365 515 966 854 846 773 247 554 341 702 635 730 81 912 317 67 441 711 801 865 611 710 144 74 562 113 378 752 104 321 849 307 666 453 723 815 217 780 551 343 337 446 596 374 548 397 604 670 50 574 511 102 946 417 40 662 886 78 360 255 107 447 808 339 276 759 981 649 979 302 732 202 941 783 429 347 68 299 10 717 127 850 345 258 254 668 70 727 603 331 523 895 
543 549 719 395 406 696 579 661 193 7 455 366 320 845 958 834 443 371 840 804 221 342 290 212 802 791 607 741 572 82 602 677 640 731 595 776 550 857 312 545 131 898 29 243 413 48 241 284 728 510 222 431 681 536 393 694 869 587 713 647 275 833 257 657 17 325 598 527 161 925 80 294 266 918 566 686 936 889 305 868 261 335 21 383 954 11 121 718 172 915 778 935 756 558 389 24 990 356 497 625 410 896 293 149 459 245 809 700 475 22 559 439 122 128 236 679 892 31 260 540 516 995 660 16 862 76 612 488 836 141 665 195 493 522 60 208 722 291 18 914 228 53 746 32 267 819 35 201 105 466 437 824 465 479 626 390 699 805 359 162 881 211 111 54 332 590 91 26 568 232 708 706 183 610 454 292 894 557 306 340 533 234 119 33 170 185 924 724 875 652 734 323 514 157 396 543 281 817 952 259 638 158 498 613 753 246 749 186 906 419 405 49 970 940 769 93 190 199 740 797 714 528 357 23 779 178 900 188 408 472 583 748 897 963 950 379 401 452 738 301 553 108 664 130 747 151 556 55 235 944 444 571 482 14 926 39 1000 430 867 422 535 6 425 265 112 504 373 620 409 336 450 404 837 902 893 46 348 163 961 828 146 733 181 279 937 100 263 957 173 737 785 989 821 899 142 651 736 481 938 790 494 403 564 585 689 283 402 176 684 218 126 726 326 735 72 398 931 219 445 311 576 687 192 705 570 927 787 829 375 168 561 608 244 28 943 537 197 280 268 593 57 289 27 136 624 346 744 591 380 324 118 972 184 509 242 316 584 838 416 295 531 354 95 480 37 15 51 948 456 615 8 303 974 315 630 62 782 986 973 835 129 754 873 682 843 844 428 117 278 643 586 984 878 350 164 155 83 240 286 750 560 678 19 852 370 905 65 544 448 285 473 729 796 59 507 43 496 751 513 109 712 156 672 777 960 87 97 932 492 709 160 338 220 996 616 888 124 166 870 985 988 500 987 671 458 432 720 399 725 826 765 485 646 920 581 803 495 135 44 685 766 330 25 224 369 922 619 103 600 433 567 206 703 407 351 757 648 230 349 490 223 945 532 438 831 933 47 983 512 856 367 760 599 470 993 788 1 695 519 463 618 609 628 110 52 552 539 133 656 9 137 271 308 793 847 114 12 929 704 716 476 529 213 951 106 919 84 542 858 582 376 959 75 36 385 270 304 174 525 391 79 300 880 654 
572 404 837 902 893 46 348 163 961 828 146 733 181 279 937 100 263 957 173 737 785 989 821 899 142 651 736 481 938 790 494 403 564 585 689 283 402 176 684 218 126 726 326 735 72 398 931 219 445 311 576 687 192 705 570 927 787 829 375 168 561 608 244 28 943 537 197 280 268 593 57 289 27 136 624 346 744 591 380 324 118 972 184 509 242 316 584 838 416 295 531 354 95 480 37 15 51 948 456 615 8 303 974 315 630 62 782 986 973 835 129 754 873 682 843 844 428 117 278 643 586 984 878 350 164 155 83 240 286 750 560 678 19 852 370 905 65 544 448 285 473 729 796 59 507 43 496 751 513 109 712 156 672 777 960 87 97 932 492 709 160 338 220 996 616 888 124 166 870 985 988 500 987 671 458 432 720 399 725 826 765 485 646 920 581 803 495 135 44 685 766 330 25 224 369 922 619 103 600 433 567 206 703 407 351 757 648 230 349 490 223 945 532 438 831 933 47 983 512 856 367 760 599 470 993 788 1 695 519 463 618 609 628 110 52 552 539 133 656 9 137 271 308 793 847 114 12 929 704 716 476 529 213 951 106 919 84 542 858 582 376 959 75 36 385 270 304 174 525 391 79 300 880 654 601 771 978 150 997 767 688 589 64 13 318 238 877 329 911 693 226 547 274 333 273 424 34 169 818 825 484 177 991 605 798 5 942 426 272 143 813 994 839 489 474 861 277 617 116 145 2 822 483 799 863 967 520 639 209 632 555 530 680 758 597 451 820 506 934 171 794 77 468 891 827 909 871 848 210 841 89 916 982 462 207 807 971 502 546 921 883 153 659 253 66 363 634 198 120 860 876 382 627 298 180 655 774 633 361 159 667 250 541 573 88 980 907 692 901 467 592 256 569 517 739 85 928 4 182 418 115 297 464 923 864 461 521 394 282 229 353 623 998 629 457 231 975 154 976 917 314 125 786 41 676 435 61 992 882 152 526 499 673 38 775 965 251 964 806 565 436 327 387 701 789 73 968 96 442 94 614 239 248 622 953 420 400 721 71 487 362 762 434 310 384 814 842 287 755 249 167 792 491 645 885 187 101 191 20 264 697 148 469 538 372 637 269 674 872 698 478 98 534 423 165 233 56 377 707 440 763 851 594 663 344 811 139 175 392 743 63 866 524 884 196 823 309 505 486 132 642 237 908 575 204 903 683 427 449 904 147 947 691 577 977 30 745 322 134 669 969 42 781 890 460 138 328 227 930 421 631 999 621 658 3 358 939 179 352 675 580 200 58 772 368 411 962 86 364 386 123 412 216 
283 22 559 439 122 128 236 679 892 31 260 540 516 995 660 16 862 76 612 488 836 141 665 195 493 522 60 208 722 291 18 914 228 53 746 32 267 819 35 201 105 466 437 824 465 479 626 390 699 805 359 162 881 211 111 54 332 590 91 26 568 232 708 706 183 610 454 292 894 557 306 340 533 234 119 33 170 185 924 724 875 652 734 323 514 157 396 543 281 817 952 259 638 158 498 613 753 246 749 186 906 419 405 49 970 940 769 93 190 199 740 797 714 528 357 23 779 178 900 188 408 472 583 748 897 963 950 379 401 452 738 301 553 108 664 130 747 151 556 55 235 944 444 571 482 14 926 39 1000 430 867 422 535 6 425 265 112 504 373 620 409 336 450 404 837 902 893 46 348 163 961 828 146 733 181 279 937 100 263 957 173 737 785 989 821 899 142 651 736 481 938 790 494 403 564 585 689 283 402 176 684 218 126 726 326 735 72 398 931 219 445 311 576 687 192 705 570 927 787 829 375 168 561 608 244 28 943 537 197 280 268 593 57 289 27 136 624 346 744 591 380 324 118 972 184 509 242 316 584 838 416 295 531 354 95 480 37 15 51 948 456 615 8 303 974 315 630 62 782 986 973 835 129 754 873 682 843 844 428 117 278 643 586 984 
143 778 935 756 558 389 24 990 356 497 625 410 896 293 149 459 245 809 700 475 22 559 439 122 128 236 679 892 31 260 540 516 995 660 16 862 76 612 488 836 141 665 195 493 522 60 208 722 291 18 914 228 53 746 32 267 819 35 201 105 466 437 824 465 479 626 390 699 805 359 162 881 211 111 54 332 590 91 26 568 232 708 706 183 610 454 292 894 557 306 340 533 234 119 33 170 185 924 724 875 652 734 323 514 157 396 543 281 817 952 259 638 158 498 613 753 246 749 186 906 419 405 49 970 940 769 93 190 199 740 797 714 528 357 23 779 178 900 188 408 472 583 748 897 
3 670 50 574 
347 280 268 593 57 289 27 136 624 346 744 591 380 324 118 972 184 509 242 316 584 838 416 295 531 354 95 480 37 15 51 948 456 615 8 303 974 315 630 62 782 986 973 835 129 754 873 682 843 844 428 117 278 643 586 984 878 350 164 155 83 240 286 750 560 678 19 852 370 905 65 544 448 285 473 729 796 59 507 43 496 751 513 109 712 156 672 777 960 87 97 932 492 709 160 338 220 996 616 888 124 166 870 985 988 500 987 671 458 432 720 399 725 826 765 485 646 920 581 803 495 135 44 685 766 330 25 224 369 922 619 103 600 433 567 206 703 407 351 757 648 230 349 490 223 945 532 438 831 933 47 983 512 856 367 760 599 470 993 788 1 695 519 463 618 609 628 110 52 552 539 133 656 9 137 271 308 793 847 114 12 929 704 716 476 529 213 951 106 919 84 542 858 582 376 959 75 36 385 270 304 174 525 391 79 300 880 654 601 771 978 150 997 767 688 589 64 13 318 238 877 329 911 693 226 547 274 333 273 424 34 169 818 825 484 177 991 605 798 5 942 426 272 143 813 994 839 489 474 861 277 617 116 145 2 822 483 799 863 967 520 639 209 632 555 530 680 758 597 451 820 506 934 171 794 77 468 891 827 909 871 848 210 841 89 916 982 462 207 807 971 502 546 921 883 153 659 253 66 363 634 198 120 860 876 382 627 298 180 655 774 633 361 159 667 250 541 573 88 980 907 692 901 467 592 256 569 517 739 85 928 4 182 418 115 297 464 923 864 461 521 394 282 229 353 623 998 629 
563 843 844 428 117 278 643 586 984 878 350 164 155 83 240 286 750 560 678 19 852 370 905 65 544 448 285 473 729 796 59 507 43 496 751 513 109 712 156 672 777 960 87 97 932 492 709 160 338 220 996 616 888 124 166 870 985 988 500 987 671 458 432 720 399 725 826 765 485 646 920 581 803 495 135 44 685 766 330 25 224 369 922 619 103 600 433 567 206 703 407 351 757 648 230 349 490 223 945 532 438 831 933 47 983 512 856 367 760 599 470 993 788 1 695 519 463 618 609 628 110 52 552 539 133 656 9 137 271 308 793 847 114 12 929 704 716 476 529 213 951 106 919 84 542 858 582 376 959 75 36 385 270 304 174 525 391 79 300 880 654 601 771 978 150 997 767 688 589 64 13 318 238 877 329 911 693 226 547 274 333 273 424 34 169 818 825 484 177 991 605 798 5 942 426 272 143 813 994 839 489 474 861 277 617 116 145 2 822 483 799 863 967 520 639 209 632 555 530 680 758 597 451 820 506 934 171 794 77 468 891 827 909 871 848 210 841 89 916 982 462 207 807 971 502 546 921 883 153 659 253 66 363 634 198 120 860 876 382 627 298 180 655 774 633 361 159 667 250 541 573 88 980 907 692 901 467 592 256 569 517 739 85 928 4 182 418 115 297 464 923 864 461 521 394 282 229 353 623 998 629 457 231 975 154 976 917 314 125 786 41 676 435 61 992 882 152 526 499 673 38 775 965 251 964 806 565 436 327 387 701 789 73 968 96 442 94 614 239 248 622 953 420 400 721 71 487 362 762 434 310 384 814 842 287 755 249 167 792 491 645 885 187 101 191 20 264 697 148 469 538 372 637 269 674 872 698 478 98 534 423 165 233 56 377 707 440 763 851 594 663 344 811 139 175 392 743 63 866 524 884 196 823 309 505 486 132 642 237 908 575 204 903 683 427 449 904 147 947 691 577 977 30 745 322 134 669 969 42 781 890 460 138 328 227 930 421 631 999 621 658 3 358 939 179 352 675 580 200 58 772 368 411 962 86 364 386 123 412 216 194 140 313 816 203 955 415 518 92 742 319 784 69 563 414 690 715 606 641 795 99 296 855 636 388 853 355 471 45 578 910 225 650 874 768 812 653 949 501 262 832 956 503 764 810 859 365 515 966 854 846 773 247 554 341 702 635 730 81 912 317 67 441 711 801 865 611 710 144 74 562 113 378 752 104 321 849 307 666 453 723 815 217 780 551 343 337 446 596 374 548 397 604 670 50 574 511 102 946 417 40 662 886 78 
73 304 174 525 391 79 300 880 654 601 771 978 150 997 767 688 589 64 13 318 238 877 329 911 693 226 547 274 333 273 424 34 169 818 825 484 177 991 605 798 5 942 426 272 143 813 994 839 489 474 861 277 617 116 145 2 822 483 799 863 967 520 639 209 632 555 530 680 758 597 451 820 506 934 
963 252 644 189 90 549 719 395 406 696 579 661 193 7 455 366 320 845 958 834 443 371 840 804 221 342 290 212 802 791 607 741 572 82 602 677 640 731 595 776 550 857 312 545 131 898 29 243 413 48 241 284 728 510 222 431 681 536 393 694 869 587 713 647 275 833 257 657 17 325 598 527 161 925 80 294 266 918 566 686 936 889 305 868 261 335 21 383 954 11 121 718 172 915 778 935 756 558 389 24 990 356 497 625 410 896 293 149 459 245 809 700 475 22 559 439 122 128 236 679 892 31 260 540 516 995 660 16 862 76 612 488 836 141 665 195 493 522 60 208 722 291 18 914 228 53 746 32 267 819 35 201 105 466 437 824 465 479 626 390 699 805 359 162 881 211 111 54 332 590 91 26 568 232 708 706 183 610 454 292 894 557 306 340 533 234 119 33 170 185 924 724 875 652 734 323 514 157 396 543 281 817 952 259 638 158 498 613 753 246 749 186 906 419 405 49 970 940 769 93 190 199 740 797 714 528 357 23 779 178 900 188 408 472 583 748 897 963 950 379 401 452 738 301 553 108 664 130 747 151 556 55 235 944 444 571 482 14 926 39 1000 430 867 422 535 6 425 265 112 504 373 620 409 336 450 404 837 902 893 46 348 163 961 828 146 733 181 279 937 100 263 957 173 737 785 989 821 899 142 651 736 481 938 790 494 403 564 585 689 283 402 176 684 218 126 726 326 735 72 398 931 219 445 311 576 687 192 705 570 927 787 829 375 168 561 608 244 28 943 537 197 280 268 593 57 289 27 136 624 346 744 591 380 324 118 972 184 509 242 316 584 838 416 295 531 354 95 480 37 15 51 948 456 615 8 303 974 315 630 62 782 986 973 835 129 754 873 682 843 844 428 117 278 643 586 984 878 350 164 155 83 240 286 750 560 678 19 852 370 905 65 544 448 285 473 729 796 59 507 43 496 751 513 109 712 156 672 777 960 87 97 932 492 709 160 338 220 996 616 888 124 166 870 985 988 500 987 671 458 432 720 399 725 826 765 485 646 920 581 803 495 135 44 685 766 330 25 224 369 922 619 103 600 433 567 206 703 407 351 757 648 230 349 490 223 945 532 438 831 933 47 983 512 856 367 760 599 470 993 788 1 695 519 463 618 609 628 110 52 552 539 133 656 9 137 271 308 793 847 114 12 929 704 716 476 529 213 951 106 919 84 542 858 582 376 959 75 36 385 270 304 174 525 391 79 300 880 654 601 771 978 150 997 767 688 589 64 13 318 238 877 329 911 693 226 547 274 333 273 424 34 169 818 825 484 177 991 605 798 5 942 426 272 143 813 994 839 489 474 861 277 617 116 145 2 822 483 799 863 967 520 639 209 632 555 530 680 758 597 451 820 506 934 171 794 77 468 891 827 909 871 848 210 841 89 916 982 462 207 807 971 502 546 921 883 153 659 253 66 363 634 198 120 860 876 382 627 298 180 655 774 633 361 159 667 250 541 573 88 980 907 692 901 467 592 256 569 517 739 85 928 4 182 418 115 297 464 923 864 461 521 394 282 229 353 623 998 629 457 231 975 154 976 917 314 125 786 41 676 435 61 992 882 152 526 499 673 38 775 965 251 964 806 565 436 327 387 701 789 73 968 96 442 94 614 239 248 622 953 420 400 721 71 487 362 762 434 310 384 814 842 287 755 249 167 792 491 645 885 187 101 191 20 264 697 148 469 538 372 637 269 674 872 698 478 98 534 423 165 233 56 377 707 440 763 851 594 663 344 811 139 175 392 743 63 866 524 884 196 823 309 505 486 132 642 237 908 575 204 903 683 427 449 904 147 947 691 577 977 30 745 322 134 669 969 42 781 890 460 138 328 227 930 421 631 999 621 658 3 358 939 179 352 675 580 200 58 772 368 411 962 86 364 386 123 412 216 194 140 313 816 203 955 415 518 92 742 319 784 69 563 414 690 715 606 641 795 99 296 855 636 388 853 355 471 45 578 910 225 650 874 768 812 653 949 501 262 832 956 503 764 810 859 365 515 966 854 846 773 247 554 341 702 635 730 81 912 317 67 441 711 801 865 611 710 144 74 562 113 378 752 104 321 849 307 666 453 723 815 217 780 551 343 337 446 596 374 548 397 604 670 50 574 511 102 946 417 40 662 886 78 360 255 107 447 808 339 276 759 981 649 979 302 732 
857 661 193 7 455 366 320 845 958 834 443 371 840 804 221 342 290 212 802 791 607 741 572 82 602 677 640 731 595 776 550 857 312 545 131 898 29 243 413 48 241 284 728 510 222 431 681 536 393 694 869 587 713 647 275 833 257 657 17 325 598 527 161 925 80 294 266 918 566 686 936 889 305 868 261 335 21 383 954 11 121 718 172 915 778 935 756 558 389 24 990 356 497 625 410 896 293 149 459 245 809 700 475 22 559 439 122 128 236 679 892 31 260 540 516 995 660 16 862 76 612 488 836 141 665 195 493 522 60 208 722 291 18 914 228 53 746 32 267 819 35 201 105 466 437 824 465 479 626 390 699 805 359 162 881 211 111 54 332 590 91 26 568 232 708 706 183 610 454 292 894 557 306 340 533 234 119 33 170 185 924 724 875 652 734 323 514 157 396 543 281 817 952 259 638 158 498 613 753 246 749 186 906 419 405 49 970 940 769 93 190 199 740 797 714 528 357 23 779 178 900 188 408 472 583 748 897 963 950 379 401 452 738 301 553 108 664 130 747 151 556 55 235 944 444 571 482 14 926 39 1000 430 867 422 535 6 425 265 112 504 373 620 409 336 450 404 837 902 893 46 348 163 961 828 146 733 181 279 937 100 263 957 173 737 785 989 821 899 142 651 736 481 938 790 494 403 564 585 689 283 402 176 684 218 126 726 326 735 72 398 931 219 445 311 576 687 192 705 570 927 787 829 375 168 561 608 244 28 943 537 197 280 268 593 57 289 27 136 624 346 744 591 380 324 118 972 184 509 242 316 584 838 416 295 531 354 95 480 37 15 51 948 456 615 8 303 974 315 630 62 782 986 973 835 129 754 873 682 843 844 428 117 278 643 586 984 878 350 164 155 83 240 286 750 560 678 19 852 370 905 65 544 448 285 473 729 796 59 507 43 496 751 513 109 712 156 672 777 960 87 97 932 492 709 160 338 220 996 616 888 124 166 870 985 988 500 987 671 458 432 720 399 725 826 765 485 646 920 581 803 495 135 44 685 766 330 25 224 369 922 619 103 600 433 567 206 703 407 351 757 648 230 349 490 223 945 532 438 831 933 47 983 512 856 367 760 599 470 993 788 1 695 519 463 618 609 628 110 52 552 539 133 656 9 137 271 308 793 847 114 12 929 704 716 476 529 213 951 106 919 84 542 858 582 376 959 75 36 385 270 304 174 525 391 79 300 880 654 601 771 978 150 997 767 688 589 64 13 318 238 877 329 911 693 226 547 274 333 273 424 34 169 818 825 484 177 991 605 798 5 942 426 272 143 813 994 839 489 474 861 277 617 116 145 2 822 483 799 863 967 520 639 209 632 555 530 680 758 597 451 820 506 934 171 794 77 468 891 827 909 871 848 210 841 89 916 982 462 207 807 971 502 546 921 883 153 659 253 66 363 634 198 120 860 876 382 627 298 180 655 774 633 361 159 667 250 541 573 88 980 907 692 901 467 592 256 569 517 739 85 928 4 182 418 115 297 464 923 864 461 521 394 282 229 353 623 998 629 457 231 975 154 976 917 314 125 786 41 676 435 61 992 882 152 526 499 673 38 775 965 251 964 806 565 436 327 387 701 789 73 968 96 442 94 614 239 248 622 953 420 400 721 71 487 362 762 434 310 384 814 842 287 755 249 167 792 491 645 885 187 101 191 20 264 697 148 469 538 372 637 269 674 872 698 478 98 534 423 165 233 56 377 707 440 763 851 594 663 344 811 139 175 392 743 63 866 524 884 196 823 309 505 486 132 642 237 908 575 204 903 683 427 449 904 147 947 691 577 977 30 745 322 134 669 969 42 781 890 460 138 328 227 930 421 631 999 621 658 3 358 939 179 352 675 580 200 58 772 368 411 962 86 364 386 123 412 216 194 140 313 816 203 955 415 518 92 742 319 784 69 563 414 690 715 606 641 795 99 
179 618 609 628 110 52 552 539 133 656 9 137 271 308 793 847 114 12 929 704 716 476 529 213 951 106 919 84 542 858 582 376 959 75 36 385 270 304 174 525 391 79 300 880 654 601 771 978 150 997 767 688 589 64 13 318 238 877 329 911 693 226 547 274 333 273 424 34 169 818 825 484 177 991 605 798 5 942 426 272 143 813 994 839 489 474 861 277 617 116 145 2 822 483 799 863 967 520 639 209 632 555 530 680 758 597 451 820 506 934 171 794 77 468 891 827 909 871 848 210 841 89 916 982 462 207 807 971 502 546 921 883 153 659 253 66 363 634 198 120 860 876 382 627 298 180 655 774 633 361 159 667 250 541 573 88 980 907 692 901 467 592 256 569 517 739 85 928 4 182 418 115 297 464 923 864 461 521 394 282 
997 879 215 381 761 477 887 508 770 252 644 189 90 549 719 395 406 696 579 661 193 7 455 366 320 845 958 834 443 371 840 804 221 342 290 212 802 791 607 741 572 82 602 677 640 731 595 776 550 857 312 545 131 898 29 243 413 48 241 284 728 510 222 431 681 536 393 694 869 587 713 647 275 833 257 657 17 325 598 527 161 925 80 294 266 918 566 686 936 889 305 868 261 335 21 383 954 11 121 718 172 915 778 935 756 558 389 24 990 356 497 625 410 896 293 149 459 245 809 700 475 22 559 439 122 128 236 679 892 31 260 540 516 995 660 16 862 76 612 488 836 141 665 195 493 522 60 208 722 291 18 914 228 53 746 32 267 819 35 201 105 466 437 824 465 479 626 390 699 805 359 162 881 211 111 54 332 590 91 26 568 232 708 706 183 610 454 292 894 557 306 340 533 234 119 33 170 185 924 724 875 652 734 323 514 157 396 543 281 817 952 259 638 158 498 613 753 246 749 186 906 419 405 49 970 940 769 93 190 199 740 797 714 528 357 23 779 178 900 188 408 472 583 748 897 963 950 379 401 452 738 301 553 108 664 130 747 151 556 55 235 944 444 571 482 14 926 39 1000 430 867 422 535 6 425 265 112 504 373 620 409 336 450 404 837 902 893 46 348 163 961 828 146 733 181 279 937 100 263 957 173 737 785 989 821 899 142 651 736 481 938 790 494 403 564 585 689 283 402 176 684 218 126 726 326 735 72 398 931 219 445 311 576 687 192 705 570 927 787 829 375 168 561 608 244 28 943 537 197 280 268 593 57 289 27 136 624 346 744 591 380 324 118 972 184 509 242 316 584 838 416 295 531 354 95 480 37 15 51 948 456 615 8 303 974 315 630 62 782 986 973 835 129 754 873 682 843 844 428 117 278 643 586 984 878 350 164 155 83 240 286 750 560 678 19 852 370 905 65 544 448 285 473 729 796 59 507 43 496 751 513 109 712 156 672 777 960 87 97 932 492 709 160 338 220 996 616 888 124 166 870 985 988 500 987 671 458 432 720 399 725 826 765 485 646 920 581 803 495 135 44 685 766 330 25 224 369 922 619 103 600 433 567 206 703 407 351 757 648 230 349 490 223 945 532 438 831 933 47 983 512 856 367 760 599 470 993 788 1 695 519 463 618 609 628 110 52 552 539 133 656 9 137 271 308 793 847 114 12 929 704 716 476 529 213 951 106 919 84 542 858 582 376 959 75 36 385 270 304 174 525 391 79 300 880 654 601 771 978 150 997 767 688 589 64 13 318 238 877 329 911 693 226 547 274 333 273 424 34 169 818 825 484 177 991 605 798 5 942 426 272 143 813 994 839 489 474 861 277 617 116 145 2 822 483 799 863 967 520 639 209 632 555 530 680 758 597 451 820 506 934 171 794 77 468 891 827 909 871 848 210 841 89 916 982 462 207 807 971 502 546 921 883 153 659 253 66 363 634 198 120 860 876 382 627 298 180 655 774 633 361 159 667 250 541 573 88 980 907 692 901 467 592 256 569 517 739 85 928 4 182 418 115 297 464 923 864 461 521 394 282 229 353 623 998 629 457 231 975 154 976 917 314 125 786 41 676 435 61 992 882 152 526 499 673 38 775 965 251 964 806 565 436 327 387 701 789 73 968 96 442 94 614 239 248 622 953 420 400 721 71 487 362 762 434 310 384 814 842 287 755 249 167 792 491 645 885 187 101 191 20 264 697 148 469 538 372 637 269 674 872 698 478 98 534 423 165 233 56 377 707 440 763 851 594 663 344 811 139 175 392 743 63 866 524 884 196 823 309 505 486 132 642 237 908 575 204 903 683 427 449 904 147 947 691 577 977 30 745 322 134 669 969 42 781 890 460 138 328 227 930 421 631 999 621 658 3 358 939 179 352 675 580 200 58 772 368 411 962 86 364 386 123 412 216 194 140 313 816 203 955 415 518 92 742 319 784 69 563 414 690 715 606 641 795 99 296 855 636 388 853 355 471 45 578 910 225 650 874 768 812 653 949 501 262 832 956 503 764 810 859 365 515 966 854 846 773 247 554 341 702 635 730 81 912 317 67 441 711 801 865 611 710 144 74 562 113 378 752 104 321 849 307 666 453 723 815 217 780 551 343 337 446 596 374 548 397 604 670 50 574 511 102 946 417 40 662 886 78 360 255 107 447 808 339 276 759 981 649 979 302 732 202 941 783 429 347 68 299 10 717 127 850 345 258 254 668 70 727 603 331 523 895 800 214 588 334 830 
672 455 366 320 845 958 834 443 371 840 804 221 342 290 212 802 791 607 741 572 82 602 677 640 731 595 776 550 857 312 545 131 898 29 243 413 48 241 284 728 510 222 431 681 536 393 694 869 587 713 647 275 833 257 657 17 325 598 527 161 925 80 294 266 918 566 686 936 889 305 868 261 335 21 383 954 11 121 718 172 915 778 935 756 558 389 24 990 356 497 625 410 896 293 149 459 245 809 700 475 22 559 439 122 128 236 679 892 31 260 540 516 995 660 16 862 76 612 488 836 141 665 195 493 522 60 208 722 291 18 914 228 53 746 32 267 819 35 201 105 466 437 824 465 479 626 390 699 805 359 162 881 211 111 54 332 590 91 26 568 232 708 706 183 610 454 292 894 557 306 340 533 234 119 33 170 185 924 724 875 652 734 323 514 157 396 543 281 817 952 259 638 158 498 613 753 246 749 186 906 419 405 49 970 940 769 93 190 199 740 797 714 528 357 23 779 178 900 188 408 472 583 748 897 963 950 379 401 452 738 301 553 108 664 130 747 151 556 55 235 944 444 571 482 14 926 39 1000 430 867 422 535 6 425 265 112 504 373 620 409 336 450 404 837 902 893 46 348 163 961 828 146 733 181 279 937 100 263 957 173 737 785 989 821 899 142 651 736 481 938 790 494 403 564 585 689 283 402 176 684 218 126 726 326 735 72 398 931 219 445 311 576 687 192 705 570 927 787 829 375 168 561 608 244 28 943 537 197 280 268 593 57 289 27 136 624 346 744 591 380 324 118 972 184 509 242 316 584 838 416 295 531 354 95 480 37 15 51 948 456 615 8 303 974 315 630 62 782 986 973 835 129 754 873 682 843 844 428 117 278 643 586 984 878 350 164 155 83 240 286 750 560 678 19 852 370 905 65 544 448 285 473 729 796 59 507 43 496 751 513 109 712 156 672 777 960 87 97 932 492 709 160 338 220 996 616 888 124 166 870 985 988 500 987 671 458 432 720 399 725 826 765 485 646 920 581 803 495 135 44 685 766 330 25 224 369 922 619 103 600 433 567 206 703 407 351 757 648 230 349 490 223 945 532 438 831 933 47 983 512 856 367 760 599 470 993 788 1 695 519 463 618 609 628 110 52 552 539 133 656 9 137 271 308 793 847 114 12 929 704 716 476 529 213 951 106 919 84 542 858 582 376 959 75 36 385 270 304 174 525 391 79 300 880 654 601 771 978 150 997 767 688 589 64 13 318 238 877 329 911 693 226 547 274 333 273 424 34 169 818 825 484 177 991 605 798 5 942 426 272 143 813 994 839 489 474 861 277 617 116 145 2 822 483 799 863 967 520 639 209 632 555 530 680 758 597 451 820 506 934 171 794 77 468 891 827 909 871 848 210 841 89 916 982 462 207 807 971 502 546 921 883 153 659 253 66 363 634 198 120 860 876 382 627 298 180 655 774 633 361 159 667 250 541 573 88 980 907 692 901 467 592 256 569 517 739 85 928 4 182 418 115 297 464 923 864 461 521 394 282 229 353 623 
524 168 561 608 244 28 943 537 197 280 268 593 57 289 27 136 624 346 744 591 380 324 118 972 184 509 242 316 584 838 416 295 531 354 95 480 37 15 51 948 456 615 8 303 974 315 630 62 782 986 973 835 129 754 873 682 843 844 428 117 278 643 586 984 878 350 164 155 83 240 286 750 560 678 19 852 370 905 65 544 448 285 473 729 796 59 507 43 496 751 513 109 712 156 672 777 960 87 97 932 492 709 160 338 220 996 616 888 124 166 870 985 988 500 987 671 458 432 720 399 725 826 765 485 646 920 581 803 495 135 44 685 766 330 25 224 369 922 619 103 600 433 567 206 703 407 351 757 648 230 349 490 223 945 532 438 831 933 47 983 512 856 367 760 599 470 993 788 1 695 519 463 618 609 628 110 52 552 539 133 656 9 137 271 308 793 847 114 12 929 704 716 476 529 213 951 106 919 84 542 858 582 376 959 75 36 385 270 304 174 525 391 79 300 880 654 601 771 978 150 997 767 688 589 64 13 318 238 877 329 911 693 226 547 274 333 273 424 34 169 818 825 484 177 991 605 798 5 942 426 272 143 813 994 839 489 474 861 277 617 116 145 2 822 483 799 863 967 520 639 209 632 555 530 680 758 597 451 820 506 934 171 794 77 468 891 827 909 871 848 210 841 89 916 982 462 207 807 971 502 546 921 883 153 659 253 66 363 634 198 120 860 876 382 627 298 180 655 774 633 361 159 667 250 541 573 88 980 907 692 901 467 592 256 569 517 739 85 928 4 182 418 115 297 464 923 864 461 521 394 282 229 353 623 998 629 457 231 975 154 976 917 314 125 786 41 676 435 61 992 882 152 526 499 673 38 775 965 251 964 806 565 436 327 387 701 789 73 968 96 442 94 614 239 248 622 953 420 400 721 71 487 362 762 434 310 384 814 842 287 755 249 167 792 491 645 885 187 101 191 20 264 697 148 469 538 372 637 269 674 872 698 478 98 534 423 165 233 56 377 707 440 763 851 594 663 344 811 139 175 392 743 63 866 524 884 196 823 309 505 486 132 642 237 908 575 204 903 683 427 449 904 147 947 691 577 977 30 745 322 134 669 969 42 781 890 460 138 328 227 930 421 631 999 621 658 3 358 939 179 352 675 580 200 58 772 368 411 962 86 364 386 123 412 216 194 140 313 816 203 955 415 518 92 742 
678 514 157 396 543 281 817 952 259 638 158 498 613 753 246 749 186 906 419 405 49 970 940 769 93 190 199 740 797 714 528 357 23 779 178 900 188 408 472 583 748 897 963 950 379 401 452 738 301 553 108 664 130 747 151 556 55 235 944 444 571 482 14 926 39 1000 430 867 422 535 6 425 265 112 504 373 620 409 336 450 404 837 902 893 46 348 163 961 828 146 733 181 279 937 100 263 957 173 737 785 989 821 899 142 651 736 481 938 790 494 403 564 585 689 283 402 176 684 218 126 726 326 735 72 398 931 219 445 311 576 687 192 705 570 927 787 829 375 168 561 608 244 28 943 537 197 280 268 593 57 289 27 136 624 346 744 591 380 324 118 972 184 509 242 316 584 838 416 295 531 354 95 480 37 15 51 948 456 615 8 303 974 315 630 62 782 986 973 835 129 754 873 682 843 844 428 117 278 643 586 984 878 350 164 155 83 240 286 750 560 678 19 852 370 905 65 544 448 285 473 729 796 59 507 43 496 751 513 109 712 156 672 777 960 87 97 932 492 709 160 338 220 996 616 888 124 166 870 985 988 500 987 671 458 432 720 399 725 826 765 485 646 920 581 803 495 135 44 685 766 330 25 224 369 922 619 103 600 433 567 206 703 407 351 757 648 230 349 490 223 945 532 438 831 933 47 983 512 856 367 760 599 470 993 788 1 695 519 463 618 609 628 110 52 552 539 133 656 9 137 271 308 793 847 114 12 929 704 716 476 529 213 951 106 919 84 542 858 582 376 959 75 36 385 270 304 174 525 391 79 300 880 654 601 771 978 150 997 767 688 589 64 13 318 238 877 329 911 693 226 547 274 333 273 424 34 169 818 825 484 177 991 605 798 5 942 426 272 143 813 994 839 489 474 861 277 617 116 145 2 822 483 799 863 967 520 639 209 632 555 530 680 758 597 451 820 506 934 171 794 77 468 891 827 909 871 848 210 841 89 916 982 462 207 807 971 502 546 921 883 153 659 253 66 363 634 198 120 860 876 382 627 298 180 655 774 633 361 159 667 250 541 573 88 980 907 692 901 467 592 256 569 517 739 85 928 4 182 418 115 297 464 923 864 461 521 394 282 229 353 623 998 629 457 231 975 154 976 917 314 125 786 41 676 435 61 992 882 152 526 499 673 38 775 965 251 964 806 565 436 327 387 701 789 73 968 96 442 94 614 239 248 622 953 420 400 721 71 487 362 762 434 310 384 814 842 287 755 249 167 792 491 645 885 187 101 191 20 264 697 148 469 538 372 637 269 674 872 698 478 98 534 423 165 233 56 377 707 440 763 851 594 663 344 811 139 175 392 743 63 866 524 884 196 823 309 505 486 132 642 237 908 575 204 903 683 427 449 904 147 947 691 577 977 30 745 322 134 669 969 42 781 890 460 138 328 227 930 421 631 999 621 658 3 358 939 179 352 675 580 200 58 772 368 411 962 86 364 386 123 412 216 194 140 313 816 203 955 415 518 92 742 319 784 69 563 414 690 715 606 641 795 99 296 855 636 388 853 355 
498 963 950 379 401 452 738 301 553 108 664 130 747 151 556 55 235 944 444 571 482 14 926 39 1000 430 867 422 535 6 425 265 112 504 373 620 409 336 450 404 837 902 893 46 348 163 961 828 146 733 181 279 937 100 263 957 173 737 785 989 821 899 142 651 736 481 938 790 494 403 564 585 689 283 402 176 684 218 126 726 326 735 72 398 931 219 445 311 576 687 192 705 570 927 787 829 375 168 561 608 244 28 943 537 197 280 268 593 57 289 27 136 624 346 744 591 380 324 118 972 184 509 242 316 584 838 416 295 531 354 95 480 37 15 51 948 456 615 8 303 974 315 630 62 782 986 973 835 129 754 873 682 843 844 428 117 278 643 586 984 878 350 164 155 83 240 286 750 560 678 19 852 370 905 65 544 448 285 473 729 796 59 507 43 496 751 513 109 712 156 672 777 960 87 97 932 492 709 160 338 220 996 616 888 124 166 870 985 988 500 987 671 458 432 720 399 725 826 765 485 646 920 581 803 495 135 44 685 766 330 25 224 369 922 619 103 600 433 567 206 703 407 351 757 648 230 349 490 223 945 532 438 831 933 47 983 512 856 367 760 599 470 993 788 1 695 519 463 618 609 628 110 52 552 539 133 656 9 137 271 308 793 847 114 12 929 704 716 476 529 213 951 106 919 84 542 858 582 376 959 75 36 385 270 304 174 525 391 79 300 880 654 601 771 978 150 997 767 688 589 64 13 318 238 877 329 911 693 226 547 274 333 273 424 34 169 818 825 484 177 991 605 798 5 942 426 272 143 813 994 839 489 474 861 277 617 116 145 2 822 483 799 863 967 520 639 209 632 555 530 680 758 597 451 820 506 934 171 794 77 468 891 827 909 871 848 210 841 89 916 982 462 207 807 971 502 546 921 883 153 659 253 66 363 634 198 120 860 876 382 627 298 180 655 774 633 361 159 667 250 541 573 88 980 907 692 901 467 592 256 569 517 739 85 928 4 182 418 115 297 464 923 864 461 521 394 282 229 353 623 998 629 457 231 975 154 976 917 314 125 786 41 676 435 61 992 882 152 526 499 673 38 775 965 251 964 806 565 436 327 387 701 789 73 968 96 442 94 614 239 248 622 953 420 400 721 71 487 362 
486 898 29 243 413 48 241 284 728 510 222 431 681 536 393 694 869 587 713 647 275 833 257 657 17 325 598 527 161 925 80 294 266 918 566 686 936 889 305 868 261 335 21 383 954 11 121 718 172 915 778 935 756 558 389 24 990 356 497 625 410 896 293 149 459 245 809 700 475 22 559 439 122 128 236 679 892 31 260 540 516 995 660 16 862 76 612 488 836 141 665 195 493 522 60 208 722 291 18 914 228 53 746 32 267 819 35 201 105 466 437 824 465 479 626 390 699 805 359 162 881 211 111 54 332 590 91 26 568 232 708 706 183 610 454 292 894 557 306 340 533 234 119 33 170 185 924 724 875 652 734 323 514 157 396 543 281 817 952 259 638 158 498 613 753 246 749 186 906 419 405 49 970 940 769 93 190 199 740 797 714 528 357 23 779 178 900 188 408 472 583 748 897 963 950 379 401 452 738 301 553 108 664 130 747 151 556 55 235 944 444 571 482 14 926 39 1000 430 867 422 535 6 425 265 112 504 373 620 409 336 450 404 837 902 893 46 348 163 961 828 146 733 181 279 937 100 263 957 173 737 785 989 821 899 142 651 736 481 938 790 494 403 564 585 689 283 402 176 684 218 126 726 326 735 72 398 931 219 445 311 576 687 192 705 570 927 787 829 375 168 561 608 244 28 943 537 197 280 268 593 57 289 27 136 624 346 744 591 380 324 118 972 184 509 242 316 584 838 416 295 531 354 95 480 37 15 51 948 456 615 8 303 974 315 630 62 782 986 973 835 129 754 873 682 843 844 428 117 278 643 586 984 878 350 164 155 83 240 286 750 560 678 19 852 370 905 65 544 448 285 473 729 796 59 507 43 496 751 513 109 712 156 672 777 960 87 97 932 492 709 160 338 220 996 616 888 124 166 870 985 988 500 987 671 458 432 720 399 725 826 765 485 646 920 581 803 495 135 44 685 766 330 25 224 369 922 619 103 600 433 567 206 703 407 351 757 648 230 349 490 223 945 532 438 831 933 47 983 512 856 367 760 599 470 993 788 1 695 519 463 618 609 628 110 52 552 539 133 656 9 137 271 308 793 847 114 12 929 704 716 476 529 213 951 106 919 84 
685 186 906 419 405 49 970 940 769 93 190 199 740 797 714 528 357 23 779 178 900 188 408 472 583 748 897 963 950 379 401 452 738 301 553 108 664 130 747 151 556 55 235 944 444 571 482 14 926 39 1000 430 867 422 535 6 425 265 112 504 373 620 409 336 450 404 837 902 893 46 348 163 961 828 146 733 181 279 937 100 263 957 173 737 785 989 821 899 142 651 736 481 938 790 494 403 564 585 689 283 402 176 684 218 126 726 326 735 72 398 931 219 445 311 576 687 192 705 570 927 787 829 375 168 561 608 244 28 943 537 197 280 268 593 57 289 27 136 624 346 744 591 380 324 118 972 184 509 242 316 584 838 416 295 531 354 95 480 37 15 51 948 456 615 8 303 974 315 630 62 782 986 973 835 129 754 873 682 843 844 428 117 278 643 586 984 878 350 164 155 83 240 286 750 560 678 19 852 370 905 65 544 448 285 473 729 796 59 507 43 496 751 513 109 712 156 672 777 960 87 97 932 492 709 160 338 220 996 616 888 124 166 870 985 988 500 987 671 458 432 720 399 725 826 765 485 646 920 581 803 495 135 44 685 766 330 25 224 369 922 619 103 600 433 567 206 703 407 351 757 648 230 349 490 223 945 532 438 831 933 47 983 512 856 367 760 599 470 993 788 1 695 519 463 618 609 628 110 52 552 539 133 656 9 137 271 308 793 847 114 12 929 704 716 476 529 213 951 106 919 84 542 858 582 376 959 75 36 385 270 304 174 525 391 79 300 880 654 601 771 978 150 997 767 688 589 64 13 318 238 877 329 911 693 226 547 274 333 273 424 34 169 818 825 484 177 991 605 798 5 942 426 272 143 813 994 839 489 474 861 277 617 116 145 2 822 483 799 863 967 520 639 209 632 555 530 680 758 597 451 820 506 934 171 794 77 468 891 827 909 871 848 210 841 89 916 982 462 207 807 971 502 546 921 883 153 659 253 66 363 634 198 120 860 876 382 627 298 180 655 774 633 361 159 667 250 541 573 88 980 907 692 901 467 592 256 569 517 739 85 928 4 182 418 115 297 464 923 864 461 521 394 282 229 353 623 998 629 457 231 975 154 976 917 314 125 786 41 676 435 61 992 882 152 526 499 673 38 775 965 251 964 806 565 436 327 387 701 789 73 968 96 442 94 614 239 248 622 953 420 400 721 71 487 362 762 434 310 384 814 842 287 755 249 167 792 491 645 885 187 101 191 20 264 697 148 469 538 372 637 269 674 872 698 478 98 534 423 165 233 56 377 707 440 763 851 594 663 344 811 139 175 392 743 63 866 524 884 196 823 309 505 486 132 642 237 908 575 204 903 683 427 449 904 147 947 691 577 977 30 745 322 134 669 969 42 781 890 460 138 328 227 930 421 631 999 621 658 3 358 939 179 352 675 580 200 58 772 368 411 962 86 364 386 123 412 216 194 140 313 816 203 955 415 518 92 742 319 784 69 563 414 690 715 606 641 795 99 296 855 636 388 853 355 471 45 578 910 225 650 874 768 812 653 949 501 262 832 956 503 764 810 859 365 515 966 
899 545 131 898 29 243 413 48 241 284 728 510 222 431 681 536 393 694 869 587 713 647 275 833 257 657 17 325 598 527 161 925 80 294 266 918 566 686 936 889 305 868 261 335 21 383 954 11 121 718 172 915 778 935 756 558 389 24 990 356 497 625 410 896 293 149 459 245 809 700 475 22 559 439 122 128 236 679 892 31 260 540 516 995 660 16 862 76 612 488 836 141 665 195 493 522 60 208 722 291 18 914 228 53 746 32 267 819 35 201 105 466 437 824 465 479 626 390 699 805 359 162 881 211 111 54 332 590 91 26 568 232 708 706 183 610 454 292 894 557 306 340 533 234 119 33 170 185 924 724 875 652 734 323 514 157 396 543 281 817 952 259 638 158 498 613 753 246 749 186 906 419 405 49 970 940 769 93 190 199 740 797 714 528 357 23 779 178 900 188 408 472 583 748 897 963 950 379 401 452 738 301 553 108 664 130 747 151 556 55 235 944 444 571 482 14 926 39 1000 430 867 422 535 6 425 265 112 504 373 620 409 336 450 404 837 902 893 46 348 163 961 828 146 733 181 279 937 100 263 957 173 737 785 989 821 899 142 651 736 481 938 790 494 403 564 585 689 283 402 176 684 218 126 726 326 735 72 398 931 219 445 311 576 687 192 705 570 927 787 829 375 168 561 608 244 28 943 537 197 280 268 593 57 289 27 136 624 346 744 591 380 324 118 972 184 509 242 316 584 838 416 295 531 354 95 480 37 15 51 948 456 615 8 303 974 315 630 62 782 986 973 835 129 754 873 682 843 844 428 117 278 643 586 984 878 350 164 155 83 240 286 750 560 678 19 852 370 905 65 544 448 285 473 729 796 59 507 43 496 751 513 109 712 156 672 777 960 87 97 932 492 709 160 338 220 996 616 888 124 166 870 985 988 500 987 671 458 432 720 399 725 826 765 485 646 920 581 803 495 135 44 685 766 330 25 224 369 922 619 103 600 433 567 206 703 407 351 757 648 230 349 490 223 945 532 438 831 933 47 983 512 856 367 760 599 470 993 788 1 695 519 463 618 609 628 110 52 552 539 133 656 9 137 271 308 793 847 114 12 929 704 716 476 529 213 951 106 919 84 542 858 582 376 959 75 36 385 270 304 174 525 391 79 300 880 654 601 771 978 150 997 767 688 589 64 13 318 238 877 329 911 693 226 547 274 333 273 424 34 169 818 825 484 177 991 605 798 5 942 426 272 143 813 994 839 489 474 861 277 617 116 145 2 822 483 799 863 967 520 639 209 632 555 530 680 758 597 451 820 506 934 171 794 77 468 891 827 909 871 848 210 841 89 916 982 462 207 807 971 502 546 921 883 153 659 253 66 363 634 198 120 860 876 382 627 298 180 655 774 633 361 159 667 250 541 573 88 980 907 692 901 467 592 256 569 517 739 85 928 4 182 418 115 297 464 923 864 461 521 394 282 229 353 623 998 629 457 231 975 154 976 917 314 125 786 41 676 435 61 992 882 152 526 499 673 38 775 965 251 964 806 565 436 327 387 701 789 73 968 96 442 94 614 239 248 622 953 420 400 721 71 487 362 762 434 310 384 814 842 287 755 249 167 792 491 645 885 187 101 191 20 264 697 148 469 538 372 637 269 674 872 698 478 98 534 423 165 233 56 377 707 440 763 851 594 663 344 811 139 175 392 743 63 866 524 884 196 823 309 505 486 132 642 237 908 575 204 903 683 427 449 904 147 947 691 577 977 30 745 322 134 669 969 42 781 890 460 138 328 227 930 421 631 999 621 658 3 358 939 179 352 675 580 200 58 772 368 411 962 86 364 386 123 412 216 194 140 313 816 203 955 415 518 92 742 319 784 69 563 414 690 715 606 641 795 99 296 855 636 388 853 355 471 45 578 910 225 650 874 768 812 653 949 501 262 832 956 503 764 810 859 365 515 966 854 846 773 247 554 341 702 635 730 81 912 317 67 441 711 801 865 611 710 144 74 562 113 378 752 104 321 849 307 666 453 723 815 217 780 551 343 337 446 596 374 548 397 604 670 50 
515 892 31 260 540 516 995 660 16 862 76 612 488 836 141 665 195 493 522 60 208 722 291 18 914 228 53 746 32 267 819 35 201 105 466 437 824 465 479 626 390 699 805 359 162 881 211 111 54 332 590 91 26 568 232 708 706 183 610 454 292 894 557 306 340 533 234 119 33 170 185 924 724 875 652 734 323 514 157 396 543 281 817 952 259 638 158 498 613 753 246 749 186 906 419 405 49 970 940 769 93 190 199 740 797 714 528 357 23 779 178 900 188 408 472 583 748 897 963 950 379 401 452 738 301 553 108 664 130 747 151 556 55 235 944 444 571 482 14 926 39 1000 430 867 422 535 6 425 265 112 504 373 620 409 336 450 404 837 902 893 46 348 163 961 828 146 733 181 279 937 100 263 957 173 737 785 989 821 899 142 651 736 481 938 790 494 403 564 585 689 283 402 176 684 218 126 726 326 735 72 398 931 219 445 311 576 687 192 705 570 927 787 829 375 168 561 608 244 28 943 537 197 280 268 593 57 289 27 136 624 346 744 591 380 324 118 972 184 509 242 316 584 838 416 295 531 354 95 480 37 15 51 948 456 615 8 303 974 315 630 62 782 986 973 835 129 754 873 682 843 844 428 117 278 643 586 984 878 350 164 155 83 240 286 750 560 678 19 852 370 905 65 544 448 285 473 729 796 59 507 43 496 751 513 109 712 156 672 777 960 87 97 932 492 709 160 338 220 996 616 888 124 166 870 985 988 500 987 671 458 432 720 399 725 826 765 485 646 920 581 803 495 135 44 685 766 330 25 224 369 922 619 103 600 433 567 206 703 407 351 757 648 230 349 490 223 945 532 438 831 933 47 983 512 856 367 760 599 470 993 788 1 695 519 463 618 609 628 110 52 552 539 133 656 9 137 271 308 793 847 114 12 929 704 716 476 529 213 951 106 919 84 542 858 582 376 959 75 36 385 270 304 174 525 391 79 300 880 654 601 771 978 150 997 767 688 589 64 13 318 238 877 329 911 693 226 547 274 333 273 424 34 169 818 825 484 177 991 605 798 5 942 426 272 143 813 994 839 489 474 861 277 617 116 145 2 822 483 799 863 967 520 639 209 632 555 530 680 758 597 451 820 506 934 171 794 77 468 891 827 909 871 848 210 841 89 916 982 462 207 807 971 502 546 921 883 
607 280 268 593 57 289 27 136 624 346 744 591 380 324 118 972 184 509 242 316 584 838 416 295 531 354 95 480 37 15 51 948 456 615 8 303 974 315 630 62 782 986 973 835 129 754 873 682 843 844 428 117 278 643 586 984 878 350 164 155 83 240 286 750 560 678 19 852 370 905 65 544 448 285 473 729 796 59 507 43 496 751 513 109 712 156 672 777 960 87 97 932 492 709 160 338 220 996 616 888 124 166 870 985 988 500 987 671 458 432 720 399 725 826 765 485 646 920 581 803 495 135 44 685 766 330 25 224 369 922 619 103 600 433 567 206 703 407 351 757 648 230 349 490 223 945 532 438 831 933 47 983 512 856 367 760 599 470 993 788 1 695 519 463 618 609 628 110 52 552 539 133 656 9 137 271 308 793 847 114 12 929 704 716 476 529 213 951 106 919 84 542 858 582 376 959 75 36 385 270 304 174 525 391 79 300 880 654 601 771 978 150 997 767 688 589 64 13 318 238 877 329 911 693 226 547 274 333 273 424 34 169 818 825 484 177 991 605 798 5 942 426 272 143 813 994 839 489 474 861 277 617 116 145 2 822 483 799 863 967 520 639 209 632 555 530 680 758 597 451 820 506 934 171 794 77 468 891 827 909 871 848 210 841 89 916 982 462 207 807 971 502 546 921 883 153 659 253 66 363 634 198 120 860 876 382 627 298 180 655 774 633 361 159 667 250 541 573 88 980 907 692 901 467 592 256 569 517 739 85 928 4 182 418 115 297 464 923 864 461 521 394 282 229 353 623 998 629 457 231 975 154 976 917 314 125 786 41 676 435 61 992 882 152 526 499 673 38 775 965 251 964 806 565 436 327 387 701 789 73 968 96 442 94 614 239 248 622 953 420 400 721 71 487 362 762 434 310 384 814 842 287 755 249 167 792 491 645 885 187 101 191 20 264 697 148 469 538 372 637 269 674 872 698 478 98 534 423 165 233 56 377 707 440 763 851 594 663 344 811 139 175 392 743 63 866 524 884 196 823 309 505 486 132 642 237 908 575 204 903 683 427 449 904 147 947 691 577 977 30 745 322 134 669 969 42 781 890 460 138 328 227 930 421 631 999 621 658 3 358 939 179 352 675 580 200 58 772 368 411 962 86 364 386 123 412 216 194 140 313 816 203 955 415 518 92 742 319 784 69 563 414 690 715 606 641 795 99 296 855 636 388 853 355 471 45 578 910 225 650 874 768 812 653 949 501 262 832 956 503 764 810 859 365 515 966 854 846 773 247 554 341 702 635 730 81 912 317 67 441 711 801 865 611 710 144 74 562 113 378 752 104 321 849 307 666 453 723 815 217 780 551 343 337 446 596 374 548 397 604 670 50 574 511 102 946 417 40 
803 746 32 267 819 35 201 105 466 437 824 465 479 626 390 699 805 359 162 881 211 111 54 332 590 91 26 568 232 708 706 183 610 454 292 894 557 306 340 533 234 119 33 170 185 924 724 875 652 734 323 514 157 396 543 281 817 952 259 638 158 498 613 753 246 749 186 906 419 405 49 970 940 769 93 190 199 740 797 714 528 357 23 779 178 900 188 408 472 583 748 897 963 950 379 401 452 738 301 553 108 664 130 747 151 556 55 235 944 444 571 482 14 926 39 1000 430 867 422 535 6 425 265 112 504 373 620 409 336 450 404 837 902 893 46 348 163 961 828 146 733 181 279 937 100 263 957 173 737 785 989 821 899 142 651 736 481 938 790 494 403 564 585 689 283 402 176 684 218 126 726 326 735 72 398 931 219 445 311 576 687 192 705 570 927 787 829 375 168 561 608 244 28 943 537 197 280 268 593 57 289 27 136 624 346 744 591 380 324 118 972 184 509 242 316 584 838 416 295 531 354 95 480 37 15 51 948 456 615 8 303 974 315 630 62 782 986 973 835 129 754 873 682 843 844 428 117 278 643 586 984 878 350 164 155 83 240 286 750 560 678 19 852 370 905 65 544 448 285 473 729 796 59 507 43 496 751 513 109 712 156 672 777 960 87 97 932 492 709 160 338 220 996 616 888 124 166 870 985 988 500 987 671 458 432 720 399 725 826 765 485 646 920 581 803 495 135 44 685 766 330 25 224 369 922 619 103 600 433 567 206 703 407 351 757 648 230 349 490 223 945 532 438 831 933 47 983 512 856 367 760 599 470 993 788 1 695 519 463 618 609 628 110 52 552 539 133 656 9 137 271 308 793 847 114 12 929 704 716 476 529 213 951 106 919 84 542 858 582 376 959 75 36 385 270 304 174 525 391 79 300 880 654 601 771 978 150 997 767 688 589 64 13 318 238 877 329 911 693 226 547 274 333 273 424 34 169 818 825 484 177 991 605 798 5 942 426 272 143 813 994 839 489 474 861 277 617 116 145 2 822 483 799 863 967 520 639 209 632 555 530 680 758 597 451 820 506 934 171 794 77 468 891 827 909 871 848 210 841 89 916 982 462 207 807 971 502 546 921 883 153 659 253 66 363 634 198 120 860 876 382 627 298 180 655 774 633 361 159 667 250 541 573 88 980 907 692 901 467 592 256 569 517 739 85 928 4 182 418 115 297 464 923 864 461 521 394 282 229 353 623 998 629 457 231 975 154 976 917 314 125 786 41 676 435 61 992 882 152 526 499 673 38 775 965 251 964 806 565 436 327 387 701 789 73 968 96 442 94 614 239 248 622 953 420 400 721 71 487 362 762 434 310 384 814 842 287 755 249 167 792 491 645 885 187 101 191 20 264 697 148 469 538 372 637 269 674 872 698 478 98 534 423 165 233 56 377 707 440 763 851 594 663 344 811 139 175 392 743 63 866 524 884 196 823 309 505 486 132 642 237 908 575 204 903 683 427 449 904 147 947 691 577 977 30 745 322 134 669 969 42 781 890 460 138 328 227 930 421 631 999 621 658 3 358 939 179 352 675 580 200 58 772 368 411 962 86 364 386 123 412 216 194 140 313 816 203 955 415 518 92 742 319 784 69 563 414 690 715 606 641 795 99 296 855 636 388 853 355 471 45 578 910 225 650 874 768 812 653 949 501 262 832 956 503 764 810 859 365 515 966 854 846 773 247 554 341 702 635 730 81 912 317 67 441 711 801 865 611 710 144 74 562 113 378 752 104 321 849 307 666 453 723 815 217 780 551 343 337 446 596 374 548 397 604 670 50 574 511 102 946 417 40 662 
915 477 887 508 770 252 644 189 90 549 719 395 406 696 579 661 193 7 455 366 320 845 958 834 443 371 840 804 221 342 290 212 802 791 607 741 572 82 602 677 640 731 595 776 550 857 312 545 131 898 29 243 413 48 241 284 728 510 222 431 681 536 393 694 869 587 713 647 275 833 257 657 17 325 598 527 161 925 80 294 266 918 566 686 936 889 305 868 261 335 21 383 954 11 121 718 172 915 778 935 756 558 389 24 990 356 497 625 410 896 293 149 459 245 809 700 475 22 559 439 122 128 236 679 892 31 260 540 516 995 660 16 862 76 612 488 836 141 665 195 493 522 60 208 722 291 18 914 228 53 746 32 267 819 35 201 105 466 437 824 465 479 626 390 699 805 359 162 881 211 111 54 332 590 91 26 568 232 708 706 183 610 454 292 894 557 306 340 533 234 119 33 170 185 924 724 875 652 734 323 514 157 396 543 281 817 952 259 638 158 498 613 753 246 749 186 906 419 405 49 970 940 769 93 190 199 740 797 714 528 357 23 779 178 900 188 408 472 583 748 897 963 950 379 401 452 738 301 553 108 664 130 747 151 556 55 235 944 444 571 482 14 926 39 1000 430 867 422 535 6 425 265 112 504 373 620 409 336 450 404 837 902 893 46 348 163 961 828 146 733 181 279 937 100 263 957 173 737 785 989 821 899 142 651 736 481 938 790 494 403 564 585 689 283 402 176 684 218 126 726 326 735 72 398 931 219 445 311 576 687 192 705 570 927 787 829 375 168 561 608 244 28 943 537 197 280 268 593 57 289 27 136 624 346 744 591 380 324 118 972 184 509 242 316 584 838 416 295 531 354 95 480 37 15 51 948 456 615 8 303 974 315 630 62 782 986 973 835 129 754 873 682 843 844 428 117 278 643 586 984 878 350 164 155 83 240 286 750 560 678 19 852 370 905 65 544 448 285 473 729 796 59 507 43 496 751 513 109 712 156 672 777 960 87 97 932 492 709 160 338 220 996 616 888 124 166 870 985 988 500 987 671 458 432 720 399 725 826 765 485 646 920 581 803 495 135 44 685 766 330 25 224 369 922 619 103 600 433 567 206 703 407 351 757 648 230 349 490 223 945 532 438 831 933 47 983 512 856 367 760 599 470 993 788 1 695 519 463 618 609 628 110 52 552 539 133 656 9 137 271 308 793 847 114 12 929 704 716 476 529 213 951 106 919 84 542 858 582 376 959 75 36 385 270 304 174 525 391 79 300 880 654 601 771 978 150 997 767 688 589 64 13 318 238 877 329 911 693 226 547 274 333 273 424 34 169 818 825 484 177 991 605 798 5 942 426 272 143 813 994 839 489 474 861 277 617 116 145 2 822 483 799 863 967 520 639 209 632 555 530 680 758 597 451 820 506 934 171 794 77 468 891 827 909 871 848 210 841 89 916 982 462 207 807 971 502 546 921 883 153 659 253 66 363 634 198 120 860 876 382 627 298 180 655 774 633 361 159 667 250 541 573 88 980 907 692 901 467 592 256 569 517 739 85 928 4 182 418 115 297 464 923 864 461 521 394 282 229 353 623 998 629 457 231 975 154 976 917 314 125 786 41 676 435 61 992 882 152 526 499 673 38 775 965 251 964 806 565 436 327 387 701 789 73 968 96 442 94 614 239 248 622 953 420 400 721 71 487 362 762 434 310 384 814 842 287 755 249 167 792 491 645 885 187 101 191 20 264 697 148 469 538 372 637 269 674 872 698 478 98 534 423 165 233 56 377 707 440 763 851 594 663 344 811 139 175 392 743 63 866 524 884 196 823 309 505 486 132 642 237 908 575 204 903 683 427 449 904 147 947 691 577 977 30 745 322 134 669 969 42 781 890 460 138 328 227 930 421 631 999 621 658 3 358 939 179 352 675 580 200 58 772 368 411 962 86 364 386 123 412 216 194 140 313 816 203 955 415 518 92 742 319 784 69 563 414 690 715 606 641 795 99 296 855 636 388 853 355 471 45 578 910 225 650 874 768 812 653 949 501 262 832 956 503 764 810 859 365 515 966 854 846 773 247 554 341 702 635 730 81 912 317 67 441 711 801 
985 770 252 644 189 90 549 719 395 406 696 579 661 193 7 455 366 320 845 958 834 443 371 840 804 221 342 290 212 802 791 607 741 572 82 602 677 640 731 595 776 550 857 312 545 131 898 29 243 413 48 241 284 728 510 222 431 681 536 393 694 869 587 713 647 275 833 257 657 17 325 598 527 161 925 80 294 266 918 566 686 936 889 305 868 261 335 21 383 954 11 121 718 172 915 778 935 756 558 389 24 990 356 497 625 410 896 293 149 459 245 809 700 475 22 559 439 122 128 236 679 892 31 260 540 516 995 660 16 862 76 612 488 836 141 665 195 493 522 60 208 722 291 18 914 228 53 746 32 267 819 35 201 105 466 437 824 465 479 626 390 699 805 359 162 881 211 111 54 332 590 91 26 568 232 708 706 183 610 454 292 894 557 306 340 533 234 119 33 170 185 924 724 875 652 734 323 514 157 396 543 281 817 952 259 638 158 498 613 753 246 749 186 906 419 405 49 970 940 769 93 190 199 740 797 714 528 357 23 779 178 900 188 408 472 583 748 897 963 950 379 401 452 738 301 553 108 664 130 747 151 556 55 235 944 444 571 482 14 926 39 1000 430 867 422 535 6 425 265 112 504 373 620 409 336 450 404 837 902 893 46 348 163 961 828 146 733 181 279 937 100 263 957 173 737 785 989 821 899 142 651 736 481 938 790 494 403 564 585 689 283 402 176 684 218 126 726 326 735 72 398 931 219 445 311 576 687 192 705 570 927 787 829 375 168 561 608 244 28 943 537 197 280 268 593 57 289 27 136 624 346 744 591 380 324 118 972 184 509 242 316 584 838 416 295 531 354 95 480 37 15 51 948 456 615 8 303 974 315 630 62 782 986 973 835 129 754 873 682 843 844 428 117 278 643 586 984 878 350 164 155 83 240 286 750 560 678 19 852 370 905 65 544 448 285 473 729 796 59 507 43 496 751 513 109 712 156 672 777 960 87 97 932 492 709 160 338 220 996 616 888 124 166 870 985 988 500 987 671 458 432 720 399 725 826 765 485 646 920 581 803 495 135 44 685 766 330 25 224 369 922 619 103 600 433 567 206 703 407 351 757 648 230 349 490 223 945 532 438 831 933 47 983 512 856 367 760 599 470 993 788 1 695 519 463 618 609 628 110 52 552 539 133 656 9 137 271 308 793 847 114 12 929 704 716 476 529 213 951 106 919 84 542 858 582 376 959 75 36 385 270 304 174 525 391 79 300 880 654 601 771 978 150 997 767 688 589 64 13 318 238 877 329 911 693 226 547 274 333 273 424 34 169 818 825 484 177 991 605 798 5 942 426 272 143 813 994 839 489 474 861 277 617 116 145 2 822 483 799 863 967 520 639 209 632 555 530 680 758 597 451 820 506 934 171 794 77 468 891 827 909 871 848 210 841 89 916 982 462 207 807 971 502 546 921 883 153 659 253 66 363 634 198 120 860 876 382 627 298 180 655 774 633 361 159 667 250 541 573 88 980 907 692 901 467 592 256 569 517 739 85 928 4 182 418 115 297 464 923 864 461 521 394 282 229 353 623 998 629 457 231 975 154 976 917 314 125 786 41 676 435 61 992 882 152 526 499 673 38 775 965 251 964 806 565 436 327 387 701 789 73 968 96 442 94 614 239 248 622 953 420 400 721 71 487 362 762 434 310 384 814 842 287 755 249 167 792 491 645 885 187 101 191 20 264 697 148 469 538 372 637 269 674 872 698 478 98 534 423 165 233 56 377 707 440 763 851 594 663 344 811 139 175 392 743 63 866 524 884 196 823 309 505 486 132 642 237 908 575 204 903 683 427 449 904 147 947 691 577 977 30 745 322 134 669 969 42 781 890 460 138 328 227 930 421 631 999 621 658 3 358 939 179 352 675 580 200 58 772 368 411 962 86 364 386 123 412 216 194 140 313 816 203 955 415 518 92 742 319 784 69 563 414 690 715 606 641 795 99 296 855 636 388 853 355 471 45 578 910 225 650 874 768 812 653 949 501 262 832 956 503 764 810 859 365 515 966 854 846 773 247 554 341 702 635 730 81 912 317 67 441 711 801 865 611 710 144 74 562 113 378 752 104 321 849 307 666 453 723 815 217 780 551 343 337 446 596 374 548 397 604 670 50 574 511 102 946 417 40 662 886 78 360 255 107 447 808 339 276 759 981 649 979 302 732 202 941 783 429 347 68 299 10 717 127 850 345 258 254 668 70 727 603 331 523 895 
999 288 205 913 879 215 381 761 477 887 508 770 252 644 189 90 549 719 395 406 696 579 661 193 7 455 366 320 845 958 834 443 371 840 804 221 342 290 212 802 791 607 741 572 82 602 677 640 731 595 776 550 857 312 545 131 898 29 243 413 48 241 284 728 510 222 431 681 536 393 694 869 587 713 647 275 833 257 657 17 325 598 527 161 925 80 294 266 918 566 686 936 889 305 868 261 335 21 383 954 11 121 718 172 915 778 935 756 558 389 24 990 356 497 625 410 896 293 149 459 245 809 700 475 22 559 439 122 128 236 679 892 31 260 540 516 995 660 16 862 76 612 488 836 141 665 195 493 522 60 208 722 291 18 914 228 53 746 32 267 819 35 201 105 466 437 824 465 479 626 390 699 805 359 162 881 211 111 54 332 590 91 26 568 232 708 706 183 610 454 292 894 557 306 340 533 234 119 33 170 185 924 724 875 652 734 323 514 157 396 543 281 817 952 259 638 158 498 613 753 246 749 186 906 419 405 49 970 940 769 93 190 199 740 797 714 528 357 23 779 178 900 188 408 472 583 748 897 963 950 379 401 452 738 301 553 108 664 130 747 151 556 55 235 944 444 571 482 14 926 39 1000 430 867 422 535 6 425 265 112 504 373 620 409 336 450 404 837 902 893 46 348 163 961 828 146 733 181 279 937 100 263 957 173 737 785 989 821 899 142 651 736 481 938 790 494 403 564 585 689 283 402 176 684 218 126 726 326 735 72 398 931 219 445 311 576 687 192 705 570 927 787 829 375 168 561 608 244 28 943 537 197 280 268 593 57 289 27 136 624 346 744 591 380 324 118 972 184 509 242 316 584 838 416 295 531 354 95 480 37 15 51 948 456 615 8 303 974 315 630 62 782 986 973 835 129 754 873 682 843 844 428 117 278 643 586 984 878 350 164 155 83 240 286 750 560 678 19 852 370 905 65 544 448 285 473 729 796 59 507 43 496 751 513 109 712 156 672 777 960 87 97 932 492 709 160 338 220 996 616 888 124 166 870 985 988 500 987 671 458 432 720 399 725 826 765 485 646 920 581 803 495 135 44 685 766 330 25 224 369 922 619 103 600 433 567 206 703 407 351 757 648 230 349 490 223 945 532 438 831 933 47 983 512 856 367 760 599 470 993 788 1 695 519 463 618 609 628 110 52 552 539 133 656 9 137 271 308 793 847 114 12 929 704 716 476 529 213 951 106 919 84 542 858 582 376 959 75 36 385 270 304 174 525 391 79 300 880 654 601 771 978 150 997 767 688 589 64 13 318 238 877 329 911 693 226 547 274 333 273 424 34 169 818 825 484 177 991 605 798 5 942 426 272 143 813 994 839 489 474 861 277 617 116 145 2 822 483 799 863 967 520 639 209 632 555 530 680 758 597 451 820 506 934 171 794 77 468 891 827 909 871 848 210 841 89 916 982 462 207 807 971 502 546 921 883 153 659 253 66 363 634 198 120 860 876 382 627 298 180 655 774 633 361 159 667 250 541 573 88 980 907 692 901 467 592 256 569 517 739 85 928 4 182 418 115 297 464 923 864 461 521 394 282 229 353 623 998 629 457 231 975 154 976 917 314 125 786 41 676 435 61 992 882 152 526 499 673 38 775 965 251 964 806 565 436 327 387 701 789 73 968 96 442 94 614 239 248 622 953 420 400 721 71 487 362 762 434 310 384 814 842 287 755 249 167 792 491 645 885 187 101 191 20 264 697 148 469 538 372 637 269 674 872 698 478 98 534 423 165 233 56 377 707 440 763 851 594 663 344 811 139 175 392 743 63 866 524 884 196 823 309 505 486 132 642 237 908 575 204 903 683 427 449 904 147 947 691 577 977 30 745 322 134 669 969 42 781 890 460 138 328 227 930 421 631 999 621 658 3 358 939 179 352 675 580 200 58 772 368 411 962 86 364 386 123 412 216 194 140 313 816 203 955 415 518 92 742 319 784 69 563 414 690 715 606 641 795 99 296 855 636 388 853 355 471 45 578 910 225 650 874 768 812 653 949 501 262 832 956 503 764 810 859 365 515 966 854 846 773 247 554 341 702 635 730 81 912 317 67 441 711 801 865 611 710 144 74 562 113 378 752 104 321 849 307 666 453 723 815 217 780 551 343 337 446 596 374 548 397 604 670 50 574 511 102 946 417 40 662 886 78 360 255 107 447 808 339 276 759 981 649 979 302 732 202 941 783 429 347 68 299 10 717 127 850 345 258 254 668 70 727 603 331 523 895 800 214 588 334 
534 311 576 687 192 705 570 927 787 829 375 168 561 608 244 28 943 537 197 280 268 593 57 289 27 136 624 346 744 591 380 324 118 972 184 509 242 316 584 838 416 295 531 354 95 480 37 15 51 948 456 615 8 303 974 315 630 62 782 986 973 835 129 754 873 682 843 844 428 117 278 643 586 984 878 350 164 155 83 240 286 750 560 678 19 852 370 905 65 544 448 285 473 729 796 59 507 43 496 751 513 109 712 156 672 777 960 87 97 932 492 709 160 338 220 996 616 888 124 166 870 985 988 500 987 671 458 432 720 399 725 826 765 485 646 920 581 803 495 135 44 685 766 330 25 224 369 922 619 103 600 433 567 206 703 407 351 757 648 230 349 490 223 945 532 438 831 933 47 983 512 856 367 760 599 470 993 788 1 695 519 463 618 609 628 110 52 552 539 133 656 9 137 271 308 793 847 114 12 929 704 716 476 529 213 951 106 919 84 542 858 582 376 959 75 36 385 270 304 174 525 391 79 300 880 654 601 771 978 150 997 767 688 589 64 13 318 238 877 329 911 693 226 547 274 333 273 424 34 169 818 825 484 177 991 605 798 5 942 426 272 143 813 994 839 489 474 861 277 617 116 145 2 822 483 799 863 967 520 639 209 632 555 530 680 758 597 451 820 506 934 171 794 77 468 891 827 909 871 848 210 841 89 916 982 462 207 807 971 502 546 921 883 153 659 253 66 363 634 198 120 860 876 382 627 298 180 655 774 633 361 159 667 250 541 573 88 980 907 692 901 467 592 256 569 517 739 85 928 4 182 418 115 297 464 923 864 461 521 394 282 229 353 623 998 629 457 231 975 154 976 917 314 125 786 41 676 435 61 992 882 152 526 499 673 38 775 965 251 964 806 565 436 327 387 701 789 73 968 96 442 94 614 239 248 622 953 420 400 721 71 487 362 762 434 310 384 814 842 287 755 249 167 792 491 645 885 187 101 191 20 264 697 148 469 538 372 637 269 674 872 698 478 98 534 423 165 233 56 377 707 440 763 851 594 663 344 811 139 175 392 743 63 866 524 884 196 823 309 505 486 132 642 237 908 575 204 903 683 427 449 904 147 947 691 577 977 30 745 322 134 669 969 42 781 890 460 138 328 227 930 421 631 999 621 658 3 358 939 179 352 675 580 200 58 772 368 411 962 86 364 386 123 412 216 194 140 313 816 203 955 415 518 92 742 
918 48 241 284 728 510 222 431 681 536 393 694 869 587 713 647 275 833 257 657 17 325 598 527 161 925 80 294 266 918 566 686 936 889 305 868 261 335 21 383 954 11 121 718 172 915 778 935 756 558 389 24 990 356 497 625 410 896 293 149 459 245 809 700 475 22 559 439 122 128 236 679 892 31 260 540 516 995 660 16 862 76 612 488 836 141 665 195 493 522 60 208 722 291 18 914 228 53 746 32 267 819 35 201 105 466 437 824 465 479 626 390 699 805 359 162 881 211 111 54 332 590 91 26 568 232 708 706 183 610 454 292 894 557 306 340 533 234 119 33 170 185 924 724 875 652 734 323 514 157 396 543 281 817 952 259 638 158 498 613 753 246 749 186 906 419 405 49 970 940 769 93 190 199 740 797 714 528 357 23 779 178 900 188 408 472 583 748 897 963 950 379 401 452 738 301 553 108 664 130 747 151 556 55 235 944 444 571 482 14 926 39 1000 430 867 422 535 6 425 265 112 504 373 620 409 336 450 404 837 902 893 46 348 163 961 828 146 733 181 279 937 100 263 957 173 737 785 989 821 899 142 651 736 481 938 790 494 403 564 585 689 283 402 176 684 218 126 726 326 735 72 398 931 219 445 311 576 687 192 705 570 927 787 829 375 168 561 608 244 28 943 537 197 280 268 593 57 289 27 136 624 346 744 591 380 324 118 972 184 509 242 316 584 838 416 295 531 354 95 480 37 15 51 948 456 615 8 303 974 315 630 62 782 986 973 835 129 754 873 682 843 844 428 117 278 643 586 984 878 350 164 155 83 240 286 750 560 678 19 852 370 905 65 544 448 285 473 729 796 59 507 43 496 751 513 109 712 156 672 777 960 87 97 932 492 709 160 338 220 996 616 888 124 166 870 985 988 500 987 671 458 432 720 399 725 826 765 485 646 920 581 803 495 135 44 685 766 330 25 224 369 922 619 103 600 433 567 206 703 407 351 757 648 230 349 490 223 945 532 438 831 933 47 983 512 856 367 760 599 470 993 788 1 695 519 463 618 609 628 110 52 552 539 133 656 9 137 271 308 793 847 114 12 929 704 716 476 529 213 951 106 919 84 542 858 582 376 959 75 36 385 270 304 174 525 391 79 300 880 654 601 771 978 150 997 767 688 589 64 13 318 238 877 329 911 693 226 547 274 333 273 424 34 169 818 825 484 177 991 605 798 5 942 426 272 143 813 994 839 489 474 861 277 617 116 145 2 822 483 799 863 967 520 639 209 632 555 530 680 758 597 451 820 506 934 171 794 77 468 891 827 909 871 848 210 841 89 916 982 462 207 807 971 502 546 921 883 153 659 253 66 363 634 198 120 860 876 382 627 298 180 655 774 633 361 159 667 250 541 573 88 980 907 692 901 467 592 256 569 517 739 85 928 4 182 418 115 297 464 923 864 461 521 394 282 229 353 623 998 629 457 231 975 154 976 917 314 125 786 41 676 435 61 992 882 152 526 499 673 38 775 965 251 964 806 565 436 327 387 701 789 73 968 96 442 94 614 239 248 622 953 420 400 721 71 487 362 762 434 310 384 814 842 287 755 249 167 792 491 645 885 187 101 191 20 264 697 148 469 538 372 637 269 674 872 698 478 98 534 423 165 233 56 377 707 440 763 851 594 663 344 811 139 175 392 743 63 866 524 884 196 823 309 505 486 132 642 237 908 575 204 903 683 427 449 904 147 947 691 577 977 30 745 322 134 669 969 42 781 890 460 138 328 227 930 421 631 999 621 658 3 358 939 179 352 675 580 200 58 772 368 411 962 86 364 386 123 412 216 194 140 313 816 203 955 415 518 92 742 319 784 69 563 414 690 715 606 641 795 99 296 855 636 388 853 355 471 45 578 910 225 650 874 768 812 653 949 501 262 832 956 503 764 810 859 365 515 966 854 846 773 247 554 341 702 635 730 81 912 317 67 441 711 801 865 611 710 144 74 562 113 378 752 104 321 849 307 666 453 723 815 217 780 551 343 337 446 596 374 548 397 604 670 50 574 511 102 946 417 40 662 886 78 360 255 107 447 808 339 276 759 981 649 979 302 732 202 941 783 
878 719 395 406 696 579 661 193 7 455 366 320 845 958 834 443 371 840 804 221 342 290 212 802 791 607 741 572 82 602 677 640 731 595 776 550 857 312 545 131 898 29 243 413 48 241 284 728 510 222 431 681 536 393 694 869 587 713 647 275 833 257 657 17 325 598 527 161 925 80 294 266 918 566 686 936 889 305 868 261 335 21 383 954 11 121 718 172 915 778 935 756 558 389 24 990 356 497 625 410 896 293 149 459 245 809 700 475 22 559 439 122 128 236 679 892 31 260 540 516 995 660 16 862 76 612 488 836 141 665 195 493 522 60 208 722 291 18 914 228 53 746 32 267 819 35 201 105 466 437 824 465 479 626 390 699 805 359 162 881 211 111 54 332 590 91 26 568 232 708 706 183 610 454 292 894 557 306 340 533 234 119 33 170 185 924 724 875 652 734 323 514 157 396 543 281 817 952 259 638 158 498 613 753 246 749 186 906 419 405 49 970 940 769 93 190 199 740 797 714 528 357 23 779 178 900 188 408 472 583 748 897 963 950 379 401 452 738 301 553 108 664 130 747 151 556 55 235 944 444 571 482 14 926 39 1000 430 867 422 535 6 425 265 112 504 373 620 409 336 450 404 837 902 893 46 348 163 961 828 146 733 181 279 937 100 263 957 173 737 785 989 821 899 142 651 736 481 938 790 494 403 564 585 689 283 402 176 684 218 126 726 326 735 72 398 931 219 445 311 576 687 192 705 570 927 787 829 375 168 561 608 244 28 943 537 197 280 268 593 57 289 27 136 624 346 744 591 380 324 118 972 184 509 242 316 584 838 416 295 531 354 95 480 37 15 51 948 456 615 8 303 974 315 630 62 782 986 973 835 129 754 873 682 843 844 428 117 278 643 586 984 878 350 164 155 83 240 286 750 560 678 19 852 370 905 65 544 448 285 473 729 796 59 507 43 496 751 513 109 712 156 672 777 960 87 97 932 492 709 160 338 220 996 616 888 124 166 870 985 988 500 987 671 458 432 720 399 725 826 765 485 646 920 581 803 495 135 44 685 766 330 25 224 369 922 619 103 600 433 567 206 703 407 351 757 648 230 349 490 223 945 532 438 831 933 47 983 512 856 367 760 599 470 993 788 1 695 519 463 618 609 628 110 52 552 539 133 656 9 137 271 308 793 847 114 12 929 704 716 476 529 213 951 106 919 84 542 858 582 376 959 75 36 385 270 304 174 525 391 79 300 880 654 601 771 978 150 997 767 688 589 64 13 318 238 877 329 911 693 226 547 274 333 273 424 34 169 818 825 484 177 991 605 798 5 942 426 272 143 813 994 839 489 474 861 277 617 116 145 2 822 483 799 863 967 520 639 209 632 555 530 680 758 597 451 820 506 934 171 794 77 468 891 827 909 871 848 210 841 89 916 982 462 207 807 971 502 546 921 883 153 659 253 66 363 634 198 120 860 876 382 627 298 180 655 774 633 361 159 667 250 541 573 88 980 907 692 901 467 592 256 569 517 739 85 928 4 182 418 115 297 464 923 864 461 521 394 282 229 353 623 998 629 457 231 975 154 976 917 314 125 786 41 676 435 61 992 882 152 526 499 673 38 775 965 251 964 806 565 436 327 387 701 789 73 968 96 442 94 614 239 248 622 953 420 400 721 71 487 362 762 434 310 384 814 842 287 755 249 167 792 491 645 885 187 101 191 20 264 697 148 469 538 372 637 269 674 872 698 478 98 534 423 165 233 56 377 707 440 763 851 594 663 344 811 139 175 392 743 63 866 524 884 196 823 309 505 486 132 642 237 908 575 204 903 683 427 449 904 147 947 691 577 977 30 745 322 134 669 969 42 781 890 460 138 328 227 930 421 631 999 621 658 3 358 939 179 352 675 580 200 58 772 368 411 962 86 364 386 123 412 216 194 140 313 816 203 955 415 518 92 742 319 784 69 563 414 690 715 606 641 795 99 296 855 636 388 853 355 471 45 578 910 225 650 874 768 812 653 
550 23 779 178 900 188 408 472 583 748 897 963 950 379 401 452 738 301 553 108 664 130 747 151 556 55 235 944 444 571 482 14 926 39 1000 430 867 422 535 6 425 265 112 504 373 620 409 336 450 404 837 902 893 46 348 163 961 828 146 733 181 279 937 100 263 957 173 737 785 989 821 899 142 651 736 481 938 790 494 403 564 585 689 283 402 176 684 218 126 726 326 735 72 398 931 219 445 311 576 687 192 705 570 927 787 829 375 168 561 608 244 28 943 537 197 280 268 593 57 289 27 136 624 346 744 591 380 324 118 972 184 509 242 316 584 838 416 295 531 354 95 480 37 15 51 948 456 615 8 303 974 315 630 62 782 986 973 835 129 754 873 682 843 844 428 117 278 643 586 984 878 350 164 155 83 240 286 750 560 678 19 852 370 905 65 544 448 285 473 729 796 59 507 43 496 751 513 109 712 156 672 777 960 87 97 932 492 709 160 338 220 996 616 888 124 166 870 985 988 500 987 671 458 432 720 399 725 826 765 485 646 920 581 803 495 135 44 685 766 330 25 224 369 922 619 103 600 433 567 206 703 407 351 757 648 230 349 490 223 945 532 438 831 933 47 983 512 856 367 760 599 470 993 788 1 695 519 463 618 609 628 110 52 552 539 133 656 9 137 271 308 793 847 114 12 929 704 716 476 529 213 951 106 919 84 542 858 582 376 959 75 36 385 270 304 174 525 391 79 300 880 654 601 771 978 150 997 767 688 589 64 13 318 238 877 329 911 693 226 547 274 333 273 424 34 169 818 825 484 177 991 605 798 5 942 426 272 143 813 994 839 489 474 861 277 617 116 145 2 822 483 799 863 967 520 639 209 632 555 530 680 758 597 451 820 506 934 171 794 77 468 891 827 909 871 848 210 841 89 916 982 462 207 807 971 502 546 921 883 153 659 253 66 363 634 198 120 860 876 382 627 298 180 655 774 633 361 159 667 250 541 573 88 980 907 692 901 467 592 256 569 517 739 85 928 4 182 418 115 297 464 923 864 461 521 394 282 229 353 623 998 629 457 231 975 154 976 917 314 125 786 41 676 435 61 992 882 152 526 499 673 38 775 965 251 964 806 565 436 327 387 701 789 73 968 96 442 94 614 239 248 622 953 420 400 721 71 487 362 762 434 310 384 814 842 287 755 249 167 792 491 645 885 187 101 191 20 264 697 148 469 538 372 637 269 674 872 698 478 98 534 423 165 233 56 377 707 440 763 851 594 
596 914 228 53 746 32 267 819 35 201 105 466 437 824 465 479 626 390 699 805 359 162 881 211 111 54 332 590 91 26 568 232 708 706 183 610 454 292 894 557 306 340 533 234 119 33 170 185 924 724 875 652 734 323 514 157 396 543 281 817 952 259 638 158 498 613 753 246 749 186 906 419 405 49 970 940 769 93 190 199 740 797 714 528 357 23 779 178 900 188 408 472 583 748 897 963 950 379 401 452 738 301 553 108 664 130 747 151 556 55 235 944 444 571 482 14 926 39 1000 430 867 422 535 6 425 265 112 504 373 620 409 336 450 404 837 902 893 46 348 163 961 828 146 733 181 279 937 100 263 957 173 737 785 989 821 899 142 651 736 481 938 790 494 403 564 585 689 283 402 176 684 218 126 726 326 735 72 398 931 219 445 311 576 687 192 705 570 927 787 829 375 168 561 608 244 28 943 537 197 280 268 593 57 289 27 136 624 346 744 591 380 324 118 972 184 509 242 316 584 838 416 295 531 354 95 480 37 15 51 948 456 615 8 303 974 315 630 62 782 986 973 835 129 754 873 682 843 844 428 117 278 643 586 984 878 350 164 155 83 240 286 750 560 678 19 852 370 905 65 544 448 285 473 729 796 59 507 43 496 751 513 109 712 156 672 777 960 87 97 932 492 709 160 338 220 996 616 888 124 166 870 985 988 500 987 671 458 432 720 399 725 826 765 485 646 920 581 803 495 135 44 685 766 330 25 224 369 922 619 103 600 433 567 206 703 407 351 757 648 230 349 490 223 945 532 438 831 933 47 983 512 856 367 760 599 470 993 788 1 695 519 463 618 609 628 110 52 552 539 133 656 9 137 271 308 793 847 114 12 929 704 716 476 529 213 951 106 919 84 542 858 582 376 959 75 36 385 270 304 174 525 391 79 300 880 654 601 771 978 150 997 767 688 589 64 13 318 238 877 329 911 693 226 547 274 333 273 424 34 169 818 825 484 177 991 605 798 5 942 426 272 143 813 994 839 489 474 861 277 617 116 145 2 822 483 799 863 967 520 639 209 632 555 530 680 758 597 451 820 506 934 171 794 77 468 891 827 909 871 848 210 841 89 916 982 462 207 807 971 502 546 921 883 153 659 253 66 363 634 198 120 860 876 382 627 298 180 655 774 633 361 159 667 250 541 573 88 980 907 692 901 467 592 256 569 517 739 85 928 4 182 418 115 297 464 923 864 461 521 394 282 229 353 623 998 629 457 231 975 154 976 917 314 125 786 41 676 435 61 992 882 152 526 499 673 38 775 965 251 964 806 565 436 327 387 701 789 73 968 96 442 94 614 239 248 622 953 420 400 721 71 487 362 762 434 310 384 
742 936 889 305 868 261 335 21 383 954 11 121 718 172 915 778 935 756 558 389 24 990 356 497 625 410 896 293 149 459 245 809 700 475 22 559 439 122 128 236 679 892 31 260 540 516 995 660 16 862 76 612 488 836 141 665 195 493 522 60 208 722 291 18 914 228 53 746 32 267 819 35 201 105 466 437 824 465 479 626 390 699 805 359 162 881 211 111 54 332 590 91 26 568 232 708 706 183 610 454 292 894 557 306 340 533 234 119 33 170 185 924 724 875 652 734 323 514 157 396 543 281 817 952 259 638 158 498 613 753 246 749 186 906 419 405 49 970 940 769 93 190 199 740 797 714 528 357 23 779 178 900 188 408 472 583 748 897 963 950 379 401 452 738 301 553 108 664 130 747 151 556 55 235 944 444 571 482 14 926 39 1000 430 867 422 535 6 425 265 112 504 373 620 409 336 450 404 837 902 893 46 348 163 961 828 146 733 181 279 937 100 263 957 173 737 785 989 821 899 142 651 736 481 938 790 494 403 564 585 689 283 402 176 684 218 126 726 326 735 72 398 931 219 445 311 576 687 192 705 570 927 787 829 375 168 561 608 244 28 943 537 197 280 268 593 57 289 27 136 624 346 744 591 380 324 118 972 184 509 242 316 584 838 416 295 531 354 95 480 37 15 51 948 456 615 8 303 974 315 630 62 782 986 973 835 129 754 873 682 843 844 428 117 278 643 586 984 878 350 164 155 83 240 286 750 560 678 19 852 370 905 65 544 448 285 473 729 796 59 507 43 496 751 513 109 712 156 672 777 960 87 97 932 492 709 160 338 220 996 616 888 124 166 870 985 988 500 987 671 458 432 720 399 725 826 765 485 646 920 581 803 495 135 44 685 766 330 25 224 369 922 619 103 600 433 567 206 703 407 351 757 648 230 349 490 223 945 532 438 831 933 47 983 512 856 367 760 599 470 993 788 1 695 519 463 618 609 628 110 52 552 539 133 656 9 137 271 308 793 847 114 12 929 704 716 476 529 213 951 106 919 84 542 858 582 376 959 75 36 385 270 304 174 525 391 79 300 880 654 601 771 978 150 997 767 688 589 64 13 318 238 877 329 911 693 226 547 274 333 273 424 34 169 818 825 484 177 991 605 798 5 942 426 272 143 813 994 839 489 474 861 277 617 116 145 2 822 483 799 863 967 520 639 209 632 555 530 680 758 597 451 820 506 934 171 794 77 468 891 827 909 871 848 210 841 89 916 982 462 207 807 971 502 546 921 883 153 659 253 66 363 634 198 120 860 876 382 627 298 180 655 774 633 361 159 667 250 541 573 88 980 907 692 901 467 592 256 569 517 739 85 928 4 182 418 115 297 464 923 864 461 521 394 282 229 353 623 998 629 457 231 975 154 976 917 314 125 786 41 676 435 61 992 882 152 526 499 673 38 775 965 251 964 806 565 436 327 387 701 789 73 968 96 442 94 614 239 248 622 953 420 400 721 71 487 362 762 434 310 384 814 842 287 755 249 167 792 491 645 885 187 101 191 20 264 697 148 469 538 372 637 269 674 872 698 478 98 534 423 165 233 56 377 707 440 763 851 594 663 344 811 139 175 392 743 63 866 524 884 196 823 309 505 486 132 642 237 908 575 204 903 683 427 449 904 147 947 691 577 977 30 745 322 134 669 969 42 781 890 460 138 328 227 
964 342 290 212 802 791 607 741 572 82 602 677 640 731 595 776 550 857 312 545 131 898 29 243 413 48 241 284 728 510 222 431 681 536 393 694 869 587 713 647 275 833 257 657 17 325 598 527 161 925 80 294 266 918 566 686 936 889 305 868 261 335 21 383 954 11 121 718 172 915 778 935 756 558 389 24 990 356 497 625 410 896 293 149 459 245 809 700 475 22 559 439 122 128 236 679 892 31 260 540 516 995 660 16 862 76 612 488 836 141 665 195 493 522 60 208 722 291 18 914 228 53 746 32 267 819 35 201 105 466 437 824 465 479 626 390 699 805 359 162 881 211 111 54 332 590 91 26 568 232 708 706 183 610 454 292 894 557 306 340 533 234 119 33 170 185 924 724 875 652 734 323 514 157 396 543 281 817 952 259 638 158 498 613 753 246 749 186 906 419 405 49 970 940 769 93 190 199 740 797 714 528 357 23 779 178 900 188 408 472 583 748 897 963 950 379 401 452 738 301 553 108 664 130 747 151 556 55 235 944 444 571 482 14 926 39 1000 430 867 422 535 6 425 265 112 504 373 620 409 336 450 404 837 902 893 46 348 163 961 828 146 733 181 279 937 100 263 957 173 737 785 989 821 899 142 651 736 481 938 790 494 403 564 585 689 283 402 176 684 218 126 726 326 735 72 398 931 219 445 311 576 687 192 705 570 927 787 829 375 168 561 608 244 28 943 537 197 280 268 593 57 289 27 136 624 346 744 591 380 324 118 972 184 509 242 316 584 838 416 295 531 354 95 480 37 15 51 948 456 615 8 303 974 315 630 62 782 986 973 835 129 754 873 682 843 844 428 117 278 643 586 984 878 350 164 155 83 240 286 750 560 678 19 852 370 905 65 544 448 285 473 729 796 59 507 43 496 751 513 109 712 156 672 777 960 87 97 932 492 709 160 338 220 996 616 888 124 166 870 985 988 500 987 671 458 432 720 399 725 826 765 485 646 920 581 803 495 135 44 685 766 330 25 224 369 922 619 103 600 433 567 206 703 407 351 757 648 230 349 490 223 945 532 438 831 933 47 983 512 856 367 760 599 470 993 788 1 695 519 463 618 609 628 110 52 552 539 133 656 9 137 271 308 793 847 114 12 929 704 716 476 529 213 951 106 919 84 542 858 582 376 959 75 36 385 270 304 174 525 391 79 300 880 654 601 771 978 150 997 767 688 589 64 13 318 238 877 329 911 693 226 547 274 333 273 424 34 169 818 825 484 177 991 605 798 5 942 426 272 143 813 994 839 489 474 861 277 617 116 145 2 822 483 799 863 967 520 639 209 632 555 530 680 758 597 451 820 506 934 171 794 77 468 891 827 909 871 848 210 841 89 916 982 462 207 807 971 502 546 921 883 153 659 253 66 363 634 198 120 860 876 382 627 298 180 655 774 633 361 159 667 250 541 573 88 980 907 692 901 467 592 256 569 517 739 85 928 4 182 418 115 297 464 923 864 461 521 394 282 229 353 623 998 629 457 231 975 154 976 917 314 125 786 41 676 435 61 992 882 152 526 499 673 38 775 965 251 964 806 565 436 327 387 701 789 73 968 96 442 94 614 239 248 622 953 420 400 721 71 487 362 762 434 310 384 814 842 287 755 249 167 792 491 645 885 187 101 191 20 264 697 148 469 538 372 637 269 674 872 698 478 98 534 423 165 233 56 377 707 440 763 851 594 663 344 811 139 175 392 743 63 866 524 884 196 823 309 505 486 132 642 237 908 575 204 903 683 427 449 904 147 947 691 577 977 30 745 322 134 669 969 42 781 890 460 138 328 227 930 421 631 999 621 658 3 358 939 179 352 675 580 200 58 772 368 411 962 86 364 386 123 412 216 194 140 313 816 203 955 415 518 92 742 319 784 69 563 414 690 715 606 641 795 99 296 855 636 388 853 355 471 45 578 910 225 650 874 768 812 653 949 501 262 832 956 503 764 810 859 365 515 966 854 846 773 247 554 341 702 635 730 81 912 317 67 441 711 801 865 611 710 144 74 562 113 378 752 104 321 849 307 666 453 723 815 217 780 551 343 337 446 596 374 548 397 604 670 50 574 511 102 946 417 40 662 886 78 360 255 107 447 808 339 276 759 981 649 979 302 732 202 941 783 429 347 68 299 10 717 127 850 345 258 254 668 70 727 603 331 523 895 800 214 588 334 
257 445 311 576 687 192 705 570 927 787 829 375 168 561 608 244 28 943 537 197 280 268 593 57 289 27 136 624 346 744 591 380 324 118 972 184 509 242 316 584 838 416 295 531 354 95 480 37 15 51 948 456 615 8 303 974 315 630 62 782 986 973 835 129 754 873 682 843 844 428 117 278 643 586 984 878 350 164 155 83 240 286 750 560 678 19 852 370 905 65 544 448 285 473 729 796 59 507 43 496 751 513 109 712 156 672 777 960 87 97 932 492 709 160 338 220 996 616 888 124 166 870 985 988 500 987 671 458 432 720 399 725 826 765 485 646 920 581 803 495 135 44 685 766 330 25 224 369 922 619 103 600 433 567 206 703 407 351 757 648 230 349 490 223 945 532 438 831 933 47 983 512 856 367 760 599 470 993 788 1 695 519 463 618 609 628 110 52 552 539 133 656 9 137 271 308 793 847 114 12 929 704 716 476 529 213 951 106 919 84 542 858 582 376 959 75 36 385 270 304 174 525 391 79 300 880 654 601 771 978 150 997 767 688 589 64 13 318 238 877 329 911 693 226 547 274 333 273 424 34 169 818 825 484 177 991 605 798 
567 804 221 342 290 212 802 791 607 741 572 82 602 677 640 731 595 776 550 857 312 545 131 898 29 243 413 48 241 284 728 510 222 431 681 536 393 694 869 587 713 647 275 833 257 657 17 325 598 527 161 925 80 294 266 918 566 686 936 889 305 868 261 335 21 383 954 11 121 718 172 915 778 935 756 558 389 24 990 356 497 625 410 896 293 149 459 245 809 700 475 22 559 439 122 128 236 679 892 31 260 540 516 995 660 16 862 76 612 488 836 141 665 195 493 522 60 208 722 291 18 914 228 53 746 32 267 819 35 201 105 466 437 824 465 479 626 390 699 805 359 162 881 211 111 54 332 590 91 26 568 232 708 706 183 610 454 292 894 557 306 340 533 234 119 33 170 185 924 724 875 652 734 323 514 157 396 543 281 817 952 259 638 158 498 613 753 246 749 186 906 419 405 49 970 940 769 93 190 199 740 797 714 528 357 23 779 178 900 188 408 472 583 748 897 963 950 379 401 452 738 301 553 108 664 130 747 151 556 55 235 944 444 571 482 14 926 39 1000 430 867 422 535 6 425 265 112 504 373 620 409 336 450 404 837 902 893 46 348 163 961 828 146 733 181 279 937 100 263 957 173 737 785 989 821 899 142 651 736 481 938 790 494 403 564 585 689 283 402 176 684 218 126 726 326 735 72 398 931 219 445 311 576 687 192 705 570 927 787 829 375 168 561 608 244 28 943 537 197 280 268 593 57 289 27 136 624 346 744 591 380 324 118 972 184 509 242 316 584 838 416 295 531 354 95 480 37 15 51 948 456 615 8 303 974 315 630 62 782 986 973 835 129 754 873 682 843 844 428 117 278 643 586 984 878 350 164 155 83 240 286 750 560 678 19 852 370 905 65 544 448 285 473 729 796 59 507 43 496 751 513 109 712 156 672 777 960 87 97 932 492 709 160 338 220 996 616 888 124 166 870 985 988 500 987 671 458 432 720 399 725 826 765 485 646 920 581 803 495 135 44 685 766 330 25 224 369 922 619 103 600 433 567 206 703 407 351 757 648 230 349 490 223 945 532 438 831 933 47 983 512 856 367 760 599 470 993 788 1 695 519 463 618 609 628 110 52 552 539 133 656 9 137 271 308 793 847 114 12 929 704 716 476 529 213 951 106 919 84 542 858 582 376 959 75 36 385 270 304 174 525 391 79 300 880 654 601 771 978 150 997 767 688 589 64 13 318 238 877 329 911 693 226 547 274 333 273 424 34 169 818 825 484 177 991 605 798 5 942 426 272 143 813 994 839 489 474 861 
475 748 897 963 950 379 401 452 738 301 553 108 664 130 747 151 556 55 235 944 444 571 482 14 926 39 1000 430 867 422 535 6 425 265 112 504 373 620 409 336 450 404 837 902 893 46 348 163 961 828 146 733 181 279 937 100 263 957 173 737 785 989 821 899 142 651 736 481 938 790 494 403 564 585 689 283 402 176 684 218 126 726 326 735 72 398 931 219 445 311 576 687 192 705 570 927 787 829 375 168 561 608 244 28 943 537 197 280 268 593 57 289 27 136 624 346 744 591 380 324 118 972 184 509 242 316 584 838 416 295 531 354 95 480 37 15 51 948 456 615 8 303 974 315 630 62 782 986 973 835 129 754 873 682 843 844 428 117 278 643 586 984 878 350 164 155 83 240 286 750 560 678 19 852 370 905 65 544 448 285 473 729 796 59 507 43 496 751 513 109 712 156 672 777 960 87 97 932 492 709 160 338 220 996 616 888 124 166 870 985 988 500 987 671 458 432 720 399 725 826 765 485 646 920 581 803 495 135 44 685 766 330 25 224 369 922 619 103 600 433 567 206 703 407 351 757 648 230 349 490 223 945 532 438 831 933 47 983 512 856 367 760 599 470 993 788 1 695 519 463 618 609 628 110 52 552 539 133 656 9 137 271 308 793 847 114 12 929 704 716 476 529 213 951 106 919 84 542 858 582 376 959 75 36 385 270 304 174 525 391 79 300 880 654 601 771 978 150 997 767 688 589 64 13 318 238 877 329 911 693 226 547 274 333 273 424 34 169 818 825 484 177 991 605 798 5 942 426 272 143 813 994 839 489 474 861 277 617 116 145 2 822 483 799 863 967 520 639 209 632 555 530 680 758 597 451 820 506 934 171 794 77 468 891 827 909 871 848 210 841 89 916 982 462 207 807 971 502 546 921 883 153 659 253 66 363 634 198 120 860 876 382 627 298 180 655 774 633 361 159 667 250 541 573 88 980 907 692 901 467 592 256 569 517 739 85 928 4 182 418 115 297 464 923 864 461 521 394 282 229 353 623 998 629 457 231 975 154 976 917 314 125 786 41 676 435 61 992 882 152 526 499 673 38 775 965 
500 162 881 211 111 54 332 590 91 26 568 232 708 706 183 610 454 292 894 557 306 340 533 234 119 33 170 185 924 724 875 652 734 323 514 157 396 543 281 817 952 259 638 158 498 613 753 246 749 186 906 419 405 49 970 940 769 93 190 199 740 797 714 528 357 23 779 178 900 188 408 472 583 748 897 963 950 379 401 452 738 301 553 108 664 130 747 151 556 55 235 944 444 571 482 14 926 39 1000 430 867 422 535 6 425 265 112 504 373 620 409 336 450 404 837 902 893 46 348 163 961 828 146 733 181 279 937 100 263 957 173 737 785 989 821 899 142 651 736 481 938 790 494 403 564 585 689 283 402 176 684 218 126 726 326 735 72 398 931 219 445 311 576 687 192 705 570 927 787 829 375 168 561 608 244 28 943 537 197 280 268 593 57 289 27 136 624 346 744 591 380 324 118 972 184 509 242 316 584 838 416 295 531 354 95 480 37 15 51 948 456 615 8 303 974 315 630 62 782 986 973 835 129 754 873 682 843 844 428 117 278 643 586 984 878 350 164 155 83 240 286 750 560 678 19 852 370 905 65 544 448 285 473 729 796 59 507 43 496 751 513 109 712 156 672 777 960 87 97 932 492 709 160 338 220 996 616 888 124 166 870 985 988 500 987 671 458 432 720 399 725 826 765 485 646 920 581 803 495 135 44 685 766 330 25 224 369 922 619 103 600 433 567 206 703 407 351 757 648 230 349 490 223 945 532 438 831 933 47 983 512 856 367 760 599 470 993 788 1 695 519 463 618 609 628 110 52 552 539 133 656 9 137 271 308 793 847 114 12 929 704 716 476 529 213 951 106 919 84 542 858 582 376 959 75 36 385 270 304 174 525 391 79 300 880 654 601 771 978 150 997 767 688 589 64 13 318 238 877 329 911 693 226 547 274 333 273 424 34 169 818 825 484 177 991 605 798 5 942 426 272 143 813 994 839 489 474 861 277 617 116 145 2 822 483 799 863 967 520 639 209 632 555 530 680 758 597 451 820 506 934 171 794 77 468 891 827 909 871 848 210 841 89 916 982 462 207 807 971 502 546 921 883 153 659 253 66 363 634 198 120 860 876 382 627 298 180 655 774 633 361 159 667 250 541 573 88 980 907 692 901 
737 443 371 840 804 221 342 290 212 802 791 607 741 572 82 602 677 640 731 595 776 550 857 312 545 131 898 29 243 413 48 241 284 728 510 222 431 681 536 393 694 869 587 713 647 275 833 257 657 17 325 598 527 161 925 80 294 266 918 566 686 936 889 305 868 261 335 21 383 954 11 121 718 172 915 778 935 756 558 389 24 990 356 497 625 410 896 293 149 459 245 809 700 475 22 559 439 122 128 236 679 892 31 260 540 516 995 660 16 862 76 612 488 836 141 665 195 493 522 60 208 722 291 18 914 228 53 746 32 267 819 35 201 105 466 437 824 465 479 626 390 699 805 359 162 881 211 111 54 332 590 91 26 568 232 708 706 183 610 454 292 894 557 306 340 533 234 119 33 170 185 924 724 875 652 734 323 514 157 396 543 281 817 952 259 638 158 498 613 753 246 749 186 906 419 405 49 970 940 769 93 190 199 740 797 714 528 357 23 779 178 900 188 408 472 583 748 897 963 950 379 401 452 738 301 553 108 664 130 747 151 556 55 235 944 444 571 482 14 926 39 1000 430 867 422 535 6 425 265 112 504 373 620 409 336 450 404 837 902 893 46 348 163 961 828 146 733 181 279 937 100 263 957 173 737 785 989 821 899 142 651 736 481 938 790 494 403 564 585 689 283 402 176 684 218 126 726 326 735 72 398 931 219 445 311 576 687 192 705 570 927 787 829 375 168 561 608 244 28 943 537 197 280 268 593 57 289 27 136 624 346 744 591 380 324 118 972 184 509 242 316 584 838 416 295 531 354 95 480 37 15 51 948 456 615 8 303 974 315 630 62 782 986 973 835 129 754 873 682 843 844 428 117 278 643 586 984 878 350 164 155 83 240 286 750 560 678 19 852 370 905 65 544 448 285 473 729 796 59 507 43 496 751 513 109 712 156 672 777 960 87 97 932 492 709 160 338 220 996 616 888 124 166 870 985 988 500 987 671 458 432 720 399 725 826 765 485 646 920 581 803 495 135 44 685 766 330 25 224 369 922 619 103 600 433 567 206 703 407 351 757 648 230 349 490 223 945 532 438 831 933 47 983 512 856 367 760 599 470 993 788 1 695 519 463 618 609 628 110 52 552 539 133 656 9 137 271 308 793 847 114 12 929 704 716 476 529 213 951 106 919 84 542 858 582 376 959 75 36 385 270 304 174 525 391 79 300 880 654 601 771 978 150 997 767 688 589 64 13 318 238 877 329 911 693 226 547 274 333 273 424 34 169 818 825 484 177 991 605 798 5 942 426 272 143 813 994 839 489 474 861 277 617 116 145 2 822 483 799 863 967 520 639 209 632 555 530 680 758 597 451 820 506 934 171 794 77 468 891 827 909 871 848 210 841 89 916 982 462 207 807 971 502 546 921 883 153 659 253 66 363 634 198 120 860 876 382 627 298 180 655 774 633 361 159 667 250 541 573 88 980 907 692 901 467 592 256 569 517 739 85 928 4 182 418 115 297 464 923 864 461 521 394 282 229 353 623 998 629 457 231 975 154 976 917 314 125 786 41 676 435 61 992 882 152 526 499 673 38 775 965 251 964 806 565 436 327 387 701 789 73 968 96 442 94 614 239 248 622 953 420 400 721 71 487 362 762 434 310 384 814 842 287 755 249 167 792 491 645 885 187 101 191 20 264 697 148 469 
172 71 487 362 762 434 310 384 814 842 287 755 249 167 792 491 645 885 187 101 191 20 264 697 148 469 538 372 637 269 674 872 698 478 98 534 423 165 233 56 377 707 440 763 851 594 663 344 811 139 175 392 743 63 866 524 884 196 823 309 505 486 132 642 237 908 575 204 903 683 427 449 904 147 947 691 577 977 30 745 322 134 669 969 42 781 890 460 138 328 227 930 421 631 999 621 658 3 358 939 179 352 675 580 200 58 772 368 411 962 86 364 386 123 412 216 194 140 313 816 203 955 415 518 92 742 319 784 69 563 414 690 715 606 641 795 99 296 855 636 388 853 355 471 45 578 910 225 650 874 768 812 653 949 501 262 832 956 503 764 810 859 365 515 966 854 846 773 247 554 341 702 635 
710 443 371 840 804 221 342 290 212 802 791 607 741 572 82 602 677 640 731 595 776 550 857 312 545 131 898 29 243 413 48 241 284 728 510 222 431 681 536 393 694 869 587 713 647 275 833 257 657 17 325 598 527 161 925 80 294 266 918 566 686 936 889 305 868 261 335 21 383 954 11 121 718 172 915 778 935 756 558 389 24 990 356 497 625 410 896 293 149 459 245 809 700 475 22 559 439 122 128 236 679 892 31 260 540 516 995 660 16 862 76 612 488 836 141 665 195 493 522 60 208 722 291 18 914 228 53 746 32 267 819 35 201 105 466 437 824 465 479 626 390 699 805 359 162 881 211 111 54 332 590 91 26 568 232 708 706 183 610 454 292 894 557 306 340 533 234 119 33 170 185 924 724 875 652 734 323 514 157 396 543 281 817 952 259 638 158 498 613 753 246 749 186 906 419 405 49 970 940 769 93 190 199 740 797 714 528 357 23 779 178 900 188 408 472 583 748 897 963 950 379 401 452 738 301 553 108 664 130 747 151 556 55 235 944 444 571 482 14 926 39 1000 430 867 422 535 6 425 265 112 504 373 620 409 336 450 404 837 902 893 46 348 163 961 828 146 733 181 279 937 100 263 957 173 737 785 989 821 899 142 651 736 481 938 790 494 403 564 585 689 283 402 176 684 218 126 726 326 735 72 398 931 219 445 311 576 687 192 705 570 927 787 829 375 168 561 608 244 28 943 537 197 280 268 593 57 289 27 136 624 346 744 591 380 324 118 972 184 509 242 316 584 838 416 295 531 354 95 480 37 15 51 948 456 615 8 303 974 315 630 62 782 986 973 835 129 754 873 682 843 844 428 117 278 643 586 984 878 350 164 155 83 240 286 750 560 678 19 852 370 905 65 544 448 285 473 729 796 59 507 43 496 751 513 109 712 156 672 777 960 87 97 932 492 709 160 338 220 996 616 888 124 166 870 985 988 500 987 671 458 432 720 399 725 826 765 485 646 920 581 803 495 135 44 685 766 330 25 224 369 922 619 103 600 433 567 206 703 407 351 757 648 230 349 490 223 945 532 438 831 933 47 983 512 856 367 760 599 470 993 788 1 695 519 463 618 609 628 110 52 552 539 133 656 9 137 271 308 793 847 114 12 929 704 716 476 529 213 951 106 919 84 542 858 582 376 959 75 36 385 270 304 174 525 391 79 300 880 654 601 771 978 150 997 767 688 589 64 13 318 238 877 329 911 693 226 547 274 333 273 424 34 169 818 825 484 177 991 605 798 5 942 426 272 143 813 994 839 489 474 861 277 617 116 145 2 822 483 799 863 967 520 639 209 632 555 530 680 758 597 451 820 506 934 171 794 77 468 891 827 909 871 848 210 841 89 916 982 462 207 807 971 502 546 921 883 153 659 253 66 363 634 198 120 860 876 382 627 298 180 655 774 633 361 159 667 250 541 573 88 980 907 692 901 467 592 256 569 517 739 85 928 4 182 418 115 297 464 923 864 461 521 394 282 229 353 623 998 629 457 231 975 154 976 917 314 125 786 41 676 435 61 992 882 152 526 499 673 38 775 965 251 964 806 565 436 327 387 701 789 73 968 96 442 94 614 239 248 622 953 420 
31 289 27 136 624 346 744 591 380 324 118 972 184 509 242 316 584 838 416 295 531 354 95 480 37 15 51 948 456 615 8 303 
370 924 724 875 652 734 323 514 157 396 543 281 817 952 259 638 158 498 613 753 246 749 186 906 419 405 49 970 940 769 93 190 199 740 797 714 528 357 23 779 178 900 188 408 472 583 748 897 963 950 379 401 452 738 301 553 108 664 130 747 151 556 55 235 944 444 571 482 14 926 39 1000 430 867 422 535 6 425 265 112 504 373 620 409 336 450 404 837 902 893 46 348 163 961 828 146 733 181 279 937 100 263 957 173 737 785 989 821 899 142 651 736 481 938 790 494 403 564 585 689 283 402 176 684 218 126 726 326 735 72 398 931 219 445 311 576 687 192 705 570 927 787 829 375 168 561 608 244 28 943 537 197 280 268 593 57 289 27 136 624 346 744 591 380 324 118 972 184 509 242 316 584 838 416 295 531 354 95 480 37 15 51 948 456 615 8 303 974 315 630 62 782 986 973 835 129 754 873 682 843 844 428 117 278 643 586 984 878 350 164 155 83 240 286 750 560 678 19 852 370 905 65 544 448 285 473 729 796 59 507 43 496 751 513 109 712 156 672 777 960 87 97 932 492 709 160 338 220 996 616 888 124 166 870 985 988 500 987 671 458 432 720 399 725 826 765 485 646 920 581 803 495 135 44 685 766 330 25 224 369 922 619 103 600 433 567 206 703 407 351 757 648 230 349 490 223 945 532 438 831 933 47 983 512 856 367 760 599 470 993 788 1 695 519 463 618 609 628 110 52 552 539 133 656 9 137 271 308 793 847 114 12 929 704 716 476 529 213 951 106 919 84 542 858 582 376 959 75 36 385 270 304 174 525 391 79 300 880 654 601 771 978 150 997 767 688 589 64 13 318 238 
278 77 468 891 827 909 871 848 210 841 89 916 982 462 207 807 971 502 546 921 883 153 659 253 66 363 634 198 120 860 876 382 627 298 180 655 774 633 361 159 667 250 541 573 88 980 907 692 901 467 592 256 569 517 739 85 928 4 182 418 115 297 464 923 864 461 521 394 282 229 353 623 998 629 457 231 975 154 976 917 314 125 786 41 676 435 61 992 882 152 526 499 673 38 775 965 251 964 806 565 436 327 387 701 789 73 968 96 442 94 614 239 248 622 953 420 400 721 71 487 362 762 434 310 384 814 842 287 755 249 167 792 491 645 885 187 101 191 20 264 697 148 469 538 372 637 269 674 872 698 478 98 534 423 165 233 56 377 707 440 763 851 594 663 344 811 139 175 392 743 63 866 524 884 196 823 309 505 486 132 642 237 908 575 204 903 683 427 449 904 147 947 691 577 977 30 745 322 134 669 969 42 781 890 460 138 328 227 930 421 631 999 621 658 3 358 939 179 352 675 580 200 58 772 368 411 962 86 364 386 123 412 216 194 140 313 816 203 955 415 518 92 742 319 784 69 563 414 690 715 606 641 795 99 296 855 636 388 853 355 471 45 578 910 225 650 874 768 812 653 949 501 262 832 956 503 764 810 859 
277 891 827 909 871 848 210 841 89 916 982 462 207 807 971 502 546 921 883 153 659 253 66 363 634 198 120 860 876 382 627 298 180 655 774 633 361 159 667 250 541 573 88 980 907 692 901 467 592 256 569 517 739 85 928 4 182 418 115 297 464 923 864 461 521 394 282 229 353 623 998 629 457 231 975 154 976 917 314 125 786 41 676 435 61 992 882 152 526 499 673 38 775 965 251 964 806 565 436 327 387 701 789 73 968 96 442 94 614 239 248 622 953 420 400 721 71 487 362 762 434 310 384 814 842 287 755 249 167 792 491 645 885 187 101 191 20 264 697 148 469 538 372 637 269 674 872 698 478 98 534 423 165 233 56 377 707 440 763 851 594 663 344 811 139 175 392 743 63 866 524 884 196 823 309 505 486 132 642 237 908 575 204 903 683 427 449 904 147 947 691 577 977 30 745 322 134 669 969 42 781 890 460 138 328 227 930 421 631 999 621 658 3 358 939 179 352 675 580 200 58 772 368 411 962 86 364 386 123 412 216 194 140 313 816 203 955 415 518 92 742 319 784 69 563 414 690 715 606 641 795 99 296 855 636 388 853 355 471 45 578 910 225 650 874 768 812 653 949 501 262 832 956 503 764 810 859 365 
433 797 714 528 357 23 779 178 900 188 408 472 583 748 897 963 950 379 401 452 738 301 553 108 664 130 747 151 556 55 235 944 444 571 482 14 926 39 1000 430 867 422 535 6 425 265 112 504 373 620 409 336 450 404 837 902 893 46 348 163 961 828 146 733 181 279 937 100 263 957 173 737 785 989 821 899 142 651 736 481 938 790 494 403 564 585 689 283 402 176 684 218 126 726 326 735 72 398 931 219 445 311 576 687 192 705 570 927 787 829 375 168 561 608 244 28 943 537 197 280 268 593 57 289 27 136 624 346 744 591 380 324 118 972 184 509 242 316 584 838 416 295 531 354 95 480 37 15 51 948 456 615 8 303 974 315 630 62 782 986 973 835 129 754 873 682 843 844 428 117 278 643 586 984 878 350 164 155 83 240 286 750 560 678 19 852 370 905 65 544 448 285 473 729 796 59 507 43 496 751 513 109 712 156 672 777 960 87 97 932 492 709 160 338 220 996 616 888 124 166 870 985 988 500 987 671 458 432 720 399 725 826 765 485 646 920 581 803 495 135 44 685 766 330 25 224 369 922 619 103 600 433 567 206 703 407 351 757 648 230 349 490 223 945 532 438 831 933 47 983 512 856 367 760 599 470 993 788 1 695 519 463 618 609 628 110 52 552 539 133 656 9 137 271 308 793 847 114 12 929 704 716 476 529 213 951 106 919 84 542 858 582 376 959 75 36 385 270 304 174 525 391 79 300 880 654 601 771 978 150 997 767 688 589 64 13 318 238 877 329 911 693 226 547 274 333 273 424 34 169 818 825 484 177 991 605 798 5 942 426 272 143 813 994 839 489 474 861 277 617 116 145 2 822 483 799 863 967 520 639 209 632 555 530 680 758 597 451 820 506 934 171 794 77 468 891 827 909 871 848 210 841 89 916 982 462 207 807 971 502 546 921 883 153 659 253 66 363 634 198 120 860 876 382 627 298 180 655 774 633 361 159 667 250 
310 887 508 770 252 644 189 90 549 719 395 406 696 579 661 193 7 455 366 320 845 958 834 443 371 840 804 221 342 290 212 802 791 607 741 572 82 602 677 640 731 595 776 550 857 312 545 131 898 29 243 413 48 241 284 728 510 222 431 681 536 393 694 869 587 713 647 275 833 257 657 17 325 598 527 161 925 80 294 266 918 566 686 936 889 305 868 261 335 21 383 954 11 121 718 172 915 778 935 756 558 389 24 990 356 497 625 410 896 293 149 459 245 809 700 475 22 559 439 122 128 236 679 892 31 260 540 516 995 660 16 862 76 612 488 836 141 665 195 493 522 60 208 722 291 18 914 228 53 746 32 267 819 35 201 105 466 437 824 465 479 626 390 699 805 359 162 881 211 111 54 332 590 91 26 568 232 708 706 183 610 454 292 894 557 306 340 533 234 119 33 170 185 924 724 875 652 734 323 514 157 396 543 281 817 952 259 638 158 498 613 753 246 749 186 906 419 405 49 970 940 769 93 190 199 740 797 714 528 357 23 779 178 900 188 408 472 583 748 897 963 950 379 401 452 738 301 553 108 664 130 747 151 556 55 235 944 444 571 482 14 926 39 1000 430 867 422 535 6 425 265 112 504 373 620 409 336 450 404 837 902 893 46 348 163 961 828 146 733 181 279 937 100 263 957 173 737 785 989 821 899 142 651 736 481 938 790 494 403 564 585 
138 950 379 401 452 738 301 553 108 664 130 747 151 556 55 235 944 444 571 482 14 926 39 1000 430 867 422 535 6 425 265 112 504 373 620 409 336 450 404 837 902 893 46 348 163 961 828 146 733 181 279 937 100 263 957 173 737 785 989 821 899 142 651 736 481 938 790 494 403 564 585 689 283 402 176 684 218 126 726 326 735 72 398 931 219 445 311 576 687 192 705 570 927 787 829 375 168 561 608 244 28 943 537 197 280 268 593 57 289 27 136 624 346 744 591 380 324 118 972 184 509 242 316 584 838 416 295 531 354 95 480 37 15 51 948 456 615 8 303 
461 350 164 155 83 240 286 750 560 678 19 852 370 905 65 544 448 285 473 729 796 59 507 43 496 751 513 109 712 156 672 777 960 87 97 932 492 709 160 338 220 996 616 888 124 166 870 985 988 500 987 671 458 432 720 399 725 826 765 485 646 920 581 803 495 135 44 685 766 330 25 224 369 922 619 103 600 433 567 206 703 407 351 757 648 230 349 490 223 945 532 438 831 933 47 983 512 856 367 760 599 470 993 788 1 695 519 463 618 609 628 110 52 552 539 133 656 9 137 271 308 793 847 114 12 929 704 716 476 529 213 951 106 919 84 542 858 582 376 959 75 36 385 270 304 174 525 391 79 300 880 654 601 771 978 150 997 767 688 589 64 13 318 238 877 329 911 693 226 547 274 333 273 424 34 169 818 825 484 177 991 605 798 5 942 426 272 143 813 994 839 489 474 861 277 617 116 145 2 822 483 799 863 967 520 639 209 632 555 530 680 758 597 451 820 506 934 171 794 77 468 891 827 909 871 848 210 841 89 916 982 462 207 807 971 502 546 921 883 153 659 253 66 363 634 198 120 860 876 382 627 298 180 655 774 633 361 159 667 250 541 573 88 980 907 692 901 467 592 256 569 517 739 85 928 4 182 418 115 297 464 923 864 461 521 394 282 229 353 623 998 629 457 231 975 154 976 917 314 125 786 41 676 435 61 992 882 152 526 499 673 38 775 965 251 964 806 565 436 327 387 701 789 73 968 96 442 94 614 239 248 622 953 420 400 721 71 487 362 762 434 310 384 814 842 287 755 249 167 792 491 645 885 187 101 191 20 264 697 148 469 538 372 637 269 674 872 698 478 98 534 423 165 233 56 377 707 440 763 851 594 663 344 811 139 175 392 743 63 866 524 884 196 823 309 505 486 132 642 237 908 575 204 903 683 427 449 904 147 947 691 577 977 30 745 322 134 669 969 42 781 890 460 138 328 227 930 421 631 999 621 658 3 358 939 179 352 675 580 200 58 772 368 411 962 86 364 386 123 412 216 194 140 313 816 203 955 415 518 92 742 319 
433 656 9 137 271 308 793 847 114 12 929 704 716 476 529 213 951 106 919 84 542 858 582 376 959 75 36 385 270 304 174 525 391 79 300 880 654 601 771 978 150 997 767 688 589 64 13 318 238 877 329 911 693 226 547 274 333 273 424 34 169 818 825 484 177 991 605 798 5 942 426 272 143 813 994 839 489 474 861 277 617 116 145 2 822 483 799 863 967 520 639 209 632 555 530 680 758 597 451 820 506 934 171 794 77 468 891 827 909 871 848 210 841 89 916 982 462 207 807 971 502 546 921 883 153 659 253 66 363 634 198 120 860 876 382 627 298 180 655 774 633 361 159 667 250 541 573 88 980 907 692 901 467 592 256 569 517 739 85 928 4 182 418 115 297 464 923 864 461 521 394 282 229 353 623 998 629 457 231 975 154 976 917 314 125 786 41 676 435 61 992 882 152 526 499 673 38 775 965 251 964 806 565 436 327 387 701 789 73 968 96 442 94 614 239 248 622 953 420 400 721 71 487 362 762 434 310 384 814 842 287 755 249 167 792 491 645 885 187 101 191 20 264 697 148 469 538 372 637 269 674 872 698 478 98 534 423 165 233 56 377 707 440 763 851 594 663 344 811 139 175 392 743 63 866 524 884 196 823 309 505 486 132 642 237 908 575 204 903 683 427 449 904 147 947 691 577 977 30 745 322 134 669 969 42 781 890 460 138 328 227 930 421 631 999 621 658 3 358 939 179 352 675 580 200 58 772 368 411 962 86 364 386 123 412 216 194 140 313 816 203 955 415 518 92 742 319 784 69 563 414 690 715 606 641 795 99 296 855 636 388 853 355 471 45 578 910 225 650 874 768 812 653 949 501 262 832 956 503 764 810 859 365 515 966 854 846 773 247 554 341 702 635 730 81 912 317 67 441 711 801 865 611 710 144 74 562 113 378 752 104 321 849 307 666 453 723 815 217 780 551 343 337 446 596 374 548 397 604 670 50 574 511 102 
743 455 366 320 845 958 834 443 371 840 804 221 342 290 212 802 791 607 741 572 82 602 677 640 731 595 776 550 857 312 545 131 898 29 243 413 48 241 284 728 510 222 431 681 536 393 694 869 587 713 647 275 833 257 657 17 325 598 527 161 925 80 294 266 918 566 686 936 889 305 868 261 335 21 383 954 11 121 718 172 915 778 935 756 558 389 24 990 356 497 625 410 896 293 149 459 245 809 700 475 22 559 439 122 128 236 679 892 31 260 540 516 995 660 16 862 76 612 488 836 141 665 195 493 522 60 208 722 291 18 914 228 53 746 32 267 819 35 201 105 466 437 824 465 479 626 390 699 805 359 162 881 211 111 54 332 590 91 26 568 232 708 706 183 610 454 292 894 557 306 340 533 234 119 33 170 185 924 724 875 652 734 323 514 157 396 543 281 817 952 259 638 158 498 613 753 246 749 186 906 419 405 49 970 940 769 93 190 199 740 797 714 528 357 23 779 178 900 188 408 472 583 748 897 963 950 379 401 452 738 301 553 108 664 130 747 151 556 55 235 944 444 571 482 14 926 39 1000 430 867 422 535 6 425 265 112 504 373 620 409 336 450 404 837 902 893 46 348 163 961 828 146 733 181 279 937 100 263 957 173 737 785 989 821 899 142 651 736 481 938 790 494 403 564 585 689 283 402 176 684 218 126 726 326 735 72 398 931 219 445 311 576 687 192 705 570 927 787 829 375 168 561 608 244 28 943 537 197 280 268 593 57 289 27 136 624 346 744 591 380 324 118 972 184 509 242 316 584 838 416 295 531 354 95 480 37 15 51 948 456 615 8 303 974 315 630 62 782 986 973 835 129 754 873 682 843 844 428 117 278 643 586 984 878 350 164 155 83 240 286 750 560 678 19 852 370 905 65 544 448 285 473 729 796 59 507 43 496 751 513 109 712 156 672 777 960 87 97 932 492 709 160 338 220 996 616 888 124 166 870 985 988 500 987 671 458 432 720 399 725 826 765 485 646 920 581 803 495 135 44 685 766 330 25 224 369 922 619 103 600 433 567 206 703 407 351 757 648 230 349 490 223 945 532 438 831 933 47 983 512 856 367 760 599 470 993 788 1 695 519 463 618 609 628 110 52 552 539 133 656 9 137 271 308 793 847 114 12 929 704 716 476 529 213 951 106 919 84 542 858 582 376 959 75 36 385 270 304 174 525 391 79 300 880 654 601 771 978 150 997 767 688 589 64 13 318 238 877 329 911 693 226 547 274 333 273 424 34 169 818 825 484 177 991 605 798 5 942 426 272 143 813 994 839 489 474 861 277 617 116 145 2 822 483 799 863 967 520 639 209 632 555 530 680 758 597 451 820 506 934 171 794 77 468 891 827 909 871 848 210 841 89 916 982 462 207 807 971 502 546 921 883 153 659 253 66 363 634 198 120 860 876 382 627 298 180 655 774 633 361 159 667 250 541 573 88 980 907 692 901 467 592 256 569 517 739 85 928 4 182 418 115 297 464 923 864 461 521 394 282 229 353 623 998 629 457 231 975 154 976 917 314 125 786 41 676 435 61 992 882 152 526 499 673 38 775 965 251 964 806 565 436 327 387 701 789 73 968 96 442 94 614 239 248 622 953 420 400 721 71 487 362 762 434 310 384 814 842 287 755 249 167 792 491 645 885 187 101 191 20 264 697 148 469 
505 425 265 112 504 373 620 409 336 450 404 837 902 893 46 348 163 961 828 146 733 181 279 937 100 263 957 173 737 785 989 821 899 142 651 736 481 938 790 494 403 564 585 689 283 402 176 684 218 126 726 326 735 72 398 931 219 445 311 576 687 192 705 570 927 787 829 375 168 561 608 244 28 943 537 197 280 268 593 57 289 27 136 624 346 744 591 380 324 118 972 184 509 242 316 584 838 416 295 531 354 95 480 37 15 51 948 456 615 8 303 974 315 630 62 782 986 973 835 129 754 873 682 843 844 428 117 278 643 586 984 878 350 164 155 83 240 286 750 560 678 19 852 370 905 65 544 448 285 473 729 796 59 507 43 496 751 513 109 712 156 672 777 960 87 97 932 492 709 160 338 220 996 616 888 124 166 870 985 988 500 987 671 458 432 720 399 725 826 765 485 646 920 581 803 495 135 44 685 766 330 25 224 369 922 619 103 600 433 567 206 703 407 351 757 648 230 349 490 223 945 532 438 831 933 47 983 512 856 367 760 599 470 993 788 1 695 519 463 618 609 628 110 52 552 539 133 656 9 137 271 308 793 847 114 12 929 704 716 476 529 213 951 106 919 84 542 858 582 376 959 75 36 385 270 304 174 525 391 79 300 880 654 601 771 978 150 997 767 688 589 64 13 318 238 877 329 911 693 226 547 274 333 273 424 34 169 818 825 484 177 991 605 798 5 942 426 272 143 813 994 839 489 474 861 277 617 116 145 2 822 483 799 863 967 520 639 209 632 555 530 680 758 597 451 820 506 934 171 794 77 468 891 827 909 871 848 210 841 89 916 982 462 207 807 971 502 546 921 883 153 659 253 66 363 634 198 120 860 876 382 627 298 180 655 774 633 361 159 667 250 541 573 88 980 907 692 901 467 592 256 569 517 739 85 928 4 182 418 115 297 464 923 864 461 521 394 282 229 353 623 998 629 457 231 975 154 976 917 314 125 786 41 676 435 61 992 882 152 526 499 673 38 775 965 251 964 806 565 436 327 387 701 789 73 968 96 442 94 614 239 248 622 953 420 400 721 71 487 362 762 434 310 384 814 842 287 755 249 167 792 491 645 885 187 101 191 20 264 697 148 469 538 372 637 269 674 872 698 478 98 534 423 165 233 56 
683 664 130 747 151 556 55 235 944 444 571 482 14 926 39 1000 430 867 422 535 6 425 265 112 504 373 620 409 336 450 404 837 902 893 46 348 163 961 828 146 733 181 279 937 100 263 957 173 737 785 989 821 899 142 651 736 481 938 790 494 403 564 585 689 283 402 176 684 218 126 726 326 735 72 398 931 219 445 311 576 687 192 705 570 927 787 829 375 168 561 608 244 28 943 537 197 280 268 593 57 289 27 136 624 346 744 591 380 324 118 972 184 509 242 316 584 838 416 295 531 354 95 480 37 15 51 948 456 615 8 303 974 315 630 62 782 986 973 835 129 754 873 682 843 844 428 117 278 643 586 984 878 350 164 155 83 240 286 750 560 678 19 852 370 905 65 544 448 285 473 729 796 59 507 43 496 751 513 109 712 156 672 777 960 87 97 932 492 709 160 338 220 996 616 888 124 166 870 985 988 500 987 671 458 432 720 399 725 826 765 485 646 920 581 803 495 135 44 685 766 330 25 224 369 922 619 103 600 433 567 206 703 407 351 757 648 230 349 490 223 945 532 438 831 933 47 983 512 856 367 760 599 470 993 788 1 695 519 463 618 609 628 110 52 552 539 133 656 9 137 271 308 793 847 114 12 929 704 716 476 529 213 951 106 919 84 542 858 582 376 959 75 36 385 270 304 174 525 391 79 300 880 654 601 771 978 150 997 767 688 589 64 13 318 238 877 329 911 693 226 547 274 333 273 424 34 169 818 825 484 177 991 605 798 5 942 426 272 143 813 994 839 489 474 861 277 617 116 145 2 822 483 799 863 967 520 639 209 632 555 530 680 758 597 451 820 506 934 171 794 77 468 891 827 909 871 848 210 841 89 916 982 462 207 807 971 502 546 921 883 153 659 253 66 363 634 198 120 860 876 382 627 298 180 655 774 633 361 159 667 250 541 573 88 980 907 692 901 467 592 256 569 517 739 85 928 4 182 418 115 297 464 923 864 461 521 394 282 229 353 623 998 629 457 231 975 154 976 917 314 125 786 41 676 435 61 992 882 152 526 499 673 38 775 965 251 964 806 565 436 327 387 701 789 73 968 96 442 94 614 239 248 622 953 420 400 721 71 487 362 762 434 310 384 814 842 287 755 249 167 792 491 645 885 187 101 191 20 264 697 148 469 538 372 637 269 674 872 698 478 98 534 423 165 233 56 377 707 440 763 851 594 663 344 811 139 175 392 743 63 866 524 884 196 823 309 505 486 132 642 237 908 575 204 903 683 427 449 904 147 947 691 577 977 30 745 322 134 669 969 42 781 890 460 138 328 227 930 421 631 999 621 658 3 358 939 179 352 675 580 200 58 772 368 411 962 86 364 386 123 412 216 194 140 313 816 203 955 415 518 92 742 319 784 69 563 414 690 715 606 641 795 99 296 855 636 388 853 355 471 45 578 910 225 650 874 768 812 653 949 501 262 832 956 503 764 810 859 365 515 966 854 846 773 247 554 341 702 635 730 81 912 317 67 441 711 801 865 611 710 144 74 562 113 378 752 104 321 849 307 666 453 723 815 
850 681 536 393 694 869 587 713 647 275 833 257 657 17 325 598 527 161 925 80 294 266 918 566 686 936 889 305 868 261 335 21 383 954 11 121 718 172 915 778 935 756 558 389 24 990 356 497 625 410 896 293 149 459 245 809 700 475 22 559 439 122 128 236 679 892 31 260 540 516 995 660 16 862 76 612 488 836 141 665 195 493 522 60 208 722 291 18 914 228 53 746 32 267 819 35 201 105 466 437 824 465 479 626 390 699 805 359 162 881 211 111 54 332 590 91 26 568 232 708 706 183 610 454 292 894 557 306 340 533 234 119 33 170 185 924 724 875 652 734 323 514 157 396 543 281 817 952 259 638 158 498 613 753 246 749 186 906 419 405 49 970 940 769 93 190 199 740 797 714 528 357 23 779 178 900 188 408 472 583 748 897 963 950 379 401 452 738 301 553 108 664 130 747 151 556 55 235 944 444 571 482 14 926 39 1000 430 867 422 535 6 425 265 112 504 373 620 409 336 450 404 837 902 893 46 348 163 961 828 146 733 181 279 937 100 263 957 173 737 785 989 821 899 142 651 736 481 938 790 494 403 564 585 689 283 402 176 684 218 126 726 326 735 72 398 931 219 445 311 576 687 192 705 570 927 787 829 375 168 561 608 244 28 943 537 197 280 268 593 57 289 27 136 624 346 744 591 380 324 118 972 184 509 242 316 584 838 416 295 531 354 95 480 37 15 51 948 456 615 8 303 974 315 630 62 782 986 973 835 129 754 873 682 843 844 428 117 278 643 586 984 878 350 164 155 83 240 286 750 560 678 19 852 370 905 65 544 448 285 473 729 796 59 507 43 496 751 513 109 712 156 672 777 960 87 97 932 492 709 160 338 220 996 616 888 124 166 870 985 988 500 987 671 458 432 720 399 725 826 765 485 646 920 581 803 495 135 44 685 766 330 25 224 369 922 619 103 600 433 567 206 703 407 351 757 648 230 349 490 223 945 532 438 831 933 47 983 512 856 367 760 599 470 993 788 1 695 519 463 618 609 628 110 52 552 539 133 656 9 137 271 308 793 847 114 12 929 704 716 476 529 213 951 106 919 84 542 858 582 376 959 75 36 385 270 304 174 525 391 79 300 880 654 601 771 978 150 997 767 688 589 64 13 318 238 877 329 911 693 226 547 274 333 273 424 34 169 818 825 484 177 991 605 798 5 942 426 272 143 813 994 839 489 474 861 277 617 116 145 2 822 483 799 863 967 520 639 209 632 555 530 680 758 597 451 820 506 934 171 794 77 468 891 827 909 871 848 210 841 89 916 982 462 207 807 971 502 546 921 883 153 659 253 66 363 634 198 120 860 876 382 627 298 180 655 774 633 361 159 667 250 541 573 88 980 907 692 901 467 592 256 569 517 739 85 928 4 182 418 115 297 464 923 864 461 521 394 282 229 353 623 998 629 457 231 975 154 976 917 314 125 786 41 676 435 61 992 882 152 526 499 673 38 775 965 251 964 806 565 436 327 387 701 789 73 968 96 442 94 614 239 248 622 953 420 400 721 71 487 362 762 434 310 384 814 842 287 755 249 167 792 491 645 885 187 101 191 20 264 697 148 469 538 372 637 269 674 872 698 478 98 534 423 165 233 56 377 707 440 763 851 594 663 344 811 139 175 392 743 63 866 524 884 196 823 309 505 486 132 642 237 908 575 204 903 683 427 449 904 147 947 691 577 977 30 745 322 134 669 969 42 781 890 460 138 328 227 930 421 631 999 621 658 3 358 939 179 352 675 580 200 58 772 368 411 962 86 364 386 123 412 216 194 140 313 816 203 955 415 518 92 742 319 784 69 563 414 690 715 606 641 795 99 296 855 636 388 853 355 471 45 578 910 225 650 874 768 812 653 949 501 262 832 956 503 764 810 859 365 515 966 854 846 773 247 554 341 702 635 730 81 
632 896 293 149 459 245 809 700 475 22 559 439 122 128 236 679 892 31 260 540 516 995 660 16 862 76 612 488 836 141 665 195 493 522 60 208 722 291 18 914 228 53 746 32 267 819 35 201 105 466 437 824 465 479 626 390 699 805 359 162 881 211 111 54 332 590 91 26 568 232 708 706 183 610 454 292 894 557 306 340 533 234 119 33 170 185 924 724 875 652 734 323 514 157 396 543 281 817 952 259 638 158 498 613 753 246 749 186 906 419 405 49 970 940 769 93 190 199 740 797 714 528 357 23 779 178 900 188 408 472 583 748 897 963 950 379 401 452 738 301 553 108 664 130 747 151 556 55 235 944 444 571 482 14 926 39 1000 430 867 422 535 6 425 265 112 504 373 620 409 336 450 404 837 902 893 46 348 163 961 828 146 733 181 279 937 100 263 957 173 737 785 989 821 899 142 651 736 481 938 790 494 403 564 585 689 283 402 176 684 218 126 726 326 735 72 398 931 219 445 311 576 687 192 705 570 927 787 829 375 168 561 608 244 28 943 537 197 280 268 593 57 289 27 136 624 346 744 591 380 324 118 972 184 509 242 316 584 838 416 295 531 354 95 480 37 15 51 948 456 615 8 303 974 315 630 62 782 986 973 835 129 754 873 682 843 844 428 117 278 643 586 984 878 350 164 155 83 240 286 750 560 678 19 852 370 905 65 544 448 285 473 729 796 59 507 43 496 751 513 109 712 156 672 777 960 87 97 932 492 709 160 338 220 996 616 888 124 166 870 985 988 500 987 671 458 432 720 399 725 826 765 485 646 920 581 803 495 135 44 685 766 330 25 224 369 922 619 103 600 433 567 206 703 407 351 757 648 230 349 490 223 945 532 438 831 933 47 983 512 856 367 760 599 470 993 788 1 695 519 463 618 609 628 110 52 552 539 133 656 9 137 271 308 793 847 114 12 929 704 716 476 529 213 951 106 919 84 542 858 582 376 959 75 36 385 270 304 174 525 391 79 300 880 654 601 771 978 150 997 767 688 589 64 13 318 238 877 329 911 693 226 547 274 333 273 424 34 169 818 825 484 177 991 605 798 5 942 426 272 143 813 994 839 489 474 861 277 617 116 145 2 822 483 799 863 967 520 639 209 632 555 530 680 758 597 451 820 506 934 171 794 77 468 891 827 909 871 848 210 841 89 916 982 462 207 807 971 502 546 921 883 153 659 253 66 363 634 198 120 860 876 382 627 298 180 655 774 633 361 159 667 250 541 573 88 980 907 692 901 467 592 256 569 517 739 85 928 4 182 418 115 297 464 923 864 461 521 394 282 229 353 623 998 629 457 231 975 154 976 917 314 125 786 41 676 435 61 992 882 152 526 499 673 38 775 965 251 964 806 565 436 327 387 701 789 73 968 96 442 94 614 239 248 622 953 420 400 721 71 487 362 762 434 
144 451 820 506 934 171 794 77 468 891 827 909 871 848 210 841 89 916 982 462 207 807 971 502 546 921 883 153 659 253 66 363 634 198 120 860 876 382 627 298 180 655 774 633 361 159 667 250 541 573 88 980 907 692 901 467 592 256 569 517 739 85 928 4 182 418 115 297 464 923 864 461 521 394 282 229 353 623 998 629 457 231 975 154 976 917 314 125 786 41 676 435 61 992 882 152 526 499 673 38 775 965 251 964 806 565 436 327 387 701 789 73 968 96 442 94 614 239 248 622 953 420 400 721 71 487 362 762 434 310 384 814 842 287 755 249 167 792 491 645 885 187 101 191 20 
914 833 257 657 17 325 598 527 161 925 80 294 266 918 566 686 936 889 305 868 261 335 21 383 954 11 121 718 172 915 778 935 756 558 389 24 990 356 497 625 410 896 293 149 459 245 809 700 475 22 559 439 122 128 236 679 892 31 260 540 516 995 660 16 862 76 612 488 836 141 665 195 493 522 60 208 722 291 18 914 228 53 746 32 267 819 35 201 105 466 437 824 465 479 626 390 699 805 359 162 881 211 111 54 332 590 91 26 568 232 708 706 183 610 454 292 894 557 306 340 533 234 119 33 170 185 924 724 875 652 734 323 514 157 396 543 281 817 952 259 638 158 498 613 753 246 749 186 906 419 405 49 970 940 769 93 190 199 740 797 714 528 357 23 779 178 900 188 408 472 583 748 897 963 950 379 401 452 738 301 553 108 664 130 747 151 556 55 235 944 444 571 482 14 926 39 1000 430 867 422 535 6 425 265 112 504 373 620 409 336 450 404 837 902 893 46 348 163 961 828 146 733 181 279 937 100 263 957 173 737 785 989 821 899 142 651 736 481 938 790 494 403 564 585 689 283 402 176 684 218 126 726 326 735 72 398 931 219 445 311 576 687 192 705 570 927 787 829 375 168 561 608 244 28 943 537 197 280 268 593 57 289 27 136 624 346 744 591 380 324 118 972 184 509 242 316 584 838 416 295 531 354 95 480 37 15 51 948 456 615 8 303 974 315 630 62 782 986 973 835 129 754 873 682 843 844 428 117 278 643 586 984 878 350 164 155 83 240 286 750 560 678 19 852 370 905 65 544 448 285 473 729 796 59 507 43 496 751 513 109 712 156 672 777 960 87 97 932 492 709 160 338 220 996 616 888 124 166 870 985 988 500 987 671 458 432 720 399 725 826 765 485 646 920 581 803 495 135 44 685 766 330 25 224 369 922 619 103 600 433 567 206 703 407 351 757 648 230 349 490 223 945 532 438 831 933 47 983 512 856 367 760 599 470 993 788 1 695 519 463 618 609 628 110 52 552 539 133 656 9 137 271 308 793 847 114 12 929 704 716 476 529 213 951 106 919 84 542 858 582 376 959 75 36 385 270 304 174 525 391 79 300 880 654 601 771 978 150 997 767 688 589 64 13 318 238 877 329 911 693 226 547 274 333 273 424 34 169 818 825 484 177 991 605 798 5 942 426 272 143 813 994 839 489 474 861 277 617 116 145 2 822 483 799 863 967 520 639 209 632 555 530 680 758 597 451 820 506 934 171 794 77 468 891 827 909 871 848 210 841 89 916 982 462 207 807 971 502 546 921 883 153 659 253 66 363 634 198 120 860 876 382 627 298 180 655 774 633 361 159 667 250 541 573 88 980 907 692 901 467 592 256 569 517 739 85 928 4 182 418 115 297 464 923 864 461 521 394 282 229 353 623 998 629 457 231 975 154 976 917 314 125 786 41 676 435 61 992 882 152 526 499 673 38 775 965 251 964 806 565 436 327 387 701 789 73 968 96 442 94 614 239 248 622 953 420 400 721 71 487 362 762 434 310 384 814 842 287 755 249 167 792 491 645 885 187 101 191 20 264 697 148 469 538 372 637 269 674 872 698 478 98 534 423 165 233 56 377 707 440 763 851 594 663 344 811 139 175 392 743 63 866 524 884 196 823 309 505 486 132 642 237 908 575 204 903 683 427 449 904 147 947 691 577 977 30 745 322 134 669 969 42 781 890 460 138 328 227 930 421 631 999 621 658 3 358 939 179 352 675 580 200 58 772 368 411 962 86 364 386 123 412 216 194 140 313 816 203 955 415 518 92 742 319 784 69 563 414 690 715 606 641 795 99 296 855 636 388 853 355 471 45 578 910 225 650 874 768 812 653 949 501 262 832 956 503 764 810 859 365 515 966 854 846 773 247 554 341 702 635 730 81 912 317 67 441 711 801 865 611 710 144 74 562 113 378 752 104 321 849 307 666 453 723 815 217 780 551 343 337 446 596 374 548 397 604 670 50 574 511 102 946 417 40 662 886 78 360 255 107 447 808 339 276 759 981 649 979 302 732 202 941 783 429 347 68 299 10 717 127 850 345 258 254 668 
541 587 713 647 275 833 257 657 17 325 598 527 161 925 80 294 266 918 566 686 936 889 305 868 261 335 21 383 954 11 121 718 172 915 778 935 756 558 389 24 990 356 497 625 410 896 293 149 459 245 809 700 475 22 559 439 122 128 236 679 892 31 260 540 516 995 660 16 862 76 612 488 836 141 665 195 493 522 60 208 722 291 18 914 228 53 746 32 267 819 35 201 105 466 437 824 465 479 626 390 699 805 359 162 881 211 111 54 332 590 91 26 568 232 708 706 183 610 454 292 894 557 306 340 533 234 119 33 170 185 924 724 875 652 734 323 514 157 396 543 281 817 952 259 638 158 498 613 753 246 749 186 906 419 405 49 970 940 769 93 190 199 740 797 714 528 357 23 779 178 900 188 408 472 583 748 897 963 950 379 401 452 738 301 553 108 664 130 747 151 556 55 235 944 444 571 482 14 926 39 1000 430 867 422 535 6 425 265 112 504 373 620 409 336 450 404 837 902 893 46 348 163 961 828 146 733 181 279 937 100 263 957 173 737 785 989 821 899 142 651 736 481 938 790 494 403 564 585 689 283 402 176 684 218 126 726 326 735 72 398 931 219 445 311 576 687 192 705 570 927 787 829 375 168 561 608 244 28 943 537 197 280 268 593 57 289 27 136 624 346 744 591 380 324 118 972 184 509 242 316 584 838 416 295 531 354 95 480 37 15 51 948 456 615 8 303 974 315 630 62 782 986 973 835 129 754 873 682 843 844 428 117 278 643 586 984 878 350 164 155 83 240 286 750 560 678 19 852 370 905 65 544 448 285 473 729 796 59 507 43 496 751 513 109 712 156 672 777 960 87 97 932 492 709 160 338 220 996 616 888 124 166 870 985 988 500 987 671 458 432 720 399 725 826 765 485 646 920 581 803 495 135 44 685 766 330 25 224 369 922 619 103 600 433 567 206 703 407 351 757 648 230 349 490 223 945 532 438 831 933 47 983 512 856 367 760 599 470 993 788 1 695 519 463 618 609 628 110 52 552 539 133 656 9 137 271 308 793 847 114 12 929 704 716 476 529 213 951 106 919 84 542 858 582 376 959 75 36 385 270 304 174 525 391 79 300 880 654 601 771 978 150 997 767 688 589 64 13 318 238 877 329 911 693 226 547 274 333 273 424 34 169 818 825 484 177 991 605 798 5 942 426 272 143 813 994 839 489 474 861 277 617 116 145 2 822 483 799 863 967 520 639 
861 661 193 7 455 366 320 845 958 834 443 371 840 804 221 342 290 212 802 791 607 741 572 82 602 677 640 731 595 776 550 857 312 545 131 898 29 243 413 48 241 284 728 510 222 431 681 536 393 694 869 587 713 647 275 833 257 657 17 325 598 527 161 925 80 294 266 918 566 686 936 889 305 868 261 335 21 383 954 11 121 718 172 915 778 935 756 558 389 24 990 356 497 625 410 896 293 149 459 245 809 700 475 22 559 439 122 128 236 679 892 31 260 540 516 995 660 16 862 76 612 488 836 141 665 195 493 522 60 208 722 291 18 914 228 53 746 32 267 819 35 201 105 466 437 824 465 479 626 390 699 805 359 162 881 211 111 54 332 590 91 26 568 232 708 706 183 610 454 292 894 557 306 340 533 234 119 33 170 185 924 724 875 652 734 323 514 157 396 543 281 817 952 259 638 158 498 613 753 246 749 186 906 419 405 49 970 940 769 93 190 199 740 797 714 528 357 23 779 178 900 188 408 472 583 748 897 963 950 379 401 452 738 301 553 108 664 130 747 151 556 55 235 944 444 571 482 14 926 39 1000 430 867 422 535 6 425 265 112 504 373 620 409 336 450 404 837 902 893 46 348 163 961 828 146 733 181 279 937 100 263 957 173 737 785 989 821 899 142 651 736 481 938 790 494 403 564 585 689 283 402 176 684 218 126 726 326 735 72 398 931 219 445 311 576 687 192 705 570 927 787 829 375 168 561 608 244 28 943 537 197 280 268 593 57 289 27 136 624 346 744 591 380 324 118 972 184 509 242 316 584 838 416 295 531 354 95 480 37 15 51 948 456 615 8 303 974 315 630 62 782 986 973 835 129 754 873 682 843 844 428 117 278 643 586 984 878 350 164 155 83 240 286 750 560 678 19 852 370 905 65 544 448 285 473 729 796 59 507 43 496 751 513 109 712 156 672 777 960 87 97 932 492 709 160 338 220 996 616 888 124 166 870 985 988 500 987 671 458 432 720 399 725 826 765 485 646 920 581 803 495 135 44 685 766 330 25 224 369 922 619 103 600 433 567 206 703 407 351 757 648 230 349 490 223 945 532 438 831 933 47 983 512 856 367 760 599 470 993 788 1 695 519 463 618 609 628 110 52 552 539 133 656 9 137 271 308 793 847 114 12 929 704 716 476 529 213 951 106 919 84 542 858 582 376 959 75 36 385 270 304 174 525 391 79 300 880 654 601 771 978 150 997 767 688 589 64 13 318 238 877 329 911 693 226 547 274 333 273 424 34 169 818 825 484 177 991 605 798 5 942 426 272 143 813 994 839 489 474 861 277 617 116 145 2 822 483 799 863 967 520 639 209 632 555 530 680 758 597 451 820 506 934 171 794 77 468 891 827 909 871 848 210 841 89 916 982 462 207 807 971 502 546 921 883 153 659 253 66 363 634 198 120 860 876 382 627 298 180 655 774 633 361 159 667 250 541 573 88 980 907 692 901 467 592 256 569 517 739 85 928 4 182 418 115 297 464 923 864 461 521 394 282 229 353 623 998 629 457 231 975 154 976 917 314 125 786 41 676 435 61 992 882 152 526 499 673 38 775 965 251 964 806 565 436 327 387 701 789 73 968 96 442 94 614 239 248 622 953 420 400 721 71 487 362 762 434 310 384 814 842 287 755 249 167 792 491 645 885 187 101 191 20 264 697 148 469 538 372 637 269 674 872 698 478 98 534 423 165 233 56 377 707 440 763 851 594 663 344 811 139 175 392 743 63 866 524 884 196 823 309 505 486 132 642 237 908 575 204 903 683 427 449 904 147 947 691 577 977 30 745 322 134 669 969 42 781 890 460 138 328 227 930 421 631 999 621 658 3 358 939 179 352 675 580 200 58 772 368 411 962 86 364 386 123 412 216 194 140 313 816 203 955 415 518 92 742 319 784 69 563 414 690 715 606 641 795 99 296 855 636 388 
371 408 472 583 748 897 963 950 379 401 452 738 301 553 108 664 130 747 151 556 55 235 944 444 571 482 14 926 39 1000 430 867 422 535 6 425 265 112 504 373 620 409 336 450 404 837 902 893 46 348 163 961 828 146 733 181 279 937 100 263 957 173 737 785 989 821 899 142 651 736 481 938 790 494 403 564 585 689 283 402 176 684 218 126 726 326 735 72 398 931 219 445 311 576 687 192 705 570 927 787 829 375 168 561 608 244 28 943 537 197 280 268 593 57 289 27 136 624 346 744 591 380 324 118 972 184 509 242 316 584 838 416 295 531 354 95 480 37 15 51 948 456 615 8 303 974 315 630 62 782 986 973 835 129 754 873 682 843 844 428 117 278 643 586 984 878 350 164 155 83 240 286 750 560 678 19 852 370 905 65 544 448 285 473 729 796 59 507 43 496 751 513 109 712 156 672 777 960 87 97 932 492 709 160 338 220 996 616 888 124 166 870 985 988 500 987 671 458 432 720 399 725 826 765 485 646 920 581 803 495 135 44 685 766 330 25 224 369 922 619 103 600 433 567 206 703 407 351 757 648 230 349 490 223 945 532 438 831 933 47 983 512 856 367 760 599 470 993 788 1 695 519 463 618 609 628 110 52 552 539 133 656 9 137 271 308 793 847 114 12 929 704 716 476 529 213 951 106 919 84 542 858 582 376 959 75 36 385 270 304 174 525 391 79 300 880 654 601 771 978 150 997 767 688 589 64 13 318 238 877 329 911 693 226 547 274 333 273 424 34 169 818 825 484 177 991 605 798 5 942 426 272 143 813 994 839 489 474 861 277 617 116 145 2 822 483 799 863 967 520 639 209 
249 897 963 950 379 401 452 738 301 553 108 664 130 747 151 556 55 235 944 444 571 482 14 926 39 1000 430 867 422 535 6 425 265 112 504 373 620 409 336 450 404 837 902 893 46 348 163 961 828 146 733 181 279 937 100 263 957 173 737 785 989 821 899 142 651 736 481 938 790 494 403 564 585 689 283 402 176 684 218 126 726 326 735 72 398 931 219 445 311 576 687 192 705 570 927 787 829 375 168 561 608 244 28 943 537 197 280 268 593 57 289 27 136 624 346 744 591 380 324 118 972 184 509 242 316 584 838 416 295 531 354 95 480 37 15 51 948 456 615 8 303 974 315 630 62 782 986 973 835 129 754 873 682 843 844 428 117 278 643 586 984 878 350 164 155 83 240 286 750 560 678 19 852 370 905 65 544 448 285 473 729 796 59 507 43 496 751 513 109 712 156 672 777 960 87 97 932 492 709 160 338 220 996 616 888 124 166 870 985 988 500 987 671 458 432 720 399 725 826 765 485 646 920 581 803 495 135 44 685 766 330 25 224 369 922 619 103 600 433 567 206 703 407 351 757 648 230 349 490 223 
61 393 694 869 587 713 647 275 833 257 657 17 325 598 527 161 925 80 294 266 918 566 686 936 889 305 868 261 335 21 383 954 11 121 718 172 915 778 935 756 558 389 24 990 356 497 625 410 896 293 149 459 245 809 700 475 22 559 439 122 128 236 
935 290 212 802 791 607 741 572 82 602 677 640 731 595 776 550 857 312 545 131 898 29 243 413 48 241 284 728 510 222 431 681 536 393 694 869 587 713 647 275 833 257 657 17 325 598 527 161 925 80 294 266 918 566 686 936 889 305 868 261 335 21 383 954 11 121 718 172 915 778 935 756 558 389 24 990 356 497 625 410 896 293 149 459 245 809 700 475 22 559 439 122 128 236 679 892 31 260 540 516 995 660 16 862 76 612 488 836 141 665 195 493 522 60 208 722 291 18 914 228 53 746 32 267 819 35 201 105 466 437 824 465 479 626 390 699 805 359 162 881 211 111 54 332 590 91 26 568 232 708 706 183 610 454 292 894 557 306 340 533 234 119 33 170 185 924 724 875 652 734 323 514 157 396 543 281 817 952 259 638 158 498 613 753 246 749 186 906 419 405 49 970 940 769 93 190 199 740 797 714 528 357 23 779 178 900 188 408 472 583 748 897 963 950 379 401 452 738 301 553 108 664 130 747 151 556 55 235 944 444 571 482 14 926 39 1000 430 867 422 535 6 425 265 112 504 373 620 409 336 450 404 837 902 893 46 348 163 961 828 146 733 181 279 937 100 263 957 173 737 785 989 821 899 142 651 736 481 938 790 494 403 564 585 689 283 402 176 684 218 126 726 326 735 72 398 931 219 445 311 576 687 192 705 570 927 787 829 375 168 561 608 244 28 943 537 197 280 268 593 57 289 27 136 624 346 744 591 380 324 118 972 184 509 242 316 584 838 416 295 531 354 95 480 37 15 51 948 456 615 8 303 974 315 630 62 782 986 973 835 129 754 873 682 843 844 428 117 278 643 586 984 878 350 164 155 83 240 286 750 560 678 19 852 370 905 65 544 448 285 473 729 796 59 507 43 496 751 513 109 712 156 672 777 960 87 97 932 492 709 160 338 220 996 616 888 124 166 870 985 988 500 987 671 458 432 720 399 725 826 765 485 646 920 581 803 495 135 44 685 766 330 25 224 369 922 619 103 600 433 567 206 703 407 351 757 648 230 349 490 223 945 532 438 831 933 47 983 512 856 367 760 599 470 993 788 1 695 519 463 618 609 628 110 52 552 539 133 656 9 137 271 308 793 847 114 12 929 704 716 476 529 213 951 106 919 84 542 858 582 376 959 75 36 385 270 304 174 525 391 79 300 880 654 601 771 978 150 997 767 688 589 64 13 318 238 877 329 911 693 226 547 274 333 273 424 34 169 818 825 484 177 991 605 798 5 942 426 272 143 813 994 839 489 474 861 277 617 116 145 2 822 483 799 863 967 520 639 209 632 555 530 680 758 597 451 820 506 934 171 794 77 468 891 827 909 871 848 210 841 89 916 982 462 207 807 971 502 546 921 883 153 659 253 66 363 634 198 120 860 876 382 627 298 180 655 774 633 361 159 667 250 541 573 88 980 907 692 901 467 592 256 569 517 739 85 928 4 182 418 115 297 464 923 864 461 521 394 282 229 353 623 998 629 457 231 975 154 976 917 314 125 786 41 676 435 61 992 882 152 526 499 673 38 775 965 251 964 806 565 436 327 387 701 789 73 968 96 442 94 614 239 248 622 953 420 400 721 71 487 362 762 434 310 384 814 842 287 755 249 167 792 491 645 885 187 101 191 20 264 697 148 469 538 372 637 269 674 872 698 478 98 534 423 165 233 56 377 707 440 763 851 594 663 344 811 139 175 392 743 63 866 524 884 196 823 309 505 486 132 642 237 908 575 204 903 683 427 449 904 147 947 691 577 977 30 745 322 134 669 969 42 781 890 460 138 328 227 930 421 631 999 621 658 3 358 939 179 352 675 580 200 58 772 368 411 962 86 364 386 123 412 216 194 140 313 816 203 955 415 518 92 742 319 784 69 563 414 690 715 606 641 795 99 296 855 636 388 853 355 471 45 578 910 225 650 874 768 812 653 949 501 262 832 956 503 764 810 859 365 515 966 854 846 773 247 554 341 702 635 730 81 912 317 67 441 711 801 865 611 710 144 74 562 113 378 752 104 321 849 307 666 453 723 815 217 780 551 343 337 446 596 374 548 397 604 670 50 574 511 102 946 417 40 662 886 78 360 255 107 447 808 339 276 759 981 649 
910 776 550 857 312 545 131 898 29 243 413 48 241 284 728 510 222 431 681 536 393 694 869 587 713 647 275 833 257 657 17 325 598 527 161 925 80 294 266 918 566 686 936 889 305 868 261 335 21 383 954 11 121 718 172 915 778 935 756 558 389 24 990 356 497 625 410 896 293 149 459 245 809 700 475 22 559 439 122 128 236 679 892 31 260 540 516 995 660 16 862 76 612 488 836 141 665 195 493 522 60 208 722 291 18 914 228 53 746 32 267 819 35 201 105 466 437 824 465 479 626 390 699 805 359 162 881 211 111 54 332 590 91 26 568 232 708 706 183 610 454 292 894 557 306 340 533 234 119 33 170 185 924 724 875 652 734 323 514 157 396 543 281 817 952 259 638 158 498 613 753 246 749 186 906 419 405 49 970 940 769 93 190 199 740 797 714 528 357 23 779 178 900 188 408 472 583 748 897 963 950 379 401 452 738 301 553 108 664 130 747 151 556 55 235 944 444 571 482 14 926 39 1000 430 867 422 535 6 425 265 112 504 373 620 409 336 450 404 837 902 893 46 348 163 961 828 146 733 181 279 937 100 263 957 173 737 785 989 821 899 142 651 736 481 938 790 494 403 564 585 689 283 402 176 684 218 126 726 326 735 72 398 931 219 445 311 576 687 192 705 570 927 787 829 375 168 561 608 244 28 943 537 197 280 268 593 57 289 27 136 624 346 744 591 380 324 118 972 184 509 242 316 584 838 416 295 531 354 95 480 37 15 51 948 456 615 8 303 974 315 630 62 782 986 973 835 129 754 873 682 843 844 428 117 278 643 586 984 878 350 164 155 83 240 286 750 560 678 19 852 370 905 65 544 448 285 473 729 796 59 507 43 496 751 513 109 712 156 672 777 960 87 97 932 492 709 160 338 220 996 616 888 124 166 870 985 988 500 987 671 458 432 720 399 725 826 765 485 646 920 581 803 495 135 44 685 766 330 25 224 369 922 619 103 600 433 567 206 703 407 351 757 648 230 349 490 223 945 532 438 831 933 47 983 512 856 367 760 599 470 993 788 1 695 519 463 618 609 628 110 52 552 539 133 656 9 137 271 308 793 847 114 12 929 704 716 476 529 213 951 106 919 84 542 858 582 376 959 75 36 385 270 304 174 525 391 79 300 880 654 601 771 978 150 997 767 688 589 64 13 318 238 877 329 911 693 226 547 274 333 273 424 34 169 818 825 484 177 991 605 798 5 942 426 272 143 813 994 839 489 474 861 277 617 116 145 2 822 483 799 863 967 520 639 209 632 555 530 680 758 597 451 820 506 934 171 794 77 468 891 827 909 871 848 210 841 89 916 982 462 207 807 971 502 546 921 883 153 659 253 66 363 634 198 120 860 876 382 627 298 180 655 774 633 361 159 667 250 541 573 88 980 907 692 901 467 592 256 569 517 739 85 928 4 182 418 115 297 464 923 864 461 521 394 282 229 353 623 998 629 457 231 975 154 976 917 314 125 786 41 676 435 61 992 882 152 526 499 673 38 775 965 251 964 806 565 436 327 387 701 789 73 968 96 442 94 614 239 248 622 953 420 400 721 71 487 362 762 434 310 384 814 842 287 755 249 167 792 491 645 885 187 101 191 20 264 697 148 469 538 372 637 269 674 872 698 478 98 534 423 165 233 56 377 707 440 763 851 594 663 344 811 139 175 392 743 63 866 524 884 196 823 309 505 486 132 642 237 908 575 204 903 683 427 449 904 147 947 691 577 977 30 745 322 134 669 969 42 781 890 460 138 328 227 930 421 631 999 621 658 3 358 939 179 352 675 580 200 58 772 368 411 962 86 364 386 123 412 216 194 140 313 816 203 955 415 518 92 742 319 784 69 563 414 690 715 606 641 795 99 296 855 636 388 853 355 471 45 578 910 225 650 874 768 812 653 949 501 262 832 956 503 764 810 859 365 515 966 854 846 773 247 554 341 702 635 730 81 912 317 67 441 711 801 865 611 710 144 74 562 113 378 752 104 321 849 307 666 453 723 815 217 780 551 343 337 446 596 374 548 397 604 670 50 574 511 102 946 417 40 662 
506 340 533 234 119 33 170 185 924 724 875 652 734 323 514 157 396 543 281 817 952 259 638 158 498 613 753 246 749 186 906 419 405 49 970 940 769 93 190 199 740 797 714 528 357 23 779 178 900 188 408 472 583 748 897 963 950 379 401 452 738 301 553 108 664 130 747 151 556 55 235 944 444 571 482 14 926 39 1000 430 867 422 535 6 425 265 112 504 373 620 409 336 450 404 837 902 893 46 348 163 961 828 146 733 181 279 937 100 263 957 173 737 785 989 821 899 142 651 736 481 938 790 494 403 564 585 689 283 402 176 684 218 126 726 326 735 72 398 931 219 445 311 576 687 192 705 570 927 787 829 375 168 561 608 244 28 943 537 197 280 268 593 57 289 27 136 624 346 744 591 380 324 118 972 184 509 242 316 584 838 416 295 531 354 95 480 37 15 51 948 456 615 8 303 974 315 630 62 782 986 973 835 129 754 873 682 843 844 428 117 278 643 586 984 878 350 164 155 83 240 286 750 560 678 19 852 370 905 65 544 448 285 473 729 796 59 507 43 496 751 513 109 712 156 672 777 960 87 97 932 492 709 160 338 220 996 616 888 124 166 870 985 988 500 987 671 458 432 720 399 725 826 765 485 646 920 581 803 495 135 44 685 766 330 25 224 369 922 619 103 600 433 567 206 703 407 351 757 648 230 349 490 223 945 532 438 831 933 47 983 512 856 367 760 599 470 993 788 1 695 519 463 618 609 628 110 52 552 539 133 656 9 137 271 308 793 847 114 12 929 704 716 476 529 213 951 106 919 84 542 858 582 376 959 75 36 385 270 304 174 525 391 79 300 880 654 601 771 978 150 997 767 688 589 64 13 318 238 877 329 911 693 226 547 274 333 273 424 34 169 818 825 484 177 991 605 798 5 942 426 272 143 813 994 839 489 474 861 277 617 116 145 2 822 483 799 863 967 520 639 209 632 555 530 680 758 597 451 820 506 934 171 794 77 468 891 827 909 871 848 210 841 89 916 982 462 207 807 971 502 546 921 883 153 659 253 66 363 634 198 120 860 876 382 627 298 180 655 774 633 361 159 667 250 541 573 88 980 907 692 901 467 592 256 569 517 739 85 928 4 182 418 115 297 464 923 864 461 521 394 282 229 353 623 998 629 457 
801 305 868 261 335 21 383 954 11 121 718 172 915 778 935 756 558 389 24 990 356 497 625 410 896 293 149 459 245 809 700 475 22 559 439 122 128 236 679 892 31 260 540 516 995 660 16 862 76 612 488 836 141 665 195 493 522 60 208 722 291 18 914 228 53 746 32 267 819 35 201 105 466 437 824 465 479 626 390 699 805 359 162 881 211 111 54 332 590 91 26 568 232 708 706 183 610 454 292 894 557 306 340 533 234 119 33 170 185 924 724 875 652 734 323 514 157 396 543 281 817 952 259 638 158 498 613 753 246 749 186 906 419 405 49 970 940 769 93 190 199 740 797 714 528 357 23 779 178 900 188 408 472 583 748 897 963 950 379 401 452 738 301 553 108 664 130 747 151 556 55 235 944 444 571 482 14 926 39 1000 430 867 422 535 6 425 265 112 504 373 620 409 336 450 404 837 902 893 46 348 163 961 828 146 733 181 279 937 100 263 957 173 737 785 989 821 899 142 651 736 481 938 790 494 403 564 585 689 283 402 176 684 218 126 726 326 735 72 398 931 219 445 311 576 687 192 705 570 927 787 829 375 168 561 608 244 28 943 537 197 280 268 593 57 289 27 136 624 346 744 591 380 324 118 972 184 509 242 316 584 838 416 295 531 354 95 480 37 15 51 948 456 615 8 303 974 315 630 62 782 986 973 835 129 754 873 682 843 844 428 117 278 643 586 984 878 350 164 155 83 240 286 750 560 678 19 852 370 905 65 544 448 285 473 729 796 59 507 43 496 751 513 109 712 156 672 777 960 87 97 932 492 709 160 338 220 996 616 888 124 166 870 985 988 500 987 671 458 432 720 399 725 826 765 485 646 920 581 803 495 135 44 685 766 330 25 224 369 922 619 103 600 433 567 206 703 407 351 757 648 230 349 490 223 945 532 438 831 933 47 983 512 856 367 760 599 470 993 788 1 695 519 463 618 609 628 110 52 552 539 133 656 9 137 271 308 793 847 114 12 929 704 716 476 529 213 951 106 919 84 542 858 582 376 959 75 36 385 270 304 174 525 391 79 300 880 654 601 771 978 150 997 767 688 589 64 13 318 238 877 329 911 693 226 547 274 333 273 424 34 169 818 825 484 177 991 605 798 5 942 426 272 143 813 994 839 489 474 861 277 617 116 145 2 822 483 799 863 967 520 639 209 632 555 530 680 758 597 451 820 506 934 171 794 77 468 891 827 909 871 848 210 841 89 916 982 462 207 807 971 502 546 921 883 153 659 253 66 363 634 198 120 860 876 382 627 298 180 655 774 633 361 159 667 250 541 573 88 980 907 692 901 467 592 256 569 517 739 85 928 4 182 418 115 297 464 923 864 461 521 394 282 229 353 623 998 629 457 231 975 154 976 917 314 125 786 41 676 435 61 992 882 152 526 499 673 38 775 965 251 964 806 565 436 327 387 701 789 73 968 96 442 94 614 239 248 622 953 420 400 721 71 487 362 762 434 310 384 814 842 287 755 249 167 792 491 645 885 187 101 191 20 264 697 148 469 538 372 637 269 674 872 698 478 98 534 423 165 233 56 377 707 440 763 851 594 663 344 811 139 175 392 743 63 866 524 884 196 823 309 505 486 132 642 237 908 575 204 903 683 427 449 904 147 947 691 577 977 30 745 322 134 669 969 42 781 890 460 138 328 227 930 421 631 999 621 658 3 358 939 179 352 675 580 200 58 772 368 411 962 86 364 386 123 412 216 194 140 313 816 203 955 415 518 92 742 319 784 69 563 414 690 715 606 641 795 99 296 855 636 388 853 355 471 45 578 910 225 650 874 768 812 
393 176 684 218 126 726 326 735 72 398 931 219 445 311 576 687 192 705 570 927 787 829 375 168 561 608 244 28 943 537 197 280 268 593 57 289 27 136 624 346 744 591 380 324 118 972 184 509 242 316 584 838 416 295 531 354 95 480 37 15 51 948 456 615 8 303 974 315 630 62 782 986 973 835 129 754 873 682 843 844 428 117 278 643 586 984 878 350 164 155 83 240 286 750 560 678 19 852 370 905 65 544 448 285 473 729 796 59 507 43 496 751 513 109 712 156 672 777 960 87 97 932 492 709 160 338 220 996 616 888 124 166 870 985 988 500 987 671 458 432 720 399 725 826 765 485 646 920 581 803 495 135 44 685 766 330 25 224 369 922 619 103 600 433 567 206 703 407 351 757 648 230 349 490 223 945 532 438 831 933 47 983 512 856 367 760 599 470 993 788 1 695 519 463 618 609 628 110 52 552 539 133 656 9 137 271 308 793 847 114 12 929 704 716 476 529 213 951 106 919 84 542 858 582 376 959 75 36 385 270 304 174 525 391 79 300 880 654 601 771 978 150 997 767 688 589 64 13 318 238 877 329 911 693 226 547 274 333 273 424 34 169 818 825 484 177 991 605 798 5 942 426 272 143 813 994 839 489 474 861 277 617 116 145 2 822 483 799 863 967 520 639 209 632 555 530 680 758 597 451 820 506 934 171 794 77 468 891 827 909 871 848 210 841 89 916 982 462 207 807 971 502 546 921 883 153 659 253 66 363 634 198 120 860 876 382 627 298 180 655 774 633 361 159 667 250 541 573 88 980 907 692 901 467 592 256 569 517 739 85 928 4 182 418 115 297 464 923 864 461 521 394 282 229 353 623 998 629 457 231 975 154 976 917 314 125 786 41 676 435 61 992 882 152 
234 701 789 73 968 96 442 94 614 239 248 622 953 420 400 721 71 487 362 762 434 310 384 814 842 287 755 249 167 792 491 645 885 187 101 191 20 264 697 148 469 538 372 637 269 674 872 698 478 98 534 423 165 233 56 377 707 440 763 851 594 663 344 811 139 175 392 743 63 866 524 884 196 823 309 505 486 132 642 237 908 575 204 903 683 427 449 904 147 947 691 577 977 30 745 322 134 669 969 42 781 890 460 138 328 227 930 421 631 999 621 658 3 358 939 179 352 675 580 200 58 772 368 411 962 86 364 386 123 412 216 194 140 313 816 203 955 415 518 92 742 319 784 69 563 414 690 715 606 641 795 99 296 855 636 388 853 355 471 45 578 910 225 650 874 768 812 653 949 501 262 832 956 503 764 810 859 365 515 966 854 846 773 247 554 341 702 635 730 81 912 317 67 441 711 801 865 611 710 144 74 562 113 378 752 104 321 849 307 666 453 723 815 217 780 551 343 337 446 596 374 548 397 604 670 50 574 511 102 946 417 40 662 886 78 
836 756 558 389 24 990 356 497 625 410 896 293 149 459 245 809 700 475 22 559 439 122 128 236 679 892 31 260 540 516 995 660 16 862 76 612 488 836 141 665 195 493 522 60 208 722 291 18 914 228 53 746 32 267 819 35 201 105 466 437 824 465 479 626 390 699 805 359 162 881 211 111 54 332 590 91 26 568 232 708 706 183 610 454 292 894 557 306 340 533 234 119 33 170 185 924 724 875 652 734 323 514 157 396 543 281 817 952 259 638 158 498 613 753 246 749 186 906 419 405 49 970 940 769 93 190 199 740 797 714 528 357 23 779 178 900 188 408 472 583 748 897 963 950 379 401 452 738 301 553 108 664 130 747 151 556 55 235 944 444 571 482 14 926 39 1000 430 867 422 535 6 425 265 112 504 373 620 409 336 450 404 837 902 893 46 348 163 961 828 146 733 181 279 937 100 263 957 173 737 785 989 821 899 142 651 736 481 938 790 494 403 564 585 689 283 402 176 684 218 126 726 326 735 72 398 931 219 445 311 576 687 192 705 570 927 787 829 375 168 561 608 244 28 943 537 197 280 268 593 57 289 27 136 624 346 744 591 380 324 118 972 184 509 242 316 584 838 416 295 531 354 95 480 37 15 51 948 456 615 8 303 974 315 630 62 782 986 973 835 129 754 873 682 843 844 428 117 278 643 586 984 878 350 164 155 83 240 286 750 560 678 19 852 370 905 65 544 448 285 473 729 796 59 507 43 496 751 513 109 712 156 672 777 960 87 97 932 492 709 160 338 220 996 616 888 124 166 870 985 988 500 987 671 458 432 720 399 725 826 765 485 646 920 581 803 495 135 44 685 766 330 25 224 369 922 619 103 600 433 567 206 703 407 351 757 648 230 349 490 223 945 532 438 831 933 47 983 512 856 367 760 599 470 993 788 1 695 519 463 618 609 628 110 52 552 539 133 656 9 137 271 308 793 847 114 12 929 704 716 476 529 213 951 106 919 84 542 858 582 376 959 75 36 385 270 304 174 525 391 79 300 880 654 601 771 978 150 997 767 688 589 64 13 318 238 877 329 911 693 226 547 274 333 273 424 34 169 818 825 484 177 991 605 798 5 942 426 272 143 813 994 839 489 474 861 277 617 116 145 2 822 483 799 863 967 520 639 209 632 555 530 680 758 597 451 820 506 934 171 794 77 468 891 827 909 871 848 210 841 89 916 982 462 207 807 971 502 546 921 883 153 659 253 66 363 634 198 120 860 876 382 627 298 180 655 774 633 361 159 667 250 541 573 88 980 907 692 901 467 592 256 569 517 739 85 928 4 182 418 115 297 464 923 864 461 521 394 282 229 353 623 998 629 457 231 975 154 976 917 314 125 786 41 676 435 61 992 882 152 526 499 673 38 775 965 251 964 806 565 436 327 387 701 789 73 968 96 442 94 614 239 248 622 953 420 400 721 71 487 362 762 434 310 384 814 842 287 755 249 167 792 491 645 885 187 101 191 20 264 697 148 469 538 372 637 269 674 872 698 478 98 534 423 165 233 56 377 707 440 763 851 594 663 344 811 139 175 392 743 63 866 524 884 196 823 309 505 486 132 642 237 908 575 204 903 683 427 449 904 147 947 691 577 977 30 745 322 134 669 969 42 781 890 460 138 328 227 930 421 631 999 621 658 3 358 939 179 352 675 580 200 58 772 368 411 962 86 364 386 123 412 216 194 140 313 816 203 955 415 518 92 742 319 784 69 563 414 690 715 606 641 795 99 296 855 636 388 853 355 471 45 578 910 225 650 874 768 812 653 949 501 262 832 956 503 764 810 859 365 515 966 854 846 773 247 554 341 702 635 730 81 912 317 67 441 711 801 865 611 710 144 74 562 113 378 752 104 321 849 307 666 453 723 815 217 780 551 
149 158 498 613 753 246 749 186 906 419 405 49 970 940 769 93 190 199 740 797 714 528 357 23 779 178 900 188 408 472 583 748 897 963 950 379 401 452 738 301 553 108 664 130 747 151 556 55 235 944 444 571 482 14 926 39 1000 430 867 422 535 6 425 265 112 504 373 620 409 336 450 404 837 902 893 46 348 163 961 828 146 733 181 279 937 100 263 957 173 737 785 989 821 899 142 651 736 481 938 790 494 403 564 585 689 283 402 176 684 218 126 726 326 735 72 398 931 219 445 311 576 687 192 705 570 927 787 829 375 168 561 608 244 28 943 537 197 280 268 593 57 289 27 136 624 346 744 591 380 324 
325 531 354 95 480 37 15 51 948 456 615 8 303 974 315 630 62 782 986 973 835 129 754 873 682 843 844 428 117 278 643 586 984 878 350 164 155 83 240 286 750 560 678 19 852 370 905 65 544 448 285 473 729 796 59 507 43 496 751 513 109 712 156 672 777 960 87 97 932 492 709 160 338 220 996 616 888 124 166 870 985 988 500 987 671 458 432 720 399 725 826 765 485 646 920 581 803 495 135 44 685 766 330 25 224 369 922 619 103 600 433 567 206 703 407 351 757 648 230 349 490 223 945 532 438 831 933 47 983 512 856 367 760 599 470 993 788 1 695 519 463 618 609 628 110 52 552 539 133 656 9 137 271 308 793 847 114 12 929 704 716 476 529 213 951 106 919 84 542 858 582 376 959 75 36 385 270 304 174 525 391 79 300 880 654 601 771 978 150 997 767 688 589 64 13 318 238 877 329 911 693 226 547 274 333 273 424 34 169 818 825 484 177 991 605 798 5 942 426 272 143 813 994 839 489 474 861 277 617 116 145 2 822 483 799 863 967 520 639 209 632 555 530 680 758 597 451 820 506 934 171 794 77 468 891 827 909 871 848 210 841 89 916 982 462 207 807 971 502 546 921 883 153 659 253 66 363 634 198 120 860 876 382 627 298 180 655 774 633 361 159 667 250 541 573 88 980 907 692 901 467 592 256 569 517 739 85 928 4 182 418 115 297 464 923 864 461 521 394 282 229 353 623 998 629 457 
855 791 607 741 572 82 602 677 640 731 595 776 550 857 312 545 131 898 29 243 413 48 241 284 728 510 222 431 681 536 393 694 869 587 713 647 275 833 257 657 17 325 598 527 161 925 80 294 266 918 566 686 936 889 305 868 261 335 21 383 954 11 121 718 172 915 778 935 756 558 389 24 990 356 497 625 410 896 293 149 459 245 809 700 475 22 559 439 122 128 236 679 892 31 260 540 516 995 660 16 862 76 612 488 836 141 665 195 493 522 60 208 722 291 18 914 228 53 746 32 267 819 35 201 105 466 437 824 465 479 626 390 699 805 359 162 881 211 111 54 332 590 91 26 568 232 708 706 183 610 454 292 894 557 306 340 533 234 119 33 170 185 924 724 875 652 734 323 514 157 396 543 281 817 952 259 638 158 498 613 753 246 749 186 906 419 405 49 970 940 769 93 190 199 740 797 714 528 357 23 779 178 900 188 408 472 583 748 897 963 950 379 401 452 738 301 553 108 664 130 747 151 556 55 235 944 444 571 482 14 926 39 1000 430 867 422 535 6 425 265 112 504 373 620 409 336 450 404 837 902 893 46 348 163 961 828 146 733 181 279 937 100 263 957 173 737 785 989 821 899 142 651 736 481 938 790 494 403 564 585 689 283 402 176 684 218 126 726 326 735 72 398 931 219 445 311 576 687 192 705 570 927 787 829 375 168 561 608 244 28 943 537 197 280 268 593 57 289 27 136 624 346 744 591 380 324 118 972 184 509 242 316 584 838 416 295 531 354 95 480 37 15 51 948 456 615 8 303 974 315 630 62 782 986 973 835 129 754 873 682 843 844 428 117 278 643 586 984 878 350 164 155 83 240 286 750 560 678 19 852 370 905 65 544 448 285 473 729 796 59 507 43 496 751 513 109 712 156 672 777 960 87 97 932 492 709 160 338 220 996 616 888 124 166 870 985 988 500 987 671 458 432 720 399 725 826 765 485 646 920 581 803 495 135 44 685 766 330 25 224 369 922 619 103 600 433 567 206 703 407 351 757 648 230 349 490 223 945 532 438 831 933 47 983 512 856 367 760 599 470 993 788 1 695 519 463 618 609 628 110 52 552 539 133 656 9 137 271 308 793 847 114 12 929 704 716 476 529 213 951 106 919 84 542 858 582 376 959 75 36 385 270 304 174 525 391 79 300 880 654 601 771 978 150 997 767 688 589 64 13 318 238 877 329 911 693 226 547 274 333 273 424 34 169 818 825 484 177 991 605 798 5 942 426 272 143 813 994 839 489 474 861 277 617 116 145 2 822 483 799 863 967 520 639 209 632 555 530 680 758 597 451 820 506 934 171 794 77 468 891 827 909 871 848 210 841 89 916 982 462 207 807 971 502 546 921 883 153 659 253 66 363 634 198 120 860 876 382 627 298 180 655 774 633 361 159 667 250 541 573 88 980 907 692 901 467 592 256 569 517 739 85 928 4 182 418 115 297 464 923 864 461 521 394 282 229 353 623 998 629 457 231 975 154 976 917 314 125 786 41 676 435 61 992 882 152 526 499 673 38 775 965 251 964 806 565 436 327 387 701 789 73 968 96 442 94 614 239 248 622 953 420 400 721 71 487 362 762 434 310 384 814 842 287 755 249 167 792 491 645 885 187 101 191 20 264 697 148 469 538 372 637 269 674 872 698 478 98 534 423 165 233 56 377 707 440 763 851 594 663 344 811 139 175 392 743 63 866 524 884 196 823 309 505 486 132 642 237 908 575 204 903 683 427 449 904 147 947 691 577 977 30 745 322 134 669 969 42 781 890 460 138 328 227 930 421 631 999 621 658 3 358 939 179 352 675 580 200 58 772 368 411 962 86 364 386 123 412 216 194 140 313 816 203 955 415 518 92 742 319 784 69 563 414 690 715 606 641 795 99 296 855 636 388 853 355 471 45 578 910 225 650 874 768 812 653 
906 761 477 887 508 770 252 644 189 90 549 719 395 406 696 579 661 193 7 455 366 320 845 958 834 443 371 840 804 221 342 290 212 802 791 607 741 572 82 602 677 640 731 595 776 550 857 312 545 131 898 29 243 413 48 241 284 728 510 222 431 681 536 393 694 869 587 713 647 275 833 257 657 17 325 598 527 161 925 80 294 266 918 566 686 936 889 305 868 261 335 21 383 954 11 121 718 172 915 778 935 756 558 389 24 990 356 497 625 410 896 293 149 459 245 809 700 475 22 559 439 122 128 236 679 892 31 260 540 516 995 660 16 862 76 612 488 836 141 665 195 493 522 60 208 722 291 18 914 228 53 746 32 267 819 35 201 105 466 437 824 465 479 626 390 699 805 359 162 881 211 111 54 332 590 91 26 568 232 708 706 183 610 454 292 894 557 306 340 533 234 119 33 170 185 924 724 875 652 734 323 514 157 396 543 281 817 952 259 638 158 498 613 753 246 749 186 906 419 405 49 970 940 769 93 190 199 740 797 714 528 357 23 779 178 900 188 408 472 583 748 897 963 950 379 401 452 738 301 553 108 664 130 747 151 556 55 235 944 444 571 482 14 926 39 1000 430 867 422 535 6 425 265 112 504 373 620 409 336 450 404 837 902 893 46 348 163 961 828 146 733 181 279 937 100 263 957 173 737 785 989 821 899 142 651 736 481 938 790 494 403 564 585 689 283 402 176 684 218 126 726 326 735 72 398 931 219 445 311 576 687 192 705 570 927 787 829 375 168 561 608 244 28 943 537 197 280 268 593 57 289 27 136 624 346 744 591 380 324 118 972 184 509 242 316 584 838 416 295 531 354 95 480 37 15 51 948 456 615 8 303 974 315 630 62 782 986 973 835 129 754 873 682 843 844 428 117 278 643 586 984 878 350 164 155 83 240 286 750 560 678 19 852 370 905 65 544 448 285 473 729 796 59 507 43 496 751 513 109 712 156 672 777 960 87 97 932 492 709 160 338 220 996 616 888 124 166 870 985 988 500 987 671 458 432 720 399 725 826 765 485 646 920 581 803 495 135 44 685 766 330 25 224 369 922 619 103 600 433 567 206 703 407 351 757 648 230 349 490 223 945 532 438 831 933 47 983 512 856 367 760 599 470 993 788 1 695 519 463 618 609 628 110 52 552 539 133 656 9 137 271 308 793 847 114 12 929 704 716 476 529 213 951 106 919 84 542 858 582 376 959 75 36 385 270 304 174 525 391 79 300 880 654 601 771 978 150 997 767 688 589 64 13 318 238 877 329 911 693 226 547 274 333 273 424 34 169 818 825 484 177 991 605 798 5 942 426 272 143 813 994 839 489 474 861 277 617 116 145 2 822 483 799 863 967 520 639 209 632 555 530 680 758 597 451 820 506 934 171 794 77 468 891 827 909 871 848 210 841 89 916 982 462 207 807 971 502 546 921 883 153 659 253 66 363 634 198 120 860 876 382 627 298 180 655 774 633 361 159 667 250 541 573 88 980 907 692 901 467 592 256 569 517 739 85 928 4 182 418 115 297 464 923 864 461 521 394 282 229 353 623 998 629 457 231 975 154 976 917 314 125 786 41 676 435 61 992 882 152 526 499 673 38 775 965 251 964 806 565 436 327 387 701 789 73 968 96 442 94 614 239 248 622 953 420 400 721 71 487 362 762 434 310 384 814 842 287 755 249 167 792 491 645 885 187 101 191 20 264 697 148 469 538 372 637 269 674 872 698 478 98 534 423 165 233 56 377 707 440 763 851 594 663 344 811 139 175 392 743 63 866 524 884 196 823 309 505 486 132 642 237 908 575 204 903 683 427 449 904 147 947 691 577 977 30 745 322 134 669 969 42 781 890 460 138 328 227 930 421 631 999 621 658 3 358 939 179 352 675 580 200 58 772 368 411 962 86 364 386 123 412 216 194 140 313 816 203 955 415 518 92 742 319 784 69 563 414 690 715 606 641 795 99 296 855 636 388 853 355 471 45 578 910 225 650 874 768 812 653 949 501 262 832 956 503 764 810 859 365 515 966 854 846 773 247 554 341 
977 549 719 395 406 696 579 661 193 7 455 366 320 845 958 834 443 371 840 804 221 342 290 212 802 791 607 741 572 82 602 677 640 731 595 776 550 857 312 545 131 898 29 243 413 48 241 284 728 510 222 431 681 536 393 694 869 587 713 647 275 833 257 657 17 325 598 527 161 925 80 294 266 918 566 686 936 889 305 868 261 335 21 383 954 11 121 718 172 915 778 935 756 558 389 24 990 356 497 625 410 896 293 149 459 245 809 700 475 22 559 439 122 128 236 679 892 31 260 540 516 995 660 16 862 76 612 488 836 141 665 195 493 522 60 208 722 291 18 914 228 53 746 32 267 819 35 201 105 466 437 824 465 479 626 390 699 805 359 162 881 211 111 54 332 590 91 26 568 232 708 706 183 610 454 292 894 557 306 340 533 234 119 33 170 185 924 724 875 652 734 323 514 157 396 543 281 817 952 259 638 158 498 613 753 246 749 186 906 419 405 49 970 940 769 93 190 199 740 797 714 528 357 23 779 178 900 188 408 472 583 748 897 963 950 379 401 452 738 301 553 108 664 130 747 151 556 55 235 944 444 571 482 14 926 39 1000 430 867 422 535 6 425 265 112 504 373 620 409 336 450 404 837 902 893 46 348 163 961 828 146 733 181 279 937 100 263 957 173 737 785 989 821 899 142 651 736 481 938 790 494 403 564 585 689 283 402 176 684 218 126 726 326 735 72 398 931 219 445 311 576 687 192 705 570 927 787 829 375 168 561 608 244 28 943 537 197 280 268 593 57 289 27 136 624 346 744 591 380 324 118 972 184 509 242 316 584 838 416 295 531 354 95 480 37 15 51 948 456 615 8 303 974 315 630 62 782 986 973 835 129 754 873 682 843 844 428 117 278 643 586 984 878 350 164 155 83 240 286 750 560 678 19 852 370 905 65 544 448 285 473 729 796 59 507 43 496 751 513 109 712 156 672 777 960 87 97 932 492 709 160 338 220 996 616 888 124 166 870 985 988 500 987 671 458 432 720 399 725 826 765 485 646 920 581 803 495 135 44 685 766 330 25 224 369 922 619 103 600 433 567 206 703 407 351 757 648 230 349 490 223 945 532 438 831 933 47 983 512 856 367 760 599 470 993 788 1 695 519 463 618 609 628 110 52 552 539 133 656 9 137 271 308 793 847 114 12 929 704 716 476 529 213 951 106 919 84 542 858 582 376 959 75 36 385 270 304 174 525 391 79 300 880 654 601 771 978 150 997 767 688 589 64 13 318 238 877 329 911 693 226 547 274 333 273 424 34 169 818 825 484 177 991 605 798 5 942 426 272 143 813 994 839 489 474 861 277 617 116 145 2 822 483 799 863 967 520 639 209 632 555 530 680 758 597 451 820 506 934 171 794 77 468 891 827 909 871 848 210 841 89 916 982 462 207 807 971 502 546 921 883 153 659 253 66 363 634 198 120 860 876 382 627 298 180 655 774 633 361 159 667 250 541 573 88 980 907 692 901 467 592 256 569 517 739 85 928 4 182 418 115 297 464 923 864 461 521 394 282 229 353 623 998 629 457 231 975 154 976 917 314 125 786 41 676 435 61 992 882 152 526 499 673 38 775 965 251 964 806 565 436 327 387 701 789 73 968 96 442 94 614 239 248 622 953 420 400 721 71 487 362 762 434 310 384 814 842 287 755 249 167 792 491 645 885 187 101 191 20 264 697 148 469 538 372 637 269 674 872 698 478 98 534 423 165 233 56 377 707 440 763 851 594 663 344 811 139 175 392 743 63 866 524 884 196 823 309 505 486 132 642 237 908 575 204 903 683 427 449 904 147 947 691 577 977 30 745 322 134 669 969 42 781 890 460 138 328 227 930 421 631 999 621 658 3 358 939 179 352 675 580 200 58 772 368 411 962 86 364 386 123 412 216 194 140 313 816 203 955 415 518 92 742 319 784 69 563 414 690 715 606 641 795 99 296 855 636 388 853 355 471 45 578 910 225 650 874 768 812 653 949 501 262 832 956 503 764 810 859 365 515 966 854 846 773 247 554 341 702 635 730 81 912 317 67 441 711 801 865 611 710 144 74 562 113 378 752 104 321 849 307 666 453 723 815 217 780 551 343 337 446 596 374 548 397 604 670 50 574 511 102 946 417 40 662 886 78 360 255 107 447 808 339 276 759 981 649 979 302 732 202 941 783 429 347 68 299 10 717 127 850 345 258 254 668 70 727 603 
280 46 348 163 961 828 146 733 181 279 937 100 263 957 173 737 785 989 821 899 142 651 736 481 938 790 494 403 564 585 689 283 402 176 684 218 126 726 326 735 72 398 931 219 445 311 576 687 192 705 570 927 787 829 375 168 561 608 244 28 943 537 197 280 268 593 57 289 27 136 624 346 744 591 380 324 118 972 184 509 242 316 584 838 416 295 531 354 95 480 37 15 51 948 456 615 8 303 974 315 630 62 782 986 973 835 129 754 873 682 843 844 428 117 278 643 586 984 878 350 164 155 83 240 286 750 560 678 19 852 370 905 65 544 448 285 473 729 796 59 507 43 496 751 513 109 712 156 672 777 960 87 97 932 492 709 160 338 220 996 616 888 124 166 870 985 988 500 987 671 458 432 720 399 725 826 765 485 646 920 581 803 495 135 44 685 766 330 25 224 369 922 619 103 600 433 567 206 703 407 351 757 648 230 349 490 223 945 532 438 831 933 47 983 512 856 367 760 599 470 993 788 1 695 519 463 618 609 628 110 52 552 539 133 656 9 137 271 308 793 847 114 12 929 704 716 476 529 213 951 106 919 84 542 858 582 376 959 75 36 385 270 304 174 525 391 79 300 880 654 601 771 978 150 997 767 688 589 64 13 318 
4 603 331 523 895 
930 205 913 879 215 381 761 477 887 508 770 252 644 189 90 549 719 395 406 696 579 661 193 7 455 366 320 845 958 834 443 371 840 804 221 342 290 212 802 791 607 741 572 82 602 677 640 731 595 776 550 857 312 545 131 898 29 243 413 48 241 284 728 510 222 431 681 536 393 694 869 587 713 647 275 833 257 657 17 325 598 527 161 925 80 294 266 918 566 686 936 889 305 868 261 335 21 383 954 11 121 718 172 915 778 935 756 558 389 24 990 356 497 625 410 896 293 149 459 245 809 700 475 22 559 439 122 128 236 679 892 31 260 540 516 995 660 16 862 76 612 488 836 141 665 195 493 522 60 208 722 291 18 914 228 53 746 32 267 819 35 201 105 466 437 824 465 479 626 390 699 805 359 162 881 211 111 54 332 590 91 26 568 232 708 706 183 610 454 292 894 557 306 340 533 234 119 33 170 185 924 724 875 652 734 323 514 157 396 543 281 817 952 259 638 158 498 613 753 246 749 186 906 419 405 49 970 940 769 93 190 199 740 797 714 528 357 23 779 178 900 188 408 472 583 748 897 963 950 379 401 452 738 301 553 108 664 130 747 151 556 55 235 944 444 571 482 14 926 39 1000 430 867 422 535 6 425 265 112 504 373 620 409 336 450 404 837 902 893 46 348 163 961 828 146 733 181 279 937 100 263 957 173 737 785 989 821 899 142 651 736 481 938 790 494 403 564 585 689 283 402 176 684 218 126 726 326 735 72 398 931 219 445 311 576 687 192 705 570 927 787 829 375 168 561 608 244 28 943 537 197 280 268 593 57 289 27 136 624 346 744 591 380 324 118 972 184 509 242 316 584 838 416 295 531 354 95 480 37 15 51 948 456 615 8 303 974 315 630 62 782 986 973 835 129 754 873 682 843 844 428 117 278 643 586 984 878 350 164 155 83 240 286 750 560 678 19 852 370 905 65 544 448 285 473 729 796 59 507 43 496 751 513 109 712 156 672 777 960 87 97 932 492 709 160 338 220 996 616 888 124 166 870 985 988 500 987 671 458 432 720 399 725 826 765 485 646 920 581 803 495 135 44 685 766 330 25 224 369 922 619 103 600 433 567 206 703 407 351 757 648 230 349 490 223 945 532 438 831 933 47 983 512 856 367 760 599 470 993 788 1 695 519 463 618 609 628 110 52 552 539 133 656 9 137 271 308 793 847 114 12 929 704 716 476 529 213 951 106 919 84 542 858 582 376 959 75 36 385 270 304 174 525 391 79 300 880 654 601 771 978 150 997 767 688 589 64 13 318 238 877 329 911 693 226 547 274 333 273 424 34 169 818 825 484 177 991 605 798 5 942 426 272 143 813 994 839 489 474 861 277 617 116 145 2 822 483 799 863 967 520 639 209 632 555 530 680 758 597 451 820 506 934 171 794 77 468 891 827 909 871 848 210 841 89 916 982 462 207 807 971 502 546 921 883 153 659 253 66 363 634 198 120 860 876 382 627 298 180 655 774 633 361 159 667 250 541 573 88 980 907 692 901 467 592 256 569 517 739 85 928 4 182 418 115 297 464 923 864 461 521 394 282 229 353 623 998 629 457 231 975 154 976 917 314 125 786 41 676 435 61 992 882 152 526 499 673 38 775 965 251 964 806 565 436 327 387 701 789 73 968 96 442 94 614 239 248 622 953 420 400 721 71 487 362 762 434 310 384 814 842 287 755 249 167 792 491 645 885 187 101 191 20 264 697 148 469 538 372 637 269 674 872 698 478 98 534 423 165 233 56 377 707 440 763 851 594 663 344 811 139 175 392 743 63 866 524 884 196 823 309 505 486 132 642 237 908 575 204 903 683 427 449 904 147 947 691 577 977 30 745 322 134 669 969 42 781 890 460 138 328 227 930 421 631 999 621 658 3 358 939 179 352 675 580 200 58 772 368 411 962 86 364 386 123 412 216 194 140 313 816 203 955 415 518 92 742 319 784 69 563 414 690 715 606 641 795 99 296 855 636 388 853 355 471 45 578 910 225 650 874 768 812 653 949 501 262 832 956 503 764 810 859 365 515 966 854 846 773 247 554 341 702 635 730 81 912 317 67 441 711 801 865 611 710 144 74 562 113 378 752 
761 488 836 141 665 195 493 522 60 208 722 291 18 914 228 53 746 32 267 819 35 201 105 466 437 824 465 479 626 390 699 805 359 162 881 211 111 54 332 590 91 26 568 232 708 706 183 610 454 292 894 557 306 340 533 234 119 33 170 185 924 724 875 652 734 323 514 157 396 543 281 817 952 259 638 158 498 613 753 246 749 186 906 419 405 49 970 940 769 93 190 199 740 797 714 528 357 23 779 178 900 188 408 472 583 748 897 963 950 379 401 452 738 301 553 108 664 130 747 151 556 55 235 944 444 571 482 14 926 39 1000 430 867 422 535 6 425 265 112 504 373 620 409 336 450 404 837 902 893 46 348 163 961 828 146 733 181 279 937 100 263 957 173 737 785 989 821 899 142 651 736 481 938 790 494 403 564 585 689 283 402 176 684 218 126 726 326 735 72 398 931 219 445 311 576 687 192 705 570 927 787 829 375 168 561 608 244 28 943 537 197 280 268 593 57 289 27 136 624 346 744 591 380 324 118 972 184 509 242 316 584 838 416 295 531 354 95 480 37 15 51 948 456 615 8 303 974 315 630 62 782 986 973 835 129 754 873 682 843 844 428 117 278 643 586 984 878 350 164 155 83 240 286 750 560 678 19 852 370 905 65 544 448 285 473 729 796 59 507 43 496 751 513 109 712 156 672 777 960 87 97 932 492 709 160 338 220 996 616 888 124 166 870 985 988 500 987 671 458 432 720 399 725 826 765 485 646 920 581 803 495 135 44 685 766 330 25 224 369 922 619 103 600 433 567 206 703 407 351 757 648 230 349 490 223 945 532 438 831 933 47 983 512 856 367 760 599 470 993 788 1 695 519 463 618 609 628 110 52 552 539 133 656 9 137 271 308 793 847 114 12 929 704 716 476 529 213 951 106 919 84 542 858 582 376 959 75 36 385 270 304 174 525 391 79 300 880 654 601 771 978 150 997 767 688 589 64 13 318 238 877 329 911 693 226 547 274 333 273 424 34 169 818 825 484 177 991 605 798 5 942 426 272 143 813 994 839 489 474 861 277 617 116 145 2 822 483 799 863 967 520 639 209 632 555 530 680 758 597 451 820 506 934 171 794 77 468 891 827 909 871 848 210 841 89 916 982 462 207 807 971 502 546 921 883 153 659 253 66 363 634 198 120 860 876 382 627 298 180 655 774 633 361 159 667 250 541 573 88 980 907 692 901 467 592 256 569 517 739 85 928 4 182 418 115 297 464 923 864 461 521 394 282 229 353 623 998 629 457 231 975 154 976 917 314 125 786 41 676 435 61 992 882 152 526 499 673 38 775 965 251 964 806 565 436 327 387 701 789 73 968 96 442 94 614 239 248 622 953 420 400 721 71 487 362 762 434 310 384 814 842 287 755 249 167 792 491 645 885 187 101 191 20 264 697 148 469 538 372 637 269 674 872 698 478 98 534 423 165 233 56 377 707 440 763 851 594 663 344 811 139 175 392 743 63 866 524 884 196 823 309 505 486 132 642 237 908 575 204 903 683 427 449 904 147 947 691 577 977 30 745 322 134 669 969 42 781 890 460 138 328 227 930 421 631 999 621 658 3 358 939 179 352 675 580 200 58 772 368 411 962 86 364 386 123 412 216 194 140 313 816 203 955 415 518 92 742 319 784 69 563 414 690 715 606 641 795 99 296 855 636 388 853 355 471 45 578 910 225 650 874 768 812 653 949 501 262 832 956 503 764 810 
738 566 686 936 889 305 868 261 335 21 383 954 11 121 718 172 915 778 935 756 558 389 24 990 356 497 625 410 896 293 149 459 245 809 700 475 22 559 439 122 128 236 679 892 31 260 540 516 995 660 16 862 76 612 488 836 141 665 195 493 522 60 208 722 291 18 914 228 53 746 32 267 819 35 201 105 466 437 824 465 479 626 390 699 805 359 162 881 211 111 54 332 590 91 26 568 232 708 706 183 610 454 292 894 557 306 340 533 234 119 33 170 185 924 724 875 652 734 323 514 157 396 543 281 817 952 259 638 158 498 613 753 246 749 186 906 419 405 49 970 940 769 93 190 199 740 797 714 528 357 23 779 178 900 188 408 472 583 748 897 963 950 379 401 452 738 301 553 108 664 130 747 151 556 55 235 944 444 571 482 14 926 39 1000 430 867 422 535 6 425 265 112 504 373 620 409 336 450 404 837 902 893 46 348 163 961 828 146 733 181 279 937 100 263 957 173 737 785 989 821 899 142 651 736 481 938 790 494 403 564 585 689 283 402 176 684 218 126 726 326 735 72 398 931 219 445 311 576 687 192 705 570 927 787 829 375 168 561 608 244 28 943 537 197 280 268 593 57 289 27 136 624 346 744 591 380 324 118 972 184 509 242 316 584 838 416 295 531 354 95 480 37 15 51 948 456 615 8 303 974 315 630 62 782 986 973 835 129 754 873 682 843 844 428 117 278 643 586 984 878 350 164 155 83 240 286 750 560 678 19 852 370 905 65 544 448 285 473 729 796 59 507 43 496 751 513 109 712 156 672 777 960 87 97 932 492 709 160 338 220 996 616 888 124 166 870 985 988 500 987 671 458 432 720 399 725 826 765 485 646 920 581 803 495 135 44 685 766 330 25 224 369 922 619 103 600 433 567 206 703 407 351 757 648 230 349 490 223 945 532 438 831 933 47 983 512 856 367 760 599 470 993 788 1 695 519 463 618 609 628 110 52 552 539 133 656 9 137 271 308 793 847 114 12 929 704 716 476 529 213 951 106 919 84 542 858 582 376 959 75 36 385 270 304 174 525 391 79 300 880 654 601 771 978 150 997 767 688 589 64 13 318 238 877 329 911 693 226 547 274 333 273 424 34 169 818 825 484 177 991 605 798 5 942 426 272 143 813 994 839 489 474 861 277 617 116 145 2 822 483 799 863 967 520 639 209 632 555 530 680 758 597 451 820 506 934 171 794 77 468 891 827 909 871 848 210 841 89 916 982 462 207 807 971 502 546 921 883 153 659 253 66 363 634 198 120 860 876 382 627 298 180 655 774 633 361 159 667 250 541 573 88 980 907 692 901 467 592 256 569 517 739 85 928 4 182 418 115 297 464 923 864 461 521 394 282 229 353 623 998 629 457 231 975 154 976 917 314 125 786 41 676 435 61 992 882 152 526 499 673 38 775 965 251 964 806 565 436 327 387 701 789 73 968 96 442 94 614 239 248 622 953 420 400 721 71 487 362 762 434 310 384 814 842 287 755 249 167 792 491 645 885 187 101 191 20 264 697 148 469 538 372 637 269 674 872 698 478 98 534 423 165 233 56 377 707 440 763 851 594 663 344 811 139 175 392 743 63 866 524 884 196 823 309 505 486 132 642 237 908 575 204 903 683 427 449 904 147 947 691 577 977 30 745 322 134 669 969 42 
656 149 459 245 809 700 475 22 559 439 122 128 236 679 892 31 260 540 516 995 660 16 862 76 612 488 836 141 665 195 493 522 60 208 722 291 18 914 228 53 746 32 267 819 35 201 105 466 437 824 465 479 626 390 699 805 359 162 881 211 111 54 332 590 91 26 568 232 708 706 183 610 454 292 894 557 306 340 533 234 119 33 170 185 924 724 875 652 734 323 514 157 396 543 281 817 952 259 638 158 498 613 753 246 749 186 906 419 405 49 970 940 769 93 190 199 740 797 714 528 357 23 779 178 900 188 408 472 583 748 897 963 950 379 401 452 738 301 553 108 664 130 747 151 556 55 235 944 444 571 482 14 926 39 1000 430 867 422 535 6 425 265 112 504 373 620 409 336 450 404 837 902 893 46 348 163 961 828 146 733 181 279 937 100 263 957 173 737 785 989 821 899 142 651 736 481 938 790 494 403 564 585 689 283 402 176 684 218 126 726 326 735 72 398 931 219 445 311 576 687 192 705 570 927 787 829 375 168 561 608 244 28 943 537 197 280 268 593 57 289 27 136 624 346 744 591 380 324 118 972 184 509 242 316 584 838 416 295 531 354 95 480 37 15 51 948 456 615 8 303 974 315 630 62 782 986 973 835 129 754 873 682 843 844 428 117 278 643 586 984 878 350 164 155 83 240 286 750 560 678 19 852 370 905 65 544 448 285 473 729 796 59 507 43 496 751 513 109 712 156 672 777 960 87 97 932 492 709 160 338 220 996 616 888 124 166 870 985 988 500 987 671 458 432 720 399 725 826 765 485 646 920 581 803 495 135 44 685 766 330 25 224 369 922 619 103 600 433 567 206 703 407 351 757 648 230 349 490 223 945 532 438 831 933 47 983 512 856 367 760 599 470 993 788 1 695 519 463 618 609 628 110 52 552 539 133 656 9 137 271 308 793 847 114 12 929 704 716 476 529 213 951 106 919 84 542 858 582 376 959 75 36 385 270 304 174 525 391 79 300 880 654 601 771 978 150 997 767 688 589 64 13 318 238 877 329 911 693 226 547 274 333 273 424 34 169 818 825 484 177 991 605 798 5 942 426 272 143 813 994 839 489 474 861 277 617 116 145 2 822 483 799 863 967 520 639 209 632 555 530 680 758 597 451 820 506 934 171 794 77 468 891 827 909 871 848 210 841 89 916 982 462 207 807 971 502 546 921 883 153 659 253 66 363 634 198 120 860 876 382 627 298 180 655 774 633 361 159 667 250 541 573 88 980 907 692 901 467 592 256 569 517 739 85 928 4 182 418 115 297 464 923 864 461 521 394 282 229 353 623 998 629 457 231 975 154 976 917 314 125 786 41 676 435 61 992 882 152 526 499 673 38 775 965 251 964 806 565 436 327 387 701 789 73 968 96 442 94 614 239 248 622 953 420 400 721 71 487 362 762 434 310 384 814 842 287 755 249 167 792 491 645 885 187 101 191 20 264 697 148 469 538 372 637 269 674 872 
190 304 174 525 391 79 300 880 654 601 771 978 150 997 767 688 589 64 13 318 238 877 329 911 693 226 547 274 333 273 424 34 169 818 825 484 177 991 605 798 5 942 426 272 143 813 994 839 489 474 861 277 617 116 145 2 822 483 799 863 967 520 639 209 632 555 530 680 758 597 451 820 506 934 171 794 77 468 891 827 909 871 848 210 841 89 916 982 462 207 807 971 502 546 921 883 153 659 253 66 363 634 198 120 860 876 382 627 298 180 655 774 633 361 159 667 250 541 573 88 980 907 692 901 467 592 256 569 517 739 85 928 4 182 418 115 297 464 923 864 461 521 394 282 229 353 623 998 629 457 231 975 154 976 917 314 125 786 41 676 435 61 992 882 152 526 499 673 38 775 965 251 964 806 565 436 327 387 701 789 73 968 96 442 94 614 239 248 622 953 420 
332 243 413 48 241 284 728 510 222 431 681 536 393 694 869 587 713 647 275 833 257 657 17 325 598 527 161 925 80 294 266 918 566 686 936 889 305 868 261 335 21 383 954 11 121 718 172 915 778 935 756 558 389 24 990 356 497 625 410 896 293 149 459 245 809 700 475 22 559 439 122 128 236 679 892 31 260 540 516 995 660 16 862 76 612 488 836 141 665 195 493 522 60 208 722 291 18 914 228 53 746 32 267 819 35 201 105 466 437 824 465 479 626 390 699 805 359 162 881 211 111 54 332 590 91 26 568 232 708 706 183 610 454 292 894 557 306 340 533 234 119 33 170 185 924 724 875 652 734 323 514 157 396 543 281 817 952 259 638 158 498 613 753 246 749 186 906 419 405 49 970 940 769 93 190 199 740 797 714 528 357 23 779 178 900 188 408 472 583 748 897 963 950 379 401 452 738 301 553 108 664 130 747 151 556 55 235 944 444 571 482 14 926 39 1000 430 867 422 535 6 425 265 112 504 373 620 409 336 450 404 837 902 893 46 348 163 961 828 146 733 181 279 937 100 263 957 173 737 785 989 821 899 142 651 736 481 938 790 494 403 564 585 689 283 402 176 684 218 126 726 326 735 72 398 931 219 445 311 576 687 192 705 570 927 787 829 375 168 561 608 244 28 943 537 197 280 268 593 57 289 27 136 624 346 744 591 380 324 118 972 184 509 242 316 584 838 416 295 531 354 95 480 37 15 51 948 456 615 8 303 974 315 630 
143 231 975 154 976 917 314 125 786 41 676 435 61 992 882 152 526 499 673 38 775 965 251 964 806 565 436 327 387 701 789 73 968 96 442 94 614 239 248 622 953 420 400 721 71 487 362 762 434 310 384 814 842 287 755 249 167 792 491 645 885 187 101 191 20 264 697 148 469 538 372 637 269 674 872 698 478 98 534 423 165 233 56 377 707 440 763 851 594 663 344 811 139 175 392 743 63 866 524 884 196 823 309 505 486 132 642 237 908 575 204 903 683 427 449 904 147 947 691 577 977 30 745 322 134 669 969 42 781 890 460 138 328 227 930 421 631 999 621 658 3 358 939 179 
476 598 527 161 925 80 294 266 918 566 686 936 889 305 868 261 335 21 383 954 11 121 718 172 915 778 935 756 558 389 24 990 356 497 625 410 896 293 149 459 245 809 700 475 22 559 439 122 128 236 679 892 31 260 540 516 995 660 16 862 76 612 488 836 141 665 195 493 522 60 208 722 291 18 914 228 53 746 32 267 819 35 201 105 466 437 824 465 479 626 390 699 805 359 162 881 211 111 54 332 590 91 26 568 232 708 706 183 610 454 292 894 557 306 340 533 234 119 33 170 185 924 724 875 652 734 323 514 157 396 543 281 817 952 259 638 158 498 613 753 246 749 186 906 419 405 49 970 940 769 93 190 199 740 797 714 528 357 23 779 178 900 188 408 472 583 748 897 963 950 379 401 452 738 301 553 108 664 130 747 151 556 55 235 944 444 571 482 14 926 39 1000 430 867 422 535 6 425 265 112 504 373 620 409 336 450 404 837 902 893 46 348 163 961 828 146 733 181 279 937 100 263 957 173 737 785 989 821 899 142 651 736 481 938 790 494 403 564 585 689 283 402 176 684 218 126 726 326 735 72 398 931 219 445 311 576 687 192 705 570 927 787 829 375 168 561 608 244 28 943 537 197 280 268 593 57 289 27 136 624 346 744 591 380 324 118 972 184 509 242 316 584 838 416 295 531 354 95 480 37 15 51 948 456 615 8 303 974 315 630 62 782 986 973 835 129 754 873 682 843 844 428 117 278 643 586 984 878 350 164 155 83 240 286 750 560 678 19 852 370 905 65 544 448 285 473 729 796 59 507 43 496 751 513 109 712 156 672 777 960 87 97 932 492 709 160 338 220 996 616 888 124 166 870 985 988 500 987 671 458 432 720 399 725 826 765 485 646 920 581 803 495 135 44 685 766 330 25 224 369 922 619 103 600 433 567 206 703 407 351 757 648 230 349 490 223 945 532 438 831 933 47 983 512 856 367 760 599 470 993 788 1 695 519 463 618 609 628 110 52 552 539 133 656 9 137 271 308 793 847 114 12 929 704 716 476 529 213 951 106 919 84 542 858 582 376 959 75 36 385 270 304 174 525 391 79 300 
350 267 819 35 201 105 466 437 824 465 479 626 390 699 805 359 162 881 211 111 54 332 590 91 26 568 232 708 706 183 610 454 292 894 557 306 340 533 234 119 33 170 185 924 724 875 652 734 323 514 157 396 543 281 817 952 259 638 158 498 613 753 246 749 186 906 419 405 49 970 940 769 93 190 199 740 797 714 528 357 23 779 178 900 188 408 472 583 748 897 963 950 379 401 452 738 301 553 108 664 130 747 151 556 55 235 944 444 571 482 14 926 39 1000 430 867 422 535 6 425 265 112 504 373 620 409 336 450 404 837 902 893 46 348 163 961 828 146 733 181 279 937 100 263 957 173 737 785 989 821 899 142 651 736 481 938 790 494 403 564 585 689 283 402 176 684 218 126 726 326 735 72 398 931 219 445 311 576 687 192 705 570 927 787 829 375 168 561 608 244 28 943 537 197 280 268 593 57 289 27 136 624 346 744 591 380 324 118 972 184 509 242 316 584 838 416 295 531 354 95 480 37 15 51 948 456 615 8 303 974 315 630 62 782 986 973 835 129 754 873 682 843 844 428 117 278 643 586 984 878 350 164 155 83 240 286 750 560 678 19 852 370 905 65 544 448 285 473 729 796 59 507 43 496 751 513 109 712 156 672 777 960 87 97 932 492 709 160 338 220 996 616 888 124 166 870 985 988 500 987 671 458 432 720 399 725 826 765 485 646 920 581 803 495 135 44 685 766 330 25 224 369 922 619 103 600 433 567 206 703 407 351 757 648 230 349 490 223 945 532 438 831 933 47 983 512 856 367 760 599 470 
45 506 934 171 794 77 468 891 827 909 871 848 210 841 89 916 982 462 207 807 971 502 546 921 883 153 659 253 66 363 634 198 120 860 876 382 627 298 180 655 774 633 361 159 667 250 
872 559 439 122 128 236 679 892 31 260 540 516 995 660 16 862 76 612 488 836 141 665 195 493 522 60 208 722 291 18 914 228 53 746 32 267 819 35 201 105 466 437 824 465 479 626 390 699 805 359 162 881 211 111 54 332 590 91 26 568 232 708 706 183 610 454 292 894 557 306 340 533 234 119 33 170 185 924 724 875 652 734 323 514 157 396 543 281 817 952 259 638 158 498 613 753 246 749 186 906 419 405 49 970 940 769 93 190 199 740 797 714 528 357 23 779 178 900 188 408 472 583 748 897 963 950 379 401 452 738 301 553 108 664 130 747 151 556 55 235 944 444 571 482 14 926 39 1000 430 867 422 535 6 425 265 112 504 373 620 409 336 450 404 837 902 893 46 348 163 961 828 146 733 181 279 937 100 263 957 173 737 785 989 821 899 142 651 736 481 938 790 494 403 564 585 689 283 402 176 684 218 126 726 326 735 72 398 931 219 445 311 576 687 192 705 570 927 787 829 375 168 561 608 244 28 943 537 197 280 268 593 57 289 27 136 624 346 744 591 380 324 118 972 184 509 242 316 584 838 416 295 531 354 95 480 37 15 51 948 456 615 8 303 974 315 630 62 782 986 973 835 129 754 873 682 843 844 428 117 278 643 586 984 878 350 164 155 83 240 286 750 560 678 19 852 370 905 65 544 448 285 473 729 796 59 507 43 496 751 513 109 712 156 672 777 960 87 97 932 492 709 160 338 220 996 616 888 124 166 870 985 988 500 987 671 458 432 720 399 725 826 765 485 646 920 581 803 495 135 44 685 766 330 25 224 369 922 619 103 600 433 567 206 703 407 351 757 648 230 349 490 223 945 532 438 831 933 47 983 512 856 367 760 599 470 993 788 1 695 519 463 618 609 628 110 52 552 539 133 656 9 137 271 308 793 847 114 12 929 704 716 476 529 213 951 106 919 84 542 858 582 376 959 75 36 385 270 304 174 525 391 79 300 880 654 601 771 978 150 997 767 688 589 64 13 318 238 877 329 911 693 226 547 274 333 273 424 34 169 818 825 484 177 991 605 798 5 942 426 272 143 813 994 839 489 474 861 277 617 116 145 2 822 483 799 863 967 520 639 209 632 555 530 680 758 597 451 820 506 934 171 794 77 468 891 827 909 871 848 210 841 89 916 982 462 207 807 971 502 546 921 883 153 659 253 66 363 634 198 120 860 876 382 627 298 180 655 774 633 361 159 667 250 541 573 88 980 907 692 901 467 592 256 569 517 739 85 928 4 182 418 115 297 464 923 864 461 521 394 282 229 353 623 998 629 457 231 975 154 976 917 314 125 786 41 676 435 61 992 882 152 526 499 673 38 775 965 251 964 806 565 436 327 387 701 789 73 968 96 442 94 614 239 248 622 953 420 400 721 71 487 362 762 434 310 384 814 842 287 755 249 167 792 491 645 885 187 101 191 20 264 697 148 469 538 372 637 269 674 872 698 478 98 534 423 165 233 56 377 707 440 763 851 594 663 344 811 139 175 392 743 63 866 524 884 196 823 309 505 486 132 642 237 908 575 204 903 683 427 449 904 147 947 691 577 977 30 745 322 134 669 969 42 781 890 460 138 328 227 930 421 631 999 621 658 3 358 939 179 352 675 580 200 58 772 368 411 962 86 364 386 123 412 216 194 140 313 816 203 955 415 518 92 742 319 784 69 563 414 690 715 606 641 795 99 296 855 636 388 853 355 471 45 578 910 225 650 874 768 812 653 949 501 262 832 956 503 764 810 859 365 515 966 854 846 773 247 554 341 702 635 730 81 912 317 67 441 711 801 865 611 710 144 74 562 113 378 752 104 321 849 307 666 453 723 815 217 780 551 343 337 446 596 374 548 397 604 670 50 574 511 102 946 417 40 662 886 78 360 255 107 447 808 339 276 759 981 649 979 302 732 202 941 783 429 347 68 299 10 717 127 850 345 258 254 668 70 727 603 331 523 895 800 
655 950 379 401 452 738 301 553 108 664 130 747 151 556 55 235 944 444 571 482 14 926 39 1000 430 867 422 535 6 425 265 112 504 373 620 409 336 450 404 837 902 893 46 348 163 961 828 146 733 181 279 937 100 263 957 173 737 785 989 821 899 142 651 736 481 938 790 494 403 564 585 689 283 402 176 684 218 126 726 326 735 72 398 931 219 445 311 576 687 192 705 570 927 787 829 375 168 561 608 244 28 943 537 197 280 268 593 57 289 27 136 624 346 744 591 380 324 118 972 184 509 242 316 584 838 416 295 531 354 95 480 37 15 51 948 456 615 8 303 974 315 630 62 782 986 973 835 129 754 873 682 843 844 428 117 278 643 586 984 878 350 164 155 83 240 286 750 560 678 19 852 370 905 65 544 448 285 473 729 796 59 507 43 496 751 513 109 712 156 672 777 960 87 97 932 492 709 160 338 220 996 616 888 124 166 870 985 988 500 987 671 458 432 720 399 725 826 765 485 646 920 581 803 495 135 44 685 766 330 25 224 369 922 619 103 600 433 567 206 703 407 351 757 648 230 349 490 223 945 532 438 831 933 47 983 512 856 367 760 599 470 993 788 1 695 519 463 618 609 628 110 52 552 539 133 656 9 137 271 308 793 847 114 12 929 704 716 476 529 213 951 106 919 84 542 858 582 376 959 75 36 385 270 304 174 525 391 79 300 880 654 601 771 978 150 997 767 688 589 64 13 318 238 877 329 911 693 226 547 274 333 273 424 34 169 818 825 484 177 991 605 798 5 942 426 272 143 813 994 839 489 474 861 277 617 116 145 2 822 483 799 863 967 520 639 209 632 555 530 680 758 597 451 820 506 934 171 794 77 468 891 827 909 871 848 210 841 89 916 982 462 207 807 971 502 546 921 883 153 659 253 66 363 634 198 120 860 876 382 627 298 180 655 774 633 361 159 667 250 541 573 88 980 907 692 901 467 592 256 569 517 739 85 928 4 182 418 115 297 464 923 864 461 521 394 282 229 353 623 998 629 457 231 975 154 976 917 314 125 786 41 676 435 61 992 882 152 526 499 673 38 775 965 251 964 806 565 436 327 387 701 789 73 968 96 442 94 614 239 248 622 953 420 400 721 71 487 362 762 434 310 384 814 842 287 755 249 167 792 491 645 885 187 101 191 20 264 697 148 469 538 372 637 269 674 872 698 478 98 534 423 165 233 56 377 707 440 763 851 594 663 344 811 139 175 392 743 63 866 524 884 196 823 309 505 486 132 642 237 908 575 204 903 683 427 449 904 147 947 691 577 977 30 745 322 134 669 969 42 781 890 460 138 328 227 930 421 631 999 621 658 3 358 939 179 352 675 580 200 58 772 368 411 962 86 364 386 123 412 216 194 140 313 816 203 955 415 518 92 742 319 784 69 563 414 690 715 606 641 795 99 296 855 636 388 853 355 471 45 578 910 225 650 874 768 812 653 949 501 262 832 956 503 764 810 859 
932 215 381 761 477 887 508 770 252 644 189 90 549 719 395 406 696 579 661 193 7 455 366 320 845 958 834 443 371 840 804 221 342 290 212 802 791 607 741 572 82 602 677 640 731 595 776 550 857 312 545 131 898 29 243 413 48 241 284 728 510 222 431 681 536 393 694 869 587 713 647 275 833 257 657 17 325 598 527 161 925 80 294 266 918 566 686 936 889 305 868 261 335 21 383 954 11 121 718 172 915 778 935 756 558 389 24 990 356 497 625 410 896 293 149 459 245 809 700 475 22 559 439 122 128 236 679 892 31 260 540 516 995 660 16 862 76 612 488 836 141 665 195 493 522 60 208 722 291 18 914 228 53 746 32 267 819 35 201 105 466 437 824 465 479 626 390 699 805 359 162 881 211 111 54 332 590 91 26 568 232 708 706 183 610 454 292 894 557 306 340 533 234 119 33 170 185 924 724 875 652 734 323 514 157 396 543 281 817 952 259 638 158 498 613 753 246 749 186 906 419 405 49 970 940 769 93 190 199 740 797 714 528 357 23 779 178 900 188 408 472 583 748 897 963 950 379 401 452 738 301 553 108 664 130 747 151 556 55 235 944 444 571 482 14 926 39 1000 430 867 422 535 6 425 265 112 504 373 620 409 336 450 404 837 902 893 46 348 163 961 828 146 733 181 279 937 100 263 957 173 737 785 989 821 899 142 651 736 481 938 790 494 403 564 585 689 283 402 176 684 218 126 726 326 735 72 398 931 219 445 311 576 687 192 705 570 927 787 829 375 168 561 608 244 28 943 537 197 280 268 593 57 289 27 136 624 346 744 591 380 324 118 972 184 509 242 316 584 838 416 295 531 354 95 480 37 15 51 948 456 615 8 303 974 315 630 62 782 986 973 835 129 754 873 682 843 844 428 117 278 643 586 984 878 350 164 155 83 240 286 750 560 678 19 852 370 905 65 544 448 285 473 729 796 59 507 43 496 751 513 109 712 156 672 777 960 87 97 932 492 709 160 338 220 996 616 888 124 166 870 985 988 500 987 671 458 432 720 399 725 826 765 485 646 920 581 803 495 135 44 685 766 330 25 224 369 922 619 103 600 433 567 206 703 407 351 757 648 230 349 490 223 945 532 438 831 933 47 983 512 856 367 760 599 470 993 788 1 695 519 463 618 609 628 110 52 552 539 133 656 9 137 271 308 793 847 114 12 929 704 716 476 529 213 951 106 919 84 542 858 582 376 959 75 36 385 270 304 174 525 391 79 300 880 654 601 771 978 150 997 767 688 589 64 13 318 238 877 329 911 693 226 547 274 333 273 424 34 169 818 825 484 177 991 605 798 5 942 426 272 143 813 994 839 489 474 861 277 617 116 145 2 822 483 799 863 967 520 639 209 632 555 530 680 758 597 451 820 506 934 171 794 77 468 891 827 909 871 848 210 841 89 916 982 462 207 807 971 502 546 921 883 153 659 253 66 363 634 198 120 860 876 382 627 298 180 655 774 633 361 159 667 250 541 573 88 980 907 692 901 467 592 256 569 517 739 85 928 4 182 418 115 297 464 923 864 461 521 394 282 229 353 623 998 629 457 231 975 154 976 917 314 125 786 41 676 435 61 992 882 152 526 499 673 38 775 965 251 964 806 565 436 327 387 701 789 73 968 96 442 94 614 239 248 622 953 420 400 721 71 487 362 762 434 310 384 814 842 287 755 249 167 792 491 645 885 187 101 191 20 264 697 148 469 538 372 637 269 674 872 698 478 98 534 423 165 233 56 377 707 440 763 851 594 663 344 811 139 175 392 743 63 866 524 884 196 823 309 505 486 132 642 237 908 575 204 903 683 427 449 904 147 947 691 577 977 30 745 322 134 669 969 42 781 890 460 138 328 227 930 421 631 999 621 658 3 358 939 179 352 675 580 200 58 772 368 411 962 86 364 386 123 412 216 194 140 313 816 203 955 415 518 92 742 319 784 69 563 414 690 715 606 641 795 99 296 855 636 388 853 355 471 45 578 910 225 650 874 768 812 653 949 501 262 832 956 503 764 810 859 365 515 966 854 846 773 247 554 341 702 635 730 81 912 317 67 441 711 801 865 611 710 144 74 562 113 378 752 104 321 849 307 666 
101 135 44 685 766 330 25 224 369 922 619 103 600 433 567 206 703 407 351 757 648 230 349 490 223 945 532 438 831 933 47 983 512 856 367 760 599 470 993 788 1 695 519 463 618 609 628 110 52 552 539 133 656 9 137 271 308 793 847 114 12 929 704 716 476 529 213 951 106 919 84 542 858 582 376 959 75 36 385 270 304 174 525 391 79 300 880 654 601 771 978 150 997 767 688 589 64 13 318 238 877 329 
226 459 245 809 700 475 22 559 439 122 128 236 679 892 31 260 540 516 995 660 16 862 76 612 488 836 141 665 195 493 522 60 208 722 291 18 914 228 53 746 32 267 819 35 201 105 466 437 824 465 479 626 390 699 805 359 162 881 211 111 54 332 590 91 26 568 232 708 706 183 610 454 292 894 557 306 340 533 234 119 33 170 185 924 724 875 652 734 323 514 157 396 543 281 817 952 259 638 158 498 613 753 246 749 186 906 419 405 49 970 940 769 93 190 199 740 797 714 528 357 23 779 178 900 188 408 472 583 748 897 963 950 379 401 452 738 301 553 108 664 130 747 151 556 55 235 944 444 571 482 14 926 39 1000 430 867 422 535 6 425 265 112 504 373 620 409 336 450 404 837 902 893 46 348 163 961 828 146 733 181 279 937 100 263 957 173 737 785 989 821 899 142 651 736 481 938 790 494 403 564 585 689 283 402 176 684 218 126 726 326 735 72 398 931 219 445 311 576 687 192 705 570 927 787 829 375 168 
121 599 470 993 788 1 695 519 463 618 609 628 110 52 552 539 133 656 9 137 271 308 793 847 114 12 929 704 716 476 529 213 951 106 919 84 542 858 582 376 959 75 36 385 270 304 174 525 391 79 300 880 654 601 771 978 150 997 767 688 589 64 13 318 238 877 329 911 693 226 547 274 333 273 424 34 169 818 825 484 177 991 605 798 5 942 426 272 143 813 994 839 489 474 861 277 617 116 145 2 822 483 799 863 967 520 639 209 632 555 530 680 758 597 451 820 506 934 171 794 77 468 
127 521 394 282 229 353 623 998 629 457 231 975 154 976 917 314 125 786 41 676 435 61 992 882 152 526 499 673 38 775 965 251 964 806 565 436 327 387 701 789 73 968 96 442 94 614 239 248 622 953 420 400 721 71 487 362 762 434 310 384 814 842 287 755 249 167 792 491 645 885 187 101 191 20 264 697 148 469 538 372 637 269 674 872 698 478 98 534 423 165 233 56 377 707 440 763 851 594 663 344 811 139 175 392 743 63 866 524 884 196 823 309 505 486 132 642 237 908 575 204 903 683 427 449 904 147 947 691 
367 359 162 881 211 111 54 332 590 91 26 568 232 708 706 183 610 454 292 894 557 306 340 533 234 119 33 170 185 924 724 875 652 734 323 514 157 396 543 281 817 952 259 638 158 498 613 753 246 749 186 906 419 405 49 970 940 769 93 190 199 740 797 714 528 357 23 779 178 900 188 408 472 583 748 897 963 950 379 401 452 738 301 553 108 664 130 747 151 556 55 235 944 444 571 482 14 926 39 1000 430 867 422 535 6 425 265 112 504 373 620 409 336 450 404 837 902 893 46 348 163 961 828 146 733 181 279 937 100 263 957 173 737 785 989 821 899 142 651 736 481 938 790 494 403 564 585 689 283 402 176 684 218 126 726 326 735 72 398 931 219 445 311 576 687 192 705 570 927 787 829 375 168 561 608 244 28 943 537 197 280 268 593 57 289 27 136 624 346 744 591 380 324 118 972 184 509 242 316 584 838 416 295 531 354 95 480 37 15 51 948 456 615 8 303 974 315 630 62 782 986 973 835 129 754 873 682 843 844 428 117 278 643 586 984 878 350 164 155 83 240 286 750 560 678 19 852 370 905 65 544 448 285 473 729 796 59 507 43 496 751 513 109 712 156 672 777 960 87 97 932 492 709 160 338 220 996 616 888 124 166 870 985 988 500 987 671 458 432 720 399 725 826 765 485 646 920 581 803 495 135 44 685 766 330 25 224 369 922 619 103 600 433 567 206 703 407 351 757 648 230 349 490 223 945 532 438 831 933 47 983 512 856 367 760 599 470 993 788 1 695 519 463 618 609 628 110 52 552 539 133 656 9 137 271 308 793 847 114 12 929 704 716 476 529 213 951 106 
518 430 867 422 535 6 425 265 112 504 373 620 409 336 450 404 837 902 893 46 348 163 961 828 146 733 181 279 937 100 263 957 173 737 785 989 821 899 142 651 736 481 938 790 494 403 564 585 689 283 402 176 684 218 126 726 326 735 72 398 931 219 445 311 576 687 192 705 570 927 787 829 375 168 561 608 244 28 943 537 197 280 268 593 57 289 27 136 624 346 744 591 380 324 118 972 184 509 242 316 584 838 416 295 531 354 95 480 37 15 51 948 456 615 8 303 974 315 630 62 782 986 973 835 129 754 873 682 843 844 428 117 278 643 586 984 878 350 164 155 83 240 286 750 560 678 19 852 370 905 65 544 448 285 473 729 796 59 507 43 496 751 513 109 712 156 672 777 960 87 97 932 492 709 160 338 220 996 616 888 124 166 870 985 988 500 987 671 458 432 720 399 725 826 765 485 646 920 581 803 495 135 44 685 766 330 25 224 369 922 619 103 600 433 567 206 703 407 351 757 648 230 349 490 223 945 532 438 831 933 47 983 512 856 367 760 599 470 993 788 1 695 519 463 618 609 628 110 52 552 539 133 656 9 137 271 308 793 847 114 12 929 704 716 476 529 213 951 106 919 84 542 858 582 376 959 75 36 385 270 304 174 525 391 79 300 880 654 601 771 978 150 997 767 688 589 64 13 318 238 877 329 911 693 226 547 274 333 273 424 34 169 818 825 484 177 991 605 798 5 942 426 272 143 813 994 839 489 474 861 277 617 116 145 2 822 483 799 863 967 520 639 209 632 555 530 680 758 597 451 820 506 934 171 794 77 468 891 827 909 871 848 210 841 89 916 982 462 207 807 971 502 546 921 883 153 659 253 66 363 634 198 120 860 876 382 627 298 180 655 774 633 361 159 667 250 541 573 88 980 907 692 901 467 592 256 569 517 739 85 928 4 182 418 115 297 464 923 864 461 521 394 282 229 353 623 998 629 457 231 975 154 976 917 314 125 786 41 676 435 61 992 882 152 526 499 673 38 775 965 251 964 806 565 436 327 387 701 789 73 968 96 442 94 614 239 248 622 953 420 400 721 71 487 362 762 434 310 384 814 842 287 755 249 167 792 491 645 885 187 101 191 20 264 697 148 469 538 372 637 269 674 872 698 478 98 534 423 165 233 56 377 707 440 763 851 594 663 344 
104 82 602 677 640 731 595 776 550 857 312 545 131 898 29 243 413 48 241 284 728 510 222 431 681 536 393 694 869 587 713 647 275 833 257 657 17 325 598 527 161 925 80 294 266 918 566 686 936 889 305 868 261 335 21 383 954 11 121 718 172 915 778 935 756 558 389 24 990 356 497 625 410 896 293 149 459 245 809 700 475 22 559 439 122 128 236 679 892 31 260 540 516 995 660 16 862 76 612 488 836 141 665 195 493 
233 928 4 182 418 115 297 464 923 864 461 521 394 282 229 353 623 998 629 457 231 975 154 976 917 314 125 786 41 676 435 61 992 882 152 526 499 673 38 775 965 251 964 806 565 436 327 387 701 789 73 968 96 442 94 614 239 248 622 953 420 400 721 71 487 362 762 434 310 384 814 842 287 755 249 167 792 491 645 885 187 101 191 20 264 697 148 469 538 372 637 269 674 872 698 478 98 534 423 165 233 56 377 707 440 763 851 594 663 344 811 139 175 392 743 63 866 524 884 196 823 309 505 486 132 642 237 908 575 204 903 683 427 449 904 147 947 691 577 977 30 745 322 134 669 969 42 781 890 460 138 328 227 930 421 631 999 621 658 3 358 939 179 352 675 580 200 58 772 368 411 962 86 364 386 123 412 216 194 140 313 816 203 955 415 518 92 742 319 784 69 563 414 690 715 606 641 795 99 296 855 636 388 853 355 471 45 578 910 225 650 874 768 812 653 949 501 262 832 956 503 764 810 859 365 515 966 854 846 773 247 554 341 702 
50 930 421 631 999 621 658 3 358 939 179 352 675 580 200 58 772 368 411 962 86 364 386 123 412 216 194 140 313 816 203 955 415 518 92 742 319 784 69 563 414 690 715 606 641 795 99 296 855 636 388 
720 185 924 724 875 652 734 323 514 157 396 543 281 817 952 259 638 158 498 613 753 246 749 186 906 419 405 49 970 940 769 93 190 199 740 797 714 528 357 23 779 178 900 188 408 472 583 748 897 963 950 379 401 452 738 301 553 108 664 130 747 151 556 55 235 944 444 571 482 14 926 39 1000 430 867 422 535 6 425 265 112 504 373 620 409 336 450 404 837 902 893 46 348 163 961 828 146 733 181 279 937 100 263 957 173 737 785 989 821 899 142 651 736 481 938 790 494 403 564 585 689 283 402 176 684 218 126 726 326 735 72 398 931 219 445 311 576 687 192 705 570 927 787 829 375 168 561 608 244 28 943 537 197 280 268 593 57 289 27 136 624 346 744 591 380 324 118 972 184 509 242 316 584 838 416 295 531 354 95 480 37 15 51 948 456 615 8 303 974 315 630 62 782 986 973 835 129 754 873 682 843 844 428 117 278 643 586 984 878 350 164 155 83 240 286 750 560 678 19 852 370 905 65 544 448 285 473 729 796 59 507 43 496 751 513 109 712 156 672 777 960 87 97 932 492 709 160 338 220 996 616 888 124 166 870 985 988 500 987 671 458 432 720 399 725 826 765 485 646 920 581 803 495 135 44 685 766 330 25 224 369 922 619 103 600 433 567 206 703 407 351 757 648 230 349 490 223 945 532 438 831 933 47 983 512 856 367 760 599 470 993 788 1 695 519 463 618 609 628 110 52 552 539 133 656 9 137 271 308 793 847 114 12 929 704 716 476 529 213 951 106 919 84 542 858 582 376 959 75 36 385 270 304 174 525 391 79 300 880 654 601 771 978 150 997 767 688 589 64 13 318 238 877 329 911 693 226 547 274 333 273 424 34 169 818 825 484 177 991 605 798 5 942 426 272 143 813 994 839 489 474 861 277 617 116 145 2 822 483 799 863 967 520 639 209 632 555 530 680 758 597 451 820 506 934 171 794 77 468 891 827 909 871 848 210 841 89 916 982 462 207 807 971 502 546 921 883 153 659 253 66 363 634 198 120 860 876 382 627 298 180 655 774 633 361 159 667 250 541 573 88 980 907 692 901 467 592 256 569 517 739 85 928 4 182 418 115 297 464 923 864 461 521 394 282 229 353 623 998 629 457 231 975 154 976 917 314 125 786 41 676 435 61 992 882 152 526 499 673 38 775 965 251 964 806 565 436 327 387 701 789 73 968 96 442 94 614 239 248 622 953 420 400 721 71 487 362 762 434 310 384 814 842 287 755 249 167 792 491 645 885 187 101 191 20 264 697 148 469 538 372 637 269 674 872 698 478 98 534 423 165 233 56 377 707 440 763 851 594 663 344 811 139 175 392 743 63 866 524 884 196 823 309 505 486 132 642 237 908 575 204 903 683 427 449 904 147 947 691 577 977 30 745 322 134 669 969 42 781 890 460 138 328 227 930 421 631 999 621 658 3 358 939 179 352 675 580 200 58 772 368 411 962 86 364 386 123 412 216 194 140 313 816 203 955 415 518 92 742 319 784 69 563 414 690 715 606 641 795 99 296 855 636 388 853 355 471 45 578 910 225 650 874 768 812 653 949 501 262 832 956 503 764 810 859 365 515 966 854 846 773 247 554 341 702 635 730 81 912 317 67 
862 694 869 587 713 647 275 833 257 657 17 325 598 527 161 925 80 294 266 918 566 686 936 889 305 868 261 335 21 383 954 11 121 718 172 915 778 935 756 558 389 24 990 356 497 625 410 896 293 149 459 245 809 700 475 22 559 439 122 128 236 679 892 31 260 540 516 995 660 16 862 76 612 488 836 141 665 195 493 522 60 208 722 291 18 914 228 53 746 32 267 819 35 201 105 466 437 824 465 479 626 390 699 805 359 162 881 211 111 54 332 590 91 26 568 232 708 706 183 610 454 292 894 557 306 340 533 234 119 33 170 185 924 724 875 652 734 323 514 157 396 543 281 817 952 259 638 158 498 613 753 246 749 186 906 419 405 49 970 940 769 93 190 199 740 797 714 528 357 23 779 178 900 188 408 472 583 748 897 963 950 379 401 452 738 301 553 108 664 130 747 151 556 55 235 944 444 571 482 14 926 39 1000 430 867 422 535 6 425 265 112 504 373 620 409 336 450 404 837 902 893 46 348 163 961 828 146 733 181 279 937 100 263 957 173 737 785 989 821 899 142 651 736 481 938 790 494 403 564 585 689 283 402 176 684 218 126 726 326 735 72 398 931 219 445 311 576 687 192 705 570 927 787 829 375 168 561 608 244 28 943 537 197 280 268 593 57 289 27 136 624 346 744 591 380 324 118 972 184 509 242 316 584 838 416 295 531 354 95 480 37 15 51 948 456 615 8 303 974 315 630 62 782 986 973 835 129 754 873 682 843 844 428 117 278 643 586 984 878 350 164 155 83 240 286 750 560 678 19 852 370 905 65 544 448 285 473 729 796 59 507 43 496 751 513 109 712 156 672 777 960 87 97 932 492 709 160 338 220 996 616 888 124 166 870 985 988 500 987 671 458 432 720 399 725 826 765 485 646 920 581 803 495 135 44 685 766 330 25 224 369 922 619 103 600 433 567 206 703 407 351 757 648 230 349 490 223 945 532 438 831 933 47 983 512 856 367 760 599 470 993 788 1 695 519 463 618 609 628 110 52 552 539 133 656 9 137 271 308 793 847 114 12 929 704 716 476 529 213 951 106 919 84 542 858 582 376 959 75 36 385 270 304 174 525 391 79 300 880 654 601 771 978 150 997 767 688 589 64 13 318 238 877 329 911 693 226 547 274 333 273 424 34 169 818 825 484 177 991 605 798 5 942 426 272 143 813 994 839 489 474 861 277 617 116 145 2 822 483 799 863 967 520 639 209 632 555 530 680 758 597 451 820 506 934 171 794 77 468 891 827 909 871 848 210 841 89 916 982 462 207 807 971 502 546 921 883 153 659 253 66 363 634 198 120 860 876 382 627 298 180 655 774 633 361 159 667 250 541 573 88 980 907 692 901 467 592 256 569 517 739 85 928 4 182 418 115 297 464 923 864 461 521 394 282 229 353 623 998 629 457 231 975 154 976 917 314 125 786 41 676 435 61 992 882 152 526 499 673 38 775 965 251 964 806 565 436 327 387 701 789 73 968 96 442 94 614 239 248 622 953 420 400 721 71 487 362 762 434 310 384 814 842 287 755 249 167 792 491 645 885 187 101 191 20 264 697 148 469 538 372 637 269 674 872 698 478 98 534 423 165 233 56 377 707 440 763 851 594 663 344 811 139 175 392 743 63 866 524 884 196 823 309 505 486 132 642 237 908 575 204 903 683 427 449 904 147 947 691 577 977 30 745 322 134 669 969 42 781 890 460 138 328 227 930 421 631 999 621 658 3 358 939 179 352 675 580 200 58 772 368 411 962 86 364 386 123 412 216 194 140 313 816 203 955 415 518 92 742 319 784 69 563 414 690 715 606 641 795 99 296 855 636 388 853 355 471 45 578 910 225 650 874 768 812 653 949 501 262 832 956 503 764 810 859 365 515 966 854 846 773 247 554 341 702 635 730 81 912 317 67 441 711 801 865 611 710 144 74 562 113 378 752 
584 311 576 687 192 705 570 927 787 829 375 168 561 608 244 28 943 537 197 280 268 593 57 289 27 136 624 346 744 591 380 324 118 972 184 509 242 316 584 838 416 295 531 354 95 480 37 15 51 948 456 615 8 303 974 315 630 62 782 986 973 835 129 754 873 682 843 844 428 117 278 643 586 984 878 350 164 155 83 240 286 750 560 678 19 852 370 905 65 544 448 285 473 729 796 59 507 43 496 751 513 109 712 156 672 777 960 87 97 932 492 709 160 338 220 996 616 888 124 166 870 985 988 500 987 671 458 432 720 399 725 826 765 485 646 920 581 803 495 135 44 685 766 330 25 224 369 922 619 103 600 433 567 206 703 407 351 757 648 230 349 490 223 945 532 438 831 933 47 983 512 856 367 760 599 470 993 788 1 695 519 463 618 609 628 110 52 552 539 133 656 9 137 271 308 793 847 114 12 929 704 716 476 529 213 951 106 919 84 542 858 582 376 959 75 36 385 270 304 174 525 391 79 300 880 654 601 771 978 150 997 767 688 589 64 13 318 238 877 329 911 693 226 547 274 333 273 424 34 169 818 825 484 177 991 605 798 5 942 426 272 143 813 994 839 489 474 861 277 617 116 145 2 822 483 799 863 967 520 639 209 632 555 530 680 758 597 451 820 506 934 171 794 77 468 891 827 909 871 848 210 841 89 916 982 462 207 807 971 502 546 921 883 153 659 253 66 363 634 198 120 860 876 382 627 298 180 655 774 633 361 159 667 250 541 573 88 980 907 692 901 467 592 256 569 517 739 85 928 4 182 418 115 297 464 923 864 461 521 394 282 229 353 623 998 629 457 231 975 154 976 917 314 125 786 41 676 435 61 992 882 152 526 499 673 38 775 965 251 964 806 565 436 327 387 701 789 73 968 96 442 94 614 239 248 622 953 420 400 721 71 487 362 762 434 310 384 814 842 287 755 249 167 792 491 645 885 187 101 191 20 264 697 148 469 538 372 637 269 674 872 698 478 98 534 423 165 233 56 377 707 440 763 851 594 663 344 811 139 175 392 743 63 866 524 884 196 823 309 505 486 132 642 237 908 575 204 903 683 427 449 904 147 947 691 577 977 30 745 322 134 669 969 42 781 890 460 138 328 227 930 421 631 999 621 658 3 358 939 179 352 675 580 200 58 772 368 411 962 86 364 386 123 412 216 194 140 313 816 203 955 415 518 92 742 319 784 69 563 414 690 715 606 641 795 99 296 855 636 388 853 355 471 45 578 910 225 650 874 768 812 653 949 501 262 832 956 503 764 810 859 365 515 966 854 846 773 247 554 341 702 635 730 81 912 
555 897 963 950 379 401 452 738 301 553 108 664 130 747 151 556 55 235 944 444 571 482 14 926 39 1000 430 867 422 535 6 425 265 112 504 373 620 409 336 450 404 837 902 893 46 348 163 961 828 146 733 181 279 937 100 263 957 173 737 785 989 821 899 142 651 736 481 938 790 494 403 564 585 689 283 402 176 684 218 126 726 326 735 72 398 931 219 445 311 576 687 192 705 570 927 787 829 375 168 561 608 244 28 943 537 197 280 268 593 57 289 27 136 624 346 744 591 380 324 118 972 184 509 242 316 584 838 416 295 531 354 95 480 37 15 51 948 456 615 8 303 974 315 630 62 782 986 973 835 129 754 873 682 843 844 428 117 278 643 586 984 878 350 164 155 83 240 286 750 560 678 19 852 370 905 65 544 448 285 473 729 796 59 507 43 496 751 513 109 712 156 672 777 960 87 97 932 492 709 160 338 220 996 616 888 124 166 870 985 988 500 987 671 458 432 720 399 725 826 765 485 646 920 581 803 495 135 44 685 766 330 25 224 369 922 619 103 600 433 567 206 703 407 351 757 648 230 349 490 223 945 532 438 831 933 47 983 512 856 367 760 599 470 993 788 1 695 519 463 618 609 628 110 52 552 539 133 656 9 137 271 308 793 847 114 12 929 704 716 476 529 213 951 106 919 84 542 858 582 376 959 75 36 385 270 304 174 525 391 79 300 880 654 601 771 978 150 997 767 688 589 64 13 318 238 877 329 911 693 226 547 274 333 273 424 34 169 818 825 484 177 991 605 798 5 942 426 272 143 813 994 839 489 474 861 277 617 116 145 2 822 483 799 863 967 520 639 209 632 555 530 680 758 597 451 820 506 934 171 794 77 468 891 827 909 871 848 210 841 89 916 982 462 207 807 971 502 546 921 883 153 659 253 66 363 634 198 120 860 876 382 627 298 180 655 774 633 361 159 667 250 541 573 88 980 907 692 901 467 592 256 569 517 739 85 928 4 182 418 115 297 464 923 864 461 521 394 282 229 353 623 998 629 457 231 975 154 976 917 314 125 786 41 676 435 61 992 882 152 526 499 673 38 775 965 251 964 806 565 436 327 387 701 789 73 968 96 442 94 614 239 248 622 953 420 400 721 71 487 362 762 434 310 384 814 842 287 755 249 167 792 491 645 885 187 101 191 20 264 697 148 469 538 372 637 269 674 872 698 478 98 534 423 165 233 56 377 707 440 763 851 594 663 344 811 139 175 392 743 63 866 524 884 196 823 309 
120 914 228 53 746 32 267 819 35 201 105 466 437 824 465 479 626 390 699 805 359 162 881 211 111 54 332 590 91 26 568 232 708 706 183 610 454 292 894 557 306 340 533 234 119 33 170 185 924 724 875 652 734 323 514 157 396 543 281 817 952 259 638 158 498 613 753 246 749 186 906 419 405 49 970 940 769 93 190 199 740 797 714 528 357 23 779 178 900 188 408 472 583 748 897 963 950 379 401 452 738 301 553 108 664 130 747 151 556 55 235 944 444 571 482 14 926 39 1000 430 867 
345 954 11 121 718 172 915 778 935 756 558 389 24 990 356 497 625 410 896 293 149 459 245 809 700 475 22 559 439 122 128 236 679 892 31 260 540 516 995 660 16 862 76 612 488 836 141 665 195 493 522 60 208 722 291 18 914 228 53 746 32 267 819 35 201 105 466 437 824 465 479 626 390 699 805 359 162 881 211 111 54 332 590 91 26 568 232 708 706 183 610 454 292 894 557 306 340 533 234 119 33 170 185 924 724 875 652 734 323 514 157 396 543 281 817 952 259 638 158 498 613 753 246 749 186 906 419 405 49 970 940 769 93 190 199 740 797 714 528 357 23 779 178 900 188 408 472 583 748 897 963 950 379 401 452 738 301 553 108 664 130 747 151 556 55 235 944 444 571 482 14 926 39 1000 430 867 422 535 6 425 265 112 504 373 620 409 336 450 404 837 902 893 46 348 163 961 828 146 733 181 279 937 100 263 957 173 737 785 989 821 899 142 651 736 481 938 790 494 403 564 585 689 283 402 176 684 218 126 726 326 735 72 398 931 219 445 311 576 687 192 705 570 927 787 829 375 168 561 608 244 28 943 537 197 280 268 593 57 289 27 136 624 346 744 591 380 324 118 972 184 509 242 316 584 838 416 295 531 354 95 480 37 15 51 948 456 615 8 303 974 315 630 62 782 986 973 835 129 754 873 682 843 844 428 117 278 643 586 984 878 350 164 155 83 240 286 750 560 678 19 852 370 905 65 544 448 285 473 729 796 59 507 43 496 751 513 109 712 156 672 777 960 87 97 932 492 
649 252 644 189 90 549 719 395 406 696 579 661 193 7 455 366 320 845 958 834 443 371 840 804 221 342 290 212 802 791 607 741 572 82 602 677 640 731 595 776 550 857 312 545 131 898 29 243 413 48 241 284 728 510 222 431 681 536 393 694 869 587 713 647 275 833 257 657 17 325 598 527 161 925 80 294 266 918 566 686 936 889 305 868 261 335 21 383 954 11 121 718 172 915 778 935 756 558 389 24 990 356 497 625 410 896 293 149 459 245 809 700 475 22 559 439 122 128 236 679 892 31 260 540 516 995 660 16 862 76 612 488 836 141 665 195 493 522 60 208 722 291 18 914 228 53 746 32 267 819 35 201 105 466 437 824 465 479 626 390 699 805 359 162 881 211 111 54 332 590 91 26 568 232 708 706 183 610 454 292 894 557 306 340 533 234 119 33 170 185 924 724 875 652 734 323 514 157 396 543 281 817 952 259 638 158 498 613 753 246 749 186 906 419 405 49 970 940 769 93 190 199 740 797 714 528 357 23 779 178 900 188 408 472 583 748 897 963 950 379 401 452 738 301 553 108 664 130 747 151 556 55 235 944 444 571 482 14 926 39 1000 430 867 422 535 6 425 265 112 504 373 620 409 336 450 404 837 902 893 46 348 163 961 828 146 733 181 279 937 100 263 957 173 737 785 989 821 899 142 651 736 481 938 790 494 403 564 585 689 283 402 176 684 218 126 726 326 735 72 398 931 219 445 311 576 687 192 705 570 927 787 829 375 168 561 608 244 28 943 537 197 280 268 593 57 289 27 136 624 346 744 591 380 324 118 972 184 509 242 316 584 838 416 295 531 354 95 480 37 15 51 948 456 615 8 303 974 315 630 62 782 986 973 835 129 754 873 682 843 844 428 117 278 643 586 984 878 350 164 155 83 240 286 750 560 678 19 852 370 905 65 544 448 285 473 729 796 59 507 43 496 751 513 109 712 156 672 777 960 87 97 932 492 709 160 338 220 996 616 888 124 166 870 985 988 500 987 671 458 432 720 399 725 826 765 485 646 920 581 803 495 135 44 685 766 330 25 224 369 922 619 103 600 433 567 206 703 407 351 757 648 230 349 490 223 945 532 438 831 933 47 983 512 856 367 760 599 470 993 788 1 695 519 463 618 609 628 110 52 552 539 133 656 9 137 271 308 793 847 114 12 929 704 716 476 529 213 951 106 919 84 542 858 582 376 959 75 36 385 270 304 174 525 391 79 300 880 654 601 771 978 150 997 767 688 589 64 13 318 238 877 329 911 693 226 547 274 333 273 424 34 169 818 825 484 177 991 605 798 5 942 426 272 143 813 994 839 489 474 861 277 617 116 145 2 822 483 799 863 967 520 639 209 632 555 530 680 758 597 451 820 506 934 171 794 77 468 891 827 909 871 848 210 841 89 916 982 462 207 807 971 502 546 921 883 153 659 253 66 363 634 198 120 860 876 382 627 298 180 655 
40 863 967 520 639 209 632 555 530 680 758 597 451 820 506 934 171 794 77 468 891 827 909 871 848 210 841 89 916 982 462 207 807 971 502 546 921 883 153 659 253 
324 826 765 485 646 920 581 803 495 135 44 685 766 330 25 224 369 922 619 103 600 433 567 206 703 407 351 757 648 230 349 490 223 945 532 438 831 933 47 983 512 856 367 760 599 470 993 788 1 695 519 463 618 609 628 110 52 552 539 133 656 9 137 271 308 793 847 114 12 929 704 716 476 529 213 951 106 919 84 542 858 582 376 959 75 36 385 270 304 174 525 391 79 300 880 654 601 771 978 150 997 767 688 589 64 13 318 238 877 329 911 693 226 547 274 333 273 424 34 169 818 825 484 177 991 605 798 5 942 426 272 143 813 994 839 489 474 861 277 617 116 145 2 822 483 799 863 967 520 639 209 632 555 530 680 758 597 451 820 506 934 171 794 77 468 891 827 909 871 848 210 841 89 916 982 462 207 807 971 502 546 921 883 153 659 253 66 363 634 198 120 860 876 382 627 298 180 655 774 633 361 159 667 250 541 573 88 980 907 692 901 467 592 256 569 517 739 85 928 4 182 418 115 297 464 923 864 461 521 394 282 229 353 623 998 629 457 231 975 154 976 917 314 125 786 41 676 435 61 992 882 152 526 499 673 38 775 965 251 964 806 565 436 327 387 701 789 73 968 96 442 94 614 239 248 622 953 420 400 721 71 487 362 762 434 310 384 814 842 287 755 249 167 792 491 645 885 187 101 191 20 264 697 148 469 538 372 637 269 674 872 698 478 98 534 423 165 233 56 377 707 440 763 851 594 
882 261 335 21 383 954 11 121 718 172 915 778 935 756 558 389 24 990 356 497 625 410 896 293 149 459 245 809 700 475 22 559 439 122 128 236 679 892 31 260 540 516 995 660 16 862 76 612 488 836 141 665 195 493 522 60 208 722 291 18 914 228 53 746 32 267 819 35 201 105 466 437 824 465 479 626 390 699 805 359 162 881 211 111 54 332 590 91 26 568 232 708 706 183 610 454 292 894 557 306 340 533 234 119 33 170 185 924 724 875 652 734 323 514 157 396 543 281 817 952 259 638 158 498 613 753 246 749 186 906 419 405 49 970 940 769 93 190 199 740 797 714 528 357 23 779 178 900 188 408 472 583 748 897 963 950 379 401 452 738 301 553 108 664 130 747 151 556 55 235 944 444 571 482 14 926 39 1000 430 867 422 535 6 425 265 112 504 373 620 409 336 450 404 837 902 893 46 348 163 961 828 146 733 181 279 937 100 263 957 173 737 785 989 821 899 142 651 736 481 938 790 494 403 564 585 689 283 402 176 684 218 126 726 326 735 72 398 931 219 445 311 576 687 192 705 570 927 787 829 375 168 561 608 244 28 943 537 197 280 268 593 57 289 27 136 624 346 744 591 380 324 118 972 184 509 242 316 584 838 416 295 531 354 95 480 37 15 51 948 456 615 8 303 974 315 630 62 782 986 973 835 129 754 873 682 843 844 428 117 278 643 586 984 878 350 164 155 83 240 286 750 560 678 19 852 370 905 65 544 448 285 473 729 796 59 507 43 496 751 513 109 712 156 672 777 960 87 97 932 492 709 160 338 220 996 616 888 124 166 870 985 988 500 987 671 458 432 720 399 725 826 765 485 646 920 581 803 495 135 44 685 766 330 25 224 369 922 619 103 600 433 567 206 703 407 351 757 648 230 349 490 223 945 532 438 831 933 47 983 512 856 367 760 599 470 993 788 1 695 519 463 618 609 628 110 52 552 539 133 656 9 137 271 308 793 847 114 12 929 704 716 476 529 213 951 106 919 84 542 858 582 376 959 75 36 385 270 304 174 525 391 79 300 880 654 601 771 978 150 997 767 688 589 64 13 318 238 877 329 911 693 226 547 274 333 273 424 34 169 818 825 484 177 991 605 798 5 942 426 272 143 813 994 839 489 474 861 277 617 116 145 2 822 483 799 863 967 520 639 209 632 555 530 680 758 597 451 820 506 934 171 794 77 468 891 827 909 871 848 210 841 89 916 982 462 207 807 971 502 546 921 883 153 659 253 66 363 634 198 120 860 876 382 627 298 180 655 774 633 361 159 667 250 541 573 88 980 907 692 901 467 592 256 569 517 739 85 928 4 182 418 115 297 464 923 864 461 521 394 282 229 353 623 998 629 457 231 975 154 976 917 314 125 786 41 676 435 61 992 882 152 526 499 673 38 775 965 251 964 806 565 436 327 387 701 789 73 968 96 442 94 614 239 248 622 953 420 400 721 71 487 362 762 434 310 384 814 842 287 755 249 167 792 491 645 885 187 101 191 20 264 697 148 469 538 372 637 269 674 872 698 478 98 534 423 165 233 56 377 707 440 763 851 594 663 344 811 139 175 392 743 63 866 524 884 196 823 309 505 486 132 642 237 908 575 204 903 683 427 449 904 147 947 691 577 977 30 745 322 134 669 969 42 781 890 460 138 328 227 930 421 631 999 621 658 3 358 939 179 352 675 580 200 58 772 368 411 962 86 364 386 123 412 216 194 140 313 816 203 955 415 518 92 742 319 784 69 563 414 690 715 606 641 795 99 296 855 636 388 853 355 471 45 578 910 225 650 874 768 812 653 949 501 262 832 956 503 764 810 859 365 515 966 854 846 773 247 554 341 702 635 730 81 912 317 67 441 711 801 865 611 710 144 74 562 113 378 752 104 321 849 307 666 453 723 815 217 780 551 343 337 446 596 374 548 397 604 670 50 574 511 102 946 417 40 662 886 78 360 255 107 447 808 339 276 759 981 649 979 302 732 202 941 
984 288 205 913 879 215 381 761 477 887 508 770 252 644 189 90 549 719 395 406 696 579 661 193 7 455 366 320 845 958 834 443 371 840 804 221 342 290 212 802 791 607 741 572 82 602 677 640 731 595 776 550 857 312 545 131 898 29 243 413 48 241 284 728 510 222 431 681 536 393 694 869 587 713 647 275 833 257 657 17 325 598 527 161 925 80 294 266 918 566 686 936 889 305 868 261 335 21 383 954 11 121 718 172 915 778 935 756 558 389 24 990 356 497 625 410 896 293 149 459 245 809 700 475 22 559 439 122 128 236 679 892 31 260 540 516 995 660 16 862 76 612 488 836 141 665 195 493 522 60 208 722 291 18 914 228 53 746 32 267 819 35 201 105 466 437 824 465 479 626 390 699 805 359 162 881 211 111 54 332 590 91 26 568 232 708 706 183 610 454 292 894 557 306 340 533 234 119 33 170 185 924 724 875 652 734 323 514 157 396 543 281 817 952 259 638 158 498 613 753 246 749 186 906 419 405 49 970 940 769 93 190 199 740 797 714 528 357 23 779 178 900 188 408 472 583 748 897 963 950 379 401 452 738 301 553 108 664 130 747 151 556 55 235 944 444 571 482 14 926 39 1000 430 867 422 535 6 425 265 112 504 373 620 409 336 450 404 837 902 893 46 348 163 961 828 146 733 181 279 937 100 263 957 173 737 785 989 821 899 142 651 736 481 938 790 494 403 564 585 689 283 402 176 684 218 126 726 326 735 72 398 931 219 445 311 576 687 192 705 570 927 787 829 375 168 561 608 244 28 943 537 197 280 268 593 57 289 27 136 624 346 744 591 380 324 118 972 184 509 242 316 584 838 416 295 531 354 95 480 37 15 51 948 456 615 8 303 974 315 630 62 782 986 973 835 129 754 873 682 843 844 428 117 278 643 586 984 878 350 164 155 83 240 286 750 560 678 19 852 370 905 65 544 448 285 473 729 796 59 507 43 496 751 513 109 712 156 672 777 960 87 97 932 492 709 160 338 220 996 616 888 124 166 870 985 988 500 987 671 458 432 720 399 725 826 765 485 646 920 581 803 495 135 44 685 766 330 25 224 369 922 619 103 600 433 567 206 703 407 351 757 648 230 349 490 223 945 532 438 831 933 47 983 512 856 367 760 599 470 993 788 1 695 519 463 618 609 628 110 52 552 539 133 656 9 137 271 308 793 847 114 12 929 704 716 476 529 213 951 106 919 84 542 858 582 376 959 75 36 385 270 304 174 525 391 79 300 880 654 601 771 978 150 997 767 688 589 64 13 318 238 877 329 911 693 226 547 274 333 273 424 34 169 818 825 484 177 991 605 798 5 942 426 272 143 813 994 839 489 474 861 277 617 116 145 2 822 483 799 863 967 520 639 209 632 555 530 680 758 597 451 820 506 934 171 794 77 468 891 827 909 871 848 210 841 89 916 982 462 207 807 971 502 546 921 883 153 659 253 66 363 634 198 120 860 876 382 627 298 180 655 774 633 361 159 667 250 541 573 88 980 907 692 901 467 592 256 569 517 739 85 928 4 182 418 115 297 464 923 864 461 521 394 282 229 353 623 998 629 457 231 975 154 976 917 314 125 786 41 676 435 61 992 882 152 526 499 673 38 775 965 251 964 806 565 436 327 387 701 789 73 968 96 442 94 614 239 248 622 953 420 400 721 71 487 362 762 434 310 384 814 842 287 755 249 167 792 491 645 885 187 101 191 20 264 697 148 469 538 372 637 269 674 872 698 478 98 534 423 165 233 56 377 707 440 763 851 594 663 344 811 139 175 392 743 63 866 524 884 196 823 309 505 486 132 642 237 908 575 204 903 683 427 449 904 147 947 691 577 977 30 745 322 134 669 969 42 781 890 460 138 328 227 930 421 631 999 621 658 3 358 939 179 352 675 580 200 58 772 368 411 962 86 364 386 123 412 216 194 140 313 816 203 955 415 518 92 742 319 784 69 563 414 690 715 606 641 795 99 296 855 636 388 853 355 471 45 578 910 225 650 874 768 812 653 949 501 262 832 956 503 764 810 859 365 515 966 854 846 773 247 554 341 702 635 730 81 912 317 67 441 711 801 865 611 710 144 74 562 113 378 752 104 321 849 307 666 453 723 815 217 780 551 343 337 446 596 374 548 397 604 670 50 574 511 102 946 417 40 662 886 78 360 255 107 447 808 339 276 759 981 649 979 302 732 202 941 783 429 347 68 299 10 717 127 
542 43 496 751 513 109 712 156 672 777 960 87 97 932 492 709 160 338 220 996 616 888 124 166 870 985 988 500 987 671 458 432 720 399 725 826 765 485 646 920 581 803 495 135 44 685 766 330 25 224 369 922 619 103 600 433 567 206 703 407 351 757 648 230 349 490 223 945 532 438 831 933 47 983 512 856 367 760 599 470 993 788 1 695 519 463 618 609 628 110 52 552 539 133 656 9 137 271 308 793 847 114 12 929 704 716 476 529 213 951 106 919 84 542 858 582 376 959 75 36 385 270 304 174 525 391 79 300 880 654 601 771 978 150 997 767 688 589 64 13 318 238 877 329 911 693 226 547 274 333 273 424 34 169 818 825 484 177 991 605 798 5 942 426 272 143 813 994 839 489 474 861 277 617 116 145 2 822 483 799 863 967 520 639 209 632 555 530 680 758 597 451 820 506 934 171 794 77 468 891 827 909 871 848 210 841 89 916 982 462 207 807 971 502 546 921 883 153 659 253 66 363 634 198 120 860 876 382 627 298 180 655 774 633 361 159 667 250 541 573 88 980 907 692 901 467 592 256 569 517 739 85 928 4 182 418 115 297 464 923 864 461 521 394 282 229 353 623 998 629 457 231 975 154 976 917 314 125 786 41 676 435 61 992 882 152 526 499 673 38 775 965 251 964 806 565 436 327 387 701 789 73 968 96 442 94 614 239 248 622 953 420 400 721 71 487 362 762 434 310 384 814 842 287 755 249 167 792 491 645 885 187 101 191 20 264 697 148 469 538 372 637 269 674 872 698 478 98 534 423 165 233 56 377 707 440 763 851 594 663 344 811 139 175 392 743 63 866 524 884 196 823 309 505 486 132 642 237 908 575 204 903 683 427 449 904 147 947 691 577 977 30 745 322 134 669 969 42 781 890 460 138 328 227 930 421 631 999 621 658 3 358 939 179 352 675 580 200 58 772 368 411 962 86 364 386 123 412 216 194 140 313 816 203 955 415 518 92 742 319 784 69 563 414 690 715 606 641 795 99 296 855 636 388 853 355 471 45 578 910 225 650 874 768 812 653 949 501 262 832 956 503 764 810 859 365 515 966 854 846 773 247 554 341 702 635 730 81 912 317 67 441 711 801 865 611 710 144 74 562 113 378 752 104 321 849 307 666 453 723 815 217 780 551 343 337 446 596 374 548 397 604 670 50 574 511 102 946 417 40 662 886 78 360 255 107 447 808 339 276 759 981 649 
868 413 48 241 284 728 510 222 431 681 536 393 694 869 587 713 647 275 833 257 657 17 325 598 527 161 925 80 294 266 918 566 686 936 889 305 868 261 335 21 383 954 11 121 718 172 915 778 935 756 558 389 24 990 356 497 625 410 896 293 149 459 245 809 700 475 22 559 439 122 128 236 679 892 31 260 540 516 995 660 16 862 76 612 488 836 141 665 195 493 522 60 208 722 291 18 914 228 53 746 32 267 819 35 201 105 466 437 824 465 479 626 390 699 805 359 162 881 211 111 54 332 590 91 26 568 232 708 706 183 610 454 292 894 557 306 340 533 234 119 33 170 185 924 724 875 652 734 323 514 157 396 543 281 817 952 259 638 158 498 613 753 246 749 186 906 419 405 49 970 940 769 93 190 199 740 797 714 528 357 23 779 178 900 188 408 472 583 748 897 963 950 379 401 452 738 301 553 108 664 130 747 151 556 55 235 944 444 571 482 14 926 39 1000 430 867 422 535 6 425 265 112 504 373 620 409 336 450 404 837 902 893 46 348 163 961 828 146 733 181 279 937 100 263 957 173 737 785 989 821 899 142 651 736 481 938 790 494 403 564 585 689 283 402 176 684 218 126 726 326 735 72 398 931 219 445 311 576 687 192 705 570 927 787 829 375 168 561 608 244 28 943 537 197 280 268 593 57 289 27 136 624 346 744 591 380 324 118 972 184 509 242 316 584 838 416 295 531 354 95 480 37 15 51 948 456 615 8 303 974 315 630 62 782 986 973 835 129 754 873 682 843 844 428 117 278 643 586 984 878 350 164 155 83 240 286 750 560 678 19 852 370 905 65 544 448 285 473 729 796 59 507 43 496 751 513 109 712 156 672 777 960 87 97 932 492 709 160 338 220 996 616 888 124 166 870 985 988 500 987 671 458 432 720 399 725 826 765 485 646 920 581 803 495 135 44 685 766 330 25 224 369 922 619 103 600 433 567 206 703 407 351 757 648 230 349 490 223 945 532 438 831 933 47 983 512 856 367 760 599 470 993 788 1 695 519 463 618 609 628 110 52 552 539 133 656 9 137 271 308 793 847 114 12 929 704 716 476 529 213 951 106 919 84 542 858 582 376 959 75 36 385 270 304 174 525 391 79 300 880 654 601 771 978 150 997 767 688 589 64 13 318 238 877 329 911 693 226 547 274 333 273 424 34 169 818 825 484 177 991 605 798 5 942 426 272 143 813 994 839 489 474 861 277 617 116 145 2 822 483 799 863 967 520 639 209 632 555 530 680 758 597 451 820 506 934 171 794 77 468 891 827 909 871 848 210 841 89 916 982 462 207 807 971 502 546 921 883 153 659 253 66 363 634 198 120 860 876 382 627 298 180 655 774 633 361 159 667 250 541 573 88 980 907 692 901 467 592 256 569 517 739 85 928 4 182 418 115 297 464 923 864 461 521 394 282 229 353 623 998 629 457 231 975 154 976 917 314 125 786 41 676 435 61 992 882 152 526 499 673 38 775 965 251 964 806 565 436 327 387 701 789 73 968 96 442 94 614 239 248 622 953 420 400 721 71 487 362 762 434 310 384 814 842 287 755 249 167 792 491 645 885 187 101 191 20 264 697 148 469 538 372 637 269 674 872 698 478 98 534 423 165 233 56 377 707 440 763 851 594 663 344 811 139 175 392 743 63 866 524 884 196 823 309 505 486 132 642 237 908 575 204 903 683 427 449 904 147 947 691 577 977 30 745 322 134 669 969 42 781 890 460 138 328 227 930 421 631 999 621 658 3 358 939 179 352 675 580 200 58 772 368 411 962 86 364 386 123 412 216 194 140 313 816 203 955 415 518 92 742 319 784 69 563 414 690 715 606 641 795 99 296 855 636 388 853 355 471 45 578 910 225 650 874 768 812 653 949 501 262 832 956 503 764 810 859 365 515 966 854 846 773 247 554 341 702 635 730 81 912 317 67 441 711 801 865 611 710 144 
126 741 572 82 602 677 640 731 595 776 550 857 312 545 131 898 29 243 413 48 241 284 728 510 222 431 681 536 393 694 869 587 713 647 275 833 257 657 17 325 598 527 161 925 80 294 266 918 566 686 936 889 305 868 261 335 21 383 954 11 121 718 172 915 778 935 756 558 389 24 990 356 497 625 410 896 293 149 459 245 809 700 475 22 559 439 122 128 236 679 892 31 260 540 516 995 660 16 862 76 612 488 836 141 665 195 493 522 60 208 722 291 18 914 228 53 746 32 267 819 35 201 105 466 437 824 465 
993 215 381 761 477 887 508 770 252 644 189 90 549 719 395 406 696 579 661 193 7 455 366 320 845 958 834 443 371 840 804 221 342 290 212 802 791 607 741 572 82 602 677 640 731 595 776 550 857 312 545 131 898 29 243 413 48 241 284 728 510 222 431 681 536 393 694 869 587 713 647 275 833 257 657 17 325 598 527 161 925 80 294 266 918 566 686 936 889 305 868 261 335 21 383 954 11 121 718 172 915 778 935 756 558 389 24 990 356 497 625 410 896 293 149 459 245 809 700 475 22 559 439 122 128 236 679 892 31 260 540 516 995 660 16 862 76 612 488 836 141 665 195 493 522 60 208 722 291 18 914 228 53 746 32 267 819 35 201 105 466 437 824 465 479 626 390 699 805 359 162 881 211 111 54 332 590 91 26 568 232 708 706 183 610 454 292 894 557 306 340 533 234 119 33 170 185 924 724 875 652 734 323 514 157 396 543 281 817 952 259 638 158 498 613 753 246 749 186 906 419 405 49 970 940 769 93 190 199 740 797 714 528 357 23 779 178 900 188 408 472 583 748 897 963 950 379 401 452 738 301 553 108 664 130 747 151 556 55 235 944 444 571 482 14 926 39 1000 430 867 422 535 6 425 265 112 504 373 620 409 336 450 404 837 902 893 46 348 163 961 828 146 733 181 279 937 100 263 957 173 737 785 989 821 899 142 651 736 481 938 790 494 403 564 585 689 283 402 176 684 218 126 726 326 735 72 398 931 219 445 311 576 687 192 705 570 927 787 829 375 168 561 608 244 28 943 537 197 280 268 593 57 289 27 136 624 346 744 591 380 324 118 972 184 509 242 316 584 838 416 295 531 354 95 480 37 15 51 948 456 615 8 303 974 315 630 62 782 986 973 835 129 754 873 682 843 844 428 117 278 643 586 984 878 350 164 155 83 240 286 750 560 678 19 852 370 905 65 544 448 285 473 729 796 59 507 43 496 751 513 109 712 156 672 777 960 87 97 932 492 709 160 338 220 996 616 888 124 166 870 985 988 500 987 671 458 432 720 399 725 826 765 485 646 920 581 803 495 135 44 685 766 330 25 224 369 922 619 103 600 433 567 206 703 407 351 757 648 230 349 490 223 945 532 438 831 933 47 983 512 856 367 760 599 470 993 788 1 695 519 463 618 609 628 110 52 552 539 133 656 9 137 271 308 793 847 114 12 929 704 716 476 529 213 951 106 919 84 542 858 582 376 959 75 36 385 270 304 174 525 391 79 300 880 654 601 771 978 150 997 767 688 589 64 13 318 238 877 329 911 693 226 547 274 333 273 424 34 169 818 825 484 177 991 605 798 5 942 426 272 143 813 994 839 489 474 861 277 617 116 145 2 822 483 799 863 967 520 639 209 632 555 530 680 758 597 451 820 506 934 171 794 77 468 891 827 909 871 848 210 841 89 916 982 462 207 807 971 502 546 921 883 153 659 253 66 363 634 198 120 860 876 382 627 298 180 655 774 633 361 159 667 250 541 573 88 980 907 692 901 467 592 256 569 517 739 85 928 4 182 418 115 297 464 923 864 461 521 394 282 229 353 623 998 629 457 231 975 154 976 917 314 125 786 41 676 435 61 992 882 152 526 499 673 38 775 965 251 964 806 565 436 327 387 701 789 73 968 96 442 94 614 239 248 622 953 420 400 721 71 487 362 762 434 310 384 814 842 287 755 249 167 792 491 645 885 187 101 191 20 264 697 148 469 538 372 637 269 674 872 698 478 98 534 423 165 233 56 377 707 440 763 851 594 663 344 811 139 175 392 743 63 866 524 884 196 823 309 505 486 132 642 237 908 575 204 903 683 427 449 904 147 947 691 577 977 30 745 322 134 669 969 42 781 890 460 138 328 227 930 421 631 999 621 658 3 358 939 179 352 675 580 200 58 772 368 411 962 86 364 386 123 412 216 194 140 313 816 203 955 415 518 92 742 319 784 69 563 414 690 715 606 641 795 99 296 855 636 388 853 355 471 45 578 910 225 650 874 768 812 653 949 501 262 832 956 503 764 810 859 365 515 966 854 846 773 247 554 341 702 635 730 81 912 317 67 441 711 801 865 611 710 144 74 562 113 378 752 104 321 849 307 666 453 723 815 217 780 551 343 337 446 596 374 548 397 604 670 50 574 511 102 946 417 40 662 886 78 360 255 107 447 808 339 276 759 981 649 979 302 732 202 941 783 429 347 68 299 10 717 127 850 345 258 254 668 70 727 603 331 523 895 800 214 
883 913 879 215 381 761 477 887 508 770 252 644 189 90 549 719 395 406 696 579 661 193 7 455 366 320 845 958 834 443 371 840 804 221 342 290 212 802 791 607 741 572 82 602 677 640 731 595 776 550 857 312 545 131 898 29 243 413 48 241 284 728 510 222 431 681 536 393 694 869 587 713 647 275 833 257 657 17 325 598 527 161 925 80 294 266 918 566 686 936 889 305 868 261 335 21 383 954 11 121 718 172 915 778 935 756 558 389 24 990 356 497 625 410 896 293 149 459 245 809 700 475 22 559 439 122 128 236 679 892 31 260 540 516 995 660 16 862 76 612 488 836 141 665 195 493 522 60 208 722 291 18 914 228 53 746 32 267 819 35 201 105 466 437 824 465 479 626 390 699 805 359 162 881 211 111 54 332 590 91 26 568 232 708 706 183 610 454 292 894 557 306 340 533 234 119 33 170 185 924 724 875 652 734 323 514 157 396 543 281 817 952 259 638 158 498 613 753 246 749 186 906 419 405 49 970 940 769 93 190 199 740 797 714 528 357 23 779 178 900 188 408 472 583 748 897 963 950 379 401 452 738 301 553 108 664 130 747 151 556 55 235 944 444 571 482 14 926 39 1000 430 867 422 535 6 425 265 112 504 373 620 409 336 450 404 837 902 893 46 348 163 961 828 146 733 181 279 937 100 263 957 173 737 785 989 821 899 142 651 736 481 938 790 494 403 564 585 689 283 402 176 684 218 126 726 326 735 72 398 931 219 445 311 576 687 192 705 570 927 787 829 375 168 561 608 244 28 943 537 197 280 268 593 57 289 27 136 624 346 744 591 380 324 118 972 184 509 242 316 584 838 416 295 531 354 95 480 37 15 51 948 456 615 8 303 974 315 630 62 782 986 973 835 129 754 873 682 843 844 428 117 278 643 586 984 878 350 164 155 83 240 286 750 560 678 19 852 370 905 65 544 448 285 473 729 796 59 507 43 496 751 513 109 712 156 672 777 960 87 97 932 492 709 160 338 220 996 616 888 124 166 870 985 988 500 987 671 458 432 720 399 725 826 765 485 646 920 581 803 495 135 44 685 766 330 25 224 369 922 619 103 600 433 567 206 703 407 351 757 648 230 349 490 223 945 532 438 831 933 47 983 512 856 367 760 599 470 993 788 1 695 519 463 618 609 628 110 52 552 539 133 656 9 137 271 308 793 847 114 12 929 704 716 476 529 213 951 106 919 84 542 858 582 376 959 75 36 385 270 304 174 525 391 79 300 880 654 601 771 978 150 997 767 688 589 64 13 318 238 877 329 911 693 226 547 274 333 273 424 34 169 818 825 484 177 991 605 798 5 942 426 272 143 813 994 839 489 474 861 277 617 116 145 2 822 483 799 863 967 520 639 209 632 555 530 680 758 597 451 820 506 934 171 794 77 468 891 827 909 871 848 210 841 89 916 982 462 207 807 971 502 546 921 883 153 659 253 66 363 634 198 120 860 876 382 627 298 180 655 774 633 361 159 667 250 541 573 88 980 907 692 901 467 592 256 569 517 739 85 928 4 182 418 115 297 464 923 864 461 521 394 282 229 353 623 998 629 457 231 975 154 976 917 314 125 786 41 676 435 61 992 882 152 526 499 673 38 775 965 251 964 806 565 436 327 387 701 789 73 968 96 442 94 614 239 248 622 953 420 400 721 71 487 362 762 434 310 384 814 842 287 755 249 167 792 491 645 885 187 101 191 20 264 697 148 469 538 372 637 269 674 872 698 478 98 534 423 165 233 56 377 707 440 763 851 594 663 344 811 139 175 392 743 63 866 524 884 196 823 309 505 486 132 642 237 908 575 204 903 683 427 449 904 147 947 691 577 977 30 745 322 134 669 969 42 781 890 460 138 328 227 930 421 631 999 621 658 3 358 939 179 352 675 580 200 58 772 368 411 962 86 364 386 123 412 216 194 140 313 816 203 955 415 518 92 742 319 784 69 563 414 690 715 606 641 795 99 296 855 636 388 853 355 471 
876 579 661 193 7 455 366 320 845 958 834 443 371 840 804 221 342 290 212 802 791 607 741 572 82 602 677 640 731 595 776 550 857 312 545 131 898 29 243 413 48 241 284 728 510 222 431 681 536 393 694 869 587 713 647 275 833 257 657 17 325 598 527 161 925 80 294 266 918 566 686 936 889 305 868 261 335 21 383 954 11 121 718 172 915 778 935 756 558 389 24 990 356 497 625 410 896 293 149 459 245 809 700 475 22 559 439 122 128 236 679 892 31 260 540 516 995 660 16 862 76 612 488 836 141 665 195 493 522 60 208 722 291 18 914 228 53 746 32 267 819 35 201 105 466 437 824 465 479 626 390 699 805 359 162 881 211 111 54 332 590 91 26 568 232 708 706 183 610 454 292 894 557 306 340 533 234 119 33 170 185 924 724 875 652 734 323 514 157 396 543 281 817 952 259 638 158 498 613 753 246 749 186 906 419 405 49 970 940 769 93 190 199 740 797 714 528 357 23 779 178 900 188 408 472 583 748 897 963 950 379 401 452 738 301 553 108 664 130 747 151 556 55 235 944 444 571 482 14 926 39 1000 430 867 422 535 6 425 265 112 504 373 620 409 336 450 404 837 902 893 46 348 163 961 828 146 733 181 279 937 100 263 957 173 737 785 989 821 899 142 651 736 481 938 790 494 403 564 585 689 283 402 176 684 218 126 726 326 735 72 398 931 219 445 311 576 687 192 705 570 927 787 829 375 168 561 608 244 28 943 537 197 280 268 593 57 289 27 136 624 346 744 591 380 324 118 972 184 509 242 316 584 838 416 295 531 354 95 480 37 15 51 948 456 615 8 303 974 315 630 62 782 986 973 835 129 754 873 682 843 844 428 117 278 643 586 984 878 350 164 155 83 240 286 750 560 678 19 852 370 905 65 544 448 285 473 729 796 59 507 43 496 751 513 109 712 156 672 777 960 87 97 932 492 709 160 338 220 996 616 888 124 166 870 985 988 500 987 671 458 432 720 399 725 826 765 485 646 920 581 803 495 135 44 685 766 330 25 224 369 922 619 103 600 433 567 206 703 407 351 757 648 230 349 490 223 945 532 438 831 933 47 983 512 856 367 760 599 470 993 788 1 695 519 463 618 609 628 110 52 552 539 133 656 9 137 271 308 793 847 114 12 929 704 716 476 529 213 951 106 919 84 542 858 582 376 959 75 36 385 270 304 174 525 391 79 300 880 654 601 771 978 150 997 767 688 589 64 13 318 238 877 329 911 693 226 547 274 333 273 424 34 169 818 825 484 177 991 605 798 5 942 426 272 143 813 994 839 489 474 861 277 617 116 145 2 822 483 799 863 967 520 639 209 632 555 530 680 758 597 451 820 506 934 171 794 77 468 891 827 909 871 848 210 841 89 916 982 462 207 807 971 502 546 921 883 153 659 253 66 363 634 198 120 860 876 382 627 298 180 655 774 633 361 159 667 250 541 573 88 980 907 692 901 467 592 256 569 517 739 85 928 4 182 418 115 297 464 923 864 461 521 394 282 229 353 623 998 629 457 231 975 154 976 917 314 125 786 41 676 435 61 992 882 152 526 499 673 38 775 965 251 964 806 565 436 327 387 701 789 73 968 96 442 94 614 239 248 622 953 420 400 721 71 487 362 762 434 310 384 814 842 287 755 249 167 792 491 645 885 187 101 191 20 264 697 148 469 538 372 637 269 674 872 698 478 98 534 423 165 233 56 377 707 440 763 851 594 663 344 811 139 175 392 743 63 866 524 884 196 823 309 505 486 132 642 237 908 575 204 903 683 427 449 904 147 947 691 577 977 30 745 322 134 669 969 42 781 890 460 138 328 227 930 421 631 999 621 658 3 358 939 179 352 675 580 200 58 772 368 411 962 86 364 386 123 412 216 194 140 313 816 203 955 415 518 92 742 319 784 69 563 414 690 715 606 641 795 99 296 855 636 388 853 355 471 45 578 910 225 650 874 768 812 653 949 501 
776 778 935 756 558 389 24 990 356 497 625 410 896 293 149 459 245 809 700 475 22 559 439 122 128 236 679 892 31 260 540 516 995 660 16 862 76 612 488 836 141 665 195 493 522 60 208 722 291 18 914 228 53 746 32 267 819 35 201 105 466 437 824 465 479 626 390 699 805 359 162 881 211 111 54 332 590 91 26 568 232 708 706 183 610 454 292 894 557 306 340 533 234 119 33 170 185 924 724 875 652 734 323 514 157 396 543 281 817 952 259 638 158 498 613 753 246 749 186 906 419 405 49 970 940 769 93 190 199 740 797 714 528 357 23 779 178 900 188 408 472 583 748 897 963 950 379 401 452 738 301 553 108 664 130 747 151 556 55 235 944 444 571 482 14 926 39 1000 430 867 422 535 6 425 265 112 504 373 620 409 336 450 404 837 902 893 46 348 163 961 828 146 733 181 279 937 100 263 957 173 737 785 989 821 899 142 651 736 481 938 790 494 403 564 585 689 283 402 176 684 218 126 726 326 735 72 398 931 219 445 311 576 687 192 705 570 927 787 829 375 168 561 608 244 28 943 537 197 280 268 593 57 289 27 136 624 346 744 591 380 324 118 972 184 509 242 316 584 838 416 295 531 354 95 480 37 15 51 948 456 615 8 303 974 315 630 62 782 986 973 835 129 754 873 682 843 844 428 117 278 643 586 984 878 350 164 155 83 240 286 750 560 678 19 852 370 905 65 544 448 285 473 729 796 59 507 43 496 751 513 109 712 156 672 777 960 87 97 932 492 709 160 338 220 996 616 888 124 166 870 985 988 500 987 671 458 432 720 399 725 826 765 485 646 920 581 803 495 135 44 685 766 330 25 224 369 922 619 103 600 433 567 206 703 407 351 757 648 230 349 490 223 945 532 438 831 933 47 983 512 856 367 760 599 470 993 788 1 695 519 463 618 609 628 110 52 552 539 133 656 9 137 271 308 793 847 114 12 929 704 716 476 529 213 951 106 919 84 542 858 582 376 959 75 36 385 270 304 174 525 391 79 300 880 654 601 771 978 150 997 767 688 589 64 13 318 238 877 329 911 693 226 547 274 333 273 424 34 169 818 825 484 177 991 605 798 5 942 426 272 143 813 994 839 489 474 861 277 617 116 145 2 822 483 799 863 967 520 639 209 632 555 530 680 758 597 451 820 506 934 171 794 77 468 891 827 909 871 848 210 841 89 916 982 462 207 807 971 502 546 921 883 153 659 253 66 363 634 198 120 860 876 382 627 298 180 655 774 633 361 159 667 250 541 573 88 980 907 692 901 467 592 256 569 517 739 85 928 4 182 418 115 297 464 923 864 461 521 394 282 229 353 623 998 629 457 231 975 154 976 917 314 125 786 41 676 435 61 992 882 152 526 499 673 38 775 965 251 964 806 565 436 327 387 701 789 73 968 96 442 94 614 239 248 622 953 420 400 721 71 487 362 762 434 310 384 814 842 287 755 249 167 792 491 645 885 187 101 191 20 264 697 148 469 538 372 637 269 674 872 698 478 98 534 423 165 233 56 377 707 440 763 851 594 663 344 811 139 175 392 743 63 866 524 884 196 823 309 505 486 132 642 237 908 575 204 903 683 427 449 904 147 947 691 577 977 30 745 322 134 669 969 42 781 890 460 138 328 227 930 421 631 999 621 658 3 358 939 179 352 675 580 200 58 772 368 411 962 86 364 386 123 412 216 194 140 313 816 203 955 415 518 92 742 319 784 69 563 414 690 715 606 641 795 99 296 855 
539 128 236 679 892 31 260 540 516 995 660 16 862 76 612 488 836 141 665 195 493 522 60 208 722 291 18 914 228 53 746 32 267 819 35 201 105 466 437 824 465 479 626 390 699 805 359 162 881 211 111 54 332 590 91 26 568 232 708 706 183 610 454 292 894 557 306 340 533 234 119 33 170 185 924 724 875 652 734 323 514 157 396 543 281 817 952 259 638 158 498 613 753 246 749 186 906 419 405 49 970 940 769 93 190 199 740 797 714 528 357 23 779 178 900 188 408 472 583 748 897 963 950 379 401 452 738 301 553 108 664 130 747 151 556 55 235 944 444 571 482 14 926 39 1000 430 867 422 535 6 425 265 112 504 373 620 409 336 450 404 837 902 893 46 348 163 961 828 146 733 181 279 937 100 263 957 173 737 785 989 821 899 142 651 736 481 938 790 494 403 564 585 689 283 402 176 684 218 126 726 326 735 72 398 931 219 445 311 576 687 192 705 570 927 787 829 375 168 561 608 244 28 943 537 197 280 268 593 57 289 27 136 624 346 744 591 380 324 118 972 184 509 242 316 584 838 416 295 531 354 95 480 37 15 51 948 456 615 8 303 974 315 630 62 782 986 973 835 129 754 873 682 843 844 428 117 278 643 586 984 878 350 164 155 83 240 286 750 560 678 19 852 370 905 65 544 448 285 473 729 796 59 507 43 496 751 513 109 712 156 672 777 960 87 97 932 492 709 160 338 220 996 616 888 124 166 870 985 988 500 987 671 458 432 720 399 725 826 765 485 646 920 581 803 495 135 44 685 766 330 25 224 369 922 619 103 600 433 567 206 703 407 351 757 648 230 349 490 223 945 532 438 831 933 47 983 512 856 367 760 599 470 993 788 1 695 519 463 618 609 628 110 52 552 539 133 656 9 137 271 308 793 847 114 12 929 704 716 476 529 213 951 106 919 84 542 858 582 376 959 75 36 385 270 304 174 525 391 79 300 880 654 601 771 978 150 997 767 688 589 64 13 318 238 877 329 911 693 226 547 274 333 273 424 34 169 818 825 484 177 991 605 798 5 942 426 272 143 813 994 839 489 474 861 277 617 116 145 2 822 483 799 863 967 520 639 209 632 555 530 680 758 597 451 820 506 934 171 794 77 468 891 827 909 871 848 210 841 89 916 982 462 207 807 971 502 546 921 883 153 659 253 66 363 634 198 120 860 876 382 627 298 180 655 774 633 361 159 667 250 
221 66 363 634 198 120 860 876 382 627 298 180 655 774 633 361 159 667 250 541 573 88 980 907 692 901 467 592 256 569 517 739 85 928 4 182 418 115 297 464 923 864 461 521 394 282 229 353 623 998 629 457 231 975 154 976 917 314 125 786 41 676 435 61 992 882 152 526 499 673 38 775 965 251 964 806 565 436 327 387 701 789 73 968 96 442 94 614 239 248 622 953 420 400 721 71 487 362 762 434 310 384 814 842 287 755 249 167 792 491 645 885 187 101 191 20 264 697 148 469 538 372 637 269 674 872 698 478 98 534 423 165 233 56 377 707 440 763 851 594 663 344 811 139 175 392 743 63 866 524 884 196 823 309 505 486 132 642 237 908 575 204 903 683 427 449 904 147 947 691 577 977 30 745 322 134 669 969 42 781 890 460 138 328 227 930 421 631 999 621 658 3 358 939 179 352 675 580 200 58 772 368 411 962 86 364 386 123 412 216 194 140 313 816 203 955 415 518 92 742 319 784 
870 728 510 222 431 681 536 393 694 869 587 713 647 275 833 257 657 17 325 598 527 161 925 80 294 266 918 566 686 936 889 305 868 261 335 21 383 954 11 121 718 172 915 778 935 756 558 389 24 990 356 497 625 410 896 293 149 459 245 809 700 475 22 559 439 122 128 236 679 892 31 260 540 516 995 660 16 862 76 612 488 836 141 665 195 493 522 60 208 722 291 18 914 228 53 746 32 267 819 35 201 105 466 437 824 465 479 626 390 699 805 359 162 881 211 111 54 332 590 91 26 568 232 708 706 183 610 454 292 894 557 306 340 533 234 119 33 170 185 924 724 875 652 734 323 514 157 396 543 281 817 952 259 638 158 498 613 753 246 749 186 906 419 405 49 970 940 769 93 190 199 740 797 714 528 357 23 779 178 900 188 408 472 583 748 897 963 950 379 401 452 738 301 553 108 664 130 747 151 556 55 235 944 444 571 482 14 926 39 1000 430 867 422 535 6 425 265 112 504 373 620 409 336 450 404 837 902 893 46 348 163 961 828 146 733 181 279 937 100 263 957 173 737 785 989 821 899 142 651 736 481 938 790 494 403 564 585 689 283 402 176 684 218 126 726 326 735 72 398 931 219 445 311 576 687 192 705 570 927 787 829 375 168 561 608 244 28 943 537 197 280 268 593 57 289 27 136 624 346 744 591 380 324 118 972 184 509 242 316 584 838 416 295 531 354 95 480 37 15 51 948 456 615 8 303 974 315 630 62 782 986 973 835 129 754 873 682 843 844 428 117 278 643 586 984 878 350 164 155 83 240 286 750 560 678 19 852 370 905 65 544 448 285 473 729 796 59 507 43 496 751 513 109 712 156 672 777 960 87 97 932 492 709 160 338 220 996 616 888 124 166 870 985 988 500 987 671 458 432 720 399 725 826 765 485 646 920 581 803 495 135 44 685 766 330 25 224 369 922 619 103 600 433 567 206 703 407 351 757 648 230 349 490 223 945 532 438 831 933 47 983 512 856 367 760 599 470 993 788 1 695 519 463 618 609 628 110 52 552 539 133 656 9 137 271 308 793 847 114 12 929 704 716 476 529 213 951 106 919 84 542 858 582 376 959 75 36 385 270 304 174 525 391 79 300 880 654 601 771 978 150 997 767 688 589 64 13 318 238 877 329 911 693 226 547 274 333 273 424 34 169 818 825 484 177 991 605 798 5 942 426 272 143 813 994 839 489 474 861 277 617 116 145 2 822 483 799 863 967 520 639 209 632 555 530 680 758 597 451 820 506 934 171 794 77 468 891 827 909 871 848 210 841 89 916 982 462 207 807 971 502 546 921 883 153 659 253 66 363 634 198 120 860 876 382 627 298 180 655 774 633 361 159 667 250 541 573 88 980 907 692 901 467 592 256 569 517 739 85 928 4 182 418 115 297 464 923 864 461 521 394 282 229 353 623 998 629 457 231 975 154 976 917 314 125 786 41 676 435 61 992 882 152 526 499 673 38 775 965 251 964 806 565 436 327 387 701 789 73 968 96 442 94 614 239 248 622 953 420 400 721 71 487 362 762 434 310 384 814 842 287 755 249 167 792 491 645 885 187 101 191 20 264 697 148 469 538 372 637 269 674 872 698 478 98 534 423 165 233 56 377 707 440 763 851 594 663 344 811 139 175 392 743 63 866 524 884 196 823 309 505 486 132 642 237 908 575 204 903 683 427 449 904 147 947 691 577 977 30 745 322 134 669 969 42 781 890 460 138 328 227 930 421 631 999 621 658 3 358 939 179 352 675 580 200 58 772 368 411 962 86 364 386 123 412 216 194 140 313 816 203 955 415 518 92 742 319 784 69 563 414 690 715 606 641 795 99 296 855 636 388 853 355 471 45 578 910 225 650 874 768 812 653 949 501 262 832 956 503 764 810 859 365 515 966 854 846 773 247 554 341 702 635 730 81 912 317 67 441 711 801 865 611 710 144 74 562 113 378 752 104 
709 898 29 243 413 48 241 284 728 510 222 431 681 536 393 694 869 587 713 647 275 833 257 657 17 325 598 527 161 925 80 294 266 918 566 686 936 889 305 868 261 335 21 383 954 11 121 718 172 915 778 935 756 558 389 24 990 356 497 625 410 896 293 149 459 245 809 700 475 22 559 439 122 128 236 679 892 31 260 540 516 995 660 16 862 76 612 488 836 141 665 195 493 522 60 208 722 291 18 914 228 53 746 32 267 819 35 201 105 466 437 824 465 479 626 390 699 805 359 162 881 211 111 54 332 590 91 26 568 232 708 706 183 610 454 292 894 557 306 340 533 234 119 33 170 185 924 724 875 652 734 323 514 157 396 543 281 817 952 259 638 158 498 613 753 246 749 186 906 419 405 49 970 940 769 93 190 199 740 797 714 528 357 23 779 178 900 188 408 472 583 748 897 963 950 379 401 452 738 301 553 108 664 130 747 151 556 55 235 944 444 571 482 14 926 39 1000 430 867 422 535 6 425 265 112 504 373 620 409 336 450 404 837 902 893 46 348 163 961 828 146 733 181 279 937 100 263 957 173 737 785 989 821 899 142 651 736 481 938 790 494 403 564 585 689 283 402 176 684 218 126 726 326 735 72 398 931 219 445 311 576 687 192 705 570 927 787 829 375 168 561 608 244 28 943 537 197 280 268 593 57 289 27 136 624 346 744 591 380 324 118 972 184 509 242 316 584 838 416 295 531 354 95 480 37 15 51 948 456 615 8 303 974 315 630 62 782 986 973 835 129 754 873 682 843 844 428 117 278 643 586 984 878 350 164 155 83 240 286 750 560 678 19 852 370 905 65 544 448 285 473 729 796 59 507 43 496 751 513 109 712 156 672 777 960 87 97 932 492 709 160 338 220 996 616 888 124 166 870 985 988 500 987 671 458 432 720 399 725 826 765 485 646 920 581 803 495 135 44 685 766 330 25 224 369 922 619 103 600 433 567 206 703 407 351 757 648 230 349 490 223 945 532 438 831 933 47 983 512 856 367 760 599 470 993 788 1 695 519 463 618 609 628 110 52 552 539 133 656 9 137 271 308 793 847 114 12 929 704 716 476 529 213 951 106 919 84 542 858 582 376 959 75 36 385 270 304 174 525 391 79 300 880 654 601 771 978 150 997 767 688 589 64 13 318 238 877 329 911 693 226 547 274 333 273 424 34 169 818 825 484 177 991 605 798 5 942 426 272 143 813 994 839 489 474 861 277 617 116 145 2 822 483 799 863 967 520 639 209 632 555 530 680 758 597 451 820 506 934 171 794 77 468 891 827 909 871 848 210 841 89 916 982 462 207 807 971 502 546 921 883 153 659 253 66 363 634 198 120 860 876 382 627 298 180 655 774 633 361 159 667 250 541 573 88 980 907 692 901 467 592 256 569 517 739 85 928 4 182 418 115 297 464 923 864 461 521 394 282 229 353 623 998 629 457 231 975 154 976 917 314 125 786 41 676 435 61 992 882 152 526 499 673 38 775 965 251 964 806 565 436 327 387 701 789 73 968 96 442 94 614 239 248 622 953 420 400 721 71 487 362 762 434 310 384 814 842 287 755 249 167 792 491 645 885 187 101 191 20 264 
656 746 32 267 819 35 201 105 466 437 824 465 479 626 390 699 805 359 162 881 211 111 54 332 590 91 26 568 232 708 706 183 610 454 292 894 557 306 340 533 234 119 33 170 185 924 724 875 652 734 323 514 157 396 543 281 817 952 259 638 158 498 613 753 246 749 186 906 419 405 49 970 940 769 93 190 199 740 797 714 528 357 23 779 178 900 188 408 472 583 748 897 963 950 379 401 452 738 301 553 108 664 130 747 151 556 55 235 944 444 571 482 14 926 39 1000 430 867 422 535 6 425 265 112 504 373 620 409 336 450 404 837 902 893 46 348 163 961 828 146 733 181 279 937 100 263 957 173 737 785 989 821 899 142 651 736 481 938 790 494 403 564 585 689 283 402 176 684 218 126 726 326 735 72 398 931 219 445 311 576 687 192 705 570 927 787 829 375 168 561 608 244 28 943 537 197 280 268 593 57 289 27 136 624 346 744 591 380 324 118 972 184 509 242 316 584 838 416 295 531 354 95 480 37 15 51 948 456 615 8 303 974 315 630 62 782 986 973 835 129 754 873 682 843 844 428 117 278 643 586 984 878 350 164 155 83 240 286 750 560 678 19 852 370 905 65 544 448 285 473 729 796 59 507 43 496 751 513 109 712 156 672 777 960 87 97 932 492 709 160 338 220 996 616 888 124 166 870 985 988 500 987 671 458 432 720 399 725 826 765 485 646 920 581 803 495 135 44 685 766 330 25 224 369 922 619 103 600 433 567 206 703 407 351 757 648 230 349 490 223 945 532 438 831 933 47 983 512 856 367 760 599 470 993 788 1 695 519 463 618 609 628 110 52 552 539 133 656 9 137 271 308 793 847 114 12 929 704 716 476 529 213 951 106 919 84 542 858 582 376 959 75 36 385 270 304 174 525 391 79 300 880 654 601 771 978 150 997 767 688 589 64 13 318 238 877 329 911 693 226 547 274 333 273 424 34 169 818 825 484 177 991 605 798 5 942 426 272 143 813 994 839 489 474 861 277 617 116 145 2 822 483 799 863 967 520 639 209 632 555 530 680 758 597 451 820 506 934 171 794 77 468 891 827 909 871 848 210 841 89 916 982 462 207 807 971 502 546 921 883 153 659 253 66 363 634 198 120 860 876 382 627 298 180 655 774 633 361 159 667 250 541 573 88 980 907 692 901 467 592 256 569 517 739 85 928 4 182 418 115 297 464 923 864 461 521 394 282 229 353 623 998 629 457 231 975 154 976 917 314 125 786 41 676 435 61 992 882 152 526 499 673 38 775 965 251 964 806 565 436 327 387 701 789 73 968 96 442 94 614 239 248 622 953 420 400 721 71 487 362 762 434 310 384 814 842 287 755 249 167 792 491 645 885 187 101 191 20 264 697 148 469 538 372 637 269 674 872 698 478 98 534 423 165 233 56 377 707 440 763 851 594 663 344 811 139 175 392 743 63 866 524 884 196 823 309 505 486 132 642 237 908 575 204 903 683 427 
218 893 46 348 163 961 828 146 733 181 279 937 100 263 957 173 737 785 989 821 899 142 651 736 481 938 790 494 403 564 585 689 283 402 176 684 218 126 726 326 735 72 398 931 219 445 311 576 687 192 705 570 927 787 829 375 168 561 608 244 28 943 537 197 280 268 593 57 289 27 136 624 346 744 591 380 324 118 972 184 509 242 316 584 838 416 295 531 354 95 480 37 15 51 948 456 615 8 303 974 315 630 62 782 986 973 835 129 754 873 682 843 844 428 117 278 643 586 984 878 350 164 155 83 240 286 750 560 678 19 852 370 905 65 544 448 285 473 729 796 59 507 43 496 751 513 109 712 156 672 777 960 87 97 932 492 709 160 338 220 996 616 888 124 166 870 985 988 500 987 671 458 432 720 399 725 826 765 485 646 920 581 803 495 135 44 685 766 330 25 224 369 922 619 103 600 433 567 206 703 407 351 757 648 230 349 490 223 945 532 438 831 933 47 983 512 856 367 760 
453 933 47 983 512 856 367 760 599 470 993 788 1 695 519 463 618 609 628 110 52 552 539 133 656 9 137 271 308 793 847 114 12 929 704 716 476 529 213 951 106 919 84 542 858 582 376 959 75 36 385 270 304 174 525 391 79 300 880 654 601 771 978 150 997 767 688 589 64 13 318 238 877 329 911 693 226 547 274 333 273 424 34 169 818 825 484 177 991 605 798 5 942 426 272 143 813 994 839 489 474 861 277 617 116 145 2 822 483 799 863 967 520 639 209 632 555 530 680 758 597 451 820 506 934 171 794 77 468 891 827 909 871 848 210 841 89 916 982 462 207 807 971 502 546 921 883 153 659 253 66 363 634 198 120 860 876 382 627 298 180 655 774 633 361 159 667 250 541 573 88 980 907 692 901 467 592 256 569 517 739 85 928 4 182 418 115 297 464 923 864 461 521 394 282 229 353 623 998 629 457 231 975 154 976 917 314 125 786 41 676 435 61 992 882 152 526 499 673 38 775 965 251 964 806 565 436 327 387 701 789 73 968 96 442 94 614 239 248 622 953 420 400 721 71 487 362 762 434 310 384 814 842 287 755 249 167 792 491 645 885 187 101 191 20 264 697 148 469 538 372 637 269 674 872 698 478 98 534 423 165 233 56 377 707 440 763 851 594 663 344 811 139 175 392 743 63 866 524 884 196 823 309 505 486 132 642 237 908 575 204 903 683 427 449 904 147 947 691 577 977 30 745 322 134 669 969 42 781 890 460 138 328 227 930 421 631 999 621 658 3 358 939 179 352 675 580 200 58 772 368 411 962 86 364 386 123 412 216 194 140 313 816 203 955 415 518 92 742 319 784 69 563 414 690 715 606 641 795 99 296 855 636 388 853 355 471 45 578 910 225 650 874 768 812 653 949 501 262 832 956 503 764 810 859 365 515 966 854 846 773 247 554 341 702 635 730 81 912 317 67 441 711 801 865 611 710 144 74 562 113 378 752 104 321 849 307 666 453 723 815 217 780 551 343 337 446 596 374 548 397 604 670 50 
127 620 409 336 450 404 837 902 893 46 348 163 961 828 146 733 181 279 937 100 263 957 173 737 785 989 821 899 142 651 736 481 938 790 494 403 564 585 689 283 402 176 684 218 126 726 326 735 72 398 931 219 445 311 576 687 192 705 570 927 787 829 375 168 561 608 244 28 943 537 197 280 268 593 57 289 27 136 624 346 744 591 380 324 118 972 184 509 242 316 584 838 416 295 531 354 95 480 37 15 51 948 456 615 8 303 974 315 630 62 782 986 973 835 129 754 873 682 843 844 428 117 278 643 586 984 878 350 
590 342 290 212 802 791 607 741 572 82 602 677 640 731 595 776 550 857 312 545 131 898 29 243 413 48 241 284 728 510 222 431 681 536 393 694 869 587 713 647 275 833 257 657 17 325 598 527 161 925 80 294 266 918 566 686 936 889 305 868 261 335 21 383 954 11 121 718 172 915 778 935 756 558 389 24 990 356 497 625 410 896 293 149 459 245 809 700 475 22 559 439 122 128 236 679 892 31 260 540 516 995 660 16 862 76 612 488 836 141 665 195 493 522 60 208 722 291 18 914 228 53 746 32 267 819 35 201 105 466 437 824 465 479 626 390 699 805 359 162 881 211 111 54 332 590 91 26 568 232 708 706 183 610 454 292 894 557 306 340 533 234 119 33 170 185 924 724 875 652 734 323 514 157 396 543 281 817 952 259 638 158 498 613 753 246 749 186 906 419 405 49 970 940 769 93 190 199 740 797 714 528 357 23 779 178 900 188 408 472 583 748 897 963 950 379 401 452 738 301 553 108 664 130 747 151 556 55 235 944 444 571 482 14 926 39 1000 430 867 422 535 6 425 265 112 504 373 620 409 336 450 404 837 902 893 46 348 163 961 828 146 733 181 279 937 100 263 957 173 737 785 989 821 899 142 651 736 481 938 790 494 403 564 585 689 283 402 176 684 218 126 726 326 735 72 398 931 219 445 311 576 687 192 705 570 927 787 829 375 168 561 608 244 28 943 537 197 280 268 593 57 289 27 136 624 346 744 591 380 324 118 972 184 509 242 316 584 838 416 295 531 354 95 480 37 15 51 948 456 615 8 303 974 315 630 62 782 986 973 835 129 754 873 682 843 844 428 117 278 643 586 984 878 350 164 155 83 240 286 750 560 678 19 852 370 905 65 544 448 285 473 729 796 59 507 43 496 751 513 109 712 156 672 777 960 87 97 932 492 709 160 338 220 996 616 888 124 166 870 985 988 500 987 671 458 432 720 399 725 826 765 485 646 920 581 803 495 135 44 685 766 330 25 224 369 922 619 103 600 433 567 206 703 407 351 757 648 230 349 490 223 945 532 438 831 933 47 983 512 856 367 760 599 470 993 788 1 695 519 463 618 609 628 110 52 552 539 133 656 9 137 271 308 793 847 114 12 929 704 716 476 529 213 951 106 919 84 542 858 582 376 959 75 36 385 270 304 174 525 391 79 300 880 654 601 771 978 150 997 767 688 589 64 13 318 238 877 329 911 693 226 547 274 333 273 424 34 169 818 825 484 177 991 605 798 5 942 426 272 143 813 994 839 489 474 861 277 617 116 145 2 822 483 799 863 967 520 639 209 632 555 530 680 758 597 451 820 506 934 171 794 
13 135 44 685 766 330 25 224 369 922 619 103 600 433 
403 158 498 613 753 246 749 186 906 419 405 49 970 940 769 93 190 199 740 797 714 528 357 23 779 178 900 188 408 472 583 748 897 963 950 379 401 452 738 301 553 108 664 130 747 151 556 55 235 944 444 571 482 14 926 39 1000 430 867 422 535 6 425 265 112 504 373 620 409 336 450 404 837 902 893 46 348 163 961 828 146 733 181 279 937 100 263 957 173 737 785 989 821 899 142 651 736 481 938 790 494 403 564 585 689 283 402 176 684 218 126 726 326 735 72 398 931 219 445 311 576 687 192 705 570 927 787 829 375 168 561 608 244 28 943 537 197 280 268 593 57 289 27 136 624 346 744 591 380 324 118 972 184 509 242 316 584 838 416 295 531 354 95 480 37 15 51 948 456 615 8 303 974 315 630 62 782 986 973 835 129 754 873 682 843 844 428 117 278 643 586 984 878 350 164 155 83 240 286 750 560 678 19 852 370 905 65 544 448 285 473 729 796 59 507 43 496 751 513 109 712 156 672 777 960 87 97 932 492 709 160 338 220 996 616 888 124 166 870 985 988 500 987 671 458 432 720 399 725 826 765 485 646 920 581 803 495 135 44 685 766 330 25 224 369 922 619 103 600 433 567 206 703 407 351 757 648 230 349 490 223 945 532 438 831 933 47 983 512 856 367 760 599 470 993 788 1 695 519 463 618 609 628 110 52 552 539 133 656 9 137 271 308 793 847 114 12 929 704 716 476 529 213 951 106 919 84 542 858 582 376 959 75 36 385 270 304 174 525 391 79 300 880 654 601 771 978 150 997 767 688 589 64 13 318 238 877 329 911 693 226 547 274 333 273 424 34 169 818 825 484 177 991 605 798 5 942 426 272 143 813 994 839 489 474 861 277 617 116 145 2 822 483 799 863 967 520 639 209 632 555 530 680 758 
650 283 402 176 684 218 126 726 326 735 72 398 931 219 445 311 576 687 192 705 570 927 787 829 375 168 561 608 244 28 943 537 197 280 268 593 57 289 27 136 624 346 744 591 380 324 118 972 184 509 242 316 584 838 416 295 531 354 95 480 37 15 51 948 456 615 8 303 974 315 630 62 782 986 973 835 129 754 873 682 843 844 428 117 278 643 586 984 878 350 164 155 83 240 286 750 560 678 19 852 370 905 65 544 448 285 473 729 796 59 507 43 496 751 513 109 712 156 672 777 960 87 97 932 492 709 160 338 220 996 616 888 124 166 870 985 988 500 987 671 458 432 720 399 725 826 765 485 646 920 581 803 495 135 44 685 766 330 25 224 369 922 619 103 600 433 567 206 703 407 351 757 648 230 349 490 223 945 532 438 831 933 47 983 512 856 367 760 599 470 993 788 1 695 519 463 618 609 628 110 52 552 539 133 656 9 137 271 308 793 847 114 12 929 704 716 476 529 213 951 106 919 84 542 858 582 376 959 75 36 385 270 304 174 525 391 79 300 880 654 601 771 978 150 997 767 688 589 64 13 318 238 877 329 911 693 226 547 274 333 273 424 34 169 818 825 484 177 991 605 798 5 942 426 272 143 813 994 839 489 474 861 277 617 116 145 2 822 483 799 863 967 520 639 209 632 555 530 680 758 597 451 820 506 934 171 794 77 468 891 827 909 871 848 210 841 89 916 982 462 207 807 971 502 546 921 883 153 659 253 66 363 634 198 120 860 876 382 627 298 180 655 774 633 361 159 667 250 541 573 88 980 907 692 901 467 592 256 569 517 739 85 928 4 182 418 115 297 464 923 864 461 521 394 282 229 353 623 998 629 457 231 975 154 976 917 314 125 786 41 676 435 61 992 882 152 526 499 673 38 775 965 251 964 806 565 436 327 387 701 789 73 968 96 442 94 614 239 248 622 953 420 400 721 71 487 362 762 434 310 384 814 842 287 755 249 167 792 491 645 885 187 101 191 20 264 697 148 469 538 372 637 269 674 872 698 478 98 534 423 165 233 56 377 707 440 763 851 594 663 344 811 139 175 392 743 63 866 524 884 196 823 309 505 486 132 642 237 908 575 204 903 683 427 449 904 147 947 691 577 977 30 745 322 134 669 969 42 781 890 460 138 328 227 930 421 631 999 621 658 3 358 939 179 352 675 580 200 58 772 368 411 962 86 364 386 123 412 216 194 140 313 816 203 955 415 518 92 742 319 784 69 563 414 690 715 606 641 795 99 296 855 636 388 853 355 471 45 578 910 225 650 874 768 812 653 949 501 262 832 956 503 764 810 859 365 515 966 854 846 773 247 554 341 702 635 730 81 912 317 67 441 711 801 865 611 710 144 74 562 113 378 752 104 321 849 307 666 453 723 815 217 780 551 343 337 446 596 374 548 397 604 670 50 574 511 102 946 417 40 662 886 78 360 255 107 447 808 339 276 759 
241 286 750 560 678 19 852 370 905 65 544 448 285 473 729 796 59 507 43 496 751 513 109 712 156 672 777 960 87 97 932 492 709 160 338 220 996 616 888 124 166 870 985 988 500 987 671 458 432 720 399 725 826 765 485 646 920 581 803 495 135 44 685 766 330 25 224 369 922 619 103 600 433 567 206 703 407 351 757 648 230 349 490 223 945 532 438 831 933 47 983 512 856 367 760 599 470 993 788 1 695 519 463 618 609 628 110 52 552 539 133 656 9 137 271 308 793 847 114 12 929 704 716 476 529 213 951 106 919 84 542 858 582 376 959 75 36 385 270 304 174 525 391 79 300 880 654 601 771 978 150 997 767 688 589 64 13 318 238 877 329 911 693 226 547 274 333 273 424 34 169 818 825 484 177 991 605 798 5 942 426 272 143 813 994 839 489 474 861 277 617 116 145 2 822 483 799 863 967 520 639 209 632 555 530 680 758 597 451 820 506 934 171 794 77 468 891 827 909 871 848 210 841 89 916 982 462 207 807 971 502 546 921 883 153 659 253 66 363 634 198 120 
56 380 324 118 972 184 509 242 316 584 838 416 295 531 354 95 480 37 15 51 948 456 615 8 303 974 315 630 62 782 986 973 835 129 754 873 682 843 844 428 117 278 643 586 984 878 350 164 155 83 240 286 750 560 678 19 852 
388 6 425 265 112 504 373 620 409 336 450 404 837 902 893 46 348 163 961 828 146 733 181 279 937 100 263 957 173 737 785 989 821 899 142 651 736 481 938 790 494 403 564 585 689 283 402 176 684 218 126 726 326 735 72 398 931 219 445 311 576 687 192 705 570 927 787 829 375 168 561 608 244 28 943 537 197 280 268 593 57 289 27 136 624 346 744 591 380 324 118 972 184 509 242 316 584 838 416 295 531 354 95 480 37 15 51 948 456 615 8 303 974 315 630 62 782 986 973 835 129 754 873 682 843 844 428 117 278 643 586 984 878 350 164 155 83 240 286 750 560 678 19 852 370 905 65 544 448 285 473 729 796 59 507 43 496 751 513 109 712 156 672 777 960 87 97 932 492 709 160 338 220 996 616 888 124 166 870 985 988 500 987 671 458 432 720 399 725 826 765 485 646 920 581 803 495 135 44 685 766 330 25 224 369 922 619 103 600 433 567 206 703 407 351 757 648 230 349 490 223 945 532 438 831 933 47 983 512 856 367 760 599 470 993 788 1 695 519 463 618 609 628 110 52 552 539 133 656 9 137 271 308 793 847 114 12 929 704 716 476 529 213 951 106 919 84 542 858 582 376 959 75 36 385 270 304 174 525 391 79 300 880 654 601 771 978 150 997 767 688 589 64 13 318 238 877 329 911 693 226 547 274 333 273 424 34 169 818 825 484 177 991 605 798 5 942 426 272 143 813 994 839 489 474 861 277 617 116 145 2 822 483 799 863 967 520 639 209 632 555 530 680 758 597 451 820 506 934 171 794 77 468 891 827 909 871 848 210 841 89 916 982 462 207 807 971 502 546 921 883 153 659 253 66 363 634 198 120 860 876 382 627 298 180 655 774 633 361 
818 257 657 17 325 598 527 161 925 80 294 266 918 566 686 936 889 305 868 261 335 21 383 954 11 121 718 172 915 778 935 756 558 389 24 990 356 497 625 410 896 293 149 459 245 809 700 475 22 559 439 122 128 236 679 892 31 260 540 516 995 660 16 862 76 612 488 836 141 665 195 493 522 60 208 722 291 18 914 228 53 746 32 267 819 35 201 105 466 437 824 465 479 626 390 699 805 359 162 881 211 111 54 332 590 91 26 568 232 708 706 183 610 454 292 894 557 306 340 533 234 119 33 170 185 924 724 875 652 734 323 514 157 396 543 281 817 952 259 638 158 498 613 753 246 749 186 906 419 405 49 970 940 769 93 190 199 740 797 714 528 357 23 779 178 900 188 408 472 583 748 897 963 950 379 401 452 738 301 553 108 664 130 747 151 556 55 235 944 444 571 482 14 926 39 1000 430 867 422 535 6 425 265 112 504 373 620 409 336 450 404 837 902 893 46 348 163 961 828 146 733 181 279 937 100 263 957 173 737 785 989 821 899 142 651 736 481 938 790 494 403 564 585 689 283 402 176 684 218 126 726 326 735 72 398 931 219 445 311 576 687 192 705 570 927 787 829 375 168 561 608 244 28 943 537 197 280 268 593 57 289 27 136 624 346 744 591 380 324 118 972 184 509 242 316 584 838 416 295 531 354 95 480 37 15 51 948 456 615 8 303 974 315 630 62 782 986 973 835 129 754 873 682 843 844 428 117 278 643 586 984 878 350 164 155 83 240 286 750 560 678 19 852 370 905 65 544 448 285 473 729 796 59 507 43 496 751 513 109 712 156 672 777 960 87 97 932 492 709 160 338 220 996 616 888 124 166 870 985 988 500 987 671 458 432 720 399 725 826 765 485 646 920 581 803 495 135 44 685 766 330 25 224 369 922 619 103 600 433 567 206 703 407 351 757 648 230 349 490 223 945 532 438 831 933 47 983 512 856 367 760 599 470 993 788 1 695 519 463 618 609 628 110 52 552 539 133 656 9 137 271 308 793 847 114 12 929 704 716 476 529 213 951 106 919 84 542 858 582 376 959 75 36 385 270 304 174 525 391 79 300 880 654 601 771 978 150 997 767 688 589 64 13 318 238 877 329 911 693 226 547 274 333 273 424 34 169 818 825 484 177 991 605 798 5 942 426 272 143 813 994 839 489 474 861 277 617 116 145 2 822 483 799 863 967 520 639 209 632 555 530 680 758 597 451 820 506 934 171 794 77 468 891 827 909 871 848 210 841 89 916 982 462 207 807 971 502 546 921 883 153 659 253 66 363 634 198 120 860 876 382 627 298 180 655 774 633 361 159 667 250 541 573 88 980 907 692 901 467 592 256 569 517 739 85 928 4 182 418 115 297 464 923 864 461 521 394 282 229 353 623 998 629 457 231 975 154 976 917 314 125 786 41 676 435 61 992 882 152 526 499 673 38 775 965 251 964 806 565 436 327 387 701 789 73 968 96 442 94 614 239 248 622 953 420 400 721 71 487 362 762 434 310 384 814 842 287 755 249 167 792 491 645 885 187 101 191 20 264 697 148 469 538 372 637 269 674 872 698 478 98 534 423 165 233 56 377 707 440 763 851 594 663 344 811 139 175 392 743 63 866 524 884 196 823 309 505 486 132 642 237 908 575 204 903 683 427 449 904 147 947 691 577 977 30 745 322 134 669 969 42 781 890 460 138 328 227 930 421 631 999 621 658 3 358 939 179 352 675 580 200 58 772 368 411 962 86 364 386 123 412 216 194 140 313 816 203 955 415 518 92 742 319 784 69 563 414 690 715 606 641 795 99 296 855 636 388 853 355 471 45 578 910 225 650 874 768 812 653 
855 889 305 868 261 335 21 383 954 11 121 718 172 915 778 935 756 558 389 24 990 356 497 625 410 896 293 149 459 245 809 700 475 22 559 439 122 128 236 679 892 31 260 540 516 995 660 16 862 76 612 488 836 141 665 195 493 522 60 208 722 291 18 914 228 53 746 32 267 819 35 201 105 466 437 824 465 479 626 390 699 805 359 162 881 211 111 54 332 590 91 26 568 232 708 706 183 610 454 292 894 557 306 340 533 234 119 33 170 185 924 724 875 652 734 323 514 157 396 543 281 817 952 259 638 158 498 613 753 246 749 186 906 419 405 49 970 940 769 93 190 199 740 797 714 528 357 23 779 178 900 188 408 472 583 748 897 963 950 379 401 452 738 301 553 108 664 130 747 151 556 55 235 944 444 571 482 14 926 39 1000 430 867 422 535 6 425 265 112 504 373 620 409 336 450 404 837 902 893 46 348 163 961 828 146 733 181 279 937 100 263 957 173 737 785 989 821 899 142 651 736 481 938 790 494 403 564 585 689 283 402 176 684 218 126 726 326 735 72 398 931 219 445 311 576 687 192 705 570 927 787 829 375 168 561 608 244 28 943 537 197 280 268 593 57 289 27 136 624 346 744 591 380 324 118 972 184 509 242 316 584 838 416 295 531 354 95 480 37 15 51 948 456 615 8 303 974 315 630 62 782 986 973 835 129 754 873 682 843 844 428 117 278 643 586 984 878 350 164 155 83 240 286 750 560 678 19 852 370 905 65 544 448 285 473 729 796 59 507 43 496 751 513 109 712 156 672 777 960 87 97 932 492 709 160 338 220 996 616 888 124 166 870 985 988 500 987 671 458 432 720 399 725 826 765 485 646 920 581 803 495 135 44 685 766 330 25 224 369 922 619 103 600 433 567 206 703 407 351 757 648 230 349 490 223 945 532 438 831 933 47 983 512 856 367 760 599 470 993 788 1 695 519 463 618 609 628 110 52 552 539 133 656 9 137 271 308 793 847 114 12 929 704 716 476 529 213 951 106 919 84 542 858 582 376 959 75 36 385 270 304 174 525 391 79 300 880 654 601 771 978 150 997 767 688 589 64 13 318 238 877 329 911 693 226 547 274 333 273 424 34 169 818 825 484 177 991 605 798 5 942 426 272 143 813 994 839 489 474 861 277 617 116 145 2 822 483 799 863 967 520 639 209 632 555 530 680 758 597 451 820 506 934 171 794 77 468 891 827 909 871 848 210 841 89 916 982 462 207 807 971 502 546 921 883 153 659 253 66 363 634 198 120 860 876 382 627 298 180 655 774 633 361 159 667 250 541 573 88 980 907 692 901 467 592 256 569 517 739 85 928 4 182 418 115 297 464 923 864 461 521 394 282 229 353 623 998 629 457 231 975 154 976 917 314 125 786 41 676 435 61 992 882 152 526 499 673 38 775 965 251 964 806 565 436 327 387 701 789 73 968 96 442 94 614 239 248 622 953 420 400 721 71 487 362 762 434 310 384 814 842 287 755 249 167 792 491 645 885 187 101 191 20 264 697 148 469 538 372 637 269 674 872 698 478 98 534 423 165 233 56 377 707 440 763 851 594 663 344 811 139 175 392 743 63 866 524 884 196 823 309 505 486 132 642 237 908 575 204 903 683 427 449 904 147 947 691 577 977 30 745 322 134 669 969 42 781 890 460 138 328 227 930 421 631 999 621 658 3 358 939 179 352 675 580 200 58 772 368 411 962 86 364 386 123 412 216 194 140 313 816 203 955 415 518 92 742 319 784 69 563 414 690 715 606 641 795 99 296 855 636 388 853 355 471 45 578 910 225 650 874 768 812 653 949 501 262 832 956 503 764 810 859 365 515 966 854 846 773 247 554 341 702 635 730 81 912 317 67 441 711 801 865 611 710 144 74 562 113 378 752 104 321 849 307 666 453 723 815 217 780 551 343 337 446 596 
724 867 422 535 6 425 265 112 504 373 620 409 336 450 404 837 902 893 46 348 163 961 828 146 733 181 279 937 100 263 957 173 737 785 989 821 899 142 651 736 481 938 790 494 403 564 585 689 283 402 176 684 218 126 726 326 735 72 398 931 219 445 311 576 687 192 705 570 927 787 829 375 168 561 608 244 28 943 537 197 280 268 593 57 289 27 136 624 346 744 591 380 324 118 972 184 509 242 316 584 838 416 295 531 354 95 480 37 15 51 948 456 615 8 303 974 315 630 62 782 986 973 835 129 754 873 682 843 844 428 117 278 643 586 984 878 350 164 155 83 240 286 750 560 678 19 852 370 905 65 544 448 285 473 729 796 59 507 43 496 751 513 109 712 156 672 777 960 87 97 932 492 709 160 338 220 996 616 888 124 166 870 985 988 500 987 671 458 432 720 399 725 826 765 485 646 920 581 803 495 135 44 685 766 330 25 224 369 922 619 103 600 433 567 206 703 407 351 757 648 230 349 490 223 945 532 438 831 933 47 983 512 856 367 760 599 470 993 788 1 695 519 463 618 609 628 110 52 552 539 133 656 9 137 271 308 793 847 114 12 929 704 716 476 529 213 951 106 919 84 542 858 582 376 959 75 36 385 270 304 174 525 391 79 300 880 654 601 771 978 150 997 767 688 589 64 13 318 238 877 329 911 693 226 547 274 333 273 424 34 169 818 825 484 177 991 605 798 5 942 426 272 143 813 994 839 489 474 861 277 617 116 145 2 822 483 799 863 967 520 639 209 632 555 530 680 758 597 451 820 506 934 171 794 77 468 891 827 909 871 848 210 841 89 916 982 462 207 807 971 502 546 921 883 153 659 253 66 363 634 198 120 860 876 382 627 298 180 655 774 633 361 159 667 250 541 573 88 980 907 692 901 467 592 256 569 517 739 85 928 4 182 418 115 297 464 923 864 461 521 394 282 229 353 623 998 629 457 231 975 154 976 917 314 125 786 41 676 435 61 992 882 152 526 499 673 38 775 965 251 964 806 565 436 327 387 701 789 73 968 96 442 94 614 239 248 622 953 420 400 721 71 487 362 762 434 310 384 814 842 287 755 249 167 792 491 645 885 187 101 191 20 264 697 148 469 538 372 637 269 674 872 698 478 98 534 423 165 233 56 377 707 440 763 851 594 663 344 811 139 175 392 743 63 866 524 884 196 823 309 505 486 132 642 237 908 575 204 903 683 427 449 904 147 947 691 577 977 30 745 322 134 669 969 42 781 890 460 138 328 227 930 421 631 999 621 658 3 358 939 179 352 675 580 200 58 772 368 411 962 86 364 386 123 412 216 194 140 313 816 203 955 415 518 92 742 319 784 69 563 414 690 715 606 641 795 99 296 855 636 388 853 355 471 45 578 910 225 650 874 768 812 653 949 501 262 832 956 503 764 810 859 365 515 966 854 846 773 247 554 341 702 635 730 81 912 317 67 441 711 801 865 611 710 144 74 562 113 378 752 104 321 849 307 666 453 723 815 217 780 551 343 337 446 596 374 548 397 604 670 50 574 511 102 946 417 40 662 886 78 360 255 107 447 808 339 276 759 981 649 979 302 732 202 941 783 429 347 68 299 10 717 127 850 345 258 254 668 70 727 603 331 523 895 800 
553 136 624 346 744 591 380 324 118 972 184 509 242 316 584 838 416 295 531 354 95 480 37 15 51 948 456 615 8 303 974 315 630 62 782 986 973 835 129 754 873 682 843 844 428 117 278 643 586 984 878 350 164 155 83 240 286 750 560 678 19 852 370 905 65 544 448 285 473 729 796 59 507 43 496 751 513 109 712 156 672 777 960 87 97 932 492 709 160 338 220 996 616 888 124 166 870 985 988 500 987 671 458 432 720 399 725 826 765 485 646 920 581 803 495 135 44 685 766 330 25 224 369 922 619 103 600 433 567 206 703 407 351 757 648 230 349 490 223 945 532 438 831 933 47 983 512 856 367 760 599 470 993 788 1 695 519 463 618 609 628 110 52 552 539 133 656 9 137 271 308 793 847 114 12 929 704 716 476 529 213 951 106 919 84 542 858 582 376 959 75 36 385 270 304 174 525 391 79 300 880 654 601 771 978 150 997 767 688 589 64 13 318 238 877 329 911 693 226 547 274 333 273 424 34 169 818 825 484 177 991 605 798 5 942 426 272 143 813 994 839 489 474 861 277 617 116 145 2 822 483 799 863 967 520 639 209 632 555 530 680 758 597 451 820 506 934 171 794 77 468 891 827 909 871 848 210 841 89 916 982 462 207 807 971 502 546 921 883 153 659 253 66 363 634 198 120 860 876 382 627 298 180 655 774 633 361 159 667 250 541 573 88 980 907 692 901 467 592 256 569 517 739 85 928 4 182 418 115 297 464 923 864 461 521 394 282 229 353 623 998 629 457 231 975 154 976 917 314 125 786 41 676 435 61 992 882 152 526 499 673 38 775 965 251 964 806 565 436 327 387 701 789 73 968 96 442 94 614 239 248 622 953 420 400 721 71 487 362 762 434 310 384 814 842 287 755 249 167 792 491 645 885 187 101 191 20 264 697 148 469 538 372 637 269 674 872 698 478 98 534 423 165 233 56 377 707 440 763 851 594 663 344 811 139 175 392 743 63 866 524 884 196 823 309 505 486 132 642 237 908 575 204 903 683 427 449 904 147 947 691 577 977 30 745 322 134 669 969 42 781 890 460 138 328 227 930 421 631 999 621 658 3 358 939 179 352 675 580 200 58 772 368 411 962 86 364 386 123 412 216 194 140 313 816 203 955 415 518 92 742 319 784 69 563 414 690 715 606 641 795 99 296 855 636 388 853 355 471 45 578 910 225 650 874 768 812 653 949 501 262 832 956 503 764 810 859 365 515 966 854 846 773 247 
979 381 761 477 887 508 770 252 644 189 90 549 719 395 406 696 579 661 193 7 455 366 320 845 958 834 443 371 840 804 221 342 290 212 802 791 607 741 572 82 602 677 640 731 595 776 550 857 312 545 131 898 29 243 413 48 241 284 728 510 222 431 681 536 393 694 869 587 713 647 275 833 257 657 17 325 598 527 161 925 80 294 266 918 566 686 936 889 305 868 261 335 21 383 954 11 121 718 172 915 778 935 756 558 389 24 990 356 497 625 410 896 293 149 459 245 809 700 475 22 559 439 122 128 236 679 892 31 260 540 516 995 660 16 862 76 612 488 836 141 665 195 493 522 60 208 722 291 18 914 228 53 746 32 267 819 35 201 105 466 437 824 465 479 626 390 699 805 359 162 881 211 111 54 332 590 91 26 568 232 708 706 183 610 454 292 894 557 306 340 533 234 119 33 170 185 924 724 875 652 734 323 514 157 396 543 281 817 952 259 638 158 498 613 753 246 749 186 906 419 405 49 970 940 769 93 190 199 740 797 714 528 357 23 779 178 900 188 408 472 583 748 897 963 950 379 401 452 738 301 553 108 664 130 747 151 556 55 235 944 444 571 482 14 926 39 1000 430 867 422 535 6 425 265 112 504 373 620 409 336 450 404 837 902 893 46 348 163 961 828 146 733 181 279 937 100 263 957 173 737 785 989 821 899 142 651 736 481 938 790 494 403 564 585 689 283 402 176 684 218 126 726 326 735 72 398 931 219 445 311 576 687 192 705 570 927 787 829 375 168 561 608 244 28 943 537 197 280 268 593 57 289 27 136 624 346 744 591 380 324 118 972 184 509 242 316 584 838 416 295 531 354 95 480 37 15 51 948 456 615 8 303 974 315 630 62 782 986 973 835 129 754 873 682 843 844 428 117 278 643 586 984 878 350 164 155 83 240 286 750 560 678 19 852 370 905 65 544 448 285 473 729 796 59 507 43 496 751 513 109 712 156 672 777 960 87 97 932 492 709 160 338 220 996 616 888 124 166 870 985 988 500 987 671 458 432 720 399 725 826 765 485 646 920 581 803 495 135 44 685 766 330 25 224 369 922 619 103 600 433 567 206 703 407 351 757 648 230 349 490 223 945 532 438 831 933 47 983 512 856 367 760 599 470 993 788 1 695 519 463 618 609 628 110 52 552 539 133 656 9 137 271 308 793 847 114 12 929 704 716 476 529 213 951 106 919 84 542 858 582 376 959 75 36 385 270 304 174 525 391 79 300 880 654 601 771 978 150 997 767 688 589 64 13 318 238 877 329 911 693 226 547 274 333 273 424 34 169 818 825 484 177 991 605 798 5 942 426 272 143 813 994 839 489 474 861 277 617 116 145 2 822 483 799 863 967 520 639 209 632 555 530 680 758 597 451 820 506 934 171 794 77 468 891 827 909 871 848 210 841 89 916 982 462 207 807 971 502 546 921 883 153 659 253 66 363 634 198 120 860 876 382 627 298 180 655 774 633 361 159 667 250 541 573 88 980 907 692 901 467 592 256 569 517 739 85 928 4 182 418 115 297 464 923 864 461 521 394 282 229 353 623 998 629 457 231 975 154 976 917 314 125 786 41 676 435 61 992 882 152 526 499 673 38 775 965 251 964 806 565 436 327 387 701 789 73 968 96 442 94 614 239 248 622 953 420 400 721 71 487 362 762 434 310 384 814 842 287 755 249 167 792 491 645 885 187 101 191 20 264 697 148 469 538 372 637 269 674 872 698 478 98 534 423 165 233 56 377 707 440 763 851 594 663 344 811 139 175 392 743 63 866 524 884 196 823 309 505 486 132 642 237 908 575 204 903 683 427 449 904 147 947 691 577 977 30 745 322 134 669 969 42 781 890 460 138 328 227 930 421 631 999 621 658 3 358 939 179 352 675 580 200 58 772 368 411 962 86 364 386 123 412 216 194 140 313 816 203 955 415 518 92 742 319 784 69 563 414 690 715 606 641 795 99 296 855 636 388 853 355 471 45 578 910 225 650 874 768 812 653 949 501 262 832 956 503 764 810 859 365 515 966 854 846 773 247 554 341 702 635 730 81 912 317 67 441 711 801 865 611 710 144 74 562 113 378 752 104 321 849 307 666 453 723 815 217 780 551 343 337 446 596 374 548 397 604 670 50 574 511 102 946 417 40 662 886 78 360 255 107 447 808 339 276 759 981 649 979 302 732 202 941 783 429 347 68 299 10 717 127 
890 212 802 791 607 741 572 82 602 677 640 731 595 776 550 857 312 545 131 898 29 243 413 48 241 284 728 510 222 431 681 536 393 694 869 587 713 647 275 833 257 657 17 325 598 527 161 925 80 294 266 918 566 686 936 889 305 868 261 335 21 383 954 11 121 718 172 915 778 935 756 558 389 24 990 356 497 625 410 896 293 149 459 245 809 700 475 22 559 439 122 128 236 679 892 31 260 540 516 995 660 16 862 76 612 488 836 141 665 195 493 522 60 208 722 291 18 914 228 53 746 32 267 819 35 201 105 466 437 824 465 479 626 390 699 805 359 162 881 211 111 54 332 590 91 26 568 232 708 706 183 610 454 292 894 557 306 340 533 234 119 33 170 185 924 724 875 652 734 323 514 157 396 543 281 817 952 259 638 158 498 613 753 246 749 186 906 419 405 49 970 940 769 93 190 199 740 797 714 528 357 23 779 178 900 188 408 472 583 748 897 963 950 379 401 452 738 301 553 108 664 130 747 151 556 55 235 944 444 571 482 14 926 39 1000 430 867 422 535 6 425 265 112 504 373 620 409 336 450 404 837 902 893 46 348 163 961 828 146 733 181 279 937 100 263 957 173 737 785 989 821 899 142 651 736 481 938 790 494 403 564 585 689 283 402 176 684 218 126 726 326 735 72 398 931 219 445 311 576 687 192 705 570 927 787 829 375 168 561 608 244 28 943 537 197 280 268 593 57 289 27 136 624 346 744 591 380 324 118 972 184 509 242 316 584 838 416 295 531 354 95 480 37 15 51 948 456 615 8 303 974 315 630 62 782 986 973 835 129 754 873 682 843 844 428 117 278 643 586 984 878 350 164 155 83 240 286 750 560 678 19 852 370 905 65 544 448 285 473 729 796 59 507 43 496 751 513 109 712 156 672 777 960 87 97 932 492 709 160 338 220 996 616 888 124 166 870 985 988 500 987 671 458 432 720 399 725 826 765 485 646 920 581 803 495 135 44 685 766 330 25 224 369 922 619 103 600 433 567 206 703 407 351 757 648 230 349 490 223 945 532 438 831 933 47 983 512 856 367 760 599 470 993 788 1 695 519 463 618 609 628 110 52 552 539 133 656 9 137 271 308 793 847 114 12 929 704 716 476 529 213 951 106 919 84 542 858 582 376 959 75 36 385 270 304 174 525 391 79 300 880 654 601 771 978 150 997 767 688 589 64 13 318 238 877 329 911 693 226 547 274 333 273 424 34 169 818 825 484 177 991 605 798 5 942 426 272 143 813 994 839 489 474 861 277 617 116 145 2 822 483 799 863 967 520 639 209 632 555 530 680 758 597 451 820 506 934 171 794 77 468 891 827 909 871 848 210 841 89 916 982 462 207 807 971 502 546 921 883 153 659 253 66 363 634 198 120 860 876 382 627 298 180 655 774 633 361 159 667 250 541 573 88 980 907 692 901 467 592 256 569 517 739 85 928 4 182 418 115 297 464 923 864 461 521 394 282 229 353 623 998 629 457 231 975 154 976 917 314 125 786 41 676 435 61 992 882 152 526 499 673 38 775 965 251 964 806 565 436 327 387 701 789 73 968 96 442 94 614 239 248 622 953 420 400 721 71 487 362 762 434 310 384 814 842 287 755 249 167 792 491 645 885 187 101 191 20 264 697 148 469 538 372 637 269 674 872 698 478 98 534 423 165 233 56 377 707 440 763 851 594 663 344 811 139 175 392 743 63 866 524 884 196 823 309 505 486 132 642 237 908 575 204 903 683 427 449 904 147 947 691 577 977 30 745 322 134 669 969 42 781 890 460 138 328 227 930 421 631 999 621 658 3 358 939 179 352 675 580 200 58 772 368 411 962 86 364 386 123 412 216 194 140 313 816 203 955 415 518 92 742 319 784 69 563 414 690 715 606 641 795 99 296 855 636 388 853 355 471 45 578 910 225 650 874 768 812 653 949 501 262 832 956 503 764 810 859 365 515 966 854 846 773 247 554 341 702 635 730 81 912 317 67 441 711 801 865 611 710 144 74 
427 281 817 952 259 638 158 498 613 753 246 749 186 906 419 405 49 970 940 769 93 190 199 740 797 714 528 357 23 779 178 900 188 408 472 583 748 897 963 950 379 401 452 738 301 553 108 664 130 747 151 556 55 235 944 444 571 482 14 926 39 1000 430 867 422 535 6 425 265 112 504 373 620 409 336 450 404 837 902 893 46 348 163 961 828 146 733 181 279 937 100 263 957 173 737 785 989 821 899 142 651 736 481 938 790 494 403 564 585 689 283 402 176 684 218 126 726 326 735 72 398 931 219 445 311 576 687 192 705 570 927 787 829 375 168 561 608 244 28 943 537 197 280 268 593 57 289 27 136 624 346 744 591 380 324 118 972 184 509 242 316 584 838 416 295 531 354 95 480 37 15 51 948 456 615 8 303 974 315 630 62 782 986 973 835 129 754 873 682 843 844 428 117 278 643 586 984 878 350 164 155 83 240 286 750 560 678 19 852 370 905 65 544 448 285 473 729 796 59 507 43 496 751 513 109 712 156 672 777 960 87 97 932 492 709 160 338 220 996 616 888 124 166 870 985 988 500 987 671 458 432 720 399 725 826 765 485 646 920 581 803 495 135 44 685 766 330 25 224 369 922 619 103 600 433 567 206 703 407 351 757 648 230 349 490 223 945 532 438 831 933 47 983 512 856 367 760 599 470 993 788 1 695 519 463 618 609 628 110 52 552 539 133 656 9 137 271 308 793 847 114 12 929 704 716 476 529 213 951 106 919 84 542 858 582 376 959 75 36 385 270 304 174 525 391 79 300 880 654 601 771 978 150 997 767 688 589 64 13 318 238 877 329 911 693 226 547 274 333 273 424 34 169 818 825 484 177 991 605 798 5 942 426 272 143 813 994 839 489 474 861 277 617 116 145 2 822 483 799 863 967 520 639 209 632 555 530 680 758 597 451 820 506 934 171 794 77 468 891 827 909 871 848 210 841 89 916 982 
518 706 183 610 454 292 894 557 306 340 533 234 119 33 170 185 924 724 875 652 734 323 514 157 396 543 281 817 952 259 638 158 498 613 753 246 749 186 906 419 405 49 970 940 769 93 190 199 740 797 714 528 357 23 779 178 900 188 408 472 583 748 897 963 950 379 401 452 738 301 553 108 664 130 747 151 556 55 235 944 444 571 482 14 926 39 1000 430 867 422 535 6 425 265 112 504 373 620 409 336 450 404 837 902 893 46 348 163 961 828 146 733 181 279 937 100 263 957 173 737 785 989 821 899 142 651 736 481 938 790 494 403 564 585 689 283 402 176 684 218 126 726 326 735 72 398 931 219 445 311 576 687 192 705 570 927 787 829 375 168 561 608 244 28 943 537 197 280 268 593 57 289 27 136 624 346 744 591 380 324 118 972 184 509 242 316 584 838 416 295 531 354 95 480 37 15 51 948 456 615 8 303 974 315 630 62 782 986 973 835 129 754 873 682 843 844 428 117 278 643 586 984 878 350 164 155 83 240 286 750 560 678 19 852 370 905 65 544 448 285 473 729 796 59 507 43 496 751 513 109 712 156 672 777 960 87 97 932 492 709 160 338 220 996 616 888 124 166 870 985 988 500 987 671 458 432 720 399 725 826 765 485 646 920 581 803 495 135 44 685 766 330 25 224 369 922 619 103 600 433 567 206 703 407 351 757 648 230 349 490 223 945 532 438 831 933 47 983 512 856 367 760 599 470 993 788 1 695 519 463 618 609 628 110 52 552 539 133 656 9 137 271 308 793 847 114 12 929 704 716 476 529 213 951 106 919 84 542 858 582 376 959 75 36 385 270 304 174 525 391 79 300 880 654 601 771 978 150 997 767 688 589 64 13 318 238 877 329 911 693 226 547 274 333 273 424 34 169 818 825 484 177 991 605 798 5 942 426 272 143 813 994 839 489 474 861 277 617 116 145 2 822 483 799 863 967 520 639 209 632 555 530 680 758 597 451 820 506 934 171 794 77 468 891 827 909 871 848 210 841 89 916 982 462 207 807 971 502 546 921 883 153 659 253 66 363 634 198 120 860 876 382 627 298 180 655 774 633 361 159 667 250 541 573 88 980 907 692 901 467 592 256 569 517 739 85 928 4 182 418 115 297 464 923 864 461 521 394 282 229 353 623 998 629 457 231 975 154 976 
680 108 664 130 747 151 556 55 235 944 444 571 482 14 926 39 1000 430 867 422 535 6 425 265 112 504 373 620 409 336 450 404 837 902 893 46 348 163 961 828 146 733 181 279 937 100 263 957 173 737 785 989 821 899 142 651 736 481 938 790 494 403 564 585 689 283 402 176 684 218 126 726 326 735 72 398 931 219 445 311 576 687 192 705 570 927 787 829 375 168 561 608 244 28 943 537 197 280 268 593 57 289 27 136 624 346 744 591 380 324 118 972 184 509 242 316 584 838 416 295 531 354 95 480 37 15 51 948 456 615 8 303 974 315 630 62 782 986 973 835 129 754 873 682 843 844 428 117 278 643 586 984 878 350 164 155 83 240 286 750 560 678 19 852 370 905 65 544 448 285 473 729 796 59 507 43 496 751 513 109 712 156 672 777 960 87 97 932 492 709 160 338 220 996 616 888 124 166 870 985 988 500 987 671 458 432 720 399 725 826 765 485 646 920 581 803 495 135 44 685 766 330 25 224 369 922 619 103 600 433 567 206 703 407 351 757 648 230 349 490 223 945 532 438 831 933 47 983 512 856 367 760 599 470 993 788 1 695 519 463 618 609 628 110 52 552 539 133 656 9 137 271 308 793 847 114 12 929 704 716 476 529 213 951 106 919 84 542 858 582 376 959 75 36 385 270 304 174 525 391 79 300 880 654 601 771 978 150 997 767 688 589 64 13 318 238 877 329 911 693 226 547 274 333 273 424 34 169 818 825 484 177 991 605 798 5 942 426 272 143 813 994 839 489 474 861 277 617 116 145 2 822 483 799 863 967 520 639 209 632 555 530 680 758 597 451 820 506 934 171 794 77 468 891 827 909 871 848 210 841 89 916 982 462 207 807 971 502 546 921 883 153 659 253 66 363 634 198 120 860 876 382 627 298 180 655 774 633 361 159 667 250 541 573 88 980 907 692 901 467 592 256 569 517 739 85 928 4 182 418 115 297 464 923 864 461 521 394 282 229 353 623 998 629 457 231 975 154 976 917 314 125 786 41 676 435 61 992 882 152 526 499 673 38 775 965 251 964 806 565 436 327 387 701 789 73 968 96 442 94 614 239 248 622 953 420 400 721 71 487 362 762 434 310 384 814 842 287 755 249 167 792 491 645 885 187 101 191 20 264 697 148 469 538 372 637 269 674 872 698 478 98 534 423 165 233 56 377 707 440 763 851 594 663 344 811 139 175 392 743 63 866 524 884 196 823 309 505 486 132 642 237 908 575 204 903 683 427 449 904 147 947 691 577 977 30 745 322 134 669 969 42 781 890 460 138 328 227 930 421 631 999 621 658 3 358 939 179 352 675 580 200 58 772 368 411 962 86 364 386 123 412 216 194 140 313 816 203 955 415 518 92 742 319 784 69 563 414 690 715 606 641 795 99 296 855 636 388 853 355 471 45 578 910 225 650 874 768 812 653 949 501 262 832 956 503 764 810 859 365 515 966 854 846 773 247 554 341 702 635 730 81 912 317 67 441 711 801 865 611 710 144 74 562 113 378 752 104 321 849 307 
905 731 595 776 550 857 312 545 131 898 29 243 413 48 241 284 728 510 222 431 681 536 393 694 869 587 713 647 275 833 257 657 17 325 598 527 161 925 80 294 266 918 566 686 936 889 305 868 261 335 21 383 954 11 121 718 172 915 778 935 756 558 389 24 990 356 497 625 410 896 293 149 459 245 809 700 475 22 559 439 122 128 236 679 892 31 260 540 516 995 660 16 862 76 612 488 836 141 665 195 493 522 60 208 722 291 18 914 228 53 746 32 267 819 35 201 105 466 437 824 465 479 626 390 699 805 359 162 881 211 111 54 332 590 91 26 568 232 708 706 183 610 454 292 894 557 306 340 533 234 119 33 170 185 924 724 875 652 734 323 514 157 396 543 281 817 952 259 638 158 498 613 753 246 749 186 906 419 405 49 970 940 769 93 190 199 740 797 714 528 357 23 779 178 900 188 408 472 583 748 897 963 950 379 401 452 738 301 553 108 664 130 747 151 556 55 235 944 444 571 482 14 926 39 1000 430 867 422 535 6 425 265 112 504 373 620 409 336 450 404 837 902 893 46 348 163 961 828 146 733 181 279 937 100 263 957 173 737 785 989 821 899 142 651 736 481 938 790 494 403 564 585 689 283 402 176 684 218 126 726 326 735 72 398 931 219 445 311 576 687 192 705 570 927 787 829 375 168 561 608 244 28 943 537 197 280 268 593 57 289 27 136 624 346 744 591 380 324 118 972 184 509 242 316 584 838 416 295 531 354 95 480 37 15 51 948 456 615 8 303 974 315 630 62 782 986 973 835 129 754 873 682 843 844 428 117 278 643 586 984 878 350 164 155 83 240 286 750 560 678 19 852 370 905 65 544 448 285 473 729 796 59 507 43 496 751 513 109 712 156 672 777 960 87 97 932 492 709 160 338 220 996 616 888 124 166 870 985 988 500 987 671 458 432 720 399 725 826 765 485 646 920 581 803 495 135 44 685 766 330 25 224 369 922 619 103 600 433 567 206 703 407 351 757 648 230 349 490 223 945 532 438 831 933 47 983 512 856 367 760 599 470 993 788 1 695 519 463 618 609 628 110 52 552 539 133 656 9 137 271 308 793 847 114 12 929 704 716 476 529 213 951 106 919 84 542 858 582 376 959 75 36 385 270 304 174 525 391 79 300 880 654 601 771 978 150 997 767 688 589 64 13 318 238 877 329 911 693 226 547 274 333 273 424 34 169 818 825 484 177 991 605 798 5 942 426 272 143 813 994 839 489 474 861 277 617 116 145 2 822 483 799 863 967 520 639 209 632 555 530 680 758 597 451 820 506 934 171 794 77 468 891 827 909 871 848 210 841 89 916 982 462 207 807 971 502 546 921 883 153 659 253 66 363 634 198 120 860 876 382 627 298 180 655 774 633 361 159 667 250 541 573 88 980 907 692 901 467 592 256 569 517 739 85 928 4 182 418 115 297 464 923 864 461 521 394 282 229 353 623 998 629 457 231 975 154 976 917 314 125 786 41 676 435 61 992 882 152 526 499 673 38 775 965 251 964 806 565 436 327 387 701 789 73 968 96 442 94 614 239 248 622 953 420 400 721 71 487 362 762 434 310 384 814 842 287 755 249 167 792 491 645 885 187 101 191 20 264 697 148 469 538 372 637 269 674 872 698 478 98 534 423 165 233 56 377 707 440 763 851 594 663 344 811 139 175 392 743 63 866 524 884 196 823 309 505 486 132 642 237 908 575 204 903 683 427 449 904 147 947 691 577 977 30 745 322 134 669 969 42 781 890 460 138 328 227 930 421 631 999 621 658 3 358 939 179 352 675 580 200 58 772 368 411 962 86 364 386 123 412 216 194 140 313 816 203 955 415 518 92 742 319 784 69 563 414 690 715 606 641 795 99 296 855 636 388 853 355 471 45 578 910 225 650 874 768 812 653 949 501 262 832 956 503 764 810 859 365 515 966 854 846 773 247 554 341 702 635 730 81 912 317 67 441 711 801 865 611 710 144 74 562 113 378 752 104 321 849 307 666 453 723 815 217 780 551 343 337 446 596 374 548 397 604 670 50 
878 393 694 869 587 713 647 275 833 257 657 17 325 598 527 161 925 80 294 266 918 566 686 936 889 305 868 261 335 21 383 954 11 121 718 172 915 778 935 756 558 389 24 990 356 497 625 410 896 293 149 459 245 809 700 475 22 559 439 122 128 236 679 892 31 260 540 516 995 660 16 862 76 612 488 836 141 665 195 493 522 60 208 722 291 18 914 228 53 746 32 267 819 35 201 105 466 437 824 465 479 626 390 699 805 359 162 881 211 111 54 332 590 91 26 568 232 708 706 183 610 454 292 894 557 306 340 533 234 119 33 170 185 924 724 875 652 734 323 514 157 396 543 281 817 952 259 638 158 498 613 753 246 749 186 906 419 405 49 970 940 769 93 190 199 740 797 714 528 357 23 779 178 900 188 408 472 583 748 897 963 950 379 401 452 738 301 553 108 664 130 747 151 556 55 235 944 444 571 482 14 926 39 1000 430 867 422 535 6 425 265 112 504 373 620 409 336 450 404 837 902 893 46 348 163 961 828 146 733 181 279 937 100 263 957 173 737 785 989 821 899 142 651 736 481 938 790 494 403 564 585 689 283 402 176 684 218 126 726 326 735 72 398 931 219 445 311 576 687 192 705 570 927 787 829 375 168 561 608 244 28 943 537 197 280 268 593 57 289 27 136 624 346 744 591 380 324 118 972 184 509 242 316 584 838 416 295 531 354 95 480 37 15 51 948 456 615 8 303 974 315 630 62 782 986 973 835 129 754 873 682 843 844 428 117 278 643 586 984 878 350 164 155 83 240 286 750 560 678 19 852 370 905 65 544 448 285 473 729 796 59 507 43 496 751 513 109 712 156 672 777 960 87 97 932 492 709 160 338 220 996 616 888 124 166 870 985 988 500 987 671 458 432 720 399 725 826 765 485 646 920 581 803 495 135 44 685 766 330 25 224 369 922 619 103 600 433 567 206 703 407 351 757 648 230 349 490 223 945 532 438 831 933 47 983 512 856 367 760 599 470 993 788 1 695 519 463 618 609 628 110 52 552 539 133 656 9 137 271 308 793 847 114 12 929 704 716 476 529 213 951 106 919 84 542 858 582 376 959 75 36 385 270 304 174 525 391 79 300 880 654 601 771 978 150 997 767 688 589 64 13 318 238 877 329 911 693 226 547 274 333 273 424 34 169 818 825 484 177 991 605 798 5 942 426 272 143 813 994 839 489 474 861 277 617 116 145 2 822 483 799 863 967 520 639 209 632 555 530 680 758 597 451 820 506 934 171 794 77 468 891 827 909 871 848 210 841 89 916 982 462 207 807 971 502 546 921 883 153 659 253 66 363 634 198 120 860 876 382 627 298 180 655 774 633 361 159 667 250 541 573 88 980 907 692 901 467 592 256 569 517 739 85 928 4 182 418 115 297 464 923 864 461 521 394 282 229 353 623 998 629 457 231 975 154 976 917 314 125 786 41 676 435 61 992 882 152 526 499 673 38 775 965 251 964 806 565 436 327 387 701 789 73 968 96 442 94 614 239 248 622 953 420 400 721 71 487 362 762 434 310 384 814 842 287 755 249 167 792 491 645 885 187 101 191 20 264 697 148 469 538 372 637 269 674 872 698 478 98 534 423 165 233 56 377 707 440 763 851 594 663 344 811 139 175 392 743 63 866 524 884 196 823 309 505 486 132 642 237 908 575 204 903 683 427 449 904 147 947 691 577 977 30 745 322 134 669 969 42 781 890 460 138 328 227 930 421 631 999 621 658 3 358 939 179 352 675 580 200 58 772 368 411 962 86 364 386 123 412 216 194 140 313 816 203 955 415 518 92 742 319 784 69 563 414 690 715 606 641 795 99 296 855 636 388 853 355 471 45 578 910 225 650 874 768 812 653 949 501 262 832 956 503 764 810 859 365 515 966 854 846 773 247 554 341 702 635 730 81 912 317 67 441 711 801 865 611 710 144 74 562 113 378 752 104 321 849 307 666 453 723 815 217 780 551 343 337 446 596 
764 342 290 212 802 791 607 741 572 82 602 677 640 731 595 776 550 857 312 545 131 898 29 243 413 48 241 284 728 510 222 431 681 536 393 694 869 587 713 647 275 833 257 657 17 325 598 527 161 925 80 294 266 918 566 686 936 889 305 868 261 335 21 383 954 11 121 718 172 915 778 935 756 558 389 24 990 356 497 625 410 896 293 149 459 245 809 700 475 22 559 439 122 128 236 679 892 31 260 540 516 995 660 16 862 76 612 488 836 141 665 195 493 522 60 208 722 291 18 914 228 53 746 32 267 819 35 201 105 466 437 824 465 479 626 390 699 805 359 162 881 211 111 54 332 590 91 26 568 232 708 706 183 610 454 292 894 557 306 340 533 234 119 33 170 185 924 724 875 652 734 323 514 157 396 543 281 817 952 259 638 158 498 613 753 246 749 186 906 419 405 49 970 940 769 93 190 199 740 797 714 528 357 23 779 178 900 188 408 472 583 748 897 963 950 379 401 452 738 301 553 108 664 130 747 151 556 55 235 944 444 571 482 14 926 39 1000 430 867 422 535 6 425 265 112 504 373 620 409 336 450 404 837 902 893 46 348 163 961 828 146 733 181 279 937 100 263 957 173 737 785 989 821 899 142 651 736 481 938 790 494 403 564 585 689 283 402 176 684 218 126 726 326 735 72 398 931 219 445 311 576 687 192 705 570 927 787 829 375 168 561 608 244 28 943 537 197 280 268 593 57 289 27 136 624 346 744 591 380 324 118 972 184 509 242 316 584 838 416 295 531 354 95 480 37 15 51 948 456 615 8 303 974 315 630 62 782 986 973 835 129 754 873 682 843 844 428 117 278 643 586 984 878 350 164 155 83 240 286 750 560 678 19 852 370 905 65 544 448 285 473 729 796 59 507 43 496 751 513 109 712 156 672 777 960 87 97 932 492 709 160 338 220 996 616 888 124 166 870 985 988 500 987 671 458 432 720 399 725 826 765 485 646 920 581 803 495 135 44 685 766 330 25 224 369 922 619 103 600 433 567 206 703 407 351 757 648 230 349 490 223 945 532 438 831 933 47 983 512 856 367 760 599 470 993 788 1 695 519 463 618 609 628 110 52 552 539 133 656 9 137 271 308 793 847 114 12 929 704 716 476 529 213 951 106 919 84 542 858 582 376 959 75 36 385 270 304 174 525 391 79 300 880 654 601 771 978 150 997 767 688 589 64 13 318 238 877 329 911 693 226 547 274 333 273 424 34 169 818 825 484 177 991 605 798 5 942 426 272 143 813 994 839 489 474 861 277 617 116 145 2 822 483 799 863 967 520 639 209 632 555 530 680 758 597 451 820 506 934 171 794 77 468 891 827 909 871 848 210 841 89 916 982 462 207 807 971 502 546 921 883 153 659 253 66 363 634 198 120 860 876 382 627 298 180 655 774 633 361 159 667 250 541 573 88 980 907 692 901 467 592 256 569 517 739 85 928 4 182 418 115 297 464 923 864 461 521 394 282 229 353 623 998 629 457 231 975 154 976 917 314 125 786 41 676 435 61 992 882 152 526 499 673 38 775 965 251 964 806 565 436 327 387 701 789 73 968 96 442 94 614 239 248 622 953 420 400 721 71 487 362 762 434 310 384 814 842 287 755 249 167 792 491 645 885 187 101 191 20 264 697 148 469 538 372 637 269 674 872 698 478 98 534 423 165 233 56 377 707 440 763 851 594 663 344 811 139 175 392 743 63 866 524 884 196 
981 644 189 90 549 719 395 406 696 579 661 193 7 455 366 320 845 958 834 443 371 840 804 221 342 290 212 802 791 607 741 572 82 602 677 640 731 595 776 550 857 312 545 131 898 29 243 413 48 241 284 728 510 222 431 681 536 393 694 869 587 713 647 275 833 257 657 17 325 598 527 161 925 80 294 266 918 566 686 936 889 305 868 261 335 21 383 954 11 121 718 172 915 778 935 756 558 389 24 990 356 497 625 410 896 293 149 459 245 809 700 475 22 559 439 122 128 236 679 892 31 260 540 516 995 660 16 862 76 612 488 836 141 665 195 493 522 60 208 722 291 18 914 228 53 746 32 267 819 35 201 105 466 437 824 465 479 626 390 699 805 359 162 881 211 111 54 332 590 91 26 568 232 708 706 183 610 454 292 894 557 306 340 533 234 119 33 170 185 924 724 875 652 734 323 514 157 396 543 281 817 952 259 638 158 498 613 753 246 749 186 906 419 405 49 970 940 769 93 190 199 740 797 714 528 357 23 779 178 900 188 408 472 583 748 897 963 950 379 401 452 738 301 553 108 664 130 747 151 556 55 235 944 444 571 482 14 926 39 1000 430 867 422 535 6 425 265 112 504 373 620 409 336 450 404 837 902 893 46 348 163 961 828 146 733 181 279 937 100 263 957 173 737 785 989 821 899 142 651 736 481 938 790 494 403 564 585 689 283 402 176 684 218 126 726 326 735 72 398 931 219 445 311 576 687 192 705 570 927 787 829 375 168 561 608 244 28 943 537 197 280 268 593 57 289 27 136 624 346 744 591 380 324 118 972 184 509 242 316 584 838 416 295 531 354 95 480 37 15 51 948 456 615 8 303 974 315 630 62 782 986 973 835 129 754 873 682 843 844 428 117 278 643 586 984 878 350 164 155 83 240 286 750 560 678 19 852 370 905 65 544 448 285 473 729 796 59 507 43 496 751 513 109 712 156 672 777 960 87 97 932 492 709 160 338 220 996 616 888 124 166 870 985 988 500 987 671 458 432 720 399 725 826 765 485 646 920 581 803 495 135 44 685 766 330 25 224 369 922 619 103 600 433 567 206 703 407 351 757 648 230 349 490 223 945 532 438 831 933 47 983 512 856 367 760 599 470 993 788 1 695 519 463 618 609 628 110 52 552 539 133 656 9 137 271 308 793 847 114 12 929 704 716 476 529 213 951 106 919 84 542 858 582 376 959 75 36 385 270 304 174 525 391 79 300 880 654 601 771 978 150 997 767 688 589 64 13 318 238 877 329 911 693 226 547 274 333 273 424 34 169 818 825 484 177 991 605 798 5 942 426 272 143 813 994 839 489 474 861 277 617 116 145 2 822 483 799 863 967 520 639 209 632 555 530 680 758 597 451 820 506 934 171 794 77 468 891 827 909 871 848 210 841 89 916 982 462 207 807 971 502 546 921 883 153 659 253 66 363 634 198 120 860 876 382 627 298 180 655 774 633 361 159 667 250 541 573 88 980 907 692 901 467 592 256 569 517 739 85 928 4 182 418 115 297 464 923 864 461 521 394 282 229 353 623 998 629 457 231 975 154 976 917 314 125 786 41 676 435 61 992 882 152 526 499 673 38 775 965 251 964 806 565 436 327 387 701 789 73 968 96 442 94 614 239 248 622 953 420 400 721 71 487 362 762 434 310 384 814 842 287 755 249 167 792 491 645 885 187 101 191 20 264 697 148 469 538 372 637 269 674 872 698 478 98 534 423 165 233 56 377 707 440 763 851 594 663 344 811 139 175 392 743 63 866 524 884 196 823 309 505 486 132 642 237 908 575 204 903 683 427 449 904 147 947 691 577 977 30 745 322 134 669 969 42 781 890 460 138 328 227 930 421 631 999 621 658 3 358 939 179 352 675 580 200 58 772 368 411 962 86 364 386 123 412 216 194 140 313 816 203 955 415 518 92 742 319 784 69 563 414 690 715 606 641 795 99 296 855 636 388 853 355 471 45 578 910 225 650 874 768 812 653 949 501 262 832 956 503 764 810 859 365 515 966 854 846 773 247 554 341 702 635 730 81 912 317 67 441 711 801 865 611 710 144 74 562 113 378 752 104 321 849 307 666 453 723 815 217 780 551 343 337 446 596 374 548 397 604 670 50 574 511 102 946 417 40 662 886 78 360 255 107 447 808 339 276 759 981 649 979 302 732 202 941 783 429 347 68 299 10 717 127 850 345 258 254 668 70 727 603 331 
383 625 410 896 293 149 459 245 809 700 475 22 559 439 122 128 236 679 892 31 260 540 516 995 660 16 862 76 612 488 836 141 665 195 493 522 60 208 722 291 18 914 228 53 746 32 267 819 35 201 105 466 437 824 465 479 626 390 699 805 359 162 881 211 111 54 332 590 91 26 568 232 708 706 183 610 454 292 894 557 306 340 533 234 119 33 170 185 924 724 875 652 734 323 514 157 396 543 281 817 952 259 638 158 498 613 753 246 749 186 906 419 405 49 970 940 769 93 190 199 740 797 714 528 357 23 779 178 900 188 408 472 583 748 897 963 950 379 401 452 738 301 553 108 664 130 747 151 556 55 235 944 444 571 482 14 926 39 1000 430 867 422 535 6 425 265 112 504 373 620 409 336 450 404 837 902 893 46 348 163 961 828 146 733 181 279 937 100 263 957 173 737 785 989 821 899 142 651 736 481 938 790 494 403 564 585 689 283 402 176 684 218 126 726 326 735 72 398 931 219 445 311 576 687 192 705 570 927 787 829 375 168 561 608 244 28 943 537 197 280 268 593 57 289 27 136 624 346 744 591 380 324 118 972 184 509 242 316 584 838 416 295 531 354 95 480 37 15 51 948 456 615 8 303 974 315 630 62 782 986 973 835 129 754 873 682 843 844 428 117 278 643 586 984 878 350 164 155 83 240 286 750 560 678 19 852 370 905 65 544 448 285 473 729 796 59 507 43 496 751 513 109 712 156 672 777 960 87 97 932 492 709 160 338 220 996 616 888 124 166 870 985 988 500 987 671 458 432 720 399 725 826 765 485 646 920 581 803 495 135 44 685 766 330 25 224 369 922 619 103 600 433 567 206 703 407 351 757 648 230 349 490 223 945 
391 731 595 776 550 857 312 545 131 898 29 243 413 48 241 284 728 510 222 431 681 536 393 694 869 587 713 647 275 833 257 657 17 325 598 527 161 925 80 294 266 918 566 686 936 889 305 868 261 335 21 383 954 11 121 718 172 915 778 935 756 558 389 24 990 356 497 625 410 896 293 149 459 245 809 700 475 22 559 439 122 128 236 679 892 31 260 540 516 995 660 16 862 76 612 488 836 141 665 195 493 522 60 208 722 291 18 914 228 53 746 32 267 819 35 201 105 466 437 824 465 479 626 390 699 805 359 162 881 211 111 54 332 590 91 26 568 232 708 706 183 610 454 292 894 557 306 340 533 234 119 33 170 185 924 724 875 652 734 323 514 157 396 543 281 817 952 259 638 158 498 613 753 246 749 186 906 419 405 49 970 940 769 93 190 199 740 797 714 528 357 23 779 178 900 188 408 472 583 748 897 963 950 379 401 452 738 301 553 108 664 130 747 151 556 55 235 944 444 571 482 14 926 39 1000 430 867 422 535 6 425 265 112 504 373 620 409 336 450 404 837 902 893 46 348 163 961 828 146 733 181 279 937 100 263 957 173 737 785 989 821 899 142 651 736 481 938 790 494 403 564 585 689 283 402 176 684 218 126 726 326 735 72 398 931 219 445 311 576 687 192 705 570 927 787 829 375 168 561 608 244 28 943 537 197 280 268 593 57 289 27 136 624 346 744 591 380 324 118 972 184 509 242 316 584 838 416 295 531 354 95 480 37 15 51 948 456 615 8 303 974 315 630 62 782 986 973 835 129 754 873 682 843 844 428 117 278 643 586 984 878 350 164 155 83 240 286 750 560 678 19 852 370 905 65 544 448 285 473 729 796 59 507 43 496 751 513 109 712 156 672 777 
824 869 587 713 647 275 833 257 657 17 325 598 527 161 925 80 294 266 918 566 686 936 889 305 868 261 335 21 383 954 11 121 718 172 915 778 935 756 558 389 24 990 356 497 625 410 896 293 149 459 245 809 700 475 22 559 439 122 128 236 679 892 31 260 540 516 995 660 16 862 76 612 488 836 141 665 195 493 522 60 208 722 291 18 914 228 53 746 32 267 819 35 201 105 466 437 824 465 479 626 390 699 805 359 162 881 211 111 54 332 590 91 26 568 232 708 706 183 610 454 292 894 557 306 340 533 234 119 33 170 185 924 724 875 652 734 323 514 157 396 543 281 817 952 259 638 158 498 613 753 246 749 186 906 419 405 49 970 940 769 93 190 199 740 797 714 528 357 23 779 178 900 188 408 472 583 748 897 963 950 379 401 452 738 301 553 108 664 130 747 151 556 55 235 944 444 571 482 14 926 39 1000 430 867 422 535 6 425 265 112 504 373 620 409 336 450 404 837 902 893 46 348 163 961 828 146 733 181 279 937 100 263 957 173 737 785 989 821 899 142 651 736 481 938 790 494 403 564 585 689 283 402 176 684 218 126 726 326 735 72 398 931 219 445 311 576 687 192 705 570 927 787 829 375 168 561 608 244 28 943 537 197 280 268 593 57 289 27 136 624 346 744 591 380 324 118 972 184 509 242 316 584 838 416 295 531 354 95 480 37 15 51 948 456 615 8 303 974 315 630 62 782 986 973 835 129 754 873 682 843 844 428 117 278 643 586 984 878 350 164 155 83 240 286 750 560 678 19 852 370 905 65 544 448 285 473 729 796 59 507 43 496 751 513 109 712 156 672 777 960 87 97 932 492 709 160 338 220 996 616 888 124 166 870 985 988 500 987 671 458 432 720 399 725 826 765 485 646 920 581 803 495 135 44 685 766 330 25 224 369 922 619 103 600 433 567 206 703 407 351 757 648 230 349 490 223 945 532 438 831 933 47 983 512 856 367 760 599 470 993 788 1 695 519 463 618 609 628 110 52 552 539 133 656 9 137 271 308 793 847 114 12 929 704 716 476 529 213 951 106 919 84 542 858 582 376 959 75 36 385 270 304 174 525 391 79 300 880 654 601 771 978 150 997 767 688 589 64 13 318 238 877 329 911 693 226 547 274 333 273 424 34 169 818 825 484 177 991 605 798 5 942 426 272 143 813 994 839 489 474 861 277 617 116 145 2 822 483 799 863 967 520 639 209 632 555 530 680 758 597 451 820 506 934 171 794 77 468 891 827 909 871 848 210 841 89 916 982 462 207 807 971 502 546 921 883 153 659 253 66 363 634 198 120 860 876 382 627 298 180 655 774 633 361 159 667 250 541 573 88 980 907 692 901 467 592 256 569 517 739 85 928 4 182 418 115 297 464 923 864 461 521 394 282 229 353 623 998 629 457 231 975 154 976 917 314 125 786 41 676 435 61 992 882 152 526 499 673 38 775 965 251 964 806 565 436 327 387 701 789 73 968 96 442 94 614 239 248 622 953 420 400 721 71 487 362 762 434 310 384 814 842 287 755 249 167 792 491 645 885 187 101 191 20 264 697 148 469 538 372 637 269 674 872 698 478 98 534 423 165 233 56 377 707 440 763 851 594 663 344 811 139 175 392 743 63 866 524 884 196 823 309 505 486 132 642 237 908 575 204 903 683 427 449 904 147 947 691 577 977 30 745 322 134 669 969 42 781 890 460 138 328 227 930 421 631 999 621 658 3 358 939 179 352 675 580 200 58 772 368 411 962 86 364 386 123 412 216 194 140 313 816 203 955 415 518 92 742 319 784 69 563 414 690 715 606 641 795 99 296 855 636 388 853 355 471 45 578 910 225 650 874 768 812 653 
268 647 275 833 257 657 17 325 598 527 161 925 80 294 266 918 566 686 936 889 305 868 261 335 21 383 954 11 121 718 172 915 778 935 756 558 389 24 990 356 497 625 410 896 293 149 459 245 809 700 475 22 559 439 122 128 236 679 892 31 260 540 516 995 660 16 862 76 612 488 836 141 665 195 493 522 60 208 722 291 18 914 228 53 746 32 267 819 35 201 105 466 437 824 465 479 626 390 699 805 359 162 881 211 111 54 332 590 91 26 568 232 708 706 183 610 454 292 894 557 306 340 533 234 119 33 170 185 924 724 875 652 734 323 514 157 396 543 281 817 952 259 638 158 498 613 753 246 749 186 906 419 405 49 970 940 769 93 190 199 740 797 714 528 357 23 779 178 900 188 408 472 583 748 897 963 950 379 401 452 738 301 553 108 664 130 747 151 556 55 235 944 444 571 482 14 926 39 1000 430 867 422 535 6 425 265 112 504 373 620 409 336 450 404 837 902 893 46 348 163 961 828 146 733 181 279 937 100 263 957 173 737 785 989 821 899 142 651 736 481 938 790 494 403 564 585 689 283 402 176 684 218 126 726 326 735 72 398 931 219 445 311 576 687 192 705 570 927 787 
578 857 312 545 131 898 29 243 413 48 241 284 728 510 222 431 681 536 393 694 869 587 713 647 275 833 257 657 17 325 598 527 161 925 80 294 266 918 566 686 936 889 305 868 261 335 21 383 954 11 121 718 172 915 778 935 756 558 389 24 990 356 497 625 410 896 293 149 459 245 809 700 475 22 559 439 122 128 236 679 892 31 260 540 516 995 660 16 862 76 612 488 836 141 665 195 493 522 60 208 722 291 18 914 228 53 746 32 267 819 35 201 105 466 437 824 465 479 626 390 699 805 359 162 881 211 111 54 332 590 91 26 568 232 708 706 183 610 454 292 894 557 306 340 533 234 119 33 170 185 924 724 875 652 734 323 514 157 396 543 281 817 952 259 638 158 498 613 753 246 749 186 906 419 405 49 970 940 769 93 190 199 740 797 714 528 357 23 779 178 900 188 408 472 583 748 897 963 950 379 401 452 738 301 553 108 664 130 747 151 556 55 235 944 444 571 482 14 926 39 1000 430 867 422 535 6 425 265 112 504 373 620 409 336 450 404 837 902 893 46 348 163 961 828 146 733 181 279 937 100 263 957 173 737 785 989 821 899 142 651 736 481 938 790 494 403 564 585 689 283 402 176 684 218 126 726 326 735 72 398 931 219 445 311 576 687 192 705 570 927 787 829 375 168 561 608 244 28 943 537 197 280 268 593 57 289 27 136 624 346 744 591 380 324 118 972 184 509 242 316 584 838 416 295 531 354 95 480 37 15 51 948 456 615 8 303 974 315 630 62 782 986 973 835 129 754 873 682 843 844 428 117 278 643 586 984 878 350 164 155 83 240 286 750 560 678 19 852 370 905 65 544 448 285 473 729 796 59 507 43 496 751 513 109 712 156 672 777 960 87 97 932 492 709 160 338 220 996 616 888 124 166 870 985 988 500 987 671 458 432 720 399 725 826 765 485 646 920 581 803 495 135 44 685 766 330 25 224 369 922 619 103 600 433 567 206 703 407 351 757 648 230 349 490 223 945 532 438 831 933 47 983 512 856 367 760 599 470 993 788 1 695 519 463 618 609 628 110 52 552 539 133 656 9 137 271 308 793 847 114 12 929 704 716 476 529 213 951 106 919 84 542 858 582 376 959 75 36 385 270 304 174 525 391 79 300 880 654 601 771 978 150 997 767 688 589 64 13 318 238 877 329 911 693 226 547 274 333 273 424 34 169 818 825 484 177 991 605 798 5 942 426 272 143 813 994 839 489 474 861 277 617 116 145 2 822 483 799 863 967 520 639 209 632 555 530 680 758 597 451 820 506 934 171 794 77 468 891 827 
577 62 782 986 973 835 129 754 873 682 843 844 428 117 278 643 586 984 878 350 164 155 83 240 286 750 560 678 19 852 370 905 65 544 448 285 473 729 796 59 507 43 496 751 513 109 712 156 672 777 960 87 97 932 492 709 160 338 220 996 616 888 124 166 870 985 988 500 987 671 458 432 720 399 725 826 765 485 646 920 581 803 495 135 44 685 766 330 25 224 369 922 619 103 600 433 567 206 703 407 351 757 648 230 349 490 223 945 532 438 831 933 47 983 512 856 367 760 599 470 993 788 1 695 519 463 618 609 628 110 52 552 539 133 656 9 137 271 308 793 847 114 12 929 704 716 476 529 213 951 106 919 84 542 858 582 376 959 75 36 385 270 304 174 525 391 79 300 880 654 601 771 978 150 997 767 688 589 64 13 318 238 877 329 911 693 226 547 274 333 273 424 34 169 818 825 484 177 991 605 798 5 942 426 272 143 813 994 839 489 474 861 277 617 116 145 2 822 483 799 863 967 520 639 209 632 555 530 680 758 597 451 820 506 934 171 794 77 468 891 827 909 871 848 210 841 89 916 982 462 207 807 971 502 546 921 883 153 659 253 66 363 634 198 120 860 876 382 627 298 180 655 774 633 361 159 667 250 541 573 88 980 907 692 901 467 592 256 569 517 739 85 928 4 182 418 115 297 464 923 864 461 521 394 282 229 353 623 998 629 457 231 975 154 976 917 314 125 786 41 676 435 61 992 882 152 526 499 673 38 775 965 251 964 806 565 436 327 387 701 789 73 968 96 442 94 614 239 248 622 953 420 400 721 71 487 362 762 434 310 384 814 842 287 755 249 167 792 491 645 885 187 101 191 20 264 697 148 469 538 372 637 269 674 872 698 478 98 534 423 165 233 56 377 707 440 763 851 594 663 344 811 139 175 392 743 63 866 524 884 196 823 309 505 486 132 642 237 908 575 204 903 683 427 449 904 147 947 691 577 977 30 745 322 134 669 969 42 781 890 460 138 328 227 930 421 631 999 621 658 3 358 939 179 352 675 580 200 58 772 368 411 962 86 364 386 123 412 216 194 140 313 816 203 955 415 518 92 742 319 784 69 563 414 690 715 606 641 795 99 296 855 636 388 853 355 471 45 578 910 225 650 874 768 812 653 949 501 262 832 956 503 764 810 859 365 515 966 854 846 773 247 554 341 702 635 730 81 912 317 67 441 711 801 865 611 710 144 74 562 113 378 752 104 321 849 307 666 453 723 815 217 780 551 343 337 446 596 374 548 397 604 670 50 574 511 102 946 417 40 662 886 78 360 255 107 447 808 
18 404 837 902 893 46 348 163 961 828 146 733 181 279 937 100 263 957 173 
836 833 257 657 17 325 598 527 161 925 80 294 266 918 566 686 936 889 305 868 261 335 21 383 954 11 121 718 172 915 778 935 756 558 389 24 990 356 497 625 410 896 293 149 459 245 809 700 475 22 559 439 122 128 236 679 892 31 260 540 516 995 660 16 862 76 612 488 836 141 665 195 493 522 60 208 722 291 18 914 228 53 746 32 267 819 35 201 105 466 437 824 465 479 626 390 699 805 359 162 881 211 111 54 332 590 91 26 568 232 708 706 183 610 454 292 894 557 306 340 533 234 119 33 170 185 924 724 875 652 734 323 514 157 396 543 281 817 952 259 638 158 498 613 753 246 749 186 906 419 405 49 970 940 769 93 190 199 740 797 714 528 357 23 779 178 900 188 408 472 583 748 897 963 950 379 401 452 738 301 553 108 664 130 747 151 556 55 235 944 444 571 482 14 926 39 1000 430 867 422 535 6 425 265 112 504 373 620 409 336 450 404 837 902 893 46 348 163 961 828 146 733 181 279 937 100 263 957 173 737 785 989 821 899 142 651 736 481 938 790 494 403 564 585 689 283 402 176 684 218 126 726 326 735 72 398 931 219 445 311 576 687 192 705 570 927 787 829 375 168 561 608 244 28 943 537 197 280 268 593 57 289 27 136 624 346 744 591 380 324 118 972 184 509 242 316 584 838 416 295 531 354 95 480 37 15 51 948 456 615 8 303 974 315 630 62 782 986 973 835 129 754 873 682 843 844 428 117 278 643 586 984 878 350 164 155 83 240 286 750 560 678 19 852 370 905 65 544 448 285 473 729 796 59 507 43 496 751 513 109 712 156 672 777 960 87 97 932 492 709 160 338 220 996 616 888 124 166 870 985 988 500 987 671 458 432 720 399 725 826 765 485 646 920 581 803 495 135 44 685 766 330 25 224 369 922 619 103 600 433 567 206 703 407 351 757 648 230 349 490 223 945 532 438 831 933 47 983 512 856 367 760 599 470 993 788 1 695 519 463 618 609 628 110 52 552 539 133 656 9 137 271 308 793 847 114 12 929 704 716 476 529 213 951 106 919 84 542 858 582 376 959 75 36 385 270 304 174 525 391 79 300 880 654 601 771 978 150 997 767 688 589 64 13 318 238 877 329 911 693 226 547 274 333 273 424 34 169 818 825 484 177 991 605 798 5 942 426 272 143 813 994 839 489 474 861 277 617 116 145 2 822 483 799 863 967 520 639 209 632 555 530 680 758 597 451 820 506 934 171 794 77 468 891 827 909 871 848 210 841 89 916 982 462 207 807 971 502 546 921 883 153 659 253 66 363 634 198 120 860 876 382 627 298 180 655 774 633 361 159 667 250 541 573 88 980 907 692 901 467 592 256 569 517 739 85 928 4 182 418 115 297 464 923 864 461 521 394 282 229 353 623 998 629 457 231 975 154 976 917 314 125 786 41 676 435 61 992 882 152 526 499 673 38 775 965 251 964 806 565 436 327 387 701 789 73 968 96 442 94 614 239 248 622 953 420 400 721 71 487 362 762 434 310 384 814 842 287 755 249 167 792 491 645 885 187 101 191 20 264 697 148 469 538 372 637 269 674 872 698 478 98 534 423 165 233 56 377 707 440 763 851 594 663 344 811 139 175 392 743 63 866 524 884 196 823 309 505 486 132 642 237 908 575 204 903 683 427 449 904 147 947 691 577 977 30 745 322 134 669 969 42 781 890 460 138 328 227 930 421 631 999 621 658 3 358 939 179 352 675 580 200 58 772 368 411 962 86 364 386 123 412 216 194 140 313 816 203 955 415 518 92 742 319 784 69 563 414 690 715 606 641 795 99 296 855 636 388 853 355 471 45 578 910 225 650 874 768 812 653 949 501 262 832 956 503 764 810 859 365 515 966 854 846 773 247 554 
462 430 867 422 535 6 425 265 112 504 373 620 409 336 450 404 837 902 893 46 348 163 961 828 146 733 181 279 937 100 263 957 173 737 785 989 821 899 142 651 736 481 938 790 494 403 564 585 689 283 402 176 684 218 126 726 326 735 72 398 931 219 445 311 576 687 192 705 570 927 787 829 375 168 561 608 244 28 943 537 197 280 268 593 57 289 27 136 624 346 744 591 380 324 118 972 184 509 242 316 584 838 416 295 531 354 95 480 37 15 51 948 456 615 8 303 974 315 630 62 782 986 973 835 129 754 873 682 843 844 428 117 278 643 586 984 878 350 164 155 83 240 286 750 560 678 19 852 370 905 65 544 448 285 473 729 796 59 507 43 496 751 513 109 712 156 672 777 960 87 97 932 492 709 160 338 220 996 616 888 124 166 870 985 988 500 987 671 458 432 720 399 725 826 765 485 646 920 581 803 495 135 44 685 766 330 25 224 369 922 619 103 600 433 567 206 703 407 351 757 648 230 349 490 223 945 532 438 831 933 47 983 512 856 367 760 599 470 993 788 1 695 519 463 618 609 628 110 52 552 539 133 656 9 137 271 308 793 847 114 12 929 704 716 476 529 213 951 106 919 84 542 858 582 376 959 75 36 385 270 304 174 525 391 79 300 880 654 601 771 978 150 997 767 688 589 64 13 318 238 877 329 911 693 226 547 274 333 273 424 34 169 818 825 484 177 991 605 798 5 942 426 272 143 813 994 839 489 474 861 277 617 116 145 2 822 483 799 863 967 520 639 209 632 555 530 680 758 597 451 820 506 934 171 794 77 468 891 827 909 871 848 210 841 89 916 982 462 207 807 971 502 546 921 883 153 659 253 66 363 634 198 120 860 876 382 627 298 180 655 774 633 361 159 667 250 541 573 88 980 907 692 901 467 592 256 569 517 739 85 928 4 182 418 115 297 464 923 864 461 521 394 282 229 353 623 998 629 457 231 975 154 976 917 314 125 786 41 676 435 61 992 882 152 526 499 673 38 775 965 251 964 806 565 436 327 387 701 789 73 968 96 442 
523 342 290 212 802 791 607 741 572 82 602 677 640 731 595 776 550 857 312 545 131 898 29 243 413 48 241 284 728 510 222 431 681 536 393 694 869 587 713 647 275 833 257 657 17 325 598 527 161 925 80 294 266 918 566 686 936 889 305 868 261 335 21 383 954 11 121 718 172 915 778 935 756 558 389 24 990 356 497 625 410 896 293 149 459 245 809 700 475 22 559 439 122 128 236 679 892 31 260 540 516 995 660 16 862 76 612 488 836 141 665 195 493 522 60 208 722 291 18 914 228 53 746 32 267 819 35 201 105 466 437 824 465 479 626 390 699 805 359 162 881 211 111 54 332 590 91 26 568 232 708 706 183 610 454 292 894 557 306 340 533 234 119 33 170 185 924 724 875 652 734 323 514 157 396 543 281 817 952 259 638 158 498 613 753 246 749 186 906 419 405 49 970 940 769 93 190 199 740 797 714 528 357 23 779 178 900 188 408 472 583 748 897 963 950 379 401 452 738 301 553 108 664 130 747 151 556 55 235 944 444 571 482 14 926 39 1000 430 867 422 535 6 425 265 112 504 373 620 409 336 450 404 837 902 893 46 348 163 961 828 146 733 181 279 937 100 263 957 173 737 785 989 821 899 142 651 736 481 938 790 494 403 564 585 689 283 402 176 684 218 126 726 326 735 72 398 931 219 445 311 576 687 192 705 570 927 787 829 375 168 561 608 244 28 943 537 197 280 268 593 57 289 27 136 624 346 744 591 380 324 118 972 184 509 242 316 584 838 416 295 531 354 95 480 37 15 51 948 456 615 8 303 974 315 630 62 782 986 973 835 129 754 873 682 843 844 428 117 278 643 586 984 878 350 164 155 83 240 286 750 560 678 19 852 370 905 65 544 448 285 473 729 796 59 507 43 496 751 513 109 712 156 672 777 960 87 97 932 492 709 160 338 220 996 616 888 124 166 870 985 988 500 987 671 458 432 720 399 725 826 765 485 646 920 581 803 495 135 44 685 766 330 25 224 369 922 619 103 600 433 567 206 703 407 351 757 648 230 349 490 223 945 532 438 831 933 47 983 512 856 367 760 599 470 993 788 1 695 519 463 618 609 628 110 52 552 539 133 656 9 137 271 308 793 847 114 12 929 704 716 476 529 213 951 106 919 84 542 858 582 376 959 75 36 385 270 304 174 525 391 79 300 880 654 
447 862 76 612 488 836 141 665 195 493 522 60 208 722 291 18 914 228 53 746 32 267 819 35 201 105 466 437 824 465 479 626 390 699 805 359 162 881 211 111 54 332 590 91 26 568 232 708 706 183 610 454 292 894 557 306 340 533 234 119 33 170 185 924 724 875 652 734 323 514 157 396 543 281 817 952 259 638 158 498 613 753 246 749 186 906 419 405 49 970 940 769 93 190 199 740 797 714 528 357 23 779 178 900 188 408 472 583 748 897 963 950 379 401 452 738 301 553 108 664 130 747 151 556 55 235 944 444 571 482 14 926 39 1000 430 867 422 535 6 425 265 112 504 373 620 409 336 450 404 837 902 893 46 348 163 961 828 146 733 181 279 937 100 263 957 173 737 785 989 821 899 142 651 736 481 938 790 494 403 564 585 689 283 402 176 684 218 126 726 326 735 72 398 931 219 445 311 576 687 192 705 570 927 787 829 375 168 561 608 244 28 943 537 197 280 268 593 57 289 27 136 624 346 744 591 380 324 118 972 184 509 242 316 584 838 416 295 531 354 95 480 37 15 51 948 456 615 8 303 974 315 630 62 782 986 973 835 129 754 873 682 843 844 428 117 278 643 586 984 878 350 164 155 83 240 286 750 560 678 19 852 370 905 65 544 448 285 473 729 796 59 507 43 496 751 513 109 712 156 672 777 960 87 97 932 492 709 160 338 220 996 616 888 124 166 870 985 988 500 987 671 458 432 720 399 725 826 765 485 646 920 581 803 495 135 44 685 766 330 25 224 369 922 619 103 600 433 567 206 703 407 351 757 648 230 349 490 223 945 532 438 831 933 47 983 512 856 367 760 599 470 993 788 1 695 519 463 618 609 628 110 52 552 539 133 656 9 137 271 308 793 847 114 12 929 704 716 476 529 213 951 106 919 84 542 858 582 376 959 75 36 385 270 304 174 525 391 79 300 880 654 601 771 978 150 997 767 688 589 64 13 318 238 877 329 911 693 226 547 274 333 273 424 34 169 818 825 484 
813 91 26 568 232 708 706 183 610 454 292 894 557 306 340 533 234 119 33 170 185 924 724 875 652 734 323 514 157 396 543 281 817 952 259 638 158 498 613 753 246 749 186 906 419 405 49 970 940 769 93 190 199 740 797 714 528 357 23 779 178 900 188 408 472 583 748 897 963 950 379 401 452 738 301 553 108 664 130 747 151 556 55 235 944 444 571 482 14 926 39 1000 430 867 422 535 6 425 265 112 504 373 620 409 336 450 404 837 902 893 46 348 163 961 828 146 733 181 279 937 100 263 957 173 737 785 989 821 899 142 651 736 481 938 790 494 403 564 585 689 283 402 176 684 218 126 726 326 735 72 398 931 219 445 311 576 687 192 705 570 927 787 829 375 168 561 608 244 28 943 537 197 280 268 593 57 289 27 136 624 346 744 591 380 324 118 972 184 509 242 316 584 838 416 295 531 354 95 480 37 15 51 948 456 615 8 303 974 315 630 62 782 986 973 835 129 754 873 682 843 844 428 117 278 643 586 984 878 350 164 155 83 240 286 750 560 678 19 852 370 905 65 544 448 285 473 729 796 59 507 43 496 751 513 109 712 156 672 777 960 87 97 932 492 709 160 338 220 996 616 888 124 166 870 985 988 500 987 671 458 432 720 399 725 826 765 485 646 920 581 803 495 135 44 685 766 330 25 224 369 922 619 103 600 433 567 206 703 407 351 757 648 230 349 490 223 945 532 438 831 933 47 983 512 856 367 760 599 470 993 788 1 695 519 463 618 609 628 110 52 552 539 133 656 9 137 271 308 793 847 114 12 929 704 716 476 529 213 951 106 919 84 542 858 582 376 959 75 36 385 270 304 174 525 391 79 300 880 654 601 771 978 150 997 767 688 589 64 13 318 238 877 329 911 693 226 547 274 333 273 424 34 169 818 825 484 177 991 605 798 5 942 426 272 143 813 994 839 489 474 861 277 617 116 145 2 822 483 799 863 967 520 639 209 632 555 530 680 758 597 451 820 506 934 171 794 77 468 891 827 909 871 848 210 841 89 916 982 462 207 807 971 502 546 921 883 153 659 253 66 363 634 198 120 860 876 382 627 298 180 655 774 633 361 159 667 250 541 573 88 980 907 692 901 467 592 256 569 517 739 85 928 4 182 418 115 297 464 923 864 461 521 394 282 229 353 623 998 629 457 231 975 154 976 917 314 125 786 41 676 435 61 992 882 152 526 499 673 38 775 965 251 964 806 565 436 327 387 701 789 73 968 96 442 94 614 239 248 622 953 420 400 721 71 487 362 762 434 310 384 814 842 287 755 249 167 792 491 645 885 187 101 191 20 264 697 148 469 538 372 637 269 674 872 698 478 98 534 423 165 233 56 377 707 440 763 851 594 663 344 811 139 175 392 743 63 866 524 884 196 823 309 505 486 132 642 237 908 575 204 903 683 427 449 904 147 947 691 577 977 30 745 322 134 669 969 42 781 890 460 138 328 227 930 421 631 999 621 658 3 358 939 179 352 675 580 200 58 772 368 411 962 86 364 386 123 412 216 194 140 313 816 203 955 415 518 92 742 319 784 69 563 414 690 715 606 641 795 99 296 855 636 388 853 355 471 45 578 910 225 650 874 768 812 653 949 501 262 832 956 503 764 810 859 365 515 966 854 846 773 247 554 341 702 635 730 81 912 317 67 441 711 801 865 611 710 144 74 562 113 378 752 104 321 849 307 666 453 723 815 217 780 551 343 337 446 596 374 548 397 604 670 50 574 511 102 946 417 40 662 886 78 360 255 107 447 808 339 276 759 981 649 979 302 732 202 941 783 429 347 68 299 10 717 127 850 345 258 254 668 70 727 603 331 
528 149 459 245 809 700 475 22 559 439 122 128 236 679 892 31 260 540 516 995 660 16 862 76 612 488 836 141 665 195 493 522 60 208 722 291 18 914 228 53 746 32 267 819 35 201 105 466 437 824 465 479 626 390 699 805 359 162 881 211 111 54 332 590 91 26 568 232 708 706 183 610 454 292 894 557 306 340 533 234 119 33 170 185 924 724 875 652 734 323 514 157 396 543 281 817 952 259 638 158 498 613 753 246 749 186 906 419 405 49 970 940 769 93 190 199 740 797 714 528 357 23 779 178 900 188 408 472 583 748 897 963 950 379 401 452 738 301 553 108 664 130 747 151 556 55 235 944 444 571 482 14 926 39 1000 430 867 422 535 6 425 265 112 504 373 620 409 336 450 404 837 902 893 46 348 163 961 828 146 733 181 279 937 100 263 957 173 737 785 989 821 899 142 651 736 481 938 790 494 403 564 585 689 283 402 176 684 218 126 726 326 735 72 398 931 219 445 311 576 687 192 705 570 927 787 829 375 168 561 608 244 28 943 537 197 280 268 593 57 289 27 136 624 346 744 591 380 324 118 972 184 509 242 316 584 838 416 295 531 354 95 480 37 15 51 948 456 615 8 303 974 315 630 62 782 986 973 835 129 754 873 682 843 844 428 117 278 643 586 984 878 350 164 155 83 240 286 750 560 678 19 852 370 905 65 544 448 285 473 729 796 59 507 43 496 751 513 109 712 156 672 777 960 87 97 932 492 709 160 338 220 996 616 888 124 166 870 985 988 500 987 671 458 432 720 399 725 826 765 485 646 920 581 803 495 135 44 685 766 330 25 224 369 922 619 103 600 433 567 206 703 407 351 757 648 230 349 490 223 945 532 438 831 933 47 983 512 856 367 760 599 470 993 788 1 695 519 463 618 609 628 110 52 552 539 133 656 9 137 271 308 793 847 114 12 929 704 716 476 529 213 951 106 919 84 542 858 582 376 959 75 36 385 270 304 174 525 391 79 300 880 654 601 771 978 150 997 767 688 589 64 13 318 238 877 329 911 693 226 547 274 333 273 424 34 169 818 825 484 177 991 605 798 5 942 426 272 143 813 994 839 489 474 861 277 617 116 145 2 822 483 799 863 967 520 639 209 632 555 530 680 758 597 451 820 506 934 171 794 77 468 891 827 909 871 848 210 841 89 916 982 462 207 807 971 502 546 921 883 
64 452 738 301 553 108 664 130 747 151 556 55 235 944 444 571 482 14 926 39 1000 430 867 422 535 6 425 265 112 504 373 620 409 336 450 404 837 902 893 46 348 163 961 828 146 733 181 279 937 100 263 957 173 737 785 989 821 899 142 651 736 481 938 790 494 
79 940 769 93 190 199 740 797 714 528 357 23 779 178 900 188 408 472 583 748 897 963 950 379 401 452 738 301 553 108 664 130 747 151 556 55 235 944 444 571 482 14 926 39 1000 430 867 422 535 6 425 265 112 504 373 620 409 336 450 404 837 902 893 46 348 163 961 828 146 733 181 279 937 100 263 957 173 737 785 989 
173 750 560 678 19 852 370 905 65 544 448 285 473 729 796 59 507 43 496 751 513 109 712 156 672 777 960 87 97 932 492 709 160 338 220 996 616 888 124 166 870 985 988 500 987 671 458 432 720 399 725 826 765 485 646 920 581 803 495 135 44 685 766 330 25 224 369 922 619 103 600 433 567 206 703 407 351 757 648 230 349 490 223 945 532 438 831 933 47 983 512 856 367 760 599 470 993 788 1 695 519 463 618 609 628 110 52 552 539 133 656 9 137 271 308 793 847 114 12 929 704 716 476 529 213 951 106 919 84 542 858 582 376 959 75 36 385 270 304 174 525 391 79 300 880 654 601 771 978 150 997 767 688 589 64 13 318 238 877 329 911 693 226 547 274 333 273 424 34 169 818 825 484 177 
236 51 948 456 615 8 303 974 315 630 62 782 986 973 835 129 754 873 682 843 844 428 117 278 643 586 984 878 350 164 155 83 240 286 750 560 678 19 852 370 905 65 544 448 285 473 729 796 59 507 43 496 751 513 109 712 156 672 777 960 87 97 932 492 709 160 338 220 996 616 888 124 166 870 985 988 500 987 671 458 432 720 399 725 826 765 485 646 920 581 803 495 135 44 685 766 330 25 224 369 922 619 103 600 433 567 206 703 407 351 757 648 230 349 490 223 945 532 438 831 933 47 983 512 856 367 760 599 470 993 788 1 695 519 463 618 609 628 110 52 552 539 133 656 9 137 271 308 793 847 114 12 929 704 716 476 529 213 951 106 919 84 542 858 582 376 959 75 36 385 270 304 174 525 391 79 300 880 654 601 771 978 150 997 767 688 589 64 13 318 238 877 329 911 693 226 547 274 333 273 424 34 169 818 825 484 177 991 605 798 5 942 426 272 143 813 994 839 489 474 861 277 617 116 145 2 822 483 799 863 967 520 639 209 632 555 530 
314 172 915 778 935 756 558 389 24 990 356 497 625 410 896 293 149 459 245 809 700 475 22 559 439 122 128 236 679 892 31 260 540 516 995 660 16 862 76 612 488 836 141 665 195 493 522 60 208 722 291 18 914 228 53 746 32 267 819 35 201 105 466 437 824 465 479 626 390 699 805 359 162 881 211 111 54 332 590 91 26 568 232 708 706 183 610 454 292 894 557 306 340 533 234 119 33 170 185 924 724 875 652 734 323 514 157 396 543 281 817 952 259 638 158 498 613 753 246 749 186 906 419 405 49 970 940 769 93 190 199 740 797 714 528 357 23 779 178 900 188 408 472 583 748 897 963 950 379 401 452 738 301 553 108 664 130 747 151 556 55 235 944 444 571 482 14 926 39 1000 430 867 422 535 6 425 265 112 504 373 620 409 336 450 404 837 902 893 46 348 163 961 828 146 733 181 279 937 100 263 957 173 737 785 989 821 899 142 651 736 481 938 790 494 403 564 585 689 283 402 176 684 218 126 726 326 735 72 398 931 219 445 311 576 687 192 705 570 927 787 829 375 168 561 608 244 28 943 537 197 280 268 593 57 289 27 136 624 346 744 591 380 324 118 972 184 509 242 316 584 838 416 295 531 354 95 480 37 15 51 948 456 615 8 303 974 315 630 62 782 986 973 835 129 754 873 682 843 844 428 117 278 643 586 984 878 350 164 155 83 240 286 750 560 678 
703 105 466 437 824 465 479 626 390 699 805 359 162 881 211 111 54 332 590 91 26 568 232 708 706 183 610 454 292 894 557 306 340 533 234 119 33 170 185 924 724 875 652 734 323 514 157 396 543 281 817 952 259 638 158 498 613 753 246 749 186 906 419 405 49 970 940 769 93 190 199 740 797 714 528 357 23 779 178 900 188 408 472 583 748 897 963 950 379 401 452 738 301 553 108 664 130 747 151 556 55 235 944 444 571 482 14 926 39 1000 430 867 422 535 6 425 265 112 504 373 620 409 336 450 404 837 902 893 46 348 163 961 828 146 733 181 279 937 100 263 957 173 737 785 989 821 899 142 651 736 481 938 790 494 403 564 585 689 283 402 176 684 218 126 726 326 735 72 398 931 219 445 311 576 687 192 705 570 927 787 829 375 168 561 608 244 28 943 537 197 280 268 593 57 289 27 136 624 346 744 591 380 324 118 972 184 509 242 316 584 838 416 295 531 354 95 480 37 15 51 948 456 615 8 303 974 315 630 62 782 986 973 835 129 754 873 682 843 844 428 117 278 643 586 984 878 350 164 155 83 240 286 750 560 678 19 852 370 905 65 544 448 285 473 729 796 59 507 43 496 751 513 109 712 156 672 777 960 87 97 932 492 709 160 338 220 996 616 888 124 166 870 985 988 500 987 671 458 432 720 399 725 826 765 485 646 920 581 803 495 135 44 685 766 330 25 224 369 922 619 103 600 433 567 206 703 407 351 757 648 230 349 490 223 945 532 438 831 933 47 983 512 856 367 760 599 470 993 788 1 695 519 463 618 609 628 110 52 552 539 133 656 9 137 271 308 793 847 114 12 929 704 716 476 529 213 951 106 919 84 542 858 582 376 959 75 36 385 270 304 174 525 391 79 300 880 654 601 771 978 150 997 767 688 589 64 13 318 238 877 329 911 693 226 547 274 333 273 424 34 169 818 825 484 177 991 605 798 5 942 426 272 143 813 994 839 489 474 861 277 617 116 145 2 822 483 799 863 967 520 639 209 632 555 530 680 758 597 451 820 506 934 171 794 77 468 891 827 909 871 848 210 841 89 916 982 462 207 807 971 502 546 921 883 153 659 253 66 363 634 198 120 860 876 382 627 298 180 655 774 633 361 159 667 250 541 573 88 980 907 692 901 467 592 256 569 517 739 85 928 4 182 418 115 297 464 923 864 461 521 394 282 229 353 623 998 629 457 231 975 154 976 917 314 125 786 41 676 435 61 992 882 152 526 499 673 38 775 965 251 964 806 565 436 327 387 701 789 73 968 96 442 94 614 239 248 622 953 420 400 721 71 487 362 762 434 310 384 814 842 287 755 249 167 792 491 645 885 187 101 191 20 264 697 148 469 538 372 637 269 674 872 698 478 98 534 423 165 233 56 377 707 440 763 851 594 663 344 811 139 175 392 743 63 866 524 884 196 823 309 505 486 132 642 237 908 575 204 903 683 427 449 904 147 947 691 577 977 30 745 322 134 669 969 42 781 890 460 138 328 227 930 421 631 999 621 658 3 358 939 179 352 675 580 200 58 772 368 411 962 86 364 386 123 412 216 194 140 313 816 203 955 415 518 
158 879 215 381 761 477 887 508 770 252 644 189 90 549 719 395 406 696 579 661 193 7 455 366 320 845 958 834 443 371 840 804 221 342 290 212 802 791 607 741 572 82 602 677 640 731 595 776 550 857 312 545 131 898 29 243 413 48 241 284 728 510 222 431 681 536 393 694 869 587 713 647 275 833 257 657 17 325 598 527 161 925 80 294 266 918 566 686 936 889 305 868 261 335 21 383 954 11 121 718 172 915 778 935 756 558 389 24 990 356 497 625 410 896 293 149 459 245 809 700 475 22 559 439 122 128 236 679 892 31 260 540 516 995 660 16 862 76 612 488 836 141 665 195 493 522 60 208 722 291 18 914 228 53 746 32 267 819 35 
399 323 514 157 396 543 281 817 952 259 638 158 498 613 753 246 749 186 906 419 405 49 970 940 769 93 190 199 740 797 714 528 357 23 779 178 900 188 408 472 583 748 897 963 950 379 401 452 738 301 553 108 664 130 747 151 556 55 235 944 444 571 482 14 926 39 1000 430 867 422 535 6 425 265 112 504 373 620 409 336 450 404 837 902 893 46 348 163 961 828 146 733 181 279 937 100 263 957 173 737 785 989 821 899 142 651 736 481 938 790 494 403 564 585 689 283 402 176 684 218 126 726 326 735 72 398 931 219 445 311 576 687 192 705 570 927 787 829 375 168 561 608 244 28 943 537 197 280 268 593 57 289 27 136 624 346 744 591 380 324 118 972 184 509 242 316 584 838 416 295 531 354 95 480 37 15 51 948 456 615 8 303 974 315 630 62 782 986 973 835 129 754 873 682 843 844 428 117 278 643 586 984 878 350 164 155 83 240 286 750 560 678 19 852 370 905 65 544 448 285 473 729 796 59 507 43 496 751 513 109 712 156 672 777 960 87 97 932 492 709 160 338 220 996 616 888 124 166 870 985 988 500 987 671 458 432 720 399 725 826 765 485 646 920 581 803 495 135 44 685 766 330 25 224 369 922 619 103 600 433 567 206 703 407 351 757 648 230 349 490 223 945 532 438 831 933 47 983 512 856 367 760 599 470 993 788 1 695 519 463 618 609 628 110 52 552 539 133 656 9 137 271 308 793 847 114 12 929 704 716 476 529 213 951 106 919 84 542 858 582 376 959 75 36 385 270 304 174 525 391 79 300 880 654 601 771 978 150 997 767 688 589 64 13 318 238 877 329 911 693 226 547 274 333 273 424 34 169 818 825 484 177 991 605 798 5 942 426 272 143 813 994 839 489 474 861 277 617 116 145 
354 46 348 163 961 828 146 733 181 279 937 100 263 957 173 737 785 989 821 899 142 651 736 481 938 790 494 403 564 585 689 283 402 176 684 218 126 726 326 735 72 398 931 219 445 311 576 687 192 705 570 927 787 829 375 168 561 608 244 28 943 537 197 280 268 593 57 289 27 136 624 346 744 591 380 324 118 972 184 509 242 316 584 838 416 295 531 354 95 480 37 15 51 948 456 615 8 303 974 315 630 62 782 986 973 835 129 754 873 682 843 844 428 117 278 643 586 984 878 350 164 155 83 240 286 750 560 678 19 852 370 905 65 544 448 285 473 729 796 59 507 43 496 751 513 109 712 156 672 777 960 87 97 932 492 709 160 338 220 996 616 888 124 166 870 985 988 500 987 671 458 432 720 399 725 826 765 485 646 920 581 803 495 135 44 685 766 330 25 224 369 922 619 103 600 433 567 206 703 407 351 757 648 230 349 490 223 945 532 438 831 933 47 983 512 856 367 760 599 470 993 788 1 695 519 463 618 609 628 110 52 552 539 133 656 9 137 271 308 793 847 114 12 929 704 716 476 529 213 951 106 919 84 542 858 582 376 959 75 36 385 270 304 174 525 391 79 300 880 654 601 771 978 150 997 767 688 589 64 13 318 238 877 329 911 693 226 547 274 333 273 424 34 169 818 825 484 177 991 605 798 5 942 426 272 143 813 994 839 489 474 861 277 617 116 145 2 822 483 799 863 967 520 639 209 632 555 530 680 758 597 451 820 506 934 171 794 77 468 891 827 909 871 848 210 841 89 916 982 462 207 807 971 502 546 
208 437 824 465 479 626 390 699 805 359 162 881 211 111 54 332 590 91 26 568 232 708 706 183 610 454 292 894 557 306 340 533 234 119 33 170 185 924 724 875 652 734 323 514 157 396 543 281 817 952 259 638 158 498 613 753 246 749 186 906 419 405 49 970 940 769 93 190 199 740 797 714 528 357 23 779 178 900 188 408 472 583 748 897 963 950 379 401 452 738 301 553 108 664 130 747 151 556 55 235 944 444 571 482 14 926 39 1000 430 867 422 535 6 425 265 112 504 373 620 409 336 450 404 837 902 893 46 348 163 961 828 146 733 181 279 937 100 263 957 173 737 785 989 821 899 142 651 736 481 938 790 494 403 564 585 689 283 402 176 684 218 126 726 326 735 72 398 931 219 445 311 576 687 192 705 570 927 787 829 375 168 561 608 244 28 943 537 197 280 268 593 57 289 27 136 624 346 744 591 380 324 118 972 184 509 242 316 584 838 
942 7 455 366 320 845 958 834 443 371 840 804 221 342 290 212 802 791 607 741 572 82 602 677 640 731 595 776 550 857 312 545 131 898 29 243 413 48 241 284 728 510 222 431 681 536 393 694 869 587 713 647 275 833 257 657 17 325 598 527 161 925 80 294 266 918 566 686 936 889 305 868 261 335 21 383 954 11 121 718 172 915 778 935 756 558 389 24 990 356 497 625 410 896 293 149 459 245 809 700 475 22 559 439 122 128 236 679 892 31 260 540 516 995 660 16 862 76 612 488 836 141 665 195 493 522 60 208 722 291 18 914 228 53 746 32 267 819 35 201 105 466 437 824 465 479 626 390 699 805 359 162 881 211 111 54 332 590 91 26 568 232 708 706 183 610 454 292 894 557 306 340 533 234 119 33 170 185 924 724 875 652 734 323 514 157 396 543 281 817 952 259 638 158 498 613 753 246 749 186 906 419 405 49 970 940 769 93 190 199 740 797 714 528 357 23 779 178 900 188 408 472 583 748 897 963 950 379 401 452 738 301 553 108 664 130 747 151 556 55 235 944 444 571 482 14 926 39 1000 430 867 422 535 6 425 265 112 504 373 620 409 336 450 404 837 902 893 46 348 163 961 828 146 733 181 279 937 100 263 957 173 737 785 989 821 899 142 651 736 481 938 790 494 403 564 585 689 283 402 176 684 218 126 726 326 735 72 398 931 219 445 311 576 687 192 705 570 927 787 829 375 168 561 608 244 28 943 537 197 280 268 593 57 289 27 136 624 346 744 591 380 324 118 972 184 509 242 316 584 838 416 295 531 354 95 480 37 15 51 948 456 615 8 303 974 315 630 62 782 986 973 835 129 754 873 682 843 844 428 117 278 643 586 984 878 350 164 155 83 240 286 750 560 678 19 852 370 905 65 544 448 285 473 729 796 59 507 43 496 751 513 109 712 156 672 777 960 87 97 932 492 709 160 338 220 996 616 888 124 166 870 985 988 500 987 671 458 432 720 399 725 826 765 485 646 920 581 803 495 135 44 685 766 330 25 224 369 922 619 103 600 433 567 206 703 407 351 757 648 230 349 490 223 945 532 438 831 933 47 983 512 856 367 760 599 470 993 788 1 695 519 463 618 609 628 110 52 552 539 133 656 9 137 271 308 793 847 114 12 929 704 716 476 529 213 951 106 919 84 542 858 582 376 959 75 36 385 270 304 174 525 391 79 300 880 654 601 771 978 150 997 767 688 589 64 13 318 238 877 329 911 693 226 547 274 333 273 424 34 169 818 825 484 177 991 605 798 5 942 426 272 143 813 994 839 489 474 861 277 617 116 145 2 822 483 799 863 967 520 639 209 632 555 530 680 758 597 451 820 506 934 171 794 77 468 891 827 909 871 848 210 841 89 916 982 462 207 807 971 502 546 921 883 153 659 253 66 363 634 198 120 860 876 382 627 298 180 655 774 633 361 159 667 250 541 573 88 980 907 692 901 467 592 256 569 517 739 85 928 4 182 418 115 297 464 923 864 461 521 394 282 229 353 623 998 629 457 231 975 154 976 917 314 125 786 41 676 435 61 992 882 152 526 499 673 38 775 965 251 964 806 565 436 327 387 701 789 73 968 96 442 94 614 239 248 622 953 420 400 721 71 487 362 762 434 310 384 814 842 287 755 249 167 792 491 645 885 187 101 191 20 264 697 148 469 538 372 637 269 674 872 698 478 98 534 423 165 233 56 377 707 440 763 851 594 663 344 811 139 175 392 743 63 866 524 884 196 823 309 505 486 132 642 237 908 575 204 903 683 427 449 904 147 947 691 577 977 30 745 322 134 669 969 42 781 890 460 138 328 227 930 421 631 999 621 658 3 358 939 179 352 675 580 200 58 772 368 411 962 86 364 386 123 412 216 194 140 313 816 203 955 415 518 92 742 319 784 69 563 414 690 715 606 641 795 99 296 855 636 388 853 355 471 45 578 910 225 650 874 768 812 653 949 501 262 832 956 503 764 810 859 365 515 966 854 846 773 247 554 341 702 635 730 81 912 317 67 441 711 801 865 611 710 144 74 562 113 378 752 104 321 849 307 666 453 723 815 217 780 551 343 337 446 596 374 548 397 604 670 50 574 511 102 946 417 40 662 886 78 360 255 107 447 
893 718 172 915 778 935 756 558 389 24 990 356 497 625 410 896 293 149 459 245 809 700 475 22 559 439 122 128 236 679 892 31 260 540 516 995 660 16 862 76 612 488 836 141 665 195 493 522 60 208 722 291 18 914 228 53 746 32 267 819 35 201 105 466 437 824 465 479 626 390 699 805 359 162 881 211 111 54 332 590 91 26 568 232 708 706 183 610 454 292 894 557 306 340 533 234 119 33 170 185 924 724 875 652 734 323 514 157 396 543 281 817 952 259 638 158 498 613 753 246 749 186 906 419 405 49 970 940 769 93 190 199 740 797 714 528 357 23 779 178 900 188 408 472 583 748 897 963 950 379 401 452 738 301 553 108 664 130 747 151 556 55 235 944 444 571 482 14 926 39 1000 430 867 422 535 6 425 265 112 504 373 620 409 336 450 404 837 902 893 46 348 163 961 828 146 733 181 279 937 100 263 957 173 737 785 989 821 899 142 651 736 481 938 790 494 403 564 585 689 283 402 176 684 218 126 726 326 735 72 398 931 219 445 311 576 687 192 705 570 927 787 829 375 168 561 608 244 28 943 537 197 280 268 593 57 289 27 136 624 346 744 591 380 324 118 972 184 509 242 316 584 838 416 295 531 354 95 480 37 15 51 948 456 615 8 303 974 315 630 62 782 986 973 835 129 754 873 682 843 844 428 117 278 643 586 984 878 350 164 155 83 240 286 750 560 678 19 852 370 905 65 544 448 285 473 729 796 59 507 43 496 751 513 109 712 156 672 777 960 87 97 932 492 709 160 338 220 996 616 888 124 166 870 985 988 500 987 671 458 432 720 399 725 826 765 485 646 920 581 803 495 135 44 685 766 330 25 224 369 922 619 103 600 433 567 206 703 407 351 757 648 230 349 490 223 945 532 438 831 933 47 983 512 856 367 760 599 470 993 788 1 695 519 463 618 609 628 110 52 552 539 133 656 9 137 271 308 793 847 114 12 929 704 716 476 529 213 951 106 919 84 542 858 582 376 959 75 36 385 270 304 174 525 391 79 300 880 654 601 771 978 150 997 767 688 589 64 13 318 238 877 329 911 693 226 547 274 333 273 424 34 169 818 825 484 177 991 605 798 5 942 426 272 143 813 994 839 489 474 861 277 617 116 145 2 822 483 799 863 967 520 639 209 632 555 530 680 758 597 451 820 506 934 171 794 77 468 891 827 909 871 848 210 841 89 916 982 462 207 807 971 502 546 921 883 153 659 253 66 363 634 198 120 860 876 382 627 298 180 655 774 633 361 159 667 250 541 573 88 980 907 692 901 467 592 256 569 517 739 85 928 4 182 418 115 297 464 923 864 461 521 394 282 229 353 623 998 629 457 231 975 154 976 917 314 125 786 41 676 435 61 992 882 152 526 499 673 38 775 965 251 964 806 565 436 327 387 701 789 73 968 96 442 94 614 239 248 622 953 420 400 721 71 487 362 762 434 310 384 814 842 287 755 249 167 792 491 645 885 187 101 191 20 264 697 148 469 538 372 637 269 674 872 698 478 98 534 423 165 233 56 377 707 440 763 851 594 663 344 811 139 175 392 743 63 866 524 884 196 823 309 505 486 132 642 237 908 575 204 903 683 427 449 904 147 947 691 577 977 30 745 322 134 669 969 42 781 890 460 138 328 227 930 421 631 999 621 658 3 358 939 179 352 675 580 200 58 772 368 411 962 86 364 386 123 412 216 194 140 313 816 203 955 415 518 92 742 319 784 69 563 414 690 715 606 641 795 99 296 855 636 388 853 355 471 45 578 910 225 650 874 768 812 653 949 501 262 832 956 503 764 810 859 365 515 966 854 846 773 247 554 341 702 635 730 81 912 317 67 441 711 801 865 611 710 144 74 562 113 378 752 104 321 849 307 666 453 723 815 217 780 551 343 337 446 596 374 548 397 604 670 50 574 511 102 946 417 40 662 886 78 360 255 107 447 808 339 276 759 981 649 979 302 732 202 941 783 429 347 68 299 10 717 127 850 345 258 254 668 70 727 603 331 523 
730 579 661 193 7 455 366 320 845 958 834 443 371 840 804 221 342 290 212 802 791 607 741 572 82 602 677 640 731 595 776 550 857 312 545 131 898 29 243 413 48 241 284 728 510 222 431 681 536 393 694 869 587 713 647 275 833 257 657 17 325 598 527 161 925 80 294 266 918 566 686 936 889 305 868 261 335 21 383 954 11 121 718 172 915 778 935 756 558 389 24 990 356 497 625 410 896 293 149 459 245 809 700 475 22 559 439 122 128 236 679 892 31 260 540 516 995 660 16 862 76 612 488 836 141 665 195 493 522 60 208 722 291 18 914 228 53 746 32 267 819 35 201 105 466 437 824 465 479 626 390 699 805 359 162 881 211 111 54 332 590 91 26 568 232 708 706 183 610 454 292 894 557 306 340 533 234 119 33 170 185 924 724 875 652 734 323 514 157 396 543 281 817 952 259 638 158 498 613 753 246 749 186 906 419 405 49 970 940 769 93 190 199 740 797 714 528 357 23 779 178 900 188 408 472 583 748 897 963 950 379 401 452 738 301 553 108 664 130 747 151 556 55 235 944 444 571 482 14 926 39 1000 430 867 422 535 6 425 265 112 504 373 620 409 336 450 404 837 902 893 46 348 163 961 828 146 733 181 279 937 100 263 957 173 737 785 989 821 899 142 651 736 481 938 790 494 403 564 585 689 283 402 176 684 218 126 726 326 735 72 398 931 219 445 311 576 687 192 705 570 927 787 829 375 168 561 608 244 28 943 537 197 280 268 593 57 289 27 136 624 346 744 591 380 324 118 972 184 509 242 316 584 838 416 295 531 354 95 480 37 15 51 948 456 615 8 303 974 315 630 62 782 986 973 835 129 754 873 682 843 844 428 117 278 643 586 984 878 350 164 155 83 240 286 750 560 678 19 852 370 905 65 544 448 285 473 729 796 59 507 43 496 751 513 109 712 156 672 777 960 87 97 932 492 709 160 338 220 996 616 888 124 166 870 985 988 500 987 671 458 432 720 399 725 826 765 485 646 920 581 803 495 135 44 685 766 330 25 224 369 922 619 103 600 433 567 206 703 407 351 757 648 230 349 490 223 945 532 438 831 933 47 983 512 856 367 760 599 470 993 788 1 695 519 463 618 609 628 110 52 552 539 133 656 9 137 271 308 793 847 114 12 929 704 716 476 529 213 951 106 919 84 542 858 582 376 959 75 36 385 270 304 174 525 391 79 300 880 654 601 771 978 150 997 767 688 589 64 13 318 238 877 329 911 693 226 547 274 333 273 424 34 169 818 825 484 177 991 605 798 5 942 426 272 143 813 994 839 489 474 861 277 617 116 145 2 822 483 799 863 967 520 639 209 632 555 530 680 758 597 451 820 506 934 171 794 77 468 891 827 909 871 848 210 841 89 916 982 462 207 807 971 502 546 921 883 153 659 253 66 363 634 198 120 860 876 382 627 298 180 655 774 633 361 159 667 250 541 573 88 980 907 692 901 467 592 256 569 517 739 85 928 4 182 418 115 297 464 923 864 461 521 394 282 229 353 623 998 629 457 231 975 154 976 917 314 125 786 41 676 435 61 992 882 152 526 499 673 38 775 965 251 964 806 565 436 327 387 701 789 73 968 96 442 94 614 239 248 622 953 420 400 721 71 487 362 762 434 310 384 814 
959 189 90 549 719 395 406 696 579 661 193 7 455 366 320 845 958 834 443 371 840 804 221 342 290 212 802 791 607 741 572 82 602 677 640 731 595 776 550 857 312 545 131 898 29 243 413 48 241 284 728 510 222 431 681 536 393 694 869 587 713 647 275 833 257 657 17 325 598 527 161 925 80 294 266 918 566 686 936 889 305 868 261 335 21 383 954 11 121 718 172 915 778 935 756 558 389 24 990 356 497 625 410 896 293 149 459 245 809 700 475 22 559 439 122 128 236 679 892 31 260 540 516 995 660 16 862 76 612 488 836 141 665 195 493 522 60 208 722 291 18 914 228 53 746 32 267 819 35 201 105 466 437 824 465 479 626 390 699 805 359 162 881 211 111 54 332 590 91 26 568 232 708 706 183 610 454 292 894 557 306 340 533 234 119 33 170 185 924 724 875 652 734 323 514 157 396 543 281 817 952 259 638 158 498 613 753 246 749 186 906 419 405 49 970 940 769 93 190 199 740 797 714 528 357 23 779 178 900 188 408 472 583 748 897 963 950 379 401 452 738 301 553 108 664 130 747 151 556 55 235 944 444 571 482 14 926 39 1000 430 867 422 535 6 425 265 112 504 373 620 409 336 450 404 837 902 893 46 348 163 961 828 146 733 181 279 937 100 263 957 173 737 785 989 821 899 142 651 736 481 938 790 494 403 564 585 689 283 402 176 684 218 126 726 326 735 72 398 931 219 445 311 576 687 192 705 570 927 787 829 375 168 561 608 244 28 943 537 197 280 268 593 57 289 27 136 624 346 744 591 380 324 118 972 184 509 242 316 584 838 416 295 531 354 95 480 37 15 51 948 456 615 8 303 974 315 630 62 782 986 973 835 129 754 873 682 843 844 428 117 278 643 586 984 878 350 164 155 83 240 286 750 560 678 19 852 370 905 65 544 448 285 473 729 796 59 507 43 496 751 513 109 712 156 672 777 960 87 97 932 492 709 160 338 220 996 616 888 124 166 870 985 988 500 987 671 458 432 720 399 725 826 765 485 646 920 581 803 495 135 44 685 766 330 25 224 369 922 619 103 600 433 567 206 703 407 351 757 648 230 349 490 223 945 532 438 831 933 47 983 512 856 367 760 599 470 993 788 1 695 519 463 618 609 628 110 52 552 539 133 656 9 137 271 308 793 847 114 12 929 704 716 476 529 213 951 106 919 84 542 858 582 376 959 75 36 385 270 304 174 525 391 79 300 880 654 601 771 978 150 997 767 688 589 64 13 318 238 877 329 911 693 226 547 274 333 273 424 34 169 818 825 484 177 991 605 798 5 942 426 272 143 813 994 839 489 474 861 277 617 116 145 2 822 483 799 863 967 520 639 209 632 555 530 680 758 597 451 820 506 934 171 794 77 468 891 827 909 871 848 210 841 89 916 982 462 207 807 971 502 546 921 883 153 659 253 66 363 634 198 120 860 876 382 627 298 180 655 774 633 361 159 667 250 541 573 88 980 907 692 901 467 592 256 569 517 739 85 928 4 182 418 115 297 464 923 864 461 521 394 282 229 353 623 998 629 457 231 975 154 976 917 314 125 786 41 676 435 61 992 882 152 526 499 673 38 775 965 251 964 806 565 436 327 387 701 789 73 968 96 442 94 614 239 248 622 953 420 400 721 71 487 362 762 434 310 384 814 842 287 755 249 167 792 491 645 885 187 101 191 20 264 697 148 469 538 372 637 269 674 872 698 478 98 534 423 165 233 56 377 707 440 763 851 594 663 344 811 139 175 392 743 63 866 524 884 196 823 309 505 486 132 642 237 908 575 204 903 683 427 449 904 147 947 691 577 977 30 745 322 134 669 969 42 781 890 460 138 328 227 930 421 631 999 621 658 3 358 939 179 352 675 580 200 58 772 368 411 962 86 364 386 123 412 216 194 140 313 816 203 955 415 518 92 742 319 784 69 563 414 690 715 606 641 795 99 296 855 636 388 853 355 471 45 578 910 225 650 874 768 812 653 949 501 262 832 956 503 764 810 859 365 515 966 854 846 773 247 554 341 702 635 730 81 912 317 67 441 711 801 865 611 710 144 74 562 113 378 752 104 321 849 307 666 453 723 815 217 780 551 343 337 446 596 374 548 397 604 670 50 574 511 102 946 417 40 662 886 78 360 255 107 447 808 339 276 759 981 649 979 
14 16 862 76 612 488 836 141 665 195 493 522 60 208 722 
4 850 345 258 254 
331 430 867 422 535 6 425 265 112 504 373 620 409 336 450 404 837 902 893 46 348 163 961 828 146 733 181 279 937 100 263 957 173 737 785 989 821 899 142 651 736 481 938 790 494 403 564 585 689 283 402 176 684 218 126 726 326 735 72 398 931 219 445 311 576 687 192 705 570 927 787 829 375 168 561 608 244 28 943 537 197 280 268 593 57 289 27 136 624 346 744 591 380 324 118 972 184 509 242 316 584 838 416 295 531 354 95 480 37 15 51 948 456 615 8 303 974 315 630 62 782 986 973 835 129 754 873 682 843 844 428 117 278 643 586 984 878 350 164 155 83 240 286 750 560 678 19 852 370 905 65 544 448 285 473 729 796 59 507 43 496 751 513 109 712 156 672 777 960 87 97 932 492 709 160 338 220 996 616 888 124 166 870 985 988 500 987 671 458 432 720 399 725 826 765 485 646 920 581 803 495 135 44 685 766 330 25 224 369 922 619 103 600 433 567 206 703 407 351 757 648 230 349 490 223 945 532 438 831 933 47 983 512 856 367 760 599 470 993 788 1 695 519 463 618 609 628 110 52 552 539 133 656 9 137 271 308 793 847 114 12 929 704 716 476 529 213 951 106 919 84 542 858 582 376 959 75 36 385 270 304 174 525 391 79 300 880 654 601 771 978 150 997 767 688 589 64 13 318 238 877 329 911 693 226 547 274 333 273 424 34 169 818 825 484 177 991 605 798 5 942 426 272 143 813 994 839 489 474 861 277 617 
571 265 112 504 373 620 409 336 450 404 837 902 893 46 348 163 961 828 146 733 181 279 937 100 263 957 173 737 785 989 821 899 142 651 736 481 938 790 494 403 564 585 689 283 402 176 684 218 126 726 326 735 72 398 931 219 445 311 576 687 192 705 570 927 787 829 375 168 561 608 244 28 943 537 197 280 268 593 57 289 27 136 624 346 744 591 380 324 118 972 184 509 242 316 584 838 416 295 531 354 95 480 37 15 51 948 456 615 8 303 974 315 630 62 782 986 973 835 129 754 873 682 843 844 428 117 278 643 586 984 878 350 164 155 83 240 286 750 560 678 19 852 370 905 65 544 448 285 473 729 796 59 507 43 496 751 513 109 712 156 672 777 960 87 97 932 492 709 160 338 220 996 616 888 124 166 870 985 988 500 987 671 458 432 720 399 725 826 765 485 646 920 581 803 495 135 44 685 766 330 25 224 369 922 619 103 600 433 567 206 703 407 351 757 648 230 349 490 223 945 532 438 831 933 47 983 512 856 367 760 599 470 993 788 1 695 519 463 618 609 628 110 52 552 539 133 656 9 137 271 308 793 847 114 12 929 704 716 476 529 213 951 106 919 84 542 858 582 376 959 75 36 385 270 304 174 525 391 79 300 880 654 601 771 978 150 997 767 688 589 64 13 318 238 877 329 911 693 226 547 274 333 273 424 34 169 818 825 484 177 991 605 798 5 942 426 272 143 813 994 839 489 474 861 277 617 116 145 2 822 483 799 863 967 520 639 209 632 555 530 680 758 597 451 820 506 934 171 794 77 468 891 827 909 871 848 210 841 89 916 982 462 207 807 971 502 546 921 883 153 659 253 66 363 634 198 120 860 876 382 627 298 180 655 774 633 361 159 667 250 541 573 88 980 907 692 901 467 592 256 569 517 739 85 928 4 182 418 115 297 464 923 864 461 521 394 282 229 353 623 998 629 457 231 975 154 976 917 314 125 786 41 676 435 61 992 882 152 526 499 673 38 775 965 251 964 806 565 436 327 387 701 789 73 968 96 442 94 614 239 248 622 953 420 400 721 71 487 362 762 434 310 384 814 842 287 755 249 167 792 491 645 885 187 101 191 20 264 697 148 469 538 372 637 269 674 872 698 478 98 534 423 165 233 56 377 707 440 763 851 594 663 344 811 139 175 392 743 63 866 524 884 196 823 309 505 486 132 642 237 908 575 204 903 683 427 449 904 147 947 691 577 977 30 745 322 134 669 969 42 781 890 460 138 328 227 930 421 631 999 621 658 3 358 939 179 352 675 580 200 58 772 
732 857 312 545 131 898 29 243 413 48 241 284 728 510 222 431 681 536 393 694 869 587 713 647 275 833 257 657 17 325 598 527 161 925 80 294 266 918 566 686 936 889 305 868 261 335 21 383 954 11 121 718 172 915 778 935 756 558 389 24 990 356 497 625 410 896 293 149 459 245 809 700 475 22 559 439 122 128 236 679 892 31 260 540 516 995 660 16 862 76 612 488 836 141 665 195 493 522 60 208 722 291 18 914 228 53 746 32 267 819 35 201 105 466 437 824 465 479 626 390 699 805 359 162 881 211 111 54 332 590 91 26 568 232 708 706 183 610 454 292 894 557 306 340 533 234 119 33 170 185 924 724 875 652 734 323 514 157 396 543 281 817 952 259 638 158 498 613 753 246 749 186 906 419 405 49 970 940 769 93 190 199 740 797 714 528 357 23 779 178 900 188 408 472 583 748 897 963 950 379 401 452 738 301 553 108 664 130 747 151 556 55 235 944 444 571 482 14 926 39 1000 430 867 422 535 6 425 265 112 504 373 620 409 336 450 404 837 902 893 46 348 163 961 828 146 733 181 279 937 100 263 957 173 737 785 989 821 899 142 651 736 481 938 790 494 403 564 585 689 283 402 176 684 218 126 726 326 735 72 398 931 219 445 311 576 687 192 705 570 927 787 829 375 168 561 608 244 28 943 537 197 280 268 593 57 289 27 136 624 346 744 591 380 324 118 972 184 509 242 316 584 838 416 295 531 354 95 480 37 15 51 948 456 615 8 303 974 315 630 62 782 986 973 835 129 754 873 682 843 844 428 117 278 643 586 984 878 350 164 155 83 240 286 750 560 678 19 852 370 905 65 544 448 285 473 729 796 59 507 43 496 751 513 109 712 156 672 777 960 87 97 932 492 709 160 338 220 996 616 888 124 166 870 985 988 500 987 671 458 432 720 399 725 826 765 485 646 920 581 803 495 135 44 685 766 330 25 224 369 922 619 103 600 433 567 206 703 407 351 757 648 230 349 490 223 945 532 438 831 933 47 983 512 856 367 760 599 470 993 788 1 695 519 463 618 609 628 110 52 552 539 133 656 9 137 271 308 793 847 114 12 929 704 716 476 529 213 951 106 919 84 542 858 582 376 959 75 36 385 270 304 174 525 391 79 300 880 654 601 771 978 150 997 767 688 589 64 13 318 238 877 329 911 693 226 547 274 333 273 424 34 169 818 825 484 177 991 605 798 5 942 426 272 143 813 994 839 489 474 861 277 617 116 145 2 822 483 799 863 967 520 639 209 632 555 530 680 758 597 451 820 506 934 171 794 77 468 891 827 909 871 848 210 841 89 916 982 462 207 807 971 502 546 921 883 153 659 253 66 363 634 198 120 860 876 382 627 298 180 655 774 633 361 159 667 250 541 573 88 980 907 692 901 467 592 256 569 517 739 85 928 4 182 418 115 297 464 923 864 461 521 394 282 229 353 623 998 629 457 231 975 154 976 917 314 125 786 41 676 435 61 992 882 152 526 499 673 38 775 965 251 964 806 565 436 327 387 701 789 73 968 96 442 94 614 239 248 622 953 420 400 721 71 487 362 762 434 310 384 814 842 287 755 249 167 792 491 645 885 187 101 191 20 264 697 148 469 538 372 637 269 674 872 698 478 98 534 423 165 233 56 377 707 
487 560 678 19 852 370 905 65 544 448 285 473 729 796 59 507 43 496 751 513 109 712 156 672 777 960 87 97 932 492 709 160 338 220 996 616 888 124 166 870 985 988 500 987 671 458 432 720 399 725 826 765 485 646 920 581 803 495 135 44 685 766 330 25 224 369 922 619 103 600 433 567 206 703 407 351 757 648 230 349 490 223 945 532 438 831 933 47 983 512 856 367 760 599 470 993 788 1 695 519 463 618 609 628 110 52 552 539 133 656 9 137 271 308 793 847 114 12 929 704 716 476 529 213 951 106 919 84 542 858 582 376 959 75 36 385 270 304 174 525 391 79 300 880 654 601 771 978 150 997 767 688 589 64 13 318 238 877 329 911 693 226 547 274 333 273 424 34 169 818 825 484 177 991 605 798 5 942 426 272 143 813 994 839 489 474 861 277 617 116 145 2 822 483 799 863 967 520 639 209 632 555 530 680 758 597 451 820 506 934 171 794 77 468 891 827 909 871 848 210 841 89 916 982 462 207 807 971 502 546 921 883 153 659 253 66 363 634 198 120 860 876 382 627 298 180 655 774 633 361 159 667 250 541 573 88 980 907 692 901 467 592 256 569 517 739 85 928 4 182 418 115 297 464 923 864 461 521 394 282 229 353 623 998 629 457 231 975 154 976 917 314 125 786 41 676 435 61 992 882 152 526 499 673 38 775 965 251 964 806 565 436 327 387 701 789 73 968 96 442 94 614 239 248 622 953 420 400 721 71 487 362 762 434 310 384 814 842 287 755 249 167 792 491 645 885 187 101 191 20 264 697 148 469 538 372 637 269 674 872 698 478 98 534 423 165 233 56 377 707 440 763 851 594 663 344 811 139 175 392 743 63 866 524 884 196 823 309 505 486 132 642 237 908 575 204 903 683 427 449 904 147 947 691 577 977 30 745 322 134 669 969 42 781 890 460 138 328 227 930 421 631 999 621 658 3 358 939 179 352 675 580 200 58 772 368 411 962 86 364 386 123 412 216 194 140 313 816 203 955 415 518 92 742 319 784 69 563 414 690 715 606 641 795 99 296 855 636 388 853 355 471 45 578 910 225 650 874 768 812 653 949 501 262 832 956 503 764 
79 131 898 29 243 413 48 241 284 728 510 222 431 681 536 393 694 869 587 713 647 275 833 257 657 17 325 598 527 161 925 80 294 266 918 566 686 936 889 305 868 261 335 21 383 954 11 121 718 172 915 778 935 756 558 389 24 990 356 497 625 410 896 293 149 459 245 809 700 475 22 559 439 122 128 236 679 892 31 260 
410 473 729 796 59 507 43 496 751 513 109 712 156 672 777 960 87 97 932 492 709 160 338 220 996 616 888 124 166 870 985 988 500 987 671 458 432 720 399 725 826 765 485 646 920 581 803 495 135 44 685 766 330 25 224 369 922 619 103 600 433 567 206 703 407 351 757 648 230 349 490 223 945 532 438 831 933 47 983 512 856 367 760 599 470 993 788 1 695 519 463 618 609 628 110 52 552 539 133 656 9 137 271 308 793 847 114 12 929 704 716 476 529 213 951 106 919 84 542 858 582 376 959 75 36 385 270 304 174 525 391 79 300 880 654 601 771 978 150 997 767 688 589 64 13 318 238 877 329 911 693 226 547 274 333 273 424 34 169 818 825 484 177 991 605 798 5 942 426 272 143 813 994 839 489 474 861 277 617 116 145 2 822 483 799 863 967 520 639 209 632 555 530 680 758 597 451 820 506 934 171 794 77 468 891 827 909 871 848 210 841 89 916 982 462 207 807 971 502 546 921 883 153 659 253 66 363 634 198 120 860 876 382 627 298 180 655 774 633 361 159 667 250 541 573 88 980 907 692 901 467 592 256 569 517 739 85 928 4 182 418 115 297 464 923 864 461 521 394 282 229 353 623 998 629 457 231 975 154 976 917 314 125 786 41 676 435 61 992 882 152 526 499 673 38 775 965 251 964 806 565 436 327 387 701 789 73 968 96 442 94 614 239 248 622 953 420 400 721 71 487 362 762 434 310 384 814 842 287 755 249 167 792 491 645 885 187 101 191 20 264 697 148 469 538 372 637 269 674 872 698 478 98 534 423 165 233 56 377 707 440 763 851 594 663 344 811 139 175 392 743 63 866 524 884 196 823 309 505 486 132 642 237 908 575 204 903 683 427 449 904 147 947 691 577 977 30 745 322 134 669 969 42 781 890 460 138 328 227 930 421 
433 95 480 37 15 51 948 456 615 8 303 974 315 630 62 782 986 973 835 129 754 873 682 843 844 428 117 278 643 586 984 878 350 164 155 83 240 286 750 560 678 19 852 370 905 65 544 448 285 473 729 796 59 507 43 496 751 513 109 712 156 672 777 960 87 97 932 492 709 160 338 220 996 616 888 124 166 870 985 988 500 987 671 458 432 720 399 725 826 765 485 646 920 581 803 495 135 44 685 766 330 25 224 369 922 619 103 600 433 567 206 703 407 351 757 648 230 349 490 223 945 532 438 831 933 47 983 512 856 367 760 599 470 993 788 1 695 519 463 618 609 628 110 52 552 539 133 656 9 137 271 308 793 847 114 12 929 704 716 476 529 213 951 106 919 84 542 858 582 376 959 75 36 385 270 304 174 525 391 79 300 880 654 601 771 978 150 997 767 688 589 64 13 318 238 877 329 911 693 226 547 274 333 273 424 34 169 818 825 484 177 991 605 798 5 942 426 272 143 813 994 839 489 474 861 277 617 116 145 2 822 483 799 863 967 520 639 209 632 555 530 680 758 597 451 820 506 934 171 794 77 468 891 827 909 871 848 210 841 89 916 982 462 207 807 971 502 546 921 883 153 659 253 66 363 634 198 120 860 876 382 627 298 180 655 774 633 361 159 667 250 541 573 88 980 907 692 901 467 592 256 569 517 739 85 928 4 182 418 115 297 464 923 864 461 521 394 282 229 353 623 998 629 457 231 975 154 976 917 314 125 786 41 676 435 61 992 882 152 526 499 673 38 775 965 251 964 806 565 436 327 387 701 789 73 968 96 442 94 614 239 248 622 953 420 400 721 71 487 362 762 434 310 384 814 842 287 755 249 167 792 491 645 885 187 101 191 20 264 697 148 469 538 372 637 269 674 872 698 478 98 534 423 165 233 56 377 707 440 763 851 594 663 344 811 139 175 392 743 63 866 524 884 196 823 309 505 486 132 642 237 908 575 204 
644 881 211 111 54 332 590 91 26 568 232 708 706 183 610 454 292 894 557 306 340 533 234 119 33 170 185 924 724 875 652 734 323 514 157 396 543 281 817 952 259 638 158 498 613 753 246 749 186 906 419 405 49 970 940 769 93 190 199 740 797 714 528 357 23 779 178 900 188 408 472 583 748 897 963 950 379 401 452 738 301 553 108 664 130 747 151 556 55 235 944 444 571 482 14 926 39 1000 430 867 422 535 6 425 265 112 504 373 620 409 336 450 404 837 902 893 46 348 163 961 828 146 733 181 279 937 100 263 957 173 737 785 989 821 899 142 651 736 481 938 790 494 403 564 585 689 283 402 176 684 218 126 726 326 735 72 398 931 219 445 311 576 687 192 705 570 927 787 829 375 168 561 608 244 28 943 537 197 280 268 593 57 289 27 136 624 346 744 591 380 324 118 972 184 509 242 316 584 838 416 295 531 354 95 480 37 15 51 948 456 615 8 303 974 315 630 62 782 986 973 835 129 754 873 682 843 844 428 117 278 643 586 984 878 350 164 155 83 240 286 750 560 678 19 852 370 905 65 544 448 285 473 729 796 59 507 43 496 751 513 109 712 156 672 777 960 87 97 932 492 709 160 338 220 996 616 888 124 166 870 985 988 500 987 671 458 432 720 399 725 826 765 485 646 920 581 803 495 135 44 685 766 330 25 224 369 922 619 103 600 433 567 206 703 407 351 757 648 230 349 490 223 945 532 438 831 933 47 983 512 856 367 760 599 470 993 788 1 695 519 463 618 609 628 110 52 552 539 133 656 9 137 271 308 793 847 114 12 929 704 716 476 529 213 951 106 919 84 542 858 582 376 959 75 36 385 270 304 174 525 391 79 300 880 654 601 771 978 150 997 767 688 589 64 13 318 238 877 329 911 693 226 547 274 333 273 424 34 169 818 825 484 177 991 605 798 5 942 426 272 143 813 994 839 489 474 861 277 617 116 145 2 822 483 799 863 967 520 639 209 632 555 530 680 758 597 451 820 506 934 171 794 77 468 891 827 909 871 848 210 841 89 916 982 462 207 807 971 502 546 921 883 153 659 253 66 363 634 198 120 860 876 382 627 298 180 655 774 633 361 159 667 250 541 573 88 980 907 692 901 467 592 256 569 517 739 85 928 4 182 418 115 297 464 923 864 461 521 394 282 229 353 623 998 629 457 231 975 154 976 917 314 125 786 41 676 435 61 992 882 152 526 499 673 38 775 965 251 964 806 565 436 327 387 701 789 73 968 96 442 94 614 239 248 622 953 420 400 721 71 487 362 762 434 310 384 814 842 287 755 249 167 792 491 645 885 187 101 191 20 264 697 148 469 538 372 637 269 674 872 698 478 98 534 423 165 233 56 377 707 440 763 851 594 663 344 811 139 175 392 743 63 866 524 884 196 823 309 505 486 132 642 237 908 575 204 903 683 427 449 904 147 947 691 577 
1 332 
556 375 168 561 608 244 28 943 537 197 280 268 593 57 289 27 136 624 346 744 591 380 324 118 972 184 509 242 316 584 838 416 295 531 354 95 480 37 15 51 948 456 615 8 303 974 315 630 62 782 986 973 835 129 754 873 682 843 844 428 117 278 643 586 984 878 350 164 155 83 240 286 750 560 678 19 852 370 905 65 544 448 285 473 729 796 59 507 43 496 751 513 109 712 156 672 777 960 87 97 932 492 709 160 338 220 996 616 888 124 166 870 985 988 500 987 671 458 432 720 399 725 826 765 485 646 920 581 803 495 135 44 685 766 330 25 224 369 922 619 103 600 433 567 206 703 407 351 757 648 230 349 490 223 945 532 438 831 933 47 983 512 856 367 760 599 470 993 788 1 695 519 463 618 609 628 110 52 552 539 133 656 9 137 271 308 793 847 114 12 929 704 716 476 529 213 951 106 919 84 542 858 582 376 959 75 36 385 270 304 174 525 391 79 300 880 654 601 771 978 150 997 767 688 589 64 13 318 238 877 329 911 693 226 547 274 333 273 424 34 169 818 825 484 177 991 605 798 5 942 426 272 143 813 994 839 489 474 861 277 617 116 145 2 822 483 799 863 967 520 639 209 632 555 530 680 758 597 451 820 506 934 171 794 77 468 891 827 909 871 848 210 841 89 916 982 462 207 807 971 502 546 921 883 153 659 253 66 363 634 198 120 860 876 382 627 298 180 655 774 633 361 159 667 250 541 573 88 980 907 692 901 467 592 256 569 517 739 85 928 4 182 418 115 297 464 923 864 461 521 394 282 229 353 623 998 629 457 231 975 154 976 917 314 125 786 41 676 435 61 992 882 152 526 499 673 38 775 965 251 964 806 565 436 327 387 701 789 73 968 96 442 94 614 239 248 622 953 420 400 721 71 487 362 762 434 310 384 814 842 287 755 249 167 792 491 645 885 187 101 191 20 264 697 148 469 538 372 637 269 674 872 698 478 98 534 423 165 233 56 377 707 440 763 851 594 663 344 811 139 175 392 743 63 866 524 884 196 823 309 505 486 132 642 237 908 575 204 903 683 427 449 904 147 947 691 577 977 30 745 322 134 669 969 42 781 890 460 138 328 227 930 421 631 999 621 658 3 358 939 179 352 675 580 200 58 772 368 411 962 86 364 386 123 412 216 194 140 313 816 203 955 415 518 92 742 319 784 69 563 414 690 715 606 641 795 99 296 855 636 388 853 355 471 45 578 910 225 650 874 768 812 653 949 501 262 832 
411 240 286 750 560 678 19 852 370 905 65 544 448 285 473 729 796 59 507 43 496 751 513 109 712 156 672 777 960 87 97 932 492 709 160 338 220 996 616 888 124 166 870 985 988 500 987 671 458 432 720 399 725 826 765 485 646 920 581 803 495 135 44 685 766 330 25 224 369 922 619 103 600 433 567 206 703 407 351 757 648 230 349 490 223 945 532 438 831 933 47 983 512 856 367 760 599 470 993 788 1 695 519 463 618 609 628 110 52 552 539 133 656 9 137 271 308 793 847 114 12 929 704 716 476 529 213 951 106 919 84 542 858 582 376 959 75 36 385 270 304 174 525 391 79 300 880 654 601 771 978 150 997 767 688 589 64 13 318 238 877 329 911 693 226 547 274 333 273 424 34 169 818 825 484 177 991 605 798 5 942 426 272 143 813 994 839 489 474 861 277 617 116 145 2 822 483 799 863 967 520 639 209 632 555 530 680 758 597 451 820 506 934 171 794 77 468 891 827 909 871 848 210 841 89 916 982 462 207 807 971 502 546 921 883 153 659 253 66 363 634 198 120 860 876 382 627 298 180 655 774 633 361 159 667 250 541 573 88 980 907 692 901 467 592 256 569 517 739 85 928 4 182 418 115 297 464 923 864 461 521 394 282 229 353 623 998 629 457 231 975 154 976 917 314 125 786 41 676 435 61 992 882 152 526 499 673 38 775 965 251 964 806 565 436 327 387 701 789 73 968 96 442 94 614 239 248 622 953 420 400 721 71 487 362 762 434 310 384 814 842 287 755 249 167 792 491 645 885 187 101 191 20 264 697 148 469 538 372 637 269 674 872 698 478 98 534 423 165 233 56 377 707 440 763 851 594 663 344 811 139 175 392 743 63 866 524 884 196 823 309 505 486 132 642 237 908 575 204 903 683 427 449 904 147 947 691 577 977 30 745 322 
574 598 527 161 925 80 294 266 918 566 686 936 889 305 868 261 335 21 383 954 11 121 718 172 915 778 935 756 558 389 24 990 356 497 625 410 896 293 149 459 245 809 700 475 22 559 439 122 128 236 679 892 31 260 540 516 995 660 16 862 76 612 488 836 141 665 195 493 522 60 208 722 291 18 914 228 53 746 32 267 819 35 201 105 466 437 824 465 479 626 390 699 805 359 162 881 211 111 54 332 590 91 26 568 232 708 706 183 610 454 292 894 557 306 340 533 234 119 33 170 185 924 724 875 652 734 323 514 157 396 543 281 817 952 259 638 158 498 613 753 246 749 186 906 419 405 49 970 940 769 93 190 199 740 797 714 528 357 23 779 178 900 188 408 472 583 748 897 963 950 379 401 452 738 301 553 108 664 130 747 151 556 55 235 944 444 571 482 14 926 39 1000 430 867 422 535 6 425 265 112 504 373 620 409 336 450 404 837 902 893 46 348 163 961 828 146 733 181 279 937 100 263 957 173 737 785 989 821 899 142 651 736 481 938 790 494 403 564 585 689 283 402 176 684 218 126 726 326 735 72 398 931 219 445 311 576 687 192 705 570 927 787 829 375 168 561 608 244 28 943 537 197 280 268 593 57 289 27 136 624 346 744 591 380 324 118 972 184 509 242 316 584 838 416 295 531 354 95 480 37 15 51 948 456 615 8 303 974 315 630 62 782 986 973 835 129 754 873 682 843 844 428 117 278 643 586 984 878 350 164 155 83 240 286 750 560 678 19 852 370 905 65 544 448 285 473 729 796 59 507 43 496 751 513 109 712 156 672 777 960 87 97 932 492 709 160 338 220 996 616 888 124 166 870 985 988 500 987 671 458 432 720 399 725 826 765 485 646 920 581 803 495 135 44 685 766 330 25 224 369 922 619 103 600 433 567 206 703 407 351 757 648 230 349 490 223 945 532 438 831 933 47 983 512 856 367 760 599 470 993 788 1 695 519 463 618 609 628 110 52 552 539 133 656 9 137 271 308 793 847 114 12 929 704 716 476 529 213 951 106 919 84 542 858 582 376 959 75 36 385 270 304 174 525 391 79 300 880 654 601 771 978 150 997 767 688 589 64 13 318 238 877 329 911 693 226 547 274 333 273 424 34 169 818 825 484 177 991 605 798 5 942 426 272 143 813 994 839 489 474 861 277 617 116 145 2 822 483 799 863 967 520 639 209 632 555 530 680 758 597 451 820 506 934 171 794 77 468 891 827 909 871 848 210 841 89 916 982 462 207 807 971 502 546 921 883 153 659 253 66 363 634 198 120 860 
568 579 661 193 7 455 366 320 845 958 834 443 371 840 804 221 342 290 212 802 791 607 741 572 82 602 677 640 731 595 776 550 857 312 545 131 898 29 243 413 48 241 284 728 510 222 431 681 536 393 694 869 587 713 647 275 833 257 657 17 325 598 527 161 925 80 294 266 918 566 686 936 889 305 868 261 335 21 383 954 11 121 718 172 915 778 935 756 558 389 24 990 356 497 625 410 896 293 149 459 245 809 700 475 22 559 439 122 128 236 679 892 31 260 540 516 995 660 16 862 76 612 488 836 141 665 195 493 522 60 208 722 291 18 914 228 53 746 32 267 819 35 201 105 466 437 824 465 479 626 390 699 805 359 162 881 211 111 54 332 590 91 26 568 232 708 706 183 610 454 292 894 557 306 340 533 234 119 33 170 185 924 724 875 652 734 323 514 157 396 543 281 817 952 259 638 158 498 613 753 246 749 186 906 419 405 49 970 940 769 93 190 199 740 797 714 528 357 23 779 178 900 188 408 472 583 748 897 963 950 379 401 452 738 301 553 108 664 130 747 151 556 55 235 944 444 571 482 14 926 39 1000 430 867 422 535 6 425 265 112 504 373 620 409 336 450 404 837 902 893 46 348 163 961 828 146 733 181 279 937 100 263 957 173 737 785 989 821 899 142 651 736 481 938 790 494 403 564 585 689 283 402 176 684 218 126 726 326 735 72 398 931 219 445 311 576 687 192 705 570 927 787 829 375 168 561 608 244 28 943 537 197 280 268 593 57 289 27 136 624 346 744 591 380 324 118 972 184 509 242 316 584 838 416 295 531 354 95 480 37 15 51 948 456 615 8 303 974 315 630 62 782 986 973 835 129 754 873 682 843 844 428 117 278 643 586 984 878 350 164 155 83 240 286 750 560 678 19 852 370 905 65 544 448 285 473 729 796 59 507 43 496 751 513 109 712 156 672 777 960 87 97 932 492 709 160 338 220 996 616 888 124 166 870 985 988 500 987 671 458 432 720 399 725 826 765 485 646 920 581 803 495 135 44 685 766 330 25 224 369 922 619 103 600 433 567 206 703 407 351 757 648 230 349 490 223 945 532 438 831 933 47 983 512 856 367 760 599 470 993 788 1 695 519 463 618 609 628 110 52 552 539 133 656 9 137 271 308 793 847 114 12 929 704 716 476 529 213 951 106 919 84 542 858 582 376 959 75 36 385 270 304 174 525 391 79 300 880 654 601 771 978 150 997 767 688 589 64 13 318 238 877 329 911 693 226 547 274 333 273 424 34 169 818 825 484 177 991 605 
30 768 812 653 949 501 262 832 956 503 764 810 859 365 515 966 854 846 773 247 554 341 702 635 730 81 912 317 67 441 711 
219 171 794 77 468 891 827 909 871 848 210 841 89 916 982 462 207 807 971 502 546 921 883 153 659 253 66 363 634 198 120 860 876 382 627 298 180 655 774 633 361 159 667 250 541 573 88 980 907 692 901 467 592 256 569 517 739 85 928 4 182 418 115 297 464 923 864 461 521 394 282 229 353 623 998 629 457 231 975 154 976 917 314 125 786 41 676 435 61 992 882 152 526 499 673 38 775 965 251 964 806 565 436 327 387 701 789 73 968 96 442 94 614 239 248 622 953 420 400 721 71 487 362 762 434 310 384 814 842 287 755 249 167 792 491 645 885 187 101 191 20 264 697 148 469 538 372 637 269 674 872 698 478 98 534 423 165 233 56 377 707 440 763 851 594 663 344 811 139 175 392 743 63 866 524 884 196 823 309 505 486 132 642 237 908 575 204 903 683 427 449 904 147 947 691 577 977 30 745 322 134 669 969 42 781 890 460 138 328 227 930 421 631 999 621 658 3 358 939 179 
980 90 549 719 395 406 696 579 661 193 7 455 366 320 845 958 834 443 371 840 804 221 342 290 212 802 791 607 741 572 82 602 677 640 731 595 776 550 857 312 545 131 898 29 243 413 48 241 284 728 510 222 431 681 536 393 694 869 587 713 647 275 833 257 657 17 325 598 527 161 925 80 294 266 918 566 686 936 889 305 868 261 335 21 383 954 11 121 718 172 915 778 935 756 558 389 24 990 356 497 625 410 896 293 149 459 245 809 700 475 22 559 439 122 128 236 679 892 31 260 540 516 995 660 16 862 76 612 488 836 141 665 195 493 522 60 208 722 291 18 914 228 53 746 32 267 819 35 201 105 466 437 824 465 479 626 390 699 805 359 162 881 211 111 54 332 590 91 26 568 232 708 706 183 610 454 292 894 557 306 340 533 234 119 33 170 185 924 724 875 652 734 323 514 157 396 543 281 817 952 259 638 158 498 613 753 246 749 186 906 419 405 49 970 940 769 93 190 199 740 797 714 528 357 23 779 178 900 188 408 472 583 748 897 963 950 379 401 452 738 301 553 108 664 130 747 151 556 55 235 944 444 571 482 14 926 39 1000 430 867 422 535 6 425 265 112 504 373 620 409 336 450 404 837 902 893 46 348 163 961 828 146 733 181 279 937 100 263 957 173 737 785 989 821 899 142 651 736 481 938 790 494 403 564 585 689 283 402 176 684 218 126 726 326 735 72 398 931 219 445 311 576 687 192 705 570 927 787 829 375 168 561 608 244 28 943 537 197 280 268 593 57 289 27 136 624 346 744 591 380 324 118 972 184 509 242 316 584 838 416 295 531 354 95 480 37 15 51 948 456 615 8 303 974 315 630 62 782 986 973 835 129 754 873 682 843 844 428 117 278 643 586 984 878 350 164 155 83 240 286 750 560 678 19 852 370 905 65 544 448 285 473 729 796 59 507 43 496 751 513 109 712 156 672 777 960 87 97 932 492 709 160 338 220 996 616 888 124 166 870 985 988 500 987 671 458 432 720 399 725 826 765 485 646 920 581 803 495 135 44 685 766 330 25 224 369 922 619 103 600 433 567 206 703 407 351 757 648 230 349 490 223 945 532 438 831 933 47 983 512 856 367 760 599 470 993 788 1 695 519 463 618 609 628 110 52 552 539 133 656 9 137 271 308 793 847 114 12 929 704 716 476 529 213 951 106 919 84 542 858 582 376 959 75 36 385 270 304 174 525 391 79 300 880 654 601 771 978 150 997 767 688 589 64 13 318 238 877 329 911 693 226 547 274 333 273 424 34 169 818 825 484 177 991 605 798 5 942 426 272 143 813 994 839 489 474 861 277 617 116 145 2 822 483 799 863 967 520 639 209 632 555 530 680 758 597 451 820 506 934 171 794 77 468 891 827 909 871 848 210 841 89 916 982 462 207 807 971 502 546 921 883 153 659 253 66 363 634 198 120 860 876 382 627 298 180 655 774 633 361 159 667 250 541 573 88 980 907 692 901 467 592 256 569 517 739 85 928 4 182 418 115 297 464 923 864 461 521 394 282 229 353 623 998 629 457 231 975 154 976 917 314 125 786 41 676 435 61 992 882 152 526 499 673 38 775 965 251 964 806 565 436 327 387 701 789 73 968 96 442 94 614 239 248 622 953 420 400 721 71 487 362 762 434 310 384 814 842 287 755 249 167 792 491 645 885 187 101 191 20 264 697 148 469 538 372 637 269 674 872 698 478 98 534 423 165 233 56 377 707 440 763 851 594 663 344 811 139 175 392 743 63 866 524 884 196 823 309 505 486 132 642 237 908 575 204 903 683 427 449 904 147 947 691 577 977 30 745 322 134 669 969 42 781 890 460 138 328 227 930 421 631 999 621 658 3 358 939 179 352 675 580 200 58 772 368 411 962 86 364 386 123 412 216 194 140 313 816 203 955 415 518 92 742 319 784 69 563 414 690 715 606 641 795 99 296 855 636 388 853 355 471 45 578 910 225 650 874 768 812 653 949 501 262 832 956 503 764 810 859 365 515 966 854 846 773 247 554 341 702 635 730 81 912 317 67 441 711 801 865 611 710 144 74 562 113 378 752 104 321 849 307 666 453 723 815 217 780 551 343 337 446 596 374 548 397 604 670 50 574 511 102 946 417 40 662 886 78 360 255 107 447 808 339 276 759 981 649 979 302 732 202 941 783 429 347 68 299 10 717 127 850 345 258 254 668 70 727 603 331 523 
735 122 128 236 679 892 31 260 540 516 995 660 16 862 76 612 488 836 141 665 195 493 522 60 208 722 291 18 914 228 53 746 32 267 819 35 201 105 466 437 824 465 479 626 390 699 805 359 162 881 211 111 54 332 590 91 26 568 232 708 706 183 610 454 292 894 557 306 340 533 234 119 33 170 185 924 724 875 652 734 323 514 157 396 543 281 817 952 259 638 158 498 613 753 246 749 186 906 419 405 49 970 940 769 93 190 199 740 797 714 528 357 23 779 178 900 188 408 472 583 748 897 963 950 379 401 452 738 301 553 108 664 130 747 151 556 55 235 944 444 571 482 14 926 39 1000 430 867 422 535 6 425 265 112 504 373 620 409 336 450 404 837 902 893 46 348 163 961 828 146 733 181 279 937 100 263 957 173 737 785 989 821 899 142 651 736 481 938 790 494 403 564 585 689 283 402 176 684 218 126 726 326 735 72 398 931 219 445 311 576 687 192 705 570 927 787 829 375 168 561 608 244 28 943 537 197 280 268 593 57 289 27 136 624 346 744 591 380 324 118 972 184 509 242 316 584 838 416 295 531 354 95 480 37 15 51 948 456 615 8 303 974 315 630 62 782 986 973 835 129 754 873 682 843 844 428 117 278 643 586 984 878 350 164 155 83 240 286 750 560 678 19 852 370 905 65 544 448 285 473 729 796 59 507 43 496 751 513 109 712 156 672 777 960 87 97 932 492 709 160 338 220 996 616 888 124 166 870 985 988 500 987 671 458 432 720 399 725 826 765 485 646 920 581 803 495 135 44 685 766 330 25 224 369 922 619 103 600 433 567 206 703 407 351 757 648 230 349 490 223 945 532 438 831 933 47 983 512 856 367 760 599 470 993 788 1 695 519 463 618 609 628 110 52 552 539 133 656 9 137 271 308 793 847 114 12 929 704 716 476 529 213 951 106 919 84 542 858 582 376 959 75 36 385 270 304 174 525 391 79 300 880 654 601 771 978 150 997 767 688 589 64 13 318 238 877 329 911 693 226 547 274 333 273 424 34 169 818 825 484 177 991 605 798 5 942 426 272 143 813 994 839 489 474 861 277 617 116 145 2 822 483 799 863 967 520 639 209 632 555 530 680 758 597 451 820 506 934 171 794 77 468 891 827 909 871 848 210 841 89 916 982 462 207 807 971 502 546 921 883 153 659 253 66 363 634 198 120 860 876 382 627 298 180 655 774 633 361 159 667 250 541 573 88 980 907 692 901 467 592 256 569 517 739 85 928 4 182 418 115 297 464 923 864 461 521 394 282 229 353 623 998 629 457 231 975 154 976 917 314 125 786 41 676 435 61 992 882 152 526 499 673 38 775 965 251 964 806 565 436 327 387 701 789 73 968 96 442 94 614 239 248 622 953 420 400 721 71 487 362 762 434 310 384 814 842 287 755 249 167 792 491 645 885 187 101 191 20 264 697 148 469 538 372 637 269 674 872 698 478 98 534 423 165 233 56 377 707 440 763 851 594 663 344 811 139 175 392 743 63 866 524 884 196 823 309 505 486 132 642 237 908 575 204 903 683 427 449 904 147 947 691 577 977 30 745 322 134 669 969 42 781 890 460 138 328 227 930 421 631 999 621 658 3 358 939 179 352 675 580 200 58 772 368 411 962 86 364 386 123 412 216 194 140 313 816 
185 971 502 546 921 883 153 659 253 66 363 634 198 120 860 876 382 627 298 180 655 774 633 361 159 667 250 541 573 88 980 907 692 901 467 592 256 569 517 739 85 928 4 182 418 115 297 464 923 864 461 521 394 282 229 353 623 998 629 457 231 975 154 976 917 314 125 786 41 676 435 61 992 882 152 526 499 673 38 775 965 251 964 806 565 436 327 387 701 789 73 968 96 442 94 614 239 248 622 953 420 400 721 71 487 362 762 434 310 384 814 842 287 755 249 167 792 491 645 885 187 101 191 20 264 697 148 469 538 372 637 269 674 872 698 478 98 534 423 165 233 56 377 707 440 763 851 594 663 344 811 139 175 392 743 63 866 524 884 196 823 309 505 486 132 642 237 908 575 204 903 683 427 449 904 147 947 691 577 977 30 745 322 134 669 969 
376 802 791 607 741 572 82 602 677 640 731 595 776 550 857 312 545 131 898 29 243 413 48 241 284 728 510 222 431 681 536 393 694 869 587 713 647 275 833 257 657 17 325 598 527 161 925 80 294 266 918 566 686 936 889 305 868 261 335 21 383 954 11 121 718 172 915 778 935 756 558 389 24 990 356 497 625 410 896 293 149 459 245 809 700 475 22 559 439 122 128 236 679 892 31 260 540 516 995 660 16 862 76 612 488 836 141 665 195 493 522 60 208 722 291 18 914 228 53 746 32 267 819 35 201 105 466 437 824 465 479 626 390 699 805 359 162 881 211 111 54 332 590 91 26 568 232 708 706 183 610 454 292 894 557 306 340 533 234 119 33 170 185 924 724 875 652 734 323 514 157 396 543 281 817 952 259 638 158 498 613 753 246 749 186 906 419 405 49 970 940 769 93 190 199 740 797 714 528 357 23 779 178 900 188 408 472 583 748 897 963 950 379 401 452 738 301 553 108 664 130 747 151 556 55 235 944 444 571 482 14 926 39 1000 430 867 422 535 6 425 265 112 504 373 620 409 336 450 404 837 902 893 46 348 163 961 828 146 733 181 279 937 100 263 957 173 737 785 989 821 899 142 651 736 481 938 790 494 403 564 585 689 283 402 176 684 218 126 726 326 735 72 398 931 219 445 311 576 687 192 705 570 927 787 829 375 168 561 608 244 28 943 537 197 280 268 593 57 289 27 136 624 346 744 591 380 324 118 972 184 509 242 316 584 838 416 295 531 354 95 480 37 15 51 948 456 615 8 303 974 315 630 62 782 986 973 835 129 754 873 682 843 844 428 117 278 643 586 984 878 350 164 155 83 240 286 750 
1 291 
240 425 265 112 504 373 620 409 336 450 404 837 902 893 46 348 163 961 828 146 733 181 279 937 100 263 957 173 737 785 989 821 899 142 651 736 481 938 790 494 403 564 585 689 283 402 176 684 218 126 726 326 735 72 398 931 219 445 311 576 687 192 705 570 927 787 829 375 168 561 608 244 28 943 537 197 280 268 593 57 289 27 136 624 346 744 591 380 324 118 972 184 509 242 316 584 838 416 295 531 354 95 480 37 15 51 948 456 615 8 303 974 315 630 62 782 986 973 835 129 754 873 682 843 844 428 117 278 643 586 984 878 350 164 155 83 240 286 750 560 678 19 852 370 905 65 544 448 285 473 729 796 59 507 43 496 751 513 109 712 156 672 777 960 87 97 932 492 709 160 338 220 996 616 888 124 166 870 985 988 500 987 671 458 432 720 399 725 826 765 485 646 920 581 803 495 135 44 685 766 330 25 224 369 922 619 103 600 433 567 206 703 407 351 757 648 230 349 490 223 945 532 438 831 933 47 983 512 856 367 760 599 470 993 788 1 695 519 463 618 609 
816 284 728 510 222 431 681 536 393 694 869 587 713 647 275 833 257 657 17 325 598 527 161 925 80 294 266 918 566 686 936 889 305 868 261 335 21 383 954 11 121 718 172 915 778 935 756 558 389 24 990 356 497 625 410 896 293 149 459 245 809 700 475 22 559 439 122 128 236 679 892 31 260 540 516 995 660 16 862 76 612 488 836 141 665 195 493 522 60 208 722 291 18 914 228 53 746 32 267 819 35 201 105 466 437 824 465 479 626 390 699 805 359 162 881 211 111 54 332 590 91 26 568 232 708 706 183 610 454 292 894 557 306 340 533 234 119 33 170 185 924 724 875 652 734 323 514 157 396 543 281 817 952 259 638 158 498 613 753 246 749 186 906 419 405 49 970 940 769 93 190 199 740 797 714 528 357 23 779 178 900 188 408 472 583 748 897 963 950 379 401 452 738 301 553 108 664 130 747 151 556 55 235 944 444 571 482 14 926 39 1000 430 867 422 535 6 425 265 112 504 373 620 409 336 450 404 837 902 893 46 348 163 961 828 146 733 181 279 937 100 263 957 173 737 785 989 821 899 142 651 736 481 938 790 494 403 564 585 689 283 402 176 684 218 126 726 326 735 72 398 931 219 445 311 576 687 192 705 570 927 787 829 375 168 561 608 244 28 943 537 197 280 268 593 57 289 27 136 624 346 744 591 380 324 118 972 184 509 242 316 584 838 416 295 531 354 95 480 37 15 51 948 456 615 8 303 974 315 630 62 782 986 973 835 129 754 873 682 843 844 428 117 278 643 586 984 878 350 164 155 83 240 286 750 560 678 19 852 370 905 65 544 448 285 473 729 796 59 507 43 496 751 513 109 712 156 672 777 960 87 97 932 492 709 160 338 220 996 616 888 124 166 870 985 988 500 987 671 458 432 720 399 725 826 765 485 646 920 581 803 495 135 44 685 766 330 25 224 369 922 619 103 600 433 567 206 703 407 351 757 648 230 349 490 223 945 532 438 831 933 47 983 512 856 367 760 599 470 993 788 1 695 519 463 618 609 628 110 52 552 539 133 656 9 137 271 308 793 847 114 12 929 704 716 476 529 213 951 106 919 84 542 858 582 376 959 75 36 385 270 304 174 525 391 79 300 880 654 601 771 978 150 997 767 688 589 64 13 318 238 877 329 911 693 226 547 274 333 273 424 34 169 818 825 484 177 991 605 798 5 942 426 272 143 813 994 839 489 474 861 277 617 116 145 2 822 483 799 863 967 520 639 209 632 555 530 680 758 597 451 820 506 934 171 794 77 468 891 827 909 871 848 210 841 89 916 982 462 207 807 971 502 546 921 883 153 659 253 66 363 634 198 120 860 876 382 627 298 180 655 774 633 361 159 667 250 541 573 88 980 907 692 901 467 592 256 569 517 739 85 928 4 182 418 115 297 464 923 864 461 521 394 282 229 353 623 998 629 457 231 975 154 976 917 314 125 786 41 676 435 61 992 882 152 526 499 673 38 775 965 251 964 806 565 436 327 387 701 789 73 968 96 442 94 614 239 248 622 953 420 400 721 71 487 362 762 434 310 384 814 842 287 755 249 167 792 491 645 885 187 101 191 20 264 697 148 469 538 372 637 269 674 872 698 478 98 534 423 165 233 56 377 707 440 763 851 594 663 344 811 139 175 392 743 63 866 524 884 196 823 309 505 486 132 642 237 908 575 204 903 683 427 449 904 147 947 691 577 977 30 745 322 134 669 969 42 781 890 460 138 328 227 930 421 631 999 621 658 3 358 939 179 352 675 580 200 58 772 368 411 962 86 364 386 123 412 216 194 140 313 816 203 955 415 518 92 742 319 784 69 563 414 690 715 606 641 795 
19 683 427 449 904 147 947 691 577 977 30 745 322 134 669 969 42 781 890 460 
50 705 570 927 787 829 375 168 561 608 244 28 943 537 197 280 268 593 57 289 27 136 624 346 744 591 380 324 118 972 184 509 242 316 584 838 416 295 531 354 95 480 37 15 51 948 456 615 8 303 974 
756 770 252 644 189 90 549 719 395 406 696 579 661 193 7 455 366 320 845 958 834 443 371 840 804 221 342 290 212 802 791 607 741 572 82 602 677 640 731 595 776 550 857 312 545 131 898 29 243 413 48 241 284 728 510 222 431 681 536 393 694 869 587 713 647 275 833 257 657 17 325 598 527 161 925 80 294 266 918 566 686 936 889 305 868 261 335 21 383 954 11 121 718 172 915 778 935 756 558 389 24 990 356 497 625 410 896 293 149 459 245 809 700 475 22 559 439 122 128 236 679 892 31 260 540 516 995 660 16 862 76 612 488 836 141 665 195 493 522 60 208 722 291 18 914 228 53 746 32 267 819 35 201 105 466 437 824 465 479 626 390 699 805 359 162 881 211 111 54 332 590 91 26 568 232 708 706 183 610 454 292 894 557 306 340 533 234 119 33 170 185 924 724 875 652 734 323 514 157 396 543 281 817 952 259 638 158 498 613 753 246 749 186 906 419 405 49 970 940 769 93 190 199 740 797 714 528 357 23 779 178 900 188 408 472 583 748 897 963 950 379 401 452 738 301 553 108 664 130 747 151 556 55 235 944 444 571 482 14 926 39 1000 430 867 422 535 6 425 265 112 504 373 620 409 336 450 404 837 902 893 46 348 163 961 828 146 733 181 279 937 100 263 957 173 737 785 989 821 899 142 651 736 481 938 790 494 403 564 585 689 283 402 176 684 218 126 726 326 735 72 398 931 219 445 311 576 687 192 705 570 927 787 829 375 168 561 608 244 28 943 537 197 280 268 593 57 289 27 136 624 346 744 591 380 324 118 972 184 509 242 316 584 838 416 295 531 354 95 480 37 15 51 948 456 615 8 303 974 315 630 62 782 986 973 835 129 754 873 682 843 844 428 117 278 643 586 984 878 350 164 155 83 240 286 750 560 678 19 852 370 905 65 544 448 285 473 729 796 59 507 43 496 751 513 109 712 156 672 777 960 87 97 932 492 709 160 338 220 996 616 888 124 166 870 985 988 500 987 671 458 432 720 399 725 826 765 485 646 920 581 803 495 135 44 685 766 330 25 224 369 922 619 103 600 433 567 206 703 407 351 757 648 230 349 490 223 945 532 438 831 933 47 983 512 856 367 760 599 470 993 788 1 695 519 463 618 609 628 110 52 552 539 133 656 9 137 271 308 793 847 114 12 929 704 716 476 529 213 951 106 919 84 542 858 582 376 959 75 36 385 270 304 174 525 391 79 300 880 654 601 771 978 150 997 767 688 589 64 13 318 238 877 329 911 693 226 547 274 333 273 424 34 169 818 825 484 177 991 605 798 5 942 426 272 143 813 994 839 489 474 861 277 617 116 145 2 822 483 799 863 967 520 639 209 632 555 530 680 758 597 451 820 506 934 171 794 77 468 891 827 909 871 848 210 841 89 916 982 462 207 807 971 502 546 921 883 153 659 253 66 363 634 198 120 860 876 382 627 298 180 655 774 633 361 159 667 250 541 573 88 980 907 692 901 467 592 256 569 517 739 85 928 4 182 418 115 297 464 923 864 461 521 394 282 229 353 623 998 629 457 231 975 154 976 917 314 125 786 41 676 435 61 992 882 152 526 499 673 38 775 965 251 964 806 565 436 327 387 701 789 73 968 96 442 94 614 239 248 622 953 420 400 721 71 487 362 762 434 310 384 814 842 287 755 249 167 792 491 645 885 187 101 191 20 264 697 148 
54 550 857 312 545 131 898 29 243 413 48 241 284 728 510 222 431 681 536 393 694 869 587 713 647 275 833 257 657 17 325 598 527 161 925 80 294 266 918 566 686 936 889 305 868 261 335 21 383 954 11 121 718 172 915 
801 731 595 776 550 857 312 545 131 898 29 243 413 48 241 284 728 510 222 431 681 536 393 694 869 587 713 647 275 833 257 657 17 325 598 527 161 925 80 294 266 918 566 686 936 889 305 868 261 335 21 383 954 11 121 718 172 915 778 935 756 558 389 24 990 356 497 625 410 896 293 149 459 245 809 700 475 22 559 439 122 128 236 679 892 31 260 540 516 995 660 16 862 76 612 488 836 141 665 195 493 522 60 208 722 291 18 914 228 53 746 32 267 819 35 201 105 466 437 824 465 479 626 390 699 805 359 162 881 211 111 54 332 590 91 26 568 232 708 706 183 610 454 292 894 557 306 340 533 234 119 33 170 185 924 724 875 652 734 323 514 157 396 543 281 817 952 259 638 158 498 613 753 246 749 186 906 419 405 49 970 940 769 93 190 199 740 797 714 528 357 23 779 178 900 188 408 472 583 748 897 963 950 379 401 452 738 301 553 108 664 130 747 151 556 55 235 944 444 571 482 14 926 39 1000 430 867 422 535 6 425 265 112 504 373 620 409 336 450 404 837 902 893 46 348 163 961 828 146 733 181 279 937 100 263 957 173 737 785 989 821 899 142 651 736 481 938 790 494 403 564 585 689 283 402 176 684 218 126 726 326 735 72 398 931 219 445 311 576 687 192 705 570 927 787 829 375 168 561 608 244 28 943 537 197 280 268 593 57 289 27 136 624 346 744 591 380 324 118 972 184 509 242 316 584 838 416 295 531 354 95 480 37 15 51 948 456 615 8 303 974 315 630 62 782 986 973 835 129 754 873 682 843 844 428 117 278 643 586 984 878 350 164 155 83 240 286 750 560 678 19 852 370 905 65 544 448 285 473 729 796 59 507 43 496 751 513 109 712 156 672 777 960 87 97 932 492 709 160 338 220 996 616 888 124 166 870 985 988 500 987 671 458 432 720 399 725 826 765 485 646 920 581 803 495 135 44 685 766 330 25 224 369 922 619 103 600 433 567 206 703 407 351 757 648 230 349 490 223 945 532 438 831 933 47 983 512 856 367 760 599 470 993 788 1 695 519 463 618 609 628 110 52 552 539 133 656 9 137 271 308 793 847 114 12 929 704 716 476 529 213 951 106 919 84 542 858 582 376 959 75 36 385 270 304 174 525 391 79 300 880 654 601 771 978 150 997 767 688 589 64 13 318 238 877 329 911 693 226 547 274 333 273 424 34 169 818 825 484 177 991 605 798 5 942 426 272 143 813 994 839 489 474 861 277 617 116 145 2 822 483 799 863 967 520 639 209 632 555 530 680 758 597 451 820 506 934 171 794 77 468 891 827 909 871 848 210 841 89 916 982 462 207 807 971 502 546 921 883 153 659 253 66 363 634 198 120 860 876 382 627 298 180 655 774 633 361 159 667 250 541 573 88 980 907 692 901 467 592 256 569 517 739 85 928 4 182 418 115 297 464 923 864 461 521 394 282 229 353 623 998 629 457 231 975 154 976 917 314 125 786 41 676 435 61 992 882 152 526 499 673 38 775 965 251 964 806 565 436 327 387 701 789 73 968 96 442 94 614 239 248 622 953 420 400 721 71 487 362 762 434 310 384 814 842 287 755 249 167 792 491 645 885 187 101 191 20 264 697 148 469 538 372 637 269 674 872 698 478 98 534 423 165 233 56 377 707 440 763 851 594 663 344 811 139 175 392 743 63 866 524 884 196 823 309 505 486 132 642 237 908 575 204 903 683 427 449 904 147 947 691 577 977 30 745 322 134 669 969 42 781 890 460 138 328 227 930 421 631 999 621 658 3 358 939 179 352 675 580 200 58 772 
74 521 394 282 229 353 623 998 629 457 231 975 154 976 917 314 125 786 41 676 435 61 992 882 152 526 499 673 38 775 965 251 964 806 565 436 327 387 701 789 73 968 96 442 94 614 239 248 622 953 420 400 721 71 487 362 762 434 310 384 814 842 287 755 249 167 792 491 645 885 187 101 191 20 264 
925 741 572 82 602 677 640 731 595 776 550 857 312 545 131 898 29 243 413 48 241 284 728 510 222 431 681 536 393 694 869 587 713 647 275 833 257 657 17 325 598 527 161 925 80 294 266 918 566 686 936 889 305 868 261 335 21 383 954 11 121 718 172 915 778 935 756 558 389 24 990 356 497 625 410 896 293 149 459 245 809 700 475 22 559 439 122 128 236 679 892 31 260 540 516 995 660 16 862 76 612 488 836 141 665 195 493 522 60 208 722 291 18 914 228 53 746 32 267 819 35 201 105 466 437 824 465 479 626 390 699 805 359 162 881 211 111 54 332 590 91 26 568 232 708 706 183 610 454 292 894 557 306 340 533 234 119 33 170 185 924 724 875 652 734 323 514 157 396 543 281 817 952 259 638 158 498 613 753 246 749 186 906 419 405 49 970 940 769 93 190 199 740 797 714 528 357 23 779 178 900 188 408 472 583 748 897 963 950 379 401 452 738 301 553 108 664 130 747 151 556 55 235 944 444 571 482 14 926 39 1000 430 867 422 535 6 425 265 112 504 373 620 409 336 450 404 837 902 893 46 348 163 961 828 146 733 181 279 937 100 263 957 173 737 785 989 821 899 142 651 736 481 938 790 494 403 564 585 689 283 402 176 684 218 126 726 326 735 72 398 931 219 445 311 576 687 192 705 570 927 787 829 375 168 561 608 244 28 943 537 197 280 268 593 57 289 27 136 624 346 744 591 380 324 118 972 184 509 242 316 584 838 416 295 531 354 95 480 37 15 51 948 456 615 8 303 974 315 630 62 782 986 973 835 129 754 873 682 843 844 428 117 278 643 586 984 878 350 164 155 83 240 286 750 560 678 19 852 370 905 65 544 448 285 473 729 796 59 507 43 496 751 513 109 712 156 672 777 960 87 97 932 492 709 160 338 220 996 616 888 124 166 870 985 988 500 987 671 458 432 720 399 725 826 765 485 646 920 581 803 495 135 44 685 766 330 25 224 369 922 619 103 600 433 567 206 703 407 351 757 648 230 349 490 223 945 532 438 831 933 47 983 512 856 367 760 599 470 993 788 1 695 519 463 618 609 628 110 52 552 539 133 656 9 137 271 308 793 847 114 12 929 704 716 476 529 213 951 106 919 84 542 858 582 376 959 75 36 385 270 304 174 525 391 79 300 880 654 601 771 978 150 997 767 688 589 64 13 318 238 877 329 911 693 226 547 274 333 273 424 34 169 818 825 484 177 991 605 798 5 942 426 272 143 813 994 839 489 474 861 277 617 116 145 2 822 483 799 863 967 520 639 209 632 555 530 680 758 597 451 820 506 934 171 794 77 468 891 827 909 871 848 210 841 89 916 982 462 207 807 971 502 546 921 883 153 659 253 66 363 634 198 120 860 876 382 627 298 180 655 774 633 361 159 667 250 541 573 88 980 907 692 901 467 592 256 569 517 739 85 928 4 182 418 115 297 464 923 864 461 521 394 282 229 353 623 998 629 457 231 975 154 976 917 314 125 786 41 676 435 61 992 882 152 526 499 673 38 775 965 251 964 806 565 436 327 387 701 789 73 968 96 442 94 614 239 248 622 953 420 400 721 71 487 362 762 434 310 384 814 842 287 755 249 167 792 491 645 885 187 101 191 20 264 697 148 469 538 372 637 269 674 872 698 478 98 534 423 165 233 56 377 707 440 763 851 594 663 344 811 139 175 392 743 63 866 524 884 196 823 309 505 486 132 642 237 908 575 204 903 683 427 449 904 147 947 691 577 977 30 745 322 134 669 969 42 781 890 460 138 328 227 930 421 631 999 621 658 3 358 939 179 352 675 580 200 58 772 368 411 962 86 364 386 123 412 216 194 140 313 816 203 955 415 518 92 742 319 784 69 563 414 690 715 606 641 795 99 296 855 636 388 853 355 471 45 578 910 225 650 874 768 812 653 949 501 262 832 956 503 764 810 859 365 515 966 854 846 773 247 554 341 702 635 730 81 912 317 67 441 711 801 865 611 710 144 74 562 113 378 752 104 321 849 307 666 453 723 815 217 780 551 343 337 446 596 374 548 397 604 670 50 574 511 102 946 417 40 662 886 78 360 255 107 447 808 
429 733 181 279 937 100 263 957 173 737 785 989 821 899 142 651 736 481 938 790 494 403 564 585 689 283 402 176 684 218 126 726 326 735 72 398 931 219 445 311 576 687 192 705 570 927 787 829 375 168 561 608 244 28 943 537 197 280 268 593 57 289 27 136 624 346 744 591 380 324 118 972 184 509 242 316 584 838 416 295 531 354 95 480 37 15 51 948 456 615 8 303 974 315 630 62 782 986 973 835 129 754 873 682 843 844 428 117 278 643 586 984 878 350 164 155 83 240 286 750 560 678 19 852 370 905 65 544 448 285 473 729 796 59 507 43 496 751 513 109 712 156 672 777 960 87 97 932 492 709 160 338 220 996 616 888 124 166 870 985 988 500 987 671 458 432 720 399 725 826 765 485 646 920 581 803 495 135 44 685 766 330 25 224 369 922 619 103 600 433 567 206 703 407 351 757 648 230 349 490 223 945 532 438 831 933 47 983 512 856 367 760 599 470 993 788 1 695 519 463 618 609 628 110 52 552 539 133 656 9 137 271 308 793 847 114 12 929 704 716 476 529 213 951 106 919 84 542 858 582 376 959 75 36 385 270 304 174 525 391 79 300 880 654 601 771 978 150 997 767 688 589 64 13 318 238 877 329 911 693 226 547 274 333 273 424 34 169 818 825 484 177 991 605 798 5 942 426 272 143 813 994 839 489 474 861 277 617 116 145 2 822 483 799 863 967 520 639 209 632 555 530 680 758 597 451 820 506 934 171 794 77 468 891 827 909 871 848 210 841 89 916 982 462 207 807 971 502 546 921 883 153 659 253 66 363 634 198 120 860 876 382 627 298 180 655 774 633 361 159 667 250 541 573 88 980 907 692 901 467 592 256 569 517 739 85 928 4 182 418 115 297 464 923 864 461 521 394 282 229 353 623 998 629 457 231 975 154 976 917 314 125 786 41 676 435 61 992 882 152 526 499 673 38 775 965 251 964 806 565 
117 2 822 483 799 863 967 520 639 209 632 555 530 680 758 597 451 820 506 934 171 794 77 468 891 827 909 871 848 210 841 89 916 982 462 207 807 971 502 546 921 883 153 659 253 66 363 634 198 120 860 876 382 627 298 180 655 774 633 361 159 667 250 541 573 88 980 907 692 901 467 592 256 569 517 739 85 928 4 182 418 115 297 464 923 864 461 521 394 282 229 353 623 998 629 457 231 975 154 976 917 314 125 786 41 676 435 61 992 882 152 526 499 673 38 775 965 251 
513 740 797 714 528 357 23 779 178 900 188 408 472 583 748 897 963 950 379 401 452 738 301 553 108 664 130 747 151 556 55 235 944 444 571 482 14 926 39 1000 430 867 422 535 6 425 265 112 504 373 620 409 336 450 404 837 902 893 46 348 163 961 828 146 733 181 279 937 100 263 957 173 737 785 989 821 899 142 651 736 481 938 790 494 403 564 585 689 283 402 176 684 218 126 726 326 735 72 398 931 219 445 311 576 687 192 705 570 927 787 829 375 168 561 608 244 28 943 537 197 280 268 593 57 289 27 136 624 346 744 591 380 324 118 972 184 509 242 316 584 838 416 295 531 354 95 480 37 15 51 948 456 615 8 303 974 315 630 62 782 986 973 835 129 754 873 682 843 844 428 117 278 643 586 984 878 350 164 155 83 240 286 750 560 678 19 852 370 905 65 544 448 285 473 729 796 59 507 43 496 751 513 109 712 156 672 777 960 87 97 932 492 709 160 338 220 996 616 888 124 166 870 985 988 500 987 671 458 432 720 399 725 826 765 485 646 920 581 803 495 135 44 685 766 330 25 224 369 922 619 103 600 433 567 206 703 407 351 757 648 230 349 490 223 945 532 438 831 933 47 983 512 856 367 760 599 470 993 788 1 695 519 463 618 609 628 110 52 552 539 133 656 9 137 271 308 793 847 114 12 929 704 716 476 529 213 951 106 919 84 542 858 582 376 959 75 36 385 270 304 174 525 391 79 300 880 654 601 771 978 150 997 767 688 589 64 13 318 238 877 329 911 693 226 547 274 333 273 424 34 169 818 825 484 177 991 605 798 5 942 426 272 143 813 994 839 489 474 861 277 617 116 145 2 822 483 799 863 967 520 639 209 632 555 530 680 758 597 451 820 506 934 171 794 77 468 891 827 909 871 848 210 841 89 916 982 462 207 807 971 502 546 921 883 153 659 253 66 363 634 198 120 860 876 382 627 298 180 655 774 633 361 159 667 250 541 573 88 980 907 692 901 467 592 256 569 517 739 85 928 4 182 418 115 297 464 923 864 461 521 394 282 229 353 623 998 629 457 231 975 154 976 917 314 125 786 41 676 435 61 992 882 152 526 499 673 38 775 965 251 964 806 565 436 327 387 701 789 73 968 96 442 94 614 239 248 622 953 420 400 721 71 487 362 
5 917 314 125 786 41 
120 114 12 929 704 716 476 529 213 951 106 919 84 542 858 582 376 959 75 36 385 270 304 174 525 391 79 300 880 654 601 771 978 150 997 767 688 589 64 13 318 238 877 329 911 693 226 547 274 333 273 424 34 169 818 825 484 177 991 605 798 5 942 426 272 143 813 994 839 489 474 861 277 617 116 145 2 822 483 799 863 967 520 639 209 632 555 530 680 758 597 451 820 506 934 171 794 77 468 891 827 909 871 848 210 841 89 916 982 462 207 807 971 502 546 921 883 153 659 253 66 
811 359 162 881 211 111 54 332 590 91 26 568 232 708 706 183 610 454 292 894 557 306 340 533 234 119 33 170 185 924 724 875 652 734 323 514 157 396 543 281 817 952 259 638 158 498 613 753 246 749 186 906 419 405 49 970 940 769 93 190 199 740 797 714 528 357 23 779 178 900 188 408 472 583 748 897 963 950 379 401 452 738 301 553 108 664 130 747 151 556 55 235 944 444 571 482 14 926 39 1000 430 867 422 535 6 425 265 112 504 373 620 409 336 450 404 837 902 893 46 348 163 961 828 146 733 181 279 937 100 263 957 173 737 785 989 821 899 142 651 736 481 938 790 494 403 564 585 689 283 402 176 684 218 126 726 326 735 72 398 931 219 445 311 576 687 192 705 570 927 787 829 375 168 561 608 244 28 943 537 197 280 268 593 57 289 27 136 624 346 744 591 380 324 118 972 184 509 242 316 584 838 416 295 531 354 95 480 37 15 51 948 456 615 8 303 974 315 630 62 782 986 973 835 129 754 873 682 843 844 428 117 278 643 586 984 878 350 164 155 83 240 286 750 560 678 19 852 370 905 65 544 448 285 473 729 796 59 507 43 496 751 513 109 712 156 672 777 960 87 97 932 492 709 160 338 220 996 616 888 124 166 870 985 988 500 987 671 458 432 720 399 725 826 765 485 646 920 581 803 495 135 44 685 766 330 25 224 369 922 619 103 600 433 567 206 703 407 351 757 648 230 349 490 223 945 532 438 831 933 47 983 512 856 367 760 599 470 993 788 1 695 519 463 618 609 628 110 52 552 539 133 656 9 137 271 308 793 847 114 12 929 704 716 476 529 213 951 106 919 84 542 858 582 376 959 75 36 385 270 304 174 525 391 79 300 880 654 601 771 978 150 997 767 688 589 64 13 318 238 877 329 911 693 226 547 274 333 273 424 34 169 818 825 484 177 991 605 798 5 942 426 272 143 813 994 839 489 474 861 277 617 116 145 2 822 483 799 863 967 520 639 209 632 555 530 680 758 597 451 820 506 934 171 794 77 468 891 827 909 871 848 210 841 89 916 982 462 207 807 971 502 546 921 883 153 659 253 66 363 634 198 120 860 876 382 627 298 180 655 774 633 361 159 667 250 541 573 88 980 907 692 901 467 592 256 569 517 739 85 928 4 182 418 115 297 464 923 864 461 521 394 282 229 353 623 998 629 457 231 975 154 976 917 314 125 786 41 676 435 61 992 882 152 526 499 673 38 775 965 251 964 806 565 436 327 387 701 789 73 968 96 442 94 614 239 248 622 953 420 400 721 71 487 362 762 434 310 384 814 842 287 755 249 167 792 491 645 885 187 101 191 20 264 697 148 469 538 372 637 269 674 872 698 478 98 534 423 165 233 56 377 707 440 763 851 594 663 344 811 139 175 392 743 63 866 524 884 196 823 309 505 486 132 642 237 908 575 204 903 683 427 449 904 147 947 691 577 977 30 745 322 134 669 969 42 781 890 460 138 328 227 930 421 631 999 621 658 3 358 939 179 352 675 580 200 58 772 368 411 962 86 364 386 123 412 216 194 140 313 816 203 955 415 518 92 742 319 784 69 563 414 690 715 606 641 795 99 296 855 636 388 853 355 471 45 578 910 225 650 874 768 812 653 949 501 262 832 956 503 764 810 859 365 515 966 854 846 773 247 554 341 702 635 730 81 912 317 67 441 711 801 865 611 710 144 74 562 113 378 752 104 321 849 307 666 453 723 815 217 780 551 343 337 446 596 374 548 397 604 670 50 574 511 102 946 417 40 662 886 78 360 255 107 447 808 339 276 759 981 649 979 302 732 202 941 783 429 347 68 299 10 717 
49 295 531 354 95 480 37 15 51 948 456 615 8 303 974 315 630 62 782 986 973 835 129 754 873 682 843 844 428 117 278 643 586 984 878 350 164 155 83 240 286 750 560 678 19 852 370 905 65 544 
483 472 583 748 897 963 950 379 401 452 738 301 553 108 664 130 747 151 556 55 235 944 444 571 482 14 926 39 1000 430 867 422 535 6 425 265 112 504 373 620 409 336 450 404 837 902 893 46 348 163 961 828 146 733 181 279 937 100 263 957 173 737 785 989 821 899 142 651 736 481 938 790 494 403 564 585 689 283 402 176 684 218 126 726 326 735 72 398 931 219 445 311 576 687 192 705 570 927 787 829 375 168 561 608 244 28 943 537 197 280 268 593 57 289 27 136 624 346 744 591 380 324 118 972 184 509 242 316 584 838 416 295 531 354 95 480 37 15 51 948 456 615 8 303 974 315 630 62 782 986 973 835 129 754 873 682 843 844 428 117 278 643 586 984 878 350 164 155 83 240 286 750 560 678 19 852 370 905 65 544 448 285 473 729 796 59 507 43 496 751 513 109 712 156 672 777 960 87 97 932 492 709 160 338 220 996 616 888 124 166 870 985 988 500 987 671 458 432 720 399 725 826 765 485 646 920 581 803 495 135 44 685 766 330 25 224 369 922 619 103 600 433 567 206 703 407 351 757 648 230 349 490 223 945 532 438 831 933 47 983 512 856 367 760 599 470 993 788 1 695 519 463 618 609 628 110 52 552 539 133 656 9 137 271 308 793 847 114 12 929 704 716 476 529 213 951 106 919 84 542 858 582 376 959 75 36 385 270 304 174 525 391 79 300 880 654 601 771 978 150 997 767 688 589 64 13 318 238 877 329 911 693 226 547 274 333 273 424 34 169 818 825 484 177 991 605 798 5 942 426 272 143 813 994 839 489 474 861 277 617 116 145 2 822 483 799 863 967 520 639 209 632 555 530 680 758 597 451 820 506 934 171 794 77 468 891 827 909 871 848 210 841 89 916 982 462 207 807 971 502 546 921 883 153 659 253 66 363 634 198 120 860 876 382 627 298 180 655 774 633 361 159 667 250 541 573 88 980 907 692 901 467 592 256 569 517 739 85 928 4 182 418 115 297 464 923 864 461 521 394 282 229 353 623 998 629 457 231 975 154 976 917 314 125 786 41 676 435 61 992 882 152 526 499 673 38 775 965 251 964 806 565 436 327 
514 425 265 112 504 373 620 409 336 450 404 837 902 893 46 348 163 961 828 146 733 181 279 937 100 263 957 173 737 785 989 821 899 142 651 736 481 938 790 494 403 564 585 689 283 402 176 684 218 126 726 326 735 72 398 931 219 445 311 576 687 192 705 570 927 787 829 375 168 561 608 244 28 943 537 197 280 268 593 57 289 27 136 624 346 744 591 380 324 118 972 184 509 242 316 584 838 416 295 531 354 95 480 37 15 51 948 456 615 8 303 974 315 630 62 782 986 973 835 129 754 873 682 843 844 428 117 278 643 586 984 878 350 164 155 83 240 286 750 560 678 19 852 370 905 65 544 448 285 473 729 796 59 507 43 496 751 513 109 712 156 672 777 960 87 97 932 492 709 160 338 220 996 616 888 124 166 870 985 988 500 987 671 458 432 720 399 725 826 765 485 646 920 581 803 495 135 44 685 766 330 25 224 369 922 619 103 600 433 567 206 703 407 351 757 648 230 349 490 223 945 532 438 831 933 47 983 512 856 367 760 599 470 993 788 1 695 519 463 618 609 628 110 52 552 539 133 656 9 137 271 308 793 847 114 12 929 704 716 476 529 213 951 106 919 84 542 858 582 376 959 75 36 385 270 304 174 525 391 79 300 880 654 601 771 978 150 997 767 688 589 64 13 318 238 877 329 911 693 226 547 274 333 273 424 34 169 818 825 484 177 991 605 798 5 942 426 272 143 813 994 839 489 474 861 277 617 116 145 2 822 483 799 863 967 520 639 209 632 555 530 680 758 597 451 820 506 934 171 794 77 468 891 827 909 871 848 210 841 89 916 982 462 207 807 971 502 546 921 883 153 659 253 66 363 634 198 120 860 876 382 627 298 180 655 774 633 361 159 667 250 541 573 88 980 907 692 901 467 592 256 569 517 739 85 928 4 182 418 115 297 464 923 864 461 521 394 282 229 353 623 998 629 457 231 975 154 976 917 314 125 786 41 676 435 61 992 882 152 526 499 673 38 775 965 251 964 806 565 436 327 387 701 789 73 968 96 442 94 614 239 248 622 953 420 400 721 71 487 362 762 434 310 384 814 842 287 755 249 167 792 491 645 885 187 101 191 20 264 697 148 469 538 372 637 269 674 872 698 478 98 534 423 165 233 56 377 707 440 763 851 594 663 344 811 
61 135 44 685 766 330 25 224 369 922 619 103 600 433 567 206 703 407 351 757 648 230 349 490 223 945 532 438 831 933 47 983 512 856 367 760 599 470 993 788 1 695 519 463 618 609 628 110 52 552 539 133 656 9 137 271 308 793 847 114 12 929 
528 54 332 590 91 26 568 232 708 706 183 610 454 292 894 557 306 340 533 234 119 33 170 185 924 724 875 652 734 323 514 157 396 543 281 817 952 259 638 158 498 613 753 246 749 186 906 419 405 49 970 940 769 93 190 199 740 797 714 528 357 23 779 178 900 188 408 472 583 748 897 963 950 379 401 452 738 301 553 108 664 130 747 151 556 55 235 944 444 571 482 14 926 39 1000 430 867 422 535 6 425 265 112 504 373 620 409 336 450 404 837 902 893 46 348 163 961 828 146 733 181 279 937 100 263 957 173 737 785 989 821 899 142 651 736 481 938 790 494 403 564 585 689 283 402 176 684 218 126 726 326 735 72 398 931 219 445 311 576 687 192 705 570 927 787 829 375 168 561 608 244 28 943 537 197 280 268 593 57 289 27 136 624 346 744 591 380 324 118 972 184 509 242 316 584 838 416 295 531 354 95 480 37 15 51 948 456 615 8 303 974 315 630 62 782 986 973 835 129 754 873 682 843 844 428 117 278 643 586 984 878 350 164 155 83 240 286 750 560 678 19 852 370 905 65 544 448 285 473 729 796 59 507 43 496 751 513 109 712 156 672 777 960 87 97 932 492 709 160 338 220 996 616 888 124 166 870 985 988 500 987 671 458 432 720 399 725 826 765 485 646 920 581 803 495 135 44 685 766 330 25 224 369 922 619 103 600 433 567 206 703 407 351 757 648 230 349 490 223 945 532 438 831 933 47 983 512 856 367 760 599 470 993 788 1 695 519 463 618 609 628 110 52 552 539 133 656 9 137 271 308 793 847 114 12 929 704 716 476 529 213 951 106 919 84 542 858 582 376 959 75 36 385 270 304 174 525 391 79 300 880 654 601 771 978 150 997 767 688 589 64 13 318 238 877 329 911 693 226 547 274 333 273 424 34 169 818 825 484 177 991 605 798 5 942 426 272 143 813 994 839 489 474 861 277 617 116 145 2 822 483 799 863 967 520 639 209 632 555 530 680 758 597 451 820 506 934 171 794 77 468 891 827 909 871 848 210 841 89 916 982 462 207 807 971 502 546 921 883 153 659 253 66 363 634 198 120 860 876 382 627 298 180 655 774 633 361 159 667 250 541 573 88 980 907 692 901 467 592 256 569 517 739 85 928 4 182 418 115 297 464 923 864 461 521 394 282 229 353 623 998 629 457 231 975 154 976 917 314 
461 728 510 222 431 681 536 393 694 869 587 713 647 275 833 257 657 17 325 598 527 161 925 80 294 266 918 566 686 936 889 305 868 261 335 21 383 954 11 121 718 172 915 778 935 756 558 389 24 990 356 497 625 410 896 293 149 459 245 809 700 475 22 559 439 122 128 236 679 892 31 260 540 516 995 660 16 862 76 612 488 836 141 665 195 493 522 60 208 722 291 18 914 228 53 746 32 267 819 35 201 105 466 437 824 465 479 626 390 699 805 359 162 881 211 111 54 332 590 91 26 568 232 708 706 183 610 454 292 894 557 306 340 533 234 119 33 170 185 924 724 875 652 734 323 514 157 396 543 281 817 952 259 638 158 498 613 753 246 749 186 906 419 405 49 970 940 769 93 190 199 740 797 714 528 357 23 779 178 900 188 408 472 583 748 897 963 950 379 401 452 738 301 553 108 664 130 747 151 556 55 235 944 444 571 482 14 926 39 1000 430 867 422 535 6 425 265 112 504 373 620 409 336 450 404 837 902 893 46 348 163 961 828 146 733 181 279 937 100 263 957 173 737 785 989 821 899 142 651 736 481 938 790 494 403 564 585 689 283 402 176 684 218 126 726 326 735 72 398 931 219 445 311 576 687 192 705 570 927 787 829 375 168 561 608 244 28 943 537 197 280 268 593 57 289 27 136 624 346 744 591 380 324 118 972 184 509 242 316 584 838 416 295 531 354 95 480 37 15 51 948 456 615 8 303 974 315 630 62 782 986 973 835 129 754 873 682 843 844 428 117 278 643 586 984 878 350 164 155 83 240 286 750 560 678 19 852 370 905 65 544 448 285 473 729 796 59 507 43 496 751 513 109 712 156 672 777 960 87 97 932 492 709 160 338 220 996 616 888 124 166 870 985 988 500 987 671 458 432 720 399 725 826 765 485 646 920 581 803 495 135 44 685 766 330 25 224 369 922 619 103 600 433 567 206 703 407 351 757 648 230 349 490 223 945 532 438 831 933 47 983 512 856 367 760 599 470 993 788 1 695 519 463 618 609 628 110 52 552 539 133 656 
645 193 7 455 366 320 845 958 834 443 371 840 804 221 342 290 212 802 791 607 741 572 82 602 677 640 731 595 776 550 857 312 545 131 898 29 243 413 48 241 284 728 510 222 431 681 536 393 694 869 587 713 647 275 833 257 657 17 325 598 527 161 925 80 294 266 918 566 686 936 889 305 868 261 335 21 383 954 11 121 718 172 915 778 935 756 558 389 24 990 356 497 625 410 896 293 149 459 245 809 700 475 22 559 439 122 128 236 679 892 31 260 540 516 995 660 16 862 76 612 488 836 141 665 195 493 522 60 208 722 291 18 914 228 53 746 32 267 819 35 201 105 466 437 824 465 479 626 390 699 805 359 162 881 211 111 54 332 590 91 26 568 232 708 706 183 610 454 292 894 557 306 340 533 234 119 33 170 185 924 724 875 652 734 323 514 157 396 543 281 817 952 259 638 158 498 613 753 246 749 186 906 419 405 49 970 940 769 93 190 199 740 797 714 528 357 23 779 178 900 188 408 472 583 748 897 963 950 379 401 452 738 301 553 108 664 130 747 151 556 55 235 944 444 571 482 14 926 39 1000 430 867 422 535 6 425 265 112 504 373 620 409 336 450 404 837 902 893 46 348 163 961 828 146 733 181 279 937 100 263 957 173 737 785 989 821 899 142 651 736 481 938 790 494 403 564 585 689 283 402 176 684 218 126 726 326 735 72 398 931 219 445 311 576 687 192 705 570 927 787 829 375 168 561 608 244 28 943 537 197 280 268 593 57 289 27 136 624 346 744 591 380 324 118 972 184 509 242 316 584 838 416 295 531 354 95 480 37 15 51 948 456 615 8 303 974 315 630 62 782 986 973 835 129 754 873 682 843 844 428 117 278 643 586 984 878 350 164 155 83 240 286 750 560 678 19 852 370 905 65 544 448 285 473 729 796 59 507 43 496 751 513 109 712 156 672 777 960 87 97 932 492 709 160 338 220 996 616 888 124 166 870 985 988 500 987 671 458 432 720 399 725 826 765 485 646 920 581 803 495 135 44 685 766 330 25 224 369 922 619 103 600 433 567 206 703 407 351 757 648 230 349 490 223 945 532 438 831 933 47 983 512 856 367 760 599 470 993 788 1 695 519 463 618 609 628 110 52 552 539 133 656 9 137 271 308 793 847 114 12 929 704 716 476 529 213 951 106 919 84 542 858 582 376 959 75 36 385 270 304 174 525 391 79 300 880 654 601 771 978 150 997 767 688 589 64 13 318 238 877 329 911 693 226 547 274 333 273 424 34 169 818 825 484 177 991 605 798 5 942 426 272 143 813 994 839 489 474 861 277 617 116 145 2 822 483 799 863 967 520 639 209 632 555 530 680 758 597 451 820 506 934 171 794 77 468 891 827 909 871 848 210 841 89 916 982 462 207 807 971 502 546 921 883 153 659 253 66 363 634 198 120 860 876 382 627 298 180 655 774 633 361 159 667 250 541 
426 817 952 259 638 158 498 613 753 246 749 186 906 419 405 49 970 940 769 93 190 199 740 797 714 528 357 23 779 178 900 188 408 472 583 748 897 963 950 379 401 452 738 301 553 108 664 130 747 151 556 55 235 944 444 571 482 14 926 39 1000 430 867 422 535 6 425 265 112 504 373 620 409 336 450 404 837 902 893 46 348 163 961 828 146 733 181 279 937 100 263 957 173 737 785 989 821 899 142 651 736 481 938 790 494 403 564 585 689 283 402 176 684 218 126 726 326 735 72 398 931 219 445 311 576 687 192 705 570 927 787 829 375 168 561 608 244 28 943 537 197 280 268 593 57 289 27 136 624 346 744 591 380 324 118 972 184 509 242 316 584 838 416 295 531 354 95 480 37 15 51 948 456 615 8 303 974 315 630 62 782 986 973 835 129 754 873 682 843 844 428 117 278 643 586 984 878 350 164 155 83 240 286 750 560 678 19 852 370 905 65 544 448 285 473 729 796 59 507 43 496 751 513 109 712 156 672 777 960 87 97 932 492 709 160 338 220 996 616 888 124 166 870 985 988 500 987 671 458 432 720 399 725 826 765 485 646 920 581 803 495 135 44 685 766 330 25 224 369 922 619 103 600 433 567 206 703 407 351 757 648 230 349 490 223 945 532 438 831 933 47 983 512 856 367 760 599 470 993 788 1 695 519 463 618 609 628 110 52 552 539 133 656 9 137 271 308 793 847 114 12 929 704 716 476 529 213 951 106 919 84 542 858 582 376 959 75 36 385 270 304 174 525 391 79 300 880 654 601 771 978 150 997 767 688 589 64 13 318 238 877 329 911 693 226 547 274 333 273 424 34 169 818 825 484 177 991 605 798 5 942 426 272 143 813 994 839 489 474 861 277 617 116 145 2 822 483 799 863 967 520 639 209 632 555 530 680 758 597 451 820 506 934 171 794 77 468 891 827 909 871 848 210 841 89 916 982 
601 664 130 747 151 556 55 235 944 444 571 482 14 926 39 1000 430 867 422 535 6 425 265 112 504 373 620 409 336 450 404 837 902 893 46 348 163 961 828 146 733 181 279 937 100 263 957 173 737 785 989 821 899 142 651 736 481 938 790 494 403 564 585 689 283 402 176 684 218 126 726 326 735 72 398 931 219 445 311 576 687 192 705 570 927 787 829 375 168 561 608 244 28 943 537 197 280 268 593 57 289 27 136 624 346 744 591 380 324 118 972 184 509 242 316 584 838 416 295 531 354 95 480 37 15 51 948 456 615 8 303 974 315 630 62 782 986 973 835 129 754 873 682 843 844 428 117 278 643 586 984 878 350 164 155 83 240 286 750 560 678 19 852 370 905 65 544 448 285 473 729 796 59 507 43 496 751 513 109 712 156 672 777 960 87 97 932 492 709 160 338 220 996 616 888 124 166 870 985 988 500 987 671 458 432 720 399 725 826 765 485 646 920 581 803 495 135 44 685 766 330 25 224 369 922 619 103 600 433 567 206 703 407 351 757 648 230 349 490 223 945 532 438 831 933 47 983 512 856 367 760 599 470 993 788 1 695 519 463 618 609 628 110 52 552 539 133 656 9 137 271 308 793 847 114 12 929 704 716 476 529 213 951 106 919 84 542 858 582 376 959 75 36 385 270 304 174 525 391 79 300 880 654 601 771 978 150 997 767 688 589 64 13 318 238 877 329 911 693 226 547 274 333 273 424 34 169 818 825 484 177 991 605 798 5 942 426 272 143 813 994 839 489 474 861 277 617 116 145 2 822 483 799 863 967 520 639 209 632 555 530 680 758 597 451 820 506 934 171 794 77 468 891 827 909 871 848 210 841 89 916 982 462 207 807 971 502 546 921 883 153 659 253 66 363 634 198 120 860 876 382 627 298 180 655 774 633 361 159 667 250 541 573 88 980 907 692 901 467 592 256 569 517 739 85 928 4 182 418 115 297 464 923 864 461 521 394 282 229 353 623 998 629 457 231 975 154 976 917 314 125 786 41 676 435 61 992 882 152 526 499 673 38 775 965 251 964 806 565 436 327 387 701 789 73 968 96 442 94 614 239 248 622 953 420 400 721 71 487 362 762 434 310 384 814 842 287 755 249 167 792 491 645 885 187 101 191 20 264 697 148 469 538 372 637 269 674 872 698 478 98 534 423 165 233 56 377 707 440 763 851 594 663 344 811 139 175 392 743 63 866 524 884 196 823 309 505 486 132 642 237 908 575 204 903 683 427 449 904 147 947 691 577 977 30 745 322 134 669 969 42 781 890 460 138 328 227 930 421 631 999 621 658 3 358 939 179 352 675 580 200 58 772 368 411 962 86 364 386 123 412 216 
753 211 111 54 332 590 91 26 568 232 708 706 183 610 454 292 894 557 306 340 533 234 119 33 170 185 924 724 875 652 734 323 514 157 396 543 281 817 952 259 638 158 498 613 753 246 749 186 906 419 405 49 970 940 769 93 190 199 740 797 714 528 357 23 779 178 900 188 408 472 583 748 897 963 950 379 401 452 738 301 553 108 664 130 747 151 556 55 235 944 444 571 482 14 926 39 1000 430 867 422 535 6 425 265 112 504 373 620 409 336 450 404 837 902 893 46 348 163 961 828 146 733 181 279 937 100 263 957 173 737 785 989 821 899 142 651 736 481 938 790 494 403 564 585 689 283 402 176 684 218 126 726 326 735 72 398 931 219 445 311 576 687 192 705 570 927 787 829 375 168 561 608 244 28 943 537 197 280 268 593 57 289 27 136 624 346 744 591 380 324 118 972 184 509 242 316 584 838 416 295 531 354 95 480 37 15 51 948 456 615 8 303 974 315 630 62 782 986 973 835 129 754 873 682 843 844 428 117 278 643 586 984 878 350 164 155 83 240 286 750 560 678 19 852 370 905 65 544 448 285 473 729 796 59 507 43 496 751 513 109 712 156 672 777 960 87 97 932 492 709 160 338 220 996 616 888 124 166 870 985 988 500 987 671 458 432 720 399 725 826 765 485 646 920 581 803 495 135 44 685 766 330 25 224 369 922 619 103 600 433 567 206 703 407 351 757 648 230 349 490 223 945 532 438 831 933 47 983 512 856 367 760 599 470 993 788 1 695 519 463 618 609 628 110 52 552 539 133 656 9 137 271 308 793 847 114 12 929 704 716 476 529 213 951 106 919 84 542 858 582 376 959 75 36 385 270 304 174 525 391 79 300 880 654 601 771 978 150 997 767 688 589 64 13 318 238 877 329 911 693 226 547 274 333 273 424 34 169 818 825 484 177 991 605 798 5 942 426 272 143 813 994 839 489 474 861 277 617 116 145 2 822 483 799 863 967 520 639 209 632 555 530 680 758 597 451 820 506 934 171 794 77 468 891 827 909 871 848 210 841 89 916 982 462 207 807 971 502 546 921 883 153 659 253 66 363 634 198 120 860 876 382 627 298 180 655 774 633 361 159 667 250 541 573 88 980 907 692 901 467 592 256 569 517 739 85 928 4 182 418 115 297 464 923 864 461 521 394 282 229 353 623 998 629 457 231 975 154 976 917 314 125 786 41 676 435 61 992 882 152 526 499 673 38 775 965 251 964 806 565 436 327 387 701 789 73 968 96 442 94 614 239 248 622 953 420 400 721 71 487 362 762 434 310 384 814 842 287 755 249 167 792 491 645 885 187 101 191 20 264 697 148 469 538 372 637 269 674 872 698 478 98 534 423 165 233 56 377 707 440 763 851 594 663 344 811 139 175 392 743 63 866 524 884 196 823 309 505 486 132 642 237 908 575 204 903 683 427 449 904 147 947 691 577 977 30 745 322 134 669 969 42 781 890 460 138 328 227 930 421 631 999 621 658 3 358 939 179 352 675 580 200 58 772 368 411 962 86 364 386 123 412 216 194 140 313 816 203 955 415 518 92 742 319 784 69 563 414 690 715 606 641 795 99 296 855 636 388 853 355 471 45 578 910 225 650 874 768 812 653 949 501 262 832 956 503 764 810 859 365 515 966 854 846 773 247 554 341 702 635 730 81 912 317 67 441 711 801 865 611 710 144 74 562 
644 572 82 602 677 640 731 595 776 550 857 312 545 131 898 29 243 413 48 241 284 728 510 222 431 681 536 393 694 869 587 713 647 275 833 257 657 17 325 598 527 161 925 80 294 266 918 566 686 936 889 305 868 261 335 21 383 954 11 121 718 172 915 778 935 756 558 389 24 990 356 497 625 410 896 293 149 459 245 809 700 475 22 559 439 122 128 236 679 892 31 260 540 516 995 660 16 862 76 612 488 836 141 665 195 493 522 60 208 722 291 18 914 228 53 746 32 267 819 35 201 105 466 437 824 465 479 626 390 699 805 359 162 881 211 111 54 332 590 91 26 568 232 708 706 183 610 454 292 894 557 306 340 533 234 119 33 170 185 924 724 875 652 734 323 514 157 396 543 281 817 952 259 638 158 498 613 753 246 749 186 906 419 405 49 970 940 769 93 190 199 740 797 714 528 357 23 779 178 900 188 408 472 583 748 897 963 950 379 401 452 738 301 553 108 664 130 747 151 556 55 235 944 444 571 482 14 926 39 1000 430 867 422 535 6 425 265 112 504 373 620 409 336 450 404 837 902 893 46 348 163 961 828 146 733 181 279 937 100 263 957 173 737 785 989 821 899 142 651 736 481 938 790 494 403 564 585 689 283 402 176 684 218 126 726 326 735 72 398 931 219 445 311 576 687 192 705 570 927 787 829 375 168 561 608 244 28 943 537 197 280 268 593 57 289 27 136 624 346 744 591 380 324 118 972 184 509 242 316 584 838 416 295 531 354 95 480 37 15 51 948 456 615 8 303 974 315 630 62 782 986 973 835 129 754 873 682 843 844 428 117 278 643 586 984 878 350 164 155 83 240 286 750 560 678 19 852 370 905 65 544 448 285 473 729 796 59 507 43 496 751 513 109 712 156 672 777 960 87 97 932 492 709 160 338 220 996 616 888 124 166 870 985 988 500 987 671 458 432 720 399 725 826 765 485 646 920 581 803 495 135 44 685 766 330 25 224 369 922 619 103 600 433 567 206 703 407 351 757 648 230 349 490 223 945 532 438 831 933 47 983 512 856 367 760 599 470 993 788 1 695 519 463 618 609 628 110 52 552 539 133 656 9 137 271 308 793 847 114 12 929 704 716 476 529 213 951 106 919 84 542 858 582 376 959 75 36 385 270 304 174 525 391 79 300 880 654 601 771 978 150 997 767 688 589 64 13 318 238 877 329 911 693 226 547 274 333 273 424 34 169 818 825 484 177 991 605 798 5 942 426 272 143 813 994 839 489 474 861 277 617 116 145 2 822 483 799 863 967 520 639 209 632 555 530 680 758 597 451 820 506 934 171 794 77 468 891 827 909 871 848 210 841 89 916 982 462 207 807 971 502 546 921 883 153 659 253 66 363 634 198 120 860 876 382 627 298 180 655 774 633 361 159 667 250 541 573 88 980 907 692 901 467 592 256 569 517 739 85 928 4 182 418 115 297 
306 893 46 348 163 961 828 146 733 181 279 937 100 263 957 173 737 785 989 821 899 142 651 736 481 938 790 494 403 564 585 689 283 402 176 684 218 126 726 326 735 72 398 931 219 445 311 576 687 192 705 570 927 787 829 375 168 561 608 244 28 943 537 197 280 268 593 57 289 27 136 624 346 744 591 380 324 118 972 184 509 242 316 584 838 416 295 531 354 95 480 37 15 51 948 456 615 8 303 974 315 630 62 782 986 973 835 129 754 873 682 843 844 428 117 278 643 586 984 878 350 164 155 83 240 286 750 560 678 19 852 370 905 65 544 448 285 473 729 796 59 507 43 496 751 513 109 712 156 672 777 960 87 97 932 492 709 160 338 220 996 616 888 124 166 870 985 988 500 987 671 458 432 720 399 725 826 765 485 646 920 581 803 495 135 44 685 766 330 25 224 369 922 619 103 600 433 567 206 703 407 351 757 648 230 349 490 223 945 532 438 831 933 47 983 512 856 367 760 599 470 993 788 1 695 519 463 618 609 628 110 52 552 539 133 656 9 137 271 308 793 847 114 12 929 704 716 476 529 213 951 106 919 84 542 858 582 376 959 75 36 385 270 304 174 525 391 79 300 880 654 601 771 978 150 997 767 688 589 64 13 318 238 877 329 911 693 226 547 274 333 273 424 34 169 818 825 484 177 991 605 798 5 942 426 272 143 
67 119 33 170 185 924 724 875 652 734 323 514 157 396 543 281 817 952 259 638 158 498 613 753 246 749 186 906 419 405 49 970 940 769 93 190 199 740 797 714 528 357 23 779 178 900 188 408 472 583 748 897 963 950 379 401 452 738 301 553 108 664 130 747 151 556 55 235 
859 918 566 686 936 889 305 868 261 335 21 383 954 11 121 718 172 915 778 935 756 558 389 24 990 356 497 625 410 896 293 149 459 245 809 700 475 22 559 439 122 128 236 679 892 31 260 540 516 995 660 16 862 76 612 488 836 141 665 195 493 522 60 208 722 291 18 914 228 53 746 32 267 819 35 201 105 466 437 824 465 479 626 390 699 805 359 162 881 211 111 54 332 590 91 26 568 232 708 706 183 610 454 292 894 557 306 340 533 234 119 33 170 185 924 724 875 652 734 323 514 157 396 543 281 817 952 259 638 158 498 613 753 246 749 186 906 419 405 49 970 940 769 93 190 199 740 797 714 528 357 23 779 178 900 188 408 472 583 748 897 963 950 379 401 452 738 301 553 108 664 130 747 151 556 55 235 944 444 571 482 14 926 39 1000 430 867 422 535 6 425 265 112 504 373 620 409 336 450 404 837 902 893 46 348 163 961 828 146 733 181 279 937 100 263 957 173 737 785 989 821 899 142 651 736 481 938 790 494 403 564 585 689 283 402 176 684 218 126 726 326 735 72 398 931 219 445 311 576 687 192 705 570 927 787 829 375 168 561 608 244 28 943 537 197 280 268 593 57 289 27 136 624 346 744 591 380 324 118 972 184 509 242 316 584 838 416 295 531 354 95 480 37 15 51 948 456 615 8 303 974 315 630 62 782 986 973 835 129 754 873 682 843 844 428 117 278 643 586 984 878 350 164 155 83 240 286 750 560 678 19 852 370 905 65 544 448 285 473 729 796 59 507 43 496 751 513 109 712 156 672 777 960 87 97 932 492 709 160 338 220 996 616 888 124 166 870 985 988 500 987 671 458 432 720 399 725 826 765 485 646 920 581 803 495 135 44 685 766 330 25 224 369 922 619 103 600 433 567 206 703 407 351 757 648 230 349 490 223 945 532 438 831 933 47 983 512 856 367 760 599 470 993 788 1 695 519 463 618 609 628 110 52 552 539 133 656 9 137 271 308 793 847 114 12 929 704 716 476 529 213 951 106 919 84 542 858 582 376 959 75 36 385 270 304 174 525 391 79 300 880 654 601 771 978 150 997 767 688 589 64 13 318 238 877 329 911 693 226 547 274 333 273 424 34 169 818 825 484 177 991 605 798 5 942 426 272 143 813 994 839 489 474 861 277 617 116 145 2 822 483 799 863 967 520 639 209 632 555 530 680 758 597 451 820 506 934 171 794 77 468 891 827 909 871 848 210 841 89 916 982 462 207 807 971 502 546 921 883 153 659 253 66 363 634 198 120 860 876 382 627 298 180 655 774 633 361 159 667 250 541 573 88 980 907 692 901 467 592 256 569 517 739 85 928 4 182 418 115 297 464 923 864 461 521 394 282 229 353 623 998 629 457 231 975 154 976 917 314 125 786 41 676 435 61 992 882 152 526 499 673 38 775 965 251 964 806 565 436 327 387 701 789 73 968 96 442 94 614 239 248 622 953 420 400 721 71 487 362 762 434 310 384 814 842 287 755 249 167 792 491 645 885 187 101 191 20 264 697 148 469 538 372 637 269 674 872 698 478 98 534 423 165 233 56 377 707 440 763 851 594 663 344 811 139 175 392 743 63 866 524 884 196 823 309 505 486 132 642 237 908 575 204 903 683 427 449 904 147 947 691 577 977 30 745 322 134 669 969 42 781 890 460 138 328 227 930 421 631 999 621 658 3 358 939 179 352 675 580 200 58 772 368 411 962 86 364 386 123 412 216 194 140 313 816 203 955 415 518 92 742 319 784 69 563 414 690 715 606 641 795 99 296 855 636 388 853 355 471 45 578 910 225 650 874 768 812 653 949 501 262 832 956 503 764 810 859 365 515 966 854 846 773 247 554 341 702 635 730 81 912 317 67 441 711 801 865 611 710 144 74 562 113 378 752 104 321 849 307 666 453 723 815 217 780 551 343 337 446 596 
905 294 266 918 566 686 936 889 305 868 261 335 21 383 954 11 121 718 172 915 778 935 756 558 389 24 990 356 497 625 410 896 293 149 459 245 809 700 475 22 559 439 122 128 236 679 892 31 260 540 516 995 660 16 862 76 612 488 836 141 665 195 493 522 60 208 722 291 18 914 228 53 746 32 267 819 35 201 105 466 437 824 465 479 626 390 699 805 359 162 881 211 111 54 332 590 91 26 568 232 708 706 183 610 454 292 894 557 306 340 533 234 119 33 170 185 924 724 875 652 734 323 514 157 396 543 281 817 952 259 638 158 498 613 753 246 749 186 906 419 405 49 970 940 769 93 190 199 740 797 714 528 357 23 779 178 900 188 408 472 583 748 897 963 950 379 401 452 738 301 553 108 664 130 747 151 556 55 235 944 444 571 482 14 926 39 1000 430 867 422 535 6 425 265 112 504 373 620 409 336 450 404 837 902 893 46 348 163 961 828 146 733 181 279 937 100 263 957 173 737 785 989 821 899 142 651 736 481 938 790 494 403 564 585 689 283 402 176 684 218 126 726 326 735 72 398 931 219 445 311 576 687 192 705 570 927 787 829 375 168 561 608 244 28 943 537 197 280 268 593 57 289 27 136 624 346 744 591 380 324 118 972 184 509 242 316 584 838 416 295 531 354 95 480 37 15 51 948 456 615 8 303 974 315 630 62 782 986 973 835 129 754 873 682 843 844 428 117 278 643 586 984 878 350 164 155 83 240 286 750 560 678 19 852 370 905 65 544 448 285 473 729 796 59 507 43 496 751 513 109 712 156 672 777 960 87 97 932 492 709 160 338 220 996 616 888 124 166 870 985 988 500 987 671 458 432 720 399 725 826 765 485 646 920 581 803 495 135 44 685 766 330 25 224 369 922 619 103 600 433 567 206 703 407 351 757 648 230 349 490 223 945 532 438 831 933 47 983 512 856 367 760 599 470 993 788 1 695 519 463 618 609 628 110 52 552 539 133 656 9 137 271 308 793 847 114 12 929 704 716 476 529 213 951 106 919 84 542 858 582 376 959 75 36 385 270 304 174 525 391 79 300 880 654 601 771 978 150 997 767 688 589 64 13 318 238 877 329 911 693 226 547 274 333 273 424 34 169 818 825 484 177 991 605 798 5 942 426 272 143 813 994 839 489 474 861 277 617 116 145 2 822 483 799 863 967 520 639 209 632 555 530 680 758 597 451 820 506 934 171 794 77 468 891 827 909 871 848 210 841 89 916 982 462 207 807 971 502 546 921 883 153 659 253 66 363 634 198 120 860 876 382 627 298 180 655 774 633 361 159 667 250 541 573 88 980 907 692 901 467 592 256 569 517 739 85 928 4 182 418 115 297 464 923 864 461 521 394 282 229 353 623 998 629 457 231 975 154 976 917 314 125 786 41 676 435 61 992 882 152 526 499 673 38 775 965 251 964 806 565 436 327 387 701 789 73 968 96 442 94 614 239 248 622 953 420 400 721 71 487 362 762 434 310 384 814 842 287 755 249 167 792 491 645 885 187 101 191 20 264 697 148 469 538 372 637 269 674 872 698 478 98 534 423 165 233 56 377 707 440 763 851 594 663 344 811 139 175 392 743 63 866 524 884 196 823 309 505 486 132 642 237 908 575 204 903 683 427 449 904 147 947 691 577 977 30 745 322 134 669 969 42 781 890 460 138 328 227 930 421 631 999 621 658 3 358 939 179 352 675 580 200 58 772 368 411 962 86 364 386 123 412 216 194 140 313 816 203 955 415 518 92 742 319 784 69 563 414 690 715 606 641 795 99 296 855 636 388 853 355 471 45 578 910 225 650 874 768 812 653 949 501 262 832 956 503 764 810 859 365 515 966 854 846 773 247 554 341 702 635 730 81 912 317 67 441 711 801 865 611 710 144 74 562 113 378 752 104 321 849 307 666 453 723 815 217 780 551 343 337 446 596 374 548 397 604 670 50 574 511 102 946 417 40 662 886 78 360 255 107 447 808 339 276 759 981 649 979 302 732 202 941 783 429 347 68 299 10 717 127 850 345 258 254 668 70 
651 359 162 881 211 111 54 332 590 91 26 568 232 708 706 183 610 454 292 894 557 306 340 533 234 119 33 170 185 924 724 875 652 734 323 514 157 396 543 281 817 952 259 638 158 498 613 753 246 749 186 906 419 405 49 970 940 769 93 190 199 740 797 714 528 357 23 779 178 900 188 408 472 583 748 897 963 950 379 401 452 738 301 553 108 664 130 747 151 556 55 235 944 444 571 482 14 926 39 1000 430 867 422 535 6 425 265 112 504 373 620 409 336 450 404 837 902 893 46 348 163 961 828 146 733 181 279 937 100 263 957 173 737 785 989 821 899 142 651 736 481 938 790 494 403 564 585 689 283 402 176 684 218 126 726 326 735 72 398 931 219 445 311 576 687 192 705 570 927 787 829 375 168 561 608 244 28 943 537 197 280 268 593 57 289 27 136 624 346 744 591 380 324 118 972 184 509 242 316 584 838 416 295 531 354 95 480 37 15 51 948 456 615 8 303 974 315 630 62 782 986 973 835 129 754 873 682 843 844 428 117 278 643 586 984 878 350 164 155 83 240 286 750 560 678 19 852 370 905 65 544 448 285 473 729 796 59 507 43 496 751 513 109 712 156 672 777 960 87 97 932 492 709 160 338 220 996 616 888 124 166 870 985 988 500 987 671 458 432 720 399 725 826 765 485 646 920 581 803 495 135 44 685 766 330 25 224 369 922 619 103 600 433 567 206 703 407 351 757 648 230 349 490 223 945 532 438 831 933 47 983 512 856 367 760 599 470 993 788 1 695 519 463 618 609 628 110 52 552 539 133 656 9 137 271 308 793 847 114 12 929 704 716 476 529 213 951 106 919 84 542 858 582 376 959 75 36 385 270 304 174 525 391 79 300 880 654 601 771 978 150 997 767 688 589 64 13 318 238 877 329 911 693 226 547 274 333 273 424 34 169 818 825 484 177 991 605 798 5 942 426 272 143 813 994 839 489 474 861 277 617 116 145 2 822 483 799 863 967 520 639 209 632 555 530 680 758 597 451 820 506 934 171 794 77 468 891 827 909 871 848 210 841 89 916 982 462 207 807 971 502 546 921 883 153 659 253 66 363 634 198 120 860 876 382 627 298 180 655 774 633 361 159 667 250 541 573 88 980 907 692 901 467 592 256 569 517 739 85 928 4 182 418 115 297 464 923 864 461 521 394 282 229 353 623 998 629 457 231 975 154 976 917 314 125 786 41 676 435 61 992 882 152 526 499 673 38 775 965 251 964 806 565 436 327 387 701 789 73 968 96 442 94 614 239 248 622 953 420 400 721 71 487 362 762 434 310 384 814 842 287 755 249 167 792 491 645 885 187 101 191 20 264 697 148 469 538 372 637 269 674 872 698 478 98 534 423 165 233 56 377 707 440 763 851 594 663 344 811 139 175 392 743 63 866 524 884 196 823 309 505 486 132 642 237 908 575 204 903 683 427 449 904 147 947 691 577 977 30 745 322 134 
