1
1
1
1
1
1
1
1
1
1
1
1
1
1
1
1
1
1
1
1
1
1
1
1
1
1
1
1
1
1
1
1
1
1
1
1
1
1
2
2
2
2
2
2
2
2
2
2
2
2
2
2
2
2
2
2
2
2
2
2
2
2
2
2
2
2
2
2
2
2
2
2
2
2
2
2
2
2
2
2
2
2
2
2
2
2
2
2
2
2
2
2
2
2
2
2
2
2
2
2
2
2
2
2
2
2
2
2
2
2
2
2
2
2
2
2
2
2
2
2
2
2
2
2
2
2
2
2
2
2
2
2
2
2
2
2
2
2
2
2
2
2
2
2
2
2
2
2
3
3
3
3
3
3
3
3
3
3
3
3
3
3
3
3
3
3
3
3
3
3
3
3
3
3
3
3
3
3
3
3
3
3
3
3
3
3
3
3
3
3
3
4
4
4
4
4
4
4
4
4
4
4
4
4
4
4
4
4
4
4
4
4
4
4
4
4
4
4
4
4
4
4
4
5
5
5
5
5
5
5
5
5
5
5
5
5
5
5
5
5
5
5
5
5
5
5
6
6
6
6
6
7
7
7
7
7
7
7
7
7
7
7
7
7
7
7
7
7
7
7
7
7
7
7
7
7
7
7
7
7
7
7
7
7
8
8
8
9
9
9
9
10
10
10
11
11
11
11
11
11
11
11
11
11
11
11
11
11
11
11
11
11
11
11
11
11
12
13
13
13
13
13
13
13
13
13
13
13
13
13
13
13
13
13
13
13
13
13
13
13
14
14
14
15
15
15
15
15
15
15
15
15
15
15
15
16
16
16
16
16
16
16
16
17
18
18
18
18
18
18
19
19
19
19
19
19
19
20
20
20
20
20
21
22
22
22
22
22
22
22
22
23
23
23
23
23
23
23
24
24
24
24
24
25
25
25
25
25
26
26
26
26
26
26
26
26
26
26
26
26
26
26
26
26
26
26
26
26
26
27
27
28
29
29
29
29
30
30
30
30
30
30
30
30
30
30
30
30
30
30
30
30
30
30
30
30
30
31
31
31
31
31
31
31
31
31
31
31
31
31
31
31
31
31
31
31
31
31
31
32
32
32
32
32
32
32
32
32
32
33
33
34
34
34
34
34
34
34
34
34
34
34
34
34
34
34
34
34
34
34
34
35
35
35
35
35
36
36
36
36
36
36
36
36
36
36
36
36
36
36
36
37
37
37
37
37
37
38
38
38
39
39
39
39
39
39
39
39
39
40
40
40
40
40
40
41
41
41
41
41
41
41
41
41
42
42
42
42
42
42
42
42
43
43
44
44
44
44
44
44
44
44
44
44
44
44
44
44
44
44
44
45
46
46
46
46
46
47
47
47
47
47
47
47
47
48
49
49
49
49
49
49
49
49
50
50
50
50
51
51
51
51
51
51
51
51
51
51
51
52
52
52
52
52
52
52
52
52
52
52
52
52
53
53
53
53
53
53
53
53
53
53
54
54
54
54
54
54
54
54
54
54
54
54
54
54
54
54
54
54
54
54
54
54
55
55
56
56
56
56
56
56
56
56
56
56
56
56
57
57
57
57
57
57
57
57
58
58
58
59
59
59
59
59
59
60
60
61
62
62
62
63
64
64
64
64
65
66
66
66
66
66
66
68
68
69
69
70
70
70
70
71
71
71
71
71
71
71
71
71
71
72
72
72
72
72
72
72
72
72
72
72
72
72
72
72
72
72
72
73
73
73
73
73
73
73
73
73
73
73
73
73
74
75
75
76
76
76
76
76
76
76
76
77
77
79
79
79
80
80
81
81
82
82
83
83
83
83
83
83
83
83
83
83
84
87
87
87
87
87
87
88
88
88
88
88
88
88
88
88
88
88
88
89
89
89
89
89
89
89
90
90
90
90
90
90
90
90
91
91
91
91
91
92
92
92
92
92
92
92
92
92
92
95
95
95
96
96
96
96
98
98
98
99
99
100
100
100
100
100
100
100
100
100
100
102
104
104
104
104
104
104
104
104
104
104
104
106
107
107
107
107
107
107
107
108
108
108
108
108
109
109
109
109
109
109
109
109
109
109
109
109
109
109
109
110
110
110
110
110
110
111
111
111
111
111
111
112
112
112
113
113
113
113
113
114
114
114
115
115
116
116
118
118
118
120
121
121
121
121
122
122
122
122
124
124
126
127
127
127
127
127
127
127
127
127
127
127
127
127
127
128
128
128
128
128
128
129
129
131
131
131
131
131
131
131
131
131
131
131
131
132
135
135
135
135
136
136
136
136
136
137
137
139
139
139
141
141
141
141
141
141
141
141
141
142
142
142
142
142
142
142
142
142
142
143
143
143
144
145
145
145
145
145
146
146
146
147
147
147
147
147
147
147
149
150
150
151
151
152
154
154
154
154
154
154
154
154
155
156
156
156
157
157
158
158
158
158
158
158
158
158
158
159
159
159
159
160
160
162
163
163
163
163
163
163
163
163
163
163
163
163
164
164
164
164
164
165
165
165
165
165
166
166
167
167
167
168
168
168
168
168
168
169
169
169
170
170
171
171
171
171
171
171
171
172
172
172
172
172
173
173
173
173
174
175
177
178
180
180
181
183
183
183
183
183
183
183
185
185
186
186
187
187
187
188
188
188
188
189
189
189
189
189
189
191
192
192
192
193
193
193
193
193
193
193
194
194
196
196
196
196
196
197
197
197
197
197
197
197
197
197
198
198
198
198
198
200
202
203
203
203
204
204
204
204
204
204
204
204
204
204
204
204
205
205
205
205
206
207
209
209
210
210
210
210
212
212
212
212
212
212
212
212
213
213
213
213
213
213
214
214
214
215
215
215
216
216
216
216
217
217
217
217
218
218
218
218
218
218
219
219
220
220
220
220
220
220
220
220
220
220
221
221
221
222
222
222
222
222
222
222
222
222
222
223
223
224
225
225
226
226
227
227
228
228
228
228
228
228
228
228
228
229
229
231
231
231
232
233
233
235
235
235
235
236
237
237
237
237
237
237
237
237
239
239
239
241
241
241
241
241
241
241
241
241
242
242
242
242
242
242
244
244
245
245
246
246
247
247
247
247
247
249
249
249
249
249
250
250
250
250
250
250
250
250
250
251
251
251
251
251
253
253
254
254
254
254
254
254
254
255
255
255
255
256
256
256
256
256
258
258
258
258
258
259
259
259
262
264
264
265
265
265
265
265
266
266
266
266
267
267
267
267
267
267
267
268
269
270
271
271
271
271
271
271
272
272
272
272
272
272
272
272
272
272
272
273
273
273
273
273
274
274
274
275
276
277
277
277
277
279
279
279
279
280
280
281
281
281
282
283
284
284
284
284
284
284
285
285
285
285
285
288
288
288
288
288
289
289
290
290
291
293
293
294
294
294
294
294
294
294
294
294
296
296
296
296
297
297
297
298
298
298
298
299
299
299
299
300
300
300
300
300
302
302
302
302
302
302
302
302
302
303
303
303
303
303
303
305
305
305
305
306
306
306
309
309
310
310
310
310
310
310
310
311
311
311
311
311
312
313
313
313
314
314
315
316
316
316
316
316
317
318
318
318
318
318
319
320
320
320
320
321
321
321
322
323
323
323
323
323
323
325
325
325
325
327
327
327
327
327
327
328
328
328
329
329
330
330
330
330
330
330
330
331
331
331
331
331
331
331
332
332
334
334
334
334
335
336
336
337
337
337
338
341
342
343
344
346
346
346
347
347
347
349
349
349
350
351
352
352
352
352
352
352
353
353
353
353
353
353
354
354
354
354
354
354
355
357
357
360
361
361
361
361
361
361
362
363
363
363
363
363
363
363
364
365
365
365
366
366
366
366
366
366
367
368
368
369
370
370
371
373
373
374
374
374
374
374
374
374
374
374
375
377
377
378
378
378
378
379
379
379
380
380
380
380
381
381
381
383
383
383
383
383
384
385
385
386
387
389
389
389
389
390
391
391
391
391
391
392
392
392
393
393
393
394
395
397
398
402
402
402
403
403
404
404
405
405
408
408
408
408
408
408
409
411
412
412
415
415
415
415
415
415
417
417
419
419
419
420
421
422
422
422
422
422
422
422
423
423
423
424
424
424
426
429
429
429
429
431
431
431
432
432
432
432
432
433
433
433
433
433
434
434
434
434
434
434
435
435
435
436
436
436
436
436
436
437
437
438
440
440
440
440
441
442
445
446
446
446
446
446
446
450
450
451
451
451
451
451
452
452
454
455
455
455
455
455
456
456
457
457
458
458
458
458
459
459
459
459
459
459
460
460
460
460
461
461
462
463
463
463
463
464
466
466
467
468
468
469
469
469
470
471
471
473
474
475
475
475
475
477
477
478
478
478
478
478
478
479
479
482
483
483
483
483
483
483
484
484
484
484
484
484
484
485
485
488
488
488
488
488
488
488
489
489
490
490
490
490
490
491
491
491
493
494
496
496
497
499
499
499
500
500
500
500
500
500
501
501
501
502
502
503
503
503
505
506
508
508
510
510
510
513
514
514
514
514
516
516
516
517
517
517
517
517
517
518
518
519
519
520
520
520
520
520
520
521
521
521
521
522
522
523
523
523
524
524
525
525
525
525
526
526
527
527
527
527
527
527
530
530
530
530
530
532
535
535
535
536
536
538
538
539
540
541
543
544
544
545
545
545
545
545
546
547
548
549
551
553
553
553
555
556
559
559
560
560
561
561
561
561
561
562
563
563
563
563
565
565
565
566
566
567
567
567
567
567
568
569
569
569
569
570
571
572
572
573
573
573
574
574
574
575
575
575
575
575
578
578
578
580
580
581
582
582
583
586
586
586
586
586
586
586
587
588
588
589
589
589
589
589
589
590
591
591
591
591
591
591
593
593
593
594
594
595
596
597
597
600
600
602
602
603
603
604
604
605
605
605
605
605
605
606
606
606
606
610
612
612
613
614
615
615
615
615
615
615
617
617
617
617
617
617
619
621
622
622
622
622
622
622
623
623
624
625
625
626
627
629
630
630
630
630
632
632
633
634
634
634
634
634
634
635
635
635
635
635
635
636
636
637
638
638
638
638
639
639
639
639
640
641
641
641
642
642
642
642
644
644
646
646
647
647
649
649
651
651
651
651
652
653
653
653
654
654
655
656
657
657
658
658
658
658
659
660
660
660
660
660
662
663
664
665
665
665
665
666
667
668
670
671
672
673
673
673
673
675
676
676
676
677
680
680
680
680
680
680
681
681
683
683
684
684
684
684
685
686
687
687
688
688
689
689
689
689
690
691
691
691
691
691
692
692
692
693
693
693
696
696
696
697
697
697
697
698
698
700
700
701
701
701
704
704
705
705
705
707
707
707
707
708
708
709
709
709
709
709
711
711
712
712
714
714
714
714
714
715
715
715
715
716
718
718
718
718
718
719
719
719
719
720
720
720
722
722
724
724
724
724
724
725
726
727
727
727
727
729
730
730
731
732
734
734
734
734
734
735
735
735
735
736
737
737
737
737
737
737
737
737
738
738
739
739
739
739
740
740
740
742
742
744
744
745
745
745
746
747
747
748
750
751
752
753
753
753
753
755
756
757
757
758
758
758
758
758
758
758
760
760
761
761
761
761
761
761
762
762
762
762
763
764
764
768
770
772
773
773
773
773
775
776
776
776
778
778
778
779
779
780
780
780
780
780
781
781
781
783
784
784
784
784
784
785
785
787
788
789
791
791
794
795
795
797
797
797
797
797
797
797
797
800
800
801
803
803
803
804
805
805
805
805
807
807
809
809
810
810
810
811
811
811
813
813
815
815
815
815
815
816
816
817
819
819
820
822
822
823
823
824
824
824
825
825
825
826
826
828
831
831
831
832
832
834
834
836
837
837
837
837
837
838
838
841
841
841
841
842
843
844
844
847
847
848
849
854
856
856
856
856
857
857
857
858
859
860
862
862
864
865
868
869
869
869
869
871
872
872
872
872
874
874
875
876
877
879
879
879
879
879
880
880
880
880
881
882
883
884
884
885
885
885
886
886
886
887
888
888
888
888
889
890
890
891
894
894
896
897
899
899
900
901
902
902
902
902
902
902
903
903
904
905
905
906
906
906
906
908
908
908
908
910
910
910
911
911
911
912
913
914
914
916
916
917
917
918
918
918
919
920
921
922
923
924
929
930
930
930
932
932
932
932
932
933
933
934
934
935
936
938
938
938
939
940
940
940
940
942
942
944
945
946
946
946
946
947
948
948
948
949
949
949
949
950
951
952
953
953
953
953
953
953
954
954
954
954
955
957
957
958
958
958
958
958
960
961
961
962
963
965
965
966
966
966
966
967
969
970
971
971
971
971
971
971
971
972
973
974
974
974
976
976
976
976
977
978
978
978
979
979
979
979
980
981
981
982
984
984
984
985
985
985
987
987
989
989
989
989
990
991
991
991
992
992
992
992
992
993
993
995
996
996
997
997
998
998
999
1000
1000
1000
1001
1004
1006
1007
1007
1007
1007
1007
1008
1008
1008
1008
1009
1009
1009
1010
1010
1010
1010
1010
1011
1011
1013
1013
1013
1013
1014
1014
1017
1017
1017
1019
1019
1020
1020
1020
1020
1021
1021
1022
1023
1024
1025
1029
1029
1029
1030
1031
1032
1033
1034
1034
1034
1035
1036
1037
1037
1037
1038
1039
1039
1040
1040
1040
1040
1040
1042
1043
1043
1043
1043
1045
1045
1045
1046
1046
1046
1046
1046
1047
1048
1050
1050
1050
1050
1050
1052
1054
1056
1056
1056
1057
1058
1058
1058
1058
1059
1059
1059
1059
1060
1060
1060
1060
1061
1061
1061
1061
1062
1062
1062
1062
1063
1063
1065
1065
1068
1068
1069
1069
1069
1069
1069
1069
1071
1073
1074
1076
1077
1077
1077
1079
1081
1082
1083
1085
1085
1085
1085
1086
1086
1086
1086
1086
1086
1087
1087
1088
1088
1089
1089
1090
1090
1091
1092
1094
1094
1095
1095
1095
1095
1096
1097
1098
1098
1099
1099
1099
1100
1101
1101
1101
1101
1102
1102
1102
1102
1103
1103
1104
1105
1107
1108
1108
1109
1111
1111
1111
1112
1112
1113
1113
1113
1114
1115
1115
1115
1116
1117
1117
1119
1119
1119
1119
1119
1119
1119
1119
1120
1120
1120
1120
1120
1122
1124
1125
1127
1127
1127
1128
1129
1130
1131
1132
1134
1135
1135
1136
1136
1136
1137
1140
1141
1141
1142
1142
1142
1144
1144
1144
1145
1145
1146
1147
1147
1147
1147
1149
1150
1150
1150
1151
1152
1152
1152
1153
1155
1155
1156
1156
1158
1158
1158
1158
1161
1161
1161
1163
1163
1164
1165
1165
1165
1165
1165
1167
1169
1171
1172
1173
1174
1174
1175
1175
1175
1176
1177
1177
1177
1179
1183
1183
1186
1187
1187
1187
1190
1192
1192
1192
1195
1196
1196
1196
1197
1198
1199
1199
1200
1200
1201
1202
1203
1203
1204
1204
1204
1204
1205
1206
1206
1207
1207
1207
1207
1207
1207
1207
1208
1209
1209
1210
1213
1213
1215
1218
1222
1224
1227
1227
1227
1227
1228
1229
1229
1232
1232
1232
1232
1234
1234
1234
1236
1238
1239
1239
1240
1243
1243
1243
1244
1244
1244
1245
1245
1245
1245
1245
1246
1246
1247
1247
1249
1251
1252
1252
1254
1254
1255
1256
1257
1257
1257
1258
1258
1258
1259
1259
1260
1260
1263
1264
1267
1267
1268
1270
1271
1274
1274
1275
1276
1276
1277
1277
1280
1283
1284
1285
1286
1287
1287
1289
1289
1291
1291
1291
1294
1297
1297
1297
1298
1300
1301
1301
1301
1301
1301
1302
1304
1305
1309
1310
1311
1314
1314
1317
1317
1317
1317
1319
1319
1320
1321
1321
1321
1323
1325
1325
1325
1325
1325
1325
1325
1325
1326
1326
1326
1326
1327
1329
1329
1331
1332
1332
1332
1333
1334
1335
1335
1335
1337
1337
1337
1338
1340
1341
1342
1343
1344
1345
1345
1345
1346
1346
1350
1352
1353
1354
1354
1354
1354
1355
1357
1358
1358
1360
1361
1361
1363
1363
1363
1364
1365
1365
1367
1369
1373
1374
1374
1375
1377
1379
1382
1382
1382
1382
1383
1383
1384
1384
1385
1386
1387
1388
1390
1391
1391
1391
1392
1392
1392
1393
1393
1393
1393
1394
1396
1396
1397
1397
1401
1402
1403
1403
1404
1404
1404
1405
1406
1408
1408
1408
1409
1409
1411
1412
1414
1414
1415
1415
1419
1419
1422
1422
1423
1426
1426
1426
1428
1428
1429
1432
1432
1433
1433
1434
1434
1436
1436
1436
1437
1437
1437
1438
1439
1439
1440
1440
1442
1442
1443
1443
1443
1443
1444
1446
1447
1447
1447
1447
1448
1449
1449
1449
1450
1453
1454
1454
1454
1455
1457
1457
1458
1458
1458
1461
1461
1461
1461
1461
1463
1464
1464
1465
1465
1467
1467
1467
1468
1469
1470
1470
1472
1472
1472
1475
1475
1476
1479
1482
1483
1483
1484
1485
1488
1488
1489
1489
1489
1489
1490
1490
1490
1490
1491
1494
1495
1495
1496
1496
1496
1496
1498
1498
1499
1499
1499
1500
1500
1501
1501
1502
1502
1503
1503
1504
1505
1506
1508
1509
1511
1511
1512
1512
1512
1512
1513
1513
1513
1514
1514
1515
1520
1520
1521
1522
1524
1524
1528
1530
1531
1532
1532
1533
1533
1534
1535
1536
1538
1538
1538
1540
1542
1543
1545
1546
1546
1546
1547
1548
1548
1549
1549
1549
1549
1551
1552
1552
1553
1553
1556
1556
1559
1561
1562
1563
1566
1566
1566
1566
1568
1569
1569
1570
1571
1572
1572
1572
1573
1576
1576
1576
1577
1577
1577
1578
1578
1579
1580
1580
1580
1582
1582
1582
1583
1584
1585
1586
1587
1587
1587
1588
1588
1589
1591
1592
1592
1593
1594
1594
1596
1598
1598
1598
1598
1599
1600
1600
1602
1602
1602
1604
1604
1605
1605
1606
1606
1607
1607
1607
1607
1609
1610
1610
1610
1610
1611
1611
1611
1611
1611
1612
1613
1613
1614
1615
1615
1615
1615
1616
1616
1617
1617
1618
1619
1621
1621
1624
1624
1626
1630
1630
1631
1632
1632
1633
1633
1633
1634
1635
1636
1639
1640
1640
1642
1643
1643
1644
1644
1644
1647
1649
1649
1650
1650
1650
1650
1650
1651
1651
1651
1651
1653
1653
1654
1654
1654
1656
1656
1656
1656
1656
1656
1659
1659
1663
1664
1667
1669
1669
1670
1671
1671
1672
1672
1672
1672
1673
1673
1675
1677
1679
1682
1683
1683
1683
1685
1688
1688
1688
1688
1688
1690
1690
1691
1691
1693
1693
1693
1693
1695
1695
1696
1696
1696
1697
1697
1698
1698
1700
1702
1703
1704
1704
1705
1705
1705
1706
1707
1707
1708
1710
1710
1714
1714
1715
1715
1715
1715
1716
1716
1717
1717
1717
1720
1720
1721
1721
1722
1722
1726
1726
1728
1728
1729
1730
1730
1730
1730
1731
1733
1734
1734
1734
1734
1734
1735
1736
1737
1739
1739
1739
1740
1741
1743
1745
1745
1745
1746
1748
1750
1750
1750
1751
1753
1754
1754
1755
1756
1757
1757
1758
1759
1760
1760
1760
1762
1765
1765
1766
1766
1766
1766
1766
1767
1767
1767
1769
1771
1771
1772
1772
1774
1777
1777
1777
1778
1778
1779
1779
1779
1782
1783
1784
1786
1787
1787
1787
1788
1788
1788
1788
1789
1789
1793
1795
1798
1798
1798
1799
1802
1802
1804
1805
1806
1806
1806
1806
1806
1806
1808
1809
1810
1811
1813
1813
1815
1815
1817
1818
1818
1820
1822
1822
1822
1824
1824
1825
1826
1826
1826
1827
1827
1829
1829
1831
1832
1833
1833
1833
1833
1834
1837
1837
1838
1838
1838
1839
1840
1840
1840
1841
1841
1841
1841
1843
1843
1843
1845
1845
1845
1850
1850
1850
1852
1852
1852
1852
1853
1855
1855
1855
1856
1856
1858
1861
1862
1863
1864
1865
1866
1867
1867
1867
1867
1868
1868
1868
1869
1869
1871
1872
1873
1874
1874
1874
1874
1874
1876
1877
1878
1884
1889
1892
1892
1892
1894
1894
1894
1896
1897
1897
1898
1898
1898
1898
1900
1902
1903
1903
1906
1907
1908
1911
1911
1911
1914
1914
1914
1914
1915
1916
1916
1916
1917
1917
1919
1920
1921
1923
1924
1924
1926
1926
1926
1926
1928
1930
1930
1931
1931
1931
1932
1932
1932
1933
1933
1934
1934
1934
1937
1937
1937
1938
1939
1942
1942
1942
1945
1945
1945
1945
1947
1948
1948
1952
1953
1953
1953
1955
1955
1955
1955
1956
1958
1959
1960
1961
1966
1966
1966
1967
1968
1968
1969
1969
1969
1970
1970
1970
1970
1971
1972
1975
1975
1979
1979
1979
1982
1982
1985
1985
1987
1987
1990
1993
1993
1993
1994
1994
1994
1997
1997
1997
1997
1998
1999
2001
2003
2004
2004
2006
2006
2006
2006
2007
2007
2008
2008
2008
2009
2010
2010
2011
2011
2011
2011
2014
2014
2014
2015
2018
2018
2018
2019
2021
2021
2024
2024
2024
2025
2026
2029
2030
2031
2032
2033
2033
2035
2036
2037
2039
2039
2039
2039
2041
2042
2044
2044
2045
2045
2045
2045
2046
2047
2048
2048
2049
2049
2050
2051
2052
2052
2053
2054
2054
2055
2057
2057
2058
2058
2058
2060
2061
2061
2061
2064
2066
2066
2066
2067
2069
2069
2069
2069
2071
2072
2073
2073
2073
2074
2074
2077
2077
2078
2078
2079
2081
2081
2082
2082
2082
2082
2083
2085
2085
2086
2086
2087
2087
2087
2087
2088
2088
2090
2090
2091
2092
2094
2094
2094
2095
2095
2095
2095
2095
2096
2098
2099
2101
2101
2102
2104
2105
2106
2107
2109
2109
2109
2110
2110
2111
2112
2113
2113
2114
2115
2115
2115
2117
2120
2121
2121
2123
2123
2123
2123
2123
2125
2125
2125
2126
2129
2130
2133
2133
2133
2134
2134
2136
2137
2140
2141
2142
2143
2144
2144
2147
2148
2148
2148
2149
2150
2151
2152
2153
2154
2159
2159
2161
2163
2166
2167
2168
2168
2169
2170
2173
2176
2176
2178
2178
2179
2180
2180
2182
2183
2184
2184
2185
2185
2185
2186
2186
2187
2188
2190
2191
2192
2192
2193
2196
2196
2198
2200
2202
2202
2202
2203
2204
2204
2206
2208
2210
2212
2212
2215
2215
2216
2217
2217
2218
2221
2223
2223
2225
2225
2226
2227
2230
2231
2237
2239
2239
2239
2239
2240
2242
2243
2244
2245
2245
2245
2246
2247
2251
2251
2251
2251
2251
2252
2253
2254
2254
2254
2257
2257
2258
2260
2262
2262
2262
2264
2266
2266
2269
2269
2272
2273
2273
2275
2277
2277
2277
2277
2278
2282
2282
2284
2285
2285
2285
2285
2287
2287
2288
2288
2289
2289
2291
2293
2295
2296
2297
2297
2298
2300
2300
2302
2304
2305
2306
2307
2307
2307
2309
2310
2310
2311
2313
2313
2313
2314
2315
2315
2316
2317
2319
2320
2321
2321
2324
2326
2328
2329
2331
2332
2333
2333
2336
2336
2337
2337
2340
2340
2340
2343
2343
2345
2346
2347
2347
2347
2348
2348
2349
2350
2352
2353
2354
2355
2356
2356
2358
2358
2359
2360
2360
2360
2361
2361
2363
2365
2367
2367
2367
2368
2368
2369
2370
2370
2371
2371
2372
2373
2374
2375
2378
2378
2378
2381
2385
2385
2386
2386
2386
2387
2387
2388
2391
2391
2391
2395
2397
2397
2397
2397
2400
2401
2405
2405
2406
2406
2407
2408
2409
2410
2411
2411
2412
2415
2416
2418
2420
2420
2421
2422
2424
2425
2425
2427
2430
2431
2431
2432
2432
2432
2433
2433
2433
2434
2438
2438
2441
2444
2446
2447
2448
2448
2452
2452
2454
2454
2454
2454
2458
2460
2461
2462
2462
2462
2462
2465
2467
2468
2468
2471
2472
2472
2474
2476
2476
2477
2477
2480
2481
2482
2484
2484
2487
2487
2487
2487
2488
2488
2489
2492
2492
2492
2492
2493
2494
2498
2499
2499
2501
2501
2502
2502
2504
2505
2506
2507
2510
2510
2510
2512
2512
2514
2515
2517
2518
2518
2518
2520
2521
2521
2522
2522
2523
2523
2523
2525
2526
2526
2527
2528
2531
2533
2533
2534
2534
2535
2535
2537
2537
2537
2537
2538
2542
2543
2545
2545
2546
2546
2547
2547
2547
2549
2549
2551
2552
2552
2552
2554
2556
2557
2557
2559
2559
2563
2565
2565
2565
2567
2569
2569
2569
2571
2574
2574
2574
2574
2575
2575
2579
2582
2582
2583
2583
2584
2585
2587
2587
2588
2588
2589
2590
2590
2590
2591
2591
2593
2595
2595
2595
2596
2597
2598
2598
2601
2602
2603
2604
2607
2607
2608
2609
2610
2611
2611
2611
2612
2613
2614
2614
2614
2616
2618
2621
2621
2621
2623
2623
2624
2627
2627
2627
2627
2627
2628
2628
2628
2629
2630
2631
2634
2634
2635
2635
2637
2638
2638
2641
2642
2642
2643
2644
2644
2645
2646
2647
2649
2650
2650
2651
2651
2651
2651
2653
2653
2655
2656
2656
2657
2657
2657
2659
2659
2664
2665
2668
2668
2670
2670
2670
2673
2673
2673
2674
2678
2678
2681
2682
2683
2683
2683
2684
2685
2686
2686
2687
2687
2690
2691
2693
2694
2695
2695
2699
2701
2701
2702
2702
2704
2704
2707
2708
2709
2709
2710
2711
2715
2719
2720
2720
2724
2726
2727
2730
2732
2733
2733
2735
2736
2736
2736
2736
2738
2739
2740
2742
2742
2744
2745
2746
2748
2749
2749
2752
2752
2753
2755
2758
2760
2760
2762
2762
2763
2770
2771
2774
2774
2775
2777
2777
2778
2780
2783
2783
2783
2785
2785
2786
2786
2787
2788
2790
2791
2792
2793
2793
2795
2795
2800
2800
2802
2803
2806
2808
2810
2810
2812
2815
2818
2819
2819
2819
2820
2821
2822
2824
2824
2824
2825
2826
2827
2827
2827
2828
2830
2831
2831
2831
2832
2833
2834
2834
2835
2835
2838
2840
2844
2845
2846
2848
2850
2851
2851
2852
2852
2854
2854
2859
2860
2860
2861
2862
2862
2862
2863
2863
2864
2864
2864
2865
2866
2866
2866
2867
2868
2868
2869
2872
2875
2876
2876
2876
2878
2880
2881
2882
2882
2883
2890
2890
2891
2892
2899
2900
2901
2902
2902
2903
2903
2904
2904
2908
2910
2913
2914
2916
2917
2917
2918
2918
2921
2921
2922
2923
2923
2923
2924
2924
2925
2926
2927
2927
2928
2930
2932
2934
2934
2935
2936
2937
2940
2942
2942
2944
2944
2946
2947
2948
2952
2952
2952
2953
2953
2954
2954
2954
2954
2956
2956
2958
2958
2961
2961
2963
2963
2965
2968
2968
2968
2969
2969
2972
2975
2977
2979
2981
2982
2983
2984
2984
2987
2987
2987
2987
2987
2995
2996
2996
2998
3001
3002
3002
3002
3002
3005
3005
3007
3007
3008
3008
3009
3010
3010
3010
3012
3013
3014
3015
3017
3017
3018
3019
3020
3020
3022
3022
3022
3025
3026
3026
3027
3029
3029
3030
3031
3032
3032
3032
3034
3034
3034
3035
3037
3037
3038
3039
3039
3039
3040
3041
3043
3044
3044
3045
3045
3045
3048
3048
3048
3051
3053
3054
3055
3056
3057
3059
3061
3061
3061
3062
3063
3063
3064
3064
3065
3066
3066
3069
3069
3071
3072
3074
3074
3076
3076
3076
3077
3077
3078
3078
3078
3080
3080
3081
3083
3085
3089
3089
3091
3092
3093
3093
3093
3094
3094
3096
3097
3099
3099
3099
3099
3100
3101
3103
3106
3106
3109
3110
3111
3112
3114
3114
3115
3115
3117
3117
3118
3118
3121
3121
3122
3126
3126
3127
3128
3129
3129
3130
3130
3130
3131
3133
3133
3133
3133
3136
3137
3140
3140
3141
3142
3143
3146
3146
3147
3147
3151
3152
3153
3155
3155
3156
3158
3159
3159
3161
3164
3166
3169
3169
3170
3171
3174
3176
3180
3180
3180
3180
3180
3180
3180
3181
3183
3183
3186
3188
3189
3190
3190
3190
3195
3196
3200
3202
3203
3205
3205
3205
3205
3206
3206
3206
3207
3208
3209
3210
3210
3211
3211
3212
3213
3213
3213
3214
3215
3216
3218
3218
3218
3218
3221
3222
3222
3223
3223
3223
3224
3224
3226
3226
3227
3227
3228
3228
3229
3230
3230
3231
3231
3233
3235
3236
3236
3238
3239
3239
3241
3242
3244
3246
3247
3247
3247
3249
3249
3251
3252
3255
3258
3258
3259
3260
3260
3261
3264
3266
3268
3268
3268
3271
3272
3273
3275
3278
3280
3282
3283
3283
3287
3288
3291
3292
3294
3295
3295
3297
3297
3298
3300
3301
3302
3303
3303
3310
3312
3313
3313
3313
3318
3320
3323
3323
3325
3326
3326
3329
3332
3338
3339
3341
3341
3341
3341
3342
3343
3343
3345
3346
3347
3348
3349
3350
3351
3352
3355
3356
3356
3356
3356
3357
3357
3357
3358
3362
3363
3363
3365
3368
3370
3370
3372
3374
3375
3379
3379
3379
3380
3382
3384
3385
3386
3386
3386
3387
3387
3387
3390
3392
3395
3395
3397
3400
3401
3401
3401
3401
3402
3402
3406
3407
3407
3408
3410
3412
3412
3414
3416
3417
3419
3419
3420
3421
3421
3422
3422
3423
3424
3425
3425
3426
3426
3428
3428
3429
3432
3434
3435
3436
3438
3439
3440
3442
3443
3444
3445
3445
3446
3446
3446
3448
3449
3451
3454
3454
3455
3455
3456
3456
3456
3457
3457
3459
3459
3461
3462
3462
3463
3464
3466
3467
3469
3469
3470
3471
3476
3476
3477
3478
3478
3479
3480
3483
3484
3486
3489
3492
3493
3495
3496
3496
3496
3497
3497
3497
3497
3498
3501
3501
3504
3506
3508
3509
3510
3510
3510
3511
3512
3514
3516
3516
3518
3518
3518
3519
3520
3521
3522
3523
3528
3528
3529
3529
3535
3536
3536
3536
3540
3541
3543
3544
3544
3545
3547
3548
3548
3549
3550
3552
3553
3554
3554
3555
3555
3556
3557
3557
3558
3558
3558
3558
3559
3559
3563
3564
3567
3568
3568
3568
3571
3571
3572
3573
3574
3576
3579
3581
3582
3582
3583
3589
3589
3591
3592
3592
3593
3594
3595
3596
3598
3598
3599
3600
3600
3600
3601
3601
3603
3606
3607
3608
3609
3609
3611
3614
3615
3616
3621
3621
3622
3625
3629
3634
3634
3635
3638
3640
3640
3641
3641
3645
3647
3648
3649
3651
3651
3652
3653
3653
3653
3653
3654
3656
3656
3656
3656
3656
3657
3658
3659
3660
3660
3661
3661
3664
3665
3666
3666
3668
3672
3673
3674
3675
3678
3682
3683
3684
3686
3686
3688
3689
3690
3692
3692
3693
3693
3694
3699
3700
3700
3701
3702
3705
3708
3708
3708
3708
3709
3710
3712
3712
3713
3714
3715
3718
3720
3721
3722
3723
3723
3724
3726
3726
3727
3730
3730
3731
3731
3732
3734
3735
3736
3739
3742
3743
3743
3743
3744
3746
3746
3747
3750
3750
3751
3751
3752
3752
3753
3754
3754
3754
3755
3755
3756
3757
3757
3759
3759
3759
3760
3760
3762
3764
3764
3767
3767
3768
3769
3770
3770
3771
3771
3772
3776
3776
3776
3778
3778
3778
3779
3780
3781
3782
3783
3783
3783
3783
3786
3787
3787
3788
3790
3790
3790
3792
3794
3794
3795
3795
3798
3799
3799
3801
3802
3803
3804
3807
3809
3809
3810
3810
3815
3816
3816
3818
3818
3820
3820
3822
3822
3822
3824
3824
3825
3828
3829
3829
3831
3832
3833
3836
3836
3837
3839
3840
3842
3842
3842
3844
3845
3845
3846
3849
3853
3854
3856
3858
3859
3860
3861
3861
3863
3865
3867
3868
3869
3869
3869
3871
3871
3874
3876
3876
3879
3882
3885
3890
3890
3891
3894
3895
3896
3900
3900
3900
3901
3902
3903
3904
3904
3904
3905
3905
3907
3907
3908
3910
3910
3912
3912
3912
3916
3916
3916
3918
3918
3921
3923
3924
3924
3924
3924
3926
3928
3928
3928
3929
3929
3930
3930
3932
3932
3936
3938
3938
3940
3940
3940
3941
3941
3942
3942
3942
3944
3944
3944
3949
3951
3952
3954
3955
3957
3960
3962
3964
3965
3965
3966
3967
3967
3967
3968
3970
3971
3971
3976
3979
3979
3981
3983
3984
3984
3986
3988
3989
3989
3989
3991
3991
3991
3993
3993
3994
3994
3996
3998
3998
3998
3999
3999
4004
4006
4008
4008
4008
4012
4015
4019
4021
4022
4023
4023
4026
4026
4026
4028
4028
4028
4029
4033
4034
4035
4038
4041
4042
4042
4043
4046
4048
4048
4051
4051
4052
4052
4054
4055
4055
4055
4056
4060
4060
4061
4062
4063
4063
4065
4065
4068
4071
4072
4072
4075
4075
4078
4079
4079
4082
4083
4084
4085
4086
4087
4087
4087
4089
4090
4092
4094
4100
4100
4101
4102
4105
4107
4108
4108
4113
4113
4116
4118
4119
4126
4128
4128
4130
4132
4133
4135
4137
4138
4140
4142
4143
4144
4144
4147
4148
4149
4149
4150
4152
4153
4154
4155
4156
4158
4158
4159
4159
4162
4164
4166
4166
4167
4170
4170
4172
4173
4173
4179
4179
4180
4180
4181
4183
4183
4185
4186
4188
4188
4191
4193
4194
4194
4196
4196
4197
4200
4200
4200
4203
4204
4204
4206
4207
4207
4207
4213
4214
4214
4217
4218
4219
4220
4221
4222
4225
4226
4226
4228
4228
4228
4228
4230
4232
4233
4234
4237
4239
4243
4244
4246
4254
4256
4257
4257
4257
4260
4261
4265
4265
4266
4266
4269
4269
4275
4277
4279
4280
4283
4284
4287
4288
4289
4289
4291
4292
4292
4293
4294
4296
4296
4297
4298
4298
4301
4301
4302
4302
4303
4306
4306
4308
4313
4316
4316
4320
4321
4323
4325
4327
4327
4329
4330
4332
4333
4336
4336
4337
4340
4340
4341
4344
4346
4346
4347
4348
4351
4354
4356
4358
4360
4360
4360
4361
4361
4364
4365
4365
4370
4372
4374
4377
4378
4381
4384
4384
4385
4385
4386
4387
4388
4389
4393
4396
4396
4396
4396
4397
4397
4398
4400
4401
4403
4404
4404
4404
4406
4410
4411
4413
4414
4415
4416
4417
4418
4421
4421
4424
4425
4425
4428
4433
4433
4433
4437
4438
4439
4441
4443
4445
4450
4453
4453
4457
4457
4462
4463
4463
4468
4468
4470
4473
4473
4476
4480
4480
4482
4483
4485
4487
4489
4491
4491
4493
4493
4498
4498
4499
4500
4501
4503
4503
4504
4505
4509
4510
4511
4513
4515
4515
4517
4517
4518
4519
4520
4520
4520
4521
4524
4525
4526
4527
4527
4527
4528
4529
4531
4534
4534
4535
4537
4539
4539
4540
4540
4542
4542
4546
4546
4549
4551
4551
4552
4552
4552
4556
4557
4558
4559
4559
4559
4560
4560
4561
4563
4565
4567
4567
4567
4568
4568
4570
4572
4572
4573
4573
4574
4576
4580
4580
4580
4582
4582
4583
4586
4587
4587
4587
4587
4588
4592
4592
4592
4593
4596
4596
4597
4597
4600
4600
4605
4606
4607
4608
4611
4613
4617
4617
4617
4622
4623
4625
4625
4627
4630
4633
4634
4634
4635
4636
4638
4639
4640
4641
4641
4643
4644
4649
4651
4652
4654
4657
4660
4660
4662
4663
4663
4669
4670
4674
4674
4674
4676
4677
4681
4682
4684
4685
4688
4694
4698
4698
4699
4700
4703
4703
4703
4706
4708
4709
4711
4713
4715
4717
4719
4720
4721
4722
4723
4724
4725
4726
4730
4731
4731
4731
4731
4732
4733
4735
4737
4739
4739
4739
4739
4742
4743
4743
4743
4743
4745
4745
4745
4746
4747
4749
4749
4750
4750
4751
4751
4751
4753
4753
4756
4757
4758
4759
4759
4762
4763
4768
4770
4770
4772
4772
4773
4774
4775
4775
4776
4776
4777
4785
4785
4787
4788
4789
4789
4790
4790
4791
4791
4792
4792
4792
4795
4797
4800
4805
4805
4807
4808
4809
4809
4811
4811
4814
4815
4815
4816
4816
4818
4820
4820
4821
4823
4823
4823
4823
4824
4824
4827
4828
4828
4828
4829
4830
4832
4833
4833
4834
4835
4836
4837
4839
4843
4844
4844
4846
4846
4846
4848
4852
4858
4860
4863
4864
4865
4866
4867
4869
4869
4869
4870
4871
4877
4877
4878
4880
4881
4881
4883
4883
4883
4885
4885
4885
4886
4888
4892
4894
4894
4894
4897
4902
4903
4904
4904
4904
4907
4908
4908
4908
4909
4909
4909
4910
4912
4915
4916
4916
4918
4918
4920
4921
4922
4923
4924
4927
4928
4929
4930
4931
4932
4932
4933
4933
4935
4937
4938
4939
4940
4944
4947
4950
4954
4955
4955
4955
4956
4959
4962
4963
4965
4968
4969
4972
4974
4975
4975
4976
4978
4980
4980
4981
4983
4984
4986
4987
4987
4991
4992
4993
4994
4994
4995
4995
4996
4996
4997
5000
5001
5003
5004
5004
5007
5009
5010
5014
5015
5016
5016
5016
5018
5020
5022
5024
5025
5025
5027
5029
5029
5031
5034
5038
5038
5041
5041
5041
5043
5043
5043
5045
5048
5048
5048
5048
5050
5051
5052
5052
5053
5053
5054
5056
5057
5057
5057
5060
5062
5063
5063
5063
5063
5064
5065
5067
5070
5070
5070
5072
5073
5074
5074
5074
5074
5075
5078
5078
5079
5081
5083
5084
5087
5089
5090
5092
5096
5097
5099
5099
5102
5103
5105
5105
5106
5108
5108
5108
5109
5111
5116
5118
5119
5120
5121
5124
5126
5128
5129
5130
5131
5131
5134
5138
5140
5144
5145
5146
5150
5152
5152
5153
5153
5158
5158
5159
5160
5160
5161
5161
5163
5163
5164
5166
5166
5166
5169
5169
5170
5172
5175
5175
5175
5176
5176
5178
5180
5182
5183
5185
5185
5186
5189
5190
5191
5193
5195
5200
5202
5203
5203
5207
5207
5210
5210
5213
5214
5214
5216
5219
5219
5220
5223
5224
5224
5234
5235
5235
5238
5239
5240
5242
5243
5243
5245
5250
5250
5256
5258
5265
5267
5269
5270
5273
5276
5276
5278
5278
5278
5279
5283
5283
5288
5290
5292
5293
5295
5298
5299
5300
5302
5306
5307
5308
5310
5310
5314
5315
5315
5316
5317
5323
5328
5335
5335
5339
5340
5340
5342
5342
5342
5343
5344
5345
5345
5346
5347
5347
5348
5348
5351
5352
5358
5361
5365
5369
5370
5372
5373
5375
5378
5379
5379
5380
5380
5380
5381
5383
5384
5384
5389
5390
5392
5392
5392
5394
5394
5394
5394
5395
5396
5400
5401
5401
5402
5404
5405
5408
5412
5412
5413
5414
5415
5417
5419
5421
5424
5425
5427
5430
5431
5431
5433
5433
5434
5438
5440
5444
5445
5445
5445
5446
5449
5450
5451
5452
5455
5461
5464
5464
5467
5468
5470
5470
5471
5471
5474
5478
5478
5481
5482
5482
5485
5494
5496
5497
5498
5501
5503
5506
5507
5510
5515
5517
5517
5518
5518
5519
5522
5525
5527
5530
5532
5534
5534
5534
5537
5537
5539
5542
5544
5544
5545
5546
5548
5550
5550
5553
5553
5556
5559
5559
5560
5562
5562
5564
5565
5568
5568
5570
5573
5574
5577
5580
5581
5584
5584
5585
5585
5587
5588
5589
5590
5591
5596
5598
5598
5600
5601
5603
5603
5604
5607
5607
5609
5613
5614
5614
5618
5619
5619
5620
5620
5621
5623
5626
5631
5632
5633
5634
5640
5643
5643
5648
5648
5649
5650
5653
5653
5653
5657
5659
5660
5661
5662
5668
5668
5669
5671
5672
5673
5673
5674
5674
5676
5678
5680
5680
5681
5681
5682
5684
5684
5685
5685
5685
5686
5687
5689
5690
5691
5692
5694
5697
5699
5699
5701
5706
5708
5709
5711
5711
5711
5712
5713
5715
5717
5717
5718
5719
5719
5720
5722
5724
5725
5726
5726
5728
5728
5731
5731
5733
5734
5735
5736
5737
5738
5738
5739
5739
5740
5741
5741
5741
5742
5745
5746
5747
5747
5747
5747
5748
5749
5749
5751
5754
5754
5755
5757
5759
5760
5761
5763
5763
5765
5766
5767
5768
5768
5768
5770
5773
5773
5776
5778
5779
5781
5784
5785
5787
5790
5790
5792
5792
5793
5794
5796
5797
5797
5798
5798
5802
5803
5803
5804
5805
5809
5813
5816
5816
5819
5820
5820
5821
5821
5824
5825
5826
5827
5831
5831
5834
5837
5839
5839
5841
5845
5846
5847
5848
5850
5851
5852
5853
5854
5856
5857
5857
5858
5859
5861
5863
5864
5866
5869
5872
5872
5872
5873
5873
5876
5880
5882
5884
5887
5888
5888
5888
5889
5890
5892
5893
5896
5898
5900
5900
5901
5901
5905
5905
5906
5907
5910
5911
5914
5916
5921
5923
5926
5928
5932
5938
5940
5941
5944
5945
5945
5945
5946
5946
5948
5948
5950
5952
5952
5952
5955
5955
5958
5960
5962
5963
5965
5969
5973
5975
5975
5975
5978
5980
5981
5981
5983
5985
5986
5986
5986
5987
5988
5988
5988
5991
5995
5996
5999
6001
6003
6003
6004
6006
6007
6009
6014
6017
6017
6023
6023
6023
6023
6024
6026
6027
6028
6030
6031
6031
6034
6034
6036
6037
6037
6038
6039
6041
6043
6045
6047
6048
6049
6050
6051
6051
6053
6053
6054
6056
6057
6059
6059
6059
6060
6061
6064
6064
6066
6067
6071
6073
6074
6075
6075
6078
6079
6079
6081
6081
6082
6083
6085
6087
6089
6093
6093
6096
6097
6098
6102
6104
6104
6104
6104
6105
6105
6105
6108
6109
6109
6111
6111
6111
6114
6115
6115
6115
6116
6116
6116
6119
6120
6125
6125
6126
6126
6126
6129
6132
6132
6134
6136
6137
6139
6140
6141
6141
6143
6144
6144
6147
6151
6152
6156
6157
6158
6161
6164
6166
6166
6167
6167
6171
6173
6176
6177
6178
6181
6182
6183
6184
6186
6187
6189
6190
6196
6198
6199
6202
6202
6205
6205
6206
6207
6209
6210
6210
6212
6213
6213
6215
6216
6218
6218
6218
6226
6227
6227
6229
6230
6232
6232
6233
6233
6236
6238
6241
6243
6245
6246
6246
6246
6248
6251
6251
6253
6255
6256
6259
6259
6260
6262
6262
6264
6264
6264
6267
6267
6268
6270
6273
6276
6277
6278
6279
6280
6282
6285
6286
6286
6287
6288
6289
6289
6290
6291
6292
6292
6292
6292
6293
6293
6298
6299
6302
6307
6308
6308
6309
6311
6315
6316
6316
6317
6322
6322
6325
6328
6331
6333
6335
6335
6336
6339
6342
6344
6344
6345
6346
6350
6352
6356
6356
6357
6358
6359
6359
6359
6360
6360
6362
6365
6368
6370
6373
6374
6380
6380
6381
6382
6384
6385
6388
6389
6391
6396
6396
6402
6402
6403
6403
6403
6404
6406
6407
6409
6412
6413
6413
6413
6414
6418
6419
6420
6421
6421
6423
6424
6424
6429
6429
6431
6432
6433
6435
6437
6439
6440
6444
6446
6447
6448
6449
6449
6452
6455
6456
6456
6457
6457
6458
6460
6460
6465
6468
6469
6472
6473
6474
6474
6476
6479
6479
6486
6487
6488
6488
6490
6490
6491
6491
6493
6494
6496
6497
6498
6499
6499
6500
6501
6501
6501
6505
6506
6509
6511
6512
6513
6517
6518
6518
6521
6522
6522
6527
6527
6529
6529
6534
6534
6534
6536
6537
6539
6540
6541
6542
6542
6542
6543
6543
6549
6550
6552
6552
6553
6556
6557
6557
6561
6563
6563
6566
6566
6566
6567
6569
6569
6569
6569
6569
6570
6571
6571
6572
6573
6574
6575
6577
6578
6578
6578
6579
6579
6579
6583
6588
6591
6592
6595
6597
6598
6600
6601
6602
6602
6602
6603
6603
6612
6616
6616
6617
6619
6625
6628
6629
6633
6638
6639
6641
6643
6644
6645
6645
6647
6650
6650
6651
6651
6653
6658
6659
6661
6662
6665
6671
6671
6671
6673
6674
6675
6677
6680
6680
6683
6687
6689
6689
6690
6690
6692
6693
6697
6700
6705
6710
6710
6710
6712
6717
6718
6724
6724
6724
6727
6731
6732
6734
6735
6736
6737
6740
6741
6745
6747
6747
6747
6750
6750
6752
6753
6755
6756
6759
6760
6761
6762
6763
6763
6763
6764
6764
6769
6770
6775
6776
6776
6776
6779
6779
6780
6782
6791
6791
6794
6795
6797
6798
6800
6801
6801
6803
6804
6805
6806
6808
6808
6810
6810
6813
6815
6817
6817
6818
6819
6820
6820
6822
6824
6825
6826
6826
6827
6829
6831
6832
6838
6842
6845
6847
6847
6848
6850
6851
6852
6854
6854
6858
6862
6862
6865
6866
6868
6870
6870
6874
6877
6879
6883
6884
6885
6886
6889
6892
6896
6897
6898
6903
6908
6909
6910
6915
6917
6923
6925
6929
6929
6934
6935
6942
6942
6943
6943
6944
6945
6949
6950
6950
6952
6953
6953
6954
6955
6958
6958
6960
6964
6964
6964
6967
6969
6972
6974
6974
6979
6979
6981
6982
6984
6986
6987
6987
6990
6991
6991
6994
6999
6999
7001
7002
7003
7004
7004
7005
7007
7009
7013
7013
7013
7014
7016
7018
7019
7020
7020
7023
7023
7025
7025
7028
7028
7029
7030
7033
7035
7037
7037
7038
7045
7046
7048
7050
7052
7052
7054
7054
7054
7056
7059
7061
7062
7063
7064
7067
7067
7068
7070
7070
7076
7078
7080
7082
7082
7085
7088
7089
7089
7092
7093
7093
7095
7096
7097
7098
7098
7099
7099
7101
7105
7109
7115
7115
7118
7120
7123
7124
7124
7124
7130
7131
7133
7134
7138
7139
7140
7140
7140
7145
7146
7147
7148
7148
7152
7152
7153
7154
7154
7156
7157
7159
7162
7162
7164
7165
7165
7166
7167
7169
7171
7171
7173
7173
7175
7176
7177
7183
7183
7184
7184
7185
7185
7189
7192
7194
7194
7194
7196
7197
7198
7198
7199
7203
7206
7208
7209
7209
7210
7213
7215
7217
7218
7221
7223
7224
7224
7229
7230
7230
7231
7232
7235
7236
7241
7243
7245
7249
7249
7251
7251
7254
7257
7257
7259
7261
7261
7262
7265
7269
7272
7273
7274
7275
7277
7278
7280
7282
7284
7287
7287
7287
7289
7293
7293
7294
7296
7298
7298
7301
7302
7308
7308
7311
7312
7318
7318
7319
7322
7322
7324
7328
7330
7333
7337
7339
7342
7345
7348
7350
7351
7351
7353
7354
7355
7356
7357
7357
7358
7358
7360
7360
7361
7361
7363
7366
7366
7367
7368
7368
7369
7370
7371
7371
7372
7372
7372
7372
7374
7376
7376
7376
7377
7378
7379
7381
7382
7384
7387
7390
7393
7396
7398
7398
7398
7399
7400
7402
7403
7409
7410
7413
7414
7415
7419
7420
7422
7424
7427
7427
7430
7431
7433
7437
7438
7441
7443
7443
7445
7446
7448
7449
7449
7449
7451
7452
7454
7454
7455
7457
7457
7460
7462
7464
7464
7464
7466
7466
7468
7470
7472
7473
7476
7476
7478
7478
7482
7484
7486
7488
7489
7489
7491
7493
7495
7495
7498
7501
7501
7503
7504
7505
7508
7508
7509
7510
7512
7514
7516
7516
7516
7521
7523
7525
7528
7529
7530
7531
7531
7532
7537
7538
7540
7540
7542
7545
7545
7546
7547
7547
7548
7549
7550
7551
7552
7552
7554
7556
7559
7560
7563
7563
7566
7568
7568
7570
7571
7572
7573
7574
7574
7574
7576
7581
7582
7583
7584
7587
7588
7592
7597
7597
7601
7601
7602
7605
7609
7609
7609
7616
7618
7620
7621
7622
7622
7622
7624
7627
7627
7628
7628
7630
7631
7632
7633
7633
7635
7637
7638
7640
7642
7645
7647
7649
7649
7651
7652
7653
7655
7656
7656
7661
7662
7665
7666
7667
7668
7670
7670
7671
7673
7674
7674
7675
7678
7679
7679
7681
7683
7687
7688
7689
7691
7693
7693
7694
7694
7695
7697
7698
7703
7707
7709
7712
7713
7713
7713
7713
7716
7718
7720
7722
7724
7725
7725
7727
7728
7728
7730
7730
7733
7733
7733
7735
7736
7737
7738
7738
7739
7740
7742
7743
7744
7747
7747
7749
7750
7753
7755
7758
7760
7762
7763
7765
7767
7768
7769
7770
7771
7776
7777
7779
7780
7782
7786
7786
7787
7789
7790
7791
7791
7792
7792
7792
7794
7794
7795
7799
7801
7804
7807
7809
7810
7812
7814
7816
7817
7819
7820
7820
7821
7821
7821
7825
7825
7825
7826
7826
7827
7829
7833
7833
7835
7835
7837
7838
7840
7840
7841
7842
7844
7849
7849
7850
7850
7852
7854
7854
7857
7864
7864
7868
7868
7870
7873
7876
7877
7880
7881
7882
7882
7883
7886
7889
7893
7894
7894
7895
7895
7896
7897
7897
7899
7905
7911
7911
7912
7913
7915
7918
7920
7921
7925
7925
7927
7930
7932
7932
7933
7934
7934
7936
7937
7937
7937
7940
7941
7942
7943
7944
7944
7944
7946
7947
7948
7948
7948
7949
7950
7953
7956
7958
7963
7963
7964
7964
7966
7967
7970
7971
7972
7975
7976
7979
7979
7982
7982
7983
7983
7984
7984
7988
7990
7996
7998
8000
8004
8007
8009
8009
8011
8011
8011
8014
8014
8018
8020
8022
8022
8022
8023
8023
8023
8032
8032
8033
8033
8036
8037
8039
8043
8043
8046
8049
8050
8050
8052
8053
8055
8056
8057
8060
8061
8063
8064
8064
8065
8065
8066
8068
8068
8072
8075
8076
8076
8080
8083
8083
8086
8087
8087
8088
8092
8092
8093
8093
8093
8094
8096
8098
8101
8101
8102
8102
8106
8106
8107
8111
8112
8116
8118
8118
8118
8120
8122
8129
8131
8132
8133
8133
8134
8136
8137
8138
8138
8140
8142
8143
8143
8144
8144
8148
8149
8154
8157
8157
8158
8164
8165
8166
8173
8174
8175
8176
8177
8178
8179
8182
8183
8186
8188
8189
8191
8192
8194
8195
8196
8197
8197
8200
8203
8204
8205
8206
8208
8208
8209
8210
8213
8214
8215
8215
8217
8217
8221
8223
8224
8225
8228
8229
8232
8232
8233
8240
8242
8244
8248
8249
8250
8252
8253
8255
8256
8257
8257
8260
8260
8263
8263
8267
8267
8268
8270
8271
8271
8275
8277
8277
8278
8278
8280
8281
8283
8283
8285
8286
8286
8287
8287
8289
8290
8293
8293
8295
8296
8297
8302
8303
8307
8308
8309
8311
8312
8314
8314
8314
8315
8316
8318
8318
8322
8325
8326
8329
8330
8331
8332
8333
8337
8341
8342
8342
8344
8346
8348
8351
8354
8354
8355
8355
8356
8356
8358
8364
8364
8367
8368
8368
8369
8370
8371
8372
8375
8376
8378
8379
8380
8382
8382
8383
8384
8385
8387
8387
8389
8393
8394
8395
8395
8396
8398
8399
8399
8402
8402
8402
8404
8405
8406
8409
8409
8409
8413
8415
8421
8423
8429
8431
8431
8437
8439
8439
8442
8442
8444
8446
8447
8450
8452
8454
8454
8456
8457
8459
8461
8462
8463
8465
8466
8467
8468
8469
8470
8473
8473
8473
8475
8479
8480
8480
8481
8487
8487
8489
8491
8492
8494
8494
8496
8497
8499
8502
8503
8506
8506
8506
8511
8516
8516
8518
8519
8521
8521
8521
8523
8525
8526
8529
8535
8537
8538
8538
8539
8543
8543
8545
8545
8548
8549
8552
8553
8555
8555
8557
8559
8561
8561
8562
8563
8566
8567
8567
8569
8570
8573
8575
8576
8580
8585
8586
8589
8590
8590
8592
8592
8594
8596
8600
8600
8601
8606
8607
8607
8608
8609
8609
8611
8612
8616
8617
8619
8622
8625
8625
8626
8633
8636
8636
8636
8638
8641
8647
8647
8649
8652
8656
8656
8656
8664
8667
8667
8667
8667
8670
8673
8676
8679
8681
8684
8685
8686
8688
8690
8691
8695
8699
8699
8701
8703
8706
8708
8708
8708
8711
8711
8718
8718
8719
8722
8722
8726
8726
8727
8729
8733
8734
8739
8742
8745
8748
8749
8752
8756
8757
8759
8762
8766
8768
8769
8769
8770
8772
8776
8777
8779
8779
8780
8781
8782
8783
8785
8786
8789
8790
8793
8794
8798
8798
8800
8800
8802
8807
8810
8812
8813
8815
8821
8824
8825
8825
8826
8827
8829
8831
8831
8835
8839
8845
8848
8849
8851
8853
8854
8855
8860
8864
8865
8866
8869
8873
8874
8879
8882
8883
8883
8883
8885
8885
8888
8888
8890
8892
8892
8894
8897
8897
8898
8899
8904
8904
8907
8909
8911
8913
8914
8917
8918
8918
8919
8920
8921
8922
8922
8926
8927
8929
8929
8929
8931
8933
8934
8935
8936
8939
8943
8943
8948
8950
8951
8951
8952
8955
8958
8960
8960
8962
8965
8966
8966
8969
8970
8972
8974
8974
8974
8976
8981
8982
8985
8987
8991
8992
8994
8994
9000
9002
9004
9005
9006
9008
9009
9010
9012
9013
9014
9016
9018
9023
9026
9027
9030
9031
9036
9037
9042
9045
9046
9051
9053
9053
9055
9056
9060
9061
9062
9062
9067
9067
9071
9074
9076
9077
9080
9082
9083
9085
9086
9086
9091
9092
9093
9093
9095
9100
9101
9107
9109
9113
9113
9116
9119
9119
9122
9126
9127
9128
9131
9131
9133
9135
9137
9140
9141
9142
9144
9146
9148
9149
9151
9152
9152
9155
9156
9160
9160
9163
9166
9166
9167
9167
9167
9168
9171
9172
9172
9174
9176
9177
9179
9179
9179
9182
9183
9186
9189
9189
9193
9196
9199
9199
9201
9205
9206
9207
9211
9212
9213
9214
9215
9216
9218
9220
9220
9226
9228
9232
9232
9234
9236
9237
9239
9242
9243
9244
9244
9249
9250
9254
9255
9257
9258
9259
9262
9264
9265
9265
9266
9269
9273
9278
9278
9279
9283
9286
9290
9291
9292
9293
9293
9294
9294
9296
9298
9299
9299
9300
9302
9303
9304
9304
9307
9308
9308
9308
9310
9312
9315
9318
9320
9323
9328
9330
9330
9331
9332
9332
9337
9341
9344
9347
9350
9352
9352
9353
9353
9358
9363
9363
9363
9365
9366
9367
9369
9370
9371
9376
9376
9377
9378
9383
9384
9387
9388
9389
9391
9392
9392
9392
9392
9393
9397
9397
9398
9404
9405
9407
9410
9411
9412
9414
9414
9415
9416
9418
9420
9423
9425
9428
9432
9433
9435
9436
9436
9437
9438
9441
9442
9443
9446
9449
9450
9452
9456
9458
9458
9458
9459
9459
9460
9460
9461
9462
9462
9465
9465
9467
9468
9470
9473
9475
9476
9482
9486
9488
9494
9496
9500
9506
9507
9508
9508
9512
9512
9515
9517
9519
9520
9521
9523
9525
9526
9526
9529
9532
9533
9534
9536
9538
9539
9540
9541
9543
9543
9545
9547
9549
9550
9553
9553
9554
9555
9556
9557
9558
9561
9563
9564
9567
9568
9570
9574
9581
9583
9584
9591
9593
9593
9594
9599
9599
9601
9602
9604
9608
9609
9610
9613
9615
9619
9621
9623
9625
9626
9629
9631
9631
9633
9635
9640
9644
9649
9652
9654
9657
9661
9661
9663
9665
9670
9671
9673
9674
9677
9678
9678
9679
9681
9683
9685
9686
9688
9690
9692
9693
9694
9695
9698
9703
9704
9706
9709
9713
9714
9715
9716
9718
9720
9720
9721
9722
9723
9727
9727
9729
9733
9740
9740
9745
9751
9755
9757
9760
9764
9766
9768
9769
9771
9771
9774
9780
9783
9784
9786
9789
9790
9791
9792
9794
9794
9799
9802
9805
9806
9808
9809
9810
9813
9815
9816
9816
9819
9821
9827
9833
9839
9843
9844
9849
9851
9851
9855
9857
9858
9860
9862
9864
9865
9875
9876
9879
9882
9885
9887
9887
9887
9888
9895
9897
9899
9900
9902
9903
9904
9906
9909
9911
9914
9917
9918
9920
9923
9930
9931
9931
9933
9934
9935
9935
9937
9937
9938
9939
9942
9943
9946
9946
9948
9950
9950
9951
9951
9952
9954
9955
9956
9958
9959
9960
9960
9963
9963
9964
9965
9967
9972
9972
9975
9977
9980
9980
9982
9982
9984
9986
9993
9995
9996
9996
9998
9999
10003
10006
10008
10009
10013
10016
10020
10023
10023
10029
10032
10032
10035
10037
10038
10039
10039
10042
10042
10043
10046
10050
10051
10053
10054
10059
10063
10068
10068
10071
10074
10074
10077
10080
10082
10085
10086
10087
10087
10088
10090
10093
10097
10102
10103
10105
10107
10111
10115
10117
10121
10123
10126
10128
10133
10135
10138
10138
10139
10139
10145
10146
10150
10153
10157
10158
10163
10165
10167
10169
10173
10174
10178
10184
10187
10189
10191
10196
10198
10200
10202
10204
10207
10210
10211
10213
10215
10215
10218
10221
10226
10228
10230
10234
10235
10235
10236
10238
10240
10241
10243
10246
10246
10247
10247
10252
10254
10255
10261
10263
10264
10265
10268
10271
10273
10274
10277
10278
10279
10280
10280
10280
10283
10284
10287
10287
10288
10289
10290
10295
10297
10301
10303
10304
10309
10316
10317
10318
10319
10322
10324
10325
10327
10330
10334
10336
10340
10343
10343
10345
10345
10346
10348
10350
10350
10354
10354
10355
10355
10355
10360
10365
10369
10375
10377
10379
10380
10383
10385
10386
10389
10389
10391
10391
10393
10394
10397
10398
10400
10402
10406
10407
10407
10409
10411
10412
10412
10416
10418
10426
10427
10431
10431
10432
10434
10437
10438
10440
10444
10447
10451
10455
10455
10456
10457
10461
10463
10464
10464
10466
10467
10469
10469
10474
10476
10479
10482
10483
10484
10486
10491
10491
10494
10495
10498
10502
10504
10505
10506
10507
10510
10512
10514
10519
10520
10522
10523
10524
10525
10527
10527
10530
10531
10532
10535
10536
10542
10547
10548
10550
10553
10557
10559
10561
10564
10566
10568
10569
10570
10572
10575
10577
10579
10581
10581
10584
10585
10585
10589
10589
10596
10597
10601
10602
10605
10607
10609
10612
10617
10622
10625
10627
10629
10630
10632
10633
10637
10638
10639
10642
10644
10644
10645
10645
10647
10649
10649
10654
10655
10656
10658
10659
10662
10665
10668
10668
10668
10668
10670
10673
10674
10675
10677
10679
10684
10685
10688
10689
10692
10694
10697
10699
10699
10701
10703
10704
10705
10705
10708
10712
10712
10714
10716
10721
10721
10728
10730
10732
10734
10738
10739
10739
10741
10742
10742
10743
10745
10746
10746
10747
10752
10752
10754
10755
10757
10764
10766
10767
10768
10768
10769
10770
10774
10776
10777
10778
10781
10781
10781
10783
10785
10786
10787
10791
10797
10797
10803
10804
10805
10808
10809
10810
10812
10815
10815
10817
10821
10823
10826
10832
10835
10837
10839
10840
10840
10841
10841
10848
10849
10849
10851
10854
10855
10856
10857
10860
10861
10864
10866
10866
10866
10867
10868
10869
10869
10870
10873
10873
10873
10875
10876
10877
10879
10879
10881
10884
10884
10889
10889
10889
10890
10890
10890
10890
10894
10894
10896
10901
10903
10904
10907
10910
10910
10912
10912
10913
10914
10914
10915
10915
10917
10920
10920
10923
10926
10927
10927
10929
10929
10933
10933
10934
10936
10938
10940
10942
10943
10944
10944
10945
10946
10947
10949
10952
10954
10956
10961
10962
10963
10963
10964
10966
10969
10969
10969
10970
10972
10972
10972
10979
10986
10987
10988
10990
10992
10994
10994
10998
10998
11002
11005
11005
11005
11006
11006
11006
11006
11010
11014
11015
11015
11016
11016
11017
11019
11019
11021
11022
11022
11024
11026
11026
11028
11028
11033
11034
11037
11038
11040
11042
11042
11043
11045
11046
11050
11050
11055
11056
11056
11059
11060
11060
11060
11061
11061
11062
11062
11066
11067
11069
11069
11069
11071
11071
11072
11072
11074
11077
11078
11079
11079
11080
11080
11080
11080
11081
11082
11082
11082
11084
11087
11088
11092
11092
11097
11098
11100
11101
11102
11105
11106
11112
11115
11118
11120
11121
11122
11122
11123
11124
11126
11128
11128
11128
11129
11132
11134
11135
11136
11139
11142
11142
11144
11145
11147
11148
11148
11151
11154
11154
11155
11157
11158
11158
11160
11161
11163
11168
11168
11169
11172
11175
11176
11179
11181
11183
11185
11185
11187
11187
11188
11192
11193
11195
11195
11195
11196
11199
11199
11199
11200
11203
11205
11208
11209
11210
11211
11211
11212
11212
11215
11216
11219
11220
11221
11227
11228
11229
11230
11231
11232
11236
11238
11240
11240
11245
11245
11245
11246
11247
11250
11250
11253
11256
11258
11260
11262
11263
11264
11265
11266
11267
11269
11270
11271
11273
11274
11276
11278
11279
11284
11286
11288
11289
11289
11290
11291
11293
11299
11299
11302
11303
11304
11306
11307
11309
11312
11314
11315
11318
11320
11320
11322
11325
11326
11329
11332
11334
11337
11338
11338
11345
11347
11350
11351
11360
11360
11360
11363
11363
11363
11365
11366
11368
11368
11369
11370
11372
11373
11373
11375
11376
11382
11386
11388
11389
11390
11392
11394
11396
11400
11401
11402
11404
11405
11409
11410
11412
11415
11419
11423
11423
11431
11433
11437
11439
11440
11441
11444
11447
11450
11451
11457
11457
11460
11463
11465
11465
11467
11471
11471
11471
11472
11475
11476
11477
11479
11483
11487
11488
11490
11493
11496
11497
11499
11503
11508
11509
11510
11512
11513
11514
11514
11516
11517
11521
11522
11523
11524
11527
11528
11530
11532
11532
11533
11536
11537
11538
11539
11540
11541
11542
11542
11542
11543
11543
11543
11546
11549
11553
11554
11557
11560
11561
11561
11564
11565
11567
11568
11569
11570
11570
11571
11572
11576
11576
11577
11577
11584
11586
11588
11592
11593
11597
11602
11603
11603
11607
11612
11614
11615
11616
11617
11619
11619
11620
11622
11623
11624
11624
11626
11631
11632
11633
11634
11638
11639
11641
11642
11642
11643
11644
11648
11648
11648
11652
11656
11658
11659
11661
11666
11666
11667
11667
11671
11671
11673
11673
11678
11678
11679
11679
11682
11683
11683
11685
11687
11687
11691
11693
11693
11695
11696
11698
11699
11699
11702
11702
11705
11707
11708
11709
11710
11713
11716
11720
11723
11723
11723
11724
11726
11728
11732
11734
11739
11739
11740
11743
11746
11750
11750
11750
11751
11752
11753
11754
11757
11758
11761
11763
11766
11770
11773
11777
11778
11780
11780
11782
11783
11784
11784
11785
11789
11791
11792
11795
11796
11800
11803
11805
11806
11807
11811
11812
11813
11816
11824
11827
11827
11831
11832
11832
11833
11834
11835
11838
11839
11843
11844
11849
11852
11854
11854
11855
11855
11858
11860
11864
11865
11866
11868
11869
11871
11872
11874
11877
11879
11881
11881
11882
11883
11884
11885
11886
11887
11887
11887
11889
11889
11890
11892
11897
11899
11901
11903
11904
11905
11906
11907
11909
11911
11913
11915
11916
11918
11922
11926
11932
11935
11935
11936
11937
11938
11939
11940
11944
11946
11948
11949
11949
11952
11959
11959
11960
11961
11963
11963
11964
11964
11967
11967
11969
11969
11970
11970
11971
11972
11973
11974
11978
11980
11985
11985
11989
11992
11994
11994
11994
12002
12003
12005
12005
12007
12007
12011
12013
12018
12019
12020
12022
12022
12023
12023
12024
12025
12027
12029
12030
12031
12034
12036
12036
12040
12040
12041
12045
12045
12045
12046
12051
12054
12056
12058
12059
12059
12060
12061
12063
12064
12065
12067
12068
12070
12070
12071
12073
12075
12081
12087
12089
12092
12096
12101
12104
12110
12112
12114
12115
12116
12119
12119
12129
12129
12132
12132
12133
12135
12141
12141
12142
12144
12145
12146
12147
12150
12153
12153
12155
12155
12159
12160
12162
12162
12164
12165
12167
12169
12171
12175
12177
12177
12181
12185
12187
12189
12189
12190
12191
12195
12200
12202
12204
12207
12208
12214
12218
12218
12221
12221
12222
12225
12225
12226
12228
12229
12230
12233
12234
12235
12236
12237
12241
12242
12245
12246
12247
12247
12249
12253
12253
12255
12257
12258
12259
12261
12263
12268
12269
12271
12273
12275
12276
12277
12281
12281
12283
12285
12286
12286
12286
12286
12286
12290
12293
12295
12299
12300
12300
12303
12307
12308
12308
12310
12312
12316
12322
12326
12326
12329
12332
12333
12334
12336
12338
12339
12342
12343
12346
12347
12352
12358
12359
12364
12367
12369
12371
12371
12375
12379
12381
12382
12382
12385
12385
12387
12389
12391
12393
12395
12395
12397
12400
12401
12404
12404
12410
12411
12414
12414
12416
12418
12420
12423
12425
12427
12431
12434
12434
12435
12436
12437
12437
12437
12438
12441
12445
12447
12449
12450
12451
12453
12456
12459
12460
12460
12461
12463
12466
12470
12473
12473
12474
12477
12479
12480
12483
12486
12486
12488
12490
12492
12494
12496
12498
12499
12502
12506
12509
12511
12512
12517
12518
12520
12521
12521
12522
12523
12526
12527
12528
12529
12532
12532
12538
12540
12544
12547
12548
12549
12551
12553
12555
12556
12556
12556
12558
12560
12564
12567
12569
12574
12576
12579
12582
12583
12587
12590
12592
12593
12593
12594
12594
12595
12597
12599
12601
12606
12606
12610
12613
12613
12614
12614
12615
12617
12626
12629
12631
12633
12634
12636
12640
12642
12643
12647
12649
12652
12652
12653
12657
12660
12666
12666
12669
12674
12675
12678
12679
12680
12680
12681
12683
12683
12686
12686
12687
12689
12694
12695
12695
12695
12696
12697
12700
12701
12703
12707
12710
12715
12715
12717
12717
12720
12721
12722
12725
12726
12728
12733
12735
12736
12737
12739
12741
12743
12746
12749
12750
12754
12755
12756
12756
12757
12757
12759
12761
12763
12766
12768
12769
12771
12772
12773
12775
12776
12777
12779
12780
12781
12783
12784
12785
12786
12789
12791
12792
12793
12794
12796
12800
12801
12801
12802
12807
12807
12809
12810
12810
12813
12814
12814
12817
12818
12820
12821
12825
12828
12829
12829
12837
12838
12842
12844
12845
12847
12851
12852
12854
12856
12857
12858
12860
12861
12861
12863
12865
12867
12872
12872
12872
12873
12873
12879
12884
12885
12890
12893
12898
12900
12901
12902
12902
12902
12905
12906
12908
12911
12912
12912
12914
12915
12916
12918
12920
12926
12929
12931
12933
12934
12939
12940
12945
12947
12951
12953
12955
12960
12962
12965
12966
12969
12970
12972
12976
12978
12985
12987
12988
12990
12990
12997
12998
13001
13003
13003
13004
13005
13007
13008
13009
13013
13018
13019
13019
13020
13022
13022
13024
13027
13027
13027
13029
13029
13036
13036
13038
13040
13040
13042
13043
13047
13052
13052
13054
13058
13059
13059
13065
13067
13069
13073
13074
13076
13078
13078
13079
13080
13081
13082
13084
13090
13092
13095
13100
13103
13104
13106
13108
13111
13112
13116
13122
13126
13128
13129
13131
13136
13136
13139
13143
13147
13147
13151
13152
13153
13155
13156
13157
13158
13160
13160
13161
13162
13162
13164
13165
13168
13173
13174
13179
13182
13184
13188
13192
13195
13198
13199
13200
13201
13203
13205
13209
13212
13219
13226
13227
13232
13232
13241
13242
13242
13243
13244
13245
13246
13248
13255
13255
13258
13260
13261
13265
13265
13266
13267
13268
13269
13270
13271
13271
13274
13276
13278
13279
13279
13280
13282
13288
13289
13292
13294
13294
13294
13295
13296
13297
13298
13301
13304
13305
13306
13309
13315
13316
13317
13319
13323
13323
13330
13331
13332
13333
13334
13336
13337
13341
13342
13345
13346
13346
13349
13352
13359
13363
13367
13368
13369
13369
13371
13375
13377
13377
13378
13379
13380
13380
13381
13383
13387
13388
13389
13392
13393
13393
13396
13396
13396
13400
13401
13402
13403
13404
13407
13409
13412
13412
13414
13415
13416
13418
13419
13419
13422
13429
13429
13430
13431
13432
13433
13434
13435
13438
13441
13444
13446
13446
13448
13448
13450
13451
13451
13453
13454
13454
13456
13456
13461
13463
13465
13467
13474
13475
13476
13477
13478
13480
13483
13485
13485
13488
13490
13492
13499
13501
13504
13508
13510
13512
13517
13519
13522
13525
13528
13529
13533
13546
13548
13549
13550
13551
13555
13559
13560
13562
13562
13562
13567
13568
13571
13574
13575
13576
13583
13586
13586
13588
13591
13593
13595
13597
13598
13599
13601
13601
13603
13605
13608
13609
13610
13611
13615
13615
13616
13620
13621
13622
13626
13631
13632
13637
13639
13639
13644
13649
13649
13651
13652
13654
13654
13658
13660
13662
13662
13663
13666
13667
13668
13670
13672
13676
13678
13678
13681
13681
13682
13687
13688
13688
13690
13691
13695
13699
13703
13705
13711
13714
13717
13719
13724
13728
13733
13736
13740
13741
13741
13741
13742
13748
13751
13752
13754
13755
13756
13759
13760
13777
13778
13778
13778
13779
13780
13781
13782
13783
13785
13787
13789
13791
13793
13794
13794
13795
13797
13801
13803
13804
13807
13811
13816
13816
13816
13821
13822
13824
13825
13826
13829
13832
13838
13840
13844
13847
13851
13852
13852
13854
13857
13861
13863
13864
13865
13865
13871
13873
13875
13878
13878
13881
13886
13887
13887
13891
13893
13894
13894
13896
13899
13910
13911
13913
13915
13917
13919
13920
13924
13929
13931
13940
13944
13945
13948
13958
13962
13964
13965
13966
13971
13973
13973
13976
13977
13985
13985
13985
13988
13990
13995
13998
14000
14000
14001
14005
14005
14008
14011
14012
14014
14017
14019
14022
14024
14030
14032
14032
14036
14039
14045
14046
14049
14053
14053
14054
14056
14056
14060
14062
14068
14070
14072
14073
14076
14076
14078
14080
14082
14086
14088
14095
14095
14096
14097
14099
14101
14104
14105
14108
14110
14112
14116
14119
14123
14125
14125
14125
14127
14127
14129
14130
14133
14133
14134
14140
14141
14143
14147
14150
14151
14154
14154
14157
14158
14159
14163
14164
14165
14169
14176
14178
14182
14184
14187
14189
14191
14195
14197
14197
14201
14204
14205
14208
14212
14214
14214
14220
14224
14227
14229
14230
14230
14230
14233
14233
14234
14237
14237
14238
14243
14243
14248
14248
14249
14249
14249
14249
14250
14251
14252
14253
14255
14255
14258
14259
14261
14265
14266
14269
14278
14283
14283
14284
14290
14296
14296
14299
14302
14303
14305
14306
14307
14307
14307
14309
14315
14315
14318
14322
14323
14323
14328
14331
14334
14335
14335
14337
14339
14341
14342
14346
14347
14347
14347
14353
14357
14358
14363
14365
14367
14370
14370
14372
14373
14374
14377
14378
14379
14380
14386
14387
14390
14393
14394
14398
14402
14404
14405
14407
14412
14418
14420
14420
14420
14422
14426
14428
14430
14432
14434
14439
14441
14443
14444
14445
14446
14450
14453
14455
14455
14461
14464
14472
14474
14475
14483
14486
14494
14497
14499
14502
14507
14510
14510
14512
14516
14517
14517
14520
14521
14522
14522
14526
14528
14531
14533
14537
14541
14545
14547
14548
14557
14561
14564
14565
14569
14570
14572
14576
14579
14581
14585
14590
14592
14601
14603
14604
14605
14607
14608
14610
14613
14616
14620
14623
14625
14628
14631
14636
14636
14636
14641
14643
14645
14648
14651
14653
14659
14662
14664
14668
14672
14678
14679
14682
14687
14689
14689
14689
14690
14695
14699
14701
14702
14706
14710
14711
14713
14713
14714
14716
14716
14718
14723
14727
14728
14729
14731
14734
14742
14744
14748
14749
14750
14751
14753
14754
14759
14764
14766
14766
14766
14768
14770
14770
14773
14776
14781
14783
14785
14786
14790
14793
14794
14794
14796
14796
14798
14802
14803
14803
14804
14808
14811
14815
14818
14821
14824
14824
14826
14831
14832
14835
14839
14841
14844
14845
14846
14846
14847
14851
14851
14857
14860
14862
14863
14865
14865
14866
14871
14873
14874
14874
14877
14878
14879
14881
14885
14886
14887
14888
14890
14894
14895
14902
14909
14910
14912
14914
14917
14920
14921
14925
14930
14931
14933
14935
14935
14937
14941
14944
14948
14952
14958
14961
14966
14971
14973
14975
14976
14977
14986
14987
14988
14989
14992
14997
14998
14999
15001
15001
15002
15002
15004
15006
15009
15012
15012
15014
15014
15016
15019
15021
15022
15023
15026
15028
15029
15030
15032
15034
15039
15041
15043
15046
15049
15052
15054
15058
15059
15063
15070
15070
15071
15076
15077
15078
15081
15081
15084
15086
15087
15089
15093
15098
15100
15102
15104
15107
15112
15113
15115
15116
15118
15122
15124
15125
15127
15127
15129
15130
15131
15132
15134
15140
15142
15149
15150
15150
15152
15153
15155
15158
15159
15165
15166
15168
15169
15172
15174
15175
15177
15181
15182
15182
15185
15187
15191
15194
15197
15197
15199
15201
15206
15208
15211
15212
15213
15215
15220
15223
15226
15227
15227
15234
15235
15237
15240
15242
15246
15247
15252
15253
15256
15257
15260
15263
15265
15266
15267
15268
15270
15272
15274
15274
15275
15277
15278
15279
15283
15285
15286
15290
15295
15296
15300
15303
15307
15308
15310
15310
15314
15314
15315
15317
15318
15319
15322
15330
15334
15336
15339
15340
15345
15346
15348
15349
15353
15355
15356
15357
15360
15362
15364
15369
15369
15372
15376
15378
15379
15379
15379
15383
15386
15388
15388
15392
15392
15393
15393
15400
15405
15409
15410
15411
15412
15415
15420
15429
15432
15432
15435
15436
15439
15440
15442
15445
15448
15456
15461
15465
15468
15475
15479
15481
15483
15490
15491
15494
15496
15497
15498
15502
15503
15504
15505
15510
15512
15512
15515
15518
15518
15521
15524
15524
15525
15534
15540
15546
15547
15547
15552
15555
15555
15557
15560
15561
15565
15568
15570
15578
15580
15585
15586
15589
15591
15592
15593
15596
15599
15603
15605
15607
15613
15615
15617
15620
15621
15626
15628
15630
15634
15642
15644
15646
15648
15649
15649
15651
15655
15656
15656
15665
15666
15670
15671
15671
15674
15677
15679
15680
15681
15687
15690
15693
15695
15697
15697
15698
15699
15700
15701
15707
15710
15715
15717
15719
15722
15722
15727
15730
15733
15743
15743
15748
15752
15755
15756
15758
15760
15767
15769
15777
15778
15784
15785
15793
15793
15795
15796
15797
15799
15801
15804
15809
15809
15811
15816
15821
15822
15825
15828
15832
15841
15842
15844
15849
15854
15862
15864
15865
15866
15868
15871
15873
15878
15882
15891
15893
15896
15897
15903
15903
15907
15909
15910
15912
15916
15916
15918
15920
15920
15925
15926
15928
15934
15940
15944
15946
15947
15947
15947
15951
15954
15958
15958
15958
15960
15968
15975
15978
15980
15982
15985
15993
15993
15995
15996
15996
15997
16000
16001
16003
16004
16011
16015
16015
16017
16018
16020
16021
16021
16026
16026
16028
16030
16030
16032
16033
16035
16035
16037
16039
16041
16046
16047
16048
16049
16056
16062
16068
16070
16072
16074
16075
16076
16077
16079
16081
16084
16089
16089
16095
16097
16099
16099
16100
16102
16105
16105
16108
16112
16116
16116
16122
16124
16125
16126
16126
16127
16127
16128
16132
16137
16140
16140
16148
16148
16150
16152
16152
16153
16154
16155
16156
16161
16161
16161
16161
16164
16165
16167
16167
16171
16174
16179
16179
16181
16181
16182
16183
16185
16187
16187
16188
16188
16190
16190
16192
16192
16193
16198
16199
16199
16201
16201
16205
16207
16208
16209
16213
16222
16223
16223
16226
16228
16229
16234
16236
16240
16241
16242
16245
16246
16246
16247
16249
16251
16252
16252
16254
16255
16257
16258
16262
16264
16265
16268
16271
16273
16275
16279
16280
16281
16286
16289
16292
16293
16293
16296
16299
16302
16304
16308
16309
16314
16315
16317
16317
16319
16319
16321
16322
16323
16323
16324
16327
16330
16330
16331
16335
16337
16338
16340
16342
16343
16344
16349
16349
16353
16354
16360
16364
16366
16367
16368
16369
16372
16374
16376
16376
16378
16382
16385
16388
16391
16392
16392
16396
16397
16397
16400
16400
16403
16403
16404
16405
16405
16407
16414
16418
16420
16420
16421
16422
16422
16422
16426
16426
16428
16428
16431
16433
16436
16437
16439
16447
16448
16450
16450
16453
16455
16457
16459
16461
16466
16470
16474
16480
16481
16481
16482
16485
16485
16488
16492
16492
16492
16492
16492
16499
16499
16502
16502
16504
16505
16509
16509
16510
16512
16516
16520
16521
16523
16523
16527
16531
16535
16535
16537
16539
16540
16541
16541
16544
16552
16555
16556
16556
16558
16560
16560
16565
16566
16568
16570
16571
16572
16573
16574
16576
16579
16587
16587
16588
16589
16591
16592
16594
16595
16596
16597
16603
16603
16604
16604
16610
16610
16613
16617
16618
16621
16622
16623
16624
16628
16631
16633
16635
16638
16644
16646
16646
16650
16651
16652
16655
16657
16661
16661
16663
16665
16669
16670
16671
16673
16673
16674
16676
16679
16679
16680
16680
16683
16685
16685
16686
16687
16689
16691
16692
16696
16697
16698
16700
16701
16702
16704
16707
16708
16708
16712
16713
16717
16717
16721
16723
16728
16729
16732
16735
16737
16738
16741
16742
16746
16747
16748
16752
16754
16759
16759
16760
16765
16765
16768
16769
16773
16775
16776
16777
16777
16787
16787
16789
16790
16792
16795
16797
16798
16800
16802
16807
16810
16810
16811
16811
16814
16816
16817
16819
16821
16825
16825
16826
16830
16837
16838
16845
16845
16847
16851
16854
16858
16858
16859
16859
16861
16864
16875
16876
16877
16878
16879
16882
16887
16889
16890
16892
16892
16892
16894
16898
16900
16900
16904
16904
16905
16910
16913
16920
16925
16929
16933
16933
16936
16937
16939
16941
16943
16945
16946
16947
16950
16952
16953
16955
16959
16966
16968
16970
16970
16970
16972
16975
16978
16980
16980
16984
16985
16992
16994
16994
16996
16996
16998
16998
16999
17000
17003
17004
17005
17007
17009
17010
17011
17013
17016
17016
17017
17019
17024
17024
17024
17025
17028
17032
17032
17032
17032
17033
17037
17039
17046
17048
17050
17051
17055
17056
17057
17057
17061
17067
17068
17069
17073
17077
17079
17081
17082
17084
17087
17090
17100
17104
17111
17113
17117
17120
17130
17132
17137
17137
17140
17141
17145
17146
17146
17147
17149
17149
17152
17153
17153
17154
17161
17163
17164
17168
17169
17169
17171
17175
17176
17178
17181
17186
17186
17189
17189
17192
17195
17197
17198
17200
17200
17202
17203
17203
17203
17204
17208
17214
17216
17217
17219
17222
17222
17223
17225
17227
17227
17229
17229
17233
17234
17235
17238
17238
17238
17239
17240
17241
17243
17244
17252
17254
17256
17258
17260
17262
17262
17264
17267
17270
17271
17273
17276
17279
17282
17289
17290
17291
17293
17296
17297
17299
17302
17304
17305
17307
17308
17308
17309
17310
17315
17318
17321
17323
17324
17327
17327
17327
17330
17332
17337
17338
17340
17340
17346
17347
17349
17356
17357
17359
17361
17361
17364
17367
17367
17370
17371
17371
17375
17375
17376
17379
17379
17385
17386
17397
17400
17400
17402
17406
17408
17411
17419
17420
17420
17422
17426
17429
17433
17434
17436
17441
17444
17444
17448
17450
17460
17461
17463
17464
17465
17467
17467
17469
17474
17475
17477
17481
17482
17482
17484
17484
17487
17490
17496
17498
17500
17503
17507
17507
17508
17510
17514
17515
17518
17521
17522
17522
17524
17528
17531
17532
17542
17543
17544
17545
17548
17548
17550
17552
17556
17557
17560
17561
17566
17567
17571
17573
17578
17579
17583
17583
17585
17587
17589
17594
17595
17595
17596
17598
17599
17601
17604
17605
17607
17607
17609
17611
17615
17619
17619
17620
17624
17625
17628
17630
17632
17632
17634
17639
17643
17643
17644
17646
17647
17648
17649
17651
17652
17653
17655
17656
17659
17666
17669
17671
17678
17681
17682
17682
17683
17683
17684
17693
17693
17694
17696
17698
17699
17701
17703
17703
17706
17709
17711
17713
17714
17716
17716
17718
17718
17722
17722
17724
17724
17725
17727
17729
17732
17734
17735
17737
17738
17740
17742
17749
17755
17756
17763
17766
17767
17767
17768
17768
17770
17770
17770
17773
17776
17780
17782
17784
17787
17787
17790
17790
17796
17797
17798
17801
17805
17808
17810
17811
17813
17816
17816
17818
17820
17821
17821
17822
17824
17825
17839
17839
17842
17842
17843
17847
17852
17855
17861
17866
17868
17869
17876
17877
17877
17880
17884
17886
17887
17887
17888
17888
17888
17889
17894
17895
17898
17898
17901
17903
17907
17911
17913
17914
17915
17917
17917
17921
17923
17926
17928
17930
17933
17934
17939
17945
17946
17946
17948
17950
17955
17958
17959
17960
17961
17961
17962
17963
17965
17968
17969
17969
17970
17972
17973
17976
17977
17978
17981
17984
17984
17988
17989
17989
17990
17991
17993
17993
17995
18003
18004
18007
18007
18009
18012
18014
18019
18026
18028
18029
18032
18033
18035
18036
18040
18041
18044
18045
18052
18052
18053
18056
18056
18057
18059
18061
18065
18067
18071
18073
18074
18077
18082
18082
18084
18085
18085
18086
18089
18090
18090
18093
18096
18099
18105
18107
18108
18111
18112
18112
18113
18113
18116
18118
18118
18119
18120
18120
18122
18127
18128
18128
18130
18134
18136
18138
18139
18140
18142
18143
18145
18145
18147
18148
18149
18154
18154
18157
18163
18163
18163
18164
18168
18168
18169
18169
18172
18177
18178
18180
18180
18183
18188
18188
18190
18191
18193
18197
18198
18201
18204
18205
18205
18212
18214
18218
18219
18221
18222
18226
18227
18232
18234
18236
18236
18240
18244
18246
18247
18249
18254
18254
18258
18262
18262
18266
18267
18268
18269
18272
18274
18276
18279
18282
18285
18287
18292
18292
18293
18295
18295
18299
18300
18306
18311
18311
18313
18316
18320
18323
18323
18325
18328
18330
18333
18333
18334
18335
18344
18346
18349
18350
18350
18352
18353
18357
18359
18359
18360
18365
18367
18369
18373
18377
18379
18379
18383
18384
18385
18385
18388
18390
18395
18396
18398
18400
18400
18402
18406
18409
18411
18413
18414
18416
18420
18421
18421
18425
18431
18433
18437
18438
18442
18442
18445
18448
18450
18452
18454
18457
18457
18460
18463
18467
18469
18478
18479
18484
18489
18492
18495
18500
18502
18502
18504
18507
18508
18510
18514
18516
18518
18520
18522
18527
18528
18531
18535
18536
18539
18543
18546
18553
18561
18561
18562
18566
18568
18570
18573
18576
18580
18583
18584
18587
18587
18591
18594
18599
18601
18605
18606
18606
18608
18610
18611
18614
18616
18619
18623
18628
18628
18629
18630
18634
18643
18644
18647
18652
18652
18658
18658
18660
18660
18664
18664
18666
18668
18669
18672
18674
18675
18677
18678
18683
18684
18685
18693
18697
18698
18702
18707
18708
18709
18710
18710
18718
18720
18724
18729
18731
18733
18735
18737
18742
18746
18746
18746
18748
18750
18752
18753
18756
18762
18765
18772
18774
18776
18778
18783
18785
18787
18789
18789
18789
18791
18794
18795
18797
18800
18802
18806
18807
18812
18813
18814
18816
18817
18819
18820
18821
18823
18823
18823
18825
18827
18829
18830
18832
18832
18834
18837
18841
18845
18847
18847
18849
18850
18854
18855
18858
18865
18868
18869
18870
18871
18872
18877
18878
18879
18881
18885
18888
18891
18900
18903
18905
18907
18908
18908
18910
18911
18912
18914
18916
18916
18918
18921
18924
18929
18930
18933
18934
18935
18936
18939
18940
18942
18943
18944
18946
18953
18957
18959
18964
18966
18971
18971
18971
18973
18975
18978
18982
18983
18984
18987
18990
18990
18991
18998
19002
19004
19005
19008
19009
19009
19012
19013
19015
19017
19022
19023
19024
19025
19028
19030
19033
19038
19043
19043
19044
19049
19051
19054
19057
19057
19066
19069
19073
19074
19074
19077
19078
19079
19081
19082
19082
19083
19090
19093
19097
19101
19101
19103
19108
19110
19111
19112
19118
19119
19120
19122
19126
19129
19131
19133
19135
19137
19141
19143
19144
19150
19152
19153
19156
19158
19160
19164
19165
19167
19171
19174
19174
19176
19180
19181
19183
19184
19184
19188
19189
19192
19194
19195
19196
19196
19198
19201
19202
19204
19205
19206
19208
19213
19214
19217
19217
19218
19219
19222
19223
19225
19228
19230
19233
19236
19243
19246
19246
19246
19248
19252
19253
19254
19260
19262
19265
19267
19271
19272
19274
19277
19277
19279
19285
19287
19287
19290
19298
19299
19300
19300
19305
19309
19312
19312
19314
19318
19319
19320
19322
19323
19330
19331
19334
19337
19340
19341
19342
19346
19346
19349
19353
19353
19354
19358
19364
19366
19366
19368
19369
19372
19377
19379
19380
19382
19382
19384
19385
19386
19387
19389
19390
19391
19397
19398
19399
19402
19405
19406
19410
19411
19411
19412
19415
19418
19423
19425
19425
19426
19429
19432
19437
19438
19440
19442
19444
19447
19447
19450
19453
19455
19457
19459
19461
19471
19472
19472
19474
19474
19475
19477
19478
19486
19490
19491
19494
19495
19499
19500
19503
19507
19509
19512
19514
19516
19516
19518
19518
19520
19521
19521
19522
19523
19526
19530
19534
19534
19536
19537
19537
19539
19541
19545
19546
19551
19552
19557
19559
19562
19563
19564
19566
19570
19571
19571
19573
19575
19576
19580
19582
19583
19590
19594
19600
19604
19605
19607
19610
19612
19613
19614
19615
19618
19619
19622
19627
19630
19631
19633
19633
19635
19637
19640
19644
19647
19655
19658
19659
19662
19665
19674
19682
19683
19685
19690
19691
19695
19695
19697
19699
19703
19705
19712
19714
19715
19718
19719
19723
19723
19726
19726
19729
19730
19733
19733
19733
19735
19735
19740
19741
19744
19746
19750
19754
19755
19756
19756
19758
19758
19758
19760
19760
19760
19764
19765
19765
19766
19768
19769
19771
19772
19772
19773
19777
19783
19790
19793
19793
19794
19794
19795
19803
19810
19812
19812
19813
19814
19819
19825
19827
19831
19838
19839
19840
19843
19848
19851
19853
19854
19855
19856
19858
19864
19867
19871
19874
19879
19881
19881
19884
19887
19887
19892
19894
19898
19901
19904
19909
19910
19913
19913
19914
19922
19923
19924
19925
19927
19930
19931
19934
19937
19937
19938
19939
19941
19941
19941
19943
19946
19948
19950
19951
19954
19954
19957
19960
19966
19966
19972
19977
19978
19979
19980
19981
19983
19992
19993
19994
20000
20000
20002
20007
20008
20011
20013
20017
20021
20026
20034
20034
20036
20036
20039
20041
20043
20052
20055
20056
20057
20059
20061
20063
20066
20073
20075
20091
20093
20096
20098
20100
20109
20111
20113
20117
20119
20120
20123
20126
20127
20129
20129
20129
20133
20140
20140
20145
20152
20152
20156
20159
20160
20161
20162
20166
20174
20181
20186
20189
20190
20192
20198
20204
20208
20209
20211
20212
20213
20215
20217
20222
20223
20225
20227
20228
20231
20232
20234
20235
20240
20240
20241
20242
20246
20252
20253
20254
20255
20255
20261
20266
20267
20268
20268
20269
20275
20277
20278
20278
20281
20287
20291
20292
20292
20294
20295
20299
20299
20300
20300
20303
20305
20307
20308
20313
20314
20321
20324
20324
20326
20329
20330
20333
20336
20338
20338
20345
20347
20348
20350
20350
20352
20356
20356
20356
20357
20362
20372
20376
20378
20383
20390
20394
20397
20398
20400
20405
20414
20420
20421
20424
20425
20428
20430
20431
20431
20435
20437
20441
20442
20442
20446
20447
20450
20451
20452
20453
20456
20456
20457
20458
20463
20469
20472
20473
20473
20484
20488
20489
20493
20493
20494
20495
20497
20501
20502
20504
20506
20508
20511
20512
20513
20515
20519
20520
20522
20523
20530
20530
20532
20535
20536
20540
20541
20545
20549
20551
20553
20555
20560
20566
20567
20570
20576
20576
20578
20582
20589
20590
20593
20596
20598
20598
20602
20607
20610
20610
20611
20614
20614
20617
20620
20622
20623
20624
20627
20630
20633
20636
20637
20638
20642
20645
20649
20653
20656
20656
20660
20665
20668
20669
20670
20672
20674
20674
20674
20676
20680
20683
20686
20689
20689
20689
20690
20692
20695
20699
20701
20702
20707
20711
20711
20713
20715
20717
20719
20720
20720
20725
20733
20738
20738
20741
20744
20750
20754
20755
20759
20761
20763
20765
20772
20777
20778
20781
20785
20786
20787
20792
20795
20799
20803
20806
20806
20807
20809
20813
20818
20819
20819
20827
20829
20830
20833
20838
20843
20846
20847
20847
20851
20851
20858
20859
20862
20865
20867
20869
20871
20872
20872
20872
20873
20874
20879
20880
20883
20888
20890
20893
20897
20897
20901
20904
20906
20909
20910
20911
20915
20919
20920
20923
20925
20928
20929
20930
20931
20931
20933
20933
20946
20949
20955
20955
20958
20959
20964
20965
20971
20975
20975
20977
20979
20984
20984
20985
20988
20990
20993
20994
20995
20996
20998
20999
21000
21001
21004
21005
21007
21009
21012
21014
21022
21024
21025
21029
21031
21032
21036
21041
21045
21049
21052
21056
21056
21058
21062
21063
21068
21072
21073
21075
21076
21078
21080
21081
21083
21086
21087
21089
21090
21092
21098
21107
21108
21110
21115
21122
21127
21129
21130
21134
21136
21137
21147
21149
21151
21152
21154
21158
21164
21166
21166
21170
21170
21172
21176
21177
21178
21179
21182
21183
21187
21194
21196
21197
21201
21202
21205
21206
21211
21213
21215
21219
21221
21222
21228
21229
21229
21237
21238
21242
21242
21242
21247
21248
21250
21255
21257
21259
21259
21261
21262
21262
21264
21266
21269
21270
21271
21274
21279
21280
21284
21284
21286
21291
21294
21296
21299
21299
21302
21304
21304
21308
21312
21313
21315
21319
21325
21330
21334
21341
21344
21351
21352
21354
21356
21357
21361
21363
21364
21365
21366
21367
21367
21368
21370
21372
21375
21376
21378
21380
21384
21385
21392
21394
21397
21403
21404
21408
21408
21409
21411
21414
21415
21416
21420
21431
21432
21435
21443
21445
21446
21448
21449
21450
21452
21453
21455
21456
21461
21462
21467
21467
21471
21472
21473
21477
21479
21484
21486
21486
21486
21487
21491
21491
21494
21499
21500
21505
21512
21513
21517
21520
21526
21527
21529
21531
21533
21538
21539
21541
21542
21543
21544
21545
21549
21557
21562
21563
21566
21568
21569
21572
21578
21581
21583
21586
21586
21587
21588
21591
21592
21594
21597
21598
21598
21599
21600
21602
21604
21606
21607
21616
21616
21616
21624
21629
21635
21642
21643
21648
21654
21654
21656
21657
21660
21661
21661
21666
21668
21671
21675
21677
21679
21684
21687
21687
21687
21690
21691
21694
21698
21703
21709
21713
21717
21717
21717
21721
21723
21727
21729
21730
21730
21731
21736
21741
21744
21744
21746
21747
21754
21759
21761
21762
21764
21767
21768
21769
21771
21772
21773
21776
21778
21781
21782
21783
21787
21788
21792
21792
21793
21797
21798
21801
21805
21805
21806
21807
21813
21815
21817
21818
21820
21821
21822
21823
21824
21831
21832
21833
21840
21841
21843
21846
21848
21851
21854
21866
21867
21868
21870
21871
21871
21874
21877
21880
21882
21884
21885
21887
21888
21888
21893
21897
21897
21905
21907
21908
21912
21914
21917
21918
21919
21920
21923
21923
21926
21928
21933
21933
21933
21941
21942
21943
21947
21947
21951
21953
21953
21955
21959
21961
21963
21967
21968
21970
21971
21971
21974
21983
21986
21989
21992
21994
21994
21997
22001
22004
22007
22010
22012
22013
22021
22027
22027
22032
22036
22039
22041
22042
22043
22044
22045
22050
22052
22055
22056
22059
22062
22065
22068
22073
22076
22078
22078
22079
22081
22083
22089
22091
22093
22098
22100
22105
22107
22113
22116
22117
22117
22117
22119
22120
22120
22121
22126
22137
22138
22139
22139
22140
22141
22144
22155
22157
22162
22165
22166
22166
22167
22168
22168
22171
22171
22172
22173
22173
22175
22180
22181
22182
22182
22184
22190
22194
22195
22199
22200
22202
22208
22218
22221
22225
22225
22229
22230
22232
22240
22245
22245
22246
22246
22247
22247
22250
22250
22252
22255
22258
22261
22264
22267
22271
22275
22276
22276
22279
22282
22285
22286
22290
22294
22298
22298
22300
22300
22300
22303
22307
22308
22309
22309
22311
22313
22314
22317
22319
22323
22326
22329
22332
22336
22337
22340
22344
22346
22347
22351
22352
22359
22361
22361
22364
22365
22368
22370
22374
22378
22380
22381
22383
22386
22388
22394
22394
22395
22397
22404
22405
22413
22414
22414
22417
22419
22421
22422
22425
22425
22425
22428
22431
22436
22436
22441
22445
22452
22453
22457
22457
22459
22463
22465
22467
22469
22470
22470
22474
22477
22478
22481
22485
22488
22489
22492
22494
22496
22496
22498
22500
22501
22508
22512
22518
22522
22523
22525
22529
22529
22530
22533
22535
22535
22540
22544
22545
22545
22546
22549
22554
22560
22561
22563
22564
22565
22568
22570
22570
22575
22579
22581
22584
22586
22587
22591
22592
22596
22601
22608
22611
22611
22612
22613
22614
22619
22620
22621
22622
22623
22626
22631
22638
22640
22641
22642
22648
22650
22651
22654
22657
22658
22664
22667
22670
22673
22676
22679
22681
22682
22684
22690
22693
22698
22701
22703
22705
22707
22709
22710
22715
22715
22716
22720
22730
22731
22733
22735
22738
22739
22745
22745
22751
22752
22753
22761
22762
22766
22767
22767
22771
22776
22779
22782
22783
22785
22786
22789
22792
22802
22805
22809
22809
22811
22813
22813
22816
22816
22819
22823
22825
22829
22834
22834
22836
22837
22841
22842
22845
22848
22849
22852
22852
22852
22855
22855
22857
22859
22864
22865
22868
22871
22871
22872
22876
22884
22886
22891
22895
22899
22901
22903
22905
22905
22908
22908
22910
22920
22922
22923
22926
22927
22930
22934
22938
22940
22944
22946
22949
22951
22952
22960
22971
22973
22974
22977
22980
22984
22991
22993
23001
23002
23005
23006
23010
23014
23016
23018
23020
23022
23027
23028
23030
23030
23032
23036
23039
23040
23041
23042
23045
23049
23054
23056
23058
23059
23060
23062
23062
23062
23064
23067
23068
23071
23076
23082
23082
23084
23085
23086
23088
23090
23093
23094
23097
23100
23101
23102
23102
23103
23105
23111
23114
23120
23122
23126
23128
23128
23132
23134
23136
23136
23140
23144
23149
23151
23155
23158
23159
23161
23162
23165
23171
23173
23178
23180
23181
23183
23183
23184
23193
23196
23197
23197
23206
23211
23216
23219
23219
23223
23227
23231
23236
23240
23240
23243
23246
23247
23251
23253
23254
23259
23268
23271
23271
23272
23275
23275
23279
23281
23284
23285
23289
23290
23293
23294
23297
23299
23300
23304
23307
23315
23320
23322
23324
23326
23339
23340
23342
23345
23348
23360
23361
23362
23365
23368
23371
23374
23378
23379
23379
23380
23383
23384
23384
23391
23391
23395
23400
23405
23410
23412
23413
23413
23417
23421
23421
23424
23425
23429
23433
23436
23437
23440
23443
23447
23453
23453
23455
23455
23461
23462
23463
23463
23465
23466
23470
23470
23472
23476
23476
23479
23484
23486
23491
23497
23499
23501
23504
23506
23509
23513
23515
23516
23522
23530
23536
23536
23538
23543
23545
23546
23549
23549
23551
23555
23566
23570
23572
23575
23576
23576
23577
23578
23583
23585
23586
23587
23589
23590
23592
23594
23596
23602
23604
23606
23608
23611
23618
23620
23625
23626
23629
23633
23634
23636
23641
23646
23647
23650
23652
23657
23659
23661
23663
23663
23666
23670
23674
23677
23677
23681
23684
23687
23692
23693
23704
23707
23711
23717
23718
23721
23721
23724
23725
23729
23735
23741
23741
23742
23744
23745
23750
23753
23754
23759
23763
23763
23763
23769
23774
23774
23774
23775
23781
23782
23787
23795
23798
23807
23811
23813
23813
23814
23817
23819
23821
23823
23830
23834
23839
23841
23843
23843
23846
23849
23852
23858
23859
23864
23864
23870
23872
23874
23875
23877
23880
23884
23887
23890
23894
23896
23896
23900
23904
23905
23908
23909
23914
23918
23922
23924
23926
23928
23932
23932
23936
23941
23942
23945
23949
23952
23952
23953
23954
23956
23957
23959
23962
23968
23974
23976
23978
23979
23981
23982
23984
23985
23988
23989
23990
23993
23996
23999
24000
24003
24008
24009
24010
24012
24014
24016
24016
24024
24025
24029
24031
24033
24038
24041
24045
24049
24053
24054
24055
24057
24062
24064
24064
24068
24069
24069
24071
24075
24076
24079
24082
24083
24087
24087
24088
24089
24095
24096
24100
24102
24104
24105
24109
24111
24112
24116
24126
24126
24129
24132
24134
24137
24137
24139
24142
24146
24148
24152
24158
24159
24162
24164
24167
24167
24170
24171
24172
24174
24174
24178
24180
24180
24181
24185
24188
24191
24196
24202
24205
24206
24207
24212
24213
24217
24220
24222
24223
24227
24231
24233
24235
24238
24243
24246
24251
24253
24256
24259
24260
24262
24265
24271
24273
24275
24280
24287
24294
24298
24300
24301
24301
24305
24308
24312
24312
24314
24326
24336
24343
24346
24355
24358
24363
24365
24377
24381
24383
24384
24388
24393
24395
24396
24397
24406
24406
24408
24410
24412
24414
24424
24433
24436
24437
24441
24448
24451
24454
24455
24459
24462
24465
24466
24472
24475
24481
24485
24492
24496
24498
24501
24504
24506
24508
24509
24512
24515
24518
24518
24519
24522
24522
24527
24529
24531
24533
24535
24537
24539
24541
24549
24549
24554
24558
24559
24564
24566
24566
24566
24567
24567
24569
24570
24570
24570
24573
24577
24579
24582
24587
24589
24594
24594
24594
24595
24602
24607
24611
24611
24612
24613
24617
24620
24624
24626
24628
24630
24633
24640
24644
24645
24646
24648
24649
24654
24657
24660
24664
24667
24668
24670
24675
24679
24681
24684
24685
24687
24690
24695
24697
24701
24702
24704
24705
24708
24708
24709
24710
24710
24717
24720
24726
24728
24734
24734
24739
24743
24743
24744
24749
24754
24758
24766
24769
24771
24772
24773
24775
24775
24781
24783
24788
24792
24797
24804
24806
24811
24814
24818
24822
24828
24828
24830
24834
24838
24841
24845
24850
24852
24855
24856
24860
24860
24862
24862
24862
24864
24864
24869
24871
24873
24874
24876
24879
24879
24881
24881
24884
24889
24897
24903
24905
24908
24910
24912
24921
24928
24931
24934
24943
24943
24945
24952
24952
24957
24958
24959
24962
24963
24965
24966
24968
24971
24971
24973
24974
24975
24980
24983
24989
24991
24993
24996
24997
25004
25005
25009
25017
25017
25021
25023
25025
25028
25030
25031
25035
25040
25044
25048
25048
25054
25056
25058
25063
25070
25072
25077
25078
25083
25092
25092
25095
25099
25099
25101
25103
25108
25112
25116
25123
25125
25126
25133
25134
25140
25146
25148
25156
25158
25161
25161
25164
25165
25166
25173
25176
25178
25181
25183
25185
25186
25189
25191
25194
25194
25194
25198
25200
25203
25205
25208
25213
25219
25225
25225
25232
25234
25236
25239
25242
25244
25246
25251
25254
25255
25256
25257
25261
25262
25262
25263
25270
25280
25283
25285
25285
25288
25290
25293
25295
25300
25306
25308
25309
25311
25314
25316
25317
25323
25326
25346
25349
25358
25360
25362
25366
25367
25371
25374
25379
25380
25382
25384
25384
25387
25389
25394
25396
25403
25405
25409
25410
25412
25413
25419
25422
25425
25427
25430
25434
25434
25434
25440
25441
25443
25443
25446
25454
25458
25462
25462
25464
25466
25468
25470
25470
25477
25477
25480
25484
25486
25487
25494
25496
25499
25504
25507
25512
25514
25518
25520
25520
25523
25524
25528
25529
25533
25533
25535
25539
25541
25545
25547
25549
25552
25554
25554
25557
25559
25562
25565
25567
25569
25571
25574
25579
25581
25585
25586
25590
25591
25593
25594
25599
25603
25607
25611
25614
25615
25627
25631
25634
25635
25637
25639
25643
25647
25653
25655
25657
25662
25668
25672
25676
25683
25686
25686
25694
25699
25701
25708
25710
25714
25716
25718
25719
25724
25727
25728
25731
25733
25735
25737
25738
25743
25747
25763
25764
25769
25770
25772
25774
25777
25779
25784
25787
25790
25792
25796
25798
25800
25802
25803
25811
25812
25815
25816
25818
25818
25821
25828
25833
25834
25836
25842
25848
25850
25854
25854
25855
25857
25866
25867
25875
25880
25882
25885
25888
25889
25891
25892
25894
25897
25902
25906
25907
25911
25917
25922
25923
25930
25935
25938
25943
25944
25946
25947
25951
25959
25966
25967
25967
25969
25970
25973
25978
25982
25986
25988
25991
25994
25997
25998
26005
26012
26016
26020
26023
26024
26025
26026
26027
26029
26031
26033
26044
26049
26049
26050
26053
26053
26057
26058
26059
26062
26063
26067
26075
26078
26083
26085
26087
26090
26093
26093
26098
26108
26111
26114
26116
26119
26120
26121
26124
26124
26126
26129
26135
26141
26146
26147
26151
26153
26157
26162
26162
26165
26165
26168
26170
26174
26178
26181
26182
26183
26183
26190
26192
26193
26197
26199
26203
26205
26215
26220
26225
26229
26235
26235
26240
26242
26245
26252
26254
26257
26258
26259
26261
26263
26270
26271
26277
26280
26283
26286
26286
26292
26295
26297
26300
26302
26304
26309
26312
26318
26320
26322
26322
26324
26325
26328
26330
26331
26336
26338
26339
26339
26346
26346
26354
26357
26361
26368
26368
26372
26374
26375
26377
26383
26389
26390
26392
26395
26395
26397
26402
26404
26405
26406
26407
26408
26410
26413
26417
26419
26419
26421
26424
26426
26431
26431
26433
26434
26439
26440
26445
26445
26447
26449
26454
26456
26458
26458
26458
26459
26465
26466
26468
26471
26472
26474
26475
26477
26478
26479
26479
26482
26483
26485
26486
26488
26488
26488
26492
26496
26499
26503
26503
26505
26507
26509
26512
26515
26515
26519
26522
26523
26524
26526
26526
26531
26532
26534
26536
26538
26545
26548
26552
26554
26559
26562
26562
26564
26565
26566
26567
26568
26569
26572
26574
26577
26578
26582
26584
26584
26587
26589
26594
26595
26596
26597
26599
26600
26601
26603
26603
26603
26607
26607
26608
26615
26618
26620
26622
26624
26628
26631
26636
26638
26643
26646
26646
26648
26650
26650
26656
26657
26661
26664
26670
26670
26677
26679
26684
26686
26687
26687
26692
26693
26694
26698
26699
26700
26703
26707
26709
26711
26713
26714
26714
26716
26719
26723
26728
26728
26729
26731
26736
26739
26739
26741
26743
26749
26752
26753
26754
26755
26758
26763
26767
26771
26774
26779
26783
26784
26784
26785
26787
26789
26790
26793
26796
26797
26798
26798
26799
26799
26800
26801
26806
26807
26809
26816
26817
26817
26821
26826
26827
26830
26832
26834
26836
26836
26838
26842
26844
26845
26847
26852
26855
26860
26862
26862
26868
26873
26875
26875
26877
26880
26881
26882
26883
26884
26884
26889
26889
26890
26890
26892
26895
26896
26896
26898
26901
26903
26903
26908
26914
26922
26925
26926
26927
26929
26930
26930
26932
26935
26939
26942
26944
26945
26945
26945
26946
26950
26955
26957
26959
26960
26961
26962
26962
26964
26966
26967
26967
26972
26980
26982
26983
26985
26986
26987
26991
26993
26996
26997
26997
27001
27007
27007
27007
27010
27017
27020
27020
27023
27023
27025
27028
27031
27037
27037
27039
27044
27046
27047
27048
27049
27050
27055
27057
27059
27061
27064
27067
27068
27068
27072
27073
27074
27076
27077
27083
27085
27089
27096
27102
27104
27109
27117
27121
27123
27123
27125
27127
27128
27131
27137
27141
27144
27148
27148
27149
27153
27154
27160
27170
27170
27174
27175
27176
27177
27179
27180
27181
27182
27184
27185
27191
27195
27199
27202
27205
27205
27206
27207
27211
27212
27217
27221
27224
27226
27230
27234
27237
27237
27244
27248
27249
27254
27254
27256
27259
27260
27261
27267
27277
27279
27282
27287
27287
27292
27292
27295
27297
27297
27303
27304
27312
27321
27322
27326
27329
27331
27338
27340
27345
27346
27347
27352
27355
27357
27359
27360
27361
27361
27367
27367
27370
27375
27377
27378
27383
27386
27392
27395
27400
27402
27406
27407
27409
27409
27413
27427
27429
27434
27434
27436
27437
27437
27439
27439
27445
27448
27449
27451
27452
27456
27456
27460
27461
27465
27465
27465
27466
27472
27473
27474
27477
27482
27482
27485
27487
27489
27491
27494
27498
27499
27504
27504
27505
27508
27509
27513
27519
27523
27523
27526
27527
27528
27530
27534
27537
27538
27538
27542
27550
27552
27554
27561
27564
27566
27571
27574
27574
27575
27576
27582
27584
27593
27596
27600
27600
27602
27603
27603
27604
27606
27608
27613
27617
27620
27625
27626
27628
27637
27638
27641
27647
27648
27649
27651
27654
27657
27659
27661
27666
27666
27673
27674
27682
27682
27682
27682
27686
27687
27687
27689
27695
27698
27700
27700
27700
27703
27704
27708
27713
27716
27717
27718
27721
27726
27731
27732
27733
27735
27739
27740
27742
27743
27744
27744
27745
27749
27751
27751
27752
27752
27753
27755
27756
27756
27758
27758
27762
27763
27766
27768
27770
27771
27772
27778
27778
27787
27793
27793
27795
27798
27801
27812
27818
27821
27828
27831
27834
27838
27847
27848
27848
27851
27855
27855
27861
27864
27865
27867
27867
27869
27872
27876
27879
27885
27886
27893
27896
27896
27899
27901
27903
27905
27906
27907
27910
27912
27914
27914
27915
27915
27916
27925
27939
27942
27945
27945
27947
27950
27950
27952
27955
27964
27969
27970
27970
27972
27978
27985
27985
27986
27988
27989
27991
27995
28000
28001
28004
28006
28007
28009
28014
28015
28017
28024
28028
28029
28029
28042
28042
28043
28044
28045
28050
28052
28054
28054
28057
28057
28060
28060
28064
28068
28070
28070
28072
28076
28080
28082
28084
28088
28088
28089
28093
28096
28105
28105
28113
28117
28121
28123
28128
28132
28134
28142
28147
28155
28159
28159
28160
28165
28167
28170
28174
28175
28177
28181
28182
28182
28195
28198
28198
28201
28201
28202
28203
28205
28206
28208
28217
28217
28224
28236
28238
28238
28242
28242
28245
28246
28248
28250
28251
28255
28258
28266
28267
28277
28280
28283
28285
28286
28292
28292
28296
28299
28301
28303
28304
28304
28307
28309
28313
28314
28318
28326
28329
28329
28331
28333
28334
28337
28345
28352
28359
28365
28367
28369
28371
28381
28383
28383
28385
28387
28387
28390
28390
28395
28396
28396
28397
28398
28400
28404
28407
28407
28413
28414
28416
28425
28430
28431
28432
28438
28438
28440
28444
28448
28450
28452
28452
28454
28456
28460
28464
28464
28464
28469
28471
28472
28477
28477
28478
28480
28481
28481
28483
28491
28494
28495
28501
28502
28508
28510
28518
28522
28526
28527
28527
28535
28538
28540
28541
28542
28546
28548
28549
28550
28553
28558
28559
28559
28563
28566
28567
28569
28570
28574
28574
28575
28579
28583
28585
28590
28597
28597
28602
28602
28605
28606
28609
28611
28614
28615
28617
28619
28622
28631
28635
28635
28637
28638
28639
28640
28642
28650
28652
28655
28655
28657
28659
28662
28665
28665
28666
28666
28668
28670
28671
28673
28676
28680
28681
28681
28686
28686
28693
28695
28701
28709
28721
28724
28726
28732
28737
28739
28743
28744
28744
28745
28752
28757
28766
28769
28769
28770
28775
28779
28780
28785
28787
28791
28794
28796
28799
28806
28809
28809
28810
28811
28812
28813
28819
28821
28824
28826
28828
28828
28832
28842
28843
28852
28860
28861
28868
28870
28875
28876
28880
28880
28882
28883
28883
28885
28886
28898
28905
28910
28914
28915
28915
28924
28924
28925
28929
28930
28933
28937
28939
28939
28946
28948
28950
28964
28965
28967
28969
28971
28973
28976
28979
28985
28987
28996
29000
29003
29004
29005
29009
29012
29014
29017
29021
29021
29025
29026
29027
29028
29030
29044
29046
29047
29047
29052
29054
29056
29057
29058
29058
29059
29068
29069
29072
29072
29072
29078
29081
29081
29085
29091
29096
29099
29103
29105
29106
29109
29114
29122
29124
29124
29127
29130
29135
29135
29136
29136
29139
29139
29141
29145
29145
29148
29152
29155
29157
29157
29163
29165
29166
29169
29172
29174
29176
29178
29184
29185
29187
29189
29191
29195
29199
29201
29202
29210
29216
29219
29223
29225
29225
29227
29227
29242
29244
29244
29248
29248
29254
29256
29258
29260
29263
29267
29267
29270
29271
29272
29274
29274
29281
29287
29293
29293
29295
29297
29297
29298
29299
29299
29300
29301
29303
29308
29308
29311
29315
29317
29318
29321
29322
29326
29328
29329
29333
29338
29343
29345
29350
29352
29355
29360
29362
29365
29367
29369
29372
29372
29375
29375
29378
29380
29382
29383
29384
29384
29386
29393
29394
29401
29402
29404
29407
29413
29417
29418
29420
29421
29421
29423
29427
29429
29437
29437
29437
29439
29446
29447
29451
29452
29454
29455
29459
29464
29466
29472
29478
29481
29482
29484
29490
29491
29494
29498
29500
29505
29509
29510
29511
29512
29523
29523
29531
29535
29536
29539
29545
29547
29553
29553
29560
29564
29565
29565
29565
29566
29567
29576
29582
29583
29588
29589
29589
29592
29595
29595
29603
29608
29608
29609
29617
29618
29619
29620
29621
29629
29632
29633
29637
29637
29641
29641
29642
29644
29648
29649
29650
29658
29658
29659
29663
29664
29666
29668
29676
29677
29678
29679
29682
29683
29685
29691
29693
29694
29696
29699
29707
29709
29711
29717
29721
29726
29731
29734
29737
29740
29746
29749
29749
29750
29750
29755
29767
29770
29783
29785
29786
29787
29796
29798
29801
29805
29806
29807
29812
29813
29815
29815
29817
29821
29822
29823
29828
29829
29831
29833
29833
29837
29839
29840
29843
29845
29851
29853
29853
29856
29856
29859
29860
29863
29866
29869
29872
29879
29879
29881
29883
29883
29891
29893
29894
29904
29907
29912
29915
29915
29915
29918
29920
29920
29925
29938
29948
29952
29952
29960
29962
29964
29968
29969
29973
29973
29976
29981
29982
29984
29986
29987
29988
29989
29992
30001
30002
30009
30010
30013
30015
30016
30020
30024
30026
30027
30027
30031
30039
30042
30042
30043
30054
30056
30056
30057
30062
30063
30067
30072
30079
30079
30080
30083
30088
30090
30095
30096
30099
30103
30109
30111
30115
30119
30122
30127
30132
30133
30133
30134
30135
30140
30141
30142
30143
30146
30148
30150
30153
30155
30155
30165
30166
30169
30173
30175
30182
30183
30187
30188
30190
30193
30193
30194
30194
30203
30205
30211
30217
30231
30232
30238
30240
30240
30241
30243
30247
30248
30251
30252
30253
30254
30255
30257
30257
30260
30261
30267
30272
30274
30279
30283
30284
30286
30290
30305
30306
30309
30314
30316
30317
30320
30324
30331
30333
30337
30340
30345
30348
30349
30349
30351
30353
30355
30358
30361
30364
30369
30370
30378
30381
30383
30389
30391
30394
30395
30397
30399
30401
30405
30405
30426
30428
30433
30448
30449
30449
30451
30453
30458
30458
30459
30461
30462
30464
30466
30474
30474
30477
30482
30483
30485
30493
30496
30498
30501
30503
30504
30506
30507
30513
30513
30516
30518
30521
30522
30536
30542
30547
30554
30556
30556
30557
30560
30562
30568
30571
30572
30575
30579
30584
30584
30590
30590
30593
30597
30600
30604
30610
30614
30622
30628
30629
30631
30631
30632
30632
30636
30637
30650
30657
30658
30659
30660
30661
30662
30666
30669
30677
30679
30682
30686
30689
30690
30693
30696
30696
30698
30699
30701
30701
30704
30705
30707
30708
30711
30716
30716
30718
30723
30726
30730
30733
30739
30741
30743
30745
30746
30751
30753
30761
30768
30783
30786
30795
30796
30796
30797
30798
30798
30798
30800
30802
30806
30807
30814
30830
30830
30836
30841
30845
30845
30847
30848
30855
30855
30855
30856
30861
30864
30866
30869
30871
30874
30875
30878
30886
30889
30891
30894
30899
30902
30903
30905
30910
30914
30918
30922
30925
30929
30937
30945
30949
30949
30951
30960
30961
30961
30969
30971
30975
30977
30978
30980
30980
30980
30981
30982
30983
30986
30987
30989
30996
30997
31001
31010
31014
31014
31016
31018
31021
31026
31027
31028
31031
31034
31040
31042
31044
31056
31057
31058
31058
31061
31063
31065
31067
31071
31072
31073
31075
31075
31081
31083
31085
31090
31091
31094
31097
31102
31110
31112
31112
31119
31121
31122
31122
31125
31127
31132
31132
31136
31137
31140
31142
31143
31147
31151
31151
31152
31156
31158
31162
31165
31169
31173
31174
31175
31179
31180
31180
31182
31185
31187
31194
31195
31202
31206
31207
31210
31223
31225
31227
31231
31237
31241
31243
31250
31251
31252
31255
31257
31263
31268
31272
31280
31284
31285
31292
31297
31298
31301
31305
31307
31312
31312
31315
31317
31322
31324
31325
31326
31327
31330
31331
31332
31333
31334
31344
31346
31350
31353
31355
31358
31359
31364
31369
31371
31374
31375
31376
31378
31380
31381
31384
31386
31386
31389
31391
31392
31393
31395
31396
31396
31399
31403
31404
31411
31418
31421
31423
31426
31428
31430
31436
31440
31442
31447
31447
31449
31450
31450
31454
31458
31463
31465
31466
31467
31475
31478
31491
31497
31501
31504
31507
31515
31515
31517
31522
31524
31528
31530
31532
31533
31536
31538
31541
31550
31552
31553
31555
31562
31565
31569
31571
31576
31581
31582
31587
31589
31596
31599
31602
31606
31608
31611
31613
31613
31613
31614
31617
31619
31627
31627
31628
31633
31634
31637
31638
31643
31658
31659
31660
31660
31665
31667
31671
31683
31687
31689
31697
31700
31702
31705
31707
31710
31713
31717
31720
31721
31722
31725
31727
31727
31735
31737
31739
31740
31745
31750
31752
31755
31758
31759
31759
31765
31767
31770
31770
31776
31776
31777
31779
31782
31783
31787
31792
31798
31799
31800
31801
31808
31811
31813
31817
31818
31821
31825
31830
31830
31831
31841
31841
31846
31848
31848
31854
31858
31858
31860
31861
31862
31868
31869
31869
31870
31873
31876
31882
31884
31884
31888
31889
31890
31893
31903
31908
31912
31912
31912
31920
31924
31930
31931
31935
31936
31936
31943
31944
31946
31949
31952
31957
31958
31959
31966
31968
31968
31970
31971
31975
31975
31977
31981
31981
31982
31986
31988
31988
31990
31990
31992
31998
31998
31999
32003
32007
32007
32007
32010
32013
32014
32017
32018
32023
32025
32025
32027
32043
32045
32045
32047
32052
32053
32058
32059
32059
32063
32066
32075
32075
32078
32083
32084
32095
32104
32107
32109
32114
32116
32116
32119
32122
32124
32127
32128
32129
32136
32136
32147
32149
32154
32167
32170
32170
32173
32174
32176
32180
32183
32187
32190
32198
32200
32203
32207
32209
32211
32212
32215
32215
32220
32227
32231
32239
32243
32246
32246
32248
32249
32251
32255
32261
32262
32266
32267
32268
32271
32273
32280
32281
32283
32283
32286
32291
32291
32293
32294
32295
32296
32297
32300
32302
32303
32304
32313
32317
32320
32325
32326
32327
32329
32330
32331
32332
32336
32342
32346
32349
32356
32358
32363
32365
32365
32372
32378
32382
32384
32390
32390
32391
32400
32406
32412
32414
32415
32415
32418
32421
32421
32421
32425
32431
32433
32435
32436
32443
32444
32445
32450
32450
32455
32456
32456
32458
32460
32460
32461
32462
32463
32465
32466
32472
32473
32476
32481
32488
32491
32492
32497
32502
32503
32507
32510
32520
32524
32524
32534
32536
32539
32541
32542
32544
32548
32549
32549
32551
32556
32560
32563
32565
32567
32570
32578
32579
32581
32581
32589
32590
32594
32595
32601
32604
32605
32611
32612
32616
32616
32616
32624
32627
32629
32632
32632
32637
32638
32641
32642
32648
32649
32655
32657
32663
32669
32672
32672
32672
32675
32677
32677
32684
32686
32689
32696
32699
32701
32704
32708
32714
32715
32721
32724
32728
32731
32734
32742
32743
32749
32750
32750
32752
32755
32761
32766
32769
32774
32783
32783
32787
32792
32794
32795
32798
32799
32802
32802
32805
32811
32814
32815
32815
32822
32827
32833
32839
32839
32845
32847
32849
32851
32857
32859
32866
32869
32873
32874
32875
32878
32879
32882
32884
32884
32889
32891
32897
32904
32906
32914
32917
32919
32921
32925
32934
32939
32939
32940
32942
32945
32946
32948
32951
32953
32955
32956
32964
32972
32975
32976
32978
32983
32986
32990
32994
32997
32999
33002
33005
33020
33022
33024
33025
33030
33033
33036
33047
33050
33052
33055
33066
33070
33076
33079
33083
33095
33100
33102
33106
33106
33110
33116
33116
33120
33122
33123
33126
33127
33128
33129
33131
33135
33143
33143
33149
33154
33156
33158
33162
33165
33169
33169
33173
33178
33181
33182
33184
33191
33192
33194
33194
33197
33198
33200
33201
33202
33205
33209
33216
33218
33222
33224
33226
33228
33232
33234
33235
33241
33243
33249
33251
33257
33257
33258
33258
33259
33260
33263
33266
33268
33273
33275
33279
33283
33286
33294
33298
33303
33307
33308
33309
33310
33315
33317
33318
33321
33323
33325
33327
33328
33332
33335
33336
33345
33351
33356
33358
33361
33361
33366
33366
33375
33379
33380
33384
33385
33390
33392
33396
33396
33404
33408
33410
33411
33411
33413
33413
33414
33417
33418
33419
33425
33429
33433
33436
33437
33441
33443
33449
33454
33459
33459
33460
33466
33468
33468
33469
33473
33474
33475
33480
33482
33485
33487
33491
33498
33499
33500
33507
33507
33510
33517
33523
33536
33537
33541
33544
33545
33549
33551
33553
33555
33557
33561
33565
33570
33571
33577
33579
33579
33581
33585
33591
33597
33600
33602
33602
33605
33607
33613
33615
33617
33620
33622
33624
33627
33635
33648
33651
33654
33655
33658
33659
33659
33663
33669
33672
33672
33678
33681
33682
33683
33687
33691
33699
33700
33701
33702
33715
33721
33721
33725
33725
33726
33736
33740
33742
33745
33745
33747
33748
33752
33752
33754
33764
33770
33771
33776
33781
33783
33789
33792
33795
33795
33801
33811
33812
33823
33824
33827
33829
33836
33838
33839
33839
33843
33846
33848
33848
33855
33861
33866
33867
33869
33871
33874
33874
33876
33878
33881
33882
33883
33892
33894
33899
33900
33902
33905
33907
33910
33910
33913
33927
33931
33934
33937
33943
33946
33950
33952
33953
33953
33959
33963
33968
33971
33972
33973
33975
33977
33982
33982
33990
33993
33994
33998
34016
34019
34019
34022
34023
34025
34027
34031
34042
34043
34044
34048
34050
34063
34065
34069
34078
34080
34085
34086
34097
34104
34112
34114
34117
34120
34125
34126
34133
34135
34138
34142
34144
34146
34147
34148
34150
34152
34153
34159
34161
34168
34168
34170
34171
34172
34176
34180
34185
34187
34192
34194
34194
34196
34198
34200
34206
34208
34208
34210
34210
34215
34216
34218
34219
34229
34235
34258
34259
34265
34268
34268
34275
34278
34280
34281
34291
34296
34299
34299
34302
34304
34305
34308
34310
34317
34318
34322
34325
34329
34330
34336
34340
34340
34345
34349
34353
34355
34358
34360
34366
34373
34377
34377
34378
34383
34390
34393
34396
34397
34398
34402
34404
34409
34413
34414
34417
34418
34421
34421
34425
34427
34427
34431
34432
34437
34444
34445
34452
34454
34454
34473
34474
34479
34480
34480
34483
34486
34487
34493
34496
34504
34507
34510
34512
34516
34516
34519
34522
34522
34523
34526
34528
34531
34533
34534
34535
34538
34540
34544
34549
34550
34563
34565
34566
34569
34571
34572
34572
34580
34581
34585
34588
34590
34591
34596
34599
34605
34607
34607
34616
34618
34619
34621
34622
34626
34630
34630
34632
34634
34636
34639
34640
34641
34642
34643
34649
34652
34654
34659
34663
34666
34668
34673
34680
34682
34683
34683
34684
34687
34688
34691
34692
34695
34697
34700
34702
34706
34709
34710
34714
34719
34725
34728
34729
34729
34733
34738
34741
34742
34743
34745
34751
34754
34762
34766
34766
34769
34773
34776
34776
34779
34785
34791
34795
34795
34796
34797
34799
34801
34805
34806
34810
34814
34817
34817
34819
34823
34826
34828
34836
34839
34842
34845
34845
34847
34851
34851
34851
34858
34859
34869
34870
34874
34874
34877
34881
34883
34884
34887
34889
34890
34892
34895
34895
34901
34907
34908
34912
34912
34916
34918
34919
34929
34931
34936
34938
34940
34950
34954
34955
34958
34963
34965
34970
34972
34974
34975
34983
34985
34991
34991
35005
35008
35009
35010
35012
35017
35021
35023
35024
35031
35046
35049
35050
35054
35054
35060
35063
35073
35074
35081
35082
35083
35085
35085
35094
35094
35105
35106
35107
35109
35111
35114
35116
35117
35128
35129
35132
35134
35138
35143
35144
35145
35147
35149
35156
35156
35162
35167
35176
35176
35179
35183
35191
35198
35198
35202
35205
35205
35206
35209
35212
35217
35219
35220
35226
35228
35231
35236
35241
35244
35244
35248
35259
35262
35268
35269
35269
35272
35276
35276
35280
35283
35286
35291
35291
35295
35300
35307
35312
35316
35320
35320
35321
35321
35321
35324
35326
35327
35328
35331
35337
35344
35345
35351
35353
35354
35360
35362
35362
35366
35369
35372
35376
35383
35390
35392
35395
35397
35397
35401
35406
35409
35413
35414
35419
35420
35425
35429
35432
35434
35436
35437
35441
35443
35449
35453
35457
35463
35465
35469
35474
35476
35480
35484
35495
35498
35505
35509
35513
35522
35522
35523
35527
35528
35533
35537
35537
35541
35544
35545
35548
35549
35554
35555
35560
35560
35565
35565
35566
35570
35577
35578
35595
35598
35601
35608
35609
35610
35612
35621
35623
35625
35631
35637
35645
35651
35653
35656
35659
35662
35664
35666
35668
35669
35672
35675
35678
35680
35682
35689
35694
35698
35702
35705
35712
35714
35715
35723
35732
35733
35733
35735
35738
35739
35742
35749
35755
35755
35757
35760
35768
35770
35778
35786
35789
35795
35796
35800
35801
35803
35805
35821
35821
35835
35836
35842
35843
35849
35853
35854
35856
35856
35862
35868
35876
35879
35881
35888
35893
35894
35896
35899
35899
35901
35902
35905
35907
35908
35915
35918
35920
35924
35925
35926
35928
35929
35933
35937
35938
35940
35943
35945
35949
35950
35959
35965
35969
35978
35982
35983
35985
35987
35989
35992
36000
36007
36008
36012
36013
36019
36020
36024
36027
36030
36030
36035
36051
36053
36055
36062
36064
36067
36070
36072
36073
36076
36081
36083
36089
36091
36091
36100
36106
36108
36108
36109
36112
36114
36119
36126
36133
36134
36134
36135
36137
36139
36142
36145
36146
36149
36151
36153
36157
36159
36160
36162
36165
36173
36178
36178
36180
36190
36195
36195
36199
36200
36204
36206
36211
36212
36216
36223
36223
36229
36231
36232
36234
36240
36245
36248
36250
36250
36251
36254
36254
36258
36261
36263
36269
36273
36274
36283
36297
36297
36299
36300
36305
36310
36314
36315
36316
36322
36325
36328
36330
36332
36345
36349
36350
36351
36354
36355
36357
36361
36366
36367
36369
36371
36376
36382
36385
36403
36409
36413
36419
36424
36427
36429
36430
36432
36442
36447
36452
36455
36456
36461
36463
36464
36464
36469
36470
36471
36476
36478
36481
36487
36487
36492
36494
36499
36501
36506
36508
36511
36513
36518
36520
36521
36527
36528
36528
36529
36531
36538
36541
36542
36543
36547
36551
36552
36553
36554
36556
36556
36558
36563
36565
36565
36575
36577
36578
36578
36581
36585
36585
36586
36591
36602
36603
36604
36605
36607
36610
36615
36615
36620
36624
36627
36631
36634
36637
36639
36649
36652
36653
36655
36659
36659
36659
36662
36667
36672
36676
36677
36680
36681
36684
36686
36689
36691
36692
36695
36698
36700
36705
36705
36707
36708
36709
36710
36710
36714
36720
36722
36726
36727
36727
36731
36733
36734
36740
36744
36745
36746
36747
36752
36755
36761
36763
36772
36776
36778
36782
36783
36790
36800
36804
36815
36824
36828
36833
36834
36837
36842
36842
36846
36849
36861
36866
36868
36868
36870
36870
36879
36884
36886
36886
36888
36895
36902
36915
36921
36923
36923
36926
36935
36938
36945
36945
36947
36949
36956
36959
36964
36965
36968
36969
36974
36984
36988
36992
36993
36995
37000
37003
37003
37005
37010
37010
37012
37018
37022
37022
37023
37024
37028
37031
37031
37034
37035
37042
37045
37046
37047
37049
37052
37052
37060
37062
37063
37067
37074
37079
37080
37083
37086
37088
37088
37090
37094
37099
37105
37112
37114
37115
37115
37117
37120
37122
37134
37136
37138
37143
37146
37147
37149
37154
37157
37168
37172
37174
37186
37190
37193
37196
37197
37200
37207
37211
37216
37219
37220
37222
37228
37228
37230
37232
37235
37241
37245
37254
37255
37255
37263
37270
37277
37285
37293
37294
37301
37305
37312
37315
37322
37325
37326
37326
37328
37331
37331
37334
37335
37335
37340
37343
37347
37349
37352
37353
37355
37355
37356
37358
37362
37362
37365
37374
37376
37382
37382
37387
37389
37396
37398
37401
37403
37406
37408
37408
37416
37424
37424
37426
37432
37435
37438
37442
37444
37446
37448
37457
37459
37462
37463
37465
37470
37471
37473
37474
37477
37480
37483
37494
37499
37502
37503
37504
37508
37511
37512
37512
37513
37513
37521
37524
37528
37530
37531
37536
37537
37540
37542
37544
37553
37554
37557
37557
37561
37573
37580
37581
37583
37584
37584
37584
37587
37594
37604
37605
37608
37610
37610
37614
37615
37616
37621
37623
37623
37624
37627
37631
37634
37638
37639
37639
37643
37650
37652
37652
37658
37658
37662
37666
37667
37672
37674
37676
37677
37680
37683
37705
37712
37719
37721
37725
37725
37738
37742
37745
37748
37748
37749
37750
37753
37757
37762
37765
37770
37778
37785
37790
37791
37797
37800
37810
37812
37814
37814
37818
37818
37826
37828
37830
37833
37836
37839
37843
37847
37849
37849
37854
37856
37858
37862
37865
37871
37875
37880
37883
37887
37889
37893
37895
37898
37900
37904
37907
37910
37913
37916
37918
37920
37922
37922
37931
37935
37937
37942
37943
37951
37953
37955
37959
37962
37964
37965
37965
37971
37979
37985
37987
37988
37993
37994
37994
37997
37998
38003
38013
38016
38019
38023
38029
38032
38035
38038
38040
38044
38044
38048
38049
38055
38059
38063
38067
38070
38071
38071
38074
38076
38080
38081
38087
38091
38093
38095
38107
38111
38111
38112
38113
38117
38122
38125
38126
38126
38136
38142
38142
38152
38161
38164
38169
38174
38184
38189
38190
38193
38195
38197
38200
38200
38205
38208
38209
38212
38214
38215
38216
38217
38220
38223
38225
38241
38245
38247
38250
38254
38256
38256
38258
38262
38266
38269
38274
38278
38279
38285
38295
38299
38309
38316
38325
38332
38334
38344
38353
38356
38361
38365
38371
38371
38380
38383
38385
38387
38388
38390
38390
38399
38401
38405
38408
38412
38415
38421
38426
38430
38431
38433
38434
38438
38441
38446
38447
38449
38456
38458
38462
38465
38466
38466
38469
38471
38474
38474
38478
38481
38482
38482
38484
38487
38495
38499
38500
38505
38508
38508
38517
38517
38530
38537
38540
38541
38545
38550
38552
38557
38563
38564
38566
38566
38574
38576
38576
38584
38584
38585
38591
38591
38591
38601
38617
38619
38621
38623
38625
38633
38636
38641
38647
38651
38655
38656
38659
38660
38665
38665
38668
38673
38674
38682
38686
38689
38697
38701
38701
38704
38706
38709
38715
38718
38725
38728
38735
38744
38747
38749
38749
38753
38758
38765
38768
38771
38775
38784
38786
38789
38796
38797
38798
38803
38803
38810
38811
38820
38826
38830
38836
38839
38845
38847
38852
38853
38857
38862
38865
38867
38869
38870
38874
38877
38880
38883
38886
38892
38895
38901
38902
38902
38904
38905
38907
38909
38912
38914
38921
38923
38928
38928
38930
38936
38940
38940
38943
38949
38949
38950
38958
38960
38960
38963
38963
38972
38974
38975
38979
38990
38992
38995
38998
39000
39004
39008
39008
39013
39018
39019
39022
39026
39027
39027
39027
39027
39030
39031
39033
39036
39039
39043
39045
39047
39048
39055
39063
39063
39065
39067
39071
39074
39077
39079
39085
39092
39092
39093
39099
39102
39104
39112
39113
39118
39133
39133
39139
39145
39147
39148
39150
39153
39164
39169
39180
39181
39181
39185
39194
39194
39195
39197
39201
39216
39217
39222
39226
39234
39234
39242
39245
39247
39249
39256
39257
39266
39268
39271
39277
39283
39283
39285
39289
39290
39297
39304
39305
39307
39312
39314
39320
39322
39322
39325
39329
39335
39336
39339
39341
39343
39348
39350
39359
39360
39361
39366
39371
39376
39383
39385
39391
39398
39401
39402
39403
39408
39410
39414
39418
39421
39431
39434
39442
39445
39446
39446
39451
39455
39457
39460
39468
39468
39470
39470
39476
39479
39488
39489
39491
39491
39492
39493
39494
39499
39502
39503
39504
39511
39516
39520
39521
39523
39524
39524
39527
39529
39529
39536
39537
39539
39545
39549
39555
39557
39564
39567
39574
39580
39586
39586
39591
39594
39594
39600
39602
39605
39607
39612
39621
39621
39621
39624
39630
39634
39635
39638
39641
39647
39648
39650
39652
39658
39661
39666
39669
39679
39682
39686
39689
39692
39694
39697
39700
39705
39707
39709
39711
39714
39715
39722
39727
39731
39732
39734
39738
39740
39743
39746
39749
39752
39756
39761
39768
39770
39774
39780
39785
39786
39790
39791
39793
39795
39803
39805
39809
39810
39823
39826
39831
39836
39842
39849
39852
39854
39855
39855
39857
39861
39869
39872
39881
39891
39893
39895
39897
39900
39902
39904
39910
39913
39913
39918
39919
39923
39924
39926
39927
39931
39932
39934
39940
39941
39941
39941
39943
39945
39950
39954
39957
39960
39963
39966
39971
39971
39972
39973
39976
39980
39982
39984
39985
39985
39989
39992
39994
39996
39999
40002
40005
40009
40022
40024
40024
40028
40028
40028
40029
40034
40036
40044
40048
40050
40062
40063
40066
40069
40073
40078
40079
40080
40083
40086
40088
40092
40094
40097
40102
40106
40110
40113
40114
40120
40121
40122
40125
40127
40134
40138
40141
40151
40152
40157
40158
40166
40169
40172
40175
40176
40177
40180
40185
40187
40192
40198
40199
40202
40205
40210
40213
40221
40222
40222
40226
40233
40235
40239
40245
40249
40254
40268
40277
40284
40285
40295
40300
40303
40313
40316
40319
40327
40330
40341
40346
40351
40352
40359
40361
40364
40371
40374
40377
40379
40382
40386
40388
40389
40403
40412
40412
40414
40421
40423
40429
40433
40437
40447
40452
40453
40456
40458
40465
40469
40470
40474
40476
40479
40482
40488
40489
40493
40498
40498
40500
40503
40507
40512
40512
40536
40543
40543
40546
40554
40562
40564
40566
40567
40569
40572
40574
40577
40580
40590
40594
40595
40598
40611
40611
40617
40617
40620
40622
40625
40630
40634
40639
40640
40642
40644
40650
40657
40658
40661
40678
40679
40684
40687
40694
40697
40698
40701
40706
40709
40715
40716
40717
40725
40726
40728
40736
40739
40741
40741
40743
40747
40757
40758
40759
40768
40772
40779
40780
40781
40782
40783
40787
40802
40808
40813
40818
40822
40825
40831
40835
40839
40841
40848
40849
40850
40855
40857
40862
40864
40872
40879
40880
40881
40885
40892
40897
40900
40904
40913
40920
40922
40928
40930
40931
40935
40935
40937
40940
40942
40943
40944
40948
40951
40952
40959
40960
40961
40963
40965
40971
40973
40983
40983
40985
40990
41002
41004
41007
41012
41019
41024
41026
41035
41046
41049
41052
41055
41058
41064
41067
41070
41071
41072
41075
41076
41084
41086
41087
41089
41091
41093
41097
41098
41102
41108
41110
41110
41111
41118
41119
41124
41125
41127
41129
41131
41134
41141
41143
41147
41151
41153
41153
41158
41158
41161
41163
41164
41166
41166
41166
41169
41172
41172
41176
41177
41181
41181
41184
41187
41188
41197
41198
41198
41202
41210
41216
41220
41220
41229
41230
41237
41239
41240
41241
41242
41248
41248
41258
41260
41264
41267
41269
41270
41274
41276
41281
41285
41287
41289
41293
41295
41296
41297
41300
41303
41304
41310
41313
41315
41320
41322
41326
41328
41332
41335
41337
41337
41338
41340
41343
41350
41352
41361
41364
41367
41371
41374
41377
41379
41381
41386
41389
41392
41396
41398
41408
41413
41417
41429
41437
41443
41444
41447
41448
41448
41455
41462
41463
41466
41468
41471
41483
41487
41495
41498
41498
41502
41504
41507
41509
41516
41517
41518
41518
41524
41527
41531
41534
41537
41538
41539
41544
41552
41555
41558
41563
41564
41566
41575
41580
41584
41587
41593
41598
41600
41604
41610
41610
41614
41622
41626
41629
41633
41636
41638
41639
41643
41646
41648
41649
41650
41651
41655
41658
41658
41659
41665
41668
41670
41676
41677
41682
41686
41691
41693
41697
41701
41703
41707
41711
41715
41722
41723
41730
41737
41740
41748
41753
41756
41759
41764
41765
41767
41770
41772
41772
41775
41776
41778
41782
41785
41789
41789
41794
41803
41809
41817
41817
41825
41828
41829
41832
41832
41835
41843
41846
41851
41853
41854
41855
41866
41869
41872
41880
41886
41889
41891
41895
41903
41903
41910
41913
41923
41925
41927
41928
41931
41933
41939
41940
41944
41944
41948
41954
41958
41960
41964
41966
41970
41973
41975
41976
41978
41980
41986
41987
41988
41989
41999
42002
42003
42004
42007
42019
42020
42026
42026
42032
42034
42037
42038
42047
42049
42054
42056
42070
42071
42076
42078
42081
42083
42087
42101
42107
42111
42117
42117
42124
42129
42130
42137
42141
42144
42150
42153
42158
42159
42166
42168
42173
42178
42183
42187
42189
42195
42199
42204
42213
42221
42224
42226
42228
42230
42234
42238
42244
42245
42248
42256
42258
42260
42267
42268
42269
42270
42270
42274
42275
42287
42288
42293
42293
42294
42298
42302
42305
42306
42317
42317
42318
42321
42325
42326
42328
42331
42331
42332
42338
42340
42349
42352
42361
42363
42368
42373
42378
42385
42387
42388
42393
42411
42411
42420
42429
42437
42439
42439
42449
42450
42453
42454
42458
42459
42463
42466
42477
42482
42487
42489
42489
42489
42497
42501
42508
42510
42516
42520
42525
42529
42533
42539
42542
42547
42549
42558
42558
42561
42562
42565
42566
42570
42572
42576
42576
42579
42583
42585
42588
42597
42603
42608
42611
42613
42620
42623
42630
42635
42639
42642
42643
42650
42654
42655
42663
42668
42676
42684
42687
42688
42696
42699
42699
42700
42704
42709
42721
42726
42730
42731
42733
42739
42745
42749
42754
42756
42758
42760
42763
42764
42770
42772
42782
42784
42787
42788
42792
42798
42800
42805
42806
42809
42817
42823
42826
42827
42834
42838
42841
42846
42849
42852
42856
42867
42876
42880
42881
42883
42886
42888
42892
42896
42897
42902
42912
42912
42919
42929
42936
42942
42944
42946
42951
42958
42963
42966
42973
42974
42979
42984
42985
42989
42989
42990
42992
42994
43005
43011
43011
43012
43012
43016
43017
43022
43025
43034
43035
43036
43041
43048
43050
43051
43059
43060
43064
43070
43074
43080
43085
43087
43090
43095
43100
43104
43113
43114
43117
43122
43122
43126
43129
43134
43137
43140
43142
43148
43155
43158
43163
43170
43172
43180
43182
43184
43185
43189
43195
43197
43200
43202
43205
43211
43213
43219
43222
43225
43226
43230
43234
43238
43238
43245
43247
43248
43254
43255
43261
43264
43272
43275
43281
43286
43286
43294
43294
43297
43299
43305
43309
43314
43316
43328
43329
43331
43342
43345
43351
43352
43354
43355
43359
43362
43367
43367
43368
43374
43377
43379
43380
43386
43390
43397
43406
43408
43412
43415
43418
43429
43431
43435
43437
43445
43446
43449
43450
43455
43456
43470
43472
43474
43477
43487
43493
43494
43503
43505
43506
43509
43513
43518
43520
43521
43525
43532
43538
43544
43547
43549
43552
43566
43569
43569
43570
43578
43580
43582
43585
43586
43588
43592
43594
43596
43601
43606
43607
43607
43608
43611
43612
43614
43618
43620
43622
43625
43644
43646
43653
43654
43659
43661
43665
43669
43671
43676
43682
43691
43707
43715
43717
43720
43722
43722
43735
43735
43739
43742
43750
43752
43756
43757
43760
43764
43769
43774
43776
43778
43781
43781
43788
43791
43794
43801
43805
43809
43817
43820
43820
43820
43828
43830
43830
43855
43855
43861
43862
43864
43865
43868
43870
43873
43874
43876
43878
43883
43884
43890
43897
43902
43912
43922
43925
43928
43933
43940
43944
43948
43953
43960
43967
43967
43976
43979
43985
43989
43992
43996
43999
44001
44005
44006
44013
44024
44026
44031
44039
44042
44048
44054
44064
44066
44067
44071
44078
44083
44085
44086
44092
44094
44099
44103
44118
44124
44127
44128
44132
44136
44140
44140
44145
44150
44157
44163
44168
44170
44173
44174
44175
44179
44185
44187
44192
44195
44197
44200
44203
44211
44214
44217
44221
44223
44224
44231
44233
44237
44244
44253
44257
44258
44264
44271
44275
44277
44281
44284
44287
44290
44293
44297
44310
44313
44314
44323
44325
44335
44335
44337
44341
44348
44358
44362
44369
44375
44378
44380
44385
44392
44393
44394
44401
44407
44410
44417
44419
44420
44426
44434
44435
44439
44448
44450
44457
44462
44465
44469
44472
44476
44482
44487
44492
44497
44500
44501
44505
44506
44509
44510
44516
44516
44517
44521
44524
44527
44533
44545
44551
44555
44558
44561
44567
44568
44576
44580
44584
44589
44593
44602
44605
44606
44609
44612
44615
44615
44617
44620
44622
44627
44630
44635
44636
44638
44641
44645
44648
44650
44654
44660
44663
44663
44673
44673
44680
44691
44697
44699
44704
44706
44710
44712
44712
44718
44724
44731
44736
44737
44743
44745
44754
44756
44763
44765
44773
44775
44780
44782
44783
44789
44795
44801
44803
44812
44813
44814
44815
44818
44819
44820
44822
44826
44830
44832
44832
44843
44847
44853
44855
44859
44861
44869
44874
44883
44885
44886
44888
44893
44897
44899
44901
44904
44911
44913
44923
44930
44938
44942
44942
44951
44953
44959
44963
44964
44968
44970
44972
44979
44982
44983
44988
44994
44998
44999
45001
45003
45007
45011
45013
45016
45020
45023
45025
45033
45037
45045
45051
45052
45056
45057
45062
45064
45076
45079
45084
45087
45091
45094
45095
45098
45099
45099
45103
45108
45110
45115
45118
45118
45122
45125
45128
45132
45136
45141
45143
45146
45147
45148
45154
45168
45173
45177
45180
45181
45184
45188
45191
45198
45201
45210
45213
45220
45222
45224
45231
45234
45236
45240
45240
45241
45244
45247
45250
45251
45254
45256
45260
45270
45275
45283
45291
45291
45304
45308
45320
45323
45330
45332
45334
45335
45340
45343
45346
45350
45354
45363
45364
45367
45369
45373
45375
45376
45377
45385
45390
45393
45394
45395
45396
45397
45401
45408
45412
45412
45418
45443
45446
45448
45458
45459
45462
45465
45465
45469
45471
45475
45477
45481
45482
45484
45485
45487
45495
45503
45507
45507
45512
45516
45522
45523
45526
45526
45527
45533
45544
45546
45552
45557
45562
45566
45569
45571
45576
45578
45581
45583
45584
45586
45589
45596
45598
45602
45607
45608
45614
45621
45623
45626
45630
45633
45636
45638
45643
45647
45654
45659
45661
45665
45668
45670
45673
45674
45675
45684
45686
45693
45695
45698
45699
45702
45706
45710
45718
45720
45723
45728
45736
45742
45751
45752
45758
45762
45766
45770
45771
45775
45781
45783
45791
45793
45795
45797
45800
45803
45808
45821
45823
45830
45831
45832
45835
45836
45838
45841
45841
45844
45847
45856
45859
45861
45864
45873
45877
45880
45884
45896
45898
45900
45903
45907
45909
45913
45917
45923
45927
45930
45937
45942
45945
45954
45958
45965
45980
45982
45982
45988
45999
46014
46015
46016
46024
46025
46030
46036
46042
46047
46050
46053
46055
46058
46064
46074
46077
46078
46080
46082
46085
46087
46091
46094
46095
46097
46103
46106
46109
46119
46128
46140
46143
46146
46157
46157
46159
46163
46164
46166
46169
46174
46176
46179
46180
46183
46187
46196
46197
46201
46207
46217
46219
46221
46230
46245
46251
46261
46262
46266
46276
46282
46286
46288
46289
46291
46294
46301
46304
46306
46309
46310
46315
46318
46320
46329
46332
46335
46339
46345
46345
46347
46353
46362
46363
46377
46379
46386
46391
46393
46398
46405
46408
46411
46417
46420
46423
46428
46432
46435
46440
46443
46447
46452
46456
46464
46469
46474
46478
46478
46478
46481
46489
46489
46491
46496
46496
46501
46505
46509
46518
46523
46527
46535
46537
46539
46549
46562
46564
46566
46576
46581
46583
46588
46589
46592
46597
46598
46600
46602
46604
46610
46611
46612
46618
46623
46625
46629
46632
46637
46646
46651
46653
46661
46665
46666
46670
46678
46681
46687
46689
46690
46694
46698
46700
46711
46716
46717
46719
46721
46724
46730
46732
46733
46740
46744
46747
46750
46753
46767
46771
46775
46777
46780
46783
46786
46789
46791
46792
46792
46797
46803
46807
46810
46812
46817
46818
46820
46824
46826
46828
46829
46834
46838
46843
46846
46847
46853
46853
46859
46861
46871
46874
46876
46882
46882
46885
46888
46892
46901
46903
46911
46912
46913
46918
46921
46927
46929
46930
46938
46940
46955
46957
46959
46961
46964
46964
46970
46973
46977
46979
46980
46988
46995
46998
47001
47005
47011
47014
47016
47018
47019
47022
47027
47033
47034
47035
47037
47047
47055
47059
47066
47069
47076
47083
47086
47094
47097
47105
47112
47117
47127
47129
47133
47137
47143
47144
47148
47151
47162
47165
47169
47172
47177
47177
47180
47180
47182
47188
47195
47198
47201
47213
47218
47218
47222
47224
47233
47238
47242
47247
47255
47258
47261
47262
47264
47270
47274
47276
47280
47282
47282
47288
47290
47293
47298
47303
47310
47318
47324
47325
47331
47334
47336
47343
47345
47348
47351
47355
47355
47356
47359
47367
47371
47378
47380
47385
47389
47391
47397
47401
47402
47406
47409
47417
47420
47425
47426
47427
47431
47433
47434
47438
47442
47448
47452
47459
47464
47465
47466
47467
47472
47475
47478
47490
47493
47494
47498
47503
47510
47511
47512
47514
47519
47520
47528
47529
47533
47535
47539
47543
47545
47548
47551
47559
47561
47575
47588
47593
47600
47604
47606
47607
47608
47611
47616
47623
47628
47632
47633
47635
47639
47641
47641
47654
47664
47671
47677
47680
47681
47687
47692
47699
47703
47704
47708
47713
47724
47726
47729
47734
47742
47747
47751
47754
47758
47760
47762
47764
47768
47778
47780
47784
47787
47796
47797
47799
47800
47804
47809
47811
47818
47820
47823
47825
47827
47828
47832
47835
47835
47838
47840
47843
47844
47848
47855
47856
47857
47859
47866
47872
47877
47879
47880
47883
47884
47895
47898
47901
47902
47904
47909
47917
47922
47927
47934
47936
47938
47940
47950
47956
47959
47966
47970
47973
47975
47982
47985
47986
47989
47991
47997
48002
48004
48009
48011
48014
48017
48017
48020
48022
48027
48033
48035
48045
48052
48056
48060
48068
48069
48073
48074
48076
48079
48081
48085
48091
48093
48095
48104
48107
48109
48115
48117
48123
48125
48129
48137
48143
48148
48151
48159
48165
48166
48167
48174
48177
48183
48186
48198
48198
48205
48210
48216
48216
48219
48221
48232
48235
48242
48246
48247
48250
48253
48255
48266
48267
48276
48278
48278
48283
48288
48292
48294
48305
48306
48310
48312
48315
48324
48326
48328
48328
48332
48335
48336
48341
48347
48353
48355
48356
48363
48363
48366
48368
48377
48379
48380
48384
48386
48388
48394
48398
48407
48415
48426
48429
48432
48439
48440
48443
48451
48454
48462
48467
48472
48478
48481
48481
48485
48491
48498
48505
48505
48517
48522
48524
48526
48528
48534
48538
48542
48545
48546
48552
48555
48559
48562
48563
48569
48575
48580
48583
48583
48589
48590
48594
48600
48602
48606
48609
48612
48619
48625
48627
48632
48635
48636
48636
48640
48644
48651
48657
48664
48667
48669
48671
48671
48673
48677
48678
48682
48689
48696
48700
48711
48714
48721
48726
48729
48736
48744
48746
48746
48748
48751
48753
48756
48757
48761
48766
48766
48775
48780
48784
48785
48800
48802
48805
48808
48813
48815
48819
48821
48824
48829
48829
48832
48834
48849
48858
48865
48866
48871
48877
48880
48883
48894
48894
48906
48907
48910
48910
48918
48923
48928
48934
48938
48940
48942
48944
48945
48951
48958
48964
48965
48970
48973
48975
48977
48981
48985
48988
48992
48998
49002
49005
49006
49011
49018
49022
49026
49032
49035
49041
49044
49049
49052
49062
49070
49075
49079
49085
49090
49090
49098
49101
49104
49110
49115
49120
49122
49124
49126
49135
49139
49141
49142
49145
49150
49157
49158
49160
49165
49173
49180
49185
49194
49201
49206
49213
49218
49224
49224
49226
49230
49239
49247
49249
49253
49255
49256
49260
49262
49264
49268
49271
49271
49272
49277
49291
49298
49301
49304
49305
49309
49313
49314
49315
49331
49334
49334
49341
49345
49348
49354
49360
49362
49362
49364
49366
49370
49379
49384
49392
49399
49405
49410
49411
49417
49427
49427
49429
49430
49433
49435
49438
49440
49447
49452
49458
49462
49469
49474
49477
49480
49481
49485
49499
49502
49507
49511
49516
49528
49533
49543
49546
49551
49554
49558
49564
49570
49573
49580
49582
49600
49601
49604
49609
49614
49615
49616
49622
49623
49628
49633
49637
49638
49644
49653
49654
49656
49660
49671
49673
49673
49693
49701
49705
49707
49709
49713
49717
49719
49721
49722
49723
49726
49730
49735
49737
49743
49750
49756
49767
49768
49777
49781
49784
49787
49791
49797
49800
49804
49806
49811
49812
49824
49826
49831
49837
49847
49849
49853
49855
49856
49861
49862
49866
49872
49874
49877
49880
49886
49890
49898
49901
49903
49907
49915
49920
49924
49925
49931
49933
49935
49938
49944
49946
49950
49957
49967
49971
49977
49983
49985
49988
49992
49999
-1
-1
-1
-1
-1
-1
-1
-1
-1
-1
-1
-1
-1
-1
-1
-1
-1
-1
-1
-1
-1
-1
-1
-1
-1
-1
-1
-1
-1
-1
-1
-1
-1
-1
-1
-1
-1
-1
-1
-1
-1
-1
-1
-1
-1
-1
-1
-1
-1
-1
-1
-1
-1
-1
-1
-1
-1
-1
-1
-1
-1
-1
-1
-1
-1
-1
-1
-1
-1
-1
-1
-1
-1
-1
-1
-1
-1
-1
-1
-1
-1
-1
-1
-1
-1
-1
-1
-1
-1
-1
-1
-1
-1
-1
-1
-1
-1
-1
-1
-1
-1
-1
-1
-1
-1
-1
-1
-1
-1
-1
-1
-1
-1
-1
-1
-1
-1
-1
-1
-1
-1
-1
-1
-1
-1
-1
-1
-1
-1
-1
-1
-1
-1
-1
-1
-1
-1
-1
-1
-1
-1
-1
-1
-1
-1
-1
-1
-1
-1
-1
-1
-1
-1
-1
-1
-1
-1
-1
-1
-1
-1
-1
-1
-1
-1
-1
-1
-1
-1
-1
-1
-1
-1
-1
-1
-1
-1
-1
-1
-1
-1
-1
-1
-1
-1
-1
-1
-1
-1
-1
-1
-1
-1
-1
-1
-1
-1
-1
-1
-1
-1
-1
-1
-1
-1
-1
-1
-1
-1
-1
-1
-1
-1
-1
-1
-1
-1
-1
-1
-1
-1
-1
-1
-1
-1
-1
-1
-1
-1
-1
-1
-1
-1
-1
-1
-1
-1
-1
-1
-1
-1
-1
-1
-1
-1
-1
-1
-1
-1
-1
-1
-1
-1
-1
-1
-1
-1
-1
-1
-1
-1
-1
-1
-1
-1
-1
-1
-1
-1
-1
-1
-1
-1
-1
-1
-1
-1
-1
-1
-1
-1
-1
-1
-1
-1
-1
-1
-1
-1
-1
-1
-1
-1
-1
-1
-1
-1
-1
-1
-1
-1
-1
-1
-1
-1
-1
-1
-1
-1
-1
-1
-1
-1
-1
-1
-1
-1
-1
-1
-1
-1
-1
-1
-1
-1
-1
-1
-1
-1
-1
-1
-1
-1
-1
-1
-1
-1
-1
-1
-1
-1
-1
-1
-1
-1
-1
-1
-1
-1
-1
-1
-1
-1
-1
-1
-1
-1
-1
-1
-1
-1
-1
-1
-1
-1
-1
-1
-1
-1
-1
-1
-1
-1
-1
-1
-1
-1
-1
-1
-1
-1
-1
-1
-1
-1
-1
-1
-1
-1
-1
-1
-1
-1
-1
-1
-1
-1
-1
-1
-1
-1
-1
-1
-1
-1
-1
-1
-1
-1
-1
-1
-1
-1
-1
-1
-1
-1
-1
-1
-1
-1
-1
-1
-1
-1
-1
-1
-1
-1
-1
-1
-1
-1
-1
-1
-1
-1
-1
-1
-1
-1
-1
-1
-1
-1
-1
-1
-1
-1
-1
-1
-1
-1
-1
-1
-1
-1
-1
-1
-1
-1
-1
-1
-1
-1
-1
-1
-1
-1
-1
-1
-1
-1
-1
-1
-1
-1
-1
-1
-1
-1
-1
-1
-1
-1
-1
-1
-1
-1
-1
-1
-1
-1
-1
-1
-1
-1
-1
-1
-1
-1
-1
-1
-1
-1
-1
-1
-1
-1
-1
-1
-1
-1
-1
-1
-1
-1
-1
-1
-1
-1
-1
-1
-1
-1
-1
-1
-1
-1
-1
-1
-1
-1
-1
-1
-1
-1
-1
-1
-1
-1
-1
-1
-1
-1
-1
-1
-1
-1
-1
-1
-1
-1
-1
-1
-1
-1
-1
-1
-1
-1
-1
-1
-1
-1
-1
-1
-1
-1
-1
-1
-1
-1
-1
-1
-1
-1
-1
-1
-1
-1
-1
-1
-1
-1
-1
-1
-1
-1
-1
-1
-1
-1
-1
-1
-1
-1
-1
-1
-1
-1
-1
-1
-1
-1
-1
-1
-1
-1
-1
-1
-1
-1
-1
-1
-1
-1
-1
-1
-1
-1
-1
-1
-1
-1
-1
-1
-1
-1
-1
-1
-1
-1
-1
-1
-1
-1
-1
-1
-1
-1
-1
-1
-1
-1
-1
-1
-1
-1
-1
-1
-1
-1
-1
-1
-1
-1
-1
-1
-1
-1
-1
-1
-1
-1
-1
-1
-1
-1
-1
-1
-1
-1
-1
-1
-1
-1
-1
-1
-1
-1
-1
-1
-1
-1
-1
-1
-1
-1
-1
-1
-1
-1
-1
-1
-1
-1
-1
-1
-1
-1
-1
-1
-1
-1
-1
-1
-1
-1
-1
-1
-1
-1
-1
-1
-1
-1
-1
-1
-1
-1
-1
-1
-1
-1
-1
-1
-1
-1
-1
-1
-1
-1
-1
-1
-1
-1
-1
-1
-1
-1
-1
-1
-1
-1
-1
-1
-1
-1
-1
-1
-1
-1
-1
-1
-1
-1
-1
-1
-1
-1
-1
-1
-1
-1
-1
-1
-1
-1
-1
-1
-1
-1
-1
-1
-1
-1
-1
-1
-1
-1
-1
-1
-1
-1
-1
-1
-1
-1
-1
-1
-1
-1
-1
-1
-1
-1
-1
-1
-1
-1
-1
-1
-1
-1
-1
-1
-1
-1
-1
-1
-1
-1
-1
-1
-1
-1
-1
-1
-1
-1
-1
-1
-1
-1
-1
-1
-1
-1
-1
-1
-1
-1
-1
-1
-1
-1
-1
-1
-1
-1
-1
-1
-1
-1
-1
-1
-1
-1
-1
-1
-1
-1
-1
-1
-1
-1
-1
-1
-1
-1
-1
-1
-1
-1
-1
-1
-1
-1
-1
-1
-1
-1
-1
-1
-1
-1
-1
-1
-1
-1
-1
-1
-1
-1
-1
-1
-1
-1
-1
-1
-1
-1
-1
-1
-1
-1
-1
-1
-1
-1
-1
-1
-1
-1
-1
-1
-1
-1
-1
-1
-1
-1
-1
-1
-1
-1
-1
-1
-1
-1
-1
-1
-1
-1
-1
-1
-1
-1
-1
-1
-1
-1
-1
-1
-1
-1
-1
-1
-1
-1
-1
-1
-1
-1
-1
-1
-1
-1
-1
-1
-1
-1
-1
-1
-1
-1
-1
-1
-1
-1
-1
-1
-1
-1
-1
-1
-1
-1
-1
-1
-1
-1
-1
-1
-1
-1
-1
-1
-1
-1
-1
-1
-1
-1
-1
-1
-1
-1
-1
-1
-1
-1
-1
-1
-1
-1
-1
-1
-1
-1
-1
-1
-1
-1
-1
-1
-1
-1
-1
-1
-1
-1
-1
-1
-1
-1
-1
-1
-1
-1
-1
-1
-1
-1
-1
-1
-1
-1
-1
-1
-1
-1
-1
-1
-1
-1
-1
-1
-1
-1
-1
-1
-1
-1
-1
-1
-1
-1
-1
-1
-1
-1
-1
-1
-1
-1
-1
-1
-1
-1
-1
-1
-1
-1
-1
-1
-1
-1
-1
-1
-1
-1
-1
-1
-1
-1
-1
-1
-1
-1
-1
-1
-1
-1
-1
-1
-1
-1
-1
-1
-1
-1
-1
-1
-1
-1
-1
-1
-1
-1
-1
-1
-1
-1
-1
-1
-1
-1
-1
-1
-1
-1
-1
-1
-1
-1
-1
-1
-1
-1
-1
-1
-1
-1
-1
-1
-1
-1
-1
-1
-1
-1
-1
-1
-1
-1
-1
-1
-1
-1
-1
-1
-1
-1
-1
-1
-1
-1
-1
-1
-1
-1
-1
-1
-1
-1
-1
-1
-1
-1
-1
-1
-1
-1
-1
-1
-1
-1
-1
-1
-1
-1
-1
-1
-1
-1
-1
-1
-1
-1
-1
-1
-1
-1
-1
-1
-1
-1
-1
-1
-1
-1
-1
-1
-1
-1
-1
-1
-1
-1
-1
-1
-1
-1
-1
-1
-1
-1
-1
-1
-1
-1
-1
-1
-1
-1
-1
-1
-1
-1
-1
-1
-1
-1
-1
-1
-1
-1
-1
-1
-1
-1
-1
-1
-1
-1
-1
-1
-1
-1
-1
-1
-1
-1
-1
-1
-1
-1
-1
-1
-1
-1
-1
-1
-1
-1
-1
-1
-1
-1
-1
-1
-1
-1
-1
-1
-1
-1
-1
-1
-1
-1
-1
-1
-1
-1
-1
-1
-1
-1
-1
-1
-1
-1
-1
-1
-1
-1
-1
-1
-1
-1
-1
-1
-1
-1
-1
-1
-1
-1
-1
-1
-1
-1
-1
-1
-1
-1
-1
-1
-1
-1
-1
-1
-1
-1
-1
-1
-1
-1
-1
-1
-1
-1
-1
-1
-1
-1
-1
-1
-1
-1
-1
-1
-1
-1
-1
-1
-1
-1
-1
-1
-1
-1
-1
-1
-1
-1
-1
-1
-1
-1
-1
-1
-1
-1
-1
-1
-1
-1
-1
-1
-1
-1
-1
-1
-1
-1
-1
-1
-1
-1
-1
-1
-1
-1
-1
-1
-1
-1
-1
-1
-1
-1
-1
-1
-1
-1
-1
-1
-1
-1
-1
-1
-1
-1
-1
-1
-1
-1
-1
-1
-1
-1
-1
-1
-1
-1
-1
-1
-1
-1
-1
-1
-1
-1
-1
-1
-1
-1
-1
-1
-1
-1
-1
-1
-1
-1
-1
-1
-1
-1
-1
-1
-1
-1
-1
-1
-1
-1
-1
-1
-1
-1
-1
-1
-1
-1
-1
-1
-1
-1
-1
-1
-1
-1
-1
-1
-1
-1
-1
-1
-1
-1
-1
-1
-1
-1
-1
-1
-1
-1
-1
-1
-1
-1
-1
-1
-1
-1
-1
-1
-1
-1
-1
-1
-1
-1
-1
-1
-1
-1
-1
-1
-1
-1
-1
-1
-1
-1
-1
-1
-1
-1
-1
-1
-1
-1
-1
-1
-1
-1
-1
-1
-1
-1
-1
-1
-1
-1
-1
-1
-1
-1
-1
-1
-1
-1
-1
-1
-1
-1
-1
-1
-1
-1
-1
-1
-1
-1
-1
-1
-1
-1
-1
-1
-1
-1
-1
-1
-1
-1
-1
-1
-1
-1
-1
-1
-1
-1
-1
-1
-1
-1
-1
-1
-1
-1
-1
-1
-1
-1
-1
-1
-1
-1
-1
-1
-1
-1
-1
-1
-1
-1
-1
-1
-1
-1
-1
-1
-1
-1
-1
-1
-1
-1
-1
-1
-1
-1
-1
-1
-1
-1
-1
-1
-1
-1
-1
-1
-1
-1
-1
-1
-1
-1
-1
-1
-1
-1
-1
-1
-1
-1
-1
-1
-1
-1
-1
-1
-1
-1
-1
-1
-1
-1
-1
-1
-1
-1
-1
-1
-1
-1
-1
-1
-1
-1
-1
-1
-1
-1
-1
-1
-1
-1
-1
-1
-1
-1
-1
-1
-1
-1
-1
-1
-1
-1
-1
-1
-1
-1
-1
-1
-1
-1
-1
-1
-1
-1
-1
-1
-1
-1
-1
-1
-1
-1
-1
-1
-1
-1
-1
-1
-1
-1
-1
-1
-1
-1
-1
-1
-1
-1
-1
-1
-1
-1
-1
-1
-1
-1
-1
-1
-1
-1
-1
-1
-1
-1
-1
-1
-1
-1
-1
-1
-1
-1
-1
-1
-1
-1
-1
-1
-1
-1
-1
-1
-1
-1
-1
-1
-1
-1
-1
-1
-1
-1
-1
-1
-1
-1
-1
-1
-1
-1
-1
-1
-1
-1
-1
-1
-1
-1
-1
-1
-1
-1
-1
-1
-1
-1
-1
-1
-1
-1
-1
-1
-1
-1
-1
-1
-1
-1
-1
-1
-1
-1
-1
-1
-1
-1
-1
-1
-1
-1
-1
-1
-1
-1
-1
-1
-1
-1
-1
-1
-1
-1
-1
-1
-1
-1
-1
-1
-1
-1
-1
-1
-1
-1
-1
-1
-1
-1
-1
-1
-1
-1
-1
-1
-1
-1
-1
-1
-1
-1
-1
-1
-1
-1
-1
-1
-1
-1
-1
-1
-1
-1
-1
-1
-1
-1
-1
-1
-1
-1
-1
-1
-1
-1
-1
-1
-1
-1
-1
-1
-1
-1
-1
-1
-1
-1
-1
-1
-1
-1
-1
-1
-1
-1
-1
-1
-1
-1
-1
-1
-1
-1
-1
-1
-1
-1
-1
-1
-1
-1
-1
-1
-1
-1
-1
-1
-1
-1
-1
-1
-1
-1
-1
-1
-1
-1
-1
-1
-1
-1
-1
-1
-1
-1
-1
-1
-1
-1
-1
-1
-1
-1
-1
-1
-1
-1
-1
-1
-1
-1
-1
-1
-1
-1
-1
-1
-1
-1
-1
-1
-1
-1
-1
-1
-1
-1
-1
-1
-1
-1
-1
-1
-1
-1
-1
-1
-1
-1
-1
-1
-1
-1
-1
-1
-1
-1
-1
-1
-1
-1
-1
-1
-1
-1
-1
-1
-1
-1
-1
-1
-1
-1
-1
-1
-1
-1
-1
-1
-1
-1
-1
-1
-1
-1
-1
-1
-1
-1
-1
-1
-1
-1
-1
-1
-1
-1
-1
-1
-1
-1
-1
-1
-1
-1
-1
-1
-1
-1
-1
-1
-1
-1
-1
-1
-1
-1
-1
-1
-1
-1
-1
-1
-1
-1
-1
-1
-1
-1
-1
-1
-1
-1
-1
-1
-1
-1
-1
-1
-1
-1
-1
-1
-1
-1
-1
-1
-1
-1
-1
-1
-1
-1
-1
-1
-1
-1
-1
-1
-1
-1
-1
-1
-1
-1
-1
-1
-1
-1
-1
-1
-1
-1
-1
-1
-1
-1
-1
-1
-1
-1
-1
-1
-1
-1
-1
-1
-1
-1
-1
-1
-1
-1
-1
-1
-1
-1
-1
-1
-1
-1
-1
-1
-1
-1
-1
-1
-1
-1
-1
-1
-1
-1
-1
-1
-1
-1
-1
-1
-1
-1
-1
-1
-1
-1
-1
-1
-1
-1
-1
-1
-1
-1
-1
-1
-1
-1
-1
-1
-1
-1
-1
-1
-1
-1
-1
-1
-1
-1
-1
-1
-1
-1
-1
-1
-1
-1
-1
-1
-1
-1
-1
-1
-1
-1
-1
-1
-1
-1
-1
-1
-1
-1
-1
-1
-1
-1
-1
-1
-1
-1
-1
-1
-1
-1
-1
-1
-1
-1
-1
-1
-1
-1
-1
-1
-1
-1
-1
-1
-1
-1
-1
-1
-1
-1
-1
-1
-1
-1
-1
-1
-1
-1
-1
-1
-1
-1
-1
-1
-1
-1
-1
-1
-1
-1
-1
-1
-1
-1
-1
-1
-1
-1
-1
-1
-1
-1
-1
-1
-1
-1
-1
-1
-1
-1
-1
-1
-1
-1
-1
-1
-1
-1
-1
-1
-1
-1
-1
-1
-1
-1
-1
-1
-1
-1
-1
-1
-1
-1
-1
-1
-1
-1
-1
-1
-1
-1
-1
-1
-1
-1
-1
-1
-1
-1
-1
-1
-1
-1
-1
-1
-1
-1
-1
-1
-1
-1
-1
-1
-1
-1
-1
-1
-1
-1
-1
-1
-1
-1
-1
-1
-1
-1
-1
-1
-1
-1
-1
-1
-1
-1
-1
-1
-1
-1
-1
-1
-1
-1
-1
-1
-1
-1
-1
-1
-1
-1
-1
-1
-1
-1
-1
-1
-1
-1
-1
-1
-1
-1
-1
-1
-1
-1
-1
-1
-1
-1
-1
-1
-1
-1
-1
-1
-1
-1
-1
-1
-1
-1
-1
-1
-1
-1
-1
-1
-1
-1
-1
-1
-1
-1
-1
-1
-1
-1
-1
-1
-1
-1
-1
-1
-1
-1
-1
-1
-1
-1
-1
-1
-1
-1
-1
-1
-1
-1
-1
-1
-1
-1
-1
-1
-1
-1
-1
-1
-1
-1
-1
-1
-1
-1
-1
-1
-1
-1
-1
-1
-1
-1
-1
-1
-1
-1
-1
-1
-1
-1
-1
-1
-1
-1
-1
-1
-1
-1
-1
-1
-1
-1
-1
-1
-1
-1
-1
-1
-1
-1
-1
-1
-1
-1
-1
-1
-1
-1
-1
-1
-1
-1
-1
-1
-1
-1
-1
-1
-1
-1
-1
-1
-1
-1
-1
-1
-1
-1
-1
-1
-1
-1
-1
-1
-1
-1
-1
-1
-1
-1
-1
-1
-1
-1
-1
-1
-1
-1
-1
-1
-1
-1
-1
-1
-1
-1
-1
-1
-1
-1
-1
-1
-1
-1
-1
-1
-1
-1
-1
-1
-1
-1
-1
-1
-1
-1
-1
-1
-1
-1
-1
-1
-1
-1
-1
-1
-1
-1
-1
-1
-1
-1
-1
-1
-1
-1
-1
-1
-1
-1
-1
-1
-1
-1
-1
-1
-1
-1
-1
-1
-1
-1
-1
-1
-1
-1
-1
-1
-1
-1
-1
-1
-1
-1
-1
-1
-1
-1
-1
-1
-1
-1
-1
-1
-1
-1
-1
-1
-1
-1
-1
-1
-1
-1
-1
-1
-1
-1
-1
-1
-1
-1
-1
-1
-1
-1
-1
-1
-1
-1
-1
-1
-1
-1
-1
-1
-1
-1
-1
-1
-1
-1
-1
-1
-1
-1
-1
-1
-1
-1
-1
-1
-1
-1
-1
-1
-1
-1
-1
-1
-1
-1
-1
-1
-1
-1
-1
-1
-1
-1
-1
-1
-1
-1
-1
-1
-1
-1
-1
-1
-1
-1
-1
-1
-1
-1
-1
-1
-1
-1
-1
-1
-1
-1
-1
-1
-1
-1
-1
-1
-1
-1
-1
-1
-1
-1
-1
-1
-1
-1
-1
-1
-1
-1
-1
-1
-1
-1
-1
-1
-1
-1
-1
-1
-1
-1
-1
-1
-1
-1
-1
-1
-1
-1
-1
-1
-1
-1
-1
-1
-1
-1
-1
-1
-1
-1
-1
-1
-1
-1
-1
-1
-1
-1
-1
-1
-1
-1
-1
-1
-1
-1
-1
-1
-1
-1
-1
-1
-1
-1
-1
-1
-1
-1
-1
-1
-1
-1
-1
-1
-1
-1
-1
-1
-1
-1
-1
-1
-1
-1
-1
-1
-1
-1
-1
-1
-1
-1
-1
-1
-1
-1
-1
-1
-1
-1
-1
-1
-1
-1
-1
-1
-1
-1
-1
-1
-1
-1
-1
-1
-1
-1
-1
-1
-1
-1
-1
-1
-1
-1
-1
-1
-1
-1
-1
-1
-1
-1
-1
-1
-1
-1
-1
-1
-1
-1
-1
-1
-1
-1
-1
-1
-1
-1
-1
-1
-1
-1
-1
-1
-1
-1
-1
-1
-1
-1
-1
-1
-1
-1
-1
-1
-1
-1
-1
-1
-1
-1
-1
-1
-1
-1
-1
-1
-1
-1
-1
-1
-1
-1
-1
-1
-1
-1
-1
-1
-1
-1
-1
-1
-1
-1
-1
-1
-1
-1
-1
-1
-1
-1
-1
-1
-1
-1
-1
-1
-1
-1
-1
-1
-1
-1
-1
-1
-1
-1
-1
-1
-1
-1
-1
-1
-1
-1
-1
-1
-1
-1
-1
-1
-1
-1
-1
-1
-1
-1
-1
-1
-1
-1
-1
-1
-1
-1
-1
-1
-1
-1
-1
-1
-1
-1
-1
-1
-1
-1
-1
-1
-1
-1
-1
-1
-1
-1
-1
-1
-1
-1
-1
-1
-1
-1
-1
-1
-1
-1
-1
-1
-1
-1
-1
-1
-1
-1
-1
-1
-1
-1
-1
-1
-1
-1
-1
-1
-1
-1
-1
-1
-1
-1
-1
-1
-1
-1
-1
-1
-1
-1
-1
-1
-1
-1
-1
-1
-1
-1
-1
-1
-1
-1
-1
-1
-1
-1
-1
-1
-1
-1
-1
-1
-1
-1
-1
-1
-1
-1
-1
-1
-1
-1
-1
-1
-1
-1
-1
-1
-1
-1
-1
-1
-1
-1
-1
-1
-1
-1
-1
-1
-1
-1
-1
-1
-1
-1
-1
-1
-1
-1
-1
-1
-1
-1
-1
-1
-1
-1
-1
-1
-1
-1
-1
-1
-1
-1
-1
-1
-1
-1
-1
-1
-1
-1
-1
-1
-1
-1
-1
-1
-1
-1
-1
-1
-1
-1
-1
-1
-1
-1
-1
-1
-1
-1
-1
-1
-1
-1
-1
-1
-1
-1
-1
-1
-1
-1
-1
-1
-1
-1
-1
-1
-1
-1
-1
-1
-1
-1
-1
-1
-1
-1
-1
-1
-1
-1
-1
-1
-1
-1
-1
-1
-1
-1
-1
-1
-1
-1
-1
-1
-1
-1
-1
-1
-1
-1
-1
-1
-1
-1
-1
-1
-1
-1
-1
-1
-1
-1
-1
-1
-1
-1
-1
-1
-1
-1
-1
-1
-1
-1
-1
-1
-1
-1
-1
-1
-1
-1
-1
-1
-1
-1
-1
-1
-1
-1
-1
-1
-1
-1
-1
-1
-1
-1
-1
-1
-1
-1
-1
-1
-1
-1
-1
-1
-1
-1
-1
-1
-1
-1
-1
-1
-1
-1
-1
-1
-1
-1
-1
-1
-1
-1
-1
-1
-1
-1
-1
-1
-1
-1
-1
-1
-1
-1
-1
-1
-1
-1
-1
-1
-1
-1
-1
-1
-1
-1
-1
-1
-1
-1
-1
-1
-1
-1
-1
-1
-1
-1
-1
-1
-1
-1
-1
-1
-1
-1
-1
-1
-1
-1
-1
-1
-1
-1
-1
-1
-1
-1
-1
-1
-1
-1
-1
-1
-1
-1
-1
-1
-1
-1
-1
-1
-1
-1
-1
-1
-1
-1
-1
-1
-1
-1
-1
-1
-1
-1
-1
-1
-1
-1
-1
-1
-1
-1
-1
-1
-1
-1
-1
-1
-1
-1
-1
-1
-1
-1
-1
-1
-1
-1
-1
-1
-1
-1
-1
-1
-1
-1
-1
-1
-1
-1
-1
-1
-1
-1
-1
-1
-1
-1
-1
-1
-1
-1
-1
-1
-1
-1
-1
-1
-1
-1
-1
-1
-1
-1
-1
-1
-1
-1
-1
-1
-1
-1
-1
-1
-1
-1
-1
-1
-1
-1
-1
-1
-1
-1
-1
-1
-1
-1
-1
-1
-1
-1
-1
-1
-1
-1
-1
-1
-1
-1
-1
-1
-1
-1
-1
-1
-1
-1
-1
-1
-1
-1
-1
-1
-1
-1
-1
-1
-1
-1
-1
-1
-1
-1
-1
-1
-1
-1
-1
-1
-1
-1
-1
-1
-1
-1
-1
-1
-1
-1
-1
-1
-1
-1
-1
-1
-1
-1
-1
-1
-1
-1
-1
-1
-1
-1
-1
-1
-1
-1
-1
-1
-1
-1
-1
-1
-1
-1
-1
-1
-1
-1
-1
-1
-1
-1
-1
-1
-1
-1
-1
-1
-1
-1
-1
-1
-1
-1
-1
-1
-1
-1
-1
-1
-1
-1
-1
-1
-1
-1
-1
-1
-1
-1
-1
-1
-1
-1
-1
-1
-1
-1
-1
-1
-1
-1
-1
-1
-1
-1
-1
-1
-1
-1
-1
-1
-1
-1
-1
-1
-1
-1
-1
-1
-1
-1
-1
-1
-1
-1
-1
-1
-1
-1
-1
-1
-1
-1
-1
-1
-1
-1
-1
-1
-1
-1
-1
-1
-1
-1
-1
-1
-1
-1
-1
-1
-1
-1
-1
-1
-1
-1
-1
-1
-1
-1
-1
-1
-1
-1
-1
-1
-1
-1
-1
-1
-1
-1
-1
-1
-1
-1
-1
-1
-1
-1
-1
-1
-1
-1
-1
-1
-1
-1
-1
-1
-1
-1
-1
-1
-1
-1
-1
-1
-1
-1
-1
-1
-1
-1
-1
-1
-1
-1
-1
-1
-1
-1
-1
-1
-1
-1
-1
-1
-1
-1
-1
-1
-1
-1
-1
-1
-1
-1
-1
-1
-1
-1
-1
-1
-1
-1
-1
-1
-1
-1
-1
-1
-1
-1
-1
-1
-1
-1
-1
-1
-1
-1
-1
-1
-1
-1
-1
-1
-1
-1
-1
-1
-1
-1
-1
-1
-1
-1
-1
-1
-1
-1
-1
-1
-1
-1
-1
-1
-1
-1
-1
-1
-1
-1
-1
-1
-1
-1
-1
-1
-1
-1
-1
-1
-1
-1
-1
-1
-1
-1
-1
-1
-1
-1
-1
-1
-1
-1
-1
-1
-1
-1
-1
-1
-1
-1
-1
-1
-1
-1
-1
-1
-1
-1
-1
-1
-1
-1
-1
-1
-1
-1
-1
-1
-1
-1
-1
-1
-1
-1
-1
-1
-1
-1
-1
-1
-1
-1
-1
-1
-1
-1
-1
-1
-1
-1
-1
-1
-1
-1
-1
-1
-1
-1
-1
-1
-1
-1
-1
-1
-1
-1
-1
-1
-1
-1
-1
-1
-1
-1
-1
-1
-1
-1
-1
-1
-1
-1
-1
-1
-1
-1
-1
-1
-1
-1
-1
-1
-1
-1
-1
-1
-1
-1
-1
-1
-1
-1
-1
-1
-1
-1
-1
-1
-1
-1
-1
-1
-1
-1
-1
-1
-1
-1
-1
-1
-1
-1
-1
-1
-1
-1
-1
-1
-1
-1
-1
-1
-1
-1
-1
-1
-1
-1
-1
-1
-1
-1
-1
-1
-1
-1
-1
-1
-1
-1
-1
-1
-1
-1
-1
-1
-1
-1
-1
-1
-1
-1
-1
-1
-1
-1
-1
-1
-1
-1
-1
-1
-1
-1
-1
-1
-1
-1
-1
-1
-1
-1
-1
-1
-1
-1
-1
-1
-1
-1
-1
-1
-1
-1
-1
-1
-1
-1
-1
-1
-1
-1
-1
-1
-1
-1
-1
-1
-1
-1
-1
-1
-1
-1
-1
-1
-1
-1
-1
-1
-1
-1
-1
-1
-1
-1
-1
-1
-1
-1
-1
-1
-1
-1
-1
-1
-1
-1
-1
-1
-1
-1
-1
-1
-1
-1
-1
-1
-1
-1
-1
-1
-1
-1
-1
-1
-1
-1
-1
-1
-1
-1
-1
-1
-1
-1
-1
-1
-1
-1
-1
-1
-1
-1
-1
-1
-1
-1
-1
-1
-1
-1
-1
-1
-1
-1
-1
-1
-1
-1
-1
-1
-1
-1
-1
-1
-1
-1
-1
-1
-1
-1
-1
-1
-1
-1
-1
-1
-1
-1
-1
-1
-1
-1
-1
-1
-1
-1
-1
-1
-1
-1
-1
-1
-1
-1
-1
-1
-1
-1
-1
-1
-1
-1
-1
-1
-1
-1
-1
-1
-1
-1
-1
-1
-1
-1
-1
-1
-1
-1
-1
-1
-1
-1
-1
-1
-1
-1
-1
-1
-1
-1
-1
-1
-1
-1
-1
-1
-1
-1
-1
-1
-1
-1
-1
-1
-1
-1
-1
-1
-1
-1
-1
-1
-1
-1
-1
-1
-1
-1
-1
-1
-1
-1
-1
-1
-1
-1
-1
-1
-1
-1
-1
-1
-1
-1
-1
-1
-1
-1
-1
-1
-1
-1
-1
-1
-1
-1
-1
-1
-1
-1
-1
-1
-1
-1
-1
-1
-1
-1
-1
-1
-1
-1
-1
-1
-1
-1
-1
-1
-1
-1
-1
-1
-1
-1
-1
-1
-1
-1
-1
-1
-1
-1
-1
-1
-1
-1
-1
-1
-1
-1
-1
-1
-1
-1
-1
-1
-1
-1
-1
-1
-1
-1
-1
-1
-1
-1
-1
-1
-1
-1
-1
-1
-1
-1
-1
-1
-1
-1
-1
-1
-1
-1
-1
-1
-1
-1
-1
-1
-1
-1
-1
-1
-1
-1
-1
-1
-1
-1
-1
-1
-1
-1
-1
-1
-1
-1
-1
-1
-1
-1
-1
-1
-1
-1
-1
-1
-1
-1
-1
-1
-1
-1
-1
-1
-1
-1
-1
-1
-1
-1
-1
-1
-1
-1
-1
-1
-1
-1
-1
-1
-1
-1
-1
-1
-1
-1
-1
-1
-1
-1
-1
-1
-1
-1
-1
-1
-1
-1
-1
-1
-1
-1
-1
-1
-1
-1
-1
-1
-1
-1
-1
-1
-1
-1
-1
-1
-1
-1
-1
-1
-1
-1
-1
-1
-1
-1
-1
-1
-1
-1
-1
-1
-1
-1
-1
-1
-1
-1
-1
-1
-1
-1
-1
-1
-1
-1
-1
-1
-1
-1
-1
-1
-1
-1
-1
-1
-1
-1
-1
-1
-1
-1
-1
-1
-1
-1
-1
-1
-1
-1
-1
-1
-1
-1
-1
-1
-1
-1
-1
-1
-1
-1
-1
-1
-1
-1
-1
-1
-1
-1
-1
-1
-1
-1
-1
-1
-1
-1
-1
-1
-1
-1
-1
-1
-1
-1
-1
-1
-1
-1
-1
-1
-1
-1
-1
-1
-1
-1
-1
-1
-1
-1
-1
-1
-1
-1
-1
-1
-1
-1
-1
-1
-1
-1
-1
-1
-1
-1
-1
-1
-1
-1
-1
-1
-1
-1
-1
-1
-1
-1
-1
-1
-1
-1
-1
-1
-1
-1
-1
-1
-1
-1
-1
-1
-1
-1
-1
-1
-1
-1
-1
-1
-1
-1
-1
-1
-1
-1
-1
-1
-1
-1
-1
-1
-1
-1
-1
-1
-1
-1
-1
-1
-1
-1
-1
-1
-1
-1
-1
-1
-1
-1
-1
-1
-1
-1
-1
-1
-1
-1
-1
-1
-1
-1
-1
-1
-1
-1
-1
-1
-1
-1
-1
-1
-1
-1
-1
-1
-1
-1
-1
-1
-1
-1
-1
-1
-1
-1
-1
-1
-1
-1
-1
-1
-1
-1
-1
-1
-1
-1
-1
-1
-1
-1
-1
-1
-1
-1
-1
-1
-1
-1
-1
-1
-1
-1
-1
-1
-1
-1
-1
-1
-1
-1
-1
-1
-1
-1
-1
-1
-1
-1
-1
-1
-1
-1
-1
-1
-1
-1
-1
-1
-1
-1
-1
-1
-1
-1
-1
-1
-1
-1
-1
-1
-1
-1
-1
-1
-1
-1
-1
-1
-1
-1
-1
-1
-1
-1
-1
-1
-1
-1
-1
-1
-1
-1
-1
-1
-1
-1
-1
-1
-1
-1
-1
-1
-1
-1
-1
-1
-1
-1
-1
-1
-1
-1
-1
-1
-1
-1
-1
-1
-1
-1
-1
-1
-1
-1
-1
-1
-1
-1
-1
-1
-1
-1
-1
-1
-1
-1
-1
-1
-1
-1
-1
-1
-1
-1
-1
-1
-1
-1
-1
-1
-1
-1
-1
-1
-1
-1
-1
-1
-1
-1
-1
-1
-1
-1
-1
-1
-1
-1
-1
-1
-1
-1
-1
-1
-1
-1
-1
-1
-1
-1
-1
-1
-1
-1
-1
-1
-1
-1
-1
-1
-1
-1
-1
-1
-1
-1
-1
-1
-1
-1
-1
-1
-1
-1
-1
-1
-1
-1
-1
-1
-1
-1
-1
-1
-1
-1
-1
-1
-1
-1
-1
-1
-1
-1
-1
-1
-1
-1
-1
-1
-1
-1
-1
-1
-1
-1
-1
-1
-1
-1
-1
-1
-1
-1
-1
-1
-1
-1
-1
-1
-1
-1
-1
-1
-1
-1
-1
-1
-1
-1
-1
-1
-1
-1
-1
-1
-1
-1
-1
-1
-1
-1
-1
-1
-1
-1
-1
-1
-1
-1
-1
-1
-1
-1
-1
-1
-1
-1
-1
-1
-1
-1
-1
-1
-1
-1
-1
-1
-1
-1
-1
-1
-1
-1
-1
-1
-1
-1
-1
-1
-1
-1
-1
-1
-1
-1
-1
-1
-1
-1
-1
-1
-1
-1
-1
-1
-1
-1
-1
-1
-1
-1
-1
-1
-1
-1
-1
-1
-1
-1
-1
-1
-1
-1
-1
-1
-1
-1
-1
-1
-1
-1
-1
-1
-1
-1
-1
-1
-1
-1
-1
-1
-1
-1
-1
-1
-1
-1
-1
-1
-1
-1
-1
-1
-1
-1
-1
-1
-1
-1
-1
-1
-1
-1
-1
-1
-1
-1
-1
-1
-1
-1
-1
-1
-1
-1
-1
-1
-1
-1
-1
-1
-1
-1
-1
-1
-1
-1
-1
-1
-1
-1
-1
-1
-1
-1
-1
-1
-1
-1
-1
-1
-1
-1
-1
-1
-1
-1
-1
-1
-1
-1
-1
-1
-1
-1
-1
-1
-1
-1
-1
-1
-1
-1
-1
-1
-1
-1
-1
-1
-1
-1
-1
-1
-1
-1
-1
-1
-1
-1
-1
-1
-1
-1
-1
-1
-1
-1
-1
-1
-1
-1
-1
-1
-1
-1
-1
-1
-1
-1
-1
-1
-1
-1
-1
-1
-1
-1
-1
-1
-1
-1
-1
-1
-1
-1
-1
-1
-1
-1
-1
-1
-1
-1
-1
-1
-1
-1
-1
-1
-1
-1
-1
-1
-1
-1
-1
-1
-1
-1
-1
-1
-1
-1
-1
-1
-1
-1
-1
-1
-1
-1
-1
-1
-1
-1
-1
-1
-1
-1
-1
-1
-1
-1
-1
-1
-1
-1
-1
-1
-1
-1
-1
-1
-1
-1
-1
-1
-1
-1
-1
-1
-1
-1
-1
-1
-1
-1
-1
-1
-1
-1
-1
-1
-1
-1
-1
-1
-1
-1
-1
-1
-1
-1
-1
-1
-1
-1
-1
-1
-1
-1
-1
-1
-1
-1
-1
-1
-1
-1
-1
-1
-1
-1
-1
-1
-1
-1
-1
-1
-1
-1
-1
-1
-1
-1
-1
-1
-1
-1
-1
-1
-1
-1
-1
-1
-1
-1
-1
-1
-1
-1
-1
-1
-1
-1
-1
-1
-1
-1
-1
-1
-1
-1
-1
-1
-1
-1
-1
-1
-1
-1
-1
-1
-1
-1
-1
-1
-1
-1
-1
-1
-1
-1
-1
-1
-1
-1
-1
-1
-1
-1
-1
-1
-1
-1
-1
-1
-1
-1
-1
-1
-1
-1
-1
-1
-1
-1
-1
-1
-1
-1
-1
-1
-1
-1
-1
-1
-1
-1
-1
-1
-1
-1
-1
-1
-1
-1
-1
-1
-1
-1
-1
-1
-1
-1
-1
-1
-1
-1
-1
-1
-1
-1
-1
-1
-1
-1
-1
-1
-1
-1
-1
-1
-1
-1
-1
-1
-1
-1
-1
-1
-1
-1
-1
-1
-1
-1
-1
-1
-1
-1
-1
-1
-1
-1
-1
-1
-1
-1
-1
-1
-1
-1
-1
-1
-1
-1
-1
-1
-1
-1
-1
-1
-1
-1
-1
-1
-1
-1
-1
-1
-1
-1
-1
-1
-1
-1
-1
-1
-1
-1
-1
-1
-1
-1
-1
-1
-1
-1
-1
-1
-1
-1
-1
-1
-1
-1
-1
-1
-1
-1
-1
-1
-1
-1
-1
-1
-1
-1
-1
-1
-1
-1
-1
-1
-1
-1
-1
-1
-1
-1
-1
-1
-1
-1
-1
-1
-1
-1
-1
-1
-1
-1
-1
-1
-1
-1
-1
-1
-1
-1
-1
-1
-1
-1
-1
-1
-1
-1
-1
-1
-1
-1
-1
-1
-1
-1
-1
-1
-1
-1
-1
-1
-1
-1
-1
-1
-1
-1
-1
-1
-1
-1
-1
-1
-1
-1
-1
-1
-1
-1
-1
-1
-1
-1
-1
-1
-1
-1
-1
-1
-1
-1
-1
-1
-1
-1
-1
-1
-1
-1
-1
-1
-1
-1
-1
-1
-1
-1
-1
-1
-1
-1
-1
-1
-1
-1
-1
-1
-1
-1
-1
-1
-1
-1
-1
-1
-1
-1
-1
-1
-1
-1
-1
-1
-1
-1
-1
-1
-1
-1
-1
-1
-1
-1
-1
-1
-1
-1
-1
-1
-1
-1
-1
-1
-1
-1
-1
-1
-1
-1
-1
-1
-1
-1
-1
-1
-1
-1
-1
-1
-1
-1
-1
-1
-1
-1
-1
-1
-1
-1
-1
-1
-1
-1
-1
-1
-1
-1
-1
-1
-1
-1
-1
-1
-1
-1
-1
-1
-1
-1
-1
-1
-1
-1
-1
-1
-1
-1
-1
-1
-1
-1
-1
-1
-1
-1
-1
-1
-1
-1
-1
-1
-1
-1
-1
-1
-1
-1
-1
-1
-1
-1
-1
-1
-1
-1
-1
-1
-1
-1
-1
-1
-1
-1
-1
-1
-1
-1
-1
-1
-1
-1
-1
-1
-1
-1
-1
-1
-1
-1
-1
-1
-1
-1
-1
-1
-1
-1
-1
-1
-1
-1
-1
-1
-1
-1
-1
-1
-1
-1
-1
-1
-1
-1
-1
-1
-1
-1
-1
-1
-1
-1
-1
-1
-1
-1
-1
-1
-1
-1
-1
-1
-1
-1
-1
-1
-1
-1
-1
-1
-1
-1
-1
-1
-1
-1
-1
-1
-1
-1
-1
-1
-1
-1
-1
-1
-1
-1
-1
-1
-1
-1
-1
-1
-1
-1
-1
-1
-1
-1
-1
-1
-1
-1
-1
-1
-1
-1
-1
-1
-1
-1
-1
-1
-1
-1
-1
-1
-1
-1
-1
-1
-1
-1
-1
-1
-1
-1
-1
-1
-1
-1
-1
-1
-1
-1
-1
-1
-1
-1
-1
-1
-1
-1
-1
-1
-1
-1
-1
-1
-1
-1
-1
-1
-1
-1
-1
-1
-1
-1
-1
-1
-1
-1
-1
-1
-1
-1
-1
-1
-1
-1
-1
-1
-1
-1
-1
-1
-1
-1
-1
-1
-1
-1
-1
-1
-1
-1
-1
-1
-1
-1
-1
-1
-1
-1
-1
-1
-1
-1
-1
-1
-1
-1
-1
-1
-1
-1
-1
-1
-1
-1
-1
-1
-1
-1
-1
-1
-1
-1
-1
-1
-1
-1
-1
-1
-1
-1
-1
-1
-1
-1
-1
-1
-1
-1
-1
-1
-1
-1
-1
-1
-1
-1
-1
-1
-1
-1
-1
-1
-1
-1
-1
-1
-1
-1
-1
-1
-1
-1
-1
-1
-1
-1
-1
-1
-1
-1
-1
-1
-1
-1
-1
-1
-1
-1
-1
-1
-1
-1
-1
-1
-1
-1
-1
-1
-1
-1
-1
-1
-1
-1
-1
-1
-1
-1
-1
-1
-1
-1
-1
-1
-1
-1
-1
-1
-1
-1
-1
-1
-1
-1
-1
-1
-1
-1
-1
-1
-1
-1
-1
-1
-1
-1
-1
-1
-1
-1
-1
-1
-1
-1
-1
-1
-1
-1
-1
-1
-1
-1
-1
-1
-1
-1
-1
-1
-1
-1
-1
-1
-1
-1
-1
-1
-1
-1
-1
-1
-1
-1
-1
-1
-1
-1
-1
-1
-1
-1
-1
-1
-1
-1
-1
-1
-1
-1
-1
-1
-1
-1
-1
-1
-1
-1
-1
-1
-1
-1
-1
-1
-1
-1
-1
-1
-1
-1
-1
-1
-1
-1
-1
-1
-1
-1
-1
-1
-1
-1
-1
-1
-1
-1
-1
-1
-1
-1
-1
-1
-1
-1
-1
-1
-1
-1
-1
-1
-1
-1
-1
-1
-1
-1
-1
-1
-1
-1
-1
-1
-1
-1
-1
-1
-1
-1
-1
-1
-1
-1
-1
-1
-1
-1
-1
-1
-1
-1
-1
-1
-1
-1
-1
-1
-1
-1
-1
-1
-1
-1
-1
-1
-1
-1
-1
-1
-1
-1
-1
-1
-1
-1
-1
-1
-1
-1
-1
-1
-1
-1
-1
-1
-1
-1
-1
-1
-1
-1
-1
-1
-1
-1
-1
-1
-1
-1
-1
-1
-1
-1
-1
-1
-1
-1
-1
-1
-1
-1
-1
-1
-1
-1
-1
-1
-1
-1
-1
-1
-1
-1
-1
-1
-1
-1
-1
-1
-1
-1
-1
-1
-1
-1
-1
-1
-1
-1
-1
-1
-1
-1
-1
-1
-1
-1
-1
-1
-1
-1
-1
-1
-1
-1
-1
-1
-1
-1
-1
-1
-1
-1
-1
-1
-1
-1
-1
-1
-1
-1
-1
-1
-1
-1
-1
-1
-1
-1
-1
-1
-1
-1
-1
-1
-1
-1
-1
-1
-1
-1
-1
-1
-1
-1
-1
-1
-1
-1
-1
-1
-1
-1
-1
-1
-1
-1
-1
-1
-1
-1
-1
-1
-1
-1
-1
-1
-1
-1
-1
-1
-1
-1
-1
-1
-1
-1
-1
-1
-1
-1
-1
-1
-1
-1
-1
-1
-1
-1
-1
-1
-1
-1
-1
-1
-1
-1
-1
-1
-1
-1
-1
-1
-1
-1
-1
-1
-1
-1
-1
-1
-1
-1
-1
-1
-1
-1
-1
-1
-1
-1
-1
-1
-1
-1
-1
-1
-1
-1
-1
-1
-1
-1
-1
-1
-1
-1
-1
-1
-1
-1
-1
-1
-1
-1
-1
-1
-1
-1
-1
-1
-1
-1
-1
-1
-1
-1
-1
-1
-1
-1
-1
-1
-1
-1
-1
-1
-1
-1
-1
-1
-1
-1
-1
-1
-1
-1
-1
-1
-1
-1
-1
-1
-1
-1
-1
-1
-1
-1
-1
-1
-1
-1
-1
-1
-1
-1
-1
-1
-1
-1
-1
-1
-1
-1
-1
-1
-1
-1
-1
-1
-1
-1
-1
-1
-1
-1
-1
-1
-1
-1
-1
-1
-1
-1
-1
-1
-1
-1
-1
-1
-1
-1
-1
-1
-1
-1
-1
-1
-1
-1
-1
-1
-1
-1
-1
-1
-1
-1
-1
-1
-1
-1
-1
-1
-1
-1
-1
-1
-1
-1
-1
-1
-1
-1
-1
-1
-1
-1
-1
-1
-1
-1
-1
-1
-1
-1
-1
-1
-1
-1
-1
-1
-1
-1
-1
-1
-1
-1
-1
-1
-1
-1
-1
-1
-1
-1
-1
-1
-1
-1
-1
-1
-1
-1
-1
-1
-1
-1
-1
-1
-1
-1
-1
-1
-1
-1
-1
-1
-1
-1
-1
-1
-1
-1
-1
-1
-1
-1
-1
-1
-1
-1
-1
-1
-1
-1
-1
-1
-1
-1
-1
-1
-1
-1
-1
-1
-1
-1
-1
-1
-1
-1
-1
-1
-1
-1
-1
-1
-1
-1
-1
-1
-1
-1
-1
-1
-1
-1
-1
-1
-1
-1
-1
-1
-1
-1
-1
-1
-1
-1
-1
-1
-1
-1
-1
-1
-1
-1
-1
-1
-1
-1
-1
-1
-1
-1
-1
-1
-1
-1
-1
-1
-1
-1
-1
-1
-1
-1
-1
-1
-1
-1
-1
-1
-1
-1
-1
-1
-1
-1
-1
-1
-1
-1
-1
-1
-1
-1
-1
-1
-1
-1
-1
-1
-1
-1
-1
-1
-1
-1
-1
-1
-1
-1
-1
-1
-1
-1
-1
-1
-1
-1
-1
-1
-1
-1
-1
-1
-1
-1
-1
-1
-1
-1
-1
-1
-1
-1
-1
-1
-1
-1
-1
-1
-1
-1
-1
-1
-1
-1
-1
-1
-1
-1
-1
-1
-1
-1
-1
-1
-1
-1
-1
-1
-1
-1
-1
-1
-1
-1
-1
-1
-1
-1
-1
-1
-1
-1
-1
-1
-1
-1
-1
-1
-1
-1
-1
-1
-1
-1
-1
-1
-1
-1
-1
-1
-1
-1
-1
-1
-1
-1
-1
-1
-1
-1
-1
-1
-1
-1
-1
-1
-1
-1
-1
-1
-1
-1
-1
-1
-1
-1
-1
-1
-1
-1
-1
-1
-1
-1
-1
-1
-1
-1
-1
-1
-1
-1
-1
-1
-1
-1
-1
-1
-1
-1
-1
-1
-1
-1
-1
-1
-1
-1
-1
-1
-1
-1
-1
-1
-1
-1
-1
-1
-1
-1
-1
-1
-1
-1
-1
-1
-1
-1
-1
-1
-1
-1
-1
-1
-1
-1
-1
-1
-1
-1
-1
-1
-1
-1
-1
-1
-1
-1
-1
-1
-1
-1
-1
-1
-1
-1
-1
-1
-1
-1
-1
-1
-1
-1
-1
-1
-1
-1
-1
-1
-1
-1
-1
-1
-1
-1
-1
-1
-1
-1
-1
-1
-1
-1
-1
-1
-1
-1
-1
-1
-1
-1
-1
-1
-1
-1
-1
-1
-1
-1
-1
-1
-1
-1
-1
-1
-1
-1
-1
-1
-1
-1
-1
-1
-1
-1
-1
-1
-1
-1
-1
-1
-1
-1
-1
-1
-1
-1
-1
-1
-1
-1
-1
-1
-1
-1
-1
-1
-1
-1
-1
-1
-1
-1
-1
-1
-1
-1
-1
-1
-1
-1
-1
-1
-1
-1
-1
-1
-1
-1
-1
-1
-1
-1
-1
-1
-1
-1
-1
-1
-1
-1
-1
-1
-1
-1
-1
-1
-1
-1
-1
-1
-1
-1
-1
-1
-1
-1
-1
-1
-1
-1
-1
-1
-1
-1
-1
-1
-1
-1
-1
-1
-1
-1
-1
-1
-1
-1
-1
-1
-1
-1
-1
-1
-1
-1
-1
-1
-1
-1
-1
-1
-1
-1
-1
-1
-1
-1
-1
-1
-1
-1
-1
-1
-1
-1
-1
-1
-1
-1
-1
-1
-1
-1
-1
-1
-1
-1
-1
-1
-1
-1
-1
-1
-1
-1
-1
-1
-1
-1
-1
-1
-1
-1
-1
-1
-1
-1
-1
-1
-1
-1
-1
-1
-1
-1
-1
-1
-1
-1
-1
-1
-1
-1
-1
-1
-1
-1
-1
-1
-1
-1
-1
-1
-1
-1
-1
-1
-1
-1
-1
-1
-1
-1
-1
-1
-1
-1
-1
-1
-1
-1
-1
-1
-1
-1
-1
-1
-1
-1
-1
-1
-1
-1
-1
-1
-1
-1
-1
-1
-1
-1
-1
-1
-1
-1
-1
-1
-1
-1
-1
-1
-1
-1
-1
-1
-1
-1
-1
-1
-1
-1
-1
-1
-1
-1
-1
-1
-1
-1
-1
-1
-1
-1
-1
-1
-1
-1
-1
-1
-1
-1
-1
-1
-1
-1
-1
-1
-1
-1
-1
-1
-1
-1
-1
-1
-1
-1
-1
-1
-1
-1
-1
-1
-1
-1
-1
-1
-1
-1
-1
-1
-1
-1
-1
-1
-1
-1
-1
-1
-1
-1
-1
-1
-1
-1
-1
-1
-1
-1
-1
-1
-1
-1
-1
-1
-1
-1
-1
-1
-1
-1
-1
-1
-1
-1
-1
-1
-1
-1
-1
-1
-1
-1
-1
-1
-1
-1
-1
-1
-1
-1
-1
-1
-1
-1
-1
-1
-1
-1
-1
-1
-1
-1
-1
-1
-1
-1
-1
-1
-1
-1
-1
-1
-1
-1
-1
-1
-1
-1
-1
-1
-1
-1
-1
-1
-1
-1
-1
-1
-1
-1
-1
-1
-1
-1
-1
-1
-1
-1
-1
-1
-1
-1
-1
-1
-1
-1
-1
-1
-1
-1
-1
-1
-1
-1
-1
-1
-1
-1
-1
-1
-1
-1
-1
-1
-1
-1
-1
-1
-1
-1
-1
-1
-1
-1
-1
-1
-1
-1
-1
-1
-1
-1
-1
-1
-1
-1
-1
-1
-1
-1
-1
-1
-1
-1
-1
-1
-1
-1
-1
-1
-1
-1
-1
-1
-1
-1
-1
-1
-1
-1
-1
-1
-1
-1
-1
-1
-1
-1
-1
-1
-1
-1
-1
-1
-1
-1
-1
-1
-1
-1
-1
-1
-1
-1
-1
-1
-1
-1
-1
-1
-1
-1
-1
-1
-1
-1
-1
-1
-1
-1
-1
-1
-1
-1
-1
-1
-1
-1
-1
-1
-1
-1
-1
-1
-1
-1
-1
-1
-1
-1
-1
-1
-1
-1
-1
-1
-1
-1
-1
-1
-1
-1
-1
-1
-1
-1
-1
-1
-1
-1
-1
-1
-1
-1
-1
-1
-1
-1
-1
-1
-1
-1
-1
-1
-1
-1
-1
-1
-1
-1
-1
-1
-1
-1
-1
-1
-1
-1
-1
-1
-1
-1
-1
-1
-1
-1
-1
-1
-1
-1
-1
-1
-1
-1
-1
-1
-1
-1
-1
-1
-1
-1
-1
-1
-1
-1
-1
-1
-1
-1
-1
-1
-1
-1
-1
-1
-1
-1
-1
-1
-1
-1
-1
-1
-1
-1
-1
-1
-1
-1
-1
-1
-1
-1
-1
-1
-1
-1
-1
-1
-1
-1
-1
-1
-1
-1
-1
-1
-1
-1
-1
-1
-1
-1
-1
-1
-1
-1
-1
-1
-1
-1
-1
-1
-1
-1
-1
-1
-1
-1
-1
-1
-1
-1
-1
-1
-1
-1
-1
-1
-1
-1
-1
-1
-1
-1
-1
-1
-1
-1
-1
-1
-1
-1
-1
-1
-1
-1
-1
-1
-1
-1
-1
-1
-1
-1
-1
-1
-1
-1
-1
-1
-1
-1
-1
-1
-1
-1
-1
-1
-1
-1
-1
-1
-1
-1
-1
-1
-1
-1
-1
-1
-1
-1
-1
-1
-1
-1
-1
-1
-1
-1
-1
-1
-1
-1
-1
-1
-1
-1
-1
-1
-1
-1
-1
-1
-1
-1
-1
-1
-1
-1
-1
-1
-1
-1
-1
-1
-1
-1
-1
-1
-1
-1
-1
-1
-1
-1
-1
-1
-1
-1
-1
-1
-1
-1
-1
-1
-1
-1
-1
-1
-1
-1
-1
-1
-1
-1
-1
-1
-1
-1
-1
-1
-1
-1
-1
-1
-1
-1
-1
-1
-1
-1
-1
-1
-1
-1
-1
-1
-1
-1
-1
-1
-1
-1
-1
-1
-1
-1
-1
-1
-1
-1
-1
-1
-1
-1
-1
-1
-1
-1
-1
-1
-1
-1
-1
-1
-1
-1
-1
-1
-1
-1
-1
-1
-1
-1
-1
-1
-1
-1
-1
-1
-1
-1
-1
-1
-1
-1
-1
-1
-1
-1
-1
-1
-1
-1
-1
-1
-1
-1
-1
-1
-1
-1
-1
-1
-1
-1
-1
-1
-1
-1
-1
-1
-1
-1
-1
-1
-1
-1
-1
-1
-1
-1
-1
-1
-1
-1
-1
-1
-1
-1
-1
-1
-1
-1
-1
-1
-1
-1
-1
-1
-1
-1
-1
-1
-1
-1
-1
-1
-1
-1
-1
-1
-1
-1
-1
-1
-1
-1
-1
-1
-1
-1
-1
-1
-1
-1
-1
-1
-1
-1
-1
-1
-1
-1
-1
-1
-1
-1
-1
-1
-1
-1
-1
-1
-1
-1
-1
-1
-1
-1
-1
-1
-1
-1
-1
-1
-1
-1
-1
-1
-1
-1
-1
-1
-1
-1
-1
-1
-1
-1
-1
-1
-1
-1
-1
-1
-1
-1
-1
-1
-1
-1
-1
-1
-1
-1
-1
-1
-1
-1
-1
-1
-1
-1
-1
-1
-1
-1
-1
-1
-1
-1
-1
-1
-1
-1
-1
-1
-1
-1
-1
-1
-1
-1
-1
-1
-1
-1
-1
-1
-1
-1
-1
-1
-1
-1
-1
-1
-1
-1
-1
-1
-1
-1
-1
-1
-1
-1
-1
-1
-1
-1
-1
-1
-1
-1
-1
-1
-1
-1
-1
-1
-1
-1
-1
-1
-1
-1
-1
-1
-1
-1
-1
-1
-1
-1
-1
-1
-1
-1
-1
-1
-1
-1
-1
-1
-1
-1
-1
-1
-1
-1
-1
-1
-1
-1
-1
-1
-1
-1
-1
-1
-1
-1
-1
-1
-1
-1
-1
-1
-1
-1
-1
-1
-1
-1
-1
-1
-1
-1
-1
-1
-1
-1
-1
-1
-1
-1
-1
-1
-1
-1
-1
-1
-1
-1
-1
-1
-1
-1
-1
-1
-1
-1
-1
-1
-1
-1
-1
-1
-1
-1
-1
-1
-1
-1
-1
-1
-1
-1
-1
-1
-1
-1
-1
-1
-1
-1
-1
-1
-1
-1
-1
-1
-1
-1
-1
-1
-1
-1
-1
-1
-1
-1
-1
-1
-1
-1
-1
-1
-1
-1
-1
-1
-1
-1
-1
-1
-1
-1
-1
-1
-1
-1
-1
-1
-1
-1
-1
-1
-1
-1
-1
-1
-1
-1
-1
-1
-1
-1
-1
-1
-1
-1
-1
-1
-1
-1
-1
-1
-1
-1
-1
-1
-1
-1
-1
-1
-1
-1
-1
-1
-1
-1
-1
-1
-1
-1
-1
-1
-1
-1
-1
-1
-1
-1
-1
-1
-1
-1
-1
-1
-1
-1
-1
-1
-1
-1
-1
-1
-1
-1
-1
-1
-1
-1
-1
-1
-1
-1
-1
-1
-1
-1
-1
-1
-1
-1
-1
-1
-1
-1
-1
-1
-1
-1
-1
-1
-1
-1
-1
-1
-1
-1
-1
-1
-1
-1
-1
-1
-1
-1
-1
-1
-1
-1
-1
-1
-1
-1
-1
-1
-1
-1
-1
-1
-1
-1
-1
-1
-1
-1
-1
-1
-1
-1
-1
-1
-1
-1
-1
-1
-1
-1
-1
-1
-1
-1
-1
-1
-1
-1
-1
-1
-1
-1
-1
-1
-1
-1
-1
-1
-1
-1
-1
-1
-1
-1
-1
-1
-1
-1
-1
-1
-1
-1
-1
-1
-1
-1
-1
-1
-1
-1
-1
-1
-1
-1
-1
-1
-1
-1
-1
-1
-1
-1
-1
-1
-1
-1
-1
-1
-1
-1
-1
-1
-1
-1
-1
-1
-1
-1
-1
-1
-1
-1
-1
-1
-1
-1
-1
-1
-1
-1
-1
-1
-1
-1
-1
-1
-1
-1
-1
-1
-1
-1
-1
-1
-1
-1
-1
-1
-1
-1
-1
-1
-1
-1
-1
-1
-1
-1
-1
-1
-1
-1
-1
-1
-1
-1
-1
-1
-1
-1
-1
-1
-1
-1
-1
-1
-1
-1
-1
-1
-1
-1
-1
-1
-1
-1
-1
-1
-1
-1
-1
-1
-1
-1
-1
-1
-1
-1
-1
-1
-1
-1
-1
-1
-1
-1
-1
-1
-1
-1
-1
-1
-1
-1
-1
-1
-1
-1
-1
-1
-1
-1
-1
-1
-1
-1
-1
-1
-1
-1
-1
-1
-1
-1
-1
-1
-1
-1
-1
-1
-1
-1
-1
-1
-1
-1
-1
-1
-1
-1
-1
-1
-1
-1
-1
-1
-1
-1
-1
-1
-1
-1
-1
-1
-1
-1
-1
-1
-1
-1
-1
-1
-1
-1
-1
-1
-1
-1
-1
-1
-1
-1
-1
-1
-1
-1
-1
-1
-1
-1
-1
-1
-1
-1
-1
-1
-1
-1
-1
-1
-1
-1
-1
-1
-1
-1
-1
-1
-1
-1
-1
-1
-1
-1
-1
-1
-1
-1
-1
-1
-1
-1
-1
-1
-1
-1
-1
-1
-1
-1
-1
-1
-1
-1
-1
-1
-1
-1
-1
-1
-1
-1
-1
-1
-1
-1
-1
-1
-1
-1
-1
-1
-1
-1
-1
-1
-1
-1
-1
-1
-1
-1
-1
-1
-1
-1
-1
-1
-1
-1
-1
-1
-1
-1
-1
-1
-1
-1
-1
-1
-1
-1
-1
-1
-1
-1
-1
-1
-1
-1
-1
-1
-1
-1
-1
-1
-1
-1
-1
-1
-1
-1
-1
-1
-1
-1
-1
-1
-1
-1
-1
-1
-1
-1
-1
-1
-1
-1
-1
-1
-1
-1
-1
-1
-1
-1
-1
-1
-1
-1
-1
-1
-1
-1
-1
-1
-1
-1
-1
-1
-1
-1
-1
-1
-1
-1
-1
-1
-1
-1
-1
-1
-1
-1
-1
-1
-1
-1
-1
-1
-1
-1
-1
-1
-1
-1
-1
-1
-1
-1
-1
-1
-1
-1
-1
-1
-1
-1
-1
-1
-1
-1
-1
-1
-1
-1
-1
-1
-1
-1
-1
-1
-1
-1
-1
-1
-1
-1
-1
-1
-1
-1
-1
-1
-1
-1
-1
-1
-1
-1
-1
-1
-1
-1
-1
-1
-1
-1
-1
-1
-1
-1
-1
-1
-1
-1
-1
-1
-1
-1
-1
-1
-1
-1
-1
-1
-1
-1
-1
-1
-1
-1
-1
-1
-1
-1
-1
-1
-1
-1
-1
-1
-1
-1
-1
-1
-1
-1
-1
-1
-1
-1
-1
-1
-1
-1
-1
-1
-1
-1
-1
-1
-1
-1
-1
-1
-1
-1
-1
-1
-1
-1
-1
-1
-1
-1
-1
-1
-1
-1
-1
-1
-1
-1
-1
-1
-1
-1
-1
-1
-1
-1
-1
-1
-1
-1
-1
-1
-1
-1
-1
-1
-1
-1
-1
-1
-1
-1
-1
-1
-1
-1
-1
-1
-1
-1
-1
-1
-1
-1
-1
-1
-1
-1
-1
-1
-1
-1
-1
-1
-1
-1
-1
-1
-1
-1
-1
-1
-1
-1
-1
-1
-1
-1
-1
-1
-1
-1
-1
-1
-1
-1
-1
-1
-1
-1
-1
-1
-1
-1
-1
-1
-1
-1
-1
-1
-1
-1
-1
-1
-1
-1
-1
-1
-1
-1
-1
-1
-1
-1
-1
-1
-1
-1
-1
-1
-1
-1
-1
-1
-1
-1
-1
-1
-1
-1
-1
-1
-1
-1
-1
-1
-1
-1
-1
-1
-1
-1
-1
-1
-1
-1
-1
-1
-1
-1
-1
-1
-1
-1
-1
-1
-1
-1
-1
-1
-1
-1
-1
-1
-1
-1
-1
-1
-1
-1
-1
-1
-1
-1
-1
-1
-1
-1
-1
-1
-1
-1
-1
-1
-1
-1
-1
-1
-1
-1
-1
-1
-1
-1
-1
-1
-1
-1
-1
-1
-1
-1
-1
-1
-1
-1
-1
-1
-1
-1
-1
-1
-1
-1
-1
-1
-1
-1
-1
-1
-1
-1
-1
-1
-1
-1
-1
-1
-1
-1
-1
-1
-1
-1
-1
-1
-1
-1
-1
-1
-1
-1
-1
-1
-1
-1
-1
-1
-1
-1
-1
-1
-1
-1
-1
-1
-1
-1
-1
-1
-1
-1
-1
-1
-1
-1
-1
-1
-1
-1
-1
-1
-1
-1
-1
-1
-1
-1
-1
-1
-1
-1
-1
-1
-1
-1
-1
-1
-1
-1
-1
-1
-1
-1
-1
-1
-1
-1
-1
-1
-1
-1
-1
-1
-1
-1
-1
-1
-1
-1
-1
-1
-1
-1
-1
-1
-1
-1
-1
-1
-1
-1
-1
-1
-1
-1
-1
-1
-1
-1
-1
-1
-1
-1
-1
-1
-1
-1
-1
-1
-1
-1
-1
-1
-1
-1
-1
-1
-1
-1
-1
-1
-1
-1
-1
-1
-1
-1
-1
-1
-1
-1
-1
-1
-1
-1
-1
-1
-1
-1
-1
-1
-1
-1
-1
-1
-1
-1
-1
-1
-1
-1
-1
-1
-1
-1
-1
-1
-1
-1
-1
-1
-1
-1
-1
-1
-1
-1
-1
-1
-1
-1
-1
-1
-1
-1
-1
-1
-1
-1
-1
-1
-1
-1
-1
-1
-1
-1
-1
-1
-1
-1
-1
-1
-1
-1
-1
-1
-1
-1
-1
-1
-1
-1
-1
-1
-1
-1
-1
-1
-1
-1
-1
-1
-1
-1
-1
-1
-1
-1
-1
-1
-1
-1
-1
-1
-1
-1
-1
-1
-1
-1
-1
-1
-1
-1
-1
-1
-1
-1
-1
-1
-1
-1
-1
-1
-1
-1
-1
-1
-1
-1
-1
-1
-1
-1
-1
-1
-1
-1
-1
-1
-1
-1
-1
-1
-1
-1
-1
-1
-1
-1
-1
-1
-1
-1
-1
-1
-1
-1
-1
-1
-1
-1
-1
-1
-1
-1
-1
-1
-1
-1
-1
-1
-1
-1
-1
-1
-1
-1
-1
-1
-1
-1
-1
-1
-1
-1
-1
-1
-1
-1
-1
-1
-1
-1
-1
-1
-1
-1
-1
-1
-1
-1
-1
-1
-1
-1
-1
-1
-1
-1
-1
-1
-1
-1
-1
-1
-1
-1
-1
-1
-1
-1
-1
-1
-1
-1
-1
-1
-1
-1
-1
-1
-1
-1
-1
-1
-1
-1
-1
-1
-1
-1
-1
-1
-1
-1
-1
-1
-1
-1
-1
-1
-1
-1
-1
-1
-1
-1
-1
-1
-1
-1
-1
-1
-1
-1
-1
-1
-1
-1
-1
-1
-1
-1
-1
-1
-1
-1
-1
-1
-1
-1
-1
-1
-1
-1
-1
-1
-1
-1
-1
-1
-1
-1
-1
-1
-1
-1
-1
-1
-1
-1
-1
-1
-1
-1
-1
-1
-1
-1
-1
-1
-1
-1
-1
-1
-1
-1
-1
-1
-1
-1
-1
-1
-1
-1
-1
-1
-1
-1
-1
-1
-1
-1
-1
-1
-1
-1
-1
-1
-1
-1
-1
-1
-1
-1
-1
-1
-1
-1
-1
-1
-1
-1
-1
-1
-1
-1
-1
-1
-1
-1
-1
-1
-1
-1
-1
-1
-1
-1
-1
-1
-1
-1
-1
-1
-1
-1
-1
-1
-1
-1
-1
-1
-1
-1
-1
-1
-1
-1
-1
-1
-1
-1
-1
-1
-1
-1
-1
-1
-1
-1
-1
-1
-1
-1
-1
-1
-1
-1
-1
-1
-1
-1
-1
-1
-1
-1
-1
-1
-1
-1
-1
-1
-1
-1
-1
-1
-1
-1
-1
-1
-1
-1
-1
-1
-1
-1
-1
-1
-1
-1
-1
-1
-1
-1
-1
-1
-1
-1
-1
-1
-1
-1
-1
-1
-1
-1
-1
-1
-1
-1
-1
-1
-1
-1
-1
-1
-1
-1
-1
-1
-1
-1
-1
-1
-1
-1
-1
-1
-1
-1
-1
-1
-1
-1
-1
-1
-1
-1
-1
-1
-1
-1
-1
-1
-1
-1
-1
-1
-1
-1
-1
-1
-1
-1
-1
-1
-1
-1
-1
-1
-1
-1
-1
-1
-1
-1
-1
-1
-1
-1
-1
-1
-1
-1
-1
-1
-1
-1
-1
-1
-1
-1
-1
-1
-1
-1
-1
-1
-1
-1
-1
-1
-1
-1
-1
-1
-1
-1
-1
-1
-1
-1
-1
-1
-1
-1
-1
-1
-1
-1
-1
-1
-1
-1
-1
-1
-1
-1
-1
-1
-1
-1
-1
-1
-1
-1
-1
-1
-1
-1
-1
-1
-1
-1
-1
-1
-1
-1
-1
-1
-1
-1
-1
-1
-1
-1
-1
-1
-1
-1
-1
-1
-1
-1
-1
-1
-1
-1
-1
-1
-1
-1
-1
-1
-1
-1
-1
-1
-1
-1
-1
-1
-1
-1
-1
-1
-1
-1
-1
-1
-1
-1
-1
-1
-1
-1
-1
-1
-1
-1
-1
-1
-1
-1
-1
-1
-1
-1
-1
-1
-1
-1
-1
-1
-1
-1
-1
-1
-1
-1
-1
-1
-1
-1
-1
-1
-1
-1
-1
-1
-1
-1
-1
-1
-1
-1
-1
-1
-1
-1
-1
-1
-1
-1
-1
-1
-1
-1
-1
-1
-1
-1
-1
-1
-1
-1
-1
-1
-1
-1
-1
-1
-1
-1
-1
-1
-1
-1
-1
-1
-1
-1
-1
-1
-1
-1
-1
-1
-1
-1
-1
-1
-1
-1
-1
-1
-1
-1
-1
-1
-1
-1
-1
-1
-1
-1
-1
-1
-1
-1
-1
-1
-1
-1
-1
-1
-1
-1
-1
-1
-1
-1
-1
-1
-1
-1
-1
-1
-1
-1
-1
-1
-1
-1
-1
-1
-1
-1
-1
-1
-1
-1
-1
-1
-1
-1
-1
-1
-1
-1
-1
-1
-1
-1
-1
-1
-1
-1
-1
-1
-1
-1
-1
-1
-1
-1
-1
-1
-1
-1
-1
-1
-1
-1
-1
-1
-1
-1
-1
-1
-1
-1
-1
-1
-1
-1
-1
-1
-1
-1
-1
-1
-1
-1
-1
-1
-1
-1
-1
-1
-1
-1
-1
-1
-1
-1
-1
-1
-1
-1
-1
-1
-1
-1
-1
-1
-1
-1
-1
-1
-1
-1
-1
-1
-1
-1
-1
-1
-1
-1
-1
-1
-1
-1
-1
-1
-1
-1
-1
-1
-1
-1
-1
-1
-1
-1
-1
-1
-1
-1
-1
-1
-1
-1
-1
-1
-1
-1
-1
-1
-1
-1
-1
-1
-1
-1
-1
-1
-1
-1
-1
-1
-1
-1
-1
-1
-1
-1
-1
-1
-1
-1
-1
-1
-1
-1
-1
-1
-1
-1
-1
-1
-1
-1
-1
-1
-1
-1
-1
-1
-1
-1
-1
-1
-1
-1
-1
-1
-1
-1
-1
-1
-1
-1
-1
-1
-1
-1
-1
-1
-1
-1
-1
-1
-1
-1
-1
-1
-1
-1
-1
-1
-1
-1
-1
-1
-1
-1
-1
-1
-1
-1
-1
-1
-1
-1
-1
-1
-1
-1
-1
-1
-1
-1
-1
-1
-1
-1
-1
-1
-1
-1
-1
-1
-1
-1
-1
-1
-1
-1
-1
-1
-1
-1
-1
-1
-1
-1
-1
-1
-1
-1
-1
-1
-1
-1
-1
-1
-1
-1
-1
-1
-1
-1
-1
-1
-1
-1
-1
-1
-1
-1
-1
-1
-1
-1
-1
-1
-1
-1
-1
-1
-1
-1
-1
-1
-1
-1
-1
-1
-1
-1
-1
-1
-1
-1
-1
-1
-1
-1
-1
-1
-1
-1
-1
-1
-1
-1
-1
-1
-1
-1
-1
-1
-1
-1
-1
-1
-1
-1
-1
-1
-1
-1
-1
-1
-1
-1
-1
-1
-1
-1
-1
-1
-1
-1
-1
-1
-1
-1
-1
-1
-1
-1
-1
-1
-1
-1
-1
-1
-1
-1
-1
-1
-1
-1
-1
-1
-1
-1
-1
-1
-1
-1
-1
-1
-1
-1
-1
-1
-1
-1
-1
-1
-1
-1
-1
-1
-1
-1
-1
-1
-1
-1
-1
-1
-1
-1
-1
-1
-1
-1
-1
-1
-1
-1
-1
-1
-1
-1
-1
-1
-1
-1
-1
-1
-1
-1
-1
-1
-1
-1
-1
-1
-1
-1
-1
-1
-1
-1
-1
-1
-1
-1
-1
-1
-1
-1
-1
-1
-1
-1
-1
-1
-1
-1
-1
-1
-1
-1
-1
-1
-1
-1
-1
-1
-1
-1
-1
-1
-1
-1
-1
-1
-1
-1
-1
-1
-1
-1
-1
-1
-1
-1
-1
-1
-1
-1
-1
-1
-1
-1
-1
-1
-1
-1
-1
-1
-1
-1
-1
-1
-1
-1
-1
-1
-1
-1
-1
-1
-1
-1
-1
-1
-1
-1
-1
-1
-1
-1
-1
-1
-1
-1
-1
-1
-1
-1
-1
-1
-1
-1
-1
-1
-1
-1
-1
-1
-1
-1
-1
-1
-1
-1
-1
-1
-1
-1
-1
-1
-1
-1
-1
-1
-1
-1
-1
-1
-1
-1
-1
-1
-1
-1
-1
-1
-1
-1
-1
-1
-1
-1
-1
-1
-1
-1
-1
-1
-1
-1
-1
-1
-1
-1
-1
-1
-1
-1
-1
-1
-1
-1
-1
-1
-1
-1
-1
-1
-1
-1
-1
-1
-1
-1
-1
-1
-1
-1
-1
-1
-1
-1
-1
-1
-1
-1
-1
-1
-1
-1
-1
-1
-1
-1
-1
-1
-1
-1
-1
-1
-1
-1
-1
-1
-1
-1
-1
-1
-1
-1
-1
-1
-1
-1
-1
-1
-1
-1
-1
-1
-1
-1
-1
-1
-1
-1
-1
-1
-1
-1
-1
-1
-1
-1
-1
-1
-1
-1
-1
-1
-1
-1
-1
-1
-1
-1
-1
-1
-1
-1
-1
-1
-1
-1
-1
-1
-1
-1
-1
-1
-1
-1
-1
-1
-1
-1
-1
-1
-1
-1
-1
-1
-1
-1
-1
-1
-1
-1
-1
-1
-1
-1
-1
-1
-1
-1
-1
-1
-1
-1
-1
-1
-1
-1
-1
-1
-1
-1
-1
-1
-1
-1
-1
-1
-1
-1
-1
-1
-1
-1
-1
-1
-1
-1
-1
-1
-1
-1
-1
-1
-1
-1
-1
-1
-1
-1
-1
-1
-1
-1
-1
-1
-1
-1
-1
-1
-1
-1
-1
-1
-1
-1
-1
-1
-1
-1
-1
-1
-1
-1
-1
-1
-1
-1
-1
-1
-1
-1
-1
-1
-1
-1
-1
-1
-1
-1
-1
-1
-1
-1
-1
-1
-1
-1
-1
-1
-1
-1
-1
-1
-1
-1
-1
-1
-1
-1
-1
-1
-1
-1
-1
-1
-1
-1
-1
-1
-1
-1
-1
-1
-1
-1
-1
-1
-1
-1
-1
-1
-1
-1
-1
-1
-1
-1
-1
-1
-1
-1
-1
-1
-1
-1
-1
-1
-1
-1
-1
-1
-1
-1
-1
-1
-1
-1
-1
-1
-1
-1
-1
-1
-1
-1
-1
-1
-1
-1
-1
-1
-1
-1
-1
-1
-1
-1
-1
-1
-1
-1
-1
-1
-1
-1
-1
-1
-1
-1
-1
-1
-1
-1
-1
-1
-1
-1
-1
-1
-1
-1
-1
-1
-1
-1
-1
-1
-1
-1
-1
-1
-1
-1
-1
-1
-1
-1
-1
-1
-1
-1
-1
-1
-1
-1
-1
-1
-1
-1
-1
-1
-1
-1
-1
-1
-1
-1
-1
-1
-1
-1
-1
-1
-1
-1
-1
-1
-1
-1
-1
-1
-1
-1
-1
-1
-1
-1
-1
-1
-1
-1
-1
-1
-1
-1
-1
-1
-1
-1
-1
-1
-1
-1
-1
-1
-1
-1
-1
-1
-1
-1
-1
-1
-1
-1
-1
-1
-1
-1
-1
-1
-1
-1
-1
-1
-1
-1
-1
-1
-1
-1
-1
-1
-1
-1
-1
-1
-1
-1
-1
-1
-1
-1
-1
-1
-1
-1
-1
-1
-1
-1
-1
-1
-1
-1
-1
-1
-1
-1
-1
-1
-1
-1
-1
-1
-1
-1
-1
-1
-1
-1
-1
-1
-1
-1
-1
-1
-1
-1
-1
-1
-1
-1
-1
-1
-1
-1
-1
-1
-1
-1
-1
-1
-1
-1
-1
-1
-1
-1
-1
-1
-1
-1
-1
-1
-1
-1
-1
-1
-1
-1
-1
-1
-1
-1
-1
-1
-1
-1
-1
-1
-1
-1
-1
-1
-1
-1
-1
-1
-1
-1
-1
-1
-1
-1
-1
-1
-1
-1
-1
-1
-1
-1
-1
-1
-1
-1
-1
-1
-1
-1
-1
-1
-1
-1
-1
-1
-1
-1
-1
-1
-1
-1
-1
-1
-1
-1
-1
-1
-1
-1
-1
-1
-1
-1
-1
-1
-1
-1
-1
-1
-1
-1
-1
-1
-1
-1
-1
-1
-1
-1
-1
-1
-1
-1
-1
-1
-1
-1
-1
-1
-1
-1
-1
-1
-1
-1
-1
-1
-1
-1
-1
-1
-1
-1
-1
-1
-1
-1
-1
-1
-1
-1
-1
-1
-1
-1
-1
-1
-1
-1
-1
-1
-1
-1
-1
-1
-1
-1
-1
-1
-1
-1
-1
-1
-1
-1
-1
-1
-1
-1
-1
-1
-1
-1
-1
-1
-1
-1
-1
-1
-1
-1
-1
-1
-1
-1
-1
-1
-1
-1
-1
-1
-1
-1
-1
-1
-1
-1
-1
-1
-1
-1
-1
-1
-1
-1
-1
-1
-1
-1
-1
-1
-1
-1
-1
-1
-1
-1
-1
-1
-1
-1
-1
-1
-1
-1
-1
-1
-1
-1
-1
-1
-1
-1
-1
-1
-1
-1
-1
-1
-1
-1
-1
-1
-1
-1
-1
-1
-1
-1
-1
-1
-1
-1
-1
-1
-1
-1
-1
-1
-1
-1
-1
-1
-1
-1
-1
-1
-1
-1
-1
-1
-1
-1
-1
-1
-1
-1
-1
-1
-1
-1
-1
-1
-1
-1
-1
-1
-1
-1
-1
-1
-1
-1
-1
-1
-1
-1
-1
-1
-1
-1
-1
-1
-1
-1
-1
-1
-1
-1
-1
-1
-1
-1
-1
-1
-1
-1
-1
-1
-1
-1
-1
-1
-1
-1
-1
-1
-1
-1
-1
-1
-1
-1
-1
-1
-1
-1
-1
-1
-1
-1
-1
-1
-1
-1
-1
-1
-1
-1
-1
-1
-1
-1
-1
-1
-1
-1
-1
-1
-1
-1
-1
-1
-1
-1
-1
-1
-1
-1
-1
-1
-1
-1
-1
-1
-1
-1
-1
-1
-1
-1
-1
-1
-1
-1
-1
-1
-1
-1
-1
-1
-1
-1
-1
-1
-1
-1
-1
-1
-1
-1
-1
-1
-1
-1
-1
-1
-1
-1
-1
-1
-1
-1
-1
-1
-1
-1
-1
-1
-1
-1
-1
-1
-1
-1
-1
-1
-1
-1
-1
-1
-1
-1
-1
-1
-1
-1
-1
-1
-1
-1
-1
-1
-1
-1
-1
-1
-1
-1
-1
-1
-1
-1
-1
-1
-1
-1
-1
-1
-1
-1
-1
-1
-1
-1
-1
-1
-1
-1
-1
-1
-1
-1
-1
-1
-1
-1
-1
-1
-1
-1
-1
-1
-1
-1
-1
-1
-1
-1
-1
-1
-1
-1
-1
-1
-1
-1
-1
-1
-1
-1
-1
-1
-1
-1
-1
-1
-1
-1
-1
-1
-1
-1
-1
-1
-1
-1
-1
-1
-1
-1
-1
-1
-1
-1
-1
-1
-1
-1
-1
-1
-1
-1
-1
-1
-1
-1
-1
-1
-1
-1
-1
-1
-1
-1
-1
-1
-1
-1
-1
-1
-1
-1
-1
-1
-1
-1
-1
-1
-1
-1
-1
-1
-1
-1
-1
-1
-1
-1
-1
-1
-1
-1
-1
-1
-1
-1
-1
-1
-1
-1
-1
-1
-1
-1
-1
-1
-1
-1
-1
-1
-1
-1
-1
-1
-1
-1
-1
-1
-1
-1
-1
-1
-1
-1
-1
-1
-1
-1
-1
-1
-1
-1
-1
-1
-1
-1
-1
-1
-1
-1
-1
-1
-1
-1
-1
-1
-1
-1
-1
-1
-1
-1
-1
-1
-1
-1
-1
-1
-1
-1
-1
-1
-1
-1
-1
-1
-1
-1
-1
-1
-1
-1
-1
-1
-1
-1
-1
-1
-1
-1
-1
-1
-1
-1
-1
-1
-1
-1
-1
-1
-1
-1
-1
-1
-1
-1
-1
-1
-1
-1
-1
-1
-1
-1
-1
-1
-1
-1
-1
-1
-1
-1
-1
-1
-1
-1
-1
-1
-1
-1
-1
-1
-1
-1
-1
-1
-1
-1
-1
-1
-1
-1
-1
-1
-1
-1
-1
-1
-1
-1
-1
-1
-1
-1
-1
-1
-1
-1
-1
-1
-1
-1
-1
-1
-1
-1
-1
-1
-1
-1
-1
-1
-1
-1
-1
-1
-1
-1
-1
-1
-1
-1
-1
-1
-1
-1
-1
-1
-1
-1
-1
-1
-1
-1
-1
-1
-1
-1
-1
-1
-1
-1
-1
-1
-1
-1
-1
-1
-1
-1
-1
-1
-1
-1
-1
-1
-1
-1
-1
-1
-1
-1
-1
-1
-1
-1
-1
-1
-1
-1
-1
-1
-1
-1
-1
-1
-1
-1
-1
-1
-1
-1
-1
-1
-1
-1
-1
-1
-1
-1
-1
-1
-1
-1
-1
-1
-1
-1
-1
-1
-1
-1
-1
-1
-1
-1
-1
-1
-1
-1
-1
-1
-1
-1
-1
-1
-1
-1
-1
-1
-1
-1
-1
-1
-1
-1
-1
-1
-1
-1
-1
-1
-1
-1
-1
-1
-1
-1
-1
-1
-1
-1
-1
-1
-1
-1
-1
-1
-1
-1
-1
-1
-1
-1
-1
-1
-1
-1
-1
-1
-1
-1
-1
-1
-1
-1
-1
-1
-1
-1
-1
-1
-1
-1
-1
-1
-1
-1
-1
-1
-1
-1
-1
-1
-1
-1
-1
-1
-1
-1
-1
-1
-1
-1
-1
-1
-1
-1
-1
-1
-1
-1
-1
-1
-1
-1
-1
-1
-1
-1
-1
-1
-1
-1
-1
-1
-1
-1
-1
-1
-1
-1
-1
-1
-1
-1
-1
-1
-1
-1
-1
-1
-1
-1
-1
-1
-1
-1
-1
-1
-1
-1
-1
-1
-1
-1
-1
-1
-1
-1
-1
-1
-1
-1
-1
-1
-1
-1
-1
-1
-1
-1
-1
-1
-1
-1
-1
-1
-1
-1
-1
-1
-1
-1
-1
-1
-1
-1
-1
-1
-1
-1
-1
-1
-1
-1
-1
-1
-1
-1
-1
-1
-1
-1
-1
-1
-1
-1
-1
-1
-1
-1
-1
-1
-1
-1
-1
-1
-1
-1
-1
-1
-1
-1
-1
-1
-1
-1
-1
-1
-1
-1
-1
-1
-1
-1
-1
-1
-1
-1
-1
-1
-1
-1
-1
-1
-1
-1
-1
-1
-1
-1
-1
-1
-1
-1
-1
-1
-1
-1
-1
-1
-1
-1
-1
-1
-1
-1
-1
-1
-1
-1
-1
-1
-1
-1
-1
-1
-1
-1
-1
-1
-1
-1
-1
-1
-1
-1
-1
-1
-1
-1
-1
-1
-1
-1
-1
-1
-1
-1
-1
-1
-1
-1
-1
-1
-1
-1
-1
-1
-1
-1
-1
-1
-1
-1
-1
-1
-1
-1
-1
-1
-1
-1
-1
-1
-1
-1
-1
-1
-1
-1
-1
-1
-1
-1
-1
-1
-1
-1
-1
-1
-1
-1
-1
-1
-1
-1
-1
-1
-1
-1
-1
-1
-1
-1
-1
-1
-1
-1
-1
-1
-1
-1
-1
-1
-1
-1
-1
-1
-1
-1
-1
-1
-1
-1
-1
-1
-1
-1
-1
-1
-1
-1
-1
-1
-1
-1
-1
-1
-1
-1
-1
-1
-1
-1
-1
-1
-1
-1
-1
-1
-1
-1
-1
-1
-1
-1
-1
-1
-1
-1
-1
-1
-1
-1
-1
-1
-1
-1
-1
-1
-1
-1
-1
-1
-1
-1
-1
-1
-1
-1
-1
-1
-1
-1
-1
-1
-1
-1
-1
-1
-1
-1
-1
-1
-1
-1
-1
-1
-1
-1
-1
-1
-1
-1
-1
-1
-1
-1
-1
-1
-1
-1
-1
-1
-1
-1
-1
-1
-1
-1
-1
-1
-1
-1
-1
-1
-1
-1
-1
-1
-1
-1
-1
-1
-1
-1
-1
-1
-1
-1
-1
-1
-1
-1
-1
-1
-1
-1
-1
-1
-1
-1
-1
-1
-1
-1
-1
-1
-1
-1
-1
-1
-1
-1
-1
-1
-1
-1
-1
-1
-1
-1
-1
-1
-1
-1
-1
-1
-1
-1
-1
-1
-1
-1
-1
-1
-1
-1
-1
-1
-1
-1
-1
-1
-1
-1
-1
-1
-1
-1
-1
-1
-1
-1
-1
-1
-1
-1
-1
-1
-1
-1
-1
-1
-1
-1
-1
-1
-1
-1
-1
-1
-1
-1
-1
-1
-1
-1
-1
-1
-1
-1
-1
-1
-1
-1
-1
-1
-1
-1
-1
-1
-1
-1
-1
-1
-1
-1
-1
-1
-1
-1
-1
-1
-1
-1
-1
-1
-1
-1
-1
-1
-1
-1
-1
-1
-1
-1
-1
-1
-1
-1
-1
-1
-1
-1
-1
-1
-1
-1
-1
-1
-1
-1
-1
-1
-1
-1
-1
-1
-1
-1
-1
-1
-1
-1
-1
-1
-1
-1
-1
-1
-1
-1
-1
-1
-1
-1
-1
-1
-1
-1
-1
-1
-1
-1
-1
-1
-1
-1
-1
-1
-1
-1
-1
-1
-1
-1
-1
-1
-1
-1
-1
-1
-1
-1
-1
-1
-1
-1
-1
-1
-1
-1
-1
-1
-1
-1
-1
-1
-1
-1
-1
-1
-1
-1
-1
-1
-1
-1
-1
-1
-1
-1
-1
-1
-1
-1
-1
-1
-1
-1
-1
-1
-1
-1
-1
-1
-1
-1
-1
-1
-1
-1
-1
-1
-1
-1
-1
-1
-1
-1
-1
-1
-1
-1
-1
-1
-1
-1
-1
-1
-1
-1
-1
-1
-1
-1
-1
-1
-1
-1
-1
-1
-1
-1
-1
-1
-1
-1
-1
-1
-1
-1
-1
-1
-1
-1
-1
-1
-1
-1
-1
-1
-1
-1
-1
-1
-1
-1
-1
-1
-1
-1
-1
-1
-1
-1
-1
-1
-1
-1
-1
-1
-1
-1
-1
-1
-1
-1
-1
-1
-1
-1
-1
-1
-1
-1
-1
-1
-1
-1
-1
-1
-1
-1
-1
-1
-1
-1
-1
-1
-1
-1
-1
-1
-1
-1
-1
-1
-1
-1
-1
-1
-1
-1
-1
-1
-1
-1
-1
-1
-1
-1
-1
-1
-1
-1
-1
-1
-1
-1
-1
-1
-1
-1
-1
-1
-1
-1
-1
-1
-1
-1
-1
-1
-1
-1
-1
-1
-1
-1
-1
-1
-1
-1
-1
-1
-1
-1
-1
-1
-1
-1
-1
-1
-1
-1
-1
-1
-1
-1
-1
-1
-1
-1
-1
-1
-1
-1
-1
-1
-1
-1
-1
-1
-1
-1
-1
-1
-1
-1
-1
-1
-1
-1
-1
-1
-1
-1
-1
-1
-1
-1
-1
-1
-1
-1
-1
-1
-1
-1
-1
-1
-1
-1
-1
-1
-1
-1
-1
-1
-1
-1
-1
-1
-1
-1
-1
-1
-1
-1
-1
-1
-1
-1
-1
-1
-1
-1
-1
-1
-1
-1
-1
-1
-1
-1
-1
-1
-1
-1
-1
-1
-1
-1
-1
-1
-1
-1
-1
-1
-1
-1
-1
-1
-1
-1
-1
-1
-1
-1
-1
-1
-1
-1
-1
-1
-1
-1
-1
-1
-1
-1
-1
-1
-1
-1
-1
-1
-1
-1
-1
-1
-1
-1
-1
-1
-1
-1
-1
-1
-1
-1
-1
-1
-1
-1
-1
-1
-1
-1
-1
-1
-1
-1
-1
-1
-1
-1
-1
-1
-1
-1
-1
-1
-1
-1
-1
-1
-1
-1
-1
-1
-1
-1
-1
-1
-1
-1
-1
-1
-1
-1
-1
-1
-1
-1
-1
-1
-1
-1
-1
-1
-1
-1
-1
-1
-1
-1
-1
-1
-1
-1
-1
-1
-1
-1
-1
-1
-1
-1
-1
-1
-1
-1
-1
-1
-1
-1
-1
-1
-1
-1
-1
-1
-1
-1
-1
-1
-1
-1
-1
-1
-1
-1
-1
-1
-1
-1
-1
-1
-1
-1
-1
-1
-1
-1
-1
-1
-1
-1
-1
-1
-1
-1
-1
-1
-1
-1
-1
-1
-1
-1
-1
-1
-1
-1
-1
-1
-1
-1
-1
-1
-1
-1
-1
-1
-1
-1
-1
-1
-1
-1
-1
-1
-1
-1
-1
-1
-1
-1
-1
-1
-1
-1
-1
-1
-1
-1
-1
-1
-1
-1
-1
-1
-1
-1
-1
-1
-1
-1
-1
-1
-1
-1
-1
-1
-1
-1
-1
-1
-1
-1
-1
-1
-1
-1
-1
-1
-1
-1
-1
-1
-1
-1
-1
-1
-1
-1
-1
-1
-1
-1
-1
-1
-1
-1
-1
-1
-1
-1
-1
-1
-1
-1
-1
-1
-1
-1
-1
-1
-1
-1
-1
-1
-1
-1
-1
-1
-1
-1
-1
-1
-1
-1
-1
-1
-1
-1
-1
-1
-1
-1
-1
-1
-1
-1
-1
-1
-1
-1
-1
-1
-1
-1
-1
-1
-1
-1
-1
-1
-1
-1
-1
-1
-1
-1
-1
-1
-1
-1
-1
-1
-1
-1
-1
-1
-1
-1
-1
-1
-1
-1
-1
-1
-1
-1
-1
-1
-1
-1
-1
-1
-1
-1
-1
-1
-1
-1
-1
-1
-1
-1
-1
-1
-1
-1
-1
-1
-1
-1
-1
-1
-1
-1
-1
-1
-1
-1
-1
-1
-1
-1
-1
-1
-1
-1
-1
-1
-1
-1
-1
-1
-1
-1
-1
-1
-1
-1
-1
-1
-1
-1
-1
-1
-1
-1
-1
-1
-1
-1
-1
-1
-1
-1
-1
-1
-1
-1
-1
-1
-1
-1
-1
-1
-1
-1
-1
-1
-1
-1
-1
-1
-1
-1
-1
-1
-1
-1
-1
-1
-1
-1
-1
-1
-1
-1
-1
-1
-1
-1
-1
-1
-1
-1
-1
-1
-1
-1
-1
-1
-1
-1
-1
-1
-1
-1
-1
-1
-1
-1
-1
-1
-1
-1
-1
-1
-1
-1
-1
-1
-1
-1
-1
-1
-1
-1
-1
-1
-1
-1
-1
-1
-1
-1
-1
-1
-1
-1
-1
-1
-1
-1
-1
-1
-1
-1
-1
-1
-1
-1
-1
-1
-1
-1
-1
-1
-1
-1
-1
-1
-1
-1
-1
-1
-1
-1
-1
-1
-1
-1
-1
-1
-1
-1
-1
-1
-1
-1
-1
-1
-1
-1
-1
-1
-1
-1
-1
-1
-1
-1
-1
-1
-1
-1
-1
-1
-1
-1
-1
-1
-1
-1
-1
-1
-1
-1
-1
-1
-1
-1
-1
-1
-1
-1
-1
-1
-1
-1
-1
-1
-1
-1
-1
-1
-1
-1
-1
-1
-1
-1
-1
-1
-1
-1
-1
-1
-1
-1
-1
-1
-1
-1
-1
-1
-1
-1
-1
-1
-1
-1
-1
-1
-1
-1
-1
-1
-1
-1
-1
-1
-1
-1
-1
-1
-1
-1
-1
-1
-1
-1
-1
-1
-1
-1
-1
-1
-1
-1
-1
-1
-1
-1
-1
-1
-1
-1
-1
-1
-1
-1
-1
-1
-1
-1
-1
-1
-1
-1
-1
-1
-1
-1
-1
-1
-1
-1
-1
-1
-1
-1
-1
-1
-1
-1
-1
-1
-1
-1
-1
-1
-1
-1
-1
-1
-1
-1
-1
-1
-1
-1
-1
-1
-1
-1
-1
-1
-1
-1
-1
-1
-1
-1
-1
-1
-1
-1
-1
-1
-1
-1
-1
-1
-1
-1
-1
-1
-1
-1
-1
-1
-1
-1
-1
-1
-1
-1
-1
-1
-1
-1
-1
-1
-1
-1
-1
-1
-1
-1
-1
-1
-1
-1
-1
-1
-1
-1
-1
-1
-1
-1
-1
-1
-1
-1
-1
-1
-1
-1
-1
-1
-1
-1
-1
-1
-1
-1
-1
-1
-1
-1
-1
-1
-1
-1
-1
-1
-1
-1
-1
-1
-1
-1
-1
-1
-1
-1
-1
-1
-1
-1
-1
-1
-1
-1
-1
-1
-1
-1
-1
-1
-1
-1
-1
-1
-1
-1
-1
-1
-1
-1
-1
-1
-1
-1
-1
-1
-1
-1
-1
-1
-1
-1
-1
-1
-1
-1
-1
-1
-1
-1
-1
-1
-1
-1
-1
-1
-1
-1
-1
-1
-1
-1
-1
-1
-1
-1
-1
-1
-1
-1
-1
-1
-1
-1
-1
-1
-1
-1
-1
-1
-1
-1
-1
-1
-1
-1
-1
-1
-1
-1
-1
-1
-1
-1
-1
-1
-1
-1
-1
-1
-1
-1
-1
-1
-1
-1
-1
-1
-1
-1
-1
-1
-1
-1
-1
-1
-1
-1
-1
-1
-1
-1
-1
-1
-1
-1
-1
-1
-1
-1
-1
-1
-1
-1
-1
-1
-1
-1
-1
-1
-1
-1
-1
-1
-1
-1
-1
-1
-1
-1
-1
-1
-1
-1
-1
-1
-1
-1
-1
-1
-1
-1
-1
-1
-1
-1
-1
-1
-1
-1
-1
-1
-1
-1
-1
-1
-1
-1
-1
-1
-1
-1
-1
-1
-1
-1
-1
-1
-1
-1
-1
-1
-1
-1
-1
-1
-1
-1
-1
-1
-1
-1
-1
-1
-1
-1
-1
-1
-1
-1
-1
-1
-1
-1
-1
-1
-1
-1
-1
-1
-1
-1
-1
-1
-1
-1
-1
-1
-1
-1
-1
-1
-1
-1
-1
-1
-1
-1
-1
-1
-1
-1
-1
-1
-1
-1
-1
-1
-1
-1
-1
-1
-1
-1
-1
-1
-1
-1
-1
-1
-1
-1
-1
-1
-1
-1
-1
-1
-1
-1
-1
-1
-1
-1
-1
-1
-1
-1
-1
-1
-1
-1
-1
-1
-1
-1
-1
-1
-1
-1
-1
-1
-1
-1
-1
-1
-1
-1
-1
-1
-1
-1
-1
-1
-1
-1
-1
-1
-1
-1
-1
-1
-1
-1
-1
-1
-1
-1
-1
-1
-1
-1
-1
-1
-1
-1
-1
-1
-1
-1
-1
-1
-1
-1
-1
-1
-1
-1
-1
-1
-1
-1
-1
-1
-1
-1
-1
-1
-1
-1
-1
-1
-1
-1
-1
-1
-1
-1
-1
-1
-1
-1
-1
-1
-1
-1
-1
-1
-1
-1
-1
-1
-1
-1
-1
-1
-1
-1
-1
-1
-1
-1
-1
-1
-1
-1
-1
-1
-1
-1
-1
-1
-1
-1
-1
-1
-1
-1
-1
-1
-1
-1
-1
-1
-1
-1
-1
-1
-1
-1
-1
-1
-1
-1
-1
-1
-1
-1
-1
-1
-1
-1
-1
-1
-1
-1
-1
-1
-1
-1
-1
-1
-1
-1
-1
-1
-1
-1
-1
-1
-1
-1
-1
-1
-1
-1
-1
-1
-1
-1
-1
-1
-1
-1
-1
-1
-1
-1
-1
-1
-1
-1
-1
-1
-1
-1
-1
-1
-1
-1
-1
-1
-1
-1
-1
-1
-1
-1
-1
-1
-1
-1
-1
-1
-1
-1
-1
-1
-1
-1
-1
-1
-1
-1
-1
-1
-1
-1
-1
-1
-1
-1
-1
-1
-1
-1
-1
-1
-1
-1
-1
-1
-1
-1
-1
-1
-1
-1
-1
-1
-1
-1
-1
-1
-1
-1
-1
-1
-1
-1
-1
-1
-1
-1
-1
-1
-1
-1
-1
-1
-1
-1
-1
-1
-1
-1
-1
-1
-1
-1
-1
-1
-1
-1
-1
-1
-1
-1
-1
-1
-1
-1
-1
-1
-1
-1
-1
-1
-1
-1
-1
-1
-1
-1
-1
-1
-1
-1
-1
-1
-1
-1
-1
-1
-1
-1
-1
-1
-1
-1
-1
-1
-1
-1
-1
-1
-1
-1
-1
-1
-1
-1
-1
-1
-1
-1
-1
-1
-1
-1
-1
-1
-1
-1
-1
-1
-1
-1
-1
-1
-1
-1
-1
-1
-1
-1
-1
-1
-1
-1
-1
-1
-1
-1
-1
-1
-1
-1
-1
-1
-1
-1
-1
-1
-1
-1
-1
-1
-1
-1
-1
-1
-1
-1
-1
-1
-1
-1
-1
-1
-1
-1
-1
-1
-1
-1
-1
-1
-1
-1
-1
-1
-1
-1
-1
-1
-1
-1
-1
-1
-1
-1
-1
-1
-1
-1
-1
-1
-1
-1
-1
-1
-1
-1
-1
-1
-1
-1
-1
-1
-1
-1
-1
-1
-1
-1
-1
-1
-1
-1
-1
-1
-1
-1
-1
-1
-1
-1
-1
-1
-1
-1
-1
-1
-1
-1
-1
-1
-1
-1
-1
-1
-1
-1
-1
-1
-1
-1
-1
-1
-1
-1
-1
-1
-1
-1
-1
-1
-1
-1
-1
-1
-1
-1
-1
-1
-1
-1
-1
-1
-1
-1
-1
-1
-1
-1
-1
-1
-1
-1
-1
-1
-1
-1
-1
-1
-1
-1
-1
-1
-1
-1
-1
-1
-1
-1
-1
-1
-1
-1
-1
-1
-1
-1
-1
-1
-1
-1
-1
-1
-1
-1
-1
-1
-1
-1
-1
-1
-1
-1
-1
-1
-1
-1
-1
-1
-1
-1
-1
-1
-1
-1
-1
-1
-1
-1
-1
-1
-1
-1
-1
-1
-1
-1
-1
-1
-1
-1
-1
-1
-1
-1
-1
-1
-1
-1
-1
-1
-1
-1
-1
-1
-1
-1
-1
-1
-1
-1
-1
-1
-1
-1
-1
-1
-1
-1
-1
-1
-1
-1
-1
-1
-1
-1
-1
-1
-1
-1
-1
-1
-1
-1
-1
-1
-1
-1
-1
-1
-1
-1
-1
-1
-1
-1
-1
-1
-1
-1
-1
-1
-1
-1
-1
-1
-1
-1
-1
-1
-1
-1
-1
-1
-1
-1
-1
-1
-1
-1
-1
-1
-1
-1
-1
-1
-1
-1
-1
-1
-1
-1
-1
-1
-1
-1
-1
-1
-1
-1
-1
-1
-1
-1
-1
-1
-1
-1
-1
-1
-1
-1
-1
-1
-1
-1
-1
-1
-1
-1
-1
-1
-1
-1
-1
-1
-1
-1
-1
-1
-1
-1
-1
-1
-1
-1
-1
-1
-1
-1
-1
-1
-1
-1
-1
-1
-1
-1
-1
-1
-1
-1
-1
-1
-1
-1
-1
-1
-1
-1
-1
-1
-1
-1
-1
-1
-1
-1
-1
-1
-1
-1
-1
-1
-1
-1
-1
-1
-1
-1
-1
-1
-1
-1
-1
-1
-1
-1
-1
-1
-1
-1
-1
-1
-1
-1
-1
-1
-1
-1
-1
-1
-1
-1
-1
-1
-1
-1
-1
-1
-1
-1
-1
-1
-1
-1
-1
-1
-1
-1
-1
-1
-1
-1
-1
-1
-1
-1
-1
-1
-1
-1
-1
-1
-1
-1
-1
-1
-1
-1
-1
-1
-1
-1
-1
-1
-1
-1
-1
-1
-1
-1
-1
-1
-1
-1
-1
-1
-1
-1
-1
-1
-1
-1
-1
-1
-1
-1
-1
-1
-1
-1
-1
-1
-1
-1
-1
-1
-1
-1
-1
-1
-1
-1
-1
-1
-1
-1
-1
-1
-1
-1
-1
-1
-1
-1
-1
-1
-1
-1
-1
-1
-1
-1
-1
-1
-1
-1
-1
-1
-1
-1
-1
-1
-1
-1
-1
-1
-1
-1
-1
-1
-1
-1
-1
-1
-1
-1
-1
-1
-1
-1
-1
-1
-1
-1
-1
-1
-1
-1
-1
-1
-1
-1
-1
-1
-1
-1
-1
-1
-1
-1
-1
-1
-1
-1
-1
-1
-1
-1
-1
-1
-1
-1
-1
-1
-1
-1
-1
-1
-1
-1
-1
-1
-1
-1
-1
-1
-1
-1
-1
-1
-1
-1
-1
-1
-1
-1
-1
-1
-1
-1
-1
-1
-1
-1
-1
-1
-1
-1
-1
-1
-1
-1
-1
-1
-1
-1
-1
-1
-1
-1
-1
-1
-1
-1
-1
-1
-1
-1
-1
-1
-1
-1
-1
-1
-1
-1
-1
-1
-1
-1
-1
-1
-1
-1
-1
-1
-1
-1
-1
-1
-1
-1
-1
-1
-1
-1
-1
-1
-1
-1
-1
-1
-1
-1
-1
-1
-1
-1
-1
-1
-1
-1
-1
-1
-1
-1
-1
-1
-1
-1
-1
-1
-1
-1
-1
-1
-1
-1
-1
-1
-1
-1
-1
-1
-1
-1
-1
-1
-1
-1
-1
-1
-1
-1
-1
-1
-1
-1
-1
-1
-1
-1
-1
-1
-1
-1
-1
-1
-1
-1
-1
-1
-1
-1
-1
-1
-1
-1
-1
-1
-1
-1
-1
-1
-1
-1
-1
-1
-1
-1
-1
-1
-1
-1
-1
-1
-1
-1
-1
-1
-1
-1
-1
-1
-1
-1
-1
-1
-1
-1
-1
-1
-1
-1
-1
-1
-1
-1
-1
-1
-1
-1
-1
-1
-1
-1
-1
-1
-1
-1
-1
-1
-1
-1
-1
-1
-1
-1
-1
-1
-1
-1
-1
-1
-1
-1
-1
-1
-1
-1
-1
-1
-1
-1
-1
-1
-1
-1
-1
-1
-1
-1
-1
-1
-1
-1
-1
-1
-1
-1
-1
-1
-1
-1
-1
-1
-1
-1
-1
-1
-1
-1
-1
-1
-1
-1
-1
-1
-1
-1
-1
-1
-1
-1
-1
-1
-1
-1
-1
-1
-1
-1
-1
-1
-1
-1
-1
-1
-1
-1
-1
-1
-1
-1
-1
-1
-1
-1
-1
-1
-1
-1
-1
-1
-1
-1
-1
-1
-1
-1
-1
-1
-1
-1
-1
-1
-1
-1
-1
-1
-1
-1
-1
-1
-1
-1
-1
-1
-1
-1
-1
-1
-1
-1
-1
-1
-1
-1
-1
-1
-1
-1
-1
-1
-1
-1
-1
-1
-1
-1
-1
-1
-1
-1
-1
-1
-1
-1
-1
-1
-1
-1
-1
-1
-1
-1
-1
-1
-1
-1
-1
-1
-1
-1
-1
-1
-1
-1
-1
-1
-1
-1
-1
-1
-1
-1
-1
-1
-1
-1
-1
-1
-1
-1
-1
-1
-1
-1
-1
-1
-1
-1
-1
-1
-1
-1
-1
-1
-1
-1
-1
-1
-1
-1
-1
-1
-1
-1
-1
-1
-1
-1
-1
-1
-1
-1
-1
-1
-1
-1
-1
-1
-1
-1
-1
-1
-1
-1
-1
-1
-1
-1
-1
-1
-1
-1
-1
-1
-1
-1
-1
-1
-1
-1
-1
-1
-1
-1
-1
-1
-1
-1
-1
-1
-1
-1
-1
-1
-1
-1
-1
-1
-1
-1
-1
-1
-1
-1
-1
-1
-1
-1
-1
-1
-1
-1
-1
-1
-1
-1
-1
-1
-1
-1
-1
-1
-1
-1
-1
-1
-1
-1
-1
-1
-1
-1
-1
-1
-1
-1
-1
-1
-1
-1
-1
-1
-1
-1
-1
-1
-1
-1
-1
-1
-1
-1
-1
-1
-1
-1
-1
-1
-1
-1
-1
-1
-1
-1
-1
-1
-1
-1
-1
-1
-1
-1
-1
-1
-1
-1
-1
-1
-1
-1
-1
-1
-1
-1
-1
-1
-1
-1
-1
-1
-1
-1
-1
-1
-1
-1
-1
-1
-1
-1
-1
-1
-1
-1
-1
-1
-1
-1
-1
-1
-1
-1
-1
-1
-1
-1
-1
-1
-1
-1
-1
-1
-1
-1
-1
-1
-1
-1
-1
-1
-1
-1
-1
-1
-1
-1
-1
-1
-1
-1
-1
-1
-1
-1
-1
-1
-1
-1
-1
-1
-1
-1
-1
-1
-1
-1
-1
-1
-1
-1
-1
-1
-1
-1
-1
-1
-1
-1
-1
-1
-1
-1
-1
-1
-1
-1
-1
-1
-1
-1
-1
-1
-1
-1
-1
-1
-1
-1
-1
-1
-1
-1
-1
-1
-1
-1
-1
-1
-1
-1
-1
-1
-1
-1
-1
-1
-1
-1
-1
-1
-1
-1
-1
-1
-1
-1
-1
-1
-1
-1
-1
-1
-1
-1
-1
-1
-1
-1
-1
-1
-1
-1
-1
-1
-1
-1
-1
-1
-1
-1
-1
-1
-1
-1
-1
-1
-1
-1
-1
-1
-1
-1
-1
-1
-1
-1
-1
-1
-1
-1
-1
-1
-1
-1
-1
-1
-1
-1
-1
-1
-1
-1
-1
-1
-1
-1
-1
-1
-1
-1
-1
-1
-1
-1
-1
-1
-1
-1
-1
-1
-1
-1
-1
-1
-1
-1
-1
-1
-1
-1
-1
-1
-1
-1
-1
-1
-1
-1
-1
-1
-1
-1
-1
-1
-1
-1
-1
-1
-1
-1
-1
-1
-1
-1
-1
-1
-1
-1
-1
-1
-1
-1
-1
-1
-1
-1
-1
-1
-1
-1
-1
-1
-1
-1
-1
-1
-1
-1
-1
-1
-1
-1
-1
-1
-1
-1
-1
-1
-1
-1
-1
-1
-1
-1
-1
-1
-1
-1
-1
-1
-1
-1
-1
-1
-1
-1
-1
-1
-1
-1
-1
-1
-1
-1
-1
-1
-1
-1
-1
-1
-1
-1
-1
-1
-1
-1
-1
-1
-1
-1
-1
-1
-1
-1
-1
-1
-1
-1
-1
-1
-1
-1
-1
-1
-1
-1
-1
-1
-1
-1
-1
-1
-1
-1
-1
-1
-1
-1
-1
-1
-1
-1
-1
-1
-1
-1
-1
-1
-1
-1
-1
-1
-1
-1
-1
-1
-1
-1
-1
-1
-1
-1
-1
-1
-1
-1
-1
-1
-1
-1
-1
-1
-1
-1
-1
-1
-1
-1
-1
-1
-1
-1
-1
-1
-1
-1
-1
-1
-1
-1
-1
-1
-1
-1
-1
-1
-1
-1
-1
-1
-1
-1
-1
-1
-1
-1
-1
-1
-1
-1
-1
-1
-1
-1
-1
-1
-1
-1
-1
-1
-1
-1
-1
-1
-1
-1
-1
-1
-1
-1
-1
-1
-1
-1
-1
-1
-1
-1
-1
-1
-1
-1
-1
-1
-1
-1
-1
-1
-1
-1
-1
-1
-1
-1
-1
-1
-1
-1
-1
-1
-1
-1
-1
-1
-1
-1
-1
-1
-1
-1
-1
-1
-1
-1
-1
-1
-1
-1
-1
-1
-1
-1
-1
-1
-1
-1
-1
-1
-1
-1
-1
-1
-1
-1
-1
-1
-1
-1
-1
-1
-1
-1
-1
-1
-1
-1
-1
-1
-1
-1
-1
-1
-1
-1
-1
-1
-1
-1
-1
-1
-1
-1
-1
-1
-1
-1
-1
-1
-1
-1
-1
-1
-1
-1
-1
-1
-1
-1
-1
-1
-1
-1
-1
-1
-1
-1
-1
-1
-1
-1
-1
-1
-1
-1
-1
-1
-1
-1
-1
-1
-1
-1
-1
-1
-1
-1
-1
-1
-1
-1
-1
-1
-1
-1
-1
-1
-1
-1
-1
-1
-1
-1
-1
-1
-1
-1
-1
-1
-1
-1
-1
-1
-1
-1
-1
-1
-1
-1
-1
-1
-1
-1
-1
-1
-1
-1
-1
-1
-1
-1
-1
-1
-1
-1
-1
-1
-1
-1
-1
-1
-1
-1
-1
-1
-1
-1
-1
-1
-1
-1
-1
-1
-1
-1
-1
-1
-1
-1
-1
-1
-1
-1
-1
-1
-1
-1
-1
-1
-1
-1
-1
-1
-1
-1
-1
-1
-1
-1
-1
-1
-1
-1
-1
-1
-1
-1
-1
-1
-1
-1
-1
-1
-1
-1
-1
-1
-1
-1
-1
-1
-1
-1
-1
-1
-1
-1
-1
-1
-1
-1
-1
-1
-1
-1
-1
-1
-1
-1
-1
-1
-1
-1
-1
-1
-1
-1
-1
-1
-1
-1
-1
-1
-1
-1
-1
-1
-1
-1
-1
-1
-1
-1
-1
-1
-1
-1
-1
-1
-1
-1
-1
-1
-1
-1
-1
-1
-1
-1
-1
-1
-1
-1
-1
-1
-1
-1
-1
-1
-1
-1
-1
-1
-1
-1
-1
-1
-1
-1
-1
-1
-1
-1
-1
-1
-1
-1
-1
-1
-1
-1
-1
-1
-1
-1
-1
-1
-1
-1
-1
-1
-1
-1
-1
-1
-1
-1
-1
-1
-1
-1
-1
-1
-1
-1
-1
-1
-1
-1
-1
-1
-1
-1
-1
-1
-1
-1
-1
-1
-1
-1
-1
-1
-1
-1
-1
-1
-1
-1
-1
-1
-1
-1
-1
-1
-1
-1
-1
-1
-1
-1
-1
-1
-1
-1
-1
-1
-1
-1
-1
-1
-1
-1
-1
-1
-1
-1
-1
-1
-1
-1
-1
-1
-1
-1
-1
-1
-1
-1
-1
-1
-1
-1
-1
-1
-1
-1
-1
-1
-1
-1
-1
-1
-1
-1
-1
-1
-1
-1
-1
-1
-1
-1
-1
-1
-1
-1
-1
-1
-1
-1
-1
-1
-1
-1
-1
-1
-1
-1
-1
-1
-1
-1
-1
-1
-1
-1
-1
-1
-1
-1
-1
-1
-1
-1
-1
-1
-1
-1
-1
-1
-1
-1
-1
-1
-1
-1
-1
-1
-1
-1
-1
-1
-1
-1
-1
-1
-1
-1
-1
-1
-1
-1
-1
-1
-1
-1
-1
-1
-1
-1
-1
-1
-1
-1
-1
-1
-1
-1
-1
-1
-1
-1
-1
-1
-1
-1
-1
-1
-1
-1
-1
-1
-1
-1
-1
-1
-1
-1
-1
-1
-1
-1
-1
-1
-1
-1
-1
-1
-1
-1
-1
-1
-1
-1
-1
-1
-1
-1
-1
-1
-1
-1
-1
-1
-1
-1
-1
-1
-1
-1
-1
-1
-1
-1
-1
-1
-1
-1
-1
-1
-1
-1
-1
-1
-1
-1
-1
-1
-1
-1
-1
-1
-1
-1
-1
-1
-1
-1
-1
-1
-1
-1
-1
-1
-1
-1
-1
-1
-1
-1
-1
-1
-1
-1
-1
-1
-1
-1
-1
-1
-1
-1
-1
-1
-1
-1
-1
-1
-1
-1
-1
-1
-1
-1
-1
-1
-1
-1
-1
-1
-1
-1
-1
-1
-1
-1
-1
-1
-1
-1
-1
-1
-1
-1
-1
-1
-1
-1
-1
-1
-1
-1
-1
-1
-1
-1
-1
-1
-1
-1
-1
-1
-1
-1
-1
-1
-1
-1
-1
-1
-1
-1
-1
-1
-1
-1
-1
-1
-1
-1
-1
-1
-1
-1
-1
-1
-1
-1
-1
-1
-1
-1
-1
-1
-1
-1
-1
-1
-1
-1
-1
-1
-1
-1
-1
-1
-1
-1
-1
-1
-1
-1
-1
-1
-1
-1
-1
-1
-1
-1
-1
-1
-1
-1
-1
-1
-1
-1
-1
-1
-1
-1
-1
-1
-1
-1
-1
-1
-1
-1
-1
-1
-1
-1
-1
-1
-1
-1
-1
-1
-1
-1
-1
-1
-1
-1
-1
-1
-1
-1
-1
-1
-1
-1
-1
-1
-1
-1
-1
-1
-1
-1
-1
-1
-1
-1
-1
-1
-1
-1
-1
-1
-1
-1
-1
-1
-1
-1
-1
-1
-1
-1
-1
-1
-1
-1
-1
-1
-1
-1
-1
-1
-1
-1
-1
-1
-1
-1
-1
-1
-1
-1
-1
-1
-1
-1
-1
-1
-1
-1
-1
-1
-1
-1
-1
-1
-1
-1
-1
-1
-1
-1
-1
-1
-1
-1
-1
-1
-1
-1
-1
-1
-1
-1
-1
-1
-1
-1
-1
-1
-1
-1
-1
-1
-1
-1
-1
-1
-1
-1
-1
-1
-1
-1
-1
-1
-1
-1
-1
-1
-1
-1
-1
-1
-1
-1
-1
-1
-1
-1
-1
-1
-1
-1
-1
-1
-1
-1
-1
-1
-1
-1
-1
-1
-1
-1
-1
-1
-1
-1
-1
-1
-1
-1
-1
-1
-1
-1
-1
-1
-1
-1
-1
-1
-1
-1
-1
-1
-1
-1
-1
-1
-1
-1
-1
-1
-1
-1
-1
-1
-1
-1
-1
-1
-1
-1
-1
-1
-1
-1
-1
-1
-1
-1
-1
-1
-1
-1
-1
-1
-1
-1
-1
-1
-1
-1
-1
-1
-1
-1
-1
-1
-1
-1
-1
-1
-1
-1
-1
-1
-1
-1
-1
-1
-1
-1
-1
-1
-1
-1
-1
-1
-1
-1
-1
-1
-1
-1
-1
-1
-1
-1
-1
-1
-1
-1
-1
-1
-1
-1
-1
-1
-1
-1
-1
-1
-1
-1
-1
-1
-1
-1
-1
-1
-1
-1
-1
-1
-1
-1
-1
-1
-1
-1
-1
-1
-1
-1
-1
-1
-1
-1
-1
-1
-1
-1
-1
-1
-1
-1
-1
-1
-1
-1
-1
-1
-1
-1
-1
-1
-1
-1
-1
-1
-1
-1
-1
-1
-1
-1
-1
-1
-1
-1
-1
-1
-1
-1
-1
-1
-1
-1
-1
-1
-1
-1
-1
-1
-1
-1
-1
-1
-1
-1
-1
-1
-1
-1
-1
-1
-1
-1
-1
-1
-1
-1
-1
-1
-1
-1
-1
-1
-1
-1
-1
-1
-1
-1
-1
-1
-1
-1
-1
-1
-1
-1
-1
-1
-1
-1
-1
-1
-1
-1
-1
-1
-1
-1
-1
-1
-1
-1
-1
-1
-1
-1
-1
-1
-1
-1
-1
-1
-1
-1
-1
-1
-1
-1
-1
-1
-1
-1
-1
-1
-1
-1
-1
-1
-1
-1
-1
-1
-1
-1
-1
-1
-1
-1
-1
-1
-1
-1
-1
-1
-1
-1
-1
-1
-1
-1
-1
-1
-1
-1
-1
-1
-1
-1
-1
-1
-1
-1
-1
-1
-1
-1
-1
-1
-1
-1
-1
-1
-1
-1
-1
-1
-1
-1
-1
-1
-1
-1
-1
-1
-1
-1
-1
-1
-1
-1
-1
-1
-1
-1
-1
-1
-1
-1
-1
-1
-1
-1
-1
-1
-1
-1
-1
-1
-1
-1
-1
-1
-1
-1
-1
-1
-1
-1
-1
-1
-1
-1
-1
-1
-1
-1
-1
-1
-1
-1
-1
-1
-1
-1
-1
-1
-1
-1
-1
-1
-1
-1
-1
-1
-1
-1
-1
-1
-1
-1
-1
-1
-1
-1
-1
-1
-1
-1
-1
-1
-1
-1
-1
-1
-1
-1
-1
-1
-1
-1
-1
-1
-1
-1
-1
-1
-1
-1
-1
-1
-1
-1
-1
-1
-1
-1
-1
-1
-1
-1
-1
-1
-1
-1
-1
-1
-1
-1
-1
-1
-1
-1
-1
-1
-1
-1
-1
-1
-1
-1
-1
-1
-1
-1
-1
-1
-1
-1
-1
-1
-1
-1
-1
-1
-1
-1
-1
-1
-1
-1
-1
-1
-1
-1
-1
-1
-1
-1
-1
-1
-1
-1
-1
-1
-1
-1
-1
-1
-1
-1
-1
-1
-1
-1
-1
-1
-1
-1
-1
-1
-1
-1
-1
-1
-1
-1
-1
-1
-1
-1
-1
-1
-1
-1
-1
-1
-1
-1
-1
-1
-1
-1
-1
-1
-1
-1
-1
-1
-1
-1
-1
-1
-1
-1
-1
-1
-1
-1
-1
-1
-1
-1
-1
-1
-1
-1
-1
-1
-1
-1
-1
-1
-1
-1
-1
-1
-1
-1
-1
-1
-1
-1
-1
-1
-1
-1
-1
-1
-1
-1
-1
-1
-1
-1
-1
-1
-1
-1
-1
-1
-1
-1
-1
-1
-1
-1
-1
-1
-1
-1
-1
-1
-1
-1
-1
-1
-1
-1
-1
-1
-1
-1
-1
-1
-1
-1
-1
-1
-1
-1
-1
-1
-1
-1
-1
-1
-1
-1
-1
-1
-1
-1
-1
-1
-1
-1
-1
-1
-1
-1
-1
-1
-1
-1
-1
-1
-1
-1
-1
-1
-1
-1
-1
-1
-1
-1
-1
-1
-1
-1
-1
-1
-1
-1
-1
-1
-1
-1
-1
-1
-1
-1
-1
-1
-1
-1
-1
-1
-1
-1
-1
-1
-1
-1
-1
-1
-1
-1
-1
-1
-1
-1
-1
-1
-1
-1
-1
-1
-1
-1
-1
-1
-1
-1
-1
-1
-1
-1
-1
-1
-1
-1
-1
-1
-1
-1
-1
-1
-1
-1
-1
-1
-1
-1
-1
-1
-1
-1
-1
-1
-1
-1
-1
-1
-1
-1
-1
-1
-1
-1
-1
-1
-1
-1
-1
-1
-1
-1
-1
-1
-1
-1
-1
-1
-1
-1
-1
-1
-1
-1
-1
-1
-1
-1
-1
-1
-1
-1
-1
-1
-1
-1
-1
-1
-1
-1
-1
-1
-1
-1
-1
-1
-1
-1
-1
-1
-1
-1
-1
-1
-1
-1
-1
-1
-1
-1
-1
-1
-1
-1
-1
-1
-1
-1
-1
-1
-1
-1
-1
-1
-1
-1
-1
-1
-1
-1
-1
-1
-1
-1
-1
-1
-1
-1
-1
-1
-1
-1
-1
-1
-1
-1
-1
-1
-1
-1
-1
-1
-1
-1
-1
-1
-1
-1
-1
-1
-1
-1
-1
-1
-1
-1
-1
-1
-1
-1
-1
-1
-1
-1
-1
-1
-1
-1
-1
-1
-1
-1
-1
-1
-1
-1
-1
-1
-1
-1
-1
-1
-1
-1
-1
-1
-1
-1
-1
-1
-1
-1
-1
-1
-1
-1
-1
-1
-1
-1
-1
-1
-1
-1
-1
-1
-1
-1
-1
-1
-1
-1
-1
-1
-1
-1
-1
-1
-1
-1
-1
-1
-1
-1
-1
-1
-1
-1
-1
-1
-1
-1
-1
-1
-1
-1
-1
-1
-1
-1
-1
-1
-1
-1
-1
-1
-1
-1
-1
-1
-1
-1
-1
-1
-1
-1
-1
-1
-1
-1
-1
-1
-1
-1
-1
-1
-1
-1
-1
-1
-1
-1
-1
-1
-1
-1
-1
-1
-1
-1
-1
-1
-1
-1
-1
-1
-1
-1
-1
-1
-1
-1
-1
-1
-1
-1
-1
-1
-1
-1
-1
-1
-1
-1
-1
-1
-1
-1
-1
-1
-1
-1
-1
-1
-1
-1
-1
-1
-1
-1
-1
-1
-1
-1
-1
-1
-1
-1
-1
-1
-1
-1
-1
-1
-1
-1
-1
-1
-1
-1
-1
-1
-1
-1
-1
-1
-1
-1
-1
-1
-1
-1
-1
-1
-1
-1
-1
-1
-1
-1
-1
-1
-1
-1
-1
-1
-1
-1
-1
-1
-1
-1
-1
-1
-1
-1
-1
-1
-1
-1
-1
-1
-1
-1
-1
-1
-1
-1
-1
-1
-1
-1
-1
-1
-1
-1
-1
-1
-1
-1
-1
-1
-1
-1
-1
-1
-1
-1
-1
-1
-1
-1
-1
-1
-1
-1
-1
-1
-1
-1
-1
-1
-1
-1
-1
-1
-1
-1
-1
-1
-1
-1
-1
-1
-1
-1
-1
-1
-1
-1
-1
-1
-1
-1
-1
-1
-1
-1
-1
-1
-1
-1
-1
-1
-1
-1
-1
-1
-1
-1
-1
-1
-1
-1
-1
-1
-1
-1
-1
-1
-1
-1
-1
-1
-1
-1
-1
-1
-1
-1
-1
-1
-1
-1
-1
-1
-1
-1
-1
-1
-1
-1
-1
-1
-1
-1
-1
-1
-1
-1
-1
-1
-1
-1
-1
-1
-1
-1
-1
-1
-1
-1
-1
-1
-1
-1
-1
-1
-1
-1
-1
-1
-1
-1
-1
-1
-1
-1
-1
-1
-1
-1
-1
-1
-1
-1
-1
-1
-1
-1
-1
-1
-1
-1
-1
-1
-1
-1
-1
-1
-1
-1
-1
-1
-1
-1
-1
-1
-1
-1
-1
-1
-1
-1
-1
-1
-1
-1
-1
-1
-1
-1
-1
-1
-1
-1
-1
-1
-1
-1
-1
-1
-1
-1
-1
-1
-1
-1
-1
-1
-1
-1
-1
-1
-1
-1
-1
-1
-1
-1
-1
-1
-1
-1
-1
-1
-1
-1
-1
-1
-1
-1
-1
-1
-1
-1
-1
-1
-1
-1
-1
-1
-1
-1
-1
-1
-1
-1
-1
-1
-1
-1
-1
-1
-1
-1
-1
-1
-1
-1
-1
-1
-1
-1
-1
-1
-1
-1
-1
-1
-1
-1
-1
-1
-1
-1
-1
-1
-1
-1
-1
-1
-1
-1
-1
-1
-1
-1
-1
-1
-1
-1
-1
-1
-1
-1
-1
-1
-1
-1
-1
-1
-1
-1
-1
-1
-1
-1
-1
-1
-1
-1
-1
-1
-1
-1
-1
-1
-1
-1
-1
-1
-1
-1
-1
-1
-1
-1
-1
-1
-1
-1
-1
-1
-1
-1
-1
-1
-1
-1
-1
-1
-1
-1
-1
-1
-1
-1
-1
-1
-1
-1
-1
-1
-1
-1
-1
-1
-1
-1
-1
-1
-1
-1
-1
-1
-1
-1
-1
-1
-1
-1
-1
-1
-1
-1
-1
-1
-1
-1
-1
-1
-1
-1
-1
-1
-1
-1
-1
-1
-1
-1
-1
-1
-1
-1
-1
-1
-1
-1
-1
-1
-1
-1
-1
-1
-1
-1
-1
-1
-1
-1
-1
-1
-1
-1
-1
-1
-1
-1
-1
-1
-1
-1
-1
-1
-1
-1
-1
-1
-1
-1
-1
-1
-1
-1
-1
-1
-1
-1
-1
-1
-1
-1
-1
-1
-1
-1
-1
-1
-1
-1
-1
-1
-1
-1
-1
-1
-1
-1
-1
-1
-1
-1
-1
-1
-1
-1
-1
-1
-1
-1
-1
-1
-1
-1
-1
-1
-1
-1
-1
-1
-1
-1
-1
-1
-1
-1
-1
-1
-1
-1
-1
-1
-1
-1
-1
-1
-1
-1
-1
-1
-1
-1
-1
-1
-1
-1
-1
-1
-1
-1
-1
-1
-1
-1
-1
-1
-1
-1
-1
-1
-1
-1
-1
-1
-1
-1
-1
-1
-1
-1
-1
-1
-1
-1
-1
-1
-1
-1
-1
-1
-1
-1
-1
-1
-1
-1
-1
-1
-1
-1
-1
-1
-1
-1
-1
-1
-1
-1
-1
-1
-1
-1
-1
-1
-1
-1
-1
-1
-1
-1
-1
-1
-1
-1
-1
-1
-1
-1
-1
-1
-1
-1
-1
-1
-1
-1
-1
-1
-1
-1
-1
-1
-1
-1
-1
-1
-1
-1
-1
-1
-1
-1
-1
-1
-1
-1
-1
-1
-1
-1
-1
-1
-1
-1
-1
-1
-1
-1
-1
-1
-1
-1
-1
-1
-1
-1
-1
-1
-1
-1
-1
-1
-1
-1
-1
-1
-1
-1
-1
-1
-1
-1
-1
-1
-1
-1
-1
-1
-1
-1
-1
-1
-1
-1
-1
-1
-1
-1
-1
-1
-1
-1
-1
-1
-1
-1
-1
-1
-1
-1
-1
-1
-1
-1
-1
-1
-1
-1
-1
-1
-1
-1
-1
-1
-1
-1
-1
-1
-1
-1
-1
-1
-1
-1
-1
-1
-1
-1
-1
-1
-1
-1
-1
-1
-1
-1
-1
-1
-1
-1
-1
-1
-1
-1
-1
-1
-1
-1
-1
-1
-1
-1
-1
-1
-1
-1
-1
-1
-1
-1
-1
-1
-1
-1
-1
-1
-1
-1
-1
-1
-1
-1
-1
-1
-1
-1
-1
-1
-1
-1
-1
-1
-1
-1
-1
-1
-1
-1
-1
-1
-1
-1
-1
-1
-1
-1
-1
-1
-1
-1
-1
-1
-1
-1
-1
-1
-1
-1
-1
-1
-1
-1
-1
-1
-1
-1
-1
-1
-1
-1
-1
-1
-1
-1
-1
-1
-1
-1
-1
-1
-1
-1
-1
-1
-1
-1
-1
-1
-1
-1
-1
-1
-1
-1
-1
-1
-1
-1
-1
-1
-1
-1
-1
-1
-1
-1
-1
-1
-1
-1
-1
-1
-1
-1
-1
-1
-1
-1
-1
-1
-1
-1
-1
-1
-1
-1
-1
-1
-1
-1
-1
-1
-1
-1
-1
-1
-1
-1
-1
-1
-1
-1
-1
-1
-1
-1
-1
-1
-1
-1
-1
-1
-1
-1
-1
-1
-1
-1
-1
-1
-1
-1
-1
-1
-1
-1
-1
-1
-1
-1
-1
-1
-1
-1
-1
-1
-1
-1
-1
-1
-1
-1
-1
-1
-1
-1
-1
-1
-1
-1
-1
-1
-1
-1
-1
-1
-1
-1
-1
-1
-1
-1
-1
-1
-1
-1
-1
-1
-1
-1
-1
-1
-1
-1
-1
-1
-1
-1
-1
-1
-1
-1
-1
-1
-1
-1
-1
-1
-1
-1
-1
-1
-1
-1
-1
-1
-1
-1
-1
-1
-1
-1
-1
-1
-1
-1
-1
-1
-1
-1
-1
-1
-1
-1
-1
-1
-1
-1
-1
-1
-1
-1
-1
-1
-1
-1
-1
-1
-1
-1
-1
-1
-1
-1
-1
-1
-1
-1
-1
-1
-1
-1
-1
-1
-1
-1
-1
-1
-1
-1
-1
-1
-1
-1
-1
-1
-1
-1
-1
-1
-1
-1
-1
-1
-1
-1
-1
-1
-1
-1
-1
-1
-1
-1
-1
-1
-1
-1
-1
-1
-1
-1
-1
-1
-1
-1
-1
-1
-1
-1
-1
-1
-1
-1
-1
-1
-1
-1
-1
-1
-1
-1
-1
-1
-1
-1
-1
-1
-1
-1
-1
-1
-1
-1
-1
-1
-1
-1
-1
-1
-1
-1
-1
-1
-1
-1
-1
-1
-1
-1
-1
-1
-1
-1
-1
-1
-1
-1
-1
-1
-1
-1
-1
-1
-1
-1
-1
-1
-1
-1
-1
-1
-1
-1
-1
-1
-1
-1
-1
-1
-1
-1
-1
-1
-1
-1
-1
-1
-1
-1
-1
-1
-1
-1
-1
-1
-1
-1
-1
-1
-1
-1
-1
-1
-1
-1
-1
-1
-1
-1
-1
-1
-1
-1
-1
-1
-1
-1
-1
-1
-1
-1
-1
-1
-1
-1
-1
-1
-1
-1
-1
-1
-1
-1
-1
-1
-1
-1
-1
-1
-1
-1
-1
-1
-1
-1
-1
-1
-1
-1
-1
-1
-1
-1
-1
-1
-1
-1
-1
-1
-1
-1
-1
-1
-1
-1
-1
-1
-1
-1
-1
-1
-1
-1
-1
-1
-1
-1
-1
-1
-1
-1
-1
-1
-1
-1
-1
-1
-1
-1
-1
-1
-1
-1
-1
-1
-1
-1
-1
-1
-1
-1
-1
-1
-1
-1
-1
-1
-1
-1
-1
-1
-1
-1
-1
-1
-1
-1
-1
-1
-1
-1
-1
-1
-1
-1
-1
-1
-1
-1
-1
-1
-1
-1
-1
-1
-1
-1
-1
-1
-1
-1
-1
-1
-1
-1
-1
-1
-1
-1
-1
-1
-1
-1
-1
-1
-1
-1
-1
-1
-1
-1
-1
-1
-1
-1
-1
-1
-1
-1
-1
-1
-1
-1
-1
-1
-1
-1
-1
-1
-1
-1
-1
-1
-1
-1
-1
-1
-1
-1
-1
-1
-1
-1
-1
-1
-1
-1
-1
-1
-1
-1
-1
-1
-1
-1
-1
-1
-1
-1
-1
-1
-1
-1
-1
-1
-1
-1
-1
-1
-1
-1
-1
-1
-1
-1
-1
-1
-1
-1
-1
-1
-1
-1
-1
-1
-1
-1
-1
-1
-1
-1
-1
-1
-1
-1
-1
-1
-1
-1
-1
-1
-1
-1
-1
-1
-1
-1
-1
-1
-1
-1
-1
-1
-1
-1
-1
-1
-1
-1
-1
-1
-1
-1
-1
-1
-1
-1
-1
-1
-1
-1
-1
-1
-1
-1
-1
-1
-1
-1
-1
-1
-1
-1
-1
-1
-1
-1
-1
-1
-1
-1
-1
-1
-1
-1
-1
-1
-1
-1
-1
-1
-1
-1
-1
-1
-1
-1
-1
-1
-1
-1
-1
-1
-1
-1
-1
-1
-1
-1
-1
-1
-1
-1
-1
-1
-1
-1
-1
-1
-1
-1
-1
-1
-1
-1
-1
-1
-1
-1
-1
-1
-1
-1
-1
-1
-1
-1
-1
-1
-1
-1
-1
-1
-1
-1
-1
-1
-1
-1
-1
-1
-1
-1
-1
-1
-1
-1
-1
-1
-1
-1
-1
-1
-1
-1
-1
-1
-1
-1
-1
-1
-1
-1
-1
-1
-1
-1
-1
-1
-1
-1
-1
-1
-1
-1
-1
-1
-1
-1
-1
-1
-1
-1
-1
-1
-1
-1
-1
-1
-1
-1
-1
-1
-1
-1
-1
-1
-1
-1
-1
-1
-1
-1
-1
-1
-1
-1
-1
-1
-1
-1
-1
-1
-1
-1
-1
-1
-1
-1
-1
-1
-1
-1
-1
-1
-1
-1
-1
-1
-1
-1
-1
-1
-1
-1
-1
-1
-1
-1
-1
-1
-1
-1
-1
-1
-1
-1
-1
-1
-1
-1
-1
-1
-1
-1
-1
-1
-1
-1
-1
-1
-1
-1
-1
-1
-1
-1
-1
-1
-1
-1
-1
-1
-1
-1
-1
-1
-1
-1
-1
-1
-1
-1
-1
-1
-1
-1
-1
-1
-1
-1
-1
-1
-1
-1
-1
-1
-1
-1
-1
-1
-1
-1
-1
-1
-1
-1
-1
-1
-1
-1
-1
-1
-1
-1
-1
-1
-1
-1
-1
-1
-1
-1
-1
-1
-1
-1
-1
-1
-1
-1
-1
-1
-1
-1
-1
-1
-1
-1
-1
-1
-1
-1
-1
-1
-1
-1
-1
-1
-1
-1
-1
-1
-1
-1
-1
-1
-1
-1
-1
-1
-1
-1
-1
-1
-1
-1
-1
-1
-1
-1
-1
-1
-1
-1
-1
-1
-1
-1
-1
-1
-1
-1
-1
-1
-1
-1
-1
-1
-1
-1
-1
-1
-1
-1
-1
-1
-1
-1
-1
-1
-1
-1
-1
-1
-1
-1
-1
-1
-1
-1
-1
-1
-1
-1
-1
-1
-1
-1
-1
-1
-1
-1
-1
-1
-1
-1
-1
-1
-1
-1
-1
-1
-1
-1
-1
-1
-1
-1
-1
-1
-1
-1
-1
-1
-1
-1
-1
-1
-1
-1
-1
-1
-1
-1
-1
-1
-1
-1
-1
-1
-1
-1
-1
-1
-1
-1
-1
-1
-1
-1
-1
-1
-1
-1
-1
-1
-1
-1
-1
-1
-1
-1
-1
-1
-1
-1
-1
-1
-1
-1
-1
-1
-1
-1
-1
-1
-1
-1
-1
-1
-1
-1
-1
-1
-1
-1
-1
-1
-1
-1
-1
-1
-1
-1
-1
-1
-1
-1
-1
-1
-1
-1
-1
-1
-1
-1
-1
-1
-1
-1
-1
-1
-1
-1
-1
-1
-1
-1
-1
-1
-1
-1
-1
-1
-1
-1
-1
-1
-1
-1
-1
-1
-1
-1
-1
-1
-1
-1
-1
-1
-1
-1
-1
-1
-1
-1
-1
-1
-1
-1
-1
-1
-1
-1
-1
-1
-1
-1
-1
-1
-1
-1
-1
-1
-1
-1
-1
-1
-1
-1
-1
-1
-1
-1
-1
-1
-1
-1
-1
-1
-1
-1
-1
-1
-1
-1
-1
-1
-1
-1
-1
-1
-1
-1
-1
-1
-1
-1
-1
-1
-1
-1
-1
-1
-1
-1
-1
-1
-1
-1
-1
-1
-1
-1
-1
-1
-1
-1
-1
-1
-1
-1
-1
-1
-1
-1
-1
-1
-1
-1
-1
-1
-1
-1
-1
-1
-1
-1
-1
-1
-1
-1
-1
-1
-1
-1
-1
-1
-1
-1
-1
-1
-1
-1
-1
-1
-1
-1
-1
-1
-1
-1
-1
-1
-1
-1
-1
-1
-1
-1
-1
-1
-1
-1
-1
-1
-1
-1
-1
-1
-1
-1
-1
-1
-1
-1
-1
-1
-1
-1
-1
-1
-1
-1
-1
-1
-1
-1
-1
-1
-1
-1
-1
-1
-1
-1
-1
-1
-1
-1
-1
-1
-1
-1
-1
-1
-1
-1
-1
-1
-1
-1
-1
-1
-1
-1
-1
-1
-1
-1
-1
-1
-1
-1
-1
-1
-1
-1
-1
-1
-1
-1
-1
-1
-1
-1
-1
-1
-1
-1
-1
-1
-1
-1
-1
-1
-1
-1
-1
-1
-1
-1
-1
-1
-1
-1
-1
-1
-1
-1
-1
-1
-1
-1
-1
-1
-1
-1
-1
-1
-1
-1
-1
-1
-1
-1
-1
-1
-1
-1
-1
-1
-1
-1
-1
-1
-1
-1
-1
-1
-1
-1
-1
-1
-1
-1
-1
-1
-1
-1
-1
-1
-1
-1
-1
-1
-1
-1
-1
-1
-1
-1
-1
-1
-1
-1
-1
-1
-1
-1
-1
-1
-1
-1
-1
-1
-1
-1
-1
-1
-1
-1
-1
-1
-1
-1
-1
-1
-1
-1
-1
-1
-1
-1
-1
-1
-1
-1
-1
-1
-1
-1
-1
-1
-1
-1
-1
-1
-1
-1
-1
-1
-1
-1
-1
-1
-1
-1
-1
-1
-1
-1
-1
-1
-1
-1
-1
-1
-1
-1
-1
-1
-1
-1
-1
-1
-1
-1
-1
-1
-1
-1
-1
-1
-1
-1
-1
-1
-1
-1
-1
-1
-1
-1
-1
-1
-1
-1
-1
-1
-1
-1
-1
-1
-1
-1
-1
-1
-1
-1
-1
-1
-1
-1
-1
-1
-1
-1
-1
-1
-1
-1
-1
-1
-1
-1
-1
-1
-1
-1
-1
-1
-1
-1
-1
-1
-1
-1
-1
-1
-1
-1
-1
-1
-1
-1
-1
-1
-1
-1
-1
-1
-1
-1
-1
-1
-1
-1
-1
-1
-1
-1
-1
-1
-1
-1
-1
-1
-1
-1
-1
-1
-1
-1
-1
-1
-1
-1
-1
-1
-1
-1
-1
-1
-1
-1
-1
-1
-1
-1
-1
-1
-1
-1
-1
-1
-1
-1
-1
-1
-1
-1
-1
-1
-1
-1
-1
-1
-1
-1
-1
-1
-1
-1
-1
-1
-1
-1
-1
-1
-1
-1
-1
-1
-1
-1
-1
-1
-1
-1
-1
-1
-1
-1
-1
-1
-1
-1
-1
-1
-1
-1
-1
-1
-1
-1
-1
-1
-1
-1
-1
-1
-1
-1
-1
-1
-1
-1
-1
-1
-1
-1
-1
-1
-1
-1
-1
-1
-1
-1
-1
-1
-1
-1
-1
-1
-1
-1
-1
-1
-1
-1
-1
-1
-1
-1
-1
-1
-1
-1
-1
-1
-1
-1
-1
-1
-1
-1
-1
-1
-1
-1
-1
-1
-1
-1
-1
-1
-1
-1
-1
-1
-1
-1
-1
-1
-1
-1
-1
-1
-1
-1
-1
-1
-1
-1
-1
-1
-1
-1
-1
-1
-1
-1
-1
-1
-1
-1
-1
-1
-1
-1
-1
-1
-1
-1
-1
-1
-1
-1
-1
-1
-1
-1
-1
-1
-1
-1
-1
-1
-1
-1
-1
-1
-1
-1
-1
-1
-1
-1
-1
-1
-1
-1
-1
-1
-1
-1
-1
-1
-1
-1
-1
-1
-1
-1
-1
-1
-1
-1
-1
-1
-1
-1
-1
-1
-1
-1
-1
-1
-1
-1
-1
-1
-1
-1
-1
-1
-1
-1
-1
-1
-1
-1
-1
-1
-1
-1
-1
-1
-1
-1
-1
-1
-1
-1
-1
-1
-1
-1
-1
-1
-1
-1
-1
-1
-1
-1
-1
-1
-1
-1
-1
-1
-1
-1
-1
-1
-1
-1
-1
-1
-1
-1
-1
-1
-1
-1
-1
-1
-1
-1
-1
-1
-1
-1
-1
-1
-1
-1
-1
-1
-1
-1
-1
-1
-1
-1
-1
-1
-1
-1
-1
-1
-1
-1
-1
-1
-1
-1
-1
-1
-1
-1
-1
-1
-1
-1
-1
-1
-1
-1
-1
-1
-1
-1
-1
-1
-1
-1
-1
-1
-1
-1
-1
-1
-1
-1
-1
-1
-1
-1
-1
-1
-1
-1
-1
-1
-1
-1
-1
-1
-1
-1
-1
-1
-1
-1
-1
-1
-1
-1
-1
-1
-1
-1
-1
-1
-1
-1
-1
-1
-1
-1
-1
-1
-1
-1
-1
-1
-1
-1
-1
-1
-1
-1
-1
-1
-1
-1
-1
-1
-1
-1
-1
-1
-1
-1
-1
-1
-1
-1
-1
-1
-1
-1
-1
-1
-1
-1
-1
-1
-1
-1
-1
-1
-1
-1
-1
-1
-1
-1
-1
-1
-1
-1
-1
-1
-1
-1
-1
-1
-1
-1
-1
-1
-1
-1
-1
-1
-1
-1
-1
-1
-1
-1
-1
-1
-1
-1
-1
-1
-1
-1
-1
-1
-1
-1
-1
-1
-1
-1
-1
-1
-1
-1
-1
-1
-1
-1
-1
-1
-1
-1
-1
-1
-1
-1
-1
-1
-1
-1
-1
-1
-1
-1
-1
-1
-1
-1
-1
-1
-1
-1
-1
-1
-1
-1
-1
-1
-1
-1
-1
-1
-1
-1
-1
-1
-1
-1
-1
-1
-1
-1
-1
-1
-1
-1
-1
-1
-1
-1
-1
-1
-1
-1
-1
-1
-1
-1
-1
-1
-1
-1
-1
-1
-1
-1
-1
-1
-1
-1
-1
-1
-1
-1
-1
-1
-1
-1
-1
-1
-1
-1
-1
-1
-1
-1
-1
-1
-1
-1
-1
-1
-1
-1
-1
-1
-1
-1
-1
-1
-1
-1
-1
-1
-1
-1
-1
-1
-1
-1
-1
-1
-1
-1
-1
-1
-1
-1
-1
-1
-1
-1
-1
-1
-1
-1
-1
-1
-1
-1
-1
-1
-1
-1
-1
-1
-1
-1
-1
-1
-1
-1
-1
-1
-1
-1
-1
-1
-1
-1
-1
-1
-1
-1
-1
-1
-1
-1
-1
-1
-1
-1
-1
-1
-1
-1
-1
-1
-1
-1
-1
-1
-1
-1
-1
-1
-1
-1
-1
-1
-1
-1
-1
-1
-1
-1
-1
-1
-1
-1
-1
-1
-1
-1
-1
-1
-1
-1
-1
-1
-1
-1
-1
-1
-1
-1
-1
-1
-1
-1
-1
-1
-1
-1
-1
-1
-1
-1
-1
-1
-1
-1
-1
-1
-1
-1
-1
-1
-1
-1
-1
-1
-1
-1
-1
-1
-1
-1
-1
-1
-1
-1
-1
-1
-1
-1
-1
-1
-1
-1
-1
-1
-1
-1
-1
-1
-1
-1
-1
-1
-1
-1
-1
-1
-1
-1
-1
-1
-1
-1
-1
-1
-1
-1
-1
-1
-1
-1
-1
-1
-1
-1
-1
-1
-1
-1
-1
-1
-1
-1
-1
-1
-1
-1
-1
-1
-1
-1
-1
-1
-1
-1
-1
-1
-1
-1
-1
-1
-1
-1
-1
-1
-1
-1
-1
-1
-1
-1
-1
-1
-1
-1
-1
-1
-1
-1
-1
-1
-1
-1
-1
-1
-1
-1
-1
-1
-1
-1
-1
-1
-1
-1
-1
-1
-1
-1
-1
-1
-1
-1
-1
-1
-1
-1
-1
-1
-1
-1
-1
-1
-1
-1
-1
-1
-1
-1
-1
-1
-1
-1
-1
-1
-1
-1
-1
-1
-1
-1
-1
-1
-1
-1
-1
-1
-1
-1
-1
-1
-1
-1
-1
-1
-1
-1
-1
-1
-1
-1
-1
-1
-1
-1
-1
-1
-1
-1
-1
-1
-1
-1
-1
-1
-1
-1
-1
-1
-1
-1
-1
-1
-1
-1
-1
-1
-1
-1
-1
-1
-1
-1
-1
-1
-1
-1
-1
-1
-1
-1
-1
-1
-1
-1
-1
-1
-1
-1
-1
-1
-1
-1
-1
-1
-1
-1
-1
-1
-1
-1
-1
-1
-1
-1
-1
-1
-1
-1
-1
-1
-1
-1
-1
-1
-1
-1
-1
-1
-1
-1
-1
-1
-1
-1
-1
-1
-1
-1
-1
-1
-1
-1
-1
-1
-1
-1
-1
-1
-1
-1
-1
-1
-1
-1
-1
-1
-1
-1
-1
-1
-1
-1
-1
-1
-1
-1
-1
-1
-1
-1
-1
-1
-1
-1
-1
-1
-1
-1
-1
-1
-1
-1
-1
-1
-1
-1
-1
-1
-1
-1
-1
-1
-1
-1
-1
-1
-1
-1
-1
-1
-1
-1
-1
-1
-1
-1
-1
-1
-1
-1
-1
-1
-1
-1
-1
-1
-1
-1
-1
-1
-1
-1
-1
-1
-1
-1
-1
-1
-1
-1
-1
-1
-1
-1
-1
-1
-1
-1
-1
-1
-1
-1
-1
-1
-1
-1
-1
-1
-1
-1
-1
-1
-1
-1
-1
-1
-1
-1
-1
-1
-1
-1
-1
-1
-1
-1
-1
-1
-1
-1
-1
-1
-1
-1
-1
-1
-1
-1
-1
-1
-1
-1
-1
-1
-1
-1
-1
-1
-1
-1
-1
-1
-1
-1
-1
-1
-1
-1
-1
-1
-1
-1
-1
-1
-1
-1
-1
-1
-1
-1
-1
-1
-1
-1
-1
-1
-1
-1
-1
-1
-1
-1
-1
-1
-1
-1
-1
-1
-1
-1
-1
-1
-1
-1
-1
-1
-1
-1
-1
-1
-1
-1
-1
-1
-1
-1
-1
-1
-1
-1
-1
-1
-1
-1
-1
-1
-1
-1
-1
-1
-1
-1
-1
-1
-1
-1
-1
-1
-1
-1
-1
-1
-1
-1
-1
-1
-1
-1
-1
-1
-1
-1
-1
-1
-1
-1
-1
-1
-1
-1
-1
-1
-1
-1
-1
-1
-1
-1
-1
-1
-1
-1
-1
-1
-1
-1
-1
-1
-1
-1
-1
-1
-1
-1
-1
-1
-1
-1
-1
-1
-1
-1
-1
-1
-1
-1
-1
-1
-1
-1
-1
-1
-1
-1
-1
-1
-1
-1
-1
-1
-1
-1
-1
-1
-1
-1
-1
-1
-1
-1
-1
-1
-1
-1
-1
-1
-1
-1
-1
-1
-1
-1
-1
-1
-1
-1
-1
-1
-1
-1
-1
-1
-1
-1
-1
-1
-1
-1
-1
-1
-1
-1
-1
-1
-1
-1
-1
-1
-1
-1
-1
-1
-1
-1
-1
-1
-1
-1
-1
-1
-1
-1
-1
-1
-1
-1
-1
-1
-1
-1
-1
-1
-1
-1
-1
-1
-1
-1
-1
-1
-1
-1
-1
-1
-1
-1
-1
-1
-1
-1
-1
-1
-1
-1
-1
-1
-1
-1
-1
-1
-1
-1
-1
-1
-1
-1
-1
-1
-1
-1
-1
-1
-1
-1
-1
-1
-1
-1
-1
-1
-1
-1
-1
-1
-1
-1
-1
-1
-1
-1
-1
-1
-1
-1
-1
-1
-1
-1
-1
-1
-1
-1
-1
-1
-1
-1
-1
-1
-1
-1
-1
-1
-1
-1
-1
-1
-1
-1
-1
-1
-1
-1
-1
-1
-1
-1
-1
-1
-1
-1
-1
-1
-1
-1
-1
-1
-1
-1
-1
-1
-1
-1
-1
-1
-1
-1
-1
-1
-1
-1
-1
-1
-1
-1
-1
-1
-1
-1
-1
-1
-1
-1
-1
-1
-1
-1
-1
-1
-1
-1
-1
-1
-1
-1
-1
-1
-1
-1
-1
-1
-1
-1
-1
-1
-1
-1
-1
-1
-1
-1
-1
-1
-1
-1
-1
-1
-1
-1
-1
-1
-1
-1
-1
-1
-1
-1
-1
-1
-1
-1
-1
-1
-1
-1
-1
-1
-1
-1
-1
-1
-1
-1
-1
-1
-1
-1
-1
-1
-1
-1
-1
-1
-1
-1
-1
-1
-1
-1
-1
-1
-1
-1
-1
-1
-1
-1
-1
-1
-1
-1
-1
-1
-1
-1
-1
-1
-1
-1
-1
-1
-1
-1
-1
-1
-1
-1
-1
-1
-1
-1
-1
-1
-1
-1
-1
-1
-1
-1
-1
-1
-1
-1
-1
-1
-1
-1
-1
-1
-1
-1
-1
-1
-1
-1
-1
-1
-1
-1
-1
-1
-1
-1
-1
-1
-1
-1
-1
-1
-1
-1
-1
-1
-1
-1
-1
-1
-1
-1
-1
-1
-1
-1
-1
-1
-1
-1
-1
-1
-1
-1
-1
-1
-1
-1
-1
-1
-1
-1
-1
-1
-1
-1
-1
-1
-1
-1
-1
-1
-1
-1
-1
-1
-1
-1
-1
-1
-1
-1
-1
-1
-1
-1
-1
-1
-1
-1
-1
-1
-1
-1
-1
-1
-1
-1
-1
-1
-1
-1
-1
-1
-1
-1
-1
-1
-1
-1
-1
-1
-1
-1
-1
-1
-1
-1
-1
-1
-1
-1
-1
-1
-1
-1
-1
-1
-1
-1
-1
-1
-1
-1
-1
-1
-1
-1
-1
-1
-1
-1
-1
-1
-1
-1
-1
-1
-1
-1
-1
-1
-1
-1
-1
-1
-1
-1
-1
-1
-1
-1
-1
-1
-1
-1
-1
-1
-1
-1
-1
-1
-1
-1
-1
-1
-1
-1
-1
-1
-1
-1
-1
-1
-1
-1
-1
-1
-1
-1
-1
-1
-1
-1
-1
-1
-1
-1
-1
-1
-1
-1
-1
-1
-1
-1
-1
-1
-1
-1
-1
-1
-1
-1
-1
-1
-1
-1
-1
-1
-1
-1
-1
-1
-1
-1
-1
-1
-1
-1
-1
-1
-1
-1
-1
-1
-1
-1
-1
-1
-1
-1
-1
-1
-1
-1
-1
-1
-1
-1
-1
-1
-1
-1
-1
-1
-1
-1
-1
-1
-1
-1
-1
-1
-1
-1
-1
-1
-1
-1
-1
-1
-1
-1
-1
-1
-1
-1
-1
-1
-1
-1
-1
-1
-1
-1
-1
-1
-1
-1
-1
-1
-1
-1
-1
-1
-1
-1
-1
-1
-1
-1
-1
-1
-1
-1
-1
-1
-1
-1
-1
-1
-1
-1
-1
-1
-1
-1
-1
-1
-1
-1
-1
-1
-1
-1
-1
-1
-1
-1
-1
-1
-1
-1
-1
-1
-1
-1
-1
-1
-1
-1
-1
-1
-1
-1
-1
-1
-1
-1
-1
-1
-1
-1
-1
-1
-1
-1
-1
-1
-1
-1
-1
-1
-1
-1
-1
-1
-1
-1
-1
-1
-1
-1
-1
-1
-1
-1
-1
-1
-1
-1
-1
-1
-1
-1
-1
-1
-1
-1
-1
-1
-1
-1
-1
-1
-1
-1
-1
-1
-1
-1
-1
-1
-1
-1
-1
-1
-1
-1
-1
-1
-1
-1
-1
-1
-1
-1
-1
-1
-1
-1
-1
-1
-1
-1
-1
-1
-1
-1
-1
-1
-1
-1
-1
-1
-1
-1
-1
-1
-1
-1
-1
-1
-1
-1
-1
-1
-1
-1
-1
-1
-1
-1
-1
-1
-1
-1
-1
-1
-1
-1
-1
-1
-1
-1
-1
-1
-1
-1
-1
-1
-1
-1
-1
-1
-1
-1
-1
-1
-1
-1
-1
-1
-1
-1
-1
-1
-1
-1
-1
-1
-1
-1
-1
-1
-1
-1
-1
-1
-1
-1
-1
-1
-1
-1
-1
-1
-1
-1
-1
-1
-1
-1
-1
-1
-1
-1
-1
-1
-1
-1
-1
-1
-1
-1
-1
-1
-1
-1
-1
-1
-1
-1
-1
-1
-1
-1
-1
-1
-1
-1
-1
-1
-1
-1
-1
-1
-1
-1
-1
-1
-1
-1
-1
-1
-1
-1
-1
-1
-1
-1
-1
-1
-1
-1
-1
-1
-1
-1
-1
-1
-1
-1
-1
-1
-1
-1
-1
-1
-1
-1
-1
-1
-1
-1
-1
-1
-1
-1
-1
-1
-1
-1
-1
-1
-1
-1
-1
-1
-1
-1
-1
-1
-1
-1
-1
-1
-1
-1
-1
-1
-1
-1
-1
-1
-1
-1
-1
-1
-1
-1
-1
-1
-1
-1
-1
-1
-1
-1
-1
-1
-1
-1
-1
-1
-1
-1
-1
-1
-1
-1
-1
-1
-1
-1
-1
-1
-1
-1
-1
-1
-1
-1
-1
-1
-1
-1
-1
-1
-1
-1
-1
-1
-1
-1
-1
-1
-1
-1
-1
-1
-1
-1
-1
-1
-1
-1
-1
-1
-1
-1
-1
-1
-1
-1
-1
-1
-1
-1
-1
-1
-1
-1
-1
-1
-1
-1
-1
-1
-1
-1
-1
-1
-1
-1
-1
-1
-1
-1
-1
-1
-1
-1
-1
-1
-1
-1
-1
-1
-1
-1
-1
-1
-1
-1
-1
-1
-1
-1
-1
-1
-1
-1
-1
-1
-1
-1
-1
-1
-1
-1
-1
-1
-1
-1
-1
-1
-1
-1
-1
-1
-1
-1
-1
-1
-1
-1
-1
-1
-1
-1
-1
-1
-1
-1
-1
-1
-1
-1
-1
-1
-1
-1
-1
-1
-1
-1
-1
-1
-1
-1
-1
-1
-1
-1
-1
-1
-1
-1
-1
-1
-1
-1
-1
-1
-1
-1
-1
-1
-1
-1
-1
-1
-1
-1
-1
-1
-1
-1
-1
-1
-1
-1
-1
-1
-1
-1
-1
-1
-1
-1
-1
-1
-1
-1
-1
-1
-1
-1
-1
-1
-1
-1
-1
-1
-1
-1
-1
-1
-1
-1
-1
-1
-1
-1
-1
-1
-1
-1
-1
-1
-1
-1
-1
-1
-1
-1
-1
-1
-1
-1
-1
-1
-1
-1
-1
-1
-1
-1
-1
-1
-1
-1
-1
-1
-1
-1
-1
-1
-1
-1
-1
-1
-1
-1
-1
-1
-1
-1
-1
-1
-1
-1
-1
-1
-1
-1
-1
-1
-1
-1
-1
-1
-1
-1
-1
-1
-1
-1
-1
-1
-1
-1
-1
-1
-1
-1
-1
-1
-1
-1
-1
-1
-1
-1
-1
-1
-1
-1
-1
-1
-1
-1
-1
-1
-1
-1
-1
-1
-1
-1
-1
-1
-1
-1
-1
-1
-1
-1
-1
-1
-1
-1
-1
-1
-1
-1
-1
-1
-1
-1
-1
-1
-1
-1
-1
-1
-1
-1
-1
-1
-1
-1
-1
-1
-1
-1
-1
-1
-1
-1
-1
-1
-1
-1
-1
-1
-1
-1
-1
-1
-1
-1
-1
-1
-1
-1
-1
-1
-1
-1
-1
-1
-1
-1
-1
-1
-1
-1
-1
-1
-1
-1
-1
-1
-1
-1
-1
-1
-1
-1
-1
-1
-1
-1
-1
-1
-1
-1
-1
-1
-1
-1
-1
-1
-1
-1
-1
-1
-1
-1
-1
-1
-1
-1
-1
-1
-1
-1
-1
-1
-1
-1
-1
-1
-1
-1
-1
-1
-1
-1
-1
-1
-1
-1
-1
-1
-1
-1
-1
-1
-1
-1
-1
-1
-1
-1
-1
-1
-1
-1
-1
-1
-1
-1
-1
-1
-1
-1
-1
-1
-1
-1
-1
-1
-1
-1
-1
-1
-1
-1
-1
-1
-1
-1
-1
-1
-1
-1
-1
-1
-1
-1
-1
-1
-1
-1
-1
-1
-1
-1
-1
-1
-1
-1
-1
-1
-1
-1
-1
-1
-1
-1
-1
-1
-1
-1
-1
-1
-1
-1
-1
-1
-1
-1
-1
-1
-1
-1
-1
-1
-1
-1
-1
-1
-1
-1
-1
-1
-1
-1
-1
-1
-1
-1
-1
-1
-1
-1
-1
-1
-1
-1
-1
-1
-1
-1
-1
-1
-1
-1
-1
-1
-1
-1
-1
-1
-1
-1
-1
-1
-1
-1
-1
-1
-1
-1
-1
-1
-1
-1
-1
-1
-1
-1
-1
-1
-1
-1
-1
-1
-1
-1
-1
-1
-1
-1
-1
-1
-1
-1
-1
-1
-1
-1
-1
-1
-1
-1
-1
-1
-1
-1
-1
-1
-1
-1
-1
-1
-1
-1
-1
-1
-1
-1
-1
-1
-1
-1
-1
-1
-1
-1
-1
-1
-1
-1
-1
-1
-1
-1
-1
-1
-1
-1
-1
-1
-1
-1
-1
-1
-1
-1
-1
-1
-1
-1
-1
-1
-1
-1
-1
-1
-1
-1
-1
-1
-1
-1
-1
-1
-1
-1
-1
-1
-1
-1
-1
-1
-1
-1
-1
-1
-1
-1
-1
-1
-1
-1
-1
-1
-1
-1
-1
-1
-1
-1
-1
-1
-1
-1
-1
-1
-1
-1
-1
-1
-1
-1
-1
-1
-1
-1
-1
-1
-1
-1
-1
-1
-1
-1
-1
-1
-1
-1
-1
-1
-1
-1
-1
-1
-1
-1
-1
-1
-1
-1
-1
-1
-1
-1
-1
-1
-1
-1
-1
-1
-1
-1
-1
-1
-1
-1
-1
-1
-1
-1
-1
-1
-1
-1
-1
-1
-1
-1
-1
-1
-1
-1
-1
-1
-1
-1
-1
-1
-1
-1
-1
-1
-1
-1
-1
-1
-1
-1
-1
-1
-1
-1
-1
-1
-1
-1
-1
-1
-1
-1
-1
-1
-1
-1
-1
-1
-1
-1
-1
-1
-1
-1
-1
-1
-1
-1
-1
-1
-1
-1
-1
-1
-1
-1
-1
-1
-1
-1
-1
-1
-1
-1
-1
-1
-1
-1
-1
-1
-1
-1
-1
-1
-1
-1
-1
-1
-1
-1
-1
-1
-1
-1
-1
-1
-1
-1
-1
-1
-1
-1
-1
-1
-1
-1
-1
-1
-1
-1
-1
-1
-1
-1
-1
-1
-1
-1
-1
-1
-1
-1
-1
-1
-1
-1
-1
-1
-1
-1
-1
-1
-1
-1
-1
-1
-1
-1
-1
-1
-1
-1
-1
-1
-1
-1
-1
-1
-1
-1
-1
-1
-1
-1
-1
-1
-1
-1
-1
-1
-1
-1
-1
-1
-1
-1
-1
-1
-1
-1
-1
-1
-1
-1
-1
-1
-1
-1
-1
-1
-1
-1
-1
-1
-1
-1
-1
-1
-1
-1
-1
-1
-1
-1
-1
-1
-1
-1
-1
-1
-1
-1
-1
-1
-1
-1
-1
-1
-1
-1
-1
-1
-1
-1
-1
-1
-1
-1
-1
-1
-1
-1
-1
-1
-1
-1
-1
-1
-1
-1
-1
-1
-1
-1
-1
-1
-1
-1
-1
-1
-1
-1
-1
-1
-1
-1
-1
-1
-1
-1
-1
-1
-1
-1
-1
-1
-1
-1
-1
-1
-1
-1
-1
-1
-1
-1
-1
-1
-1
-1
-1
-1
-1
-1
-1
-1
-1
-1
-1
-1
-1
-1
-1
-1
-1
-1
-1
-1
-1
-1
-1
-1
-1
-1
-1
-1
-1
-1
-1
-1
-1
-1
-1
-1
-1
-1
-1
-1
-1
-1
-1
-1
-1
-1
-1
-1
-1
-1
-1
-1
-1
-1
-1
-1
-1
-1
-1
-1
-1
-1
-1
-1
-1
-1
-1
-1
-1
-1
-1
-1
-1
-1
-1
-1
-1
-1
-1
-1
-1
-1
-1
-1
-1
-1
-1
-1
-1
-1
-1
-1
-1
-1
-1
-1
-1
-1
-1
-1
-1
-1
-1
-1
-1
-1
-1
-1
-1
-1
-1
-1
-1
-1
-1
-1
-1
-1
-1
-1
-1
-1
-1
-1
-1
-1
-1
-1
-1
-1
-1
-1
-1
-1
-1
-1
-1
-1
-1
-1
-1
-1
-1
-1
-1
-1
-1
-1
-1
-1
-1
-1
-1
-1
-1
-1
-1
-1
-1
-1
-1
-1
-1
-1
-1
-1
-1
-1
-1
-1
-1
-1
-1
-1
-1
-1
-1
-1
-1
-1
-1
-1
-1
-1
-1
-1
-1
-1
-1
-1
-1
-1
-1
-1
-1
-1
-1
-1
-1
-1
-1
-1
-1
-1
-1
-1
-1
-1
-1
-1
-1
-1
-1
-1
-1
-1
-1
-1
-1
-1
-1
-1
-1
-1
-1
-1
-1
-1
-1
-1
-1
-1
-1
-1
-1
-1
-1
-1
-1
-1
-1
-1
-1
-1
-1
-1
-1
-1
-1
-1
-1
-1
-1
-1
-1
-1
-1
-1
-1
-1
-1
-1
-1
-1
-1
-1
-1
-1
-1
-1
-1
-1
-1
-1
-1
-1
-1
-1
-1
-1
-1
-1
-1
-1
-1
-1
-1
-1
-1
-1
-1
-1
-1
-1
-1
-1
-1
-1
-1
-1
-1
-1
-1
-1
-1
-1
-1
-1
-1
-1
-1
-1
-1
-1
-1
-1
-1
-1
-1
-1
-1
-1
-1
-1
-1
-1
-1
-1
-1
-1
-1
-1
-1
-1
-1
-1
-1
-1
-1
-1
-1
-1
-1
-1
-1
-1
-1
-1
-1
-1
-1
-1
-1
-1
-1
-1
-1
-1
-1
-1
-1
-1
-1
-1
-1
-1
-1
-1
-1
-1
-1
-1
-1
-1
-1
-1
-1
-1
-1
-1
-1
-1
-1
-1
-1
-1
-1
-1
-1
-1
-1
-1
-1
-1
-1
-1
-1
-1
-1
-1
-1
-1
-1
-1
-1
-1
-1
-1
-1
-1
-1
-1
-1
-1
-1
-1
-1
-1
-1
-1
-1
-1
-1
-1
-1
-1
-1
-1
-1
-1
-1
-1
-1
-1
-1
-1
-1
-1
-1
-1
-1
-1
-1
-1
-1
-1
-1
-1
-1
-1
-1
-1
-1
-1
-1
-1
-1
-1
-1
-1
-1
-1
-1
-1
-1
-1
-1
-1
-1
-1
-1
-1
-1
-1
-1
-1
-1
-1
-1
-1
-1
-1
-1
-1
-1
-1
-1
-1
-1
-1
-1
-1
-1
-1
-1
-1
-1
-1
-1
-1
-1
-1
-1
-1
-1
-1
-1
-1
-1
-1
-1
-1
-1
-1
-1
-1
-1
-1
-1
-1
-1
-1
-1
-1
-1
-1
-1
-1
-1
-1
-1
-1
-1
-1
-1
-1
-1
-1
-1
-1
-1
-1
-1
-1
-1
-1
-1
-1
-1
-1
-1
-1
-1
-1
-1
-1
-1
-1
-1
-1
-1
-1
-1
-1
-1
-1
-1
-1
-1
-1
-1
-1
-1
-1
-1
-1
-1
-1
-1
-1
-1
-1
-1
-1
-1
-1
-1
-1
-1
-1
-1
-1
-1
-1
-1
-1
-1
-1
-1
-1
-1
-1
-1
-1
-1
-1
-1
-1
-1
-1
-1
-1
-1
-1
-1
-1
-1
-1
-1
-1
-1
-1
-1
-1
-1
-1
-1
-1
-1
-1
-1
-1
-1
-1
-1
-1
-1
-1
-1
-1
-1
-1
-1
-1
-1
-1
-1
-1
-1
-1
-1
-1
-1
-1
-1
-1
-1
-1
-1
-1
-1
-1
-1
-1
-1
-1
-1
-1
-1
-1
-1
-1
-1
-1
-1
-1
-1
-1
-1
-1
-1
-1
-1
-1
-1
-1
-1
-1
-1
-1
-1
-1
-1
-1
-1
-1
-1
-1
-1
-1
-1
-1
-1
-1
-1
-1
-1
-1
-1
-1
-1
-1
-1
-1
-1
-1
-1
-1
-1
-1
-1
-1
-1
-1
-1
-1
-1
-1
-1
-1
-1
-1
-1
-1
-1
-1
-1
-1
-1
-1
-1
-1
-1
-1
-1
-1
-1
-1
-1
-1
-1
-1
-1
-1
-1
-1
-1
-1
-1
-1
-1
-1
-1
-1
-1
-1
-1
-1
-1
-1
-1
-1
-1
-1
-1
-1
-1
-1
-1
-1
-1
-1
-1
-1
-1
-1
-1
-1
-1
-1
-1
-1
-1
-1
-1
-1
-1
-1
-1
-1
-1
-1
-1
-1
-1
-1
-1
-1
-1
-1
-1
-1
-1
-1
-1
-1
-1
-1
-1
-1
-1
-1
-1
-1
-1
-1
-1
-1
-1
-1
-1
-1
-1
-1
-1
-1
-1
-1
-1
-1
-1
-1
-1
-1
-1
-1
-1
-1
-1
-1
-1
-1
-1
-1
-1
-1
-1
-1
-1
-1
-1
-1
-1
-1
-1
-1
-1
-1
-1
-1
-1
-1
-1
-1
-1
-1
-1
-1
-1
-1
-1
-1
-1
-1
-1
-1
-1
-1
-1
-1
-1
-1
-1
-1
-1
-1
-1
-1
-1
-1
-1
-1
-1
-1
-1
-1
-1
-1
-1
-1
-1
-1
-1
-1
-1
-1
-1
-1
-1
-1
-1
-1
-1
-1
-1
-1
-1
-1
-1
-1
-1
-1
-1
-1
-1
-1
-1
-1
-1
-1
-1
-1
-1
-1
-1
-1
-1
-1
-1
-1
-1
-1
-1
-1
-1
-1
-1
-1
-1
-1
-1
-1
-1
-1
-1
-1
-1
-1
-1
-1
-1
-1
-1
-1
-1
-1
-1
-1
-1
-1
-1
-1
-1
-1
-1
-1
-1
-1
-1
-1
-1
-1
-1
-1
-1
-1
-1
-1
-1
-1
-1
-1
-1
-1
-1
-1
-1
-1
-1
-1
-1
-1
-1
-1
-1
-1
-1
-1
-1
-1
-1
-1
-1
-1
-1
-1
-1
-1
-1
-1
-1
-1
-1
-1
-1
-1
-1
-1
-1
-1
-1
-1
-1
-1
-1
-1
-1
-1
-1
-1
-1
-1
-1
-1
-1
-1
-1
-1
-1
-1
-1
-1
-1
-1
-1
-1
-1
-1
-1
-1
-1
-1
-1
-1
-1
-1
-1
-1
-1
-1
-1
-1
-1
-1
-1
-1
-1
-1
-1
-1
-1
-1
-1
-1
-1
-1
-1
-1
-1
-1
-1
-1
-1
-1
-1
-1
-1
-1
-1
-1
-1
-1
-1
-1
-1
-1
-1
-1
-1
-1
-1
-1
-1
-1
-1
-1
-1
-1
-1
-1
-1
-1
-1
-1
-1
-1
-1
-1
-1
-1
-1
-1
-1
-1
-1
-1
-1
-1
-1
-1
-1
-1
-1
-1
-1
-1
-1
-1
-1
-1
-1
-1
-1
-1
-1
-1
-1
-1
-1
-1
-1
-1
-1
-1
-1
-1
-1
-1
-1
-1
-1
-1
-1
-1
-1
-1
-1
-1
-1
-1
-1
-1
-1
-1
-1
-1
-1
-1
-1
-1
-1
-1
-1
-1
-1
-1
-1
-1
-1
-1
-1
-1
-1
-1
-1
-1
-1
-1
-1
-1
-1
-1
-1
-1
-1
-1
-1
-1
-1
-1
-1
-1
-1
-1
-1
-1
-1
-1
-1
-1
-1
-1
-1
-1
-1
-1
-1
-1
-1
-1
-1
-1
-1
-1
-1
-1
-1
-1
-1
-1
-1
-1
-1
-1
-1
-1
-1
-1
-1
-1
-1
-1
-1
-1
-1
-1
-1
-1
-1
-1
-1
-1
-1
-1
-1
-1
-1
-1
-1
-1
-1
-1
-1
-1
-1
-1
-1
-1
-1
-1
-1
-1
-1
-1
-1
-1
-1
-1
-1
-1
-1
-1
-1
-1
-1
-1
-1
-1
-1
-1
-1
-1
-1
-1
-1
-1
-1
-1
-1
-1
-1
-1
-1
-1
-1
-1
-1
-1
-1
-1
-1
-1
-1
-1
-1
-1
-1
-1
-1
-1
-1
-1
-1
-1
-1
-1
-1
-1
-1
-1
-1
-1
-1
-1
-1
-1
-1
-1
-1
-1
-1
-1
-1
-1
-1
-1
-1
-1
-1
-1
-1
-1
-1
-1
-1
-1
-1
-1
-1
-1
-1
-1
-1
-1
-1
-1
-1
-1
-1
-1
-1
-1
-1
-1
-1
-1
-1
-1
-1
-1
-1
-1
-1
-1
-1
-1
-1
-1
-1
-1
-1
-1
-1
-1
-1
-1
-1
-1
-1
-1
-1
-1
-1
-1
-1
-1
-1
-1
-1
-1
-1
-1
-1
-1
-1
-1
-1
-1
-1
-1
-1
-1
-1
-1
-1
-1
-1
-1
-1
-1
-1
-1
-1
-1
-1
-1
-1
-1
-1
-1
-1
-1
-1
-1
-1
-1
-1
-1
-1
-1
-1
-1
-1
-1
-1
-1
-1
-1
-1
-1
-1
-1
-1
-1
-1
-1
-1
-1
-1
-1
-1
-1
-1
-1
-1
-1
-1
-1
-1
-1
-1
-1
-1
-1
-1
-1
-1
-1
-1
-1
-1
-1
-1
-1
-1
-1
-1
-1
-1
-1
-1
-1
-1
-1
-1
-1
-1
-1
-1
-1
-1
-1
-1
-1
-1
-1
-1
-1
-1
-1
-1
-1
-1
-1
-1
-1
-1
-1
-1
-1
-1
-1
-1
-1
-1
-1
-1
-1
-1
-1
-1
-1
-1
-1
-1
-1
-1
-1
-1
-1
-1
-1
-1
-1
-1
-1
-1
-1
-1
-1
-1
-1
-1
-1
-1
-1
-1
-1
-1
-1
-1
-1
-1
-1
-1
-1
-1
-1
-1
-1
-1
-1
-1
-1
-1
-1
-1
-1
-1
-1
-1
-1
-1
-1
-1
-1
-1
-1
-1
-1
-1
-1
-1
-1
-1
-1
-1
-1
-1
-1
-1
-1
-1
-1
-1
-1
-1
-1
-1
-1
-1
-1
-1
-1
-1
-1
-1
-1
-1
-1
-1
-1
-1
-1
-1
-1
-1
-1
-1
-1
-1
-1
-1
-1
-1
-1
-1
-1
-1
-1
-1
-1
-1
-1
-1
-1
-1
-1
-1
-1
-1
-1
-1
-1
-1
-1
-1
-1
-1
-1
-1
-1
-1
-1
-1
-1
-1
-1
-1
-1
-1
-1
-1
-1
-1
-1
-1
-1
-1
-1
-1
-1
-1
-1
-1
-1
-1
-1
-1
-1
-1
-1
-1
-1
-1
-1
-1
-1
-1
-1
-1
-1
-1
-1
-1
-1
-1
-1
-1
-1
-1
-1
-1
-1
-1
-1
-1
-1
-1
-1
-1
-1
-1
-1
-1
-1
-1
-1
-1
-1
-1
-1
-1
-1
-1
-1
-1
-1
-1
-1
-1
-1
-1
-1
-1
-1
-1
-1
-1
-1
-1
-1
-1
-1
-1
-1
-1
-1
-1
-1
-1
-1
-1
-1
-1
-1
-1
-1
-1
-1
-1
-1
-1
-1
-1
-1
-1
-1
-1
-1
-1
-1
-1
-1
-1
-1
-1
-1
-1
-1
-1
-1
-1
-1
-1
-1
-1
-1
-1
-1
-1
-1
-1
-1
-1
-1
-1
-1
-1
-1
-1
-1
-1
-1
-1
-1
-1
-1
-1
-1
-1
-1
-1
-1
-1
-1
-1
-1
-1
-1
-1
-1
-1
-1
-1
-1
-1
-1
-1
-1
-1
-1
-1
-1
-1
-1
-1
-1
-1
-1
-1
-1
-1
-1
-1
-1
-1
-1
-1
-1
-1
-1
-1
-1
-1
-1
-1
-1
-1
-1
-1
-1
-1
-1
-1
-1
-1
-1
-1
-1
-1
-1
-1
-1
-1
-1
-1
-1
-1
-1
-1
-1
-1
-1
-1
-1
-1
-1
-1
-1
-1
-1
-1
-1
-1
-1
-1
-1
-1
-1
-1
-1
-1
-1
-1
-1
-1
-1
-1
-1
-1
-1
-1
-1
-1
-1
-1
-1
-1
-1
-1
-1
-1
-1
-1
-1
-1
-1
-1
-1
-1
-1
-1
-1
-1
-1
-1
-1
-1
-1
-1
-1
-1
-1
-1
-1
-1
-1
-1
-1
-1
-1
-1
-1
-1
-1
-1
-1
-1
-1
-1
-1
-1
-1
-1
-1
-1
-1
-1
-1
-1
-1
-1
-1
-1
-1
-1
-1
-1
-1
-1
-1
-1
-1
-1
-1
-1
-1
-1
-1
-1
-1
-1
-1
-1
-1
-1
-1
-1
-1
-1
-1
-1
-1
-1
-1
-1
-1
-1
-1
-1
-1
-1
-1
-1
-1
-1
-1
-1
-1
-1
-1
-1
-1
-1
-1
-1
-1
-1
-1
-1
-1
-1
-1
-1
-1
-1
-1
-1
-1
-1
-1
-1
-1
-1
-1
-1
-1
-1
-1
-1
-1
-1
-1
-1
-1
-1
-1
-1
-1
-1
-1
-1
-1
-1
-1
-1
-1
-1
-1
-1
-1
-1
-1
-1
-1
-1
-1
-1
-1
-1
-1
-1
-1
-1
-1
-1
-1
-1
-1
-1
-1
-1
-1
-1
-1
-1
-1
-1
-1
-1
-1
-1
-1
-1
-1
-1
-1
-1
-1
-1
-1
-1
-1
-1
-1
-1
-1
-1
-1
-1
-1
-1
-1
-1
-1
-1
-1
-1
-1
-1
-1
-1
-1
-1
-1
-1
-1
-1
-1
-1
-1
-1
-1
-1
-1
-1
-1
-1
-1
-1
-1
-1
-1
-1
-1
-1
-1
-1
-1
-1
-1
-1
-1
-1
-1
-1
-1
-1
-1
-1
-1
-1
-1
-1
-1
-1
-1
-1
-1
-1
-1
-1
-1
-1
-1
-1
-1
-1
-1
-1
-1
-1
-1
-1
-1
-1
-1
-1
-1
-1
-1
-1
-1
-1
-1
-1
-1
-1
-1
-1
-1
-1
-1
-1
-1
-1
-1
-1
-1
-1
-1
-1
-1
-1
-1
-1
-1
-1
-1
-1
-1
-1
-1
-1
-1
-1
-1
-1
-1
-1
-1
-1
-1
-1
-1
-1
-1
-1
-1
-1
-1
-1
-1
-1
-1
-1
-1
-1
-1
-1
-1
-1
-1
-1
-1
-1
-1
-1
-1
-1
-1
-1
-1
-1
-1
-1
-1
-1
-1
-1
-1
-1
-1
-1
-1
-1
-1
-1
-1
-1
-1
-1
-1
-1
-1
-1
-1
-1
-1
-1
-1
-1
-1
-1
-1
-1
-1
-1
-1
-1
-1
-1
-1
-1
-1
-1
-1
-1
-1
-1
-1
-1
-1
-1
-1
-1
-1
-1
-1
-1
-1
-1
-1
-1
-1
-1
-1
-1
-1
-1
-1
-1
-1
-1
-1
-1
-1
-1
-1
-1
-1
-1
-1
-1
-1
-1
-1
-1
-1
-1
-1
-1
-1
-1
-1
-1
-1
-1
-1
-1
-1
-1
-1
-1
-1
-1
-1
-1
-1
-1
-1
-1
-1
-1
-1
-1
-1
-1
-1
-1
-1
-1
-1
-1
-1
-1
-1
-1
-1
-1
-1
-1
-1
-1
-1
-1
-1
-1
-1
-1
-1
-1
-1
-1
-1
-1
-1
-1
-1
-1
-1
-1
-1
-1
-1
-1
-1
-1
-1
-1
-1
-1
-1
-1
-1
-1
-1
-1
-1
-1
-1
-1
-1
-1
-1
-1
-1
-1
-1
-1
-1
-1
-1
-1
-1
-1
-1
-1
-1
-1
-1
-1
-1
-1
-1
-1
-1
-1
-1
-1
-1
-1
-1
-1
-1
-1
-1
-1
-1
-1
-1
-1
-1
-1
-1
-1
-1
-1
-1
-1
-1
-1
-1
-1
-1
-1
-1
-1
-1
-1
-1
-1
-1
-1
-1
-1
-1
-1
-1
-1
-1
-1
-1
-1
-1
-1
-1
-1
-1
-1
-1
-1
-1
-1
-1
-1
-1
-1
-1
-1
-1
-1
-1
-1
-1
-1
-1
-1
-1
-1
-1
-1
-1
-1
-1
-1
-1
-1
-1
-1
-1
-1
-1
-1
-1
-1
-1
-1
-1
-1
-1
-1
-1
-1
-1
-1
-1
-1
-1
-1
-1
-1
-1
-1
-1
-1
-1
-1
-1
-1
-1
-1
-1
-1
-1
-1
-1
-1
-1
-1
-1
-1
-1
-1
-1
-1
-1
-1
-1
-1
-1
-1
-1
-1
-1
-1
-1
-1
-1
-1
-1
-1
-1
-1
-1
-1
-1
-1
-1
-1
-1
-1
-1
-1
-1
-1
-1
-1
-1
-1
-1
-1
-1
-1
-1
-1
-1
-1
-1
-1
-1
-1
-1
-1
-1
-1
-1
-1
-1
-1
-1
-1
-1
-1
-1
-1
-1
-1
-1
-1
-1
-1
-1
-1
-1
-1
-1
-1
-1
-1
-1
-1
-1
-1
-1
-1
-1
-1
-1
-1
-1
-1
-1
-1
-1
-1
-1
-1
-1
-1
-1
-1
-1
-1
-1
-1
-1
-1
-1
-1
-1
-1
-1
-1
-1
-1
-1
-1
-1
-1
-1
-1
-1
-1
-1
-1
-1
-1
-1
-1
-1
-1
-1
-1
-1
-1
-1
-1
-1
-1
-1
-1
-1
-1
-1
-1
-1
-1
-1
-1
-1
-1
-1
-1
-1
-1
-1
-1
-1
-1
-1
-1
-1
-1
-1
-1
-1
-1
-1
-1
-1
-1
-1
-1
-1
-1
-1
-1
-1
-1
-1
-1
-1
-1
-1
-1
-1
-1
-1
-1
-1
-1
-1
-1
-1
-1
-1
-1
-1
-1
-1
-1
-1
-1
-1
-1
-1
-1
-1
-1
-1
-1
-1
-1
-1
-1
-1
-1
-1
-1
-1
-1
-1
-1
-1
-1
-1
-1
-1
-1
-1
-1
-1
-1
-1
-1
-1
-1
-1
-1
-1
-1
-1
-1
-1
-1
-1
-1
-1
-1
-1
-1
-1
-1
-1
-1
-1
-1
-1
-1
-1
-1
-1
-1
-1
-1
-1
-1
-1
-1
-1
-1
-1
-1
-1
-1
-1
-1
-1
-1
-1
-1
-1
-1
-1
-1
-1
-1
-1
-1
-1
-1
-1
-1
-1
-1
-1
-1
-1
-1
-1
-1
-1
-1
-1
-1
-1
-1
-1
-1
-1
-1
-1
-1
-1
-1
-1
-1
-1
-1
-1
-1
-1
-1
-1
-1
-1
-1
-1
-1
-1
-1
-1
-1
-1
-1
-1
-1
-1
-1
-1
-1
-1
-1
-1
-1
-1
-1
-1
-1
-1
-1
-1
-1
-1
-1
-1
-1
-1
-1
-1
-1
-1
-1
-1
-1
-1
-1
-1
-1
-1
-1
-1
-1
-1
-1
-1
-1
-1
-1
-1
-1
-1
-1
-1
-1
-1
-1
-1
-1
-1
-1
-1
-1
-1
-1
-1
-1
-1
-1
-1
-1
-1
-1
-1
-1
-1
-1
-1
-1
-1
-1
-1
-1
-1
-1
-1
-1
-1
-1
-1
-1
-1
-1
-1
-1
-1
-1
-1
-1
-1
-1
-1
-1
-1
-1
-1
-1
-1
-1
-1
-1
-1
-1
-1
-1
-1
-1
-1
-1
-1
-1
-1
-1
-1
-1
-1
-1
-1
-1
-1
-1
-1
-1
-1
-1
-1
-1
-1
-1
-1
-1
-1
-1
-1
-1
-1
-1
-1
-1
-1
-1
-1
-1
-1
-1
-1
-1
-1
-1
-1
-1
-1
-1
-1
-1
-1
-1
-1
-1
-1
-1
-1
-1
-1
-1
-1
-1
-1
-1
-1
-1
-1
-1
-1
-1
-1
-1
-1
-1
-1
-1
-1
-1
-1
-1
-1
-1
-1
-1
-1
-1
-1
-1
-1
-1
-1
-1
-1
-1
-1
-1
-1
-1
-1
-1
-1
-1
-1
-1
-1
-1
-1
-1
-1
-1
-1
-1
-1
-1
-1
-1
-1
-1
-1
-1
-1
-1
-1
-1
-1
-1
-1
-1
