50
40 29
27 20 28 19 7 0 23 6 6 19 7 21 24 23 3 9 28 15 15 27 17 8 23 15 0 25 18 25 2 3 12 14 14 17 27 0 11 27 12 19 
4 3 0 18 19 26 25 20 11 1 21 20 23 6 0 28 4 18 7 6 22 22 23 3 0 11 2 0 13 0 5 28 8 20 10 16 16 9 26 24 
0 21 24 2 13 4 1 5 3 22 11 4 27 17 27 10 12 15 22 21 20 28 3 11 26 4 14 3 11 6 7 24 27 19 9 24 12 28 5 26 
6 19 19 7 19 23 16 21 14 3 19 19 13 7 14 26 0 13 17 28 2 12 10 14 18 7 23 27 3 11 3 26 26 13 3 13 7 16 12 7 
7 3 2 6 14 20 26 12 8 20 8 11 23 27 12 0 12 14 14 3 0 3 10 22 23 12 13 19 27 13 25 25 12 20 12 23 24 14 27 22 
20 9 1 3 18 17 20 6 18 28 2 21 27 6 1 0 16 5 5 1 24 26 0 13 9 22 23 15 16 12 15 13 7 7 14 1 7 14 24 9 
19 19 8 25 15 24 24 27 10 2 17 4 5 6 17 18 6 16 27 26 26 10 28 1 19 6 17 19 6 19 21 7 8 15 18 22 17 4 4 17 
21 2 18 3 3 3 18 15 22 16 3 6 19 1 8 11 4 14 5 21 15 7 24 19 18 3 27 10 7 10 1 9 21 15 1 16 24 28 15 5 
14 26 15 22 3 10 19 27 25 23 22 22 18 15 22 20 9 3 13 5 26 9 9 4 14 23 22 13 8 20 18 22 24 4 0 14 23 8 23 14 
23 4 4 7 20 15 21 9 0 12 2 8 11 27 8 27 10 5 23 16 17 4 26 0 2 21 9 21 16 7 17 27 6 17 15 0 4 12 7 6 
20 14 21 7 0 10 26 6 15 0 21 22 4 20 13 13 1 2 18 8 4 19 14 14 27 28 21 13 23 2 4 9 0 23 27 7 5 21 28 5 
10 24 19 26 27 8 9 8 2 7 1 1 4 24 1 27 10 24 9 6 11 16 11 28 23 5 7 1 15 13 14 21 16 6 15 23 11 19 11 18 
15 16 21 16 23 2 23 25 14 10 14 2 9 10 27 18 22 4 1 6 13 27 23 13 18 7 19 5 6 14 25 4 14 18 1 26 28 12 8 5 
15 22 14 18 4 7 7 15 0 26 20 7 7 12 4 12 19 20 5 26 21 14 11 14 11 24 14 8 0 20 1 3 12 18 5 23 17 26 22 20 
21 21 23 9 21 1 7 3 6 7 20 8 10 28 1 6 7 14 28 21 11 5 14 25 21 6 27 17 20 16 27 20 24 25 25 13 26 19 27 9 
24 23 1 21 10 10 6 7 16 3 28 9 27 21 10 26 1 22 8 5 22 23 1 26 0 9 3 16 3 21 23 22 18 9 24 1 28 7 17 16 
5 28 12 17 26 26 1 4 4 18 11 21 21 22 17 27 14 16 13 2 16 1 15 15 17 7 6 13 26 1 9 25 21 27 11 18 17 27 14 27 
15 8 27 19 26 16 5 23 17 21 11 7 19 12 23 7 27 27 1 13 12 10 14 6 17 16 19 7 8 4 23 13 16 22 6 14 21 22 25 15 
9 25 7 12 14 14 12 25 24 0 26 28 19 20 9 15 6 24 0 0 23 10 12 15 2 11 14 16 23 25 26 15 25 7 26 16 19 3 10 3 
25 16 13 4 15 25 20 7 17 10 25 28 23 7 25 23 0 10 6 3 8 16 11 11 25 21 28 26 6 15 28 3 28 24 10 28 22 16 18 21 
6 10 24 4 24 9 6 24 11 23 23 15 15 13 27 4 8 12 26 16 13 2 8 21 7 21 12 18 17 21 16 14 12 11 2 6 3 11 5 12 
2 24 13 7 3 21 18 11 12 28 5 26 0 2 28 2 18 26 5 25 16 28 27 9 21 12 10 17 28 19 3 2 14 24 7 6 5 14 18 24 
23 3 17 1 16 17 26 26 1 22 23 7 5 0 1 11 26 22 19 22 20 28 6 22 28 4 1 1 1 24 11 22 25 5 21 13 9 24 18 24 
0 22 11 20 20 6 20 18 2 26 12 16 17 16 8 24 2 2 8 14 11 26 6 8 0 7 19 9 16 16 21 4 22 27 23 19 27 24 26 27 
13 6 20 25 1 9 17 8 15 15 21 10 7 10 6 23 8 21 8 18 12 6 24 15 23 22 7 1 15 22 5 3 7 5 10 24 24 15 22 2 
20 17 26 5 20 5 18 27 6 2 20 5 28 22 6 26 6 15 5 8 5 13 20 19 27 18 7 4 1 13 8 19 28 26 26 26 18 15 16 0 
10 20 3 13 17 24 21 7 13 27 3 24 3 27 16 26 0 2 8 11 20 27 11 8 10 21 24 20 8 0 20 27 18 16 17 28 5 19 13 0 
8 8 17 10 17 1 1 27 20 4 13 2 26 5 5 5 22 4 6 26 8 8 0 14 18 7 7 28 1 24 6 21 7 16 26 21 21 13 3 18 
27 8 28 18 28 17 15 1 9 2 23 19 19 12 26 4 25 2 18 12 9 13 20 13 11 20 13 12 17 21 3 20 25 2 21 21 28 23 19 9 
15 8 26 17 13 23 9 11 0 27 14 6 13 3 11 24 28 17 24 11 11 24 26 5 1 3 27 5 16 20 28 7 4 14 14 23 23 24 12 26 
24 25 10 5 12 3 18 5 13 25 4 7 7 2 4 20 17 14 18 6 6 8 3 27 27 22 22 21 27 25 5 23 10 19 11 14 13 16 8 9 
11 23 6 13 3 22 27 10 8 0 1 24 24 16 5 13 25 19 27 11 9 23 21 24 28 27 5 6 4 28 17 1 27 8 26 6 1 21 5 15 
27 26 15 16 5 1 9 0 1 28 19 7 21 2 15 1 9 14 8 18 16 7 24 21 2 20 1 17 24 26 21 8 6 16 12 21 0 17 13 2 
1 25 9 9 9 2 11 28 24 20 19 19 15 15 8 2 2 9 21 11 0 26 3 26 1 22 4 1 5 4 17 5 10 9 23 28 23 27 6 19 
20 20 16 19 27 5 15 1 14 13 19 4 6 11 23 18 28 6 1 20 13 10 10 6 26 22 16 1 22 6 14 25 15 12 7 22 9 12 1 12 
13 18 17 18 1 2 6 3 17 12 22 24 20 23 21 8 17 20 6 22 9 12 3 14 15 16 1 16 5 2 24 4 6 10 12 9 13 2 6 23 
23 12 14 5 20 19 27 16 26 2 7 15 2 5 24 21 10 23 11 10 18 12 11 19 4 9 22 12 19 8 12 24 19 21 3 6 4 22 17 19 
8 22 2 26 23 10 17 1 18 3 5 17 27 5 0 20 3 6 5 16 24 5 14 22 1 8 6 7 26 8 20 25 20 13 3 24 11 16 18 15 
5 13 5 14 24 12 1 0 3 4 8 20 14 2 13 5 18 10 17 5 17 4 24 23 17 28 23 11 14 28 2 22 7 24 10 5 14 6 0 2 
2 12 25 17 21 12 0 1 2 23 23 22 23 14 10 14 11 4 28 9 7 19 24 14 23 1 1 7 10 20 4 26 18 26 18 7 28 22 0 21 
7 12 20 12 20 9 10 25 8 11 4 12 25 14 16 13 9 18 20 3 3 18 10 2 7 18 21 27 4 0 22 23 2 10 11 27 9 10 15 8 
26 25 2 11 2 2 11 28 21 4 26 6 27 5 23 9 17 8 21 17 11 6 15 20 27 19 11 18 12 20 17 11 7 9 25 6 13 10 26 12 
4 0 1 26 16 15 12 17 8 20 26 25 24 15 12 11 8 18 3 28 15 2 1 19 27 16 14 26 28 17 10 1 0 25 4 8 28 22 2 3 
18 21 16 12 14 15 26 15 5 20 9 28 18 18 8 5 12 14 9 12 19 14 17 16 16 20 23 2 20 25 8 12 14 20 18 5 7 15 13 3 
15 25 26 23 22 0 26 11 17 20 28 12 16 5 5 11 1 27 20 22 12 25 11 1 7 1 22 13 6 21 9 16 17 20 4 13 14 1 6 6 
17 23 28 0 3 13 8 25 22 15 22 2 15 23 21 12 15 4 19 2 6 16 27 15 5 26 16 17 8 23 9 13 16 17 13 24 9 28 28 15 
14 5 15 21 8 1 26 17 2 7 28 12 20 28 27 21 3 26 0 28 19 12 16 0 19 8 27 7 1 22 1 8 10 28 20 16 7 28 22 9 
27 12 18 5 1 24 7 9 21 1 22 15 11 24 1 24 19 1 17 11 0 7 9 6 26 20 27 19 21 12 2 28 1 25 15 4 16 17 25 3 
14 11 8 25 22 25 26 14 3 19 1 27 28 15 3 10 13 16 27 14 1 27 19 7 8 23 26 8 1 6 22 26 5 1 9 6 5 9 15 26 
20 4 12 7 4 27 23 8 8 27 21 20 13 3 26 2 4 22 16 4 11 22 0 13 8 25 21 2 15 11 3 21 22 9 21 15 28 15 7 13 
27 16 6 22 11 18 23 15 22 5 13 11 6 28 19 26 23 14 4 28 5 5 7 19 25 12 22 23 7 12 7 3 11 3 2 9 27 10 21 19 
3 15 18 2 26 11 23 8 27 28 9 5 22 11 21 10 13 8 5 7 3 16 28 27 28 28 17 22 8 12 21 24 10 20 2 10 12 16 22 9 
7 6 9 24 25 10 22 7 9 2 7 8 17 2 25 26 7 21 7 0 11 24 25 20 11 27 14 7 4 5 28 28 13 1 14 0 27 3 5 12 
25 2 15 18 22 26 23 27 5 15 12 25 13 23 2 20 24 27 20 7 7 16 27 4 28 3 22 4 8 22 7 3 10 19 27 16 16 16 9 26 
18 23 26 17 16 17 4 14 4 2 18 15 9 27 16 26 27 2 5 10 22 21 9 17 14 16 17 12 16 6 3 28 21 26 19 2 6 8 10 17 
8 28 16 17 5 2 4 24 1 9 28 6 12 22 14 25 21 25 0 5 25 1 26 7 23 18 17 10 2 10 13 3 11 18 15 16 19 13 21 2 
24 11 17 7 0 9 25 28 16 7 12 17 26 27 17 27 8 1 0 8 10 5 27 2 15 17 16 8 9 1 15 11 1 20 10 9 13 20 16 14 
25 15 20 23 12 17 7 5 9 10 18 9 26 3 2 6 7 8 8 25 15 19 28 15 17 5 11 16 14 23 0 28 13 19 25 7 6 14 3 17 
17 4 28 24 19 28 15 10 22 1 24 26 14 2 13 24 18 23 7 22 27 0 8 7 0 14 1 12 6 7 13 3 23 5 8 28 22 6 18 6 
18 0 22 16 23 25 13 19 24 20 19 14 14 11 10 0 4 3 0 27 20 10 1 0 21 11 16 3 3 2 1 21 23 5 7 20 24 3 12 0 
27 8 18 10 26 21 6 9 28 20 14 2 3 11 21 0 7 18 7 19 18 15 14 3 5 10 7 20 14 11 8 2 1 6 5 4 28 10 25 16 
13 14 2 13 26 14 25 1 4 17 25 27 27 25 5 20 4 9 15 13 28 1 1 13 25 24 10 25 12 17 2 11 17 0 19 8 14 20 6 17 
22 19 1 13 1 13 1 15 28 1 3 11 13 19 27 15 14 6 17 26 22 26 19 10 16 17 1 8 6 27 20 7 9 25 1 10 26 15 22 6 
4 23 3 4 24 15 16 25 9 9 19 27 26 11 20 0 3 19 11 16 14 6 25 3 2 14 25 7 17 20 23 16 11 0 6 25 12 11 23 4 
15 14 5 17 26 19 18 9 20 24 19 16 24 3 4 18 10 17 23 7 7 11 19 12 15 20 4 27 12 3 20 12 2 9 26 6 22 6 15 22 
21 21 21 8 25 5 11 25 25 17 25 3 1 3 18 1 10 10 21 24 3 24 23 12 22 2 24 23 24 23 9 23 2 2 12 19 19 28 0 11 
28 1 8 17 0 28 6 27 16 0 0 15 0 28 6 24 25 18 27 25 25 2 26 22 15 17 27 26 6 14 7 13 25 27 21 13 19 6 23 25 
6 22 10 20 26 11 16 13 0 22 9 15 19 2 4 3 16 8 19 26 4 20 15 18 11 9 1 22 8 17 16 1 1 27 25 16 14 9 0 15 
8 9 2 1 15 0 23 15 10 3 26 5 18 25 26 13 18 21 8 18 21 2 27 26 21 8 28 16 2 2 12 7 10 6 28 10 8 11 17 5 
22 21 26 12 27 18 3 22 6 27 0 27 17 9 13 11 20 3 2 27 12 9 9 28 24 22 20 21 21 13 11 1 20 17 20 8 3 22 7 28 
16 16 17 19 0 19 0 22 11 15 1 7 23 11 12 12 5 13 26 19 14 26 7 27 9 16 11 3 20 10 22 19 16 21 7 7 18 14 16 14 
15 24 19 2 6 24 26 22 20 0 11 26 13 24 9 13 1 24 1 15 8 10 0 7 24 19 6 7 1 5 20 9 3 27 23 15 27 0 27 10 
16 10 10 10 5 18 23 26 28 4 23 16 3 21 25 9 5 1 7 7 9 11 16 2 3 24 15 25 8 15 20 21 28 28 4 28 21 18 17 28 
0 8 5 16 14 27 14 24 22 22 13 24 0 4 5 9 16 18 0 2 26 20 12 2 4 18 26 24 17 25 12 16 22 1 23 5 17 17 17 16 
21 12 11 18 18 4 20 20 13 15 15 12 1 18 14 19 11 3 3 18 28 15 13 4 15 22 23 11 1 7 28 26 15 8 14 8 21 10 22 0 
18 2 8 3 11 8 21 17 9 7 7 5 22 12 22 22 16 22 9 4 12 6 8 22 20 4 24 4 7 4 24 19 3 12 23 13 2 13 28 23 
8 21 18 3 23 19 22 19 25 2 14 25 4 28 24 14 1 24 26 22 4 19 11 6 10 18 12 5 21 22 9 6 3 4 2 11 8 13 26 25 
8 24 14 26 27 2 21 16 10 12 21 22 12 16 22 13 28 2 5 12 22 2 22 3 13 27 5 22 9 17 22 27 9 12 15 10 23 28 27 7 
7 13 0 11 18 10 21 3 3 20 0 13 12 6 5 1 11 22 19 20 12 12 6 3 23 11 16 1 9 7 3 14 9 0 17 23 16 11 16 22 
2 28 15 21 12 19 6 8 0 3 27 25 24 22 3 28 10 3 26 23 6 17 18 13 4 24 23 24 20 14 21 2 8 2 2 21 27 4 10 20 
24 23
12 7 3 13 18 5 4 4 15 16 0 2 18 22 13 14 6 10 13 21 16 7 4 20 
10 5 13 22 5 7 5 9 6 1 10 12 7 0 12 10 9 20 13 18 20 2 20 6 
4 4 14 11 1 18 14 0 20 7 11 15 22 8 21 2 5 19 7 6 5 9 2 3 
12 1 0 8 11 8 4 6 16 7 7 14 0 4 4 1 12 13 1 5 5 12 16 0 
14 2 14 18 1 12 19 10 5 9 19 3 9 5 18 14 21 19 6 19 22 13 12 20 
20 11 17 8 16 17 21 14 6 19 3 17 1 20 7 16 19 7 13 21 12 21 9 5 
0 17 20 18 10 4 10 19 4 5 20 13 12 16 4 7 15 14 4 20 5 14 21 19 
20 10 17 2 10 15 22 14 11 0 10 1 15 17 9 18 2 0 16 2 3 12 13 21 
5 7 1 5 0 0 20 0 6 16 8 18 0 2 14 13 0 14 11 15 2 10 15 1 
14 9 17 1 11 7 13 11 7 8 8 5 1 4 11 14 7 16 19 16 13 6 18 0 
11 5 0 22 17 15 10 3 7 15 5 4 16 18 6 18 10 4 11 13 4 20 12 11 
9 20 8 13 2 1 16 9 1 1 17 16 7 11 14 18 1 14 6 5 0 17 1 14 
15 14 11 18 16 5 13 7 8 21 10 12 15 22 14 7 0 16 0 9 19 10 20 11 
12 16 22 21 8 20 5 14 9 12 16 14 3 0 6 10 1 0 20 7 22 13 13 5 
10 6 8 21 7 17 13 8 10 16 13 12 4 21 17 11 1 8 6 6 2 22 16 10 
0 20 1 19 12 10 13 3 6 12 19 21 14 7 10 10 9 15 21 10 14 2 21 7 
2 6 6 15 19 10 15 1 21 16 20 6 20 1 16 18 20 14 17 11 1 14 8 22 
17 6 7 8 15 20 8 22 22 5 13 12 21 1 21 7 8 8 4 19 10 6 17 22 
20 10 9 7 15 5 11 14 14 10 13 19 8 22 6 1 5 2 3 2 19 18 1 15 
21 16 12 0 18 14 13 3 17 20 16 1 11 9 18 6 8 8 6 20 12 20 20 15 
13 9 21 2 13 10 0 3 20 19 20 19 20 2 6 9 1 20 17 11 2 13 7 13 
14 15 20 1 5 0 20 14 18 8 5 0 0 12 15 0 1 20 21 6 19 8 1 12 
9 0 0 16 13 15 15 20 22 20 9 2 1 22 22 5 21 21 17 19 3 4 2 9 
6 14 22 2 11 4 2 2 8 18 18 9 13 21 3 7 19 15 8 19 8 1 0 15 
6 17 3 8 17 12 17 13 6 7 15 6 9 4 1 4 18 13 9 18 11 9 18 13 
19 16 18 17 3 18 12 15 22 5 17 12 20 1 9 6 11 5 12 0 13 14 3 11 
7 18 1 12 12 4 8 17 11 17 17 18 14 20 21 5 5 20 1 18 5 18 9 10 
3 15 3 8 18 11 22 6 0 5 21 16 22 12 12 3 22 16 16 6 1 6 21 8 
1 7 8 4 18 12 0 1 3 19 11 9 22 10 15 22 19 3 2 8 7 5 11 9 
7 20 16 17 14 5 12 6 14 3 15 11 0 18 8 3 17 1 18 4 9 7 9 8 
22 4 2 12 22 14 16 4 15 22 19 5 22 22 1 4 20 5 14 19 8 8 19 6 
4 12 14 12 19 3 12 12 13 7 1 13 12 10 15 13 20 15 21 11 0 9 21 5 
0 6 7 22 9 9 13 2 11 18 11 22 17 1 3 6 17 9 13 22 1 8 18 21 
1 0 9 17 1 6 20 17 7 2 20 11 15 0 4 11 6 9 9 15 5 14 12 16 
12 22 4 5 14 18 13 19 14 8 1 11 18 0 4 15 16 7 12 19 14 2 19 4 
22 0 22 5 10 19 17 8 2 1 11 17 14 4 10 13 16 8 15 17 4 21 4 21 
22 20 3 7 15 5 9 12 19 18 9 9 9 18 20 12 1 4 14 8 3 6 5 13 
0 21 22 22 8 19 8 14 3 18 19 6 11 3 11 10 5 8 15 1 3 4 20 9 
7 19 10 2 18 6 18 18 8 19 4 6 18 17 22 18 17 7 21 12 18 12 0 5 
11 22 14 5 9 20 0 16 11 17 8 9 15 7 19 13 21 2 2 13 0 1 2 7 
1 9 0 13 2 6 9 2 18 15 0 12 11 20 5 4 17 15 22 10 14 16 17 6 
0 16 7 11 6 10 2 18 17 14 11 1 18 3 14 10 8 21 13 5 17 22 0 0 
12 7 11 9 19 6 2 6 12 4 3 14 9 8 10 6 18 4 4 17 10 19 7 0 
12 6 9 19 10 12 12 16 5 22 9 20 10 7 4 10 4 16 20 4 21 1 14 9 
18 12 22 22 15 14 21 15 9 0 12 14 12 12 11 18 16 22 11 16 6 3 12 17 
22 0 15 3 5 6 6 11 10 9 19 17 6 15 15 14 18 22 19 14 19 5 12 13 
18 18 12 14 15 6 2 17 4 16 3 20 14 7 18 15 15 14 5 3 14 13 0 15 
11 3 22 19 12 12 3 5 13 6 2 5 3 16 3 15 3 19 9 8 3 19 7 18 
19 31
11 29 25 3 16 27 15 26 1 6 12 14 3 29 1 8 13 18 14 
14 0 3 8 11 20 26 1 4 3 2 15 6 1 5 22 2 6 14 
26 12 4 3 2 23 0 24 10 16 22 25 14 13 9 26 0 25 5 
20 24 25 5 1 3 11 24 24 30 22 8 22 21 14 15 17 10 17 
7 6 1 12 0 19 16 5 16 2 2 1 23 17 23 23 11 19 3 
2 27 3 22 26 12 13 28 13 18 17 26 13 20 11 12 6 3 18 
15 16 3 0 13 18 10 5 3 20 4 25 10 7 4 25 12 25 28 
3 20 27 24 5 21 15 12 4 24 9 14 21 11 8 11 28 21 27 
6 26 17 27 6 2 17 19 22 2 15 29 0 8 23 24 20 30 13 
26 7 3 1 1 29 29 0 12 0 9 11 24 9 0 29 0 28 30 
18 11 19 9 7 6 16 2 6 22 22 28 12 15 1 1 2 7 3 
6 18 9 23 2 20 27 14 7 13 26 25 7 5 5 19 28 5 19 
13 26 1 18 14 1 3 18 16 28 16 30 24 23 8 15 29 6 14 
2 17 0 23 18 25 9 8 18 9 19 14 7 4 11 20 8 18 3 
13 25 28 12 24 17 10 24 19 11 2 10 4 28 24 11 11 26 7 
21 10 22 3 6 23 27 14 15 12 7 13 4 23 19 8 10 0 28 
3 5 2 12 10 15 1 3 21 11 10 12 24 4 10 6 15 8 18 
18 27 30 4 29 2 30 8 14 9 28 2 4 20 26 6 6 1 1 
13 14 29 5 10 30 27 18 28 17 3 17 15 10 15 9 30 30 20 
10 23 9 10 26 21 26 0 22 2 23 30 29 26 8 3 24 24 26 
4 25 10 22 22 11 17 5 0 19 2 26 9 14 13 22 21 21 14 
17 12 8 30 17 18 21 29 4 11 3 5 8 1 19 27 27 6 16 
22 26 15 29 21 19 5 24 24 30 29 14 26 26 23 4 15 20 11 
2 5 24 17 12 4 21 27 9 23 25 26 26 25 20 5 20 15 29 
20 4 13 9 14 26 8 14 11 17 27 21 26 26 12 6 19 17 14 
30 2 12 11 9 21 2 0 5 29 6 23 6 6 25 14 29 30 6 
16 9 27 2 13 8 26 23 9 8 4 9 11 5 26 8 4 3 28 
17 26 19 20 30 14 11 0 26 0 13 30 26 0 1 26 20 25 28 
1 16 15 20 30 2 26 17 18 13 29 19 10 12 11 25 8 4 5 
10 12 14 19 16 16 5 14 8 1 14 25 18 21 11 6 12 15 24 
15 16 27 14 18 28 17 20 19 1 1 10 20 14 15 7 16 7 23 
15 5 23 8 14 9 1 11 30 23 23 10 27 6 9 9 3 12 20 
15 27 21 20 13 13 25 25 29 1 18 26 18 25 9 3 29 23 12 
19 12 16 11 7 23 7 1 16 5 12 7 24 29 19 18 15 11 2 
0 0 25 17 15 23 19 16 23 18 10 5 28 9 4 22 23 9 3 
1 29 23 14 13 2 9 23 14 10 2 14 15 30 6 21 22 30 14 
28 22 19 12 6 6 3 0 25 2 7 12 4 21 5 6 11 7 0 
2 26 0 16 9 17 14 15 18 6 3 26 6 5 1 15 15 12 20 
15 7
5 5 3 3 3 4 1 2 5 6 0 0 1 5 4 
0 6 6 1 4 5 0 3 2 0 0 2 5 0 0 
6 5 5 5 6 6 6 3 6 3 0 3 5 0 5 
1 2 6 4 0 0 6 2 2 2 2 1 4 2 5 
5 4 1 4 0 5 2 1 2 5 3 5 4 3 3 
2 6 4 3 4 4 5 5 5 5 4 4 5 0 2 
5 0 0 5 2 3 1 4 5 3 2 5 0 1 2 
1 1 2 3 0 1 2 3 6 5 5 0 1 2 3 
3 3 0 1 2 3 6 0 0 4 0 0 1 4 2 
4 6 4 0 4 2 1 4 6 0 2 2 0 0 2 
6 4 5 0 4 0 2 1 3 0 5 1 1 4 2 
1 4 4 3 0 6 2 5 4 4 1 4 3 4 1 
6 1 2 1 5 5 6 3 3 2 2 4 6 1 6 
6 0 5 2 5 0 5 5 3 6 4 4 3 6 2 
6 4 4 6 0 4 3 0 4 0 4 5 2 2 5 
1 1 5 0 4 6 3 6 1 2 6 6 2 6 4 
3 0 4 0 3 6 2 4 0 3 0 3 5 0 0 
4 0 0 6 0 3 4 1 5 5 1 0 0 6 0 
2 4 4 6 2 1 0 6 4 3 6 0 6 4 4 
1 2 0 0 4 6 0 1 4 6 0 5 0 3 0 
2 0 0 2 6 1 3 0 2 2 4 0 4 6 4 
5 3 0 0 1 1 3 6 3 2 4 1 6 2 0 
1 6 0 4 1 6 5 3 4 6 2 1 1 4 4 
3 1 6 2 6 4 1 3 1 1 1 1 6 5 1 
6 1 1 6 2 1 5 3 4 2 1 4 3 0 4 
4 3 6 4 0 4 6 2 1 3 3 4 2 3 6 
0 5 2 6 6 6 1 3 5 4 6 1 5 2 0 
1 2 4 5 6 5 1 6 2 3 1 6 3 1 6 
2 5 0 2 6 0 2 0 5 6 6 3 3 4 4 
0 3 4 4 5 4 4 3 0 3 6 4 1 1 6 
36 7
5 0 4 6 2 4 1 3 1 5 6 5 6 3 0 5 6 6 5 4 6 3 0 2 5 0 5 6 5 6 5 1 3 5 1 4 
6 1 2 6 4 6 6 2 5 3 6 6 2 5 5 0 2 1 5 3 5 5 3 2 3 0 1 4 6 0 6 3 6 3 6 1 
0 4 0 6 6 6 6 2 1 5 2 1 5 2 4 6 5 1 6 3 0 5 6 2 4 0 6 4 3 4 3 2 3 4 6 6 
3 6 5 4 6 3 4 3 3 3 4 6 6 6 6 5 5 4 0 5 5 3 2 2 3 4 2 1 0 0 2 5 6 0 6 1 
1 0 1 2 1 5 5 3 3 1 2 1 3 0 3 6 3 1 2 6 2 0 6 1 1 2 4 6 3 4 3 2 0 6 4 0 
4 1 6 2 2 2 1 1 4 3 5 4 5 6 1 3 6 0 4 2 1 4 6 1 2 6 4 1 4 0 6 1 1 3 6 2 
0 2 5 4 4 3 5 0 5 2 6 4 3 2 5 2 5 1 6 1 2 3 4 1 0 2 3 0 2 3 0 0 1 5 3 2 
1 2 0 1 2 5 5 4 4 6 4 4 3 0 3 0 2 5 5 0 2 2 2 1 0 2 2 1 5 1 4 3 2 0 5 2 
1 1 4 3 5 6 1 3 6 4 3 1 6 3 4 3 6 2 0 6 3 0 6 0 3 3 3 3 0 4 4 5 0 2 1 2 
4 0 4 3 4 2 0 2 4 1 1 0 4 1 1 3 4 6 1 6 5 5 6 1 6 2 5 4 5 6 2 2 4 5 6 6 
6 3 4 5 6 4 6 2 4 2 0 4 3 5 6 6 6 1 4 3 5 2 6 2 5 4 0 4 5 4 6 4 0 2 1 4 
4 0 2 5 2 5 2 1 6 5 2 2 1 4 3 4 4 1 3 6 3 5 6 3 4 1 6 2 4 4 5 0 0 6 0 0 
3 1 1 2 5 2 1 4 4 2 1 1 0 0 2 6 5 4 2 2 3 2 5 2 3 3 0 3 4 5 3 5 2 4 1 2 
4 1 4 2 4 3 6 4 0 2 5 0 0 6 4 4 3 4 1 3 2 5 5 3 0 5 5 1 4 1 4 5 0 3 5 1 
4 1 6 4 6 0 1 0 2 4 6 5 2 1 1 5 3 5 2 1 4 5 3 1 2 4 3 5 2 5 3 6 4 1 0 0 
1 1 1 4 5 2 2 0 3 1 1 3 3 1 1 3 1 4 0 1 4 3 6 0 2 2 4 6 3 5 6 4 6 0 1 3 
5 1 3 1 4 0 5 6 2 3 3 5 3 4 6 6 5 5 3 2 2 0 2 5 5 5 0 2 5 2 1 3 1 3 5 5 
3 4 2 3 5 5 1 0 1 1 3 6 0 2 5 6 4 5 6 5 6 0 5 2 4 6 6 1 4 0 4 1 1 0 0 4 
1 6 1 2 2 0 6 2 6 6 1 1 1 2 6 1 0 2 2 3 4 3 4 4 5 1 2 6 2 0 0 5 1 1 3 1 
5 2 6 3 3 1 6 6 1 1 4 2 2 4 3 4 0 1 3 4 2 2 5 0 0 1 3 2 1 0 4 5 5 0 4 4 
5 5 6 5 1 3 3 3 6 1 0 5 6 5 5 2 5 2 3 1 3 4 6 3 5 1 6 3 0 4 4 2 1 6 0 5 
5 6 6 5 1 3 0 3 1 4 6 6 3 0 3 2 1 0 4 4 4 2 4 3 3 6 1 4 4 3 3 2 5 5 5 2 
2 3 5 1 5 2 3 3 4 3 6 1 5 1 0 1 2 4 5 3 6 0 0 4 3 0 2 2 4 0 1 6 1 2 6 6 
3 5 2 2 4 4 1 4 5 0 1 4 4 3 2 0 0 0 0 3 4 0 3 5 6 3 2 6 4 6 6 2 0 5 2 1 
1 2 6 0 1 6 2 3 2 5 4 5 5 4 6 2 5 1 6 1 0 5 6 1 1 2 1 4 6 1 3 3 0 3 6 5 
1 1 3 3 5 5 6 1 0 5 1 6 6 1 5 1 1 6 2 1 0 0 6 6 2 4 0 2 2 5 0 4 3 1 4 3 
2 2 2 1 6 1 5 5 1 3 2 0 5 4 2 1 4 0 0 6 5 2 3 0 4 6 5 1 0 5 5 3 6 1 4 5 
2 2 6 3 3 1 2 3 6 2 0 6 0 0 6 4 0 3 0 0 2 6 1 4 6 4 1 2 5 6 2 2 5 5 4 4 
6 0 0 2 4 3 2 2 0 6 2 3 0 6 1 2 0 6 2 0 1 6 1 0 0 3 1 3 1 3 5 5 3 5 5 0 
5 1 6 5 3 3 5 2 6 4 2 4 0 1 6 2 3 1 1 4 4 3 6 6 6 1 5 6 5 1 1 3 1 3 0 1 
4 0 0 4 1 2 0 6 6 0 2 2 6 2 1 4 0 5 2 2 3 5 4 5 0 0 4 5 2 3 6 0 3 0 2 4 
5 4 0 5 2 0 3 2 6 1 3 2 2 4 3 3 6 1 2 3 1 1 1 1 6 1 3 5 1 4 6 0 6 0 6 5 
5 4 2 5 2 5 2 3 0 1 5 1 1 3 5 1 4 0 0 5 3 3 4 6 4 3 5 3 2 3 3 4 4 4 0 1 
1 4 4 5 2 0 5 3 6 5 3 3 2 3 1 2 2 1 1 1 5 1 4 4 6 1 6 4 4 1 0 5 4 3 2 5 
6 4 5 5 2 5 5 5 2 2 3 4 6 1 1 3 0 4 4 6 4 2 1 4 1 3 6 6 1 3 6 3 2 4 2 1 
6 4 5 2 6 0 2 2 0 2 3 4 6 2 0 1 0 2 2 6 0 5 2 4 6 2 6 5 1 0 4 2 3 4 4 3 
0 2 6 5 4 2 4 2 5 6 3 6 3 3 0 3 5 4 6 1 5 0 3 1 0 4 3 3 4 3 4 0 5 4 4 4 
4 6 1 1 4 3 3 6 1 0 5 5 5 0 4 6 4 0 3 4 2 0 4 0 6 1 5 1 3 1 5 1 4 2 5 1 
5 2 2 0 5 4 1 3 2 2 5 3 0 1 5 1 0 6 3 1 0 2 4 3 5 6 0 3 3 1 1 2 4 1 5 0 
1 1 3 0 1 1 5 1 5 6 2 4 2 4 3 1 6 2 0 0 5 4 6 2 1 6 0 0 0 3 1 4 6 6 0 6 
5 4 1 2 6 5 0 2 2 6 1 0 3 2 1 1 5 2 1 0 3 4 3 2 1 6 2 1 4 4 3 2 3 1 3 6 
6 2 1 1 3 1 4 2 1 6 0 3 6 2 6 4 5 6 5 5 6 6 4 3 6 2 3 6 2 2 2 1 1 3 2 3 
1 2 2 6 0 6 0 3 3 5 3 4 2 3 5 4 2 5 4 2 0 4 1 6 4 1 1 4 6 3 2 3 4 1 1 4 
6 6 0 1 0 0 4 4 6 5 0 2 2 0 5 4 1 2 6 0 3 6 1 2 1 5 2 0 5 6 2 0 4 4 2 4 
3 3 4 4 4 0 0 4 6 5 2 4 2 2 5 5 6 3 6 1 3 2 1 4 4 2 1 6 5 0 0 3 0 6 3 2 
0 4 2 0 0 5 1 4 6 5 4 4 3 5 4 3 0 5 0 2 1 6 2 6 6 2 5 6 3 3 0 4 1 4 1 4 
2 0 5 6 6 1 5 5 0 2 3 3 6 2 2 1 0 6 6 3 3 4 5 2 2 2 6 0 0 6 3 4 0 5 3 1 
0 3 0 5 4 6 2 2 2 1 4 4 6 5 6 2 0 0 6 5 1 1 3 4 5 1 0 3 6 4 1 3 4 3 6 0 
6 1 1 1 6 5 6 2 2 2 1 2 2 0 5 3 6 2 5 1 4 5 4 1 5 6 1 2 1 4 1 5 1 1 2 4 
1 0 0 4 4 0 6 6 2 4 6 2 3 0 4 4 3 3 1 1 2 1 5 1 1 0 5 2 3 3 6 1 6 2 6 1 
4 4 4 5 1 2 0 2 5 1 3 3 1 6 5 0 4 6 6 5 6 6 5 1 2 4 4 6 1 1 3 4 3 5 1 6 
0 0 6 6 0 3 6 4 6 6 6 4 3 0 4 4 1 5 2 6 1 5 4 5 1 1 1 5 6 4 4 6 4 4 5 4 
1 3 2 0 5 2 3 1 5 5 5 3 3 2 2 6 1 2 0 2 4 6 5 1 5 6 0 1 4 1 0 2 2 3 4 4 
5 0 3 2 2 3 0 6 6 2 4 2 3 3 0 2 2 5 6 6 1 2 2 2 5 4 3 0 4 1 1 2 6 6 4 3 
6 4 5 5 4 3 3 0 5 0 6 2 6 5 3 0 5 2 0 4 5 5 5 1 5 2 1 4 0 6 6 2 2 0 5 1 
0 1 1 1 3 5 2 0 2 2 1 3 4 0 4 6 4 6 3 0 2 5 2 0 4 3 5 3 6 4 4 4 2 2 6 3 
4 4 3 5 0 5 1 3 2 6 3 1 1 1 5 0 4 5 3 2 1 1 2 4 1 4 4 5 3 1 0 4 1 2 6 4 
3 2 3 6 1 0 3 6 1 5 6 1 2 5 2 1 0 5 4 6 6 6 2 0 0 1 2 1 3 6 2 5 2 4 4 3 
2 1 2 1 6 2 3 6 6 4 2 0 2 0 5 0 1 2 4 4 2 1 2 4 0 6 4 3 5 4 3 6 4 2 2 5 
2 1 2 5 2 6 1 4 0 4 0 2 1 6 6 1 1 6 3 3 2 5 6 1 5 4 0 0 5 4 3 5 5 5 2 5 
0 0 6 0 6 4 1 5 5 6 1 6 2 0 3 0 5 1 6 5 6 3 2 3 3 6 0 6 3 0 0 4 4 0 6 3 
4 1 1 6 6 4 4 0 5 5 0 3 3 0 2 1 1 0 6 3 1 3 4 3 4 5 2 3 3 3 1 4 3 6 6 0 
6 2 3 1 4 2 2 0 5 5 5 2 4 5 6 0 2 2 2 6 0 6 3 1 5 3 0 3 5 6 2 2 3 6 1 1 
4 0 1 0 4 2 3 3 4 0 3 4 6 2 3 2 5 4 4 5 2 0 1 6 6 4 4 2 4 0 6 5 1 5 0 0 
4 3 0 1 1 5 3 1 6 1 1 6 2 0 4 5 2 5 2 5 3 3 5 5 1 5 2 2 5 0 0 4 6 3 1 5 
5 1 1 4 5 5 2 3 4 6 4 4 0 0 1 3 4 6 5 0 2 2 5 2 2 1 2 4 6 6 0 3 0 4 2 2 
4 0 2 5 2 0 1 3 4 3 1 2 1 4 6 5 0 3 0 6 2 0 0 5 3 1 4 5 6 1 1 2 4 5 5 3 
4 5 5 0 3 4 4 4 5 5 5 1 6 6 3 3 4 6 2 2 2 5 0 1 4 4 2 0 1 2 4 2 5 3 0 3 
6 0 6 6 1 1 6 2 4 6 6 4 4 4 2 1 4 5 2 4 5 1 0 2 0 5 4 0 1 6 1 5 3 2 4 4 
2 0 3 2 3 2 4 5 4 1 6 0 2 5 5 4 5 4 2 1 5 5 2 4 3 6 1 3 0 1 3 3 3 4 3 0 
0 6 4 2 0 6 0 6 0 6 1 0 1 5 1 1 1 1 2 6 5 5 6 4 1 4 4 2 4 0 2 1 0 2 1 1 
4 0 4 5 3 6 6 6 0 2 4 1 3 6 0 5 6 0 3 2 0 0 0 3 6 2 4 4 0 6 4 4 5 6 2 5 
50 3
2 1 0 2 0 1 2 2 0 0 0 1 0 0 0 0 0 2 0 1 2 2 0 2 1 2 1 0 1 1 1 1 0 0 0 0 0 1 0 1 1 1 0 0 0 0 2 2 1 0 
0 2 0 0 1 2 2 1 2 0 0 0 2 1 0 2 2 1 2 1 1 2 0 2 1 1 2 0 0 0 0 2 0 0 2 2 0 0 2 2 1 2 0 0 1 1 1 0 1 2 
1 1 0 0 1 2 1 1 0 0 0 1 0 0 0 0 0 0 1 1 0 2 1 2 2 0 2 2 1 2 2 0 2 2 2 2 2 0 0 1 0 2 2 2 0 2 0 1 2 1 
2 2 0 0 0 2 0 0 0 2 2 0 1 1 2 1 1 1 2 0 0 0 1 1 0 2 0 0 2 0 0 0 2 2 1 2 1 0 1 1 1 2 2 2 2 2 1 1 1 1 
1 0 1 0 2 0 2 0 0 2 0 0 0 2 2 0 1 0 0 0 2 1 2 0 0 1 0 0 0 2 1 2 2 2 2 2 0 1 2 1 2 1 0 0 0 2 2 2 1 2 
2 1 2 2 0 1 0 1 2 1 1 1 2 0 0 2 0 2 0 1 2 2 1 1 2 2 0 2 1 2 1 2 2 2 2 2 2 2 0 0 1 1 0 2 2 0 0 1 0 1 
2 1 2 2 0 2 0 2 0 1 0 2 2 1 0 1 2 2 2 1 1 1 2 0 2 0 2 1 1 2 1 1 1 0 2 2 2 2 1 2 0 2 0 1 2 0 0 0 1 2 
1 0 0 0 1 2 0 1 2 1 2 1 1 1 0 2 1 1 1 1 1 0 1 0 2 2 0 0 0 0 2 2 1 0 2 1 2 2 0 2 0 2 1 2 0 0 2 1 0 2 
0 0 0 1 1 1 1 1 0 0 1 0 1 2 0 1 2 1 0 0 1 1 1 0 1 2 0 1 2 1 2 2 2 0 2 0 1 0 0 2 1 1 2 2 2 2 0 2 0 1 
1 0 2 2 2 0 1 1 2 2 2 0 2 2 0 1 2 0 1 0 1 1 0 1 2 1 1 0 2 0 0 0 1 0 1 0 2 1 0 1 0 2 1 1 1 0 1 0 1 0 
2 1 0 1 2 1 1 2 0 0 2 2 0 1 2 2 0 1 1 0 1 1 1 0 2 0 0 2 1 0 0 0 0 2 1 1 2 0 1 2 0 2 1 1 2 0 0 2 1 2 
2 0 1 0 0 2 2 2 0 1 0 2 2 2 2 1 0 0 1 1 0 0 1 0 2 0 2 2 1 2 0 0 0 1 0 0 0 2 1 2 2 2 1 1 2 0 1 0 0 2 
0 0 0 2 1 2 1 2 1 1 1 2 0 0 2 1 1 1 1 1 1 0 0 0 0 1 0 1 2 1 2 2 1 0 0 1 2 0 0 2 2 0 1 1 0 1 0 0 0 0 
0 1 2 0 2 0 1 1 0 1 0 2 0 0 2 2 0 0 2 2 1 1 2 2 2 2 1 1 1 0 2 0 0 0 0 0 1 0 0 0 1 2 1 2 2 0 2 1 2 1 
1 2 1 0 2 1 2 1 0 2 0 2 1 1 2 2 0 2 1 2 0 1 0 2 1 1 0 1 2 2 1 1 1 2 0 0 0 0 0 2 0 2 2 0 1 0 2 0 2 2 
2 0 2 2 1 0 1 1 0 2 1 0 1 2 2 0 0 1 0 1 1 1 1 1 0 2 0 2 2 1 2 2 1 0 0 0 1 1 1 2 0 1 1 2 1 2 2 1 2 0 
1 1 2 1 0 0 2 1 1 2 1 0 1 1 1 1 0 1 0 1 2 2 1 1 1 1 1 0 1 0 2 2 1 0 2 2 1 1 1 0 1 0 0 0 1 1 2 0 0 1 
2 2 1 1 2 2 0 0 1 1 1 2 1 0 1 2 2 0 0 0 2 0 1 0 2 0 2 1 0 1 0 1 2 0 0 0 1 1 1 2 1 0 1 2 0 0 2 0 1 0 
0 0 0 2 1 2 0 1 2 1 2 2 2 2 1 2 2 0 2 1 2 1 0 0 2 2 2 1 2 0 1 2 0 0 2 1 1 0 1 0 2 1 1 2 0 0 0 2 0 1 
2 1 1 2 2 2 0 2 0 1 0 1 2 2 2 0 0 0 2 1 2 2 1 1 0 1 2 1 1 1 0 0 2 0 0 0 2 1 0 1 2 2 1 0 2 0 1 0 0 2 
0 2 1 2 1 2 2 2 1 0 0 1 0 0 0 2 2 2 0 1 2 2 1 1 0 1 2 2 0 0 1 0 1 2 2 1 2 0 0 1 0 2 2 2 0 0 2 1 2 1 
0 0 1 0 1 0 2 2 2 1 2 1 2 1 1 0 2 1 2 1 1 2 1 0 0 0 1 0 0 0 1 1 0 2 2 0 1 1 2 2 1 0 2 1 0 0 2 2 0 2 
2 0 1 2 1 1 0 2 0 0 1 2 2 2 2 1 2 2 2 1 2 1 0 1 1 1 0 0 2 0 0 2 2 2 0 2 0 2 1 1 2 1 1 1 0 2 2 2 2 0 
0 2 0 1 1 1 1 0 0 1 0 2 1 2 0 1 0 2 0 0 1 2 0 0 2 2 1 2 2 1 0 2 1 2 0 2 1 1 2 1 0 1 0 1 1 2 0 1 1 1 
1 0 1 2 0 2 2 2 2 2 1 0 0 1 0 0 2 0 1 1 2 2 2 0 0 0 1 1 1 2 1 0 2 1 2 1 1 2 0 0 1 1 0 2 1 1 1 0 1 0 
1 0 1 0 0 0 0 1 0 0 1 2 2 2 2 2 0 0 2 0 1 2 2 0 0 0 1 1 0 2 2 2 1 0 0 1 1 2 2 2 1 0 1 0 2 2 1 1 2 1 
2 1 0 2 2 1 0 2 1 0 0 0 2 0 1 0 2 0 2 0 2 2 0 2 2 1 1 2 2 0 1 1 1 1 1 2 0 2 2 1 0 1 1 1 0 0 2 0 0 0 
1 1 2 0 0 0 0 0 1 0 0 1 0 2 1 1 1 1 0 2 1 0 2 0 1 1 0 0 2 0 0 1 0 1 1 0 1 1 1 2 0 1 0 1 2 0 0 0 0 0 
1 1 2 1 1 0 1 1 0 0 0 1 1 0 0 0 1 2 1 1 1 0 0 1 1 1 1 2 1 0 2 0 2 1 1 0 1 2 0 1 2 1 2 0 1 0 2 0 0 0 
1 0 2 1 0 1 2 1 2 0 2 2 0 0 2 2 0 2 2 0 2 1 0 2 2 1 0 0 0 0 2 1 2 2 1 2 1 0 2 2 0 0 0 1 2 0 1 2 2 2 
1 1 2 2 1 1 1 1 1 0 1 0 1 1 1 1 2 1 2 1 1 1 2 0 2 1 2 2 0 2 0 2 0 0 0 0 0 1 2 2 1 0 1 0 2 2 1 1 1 0 
2 2 1 1 0 2 2 1 2 2 1 0 2 1 2 1 2 2 0 2 2 0 0 2 0 2 2 1 1 2 2 0 2 1 2 2 0 2 2 0 1 2 2 1 2 2 2 2 2 0 
2 0 2 0 0 2 0 2 0 1 0 2 0 2 0 1 0 1 2 1 1 0 1 2 0 1 0 2 0 2 1 0 2 1 1 0 2 2 0 0 1 0 2 2 0 1 2 1 1 2 
1 1 2 2 0 1 1 2 0 2 2 2 0 2 0 0 1 2 1 1 0 2 2 1 2 0 2 0 0 1 0 2 0 0 0 0 0 2 2 2 1 2 1 1 2 0 1 0 0 1 
1 1 0 1 1 1 0 1 1 1 0 1 1 0 0 0 1 0 0 2 1 2 2 1 2 0 0 0 2 2 0 0 1 1 1 2 2 1 1 0 2 0 1 0 2 1 1 0 1 1 
1 2 2 2 2 0 0 1 2 2 0 1 2 2 2 1 0 2 0 1 2 2 1 1 2 1 1 2 1 2 2 2 0 1 2 0 2 1 2 0 2 1 0 0 2 1 0 0 0 1 
2 1 0 2 1 1 2 0 1 0 0 1 2 0 2 1 2 0 0 1 0 2 0 2 1 1 2 2 1 0 1 0 2 0 0 0 0 2 2 2 2 0 2 2 1 1 2 1 0 1 
1 2 1 0 1 2 2 1 1 2 0 1 2 1 1 0 0 0 2 1 2 2 1 2 2 2 2 2 0 2 2 0 0 2 2 0 0 2 0 2 1 2 2 1 2 1 1 2 2 1 
1 0 0 0 1 2 2 0 0 0 1 1 2 2 0 1 2 0 0 2 1 1 1 1 0 2 0 0 1 1 1 0 1 2 2 2 0 0 2 1 2 2 1 0 1 0 0 2 1 1 
0 1 1 1 0 1 1 0 0 1 1 1 1 1 0 2 0 2 1 1 0 1 0 1 2 0 0 1 1 1 2 2 2 2 0 1 0 2 1 2 1 0 1 1 1 1 0 0 2 2 
1 0 2 2 2 0 0 2 2 0 1 0 0 2 0 2 0 2 2 2 1 1 0 1 0 0 1 2 1 0 0 0 2 1 1 1 1 1 2 1 0 1 2 2 2 1 1 2 0 1 
2 1 1 1 1 1 1 0 0 1 0 0 1 1 1 0 2 1 2 2 0 1 1 1 1 2 2 2 2 2 2 0 1 2 2 1 0 2 1 0 2 0 0 0 1 0 2 0 1 0 
0 1 0 2 2 2 0 1 1 1 1 0 0 0 1 1 1 2 0 0 2 2 1 0 2 1 2 1 2 2 0 0 0 1 2 2 2 1 0 1 2 0 2 2 0 2 0 1 0 0 
0 0 1 2 0 1 2 1 0 0 0 0 2 0 0 1 1 0 2 0 2 1 0 2 0 2 0 2 0 1 0 1 2 2 2 0 2 2 2 2 2 2 2 2 1 1 2 1 2 1 
0 1 1 2 1 2 1 2 0 0 2 1 2 0 1 1 0 1 2 0 2 1 1 0 0 2 2 0 2 0 2 2 0 1 1 1 2 1 1 2 0 0 2 0 2 0 1 1 1 1 
0 2 2 1 2 0 1 0 0 2 1 0 1 0 0 2 2 0 0 0 0 1 2 1 2 1 0 2 2 1 0 0 0 1 1 0 0 0 0 1 2 0 1 0 0 2 2 1 2 0 
1 2 2 1 0 0 1 1 1 0 2 0 1 2 2 1 0 2 2 2 0 1 2 1 0 0 1 2 2 0 2 1 0 2 2 0 0 0 1 2 0 2 1 2 1 0 0 1 0 0 
0 0 2 2 2 1 1 1 0 0 1 0 0 1 2 0 1 1 2 2 0 1 0 1 2 0 2 1 0 0 0 0 0 1 2 2 1 1 2 0 1 2 1 1 2 2 0 1 2 2 
0 1 2 1 1 0 2 2 1 2 0 2 0 1 2 2 2 2 1 0 2 1 1 0 2 0 2 1 2 0 0 1 2 0 1 0 1 1 1 1 0 1 0 0 2 1 1 0 0 1 
0 1 2 1 2 1 2 2 2 1 2 0 1 2 1 0 0 0 1 2 1 1 2 1 0 1 2 2 1 0 1 0 2 1 1 0 1 2 0 1 2 0 2 1 1 0 1 1 1 2 
0 1 2 0 2 0 2 2 1 2 0 1 1 0 0 2 1 2 1 0 2 2 0 0 2 1 2 1 2 2 0 0 0 2 2 2 2 1 0 1 2 2 0 1 0 1 2 0 0 0 
1 2 1 1 0 1 0 1 1 1 2 0 0 2 0 1 0 2 2 1 1 2 1 2 1 0 1 1 1 0 2 2 2 1 2 0 2 0 1 0 1 1 0 0 2 1 2 0 2 0 
2 1 1 2 1 0 0 1 0 0 2 2 2 1 0 2 0 2 2 2 1 0 0 2 0 1 1 1 2 2 2 0 1 0 2 0 2 2 1 0 1 0 0 2 1 0 1 2 0 2 
1 0 1 0 2 1 0 2 0 0 2 1 0 1 1 0 0 0 1 2 1 0 0 1 1 2 1 1 1 2 0 1 1 1 2 0 1 2 0 2 0 1 1 1 2 2 1 1 0 1 
0 2 1 1 0 0 2 2 2 1 1 1 2 0 2 0 0 2 1 1 2 2 1 0 1 2 2 1 1 2 2 1 0 0 1 2 1 2 2 2 0 0 2 1 2 0 0 2 0 0 
2 2 2 1 0 2 0 2 2 1 0 0 0 1 0 1 1 0 1 0 1 1 1 0 0 0 2 1 1 0 0 1 2 2 0 1 0 0 2 0 0 0 2 0 1 1 2 1 1 1 
2 0 2 1 1 1 0 0 1 0 2 1 0 2 2 0 0 2 1 2 0 1 2 1 2 1 2 0 2 2 2 2 2 1 0 2 0 2 2 2 1 0 1 1 2 0 1 1 2 2 
0 0 0 0 2 2 2 0 1 2 2 1 1 1 1 1 1 1 0 1 2 2 0 2 2 2 0 2 1 2 1 1 2 0 0 1 1 0 2 2 1 0 1 0 2 2 0 2 0 1 
1 2 0 1 2 1 1 2 1 2 1 0 2 2 0 1 2 2 0 2 0 2 2 1 2 0 0 1 2 0 0 1 1 0 1 2 2 2 1 1 1 0 2 0 2 1 1 0 2 2 
2 0 1 0 1 0 1 2 1 2 1 1 2 0 0 1 2 2 1 0 2 0 0 1 2 0 1 0 2 1 1 1 0 0 1 2 0 2 2 2 2 0 1 1 2 0 0 0 0 1 
1 0 1 0 2 1 0 0 1 0 0 1 1 0 0 1 1 2 1 2 2 1 0 0 0 1 0 0 0 1 2 2 1 0 2 0 1 1 2 1 0 0 1 1 0 1 0 1 2 0 
2 0 1 0 0 1 0 1 0 2 2 2 1 2 1 1 1 0 1 2 2 2 2 2 2 2 0 0 1 1 0 1 0 2 0 1 0 0 2 1 1 1 2 1 2 1 0 1 1 1 
1 1 0 1 0 0 1 0 0 2 2 2 0 0 1 2 1 1 1 0 0 2 1 1 0 2 0 0 1 1 0 1 0 1 0 2 2 1 0 0 1 2 2 1 1 2 0 2 2 1 
1 1 0 0 1 1 1 2 2 0 1 1 0 0 2 0 1 1 2 2 0 1 0 1 0 0 1 2 0 2 1 1 2 1 1 1 0 1 1 1 2 1 0 1 1 0 2 1 1 1 
0 2 2 1 0 1 0 0 2 2 1 2 1 0 2 2 1 0 0 1 0 2 0 1 1 1 2 2 2 2 1 1 2 2 2 2 0 1 2 1 2 0 1 0 1 2 1 0 1 0 
1 2 0 1 0 2 2 2 2 1 1 1 0 2 2 2 2 0 1 1 2 2 0 2 2 2 1 0 2 0 2 2 2 2 2 2 1 1 1 1 2 2 0 2 2 2 1 1 0 0 
0 2 0 2 0 0 0 0 2 0 2 1 1 2 2 1 0 1 0 2 1 1 0 0 0 1 0 0 0 2 2 1 0 1 1 1 1 0 0 0 1 2 2 0 2 0 1 2 1 1 
1 0 2 0 1 0 1 2 1 2 2 0 2 2 2 0 0 2 0 2 0 2 1 1 2 0 2 1 0 1 2 0 1 0 0 2 0 0 2 2 2 1 1 1 2 1 2 0 2 1 
1 2 1 1 2 0 2 0 2 2 0 2 1 0 0 2 2 0 2 1 2 0 0 2 1 1 1 0 0 1 1 0 2 0 1 2 1 0 0 1 2 1 1 2 0 1 2 0 2 1 
2 2 0 0 0 2 1 0 0 2 1 1 0 0 2 1 2 1 1 2 0 1 2 2 1 0 2 0 2 2 0 0 1 2 2 0 2 0 0 0 0 2 2 0 0 2 2 2 1 1 
1 1 0 2 1 1 0 0 0 2 0 2 0 1 1 2 2 0 2 2 2 0 2 2 1 0 0 1 1 1 2 2 1 0 0 1 2 0 2 0 2 0 0 0 0 0 1 1 2 1 
2 2 2 2 2 1 0 2 0 1 0 2 0 2 1 0 1 2 2 2 0 1 1 0 0 2 1 2 2 1 0 2 2 2 1 1 1 2 2 0 1 1 1 2 0 0 0 2 0 2 
1 1 2 1 0 0 0 1 1 1 1 0 2 2 2 2 0 2 2 2 0 1 0 2 0 1 2 1 2 2 0 0 0 0 2 1 0 2 2 2 1 1 0 0 0 0 2 0 1 1 
2 1 1 0 2 1 2 2 0 0 2 2 1 0 1 1 2 1 0 0 1 1 0 1 1 2 0 2 2 0 0 1 0 0 0 2 0 1 2 1 0 1 1 0 1 2 0 2 2 0 
0 2 1 2 0 2 1 1 1 2 0 0 2 1 1 1 1 2 2 2 1 0 1 1 0 0 1 0 0 1 2 0 0 1 1 1 0 2 2 2 1 1 2 0 0 2 0 1 0 1 
0 1 0 1 0 0 1 1 2 2 0 2 2 0 2 0 2 1 0 1 1 0 0 2 2 1 0 2 2 1 1 0 0 2 2 0 1 1 0 2 0 0 1 2 1 1 1 0 2 2 
1 1 0 2 1 1 0 2 2 2 2 2 1 1 0 2 0 0 1 0 1 0 1 2 1 0 1 2 2 0 2 1 2 1 0 2 0 2 0 2 2 0 2 0 2 1 0 2 2 1 
1 1 2 1 0 2 2 2 0 1 0 1 0 2 2 0 1 0 1 2 2 2 2 1 2 0 0 1 2 2 0 0 1 0 2 2 1 1 1 0 2 1 2 1 0 2 1 1 2 1 
0 1 0 2 0 2 1 2 2 0 2 1 1 1 1 0 2 1 2 2 2 2 0 1 1 2 0 2 0 2 1 0 1 1 1 1 0 0 1 2 1 0 0 1 1 2 2 2 0 2 
2 2 1 1 1 2 0 2 2 2 0 2 1 1 0 2 2 1 0 0 2 0 1 1 0 0 1 2 2 2 0 0 2 1 1 1 1 0 0 2 1 1 0 0 1 1 0 1 2 0 
2 2 1 0 0 2 2 0 0 1 0 0 2 1 2 2 1 2 1 1 0 0 2 0 2 1 0 0 1 0 0 2 1 1 1 1 0 2 0 0 2 2 0 1 1 1 1 2 0 1 
1 0 0 0 2 0 2 2 0 0 2 1 0 0 0 0 2 0 1 0 1 0 1 2 1 1 0 0 2 2 1 1 0 0 0 1 2 1 1 1 1 2 2 0 0 1 0 2 1 2 
0 2 0 0 2 0 0 1 0 1 2 2 2 0 0 0 0 1 0 0 1 2 0 0 2 0 0 2 2 2 2 1 1 0 1 1 0 1 0 2 1 1 1 2 0 0 0 1 0 2 
0 2 2 1 2 1 1 2 0 2 1 0 0 2 0 1 0 1 2 2 0 2 2 1 2 0 2 2 2 2 1 0 0 0 1 1 2 2 2 2 1 0 0 1 2 1 2 0 1 1 
2 0 1 1 2 0 2 1 0 0 1 2 1 2 1 2 2 2 1 2 2 1 2 1 1 2 0 2 1 0 2 2 0 1 1 0 0 0 0 0 0 0 1 0 1 0 0 2 0 0 
2 1 2 2 1 2 1 0 1 2 0 2 2 0 0 0 0 1 2 1 2 0 0 0 1 2 0 0 2 2 1 0 1 1 2 0 1 2 2 2 1 2 0 2 2 1 0 1 1 0 
1 1 0 1 1 0 2 1 1 2 1 0 2 1 0 1 0 1 0 1 2 2 0 1 2 0 2 1 0 2 0 2 1 2 0 1 2 2 1 0 2 1 0 2 1 1 1 0 1 2 
0 2 2 0 0 0 2 2 2 2 0 1 0 1 1 2 0 0 1 1 0 2 1 2 2 0 1 0 1 0 1 2 1 0 1 1 0 0 0 1 1 0 0 1 1 1 0 1 1 1 
1 1 1 2 0 2 1 2 0 2 1 0 1 2 1 2 1 1 2 2 0 0 0 2 0 0 2 1 1 0 1 0 1 0 2 0 0 0 2 2 2 0 1 0 1 0 1 0 0 1 
0 0 1 1 1 1 0 2 2 2 0 2 1 1 2 0 1 0 0 0 0 2 1 2 2 2 1 1 2 1 1 2 2 2 0 1 0 1 1 1 2 2 2 1 0 2 1 1 1 0 
1 0 1 1 0 2 0 0 2 0 1 2 1 0 1 2 2 0 1 1 2 2 1 0 0 1 2 0 0 0 0 2 1 2 1 2 2 2 0 0 1 0 2 1 2 1 2 0 1 2 
1 2 2 1 2 1 0 1 1 1 0 1 2 1 2 2 1 2 1 1 2 0 2 2 1 1 0 0 2 2 2 2 2 0 0 0 0 1 2 1 2 1 1 0 1 1 1 2 0 0 
1 2 0 2 2 0 0 2 2 1 0 1 2 0 0 1 0 2 0 0 1 1 0 1 1 1 1 2 2 0 1 2 0 1 1 1 1 0 1 2 0 2 2 0 0 1 1 1 2 2 
2 1 2 0 1 2 0 1 0 1 2 0 2 1 2 2 0 2 2 2 0 1 1 2 1 1 2 0 1 2 1 1 0 1 2 1 2 0 0 0 0 2 0 2 1 2 1 0 0 2 
2 1 0 0 2 0 0 0 2 2 2 2 0 1 2 2 0 2 1 2 0 0 1 0 2 1 1 0 2 2 0 1 1 1 2 2 0 1 1 2 2 1 2 1 1 2 0 2 2 1 
1 0 0 1 0 0 2 1 2 1 2 0 2 0 2 0 1 0 2 0 1 2 1 0 2 1 1 0 2 1 2 0 2 1 2 0 2 0 2 0 2 2 1 2 2 2 1 1 0 0 
0 0 1 0 2 2 0 2 1 0 0 2 0 2 0 2 2 1 1 2 2 0 2 1 0 2 0 0 0 0 0 0 2 2 0 2 1 1 0 2 1 1 0 1 0 2 0 1 2 2 
1 0 2 0 0 0 2 2 0 1 2 1 0 1 0 1 1 2 1 1 1 0 1 0 1 2 0 2 0 0 1 2 1 2 0 0 0 2 2 0 2 1 1 2 1 1 1 0 2 2 
0 1 0 1 1 0 1 1 2 1 0 0 2 1 0 2 2 2 2 1 1 2 1 1 1 0 2 2 0 2 1 1 1 0 1 2 0 2 2 1 1 0 1 2 2 1 1 0 2 1 
1 0 0 0 2 0 2 1 0 2 0 0 1 2 2 0 1 0 1 1 1 0 2 1 2 1 0 0 0 1 1 0 1 0 1 2 2 0 1 0 2 0 2 0 2 1 2 0 1 0 
3 2
0 1 1 
1 0 1 
0 1 1 
0 1 1 
1 0 1 
0 1 1 
4 43
11 4 6 0 
24 14 9 19 
40 6 0 5 
13 19 25 11 
35 18 21 18 
33 21 9 29 
39 27 5 11 
30 39 27 12 
13 3
1 0 1 1 1 2 2 2 2 2 1 2 2 
0 2 1 0 1 1 1 0 1 2 2 0 0 
1 0 0 0 1 0 2 2 2 0 0 2 2 
0 2 0 0 0 1 0 0 1 0 1 1 0 
2 0 1 2 1 2 0 2 2 2 1 0 0 
2 2 0 0 2 0 1 2 0 0 0 1 2 
0 2 0 2 1 1 0 1 0 1 0 0 0 
1 1 1 0 2 1 2 1 2 0 2 0 0 
0 1 0 0 1 0 0 2 2 1 0 0 1 
1 2 1 2 0 0 1 1 0 2 0 0 2 
2 0 2 0 1 2 0 2 2 1 2 2 0 
0 2 1 2 0 2 1 2 0 2 0 2 1 
0 0 2 2 1 2 0 1 0 1 2 1 1 
2 0 1 0 2 2 2 2 0 1 1 2 2 
0 1 1 1 0 2 1 0 2 2 1 1 0 
2 2 0 1 0 2 1 2 2 0 2 1 0 
2 0 2 2 1 0 1 2 2 2 0 2 0 
1 1 0 0 1 0 1 1 2 0 0 0 0 
2 1 0 2 2 1 1 2 1 2 1 0 1 
1 0 2 1 0 0 1 0 1 0 0 1 2 
0 0 2 0 2 1 2 2 1 0 2 1 1 
1 0 1 0 1 0 2 1 0 2 1 1 2 
1 2 2 0 0 0 1 2 0 1 1 1 0 
2 1 0 2 2 2 0 1 0 1 1 0 1 
1 1 2 1 1 1 1 1 0 0 1 1 0 
0 0 0 2 0 1 1 1 0 0 1 1 2 
50 11
7 9 3 9 5 2 7 4 7 7 7 9 1 10 8 2 7 7 4 10 10 7 6 9 4 8 3 6 6 8 8 1 0 8 4 0 7 1 5 3 7 1 0 4 5 7 6 7 7 3 
1 5 4 0 7 5 4 5 9 1 3 9 4 1 0 4 5 4 8 1 7 2 0 6 10 6 7 5 7 9 9 10 7 8 7 9 0 0 8 8 8 7 0 0 6 10 1 0 3 8 
5 10 0 5 7 0 9 2 2 8 3 2 0 4 5 10 2 1 0 0 7 2 4 0 2 4 0 4 6 10 3 1 5 4 6 8 10 2 8 3 3 6 3 2 3 1 5 5 1 5 
0 5 3 10 9 1 10 9 2 2 4 1 8 6 1 10 7 3 7 5 9 5 0 10 4 8 2 2 4 2 9 5 2 7 7 2 1 6 10 8 5 1 3 2 7 5 8 4 1 1 
5 5 0 7 4 1 8 10 2 9 9 6 3 9 8 4 8 1 8 5 4 6 4 9 6 3 3 8 8 2 9 4 3 8 0 1 3 6 3 6 2 6 1 6 4 5 2 8 4 9 
10 9 5 5 4 3 4 5 0 8 1 10 0 8 2 0 10 0 7 8 3 4 4 8 3 5 10 6 8 8 6 10 5 7 5 4 9 0 1 3 0 5 8 10 7 3 9 8 6 4 
8 8 6 0 7 4 9 5 10 9 2 1 3 8 3 7 8 4 9 0 7 3 4 5 5 0 4 3 7 4 2 3 9 6 6 0 1 7 0 6 4 8 1 6 4 3 9 9 0 5 
1 7 10 0 3 3 0 8 10 7 0 8 2 7 8 4 6 5 7 2 3 5 7 6 1 10 9 9 9 9 7 1 5 4 5 10 9 4 2 3 1 6 4 2 10 5 7 9 4 3 
8 7 0 8 8 4 8 4 9 9 9 10 7 4 2 7 4 4 1 5 2 10 8 6 10 1 2 2 0 10 0 1 10 7 6 5 5 1 7 3 7 4 6 6 1 3 9 4 2 5 
3 5 2 6 2 6 8 4 0 5 10 0 9 2 5 1 3 5 0 9 0 10 1 8 2 8 10 5 10 8 8 7 8 0 10 6 6 5 6 1 3 1 7 0 6 1 8 3 4 7 
6 5 5 7 1 7 7 7 5 9 5 2 8 1 8 9 8 9 9 1 4 8 5 2 6 0 0 1 6 7 1 7 6 9 8 2 10 3 9 3 2 9 10 8 3 10 4 10 9 10 
5 6 1 9 10 6 2 6 9 4 6 9 5 4 3 6 3 6 7 7 9 7 0 1 2 2 4 5 5 5 8 6 0 6 5 3 10 5 10 3 5 10 0 0 9 6 9 2 8 7 
9 1 5 2 5 3 0 4 4 8 1 0 5 8 8 1 5 1 9 1 8 1 6 2 10 2 4 6 9 1 0 3 5 3 4 10 0 0 10 4 2 4 0 2 1 7 0 1 7 6 
5 6 0 7 9 8 8 8 0 7 6 4 6 7 8 7 7 3 8 9 5 3 9 10 7 10 4 5 9 3 7 5 7 4 1 7 9 0 1 9 2 6 3 2 0 7 10 2 9 2 
3 10 6 5 5 9 1 8 1 4 7 7 8 10 1 9 8 1 4 6 9 6 0 9 8 6 6 10 2 9 7 8 5 5 8 2 9 5 0 0 8 5 9 4 1 4 8 0 9 5 
6 1 0 10 10 2 0 10 8 1 10 0 1 2 8 7 8 7 3 3 9 8 9 10 2 7 10 3 9 3 0 3 7 3 5 3 7 9 7 7 0 0 7 2 0 0 1 4 1 6 
8 0 3 8 6 6 8 0 1 1 6 10 4 6 3 0 2 9 6 6 1 4 2 7 6 7 5 5 3 8 0 3 10 8 2 3 6 2 8 9 7 10 2 10 6 4 8 9 7 1 
6 1 7 8 9 0 2 2 6 5 1 4 8 1 8 6 9 1 7 5 1 8 1 7 7 9 6 0 6 6 8 4 3 7 0 8 1 8 9 5 9 10 2 7 2 10 1 9 0 5 
6 2 3 2 7 7 3 0 7 4 2 5 8 10 9 3 5 5 0 5 5 8 0 3 9 1 4 9 1 8 8 2 9 9 7 4 2 7 10 7 10 6 6 4 4 0 10 9 8 9 
5 3 3 1 2 6 5 0 2 0 6 3 6 8 10 5 8 10 4 0 2 1 9 3 1 8 4 9 10 8 5 5 6 1 1 2 2 0 6 1 10 3 1 9 0 3 2 6 10 3 
10 9 3 8 10 2 1 0 5 4 5 2 2 6 1 5 7 1 9 7 2 9 3 2 8 4 3 5 4 3 9 1 1 8 8 2 10 1 4 8 4 0 10 1 2 6 3 1 5 5 
8 3 3 0 1 1 10 10 6 2 7 7 0 2 2 8 1 3 0 9 9 7 8 6 1 4 4 2 9 0 9 1 7 3 0 0 5 8 10 8 1 6 7 3 9 0 8 7 10 2 
2 8 6 3 4 5 9 1 5 2 2 5 4 2 0 8 5 3 3 7 2 0 8 10 10 3 0 4 3 9 1 3 8 9 1 8 7 10 1 10 0 6 10 2 1 3 9 8 9 5 
2 6 10 6 0 5 3 8 1 1 4 9 5 6 8 2 1 3 1 6 4 1 5 9 0 4 2 0 2 9 6 9 7 0 8 4 0 3 7 1 2 2 1 4 0 5 2 7 10 5 
4 3 3 8 8 5 0 8 4 4 9 2 7 4 8 0 9 3 2 8 6 8 10 3 4 5 0 3 9 5 2 2 1 7 5 6 1 8 7 10 6 9 9 10 2 6 8 9 2 9 
4 7 5 5 4 6 7 9 10 7 10 4 4 10 3 9 4 4 9 8 7 1 8 1 0 7 8 6 1 7 7 6 8 10 7 0 3 3 2 2 10 5 3 6 5 9 1 6 4 9 
7 4 3 1 1 8 2 10 9 9 5 0 3 1 7 5 10 3 4 0 4 9 7 6 5 10 4 5 7 8 10 7 0 10 2 1 9 2 10 2 8 1 10 1 1 8 3 0 3 7 
3 7 9 10 4 6 8 10 4 9 3 6 9 0 1 0 0 2 2 8 8 7 4 0 7 7 9 0 8 1 1 0 1 3 4 3 2 3 3 4 3 0 8 5 0 7 6 1 7 7 
3 10 2 4 2 7 8 5 4 9 6 5 5 3 10 10 7 5 9 10 2 8 8 9 5 3 1 10 1 3 6 6 4 3 9 3 0 0 6 9 10 5 0 0 2 9 5 6 2 8 
4 3 2 1 6 4 10 7 2 8 3 5 9 5 6 2 1 3 5 5 1 0 8 5 10 0 4 8 1 10 6 9 0 0 5 5 2 2 8 5 0 7 3 2 7 8 1 8 9 5 
4 5 7 2 5 2 5 4 3 8 10 8 0 3 8 9 10 4 5 5 6 3 5 10 6 2 8 0 1 0 10 10 9 5 1 2 3 2 1 2 6 4 7 8 8 2 8 1 2 10 
7 6 1 8 2 4 0 10 6 2 1 8 3 7 9 8 3 5 5 5 8 7 3 7 5 8 8 0 0 10 7 5 8 9 2 3 6 0 1 1 5 8 8 1 2 9 8 4 4 9 
5 1 10 2 9 0 3 1 5 2 1 0 4 3 0 9 10 1 0 0 2 6 5 8 1 8 7 5 9 8 3 7 0 0 3 8 4 5 9 1 4 0 6 6 7 8 2 4 1 0 
7 8 2 7 5 1 7 7 10 10 1 5 3 1 10 7 6 3 5 8 1 5 3 1 10 5 4 3 9 10 4 2 10 2 4 10 4 6 1 0 6 7 8 0 0 9 10 9 5 7 
6 1 0 8 1 7 4 2 9 5 5 6 3 3 2 1 1 8 9 5 6 2 7 10 6 6 2 8 0 0 3 0 10 2 6 3 4 1 3 6 9 2 2 3 2 9 0 10 5 8 
3 9 0 8 5 7 8 9 4 6 0 9 2 0 1 0 7 3 9 10 8 2 5 7 4 0 1 1 7 9 3 8 10 1 4 10 0 4 0 2 4 10 0 3 1 3 4 4 9 0 
10 2 0 2 1 6 5 5 9 4 2 10 10 8 9 8 4 10 10 10 0 0 3 3 5 1 0 7 4 9 6 4 1 1 5 5 3 9 3 10 8 5 6 3 6 1 4 3 3 1 
8 6 4 8 7 1 1 3 4 3 7 4 10 9 6 5 7 4 10 7 0 1 7 5 9 6 9 3 0 0 2 6 4 3 0 0 3 9 10 6 4 0 10 9 3 2 2 1 7 9 
5 8 0 1 6 8 2 5 3 4 3 8 5 0 0 4 8 9 5 10 1 1 9 10 5 0 6 5 7 2 7 5 9 10 4 10 4 10 6 4 4 0 3 2 10 0 9 10 3 1 
6 3 0 2 6 5 9 1 3 0 5 6 3 9 2 8 2 4 6 2 7 9 0 9 9 4 6 4 2 0 5 8 7 7 8 0 9 10 1 10 5 5 0 5 4 7 4 6 7 9 
0 9 5 7 10 3 4 5 10 0 4 5 9 6 4 8 9 0 2 3 7 8 0 5 5 2 6 6 9 5 8 9 6 2 6 4 10 10 5 10 5 2 7 7 5 1 7 10 7 2 
0 9 10 0 1 7 0 7 8 5 10 3 4 5 7 1 3 9 8 4 2 2 9 6 4 6 3 10 9 10 4 6 9 9 8 3 1 8 5 5 1 5 5 10 6 1 6 7 9 0 
4 5 6 3 10 9 6 6 4 5 0 8 0 9 2 7 2 1 7 5 3 1 6 6 7 5 5 0 8 8 8 6 3 5 7 4 9 7 3 10 10 4 7 9 10 8 3 1 2 1 
3 3 6 6 7 4 9 6 6 1 8 7 6 7 7 10 3 5 9 4 3 7 9 5 6 9 5 7 8 5 9 4 0 6 6 6 6 10 7 10 4 8 1 9 10 2 6 8 2 6 
9 1 7 2 6 2 9 2 8 7 4 8 4 5 1 8 0 3 8 1 2 9 7 10 3 3 6 4 6 4 6 6 7 1 9 4 2 3 8 4 9 6 7 3 2 3 3 2 10 1 
4 3 1 6 0 2 10 10 0 8 1 8 8 8 0 0 6 7 6 8 7 4 0 4 4 6 6 9 9 3 4 10 8 0 4 1 0 9 4 3 0 8 8 9 4 5 2 3 7 3 
8 8 3 7 4 6 9 5 1 0 10 0 8 9 7 3 9 2 3 4 1 2 3 5 8 8 9 9 5 5 4 6 5 1 2 9 4 8 3 5 9 7 8 6 4 8 5 6 10 7 
6 7 10 7 5 9 6 10 0 3 9 0 2 8 8 0 4 5 8 0 8 5 8 6 7 7 4 9 0 7 7 5 2 7 2 0 2 6 7 4 9 0 1 3 2 10 8 1 10 10 
10 4 0 2 9 6 6 1 3 7 6 6 0 8 2 6 9 6 4 8 1 9 9 2 7 1 6 6 7 1 5 4 6 3 6 4 5 2 4 0 9 1 1 8 1 1 1 8 6 8 
4 4 0 10 4 5 8 10 4 3 6 1 9 4 10 2 5 6 2 10 5 0 1 6 1 4 9 7 8 3 4 8 0 3 7 7 5 3 5 9 5 10 8 0 8 10 6 6 7 1 
2 7 3 2 10 2 1 4 0 9 9 2 4 5 8 9 4 0 8 9 2 2 4 9 8 4 7 5 5 5 3 8 5 3 1 2 9 3 2 2 3 10 10 9 0 9 0 2 8 1 
8 3 4 3 7 10 3 9 2 6 5 5 10 10 3 2 9 3 7 3 9 1 3 8 5 4 6 7 8 2 2 0 9 10 5 2 1 1 2 1 6 4 2 1 4 0 4 6 2 9 
0 0 3 3 0 0 1 10 6 8 8 8 8 3 1 3 3 2 10 1 7 4 4 7 6 9 5 8 10 1 5 0 6 7 7 8 7 7 4 2 2 8 1 10 2 7 10 1 2 8 
7 1 0 9 2 10 0 2 7 8 4 5 3 10 4 5 3 5 6 0 1 1 6 4 10 3 6 9 10 5 1 4 1 1 1 9 2 3 10 1 5 2 0 7 8 8 6 2 8 8 
2 5 10 4 1 9 6 6 6 3 6 7 9 10 2 3 6 5 0 5 0 0 2 5 4 7 4 9 3 2 9 2 3 6 3 6 9 8 4 3 10 1 2 7 9 9 3 10 5 4 
5 8 0 0 8 1 8 6 2 0 9 6 3 9 7 0 6 9 10 9 5 3 4 2 8 5 4 4 7 3 9 4 8 9 4 10 2 10 0 6 0 4 0 3 0 0 9 5 6 5 
0 0 6 4 3 7 0 9 4 2 9 8 9 1 8 3 8 5 5 7 6 4 1 3 6 2 8 6 6 9 8 6 3 7 2 0 10 3 7 10 3 6 10 0 4 8 0 4 2 1 
0 10 0 9 4 9 0 4 1 0 5 3 5 4 0 5 2 9 8 4 6 6 6 5 3 8 5 5 2 5 3 1 7 0 6 8 0 6 10 4 0 7 6 1 7 5 9 8 5 9 
7 1 2 10 1 9 6 6 4 10 9 7 5 5 3 1 1 3 6 2 1 5 7 9 2 9 10 3 6 3 10 10 1 3 1 9 0 3 4 6 7 4 8 1 6 3 2 6 7 6 
1 5 5 2 0 5 7 10 0 7 2 0 10 4 7 8 5 1 0 9 8 8 1 8 10 7 7 8 0 10 0 1 6 10 1 5 2 7 6 1 3 6 8 1 7 8 10 0 8 4 
8 7 7 10 0 7 1 2 4 0 3 9 5 5 7 1 9 8 1 9 9 2 7 0 10 5 3 4 1 3 2 8 4 6 1 9 0 9 3 10 4 1 6 10 0 0 6 6 3 6 
5 0 7 6 1 2 3 9 3 10 5 10 5 8 7 0 5 1 7 6 6 4 3 9 9 2 4 8 4 1 6 0 9 9 8 2 7 3 0 0 3 1 0 0 3 0 8 4 9 2 
5 4 6 10 4 0 1 5 5 9 2 0 0 6 1 9 4 9 8 1 0 10 5 2 6 0 1 5 3 9 9 3 4 2 6 6 8 9 6 4 6 2 5 0 8 0 10 5 6 1 
6 7 10 0 5 2 9 8 8 1 8 6 3 3 4 3 4 7 6 6 6 6 1 10 8 1 10 1 6 10 10 9 8 4 2 3 5 4 3 2 1 10 7 8 5 8 2 7 4 8 
3 4 7 10 0 10 1 3 8 2 7 0 10 0 9 9 5 4 7 5 6 7 5 3 7 8 4 1 6 2 4 3 3 3 1 8 6 4 7 2 10 4 7 2 9 6 6 1 6 10 
2 8 6 6 7 9 7 7 5 5 8 3 0 4 5 2 5 9 4 7 7 0 1 0 3 2 2 6 0 8 7 3 3 3 1 3 2 3 5 10 7 3 2 9 3 8 6 3 7 7 
3 0 6 0 7 8 1 0 1 1 3 0 5 9 2 5 5 10 2 4 2 4 1 7 9 4 6 0 4 7 2 3 4 8 0 1 5 7 9 5 5 3 5 5 2 5 2 9 8 6 
8 2 9 8 10 1 3 4 3 7 10 2 9 7 4 6 6 8 6 3 4 3 1 6 4 1 1 6 3 0 0 6 5 0 0 9 0 5 10 3 1 2 1 5 10 10 3 9 1 6 
1 8 1 6 6 5 5 9 2 9 4 5 5 4 2 4 3 1 0 10 0 1 5 8 0 5 2 6 5 4 1 3 9 10 6 0 4 10 2 10 9 2 7 6 2 6 3 9 9 1 
3 10 1 4 0 1 1 0 4 2 2 7 1 5 5 1 5 10 0 0 8 8 3 2 10 8 3 4 10 3 4 2 6 0 8 2 7 7 7 5 10 3 9 9 7 1 8 3 7 3 
0 1 6 2 3 2 4 9 1 9 9 0 4 1 5 7 7 7 3 3 1 1 10 3 6 4 10 3 8 0 8 9 1 9 8 0 2 6 8 1 8 9 8 7 7 4 4 9 0 0 
0 10 5 10 8 10 9 1 8 9 1 5 4 10 6 6 1 0 4 7 8 7 9 6 6 7 7 9 4 10 8 8 1 9 3 4 4 2 4 7 10 3 9 0 2 10 5 7 3 0 
4 2 2 5 6 4 2 1 9 0 7 4 2 5 4 0 10 10 2 5 1 10 2 10 0 4 5 1 1 4 10 8 4 5 1 10 9 9 3 0 6 5 6 8 7 8 0 4 6 2 
4 8 10 0 9 1 6 8 1 1 5 6 7 7 9 5 0 6 1 1 8 8 0 8 9 2 0 8 5 10 0 7 1 1 5 9 0 3 8 9 10 6 2 6 10 2 3 4 5 9 
5 3 10 2 2 8 2 5 6 9 10 7 5 4 1 7 10 9 5 4 2 7 8 1 6 7 7 7 6 10 6 8 0 9 7 9 9 0 4 5 8 6 9 9 6 4 6 0 0 5 
10 6 3 2 2 1 7 1 6 3 3 1 9 5 0 6 10 0 4 9 3 2 3 1 1 10 3 6 7 7 1 1 8 0 9 1 0 4 5 3 4 9 5 10 5 6 8 9 2 6 
1 8 3 8 9 3 10 1 3 8 5 2 0 1 9 9 1 7 0 0 9 10 8 4 0 4 8 0 10 7 7 8 9 1 2 9 7 3 3 6 5 9 0 0 4 4 4 1 2 4 
0 10 2 7 10 0 4 2 6 5 2 9 4 9 7 7 7 4 10 5 3 5 1 4 7 8 9 8 7 3 10 2 8 2 9 1 4 9 2 2 0 1 6 10 6 0 7 1 3 2 
8 8 7 2 0 6 9 9 6 7 9 10 9 7 10 2 0 10 0 7 7 8 2 8 8 1 8 5 5 0 10 10 3 0 8 3 7 0 6 3 6 10 6 3 0 5 0 1 3 4 
10 0 9 10 10 7 9 4 2 1 1 1 4 4 1 8 1 0 2 7 10 1 8 7 8 7 8 6 8 5 0 2 7 9 6 4 5 0 8 6 8 0 6 5 1 2 10 1 4 4 
3 3 4 0 8 8 3 0 9 2 4 2 3 1 8 1 3 7 2 8 8 3 1 2 6 6 0 1 4 5 9 0 2 3 9 3 0 9 1 8 1 1 1 1 5 0 10 3 4 9 
5 9 7 10 9 5 8 3 8 3 6 10 6 5 7 6 9 2 0 5 7 0 7 6 3 6 8 7 10 1 0 6 4 9 3 3 8 7 2 5 8 9 10 5 2 1 7 2 7 4 
2 4 2 0 2 4 7 0 7 1 8 4 8 2 4 10 0 0 9 2 2 9 8 7 5 3 7 6 0 1 5 1 7 1 10 3 5 1 9 9 10 2 1 10 5 9 4 0 0 5 
3 9 5 9 0 1 1 0 6 3 3 4 8 9 1 8 0 1 5 5 6 7 4 9 3 3 5 5 0 5 6 5 2 8 9 2 10 5 6 4 4 6 6 3 8 3 0 4 6 3 
8 7 7 8 2 3 3 1 6 6 3 10 3 4 0 9 5 1 2 2 6 5 0 7 7 5 7 10 5 2 5 2 8 2 5 1 10 10 2 10 2 4 1 8 6 2 3 4 5 5 
4 2 5 5 8 2 4 4 6 10 7 6 7 9 5 8 6 9 6 8 3 6 9 1 10 5 10 7 8 8 1 4 6 5 1 3 3 2 4 3 0 10 8 2 8 1 0 1 8 9 
3 10 6 10 6 8 5 4 3 7 6 3 2 4 1 2 4 5 5 6 0 5 1 6 10 4 2 3 7 8 4 8 10 3 5 10 8 7 1 3 5 8 1 6 9 9 3 10 6 8 
4 2 4 6 6 1 2 6 1 6 5 1 2 1 0 4 2 4 4 1 3 9 3 10 2 7 1 9 5 8 1 8 2 3 0 9 0 7 9 2 0 3 0 5 6 1 6 9 4 3 
9 5 5 7 10 1 0 0 7 6 3 6 4 2 10 0 8 2 9 3 10 10 6 0 5 5 6 0 5 10 10 5 6 7 0 4 1 3 0 0 8 7 3 5 7 9 8 2 7 5 
0 5 8 7 2 2 7 1 8 1 4 8 3 2 5 9 3 5 7 1 1 0 3 9 8 9 6 1 4 1 3 6 8 6 10 10 5 9 0 6 5 2 7 7 0 0 4 1 5 4 
6 7 2 9 6 4 10 10 4 2 10 5 0 10 6 9 4 8 3 10 5 8 0 10 4 3 2 10 7 9 9 10 6 0 2 5 8 6 3 0 8 5 8 9 9 6 6 8 5 3 
0 5 7 2 9 8 1 10 3 10 0 6 10 8 8 2 5 0 1 6 0 0 4 3 1 7 5 7 0 6 6 1 1 3 8 2 4 7 5 4 9 7 5 0 5 0 4 1 4 3 
2 10 2 2 4 7 2 5 7 6 7 2 10 2 8 2 5 4 5 8 5 7 1 6 0 3 9 3 6 8 1 10 6 10 3 3 5 9 1 9 0 0 7 4 1 10 9 1 3 4 
10 5 0 1 4 5 7 10 1 2 8 0 4 2 2 1 1 3 0 1 6 0 0 3 3 9 2 5 3 2 4 6 3 3 2 2 1 5 8 10 1 8 6 1 6 7 1 0 9 3 
2 7 10 4 9 2 4 0 9 4 8 7 9 0 4 4 0 1 8 8 10 9 2 5 7 4 6 10 7 2 6 4 0 1 0 8 9 8 10 7 6 1 7 6 2 3 6 0 0 4 
0 10 6 6 6 6 7 10 3 8 3 7 5 6 2 10 1 5 4 1 0 7 5 4 4 1 1 7 6 8 5 1 1 8 3 2 8 4 8 0 8 4 1 10 3 7 10 5 4 4 
8 6 3 4 2 10 6 2 1 7 4 1 8 4 4 4 6 5 6 1 2 7 10 4 3 10 4 5 6 7 1 7 9 4 6 1 5 1 9 10 9 8 2 4 5 7 8 2 3 4 
1 6 2 1 3 10 0 2 8 4 0 5 8 5 1 7 9 8 8 3 6 10 2 7 6 6 4 3 4 3 1 1 9 7 5 7 4 0 4 10 2 9 2 2 9 9 9 7 5 0 
5 8 2 1 1 7 1 1 3 7 5 10 2 2 5 8 2 7 2 8 5 6 5 9 6 3 2 0 8 8 8 3 8 0 9 1 4 4 8 5 8 0 6 6 2 10 7 4 0 4 
9 7 8 10 8 6 3 8 7 5 8 9 5 0 2 6 10 7 6 3 6 2 9 7 2 10 3 9 5 4 6 7 8 10 9 9 5 7 5 10 8 4 8 1 2 1 1 9 10 2 
11 53
17 41 22 36 16 33 5 23 41 30 28 
16 42 41 13 30 32 19 46 6 39 51 
43 28 12 22 38 27 17 46 1 7 45 
23 10 24 35 21 1 33 12 47 45 30 
49 2 14 34 23 20 51 22 27 19 34 
49 4 29 10 49 45 10 1 32 36 35 
22 32 35 45 17 35 50 48 0 1 26 
31 23 41 47 51 35 49 43 6 35 46 
23 33 33 17 23 33 6 52 28 41 17 
13 25 2 0 3 16 0 14 46 45 17 
25 20 38 43 9 1 23 21 35 48 50 
4 31 5 25 36 17 40 43 29 20 11 
27 20 19 35 9 48 11 40 6 23 6 
14 7 4 34 51 28 45 40 5 7 9 
48 45 24 39 36 11 7 28 23 0 35 
7 51 36 31 35 21 27 27 41 30 16 
38 44 10 27 38 14 42 0 0 22 34 
41 2 7 51 44 28 20 33 29 5 16 
7 52 6 34 7 0 6 34 43 45 43 
34 44 25 11 15 29 17 20 14 5 19 
13 38 29 33 37 17 29 17 40 24 25 
20 0 11 23 31 50 10 10 14 42 17 
5 53
32 10 43 10 39 
27 24 45 17 8 
19 22 15 32 32 
30 21 51 36 40 
11 18 43 43 42 
15 7 2 27 2 
29 49 50 37 4 
7 49 51 22 9 
51 37 50 25 16 
7 7 19 24 17 
37 2
1 0 1 1 0 1 1 0 1 0 1 0 0 0 0 0 0 1 0 1 0 1 1 1 1 1 0 0 0 1 1 1 0 0 0 1 0 
1 0 1 1 1 0 0 0 1 1 1 0 0 1 0 0 1 0 1 0 1 0 1 0 0 0 1 1 0 0 1 0 0 0 0 1 0 
1 0 0 0 1 0 1 1 1 0 0 0 1 0 1 0 0 0 1 1 1 0 1 1 1 1 0 1 1 1 1 0 1 0 0 0 0 
1 0 1 1 0 0 0 1 1 1 1 1 1 0 0 1 0 1 1 1 0 1 1 0 0 1 0 0 0 1 1 1 0 1 1 0 1 
1 1 1 0 1 0 0 1 0 0 1 1 1 0 0 0 0 1 1 0 0 0 1 1 1 1 0 0 1 0 1 0 0 1 0 0 1 
1 0 0 0 1 0 1 1 1 1 1 0 1 1 1 1 1 1 0 1 0 0 0 0 1 0 1 1 0 1 1 0 1 1 1 0 1 
0 1 0 1 0 1 0 1 0 1 0 0 0 1 0 0 1 0 1 0 1 0 0 0 1 0 0 0 1 0 0 0 1 0 0 0 1 
1 0 0 1 1 1 0 1 1 1 1 0 1 0 1 0 0 1 1 1 1 1 1 0 1 0 0 1 1 0 0 0 0 1 0 0 0 
0 0 1 0 1 1 1 1 0 0 0 1 0 0 0 1 1 0 0 1 1 0 1 0 1 1 0 0 1 1 1 0 0 1 0 0 0 
1 0 1 0 1 0 0 1 0 0 1 1 0 0 1 0 1 0 1 0 1 0 0 0 1 1 0 1 0 1 1 1 0 1 1 0 0 
0 1 1 1 0 0 1 0 0 0 0 0 1 0 1 1 1 0 0 0 0 1 0 0 1 0 1 0 1 0 0 0 0 1 1 0 0 
1 0 1 1 0 1 1 0 1 1 1 0 1 1 1 0 0 1 0 1 0 0 0 1 1 1 1 1 1 0 1 0 1 0 1 1 0 
1 0 1 0 1 0 1 1 1 1 1 0 1 0 0 1 1 1 1 0 1 1 0 0 0 1 1 1 1 0 1 1 1 0 0 1 1 
1 0 0 1 0 0 1 1 0 1 1 1 1 0 1 1 1 0 0 0 0 0 1 0 1 1 0 0 0 0 1 1 1 1 1 0 1 
1 1 0 0 1 1 1 1 1 0 1 1 0 1 0 0 1 1 0 0 0 1 0 1 0 0 1 0 0 0 1 1 1 0 0 0 0 
0 0 1 0 1 0 0 1 1 0 1 0 1 1 0 1 1 1 1 0 0 1 1 0 1 0 0 0 1 0 1 0 1 0 1 0 1 
1 0 1 1 1 1 0 0 0 0 1 1 1 0 0 0 0 1 0 0 0 0 1 0 0 1 1 0 0 1 1 0 1 0 1 1 1 
0 1 1 1 1 1 1 1 1 0 0 1 0 1 1 1 0 1 1 0 0 1 1 1 0 0 0 1 1 0 1 1 1 0 1 0 0 
1 0 1 1 0 0 0 0 0 1 1 0 1 0 1 0 0 0 0 1 0 1 0 0 1 1 1 0 1 0 1 0 1 1 1 1 1 
1 0 1 0 1 0 0 1 1 0 1 1 0 1 0 1 1 0 0 1 1 1 0 0 1 0 1 0 0 0 1 0 0 0 1 0 1 
0 1 1 1 0 1 0 0 0 0 0 0 1 1 0 0 0 0 1 1 0 1 1 1 1 1 1 0 1 0 0 1 1 1 1 0 0 
0 0 1 0 1 0 0 0 0 1 1 0 1 1 0 0 1 1 0 1 0 1 0 0 0 1 0 1 1 0 1 0 1 1 1 1 0 
1 0 1 0 0 1 0 0 1 0 1 1 0 0 1 0 0 0 1 1 0 0 1 0 1 0 0 0 1 0 0 1 1 0 0 0 0 
0 0 0 0 0 0 1 0 1 1 1 0 1 1 0 0 0 0 1 0 1 1 1 1 0 1 0 1 0 1 0 1 1 1 1 1 1 
1 0 1 0 0 1 0 0 1 0 0 0 1 0 1 0 1 0 0 1 1 0 1 1 1 0 1 1 1 1 0 0 1 1 1 0 0 
0 0 0 0 1 0 0 1 0 1 0 0 1 0 1 0 0 1 1 0 0 0 0 1 1 0 1 0 0 1 0 0 1 1 1 1 1 
1 0 0 0 1 1 0 0 1 1 1 1 1 0 1 1 0 1 1 1 1 0 1 0 0 1 1 0 1 0 0 0 1 0 0 1 1 
0 1 1 1 1 1 0 0 0 1 0 1 1 1 0 1 0 1 1 1 1 0 0 1 1 0 1 0 1 0 1 1 1 1 0 1 0 
0 1 1 1 1 0 1 1 1 1 1 1 0 1 0 0 1 1 0 0 0 0 0 1 1 0 1 1 0 0 1 1 1 1 1 1 0 
1 1 1 1 1 0 0 0 1 1 1 0 1 0 0 1 1 0 1 0 1 0 0 1 0 1 0 0 1 0 1 1 1 1 0 0 1 
0 0 1 0 1 0 1 0 0 0 1 0 0 1 0 1 0 1 1 1 0 1 1 1 1 0 0 1 1 1 0 0 1 1 1 0 0 
0 1 1 1 1 0 0 1 0 0 0 1 0 1 1 1 0 0 1 0 0 0 1 0 0 0 0 0 0 0 1 0 0 1 0 1 1 
0 0 1 0 0 0 1 0 1 0 0 0 0 1 1 0 0 0 1 0 1 0 1 0 0 0 1 1 1 0 0 1 1 1 0 0 1 
1 0 0 0 0 0 0 1 1 0 0 1 1 1 1 0 1 0 0 1 1 1 1 0 0 1 1 1 1 0 0 0 0 0 1 0 0 
0 0 1 1 1 0 0 0 1 0 1 0 0 0 1 1 0 1 1 1 0 0 0 0 0 0 0 0 1 0 1 1 1 0 1 0 1 
1 1 1 0 0 1 1 0 1 1 0 1 0 1 1 1 0 1 0 0 1 1 1 0 1 0 1 0 1 1 1 1 0 1 1 1 0 
0 1 1 0 0 1 1 0 0 1 1 0 0 0 1 0 0 1 1 0 0 0 1 1 0 1 1 1 1 1 0 0 0 0 0 1 1 
1 1 0 0 0 1 0 0 0 0 0 1 1 0 1 1 0 0 0 1 0 0 0 0 1 1 0 0 0 1 1 0 1 0 0 1 0 
1 0 1 1 0 0 1 0 0 0 0 0 0 1 1 0 0 1 1 1 1 1 1 0 1 0 1 0 0 1 0 0 1 0 0 1 1 
1 1 1 0 0 1 0 0 0 1 1 0 1 1 1 1 1 0 0 1 1 0 0 1 1 1 1 1 1 1 0 1 0 1 1 1 1 
1 0 0 0 0 0 0 1 0 0 1 0 0 0 1 1 0 0 0 1 0 0 1 1 0 1 1 1 0 0 0 1 0 0 0 1 1 
1 1 1 0 1 1 1 1 1 1 1 0 0 0 0 1 0 1 0 0 1 1 1 0 1 0 1 1 1 0 0 1 0 0 1 1 0 
1 1 1 0 1 1 1 1 1 0 0 1 0 1 0 0 0 1 1 0 0 1 0 0 0 1 0 0 1 0 1 0 1 1 1 0 0 
0 1 1 0 0 0 1 0 0 0 1 1 0 1 1 1 1 0 0 1 1 0 0 0 1 1 0 0 0 1 1 0 1 0 0 1 0 
1 0 1 0 1 1 1 0 0 1 1 0 0 0 1 0 0 1 1 0 1 0 1 1 0 1 0 1 1 1 1 1 1 1 0 1 0 
0 0 1 1 0 0 0 0 1 1 0 0 1 0 1 0 1 0 1 1 1 1 0 0 1 0 0 1 1 1 0 1 1 1 0 0 1 
1 0 1 0 0 0 1 1 1 0 0 1 0 1 1 0 1 1 1 0 0 0 1 1 1 0 1 0 0 1 1 1 0 0 0 1 1 
1 0 1 1 1 0 0 0 0 1 1 1 0 1 0 0 0 1 0 0 1 0 0 0 0 0 1 0 0 1 1 1 0 1 0 1 0 
1 1 0 0 1 0 1 0 1 0 0 0 0 0 0 0 1 0 1 1 0 0 0 0 0 0 1 0 1 1 0 1 0 1 1 0 1 
1 1 1 1 1 0 1 0 0 1 0 1 1 0 0 1 0 0 1 0 0 0 1 0 1 1 1 0 1 0 0 0 0 1 0 1 0 
0 0 0 1 1 1 1 1 0 1 1 0 0 0 0 1 1 0 0 1 1 0 1 0 0 0 1 0 0 1 0 0 0 1 0 1 0 
1 1 0 0 0 1 0 1 1 1 1 1 1 1 0 1 0 0 0 0 0 0 1 0 0 1 0 1 0 1 1 1 0 0 1 0 0 
1 0 1 1 1 0 0 0 1 0 0 0 1 0 0 0 0 0 1 1 1 1 0 1 0 0 0 0 0 1 0 0 0 0 1 1 1 
0 0 1 0 1 0 0 0 0 1 1 1 1 1 0 1 0 1 1 0 1 0 1 1 1 1 0 1 1 1 1 0 1 0 0 1 1 
1 1 0 0 1 0 0 0 0 1 1 0 1 1 1 1 0 1 0 1 0 1 1 1 0 1 1 0 1 0 0 0 1 0 0 0 1 
1 1 1 0 0 0 0 1 0 0 1 0 0 1 1 0 1 1 1 0 1 0 1 1 0 1 1 0 0 0 1 0 1 0 0 0 0 
1 0 1 0 0 0 0 0 1 1 1 1 0 0 0 1 0 1 0 0 0 0 1 1 1 0 1 0 1 0 0 1 1 1 1 0 1 
0 1 0 1 0 1 0 0 0 1 0 1 1 1 0 1 0 1 1 0 1 0 0 0 0 0 0 1 1 1 0 1 0 1 1 1 1 
1 1 0 0 0 0 0 1 1 1 0 0 1 1 0 0 1 0 0 1 1 1 0 0 1 0 1 1 1 1 1 0 0 0 1 0 0 
0 0 0 1 0 0 0 0 1 1 1 0 1 1 1 0 0 1 0 1 1 0 1 0 0 1 1 0 0 0 1 0 1 1 0 1 1 
0 1 1 1 1 1 1 0 0 1 0 1 1 1 1 0 0 1 1 1 1 1 1 1 1 1 1 1 0 1 0 1 0 1 1 1 1 
1 1 0 0 1 1 1 1 0 1 0 0 1 0 0 1 1 0 0 0 1 1 0 0 0 0 0 0 1 1 0 1 1 1 1 0 1 
0 1 0 1 0 0 0 1 1 0 1 1 0 0 0 0 1 0 1 1 1 1 0 0 0 0 0 0 1 1 1 1 0 0 0 1 0 
0 1 1 1 1 1 1 1 1 1 1 0 0 1 0 0 0 1 0 1 1 0 1 1 1 0 0 1 1 1 1 1 1 0 1 0 1 
0 0 0 0 1 1 0 1 0 1 1 0 1 1 1 1 1 0 0 0 0 0 1 1 1 0 1 1 1 0 0 0 0 1 0 1 1 
1 1 0 1 0 1 0 1 0 0 0 1 0 1 0 0 0 1 0 1 0 0 0 0 0 1 0 1 0 1 1 1 0 1 1 0 1 
0 0 0 0 1 1 0 1 1 1 1 0 1 0 1 0 1 0 1 1 1 1 0 0 1 1 0 0 1 1 0 1 0 0 0 1 0 
1 1 1 0 0 1 1 1 1 1 0 0 0 1 0 0 0 1 0 0 0 1 0 1 1 1 0 0 1 1 0 0 1 0 1 0 1 
0 0 1 0 1 0 0 0 0 0 0 1 0 1 1 1 1 1 1 1 1 0 0 1 0 1 1 0 1 0 1 1 1 1 0 0 0 
0 0 1 0 0 0 1 0 1 0 1 1 0 1 1 1 1 1 1 1 1 0 0 0 0 1 1 0 1 1 0 1 0 1 0 1 1 
0 1 1 1 1 0 1 0 0 0 1 0 0 0 1 1 1 1 1 0 1 1 1 1 1 1 0 0 0 0 1 0 0 0 0 0 1 
1 0 1 0 1 0 0 0 0 0 1 0 1 1 0 1 1 1 1 0 1 0 0 1 0 1 0 1 1 0 0 0 1 0 0 0 0 
1 1 0 0 0 1 0 1 0 0 0 0 1 0 1 1 1 1 0 1 0 1 0 0 1 1 1 1 1 1 1 1 1 1 0 0 1 
1 0 0 0 0 1 1 0 1 0 0 1 0 1 1 1 1 1 0 0 1 0 1 1 0 1 0 1 0 1 1 0 1 1 1 1 1 
4 3
0 1 2 2 
1 2 2 1 
1 1 2 2 
1 0 1 0 
0 1 2 2 
1 2 2 1 
1 1 2 2 
1 0 1 0 
5 3
0 2 0 1 2 
2 0 2 2 1 
1 1 2 0 1 
2 1 2 1 1 
1 1 0 2 0 
2 1 1 2 2 
2 2 1 2 0 
0 2 1 1 0 
1 2 1 2 2 
0 0 2 0 2 
45 2
1 1 0 0 0 1 1 1 0 0 1 0 0 1 0 1 1 1 0 0 0 0 0 1 1 1 0 1 1 1 1 0 1 1 1 1 1 1 0 1 1 1 1 0 1 
1 0 1 1 0 0 1 1 1 0 1 0 1 0 0 0 1 0 1 1 0 0 0 1 0 1 0 1 1 1 0 1 1 0 1 0 0 0 1 0 1 1 0 1 0 
0 1 1 0 0 1 1 0 0 1 0 1 1 0 1 1 1 1 1 0 1 1 0 1 0 0 1 0 1 1 1 1 1 1 1 1 1 1 1 1 1 0 1 1 0 
0 0 1 0 1 1 0 0 0 0 1 1 1 0 0 1 1 0 1 0 0 1 0 1 0 1 0 1 0 0 1 1 1 1 0 0 0 0 0 0 0 0 0 1 1 
0 1 1 1 0 0 1 1 0 1 0 1 1 1 1 0 0 0 1 0 1 0 1 0 1 0 1 0 0 0 1 0 0 0 1 0 0 1 0 1 0 0 1 1 0 
0 0 0 1 1 0 0 0 1 1 1 1 0 0 1 0 1 0 0 1 1 0 1 1 0 0 1 1 0 0 1 0 0 1 1 0 1 0 1 1 1 0 1 1 0 
1 1 0 1 1 0 1 0 0 1 1 0 1 0 0 1 0 1 1 1 0 1 0 0 0 1 1 0 1 1 1 0 0 1 1 1 1 1 0 1 0 0 0 0 1 
0 1 1 0 1 1 0 0 0 1 0 0 0 0 0 0 0 0 1 0 1 1 1 0 1 1 1 1 1 0 1 1 1 1 0 1 0 0 0 1 1 0 1 1 0 
0 1 1 1 1 1 1 0 0 0 0 1 1 1 0 1 1 1 0 1 1 0 0 0 1 1 0 1 0 0 0 1 0 0 0 1 1 0 0 0 1 1 1 0 1 
0 1 0 0 0 0 1 1 1 0 1 0 0 0 1 0 0 0 1 0 1 1 0 0 0 0 1 0 1 1 1 1 0 0 0 1 1 1 0 1 0 0 0 1 0 
1 1 1 0 1 0 1 0 0 1 1 1 1 1 1 0 0 0 0 1 1 1 1 1 0 1 1 0 0 1 1 1 1 1 0 0 0 0 0 1 1 0 0 0 1 
1 0 0 1 1 0 1 1 1 0 0 0 1 1 0 1 1 0 1 0 1 1 0 0 0 0 1 0 0 0 0 1 1 1 0 0 1 0 0 0 1 1 1 1 0 
1 1 1 0 0 1 0 0 1 1 0 1 1 0 0 1 1 0 0 1 1 0 0 0 0 1 1 0 1 0 0 1 0 1 1 0 0 1 1 1 1 1 1 0 1 
1 0 0 0 1 1 1 0 0 0 1 0 1 1 1 1 1 0 1 1 1 0 1 0 0 0 0 0 0 0 1 0 0 1 1 1 1 0 1 0 0 1 0 0 1 
0 0 1 1 0 1 1 1 1 1 1 0 0 0 0 0 1 0 1 0 0 0 1 1 1 0 0 1 0 0 0 1 1 0 1 1 0 0 1 0 0 1 1 0 0 
1 1 0 1 1 0 0 0 1 0 0 0 1 0 1 1 0 1 0 1 0 1 1 1 0 1 0 1 0 0 0 0 1 1 1 1 1 0 0 0 1 1 0 1 1 
0 0 1 0 0 0 0 0 1 0 1 0 0 1 0 0 0 1 1 1 1 1 1 0 0 0 0 1 0 0 0 1 1 1 1 0 0 1 1 0 1 0 1 1 0 
1 0 0 0 1 0 0 1 1 1 1 0 1 1 0 0 0 0 0 1 1 1 1 0 0 0 1 1 0 1 1 1 0 0 0 0 0 0 0 0 0 1 1 1 0 
0 1 0 1 0 0 0 1 1 0 1 0 0 0 0 0 1 0 1 0 1 0 1 0 0 0 0 1 0 1 1 0 0 0 0 1 1 0 0 1 1 1 0 0 0 
1 0 0 0 0 1 0 0 0 0 0 1 1 0 1 1 1 1 0 0 0 1 0 0 0 0 0 1 0 1 1 1 0 0 1 0 0 1 1 1 0 0 1 0 0 
0 0 0 1 1 0 1 1 1 1 1 1 0 0 0 1 1 0 1 0 1 1 0 1 1 0 1 1 0 1 1 1 0 1 0 0 1 1 0 1 0 0 0 1 1 
0 1 0 0 0 0 0 0 1 1 1 0 0 1 0 1 1 1 1 0 0 1 0 0 0 0 1 1 1 0 1 1 0 0 0 1 0 0 1 1 0 1 1 1 0 
1 1 1 0 1 1 1 0 0 1 1 0 1 0 1 0 0 1 1 1 0 0 1 1 0 1 1 1 1 1 0 0 0 0 1 0 1 1 0 0 0 0 1 0 0 
1 0 1 0 0 0 1 1 0 1 1 0 0 0 0 1 0 0 1 1 0 1 1 0 1 0 0 0 1 1 0 0 0 1 0 1 0 1 0 1 0 0 0 1 0 
0 0 1 1 1 0 0 0 1 0 1 0 1 1 1 0 0 1 0 0 1 1 0 0 1 0 0 1 0 1 1 0 0 1 0 1 0 0 1 0 0 0 1 0 1 
0 1 1 1 0 1 1 0 1 1 1 1 1 1 0 0 0 1 1 1 1 0 0 0 1 0 0 1 1 0 0 0 1 0 1 1 0 1 1 0 1 1 0 1 0 
0 1 0 0 0 1 1 0 1 0 0 0 0 0 1 1 1 0 1 0 1 0 1 0 0 1 1 0 1 0 0 1 0 0 0 1 0 1 0 1 1 1 0 1 0 
0 0 0 1 1 0 0 0 0 0 1 1 1 0 1 0 0 0 1 1 1 1 1 1 0 1 0 0 1 0 0 0 1 1 1 0 0 0 0 1 1 1 1 1 0 
0 1 1 0 1 0 0 1 0 0 0 1 0 1 1 0 1 1 1 1 1 0 0 0 0 1 0 0 0 1 0 0 1 1 1 0 0 0 1 1 0 1 0 1 1 
0 1 0 0 1 0 0 0 0 0 0 1 0 1 0 0 1 1 1 0 0 0 0 0 0 1 1 1 1 1 1 1 0 1 0 0 1 1 1 0 0 1 1 0 0 
1 1 0 1 1 0 0 0 0 1 1 0 1 0 1 1 0 1 1 0 1 1 1 1 1 0 1 1 1 1 0 1 1 0 0 0 0 1 1 1 0 0 1 1 1 
1 1 1 0 0 0 0 1 0 1 0 1 0 0 1 1 1 1 1 1 0 0 1 1 0 0 1 1 0 0 1 1 0 0 0 1 0 1 0 1 0 0 0 0 0 
0 0 1 0 0 0 1 0 1 0 0 1 0 1 1 1 0 0 0 0 0 0 1 0 1 1 0 1 1 1 1 0 0 0 1 1 1 0 0 0 1 0 1 0 0 
1 1 1 1 1 0 1 1 0 0 0 1 1 1 1 1 0 1 0 0 0 0 1 0 0 0 1 0 0 0 1 1 0 1 1 0 1 0 1 0 1 1 1 0 1 
1 1 1 0 1 1 0 0 0 1 0 1 0 0 0 0 1 1 1 1 0 0 0 0 0 1 1 1 0 1 1 1 1 1 0 0 1 0 0 1 0 1 1 1 1 
1 1 0 0 0 1 1 1 1 1 0 0 1 0 0 1 0 0 1 1 0 0 1 1 1 1 0 0 0 1 0 1 0 0 1 1 0 0 0 1 0 0 0 1 1 
1 1 1 0 0 0 0 0 0 1 1 1 1 0 0 0 1 1 1 1 1 0 0 0 0 0 1 1 0 0 1 1 1 1 0 0 0 1 1 1 1 1 0 0 1 
0 1 1 0 1 1 0 0 0 1 0 1 1 0 1 1 1 1 1 0 0 0 0 0 1 1 1 0 0 1 1 0 0 0 1 0 1 1 1 1 0 0 1 1 0 
0 1 1 1 0 0 1 1 1 0 0 1 0 1 1 0 1 1 0 0 0 1 1 1 0 0 1 0 1 1 1 0 0 1 1 1 0 0 1 1 1 0 1 0 0 
0 0 1 0 0 1 1 0 0 0 1 1 0 1 0 0 0 0 0 1 1 0 1 0 1 1 1 0 1 1 0 0 1 0 1 1 1 1 0 1 1 1 0 0 0 
0 1 0 0 0 0 1 0 0 0 1 1 1 0 0 0 0 0 0 1 0 1 1 0 0 0 0 1 0 1 0 1 0 0 0 1 0 0 0 1 1 0 1 1 1 
0 1 0 1 0 1 0 0 1 0 1 0 0 0 0 1 1 0 1 1 1 0 0 0 1 1 0 1 0 1 1 1 1 1 1 0 0 1 1 1 1 0 1 1 1 
0 1 1 1 1 1 0 0 0 1 0 0 1 1 0 0 1 1 0 1 0 1 1 1 1 0 1 1 0 1 0 0 1 0 0 1 1 0 0 0 0 0 0 1 1 
0 0 1 0 1 0 1 0 0 1 0 0 0 0 0 0 0 0 1 1 1 0 1 1 1 0 1 0 0 0 0 0 0 1 0 0 0 1 1 0 1 1 1 0 0 
0 1 1 0 0 0 1 1 1 0 0 0 1 0 1 1 0 0 0 0 0 0 0 0 1 0 0 1 0 1 0 0 1 0 1 0 1 1 1 0 1 0 1 0 0 
0 0 1 0 1 0 1 0 1 0 1 1 1 1 1 1 0 0 1 1 1 0 1 0 1 0 1 1 0 1 1 1 0 0 1 1 0 1 1 1 1 1 0 1 1 
0 0 1 1 0 0 0 1 0 0 1 1 1 0 1 1 1 0 0 0 0 0 1 0 0 1 1 1 1 1 1 1 0 1 1 1 0 1 0 0 1 0 0 1 1 
1 1 0 0 1 0 0 0 0 0 1 1 1 1 1 0 1 0 1 0 1 0 1 1 0 1 0 0 1 0 0 0 1 1 1 0 1 1 1 1 1 0 0 1 0 
0 0 0 0 1 1 1 1 1 0 1 0 1 0 0 0 1 1 1 0 1 0 0 0 1 0 1 1 0 0 0 0 0 0 1 0 1 1 0 0 0 0 1 0 0 
0 1 0 1 0 1 0 1 1 0 1 1 0 0 0 1 1 0 0 1 0 0 1 0 1 0 0 1 1 1 1 1 0 0 1 1 1 1 0 1 1 1 1 0 1 
0 1 0 1 0 1 1 0 1 1 1 0 0 0 1 1 0 1 1 0 0 0 1 1 1 0 1 1 1 0 0 1 1 0 1 0 1 1 1 1 1 0 0 1 0 
0 0 0 0 1 0 0 0 0 0 1 0 1 0 1 0 1 1 0 0 0 1 0 1 1 1 1 0 0 0 0 1 0 1 1 1 1 0 1 1 1 0 1 0 0 
0 1 1 0 0 1 0 1 0 1 0 1 0 1 1 1 0 1 0 1 0 0 1 1 0 1 0 1 0 0 0 0 1 0 1 1 0 0 1 0 1 1 0 1 0 
1 1 1 1 0 1 1 0 1 1 0 1 0 0 0 1 0 0 0 0 1 0 1 1 1 0 1 1 1 0 1 1 1 1 0 0 0 1 1 1 1 1 0 0 1 
0 0 0 0 1 1 0 0 1 1 1 1 1 0 1 1 1 1 0 0 0 0 1 0 0 1 1 1 0 0 1 1 1 0 1 1 0 1 1 0 1 1 0 0 0 
1 1 1 0 1 0 1 0 1 1 1 0 0 0 0 0 0 1 1 1 0 0 0 1 0 0 1 0 1 0 1 1 1 0 1 0 0 0 1 0 1 1 1 0 1 
1 1 1 0 1 1 0 1 1 0 0 1 1 1 1 1 1 1 1 0 1 1 1 1 0 1 1 0 0 0 1 0 0 0 1 0 1 0 0 0 1 1 0 0 1 
0 0 0 0 0 1 0 1 1 0 0 0 0 1 0 1 0 1 0 0 0 0 0 1 1 1 0 0 0 0 0 1 1 0 0 0 1 1 1 0 1 0 0 0 1 
1 0 1 0 0 1 0 1 0 1 0 1 0 0 1 0 1 0 0 1 0 1 1 0 0 0 0 0 1 0 1 0 1 0 0 1 0 0 1 0 1 1 0 0 1 
1 0 1 1 0 1 1 0 0 0 0 1 1 0 0 0 0 0 1 0 0 1 0 0 0 0 1 0 1 0 1 0 0 1 1 1 1 0 1 1 1 0 1 0 0 
0 0 1 0 1 0 1 0 0 0 0 1 1 1 0 1 0 1 1 0 1 1 1 0 1 1 0 0 1 1 0 0 0 0 1 1 1 1 1 1 1 0 1 0 1 
0 1 1 1 0 0 1 1 0 1 0 1 0 0 0 1 0 1 0 1 1 1 1 0 0 1 0 1 1 0 1 1 1 1 1 0 1 1 0 1 0 0 1 0 0 
1 1 0 0 1 1 0 0 0 1 1 1 1 1 0 0 0 0 1 0 1 0 1 1 0 1 1 0 1 1 0 1 1 1 1 1 0 0 1 1 0 1 1 1 0 
0 0 1 1 1 1 0 1 0 1 0 0 0 1 0 1 1 1 0 0 1 1 0 0 1 1 0 0 1 0 1 0 1 0 0 1 0 0 1 1 1 0 0 0 1 
0 0 1 0 0 0 1 1 0 1 1 0 1 1 0 1 1 0 1 1 0 0 0 0 1 1 1 1 1 0 1 0 0 1 0 0 1 1 0 0 1 0 0 1 1 
0 1 1 1 0 0 0 1 1 0 1 1 1 0 0 0 1 0 1 1 0 1 1 1 1 0 0 1 0 1 0 0 1 0 1 1 1 1 0 0 0 1 0 1 1 
1 0 1 1 0 0 1 1 0 1 1 0 0 1 0 1 0 1 1 1 1 1 1 0 1 1 1 1 1 0 0 1 1 0 0 1 0 0 0 0 1 0 1 1 0 
0 0 0 0 1 0 0 1 1 1 1 0 1 0 1 0 1 1 1 1 1 0 0 0 1 0 1 0 0 0 0 0 1 0 1 0 0 1 1 0 1 1 1 1 1 
1 0 0 1 0 0 1 1 0 0 1 0 0 0 1 0 1 1 1 1 0 0 0 0 0 1 1 1 1 1 1 0 1 0 1 1 1 1 0 1 1 0 0 1 0 
0 1 0 0 1 0 0 1 1 1 0 0 0 1 1 0 0 0 0 0 1 0 0 1 0 0 1 0 1 0 1 1 1 0 1 0 1 1 0 0 1 0 0 0 1 
1 0 1 0 0 1 0 1 0 0 0 0 0 0 0 0 1 1 0 1 0 1 1 0 1 1 0 1 1 1 1 1 0 1 1 0 1 1 1 1 0 0 0 0 1 
1 0 0 0 0 1 1 1 0 1 0 1 0 0 0 0 1 1 0 0 0 1 1 0 1 1 0 0 0 0 1 0 0 0 0 1 0 1 0 1 0 0 0 1 0 
1 1 0 1 0 0 1 0 1 1 1 0 1 1 0 1 1 1 1 1 1 1 0 1 1 1 0 1 0 0 1 0 1 1 1 0 0 1 0 1 0 0 1 0 0 
0 1 1 1 1 0 0 0 1 1 0 1 0 0 1 0 1 1 1 1 0 0 1 0 0 1 0 0 1 0 1 0 0 0 0 1 0 1 0 1 0 1 0 0 1 
1 1 1 0 0 0 0 0 0 0 1 0 1 1 0 0 1 1 1 0 0 0 1 0 0 0 0 0 1 0 1 0 1 0 0 1 0 0 1 0 1 1 1 0 1 
0 1 0 1 0 1 1 0 1 0 0 0 0 1 1 1 0 1 1 1 1 0 0 0 0 0 0 0 0 1 0 0 1 0 1 0 0 0 0 0 0 1 0 0 1 
0 1 0 1 0 0 0 0 1 0 1 0 1 0 1 0 0 0 1 0 1 1 0 0 0 0 1 1 1 1 1 0 1 0 1 1 1 1 0 0 1 0 0 0 0 
0 1 1 0 1 0 0 0 0 1 1 1 0 1 1 1 1 0 1 0 0 0 1 0 0 1 0 0 0 0 0 0 0 0 0 0 0 0 0 0 0 0 0 0 1 
0 1 1 0 0 1 0 0 0 1 1 1 0 0 0 1 0 1 1 0 0 1 1 0 0 0 0 1 1 1 0 1 0 0 0 1 0 1 1 0 0 1 1 1 1 
1 1 1 1 1 0 1 0 1 0 0 0 0 1 0 1 1 0 0 1 0 1 0 0 0 0 0 0 1 1 1 0 0 0 0 1 0 1 1 1 0 1 1 0 1 
1 1 0 1 1 1 1 1 0 0 0 0 0 0 1 0 0 0 0 1 1 0 0 0 0 1 0 0 0 0 1 1 1 0 0 1 0 0 0 0 0 1 0 0 1 
0 1 0 0 1 0 1 1 0 1 1 0 0 0 0 0 0 0 0 0 1 1 0 0 0 1 0 0 1 0 0 0 0 0 1 1 1 1 0 1 0 1 0 1 0 
1 0 1 0 0 0 1 1 0 1 0 1 0 0 0 0 0 1 1 1 0 1 1 0 0 1 0 1 1 0 0 0 0 0 0 1 1 0 1 1 0 1 0 1 1 
0 0 0 0 0 1 1 1 1 1 0 0 0 0 1 1 1 1 1 1 1 1 0 0 0 1 1 0 1 1 0 0 0 1 1 1 0 0 1 1 0 0 0 1 1 
1 1 1 1 0 1 0 0 1 1 1 1 1 0 1 0 1 1 0 1 1 0 1 0 1 0 0 1 1 1 0 1 1 1 1 0 1 0 0 0 1 1 1 0 1 
1 0 1 1 0 0 1 1 0 1 0 1 0 1 1 1 1 0 0 0 1 1 0 0 0 0 0 1 0 1 0 1 0 0 0 0 0 0 1 0 1 1 1 1 1 
1 1 0 0 1 0 0 1 0 0 0 0 1 0 1 1 1 0 1 0 0 1 1 0 1 1 1 1 0 0 0 0 1 0 0 0 1 0 0 0 1 0 0 1 0 
0 1 0 1 1 1 1 1 0 0 1 1 1 0 0 0 0 1 1 0 0 1 0 0 1 1 1 1 0 0 1 0 1 0 0 1 1 1 0 1 1 1 1 1 0 
0 1 0 1 1 1 0 0 0 1 1 0 1 0 1 0 1 1 0 1 1 1 0 1 0 1 1 0 0 0 1 1 0 0 0 1 1 1 0 0 0 0 1 0 0 
0 1 0 1 1 0 0 1 0 1 1 1 0 0 1 1 0 0 1 0 0 1 1 1 0 1 1 0 1 0 0 1 1 1 1 1 1 1 0 1 0 0 0 1 0 
45 2
0 0 0 1 1 1 1 1 1 1 0 0 0 1 1 1 0 0 1 1 1 1 0 0 0 1 1 1 0 0 1 0 0 1 1 1 0 0 0 0 0 0 0 0 0 
1 1 0 1 1 1 0 0 1 0 1 0 1 0 0 1 1 0 1 1 1 0 1 0 0 0 0 0 1 0 0 1 1 1 1 1 1 1 1 0 1 1 1 0 0 
1 1 0 1 0 0 0 0 0 0 1 0 0 0 1 1 1 0 0 1 0 1 1 0 1 1 1 1 0 1 0 0 0 1 1 0 1 0 1 1 1 1 0 0 1 
0 1 1 0 1 1 0 1 1 0 0 1 0 1 1 0 1 1 1 0 0 1 0 0 0 0 0 0 0 1 1 0 1 0 1 1 1 1 1 0 0 0 0 0 0 
1 0 0 1 0 0 1 0 1 1 1 0 1 0 1 0 0 0 0 1 0 1 1 1 0 1 1 1 0 1 0 1 1 1 0 1 0 0 0 1 0 0 0 0 1 
1 1 1 1 1 0 1 1 0 0 0 0 0 0 1 1 0 0 0 0 0 0 0 1 1 1 0 1 0 0 0 1 0 0 1 1 0 0 0 0 0 0 1 1 0 
1 0 1 1 0 0 0 0 0 1 1 0 1 1 1 0 1 1 1 1 1 1 0 0 0 0 1 1 0 1 0 0 1 1 0 1 1 1 1 0 0 1 1 1 0 
0 1 0 0 0 1 0 0 0 0 0 0 1 0 0 0 0 1 0 0 0 1 1 0 0 0 1 0 0 1 1 1 0 0 0 0 1 0 0 1 0 0 0 0 1 
0 1 1 0 1 1 0 0 1 1 1 0 1 0 1 0 0 1 1 1 0 1 0 0 1 0 0 0 0 0 1 0 0 0 0 0 1 0 0 0 1 0 1 0 0 
0 0 1 0 0 0 0 1 1 0 0 0 0 0 1 0 1 1 1 0 0 1 0 0 1 0 0 0 0 0 0 1 0 1 1 0 0 1 1 1 0 0 0 1 1 
0 1 1 1 1 0 1 0 1 1 0 0 1 0 1 1 1 0 1 0 0 0 0 1 1 0 1 1 1 1 0 1 1 0 1 0 1 1 1 0 0 1 1 1 0 
0 0 0 1 0 0 0 1 1 0 0 1 1 1 0 1 0 1 1 0 1 1 0 0 1 0 0 0 1 0 1 0 1 1 1 0 0 1 1 1 0 1 0 0 1 
1 1 1 1 1 0 0 1 0 1 1 0 0 1 1 1 0 1 1 0 0 0 1 1 0 0 0 1 0 0 1 1 0 0 0 1 1 1 1 0 0 1 0 1 0 
1 0 0 0 0 1 1 0 0 0 1 1 1 0 0 0 1 0 1 1 0 0 0 0 1 1 0 0 0 1 1 0 0 0 1 1 0 1 0 1 0 1 1 0 0 
1 0 0 0 1 0 0 0 1 0 0 1 0 0 1 0 1 1 0 1 0 1 1 1 1 0 1 0 1 1 0 0 0 0 1 0 0 1 0 0 1 0 1 1 1 
0 0 0 1 0 0 0 0 1 1 1 1 0 0 1 1 0 1 0 1 0 0 0 0 1 0 1 0 1 0 0 0 1 0 0 0 1 1 1 0 0 0 0 0 0 
1 0 1 1 0 0 0 1 1 0 1 0 1 1 1 0 1 1 1 0 1 0 1 1 1 0 0 0 1 0 1 0 0 0 1 0 1 1 0 0 0 1 1 0 1 
1 0 1 1 1 1 0 0 1 1 1 1 1 1 1 0 0 1 0 0 0 0 0 0 0 0 0 0 1 0 1 1 1 0 1 0 1 1 1 1 1 1 0 1 0 
1 0 1 1 1 0 1 0 0 1 1 0 1 1 0 1 0 0 1 0 0 0 1 1 1 0 0 0 0 0 1 1 1 0 0 1 1 0 0 1 0 0 1 0 1 
1 1 0 1 0 1 0 1 1 0 1 0 1 0 1 1 1 0 1 1 1 0 1 0 1 0 1 0 1 1 0 0 0 1 1 1 1 1 1 0 1 1 0 0 1 
1 1 1 1 1 1 0 1 0 1 0 1 0 1 0 0 1 1 0 1 1 1 1 1 0 1 1 1 1 0 0 1 1 1 0 1 0 0 1 0 0 1 0 0 1 
1 0 1 0 1 0 0 0 0 0 1 1 0 0 1 1 0 0 1 1 0 1 0 0 1 1 0 0 0 1 0 0 0 1 0 1 0 0 0 1 1 1 0 0 0 
0 1 0 0 1 0 0 1 1 1 0 0 0 0 0 0 0 1 0 0 0 1 1 1 0 1 1 0 0 1 0 0 0 1 0 1 1 1 1 1 1 0 1 0 1 
0 0 0 1 1 1 0 0 0 0 0 0 1 0 0 1 0 1 0 1 1 0 0 1 0 1 1 1 0 1 1 1 1 0 1 0 1 1 0 0 1 0 0 1 0 
0 0 1 1 1 0 0 0 1 1 0 1 0 0 0 0 1 0 0 0 1 0 1 1 0 1 0 1 1 0 0 1 1 1 1 1 1 0 0 1 0 1 1 0 1 
0 1 1 1 0 0 1 1 1 0 1 0 0 1 1 1 1 1 0 1 1 1 1 0 0 0 0 1 0 1 0 0 1 0 0 1 1 1 1 1 1 0 1 0 1 
1 0 1 0 0 1 0 0 1 1 0 1 0 0 1 1 0 1 0 1 0 1 1 0 0 1 1 0 0 1 1 0 1 0 0 1 1 1 0 1 0 1 0 1 1 
1 1 1 0 0 1 0 1 1 0 1 1 1 1 1 0 0 1 1 1 0 1 0 1 0 1 1 0 0 0 0 0 1 0 1 1 1 1 1 0 1 0 0 1 0 
1 1 0 1 0 0 0 1 1 0 0 0 1 1 0 1 1 1 1 0 1 1 1 1 0 0 0 1 0 1 1 0 1 0 1 1 0 1 1 1 1 0 0 1 1 
1 1 1 0 0 0 0 0 1 1 1 1 1 1 0 0 0 0 0 0 0 1 0 1 1 0 1 1 1 1 1 1 0 0 1 1 1 1 0 0 1 0 0 1 0 
0 0 1 0 1 0 1 1 0 0 1 1 0 1 1 0 0 0 0 0 1 1 1 1 1 0 1 0 1 1 1 0 0 0 0 1 0 1 1 1 1 1 1 1 0 
1 0 1 1 0 0 1 1 1 0 0 0 0 0 1 1 0 1 1 0 1 0 1 1 0 1 0 1 1 1 0 1 1 0 1 0 0 0 0 1 1 0 1 1 0 
1 1 0 1 0 1 1 0 1 1 0 1 1 0 1 0 1 1 1 0 0 0 0 0 0 0 1 0 0 1 0 1 1 0 1 1 1 1 0 1 1 0 0 1 1 
1 0 0 1 1 0 1 0 0 1 0 0 0 1 1 0 0 0 0 0 0 1 1 0 0 1 0 0 0 0 1 1 0 0 1 1 0 1 0 1 1 0 0 1 1 
1 1 1 1 0 1 0 1 1 0 1 1 1 1 0 1 1 0 0 1 0 0 1 0 0 1 1 0 0 0 0 0 1 1 1 1 0 1 1 0 1 0 0 0 1 
1 0 0 1 1 0 0 1 1 0 0 1 1 1 0 1 1 1 1 0 1 0 0 1 0 1 1 0 0 0 0 0 1 0 1 0 1 1 0 1 0 0 1 1 0 
0 1 1 1 0 1 1 0 0 0 0 0 1 0 0 0 0 0 1 0 0 0 0 0 0 1 1 0 0 1 0 0 1 0 0 0 0 0 1 1 0 0 0 1 1 
0 0 0 1 1 1 1 0 1 1 1 0 0 1 1 1 0 1 0 0 0 1 0 1 0 0 0 0 0 1 1 0 0 0 1 0 0 0 1 0 0 1 1 1 1 
1 0 1 0 1 0 0 1 1 1 0 1 0 0 1 1 0 1 1 0 0 0 1 0 1 1 1 0 0 1 0 0 0 1 0 0 0 1 0 0 1 0 0 0 0 
1 0 1 0 1 0 1 0 0 1 0 1 1 1 1 0 0 1 1 0 1 1 1 0 1 0 1 1 0 1 0 1 1 0 1 1 1 0 1 1 0 0 0 1 1 
0 0 1 1 0 0 1 1 1 0 1 1 1 0 1 1 0 0 0 1 1 0 1 1 0 1 1 0 0 0 1 1 1 1 1 1 1 0 1 1 0 1 1 0 1 
0 1 0 1 1 0 0 1 0 0 1 0 1 0 1 1 1 1 0 1 1 0 1 1 1 1 0 1 1 0 1 0 1 0 0 0 0 1 0 1 0 0 0 1 1 
0 0 0 1 1 1 1 1 1 0 0 0 0 1 0 0 1 0 0 1 0 1 0 1 1 0 0 0 0 1 0 1 0 0 0 0 1 1 1 1 1 0 0 1 1 
0 0 0 0 0 0 0 0 1 1 0 1 0 0 1 1 1 0 1 0 0 1 0 0 1 0 0 1 0 0 1 0 0 1 0 0 0 0 0 1 0 1 0 0 0 
0 1 0 1 1 1 0 0 0 0 0 1 1 0 1 0 0 0 1 0 0 0 1 1 0 0 1 1 0 1 1 0 0 1 1 0 0 0 1 0 0 0 0 1 0 
0 0 1 0 0 0 0 0 1 0 1 0 1 0 0 1 1 1 0 1 1 1 0 1 1 1 0 0 0 0 0 1 0 0 1 0 0 0 0 0 0 1 1 1 0 
0 1 1 1 0 1 1 1 0 1 0 1 1 1 1 1 1 1 1 0 1 0 1 1 0 0 1 0 0 1 0 1 1 1 1 1 0 0 1 0 0 1 1 0 1 
1 0 0 1 0 1 0 0 0 0 1 0 1 1 0 1 1 0 0 1 0 1 1 0 1 1 1 1 0 1 0 1 0 1 1 1 0 1 0 1 1 0 1 1 1 
0 1 0 1 1 1 1 0 0 0 0 0 1 0 0 1 0 0 0 0 1 1 0 0 1 1 0 0 0 0 1 0 1 0 1 1 0 0 0 0 0 1 0 0 0 
1 0 0 1 1 0 1 1 0 1 0 0 1 1 0 1 0 1 1 1 1 0 1 0 0 0 1 0 0 1 0 1 1 0 1 0 0 1 1 1 0 1 0 1 0 
0 1 0 0 0 0 0 0 0 0 0 1 1 1 0 1 0 1 1 1 0 1 0 1 1 0 0 1 0 0 0 0 1 0 0 1 1 0 1 0 1 0 1 0 0 
1 1 0 0 0 1 1 1 1 1 0 1 0 1 1 1 0 1 1 1 1 1 0 1 0 1 1 0 1 0 0 1 1 0 1 1 1 0 0 1 0 0 0 0 1 
1 1 1 1 0 1 0 1 0 1 1 1 0 0 0 0 1 1 1 1 1 0 0 0 0 0 0 0 0 0 1 0 1 0 0 0 0 1 0 1 1 0 0 1 0 
1 0 0 1 1 1 0 1 0 1 0 1 0 0 0 0 0 1 1 1 1 0 1 1 1 1 0 0 1 0 0 1 0 0 0 1 0 1 0 0 1 1 0 1 0 
0 1 0 1 0 0 0 1 0 0 0 0 0 1 0 1 1 1 1 0 0 1 1 1 1 1 0 1 1 1 1 1 0 1 1 0 1 0 1 1 1 1 1 1 1 
0 0 0 0 0 1 0 1 1 0 1 1 0 1 1 1 0 0 1 0 1 1 0 1 0 1 1 0 0 1 1 0 0 0 1 0 1 0 1 1 1 1 1 0 1 
1 1 1 0 1 0 1 0 1 1 1 0 0 1 1 1 0 1 1 0 0 0 0 0 1 1 1 0 1 1 0 0 1 1 0 0 0 0 1 0 0 0 0 1 0 
0 0 0 1 0 1 0 0 1 0 1 0 1 0 0 0 1 1 1 1 1 1 0 1 1 0 1 1 0 0 0 0 0 0 1 0 0 1 1 0 0 0 1 1 1 
1 1 0 0 1 0 1 1 0 1 0 1 1 1 1 1 0 1 0 0 1 0 0 1 0 0 0 0 1 0 0 1 1 0 0 0 0 0 1 1 1 1 0 0 1 
1 1 0 1 0 0 1 0 1 0 0 0 1 1 1 1 1 1 1 1 0 0 0 0 0 1 1 1 1 1 0 0 1 0 1 0 1 1 1 1 0 0 0 1 0 
0 1 1 0 0 0 0 1 1 0 0 1 0 0 1 0 0 1 0 1 1 0 0 1 0 1 1 1 0 1 1 1 0 0 0 1 1 1 1 1 1 0 0 0 0 
1 0 1 1 1 0 0 0 0 1 0 0 1 0 1 1 0 1 0 0 0 1 1 1 1 0 1 0 1 1 0 0 1 1 0 1 0 0 1 0 1 0 0 1 0 
1 0 0 1 1 1 1 1 0 0 1 0 0 1 1 0 1 0 0 0 0 1 0 1 1 0 0 1 0 1 0 0 0 1 0 1 0 1 0 0 1 1 0 1 1 
1 1 0 0 0 0 0 0 0 0 1 1 1 0 1 0 1 1 0 0 0 0 0 0 0 1 0 0 0 0 0 1 0 1 1 0 1 0 0 0 1 0 1 1 1 
0 0 1 0 1 1 1 0 0 1 0 1 1 0 0 0 0 1 0 0 1 1 1 1 1 0 1 0 0 0 0 1 0 1 1 1 0 1 0 1 0 0 0 1 0 
0 0 1 1 0 0 0 0 1 1 0 1 1 0 0 0 1 1 1 1 1 1 1 0 1 0 0 1 1 1 0 1 1 0 1 0 0 1 1 1 1 1 1 0 1 
1 0 0 0 1 1 0 0 0 0 0 0 1 1 1 1 0 0 0 1 1 0 1 0 1 1 1 1 1 0 1 1 1 0 1 1 0 0 1 0 0 1 0 1 1 
0 0 0 1 0 1 0 0 0 1 0 1 0 0 0 0 0 0 1 0 0 0 1 1 0 0 0 1 1 0 0 0 1 0 0 0 1 1 1 1 0 0 1 1 1 
0 0 1 0 0 0 0 1 0 1 1 0 1 0 1 1 0 1 1 0 1 0 1 0 1 0 0 0 1 0 1 0 1 1 1 0 0 0 1 0 0 0 0 0 1 
0 0 0 1 0 0 0 0 0 1 0 1 0 1 0 0 1 1 1 0 1 0 1 1 0 1 1 1 1 1 1 1 1 1 1 0 1 1 1 1 0 0 1 0 0 
1 1 0 0 1 0 0 0 1 1 0 1 0 0 0 1 0 0 0 0 0 1 0 0 0 1 1 1 0 1 1 1 1 1 0 0 1 1 1 0 1 0 0 0 0 
0 0 1 0 1 1 1 1 1 1 0 1 0 0 1 1 1 0 1 0 0 0 1 0 1 0 0 1 0 0 1 1 0 0 0 0 0 1 0 0 1 1 0 0 0 
1 0 1 0 1 1 1 1 1 0 0 1 0 1 1 1 0 1 0 0 0 1 1 0 1 1 1 0 0 1 0 1 0 1 1 1 1 0 1 0 0 1 0 1 1 
1 1 1 0 0 1 1 0 1 0 1 1 1 1 1 0 0 1 1 0 1 1 0 1 0 0 1 0 0 0 1 0 1 0 0 1 0 0 0 1 1 1 0 0 0 
1 0 0 0 1 1 1 1 0 1 1 0 1 1 0 0 0 1 0 1 1 1 1 1 0 1 1 1 0 0 1 0 1 1 1 0 0 0 0 1 1 0 1 1 1 
0 1 0 1 0 0 0 0 1 0 0 0 1 1 1 0 0 0 1 1 0 0 1 0 0 1 0 1 0 1 0 1 0 0 1 1 0 0 1 1 0 0 1 1 0 
0 1 0 1 0 1 1 0 1 0 1 1 0 0 1 0 1 0 0 1 1 1 0 1 0 1 1 0 1 0 0 0 0 0 1 0 0 1 1 0 1 0 0 1 1 
0 1 1 0 0 1 0 1 0 1 0 1 1 0 0 0 1 0 1 1 1 0 0 0 0 0 0 1 0 1 0 1 1 1 0 0 0 1 1 1 1 1 1 1 0 
0 1 1 1 0 0 0 1 0 1 0 1 0 0 0 0 0 1 1 0 1 0 1 0 1 1 0 1 0 1 1 1 0 1 1 1 0 1 1 0 0 1 1 1 1 
0 0 0 1 0 0 0 0 0 1 1 1 1 0 0 1 0 1 1 0 0 1 1 0 0 1 0 0 0 1 0 1 0 0 0 0 1 0 1 1 0 1 1 0 1 
1 1 1 1 1 0 0 0 1 0 1 0 1 1 0 1 1 1 1 0 0 1 1 1 1 1 1 0 1 0 1 1 0 0 1 1 0 1 1 0 1 1 0 0 1 
1 1 1 0 1 0 0 0 1 1 0 0 1 0 1 1 0 1 1 1 0 1 0 1 1 1 1 1 0 1 1 1 1 0 1 1 0 1 1 1 1 0 0 0 1 
0 0 0 0 1 1 0 0 0 0 1 1 0 1 1 0 0 0 1 1 1 0 0 0 0 0 0 0 1 0 1 0 0 1 1 1 0 0 0 0 1 0 0 0 1 
0 0 1 1 1 1 1 1 0 1 1 0 0 1 0 1 0 1 1 1 0 0 1 0 0 1 1 0 0 1 1 1 1 0 0 1 1 0 0 0 1 1 1 0 1 
0 0 1 1 0 1 0 0 1 0 0 0 1 1 1 0 0 0 1 0 1 1 1 0 1 1 1 1 1 1 1 0 1 1 0 0 1 0 0 1 1 0 0 0 1 
0 0 1 0 0 1 0 1 1 1 1 1 1 0 1 1 1 1 1 0 0 0 0 0 0 1 0 0 0 0 0 0 0 0 1 1 0 1 1 1 0 0 0 1 1 
0 0 1 0 0 1 1 0 0 0 1 0 1 1 0 0 1 0 1 1 1 1 0 1 0 1 0 1 0 0 0 0 0 0 1 1 1 0 1 1 0 1 1 0 0 
1 0 0 0 0 0 0 0 1 0 0 0 0 1 0 1 1 1 0 0 1 1 1 1 1 1 1 0 0 0 1 1 0 1 1 0 1 1 1 0 0 1 0 0 0 
1 0 1 0 0 0 0 1 0 1 1 1 1 1 0 1 0 0 1 0 0 0 1 1 0 1 1 0 1 0 1 1 1 1 0 0 1 1 1 1 0 1 0 0 0 
0 1 1 0 1 1 0 1 0 0 1 0 0 0 0 1 0 1 0 1 0 0 0 0 1 1 1 0 1 1 0 0 0 0 0 1 0 1 0 1 0 1 1 1 1 
22 7
1 1 6 4 0 1 4 1 3 4 0 4 4 5 4 4 4 5 1 1 2 0 
6 6 4 1 0 0 1 1 0 2 2 6 3 6 6 0 1 5 4 2 1 1 
4 3 3 4 5 0 5 1 2 6 0 1 1 3 5 2 2 5 5 0 5 4 
2 2 1 6 1 0 1 4 2 5 4 2 3 5 2 3 4 6 1 4 1 5 
5 4 6 3 6 0 4 1 5 6 0 6 3 6 4 4 3 4 2 5 3 0 
4 6 0 6 6 0 5 0 4 2 4 6 3 0 5 6 3 2 5 5 3 0 
5 4 2 3 1 3 3 5 1 4 0 3 6 4 2 4 0 5 5 1 6 4 
0 4 4 4 6 3 2 3 1 5 0 6 0 5 0 5 2 6 5 0 2 3 
2 4 6 0 4 2 3 4 0 3 0 3 0 2 0 5 5 6 6 6 2 0 
3 4 3 4 0 6 2 5 1 3 0 2 5 4 0 6 0 0 0 2 2 2 
6 0 3 1 1 5 3 1 5 5 6 2 2 5 5 0 6 2 3 6 2 3 
3 1 5 0 1 6 4 0 6 4 0 5 0 2 5 4 1 0 4 1 2 4 
6 2 2 3 6 6 4 4 4 4 4 0 3 0 6 6 4 0 4 6 1 4 
4 1 6 0 0 6 1 5 4 6 6 6 6 4 2 2 6 6 6 0 3 6 
5 2 4 6 6 5 5 5 3 0 6 5 3 5 6 5 6 2 6 4 6 4 
6 1 4 3 1 6 3 3 5 0 6 2 2 4 2 5 4 2 5 5 6 5 
4 0 2 5 4 4 5 3 3 0 5 4 5 3 3 1 6 1 5 1 4 2 
3 2 0 6 2 0 2 4 4 4 5 4 0 0 4 3 2 0 3 4 3 3 
0 3 0 3 6 6 4 4 2 6 6 0 4 4 5 1 0 5 2 1 2 2 
1 4 1 3 2 3 3 0 0 5 6 1 5 2 2 4 6 6 5 3 4 0 
3 5 6 5 5 0 2 1 3 5 5 3 5 5 1 4 0 0 0 1 3 4 
5 4 5 1 3 6 3 6 4 6 2 4 6 5 4 5 2 4 0 1 6 2 
2 1 3 3 5 6 5 5 5 5 5 6 4 0 3 5 2 6 5 3 5 4 
0 3 5 3 4 4 0 0 6 0 0 2 1 4 1 3 4 0 0 5 1 6 
5 0 4 3 2 5 0 2 3 2 2 5 0 0 4 0 4 1 4 0 2 5 
1 0 1 3 4 0 2 6 5 2 6 6 3 2 5 0 6 4 6 6 0 4 
0 4 5 6 5 6 4 1 0 1 2 0 4 3 5 1 4 2 6 1 5 2 
3 5 3 3 1 6 3 6 4 4 2 6 3 2 2 6 5 2 6 1 1 2 
0 5 2 6 1 5 0 6 6 4 3 1 4 6 0 0 5 3 6 5 4 0 
3 6 5 2 6 1 6 5 0 4 1 2 4 1 6 6 5 6 4 4 4 0 
5 0 6 6 5 0 4 1 2 0 5 1 2 1 5 4 5 4 2 6 1 6 
1 3 1 1 0 1 1 2 4 0 2 6 6 2 4 6 0 0 6 2 6 1 
4 3 6 0 3 0 0 5 3 4 6 0 0 1 6 6 2 6 3 5 4 6 
5 3 6 4 4 4 1 5 3 6 2 1 5 6 4 0 5 2 6 5 3 0 
5 5 4 5 0 0 5 0 3 5 2 1 3 4 4 4 2 0 3 6 0 5 
3 5 3 0 2 4 3 6 0 6 5 3 1 4 1 1 0 0 4 6 6 3 
6 1 6 3 2 1 6 2 3 5 1 5 4 6 6 6 5 0 1 5 6 6 
6 6 3 2 6 2 2 3 3 1 1 3 2 4 2 1 2 5 1 3 6 3 
5 5 3 1 0 2 0 5 4 1 2 0 2 3 6 5 2 2 6 0 3 0 
4 6 2 4 1 2 2 3 6 6 6 2 0 4 6 1 1 5 1 2 6 3 
2 4 5 5 6 5 0 3 0 4 2 4 3 3 0 5 1 1 2 2 1 2 
5 0 4 2 1 4 0 4 4 3 2 4 0 6 1 3 1 0 5 3 4 4 
2 6 5 5 1 6 5 1 3 4 0 5 4 2 0 1 3 5 6 3 5 2 
5 0 6 5 1 5 0 5 3 5 4 6 1 2 3 2 4 5 2 1 4 2 
45 13
2 12 8 3 0 10 12 12 11 11 10 6 8 0 10 6 10 10 1 8 0 4 9 2 7 1 8 12 10 2 8 11 9 3 3 3 0 10 8 11 7 6 8 6 11 
9 8 8 4 2 11 3 5 6 6 6 4 3 6 3 9 4 11 11 0 5 7 10 0 9 3 2 0 5 11 2 2 6 2 4 6 5 8 12 12 7 9 4 10 5 
11 2 7 9 10 6 12 9 0 4 1 6 0 4 7 9 0 0 1 2 8 11 10 5 5 9 10 9 9 2 11 3 7 12 1 4 9 11 5 11 2 12 3 8 1 
5 1 3 8 11 12 1 10 5 0 9 8 1 10 4 10 7 8 10 11 2 7 9 8 11 12 6 8 7 5 3 7 6 4 10 1 1 7 5 2 3 12 9 2 5 
6 6 6 2 10 4 7 9 10 5 1 5 10 8 11 5 12 11 2 7 4 7 7 7 1 11 6 5 10 5 6 5 2 7 3 1 4 4 4 9 3 8 8 11 12 
1 2 9 7 6 0 7 3 7 12 4 2 7 4 6 0 2 2 0 12 12 11 7 0 7 5 12 0 4 3 0 6 9 6 11 12 6 1 10 6 9 0 6 12 9 
0 2 6 10 6 8 7 12 0 8 5 5 7 7 5 8 6 1 2 10 7 7 8 11 4 12 11 2 12 3 12 10 2 9 9 12 8 8 6 10 6 9 0 5 10 
8 5 0 9 6 8 12 12 4 1 7 5 9 10 1 7 2 5 10 3 10 11 6 8 8 10 6 9 5 5 3 1 4 5 7 9 7 8 11 8 10 8 0 11 4 
7 8 4 9 7 1 5 10 7 0 6 3 2 7 5 7 7 0 0 7 12 7 6 7 5 8 1 10 10 9 3 8 0 8 8 6 2 2 2 6 6 6 1 10 8 
5 3 5 0 9 1 8 4 8 2 5 9 1 9 12 6 0 5 0 8 2 7 9 7 8 11 6 2 12 10 6 6 1 12 0 11 11 1 4 4 10 9 2 3 11 
9 0 2 10 8 6 9 1 12 3 2 11 10 4 7 0 4 3 11 7 5 8 0 2 3 6 1 6 6 3 8 2 5 10 6 3 0 11 3 11 9 12 5 5 7 
6 10 6 12 3 5 4 9 7 7 3 8 0 2 2 7 2 8 3 8 6 5 5 6 4 6 6 4 9 5 6 12 9 11 5 6 5 6 2 10 10 11 2 6 10 
10 6 1 7 4 4 5 7 1 5 9 12 0 9 8 10 0 0 5 9 7 12 7 0 3 3 7 10 3 7 10 7 7 11 12 7 4 10 5 8 2 7 10 6 9 
0 4 1 12 11 5 0 10 1 8 9 5 7 1 3 0 0 10 1 12 10 2 1 11 2 8 4 8 7 12 1 11 2 0 2 5 10 7 8 1 4 1 2 10 1 
10 10 8 2 3 9 8 3 6 0 9 2 10 1 10 8 2 7 3 1 8 11 5 11 5 2 3 12 7 8 0 0 4 1 8 12 12 10 2 5 4 5 10 10 0 
8 8 0 11 0 2 5 9 4 2 3 1 8 5 0 4 5 9 3 9 2 1 5 11 10 3 8 9 7 6 6 5 2 1 5 12 0 4 0 8 12 6 5 11 7 
1 2 6 5 9 1 1 8 1 2 9 2 8 1 10 11 9 4 2 10 1 11 5 4 0 9 9 12 0 4 2 3 11 2 0 1 2 10 11 3 5 6 0 4 11 
3 0 11 12 9 1 0 7 4 11 12 10 3 9 10 2 10 12 5 11 0 11 5 8 1 12 9 4 4 3 3 4 2 12 3 7 8 0 1 10 3 1 3 9 7 
12 4 0 8 2 4 5 11 6 3 6 12 1 2 2 8 3 3 8 10 9 5 8 11 4 3 7 11 0 0 8 10 8 5 11 3 5 6 8 8 5 12 8 0 10 
5 4 9 0 9 11 10 3 6 8 1 5 12 1 4 6 1 10 7 5 7 7 7 12 2 6 4 8 6 7 8 9 11 2 0 7 2 7 1 6 11 11 4 6 7 
4 8 9 0 1 4 2 3 8 7 7 11 9 1 12 10 4 2 7 6 10 6 3 2 3 1 0 12 7 5 0 10 10 0 9 8 8 6 4 2 10 8 7 3 6 
4 9 10 2 11 3 3 10 1 12 5 4 3 5 12 8 8 8 1 4 3 2 0 0 10 5 12 4 11 4 6 4 8 10 1 5 8 0 12 4 1 8 8 12 7 
8 11 2 4 8 6 11 5 1 5 0 8 9 11 10 2 0 8 7 5 5 9 0 7 2 0 5 10 1 3 12 9 6 7 6 6 3 3 8 7 1 0 4 3 4 
3 9 10 10 3 10 5 5 4 8 1 5 3 6 8 1 3 1 6 10 4 8 0 5 3 7 9 2 8 9 6 10 10 2 4 4 3 7 2 11 4 3 0 0 9 
10 6 7 6 3 10 4 0 5 2 2 12 12 9 1 0 3 10 3 6 9 11 12 5 9 12 10 3 7 4 1 6 2 10 7 7 11 9 4 10 0 11 5 12 2 
12 4 4 10 12 3 2 0 5 2 5 7 11 1 12 6 10 3 2 0 5 3 5 0 8 4 1 12 4 11 3 7 8 1 3 10 12 2 5 0 6 12 5 3 11 
5 8 10 6 1 6 5 5 6 2 6 9 9 7 3 1 9 0 8 1 1 11 5 12 5 9 3 2 7 9 12 11 7 10 5 2 5 0 8 8 4 12 3 1 8 
8 4 7 6 5 9 12 5 9 10 1 4 5 3 9 11 12 9 3 8 8 6 10 9 3 12 11 0 3 4 4 7 10 3 3 1 11 1 8 8 9 10 3 9 12 
7 7 9 9 11 2 7 11 5 5 1 8 3 7 5 1 1 0 5 1 10 10 12 2 8 3 7 5 6 6 8 3 6 3 1 1 12 7 2 1 5 6 2 9 4 
11 0 5 7 10 6 10 3 7 9 10 5 11 8 1 10 4 0 11 3 11 4 9 11 1 4 0 8 1 10 1 1 1 0 11 3 0 0 0 9 12 1 11 12 8 
12 3 12 3 2 8 7 1 2 7 7 5 11 7 12 5 11 6 0 11 0 6 3 10 9 7 8 7 6 11 12 2 5 4 3 0 11 10 2 0 5 1 6 1 1 
10 2 1 7 1 4 2 7 0 2 10 2 8 3 1 4 0 3 5 12 9 0 1 8 10 2 7 0 11 6 4 3 5 5 5 3 3 1 1 3 9 5 5 8 7 
0 2 10 10 4 1 11 12 11 5 11 5 9 3 6 3 11 5 9 11 4 1 9 6 12 10 9 7 12 4 4 8 7 9 9 3 0 11 7 5 10 3 5 4 11 
1 12 1 1 5 7 4 11 12 9 6 0 1 11 0 1 6 6 2 9 6 7 12 5 5 2 9 4 5 5 12 5 4 10 12 2 1 1 4 2 7 5 5 0 5 
10 5 9 5 6 4 3 3 4 7 11 12 4 8 2 5 5 8 4 10 3 8 7 0 12 7 0 1 1 6 2 4 5 12 8 10 9 12 12 11 4 1 8 8 10 
3 12 5 5 7 1 5 3 5 1 1 6 6 11 6 8 6 10 10 5 9 10 9 9 1 9 5 4 1 0 1 3 1 1 9 1 7 12 4 1 2 12 3 2 3 
9 9 1 1 4 2 12 10 0 3 0 2 3 12 12 6 8 5 2 11 7 5 1 8 5 3 5 2 0 10 2 4 4 1 9 8 12 5 11 6 0 2 4 11 5 
2 1 2 4 2 0 1 1 1 12 10 3 9 10 7 4 2 11 1 5 10 12 9 4 12 8 3 7 0 3 8 11 8 3 2 10 2 3 4 9 5 12 0 5 1 
4 10 2 12 2 5 4 10 6 6 1 9 12 4 1 6 11 5 0 11 0 9 4 10 3 6 10 0 11 10 11 7 8 5 6 7 9 3 7 3 12 7 5 11 8 
7 4 4 1 6 4 4 10 4 9 4 1 7 12 0 9 10 9 1 9 12 12 8 11 9 4 5 12 7 8 12 6 7 1 3 8 0 7 1 3 11 2 9 1 3 
6 7 0 2 11 5 2 9 5 5 10 1 11 1 4 0 5 4 8 2 7 6 0 5 11 3 10 12 2 7 7 3 1 9 0 7 6 12 6 10 11 2 3 10 2 
8 3 4 5 7 7 6 4 6 0 8 7 7 3 2 0 2 10 6 3 4 10 9 4 4 12 11 11 9 1 9 1 9 2 7 5 9 10 11 5 11 12 0 0 6 
7 1 1 11 10 3 2 0 5 6 1 2 9 0 10 7 6 4 4 2 6 3 9 8 11 10 5 10 3 4 7 3 9 11 1 8 4 10 10 0 2 10 4 6 0 
12 2 8 9 11 8 6 10 0 0 10 1 8 7 4 0 7 0 2 3 5 0 8 3 11 12 5 3 4 2 0 0 5 10 12 2 9 0 6 11 3 8 5 11 3 
0 12 0 3 11 8 0 8 1 5 4 9 4 7 3 7 9 3 7 0 10 8 3 8 0 3 9 11 8 3 2 9 7 7 4 2 7 0 6 4 5 9 2 1 2 
8 2 3 2 11 5 10 9 1 5 8 1 12 9 4 1 8 9 11 11 2 5 5 2 4 10 6 11 8 0 2 9 8 3 1 0 1 8 2 6 5 10 12 11 2 
3 3 7 3 0 10 2 9 5 2 2 1 9 0 11 3 6 10 5 5 7 6 4 11 9 5 7 1 6 2 1 6 3 8 4 4 4 0 2 3 0 6 0 11 11 
4 12 3 10 8 10 10 1 6 12 12 7 12 1 8 7 7 4 11 3 2 1 9 11 11 0 1 12 4 3 10 9 6 6 12 10 8 9 4 3 0 0 9 6 5 
11 12 0 6 10 0 2 8 8 4 5 6 4 1 10 2 5 2 2 3 4 7 8 9 12 3 8 2 5 0 5 3 1 4 1 12 9 3 7 8 7 0 3 9 4 
6 10 11 3 4 5 3 8 4 6 9 10 11 12 1 12 0 9 0 12 3 7 6 7 4 0 7 4 3 7 0 8 12 7 3 0 8 0 0 3 6 1 10 0 7 
3 11 0 11 10 4 3 10 5 6 5 12 3 6 9 9 5 4 6 11 5 0 9 5 6 7 6 5 7 1 2 2 5 6 10 7 0 3 5 2 9 11 5 10 7 
2 3 0 7 6 0 2 3 2 9 11 4 6 0 12 11 0 7 9 3 4 0 3 7 11 11 7 10 5 1 7 5 4 2 5 6 12 11 6 10 0 4 1 4 12 
10 6 12 6 11 11 0 11 1 10 11 8 3 7 10 11 4 8 10 1 3 2 3 7 1 0 9 3 0 2 10 4 10 7 5 7 0 3 12 5 3 5 0 5 4 
5 7 1 1 2 6 3 9 5 8 1 12 1 2 11 0 10 11 11 11 12 7 1 6 3 2 4 7 1 6 7 9 7 2 6 4 0 4 6 1 0 12 8 8 4 
11 5 9 8 2 12 6 8 5 0 1 3 7 9 0 1 8 3 2 8 12 0 0 2 10 2 1 9 9 6 6 2 0 3 7 6 10 7 2 9 1 11 9 6 12 
12 12 11 5 2 8 2 11 2 8 1 2 10 1 7 4 12 5 11 10 3 10 1 3 3 0 9 1 0 9 5 8 8 11 7 0 7 3 10 11 7 7 1 6 4 
9 2 1 4 12 7 4 5 12 10 8 1 12 8 1 7 2 4 1 7 2 8 2 6 4 12 5 2 5 1 10 6 11 2 2 6 7 0 8 4 0 2 1 5 9 
1 12 10 5 9 6 6 1 4 4 4 8 4 11 9 3 3 0 3 5 9 11 0 2 6 3 3 11 4 2 4 7 4 8 8 1 12 8 11 9 0 5 12 2 0 
1 11 6 2 1 12 6 0 3 10 7 1 3 11 2 6 8 5 2 8 12 5 0 12 9 10 3 9 7 0 3 4 11 0 8 10 0 2 6 7 7 4 12 0 3 
2 2 4 3 12 10 4 2 3 7 7 7 2 6 5 2 9 0 1 2 12 0 10 9 8 5 11 11 12 1 3 2 7 4 3 9 7 5 1 9 7 1 0 3 6 
4 3 3 11 9 7 1 8 12 9 11 11 4 11 4 4 3 3 5 10 6 0 1 4 11 11 1 12 9 5 1 3 4 4 12 1 2 11 7 5 5 8 12 12 5 
5 0 8 7 2 10 4 3 4 6 4 1 10 6 10 9 3 10 0 12 3 10 8 9 8 5 4 12 2 12 6 3 6 1 6 4 6 0 3 4 5 0 4 10 12 
10 6 5 9 2 2 4 3 12 10 7 0 9 10 4 5 8 3 11 11 3 12 0 0 11 12 11 1 1 11 4 1 1 10 8 2 12 4 11 5 11 6 5 3 11 
0 4 1 10 0 8 12 1 11 0 1 9 6 4 4 2 1 10 12 9 5 2 1 6 3 8 1 11 7 3 2 3 1 6 4 4 2 4 11 5 8 9 9 12 0 
11 5 4 5 11 6 2 1 2 7 0 12 10 4 3 10 2 1 1 8 12 12 9 12 7 8 4 3 12 8 6 9 7 7 0 2 11 4 0 8 12 12 2 4 3 
11 7 11 3 1 12 12 2 9 6 4 11 7 2 6 1 5 7 3 11 7 2 7 9 12 11 4 9 10 12 6 12 11 2 0 10 5 9 11 11 6 4 1 8 11 
1 1 7 12 4 4 11 8 0 8 3 3 11 2 12 0 7 6 3 6 1 8 4 10 5 2 8 10 5 7 7 6 1 2 11 12 6 7 11 9 0 9 5 0 8 
10 1 12 8 5 1 12 2 9 6 1 6 2 5 6 8 12 7 11 10 12 2 2 12 1 11 8 8 0 11 12 7 11 9 8 6 6 4 7 7 7 12 9 7 12 
10 10 1 1 12 11 1 1 10 10 3 10 9 11 0 5 11 2 4 4 5 12 2 8 4 9 0 2 1 0 0 4 0 3 2 3 1 3 12 0 6 5 11 3 0 
4 6 7 8 4 1 2 7 12 5 11 8 10 1 2 0 11 9 7 12 7 8 9 6 5 7 4 5 7 9 8 0 5 8 5 3 0 0 1 0 8 1 2 4 8 
9 5 5 11 3 8 2 5 1 3 5 2 12 1 1 1 4 3 7 10 11 6 12 12 6 9 10 1 5 9 1 4 2 1 11 2 12 11 9 7 9 0 12 10 11 
10 4 6 3 4 7 1 10 8 3 10 10 6 4 8 3 4 4 5 8 4 9 7 8 11 8 2 4 11 0 0 6 2 7 0 12 5 1 5 5 4 0 12 7 0 
4 9 8 9 8 6 2 3 4 8 1 9 2 12 1 1 8 1 7 8 7 6 4 5 6 2 0 3 11 2 2 8 0 3 12 11 2 6 5 12 9 10 12 8 3 
1 4 3 9 4 11 10 0 8 5 1 1 2 2 7 8 7 4 2 10 12 0 2 3 8 9 10 9 0 8 3 11 11 0 4 7 3 2 11 2 6 9 2 7 5 
11 8 5 10 6 10 10 8 8 10 12 4 1 3 9 0 0 7 10 5 8 5 10 1 5 10 3 6 4 10 10 6 7 0 3 4 4 4 0 4 8 0 3 6 10 
10 7 12 7 1 0 4 7 5 4 6 4 8 4 5 11 1 9 2 12 3 6 11 3 5 1 10 1 1 11 11 7 2 10 4 4 2 6 12 5 9 5 9 3 2 
12 11 2 3 2 11 0 2 8 0 12 6 6 3 0 2 3 0 2 0 4 6 5 11 10 4 12 10 9 6 2 8 0 11 4 9 9 8 6 0 2 11 7 6 5 
9 2 4 0 9 11 0 12 11 9 12 7 4 1 12 11 11 0 2 2 2 11 5 1 12 2 11 9 9 5 9 2 7 9 11 8 2 5 11 3 12 0 9 11 9 
6 12 9 7 6 0 10 4 6 6 11 6 5 8 6 8 5 6 2 11 0 9 10 7 10 9 8 12 10 9 10 7 6 3 6 1 2 6 10 8 3 8 10 7 1 
6 7 2 6 4 9 12 10 0 11 3 0 7 8 8 7 11 7 7 3 3 12 4 9 12 3 8 10 11 3 2 8 4 3 12 7 9 9 3 5 8 2 8 12 11 
4 1 9 2 12 4 7 7 3 6 7 6 7 8 12 10 2 4 2 8 10 12 10 10 0 6 8 7 12 7 3 11 2 12 8 11 2 3 11 4 1 11 7 3 9 
1 8 8 10 6 1 3 0 11 9 12 4 6 11 7 10 8 7 2 6 8 5 0 1 6 5 3 6 9 3 4 11 8 10 7 2 1 12 10 6 8 12 10 0 7 
7 1 0 7 9 8 4 10 2 1 2 8 12 5 7 1 10 0 3 10 9 1 2 11 3 4 4 1 8 6 9 4 3 7 0 7 12 10 9 4 7 8 1 11 12 
0 2 4 1 2 8 6 4 12 11 9 2 9 5 0 12 0 3 4 4 9 9 11 4 8 1 9 11 10 8 8 7 3 9 1 5 0 9 9 12 11 12 11 10 0 
1 7 3 7 1 8 6 4 8 9 11 9 10 2 9 0 1 5 6 8 2 3 1 9 8 2 0 4 11 11 0 10 2 8 3 8 11 9 12 11 11 0 8 4 10 
8 4 5 4 9 7 0 3 8 4 3 12 3 1 11 7 5 11 3 11 6 8 8 12 9 10 0 10 8 3 3 12 9 11 5 6 4 4 1 1 11 11 0 10 8 
2 5 3 4 10 10 2 8 0 4 4 2 7 3 8 8 0 9 9 10 9 3 5 1 11 10 5 12 12 7 0 11 0 3 1 3 4 11 8 5 2 0 5 10 8 
4 9 10 5 7 3 6 1 8 8 1 12 9 5 3 7 7 11 10 0 12 7 6 6 10 10 5 0 7 12 7 10 12 5 8 0 11 0 10 8 0 0 5 5 6 
9 10 8 3 1 6 5 11 7 12 5 4 8 0 6 10 12 6 8 10 7 12 10 3 9 12 5 11 4 7 11 6 0 2 4 8 9 8 3 4 8 8 7 0 11 
7 2 10 10 11 10 4 4 4 0 5 5 1 7 11 9 10 7 5 2 7 10 6 4 3 11 4 3 1 7 8 9 12 6 5 5 6 8 12 4 2 8 7 11 12 
19 3
2 0 0 0 2 0 2 2 0 0 1 0 0 2 2 2 2 0 2 
0 2 0 2 2 0 2 2 2 0 0 1 1 2 2 0 2 1 2 
0 1 1 2 2 2 0 0 2 0 1 1 1 0 0 2 0 1 0 
2 2 0 0 2 2 0 2 1 1 1 2 2 0 2 1 1 1 0 
1 2 0 1 2 2 0 0 1 1 1 2 1 1 2 0 1 2 0 
1 0 0 1 2 0 0 2 0 0 1 2 2 0 2 2 1 1 0 
1 1 1 2 1 0 0 1 1 0 0 2 0 2 1 1 2 2 0 
2 2 0 1 0 0 1 2 2 0 1 2 0 2 0 0 1 0 0 
0 1 2 2 2 0 1 0 1 0 2 1 2 1 2 2 2 1 0 
1 2 1 1 1 2 2 2 0 0 2 2 2 0 0 1 0 0 0 
1 0 2 0 0 2 1 1 0 2 1 0 2 1 0 1 2 1 0 
2 1 1 2 2 2 2 1 1 0 0 0 1 2 0 2 1 0 2 
0 1 2 0 0 0 0 1 1 1 1 0 0 0 0 1 2 2 1 
0 1 0 0 2 0 1 2 1 1 1 0 1 2 2 0 1 0 1 
0 1 2 1 1 2 2 0 0 1 0 0 2 1 2 0 2 1 1 
0 2 0 2 1 1 2 0 2 2 1 1 2 1 1 1 0 0 2 
1 0 1 1 2 0 0 2 2 0 1 1 0 2 2 1 1 1 2 
1 2 2 0 1 0 2 0 1 1 1 0 0 0 1 1 1 1 1 
0 0 2 0 1 1 2 1 0 0 2 0 2 2 1 1 2 1 2 
1 0 0 2 2 2 1 0 0 1 2 0 0 2 0 1 1 0 1 
2 0 0 1 0 2 1 1 2 1 2 2 0 0 2 2 2 1 2 
2 1 2 2 2 2 2 1 1 2 0 0 2 1 2 1 1 2 2 
2 1 2 0 2 2 1 0 1 0 0 0 0 1 2 2 1 2 0 
0 0 1 1 1 0 0 2 1 0 0 1 1 1 2 0 2 0 1 
1 0 0 2 0 2 0 2 2 0 1 2 2 2 1 2 2 1 1 
0 0 0 1 0 1 1 0 1 2 1 1 2 2 0 1 1 0 1 
2 2 2 2 1 0 0 1 2 2 0 0 1 1 2 0 1 0 0 
0 2 1 2 1 0 1 1 1 0 0 0 1 0 0 1 2 1 2 
2 1 2 1 0 2 1 2 0 1 2 0 2 2 2 2 1 0 2 
2 1 1 2 2 2 0 2 1 1 1 1 1 2 1 1 0 1 1 
0 1 1 0 2 2 0 0 2 2 1 1 2 0 2 2 2 2 0 
2 0 2 0 1 0 2 0 0 0 2 2 1 0 1 2 2 0 2 
1 2 0 0 0 0 0 1 1 0 0 1 2 1 1 2 0 0 1 
1 2 0 2 1 1 2 1 1 0 1 2 0 0 2 2 1 0 0 
2 1 2 2 0 2 0 2 0 1 0 0 1 1 0 1 2 1 0 
0 2 0 1 0 1 0 1 0 2 0 1 0 0 1 2 0 0 0 
1 1 0 0 2 2 0 2 2 0 0 2 1 0 1 2 1 0 2 
0 1 1 0 0 2 2 2 0 1 2 1 2 2 0 2 2 2 1 
40 13
10 6 5 4 4 9 8 2 9 5 8 7 1 0 4 10 10 5 7 4 7 6 2 1 11 12 7 10 4 6 1 12 10 2 9 1 1 9 1 12 
1 6 11 11 2 2 6 3 1 5 1 4 12 4 7 9 9 7 1 4 3 1 6 1 2 11 11 0 4 7 11 1 3 6 4 12 9 3 12 2 
7 7 10 5 12 9 2 8 3 4 12 7 7 7 12 3 3 1 5 9 11 5 3 1 8 8 9 8 8 12 1 11 6 2 6 5 6 6 5 5 
8 1 8 8 12 11 11 4 6 6 1 5 7 7 6 8 10 12 5 11 10 1 6 12 4 10 11 6 7 1 5 3 6 9 11 9 12 12 9 0 
6 2 3 11 9 9 11 6 12 3 9 8 5 10 8 10 1 10 7 0 11 10 9 5 5 11 2 7 9 1 9 5 8 1 0 5 10 0 2 1 
2 2 3 10 5 2 12 11 7 3 9 2 4 8 10 5 4 0 5 3 4 6 0 0 9 7 6 9 5 8 11 12 1 4 12 6 5 8 3 11 
9 11 6 1 7 3 0 9 3 7 10 3 12 1 2 2 11 3 1 10 12 10 10 3 10 10 2 6 0 2 10 8 12 3 0 8 4 9 11 9 
7 11 0 9 7 3 3 3 7 5 6 12 8 9 3 1 0 6 4 8 5 6 5 5 0 9 5 7 6 1 5 3 0 9 9 7 2 2 3 9 
4 8 2 8 11 6 1 6 9 0 4 10 5 6 11 3 0 4 0 6 6 7 12 4 11 0 3 3 9 5 0 9 2 9 7 0 1 3 9 3 
7 0 2 0 9 4 3 10 7 2 7 1 10 10 1 9 11 8 7 12 11 12 0 6 5 6 6 5 12 8 10 9 11 5 11 0 7 6 8 12 
7 1 0 1 2 10 10 8 5 12 7 2 8 10 6 10 4 5 7 3 6 1 4 6 4 3 7 10 5 4 4 0 8 3 2 5 12 12 3 3 
4 7 5 2 2 2 2 9 6 3 7 2 5 12 8 8 10 11 4 0 6 10 11 0 6 3 7 12 4 2 0 3 6 4 0 7 5 3 10 4 
7 10 5 1 12 4 6 12 6 5 6 12 11 9 8 12 2 11 2 7 3 4 9 0 7 3 9 0 9 11 9 12 12 0 0 10 5 12 7 10 
9 0 9 4 4 6 0 1 6 4 8 12 10 10 8 11 4 6 5 4 11 8 12 2 8 9 11 6 12 8 3 6 3 9 4 3 10 8 12 8 
10 6 3 8 7 5 1 4 7 6 2 2 0 5 1 9 1 10 4 2 4 8 2 11 3 11 11 3 6 2 10 9 10 5 12 7 7 4 3 8 
12 8 4 3 11 9 12 0 10 12 7 8 9 1 11 1 12 4 3 9 12 3 2 0 12 2 9 8 8 1 5 1 12 5 2 1 4 1 8 1 
7 3 7 1 3 4 6 1 12 10 4 12 6 7 3 4 9 7 12 8 1 11 1 7 10 7 7 4 1 5 2 6 2 6 7 4 5 12 8 12 
0 0 2 0 10 1 12 7 6 5 8 6 5 7 5 5 8 11 3 11 3 10 3 5 11 1 12 12 11 6 0 12 2 0 9 3 8 2 9 9 
3 0 11 12 3 11 2 10 0 12 12 2 8 7 6 9 8 10 2 0 12 3 12 1 6 10 11 9 7 6 0 11 2 3 9 2 10 11 10 9 
1 11 4 0 0 3 2 4 12 4 8 8 8 5 11 9 0 10 10 11 6 0 12 0 11 5 5 7 0 8 6 8 2 3 5 10 6 3 2 12 
3 0 9 7 5 8 6 6 9 8 12 3 6 0 1 5 3 7 9 5 0 0 11 1 3 1 11 3 10 1 10 6 4 10 11 12 10 11 6 4 
9 8 8 9 5 11 10 1 5 5 6 8 10 2 3 6 9 1 0 0 1 1 1 1 5 11 5 7 7 9 2 6 1 10 11 1 0 4 12 0 
1 8 9 3 9 2 6 11 2 8 3 2 8 10 5 11 4 4 12 1 4 5 8 12 6 5 0 2 12 1 12 2 9 2 8 8 8 7 1 12 
1 10 2 3 4 11 2 4 10 0 6 4 3 7 9 2 0 7 0 6 1 1 11 0 4 7 5 5 4 8 2 9 4 1 1 3 10 7 12 1 
11 0 0 11 5 12 9 8 0 6 4 10 12 1 3 12 1 6 6 1 2 10 11 0 1 11 11 4 2 9 7 8 5 7 0 7 11 9 10 11 
8 10 2 2 8 4 12 11 7 6 12 5 10 12 7 6 11 6 4 7 12 0 4 2 9 1 8 3 2 10 4 4 2 3 12 1 1 11 8 12 
4 1 0 10 8 3 4 3 7 4 12 4 3 3 10 3 10 10 8 10 1 8 12 10 10 9 1 6 5 5 10 4 7 9 10 12 9 8 2 0 
9 0 10 3 9 2 9 2 11 6 10 2 2 7 0 6 1 11 10 9 0 6 12 8 0 8 1 12 6 6 2 12 4 8 9 1 7 8 5 11 
9 1 6 1 2 6 7 1 1 9 3 8 0 1 0 6 12 5 6 10 5 2 6 4 3 1 3 11 9 8 6 3 5 3 8 5 11 4 11 4 
6 3 6 8 12 6 8 1 12 10 6 6 5 11 7 11 11 9 11 3 9 2 1 1 4 3 4 11 11 11 6 10 7 6 8 1 1 3 11 12 
12 6 4 5 6 7 12 5 7 8 4 10 4 5 9 6 4 8 9 1 9 1 6 6 1 7 6 2 11 4 3 6 9 10 4 1 12 2 6 7 
2 12 12 7 5 7 2 10 3 9 2 2 8 6 12 9 3 8 6 5 11 10 3 6 5 10 10 9 2 11 12 3 8 1 0 10 1 1 8 1 
11 4 11 1 2 4 8 4 11 2 4 2 3 10 5 10 7 7 3 11 12 8 1 7 3 10 7 9 11 6 1 12 2 3 0 6 0 5 7 10 
11 3 4 12 3 12 9 2 12 3 8 1 2 1 7 11 7 4 9 4 6 4 7 9 9 3 10 6 9 7 4 1 12 0 9 10 4 2 3 8 
6 3 8 11 9 7 0 8 9 12 0 8 9 11 1 3 12 6 2 8 12 3 9 10 12 2 9 7 3 3 3 2 2 7 6 0 6 4 11 1 
12 5 9 10 10 12 2 4 7 2 10 4 6 2 10 2 9 5 2 7 6 6 4 7 0 7 10 5 4 1 5 6 3 10 8 1 11 1 9 11 
12 1 6 8 8 3 4 0 10 11 10 10 8 8 11 8 5 1 10 4 6 6 12 0 7 4 4 8 1 3 2 10 3 5 10 8 5 6 12 1 
5 6 6 12 9 11 0 6 8 6 3 8 3 12 4 10 9 3 7 3 10 9 7 4 4 12 10 3 2 0 9 1 12 1 9 0 0 0 2 9 
2 8 10 3 8 3 3 10 0 6 12 6 2 9 4 9 7 5 10 12 6 3 9 6 12 4 3 6 6 8 6 2 6 2 2 5 3 0 9 1 
6 4 9 12 7 8 4 10 2 2 8 8 11 11 6 0 3 1 9 8 0 0 10 5 0 1 7 10 0 9 10 5 8 3 0 1 10 2 12 3 
7 10 8 12 11 9 6 3 0 12 7 0 6 6 12 0 3 5 4 11 11 3 10 0 3 11 4 5 12 7 3 7 2 5 8 1 2 10 0 4 
5 2 6 0 1 7 7 7 2 2 0 9 8 9 3 4 2 1 10 8 1 12 10 11 2 11 9 10 0 1 2 10 1 6 9 6 0 7 3 9 
3 12 0 2 1 5 9 3 0 10 6 12 1 12 1 3 10 5 3 5 7 11 4 4 3 0 0 5 10 8 10 6 6 6 3 7 4 8 2 11 
1 12 4 6 6 4 0 6 5 2 5 6 0 10 10 8 2 12 7 9 2 10 11 12 8 7 11 5 11 2 9 7 1 9 12 0 8 0 0 10 
6 1 7 8 10 10 10 0 12 7 11 2 4 12 12 1 10 12 2 9 4 8 6 11 4 0 3 7 8 8 10 2 12 2 11 11 4 7 5 6 
10 9 10 11 3 3 6 10 1 11 12 9 0 3 10 9 12 3 6 12 9 2 6 10 10 9 6 12 1 8 11 4 11 12 10 4 3 10 8 1 
0 11 8 12 4 9 11 4 10 7 11 9 11 4 10 6 2 12 10 2 12 4 12 12 11 0 0 5 8 11 6 7 8 7 10 2 1 10 12 9 
9 12 9 3 8 9 2 9 4 10 4 5 10 9 0 6 9 12 10 1 6 12 2 4 4 8 11 5 3 7 1 11 9 5 1 2 8 2 2 3 
10 8 4 5 4 12 7 8 12 4 10 11 8 6 1 7 6 4 4 10 0 4 5 11 10 8 5 1 10 1 7 11 10 11 12 6 10 10 10 0 
2 0 9 0 5 5 3 3 10 7 4 2 0 6 5 0 9 10 5 8 5 9 12 3 3 1 1 11 10 12 9 0 12 0 4 1 11 12 6 1 
0 12 6 1 9 1 3 11 4 4 12 1 3 4 12 8 9 3 5 2 7 9 10 11 6 10 3 6 10 5 6 7 11 6 7 5 11 4 0 0 
4 12 5 12 7 7 10 0 9 12 5 11 0 12 7 10 7 5 1 1 3 2 9 11 10 12 8 6 2 0 9 10 11 4 11 5 9 2 1 0 
3 0 9 4 11 1 11 8 8 5 7 8 9 2 11 8 6 2 8 0 3 3 4 4 8 0 5 9 5 0 4 2 2 6 6 7 7 10 2 5 
7 1 7 0 6 9 10 7 1 4 2 9 11 5 9 8 2 4 3 5 2 10 9 2 0 8 7 9 2 0 3 6 10 12 0 12 12 3 6 10 
8 2 5 8 4 6 10 2 3 0 9 11 4 2 8 1 4 0 9 12 4 7 9 9 9 8 11 7 3 4 11 3 5 1 6 9 8 0 12 6 
4 6 3 5 8 8 12 4 5 9 5 3 4 4 3 0 12 2 9 8 11 12 0 12 1 10 11 7 1 7 2 6 1 6 11 2 4 4 3 3 
8 5 5 6 7 8 7 1 3 10 5 10 4 7 4 10 9 0 6 12 3 3 7 0 4 10 10 1 8 0 8 1 3 0 3 10 12 3 12 4 
1 6 9 6 0 4 2 5 2 3 5 11 11 12 4 12 9 6 0 10 2 0 6 7 12 10 2 2 7 9 11 11 8 12 4 12 2 4 5 7 
6 4 9 2 0 12 7 5 8 10 11 8 11 1 5 11 2 8 3 0 4 7 10 7 4 11 6 9 10 0 10 12 9 2 7 11 2 4 10 12 
6 9 1 0 0 9 11 8 1 10 2 1 4 9 12 12 11 5 4 11 7 3 7 10 9 4 0 11 8 12 4 10 9 11 7 8 11 2 11 12 
0 6 7 11 12 2 0 9 3 4 8 1 0 4 6 0 1 8 4 8 11 1 2 0 6 4 3 4 8 10 2 4 6 0 3 1 0 11 3 10 
4 3 0 7 1 5 11 8 2 4 5 3 1 3 3 12 4 8 1 4 9 5 11 2 5 7 12 12 1 1 2 0 6 0 12 3 0 9 6 4 
3 4 12 9 1 3 11 7 11 5 5 5 11 8 7 4 7 11 9 0 12 2 10 4 6 1 4 1 1 10 12 4 12 6 9 11 1 2 11 2 
2 7 4 8 12 6 0 9 8 0 7 6 0 4 5 4 0 4 12 3 4 5 8 9 11 4 2 1 0 8 10 0 6 12 1 2 0 11 6 10 
0 9 1 4 11 5 10 7 10 10 10 0 0 11 3 10 0 2 6 5 12 11 7 4 7 4 10 6 2 3 0 10 7 10 12 8 6 12 10 10 
9 9 9 12 4 1 2 10 2 11 6 12 0 2 1 7 5 8 7 6 11 10 7 4 3 9 10 5 2 12 7 10 10 11 0 7 10 5 1 0 
2 5 0 10 10 4 2 9 11 2 11 3 7 5 3 11 12 2 10 4 9 11 6 0 2 8 12 3 6 0 0 3 3 7 0 5 1 10 10 8 
7 6 3 3 3 4 8 0 8 0 10 7 8 3 1 1 11 5 6 10 9 6 11 1 5 2 5 9 4 9 1 8 8 0 7 10 5 6 2 5 
1 7 10 8 4 5 9 7 3 3 3 8 2 4 0 8 0 7 7 6 12 9 5 0 5 6 5 6 12 2 1 11 4 9 9 12 11 3 8 11 
4 10 11 9 4 0 0 7 3 10 8 3 11 8 7 9 2 1 6 3 10 7 1 0 2 1 5 12 10 7 0 0 1 9 3 1 3 6 10 3 
6 8 10 3 9 10 12 6 8 1 12 0 9 6 4 4 3 12 10 3 0 10 10 5 2 4 11 10 1 6 11 11 6 3 7 0 0 1 3 6 
3 4 5 11 9 4 6 9 1 3 10 2 4 9 2 7 12 12 3 3 9 2 9 9 0 11 5 0 5 4 4 10 1 12 7 11 6 9 5 12 
2 1 0 10 3 7 2 11 2 7 1 9 8 7 3 0 1 2 3 7 4 12 7 5 2 4 9 7 0 6 8 5 3 8 6 12 12 1 10 5 
0 1 9 12 5 3 2 7 6 10 0 1 0 8 4 8 11 5 1 6 5 7 6 0 9 4 11 10 6 5 9 0 8 9 5 10 9 4 6 11 
4 10 9 4 3 1 5 11 11 5 0 11 9 9 11 8 5 2 1 12 5 2 9 3 12 4 4 8 12 7 9 4 10 5 1 5 0 4 0 8 
0 7 3 4 2 11 4 2 5 7 12 11 12 1 6 6 3 4 0 9 10 8 9 3 4 2 5 12 10 1 5 9 1 5 10 8 2 10 9 11 
5 2 9 9 0 8 1 8 9 12 2 0 7 10 6 3 8 1 4 10 11 12 6 6 0 12 9 2 3 3 11 12 12 7 5 10 0 11 2 1 
6 5 12 8 10 12 0 0 1 3 7 12 7 5 8 0 2 4 11 4 3 2 12 3 3 6 11 4 3 12 1 3 10 12 0 5 0 8 5 0 
1 10 6 4 11 9 1 11 5 6 8 10 7 2 8 12 3 11 12 10 2 11 11 11 5 9 7 9 4 10 4 9 6 12 7 8 4 11 2 2 
9 8 11 12 6 12 8 7 4 5 11 5 3 5 3 8 4 7 3 12 4 6 7 12 3 0 8 5 10 4 9 5 7 5 10 11 9 12 6 12 
19 2
1 0 0 0 0 0 0 1 1 0 0 0 1 0 0 0 1 0 1 
0 0 0 0 0 0 0 0 1 1 1 1 1 1 0 1 0 0 1 
1 1 1 0 0 1 0 1 0 0 1 0 0 1 0 1 1 1 1 
0 0 0 0 1 0 0 1 1 0 1 1 1 0 0 0 0 0 1 
0 1 0 0 0 1 1 1 1 0 1 1 1 0 1 0 1 1 0 
1 1 1 1 0 0 1 1 1 1 1 1 1 1 0 1 0 1 0 
0 0 1 0 1 1 1 0 1 0 0 0 0 1 1 0 0 1 0 
0 1 1 1 0 0 1 0 1 0 1 0 1 0 1 1 1 1 1 
0 0 0 1 0 1 1 1 1 1 1 0 0 0 0 1 1 1 1 
1 0 0 0 1 0 1 1 1 0 0 0 0 0 0 1 1 0 0 
1 0 1 1 0 0 0 0 1 0 1 0 0 1 1 0 1 1 0 
0 1 0 0 1 0 1 0 1 0 0 0 1 1 1 1 1 1 0 
1 0 0 1 0 1 0 1 0 1 1 0 0 1 0 1 1 1 0 
0 1 1 1 1 1 1 0 0 0 1 1 0 1 0 1 0 0 0 
0 0 1 0 1 1 1 0 1 0 1 1 0 1 0 0 0 0 1 
1 1 0 0 1 0 0 0 0 0 0 1 0 1 0 0 1 0 1 
1 1 0 1 0 0 1 1 1 0 0 1 1 1 1 0 0 1 0 
0 0 1 1 1 1 1 1 0 0 0 0 1 0 0 0 0 0 1 
1 1 1 1 1 1 1 1 1 0 0 1 0 1 0 0 0 0 0 
1 1 1 0 0 1 0 1 1 0 0 0 1 0 0 0 1 1 1 
0 1 0 0 0 0 1 0 1 1 0 0 0 0 0 1 0 1 0 
0 0 0 1 1 1 0 1 0 1 1 0 1 1 0 1 1 0 0 
0 0 0 1 0 1 1 1 0 0 1 1 0 1 1 0 1 0 0 
0 1 1 0 1 0 0 0 0 1 0 1 1 0 0 1 1 1 0 
0 0 0 1 0 0 1 0 1 0 1 0 1 1 1 0 1 0 1 
1 1 1 0 0 1 1 1 1 1 0 0 1 1 0 1 1 0 1 
0 1 0 1 1 1 1 1 1 0 0 0 0 1 1 0 1 0 1 
0 0 0 1 0 0 0 0 1 1 0 0 0 1 1 0 0 1 0 
1 1 0 0 1 0 1 1 0 0 0 0 0 0 1 1 0 1 1 
0 1 0 1 0 1 1 1 1 1 0 1 1 1 0 1 0 1 1 
0 0 0 0 1 0 1 0 0 1 0 1 0 1 1 0 0 0 0 
1 0 0 1 1 0 0 1 1 0 0 1 1 0 1 1 1 1 0 
0 0 1 1 0 1 0 1 1 1 0 1 0 0 0 1 1 0 1 
0 0 0 1 0 0 1 0 0 0 0 1 1 0 0 0 0 0 1 
1 1 0 1 0 0 0 1 1 1 0 1 0 0 0 0 1 1 1 
1 1 1 1 1 0 0 0 1 0 0 0 0 1 0 0 1 0 0 
0 1 1 1 1 1 0 0 0 0 0 1 1 0 1 1 0 1 1 
0 1 0 1 0 1 0 1 0 0 0 1 1 1 0 0 0 1 0 
23 11
1 7 9 6 3 2 0 9 1 0 2 10 5 6 8 7 3 1 2 0 4 9 9 
9 5 7 5 2 0 1 10 4 3 7 3 3 4 10 3 7 0 5 0 6 6 8 
7 1 10 10 3 4 3 8 0 4 9 1 6 3 9 4 3 7 10 1 5 6 10 
6 5 4 9 4 2 3 0 3 0 1 2 1 1 3 10 2 5 8 6 4 8 7 
5 4 3 0 9 3 6 8 2 3 2 5 4 9 2 0 0 9 9 10 2 4 4 
5 9 8 10 3 0 2 8 4 2 7 5 0 5 2 4 6 9 3 7 9 7 10 
9 0 4 6 0 1 4 7 6 0 7 2 0 3 8 9 7 4 0 6 2 6 8 
0 0 7 7 9 8 10 2 8 5 8 2 4 9 3 0 6 9 8 2 1 4 0 
5 1 2 10 3 7 7 4 9 5 6 6 4 3 8 7 10 9 10 1 9 5 3 
1 8 0 3 10 0 5 5 1 10 4 6 4 3 5 8 7 2 7 6 6 2 8 
6 3 10 8 7 8 0 5 7 7 4 8 9 6 8 5 1 3 5 7 9 8 2 
3 8 0 2 0 3 10 8 10 1 4 6 3 1 9 3 2 5 1 3 6 0 7 
5 9 9 4 6 2 4 5 7 2 6 1 8 2 10 3 8 6 3 1 0 3 6 
8 5 2 10 9 9 3 4 5 10 7 0 8 5 10 6 0 6 4 6 0 2 4 
4 3 0 4 5 6 2 9 5 2 5 0 5 3 7 8 8 2 1 5 8 3 3 
5 9 7 6 3 1 1 7 5 5 5 10 4 2 7 2 4 5 0 2 8 9 8 
5 5 8 2 2 8 5 6 5 6 9 4 3 5 10 9 8 6 2 8 7 5 0 
9 1 8 6 3 1 9 1 9 7 3 0 5 2 9 10 7 4 0 0 1 9 10 
10 10 7 10 2 7 1 5 4 1 6 3 7 5 1 9 0 4 7 8 5 0 9 
7 4 6 4 3 1 4 10 10 3 4 0 1 8 7 6 6 3 5 7 0 3 3 
1 1 7 3 3 6 1 2 10 8 5 10 10 9 5 2 8 4 5 1 2 7 0 
4 0 4 9 8 1 3 8 3 5 0 0 1 1 7 10 9 4 4 1 6 2 4 
8 7 0 3 9 8 4 5 8 3 6 0 7 9 6 1 1 2 2 1 8 10 1 
4 1 9 5 4 7 5 3 1 7 1 5 5 4 1 10 6 9 5 7 5 0 8 
8 5 0 1 4 4 9 5 9 1 0 10 3 0 6 3 3 5 3 10 8 8 0 
0 0 0 8 7 4 7 3 9 6 4 8 8 9 8 8 7 9 7 2 8 0 10 
5 0 3 6 7 5 1 1 3 6 4 3 8 3 8 6 5 3 6 6 5 7 1 
8 0 6 9 4 3 10 1 5 1 10 5 9 0 9 0 3 8 4 3 2 10 1 
3 2 8 1 2 4 4 10 9 1 2 5 8 5 7 6 4 10 7 2 5 4 2 
4 6 7 1 8 7 5 4 6 4 3 6 0 6 4 9 4 3 3 5 7 6 10 
10 4 1 3 5 3 5 10 5 7 10 5 5 0 1 9 0 7 2 2 4 6 5 
5 1 9 3 7 4 7 0 5 8 4 8 1 10 1 4 4 6 4 8 4 0 6 
9 10 2 8 2 6 6 0 8 8 0 5 7 4 5 1 7 7 0 0 6 8 10 
10 6 5 5 5 1 7 5 1 7 7 1 2 2 0 1 6 6 6 8 0 6 3 
0 7 8 3 4 6 2 5 4 3 7 10 4 5 5 7 0 4 3 1 10 8 8 
0 8 9 2 5 3 9 3 10 4 1 10 9 0 1 8 6 6 2 9 6 0 7 
3 5 3 8 4 2 1 5 6 3 1 1 0 5 6 0 7 3 3 6 7 0 8 
0 4 0 1 6 8 10 8 6 1 4 10 7 2 9 7 0 5 3 6 1 5 3 
0 9 7 7 0 7 5 6 3 0 10 1 7 10 2 8 8 6 0 6 10 7 4 
8 0 8 5 9 0 8 8 6 10 6 5 4 7 10 6 6 1 10 3 6 1 9 
7 2 9 7 2 8 8 6 4 3 2 8 10 5 5 5 1 8 9 7 6 9 2 
7 1 1 5 6 10 3 3 5 5 6 0 7 1 8 10 3 5 3 0 0 1 6 
7 6 2 8 1 5 3 3 4 3 7 4 10 9 10 1 6 4 9 2 9 3 8 
1 2 0 9 10 0 3 1 0 9 9 7 2 2 2 4 10 8 5 3 8 9 3 
5 0 10 2 8 5 2 10 9 3 6 1 6 0 8 3 4 2 10 10 4 1 4 
5 1 1 5 4 5 9 0 5 0 10 7 10 1 2 7 10 3 5 2 6 5 3 
37 71
35 33 31 19 56 35 58 5 21 24 47 6 13 25 25 56 40 29 62 32 51 52 7 19 36 58 50 1 14 5 54 68 4 24 13 36 65 
67 63 17 10 66 53 20 24 62 36 11 1 37 63 51 59 5 28 22 43 12 64 30 15 50 48 51 20 22 38 16 50 61 58 3 44 28 
21 56 50 68 68 70 48 50 53 2 37 64 14 41 26 34 45 17 8 13 24 28 6 24 18 2 68 44 2 10 60 57 31 67 21 44 35 
40 49 69 64 63 55 14 15 67 40 63 13 50 37 25 59 9 7 46 27 27 66 60 7 70 6 50 69 57 56 31 38 65 65 36 40 57 
60 27 43 2 21 63 36 17 8 25 18 47 0 6 24 10 36 2 48 0 44 50 43 4 19 19 50 32 41 10 63 52 1 11 39 31 3 
70 45 27 1 8 33 64 67 62 54 13 8 19 49 21 20 44 14 43 20 6 9 67 5 40 67 24 54 60 70 67 70 51 31 20 60 48 
43 54 56 21 66 28 31 43 43 6 57 12 23 49 11 46 0 47 52 39 19 67 63 45 19 11 67 37 6 43 70 11 63 32 2 11 49 
59 62 59 40 13 31 37 42 28 27 39 1 37 0 10 43 43 2 7 5 59 9 24 25 45 1 39 12 3 52 10 38 34 17 54 31 38 
33 22 5 43 20 24 1 58 1 59 58 49 25 5 37 28 26 52 36 59 6 24 34 70 27 49 67 12 43 3 6 13 61 17 10 33 69 
25 13 30 55 19 7 19 11 9 14 12 41 31 29 16 3 66 47 67 68 52 53 3 68 32 9 53 14 13 51 63 55 30 32 49 38 0 
34 24 37 43 45 2 13 62 51 36 51 44 47 42 6 61 68 5 50 46 19 65 7 52 9 17 50 47 70 67 56 24 33 5 56 56 34 
36 29 0 33 58 33 1 7 61 5 55 47 30 0 35 46 30 29 52 28 21 28 52 48 17 68 22 64 40 67 70 39 60 12 67 12 69 
21 56 28 22 70 53 20 23 55 21 38 66 51 13 41 14 32 58 60 15 15 69 51 27 9 55 31 26 11 38 70 38 4 60 36 7 63 
3 68 19 27 34 70 57 47 38 24 25 25 42 0 64 44 60 20 24 59 56 56 60 24 47 58 29 10 29 56 47 57 24 65 24 24 13 
23 48 53 58 55 34 9 47 56 7 52 12 49 44 11 45 5 38 64 38 16 24 26 52 41 60 70 9 16 1 55 43 55 45 7 16 31 
66 49 37 61 54 6 34 24 41 16 59 48 11 70 43 30 7 17 30 27 19 47 41 49 1 41 25 12 17 32 5 40 42 48 56 1 46 
26 41 25 56 7 23 61 33 9 21 62 35 56 46 52 55 45 69 27 27 42 36 19 50 1 28 8 64 12 13 14 65 20 34 49 59 55 
5 45 10 19 8 10 14 26 44 30 30 9 60 59 32 34 47 0 32 65 27 62 13 68 63 31 46 5 70 67 25 40 59 5 55 1 3 
32 28 65 38 62 9 33 6 60 49 11 63 42 26 39 65 32 62 35 60 38 6 26 3 16 66 43 6 24 52 2 56 58 41 54 70 36 
61 21 18 63 65 42 46 28 61 1 60 54 55 20 47 27 1 2 5 46 32 6 16 0 3 63 21 22 30 17 15 15 57 13 3 70 27 
70 11 68 49 63 45 68 47 43 45 53 7 27 15 25 45 12 45 14 51 11 28 17 10 28 29 0 16 51 24 13 11 56 18 9 44 63 
5 34 58 70 5 4 59 43 67 31 40 33 18 36 13 15 53 2 14 7 37 61 19 42 15 52 8 54 30 38 15 58 28 29 20 13 26 
54 22 44 26 7 28 22 67 11 64 70 3 37 62 3 45 42 16 18 36 45 31 49 31 46 5 9 63 6 24 27 1 12 45 25 14 55 
37 30 58 14 6 10 55 57 29 69 56 7 2 62 70 64 63 3 66 62 54 24 0 41 25 50 30 3 53 62 34 30 5 1 54 6 66 
62 52 45 45 59 36 58 26 20 16 14 65 45 34 5 0 21 13 10 16 38 38 38 38 15 55 70 24 4 12 2 14 33 26 38 13 16 
57 7 7 6 41 1 32 68 29 60 63 7 38 42 45 63 21 11 26 11 18 63 22 23 10 37 24 68 5 13 66 10 6 15 54 70 54 
24 48 0 3 20 34 23 52 66 35 1 35 21 11 15 39 63 35 32 53 50 65 18 26 6 60 61 47 16 6 42 57 47 26 42 29 65 
41 45 41 63 29 9 37 67 14 32 10 11 48 8 51 59 1 40 35 59 45 31 50 2 65 14 28 0 58 60 59 66 61 18 55 56 68 
51 45 42 32 23 42 41 54 22 26 43 61 42 53 30 5 47 41 15 17 0 70 23 55 20 6 0 28 28 51 18 59 39 67 22 65 56 
68 32 63 30 43 43 69 2 59 15 42 20 11 24 62 5 18 41 58 39 25 29 32 21 33 68 1 61 59 8 66 50 47 17 21 30 11 
52 64 13 21 14 1 25 36 64 44 34 36 23 12 43 29 31 48 67 33 40 45 32 10 68 24 41 7 16 2 3 0 48 8 53 52 18 
30 23 54 28 19 28 27 28 27 68 31 42 13 4 17 68 4 3 57 47 41 0 61 48 32 34 70 50 12 45 60 26 54 34 39 68 11 
19 8 29 46 62 25 55 46 19 18 49 1 21 35 19 3 14 52 64 19 19 24 63 39 54 25 10 22 36 24 1 3 27 67 58 38 70 
18 46 14 35 56 9 48 66 41 26 67 2 45 25 14 2 48 64 12 54 69 45 44 64 68 44 28 6 12 36 5 27 5 64 62 44 34 
52 27 41 60 21 40 10 13 16 40 47 64 67 66 24 37 55 41 37 57 53 5 47 11 22 63 43 45 40 15 60 23 35 29 49 16 41 
46 55 3 64 0 10 68 45 19 68 57 68 28 6 68 9 15 44 24 56 6 41 29 61 67 3 45 17 10 15 22 50 23 48 19 36 62 
47 70 67 9 30 16 44 48 15 69 52 62 55 25 7 0 50 32 33 26 27 37 60 14 32 40 44 54 8 41 4 54 54 3 9 48 9 
54 67 45 26 18 1 11 33 42 69 28 55 1 27 33 24 33 3 35 39 51 44 68 33 12 26 23 37 45 1 64 31 18 63 64 9 23 
59 67 68 35 28 69 9 10 0 10 17 24 20 9 67 44 59 62 28 47 63 42 36 70 3 26 28 29 26 1 5 12 68 5 22 25 29 
12 9 38 46 2 58 57 22 58 16 70 14 42 37 70 50 17 41 2 27 6 24 15 53 37 21 61 8 55 49 59 34 11 18 33 16 28 
48 20 51 52 11 30 25 9 13 39 54 26 15 2 14 8 5 63 12 50 15 60 11 9 2 32 42 58 69 49 49 27 67 18 62 11 50 
19 23 47 59 68 17 58 0 26 58 70 0 56 48 66 54 51 66 14 46 35 24 43 49 29 60 35 37 5 69 33 30 41 7 22 58 14 
65 29 33 29 55 40 33 59 4 18 4 69 19 50 14 64 7 60 30 48 20 39 41 17 40 26 6 60 2 27 55 20 5 31 31 53 4 
26 65 38 60 16 0 46 24 19 44 50 14 51 69 63 51 63 55 58 66 2 17 46 63 26 63 6 53 33 7 58 5 43 25 11 54 42 
46 64 16 43 27 40 13 22 62 33 31 7 16 42 53 67 45 60 34 46 27 54 32 43 30 18 52 38 28 4 1 0 57 64 52 4 49 
12 32 65 22 70 50 22 60 66 9 21 34 22 61 35 70 28 2 7 15 14 33 17 20 49 4 14 25 47 39 14 54 46 27 62 48 49 
31 58 40 32 38 22 50 68 68 7 48 33 9 23 54 42 56 64 22 41 13 3 65 44 31 18 24 51 66 17 49 21 7 66 51 4 6 
41 2 32 40 44 54 0 5 6 69 31 10 42 14 70 9 25 42 21 20 29 16 44 52 16 34 34 3 41 48 34 21 32 55 67 33 55 
25 50 2 62 38 17 5 34 33 38 52 25 29 37 46 68 64 33 57 24 35 65 16 24 54 12 22 24 54 69 45 8 30 13 37 65 5 
57 35 24 63 29 13 54 47 12 65 15 17 33 60 4 12 38 20 1 3 17 32 12 6 53 20 7 20 34 16 65 58 35 11 54 32 69 
64 37 38 42 41 55 39 27 15 69 14 7 47 50 58 35 19 43 28 56 15 15 25 30 70 0 49 62 37 31 9 32 31 3 12 69 61 
52 52 20 45 17 9 38 44 63 36 2 3 60 39 60 62 48 70 59 46 8 51 2 57 12 5 9 22 8 24 59 18 70 65 10 12 0 
12 31 16 14 13 61 39 13 8 42 55 35 23 34 37 36 4 11 11 18 25 28 24 34 25 42 65 62 50 8 25 40 15 3 68 36 44 
51 51 33 25 24 2 46 31 31 45 22 25 65 26 2 62 22 13 22 9 11 60 23 0 18 36 51 50 8 24 59 43 55 45 67 68 45 
64 29 19 19 3 20 57 58 6 9 55 61 51 2 9 33 7 20 0 24 15 15 26 41 61 31 60 35 41 68 67 27 43 17 68 26 8 
42 61 63 31 18 50 65 24 62 47 59 44 46 42 21 34 41 14 11 48 64 19 3 23 54 57 23 57 33 25 23 63 57 8 22 30 9 
54 8 23 65 39 41 32 22 12 4 37 12 43 21 12 14 10 57 27 46 47 31 37 15 47 22 39 29 4 33 49 51 6 41 20 52 67 
17 8 31 22 0 19 26 49 5 55 41 12 30 24 57 45 49 69 41 46 17 18 10 57 35 54 42 20 22 43 56 35 7 19 60 9 35 
43 7 67 67 22 45 3 68 59 54 12 68 35 68 30 57 32 51 1 46 9 45 53 59 5 25 6 68 14 47 25 2 13 67 8 62 66 
3 63 6 19 28 55 0 18 21 33 34 50 30 12 53 62 47 26 12 63 29 4 24 40 37 10 60 33 44 43 0 61 8 70 51 21 63 
30 42 46 1 66 59 38 43 70 51 65 56 5 62 59 50 43 27 29 41 44 15 65 67 64 6 62 21 59 13 69 12 43 53 64 3 24 
69 33 10 19 67 29 5 11 42 44 26 38 66 35 6 47 67 19 66 34 29 17 1 51 66 12 69 35 31 20 66 48 64 29 40 70 8 
63 58 42 23 36 29 1 15 2 19 56 50 14 68 48 4 8 2 17 32 47 32 21 26 35 18 0 42 54 22 24 55 16 16 49 33 57 
44 67 24 46 41 35 60 57 65 24 0 65 20 26 47 25 48 54 11 53 43 37 59 62 42 11 44 3 10 1 52 66 31 45 22 8 5 
9 24 19 51 48 60 12 48 17 32 47 25 0 30 23 8 4 50 5 38 58 32 5 26 18 10 1 55 16 2 60 36 30 29 39 55 38 
15 39 5 61 19 11 20 58 29 6 8 33 51 61 50 15 55 36 66 39 63 48 44 30 50 6 41 12 56 10 17 67 51 42 35 68 6 
3 2 25 0 8 46 9 48 31 20 4 30 48 23 42 60 16 9 50 30 23 58 27 69 34 53 68 10 51 49 2 23 0 6 42 70 37 
51 19 33 22 21 8 46 38 8 2 61 59 47 66 55 18 21 67 65 18 4 27 45 6 47 1 30 52 29 1 10 32 42 26 48 32 17 
55 42 4 50 64 22 36 50 10 52 54 10 24 70 40 43 9 2 46 45 64 59 15 34 53 9 42 66 15 55 50 44 51 23 45 34 57 
29 12 23 62 61 65 69 5 53 10 34 2 1 30 55 42 34 57 47 70 53 10 67 69 42 2 43 8 23 48 55 55 30 51 59 23 24 
35 57 20 49 50 66 66 33 34 5 56 59 69 10 47 55 14 32 48 10 25 17 59 32 29 22 68 52 16 1 13 34 13 27 23 55 36 
54 49 6 30 49 54 47 12 21 53 20 21 60 41 25 70 65 63 18 61 7 16 70 53 17 48 30 25 17 63 63 52 47 60 22 31 10 
59 40 64 37 61 21 39 60 55 22 45 10 24 20 27 19 50 56 66 7 60 22 15 4 49 19 19 18 44 68 7 23 28 14 27 59 70 
14 33 2 39 50 59 4 58 64 57 47 64 35 39 38 69 12 63 38 33 1 51 41 10 22 8 18 51 28 36 52 49 61 13 55 33 55 
37 7
1 5 1 2 3 3 1 2 3 5 4 3 1 3 0 4 2 1 4 4 5 4 2 3 4 0 1 2 3 4 3 2 1 1 6 5 1 
4 5 1 0 3 2 1 4 5 0 1 2 4 4 4 2 4 3 2 3 5 3 2 6 6 0 5 3 3 6 0 4 4 4 5 4 5 
0 4 5 6 2 3 2 4 1 4 1 6 2 3 1 2 4 4 4 3 5 3 1 3 6 1 3 6 3 4 3 2 0 1 2 6 2 
6 4 5 5 6 3 2 5 1 3 1 2 4 1 4 0 2 1 6 6 6 3 5 3 5 1 4 2 1 2 1 2 3 3 0 1 1 
1 5 5 6 6 1 1 5 3 4 0 0 6 0 1 3 3 2 1 1 2 4 0 5 1 4 5 3 4 2 3 2 4 4 2 4 1 
6 1 6 3 1 6 0 1 6 4 5 5 5 2 5 6 0 1 6 6 1 2 2 6 6 1 6 6 1 5 1 5 6 2 6 3 6 
6 4 3 2 5 5 2 0 5 3 4 6 6 2 4 0 4 2 1 4 3 6 0 1 6 3 3 5 6 3 3 6 1 0 3 3 4 
3 3 5 2 6 3 0 3 0 1 3 4 1 3 1 5 4 1 1 1 3 1 2 3 2 1 4 5 5 6 3 6 0 0 0 0 0 
3 5 6 0 2 1 1 2 3 0 6 3 4 3 5 4 3 5 5 3 3 0 2 3 1 2 4 3 2 0 0 1 2 3 1 6 0 
2 4 5 1 6 4 5 3 1 4 5 2 6 1 3 3 2 3 2 1 1 0 5 0 3 3 5 5 1 1 0 2 2 4 3 1 5 
5 2 0 2 3 1 2 4 4 5 4 6 2 4 0 3 1 4 5 3 6 5 1 6 4 6 0 2 4 3 1 3 1 1 0 6 2 
0 2 3 5 0 4 2 0 0 3 0 2 2 6 6 2 0 1 6 4 4 3 0 6 2 1 1 2 1 6 3 1 2 1 4 1 2 
2 4 2 5 3 2 0 3 4 1 3 2 1 1 1 4 4 1 1 6 0 4 3 0 3 4 0 4 3 0 6 2 2 6 0 0 2 
6 4 0 0 3 3 1 0 2 5 4 6 6 6 4 6 3 5 4 2 1 3 2 6 3 4 3 0 4 5 2 2 6 0 6 2 2 
2 3 5 2 6 4 1 4 4 1 1 1 2 5 0 4 1 2 0 5 6 2 6 0 4 1 0 5 4 5 3 0 1 2 5 6 6 
5 2 5 6 3 3 0 4 4 2 0 3 0 6 1 6 4 4 1 6 4 4 5 2 0 5 1 2 1 6 4 4 6 2 1 1 4 
2 3 1 3 3 2 1 0 6 4 3 1 6 6 4 3 4 5 2 4 6 4 4 6 0 0 4 0 2 0 3 3 2 3 6 2 4 
2 1 2 3 2 4 0 0 2 1 5 6 1 0 3 4 1 1 6 1 3 4 0 2 0 2 3 4 6 2 5 2 0 6 1 4 0 
0 5 3 1 1 4 5 0 0 4 6 2 0 0 6 1 3 2 3 1 2 6 4 2 5 1 3 4 1 3 5 4 0 1 2 5 0 
4 3 1 3 4 3 4 2 6 5 5 6 0 1 0 0 3 5 1 3 1 0 2 0 2 2 0 3 1 5 5 2 0 6 5 0 0 
6 3 3 0 6 1 6 5 5 2 4 4 4 1 5 4 5 6 2 0 0 5 6 3 5 2 6 2 0 6 6 5 5 5 2 1 0 
5 3 3 6 3 1 1 1 3 0 6 2 1 5 2 6 0 0 1 2 2 3 5 0 0 1 0 3 2 1 0 6 0 5 3 2 0 
0 3 1 3 3 1 3 4 5 4 5 2 2 1 3 6 6 2 6 3 0 3 6 4 4 3 5 2 2 1 6 6 3 2 4 5 6 
5 3 5 3 4 4 1 1 4 5 5 3 0 4 5 0 4 2 5 2 5 3 4 3 5 0 3 2 5 3 6 6 3 6 3 1 3 
0 2 2 6 1 3 6 1 2 2 0 5 5 3 5 6 6 3 1 1 1 3 5 0 3 3 6 5 4 4 5 5 4 5 3 2 2 
1 3 4 3 2 6 4 1 2 5 5 6 1 5 0 2 2 1 3 3 6 3 1 3 4 0 2 5 5 6 6 2 4 6 5 5 1 
0 3 1 4 5 6 6 6 0 6 1 1 3 6 3 3 2 0 0 3 1 1 4 5 3 5 1 6 3 1 6 5 5 5 2 5 1 
4 2 2 1 6 6 6 3 4 0 1 6 1 6 5 1 5 2 1 1 3 2 4 5 6 0 3 4 4 2 0 4 4 4 2 3 4 
0 6 1 6 2 6 2 1 1 0 3 6 6 5 2 6 6 3 2 0 1 2 6 6 4 6 1 6 6 6 3 4 5 1 1 3 3 
0 4 3 2 2 2 2 6 0 5 3 1 3 4 0 3 3 4 5 3 3 4 0 5 3 4 6 2 1 2 3 3 1 3 6 5 3 
0 1 5 6 5 4 1 2 0 4 3 0 4 1 1 0 6 4 0 6 4 0 6 2 5 6 0 6 3 4 1 5 4 1 2 3 2 
3 5 1 1 6 6 6 5 4 3 2 5 2 4 3 2 4 6 5 6 0 5 1 5 4 1 3 1 4 4 4 5 2 0 6 1 6 
5 2 0 4 4 3 2 0 4 1 1 4 4 1 6 5 0 2 0 1 2 1 3 3 5 3 5 0 1 1 4 3 0 5 3 2 3 
6 4 2 2 0 2 1 3 3 0 0 6 3 0 6 2 0 5 6 0 4 4 5 5 6 6 0 5 3 3 2 1 5 2 1 4 6 
1 3 4 4 0 6 4 2 2 4 2 6 0 5 5 1 6 5 5 2 3 3 5 6 2 1 6 3 1 5 4 3 2 1 4 1 2 
6 2 1 2 3 5 2 0 1 1 4 5 3 6 0 1 3 2 1 0 5 1 0 5 4 1 2 2 3 6 5 4 0 3 5 6 5 
0 4 2 0 2 6 4 5 5 0 1 3 4 0 2 6 3 4 6 0 0 2 2 2 1 0 1 4 3 3 6 2 2 4 6 4 4 
1 4 2 6 0 6 4 6 5 0 3 6 2 5 2 4 6 1 1 0 4 3 6 0 1 3 2 4 4 4 5 6 5 6 3 3 1 
0 2 0 1 6 1 1 0 0 2 0 1 3 3 1 4 4 4 4 2 4 4 5 1 4 0 0 2 5 6 0 2 1 0 2 5 2 
5 5 3 1 4 3 1 1 3 2 5 2 5 1 4 2 3 2 2 4 5 3 6 1 0 5 6 1 4 1 5 2 3 1 3 0 3 
5 1 5 6 5 2 6 0 3 6 5 0 0 4 4 3 2 4 3 4 1 0 5 5 2 5 0 4 0 3 6 5 6 0 6 5 4 
4 4 0 5 4 1 2 4 6 2 1 6 1 3 2 0 2 6 6 0 6 3 0 3 0 2 0 0 5 6 2 3 5 0 5 6 5 
5 2 1 5 3 3 3 6 4 5 0 3 0 2 1 5 0 1 0 5 6 4 5 6 2 6 1 1 3 6 5 0 0 4 0 6 2 
0 3 4 0 1 3 4 0 5 2 2 2 5 0 4 5 2 0 2 2 5 4 1 5 2 1 3 5 4 1 5 1 3 1 6 2 4 
4 5 6 2 5 4 6 0 2 3 5 1 3 5 6 1 6 6 5 6 0 0 3 5 5 5 2 5 0 6 0 3 4 5 5 4 2 
6 4 1 2 0 1 0 4 0 4 0 3 5 6 1 5 1 4 0 4 5 5 6 4 4 2 0 4 5 1 2 3 4 6 4 0 1 
2 1 6 3 0 0 0 2 0 0 5 0 3 3 1 5 4 3 0 3 6 2 0 2 6 5 3 5 5 3 1 3 3 0 0 5 2 
3 1 1 3 4 2 1 0 0 5 6 0 6 3 0 6 6 2 3 3 2 0 3 0 2 2 5 2 4 5 5 0 5 2 5 6 0 
3 6 6 3 1 2 5 0 1 3 4 4 1 4 2 5 4 5 1 3 2 5 3 6 5 6 1 6 6 5 5 2 1 1 6 6 2 
5 1 0 1 5 3 0 3 5 4 0 5 4 2 1 5 1 5 5 5 4 1 6 3 2 0 1 6 4 0 6 1 0 0 1 4 4 
6 5 5 5 6 4 3 6 2 0 3 1 2 6 4 5 3 2 6 3 6 3 6 2 5 0 5 4 0 6 0 5 2 1 1 6 3 
6 6 0 3 4 0 2 2 3 4 6 4 5 2 2 1 1 6 5 2 0 0 6 6 0 6 2 5 3 0 6 4 5 3 6 4 6 
6 0 6 4 1 6 6 1 2 6 5 3 0 0 3 0 5 5 0 1 2 3 1 2 5 6 4 5 5 5 5 0 3 3 5 0 5 
1 1 6 6 1 3 4 2 0 5 0 2 1 4 4 5 3 5 2 5 6 2 6 0 3 3 4 6 0 6 5 5 5 2 0 6 5 
1 5 0 6 5 5 0 4 2 4 0 6 3 3 1 4 0 2 3 0 3 3 5 2 4 0 1 1 2 0 4 6 0 3 6 3 6 
5 4 5 1 2 6 0 0 1 5 2 5 2 6 3 3 2 1 6 0 4 2 6 5 5 6 6 1 1 3 5 3 1 2 4 0 6 
5 2 0 2 5 3 1 5 4 3 6 5 5 6 6 6 0 1 3 2 3 2 0 0 4 3 4 2 4 0 1 6 0 1 1 4 3 
2 1 0 1 0 4 4 6 3 3 5 3 0 1 1 1 5 3 4 5 5 0 3 6 3 6 3 3 6 2 2 6 5 1 0 2 5 
3 0 0 0 2 5 3 2 3 4 6 0 5 3 6 4 4 3 5 0 0 3 5 2 6 0 6 2 5 2 3 0 0 6 1 5 2 
2 2 6 1 1 3 2 0 5 4 4 1 2 4 1 4 3 0 0 5 6 6 6 5 6 4 1 2 1 0 2 2 0 2 4 1 2 
1 3 2 5 5 1 6 4 4 4 1 3 6 6 2 5 1 1 1 0 0 5 1 0 6 1 3 6 1 6 0 3 2 1 1 6 5 
1 2 4 3 2 1 3 3 1 3 4 0 2 4 4 4 1 3 0 5 6 5 0 5 0 1 5 6 2 3 0 4 4 6 0 2 1 
3 2 6 3 5 5 0 4 6 2 1 6 2 5 4 1 5 5 1 1 5 0 1 1 1 2 3 4 1 4 1 5 4 6 5 1 3 
5 4 2 3 6 3 0 1 1 2 4 2 0 4 1 5 5 3 4 2 0 5 5 3 6 2 5 5 3 6 6 4 2 3 3 0 0 
4 0 0 4 6 2 6 5 5 5 2 3 1 2 4 1 5 4 6 0 0 2 5 6 4 2 0 3 1 5 0 2 3 6 1 3 4 
5 5 1 3 5 2 0 3 5 6 0 3 2 0 6 3 6 2 2 4 4 2 0 3 1 1 1 0 2 5 6 2 4 1 4 4 6 
4 2 4 3 1 1 4 5 2 3 1 3 5 6 4 2 1 4 2 4 1 2 5 4 3 4 5 6 4 0 6 2 6 4 2 4 6 
0 3 6 3 3 1 2 3 3 6 4 1 4 3 4 3 1 2 2 5 2 0 0 6 1 2 1 2 4 6 6 4 6 6 1 1 1 
1 6 4 5 3 3 6 2 0 2 0 1 1 2 3 5 3 3 4 3 0 2 2 1 1 2 4 2 4 5 6 1 4 5 6 3 5 
1 3 4 2 4 4 3 2 0 1 1 5 4 3 3 1 1 6 4 1 4 6 1 5 4 3 5 3 0 0 5 1 1 3 5 5 3 
2 4 3 6 3 2 6 3 2 0 6 3 4 0 4 6 4 1 1 4 5 2 4 1 6 0 3 6 2 0 1 3 3 2 0 0 3 
3 4 3 3 0 3 5 1 0 2 1 2 2 2 0 4 2 3 0 6 0 4 2 5 6 1 1 5 0 0 4 2 2 2 3 6 0 
3 1 2 1 3 1 5 3 6 1 1 3 2 5 3 2 1 2 3 0 6 1 5 2 6 3 3 0 6 6 6 3 1 5 2 6 4 
5 6 3 4 6 2 0 2 4 1 5 2 2 6 0 2 1 4 1 6 5 4 6 4 6 6 3 0 3 4 5 2 1 1 2 0 1 
7 2
1 1 0 1 1 1 0 
0 1 0 1 1 0 0 
1 0 0 0 1 1 0 
1 0 0 1 1 1 0 
0 1 1 0 1 0 0 
0 1 0 1 0 0 0 
0 1 1 0 1 0 0 
1 0 1 0 1 1 1 
1 1 1 1 0 1 1 
1 0 1 1 0 1 0 
1 0 0 1 0 0 1 
0 0 0 1 1 0 1 
1 1 0 0 1 1 1 
0 1 0 0 0 0 1 
8 5
2 2 0 0 4 2 2 0 
0 3 3 0 0 4 2 1 
2 4 1 1 0 1 0 1 
1 1 2 0 1 2 2 0 
1 4 4 4 2 2 1 1 
0 1 1 4 1 1 1 0 
2 1 2 1 1 4 0 3 
2 2 1 2 4 1 1 2 
2 1 2 1 2 4 3 0 
4 2 2 1 3 1 4 2 
4 1 1 1 1 2 1 4 
1 0 3 1 0 4 4 4 
1 2 1 0 3 0 4 0 
3 2 1 1 2 3 2 4 
1 3 4 4 4 1 3 1 
4 0 0 1 2 0 3 2 
46 3
2 1 0 0 0 2 2 0 0 2 2 2 0 0 1 0 2 1 2 2 2 2 1 0 2 1 2 2 0 1 0 0 2 1 1 2 1 1 2 0 2 2 0 1 1 0 
0 2 2 0 0 2 0 0 1 0 1 0 2 0 1 1 2 0 0 0 2 1 2 1 0 2 0 1 1 0 1 2 2 1 2 0 2 1 1 1 1 0 2 2 1 1 
0 2 2 2 2 0 2 1 0 2 1 1 0 0 0 0 2 2 2 2 2 0 0 1 0 2 1 0 1 1 2 1 1 2 0 1 1 0 2 0 0 0 0 1 1 0 
2 0 2 2 2 0 0 1 2 1 1 2 0 0 1 1 2 2 2 2 2 1 2 0 1 1 2 2 1 0 2 2 2 1 1 2 1 0 0 1 2 0 1 2 1 1 
1 0 2 2 1 2 1 1 2 1 0 0 1 2 1 2 2 0 1 0 0 0 1 2 0 2 2 0 0 1 2 2 1 2 0 2 2 1 2 1 0 1 2 1 2 1 
0 1 2 2 2 1 1 1 0 0 0 0 1 2 0 0 0 1 2 2 2 2 1 1 0 0 0 1 0 2 0 0 0 2 0 2 1 1 0 2 1 0 0 1 0 2 
0 1 1 1 2 2 2 1 2 1 2 1 0 0 1 2 2 0 0 0 1 1 2 2 1 0 2 2 1 2 0 0 1 2 1 2 1 1 0 0 1 1 0 1 2 0 
0 2 2 2 1 2 1 0 0 1 1 2 0 2 0 0 0 0 1 2 1 2 0 1 2 0 1 1 1 1 1 2 1 1 0 0 2 0 2 0 1 2 2 0 2 2 
1 0 0 1 2 0 2 2 2 2 0 0 1 1 0 0 1 2 1 1 0 2 1 1 2 2 1 0 2 2 2 0 2 1 0 2 1 2 0 1 2 0 1 2 0 2 
0 2 1 0 0 1 0 1 2 1 0 0 2 1 2 1 1 0 2 0 2 0 0 2 1 2 0 1 0 1 1 1 0 2 2 1 0 2 0 0 0 2 1 2 1 2 
0 1 0 2 2 1 0 1 0 1 1 0 1 0 0 0 2 1 0 1 1 0 2 2 0 2 1 1 0 1 1 0 0 1 2 1 0 1 1 1 1 0 1 1 2 1 
2 0 0 2 1 1 2 1 0 0 0 2 2 0 0 0 0 2 1 1 2 0 2 1 1 1 0 1 1 2 1 2 2 0 2 2 0 1 2 0 1 0 2 2 0 2 
1 2 2 1 2 2 1 0 2 0 1 2 0 0 2 0 2 0 0 1 2 2 2 2 0 0 1 1 1 2 2 2 2 1 0 2 1 2 2 0 2 2 2 1 2 2 
2 0 1 2 0 1 2 2 2 2 1 2 2 1 0 0 2 2 0 2 0 2 0 0 1 1 1 1 2 0 2 0 2 0 1 0 1 0 2 1 1 2 2 1 2 1 
1 0 2 2 1 2 1 0 2 2 2 1 2 2 0 1 0 2 0 1 1 1 2 2 0 1 0 0 2 2 1 1 0 0 1 2 1 0 2 0 2 1 2 1 1 0 
2 1 0 0 2 1 0 2 2 0 2 1 0 1 2 1 1 2 2 0 0 2 1 2 1 1 0 2 0 0 2 2 2 1 2 1 2 1 2 2 2 1 0 0 0 0 
2 2 1 2 0 1 0 2 1 0 0 1 1 1 1 0 2 2 0 1 1 1 1 0 0 1 1 0 2 2 2 1 0 0 1 2 0 0 1 2 1 0 2 0 1 2 
0 2 2 0 0 1 2 2 0 1 0 1 0 1 2 1 2 0 1 1 2 0 1 1 1 1 2 2 0 0 0 2 1 0 2 1 0 0 1 0 1 1 1 1 2 2 
2 0 2 1 0 1 2 2 2 2 1 0 0 1 2 1 1 0 0 2 0 0 0 0 2 1 1 2 0 2 0 2 2 1 0 1 1 0 2 1 2 2 0 2 0 0 
2 0 2 0 1 2 1 2 0 2 2 2 0 0 0 2 0 0 0 2 2 0 1 2 2 0 2 2 0 0 0 2 1 0 1 1 0 2 2 2 0 1 2 1 0 2 
2 1 2 0 2 0 0 1 1 1 2 2 0 2 1 1 0 2 2 0 2 2 1 1 0 1 0 0 0 0 2 1 0 0 0 1 0 0 0 1 0 2 0 0 2 2 
2 0 2 1 2 2 1 1 2 2 2 2 2 1 1 1 2 2 2 0 0 2 1 2 1 1 2 1 0 0 0 1 0 2 2 0 2 1 1 1 0 2 0 2 1 0 
0 1 2 0 0 0 1 0 2 1 1 0 2 0 0 2 1 2 2 2 0 1 2 1 2 0 0 2 1 0 2 2 2 0 1 0 0 0 2 0 2 1 2 2 1 0 
0 1 1 1 0 0 1 0 0 1 1 0 2 0 2 0 1 1 2 0 0 0 2 0 0 1 1 0 0 2 0 2 0 0 1 1 2 2 0 1 1 2 0 0 1 1 
2 2 2 2 2 2 0 1 1 2 2 0 0 1 1 2 1 1 0 2 2 1 1 2 2 0 1 2 2 1 1 2 1 0 0 1 0 0 0 2 2 0 0 2 2 0 
0 1 0 2 1 2 2 0 0 0 1 2 2 0 0 2 2 1 0 1 2 2 2 0 1 0 0 0 1 1 1 0 1 2 2 2 2 1 2 0 0 2 1 2 1 1 
2 0 0 0 1 0 2 2 1 2 1 0 0 1 0 2 1 1 2 2 0 0 1 0 0 1 1 1 1 2 0 2 1 1 1 1 0 2 0 1 2 0 0 1 2 1 
1 1 0 2 2 1 0 0 0 0 0 0 0 2 1 0 1 2 1 2 1 2 0 1 2 0 1 1 1 1 2 0 0 2 1 2 0 0 0 2 0 1 0 0 0 2 
2 1 0 2 2 2 2 1 0 2 1 0 1 2 0 2 2 2 0 0 2 1 2 2 2 0 2 2 2 2 1 2 1 2 1 1 0 1 1 2 0 0 2 1 0 2 
1 1 2 0 1 2 0 1 2 1 0 2 1 0 0 0 1 0 0 2 2 0 2 2 0 1 1 1 2 2 0 1 1 1 0 0 1 0 1 0 0 2 1 2 1 1 
1 2 1 1 1 1 1 2 2 1 2 2 2 2 2 2 1 1 1 2 0 0 0 1 1 0 1 1 0 1 0 0 2 1 0 1 2 2 2 0 1 1 0 2 0 1 
0 0 2 2 2 1 2 2 1 1 0 0 1 1 1 2 2 2 2 1 0 2 0 1 0 2 1 1 2 1 1 2 1 2 2 2 1 1 0 2 1 1 0 0 0 1 
1 0 2 1 1 2 2 1 1 2 0 0 0 1 2 0 1 1 0 1 0 1 2 1 1 1 2 2 0 1 1 0 2 1 1 1 0 2 1 2 2 0 2 0 2 0 
2 1 0 0 1 0 2 0 2 2 2 2 0 1 1 1 0 1 1 2 2 2 1 2 0 1 0 0 2 0 1 1 1 0 2 1 1 0 2 0 2 0 2 1 0 2 
0 1 0 2 0 1 1 1 2 2 1 2 0 2 1 2 0 1 1 0 2 2 0 1 2 0 0 2 2 2 1 1 2 1 2 1 0 2 0 0 1 0 1 1 1 1 
1 0 2 2 1 1 2 1 1 1 1 2 2 1 0 0 0 0 2 2 2 1 1 1 0 1 2 0 1 2 1 0 2 1 2 1 1 0 0 1 0 1 2 1 1 1 
1 0 1 0 1 0 2 2 1 1 0 2 2 0 1 1 0 0 0 1 1 2 0 2 1 1 2 1 2 0 2 0 0 1 1 1 2 0 1 1 2 2 1 1 1 1 
2 2 0 0 2 1 1 0 2 0 1 0 0 0 2 0 0 0 0 2 1 2 0 2 0 0 1 1 1 2 0 0 1 1 0 0 0 1 1 1 0 2 2 2 0 1 
2 2 0 1 0 2 1 1 2 1 0 1 1 2 0 0 0 2 1 0 0 1 0 0 0 2 0 2 1 2 1 2 0 1 1 1 2 2 1 2 1 0 0 0 1 1 
0 1 0 0 1 0 1 0 0 0 2 2 1 0 2 2 0 2 0 2 1 1 2 1 0 0 2 1 0 2 2 1 1 1 1 1 2 2 0 1 1 0 1 2 2 1 
0 2 0 2 2 0 0 1 0 2 1 2 2 1 1 0 1 1 1 1 1 1 1 2 1 1 0 0 2 2 0 2 0 2 0 1 1 1 2 2 1 1 1 1 0 1 
2 0 2 1 2 1 0 1 1 1 2 0 1 0 0 0 1 2 0 1 2 0 0 2 0 1 2 2 1 2 2 2 0 1 1 1 0 2 1 0 1 0 2 1 1 2 
2 1 2 2 2 0 0 1 0 2 1 0 1 0 0 1 0 1 0 2 0 1 1 0 0 1 1 0 1 1 1 1 2 0 1 0 0 2 0 0 2 2 0 2 1 1 
0 2 0 0 1 1 1 1 2 1 2 1 1 1 1 1 0 1 2 1 0 0 2 2 2 1 2 1 0 0 0 1 1 1 2 1 1 0 0 1 1 2 0 0 0 2 
1 1 0 2 2 0 0 2 2 0 0 0 1 1 2 0 0 1 1 0 0 1 0 0 1 2 0 2 1 2 1 1 2 2 0 0 0 1 0 1 0 2 1 0 2 2 
0 0 0 1 2 2 1 1 1 1 0 0 2 1 0 0 0 2 0 1 2 0 1 1 0 2 2 2 2 0 2 2 1 0 0 1 2 1 1 2 2 2 2 2 0 0 
0 2 0 2 0 1 0 1 1 1 0 1 2 1 1 0 1 1 2 1 1 1 1 2 2 0 2 0 2 1 1 0 1 1 1 2 0 0 2 1 2 1 2 1 1 2 
1 0 2 1 2 2 2 0 0 1 0 0 1 0 1 1 2 0 1 1 0 2 2 1 0 0 1 0 2 1 2 1 0 0 2 0 0 1 2 0 2 2 1 2 1 2 
2 0 0 0 2 2 2 0 2 2 2 2 1 1 0 2 0 1 1 0 1 1 0 0 2 1 2 1 2 0 0 2 0 0 2 2 1 1 2 0 1 0 0 1 1 2 
1 1 2 1 2 1 2 1 2 1 1 1 2 0 1 0 2 0 0 1 0 1 1 1 1 1 0 1 1 2 1 2 2 2 1 1 1 2 0 1 2 2 0 2 1 0 
1 2 0 0 1 0 2 0 0 1 2 0 2 1 2 0 2 2 2 0 2 1 1 0 1 0 1 2 2 2 1 0 1 0 0 2 0 2 2 2 2 2 2 0 1 1 
1 2 1 2 2 1 1 1 0 1 2 0 0 1 2 2 1 0 0 0 1 0 1 0 1 0 1 2 1 2 2 2 1 2 0 0 2 1 0 2 0 2 2 2 1 1 
1 0 1 0 2 1 0 0 1 0 0 2 2 0 2 1 2 0 2 0 0 0 2 1 0 0 0 1 1 0 0 2 1 1 2 0 1 2 1 0 2 1 1 0 1 0 
1 0 0 0 0 0 2 2 0 0 0 1 0 0 1 0 2 0 1 1 0 0 2 0 1 1 1 1 1 1 1 2 2 0 2 0 2 2 2 2 0 1 0 1 2 1 
1 0 1 0 2 2 1 0 1 0 0 2 2 0 2 1 2 0 0 1 0 0 0 2 2 0 1 2 1 0 2 1 0 0 1 0 1 1 2 0 1 0 2 1 1 0 
1 1 1 0 2 0 2 1 1 2 2 1 2 1 1 2 1 1 2 0 2 2 2 0 2 2 2 0 1 0 2 1 1 0 2 2 1 2 1 1 0 2 2 2 0 0 
0 2 2 2 1 0 1 1 2 0 0 1 0 0 2 2 2 0 1 1 1 2 1 1 0 0 2 1 0 2 0 2 0 0 2 1 2 0 1 1 1 2 0 0 0 0 
1 1 1 0 0 2 2 0 1 2 2 2 0 1 1 0 1 0 0 0 1 2 2 2 2 2 1 1 2 0 1 0 0 2 1 1 1 2 0 0 2 0 2 1 0 0 
1 2 2 1 1 2 0 1 0 2 1 2 0 1 2 1 1 1 1 0 0 0 2 1 0 1 1 2 1 2 1 0 1 0 2 0 1 0 0 0 0 0 1 0 0 1 
2 0 1 0 2 2 2 2 0 1 0 2 1 2 1 1 2 1 1 1 1 0 2 0 2 2 2 1 2 2 0 2 0 1 1 2 2 2 1 1 1 2 1 2 0 0 
0 0 2 1 0 2 0 1 2 1 1 2 1 1 0 2 1 1 0 1 1 2 0 1 1 1 2 0 2 1 2 0 0 1 1 0 1 2 0 2 1 1 0 2 1 1 
0 1 2 0 2 0 0 2 1 2 0 2 0 1 1 0 2 1 1 0 2 1 1 0 1 0 1 1 2 0 1 1 2 0 2 0 0 2 1 1 2 2 1 1 1 2 
0 1 0 2 0 0 0 0 0 2 1 1 1 1 2 0 0 0 2 2 2 2 2 1 2 0 2 0 2 0 2 2 0 2 2 0 2 0 1 2 2 2 2 1 2 1 
0 1 0 1 0 0 1 2 2 1 0 1 2 2 1 2 0 0 2 2 2 1 2 2 1 1 1 0 0 0 1 0 1 1 1 2 0 1 0 1 2 1 1 0 1 2 
1 0 2 1 0 0 0 1 0 1 0 1 1 1 2 1 0 0 2 1 2 2 0 1 1 0 2 0 0 1 0 2 2 1 1 2 0 0 0 1 1 1 0 2 1 0 
1 0 0 2 1 2 2 0 0 1 2 2 2 2 2 0 2 2 2 2 0 0 2 2 2 2 0 2 1 1 1 2 0 2 2 2 1 1 2 0 0 2 0 0 0 1 
2 0 2 0 2 0 2 1 1 1 0 1 1 2 0 0 1 2 0 1 2 2 0 0 2 1 0 0 0 2 0 0 1 2 2 2 2 0 0 2 2 1 0 0 0 2 
0 0 2 2 0 2 0 0 1 2 1 2 0 2 2 1 2 1 2 2 2 1 2 0 2 0 0 1 2 1 1 1 1 0 1 2 1 1 2 1 2 2 2 2 2 0 
0 2 1 1 0 0 2 2 2 2 1 2 0 0 0 1 1 2 2 0 0 1 1 1 0 2 1 0 0 0 0 0 1 2 0 1 1 0 1 1 2 2 0 0 0 2 
0 1 1 1 1 2 0 2 0 2 2 2 0 0 2 0 1 0 0 2 2 2 1 0 1 0 2 2 0 1 0 1 0 1 0 2 0 0 0 1 2 2 2 1 0 2 
2 0 1 2 0 0 0 1 0 2 0 0 1 1 0 0 0 1 1 0 2 2 0 1 1 2 0 2 2 1 1 1 2 1 2 1 2 1 1 1 1 0 2 2 1 1 
0 1 2 2 2 1 2 1 2 1 1 0 0 0 1 1 2 2 2 0 2 1 1 1 0 2 1 2 0 1 2 2 2 2 2 1 1 2 2 2 2 2 1 1 0 0 
1 0 0 2 1 2 2 1 1 2 2 2 2 0 1 2 2 2 2 0 2 2 0 2 1 0 0 2 0 1 1 1 0 0 1 1 2 1 2 1 0 2 1 1 1 0 
2 1 0 1 0 0 2 0 0 2 2 1 0 2 2 2 0 1 0 0 2 1 2 0 2 0 0 0 2 0 0 1 0 1 0 0 0 2 1 0 2 1 0 2 2 0 
1 0 2 0 0 0 1 1 1 0 2 0 0 2 2 1 2 1 1 1 0 1 0 1 1 2 0 0 1 0 2 1 0 2 1 2 1 0 1 2 0 1 0 2 1 1 
0 0 0 1 0 2 0 2 0 2 1 1 2 1 1 1 0 2 0 2 0 2 0 0 1 1 1 1 1 0 1 0 1 0 1 1 2 0 2 1 0 2 2 1 2 2 
1 1 2 1 2 1 0 0 1 1 0 2 2 2 2 0 1 1 1 1 1 2 2 2 0 0 1 0 2 1 1 0 2 0 2 1 2 1 1 1 0 0 1 1 1 1 
1 0 0 2 2 0 2 0 2 2 2 1 1 0 0 2 0 1 2 0 0 0 2 2 2 2 0 0 0 0 1 1 1 1 1 1 1 2 1 0 2 2 0 1 0 1 
2 1 1 2 2 0 2 0 1 0 1 1 1 2 1 1 1 1 1 1 0 1 2 1 2 0 1 2 1 2 0 0 0 2 0 1 2 2 1 2 1 0 0 0 1 2 
1 0 0 0 0 1 2 1 1 2 1 0 0 1 2 2 2 2 2 0 1 1 2 2 2 2 2 1 2 2 1 0 0 2 2 1 1 0 1 2 2 1 1 1 0 2 
2 0 2 2 0 2 1 2 2 2 2 1 1 0 1 0 0 1 0 0 2 0 1 2 2 2 2 0 0 0 0 2 2 1 2 0 2 0 1 2 1 0 1 1 0 2 
0 0 0 2 2 0 0 2 2 0 2 2 0 1 0 0 1 1 2 2 0 1 0 0 2 0 1 2 0 2 1 0 0 1 0 1 2 1 2 0 2 2 2 2 0 0 
2 2 1 2 2 1 1 0 2 2 2 2 1 1 0 0 0 0 1 1 0 2 0 1 2 2 0 1 0 2 1 0 1 1 2 2 0 2 2 0 1 1 0 0 2 1 
2 1 1 2 2 2 2 0 2 0 1 0 1 0 1 1 0 2 2 2 1 1 0 0 2 1 0 2 2 0 1 0 2 1 2 1 1 1 0 2 0 1 1 0 1 0 
0 1 1 1 0 2 0 2 1 1 0 2 1 0 2 1 1 1 1 1 1 0 2 1 1 2 1 0 2 0 2 1 0 0 0 0 0 1 1 2 2 1 1 1 2 1 
0 0 2 2 0 0 0 2 1 1 2 1 2 2 2 1 2 2 2 2 2 2 1 0 1 0 0 2 2 2 0 0 2 1 0 2 2 2 1 1 1 0 0 2 0 0 
2 0 0 1 0 1 0 0 2 0 2 1 0 2 1 2 2 2 1 0 1 1 0 0 2 2 1 1 1 0 2 2 0 2 2 0 0 0 1 0 1 1 0 2 0 1 
0 1 1 0 1 2 2 0 0 2 2 2 1 2 0 0 2 1 2 2 1 1 2 1 2 0 0 2 1 2 0 1 1 0 2 2 2 0 0 1 2 2 1 1 2 2 
1 2 0 2 0 2 2 2 1 1 1 0 1 0 2 1 2 0 2 1 1 0 2 0 1 2 0 1 1 1 0 0 1 2 1 0 2 2 0 2 0 2 2 0 2 1 
0 1 0 0 2 2 2 1 1 2 0 0 2 2 2 2 2 0 1 0 2 2 2 2 1 0 2 0 2 1 2 0 0 2 2 2 2 1 2 2 0 1 2 0 0 2 
0 1 2 0 2 0 0 1 2 1 0 2 2 0 2 1 1 1 0 0 2 0 0 1 1 2 1 2 2 1 2 0 1 2 1 0 1 2 2 2 2 2 0 1 2 0 
1 0 0 2 2 2 0 1 1 0 2 0 2 0 1 0 0 2 0 0 0 2 0 0 0 2 0 1 1 1 2 0 2 1 0 2 2 1 1 2 1 2 2 0 1 0 
22 43
30 37 28 23 28 12 25 9 4 15 26 13 32 19 33 28 35 15 32 1 14 24 
29 29 8 20 21 38 34 8 11 22 27 22 9 27 35 30 1 9 37 15 8 41 
39 21 42 42 15 28 10 3 39 33 34 35 32 0 38 17 8 22 20 1 16 39 
20 41 1 6 39 12 31 26 28 38 28 11 35 33 28 11 18 34 0 34 17 12 
19 20 24 25 31 8 24 1 20 18 7 22 40 26 13 5 17 23 31 33 5 23 
6 23 2 11 39 36 11 21 30 10 28 16 21 19 21 37 25 27 8 3 8 28 
7 40 10 10 30 11 32 38 42 3 7 1 24 5 2 8 12 8 40 33 20 36 
13 11 4 36 32 38 14 15 8 22 15 26 31 0 5 37 2 1 36 19 39 18 
27 30 32 21 21 25 39 11 20 25 26 33 36 37 9 38 28 0 0 12 27 29 
0 33 19 17 0 12 1 38 24 17 37 18 34 41 15 18 37 17 40 25 25 16 
0 36 30 29 40 28 15 11 40 31 10 30 30 6 10 20 9 30 29 28 22 36 
5 26 41 0 39 29 20 8 13 5 41 27 15 24 24 31 36 32 4 25 2 34 
4 26 27 31 12 23 13 25 38 3 27 42 4 37 2 27 5 25 5 16 0 21 
26 9 22 29 41 39 8 39 29 26 34 30 17 4 40 24 6 21 38 6 42 12 
33 37 24 41 13 39 3 5 21 17 27 35 40 38 40 37 22 6 11 7 11 25 
20 26 27 41 8 41 21 34 4 29 39 20 41 31 10 11 11 6 17 37 30 10 
20 9 11 17 24 28 11 5 20 1 6 23 7 35 28 31 31 4 6 22 29 37 
7 1 0 22 9 0 19 37 3 40 8 21 32 11 34 24 36 31 16 42 36 23 
17 32 11 31 36 37 15 30 6 13 35 25 26 26 40 6 18 6 6 28 12 36 
5 28 24 15 13 18 28 26 17 39 23 8 0 30 21 17 3 1 0 30 18 28 
0 25 16 32 13 7 15 27 6 41 2 30 13 3 9 14 24 15 37 36 7 11 
42 12 19 25 15 12 19 17 32 14 34 7 31 42 26 17 33 14 38 6 4 0 
30 37 28 23 28 12 25 9 4 15 26 13 32 19 33 28 35 15 32 1 14 24 
29 29 8 20 21 38 34 8 11 22 27 22 9 27 35 30 1 9 37 15 8 41 
39 21 42 42 15 28 10 3 39 33 34 35 32 0 38 17 8 22 20 1 16 39 
20 41 1 6 39 12 31 26 28 38 28 11 35 33 28 11 18 34 0 34 17 12 
19 20 24 25 31 8 24 1 20 18 7 22 40 26 13 5 17 23 31 33 5 23 
6 23 2 11 39 36 11 21 30 10 28 16 21 19 21 37 25 27 8 3 8 28 
7 40 10 10 30 11 32 38 42 3 7 1 24 5 2 8 12 8 40 33 20 36 
13 11 4 36 32 38 14 15 8 22 15 26 31 0 5 37 2 1 36 19 39 18 
27 30 32 21 21 25 39 11 20 25 26 33 36 37 9 38 28 0 0 12 27 29 
0 33 19 17 0 12 1 38 24 17 37 18 34 41 15 18 37 17 40 25 25 16 
0 36 30 29 40 28 15 11 40 31 10 30 30 6 10 20 9 30 29 28 22 36 
5 26 41 0 39 29 20 8 13 5 41 27 15 24 24 31 36 32 4 25 2 34 
4 26 27 31 12 23 13 25 38 3 27 42 4 37 2 27 5 25 5 16 0 21 
26 9 22 29 41 39 8 39 29 26 34 30 17 4 40 24 6 21 38 6 42 12 
33 37 24 41 13 39 3 5 21 17 27 35 40 38 40 37 22 6 11 7 11 25 
20 26 27 41 8 41 21 34 4 29 39 20 41 31 10 11 11 6 17 37 30 10 
20 9 11 17 24 28 11 5 20 1 6 23 7 35 28 31 31 4 6 22 29 37 
7 1 0 22 9 0 19 37 3 40 8 21 32 11 34 24 36 31 16 42 36 23 
17 32 11 31 36 37 15 30 6 13 35 25 26 26 40 6 18 6 6 28 12 36 
5 28 24 15 13 18 28 26 17 39 23 8 0 30 21 17 3 1 0 30 18 28 
0 25 16 32 13 7 15 27 6 41 2 30 13 3 9 14 24 15 37 36 7 11 
42 12 19 25 15 12 19 17 32 14 34 7 31 42 26 17 33 14 38 6 4 0 
41 5
3 4 2 4 0 4 1 0 0 2 3 3 1 1 4 2 3 4 1 1 0 2 2 2 4 3 3 0 0 1 1 4 4 3 4 0 3 4 4 0 4 
4 2 3 1 4 1 0 4 2 1 3 4 2 1 3 2 2 1 4 1 3 1 1 4 0 0 3 0 3 3 3 3 2 0 1 4 3 2 3 4 0 
0 2 3 4 3 1 1 4 4 2 2 4 1 3 1 1 0 3 0 0 1 0 3 2 1 4 0 2 2 0 2 0 3 0 0 4 2 0 0 1 2 
0 4 1 0 1 4 3 2 1 1 2 4 2 2 2 4 1 3 3 4 0 3 1 4 0 2 1 4 0 4 2 1 3 2 2 2 1 1 0 2 4 
4 0 4 0 2 0 1 2 2 0 1 3 2 2 3 4 4 4 4 2 3 0 3 4 4 0 1 3 0 0 4 4 1 4 1 1 4 0 3 0 3 
0 0 4 2 3 0 2 4 0 1 4 2 1 0 3 1 4 1 1 0 1 0 0 3 2 1 1 1 0 3 3 2 1 4 3 4 4 3 4 3 0 
3 4 4 4 1 3 3 1 0 3 0 4 0 0 2 3 1 1 0 1 0 3 2 3 1 0 0 4 0 2 2 2 1 1 4 3 1 1 4 2 4 
1 0 3 0 3 4 4 0 1 3 0 1 3 0 0 3 2 4 2 1 0 3 4 0 4 4 0 0 1 0 2 1 2 2 0 3 0 1 3 4 4 
1 3 2 3 0 0 4 2 4 3 4 4 0 3 1 2 1 1 3 1 1 1 4 0 3 2 0 2 1 1 3 1 3 1 3 2 4 3 3 1 0 
2 2 0 0 1 0 0 3 4 4 2 1 1 4 1 2 0 4 1 3 4 0 0 3 1 3 3 2 3 0 4 3 1 2 3 3 0 4 2 3 0 
1 1 2 4 3 2 3 4 4 3 3 0 0 0 1 3 4 0 3 3 4 2 0 4 3 4 4 1 2 0 1 1 3 3 0 2 1 3 2 4 2 
3 3 4 4 0 2 3 2 0 1 2 1 0 0 4 4 4 2 0 4 1 0 2 3 4 2 0 4 0 4 0 1 4 2 1 0 4 1 3 4 4 
3 4 1 2 4 1 2 4 0 1 1 1 3 1 4 3 3 0 3 2 1 2 4 2 3 2 2 3 2 4 1 1 1 2 4 0 2 3 2 4 2 
3 4 0 2 2 0 1 0 0 1 1 2 3 2 3 3 4 4 3 2 2 4 0 1 2 1 3 2 0 2 1 3 2 0 2 4 0 2 4 0 1 
4 2 2 3 2 3 2 4 3 0 4 4 0 2 0 0 1 2 4 1 1 3 2 4 3 0 1 3 3 1 1 2 3 3 1 0 4 1 1 3 1 
4 3 2 4 4 3 4 4 1 3 4 1 1 4 4 4 2 2 1 2 1 3 1 1 2 1 0 2 2 3 2 3 2 0 4 1 2 0 4 3 2 
0 1 2 0 2 4 2 4 2 2 4 2 1 3 2 4 4 4 4 1 4 0 4 3 2 2 1 3 1 4 4 3 0 4 3 3 3 1 0 0 4 
0 4 4 4 4 2 0 4 2 3 3 2 2 4 1 4 3 3 4 3 1 1 4 4 1 1 4 4 3 0 3 2 1 3 0 2 4 4 4 3 3 
2 0 4 1 1 3 3 3 4 0 1 4 3 4 0 1 2 3 1 1 0 2 0 1 0 4 3 4 3 3 2 1 2 1 2 1 1 2 3 3 2 
4 0 4 2 3 0 2 3 3 1 4 2 0 1 1 3 0 1 4 1 0 2 0 3 2 0 1 3 1 2 2 1 3 2 4 3 2 1 4 3 1 
1 3 1 3 3 3 3 4 1 0 4 0 3 1 3 4 0 4 4 3 0 0 2 1 2 4 0 4 4 3 4 3 1 3 3 1 0 2 1 4 4 
1 3 1 3 0 0 3 1 0 2 4 3 4 4 1 3 3 0 3 4 3 2 3 3 2 3 4 1 1 3 0 2 3 2 0 4 0 2 4 3 0 
0 0 4 2 2 2 4 2 3 3 3 0 0 0 4 3 4 4 2 0 0 1 3 2 3 2 4 3 0 3 4 1 2 4 2 1 0 4 3 4 0 
1 0 2 0 2 2 0 1 1 2 3 0 1 4 0 4 4 4 1 2 4 4 1 0 4 2 1 4 4 3 2 1 3 2 4 0 2 0 4 3 0 
3 0 4 3 0 0 4 0 1 4 0 2 4 1 2 1 3 3 1 4 2 3 1 0 0 2 3 4 4 3 4 4 3 2 1 1 1 4 0 3 1 
3 0 3 2 0 2 3 2 2 3 4 1 4 4 2 1 0 0 4 3 2 1 1 3 3 4 0 4 0 0 2 3 3 4 2 0 2 0 3 0 1 
4 0 3 3 3 4 3 4 4 2 0 0 1 4 3 2 2 1 2 2 2 2 0 4 4 2 0 0 4 3 3 0 4 1 0 4 3 2 0 3 3 
1 2 2 3 2 1 1 3 3 1 0 4 1 2 2 0 4 1 0 4 2 1 3 2 3 2 2 4 1 1 0 4 3 0 2 4 2 2 0 2 3 
1 3 2 1 4 4 2 2 3 3 1 1 4 4 4 2 3 4 2 3 2 1 4 0 4 2 1 3 0 3 0 1 4 0 4 0 1 4 2 3 1 
3 3 4 0 4 2 1 2 1 1 2 3 3 2 3 4 3 1 1 2 2 0 0 1 3 3 2 2 4 0 4 3 1 4 2 1 4 4 0 1 0 
0 4 2 3 4 1 2 4 0 1 3 0 2 1 4 2 0 1 2 0 2 3 2 0 4 1 1 2 1 0 2 2 2 3 2 2 4 0 1 3 0 
4 1 0 3 1 4 1 0 0 2 4 4 4 2 1 0 4 3 1 0 1 1 4 1 2 0 3 4 3 1 2 3 1 0 2 1 4 0 2 0 0 
1 3 0 1 2 0 1 3 1 4 1 2 3 0 1 4 3 0 1 3 4 0 1 4 2 3 4 1 0 4 1 2 3 4 3 0 3 1 3 0 2 
0 3 0 0 0 4 4 1 0 1 2 4 1 4 0 2 1 2 0 4 2 1 3 2 0 2 3 0 1 1 1 0 4 4 0 1 0 1 1 2 3 
3 3 4 1 0 0 4 1 3 1 0 2 2 2 2 0 0 0 0 0 3 4 1 2 3 0 3 4 4 3 3 1 2 2 4 1 2 3 3 3 0 
0 4 0 0 0 2 3 0 0 3 3 3 0 1 2 0 0 0 3 0 1 3 4 4 4 2 0 0 1 0 0 3 1 4 4 0 3 2 1 3 3 
0 4 0 1 1 1 1 4 4 0 3 1 1 0 3 4 2 4 2 4 4 3 4 4 2 2 1 1 4 3 0 2 1 0 0 1 2 2 0 2 0 
1 0 3 1 0 0 4 2 0 2 4 2 2 0 1 0 0 3 1 3 3 0 2 4 1 3 3 4 2 1 2 2 0 1 0 4 3 4 0 1 0 
0 4 3 4 2 3 4 1 3 3 4 2 0 3 0 4 4 0 1 3 2 4 2 2 3 3 3 3 0 0 4 2 4 2 3 3 0 0 1 3 0 
0 2 1 2 0 2 3 1 1 0 0 0 2 4 1 1 3 0 1 4 4 1 2 3 2 4 0 4 4 4 1 0 1 3 3 2 4 0 4 4 0 
2 2 4 2 3 0 3 0 4 3 1 2 0 4 0 3 3 4 0 0 2 3 0 0 1 4 3 3 1 4 3 3 0 2 0 4 0 0 1 0 2 
4 3 1 1 0 3 3 2 1 1 0 3 2 1 0 1 1 4 2 4 2 1 0 0 2 2 2 3 3 2 0 3 1 3 0 3 0 4 0 0 4 
2 2 0 1 3 1 4 1 3 3 4 3 2 2 3 0 2 3 1 3 2 1 3 3 3 2 0 1 2 2 0 3 2 3 0 4 2 4 3 1 0 
3 0 0 0 1 2 0 0 4 0 1 4 1 1 0 2 0 0 4 2 2 2 2 3 0 2 1 1 3 4 0 3 2 4 1 2 1 0 0 3 3 
0 2 0 4 1 2 3 4 1 4 1 4 0 2 1 3 3 4 1 1 2 3 2 1 2 3 4 2 2 3 0 3 4 4 1 1 2 1 3 4 1 
1 4 4 3 4 2 4 2 4 4 2 3 1 4 3 1 3 3 2 2 0 4 3 1 0 3 0 3 0 0 4 1 4 0 3 0 3 2 2 2 2 
0 3 0 2 0 3 3 0 4 4 1 2 1 1 4 1 0 0 0 4 1 4 4 0 3 1 2 4 2 3 0 1 2 3 0 4 4 1 3 4 3 
4 4 0 3 4 4 1 4 4 4 2 3 1 4 2 0 4 4 4 0 1 3 4 3 0 0 0 1 2 2 3 4 3 3 2 4 2 4 4 4 4 
4 0 0 4 2 4 3 2 2 0 4 1 2 0 2 1 3 1 4 0 1 1 2 0 4 4 3 4 3 4 2 3 0 3 1 4 0 1 2 4 4 
2 2 1 0 1 4 3 3 0 2 3 0 2 2 0 1 1 4 0 0 1 4 4 2 4 0 1 2 4 1 2 3 1 4 0 0 4 3 4 2 0 
3 3 2 2 1 3 0 2 2 0 2 1 2 1 2 3 0 3 3 2 1 4 1 2 4 0 2 4 2 2 0 3 3 3 1 4 3 2 2 3 2 
3 0 0 1 2 0 4 3 2 0 3 3 2 2 1 2 2 0 4 4 1 2 4 2 4 2 2 3 3 1 3 4 1 1 1 2 4 1 3 1 3 
4 3 3 3 1 3 1 4 0 4 0 1 3 2 4 2 0 3 1 4 2 3 2 0 2 4 3 3 0 1 1 1 4 1 2 3 2 2 3 0 3 
1 1 2 0 4 3 0 0 1 1 4 2 1 4 3 3 3 4 4 0 0 3 4 3 2 3 3 0 0 4 1 1 4 0 1 1 0 0 2 3 0 
3 4 3 1 1 1 2 1 0 0 2 3 0 4 2 0 0 2 2 4 4 4 1 4 2 0 4 1 4 2 4 3 1 0 1 3 3 2 4 0 0 
4 3 2 4 1 1 4 2 3 2 1 4 0 1 3 4 3 2 1 4 3 0 1 2 0 2 0 0 4 3 2 3 1 2 2 1 4 3 2 3 3 
2 2 4 2 2 1 3 0 3 3 4 1 3 4 3 0 3 3 4 3 1 1 1 0 2 3 3 3 3 1 4 2 3 2 2 1 1 3 0 1 0 
1 4 0 0 4 3 2 2 4 4 1 3 2 4 1 1 4 1 0 1 3 3 4 3 1 2 0 1 4 2 3 1 1 3 4 4 2 0 0 1 4 
3 0 3 0 4 2 2 4 4 0 4 1 2 3 4 0 1 2 0 2 2 4 3 4 2 1 2 0 0 2 4 0 1 0 0 4 0 3 2 4 0 
3 4 4 3 2 2 4 4 1 4 2 3 0 3 0 2 4 3 2 2 2 0 0 4 2 0 1 2 1 3 2 3 1 0 4 0 2 4 3 0 1 
1 1 3 1 0 0 3 4 3 4 2 2 2 3 1 2 0 1 0 0 3 3 1 1 4 1 1 4 2 1 4 4 1 0 4 1 0 4 2 3 3 
1 2 3 2 1 4 3 1 4 2 4 1 4 4 4 1 4 0 3 2 3 2 0 0 3 4 2 1 3 3 2 3 2 1 1 2 4 2 3 1 3 
4 0 3 4 2 3 0 3 2 3 2 2 2 0 0 3 2 0 2 3 0 2 0 3 4 3 3 4 0 2 1 1 0 2 0 2 4 1 0 1 1 
0 0 2 2 0 1 2 4 1 4 0 1 4 0 1 3 0 0 1 1 1 1 0 2 4 4 2 1 4 2 3 0 2 1 2 4 0 1 2 2 4 
1 3 3 0 0 0 3 4 4 4 3 2 4 0 4 3 0 2 0 3 2 2 2 3 0 1 4 4 2 1 3 1 1 4 1 4 4 1 3 0 2 
2 3 2 1 3 1 3 0 0 1 2 0 3 3 3 1 2 0 4 1 0 1 4 3 4 4 1 2 2 3 0 2 0 2 4 3 4 0 4 4 0 
2 0 1 2 2 0 2 1 2 4 1 2 0 3 3 4 4 1 4 3 4 1 1 3 1 3 4 0 2 3 2 4 0 2 0 1 0 0 1 2 2 
0 1 2 4 3 2 2 0 4 0 3 3 1 1 4 1 2 3 1 4 0 2 2 2 4 4 2 1 1 0 2 0 2 3 1 4 4 2 0 4 1 
0 1 4 2 3 1 0 0 2 3 4 0 2 2 0 3 4 4 0 0 4 2 4 0 3 4 1 4 1 3 4 1 2 2 0 2 1 1 3 2 2 
3 3 4 0 1 3 3 4 1 3 2 4 2 1 1 1 4 0 0 1 3 0 1 4 4 0 0 3 1 2 2 2 1 1 3 4 1 3 3 4 1 
0 4 1 2 4 4 2 2 2 4 1 3 4 4 4 0 2 4 1 3 0 0 1 0 1 3 3 4 2 0 4 3 3 3 2 0 2 1 2 2 0 
2 2 2 0 1 0 0 3 1 2 3 4 0 3 4 4 1 0 4 1 3 2 2 3 0 2 3 0 3 0 3 2 4 3 0 1 4 4 0 1 2 
0 3 2 3 4 4 4 1 3 3 0 0 2 1 2 4 3 1 4 3 4 4 2 4 4 0 4 0 2 3 3 0 3 2 0 1 2 1 4 0 0 
2 3 3 4 4 4 2 3 3 0 4 0 1 3 2 0 0 1 0 0 4 4 0 1 4 1 1 1 3 3 3 2 2 0 2 2 0 4 3 2 4 
0 4 3 4 3 0 1 4 4 4 2 4 4 2 0 2 2 0 0 1 4 4 4 3 0 0 2 1 1 0 2 0 0 2 0 4 3 1 1 0 0 
2 3 3 4 0 4 3 1 2 3 4 2 2 2 3 1 3 2 3 1 3 1 0 0 2 1 1 2 4 2 4 3 0 2 2 4 3 2 3 0 3 
4 2 0 1 1 2 1 3 3 1 2 0 0 0 0 1 0 0 3 0 3 2 4 0 1 0 0 2 3 3 1 2 0 2 0 0 0 3 2 2 4 
3 3 3 1 3 4 2 2 4 0 0 0 2 4 0 1 3 0 0 2 2 0 0 2 2 3 2 3 2 4 2 0 2 4 4 3 4 1 2 3 2 
2 1 3 0 1 2 3 4 2 2 4 3 1 2 0 0 2 0 1 1 2 2 1 1 2 2 2 1 0 0 0 0 3 4 1 4 1 3 0 0 2 
1 0 2 4 0 0 4 1 0 2 0 1 3 4 0 2 3 4 2 0 0 2 3 1 2 0 0 0 1 4 3 1 1 4 2 3 0 4 2 1 1 
3 2 1 3 2 3 0 3 0 1 4 4 3 3 0 1 3 0 1 0 1 3 2 1 2 0 1 1 0 1 0 1 3 3 0 1 2 3 3 4 0 
2 3 1 0 1 4 2 0 3 2 2 3 1 0 1 3 1 3 1 1 4 4 2 0 0 3 1 1 0 4 3 0 3 1 4 3 4 3 3 2 3 
33 13
0 3 8 1 7 9 12 3 10 11 4 4 10 3 2 8 1 11 4 4 11 1 10 6 7 8 3 6 11 1 11 8 11 
3 2 4 11 1 0 5 3 11 6 8 7 3 7 5 9 10 10 2 8 1 11 6 9 7 5 10 7 6 1 1 6 2 
3 1 7 5 3 1 12 0 8 9 2 6 8 12 8 6 8 11 0 11 1 3 12 9 5 10 4 4 2 12 10 4 5 
3 10 10 7 12 2 9 7 4 12 8 2 9 7 11 5 6 3 7 3 3 1 12 1 4 8 4 1 3 3 11 9 1 
3 4 11 4 10 1 1 2 3 10 12 10 6 4 3 0 12 2 10 9 3 6 9 12 1 9 6 8 11 1 7 5 5 
0 8 11 11 1 12 6 11 0 3 4 10 5 8 0 0 4 7 5 10 10 11 0 1 4 0 3 10 0 6 3 12 6 
3 0 2 1 2 0 10 11 11 0 9 7 4 11 4 3 11 2 3 0 11 0 0 0 3 7 0 10 12 0 6 9 0 
3 12 6 11 7 4 11 11 7 12 8 2 4 11 11 3 3 12 10 7 2 11 6 7 6 0 5 1 3 2 6 5 12 
3 5 7 11 5 12 3 8 11 1 2 10 3 4 4 7 2 10 5 6 3 12 12 10 12 2 11 1 10 11 10 1 7 
8 10 6 2 2 6 0 4 12 0 5 12 3 4 0 12 5 9 8 3 3 12 10 1 11 8 7 6 6 4 5 8 6 
4 9 5 12 6 8 0 4 5 5 1 9 7 7 7 5 4 1 4 4 11 7 2 11 6 10 10 3 7 4 4 7 5 
9 11 11 7 7 4 11 10 3 8 5 9 8 1 3 6 11 3 12 1 0 2 4 2 6 0 12 3 6 9 9 5 0 
8 1 11 8 0 1 3 9 3 0 3 4 9 0 11 2 12 5 10 7 6 7 10 0 2 6 10 12 3 4 7 9 9 
4 12 0 12 3 8 3 2 5 3 9 10 11 9 0 2 0 3 11 10 2 4 5 3 1 5 9 0 6 12 8 0 9 
6 3 2 5 8 0 5 2 0 2 0 1 2 9 9 7 0 8 11 11 3 0 0 1 1 3 10 8 11 2 12 8 6 
7 9 4 11 8 6 1 2 9 7 7 0 7 9 2 3 2 3 12 0 0 0 5 1 5 7 6 2 7 1 7 9 1 
8 12 3 9 11 3 2 7 2 3 1 3 0 4 7 2 7 0 5 10 3 0 11 8 10 12 4 1 8 3 11 9 0 
5 11 10 4 7 8 1 10 2 3 1 9 3 8 12 5 7 0 3 1 4 12 8 6 0 1 10 12 9 7 7 0 2 
2 5 1 6 6 4 0 10 12 8 12 12 4 10 4 4 10 7 12 6 10 6 10 6 4 9 0 12 9 6 12 6 0 
2 7 4 8 9 1 8 5 1 3 10 11 2 0 10 11 11 8 2 7 3 1 4 11 1 8 4 10 3 3 12 4 3 
2 2 12 8 4 2 12 9 7 0 0 12 3 6 10 7 12 4 8 5 11 1 0 3 1 11 6 8 5 4 4 8 0 
11 6 2 9 4 10 5 2 4 4 4 10 9 7 8 8 2 4 4 2 3 4 7 9 5 3 2 3 9 10 9 1 5 
6 1 1 5 8 10 4 2 12 9 7 1 9 9 11 9 1 6 7 9 8 6 3 6 11 1 12 10 8 7 1 0 9 
11 11 10 8 10 11 8 2 10 11 4 10 10 6 3 7 8 10 3 6 6 0 12 4 2 8 0 9 1 2 9 12 6 
4 1 10 8 12 1 5 10 10 7 3 8 1 4 0 10 2 5 2 12 11 4 11 5 0 11 11 11 12 3 0 12 5 
11 1 5 3 11 3 5 8 4 9 6 9 7 10 2 12 6 5 3 6 2 12 2 3 1 9 6 0 7 0 12 12 12 
9 7 8 3 6 2 0 9 0 6 5 0 12 11 7 12 0 6 8 8 4 3 4 12 3 11 1 11 7 2 9 4 8 
11 5 11 0 5 9 5 0 1 10 10 4 0 10 10 9 3 9 2 7 0 9 11 6 12 7 11 0 2 0 7 4 12 
10 7 0 2 5 4 9 4 12 9 12 8 0 12 9 4 1 9 11 2 5 8 2 9 3 4 10 10 5 1 1 2 4 
6 5 5 3 8 0 5 7 7 10 10 3 12 6 12 8 1 4 3 10 9 12 12 9 1 12 12 4 10 7 12 7 7 
11 7 6 6 8 4 10 0 0 5 6 3 12 9 6 10 4 3 0 2 5 4 10 4 5 4 11 0 2 10 10 2 2 
5 3 2 0 6 7 3 5 7 10 10 6 9 9 11 1 2 12 10 8 0 6 9 7 7 3 2 2 7 6 12 10 6 
10 3 11 1 6 2 2 6 11 0 3 6 12 12 2 9 6 11 10 3 1 0 11 5 11 11 5 9 2 11 6 10 6 
6 6 7 8 1 9 4 5 9 5 7 8 11 8 12 4 5 8 0 5 6 2 0 4 12 9 4 2 6 0 12 9 2 
12 3 5 3 6 0 8 7 10 2 5 12 3 3 6 6 6 11 6 9 11 0 8 11 1 0 6 10 4 3 6 0 8 
9 6 10 2 12 8 2 7 9 0 6 9 5 2 1 2 3 2 4 9 9 6 9 8 0 12 9 11 4 12 3 3 10 
10 11 4 7 9 6 1 8 1 5 7 7 2 0 12 3 3 4 8 2 6 12 5 10 1 12 4 0 6 3 4 4 8 
12 2 1 2 4 10 7 6 9 11 4 5 11 3 0 7 11 8 12 1 10 2 11 4 9 6 2 7 12 8 4 3 4 
0 2 8 6 6 8 12 2 5 8 2 0 0 4 12 10 7 5 3 12 4 8 11 3 4 8 0 10 3 1 12 10 8 
3 10 6 12 8 7 4 6 0 12 7 1 12 1 5 10 9 6 1 10 4 12 5 5 8 3 1 10 3 9 1 9 5 
8 6 1 0 6 5 5 4 1 4 9 6 1 3 5 1 4 3 0 4 12 9 8 3 10 1 7 4 9 5 8 2 12 
6 3 9 9 4 4 9 4 9 11 4 9 12 3 11 3 0 6 4 6 1 8 1 8 5 1 11 1 4 5 1 9 9 
6 10 4 1 8 2 5 1 8 10 2 11 7 1 5 7 11 8 7 5 6 5 12 4 12 5 2 5 7 6 12 3 7 
7 7 4 6 0 8 2 11 3 0 8 12 5 6 1 1 11 11 11 5 7 9 1 6 10 9 0 0 3 11 2 4 4 
1 12 10 5 1 8 9 12 0 6 12 3 4 11 1 12 7 10 12 8 3 0 2 4 6 8 7 0 2 1 12 3 1 
3 12 8 11 11 7 6 8 11 6 12 8 3 3 5 1 0 12 2 7 8 6 10 4 6 8 2 4 1 3 7 11 5 
2 3 11 6 0 5 10 11 11 9 6 1 12 2 9 12 6 2 2 10 11 6 2 4 1 0 6 3 1 11 6 8 3 
3 6 11 1 9 12 12 7 0 1 7 9 10 0 6 10 9 7 2 12 2 0 5 6 8 9 3 5 12 4 8 9 7 
0 11 5 0 6 12 2 1 0 4 10 4 7 11 10 4 7 5 2 5 4 7 1 7 9 11 11 3 8 11 10 10 1 
2 2 8 12 6 2 5 0 10 11 2 1 0 2 5 4 4 10 11 7 0 8 5 12 3 11 9 12 5 4 2 11 3 
2 9 11 12 9 12 5 1 5 3 3 3 12 11 8 5 0 1 3 9 2 5 3 0 11 12 10 5 2 10 10 2 8 
7 10 2 11 10 11 12 9 10 7 8 6 8 12 12 10 5 8 11 2 8 7 9 6 8 2 11 9 1 3 7 12 0 
4 5 0 11 10 6 0 3 8 6 0 3 3 8 7 11 4 10 1 4 7 7 5 6 5 5 11 4 11 10 9 5 11 
9 0 11 2 11 9 12 1 4 8 0 3 10 9 7 7 3 1 4 3 7 3 6 12 2 3 12 2 4 3 12 7 4 
9 10 3 1 2 5 9 11 8 6 10 11 4 5 0 9 12 11 0 3 8 5 4 10 2 7 0 3 8 11 1 10 9 
11 3 4 3 3 2 0 6 7 0 4 11 12 2 12 3 6 7 7 0 8 5 0 11 7 11 8 8 0 3 9 6 6 
2 9 8 1 10 10 1 1 2 5 12 6 4 4 5 0 3 2 5 8 5 1 9 5 12 0 12 0 7 4 2 0 9 
4 10 3 9 8 7 12 3 10 12 1 4 12 6 6 9 12 9 5 1 7 9 12 8 7 1 4 11 10 7 8 3 12 
6 1 9 3 5 9 11 4 9 7 9 6 6 1 1 3 0 10 11 0 8 6 0 4 11 0 4 10 3 4 6 12 8 
4 3 10 6 11 10 4 3 1 11 1 1 5 5 11 9 4 5 10 0 9 4 10 10 0 2 3 8 6 11 10 10 8 
1 1 1 6 0 4 5 12 0 11 7 11 0 12 11 5 2 4 10 0 11 2 5 2 9 12 3 8 8 11 7 3 11 
3 11 7 3 9 3 3 0 11 2 12 9 3 9 3 3 11 6 4 11 8 9 9 9 2 0 3 0 7 12 1 6 9 
6 10 10 10 9 5 1 10 5 2 4 1 6 2 1 6 12 6 1 9 0 5 6 6 0 5 0 3 10 3 6 2 8 
12 2 10 5 6 8 8 5 11 10 11 7 3 8 12 9 7 11 12 10 2 7 7 2 7 5 8 0 4 10 10 11 0 
6 7 7 2 8 5 1 6 9 1 2 0 12 10 11 1 2 7 0 3 4 2 8 12 12 10 11 1 5 8 4 10 3 
0 5 0 11 7 9 5 0 10 7 5 6 4 8 11 6 5 7 2 8 6 3 7 10 7 9 4 12 5 7 7 6 9 
3 17
9 11 10 
9 13 4 
8 14 12 
0 3 15 
12 0 16 
7 10 16 
20 19
12 15 16 17 12 13 3 10 8 11 17 14 2 2 7 4 4 1 13 18 
7 13 3 3 12 9 17 3 5 1 5 2 18 13 17 14 4 3 8 5 
6 17 18 12 14 10 7 2 10 7 5 10 4 16 1 6 9 4 15 12 
12 6 12 14 1 16 7 14 5 13 0 6 6 9 14 18 3 0 12 0 
8 9 16 13 4 7 9 12 5 9 5 2 10 12 3 13 0 18 3 9 
16 12 18 14 7 2 15 18 3 5 8 15 5 5 8 4 8 5 6 8 
1 17 5 17 15 8 14 8 11 0 3 9 9 1 8 7 16 16 15 7 
3 1 16 18 18 8 7 5 16 3 10 7 1 4 0 6 12 6 11 6 
4 13 12 12 17 3 7 10 5 1 17 17 3 15 1 10 11 18 13 4 
7 10 4 9 8 3 18 13 14 17 3 12 8 3 6 7 0 18 9 0 
12 7 1 13 16 11 16 1 0 18 1 7 12 9 16 13 2 6 17 10 
5 2 17 18 6 6 14 17 11 18 18 4 15 0 2 4 12 3 6 13 
9 18 18 17 9 0 5 18 17 17 0 17 3 8 16 13 12 17 6 13 
14 15 4 7 12 5 12 16 6 4 3 5 0 10 11 13 17 14 1 18 
8 11 4 14 3 10 5 8 12 5 13 0 8 6 1 13 8 6 17 10 
17 4 15 13 12 6 18 13 18 8 15 13 8 16 8 0 10 18 4 13 
1 16 3 16 12 0 8 6 6 18 10 0 3 1 4 6 15 17 9 14 
14 4 12 14 18 10 1 16 8 6 15 1 14 11 14 15 7 8 6 6 
16 17 9 18 12 11 2 18 16 17 3 5 2 16 9 9 3 10 12 10 
13 15 14 7 0 15 11 17 13 1 9 6 9 2 5 2 17 6 5 16 
6 10 2 18 0 4 15 10 13 17 11 6 14 16 11 10 4 6 17 14 
18 11 18 3 16 14 2 12 4 11 1 11 11 3 7 9 14 15 12 15 
10 18 7 0 16 7 16 9 11 7 18 10 18 17 0 18 0 16 10 18 
1 5 12 13 16 9 2 8 17 0 1 7 16 13 18 17 12 11 8 11 
13 3 5 18 5 11 18 17 3 8 3 4 7 5 2 3 3 2 12 12 
1 10 8 0 15 18 9 15 4 15 17 14 13 6 11 6 9 12 5 4 
0 2 13 18 18 0 1 0 16 10 7 13 14 16 17 12 1 18 12 0 
11 12 5 1 5 5 16 1 17 12 5 12 15 12 18 1 11 13 4 11 
5 2 3 18 5 2 12 16 1 13 9 9 18 15 7 2 8 15 4 16 
5 7 9 0 8 6 11 3 2 18 14 18 16 8 13 15 16 15 6 1 
4 7 8 11 4 17 5 9 10 16 5 18 6 18 11 4 1 10 7 18 
16 16 16 2 14 12 0 3 7 8 0 16 5 11 14 2 3 3 6 13 
12 9 2 5 13 3 8 11 6 2 14 11 16 6 8 11 5 17 16 0 
5 11 2 5 2 7 13 1 8 10 16 3 10 5 2 16 8 16 17 12 
9 17 7 3 1 7 4 5 16 11 7 5 10 11 6 18 18 1 4 0 
17 2 0 0 6 8 2 0 3 16 7 11 6 12 5 13 9 17 0 3 
18 11 12 10 12 0 14 1 17 11 18 6 8 7 1 15 7 13 3 10 
10 15 4 2 12 6 3 11 15 11 7 6 1 18 16 14 15 5 14 12 
13 18 1 16 4 12 8 8 3 7 15 3 5 16 11 0 4 3 17 12 
7 9 9 9 14 16 16 3 4 8 5 0 10 10 8 4 4 15 14 11 
43 7
6 2 5 6 1 5 6 5 0 0 4 3 5 0 5 3 5 5 6 3 5 2 5 5 3 2 2 4 2 6 3 2 0 6 0 6 2 6 5 6 0 2 5 
6 4 3 4 2 2 6 4 5 4 5 4 4 1 2 2 4 3 6 4 4 3 4 5 0 3 5 6 0 1 0 4 2 2 5 2 0 0 2 1 1 6 5 
6 6 5 5 5 0 5 1 0 1 2 5 1 6 2 1 0 0 4 5 0 5 5 2 0 4 3 4 0 1 3 4 0 3 0 5 6 5 5 1 1 6 0 
3 1 2 3 5 3 6 2 1 6 6 2 3 6 5 6 3 3 5 2 5 0 4 0 0 3 6 1 6 5 3 6 0 3 3 4 0 4 3 2 2 5 0 
2 4 3 1 4 1 2 1 4 4 0 2 0 0 1 6 6 6 0 2 4 5 0 6 2 4 2 3 0 4 0 1 3 4 4 1 4 6 1 4 5 4 5 
1 0 0 0 3 2 0 1 0 2 6 3 6 0 4 6 4 3 2 4 4 0 3 5 4 1 6 6 3 3 2 2 6 6 2 0 4 2 0 3 6 3 0 
3 4 6 3 3 1 2 5 5 3 2 4 4 5 1 0 4 3 4 4 2 1 1 1 2 1 3 1 1 3 2 5 4 3 1 1 1 6 6 2 5 3 1 
3 1 5 0 3 6 6 2 2 1 1 4 0 0 6 0 2 4 6 1 0 6 3 1 1 2 0 0 4 1 6 3 5 3 3 6 5 2 3 5 0 6 1 
1 4 0 0 4 3 1 4 2 0 6 6 5 3 4 0 5 6 6 6 0 5 6 0 1 0 3 3 6 0 0 2 4 4 2 2 1 6 4 2 1 4 4 
5 3 6 6 3 0 5 3 1 6 3 2 0 5 2 1 3 1 4 6 0 4 0 2 5 3 3 3 1 2 1 2 3 5 2 6 0 3 0 0 3 0 1 
4 3 0 0 0 5 5 1 2 2 6 6 2 1 1 6 0 3 3 0 6 5 6 4 0 3 6 0 2 2 5 3 1 0 2 1 6 0 3 3 0 2 0 
4 1 5 4 4 2 6 4 3 3 1 2 3 0 0 3 3 1 2 3 5 3 4 5 6 5 0 6 1 2 3 6 1 6 1 0 2 3 6 5 5 5 0 
0 6 2 5 0 6 1 1 4 0 0 3 5 2 1 1 0 0 0 1 2 6 6 2 3 1 4 1 3 3 0 1 6 3 3 1 3 2 2 2 6 5 1 
3 6 0 2 3 6 2 1 5 0 5 4 2 4 6 5 0 5 5 2 0 1 2 2 5 3 5 0 0 0 1 2 3 6 4 2 2 4 2 1 3 1 5 
4 1 2 1 5 0 0 3 0 2 4 0 3 3 3 5 2 4 0 0 2 5 5 6 2 4 2 3 0 1 5 6 1 0 5 1 1 0 2 2 2 4 3 
0 5 5 0 3 6 6 2 1 6 3 4 0 2 0 0 4 2 2 4 0 0 1 0 2 0 1 0 2 6 4 6 0 0 6 6 0 3 3 6 6 0 6 
2 5 0 0 2 0 1 5 2 5 5 0 0 2 3 5 4 3 1 0 2 2 4 5 0 1 5 4 2 6 6 4 6 5 0 6 1 1 0 3 5 4 5 
3 3 6 2 4 4 6 2 2 4 5 4 1 0 3 2 3 3 2 6 6 5 5 5 5 1 4 3 5 4 3 3 0 1 2 1 4 2 4 4 6 0 6 
4 4 0 0 2 6 5 4 5 3 0 3 6 3 6 4 5 0 3 2 0 2 0 1 0 1 0 3 4 1 0 2 6 5 4 1 0 3 5 0 3 5 4 
0 0 1 5 3 2 5 6 3 2 5 1 5 2 4 2 5 1 5 5 2 0 6 4 4 1 4 1 4 4 0 1 2 3 0 3 3 4 1 5 0 6 5 
4 0 3 3 2 2 5 2 4 6 5 1 4 0 0 5 4 2 2 4 4 2 1 4 2 5 0 5 4 3 5 0 6 5 0 1 6 3 3 6 0 5 2 
6 6 3 4 4 3 2 4 3 2 5 2 5 3 4 5 6 3 4 5 2 2 1 4 2 0 3 6 5 0 6 0 2 3 5 1 4 4 4 4 1 3 2 
1 0 2 6 6 5 0 4 1 1 1 0 1 5 6 2 5 4 6 1 6 1 5 1 4 4 1 5 3 0 2 2 5 5 2 2 6 1 0 0 0 5 3 
3 0 2 5 2 4 4 1 6 5 3 6 0 0 0 5 0 1 0 4 2 3 2 5 3 2 1 4 0 3 1 2 0 0 3 1 5 5 0 4 5 1 0 
6 2 2 5 5 0 3 2 5 2 6 2 1 1 0 3 5 1 5 6 0 2 6 3 5 6 4 1 0 6 4 2 5 5 2 5 1 4 4 3 1 3 2 
3 0 3 6 4 1 5 6 4 1 5 4 0 0 0 5 0 5 4 3 0 5 3 1 3 5 1 0 5 6 6 0 5 0 2 2 2 4 0 4 5 1 5 
0 2 2 1 1 5 4 1 3 1 2 1 2 2 1 1 2 0 2 6 4 2 6 3 4 6 6 0 6 4 4 0 5 4 1 5 3 0 2 1 4 1 6 
6 4 2 1 2 0 0 4 3 6 2 6 1 6 6 0 4 1 1 2 5 3 6 5 0 3 1 2 3 4 5 2 6 5 6 3 4 6 6 5 5 3 0 
3 4 2 2 0 2 2 0 6 3 0 4 0 0 6 6 0 6 4 6 1 1 6 2 6 3 4 0 5 0 4 2 0 6 0 0 6 2 3 1 6 2 3 
4 1 2 4 1 0 0 6 2 3 1 2 4 6 1 2 6 3 1 1 1 3 6 2 4 5 3 1 0 6 0 3 2 6 3 5 0 2 3 1 5 6 2 
2 4 3 6 6 6 0 1 6 2 2 2 2 3 4 3 5 3 3 0 5 0 1 2 5 5 5 3 3 2 2 2 0 3 2 2 2 3 1 0 1 0 6 
3 1 6 2 2 1 5 4 1 1 4 5 2 1 4 1 2 1 0 5 1 6 6 5 1 4 6 1 4 5 0 2 3 6 0 4 4 5 0 0 0 4 6 
1 5 0 2 4 6 2 6 4 0 1 2 3 2 2 6 2 6 4 0 4 2 6 5 5 5 6 2 3 0 6 6 0 2 5 6 1 6 2 1 3 1 3 
4 4 3 3 3 1 2 5 4 1 5 2 2 2 5 4 5 1 4 1 5 5 2 6 2 4 3 2 2 5 4 0 2 2 5 6 0 3 2 1 3 3 0 
6 6 5 3 5 3 1 3 1 2 0 3 2 0 2 5 5 5 1 4 1 4 6 3 5 3 3 5 6 6 0 5 6 2 0 5 4 0 2 1 3 5 0 
1 4 2 6 0 5 5 1 0 2 1 5 6 3 0 3 2 5 3 1 1 6 2 6 0 5 4 0 6 3 5 5 6 2 0 6 5 2 1 2 3 1 2 
2 3 1 6 2 1 0 1 5 2 5 3 4 3 4 0 4 4 5 5 3 5 4 4 1 0 1 4 4 6 5 6 1 3 6 3 0 0 6 4 1 4 6 
4 6 4 3 0 6 5 4 4 6 0 4 3 5 3 6 2 1 1 1 2 5 0 5 3 0 1 0 1 6 0 6 2 3 5 5 3 2 4 6 4 1 4 
6 6 1 1 1 0 5 6 3 5 1 4 3 0 1 0 1 2 5 5 5 6 0 0 1 2 6 0 5 6 2 1 2 1 0 0 6 0 4 5 5 3 4 
4 2 1 4 2 2 1 3 2 5 4 4 1 5 1 5 5 5 6 4 3 4 2 4 6 1 4 5 1 5 6 6 2 6 3 1 6 1 2 5 2 0 1 
6 1 0 5 6 0 4 1 2 6 2 2 3 2 4 0 3 1 4 4 0 5 2 5 6 0 4 4 6 2 4 5 5 1 0 3 4 3 3 2 6 6 1 
6 4 1 1 5 0 6 4 2 6 6 5 4 3 4 5 0 3 1 6 6 2 2 6 3 4 4 4 5 2 2 3 4 3 6 5 3 3 1 6 4 5 0 
3 6 0 6 3 3 5 4 2 6 2 3 6 1 3 5 3 6 1 5 4 1 6 6 1 2 2 0 1 4 5 6 0 1 3 5 0 4 2 6 6 3 3 
5 5 0 4 6 4 4 4 5 1 5 2 6 6 0 1 1 5 6 6 4 4 0 2 1 6 5 5 2 0 1 6 3 5 1 2 5 6 6 6 4 0 4 
4 1 2 0 3 5 5 4 5 2 1 2 5 3 5 2 1 1 6 2 4 3 5 1 6 1 1 2 4 1 4 2 3 2 5 3 3 1 1 2 0 2 3 
1 0 0 5 3 5 2 6 3 0 5 0 2 5 1 6 3 0 0 6 1 0 5 1 3 4 5 5 5 4 0 3 2 4 0 4 4 6 3 6 6 0 0 
4 5 5 3 4 4 0 3 4 6 6 0 4 2 4 1 4 6 5 0 0 6 0 6 2 4 5 3 1 6 3 4 5 4 2 0 6 3 4 5 4 1 4 
6 2 6 3 2 0 5 1 1 4 0 2 6 4 0 2 0 5 2 4 3 6 2 3 1 4 3 3 3 1 2 5 0 3 5 2 2 5 5 0 0 3 1 
1 1 2 2 2 5 0 1 6 2 2 2 0 5 5 4 5 2 4 5 0 1 5 0 6 2 0 0 5 6 0 3 4 5 6 0 3 3 6 1 5 3 1 
2 3 4 0 4 3 6 0 2 6 1 4 5 1 0 2 6 0 4 6 4 0 5 5 3 2 0 2 4 2 1 6 4 6 4 6 5 3 0 4 2 5 3 
3 2 1 5 2 1 4 1 6 0 5 5 5 1 5 4 4 2 0 6 3 6 3 3 0 5 2 3 1 2 5 1 3 6 1 4 1 3 4 4 4 1 6 
0 2 2 0 6 4 2 4 1 4 4 0 0 3 4 1 1 2 2 5 3 4 3 4 5 4 2 1 5 0 4 5 2 5 1 5 6 1 3 3 6 6 5 
0 3 1 6 4 1 2 6 1 4 1 3 3 3 2 4 5 3 2 1 1 1 2 0 0 6 0 2 0 2 2 4 0 1 4 4 6 5 1 6 6 6 3 
0 2 4 3 2 1 5 6 1 1 1 2 1 6 1 6 5 1 4 3 1 0 1 3 1 5 4 6 4 4 1 3 0 1 5 1 1 4 0 0 1 6 0 
5 5 0 3 4 2 5 6 3 4 5 5 2 3 3 5 1 4 3 4 1 3 0 6 2 1 5 0 1 6 6 2 3 3 3 0 6 6 2 0 4 0 0 
3 5 5 3 5 5 0 2 0 2 3 4 2 2 2 1 5 2 0 2 5 0 3 3 3 6 6 3 3 3 2 3 2 0 2 3 3 2 5 1 5 3 1 
5 4 0 0 4 0 4 2 4 0 0 6 1 0 0 6 3 5 4 5 1 5 6 2 6 4 2 2 0 4 1 0 2 2 5 6 5 6 4 5 1 3 4 
2 1 5 1 5 2 1 5 6 0 1 3 3 0 2 0 3 5 3 1 6 5 6 2 4 5 1 5 6 0 6 5 2 2 2 5 0 6 3 6 2 3 4 
6 3 5 2 6 3 1 5 4 1 6 1 2 5 2 5 3 4 1 5 4 1 6 4 0 1 5 2 6 0 3 0 6 1 0 0 1 0 0 2 2 2 6 
0 0 6 2 2 0 4 3 6 6 2 2 3 1 6 5 6 2 1 6 0 3 3 2 6 3 4 4 2 6 1 3 1 5 4 2 4 2 1 2 1 3 0 
1 1 6 2 5 2 1 3 0 5 1 2 4 0 5 6 2 1 3 4 5 6 4 1 4 5 4 4 5 1 3 1 1 4 5 1 4 0 3 2 6 3 4 
3 4 0 1 6 0 0 5 1 2 3 5 3 4 3 2 0 4 2 1 1 2 1 3 6 3 2 2 2 5 4 0 2 2 2 0 2 0 4 4 0 5 0 
0 5 0 3 3 3 4 4 5 6 3 0 0 3 5 3 3 1 4 3 6 4 4 4 1 5 1 4 5 0 4 6 0 5 3 3 2 5 1 4 5 0 3 
3 0 6 0 1 4 4 6 1 3 0 2 1 0 5 1 2 1 3 5 6 1 2 2 0 5 4 4 5 2 5 5 5 3 2 0 4 3 5 4 3 2 4 
4 3 2 3 4 2 2 2 5 2 1 4 4 6 6 3 4 1 2 6 3 3 6 6 0 6 4 1 5 2 4 4 3 0 5 4 3 2 0 5 2 2 6 
6 1 5 2 2 3 2 1 0 0 6 0 6 0 5 1 0 0 4 2 5 6 2 4 3 2 6 2 2 6 1 4 3 1 3 6 0 0 2 3 0 5 1 
3 0 0 1 2 4 5 5 4 5 1 4 3 1 5 1 6 6 5 5 0 4 0 1 2 3 3 3 0 5 2 4 2 5 2 4 2 1 3 6 4 6 0 
0 6 1 5 4 4 3 2 6 3 2 4 5 3 5 1 2 3 6 1 3 4 1 6 0 3 2 4 5 1 0 1 3 4 0 4 1 6 2 2 5 2 4 
6 1 3 2 1 5 1 0 3 2 6 5 5 5 3 5 1 6 5 5 0 1 4 4 5 3 5 2 5 4 3 3 0 2 2 6 6 2 5 2 0 2 3 
1 4 3 4 0 2 5 2 6 4 3 3 2 0 1 1 2 5 5 6 5 2 4 6 0 0 1 3 0 2 3 1 0 6 0 5 5 2 0 2 4 2 6 
1 2 5 0 6 6 3 5 3 3 3 5 6 1 5 4 0 4 4 2 2 3 1 4 4 0 5 3 5 6 5 3 3 0 5 3 5 2 2 2 6 1 3 
6 5 2 4 4 5 0 6 2 6 1 1 5 0 0 0 3 2 3 2 1 3 6 2 0 4 6 1 3 0 0 1 1 0 5 3 6 1 5 4 6 6 2 
2 3 1 2 5 2 1 0 0 1 5 5 2 5 5 5 1 0 0 2 4 3 2 2 0 3 0 3 0 1 4 0 3 3 5 5 2 5 4 1 4 5 3 
1 5 5 4 0 6 3 6 6 6 4 6 2 3 2 6 5 0 4 5 5 3 4 1 1 3 6 3 1 1 1 6 0 3 5 4 4 2 2 5 1 6 4 
3 2 6 5 5 2 2 2 2 0 6 1 6 6 1 6 4 2 3 5 1 4 5 4 6 0 4 6 5 6 0 1 1 5 0 5 4 1 1 0 5 0 5 
4 3 5 0 1 6 6 3 3 4 2 3 5 6 2 1 5 5 0 2 3 0 6 1 0 0 5 3 5 3 1 0 4 5 2 6 2 0 2 5 6 4 4 
6 4 3 3 5 0 2 3 1 6 4 2 0 3 6 1 2 1 2 5 5 4 6 4 4 2 4 1 0 1 4 2 4 5 3 3 6 3 0 1 6 3 1 
6 3 0 2 5 3 3 4 6 4 2 4 2 3 6 2 4 3 3 5 5 5 3 2 0 2 4 3 0 0 1 6 1 5 6 2 0 3 6 3 4 6 6 
5 5 6 3 4 2 0 2 2 6 6 4 0 5 5 0 4 5 2 1 0 1 6 4 6 1 6 6 0 1 3 5 5 5 5 2 4 5 5 4 5 1 0 
6 4 0 0 1 1 6 5 0 1 5 0 5 1 6 5 3 4 4 4 4 0 1 4 3 6 6 5 0 5 0 4 1 0 4 2 2 6 0 6 0 5 3 
5 0 3 1 2 6 1 5 3 2 1 0 6 2 1 6 3 5 0 2 5 6 4 6 1 4 1 5 6 5 5 3 6 3 5 3 3 2 6 2 4 0 1 
2 1 4 4 1 1 0 2 2 0 2 3 0 4 3 5 0 2 6 2 2 3 0 3 3 6 2 2 5 2 6 0 1 3 5 4 3 5 4 4 2 1 1 
2 3 3 6 3 1 2 6 2 0 3 2 6 1 0 0 1 4 4 5 5 1 5 0 6 4 6 2 2 2 5 6 2 3 6 4 1 3 3 6 3 1 6 
4 5 1 4 3 6 3 2 3 4 0 5 4 1 0 5 1 1 4 1 3 6 2 1 5 3 3 1 4 5 6 2 6 3 4 2 3 4 4 5 1 1 5 
5 6 1 3 5 1 0 5 1 5 3 6 6 4 0 1 2 6 6 6 6 3 1 6 3 5 6 4 4 1 1 2 0 3 0 3 1 4 5 6 3 3 4 
6 0 6 4 5 6 2 6 3 2 2 0 3 6 2 1 2 1 6 1 1 4 3 4 0 1 4 4 6 6 2 2 2 6 4 0 5 0 5 2 6 2 3 
39 19
1 3 3 5 2 11 9 15 2 7 3 1 11 18 2 10 17 9 4 6 3 12 13 12 8 13 4 14 5 15 1 2 2 4 7 11 14 6 18 
10 12 9 5 8 3 11 1 0 0 16 3 9 15 10 11 1 15 3 8 0 15 8 2 8 18 9 9 11 16 14 8 9 3 17 12 3 6 8 
11 5 1 17 11 4 14 6 7 11 4 1 4 5 8 5 3 4 16 8 2 8 10 7 10 17 4 18 12 1 8 5 13 8 15 10 7 5 7 
3 12 7 16 4 14 11 14 15 17 7 18 1 2 0 2 11 4 8 2 18 1 1 18 5 16 16 10 18 18 14 0 16 12 9 13 8 6 6 
12 11 4 17 6 1 17 14 9 1 9 15 17 10 11 4 15 17 10 11 0 14 9 4 9 4 1 1 11 10 11 9 9 9 0 11 6 9 17 
8 18 3 12 8 6 2 5 6 3 6 4 15 8 6 8 14 9 17 10 13 17 5 6 9 2 0 17 15 18 18 11 6 5 4 0 8 17 7 
17 1 3 10 6 8 15 16 5 18 11 0 8 9 12 12 10 18 8 17 7 13 14 14 14 5 12 13 1 2 13 13 18 6 13 4 10 4 4 
12 9 10 2 10 5 4 15 15 5 5 15 5 14 17 8 18 15 7 14 18 15 15 1 13 11 6 6 11 17 16 16 16 4 12 6 12 17 1 
9 3 13 14 16 4 4 8 15 18 11 16 12 17 14 5 2 2 6 17 1 16 18 11 4 0 4 15 4 3 2 6 0 16 4 7 10 13 7 
6 15 15 18 2 2 15 4 2 4 4 3 16 1 8 18 5 15 10 5 15 6 7 8 5 7 3 2 4 7 7 7 6 13 6 14 13 13 2 
4 16 1 7 7 18 16 7 11 16 4 5 18 10 14 15 8 16 6 14 0 11 18 6 17 9 8 4 17 7 17 18 5 14 8 5 15 4 3 
14 5 0 17 1 8 11 10 3 3 16 0 18 4 8 17 14 7 2 5 10 3 10 13 2 7 9 11 10 8 9 0 17 11 13 5 12 14 4 
7 15 12 17 4 4 10 0 5 15 2 8 16 13 0 3 11 9 17 2 12 4 13 0 0 1 0 3 11 1 0 6 10 17 7 15 6 1 4 
11 12 6 10 16 11 10 16 13 1 15 13 6 6 7 17 8 0 11 9 4 2 1 8 1 2 2 13 18 1 14 8 4 12 1 9 7 4 4 
0 15 14 15 10 14 12 5 9 4 8 3 2 3 14 7 1 9 7 1 5 6 14 4 0 5 2 6 6 5 5 7 5 5 13 6 1 16 9 
8 5 0 7 1 16 17 10 7 5 12 4 6 16 9 16 10 14 18 14 0 15 15 3 17 4 11 13 1 13 5 4 2 2 18 1 1 13 1 
11 18 10 5 5 4 8 9 10 0 16 1 2 11 4 8 14 4 12 6 6 6 0 11 11 6 8 16 13 10 12 7 14 16 7 17 13 6 0 
7 0 13 12 9 8 6 1 12 0 13 13 2 11 14 6 4 16 12 12 14 9 17 10 7 1 1 5 10 0 9 8 6 3 6 8 11 11 6 
9 0 8 10 17 1 3 11 14 8 2 5 2 4 18 12 3 9 16 12 7 16 12 1 2 10 2 18 5 11 12 9 0 4 6 11 5 17 9 
15 8 2 11 12 9 8 2 5 5 17 4 1 4 11 4 6 11 8 5 14 10 0 8 9 0 9 6 5 17 5 4 5 9 17 18 14 1 16 
0 17 0 16 13 10 15 16 11 1 1 9 14 1 7 4 7 3 18 11 18 8 16 5 12 6 3 7 4 12 15 7 10 17 4 4 3 4 14 
1 16 4 2 17 14 3 10 1 9 0 3 13 16 17 7 16 4 7 3 15 17 14 13 1 14 13 11 3 2 8 12 0 6 1 18 12 10 15 
9 14 10 8 15 14 17 7 7 13 2 1 4 12 0 1 6 8 2 17 6 4 4 1 9 17 11 10 0 12 4 13 7 4 4 4 0 7 2 
1 14 4 14 7 15 1 10 1 8 0 1 15 2 10 6 10 18 6 1 10 6 18 15 11 6 6 9 4 13 1 18 1 17 11 2 13 11 7 
6 9 4 13 15 12 9 1 4 5 13 15 1 8 6 7 1 2 6 12 14 9 0 2 14 16 6 3 7 16 17 11 14 16 8 2 17 7 13 
9 1 11 4 7 8 11 2 4 16 15 18 10 7 12 14 15 15 13 6 4 15 15 15 2 14 13 0 15 2 7 3 12 14 6 7 0 15 8 
8 1 10 8 16 11 17 3 10 13 9 4 4 10 2 4 5 5 1 14 16 18 10 11 2 8 10 9 9 1 15 16 7 4 5 1 1 7 4 
10 2 8 14 13 8 10 17 11 7 9 5 11 3 15 16 6 5 12 16 7 4 2 7 15 11 7 18 18 1 14 3 5 14 7 16 12 11 8 
0 11 7 18 3 4 12 1 11 1 4 13 10 14 0 9 7 18 13 4 15 2 11 8 7 5 11 11 5 8 18 13 12 7 17 17 17 9 5 
4 6 10 15 5 8 7 12 16 0 8 17 12 15 7 4 18 2 11 13 0 18 12 8 5 18 18 4 0 15 17 8 8 18 7 6 0 13 15 
10 9 7 15 0 8 7 14 10 12 18 14 13 5 2 16 1 2 6 16 2 10 16 3 11 10 7 1 6 16 11 4 16 15 9 18 9 4 6 
1 18 1 10 6 16 2 12 16 8 0 16 4 16 17 4 0 18 12 17 1 2 14 1 4 10 17 18 9 1 0 1 9 13 7 10 4 6 1 
14 10 2 18 2 17 9 12 3 17 0 16 9 9 0 9 16 12 6 10 16 5 1 17 0 8 6 15 4 17 13 16 16 16 8 18 3 10 5 
8 3 5 6 0 16 0 0 12 13 15 17 8 12 12 12 11 18 5 13 8 8 6 12 1 9 11 11 0 9 5 2 7 2 3 15 7 12 0 
7 10 15 17 17 6 0 0 17 18 11 8 6 12 6 15 7 18 7 13 5 11 7 5 14 5 18 15 18 5 4 1 13 6 17 0 2 18 17 
14 12 8 10 7 15 3 2 18 5 4 6 15 2 13 17 6 9 0 8 8 13 5 11 7 2 0 18 13 8 16 7 6 3 12 17 3 12 0 
2 16 3 2 16 2 0 9 8 0 18 9 14 6 1 0 13 2 12 16 11 4 9 9 10 14 15 5 7 11 7 14 17 0 10 11 4 13 1 
1 10 10 18 6 11 1 4 10 10 11 6 15 1 0 10 17 10 0 2 17 13 0 0 18 12 15 1 12 0 1 8 4 7 13 0 11 3 6 
17 11 18 5 2 1 7 18 9 3 9 16 4 4 18 6 17 12 6 0 7 16 13 16 5 8 0 17 1 15 0 10 8 1 11 15 8 15 5 
9 2 8 11 10 18 0 15 6 14 12 9 2 17 7 14 11 8 3 4 6 0 17 15 0 1 11 6 16 17 5 10 11 7 15 18 12 16 10 
18 11 2 5 5 10 16 1 9 6 13 13 12 13 12 5 13 6 17 1 12 6 12 1 14 7 8 8 8 2 17 10 3 15 5 14 13 17 8 
12 5 6 7 6 0 4 7 12 9 15 1 18 1 11 2 5 18 8 8 15 3 18 15 16 3 10 10 8 15 1 16 13 16 7 5 11 4 15 
17 13 8 1 13 6 18 17 2 18 8 12 4 15 9 11 11 9 11 4 11 7 11 17 4 16 5 11 8 7 6 9 3 0 7 11 8 11 1 
10 17 11 17 14 6 3 1 3 0 17 10 1 10 6 13 9 3 9 7 2 10 6 16 8 14 10 2 18 7 18 8 12 0 10 3 2 9 5 
4 13 4 14 2 18 13 7 7 4 0 16 16 1 13 18 18 2 2 8 17 12 3 17 1 6 17 5 18 16 3 13 16 10 3 1 5 15 7 
6 9 9 4 15 5 2 15 15 16 15 13 13 1 15 10 11 3 8 8 9 3 2 12 2 6 17 13 1 2 15 0 5 16 6 14 11 0 5 
2 4 4 1 11 9 12 16 9 8 9 16 14 2 13 0 14 16 17 8 8 2 18 18 7 1 6 15 14 1 7 3 14 9 8 18 8 12 18 
6 4 2 17 17 10 0 18 13 12 10 12 0 13 17 7 11 5 17 4 13 14 6 17 12 7 17 15 11 0 17 8 17 3 3 3 4 8 8 
8 6 9 0 15 7 7 7 9 14 3 13 7 16 11 8 6 13 11 7 14 10 3 6 8 11 6 16 1 11 15 15 12 11 13 8 18 18 14 
5 17 1 11 16 3 14 12 0 13 7 9 15 10 2 0 17 2 5 16 18 7 18 2 7 18 5 6 1 16 14 9 12 13 12 18 5 15 3 
16 5 10 15 2 14 3 14 8 4 4 16 11 4 15 9 13 6 2 3 13 7 0 9 3 6 13 3 4 1 2 0 4 4 13 17 8 4 2 
5 10 1 1 18 7 16 4 15 2 12 9 3 13 12 6 12 12 1 15 18 8 17 12 4 11 15 3 5 15 18 8 10 2 3 9 17 6 6 
12 12 18 6 7 5 10 12 13 2 2 10 10 18 18 2 11 5 16 2 12 3 17 11 11 8 12 7 0 18 1 5 3 15 4 8 8 6 17 
5 18 14 4 16 5 14 5 2 3 5 2 9 10 10 12 3 17 14 12 18 8 16 9 3 7 12 6 0 16 13 15 0 11 0 3 2 15 4 
1 3 18 5 14 18 14 7 6 8 11 4 3 3 3 5 14 18 17 7 18 4 5 1 4 15 8 7 13 14 9 18 11 3 10 4 18 16 8 
15 7 16 9 18 0 8 7 0 2 14 8 0 9 0 5 2 4 4 14 14 10 1 1 5 12 0 8 11 18 8 9 9 12 16 7 16 13 7 
6 17 6 6 15 0 17 17 14 12 16 15 17 8 7 8 17 3 12 7 10 12 0 7 9 13 4 10 10 4 11 3 4 8 16 1 7 16 6 
12 17 15 18 13 0 13 1 0 11 3 18 8 1 0 12 7 12 8 18 18 13 1 5 18 0 13 7 9 4 0 6 10 7 4 1 5 13 13 
16 15 3 16 12 14 17 12 12 0 5 8 7 6 1 2 9 15 8 10 16 10 15 15 15 15 17 6 4 3 7 6 14 9 4 13 10 4 16 
4 16 0 0 5 2 0 7 14 13 2 7 11 16 14 11 6 11 2 3 17 15 13 7 11 0 18 8 12 12 16 7 12 0 11 3 12 11 17 
0 8 2 4 13 14 1 17 17 16 15 11 5 11 10 3 7 0 8 5 7 9 0 11 16 2 6 11 16 17 11 9 13 14 17 5 2 4 18 
9 6 2 3 1 3 15 18 2 15 14 17 2 0 15 15 5 15 11 10 17 17 4 2 12 17 11 10 11 18 1 8 10 5 5 15 18 5 7 
5 10 18 2 7 7 7 10 7 17 6 0 6 6 14 0 7 2 1 4 11 3 17 3 9 5 2 18 14 1 3 18 2 5 11 1 9 13 2 
7 12 7 3 17 11 13 7 4 8 14 12 18 0 9 5 15 2 11 3 16 5 15 5 15 10 14 15 3 0 3 3 12 18 11 8 9 0 13 
14 4 10 17 2 1 10 14 11 8 8 11 14 12 0 15 4 16 3 1 9 17 6 5 11 14 2 4 14 16 5 13 6 7 3 1 12 0 13 
3 5 0 8 1 12 7 10 11 13 5 14 17 3 10 3 0 14 11 12 15 5 18 13 0 17 3 14 3 14 5 12 3 2 17 5 12 3 5 
7 2 6 10 18 17 10 17 3 14 2 8 11 18 6 13 8 7 1 16 18 0 18 2 5 12 18 5 7 15 0 12 5 17 5 10 5 17 8 
11 10 13 12 5 5 0 13 7 11 4 2 6 1 9 4 6 11 17 4 8 4 3 11 17 4 18 12 9 18 11 0 12 2 18 8 10 17 12 
14 14 3 15 6 17 8 2 15 3 11 2 13 10 16 15 2 6 2 11 18 8 18 6 1 7 3 9 7 11 2 8 8 11 10 17 15 12 15 
3 0 11 5 14 13 3 1 9 14 2 6 1 10 11 8 3 18 17 12 14 4 16 15 14 9 1 3 5 11 16 14 8 18 17 3 0 1 17 
15 8 12 18 7 6 16 11 8 9 6 9 15 4 9 9 7 17 4 0 13 18 8 16 10 14 1 11 18 13 14 2 1 15 12 17 7 9 17 
1 10 13 1 1 13 7 4 4 10 12 1 7 12 5 5 0 1 8 3 15 16 15 9 11 13 2 5 7 11 9 7 13 8 18 9 14 17 3 
6 8 9 12 17 6 12 1 12 18 13 7 15 4 16 12 6 0 15 18 9 15 10 2 17 4 12 6 17 16 8 14 17 7 14 2 1 14 6 
1 6 16 16 9 16 8 15 1 1 9 14 6 14 3 1 14 17 0 17 17 5 8 1 11 14 14 13 9 16 8 13 8 16 7 15 7 0 13 
5 13 3 6 17 15 17 3 16 14 6 6 13 14 10 12 6 12 8 15 2 2 11 1 11 8 1 14 12 0 5 4 16 6 3 8 10 8 1 
8 15 2 17 18 10 10 6 12 0 9 4 11 11 6 1 0 9 17 3 0 15 2 0 14 7 4 13 8 14 0 18 12 8 0 14 12 18 1 
6 11 1 18 11 13 9 9 0 12 0 16 0 9 1 17 0 3 14 1 3 2 16 4 16 3 18 4 6 2 7 18 10 10 15 0 18 2 16 
10 12 9 1 7 11 17 10 9 5 3 7 3 15 5 15 5 15 11 11 16 14 11 8 15 16 4 16 6 12 13 2 12 3 9 5 17 18 16 
10 3
1 2 1 0 2 2 2 1 1 0 
1 2 2 1 2 2 1 2 2 0 
2 2 2 0 0 2 0 0 0 2 
1 1 1 0 2 1 1 0 1 1 
1 2 0 0 1 1 0 1 0 0 
0 1 2 1 1 2 0 1 1 2 
1 0 1 2 0 1 1 2 0 0 
0 1 0 0 1 0 2 0 1 1 
1 0 2 0 0 2 0 1 2 0 
1 1 1 1 1 1 1 2 0 0 
1 1 0 1 2 1 2 1 1 2 
0 1 1 2 2 2 0 0 1 0 
1 0 2 1 0 0 1 1 1 0 
2 1 1 2 2 2 2 2 2 2 
0 1 0 0 1 1 1 0 2 0 
1 2 1 1 0 0 2 2 0 2 
2 1 0 0 2 2 0 1 0 0 
2 0 2 1 1 0 2 2 1 1 
1 2 2 0 0 0 2 0 0 1 
2 0 0 0 0 0 2 1 0 1 
25 7
6 3 2 6 2 5 2 5 0 6 4 6 4 0 2 6 3 3 3 3 2 4 1 2 2 
6 1 4 2 2 4 4 0 1 5 0 5 6 6 5 0 4 2 0 2 0 0 2 4 6 
6 1 2 4 3 6 0 2 2 1 2 1 5 1 6 1 1 6 6 5 2 0 5 3 6 
2 2 0 4 0 2 2 5 6 1 4 5 6 3 3 4 1 3 6 6 6 3 1 1 3 
3 3 1 0 3 3 1 0 3 1 2 2 4 3 4 4 4 6 5 6 0 3 6 1 1 
0 1 2 4 5 0 4 3 4 3 6 5 6 3 2 6 4 5 2 4 6 5 3 5 5 
3 0 4 1 0 1 6 1 0 1 3 2 3 5 2 0 0 1 0 2 5 6 1 2 3 
0 3 1 5 1 3 5 0 2 5 5 6 6 2 1 3 0 0 2 5 3 4 6 0 1 
3 2 6 3 3 2 3 0 2 4 2 0 5 1 3 2 1 6 5 4 0 0 6 3 0 
5 3 1 5 0 6 4 6 5 1 5 1 1 5 3 5 0 0 2 3 6 5 1 4 2 
3 0 5 3 6 3 2 2 3 0 2 4 0 2 4 3 5 3 4 6 6 3 2 0 0 
3 1 6 4 0 4 2 3 2 6 1 6 4 5 4 1 6 3 1 0 4 6 4 1 1 
0 1 2 5 6 1 5 3 5 4 2 3 3 2 1 0 2 0 2 6 4 2 5 5 0 
0 3 0 6 5 0 6 1 2 0 3 5 3 3 6 4 3 3 2 5 3 5 6 3 2 
2 4 4 2 1 3 4 4 5 4 0 1 3 2 4 4 1 4 4 1 4 6 5 6 6 
1 4 6 3 3 3 0 1 3 2 4 2 2 5 6 1 1 3 3 5 5 6 0 4 4 
5 1 3 5 4 4 5 1 1 4 2 3 1 4 0 2 1 1 6 3 2 6 4 1 0 
3 1 2 6 0 6 2 5 6 5 0 2 2 4 6 1 1 2 5 1 2 0 0 5 6 
2 2 4 2 1 0 3 5 2 4 0 0 0 1 4 6 4 3 5 1 5 4 1 1 1 
1 6 4 0 1 3 1 4 5 3 6 4 4 4 2 4 4 0 2 6 6 6 0 1 0 
5 3 3 1 0 3 1 4 5 6 3 3 1 0 4 6 4 0 4 3 6 4 4 5 1 
1 5 6 6 0 0 4 6 0 4 2 4 3 2 4 2 1 1 6 5 2 3 1 1 2 
4 2 3 6 1 0 2 0 5 2 5 6 2 5 4 6 3 5 0 0 1 6 1 1 0 
5 0 3 0 0 4 3 5 0 3 0 0 3 1 6 4 5 3 5 4 3 6 4 6 5 
4 0 5 2 2 2 1 0 6 5 4 1 3 6 3 0 6 5 1 5 1 4 5 3 5 
2 0 6 3 5 0 2 4 1 6 5 4 1 1 6 5 4 2 2 4 6 2 5 4 1 
4 1 6 1 3 4 2 1 2 6 3 1 4 6 2 5 6 1 0 3 1 2 2 0 5 
1 3 3 4 6 4 1 5 6 1 2 1 6 5 5 0 1 6 5 2 5 3 0 5 5 
1 6 3 3 4 3 1 2 0 0 2 0 5 1 3 1 6 2 2 4 1 2 3 0 5 
0 6 5 2 1 2 1 4 3 0 4 0 2 3 2 4 5 5 2 6 6 1 3 2 3 
2 4 3 2 0 2 3 2 3 5 5 3 4 4 5 5 5 4 6 1 6 5 5 3 5 
3 1 3 3 1 6 6 6 2 6 2 5 4 6 1 0 5 1 6 4 6 4 5 3 0 
2 5 1 2 6 1 5 5 5 4 3 1 0 6 1 5 0 3 0 2 1 4 0 1 0 
2 4 6 4 6 3 5 5 0 1 0 5 3 2 6 1 5 2 6 1 2 3 2 5 0 
6 2 2 0 1 6 2 4 3 4 1 6 4 4 5 1 2 0 1 6 0 3 4 0 5 
5 6 6 4 0 1 6 0 1 6 5 5 6 6 2 5 5 2 3 3 2 6 1 1 6 
3 3 2 6 5 4 5 4 5 1 1 3 5 3 0 5 2 5 0 4 2 6 3 0 4 
0 3 1 0 3 5 5 4 5 4 1 6 1 2 6 1 1 1 3 1 5 4 2 3 4 
0 4 0 4 1 3 3 4 2 5 0 0 2 2 4 3 6 4 0 3 6 3 2 2 4 
5 5 6 3 5 3 0 6 4 4 2 1 5 3 5 3 3 5 3 6 0 4 0 1 6 
2 0 3 6 6 0 6 2 3 1 1 3 3 5 2 6 3 2 0 5 3 5 3 1 2 
1 1 4 0 1 3 1 0 6 5 4 4 0 3 0 3 0 2 5 3 1 3 3 3 3 
5 5 6 3 4 0 1 1 2 6 6 6 2 4 2 1 0 0 1 3 2 3 2 2 2 
2 1 1 6 1 3 6 5 3 0 4 3 6 3 4 5 1 2 1 0 1 0 0 0 5 
6 3 0 6 5 4 3 5 6 6 1 1 4 6 6 6 6 3 2 3 0 2 5 0 4 
6 1 1 1 5 2 3 1 3 5 3 3 1 3 3 0 3 1 0 3 5 4 2 1 3 
6 4 0 0 5 6 0 3 4 4 3 5 2 6 4 3 1 6 4 2 6 1 6 4 1 
5 5 3 4 2 1 4 4 0 3 4 1 2 0 3 6 2 0 2 6 1 2 6 1 1 
3 1 4 3 6 3 0 5 6 5 0 3 6 6 1 1 0 1 0 3 1 5 3 1 4 
3 6 3 0 2 3 6 2 1 2 4 6 1 0 0 2 3 6 3 0 6 4 0 3 5 
27 41
6 5 34 14 35 8 21 39 1 2 32 29 35 8 14 14 11 36 8 30 2 34 10 16 30 15 25 
28 8 31 32 32 34 27 16 28 3 30 5 20 34 21 36 27 34 16 13 24 8 20 31 4 28 39 
1 37 33 19 15 22 0 15 19 15 28 34 11 3 14 17 11 39 26 21 8 5 10 28 11 6 11 
34 34 28 8 31 26 33 0 25 14 28 9 38 9 12 37 14 2 11 25 28 34 39 35 20 22 10 
16 24 30 9 0 22 17 24 24 14 26 20 7 8 39 22 37 37 3 7 11 15 33 25 39 11 0 
35 34 29 17 28 29 9 4 24 34 31 17 9 3 2 23 25 32 23 29 2 16 4 28 39 21 11 
34 6 15 34 2 39 16 8 12 31 26 27 30 12 12 30 37 32 37 27 4 12 13 9 25 15 2 
1 39 13 18 12 16 26 28 15 24 17 20 19 25 32 34 2 10 4 14 3 27 16 31 37 2 0 
33 35 39 26 8 21 26 11 21 23 23 10 38 38 1 21 40 25 32 30 21 38 10 26 9 19 17 
19 13 34 4 27 3 40 15 25 6 8 5 2 19 7 8 35 17 6 15 36 12 9 14 34 17 39 
40 12 2 38 12 0 31 5 17 23 6 26 13 29 32 22 2 9 16 7 6 34 0 33 14 36 6 
18 10 13 38 31 37 9 11 33 23 13 34 17 9 26 16 1 39 37 13 6 24 39 19 40 28 22 
2 3 12 1 0 11 26 0 19 34 19 2 8 32 32 13 6 21 7 21 28 24 38 8 23 37 30 
17 17 8 31 22 28 5 40 22 12 5 24 24 33 29 1 17 37 6 22 18 20 30 13 13 31 20 
36 34 1 14 33 1 5 7 21 27 7 0 10 36 3 35 38 11 22 3 39 40 8 13 11 19 29 
14 5 9 23 35 31 4 26 36 0 27 18 25 19 12 5 24 13 32 13 31 1 34 3 20 10 1 
30 28 10 1 34 10 6 33 8 27 26 29 21 16 2 11 32 20 35 6 13 36 39 15 33 0 40 
36 35 35 1 12 4 18 11 12 37 5 17 9 13 22 28 32 7 31 39 30 33 2 8 17 11 34 
35 11 20 31 2 24 26 26 16 2 17 19 37 25 24 25 27 9 26 39 36 12 33 10 8 31 36 
7 8 4 39 38 27 22 26 2 25 22 8 31 33 38 39 15 32 2 26 33 25 12 36 31 8 4 
8 6 5 6 28 25 8 0 14 16 31 6 18 5 38 11 12 36 35 6 18 10 31 19 13 1 13 
26 18 28 31 4 38 17 16 29 17 35 14 13 40 10 37 0 35 14 22 33 3 40 16 28 5 34 
11 37 35 0 4 39 5 7 7 33 8 28 14 15 4 36 25 30 1 17 26 34 12 23 21 5 11 
28 6 35 8 11 0 25 29 1 5 10 12 29 9 31 17 6 16 23 9 39 20 28 36 27 1 7 
14 22 39 17 29 40 22 4 16 24 10 2 29 2 17 35 13 23 32 10 8 13 35 27 19 26 27 
34 38 3 24 18 25 18 13 36 5 21 23 20 30 18 38 28 33 19 6 16 2 4 37 31 12 20 
17 16 18 18 25 32 36 21 21 32 16 21 12 1 0 2 10 15 2 20 3 4 26 34 1 38 13 
2 17 40 0 12 13 10 19 9 8 39 26 23 16 25 19 25 14 4 3 28 11 22 7 18 31 40 
25 18 10 10 7 2 10 37 15 14 4 37 5 40 40 31 16 11 1 7 8 27 26 25 31 38 38 
1 32 33 3 33 2 31 22 40 33 6 2 22 11 8 2 0 2 9 2 33 18 17 24 15 12 11 
26 6 17 11 21 30 16 17 32 31 24 7 15 31 26 19 18 2 22 29 5 8 21 32 40 7 1 
38 36 2 29 16 19 15 24 8 1 13 26 5 34 7 4 20 15 40 38 36 25 28 7 14 40 37 
38 24 35 22 15 2 34 38 26 32 40 36 6 36 13 39 11 29 12 8 11 22 38 3 5 25 7 
35 29 37 18 23 14 18 35 3 31 22 34 5 19 8 15 9 5 3 6 35 7 33 6 22 9 12 
24 2 27 4 39 36 13 27 10 18 35 14 21 32 27 27 8 15 17 13 38 21 17 20 17 1 27 
6 10 10 26 11 39 14 19 12 17 9 11 2 31 40 35 34 40 21 36 31 25 15 17 14 17 16 
31 5 37 11 9 4 21 38 11 22 35 23 6 35 2 2 15 32 12 12 8 3 29 12 1 17 36 
37 15 6 22 0 23 18 31 7 14 25 33 40 25 27 17 18 5 25 26 27 1 14 7 8 27 36 
28 28 35 12 16 31 20 23 29 33 2 12 31 19 14 33 7 2 37 28 1 39 11 3 17 2 28 
5 37 4 14 38 25 19 14 30 32 2 25 3 9 0 13 11 24 39 23 38 17 29 7 2 2 25 
25 13 25 1 2 8 35 5 12 33 3 37 31 22 19 4 9 14 9 4 28 37 17 0 34 2 20 
33 27 10 2 18 12 9 14 2 31 19 39 2 5 38 12 26 12 24 15 40 14 1 18 10 5 37 
2 32 34 8 32 20 36 24 16 21 3 13 1 34 10 24 23 30 27 37 32 6 25 3 0 8 8 
21 8 8 29 32 0 28 25 31 21 5 12 4 36 16 23 29 20 39 24 13 2 0 22 15 14 36 
28 29 33 10 21 29 7 13 38 38 40 26 37 22 4 17 7 27 28 23 37 17 31 20 29 0 8 
31 27 0 40 35 14 30 3 18 1 26 35 30 31 7 39 27 3 14 25 36 29 0 38 39 25 20 
22 31 33 8 12 11 18 22 6 28 0 25 31 34 30 11 27 11 12 3 39 31 1 35 33 18 18 
22 22 17 9 14 39 2 16 27 9 24 22 36 28 33 29 4 36 27 36 1 8 0 25 13 38 10 
1 20 4 26 2 16 20 22 23 14 38 27 7 23 23 15 12 6 31 25 31 11 17 22 7 30 8 
3 38 5 0 26 11 39 18 30 6 29 1 27 7 10 5 2 5 21 30 37 34 39 19 32 36 5 
23 16 10 9 2 25 4 37 17 15 36 18 35 32 40 35 25 40 32 28 18 19 0 39 13 21 35 
19 25 24 1 23 5 40 16 12 31 31 26 32 1 18 0 8 39 8 9 29 37 7 37 19 16 31 
23 3 4 32 18 8 12 0 11 19 0 16 16 36 26 5 28 31 9 8 30 25 1 11 11 16 2 
40 4 2 16 1 15 35 33 39 32 28 29 21 23 8 8 16 9 13 12 28 38 40 5 33 25 2 
18 5
1 0 3 4 4 0 1 0 4 2 4 0 4 1 3 4 4 3 
4 4 2 2 0 3 3 0 1 2 2 0 2 1 1 3 3 0 
2 2 0 4 0 2 2 3 2 4 0 3 3 1 4 3 4 4 
1 2 4 3 2 0 1 4 1 0 2 3 3 3 2 0 3 0 
3 3 0 3 2 0 4 1 0 1 1 4 3 0 1 2 4 1 
3 1 1 2 2 0 1 3 3 3 3 1 3 0 1 1 2 1 
2 4 1 0 2 2 4 3 4 1 0 1 2 2 0 1 2 0 
4 1 3 2 0 4 1 3 2 3 2 1 0 4 4 3 0 2 
4 2 1 3 3 1 1 1 1 1 3 2 1 2 3 2 4 0 
3 2 0 3 0 2 2 3 0 1 3 1 0 3 0 2 0 4 
2 3 4 1 3 4 0 4 4 0 1 4 4 3 3 3 2 2 
0 3 1 2 2 2 3 0 4 3 1 1 4 0 3 2 2 4 
4 1 4 1 2 0 1 4 3 1 1 0 4 4 3 2 0 1 
0 0 0 4 3 0 2 0 4 2 0 0 0 4 1 4 0 2 
0 2 2 0 4 2 2 4 0 4 3 4 3 2 1 3 4 3 
1 0 2 3 4 1 3 4 2 1 3 3 2 2 3 4 2 3 
3 2 2 0 3 1 0 4 0 1 4 0 4 3 4 2 0 0 
1 0 0 4 4 1 2 4 1 0 2 3 3 1 0 1 0 2 
1 0 2 0 4 2 3 2 2 3 3 0 1 4 1 0 3 1 
0 2 1 1 3 0 1 0 3 2 4 1 1 2 2 2 4 2 
4 0 3 0 1 0 1 4 2 0 3 4 1 4 0 4 3 3 
0 3 1 0 1 1 4 3 1 1 3 3 3 1 0 1 2 2 
0 1 2 1 1 2 1 1 1 1 3 1 4 0 0 3 3 2 
0 1 1 1 0 4 4 2 2 0 2 0 4 4 2 3 2 0 
1 3 4 1 2 2 1 4 4 0 4 1 0 1 2 0 2 3 
2 3 1 4 2 0 0 3 0 0 2 3 1 2 3 3 1 4 
2 3 0 4 0 3 3 4 0 3 0 1 3 0 2 1 0 2 
3 0 0 2 0 2 3 3 3 3 4 0 4 4 4 0 4 0 
1 1 3 2 4 0 3 2 2 2 1 4 3 1 3 4 2 0 
2 3 0 1 3 4 3 3 0 4 2 4 0 3 4 2 3 0 
2 0 0 1 3 2 0 1 4 1 0 3 1 4 4 4 4 3 
0 4 3 0 2 0 0 4 2 0 1 4 1 4 2 2 2 3 
0 0 0 2 3 3 1 2 1 4 4 4 4 1 2 2 3 1 
3 3 3 3 0 0 0 2 0 0 0 2 1 0 3 2 0 2 
1 3 1 3 0 2 2 1 3 3 4 2 1 2 0 1 0 4 
4 2 2 3 4 2 0 4 3 3 4 4 1 0 3 4 4 4 
14 13
12 5 2 5 1 9 7 3 2 5 6 3 8 1 
3 12 4 1 5 9 1 11 8 6 7 3 9 11 
10 12 12 3 12 1 8 11 12 6 4 8 5 10 
1 9 10 0 11 9 0 0 3 0 3 11 2 5 
9 5 11 11 0 4 11 2 8 2 5 9 6 11 
6 5 11 8 8 11 5 8 3 9 4 0 11 11 
12 5 2 10 9 8 8 4 3 9 8 4 5 6 
3 1 10 11 11 7 11 5 4 5 2 6 9 9 
11 10 1 9 7 6 7 12 8 0 10 5 9 8 
8 2 3 11 4 4 7 1 4 9 9 1 12 5 
0 4 10 3 2 3 9 7 10 11 8 1 4 12 
9 6 11 5 0 9 0 2 7 1 7 8 5 8 
2 5 5 5 6 12 4 5 11 12 8 5 10 7 
5 6 5 8 3 5 5 12 6 1 12 9 4 7 
5 1 8 4 4 2 3 5 4 10 8 8 2 8 
10 11 10 12 8 4 7 2 2 8 3 10 4 4 
8 8 9 1 12 7 10 1 2 12 2 7 10 5 
9 2 5 10 5 1 2 7 2 4 0 1 0 11 
5 10 9 0 5 7 2 2 1 10 11 4 12 6 
9 7 8 4 2 6 6 11 5 2 12 2 8 10 
10 0 10 3 7 12 1 9 0 7 1 8 2 10 
12 12 2 9 11 6 9 4 8 2 1 7 8 5 
5 12 4 8 3 3 6 4 8 3 2 5 10 2 
11 6 0 6 1 2 2 1 4 9 9 6 6 11 
6 2 8 3 0 12 10 9 5 2 10 3 9 4 
2 10 8 8 1 8 5 12 6 5 7 5 0 8 
10 6 11 0 12 7 6 0 0 6 3 1 0 1 
0 4 2 6 8 5 5 1 12 9 8 3 3 8 
45 2
1 1 1 1 1 1 0 1 1 0 0 0 0 0 1 1 0 0 1 0 0 0 1 1 0 0 1 1 0 1 0 1 1 1 1 1 1 1 1 1 1 0 1 0 0 
1 0 0 1 1 1 1 0 0 1 0 1 0 1 0 0 1 0 0 0 1 1 0 1 0 1 1 0 0 1 0 1 1 1 1 1 1 0 0 1 0 0 0 1 0 
1 0 0 1 1 1 0 0 1 0 1 1 0 0 0 1 0 1 0 1 0 1 1 0 0 0 1 1 0 1 1 1 0 1 1 0 1 0 0 1 0 0 0 1 0 
0 0 0 0 1 0 1 0 0 1 0 0 0 0 0 0 1 0 1 0 0 1 1 1 1 0 0 0 0 1 1 1 1 0 0 1 0 1 0 1 0 1 0 0 1 
0 1 0 0 1 0 0 1 0 1 0 1 0 1 1 1 1 1 0 0 0 1 1 0 1 0 0 0 0 1 0 0 0 0 0 0 1 1 0 1 1 0 0 0 1 
1 1 0 1 0 1 0 0 1 1 0 1 0 1 0 0 0 1 0 0 1 1 0 1 1 0 0 1 0 0 0 1 1 0 1 1 0 0 0 1 0 1 0 1 0 
1 1 0 0 0 1 1 0 1 1 1 1 1 1 0 1 1 0 0 1 0 0 1 0 1 0 0 1 1 0 0 1 0 0 0 0 1 0 0 1 0 0 1 0 1 
1 1 1 1 1 1 0 0 1 0 0 0 1 1 1 1 1 1 0 1 0 0 0 1 1 1 1 0 0 0 0 0 0 1 0 0 1 0 0 0 1 1 1 0 0 
1 1 0 1 1 1 0 0 0 1 0 1 0 0 0 1 0 1 0 1 1 0 0 1 1 1 1 1 0 0 1 0 0 1 0 0 0 0 1 0 0 0 0 0 1 
1 0 0 1 0 0 1 1 0 0 0 1 0 1 1 0 1 1 1 1 1 0 1 0 1 0 1 1 0 1 1 1 1 0 0 0 1 0 1 0 0 0 1 1 1 
0 0 0 0 0 0 1 0 1 0 0 0 1 0 1 0 0 0 0 0 0 0 0 1 0 1 0 0 0 1 0 0 1 1 0 0 0 1 1 1 0 0 0 1 0 
1 0 0 1 1 1 0 0 0 0 0 0 1 0 1 1 1 1 0 1 0 1 0 1 1 1 0 0 0 1 0 1 0 0 1 0 1 1 1 1 1 1 1 0 0 
0 1 1 0 0 1 0 0 1 1 0 0 1 1 1 1 1 0 0 0 1 0 0 0 0 0 1 1 0 0 0 0 1 0 1 0 1 0 1 1 0 0 1 0 1 
1 1 1 1 1 1 0 0 0 1 1 1 1 1 0 1 0 0 0 0 1 0 0 1 0 1 0 0 1 0 0 1 0 1 1 0 0 0 0 0 0 1 0 0 0 
1 0 1 0 0 1 1 0 0 1 1 0 1 0 1 1 1 1 0 1 1 1 1 1 1 0 1 0 0 0 1 1 0 1 0 1 0 1 0 0 0 1 1 1 0 
0 0 0 1 0 1 0 1 1 0 0 0 0 1 1 0 0 0 1 0 0 1 0 1 0 1 0 0 0 0 1 1 0 1 0 0 0 1 0 1 1 1 1 0 0 
0 1 0 0 0 0 1 1 0 1 1 1 1 0 0 1 0 0 1 0 1 0 1 0 0 1 0 1 1 1 1 1 1 1 0 0 0 0 0 0 1 1 0 1 0 
0 1 1 0 1 0 0 0 0 0 1 0 0 0 0 1 0 1 1 0 1 1 0 1 0 0 0 0 0 0 1 0 1 0 1 1 1 0 1 1 0 0 0 1 1 
1 0 1 0 0 1 0 0 1 1 1 0 0 1 1 0 1 1 0 0 0 0 1 0 1 1 0 1 1 0 1 1 0 1 0 0 1 1 0 1 0 1 0 0 1 
1 1 0 0 1 0 1 0 1 0 0 0 0 1 0 0 1 1 0 0 0 1 0 1 1 0 1 1 1 1 0 1 1 0 0 1 1 0 1 1 0 1 0 0 0 
0 0 0 0 0 0 1 0 0 0 0 0 0 1 0 1 0 1 1 1 0 0 0 0 0 1 0 1 1 0 0 0 1 0 1 0 0 0 0 1 0 1 0 1 1 
0 0 1 0 0 0 1 1 1 0 0 1 0 0 1 1 0 0 1 1 1 1 0 0 1 0 0 0 0 1 0 0 0 1 1 0 1 1 1 0 1 0 1 0 0 
1 1 1 0 1 0 0 0 1 0 1 1 1 1 1 0 1 0 0 0 0 1 0 1 1 1 0 1 1 1 0 0 1 0 0 1 0 1 1 0 0 1 1 0 1 
1 1 1 1 1 1 0 0 0 0 1 0 1 1 1 0 1 1 0 1 1 1 0 1 0 0 0 0 0 1 0 0 0 0 0 0 0 1 1 1 0 0 0 1 0 
0 1 1 1 1 0 0 0 1 0 0 0 1 0 0 1 0 0 0 0 0 1 0 1 0 1 1 1 0 1 1 1 0 1 0 0 1 0 0 0 1 1 0 1 1 
1 1 1 1 1 1 0 1 0 1 0 1 0 1 0 1 1 0 0 1 0 1 0 0 1 0 1 1 0 1 0 1 1 1 0 0 1 0 0 0 0 0 1 1 0 
1 0 0 0 1 0 1 1 0 1 0 1 1 0 0 0 1 1 1 1 0 1 1 0 0 1 1 0 1 0 1 0 1 0 0 0 1 0 1 0 1 1 1 0 1 
0 1 0 0 0 0 0 1 0 1 1 0 0 1 0 1 1 0 1 1 0 1 0 1 0 1 1 1 0 1 0 0 0 0 1 1 0 0 0 0 0 0 0 0 0 
1 1 0 1 0 0 1 0 0 1 0 1 0 0 0 1 0 1 1 1 1 1 1 0 1 0 0 1 1 1 0 0 0 0 0 1 1 0 1 0 0 1 1 0 0 
0 1 1 0 0 1 1 1 0 0 1 1 1 1 0 1 1 1 0 1 0 0 1 1 1 0 1 1 0 1 1 0 1 1 0 1 1 1 1 1 1 1 1 0 1 
0 0 0 0 1 0 1 1 0 0 1 0 1 0 1 0 1 1 0 0 0 0 0 1 0 0 0 0 0 0 1 0 0 0 1 1 1 0 0 1 0 0 0 0 1 
1 0 1 0 1 0 1 1 0 0 0 0 0 1 1 0 1 0 0 0 1 0 0 0 0 1 1 1 1 0 0 1 1 1 0 0 1 1 1 0 1 0 1 0 0 
1 0 1 0 0 0 1 1 0 0 0 0 0 0 1 1 1 1 1 0 1 0 1 0 0 1 1 0 1 1 0 1 1 1 0 1 0 1 0 1 1 1 0 0 1 
1 1 1 0 0 1 1 0 0 0 1 0 1 0 1 0 1 1 0 1 1 1 0 0 1 1 0 1 0 0 0 1 0 1 0 0 1 1 0 0 1 0 1 1 0 
1 0 0 0 1 1 1 0 1 1 0 0 1 0 0 1 0 0 1 0 0 1 0 1 0 1 1 1 0 1 0 0 0 1 0 1 1 0 1 1 1 1 1 0 0 
0 0 1 0 1 0 1 1 1 1 1 1 0 1 0 1 0 0 0 1 1 0 0 1 0 0 0 1 0 1 0 0 1 0 0 0 1 1 0 0 1 0 0 1 1 
1 0 1 1 0 0 1 1 0 1 1 1 0 0 0 1 1 1 1 1 1 0 1 1 1 1 1 0 1 0 0 0 0 1 1 0 1 0 1 0 0 0 1 0 1 
1 1 1 1 0 1 1 0 0 0 1 1 0 0 0 1 0 1 0 1 1 1 1 1 0 1 1 0 0 1 0 0 1 0 1 0 0 1 0 0 0 1 1 1 0 
1 1 1 1 1 0 0 1 1 0 0 0 1 0 0 0 1 0 1 0 0 0 0 0 0 0 0 1 1 1 1 0 0 0 1 1 1 0 1 1 0 0 0 0 0 
1 1 0 0 1 1 0 1 0 0 1 0 1 0 0 0 1 1 1 1 1 1 1 0 0 1 1 0 1 0 0 0 0 0 1 0 0 1 0 1 1 0 0 0 0 
0 0 0 0 1 0 0 1 0 0 0 0 0 1 1 1 1 1 0 0 1 0 1 0 1 0 0 0 1 0 0 0 1 0 0 0 1 0 0 1 1 1 1 1 0 
1 0 1 1 0 1 1 0 1 1 0 1 0 1 0 1 1 1 1 0 0 1 0 1 1 0 1 0 1 0 0 1 1 1 1 0 0 1 0 0 0 1 0 1 0 
1 0 1 0 0 1 1 1 1 1 0 0 0 0 0 0 1 1 0 1 1 1 0 1 0 0 1 1 1 1 1 0 0 0 0 0 1 1 1 1 1 1 0 0 1 
0 1 0 0 0 1 1 0 1 0 1 0 0 0 1 0 0 0 0 1 1 0 1 1 0 1 1 0 1 1 0 1 0 0 0 0 1 1 0 1 0 1 0 1 1 
1 1 0 1 0 1 0 1 0 1 1 1 1 0 0 0 1 0 1 0 1 0 0 1 1 1 0 0 0 0 0 1 0 1 1 1 1 1 1 1 0 0 0 1 0 
0 1 1 0 0 1 0 0 1 1 1 1 1 0 1 1 0 1 0 0 0 0 1 0 0 0 1 0 0 1 1 0 0 1 1 1 1 0 0 0 1 0 1 0 1 
1 0 0 0 0 1 0 1 1 0 0 0 0 0 1 0 0 0 0 0 1 1 0 1 1 0 1 1 1 1 0 1 0 0 0 0 1 1 1 0 0 1 0 1 1 
0 1 0 0 0 1 1 1 1 0 1 0 1 1 1 0 0 0 0 0 1 1 0 0 1 0 0 0 1 1 1 1 1 1 0 0 1 0 0 1 1 0 1 1 0 
1 0 1 1 1 1 0 1 1 0 0 1 0 1 0 0 1 1 0 1 0 0 0 1 0 0 1 0 0 1 0 1 0 1 1 0 1 0 0 0 1 0 0 0 1 
0 0 0 0 0 1 0 1 1 0 0 1 1 1 0 0 1 1 0 1 0 0 1 1 0 1 0 0 1 0 1 0 1 1 0 1 1 1 1 0 1 0 0 1 0 
1 1 1 1 0 0 1 0 0 1 1 1 1 1 0 1 0 0 0 1 0 0 1 1 0 1 0 0 0 0 1 1 1 1 1 0 1 0 1 1 0 0 1 1 1 
1 0 0 1 0 1 1 0 1 0 0 0 1 1 0 0 1 0 0 0 0 1 0 1 1 1 1 0 0 0 1 1 0 0 0 0 0 0 0 0 0 1 1 1 0 
0 1 1 0 0 0 1 0 1 0 0 1 0 1 1 1 1 1 1 0 1 1 1 0 1 0 1 1 1 0 0 0 1 0 0 0 1 1 1 0 0 1 0 1 0 
0 0 1 1 1 0 1 0 1 1 1 1 0 1 0 0 1 0 1 0 0 0 0 0 0 1 1 1 1 0 0 1 1 1 1 0 1 1 0 0 1 1 1 1 1 
1 0 0 0 1 1 0 1 0 1 1 0 0 0 0 0 1 1 1 0 0 0 0 1 1 1 1 0 1 0 0 1 1 1 0 1 0 0 0 1 1 0 1 1 0 
0 0 0 0 0 1 0 1 0 0 1 1 0 1 1 0 1 0 1 0 1 1 0 1 0 0 1 0 1 0 0 1 1 1 1 1 1 0 0 0 0 1 0 1 0 
0 1 1 0 0 0 1 1 1 1 0 1 0 0 1 1 1 1 1 1 0 0 0 0 0 0 0 0 1 1 0 0 0 0 1 0 1 1 0 1 0 0 1 0 0 
1 1 0 1 1 1 1 0 0 0 1 0 0 0 0 0 0 0 1 1 1 1 0 0 1 1 0 0 0 1 0 0 1 0 0 0 1 0 1 1 0 1 1 1 0 
1 0 0 0 0 1 0 1 0 1 1 1 0 1 0 0 0 0 0 0 1 1 0 1 1 1 1 0 1 0 1 1 1 1 0 0 0 0 1 0 1 1 1 1 1 
1 1 1 1 1 1 0 0 1 0 1 0 1 1 1 0 1 1 0 1 1 1 0 1 1 0 0 0 0 0 0 1 0 0 0 0 1 1 1 0 0 0 0 0 1 
0 0 1 0 0 0 1 1 0 0 0 0 1 1 1 1 0 0 1 0 0 1 1 1 1 1 1 0 1 1 1 1 1 0 0 0 0 1 0 0 1 0 1 1 1 
1 1 0 0 1 1 1 0 0 1 1 0 1 0 0 1 0 0 0 1 1 1 0 0 1 1 0 0 0 0 0 1 0 0 0 0 1 0 1 0 0 1 1 1 0 
0 1 0 1 0 0 1 1 1 0 1 0 0 0 0 0 1 0 1 1 0 1 1 0 0 1 1 0 0 1 0 0 0 0 1 1 0 1 0 1 0 0 0 0 1 
0 1 0 0 1 0 0 0 0 1 0 1 0 0 1 0 1 1 1 1 0 1 0 0 0 1 1 0 1 1 0 1 1 1 1 1 1 1 0 0 1 0 0 1 1 
0 1 1 1 0 1 0 1 0 1 1 0 0 1 1 0 0 0 1 0 0 0 0 1 0 0 1 1 0 1 1 1 0 1 1 1 0 1 0 0 0 1 0 1 1 
1 0 0 0 1 0 1 0 0 1 0 0 0 0 1 0 1 1 1 0 1 0 1 0 0 1 1 1 0 1 1 0 1 0 0 1 1 1 0 1 0 0 0 1 0 
0 1 1 0 1 0 0 0 1 1 1 1 0 1 1 0 1 1 1 1 1 1 1 0 1 0 0 0 1 1 0 0 1 0 1 0 1 1 1 1 1 1 0 0 0 
1 1 0 0 0 0 0 1 1 0 0 0 0 0 0 1 0 1 0 1 1 0 0 1 0 0 1 0 0 1 0 1 1 1 1 0 0 0 1 0 0 1 1 1 1 
0 0 0 1 0 1 0 1 1 0 0 1 1 0 1 1 1 0 0 1 1 1 1 1 0 1 0 1 1 0 1 1 1 1 1 0 0 0 1 0 0 0 1 1 0 
0 0 1 1 0 0 0 1 1 1 1 1 0 1 1 1 1 0 1 1 0 0 1 0 0 0 1 1 1 0 1 0 0 0 1 1 1 1 1 0 1 1 0 0 1 
1 0 0 0 0 1 0 0 0 1 1 0 0 1 0 0 1 1 0 1 1 1 1 1 0 0 0 1 1 0 1 1 1 0 0 0 1 0 1 1 1 0 1 1 0 
1 0 1 1 0 0 1 0 1 1 0 0 0 1 0 1 1 1 0 0 1 1 0 1 0 1 1 1 0 0 0 1 0 0 1 1 0 0 1 1 1 1 0 0 0 
1 0 0 1 0 1 1 1 1 1 0 1 1 1 0 1 1 0 0 0 0 0 1 0 0 1 0 0 0 1 1 0 1 1 0 0 0 1 1 0 1 0 0 0 0 
0 1 0 1 0 1 0 0 0 0 0 0 0 1 0 0 1 0 1 1 1 1 1 1 0 1 0 0 1 0 1 0 0 0 0 0 0 0 1 0 0 1 1 1 0 
1 1 0 1 0 0 1 0 0 0 0 0 1 1 1 0 0 0 1 1 1 1 0 0 1 1 0 1 0 1 0 1 0 0 1 0 1 0 1 1 0 1 1 1 1 
1 0 0 1 1 0 1 0 1 1 1 1 1 0 0 1 1 0 0 1 0 1 1 1 0 0 1 0 0 1 0 1 0 0 1 1 1 0 0 1 1 0 0 1 0 
1 1 0 1 0 0 0 1 1 1 0 0 1 0 1 1 1 0 0 0 1 0 1 0 1 1 0 0 1 1 1 1 1 1 1 1 1 0 1 1 0 1 0 0 1 
0 1 1 1 0 1 1 1 1 0 1 1 0 0 0 0 0 1 0 1 0 0 1 1 1 1 1 1 1 1 1 1 1 0 0 1 0 0 0 1 0 0 0 1 0 
1 0 1 0 0 1 0 0 1 1 1 1 1 0 1 0 0 1 0 1 1 0 1 1 1 1 1 1 1 0 1 0 0 1 0 1 0 1 1 0 1 1 1 0 0 
1 1 0 1 0 0 0 1 0 1 1 1 1 1 0 0 1 1 0 1 0 1 1 0 0 0 1 1 0 1 1 0 0 1 0 1 1 0 0 0 1 1 0 1 0 
0 1 0 0 1 0 0 1 1 1 0 0 0 0 1 1 1 1 0 0 1 1 1 0 1 0 0 0 1 1 1 1 0 1 1 0 1 0 0 0 0 0 0 0 1 
0 1 1 1 1 1 0 0 1 0 1 0 0 1 0 0 0 1 0 1 1 0 1 0 1 1 0 1 1 0 1 1 1 1 0 1 1 1 1 0 0 0 0 1 1 
0 0 0 1 1 0 0 0 1 0 0 1 0 1 0 0 1 0 1 0 0 1 0 1 0 1 0 1 0 0 0 0 1 1 0 0 0 1 1 1 1 0 1 0 1 
1 0 1 0 0 0 0 1 0 1 1 1 1 1 1 0 0 1 1 1 1 1 0 1 1 1 1 0 0 1 0 0 0 1 1 1 0 0 1 0 1 1 1 0 0 
0 0 0 0 0 1 0 1 1 0 0 1 0 0 1 0 0 0 0 0 0 1 1 1 0 0 0 0 1 0 1 1 1 1 1 1 0 0 0 0 0 0 1 1 0 
1 0 1 1 1 1 1 1 1 1 0 0 1 1 0 1 1 0 0 1 0 0 1 0 1 0 0 0 1 0 1 1 0 1 0 0 0 0 1 0 1 1 0 0 1 
0 0 1 1 0 0 0 1 0 1 0 1 1 1 0 1 1 0 0 1 1 0 0 1 0 0 1 1 1 1 0 0 1 1 1 1 0 0 0 0 1 1 0 1 0 
0 1 0 1 1 0 1 1 0 0 1 1 0 0 0 0 0 0 1 0 0 1 0 1 1 1 0 0 0 1 0 1 0 1 0 1 1 0 1 0 1 0 1 1 1 
1 0 0 1 1 1 0 1 0 0 1 1 0 0 0 1 1 0 1 0 1 1 1 1 1 1 0 0 0 1 0 1 0 0 0 0 0 1 1 0 1 1 1 1 0 
1 0 1 0 0 0 1 1 1 0 1 0 1 1 1 0 1 1 1 0 1 1 1 1 1 0 0 0 0 0 1 1 1 0 0 0 1 1 0 1 0 1 0 1 0 
44 31
7 25 16 21 0 8 9 28 1 5 27 11 16 29 3 12 16 5 12 26 8 7 1 7 17 13 12 17 5 24 27 10 1 10 15 12 7 14 23 15 17 2 21 12 
0 2 7 3 30 12 25 11 6 16 25 10 4 6 1 21 4 2 23 30 28 11 8 16 11 17 13 29 30 29 6 14 1 28 7 26 21 23 27 10 25 28 24 22 
2 4 26 8 20 4 14 6 24 1 9 5 26 24 28 4 11 8 16 17 28 18 16 8 4 7 3 27 26 12 2 11 16 6 21 22 10 30 22 24 24 23 27 27 
9 10 29 7 20 22 22 18 22 28 21 27 5 3 25 11 21 28 26 6 19 29 13 19 9 24 20 10 10 9 21 4 17 6 30 9 14 12 20 28 28 20 5 29 
4 29 18 24 3 20 5 26 26 0 0 19 13 19 22 3 28 19 13 21 15 27 6 0 5 26 0 28 22 25 12 7 1 16 24 4 13 20 8 10 17 27 4 0 
6 14 0 9 1 26 12 9 22 2 29 14 22 14 23 30 30 16 29 8 17 26 10 8 10 20 7 29 15 25 28 17 8 30 2 23 16 14 13 27 18 16 15 14 
11 26 16 3 25 16 14 2 19 2 18 21 10 12 18 0 8 3 27 3 22 19 30 3 17 29 14 17 11 4 19 26 23 9 22 2 5 19 26 10 30 1 21 24 
25 3 18 9 19 10 13 23 16 19 6 13 16 22 22 23 27 24 2 18 26 0 3 25 21 13 28 2 13 30 7 9 27 28 23 2 18 13 28 28 22 6 2 20 
8 6 21 23 24 25 0 17 1 28 26 3 9 14 18 3 9 10 0 21 27 25 1 27 23 28 18 19 11 15 8 28 5 15 1 7 28 20 4 0 15 15 2 1 
20 13 26 10 27 25 8 14 17 21 15 17 10 11 27 28 28 7 28 8 16 8 23 29 6 17 16 14 24 14 19 25 25 10 18 0 6 11 29 3 5 28 25 18 
19 6 15 7 11 5 0 16 21 23 30 7 6 17 24 5 24 29 14 24 11 3 27 4 13 13 20 11 27 0 0 13 1 21 20 23 28 20 0 13 19 22 11 30 
4 25 10 1 19 28 12 27 22 27 23 5 21 0 11 13 25 19 26 29 19 5 8 20 1 17 26 13 0 6 0 29 25 13 3 9 6 17 15 20 5 19 19 3 
23 26 12 6 1 8 1 19 15 20 17 17 10 15 11 5 15 6 22 6 10 5 8 24 28 24 7 10 4 28 30 24 14 12 11 2 11 30 30 23 0 1 9 2 
18 18 13 15 22 16 17 28 10 13 0 19 20 9 5 2 21 0 0 11 11 27 25 9 4 9 25 9 19 5 10 6 23 24 2 22 23 8 28 15 5 9 7 14 
5 11 14 0 21 1 18 13 1 9 1 21 28 10 30 25 16 21 12 0 4 13 12 11 9 16 4 15 14 10 26 1 8 28 5 24 22 23 23 12 14 14 26 29 
16 27 12 28 19 27 9 3 6 14 5 8 11 14 27 7 16 22 24 26 24 1 5 3 11 24 23 3 23 20 5 13 25 17 22 21 13 8 17 17 12 14 3 17 
12 8 16 24 29 25 23 19 28 29 15 10 2 0 10 28 2 0 0 20 6 11 27 0 16 30 1 14 23 8 16 27 30 7 3 6 26 14 16 24 21 18 18 20 
24 26 15 11 19 16 23 17 14 26 28 17 25 27 12 7 20 16 24 16 2 15 13 5 30 11 6 4 0 22 9 2 25 18 11 3 4 12 5 29 7 17 20 18 
16 28 22 13 30 18 8 17 15 0 20 4 5 25 14 30 13 10 20 8 13 24 16 2 23 25 29 18 0 10 11 2 11 3 9 16 4 25 28 17 4 16 10 16 
14 16 15 11 22 10 5 25 29 18 7 18 11 14 22 20 13 18 16 21 13 13 7 18 11 13 30 18 6 2 19 26 10 13 19 24 13 19 7 27 9 26 25 18 
29 13 12 6 8 0 1 5 13 25 0 10 17 18 1 0 27 27 6 2 30 7 16 22 15 17 25 16 4 11 9 0 18 9 9 10 10 6 20 27 20 4 7 17 
19 3 20 2 21 10 14 2 15 1 5 13 19 23 26 3 3 10 7 10 22 24 10 17 30 29 10 5 15 19 29 29 30 3 15 8 1 16 14 15 6 16 20 9 
28 2 19 7 22 15 21 26 0 29 19 23 3 5 27 25 19 25 12 9 25 13 19 24 17 8 18 23 2 19 26 3 3 0 3 21 29 4 7 9 19 24 20 11 
26 30 15 22 19 3 22 20 16 24 27 0 8 2 10 9 16 7 3 24 4 19 17 1 12 5 5 11 22 0 22 14 29 16 9 26 22 27 14 29 30 7 14 19 
9 16 14 1 5 15 24 7 11 5 16 14 24 23 6 13 12 4 15 24 8 1 2 21 11 16 4 26 24 7 22 21 12 16 25 7 3 4 26 1 20 18 27 25 
14 24 27 18 18 6 30 25 0 1 20 3 6 1 27 12 26 16 1 14 22 14 28 14 25 15 10 3 27 20 0 15 6 5 30 6 29 23 14 10 17 24 0 2 
27 13 24 30 26 28 6 17 9 14 18 28 16 19 3 21 18 19 4 7 26 22 2 10 12 25 27 11 27 16 29 28 11 19 8 18 29 0 25 6 7 27 5 9 
8 25 17 21 14 1 2 26 6 26 4 2 9 4 27 12 20 12 8 21 18 1 29 10 14 18 7 1 12 22 16 26 13 29 26 16 1 12 27 13 19 14 23 25 
2 29 24 13 26 16 26 10 8 5 7 21 15 21 4 13 6 22 16 27 0 27 18 15 1 25 12 5 14 4 3 10 16 1 10 30 23 30 13 29 24 25 9 22 
12 21 28 10 3 20 7 12 22 2 8 22 24 23 19 22 3 18 14 25 1 15 24 19 17 5 10 6 0 25 11 26 30 18 7 24 4 1 24 4 30 7 1 9 
22 6 12 30 21 13 19 22 6 13 1 16 1 27 18 25 20 2 24 10 13 2 4 2 24 29 25 18 10 26 10 0 5 17 6 27 20 3 26 16 12 25 16 27 
29 10 0 13 8 9 0 13 6 27 19 26 1 23 5 14 15 28 8 30 27 8 26 15 17 17 21 16 17 21 21 11 1 2 11 23 9 23 30 16 15 15 9 2 
25 2 15 18 10 18 26 24 2 2 3 0 7 14 15 17 2 27 13 8 19 30 4 5 24 1 1 20 8 9 25 0 24 17 18 30 26 18 8 0 25 6 22 5 
3 18 23 22 7 6 2 8 10 2 5 13 26 4 12 28 21 23 15 0 19 23 28 15 5 9 0 13 2 19 15 18 14 14 30 3 17 2 14 19 23 13 21 4 
20 13 30 20 9 24 14 10 4 28 11 11 22 11 21 23 1 13 14 10 24 23 30 22 17 7 9 24 13 29 24 19 5 13 21 20 13 22 16 12 0 20 13 28 
22 22 30 19 24 8 2 12 20 25 17 5 29 14 27 8 19 0 22 2 8 25 26 17 20 15 14 28 25 29 18 13 12 12 3 23 29 20 16 20 15 21 11 1 
14 7 21 14 18 20 28 11 16 2 23 1 28 27 23 4 13 10 13 16 20 9 3 28 24 15 4 21 16 30 11 24 16 30 26 6 23 7 8 30 2 24 22 13 
23 24 9 2 3 11 21 0 28 21 19 28 23 1 15 18 17 30 27 19 16 26 13 18 7 20 14 4 9 14 28 24 10 4 5 3 13 12 17 0 23 3 25 7 
28 10 6 7 18 25 26 8 5 2 25 0 22 6 27 1 6 12 20 19 29 24 12 7 3 0 12 29 27 16 20 15 28 12 26 15 21 25 13 29 30 30 10 6 
20 15 20 17 27 5 8 2 4 9 30 6 17 5 14 11 13 8 9 8 3 18 22 27 29 26 9 20 28 7 1 25 30 7 6 19 5 23 10 14 26 22 19 7 
1 8 9 22 24 17 19 14 15 26 29 25 25 28 25 23 4 8 6 9 11 2 29 30 17 26 11 27 25 16 13 19 11 23 13 7 26 13 14 9 12 27 21 3 
20 1 3 19 26 30 20 3 3 18 4 10 4 5 7 15 18 3 20 24 25 2 8 10 6 19 23 16 8 8 11 0 15 26 18 26 29 12 30 30 30 19 26 27 
10 17 20 16 10 0 23 13 29 3 1 18 8 15 29 7 17 17 14 4 4 29 18 6 16 22 0 21 13 2 25 9 7 7 22 6 19 1 21 23 26 28 18 3 
10 19 12 12 16 9 20 14 19 4 19 1 15 3 25 13 27 2 4 26 10 8 14 2 28 29 12 3 12 25 25 30 1 28 2 5 17 27 5 0 12 15 17 9 
18 13 22 17 29 22 6 5 1 16 6 18 1 9 22 27 6 12 9 20 23 29 20 1 13 25 25 28 24 11 20 4 2 19 20 2 4 12 11 21 25 19 18 7 
20 17 24 1 7 1 5 10 1 25 23 29 0 29 0 17 2 2 6 7 4 6 19 14 3 2 29 29 28 20 14 10 3 26 22 20 17 27 26 11 12 23 17 20 
8 19 15 4 10 1 1 28 6 29 22 6 16 1 20 1 13 29 1 17 26 18 17 12 6 18 14 8 11 4 15 9 16 1 20 18 27 23 14 23 5 27 20 21 
18 12 21 12 5 0 1 27 24 1 23 28 5 9 28 24 6 3 8 21 26 28 16 28 25 4 23 20 22 1 7 6 12 30 17 15 28 11 5 28 8 0 17 4 
25 6 29 25 20 28 12 26 28 12 18 16 30 21 13 5 5 3 27 9 26 14 6 23 12 18 16 8 22 20 29 0 28 9 12 19 21 3 21 3 5 3 6 20 
30 5 25 0 29 28 28 16 4 4 6 13 5 19 18 19 24 28 29 4 15 18 25 26 13 3 8 10 7 21 9 18 17 24 13 10 26 20 12 1 1 16 1 28 
20 22 25 28 9 18 8 9 24 14 5 29 7 3 16 24 9 15 11 9 9 27 15 22 28 9 16 19 25 18 3 24 1 9 23 18 13 29 20 1 22 23 23 28 
18 19 26 25 4 28 14 15 8 28 14 21 24 7 8 2 13 2 16 23 13 25 29 24 3 10 30 11 17 8 21 8 23 3 10 20 26 9 14 19 25 26 14 20 
18 22 18 24 24 6 30 23 10 14 26 4 19 11 25 29 9 25 28 0 1 6 12 5 30 30 17 11 5 4 12 10 8 26 12 1 0 24 8 9 21 4 6 24 
7 5 18 23 10 19 11 20 0 5 21 0 29 22 6 29 13 4 11 21 23 12 24 23 7 17 21 12 0 16 1 1 18 7 13 30 10 30 19 23 0 17 28 11 
21 23 5 18 24 12 27 6 30 7 7 13 0 5 7 21 6 19 3 1 26 5 6 8 23 14 7 13 3 16 9 21 28 25 18 19 29 26 2 18 26 8 10 10 
25 27 8 20 15 4 17 24 30 16 17 12 16 17 3 13 18 28 28 23 12 17 16 20 18 20 22 14 8 21 14 21 28 1 0 3 17 20 22 5 22 27 29 22 
22 25 10 20 11 5 18 18 20 21 19 4 21 22 19 14 2 12 28 18 2 6 0 0 4 11 23 30 29 20 25 3 23 0 12 1 17 23 2 1 21 18 21 12 
9 18 12 30 26 25 8 13 19 5 28 14 14 2 9 26 20 15 20 5 14 22 1 8 3 11 11 2 18 4 1 29 16 20 15 5 20 12 26 7 28 9 18 2 
15 27 8 23 11 3 14 28 3 26 27 13 20 16 24 16 20 9 18 5 18 12 3 6 23 3 3 29 4 19 1 3 21 6 13 15 23 12 21 4 4 28 4 18 
29 4 12 16 15 2 12 20 14 18 4 23 11 4 30 11 9 22 12 4 27 28 1 9 1 3 23 21 0 25 20 18 15 17 8 28 26 25 21 23 19 29 30 21 
15 2 1 28 9 3 24 7 7 2 3 7 13 26 12 16 15 6 19 29 11 2 7 12 1 3 15 0 5 9 15 12 14 1 13 5 17 22 27 15 6 23 26 2 
6 24 9 26 23 5 7 11 27 11 6 19 26 14 28 20 30 13 6 18 18 3 0 18 27 17 13 19 28 18 12 7 22 3 16 9 2 19 13 23 23 26 12 23 
20 6 0 8 9 1 9 2 30 24 16 17 2 19 14 14 14 24 5 29 30 7 29 10 26 16 14 9 1 13 13 5 16 18 6 28 5 0 7 11 20 8 27 9 
26 2 1 7 21 12 5 29 17 3 2 4 13 26 20 1 19 18 1 30 11 14 10 26 16 4 12 15 24 5 17 5 4 16 30 22 11 26 14 16 2 30 3 13 
23 8 8 0 15 0 17 2 1 24 21 7 2 10 13 28 28 20 10 26 17 5 7 12 10 6 3 9 17 23 8 12 29 14 19 14 9 12 0 11 14 21 13 7 
29 15 1 11 23 10 8 4 15 8 5 22 28 15 21 26 23 7 1 15 11 19 28 26 7 11 18 16 1 12 21 27 25 24 25 21 24 26 15 10 18 15 19 11 
5 20 27 3 18 0 24 7 2 19 17 0 15 16 4 3 19 2 26 30 11 22 25 16 8 26 17 15 8 16 30 12 28 22 17 24 16 2 19 22 15 16 16 24 
18 12 15 29 2 26 24 5 20 22 15 23 30 11 30 26 22 7 9 28 16 28 25 22 2 28 6 0 7 3 4 22 7 14 3 2 19 26 30 9 29 8 25 25 
26 11 11 4 18 28 28 0 4 16 18 17 0 3 7 26 15 30 19 8 4 21 5 29 29 21 29 21 27 21 0 26 23 9 2 15 20 4 5 29 11 19 20 8 
30 5 6 10 27 12 10 9 26 20 1 14 21 4 10 20 7 19 11 12 2 5 11 24 23 16 21 16 3 12 11 28 23 17 7 19 22 25 11 5 19 4 26 15 
17 28 7 3 22 3 17 25 7 23 1 29 20 12 3 27 9 15 5 28 12 8 15 26 26 22 16 27 23 26 7 25 19 20 9 3 15 6 5 4 27 21 3 10 
2 10 29 14 23 28 28 30 12 27 29 8 15 23 15 7 14 22 23 15 26 24 18 30 19 8 22 18 7 5 21 18 27 8 17 16 26 8 6 28 11 13 13 9 
11 13 20 30 7 14 8 0 28 16 16 9 29 22 21 6 10 14 19 20 21 24 9 5 20 26 27 2 8 27 3 0 12 17 28 13 1 18 7 29 20 9 29 4 
0 17 29 24 0 21 21 7 21 20 28 14 17 5 17 29 30 21 7 13 22 20 27 8 28 11 10 21 5 1 22 11 6 5 7 22 5 1 10 19 11 18 10 2 
20 23 19 23 0 28 3 10 5 23 10 12 1 28 20 4 23 26 4 3 8 21 1 29 5 26 26 8 1 20 21 21 4 12 13 0 15 26 17 13 22 26 26 7 
14 1 0 11 27 16 28 10 27 30 19 7 25 22 23 25 29 19 10 11 28 2 5 16 24 16 26 15 21 24 16 17 23 26 9 29 10 6 9 14 1 16 30 10 
3 21 0 11 3 10 12 24 28 1 27 6 19 30 25 9 15 13 14 19 19 12 22 6 8 21 0 0 28 17 8 13 20 25 16 11 24 18 27 26 14 27 10 26 
27 29 30 3 29 15 12 11 8 24 11 20 12 15 21 0 21 22 5 21 11 16 1 4 15 23 20 3 3 21 2 12 17 9 17 19 20 30 12 15 19 30 10 15 
2 26 27 11 22 19 18 1 9 5 4 21 24 25 19 25 2 15 14 7 5 3 3 25 3 19 17 29 21 27 24 19 27 17 21 18 28 17 3 24 8 0 6 7 
28 12 25 0 2 17 25 27 1 25 6 2 16 26 0 19 10 11 22 12 9 29 3 5 21 4 17 24 18 29 18 16 22 16 8 22 8 9 27 25 16 1 15 4 
12 11 13 23 15 1 5 12 6 2 15 25 21 28 3 18 12 30 6 6 0 18 11 9 9 0 24 13 10 2 1 12 29 18 7 11 15 17 8 20 20 5 25 13 
28 13 29 20 9 10 16 7 15 24 20 30 2 17 4 8 29 3 21 14 21 23 7 17 7 24 17 6 4 17 25 5 10 9 17 25 24 19 3 3 0 12 10 20 
8 9 4 29 25 17 21 4 21 10 26 2 12 21 0 22 0 21 29 30 6 7 25 16 27 25 29 17 6 24 25 10 22 8 23 10 10 3 3 8 25 12 25 26 
12 17 29 17 2 11 1 16 22 30 2 28 27 26 30 1 3 22 17 21 15 13 13 26 25 11 0 26 3 9 3 19 6 17 14 18 29 18 6 9 14 15 23 21 
27 23 7 24 25 13 14 0 14 20 1 23 10 28 24 1 17 24 7 2 23 5 7 25 27 26 19 11 27 1 25 16 15 8 30 1 8 6 25 23 7 21 17 1 
23 2 15 0 3 5 2 17 4 20 9 25 8 0 17 3 7 24 17 12 30 2 19 6 2 8 9 13 0 26 25 4 19 28 17 17 13 8 12 9 1 16 3 2 
20 5 11 14 25 12 11 22 8 27 9 4 10 1 11 17 24 23 1 15 2 27 19 9 29 17 14 0 25 3 3 23 19 29 29 15 12 15 6 9 1 13 13 11 
30 28 4 22 19 8 0 28 15 19 4 3 26 5 30 27 20 29 9 20 20 10 18 26 30 18 27 5 6 18 4 9 10 13 19 29 11 29 16 24 17 30 12 14 
50 3
0 2 0 0 2 2 0 0 2 2 0 2 1 1 0 1 2 1 1 2 0 0 0 2 0 0 0 0 1 0 1 2 2 0 1 1 1 1 0 0 0 0 1 0 2 0 2 1 1 0 
0 0 2 2 2 0 1 2 2 1 1 2 2 1 1 0 2 1 0 0 0 1 0 0 1 1 2 0 0 2 2 1 2 0 0 0 0 2 1 2 0 0 1 2 2 1 2 0 0 2 
0 2 2 2 1 0 2 1 1 1 2 2 0 0 2 2 1 0 2 2 0 2 0 0 0 1 0 2 0 0 2 0 2 0 1 2 2 2 1 1 1 2 1 1 2 1 0 0 2 2 
1 0 1 0 2 2 1 1 1 2 1 1 2 1 2 2 1 2 0 0 2 2 0 1 1 1 1 0 0 2 0 2 0 0 1 1 2 2 0 0 1 2 0 2 2 2 1 2 2 0 
0 1 0 0 1 0 2 1 1 2 0 0 0 0 2 0 1 1 0 1 0 2 1 0 1 0 1 1 1 0 2 2 0 2 1 1 0 0 1 2 1 1 1 1 0 0 2 1 1 0 
1 2 0 0 2 2 0 2 2 1 2 2 1 0 2 2 2 1 1 1 2 0 1 1 1 1 0 1 0 1 1 1 2 0 2 2 2 0 1 0 0 2 0 2 2 1 2 2 2 0 
2 1 0 1 1 1 2 1 1 1 2 2 1 1 1 1 2 2 0 2 0 1 0 2 0 1 0 2 1 1 2 0 0 0 2 2 2 1 1 0 2 0 2 1 0 0 2 1 0 2 
0 1 0 2 0 2 0 2 2 0 0 0 1 0 0 0 0 1 1 0 1 0 2 1 1 1 2 0 2 2 0 0 1 2 0 0 1 2 0 1 0 1 2 2 0 2 1 2 0 2 
2 0 2 0 2 1 2 0 0 2 2 2 1 0 2 1 1 1 2 0 0 1 0 0 2 1 1 2 0 0 1 2 0 0 0 0 1 2 2 1 0 0 0 2 1 0 0 0 1 1 
1 2 1 0 1 1 1 2 0 0 2 2 2 1 1 0 2 2 1 1 0 1 2 1 1 2 2 0 2 0 1 0 0 2 2 1 1 2 0 0 0 1 2 0 2 2 1 1 0 2 
0 0 1 0 0 0 1 1 1 0 1 2 0 0 2 2 0 2 2 2 0 0 1 1 0 2 0 2 1 0 0 1 2 2 1 0 0 2 1 1 1 1 1 0 1 0 1 2 1 0 
0 2 1 1 1 1 1 1 2 1 2 2 0 2 0 0 0 2 0 0 0 1 0 1 0 2 1 1 0 2 1 0 1 1 2 1 2 2 2 2 0 1 0 0 0 1 1 2 2 1 
2 2 0 1 2 0 0 0 0 1 2 1 2 0 1 0 2 0 2 0 1 2 2 0 2 1 0 2 2 0 1 0 2 0 2 1 2 0 0 0 1 0 1 2 1 2 0 1 2 0 
1 0 2 2 1 1 2 1 2 0 0 0 2 2 0 1 2 2 2 1 1 1 0 0 0 1 1 2 1 1 0 0 1 0 0 0 2 1 0 2 1 0 2 0 1 1 0 2 1 2 
1 2 1 0 2 1 0 0 0 0 2 1 1 0 1 2 2 1 2 2 0 2 1 0 0 2 2 1 0 1 2 0 0 2 1 2 1 0 1 0 1 1 1 2 0 0 0 0 2 0 
1 2 0 0 2 2 0 2 2 0 2 2 0 1 1 1 1 2 1 1 2 1 1 1 0 0 1 1 1 2 0 0 0 0 2 0 1 1 0 0 1 0 1 0 2 0 2 1 0 1 
1 1 0 0 2 1 2 2 0 1 0 2 0 2 0 2 0 0 1 2 0 0 0 2 0 1 0 1 2 0 1 0 0 1 2 1 2 1 2 2 0 1 0 2 2 0 2 2 1 1 
2 1 2 0 1 0 0 0 1 2 2 0 1 1 2 0 2 0 1 2 0 2 2 2 2 0 0 1 1 1 0 1 2 0 2 2 2 2 2 1 0 0 0 2 0 2 1 2 1 1 
1 0 2 2 1 2 2 2 1 2 1 0 2 1 0 2 1 1 2 0 2 2 0 2 1 2 1 2 2 0 0 0 2 1 1 1 1 1 1 0 0 0 2 0 1 2 1 1 1 0 
2 0 0 2 1 1 1 1 0 1 0 1 2 0 2 2 2 2 0 1 1 2 0 0 2 2 1 0 2 1 2 0 1 1 1 2 2 2 0 0 2 0 2 0 1 0 0 0 2 1 
1 2 2 0 2 0 1 2 0 2 0 1 0 0 1 2 2 1 2 1 2 2 0 1 2 1 1 2 1 2 0 2 1 2 1 2 1 1 2 1 2 1 0 2 1 0 0 0 1 2 
2 2 0 0 1 1 2 2 0 1 0 1 0 2 2 1 0 2 1 0 1 1 2 2 1 2 1 0 2 2 2 1 1 0 0 2 2 0 2 1 2 0 2 1 1 1 2 2 2 2 
1 0 2 1 2 1 0 1 0 2 0 1 1 0 2 1 1 0 0 1 2 2 0 1 2 1 2 1 2 1 0 2 0 0 1 0 2 2 1 0 1 0 0 2 1 1 1 0 0 2 
1 2 0 0 0 1 2 0 0 0 0 2 0 1 0 1 2 0 1 1 2 2 2 1 1 0 1 2 2 1 2 1 1 2 2 2 0 2 0 2 0 2 2 0 2 1 1 0 0 1 
1 0 0 0 1 2 0 1 2 2 0 0 0 0 1 1 0 0 0 1 0 0 1 1 0 0 1 0 1 1 2 1 1 1 0 1 0 0 0 0 1 2 0 2 2 2 0 2 2 2 
2 2 2 0 2 0 1 0 0 2 0 2 1 0 1 0 1 2 2 0 2 2 0 0 1 1 2 0 0 2 1 2 0 1 0 2 1 1 0 2 2 2 1 0 2 0 0 2 2 0 
1 1 2 1 2 1 2 1 2 0 1 2 1 0 0 0 1 0 0 0 0 2 1 1 0 1 1 0 0 2 1 1 1 0 1 1 2 0 1 2 1 1 1 1 1 1 1 2 0 1 
1 0 2 0 2 0 1 0 0 1 2 1 2 2 2 1 0 1 2 2 0 2 0 0 0 0 2 1 0 1 0 2 2 1 1 1 1 0 1 0 0 2 0 2 1 1 0 0 0 1 
2 1 2 0 1 0 2 1 2 1 0 1 0 2 2 2 0 0 2 2 0 2 1 0 2 1 1 1 0 2 0 2 1 1 2 0 0 1 2 1 0 0 2 2 1 2 1 2 0 1 
0 1 0 2 0 2 0 2 1 1 2 0 1 2 1 0 0 0 0 1 2 2 2 1 1 2 0 2 1 1 2 0 2 0 1 0 1 1 1 2 1 0 0 0 0 0 0 0 0 0 
1 1 0 1 1 0 1 1 2 2 0 2 1 0 0 0 0 0 0 0 2 2 1 1 0 1 1 1 2 2 2 2 0 2 1 1 2 0 0 0 1 2 2 2 1 2 2 1 1 0 
2 0 1 0 0 1 2 1 2 1 0 2 2 2 0 2 0 1 0 0 0 0 1 1 0 2 2 0 0 2 0 1 0 1 0 1 2 0 0 1 1 0 1 1 0 1 0 1 1 2 
1 1 2 0 1 2 1 0 0 1 2 2 2 2 1 2 1 2 2 1 1 0 1 0 0 1 1 1 2 2 1 0 1 1 1 0 1 2 1 0 0 1 0 2 1 0 1 2 2 0 
2 2 1 1 2 1 2 2 1 1 2 0 1 2 0 0 0 0 1 2 1 1 2 2 1 0 2 2 0 1 2 0 0 2 2 2 1 2 0 2 2 1 0 1 1 2 2 1 1 1 
0 2 0 1 2 1 0 2 2 1 1 2 2 0 1 1 1 1 2 0 0 0 1 2 0 1 0 1 1 2 1 2 0 1 1 0 1 1 2 1 2 1 0 2 0 0 0 2 1 2 
0 0 2 2 0 2 0 0 2 0 0 0 0 1 0 2 2 1 2 2 1 0 0 2 0 1 0 2 0 1 0 1 0 2 0 1 2 1 0 1 0 0 2 2 2 1 2 1 0 0 
2 1 2 2 2 1 2 1 1 0 1 2 1 1 0 2 1 0 2 1 1 1 2 2 1 1 0 2 0 2 2 2 0 1 0 2 1 1 0 2 0 2 1 2 0 0 2 2 2 1 
1 1 2 1 0 1 0 2 2 2 0 2 0 1 1 2 2 2 1 2 0 1 1 0 0 1 0 2 0 0 0 2 0 2 2 0 0 1 0 0 2 0 2 2 1 0 0 1 2 2 
2 1 2 1 0 0 2 1 2 1 0 1 1 0 2 2 0 0 0 1 2 1 2 1 2 2 1 2 2 0 1 2 2 2 0 0 2 2 2 1 2 0 1 2 2 2 2 0 2 0 
0 1 2 2 0 1 0 1 0 0 1 0 1 1 1 2 2 2 1 2 2 0 2 2 0 2 1 2 1 1 1 0 2 1 1 2 1 1 0 2 0 2 1 2 0 2 1 2 0 2 
0 1 2 2 0 1 2 1 0 1 1 0 1 0 1 1 2 0 1 2 2 2 2 0 0 1 1 1 0 2 2 1 2 1 0 0 2 1 2 2 0 1 2 2 1 0 2 0 2 2 
0 1 2 0 1 1 2 1 2 2 2 1 0 1 1 2 0 1 2 2 2 1 0 2 2 2 0 1 1 2 0 0 0 2 2 0 2 1 0 1 2 1 1 0 1 1 2 1 0 2 
1 0 0 1 2 2 0 2 2 2 2 0 2 1 0 0 1 1 1 1 0 0 0 0 2 2 0 2 0 2 0 1 1 0 1 2 1 1 1 1 2 2 0 1 2 0 1 0 1 0 
2 1 1 1 2 2 2 2 1 1 2 1 0 2 0 2 1 0 2 0 2 0 0 2 1 0 2 1 2 2 0 0 1 0 0 0 0 0 1 1 1 1 1 1 0 0 0 1 2 0 
0 2 1 0 0 1 2 1 1 2 0 1 2 1 0 2 2 0 0 0 0 1 2 1 1 0 1 0 0 1 1 2 2 1 2 0 1 2 0 2 2 2 1 1 2 2 1 0 0 0 
2 2 0 2 2 2 1 0 2 1 1 2 2 1 1 1 2 2 1 1 2 0 0 0 2 2 1 0 1 1 0 1 2 0 1 2 1 2 0 1 1 2 2 1 0 1 2 1 0 1 
0 1 2 0 2 2 1 0 2 1 1 2 0 0 2 0 1 0 1 1 2 1 0 1 2 1 1 0 0 2 0 2 0 0 1 0 2 2 0 0 0 2 0 2 1 0 1 2 2 1 
1 0 0 0 0 1 0 0 0 1 2 2 1 0 0 0 2 0 2 0 0 2 2 2 1 1 2 1 2 2 0 2 1 2 0 2 0 0 2 1 2 1 1 1 2 2 1 0 2 2 
1 0 2 2 0 0 2 0 2 2 0 2 0 0 0 2 0 2 0 1 1 0 1 1 1 1 2 1 1 2 1 2 2 2 1 2 0 2 0 2 2 0 2 2 1 0 1 1 0 0 
1 1 1 2 0 1 1 0 0 0 2 1 1 2 1 1 0 1 2 1 0 0 2 1 0 2 2 2 2 1 0 0 2 1 2 0 0 1 2 2 1 0 0 0 2 0 0 0 1 0 
0 0 0 1 0 2 2 2 2 0 2 0 1 0 2 1 0 2 0 1 0 2 1 0 1 0 0 0 1 0 2 0 2 0 2 0 0 2 1 0 0 2 2 0 0 2 1 0 0 2 
0 0 1 2 1 2 2 2 2 0 1 1 1 1 0 2 2 1 2 0 0 1 0 2 0 2 1 2 2 2 2 2 2 2 0 0 1 0 1 1 1 2 2 1 2 2 0 1 0 0 
1 1 0 1 0 2 1 1 0 1 2 1 2 0 1 1 0 2 0 2 0 1 2 2 0 0 2 1 0 0 2 2 0 2 0 1 1 2 1 0 2 2 1 1 1 2 1 2 1 1 
2 2 1 0 2 0 2 0 2 2 2 1 0 0 0 1 0 0 2 2 0 2 2 1 2 1 2 1 1 1 2 0 0 2 2 1 2 0 2 0 2 2 0 1 0 1 2 2 2 1 
1 0 0 2 2 0 2 2 0 0 2 1 1 2 2 1 0 2 1 2 0 2 0 0 0 2 0 1 0 2 0 0 2 0 0 2 2 0 0 0 1 0 0 2 0 1 2 2 0 0 
1 0 1 1 0 0 2 1 1 2 0 0 2 0 0 1 1 0 0 2 1 1 0 2 0 0 0 2 2 0 0 2 0 1 2 2 2 0 2 0 0 2 0 2 2 1 0 2 1 2 
1 2 2 1 2 1 0 0 0 0 0 0 0 1 0 1 1 1 0 1 1 0 2 2 1 2 2 2 1 2 2 0 2 1 0 2 0 0 0 2 2 1 2 1 1 1 2 1 1 2 
1 2 1 1 2 2 2 0 1 1 1 0 1 1 1 1 1 1 0 0 0 1 1 1 2 0 1 0 2 1 2 1 1 1 1 0 2 2 2 1 2 2 1 0 1 1 1 0 0 2 
0 0 2 1 1 0 2 2 1 2 2 1 0 2 0 0 1 0 2 0 1 2 1 0 1 2 0 1 0 0 2 0 0 0 0 1 0 0 0 2 0 0 1 2 1 2 2 2 1 2 
2 1 1 0 0 2 0 2 0 0 0 1 2 1 1 2 2 2 1 2 2 1 1 1 0 0 1 0 2 2 0 2 2 2 0 0 1 2 0 2 2 0 0 1 2 1 2 1 1 1 
0 0 2 1 0 2 0 0 0 1 1 2 1 2 0 0 1 0 1 1 2 1 1 1 0 0 2 1 1 1 0 1 0 1 1 1 0 2 2 1 0 1 1 2 1 0 1 1 0 1 
1 2 0 0 2 1 1 2 2 2 0 0 0 0 2 2 0 0 1 1 1 2 0 1 0 0 1 1 1 1 2 1 0 1 2 1 0 2 2 0 2 1 1 2 0 2 2 0 2 1 
2 1 0 0 1 2 1 1 0 1 1 2 1 0 2 1 0 0 0 2 1 0 2 2 1 2 1 0 2 1 1 1 0 0 1 2 1 2 2 1 0 0 0 2 0 1 0 1 0 0 
2 2 0 1 0 1 1 0 2 0 0 1 0 2 2 2 2 0 1 0 1 1 1 0 1 0 1 2 1 1 1 1 0 1 0 2 2 2 2 0 2 0 1 0 0 1 0 2 2 2 
0 2 1 0 1 1 2 0 2 2 1 2 2 0 2 0 1 1 0 2 1 2 1 1 0 2 2 1 2 1 0 0 2 0 1 1 0 1 0 2 2 1 0 0 0 2 1 2 2 0 
0 2 2 0 2 1 0 1 1 2 0 2 1 1 1 2 0 1 0 1 2 2 2 0 0 1 2 1 2 1 1 0 0 2 1 1 2 0 0 0 0 1 2 1 2 2 0 0 2 1 
1 1 0 2 2 0 0 2 1 0 0 2 0 1 1 2 2 2 0 0 2 0 1 1 1 0 1 0 0 1 0 0 2 2 1 2 0 2 1 2 0 2 0 0 2 2 2 0 1 0 
0 0 1 1 0 0 2 2 1 0 1 0 0 0 1 0 1 2 1 0 0 2 1 2 0 0 2 2 2 0 2 2 1 0 1 2 1 0 2 0 2 0 2 2 1 2 2 1 0 2 
0 2 1 0 1 1 2 2 2 0 1 2 2 2 1 1 2 0 1 1 2 0 2 2 1 0 0 1 0 2 2 1 1 0 1 2 0 0 0 0 1 1 0 2 2 2 0 1 1 1 
1 0 1 1 1 1 0 1 2 1 0 0 0 2 0 1 1 0 2 1 1 2 2 1 1 0 1 0 0 1 1 0 2 1 2 1 2 1 2 1 0 0 1 1 1 0 2 2 0 2 
0 1 2 1 1 2 2 0 0 1 1 1 0 2 1 0 1 2 2 0 1 0 0 2 2 1 2 1 0 2 0 1 1 2 2 0 1 0 0 2 2 2 0 1 1 0 0 0 2 0 
2 0 2 0 1 0 2 2 2 2 2 2 2 0 1 1 0 2 2 0 2 0 2 1 0 1 2 2 1 1 2 2 1 0 2 0 2 2 1 2 0 1 1 0 2 1 0 1 0 1 
1 0 2 0 2 1 1 0 0 0 2 1 1 1 1 1 2 0 0 0 1 0 1 1 1 0 1 2 1 0 1 0 0 1 0 0 0 0 0 1 2 0 0 0 0 0 0 2 1 2 
0 0 2 1 0 2 1 2 2 0 1 2 0 2 0 0 0 2 2 2 2 1 1 0 2 1 0 2 2 0 0 1 0 0 0 1 1 2 0 1 2 2 1 1 0 1 1 0 1 1 
1 2 1 2 2 2 1 0 2 1 1 2 1 0 1 2 1 0 0 1 2 0 2 2 2 0 2 0 2 2 0 0 0 2 1 1 0 0 2 0 0 2 2 0 2 2 0 2 0 1 
1 0 0 1 1 2 0 1 1 1 1 0 1 2 2 1 1 0 2 1 2 1 1 1 2 2 1 0 1 0 1 2 2 0 2 1 1 2 0 2 2 0 2 1 1 2 2 0 1 0 
0 1 1 1 2 1 2 2 1 1 2 0 2 2 2 1 0 1 2 2 1 1 1 2 1 1 1 0 0 1 0 0 0 0 2 2 0 0 0 0 2 1 1 2 2 0 2 1 2 2 
0 1 0 0 1 2 2 0 1 1 0 0 2 1 2 0 0 1 0 1 2 1 0 0 0 2 1 1 1 1 2 1 1 2 2 1 2 1 0 2 1 0 0 2 0 1 2 0 0 2 
1 2 2 1 1 2 2 0 1 2 0 1 0 0 2 0 0 2 2 2 1 2 0 2 2 1 2 2 1 1 2 0 1 0 1 2 2 1 2 2 0 0 0 2 0 2 2 0 0 2 
0 2 1 0 1 1 0 0 1 2 2 1 1 0 0 2 2 2 0 0 2 0 0 2 1 2 2 1 1 1 1 2 0 2 1 2 1 2 2 1 1 2 2 2 1 1 0 1 0 0 
2 2 0 1 2 1 2 1 2 1 1 1 1 0 0 0 1 0 2 0 1 2 2 2 0 1 0 0 2 0 2 1 2 1 0 1 2 1 2 2 1 2 2 2 2 2 0 1 2 0 
2 0 1 1 2 0 0 2 2 1 0 1 0 2 1 0 0 0 0 1 2 1 1 1 0 1 0 1 2 0 2 0 1 1 2 0 1 1 1 0 0 0 2 0 0 2 2 1 1 0 
0 1 2 1 2 1 2 0 1 0 2 0 0 1 2 0 2 1 2 0 0 0 2 2 0 1 2 0 0 1 0 0 1 0 2 0 0 2 0 1 2 1 0 1 0 2 2 0 1 2 
0 0 0 1 0 1 1 1 0 1 0 2 2 2 1 1 0 1 1 1 2 2 1 1 1 2 2 0 1 2 2 0 2 2 2 2 0 1 0 1 1 2 1 2 0 0 2 2 1 1 
2 0 0 2 2 2 1 1 0 2 1 1 0 1 0 2 1 1 0 0 1 1 0 0 0 1 2 1 1 2 1 2 2 0 1 2 0 0 1 2 2 0 2 2 0 2 0 2 0 1 
1 0 2 1 0 2 0 2 0 1 1 2 0 0 2 2 2 1 1 2 1 2 2 0 1 1 2 1 2 0 1 2 0 2 1 1 0 1 0 0 2 2 1 2 2 1 0 1 2 1 
0 0 0 2 1 2 2 1 2 2 1 1 1 1 0 1 1 0 1 2 0 0 2 1 2 2 2 0 1 2 2 0 1 2 1 2 1 0 1 2 0 1 2 2 2 0 0 2 2 1 
1 1 2 2 1 2 2 0 0 0 1 0 2 2 1 2 0 2 0 0 0 0 2 1 1 1 2 2 0 1 1 2 2 0 0 1 0 2 2 1 1 1 2 1 0 0 1 1 1 2 
1 0 0 2 0 2 0 1 1 0 1 1 2 2 1 2 2 1 2 2 1 0 1 0 2 1 2 2 2 2 0 2 1 2 0 0 0 0 2 2 2 1 2 0 1 1 0 1 1 1 
2 2 0 2 1 0 2 2 1 0 0 0 0 0 0 2 0 0 1 2 0 1 2 2 1 0 1 2 0 2 1 2 2 0 2 1 1 2 2 0 1 1 1 0 2 1 2 1 1 2 
0 2 2 2 1 1 0 0 0 1 1 1 2 1 1 2 2 2 1 1 0 1 2 0 1 1 1 1 1 0 2 2 0 0 0 1 0 1 2 2 1 2 1 0 1 1 2 1 2 0 
1 2 0 2 2 0 1 0 2 2 2 1 0 1 0 1 2 1 0 1 1 0 1 2 2 2 0 2 2 1 0 2 0 0 2 2 1 0 1 2 1 0 0 1 1 0 1 0 1 2 
2 0 0 2 1 0 0 1 0 2 1 2 1 0 0 2 1 2 2 2 2 0 2 0 1 1 2 2 0 1 1 0 1 1 2 0 2 1 1 0 2 2 0 0 0 2 0 1 1 1 
0 2 2 2 0 0 1 2 0 2 0 2 0 1 0 2 0 1 1 1 2 2 2 1 0 1 1 1 2 2 2 1 2 1 1 2 0 2 2 0 2 1 2 0 2 2 2 0 2 2 
0 0 2 0 1 0 1 1 0 1 2 2 1 1 0 1 0 1 1 2 2 0 0 0 1 2 0 1 0 2 1 0 1 0 1 0 0 2 2 0 0 1 1 0 0 1 1 2 2 0 
2 1 0 2 2 1 2 0 0 2 0 2 2 0 1 0 1 0 0 1 1 0 1 0 2 2 0 1 2 2 0 1 0 1 1 2 1 1 1 2 1 0 2 0 1 0 2 1 2 2 
1 1 1 2 2 2 1 2 1 0 2 0 1 1 1 2 2 2 1 2 2 0 0 2 0 1 2 1 2 2 2 0 0 1 2 0 0 0 2 1 1 1 1 1 2 0 2 1 0 2 
2 0 0 2 1 1 0 2 2 2 1 2 0 0 0 2 1 0 0 0 2 0 2 2 2 1 2 1 0 0 0 0 2 1 1 0 2 2 2 0 1 0 1 0 0 0 2 1 1 1 
1 0 1 2 1 0 0 2 1 0 1 1 2 1 1 2 0 2 1 1 1 0 2 1 1 1 2 0 1 2 0 0 2 1 2 0 1 1 1 2 1 0 1 2 2 1 0 1 2 1 
0 1 2 0 2 0 2 1 1 0 1 2 0 0 2 1 0 0 1 2 0 0 1 1 2 2 2 0 2 1 1 1 1 1 1 0 0 2 1 0 2 1 2 1 2 0 0 1 1 0 
30 59
48 53 46 12 47 9 14 7 48 49 12 18 35 16 46 39 12 56 6 14 18 38 18 28 55 41 30 49 36 33 
50 36 20 17 21 10 28 6 37 18 20 58 26 11 22 44 22 53 2 25 23 5 38 49 50 52 11 23 55 26 
45 18 40 47 54 38 40 9 6 26 7 11 6 25 16 47 25 14 16 22 12 58 47 51 17 56 13 42 1 41 
10 23 47 31 19 46 54 0 57 39 51 22 50 30 14 49 17 4 17 45 44 37 54 25 48 7 14 25 9 57 
42 15 39 44 49 58 26 26 33 46 58 52 6 49 45 51 40 15 20 39 47 15 58 40 0 22 4 10 50 25 
45 23 26 40 56 40 24 1 47 37 37 10 23 3 45 48 32 45 47 5 9 46 33 11 37 58 51 40 27 32 
26 40 14 8 0 18 32 57 41 56 46 25 18 41 15 41 9 48 30 29 35 28 35 52 28 12 27 20 8 13 
38 1 54 5 57 29 58 19 49 40 28 32 17 15 51 21 11 51 46 29 20 51 30 45 11 19 33 40 45 9 
23 43 42 55 1 5 47 31 38 12 10 23 38 49 5 5 52 16 7 43 36 30 14 7 33 56 27 33 35 51 
18 56 29 55 20 35 47 10 4 49 34 21 16 30 43 7 32 18 17 2 50 30 41 0 43 54 39 39 38 47 
52 22 33 3 52 39 20 25 26 13 58 16 18 6 3 19 51 48 25 43 44 11 27 53 42 31 31 37 30 27 
37 32 16 56 41 1 58 9 32 0 58 58 45 12 30 4 41 22 6 54 24 56 50 28 34 48 46 58 4 19 
44 52 27 29 54 37 19 8 48 55 45 45 2 55 13 30 1 20 21 5 9 32 29 8 42 40 6 24 20 3 
28 20 9 14 52 9 38 8 14 12 38 36 44 43 17 18 8 55 42 34 30 57 8 58 16 31 53 50 2 58 
9 7 34 10 14 30 44 18 23 13 39 4 51 8 36 28 22 53 54 12 51 17 5 38 47 9 10 29 38 16 
14 0 13 28 21 31 39 30 5 19 8 42 33 28 9 33 18 19 49 36 9 33 9 42 14 11 39 36 12 39 
35 23 53 23 53 43 47 4 28 18 14 50 44 49 21 9 38 30 20 34 24 23 2 40 9 31 5 13 24 14 
10 51 1 42 15 27 41 28 12 51 49 5 37 58 28 36 16 30 36 6 1 13 25 30 58 38 16 4 39 3 
36 12 44 4 48 15 18 39 46 33 17 55 35 9 3 43 44 9 21 4 5 7 22 48 15 32 16 32 45 53 
18 26 55 52 28 51 7 40 15 22 30 32 48 29 23 34 38 53 2 3 21 48 28 25 4 12 5 56 17 51 
4 15 56 24 25 4 34 30 41 0 6 31 12 4 54 47 2 17 4 24 53 7 26 33 19 47 0 53 10 56 
38 36 11 27 17 15 7 6 46 36 31 21 10 24 10 52 11 28 29 56 40 23 8 12 9 28 47 20 51 21 
3 23 4 31 17 40 28 43 57 35 13 7 47 24 33 51 43 7 24 0 2 29 58 16 12 28 54 20 56 29 
54 50 2 32 35 14 45 39 12 8 20 20 28 19 17 35 11 19 7 15 48 18 10 14 32 6 31 46 3 5 
6 2 7 18 38 27 11 11 23 49 7 6 38 9 52 18 14 17 55 2 38 5 14 12 18 28 10 35 36 24 
38 31 23 48 19 39 5 49 21 36 2 46 22 14 36 20 0 14 17 51 39 49 38 57 11 13 31 17 15 20 
33 23 49 8 22 14 16 49 10 5 45 48 39 19 39 1 36 29 11 33 46 55 49 56 22 19 10 0 43 16 
39 41 32 39 45 29 38 27 55 8 34 34 10 25 8 28 57 40 42 29 50 43 4 27 51 42 9 18 43 38 
18 25 40 34 7 39 48 21 28 12 0 10 33 48 36 57 0 22 12 49 3 48 7 15 21 32 15 36 49 40 
28 50 30 36 55 43 16 1 8 28 12 5 17 7 27 11 21 39 16 56 26 10 58 53 17 8 34 21 34 9 
16 22 7 37 27 5 38 29 42 47 20 55 9 15 57 53 48 26 16 30 28 7 1 26 28 53 23 29 17 54 
46 55 8 41 51 29 32 57 10 36 44 29 21 1 4 15 47 21 20 11 9 2 14 33 14 20 44 28 55 13 
52 3 44 22 51 47 36 0 49 2 17 4 1 2 44 16 40 50 24 24 33 45 31 41 17 34 26 14 20 4 
39 37 26 32 13 52 34 20 17 15 56 41 7 51 2 20 18 22 24 53 52 22 47 33 33 14 54 36 45 11 
51 17 32 54 0 5 17 28 2 29 51 33 8 36 27 19 11 27 12 31 16 0 13 13 9 49 6 23 26 36 
19 44 57 30 25 5 51 7 53 49 9 58 1 24 21 18 8 36 45 29 34 19 50 45 54 37 29 54 39 12 
35 41 55 48 20 42 27 58 39 53 49 49 18 12 24 11 32 45 53 52 19 52 30 43 13 22 50 53 20 31 
35 6 13 46 19 6 40 43 14 14 46 42 24 55 44 50 0 49 43 54 7 10 10 45 24 48 24 3 37 22 
32 47 43 17 2 34 31 2 14 24 0 4 15 17 12 29 26 9 10 26 16 18 36 41 33 35 1 47 21 0 
57 28 43 53 38 9 5 28 3 48 31 9 5 20 53 8 3 35 4 22 3 39 48 52 40 34 25 43 14 44 
46 22 11 47 49 42 7 51 14 3 10 52 3 1 3 46 47 12 47 56 25 12 53 2 34 40 4 54 5 13 
54 30 8 24 40 11 28 21 44 34 4 40 17 54 28 7 1 14 11 3 40 3 20 44 16 45 37 14 38 16 
31 10 58 20 16 16 15 9 7 4 50 55 55 41 30 44 35 5 31 47 24 50 46 15 14 16 2 33 4 26 
10 42 51 39 57 4 5 51 3 18 31 6 16 10 20 4 19 45 1 16 0 46 53 8 24 26 20 1 20 7 
43 13 43 57 2 53 26 8 53 49 52 56 31 34 53 31 28 9 31 18 2 31 42 24 24 30 28 56 47 11 
54 53 22 19 57 27 48 39 40 24 31 7 30 22 26 31 17 25 18 10 49 15 8 22 50 17 2 10 1 28 
47 9 24 44 2 47 9 2 11 13 42 2 2 36 13 16 42 8 0 0 5 55 11 24 55 53 52 39 58 4 
1 23 46 54 38 45 18 15 32 13 20 5 56 34 20 37 56 9 37 45 1 6 26 18 20 29 1 8 32 46 
53 35 48 29 2 50 9 49 21 42 35 33 21 42 24 51 17 9 2 14 38 18 55 12 7 9 23 37 12 50 
8 21 56 37 13 42 52 38 7 26 16 30 15 53 16 51 31 49 25 52 3 56 34 6 31 7 50 10 5 46 
10 24 36 49 20 1 0 57 17 15 48 10 28 0 28 9 25 27 29 3 58 31 27 18 44 44 51 20 9 12 
0 7 21 57 27 17 26 55 0 26 16 34 52 26 43 0 20 9 49 13 37 3 45 24 16 3 33 58 8 9 
40 49 27 5 53 13 42 40 46 11 33 32 18 57 15 10 58 5 29 34 37 42 37 4 14 28 13 47 38 12 
41 8 15 4 11 13 56 35 2 28 11 4 3 14 51 53 38 58 30 6 6 55 32 54 53 15 45 54 51 27 
43 40 3 55 10 46 41 37 43 54 30 46 25 24 41 45 25 8 0 39 45 42 15 7 38 20 36 28 21 10 
41 37 41 7 43 25 30 57 19 53 43 20 6 44 32 25 41 56 10 22 9 0 13 18 6 10 30 53 40 5 
57 58 50 27 26 41 53 54 17 46 31 54 52 31 2 27 29 49 23 43 2 48 4 50 2 3 9 15 13 54 
37 3 11 45 55 12 52 49 33 2 10 23 55 7 30 9 30 47 28 18 41 33 11 4 2 46 14 2 38 45 
4 51 51 55 36 10 52 46 6 54 55 1 48 9 6 14 6 15 56 9 32 4 43 51 0 41 55 51 0 9 
1 54 32 13 40 36 12 13 26 8 55 42 5 27 15 12 55 41 15 16 29 32 42 10 49 48 37 30 17 29 
29 29
2 4 26 28 2 22 2 21 23 5 1 13 12 6 16 24 4 28 18 15 18 0 1 6 11 9 6 7 16 
21 27 18 4 22 14 27 12 7 13 27 5 16 10 10 26 6 3 23 9 4 28 11 7 16 22 23 4 26 
17 19 1 22 15 14 12 3 17 16 17 24 0 12 23 11 20 27 10 28 16 21 28 17 17 12 2 26 23 
26 20 19 19 23 6 13 25 9 15 15 3 12 1 3 8 26 17 12 21 9 24 26 9 2 26 1 2 11 
1 22 19 9 1 8 9 5 7 28 10 18 27 1 0 13 23 24 7 23 16 11 5 21 4 15 10 18 14 
5 6 11 4 21 9 7 17 21 11 8 5 4 11 13 5 10 21 25 19 27 15 21 22 18 0 14 12 24 
5 17 8 24 5 2 17 15 16 18 14 18 9 20 28 15 16 17 10 25 16 24 21 7 3 14 4 27 27 
5 18 11 8 17 0 17 25 25 9 2 18 5 23 9 24 21 10 26 25 6 13 8 7 25 22 3 28 23 
23 13 23 12 26 14 26 25 21 1 13 4 9 23 5 11 23 28 13 26 3 10 10 28 13 28 12 9 21 
7 7 15 4 20 21 19 11 26 24 4 21 8 5 3 11 23 7 23 28 22 24 28 17 28 13 16 18 24 
0 1 8 13 0 20 16 17 14 27 28 27 2 1 5 10 26 18 10 16 27 12 9 7 0 17 24 2 0 
27 23 18 2 26 2 26 16 22 27 0 18 10 10 23 0 9 6 15 12 21 15 22 3 23 4 13 15 13 
23 10 17 20 27 1 24 23 5 5 27 13 6 7 19 3 4 3 25 10 22 4 5 9 19 5 28 18 4 
0 10 3 23 27 24 27 8 24 16 8 26 3 23 20 17 9 13 1 1 26 24 1 8 9 14 15 27 13 
17 10 28 19 2 27 1 9 3 23 28 18 18 20 22 25 10 8 24 26 26 13 20 27 21 22 21 19 25 
1 11 25 10 23 19 18 18 15 11 28 0 2 12 6 20 18 22 1 8 8 22 27 27 10 20 28 24 20 
0 25 4 23 7 28 25 3 12 2 15 23 20 28 4 18 5 23 24 12 9 27 6 14 14 20 27 26 9 
8 4 12 19 19 1 28 19 5 9 20 6 4 27 1 1 12 5 23 17 9 26 0 7 15 22 18 8 20 
20 27 20 9 28 25 17 3 21 1 0 17 16 9 3 5 14 15 5 21 17 4 19 24 26 8 19 17 15 
23 15 15 5 17 23 4 22 6 4 1 21 2 0 21 16 2 26 4 10 25 8 26 21 3 1 18 15 8 
22 19 17 3 0 25 18 2 17 7 23 27 10 3 11 8 19 16 17 17 0 18 3 12 12 27 14 18 11 
23 21 15 15 21 6 27 20 20 28 13 23 20 16 14 17 7 8 0 22 21 4 23 23 13 24 16 19 7 
15 18 4 27 11 1 24 22 20 11 3 12 24 1 15 5 1 17 3 14 13 12 7 13 25 19 23 6 27 
25 8 20 11 5 18 4 20 9 17 15 19 25 16 19 24 6 1 11 18 18 14 25 8 15 17 7 13 7 
1 12 22 10 9 25 7 23 25 27 3 9 8 28 2 14 13 19 19 7 23 25 14 19 19 27 12 13 25 
6 10 8 23 10 6 2 1 8 26 28 10 10 1 24 13 16 3 6 3 0 16 19 7 16 12 12 27 26 
1 25 0 3 16 20 21 8 27 13 27 28 23 16 20 6 20 13 9 5 28 23 1 27 22 1 5 4 16 
23 17 11 11 1 5 16 3 18 12 2 1 7 25 1 16 8 3 16 4 2 18 20 15 14 24 1 1 10 
16 13 6 23 7 0 19 12 9 5 9 8 16 16 13 14 11 12 24 24 21 15 10 2 11 10 8 10 13 
25 15 17 4 24 23 24 10 10 27 20 28 10 13 3 27 4 4 26 24 17 17 20 27 11 16 18 7 23 
10 27 16 15 6 14 19 13 19 20 0 18 14 15 24 23 4 4 22 27 17 12 22 13 24 16 9 22 14 
14 11 16 4 5 5 9 22 2 25 19 11 20 9 3 8 6 3 4 18 10 21 17 0 7 19 27 12 18 
24 3 16 17 17 26 26 27 2 5 0 1 15 1 9 9 9 6 22 6 15 21 8 17 9 28 27 20 2 
5 8 19 26 9 16 5 20 24 20 0 6 5 3 17 15 8 17 21 7 26 24 9 0 8 0 26 7 24 
17 12 8 15 5 22 8 28 2 22 0 24 16 20 7 6 9 15 14 3 5 15 5 27 9 15 25 16 21 
25 14 15 19 3 25 23 13 18 17 26 14 13 24 11 5 7 3 2 10 0 8 18 28 2 1 10 7 1 
10 6 6 3 25 3 12 28 26 7 22 11 25 1 18 14 8 13 10 22 3 23 3 5 17 16 18 27 27 
28 9 1 4 10 11 23 13 13 9 18 13 15 26 17 14 24 23 9 16 24 14 28 25 3 15 27 14 7 
17 13 19 19 1 14 6 22 15 4 8 24 18 1 23 2 27 27 3 24 9 25 17 20 1 23 19 5 21 
9 28 22 12 11 15 12 9 24 17 21 4 12 9 20 20 15 2 14 4 23 11 13 27 16 27 0 8 9 
21 16 18 2 19 4 7 3 19 24 4 9 19 9 24 25 23 4 24 18 23 26 22 9 10 11 22 9 25 
17 23 25 8 18 23 8 26 18 24 11 25 2 10 4 14 17 0 1 8 8 1 1 13 20 16 19 27 16 
26 14 22 7 20 10 26 20 27 21 18 15 16 13 13 10 0 16 22 15 4 17 17 5 15 15 26 28 6 
6 14 24 17 5 28 18 28 6 3 18 4 7 13 18 19 17 12 25 7 25 24 12 4 14 22 6 12 23 
0 27 3 8 18 17 12 18 28 12 4 17 0 5 17 17 12 28 11 15 6 8 4 15 10 19 21 19 15 
5 25 24 22 24 25 15 19 4 0 8 4 19 20 19 4 15 13 7 27 19 7 10 13 13 14 22 23 21 
1 25 26 28 12 6 0 27 17 22 5 11 11 18 8 10 0 17 28 11 3 27 21 3 3 27 13 18 24 
18 20 21 0 23 25 10 21 26 18 6 27 23 24 3 26 20 17 2 20 17 3 25 25 2 28 2 6 9 
21 1 3 18 2 14 14 15 27 15 26 19 8 2 23 7 4 12 13 13 20 4 22 16 0 7 26 23 23 
2 15 2 4 11 22 14 9 15 13 2 13 11 18 21 2 26 20 20 17 21 4 21 24 21 19 24 25 28 
16 24 20 2 0 5 1 8 22 0 0 28 12 24 27 14 6 24 8 15 23 13 15 12 9 7 8 20 12 
10 18 12 21 27 16 13 23 6 20 10 3 14 5 15 25 18 19 1 21 11 8 7 19 16 1 23 10 16 
3 22 4 3 10 26 14 8 14 16 26 0 7 17 4 23 12 0 13 13 21 5 11 20 11 26 26 10 2 
28 18 19 25 0 5 7 28 5 23 6 3 9 22 4 6 1 19 16 6 23 15 15 2 21 19 2 10 6 
0 27 19 13 13 5 6 15 18 19 8 3 18 25 15 21 26 18 2 10 12 24 9 23 28 7 3 16 1 
20 3 19 24 3 8 5 25 0 5 28 11 23 8 9 8 19 14 10 12 12 17 26 8 19 11 12 6 3 
21 4 12 26 9 9 25 25 6 21 20 19 3 19 21 1 8 10 7 25 6 13 28 2 4 2 21 18 16 
1 27 19 0 21 22 21 12 8 16 5 9 9 15 15 0 12 13 26 13 9 1 4 18 28 9 6 16 10 
21 43
30 37 35 30 17 20 8 24 8 17 38 10 18 23 19 5 36 21 30 12 35 
22 10 33 41 31 35 2 26 16 19 2 1 7 23 22 41 2 18 3 20 13 
34 40 36 18 11 1 16 16 2 1 30 31 4 7 6 37 0 3 28 6 10 
12 31 1 30 3 25 26 22 7 0 26 7 5 34 12 0 15 14 25 40 2 
30 30 3 25 9 13 9 40 20 34 41 28 38 35 21 9 12 31 40 0 17 
9 38 19 6 8 40 21 18 38 41 33 11 2 37 6 36 38 15 38 42 8 
12 15 6 9 4 34 31 6 40 8 20 7 1 20 2 35 8 21 19 24 2 
42 15 10 12 4 19 18 29 2 14 13 32 26 5 11 4 0 21 26 9 33 
36 18 27 31 2 14 19 31 31 34 1 5 38 21 0 20 5 6 34 34 11 
30 40 40 3 25 19 18 32 31 11 25 31 38 17 42 27 34 3 19 34 36 
17 27 36 33 5 36 13 23 5 40 39 29 15 35 10 2 1 1 16 42 33 
42 25 13 13 22 6 3 39 18 19 13 5 34 18 24 21 17 8 38 19 17 
34 22 22 20 4 0 42 27 23 32 23 32 6 19 2 34 35 28 1 37 4 
38 14 40 10 33 34 26 28 25 11 14 33 2 33 26 40 32 19 30 15 24 
34 42 4 12 41 13 8 8 7 0 29 22 22 13 24 31 14 38 42 39 5 
19 6 34 42 39 35 31 11 36 33 14 27 10 15 3 32 2 6 40 10 16 
8 4 23 29 1 26 10 39 22 30 37 41 13 38 39 15 40 6 19 16 15 
32 14 40 41 35 18 4 12 17 8 12 32 31 20 36 11 3 15 20 15 24 
21 16 20 9 13 34 2 34 21 13 17 33 38 19 19 35 13 11 18 27 28 
39 5 21 13 38 32 40 11 2 31 0 7 2 5 31 1 27 11 40 34 31 
39 32 8 8 23 23 9 12 17 27 39 17 6 21 13 35 10 25 26 1 26 
19 7 6 9 6 22 16 13 7 21 15 1 36 22 23 7 19 30 22 41 25 
15 37 23 10 38 35 8 19 25 23 10 35 22 4 11 25 41 10 40 32 1 
13 13 4 4 29 38 41 1 7 23 27 19 17 17 34 18 0 20 31 20 31 
10 11 41 5 17 0 37 27 33 15 41 28 40 10 37 10 13 16 21 39 7 
31 39 0 18 15 22 29 36 31 14 10 4 8 36 2 1 41 8 20 29 24 
16 18 21 37 8 6 15 19 9 2 41 32 30 17 21 36 15 13 7 42 1 
21 15 4 8 42 0 36 39 30 39 17 12 23 16 15 16 35 40 12 24 41 
30 8 19 25 27 7 36 5 36 3 22 31 25 17 18 20 14 24 42 0 16 
26 40 27 42 4 24 22 11 7 32 20 37 41 22 37 12 12 18 22 32 14 
5 11 0 0 5 17 26 17 28 42 31 20 41 18 4 41 8 36 32 25 14 
14 21 12 24 1 5 36 14 11 13 5 10 34 34 24 24 22 6 25 18 13 
33 16 16 38 12 26 18 11 35 11 9 7 8 14 18 4 42 21 36 39 30 
6 2 30 12 8 17 39 37 21 6 2 38 17 41 33 13 20 24 39 36 6 
25 5 37 0 25 17 21 11 20 35 8 14 0 40 30 42 20 6 3 7 10 
33 29 8 34 0 3 8 3 5 6 5 31 6 7 11 34 20 30 0 35 29 
16 12 25 26 38 39 14 22 6 17 6 41 19 20 41 28 35 39 22 9 32 
0 36 20 13 15 21 10 34 38 28 12 6 3 31 17 16 20 2 41 11 0 
29 14 2 16 30 9 39 19 36 27 17 35 33 18 23 27 27 27 34 10 4 
22 34 41 37 27 31 15 1 40 20 22 26 15 2 41 2 12 40 38 10 18 
27 35 11 9 13 40 26 37 16 38 37 33 4 26 9 12 0 14 1 10 5 
13 25 33 14 11 0 10 39 35 13 8 8 10 36 22 31 11 36 13 4 17 
26 53
8 8 29 1 27 34 24 44 14 10 24 48 15 42 18 42 34 32 0 4 21 20 19 41 12 8 
23 46 24 38 35 27 26 48 8 22 20 15 49 35 5 0 46 16 15 31 42 16 33 6 25 19 
14 12 20 28 41 11 12 6 5 38 17 34 38 6 44 44 50 29 0 43 16 31 27 32 1 5 
21 15 25 31 33 43 50 29 43 49 5 27 25 49 38 15 51 38 13 48 18 5 18 22 15 50 
34 51 13 34 4 27 34 18 10 39 11 10 33 49 34 3 8 45 36 6 16 12 38 21 37 52 
12 43 3 43 41 45 36 31 27 43 44 32 7 45 27 2 40 35 32 47 14 18 17 25 18 48 
27 33 41 26 6 41 50 48 15 32 34 26 18 10 20 20 12 34 22 2 3 25 52 0 1 12 
38 19 17 18 50 46 16 41 28 52 0 5 45 48 14 1 14 45 39 40 43 32 37 49 15 24 
7 50 7 37 3 8 29 50 51 19 38 41 10 46 32 5 9 10 12 46 0 45 24 47 16 30 
33 33 13 6 38 29 52 47 30 28 41 9 30 41 22 17 47 43 43 49 26 42 2 40 19 21 
18 36 28 10 21 2 40 2 23 41 32 14 46 39 40 44 3 21 30 20 45 38 31 23 52 52 
8 26 14 6 39 52 40 28 10 11 25 42 5 25 33 21 32 16 19 32 11 44 48 17 3 39 
41 34 3 2 48 35 33 0 28 32 31 36 49 30 40 43 17 52 9 15 25 1 6 0 34 5 
40 47 3 2 35 23 11 42 15 16 48 26 41 13 49 1 49 34 24 28 0 46 26 24 37 4 
15 29 1 1 11 45 50 19 5 49 12 16 12 32 33 17 31 48 30 7 3 52 44 34 22 18 
19 42 47 51 17 28 8 3 42 2 42 16 20 43 37 15 11 47 8 14 37 24 38 36 41 32 
47 17 18 2 51 21 51 6 4 50 32 2 52 7 29 10 6 9 24 26 45 16 7 25 5 13 
32 39 0 38 3 50 49 42 28 16 19 10 11 2 48 0 52 14 7 13 12 50 34 28 30 34 
44 16 24 40 43 45 12 34 7 22 35 7 17 20 17 44 41 44 12 41 48 4 33 44 4 20 
45 34 4 16 9 44 32 23 28 17 2 49 15 11 13 35 36 50 43 10 41 5 44 49 24 17 
52 52 50 2 33 16 3 5 30 19 52 14 51 51 12 32 38 32 9 31 24 46 26 31 14 19 
14 8 31 7 18 21 14 26 19 31 41 40 44 16 41 50 24 10 1 39 24 29 13 45 0 32 
52 49 35 31 15 50 33 51 32 48 42 47 36 15 13 21 33 21 4 3 18 29 36 16 33 25 
31 52 6 26 25 43 14 39 2 11 9 17 42 51 16 37 28 50 27 18 0 44 42 4 35 21 
34 50 21 32 32 52 33 31 0 29 18 50 33 28 6 5 49 40 32 8 18 10 23 43 49 35 
39 27 21 52 4 44 1 1 39 41 2 22 50 8 44 0 3 51 31 10 10 40 3 23 9 33 
51 14 31 6 23 14 24 35 26 4 36 13 32 10 14 29 46 43 14 32 37 6 43 43 46 6 
42 7 48 12 18 9 21 33 42 22 45 13 28 50 27 39 42 50 52 18 20 21 10 23 33 11 
11 2 42 1 34 42 25 51 3 31 19 11 13 50 10 14 19 12 11 50 43 32 24 20 33 6 
30 24 31 16 43 1 31 22 13 15 39 18 34 47 47 2 9 50 11 2 38 21 52 9 11 51 
15 34 14 50 15 17 24 33 6 7 45 3 38 9 37 9 39 33 31 31 23 35 12 45 43 44 
15 27 27 49 9 52 32 6 9 41 0 24 17 1 26 29 22 45 10 13 7 6 0 51 22 27 
7 37 16 23 19 28 46 8 35 2 7 16 7 22 34 33 45 38 45 48 24 1 0 41 51 19 
32 16 0 26 6 3 0 45 51 18 32 1 38 29 0 1 30 35 43 7 45 21 43 49 14 5 
9 29 48 2 37 22 52 25 9 35 33 18 48 16 28 19 37 38 7 26 45 47 48 8 42 25 
15 50 21 44 0 37 14 32 5 46 32 37 6 6 13 2 19 13 36 2 6 9 47 52 41 35 
49 27 51 51 43 15 47 49 45 39 15 21 13 46 43 2 12 2 2 31 20 5 4 48 0 37 
6 13 36 36 25 44 48 35 51 50 16 2 34 44 41 37 2 10 18 16 33 41 17 24 43 52 
16 5 29 15 1 0 8 44 31 23 41 38 11 50 40 28 39 2 48 52 26 18 8 21 14 10 
33 19 20 14 21 39 28 49 30 38 44 51 32 27 31 1 23 25 44 3 46 2 2 21 3 47 
35 24 28 4 20 50 17 38 27 36 14 10 48 41 21 6 16 39 35 12 33 26 29 5 48 21 
5 8 38 35 36 4 39 47 35 12 49 48 17 8 2 6 27 16 31 37 24 7 10 25 35 52 
46 43 6 51 3 46 27 9 12 4 32 50 15 23 4 24 8 1 23 7 27 20 10 7 42 45 
14 8 21 24 49 37 22 5 7 12 20 30 21 46 50 10 51 48 23 4 22 46 29 8 13 9 
49 35 12 1 7 29 17 16 0 45 2 7 3 24 33 20 25 15 0 34 20 51 17 45 36 33 
17 20 10 28 46 0 37 3 16 19 45 24 28 3 5 20 10 29 45 50 11 9 48 24 50 29 
48 2 18 41 35 21 6 11 23 4 2 26 18 18 41 9 40 27 17 32 50 14 48 36 25 20 
30 3 28 4 46 34 0 3 21 19 36 8 45 15 11 32 49 45 5 2 48 35 33 31 14 2 
36 24 51 29 7 48 30 18 28 28 26 7 52 33 28 35 20 23 5 42 24 48 11 34 10 4 
18 13 41 6 10 22 44 29 16 38 28 14 2 38 13 40 6 2 52 12 34 16 9 42 44 40 
35 34 44 0 8 26 45 44 3 6 38 26 34 4 8 29 7 51 47 2 20 15 29 17 50 40 
48 41 46 40 20 36 20 20 52 17 40 15 8 27 1 4 20 51 34 17 40 7 3 2 44 6 
8 7
6 3 4 0 6 0 4 0 
1 3 4 1 4 5 2 5 
6 4 1 2 0 5 6 3 
2 6 5 1 5 0 2 5 
4 1 5 5 3 1 0 4 
0 5 3 6 0 3 5 4 
2 6 2 1 5 3 5 6 
3 1 0 5 4 3 2 2 
2 2 5 5 2 0 3 2 
4 6 6 0 2 6 0 1 
0 5 0 6 5 0 5 4 
0 6 0 5 2 4 5 2 
3 1 3 2 4 5 0 6 
0 3 2 6 2 4 1 5 
1 5 4 3 1 0 3 4 
3 4 3 6 2 2 3 0 
49 61
15 46 55 13 20 60 18 42 39 24 11 20 25 23 21 1 1 56 14 5 57 53 44 1 37 44 33 5 4 50 29 55 54 16 45 44 48 23 9 8 29 25 52 1 1 40 11 46 4 
28 20 47 41 48 52 46 5 38 3 40 20 24 12 26 41 33 19 5 48 32 48 16 50 24 24 6 11 58 39 50 44 9 12 35 1 47 49 14 45 1 21 3 60 28 41 52 23 21 
5 59 38 60 17 31 32 49 18 47 48 14 2 23 39 11 46 59 0 41 8 20 29 50 48 50 58 18 28 7 29 52 1 41 49 25 48 18 47 11 39 57 60 3 52 45 12 15 8 
23 50 35 30 30 21 39 40 29 60 46 18 49 26 33 1 55 24 42 10 26 50 4 49 47 30 2 1 44 2 18 16 34 41 52 31 29 19 21 50 40 32 32 34 32 8 54 37 37 
45 25 17 14 27 23 14 46 49 56 2 30 48 49 57 56 40 31 26 53 26 41 25 60 33 36 26 32 14 27 10 34 53 55 39 49 37 53 29 18 47 9 60 10 9 3 35 4 27 
46 36 27 42 31 38 31 14 13 29 12 50 53 17 21 27 14 40 37 60 53 59 2 37 34 25 8 15 38 7 46 17 46 12 2 37 31 51 51 58 57 25 53 1 50 12 55 58 19 
1 43 55 31 33 49 8 51 58 60 5 47 38 1 12 38 60 13 24 33 23 9 57 3 42 31 41 40 22 3 13 46 21 2 5 16 28 53 32 51 53 39 40 49 34 52 52 17 12 
55 54 8 12 26 48 8 17 47 31 48 59 47 52 42 53 1 52 10 49 12 34 0 11 51 0 21 47 54 43 39 56 51 39 33 56 21 46 38 48 20 8 36 3 42 10 48 39 38 
31 0 50 52 30 39 60 32 13 10 57 14 31 33 25 57 31 5 34 18 55 44 29 24 24 6 60 24 19 49 60 3 59 22 48 19 50 16 34 36 7 56 3 25 50 3 33 27 11 
46 14 33 46 41 47 14 43 28 29 41 24 60 58 44 2 18 16 19 0 57 0 5 4 4 22 47 56 32 59 47 12 60 44 14 22 42 24 4 8 24 48 11 15 58 31 6 46 18 
16 43 33 22 41 34 22 55 33 50 15 35 21 59 15 59 33 53 2 57 37 18 32 12 21 35 5 33 33 26 10 34 33 36 35 7 59 37 26 22 18 40 6 39 19 18 58 45 13 
11 38 3 15 44 39 27 33 10 25 25 8 16 15 15 27 20 54 15 28 59 13 19 26 29 22 3 29 54 21 12 58 26 8 44 41 38 59 5 50 49 51 18 46 33 19 23 12 16 
20 9 57 33 52 20 25 47 30 17 25 17 21 18 59 14 2 50 6 33 39 39 22 14 40 55 1 39 24 30 2 0 12 39 12 28 23 13 48 10 4 23 60 11 24 11 39 40 42 
23 4 51 27 22 37 45 35 2 4 55 1 60 15 29 25 2 36 16 16 41 50 35 25 28 42 47 40 49 50 50 35 18 11 52 9 21 31 42 55 4 33 13 56 54 57 39 41 40 
12 1 60 57 26 25 29 42 56 60 45 7 6 10 53 20 10 32 22 8 56 58 40 21 32 43 59 30 33 11 59 44 17 36 46 2 2 41 52 48 25 18 49 19 28 6 54 12 45 
56 50 16 54 39 13 34 16 23 13 1 7 26 38 30 4 15 38 44 47 37 31 53 1 11 4 46 60 59 36 16 6 23 43 54 48 54 56 23 24 1 38 28 44 22 30 34 48 2 
33 20 55 50 17 55 16 14 38 45 9 18 14 22 9 57 0 6 21 50 26 5 28 31 57 33 10 9 17 15 32 55 7 55 20 59 38 39 46 49 53 9 37 23 58 11 39 32 51 
51 45 24 26 24 17 55 4 11 59 27 31 48 5 25 8 55 17 39 7 14 37 56 0 47 58 56 33 51 56 56 10 52 51 58 55 55 3 26 25 11 17 5 6 16 9 1 46 51 
10 59 18 36 8 5 13 53 33 50 3 59 3 19 16 1 23 25 35 23 9 22 46 23 0 51 53 59 41 35 9 32 41 47 28 12 38 0 33 56 16 32 57 23 60 29 17 46 3 
0 47 37 26 36 47 28 51 32 54 48 10 16 17 57 43 38 15 30 53 51 33 23 22 59 8 3 37 38 18 29 52 23 28 45 53 60 54 57 12 14 10 29 4 57 55 6 52 49 
18 4 57 45 16 42 52 55 43 21 30 42 4 49 19 25 20 20 60 32 18 60 58 52 42 20 51 4 59 41 44 20 6 28 42 59 50 28 51 3 12 51 47 42 28 57 13 18 5 
57 50 34 56 59 27 11 43 45 36 9 39 52 24 38 29 40 7 36 13 53 54 18 3 25 39 37 37 22 2 18 27 39 34 5 36 5 2 51 29 12 46 33 14 18 36 32 51 22 
14 10 22 17 59 40 50 52 48 50 13 26 55 60 21 60 25 20 18 57 14 54 28 25 30 17 27 26 15 49 58 1 0 26 58 43 30 19 53 36 30 26 30 46 60 37 31 21 38 
24 47 42 49 4 39 18 25 17 15 51 6 60 12 12 14 13 8 29 22 8 42 26 55 55 49 56 55 10 50 31 14 39 33 17 46 16 49 38 43 49 50 32 13 58 9 15 46 8 
46 38 56 48 52 17 29 8 45 40 47 6 12 57 59 45 44 51 20 56 45 56 0 6 39 32 25 24 17 2 55 0 1 8 41 50 42 11 41 59 24 2 54 18 49 44 16 5 16 
31 5 34 6 37 48 4 13 21 3 3 57 14 55 20 4 48 46 23 32 14 39 35 34 34 4 56 59 35 54 59 34 33 35 56 59 22 54 22 1 22 32 49 6 26 48 38 2 13 
37 23 45 50 13 11 54 24 16 56 57 33 36 3 2 35 5 41 55 47 5 7 24 32 30 59 13 13 27 51 1 52 52 59 22 37 36 20 12 53 39 7 46 8 60 56 50 17 60 
59 15 22 42 17 7 21 50 41 23 15 10 47 58 0 8 34 29 36 49 44 46 43 44 13 8 12 36 60 47 32 18 30 7 40 37 10 25 3 24 30 10 41 38 23 39 6 35 57 
28 29 3 22 20 59 57 36 43 14 13 28 39 1 17 25 14 48 35 43 37 27 34 4 40 34 47 14 40 28 15 27 23 36 37 20 43 57 3 52 46 6 11 35 34 34 22 13 13 
6 43 4 9 44 27 36 29 29 48 25 12 32 15 57 14 30 8 26 24 19 9 33 30 26 35 41 18 41 44 0 17 52 5 3 33 28 22 19 57 47 31 18 52 26 41 3 1 24 
31 56 51 44 25 39 6 58 48 45 29 32 1 0 2 50 54 49 30 51 44 0 52 40 60 14 49 6 41 58 43 50 19 45 50 14 49 41 5 30 18 36 37 52 49 36 59 59 41 
7 14 57 37 28 6 43 44 60 52 48 46 59 20 32 45 60 14 25 1 5 34 14 59 44 2 43 42 46 55 27 38 47 8 46 29 43 9 31 58 34 45 40 44 57 19 26 44 33 
27 49 40 38 43 43 39 27 5 17 48 7 9 23 4 54 37 34 40 32 32 28 51 46 50 22 37 11 22 28 20 22 47 19 5 5 10 38 57 27 20 28 4 31 46 14 35 38 8 
46 28 35 31 30 39 26 35 23 12 1 28 9 44 12 34 31 29 34 54 39 35 28 35 15 37 49 38 5 8 54 47 13 22 52 41 17 0 2 40 38 8 50 46 11 40 56 54 3 
47 33 26 16 21 1 37 41 43 5 53 19 7 5 41 48 58 28 29 3 8 52 52 56 36 6 41 15 20 55 48 24 53 58 4 39 11 1 30 35 43 14 43 47 33 54 24 31 41 
28 55 38 52 46 40 14 12 41 14 41 22 13 49 8 24 9 25 59 2 58 26 40 53 7 11 10 39 40 45 16 48 16 44 3 14 53 15 60 43 2 48 40 41 30 12 52 3 29 
47 14 44 10 44 5 44 44 54 37 1 51 28 7 55 37 39 36 14 43 32 54 22 49 22 38 11 6 30 21 19 2 37 45 9 22 35 45 0 51 47 27 46 1 47 38 19 36 3 
31 33 20 53 50 20 10 46 37 29 45 33 20 11 8 50 60 14 49 4 12 37 59 10 16 54 54 4 40 59 44 3 3 45 12 24 31 35 60 19 35 7 54 20 38 2 29 3 60 
20 55 26 51 3 6 52 38 59 42 9 17 25 0 58 31 40 0 17 58 27 25 10 22 46 15 14 25 8 34 13 20 14 59 7 28 43 1 12 27 11 54 43 18 0 13 19 15 33 
30 58 56 29 45 57 29 17 34 21 14 55 24 51 52 14 3 57 3 8 33 36 29 38 43 27 28 5 31 10 9 20 10 23 16 19 7 39 8 5 35 26 22 4 16 59 16 53 53 
57 28 40 20 46 58 5 16 4 51 44 28 53 53 21 33 10 24 5 43 34 42 18 16 0 59 42 40 58 54 7 52 1 31 24 16 26 23 10 57 2 27 10 26 29 47 22 2 38 
46 37 58 52 29 7 46 11 57 54 51 53 32 18 53 43 4 20 31 26 52 10 32 7 43 1 11 8 8 13 44 39 24 31 38 53 51 51 20 8 39 31 7 8 19 30 26 58 58 
58 60 53 11 38 41 50 2 24 52 52 28 38 29 5 16 38 16 32 31 53 8 55 2 6 6 24 52 14 58 30 37 14 0 30 32 50 46 32 19 56 29 34 16 30 31 27 45 36 
34 52 20 55 51 6 28 31 22 41 51 44 39 46 7 44 42 3 23 36 11 44 39 17 57 58 41 35 56 13 5 13 35 39 47 11 26 50 14 7 10 55 20 5 29 44 37 32 17 
28 43 46 39 34 39 17 41 30 19 49 24 59 18 43 31 33 24 48 52 34 49 38 17 22 44 7 58 28 1 28 9 4 16 48 28 23 4 55 35 10 6 11 50 5 20 7 24 55 
59 22 32 58 50 60 12 58 60 9 24 18 30 6 38 4 51 48 49 32 48 30 46 33 50 2 7 23 58 51 30 18 53 23 50 52 13 22 45 38 4 25 43 5 13 21 23 29 18 
15 48 13 30 41 36 37 16 30 52 26 43 10 2 3 2 54 36 11 35 12 2 29 47 20 37 13 19 23 34 14 24 6 13 45 51 58 33 17 24 50 44 27 16 60 4 10 46 22 
59 11 2 9 18 10 0 27 17 22 37 11 28 30 36 26 60 12 12 36 29 15 2 47 49 7 1 16 14 27 48 24 43 3 7 7 46 35 10 1 10 50 36 33 53 34 16 24 24 
36 2 51 58 23 30 43 0 21 60 17 46 30 27 5 6 48 3 26 3 47 20 45 22 30 60 10 20 33 51 36 45 21 40 30 50 53 1 29 2 34 5 46 17 46 1 34 15 0 
25 37 36 40 53 6 22 11 51 34 37 46 49 55 54 35 57 39 38 30 22 15 13 17 14 39 58 53 28 7 49 59 8 2 46 40 54 36 5 35 41 59 24 46 46 51 58 23 10 
53 34 40 12 6 59 44 31 15 43 51 17 16 9 31 29 48 19 23 17 3 33 26 46 24 31 2 32 40 51 23 32 3 29 27 10 0 46 9 49 35 55 4 57 19 55 58 19 37 
29 37 48 36 39 55 48 0 44 57 34 6 58 34 20 19 0 34 0 8 33 22 0 15 58 30 48 34 48 43 35 21 44 40 52 38 22 12 10 32 17 55 19 49 0 40 31 60 2 
55 13 20 4 40 56 5 7 39 48 47 28 10 27 4 40 18 33 25 39 45 14 31 1 11 16 39 56 34 38 8 45 59 21 7 24 16 52 23 58 18 8 50 54 53 31 58 6 19 
55 17 37 44 5 28 3 17 36 34 57 13 35 43 57 51 56 18 9 8 25 31 57 5 33 43 56 16 0 51 0 15 51 46 28 16 31 32 25 16 14 15 30 56 11 21 30 30 44 
31 26 11 56 42 54 45 37 20 11 29 26 31 26 49 26 21 50 5 30 48 12 33 17 18 23 18 24 32 30 46 59 36 40 10 23 46 17 37 37 7 59 38 26 34 18 45 22 23 
46 58 20 16 60 26 55 38 16 9 41 13 21 46 0 0 59 23 5 22 7 57 24 31 50 10 31 50 37 5 29 2 25 39 40 35 59 44 24 32 41 0 10 12 44 50 11 29 45 
26 40 4 36 59 60 53 26 46 27 28 3 47 5 59 42 12 27 57 56 9 55 10 53 31 60 27 30 23 52 22 27 42 31 20 1 22 12 44 34 20 23 21 59 22 52 37 56 31 
26 13 21 41 9 44 26 0 31 48 37 33 53 44 23 26 10 14 49 25 1 60 32 34 17 19 25 16 50 11 30 40 7 53 15 19 7 59 13 17 29 46 46 34 31 15 36 21 25 
9 0 22 58 57 56 5 35 16 5 48 58 23 47 39 54 17 10 52 6 5 45 42 34 29 6 40 15 15 14 2 10 38 54 53 17 42 11 41 52 25 31 9 17 47 32 31 40 60 
50 50 20 44 28 19 48 41 29 37 46 9 22 32 41 44 34 24 10 15 46 21 52 58 33 19 11 32 48 17 40 35 50 14 56 25 29 11 15 60 54 6 16 33 58 13 11 41 44 
23 49 6 38 43 42 29 10 48 18 26 4 57 16 19 0 40 42 2 9 41 28 50 35 9 43 7 18 47 24 16 31 37 29 25 28 26 12 5 56 2 44 30 39 11 1 4 29 13 
13 39 42 8 17 33 12 41 53 51 22 15 11 34 11 2 25 42 11 11 4 32 19 26 43 53 38 23 54 24 56 8 53 6 27 38 46 52 20 39 15 12 50 18 26 29 56 41 36 
17 55 0 38 45 39 39 55 14 26 37 12 32 48 17 27 59 1 20 13 36 15 12 2 39 57 60 30 12 21 48 49 32 48 58 4 17 13 6 26 42 44 48 13 54 50 41 31 49 
43 1 6 42 13 25 11 18 28 58 50 37 32 59 30 49 53 55 17 16 26 50 40 14 33 40 21 5 54 60 21 15 36 19 10 17 35 9 37 34 51 7 27 13 35 10 60 41 47 
20 36 36 50 26 1 30 57 30 28 21 49 8 26 19 12 50 55 48 47 40 32 20 13 53 24 0 4 27 58 55 37 5 2 57 41 37 14 29 44 7 17 51 49 20 40 30 30 59 
45 42 31 24 41 38 42 45 43 16 32 13 42 53 4 36 46 3 47 56 22 57 24 40 23 60 50 35 60 47 4 1 14 35 2 52 42 9 19 37 37 39 30 23 5 58 18 7 18 
1 18 24 47 30 56 38 60 56 18 44 22 17 25 36 22 18 52 58 18 40 11 14 31 32 12 21 21 28 53 5 27 31 3 60 5 34 15 44 48 48 47 59 15 5 55 0 46 21 
26 44 33 57 59 60 1 34 33 23 38 26 42 31 41 59 9 11 31 42 58 60 6 43 29 38 20 20 35 51 60 17 15 21 19 46 54 56 31 58 5 10 34 53 43 8 27 31 16 
8 41 16 40 11 10 28 40 15 21 7 2 42 4 38 49 49 4 45 5 2 57 18 40 45 52 8 18 3 44 51 12 45 23 39 59 17 49 36 12 47 12 14 41 29 46 56 9 27 
6 55 43 24 45 31 33 15 7 48 23 58 24 27 59 40 2 40 53 21 32 55 15 48 20 13 0 46 18 52 10 14 59 14 30 51 21 36 46 58 17 33 59 8 38 48 46 18 17 
13 50 22 23 5 8 46 38 11 0 41 46 7 47 15 8 20 3 60 9 37 52 53 30 42 19 38 32 22 26 31 5 17 37 33 37 19 55 47 19 18 15 0 40 11 37 40 14 9 
28 6 19 60 44 39 55 29 52 16 19 27 21 39 21 8 7 24 0 3 18 18 20 59 46 36 10 57 42 28 50 17 52 28 36 3 32 37 32 50 9 40 5 34 41 17 57 39 22 
12 25 33 48 2 26 19 48 36 50 22 8 26 44 38 47 29 34 46 58 10 54 40 34 23 42 42 32 30 30 45 2 38 47 13 10 34 29 13 58 34 28 50 17 49 15 56 50 16 
23 56 37 47 1 34 14 40 9 34 39 48 48 22 38 3 53 40 55 12 20 19 5 18 50 54 37 48 51 18 1 47 28 59 38 4 25 40 56 15 29 55 23 42 16 45 33 13 7 
3 9 29 1 53 15 24 50 49 15 40 38 22 40 17 33 50 10 56 44 43 49 41 23 22 1 27 41 38 33 49 58 5 19 44 38 55 12 47 51 4 7 32 25 29 57 35 37 22 
9 52 53 13 34 19 55 36 18 8 2 21 40 55 55 5 43 58 34 47 1 55 51 0 4 28 34 31 35 54 10 43 41 59 10 14 43 4 40 60 19 47 52 1 50 5 17 34 60 
30 34 12 37 32 51 36 40 2 30 57 37 16 29 5 38 32 46 40 5 55 34 22 26 35 27 46 42 10 42 23 5 45 26 33 26 24 55 11 48 24 36 8 27 43 58 31 59 19 
16 5 3 32 10 2 54 4 11 34 18 19 28 11 20 41 35 8 47 20 13 40 2 11 26 27 4 38 36 46 4 34 21 4 13 51 50 29 27 13 48 3 0 38 48 18 51 55 11 
48 44 24 59 26 16 23 9 22 25 51 35 10 21 36 57 39 27 35 37 15 31 48 40 47 17 38 8 27 30 43 23 44 0 35 35 54 57 20 46 14 24 31 45 33 9 33 60 20 
47 11 26 50 37 19 7 12 9 27 43 27 26 4 48 33 58 10 45 42 34 57 43 41 20 45 6 20 17 30 14 55 39 21 44 10 58 39 1 27 50 4 11 56 32 22 40 59 50 
11 1 22 1 21 57 16 49 13 52 41 46 45 10 11 37 51 39 37 2 17 3 26 25 12 22 50 58 11 56 31 21 45 18 29 38 26 29 37 24 37 18 33 48 8 47 7 24 16 
14 9 35 57 41 50 43 16 60 44 4 32 27 46 27 57 17 50 5 30 48 60 42 37 32 25 38 36 16 3 3 29 12 34 50 58 15 2 56 25 34 29 33 3 56 14 36 3 48 
25 58 52 6 37 39 50 28 14 27 27 25 5 16 49 38 15 18 6 42 19 49 12 56 20 42 24 34 7 58 54 19 32 55 46 57 47 47 49 47 38 11 55 27 15 35 6 41 1 
1 21 10 42 53 44 6 35 22 54 46 6 26 15 1 32 36 14 56 52 56 40 58 59 56 22 12 44 5 48 25 21 26 54 26 57 36 23 57 40 43 51 20 33 3 48 49 54 56 
42 52 43 4 26 23 8 28 22 14 53 54 34 9 53 5 55 33 0 43 45 29 28 23 4 39 11 1 24 18 41 9 14 3 47 1 8 1 49 8 37 31 53 21 56 38 0 8 12 
12 49 40 40 39 32 25 16 45 22 30 43 30 29 1 6 35 40 53 19 4 45 20 40 19 55 19 12 51 22 4 30 19 28 8 6 47 29 51 54 42 37 38 57 18 2 1 12 8 
46 60 15 50 29 59 34 14 9 34 57 55 57 60 14 19 51 5 58 45 42 33 34 55 15 6 42 25 60 2 56 16 40 34 11 20 24 12 16 56 36 7 38 8 39 4 34 4 5 
44 11 60 31 47 21 33 24 33 9 42 51 41 55 52 36 59 56 12 41 21 3 58 42 26 15 20 25 19 14 37 3 2 5 16 58 24 41 38 28 52 52 47 27 41 23 27 32 12 
43 41 14 42 37 21 13 4 13 30 4 19 47 13 29 52 34 20 28 31 51 28 7 10 16 6 35 53 35 29 50 50 49 9 26 19 53 54 57 37 33 38 50 8 48 31 35 46 16 
0 47 38 4 8 19 10 50 13 3 10 5 26 12 27 54 38 2 41 31 25 58 29 56 51 37 49 55 58 58 58 57 16 29 40 17 24 25 28 14 21 44 20 14 8 43 55 29 37 
50 56 56 8 47 10 55 20 0 48 36 50 23 44 55 55 51 51 58 8 1 28 7 35 28 8 9 6 50 44 14 19 44 23 34 59 6 3 37 34 15 50 3 23 3 15 26 16 34 
44 43 37 4 28 54 8 59 3 32 18 51 9 29 29 43 8 29 6 36 23 32 14 0 27 27 12 60 47 23 16 26 34 19 14 2 48 29 43 23 17 15 53 56 55 35 10 9 0 
54 39 3 49 6 12 52 59 43 6 0 59 13 60 26 16 31 12 39 12 25 46 9 52 60 13 58 38 33 9 51 1 7 47 30 41 55 40 29 14 53 52 36 6 53 25 43 3 49 
15 45 21 57 1 0 5 18 41 9 41 43 6 59 40 46 2 52 28 3 4 17 58 13 4 3 59 54 48 43 58 6 42 1 1 43 51 24 49 34 15 20 54 21 26 22 2 53 47 
13 43 42 29 34 6 40 24 33 60 21 56 9 54 10 38 34 44 20 41 47 49 20 43 27 40 51 21 18 17 28 55 15 48 13 33 49 4 41 3 58 14 55 8 19 21 28 33 53 
34 4 59 46 27 58 57 56 6 42 9 42 49 47 44 5 27 2 32 33 43 60 15 8 37 48 40 24 12 14 4 54 24 2 48 60 40 15 9 0 27 58 4 38 45 53 50 23 43 
21 46 45 16 50 35 3 53 0 57 27 51 3 23 14 54 50 46 49 4 15 37 55 47 5 7 14 43 12 33 58 27 17 21 11 45 33 60 51 18 2 57 26 48 57 22 20 11 28 
40 47 43 42 35 51 31 25 57 33 12 28 25 42 7 41 47 23 6 1 29 13 34 26 26 25 55 44 49 26 34 46 18 46 57 47 22 25 42 3 27 35 32 6 31 0 27 11 34 
46 13
7 6 6 7 6 8 4 2 10 8 3 9 6 11 8 12 12 2 3 11 4 3 1 3 12 1 6 8 8 3 7 11 8 6 11 6 5 1 10 3 2 6 8 0 9 7 
10 8 9 4 1 8 0 10 8 4 3 11 10 8 3 5 9 11 0 8 3 2 12 7 10 8 8 10 4 11 2 0 6 10 9 11 3 0 11 9 7 10 2 5 5 3 
10 6 5 1 10 8 9 11 6 12 8 9 11 2 2 9 10 7 2 3 0 5 11 6 6 3 10 4 10 10 6 7 10 2 8 2 7 9 10 1 6 12 2 1 9 7 
3 4 1 1 4 4 0 5 4 10 2 8 8 1 0 3 8 2 12 5 11 6 2 5 11 3 7 4 5 4 5 9 8 1 11 1 2 2 4 7 5 9 9 5 1 4 
6 10 2 6 3 7 10 8 6 12 6 1 4 8 3 2 3 2 11 1 8 5 0 7 10 8 10 2 4 3 9 1 11 5 12 11 4 12 11 7 11 0 11 12 3 8 
0 0 4 12 10 1 3 6 1 0 10 3 2 4 3 1 0 10 4 1 11 2 8 1 1 11 7 8 4 7 2 5 12 1 0 12 7 10 2 3 1 4 12 5 9 7 
4 3 0 7 10 8 2 5 4 0 5 12 11 8 2 10 3 12 5 0 3 9 11 3 2 9 8 4 3 4 5 3 2 8 11 4 12 9 10 3 9 9 6 0 8 5 
3 0 11 6 4 6 8 8 5 4 11 11 11 6 8 10 1 12 7 1 10 10 5 4 3 2 7 2 10 6 8 10 7 5 4 8 8 12 3 0 12 3 6 4 7 11 
3 12 6 5 12 9 0 7 6 7 6 2 2 0 5 5 4 1 4 6 9 1 10 1 7 9 11 1 3 5 1 9 6 6 9 7 2 10 2 4 3 5 0 5 1 6 
5 8 8 6 8 1 1 0 8 4 9 9 10 7 11 5 7 1 0 12 5 7 2 11 8 10 8 5 4 4 11 10 12 7 0 12 1 5 2 6 11 6 11 0 0 3 
12 2 0 2 7 0 6 8 12 3 7 1 11 3 7 12 3 11 11 5 10 5 1 1 10 3 2 2 5 1 7 5 0 4 1 7 5 0 12 0 8 5 9 4 8 10 
10 4 4 12 11 1 12 11 1 9 5 7 5 3 1 9 4 4 3 9 0 11 11 3 4 11 2 2 6 6 9 5 0 6 8 2 4 3 3 9 1 4 12 6 2 8 
4 9 9 10 6 3 12 0 3 9 1 4 0 0 1 10 3 0 8 4 7 12 3 4 11 8 6 7 10 2 10 5 9 3 2 10 8 8 9 2 0 4 8 11 3 9 
3 7 12 11 10 12 4 9 12 12 4 1 6 3 12 11 11 4 8 9 11 5 9 4 7 6 9 9 8 4 1 8 6 1 4 1 10 2 1 5 5 5 2 11 5 8 
11 6 9 10 12 9 6 5 3 10 11 5 4 4 4 5 10 7 4 0 0 7 6 3 6 9 6 9 1 8 8 6 11 3 8 7 10 4 3 10 9 4 3 7 6 9 
0 4 9 4 1 0 10 0 0 2 5 8 2 1 7 7 0 9 7 7 0 5 8 12 9 8 11 1 8 1 6 0 10 12 11 1 7 12 3 1 10 1 10 12 12 9 
2 3 7 11 9 9 12 7 11 4 0 1 6 4 2 7 5 3 6 5 11 4 7 9 6 12 4 6 9 8 1 9 11 3 11 4 7 12 8 5 2 6 5 12 10 2 
3 0 4 11 12 8 7 6 9 4 9 0 11 3 10 8 5 5 4 9 8 10 1 9 11 8 4 12 0 5 9 4 7 6 12 2 2 12 1 7 7 10 3 0 7 3 
0 1 7 10 12 5 1 1 11 6 12 3 4 6 2 7 11 8 2 9 0 11 0 0 0 12 0 0 4 8 3 2 0 10 5 7 8 4 5 8 8 8 7 5 1 10 
9 2 2 9 3 2 3 12 1 4 0 1 7 10 12 11 11 4 6 3 1 12 8 4 3 10 1 3 2 6 3 4 3 10 9 10 11 2 11 10 2 4 4 3 4 8 
0 0 6 0 6 10 11 2 10 6 5 12 3 4 2 11 8 11 7 12 10 7 4 6 8 4 10 6 12 12 11 10 11 10 10 8 9 9 2 9 10 12 6 5 10 8 
5 9 2 11 9 11 11 1 0 3 2 7 12 1 8 6 1 8 10 1 9 0 8 1 5 6 7 4 0 3 10 10 12 6 5 2 0 10 6 12 6 10 1 10 10 5 
6 2 2 10 4 1 4 0 4 3 9 2 11 3 12 11 5 10 4 0 3 10 3 7 4 8 0 10 5 3 12 9 0 1 11 11 7 9 4 3 0 11 4 5 1 3 
2 8 2 7 1 5 1 0 5 2 4 8 1 2 0 1 1 7 4 5 12 6 1 9 7 8 3 7 6 8 11 7 12 0 11 11 5 4 2 5 5 8 7 0 0 4 
2 6 4 8 12 4 8 4 5 8 8 2 9 10 7 3 7 9 6 12 8 10 7 10 8 3 8 1 4 1 1 12 7 0 5 3 6 3 3 9 8 8 3 3 10 10 
8 12 4 0 11 4 10 9 9 7 9 7 12 8 11 5 5 3 1 5 3 5 12 3 5 3 0 1 7 4 10 7 3 6 1 9 11 10 7 7 8 2 3 8 2 5 
9 11 4 1 7 4 9 7 7 4 9 2 4 3 4 9 8 6 10 0 10 10 2 9 8 12 4 12 1 12 11 6 3 8 6 2 10 2 10 7 0 8 2 1 2 7 
12 0 10 11 8 8 2 9 7 8 0 6 5 3 0 10 3 8 12 4 9 6 8 0 10 6 9 8 10 8 12 5 5 3 2 8 1 5 5 10 9 2 3 1 5 8 
11 4 10 7 11 11 10 6 7 5 7 9 4 4 2 4 1 11 12 11 10 2 7 6 6 1 10 6 11 7 2 0 12 2 9 0 0 11 9 0 11 8 7 10 5 5 
7 6 10 1 2 6 3 4 8 8 10 8 6 10 0 3 8 8 10 10 2 1 1 2 8 5 11 12 9 10 11 8 1 9 1 1 10 2 10 3 12 6 2 5 4 6 
12 0 7 9 4 11 10 4 1 3 8 5 6 5 10 5 3 3 6 5 6 6 3 2 4 7 3 1 5 9 7 8 10 6 0 4 7 9 8 11 6 5 1 9 6 6 
0 10 11 4 11 10 0 10 2 9 1 11 0 1 9 5 9 4 8 10 12 9 12 0 4 1 1 8 9 12 12 10 4 5 0 0 4 7 1 8 12 8 12 0 12 6 
9 12 1 8 1 0 1 7 10 7 9 10 11 4 8 5 4 4 2 10 0 3 12 0 7 10 3 11 6 12 11 2 1 7 12 0 4 9 8 6 11 4 11 6 10 3 
6 8 2 8 3 12 0 12 1 10 5 3 4 12 5 5 11 3 0 6 3 4 4 3 10 1 2 4 1 0 0 5 9 12 9 0 5 7 5 7 9 0 5 2 12 0 
0 8 4 8 8 11 9 4 5 7 4 0 10 5 2 12 4 2 0 0 7 3 10 4 12 4 11 11 6 1 6 12 5 10 4 7 0 4 4 2 11 0 1 12 7 6 
2 8 8 6 12 7 0 10 6 8 8 7 4 10 4 0 8 12 2 0 11 8 8 12 2 2 7 4 1 10 3 0 12 6 0 9 2 8 8 6 11 0 1 7 3 5 
8 11 4 1 1 12 10 12 10 1 3 12 12 11 12 7 2 1 3 6 4 9 4 4 0 5 5 8 10 12 9 9 11 6 0 1 4 3 6 4 6 12 11 6 11 6 
10 4 9 3 7 4 3 12 1 7 4 11 11 2 2 2 7 8 3 5 0 10 9 0 11 0 7 4 8 11 0 6 8 1 0 8 8 9 7 8 9 11 9 6 7 8 
10 3 4 1 5 5 3 12 6 12 4 0 9 5 0 0 12 10 11 7 1 1 8 9 0 2 9 6 11 8 11 4 11 0 8 9 3 6 3 0 9 9 7 11 12 0 
3 11 2 3 11 12 0 8 4 8 7 2 1 4 10 7 8 9 1 8 5 2 6 5 9 3 4 4 7 3 11 1 0 9 5 5 2 11 11 11 12 2 6 11 5 9 
4 1 7 6 12 9 12 7 12 7 6 5 4 11 7 7 2 4 4 11 4 1 4 2 4 7 4 5 3 12 9 2 2 3 4 3 7 4 0 10 4 6 10 4 3 11 
0 6 9 11 9 12 11 9 0 2 6 7 7 7 4 3 1 3 7 5 0 1 12 3 5 12 4 1 5 6 11 0 12 2 3 0 11 12 2 4 8 7 10 11 7 7 
2 6 0 3 6 3 9 7 12 12 7 5 8 7 10 4 11 5 0 0 4 5 11 12 11 4 2 6 5 4 12 3 3 11 5 4 2 3 5 11 4 3 8 0 11 6 
6 6 10 9 8 12 2 10 2 10 4 0 9 6 10 7 10 2 3 8 2 6 9 4 11 10 3 10 4 11 0 0 12 11 7 9 6 0 2 3 4 8 3 6 9 5 
9 12 10 0 11 2 5 0 4 2 2 3 5 4 5 10 2 3 2 4 3 5 11 10 0 8 12 7 9 5 2 5 11 8 3 12 2 10 9 10 10 1 8 4 4 2 
5 1 4 11 3 10 1 2 12 8 5 6 10 0 6 6 6 11 0 11 7 9 11 9 9 10 4 2 8 11 9 2 7 12 4 6 12 8 8 12 5 0 6 10 2 3 
4 4 11 10 5 11 12 9 6 1 10 6 4 7 1 4 0 5 9 11 12 6 10 1 1 3 8 11 10 3 1 7 11 2 9 3 4 9 8 2 2 9 8 11 3 11 
6 6 1 0 11 1 0 4 12 0 7 1 0 10 3 8 1 9 1 11 9 12 11 7 0 3 2 4 7 4 9 11 5 6 7 6 11 12 12 6 1 1 1 9 12 2 
4 1 9 9 9 11 9 8 10 6 3 1 12 11 5 3 1 11 1 11 0 1 1 6 5 2 9 2 3 5 8 12 6 1 11 5 9 11 10 11 7 1 5 6 5 7 
4 9 12 0 0 2 0 10 6 7 6 12 10 12 12 9 11 6 1 0 12 11 8 11 11 3 2 3 6 11 2 9 7 4 0 0 12 9 2 10 9 11 9 7 2 8 
1 12 8 4 1 5 5 4 10 10 2 4 12 11 6 3 3 2 10 4 10 10 9 4 3 6 12 1 7 4 6 0 4 1 1 3 0 9 1 8 12 1 12 1 4 3 
0 4 10 0 10 8 11 9 11 11 4 12 3 5 9 12 3 3 9 2 7 9 0 8 10 9 0 0 6 1 3 8 0 8 7 5 2 9 4 9 11 5 12 6 11 0 
3 4 11 9 10 5 1 10 2 8 1 9 0 5 3 7 12 1 5 8 7 11 2 9 5 8 3 0 12 10 1 12 12 12 7 2 7 2 12 5 7 4 2 8 4 8 
0 8 0 6 12 2 8 9 1 12 2 12 1 2 0 4 6 9 12 3 6 8 9 12 5 3 1 11 9 11 5 10 8 7 7 6 3 0 9 12 7 7 0 12 5 0 
0 9 3 5 11 8 4 7 0 8 9 12 7 6 2 2 7 10 12 12 0 1 11 7 2 2 4 3 11 10 2 7 8 5 1 0 9 6 12 5 4 1 1 8 0 5 
2 7 3 12 9 11 9 5 7 5 3 9 8 5 1 10 10 9 11 8 8 3 9 8 12 5 6 12 6 2 6 3 2 0 4 7 0 11 0 11 6 10 10 7 10 5 
10 9 8 9 5 2 7 7 1 0 1 0 0 12 1 11 5 1 11 4 11 10 5 7 1 4 9 4 2 11 12 10 6 7 6 9 2 1 11 10 3 5 4 1 12 5 
6 8 7 2 5 3 6 0 11 2 10 5 0 6 11 8 9 5 11 1 10 12 2 0 9 8 7 6 4 11 7 7 5 8 12 3 11 0 1 3 9 11 1 12 6 6 
4 9 6 11 8 1 4 11 2 12 10 3 3 9 0 3 9 12 11 8 5 3 4 2 3 1 9 11 6 4 7 3 6 3 10 7 8 5 2 4 8 11 7 7 2 8 
10 0 0 8 0 12 3 0 5 8 0 6 6 0 4 8 9 12 11 5 4 4 3 6 0 2 1 2 7 5 1 6 5 1 7 3 6 3 12 3 7 4 9 2 0 10 
8 9 9 6 11 5 7 5 6 0 10 0 0 7 3 10 11 4 6 3 5 11 7 5 1 3 9 10 0 5 9 9 6 4 7 2 12 10 10 4 0 1 8 7 3 2 
11 8 12 6 0 7 0 10 10 7 5 9 12 12 4 9 10 6 7 0 7 10 9 1 4 10 11 7 8 12 6 0 1 7 4 10 5 6 1 2 10 5 1 0 4 5 
0 1 11 10 6 12 4 1 1 8 4 8 10 3 9 5 11 4 3 10 0 4 12 4 5 3 3 5 12 10 9 9 9 12 9 1 3 2 10 6 3 4 2 11 0 7 
10 10 0 11 6 0 10 11 5 2 2 10 11 2 12 6 6 5 8 3 6 8 6 11 0 4 9 3 3 2 1 0 12 2 11 1 10 6 9 9 9 3 3 1 8 2 
10 7 12 12 8 1 9 9 8 10 12 4 8 4 7 0 11 3 8 4 10 4 7 11 5 7 0 10 4 0 11 8 8 1 4 3 0 3 0 4 6 11 9 2 5 2 
3 0 3 3 3 12 4 6 0 4 10 1 6 2 4 7 11 7 5 2 6 8 5 5 12 1 12 11 1 3 8 11 5 8 4 5 0 0 8 6 2 7 4 9 10 8 
1 4 8 9 2 12 7 11 12 10 4 5 12 0 9 1 2 6 9 6 7 11 11 5 11 7 2 2 11 10 1 5 6 10 12 1 6 2 1 9 3 12 2 9 3 7 
1 9 8 0 2 10 3 11 5 7 9 1 3 11 0 9 2 9 5 5 0 8 8 12 1 3 1 0 9 12 5 8 3 3 12 9 1 10 12 6 6 2 9 12 11 4 
7 1 10 2 2 5 9 7 3 12 11 12 5 6 9 12 2 1 10 12 6 6 7 0 6 3 2 12 5 7 3 3 1 2 12 1 5 2 8 0 12 6 9 11 6 11 
2 9 9 7 9 12 10 8 10 9 5 11 2 0 12 8 9 11 4 6 12 11 7 5 6 8 9 8 2 0 7 6 9 6 9 10 7 9 0 3 9 9 7 2 11 6 
1 3 0 8 3 9 5 5 0 11 8 6 3 4 4 10 5 12 7 5 4 4 2 6 2 0 11 4 10 11 1 8 1 8 11 5 11 8 6 4 1 5 0 7 4 0 
0 10 6 0 5 2 3 9 12 3 12 0 12 6 8 10 9 11 12 8 10 10 0 0 2 7 10 4 4 12 7 4 0 11 0 6 0 10 6 5 11 3 2 9 9 9 
0 8 10 10 1 0 9 3 5 6 11 4 12 11 10 0 11 6 9 9 3 6 5 7 7 1 9 4 10 8 6 4 1 0 7 2 11 9 11 12 5 1 6 1 0 4 
2 7 2 1 9 5 3 1 1 5 4 12 9 1 8 9 4 6 5 6 8 1 12 8 5 4 11 5 10 4 1 5 6 3 7 1 10 2 11 11 7 6 6 1 12 11 
0 11 3 4 0 12 10 0 12 4 3 10 8 9 0 12 8 10 5 5 6 6 2 2 1 11 6 8 5 4 9 1 11 4 8 7 9 0 8 11 9 8 7 5 3 10 
8 9 1 0 1 9 9 2 11 1 5 2 12 6 9 6 4 12 5 6 9 0 1 8 7 0 7 5 1 2 10 4 11 1 10 3 8 10 0 11 10 4 2 10 0 12 
2 12 9 5 0 1 2 7 1 5 1 8 7 3 3 11 3 12 9 11 0 12 7 8 12 9 9 4 10 5 9 0 8 5 7 2 11 5 0 7 8 7 6 9 7 9 
9 8 12 11 7 0 3 4 4 4 5 5 12 9 12 6 9 7 7 5 9 7 9 12 8 12 10 0 7 11 3 4 3 5 11 7 12 0 7 9 10 8 6 1 2 10 
3 6 7 8 10 9 0 5 7 12 1 10 12 4 6 2 4 8 4 9 7 8 6 12 8 2 7 3 0 3 9 12 8 8 10 4 1 0 7 8 8 6 8 12 10 4 
12 4 0 0 5 3 7 12 0 7 11 6 1 0 3 4 11 8 1 0 6 5 12 8 2 3 9 7 9 3 10 8 7 9 2 0 11 2 9 12 0 6 12 1 9 2 
4 6 4 8 0 5 12 2 5 10 3 1 11 7 4 11 7 5 0 12 2 10 6 0 11 12 2 3 6 1 0 10 9 11 3 8 11 9 1 1 2 5 1 7 5 10 
9 2 10 9 8 2 4 2 4 12 3 1 2 8 10 10 4 12 9 9 8 2 8 1 2 9 12 6 2 3 2 5 12 11 4 12 7 3 4 1 12 6 8 12 2 2 
9 2 6 12 6 3 3 10 5 12 10 6 7 11 1 2 0 9 1 5 2 6 4 12 6 7 6 7 8 5 8 9 12 1 10 4 5 7 6 8 5 2 2 10 1 7 
6 1 5 1 2 1 4 3 10 12 7 4 2 7 11 3 5 6 12 6 7 9 6 6 10 3 8 7 11 9 8 1 2 11 1 10 12 4 7 10 3 10 7 9 11 12 
1 10 3 11 6 1 4 10 6 8 7 11 1 11 5 8 11 2 8 2 6 3 8 8 2 5 7 12 5 9 0 3 2 1 9 9 6 0 11 10 2 0 1 12 6 0 
10 1 10 2 8 1 0 5 7 12 11 10 4 10 1 0 2 5 5 12 12 12 2 10 11 7 7 1 0 6 9 9 9 3 4 11 2 5 0 10 5 6 0 8 3 10 
4 5 5 1 7 2 9 10 12 10 10 9 0 11 0 7 0 4 11 0 11 4 2 0 11 5 11 8 6 12 8 6 5 9 0 11 2 8 0 9 3 3 7 8 3 7 
11 2 1 2 7 10 2 10 9 5 1 8 12 11 12 5 5 0 2 8 8 12 8 10 6 10 1 11 11 2 9 11 3 5 5 0 0 6 0 8 11 0 12 8 7 11 
11 11 6 7 7 12 0 11 5 3 1 0 2 1 5 5 9 11 10 2 1 10 8 0 6 6 1 11 1 5 11 5 0 3 4 5 3 9 9 9 5 7 8 10 11 6 
11 9 6 8 5 12 11 8 8 11 1 11 5 7 8 0 3 7 1 11 9 6 7 7 11 3 4 5 0 8 4 12 2 5 11 11 12 1 0 8 7 8 2 3 9 5 
2 0 9 12 0 8 6 2 9 9 10 5 4 8 3 7 0 0 10 0 3 11 5 9 6 12 2 12 6 3 8 2 7 8 5 6 12 12 9 12 12 9 2 1 8 9 
8 8 8 11 3 8 0 0 1 10 5 7 9 7 1 0 11 3 4 12 5 0 0 7 4 9 0 7 4 7 9 12 6 11 8 1 11 2 0 5 11 5 4 5 6 4 
