14975396
20167
3446
17881
2499
22441
6455
14847415
10486176
3130215
17788
7603125
14927645
1296
178
147294
3234
13232015
633
7142
4893
990
4101306
7431
21386
2098
96
7179
1019
14683025
10365970
13284378
14946527
99
3385
3642
9162
9021
16096
8689764
7007
4131
6917
2637030
12378
15496
13304
16002
12807546
6389
3312336
4229566
12775
12314061
9288
2383784
7853
442
11205
1987105
10697
9476
2413
8082
6847336
14324424
4784
9090980
917
6671
3171
17371
6037
22452
5634
18525
14477
12756
14585790
13607826
11052
7088
15066
6822524
8496698
20546
1647
4422460
4150
4817
3763019
1997622
1521
7792071
14867065
8025514
2166
12046146
7694
13300
6694
1485
1204973
15038
7506
4785
26766
17714
9875819
10190314
13729781
19812
17753
6841
785
484
1210
853
3151
6247
18142
11468
1768
3074
7646
11506290
4218
2319
3050056
9559
9728
13979773
10118
8330
4323
8661879
3504
2093186
232505
5867
3174
3613
1169
2460833
13898
4339
4861
21101
6373584
8533
11354
12183913
10871
9079837
2072
12086
7938839
3717
9718
4159
5113
6918
14962416
9544709
12182
8207
13280
6414
10646
6478
5683276
11133
14553141
13301498
5686677
8764
4337
8473000
2975
12630998
14916
708
9616
148
2772
3357
3723258
4874
4979670
12622739
8883
10568
8399451
5244735
16511
3461
4214
16238
20811
660
14498
2007243
3208
10156578
21587
3133152
11544276
662197
18950
1121
3572
10089
9695
14956230
14065
5165
10828
8562
14901
14961087
6050
4088534
5266
14961713
11349208
12729018
4883
3645
5096
4040839
1634
14468560
2034
11057236
13135034
3654613
11856
20652
10716
1916527
9205
8909473
15104
11539376
26300
3098
8061
14974842
7990294
22331
14167793
1915
2330140
1761
19137
368
14867
8426
2779270
4834
13188
1381
4643
14249826
19620
12319756
12277780
1920948
6227
3050
7969
14392
12866
2408
19522
23279
4339
2661
13645981
4832
6067
5493
127
19506
5980
12457
295
4564648
2374
7560
4910
8566747
10319
7089
10592078
318125
14554879
12782
4045212
12510138
17244
2567
3635
9789809
13668558
16579
6453
423
542
13645217
12978277
15530
3587
14928780
2229
5001
1681
3267
12255
13442316
15624
728
14595446
14784822
14456045
2584
10663
6449
9596
11627080
10846
40
8090
10787
14910563
3588
13084
7657546
3168
23296
12008
6067
23075
5112
1362
14525
11533
15780
20224
7634
11421062
6648290
8712
9473
17561
14864100
1443
12172752
13162
9250
13379
13295
888
22587
14702079
11194309
14923418
9852
65
10563678
11839
7168
1133
13409215
5467
12346
10873609
2264
449
18723
3341
2066
1194
12799
8754071
15370
8451
14978914
12804268
10641233
4055
1795185
13709013
14805281
13434567
9067
14734190
4895
4191
14705438
4693152
14192
8148
15777
4525
9337911
7492
2753608
9409
4387
10647
13054
9070
5379
9839
15055
3125
5821
1745
25700
9187
10719
530
14406
24821
1605
6903
14060896
14339749
390
12951319
6231181
13617014
15973
541
7965
6747
109651
332
12048
14957995
6097488
3082
8121
4461
106
16098
8215002
2735
8634071
3542
14150281
12525333
376571
7640753
7460505
3612
6033
12165
14113
7373
1110
6785
12628
25228
2548
7129381
13836163
3933
14970796
12294
1099
16741
10359838
925
13077750
4626
291
21436
19411
13567183
8789
14670744
5846
1268
16106
2850
13495609
14982555
17579
11084386
14406738
11535
11859
11344
5954
11612896
5541385
4010874
2134
13817788
18816
21017
2011
20211
422
7718
14066305
5642
8658
8895
11972
6818
984
893
3423602
3717
7601
14469664
5495
2696
6643819
9004
845
14428163
14941829
6222
1826848
8482
4983
14411918
17791
8186
17053
14840
7291
19172
137
14320056
7269936
18812
24206
6590826
14693
13522
2097
14826101
4523039
806
3940
11522
11978
2587
5080098
190705
13581
14414
13614226
14665188
9394
6749
18233
1620
19026
9441
14856695
4914
665
14558153
9406
16364
4921
14935387
14018
12016
3402
14160083
4758
2551
11643
11840624
3334
11535333
18695
4961
12197
9222
20459
13951
20825
8392
10356
14546207
13095268
2855
7728224
15235
2101440
1899
820
16792
10123
2429
13205
1328
6843
18089
21996
7359
6240669
9732
549429
13354
9835929
19850
576
11789
4591
19645
14690211
2567355
11768
7517
3796
5238252
13155694
14676
1449029
8870637
20862
10535
6326
6746
419
6668550
7940
12165580
1636
5260
7243
21892
8327
10566
5617909
3709
4110
6992
9078
24414
9102
13556
6916
7677
5864
2324
6002
5131
13652
12755772
4500
13912610
14742078
7199
2081
6839
1859
3542
1573550
14737468
14019223
7768
12464806
15585
12271617
19269
17125
1562
13596662
12415247
2648
4498
11208448
4967721
12594
8844714
9999
13200547
13494
10017
11447077
6694
530
55
25711
14005530
528
12719
20565
11408
13460270
8212
10056
24655
17984
9451
2645
5786
2328
791037
4407
4827
14956083
10837
10329
4160
2692
9865
2887625
4799
19614
9395106
14576623
2946
1300
3242
13757563
13297366
11099558
12736
15400
340
5402
21695
14975314
13667856
17451
13209
2420
6072
5936964
3853
16629
17760
12027
17238
2123
1112
9743
1835
14481
6217
11228031
2695981
10874054
5156
11592552
4029025
17835
18198
8782103
8337
14947711
8778995
19654
12527
2621
5501
11480
14828
9723
10498315
11397922
6855
3782
10189579
5072
22416
2193932
5219
2175
5336
12676899
5061
15288
9918
7444
22548
725
93
5413
14938570
21740
11208
14790
14084
10289234
11810682
8501
2739
4361341
2975870
16487
18602
9418836
4933
426
7472
3071750
14170
12574589
227
218
11905
14563
3484
234
19181
3914862
3179993
17477
18846
11571
16628
7910
7070
8986
1567
11178
9184
13396474
4862
2822
3714
13637734
5080
3721798
5753
8352
10763
5509
4858
8317
21802
13781627
8494538
11334908
1179
11768265
12738514
5376835
18644
7867
2341
7013003
7735
1636
9373
12542582
9006
9209736
7327
742
12126
17010
6921261
8190289
8739
13832
3729
3415
4714
8291
2459
21331
6359587
14079901
5058
8680
5472956
1644
23120
3958239
14921018
13708
14888211
21255
2479662
14828675
8651
5935
9931606
3492
227
12277
7982
13783
11352
4012
16697
7124864
3100099
1098843
4488
1213
7699
9695842
15138
11729
18599
3117
14395
12792220
12492
19116
16705
12731
6698072
4404
12231
2536
14188
924
13294299
20406
429
714695
22436
807
4300
10218
12264
14731578
2290
6409467
4688
8920
14465438
3877
7308
14707881
14975461
15265
1351
14004
4361
9411063
9959948
922136
2221
4315
9981
8299776
7997
8946
6171
4395
20475
23835
1789
3618923
6043
13709615
9617625
14784
16312
7879
11327
752
3407
2593951
2455013
6874
3710
12807954
6845
1204
5998
8105
12761
1352099
13929724
8689007
622
6007
1192
8237
14079
5887
7375
12496
593
6939
8612640
6025
14854094
1720
2662
14961
9211959
4604
13678375
7688525
14087541
14969743
8186
4298600
2148
10258
12274197
7630
10285
2554603
10190
14740
5376
13439
10580
13161695
2264
4549
7539457
2828
3451
1110
14264
23692
11906
6005
10170
8
5292
11543
3355
2240
5842
9078946
8210310
8969
6891
18072
9566
9353153
6685
8534976
3599
9745298
10313764
6383
1103
5698
13528223
18471
2557
1895
14168
8117
12248
15422
14446887
2110
6895
11317405
4640
2342
8747
7014
8875
4228
9717
8496
930
12832
11434018
9630
10323
10778
18779
5559
2648
8485
886
15925
13978
8998
13734720
16510
950
18432
18845
3026
23452
3789
9239086
4870
19520
19251
13407966
5270
5877
3882009
14584804
388
3696107
13550
622
8698
4212
12202631
14868570
13694
5567
5199813
11874
4382
1506
3011
6822245
13276909
8877
5399652
10747
5325
7432
23242
17034
7059279
523
8022313
12451947
1070
2299
9222
11262
765
8530
3396
1674
15011
16567
13762880
7173
14672
3842
13104
2261
1355337
7734
5382
14779
2776995
9361
351
9750
13156
7317151
13200580
2432
14967418
3458
9539
12981876
5604
8564
543
13458
13134
11192
434
5836
14185
10794
3145
2357
15790
14743
11373
1311
12729
7828
22064
3043912
1003
2142
115
2762
13855202
1968
9638
14973105
9636451
5798707
12476
12683996
2889306
14948957
11289
12838
7905227
14164
20134
1075
9436
2793
12869
80
8547
11009
1676
3191
2620426
10369447
20156
8482
3261
13035
8179755
10975
25130
14484431
7448015
19783
14765178
150
838
13937469
13478588
5152649
14583
578
13163
646
9540
8126
22422
16882
3725
258041
13682742
9280
13177296
7732
9921
14968416
7680460
14975399
11851585
3655
5731
10720
1346
3459
11897
2306
12565
3666495
2627
6586
8631343
7152432
16458
14244
4406
3661
2265519
14958
11797664
11847
2118
9340
4668
11222843
1617
14405120
21146
14864
13312067
3872206
2483283
2744
13493255
8509
8158
6117
14632066
11481888
9217027
5374
14752136
18300
11895027
8713535
10406
17153
13997183
9305
568
9540
2418
20764
13573998
19258
19740
12861
6648
14748179
5631
7292
10655912
14628197
6976
14961405
6817
16374
13648411
9858
10764750
5080
12803
14726551
2015212
620
1311396
5901
5860
7848
5309
2069392
2970
20163
6377
8913
6354
9641
3108
14725083
1058
14783324
2545
2545
9933
14804
1222
5416
5182
13576
2737
11999646
3500
12351828
11708798
4258161
5337
6549
3055
11708395
12990112
3157
2682
16159
11454
12126
13229
5883
16244
1583
9460
5538674
698750
4434467
14482
14772670
3400
4293
5369
20618
9578
12151
10470
13372035
13400
6206
1380
7275
6171
21386
6254
14827264
38006
15623
11983166
10440
9052
3936
12990
8058
7148
10570
5460573
9484
18434
6707
14845199
11870
19163
5074
1240
9394
2387
14191224
4277930
14985205
9690
12065
10015934
15928
1289
14530
4679
7995
10955
7748
10121
13545
4688
14838
4327
6063
492
14089258
12622
10191
4174
6890
789
13550
19098
6935
7115175
3114
3711
3999
1559
3581
13948171
1844210
1149330
13010396
1294
1300
7644676
10531
4132
11130
8892
9939
12294577
235290
15932
24426
13937
6479
19754
13211213
489731
1301071
13115
13226014
8175779
8945968
26527
12891339
4442928
5347
986337
13410
211
10646
12414
5589
4906037
10114
18223
8202
12333
13511
1238
15097
5396
3764
958
9419
13867
14280
8933750
44
11683
6734
4334
12409119
6933
12544081
13181
25629
13171372
1350
16315
5256
11368
11049
12300797
13919
11609479
3851
6486
7047
1588135
11810030
11337135
1676
1056
14797701
3587
26762
22978
12905
20388
21274
8671
1688
13614
6009
11903
12972
2793
3382
2964
14430889
4114
6000208
14337881
13253398
12451
12244936
4959
21843
10006944
5496
15465
8719956
10693470
2183
4458
14628
9558792
5744
20558
14117
1819
5257
4707
10055
14587
13803023
2485
17791
6745
8094
15309
129394
19882
10807
4289
14987305
11955
961
8064
5781
5616870
11778
5767767
6300
14395275
16367
14754873
19899
9200485
178
2642125
876
4796
803
4821879
3419
19117
9850558
2429
18741
2747
8539
8122
2668
14633061
7616
13027
2749
14915652
1777
19039
14920
1672
14612
22391
1426
7007967
21569
10932
23156
10082
14831725
12977
16021
1501547
24040
6236
1334366
17212
8572272
241
10860
16098
2304
4092
19379
12104423
21743
1325860
453
5600
7799
3274
14744831
14108912
5712
6162
10058
11009
19198
18612
7176
490
14497064
1865500
144207
19425
7210
4196275
4689
1106
16709
4602
3881
4220348
8085
3162913
2943878
4930
1893756
12687
7203989
18373
2898
9231
10920816
15791
731
19512
14638370
7355154
7334
10482
942754
14167466
4999705
1826
20130
9897951
13971751
21433
2548
4818856
17839
13425489
10346
543
6675
11595
591
526
3866
6809
2313604
13804147
4152537
14239668
4235
5335
8557096
5022
12098280
14891241
8122
21612
1603
14580348
14463262
4215210
15317
14151363
12985492
3592
20582
13772597
10860
5150
10033
4674
6790
18642
10844
25690
9166
5948
6334761
2559725
5885
14565507
8518
19190
5429
24433
12771929
2816
4815767
11230
3102
3505
2728501
2810
10559
8581
4440
14810241
4185
7771
12433
1732
17286
11279
208
11163
7594
18165
12725
3307
23568
13456021
9251
14880047
2845
18613
13849069
15459
7396
14413535
13857
12568
8479
17150
4969
14151738
11884
3637
3836305
6799759
9447
1279
5186
13248
6477
2552
5364
1510629
22373
13120
4714
4235
18358
4074
10254
14943887
7274
19303
14544218
10477950
14920147
2249
18294
3000
5700
779
2311858
15265
11827
13505522
9741
11499361
754
203
1287
9565
4448
1203
9016
13586411
7221
11121732
8021
12374872
11247362
2727
3729
2833
22319
6757177
14875731
4077
5070
7576
1588
6949651
2825031
1732
3759
13185786
14494576
413134
9730
5028
2005
15368
706
1262
2203664
4360
8461037
9612
13968
8718
1677
7976
1972
1715
12185
5933
11041
1120
8760032
14075919
10700
299822
13090394
11934
6916
4306
11208
15663
14280
14947090
3557
14732249
13364
7609
4497
18842
13979034
14938128
1718
11410775
340
14169
16842
16822
1526
11037
20843
19863
19374
6414457
20013
7941
9098963
11812
2037
3423155
8047
25423
10137
9961240
26533
14169
11620
12444
3796
11461707
10519
14496470
11200
1724
5431
2939
5339
12304
26286
4534
3230
13955888
5608
2686500
14215151
5034
1966
6557
78705
20932
18677
13170
77
2593
8989
5464721
535954
1743
19160
2191252
21055
3982
5040
394548
14968187
7658
1269
9003
11003
20157
8467
22570
12695
1785109
9727962
12274
8042
14619566
16569
8616
24097
14039
13152
1311761
5785195
2727
16213
3484
146483
2441
14320508
23837
22772
12158
12664355
7150
23576
7970
10702
13942
14461919
3478470
1531
23325
9823200
12085
741
58
9036
19326
7900813
11757167
22033
13101475
14795
7566
4051
3038
7492
13533
1505342
10285
4427116
14643
7748
5537292
832
20444
2444
2345
8313
3927
8014
6894
12665285
646
7095
1923
14778924
12421462
3566
19245
11634
12331
5019491
5253
120
4786
7595
19256
8731
2315
516
14263240
6607
1223
14890911
23531
17095
11841
1668
24006
8689
14963916
14755718
18863
13166597
7618720
15053
10233673
4469
10543
6117788
23326
3087549
3902
1157544
227
7903
9834
10820591
10038355
8768
4020
6970
3290
830793
2263
12230737
5965
14748304
6079
1478050
9653
7792
6885
6105
11287
6027270
2496
9747
7720
4449
13535
1245706
9562
3159
7792
4162
13758348
14858926
5824
20503
12518624
2893
10734
2865
14853619
15260
3685
963
13899159
3182608
9484502
14960939
10231
22019
15248
18063
6837
7656
6033
5919
3095
12065
18059
13882
1400
5146
14661
6759
5928
4541
14975306
9854622
9150
17907
14547150
8991
4294
12017
8916362
14660021
23405
14840113
4895
15223
11149
12585640
12805827
14837041
12723
1053
2684
274
6167524
5111
10036
4575
15958
21863
11682982
263739
9735
8280
16094
6551
3725
13577807
18364
8016
16881
432
2047561
14028
8624849
4271
10762
5739
14401344
1433
3036585
3143
9408048
3820
1382
10242347
20526
24097
8155
13042092
7744
4290
1712
3907
16201
5168658
3378
2893
10719
4942
11809874
7819
5970
7198990
509
3129
19115
24849
6255
12621332
21169
5831
25311
5532
13870197
12091904
555
2338
3213446
12641
1668
10121
15928
165
4013
7924
11838
7740
19334
11603
3078
19822
14956357
12016667
7883273
12402
14860740
18497
19449
17959
15488
12864
1087
5922
10311588
9364
8740
23273
12492253
5891
1904
9845
740
8560
2343527
9434016
5911
15148
13717
7020752
2566460
7551
2357
15831
18305
8440
10834608
3846474
3840857
23013
7895841
6319
16335
9792677
21280
1310
979
5364855
15271
9706
9549
6605438
9184
22883
3143
6017
8783
1550
13317114
2455
7616
8330618
209088
21299
9907
17292
17074
17329
12150052
7316427
14601
20447
12396
13018055
3099042
5371
1621
312704
16114
6005
11428
8663511
25176
14978911
15681
4125
9814
22102
26517
18415
16370
430
21060
21906
14967914
14545422
15740
17014
13179
4965
22681
10581
21234
17926
2705
1317098
11672
1377
6951
12323296
9105
7517
14762763
6699
15332
7174
8531285
14785067
8725
14218978
8078811
8799
5130
3573
11407
7424
9056033
4898
9875
2774
10651891
13620
774
10232
22426
6546
2819
3950
14833
6603
19020
14729195
8788
4887
7116
12391
10490
6353
10694
8985
7297
8621
3931706
5565
18752
13247
7887
10476721
3204
16483
15095
14423398
6120
2317261
459
1341
6730283
14705522
2594
15470
5910
9083
16414
14229010
8485750
10469
14899843
4139211
3566
5849
8447386
20119
19
8497
14103
159
14708050
13259939
13755646
21025
13501734
9154609
21416
6988
22571
5378
12789194
11024623
21450
7384
3022
4202590
11563
18607
13983448
3910
12204202
11508
15508
22041
12265187
9499
1152
6297
865
2594133
14967626
18030
5390985
8939
2035
12753
13264470
24461
13916
10825945
11279785
1093578
8676118
6368
15286
11092611
7318361
6288
10294296
4480495
14322561
4800
4563
16530
10610
12079998
7318
21144
9283
14973648
12191068
10470
7975845
7346
13938
4896239
2063
10988
1181
20156
2577
4883
16837
21438
3272
13706894
4385
9190607
1333
1458
2609
10663
932
29390
1022
13552334
10627383
23916
11936522
11857
13599263
6901
17998
11497
15669
7062
7481
3496
1015076
1184098
12046509
5135
9600279
14056420
17123
8593206
19787
1115
1298792
1848
6688
3876
22473
18283
2483005
14818499
2319
8619
22241
6584473
1119
14952375
17660
13347
3130
22576
17235
361
8450
9486
5000541
6814
4992
411345
13907954
2117
18645
5790
13510
4485709
10514606
4065
8192
1772
10239
15183
931
13397
2974
3266
12214
14410694
10147
21392
13581
7270044
25275
18732
3894
13254
2077
12842220
7715199
9409
1944
6877
13737561
4077
3561
11348121
105
6938
951
11632
9582
17066
7217
1674653
14616533
3719
15613
17457
14828078
19317
18237
10075150
914679
11905
1595
18676
19913
10028427
12378118
3305
193
1821582
9361
8516744
14333230
13239
2673085
12811
7326
7956
11117160
20516
17256
9053
3009
8658
6196
7587
9770
13305193
14884173
3726
7999
2286223
6882
21425
16312
1448161
6140106
1505
2185171
16549
24573
7497
10094304
14440716
11772590
8612
14528147
13144
7354998
4297
8580
5829
4847
9572694
16973
7256
5896
8023
15884
24545
3238
10280
9867534
15200
13347878
8588
22576
19839
3307
13284
6340
10986321
3062
24408
9313683
3547
2545232
14913654
20303
1677
7488
13689
1244
2491
21247
10338
14938667
463865
3568
12681754
5035
2338
1662372
14246
12676006
26490
3615997
1521
13328724
6159
8500560
6491
2412
5718
14879299
4515
20880
757
14975012
1953
12332756
12109
6833
4094
21681
15716
10915
4816
17605
744
1412
391
12295
11646
3482
275
1045
10959
10716555
14962838
18970
9093
13357683
5959
5623
3296938
10592
13476318
3413614
1694
13083
7983
7095741
7202
16591
10922844
9728
9445
9426
9275573
13595147
12019880
14022
10430
7201
17357
2657
8959
26274
5216
5723
9016076
13498473
223
14741
3752
10909
8547
13098
16465
1803056
21471
13797487
13904286
6254776
22997
14889966
5499
8753
15984
14971031
10403235
2305545
14393
11239483
8202
14607161
7099
7336
20255
6831
9733479
5418
14834430
9207
16099
11698018
8068
8641927
21746
8061
8
650
8835
10394
16046
1289829
1334
5652
4983
10525
8320434
3374
10149
2058298
5546
10833
14753512
6925643
11086
16263
8878403
6200631
5681
8144307
8362332
8608
2751
2366
4664
4876151
6015
11253054
12628
6218
6333
12602741
6125767
109
861134
473
10340
1254
4583
1880
9995
7289
2975
3712588
14980602
6362
17286
14875
13826
4892
14704863
5827105
2020085
11721
20919
6131877
6025
11009
3356
13903
14670270
15785
16944
24345
10811775
533
10888
6903
24337
17878
8182
8438
21349
11891107
19225
12431
3989
10968025
13667
14513569
9538
4044
6931
14532
19144
9429
712
7234
9593617
7163
5054015
4999
4952
1188
974342
11473063
2974
840233
3709402
14507
20884
4591
12234
16123
3509
5316
4632814
22834
12813
9991187
11805
4803
1613
17778
4444
12175
17302
8545604
3317
3498
15258
19754
12967
13780
1869
11026526
1955515
14682572
10241395
7604
4445618
9771353
11332948
12276353
11315460
14175845
1712621
598
5476
13359285
14144
10039
9289975
9162
14372
5681
1897
11474943
17993
3093
8390
14472
2439
1689
13568
13480
398097
2576
8846042
5527
9994
4387
7255
5425
11745417
13928982
4123
3847481
4401585
18308
11431
14985350
13708
15739
13549038
4452
6597
19374
4550
14171094
4562
3770
14954283
13482
8342735
20934
7597
6645
10129811
14069
14898322
15484
7121
14901759
7487
4119
14820529
16933
343
12822
9632
12978
14829085
14796412
1687
6417536
20809
13250
2608
1033
18735
14189136
8700
13806165
6173
21222
10717
16578
2467
16660
7599
19406
8979
15341
16479
14181607
12009
9037247
1523
551
9591155
3529
5765
842
2632
9751336
5472
14907
15779
5551
13159472
5968056
13877975
7173898
5662
12891564
9036
15152
7425062
10967
1556
3834
13649
2386
13534333
13185960
6240
6755
11093033
983
3427
10979074
924
10474
14948
16061
2017
898
2665
12982
3304
14317197
4970
8533
12626
13470
2965
12709594
9578
1670
21356
631
563
3893
21341
1898
12965
5483453
19842
2178
4393794
8362
14788322
4930
14879655
10598000
18603
931
9726
11819350
9851
8724
6902914
12304
2084280
22598
17720
3880
17248
11115
7882
12824
8708
8284
3728
1894
2350
4257
6283408
9488
15802
7618
13382
499
11661
12781
2313
14743403
174
7309277
5537
11880739
954
14044681
11826849
9395019
10466650
6192338
309225
4797198
386
13796
225
217995
5340
953
5806
14894617
8250041
18542
4882
19087
13271487
9775888
17614
23802
14434
13401739
5727705
6664704
12637
3707
1992
1691
12392176
3950
11562
6809
5939
7234
12461
9079
524
1580
14031391
7323163
12845
1454
7233762
5393
100912
5886
23117
5751
19520
15528
3738
5780
9717646
15170
1587293
6444
5011
13556
11637
16304
4770
4658648
1657
107676
12781667
2634
10123
14964350
705
13178969
11821670
4773543
5876
2624710
16621
6690
2119
3250
11434323
6062
14224515
13365367
14371
24498
373
9317
9400752
6045
9408663
1271
18524
2542857
20784
17874
19350
25069
6312
11603
1916
4233
14839084
6070
1153
14976188
9265
193
13472022
20999
14882665
11165
5518
10887985
14967045
7781
20582
2245725
18464
14921625
2296
8858
1610
18878
10405
458440
9096328
5609
2054
14958658
10317806
6673
2842193
14559
8276
5387
6364910
7524
15073
9439
3225
959
4755454
20164
14882282
7680
6726
22133
6558
3752
10595
733
16902
11485
2540
14869603
11664639
19067
20469
844303
13822605
16885
21165
4849
14136
5886650
15134
11982
327
8016
17402
1120
14455
12842474
2724613
218
19665
10982
1232
2334
2332
640
4624
2114
14960050
9401916
7979
9468
13487934
2036
14946182
3362
13340809
14966128
16379
7584525
10772
4242
8390
4563643
1747
1807
14698367
19262
21594
3930
13003
14904
14524
9607
2002
10415
11196194
6168
12519
9797874
1235
474371
22646
3777125
2323449
12534
12948619
4674
140218
6409
20781
2476829
18466
14977845
12031259
1373
2185
19752
435
13046
4418
17961
23962
21593
17282
6085
11007757
5336
12479
17895
15129
14098
2907
16405
11062
3758
360
15408
7240
6943
14895797
2493
6886
11364
5110
11854
14474
13684554
15814
15283
7931028
7116
8239
6364
1236
17982
13258323
2497
10290
14689680
21417
14673068
9913464
4227
10732
212
13100
9854695
5194
9796034
10041
12226568
3668
5298
23256
17458
372
3656
3478
9207
22040
17770
720
4419
12507932
21683
7581609
1766
3685
10386
529
16323
304718
1948
12992922
21394
6177
3146836
4759
12591
13787963
26013
5949
3338591
9371495
20775
4445
2656
1814
10157
7930
10994685
2379089
12997265
1195926
13827711
2025
13405
15224
3408
3342
10195
979790
9555962
1453291
1712
18961
9443
11745129
762
4622
10800
9189
4561
14034324
9764
833
203
6227
4336
3059
4981
720
17054
3994092
1938844
13957
2310
8980
296
9468
12165
12508
14962943
9843
16104
11464
102
5278
4057
1532
2466
12147
21141
5278072
11351
8323856
10236565
6144
14667734
1247132
16615
24822
4745928
13292
9356
14956056
2666
7703546
445
7149
1240
7246847
14484
19152
4946
9670421
13925923
19614
8568
9803537
23471
2081
14977758
4839
16732
11739
978
20427
14979
13467
11105228
4176
13030784
14627365
7530977
4925971
3790493
21353
14673
10296509
5036
5095
4022
4037
5856
11241
20695
1025
10215190
3796
6682
14801046
422934
4695
14928683
1715
3463
12275
7192454
8670
5838
400
15227
24420
13547723
11245
20156
18468
13103
12028
14737466
495
5723140
5084
10751295
4873
11416
14329374
4185
2633
8165
10619
11288
12887
9678
14967564
14883
17325
13327901
1761003
2625030
10607
13782
11743
14942514
5409
11065
14011118
14510383
9946468
8179
5243
12066776
679
3281
5430
7927
14792681
2257
1929
18632
12682365
14309757
1154
3458
11757368
209
9965
1402
11523
6661
3696
3667
279318
4926802
6008
13740345
9357500
6042
23111
12240
9648
10512
13293
12214
6357
7979119
10763317
5467
14927
2868
9232
14860013
17912
12003111
4420
14170
21368
7852
14750282
5793
2119
2137
11536758
9006
2478
8166
8050
9335
11974
9247
7944
17604
3468
12584
15160
921
9591
10859
9828
2325
8112
6260
19389
9470774
19107
13196708
8514
8249042
8904
420
17982
4692
15230
10416506
5859
8118
11076733
679
17649
5302
5607
10183
1141
9369
11123
319
4712
3571
5739539
6089465
13594606
855
5097
13866515
7649409
931948
13522693
5259
1034
2738077
14357
3817
11451735
5268581
5964
10281
9884363
17175
3812
542328
13663167
5826
6852
1649
7978
6945
3328
7600
128373
13088105
9754
14941534
10152
8300
10731
17069
133
2975970
14694475
15118
2071
14673312
4462533
12782305
20948
11620
315909
1958
3734
13260
2805
2801
12024853
924
16952
3972
16359
5668890
9022
7523
2954
3024
9190
10409
2945209
10068
10201
10248260
20578
7141
13099337
12528
7785
22793
6070
5781515
13127536
323
4874
6781
14347
15707
5345
7803
3879778
13377
359151
7283
2492
11410050
3040863
1170
8536
13464964
13998181
3338
24324
24335
2606
6278152
11745
8758369
5619
7982
658161
11793
14896641
2716042
3117
7847
10259886
10828956
12712858
4758
4066
12360
16895
438
3713
10690
12117
5820
7833993
10240307
7654
4576
3676861
927
14957884
3741
487
20408
13244
13047
17922
3761326
4376529
7773017
19155
8244
4799
9756
7438
8245410
15517
4994
14805820
14168
915837
15116
14166
6680
8628
12574799
7666
17537
14733060
14727
7973
5541422
13477778
772
1179
20985
9265
3616360
6494
2241
14590
14751830
10942684
5235528
9283
11806
14481957
23414
17227
1045
14966673
10923
3129990
22274
5915725
2962
14913721
14039
6440
2775192
11078562
6110
18097
3951
14016728
3793
7857
11236
14681265
1894
4351
10731
612
4761
14963318
3095
5986
5710066
248
1027559
10411
5948198
12644
322
7844491
4317
1440
5433290
20289
2
11413
1415
12462736
4057
4317333
11606
4216327
12856
19804
5042135
13174170
18055
9716
13042482
4879
6125
827
12556
9446
9811637
6364
14184027
17031
14968371
1290496
12529631
21309
13438
19050
12821
12143
9021
8875
9853
31
10598
4423
13005
14728077
1810
4508
21392
23374
14971805
7472
4395
9219
6867
1273
8375514
8593
15504
12395345
1062864
13838726
14805475
17887
13366
6912707
8201
153
13106
16673
13190320
7316755
1664
23718
13269292
3347
14642
11642
14015
3815608
10381764
9877
17840
8931437
14630789
12750
7603327
4523
6957
4193
18345
1661
10892
14083696
16174
11699760
1024555
13885432
14768251
8461324
10453
12265
5104
6876
10890
16510
9544
6296
9654
10550
2111
13879162
1550
10701875
14264
14203
9704521
9556
13657
2081
18814
24557
13974
5055370
7572
14790163
14954954
7990
2103
6922358
1466
15878
18180
11245
4251
10653
3950
6013
12424928
13652829
26239
10464
15729
4161968
3058
18153
12690204
17758
14574788
3477
14637964
24724
179046
3383423
7751
8705
14885319
13569312
3661458
11939013
14310
20790
12835
2467
11193
17451
14148925
9807
674
11378
7208
13241
11909356
8325
11447
3692
9112
15526
15790
6870235
5302
3743025
11023420
26484
14766990
5076
22121
13230
1147
14920915
25577
5988
700387
5324
10187
13964
5119649
1956
3979
8090062
7789131
7491
2774
7249
5704
8412
10500505
19862
3911654
5091195
925
14158564
1206789
1979
1553
13445
18805
10706
3539516
5115879
13735
5278683
5112664
1394
9469623
914
19393
7806
2121
1368
4797577
12313365
6460
13321
829
4558
23085
19521
21382
43156
7124
49
4905
2374
7241552
1889787
1744358
19378
22720
3546
21513
14949651
555
8445
4929
25000
13496882
18760
13682959
10683
13985392
19528
14960764
15348
9950
18837
8359
3520
2178
13583898
12263
8101
1252
7636
1570408
5125
15764
5660
14133
10003
15240
10568
10240818
5517
2033
1362
11289
12381339
12879
5290
6698868
3117
951973
5264
12242
1187
3831
7255126
8836
10617976
3001
14673301
16269
19317
50
20403
3383
5737
14959421
1332
8884
10939371
15053
3355
9881817
5623
11867
12323
7197
2009508
1408
12857712
23663
6446
11474927
3627
4845021
8631207
10734
6125739
3775659
7427
1325
4962015
15921
11138232
5821
15253
7590276
22135
13497
13301142
6184170
5294
5674986
10409782
15061
6765
15368
12393763
2611
23440
15625
139
16873
13947761
3346966
4490
8768188
4558
13107
14790474
3894368
3501
12247045
3579
7657
15131
661076
11009
6456
14752
6039
14981940
13930
12986438
13005
6595256
14168
10025
18411
10413
3540
6992113
691
20909
3187
4805718
22316
10089882
12739
9276614
23894
10484
12207
8059597
1870
9589548
14672387
11970
14774496
12912
1203836
3565
23434
14972108
4961
4160
9975962
5361
2064
19912
14862733
14905069
13900601
797
5571933
15146
10800
4614
1936
1642
877553
603
2940
20474
10673
7510
13688
4040582
112
17407
5639005
2490
15985
3631796
14950429
4103834
2966
3908046
2242
5639663
12205
14914279
14952387
9063
13241999
13551709
17392
12833853
15842
6017
5353685
16455
7401
14945784
2292597
10125264
6373
14251535
8693899
10384
4898
674025
14799568
8225
12160288
14385258
9814
14911530
21706
3546
6152890
14153781
10535
14810
10392
765
3754
11947973
19599
4918
1216
14896
3520
11079
11683
16343
12337
4642
24173
1495
12925519
2076
7302
10445
9470
12852237
6774
11980
9424
7534
5306
13467
1195
3157
8757842
10777
15311
14350
19863
20623
2504
3101889
875
6934
4492
9085830
1209
14948323
11267
14687
3559
19909
5919819
10688380
13133100
3189968
14013382
15174
11269125
14748169
6215690
7243451
15165
9187
18266
14615
3983
11938969
16079
4504
13098
3277
4113210
172
4834
9426
13744223
10993
294
14882956
6978134
1867
3668
4308
23911
24901
11462
835
9010
14966491
14334588
2242
5840
88
14855298
1023888
4475
11804
4331
14219
13972
8546
11415
7151
11892
9456
3110
14974300
12917
20148
12636
1777406
14974511
16601
18101
11404739
5330142
15585
12784438
14110
2209256
6421085
1469
3065
13422
10885738
14957262
3314
8645415
16829
9713
14824508
5033831
4577
22448
13380
10213
1139
14282
768
14801929
2800638
3016
22219
3649506
1098
7689
5809
932138
14629695
7494071
7864932
1966
5522
22245
648
8575640
14601
7019315
2233
3672
11740754
18564
4087609
6530
3870
8611537
1766863
13389374
14168931
8213
8379
13569998
4323603
14987658
3366
19160
4574797
1203
16194
15448
14554
6188
14947102
3648
5304
65
14929520
4089269
6920
7416
14204962
6395
206
7312349
14886641
10386019
4245
9964
15206
5630
1060
14910898
10153
13236872
14916261
14338566
16451
836310
4018034
14970
2979
17285
10287
14966317
7888
9638079
1754
13359556
10078
14725002
1190
3221
11324
11292
2623
14845180
6320
3064
3519234
17142
4010
7334
910
1849
13004
6965
1682
17565
4
11691
13311
14313483
11003
10947596
12388895
14014791
10666068
11637458
13917152
7208726
7617
1281
9996
5218
9484
12525503
4534
1142
10592
13385
3853
5928
6709
3851
1641
4348216
14588861
14664560
8182
1860
3315
1640
14076
15573
58
13982599
1336
16050
11094
5774
338
3717
403
12045
4672723
13079
5595
4052
5154669
12719
9592
8453
4644
7341
18437
2518
12048585
4345669
9809
7387
3437
20021
2003940
482
17169
14311
5369
8970954
1010
5602
3081
11860
7582
7211
22426
12938
12299
9222
7147
3478
565
11175
1383
8979
1858
13099193
13880417
9463
4930
9072
14194
2847
14792704
5947
2259
8747
5251467
15340
12602544
1175438
6202887
14628044
5585
5490
13840
15228
1368
2367
19295
8373
11302
884345
7964526
11400
18378
9467508
6285158
22449
13127101
18088
14374
9200759
7529
1269
495625
3833709
2622
4472
1399
12261
2285
3358
18037
18892
3838
10189
7079
8130221
21562
2915
2060
13836
6575310
1554
13451
2387185
11267
11417
13448
9813840
386331
16897
12975
17813
11413
13866142
10285
1418047
11103
1820015
1009
3442705
628
6837
5061
13669612
5809002
4510
8034
339
5139
798
7428298
14770174
11282581
14049
11551081
785
17991
4697
13846182
11265
4008306
13502152
11300
38
1526
13598910
1199190
17596
5980
14618
27260
4442943
3236
12834604
267
10649
6060
3530
14215184
7228
6456
1730
14956536
16848
4057
5038
694
393
19051
694
13726
11090656
6058564
3050
13449946
2323
5240769
2142
2267
23565
4971
8338
25332
3791065
5935
13743
13790
15484
7905
5209095
15034
1425555
15706
11781
12209
5933
5257019
20812
109
1934
6385
6481
410
11877
2968754
5000
12966742
975
6999
11540
13710022
14360975
2510
20281
2756
5310
467
1321
682702
955
2051
6510992
2419
3133
14237787
6675099
9359
14523
14965881
7366
11145
12593
3927
10056
15790
2971
7643
199
14713331
133
6487
8343578
11884388
232
2550368
7133
8853
14931729
8869
3811
6939184
6875
9401
14558
20544
12809592
410
20619
649
10715
9985116
4110825
14248843
5216
18491
11644
11038097
132
3011757
10159733
11617952
15627
6775
3864
7132
7283
5742
12419
2883306
7846
6771
386
398
7685321
2560
6636
2358
5777
12618
21980
13669287
3700
14510660
14446063
13964524
13799
14957479
7604
23467
600513
624536
11794841
14359969
10047
14778241
8976722
14078481
3570
13786760
13085
3210
6590
10222
5378
7515
13772688
799
9609004
6450
5697616
12147708
16247
6062
5845
9226
3143
6344
1783151
13794920
5309504
10145
6476524
4795
12774
391
1363
4974
13362250
7178199
7724550
16724
4025
14318342
10798
13632
5278
11962
8073
13524628
1845
6543
1064
20679
14744
4906
8367
7020562
6093
3608
626824
4954
2238117
5448346
7476
14646235
2909
2603
18894
5786
11333707
676
9120949
11467274
11856
14968679
11178
12043
5802
19256
7016
12129
14359567
3472
6273
14985941
12028790
1983
5659
8625
7382
1154010
11109
17932
12912
9176838
23095
756
14979302
15232
14733279
18321
11350333
5640
5465
4380
10268
14702627
14132
13769
979
17363
8167
14981281
9513939
15752
2935
2281
1339
2211
487
13587372
14954028
8120803
12660
21092
14890820
1753171
7668
22359
145772
389
2980
1364
10781
9638
6466
1071
10890
14109879
6711
4855878
5768174
14851280
12360718
15310
4622901
9562
16202
12465
5354
13639
8277
7172
4240
7083
6155
3408
152
9721
2815
6935075
7796321
2333
13222
12001
3653130
6168702
1476
7525142
4090
12221
20590
20829
52
5285701
8200
6662
424478
3067
5996142
13797239
7832
13030960
15919
5486
3537390
8551
13056894
2037
5611
5852
4384583
9433
8643
12046844
22086
2318474
21157
6095222
16204
6463
3950
14968544
4126
2585320
14531940
17199
8143618
15528
8305027
10098
15583
13095748
2376
14671150
11148
6049574
17384
8004
598
3286
14209487
19011
1767
1713
7348
326774
12189
16732
14445686
11296
4243
19956
8220
5453
16934
9691944
5974
1482
22308
11437181
5316
2057589
5142326
1993
13698
12593
9175
13246350
9808
18609
6007427
5464
20205
3795
19424
12468
23199
3430181
7757
6072
4080
5525
13705360
14968686
14431
148
3419
13679187
9965
14879753
4724329
19246
6224
7986
14018
22205
12101978
10617
12726
7762136
17717
14276
12929
12424
7235
7868705
1932490
14842795
17616
6051303
12601
2303
12363
14287
11500
18526
10978350
1423
14468
5675
617
14896119
615
13584
2597
8375
1661
7420
12102284
12167
9179
13629
5739
12700
7103
308133
19916
14947057
214
15303
4033422
2792
6674
2162887
17864
3255525
18503
4115
8871
5982
12728874
570
16583
5262
1043
8355
18500
6147826
25492
14726
2534659
13625
13466793
13516783
9101
18985
12408
11046942
1595
1299
14217965
7774
5155
7782
22825
2738197
13247840
5486
5453
8166
7287483
14809260
13652
15405
1786
1904
2909
14057
6170
3913000
12817
2907
17932
670114
23870
14962
6448
10887
482
22428
12453413
12653807
16512
13498383
1410
18041
14964300
2831110
7804052
12390360
6966
1672
13924
1312
303531
1544
15830
19021
23164
3635110
8760
14664
4507
3720
4331
7277250
19694
15354
11864
2573596
13371
15250
9664778
11160
21208
2738216
9760
10365255
5821
21548
21744
13206
24778
7470
9714686
7303
12452
13865765
19662
21469
14223924
10550
19737
6083
1938
19173
4736
5166
20567
1887459
14656687
5138264
14793
7293
13365329
12233703
11556
7606
3587
13636
18234
13604015
1255
10623
10004381
3127
1161
9344207
15224
7355507
25373
1033
5074
4908714
4030
6048
2261
2407
14795465
6798649
11782
13751
4911
702
2616
13096427
11578195
12838855
1649
12828
10537
7474
12414
6913
3258
12574183
14550
1940
4103
2214
8805
3498
14279795
2247
476888
14828274
7900
987
11068811
11367
5019
10270
17698
7119
12066
14836
20286
9937
1697176
8380
17
6795850
4464
14715
2203
7098
5483
3852
2569
11231346
13988263
17572
20175
19451
9319
8592
14542573
4615
7097638
1272220
4420
11993902
2844
13505602
5714355
12292783
6775033
7795
21214
2311
14810408
13024
7933
2297502
10948
18147
3598241
3417
351566
15704
10793
10062
20437
10962
10255
6615
11733
5460
12180
14783896
5159504
12575
13715
8058189
7106
8926
931
641
2617
2702
2436
9685818
12317
7172
4023
14332612
21549
14601919
3793
2765
12959
15233
4663
19883
10693
8988755
604
5693
7263
14533291
24197
13694001
14884405
2991
3355
14243
12178329
4468
7430
2280
7573536
14863
4683
5741
6052
9122
2846
2937
7587
7151816
5229860
14989110
12631
12109804
15153
1116
2144
1500
2381
14068766
9981
18892
7349044
6811289
1634
9113616
7255
8332
9593833
15165
11308
24612
2230268
4153583
6263
10626527
7311
8906
4871982
239
2350
7637
11464560
692
2867
4383
7704
3170
766
13271381
7707
5804
13113
7493635
13590
102003
6808
24873
2628
1284
14761013
13361
8468
18741
3581
14315
8899
15951
10790
13350566
1522
7360
2188
11549821
11539
9335
5937
13676
7967887
9810881
14362128
4217
4495
12681017
11915969
7730
1439
11858
1937
13013899
540
11440321
6869
13941138
580
1308
5698
4223
9630
11846
9589
9129
2210
6782
3719
8911665
3226294
2927
11284840
1585
14741822
5230
3701338
5146638
5618
15034
602
1573
4679544
4004
2224308
11319094
25032
13061873
16257
4377
8414827
11051
2822
14176055
17917
205
15969
1889
10376
9637
61
9582
8875
10087
8599
4050
9128
14917744
16152
21163
10409247
1166828
14596082
2691
5929
9314
18382
895
4674
8434673
1398
4780
11202149
1692
10982119
2874063
1801
13814104
24043
4452
8384
953
11452
143
12722462
11517
12803
618
7949
4660
14730472
15591
11832
2381783
2312
7972
6615
14033769
2320
10438627
511789
562
3599
9908
21942
9590168
1513
7017
1160
23483
13570267
2655
14411
19532
10
11919801
1164
10644
2185
19424
901
9349
12248880
14193734
13347
16321
9552
1729
6144
3912838
237
19143
4457
8023099
20408
7170
344
17669
13799
833
871948
13938911
8199442
12229812
13866
19299
2445999
2080
1290975
4258
22476
14289049
2859867
8322
14063
4196687
1192072
9647442
193
4183
3162
1506027
8414
8995
10913791
10744
15576
25491
3647575
4590
4921
12109
9235625
23165
461
9072
7847
1395
16039
3566
140
8033
1030
16508
9134
551
14072906
11396918
1197
8010
3506
14848597
16351
6781
6808
2723
13148
14213
11449112
10535379
6740
4106
18700
3391
7741115
9779
11728
706
224
12883410
15386
13536576
8234
12915411
3336
2466
6028720
7717114
4184
2100
8064010
10569950
7430
14987
13863693
5033
14569532
14654633
4835
5301
5840
11655
5550
2993
8055066
14054607
3746924
14882266
17973
9580
23478
4827
1098
1696286
2392
15873
19472
5091361
17375
1421
19953
14976512
5888
4224
10465547
3838
11588297
24426
13001
13551
69673
8964595
1561970
4584
14748
575
6718
13219101
8948583
15694
1397757
23537
14560
2682292
12367936
14548216
9228
2400
6585
2277424
5882
12773
5581
5245
7144
11626
6743
13954
10695141
323
10654
12497021
12808
14796
3346139
3214
3357
14694020
9115
4791829
13719146
7300
26584
14288
8356
11282
6369
15257
13515602
6518
26460
6613277
1252
1391
3447
14746208
6436
3041
18862
2816
6582
3416
14176343
5143
16475
6456959
24560
3705
5936
986
7815
2808
9326
10079
74
14603645
5678
9562
2234
7778
7829511
13442
12874458
9864168
3297
6992070
181
1329
4320
13600
5752762
9353
4070
11443965
2704
1617
9
14322942
1600
2217
24279
4327
2783
16159
14825036
582
8695297
3991696
23472
16210
17516
13388
8533
11711
8648
7211
18960
6933
11109362
2228
19730
8603767
7160
2325
11184
9155
13399700
4690
6654
22207
9494
14838090
14458601
825
6374936
2099
3789
13259
16644
11125
20680
7503890
2381
1180
2019814
7887
9869
16035
1812
2201
1241
12027587
6645
6526
5652137
11357
1391
21481
8254955
6963
13100072
8624
1781
10713
13379075
2176
980
3610
8296794
9268
17590
1152
7537
20765
12567
9107
3192697
1755
8054
5088
1867
13159
5214
5829992
7509996
1252813
11559
9749130
13917
9255
13618
8231
2272
814
13147
10926222
4805
11267493
12320027
3841
4258
22215
22480
1017
8813326
17460
10942866
7636
5482
16313
7298
3297
15764
3600
14932157
3108
7318
1967
111
24278
2186
12807
3708817
3241
2112
9302
2334
2022
3795
877
12169
3970
13527995
14238133
3918
3314259
7424828
1472454
94
4461
8283265
9731751
13907
12963573
12527
18021
14063930
11793269
8273
14599271
13596083
374
447
11679
20161
3430
3857
8393
12606
5468
10829
2911
11132
14954138
6951368
18839
2398563
19082
10550855
1247
463
595
5476430
4334
10497
11827
6051
7013
15340
7724
20737
1973
11956493
14565073
3635
19873
16302
7503
12949
22406
7443567
1167
8653
2478
8976
17581
862
879
14480
13954
10996
12875183
6501583
1501
25272
10129
2909153
13728640
5409
13299
9453
2811
20575
16155
11260776
2620
14241932
14917888
6308
21011
8879537
14170764
7318
7046
9097
910
1411580
22875
19680
14848448
2537
3830
11359895
16829
3822
4854
1275
14922939
12513357
21864
16246
5988
4667
9114889
5255895
8590
12769
10613
4514
2332
15568
13944137
12149553
4128
20021
6479695
3255
9027
17309
2452
13939
8965
14855155
8932
3966851
2155
2018
2272
3974204
217
966
2702
4836
17309
21924
4973
14936772
2730
14736577
6696
1381
472
18685
8629345
20308
10620787
17057
12934
11510762
22069
1957520
8551121
9809
13492020
5933859
16052
16347
8174079
11197288
21929
10765
24646
5523402
2581
3038617
1521
1434943
780
7365
8904
8378
8176000
14695760
9688
11478124
9087
5214
14473157
14107306
9468262
5653
10198
1509
8676447
25670
6752
12943230
18127
1914
10362
12691
8823
10049475
17516
932
9865
4187
3943
8604
13125898
20055
1473
1372
2403
14362
14178252
2632
15955
13687429
12715260
9596060
2181
23325
4259
1050
10756
12212
12034
6802
14961147
5436
14472944
20560
15816
8844810
12829
23752
11103
3408555
15208
14754869
14451814
2806
1054107
9506
10419584
357
11660
22474
4169
3438563
14946196
16311
5105
3730
12393
3730
4779
1224
15468
12583
3733
14810219
8784
11803816
23202
9111
12922099
4110
4976
10876
6165379
7930627
4367
9217196
6061
14408
12365573
14422937
1058883
9353
11629573
10944573
25322
16558
11103
2118446
9148
6382095
22710
26806
11490
15136
12770348
6046
12825485
8760195
17235
15796
2875
2955
4677
383
11413
13089
2578
2393
14672301
19313
5111
2010
2883
1662
18595
8162
18431
441
15257
9412
13305
18683
3367
7403
8034
12423
15471
5176964
7998
2695289
14689
12387
1656846
14183104
4435418
21917
15727
10227
6291110
1581110
5398
6468
2106
7473
12106748
12916711
20744
8370
16802
20359
14804
1665
1920
2795
13167932
12634163
12850528
1338
11994181
182
10019
8548753
9346753
13331428
11539408
21327
11194320
18744
859002
14378644
5630
2815972
11067
14870928
4195
410
1205
10525770
12813594
15310
9484
2920
7892251
12111256
5412
3755
1335
14601650
1668
3238
12803629
15006
2789
6932
14670
12230186
7637
11909
16382
10506
14406773
14287295
7601515
19153
1028
14364203
11388
11063
3250
997
14968307
12649
9472
2284
16360
10078302
19473
11549825
5419
8470
10028438
12513
18972
1092
2604
8011851
1709
14946197
4970
17031
1734
12148738
6281
14899638
1405
10565
15928
9879
8358
9895
1451
11310
6383
3921
16196
7955
1425126
19012
14785956
12378
732
18153
5680
11067
5539
9023
5295067
17103
14851301
12920476
15762
12435
4178
23748
14553792
11802
9750355
7351
11549
5712
18112
14438770
6344
9986
14966243
2838583
12496
9436
4240
16717
8463
9847
8636
13180313
11435497
2543
12835223
8568
5115511
4004
19334
22836
20035
8222620
19876
14762383
11394
15590
8050
13758
6920
20757
12120162
12032
13251059
8250743
14734142
18119
12789111
3769
263
5745
4773
11245
14986743
24374
16054
10246893
1421
728
554
14780
3350
3470701
5600
10277760
12219
14016680
8573
9500
242
15057
2145
1900
10638353
13849
12352031
4983362
8854
11462
14283
9385
12322
13197477
13887335
4042
9033
944
4983756
8579815
14891371
17948
8729523
18411
8267
5727740
13336888
10978977
22636
9882
2509
7448
12089
17650
14931160
14030
6929
8457439
2405
500
2095
1554
6316964
14624955
14649814
14703
4997
12923238
12001
10513932
1265
12357
4255
97
16563
437
10716
4157
11143
13455996
9783
15081
22927
3057
3405365
14962465
3538
12402751
1270
4147
5960
14935278
673
11179
6161
7072
13529571
5450
7500
12284
16863
1463
813
21223
1927
3336
5441
11195087
432636
11014473
2425
13590492
7325
3364
13162441
3323
1678
19546
11739
2502
2295
13711604
4799
13200
16624
2417
12807098
20135
5641
1362382
14473420
433
11570528
406
11459
4779875
7376028
3903300
14307
11592
4666
15313
2496
8709
1083
5707
189
7432
14185
1120
14785073
13382
3442144
11313044
822
12789
3560
16324
14659
2060
15371
2272985
13723927
547
15864
232
13245
3825
2367
7459
14951189
14305
3696
1911030
1579
10736
19275
20320
16481
3307
14526
8138559
17293
4334308
1816
19410
10644
17380
15076
8126
5157
3894
7129
7945678
5955
1137
20790
5461
12481
8689
4308
7502
5276
14855905
14966737
19698
3276
9794
14444
6653310
18343
14808
17919
11864
2251
8188
732
8876
8356
14072
5893
14164509
1978916
4082417
6242
15756
9587697
20030
11208
4663666
15665
11827040
12516
873
1130415
8120
496
671
16034
5741
2077
13649
8140403
12994
24411
7228
13834744
1096
11465
4442
23664
20408
3256
2858
8969273
2972
16550
14802588
10785
10374
13922332
4986819
2283
233
14017653
9293737
25406
4122
10443
7555
14957529
2294
7134
21549
10933
16553
11708345
774285
13526
8302245
13875257
5721976
2768
10608476
14823944
14449
8044
7876
9124
1662
2894
23628
1819
11437
8720
2240
2446
13991
6985
13223
11560
5009
10220
2742004
4571
1782
1375209
5923023
3486
970
22154
20023
7317
11731
11462
14124520
4030
3770935
4580844
13384378
12195
17315
22449
19827
14576152
14788
13390281
11150492
8353244
14519875
104645
11281
14676984
2793743
3144342
14863777
1776
13837657
8303
16531
13809
12596211
10573
1498
115
12885
15537
7084
9457938
6167515
12192842
8701
7841190
5488069
14454910
2995
9217
12992
11279304
4678
11794
14954605
2206
1546
5393795
14956520
13815
16961
8061
3150
16437
12087542
5674
11836391
5716
154
10553358
18000
10224100
4734135
14802
15215
1950
16373
14832593
3369
6614
5495
11916
10425
5571
3379697
3431
23575
16360
11964
485
5115
17130
11116291
10448
14740057
10546383
473
14149350
4176
2457
10102
12034536
10982
14678854
10101
10802
1070
21949
4034
9454855
191845
14975631
6875531
12924
16292
20206
1474
15193
2754
20040
1221
11063599
4058
21252
2201
5096
13324524
1420192
15361
16970
13837047
10257
25456
8476427
23110
13203
820
14791882
7404
5324
6121
4244
17507
1711
14890723
1841
4875167
4045408
14376
21821
18711
13500
9859695
5795
6538353
14946799
6992
14678757
15046
9191
17622
4811308
824
7152
7559
13918673
247292
16206
11059603
12417595
14923
10611
8211
3829
7647032
7643
25135
4747
15312
12075
4131809
4427737
4250
3005
140
6490610
5330
10045
742
3403834
21021
17393
7769
8161887
5391
9059
16059
895
10357
14788650
4970
10252636
14942435
14950962
12531599
13549063
12625
2342
1121
4266
4335
4938
14637916
2575
1227
3556
14036
21059
6312
9098
26711
2509
19552
8613
9354
4270
8946
14845692
12300
12350
6004
4811
9761
4805
19047
6605
2800
1512
13719
21170
14324
4906710
1593
24378
1424
6125
8537
3224832
4489057
12942041
12464
10915
2909
6665
23920
1021
1214
23229
14879
168
9609
4858
1657
2713
148
12224700
13323120
2539
5168
7289
7155
3493
2505
492
17138
6224
1004
7015454
10447
12326036
12564961
442923
11442835
7046
9397039
14937732
12883
13388318
2573
13244520
5856
11959088
22782
4532651
18744
8465439
4228
3633
1022212
14525032
2136
966
13065385
13836351
10274
3940
20084
13384782
14565
2126649
14427601
352498
13450337
18629
3010
12852054
9690
11363
14664
8901
12079
13843113
12011
2114
341
18850
2104
12643
4786
560
13500773
13479196
14209
19150
19529
1606517
13829
14059
1488142
16000
3451
14420497
2128
3375
8048
6066225
13617674
13997
7360
14568
5350800
4828
6294
16284
22784
133
11810420
14003029
6862145
3263
12987394
9977
7129
9292766
12213
145
1293544
3494
9818
17364
6942
20183
5459
13265
13753195
1996
4649
6219856
4604
7922
8576
23464
1687
13985180
10839
2418
26586
4270
3246
6735
12206388
6225
4548
3963911
1754
17075
10683
13327
2642
21671
5627403
1623
7151
3144240
11433338
13597931
8161
14937308
2183124
14984
7499315
4866
5154
9124
16233
10984
12526
8096
13551029
3156
7599
2220
14886107
14135797
7394223
12664283
14962758
14062692
3470996
8614239
3323
4819
5474
10665652
7390779
7779
14887774
821
18700
4223
12832
13751952
8064
40
14752023
8240625
4991512
7241
12340
13521281
13931
11411
110
7046012
13162519
8276
17866
1208
12883
13135773
1407
20539
14282487
1834
16250
1498393
24235
8089
20471
1426
9893
569
12876322
7155
8225136
13952
266
8375
3064539
15532
7435173
3693
17439
18175
13991
6540
6402
4
2601
15613
6015746
9966
8154
22251
13971
11698264
9994110
6783
3000298
24003
14861034
6181
2213862
14804096
6367
14228774
2164579
13312870
1583
3850
1685
13781607
2361
2518
2876
18437
4613
14308
4222
14153051
2366
15588
5273
15006
7725
5595765
20354
3674
6435
21618
7269
14819
6371
11094
9358357
14974445
13065
9202
952
2859
9539
7202
12303
11129706
11287
5327
14969472
14207
9615564
3158
10306865
13533
5276
14825
1083
10973
6003
8313
7716
14855274
14831090
3179021
19816
5367
5023374
769
19077
232
5840
4329
2514306
4762185
1331
10242991
14805986
3973
10146623
1195
9491
2452
1538592
5325
14972365
14484
4944
9635367
6821863
14395321
14948592
345
6490
7630
8003
15585
3392
20481
12246623
4570
8137
2712140
158
9597
26165
14964759
20225
10591
18493
7116
19901
17726
8595
6704
13485
983970
11776
11418
2053
353
1731
17543
14744
96058
10531
5730
3001
8417
13006727
14947410
15780
6353585
7107
10083
4021
11835
8413
14918881
11180
6647
17647
1135503
10261
7148
8418
6488
2679
1481
2097
3281845
6947949
4654
8827
3930826
11236
1609
11138
1351
24144
11325
11239
5646
14583033
17692
13669933
5928
20675
14422
11294
13829
15311
14434843
9421176
3401154
7408537
2125
8057656
4172505
4516
12211
5748
21409
11360
8557
14722
4845
5480672
18522
14866263
12739
6191
21555
10236091
2780
14926250
3305858
21316
4097
13428
11874330
10174224
19256
8928037
7721
17038
8353
717
18328
352
14627876
13985
4826
2840
12964619
14488
4824
19410
15285
12525
7718
6642
12307
9773
5740350
12612421
4026
9138663
2448
13247
13039
2326
10118349
11616890
973
13202706
10464
13489601
4038
3796
1387
6163
12788165
1214585
1489404
14948199
11652
18865
8717
2929
14643
13934062
14566559
1967102
16073
1309608
6715541
14762658
9846
13549
2276
14033498
7952
13887137
14920856
14534899
10237
3832
5799
2952
1859038
10642
81
11310
21345
2240
17407
3407
2455
15412
4372
8614
21406
14522258
14325142
8624
22990
6989
19896
14551544
13998
21786
2321553
9275
1272
4005
6732
3875
21106
10332745
8670408
12940
2674
7433
9637364
7111061
6045617
14658749
5188192
10949
9966
10228
11647818
7573
13901
5588440
11244
8784234
8196
830
10467118
5636326
16370
9561493
14811633
4384453
568
11292
4362116
1950
5140
7922638
12385
14665699
3467233
10933762
15413
7804
4699
4243
8503
1796
9387427
13967201
7791
14808033
2073
24743
6495
9146
4184
5449
4196967
5581800
7874
11704
3241
1516229
14906525
14104688
9881
20440
16919
18304
22380
6804384
1542
13520
14674327
8351
22172
12886626
6876
16495
12723
11200455
11204001
12024160
4531976
4120346
23
11238
14930517
6368691
6995
3866939
18025
333
14921495
9969306
9264
14668899
4351
17284
3851
2238337
22780
10958
13376
15167
2781
10584
9754
10457
12933
4103
11544363
7332
6493
6988171
22978
6336
1860
6271440
5235
4122
1824
14770016
6148
11124379
14449606
12303
12349
14513102
15889
6827
20023
21630
17745
17809
13952075
7858
3572692
5466
14973521
16808
6451
11980
1334
14003699
14182
13959
11015
14677750
2861
13976
5228
9852
8625
10771
2926
11102393
20615
15280
2627
1928
6974
3742
2389
5073
3435
3072
3385
5672
14479005
15464
2888
6549
28
11538323
1739
6218
10315
11554081
16236
4543595
6865
14791257
7311
11412
12322383
13636061
13642349
17405
18577
21482
11605
4074
2106978
1956
13681079
20986
8777
6267
1782
10082
5154591
14212
12617145
6557
6045
10242256
2616
6265
13200879
3271
1681
15378
15058
6476521
6053
14638
9933379
11554686
21141
14858916
13526
9684
12959222
14189761
746
7048083
11576
14801542
2837
13871823
6820
7452
17336
14265522
20868
10947
4443
13862529
11331478
14904108
20860
7027
13463
2075
6473
14240
14711512
843
4677
268191
5636
14481
6071
273
14753880
769
4283
4421
693
3102
2477
6785460
14720088
14384743
5938695
3555
3400
13830
13922115
19040
6154
19085
6696
4058242
12704520
12264
23012
14734
21624
16875
16651
2800
6041
10777859
3808567
8785653
2709
11170886
9810842
10080763
7318
6581007
7569833
9861
13268
2076
14001834
6948
19335
9318
4383
14153
11100604
3698
340
7289713
21056
4697
1364
13733128
14259126
4289897
6402166
14315958
10947
9621774
3621675
7304229
14980615
3340
7903079
11617
14658168
9920
10046622
5906098
12526886
7329
14886516
8077
14907255
8480
3739807
1082612
25590
9621
7900523
22104
22072
1645
14693137
7214
18458
1869
2702974
9713
15889
10108
11897459
13461105
5503
7893
6731674
6946
13113
11197
724
13996208
3777479
9135639
5408
2353
5533
12678
8320
7398
6390
6388
10422
12000
9243
3393425
14079
97
10019
24286
5050
20942
14776788
10500
14843
3960925
3731
10377468
7605
13924085
8114
13805
468811
12499
16488
4089445
3796164
2247
3331
9167
14511461
185
11893
3697
22174
13693055
1098
132703
17218
10864364
6826
5515
10772
13054
9333
8920
15027
2593
188
11100
14859408
4995187
14898
1108353
14733177
5578
14635972
13216810
11930922
1361
4886
3835
11825
5214
8825
18328
11436
471
10838993
12923
14791
1999
16823
21433
15151
11972077
14493757
11500
1041
13825488
4871
1534
10246311
3893
8159
13150358
11904436
595
10470
16176
14253080
26061
1651173
2570
19953
11784141
10034
2433
1061
11845
13833632
11494
4547356
7818
1157367
10757678
2828
12875
11619110
332
20815
20691
21582
8991182
10517752
12943567
4011
1609
20036
13399398
2214
11932
16292
4413
19866
21510
2393325
6367
3183
13524
857819
513
6066
14688298
8292
3505
14392572
17057
1334600
10947
24589
17224
1018
8403536
8526166
1253
9471
3044644
2715
4588
3406
13220608
1040
4711089
3977
4451
15349
14957603
10463
19392
3650
924
13904
18954
5354
14905359
3857
14830090
470
7023492
9877
7623
3586
9248
11462
10942260
14691328
7054
8921130
7170641
19881
6142984
4260
233
9691
875
122
6926
8692
16521
2522490
13006
11689
9784339
5550
5282
9772
21301
17033
9915
19681
7278
12223
9303
3071
7469083
8585137
5707
2364
15041
3861440
12494207
6274
13735231
10240483
2506100
13852
1332
351
9413
12646700
7902
20418
1801
5211
19261
18458
15106
1911
5641
2153237
10165
8180495
234643
8331
10381
19720
12760407
15598
9754
21613
4297
23239
2346630
13788
14649083
11619
14916835
4690
23599
1065
18313
6177
14950830
12359
370
13215868
7353110
19452
4595
16692
14969063
5497
14604754
21130
4462
1646
20512
21533
14503
1610
11314900
19929
8227982
9504394
16887
16789
8166
3262
8823
3482
7987150
6616
7259
14929745
15871
11962
9468
8915308
8594532
236
18735
8409
3306509
2228065
3369
16126
6826
3338180
10072
16443
11161
6360
7804761
4346
8176
3996
12537067
8754
7683
85
9516
10539
401695
11414
15418
14628787
12360
14348757
13113
6375
10186
1462
17993
12649
16719
8294
7795
6374756
14594591
12541
2532
12391
17683
4239
8567
10303571
5296
3774
9911
557
509
2306463
24099
2668
14478886
16870
16421
13744
6548
12862
4024
10603
7225
2395
15504
3988939
2822
4493
9284569
5733
4974825
4025
10898
13167261
602
9603060
10474392
2565850
6736
9716402
14682
24255
2863
8143
9563
11400440
18032
2493
14667482
2552
1161
4145
13721435
3921
6142
17702
10932
4410
591483
10691
11841
856
13529276
8713
2126907
6364
2755
233
1795
16918
2553
8835
12314465
14747327
8071
14773841
14406044
13458
3103
245588
22563
9391844
1638
13539
4836
6604
17028
14026
8926
6121
12903597
5539900
453
7456
7803
14584935
10683
12507
1728
10718
6747061
3494329
1920
691742
9432423
10918
11031
15109
25492
11555
20018
2898
14957134
5536
5666656
10366462
1646
9843608
4816
7316
11490
14933787
12288
14720919
13765302
9405
17447
2186
12111
1406
8158
13606845
11824
7755
14978549
599
14728387
4055
16253
328
9471132
5131
4477
8005
14846815
13188723
9753
5100
17611
8320
37
14463
11216882
9719
2494
15871
12678
9427
14147979
6296
5064
9506
14960168
11693
4152
6299
4189
16843
14975706
21459
2256
22863
23936
5858527
1733
3138530
7042
7396
4510756
16439
5371
7866
174
2198
2117
12558
5418
8884
16576
1959573
7946
14456319
5453
4534
3315
19497
7184
6910
14340214
2981635
8829
10855
11511
13341
3931
12505
14208848
6267
1212
13580
14979077
1190
12131730
13711052
3136
12494
14872
16423
7246
3371644
4131965
8353803
288582
3416
6933
8511
13031
14543012
10006341
9848
9823595
7449
5546
3029
10759
686
14940609
5955
21685
9283
258
1427
19028
7417636
5945822
5612
6552
11132870
1243
9714
14561
9890297
4031205
8474913
1093
2459
3048
13500
1146
1646
6308
15367
12663932
4682
10592
3722
11485
7838160
14805
4859
4982
1949801
14979307
9262564
1134
14559566
1287043
3232329
9562034
1363
7706
469
5201
12863915
9006421
25273
8488
5387162
9262
21203
5465
10826259
9488
9048
20684
2606
14083278
946
9574
12588338
11571218
3958
968
14676775
5814
25492
17334
134166
5112
18575
5518
15958
4649720
14336
21283
17705
10768
3300
14981142
13902
12571202
6920921
20086
8426
5141
2402
10645
2375
9721
5928836
14831336
12186517
14732278
4971882
14849
3029
7646
13995
17991
13350884
6587
2709
3542
11554
17279
5908474
17978
14960007
13965
12627
13711508
10769
6383
20723
6367
14285
1173
15571
9782
15366
5437684
1438
8530
5799
384
18859
10187
8742
9374
11965909
2911
8349
2969
12922098
11408
6164
421
4208448
7155
9753523
9478700
12075545
13536
14354468
8273
16829
13030
10344238
8729
2923711
7193
3223
10109
14829
1798
12061038
12630472
14535
9563443
14683
6331122
9160
8103557
2473
1374
3424296
15285
6285968
490
20045
14812874
8168302
4228
7346
12750
2204
7108
13559358
1417
2301
14305776
25096
577
206538
21886
12226
21962
7075849
17862
994
3943
7564
3400
13480
5405
3601
8157
6523
1518834
22940
4568
3163
14015836
8531
10799
6785512
3520847
20745
585
13511
1593
17064
13978
18709
20395
13346
13892
7264
3770
6604
6229350
7454707
2135623
6289781
12100919
14446021
10414
14018
14264861
10482
19386
5180
5604
8630
11706019
14624901
2376
6300
22734
9435
1474
10
2794854
23593
10229
12193181
1194
8333
21464
3394044
1333
14064
5805
9810295
5362
11866
14401320
9734
23841
16531
3886
12236544
3000
3766
7364
14237236
6452
7430135
9933
5463025
12459143
8023079
5463
10468
5345
8820
15870
13462
954
21357
5411868
14383054
3838
2964
4297
3896
538
3296
10812
17542
13961
2282
3731
8803
5097
2039
21221
140
14986783
11591
1090
6509
9564
12973
6077663
6968
17865
1531805
20046
9997736
13960
7928
11542693
1667
14245
13810364
8496
9875184
5314111
3537
4212
14164899
3002688
21320
14167440
2760984
17374
198
13938941
3079
13684717
436363
287
13395
17699
13069022
20698
21178
12565
7816
7482746
6679
9745
6768435
4960
11575
22490
1608
4014360
9616
163
3940
12132
6107
2393186
12120
11881
8034
4756
11451
744
10700
14962166
8918823
7281325
14469290
1059
14886398
11556970
4534
4670
1996
2250016
8053
105348
3379
7719
15585
2441
9096
9559
1167
11543192
9379314
14339657
21690
14973624
12817
5923
3587
2290
9006
5723
26
3933
25001
293
10165
12635
14883
4909
11947291
4821
3478
14954505
17131
8357
6467777
7771319
5826
14753656
229358
1415
20394
15513
8216995
1334
3572
2638
11750544
17746
14836
6069
7663
9088
12382006
12502855
14686238
4662
11404
23469
15604
16259
309
14154
5074627
9977188
12470
15133
4650276
1303776
16532
4569757
1424
11722
7496633
6577
14809591
13007
12074
11657
6933
8178
11811931
23886
3446
13465643
2304
5585
9410426
4387
245
7628
4082030
2406
9269524
3552
12983
15459
15466
2151
14534
3356155
5605
4905
5773155
4046452
4060819
455
4446
10279354
11757
13747187
13485230
12735
3686
13042
13757529
14394022
1541
5400
12819822
674
5256
6466
21917
2518
9234
9638
13328
4402317
7886
7638
2823893
1350
14970236
11182
7281
3449
6656124
12846629
3667
6798235
10554
5971
14846165
11146995
5243682
11927
6829
7181359
7986364
9385890
14492
4685
9800
3497593
3323
13088633
18756
1785
12574796
14038104
4846056
13238309
2055648
2813128
14385048
10335
1749477
7429
9178
5027702
16801
17782
10189247
12260
14967624
24288
8901711
6659425
24963
23280
4055
6031926
11006
2978073
2768
2846
1603
4701
4075920
384283
2384
14812830
1533
13438
14522299
1956
7670
10214103
4483
11156
16059
10766
4234
13402
13030798
12993490
6431
5069
13195660
8941
3191
23478
14378257
12684034
4175
7209641
16455
1913
12805005
13198
11320
2398
12601405
2179
4085
6925
4752
13319
23122
168
10830
9527
8722
15364
3123
16357
10717304
13661
8086
5302
12630009
891285
9569688
11933815
3805
2514
1628
12708
12625603
9873
11194821
8472
2277
3364
5983
11530
3315835
3108
5136172
3583399
3557
13830979
12814347
4332
15751
22015
3443262
15151
14568594
3605759
14855
4452
529
4932775
14262834
14548805
12290200
11800
7203
6725
14609
2348
21913
13569691
635
14961607
13973
230
13404
13622655
2979225
8242
9815
17978
9828
14326055
13994003
12028
10666
10619
6879
6328
18576
658915
13193668
6755375
423756
3629
4339
4005
8027
6575
136
6584
13463054
506
5349
3291
9471261
1034739
1188
10169
172
12571222
469402
13035763
5347
9587
8559646
519
9666
10988
11116184
13968015
13707284
12210025
323
11077
16955
8517
13119029
3631
7098642
14692967
12873
5814272
3453
14419
12969
3295247
1031
11629
2818
14978459
9898
2161
16939
8106
7721
9918004
6680
1540
10257
11941
14135150
3499
5947
9879518
8070
10602
651
20585
10349
11174
12765
3255
25805
5106
11139046
10241980
14904563
3947142
8125784
2243290
1963959
6592
11189
22030
14978535
18791
13106
16260
14616390
9727
4540
14979140
3884
4870
6041
15907
481
567
8268843
343973
3061
5263085
9073
9973
1462
3471300
8668
16783
11363
11823
2018417
14862803
14840
9952
9581
549
12721764
1793
11468137
3332249
11306
10998
2399
1947
24156
8978238
18705
17811
9939
12649
15943
14785366
19722
562
14893837
4915
3726
4128
23058
15744
13620612
3862
4887
7031560
4243
4032
2691
22818
15706
22391
17557
1354
1459
748699
8596874
11008
8170
3861
17475
8919
10349055
12989
7835
6579891
15316
19693
297
16132
5883
9281275
23456
2095950
2719964
14739797
16091
10469287
2883
4889
13589
2029
11092
3531
14405420
18675
5234
8836334
2813452
5029
13149
22472
3730
9322035
15475
9636
14423
8596272
6780470
13495
26356
12647
11631
10687
11045131
7803080
8382
6328922
5447
17657
21754
5074
21686
6270
6683
15111
20747
16066
7875
3640
521
13482
2260
14626921
6951
1322
12067
7759
10913777
3221
9864
21580
14420371
3748
86
5787848
5104824
14686634
1787
10376
16597
3949
12918389
11996267
38762
14739376
11777767
9737
16366
13893542
8120
6989
2981627
5355
13687
2949
9283278
917
6043
5053
14248041
4887
7057
11114376
24824
1511
8382
20905
947
8140
11708
857315
1779163
2099
7660716
15469
16040
7449
2554
10743620
8045
14850749
8743905
3979471
1697662
6107786
13201
5381934
3748
478
5825
3240423
14867720
12798795
14767705
7628
11040
2558
11869
10338
9082849
2687
3449
21555
13974
8769365
3372
8396919
2896893
685405
10560248
2491
9218
4969
4696
5184115
9538
5964520
7139
11340
17816
20090
13884562
12066
21551
1710
5731
5408
1042
18612
11425
8094
737
14753779
2978
13668
14398
8376
12527
8724
13160
16867
2643409
8611
1230
14741342
1247
19813
14220962
3434419
10274
5626
7195355
6981
17844
1687
18733
3612
19564
20821
8900875
1270
6416
4517
2192
14928205
13686780
2710
10860
9810354
6429
11150002
1017
13931147
19678
225
3349595
1758
2490
11994118
13732
4459
2085439
1960
5373
8508
23734
5393
6322
6973
11373263
1501
6646937
20023
19800
641774
21412
21990
11056
5221
15902
14712
11361
1643166
14615139
7649
2919
6720
22300
3742
8998746
11253078
8574
3480
4474
7210
11817
6496
13192
3253
107
21778
6043
3667
8389
10702
18323
14802695
2789
3893
13528434
15314
9302
20463
5193
12413
16169
3859
7240
11398
7836
3730
7839463
13576
3699
10918
13033
16755
947
6745690
16957
6220
3661435
7529
9680450
14044
6785
1746
5795
3501
519
13890
14407079
2620424
3602
20058
10204
1158
1994
1775
10149212
10862
3670
1218975
4170
5224905
5247
12291965
10105239
1495
12690
15314
1428
5773719
7533
5423
15774
7363
9210
8638
1146
8074
196
16194
12744
1922
11028069
12978
3418
4809
11206
13535
8769
18826
19127
7093
14956054
2144
10157
17128
7413
2306
3190
3958590
6018
4757
12470
7801262
9520
5882
13270
5051449
14145
7622
2533
9425
14970094
2325807
12314
2037430
15423
3761
7295659
7032
17036
10149
12406376
599
6143
4211
9891276
4069
4302
8433
5175809
7247
1791
14689789
1499
1889
18038
15193
24040
8084
1097772
1227204
8000256
22
3347833
19037
13725
11971
13804
12840834
9455093
1503
19726
11020
6939
6005
8234
3136
1711
201142
14635509
14959790
3404
4682
9486531
596980
19419
5076882
15760
22695
6157554
732
14132
13292
221437
5742
14598034
6179
21452
14931988
11308610
1242
4572
14952261
7487
8197549
2957
12111422
712771
19447
14720248
2476
851
8237
5439
16408
11973
17483
9236283
10035938
14882
12800
4903
7135023
660
1342
3130
1337
17696
3645
1675
996
17023
5240
1726
9616929
3711999
16384
14741204
14582825
17272
12080
1179
14968335
819
6006731
3640
12068262
1286
13241
14964857
6515
12666
19898
14681210
13604
7804
2077
6540
13176
14299
245
2661
15674
14973655
9720
11733044
21984
13986105
11193
16779
6336
6193217
11357275
5144
3217
13497624
16423
8584295
8406
11995
7013
6395
13535
8354
901899
13958835
4644
9379
3975882
7959
9152748
6283
9913
5949
11581
14972029
15649
8786809
10294499
12579
12182
4384
12139747
1680
3415
9701
1386775
10259886
11020691
5943
24180
6563676
1102
1948
14180554
11921
4162
2740
9656
2795
14703179
11895874
5558
13271447
58
14246256
3563132
2692
17914
13227259
544
16981
10234175
15477
12771436
5906
13325879
8140
2713
12782
14340
8442260
12685
327
1155055
19541
18994
501
9489
11780
2340
21343
707
4219
16159
13250203
12449639
1776
14950090
14766
9645
21392
19478
1430
11643992
18112
7497
14872
2513
3891
8713
4640
10682
12361
8058
11227
557
1588
5805
11475
6085
6131
3224
14967367
13661
10982558
3349
1699853
14813286
11629007
471100
14891618
2317
14655397
9324696
2143
12797
2999
678
9660585
13961
2029
10349
2890
149
17063
13452592
11781
24461
1591
7566
6628
709
18389
4638
1734
3700
1420
6296
1319
6470
16244
1033
15937
14974521
6187
6629
2184
925
884
2126028
664
3647
13269731
1219
5337
13708
7781630
6198
2244
2204987
7520
1673
13614207
667467
9133
8644
4168
14378873
5414
1370
6758662
7648
12390097
9889967
5547
9468
14578
13442
7142
4592
1313988
7803310
4718
14898116
15240
7692
4830484
12703
12919
12240
17131
8599
25429
9239
10985
13191662
10244932
12086
14974063
22553
5853
19526
6594
2238797
17386
16005
2342616
3115919
1360
2273310
25465
18846
12486
951
14800966
7522
14362
9401
14762568
7899800
12972
9264996
14153519
12031414
10978
5574727
3291
7674509
8314
7484
6946
9564
4745
9840
14321363
21700
2069
5063
3142
2062
1492149
286
64
2631080
1352
1190
9703
3766
12944
23689
25473
8991
16848
3191
1329223
1709
14619785
365
5411872
2700
5064
3373
11870756
14415905
8785
8743
3196
14686798
3700
12873301
925
14597
5154
18658
4926
1182
12825
12122
5104
12556
15340
8807
5939
13865825
11258
14514088
626
12326
19085
547
2628265
8727559
5724
18690
1800607
2105
22147
10135
10298
552
2776724
2372
15841
10196
3537
2579
17042
9311407
14675
12286772
19688
17563
6870
11862089
3496
8239450
8745
9210
24010
18127
173
4724
14940969
15204
14791558
9418871
11893609
17726
18160
5401621
10557230
23888
10002
14041284
14862
19809
15396
5771
8150
18870
5076494
6684
1896
6975
12740517
3998131
10764
9142
21853
7308
9588
7549
14758
5463
4501
11714289
3408
1133566
1577090
10176
7672
10088
2241
9572
2856
59132
2267
12969
4068
3597
9360
15087
6032386
15648
9582
7135
13433217
9974019
8019589
6282
5682615
2334
2118
6653
9338
8315
19710
22563
7248
7949
25370
1859
13670
21637
3436
16622
5572
14732886
3031
8019
1351
7827112
4419
4975
23821
1171
1387
6068060
7734390
14943
14989
3533543
14035
12849
10597802
14820099
13018400
13822
7603
14832
3417
9581
11243224
314
1080841
4358
374
13706358
2078
7134
14754759
1323353
11518
7309286
7609
14958470
6241704
3063181
5272553
16151
4697684
15742
715469
13744
12890501
5389
3929
14431860
12817048
11726
7504
3357
4440970
4190289
13789
2262079
8015
6423211
11170
2891
7544
1445896
22031
15090
22503
8451
4222
25605
13606
14015
8681
3156
11570988
7001
19705
17558
10148
10417565
1992
3321
6632
11036677
1285
1374
7799
6070153
8324
2653595
9765405
7278
2645
4051
1716
5535135
24760
1746
13714043
14925656
4979277
7713407
680
6455
4137415
12218542
12918
18658
2526
3489
7083
4480
7331
9861
14305038
15034
17811
11145
6165
2105803
1103891
5765238
310
4175
15788
2551
3267359
8023885
11418
23513
9308
10235
9798645
13251983
17490
1893
1197287
4051
11624110
3364916
13905396
6564526
14654243
3338
13082
5316
4981
7411523
14779347
5874639
14170
332523
4542
523
2413423
419
14577158
7498
16280
3024
252969
17632
10629
7876
19058
11555
1266
12818
7072
2402
6188740
21384
9711601
14983047
941
12565239
6041
13775
14973097
4619
14242222
3116988
12712
3935
11931
6411
9254
10392
19338
791
13905
13982054
6010
7085
14986711
5186
4737
117
13038210
9578284
137
11245
14818729
8744
6987
6929
1106
10593938
1103
13213
10989105
6337
2326
5020
5102
9801
14925
18081
12827510
1886
11417
11248
10896
19500
2297
9734649
11496
13806
15301
14120059
785764
15966
10295841
16269
2080
12358
5904351
10855
3825
13135
1993
1325
1514
13474209
11677791
15170
10874593
1853
2606
14842735
16001
6361807
23869
16727
12975
11101
14982000
17267
2339
12353446
6340
9603
2447784
19319
8457883
10824714
25081
15552
6351
8713079
3447
3825
3115
8576
2961
6559055
10724
11638
2119
3541
8752
13654
3179
18066
13821
11232
3466934
1680
3942
5406
13934921
24036
18966
14926039
1976
19844
2820
7301
7923940
14979453
10210393
5564
482
3751
18811
107
5422
4880302
13372007
20361
935
5002
97
12425671
11962
14466236
1343
1202
13636061
401
3952885
2438
491712
2476
18639
14168580
3151
5008
21625
1020
8045987
6184
238
8124
177
21264
2483
3582074
14320229
8340
1060
21497
9152828
7086
14166402
536
3285487
1017
12173
19937
6970506
13315
14296724
10668
17424
20134
11349126
12830
11717885
3503
10057
17802
5221
14495371
12358930
158
620369
1356
2781993
23821
2351023
7995
13516
7227
3410
8822
13145261
17725
19324
8066
11527666
8269250
623
10297
8720
373
3178
11309
16179
5337471
13271348
14450645
11887
12304
14984717
10024
8960342
20323
9922
13683797
10717593
19052
21277
11091
3950273
5051142
6681250
2001
9450550
14550185
14852
1940
4424
14822008
6163
13281
16669
10729550
14233
16438
25781
16504
13257290
14886
10986
3431
6872
14786308
13582
23799
5174205
12485
21468
14870713
16108
9032
4796094
13963
7006
21184
139
6160
10268
14330160
1719
12260
9937
3917
20931
5497
14069
17721
11670
14
7590
1412
2802162
17447
2894
14234879
16931
4758
9028
2832
14234
2701
11418206
3180
4951
6139399
12290505
13821265
9681
5566
7982
6498
11474
5633
5323
12555
5515
5025
8364
1798349
10584
1409
14811394
2794
2013
14783726
19880
9867102
21953
1619794
11468
23433
11402
8477
7706
14336081
10537709
14181
11901
13654
14476917
11466418
8411
13853
5557
11525781
6623
8166
2368
6304204
9150
2424
2681
22736
7170
14979162
5547
4024
3355
608
3819
8534
6824
9428
321
12410
4233
13642
10237813
1991
5236
11082014
9471
13150
13943501
358
4798
11167
14191
7297
10588123
1783
14174568
1462
1900511
17405
17913
14329
17958
501070
8721554
435
3232
4473
533
17152
14454
2123
10049222
2898
13693
22220
11248019
569
5157
10004976
5987
7134637
1827
23209
15481
567
923
6052815
12787
16621
4265
6908
21688
7525
10539684
5002
10773
11850
4642
13217
10117
10526393
110
4265
16185
2195597
3967
1166
20018
13112367
2167
1746742
11839
597578
13559434
14512710
2051
834
1574
7912022
13475869
14949111
14866231
12008006
316
5879269
4673
15855
11437956
11091
20906
6743863
4897
12075
11491
4445
2597764
3181
14910733
13123
1016
3739
16629
4911
15490
7342027
10293
10333
8017612
11680
9020
11208642
11531456
19566
2318
4946
15493
797
15247
3919
18219
4621559
10497
376
11587345
23165
8041748
9530415
2437
276
8365
12965369
7935
631563
870
11411
8011166
3066
2543
1610686
12679
11290466
2171
9753348
7277
4507
3128
23216
2159
1786
1714
20654
10822689
3959
7394
13723151
2968
14427344
9154085
9743
14724030
8519
10289
11973
13105005
15073
1426
14294
11569
7953
7094
14828647
14988603
6739
2629
8197
4769
10607
8299
14287
9061
8167527
4137
19209
10028
5448
15797
17115
13292
14130043
3648
10253
16813
1238
12376
12913
21736
11528
1685
9637687
9121
3752
890
11149100
13028
14779898
7390
13573
14237670
14937873
9259
13017
12541
6382
10728633
5985566
9044
13451019
6590
14433
2367070
13726
2423
4661
4856
19006
12614936
2655183
14784258
14962420
14486
3302
679665
7155892
10173966
13208
24626
83
14884684
10566
10984
5507
1295
3681
4441
14791021
4580005
3767
749
2880
10182
12234
16772
19798
3096
14290379
24897
2035
1144848
211469
11841490
8593955
2327
15184
5971
24711
14315179
14406327
7480
8783
7713
3127
163
14919
1265
9334
19079
26413
11406
5625
10748516
14871928
11953806
16407
15161
14879233
7588440
8343
19796
5877
1396
6691
10852752
17225
8484975
9672391
9908
14944045
20676
4801
1512
14592418
576
2964
3647244
14575538
8290818
14440
3682
13929
14681
8792
17043
18439
151
69
14033852
2485
9115
1121
8129
20548
18977
3172
19
11550
4875809
7726
16560
4481
571
11392
1400
14721631
14112436
6244
12040
20842
18806
12508592
3342
22090
18809
551286
2473
8556
11380
1879
20293
12002
13949
3787432
18698
3296
4841235
6438020
7579389
6891
14747895
19161
8283355
11225
16196
18086
3665
6197
23740
278
12019617
4551
3750856
544
8830
14312
7663
9823333
93
12581184
11713639
5046
2951
5013391
13112
2044
18773
9517470
12003981
6459007
18192
5216
7536599
11010
12168
15430
1367
812
7262
12670
21785
10352682
22529
14968180
16136
362
12221026
6288
14826803
11471
4375344
6003
6286
17957
4694
5489
6627046
10063
10198
11445652
410
14262426
25224
18369
16148
1958
9287
20270
3213
8214
13704055
14874
21623
11607219
1293
16614
14849
14830705
11946473
8727
984428
9867
10784118
22027
14647051
11232
9856980
8278
92
10968354
23685
12161
13838666
262
13651888
114
9066
22074
16722
14027125
1054117
19360
20549
4865957
7920
12697
3187
1520
21445
5776615
21870
5199
16205
10680
9461
3504
9850
11974606
13550405
9486
9814012
13508701
3401
5201
11039
9838603
13719956
14957290
16407
23143
3762
11418005
15407
10480
17571
19129
2388
1856
14962223
1607824
3602963
1231
13601338
930
12055
3316
437514
10401
10170438
3326694
6368
5481
6870810
554
13908020
6254
10914044
4998
8051
9102
21399
7552
2895090
24371
7152
7973
25024
18981
4770
12639
267994
1129
84
979
10694
23329
10293
13267
8202
7150291
8646
2659
12513883
13512589
13168
14845656
4275
13783
682
8785
985296
11568167
7533
2843
2954
2958
14305106
9115
10631
12131666
2203630
4290
13084410
4137
9263
2975707
11228200
3830
14081470
12390
10485418
1259
13239
1450
1110
4615451
7584
22361
2441
14964
6357075
5258
17132
14736214
12777463
7473
5726
13667864
3963838
1167
3665
8191
513
11691595
8804
1393550
15043
1858
8841293
7900
17809
667
4466
13052072
18385
45
10077116
14314399
14592885
518257
10776
14739625
3339
6141
6912
635
14946755
5119789
4813
1637
6418
15791
610
6028
8689
14669152
5687
9185
790020
18003
1426356
4567
10867
3020
16307
10939105
5145377
4066
9866
5378
577
4068
23188
8163
4117686
12067
15965
2903
10126652
5799105
4139
2385
894
334
14661953
4245
13954516
4497
5550
12629861
765
11071
18157
4382
513
13982419
10055
13446845
7051063
13105
3713
18348
2641
9907
3820804
7297
14513673
14019636
16381
1697
12682
9824
7292
23928
3734630
5682808
2799540
6488566
4624
6849649
6762165
2973
14036753
2403199
5708461
15619
8095257
6365
13657
1179
4809951
12893
14098419
6873
3020
14540864
4581
4246
11665061
3002
9503
7809374
22566
13581912
8581924
8945
10380
5966
2901
9180
7106
14477
1413891
14929411
15986
10182
11039
823
2851002
19277
22920
3805980
20600
10587
11729330
13432
1459
13114332
12072
3678
9660
8270
36049
14459
4607
8432
14288922
4324
62848
14971
2034
258
4497961
14935352
14818690
17996
10479569
11298261
14048707
14213
11947
2675
720
6464
15941
4750741
2942
870
2302
482
10512
986
5673
14023554
79133
7927
13010259
5963654
10740
1379
14607725
5724
1289
7724
14034523
16463
14645770
14485072
2294
19240
22469
5078
18149
4717
8243
8199021
122
19824
2131441
1169
3478800
4039650
2770
6152
11553
16829
11568
8186
4658
6517
5920
6513
7110
3380
20892
171
20300
13380320
11094
11219
12921
5486767
1190499
5056
11611145
15796
13219645
5404
2753
17360
13235300
14699528
12105974
9169
881
3609
12575869
8653
5930
12793533
10614
17552
11574
6648
14601674
17374
15529
4740
18383
17436
16641
1837
7919470
3772233
18323
10049
10996692
14964903
3254
5981
110
3824
12212
11479806
14881500
14686716
16872
14461
11568
11579
13048412
11051381
18193
10261
14530085
1073
19040
14512247
5426
11171
21403
16228
5127
698
14299383
14970825
15825
8111
12700064
14104
13556448
10328
528
5067
13893666
7837
11660
2188
2758
4804
2249
3332
14615
7566
8897
14310
2572
3302
4353560
8575415
21964
540
494
6877
11418
17787
11714
24741
25526
2552
6537
5631
7968214
4350
9435
19519
4589
11942
2527
14934898
13208
1904208
11437
5591
2539560
12352
10396
9306
12529934
6439
13798623
3258
19124
18460
10437110
14044866
20958
2451
10603
21872
3584
9041
9977
14909254
11707
2453
13205817
10282
19985
24903
12979
6498294
2446
7788
8763313
4690
6736310
2467
6050
8050710
14219
15885
2317
13765
7069311
5124
4948
3217
7994603
1084173
7135
12109544
12817
8327
19389
11300
7873
1761
6068
5880
10297
13701422
8328709
6809003
8792
7628
11690757
16529
4882
5912
11987
18107
468017
11330465
785
12482680
13367558
8844
2970
14971637
3669
14926203
7139
1390
16613
6489
13647130
1840
3298
13038879
7861302
14973367
5593065
861
21658
4314
234
19679
26
3023
12937546
226
12358047
2498971
3980
19768
6689
13083
1810
9416
7067
7879
14458
3265959
14322101
4449
11135
2193244
13240977
3810042
26398
9969
16876
2365
1384
1516
13396
16459
15282
499852
864900
1944
15229
7803110
11852
1807
13965
7765
10639178
20364
5253
11184
7601
5930
10592
14583483
3588
504
7460
12724
7456405
13760
9988855
6005
1164
15029
14536820
14820741
20436
7929
8307247
22047
6533
1191254
859
1307
9370
1805
2569
2701460
4833
5525
13377438
4028
6915537
7978
1245
6330344
2660
8941748
3087615
22374
9185
17479
7142
5941
10680
9460
4367
3712
280
13797
4216
440
17880
9802
14318944
7336
2373
14970910
1049
23236
12761259
18945
1978513
11145
997
18242
11007
12838529
19209
675565
1048
19570
7185538
1352
11152
13335
12180
331
8114
8839
15725
12089741
1700
2343517
14884305
8298
8010
14099805
1499027
4811
7471
1627
2061
18383
9315
4347188
9616
11417
13766454
9839646
11971
24886
16490
14523981
13745
10684
14304705
24660
6062
15254
8997597
13729
6405420
20367
6314
10054
428
11385
4442
14974291
14566718
404
296
19711
2867
7681
3085
5613
20774
3661
25808
14482254
6337
16559
5130
130245
11880
65
21285
21637
14720990
1770873
1054
13044
12359755
11526122
2679
9985
9725275
22813
9694
6822
7716
19605
19992
10343768
15716
25708
8508
8355
1447
237
1859
12536
5110
16309
5568
128
11006985
13257
12831409
2137
14983437
685
14905410
7412950
4883
2061
13242
11897499
12646813
18260
2219
14344054
10569878
19396
14148478
11526
15777
2957
9395664
12118
3822602
6266259
506
4329
16734
3366
758421
4365
5526
815
7603
12479
6479
8478
20599
290
13074
14587424
19424
1719932
823
2772
21526
14812642
14820410
10641625
20536
1974
10984
11113603
6183
4857
14142183
12647
9133
9339779
16893
12584
10050263
6904952
6829
14918046
14975398
6458
5361222
16951
17180
17404
7529971
1565750
9042
1535
2512
5297956
13414330
5690
12497219
11289
11548787
19754
23495
7641022
9245
17225
12631
318
12041914
13981
18739
11884
7803
14899334
536
10738
7925
197
8472
8980129
837
4099
16180
3841
415
6382
2790
13874375
3230
2304
14635280
10828
26
9863433
14186
1990
9526268
1723
7384
11476
3080
4114
16171
11048
13186871
10039721
3288
1020
2880
6733
18792
8459323
13227
7735
20343
11437198
5576
12505
6627
7540
6130
9048
5690
7681
3839674
5751
9002742
14154
5907
4624
4370
15654
11455
12174585
275
5340
12642361
2956
1044
16614
10405
875
17833
11406877
238
10137
15582
13538757
3788
435
556
2831
3013
5054
7322
16842
437550
7411
7904763
7853558
5179
7906422
5479222
15157
10704
5278
6278
6735
13129
11705580
4301281
10806
6622
7592901
4800
4181881
5763
6875
6459
5071
7082
2440
1255443
1542
16421
1089911
17118
15886
13361308
11372436
11042059
10618
15349
2227
13887851
12289
11614539
10419130
22486
2901
9752236
6881394
5850543
2991
12991
9165
19557
1908
21772
4066
20671
16317
3736337
14874985
10978421
18600
9531
9684
18728
8144
9755755
22084
2950
6694
12782268
514
3402
9353
2816
2107493
12026
6347
11343
6590
11564
21618
654
3346
533
12272172
4754
7992
5973
18557
14964811
14758236
4137444
14327
11485
23433
11569013
20467
11664944
13940761
16114
1740
2756
13750344
19069
8656
8484
1538805
13338
10507
5848
11825215
6107824
406
19133
6634685
11598
19283
10033341
4319
8188
9080
13127604
6872
5384005
7912
18372
4690
12743
642050
14023
14551242
3411
8794
22687
21400
8491
12499
14576862
95
3491
915
17857
11393724
5293
19783
11890115
3778
4847
5355
14859062
22817
13771
14039737
4501525
6557616
13103904
11141
6418
2171
20227
3
8800
9244
6809299
10731870
1156
14814
2621
9584
9220638
13491
21288
13180824
1393519
8359
2408
7908
9131809
9940
8095
11588
13049
8864871
5896
10611324
12557238
9417
3847
20557
1184
1066
1377
14978669
3949
14855745
146611
4791
10734
21112
14520
10256
10969313
9893060
1162
14180
11927855
14705923
21200
755
14937205
8358
9790
6473
6021
5677
1902
19197
980162
20518
13222
1937
2539
12601
8894991
7681311
4196
20760
7120
4435
1572
25703
5305
8778
6971
5179
6767
8594900
17181
6074
5206725
1086
918
470
8799
21942
12390393
780
11617444
5892
3508
18637
13567321
19699
481033
2125
13089520
13723
3892
11618435
6043
3761
9554
13990
23829
11713
5924
3919
3977
14819883
2842
2125
5218
5266
14896304
2750
8667894
7941
1364
10106560
10506
2255
10904
247
6633
2351
7599
11985707
2169
14980205
212
20605
4977
13903
8886
4154
8026
16141
5735
1588723
1240
3733
3110
22582
17146
5725
16546
8356
7440
3129
23370
2035
8364089
5981
13520786
11158
13129294
7951
14112828
13312375
13886753
11122
20622
12191724
11859
12664
13720452
6171007
4283587
3944745
6069877
16378
7003
1376
4509
4296
10873745
12848708
12704469
5386
7402
2708547
12668131
419
16598
14765
3724865
10093
9377
13448155
13218
14953268
14899
3178
5203
8725
14868369
16483
6977777
2729
14636321
1606557
9474
6939
5254407
10235
5201
10351
20780
1815
11371
15166
5802
11848
4209
11229
8556639
14981203
7500611
19347
11885
3742
13137
1001
17460
1222
13858418
1996
15671
10713213
14943959
3814
14254
8323
429
368
12290
12172
12573581
14431387
14393724
12179334
7079
4715079
22215
12363190
1339
14727
13049
5527
5841
3838
7037
22545
3581
8059
20675
2909
18679
12118384
4297
11032
3683
19397
10036718
8998
14735130
6648
4061
13550
11402247
13100603
6666
11405240
14393
2468
17007
12934066
7190
2126070
14034369
17105
10154519
10544926
9704
7265
4334673
12218473
10877
4872
2821269
997
17340
18842
7181
3339
4998
11638
8660468
2994
11542982
4396
8653
4143
11784
16680
16847
10814
1889
11747190
17249
14912359
911
21645
15195
10989306
11884
5459
581261
7929
4194
5869
4266
9246
17246
15335
5109
19324
2750
2388
8310
609
266
4794
12140
18885
14271197
12131420
6843
6850688
6239
5387
16295
14943128
7888
11606
859
7386
14707
6634
5536
2325
14090718
14164
4588
13144984
9090
5327
10328
7253
7663491
6285
7426382
14687087
13753787
3521
1350
9674
9178
4760
7287
17703
9507830
371
7653595
23057
5017
3157438
4152768
1998
13819624
291
22024
5118386
3232017
14715705
629424
9319149
3121685
15702
10295
11393
14179950
16089
4435
493
9515384
14948729
2359851
2786
17464
8267
11583
8660
4220
18878
12506348
5253
9783
12934846
15187
5441
14858069
3587616
10316
11004
275
22100
1473
14322019
5400
7801
7537
15619
17125
14372249
13907164
9574
7342441
12157341
12361544
13
7613324
10236
2266
8259
9946
1260
14247
6348
3993
9317
2274305
6914
4922
14156971
2983
15144
3492
5731
16213
16768
4142
14667877
7029459
9936
2961
13674
3790540
11437
1750851
14814930
12746
3147
1196
3418
1881
8116514
8901
13829
168198
6067411
10640
6909492
1355
14633249
25439
4963
7460
5319402
7842
8724
1791
13048
2686
11927
15693
7924
4426319
5986792
4665
3906
1309
21189
9476
18790
14211436
13999
14782
915
23752
13311091
2887
6869
2791
5047
23889
3393416
10292
15262
12711
9414
17595
2571
5708
13745173
6443759
12178
1664
3479
3016
9480
6321
12086044
618200
2830
1283
1537
10754745
10289477
12551
11306566
18233
19912
5664
9878
3271
15721
13853041
9844
20361
12748
16614
11754324
9641
10109
1584
26177
1477
3369
16581
6092
6413887
11336
18227
14824549
13231
7629
17094
375
24962
16739
461
18666
11717
14972574
23814
6186
23313
9322250
4555
11009
22131
3030
23008
5098
620
14935580
18514
2544
11694
12381
16252
11380787
4238
17840
17296
9160
14434123
313
12467
12289
24180
4290
19897
15724
1613988
3359
14955093
13969
2876
238
13018502
3799067
17632
10628
2965
4453
1706246
1283
26168
13142
19928
559
11073
7860310
105
3609
2552
6079308
8713399
4378
7069
6302
7699
20446
8642
3291603
16775
14980866
1733
14136
10012
1295
4825
9168
123
7193821
9182958
9957
13535253
12028
7039
1292
14474094
5221
19576
14841826
22671
12445
8958
35
9709
2530246
6319
15796
24410
13539149
4894
8185601
12757738
9884490
13291359
5591
1650
7428098
5483
728
15202
3017
2771
15428
5149742
8310
11216
11724
13094991
10841
2393
8862
10489980
10973
3508
509
12869728
10098
14215
19440
10538809
1891260
7713
20806
19806
12729
16033
6987
922
14969326
6023
18991
793599
419
10460455
13271
24522
6252
17992
467
7573066
10577
8790
4859
17468
3299250
4856
10164
9272
24
5854
2842
7445
5211
9338
14525
20895
14936140
6207821
920
2612848
16272
8831
22843
21746
14830308
291149
14552
7986884
8226
13377
1311
9597
12396
7806
962
11024
19095
19462
10707
12359793
4804
5336096
3025
9015
6601
4372
731
11670
14467
4156009
23570
17004
1848346
13503387
10506
7640
6519
1042
15293
8177621
16433
2658
1672322
14941015
20105
14880
13645101
19347
526
1117
7563
24186
7360955
18604
53
7895
569
4998
1411
4413
11994644
13936
9303231
1740
9498942
3838
6002016
6385175
4108
1320
12524
5365
319
6601110
14568076
15093
14328
15300
19918
22754
11205252
8513630
10233085
7970
10879
22679
10278
9272
1198
3110
14546
10252559
63
14655014
12977530
5231
1557
12667
17780
11194
5352
2043
11675
13706
4825
14955192
9413
12414733
19476
12504383
11529261
7045893
4812
4309
1939
14766420
12239004
16201
6909
11757
10206
10784279
493
2540
16910
2441941
16526
6790
7228
11543
6915858
10769
7715
7048
14231162
12664880
6806448
2151
13921
17297
13786344
8216
6672
2299
14335150
6244
19428
17425
10035
4676
20530
779
14386142
6347610
15434
5545730
12428
14711581
5053
1805
3151
14810814
11503
4125
5093758
8012029
1742645
12776912
6028
8948
14699407
9735219
16093
3961
23733
12060714
14874023
12671177
10970241
13599569
7209
10243998
967725
21079
8574849
14350238
14884763
8303
8433404
3134
3050
12842
16094
6592
10582938
291
9156577
12498
5942
14320443
14986568
14634461
8272
5034
13102758
13469653
13510261
3456
13097042
18834
13854
13871
5943972
6666
11478
4342
8552
6762690
16500
12315340
4198
1757
11347860
7387
20037
11467
6609612
5974
6956359
12146
1991
330225
1611
9506
7911
5557
9547545
17147
14797745
13207613
12384
4371
14663139
901
9915
13637075
8919002
5141
25572
6671534
14629470
9019
11175
6395
16301
14304
10986
16123
11968
1409
8878
17145
978
15352
274
22078
8307
11596
6626463
9979
17073
10123214
4659820
14730713
20772
14093716
267
18759
7177625
627
15779
8619
1860930
7074
13833369
9444
1506947
9296817
8759
11419162
2975366
12771981
8059034
1341
16133
3954
5911
11996574
2217
6523012
23200
3201
521
10763671
3847437
8364076
13899958
3838275
8945
621
425
1244
1494
14251154
7827
14730497
12383520
444
12464589
9778309
4120
9420
14821747
23307
22241
18391
13163908
14062180
1473
14028
1160484
1930195
727115
9846
20723
17263
4738
8663883
11018
6101
5626
8105
3330
16594
2231
8898
23176
12008377
16061
13171
10949772
10381
14023763
5882245
3292
11840
13085
10089806
5111
2658944
1320709
1543
8689343
2238206
3852
2587
706
7764636
11137664
14505
85
3785929
12583
24449
3452493
3980
8262
13021
7696461
6417
10122
11172
4016661
3856
10788
11475
9655
4445944
17146
26056
6164
8616563
15715
24006
854
14703808
4781
9996185
13857
3357
14705614
4588284
1644
4078
19319
11860265
13178
21187
14985426
148
2016
25186
713
6107
17536
3135
17487
8846215
5525
12813
8839
6312
5405374
4608282
305
20779
12910
17647
14218994
3785
559
831
12496291
2710
14711767
1023
10009206
642
16539
9916
14741
3971762
4578
10188043
10549
10520
2373
12623174
4604815
21032
25666
10052468
9828
13604128
12435
264
4730
10396499
2541
13625737
1596
11433597
8168
17748
25772
2157
14733672
4808681
22910
14936
5543
10010288
17157
16469
10901
15709
19267
4184
6860
9380
6677
17831
4408
12412
3686
1227
14521994
6116731
14912
8902
6330
17542
12517839
2696564
14783203
6706
13790
14020084
18562
1923
1228
10059496
11170
14736358
9375
4190
10556
6038
3686
356
2131
12109
11917091
10676
6118024
3407
21200
3302
23239
1694
15998
8454
13117229
723
18260
3507
14817424
8420358
3411
15198
1334
13963473
2032
9544
1146
15707
8765
3947318
2860
5307151
14982496
12768714
3600519
13106
7327652
3793
20980
24024
550
13607
5381
13676082
2663202
6453
13909
9782
11014
393414
25311
14967259
9893203
692
11237
464
10000
9151
422
21324
3365
15296
2977
23032
3842626
19401
2068
13544
7256586
7726
1901
17173
26253
23023
8531
10822371
8023734
6849867
17966
17572
17238
6291
17522
13685374
11014
3871
13757528
7624
8400
6138
11550
9845447
3467472
2792
3809
14444637
2569
14935338
10570
11419292
7605
13159
13337
8699
7203
3986
12487
1459
9091509
5441
6253
742
1727
331
18603
14561608
8382
14565843
17542
8181
2188
11598077
817887
7148831
5850
13556204
12271837
13645126
14469105
11802
12152
26841
9318352
1220120
3346
12371
19670
1965
1099
3107
19830
9225971
14962165
4451
13772
4731
654
7098225
3546213
20229
11710887
22188
2909562
8467598
3484
3387
816
9700
12473
2164
13621266
3138171
11912
18769
7657933
21657
5291
4881075
1940
11941
11718
837
1752
9760
17163
12117276
7696
12522669
4840
2984771
25993
8064
11847
9226276
9320
4413493
1299
13883852
14868892
83734
1553
14761
2225
8280
3567591
10870616
6638
5072
10218
2165996
15786
2986
5019
5764
14940
14333736
20713
1851
6477
5262
5540617
4838
14955430
937
15201
14074121
10944235
22171
4963
20347
5363728
17524
14979032
4456
291
9454
1271
11974335
19165
4396
7114
13905528
3193
6205
16028
6261
9719
10590270
9446787
14733430
11542
13239705
4995840
12616
21288
20875
19527
12310899
1533944
14000
19261
468
21024
12179
15515
20816
4017
6784
9329
1100
11674
7597
8183
3422
3831
7943765
11108
16784
12962972
12680
220
9447
7699
10234070
10414028
9865
3483
3864
6478174
10992
2090
12937
10222
3459
14443
4459
5174
12423
7517
20493
1091
7927153
3147
2642
3441
8209401
14461318
5074
14782
13212948
13580199
20259
5391539
10187939
1902586
1614846
9084
19936
4008753
7171
13879514
513499
3091
11766064
2482
13190
5042
4737
1777
14647133
4902
12072758
20960
5471
9672
13167764
10570393
12686
7928
5521
3927
1354
18949
616
3886
12352376
14839552
1832
3247
22455
5194
191
4040
12539
12585
541862
2168
13535
21259
10255106
2809
2398911
9718
14421483
4654
7929
8293
14326
2124
13465151
672
13533039
10454
7655
15784
14452557
8867
3479
2745
9801
1581
10925211
24224
13237070
8272502
2255
1669
18766
1934
13138646
19768
13057
7443
14962956
14758282
1687
5787
10212
6196
15137
18348
1630
146
8914970
5837903
22959
827
15553
14595
2118
16427
17950
4093
3680705
5631307
14443378
1226
4137
13566
2977
4977
14977139
17036
1434
14954521
4424
212
21008
4992321
1635
18063
21082
11176
13078308
993
14221600
10762791
2144
12189
11582329
2331
4566
5164277
10603468
3809
3063
4759422
13013
1668
1816
10844
12628
5287966
6428
11382562
9141069
14081
9518
20630
10929543
11295258
15223
7766
13878642
14010741
13551048
5582865
967
4579
14016
382
2684
12897559
11430478
15077
1397
3947
14515006
14132
3684402
14608252
4214
1036361
6348
13219
9227688
12777
601349
7269628
15640
11069
14088341
9185
14305
8053
12604
18021
5496
16747
1666
11264474
10745
22804
5263146
23905
9754
21037
17817
12673510
14212643
7164035
9187943
5197
13773
6484
9813948
14633
1902
9446737
5953
3259
740061
10182
2713997
14862
11616
14896
13496684
15312
1365
18428
4606258
5708
5245
7027861
9399
13463162
14603954
3032603
16672
6533
20603
10299
12364
8570667
14354
96
3831
4130
3351
11697
21780
8554296
14641996
8912
963
6958026
1621624
6763
4944
19
3717
1347
5286604
11582
400647
2837342
8650
7694
10831456
14570887
9463604
5399
2949
2339
9207
12921375
7573507
2446
17361
2281440
7995961
6529
9205886
10689
6033
14126142
9184
14826777
1436
9794
5638815
14784
18195
34
7884013
10866961
5404
8391
2058827
330
9905
5198
1441
10670
8857
12724
559942
4348
11925
3039
1025572
7956
3991
6485
1781
10258
181
12623
2686
6371
1384
3501
3260
4164
12478509
93
5093
988
219
10934197
11865352
239
10874
15506
4968
5694
14942141
4422
2773728
13433
10911180
8579065
5205
8745624
13292
726
17104
19347
4039368
14659840
24020
3461
13269
699237
1218336
10875
10829
9527
11986
8404771
12795
5241961
18014
16975
9390
20024
16397
3542
1534
7829
8561738
20266
15462
22507
23871
2638355
15767
18694
7824
6184
807
14272
23261
14979394
1198
4303
6490
6563133
5881
5998
12392158
14984460
15686
1758
15286
12798
14629194
8129
20220
2535
11186
7521
12137
2061
131
3438127
12958
7853
4716
14684128
21708
9392
7871
7526
14879584
3151
2322
12798
19745
14847
11355
2
14351526
11114
7749
6178
13062206
13600
4149
2478
6045
13611489
7755
14787089
8692771
1572
5791
4914162
10403313
11248896
1259
2880
1602
22572
6420614
14663013
13387
1639374
6519561
7540385
10923898
14774785
2928
2035
14843
6140
8612
14175
7435
12981
16266
2061721
6262271
855
12084
19730
4864
3988
9967
5507
24416
14540
17556
14972282
6959
6554
13515037
6139
14088
9163
17482
14596324
13353868
15276
10951
6634688
11732
6670
3544
16807
14793343
14044101
5097
338
2393
13510579
5123421
12007833
3197131
4631
11661
12190433
7990
15639
4720
11127
24447
14883307
13534190
12163
6984502
5965
12224235
2103
1946222
1526
14871699
6637
8859
17790
7801178
14895
5135
14648
14031331
6158790
2436
14352416
3691
13775
5419
9627
17874
13383199
15803
10251
16614
14940792
6845
7602
15805
8341358
23954
25605
1494
278072
12181
14966216
21265
2573
10315
15772
9408
14449591
6166721
4133
10185
25918
14862759
7020
24028
9104117
7224
15997
226
4268
10350
3858
115
10310210
9018548
14232
1624
4049
7330
5417
1159
4997
14580040
13865242
2579603
5465
4029446
10933
11267150
1489085
20370
636
9545
13889952
13222098
7656
2805750
3992
15850
8303
16965
287
4582
1750
5494
14260
12767
18736
126
1374
13264
15586
10828
14014
14321
18785
15227
8476
5535109
5008
5383
18135
18758
13897274
7617624
9226287
9462
22248
11432222
13064380
7156173
13532418
4853895
4720
5342
4777
12153367
4160
13422513
14873093
3116111
7438782
18697
19225
5511
3023
12123094
8163
13022854
15815
7429
155
12395321
7321
3457
2983525
7359610
8891148
21574
14190
1580
4717
12974171
10667
14549
4709
13007917
3432
18822
20685
5999
12514
1387
21153
2789
3289066
17431
11036
13775348
14417117
2265
8632
22592
14682012
6009
4736
15649
11686
8182
6403
13566
8964150
14495033
13126
4900
1532
13584
17498
12527
4076
8141952
9173
10822
13876
11415391
4556
17093
12
13853
14844688
7245211
12033
9835
6002
10549
1077
12658
2841
14885
24697
7097
1806499
12851282
7753782
5642
8001918
8996
5080044
14760824
9616
134
6975288
26068
14457934
14629
7368
15231
16624
5644219
6345
16270
9218
12565
1639
7434
10862798
14202429
6749
11512823
2484251
1395
1576
2962
11469105
6241455
14950971
20803
1571
2319
6444859
1514
14388009
461
11980
648
17374
12456
17103
14394036
15500
10092
20916
8343
23447
550731
9805631
3023
12200
18514
639
12421402
13525
3934
4807
2355
2783
2653
13657975
11575165
3271
13599045
11961204
13985249
3852
12146717
16811
14476
8925
11079
14975824
13768
2039
14456499
7223
5298
5104
11575466
11755
78264
15544
12671208
3085236
10660
11275
2450
17473
1794
20208
7890
7703
9972
6514883
10196
7803630
14867
23437
6723
503
1223
10809451
6145
14962609
13886861
2669
13228027
2063
8606
4744892
3622
1951
7775
14717854
3495
12415358
9987
3789422
1496
6556654
7465
14173793
9326429
4306
15509
16078
2779329
13944050
4831
6096
22178
169
13909819
5168
14964260
8496
20793
2738
2190
2178
17537
13788797
7273
5382
17944
3009
4344
17833
724
14788
3546
11046
6726
1182515
13365432
13768771
21257
8165431
11989
4386913
4833
3065
3647605
16750
8860
11772350
966
3435
960
4059
1935
5348
11018
18547
1716231
738
22044
1097
13212636
3783
4367486
4498
651
6661
24407
1396
14768899
4252083
7014
6201
13584547
3746
9450
7652
13070370
11988346
1356
11078
7986
18866
13323673
13871674
14730
13200513
3369675
1806
2321
6421
6236422
12410645
11363
4072648
14896749
4708
3757861
3158
12964
23825
24662
1266
12730598
5510804
3355
1370
3204
2833
1760
9520
3930
1110
5133
4346
13107210
1235
4736
15648
17062
13916239
18668
1684
11012
8085
18224
1117
12476
4531
12416
4852905
17754
14053275
14459296
9439155
16927
20408
13611218
8161
14301
14642029
20373
6933746
13557557
9625
3440523
5736
6500
5958727
2187235
11524348
14981784
5640
18958
13907822
21017
1947375
329
19581
12864
10115
12228712
5971
10315
399
519
2664
13661691
20939
14912373
1286859
7457111
12686
11252
749889
8866
12939714
14192
10027
4254812
8537
8794614
10409
3417
24503
19283
528571
5401
7686
7685
5195312
4713
20539
3080
515
22320
2506
133
4767
7179
16743
19630
14315937
7677
1176264
3229359
9886
14725520
9834
2042
8927186
12143
6128
11081
14040
8711092
6696
7613
6838261
16275
6180
7653
7566
9160
24717
5476
1053
13066
11937
14730
728
12546
13074462
12840062
16320
582
6859528
21585
12331922
24772
3919
4807984
4828
14814
12981989
1465632
3966
4867
2097927
4685
6549
3160
1300
6221
6997965
5579
19506
7461
4270
13604503
9964
2039
12251869
14805615
912
20303
14508433
12474
6721
12825
3301
10359
6763050
1095
12982040
8655695
14139
9208
15709
6282
15700
4306176
3435
9625
13796103
22488
14881
1186
3443
19383
2738
10880612
3547
5631532
7402965
11305574
8329
90765
26756
14753931
5884451
4007
9664
3520187
7950
16143
6895
4117
20219
5859
22116
14761
5135
14608011
14282588
2245
8813
12200
17128
20147
9913290
5164
13868792
7768
14917709
16005
12104
5282
20797
25437
14961464
17343
1490656
24058
14004201
293
10781843
14977210
9667
15105
4824
361639
2923
13854330
14220
5122924
14979
14694303
4586868
12647557
25730
9009
22150
11069
7408
2043
5153
14280576
6720683
5664412
23230
8084875
2057
9387
14727737
3601
1036218
7656040
14709434
18672
14616850
7050
11069473
9084
14720355
8025
7885
3582
8838238
606
4215
5099
20052
18472
14640474
25
3951
25515
4345
11047
2491
13173
1276
213
19226
3231
12841358
4334
6966
14346953
6295
2554
11449
21640
15642
1632680
8412671
6010
16592
11970727
14137026
2969
5264
12982
8226891
13396
11154
302
15043
15807
9075
13512322
5430
4127805
7010496
6298
7673626
3812
14969867
10354
14769564
8952
12906
10043
7632215
12039
1328410
14829
22468
5639
5271
11598
2846
3809
755
21915
5442
25173
3169
7696
5248
2865
10528007
14622843
3068
13980
14948833
8122
10711
10704
18552
11532
1745
14057935
14932995
13431
3331
3615
3949
4653
5413
6655
14446894
4677
8988539
14092807
14245768
17859
12223442
11354015
19379
17804
2879025
9135
4976
13060
4826
13923687
24030
15052
4993
10314
20027
3040
5733021
20213
5600309
20980
15604
6209
14947088
13425
9274
14824239
21141
1028
12794
13040
8241
3024
23011
2006
8328
6495
23201
9783
14841964
8169630
14437
9752
6121010
8637592
10243401
7126
14204503
14934840
7649
3563
11828
4669375
6897
9491
16284
11847
3707
20948
12017013
7976
12945
379
8267
9445913
18904
342
15906
4012
1789
12746
198
3120
19045
5901
445
9323909
41416
5927
7419
5178
14294
11724
5525
16106
16390
1704
19188
6922
3305
15462
11265716
9241668
551
12400214
12768
12325
7113
16555
6610391
11871
2806
6810
13313491
1412
17281
2535
10737
15930
3508
13634513
3405594
9283
2783
9005
9642
2003
15087
2540
7634
16734
14481908
13304
6430
8193
13709558
8209426
4694
12500863
13831921
1749
2659370
1655
10613
10759475
12730915
11450
6931
2543
13312461
13999
13393120
14186
4004
14720
7674
4409
2957593
4953
17208
3464740
7246
2635
10828
12145443
10301
7246
4233
11383
5608
3941
959
5332
5883
10484
4738
7289171
10146
6774
2736
13692868
8447590
19217
723
24999
10754267
17287
2010
4153578
2773
8552
11416
4885
11732313
5868
15170
5233
14919908
6078
23063
1015
470
2718
14495830
14466765
4191
9942
7584816
2694076
7886
196364
2877
14731291
3939
5236
22192
16257
12967661
3153
7135481
3647897
2191
19622
3752
14783764
10959
4646541
4942297
2406870
1483
9044
8706
8170
225
8594
5633
3279541
596088
4381
13765
20402
547070
13961040
11999943
12639645
4095
2438
17600
14717024
4028137
4575
10306484
9565
11078
23094
3572
4505
506
12066
335
14449019
5194805
4110
6475579
2284
11636674
14443918
4222
2099
10065
1044148
5358
733
8322
2877
12775
11044
11170
16937
3072
17815
11088
15055
2270
5101
15355
9972
5557
1949
11685
10061
23763
3199
8906331
20756
14423686
8055
20942
8535
2703
12066
10853610
11337075
5845
11270
11204
6509
4852
13920887
17786
13032499
2937
21552
3376283
2441203
13214
6539
940
10904
17232
5591476
4304
191
5417
4004
2974
12048
1143
17590
1746
8912
2866
3256
1011781
1103
24570
12664659
2396
5098
21588
3795
13233
13098133
9110660
2073730
7086
1753
9686
11390
7785511
2530
25054
14127542
8801
3638
3759
3381
8371
18204
14579525
2725441
14789712
16047
6505
1239975
12854363
18986
4691
21530
10531
21055
17147
17517
3613
14068
11800231
6569
14938528
5271613
14985977
3525
8019261
3794907
10149
1131
4085
686773
14080385
1072
1957087
7575
6164
14132554
4364
16055
11776503
9753
15498
11928
6457
15081
14978372
6881
5134
7910
16182
6835
14909338
8380
2827851
12339
382
1789347
341
10464
3537
1470
13562598
2355
20194
3179
7573
3108
204
10576
11390
14752
1395
5824
9105
11022
3500
10230
5899
5374
8295
6689
17086
54
1869
684
17838
26465
4164
16211
943
14950435
5835
8029336
7235
10058
8215673
9626
5986
7759223
3634
198
11829474
46138
9348
6203
10772
3345261
2220
5165419
14262
3988
10516
21434
2803
5441
3904
7459
5305
3504
9501
4506
2674608
14543
11889
7765
9280
14783902
11209
18527
4247
2194377
8613115
14961848
6165584
14469
6657
5237
6421
6535
9017
6192
11831114
9818
10868200
11176
13809031
2578
8087822
8486
776
4114523
12822085
18893
11413
1741
21029
3725
13283
7099462
3202
2635
11954
5911
12097
14971960
7908
1278
8471
11856
14740
12200
2479
10611966
4814
1194945
13520979
4439
242425
6936930
7869
21924
7193
14120045
762
10659663
9632098
14699431
13095038
11141697
12773166
9370
4765
11941
10902070
11038
9900139
6977865
9463
8125
9588523
2989
11124
7572
25864
10872304
12295
6206
3319
7620
12068
4834359
13906
9783
2365811
14944900
6092524
1431
19256
2077
12489951
14867015
11898752
11549875
11660
11440252
1782
13752
796
2013
10582
1602
14868207
9604
13062
4657
21972
2265
10787233
10945
19712
17937
13925
1374
21139
9682453
8941
14283
16704
5198933
16289
6508
116
7183
5875
17057
9294
18239
14228165
14950
20075
4417
2821
1032
15305
224
7923442
16180
17171
19163
1834
18624
11700
17459
10521
15651
8955
20670
5674008
1174
5253564
4412309
14840470
13867
9202584
4099
2467689
16709
16927
10476
6100
4591
16836
15891
6402
371023
215
4546292
8598
13946465
5061
7318676
21294
16073
14786260
3248600
1968
10892
6356
6400256
3789
13533
22079
9017
11390
14863128
9321
14944726
5831
8725
16055
6702
19805
5294
14424954
1818
14674811
4763
5663
19947
17063
14988668
12010
11312394
14461638
13913686
13605
9974
9603202
8771635
10107
7322138
2469
904
5406466
2771
7405999
17405
7531
13687
11349713
13755656
3737520
13427541
6746
2670
9015
9850688
7651
12935386
1959
1523
967
17051
1152
84
22795
612
19936
376
2555
5557
6035
1798
1007339
2452
4464
3009
3431
5194
20858
12514
5109
4329204
14462234
10972515
14490311
4231364
9417387
2629
14967094
3141900
9536
9
1363
1232
8054
15667
11231149
8314
5305
12363690
10374790
923940
7983
12113
11147653
12837651
9770622
26373
14773678
9379404
9837
5952
20228
20998
3188
11330570
6792
10079
14639245
1643
7504
391
5743
8406
4449701
5396958
15096
18350
4174381
10260
9336101
7805886
18072
19618
9404
10128
1057
1260
8648195
8805
6747
10710626
12613
10785560
8414
12094
730
11951445
23269
14292132
11044831
68
1146
4257
16816
7545
7672
9613
4091
29
7026
13774
6177
8222783
13440
2640120
11755
13499029
17926
10804925
4779
12427
6874
6273825
18931
4577
1895
7548
17747
8913
11093439
13088
20864
14632400
20296
10155223
14963768
14881187
9131
14694218
13694578
14464
26591
18474
3259071
5555
2521
9848
62
240
10044
10156
4846
8397
2908
2359211
7116
11681928
4807
18357
10777552
16625
11179341
3420
11924
3818
12785825
13412448
746
11838
4301
3454
2763
295
3186
8706
941
2360
12405
6056319
13756756
14996
6814
7839
14434448
4253
12230047
7608106
12147931
18221
5566
792
18381
11212270
6508
763
14249
11471828
5173
5330769
9955
15266
2448321
13070
8834
1834
7845
14768
3959
2217016
14936746
6408
13850628
6946
5342
5974
5831
2514117
6248
86
14677568
8369393
7395985
3097
1589
13011
9448514
324
8913
6978
9475732
6742
22128
14767894
13817591
17663
14277
11081053
133197
12259
2580
9142686
12940
9790
2433
8971
9674199
723
8488903
11155
8947
16591
6327
6758
10270765
17475
17146
2132
11410
11701770
6918
5102334
21796
9452
6288
11999
842
13916
14968017
3751
12023
9907319
4080
7338904
12763
4889
128207
473
107
11757
828
14219892
1666
6815
3251424
8019
13980111
2970
9134
14962342
12395
19636
18983
7658275
219
8083
5410122
18885
6862613
18919
16656
12334
15821
14753813
14051
13748
15487
12441
7686
12358969
3709
2535
10210
4845
21265
8945
2383543
24523
2729
5242
1362543
14469002
11138
9371486
15468
5881
4438934
3871580
3963
6856
17450
13507
7462
13926066
1633796
12292506
864
12807
1684
20414
7674
19967
7319
9356393
10480
7597
6493
5851
1494
1332
7242444
1887
14795659
5289
9941
195
8112
2935
13125
3597387
5216
7037
14688
7814604
6063
12814
3625
3555
3723
14267435
13671
16776
3517
19649
13599359
120
14245182
15339
5318
447
13684
3933
11666
11751352
12648008
11132
11110
10055
1703
13337756
13242099
6504
6454
2213
9450
1612
6059
14828212
15424
17491
13971671
8172
11788
22263
341178
7261841
1503
14133
23977
17709
12444960
3263
13284
10331413
5594
4299
13274399
8223
16947
7773
5758634
8367
1836
720
4408
6924466
2689048
13576
1049
4070
14585
4609
15131
3834525
6849
24843
8361
10457
9573
10728
13195477
11616591
14966262
9947
14627305
8473
4670
14806
10055
13023
3012
1531896
1108
848
6314
9532078
13147
15518
18
13889
9503337
9235
10550
21976
9379254
1574
1976
12484
11704708
11317
12232
5319
9905801
11433
192228
16144
11476391
9146
3008
14931835
166110
9585
13693
12815
7924565
4187
6108
12081
11264255
6062328
3759
14117
15953
4606
1596
1527496
8695
3678096
5136
5922
8929554
4367335
19975
2460738
2793
10534271
13237
15265
2966
3330
3896872
20704
1720
18282
12792
24035
12230171
1714
14876115
21353
3640
7543
13764461
17247
23064
6879
20408
14904504
17022
4942
15983
6877
2935
652
13394898
7162082
151424
16433
9819
9676
11189146
11707
6683
8045686
9594
4782
3758580
15789
5624
1787114
10157
20926
12930
14283344
9311
14906263
431
8117
12535923
18313
13085566
7529
2515
14588377
3282390
8328720
6116548
1534
8339
3012896
4859755
13821343
5674524
13301418
1274290
22573
5481
17572
202
7251
5862520
14568
5221
9526
14733741
7902
21545
4464
4609
1431654
6204
8095
5216
9325
2610
999
2681
13899
2916080
2569
11062
949
3155
14581
16430
11804653
2282
201
3974
16504
15869
14945877
2813
5650
579
620
3024
10513979
20108
16064
992
8511
10272
13011
4045
10077
2258152
6390
862
17895
13243826
20305
14152773
7306
15454
18610
1478646
6806364
11358702
14006
13108
8445
11140
7363304
2956
11071623
15038
14056
6896168
12393
3259
11434
12733117
8206
7298687
7995
13428
9528
8960
607
103
2485
10808
6959
4861
5605
14763505
5907069
12807660
9472587
8237
6303
1605
14055803
1576364
1893
12272831
1380438
12798715
19547
152
21452
5016966
13779
4165
7838
3263
6976
3745
7422
5581
12030103
12137801
9854
12603032
9841
15613
9732
10500586
8060
11676
7554314
894571
2686
2842
4026
4390
14199
9278
5534284
5555459
13338964
23406
3863016
112
1616
8458043
16838
13179
4927
8199
3503
16604
3650
13549395
3202913
16880
15497
16144
4417
19846
8849724
12655
5814
10212
11536628
11850
8947
9833518
10414013
1686
6183414
19850
1557975
17745
14945588
14793
12280
4388
8144
13267
1600
18113
2488
1706032
3772
6323
577
17176
7357
8247
4912
17719
14969197
17612
8797
919
9158
21941
8512
1673120
1095809
14675242
18305
16147
17798
5986
8439
13222
5729
2182040
23466
12399208
56
18893
10801
2918170
8081
22664
5166
14053
2347
6290
1609
5108
11510
19987
6152
6132
1041
17954
17445
11883
309
7469
7401
2816529
12968
9422232
775
9935967
11511235
6231
11478
6823
10666
13762876
10163588
18023
11724670
13090184
11985
772
4308
9455308
1806
10051460
12718
870
14976195
10135377
10208135
18635
11236
14784881
4024
876
2555
11973303
229677
14940599
12865
17638
11044
23653
6728
6008
12755751
101019
2658
5196
13726515
5578
13918900
3345909
13665058
17435
14873809
16009
8654
570
5333
10413
18349
1723
12324230
11381
8515980
1499710
10396949
6019
17873
22529
4700
14906879
13404966
14392948
12882
5803
14594
6896683
12249951
10515
2609
24887
2892
4696
11736
6262
11672
11408951
5731
8036225
17904
9121388
371
4424643
2100
6494779
3115
15666
2657
13495344
6260
14083690
3020
10065934
14791
14882943
13990100
20672
10014
709
6888
13801665
10476105
14164509
7785284
17873
7888
11332860
11941
3321
6931
9361170
6183
20035
8398
74
3463
3955
25573
14966231
14847324
6897405
17574
13515
1264
7778
4062
14368
2654
1990
10687
5762232
2104
6509132
10740
5292
10387
12523703
5179
15274
308
9942
7901
1335
17106
14818553
5911125
7253
11823
10369348
1742
5993
628
10069
5584877
1397
8492
7391367
17125
6352
10845
2200
3613
4670165
7232
13634
9222
19122
2535
19289
9066
1454
2840
8028
4292
3532
9972
19271
3874340
4468
17845
8037
2963
2009
3380
7085
18950
3105
16155
23811
4017
14776446
14638744
2219
9917115
14602397
8244
9432
14015579
7405
8455
12465135
17060
20499
3410
7458376
14915835
22637
3895924
11084
6568
12807864
5590
13504052
8499
14029
10355
17998
12735963
2292131
5599
11767164
10532
14344835
11024
9352
11928065
9692
4883
13867
1278
14415708
11200320
8108
21272
15390
14401278
15795
1315
487
14686370
10801715
13219598
14516351
16331
9291
6603196
7283
610
5701263
15791
7501924
6539
5306773
424
3867
2252
12379145
10891
7471
3109
3527
25101
19977
4956
18207
14483003
9019
318
11170137
20759
6103
2541
9532221
7342
7102
5368718
627019
15106
14274818
24477
11899
4336
9393
3613
5733
692184
20984
12369
8217
7601
15844
15984
7674
12143
17100
14907029
13116
18983
8639
13142257
20483
11930
2750447
2570
12370
5717487
14641514
3614789
6621
7475
4005046
7971
10685136
9612
5905
1754
4272709
15883
12452747
18593
11828
24465
2747
1233
3731
10848256
6011149
881
26040
6942
4243585
8824
7968
5421
2933
10576130
13423
13587
330
2601
11156
10300057
12964411
8179
18740
2881
9041924
15680
14880
11686
8067330
14816683
12831
3766
939
8125
218
18108
13322
14445082
22698
11345
19430
2157
16836
3164
5976
4527
13990530
9970124
13728147
12032060
21263
2269
7673
16116
14794998
5028298
3819
213
14142874
17191
8894
14951717
10766
6526
3284313
20944
16861
21434
7565
8857
12520
5778256
3181573
13703405
14450760
9471
1211
167
6577924
5861
12543
1750
1868
13084
8751
24950
20089
6491
14957359
18
23702
23211
9198
5557
8857
3637
8836
7010872
11093385
4233
15893
20757
6207669
13467
1449
6704
12402
23621
6991956
11153
2585
22615
9217204
2598381
16205
895
775
8155
7863006
3265
18226
135
13925968
2540
13047
1794884
1949634
14178
10645
1247
12194797
7859
9551980
3446
11528
2232
3978282
786
5511
2156
13157224
7096904
3010
4300
5489
9517
3570
13562
11154
7204
13692786
13471763
3849723
15888
6401
486
16487
12041
14727
14644630
10584
19221
14167
14821085
6379
14864751
4403
7892983
6890
11592
12648
3978
7284872
17506
6581
3771
14689124
7801
5783
14875859
1131724
4383015
4263
190
13886
1331
2192
7748
7525
299
10729
13782
5576
2251
9168237
13494764
13280961
11940863
14209
11584
8853
9774
1246193
9578
4219
8842
12477
10950
7314
8914
23586
904
4161
14968929
5417737
6612313
14232
2889
4767922
7851677
7444
15464
16105
13426936
22556
2116
8446
1875
885
8115
2319
5357163
15327
14769721
8013
14400
696
17958
527
13948851
10524
10648469
4333
5759
12797630
2599
1353
16476
12640
5428
8651
7521939
10757
13832008
13379769
5858
6321
710
19083
14078490
811
9515491
9863
11026703
20677
4565396
10694939
17926
1014
4153
3774
4908
11367
9952
11078
11542130
9887766
8958
3471
3919
7317
7182
80
2115
2986
14936038
2675106
6029
4703523
21790
6566
5850
14962276
14909
7487
14803
12424
2190
14968641
15260
10334608
7746
5468
22373
10733
12249
26191
5479939
315
11900018
14191323
14812347
9440872
18297
6678
12368
14110073
10516655
3181
5508
1461
3820
5265
6108
715488
17662
12825
12766891
14528
14695517
11578
5787763
19306
7101
1368
8457
3312
1479
15524
2494
2180
14964000
814071
16132
21694
6368149
8213676
8458
665
972
13576
6001340
2060940
9677462
12090
10598620
16844
2818
15382
2293
16158
16008
200
1373438
5629
7981
55414
13457
7916853
1289
12613
23503
5389
8256
3536
365243
16195
2256
10327
2217798
13854
18241
10264
14883114
670
9289
3426
2255
11443091
2353
4659616
17745
16886
5437372
454
5671
2192681
1968337
9463
13535508
1582
20290
5016
16257
18538
8853
12542
2101
11177
7356
11827
9679701
4028
20415
13766
10352
5792724
554
6207
18902
3132
6294
5114985
14473956
19213
7802711
7871
12805137
814527
1647
451559
11629045
5578796
10267
567
10362453
10772
14645
9609
4634
3547635
9939
13049062
1357812
13426074
15434
18193
2188
1632
19120
6051
2788
6390
11355811
289
2520
10157408
2596
24396
14973474
2681
9492680
8629907
3208
14693959
7671
4504
8500236
11383
14486366
5233
15959
6722
6637
9313
1960
1264
21538
14237900
24576
13433973
13899
2880
18955
17166
2907756
77396
14966570
11080
18262
12119
1244
18961
24702
19595
11254634
12251
14754064
14935689
4976
8003901
8020
22859
2177
9967
6530
9908
10156
21137
17026
6268
4879
8295449
14854387
13415
12001058
14525
3068
10184053
8684
3201
10468438
2150
10233
14816005
16701
8051852
9688
11350174
8620
11140965
7861
14453069
21293
1368
9372
24182
26
7038
14678675
3230
4139
10910
15967
10536099
1345
14504229
13525
6829
14282936
7142
20788
14886422
1095
8567
14394446
1129
3478
4601
21647
12763
10588
12271577
16868
2116
19105
9899
12287190
12653
22749
22833
13692
3073687
17122
14767949
7357
14942966
10855
22149
11339223
3331770
8367
14471980
1303
6777840
4676
4583315
14975
12585
5137
6164223
10316
22046
2146
11676719
14964086
6213978
10315
19380
10402
9996
9531772
13978
13820
3165
2911
9326589
14101126
2401280
10359
2924141
14956458
19224
6913899
13076
5444
7013870
3200942
6323126
7665
8461
1834
7954
21005
2190
3450
3821
674
16480
11049431
1388
7799
9199
8990
23777
14819326
1040
17520
3410
10043091
14619
1027425
100
2475
2537
3533331
16348
3288
986
4528
4799
14761763
22835
21322
2327
1686036
555
11424928
5307235
8241319
7005
17468
12163
10570731
14469068
6945319
7517
142330
16976
20807
6469
8999
13960
11098
13586952
5600
3150
8393
13040056
3932
3483375
18987
11814
3356
8630
26043
6056
5220
1037
14085699
7831
9932
7295153
12100
3340
2515
6920026
7575
4326
14536995
11161125
14958977
11082969
6741
14150
14963790
4407
16751
19277
4220
10478074
12371
17301
4019
12186019
476
13559026
13105036
6214
17045
10578445
1670
4082
12504134
27158
12033
1852
19482
12072
8349679
12452
6637
2442
13098174
12870
6427902
600
1512
6470
7840572
10467960
1780
11752209
13988225
867498
15588
33
2229
5289
8506654
4319599
10563
11249
15183
4429
22944
705
7054
14925995
28
2115
7190950
2783
8293
7775
7183
2383
5309677
8516
13755976
14944814
12960
10212
7265
614
14958432
4589962
409
8891
4266
16055
12415
5422
8166
13508019
20342
1718
11987722
11436826
3943
4228
19241
15934
14936054
5996
3652
3887
4350661
15942
3323
4982
12323
9988
10689
14704502
18306
9036
6613
9444
5443
14943401
7654801
48
24488
16524
8898705
10018
10189
24819
6898815
384
11639987
12901
1713
1589
13469234
4810
8745030
4169161
10284225
928
12349
6272
161
1977
10949
6227
11369
14957713
13492712
6695
17011
18788
24548
11558547
5724
14352996
3362
10892
12616
1646
6228
10194607
8213118
23465
9087
16879
5178937
21116
7124
1696
12071940
4006
5630341
24098
8713
13153170
14332731
6985
10470
6525
4015
5863
14631626
24372
1322
11053
3174
8531
12488
7775930
17723
119917
6283986
271
6323
5193
4753
7587
3892156
3927
2374647
10390741
1118
7035
10163
2449
4957
666
10736582
692855
14939924
18733
4676
3676506
6784077
22530
6263
14483
5733
416
588
8491725
3154
4298331
13346059
14215369
157565
1352
15130
5099
1454
18859
1234241
10206
14030852
2036937
16611
14499384
11366
14772810
13231
12576173
13085
6728
14827648
6861
23039
823
2555
11731569
7610
14903791
2729
14163345
10679164
14415546
5948685
17000
15110
22435
9581486
11205
8422
4995
14888432
2472
2265903
2276
13684257
789
10582718
1527
3771
12515
10759
26624
14013097
9243747
12366400
5779
2126064
2585
10393
3603790
8462679
13331110
4159
16200
2401
11298
8070101
19366
11164511
12211258
5877
9181
21695
21788
4878
1749
10063
13807572
11496737
3722
6014
2481
14469312
2410
1184
14386
10662
5382843
11443
10770445
11102908
13372
10397
15483
12525
3813805
5874
1396
5499
17520
9847
6090125
12924685
12730
3490
11245604
15710
2329620
2734
1646
7208
14943
5532
13751
8315
7540
7241
4667
437028
2107284
15741
247
17658
2969064
7071
3778
7554
2894
14004868
14520910
1208
292514
14776229
711
6031
3048
156
2066416
5024968
16359
1648
8303217
11687921
120
18413
13392
25094
14433755
5047
2378
1309722
1067
14941775
392
5243
2467
4774
13532
13443
15219
6597892
7811
7988
12692907
9383
6420
9245
8701
13317361
4434
3859824
10980694
9468
8475756
4507
1752438
21017
5542406
11326
3990
13504085
955
18402
17298
263
9977916
3988084
2790
14213038
12930496
2836
300
2245
18437
6394
15653
12188
4007
3966
3486
13691317
2318700
8561
10285
15850
14695297
5724
18574
9752
2842
5816
2267
14878260
6942459
11024
4792
13092
1372
552009
13872332
20675
6280
14963434
8589
14854001
6758941
20748
14951
13864180
1012
13299152
14785893
4909
14434250
1806
613
2724
4410
7418
14922139
20386
12619
13345
2494
8861
1697
11920
14523869
14837700
4136652
961
13395682
2519236
7142
4605
7344
10137
15912
9832
12876
9336367
13614
2814423
10569
7827
20794
9068
2175493
940
5790
2404
3726834
9851
12976
5183
20787
799
6506
4967
2738
12270394
11183066
1006
11265
820627
24705
9394
5739
844
6274358
2034
14969117
19945
5308
5282
10074
10466015
12246
474
5463450
545303
10415
20512
14185118
3388
18874
4306
2429
5529398
5925803
11685121
4193
17439
1460351
1829
10691796
11188648
13303286
202
194
9689
4330
7252698
18224
13279
5047
1368
9960
10450
9106885
2757
14961607
17196
108
11874133
11124
13728
7406
10299661
8883
3217
676262
14562794
1858212
7001
13210
3208372
131
5833
647631
332
12342470
16832
7721451
13922313
4490740
1137
11038
14473831
3855
7578
6575349
14948550
13359893
10149
10539
12061
12933227
3928
8177
10903
323
6848
14804177
10547939
2379
7644510
1656
766422
7192
10143
18781
9529
7974
1149
4819
3273
13947
5785881
11584924
13913604
12680
2504
7431
7905
9103554
1898
25838
2523
14287145
3929
9591389
2505
19547
1498001
3405
5274984
5797
6132
197604
11279
14976173
11376
2220
5233
3585731
3236
12605
1437
10814
5084
3259270
12921
2174
423
1589
5923
8753
1287
7246
8876
18465
7509
26277
24274
5525
14885252
6005
8850
15616
10472
14938
21363
10476
3013
2779
11438
1662
8349
7848
10823
338
13064
16927
7485700
6145
3154
728
13277255
1860
7153
3110
1390
9688
17499
15932
12883689
11837291
9312339
431
9319
14547254
10205
12964
4449
18473
12799
14387
23427
3077
6544
13784
9181
14472789
6055
3844
6561
13823
15186
4450486
13189
2006831
3157
5955
4753
13156183
13547850
518
870
399
13825289
14559008
20112
21700
8957050
11666
1243
16056
14971253
18014
796
312
3361
4782
5245479
13970
14896614
12169607
748
64446
14449
11662
6565
11552042
8052492
15888
5217
499
15738
11001397
674
13291
1760
4702
13459436
3796151
13896250
7539
13090
11087
3199
934
1646096
6199
17324
7710
14838632
5559739
2543
12412
5782195
6648524
1898
3219
15291
17453
19058
18042
1736
6515
4720
5585
15141
3109
1615
18130
13765436
2415
4257
14906614
2160
7477
23866
8493
21363
1320088
14609
14066439
5342
12613
3554
20771
8969190
4329
5668
12731243
1340
6734
3173
17070
14148330
5296
12686693
13583202
7094
13232685
13361588
2216
18699
2307
15554
2035
22156
11951714
5358
1074
11369
16517
7249
8822371
186
16599
150
10185656
5817120
3366
8725
8396566
14277
4037758
7347778
4737
2334375
855
14839643
10456
498
11730
8059
10996
7816
8084
3267
20280
22065
11116111
5734
11450
14420
15811
9868042
586
10930827
14700
10811882
17898
1079
20406
21143
3858
21434
3432
2529011
7682
4426
23138
6
243
9223308
7413802
6969
5985
7847
5667
471
1419
9826
2109
14864738
14967909
675
24115
6047
4679
16700
14071
11185
8760276
2542
12318564
14044
10281
12195
12280
19912
5589
178339
14037
11711762
239
15322
14470855
2119
14177
11648
13742
10361
15384
6629
82
14653978
5294
19579
14627022
20685
10096
9533
5896
3849924
13777994
10556
7776
1605
5103
14958703
7668
11129
7163
14454233
11181698
18083
1145570
6686
6201
11966048
7732
13055
14540
7338
9048
1615241
3580
13922713
8088201
19457
2261
8160
8262614
14847
2659136
12072712
16084
9028339
6265
3040963
14759165
11093
14939579
11462
14763544
14962512
14472844
13050060
8447957
1697688
12448
5904
14859575
15410
9699410
5184
15568
12343
2499
2594
7520
13042
10627
5786
5107
9207
8855637
5250189
6430
5977
4885
10420
4831
3359
12225
9597
4289
14970251
7839
2004
3091
445
3557
2135412
13892647
14859
14752631
9918
22187
1903
9052
4280
6756647
14260
8770850
15050
14704941
4388877
4394
13060
10108
7130
6149164
12290
12301901
9364575
9619
3504
19041
4292181
12283
228
5415
14810
9980
1400
13465322
1424
445
8547
491
11388
11484352
3656
9567
6078450
2952418
15609
1216
13259284
3432
10590
6844
16864
14659404
7350
12474328
628
4095
14654745
12335
1179196
3609659
19352
7468
6471927
15109
6959
13886
14445618
13625
10531336
8310
5396
14784314
11937620
10907
19898
9461
12666594
14979586
18419
24423
8755981
13445
13927328
11259
51
14120022
12748
2035
6012
7761520
9417
14941252
14945532
14495038
9868
8994
13581
402
410
14415
6536610
23353
11541
1538
6519238
9311547
1253
329327
13332
5470
8530117
146
8460867
11830236
5527
12622346
5558
914013
1491
9938707
2961756
2642
14823324
3758
11749181
14948
1148445
1248294
7923826
9248121
12319
553
7586
3571
886
17240
6441
6796
5652
9843
1312
5880
19120
233
14883740
2767
5437689
14360407
14551854
1596
1380
1173464
13640
9243
492341
14093260
16492
6154
13752445
1071
6127265
23566
10320
21094
3307
4283
7049
3893
10668
4928
8098
1566612
13453
6725
1918
1021
15220
10930
5560
1405
6519
3572
1426093
1644346
5152
14775306
11311
2850
1315
14380105
12208
14899534
13652070
138
10539
13560127
6769
882
17882
12577012
14389
5576
1022248
11037
4112
14781
5483
18373
806
4965
25225
1967
36
18515
24678
19359
755765
6891
4157108
13834
14892621
2489
17874
5873
1241
1547
3664
1160
14430402
14432172
432
11470885
2623
14669843
1313331
7303
12815218
15882
13490935
15142
20965
19469
1979211
1879121
11223650
4087
555
11145299
1158
3762
16349
8650004
6131709
19430
1832
24350
8739
11642
16159
11214838
13885663
3234
1799
5160
4950
21585
8765
1975
5976
13407
8108
11563
2853855
1607
12118
4967
16556
20534
6341
3737774
1169
7419
1107
2599
10090
14900144
5298
8922
5675184
4139
10818
1719
9694
14851887
3259
15424
16878
6972754
13480248
7258
8357472
17528
13679855
2864
3623
18709
4100
15701
4651550
7831552
619
7792
15126
14098
7134
2841
5237
2602
12713443
14862
6301
5147739
2494511
8368
16076
6249818
7665
8261391
19831
3621
4838
2891671
850
12868089
7702
5860
14588165
7029
7484864
5232
18745
10781
700000
14336775
2283
19347
1918
3919
14950447
11165
6247
7890
6228
22189
14656927
13438261
1756017
568961
9179532
20503
2780573
11180554
5629066
13871
17020
9791
5501
7927
3756
1129
11423191
5842479
3079021
18793
19159
15851
1939
8734
10402433
3528
23838
150
20625
13426
9907414
14243077
11352
11631
2474
6556
5453229
6727713
7635
1212
7895911
12360619
15328
12796688
11660758
19558
14774329
2799
7435
10435680
10751008
4448
5840048
5830233
15241
18210
8452
638
3050
7105
10002
14854374
10100
1402
12438208
9418
18701
8395
3150
10376
1410
1683
6306716
1804
12451
1639679
1116558
14288
11241339
13833
3317
12966
14872
10378068
11411
293202
7688
5514
13092
1997581
14953704
10872906
8408143
4384102
21724
3396890
4079
7715
2990749
9978
12935505
12289
7865867
11343
2757
4045
18690
3119536
4626
17575
13719
3253
2657230
2301300
7236
14830985
14766140
5512
14867857
11489
4818
3270
4978
14151554
8629
14342575
12160
11119
20978
7563
10531
14958096
4309
2666
2332
10661
7460
21327
1592
7358
23725
12577
3192
4512722
8080
11665
11018
4402576
5170
6531
14910463
14521282
20007
6731
3629
6263
7498
13244068
18014
6588
2692183
3824466
10199
6000335
1992
589
1889
20331
10519
6893746
19786
16198
2773523
21565
1811
10043
2032
13504
9948956
2489
10020
8672
8206128
8637608
11001
2799
6540
13720361
7591860
6281
14621879
1034
20656
4073
6566
8716
23762
8421
4961
3076
12192
6498
7311253
17813
11783
1278
11044164
9172
2596325
2672
2664
240
1314
17825
8335
3315
214
5149
1681
5478010
14564
20394
13258400
1042987
5235
19301
4722
2990847
15349
2806
2011
9840
20036
9325
258
12497
12444757
6753
9084
22748
3439
14443119
14590
1784726
13016
1525338
9319
14085
13218642
4503
9787
2294
10368
14916001
2651
13225
13636167
14742412
4757
14203939
13733273
11542
10258
6663713
12401
1799
18340
13593
6004
14778198
5826106
16561
5778
4418
12241
4532
7742
15179
2887
393381
15569
1286
18826
5167758
3341015
1911
9297998
5918
12045373
6133
2126
5460081
5721594
9099162
7235
14858970
11448
23375
938140
9087280
9536
5057901
528493
14717584
103
5403
10123820
1727
5980
14383751
8057
281
10308
12496
16003
2330311
9383
1297
13015
9471076
7728
11573007
13036164
3045
4450
10115
13168
4444
10711978
14894945
12858606
1584
1089
7260
4371
1152
3825
2569
10685826
11540675
4302843
12930
14276174
4311
3383
1767
14696702
2625
663
14286
2155
4162
8635
6026
16829
18241
7729746
14895661
17260
425447
24060
14921831
5296
2722
15352
7841375
12364462
21820
10640
8562701
8345
2490
1804268
18384
18072
8216
7527
3008
3244
11261089
15355
2387
5916
13320
23794
18614
589
11742395
713
5732
1720
8474
7437
1323
3236426
9283
13454880
20444
13770
6828648
5406
17215
4347
162
10490
7358
8490
3157
22249
4131
12489
3642
7922416
6322
613
9649
3796
2475480
14657
4401
19502
9379787
7981
188
6569
13654776
5976
14364805
638
7153
5572
14896111
2549
14949229
4672
14389737
1982
19129
20114
14035637
5855
3908
17345
14938438
6536
2858
10868
4989
2466
6619
14212589
22269
3899672
6653414
9249691
4492
26408
9642
10607
8927
16601
15849
13974
11260
3084
9111568
14357
12599
2713
1426
6970
2141339
10803917
14521712
5956957
13957220
4202
7648
71
3947
21144
14741228
41183
1581
1898
7027
257
14631566
8396320
11706731
18418
11246374
3615
13411
7595
8500690
4643
19710
20357
3062
264
12512030
3978
5596862
7338
8635
17731
2294280
7205
14222
5083808
5477
9217563
15244
21884
14162038
6558
3712
14318832
10929
14641482
26399
17292
9975628
12707
7810
6068843
25017
9084
4078
14452
2370
7322499
11926
16222
6635151
10432914
14576
8396
19658
5883034
14931481
2585010
1394
8944063
16827
21380
15022
5331
20881
5400
9723287
9338492
9551
1312
13244355
8472
7173878
679
1681
14385151
3681
14780224
16923
2523
6236202
9620053
14282657
18744
2854
8111
13239131
21757
2354
418
4737757
6465
4326
7462740
13409810
3147
4676
8166
5998865
15507
4486
3347
189
5030154
10662
4294601
9148041
7085
170
13716999
12417
24157
304
5526
3062
7673
9966075
3860
734
16409
3749
2745
9434737
16862
3571
14415431
12862652
9257772
12040
5403
4667
8569
5269
10528
20468
10291548
1877
13132
4715
134
14903309
12083346
19060
4329
14966494
9716211
463
4805
14472200
13518966
14750900
2304
7592345
12557
6156
14438760
2456181
22791
1747
14232440
403
790
2282
489900
4895
507
10105
14906994
13424589
12837
10236
11128
5324
13976632
571414
3389371
12245993
23072
5910444
23148
5683
14725
14962143
3762
14770502
923
2461
4868258
2796641
2743112
6920
736
8803059
7276423
7202
20615
12097851
17720
8119
14857944
4467150
985
5113
22201
10060
2603
4864
3107
14977252
14020376
10618
18436
728
6292499
4865
20435
19192
8070874
10744513
14935408
9357
11497
12501
6184
5230
14856
14937
6319
16690
3687
11416
7416
8084
13011
5212083
6985685
2126
6465182
12424290
4816
24131
1985
5814
10875
10426416
6520
1190
7887829
681
5042249
7858
14253647
8561
12260561
24173
6140
6727372
10398515
2750
10945
12493
10208
9773
8280
13369873
12305
10685141
12721732
4399
3274
3647
14468655
4759
6715197
1425
12514
8479
14967140
10730
12159106
12325
6825
1056
11675
10455266
14027
12312429
8537
1192455
24375
17998
1342
10635
13875
9317717
11104756
1446
4974
6272
13004613
4572
9644
1911
13219475
6747
5302
8847192
13773
14430
7715
9211327
3737
6532
12783707
14471
8576
10945
22523
12268
11456
14885
13142
618658
11740584
8207
6049
1172
13780
16333
9894
6193
6435
10343
1578
8375
10796409
16795
14670776
8963827
2703
13914
5490573
1787396
18416
12808212
15146
7743
16145
1492
10556979
7045
13132
1225
2953
7434
6772018
13840764
4759
14030889
11905727
10320315
4619619
19280
13097
12711019
7489
10620
6158
7198
829
9262
12699
4125814
6066
829
2684
14227220
23496
13322
14245254
403542
19978
498
14707468
6408899
21411
4135183
16458
7590
2995
10375
6022
11054078
6639545
10971
2728
12103549
422569
16865
13167730
5806955
7226
1981
595
2696
4388
19940
2245
10061
2036
232
3279
4850
15129
16015
4671
1440607
464
10157
14970236
7207
3093990
14921500
13285704
1938
11090
12244
7862
14567
11075
1081
452244
16124
13353
14073
7567276
3399
13041
19115
4815151
13184
10152
3033
1988
14860212
12372
15362
7252
3804
9333637
712
6765540
12214
14295875
475598
12369
16907
8719904
11465
13910842
20914
44
7486
13885611
14705199
5012
11796035
1607505
6014047
9309108
14936619
11429
1961987
9223
23518
16897
11414925
171
2718
5646
23726
3898
12578420
13137759
5223820
10537263
22325
6571
10750
14535696
3595
8943
7477
14844260
16578
12452770
20404
2425
9099
18582
5033
12773306
14972067
1213
8528
3347803
2062
7961
14586
6941
14780
6686
22868
14886074
7573828
24355
16358
6020800
1018
1361
23896
14188520
1332908
1078
9384246
3890
1331
21802
21279
6952
17594
5703720
2328933
8072
14977006
7088
12524
18194
6371
10918761
1796116
12813509
2044
13357
14448317
9402
4822
13918609
12690794
13352513
10969
13652800
267
9469106
10846760
14292
1588479
9368747
14019253
10483
14355
2893
13302442
12445503
10008
1615
6364
13704827
4183
14843850
12380
18616
21255
5552
5956
7702
10743
17153
3504
9741
13428
3233
17515
1922796
5608
337
1297
14524873
7381
23587
12789861
14106
17696
2060
23879
9109
14610705
14884141
12861004
6546021
14516745
5839
9559
4001
1536
14989516
398
12257
14640785
13749
7333
10978
751683
17539
2130
10240696
12253467
636
8579571
10909
13396
8924698
16586
2998
7757
12841623
114
3009600
111
5430
2342
7213399
10607
3803154
14704793
18637
17147
12053071
14565635
6612085
11022
613
9510
18252
2572
2499
5209
18732
4657505
5121
2183430
865641
4701741
4442
9077
122
13484
2776
892
9049
3894
2690
11350924
9835313
11451
10472955
8330266
554610
2322
9194
5243295
3610
9284
2035
13957916
952
5615
12075
18259
16115
13439541
13760
1638426
3167
9690
9089
3806
2099
11003
9023448
3370
11858
14885141
3889409
13766
1453
3591
1065
14904015
9308
8480
5630
13941522
6279
2712569
6734
13485
11249101
8108242
841
12722
858
2057
11326
4682
14869080
7384
12610
3911
992
22980
9268
14830162
1522
18498
14813
17774
9256
11917
19120
14672013
6161
17361
23341
2382
8579
14271059
7050258
9128909
13319
9730
15511
11839
7413
8921
8437
6159
2700
7690
22116
14961212
11135
5390630
5648
12938
16159
8277
8030687
14180823
12155492
12796
10503
11433
4806324
4421
8591078
14954228
256
8554
6931
5914
8991671
43
4779934
12667
15626
2325
13134096
15002
8001
5311
1133
5694790
9447
14827826
3370
4319
972
13120208
4149
549
10133
9543
12039846
10471
14818238
10407
12135993
10108
26372
5567
14980802
7100074
13308524
25319
63
12548
4015
11347
840153
24238
10137218
14328
5671
9722249
14326811
22451
8996
9194185
9022127
10422
12956819
6595449
9438
12655
3120002
4882
9554
7116900
3239
1191
12453736
24312
6196385
2520
6399
22581
6241
1498
11959615
11175
1403
19760
23980
16051
7985047
14417
3625
9369
10253
21120
475
10367716
13392
7665
5757
734892
6727770
335813
2801
4754
12435138
7716
13772
5139
8544
7791
2438
5956
2329596
2301
8509
4196188
14404862
227
609
8209
7909
3663
867
1981
15798
1586
16130
3083
5768
6376717
18274
18346
10131753
5423
5085
2640
16214
10207
2438
13297
11098088
8327
3188
7559
12015
4972
22511
10156
3708
4744
16194
21170
4225
12499217
10142061
14933
4903
2283657
964
10513171
3943
11569
14295024
1303
25089
1651684
13427
6638112
4988
116
14608369
7666
3927
17265
4405
119
14378841
474
9828
7610
20845
14637071
11443
7095273
638
1330
6038
456
1147
3740
14005996
4691
4120
2857780
11594
3764
11679133
1282
11188
14941379
17000
3119
2184
8375
14888
12754
12178
4836592
1625
1417528
10531
14926934
13721
14955718
637
2238
2328
6283
10178
6757
11373
7228530
1292
1774
2321
14770755
10373635
468
7529
8652
14497
3886777
11031212
12882930
2615
10797093
4895657
4514592
12864
11682504
1486
10105
16174
18157
3850
8935
794
9389509
1805374
14835051
17420
14877132
10538
5704
5528503
913
4525410
3170
14277608
894
269
3204
6713
14268243
3954
6385668
18085
14158554
9967
13967493
18524
3847
16335
1493
12300696
89804
5692015
2264
12128572
7125287
7187594
13839755
7977314
8592
11207
1229
1537
17719
10577
2302905
6599
5950105
8637
13354
3963
19332
12853
6894233
2315
19374
13184
23719
24993
8772
10583
8164
14976364
622
6726
9666271
13627832
4144051
6593845
7574676
26754
8560
1536655
8309
11611
22592
11674
20099
14086015
13881
13154467
14853108
11237596
13660684
8024081
9167
23548
8030
7911002
6988693
12586506
4301376
1697
7334
14808312
1139
17660
14874464
4082
15097
7600575
4110
4266
9009
6091624
13049
3459314
185950
2014
7739
11878425
5452
6406
13671388
14890494
8164
16491
1391
8586
12504
1614
12736
14170866
3299142
1699285
8988
15292
2480
8833
7043495
17892
5042
14535088
16148
14627392
10134
14497662
14355
210
14475400
5245
11777918
11583415
16769
22670
11608
9405
4327
19933
14310
12158
17428
5460
14676226
9525477
5207
7775
9663
14338869
5166387
12514011
6058
5207
10025
2972
1115
1756
6334
1682628
11363612
2433145
2836
631
22091
18285
4570
10810220
12384493
5427
14527056
2510
1237
4593
6375
6138
16500
2910
9283
1222134
5859
8341
13119
424
5416
16967
8836
18492
14242050
17892
8950086
14863425
17589
14777297
10495
204
4195
13850343
8877
12054
5964
10285108
5242868
13714
14233782
14638
24259
12965
1482
1216
12170497
9746360
2390
8621
10642
5971
19338
2745
5476
1966
371
2274
18999
8629
11117
16668
22106
14886592
15143
11645
1294
11960457
6527
6498292
10541
9328
20591
12245
12862769
5717
19983
5563
18386
9588208
10734
11791
10638517
14572850
12500448
14961957
13486096
14654727
852
14365800
18299
4384457
20166
14513496
5645
8090470
8224
12183073
16821
9124
22626
5889
1049
9809458
4432
2954133
293
3065
3055
9273
4747
2719
14531826
8042372
14732551
9229937
14551907
2793
16983
1377
5773
7868
10555
17910
1462
12939
2259
19477
1231
10338
2201
5054
14214736
1435
4703
1918
20421
7110
2986
831
9541
12694
6452783
9298
7562
6989
328
14967122
4574
473123
7918
8611
10417794
13209
5542233
18800
13295587
7228166
10740
13908
12050
4061
9888
740
13401
14951202
18265
9812
5724274
14561660
23313
7808
6819
13988494
3445
15905
11236
19705
2945
8017
13212961
8015467
2077489
6786
1112
12184
6713578
15284
335
3623
6666319
9528
3835656
16411
11636801
6863
7990951
14890819
8645168
6411788
5059
14130240
1629
135991
3374
13433902
6606
4682
1041
15495
20317
4902636
8174
872
9877
16376
12684794
3296758
4186
1626
12439796
17566
7637761
12257542
1336
10950153
12569460
19583
13468
3437
10566
5540
7189452
14776987
13064879
164453
18972
3267521
23143
15219
13489
4706
23591
7714668
1970418
13355
7262
13633412
19
9709
1595653
4622534
10131861
2858
16152
12707846
8847859
14881315
3706
2292
11303
14906435
13252003
1759
366636
11735
19612
8670
12855
10273730
8836071
1965
734
6927347
5393445
15496
13829743
8769962
9174704
2888
7067
8349
9610
12342
4926
7478
4375
18496
665755
11070
1674753
14967648
4396
1373
14839257
4231
14500
8802
5520
8017
3549
13486
4638848
14985899
951
4877
9535
4862
8011
14286
15672
11523
16048
9998672
6425039
3734
4922
19586
18812
7368
4466
4765013
17200
6614
12189101
9665
6843
4914
6367
12205648
5736
3962
12060
8590
419620
900
11412113
20561
5336
8901
1031674
480
5188
14312
1274427
4823870
1077254
15398
9214
12960739
10297
12853480
7189127
14848278
2219
5907
519
377
12650957
7934
1576
470
6624
613
5497
9514
14957690
14987310
15024
21686
13802474
12599
521
20509
834
1126
129
9109
13119
16029
13309704
13812994
8915
14941630
1177
1085
3240
14968
2734345
9851
12873643
14353
6526
3162348
7103
14486441
1998480
8309
12505259
5961
9234526
17659
4119922
25110
5733863
14688186
18114
385
14525359
13072
8844543
12842
3952
34
14129056
8926735
517040
10663
7277609
12333296
13804661
13789380
2629651
14169362
5154
9442
12739
4052
7174295
20820
7925
16672
22561
16802
918366
19879
14067
2794
13564694
7734
2694
19819
8217140
16527
13740
8597309
4894
11236530
1293
5924252
6409
13598364
2918710
672
8464323
7451
8460040
6159
5282
14746773
3110
18232
14028
17506
390
8612245
12240127
635
6453
1676871
10059
13948
19037
4525123
10719529
6721
7574
12262338
5568864
4414
6866290
14824
13075859
3666
160
11482466
14674782
5801
3979482
13885
1512
9034825
11783
10287
4171
11075668
1060
536699
6467
13107936
569
10514984
19885
14956170
10176
573
13949074
14942188
45
4280028
7590
5523
17278
48391
6647
6069
2818911
10510
154
2737
10412
9979
18161
14364819
6849629
20624
12694762
1909
11798209
13003
13396488
3061
4153
13011
4642
2039
15280
4724350
7307
916
5745
313
11334731
6542
14336
12169779
12782946
25263
418
16957
2312
4061
8172
6958
15077
12295
4927
16549
10901
9527722
4442
2814
14381
15721
11785243
17682
4336
1883985
24789
2244343
1860701
6712
6497
1569446
10098
4563
4425
5166
10298827
11821
1371
11058
14180481
2228
4022929
6180720
16118
13318
14899788
2131286
9890
10742
19177
14769252
16045
1666
11776851
5245
14493597
19245
5324
550
1497
8021
15875
10600
14485299
7054
4489537
14277626
10144
11035060
3991
14166264
1557
15525
449
4596
15396
14930536
11326
5068
6167
15236
18373
10387
24441
14161
12201
4238413
8854529
21973
18229
6970154
18701
7700
18762
21472
6231077
12964
16066
11283790
9867
11665
6503788
9573266
20579
3874
17919
5533867
7023
10632920
10178
10308
12999
9185
10422100
9240
1732
1502
19957
14084260
11572019
14308
8434
7287
8531
20225
6081
7872
7679743
1557
13843
3992
8623
11478954
13159376
12785
11997
9472
5321
8844
2453117
14424434
10132
584098
201509
2274
12803259
2316
6747
11471526
467
6214
2999
598
17247
5066138
6653
9330
4307365
20624
7694090
14104983
12198200
13393
4647195
12249072
13684603
9138
14295766
5716226
3728077
10945372
10381151
2605
4207403
26271
2014
4808
13276
6840
4539948
4393
11708
8830583
10777
17966
9441
14980329
18953
20329
20791
8392
4859
7688
5413228
2802789
1241324
14305
14332199
12798
8233
7324641
14715062
8393014
8189
14232656
2208545
6421
11195
6749309
20534
3904141
4706
5147
14776
1910391
5880
9020348
3414
7118
14217
228
3382
20716
2850
16523
11575
13919804
11322387
8129103
9775
18446
8284
5443
9591
674
8636
14692
8844633
11853883
4631
517
772412
90
509130
4960
6945
17027
6995
502
16132
19919
21430
14974273
15136
8199
2179
14025496
1876
18239
10776
13680
12372
2925
13943990
14223
2678
20167
4759
135
5865
9419
12066070
2394
12861
1082
25178
14658938
14370173
25323
45
11671993
8938
13667158
3201
15210
311947
19701
10526
7583
17502
16094
4607365
12648780
7145
3028762
1130
1269
3201
11895
10872987
13434287
4856
14771477
11498
3388057
16948
5327
14897953
1155
2261298
12761
13269583
14000741
18598
6483
26
22926
2880
5850
5889
13874
486663
558
12361685
13636030
4236824
12816487
5622
14470912
1641
14534858
14104480
7462
9153227
10158
7099
13198
8842
13654645
9062627
5078
1562
15046
3924
4914616
5467
14324711
7702
8969047
3059
14147449
9251471
11234
2224161
14904744
4348
13394344
12729
13658851
20348
14712864
13757047
9335
6618
8180
3428387
3001
3295
10809
23816
8169
3496
9073
5373
2340
14962770
2694
10779
5570345
654
3352
5040
15717
912
14953890
1086
15253
14310424
3770
13432855
2617
2839
13512711
16144
1850
7896
6754283
6094
1656
11694442
7202
8039598
12522853
12250
25777
3726
9505
10711155
4490395
11955165
382974
4134530
14126358
6818
14946415
4038
23565
1809768
1372
10668546
18347
10486
6926593
14366735
5535
13361
9054
23404
6274
14931081
8390
10812
3281
4849
5579
14917322
5004
8830
1166
6843
9985495
7516
2027
7413396
6617688
3494178
13881164
2775
8064507
5518690
8282404
93
12336
13136092
599587
9151
3351844
12146764
4342
9277150
11329
5147
108
2071
100
12672622
13293571
9925
2017
20711
11227
6951991
2941
7977
3427
2530
13987519
1407
22295
2397
13301701
1683367
8332650
4459428
1347
2018519
10009105
16164
7164401
14039
9569756
15419
18183
15364
6013
20387
5309
12766625
15145
6356354
8562
14646976
12607240
17350
25267
14913367
8264
21708
1894
7828
18053
9170
22759
13295634
13590488
1972426
395154
13745476
4525
16006
17848
1988
7034
7694834
3504
3150
6921
19093
314
6563
14962482
9158
12024185
2293
16423
3964
1412
13852
3612
11240
3513
11124994
3635
15242
16427
10933
24361
14063
795
12740554
12976
14984079
2039
1457
11889467
16236
1698
27197
305522
15760
5853
3262
6708750
6166
444
16288
9741
3780
11353862
6466
14218
12290277
3452
160096
246
18309
10134
4200
12320
4625
18911
6510705
14179568
3393
9137
2000
2541
14890821
8657627
4458
7987
75
22878
1642
2240915
3566708
20423
331
8136
6275
5642
5415
1280
19422
1231
14813
24628
16703
12199014
13148589
6324
19797
10718
9533
2460
4455
20028
5955
12344625
8318
7671495
18376
2544
2507
401
13301960
11898
14050319
14777331
3364966
4731245
7932557
2458
4583
2172
3501
13534711
4373322
6916873
6212
13839142
12748
23122
16454
8358353
984
4460210
22513
2220
8635236
7392523
957
9135
1481895
10008
12021
14828736
8424925
11212405
7477
1724148
5836137
11589
5015
6936216
2716
13294
10543
4657
8681
3379642
13562
2553
13225617
14508646
14585683
3700
1699
3952
4677
7168
8473249
10825926
5105
14830
14598796
2647
13038
23769
7879
9973
19209
1199
10380
12303660
10909
14929065
938
6061
1900
9708390
17863
3797
19983
207
17617
17392
9716
2243
302
398
6509
3781
10422
9518466
387
14726
9066297
2905
2855
206
8732
7521127
23579
14183005
15531
7931
14518
11744
3517
1712
9227
16195
26889
14896384
6233
12546
6424
10735
18372
4847031
3382
14083848
7650
16732
2936
14453912
11538
10775
2241
8978
16231
2204065
3258
7371
15256
7749
15474
3306
2935
1673804
13274100
4098
5646
10387
14970101
14986789
8422
11144928
11319
1209
842
4432
7557
6534
915750
6818
5820
13588
13446417
23205
19700
27
6262012
10552682
11714
10856
911
10969
8757
11615
16417
14487032
14964455
1350
2959
2665
8877
11928
12377323
1676
17483
13134
13577922
12643359
10433
7810
9870
4537
9440
1809844
5500
14870055
9171
2599
6344
1317
10889
3661
18348
6458
22600
3281
11846
5150
2446385
10113
13777247
10500742
2409847
7683
14971183
4168
17305
5295
1019
1973
10218
18474
4170
7839166
1528
10281180
20077
14255
13535
16593
5531
18964
15718
12147246
17985
7649
8507
20590
7912
2552500
14901826
18514
21095
1119
11516
6529752
7620430
9386
14966547
2009
2974
4285282
5119
14082189
3321
3383
4748739
1054039
8303334
558
14617
7234405
14840586
7640
12549
12342
8499
14885421
11956
14134
9466
1143
5747
2370922
12
4859
2508
6681
2723435
5887977
11623
5170
9247
5789920
6656
1403
1483
4195
522803
13712752
14971953
12749243
5764
20636
653
7779
22359
12347
1328033
11772
16117
41
2154469
1165
9849
23060
2586
6897
9765226
10435
18798
12637
5199
8081
2437
6099895
5875
13144393
114
10529
8432
13818670
1333
8038948
240
25938
5915386
13243713
10406
12046
4142
11521099
3795
11172431
14201841
3269
2030
17917
13989157
13919
4198
4479
2127
13395
14130
542
8615800
3341
11421439
13964
11192093
10432
4671139
8018
11727438
1418
13010
15450
8843
5942619
10221
3972278
9937748
7383
10685758
9865595
11861
16265
22801
10241
9113715
4016
18479
5035
14357
13477
18719
3470
4915
2615913
1640
9358
2265707
8841
23722
12303
8805
7326134
3219580
13977
16175
10449000
127
1916
9060
2520
10514377
12911205
3480
22639
7298
15609
12684851
1591
11340
9024
4424
15680
4552
12396
7487
7236429
14690343
7828869
786
13900
8819
23840
17713
12375368
14387271
2668
11669
13407079
14893976
5052500
5025
14995
5813
12268153
4360
11504
415
10779
3008870
968
955
4027115
4770
18818
4386
1919
18797
13568561
1012
6770
6133368
8763
3120
6698
23778
9459561
15648
14550
6978
853
7059
12012
12673
16887
3119
13717
4672691
11276
4281
969
9837
16202
5502
16304
6861
3742
2776
13255
4420
2694
22908
14992
4461
14872829
223
2332
3504
7405
9108
15663
23467
14022
4623
7636
11261
9020
13156924
8935007
13715
15167
2035185
10145
20049
11784983
22383
22408
455
14663542
14803952
22083
7119
24876
745549
19485
10903
14103293
14045331
6680
16539
12651
17718
22172
2395
13312
15146
988
13950607
1753
14699
6272
4507
6636
7860371
8813
9815
3806
1018
14362871
9954513
4068
6488
4085
203
6892
878
4751
9285
8823789
22763
6978
8544
3142
192408
13662396
6965
9418430
3310
7634
755
13877540
25388
7629
13348614
255
6765
10963
7009
1264
4428
12553
13024
10769
1340
476
12930123
4155
14975942
8417009
4641
7730179
8589831
11211395
12090
1786
7679
4170
6910
727391
17233
26675
15710
13108
2663616
4799
10273
375
4239
3802741
22581
3964
12585713
10440613
13385801
16023
18862
13066
2914
3686
1015
996
10753
2425
10033128
2965
9
4175
14555
7775252
406871
10092
16130
4566268
10132
14776208
17932
5348
2914
11348
291
6513
7525
673
13285808
18965
6001
905
21405
4681
7326609
6199
7877
8042974
6978563
1280199
394
1167
10906
2194
3965
2688
12215
1126
8453
1261
14539587
4584311
9988
11346
1895
4758
7902308
1842
7475
12575353
14965543
9860
3406
4790
1050
3380
18054
4877
2997409
13584890
2751173
8872280
10987
11758
12817696
7226164
14157111
14847
7938216
8284
2491
1429
12294042
12611
5282091
5978
749
17724
4699
7227
16229
8603
16097
16606
10420
12366
4409
3977
9202578
11042872
14966340
16675
19378
11484400
12351
13887338
2601986
354347
13898627
13485612
14807551
652
24542
15563
11413
1038
7717366
4809
11488198
10937
18541
8880
3934
4200510
7995
10326393
7166334
1539846
17750
2425
5581
16747
8098
11642
706105
3432932
1916
6468
11215
19769
8460229
13407346
11655
4940
13661632
15949
10491
11854378
20316
4374
11132
11337
6134
11057
5704
8257
18201
12720554
14103
2883857
3778
414
7362
13923516
14080668
4741
12933036
10152
5441
5149
9212
8347
14618070
13791376
3519
4262859
12205678
13153771
4541
2780
8352
8847
6294
11891
2616
14933687
12831950
7084380
11545
2289915
15072
2872
4619
6392
11889
2893
23577
16343
895
19344
4627
15980
5878
14862385
6089
12223
2101
6396680
1136
14505
4061
1446
8054
1585
11197748
24522
18418
15954
26217
12243
13373
371
16364
7228
5243
14373278
2039257
2640
14502215
12183320
4412622
3087707
5875
3475466
4608
5813
4876272
13870110
9702
11952
20167
4944
19544
3947
21215
1282
5571
3945
14904
1780
9814758
9303790
11934586
16996
17095
8167012
16949
22199
19257
13792922
4999
6534
10903
12530
15584
9578
14501912
9775
14239845
3614
4139
13094
4783
11189592
4049
885
15910
16377
6697
3732
1527
12898
1798
8360307
5926
15168
10701
17493
17132
7103
1106
4445
15329
7734
13724
12123
7385
11769434
5235
2580
14866203
6573
4351
15390
4536
5407
23451
9673285
6087969
5148
2254290
5848
10890990
12631
13824493
9
18985
14089356
864
14697
811
17009
1910
10651233
12634
12687
17566
15907
12322
10695
14578458
17919
21092
3792
11373
17094
2200
7125182
4602
13062256
14013736
13932
5524
4263
14542384
11478354
5636
11894938
3783
12106
21320
14931503
15219
6958
279
8716
21478
4756
8349
22398
14156036
7379
11683378
2800
4475
4473
20208
1919
7144446
2594262
7704
11769197
17855
6684
5720560
4136
2230455
19431
10032775
2537
2566972
12229847
20205
12125
3309
12698914
4501
3434939
10886
78969
2569779
8394
4884
10018
8693
2532
25279
14591054
1527
5148
5454
12679
15672
20048
1108419
7799
167
6882486
2857
14766635
1408
15250
13311165
14813
179
14606458
7835
1481
6468821
21369
17354
14750
8110462
14325
21825
5279
16722
3108
209
3657
13335
12950223
9115247
9279
9481196
8596627
12959089
6055
9091
9025276
20629
12639
12005188
13901
14949328
15183
4756
14289769
6012
4593026
14354743
11503
4093
607
10774869
252
12678
2861358
10617
1573
8143
5937
17525
14558
3891
377568
9492678
21671
14827098
18093
9427
7996228
19854
10000351
11121094
852
3715
4437
7956115
23259
7824
11377
6594
5658
14692139
2900
18045
7212332
5446908
6086
11653
19681
615
21700
5528116
10877578
3484
8594
11597
7354
6872
9519387
2578960
14954709
6086
12683
1326328
14189
4928
21238
9955
22367
9516
4829
14513943
9977
6592
8623
5525
5088940
18968
3164
7056
7657
20882
284258
12263
10508
11493
5591
12275
3450
7574
13773
7924
4041
11558602
15219
1071
13570
22611
13752493
1081
8944
3251
894
7578411
6468
23997
76
4442
7573
392
14078052
10127387
7671
21687
8982
13269607
748
7470827
14352
13526
6898
9364
10548249
7491
13403
2243
4963
14978625
10345521
6199
10825
17228
18725
10890354
8020
19630
874697
51
2079390
1092
20025
14945150
7112
14602
1414476
16377
13468349
4173
9052
3020
5570
2112120
2456101
6068
12562
18681
1516320
7573
14153
14884715
8511716
5838113
25776
4838
8444895
11046
1887
6535749
9846
1779
3780
3116
962
11934
995644
14687656
4320
6979342
6952620
11342043
3818323
7632
8264
11342836
10143779
13468
17346
6964
9133
12814864
5479878
2506868
864
13126125
14663
2729
3130
14070750
9059
1183
14970
1496
16951
14173499
6530360
14329677
19013
2313
24003
7529539
21193
11687
19372
7173417
2179
5965
245
13872521
835
13585
4205
23325
10014977
25611
10512016
6101
807
23311
1169962
1229
6080499
2616553
14246045
8078
2830035
273
14149551
10112
8167
5990
14240
21236
4670
5715
6632299
6631
4240
2964887
1409
1640488
11880975
3890
3219
10788777
275270
14737584
15332
12859822
2064
17658
1568
10670
11589
14901504
50
16593
9691
1075
12742161
7187510
8464669
5948883
4745
10096582
398632
12301
4580
21196
2540
1228
8784
4855
14137
1543074
8444073
14804749
11664
6879786
2669
632
5799
3140
15151
7769
19046
1537
4899
24000
23780
20056
8488
9261
5018
457
10658957
16826
12139
5772
2079
1744
15728
6784
18534
14450
14793196
12603
9732280
4274055
6714276
13767395
6534
2656
8634
14848348
6688
56
2480
6875
2106
3012
5271
7120728
11228
4595531
13675569
3023
14370403
18344
2849
16587
13865858
74
11774676
14550
5954
10173
2465
766
1891
23076
452
10095575
271
14908667
8215945
8573
6220
2488
13271813
7302349
12268
1115
3062
14763374
25539
7940840
3361
6072
10802004
7478106
4544
11079019
14516
3862
4673
10753721
2979
17797
19149
14672
5350
14185980
10918
12399
5777849
17661
7096
12920
6447908
10126
4478840
2343
12293508
4868
511
810
1498267
20273
366
17277
2220
1810
4703916
14383017
11590
19604
25017
5269
9151
1743
12852
8612398
13115
6161
792
13970
13765
14503297
8364
2514
4817
15109
2265
22377
7199
16707
13748
2313
10177
2285
5245
4404
21653
4823
18118
994
18611
3303967
11978101
8536571
4460
5045
14969086
8336
11087584
10075
9877
8529
12776
14583
505
2653
8726697
22449
9712
13684450
587
3727
14397977
12967181
14038
13317
12249
11462
1063
12567
14888
9367
14844
4185
4152
11121
1242
6101
7503
10774147
171709
105774
13342
9812
12431
7590034
1841
4194666
10824343
9358
11476
5346684
198
2417
21022
6543
17491
7939
20054
22983
7716
6614
5279279
20859
12319
6549824
5288349
18668
3706268
2873
11265720
9315
4086
9110
19122
18599
7495
10486652
12116
13372
1459
14179
896
12043846
1009
18844
14844644
9644
4531
12021
1295
5267
5007
4506
9724606
10933
9700
8587
6317
11327
5500
983
36
891
5032
15739
2384
13018893
1685
336
1696
19344
1219
5407
3079
15104
364
14540971
9934
7193
8661005
7389
14801044
3790
6088
2613
9424
8734
6411
11499911
2479
2826
16067
6111990
6990
11964169
13134262
4605
3833
4497
14715528
836
13768979
3064986
13532
12889
10513619
16580
14570949
15738
3523
10201
12322
4537
6178
21525
20768
2302
8159
8280376
1451
6712
7070
21896
5445
14947736
212819
9008956
9932379
16626
1364
2241
11949248
2690
4292
20993
9320
14343715
22095
20382
10928
12215
17142
5900779
9009
2939
6872372
750
18814
12863926
6881450
9899
6855
12279017
18896
7799
8438
19165
5601
13855
17635
12634
5269
9555
497882
14884475
1946409
12062
18941
13091
217
15585
18313
9718498
2647
16721
6694
21434
1693296
10804953
13865464
749
4925
14965390
13477
3782922
9490
1856
3352
10942488
24632
4613
2662
18996
55
441
5477
1287
7995
4478
20741
4627
19406
14976468
776
1206
1892
4940668
14566516
8189
9169
15001
15177
7070
3210194
1066
23831
12680
14533
3434
7770423
10356
14781102
4321307
10481
3456
10229
10914
247825
5558
14999
9167288
16818
12240
10220304
20593
1190
14124280
1767
4422
13550972
13989
14540
14015
2661576
12934370
956
14921856
8453389
16396
1104
1391
6858324
7012
4967
17501
6092465
13941945
3521402
16734
1924
18883
13548460
16903
13321845
25947
19577
10628
4725
14658391
14609033
7193869
16480
22335
8368
4658
2778
21881
5526
671
6151
10485653
8563
2514
9511
1985
5152175
9731645
11416
3447
13097
9862
10963
8670
13438296
466
13505765
2994
16000
15501
14675
3912
13964
2023
3866
5942
11852919
16192
1950
1186
6050300
11085
805
23816
6014
17297
1019
14833964
4931
12961187
10383
12771
10191
8542937
10920378
6614
11751755
7068
3583136
1068
12209
14072151
5782943
7002
68
1478
1452
11701
8963
11118
232
11365975
13374015
5628
14416212
10597
15573
14440200
13669229
25793
7537
2371324
15440
14894612
15922
5763508
14925783
15398
6870
13942802
1834
12984467
7958
24045
1445
16884
1944804
9583
4697
1345
3549
17610
10253131
5523
3933
14562595
1563
8421
3979
354684
9472785
8350
10296
5936
600
18237
1906878
4138
6016455
10984126
13466
10693
12812194
7557
12462
12405
2425
8238
9161955
8212
4808221
14043
5335
9955
14217177
10614122
24878
193076
2179
7458
4452
8949139
13658287
5261
334
5036
9313
12485
2813721
5076
6998
288
18575
7824
14265
274
1405
6184
18043
1965
658
16054
10758
14552588
7150
4575
11693
13510999
2575620
5997
3389
15475
359
3028
3886
12816
9990
10156
17714
2360
12410132
3042
1571402
11234853
9313
22040
1929
4713
15999
21223
9424
15513
980
19030
4869
14810083
294
7358
9020
16689
6384
5042
3103
5650
5918
24644
8359
38
7638
2606
10590
22244
10304049
3922
8739525
7435388
926
9893
6735
21876
843
22217
23124
1431
2335
3057
12772
7692
1070
8578
8661651
6124
6436
55
14485238
1661071
14827
2390
101
1313021
14178360
3535
1207628
2187
12925
14467368
8621
16857
16509
12639
1108333
13413379
14219621
1333
14138649
14565192
5534
13175
14770197
2622
4877
4572
5971297
1499
16737
4192655
9598961
9163
6349892
13900640
8040
13817
5367
5819
7559
9407
13787480
13939126
5162
14899262
8359748
6372
9328155
11458
3270
5620
8180
10083225
7940
10976
14825385
24734
11325058
7509
7160
12389
22154
4402059
9732678
1349
6760
19101
14833457
11305
3739
20795
2949
15233
6210282
11053748
1239
18205
3140128
922
21420
5581
8348
196
12735
7943
11223591
11245277
14494879
17532
18793
11497
6228
15410
24541
16687
2278
14224
3928112
26209
8388
11608031
7957
3757
14767277
206
2202
9487
1969
8263
10346472
4051
6638
5622679
14444800
9619703
15694
432
14532232
7613
7060
5662058
12009
22118
14648228
6415466
9831
14171
15691
14613921
6160
14637927
7666
8655287
1892
5478
1457
9167811
1551240
4015
5445
6742
7599
5321
223
13286607
1257
6204
11301185
5296
10200931
3325800
3533
9596
8997606
919
1534
6612
17093
4775
8843
4070
174
12610
1106376
4499128
2184
11783
9955
13074
2759
6933
12632726
8177
3377
8675954
4140
14810257
14964636
2579
1468
26913
9402
1189
13552
6520
10631
3670
14683074
6370
11499466
10202746
8242375
7638
10980
1755
4052818
16689
7297
8689
15240
23302
15692
3527
1951
14236056
4411
11500
2349
14813834
5641
572
9371
14767731
11012
14785641
11579
1116
1891518
14243
3184
22211
1349740
12333746
14783587
12837
6323835
14249411
14561809
14773534
9906
3926
4236
905
17212
3268
4677651
19827
17266
11753
11919258
11110298
8682
1727
319
6086
14667713
6042
17738
564
12882
4997
12534374
4188763
4291
6939
12951
9937
9300156
217
2040
13379
14635408
10762081
14551
14045999
5580
431
13797274
12626
3122
5123
1589
4840
9219
6183
3240
8422
14626447
6937
9277
2552550
5754
10042
14347178
7562488
11672
22671
13291
5972030
685
14785415
2765
146
6506
1386
12700
1083564
9883
6148
1060721
14238184
13818
1112
10414915
12859073
6659740
2023
14293
19551
3526
3739
9452
21179
16058
295
437
12459
14976956
5749
6501
14397893
13967075
5912
10917
14893215
26039
2678
10765431
1445
11533
10578
3562
2339
14934713
4622
22784
14118221
8506
3709
3130
6560798
8431111
10385399
1328
3222
10093
2653
11905
11745696
9603
10135
19454
6394
535
11990
14059921
27122
12073
14288
4418758
10146743
20547
6974
21865
12200
7901310
8147
882
5437
5767
514
20099
1564101
3000
5257743
9601811
15603
20076
7999
14511
7146890
361
14966624
10234712
2946
14573941
3104
597
13943048
9330196
13404
7606
7703084
123
22215
9676
17183
19461
4341
14877519
431
22942
10667
7686
12726
777377
14509441
14588
3522435
15924
6412
9927569
3342306
16154
13184011
3986364
5719
5
22076
1684
414
1948
3834
15708
1500
16831
15127
12421
5568
6100
3130764
14331884
2388
13954
9099
12364823
3925
9184
7225120
1690
2863
20923
19001
4413515
10020940
6651
10241589
4933
14485702
10733
10462735
1816
8515499
7458189
13624
10084
14257558
2069
12628
4144736
8686
406
3329
802
11478
14927359
14986687
13032570
12944
781
14527003
6472
11862
13307679
2888
2336
7308
6858915
8063
1520
10011
4322
18985
2848
107
349656
14906454
24185
4060607
2336712
23821
10160194
10353
4032
1517
14199115
1590
11174
5340140
3600
4000
14603076
1054
4592
7399
17205
3272
13959855
20929
6140010
14725022
9441915
17060
11934
7910
9954676
18835
14590037
12319
11672441
23070
17448
9976
14882031
4027
14559395
6902312
8689
18803
9242
7595
3169
8991
1055
891
3084
9854
7487
6415
854763
15138
2005129
9627
6206
5728656
14469737
10242
9151
7131
4894
7901880
6655
19738
7220
21599
13674
16276
10759405
16524
14778885
15390
13559
14641544
247
15416
20430
19694
6647
515499
4229964
5063
14180475
978
4636
3035523
11677
7168
6266
7799
18471
14041
3567
8943
11431136
11400
5068
16936
490
14409318
20426
4034
14446
7304
6035908
6534
13327047
13471
2573
15953
20241
9433371
5994942
6742800
13316079
21911
6188475
9528484
1494
14460990
217
3690403
10722355
3691
9192765
245245
19449
24426
14934489
1877
4418
5560
18467
8246
15437
1443
8846
232
1032885
19739
5217
6577
1028103
12905074
12116
14931020
14709
303
426
7332091
12311
16749
8319
2182
3112
10639
6790
3056
14930520
13123
2026
771041
8390589
3812480
16487
14971879
11692893
1129
5407
986
330480
3241
14702642
9008125
14937113
13189
3177
6336
12488552
13408508
11224644
3831
15065
4049
4223056
9870928
14873735
2811675
1042
3883
6970949
10989478
14851446
3115
21254
24654
14284601
8980
17748
7772
25317
13801327
1090614
279142
10442
12905
24831
1627
7367642
7045
14926836
471
3189
6197
2653
6747
1100
3596
789
14704
969
13130895
7283
3391
4148
14037
8097
789
21331
11730834
6572
14840966
11488
11716
14902991
2674856
1629
448
6520
9287
8069
3605623
9651242
6939
7606611
7628
11597113
14130
2241
14777779
14970228
10643
10071
8218
4904
3575825
14697
11805
3404
22575
7860
11953
12371689
14303250
5135
237
2886336
1086
3909
8430
6102
16192
18729
3403
3747
15820
10071280
7175
11870924
14966087
6891
10783
9453
17888
15946
13007050
9356
10609
9386
11014956
6983
9884
3236
9995
11158
3444
18062
8817204
19418
7583
1155
13023195
4841
4029
324
17316
8782
11391
23492
5251
9437
3015
14534106
2588
11122
25630
530
1286
7073
12050039
3852
22912
6063
13661
6954439
12930
6357
9911993
16884
10585
1194
2444
22764
6223
10818
12203
22319
12578108
203
4853
437
12026502
14209999
10780261
5028
5309
5712
8328
19539
6826
9709993
10377126
15692
1633
12257451
19313
10173
844
14607934
4975471
15653
1852
13279285
18060
14333
9470
11038861
4605435
24363
9000
10472
11929
272
13436118
6120155
10867
4698
24321
7406410
12370427
13041122
14871274
3068
1372
10413
15708
11226
3346565
13301
3752
9546
5057
5922
1265
21088
6138089
1993
5191
8257
420
14952683
13665931
1800
12916643
10029
6999
21672
1255
167
1513
8874265
9916074
3842129
11130
10161510
2484473
11752
9550
16471
10640
1937
10635295
18895
11296
20762
14673150
4718
14704742
10443
374
1257
1245
14956281
4555
12238282
5788
2056
2499
18145
9078
403858
6771
2259
432
8054629
11934
17899
2392944
22673
15018
13647
102
11754
11712
8712
9663505
1832459
15422
10824971
14006059
1181862
6723033
469
6948
13730
6767
10586
1393
3491
2453
13904083
10603422
8256
13727
17411
16786
12947258
12186679
1801
9414
9455
17981
9793
1799
4746
13081
13675507
13121917
5080
3972406
22443
12979745
8469
26638
14988
8843
18057
14981391
12409
110740
11757474
5550
9408
5957
4642
10347186
3612
8115514
456
5980
20845
23798
1889
8783488
851
13219278
14363
22477
6464
1874104
10665192
19236
12509877
21336
14709741
1720
10501
6954
14024553
13826126
10920830
8556
6173
4491
12904
12474
4530
9248
14728
1522
13779290
3831
6599779
12229
12233
4580820
4843
3663
3796
10387
9521991
14537491
7183
7290
5459
12539644
7583
10627
18280
14495706
15738
10546875
13468600
22245
6906
3031
5325
16929
5065
5368
8677
172
6588
6822080
13955
19986
221
2210
1543
246
3425
11060
1973921
3591
6439920
3171643
9977
7073
5022
15944
22602
9920
2495
2913982
7627
2822
8967772
19317
9392793
6727
2397955
12465
8125744
11482
13939226
6177092
6876
4240
12262083
9051
9688118
19383
7039
14907031
12103790
475
5946
3912
4136527
8905
17621
2797
2286
4936
9306520
1196
6086894
15879
5878
14033888
5180377
12474
1815525
1549
4303
1435
9637
4429
724
19809
5822
5815
9523
6771279
6792
4926
14214
5408
14292863
13659513
13715
3141970
26097
12773
1018
10460
2971803
11176
2244
15679
9108022
10907
17016
12317883
14978143
14860029
13661
4592
6292
4870443
14026719
561110
8441
6027
7803
16635
13099495
6489
13619
7218737
9646
4728
5256
14533670
7617488
11191
14428864
126
2527
21015
12795625
11172
9235055
12731
20953
891
3433
12431130
13990
10026
9036063
4786
11628
14869220
10712
14874231
2475
3160
10145101
6230
10886
14608394
7320
17547
4289
7794
474
6541
9239
13100
7923989
10336
14937826
14009344
9984903
21581
11456366
7202
7881808
17907
9130
8257385
5649
217
6869712
13193
5967
799
14936229
930
9976724
8005
14386493
14700546
7219947
193
14016
19031
3261
19868
5453
23017
12462
9548
10801838
17933
8390555
14822
520
4731
11490592
6184
2920
12896
14973132
11996350
20287
5786
15000
1530
6810
18966
5162
3465
16412
12026
15156
205046
12214176
10404912
11533
21184
12448
3505
18014
9233
4633
9168972
1351
4135
17624
3463
19018
2461
1090537
11522
9675007
17057
13301399
14664989
16761
11091
14043960
20873
4217
14730111
606
14795592
13336
3179
12277
11165970
5507
16672
6903
6267
10683473
15604
6523
12538
2833
17555
15053
19388
11770481
14191
1816
18996
16314
1953
5468
3964
4996
6794581
5534
7546
8195
13957236
69
1594
13358
10187
986
3469
14598141
13750948
8595
105
2028
13395430
1250
14939953
14737
1976024
13542
21066
566
19102
5896418
7930
10588
10206
16496
12879
5832177
6420
9576
14458738
2986347
14208063
2769
6237
9231
5218382
6038
8175548
5021
4072
8594613
3753
3905
13312199
1358
10062
14438
12653314
1061
8413
4709
5080
10237153
14960767
21402
14098737
1953
1885
11420
904
1158812
7599
3679938
1506
5549440
2494
2815259
10974
14338876
18152
11993
6630722
4366
11437
10233
6003966
5162475
3412
25071
4676356
1658
19276
14719675
15086
12266
706
1566215
7677039
14148609
9082
11960
1119
8569
13065252
12224222
12445
2520
9965
12495
11930557
8064725
7108
3851
8579792
11585206
16547
14274637
9824
2358
1761
15348
5903
6641
4161
15947
424
11465
14113347
14797302
13504
4625171
2314
2655016
12954
13295362
17289
2213
6750338
10677968
18664
14909503
12783
9411
10330
3649
8360
4288
14972884
12795
7190
5332718
13189290
24515
365
6846
9603
7792
10182822
17901
9683
12461
9906
12174
7949
14311781
12746499
10819
9895095
11384984
7217
1907
14161
11650
5985
13930
10275
4045
19864
2355
6553
1315
4444
11568
9663
18935
20190
6216940
14960
195212
13821
5035
18570
11295106
7266
6577
13184
178
11851533
11489
7191
2699
3453
9472260
188
8872
2839320
831579
9039
14722023
13078298
1069010
14793
25154
14975551
2637
15979
14361
279
8328
12835081
6317137
1627
4357
12113
2849857
19211
7304
1943
11014346
14664862
4873
14818
5503
1527
11306000
17832
13515755
11889558
1020
942
25119
11395
6206
18439
9009
10236583
1731
15338
191143
1467
5665087
14872248
11051
9454
9464
1925
3694
23055
18426
2503
10475
671
18038
4265
21148
10022
19121
2859
6508
6628
11065714
3593
11373
13190
20068
8880
9050
14069312
5940
14381412
8803
9653
4838
7564
5770870
8919
6448
13787
1681435
11545181
8212107
6251
5694223
6262
13180585
2691
21043
8432
1595013
13754662
7261
7672
5159955
493129
16053
11129
14872
4777
11693
3596
2721
1350578
4867
6500476
4277
24782
4486013
13728
13632120
4045
22422
9673
11090
1833
13184961
2329
13349
1360
4727936
14012
14937141
11410359
10187835
14522451
9932
9132
14311506
121
13388138
269
12468174
22573
12295
10410
2256
18619
4868049
13475
4601786
1282124
6547
3409
24407
17816
11058240
9357
14928087
1785
42
11131303
17010
11127481
18364
3790
11128
2635061
11367528
19047
523
635
11172
12595045
4694
10348
22122
11811
15882
12139
905
18887
7356
7803800
8566
13673
7747
14222
14289
7902681
11099
12711
5288
99557
1566651
5822
16223
15767
6384
8105
2948
21916
11560449
11742171
9338796
4868
7175
14978962
14879943
19649
12718
565
8868
1436
422
13208325
381030
3859
13763067
11213
6940368
6322
13919039
8209
14480776
10451
9368
14966386
4008
14964202
1655
2370
22703
507108
6117
5752
11840815
11222561
18731
193
7652
3677592
23930
11116
7392906
3878
11452
11026
2734
8529
16998
14795721
10356320
13220
18119
1321
14910387
6488
13892756
1729
2452
8389
5979
8633
12518
12877018
5213
2780618
5138
5857
7965
10283
6800
652
12234
2113752
17784
3426
1414
6743
4056
3297
14872186
14325
21773
6179
7323
14268603
4451842
12427
181
1051
476
5747
4959
12451273
6463
12273
14342415
6308
11731
5179
12734833
5943301
4467760
9022685
1765
18527
2629
10066
5257148
12356754
7613
2949
11681
9909707
7851
12086495
6649167
13706040
6285
11244416
13704
22322
7783026
3278942
3737
830
11941
4516
4370537
19275
2151
15738
9212
8407133
3577
12741320
9109
13901
14886
1011
14327237
1785
14050513
3719
12644
12818
565073
8648
314
14971338
1884
18698
14932
2310
25801
6520
22010
7755
13763
15806
8515003
13480011
9657
2248
3416
582
12384370
20531
1754
20040
7245
13753
5087
10669
4023
11270
6576
16092
6077
1812
17528
10090
13893
6194
11967
23914
13661041
14606302
1708
3125
2843
17713
233
2275
6440
19964
9535
1713
5493
3903
12723
4372171
14077876
12250037
8869842
4853
4557
13415094
12802501
25123
8153
609
5718
14736
616
1049
4168
9515861
4385
8421218
1530841
14530508
11091248
8424828
13752
13156219
20913
1760
2737
15991
13511
13789
14866230
4581460
10818
12300
3565
11185578
9762682
15057
10866208
6940
2917500
18658
11822
732
3600
13228
1953
14394076
1964
9606
1938
1186
982726
6224
6449
8512128
16814
3782
9044
17735
14598
9051
7694003
14962685
5827
9170627
4637
5271
3288
10318517
8734
4134
14815882
3156
8720
10963532
2622
11569042
2703
18505
284
18974
4653
14446981
2428
3589
5548
1647870
13704926
7496
17869
7145189
4054
15518
5700
13556
11937
4252
14631
14684507
10963493
4120
4536
11492
8140
5897
4349
10270423
10224
15912
14383
19005
11312
13409486
6477
19328
6859
24647
14919069
11006161
4118
7098
4109927
871
172
10008149
15597
13554584
14142015
7433246
12224374
17812
8335
14930
4740
1055
19375
13330
6646
12692
6184
14633325
14944003
3715
9751
16205
21768
11447392
10169
10381
10838642
1415
13079812
11574196
5094
5173
15494
14962228
9044
9655
7916
9207
3469
8236621
1450220
845
2965
8491
7820
11107
13785020
26212
7645006
12021940
14975131
18820
9400
17588
15398
7212
15876
13175732
12059211
8786
9712
12888426
12787
1773
2973
4721
12657092
17165
12965668
11720572
11089
18438
12635
11814
25992
1547
5683
14653244
14936925
3774
19420
7249
3099
8762
333
11859984
1267
4556
9480
6296
7276
6949
6172
7946
4035
16960
8843349
13171897
1523
8048
10358464
8734
800
9762100
12739767
3780723
52
17085
16779
8347585
1825
7936958
16876
10671
80
16974
7415
6938
3903
9571
16857
3809492
4128667
21005
10145
14951784
2048
8628
7217
16661
4469
14976234
10696
1348
6549012
14061100
7073960
7029362
575
8726
21118
15605
11846
4968
6603
10562594
9054
4585
189
5684227
959
6324
8369897
14956384
6200
9155
10816
11983697
9677
12316517
12288500
1141336
13665229
10965978
9672
10607429
4575
61995
11873207
9465
11227
8344
18422
18102
2677
12261
6042095
4965
2019
14907544
1738
180
885
14322179
7155496
9799377
19721
11581239
196
19507
18401
5358
17505
11958
6968
12819186
15968
7572466
12334
24900
13684138
20437
17503
14304950
7884
3607
17746
13908159
13917
583
269
2189
9266
6069
8197988
4029
23782
8697
5297650
9134
17364
5080
12801
2506
778
343
7032
12870
11353
16689
12745
6357830
13679232
9026
11123863
16284
14911582
11797704
8717
3255
1647352
5532
9326118
17161
13747382
15745
10368
16759
13625
3881067
22868
14612882
14326251
11887
1644
10397
10247
6603
13566740
12135
6985086
16325
2644
2065
459315
9795
8955386
12346723
17833
8956
13555679
24823
11902664
8292
11355788
12767
1198725
13542
4053
2899
10098
5073549
14038042
3290
4462881
762
98
5408
8200
13320423
6073
4687
13992082
19804
9507
11903
2379369
11849729
14856
5593
18515
9421148
6796546
6
8315
6478
18933
15096
7630258
12017902
6499625
14967775
25568
700
4443595
14487
2619
1931
9503
9408
7183
18391
5560
141
4810544
3375
14465687
8274
5047455
4721833
7062
14173846
11276124
7745
12295
6283
12061
1111
12270571
12344933
12128
439
14907873
15501
3824
12605634
18908
687
4413
14324957
11954857
16509
19740
13290
5557
42
12715565
9908
2681146
128994
1381982
4790
9226
6690
21017
741562
10889
11852
10211244
16308
11161665
2064
655
9033
9490
8264
16376
857932
520
10497777
24154
7607
21117
20823
5566595
14593104
10713430
7287
12874
16620
2099
13946538
3715
6659
15407
14583
11236
14094440
2293
5247
11079
7787
1102
6613
1817
14978140
3898
4063
15932
1176086
9592
2626
8047
9378
5383755
16462
4674
8087
6965
8623
4978
727
22386
18158
9622940
11319902
2053764
4445012
11704
10187
5766
14661050
9422446
12084
741
12794
5124
14670336
3224
7424683
14668014
5129
14503260
17551
1767
9195
5108397
2464
9411836
4401
5991712
14409115
23744
4981
15051
15057
6339
2277130
2297855
2408
13387
4967
5647
8735034
17341
4064
14491
14177
8132
6282
16855
3778192
8299614
20181
3958
16864
11660194
18215
1164
9072
2181
9334667
19856
2622
14828385
6598
17112
5585
2102
17576
7197353
14825634
8927862
1937
11692
12421
447
5278
12078
24309
2915888
14810966
9901695
16340
2731602
2622
14966438
14644
1058
8418658
21171
9250
4257
13091856
14611
11867819
5176
15562
4251
25039
2792
18703
3932
17871
6372
7496
20309
13250
8775
6152
7724
6663
14867925
2243
12747523
1826
6250
6203
4654644
7799
3055860
5497
3997
8887
1228
270
14338
3623
21382
9090
15088
11274366
833976
5376217
14981654
5307
5617
4726
6664
19867
10671
11490
771518
726
4322
7792
14484288
5902260
18690
11228
8950
3614
19134
3727
13708
13871
1275
4774
1707
13822859
3073921
2838
980235
11176276
3717
221
5601586
2257725
17316
9129320
11463
9897680
12574
286
156
13126016
2358
14967374
12235683
7822
11867
18691
7082994
8513
4383
14865861
809
2680
15828
1752
6452908
4226
1939
10233
14752800
17396
14898032
14974464
11516
22465
13980
8636
1489232
5853
15610
11180
13470804
1448994
14580524
13121932
14302
9338486
4231
17983
3938249
5746377
21741
14248479
10347211
2105
5193232
1664
11175172
9681827
22426
3113
5302
5989
696799
14543828
12251
3266
8820950
14247
9828
14941696
20886
3189
6473
22097
9268
6861
6157
4178
5282
21878
6398861
18175
3549
14964308
17474
21482
18524
10485461
11808
7735
10776
4262
20993
12129721
8364
10122
7054
5897775
11451
5091
13503
13535
3623317
8129
1883
8872183
14426416
13555448
8954
245
3294616
789
14636992
850366
14894924
1452697
5959
8429
13281347
6365787
743
1997
17504
3695
12745557
16478
26474
13448705
9937938
1869
11809
7302991
13358
757
12892
2233
1479701
8054388
19704
19617
6709
12658356
10058716
17506
25126
7984
5009173
14135
8531418
2605
4818
9351
11947
11532
3079
8572
9399
6172
14905
18383
4487368
15064
11157
5302
36
14932488
12799488
7032319
10940
12337
2950
10046
4444
14429
22103
2024
14400468
5146581
11257
14590
18704
5732
14973
2335
17362
23175
19016
9752
17442
12090538
6463
5023
8794
8745366
13691503
15061
20004
4169
1740
17488
14896413
21803
1031129
1625
14609574
13392
1374
14399498
9449643
1889115
2713298
9351809
15977
4940
10386351
13206
17014
6463
14420786
10740802
14898606
14908122
1018
14555
2386
8565
13747
7297
5084728
635
11626
18385
24177
4128
10638
7392
13093
12000
14832235
14838473
8189650
8931
9998
24220
7370
4927313
12070
24098
7388
3153912
14644945
13977
14974352
5805
2311
12421
17013
9612312
13934
10170
6132298
9001
20959
4773
24342
2390
11019
5661
6863
13260354
8990
239
1049898
16531
13706838
10747
6269
7090
18304
12375708
7490
4506
13691101
18916
16031
16809
14983155
3175
3267
2532
10100
7947938
1435
6190
21409
5176
14805318
10888
14892
17996
1931
12923000
14817812
3468969
9738
12810
14941865
5736
16588
18013
18463
26092
4154
5847
14808
4998
8486
11754724
14794
1252
10044
6214371
13305445
14918442
1683
3180
9949
6724
995
9101
12277935
4090911
3567
1729
1849473
5033
16440
6012
2679
17185
2238604
5480973
14007963
13906
10680940
2943
8610
6363695
3633
4707251
14200979
16398
20704
3886
17660
5043
20535
19552
6804
6898
13461286
10272
17757
9046758
14692
16124
4087
12875284
5871
6915
5511
13928
6907
12539
9039
3397
9709
4205
2754
15472
6265
4542863
5717
15212
14163
9715
12611500
8485163
5389
18037
571
4911
1115
5769
7317
12001636
15490
13966021
542337
16046
8300
132
891183
7164
23011
249
874797
2132
4134
3182
4611
10769
3117
4412
13055338
14800601
19881
13933
767
5972375
10919
11748
8053
5216
6580522
13008938
11488
2301
3631432
10278
8957
8501
7484
20488
14310580
1978794
9045
10203
9624
12312
6671
9975
14104
989
9448
9466
8946252
14702
7886
4795
13546
5439092
4019
21232
20126
2658217
10114
115
25979
14891845
3557
14911527
12773
14489943
12704
16243
13467642
3914
5715
17250
11759
11264649
22444
13963466
5387
10741
13139
9935
6024
11794
1252
14435
6806
13890849
7962000
7834
14980853
5517231
3955
14517436
1100259
19311
7527
3770
3839
22340
2855
2328
3967749
2632263
14964103
14727433
1926379
10222785
10165
3550327
18728
2727
3116
13498
20306
17118
24169
3699
632
24919
4478
5652785
4448
14570
1969
12589629
18915
14985076
2789
8225784
4281726
16997
3771333
8029
9507
8502
2834
3028
3918007
12687
2344
882
19331
14901120
1117
5790
13541
24483
12966719
2757
14886672
645
12036
12862
15625
168
4633
676
5736
10990
13834
15555
13917797
3067
9680
461
6344
10337
7824
3008
15459
4958580
1277
13231278
520
24589
10687
10207
10291
3726
14066
2007672
8341
14052359
7727460
1832094
16884
10823
9269
393
11220990
7399
298
9508880
4690
389
2158130
6343
14976400
11647
4681
9875
1580
11634
2430747
5755
9753164
12635
23843
4477
14396
17126
2752979
18400
2435
7816
5906
1734325
11877
228
11158
12272274
9241
4628
2177
1475
948051
4844
13083512
6309
18020
6033
366
14792
10436483
1561330
3486379
6069
4257
3060
2864
905
3075
6429880
12278043
14412799
5644
8763700
18262
11767610
13146
9336750
1755182
9309
7393
20110
10022378
10937
5899
15802
1991
24332
12015129
12909
1877
15140
9132
2209
22239
18780
14667
6304870
20430
6932281
13025802
11262627
10365
14612
19153
10051
11601
1907
469
14433224
14838603
8089
15364
8710
5687
9884641
19854
1424
19534
880
13249843
9986811
7543305
8489
6068198
11016125
11605
14848706
9563
16655
13039
1405
10936
17796
6656
5553
10770
8276
5122
14901267
3105607
12219976
12856
6452
13160414
6948445
10176
20723
14937802
10812
11137
12592
13805576
14711
3534
7862
14998
1255
1954
9289899
1167
5654577
13406
14946709
17325
7060278
8189860
12305
6328
1752
3006
8696
16554
1045
2029
22459
10587
4804
7824572
15471
22500
8775275
8355
2607
8480
17069
12815836
13839029
14930954
8557
14592
24077
10217
9026173
10880
5628
14875115
9476
4046924
16724
10179
16847
13188
16859
4194
3089
19531
9470
14259971
24816
21065
9419077
3511
249
14899480
375
6825156
10533
9500
13435742
4250018
17184
14840943
6648
5846753
1913
14172
17106
14597642
1839047
8316
10984
6096
18377
21933
6898
13840866
5563
2030129
2560
10321261
7248
220
8342
9551
19958
14379895
7287183
17984
7193
3121202
10143
4249
8960
7934
20023
265772
6434
1304
12622243
18197
708
10550631
8803
5370
13866406
11815875
8539
3076
257356
12884498
4029
1032
5153
5808092
7058762
8282774
3041
1530
13880
12456
11107
12875594
6906
1131455
1524
18013
18355
21715
3556739
16686
898
13620
7940
13834
8146
14973463
3228
282
13529725
13651691
11091084
14958
14920305
7093
2396
13839720
14370727
15821
19531
8676947
2955
5876
7610
19106
5040678
18936
328
6322
9769826
12993
6251
13313505
14197831
106
2860
7288
14979
1058
1576
7948
12544
1083584
2365
11344
8561
10042715
11604550
556
1880
11224641
15995
12180812
16936
2597
3101
17865
16772
10808
3667
729
11876
14172665
14679066
22995
5725
5953
2876
5089
2385
11236
13712763
2057
14272
17500
16675
15590
14958359
8679
3592355
15166
3169699
22179
9516
24428
5671
6972
3981
9308
3734
16271
14789400
6647
21099
19211
10478715
4556
12641867
4819
5838
2060
7515
7606
6407
9457
3871
11599221
10798
557
8728
23869
38
3803
12836
14882626
7043551
14967416
8850
14943972
16119
14556221
18039
8362258
3581
21081
5639
10747837
13624718
2381
10495897
3488
5568
267
2175
12315
14809807
14117
3223
1491
11229945
9355
3585786
5358
588
6573
4181
4991497
5549
7767
13001632
9451
18028
7103
22883
13607
3088
16113
3917
20457
11424
13289
12064054
6107
6111
16353
7914596
13996633
9151122
15171
11890994
12768993
10771534
9469
22962
2056
1673
846
12528
4096
11441649
11210
8969
11229
4653
2043
14433224
4293187
17166
12596
14690
5519
13386991
10343
4794413
12651
2418
1418
5561
21989
4020
1645
14967917
7607628
14726295
1156
12706594
12582087
14648108
12670341
1709
13085601
13019969
707
10041
8572
7217
794607
11333
7893
974574
5618248
13723464
11013849
480411
13104
5465
1946
14549
4873
5352
12321
18393
18529
6480
14163
11063524
13759170
4162
991
1946
20320
6004
445
5251
11637045
4684014
1045
14463
8751
9156
9807
4820274
4540
2091
17335
8901239
13125
13603751
14704215
26029
10590
5892
9539
24049
4641
8917851
9235
7087982
6961
20901
1218
14562048
262
21105
11919
4034
14887
16977
11658
22082
2414
19041
4610885
18069
31
1485
16225
22138
4861188
5522
17517
1047
2438
18021
6392
13420
5456158
3626
18089
7328
14952218
3525
7753
7547
3809
21322
7069
18963
10138
7144
4125238
10509
7812
2329
10512788
2246
5139
8876
9116
49
8876852
9484603
21956
6932
2942
17842
9782
10696
7408207
10619012
2110042
8581443
12943
19873
14057090
7753
6640
17153
18833
12852
8291
6118
12256
10012
5197510
18672
4503
7993
6502391
6203
14843
2766
10566
194
4807545
20061
11095
14791291
3131
13362870
6631291
6125
11977030
1323
5987
6716
8377
15811
12262357
13678
4089
6388
12017903
7080614
5309
310
14100703
3359
11209461
5536
4727434
5869179
11964384
3717
13447
3552
14768
10846543
4355
14970096
8006
7123
9058278
8300592
2555779
778
10602370
879
13386082
13467909
21586
14597825
5797354
789769
13339051
11134332
12724
14970499
14429049
4112
13226656
9366355
5599
3765
16089
23263
4425518
6753
15026
1667
125
17184
491
7765
4509075
2724451
13766108
10302
9343
604
12582
8510
2980
15023
1566021
14947886
10056
15015
2618
6608207
14648410
22243
7760
12743
4776
648
2665743
4622
6889
14589133
11325073
3013791
8398
14102
2389132
1008
25924
5362
13951
15300
10320
13807071
8860
9554
2224962
2685
4378171
942
5517194
6352
13428538
11978
2137
1897
4530
10846262
1080483
13359766
8983
11845
13322
14919685
1446844
6496230
4341
4496696
3580
1029
6790478
8232914
17379
1181
15350
6
2815
4079
2902264
2949
8676
10864387
1901520
11790
14931760
9956
4728965
3122
1366
5433
2190825
4445442
12974269
11575
14967
4790
15412
4373
4593
11638
8838
4742
13867882
8676
12087
18890
2384
7115953
5902
9202169
9817
4635245
11006375
13872705
11620471
20715
674
9176965
5087866
10415
5217
14759135
15796
13461
5441
10086
14857350
1279
9599
14359
14910390
6135
11124
16530
13322
2929
5053463
6607449
16196
5801
9796
20946
4822
6870
1991
10402
216
14975899
18146
2366
9616
11304790
12798490
2058
2700
9780
6494
26439
2865
7952
12679
12445121
19048
13301
4768639
4307125
17848
81879
21207
6887
13697082
2845
10623367
4216
1507
4042
2880
5667
13354584
1711
13971339
9598
12386
7404578
14917685
5007475
7432
10817904
3543
5083
10388940
3118517
4282
5243134
995
13715
8577
9666975
14976735
10019879
5138332
13026388
3625
416
1293
12009
3373567
2466975
2178
6001
15778
1942
2927
54
14449525
14151308
1123
4611
14341
11240890
2263
14909640
1304
1340075
4669
4977
8439256
9319
13167952
520
5683
6038
21406
10875717
4732
5785781
9947782
1576
6380204
11678
13320
6380
9083
10859861
1343
11034100
426
16517
11076
1349
14763765
1037
1113
12518
16123
5486
14053060
34
2474
2780
12066
10313
4866
2438
17122
8581
22344
4314
274
4301
14665
3374
12509592
8244
9496
13381537
10241138
6202928
1565
7834
12843861
281765
17472
12882
7072
11210
8234
21234
14188020
8256
12626
18125
761
14977537
14631
6218331
6064715
9123
6088764
17518
9177
14156072
14112854
4839
14792659
2202
10671
13917
15059
767
3814
5686
247
6977
13183
11072681
14779
4394
1955
24531
3360525
4918
17441
8508
23212
12513454
12098
6370
20048
4884
1782
2953838
12443
9549
11628
18731
12074215
9007340
12090
7859
14934640
18820
24998
9576471
2637546
5036414
4648
18727
4361403
9790
21608
6896
3263964
8509
4157
25384
14600
10842
12371
13604
7874
5478218
1579374
1085
11624
3880
14968557
1955
9169
1641
4407
8261
1655
12015
2375
12075198
6805
2936
8389
12605988
19361
4611
6794
2989
15914
14038831
11235333
10865
18719
14402268
7513
567
14891618
10771
24355
13357
400
14697
6327
20917
6867
5781
21512
10814
11515914
21332
12455
10358975
13918
23530
6587
14588
13036
2018965
6610
3837193
4460748
26886
5516
8660080
6504
2001
10415
2515
11409
18600
435
5771907
13494370
12918
236
21460
7087
6275
7663
13882
14883083
8162959
2693
3509
4065
14051
16549
13851
3175
2473
5627699
24825
7263
10096782
4527
4137
8828
20576
16575
14577424
753
8727
13903369
11841673
10785392
11442
5035
14806922
4668
6829
10725833
1226
2273
374193
18235
8568
14701536
805
11526
7183
14481
7290
6041
14685146
14768723
4329
21851
14866956
9503179
19324
13817652
11742463
3532
8922
12262727
10947700
10012524
2827
2189
9749468
8217
8539341
14627175
20424
14908191
14931719
9340
6233
4833227
20734
12359
4486292
153
12526908
13336825
10171
5115
12458838
8564
14358
14700
4646
7425
4807911
7203
6164614
6223
4942
6212
3991
280734
10349
15964
13371
19880
9066420
12983
13812129
6427416
9389
6325
5029677
3193635
5228522
3914668
5728
14379
9180
10963
5256
18669
13540882
8625993
14896036
21712
10196
627924
8128
3534
37269
12717
7853
9254027
4752
24943
9828
9412815
14780
297
20092
15520
11411
13020451
17451
1149
3083
8246
895345
6948719
22546
12458
18555
11405314
2491
5616
6627
1320844
24011
193
13899
1184
11598
4875
6626234
18449
12085988
3697
4590
13838934
5458
21985
20637
9397352
4417945
24668
3064926
14974
9491
10805
19459
1338965
14536305
12845031
5670
15658
14362
7813821
9583
15180
7900
3578
1884
7671
9321
13596620
2155
12974
5404
22448
1893
7326
12383
18637
4955
5253901
1786
2123
23204
10520
9306341
7362
5793
4225
22121
1429
9437400
17672
3479
7245780
5195
13577286
14110
9292
4524
15673
4545
3361588
5615688
4481
13721664
13272
223497
20984
20080
5988
6161598
7141
5226
14314
19301
687940
9470
2164
14934442
15155
12665
13644
11497468
10770
227996
3714451
19382
3686
7670907
5614004
976962
7836
5077
10894734
18356
1417
2106632
14523107
3048
7479
9859
14765
18544
14489
1290
636
19560
16132
3627
15948
5068
8144
14987100
1725
3470417
21691
5579745
16309
6997
4814
8583
834
4013
2429
7720
3158
10999
12230
24424
3381
8874
645909
4200
3346
13429
8376118
9123
22502
8850884
2225
4583
3913
8110
8585
7248
5726679
10656
1959
12727
2595
2002
66
16495
14878025
14965645
13441
5687
9507516
22278
12600
10056262
17143
14847439
14922
9509419
146
19019
22003
2199
2719019
20857
19256
17461
19562
554
5389
14950590
13616
1313
1012118
15218
7414
24768
2626
8120
5156
11697
24942
1282
6873
9442
10975
3180
1446
3431
8440
20273
812
11851091
7988
8370
6089
13124
5132281
4544
14674
11701
14717717
17254
9356
9232
14725224
24497
2350
3362
4681
10653
9421
3683
3911
3190
8722
4726
15803
2425
10237
4256
11039
5873
994
4064646
5408
9164093
2249833
8662
12347
903
12518
22085
22764
7311528
13871
151
19000
10896
8247
3083
2852
1166
12560
4545
17144
14309392
11055516
2561
2763
13112
9514
1938
8314
18963
3663
10109
11293
3952
4032
6081
621
8843
9734280
8754018
16523
23131
9452
4148
2860
3978784
12748
963
17284
10641241
24977
6455892
14690024
3117
14992
21318
19697
6613
9245782
12177
15686
313
15263
10014
482
10669
13504
2692
22185
2101
3977420
21123
3658
12303979
14987775
14976647
18957
14854201
4147
3322
2088
4934
21590
7037
14844124
6037
923
4821279
10358
6580
3136
25660
1207655
3232
12125
11226491
2865
1020
18378
527
12936
3148
14350802
21978
4269
17012
8883
13835
14172829
1421792
13112432
6020300
7097495
2431551
960
2534865
17450
8433
14286153
12240
6460
15965
22326
15350
1855
10356
8136
12048309
1746628
4230
13912
1139
6179
6258883
21052
17534
6951437
13612063
9775586
15643
13051
10133
10857475
7225
10142
11153
8786
4612
4737540
21324
4648
14976234
6433
11049
14673220
12135
10114
12868941
6148
277634
6602815
9952405
7931481
2264836
8899245
14024827
8097
678104
6327
11971311
869
1391904
11689728
4638
12575491
2086
14697
6766365
4900
2629
608
703
17425
11348
2200164
14104
13462
1047001
6768
11796
14491622
15584
4707
8115970
21121
1716
9596209
7989
7512
14421
17356
4629
10149
4225
9939448
20408
9794
12388
13507
4113
4630564
2519
10595867
6668
1709
3225
10361
14635
3201222
5295
7944
10719
16435
11136
8159
10892
6172
5265
11495983
3643574
11951330
3640
8302
2993
1322
12587
23973
2888235
2785
2981
993
7605
11110
12336361
6618505
5736
24820
20568
10229
3324272
15692
13420159
199286
10330
19804
1238
1053
17293
18245
5356452
18761
10908839
7147978
6370250
3347
535
3317
4507
7460
15899
2788779
10954
5365
10678329
13843208
15096
20429
6038
11628663
4474
6854
2742255
13741890
1933
9928
108
16389
13901965
14987
902
12251621
11459
2398515
20671
13213
7630
4796
10274
12292
20939
14965109
16452
12905478
5222765
3506968
872
12250
5957925
13936893
3457
1760180
1386259
16564
5582
15085
11078
7449754
4819
1736
7996858
7060
21407
24590
11062435
10619
1429
7739393
8614
8494
11059
14898312
2153
6609
13859
11339639
5026831
251
5805
20941
8863
9774
20441
7155
9131
5419
10962
23319
17392
12777
11112946
12573950
9393486
14473490
10977
14148
10909697
9998
13102
12477
15205
18892
8420
3056
11891
13944
10806317
1169
708
7662
15014
13029682
21868
5009620
13346694
8958
19441
14895
3975473
9595
16624
9210
11535148
13153
3093552
13022092
5315
11123
3780
13314
12151
20630
6528239
14464665
7698
4608850
15594
1391
25706
1514
2301
213
3674
14601732
10523
11954422
2130
14494
3070
10941099
394
10522
16611
2655
9572
10678
4181354
7981
584
18134
4876
15268
14420271
12680333
7736
732
5979
6911932
21299
3200
2771
12634
1192
5751169
1170
5499
8179
8249244
5007
14373
2847
12429553
16515
2829
17128
9045030
1000
5862
7062017
8844
8330047
8939
10074172
13767500
13965
14958005
8303
14838219
5600
5288
2274
7611
1214
4151
5046847
10842292
11529636
13646342
10724
1314
9737385
13119753
1716567
20852
11945
6154
12802
12597016
973
816
1457
7492328
17148
12667315
14972634
7682194
4816
5825
7522
3924
838
2299
5343
2017
2348
1456
1961
13739881
572
4286
1491868
18007
6014
15032
6905
98
8951
8067533
5847
397
4956840
8812
11852146
4185
10285746
12682
1175
6136
14973117
2428
20064
7340026
14880088
19209
248
9552
47623
194
15966
9213
14088758
13679
8817255
8675
13210
2330761
1615
2049
3227
6050703
13720247
17223
13783
5398
2939
403
11106879
3516
7765000
11265
13511
5285
13469109
2133
14478634
5681
20832
1134
9704619
14449368
5590
13387
14062052
8991
14994
3716
8301
8887
14877877
9324
2311
8876
5192
13871206
6869
6322
4685
9858290
1235
18921
737437
8589
13237
3426
1033
541
3809
2988
7336
14976302
1145
15432
13116520
14502
7978125
5805
13322
11421347
14333
14698249
12910519
11795543
1201
14510
11368595
13241
16509
10393
23281
14599289
8444
13585
1230
13908
1647165
16525
9242917
10837824
9353
1646
16923
13415145
12287
1143097
5406
20492
10007
14607
12334
7942
3975407
14779287
15088
11445341
2583141
14947314
662
10624834
1056
16328
9139297
12683
13539555
14981927
4808
14564567
15067
10790
14955668
38
15213
2190
14547736
8868
15873
20766
2799
6524
18915
15539
21745
15132
12295259
4960
6807
11372
6791
9633
4056759
4479
20800
15835
2675
11433
10846
11184
9299933
8735745
20207
7761
8036
14613699
10306
2711427
11338929
24332
2176
14872633
11827
13303
16881
4632482
2657
207870
9959
761
13276495
11776
12123
1043
9089333
1056
2400
19503
21746
2890
16349
9835
13419048
921839
15629
5887874
3186
713
675093
79
18178
7583
9598
12193749
6679
11509493
6819
9141822
18653
12061
5784170
6677
2620
12210026
11818860
770
19093
7017
8966
14966166
3169
2421
5825
7298
630
2047
10808
3241
259912
8904817
5767
1502
2523
7517
13661797
6341
6421
13646132
2410
12628272
8763
14597
9370575
5319
3496
13427
14772
14730429
19759
3237
3438
13456
19237
17964
15751
9588
2221
21493
3511
21644
4460867
14977691
12516
20932
14408
7494
424364
14402195
4280941
8108
5907
12630383
13476294
11176008
16094
15901
10907023
2529147
13933499
6284
13317
13575
5844068
3865
14786085
24686
10150895
9578
13576
3461805
2447
5014
8857
4260
10072
7424332
22856
23642
15264
14786844
14138744
19375
2218
14791732
12449
11648
617
6378
6608
953
9694055
8335740
10402919
7870
1979
3750
17156
2247
17084
12957
479055
14815641
4757
6851
1623
2012
2510
6485505
3112
6553
7763
4156794
14536987
7999966
4922
1981950
8048
1504
12367177
10948564
9314180
1750
10064
23294
2795
2761
9740104
9451
20129
10643
8620
7245540
2657430
8103
1118
15125
255055
969
4789
4651
3840
5123
13434565
16012
15304
16579
11336
1430
18898
21587
9149
1030
25300
9172
6745400
2840
14918843
14889
4311
6327975
2116413
5749
1917
11766258
5871
13940513
10775
17805
13804
23190
4271431
14933113
20042
2712
16470
14279424
5727
2423
8663
18430
14577380
16092
12755339
2535
2576
9393
172
6760
7238751
12195173
18594
7849
2575
4608664
2867
8051
12888196
5368
456
7871112
12351
3523
4254
4045
25348
15448
6419
2006
2947
1139819
6514
536
14826157
13798445
12827
9356
24512
2505647
5493
13598414
19793
6424
7493618
18488
6696
14837317
13361254
11904
529688
11136
2997
8982
2997
8754
8199
6526
10722
14097995
12025
10143
13364
9157
5453055
10151
21271
14985062
7003206
15961
2245
10552190
10293105
3915
8601
6585
12174318
7732
7761
10873095
14922623
8342
22394
156
12066
3025
5815492
3768805
9968
9713967
3412
2832494
13736
704109
10610
13788
2089
8642644
1690
20240
6780
3459
1005408
4993182
3485
10826
4989978
11517
7913
11705
11189153
146
14905170
16979
10240
5454
3910655
5924
1671
14599
4801
1854
13298945
10906
13368
948
1085
13833469
804306
16077
14684562
5582
18080
13934447
14796023
14736353
17148
8180
14519859
1019
9371
11400
25210
7673
4325
9782
10315
5485
14551569
14879313
10270
1586
23535
7713420
14879950
5252039
13716
11693
23957
14106
12395
11470
14576
7104
2565
26078
6356020
14620
7935186
8600
15076
5222
19489
4294
3974
14638
777
6997432
3993
368
8757
10055213
654
16147
12933791
14200924
14967276
13925
5997
19804
12680
3038
3170
851
8086
15420
14208620
790
9427
13858747
4784
14876730
11087942
14105
3753
13651339
1426
9182
25330
135945
12087609
2954902
5654
10005298
8317
1192
10656
12072
15146
2400
8899
1481
4117
19400
3749565
3237
4574076
3810
14873412
624807
3413
4987
13385
14828122
21535
23265
9013
1207166
6314
16665
6104581
4676
3045
14525241
259208
388
14394
8951357
19418
3198
8233
17077
24429
11129475
23276
5722
9364077
14791003
552764
497
92
4203
13714800
15607
11493
5844
4969632
3653666
16190
1867
7730
10274424
9415
14644985
15796
9857
15394
322
5209
14834
8632
7913
11379437
9316
8159792
3379
10359
18044
3475
7168
11976757
4695
3599
2972388
527
26428
3380
12976920
14919884
6329287
25004
13545249
1536
3887
16266
2734
5348
177
11051572
6188
2442974
13004262
569
7674
12675
602
6066
13976
9933839
15548
10325
8143767
18576
19633
16967
7036762
11251
3764
13384632
3284
4742
15673
3352
2605
1472
502
11847180
6801824
17242
4492
1736
5178
755941
14741711
17501
13343
2678
2070
8956
8553
10329660
16125
12921
1721
16312
20962
1450
20611
14500
8144279
14875128
13720706
7306
12351241
2688
14019
1140
4860743
6785
5931
8213085
14342513
5540318
18030
19929
8750
16607
13118846
5417
687
17603
3022
13282844
8376
17153
10918
17073
18525
8998
19237
291
24369
13972091
13850
3203
6215
8932
6446927
5864
1637
1754
3952
4173
8638
3643161
60
9631
5888
13290828
80564
5977
21391
14844
6552
7428269
1089456
13940476
7293
2245
5573
14325725
2450
11683327
1091
11826
19865
13930
8013
2024428
2323
6835
14784379
15383
10700778
14565230
14857081
7533
9532846
14686598
9098
10500980
2006
2459730
15265
4155
23495
8843
2558
21305
7632
13437
18156
12750778
608
10630
14904154
18126
22032
10937157
12986999
18598
11219
64
16153
20789
11526037
23691
1191
14980578
4031586
4623
3387
6171002
14113138
8337
2428
11337599
25434
1873
21905
234
1757471
15375
12627
7166
16373
15212
17018
15123
11190
7167
9561
6143
17288
191
10033901
8907
3168
13287
10992936
7755
174
10055
2120
11421
12062
19625
10584312
14946050
16046
15690
1816
4350
14034839
21748
647
7746
47
4837
11942
9012
14669
13909
3933346
14758
19461
818
9626
2278
14768320
8172
1825150
14122446
154
19380
11425
9327
15451
1493
5936
14839
1713
14869892
109
6772
14607215
17965
7310
17727
5134
6046
8713
7349680
2543
14325312
1516323
11442
5260
6900088
6847
13796
1305
10264
1247
2805
7340
15368
9917
12285360
13430271
14311544
5770891
8277
2857492
11733
8199
6535360
5658
9111565
3467
10516552
13168
5098
16994
9181
1125
2098
5785
7165
21559
4519179
11383
20338
11389
13396639
16784
19440
9699
6797
4815
10138
5382
17029
3958442
6878
2971
22587
2141835
2680
9824
8951956
14935311
9998230
5116237
9399283
9528455
6959
8140778
5565
11629
14943455
7685
25543
6297092
484
12773
3019165
10352
7899
3237650
14966557
14485
11195
398
14380367
5582074
13452
4826
21462
13990974
2776
13014
3642
24904
984
4216
6681
3734
10659
9473
6747
7855687
5727
11485
13724882
12931
13711
14767
14091216
16858
11366
7842201
4256311
18161
6088
9373
19841
9375
7163163
2484084
8708
15129
13782
17542
2636
11993156
8731729
1029
4710
13408
407
8483338
12939
16525
18925
9178
16811
6830
14895780
6854
14666455
2478
21429
1438
12783
19137
1557
5760
643314
2534
10081
15505
12734663
17759
2962
8786
14937740
3922
14839681
3822
11915432
11765
15445
12012526
9425
12540610
24781
18962
70345
180
15898
8132
14818751
445326
5016803
11327131
6106
20006
14647775
7395
2232672
5208
4743
9685
501
11411702
20570
12972
13390
5223311
698
14574725
2200
9644
18150
19934
14503
17713
13434952
21025
5862
4276156
17101
18363
10354
8344
13415
19486
789
5781206
2529
14956268
14398600
757
41
12469
5074182
7737
8282383
7563
11319
12469586
3172996
9935
12275404
6272
14897826
13052
14742608
639
13128
6292
9457
6525537
14954446
574
2249
9770189
2610
2354
10675
8315336
14505639
14196
11869
5309
6124325
14315427
3104
13806
16405
5104
924
17968
14391
4552
8299
1312666
4927
11252
5185234
10113
14072
6956
11283
199614
9233
16191
6267824
6869
16757
5526
774
3860
586936
237226
12036
2224
2391924
6334
22026
241358
6407
14633
14355519
8838
19439
14181872
12063
14794
17053
1867535
670
5417
17870
18090
2783
608
17965
13680272
10435
1560
14411098
11993471
13835
6965
5426
13082
3012
7630
19970
14435940
15234
14580870
11943
5180403
20429
18375
13243542
4298
12449
3134
11050
13028
3266
3461
8044
6802164
14574386
1097
11162695
10509774
2435
20335
7031
23886
5695
967
13409224
16430
1291
13310983
919
14711958
8342375
10729
19
9787
17667
19216
15252
724
530
2540882
3346
3752
17912
12155
12193
7790518
11417
9436892
7428
395
16752
14952026
17454
4342
17710
4615757
3779
6099
6041
22647
15191
3110
3311
12306
17364
13491
3560
5881
3164004
10953
4087
10437
4709912
9180527
13633
14920871
19503
6019
6815
12410
2625977
14098
7420017
22365
2669
12654733
10244581
3018
9426997
21483
9565
12680090
14600908
1115
6867
16899
7339
13896832
7306
7415
13017599
14073
14816625
13528
2380
5667
9824709
17530
4048000
7793
15843
7362
25536
5969
5568024
5107
4164
439
3869
5828
7457
4706
15648
22030
18105
5571
24538
7968
14476
1076
332
8695
6326
10478
4545026
5663
11877
5703750
21004
4874486
3852426
10108
10702
4482
2345590
17495
14941272
2829
10667
7988
14943700
251
9434065
4719386
18427
5609
302
13960
3474996
1608
14113998
14952039
6305
802670
7946911
7031
13076620
4710
5616
11778
3469
7584781
12090423
7186817
881
1713
17926
3955611
796
1694
26024
25848
13903110
12804
18826
17281
15270
7433
10279
1485
11565
5900311
396
14964682
5578
14657866
6397842
3676
7290
5848304
22105
4885
13535800
6265
453033
1059
14229436
6853292
6094475
16979
16461
14111222
14541
364
13777574
23384
8890900
11225
9445
430
3425
2130895
732
14280645
10626
22745
21381
3523
18527
903
620
821
6302
11504
459
16776
9669119
9531
10383
3701
1065
9755400
7606754
6019
1024
6927
13153
9228
1348
1495485
2742
1848
5634757
900090
5124
11780
17901
14969442
6255
15064
13676
2948714
7427663
848
1473
9101133
5050668
733
14145
14316210
16906
16380
12183
14079672
1496
11989
9479
14963494
4858958
4831
3443975
12457
3047
13463
12768
17509
12399
3242
7238
14958544
6388
17244
1040
3056
9091041
608
14658
13339854
2478
8237459
2851
14211345
5769
15372
17097
14298
1236
9916
13132
6291
590
8430
8991086
6786
6128
13623
491846
1759
5275
8779
14611
20267
11945
2763
1916518
725
26042
4904
1182
1765
4661
16509
8969
11798
1498
8272729
17477
5277
18608
56
18485
10340
6506
8084
13012
16364
4709
2771
3101621
7814
24045
6334687
3505302
14769
8433235
4133
4377294
11758287
14328
13536024
6059
8182
5455409
10480822
1187683
3507
753246
2926885
15838
14565213
10079
17338
17526
10879
4588529
14964113
25398
20382
3002
13745
183
5009
8446
7575
14717
2311
8971
4368711
8720
4898321
13557706
5074
6893
14593564
12336
9600
1317
14952512
11909283
11203420
13330513
561
20539
9236
18311
16063
239
14876740
17254
1427
9979003
7417722
14013354
2304
12901
12567
8020419
10948808
4024
12137
8556
18172
15857
16631
17761
14281
16311
3017050
22326
25234
7856
12496196
17051
2815
2437479
8153
6978
6630038
6847
12077
699021
2149804
21076
12310
14815603
14962569
1846172
6751
8630028
18654
842
2485
9567
5834253
3016
3409
11326467
21643
9610
15569
2372
14962558
5342
9993491
5462
1064
14918851
18936
7222
7765
10433
6273
8837
10319
16509
14822387
3304
11765635
14375996
9673
4937
13290
12555
840
4759
19891
181
6624
9696
13206845
1691228
14776792
1440019
12057421
766
2104
1562077
14412
8212608
6750
2330
4699
9199975
20619
2313
2286
5009662
790819
16894
4994544
14649
11739
10827537
13100
3152
22359
14259413
11282
2660
1955
11754
1345
18699
3444
2629922
3114
12273
4904296
653
2456
12910010
21079
554
6447
11172
6668011
2095
11291239
2027
10727774
10327608
6082953
5020
123
4108174
1000
2987
3206
14355570
21558
18364
2150
11824
8757
11120
14594115
13447303
9618
9538287
3249
6610563
3460
14597898
3357
17918
14300261
7432
14525
2312
17517
19578
14132779
16463
13089
14598
10680326
5523
2786
16394
10061
8727159
1057
11985037
1192383
14998
9651182
14095212
8045
15011
11500
8977
13268
14413114
19609
11501
761
13422
4797
20410
14979638
11367
14860751
23197
14429742
3599508
12722136
1561
14890229
14053
21971
22423
7151837
6601
13489
7329
14964440
4408
6533044
13816591
4968
7774
949
2309
12630276
22857
682
676043
12640010
2542
9083
7353
4159
140
8321276
14675
2709
7029
10719
17763
14830695
21294
12718186
6538
614
21102
12181101
8477
7876
1550073
14795889
11502
1354
3419
9334201
17885
8313
12715
333
15729
11763
2040
7070073
8957
2691885
14553
9900611
4199
7186
6632
12458359
10121581
7846
11075192
24153
13107
18654
16336
1959481
6712
11786560
11283
12210
2107
12537215
9390
21951
2387
10235
2066
4027
1762
7922
3306
13838603
6841016
3034081
9603
1446
1143
14653272
9903858
11591
2558
14218
14986
21814
18332
9110
5395
3011
12814644
14647561
15799
2794
8566
10073
11960
463
3981
6416
8827154
14777732
11138
9879
1467014
9134619
7043
10346
4216
2558
278445
13861
18413
9373113
13599
2168
9297
8343
9042
5318818
4911394
11934
13379
567
5537
11207114
3683
4442
9837736
2569431
26069
6875415
21982
7523480
1071768
275116
1778
14079
13388
3075318
11240875
3344
6683
20226
19740
20253
9013
4318730
1716
13278771
12652243
4413
13691123
15318
15109
12948912
19795
11058
3663
11391742
72048
11678
9513
3549400
2999922
14785013
5705114
6937
23066
6915
21302
22192
16467
7647
16262
7251
14080732
4337
6664
3455435
19124
1817
14648191
4209
14931744
7578
1663
16087
5155
540
6837
23484
743
12453
6519
14997
10211
11872
4201
14109363
12294
14276680
2819
12007738
6094
13467
692135
3890
14482905
1887
1488
390
22866
6184
9855984
16015
12090999
11949
10967
10121046
6195
8657892
6750
10742052
4860
6912
15624
8544
4971
4979
10427
7963
78
1181
13923406
10397464
3769
9387
5028
2935
15945
8552
18140
12287594
7052
4276
11205
6810
7069
14237
12791
10701616
3753
14435
11877363
8289339
3605
181951
11405
8955486
10542
2444
7624
3196
16422
6096
4222
33
9881180
10277368
13399
11081
5875
3075536
11340634
14968898
1438
16313
6971
9102
2520
15299
6174
14945072
9794
9917850
11484083
895755
11057
12282
5097944
9558
5522405
16808
2588
4752
6056
10659
8322014
7515
19541
5732
14988
3910
13906
2647584
11093042
20214
8490
3016
7845
22637
12942
9789
23139
20333
13823
2155
19455
14468
12753921
1869
2927
1152
6652
8233723
7359
7241093
4272
2067
16696
14667
24602
10448877
16386
2452
7269627
6950
5410246
3121
12777
2833584
14125
14393
10875
3222
14742974
5910
5342
4105
10080
10016
22673
5766
18636
8991
5189
15345
4037
10035942
13302
533
8582
14743035
6359
5369
6721339
8129
9140
14517319
14179434
1674
23703
22102
10841
5235136
5695
9802
7290
12021
5815870
11053412
7121
17688
14972370
4448
4581
7631
5737
8165
4068780
12338
2680
13667110
13276493
14986119
13067581
15
12997555
19007
14586
6487
10736
19001
18403
18589
6091990
11567168
6592
8794
1948
7723566
7174
611
13480047
7582
12232890
14925065
25195
5952502
878
2637
5198879
2330
7480
6462089
3593
13983305
7884
6809
7628
14175602
1987
3756
14795981
8157
7323763
12641810
12120
4861012
12246339
20543
11726874
21330
12777890
3904
7348286
16380
12857505
17014
3223
14394318
3498
5246
5148
14478916
2766
6721648
9817189
12314
846980
13832
17292
7868
14579
10397
10212
6029
3703368
6641
7981
20626
3065
634
1470
11772277
3145
8225
7264008
7931
11287
10666
21440
11310
3685157
13503
14668877
6549
7022
11581
9283
14096704
11310042
3926320
10530944
14663
11743
1156
7074
1283
10099
6906779
26019
2063
11732139
9898611
6228539
2644885
3652593
6842
1102
16314
17594
14955312
7901
14693966
12755
5886
4232
3190
6372
9130
14642867
578
16140
8940
15679
8277902
3281
7133785
10253002
3786352
8260492
5840
2251535
15298
18726
10038325
7136
9230272
14961480
4211
6372
6938
9339
16288
14279153
18290
20381
17220
1639
11795
2410
14597887
4806071
11426
2287
5507
10812
13000
11778538
13355513
5571
16901
1167
6776
1339
19338
13738
14960504
7101
2695
7988
2927648
2818
19934
10245479
357164
8980
16829
6467658
5492
14573722
19526
15752
16663
9614413
7624
3701
1395842
24648
14605905
11136477
4159
8913853
7274
4232
11870
11780
14440
267889
13200496
3380
4137
14583991
7194
13310737
17371
11395380
7047
4706556
886
8655
7110991
5707
6133
2380
14829
14248855
16508
9885
1327
5148
16285
14561367
1808
1513
11575
14328176
4780
11118447
857
16655
13494
14321
21154
6434
24212
20997
3898
8744
6209
310
7355
17557
4562
17435
619
11040
11758
2406275
6779
10346
7788
21528
12231
3194076
6921
12950
13722526
8269454
7820
5262
11617
7577468
14524780
17032
341211
3613
2773
6378
2566414
6505
11629862
13484179
21369
15243
11401
12162791
7261
8533857
10147
9190
2756
5417
14830
8156
6204
9097
1926
14851322
19309
5667
6922695
8115
12782849
12930
5087
2354
13581
16004
4569
12770617
12482734
599
9467
5314831
20963
2678
10727
21156
14050
10668
7632
14913874
4009
17643
18613
2205832
13040660
9252
5991397
21192
12372
5775
1416
6265214
8878
4709
124
17167
8865179
10242
11557401
19068
16035
1520
239
6346
8984858
113
5962
19004
11523
1486
3229
352
10809
3488
15297
484
13123
17725
943
8542
10013482
14718460
12453089
3018
12463575
4861
11150
14517539
4392981
10407
3024
10023
5783
5833
3643
12822
8794186
3274
12566366
13805
3667
300
3665898
3801
5789550
7160
1043
7836
14145
10760732
6326141
1553
13044
12481458
3736
1662
8271
6102855
16071
11361
13939022
2673
12677
10176
3088691
12079101
2182
10350
1744
6944
1567
14192
5109
14489567
4863
5541
5849
14608
4777
14517029
10772
3302
2710
12320630
8243031
11900
2663
145
3405608
10485187
4493
10710
4834
9956481
3486
15036
10621
7380
14408960
5332
10937
5011
5746
5576
15056
1634
253
5588
1945
6770
10110
6834
6203
14988
14463275
1308
14322045
11400718
15943
6160
11845
139731
4733
11246615
11820888
8854
6695274
1865
6547
9437
5200
13325599
3274
8415
263
6129
8238809
2230
16597
7804037
18597
12593
9857433
4071506
11545800
15744
6983
11917
9142
17126
6765
2396
3551
10523
23010
1703
1783
868
6628
10346987
3659
12168
7722727
19516
15973
6450
638
3670635
8700443
23304
9340
1400834
14588
9805
19978
7602
7946
7885065
13819
11175869
11418587
3482
9972
3158
10194524
7736
6689759
6505
14894784
2292
15228
1382
3156
19504
11296065
14617448
8566
5017
13046954
9150
11044
7609849
19
17044
18532
23867
8271
12970839
14769
20975
9826
205
13374
2377
12734577
9733
850
14962416
3771
16983
14926409
9878
14798408
12131
2237
7272304
1448
7283107
3134
12674
332155
14430872
6157
14452725
23929
12926996
23671
11031918
4960
19869
6868
11927
8023
5582
13351
4111
17983
11089
13729899
4315545
9682
14246006
14032836
13229069
6820
11952992
3191
8331
6974
2195
5633334
133
11190249
8172111
1288796
16532
12781874
19261
9280
10803
1781729
483
7556
6039
3003556
13735
6148
8784915
1581
13175962
7450
17257
1279
14958643
9258
14965426
2983
19931
15836
6124
24774
14714736
12000397
4773
13790216
3811
14173671
1870
296
11250223
14935720
8610
15440
8398
3421
19949
8981
4412636
9249884
12658
12170741
10038853
2590
804
15915
14048396
13835673
18855
982
10030002
9240
2069791
2733
22267
7318
13412708
14860640
7483
410659
14952648
14953748
5456
11538
4685
7924
2085
10594
14353771
3037
12658424
3999
14918
23447
4264
7372
13935418
13488
1201
12685058
10407213
14684182
1336
9638
14667237
3210
14178449
13939
1220
5678
8664
3737
15114
14245
15240
3557378
6807
17681
12521
12435
11072242
19775
24754
8493569
902
21267
2401
4484853
1183
6033
6768397
13508426
20179
2077
7774
9719
5664
5314609
16815
1830
9142
1395
1302
2993
5644
8320061
22772
11350146
8282635
6154321
5147
7701
1149
10694
907489
8973
3861
16149
17431
8797
8679
5582
2206
4597
2940134
8475
8044
14364
118
17854
10646
720
13250380
3606
14977
14120680
6704
36
5186586
5573
13248
3815
14184308
910
6181138
5588
5472
4178089
2322
12135
13299820
252
10068
8606
758
7168
3210
8503767
11554
300
3837
11978
12946552
3250
5638
13504
7194
19811
8538
3906
19970
14135
14430
10569
4669
16605
6109
1274
6341300
9651
370
6023686
124
5225
5816
8279
13869577
4973192
17895
5430
3651696
4804
1171
9443222
11661
5801
4682152
10862
16862
24182
13160665
20353
877
14961499
15202
8656
22077
11416173
22600
2860
14890058
5600
3892
22476
3520
6377
548131
2724
7184
10168
17715
485
10671084
15795
1054
475
1127
1006
14804367
8225
4145
25631
14260
4198
1474400
13944197
12165
7894
8927
14600
18738
3523
5783
15718
18778
10489442
767012
3968
1173
13239
13217466
23395
7255424
6718
4147
17142
14501
18693
7607
9234611
8258
18137
8466
5151
574659
7826
1236
1564
12277
1486
2931140
4552
19562
7615
14042834
20002
14624
7708
14531872
1751
8808
5198
8024227
7235
14974684
1895
2251
14680205
5337
17938
11488
13070260
14364
13476290
5930149
12736733
4378
2914
11393
5643
714
179
11501511
18327
24698
7118607
6953
14408724
7886
9671499
13695
22251
23684
14744135
9261956
2903
5563
10289
8228942
14435884
4856269
2566
16917
6931
10792
5291
6988
786378
24690
6901
11349500
4988
3590
17118
10038994
1055
6362
10591591
7364
1460
6118
1450
5972302
10689
299
3229
14881005
2821685
5416831
14340
1488
1347
13155209
23075
2475
14418
4217
19230
4774
21859
6774
9327570
1522
11978
11189771
15695
3316236
7473
9654
14322
5652
13363220
14799
1582
5618
3415
11123
14227483
13708733
2018
604
14098
258
3244
12126
12443028
7515
14670060
87639
8170
6959
1610
14543757
6901
1463
20932
13962
7934
256671
8880
12274
14241
13381515
6493
10979
7042
12328
12970
11615857
8168
4757
10006065
6370
11435327
4124
2883
10982
10558
8196
5424
14434
6843
10031
13730
4856
10960
14803
6671641
960
7934
654
697
7963
2453
11097408
16994
21083
7093
9466840
5444
482949
14160
3294
22085
10379131
16677
12839
900
15217
2884760
13387144
5547956
21419
4978
19037
4529313
8852
18361
4520
12267277
411
6085
5461
16876
8507
12563
7257253
2858
14541
21652
7054
7144
16089
13495988
14463
4392
14677
13610107
8677
7451
6143
14571446
3614
1058
11382109
14743
16972
1998
8302
3270
23242
14971499
14734078
6824065
5026
8012
14920769
6318
1556
5868006
6427278
1111
5899522
14863027
10625
10839
15271
10285
3774
14228
3329
14953715
2162
21887
5789433
9577
3047
9910
14910
220
13737862
4334751
6702222
14523
4650636
8055
3750
22998
11177
2097
15364
8233
2798
17045
11202
4745
4716
16080
4319013
8972599
14265919
17353
14291
14407
4387
15033
13304
11158019
10537
10367393
7097304
896243
4884372
13346490
9460
11838
2695
3689
10116
12427
9950
680
12919714
10690
9195
12656203
10071454
4065
6532567
1384
7225959
1168
14395161
6456
10353
15324
7098
6612
621
13866
14272772
4583
14232698
6677
2408
5871287
14187369
10837208
8354
11798
12057
13844071
12651
14920
648
7432928
4996
3469195
14969379
12126
8643988
14893165
12783
10398
13345
13536839
11173722
14108634
14543023
22740
20930
7685150
17051
21002
8417
17493
6710
1646
13303284
11873
15337
3454
281
20876
22993
16283
11018
14811189
15688
10304457
1209
19696
14780154
20965
10910575
11147
3494
9274
9775
3068
8210
2234
8458
8246439
1793
19717
998
16722
17984
8177763
5878
14342287
7140078
8295328
4857501
14968018
114
7762
1321
1605
13649560
1961
4748272
14411713
18252
9949264
14708700
6375
11769
14912172
11864
21863
8376104
17790
11547757
17686
11395
15883
3216477
8735
5768
14835866
21733
14893907
514842
18303
10479971
4365
2353
6290
14051196
13436031
1023
8190
14987357
1620
23827
1778202
3342484
16267
10825
2238
9272
13950
975
721515
9358
3023
14891964
13309272
8680
8334410
6615201
6097
14273809
14784291
6315
16408
4182
9625
4337982
11249
13194553
12017
6135
20453
485
9253
854085
3520964
14292
15556
13936459
7130
14048791
4547
10687181
13947926
5270
5180455
973243
5645392
10534
1597
18382
21094
14975919
7972
2967
5297767
9569
14718028
13788
811
6353
16359
20556
7846095
3101
414062
13222754
10041753
15806
16952
14943
12966004
9589
17494
22401
1969080
5720
2590
12364
4866
8395
1259
15052
7959173
13443
10089
10019
13178
644
12240
5212
5343
7970
2993
1294049
17869
7167
6395
13573938
15148
10244223
24168
17461
8778
13230
7202212
14969180
5986
16817
14026305
14955119
5221256
11172990
8189
2554
1218
2471
11221734
8966997
19524
19
7107
12558
2004
12863378
5489
14474387
5796
14684092
3607
16268
4068
7749
12820515
6020421
14984065
302
4998
7388
8931
3043299
14028219
8771
3556
3121
5772
640
9245
8984
5539
9862
3529
5904
19319
14317101
12581991
16750
13499707
2463
12649
14914689
17862
2765409
20661
17606
1738579
10362
9346
27
7155
13429
15095
3118978
10936571
7407
11924709
9352927
10107
5836
12462
9772
9418
1821
5080621
16265
2743908
4887949
5520261
14507845
6451
7161001
4882
7827588
14964606
2702968
7272584
15873
11317
11034
3903
14659455
13836
1444767
5332063
12439938
14116532
14396
14513
14845966
4567
13096
13669
1761
4481
13921
14591
2738
3944
6673399
8912038
10453186
3988
14533
5393
7820572
9670
8666
14964377
2962
1850
19408
6091
2004
8399
10364812
1290
13493
537
5620582
10865
14870456
2481355
14984702
1362
824
5152943
15943
9033
9774196
5600
4283
7817
14828634
15361
405
1428
11582607
6360
555
8793
3857
9330
4264
15978
174
6974
16973
17633
14860771
20779
22742
8833922
747
7906507
14879633
12906775
10205
11215
2608
3371092
6417550
5125
14188922
3598158
6304
10890
375
13853976
14250825
12707
2240
9342
13542
23329
12127
4870387
4981
7082
4723
20324
6093
11464
10466908
2175629
15169
8344
16788
12165456
12851
13298964
12129517
17750
14856019
13294
6527
14914
14432143
7431
10013
2520
2212827
1585
11417
10926
3309
22143
3776423
7810
11994361
15132
8692774
9923
647338
19474
3441
498
4760
9586
4270
17977
12789
8659443
12340
18885
14969739
12994627
3173
2124
8826
9069673
7093
7403826
1959558
6292921
6990
13197420
16858
2740195
7683
12715746
9815945
8567
13039477
20421
2667806
1400163
1182474
22747
11288160
16414
14172296
5009
409
16011
8257
14559
13283
7503
6090
5236
8755
12895952
7961
5574318
8323
11893
10258
12575
4204
9546398
9883
22652
8535
14875397
7870
9521
16811
4053109
25194
13037011
14003124
11713
2776
13764
16016
12784
939
9158
6728
14748868
2321090
9932
11516875
10691
16256
11366776
218
3858230
4687
8029459
14283
6826
5139
12065
11637314
1900
2440
5504
22576
1194
187968
9121
5718
4600
14670606
9263
6506
19124
15120
12115
13396320
11869527
15133
17811
5891
23922
20089
8321947
14222665
11974
14956949
9250435
14765396
1505
11417
11916
315
2780
15534
20300
8537
4101
16716
8990
8267
70
12112
19269
13816
5440
656988
820568
4267
10781
16118
13206299
497
14718509
9430
17336
13169851
13048197
9284
4879
2833
716
3484
14406
7311
14173826
804
2257
15381
8668
13754204
11221
3055
7719
2920
4226
11135073
3814
15466
24398
12287
3574
2173
14277677
3112630
10480
1660142
2498392
13600558
3392
3547
19013
14708890
21934
14439822
14734800
14921300
10942
11
976
10383
18108
20343
17799
10069
2924138
14730137
17634
12247
15552
11532
23805
2535
3378
14224
12725
3726
323
952
879
5331122
17505
6446
20496
6336218
5059
5783
14907396
7787136
8508055
3894
12980
6084
10951
3583
16180
5403
4953
1102
12891962
7120
11440
9137
1124718
9569
4760
18458
20716
22520
14184
13852902
15033
5139117
10542369
14808381
19706
14931130
5544487
18593
6121
14310
6838
3237
9854
7161
5307
14929667
8681313
4007
8010
14948888
14829921
15064
8171
8505
10176
1375086
3067078
9671925
12046283
742045
12190217
5158
6020
10683
5664
18168
12196
6954
8884365
2298
557
8924
9030636
7206520
4054
9025
5830
7539752
3711
8336502
1407
17882
9954
3276
2512900
11583
21561
17138
11239
352
7117547
12359187
4755114
10354
6767807
7427959
7532985
12514686
5863
9488512
14938393
374
15157
16155
12934
14755175
8383
15467
4450972
20909
542
10814250
7629650
14625014
16854
19702
5339174
14352
6510
14527
15824
13986
751
5717803
5227
10260400
7303
14153
8266
19419
14727897
11876595
4359138
2326
12779693
6404
10359417
2113
8364426
5768
8582
6317
4535
273
3927
2828
14631862
1690
7086868
22467
1630
616357
12748778
12878797
16968
12833198
2023478
23602
12625
19853
1216
1759
13117468
4910
5452
2346
8812
12852
2668
7089745
1389
6297
13585100
3186
3146
12862168
2147
7949861
21805
8077
1599
9932
10761
4035213
10017
11417039
5657
5430
17283
10663
5023
8739
14602496
14663559
2423
20880
2975
8638
10478
13289975
2083
8718
14891
10652
9312
1708
12797610
15356
6854189
842
4208
14949428
8176923
3076661
4975
13136
888
15759
6270
1561
12759627
3455
2959
1014
581447
3332855
19873
15293
467170
24774
1802
17357
6916
15626
17411
20336
14330666
16639
414
9008
11592
14949033
282
2834
8081
13757088
11890
8190310
11515506
639
9610
11657
10950
7865
1227
8776
9123
11373433
4646
21832
4070
2801
8646424
18998
4296
4071
4599
5244
79365
7798
5097
6709
8711
10978144
8339799
12548982
12617
11596800
3223
482
9181
14692863
7139059
14686641
3849
2987
2649
9259
9740146
14929
1542
2176
14180275
2242
16495
11698
12151735
12698264
4871
7278145
6215
14516962
20585
10002641
14715793
4528146
12904
1312
14411
14554306
2051
9863
3132
4065
13612978
1041
15820
23210
2039
11780414
3282
5738553
10177
1260
14921829
849
1028
2752
9594832
8046635
18898
14634259
8424423
14272332
741
989778
4064
9548878
14126894
21700
14973782
13879588
7764
5105874
14022662
2998
10061906
11904724
17028
14151
15602
23315
5858000
10634
12973223
3705
16478
3516
3886
10212
551
12722234
5517
3096
2397280
174997
3978380
9273
11979120
14010
17070
2075
7110916
17334
17761
3468
18204
13262
1969
7991
466
2688
2723
15754
14987413
19291
14213494
5379224
4848
12028
13508982
19609
7836
14407
7892
11874
6928
22375
1484
24440
2918
2845125
6418
14813
3782
23861
3113
8728
7810732
8041
26047
4093
11824
15702
14739944
3923
9437097
22127
13282673
14173
588
2520
547
5537
19269
10680
16975
3912
2286
8557
3018
4015
13856558
10914
6059
18976
7045
10177
428
13607
797
1416
19047
3002
13825254
18232
1222
11649
1587
15932
839
8558
8626
9773
13502134
2107
3177108
440
12729117
5092
2466
13795588
2820463
18267
11223899
12893657
6114
432
372
3345
19225
9378
13790
7465
9386
4861
15118
6695
16960
10860857
10539
1119
6214
8821595
8163
2573
5028
11561
7062461
14929111
4758
13492425
11382252
14939391
18946
7568
21297
8439761
18066
14732
5859
5570
19232
5752
8138
7501
7290
19678
9844
13595752
14736005
8597368
1638
5436
19225
8383894
13724697
13624
2133
8152
18208
9960322
7522
3571
12704
7567857
10077
11250
2933
564
15002
13644
15488
6347
11105413
802
111111
17166
2561
14589343
6850797
1840
14434777
6103832
5087
14427138
21970
14697
12004
4451
22652
13759513
14829
8143600
11450
13145934
16017
1698
14262
11137
10116
6038
14926889
3629
7317
15950
10493
10250833
12120687
13086
14221598
13823523
14965513
9909251
1584
2680
1438127
2679897
14974927
1173
435
14983914
9999
3174
7837
13869
9033
2099
3296462
970
13833
10948
3
15176
12859327
8977
21923
3576
5935
11245663
7824
14027
11837
8782
2382
15934
14725045
14781
17556
17254
13945492
11433987
14266507
21550
21608
5024
891
10467
1291290
6104
10864
13022182
3755
10653722
5092
162
19654
4098
1758
9882
13592270
14484
9434
1322969
1779
14515904
3592
12389804
14170280
8806
6708
13135
18406
7947
25330
8798
11901
15125
13742
14349
12900
12779945
14947
12615
14496
2877
7629
16972
11077619
95
11503
13466
14949781
12682
2522710
15698
8546752
345
17746
484
11123
6697
24820
17531
18883
20135
6947338
14806872
3944
7951083
2509
8696
1520
17080
7032461
602
9502
875403
5651
543585
14987093
2761565
12723609
13045074
13419466
238
5673
14566
6798
6787
625
633
6242106
5319970
19197
1299003
18111
7029
14604340
6827
242
16832
1553
8738
5214
1303
13910660
5850315
10019
5616
10773
14948205
2418
768
16027
11091
1316
14534191
14834
6303
2192
2256
6084
113
6712176
16713
24833
9883
12372468
11383
14558
11294
4477
6982
22975
19260
6171
14901686
15851
3114
10862735
5749
8616
12324
5450
15175
8174
2444766
1781
19490
13191067
6363
2118
14955296
2837
7931
1800
7645
7194
12121599
9525
10412
12268
12602783
14255
1348638
6090
4187
4215
1067
7956
9388315
7172685
17066
1416311
12654
1722
6873
2828
14085183
9092
14809752
6874275
3943
1420505
1855
7895345
3385
1499
6330091
15546
8649
17317
11701446
13523
11965
7517
14291006
11924341
10364
6729
14981503
1948
14725
7618
3222368
8674890
9742
1643
3070513
8526
14984479
5320
3832
16067
22237
22915
18537
1161505
4601
25385
3395665
14327773
14674931
5050
340
13519859
419
865
6072
3373
13667
10462
23862
6832
2299
10222
13967
13605
19786
3506
11616259
476
13715679
16697
7000729
13532035
1963025
2314
3712681
6109
8063999
12412849
934
5092
4608
11040091
9851
3503
13365002
2785
1052
10922079
14047871
9188248
2660948
2228
17004
6382
3133
5658
17592
8164
1190
2997
8003
5756
14245
1550
10986
14101380
6670
14844973
3716
3216233
12664496
16561
5119
3282
13705227
12801512
5387
5595
513
7990
2287
13409375
16883
2731214
12980
21965
578
5058
26380
4671384
9696
9994817
8796
9214
10731
5648
1717
9416729
5622
2543
6621
18420
12003
6355
5398096
22487
19794
8821833
2581
4658
5896
2461
4892
12207
10454265
2347
8075851
7475926
11757
8135408
14448
1384159
5941
5959
16618
3445669
6156
12872699
19716
1273717
8836
1207407
19610
13613
12670
8554
5428
6272
6892
2666
7104
3072
4202370
9449
844
7743208
8528
4490796
8725
1946
20540
12233391
11304
15296
2965
14725480
19574
1055
6593
2246
13525
3226777
7989214
10197
5880571
13154822
299271
9708
1639489
8142
10416170
10469048
1391
743325
3619
5183
4223
15369
10353
950444
14627
726819
16183
12605
742
4799
4162
5822373
8568
18376
18937
13228432
2777
13432257
13639
11794988
1084
6929
12989413
15402
1700
16705
9563453
14952638
9223
10480
9646
14290671
3662
7892993
2271
11642
20303
2695
6653
4464
971851
2458
455
23213
5405
1654361
3103
6185
14759917
10262
4743
1387
10131146
20038
375
14959355
5901
14761
1891665
19273
14237
14980603
11159
18037
8725
8390488
14261970
3226
12184548
656
2982
9906
1382213
12467
11906
9472287
413
14966208
8401492
3452565
9384
4493621
6596
10460
4760
12605324
15926
9597749
2170
5759786
3760
7465
3158
4338
2287
12107254
3113
20925
16548
12898744
7423
5669017
2280
3975
1690
4832
1452262
707163
13391
5412
4017
7231022
4299
7160910
9070896
1195466
16876
4455267
14543
12698
10590
11402
13333
212
2888252
12303808
14256159
3707
13159
19320
1769
11994753
9857
9330
11247832
4646661
6480
843
12186608
5932672
3550
13849501
15589
9088
14232
4106
2588180
9595
16420
18276
8064
12537961
2699
14976675
6318
10936
12132938
6619283
982
7678
2729
144
1625971
8522
11489
9593
17544
10825024
14373189
11409704
14557
13841905
7667
9047840
18187
4878
14985262
14495
19922
7150
4364353
820
11996
22489
5872071
12503
7305
1655
2222
4351160
20636
13357
14100
14844048
8235
1621
10459287
10494668
8807
13948
216
14908222
1379
12799524
2018
8468
9594260
6023138
15905
7281006
17096
11888446
13418
8124
8166
746
14450
14972759
15224
13163
13977
5235492
777
9985
23244
2450
16186
2541
14871500
2157
14304710
2735
12341656
14255
21146
16218
10665
12761
1128363
23975
3639
15208
2743
2780
596012
7890
11165
9621
14097897
16754
14424
11631
5632
7955
1471
1667
22144
5333824
13799479
13556
14931
14921394
9033
10944132
2637621
12679
8121658
11668133
9331
4583675
7409
3151
13886476
1537
423
2463
573
3546
2816
3885
1930
397
10462293
1265
6005
7743756
14887437
4121718
3421210
6116
6440
5959
9364556
9670
7751752
952683
1646
13123384
10781986
4702
18736
770025
7326
21613
14887
2525025
2313
14883923
11207
14980133
6325948
16724
16609
12877
6311
5246
2364
13643
19358
3139257
5151
15501
748
499
7156
8982509
10666
6743
5438
7111
15245
12827263
7056
9077
2666
14776
16537
10911
8821008
12143
3503500
14682
10447
13083
4726
9395
21649
10060
8973
12351
4527
9469
3699
4886
25020
14626634
18369
12959075
5022
12987638
3928
5587
5016497
11635
3409967
6719
6402
1237
884
5164
6873
710
8713993
5075
7321673
5263
8900844
10684
3695
14948980
3330
780043
14969319
5083
11134708
14386381
12648
3425528
10582
12596
8265376
5436
730
13945592
14472609
5867
9528
14166
14414798
10294
6450526
13736
2020
11539
14367884
1862640
16721
14910598
14502344
4715
9774705
23944
7704
12073
9159124
19965
13023
635
7550
6292145
8142
8139616
11765
1823
15670
13663805
18279
2072
2689
2351
2284
3736
12470032
587193
10479
3925
11251
8909
6677
9187
3299
12224
11243328
6719043
14792637
8513559
1392
2429
130
1709
13948
14776271
14274429
1898
6061939
15136
14879380
4471
12618
8696
1685
6775812
1988
8564
6016
7965
14773
10358762
14765380
5604
7303
8700
10120576
9715682
7834
389
11110578
3679
2766
8793
2016
14954577
25473
2858499
14690491
10448
17713
8976
11380802
14908344
7561
1423
9412389
1485581
5344
1711
20353
7361
5834
75
15287
12159
422
8194
3635
11485888
14239
21326
8753
12937
540
2431
14889385
4189
659
938
12047321
2035
4358
14566741
14329545
14579
11655463
21466
14245620
5549
12186731
17915
12285
14741597
10928
20439
6398
8351
625
8980
17654
4713
1376
1998020
9771588
7986
2017464
10433484
2394
3720
21329
25007
5772
5970
19194
17236
22580
5615983
869883
11738
14666798
6145698
2141
9361
14416149
11050
9141
9237
18964
6725
6095434
6088
22133
1921
882
4211
4013819
10400
2635610
7125
9919871
14736369
1317
19651
12686
14233
6882615
2532
2572
8452
7127
13456
7816
7536135
1922473
1556
1686
2851958
4795
1272
14717772
19823
15120
3981
13392
5363
11024
1795
15742
16341
6264
13284910
11909
11393582
1557
14460766
9534
2535
5743
13322
2938
1987
7111
2298
6550
19993
6543
1249
9366679
5980
5441613
8323487
14899146
5347
8359898
17213
11755061
5825
19065
163
5746
10805
3569
4487
16619
1965
2326182
13764539
6875415
7433549
1642301
15677
4034
13618227
12524
6134116
6831
7774
6264083
5849
3278
15868
11958654
12780
12656259
13304472
3682
6899569
1379
21272
15026
22661
4162
12777234
14291148
9397
12197
13268797
8494466
4912
2939
2191
21807
6531964
1590
20401
14649318
7918
3494606
6564
4213
1286
5960
9143
10059
2092
2490
10765
12527383
9636
23511
1646
21686
3724
11282
16910
14661370
2445
14034
10250
4109
5910
7451159
4293725
12413485
14717639
16233
21216
15157
8823
3496649
19176
16524
12032830
12837
10967
21233
8433970
5598189
13464254
14971629
15311
14939965
11700
14150240
14121344
2683
1453
13872287
707335
11082
10530302
2425
8459656
325
2062545
16582
9190865
9432
10366001
10956
2124
9311
14953100
13583
13763
12811
7078
100
13565204
9371506
8435
17135
21802
10487
9103561
5597
24249
23779
2720
824
15299
6974
864519
8629213
8445
19326
8764895
2563
128
16260
11435
689
16473
9385
8896
6402
2663
9000164
11230220
14916
4944
14594807
4011
9507
23185
20064
14967411
6704072
3830
14691419
13716446
21809
6169
10691046
1104
3277379
17056
16745
13797
6216530
5157
14972330
9545
7139
6993
5229
8279
12453
11574
1715
12948
3152
23796
6317
4644
9220
11171
8953
17909
11577
9467697
1721
4904483
13058919
14749
714070
14811027
13837
1865
10420847
10613
14859320
12779343
9673638
6390
12448
11183
12252
8367
6362
6537610
11605
5818
14934
473023
5181
2700
1904
8843292
12490229
9559
2868
10256
14962601
7900
1884
6197
14782701
14676470
21077
9117634
1160
7425
2761
315168
14979328
15631
2517
4546
22185
20302
10079
9901
1672
5729
2885585
10021665
11729
13492
9270
10811
12434988
4613
10594
2756
6327466
11964
14102729
7770
14132
15199
14141006
11876933
10918269
12679
14824234
10868
3434
2559
11365305
4473
20015
7473
2308
8029
8738
5538356
5959
19454
5755
15192
1716
2120
8780858
15620
20799
14784
18983
14636
14125680
6613
5207
23759
4118
8259
4122
14922425
12585
10975032
7798
14426931
428
9466917
5544
3644615
1301
12832
4710112
6082
9419078
7574
3777
4748
13464641
19351
11051242
14977761
11584431
18039
8411585
2519
7979
13406
4382
12385864
21285
12715
13769215
13950
12324
19987
19057
7560
6239
10303038
2992105
14970834
5267
13510628
6918
13578245
2284
12317
94
14005946
7613613
12194
1501
12785
2845
13873190
7652
13382
3637324
2873
13589709
7074904
12977
758
14118186
10064010
1948
3789
14670555
3075
1631
5916
6016
3874729
9257451
8720052
4821
16716
17713
19608
11742
4133
4233
1300
13051
8161901
4601919
15491
4915
10619
9587662
22082
5654271
2115
14995
8930
13468004
5782
3649
1260
13958
10659
9388
6328
8676
7565667
13425164
9839
9345728
15048
12665562
4382105
4288
7860
3309
5967
10143108
16016
251466
6185
5472
23157
1957
12561
358
12187
8832
1070
24423
15911
750
6251314
10164
11936685
19526
13832
9753
14886267
3685
10123453
14219842
13268956
6420
11609908
16389
5311
5125864
2788576
11556
4696
10915
24420
12952
14387
7159828
14798
17613
3254904
13437
493
12933
2370
3347
1571820
2469
18862
10709
10978605
6257
14636
2255
16629
13522
12430148
336
10185
11604
16061
7855
1917401
19434
3195
12749
15326
14660249
9240183
15104
14567251
6609
94
10108
736
13707
3749
6083201
4724
14432015
6890034
13934435
14394
8667
15859
4207
1912
5875
12367205
14984090
13849
8264
9512337
15862
11309566
13853943
9225
713727
8846163
788
15872
1821204
14966165
20847
2609
7526
14875634
4782
14834359
2922
12905
1072
13418
2849
459
9581876
5636
1532297
13618
12752
10481069
17479
12400120
261411
1602
10821
18342
15675
7095842
14953013
9920
21173
14325
15016
4709
6417
11916929
5188
4119
19733
12284937
15902
12722628
1526
5105
15279
21596
1959
11704314
11021
19454
4485198
5017736
3524
151
17658
23627
8384
2160
18303
14452657
4177174
11691344
976
15650
1899
2542
10166
10619
3310
10623
675188
10417
3281
1371702
15097
3730
10651555
5325
15732
1055
987
13314
9001
3866203
23464
316
13524
12702528
14727720
8271
5761
7667980
5246
12086
10381
24715
16027
1451292
3469110
17657
8408
7033
13802105
14947430
6578
1390994
11320
13587
6133335
25539
5477
15429
1838
3031
21215
3506
7711682
3817
10182
7702
1858
4164
11327
7039
5903
2120993
782138
12589
5041
17922
2554
2672
1166
519
11708934
6218
7614
4205
7502
12253
6631
24326
14371
2341
10259
13183
4627
14912066
814
4610
3649
3197
5052
9839789
10930061
22212
11054
19964
2506958
16886
296
3961
14605217
21948
1336
7432
7128615
3215
20985
9609
6292
4594460
4072
2402990
12540
1600
4326
12375355
10692
19753
664
5875
16355
9634
2545964
919
18448
356
2870
11569136
10040
5670
1814
6980
11120453
9731581
8830014
6048
7648
6196
4258
8021357
15517
8279762
2815176
12816432
10172
7448
17847
11177
14654623
5061911
8245
2800
10719
14480454
2734
1380
4839
14249679
12985848
17003
1981498
11127377
19613
10852
7962
9221
5469897
14911787
8175963
1784
20750
559
106
5396
14819313
11023
798
554
21694
12063227
14944574
621
1164
5897
12768646
3306683
2911
6873132
19818
1820135
2221
17971
3741103
7161
2759
552
11747816
14082
17692
7025
5049152
3904
13901
21792
12881326
5745
21435
1244
6692
18444
5426
14861520
8766
12387
14088140
20491
21624
1889673
1772
3140
24571
3229
22556
1542
6452
2095
5180
4617302
8567
11744
11641918
7512
23808
1681
1886
11991
15542
10845048
2290
3344
15413
12931
20
169
12608347
10795593
4602266
8407
3727
1866
2182
24140
7822557
12658
10585
11994738
23759
4824
10557
2622
7866
7261
12350
365
12733
1693
2883
10516380
12385
12650
19572
13172
9602486
11840
3683
6660
13688
13997375
12471544
13652
11968
15105
16500
4491266
2077
14368900
10912
12104
14914670
17433
7777718
7224
6663
1202
3810
5821
7335
1477
5538291
14976956
9694326
5091043
8521321
11772413
11017
11330
5197540
895
10929235
216
6505
3706
1427
13628
2635
5417
5315
5223
14355879
9545
9621
6804
8973
2818
14011501
1503
110
15980
12991276
14875
822198
16256
2860
14944903
13493865
4758
5786
7219187
1724
12449705
3772
18038
7753129
19771
1445597
9980
14983079
8331
4902
14922
14335291
14744981
15762
23224
10337930
800
2448
5203
6995
8443
2880
5636
4415777
6631
12294849
6296
6455
3276
3891
3308
18396
14442419
4318
14516313
14119
6162
6392
16706
3024
14416
3142
1839
2997
1081
7020
3270
10146
14958
2635658
18517
1252
14968685
12168
14153038
8981
11250215
8109
3934
8833
8331
4262
14824689
2637301
9164593
6644
1151
8793
16282
6608
19190
13462
19670
3267583
8448
1417
12835759
6112
5438287
3960
14775935
25893
234
18443
1692
11600
9672857
12778
17392
8648
11268
8069
15254
10275784
3837
2996
13848416
10875
1841595
5912
13626
14216082
19622
17417
4637
14613770
978
20846
12525650
13770706
5328
7300
11642
6927
270
14969529
12396
3007
966
10771
4758
8971230
5497
1494
25941
947885
10399525
15320
376
3222
14440629
11876
10703
3671
4818
8608208
14847443
12819
3513
18539
16393
3548
1650
19825
11030
6973
14038148
21299
14967726
3667
2004836
409
11441217
17078
669240
5775
6698100
2050
2040
6399022
6157
3012018
13623881
318
426
2390
5001
1293
60
10715149
15717
21491
15799
372
2227
18001
6582120
14704822
10298497
5838
12521
1803776
7352
6166
7714
270032
19202
7316887
5903
13489714
3620
13354
8890
4397
20256
22366
5079
11025
2256635
12961980
4459
9814855
18908
12929
17255
23651
2458
12695775
20432
8892919
2860
14972956
4333087
13138110
13986457
24678
3582616
3946
7438
3222
4287141
10603
6650
17998
8815
3919
6845
15767
14718839
14829306
3956276
1900
2735
4987
11659
13503
1024691
423
10680343
13091040
9538
2636
1397
14605
22544
14984181
13009743
8584
2905
15646
10229
487
9616187
8038722
21880
13790
6208857
4171
5140754
9963
1459
511
3995949
4560535
4858
15570
2924
3019
15872
15223
23369
17536
9762129
20439
3114
5692778
1967
11262454
8650
12973573
19437
3220
6840
755355
4224003
6497
10364729
1062
8251
12573425
14783295
5155
14110896
13682
15905
5564739
13821057
12328
23623
4259
10623885
5453
24339
13075
14582508
5879
15019
15539
13047
13741
13150772
10823
14945377
9671240
9301
8694
12203765
8786
5598
4422
23265
4712666
2833990
1982
1891
8833
7662
14862755
3848
13790473
14419698
7240
9945066
14842888
14964780
8767785
4500
9215144
5905
4978
14816483
3054
2579
31
11658406
13773016
3124
394
1702
29
3744
4324
5798
944
13388319
13085
4267
1770768
6283
14677423
5266
14479794
2775242
1979
13272
1127
11180
13056
12890
6636649
8227013
11301
26663
4133216
5964498
5553
12753761
10163214
13307718
5649240
14972189
5913747
14310
3682
3244
9562
1441171
874
8424
20619
4743
6266
4380273
9950789
309
14248407
8046770
9897339
7217
5750725
6031
1669045
5902764
12143287
12304
14946009
2523
12435
7373
6134
8272
8585279
18466
7464984
20820
6127
5583750
14915965
14583391
12250
6426
21669
265
5715
10214973
5286
5497
7676
10914
3538922
5500
8541
2846
10582
5728
16543
16260
11832357
16716
6568
13051
7010586
9385
12921
2993
1426
18107
2768
5579
12669446
5970
90
23104
16418
5392
14865552
4569
13605524
8352
736
11834445
5128
2187
8922
6312
9804227
10140
2030
11273540
12822990
10868
4978
22717
18856
6206
19161
5046395
4238
3829
20805
616
20093
9376
1283
17756
11262865
103
11747
4157
13195
12272
14257752
11759
12526499
14254475
12283
14391148
10868
6022
20885
12557
6022
25250
4023
13555083
2524
14695225
4844
16755
11856
7845
11691988
452
3434
7505
10662111
7500396
10564
3671
23386
16070
13694532
10207
14904022
12317
13998338
8185
248
10799
6020
4743813
6622
20770
6683
6869
5161
10499
8841990
11370
12723
6814
10933
11927261
2843
10059
1186056
4711
10804917
7538
11033
7233
735126
38
686
7693375
14191730
7721718
4273528
12945550
2311
6644
9341
14960780
12611
13505
2929
1037
11640913
12671
3630144
12301
12758
6650
23741
14432
8174
19973
6730
5347
20578
8882028
4580623
12379
13529
11213157
859
3210
11244710
1683
14094
5510
2845633
14980759
19593
12853802
13806543
1301
15851
20297
428260
8698264
14112643
19038
3928
12678229
7015
9480
12217432
7976
4379
12237785
9713
22182
3422
8455
2279
9146
7214184
8144097
5153
3240315
3242
14973783
14560536
3193
4189126
13105247
29
17058
3368
21110
3214
8768
7410
11897
7223
370
15798
13903
3113
3359
18426
1546
11790
14719936
14294
9955
5878
14578917
7191
14689
712
9493931
1693230
13558178
15737
5760448
13177
11075
1314
21791
1721
12335
8416821
17794
15478
2930
7113
8652
14641318
9891
9459
10005
11435
5813
2036481
3816
2910
12346
17320
3335
10802
10549
13509
9932123
7244
4997
3530
2991
4734
14854187
2250288
11603
6476
8033291
11724600
5806
5865
14478727
19188
11422985
7658180
10593798
9489957
15475
977
1853
14829
11131162
4624
3084
10908623
26748
145
6102150
14197667
258
3826615
14525
14806
2370
10531451
11433048
20086
22790
1074
13632916
14947656
2834770
12329217
14272376
3846
8420485
8081
12976
12165796
3589
2952
15673
4178
854
1770
2392
5865
6682
5683
7061
12950510
13464
8314
11570326
4703
9857
8592
20393
8054
8985
7072204
14815763
13261
3773
24596
9533
12112
7583213
2231
1777
14989648
1712
13735
2799
17411
13695589
2143031
2274
396
9257527
12286952
6930
14695
5371
14397
13191
2860
8811
16484
10134
4204
685
5799
10977
13824101
1872
15470
15562
8464
7592
23354
11246591
2663
18034
428
14958129
18469
21522
14967432
9314
12935135
10780887
9410
11626395
5383907
296
14777876
13126772
9671
17411
8019
11367
7536
9909
5068
10880
5868
6778
4101
19837
22753
4954
16360
18851
13869
14792062
1417
758
956
12453834
479
8162
10536523
940
1879
9582
10456336
13336238
5061
8951729
17527
5418279
17472
9939209
8321
4048
5977
12918157
440
13921614
25560
13176144
2533
856
10531777
22037
2437
2612
574
1284
8765
181
2437396
1705
3709
5828
12741167
22308
14957443
1823
6537
94
4553
14761014
2010
185
4195
13313346
8958
15283
3755
13900853
16154
25008
4006
13153
6928
4930
2929
723
21644
14979638
9172718
1753
14917228
16630
6949
11463
951
6862
13099
15761
8284681
2766
10766
12399450
1039
3529
12110058
8470913
1146496
5444
14571801
657
6418724
115
1957346
12749
14958544
11104323
17136
7865
18385
8767
2351
1627
14098533
59
2273
14841435
20606
353
6223
5066
13518118
719
268
18690
12530
14921271
8705
2203
12856088
3634
1269
1262
14111462
9486165
7070
6383
13507610
14923654
18688
8895702
14888272
7505369
553628
6693968
12467990
3045
5779
5503144
8808915
21095
677
13331
9577
6702
3088
5610
3033191
18201
10843908
8377
12344772
8279
8997
11263
5754
560374
12173960
13735864
14983320
1322
14103488
12846264
10193
12052
614
3781
2711384
12553
18162
2481
3923
3977
6447
13860
7848
21424
4095
8760470
13677838
20458
14656879
21631
14031698
4136
5106
3164
17804
9804
10604914
9553
5884
6979
1728686
27046
9870
6637
596
7838
7887204
3093414
21246
3585
10924
6908
748
4970
9462
1503106
9697
14954850
14384473
13526
16909
3144
3060
14978394
7374
907363
10292
5740
725
3217
7714014
21227
15194
5780
6716
10620
1485876
14351
3110
963
3147
14963208
1764303
478
6438
14982140
20080
1259
9901
12952230
13872353
5585289
12129
8344
12497860
11726
932
5967
10573
21573
13980107
24711
19410
13916
3836
14038761
20870
2632
2923
14404973
12014
12457
13562410
13855
17775
5394
9744808
7278
1734
14152649
5275
3003
1229
12548
14981167
13546161
3110
3986335
11840
11915347
14424731
7776713
5204388
15826
3246
18
780
21891
13409277
6521
15927
4733
1875
13646652
11122049
17551
10112868
19871
14675
8613588
2312
9440195
4853
4570612
5371
14982230
8799
11153041
3695
13920688
7177
5102
5030414
5994
3776
11634
8491
14154035
4233
4667
94
14950839
15031
2640
431
13812
3054
12825
11583
10881109
2598
11412
18443
21613
9376
2238057
1325
3475
10768
14136
11505117
14138037
1536
6751
3276
16718
21508
8427165
8118
3926663
12401
7909
7051
1802
8267649
10023
784
4358
14895796
20783
1930
4124959
9373455
3297380
8953
7338
2848
3344
3170
10061593
11889
2746522
1516
13829390
14931242
1480
7081
11041
16505
877
8464
13526773
23496
186150
13289501
1897
10189
14391773
5077
5509
6260
19808
6681
11627
10108
2460
20287
11487
13767959
3411
7784
5998
11837
14261
12171114
14583062
12915
10968895
14184494
14418726
8801
2371088
17803
1637
2955
20125
9052
1492
14729947
8974
2463822
2184
7623
7187082
9239
12938562
13145
4579
8857006
1750
4799552
7490
17454
2503
1271
7390
4572
5942
13996031
15824
17854
5998
21117
1251
896
14964735
14524
14124560
8703
4010
11240
19479
14957176
6929
12370
11394
15362
14863302
19454
14069
2287
14653
14714650
1063
11760
10243
4420
519
3923961
3447
1128
2659826
13895040
11447355
17931
7162
21293
13438875
6314024
16810
10528
1307
5996
1774
2164
484
26162
3444
13994
1688
637
10288
6729013
14295627
4513
6901743
9391
322003
1169
2723
1472
1244
10609
7212
8308320
14481205
14960018
8485551
125
18330
4254
6418
654951
21800
562
302166
11350184
7505
1581194
7345
10136139
9357
2112
21370
14066896
10066
10624
8463
3734
11306
603979
7724
10338
7462
22156
3130
3722
5772
15041
14308332
25201
12462411
5415
11
4905237
4403
1175
12086393
11284842
1594
14677311
11545
2002
9511
4910
7669563
11508858
6673
17297
6744
8926
19437
10488779
8853
1819
2668
19292
10461
8736374
6594
3522530
14817416
13283667
6503
14402
12807
13458
16113
5611
7735
14019391
14949319
13479441
5686
12019
9884
17742
10454
10147
4919
11915
8646903
12507
11238
12847106
5157
3664
11168444
1029
3309
1398
4649481
4930
4369649
8255
14879149
241
4544
20101
17683
19148
5990
3356556
902
10989
26520
14147806
13301307
13501224
7477
5497
13601
4211
3552
13710
13956552
6299865
14684643
104
12797255
12258939
5152
3025
16331
4274127
5210026
14028022
14674
5557800
3162
14572
19303
2982348
7070123
13977143
22572
14160838
18447
14399662
9322186
17625
14857
2232735
14978755
7610
4231
10080496
5842706
12442583
5136
7225
6625
14731613
423408
14746
5548143
6131
4271
8022101
13920
7943
313
1690488
7816
821
4639
12837
12066361
5949
18278
10267
11675040
13088
5885059
2748
14149
10146223
22722
2582
9038
25450
20232
12706437
10946279
15061
14500106
12919209
8604
5762
14946406
14662
4137
2401231
22005
17232
10747021
14525
3518370
12858
5640
2145
14909
20974
725
9532948
3056
7130
6601320
12158991
2227
5418211
15896
13876625
11667
7987
2946
8386
2109
4023871
12495353
1114
26814
1921
10837
10089
12508
14967392
9617
14962935
6285
2613
7876
11049
7687233
5005854
14939090
14867124
12475
13170
14401803
8513756
11083912
6597
7072
7426
5999
13744068
14682676
23167
19227
2461
619
14974218
4100
8729
5611
11941005
12052
3010
6997
11405
17679
16076
13816
15455
2883
2863037
8225392
20161
699
8600
19136
2317530
18283
14536413
7264948
23480
10326764
17059
16075
4119
9629
4314
14310
1550
11012
6236253
8221
21015
2775
191
7637
5470
3939
18178
14585160
7104
12191
3118
299
14791
8943
10342
13888202
5459
18808
20099
15454
12984595
2063
18182
4120
14957831
19174
18962
9562
1717
22702
11856623
15720
6712
9071
13762
14231215
14233842
19236
1465391
16379
23505
110
95853
18800
8575
19881
1632244
21482
1825522
2267
14401994
7836
9243840
3666
6924351
17151
12984
14906543
6412
13828854
16579
15378
14095
13048
10481
14812
8003
9124
10665
13726
10607890
10429
9203
6755
22560
1891
14931294
11786
16584
14023157
6020665
3730162
2373
633
626
1318
6984676
2796
1853
14139
4725072
23987
286
769838
8749060
3636
11499
14152663
18745
1268
894
4364
5670583
15380
9672790
7619824
2401
14774552
14407369
8908
14255209
12000960
6591
11495005
8955292
60
18452
13971656
10623770
26406
16222
69
11192
13676
24381
9722
18565
1878982
4523
9710274
11985900
7202
1313
16786
10549386
8039
6893165
2064
4020575
6492
6619
17877
12876
6500
5013
16130
9962
10467
2186
6189
4531
7635
20823
484
11918
2345734
1863
4485
12983
3911
8791
1505
2399
14653164
1315274
14056403
14833355
19907
13768668
9787
5914
8921241
1120
9200
3635831
5378
8114148
175050
6268
3439
9715
2466
14312219
8956123
3621
13878929
1390
9526
7686
6837
9364
12311
20457
4578
14688283
10619
9807
4886
14952394
23141
22591
4457
1426
11457
4376
14567947
1175714
7131
4218
16578
9996
16097
14545436
14601
586
12085
5836
13024
12125
8223
13707
19363
7150
7636
499
5002
1538
18499
14630768
937
24167
9190329
10848
11765
4155
4998
6400
6613
10734691
4105467
14424895
15071
11710494
9487481
14736630
16093
13541
7983
416
7108
15384
12396
13211
10883869
18486
5632
4065807
13599
5910
3176
11213051
15248
14864503
3611
2987
3422606
8522
14739
11348801
7178
9525
3358521
1531008
12842
16160
14965900
12770
4170
12754
14784449
1954
11729
14148718
17872
114
13219033
10236
9589
2031
4575
16558
12710810
2542
4977796
4497
11475
1188
11406809
23399
14410452
10833669
14054
13164
2505
11343760
7138
9563
5416423
14059
10884759
12953
13647277
7730
556407
6070
14445991
22524
15193
9629
16685
11792
5943
2937505
241953
14053834
5953471
20539
3141
6439964
10468
13064341
18483
9717
3683
8251
4820362
3290
4032
14122
9835
16322
17467
3909834
14080
14039
6470556
8386366
1243
1165999
14518646
3792497
20951
14976277
1825
14094007
23232
11779
18165
4558411
16699
13957321
683
8701
14604
9900
3295
512406
3187
9599
3063
7595
2690
423
11308
481129
5267901
2383
4487
8122
7293945
1020922
2528
14410869
8853
7578
290
11913
3333
5582
14886318
14590390
843
14233
890
543
6525919
13205
6771
8644896
1848
18673
13287342
14385547
4529
5528
14854207
15486
1484
9065
1077
3094
2070
10443520
3083
18290
16398
9984
16244
20438
10375671
988
4152279
4807913
4171
18756
6009
4352725
4013
3152
14648043
90
3521
3763047
14543446
11426
9415428
5271
3071769
6312
9321389
6197301
10153
1733385
9878
11555
3030137
8077276
18112
12929702
12469103
11950
1707957
1527
1036
9538
19260
7720830
11139
11292
169674
10929958
10640
2702
4368
5149145
4921222
6377
4767
6050
3547897
5552
641
918347
5658
22805
13339
3852534
2945
14027583
5756735
19431
7964
18686
9233
10365
6488746
14831116
16316
15456
19304
817825
14112
6808988
10530
14657984
547
1198
22555
14967529
2789
14268
16768
11881
15957
8556
18463
12904423
12644925
12825
14978492
10184
14919075
11449468
12749093
14649305
4066
8316
15425
5149606
214874
7765
14538
14557
2830
4808
7581
7851081
11781
10906
13673879
7838804
12674
3553
14600970
8530168
3232429
15875
16712
1314
10167
19371
5067
20759
14085515
7155290
1264318
6433342
13338491
1274
5525
7602
15082
22709
10493870
6286
10428134
35
4836
4591
3688
10041756
14944389
12693
14949275
11696803
23147
7659
12296948
15981
1303
14301994
8980502
8840
1410
11114
24415
4374544
10707
23823
5811
12000
1887
9804120
8836
11201
20120
2874
263
2367
6157
14809882
4428595
1005
4304
2345
13127927
16467
14933327
7001
8859072
5720
595
2771968
13635
8174646
3609
17990
1082
14183
2973
11069
11344
14567603
1509
14092527
6240
11126652
13306783
5673
776
20597
1073
1584844
7133
11847183
5747
3777
19976
919624
14377
543
9583
3488467
14329
7146
3191
5079
25851
10367
24272
1226
6709710
6309331
8983
21499
10716186
994
1778392
32
18013
12379
15444
6670
11640
10031
676981
2038410
3010
1702
11520
3573585
1285172
20857
10280
23708
9482
9636
6498621
4335
14902174
1260
481
12372999
1530
18503
4827097
14766895
6537
3339
20078
3341
7979400
3063916
5113
4159
9240
16723
7743
14847822
12220
8
10490499
11683
8264
5709
3365
12882
14203
1686765
8525
10496
1634
7890865
3797
13415759
14758323
4345
15631
3835
24043
14835449
11751
7500
94
1030942
15129
22443
6619
6162038
12090
8787
16034
22938
8293
1583
3664
11222140
11124
12583
8558
3189
713535
5984
2720
5465
14607
889151
9482970
1862
22111
10210
13511537
4697722
14977705
2084
11060406
131
10110
1853
5204633
2100
3469
21360
82
2780450
10942
1620
22814
12076
7225
1739
11968
14780052
9547
11020
7947338
12037
12354453
14762629
9886305
12121153
4966
4025
2353
10725
4349
25540
5025487
577
3256
1519
2563
1775
7286
8475303
5935040
7708
12807384
14961445
9595715
12871
12898588
6156891
4228
19402
263055
5374
10952
8946
6780718
13598
6465039
4024635
3965472
12470853
2388
14643901
5568
22534
9429
11336480
14955
2767710
7777
20103
7740
13084892
434
371
12739
14892104
8378006
4222
6528
4967
2815280
6412
16205
818975
8812
14219
11946
14949404
3667
14260777
14781
6590
3103
16237
6659
11685960
205905
5638
14828903
18106
4362
2045
26822
6552128
15521
13766
3182
1059
9693
13012
4837
4412
1850
6929
5907484
11301
346
6716
9564
11668
10521
2847
6685
11468
10886
7257
12105
14917297
10389605
7949
2494
17710
2244
9138
4844
10828
9116
692985
19150
7896
12874251
1520477
7503
18206
9162
14120
9403
14514179
22894
1190
18891
535034
11274
9799897
21393
13671
19745
17993
9454
4436420
12012548
4267
4114
19784
3269
2946
11924208
15896
3519
13668
6933
7065
7004692
6190
18758
9943029
8033
6502
10555
7446982
3817
11477905
21774
8562
10716
8200
1323052
4500595
1587
438
20070
14364
2484
1430490
7595961
1902
7162
1654
1404255
22427
6254
4782
11536
14530970
71
13186
4143
10949175
4981
948
1693175
7557423
158264
4022
2997276
9706
6549
3746
14784881
2885
1400
8881
14906
14861102
4087
16820
12235113
4590
14975562
5238
13420581
3491
17041
6925
9691
14434788
23014
6473
14962429
3893
10352879
317
16183
1322
3583
5357
8332
5592
7135
2362
14220
2694
4530
13704
12397
2076
2422
12743
12123
21704
8188
4549
5126
6454
9387413
2761
9466575
21169
4348
10568848
6383376
1473
95
410
12763
18628
6554
12927
12504521
13657
13692
7831
8854
25429
3042
3238
14359607
1384
14693865
14949390
14904381
11349
13991782
14790685
1678354
11993659
9611
3195
14658893
14966988
1669
3890
4334143
10120
18318
818
12347
6344924
1001
12769755
17693
9814406
3518
910825
5094
11954
11003
52
15065
664
9846
3404
18372
4550
12993648
609
4866357
13613475
11144
4096103
11364097
657428
7044
2642
13781
7458
6901
1398
13138175
4359426
5561579
830
21325
13321811
13318061
7643
13831
1434
13653371
15397
14334474
22414
4662
14865728
11888
166629
4899
3774
3891
7214
14985110
3085
13938
8582811
20233
8919217
15689
11662
10531969
8537
12756
5306
1883
17776
3621150
2230
20821
2625
4439
273
12991309
6922038
10455781
12286
501
1873
14023414
11764808
9852506
521
10055
14672
7045
22061
213
3505
10210
12458106
13958833
8143
9421
9866
3243
1168
13726443
6793
7293
6937
3684
10026
3852
17902
12194775
5840
5469996
21045
3577122
16623
13618837
12992
5183
1778
4228
1415
899
7328
5660
891
7874
12580940
5856
8640426
18699
14036
11850954
2526
10082641
1503
18054
4473
12562
5867
1498334
13449723
9003
14670392
4197
14313
6230556
5126452
11762302
3622
12628677
13494791
7557
2000
2604
7022
1864
9553332
2784187
12758756
11144
14908
11204261
17006
3277
6406
10000
12384
4800
7831
2719218
8576251
13732
14777609
9753
19402
1382539
13657
23122
9632
9329
11973
6802563
14564702
14041658
18219
4481
9393858
25946
2037
8027
23460
2842
6081311
8007
1349
4094496
14797
357
10497367
11563625
4593
2427
14985185
136
20586
16903
19114
14054
4839
1087
10615679
14954949
15753
1930
13437
6443
13671
4225
6418
16720
14928010
13209381
14737
5186
14583
21317
2136
2775
22193
7136
832
16875
22009
9244637
14318
12753
1632
19411
9162778
3806
7045335
3564
7048902
2049
1656858
17707
4113
1321
6429
362127
4986848
11307
8031
3255
14707626
22680
12427573
7210
9844046
5615
23688
8151
16154
3544
12469
11634
7708
23167
9611981
12448
10605
11440
10137
7099163
10008
3282
11703
10407
11642
9009579
12377689
10073224
23235
8522372
15117
10226
11285873
4329
23452
11778
3276
14785888
1423
21630
14621303
9859
14677536
8487
12129
2962
5303
12961
12123980
14010787
14421
8186539
13863519
8964
103
1165
19648
5610
12880905
5249
12642
3441
10877
6900
14217
3126
16737
7868
4865
518
10768
6097078
13249143
14724832
23101
1105
10403
10745
14485
792
7159
14245436
8035
12253858
14622695
10117
14843464
14762
3021275
4793
12459582
936124
6271
9286071
14073
2974
8396
14784574
9943767
19214
14912658
11099
4704
8711
26327
11264
24025
498
4321
13596
7682
12996
6951
13716041
23614
17246
13943479
7015
6651
5896
13538
2533
12831
16259
4256
14800830
11931
529515
12330
1983
13953753
10253
14895561
13707
9631
6178953
20004
12073
22241
5823
4836
4705317
10793604
17054
11022
5817787
3192
4336
5951893
14057456
12407
667708
13569482
1351
2550908
6020
2632
2851
7994
6432
12636
9724
4525425
14738
13310349
492469
10521
14251137
9935
12653
12123629
437
5228
2099
14979117
1018
19875
13484830
8319
4432056
6732
7785177
295
14907
4216
12598
14758028
17713
8241
312461
10290843
7071306
25918
17204
4850
6018
14949838
10362
7709526
9094
6616
9031
11698398
472
14325129
11816
1650
5452678
7270
7198
9946
3248
3856663
15059
19704
7723
8207
5401
16195
1929
6117
13004
1437
9205493
14981525
20891
15638
19495
7802
3115766
2404
13467
12229
7741
14893844
10717
3583
6731
14808926
14078
693245
4628007
6523
2594
1557
13437
13442688
79
10115
23712
7209
7248756
6411
10364642
2007682
2530879
7880
13974
7157
14745997
17474
9489608
1996292
22268
10952968
20362
83329
15772
15379
7649
4263
2424
17846
16443
9864
6651
14357576
14374
10650
426
12335
19360
7703325
17976
14149604
290
12252600
20895
5047
10943
12801934
7121
12342
1786437
13040
2783891
11038
19192
8302
2242
7771
14939
18195
12297949
16344
14337
11738
2049
13259858
216
5604
15561
15873
11104
7809005
16529
4593
10223
7405
7149296
9413
9760
2709368
13932
18409
21348
5085
13412
8602
24254
14590
6347829
12467843
13307
9552222
11073
2397
12866
15490
9015969
9180661
14473
11632
6662
9995
20632
9626
19349
18409
14898723
13158463
3228
13011646
4866
3043
9566269
12229761
203
5645
9250
143
13211479
12808
23814
6998
9211415
11565
12654
18111
515
20871
8757
4299
13455213
13173
2806
6466291
19702
13038229
9795
15646
7114
7419
2745
16588
9500
5084
13284
1284
3747360
10330
1686
10854034
13846
14879368
1835
11175560
10852451
7633769
11046
6515
5579
19004
7277
13192118
10532019
8312
11487
4683
25018
823154
12801428
14818
7092
5632
4460
287379
7679497
11324
5311
14519514
7501
10251
836
5437
9303
14677
137
22289
13292792
8640297
11851304
10300
14873
8294
11656877
8120
5946
561
11548693
8537
5215
253
14689
7200
12268
8981
77039
13850
4161
3318753
12733070
17645
12688
15864
10139
14809960
10706934
14883420
1268
206
15469
1457467
3661
12899163
24599
14184520
12989998
10771
15983
13644
5132812
5162
8250
1118
2641
2076
12432325
4738034
2671188
778628
14049515
6178
8670932
2552
8203
12460
22484
14908347
11816317
427
10601
19673
9213
4091
885
17601
7713870
15261
19351
81
2122
12323112
8608324
6962260
13019
19629
6571
21269
3194
14674103
4534191
11919
3862887
3731
13270
463382
1661
22291
14025296
478
6750
22140
19610
2664576
771
7027
14455363
19863
3043
1484
3037
6034
14905
3034
6165
14837584
17089
21224
13233
12801025
1176
12776416
6283
2468982
3067004
2353
7075
13105830
12492
10490816
12896810
23255
16557
14069
9630
13485
15772
8479754
931
14445539
15234
18401
5435
5964
14358
1813
7421681
4481
12395
4111
2376081
10750
10613
19484
4368566
14693694
4088777
16636
9810
12817
12812
9480
2527
21136
667
20236
2337647
17191
11054
8100618
12121
9207524
14062012
15455
12414
5605
8268
6964
8079
20878
679
734
4490244
18415
2591955
58
21801
13338804
12844296
4366
1874
7144
3322
1658
6025
7891658
14965612
6468699
731
2708830
20058
7065
11350205
6549
5307180
14890548
17994
4807
8671
6574
1490
1451008
5392
4902
1003769
5926
295
1582670
19247
5504
16074
13288
9608
764
14324756
430
7587208
14861977
12734
1714
1417234
8613920
14802525
5218
5741
15055
14872041
13269
11564
9806
5174
7003
3315
753
6009
4735748
3469
12374804
1079
14346
14146555
4662
10461
3797034
19118
4020
11412
4860666
5261
6890
14848
3989
13900867
17802
2019
21686
3514212
9325
10040
13581
14569657
106392
11539
18235
10474009
5768
5946
8020808
3377
3452993
1197
21894
7994
12749
2508799
2071
10995828
11974860
5336
813
8200
1088
5376
7496
4816
7891855
8000951
2665
12886
8260
720
6295
3541
7767
5302
7473233
14878207
14170270
1739
1210
2089
18545
4290
16372
5358
8123
10562642
18283
11690
424
1946
10377
12852
12279
13742434
14961559
8653
14862698
6785109
4104
4859235
716076
12243349
23182
11701
2573
14809708
7931400
8604205
990
13204
1939
16247
16783
13037
13958798
5865
12862794
4403
6663020
13416987
14256
5657599
6009
803
10825803
7984
1461726
7148059
14167246
4530131
580604
13034
4554
18870
7390295
2812847
4092
4877
11358333
961834
1469
8161
3568
3049
13650
16052
2049969
842
14878
12516164
11382
1965
6134
5644
5591
3130
13945
1955
13077
2120
10355
9136
5517
14970615
9865
8767
10459
4812
14528
1957284
13932092
14857936
21058
654
5471
6385
6869
407
18422
14234436
12000499
3718
11864
8223333
11129
13400597
2418
9505
9534
13825158
3502
14399933
16201
17506
12962
13507211
7742
2125
2558
2774
1729
8498
3948
26210
8264690
886
9443
9893
5893
14097255
24754
26197
1268
15799
13578
7507
2097073
5110304
7258
14384
2453
7664
5083
3219
12894926
5621
11589
15861
5036
14656224
551
14344952
12886835
11715803
13147
9133453
13268
9474176
15498
3071
5082
5973
17276
430
9327611
9196
3991
6100714
11062869
673
10127
19955
12915
2129
2528343
2115
11059
15443
7798
1139
6074288
16136
1700
14907985
14696066
4098
7190
14889
3946
7159
4879123
16397
14696658
14984028
6929461
22983
18495
3197621
14943596
9381
3220
11572
1041
1900
10836222
5741
702705
14868367
16029
10576687
981620
3356
9651807
14984024
8591
12488
8263564
2079
13985911
4572
5927
11889
13860
12403584
12748117
8146
13516
14641631
11664
9882
3640
8275
4878220
353
2783
1433
6418884
10430
3631
14226494
1776
13808892
18557
7696319
15636
14484912
4239083
1671
7335
16026
8180
8511
5849
345058
16470
12257
7144559
14233
8743
8438
8645741
7810610
9293
14947168
5001590
9706
5371
5767
15694
9773
5047
9220886
6973
5320
1104101
5657806
13692292
3746382
14966541
7747
14693832
17008
5587394
7782127
18093
14952997
24719
4651
22257
8164
10020
13605
3208
18699
5518
1454304
14320110
8202033
1182
11248
11348261
11554
3810954
7155291
2821491
4232
13837250
899
8726966
16244
2761625
8224
6458
17057
7420
9168
606
19391
14716396
12577
25559
14148
3283
478
14920986
3910
6908
1467
14968688
5676045
14450544
6563
1224291
8152
11277
236
17161
8647
20057
20766
8447
7876
14225726
19
12466633
4565
9536
12399588
13523491
15294
16267
15040
8090
8074
24764
14168583
6133
17561
4715
10659
13345
12972646
16101
4345428
17865
493
12507
13604362
9558
11757803
2266
4923
12438831
14344926
11356
1399248
3037
3054
11594
17806
8966
9591707
11429579
19381
23207
14308519
15254
9700767
13997567
2035
18015
14927656
10696
13070463
11670
1559
14975361
8555
12459585
12300093
543683
18739
7631
4486
2177678
5168
13993389
24118
8324308
854
19553
14933847
19622
1792
14837635
12341796
15896
9749600
1125
3768
14938652
2640
8200689
2076
14491505
8409
9225
21890
10314
12894
2239
6383
412
7249
3019
6389844
21104
2161
11826
24167
11292
13583
18116
853578
4898
4300
44759
1949
6364184
6219
8743
10707
10738
467560
4491
1444596
12335693
7022
3827
12128
5119
5527
4861339
14662
7294
779
3311
14767811
14082887
23244
7321
16557
5244
6739823
16309
7910
24710
6823
18840
13456
12098543
15761
1063
3743
21547
4122
12230
4890
469
2265
7748528
13404502
15020
2119
6743
11513215
9236
5027
353
12627320
3837005
11329234
8314500
1545
1763
16190
2192
14710
6835
26542
14129
4905
21565
14672
1963200
12606094
129
2682
9408
14903442
8506
1288
12891412
19970
4945
13488
6332
6262
14937896
14516
1569
8775
6255765
14904619
7928207
12153
1131537
6828965
14512027
14856176
11719
2246
16823
3724
4847
13771688
229
9255867
5364
14501331
10731
8185
3938
5645
11188434
9889818
14284911
3570533
3513971
2441167
5047
728
6060
5362271
1608
12052921
12800692
2864068
14921706
14093
14805328
5581
439
14756
7640
4383333
20894
12129129
1458334
7378
639
4117678
21697
24202
13868450
1228
7187977
1589
7890
14850588
6550
17488
3523
2831055
3836
11975048
13385326
382
21365
12952
14710724
5289
4473
16996
16509
5307
4489
7250
9913
17946
17963
8140
8753
1045
5316
5764
14007088
1413
13307
13603
3860
10832
2723
9342
5453
10309
8428593
12388
5664
14374
9083
9528585
12873
11914235
3206016
9461957
4144
11386011
14123
12538128
3345
3705828
9258347
3062416
14327014
4973
14421208
18155
7954757
1528
7103
318
19048
11357
8042184
13527
3246
20249
14656282
13931202
615
9026
6845506
11766
711
10704
5020541
5985
14964539
5340
273
12933570
6252
12145
7005992
1331391
17378
3599
8949982
9766694
10142
5769120
7667331
19025
11204
438
1708
13403
14974855
7411
23647
5952
13295
13949197
10880
285
3696
859
6991
10708
11327707
4405
14927637
7037
57
3188
11303382
11343648
14235982
18558
3548
3321
6292
6880621
14951247
14569
12032842
15488
13780
7671
2216104
672
7660
4068
12135461
18924
4227
5587
7047397
630
4107
1745
3421
3460
14952339
2080
1496
21647
87
26201
16902
5707530
9070
9634082
8781
2513
8373
6295
7425
14888198
16831
797
4524
7372
6150
3568
11377
9082
11319375
6102
9793201
14860258
15825
2137120
17276
13595092
5420954
10182833
16756
7309
4074
19205
14916
1276832
8843
14015278
17464
1738
10144
8250
11758
16823
4427058
5211562
81
8340
7253
14092223
16228
5503
8331
1518
3489
6106
4170363
4140
9867
8898
9162961
13740
3937531
12609
4146026
9767
7011
1598
12501941
9264
13721126
1893
6873
12895801
4920
5448
11853043
2536
21960
780
6626
7284
7015
4604
11969523
14951733
8736
23033
14738180
1400
1970
4029
19693
9594440
351
5304557
23874
10051
10775
9947
9786
4631
2143267
3659
11427
3794566
2595
15359
1014
11662
18501
8435
11360
6072386
9678
765
12475
10846
14492
189
1172
847
14076
3250457
24029
7714
4662
14270140
12580936
14093975
3158
19330
18227
3735
3281
2349
10802
16797
286
14273428
369736
6138
6130477
1143
10737
19149
7973237
6532
4264
7500
16085
8923
15674
2651
8635971
8608
10096
4062
59
15873
5532
12075821
10845
8153
13623
16681
2906
7881
1969
14936024
10430
13472
10661383
1451
17694
4520334
14128494
3994
4753
3277408
6987
2849
16951
16333
3909112
15259
9224
14949422
13355188
3689438
4180
12640
13726
14529
14124
9515
7568
56621
4957
906
5823
13603849
10243
3858480
2468349
14977922
650
4237
4147
24330
851
1251
2091330
7234850
16772
14912577
2592
14353
85
499
8644
10581
3294
14500
4268
8620
2370277
10872
1920
21019
10164
2159
10616560
5426
6686
8237
1774
10867
3984
1550880
13423325
15742
3129517
6675376
10460
12345
18926
8642
3769229
8380
12926
22805
7619
20242
14961179
6964
16328
10200447
2273
321
5281
18662
10642290
393
10367
1525
5981673
13964
1126
13532608
14847367
19464
5290
9977
258
16080
1763598
20766
5863
15164
48
14978953
14167223
3473
10586
9864
4632
14626683
9233
4896
955
3839
10990
20560
1818
3425328
12847
7887
1643
2397
8230
2538063
443
13504899
3913
16794
17429
4115
14798746
8613
9477
14321663
5359853
12331644
17306
8953
2052
14512787
25707
7206005
475
8108
14850247
14663474
2972
17190
14326377
846855
14244128
10659
21150
4232
17746
8614
14107
8751
172
6965
6086
14605289
5086
2425
1708
9766
14498456
11770
6617
10203
16577
7065642
5400
3931
16232
12779
12810551
5255
22005
8294
7798
12664
3682
12894
7125
12298
4886
21673
16139
13612272
9859
1243
7405
6725
1908041
26468
5904
14816410
6309
4473
2502
7706
14523488
2359095
13455154
10878210
14521
1183
8704695
4526
1248
6384
12840524
5653
23452
9628
7145
18261
4082
9643287
11885649
1561
6197
12249699
3840
3179
4087
14943434
24369
14856801
14950
1581
12225
6704
10126135
8764
399197
15878
789
5328818
14823115
13714730
15840
14735946
4344
218
6110
183
14989214
2041865
7992243
14553733
2522
9743779
13972729
1097
1160
9850257
14680986
3976143
6131
16425
6157
11542
7529
8270
9797764
4228
18352
11407
14515466
4251
3659
341516
3597
11433
23957
13690836
3320
1108
11515
13852
11334
2932
7710973
14227231
22714
10225
11438
14740763
8541
20384
15018
12711781
1458
22734
13787622
7397987
19342
12131755
12254509
14910014
4365
14720014
1399
9173
11880
10645
6254
11472
11060132
17468
5131
11159
6035
7959671
5813
2551
22109
588490
3986
1133
5145602
4063
8192
7259340
13705
5511
3807
12695
6287
5137221
2510
4535
14473002
6144
3206
17485
10259
3052
3626596
4097
905
8046
11548092
19507
485082
1701
8040
13728753
2931
6361512
18226
16983
15
9832971
7914
18857
12654
13218518
1333
5536
191
23746
9826
12269938
12403912
13207354
14968
15769
15455
11603
810
15706
1861
2838
2522
8770
1397
14750169
7581
18271
8455
6057
10064160
11166
10574184
666
12000322
5923
2096
11575
7574414
14112872
3074
1068
13305
12004798
8615
2449
13871408
9599
10884
806
14442
1494
1870
9140
14853358
14445
1529
22514
8725656
23185
18443
14947075
1180
6040
7157
2242834
14656805
9785436
22595
7237
13227475
3236616
1709
1603
5743
6516666
11419001
10328
6397
15504
14960
6410808
1590
1486496
4582385
2760
14727126
5671499
14749574
6996277
14765069
15135
3213606
25703
18331
10828430
22139
14139149
6973
5286
5863
13904858
456
14825452
6078
8706
466
13469526
7433
8884
5024
22172
14960830
2187
4289
21444
8124
2343
8333
9902581
17545
10337333
180
2203
2656719
4232662
15471
8338
1366
6993
11981
13973010
9541
10607295
9002
12225845
10698
5742
4526194
2229
3125
14717
14943934
15711
972
17893
890
11306
9488926
1197341
12225819
1347775
4347376
1940
1650
9181201
5732
17481
9638389
532
15992
14970443
403
22341
13627
14018605
13372062
4072
17467
8836
9981510
8444
4028466
2871
3199
20388
2506
12984379
18676
2874
22131
8683315
10934
13934
14286913
10022579
942
7630688
24166
11307
14340637
11365250
7148
36
6636
12453672
3587
9110
13691
7460647
12442
14352412
9353637
4466
12164
3719
2476975
13153
20597
3
10190
6768
14415178
13397698
9527
12398224
4435
7383
10552926
5665
14956767
4095
12865532
20431
6991
13508
6828
9370
13455
10353
8833
13514255
6366872
14972536
11586
3832
2153
2892
13299219
5439885
14934307
11147757
10293
10955
14923478
10355
12288061
24625
9357
18361
2204
7732402
18510
20682
13727988
10572212
8244
4931
2132
14083513
14071393
10433
2391
5299965
7395
13624
2609215
1505177
17057
2140
8270594
11637
22634
12237
14899531
3402
11274
9374
1808311
3175
17925
1734
12399608
5349
14434766
10797725
16191
14197
21563
10448
5100075
13479
10468304
18396
10251
556
10957835
11148
5031669
10070
2151
10869
226
1671
5152
1499056
1325838
12272388
4365646
12421
10459
4066
13825
6398
10371
11315
2815768
9647122
17988
1410
2299
9828008
8830
14910
10398199
14249468
10139
15273
2392
8455
310
13328810
634
17406
14965491
13214
11352
12992
15670
3256
7656434
13809
1670
14727380
13561976
15713
3799
3225601
20215
2792
21346
10455440
14966055
20179
8633
17287
4912
5519
12553
14959445
5534672
3853729
11012534
8225
12273632
5536785
5021
6728
8699
4348691
17449
19367
14385
166447
19392
8027
576
19731
14421
12430
7806
2438
12004
10761
12430
131
12035185
3163
868
9619
9994517
499
5310
17964
8649
5678
7667090
12674
4359
12839
1483
3629236
14168
8378
393
19882
2396
4082
14905286
6934208
2566
1524667
1137
14956619
22411
13445
14040211
14971479
2647
1312
9973969
2103
1376343
3905
20767
8381
1551
9488418
1280
11821849
17268
13793442
4297
21909
24636
23794
1433232
781064
11986
9601
13261
3468
3298
390
209
11683
644771
8060
5320
13660
16192
9973
14776419
11577
9051500
21330
11839694
10116571
11857
8347
1521496
3887
947752
1067
1040
12594
1646
11571210
14840512
14816307
12893
12629
6576
3942
1857
1143
16990
5408
2046
7938811
2714
7915
9752
2086
11804
6438
4769
6824
7273
10975
7282
4857
4506
8535
14971621
13404
74
7626
2989
12591
13150
23953
3797
1390
7166557
748376
12324
7679
8682
14683915
10547508
11557
5196
5006
13484466
10322
6123535
17844
3872
14277
571
9106
7925279
18574
19720
504
4658
1177072
22222
4447943
3466
9850
13290
5278
7011
18381
7726
11336488
14043580
2346
10450671
3079
17928
18108
12465
8550251
22641
17559
7258185
5441
12475
7077
9673
597
12888451
761
19866
17479
5175
13258
12635690
12461837
2522
22204
6750400
20503
14423673
5778
11605988
10080406
5776
11926778
819
6322795
1951
15401
681
11300255
20432
554
614
2304
14504669
14155
14526
8819
6009722
11594
2595390
4880
9443
6905
8613
2953385
14697879
2679642
13033
13870917
14995
6274770
7417
14873130
14779217
4024
16021
4441
1642
10888
2733
1931380
19949
14562188
9161
2937
6073962
1100
8709074
11241997
4500
10115
12138
2404
536
9037
436500
6014
10321
3969728
7334
7913
7992
3716
7098
20844
12338450
11423754
13214828
6383
13782683
11425
4527
11469613
14906164
4458
21698
14044
9286207
9757
6146
14463601
6136237
5530
8452
14782
5017
2528256
9569
13731
16026
8568
11036
4031
3274
10678856
12787
13437
14957160
12757
1021
9158999
19125
4667435
19294
8582057
603
13390112
5754
20742
5686
15656
14963841
14652
11212
2665
12130
5973
13098
2788
3668834
14300737
6078
3895927
1102390
1768
13061872
852
15094
8522
466
13355796
16390
11356
10283
4229
10452040
7569420
19118
2665
17638
17436
3657
10132
11377
8032373
18444
2430
7503
4002
3173
12845486
5016
7112277
13755119
11922
7040
16855
12342495
9274069
5777
3872
3930
5659531
923
10368
3749
15666
7977121
20048
16964
625
8828
3623034
9383616
1776
4595603
10414
2073268
7612
8696
9696
5133
3477165
11057166
2691
8221
999
2089
18
3887049
17431
8068
1201
18850
5169
6213
4198
11845
5228
7562
16283
7030
24788
1881
4123
3113
9891184
11858046
6376
6210
8901669
11218
6357
9622767
14651002
11967
6561735
7130
7200851
10013
8343
12067
1766997
10015
403
9823719
13490854
1388
10838
2302772
22998
14029219
17659
14317
11119
5796
5479
8902205
14254156
12532370
1396
415
9864
8104
10815
6414671
7604
4189
13700
2418
10933658
6750
616
18256
4542493
15280
11586437
2847
6968
2650
5458
4546
23698
5471529
8337
3750
3243
10903
11133
14837
14809048
7699039
14526675
5250
19458
11639
15134
2636
13717495
4352532
6883
13615236
3320
17687
1156
2867025
21429
5248111
1433
7775
17663
989193
4010
2483260
17096
8462052
4091
5793
14367
3583
12638
19128
14599106
5183
10356
14446307
14789978
8840
21392
18480
7650
14950703
12279429
7097
9783
7740
1514
7829
465045
7794
1370
1369
13264
12743
9297388
11712469
9352
7696
10344
14625
1518
6497
14825095
10286839
7404
5687815
16155
2893
1378
22903
12577934
12533
12945
1356
2658
12197699
14360059
8390459
6758
2989
10557
5795
1265
13131440
8251
6911846
3452
5790
2651
3803
18612
10757030
14967074
12147
6901090
1373
6243258
23718
9980
12087
13882958
8322
13433
23455
1531
16515
7500193
10372427
7203
9827
665
3737304
14725087
2840441
9637229
14852038
1729
7144
10324
3404497
5057939
2072
9260936
986
14539108
3210
14819379
5372980
11541
15557
13705143
221
4911
5396346
11040502
14766616
5760
2437
23604
14055103
6865
2525
13671886
12232727
11458
8721
1950
1333
21023
6123
9563069
15501
5521
5286
14614249
4306
4989
9810
14103246
10467
14151
19649
1092
12822
20677
12873299
13741
21146
11677090
10846
9094
9437
12963
12340
9483633
4927
936
5526
3252
15394
11551
14895701
1309
1911311
7412
1146
3865
5334819
16202
9205551
22696
27303
13787
3536
5475
248
14941502
4079858
13072
14536981
5106554
5881
6234
14957793
19303
392113
178
14174583
19883
11059
5535
7565
7322322
17080
2918
8744
14300215
959
15089
9977
1204
10423
18508
6180
8792
11407
5914358
7424
14922559
14914720
2558
6881
9555257
13907596
4301
5503466
674223
18232
4645982
11350
12216
2880621
7331
14820874
18280
12097224
9267084
6831072
23483
6451090
8719
15834
3523
8314
16569
2086
15797
2856
6913398
14809494
3083
143
9867
12857
11306003
14675539
13807285
15799
17673
10708
10221
6036
12671
4432112
14905023
986
16269
2285021
4631
7626
1593
5154
10048
3053
14459701
11126
8435
2636
6920
17427
14640495
10232
12954405
20171
16507
3247255
8756
13072942
17552
10953998
7843
12224922
87
1313
3513185
1515
611099
6844
16413
4928961
564882
1367
15792
21938
13434
14917
11984
2872889
18423
5967
25211
4919
9359
759
6374
10450
3101448
14576
1740
6647
6807338
15545
9380531
14337
7868654
9001122
11523787
22163
7153746
27
14333309
363
13557
15174
1111
561
5257602
16351
9219334
11498978
5319
10196
17717
9401
5638
2810
12085
12705
10050932
15571
11869448
5825
14815482
3008563
2459
13524077
4361
14634944
2873
2171
8529
2979990
13212830
5139549
24181
10601
3799
21925
9768229
8695231
8103168
6294032
6429665
7591437
7212
5448
16859
2307
2410
2275
14975730
15498
501
14818888
14511926
1807556
11633
6919
2217
11670
8685
2257
14961760
9652
12002590
11118514
4325294
4531
12497
1845
2358759
11484
2965476
10166255
5261565
6533
2468
14900
9230
506
14467
14554318
6723162
3588
3405
7892806
14055895
9581
3479
180242
11636600
10158
9052
14898975
4952
7902
11468
9414
878
6504
14663
20923
10103
574
6319395
26726
5110
5127
7481
15604
8381108
22292
12929
10052
7853401
8345
1695
3356865
685759
13641
10635
14528
12490
424542
7813
8107693
12283134
9611
14197281
9029
13939473
13582486
2251
15636
14311130
2789
14537
13521
11760
10200219
3985
22319
2932
14627
14682244
10259149
7945
13358932
12547844
8712055
11947
18848
9167
18259
3572609
2247
8810
6751
8564296
3911
4294
1105
8928
1474
14755
5069
14212962
15822
14969440
14577463
13961573
16003
20911
7036
4775
14889750
4821
12188
13711995
11547
203
14318
6151
12727
12857
1201
7702
7624
16887
3688
4295427
14191
7511
7960
3756338
8190147
14197485
2330382
967
4601
1974
981
17224
5773
11120
4316
10286
3001
6618
859
14698784
3912184
14278835
7377
6187151
12361
9672
8808027
7658469
5228
102
14604407
4770
12453
13099
5510436
13994
11354
2027
14483
17590
409
14806943
933
862
15992
2361
16819
3339
11646040
3989
10202
2550591
21999
7240
7330
1501
15129
12510565
6995
18575
15440
1926
3648
6025
4958
3772
3903
14119163
14511
20026
392
11706
3374063
14235059
13164326
21451
7619
8028
10965
572
14875895
484
11261751
14218191
3758012
9204
11735624
6036
9436
83
9880
12859
668
13644
21266
4797
13268855
3069
1664388
6150
17640
13347648
4391029
16339
1010
15684
2343
9874736
21791
19416
23918
9660946
14022681
5868890
5914
24956
8324
11305
7689
362
6511
2385
11480
14968039
14967859
14890
19152
14033467
11969570
3508
6865
13203684
3610
7088871
3663
4682463
1210
1581
18367
22394
16029
15310
8936
8606
13640
6530
10535
14324075
14945204
13481
22528
12373280
269
1755458
1529
2422
2905
14623
11783
3900
23196
4922
22570
2358
3049
2051474
13766
7357
4416
1215
13021
16899
20164
8586
12506
2637539
10714726
14917095
4189468
3308
5468
13938140
1060
13747097
5305
6215
11397473
19199
811
7713
14033974
14228298
9742085
11862997
14833329
5572
10070
11928862
8154403
2405
12929
3333
12911948
14764
1026
4600
5635915
13031598
12993421
5967
1304
9549
6411
5560316
9357
14632500
7240
8411
6829
2524
11825480
1414270
14190130
676890
6745385
16159
14411347
12939350
13987
2486
14564
5408088
3714
12519493
4183
17268
1459505
4688
3953
11275254
19411
13696227
13440451
10974
5039
14134
5876
3704
2827
3401
14735
6402
14673232
1708
506
14700
4980
21602
8828
7638
9468
15352
1518
9612
10269541
11872
35
6237
9716
167
120144
9950249
14894784
13496206
1238
657
1156
9754
4195
2972
11921
3218
14490785
21652
13196
3464
3668925
18725
11384947
3321
2285
14942757
9993740
11332
18101
12222647
10208704
5128
14923644
23536
8993
4893963
11119
11295
4988853
306
9121
766584
23949
3327
561585
4066361
553
12875
4581
13864
813
20342
17067
3918
18323
21484
1584
532
12522814
1642713
6655
4304
15083
13583770
18143
14786966
12025319
2115
19025
9112005
17598
6207205
8605887
15208
10622
12562
9094
12285
4126
75
13898498
1336205
11078317
14670811
14570
3818
2792
4232
23594
10900931
14427
2088
10562040
3985
3458552
1098
13255269
7703238
22301
14190460
6804315
6936
22287
3588207
1145367
13840295
2481
5407
25262
1961
1103
20881
7820
14505168
2940
6275
6130
2898
8770
20132
5877
12854012
12737
6611
168
16283
23156
12493838
1059676
14866
8326
24375
1755
9694078
6188
3139
2671794
7513123
23305
2086
14962842
13627195
6213
3516
7123
12822
6084
16992
4448
96
2281
8090
4404
4972669
14876861
14951233
12951346
9298
21500
5919
9508
25296
10445
9313387
5764
8379
13978
4340
13200751
6344
4447
9944
11162
20547
12494128
8604830
10914429
3068
3923
13190
12960547
4419
3575
5063
14544095
6476393
13693499
13499576
4609
1369141
8413
2780218
13125
4475
6384
16958
4890
9985701
5353376
14986637
2775
2259
12944964
9493732
7480406
554
24496
9152
16058
4190197
4806
21520
6644
263
9899
10305
8186
3245558
68
4532
14929447
2408
12278
11130
13606
20241
6642
1073
2661
14853186
1965042
2906
6573
6226
1909735
12002
16073
21975
1911
905
7030
681
7061
7330
18664
2695
4155
6999
932690
2005
21069
10394191
7669
3218
14668482
12878
18600
6754681
11059
7012
18677
8263648
3885
14412368
11825348
10310
22334
5653
2057602
10431
473
19032
13144963
8851
21185
2411
13558779
2841
5729
19847
169
13702162
14986
14937489
23
18130
1809
17541
21416
10691483
3449
2983
8020020
14957326
4493
9435134
7209
6574
8729
2815
14533556
281
7863218
8615
7096
2434
7865
10961
17952
226
7306
8880
13725437
3267
16960
5912
14541
14629
8403
2555
4825
5612
7201
24
186850
1046314
23875
13867395
11504989
12917
6864952
17172
1004757
6944795
10717599
2436
11564358
12281513
4050
14939216
14850
5590
8204
14719057
11030
842
12710
5331041
14778584
7027
8657164
4332
14887559
995475
1388
12185
8264533
5714
7413
18774
11642587
12787614
17631
14963450
12510656
13819
15983
7377
723
14789351
10355
13957853
8050
2293
5405
20921
9592
17884
857
17294
11503994
13813
13730
15148
13869
6365
14056
3106
224657
14217790
6564
14532
19709
167
14900930
12833843
1883
9246569
8253
6175043
4318
4747
13076
20254
22904
14399758
2986
5205
5966
3208
8392393
2961
17155
6428577
14858
9159
4000
2468
1516
12329751
14792190
1535
7248
21940
18229
16869
5283
8334
7759
10400
11775293
16423
2009
13750
13200241
10646
1265
1459
4710140
14597159
6251
10322115
2796989
13848
6762
2905942
1273
1606
9630
3936
2223953
325
991991
5076
4616
3314
19799
13931
12277
8804
3985
3470
9834826
3689
12887434
5950
13153412
4866
2876
3412
24261
21855
687
3030
7518
3037
7387001
7830929
13955745
6735262
13007
935691
18168
14953110
1211256
1790
10339
13629248
4419837
1860
2413
6197
14014
5350
5835
12425
952
3824
23330
983
4347
14119610
11712
12748
11922323
10445673
3886
2380
13639
18218
2205
7419621
3641161
23240
1744
10413
21472
8318
23999
7797
13453
3987125
3784
12033
10810
11833462
16001
13963976
15003
8753
14029
3060
2579913
27157
10436
8879355
5412
15269
11496
6401817
6986
12355
12117
7746
12601
7082642
143
14682804
20316
24240
14848157
20096
4465
846007
22278
978128
2650501
1752
505
11350
14207822
2458
12764386
2476
6449
15670
6848014
14634691
13838321
9680
15000
14950231
2347
9915
14846927
17187
11154
16039
7189761
1617
9992129
14925092
386
11920457
6819
8629215
1755
14455
800007
9966350
8139579
7165
14489548
5032340
2270849
2549605
10665
10114
5572
5452
5826
5394
741
904
9003988
16076
13400493
802
7055
11969874
6035779
21671
11766
8968
13110779
14403
9268169
11286
14923500
13632620
7265018
2445
18383
921114
8306309
2228
6918863
18968
13391
6153
6348
1139
8139385
5116
4403
558
10011
6387
19212
12166347
6220584
17640
5563512
1592
14865453
6605
10976846
5117
11501
14763521
14732796
514
12264
6884
6389
8347468
9945
17513
10354188
4839
1617
17000
11693
12035
7010594
2577
6315
17834
8404250
13870
6350
13675
12001
855
15715
6719683
22267
15884
16060
667882
14383662
2114
1181847
5968477
9150
4176697
3721
9782
4470
12847
1525
13681
8065
14094827
1695
3056
1527
9744
21883
8954
3603
6014
1581
4664
6678682
16389
1903
12534
3228696
14005472
20183
4581
10647643
6246
20618
5026
6003743
18430
18242
18609
13138484
14864
2895
16204
7869
9312
15119
14781
18595
8452
24006
25798
7022
15844
6884
865
13882260
14635198
20323
1102
3150
22598
14955751
14418090
4286
2455
3354
14004247
2174
11957
13998902
13957866
199
7763359
853890
15436
3995
19583
5115
4352
14924919
9236
11227512
8471256
11899312
10846
11865
14309
16262
18461
4081
10039
5134
18541
21233
6191
5488110
5551
6803912
2734
13693482
5597213
4201
5293842
6959143
1616
5866
12946
3453
11313
9014105
738
14754
14285
1132
13328811
2920
8725
18825
8510
9628579
13407804
2957262
23428
13280
12924924
9353
2822
888
9832
18659
333
14232085
6317
9398032
12071607
5861
4239
7358
4892
4353
15288
10422
2316891
6645
5537
9683
14789220
8225
9841
2699
9983
11372252
7276195
13059
25738
3387
14267
5523999
3562157
12217991
2455
9901605
12059
8781
22715
2694
18509
7505744
11987157
16392
12567
3569
15380
21424
627
24790
10649
17566
1219
12116
7697925
17632
16494
9758390
4596432
14979335
10150
10306
14562
6529
3304
20618
8250
14893416
14214
3043
607
8303
9651111
3022
917821
10741
804870
3709957
4541
6289
19492
22720
9435
8764289
8717
8252152
5304687
9098
10367
3688
16847
13776764
3855
5686
5029
1282
23034
12260
13488
11525758
18677
7244
5783
3090096
17390
2896
7290
20093
14852958
11978525
4939
14115170
12401
1597
1241
22109
2656
9023
1787
18514
7630
8034
2635
1852004
8015
20503
4909
23174
20161
10331290
5156
12624634
5227
6792
5733
11001
15612
7658015
360
11703
4086
5456
14985299
8137
7768
5828
9471604
2227
6859
4869
11508
478935
16756
3953
12880913
15172
11154
12573
10511456
5974610
7574
8843694
7457
10719
8746191
7610571
712
7060194
22265
14616599
4194
14700940
9351908
7181
14806
3041
1242
3626
19230
3675
7279
17637
24577
1840
3725
10482
10729
13559712
341
2976
835924
8087
9724
11995
4440
8105935
7523
14955161
9026
6775
11976
3582
14814
8187
14848
13052
17063
13864979
11530
12409
10671
9122
8410437
1739743
7903
21645
1763999
4221
8717500
4242
5888
483321
14949
735
14913337
1300
10175
4416445
17178
4564
23222
4465
1681
3666
25587
1819306
5523
18820
14261
569168
2130
5212
14958257
12498450
465132
13953943
3751
13739432
12936
5302
17084
253
1647
8924
13031688
8370
204
3522
14671063
19585
9618
7640782
12948531
14057
6668
11440
10252
14846383
1311482
11666
5662
12599564
7679
17313
17073
11624130
25147
14787617
20902
6278
24168
15548
2085
11950
9391486
4260
4982751
16710
14821083
14726146
13179
11218
12002517
13186484
1573
14833099
9045
6140
3729
14908323
1258
7993
5351
13767943
242
15274
12942791
9439
2979964
14344659
776
16143
9979
7794
10192
12678662
18789
8757
22008
5595
6355
7913734
5378998
1285
11377
6718
8304
18511
8050
3222
7969
12360
18772
14949209
1601
14871268
11008688
1767474
1927
426087
14943963
1395
1663
350
3118440
23601
1213
14968
9894
6361
5165
13488583
6457
13966
892
10725
813602
23871
11602
8599706
13149
9618768
4123
24816
9004
8818041
9875
12433
10447537
22049
800
11469
1115
11652
8952
14188
8976
1437
7805
18065
6624
2724957
1629
18675
14398003
6251
7775082
14092888
7960600
17939
12225815
12428924
8109278
2641
9057
9923157
9756107
14057115
2833
6195
4260
13618
49
7385
14866727
2015272
1962
14379590
1904
14040
14736
13620
2769207
20825
2062506
3667
20475
342
414208
10000816
872
1233426
8913
12226430
4769
7218
18449
7976
14817711
9355637
3402
13199
18762
438
3467
13223589
10544751
20598
1887
8892
13897
18655
7580
7724
18379
8502
14998
17330
2383
5327
18820
419671
6670
11785769
3441
13503095
8
12287
10717310
12154721
8439
4091045
14760577
19154
8789
8877
13488
14313
10292
12108394
8921
5633
6269
5299
17659
6063
2041
3547
6157
12813
14293041
13246029
2226193
5463
1104631
10623
13005030
9225
633
14447653
9268699
18413
19574
8396
14457
7017
21309
289926
10206
12622
4290
14708154
2568
7322610
3013095
3245
8819
10340174
6561
19242
2857
8805
20528
12498982
10274
5853
2434285
4194
18287
14835274
10828849
898
13158
15813
16486
4383
14565763
18464
1641
527
11522
3868
9433440
4457771
8188546
14146
11584292
15811
2135
9957
3581
13120
787202
8775
13508503
14042984
15008
6726
9217583
14210035
7879604
588
2789
2763
803
4926
10310287
12578
7431
1108
6611
1603
9499
12261422
14858511
18039
4861
3527
18747
19711
6573
9082691
14819
12649
3880456
21237
5254
10279
4243
6816979
12509
8874
7231
16239
13010
18377
12074
8027
3305
4949732
11320969
6405
12742657
251
3802
6021669
1420
1320
9508
12688
20186
1531
6280
18198
9884621
19621
4413
9894
11851
14959439
2811
705
9574
4849
13946745
10141
13285
12297825
5757
14618
11923
5800
5330
12496
14096479
12485
3543
7166
3630
5779984
2494662
3195777
13620116
14946560
14845339
6216
14928
3060
9790925
11176
11469
594
2776
13090256
12705
9820
5529
11881
8422
5668
6171
18564
3713
4783
13053
4133
6366
8733
2338
1492158
6485
14330476
10144
15592
12495828
4479
629
6556
4320
2476
7635
4880
18745
18733
3799
3283644
17111
10736613
10268
5529386
1401
7414
4867
13241875
7604
12973169
22014
13740357
14671906
4610
5903
5514629
10240
1864
3077
4729
20957
11758
3492
3682848
8280
3018733
13412
9938840
169
9291
24848
8138708
10248
685
7327
2231
2056
25922
7803133
16854
6374032
13999464
16688
5290
3875
21136
785
3218
1231
12972
24979
4429
5401
13272
16541
2222
19027
6063
16453
14575534
25748
20047
2772
8614
12340
14961373
25282
9909918
1953
7353420
3916
14890985
3562
4948
20870
21814
5516
4178385
11473457
11486
19481
10174
10230
1107393
8627
10625977
1441
9323
248412
531
15153
9404
2913109
14836
11044
3336
14667116
10826
10576
13923033
1389
4717
4479
5275
5278654
21747
6663
5207670
14897221
5383
6020303
14911803
13093
356522
6030596
5585771
9457
3577
26130
13239
13164
9574
263
1034
1960
14245
7940
11705910
6788
2150622
4280
12765819
15780
9650
22638
1546
1843
7097898
10098796
13436
12845
6931
2132
14437946
10726
11545
23620
11099
4142
11181
440
22351
1760
6112596
8343327
14911275
1254
14877433
13472
4850797
5021123
10960
13230
6166589
10818823
8019801
4596
2261
8639
5069
13058168
7700098
7552104
8888
13949302
16407
13632722
1281
2314
2758
11430
19229
3616812
7285
531
4609115
7285
7247019
886
12744067
2387
6108
9552
15715
2692
7341
14688584
17712
20580
17916
4496
22223
14988
4557
7482
6890
10232626
7297462
16885
10413697
6373
17572
3160238
10586
8304732
3396
8899
6055132
1621
12899
12724
5896
14797
4529
12998
4279956
13240
9273
7694
14397225
8303
327523
14952476
12051977
13161440
9927
1847475
10427511
12462
3543
17732
12583605
14959031
2878
260904
7996275
1536485
14960912
12606609
24559
2703
13618
2038256
22253
1071
12972837
2004
5694
4773
19490
2091807
731
212
14311201
13569
10471
5106
311768
12623
13533625
5951689
16842
1049
14799582
6695
6253
17456
1596
21601
20807
14777
18720
3613
6367004
15395
9696
9118984
21325
12115637
14454565
14952072
2379
18118
11717
3490
2656
4929493
14770091
12529240
11422
6314
24372
626
7863883
12146
7718
9460
7513
11245
12793465
1808
14651511
13098375
7363
9625197
12942329
13877
1564338
12416
8161
6945
413
14932799
7033
5641
13488
1445267
18884
1659
12326971
14709800
9877
16025
10957
3312
16082
1969
7010
13534
1401
18863
2642
15092
17218
11327
2703
26937
6577
14750
21740
7900
4974972
2785
12870248
6138247
13590740
14413965
5402
16984
458
12977
11755194
11859771
18958
15502
2266
14692
12184797
4020
2620
12813781
9874931
2094185
9842
4365
2107
3571455
1721
6867469
6519
9302
6396
8025
8560
13935771
11736
4640
11750
790
569519
5195848
2420
6370
819
24291
12792
6936
3598810
5942
12452947
14255413
2714
20673
6575
11746
615
10842
6060
1825
3024326
769
13394359
6899
5078
12063366
1004
12083
2021024
9693
14423285
19118
18750
18301
14273
2004
20534
9294
13727124
4604
1981848
984
2480
1780804
9191
12848
12794922
620201
12431
10205
14996
14872
14827618
4947455
5268402
11891
674
16477
14950957
12308288
9068
20735
13785360
11420078
9053
12085551
13394120
3518105
12855
5288
11382
14760
6068
11141
11358612
14564463
9032
1564115
5480512
8925
10265
10902
10764
12106350
1285
14654333
20782
4136
3579377
8970851
9052288
3416
5864635
11413
13625
2191576
4297
1590
7103
7328836
756
12589
7344547
12866447
17805
11582
8691
11167508
6435
6241973
17058
7711
8054
21378
4474
12589
12659
8787
10222
4061
10222
2958
14671
19344
17057
7570
3208
4388715
5504
357
4218
8819
6630814
14557
4330
13522
2264
10242
7097547
20848
2392
14812984
4321
3396
5975042
8719787
15329
1114
15310
11629
5887
16470
3258
8587
12654442
6065911
9248
251
13303
11149184
2439
11961
14953860
6487
13586419
3892334
3867092
14860132
18583
15056
8132
15120
2850
3911
9693009
11266
8490465
7163
17644
15710
7445
3805
17643
3735
11399416
1815
25948
6221
2972033
11477149
81
11698
18138
14219
13526878
2462
13791
1470
10064
12699
4191165
1193
4545
4996118
13120
3184
5485
12750180
17073
635
10187849
1357
20043
1953
13900029
5221
3857214
1560
5492
10789
15839
6925
24489
8362170
1160
2049585
237
6732
3924
12355520
1091
12054450
13437250
9357
15136
12926
14160
6532
2060
12830376
2987
2375
3306
5851557
18541
14590177
9065002
3435859
9819
115
17884
4875
12687950
7079735
23774
13044
103
22348
10579574
10165
2892205
3255
14250
410
5699142
18053
7523
17556
4726
1749024
10047
6315819
17098
8133
541
7203
1148
17193
3779
3066
1229
11144
11257144
6652896
7386
11840849
79
14923217
430158
12348
24852
16601
22774
17362
4195594
14485712
14773094
7563
13693018
11662186
14198288
2539612
11988
21380
1802
13336898
8564
7689957
3090339
2028
7868
11600
3889
6696
8913
15990
3961
842
21245
14390701
5427102
6689
4804362
2891
3859671
1662
2553
15573
6387
15997
497
3396
14536079
5697
3804
15617
6680
9560338
15893
4106212
9824
6141
20299
6338
8203469
5294
2442
3763
3883750
52
8729
2132
11111431
6460
6086
13728251
15134
21345
14965591
10890939
1152
4981
9022550
16159
4173
12537824
5820
735
612015
10222661
14985
13638866
922070
9330
1100
17076
15407
16888
17467
3598
7231
6009
14030754
14835490
11845727
1200171
9014792
11276759
22218
4201
14647938
431
4255
2985
14263
16391
12093
9900
836260
3771230
4250
16423
25160
60
1446581
461
14008
2550
14454433
20152
1809785
6699575
12158678
15178
16503
6132979
1912
754
1552409
12993362
5238750
14458443
4458
3076
3771
15055
6260281
15281
11373208
448
4438766
5462
1304113
477
4139
5972
6313
13900
11317732
4681
961
7147
3563
13704
9802
2190
10777
14464881
11333
4217
4457
1154
3690
12169870
5233
15118
18821
6400
19440
6946
2773149
8511
273
5005762
7351709
12968
14846855
3955111
12988
7509531
10045
9046136
14841748
2709
14025601
8614136
5834
4006707
4105
13725815
8012
25527
6044475
5639
7262
4227
7190749
9701399
1730
15045
5722469
4975
7144
14548
9808
9246
16989
8745201
9642
20512
9824951
8612772
11727
13967
9140054
1103
2970
4399
4070
10252
6934
8262
10913
1383
8874
9544
26692
12235
9062
348
14802170
8574
1694
971
1093
13957
14810563
4729
1226
9057
14114553
3934
7610
7825
12581
1631
3454
5141469
14855211
14009496
1728
6777
19347
9006
6482965
21812
3291
10329440
1654
14924097
4333
1213532
14826928
4280965
10017
9620007
11150227
11207
8798225
14565863
10889949
5071
6762439
1579
19287
14081037
12596872
12608586
22657
5812
4909
3305
14359903
10912425
15101
4743
4560
5248
12614
10953266
15046
5857
1722
11570752
12531461
11214
12224
9419
13815
9716
1322
11748
172
19003
11711556
7820
764
18246
12032
14166914
2417
14594450
13243
20815
6391683
11923
10793
4702
10133
9855
13322
853669
21614
16470
1797
13896
7561398
4453
3014
4243
3404
9228
216
15003
874
4473112
9920848
14948821
9251691
1072
7949178
3713
5039
4933
5734
12472
1629
14509753
4120
13459906
11008064
15048
14943607
7577
13665854
11209989
23246
14542096
3411
3571
3926
12323
14103922
14714218
3785
9132
14934115
13848
2351
11613
2205
14960763
5938
6912
6106
6436
9261
9179
2071
14153346
7223
14472684
1334
1884
7306
10881
2814
16192
19218
22650
12703
628
5622
5041
7151
10236
12336944
6167
7757734
11032210
9257
25289
3965
13052
4787
21403
25585
3585
14832
1178
10588
19495
7233
1855
13319188
5320
15908
9183
4624
6924
8404
6673891
15362
12312
6500609
3335
7876
14820729
15733
14943216
10328126
10860
13984569
23639
1922
10512
7582862
2662069
10664325
11345
12369584
4148977
9332
2105
11622765
13524
10659
15006
18063
16513
9037
8919
11974559
421
10470870
10412
2666664
4896
991
14829749
13268
8450
17316
7812
3963
12552029
10127
1914
4754
11809
2215
3732565
3448130
4242
16291
11557920
6004
634942
10268
806747
11364
12051297
11248917
18463
8398
6751
229
1611
4574
7103
14881639
10611992
18731
3965
821379
3135
12311
2461
1200
3897
12363
11788
8252435
5807
9845729
10733
829861
7399
14287
3435514
13094
13176379
4617
14765050
10059
7399
8955
17094
3620683
6156
1287
11165102
744
13025
6627295
1877
4087
574
13969
5652
5859
332
18400
6664031
8562
13823
19144
9061
3282306
1004
13972510
9141648
12165
11034717
10961
7590453
6164
7301
8893
8383839
9212
4951
17615
8816
7758
20380
5652
4828941
10285
11758
14309262
903
6871
7860
12811
461
25368
5113371
1989
14330833
263949
14256
7433
2484
9954
14584
14605
10055
18685
2040
5328403
832
14890523
13264285
5045424
6717733
14025287
9119634
1102
14952414
10371
14962417
6427
13546016
2430
10354
15048
21392
11888
2879
12240
14282717
1096
12621
15104
988426
11023658
3177
11045907
16716
8251635
14678453
13446933
20394
4795
9419
12749
246
6759159
7729
10309
9580751
6155
7957
18219
3006
11793
8318
14444
3384
14649557
210
9601
8112
13270653
14413960
8736542
14755525
4175
8573
11607
14225250
12191
9821
1740
14523497
12609
781
7276139
13074
3098785
3190
2809
12682447
7623
9230983
1018909
2176
400
1076670
14942834
16326
2144
23894
7861
11028
5418273
8610399
8337896
11307
3880
10055
6512029
13309499
11680507
9394
13196
11422536
4361848
18927
14180886
10644
14906495
8640122
19097
1568
463956
5311
5662
12801617
3303774
22952
6873
970
6677809
14131644
12653698
115
6435
20922
425
4859825
14480649
16701
3372
6588
1405
23
9390500
3723
14987886
12583
9243
12689
149
11583
12440
1830
5525271
16760
12427
10325
6487
14733394
14639458
11379
5257985
3004
10046
4405
4688685
10489
17734
13380011
1835
13917306
8482
4949
8109
3762471
1088
11701845
4730
12458087
1116
14180035
6624
10442
1411
2097
17878
11095745
1010
11623
14767571
5408
4433
22219
10652730
14896466
14434
17699
17335
14942946
2671
10581
13188127
5793516
20877
13145
14890711
7459
2145
15407
6991337
3797
10132
6786596
13764724
2887
13955956
10529
7860
6777
2704
5950
6355
2739203
7569
5869
10295584
2039
12717043
7453595
14782030
8348
10541
1707
14747116
14718
8669
835
13205741
5993
8708
14913179
417
2018
16100
14233
7631
19050
8050
6301391
4329991
13494183
13305711
10537
4623
6636
14456479
9459
14720
9669
15362
26045
15324
7055
14958523
9087
14405284
7730
9935
7973350
6349
1412
12777
7292
9486285
17672
14732199
11345
13674168
5538
6279760
4528
6749
14687433
5580
13038209
18433
10834
5350
4575
1129763
7112806
4219
14928643
939
7610145
14713794
1847
24684
14205740
5556367
11332
7505
14966565
3920437
11255664
12412
14564
2991
11444
9105
5785988
3729
5395
132
3021579
14847082
7008
8188
4086
10530141
14338355
13975
1470
6163
12106854
1869
2741
16011
19005
18160
2158
4944657
172
1794
12359781
8646
6749
3493
8938642
4314
9464725
69
21586
11053
18643
13009
3036
22938
586
4382
14826599
26447
13215
542360
2538
6557914
12824736
3521
795
1233
5935
20485
9989
10376
5722
322
4307
5976
4381
3895
6524
6661
14449058
7623
14530300
13650238
934
9386
3154
8013
3630549
14481311
8064
7426
9133454
3207
14454
872
6839
11736943
16509
921
298128
446
3539993
5369
8631
8430234
22594
13467
3422353
15164
14282
13196386
4416
4620
12461
7324
10616
8209
4431
2268
11504308
10887
14676779
8620
12677
15194
8097
21625
4888
9287035
267888
13034827
11923
11492196
14735047
17895
13952
13181
10108
1778
6179
1870
13699438
8679
7446412
11100308
26102
879
10333
22532
14269291
16569
4952015
14528483
13468707
2933889
5346
22487
3286
14741
5549564
2033
12803
13704247
15733
1195
14652709
7648
14083
5258
11619
4859
11485985
11935
3321783
11500
22822
3080025
3756
14927854
14783990
6685
13650391
5232
5387720
15421
3561114
3070
8235
14315811
9005
14985111
62
12336
8223
2405
15007
3794
12253
8535123
4525880
5116
6495127
18305
187592
15365
5656109
9389
13025
18576
19063
9654
2319
7536
1288315
14009
5857071
947
10852
18851
345
3238
4257
14012312
8950855
3430
13037804
6441
13694767
5189
10711
688
14140
17372
14416
7778682
5494
5244046
1354
15329
4158736
7539
14777527
12032581
5556
1340935
3514
13893
4676539
453
370
9204277
13973
12095442
7205227
14439
5238848
2101
8162
3566078
11363
4604
12290611
9984
13521716
14519851
9704
3071
14502
22256
19004
435
14621
16898
181
23525
4070
3155
14312225
19870
23617
9021075
5891666
15648
2404
10003
10219
8988
11369
10460994
12290
2807
17149
2798
1303
5297
6753
14982070
4437
14509382
22951
18120
5896757
8417
9768304
4291
1451
17761
10458
9066724
2897
14984907
4783
22392
10380
4221
255356
4640142
5055
4734
1709
4335
3577275
5065
13489881
622
5124
8517
5771
14711408
14783993
378
8876
8208
1501
17109
19709
24104
3191
10465
4552363
14928390
4388
19446
24535
6580
1386
14961396
19197
7442394
16122
11461
1140237
7144335
11140
18873
16227
4331
20179
8155
10129
8365497
6740
4754
7318
14383340
7304
14582931
13648
18367
13994
2082
3886
1290
6069922
6254
6714
12954089
13065
15019
17068
1929
9532971
2286
5691
4700
5349
11382
13915
5131
19542
115199
12202010
5276
12136
10468
797
8351
3046845
7962
14551697
3552238
1550
12443
1527655
8847
11519964
1600
12073
10741
8019
10557
3128
2275
7176
5518890
14284
11422179
14259529
7535
6869
13086231
11662
8799614
5780
11257
3979108
813
15044
5667
9427
12662452
17798
4366
11995023
9200
17865
7611
5086
6388
14068398
14363330
2375
13517
8874
8899
12288765
7449
21302
11141
14824
14298185
3694438
4848852
4988
14899416
10622
4836
12588099
12867
11784
8984
14705
4230
12442
7826
14801026
840
11023
1802063
8446657
7939
4411
9683243
12262
9816
5888
9076
13402654
3771
6087
5040
3191
12777
14654664
7534071
7966
15510
14314390
8359466
8284
4653
12801289
8262701
4697
7232055
7120
11485
7092
12090
761
25679
7092184
13550
13607175
14025
10584660
18146
1479
8625901
6904926
14751563
14406
1480695
3946
8138
5831
14970324
3725
12500100
15134
3362
6299
2361803
13849365
8029
10029
2480
9286
11566
5611
5913
7816
2914
2701
951
9350825
19054
12071
8346
8871
2044
6315
10490
13106700
9857
12065723
9143
1277
13969788
11137
5316
2615541
1537
5809
3791924
10577944
9046
4667985
21673
2531524
18809
6757
18093
20156
14548750
5714765
13405
18844
15179
1479
14572
13161835
7635
1327
14169764
14238048
17702
20238
938749
542
8731137
4543
5072
6623845
882
9320
2780
6905
14469196
14537080
1126
6958015
13879
11166
10621
7022
2344
9015
4131
4454
11882554
5394
7276
5213781
4938
10301
14765065
2945
5476
3519
6585
9455
3289
9544
12791933
10340177
20363
10329
11131620
7612
10079
7225470
11222
15007
8486889
2123102
14970967
12563
14021
10237844
7808700
20897
16258
3846502
13172835
2320209
11918019
8407
2527
6815
11176702
3334
8905587
6889078
4908631
4581
6860850
5733
2062
15854
14967887
5459733
6839
16616
14504
832805
19317
4913
3335
14986182
13930949
14798
13596884
1559
20481
22955
14735780
17203
6568
3580
11847
3904
870030
12831
13723828
16757
9007
13509
3901
13673
4409
3702768
4969551
16366
23141
5107
11049456
4901
16693
6858
7044249
12797
2258
11474770
621
16953
2925
6239493
9000
24987
22095
14173313
3662
22552
1035
11951
13865071
10002
6694
7079
933
13989794
1431075
18325
13649383
1752082
7924
5626
8587
3376
14977119
9647
9342
2155
14926
10161069
374
1973
2313863
10085582
15795
6684
22220
15900
14098786
3819
1834989
6650979
11705
7539
7274
15966
25753
14989805
1736093
15784
15594
4907
14386044
7641
9586
11843
13034306
3198
1402469
9861
9008269
446
22367
3365
6383987
20626
7872
1172660
17936
14904530
11265899
698
1586841
9204
12144266
12115
763
4702
118
9110
7210
143
14909454
15522
14949125
6995
21041
4563
3813
20025
8973
2510
594
1184633
2854805
9350908
9924
8483
15150
5488
6018500
17412
483041
643
4540
2783
2999
14730392
14340428
2393
22795
1933720
4042988
11957
12588299
25595
20304
13451
7529158
405
8909256
14076970
10057
20594
14186845
8551
12361748
14912962
6751
24280
14670823
13891
1636
1169033
5817
8892
4089
2136473
2118847
22092
9952322
13761
20712
14525188
7083
7713097
13182
6646071
11463450
13110
2708462
18571
8022
13682340
9896
22161
6076
15735
2824
4532
23703
3963
10241
11569
8625
11217552
5699
7676
8
3735067
11753
11651
13197057
14975278
12904471
11739
24903
14063568
20292
3213868
12918
14678861
13631
8495
14567033
3757578
986
15415
13630
14574350
11572316
26682
476860
12853330
5531
5832
22282
14683161
7192
8258
13884096
14415337
13914995
10794
962
8616537
16310
11384
2423
12500761
14968051
4650
14668
2451
6487266
14679
8924
12203341
6323
12674
4515156
11379415
11150
14786007
10542082
319
7993
9892
12984974
7507
14581346
7956698
11873
1460
4755
14912187
3922
12019628
2218
9599
6969
12946
4537
7769
1177
14041715
14969642
15869
1563
11974603
14460568
4356163
22745
2254
7365116
2147
10272
17562
1065
8355292
3101
11107292
3470
549
16088
15926
20108
13816
12077919
23945
12775153
5303
6820132
6008
903
4117
18546
4160
11299410
5067
5273074
5601
25344
14494144
21261
612704
21844
4254
2786
9399
2537701
7052094
3429
953028
17525
15153
16764
10544909
12035575
13503
677
4459
4747707
14957891
14942020
12855292
13828401
14775061
7641
2890
6971
1915270
3439
14345
8898
6466
7872
3551644
12560
100
4751
1616
2596
18328
9459
5018
1293221
11861281
4276
259455
21306
341
9370899
9768434
5552
3833
4083
14367551
9850
22719
7630
4667
14030792
11216643
6356469
6355971
65
2273
5726561
6842
10770837
7987578
14699001
1707
10702
12552
11381
15858
10531
18411
332
16277
7701985
2032033
7323
5232
24088
1025
3586
16089
14804
12038
14312955
1994
13686
7660
16470
3048
14924029
7189115
1655
8273
5092
21999
14978171
10706442
1928
3984306
12853
8005
5685
1716
12407
20480
528
14324
3374
5506
14716011
13748
6307
1184
1186
16430
349
14820213
20937
14386
11600309
3074
18316
14287729
17757
1094063
7537
24771
11163660
2911
21208
2154
11583601
14751873
679
2232
11055344
4095
3369
18768
13582
1467
13928032
12217982
18730
19825
3855
5192
5880
2299
5992
5892
22685
3116
9516
20327
119
10270
5749739
4948
5769
4536
292
2379
7255
5044
14857345
10022
12176617
154
1636
5681
4807
6976
16763
20152
14963105
1964
14655902
15702
17634
11962
19863
7860
6680
10901
10691100
1806
8510
5038
2900
13980444
4650
12915150
9363
14705408
6024
6691
1761
1433
9991
7485
19535
8621475
3765
13584
6486
14928950
13832
17140
2591
10751
13719148
14961
14800
3205399
8256
7273650
19663
14811
8196090
9027
4971
14434946
9216232
5272
10934
421
341
4055060
3928
10994
4256752
6023
3646
7232
3462
12842
1140
9269
13083
10881300
14722933
13279883
4939228
14647
17561
14849671
9239
211
6588
16099
8438
6751
9053
9683
1596
16191
14331
4266867
14826108
8750259
11152
14005713
7410
12729859
13137412
12242
3698
3698
13547950
2087
154
6143
17068
2594
1819
13819
12497261
24925
8553
7763
17254
14163925
11559
10605058
14929496
7338
11849595
19858
13254
9433940
11471
19231
24431
2831
4906920
14938333
978
22341
6930
11714
790
11580
14979744
9891721
8817780
9317
11967
3042
16303
7744
2249
1726
5088818
144984
1600917
317
3712
14591238
8584491
371
12410
2575351
14294232
10980
12881924
13607151
7460179
14647046
13963
2533179
23140
1775312
1437
13852197
3874
13766961
5937172
11442
13611
7624
24389
7851
2188018
18159
1580394
21257
14384222
4998
13422852
1528
19013
5635461
11701
9787
8517
10375085
8978
20770
990
14427
8794
10483158
3225
3199
8209
1397866
1286383
1244
2155910
5024
16992
24904
23961
14057
4143
11142058
6040001
14942001
208794
10480
22760
368
6691
9610846
3309
21918
825865
19324
2489
14447464
4097686
26365
14947382
2400
3361
13037628
7451
7646502
8731590
9870781
11800
2477
933
14678748
11697
4621
8348
2178
15728
3647
6257
10345
208
12205
15085
10360
14719721
20453
5628941
1577
5760185
14651850
18642
11734763
5242683
2190619
4873097
3569
6784
9437
17786
1685928
3170799
6140007
8244
5700
11158
21884
585
407
15819
1498
3158
6518
3110
431
9079789
2355
2617207
9746
5314
7592586
5756319
9637590
5398
6890
1097363
4908
8535
9753
16707
1689
7546
824
23741
6420
11346
3634
1305
13841476
9038222
11881
20707
4583
621
3977
6748685
9283643
14035817
6280
12157
14426439
20997
12880539
3229626
21118
10703
21120
6304337
3016
8432490
11280699
14948
15120
7938
3944472
11831
5841
16134
6933
9016
3589
10008
6525
74
8979823
4404187
9521
5979
21761
9882107
15227
4529
10777
1110
23985
8915
12380525
13407635
14711671
12165421
13536
1792
14521
14428430
11969
7905199
10999
4437
11546
2255
7660
9166987
15116
14983305
16221
11448
11128
4405
11444143
2611
14417
9388
19506
8666
1550
17587
12894351
14951812
21458
10574595
6406132
17322
18149
4811
3665
18363
10196
12561696
2071
7076
1962820
13034274
2122
20814
1129
8065920
14957641
11113
2889
2076
10733789
1179
2774135
10177
6360263
18944
5710
10500488
2443
8646
8321
2327
15306
7991
5764
15905
12893
11014433
8492
13570
11561397
6217851
12072
5817843
2426
14848114
170
3527769
12973291
11934819
2050508
825
1511
225
14655354
5769070
13601172
11486
2650
21398
4045098
5400
10805
11503
9718
12870325
26877
9680006
7103
2694
3017
14973264
4057
5938470
82
8924
13361
554
1217
10448
22375
1134
8223343
13087297
2579068
2337370
8340338
13325178
207
5290794
4894
6343208
10442
3798
8687
826
6331
3833
7107867
17396
12590
1655
10071
12234
18312
332357
14700617
5009
10022
6664
7260
4697894
14935236
8084073
11540452
728
21587
10054167
15686
9199233
12680673
11361
8787
14678
15678
7563
4916887
406983
2350
1716
11649
14098
11091559
10959696
3487720
5586
1980
10079
6895855
2887602
10117
3884
5373
1622117
11433
10443
11751
11622266
11305
6879
4464
10018224
4470
3707
15271
15288
12616
994187
8392207
1521
3241
2099
9194365
14929318
13934330
22600
8899
14688400
3644
8919
12011
2804
5139
7959579
7633158
11956
11955
17463
179
19031
3988
18281
607
5475788
18232
2672
14328061
6668
4953
3232
1846
12993
4475239
2676
1169
14953546
5037
12169
2323
8846996
8389198
6197
4131
11745
9792994
3514
12085
14972459
14602
10349910
6748
5110527
10372
9520
274
11956
13455
14141127
8707
17582
2036
8533
4434446
19045
5291004
1145
7474
12919563
4160
14645883
18716
15753
14507
14435738
15764
1997027
15589
4374
2566
13786881
14702692
21102
10449698
7247
9524095
5077086
376
1896
2672
3106857
2307
6795061
11802
40
8199706
17500
5480
4802
9269
8045751
14898564
7266
3617
13099176
19235
14085827
5456297
7604255
1905
7999758
7867184
12204
14646564
1445
4369987
14487
2560
3828
12092126
14445
4223298
8902
23531
7495
13931088
4633
6884294
549
1368741
11625478
8344998
6484589
17716
1859
4705
95
12231
13925
10149
14685
4615
4855
15384
10922
3258
6495265
12449
21743
3617260
8673
14795
6358
4458
5429133
6219
1334540
2823
14536590
1161
8940812
1843
6378
5229
5193085
6205
335099
18022
5643406
9621
12581996
1605
8216
1114
12784990
14302793
4944
2762
3768
15106
6700454
15276
2439747
14963402
2520723
9371
16089
5437269
5650
53
3250
13581323
6864
9529
6617
6850
10309
15611
1812
2417
5129
5236
2541
11659975
18109
14644925
6155727
2028
11961
20718
17482
1352
11939
7758
494
15392
2703
10826
11895435
4609
25334
8735
5270
15539
6261
23210
20486
8905
13227
11156
11703
10176
361
16562
1232
5199
5150
11971202
7508
8372
11157
8155
8163
937089
8827412
7036
8408
5649814
18170
16036
18146
2686
2287
4348
3322
3642
21624
306003
17519
12972
92
453680
22238
4692
14100196
25600
18481
5250
4354237
10447
1883
14966524
5837
12303253
14821822
1598
8450
2703116
12666
3464
5267
8360
6625
7340467
2975752
5278
17787
7640
6799
1998
22
1689
6311
1172045
12661246
8170126
14193
8895605
7439
8886
14744316
9372435
8184988
13524
20775
14356252
10917970
14858
18810
887
14951452
14966320
9267
3927
733
7005246
2119
12203
10009
4067
3375
2295363
3065
23040
15963
5383
14942803
4171
5049
4383
13209
2350035
12712182
11129206
5694647
4651
14934509
12721
13194484
19248
3033
12355
16468
3535755
4381
350679
8748222
4433
3726
8493
6868
14612700
5700
1693
10898890
6285
26688
16718
10557
1454
12653
6384
8002
13132
16160
2392
12790413
4871
6071024
3037
6673
5969
1544
1093
4237
1385
1112
3768
6977467
1888
5850317
18980
2475
491
15842
7328305
14792504
2138095
19420
1354
9525
2903
4351
5399
13220659
10323
14987660
4027
19986
6041
13074
6016
13996589
15989
9756
8316
3424
8724875
20866
7528
7104
15958
2491677
11469307
12133416
14824669
13827202
12520
5360
6933
425
508
9852612
1439824
1021
17937
21352
14963769
14481079
13328823
1736624
17232
14960570
3531
12407233
1219
1182
9704
4671822
20356
2198
10859996
18770
18225
9398
18033
847
8653309
604
3192
13570531
272
14964820
10144
24849
2934
873
5792
8866592
11684
7467
7614
6027
21691
2240
7427
14480382
14907291
10453498
19065
4196
11321
2967
5066
11109
13040
13601212
9274
21218
20275
1994
11526092
13822
11270662
3677
22149
12559
13115143
2113
5086
387
309
23823
11091
3767301
12887
15966
6373
3345234
1602
7800
4003
7698
14212172
11173781
1670
16763
14136250
14911811
14963355
14293
13583413
1509
19341
8115
21643
19647
5709
17546
152025
2951
1157
13111
11614992
14620552
10350
21172
8417
5595
6439
1891
8842
16489
2201
24987
2544
4000
9433
11229259
6433640
22423
6611
14955314
12683684
3484
319255
7408043
8799539
2598
16431
610
3149273
1592
1452
1851686
12666
7721
1902
14813
17894
19558
2022
13014
6868
3974
5208
879450
4877
10521580
11224307
6739
10711381
12514
1160
19430
123
1210
11581135
5209
6769
729
18190
5772725
5689535
3754
13395
14108342
5561
14954
15044
7016
3995
21439
764
7798
727
6338
4580
11845
8517
11810862
14457657
14971311
8907847
14203439
12881
835
13163622
993
4756
6402686
4536958
13698553
13061
8490
5923831
17893
3718
5231
8398397
110
3583
8057845
9237605
910
14534
2693
6532
8363042
8137
2406
12931028
2948
16112
4626
5099
2391
10673
2175
3779
14042
7541
1035
10754
2600
3425
7585343
1462
804
13577947
21201
7944
6884
4422
4210573
12918389
1014
6268
7591020
4599283
4637
8615
15972
19812
3822
7112475
16109
3637
507
157
16476
15598
7003
5295584
13192
11005
19139
13436125
21861
4258
3908
3765
14218
8729
3892
7275
1117
9931
5435827
14546240
10048
14877996
5949
5307
2500
2381
12658
12204
7095472
2614
14529325
22036
3413
3810
11195
12685
9929
6624
3968277
8456
12787
8519
2538
11586638
12004277
7485
1205961
14950842
13685
715
11019
13667264
2306
8529
2092
6659
13517874
9056457
14671406
10251
6247
14985846
5005
528459
14724630
23638
19642
3436
21708
10136
1756394
14875600
14976262
14508776
703182
3640
7540
20490
5383
4133969
11283
7139
11378
10528
3069636
6323914
12677376
9968694
4746
6094
5509603
7956
2708
11287
6558
1887
13729308
12177
11354978
13300808
14677447
8577211
6475730
23109
14782180
14207108
9478
4153
12453
680570
8900
5429
2357
10882
10432
11264326
8084904
10860
4463
8398
14086
2152
3949
21449
8133
15463
19131
955
3313
7121
3049
13693179
17126
9833
49
3442
7736
2971
8418
4256262
6831
5018
14216796
12107
19188
13602196
7268
9700012
4058
10561105
14257190
24860
9803
11462
4996101
2873084
3833
11984
6456
2397
14074862
21013
13875837
381
25961
581608
14617468
9812
13672219
18732
20903
14189644
1150
1667
20709
13988599
9726696
11914502
15657
3846
5288
17895
8958781
1736
21367
14979060
19485
11459303
13111615
11109550
11061
10379
9706
863
4803
18104
12307114
14586286
2741
14871
17103
14144440
2662
11066
10460
8363235
9033
13082816
8266
12150
4513
2009
12061056
14905019
14550
8980957
1667
13008193
19952
9754
9642926
2574
1088
68
11553675
8020
8109
3200
3767
10165080
3223
3384
7004
17793
12549813
16015
22968
17283
5832
2814
4797940
13307843
20413
823
11277
22622
1904760
4080
16741
11922313
12007
1209
7846
11372943
17067
12168
8182711
14537565
7507600
289748
17120
15325
5524
2877378
7386
14558087
13772
22713
14542705
14737167
7764727
14948188
3054
12742308
17451
12079
11428
2187
7452
4302
4295540
12508
20428
13145839
7142
1661
4230
10923
14753516
7335
23282
5326
4153
14933580
14149
13109632
9526224
833
17415
17738
13597759
6634
19518
10338
13009833
4634
13804
1263
15236
3381
12765515
14780262
9531
8151
10654
26379
1577
2736313
13230
13394687
9527
5448
13131116
9901
12206
23584
6311
7003
2984
6188970
6226
10701632
13121743
2056
5543
14882
3666
2906
14911093
6688
5479
5482
12140
14567299
447
17165
13661
12140
5231
12674
8186438
150
11183
25117
7030417
12125226
1487
7250606
8004
12437942
6749
6420
6597
23093
1958438
2497
13522270
12487671
3164
11551
7067074
4455
3298697
14707662
4289005
9506377
6245
10623
14621175
11641
586
2394
2093172
15357
7052
1406
5495
14557510
1236
6882808
8161813
14258
4429
14054311
11450
12958862
1965
10326864
2256
2818646
14084
22425
16095
5184
1446944
16461
8051108
10630575
16340
7639
14688
8241
1791
5610
6513
6158759
7201
4697432
4623
12960068
6345
2288
6092871
13019
4696865
3391232
3383
14978763
12136
1029
145
15456
2234
6173380
11814536
12088907
22660
14071529
18485
20884
13819253
1008
15912
14703
15698
444
12450866
16774
10441198
7479043
12895921
1346
8527658
21228
10035
21480
1408797
6247481
16238
15662
4437300
9587
10814
14957442
13866
4212
4779031
19895
8789
164025
15070
372
24792
1589
19354
8148761
420
7870
616
14743
7141
11063206
16755
1546886
3915
14144
4116
10996
3187
19447
9992734
2469251
10803043
180
4247
14964754
11827652
7527
12355
10417
15337
1404097
7241
7554570
1116
7229457
6151
10841
778
10826656
16361
307
8817
1453
20876
1603795
15626
6938243
6409775
12618
17522
6770270
2158
6141
8820
12816919
13778148
10621
11327
5949
21322
14841782
712
14254345
5690
6688
22194
10027
3144
13918293
14941106
17406
16781
4093139
17500
7527300
5724
7503
10857
10265243
1522
17900
3578
2157222
4811
9054
3574309
2098
3090
4208
1147
680
11171
24381
13837867
7592
14716974
13640
14493577
13599345
20096
12087
2903
9927
5903
14988547
14659
1446
14675442
2686
7177939
1896
7956
14087012
10019
4085
16456
19939
19690
7720638
8944
1449
10715053
2256574
80
7524
6931
24805
10622
8553776
7877
2867717
12121
13640998
8442
599
10721278
5305
23228
2991884
9914449
350778
10375794
682
14855223
5648
6418
7996876
5693
9873
12568640
4833849
11556721
5081659
14019
6660
14126902
3724
2459
20
12581
14955134
5774872
9900
7494
12777
23657
14249
17817
10001
3739
5219338
21950
667
15692
5319
26117
9489060
13968031
3168
7507
5014
10904
5764
1899
9240088
2642
4465
10365628
9615
11884288
14866384
12801
3577279
20637
16425
8004
11630632
9165
15422
18649
12958
13974218
18166
10201
3977
6601
4930
17937
4960
13939
4166922
9223
24177
14738
13642
1100001
5073
15231
12442
13858801
10408
10617386
14169998
21262
7777737
17304
453390
15447
17843
5070
4345
3595
704
12802
5918496
14899582
10508
762
14879638
1496
121
3034
4196
9931
15264
3082
5234108
14619345
11330087
19642
12061
14640638
6357
16481
13440
17587
14959892
16529
12537233
1158
10751955
4965
3656
2594145
10839
1052109
14666172
12925272
12888274
14866316
21952
83
6284365
19329
20822
7173
17148
5380
5208
12314116
1219
9556
14620
14563708
2283
4893
5959
4547
2906
14739131
14650
7247
1065
14948429
21839
1465
2659
5901
9497
18659
1488
13202873
3072286
9090
4747
12676
4554
11111
19584
8048
7872
16769
14437796
6834
25197
14120
15252
10668
6320
665
12467
2633
14551608
1027
8818399
3720
10953
4269
997
809332
2961
1956970
19218
14632887
6529310
5783157
2686
14520025
16375
3675
13263
3491
756873
10406
1665
9135
9747599
8584570
474
4684
8382
9539
2351792
553
9956
12452336
6839
25581
14805182
14891325
2550314
14340841
2879
1729
8425
6564
22162
10767
15817
8921333
5410
13343
14808883
21303
21439
12141061
3590859
2191
19976
8394458
12380
12291
113
5618851
14232
14047491
1482
11025405
4189
5535
4244
9662
18246
649
2802
307
2132
9330770
99300
9374291
13737
7235
6562583
5380
14529508
5319846
14557871
3514
10126575
2154
30
9564108
14953507
11853011
7133052
17807
6637
1968966
6124
11090
7913
14819234
150
7721
11484
3714
15274
19026
596
6526
7043
21968
1487
716
9018915
3415
698
1001
1457
8902
7186
15137
7096
14658170
7013
2918
2758
3074
4340
10077
5050
18921
5761
3927
18341
2817
1313060
20314
12698
14788898
4074
745
6371181
14302
11354
2572
9949001
5654
11429
5478943
3409
2071864
10369
9974
12694248
797
5029
4732
14974453
21851
5624
3722
4576
15251
4207
7126
7516877
14903
9285
13079
3032
1047
1980347
21104
8130382
4414
16330
13118
8657
10306
16172
14934998
1590843
7707
11001166
6055
11398
12885
5839
3117
16468
18560
4692
5450
11920403
1872
21681
745171
13037807
2170
11140
19531
8721
6469
6822022
8823
17026
8882
4998
8653
7522
15580
3106
9311330
674
14975549
20287
12
14951089
14967611
9190
9841
2580248
6762866
10962
5608
3263
13345
2233
2006295
2606
3785
3273
6088
15548
4465
14378
5480
18207
15597
1677
329
4182
13241116
2494
146
12165894
5318
11150
14113
1439571
7233558
14822
8528
10028
7626
11132
18080
8
18691
14645
15716
11570
6620
9121
6241
16781
11121
7699
3833
9266101
14954389
2084
14767739
22608
12112452
16327
2921
14297620
8697
14801
9369
1927
10930
9531285
9360
14240
9021
12399
10426
139
13065
23415
11283
9815
12904380
12577321
18666
7523
11844
7314
6294
15819
2122
14950740
2395296
21618
15564
14309238
17852
8475020
15833
9463
8335
8511
10028
857
11092086
14959293
17376
8309
11006777
7497
14592
11108445
13948
5571
5116
6149906
7225647
318
7099148
13477
4207
19672
5271
8529147
17835
1263
7044
2137
1908
1219
13004
4042
337
1157
11355
10090
5763
1746955
9912
736
3841
5173437
13604277
14423631
7181
19949
19594
10907
3365
7710
2658
6323
124
21771
6362
4383024
4855539
14300
14894903
3389627
4902
6496064
9504
23130
6481
18240
11230
12608346
11114
11746
3390
15207
10259
6283
10022471
11490188
17505
5756701
6791735
7274
7703
9475
3668
13709
4393
10083
5740
6163
7737
11544
7324
17817
5212
3094
8555
1424
14968598
10600455
4943
4012245
2199
13228
14618753
10789
4283
9418044
16498
15311
13258
13671
17848
8969
4886
14614
14941007
8288
10947162
5343
18787
4572
12771
17092
17658
12937
15854
1320
4763
13265673
7356
2223
13788
16080
2042
7816813
8181231
4076
13403183
10609
10269
3769
14625055
15975
4194
6470927
4260
6022715
5566
10439
3531
14582387
9997
15379
12706409
6188
3846
4222
21328
14931061
9685
8066
13557217
12772887
12127726
1635
3909
1235
21525
11837
2585
7820
2381
14345
7302001
18359
14083412
14669
5927623
8144
14649120
12351
9103783
1351
10648
4493555
9006
13411284
14286641
5448
14979249
3357
8075436
6027
4931007
3320087
2635351
13048
14271383
8474
19180
6091683
2998
7531
9530
10381
14159426
13759605
11621088
21022
19780
14958963
3996153
5717
7545
14587051
392
13067
5728
15917
3142
487
947
1537
8042076
14443799
448
7255046
2375
5062
11201357
9916
4620
5930
1686725
14435986
11437
3723
17585
15677
11090
2718
8419
12486
19078
646
11699619
20927
14971312
7702
4590
11461
14624220
26791
2501010
5251
8238
1859
10449376
5559
13750261
9322
18327
15177
11465533
1008
14656937
904
1548
12923839
10675210
2728
13711
1055
7851635
14537
2110
1592
1999
7561
11086
14670962
16681
10181155
702
14948138
18267
12138
6439509
12859540
5450614
14665709
13974986
9597
983
14948375
11103
4887
2721
16730
10839
16457
770
11195125
1416
6940099
7804329
465
11309
11601738
2868
6099
12069
1974
14817
6928868
13414
6685385
805
26550
12221
5603
4162
10110389
13054875
3465
7214
1475
6589
3303
14622236
20125
14462001
18481
10411
6433794
15474
6157
6766
15581
12111653
110
10761
8019
7753
22156
12091
6898
3062
3185237
5008
12700
6692
14561626
3166
1419
5369
15481
10451198
1746
13200323
14207
4499983
2115343
14262
17300
680
3700
14925248
243
8320
6896
13424
14764644
20352
9341894
11848
2390
1992
11660
784
14931634
17855
2950
9872
7256
5670
17303
9580019
14266942
13062
23611
2339
14716920
9916
9488477
4809
8705
3897429
1382
7051
1438
6577
19719
18169
3320
4407
5953
8171801
18200
5159
15947
92
18970
8826098
5387
12238369
12034
14270309
2788
477
1696510
1464949
19204
6051
282
3370
15125
7369
4634
578
8280
5464
9056
4356
1058
14563062
19614
3770439
1912283
4831758
14280248
7908
2128
3890
8224757
8342
15660
12089535
11411502
11438728
5859
13024905
9931
728
13502635
1229
17388
14403400
9796337
12620
11557
6008
12645
6871
14952391
2408
3774
4998
13978257
1369
14655
40
9275809
11784353
872
8821
1839
9413
3356
10976
6103538
12459
4454
11781
6889082
5848
11416
1391
12016025
7068
8169
8591
9036
13847374
1486847
3901974
9
20975
15000
14097397
17318
10950
22535
15999
4125
11407
3114
19676
1811
7248178
9188982
6720
8307665
1613
21652
10784309
13961306
2627
14248954
4420
13714
2709561
12803817
3670
16997
9261709
11797812
3048910
3692
11546939
12693
15524
761
20079
16729
401
803563
12476
13479312
9885959
5411
10240
15572
18963
3386
5923
5628
8477317
14756823
8087
26013
13181589
9269
6278238
21458
3595
14940454
8529
210
5208
11237055
4436
1085665
12692849
14652449
1708
14932273
6320
10903
4748
12446536
20276
4005
21474
15290
14981772
12630
24590
1725335
4071
16060
8784
12576274
6524
18421
17345
13806
6571
13894501
22133
16042
6668
4929837
14875268
7428566
3715
3955
8126535
8063
14285152
6205
4582841
18549
4037
22466
13518741
545
1810
22036
21723
13269986
482
10500
22771
10229
527
4634
14922096
8500
10810
8178349
14790850
7999
9848
10365039
2774
4047
48
21328
2266
2127
16366
4549
13550
12056
5540930
372290
13226345
1887
3211393
1136
12356
23872
1145
1590
3410
5044
15508
1664118
7597
7452612
14966050
14815845
8197
13150172
767334
8567
19267
9842
11675276
5739
139
11329
200
7425
12341
6658
14979358
14582
5276
12204704
6620
15042
14880991
6564677
14300479
13493772
14229
1048
13978
13574459
9304
12770013
16870
5866
14979276
107529
17031
8908
17785
6535892
8985
11959
2954929
7512
1813478
423303
3625
24110
9929
4550986
5501354
14161937
14623207
23049
7854758
14983115
11611350
5468
4934
12409827
19310
12972090
14963969
5108
19600
14598
9634
13778141
1522
13603102
7767950
5379
22192
117082
2201
13090512
4461
7280757
8921
2208
5093
9471
4615
4749
17807
15550
17455
6093
11972321
17744
2342
2388835
2615505
13219
6165
6658
9419495
7478
22413
10079678
4174917
6165
13936348
23372
7863
4338
12077691
14025253
11935551
11258872
5066
10667
5117
12351
19475
14920
12736403
14948825
11254
7580
8938
7123
979
6946
19222
2957
19674
10141793
11808
11461
8011
8123
11683
18954
1983242
5219
11275342
11589777
25679
14955643
11981085
1094971
2319
9644355
10224656
2983
3361310
9086
24363
2152
14714285
13595
6643
3849
14144106
14313
5813
10432
11225202
14511852
4867
18778
14739573
7695
5692095
7007767
19310
11287767
17658
7057605
3358
1888207
21882
8137
13894869
8084
14951098
6568047
1377
14874
20558
1205
14237
13317795
10116655
5460
4108
12973731
3194
2624
24248
12675
23559
1058
15107
20036
1310
18542
8500
20398
11278
5806490
12473625
1096043
10111978
13379
2946
744
4356831
12044
292
3867
2157515
8253
8880
10261
9719
20557
14156959
16377
4453365
14837
25294
4488
6141
17044
7716
11345
2479220
13466742
4375
9542256
16372
19133
9639288
20455
431
1907
18096
11947588
14382070
14558
13848090
13184
1994
5689
20063
11172257
5403
8409
8617900
13875676
828
22750
5422
5205
6624
17329
4138174
24888
14020119
11083
3591210
16100
18350
15078
17163
18177
4293
13892970
7296
8460
12507
13544553
9825
14411
7936
963
7570
6153897
10026
6635468
13345
9836
2257
2045
13315743
18408
14967270
18042
17060
14775639
11383
15115
12216017
20617
2619
4391792
840
4807969
7403
4626
7181
15031
16770
13236052
17000
20871
12714
3124965
2589
13681
8640
339
22690
1037196
7889
6065
11361126
9005358
21357
2542
2934
1721508
23688
14520122
3817465
23047
2457893
24218
18249
9311
4426511
15555
10699072
6462808
8046
1643
10257
13723496
12466189
5229
8125
8260
8617
14734136
14818
883
6818
6874
14416466
1372
747
9684842
8313110
3806233
12356239
11539
2500
10062441
3213042
73
1548
18646
12486134
9408
6919241
14909514
11463217
7126
3409398
13066
6827
1463904
2315
17765
14673438
622349
7515
2286
4519
16536
14726870
3781
2003087
12588
4510
5222
9107001
1340
9017
6423
8023789
14654870
13971
23257
8588
14787505
13791
7516707
9930595
19691
13430
7322
136266
7995
4757
13690
19830
11183
6319
8436
14862174
1399
14077
20964
18225
12728
9301
13454
6091
11502
19657
11097596
4950
5593965
20444
6805029
25989
10394
15906
3922
1190
1124692
6046
8482783
9522
14326267
2453
3156567
880158
4448
14507085
4863532
1250684
5711
623
6224
9823
2666
3001
9374
8454
14764537
4235
3056
1056267
16531
14105
16035
20514
2345627
10557
768
22238
825200
14643
8204466
8442718
9909
14356056
2648838
5731527
12888
2183
16069
9443142
12047
15875
14976819
257
15822
14109254
14878364
5178
15717
3008
7802
2859
14968465
6328
8385
5769
5536
9831497
26099
14249
10311268
14776503
1823
13656924
5240299
6722
11473
14830472
12240007
11733265
4278
14946672
5217
16199
810664
13900
19288
14695212
2710368
12158
5801654
15320
7433
5929
6413
18871
3841
3459
16660
8999299
10539
11784
13933
13045979
6877212
228
2563
2296538
17888
6385
7176
16021
19970
12368248
16282
7789
14385
3454
9255633
9782
21181
11484
2529
14444163
18277
11342
4149459
6304
9626
7362
7216
7554
15784
16634
12956422
14267771
18990
13653319
14786709
15500
2410
543
7489
13827637
9641
272
1220182
2160
81
9210469
17814
1078
11970681
15809
19857
9093682
13515550
1213
5157
14009
21491
4529
11665582
3156
5226
2179
7617334
13211101
5363773
12692370
2696211
9116
14740
10400
2405
1188
14679
6235
18797
9807
14744662
7240
8533413
8592628
3843
10674
12426
4239
2771
9992062
2654
1940
13149
16431
14476088
23680
7793
10093
23850
14931052
17676
2560
2254649
11407172
13332
10889358
3828
13828321
8186
6922
6650
9908418
20479
2745
13033868
451
12339
978
11613202
22807
9078
7508
16131
563
5498
5290
6033335
13607143
13124
5313
10003
3699
14913785
8584253
1052
6854244
5914
18844
8455370
4519
8384
3016
2546662
8613
12172642
3211106
520
2120
15285
11589
10592
5477
5057277
2335
12563
7572
142
6254480
955
14935114
4175
14959453
15313
2717
3716
8876
6012
1716663
13852226
11756
13011
14987140
14291
13258
10652
20764
4962
4734
1168
25683
13697692
18005
13290983
12963850
10443
1379
8309
12105
9326
20079
9032008
12462132
9693
5537128
23652
10031947
13520
5469779
21788
14577899
23219
13284
10548231
21091
11202
1025
3736
7454253
12735834
6845
4974
18786
7123085
7327574
5025
14954700
2182
9899452
18802
4768
1705544
350
14993
14374
14885197
4786
743182
7560
10365
7341812
21447
5600
7495
13828
18013
3697885
9481
9093858
2980
8034
20952
3576
4195
1564168
10230
10414086
14825500
11676127
14899
7011
4672
9655
11842
14949710
3901
4059
15202
12713
10471346
11309
5474
2961905
12582827
6112
11639772
14305598
5439338
8329
9940
14597
14831
12048249
6587
5965839
9690
2696
784636
11974146
3701
2968
8688
7895132
13444
10208543
14642
14748310
13347501
2506
14524
9522
3867
22430
226
16737
4159
10694
22784
14142
16787
13464250
8108
5166
16823
6040
4962
10716916
5124
12875087
2765
11065
8132801
17012
1892960
9042
7774
10521
5508
18014
20406
13273229
5167
2995
5926011
11266241
9733
12982254
3084
12562240
2478595
14970873
17295
19866
10119
14932964
7119087
26530
20532
8922111
24118
955
5205
10003
14827575
8551
10322306
12051
12085
4072725
4826781
4585
1122
15867
6971011
9726
5054
11839024
4019
9070
17635
10441
6579692
12649398
7286
4751
8124
17674
157
11298526
8194
5
1870070
12586
11289047
10760
9187
20004
8514
329
19664
1889683
13580379
9854467
15016
3423420
14952992
16705
10769309
8874201
7707143
11874
9789
3835
9737
9600
9073353
11067
14155
14705
1504
12678
5367
11510648
11972756
13059640
19786
12053
8811
9536
1809
6737
4970
9206
3974
168
3685
3256
8844
19734
8269
8616
13073
1862
5711
22072
1708
3694
12542
11002740
1932162
6390
1863436
7141
16307
1690
10440
5405
2746971
12525
19325
8637
1767
12971433
8369844
13457767
15934
14717
6104
10123
650
12163
752
4127
19849
9656682
8182381
14316146
1507
14186916
22870
11519
124
10843590
450819
9760
10548761
15163
15949
447
6534
3835
15899
4184
20928
17190
1114
698
8657
13165919
2051
11776
7733
12330152
1283
16794
12442
6614973
2387
8512
2207
6834
20799
20226
4125
9413313
18204
1736
14933355
14350672
22235
8341
571330
1046
1633351
12874427
6303
11172
20305
12043
6338132
14873783
8027337
2281
10404090
9721
2277
14918372
1656281
9495
3388081
12316
14589163
15038
14915672
3653
3068337
19727
6397
15919
14980873
5214528
364559
4200
16194
2805317
4191319
6173
3204
20146
11166
5520
15480
3896893
16277
9773
7647
13823902
5356345
4992
8460089
11191739
7212
10456
10402069
16102
7624204
15308
3986
11991041
16970
7681
22611
5855
732
6712
11772
26769
1336
14665192
24172
3367
2531
10201
8276
6199
5455
21197
4615635
13747328
5589
9647
14976458
6209
14872427
8203
4083
2869
12078991
13397536
14180089
14751979
10808
9195402
4378
8898
3149
1798
24475
6223
10029023
3100
12828745
2005
10294619
8990
4949
14052
1698103
18486
21622
10203
16274
8359
13520
13360876
9393828
5000
12068028
8381981
9400
7263
14454984
12763
2945
11716
8513
12433
16927
8143
6883
9434679
14962535
17426
8117
11104
543
11187
6536
16094
4002
475
9768
11406702
11868432
2435
17755
11820983
1438
6818
490
41
8480
19443
11398997
11430128
16235
1882
8098
14668
8807
10122479
12557852
4701
16845
936
3517
24511
15651
6643294
5437
2340
13914615
20192
14840
2968842
1833
4825
13456589
2210
16728
12023993
6899
6703
6667
8060
9775472
9997
10359
1218914
1822012
18956
9373326
1703
12247
7878
14142717
2230816
1233580
12727
12297
10686929
2015123
4426
5923
11534
2607077
1135
8518
11446
16260
14913640
5370
1966
4690
12727522
18188
14042581
14825007
12516733
13544347
21744
18669
10319148
1111794
13286
5899
3783
19820
13333926
11587
14548099
14180
22704
13985064
7849133
8878
19611
12194511
2303
14959757
1260
8056
9311489
7254
16483
5430
21537
10529
5518
691541
2946156
3224
2322
21595
4340
7637565
13184585
6671849
23876
3311855
12259
18360
16920
764268
7813764
14198183
4155
9168
6454
4279
8172634
671004
13561
500
11508
3142
20692
11106
5437
16055
12849
13253
11736
18138
24338
744310
13777840
12348
10902
12767602
19534
10532
23906
7420974
14883137
2040
730
14329405
15681
13932
8543824
3648
7139
16738
4448
13509
17432
14893
16217
398
8123
12429094
14908907
6132
5164
20508
7083
12669
14965037
1780
14260
12632063
1770
17082
12806922
7783
14093760
3296
10633
2974
2569
11688
26391
1914
9170
8345
14521
2553
6962796
3754
10923590
13056
559902
6110
9298
11646
24071
9917
24000
14733653
1245
2633964
11404338
13113
5230
6621
12178
9348
10922
14049
3467003
15221
12062
20734
1232
13321
4338
8028
3509
6747073
14861003
4146
2995884
6152
160
10170
1399
9059
12580258
2655
8779
5059
7260
9850146
12876
10892
4938
12920
7076200
8041
14325500
1736074
14710928
808
1408
13621955
6676
14549971
10578890
17030
7076
5666129
9501535
8766
7398784
887
14991
11580
11299
10402
1278
14850473
8564370
9923283
128
3468
7267467
13563
5902
833
25933
8522
6902
13286
11068
12925111
6612
14967344
436
1339
13304779
1852
14601372
502
22853
3777045
1497
12168
11986
2137
2018007
5060
7803439
8643254
5943
14963481
8336
12535
12492836
15997
10591365
14718
3839
1757
6195687
8090
10262345
729727
10795
6364
6993
4264440
8930
4155
574500
12610479
5628
22794
21605
1
848614
1537
13205839
11738155
17205
2043
6335
12774
2675
5068
5563
16600
14822534
13872
18798
2567
14757746
12373
23338
16545
10867
2224029
5111
10708221
76
17115
6276
2796
3391
6341256
17727
15604
7602
10431
14679893
5501
2741758
15149
4139
8060
1929
9227
2306707
25368
17575
9674761
3318
6454
7024
8877
5431
15488
16377
6019447
11007991
386
6410
12381
5506
4991
6869916
8519267
13749
19103
14965629
5520
7709
817
9377
9876
15089
6700
2553881
13708
15358
14298603
12958
1779
6523124
14820975
15339
18834
9643415
12315067
17388
1175194
11368094
19358
11867
14138301
3596256
14768498
3950
4933
3784
18357
5701743
16760
2004
5687
897617
5331
10339599
2572
5099
10701356
13732
4149491
1632
7429
1701
8099
17043
5475
9225
4532
3868
7101491
9956373
1283
14530
3141
11011
468
13225
19433
14878787
5297
5115
11637
14818317
8530708
3778
10556566
14867
14070511
20169
12653162
6722
12697227
2642634
631
3014
1826
6042
14973674
2766
199870
1386
8077
3798366
604
12206166
2312
23427
12123645
7466699
1545
13663141
14060453
14638
9597
2039
6316
12734
1030
8083
14212
17256
1523
1783636
246
2351
2438
584307
8739
6552
12348
5140416
14901504
8352
25485
12993
15215
8130
11141422
7799
14015000
15063
995
10161
10931981
14821280
18860
7748426
878
13469025
6721
11433
13583
17140
6086
886357
16445
8452
8694
81
13206
2665
16471
3812647
1261
14242395
11200
11066102
16580
14957782
1686405
11720572
9957996
7785
3882
12267120
14297774
13170
1051
692
10784
12977
3504
14402
5084
13132170
14656865
10137622
1636
2806479
12252336
7291
10424
11755972
5245
10377
11221
1829
10373594
3503
11078536
9586
14916314
14556229
12089
5242
8233
14246
12562
18621
3531
9987690
3503
14983079
172
9550
3103
14640
15980
8597014
25575
134
973
4314
6136
11134
19768
7747
14969113
13784833
16439
1042
7413
14332272
19995
5810
12659
17614
4126
12830
4645
12720849
11676
12390
1683084
2479
4143
3716
7133
9719741
14700418
18727
5811
14930221
12234
3769
15201
11544320
5243
11831
1987
9099
866
115
8461
20568
5112
16189
440
22933
16379
7302
8670
2321
20715
672700
5797
10839
7876
8786869
3167
4453149
6758
986784
12023939
23598
5193
13137864
21437
3374612
3991
7832
10568713
7638
5593
10805701
6715
9620
18602
2430912
12441
17971
4326
14986
20709
9419
2140
4078428
5319
14873344
4994
837
12635
4208
12575
7624
5748325
4198
6657
4226
7653
3624
8989
14219312
1980
22676
10599
5405
16445
22288
11569
885
6127450
13191
7241
16114
5410
688
13888011
15882
12683327
3131
14343
2340
11342
7596
14367323
3858103
4838
14911609
3539
8379
6020
6071563
357203
4332839
15684
6483
9383
9371
16532
13538
653
2577
13551625
1895
6531
16573
1838782
14725
7678
5127245
1753137
8447826
8105
9625
3205
9651
2523
1462279
8117442
11739486
773656
9770
9454
5644587
3946
10351
1372
19589
8452
14963216
11649794
2242
2494
12405794
13606
9519
4927
10519
14903424
4709
5621558
5623
2824
4203
15244
9573601
5606
376418
4694
1857
11031243
5587
7658
9258803
15198
4455
14964291
332629
690977
1997631
7009
4836
6146
5516863
964
2864
13786
18125
13831240
6267
8008
16627
2893
15152
5702
8556581
15523
4217
7664661
10120
3623
12710620
14880709
1074
19594
14770705
3028
16343
3987569
21257
14086
2173060
5263
19947
12131
833
20067
14603
14761566
7086
10600
7279
226
468
12205
6068098
5355
14271
17392
1380
10345
4950
14972555
9911
53
3239951
24713
8068
14516
17893
12289
3943
14320
6170
12858
7431
9635334
16102
11187
2658
11120
13210
12087271
1596
636
14984976
18504
1202
8172
8992
3472
1054
18814
15633
7528680
10965
10438
4663
17136
23772
7885
8136674
4693899
5751
5444
946734
4278
10853
4267
5367
11476
14283
15791
6154
6103151
13415486
23134
2219
3548
9066109
6586
7348
5849
5299
23514
14894501
16278
2914
4667
14806807
293
433
15538
11501180
892
10130
9143247
5193274
10216
13617421
1514
396
980
15241
667
8138
19892
3235327
18494
14358
19695
14964164
5887
5988756
14062
8157
13091834
6348730
4795
13649410
12909
5934
13374
4895
6697
8632199
13915
11497
10262
11521
6351
14588979
10808
11504062
861
11607
698
12623464
14538
4123
6820441
1575
10336
5914528
24849
22133
13110
8642088
22477
6195
7732
21892
5166
2741
15342
13793117
18587
1443
7661875
20611
12667289
12380439
1130
2210
5313
4169
4249745
13712809
15528
13767
4587714
14590
18208
10380
14717091
11431050
3204
14760733
18572
10706497
930803
12829820
8405459
11547
522
14430
3935
9214893
5896
14566783
13993
9686726
2182
13083
9334416
1703
22533
1415311
271670
5566833
6706
9318965
6241
11844
14110526
6591
1847
13194334
700
7425
21996
7324815
1404
18023
14260315
4175
5378
14495
2275
8518
7377547
12873792
8491412
20574
20380
3892
6847637
9652
127
9553
3610
11345
2645
11664
11234520
7030410
18290
3078988
3392
14533647
11625
9876
1836
3730
9
1875607
6378166
11188
16880
3103821
9133
14828708
14239464
865
12169293
169
2934
14610061
7739569
23194
3909
17329
7575
6516
1005
279942
13751
9739
4239
12375
12898
4791
13031
22441
1793032
6316
5202
14341677
4972
4590
5572
6845
8191
7070684
10192
5893091
4048333
568396
9816
13321583
4585
13860695
10316949
1885
10264183
13646
14365319
16165
12687
11757628
14238682
2394
14570
2110
13908437
12845439
7693
14255222
10336
1990
1934
8307
8572
15840
6205574
12371
15499
2178
3328465
12811
5118
23473
12563793
9483748
5024
10694791
1299
20369
14849872
11494
5945
13514
3045
1444
14847263
3202
1550
12413
15956
14690268
11570
12004417
17916
3022
2537
1779
14672
13752816
19422
8243
4643
825939
9326341
13462
6005006
19788
5324
15805
9457
5034
20238
8837
12953398
5997
7766
5710
11736355
10370
6531
1244
3047
5153708
6672450
10314
12634156
1755
9372
7969296
5192
10158951
10964
1811
9305
13923734
8486
12262987
3702057
6623
17139
6929
11709588
14803401
226
5218
11959006
14852
8888994
4456702
3510
6850
13718
4756
5201
13051
9553928
11571
8718
20103
11941671
7062
3273
2844
10104
11500158
16904
10566314
6676
12154
6841
8549
2995855
14897
1678
2413
1564
4019
14971507
13827
98696
24410
191
1008881
5771043
4403
1148010
13339
13754
7178
20842
564
11443
7338785
14974558
3025
4541
3239
12869280
5999
13020
8056
7471632
3513
5011
14079
9718
2118
4167
4563305
1728
8614
6797
11852139
12406606
6927
7250
5931
14022560
6413
979
4660
1846
10013
2690
13746
21102
13650566
7429
5440
894
4764
9148586
7973006
9157668
19066
1478
12273313
21836
15220
12612
11021527
4286
3613
3307
23991
2546
14818284
3638318
9813
9645071
9436
8159158
7039
16471
2457
14880221
6856780
3602038
6514
10395575
1110
11616
9113
10534
13032346
23362
5157
7978
20640
18551
22815
13352
16301
1222
4033
831
19905
3760920
10375057
13888677
13920172
19228
135
15799
7709
16950
13491
9361
12996
575
4762
2452
2897356
9557
15607
2944
7521089
5856193
18659
3237
5357
16268
21948
12533
6290
626865
7111
18155
14952637
9293
15114
20398
959
8522
10995
18305
4442
13447405
11001
11408
14645465
24439
18882
3788988
517
9864383
11083
14889097
16787
16222
14476
359628
12278
439
2071
11389313
6911
22794
10161
4325
4645
6952
14630498
9311
4359
9647061
13453
8703826
2290064
2486
8764
11467
5025
5180
5599512
9782
88156
17528
7776
16555
7958
5341
4568
4719
6212
15629
2829
13504
15873
13018486
21764
11887821
10079209
18003
5919
3387
19197
9223
3256
59
8830
9890545
7302
19233
6909
16504
665
12809556
13417
4842
3385
7308
7196
166
11206
10080813
13424283
14081068
11435
2318587
9356973
6828
15534
12558
13792355
14411
13677979
19080
11995
3735
14721488
13248
4652
3342
18504
2417
4171
215029
13338
3394950
10820909
7697
4399
17766
5887
7751
8874
8242689
18649
6970
23099
14368622
1630
14965279
3138934
21300
9585590
6141
14899770
9565
13694
15857
14008554
13065
10009082
5394
6159
7709
9589
2616
12644297
13521
7298
19829
14899
14204
1901
5914
629
13698720
8260
7377873
16224
11548
3657
14304
12795695
13969595
10755250
9791
6214428
14600128
8686
9472482
21588
4330
13561588
390
12640980
11901230
14679604
14247847
8389
13357038
10320
1470
14235295
2743
6179
61
14748239
1338
4032
21010
17013
16113
4987
2509
20980
12741113
4874
356
153476
8210
13014
6396
12900
10007
20903
1716
96
7557
2537
1486
2543
14827204
10423
9087
5577
4118
3035
1351
6691
79
16339
7231
8438565
15777
14629080
5782
14930614
14866726
14256869
1934
959
13087
4149
7873
9981730
13966563
11880500
17047
1394
21346
7515447
14536
2300
4971
12867366
14302
14565876
5389831
2954
14296566
9220
13304014
14984268
12581540
10520
9834
5554820
13120236
4584
6914
11997795
2670
7446
1370
11781043
5960
12393
1568
1035122
3806
2883
7375328
7922
15159
13549
20622
10295
6350
14876449
9641808
3564
9094
7359
2963501
1621
18715
7845
23056
16479
1400396
8376740
13479
16727
14974841
7631690
12185949
15952
12185
1612
4868
3279
11941
14254404
12442767
8945
9446480
9408
10349491
6639500
83
10872
12977217
13872315
3934
903504
304
13109495
13046261
9588811
13234
453
1545
13639396
6458
6551913
1245
9612506
9402143
7648
14669
5762663
7661
14534506
24002
3347
410
1710242
11833825
4236
1911
9496182
4245
19609
9588916
18744
3520088
9689
97020
1491
7711743
1229
5079
12472
10109
6166
13725
3339
10273
7247203
24932
417
14715606
10618505
2969
10682
10438003
10944880
19999
1815
9368420
11279
7824
14886
13496082
6375
11807
11077
12229658
14933673
2965796
17344
15014
3016
14600361
6602
3135767
1537111
14378321
3086015
9219164
7743700
13232672
4246
4788
5429
14193915
161
13073913
4442
5082751
6462
3196
13074799
15515
7910
6051
14786901
1372
15987
9380
12938587
242203
7237
3831561
21946
3919
15174
11872632
14131
7667
13132
14977519
9963435
11395489
3653
15051
2676
11457
18421
6492859
21113
8765
18577
11668779
3298638
940
3813
8220737
10956
14915
14742276
934
1608825
5167287
11482
1071
7010536
19619
14901327
8598
553820
13341
14313978
3179
3717143
1198
12124763
2336603
18645
3901
908
18309
18837
18595
1361
1642
5742180
9408
2688
13864787
3460187
16316
8985
4878
14176
12981
2815
14769844
2511
8284
10247
5341
9263999
3165
14420765
9726
23775
5466
14747648
23259
10073
3589
5604
4683
16467
21011
1027
20749
23890
14780942
6896
12200
4761404
9268525
9042774
16502
6104
344020
1092
414
18218
7034
13033730
3866
8394
4186
21724
5297
186420
7099
2150
5
770
4991
3391
3484
573
7395
21594
3294
11353
13918909
1841
7874
12299
4000344
13784
5672851
5713
3683840
5802008
9411
9375
7549421
16647
3767
5407
2266
16
15731
24484
17035
14425
14778126
8395
14049972
9339
12141913
14933991
4402818
7361
14710350
2237
11386320
5702
8556
10064
14717219
16427
7327
5421
1361555
14052997
8517
12596330
19429
22328
7282
14956498
10970324
1266
14960038
535
4576240
641
9184
12543869
12288821
1606
2409
2586
302
4556
15953
14968719
327
3886
12440410
2648
17367
2028176
6890
3766
23135
12959
8468141
10495
9009
18469
3701
19519
7020
6422135
4168037
7324732
3840
296
7009
20793
12860720
7972
7347
16886
13034158
7755
12327
23748
15502
14569
11901
13678186
3121419
5048
4829
21774
13387922
5226
12267944
7703
6687
13837
12223629
4482
6013
154008
10698
18243
7373
10747012
3948
14598
6220
4446750
9184
1538
10962
4166
1520
23210
1447
9612
15506
4176
7293
405865
1261
6003
13992591
15621
8105
684502
2920529
2946
7587
808
19474
6237
16051
24658
2265021
11739
13767871
2386
22359
4634
2589
6395
4487
4834
114
14605851
1828
15063
18418
24580
14894856
3193
12589026
3962
14957588
12751
16651
11833
3724
7806
3763986
9220997
5589
3467521
24712
10195805
14120502
12890820
4577
14547199
4354790
1490
13769724
11766
6137
650
13493851
10968
19996
8459
14852027
6168
17995
4733561
12781
14281470
13552777
20211
13029217
11366
14695997
12015
628
18331
8908
10622
3656
10916364
3670
5571
14835819
6042
3148
13659
10082588
964090
13407504
1986
18065
5531
13918
11248
3250
14367868
887
9481779
10973
911
6909
14779
21010
1148
2406
3283
21363
13575987
9969
2709
14607
11425651
5007
7786
2393522
19675
10932195
19096
14973711
13702967
16174
3330
14258
7303
7517
6892
14442432
15242
11902505
3291
7145
24734
19445
17621
14412968
2521
20807
24793
14094932
14508676
10138
10763
2441
9520
21472
222
6015
1034
6868337
16615
1981
10091959
13456510
22994
2693
650
1009
15513
10182
5352
95
3478
12407023
883850
23594
10327600
9089
11442
684
4337853
12314
1489
10810
84
21769
399
1810
5664
13499925
12815
4851
8011
9393
14982840
17101
2132
4564
13168
13505
78108
12061096
4616
4392355
3294122
4978
3795
1701
17999
11494225
18937
3020
3546217
1828
22824
14091181
12618
10357
7474
11430
18643
11751
13396691
3852
4929
11869113
14862
15558
106
1268863
5565588
14524972
7517391
8494
10731
14071624
7669354
14451
19976
13341488
11951
6591
12494103
3493
5856
11115
1411
334
2580
716
4331
16385
14373315
9289
623844
5325
12362
8312
6722597
6874
2703
7368119
20965
4082
2193
15423
21394
805
11396170
18444
14360468
4506
646
8861
8238
5092
259
9284
5696
9360
8180550
7412
4548
1025
178
22924
10268087
4270
3868
4109
1325
13305
14767236
12827505
4750
4272
13080432
235
1532
10355
1858233
14854370
8869
3505
11191
2216
4860
12168
8857
4826647
8801
10676
7740
18491
4521
14946223
3759132
4974
22914
3999
19053
346362
2180246
16560
3490
10110288
7770896
18251
7155609
9817
18395
923
15039
18854
18537
2879
14776964
2781
4167
3697
7520
9526785
4936922
10327913
3099
12626
12322956
7697
9577
13777
3531
6938210
1367
10821535
14129145
2135347
14272
4461454
7186611
5212651
1175250
12550
7915
8421050
4538
12865953
2511
22546
12446460
6086
7924
5379
8598871
5387
8695970
8506
14731199
7509
9453409
7648
18314
10688
3571
6781
6358
1740
14070851
12818343
14103
2677161
1396
12915
7324
4437280
2105
3001546
2276
16514
14644314
6871
11508
8250
12719
14968969
9717
373
14040719
10137
8923964
668101
1158
12686
12969524
13948950
20473
1499985
7662
7413
2958
1073
9696
9370
14707
1278
22443
4960
3266
11830
20929
8673175
15236
23675
4835
12413
8469
12497539
7410294
16127
3905
8018761
9974
5359745
10767
2877118
14864146
7293048
806
7808
755
6137
1364
12922
1127
5823560
2701
10629
9667
2211030
19063
14964026
4946
13071314
9776
788307
11213468
11267124
6718646
12893
566750
14972377
7880569
2763
12628
5922
10158
11895
8309
3286
3035807
17757
16157
7027
18738
13664608
8010
21937
6036
4375195
5293
10729
2959
14978643
2924
3840
10118079
3269064
3334
3031924
25843
20136
140
10565779
4676
1835
5984
22158
6231
17934
13131452
11238
15160
17039
13577897
2000
7208550
10052
14722363
8470
2255
1349140
3741066
5806
6097
9853
14824446
16963
11177
4037
5153200
20577
21576
14979170
5563
6108
14879767
13297
9016305
16936
3306
3277
1737
9952102
24912
10813391
11152
10195260
3555
3403
3387477
9000976
13735784
3963751
10500163
7972
14451175
11864
13436776
56
8561
23982
13042761
14838204
5885
1754
15501
10130
9554
8039922
13227308
10925
13966520
11437973
3107940
1979
4360
3255807
13754
14951924
8376
11628
7164
14273
867
7023
14840502
1912
2295
2135
9073
19427
6807
20125
3822
6801
4689291
8183
14664405
1712
4846
3223
10641
3869
14955414
15221
6066
5931
15164
13593
9710
4203
2696
2393
13376177
11860475
11984
1316
9367
2429
23555
1572763
15714
14784
14733686
549519
2456
14849046
8994
1890
14718445
11294
7702
14303
18353
14519933
572
1910
17863
5307379
14773
5147
583028
7293
5207
10242
2067
14737713
6370
1607
24737
14696148
6969
6679699
2914
11860636
14918229
12386
4014
11734
205294
7783
3666
8462
11750335
2265
16453
13860844
7546
13807962
3339
12609396
9416
11690
2049
5861
8166785
16499
7603
13865109
17236
3242
13758897
7112
15786
21198
14870354
13538
19406
989
2647
1108228
7531090
14687383
9120343
14050204
18
5094416
1835
6638
1259
13588894
5917
10854683
8965
306
8084
14183321
21527
8880311
5216
7912
3439285
8706914
45
12189049
14234681
1595
10463059
6046
11061
7984835
148
14437408
2876408
5954
7819362
16578
712
14147443
10180204
10814530
12761033
8275
14972280
5329
11315976
10372
5689
9551
9635579
7512
1305
13397
15519
3692144
3666
9200466
14678375
14159768
5740943
2616827
17859
6060658
1694
9175
6528
1946980
1783
4941373
14276
13849251
13079190
7441978
20227
2728
22439
9796
4305
8760299
3344
9753
7198833
1428
2271
17098
2013209
6073
774
19420
14815548
6493
5480
3665573
12310
952124
1084
1893
6240
650
12363
5820
18099
7665
2097
9216
17324
19370
16355
8929
14960
12187
11306982
7213
9702600
10934
14958068
12398305
12676089
11681153
1235
14282503
9260
3680
5290
12631
15558
12634046
13433544
18402
14681195
2197
272
10838978
16643
2652711
5310039
2015
9233
5637604
14073065
4410
3377
11008
1380
12100682
6421
7612
21102
3504460
12385
14562330
14137678
8187216
2695
8827
8036
3754
5332
14375775
18110
9536070
10075
10181
12383742
12972762
16971
4838089
1645750
11666343
1743
457
14795516
14908
2534791
1923624
13200
17847
13147
4186
129
10594
13514144
6068603
15353
2368888
10331
3878340
8262
8881
7876
3605
608
750
2064
8067
19212
4093
11317
7383143
13654307
5262553
13296
906
14764
10808113
14829165
2866105
4461
21765
12682182
12664
13702
2219
15989
6364
13640136
12969303
649
12733
1378
3693
13565
2901
3828
13333559
2811
4188
6638
206
6727
19288
11127
16119
9646
648811
8192
6191578
7611
12431
14886056
14688733
6417
3029
13289292
3967
1833
4888
5106
9629477
560
12176341
5805
10489567
1241
6656
3152
5452
6249
14600221
23206
9581
10930964
10750
14940671
19330
3847
10269
1148
21163
16276
5411
1752
20873
4544
3406242
10136
8996
8967
20302
9265938
14455162
13841334
3179
7021
10173928
25943
3341
4343442
12731
6312
8936
1623
433
5219
34884
3941875
14849912
4380
10479
3265
5623
1790
9645820
3563
4303
12948
16315
4937
10856243
10474
7296
17267
4182
13909243
15241
12256
10721
11642
9004
25740
1791
20787
7276
13695726
13057
2556
1064
9216
4528
13551
12828
11820
4960
8408006
12753
1178
5825
5400
5207
3304
7172760
11276
18861
12449
23498
3420471
5358943
1275
11934389
14678766
6234
12167
14087351
9670
2015
568615
487629
11695031
14915152
5750
12444
896
3422
12267545
1174
12962334
13613097
3308124
8797
6185063
8521134
8483
8764
14564
9686
1504
6007857
14730747
6596799
23586
12365
12124
12649
15598
24582
832
114321
9366
4289
2702
20536
14122052
8241
1485
3856581
2464
8676011
13351
403
1091
3421
5022
11629251
17004
16442
5278
9
2741
9742
17195
1034
11926
905136
22962
3731
14194384
3137646
289958
18624
10813
1233
11976876
18697
10591
1297
17623
10814
1814134
8781110
17444
6374
7611243
18071
3588
14907052
2498
8376898
10695
6970509
18460
14234412
1011
19605
10923
5027
14923743
6330
8217
10337
12868
8285
9856
13996
8596
12852
13108485
252
18846
22109
14884
13585126
3201433
3177
9881
8909
8287
3028
4132
14150835
5307
5586
1708
1482
12025
4348
10597
17982
3504
13555287
2259
14734186
10433
14838227
14136
7631
12475123
10511337
624
3856
11755991
9824257
6601
17577
6013
4141465
1532972
2692
10814
24055
9542707
860524
6372
6212
6816
13742
19770
62
960
2013
6494
14508761
11485217
6130
17991
7997057
15521
14966319
26869
8733
10819694
646992
14903723
8034
2590900
132
14868608
12240115
13199944
11510169
18731
5685
16881
15201
7070
83
11455
14848255
6215
13992
15720
2135
2107
7112
9613
6363
11696227
10933
19972
5189913
1100
13513
13464036
2718
14336669
14263
4040
3207
371
6929
21171
10000
12694
5719700
13330263
2399
23669
3748
2549
12645839
1911
8855482
12747067
10799
13966
4761
5094388
10003
2905769
9240872
12324928
15112
19719
6128
205
12885
18971
12368
16196
11300280
15587
3247
18588
16809
14846
2817
5168
2571927
15257
17823
12167
13600479
955678
14953061
14885629
16282
337
23869
2055
7152555
21484
13301
1311231
9031
9694
11123947
11389784
13812074
12948
14521519
12313257
24266
18157
2441
2957362
11877852
15733
1650
13101
456
4881953
953213
4655
9904
5882450
13264089
8237
9390
1745
12459194
9173
3252130
6542059
9297
11642
14757235
15709
2993
12528231
12932
5833
15722
4257
5411
7204
24421
11611
9454
20201
8249
23173
4010
11688
2349186
10496
19282
8167
7258
12025
14979355
12533
2901
18461
2606
9851364
17145
12049
11022042
7561
14922
12788
2300
71
16512
3978459
2748
3855
7957
2873
3530
12639
10244
10687
1608502
296703
10050240
14578892
5468281
498025
6213
7730
5442357
22202
13980851
8753
17172
3030
18170
8816479
19
1660781
2725
3226767
5498258
2456
17
8499
8654
15063
22903
8461001
1493
7129
4062
22797
13719961
14963578
1469
12148699
8747
12217
9980
8027
4698
20259
2434
8719
5674
1111864
6010
6887
3128103
7095274
3052
8339039
8790
583799
10941
14867070
12013
14213
6460
10270832
1076
17749
10544989
1053
20117
14749196
850716
11405
12768473
11234
2326
3736
2588
3795
4741
14683048
12109001
21733
7261171
14117
5394657
10811723
13069
3591
14937983
20227
861170
14585
18034
24832
12093
14332168
14673638
6957
4443422
22473
862
7809
4073
13334
2553
13222969
7855242
2305339
11154
5086
9919
380
11823
3068
11891
18194
14135833
14960979
1914
13761861
3154490
1764
411
17935
960
5287165
10872
14906417
6130
12632
11448789
1467
62
22336
12760505
15050
13891648
1555
3625
7723
6078
3632
4934
5861
11407427
5175184
12498
14664
8526803
15560
2681
12892
3819
3719
1348
8178
14887
22172
6638
9586
12113
7716
12123608
12417462
1951
15387
5675
1621
3047
8753
10622
3201
14142105
14116
9235
1352
20275
14895786
1739
11988
14628121
22277
23310
12575798
2577
12058
13179
24672
5186
1462
3232
4645
12030
1529006
14851447
17469
1043
1773
3230010
13634215
3212
8430
3312158
18570
14550103
12237798
18979
6745084
4085
8316
8031
6560
1263
10390
9706
1022
12
10493
12488604
11305596
5555054
7254
13325274
12692814
15884
13584
8774889
2597
15796
2263
3405233
1016
6000
13239
5272
1724
6532
3851
2440
4524
15136
1477512
3703612
11167
2063
11632
23642
12471
10187622
22051
13473863
2967
8471
6528
14260
9085
14186
3712
1191140
6655
14380353
8030
12722
937435
2349
5919
1629
411567
14469
11460070
13585796
14025
11514
1192
21592
8235
171484
13998499
8871805
3184893
385
11660
69
1152
5585
20529
3606
688
485
22547
9563
9526
21092
12147573
14811437
6904
7429929
73
3142
11050
14105237
1708
23053
3666
1853
18061
12612
4163
3985
433
14237157
11936729
1318
9784
8681
3174
10944
12832949
9139
20274
11486
13736
5755
13608871
13962595
4634
7902
13895
7200
6602
2221
12885
1639
9338
2842
11097604
4778
15295
8084538
5354
2452955
19244
10612
3877
12612779
13444990
5552897
24
227
362862
1932
9948
2178
14972105
22426
2881
14546123
11940
7837
1707
11651648
16411
10428568
10445
3258
8351432
14981
2284053
3651
5637383
20905
14565
11011
4516
1816
6424574
7219
10409
19266
20589
18118
4976
4334149
14568176
14119507
20008
665985
18663
21352
13067846
10699416
2760
12953
1115
16161
6256
3445
1111
9524
645
14600
19658
3699
16348
11436
17736
9869236
14506
10905
564
20235
10049463
2872
6252
2581
12613
19913
13401876
11606511
21376
13592414
14380805
10230
9661445
11285
8077152
16734
13794835
9900522
10826
15400
4075028
20983
4728
96
8643145
11704
20630
12781
4376
3918918
8582
13831
9721
13696064
14957436
7799
2252829
13678
7705
14547
4621
10527
786
12220
13177
23292
10636
5377
3159860
17839
4902656
4002
15518
6161
58
13441014
5886
806
10054
7766540
4230
14298
18049
2418
7902
2984121
8821
20795
16978
18878
1981
295678
9667102
10321
14357
4763
2307410
15951
1582350
3784
12372
11968811
6586
1239352
18823
8536411
19587
15572
19307
3428
11747719
14949991
353
13245136
17219
9674
18545
1202
9425
7482
18689
13898
5463668
2490253
14784153
8034779
2807196
8180
14309871
6793801
3527
589
10663
10006
12720
2912
11008
10182
25416
14220
10147
6946
4817
6127
5224
6166109
14295456
10409
12059133
5908
9808567
7873944
13926
2980
10997
5072
6232950
10641004
7489
10579
1858738
7732
24841
2246
3714381
19272
5638985
14882570
6641
4257
14703
23475
10464
7088
10839
14678827
2781
8302873
7934
11862018
11357
9850652
12704514
15594
3295
2222
9913
806
8124
6316
1645
8266
3546
7990847
5874
253
14723
22105
133
14151467
946
14335410
5217
6774
10772
12852437
16360
16668
9025479
5561
4087
10589125
10858568
10892
11842559
11931
21354
14936
12429248
3806578
5370
14660829
775
3042
9344
1737013
9061175
12778695
13746791
6944
6815
8074
19227
14719248
946
11012
1913
4811908
1100693
2331
565
15645
10554903
11998
19548
17271
12482
14888153
4360
5554
6136127
2176
21574
1101
23916
6031
6653
7726
11340938
14707334
12448645
5082624
4582
14241
174
18126
19335
6413
10674
14793215
6520
11047765
5049
8486
9504
2896287
15119
17237
4148
8364
13129
14860323
9264
16254
17016
13450
16706
1281
4170
9987
527747
23940
20732
10806
8951
12030670
12820935
8059
23845
14949760
614
1450
12051
5621
8049
12668
11893183
20306
6620207
9572456
11067931
14753111
3453
6500
10164476
8853
14204312
3865
10237610
12425
1387
8895
10345443
1721
24525
3505
7634
10206
14985677
10989
16568
23290
7081
822393
16714
2407
12219
2843
6853
4739417
4829
11083
22655
14542370
9646
17340
2874825
4038
13325446
9978863
24593
17911
16291
3737984
4715
14146102
21555
843
11069
16253
13963
6794
9196
18729
3704
8174
14623
839
18488
5018
19431
2356
21003
13709
11232
4481
14911
2666
3069
2543
20292
4024
12788
3960
2085
12800
2771
436
5057
10344
9143
8082
17802
13210601
11254
14897041
3119
4920
114
8485456
3834
6397
4935490
1325
2527
12401126
8031
7279
19398
20887
10378582
15239
18247
3767
6383
8963
9152
1666
3449
10654582
1555
14721231
14235097
1890
862334
8773
3117784
3945
6981
3094473
612
13677
3799
2650355
11408
11039080
111
14735848
9985
14566417
12471
3902
12914733
5637
960488
3627
10321
24458
9686
6036
14856219
9279336
11393028
8280
6311080
1518
663
14435
15043
14731818
6027144
5537
7241
1535
4002
10893810
1619
9775
6126
14152
12231
9321
4719
13987720
7794921
14502508
18320
4334
8535
14310
3478
3390
10887
8041
12532839
14397458
11079
10803
7987835
20822
857
8805
14949073
12189
5865257
14348
4971
13573814
6254110
10553
7267
25872
1363
20182
1188
14443237
14976060
2477
7270
4723
3297
14416
12402021
3144625
11479
15856
4923
4120
12066
820
13269463
17440
17556
13332472
2364
2397
8742910
6803
13859766
3550
2230
3230
2692
13196049
4283
13520916
7936125
2107
14828
17626
11823
9717245
12621
3917
7069
848
6551306
13090
14907687
3266
19741
13100578
9849
14271
10594016
4703476
4067
12815462
10760
876
14960920
18655
18276
515206
13212
15587
14105
14412583
4682
15732
445
4887
7190
14964551
1023205
12309
14424498
1466
11101986
4305
3883
13374852
2309
3943
12303
14201
7692
11546
20085
8623505
4377
14080509
15176
7144937
13113
12410
14049874
14614035
1480
3847540
17482
6542
15473
4834
11406674
10936
206
1696245
20056
3662357
5031
12769691
2525988
14968577
23169
7637085
4571
14900970
9579
14674027
2878
4093
1581
1270
9167
3236
3024448
13104966
10158439
13442346
1107
5256
12347
13257
13927
18365
10436
13190
23011
76
23560
11883960
12971
2086
540
15480
12198
23933
6867
16996
10911
6928
3450
16689
1747
13724035
13516
4967
1354415
2496
15854
16729
9287
1138
2354
6543
12967057
8217742
7471
14710266
14374
9077389
4666
14900727
5215435
14953490
464
14646
5011
7125
15634
14353747
10463
11241060
7732235
10184500
2013
21652
498
9197
2268
4077
1988929
7623240
4908122
2565820
6877269
16527
2845
14752277
20902
14832667
25014
8036
12920048
9396524
16640
12301
5997
10871761
19752
19314
9247
7007
10533
12694878
439
6840
14905288
11224
3840
13608467
11247
4211
2290
10814758
14628
5898
5683
58
23293
5717
8406
8913
3283500
8875
16875
896
5899
12104
12814772
16468
13623639
8878
442
4354
402369
9490433
17699
269
6901932
1469
18081
12081
14957540
14933
8105
6080397
4388
1136135
769
6033
14304
1052
8518
555
2796
1774
16833
17820
23631
10654861
14976816
4729
18279
4364848
11072
9782
9022900
7240
10011
13700129
10818123
5777070
14316
1034439
1866
4986798
13735684
3024
8225535
7577
2124711
7604680
14926519
624
5799
874293
7322
8739548
10291456
11551
26673
14138983
18551
3849
9712
14314805
5688
6852
12176751
10848
16543
23511
1401404
503
541
520
8888
14808
4997
6933
8008
14894466
7126
14019
2900
2648
6151
14822988
13313
11874
1936
19955
11636
14172231
14596293
979
5712416
13674
14133448
3869
25588
20077
14766112
3660
14298
16973
14560469
319
12405
1565
10756608
6525282
10833
5947
13973893
7788
17050
4410
1572960
6056
6731
3989
10318
11417
5515
13530
12646653
1549944
2179
12687837
18538
25808
2035649
7973
434
17101
3605722
14608068
5967745
14931830
10991
11115
13444
256
14875778
9806
13803647
12905
1657
310
14973
6529
7800
3523
14955660
4142
14460941
6974
9732077
8915121
11201
825022
11046
10071
13266337
3407
11142
6231
9716
5070919
45259
14916118
9740171
6894
6855
10335252
19989
3057
266643
6706847
12167
14004
2475
6962
3768421
8628795
13685
6307
14597704
14086306
5556
3061
14753
4170
8114
6069
2853
5358
8547818
21012
6637
16339
10105
4467
2586
7658
16319
5611
1472
7924
7581
7328
402
1628878
20683
13498663
23430
9739137
10065958
10248
601297
10892
2435
1004
7706351
14866709
7963
3265966
14023
10101
4998
4380961
13185704
3153059
25375
9346
203
11915
13770175
23891
8473406
955
10780101
608
17819
7630
2340
3124
10506355
8902897
4779648
7938
10203
10813959
6507
10798
3765
13849
9706
1517
14005860
20114
8115
5508459
5248
3540
3050
92
2105
8044322
14954760
8592857
21556
21689
7045027
607487
17568
2103
7453
500903
1032473
11192
12961900
369
6919
6080
16646
13547754
14059
6505
10330
1482
10002
2044
3467493
9459
8502
21605
8549
9184
10813942
15549
17435
7213
4639369
1690
17516
4695
18338
14988705
3695690
334149
167
1465890
321144
18356
13201
674
10068
624
13749443
14086
7882
1176686
13259078
5579
14541203
3916
14884085
9752
13539966
4654
12823193
7703125
16339
23096
15975
1712
10786
1362
14515474
8241942
22327
6347
11046
21652
14275
1173
15084
12829433
3245
660488
9108
6674830
13951
9218
14233701
2302
1814
6019
14545465
14722777
4876
19346
8977
12929
8793
13776
4190004
7309
13120
5214
613
1006
13085158
2238
11401
6266
11611877
6842
3579
8729727
13304
479
11196
12046
9672
128076
13224447
14922105
11037
8897822
3838
11284
6460
12025
339
7847
17579
6045
2677
4681429
14956836
1608
17047
20713
8955258
8763
7118
6784
7669
9885
7472329
14230
22641
11534246
12134
14292005
3166
395
13699
7277
6577
3523
6340717
14679068
558
9111
14957558
5928
56
8350
18516
12422507
19001
8023773
5436449
2602
13608593
1092
4085
129
9284423
14835657
19337
10426
16503
12923700
4205
13840469
10950556
1828668
6189610
4874
5168
7125
7439
7501789
7747
17465
8679159
630626
21324
3629
2366
19134
13073
23698
3457
1830004
12283
12842
24577
6525
1119
3750723
9234
1055
10328
14173529
2097
8684
18196
408
7257
8128
17794
11559
7255
5933689
10012805
13296
1255
952935
5771461
21441
3916
24149
5126
6711
12382933
5113
18854
14622022
7444
13429
3158
8255
6133475
9272601
4532393
6459
3731
8164
23208
14609695
11274
3309
7868
5079
14167
574938
15475
3141
10693
13292082
14787158
3872
12668
15520
1033
4144
16478
6330644
7870
5026
4162
8295
15495
10234
5891
18746
6924
8022
594
406
5938
12211466
3011
14979
2891858
16443
11175687
148
9994745
1181
4400823
8377
8850100
7751458
14181447
24359
7653796
131
22714
22181
8748
11578883
8846
14252556
7477
7740
9572703
896
6947160
11590526
4567
2224
1912
10284948
11253
10357196
3033
18517
13996514
5898
2392
12690225
22754
6145
18026
7363
22972
11034
17107
10530
9008
3356
9818
5227
11137077
10044
9037
3623
12577611
14640172
6006
8108
14838333
19887
4312
10201025
2608
9009
4709698
9082
5116
2302
52
7583
2821095
14132437
11982184
14847
9951
14923749
924
19995
750
11800539
8658
14973113
18557
8163
803789
11805
10839
17288
11192290
3549905
5941858
12178878
10022038
18139
14767315
8817
1241
3928
7796467
13552565
13073
10175
14603
10403
2065
1694553
8091
2534
11952
12136
525
10074
14140
11580723
11808
23046
13479414
15706
4229641
8916
5530187
5846
7735
9761540
3810339
262608
5678
4683
16934
10114035
1771395
22408
10688
1780
519225
10799996
3480
10743921
6279
16270
14195427
3595
4399
5856
19866
12266
10531
14381
6697
12703479
8201
15866
392
3720
13024500
4878
868515
9901
14891531
7746
19283
8918
11464
14865
12486
15423
576
13651
19693
6912
10885
8941767
2174
10822223
5797160
14824638
13451190
12804
21573
5290
6902
12935
4744
17403
3092
3284
12284
22776
11318
1120434
10182019
50
5181
14974
5510
10784
2460
18590
18367
12465808
7950
15598
16547
3876
15872
18255
17543
832695
6116873
4287969
3615664
9353
8812
14862443
14139
7210
6756906
14824683
14689405
14961045
35073
3973
10240
9351
104
1498
367
11288984
10181
11538
4993
2522
8966
2460926
23
19642
1633632
9200
15196
19175
7267
8672617
564
5311
22265
13988
11082279
13170
8658
2469
143553
1279
14884864
9393
4022
7232
2968
24130
15
2359
11713
6808486
6268
11029
8266
5416
5547
5030
8898
2198318
4068930
4787
15501
13560
19713
8397745
17486
8472
11813006
11554
21682
11549
9449
2331
2295
813096
8166
1955
22957
7502
1516
14790491
20497
570
12238
8973
65
10138398
10525
16191
11015
8754
11773
11249875
14290418
7905
5040
24121
2459
5275536
10268
410098
2689
5451
3289
14973588
12305
12012527
20884
14940349
5731
12849
10029
7988262
6095
12060692
12527832
3976
6037
13504871
7318
15087
3895
14895
15305
8600389
4169
3645
17600
14963496
1619
6978211
4967
4568
6557
7380
9741
14468
3993
3279
13944973
8652
2041255
5192
1330
10191
7770
15437
1063
13988
330
12434
4715
10020864
14797066
3903228
8021451
1163
10057307
3818622
12552852
7111612
15122
15377
14929833
3079
14651175
18493
5266
465
8333
1544514
4962893
13447027
14328178
1142235
6103
7775
881
4208
458
115
3751
3319773
14954955
7021
12450
13306392
4776
2243262
1776526
343
9245448
12823
9310
12217273
7707339
2554
12359
13329
6792409
10968
23535
506
5475002
10444
8395
14035926
11642674
14065
5260
1662
24182
7911
8291
4459
5510
2546
25258
20146
13183522
3867
9369
13093174
16056
3734
12041
2694198
12503727
3382917
5054
1775
320595
17051
15037
4816
6957
1565
73
13677
1255092
2375
9224
7543
11076762
7426
3309
6363
4190524
13178296
21700
2471
8925
23740
6797
5700
11035535
14738123
548315
12027
9200017
3463
16142
22586
11254
191661
18953
7266164
13487703
5473
1364
11583383
3389
4099
13993814
10280698
16389
7614
21183
14403843
5914
14510
3571
3312
13722
10837
5187
12080180
14046581
3347854
902132
10894
19795
3805928
10923
11472708
4347
1456
10485928
7165
14801367
3139
18668
249
13775
3651
3991498
14720886
14153742
8225
23143
573
5789
5861
14644376
7085827
5758564
13642
6148
11004
333
14461
8233
14122484
4966545
5249
1587379
14766
14933934
18364
6731
14131049
8561328
4216
8316641
7771270
6853
14876060
15927
7651
12748954
17625
4779
2456
11727640
8597936
3706
3968
14921376
8291039
14968881
1685
7445
6933
1671111
14278879
2004
12868079
9932
2009
14531928
10337782
3128
2725790
19606
12237
4158
8529225
11492
2293270
9458
13757905
541
9963896
16622
3624
25845
14770272
10735
9248139
17986
6881
17825
17818
18499
11177
164
11997297
10150364
5863
5810
6068
21491
17246
13096
7555
696956
16198
1283
10633
2600
14680406
23299
11489666
8191
281329
9729700
13137619
12808
233
12089515
360
3473
13819941
22791
3310
14949284
2287670
10573
21896
12308148
14680660
12258
17907
13228
11907
21381
20391
12344
12870
17203
4213
6648
1655
1376
8850
22486
14667433
758
4838
16377
17931
14854179
12720187
13207577
9206
3842500
4095
14918
4800
20958
14966763
9401
14439681
14835367
9192
1517
5195502
6580
14729675
9285
3223
12327
5995
13826965
14672
3346
1015
20888
3654
14969033
21781
14278
7685209
16790
13099101
13245919
1672
9505884
7527
6386
1860
13553278
2031
11786
14443
10700950
11321726
1584
6910
7038
11149
9680
3286
2036
8854
14417544
2478
792
442
11451
14598
7230069
6266
17009
8961
20408
7875
12622824
205
11901
9153
7356
6720
11101424
393
923
4619
10145
3347
1746807
9476001
699469
4582
268270
8326
11187989
377
2908
10386
1247208
4228
14281987
6882
14558460
496
2297
13101
7696
14786961
12056
772
14111
3471
11939
710
14980806
952
6554375
23647
13724
9730
14634064
8605
1849
6296
2728
12907880
5761
8848
784392
14600
10724
3329787
15214
15981
13889345
10662057
13406
5919
4585
14732
15944
4384
10072791
4690
14247
7345
20286
3964
14830696
12961
8943362
3876038
1360
5680
7068682
5354
3503803
16372
15092
11798222
2142
5608
16100
1861
4070
2388999
3501
19487
4707
16428
4821
5138
16040
14423466
2952
13432
24378
4898
2061
14812925
14890253
6915798
11094
18504
6722
10355158
928
12756728
2991324
4154
9946
8851770
6094
18010
14553843
7771762
6305
11952547
9776
10737280
8773
7762
10195
2815
970661
5384
456
11971780
4493093
8717855
14825778
14400
5609206
11595
13248
1671
6866
777
12791
1803
3375
18945
16691
21993
13920
2385
749
6572371
19615
14860528
1477
379
13975578
1146202
10269
10824
11151
7661819
17928
24409
14176
16143
14410250
2493
7687
1399
9863
16738
1146
7540387
13784433
295
15799
12899307
3843
2727
13528
4046
9205
12149
8928
15628
14170081
472
1682
16536
10762
2848
10278
5251
6944
1042
14777713
14839712
809
3243037
15865
6679914
11265
16638
8481
6484
8685797
13187
7743
13921
7485
22699
3983
2767
6745
17360
503704
11728
7921
8707454
12942864
10527355
9539
5586
19017
14002282
3128
6811621
10169256
338
13678
761
4545400
14756390
7380
6480
7133
7650
22134
14063354
12369
13906465
13199574
3326
4975
7762136
1197228
23003
4651
11210
17002
10486
12865345
1522
10844269
12779
7497
6034
3006
16253
5367559
14075
10284
22347
8363
1319
1268
5292
5334546
1428412
12283235
4794
13201095
725
4601394
7322
19251
8801
12058
1903
309413
327
14887241
14793879
4208028
4166
13036
8530
22572
12813173
2151025
22414
11324345
8364591
11024
16929
14719146
14970688
9246041
10224
363690
12599
14855881
15766
10544411
14343
4780
14123
5233
8434
10453
14803477
10373594
1530
10627
10047
2411
2466
11429
2206
7777
9782
17716
4899
2088
16475
2532
11038347
1969
1921
7962
130
11615
7327768
12533
3741
16117
5732
313352
15792
7933492
14976279
10045
3671
11217961
13137
7871
14963301
2575358
10559
14561
14743270
14830058
14412186
1002
8659399
9699
2542
3
12156287
6531
14476
801
1447
23594
12090
5704
15156
8282
11570159
9677
9559260
2754
1889
7343
6742
115826
9651
6193
9224625
12859
6627
5514
14654314
3222
6437331
14866
3092
6905
14950127
4019
4063
11760142
17735
11271481
2178
3501
6830
3079
14270118
15301
1531
14911377
14788251
2519
19522
5654
18668
12835273
19441
14958375
6499
13724672
14968225
3008464
14348152
7189
2639889
2490
10462
7756
14869084
5065
10114641
6130173
12275
13846
10769
5087
21545
2868
9038
3174
4800
3935040
8959
1016240
14949
1916
14102
4526
22840
15023
2389
15255
1929
12835
15960
7063
1594
11895
9502
17751
10073
534942
3059
9849
13945
18687
2901
8278888
2745
3277
17307
2184
14881709
14497
9049
7382
11712026
11411949
20694
7186
8616405
14943915
3536914
1918090
14230
14121746
18113
16924
11718053
12164442
7729
9001
2853
22594
14954920
11163
2010
7742
12979
6490
6147
9494126
701
13528092
391
12471678
2907
706
4549
12396
12333
8655
2740
2569
23843
10498168
6691
7114210
12244
18083
6249
14027
16378
16191
5367
5312
11701
3323
6755480
17606
4349
5470
2825
1211
8628
8362
146
6248
14073820
12875
658
2079
14617
7921
3912304
11883
3592170
14730873
8546
19592
14792721
8148
8224
6048
24426
904
2614
5487
2088228
21399
18223
923
1783547
952
3384
7488661
7810
10244
3128
14055239
3619
5231
14703184
12603893
14098
11692
2364
528
6118
12303
1761
13111467
8188
11715420
2934
5867
6999
16565
8539
4041
4831
2161
4897
13245
2478815
2229
8636
8053
801
1998
12886317
3899
6225
4658
1180
1322
24242
13053
9172022
7720633
4041
3873
1000
7399702
9489
11852
2596
10600
4815
12834320
134
4944
9595
19323
6676
11819
6489086
1197
14040002
15315
14367742
1766
5096910
10833
2800093
5265
13273
22445
1700
18457
23191
5874
13776866
13584
18100
3622
1744
12066
9006691
1751
6961
438
3180
10607135
16956
7975
4459
19432
15162
14970064
915
16727
10573872
2843
12085
7208
3212
1166
16240
5247
26636
5298100
12237
9517579
382
19163
288576
2847
633555
7051
17200
5690
20387
917993
19628
6630
17002
5739
7348285
6674
3
1406
8398110
4075
14141962
9502118
14948765
8918
18282
13531
2268714
4496686
14713
13236567
7844
4962
915
6215049
11773425
1087874
9138
8208
12591
2595964
5240
14915
6610536
3828
12762374
24121
8841
21830
748
13563
8831
7404121
717403
9705116
12428
12734
9064
14744309
11892
3292
8988
14790
13973855
4420
10823260
5624
7093
2736925
11798753
17749
6967865
6443
6435419
11486
5689
13523819
5884
16062
24144
3353
9835605
13723934
14015188
1371
11276517
309
8917
13020
22928
49
11678
2830
319
1456985
5521
17639
1040
14998
8301
8363
14541980
5301
3874
2544
4966691
14956297
13361
1643
3444
14199
22471
6105
7199
2562
1662
7735
2912
244
14900789
1659
4721894
14250971
14784
11245
9034840
13677
2511
4389
15743
13484
14423629
5405
1391
10835154
7027
11457
4207111
12734
5559049
7893
14166487
755
11957
7445
2977699
12659
8989
4995
2606
2003
9396915
7550208
7590
1107
14496
10360
14160
14848464
4306
14946
14528201
14818589
18595
9350
13140
5485
991
6815
5321114
3585
14900518
7955
3185
6193
10881
9315
4178
10120
13405416
5838
13797
6855789
11295792
17535
12338
14737693
5
11965919
5687
23977
12168
8753
580
3392
10432507
9399444
585496
10046
18588
4983
13849
6294885
3130
14303211
13120
4560
1244
6119192
18469
6983300
1923
3415
14023
3812
6660
3417266
9477
1441
16624
6295
2000
16213
14913795
8820
17039
5017
11865868
3661475
9433
10776
9480
15236
14453
7887
13243
3322
805701
3214503
12635
5993
9355683
9319
15801
11804
19412
2399418
12720
16309
17340
9861
21411
223915
11240399
2319
15802
2236274
12704404
5046
14462
21543
9319
21097
15301
8329
21416
16866
12120
11075
14626
12651277
257
14127245
17198
7597516
14944870
12258
13324
13312
17213
9954
9137408
6652
3247
7359864
12042287
2182
9642295
10831713
11239347
9693
1030
7226
13354540
6839
14962886
14596671
12491
22546
6547
5187498
6353
6857
8059288
5493572
10178
8649
8436
24502
20883
18350
6208
19994
11496
11557
8195471
16725
9499672
14664
5090545
17013
6081
5816
8132
4922
33
13312
8335
9777858
6971
13732
8844
5469
17452
11006472
19896
13739399
758
2437
20488
7203
1541
2264
21792
14240
17481
6946
10294
14455219
19729
13142
11862164
3325
10140192
8301
14032037
14728032
14708230
20663
13157
12826
6324
456
9660645
21293
12421236
9214378
9940525
1034787
7159
12324247
11675818
7270
9529740
12015731
1125
11955
6582
7940261
10419
12164997
4070593
9049
21519
16542
7806
11617258
20242
3585
6319
3472
8765
1313
3648937
5500647
4655
14378
23774
13462082
7617046
3585880
2883470
2031
525576
6678
155
14242
14095
9250327
12148619
13088143
2475
1960737
15566
21444
11236
143
13148596
2242
15268
8437613
20118
12242
17161
12442
11270
7183
8452
685
11075
5745
7944765
5826
5340
12059
7847
3636
14216675
18624
485
22146
1363
18881
6685
12709518
12198
10593724
17171
13212758
12115467
3207264
3323
14460
2353
8432
5274
3134189
989
14959435
7180849
14444298
9275
1601547
1822
513
12990
13291
834
6151897
4864849
2144
5489
8392
17469
8722
22263
13336
4355
5522769
14180
17741
12970655
5792
13277363
12572
13472115
6353492
12303425
645674
4394
14704
19811
3120
14759660
2439
14168997
6284
15084
11471118
14052
11190922
11705
3079
3433
1665
12801644
4166
1395
11503
6584
9871
5246
1315
6910336
15108
14890589
11946
23995
2183
16012
6793
19222
373
11325519
18401
6636
2011
14899801
16541
3173
19854
2881
9435721
8728391
17171
2139
14422
14837266
6108
427
1608
11901
13616
9533
7889211
20557
18806
18333
13897074
13715710
5310
13020
14790855
14918233
3677
6183
3429702
14963427
9548429
12362
10526452
1577
11591333
4208475
11226516
26734
16039
17848
2880189
1755
20439
7501
7923
7793000
11737643
17761
13975
11820
10808603
5639
14932927
8977
20977
22512
13430
17359
2266
6705923
15159
14866
13933254
2728677
239724
1847
17529
10809956
20011
8845216
12448177
6576
12552508
6946
12495
399
12741220
5028
19144
23128
5220
10795
12275814
459
288
22005
2337
12076
5408
3857
11564
18842
2047
8914
21143
5095670
6246641
4466
11655
7497
2604
432021
6016646
3263
1824
1701
14425853
10723
21978
11928
6957033
18603
17195
13062163
6644
8933261
18981
303
847
7684856
13229005
18299
14439
11190
6760
12361
579
7677
13879
6965
4705127
12288
25326
455
5716
16754
8922
654
21
10839585
10982
4407562
10458939
12612252
11966
23348
10235
4900003
3209679
6724
2425
14900591
1904
1136
13476526
7316129
9982896
11287745
5201
386
6878
7892154
14820805
10502
10826649
2093
7645
9731225
14298616
13879611
8295
11524
14985275
12352
14941184
374419
12318
10483830
8253
15204
147
15201
7010
23001
7637
25840
720
10081
4281
14776893
2071503
3590971
8907
2481539
2369816
830
10653390
11330
9736955
2147
14371511
6606
7550
13850595
2061180
5364
9006209
450
14717623
23402
13931
7470990
9354
8489
8766
21126
18933
2042
2669
7293487
5500561
1579
18391
13062
14965305
2711306
6177
2389796
1222
9085
16997
13666592
3957
5669
12843062
10750
4925
13899444
6423
11136
14412991
9323728
11027
849
2520315
2715
15846
12827
10295
3217
632
1576227
6811210
8205
10383
10513
8868376
9931
14835
12174
16786
13924
9587209
10576987
1336
5920
7445596
12011831
2158137
8479
17316
11395846
14209783
13389393
25679
17534
3249
18761
7722020
2451
9389
4530
9578355
21884
14961918
4269
7945
14699734
9102
1746
16096
4511
8396
13450
7151967
14503925
3951
154875
9616
10998
5113
18069
11704333
1269
929
13248639
3469
17138
24289
7041
10468
9604028
13925
1344571
3733
14141710
138
19128
1666620
18505
14268844
7737
10580
15604
7026
8630
2598
4293
5401
2104
25598
18010
10709298
11020
2014
294
22272
10583
1626
10393
3437769
14070812
8759
3441789
8297
6549
8243
12052189
6122
13011
14951111
20908
1168
5098
9112
23924
10886
2019
14980936
4521
716
9505186
22311
13869
9795029
11197139
23905
14956254
1489
16847
11875
3639922
13408579
14849658
1974
2393
510245
14486703
4316
5625484
2021
5904
9526247
11725
8957
14260147
14040251
9697786
18182
3507
5190
8367
3489724
14666197
7404
13979238
11777463
10361
14044
10635
20524
14731729
16783
19099
8676
12272354
8798
12231956
11572694
6051
23144
7087
14917501
22695
7825
6882
18119
5678
1921
8049
5647
8561
7244
7412090
4297
244466
7758
8601564
1605
5224
14763115
14095129
2336991
2020
5853
23310
3671081
13558778
5780
6231
16861
3975
12997180
18734
11484446
751
1320
845
6870
14033765
7159604
6907
3150
3494
5284
16525
2622
8171310
2630038
11374350
14108466
5031
16249
8818002
4472
11276
1358
11843035
16111
145
9539932
9261
13734303
990
11224
4953
5031
5941
14055
5236862
12849
1439
8161389
14717407
13482528
16241
4083
12132
551
10036
2072
17749
16038
9187114
18427
572
5910
14955492
12653758
18602
14399120
7623
3455
13888883
2077413
3893
19875
14894462
8924
2880
13899
12345
10043028
7227
657861
671659
13129
18352
5088187
12815802
7925440
3207
11636998
538
8788648
3714
8920
12077
19483
13727476
4351889
3426
2117
81
11604151
1294455
11367905
10686
8841779
14908564
11658
5307
10825
12775887
14315666
23098
3155
980
10731
13798
19035
2591
2387
9756
11258
13690675
7615
8371
2326
14473
11754790
8641
19828
10920
8436
14839837
9333
9486
7859570
11449
9330
12541
14943593
2531
13768112
21361
14888837
14344
16420
8880
1017
1458
9413
21622
6509
14894526
1910385
4510758
9748
1214963
11074
1507
12513
6981
1650
10945439
14342668
6501
14361362
21113
10359638
1752
6577
16995
9070
6124
13586604
12546836
23391
10519134
9811890
14988723
17805
12507146
3250612
2898901
372171
10435
637
2182
10040930
8876
14045
2528
14426596
1972295
8117561
2334
5079
11795
4983
11060543
14909101
4082
24048
11068
163
1756
15215
14824910
4147497
1368
35
216033
13031071
10159143
12664
6485
1878847
6079
24279
2308
20804
7637793
4282
5507
6951
6740
1202890
15400
42
12673324
2240708
10502
322
3479
14569762
18655
8913405
7728028
561
640
15274
4856
5338826
15207
3344248
1398
5836602
18982
11594615
3653380
9618622
14214046
1070156
7758
6835437
1590
2827
12563
10694
5131
235
8193
4097666
12269
25805
11906527
3642451
14458
7316
2600
8048
3197
6626
5090
1430
14958678
17013
7096
2470
4040
14634091
19871
11488593
13192016
5220846
6037902
9749020
1976
14923607
11268321
11186258
2442
7699
18553
3696
20718
6813
14483631
2109445
14979768
12978
3924
10571
12974014
7140
14963631
5927
6046121
9381
9765
416472
9911139
20891
1279
12618764
14872608
13908672
5225
6627
13712929
11475
4291
6800
1507
8629
7015
22944
1271
7179
2107
8180
11238
8397129
7113
9315
14969093
3868166
1783202
6270
7200047
2291032
7237
21561
16335
22159
1198
9728
4873275
48
4615721
7913677
9573073
9624
24573
64
11777
7415605
5865132
435
7491
8638
618
8635514
3173
4432
3193
6585
10826
3411
100
15741
14521
3659
4992
24342
14313
14512325
4510
10966952
6072
17340
19768
21258
10917
4558
13799201
3791
14945927
12369302
3105
8392
14670791
3966
4852
4152
14963226
14819140
15428
4684
6185
1285
1147
217
3823
1984
19402
14916834
20121
11058
10460
95970
14825
22774
18395
8038
19491
12376634
16
11822736
7563
1958577
6909
4643
1502270
440
10535
13008056
8985
14919386
13010301
5915
10162226
10253
10534
2961
8409
23134
17799
6375720
11615506
7197
8720
10990
6668
1829
12611397
11411111
9006447
221924
4841
12673
266
12008193
14517108
24584
10893
1828
6069
5115
4899
14914256
2566
10121650
10652
712
22153
1704
5931277
7949
17867
4632
4971
7388
8650
3242
14772
9106
1861
22260
562
4920
9078703
11996
3033
3280972
3786040
7922771
816
15608
6584
1087
4440
5537439
6921
14653448
14958603
14030479
13834596
6939
6278
8402227
19400
3370
20550
15888
11956511
4061
18914
17234
4751
11845
2880
14860182
7369
8615
4578
14281
21106
3896
275
13572
4145
13401928
10406855
11322009
2400
8487426
9605
1194
9791
3606
460
5084
12334
7656
6145476
14968991
23705
14422
14957507
21150
522980
10177
13742
7647182
6068261
5884
8743
15883
961
10450043
3272
8374555
9189
11807
24144
1660
7633
11486963
7118
14782231
6993
9632807
9011
654
10344
5855
1839
564
12213907
7448
54
13120187
15374
3199
10966285
9209
4186303
12224
13405
14536232
14380708
9859
7101
8972
8578
14279273
9162946
10967
4498
8635
23866
9907
14869626
2722
18294
6025
2697
18471
14404753
4421070
274482
1760
1928
897
9852
11394
8558
7229340
7688545
90
7520
12884
11809
2732
6860
13878709
1963
24465
1529
14349815
11543
11513
17718
14126476
1717
7818
882190
9859295
10148
11507
16115
4953
14942
17608
7730382
9812077
16643
3134
23409
6717
4974332
12366193
9814
4700
1104
7641
1802
22350
2723
13500
11080125
3330
25303
884
1409
14895906
12645305
6349
14432413
978272
4632
961
14607912
8246
701
11701438
6770
18667
1686
7096
6240385
6750
10403
12386323
2685
2773224
12756
9599196
14633946
11648
2462
9016
12924342
1065
15785
11819
12289838
14680450
2956
8815
6622
5103
14652563
4848
14854349
18769
10784
12566
7643
14904798
448
7189
361
11582
3807
8240
12989312
1232
2132
11579
3742
3955506
14746182
4423
14733648
5086
3474
13855
137621
2612
8268595
14977016
9525
5837
3595
18844
9960
250
8689
1098359
7595
13726283
11928847
4642
10571681
6154
15145
19807
8855
3133494
5853
6001
9242
2067
8637
400
10828
3058
3046
9073019
7812
8404
1226
1992
6961
8177
14917032
10275703
17392
14937216
14924
899
5633
247
1795035
10966094
1524
13049
15166
5748473
24970
5189
12784848
7149863
21680
2964
25501
12095584
13444681
10899
6019199
448
11687800
5801985
12901
13696
13903
132
3761
11928
2656548
17
2449
9275
14300
14754
10382388
5381
13873
3269
4580
4879
14483395
10908
6858
12800476
3938
3543
14330
1505
23127
14759197
4048
10391
3268
6829659
14696047
5781
17625
12675
21454
19317
4813
1730
14292097
10895
13371
17506
11837
4059
3823
12706
19769
17103
21526
11261
5734
13864730
2021815
3919889
4612
9566
20054
77
14967026
11859
11707752
12312
13179
11259
14526
8683345
15382
7381
14554963
5960989
709
130
17379
12818
14121
9460
1946
4579879
6082
1999
9348
6018
12941880
7397026
8427
12587311
5796749
8638
15951
15003
10998987
3961
5260
6018152
10422750
5846
8351653
5945
1672
9802
7998
9085
11490470
3087
137
7278973
2558
13490
19142
14734470
4737
4849
17846
1007
11842
7083
11753
25182
1399
13439749
1728
9556
14216849
4625322
11370
11652469
13757
2050
23064
14331086
3548
2837170
18677
1927
12565
12165134
12920
16504
14633495
1556
2967
1029
8588
17612
10414
2230
5736519
243
6981275
10747
14233063
8066075
12752
6382
6311
5243
2670
1960
6963
12150
7135
3523
11569919
3579
3776
12042063
4767120
4095
747
21295
9990655
10193
6925
10551
7326
22431
11439916
17516
6767115
17604
1683
7076
323
10800
11890050
11867
16409
13893242
108
5523
12588
6514
8130397
6174
10468
17550
8486
527
7448
6504
123604
14738
13313
13324
18984
10652
4614
16599
2070
13877
6213
395
7780605
20571
14576731
28
513
1715500
3477
11889
8990
12793517
1583
6986725
13159
12409171
3583
7003284
14691676
24151
7729240
6936667
17249
4656566
3482762
8869
5658
21454
11579977
14121
10426084
14702747
18544
2780
12594
7907
1498
406351
289
17085
172
13882
3243
14765935
25148
20565
9840
2156
10165
9261
6206
11477572
18106
14873226
5475
3389183
23024
14764166
13493
10244
8182663
13400
6718
10242
23536
9543537
1413982
6418
12567
11737776
11845
2773016
14232495
9672045
10568721
14469438
3868986
14021422
14270
12044934
10369603
10607516
1544
5004
1777
8380
18923
7372
11450
14613736
16555
11271
11355029
12144087
5650259
5635
5062
17031
3745
2511527
9269654
14032910
13936
8240
4810465
13783
1867356
6596
3190
7369629
10161
2728
1952
11711
5325
14962519
606
4835
9255217
13464090
3978
14554
5894
18220
1925
6326
12349760
9752
12528
1609535
5602
8025912
17426
9047
11691086
32
12403
1730591
14220
936
7330
9827
1753
3440436
20437
7416367
10042
13807501
17311
1388
7816
9879699
3512
13212
14850396
22672
10570874
4336
23811
3903
2962
11034347
14735168
12463
1118953
10246
13037205
12902
14587262
13899922
9071
1102735
4507465
12682
2886
18795
290
10565
8258
13312
12973871
10975062
12920704
6132628
13105
13573726
19119
11757974
8584
8629
2019
22651
8004
11165
14695674
1204
5989
3304930
23308
324
12701
14518888
3380400
6805
10216
5609
426132
2739
21951
6078
11736164
2225065
3584
14425
9837363
7881
13357
2112978
8736508
3601
5465
11070021
8416648
2248
3476
18943
5377
19141
15908
7782
18104
21529
3326
4659
7064641
7658
17765
9655
14514
11206
5490
8514
547
5899507
8483
15015
18778
5885
2499
14979083
11829
18414
11775458
14486838
15445
10025
12012
11365
17877
13744185
16159
2201
13940845
230
8495885
2001
7038
13273371
15973
8453458
11462
3121
263
11519323
12479806
7054256
3128
8049
20992
13318428
1438
3593
3120396
1377671
4201
11064
7196
17764
5568
2510
5236
4367
13171
13279707
5844
7646634
7055
24306
22499
21450
11557537
17002
12577375
11155
11433
5678
12913
2312
11948195
12877199
5162
9643313
11125624
7733
2474
18816
13601828
19681
591
13790
6170
6458
5933
5507197
18292
13609189
2017
15963
1206
17035
548
814
14783904
8527
1055
13344353
5514405
11007052
12922122
12009
6722
14482369
16602
8076
19696
18643
2343
12422252
16046
17198
6330
23743
26214
4520
9810
11772844
4301
3528
17295
19248
11666
4431861
14018
14534202
14757
4976
1380
1183
3771270
13310951
13972122
21053
203
16895
2318
4341
7509
14876
20402
5464644
4659093
19878
15365
3939339
14828919
6950518
15338
15650
12566959
4184
7982044
4326
1472
16953
12844083
4260616
11129
13009
415
13122457
9361
13571311
14308041
9726
9248
4189
7623
1505
19506
21338
25903
5417
7681440
1389905
3706
4154201
5026
6543
6300
15811
4833
2358
12675434
14551132
8100
10929176
5627
14062519
19971
2209051
483
10079
6879
14311945
13203872
11582
5635
7154501
12293
11014
4447
6006
2128
6394
3623
5609520
1842
4867
2598
5894
14967093
14440459
3482
10209
14540770
10822639
24292
12583
24142
2356740
16960
3453
14523308
14828217
7850
8655
2615
19736
12755
10224
13424265
9600
2227711
3705
2582
1898
9391
1098119
17117
20965
12206
9856
7343
15653
9530
19290
22
1302
2861
8327
9048813
7975199
10549
2364
12861
9264
14076
14039700
18914
8797175
9063
12915504
4370
17334
9660
12766
15233
3331
11376712
3466
16559
8996
14946765
6143
14890829
5462
23403
6283
4695
2689
14308642
3240404
13668
23340
12448963
9907
14543829
2864
9527
22291
18835
3685
10925757
13833
16863
13932719
8567
14679712
14966492
12091
14564
13532300
13297055
5354
14416
8875365
397
1088
3967
17269
3912716
16618
7434
1944
10768744
14973182
11465
14446191
5034
5639
3013
22673
7203
1886
24331
9576
14315333
9508
13480095
16049
9762821
14022019
2454606
9048
14925482
469050
6687807
6284798
16466
6664510
1265
2475
3964878
6876
18135
20743
6401950
10671849
13726617
13942
4425
8537688
2282
4029956
6329195
9055442
1871
15988
6408
3935
12902
403
14965166
276
6428258
12412
9537
12146548
3654
14484219
7679
8308
9199
5916
17335
2714998
8904
12187
6375
10041
10568935
15287
11820
6614
4410
8355
12905572
9978
1714
14926489
8550
7691623
20339
562
9010574
4276876
3787
3619688
4519
4480
3548815
13844
14753404
11450
2936
15557
8245
4886
14811225
4729
9910
14980611
6258
296807
14946938
8986
7245
9355
10342
103
16866
14579283
444
11550893
14997
18830
4163
13855
14977
12684723
20144
17369
14736
12453833
1535
5904
8289654
434
14859071
14684069
11332
8046
767994
9298
13249
7904
2497
13159
14595415
14130199
478275
10282423
13160
5448
8021
8164
5852760
8026
1164
21592
12129649
16059
12754235
17987
7758
17201
6750
12842058
12332
6634086
3775
19539
18977
23831
18916
1713
9819
6559
10867
14923560
7382
17770
9073
16510
12004
11655271
1642
16631
233
20605
14884267
5727
4468
12907
4364
8129
14955050
5695
14448694
11761951
10781673
12559
18384
16724
8972417
14950426
15683
1335510
1471
15361
6517415
344
9112548
2278453
6854230
10038
5460
19741
1529
13914
9608
8720
14953276
10960
14565
6463
4370
4712857
14894103
15273
5314
17229
4171576
20548
415
14118
13087
10321
13678028
3384
13972
8957
4722419
6802
740149
18517
3866
11479076
14408
23199
4862
14576
7066280
8609
3397
2818373
954318
18997
7087
3084
12319
2546
4299
14655568
9668775
12953087
6958599
12765
963
674
12559270
1036518
20586
21422
14965051
5719311
2657
10256
1013
1279
10108633
7927
2697
17894
2171
3693
546
14694422
11475
7247
6608
852
10865828
3700
14945045
1465
19437
3413
12394
14632758
20937
5463
11647
10835
1619
2313
13986631
4674
20452
6837
2252
18960
5220
9964912
8602311
10633
8934
13885834
2722535
1929
3403563
12015462
16520
1930
2917
12844
9334
18739
1176
9936
13256
12231419
12990
3825885
8371
5422
6512569
4044603
3337
2533919
9930038
14093
1574
878
11942311
8572
9478
7385
5144260
4675
17207
9346
5491167
23
6280
4525
21639
719
19524
14813191
843
14083012
4897
14296483
7710
12793
10229
11582755
20710
8056
1609
6970
4713
7205165
7399
907
7394
12715
16380
10029
3442876
8007737
14830090
2646
7204613
16533
25179
623904
9219
6771
1506
12065
5450
16021
25229
5662
9067157
7676
9355
3261
1728
11606
5293274
23214
4458
3052
13809418
17909
14634937
630
6838976
5759
13539384
2052
10760
758
14933880
1008
3571
7098
7478
20456
6500
10333
6264987
1563
8645
574
8919005
14791
3445800
8228
9893116
3714
14777
9474
12225
12963
14064307
21808
10733901
803
7258
7954651
791105
449
9578056
6301
12536
6522762
3152
3493
10732
1340
6092
5211
21553
10926824
13819552
2258
5313
13239
16139
11225
18288
10748
17450
15554
4078
5555934
10883655
6434
10204520
4267686
1088
1321
5240
9532
11817
12420620
5895
14140
20081
5767
14017504
9736178
7568861
9594629
5182
12752
590407
15350
24628
4241
19741
2267
2424
1001
6716
12295440
4462
2171
16644
3541951
346
4742
15012
5001
2412
1165
5689
10329
13114
6132858
17752
10303
724
13552002
6473
19361
20525
10944570
8340
6031
12357
616
523
4138
1739
6812265
14952925
14474
5573
10165
1288
13186335
5029
60
10242
4583
19512
3433
15423
5502
15200
7686
7679
13996984
9674088
16683
15968
5169
17912
7442
14317480
20731
15067
2663
11618627
14975020
7784
8251
12243
3730
8722
16991
9189582
8899
4781
17759
4827
13566117
12065535
7142
5353
8992
5059
6824
5492
12942
8766
4529525
4699
11955
2652
21511
10758
12089
23925
11767
7287
431
12113
14724858
14076
5638
12686517
4231
6899722
8666756
6849
11291
13779
14229238
17263
2187
3786
9842
14777570
13533654
12121
14402706
19059
4168
14682146
552
8739
18655
14548793
1718
7887670
8377
8205
7652
6045050
13035
639
18407
15813
9430
17553
7315
13603
17104
7421
10511
6113
950
8748
10160791
536
8086
1188
14987485
21422
7173
2817
2673
3629395
14596572
866
6255385
14569903
4265594
14922838
18535
14595
12086
12999
8472405
12383736
5482215
249
658
14650239
14709434
14687098
2018
5785725
8546
1854
1973540
12883
16937
14961702
18188
4448511
6916436
20906
4117
11281
13287049
3193
9712501
12511
14104385
14965200
9675
4150
5085
6718
3825
18197
2540
3333
12776267
7997
8824617
20747
13859
24325
8774
14847
5206
830
1299156
6889
14931474
6422
3207
2873
11093996
24631
9914
3554542
9331
19672
14981074
13803820
11348
7137
16203
9597
5657
9026
8
6998163
10189
381
18467
20555
10424
11341
13692075
14255028
13344041
2820243
269
3491703
6780
14072598
8373
4106902
952678
6021654
3101
6714
7217
6343
1489
8317
11546022
7233
1004
1025214
11183
10392
14686348
13268
1576
1991
3668
8681055
9886
10876
1993
2157
1859
7101
3124
8129
16307
8062
3350
6919
3761
3042
9885
14018093
11899758
247
4489640
10306
2701
12311
3268
4962417
14160
5736
5814
8026
3084
12378529
14381
9274
2345
7083
15269
8091
11299704
15534
22405
3861
15819
5051
9694556
4853834
3624556
15004
23156
12408462
5637
4933
12343
543
193219
5602
19908
18185
6625
8507
18761
235
10187
901
3488489
5867
8091
247192
962
3733
263
5003636
12244302
9045
14978471
1380
10834
17001
12048
4769
1947
7938
7556082
8938
14883
12195
5177
8325368
13478
12372
773
18207
2216
2472720
6635
13960731
7675
12779
4843444
1356
21143
12574
478
750
3978
6732838
2500
11223
8575
18064
8627978
6962
5651751
13835
17532
14926193
8521
14954260
13486191
11845671
14898258
20468
1607
14761685
7688204
14648949
8209
2723
4105
6333
7034
13408036
14424
2304
13184
3695549
13783
13524843
12661492
8350
7767
2398
13000966
6251951
14056521
6132
19203
12406
18060
10214
22354
2949
13441
2265
1285
4786
14207564
23047
11862
224
4756
17887
1282
14676119
7046
3906
17934
14246
4353
6124
4466
23367
13268
17201
1268
17933
5909
1038
3155
11356
3089622
2803
10121
20646
12936
19459
11233
10537
2416450
5346
5561
5525
4406
9339
4057
2344
14382023
14011924
14143643
2115
14931032
6850
23083
2524375
1177688
864428
10024
3622
13755727
22792
18037
13244419
999
9947
15
787
50
2674
2737
1941127
13946
5034
21304
12031
13959787
915
8454
6196
18093
12402327
7876
1269
15854
8500
7378
8463
12827
9828189
14772
14908102
13425382
13821
16279
2410
5265
21861
17954
458
5444993
13078586
8091034
21158
14250070
20330
13322592
11356
2029
12595477
10701613
9122
861
14727933
5773288
13438578
14101070
14074986
11676
5902
4040
5638
3712
23340
3758445
11736332
16078
6000
17866
17722
11775
11213
6548
15647
3049
3148
9465
21229
10609
4436
4405304
902727
11179
14707039
6433
21451
788264
20295
17486
4764
9290802
7555
14815501
8556
16834
12974898
9778649
17369
9865769
15396
1735
9195897
13675
8167
11522
8424308
6384
6599
12147
2981
5528
22262
11314
14386626
1149
837
1709754
7161309
4653
7630
12361666
14554977
14902746
580
13262402
5195
20496
11685
13819273
4799
3267
2150685
12667
1275
14334905
590
2152883
10465
205
15383
3151902
14178251
5081998
14799
14414183
20290
19701
13208
19427
14938101
13891484
14407679
13792
11094
8530
14175
4742
1511
13675
15174
9721
178740
12929
15497
5129
3021
7640
7275
5136
4441
8166
1995087
22496
1094
18061
7524
10597373
13118
2881
2604
1316
9966
17801
341
856
4520429
6648
15668
8553
917884
2770
7884530
21476
14798570
5395240
6310
12724
4048598
13029059
12111450
25228
10828
11131291
14684893
2001
6613
15706
15755
14927049
3872206
14929417
14083
766189
4605
16978
14055538
5995
14487462
23254
11220300
1193
4619
14957127
696
5298
7094692
8736105
667
2987
3619
2076
1087
7767
20233
2930
14929359
10690
8826
14171361
1958
8868
5804
434
11282
13077822
2724899
13378621
16392
14451545
3035
1716
8022
12875
14774606
5690
8002
159
3108
23864
3396
735
3298
9992
766
6038
13410
12980725
22105
3116
18988
7012
12044808
1440
5532
4590
7697
13761
26814
2454
240
11848640
5237
3933
2791
705
7783
8941652
8107
10999
13305520
11836
1625
8273
5253
4287
17902
12849
17286
8468
802
3437
4543
14575
10686087
9659
3783030
22827
7675
4561
10390
11093
20967
6004514
2500900
14909643
7204
4922
2628
19216
6923
11886
19642
1318
4907
14716564
10000
14793
6766
6387666
4764
15040
2194
11656
24644
4721561
21579
3507
14573
1686
10959
9693
7663
442
6024
10328
779
6847
4619
11062
5936
20071
13281
8108186
3461
15963
16321
3607
1091
8293
750
4229
12877752
3919080
14447
10341322
4194
11906066
14194564
25787
1205
15699
15474
1466
13519299
10606
12019
5703
5502295
5913
9870547
974
3653
19378
13527
6490732
1339
15265
490
14355
1980792
14394181
16125
7123
3615728
13760912
13451
8894
4381
10818
12940
14201
7561845
14926651
10506647
2963
1533
3480786
2265
1031
9542511
4893311
10203
11914318
2974
13424818
15896
4520255
5389231
8648
12417281
14217
2631894
8492
8297793
9156556
8547
14167375
170
14854265
11920
12184
4765
13499
13561696
14294485
5327
7506
4712
9299
20266
2073
4864
6775
17860
6658354
3623
9323527
1764
2265
11689
11547
14056363
11292
12357154
4380
5677801
14680
12846172
2124
11012651
2097592
16483
20578
1742
16464
14673
14450199
6588774
526
2841294
16913
14280675
18670
1847
3034
5369871
14862447
11781
9538
20934
2831
1713692
5787
19561
14875723
14320
1043
2472958
14224401
14144910
4035
14768731
19275
19694
3171
14072
583
10141
391
2492
8018
14797609
21507
10893
7967375
9999481
5042
11001761
14772
15621
13713524
21277
483516
12871348
5960
10316603
14326618
27049
8515
14764588
1690
7693
14828242
25414
14985082
6639
79
2974632
12704653
1931298
4066
12527
2669
4728
295
5138
8608
18188
28084
8322
4775
17393
1951
5032770
10598094
4775
5250833
8700
9329
7398
9541898
13952520
4069
5393
365
14771064
6385596
1227654
14361731
13220
1376
14219880
11888
5123224
14269
10615
13433893
18149
12082
10118
5749
1518
590904
2112
7776137
14320757
14390424
11846
2224857
5370777
11788286
7320
6356
3794967
5125
14445412
7336
10286
2855165
14879752
9565783
6658
2946
11933
10617347
5504
14197290
16083
14072
13171233
928
16953
4574
13875965
1155
1545230
9396
2230859
14809012
14980864
24158
7712
17959
6546
7440
4916
9019
12731183
4175
10911
4760382
11481
23281
13720
2559
9316
2793
16025
12203466
392
12743
3370
14358
5681922
12060
3172749
12140
10772
9265
14866
2343
5396440
7743402
5069
19947
13461
7576
5909
16686
19900
10409969
8767
6323
2887
5807513
9318473
8427
4689
4242
5533
13255
14948889
9853868
14949344
1375090
7599
17851
3630
14742682
10974049
1543
23639
12051
16649
4689086
8052994
3017
7310
3220
2942121
14949075
12243401
6941
79
11886
12826
636
1372
3124
17536
6773
4472
20732
13565
5932449
6693758
3770074
1464
21411
1774
6889565
9224
5883753
17616
11476
3733
1530
9576
13764
10964
2161
3194
14562
9008
14292
1021
8797454
12882
14977575
12829
20193
14669059
14884053
14239
4496
12236
11472
5919
12805
8025
414
9987
7149
4286
4312822
17284
1494
11805
10002
9407848
7051
14530
769
7248
1489
1365940
18223
4070
8084
11977366
11699
1815277
18
10420
6525
8742
812
531
701
18387
5190
15924
12898117
2535813
23311
12497463
8619587
13215302
15118
4452
5893
14513
11919
15665
14219158
10535
13091
442
3064
1296
12723419
1095756
2595840
9674128
13923
10773
1649
1325
1577
7062
1400
19341
18009
3768
13817644
7896
10917047
8315
1372284
11134
11473
7964
4794
9036781
5760459
12011346
5063
8934
2329875
12327702
213
985
19337
9938109
8524
18372
8955020
3080
8521
11923
4505
8313943
616
11504
4339683
18332
13302155
2622786
3331935
8577
1427
24781
6538
3732
5303
14026691
80
7008
13540
20497
5151962
3755
6607
11640
8209652
1315
21790
7561
3953
11423894
5807
14592664
13037
13942
8332
17056
12084185
6000269
1608
17575
3210
23716
12737455
5978
256
3078
14767
10435
12023
6752
4672
20667
4554
13938869
1885073
17131
7537
15534
4003088
16584
14615542
9556
4802
2974
13648
4
1761
5765
8869
5837261
16991
1950
8089535
16608
14806278
25102
3439
6542
17638
15294
3327
15493
11087
27
3912
1529
12725305
1330
13536
11959162
428532
765
4619
4410
20097
16708
21319
25109
9112
1666375
14996
14815086
16626
14927676
7914
7307850
8484
13878744
22338
4901
11282
14919259
4297
11466372
10001
23625
2747349
19897
4165
13647
1485605
3812
19938
17703
12823517
17602
751
772
14881200
16177
8475840
789
14171
11567
4495
10462
12063
16215
17348
9595
6160
4544
9218338
14757581
20140
8806341
11398
3583276
7893
9166
667
5185
14839723
15941
8962892
6077
7934636
6736274
5350782
10406329
21612
4816
3822
10557747
9180
8197461
17375
10138
10489618
14904
18288
14955865
7673
14173022
6524
14765504
9871769
5422997
7508
11399359
25491
16489
1699
7418
11491
8185
15228
12969
10665
14217712
14798
2737
3037650
14589766
460
6104
3110746
1703
14314276
5804
3952
6369
15064
23791
4597792
7675
8707
2428
11491586
1913
8401140
9386
5534
2394
4723
7518
3669258
4999236
8294
21857
3102
1078
11842
3947119
6277
3359
5771
7658
7600
12290277
13698
14098
12177423
19364
12676018
11988318
7459
5554
7652487
7587
6769
2406
746
14938778
12727
14844
22573
9197574
14623
16704
3433364
7843
6705
4649
159
15544
18989
4559
7919
8135
5556
2447
4686
13877
8720
16771
4804
11562
6045
14212667
13232064
4561926
7978
23705
13838110
12695522
7016
1390
12855
14983410
5761
7605
128
11696
15584
7830
6610
9692
6257
1242
1229
915
24592
4155653
7382
4062
8623
5765
5285
7739851
7363
2327
1658
5350
14203
6032
20917
15234
11643692
10683063
2900
4215
36426
13070
14390856
2361
6543207
7771936
7083
6932
1614
5440
12467209
4835
12751950
14668970
11201330
13759
1128
12946
10616798
11465
9022
14670331
3002
3962
10075
11986448
8436
1162
1571
14230
6291
8860
12751
4044
6756
6380
1778217
13191571
10031
7521
2451
11719365
3111
8409802
8955
11185
734
14904330
1675519
3010
19341
772527
14963463
10383
5239152
2177919
18057
10702469
10896011
9542
14216904
5630
5860
8235
14266
15123
16003
6668510
15005
2362115
14680674
12992399
8278990
13797
3375
8906657
7717
11366490
12040213
8205
19153
7158
19821
13087565
11553632
12974378
19039
20086
2350
15077
3329997
16056
12856
9969750
5983
26173
9486580
7308
9749
7086
18880
4840
20010
12299232
14433444
13166
7093
6404
7795
22711
11620201
3225662
6823559
10866
13864149
325
17062
998
16551
6382
13051798
9766171
13596
3620
13751
1949
1742
2868
8836066
926
14914732
4938206
2459745
11730443
1998024
2417321
1438
22428
18031
6813
1311
14441306
18013
11479
1747
12816
5323
16595
3189321
13290
10626343
20253
5951
11756857
3515223
8265
8408
4002399
5532
6371805
7028
14953081
9328
2023
13790
4415
3636
17050
6545
3219
14939022
5919036
2679
8459856
10764
13000712
16937
15758
15881
419
4523
3005
9904
1425
3153
4732
14715732
10569
14008714
1616
3180
9841
14930544
7830
2181
14402
12602652
14298400
9012021
4127
3585
10266
3196
14723682
23509
12968070
5978
5221
10369
10637615
7373
6238
386
13461
9328
2416
14898988
13489
10612
4211
3662433
5394
6691
18307
8278422
20359
13998030
1114
3987
12905696
24818
2584
5944523
10750
8257838
11836
7942
22597
1234
4013
11375315
15638
4477
4142
12805791
24435
2052
10375583
4823
24064
14106
21386
18929
6680
4164
5935204
15613
1018
13483
3818
660627
19187
4053
4152
202462
10976441
5971
4346
13307038
11709
8628125
3743
11718
12262459
6703
6725
6952
6690334
6251
2706
5391
17805
15528
6352680
9662
1636
8970
10970
3964
2067
9199
14227
16013
11186207
3685
323
4323
7381
13494150
4529556
5155
10540503
9
12230
926
8459
1740
10208568
1625
199
14936521
9329
11529
14971503
8780
1893
2430671
13583
1854
16455
4738
21561
10183115
4584
10015
1282
14743817
9161
96
5177
7928
511
15461
10332
4629913
4997
13474065
3629
7005
12529
3438420
14841709
9296
2843
14790492
11043019
1297
1099
21503
10042
5655
5257
3590
10909454
9937
10142796
3860
4403
8567
8217
26596
8939
3456619
14148342
14842213
5245
669987
6009
960084
12512936
14927181
1324329
7209029
14483707
7313
785
1467
11440
3001
8324
14765130
8418
4228
5986
13680186
3589
2157
14134813
3435
7904
8738
10487672
6827302
12454514
9369
12255
6994
7144
19905
6935
7638
13261007
10155
504
15916
5334021
653620
14163860
7563
72
19117
2056
11683437
14630415
2304137
630
14463313
10891
7695726
6163
14630
762
14069390
7452829
7269
7484
8468
6885
4
1969503
17624
13857310
11696243
2506
20160
16599
18122
17161
2804368
6019228
12945
13414526
6895
12954179
12208
9190
7148
5197
2984176
8876
11000884
11229752
10564
1368
684
10436
2325
10972
1189
11920
9932
96
14656811
2545432
12212
5575
5512879
8518726
14820394
10233
12323
14563561
12924790
12489
4231069
12701498
10193
16179
6276303
4639
2997120
6810
502
13219
6541271
6458
4665076
13932303
21945
9698
3186
21194
6468
11662
10141008
6645
15323
10386
4501
18417
5625
2293
16819
8985
3559
4689
9118911
6352
9555
12887217
14836
9523774
4589005
10451986
3235
20955
12023887
4192
4292
2496
12230
1015
11604
533
5842
12862
8280
4671
10654
10805
6739
547762
9647
14798355
12621
2524
15820
14516
4735
10960024
4584
2496471
14144
4724
19947
1714
19003
12740635
165225
18036
12998878
25949
795379
6521538
18686
20006
9310161
334
18317
17716
5912
750
10782
5655790
5563
5926
12259
2974
14750927
11536
777
1742
14910269
20776
14540489
5538
17413
17215
4728
5161
7786
11743040
16347
8435
12716
9269
641
19861
9060
14826777
6189
3629
17301
7722039
9741
6140
1344
1480
7742
7552
2846
8317023
9543
9717
12660
3366
1650
1165
13476
1639
17484
1474
165
12806955
6700
2092
9975352
15271
7615833
12312
7459744
13038
14987958
22305
6637
8413
17114
12022
4578
6043550
14861084
1586
3511
7126865
8247
919
5181
2920
13166
1206
5844288
10718446
14948142
14924
3435138
13937
14324919
12466
13468
11741
17120
18330
1154
848
20580
13335
14604847
9103952
566
12259623
9377
23408
1659
12153
17170
11984
6874
7574
12687
17170
18988
15071
14976692
14342423
22489
19126
1643038
9515643
12332
2724
4105
4026
5205571
14976
14990067
14222966
6882
13734208
5861
2656
23608
5252201
9853
1952412
3493
6740
5678625
4488
15408
10871
638
4795
1707
1097
2961
3814951
836
13248
4124
8951
14758932
1706
3945
6386
13377214
7773682
3542
10377069
20559
20741
18525
18952
1650052
1672
118
838
12438
7002102
8722
3329
11086009
15350
20252
566
24852
6278
3131
277
11729
8150
3405
9985
22582
9670
11645
1917
497
5611
14133
9658292
5723
156625
10916661
6375492
5358
17077
7052
12314
10585
14539
17995
14688
3830
2903
1823202
4320
2149
14309262
6761
6589
3794
21004
348705
2673
17947
1787665
7586
8847
829377
16495
9313
888
7686941
14670482
14989966
12327
4628
8839
8003
14149654
16112
9601083
8164
8860
3685
8534
8398
10309
923187
4772481
13104847
5107
3399
1617290
12787
16294
1210
8339463
14347
2374
1711
2901925
4272
9113076
11297
9452
5296
8159
8636
4553548
12972912
4016
18344
27029
3145
2128
12155
14380757
8482135
9884881
12735
8254
15180
372
4141
10784311
2865
13886
10926
8301
3147
3234
10443
19434
11487
24202
14530
1309
19430
2385
4742
936
3452
13279507
23702
11098
11693694
6238
934
15732
6617
11583
8625323
12989834
17408
5493
378
9577
4507635
2653
270
1627099
14428
607
14963463
16188
8059818
671
3431773
393
23166
14980770
14760639
19726
12374278
9423
11498339
13491
11803
2438794
14565
5368177
8351
14549
11621
3718172
11026508
5904
16557
10603172
10109
4866
18573
3449
21802
3874937
5223
4757125
13936
1676
20039
3912490
12776
3238389
3993571
25601
12630
14596633
16777
1698
14538353
11242
21219
8294
18680
2342
1133
4751
13936137
2748
14740
12350
24936
3881
20089
1761
5197
4974
9650
7459
1356
7741
10135381
7377
14743082
83059
937840
6276
3439
4543142
4159
8743
15729
20840
14
12014
19435
10432329
13143
14570100
4919
3359129
21575
5536
12365
8662
358347
22066
1277
8629492
9418
12974745
1610
15028
17151
13711934
16298
1291
6140
7399962
5041
8878
9671
2111
1162
14963536
10067
21035
14986079
8801360
14646247
13349771
1017
900
2453
2549
2406
10745
14968271
2039183
22016
8681
5458
3038
4203
13074
1599
4413
11515
8094
7047
12312
8155350
9152069
14047
10069412
5703
8882312
13402656
21732
16873
11386
1764081
9437
10986583
8590353
1798
3964
14179203
9026
8736737
796681
7230
19887
14434847
13304
1362
14907019
9361
10754989
10855323
17193
13038
13110
2878728
932
16722
18386
4412
836
14090
23237
1779
23115
13359343
2764770
4859
18389
11372737
9225
14229400
6405
12953
8337187
6428303
23090
12002
5712575
13179835
5815
5412932
4253
76
2408
9003422
12322645
7264
2749
14236020
1031
1289
11475175
2756
545
2394
11951
7071352
8168
8447724
12906895
3985
12183
7993
9662
14703862
8212662
14719
9910
8404
3806346
13409
20417
577877
11957
21753
14731558
3634999
4627
12682268
4000296
13273
7796
12276
11595467
49
16947
3556
22114
8395837
17492
11297016
2883
12878638
12849
14588030
13822
13491752
18576
6282
5923
17852
17459
24655
913
6153
13436790
4009
11993
12279
21553
3279156
14315692
14731064
2873199
14635
9570
8304187
17417
5571
11216
13046
3127954
5746
14147304
9704
19157
14758
1232
8015783
1636
14153224
3668
11214503
8498
12575
421
13313456
6571
13087830
6729
3126
2843
16375
2039
438
4868595
14460330
4066
13643093
4213
14973088
15865
4541
5447
14965260
2879
14850909
6277
13702895
1824
12564415
4898
2401
13179928
11042
11774533
5395
7039
1864
9049
4881
14156
4763
12562
1119
3992
14441
12803374
5041
14940082
8149237
8029
11417
7132
4632
1024
7207547
5997
523
11871365
6132
1615687
14342306
14156163
5681
6968
4952976
6289
14122083
15844
9461
7562925
13881
14646
14988
5712
8044
14845854
3975447
21002
10304
10671
5321676
19850
4366469
11143
15110
19854
9099
4945
13684391
20228
9238391
13580612
906
5473
12478
10398712
18094
3856
3488
6528
8055484
18101
15741
12549
9568
60
11356995
15011
7598
8116
534982
11200
6609
2014
6245
2349
6775666
13041
1325
7488982
9224
2605
9218
14713440
4347
2273
11162
11095
20794
9446
14228049
1624
21045
7583
19390
6004337
13795423
11185
15534
5090
14453
6345
9346037
9558
3183
371
15274
13951292
8857
2777
12878
5367
3584646
12882
6779102
10838336
5418
10619542
8755
6757543
10323
18927
12351
4970
15050
9373
10748
18000
12203
14258
5493
728834
8561337
15433
20857
6800
9408328
2680
14726865
13657521
14246293
5428928
10131660
3554
13613325
8945118
10548163
2437
15866
12384
10767
9991695
13005294
7982
3297
20407
5928
3397
8504
14903128
12955
17214
3153
4622
11269600
2356
9308
1263
20283
13361
14783539
4542
122
5144
12673326
13268382
18750
14846596
5675
10988
7064143
24351
17876
678
14964999
14944
1702
14843887
16644
5785
1426
210
9342
4781
14747786
14606633
7099
142278
12579811
13682
12415
8095
3164
12920
8891
3379
10087
15131
5831
12677
9359
547
4655805
17908
14529596
8018
11982
8631
2932
4612
17460
71160
349
17271
5037
11019
1920
8167
20532
3079487
10200
744
10264
4671
17347
7799
11943790
13397989
14293763
9472
9606545
908
4952
8279
1007736
6693
20277
7957
2227
14915528
2615967
13826
133
1857
2347
11612350
3811
6436
3820
14857094
13236
8585
5521
11496
14597727
14392654
9350
18107
5529
14747072
1219
13955
3215
1448909
9947
15533
60
12640292
5141199
13158694
6967
5574
2248
15047
13664052
4972
3331119
3917
13114442
10022
10926945
11077164
4501
11102004
7098
5595
17961
13864
10333
7236
228
13750167
13668061
17251
8734
10940
264
26666
14607004
11027
1346794
1810
5613
13741352
8937
12627
19386
4461
6351
1112
12920
13086
9325
7687
9632714
11249
7771
2290
13507201
3479
14937267
4114
12235
16389
9176
9132
3501
12411877
1207
12579
14491423
9750
7422582
13808156
16275
13570
398
7844
17465
10376208
1214353
5510
11533635
3558875
8064
11428
10059262
1152
8620
10452
3734
1347792
9990
4901
4066
3293
3875
5772927
745
1515
24306
12809357
9682423
13396
11364316
2104
3140
13795817
1830269
3145
5470
15213
4994
20295
3654007
13126
12667
851
7229261
14976538
2249
11890
17791
11408362
1742
5757
14954943
112
6757
9366
9368
428
15622
10365
6465
167
5714083
5791
7293121
2201
4740062
14019345
18439
5782
5797
14827
12363
5929
14965938
5896
2446
11777036
22526
13708432
3613
4976
13744209
2843
2320
14404316
5788
14506545
9800
5730
14315016
4156102
18127
3086
11579581
11989974
14967795
9038
11405634
10407243
9536
321
17349
8879473
13679320
4504
4591
6336
156
8121
15627
3778
3949
12423
17849
7685
11351
3664009
14866680
1857
14727133
9486
14467333
10195
9604202
10360
3574
18892
7857354
11014
190
19352
11122
17304
14949723
6685
2357
15984
8032083
9084871
22032
4101856
16208
3183
3986
18352
12534219
3108
5044
12058031
7136
10239
6743
3759
14748687
9523
9701
13709572
13610153
6019177
12407337
5260
12578
22081
15473
7321
10457615
14024
3692
17943
4665
10817
14120690
6428
2267869
14202
10204
13360
13234
3243141
15833
10059
4441
938
3121
13380
4573356
6669
19733
12993
313
2977
7378431
14918
2267
14674911
6501
7082668
8469
8563
13802
15911
9376
7177
14883556
14456203
12176
8543
4722
3080
16968
7746
10230
13812014
12211
3253
834
2355
14699353
10911
1322920
8273357
13324
9876
22635
15670
12145
11620
3478
13053410
14891392
113
17104
615132
510233
16341
6911
7378
12171
14447436
10327
6642
2848
6091
14178328
584
14732120
1460781
2759278
9470139
11093
9780
5390
6733
4095080
9954
4331145
14789184
12829
13533
9162097
14422935
5698934
2926
4502
1255
14684177
14683
1273
2805
9304301
14476823
12777124
3133596
17634
18803
14575167
14779431
12687025
1286
2317943
10559
7342773
23424
9204
11490525
20315
2837791
780
24245
3382
11291
19278
14335717
17338
4476
12041401
6050137
3802
7812
5950
19750
5064
11825
17917
10637708
13873112
13043
14539292
8404
24548
567
14907
9675733
9292368
15292
9287
5676
14082986
5007
10897
16574
5732
1053
21519
11038638
10197850
6328
5448
1568389
2330
1746683
10402
799612
15084
5759
6194
14898064
8573
4019128
21035
4960
1019107
10966
1781
13963
13735707
5514926
14625091
16839
4172
8492792
11040
263
4718
4433242
13907854
9795397
13222
1788
973
13301473
7153
5948
713270
7367
13788
11886490
9448
4436
5719
7488
8231
2203
11155
2513250
1570
14559
3723270
14672100
5863
3528142
11080
13914
11624818
15106
14000381
781965
11843530
12888
9806558
404
11125795
14947857
14973127
5154
12118652
10297
6650
3255
13750
4065
10712964
2833
7000191
13247
2157295
14761118
7874
7720
23275
18812
1373426
6249
13029
1469
5612
5916056
5224023
17727
14874034
10214191
14239
2888568
10874836
21962
3654
5877
10793
18965
11152
11625
12542
1353
9699
93
2777
11535
1715
5908
18477
14492
17817
5679
1327
12649075
13261
16685
11240498
10353
11846
40
16306
11084
5474
13457
3769
11544277
7109
18172
5139243
634578
2584
12459
14975307
12507
5345685
14700708
19059
19577
10865
4283
2614270
14752352
13862955
8540
5721444
14666
8080
10999
3625
6106
13115
9548
8486431
6502
1955
17226
10649
16677
39
8465
13640407
13043
4092
1225346
9665154
4426
10077
4509
7349484
1582
1309241
15840
14333703
5698
13342
14571116
2059
14425674
6459666
10573102
646
268
11115
1294130
6655
10688
14936
13087
22935
3609703
11670
13282757
9638
10634017
4326
22175
12221662
1280
2055
4352
6323
7172
13375
12276804
5115104
9436
14748923
12072
16290
10420280
2955508
14947
1435
10620632
8499
14589633
6344
14129863
9294
3315
5073
13297649
10644
234
10052
3675526
12410
6993
19655
19718
17934
10128504
9179981
3065
1305
577
11423
14806943
4801064
20423
2420
3856
14643
11144
123
15571
1309
5617366
9047948
13854585
193
12110961
8722643
14184780
7328
4884
5257621
14509282
8942
4827
20232
6573
6221061
12694
13993940
15646
3096
6665
20721
21493
12746
5409
3126
2649
922
4564873
14021536
14267998
11819
1365360
13999059
5842
5169
8000
4461
606
17038
22263
14963899
11306507
534
11252514
5000
11615094
875533
19259
1202623
18835
7881
5069
14100747
2544
1592
12429
421
13709
13531698
8126
11463
11323
11757669
9592
905
13644637
9525694
14703883
1743
777
12895
7178358
213
7228018
9274666
4551414
10171
5423
13744
6975
9763
18710
12268704
2503
7580218
14564127
7870629
3421309
8896
4011
1329
14701686
11305224
12017
2346485
766
1178
1930
4106
16422
5950
14970314
787
5867
13443
8685147
16466
14457541
19809
5122
6093
14928322
872
623
14830120
958
11361884
6086
11626797
14545974
10377
14785053
12072004
12653172
14969037
13599942
11813
13247
12919962
2278
2289
4435
9289
3845
13400
3282
18180
4134335
3106
3060
214208
125
14986448
22012
4723363
14328447
1519
14938196
1734231
20065
13694700
19477
13315
11138597
23508
1563
18650
14368957
11844
10097731
9438786
7986069
8237
290764
4801
7240
8997
7982023
146455
4524
16470
8575
11981187
3907
9513
3138
784756
14846728
13329124
12071
12475
9874
5542
4972
14817
11657
4234
11241
10467
3281
4743
13583
575
10082
23990
7793
6955
5860
8322
404
13190398
6112
11444
9271
8582
4940579
8812
5685
19398
4984
8844122
14953514
1207
13214279
11803926
5799971
11707319
14972425
14748552
22928
1176
10362
22618
12445
16796
14945274
19349
16810
9352
2435
12913935
7789
649
14116423
11816789
11793
3384
4014
3931
8293
9026
16861
14000
9335
1087
22254
12263
1530
13812021
4344
14502805
11302
1982
13192937
5798
7407
525
13062
3474
11718
5593
8132649
5917
14246141
11964
13134
3708
19728
19813
8917365
19112
8527
18727
6235
10252
8827
10720364
13063876
1488856
1273
4760774
12887
6084
5174
9952
3733
2176
2994842
19087
15944
6984
3129
7038321
10191639
14693500
10257
6429
9732
3981544
11727
1009296
3399
316273
14902869
2554
7198132
12991
14919963
5925764
14392982
14415
11932
1390
11211
14273249
3487
12749
24758
13793255
3044
8741
4120
3869
13792863
13231
22499
11186880
13018
2755836
8229
7882
3707
14722
5455979
12203
17238
6202
11851623
157942
2185
552
13529
1689778
14668588
2033
430
3589
14569674
392
820
6349
3965
4046
11556710
5672878
14836273
8326
7536
3938
10851
4355606
10705800
1168
21225
767
12
9242032
626
4890
8692997
3879
13914
10729
9575
2522604
2763877
18655
10995
195401
3965
4337
5121951
2366
5761990
6794
6188
1092
2862
8578780
14418526
13391
8354
1868
9896
4890
1072638
5424
7460
1160
8839389
259
5633
15829
45
14612751
14401798
6476
10868
13314
19804
4644711
14335
11420
500325
8248137
14059
18778
4300
1844543
7486
1882
9686
16097
24808
9311
20215
16028
18383
23534
8198
23147
22567
12920
2220
14408036
10820479
3079
7528130
12307
12065929
119
5742
10254929
13101
1929
6167
14979765
7945
9020
12864
84
5827
13144
3929
14873033
7218
7329
16682
1654
2232454
22187
10654
5137
14944762
14589692
44
9705016
4451
1943
18228
5684154
3400
2754
3226121
12471
24070
14266466
8509
14488800
836
1038549
4107
12826
7945203
9826
752
1199
897
10511
12529
7184178
2577
14844821
23274
4121
4143
3106
14395348
4917
3606
13413035
15571
12384
15610
9895
2501
8685145
6802
15565
12996
5724
11466
3017
6316
25822
18149
1672
16983
4633
14557982
683
8566511
12510
18890
15632
14961910
7654
7440
16302
427
1172
15317
15144
14798813
2092
560
3128
3005
12017103
12665
836
15744
13929
8406156
1710
10400
4047912
9599839
14948
477
1531
6701
7568
12513384
3013549
20611
14136135
14498
5037
13168
7647766
14986391
6285
14831947
10525
7217
4519
3564
10999999
11681
11791265
11847
11984880
7569
2298
10107129
17793
234
3751
11295
9168
12419
16378
21623
360
1084
19026
10740
4614
9997
21095
4265
8435062
7444786
3368
9231051
10110
9058047
1555
4396
6244
4498
14974259
12431526
7115
15724
11132
5447
8256
10996896
11405104
7187
11534
21860
3524711
10387052
6282
5151
1490
5001
6352479
16685
14815482
9337229
11938508
295
8769
14633881
12384
4027
9743622
15601
13071851
13016
6393
13411862
17447
273
2083
12613918
20247
3707
11015765
13153264
1448
11988
10830
12460
24793
8559
2770
14328085
1053
10243
16014
1425103
15064
5469
8408
13119061
6061
7824
9572680
15814
2240
18639
18076
14796390
10093321
14465
2581
2601
6782
12175448
4993
13400
3023315
1332
11428
15423
4950
11049
7117110
10320512
5025
885
1940
2741
9960
14581375
12316493
656
2708
3952
14644832
11767
11192640
8100
10509711
9137
6512
4166
13353
1472
14090
5806631
24016
12256311
15082
10157
6423
15156
5892
12366
10846
9433
14480
24525
8972
12506
4742308
7651
392
2557
12450
347
5611
7519
3886
13872548
3415
5033
16583
22722
12730156
1506
7805
9647
10273
22230
2935
6556
22695
6487
13911192
14912924
8968685
9160926
1907
3393
6221
7797133
6595
7659375
3829848
6623
12361
4946
2456
163741
5664
14676761
24343
10417662
10610250
12411950
8703831
1344
8105134
18023
14724412
13047848
9723873
17409
11182
2266
7722
14965047
7948
14432019
8
10648
8037604
14962566
7800874
4334
4594
227
23396
7086
14937731
10904
10796176
17552
9158
23173
14885
5843
9328
13957920
4906
10296
6350
17813
6950762
4136
2789
7592
2298
6720
8649916
13145953
18768
11208
16055
4695
14874844
109
17175
3792414
5047303
4960
14099404
20091
12609
13400168
10516664
11415
10855
12651
232
11310966
11626290
13433735
11561
21302
6175478
5672
9220
2863
4965
785
1828878
12629
2635
12459808
14953923
19644
12761
144600
14235
3437573
12306
14698619
8083
3615
6545534
8530315
4589
2204321
11396483
13140460
13647898
5306
2954
18579
7559
14849481
15575
4075
18953
10058516
4114
6089262
8336
8095373
5641
14764184
9135
12265628
9618260
12192
5275
7877
6303
14890670
18301
8887830
14700952
4
14761792
1319
13188
20796
14546295
9987
2147
9720
24346
14595878
11914
15907
7576063
185
11214777
18702
7343908
10934
14983267
14860523
22756
10996
9362
19321
8985
2545
11031906
2759
14830
1215
14961725
13468411
2786
8199
6750
6260
5411
904
12387
4092
4535
4657
15031
464
14388975
6179
1952915
7
21958
18260
11618729
1620
209
7248
14634258
14538544
21486
8521
11360
6147
1333104
17211
13342
9582107
5092
652
14671884
1505
6107
14663
12546360
9537149
15538
5478
6680
15347
8386
23416
13274733
10489727
16636
6941250
14540
827
743
9293
25429
14695284
1911
9470544
2452
15939
9932787
20151
549
2119
430379
20845
4182
17792
14643487
4780700
10088
14811257
15590
14156
14863
19850
17096
2839
22490
8809395
9736
7634
5183408
18474
2368
1021
13279
9225
20865
1310329
3216445
14966155
11502703
5105556
11937058
4233
18463
15274
2626288
1325682
13673
5003
6448
20536
18298
11173812
7720
9724335
8756
8043138
13245
3008
462
9288
5669
15065
5830
14878862
389
5490
67976
3714049
6238
11799
15988
3011
13322565
2016
1368
4034
570
1456574
2054
14947741
9500
17138
11273
1116
1744
1260
5250
7582
10532
7295
14971217
10468
14334495
13860487
1576
13630908
2681
9921
19681
542
9826917
14269208
14868
4024
11044297
4277
11671766
14814878
14983356
12892
13137242
18288
14289309
8872
13207
9915
12849
9004391
12467
5104
12450
7336
3168
861
13380828
4632
4636
8680886
4609
5493269
332
4025494
5419625
11411598
8274
3112
15110
18381
3329
2946
852
12614583
20043
3449
12822
8599
10018
3778545
12323
4728
3527
2621
4757
2875
2130
3960
495129
13479
2305
9266
13083
14124697
6604
13031
1243
14964921
23084
20498
6547
4708
19089
8743
2069
3899
1313
14711584
14739
6069633
4698348
18393
9723
2135
5856250
12413
10469268
13955182
19586
14975097
20368
1408
14800634
5234
7993
3158
17564
22243
4516
14355540
20644
10872
20356
20495
13483300
10712
9312
1447
4119407
11924141
11980318
14666680
2517
18742
14958038
14982056
11862960
19769
21248
20573
14969773
830
17213
14114751
4430
23723
505
10330162
6788
12942841
3733
846
4938
4362585
12103
463
1470987
16264
22268
14769322
19767
1141
8881
16480
13362056
8490
8731285
14135402
6900106
775
9082
3117459
17518
18665
667
5098
2946
1664
3626381
14711155
13456343
4547808
9992
536
12031912
24244
16054
10405
3370794
523891
11486
9469
3190
2210
9223974
20831
14590231
20739
6811
7862
10509
12532395
13031057
464264
10874
10864
13486
7353256
7439
2035
9028
1261
4794
17102
10290
2192
12327293
10616
10933737
14963
8559
4525
10521
14616713
2838573
481142
5156218
14976415
14248
3862134
15083
11510674
6939635
22926
9134979
4322379
4966
12308323
115
8488
9327937
11600720
2979650
13140457
12564
16189
14986179
7915307
17247
8412
20638
7569812
8782
7304556
14920740
3786
2980
13389
8738
6363
11159889
928
21434
9108
147757
6051
499
5685515
14584954
756
3307
6614
7614
4514
9528
14827541
12066297
9913
14387755
5547266
1139443
6323191
17684
6752
14155691
14818484
18024
14113
13564
4886780
19479
13160
13377672
6633
1969
1745
15911
12750
9953
12036
3736
1624665
278
19145
9318534
9043614
3817
6138
3696572
19
5383
16700
2129
5906
13002
5430
10029
9250419
16323
8937376
14860705
21751
5089
8447
21755
21334
6618
12868
1438570
17395
122
3818
114
3306
1012
13050960
12989031
14237
14395554
3738
5903
14685626
5208
16280
8979
1997266
8712
5624
901
8143
4460859
23953
3906
14716104
2365
13070752
16246
13699757
8023
20533
14776560
11507511
12546
11092575
5754
24349
14734555
10211
5095449
3352665
19170
10256
1373
12045
1602
5261
7383403
12640299
892
7077
15258
2039091
17633
26
4657
2853
14892507
7127
6627
8741
4156
11576
6829
3117
9142
14852
11558
1166
11832
8610
18167
13373
8008
23207
474
2640127
11720124
24926
20335
18777
11916556
9533
4858627
4932
675
10028
1276
6368178
10624452
15296
844
12042
1061666
966
4744564
8127
4503
9521
17772
13041
5441
4569
15580
14914832
14051277
18299
19055
11599206
22596
16304
13064
5414
22905
14968405
7431
8149
2355
2248
4261
6596
14826375
14507
17586
14312565
3454
4091659
7199
14686671
13221
3385
8963206
22162
11883
13908643
9573
23848
7973
12434
19661
6309783
2382
8029599
10819657
12214242
7240306
10988103
7099
7704855
210938
12527
8664
6366
5015
25624
14089280
6180
10438
6536715
14717
3233
15650
8652
5566
12265617
15418
5531
14665345
13397161
10828
456
812141
14770923
5997
13657
8722
5301
13068245
8222859
6834
2568
11082
3511
5773
8638
11004240
13499563
12084462
11688
11691179
5810
7717631
12187
4183324
12603
11916
9796
20953
5308
6584917
12360660
12327
5337
461
23406
4848912
2413
127
22440
7908
8504
4331
17834
19375
6039196
7477
9570
628
26266
3375
1624
1234
2411
1116
12696
3294
8212
14461601
2989
103
5241594
2863
6516
5266
21581
3474
749
7503
9328306
10355
9337
2729
4873
2714
6567
10591543
15200
5144
14686817
12525
14278813
10809834
748
337303
12422890
6523898
10500520
14958562
4777
855492
8661722
6339177
2696
3559
1595
10973
14894196
11253600
7687
14573
75
4922
10222
14235253
1775
16169
13566
13504057
1638090
9503
7943
12089
15418
11909
9333986
8550
14169180
4808
5796
14223
6151
11984
3848107
10695
6141
19615
6956
6586
11854
6818
7099
358
1224671
7041
5171205
4991237
535
6870
14672
8544
1996
10057
1300
3728
4575
809
11204
10028437
10022
2929886
9298
16471
3310854
14869423
15518
3075781
14012425
14552766
5730
6103
4519
2544
5368
6845
294486
8148579
8634
6312
1799
8592
578
7801
13873
3694
21415
3946
14123396
11200355
1531
11419
22466
7359
15424
2805
424
8574
14345
92
763
5880
12333841
10293596
403
8770
1294
14865754
1401
18971
12804322
18024
1762
8699
2345
19842
17355
9470
63861
23127
10624588
6281
12335
19885
6352
5747
41
11671
16023
2253953
8402
5352
5788
20633
925
6895884
9974
10403681
17801
3499
2255
2093354
694
1159
167
13765651
6125
4797
11056627
14998
3608247
2475
4570
5572
8389
18741
9775
9664
14947094
12532
21747
2262
14938983
13277
8421
11061758
22435
10516
11267465
3818
6297
2514039
21714
4417
6325
288
3242
7212
9563558
14951946
158
6326
16275
5528
1259
2550
6190
336897
7684333
1497
14966541
14814
6737471
12688968
4820
902
2952776
24639
10773
5719
9278
14859996
753011
2116
2973
14961103
7480
6043
6409931
20519
1149
3409782
3628
18398
454
12389108
11098
11953
5117
15055
11975
850
5691
7060847
2538
16584
16885
6136427
14987551
7348
4230
264
5753615
12342341
12928162
13028
9094505
3599
16066
3240
10312069
7494
20904
4704
10678892
1055
12237
2361
6928012
13997447
14853494
7289
13924
5717
3174
16893
10481101
8592
8554
12051
11776
11643
5214885
7645
8632595
5763
3978274
7441
663
10913
13942628
11580724
5869
4757
2513534
4521
14703977
3037926
13570588
7446
9016
14795563
10339
13136297
5750
12309
13420
13990
14883657
369364
8356519
7345
1262361
10936
18329
19795
3946
8359963
14841752
7071644
10462
7817143
21538
10168
7352
10578
657609
3812
4437942
5763
13447227
18574
3419
13153740
13086946
6101
14184699
19727
1571787
22817
8450
18310
11117
13605
3603
20037
13883
5211
571195
12998
6322
5139
6725
8498776
5850310
11026158
13448701
9742
222235
3154
7990
20255
6882
19687
12864
16456
7253
8429149
13992525
2030
10661365
3986
1829
1756
12304251
12095003
10892
6611
8381669
1548
10915
6484
6162
21223
8868296
24572
8046
2070
10558
2131
14022
12531
3086
5987747
12349
3940807
9671565
14197315
2652
13853483
15942
6150
1052864
17298
6876
6445932
19375
6108
4274
8378144
1199
1317
6119
8841669
3987
13639
11534
1293
309
8324512
1056
17043
3801
9159
16509
7189
7378
1283
8952
946
20442
7381539
13687806
13256
2426
26235
8553694
4948
14342725
12110
11109731
5914
643
14237049
17409
8
8347
11213
14225756
8880
5273056
6722
3905583
377556
307
3021
10117663
4640
3511436
19027
13810240
14974322
17421
20433
19594
11703589
465
14510179
12535
7318
3801719
4185394
4682
540
11911207
10299
10258
11401
11272
14162
12150
7698
14723469
9713577
6110
8227
14971749
4102
15600
7123
11383726
661
6874
3393581
13525981
14957477
2336
15111
995
5657
3713
3906
4358
743
6822
1402
2473
4424988
21326
8046
17113
11192
11143767
11688322
14617108
14717434
3261
8400
14764460
10383
5768815
795
1011
7364
6571506
10559783
3544
15490
12375776
9339
5746
3499
14965
15280
6540
25974
332
8029618
2653
14976388
1204
6884
2546
5710
12836889
26953
9453
22613
4219
7516837
8918
2323
11757692
6117
10954669
6201607
11624
2657
6370702
9277
10481180
14896
457
10293204
13268
11157388
19661
4070
14021451
1717
6428
6743
1212
804
22188
8560
12007
864
2856
1803
16188
6388
4666
13340
16656
13430
10146049
9496
15919
133
11754221
6405
10144
5715832
4315
4445071
1635
4327809
20732
2546
8716
15299
12693
6838
2559
934
2645
12202631
3084
4432992
11239
13204
1318
408
5879
10649094
1194448
14578
6185
3875
9299337
4328966
14177996
13275
14331654
3113
3976
8048
2772
15988
8712
12210
6949
14996
7480
15231
19478
20572
7151
679
6151
3740
18391
7813
8550
7715
8178
8484
7071191
6862945
2907
13120
14392236
5437
2983
3518
2026
8409
5103
3661
26227
1274
4372
10276
18425
7875
17480
13738203
3075
12256
13022
36
9815646
13833144
7949
201
5863440
14087726
7300
308200
1362
18004
14507404
6256
1320948
3874
5568789
14420340
10180
17932
11612
2345
14907376
14853514
26289
6729
10847
4432
14756378
1951
2757
20966
3317
1914
11185841
14311763
2355427
24227
11069
6052
1199
3886
8811047
712
14377165
14927
8323931
12502580
6395
7512
5628
22482
3276
7882
1805
2886
18358
11949649
5361
17610
10477623
2956
2396
4755
13730
11357
10183
14322453
13291
12817994
3209
223
11133
3841
7798
14272
942
16905
13594
14106305
8995
4020
14532582
11131
7360
5228
11734
20490
14480200
1964
5877
17791
11894899
988002
14138
18055
12685962
3043428
8608
13619250
3987
11571050
13128503
20574
9216
19972
3768
405
1650
7055132
10258050
8685551
5843
8248
22008
12267000
2619892
10385
11488585
1680
14829693
20715
853
13701367
13024386
3556
2569
4855
1531
19768
12141
12499
6685299
14532566
738
9933883
17440
12998
13820870
4174679
7115
14907978
7594
2260
995
5140
3555
2956
14653
3768
12388106
9690
13595157
12252
6375
12957471
9891
14046546
3616
16157
19012
13514736
7126968
4654
2991
7272672
5614
21514
1509
5544
4510
2093
19296
10372
2954
12280853
4876
10098896
11333
14974977
6849
14964140
4358
832533
3547535
12530246
2246
14779008
274045
9478
5643
13891058
14970099
9366
5317364
3955450
7020
8235
3301
6268
14927
20037
7511856
2498
13752552
337126
579
14852546
13137
7260
9267
9988
14156
5294938
14218
1356
304
13611
19987
6600
4421
7738
10232803
6858
1677
2831
6804
10756
12547
2484
4280453
12390166
9427858
7702
15278
11658
9400763
18133
19128
7021166
11346
3420
8376406
20247
16346
3526
17026
7752
14100
2058492
3232
14673
24189
476
7864750
12375783
12135
4545
15820
12072
8692
8847
8854
11371
10541620
11289
794
11623088
3455
12445
3289
8884
9358906
14962366
10866160
4369
25966
18667
3814
1694
19579
13768071
11297
7485
1335884
18667
20169
1156
8515
7678
14965172
8226756
6040
4784641
16207
9154
9310470
8016
1618470
5457
17411
6775
1956
2731014
11062436
13575380
14777904
18963
9978
14960712
14597188
10934
4102
9486
15146
2965
8773
5020
4090
13544577
6268
13129
11070387
7843
19100
1559558
5693586
3495
9934995
7866
12987
15729
3546788
9467711
3701950
13180604
1328648
26158
4744554
11090
14935210
13230
26605
402
12178642
18128
534480
23748
3646
25934
9702
19385
4708
18210
4824
7436
17948
12675124
6018
3896
2829
14973720
6829
2228
22449
14315637
1994343
3260
574
1619
2052
1108
4537
3766
14868737
560
12960679
3066
10212
179
10768
13767745
12797
24560
4317
3451
14305397
9132
14154300
5320
12039
11825703
11841537
8669
1096
12775
25314
14909941
3508748
7365
23518
14544026
5165
23516
3602
16965
12929526
9106
6535
881
9304529
7224
2145
17564
3267
7656
11793
12681
12985
2109
11638
3571178
6306
4028
18242
7929705
14107452
7006
79
12640
5505
305
8157
1143
7450
3516
7300954
8194
16155
8292754
11292684
1589
15811
9094
13451
2710
10412
3643
15201
3082
12456255
2498
381
8577
9810
2302561
2863
8798
12316
9040
16118
8668
14106961
5667
23232
8835449
814
8559
8115
9081229
258
9629789
14629147
12598320
13589019
5860
5778
4914
4420
17912
2877109
1022
13718
13855
14349123
6934544
9962
8887
4600
10183
13398
7906
11737
14978447
10642
5361
7560
9523
14394157
12020148
21244
14914615
1713
3514
9812
12632970
3703
3051116
18931
12742
14472826
14805094
1330
101
10828
12706
6199253
9965
12926408
1419
14778595
6278612
10045
11878948
6247181
9995235
16873
7185055
1740
13114305
13403
5334
7874
12530053
713177
9390480
2275
19534
16224
2937
10603
7627211
7532955
6114
7248
10901783
14744431
10749
6865
5851
12769
20508
1895
17361
15976
18907
1817157
19462
8693
1822
712623
12378466
834
3277
6527
12468
10077792
1308
7178696
14972274
8703
3279
9519448
16492
3060
923
11116
23926
12250
7157
13
18933
9757
2923
13940
6451
1602
1186
12769
9856
5671
15416
10238437
6350
8115
18780
9752351
7909182
17214
9178
16750
3278971
10416
14847494
5150686
6172
24752
4055
5922
5708
337
3959
9374
14689
21764
16502
7001
8897869
11954
9717668
2439995
15079
9300
10909883
13415
12315
22354
10593
17391
12088104
5823
11920
14883618
997
90
5149769
477
8477207
14529
3179
12026485
14387224
12764442
14142194
14795
11297
9772
1989
13847855
15312
14974214
10544424
14521
2174939
13193
10746542
13533
15092
14416381
1025
11236
275
23003
4618
9587
2556
15896
3958
9764
2868
765862
4400540
14756758
17957
12417
25997
3973
5839
7827445
15298
12766
20330
2808
18907
1021
2694
8193230
8295
13538192
14973100
950
14975
10493973
13367
5641
15036
6620670
5338
12682
4025
12340781
13469
19938
1447931
23526
1853165
3961
22521
1614
18538
12372126
5124
6295
15563
4023
1439
11088262
7280007
7743
7530204
7668
14109
1258
629814
2706
5253873
7884
16572
2643339
1890
1105
17219
11552
9065
4112
20966
4105
20536
2173
12032
1649
8626
11380979
5882085
21238
9390866
20073
5227950
2763
11244552
14120042
13803
14733693
17975
2543
6448
12765259
396815
12156727
2298
7823933
2918
5730656
13354
1704
992093
7927319
14769
19398
13370
10556847
14761
18354
9307
19383
9919
19975
6294
1106
1649
18134
14205594
12710240
13290
12591
1375
4411
20828
672043
13356130
6672
7284
12663
905
6175
2926
16757
17480
13969
3072
842886
2874
8612
1302
4489
20666
12203655
3274
14642291
6704
3836
1124779
4457002
5730094
7989
14242387
1934
3476
13167652
9113
13630
12455565
3730
1409226
924
9433
11366
3570
12667
4605
23840
260141
5649
10979
57
566
11204
10859
13562
14937220
8690
8085
3197
527
14492802
11359
1115
7815
3092652
2093
3379
11943
24534
8595689
13436977
14050
18075
8828
7009
4366
24868
5408583
9087
13277
671
4215
4856
12911425
12437
1938
10189868
9752997
11037
456
5426
10568932
4502640
15218
4140
20144
11600
8927
15396
14547
19231
17217
5550
2992
1211777
131
1553
4457
9083
1055
2629
22534
19770
9283
1487
5021
4647807
455
13086605
12017
3973
14949125
13797
14673893
7503
7292073
425
18153
14699520
10627
7979910
11037
6380
13538
21398
3776
9431
12831832
3447
14877379
19803
13965
5688
13740
5517
4036923
12465692
14631544
11069
3442
3167015
13567888
14947693
12774232
13301124
14290
11664660
2859
6097
293
14819667
794
2961410
4479
9492
5036
4203
8556
4760910
10048672
11634
9675
3458
6285
1621
5583
980269
3793
16585
12946
10718
7571
14637575
1882
9628
20273
3438207
12462
8388
14445
4515
13411
7526
5797
22173
5117
18924
20326
24109
9775925
6363
1514625
2465
2906
9815123
12577
6556
16020
20764
6859815
8671
16544
7418
14404
5999
8335
7903
7832
17382
1540096
2902
25072
11808
6053
21582
7755083
17692
3237
10591970
14156
2261
11400
8045
6249
8790450
5239
8101366
1863
3856
394
15495
8321313
13432
5906
21392
1122
10624812
5117368
18767
7005476
13970760
14642
9507
5538
3375029
8676622
11219521
1939
13329
1917224
5417
1119
18026
1244
13180183
31
8677
5296400
17008
8705
9645
7973
14678
14976939
22534
13084
7330
2383475
9212
14432158
12064
7220
589823
4629
727
19133
13541
7017459
13934
13046
1145
9414
15049
14921344
14723071
21116
12826714
6486
7158
2093
16181
2125
14617292
7367
11483727
7055
4728
2147670
18222
14889326
14008873
11087
10424434
2972
8203
11908
8815
1019
13927
1916
16476
13389
5976
9423
3151
9357637
14000
15018
14256950
23106
13715568
8233259
3916
16685
19863
5839
466896
12263857
10751
12985
8758
1810127
6130947
4724
6966259
10187
13225196
1361022
9197
2244
6461
12087
11866305
3436
2559996
8774
7018
1191
4263
26226
15597
5666
13036454
1904938
6672
11362
9865
1173060
2596880
1341
3474
4279
841
5077
8151349
6437
913
8863
8424
2232
4263
13666
7785
8935
11625
665538
2163
6520
9098
8302
12943
14448622
1955
4305
13805
7926
4001916
18086
2826985
11721953
11911
14950
23599
10775
9654
14486369
12084294
8072
1197369
15405
12464
11913
2151
12147
1769
7315
4112
16898
10416
5600486
10835
15970
12301
10406
14972378
4406
14902966
14947218
8570186
14833904
23225
10360
336
4381
19242
5595
5075
8709
24435
13318414
12416732
5335
18773
9342
6200
8593
9472604
6854
7967023
13842740
3939
2168827
7466
6019
8593245
18134
8527
9334875
8627
692
818106
5529
21018
3074
13444
6017986
13963
5376
7971
1517
14385
14788788
13042797
10160905
9686174
12929284
4045
15196
1513
14879
14167
14669725
7562
14776
1019
6961
15931
13754046
11157
14507
14152107
3077
3119
12289943
4276
7173
7697
1843
73
13173743
14687895
1753
12543
14055
18916
10819
10565
14373255
8154
16180
9105358
1926
6705
11742647
8664522
2909
11718
8374
22532
1513938
2663
22158
4444
4377
13587
7048
3242
5756
2569
10097
12563
8643859
1658
17079
13080546
14254094
220
8364
10273
9464646
1467
7434
6924673
10354986
17626
4037
13366
6687
5748
16397
10115154
9886077
11145573
15293
2558788
13705
4469899
23716
7991
9605
8293
14347735
6171
18631
10019
2410831
14704225
8247
4676075
6520623
178
14745024
12501
14824077
6031437
11839
2361
7467
326
12548
1615
2416623
23494
20688
15083
9301052
5316
8792
4345
12223185
19479
6401
6578831
23310
15419
10618
2893202
2869
11543700
4577863
15429
8678
15178
3244913
20438
4537
10269
5028
3230
16141
2891
4858
11510
6092
9162
11821484
14035407
16382
14983921
131
7709
14369
3469
3322
4174
20985
13854203
1797325
17945
5295
11038
12169
13701236
8524
15119
1895605
4798
647502
6180164
3061
5975
15585
7605785
12528
14971616
251
7946949
498
10537859
4379
3086
1782
6124
17540
7122
13714
3034
12407
6492
11854875
275
11220
1881
17996
12231635
17838
12350224
20994
6265
9550
17697
1657
10033467
601
8372064
5050
12519628
13399
2836
9078
14901799
3455
7262
9408521
5261
3342123
3837
11470458
2616
13994
5212
12841435
12995
2470
22617
4016
5012164
3517
507
12441208
8111850
77
3679
487
14445374
6047
9575
21403
10457564
5409
10329
19524
21047
3632
13182
8911
9196416
2162
14854690
17874
8695056
8278
4530
11811
11
6364
3342
9371
14810282
706576
1825
3270
23599
7572250
20273
1309171
7906
7153
4918
4599
14158419
23959
8185
10696
16341
5076
9648
6866
9288
4153
8938
5566
13771941
9615
2106
11386246
6577
2489688
14472
23079
14066704
12644
19474
2894203
14838165
3911
16809
4046
22740
22449
13022758
9368
4238
17787
12580
4021045
10494
299233
12763
14480933
5750
5708061
412
11481
3079
8365
9328445
9929
6811496
1324
9409335
2038
1066
12088
9905834
4355
8953
13940
7381
4166
1697
10821
308
8129
13205726
11676190
6827
8998
13563204
9232
9448
906297
9381218
7379
4131
14943167
10638711
6490
22
3793
2383
14259
6726
197837
8863
665
4437
5547109
11806292
16756
21595
10818
7211706
15671
4243242
2568
6060
10043
13692007
11694382
10035
12277
9055276
8426474
13686139
3482298
3967
14963
11673
21640
14019865
14587
8901009
12507939
5773
22438
1784
14725078
12378
16215
2858
8341
11213
5951
16244
2760322
18174
5251925
65
5048617
13049
14450
6805
731
2196514
6897
1287
7969
16210
2479
12109440
16886
882
13401792
11834
200
13105227
2293
12265
10826209
18885
17973
14523646
12139110
8633
5137228
21846
7761
14575060
7959055
8241
4921
24511
13161
15152
5427225
2835
10848
3923
5398
6988
14609993
620
14354
14713980
10478592
18714
10153589
14332115
5074548
3931119
9234
11453489
18891
5815114
22122
1049
8372885
1766
13841
15705
13836
1090162
2677
8433
12540
14181272
16241
15068
17709
11792
8572114
15505
7460986
15485
400181
7605243
14981823
13042
8336
13599
15854
14820994
14820
4770
6567
8728
11274570
8644
13770370
15303
5023
6316
4075534
16415
13956
11525449
4454
1571
6519
12686353
5207
13269
9169497
2369
9875773
3075
1561830
4200
9667636
8656822
138
10251735
79
1689932
6015
8526538
11683
9778
8178
11705
16723
13486109
5210
9763
14979865
8606
8605
9067
3706
14481622
19730
15977
16606
9725
9433
3014
4425
12118812
6359
12808
7613
12814726
8438
6323
3859672
1740
2288
3035
13934030
15995
9575
13717249
22562
7733
6881
10586054
1299
4698227
14242777
10999
9247027
15958
607
14926754
3136
6506
6059
1632784
23562
2261
13992
13441
14349017
2454
1972
469370
8370422
8213
3033
10811
8808
792
17711
9635199
13709744
8408405
7925
2337318
14757389
855
15778
8729
11054333
15323
1082792
6784
10750
760967
14403
13903
18393
17448
16661
9468
3496
10113
3359498
10800
1279
12892278
816
3364323
2999
1567
10064
6620
511
12443
9515
6844
10313210
14956457
765
2512
10103850
2619
3602
4070
6912090
14649261
3484
8111
1245
13334
6310
109
7878
21264
15321
17971
12519604
10934581
3843
10557
484
13393664
3617
4194819
9589511
11147
12742
2819495
2591
5067
8152
7398
6226
14839679
12920
7830
19613
6834
7841
15318
16660
14435
10960
10195
13864962
13595
10209
8883519
3298
467423
3935
2874
14495125
15575
8582
490
8067633
3219
15553
5041
4105
8094
2686470
4661707
14003243
10635769
2929
1214556
14434664
10595774
21359
8921
9166
12209303
9108
981
15146
12897
4631
7733
1556
12715
273
21114
6208906
13223
15676
7538
3789
898
5322
14769784
1807
4353
515
4496
21676
11190285
14958206
6956
8846447
8043
947373
15708
14921935
5506
5247
8581
13598621
9728399
8890
2005
25528
3397950
6475
2949
19352
8157014
13307
862
21099
24237
11554
5842
10192
3935
13148
14920964
8244
6214
4645
9627
8892
8354
12024486
11086
14540
21029
13761207
12225
1727075
8678
17161
14712
11459
18862
7139088
9962514
3897
7734100
21732
8577
9741
2292
4098
22095
5009
5706
14977540
19484
14763979
17429
3315
12354
471
1807
5305
10722
22799
9683
19464
20731
11916
14942913
21500
9390
12355421
14911387
17702
12549
14223164
6020
14906558
522
5748651
5547
25906
25571
21300
12098367
1578054
5040
7808869
13716
19982
4512493
10232
13921684
2147
542
1069
5023
5790
9002
7256
3772032
14647147
14543
6269
4721
12673283
5992
13041
2900850
3883
9790
9896
3629
5268
11159195
584
4519
2956
1051
14021438
3383
14417867
6260189
14049
6280063
20752
4539
14019117
3956
16065
1869
19522
14736
15366
2856
7747
959466
17355
19872
8710805
19321
4589
14975685
9988
3694
8170521
8936953
10787
13990
14875385
1358468
14885289
7169
1835
10648
2727
641
13235
22939
9451
13489660
68986
8604
7630059
14981704
14339868
14768004
324
12688056
11611890
20642
17829
21146
14060
4957
8015
12066
4340
6494
13681356
3679991
5309
9241502
14480
19733
4005661
9378892
6568510
8420
1021815
2838945
6458
4685
2990
2419
871
9542
25927
14776344
5643918
14144
18042
14980919
9908
3712
7506
14228933
17055
9956855
7794
3388
7012
8664
14726494
8950
5853125
9990339
1402
272
10393744
4494
2427
10693
5109
15185
7561
5772
9397528
17177
14826
7741376
7959
5063
11954
18171
7965
4347274
5537
22088
3052
3622072
9598942
20900
8369
9372
9802
8979
18332
3322469
8939
7795
11112
10782297
19586
3226
11168
11819420
1330
8341
6783
10482
4131
8138
6355641
12410738
21521
9111
13512
5989
14595
580
12954014
36
14443475
5877
17756
8806
10361
14837105
9419560
14009573
4351
17034
2146
7856
16140
5480
2362
12679
5753949
19547
3078
9405
12762
283307
10743
4801
12128
18584
15536
5935
11532404
21881
19335
1790
3819
9148
13956
14934154
2920
6671
14410652
13334
1484
3670
21177
7463
8234
709
16789
11964945
11229
13780207
8723
14963987
7106
9866995
3640
5966
19301
9072
3147
7732
7425
7592
23108
17097
10370
11353726
7113
11513
13465831
4843
11954205
9524087
3658
8920
13165
11492
24027
5146
13428
18770
14560
3858
10044
7139894
13702606
8929
13399227
7092
5286
2220
4361
14150328
5223
6172
13844435
9376450
11361563
8766361
5136153
6177
3639
2909
310
8072
12154
8462
14399696
16668
226
23963
10109159
15438
8277
9950
279
12552536
8435
1469
11497381
14783653
22405
13422877
8681
530
329
23270
12092
3331
24536
16178
5916620
1390146
6337
1124
32337
4926184
4190
14644885
9238
17454
11276261
25018
3702774
2736
14022
18019
4723227
12960
6524
11423453
6442
12731687
12910941
15679
5612
5880466
6904
9988
9868
12151
12183
14975898
7750
96
11040
259
17874
1967430
10255
1759314
2635
11706
4990523
3677722
4640
17783
6807
10324
13684
7964
14190
1230
1610
10987574
12401
14774929
15344
11928
7646
17034
14643747
173667
17250
12139352
4612
7032
3153
978
5041
9416
11581
8211
18912
9734971
419
289
5386
607
1181
21502
9891455
14776214
9562
13810
2267
7972
5325
4692
860
15044
12998
8386
6689
14441101
13371
1280
14861860
3205257
852
780
2508
3034
13576601
20218
356
12452823
3090
10003450
6795
15310
21158
7582
14727
1282
5941
769
2882
13886593
3626
2393322
10952
10284
2937797
14384810
9711
22578
6944
8698
2606230
8472587
22315
592
20190
14777707
12860823
13129
15035
14777451
12733555
19292
14952
10793
1882
6607
13853823
14126
14113687
5381
2071
6253
16467
4461
4440
1486
3277
14130
13580208
19400
14339195
3690
2007
14694872
20181
3392
4794
4780
944435
4074397
10570727
4764
1592
1497
13607
16254
128
9722330
6280962
813
1977
4896
10471141
2169
10415
7399
8817879
7511
8322881
14650064
2924
13955773
12050
11085
14963745
5219568
20144
14279419
14221
14628
5984
1963
5666
4226
6164
12502
19921
14889477
9498
1991
909
9462
21811
2246317
9409272
1098
4549
13823
2083
13824736
11040
14844606
9582
2042
3616
12822013
16717
165
14944
14302
10396
1258
1498
11947546
2791
10176100
11794
6063
1463
15769
9678944
943
1603697
367
4776
14959
7819
4015
14335
11032
23083
2402168
2717
5414
1210
14013758
14537
1422
6912347
12131
1899882
9845
4378
1073
8363713
5433
1138
12895377
930997
4686
1863
12303
3239
14182610
4483
10071
1510207
1517223
7468
5448
11507
7324
13420587
2725
14887999
14743254
11559
7609062
3235
4427
14300959
10388
8122
1233
4978
9582
12849
8465
14443329
3023
13410
3615
14294278
11808
14661518
1141
14582
573
11533503
7259
5668
6551
3047
25
9029369
1427
9003
8954
12179337
2511
1900076
5999
14680005
10366
3199
15018
7993
12241
3250
11678076
10190
14712931
5386
7365
7881
9933
2562
14833970
11005
19018
13324797
10206
15523
11330
1610054
13024680
11922
13427
5290
650
234
1485
2260
11695641
9624
11375
14976597
1003
10071002
2986
18364
11456
4449
8294338
408664
194
13380405
9387798
2765162
14282584
12625
47
21324
12342608
7134
954
5379
5748
11499
11248288
13580036
10228847
4306
22146
9249
2623
2703
2476
13429
1370783
4220
15357
5201174
17447
22891
3682037
3513750
2418
13228
15372
6438
694
3835
3627
10842278
1060
4965202
14813849
17214
14945866
4419
17197
8928217
939
3598508
10416
5755
14663600
24682
1079
24015
9649
2042
4140
3706
4932
1623008
14852213
2007
17333
2849
18035
1553776
18814
1153688
4269
5747
11094917
21856
4197
11594
6887670
14963849
13794
10137
23752
3824917
2246
1823
9504
7918697
9490
4836
4063
2741
14133
571093
12349908
12268
4251500
13210167
10159
12520098
505099
9770343
24228
1892
18254
2734
6333
12569
12924
548
3952
6284
11987
11209502
11126
14255312
23232
7082
14564
21585
10218
12748
9199380
8620
12091914
12122751
9063
11768
15441
18817
7300
897
8644
2887
7616
14976854
4704646
6431
19113
1423
14924513
6857
6995
3451
15614
4543
14915128
14673087
9003156
3625
4441
10344278
9286
391
5110
14786602
14809
17832
9733113
3870559
1353
14497859
14370
11802645
11893
12943615
14628153
14165231
12416253
4158395
14978802
9421794
4539
363170
4425
12104
4253
5326
3603
2946
6244
14952
15038
10881818
3977
14061
12259
12370
3214
12399
6730207
2708252
14919768
1315
6503
6614
18551
676
13936492
12645
1053
6650
704
15538
3818237
1156
11861055
9970
11004
11575
7253011
3449
9741
10495
14889672
5901
4689
20342
8607
17921
15337
6376
14726160
16953
12507859
3469983
12265
2374
12795
3420
8401
12494923
9215
6757
2795
12639
20070
2680
14310828
9923393
800
17587
10208575
22413
5734
8022
17273
12984500
19693
9305
24457
1046
16954
14025118
14279
3299
14422
7409
10998
14786697
744
14890311
20928
474
6499
9251
5088474
13428684
13976326
2854255
104
17446
2569
5484202
5029
911
9632791
4001
12350
14430
16594
13037566
14546919
238
13125337
271
10454
17616
87
101
14980712
16132
6356
2267740
4516
18600
14788244
1627944
1921
1555
8069
17910
4816
12229816
6895838
12953038
14887873
8951833
13058088
13151806
15235
16445
2699
8586
7326
12815167
14960123
13693
13536537
9251
3771
25783
8949597
9707589
3033
16378
16004
6106
150
4204
8215
14964136
12049
18817
13777
5178
6105
3068
971
21640
10536585
1524
6219
5178
8386
5835
6602
4837
7757
20536
13230516
7862
2940
11098858
10125438
8909
1058610
13045321
15797
1646
14234
16204
16792
653
16387
1623274
11686419
8245
8545
1946
14222110
2944
6460
15824
13664
12651291
3566
21175
14988979
5638
3576
10816
447
493
11354728
6705
10533070
10597224
9637
11191264
2802
4267903
20046
13397
14936327
9263
4178569
8400
10036
2038
545676
5155
2405
13914509
14660875
11584713
2448915
13827631
6762
23289
19553
13134553
4449
14683278
19420
7828633
77
9073
11468
4959
9783
5699
5766984
7616
2940
5554
7002
1006
11020845
16215
13207
6994903
14828407
21864
7815
872
8890
5039400
18161
3363
19141
8869002
52
7282
15598
54
11710
1712905
6922961
6396500
2988
13040910
2444
14817
13166377
2947
23364
2760574
11878
316
9801760
7763
8087218
12114
13522757
8991086
7143
22103
17527
14926
20201
5611531
13348
8232
12445080
7161
13459546
20957
3084
1380
6911
3481
18357
8280229
14902721
16760
793
13975423
19580
18079
3272
10919
14520
4809
12614
14280715
5136
9907
3360039
4286
4673
17469
20118
2269
1929
12354523
5607
2108921
12169
161
4084
3804
4977
4545
8170
7634118
6112
6273
14417
7153711
20917
2489
19424
11869995
4322952
2294
7039
1577625
13895494
12899373
10619551
5932
10557144
31
3450
14280234
2575
4755
2413
790
14814180
13253098
1341
4174305
15518
8277
11447
13356177
8771941
7993729
14828695
14601
872
7585
3555
17991
13208299
8445526
8509086
17356
14979449
4929599
8999
5907
5910305
14819604
531
10065
12386
26109
5015561
8136
12139
4163
12737724
6846504
9606
14951928
8405
21717
14179
21783
2371
1875
6302822
14066463
20945
9850
13337269
3339
3686
14395
2191
17714
561956
11257900
13250
10685
11831
8245
12633135
19385
2757821
8509
989
16610
2131
13889
23848
9022
14454
4608271
3926443
5709
9013
12546884
10305
14453599
14221487
1777
13982126
15521
4892368
24805
14822747
3947881
6662
14708780
11277
4359227
12517
12408506
10121254
14779521
7395
216810
17737
6482
3310638
6799
3452
6279859
1645
7381
5066
15394
2465
13026513
18077
12157578
23405
8535
14398791
9707
7290
6622
14092
11008869
17252
180
14140
4315
11133841
3500
4556
17078
14474
20880
6696
14757311
8200250
2432
2915
2793
7288
3986
11138547
2820835
2818
23170
19710
9280
7965
23386
7338999
12570100
5326
13283046
14527802
4650796
13791
11006403
6578
2305703
13796
11748403
7504875
1949751
3988737
22482
13968
11546911
2061
8471
3471
5348
18608
15672
3744
11485
2135
4184
7139
20359
8012
14557302
6074
4698002
15801
4366
18831
14658518
7772451
14693
13752
2141
2510
241605
1066
6760
10859
7505
2153
14227
8171
10852505
14780258
3394
13808
130
876
4691
7520
1650
7093
11554
7995
10391
5870
14009172
3320
4579332
1539
22231
10339
14793
3034
6685
2319
1376
868
1790
9989
14430566
11370
10731922
10862
16856
7500
6864
8291
3763
9885
10227
1313
11563
14968096
1039
9815
19920
11963007
2547
5598
132
316
24273
14618490
10763
2839
11615
3445
5107
14899765
6861
248
2564
7458936
7355030
17934
8539
6065
9141
12882010
14690
2355
1275
13007400
15831
23120
14599656
3845
10439
14831577
362
522
17551
11321
13726
5743
3219957
8815
2445136
8806
5539
21365
14532
8030741
13663569
11992
17088
4602
10696
5362
2362359
17209
11160621
17364
3443
5827
12406
170
17951
16823
15750
20314
7508
6587
11392990
2054
6942
7416483
14793663
16609
5677
6433
3218
2092764
3047
15702
8277
564822
3347796
4817
640895
12522848
3980
3912
14983826
14290703
2681
508025
13299112
6441
9930
14382829
9197
8379
1728
4152
5447
10879
14627088
3731
12768499
14679467
1409
1332500
5722
5687
5180565
13191137
6054
14888
7077
18768
7155
14912029
9840777
5249
14432
10416
5388
6955138
12152
8236
10499
4511180
10727
4289
14693
17535
780621
13776
2730
3794820
11472
12249994
1339
1416
14588644
14639652
19022
23886
14909057
14314843
10935898
12931
3846
14762308
11138
5860
11011
7814
14806
14920369
20479
14934522
5171583
7582
1579590
3990
1210
5521
10895
2529
14931533
3256856
13207778
7853030
8962
1943
20357
15591
420
4248
7568
1682
6971
12597770
8285063
12452
14900620
11380442
9764
11
18728
11143620
1095256
16960
5277963
6926590
12116
4284
577
7572
6701
782311
6181
12230
1564638
11707
4909
16323
5711971
17610
8141
14876883
6697
14450
18952
8457
2324080
18884
3290
8272231
14947506
17406
20
16234
15041
13909
2658
11373
21743
851491
14268586
2582
13038
11950
19388
19159
12348239
3918
1101
8126403
2340
9052046
5178
4836
2395615
20890
1029
7286483
3093
21991
13154956
5615
23004
15959
17703
5296
2037
7830
6167718
12724603
6203307
1200044
12266
5241
5443999
10752502
10925
9670
12531964
21705
5983
20433
11423
10867140
9738400
8769
12812296
5606
1702535
9444806
4736
707
13188
14303
9332
21
47
16851
7159
9098239
13816840
2792
13891816
7728713
11786
6714
15323
13275
5859233
7927
991
4627413
19614
10664631
6305739
14086240
22217
1033
2696
10666
7684
15392
18875
8359
7893
12382
7049
6711
3079885
11644299
12173373
4906
473
6780
14937934
5012
1445
10289
14935089
5693
2615
9724
880
14747617
16549
654270
3564
1605
10414
18630
12059045
7187
14672494
13767112
8299
1364
8814
10233065
14083260
7615
3710
4329190
17505
1074
22951
20211
1772550
3831
17437
8357
688
14709
4108
13207
9427113
14618695
14200822
7575399
7613
18309
3596
17703
7788
4010
12599
4277399
1558
13307877
5955
14519356
13097
7084
2425
14654938
2401
9478
633
4992
4696541
10709812
6558
8004
832
5097
308
8848615
23314
13309815
17190
4460
9132
1107
19473
3556
2624
21880
18750
12668118
14883417
10629
18090
8472328
6732
14525889
3329
72978
7748
25004
16485
14053031
6130
6393
14987
12974
20652
5599
20349
9381565
6504
6460
2296
15371
3812779
24870
516
8829110
2805366
1424
1438
4380050
7941
14570183
14245
8201164
5956
6421558
7148
6185
11705
16610
22549
12075
8064
23954
14935
17951
12620329
11554
3374116
1644
705
21382
9542
11531
13793
3838
12611
7735
15777
3265538
2365
13322738
14967621
1863
3791
5820554
1348
7633
14834151
6515
22096
14834337
4831
13407
6856382
17805
14952393
5091
2534
12828
1376
11443
13963032
7245
8052
13973564
5159
14887104
1363
9857
5932
9909972
11226374
2347330
4719
17089
1455
8993709
1095
20657
16616
6403
17540
13095
13234532
23171
5592
4488586
13955
8111
24546
15726
1959669
10588
12923
9530
14686956
2647
11867131
8636
11685963
12179853
11215333
16766
9209
18
9502
3062
5789003
13416149
20796
4151
11917926
12145051
7852
9315
2925
394
5279
9698464
5575
17341
856213
4934
9864
13396992
6437
11747018
7612
2892
2058
10019792
16372
12631
2312
14570
4615
14198
11949763
614
5965
3298244
19907
3575915
6165
1538
13824027
1769
10451
14837276
7646
3391
8815726
18598
4164
19663
21815
14429113
8769
1295481
9548
16504
4188
17552
11777
19427
3901
14322867
1634
4211
3744
12176
3810713
16642
10813
1074
2624
9434054
13618
74
7868
2466
1893
9843
2886
9904458
26457
12636
7868865
11522687
7082
11426
15312
13359
8803304
6530
6690
11993
9148
14912623
7081064
13988
14239373
8823
18067
5609
3380
14662
7147199
14036
5770
2295
3923
11163152
3427
2250
14699
11465
13019670
2377456
5537999
11805291
4602253
4103
14268
1393
12824554
139
8485789
9928
9523534
13056003
6659
6689
14595616
5611
1995487
4770837
16475
448
790
5334
9540
14776465
13206
2787
740
5437
742
8712992
14552198
1118
11267363
923
23424
2195
12719
11460
18731
14568797
20713
1718043
12199773
9490
832
6633
8690
5491
12015642
11759695
2712
13341300
1692625
19592
1952
9537
17543
4477
12099234
7525
10798
17433
1708
2251
22860
6310
480024
19973
13170425
15509
1222
12863040
3472
169353
9385
19391
2767
5371
14491613
14969232
14224196
12159748
9279433
4323
12645
10052247
9955
16862
1246
14097
16951
3672
2116
4209
5733
1099
3189394
10243285
14694
3752
13272675
8073
9833
395
11364
14664790
1052
2120
2017994
5545
6578
21340
15364
8391
3568
1654
5582
1012
18374
6121173
4207
14983020
8380
13060242
2525
14892255
9768135
6986745
19431
12870
13173748
917
10763853
8732
13236
23936
6556
18197
3276
2476
17198
1793
5483100
1001
13235
6151
14253750
14745
8280
14101923
3573
6027
17050
3350
4459
15584
13101
1410
10522
11713206
5659334
9867963
4695
5558
126803
11299
11433387
10891192
2926
18076
8690826
280
6474
8181
13912973
11217
3540
11218936
8389
7670
2569
12354
17227
9241
9996813
7112
4383449
7595
6833
5063
3907
13503315
14692
12296616
15918
14523
18428
7839
6305
6935988
1821327
14985906
16925
5891
15349
13479010
21525
14571834
13810694
9981
5219
996
14787849
2905
14247202
9439
15780
13939
14772839
6354
14653330
3784984
17218
5399
4931
2011
6319
604
21015
3758980
16963
18108
10929820
619
1974
870604
3522473
12990
12130389
14419858
6820
9412
18045
20449
9200
16484
12509635
2983
3165
11124492
8821857
8878
16465
4851
1208471
9180
115612
30
5535215
2701
9857932
10630012
3584
1064
11733
16209
18
5178
10789169
23699
11028
6506
11068
18090
18216
2111
2456
11770952
14569198
1191
14874689
1629
4490
6705
13204
15065
11486
16797
4180
16706
4006
12586
10459
13008
4318
11330825
12167683
16525
8752
1650
13250729
4811380
17379
356
4764
10304
11746363
5176
10319
10267223
2246
4054959
14805310
5987
12824
409
12989
270
5624
21940
12992
3318
16869
1378179
8220
4385
2006
10021
2788
1360033
6897
11
3560
13285
9459347
10277895
6111
16640
2056
7477
2753
17733
17198
3096
13678639
13444
12795
18182
14048771
68
11759
9531
14616
9215
6801
14401
13312
17180
14064888
177
14438613
2307
3581058
1880
14866178
12335
2486
10774969
8820
13843
2343
7430
14934887
11301
4423692
14472
2190830
11507118
6881
1816
10742
8308239
7618
16033
7262
6658936
4607
10349437
5181133
5920
14976219
14979991
16191
12686797
11517597
13423
3627525
1235
3731
5478
9048
2055
8332336
966
13138209
11785
8660
5774
20105
8436
15736
4815
2271
16768
3699
3524
10865
18420
369
14361457
9648294
207
5999
10682
2985
7219
6216
1112
19510
13796
11671988
1895270
2944132
18359
12299
13355
20326
6083
6162
7437316
14639698
8888217
9164889
15147
2202582
17041
10497
6498
4676618
14102
7645
10522
10091
9487
2269
14127305
742
17775
88495
14695
14823777
333
3896
6764
5335
14673631
19521
7382
9542069
8577
7917
5308
4415
11795145
22565
5146211
20553
621
5739
3273
11711
3636765
3141
14449007
25886
1677
24423
6091
10072841
12997478
7196
9371
6803
407
14591
11308
9220829
5296
4944637
263140
14911
1845
8038
11544
2908
321
427
1789021
1738
8174
155393
21941
16713
7134
11474534
11230
2245
12735548
4796125
1668
3544
11734386
5484750
5875
15923
20030
3482
3578803
2910
5100
20811
1797
13059
3365
635
1520
7097
7387
10956
2589
10367
1960080
3543
12903
2464
1776231
780
4864
14885535
22046
8241
17097
20596
4003
9586
7825
14406
4550
12665178
14758398
16230
9469
5109
6456568
16203
635
14714369
4543
16250
5855845
21636
12533
4134679
3903
13047350
5086
1907
10620
5287581
11969
25111
14573960
9296
2794
14571666
6977001
8313
10991
11428
10175414
10183124
13253886
1350
2276
4871828
17095
10790
5902
5245
13585
6376
21324
14512235
1496857
8511487
14623933
13432329
7525713
12596
7937316
1823841
14440
247357
2943040
8018
16749
3699
19932
13382
17115
2994
4488620
7561
1629908
11684
159
16132
9006774
9869
12999079
5481
10585
11468995
9450330
1093
288937
5839
5616386
12147
22248
32
11979901
738
16143
812792
5095635
10295
10043
9825
14968496
5357480
1083
6074
13280369
16276
16372
8418
13012
6246888
10212
12929
11504
10219867
6684
12088
14865
6340
3003
14914842
11422656
5367
8678497
13436933
13442347
11147
9887
14532350
12428772
10754
5084
16223
9792
22266
12073
7795
3975538
7931
1030
5678
12179
8177
3809
18432
17279
5145
22107
8511
19950
11266
706
4606
10759055
14661440
7530
4093
11077
824
12766981
15463
2937
9048644
21369
2680
10838
14093
4879
10714154
11551732
6978
6474
22992
5941
13279
12537
14968541
20760
1685673
9436489
2912
9943
16121
5044342
14872
8744
14850696
13754
890
6218
16155
528
2844
12345
969
19187
482
11092
14433809
4971
4618106
9008
14816
2267
12357066
14812
10545
10645
13859246
2885
6994509
4792
14291
12375
7507
4662
6660
1497
4862
14954484
8156
7587
7066
11281
15325
10014304
23896
1954
10487748
9285
12960
3285327
14566719
6581
14500
15282
8908
25536
2302
12167
1747
19819
12602
6666
4266
18282
14304
22441
4432
8868
6642
10330
16855
944
13746
11451669
6230
3543780
18942
6703
281
4676535
14868586
3617036
4187
5253
13882
8911
18908
10105
11174
3620
1657
1500
213
6622
14073605
7201266
14947510
1473
11570
13738840
2824
15547
9848918
9609126
1033
5375
10120
15288
2357
7781507
6665
18128
13633
8481162
14862511
3427
14916593
12080
3566
17927
1996
410
11466
6536820
14823642
15561
22360
8104
963
4739
1412
13976
14807254
14573635
13520625
13909
61
3637
5232
12450
2227
6854476
1285
135
9836
14221175
14680721
12284001
23559
20950
8969928
106
6547
4168
14745
12433497
290
14570
12524603
474
183531
7471718
12185
11962906
4659525
2526393
14480684
14939
5884762
14966677
18278
12298739
21686
6218
5950
6310151
6356
5352222
1311
11346748
6922
1089
90
6050
11034985
19776
5548020
11927
557832
10629
7004
22640
9040
21018
23170
4538
12097449
15553
16729
2160621
6469
12009
9882
488
10491600
4145
10846
3569
14484521
6505
8849
13480055
3258
7665
8371
13139
12503
13207565
17374
7812
18593
8806
2762
14958878
10126
22382
13621
1915
921374
17779
618
2893
9481
2668
6347579
5285
16624
933
1738
22023
13939853
2570
3958
5417070
14037730
22171
852637
8049
5309
6779
3245
879
4108
23509
12482
10487685
14538379
1029696
3482642
11271
8829
13406858
5238
16481
14094516
5406746
365
13894
14957954
4373
15095
14983962
11910
13447
15828
6026
14564283
8726155
3245
5192
14739986
11312
14671547
19606
3502
13256
3818115
9389
14413752
6183
1540
8611
4500
11803125
963
3186360
12902
706
15427
15454
543
1918
14498536
11919366
8920
14371
7322
5222
10143
14970844
13749
12238756
8211
3769
12868787
4211
18234
9409
12509
9836
5556
14847530
1762
641
13706
20953
13850000
1608
14244092
620
14746290
2955
4983
13796
3204355
16323
13391265
3313
14922
3470
12734468
11701523
11867
8397
19073
1338
6809462
14725
2118
14979393
9038639
14190
13414
9653
14492366
6036
18599
14716518
8859
11038085
832193
2948
12345
10687
8491570
13054978
4283
5079
9913
6884
13400986
7681
9798
14356
20013
1943
13966
13538668
4782
12895
4902
9026
1251844
3419
6715
16027
12733
476
10697792
8059
11479
10510632
4596
6772087
2441
17533
18445
2404
10299950
3033
12198
19719
8205
2253296
12740
187
12802995
19084
4859
9275463
4124
5175
3992
3408065
8556
22736
7546292
2650143
5481698
7593
1901
9699065
14505
13243
6429
7347
12819105
9647
1358181
12704593
4956
10054
4268
9783
8004
6343
12753523
12993351
1295360
22358
18658
2826293
1962
19716
9536371
6062
12611012
1013
8934
1710
22131
12130722
7658376
14667605
19476
4198
14403
2119067
177
2729882
6937
1156365
12444022
6884
23752
14953
2351
7057691
8493
4391
7575880
7947
7044356
6660985
3335
15813
487
924
13425
23903
13274
17114
2987
2545
13434866
8518
5478558
4965
14438
11853
12857
16528
1293
12966558
2085
14797945
4357
10391599
1228
13828160
14716306
13100234
4609
2493148
9603962
1084684
19161
18300
9083
5853503
534630
726154
14967901
1697
10389
4878
189355
7342194
14321085
585
5172737
3045710
2741
10094419
7602
21545
9622599
13519102
118227
13526452
18150
8543
7833596
6492
12555387
9204
25637
2058
10308
19240
5803
18923
12546
9562561
3467
9919
22859
5726
4764
2564840
11295
4195
94
18351
3807
249
2321583
1563
5538
9944409
8784
22171
7679382
8663
16552
10805
21157
14608546
22050
13238
13522875
4210604
17528
15799
948
46
14660408
10118401
2355
4664367
3836023
18967
1696100
12897359
10052
9159727
13182
1141318
2008
4184
15325
2146599
10288
20625
6189
12585853
3411
2361
4584
19505
18586
8975
10304
15268
12153906
12837
13624285
7304
8264
20760
9699
3999
12540
2600
5876
12981
14037
19771
985
5005
706
6544
3902850
1126
3217
2988
12350
13133457
2982
3607
14985893
8206
1168
13572
11717036
14647091
3096
14389900
2248105
14859127
11209858
18187
9158
14451
13459
13090331
763
7966122
11361928
4186
481
22233
4489
3903
10632100
3339
13942
10007
12968
10886456
10409951
964575
14141398
6927833
21251
10095
13967
20122
14451
13387
15935
2812
23537
8793
10627533
591
20475
4102
3565
14986595
3082222
5541
5854596
4020
9292
6928
5581062
1469
6084
3348328
6616
4202
13699
14980156
8072537
3146
783
837
18019
14043069
1586
7019
13468204
9451
704556
4610
14251869
11508
10977086
12850225
12711429
11694
14073
5052
13191271
2047
3387
15079
13361990
13476930
58
4504539
13902184
14898340
7776
13649103
8242
9894
13475
7281517
15019
6726
10675777
3526274
8470
6885
20710
14814958
5474
13011439
19837
5820
2688
1877
5397
10003
3675633
3900
11141200
8132
8787
1658
7745461
14479545
9953
14264522
13284
672
1338
14495173
1865
739
1438
8883090
7721
20836
700
10254
8141
14937400
3252
8354
2959
10228
6102
4474887
11493
2336103
4285
9474
6991011
1374
3811
10099
17372
2595877
7369
1926
8701390
11850312
6604
5922
6857042
15652
4977
1784
6652361
9599866
9101866
14953966
8507
20195
8241
2150722
119
2458
9926
18851
19490
2908
13834980
6061
5306
888
7522
11358578
14941921
429
21918
16904
46
840
2501
4795
5231
6673218
7866488
14923992
22283
16751
9461039
9432710
15462
18484
6214
9451148
14907
4374
1966404
3721993
14046
10538
7750
2000
7141
10637
10616
14466504
14978640
1161017
2383
2082
7105
13903
2329
4501
9717
6237
1092
132
14435153
1605
15456
17312
1460
8542
653
6471278
9265531
1791
10945
14818659
10902966
14254704
2905
10360197
3172
12650580
11148404
1050447
12521
1460
22350
1791
4456776
14978788
10828338
15602
945516
21905
2104
15697
7625
3187
7933020
9987
7183
9071
1544
6786
8284
12086125
7648
12375544
14308026
2689
648
1654
11324
10665
742
13525
2444847
18459
6298
9328
23813
11708
18919
4855703
6189
2345
17983
3033
3165163
8219
2345
13361852
597
14966929
13901
6579
7863
6256604
14604667
9787
12825
7158111
11387444
10506
2315
8622
5203366
272
11804
2649
12810254
9945
24744
14477190
3954394
13950
7678
17447
20179
15349
4591
4159
370
21257
8590
3053
2924
22865
14548608
10643801
6316
8141
6415
4028
11040
24303
17204
595
9229
13045640
11386
8360
9961
12985001
1107
5297
5937
5164127
6233
6026
15092
19451
14677188
21540
2909
7595
336
8720
6811969
5256
253
9120020
2515
13776337
3840
2641
5080
167
5952076
3244
12767966
13972
5653
10706
2636
23163
7444
16067
8912
1884
890945
5202
9122
10997
25
14895235
9319
18592
10769362
14936924
7152
14668220
13048
14931117
21786
18393
755
11660
13540604
8150624
8749
14918364
10680
18380
12938125
11052
4812
14503362
4654
2417
5831
7415
4489
759297
24101
9
10985
24182
14943752
8494
16579
8123
6552
14912000
13626
10299375
2840
14882051
6112
14263
4386
3475
2820
110
15070
10860
20224
12109
13418
2825
5875
13544
19182
12881982
13928491
12786
12636
14739259
2891
13208293
5361
23568
5040
3752986
2677723
16024
11004095
14247090
7977
3876492
1848
22255
3150
15710
11416986
385
8944558
3640
20400
13202
3506
5849
16750
13476
169
4117152
12811439
11527
17146
2083
14353
1756
13863824
9259880
1058
751
11255
6285
13828
4758
6221
13827064
4433
5513
8760
2462
11193
3481
12627
7018
13112891
2300
19945
8356
5702
1628
16652
12524
430
1695
6109
1722
18490
3884
6191
13855049
4015
10608
14477155
2718037
869
14460741
638
5133
15725
5094
3932232
11440
10838172
14061948
17243
7611560
10668
140
4557
3925828
16775
2839
3287
6971368
7536964
15326
14884531
9097
12473498
14435645
16210
721
26633
114
13902
12364619
14581497
24632
10803
18998
305548
917212
131892
1157
4322
14964523
19253
4841
11342
14132580
1485
10887
7413
6006
9480530
10768
4953745
14659960
14522
5137143
4430
10748190
2145824
1638
11523477
11497
5831
14605314
18745
13667672
22486
13673746
10326
14914635
1163
7726976
3168
2814
7994
8505
10234
6682
6375
4310
8475581
13312587
3249
10852
14658894
7061973
14881909
2823
13112112
12935481
2659
6738
17092
10661456
17039
3506
710
11754
1127
4365
13742486
15759
13625141
5329
638
6458095
6420430
19438
1149253
11078565
3766
2941
8415152
5724
6634
13016114
14973994
17604
23324
10159278
18760
13329
2362
7184
8646005
12118
13985222
8134
11873
6866
10467
1511431
3577
3146658
4876
2889
9848
2907
4046
4555
3270
2108
10852
10890135
3936844
11084
5099
4727
8368696
13081
11385
13913
4306
4678908
1655328
10166882
14579950
9495
1695
15347
19544
13557
16820
15331
7460
393
1174834
8360964
18575
1424
7771
2326
2237305
13186406
5331
15019
14519283
1824537
3884
14882467
6889358
2863
1864
18419
39042
9309241
12982361
10174405
3217217
17958
9050
7053
7150
2899
16989
13098134
12130584
4166
619
13742127
11032035
12094738
8941
7561
11408
5786530
2563326
11570
1595724
1081
12073
12711520
409
6898
21131
21122
9258
7746207
15955
11350
716
15867
8736
14975758
5795
11501
8168
3621
18816
20748
3208
14342089
11028
7414
1276
11411
489
5509
8159
12471130
13922758
10400
11791
8330835
14940082
18829
2753
14963780
2922
8360521
49
4003
5463
8076
3896
26663
23981
10433
12045163
13630696
4954657
5237
407
6582821
13245904
22450
12529
12759825
4252
572
7743
8995
3786
10118942
2939
7717
14777947
10148
2972421
1928
4866970
13737353
14900702
2103544
7389
10601944
4185
8004
14897036
14985901
3787
4679
18453
22280
18586
2638815
3574
5991
2992
16799
2188
5609
14504
7030
17232
12589500
12908288
14521888
3607460
4524
11566372
8282722
2069
976
11981234
16132
7372
15485
9799735
3478
8480
5351
11712
1285
2343
616
14195
1160
7390803
21738
11712
15575
3400
7706
14928346
451
10917684
2684
3025
776
14274351
3235
4077
8008
13443
12514
7722
3339
3210
11257
6652
11237
8570734
3418914
1479
8915615
2054563
340
26744
11571602
6793
7364122
13403
14715
10205
4289
14867072
20286
17597
841
15203
5668
9298
3702
3894174
22431
1611
1257
10733939
1534
10721
17904
14799994
14273104
6264
13730
7651
8704967
8287
9002
3922
4748
2470
9513766
13162768
13961
8026547
6455664
11184
18811
13877689
3783
6618
9628275
14619396
14206807
10359
10730
12423
3028
2473
1768
18695
16690
10946342
4664
1322
3520111
753
2848
11548
21018
9249
4380
11868781
3060
8569002
19712
14512
2506738
12621
4892
13766
9984
1155
7947
6296
13525
4501002
2263
16884
5141
23188
12983
10820597
14841582
8156146
752
16476
16752
21936
11137
5590
731
3555
55
11404
4695
20795
11750
14896
17520
12235
2960764
11643
9487
618
9924304
1664
7655
17615
24481
7509721
3951515
14564130
913
6776
4039
6905
3000
16384
10751
13555261
11380
23668
4941
13207
7111
3667
14782
14712
9782
3537
11085
9295549
12916745
4033023
14812043
487
21277
2794
3271
7965
7636325
6310
20261
4979
7405
2843
16104
1718
7464
12087
16304
2829
14525
8001
910
964
15157
4357
13100
9734
6896
11129722
19756
15857
24934
9278362
11766
248
13048108
9003
446884
9081147
2731
12267
14281817
4765
6749
4353
14280
10762620
9486738
13899
2712
19591
4442
11791
15595
20185
9147
6776
14889739
6809384
14377722
10511308
3537
16703
1629
4715
12130318
1692
2921
13127
25012
14731126
3519
14902
13385
10234796
800
17112
8913
362
9971396
455
17850
2030
14467580
1186
14545964
11643403
17206
2299
8173
1925
2652
3258
5288
15584
15977
10924
5105
6610
14910558
12021807
3911021
4280
3897
14196412
11360971
14742241
8099953
4972
12597
15549
6202
12297
23
5301
11156
340494
18166
13618954
9576
4021
14957465
1951345
22944
4109
2473
4427
23107
14832420
2988
16795
12954
18865
3737
11986
5320
4454
12737750
14792670
2775
3005
4595
10445344
5419
7878915
14163
10599
4306
3573
2654
2138
3150063
19839
8465
15801
13831
8863772
14922679
5379
7008
5359531
8449
1272
14229087
2136
6931419
8355
14846037
6431
2974
19442
6643980
13515
3060
1430
6973
6613323
20864
15661
14989507
2408
10605
5879799
7873
9875211
2748611
1814
2521
1128
1613
8456
1526878
6464
15122
5402
6775
1575
3607
2399
23646
15503
7372
444
3529
6038
1980396
11255
2160
9571
16241
10492
10345
829
11954
5658
3460
9113
480
13921193
11453768
1906
4752
10329977
14115931
2467157
5924
1432
3035
11301
646
14018700
12160
1692
8757980
7630009
14976249
11728517
1968
2895
10397479
12833
14873447
528
8196
763685
13549102
14807813
12477
120
3640618
10968150
5052
3657
19029
1093020
2055
6021
14693
4003274
1860533
8360
936
14926529
5679023
9205
14768786
6839011
9031184
14939863
14813659
3725
7445675
2050
14687191
14578
14397899
21386
14598676
3164
5785
5178
327998
3324477
8158550
13639835
7846
3870
8696780
7282
15271
19930
20988
6829
3218
13446237
14834581
11298
735
6835
438700
7117362
13973999
14183
3386
507
5662
4356278
2618
9457
4417969
4569
14635577
2595
2080
6069
14934881
8188
905
6173
15085
2630
350
6046
3126
246278
15314
1062
1834
1303
3488
8108
16386
6180
8221
13862
8076186
5332
11754037
1833
487620
14169024
9709
9988
7971
15463
14738280
12783555
2355
2568
475
1187
14538646
13215
13647561
13574591
5264
1217
19407
3612
120
1712
4769
1015
8896
12796127
9505
13964094
4004090
9848
14333035
22433
13886
22842
13688712
13026908
24110
304
8441824
19959
5255
6958059
11601
14681971
3841
8707697
719
11412
1558
5855774
4711
973
12621218
4181
15656
3734
10840729
7385
14869144
15862
9151
1766
5566
1622
11272
15051
10867080
480
14000
11233
10213461
1423
4165
13142
10517
4501
13149999
5576
10900180
13526101
8135
1504
360
13055323
8273094
10485
4584635
3328632
5301666
4047
6468984
307
10495
7308
361
521
6496
16216
1918
10784
2469
14533039
7291
3156
1172
790952
13430227
7167
963
9595
15845
16626
8356
21620
153
19063
11879374
14278868
14655
13002
11387
1154
4364
8924
1677
4905
4431
12719462
17777
12258
6936792
6930
4894296
4965
21716
6982
21763
26544
5999
9565470
5684
13327768
9609
5930
18347
8622615
978
16277
15842
781
2009
23138
19685
14924889
3742681
12006
13856
4866
11153
11267
5934
10904
21490
1202817
6935508
14716445
5405
8553751
7231396
129
14963654
9638036
4603947
3816
13621527
22488
11301
7484897
1324
14062
1189
5764
12916
10097107
1480
5919
4256037
20340
2
14345
9781
11158
12908
1812
13826
6197
21692
12855
3235
13746
10428445
8428
16078
14103
3535
5359
2341189
7608126
1082
1727
13620251
14597
14093620
13425739
2159
14969620
13177
8733123
13571
13157510
2029
1260
12389
14939759
14195989
10868111
4874460
4503
12816
16654
14965264
11736151
4544
661
7714
17592
575
10976
12983284
12012
6082
14327830
14943915
2458
7889
5962
2103
1256
2141
10427515
3146
7950
16222
8877
6347
3839823
7068
12388292
3733008
880225
6223
6507419
17879
7377
2176
20872
7782
24486
14922995
9553
6812
21330
12941
11771
6782
8643042
12954022
10601
5473
12800934
14920
8468
12237
1001
2341
14922
3396
16181
17102
12649
741175
11929542
16639
2674255
10232
11172
5588
21093
23097
24800
2818
12645
5969
950
7088
13997
781
2681
1753
2430
12275
3891
2241614
8909
11835
9816
16497
14464889
12684
11063800
482
22817
840188
3929
1837
4484
14955514
14590383
14114082
2300
9988
24218
8362299
11589052
11851
20265
9557636
19244
12800
1350
3045
24588
5823
4677
1115
9711
1778754
11198532
17800
5022024
7410
14965640
14177643
1332817
5043
8872533
20939
1851
22884
7377
1989
14939800
20764
1478
11825496
7146047
12152
2058
14962953
899
3164
1904650
10023085
976
4603
4681577
7812
8366
7732457
404
13844491
2480
20276
338
7203289
11123375
12831
7369
36
1039
6521
3798
148924
1936
11508
17503
1834
23183
4339
10071
6675
9809
12519
18457
6015
14773378
1225
18745
214716
8967758
3498
1469
3621933
3939
14256821
10474039
1764
11576
659
14395919
3484
3842
7855851
12623
16634
7817
9253
10037
10
8686
1323
9746
2185
4510
10046
14976481
20060
12075760
10759
12107
15852
20710
14184529
8370
8819
13645769
8966
7431
14823163
1188
1702
10061
2658
13286384
23357
11409811
20023
14972836
6788
4233
392
9388
10402979
2776422
14922117
1897
12631820
4834791
96802
6736
11456
12310551
12932
2285
2375
10540685
12605859
16612
9878
1302690
1907588
5365
8513
12779
10453
11235188
3111
2376
8989260
2964
16890
12151465
9138
3014
13992254
9677
20980
10224419
9293
3507
14648
14036253
9230
878733
10758
10604950
8630
255
9698984
7185011
11798
13882493
12895
10611
5826
23660
11964
3457
2326
10156
14910087
13882
2716
10432997
4254
61
6097
6351
12009
18828
9723
7971
10462941
9443
2260887
10843589
1245884
3785
13359441
2979
3514
11702
5639
6190506
1508
2262
16295
13265799
746
10519092
778
9725548
9583
4933
4194
1418
8983733
595933
14121284
5493753
12108330
440
20035
1029
15298
15375
2116653
7024
10793825
13105
387
5817865
5982
13184536
7195
6030
6794
13551591
5521
8209
2841
14968581
21759
2312
21761
5260
9294
15239
17814
13635
4049
16921
25008
1164
14889506
5138838
9045
15971
2672
5710
6161
5015
5409
10367
6453
4334
11404
7081973
8227926
11640629
7949890
8991
2259
8062066
12802
11728615
14833241
15600
5982
25527
14054014
12260518
4042
5537
14938107
9355885
10916259
7136
13936575
13169
400
4904
4416
14369340
17438
14146935
12711538
2295
7949
1630
3762577
2070167
2484
13518875
6935
7710230
14077
4689
6371
22576
17774
1554384
9569
3003
21732
16663
20211
2046492
1213
4927440
3341687
3099
10471580
10223
2138
8360
14966
4051
11509
15613
5662471
11780070
4035233
1094
8238
12117
7962
11110
8460
12939686
819
13361
8467
22762
14087202
10756
10171980
14896513
3352581
9826
7007231
7053718
6868
12642
6850
4344
931
10013515
22745
14208018
798303
10375746
14162505
8419
284
20378
14914556
14369111
1728
10129
5353
3494
4377
18422
10900
710
18432
14931968
4343
24009
14970266
10904243
1985
2775
14318
1150752
14066103
11494334
5044
14865
11823601
3495
13706
12431
4402
3337
2984
3607
20530
14507
2034635
5491161
5391072
9440391
5299818
13427574
4336
6060
18721
6571
1670
5573
13718116
4227
12971
16831
22111
1480
7900
12343
13635678
13192
8096
11272166
6554563
9247
17333
3171089
5355
19400
13578
8302711
14805035
21715
6466
8422
7076
12335649
806
14684318
1397
17144
6587
8148
3061050
7727
3376
9826720
6988
1311815
5484234
18360
17427
5189
2403
14792510
7085050
8589
11779570
28
9171
13707796
5387684
6427968
6253
289
24414
3951835
6728
2093
13034770
653
15171
14858377
26169
13828
1874879
22873
2119384
20674
14969956
1888
9829
3760
6559
5205
9603
7514
5662535
11818
9980591
1786
7666
1085869
778
11169777
28
3447
6997068
14688944
7664687
14967342
18212
1333
5564
22562
15724
4168
11621414
2816
3340
11999891
638
17403
7393
1432
4294
17319
23814
14077
17711
8822191
11621
9241329
4257
6199753
13775
2952794
1582
4626
16036
302139
3921
19402
2326
14969010
1493616
16726
8485
6153
13910579
990
4194
6517
14045763
11795
3114
17014
17472
6460
13947081
4074468
12645
1780555
9206
3805938
3963
12629
6795
8506567
6347
18614
17971
1181754
1972
9842
3018389
14495
3882
11225
3065
13758692
696
2621
175
4258
2686
2946
1462
21036
463
14614611
512
13016
9154
14936284
182
3421
15679
23188
15405
1572
22259
32410
514
14368492
4836924
2137
23819
18594
17165
9945308
3056
5079684
8278763
16160
4453826
12914526
5623
9809
14979292
904
13712
4910
18038
7406
13614352
17316
12393
8195
14970379
14968960
10228430
20286
8284
8020
15412
9246313
1735
1414
8091736
724
14617434
2535
19057
6552
14508
11307737
13635687
8612
931
14320246
11872
2701
7978
9613
13075761
4993
2085
22847
14900006
8860045
14927731
2041
1509
364914
6185991
4431
9582
10431
2981
1488606
9578
16891
18611
306
20
8445
1307
4206
10185
4747
2491
2649850
12387327
2533
247
17876
14260
5344
6044
6072
22511
3336
3727
451
18324
21212
10671113
16795
5461
25696
14909249
13178
18342
7125
4585875
4375
6652710
717
18273
14900211
6950
12697065
24821
13128921
6884
18577
11895104
18449
10163
13170594
3978802
10254
12378
9874
5891
3924786
2143
6228
4354
3996
3565874
2092
2976
3157
1414815
18592
9693667
12043715
19752
14348
16506
20540
9502
2246
7507
1409193
20549
3471
443929
14793
2503979
21510
7544
13120
14604064
5572
3098
6495
14783092
13504
4573503
8622362
13001
14791235
1215
12400277
5806
7005225
4899
597640
9359519
928094
12649
1592
8063409
2625
6771
3889
19986
8486149
293
11171
18328
14427162
16792
7602
8062
15110
3844396
14837476
15549
3870
22969
16988
13178
4554
12986
25538
1038
12396
4598178
14082044
7344
208
9428
21804
14559
1464
22720
10323
15137
18053
683842
4274
3005
5856503
1408
8645
6200
15821
6032194
9480
7008
12997809
7616470
2585
5159
13727613
7111
2992
156537
14898725
5747
13270
5199
1621
1100154
21412
2953758
3619
10268
12841
25388
18556
11982
2112
4591624
15808
10039
12284
418950
9297
8048
12322
11928
14216998
4164
3697
9168
15387
14115846
11233
4035
12727334
174
16366
11055631
15546
8909
18276
9461
2561
15362
5825
2064
4924
5759
4752
14953673
14357
22859
14962284
3186443
9640
9420
13839173
5145
13156022
5913550
4183124
12658
9211
1693
3116
4366
4193
13007
8351
8563858
12455
18571
17639
13831957
9298
1795041
6669
11728
1438
4131
5609
623
6632
10239
14640
7409053
14376088
6826
14968531
15788
4076
15523
6856
3088
12513
10798524
13702494
6911
14638655
14980859
17612
2785
14478
13333469
13587256
934
22
6382
12263486
16148
18350
8621
1888
9863
3247
600272
657
6971092
9779
7367
1926
8414
2355
8578
12090
681
20071
15419
1374093
17126
3119
2336
925
2321
121619
7301
11413803
12327
4021
8180
14905059
4900
6706448
14607649
4207775
11078416
1727
13320
6708
10083
11779
8336
2721
2434
19012
6444
4733551
7108
4826
12813035
9071413
14556941
2907972
18812
11058590
11334
10926
5280971
6565
2808827
9227
133614
6080
13746271
9265265
388
14117
2104
14501
2454861
13777680
5389880
14047795
6911
10573015
12862
6727
13135887
3953
53
10888
9404
4796
15806
8498
12613689
11561
7137
15975
2773
14382
791
10772
1504
12009559
9442606
9707
12850
9311
597618
9171
1253
14017515
1713539
8600
10530
8143
17174
9166632
5853
17947
8631950
12475
17566
2810
2119
5031
4992060
14880
14016
13544
8002
1850
14309
15966
2890
3167961
14169055
8020
262
5668
3705
14971084
14582265
14965748
16969
7854977
11243
12072706
26615
2793027
17296
10565564
14553832
14657
14674974
4467
6901
11252292
13692909
14056771
4638
20013
11199816
2867906
9374208
2471
393418
17
5429
8902889
7427495
5420
18777
7788
13728651
6821140
4771
18813
21410
1264
24553
14962944
8091822
10988
15270
19560
10592
12073
14651
1400
12019
14844786
12876
12410120
3736
4828
8988409
5861
4281
3323202
12412998
21822
12695592
7419341
7534
6614
9811536
2828
715
4086
27007
11260
13760
1072
11094
23400
8747
15941
14654
12519431
10687501
14036
3052
14887595
2823
9203268
14984807
1419657
1840
18182
17154
19884
3711
669072
1493
2522098
2346
1395
5402
12192
4358
431
8778
518
1415
8085
10344
91304
17332
4465229
6744453
11188
21031
1148
21
12584
9966
2348
3395
2937
14782
2658
15957
12774
14022713
17536
16627
2263771
8561104
2390022
14985319
7000
10175024
1380
5567
14167339
16155
17335
11503
10061
14517272
14060
4025
4679
2845
18290
3209
352104
14631
9781
14953119
4318
11089
6704
8627
14021144
10789
2057006
14422557
7705
17820
410653
7055
9522
4012
555
736
8436
5280
14579
6635
594
4089362
10440
13646780
14938431
14975
10061
4167
1381
7849202
3547
14514432
12418957
5881
13207885
3101
559
8532
2444
14874647
7233
14735494
4228
4463
9263
9771
251
13556280
2035
3082
884
12198
1422
2962
7987
14255972
23373
14426953
4421
12579245
11158120
16998
7767
14864674
2787
1989
11987586
7313
16322
3251
10509
5710902
11739
10379808
3188199
11215331
4274
10385
757
17954
13589746
18857
4581
2562689
1871
5107
8689245
22196
16016
5567
18977
1629
14692
7021
1087
10632802
6664
16871
26035
3569
6381
819
19681
5145766
3512
149
14765815
6918
14966003
14407637
5366
6723
5115
9358
2915
7582
5211657
7272850
1895
13225
559
12909
9143
25277
14576
11159417
14954468
8574
14162
10350
25067
21607
2763
4397
15369
16450
11470227
13517327
10826498
14753
17913
12730
11589218
25616
14656082
14933356
2287
5182302
11144
7257
13540076
155
6513
9871
8386
13360
14659110
11082
10204615
9580691
12840
3807394
1802
12793361
15902
1443
13155494
16807
13339136
1739
4305108
5488
127
2597
210
7547
3088
4261
9096
25424
19941
9825987
3407
4385
7501
3667
3964
25244
20509
12118223
8375078
11059
8059
1864031
14729
18129
11406358
12179
6224
7927
10465
22877
8960121
6964085
7891
4305525
25963
11096
5810753
12425
3029
3733
7474
5304
8070746
6599
4710
15
9367
14311
14783
21564
6623
16075
18507
4192
20117
6534
14788
8707
4977
10448
6200
2158
14928305
2223
16895
3661921
2634
1675
10288
10161
5088
14642234
9887
6547
9615120
235
443
3333470
5621
7504
6334
19611
3628
17550
2667
10690808
14428987
6607
6339661
24549
2589
5803
18421
19858
14493995
9883646
1809
5836
14104
4080
14349683
13616886
10821939
10815
6517
23850
13837
7635
2997
10732
7583
825
5658
7744
7775
1158
4001
5627
1108
9296715
11300
1095
4368213
11162
16485
9490
9313
832
23814
12765
12427
22291
14856288
913
9324
14937848
2967
13333145
14088559
2726643
7002995
7038185
13472318
6871
9518
14890
9273976
13358965
424
5154
10481730
449
5863705
6692
7578614
1399501
12220826
15851
13410
1639
15043
7498
5873
6160193
10123
14686628
3497829
8952974
324
592
5120
2781873
1834
14282346
21468
14868410
7262030
4442
4396
7106541
9517547
14817470
4027
9322
11453681
3974
12498
12619
9539726
18208
12183
1625
2203
10330452
6232
3239
11413
6756
7468
5354
10525
3437778
8397
4672785
18063
13965
13422
10367095
3506284
9895548
14946217
15688
8374103
4824
5869
12608859
5941631
7875164
14606275
8477
7870
4177
4638033
14364253
2153908
8306
19628
3300775
11340
5980
7974949
2720
3232
437
14066693
15636
4857
3992
3917
10096638
4309
4930413
10819
12002
5738
1516
14897618
17000
3760576
6812
13338467
6697
8004
14365188
921
1891
840
6702
14584246
17999
3085749
8260216
17952
11088
14626
3361
4378
3650
7357
4820307
15736
415
5287
11117892
6486
3239
9309
12445
8877
3424
4826
3172
14963837
385
13445
11791939
10855
10482
9348
1610202
12826
14954564
4922615
11755214
14913092
6065
3195
6407
1481
5903320
8260
9399
6129
632
1054
4809
382997
5527
9309
67
571581
10603788
22303
1370
16416
5614
4277371
1152
10139
11762
9925808
19726
14664896
14354
7895
21819
14271968
6473596
11571
7798575
5706
12189109
12150210
733
2123
2972
18891
12624
7726746
14066890
14738
10630
1080
14959661
11914
13414
5964047
14481288
16705
6353610
13134730
11529
5488
13973482
3901
18368
1450
5789
13168
13976928
4616
16452
2463
9056598
19085
6036
19000
4391660
498
13239593
20651
9465
7102
9173
215065
10535285
11826693
13865560
10105
13819
13641
556
12775127
10740519
14926246
4404
9935
4039
1659
13398
18597
14165963
9209
8359
14253066
5090486
9685
5523
21721
19774
15953
816
4108
10602
1335690
10554
14879451
5457080
11437
14765
2577575
9021990
3311
14973422
439413
14935471
25582
11167
14979024
98
3883033
5367
16359
566
19464
4244
19264
13537
9184
10787674
12503
2811548
16979
6280
6279950
13261784
12406006
8620
4550813
3343867
2263
15492
22980
16781
4322
6766
7066
6775
17313
10821
43986
13685966
1519
13959
19918
10615
3277
12054264
1394
8053
15279
3733
7688085
4330
6922
7647
10286
6454
16572
10624
10417
14874
21829
2016049
662
14278861
24466
23302
154
1988117
266
3034596
20639
14542528
296
7455
13489088
11883
637
9221204
16593
8500
11794339
480
12011
1390861
3306551
20740
4710
25156
6637
10052
13854389
8031
12285
3669
7874
1228
1663744
13896920
2970
1686
2886910
4163
5192
5335
15972
13623257
5129
22316
14203209
9340
14000098
2221475
5269
2227
7595
4591391
7639
10712
7526
18215
2291
6865454
9314
5807
4017
2037
2365
6348
597267
9693
12289
11243
7822
5530
13971069
14762
2911
2149
6803
6967
586838
6732954
7958
9872205
15446
13936585
8566
8249
5450
7532
8551809
2271
8111
2405
10814
16631
192
9192189
16782
2124
6642
15020
5016
8077
10636
15149
12256170
296
9502
11177423
16913
332
15110
11132
14929153
21263
6011
11421
4936
1861
4633
6332
2220
6039
9015
13732722
959383
14193
14609268
22618
11985
13712566
13706125
14378
8862
17716
14369215
7179253
12081
14557866
22489
9523903
3713
25258
1218
9105
14283335
2822328
1501
3708
8501
3595
12034334
21819
9488
14281476
2205
13794132
13170656
24863
11516
5193
219
4684
3742977
21161
13412
1243
5901
8963
7726
641512
11189152
7773
4069
10997008
17309
10079
14962383
8657388
4221
18819
21756
13612115
16333
7541
7772
1284
132983
14655288
6882
14080508
7620
4422
13932140
10779110
12457571
1669004
14917410
9040
13477
676747
17290
11950595
4647388
1502
1083
20497
8046
9503984
11311642
11638
16296
2650
7921
13689
15694
20237
5574
17424
5874
2196
12080
14054
298
6325
14716304
19599
9998
9530
23048
8532
1818
8075439
9391
6710
14158865
12752
19070
23364
8505538
14547
19114
13906140
7795
10583045
24975
3429338
4363
184
4014
9457
11745
3221
14959684
23178
6118442
1227805
1277
4881
3890890
12413430
3729
12737
3372178
6276
20435
2976
12122
10656
2753
2827
10025
14862
483
6714
19513
666
6624
12783
10808060
576
1745794
14174913
14923304
1183776
11000
981170
15414
7989
3523
7806
5116
17827
8284
4872
4456
2418
14052
19999
14510
14549232
5393
8265
1575
746
6511901
1980
2397
6147
4381
15792
6254
12669627
845
12239
3657
873
3759
7492
2810
13726425
14701830
4653
15629
1944
602
19974
21926
14963843
11552
5048
9603825
10804
17135
1031
13713
9460463
20277
6314
10286
11709
1947
20442
14951872
11167645
14683811
7314
14913
21563
8743266
13061320
17184
20537
26694
25
5084
6681
6074874
11681106
5518
5277588
7373
13102124
5471
1166
6106
292432
12265
11633
13952
19458
3643357
13555221
9474865
10836
3676
4487
8412717
3783
4254623
6198847
14821616
17456
1112
3956594
13708994
12431170
8553
3990
12104867
10910
22356
1307103
14926649
14975613
10567
617
11473
2750
14926840
2213
7762958
8390
6781
2588672
8227
13005
21433
10203391
122
6193
22074
13394
736
48087
14103918
5623089
1404
1132374
4433
19558
3973
3642
17399
913
24984
7478
4583
8734437
10281288
50
5506
20957
348
14602544
5645
3745727
4623
14796
10967
2298
11925
5970
7483
20564
7925
15924
13937706
3219606
5363628
16799
1207
255
11433033
14188470
1143
5717
14311
14492594
10305515
14324299
1307
16557
3053801
14875
11131
10893
13266
6990243
7030
4375
7789311
9569
11749
11678
21314
9547220
13443403
10414
3481
3884
14611936
21074
9499191
9916
2999
6897
16851
9219
954
222
1311
11419
6652
10832
2810348
10383462
12413
2831365
18387
2924
20396
3050
14980046
3956
13743843
6677
15304
5739
9633566
11370
11695
14514800
7203
7564234
12026
21459
5511
6732
12277194
15982
13880001
14836659
6485358
17185
2769
8942328
2446
21596
14678
14887310
23313
560
12693
973
12519662
15295
8845
12984425
337
3096039
10268
674147
9762234
4614
10756404
13040
10954
18619
15909
11451
10463
11938
5311
3546
3146
13819354
16024
1702
20313
5875
12537831
6875
2421
8688
6096
5619306
18577
8379057
18621
14401987
144421
6420
7227
3700
5462006
9388
13015
979531
14635392
29150
14867522
17057
279
13819986
9181
13911
14129577
15041
12732888
17922
19206
6844
2706
14966588
640799
9429
25985
11606
13758531
9432101
3748844
9606
3055
6297
4839
8858
7746
2338
17066
826
3866
8901
12348
4808
13339
938
6520
13272
4248
1624
2816
7375
5014
14437
10824
14897
14982733
11372626
4223
2347
14039661
14865868
4055
14820439
16131
14904452
12577487
5040
5603
5529
459822
15682
5501127
577
12245235
14734417
8045
1257369
8655436
4177
3352036
6411
3682
11624875
16393
13694083
14946145
491
13039897
6156
3641
5556
16750
11980
14493764
7701
1177
17988
5148
14285771
23784
12760
13662
17617
1933
4256
2204
8308224
6271180
13024
9756
17357
2437
14935090
18638
2870
5271184
3161
2753362
14811388
14938441
10848
7585
8781466
2099196
5784277
10557
2002938
14827274
13477479
57
19973
2639
871
3669970
5237
6457981
17627
571
518
2951
8494
6232006
22627
11779
8274132
17082
11259
8344
20671
11385
15775
13962
9220603
8426152
10910206
14561245
7332897
8021527
22008
9038
4431
14362623
9187732
19176
22815
22552
11566
220484
13970
12454
3252865
3126
14718297
3121948
3264390
5757
11838
1230
14734036
692
3213445
2335
15171
16271
5494
10890
10638
14932618
20063
13074
9177
14211848
18176
2684
15243
3002
7761
18441
6567088
7828671
10180303
4900
12128036
13268659
10859
16392
1089
3582
10526
18336
5558
9396
14615149
6778
9083
4505
4152
2550
15638
10349510
2812
5158
21807
8208
5965
12886067
7423847
13177980
8702
7842829
14388767
13584064
88
4068
11347
14060
6131
3628550
241
4224
9205812
1902984
2626
14596185
3571
12344491
8916369
635467
1099242
20031
12798
16179
4762
13038
522
1229
3790
13050
6935293
3019
13095
12737
14968963
661
3920
3405
1543
7226
7918
8025
3176177
3578
9842
14418
14586637
5427820
13517174
11987
14252
11678
3251256
10121425
6086
4874
10438224
20409
9146
19749
15436
9190
10114
4643
14477578
16985
285
718
1368118
4526
11363577
1666
11998919
1700707
11600
13167
12576
10903
10310
4095
13753024
10677
12258198
2683
13347339
16576
5442
2435
8985207
4920
1219
506
14881616
12613
14461118
2268
14825
14968664
3114764
16017
685
9281
8910
8470
7038993
1782
11649
13855
13932
19664
3419
2164
11002295
6296
560
21141
8114221
10510
14760911
5175709
10515
7496
11161498
5046
3724
15850
19048
1785
13877206
4223
1987
12377
17508
14865843
9186
3568415
12527
11977198
93
10369493
19474
1532
1801
12797
14888323
12017
3666
3821
11730
14862
9384
17829
10119791
12378477
12346
10983
6947
3888472
6933
11688750
21867
13972
11402
18050
8222175
14694191
6849
11855402
7496
20770
2591
4674
495708
17128
2595
13902
5984
10739672
2825
14737002
10449
6850
6669
8895
12970496
8316577
12599
1382
4148
2580
5244
2727
2830779
11785
12780
1299
3969786
13491815
6550
1204465
13217967
3185
3566
3371
16979
9943
12045609
13529113
14916424
2184
2140065
2131
108
14594032
3141
2500
15370
8881
1957
14803
7767
12531742
4656019
5025
3602116
2223
2403
15202
8791
2189
6689
23028
8706
12525
13297
15984
3367793
16688
26346
980818
1333
1659
8749324
10401
22657
13844330
4279
656501
5256
1991386
5503204
8077
3748860
13277
11964
14784409
8339048
8634
13294
5409545
24884
21729
2017
3573
14024681
567
1417
13289203
25675
5954793
11040
1225860
3689
17587
14977869
16045
12005351
14958405
12293
12215
18752
14748484
8140103
7479
8762
8468
13897222
4437
10680
7146
10854821
3129
10457883
17894
982
586
5581
8085
1195
3415
6371
4370
669087
2450
5388
14108365
2125
14927439
11973
14478938
4237
13035836
12727
14067702
5934
13825646
10862
2192
8222184
7875
5939
5853535
1603
14528
13435620
35
12032
25000
7400902
15218
11294052
14006
8663
8450894
3866185
14178508
884127
12911
13909
1543
9600641
323
13605020
25653
5223
14972347
16730
8756
11092605
7065
14559091
21653
14779840
203
12301
3069
7769
11
21923
6655182
13900600
2677096
8177
6417
2282651
6978
12925
6191
16222
699
3021893
11508811
6429531
3934
12258270
2394009
4656
9952818
5541
917
13801
3282
13630294
13003548
14976034
14624529
7557098
12442213
12571
4761
6507296
5681
581
668
12101
665
758
11904
18812
6402234
17680
14949401
10190136
573
15554
15558
4098
12684838
13066
18207
12814809
7460
5821
22447
9574
5474
9888006
10772431
2529
17726
4306
4359
5563
9544126
2721
12668
15907
11248518
3939091
3016
7428
1218
454
20532
14626182
5704
12678047
7559
2353025
16200
16169
10916
17187
19800
13579
11263
3715
8589284
14866
12091
11876377
10179
14411763
11199
14409
17028
10559
1117
19372
9054148
4010
19487
5517626
14643256
9857
6804
9051
7733940
13046
10909427
6790031
10027
10125
7473
5359392
2893788
5536372
3903
4492
3001
1328
8684
8421689
14794352
1206
13643
6372671
14704
10328
14939781
5857
4192
7975
2179
5471
1341
7106
14233606
2515
11574405
18441
1334
2281
364
8907
14526316
5814
54
3688
3321
6515
7048
8658
1464
3675793
14668916
5298
3360
18772
9156
428
4562
24257
10582
20465
13896575
10043893
9295
5117
1130
6468748
6557
1856
3419374
9399
2298
20773
2675
2273
5345
1538
6241
11900
4196
16633
3757
3454
2023295
3578
14137852
9489
12568
15302
6876858
7607
3062
4629
9873
6165742
8516
4403
57771
7424
4084
16797
2768094
13411
20223
2986
5146
32
8952
20018
6212
14974188
17444
5030
9979765
4833
14976267
2309073
1330
9154
14962
252
3336
8066
1735
13365
24583
13993246
12364721
7582
4121
11335
12316025
10723225
22150
13616
22618
18482
2105
17228
8622
1539
2998
12589599
1780
10571299
13715226
5293181
6329
10655156
22382
14309934
9936576
16651
9978448
6241
6275
1392
18067
12400
4312
22160
4814
9241828
861
5181
6921
338
5646
3214
10008
96
11935025
5018
2996
14982340
14897112
6029
18562
4392
4705
12331
1144
8445
8219
6476
14774805
14605054
24642
2877
14787666
14709559
12662
15543
20604
14444
14270284
625
18137
12775
14500019
25487
3375
3039
11358563
5226
12607
4875
8184
14647046
3009
11382
11080
6381
6837
4982
5063
9010991
13833006
20191
14021253
3788
6121
24218
10095648
7208
3345
6582043
6706
20098
19724
4144
1908
11212644
13043316
8243
19320
7929
12328552
2890
16357
8954628
23469
13530
9559
13809033
11537
1254098
21815
14212
14102031
4101
4663
14290065
2906
2820
18599
25867
3476
6858
1491
20587
14807729
22898
4265
13092804
12811062
1079624
17699
16064
12038
10133
9071
5939
14277
13332
2538433
15744
9825
12555
897342
15727
1172
9361
8596
12954
12616452
9708924
13664
5191054
10995665
2202
4273
3633
20460
4040
8320
8142
14995
14511329
16585
9238
724
13906093
14750840
2665
16779
12233
12968
7852
18276
6151
14595990
1179
23726
9002685
6307
2858
12986579
11970384
9013
2784
3935
3374
15413
6608
3304
13267
14232602
12791834
11288030
8630476
5175
1917
13037
18506
9895
3304
12798
4776492
4800
14961698
7513
183
10407
21248
11855
5463
2516
4615
1841
10607
1242
14145242
6010
10121
1163142
14101259
8460344
6512
10779
11173
12244962
9289732
5083
11663
2873
2742
14986451
8261
16925
3994886
17001
7692
642
9669
12855
17829
9052
6713
1280
7537344
2596
18432
9785
3269417
7646
14473
18107
2955990
16633
14076
14876839
10941
1577
4784
104
12852
24816
4822
4939653
7958
10986
10101220
21333
6641
7645
11380
11801
13897559
2427
14349204
13613
14097
13603
13852
3429
14947666
26721
4612
13048543
6305409
4877004
978
8000
6187
14654255
2980
1425
2701
1913
3758
6572
1037
23198
12808
15493
6099
12158526
9440991
9443439
923
6227
19797
341
13462729
8496
4802
6575
14740945
274
7191
13969355
290
7126
11511762
7356
6829
2051
1591
19192
6578
23916
3642
883
10685620
14802313
5196
2828
14281
4910
12835262
12570389
18158
17653
12575
6728203
13448
6328
781
13334
7326028
6340398
11580
9752
10528149
11295686
10081
2322
21054
6291
1851
17670
8062126
14969801
14732494
13668
7417021
19620
8285
3159
18500
15139
14092654
2189186
13949
10318
16157
3173
10731
8304
5042
14952
7946573
249
4873
15219
2698
14023984
17385
13843103
9466776
114
13930
4989
10815277
18953
9076
1580
11694
14847182
14907308
20574
13136614
8777952
9784330
1522
8297655
6330
23809
1550155
225316
14968891
6404517
14138
11143299
9682
8735
1081
9433
18273
2123874
5845
2960
13819
21188
816755
8324
5488
2273
19740
12659491
13324
19051
8158
1209
10405
3080
24208
10679
7481
2371509
6616
11524
12317
15670
3594
5382
11478395
13393
15677
13475646
31621
18024
2627
11091
19248
653553
8693
9999400
10228582
9434
14303204
14872
11857709
16943
15196
12223
2477609
3868
5900
9353
7921422
25143
1778
6329
5017000
6442
2939184
9750
9181
5972
4228
782
6204
1537
11766
13794756
2796
20217
11038222
3156
7828
13412
22823
19732
4244
13352173
1765
14562
5875
13576
8600794
9470
1792719
16721
13219988
13448
2166
4605836
9364673
14786164
2334
2027
9211
11298
17719
2589
5939
17403
4154
14968595
15970
4395
10835
2668
12613044
11116
8612
2384232
12700491
1574
8219
641986
14903183
2234
5849
2452617
539
4239
6413
8571
3362
345
7542105
1815
14978123
11820
8242940
6419
696
19194
7655
8942146
5456831
6847
6533
69
9917
1957206
11654
1420
12270284
2319
1514368
5867
6573
15529
1011
17285
9731351
646081
7542021
2950
5104
897
795
5593
14253
12816
14659988
17038
15769
18344
1936
7415
12483
8460
14647226
19497
102
1320
13294
8742272
9714
4765
22631
2391
5222
1493
10801
14975215
6858
360
2883153
16883
15200
7550843
9685
13616
22304
6450
14615733
13584421
3883
16113
1944
11214533
8020
4798
15938
3353
4643
4152
13904
1695
4799
3122
10766
24161
5529
3271
13631941
9997
5187
12502
12425
5412
13877
9698
9464495
6630
16303
1176
360295
5272584
5533842
17973
5840
13806
12133876
213
15925
7663
2180
11317
9528
9081
2866
602
8782
18230
16146
5084
15046
16336
1976
16854
1773
12228
85
10266
6597
22118
6539071
24867
5227
13069728
7871349
1607692
14077784
4170896
14711542
14793949
15159
6926805
9464680
232
4529412
9317404
1073705
293
14239341
8918
4761
7744266
9252
3097
14915397
5534
7879812
11504
14342
3159
1802
178
3046136
48
11202
4962
2370
12956933
4834
14735117
14176
14976710
10572490
17449
7929
14928111
10596015
14605323
2890
2307196
10188
12225
12833088
21810
1382732
1110
848
10121346
14962669
11174
2495
920
23299
5029
14917038
12710
18528
973127
9586
19968
7540
1669
8387
10356827
11880746
3909
10867969
9303
14337
14967855
145
14606
18398
20875
9668
16162
7838298
1543358
1549216
24274
11845662
13596
14215077
3988096
6953
4710
12167
18336
7788907
1934
6529
1008
19290
14302759
9318
5856
12778549
5527
1289
5293
925
11102
14648535
3962
4434
14401647
11807191
15698
12909
15920
100147
20845
9213
2450918
9588458
6831468
124
1394
11805
8597195
12681
16661
1045
9228603
558
492
2701
12243254
10840083
12053348
13172
10372
1023872
13830875
781
9099
3474
1726
2389
15242
25848
2952820
577
1138
8417
26377
17845
14982
15366
13531
14941299
7168
8205844
1819
14600243
9059
11165011
2719
2614
422
13829539
8889117
11133
17463
6069400
19530
6228
14784
5537
9180
16852
11398
5269
2724
8503
12439
7960045
8683
2540
3375
7850
808
1818
3178
11639411
3587
12252
7844
3200
2479
9632
1598471
11476
4640
10720
4243
7041
6241
659
14181
636
1221
9652598
328
6156
8821
3033
387
1081575
4886139
158293
10286
14966558
8597
5235
8970
18567
8190720
11427
5593325
2384
51
6848101
6211
13521010
14533075
3489635
9429
817
14678166
13638
1126
21213
8599
14963569
10959
7791
12768
1440084
173
14347928
12073736
4273
5773
631
7375973
6409
8288309
7500108
13284
6581746
20652
223819
6341
14937746
12898
4326
8242
6334
12479577
6863
14616577
18652
12354
4456
11363
15842
6682
14796390
7010
6267568
15114
11565
1584
14539009
6131613
3139
3503
6152371
14956256
7761
9307408
14069059
25288
13264
2600391
11273
9068
9067154
9785
7917742
18379
2184
8731949
16686
7184922
24614
15323
17364
16427
6142
1100
276
17829
9203
7969
1048
11041901
6881
14598273
7995750
5764
967
3230
12267
18165
5308
14128
10971480
13063021
18539
10839
4774873
2947
13360
1578
10045
7560
26134
1204
14125613
14825338
729
14369
1070
12326
13483434
8072
593
8651
2735
1907
13255
1184
5106
5130
13070
8695592
11066
13129627
14908629
13393528
11431
3370
2394137
7341
20695
13689717
1033
527
13769
13044
14141297
11365514
14359595
14871552
6583
6370980
5205
6045
5014
24126
2465483
5879
1989
10858325
2611
1068
13216
8835
1792041
14432811
8664
7115094
12732
10078572
2846
3927
13474967
6930
8049
6330
13201
1231224
4035
6919
2748
9460
8600
14981101
6760
14037719
12433003
14154
14530021
1765
5875294
14871359
12195
512
13460762
21029
5361
783
6679
15233
13681
10370110
530937
7723528
20711
5301
17880
7388
14056
12154294
18431
12258
1483
14840388
8303776
9367613
5911
22396
8119
8554366
13098841
10692
2928
2274
13664
10057184
17954
14378480
2522
5833670
2514
5247
1241
6631
354
4123
15858
15519
15579
18089
5011880
2779
23707
9993
12012
13085
4943
4840
14154
1503563
6159
3187673
10479088
1027
18479
1757691
2968
4814
1909
7110829
3102476
5431
14704330
22552
14446
14840114
6007
6757732
10226228
4101
20122
7473
5319
10336
10477
23224
3359
1746
13720205
18928
5708
5023961
11295833
14208293
5825243
4526043
17841
944587
17857
4159
1365
6314
19378
14953425
3137
437
1600
10171
7251
4406
13485639
11184404
1258802
14233707
6377
13781177
8086
9175
10087
5482
2912883
2788354
6446
14601890
14804707
4813
11189
2358
1293
16784
786726
9620
5497
15199
10588388
550
69685
2534
1446005
19208
1463
2342
11412512
13243132
6576
9889548
6851
5431
8607
25501
1216
18518
1590
10932
8526
18215
3625935
14969384
1412
14801
14960950
10902
853
3125
11783
9431951
14818708
1373768
10147
20860
18551
7891
3513
9064
1310
8271530
1028412
13606
8391
9903933
17327
3170
11309
11495621
4637092
1958
21318
10038
11261
3174956
14990
10432
5947
2784
8595
10289531
7207
2151
12251
14950469
13264
5772
13053
3417
25259
17262
2384
1648
8195420
2343684
3455
12386
4197
14981834
13197118
1929027
7069
10845912
4070
10312
20177
12656
14955
12772
3925
11398988
18916
14783553
3051
12238881
7293
14581018
4744
7468
9191528
9919448
7570
9712
18794
11890936
3221
11198
370
3619
12698
16301
2754
2678
45
3932
14062872
18000
3771
3379
14299975
12256645
13917
5933776
12145269
8745
11184
14841367
1579999
17915
10345400
20123
4453
5751
2199
6637
3025
6111
7526
5816
2927
3804
2319
9935464
9447
3742
5875
3475080
17740
11808
832
19753
13981
11003937
3768
9023449
9755
16293
14705344
23033
15217
4204
3396
8419551
14855312
23443
5088
12446878
14427969
6630
11143
12647894
2503567
3384
14190
503
14944554
12072110
3661
4591
14071812
4741403
486
7256941
16143
16689
13175602
5769
9307650
19901
11049955
12653055
15
2823
1381
11533096
10859
14658772
9232
3499
7355468
11753799
10452
13125
9072
5165864
14923077
1056
17047
5568
9869
465912
14620
11687
2392725
14617174
19943
5048
10554201
9100233
12309704
26400
22697
6627957
13974920
9909
12544
4545982
165
10420433
6873947
2877
11923
334
4462
3533777
10255756
6078
1486
8776730
13387
14938310
5936
13702842
10499520
14679133
2686
7216113
11841008
17751
10561043
2979
13911
14240281
18359
12731310
12145
7016
14630109
14687790
18540
12950
4847
15189
2179424
8326
1356
15406
9660984
15314
16818
5668
9789
5580
3096
2307
23732
19563
18947
14179987
4095469
14076872
9566
2835
8786
6905892
11040
15642
12685
4696
1356
4004
6848
5448
12602656
14338944
10957
3655756
1173
12306440
6088
5682886
11081
17406
26048
4246200
18274
1583
12883
13280
5167589
14512352
10195603
465
20103
9633
2480791
11530
11239
11088
22844
108775
4408
4225
8866720
4039450
25694
5132075
21241
1846
5425
8951
6261
14891123
5604
14062
5978
14122758
1348018
10985070
12620
13594280
14334079
13120323
1789
24575
5933
6943058
19129
9520010
3318
11012
11646
8887
10150
14853501
10986016
25122
14072339
6985
375
8182096
7754914
14375053
9198
9654
9169
13412
6220445
9374
7684
14986198
1847
13808
484
4847
9028
3745
11157
14443533
22462
3186
10637
12527
13650
5441448
107
12395570
7086581
8348
10444438
1208281
698
10809
4450
10068
14733840
14851529
352
5360
18627
597211
12114
5537
6934
7677
8461
21692
11789250
8688544
704
7571
5125886
11546166
1943
12326
2121
4714
9435456
10567
11756817
12726
8776779
11117
3436
5338
11996091
16001
8182864
597
13250436
1612
2836
12470953
3931
4092
14423243
2448
23785
14973777
2666383
22815
5039
7577
1519
262
2214
13862778
1102
24707
12287
19460
16295
2034
2408
18232
1823
4496
12544
4873
297
21642
13503000
3659
13063313
1936
8962
8912245
6316
3473
4800
5786
1780
13055
13561659
11971
15340
20673
830
4214281
14272
5777
18821
5096
8633
11917
15409
7022603
3109635
8539
2128
19179
12758
1655
2877
3060
1519
13896
11099
1149
20578
20229
11123153
7748
674
6572909
16685
8723
633
711
11638537
5272
7072
4558
17800
6172556
13944
14961886
14493
12606
567
6104429
424
6186
3209756
20566
4673
10391
13193
7852
4794
8049
7668
11290937
535
1574
14601
13572
4691486
7113721
2890
1160656
9340
10552986
10477
12236
4859
10368
14982632
14391008
311
12795788
14799484
465
1244218
10690
15467
18454
2594
25373
13036
18871
8931997
14970921
13483
3663
5738
671636
2650098
1822
6549403
8077650
5751146
3196557
2869
12357
10077
10436586
2308
11869053
2180
1512
11613
4818
5721661
882125
10325597
10353466
989504
3917
12571078
14043706
12556827
12400
2177
4454
10270582
14747571
6920
19721
14259
3242
4037
3363
13594934
25448
14017
5152680
23606
11433331
4661267
6536
4692
14906066
9393
4257
8470
13147
7665775
10748
13295990
8113483
3976
2255
6282
10630
1257
2089
18244
11212276
2881
9753
12079
14755093
16829
6339
10762128
3531
12742464
6709
863
8556571
14912082
144
13643
5356
8105
3316
895
20084
5662
20144
8889472
2416
12708474
7574
3746
805
5167703
22066
2569448
3287
3224
2083
8480
4097
6266
18999
1606556
17338
5232
846580
4002
10878
3610
20985
14759
5614389
4452
14540
3289246
18648
5791
18356
6987
10561110
6839151
16437
6013218
25747
5057
3256494
5279
1346516
13431
2240002
7784
10339620
655
6905
5232
1808
3183
20170
14719620
13451874
17961
117533
2015
1135
14465
12691002
10977496
14953791
13846
4077
9987
18754
6520
4596
11333
12643
7641322
12750
13563
9733
6890391
9000
11338394
4862
1624
6476
3590559
13024
1300
14904054
10586
4397
7355
14599280
14930856
11733
9984
7414
4268
12321676
14782936
2355
1045
19992
4999
8334062
7252
1026
9696563
17886
74
2272
7479
14483501
11907031
7155918
9438743
451
10246
11531597
3602
1797291
10851872
2498
2363637
7302145
14121344
12318530
14874502
15502
12705
12082
12493998
2789
14882594
3899
14841036
3569921
2189
13432069
8914452
20131
5996840
4430
9431058
5656
492
1002269
9417571
9567
3108
14553
7383
14931688
7844
17023
360
1567
13655198
2761
5590
14672267
2968
19251
7917
12512917
7467137
2473073
2894643
12038
17578
23363
3478
10367
14865888
4679
638
9978210
14374539
6357
11335
13282139
9220336
18149
450
1659
6717
5269
638
1878
410
13223
6101
14981319
13885
718071
7337
5922
14304
2786
1249
9172462
2803
24035
16368
20349
5655
14784176
21504
9996
416
5136
1766
210515
21157
23975
2380
19576
4180
4387095
3040
3629
15146
7282
800
14929110
5491
11750353
14465
4792
14230
871
14975730
14232442
11956
14433348
6000
1988646
2631188
1577
3422
25125
4136
351
681690
7443
13205
4716331
13857897
11080
5967
20029
7235
8042
4703
14725
12370
12867
14110862
477
11162
8691850
14816718
8629
6083
13565
7868
13277
1658263
14142
4629
7795
9086380
11658678
7645
13904874
15632
10431
1367420
14960937
1974
4161
10504290
14272886
11496
19468
5371
2780055
14046
14140993
14764478
533
4875
9384
668
6287169
10243
10895
1477
19003
2151
14218269
11756
18538
1219
14665271
13041242
14217119
8751
7785
7055
8233
2625
4085
11066897
9975587
8947
12298034
11297
11379
3203672
13001
1137
10268
3178
7201
7148
2761927
7705
1757
13561266
5396
19492
12919
8817079
7098
3896
20878
6863
15927
22514
3348
3946
9151
8665
6883
4304
5769
7241
8806461
15536
13196692
1779
14811610
4247
3787
18824
1679
18834
5477
4880
12049
2186
2833054
3411
10506
21264
15488
7093
3312506
1015
14894521
13914898
21839
14932
14875655
1705585
7522989
15491
19574
2076
8271
945
2271143
9748
6499
13240
8602
11424
622276
1757
224
8223
14432941
8886456
20308
8766
1173
5580
9720047
25472
12566
16501
10960773
3558
13752778
4802594
11002
15858
21264
12188
13711
20631
7038
6110
8467
9914029
4747
6233
11767141
6644067
11286177
2830
4531813
11667
11935351
256
5383
8908118
21942
12186
5530
7077923
7391
11378791
8699
9287
97
18405
13277361
10104871
14162424
2590001
4305
9417
6431
12022
23515
9459
13668050
7095
12292295
3765
5710
14494078
18123
13962601
2053056
3039
4224330
1949
13943205
14522351
18037
1085
7264
14687423
13878
21300
23152
9800
17701
1174
12970407
6171
7488
12311220
6476378
14965242
14853106
18638
14653013
8560
2166
26788
23373
18314
17427
4214
8560792
12591
14961234
3325
14005949
4621
9693
2107
11168
6846
732
2589
5471
960
2238
11940
14450456
1663
6617
7098
6020
7583320
19124
6587
14547
12759
4090
14732553
11625700
8698
9792964
18990
9438
12074
16358
1687
15852
10420
13151950
18068
16870
1073084
1773
734876
537718
10628
1003
8494868
14059697
14726272
17820
11188256
846
14660340
5623
6566
13158718
3867513
16532
16715
10150
2388
4653
188423
13959279
6386
14893638
7221
7738
106924
5047
13464739
13740675
12581
13776395
3443
3721
3948
57593
3886
35
13453
7375259
5301
9085
11286559
6804
12814
425
10583
14546896
20991
4502
8813
4970
11811157
9950109
11442243
9092
4847803
7544
23593
4435
12816886
14465
2662
12626
14984
2588
19981
477
3709
859
1633486
2143063
2935
2321
19126
23516
1455025
5048356
8938
3496547
3838
11563
593
12432
2520
2370
5980
14547
1572209
11986
13953814
13755923
14985604
6357
1813045
9572557
11709
6617029
18081
15155
1751
13884841
6847687
9751
6424934
17673
14897733
5038
12215
12143
11727
11557
9414
14649406
516
9541
13713851
3138
9299
14889816
11040
14278849
2763
1534
299
13616
11041931
11617
20286
1329
1946
8048996
14883410
14958062
7483128
14975767
132
6043
2066
18987
8282926
6963
4358
5579492
2493
17085
1407
3102
9397814
7489869
532
6799
22218
15404
10289
1110
3999
11628259
21520
13527816
12361330
14967969
12835
11494230
13863273
9893
14462195
245
4914
1066
111
11057939
12415175
5813234
5010
16694
4481
11322
15155
6733
864
2707
4491
1342
12662
23169
5513
1249
9145
4850
18631
3302
5799820
9194
3472
6628
7474242
5275015
15139
3398
15460
10578
9204400
4099
2629
9260
14621952
1270045
5754
8209
14348171
2177
8693
6175
4375
18243
3548
10940
14805
19298
1067
18854
11669968
2993001
12511674
372
12720
2683520
2433
17021
12052
14915279
12823401
5924
4206632
14937389
23524
388662
4769
4254105
2258
19779
13007
4704168
2852
4106
1973
8604
13856299
11267581
14525346
10730
1353
1425487
14617
1406
14944
18957
13766043
17372
7208871
13660
13276
12858
10935970
10582110
5013351
595
743
21264
7462
1258595
14904156
25296
13910095
11704
7888
5073
924
10935
399
9439
15550
959
3997
13247577
13277908
17497
11675913
12058930
4089
2476
16346
7818
9676
7172058
4839
1243
2792
17909
5708
14385672
7428
11354
1747
9221786
14899681
3551
13595469
17520
2520
9038
15944
3897
2457
11477984
12756
16052
8854297
17515
8899202
10850667
10176
12998
5650
13017
14484644
8419739
5109
4128
13660
6959
21229
8160
11047
10735
12169623
763
20914
963
2081
2746971
1024
11819591
14900980
12950
897
12869550
750
15313
4457775
5757648
3989
22612
9518
25046
8104
11746496
10148
19939
3810926
14064137
14867801
8916379
8641
5889
15525
3219
6808
3763340
12395
919
2693
4092
5356
4692
6241324
1209
17271
1256114
6635
25423
6419
11862
11074959
11637128
564
10972
1434
2410
9034
14875
12613185
1417
9339
3966
12286207
668
8589
2010
4530704
1905
3248
12649709
20988
3305
6258885
14370248
6670134
9248
10145354
15234
3532
1736
9578756
13927545
9863
14644683
2336
18474
3865
13447441
20318
14791882
10861
9877076
7829992
12958
5185
13349686
10345
6611
9485
10013
12284
20960
2916
7970305
5965507
2388
10811533
13781077
1657
14684722
6405109
2758
8936
13631
22948
4843361
11646126
14964295
2709
13162208
1687
11530
17286
7364
2898770
1452
2541
3261
5846230
3440
17622
15252
620327
4702632
13412
14909439
13773002
5979
12709284
10434
24157
23008
6093
604391
4521
43953
8457345
7806
11301
12626
1123
5176
7566590
19009
796
4985
10729
19120
3952689
5713
5162
870
20622
12387
1814443
13402638
6070
11345
15537
10150
6619
1938773
3123
9157
836
14512336
22422
2266
7642
3285
7866
2770593
12024696
7737
24260
24757
12848
15763
1418
7514
1256
14766545
13295113
12979
9167
13755527
1298
4154793
6707859
4691
9370
1359
10153
11917967
2310
619080
6087299
6267
21074
14275543
12183744
11199225
11695388
9549
1991
5133
3510
9499888
6593
11282
13656494
20844
14974508
17191
12643
5163900
12837652
14154867
18217
15125
2182
3353
17143
16222
1929
1980
1465
21417
14623413
14120
13067
11948589
12895971
8172
3896
14865764
2842
3180
7484
3394442
719
14786382
832
14917180
23228
8617
2086
2718116
19900
2526
12916
7117
4568834
3493
9574
6307
17229
13139119
8040
15381
5207
12492
3621549
15458
605
9952355
582
1315848
8861
3741
14862059
10991
18857
6718
4747
6578
6776
11963360
8134
2953
5454
18094
4625
1616
3403
2293083
14817377
13236
16164
20202
11019
4680
4674
1398
13557
13813
84
2753
14807424
14613
5571
394
1538
8655
2134608
9254526
4667
14809250
3888
700737
164
8735821
2717
1317
8354
14964401
7907
25611
11653
6819
8958
13528
11777723
4079
1208
6621
7131
3356
11011696
18016
19677
12865
7042840
3024
10948
16004
8422
6660
12161566
1572
14649
12212
4639347
14872
13993
7249
3709
2891
9106082
7142
11045
7707231
8266549
13247635
12625971
5643
14317695
985
6615
13637610
1532
3415232
1159
2851
5386
2669
11536
16909
5658
10614
4248
1878188
4513194
8477
13934
4227
8818
14242492
14988565
18791
4987
12087340
14571539
847
328
8186
94
1436
14716184
3987
516
10199
2317
2772
7480
4664
1275
5299
9130508
12403633
6831265
2093519
9773
3778
5516
5120
12937509
5743302
12340477
5960
2534
439
8190367
9752
942
7078
25757
10615
14928377
915976
12785547
12146424
339
9534385
1362
14757
14968451
1027
13719703
8054
4502
416
4195
16238
7476
15137
4798058
8353
7807
25717
8903
1035
8035
7761470
14902866
16916
4495
19112
3715
10551
10100
9502
651
9781456
4393653
14831381
2095
22682
2174
870090
6413
6115
6668
13007085
39
18887
9042
21623
519160
19004
5258
5171
16839
5775
4335
6922
9957
9643860
5251
12462
14838754
1789
11834
5901
14452917
12506
13949
24478
12245805
14517
3349
21577
11005
17811
2542
6010
8040024
2375
13413
257
13878
1137
9529049
12308
2303940
8692910
13382620
11802
13669216
235550
11763566
5975
2647
8483
14970653
2448
13017
8538
97
703
7285
10996
11731027
9124
12897
6538
23101
17095
958230
13642
12036
11137
3023993
10669098
6290
12356
19344
7632
9975
17141
4647
5332
5540
4071139
19014
5061079
6696151
12010945
1452
4232
17816
132
4412
89
13415389
2627
23006
1221
1018
319
10648478
2958
11311
13557
6618660
4692
1649689
5284
9305
1195368
16047
14195402
2936
8230148
9653382
10918
1269245
18191
395
411
13607255
8709534
20321
6323
5179
2996893
679
152
20671
1981
179690
4579
2401
14552301
15129
419
14705788
13198
7654
8094
413
2437
32538
4597
13824961
12691
16146
9908
14842386
6679230
7832
12857682
6406960
469
12745677
12791677
23790
6289
13712
10145
13707349
6904
14408
13233
12170
14262272
4654
14930809
6135
11702
21132
3668
20660
2342
17540
12036875
1200
567
2974
2231
23005
12148
7596
20121
11054
8693
5613175
5205
11813
670
8585
8287
9624
15381
11333
9642
24849
2965
11521
10993
9638194
8080
9085
3026
4678
6294
7007
7083019
3838357
1854
18635
12511828
7174975
5413
7504
71
5608
6927
14756498
14679394
2611628
2397
24815
3026
5031065
4510
14566722
9934
3540
14976263
11668458
9306
11480
10973597
721
10632939
14875
2731
14734
9905997
4774
6092102
17220
1346
10382666
14944
11095
11632486
11078070
15396
1421053
4703
7055
3450
7778
2811
8864
12062187
7435
2534
3281772
6566
13078133
14231
983
2469
3185
12941940
16179
1000
12190215
11711
3588
3542
5427
7372533
4325
3327
9578
8448
767
11214
11951
1304
5146
10628253
867
16088
14418
1294363
7205637
11628
4429597
15322
14137
4152
8218
2168
14597954
5308
6286
5575280
6710
1023723
3453
10491
14739
9075
4641
11849
9355
19983
10085
19907
8811
7324
5117
11739985
2795
18539
24931
4847
9229
1223
12653
11152
13676648
21009
423
1587
6746
9933
15660
6412
4325
908768
5930
7751555
8929
2510
10714
12985353
16824
5009
12985206
9542
10448797
11849
4836
5297
6782
14160
14665
7250
25297
12044
14881123
2962
22174
11508
2512
3755
3238712
5441
9229
4712938
4414
2649
11895096
9741
13798
1326
13084322
4740
5619
14883456
9007
4695989
14212311
6466
12983155
9058
6808
8020
12625
7958569
12483
14687651
21608
11475
8837
16415
3183262
333850
13808005
13726
15313
9454506
23256
6690
806
1892451
10308
19070
7486
8840
12196109
23053
5597
1602
10609
3532
12524
16585
7269
12640
6464306
12059
10305
13357
8879526
3738
6196
22054
12793
6414
17258
5661468
5272
5791
994
7699110
5145
6184
839077
1826
3662
1453
14450
13525
1177335
4666
6358866
9326
5653
14157667
14620
9276
23925
8680
5624726
894
1095
2360970
9071
2528
8531882
3167
9121174
2075
12055632
8401
1641
8941
2280
12959145
14525550
998
929
1518
10514
13854678
18534
4311
5196950
1221711
514
7596
2144209
225
7781083
14821075
9618478
9736
10887
4697
13415215
275
8043
12485310
1826
18377
7292687
4068
1468
6489467
2710
13654
17994
14690586
7799
4682
351
17143
3269767
2914180
10916707
23441
24495
2971
11945767
11568957
14772460
4941
4179841
2401
5683
22096
4782566
8489799
20690
10045588
7920935
13851555
19807
1948
9509
3277
16927
3732
14886
4877
11152
6592
8231
1079
13783244
10241
14475268
4050
12832
1541
16234
14973904
7398
7502
22022
6258
661
1964
16493
23506
14966451
21058
11565640
8978723
964371
22776
8504
10996
10109
1433
8242013
14086
9559
8040501
2916
1447080
1440
483
1548
4411
11819096
8853
5093
6770
8732
646371
14054
403
3912125
14189
7132
4704
4068
5951
14467
10218
16264
12056273
13185696
11138
2361
2913
10589
5971
7480
10755
14860837
14376796
14956946
14530
15077
15792
3756798
12874
11551
2977
9134
14962565
20905
6250
7019
12396878
14922296
4507
4012684
5847787
7250
17952
3894534
13152
10486
12589
17898
4335
12465024
2828
1302
13055615
3345993
15541
16899
19355
17430
2929
3067
4177590
9704777
14023336
19101
15122
17248
4843
11191553
14108457
8766886
16160
13861
7629
18640
17816
6845
12128941
673
1803
4378
1858
10583500
4333
9713
12969
10090302
17977
9429590
2416
16927
19239
12164
4321
11266786
1435081
16361
19972
776
16233
14724673
1352985
376
6738629
13818033
5379505
4057946
1481
14979753
3363
13953
12771
6850
8361
7252
14383511
18633
8872
12296
14418
11993
14632266
1663
71678
20797
15942
12686036
17516
11411
1316763
13171219
1016628
6837647
4956048
15643
12975894
12939564
23151
3746106
8512556
5886
15501
9362
10087
14068365
2614
7870
2011
18787
10412590
11313
6480
4626
15866
16908
7378488
14837962
17550
2806896
7377
9272022
16388
1565
6118
6538
7910
4279
9463
1131
1927
15444
9670
9471
21424
13785803
13286
7950
1834
1385931
6960
12141189
20239
23208
15811
5156
9525
11718
9279
14958861
1843618
13870255
9641
4091
2787
14673195
15901
14558472
5064
14960985
3516179
14741062
10974
17796
926
5047
2930
7448244
5272
529078
3557503
9641
1053
5953
13991217
23947
1707
2677
7469210
685
89
5866
14989
10893
11478
10054
8971
8932
5875
1863947
4932
6994
14822402
632
8382662
1077481
11799
15916
2286
19209
5506
13830735
25962
1419
14961225
7181
2988
9648561
21769
17951
11555460
1600
8041
7525
13244
13791273
6584
13746365
1672
18795
13214
10626
3163
18217
14717185
1492
14160085
15893
17442
11614
14950272
6443
13245049
13762261
14975383
14801492
14946257
4054
15153
10374946
2523
2926
19199
12585040
15260
6030
7314997
14912754
3407
11304715
213
8544
6007468
4056
4596
19853
1792
16436
14697016
10021
22853
5557
6900
4122
1555
10751
11536
11342
1540
10941038
10960
14206
938159
3557805
9810
12913
13417581
13829980
12836
6995
22374
1240
9509
9153
12641164
4660232
22695
18302
1184
10344970
12204553
7433
4179
521
3456
2262
7650450
10902509
3467
4825766
11421
14983388
13943
14970344
21796
14554
3007052
6646
4674
3969944
10313
10887682
10658267
12987435
9120
4581726
10909
17426
9222547
12805
22346
1130
3072
13919184
6071
3744
14167896
13609743
8492329
12706158
14465618
8614798
12413228
8418
1633
7104
9971
6470
20735
14974496
1458
1997
3222
8705
9647
4848
5605
3019
8038
21263
9020
1530
4094
12769926
2494
7898
8147
12922
12457
7243
2693029
4939
819
19298
5927
5925
20562
5106
3661
13502676
5028
6346
7737
5308425
12294
2915
10299644
11348527
7548720
7310
3276930
16811
14052
25759
12868
556
9408503
7365
4547914
11834705
16572
14935456
17225
4557673
4713
2849
2952
9928500
5726
18642
21968
209235
2113
2540
14420
1491
7270
8058
14048
6098444
11338
13945
10265
20675
23397
9925
12168
4130
13168717
3933
11424487
7159
13630
3640
5726
14315058
6951
2613
14516885
462645
14910083
7804
6561
18162
9256
14539871
13003600
4304
1964
9662286
8256430
5169
14856
11767595
17515
13993
14632219
22902
9466019
14684546
14919538
12195
678
12392
16785
10888
3379
8364132
14605705
4527083
11189
20995
13035533
7469
1125
2717
8853
13126187
2743
205
16588
6079
14962525
4396
6499
23303
13496679
2966
2337
14892053
9412
17100
2597
13974
9348718
2434
14712398
1265
20216
14443
2929734
20502
12163865
14972505
10018
7482
4320
7128
9223
6049
14231674
15452
4437533
3066832
4990
458
13377448
3160
1810
6907
14699
2944
7384
2644
9158924
11812841
9777810
1961
14963198
17306
12304
8870
1425
3748
14145345
12642
13210
6486
4915
14122774
9860
3019
15213
16571
13306900
306
10052548
15627
10599
6625
16654
1545
7934299
3803
2848
4139
3339
9087
5581
1517
3760971
18317
14843002
5080
3657550
15939
7565
10766
14446996
10197
1743
5433770
8201622
5434
2664
270
5455
23910
14967645
13688636
1027
11096
2529
1074302
7248
577
3553
1211
3980416
13643436
12004
15166
407
2692
13618765
3540
379
6668
18905
13493
12506
11923724
7789298
9696
9339
14975694
14742101
3485
9254
14928277
8073070
14984798
11178
21755
8840
12905
6828
14322463
11887538
14922575
26038
14047
23465
5036077
15236
7997
10569439
3895538
7928898
10584648
7963
14410618
153330
5971
10073
3783
7168
1339
4256
4248
9406
13226
4212
5279
22169
154578
8909822
15388
13730
17102
1725
6318
2294031
22412
3712
5761634
10489
7624
8215
11713
5018
14741
6498
9214
17031
5881
2845
4408
2955
20145
17883
1523294
17030
1707
2732
8086
14561277
8807162
14509
4893
9167
16449
22376
14919
9634
14965686
3730
9119
2616
13793
3054
512
2896
3753204
6661
6813
6013
7572691
4130663
6269054
3101237
5484328
14600671
2597175
11564330
1209
14788581
5699800
25158
6267757
10888
1991198
674
1319
7644473
280825
6893
5444036
2959402
20964
14782222
701
8564875
1313
18229
16002
14818009
8312907
8034
14372455
12032
14692261
5808
7741576
13601250
4549
1180
821
8198
13145188
8383514
9271
6597668
7830
2086
1922
7221
22783
18678
5759
5725872
6663935
7709547
8214600
5267
5094
3341
13831250
1487
5828664
11799880
1173933
9334196
3198
5194
10585482
8722
442650
17042
2196
1773
4516
9992
4751
6895424
5783714
5241
332
12273
4812
13177
16762
2121
10010810
8998471
9227
19661
5509162
1775
14815739
14009752
14964182
804
2070
5376029
14843302
12825
316
9979
5833135
6686
6310622
9609
8709
22864
2629296
1918836
18432
4287128
1675
11122095
11826
10616
5732866
22023
737
3735
14723
14860
600
7914258
5651
7237
5382
2959
16901
23355
9361
2933
20391
7502
14927313
13232826
2246
5766061
1018
21286
10335
8606
8078
2020
4293
11003883
25142
1553
10654
13488
8423107
1748
477
13803
1477
3915250
12743
6913
12532955
14091971
3922645
3513
13718551
3226746
7230979
1423982
13078834
1270
22502
3554
14372086
1990661
1687
6579
22687
177
8802
8477
6103
10702750
8533
23742
7090
14958584
3587
2315955
1365
13762
14957045
14728626
13545
19021
8719
17859
2578
10235772
6141
9677
12898
23884
2223
6557
18215
1084
4127
8863622
14812963
12703396
1786
13479198
14355
6572
8346
7949008
27135
5781
14071
2510
10234
5414
1252416
11385
14930267
13680
1536
7019682
14576514
8044
9207
7882
10323
8038
9331026
7925
2627
9401097
5384988
1332839
907688
13734782
3312730
16903
21524
14060860
6961
11308
11663
19733
11590586
1161
21727
4936
7796
305317
14860301
12830837
5605
17016
5116
9550
13788874
12648870
19842
4007
2836
751965
8473809
7107
14028442
8454816
3357
19597
130
3980
9117
3932
10215
9455783
3862785
13034980
17220
5731125
12793863
21412
13277
2717
14989334
14574879
14930543
15070
2290244
13302
6242
4302
14622210
214
6402667
11457820
6288
19289
4648
2369
10240
16429
7311
12061
10385632
22908
14110890
5953
3978
22135
13231051
6589472
22286
2396012
2511
4015
7378
8663208
21895
18777
4719
1486
14920754
6699105
13932
1322
3080
6246
13762
14261562
13318
8620484
12707
1126
5079
3365236
5931
4322
13545
14097286
8753
8321412
4412
9144
20942
10484
8588
2197
11518054
14197124
21316
4584
4734608
917
13504701
9588471
11697711
11620046
10502562
6178
5844344
12362151
866
5628
14021
2108
3784996
14663595
3208
330
7477
20738
7277
3775
24250
1548289
10719874
18407
14133093
95850
21720
14000
6195602
11677
15030
14914517
5461
19188
4452
2883
16945
14121
13396243
4360
4990554
10280
13936642
15020
1802
12304
20381
16138
4351
4866
14697774
19122
380
3562
7304826
11590216
1219
5401
7586
9716
10918483
5437
12843554
14494102
12117
4363
1789
3000416
14967862
21626
9692494
11295215
1768
5116680
8085
2743
1101
19917
18709
8407
8332
8981
5780
9889544
12297
16943
16702
999
5557032
2907
1259
3451
14953787
10852
13158
251
14746814
16012
1178
12804244
7451322
20247
1449927
12852
7930
1259
8165772
6308
6173
10095
5239983
3299
15976
12481901
6703
161
6814485
16145
13897734
3237
11428352
5572749
3210
4327
8120
12939
26225
14817363
7718
11657
10415112
19708
3247
1534
9484473
5559
21690
23157
10433200
13038704
9352
4252
17621
1249
3991
14961158
3963
15137
5262
14658112
3973
16227
11176
10865322
14917683
16697
2868
13567
9970530
10178
5022
19407
5402259
11657286
4580
10193
5295887
6530
5891
5888
7648
14877309
14328423
20158
14942883
9502
9448
24627
13059879
9371331
896
15159
19571
11552879
7050
14396425
4253
12143
15966
16892
11411
17063
14616
22129
14045
12411
3368
9391
11980683
5518
23338
6047169
4266
7922
14348346
5222123
6865
8919
6163
16439
14703
9680
21573
1929
3685299
6592
4662
15283
21198
9036011
7612720
9587810
1896
1906
249
14887338
9070
12031
12045891
19064
11777311
9181139
10810136
9109
14756035
1028
15583
19939
714
10535065
746
12534416
16900
7363
2862
8570
16103
7487481
11745
7525
3637
3532578
11100
1450512
18658
1411
762
6943410
8763
16037
13769
10379
23076
11656
14837175
3682
14818233
8370
14449
12062
8193
3401
7791
1723
18105
5459
13306512
13217
11891087
4912
20361
14984790
5482
1503492
11428
5041
862288
14975638
6591
4955
17340
5783
12582
7658
7378091
14946529
3027
6358
2175012
7177
8052
13400126
6702
14923589
23650
5102
13394
3340
2984
8453
14544
9743
14057454
9329
12536
10042
11763184
130
3784
7874324
4364290
1849
6530975
14275462
23244
2451
8610936
21625
11256
5001054
1867
6943302
20025
17094
702
4987
13878173
20824
18410
7018
1360
15220
16627
14384866
20081
14384239
2063779
18921
13556
2928393
10651
9280613
7106
15778
26130
704415
14586
13690
1138
1569
5808
4415
6415
6777415
6770
3163
3922
8539
20236
732335
5632971
4461
17171
1364
555
11550
9266
1945
8111
4222
13871
9599
4831
12693
5376
7964
2003
669
4976
16328
9490919
9100
14965296
25736
5547
5262
8651
8317
1276
2113
6334
6049
551
16365
6661779
11046541
14876559
844
13339
14381
10958777
7479846
15684
2483
11923890
14056633
17137
6623967
5936
13323
13291157
2389369
24413
7327492
13264748
7516
12833
7976
19833
10823
18244
18347
13016
2397
20952
1951
22273
13223133
7430
10049
13406159
5141
13057983
19797
14544917
6569
5467928
1409
23284
6206219
14085220
6283
14453
3589721
8011
5836488
4960794
13161
3002360
9336
12392
3579
16602
15847
17989
11885
21139
2900
812
13539
21167
2553
10618
14925438
16812
6762
17596
11919
9732
4974
14100949
2253
11749110
23015
12030
3912
19020
9264
14156
7329
319
5536
10469132
4213345
4319026
4038433
6662
10096
9800947
860031
4575
11389
9024
14863916
9396096
11805
250
13042691
51
11266
4917
3620490
5173
2598
7879
10013
2218450
2996
19115
12847404
32
6148
3236363
11166597
3277
16230
3131
1402
2793
2252
453
1320
9157637
9292
596
12361
2421
18998
22204
24270
750
10492
9088
572
15762
2434
6446
20691
11974
5995
13978
9972
15628
7024
1503898
3066
14241050
1796
643
6791
24963
16359
15150
3592
9609
17074
2808
5313
2227648
13416856
910
7745
6375
19588
5398
282
1856
3460123
17061
8475
13797559
1749839
2524397
12094
9695985
16715
4033
12524583
15206
4248
12074758
3053734
8905
130
13689191
14756693
14925200
6281
3042
9077
7343
13160
14875377
106
15022
8813
10099
6388
3269
2894155
10552
11235
5183
22713
6667
14978944
12568
4819
14744244
14755590
6
15648
5585
10480
1981
4013873
12359
8086062
13826
10508
9349118
6175
1050
385
3564
12704875
9843725
1232
1260
6345
16538
13805
3692866
381
8269
19537
10808
674
2567
13187801
11004
15882
14713791
4708
5023
10850
13687735
11825775
5832149
5219595
13270785
6553
508
18316
14287
13162227
4993633
12468299
11284
15273
4496602
12392
9407
4636
3418
14336
11764
13519
6152
12219
19312
11897
14219829
14368387
7957
2615816
10352
10832
8363
2008
14974052
11017496
14146
369
3901
11922
2195
1750034
5265
9340
12216275
10229
2997
10279500
9151
11919
17285
14171
12160
13409
14971
19225
1701934
15908
204646
12101
12084
8586
16291
4515136
14684
11169866
9483
9705
6831
12158
7330
5929638
14671631
21042
20535
10267
2374
21834
6832
7723
14340152
7788
1246
1139
15704
6441
6002
14918
14930019
8302
17878
14207
2056
7982
4040
6628045
2997
10066
854
9770
23218
15170
297
8170
393
10645
13057
1227
11831
23315
6971
7601994
9682
8015
4231
2535632
20356
14871715
1721
4260
2751
2344
14442
14886
1130
5340
11982
14075
14471434
8816
13988485
13680182
1884037
7627
13503662
639
14304
12038
6350
8045
2627
2152
21245
3026595
5736952
2971
1366
16764
7697
11739811
15453
7378
11517
17652
8316
14385038
17066
8597
1650
18133
14760046
3704
12912217
14114758
19498
14491486
3680542
13490
7884
736
5476
10876
6574
956
12723
6307
13129596
10109
12437
6987
10929
5116
9036598
9406
14860177
3766990
14583
12913930
13421428
7080
79
8153
6830020
5526
18656
14579
18845
14787
8081
2396
3211
21224
1681
20860
8459052
13956521
16318
14743333
3451
3086
10560
2283
7237
1623
13814214
17159
10423482
2471
2795
10532501
14119
4773876
912
11786
5204
14935614
16947
12614
7216
13084881
7185004
19362
6236
4265
955
5552990
9891
2071557
4170
16063
4890804
3587
9299
18845
6878153
11162
7543
19723
12334299
575
3171
18594
12947
2052
14902511
14438673
11072909
4589
11367223
3525
1169
14297745
2087
8483
14019
8894254
21986
3379
10606503
13605
10482
13980
4556
8864
5584234
11592
2750
11270609
1679
20938
5065
14064853
2981
3268
3440
12991543
20257
1273
9091447
5066
16882
14571073
11387883
11668293
2612
6367
9783
1988
3334692
13538
14120
6617925
3402
2296422
8522
1750
7086272
3307
12370119
1959
772
3651213
18073
6930
1576
9155
12106944
3104254
7631146
9907782
8431287
9577
11623
4637
2816997
2217
11090
16854
18881
7506
9220858
1435044
5125
14851825
14304217
10151
304
24673
3190
5111
7923
9620627
17452
1913
13725
12599022
12752110
5284
636
6613
12583
14251461
4336585
8693
21280
14033051
13996222
5568
20914
21753
94
4045
9286
13844
10954447
17639
5264899
6464
13322377
14862653
4789484
5853
16513
19014
9717053
10650
3939
17677
14685
1189762
2458254
11227
4374
1852
9628
2154
12266453
24434
6430287
5477328
3999438
7308
2958
16748
9314
14035365
11215
2707
4280
2605
7307
3342
190
17566
6055
15700
14885098
10581707
11510852
7242
14029791
4260145
16230
13077
12968424
1773
8444
10295
202165
3009
360594
8629
14288342
1507
8497
11786
6536
2679912
5942
3785
18193
3171
3115
12158
1904101
13255
10283005
1745939
5511
10105
2136
3151
3761478
8995906
131
7177
15305
2074
4893
3863
14372
23147
11302614
13107137
1026
512
295
7464
19571
10574
12245
3959
8008
11246
19721
6832561
14695402
12933653
12024
11612
11968
14440
14787974
14528526
11017
7124
2835
14385
6250489
9793
1314
8176406
863
6447510
2659
8700
2007
481
1650
19186
4533257
6466
10684105
20184
21317
6195058
13840
4959552
22159
8016370
72
193080
927
13452
10812
7943
3720
10380
17941
14913854
14751487
19172
20304
14703694
16727
22224
4199
12271
11341018
13602813
20237
2460
4785
17330
16399
18608
13749
12748640
2586
17256
1066
11216
15049
2358
926
15862
10636374
3857
10140187
23985
6284
11362
11761
21889
11747191
10014611
1270
14833044
7685
11729929
3563
20724
2203
12343126
14013
378
15168
750
7943
14461204
11374
8901665
229
6459
14628
3859
10305
17828
8424
16134
5167
25209
5773
4329
18293
13344358
5745145
6286
14719
19617
15523
3347146
10883
1560807
11581
16976
12518263
4975372
6971174
2817
9820653
12260
5651
14558551
9038
23781
11317
20028
14203
10920880
3045
13892123
12847649
5517724
12958887
5948
14790
3797
4785
14529877
1454
2706
3471
13721424
14324718
918660
15376
7996
13930382
11806
5320
4474
7598
13064983
1125
7697
1607
8413
7848535
9648
17554
5071
20036
19377
13342
1544
8864
1435
6813
2502
3268355
22238
14358192
19492
9652235
14902
4369
11477
3190854
1820
7986
3177
23266
20613
5554
4673
25994
14784828
2918
16758
13147735
11461715
10246
4901767
11574
2118
15360
3248
14962166
1278
14518683
13218034
7847
7133
5312
2173
12025245
22586
14315879
2133
7276
4808367
2354
10075174
14167796
3933341
10965
4057
129
9025
12998474
19479
14895166
6520
2776
9998
12219
15624
4703
2292
10973844
14766624
7968
12600
11302
9660822
5800
1159
9495
7177
24275
361
1406
10996061
8765512
2956005
2550
11814
14831
3191
7244
14984
1138
10041
5602736
3125
5638
17685
9873922
10484
59
5680
1092
2315
5326
16312
13949663
8208
3127
5871565
15796
14821910
12915
163
24507
4427
6971
13483
4212
13111
12179
8690627
24
9759
559
8631090
14918129
7573
3441
1890
15229
14701546
20115
7755
13913
5615984
14410709
7855885
3288
12170
2987
13980
14791744
10709124
15833
144
9833
1558
12612
3217
6913
262
13033
4459000
3495
15315
10640
13208
5991199
17495
18809
13718802
9194440
14964718
14745
9735460
16282
2525950
3074
10416600
7856
7151
6330
14767
9350
56
6754
5116
20546
12174
6479
366
17049
7244
13501552
6547
15007
997343
26805
9144
9515
1910
17343
17209
10635
11706
20294
16884
233
4938
12164
11713882
3872
7108
4003
14277883
14111681
4404
7950
14134058
10489
19632
2654
1617
24515
6653
9265
12749364
8205681
13454
13980
10501
9242
8693
2656
4580
11821056
5040
14651953
1881
8486
5987
5960521
1815
8898
14122020
8909747
285
12423154
8954
8926
5826084
13244
9301749
15215
4890
13073
16180
1279965
8151
5987
1246
3031210
7782
10142410
13730224
8991893
12478
12773
25325
217
8132
1617760
14639643
19300
1021
4787
14613058
11111090
13664004
11784787
5259
14986698
11871
10899507
13154809
7294
765169
7761
4530000
12933519
7060
14741419
14776505
8509966
13582
13791865
14575
8380
14856074
3732
255
1639096
5900349
14950065
21543
578
8215828
2440
8934703
12062
11898
2473462
15131
4173057
14918169
11546
14677783
18022
2137
2181
23568
9208
14736873
15894
11921793
7909
21082
13032
5040
14512227
14639
3211
20764
1769
809
4652141
11354
7961708
19399
8430612
2219
7062
15007
13348203
4879
3870
5008
14281174
12776
10450965
4817
22699
9606261
19427
9146581
8115
13745
12217602
6017
14781412
19710
12764932
2345218
2100311
11682
10678581
7823
2346
14463
7022040
1427
6914
14738885
4983
10648
572
8705
6532134
12452
2617
8589793
6767832
12198695
9579531
11647
1184
13400242
381
1460
8563
22910
4931
17932
4
6190864
3717
4823907
3148317
14450313
860
1697
4735
6557
580
14494917
17727
14959457
15917
1214
3576
6249507
26853
14973803
14743296
7278
18129
10235
7486
12109
9830624
6685604
18440
15202
5278
7978958
4660
4400
11870454
8601
4780
13261
1282
19123
8526
9650
1614207
6176
708
240
18490
13799236
13727258
14423
7076
10479526
14808065
17005
13009
11545
9617850
11937750
10649
1659
325
10728
12194662
13510
14599
5912944
3950935
6356
14303781
1365
6146839
14246479
19899
195585
10956
7112
11003
12714
4502
13638754
14888981
8746
6902228
465
7999
4559822
11303304
13288441
14831740
17252
7704
18116
1640250
9645
6061365
159
13446
1937
6476
12771227
6814
4236
13532011
6731
196
1091
14847412
3495
15100
13833
8580630
10826
5566
9445
5503192
15627
3177
14975722
2138
7832875
3182
7747
410
14741
16635
9202261
7497731
3112806
8341
9225
14601057
14728447
11474
14530857
17243
345
9066
12413
3578
6873
9281
8437
459
8609
12623
8488
3503
4667
10390
8604
7809
14914464
2713
9768
14356
2178
12684
13161737
4327
4145
3921
4617165
6759
128
21636
14914096
10296470
24434
14093554
75
8106
5185
8762
588
5977678
8688853
10920996
13567560
824408
16064
10950
7906
949
5844
9307
3088
14359
22783
12333
10122
14968807
14591216
4433
13085393
3611
602542
9551
6015
14340098
1337090
9331
14443
8139184
8813
8560
25347
14648
17198
17869
13430
1240797
2778657
18936
22851
14962145
4509
12461354
254
6417
5658
4320
8329
1064
3184384
5554
11083608
7267
7031658
2143
7547880
19628
831307
17164
10651
11253
2606
7583
8203
13675
748435
14884353
4581
18005
8647
11717228
16451
1862
3856
11670
13809
12766
10555
5203
14692
16352
14303050
9387
13423499
13253
17236
6132906
8247
2541389
1538
15910
8774
869
9220
13297725
12641676
6295
11059
9942
6910
784
13327393
6049756
16045
6817
21457
9764
23529
13955
27143
10434
8473
5696447
3368
5790
11092
9387
4260213
469
8440031
6564
14622429
13789
3735
19204
3859
13224461
6228533
10297
16147
19856
13800
3387572
4574
1119
19719
9464
22845
10430
9189
77478
20701
19093
1706
10246
17343
13655066
7891
11435
5280
10162
3240
14835
4972
4914
7761485
3770474
9395235
2475
3758
20691
14521517
3180
4848822
20815
7760
14780016
11823
24959
4166363
10978266
16667
4410
3144
17238
13965179
26076
9538101
14764506
6705768
14423823
9126093
530
15956
13615337
8178
16607
20264
15197
13921034
11154
5173
14182443
77739
14956
5375
14706033
14974929
7715
16059
14478820
13190999
5787
7767494
14481645
7495
9351
1884
16119
10348
4026
12373067
6300
8221
18421
2282
5322
9048
14413805
2193282
1261897
5167
17357
14753
15726
1799423
14822081
1329
18623
10232574
5158052
703
9362
4418
4170375
12794
13968461
1244
6428127
322875
15741
1488
6117
14282920
1894079
3260
14814168
15849
11822
5577
14752420
14974287
7927
14190
4477890
2512
13168
2432
16431
8562827
3683
12448569
9042
3292
4910
13398
21509
5111
7426
15356
12677
2479841
17229
6789474
2195
1508
571508
9853
3517
10013
9690077
5702
19293
12293303
1344
4802
12878
2906
14911128
6489
17724
25629
793
3672
8187
9161471
11224
13026993
8786889
17120
14904186
11250696
15194
12465
7266
14240
22356
11621
12910690
17784
17585
13035688
1474
15412
13579
11364
6108
10028
8051
4803
23514
10491
5575
14879078
11746
6959
4282
20634
1934
5926
6393
10693
6649
7072458
14788688
772
9924
7866
8042
6305
14952793
13343949
8546
9398
14115971
9096155
9568080
795
7627
2648
6786675
5310514
16320
1128
2165
11747493
5566
13736
409
14812342
16210
3493
12110315
6054
9266
6400
10442
625
15218
10229934
15416
10603
6975
12896148
2288
9448
7049
8701
14942822
7140
8692
197
13816259
6455609
1164
7356240
3003
14661531
16814
7899554
10611539
24993
5088
6114
7547
6070643
11326
14930599
7623627
14882163
14681736
14098120
4917
2489
6822
14935
15099
2080
3136
4262
25
10149
8099
17637
13428522
11024
26233
25951
12347
376
5612959
5040
19267
2054
9984
5998
20752
13658991
1765
10884596
5934
700505
6219
513
5584861
1718
11130
6391
130
3088
18559
10329
6975
336
14518603
2304119
14893184
7073
10331136
4977
4947
32
453
12251
3941
11836
2283
8007
7643234
8488
20942
7473278
17723
5030
12621
7382878
10428
5854
18108
11841
13309975
14736612
13909
2071
14025
6723
15676
2164
7579814
8603665
12261
11256
2933
14226305
9197
3496
10427321
5474
21792
7851
3556
16141
653337
14958724
20102
10157
1446191
8610447
5722
13760
6807
9144
5625
8552
8626
11507930
5708
11097
9986415
2140
5682
14590564
16462
14825973
8512114
360
9767
7215
20314
15981
23068
13465
17697
3399
17067
1607
14945392
2520
6050
21853
2870
3491
255605
14965743
4886549
12785121
4765
25677
19206
25333
8660655
11192123
5834
14156147
7038
10398
3435
13682582
3957
4522
14278309
14655179
4856
19
9183336
1406
11757517
1710
14957705
2857
2012
18705
8925265
13466559
12242500
4222330
3459
9545
9741947
14690207
3658
3564
12394
18793
3579
4402
2682
1386
3315
2180083
6444
10711
7647
7543575
2839
12861639
10171
14279
18734
14961965
14787819
868
8358
14840515
9480996
203
4100
9884
1159
3667479
5863
15491
2869
2490
13072
9632485
3451
14872417
4623769
4189
1349172
3991
13130
4010
14442013
4377
10050
13747199
7637
2546
3165
9074867
12664077
20681
3005
5030
6581
3944
2459
14518434
13041
2156
173
9539986
5308
9501
9270
13141548
3914
22462
16885
14160416
9150
15160
1072
7983
5653926
12246750
123
2748443
2807
6566
6586
10913
4237
3081
8737
9983234
9167
17886
17100
21515
798
17317
460
2189
5088
5780
9209
8935
16207
1143
12128
840
7457889
1855
14486
8626
9184224
10719501
12224
12649
5726
14766
14094586
14534347
14281597
6440474
15570
10031
16782
5017
8848
13032297
23982
4175
1507100
13184
3680
13984034
5000
4994
1642
13236
4715
7791
14920534
12039271
7449
14047
1983694
11151
12783
9832
14325293
8453
2313
11159
455
2075
13771872
11418401
571648
5737
12262
13714500
2234271
13166
14964655
10955571
5888
14248816
949
15879
13605
12744989
10855
5909062
844
12963023
985
14487604
2496125
11786470
2960
3757
9384
10195115
14556
21171
9582
9965
7400
1653
5106
2464807
3634
14990
9130
14934873
1931
2744
4870
12993
11691559
8568
5902
13821368
16277
3302
7873
2231
684
5435
708
10545111
14669820
6045
12030
4161
10476
4665
1829
4202
8370
3275
2409
3481
5983824
7514739
11345541
14550068
6603
7197
9070
2470890
3564
15572
3078
21425
1803
5471
12742963
4184
8338
9112
12739
13257930
17066
5267
13182378
14632
42
5848
282030
13682933
18071
4799
14863515
1848
12124
7281
849771
2812
8619
9703
14466352
12749
7609
3866
14938692
3046
631
16653
9965
5557287
14755338
19903
5564
7430
4575
3019
4180
23186
4420663
2783853
14223
12946436
11721
11368
7730
6070
14590
1275597
13526
17848
12254983
3167
21351
3688
6811359
6894302
1039
5420
2991
13599361
9716
12610
11592507
21960
4157
795
11663
6068
6528733
1282
12910579
22862
22170
6849
12104
1341
12805451
1702
4916
17832
974
20222
6158113
6572
8439
3350
11851
1622549
14030
2016
1102
1543
23541
10727
1356
5854518
10665462
5460
6164
14338559
3789
5770
10991
3970
13565
7300157
14671689
7895
15471
14930144
14284510
14463
13703778
2188416
6808
8452
12523
72058
15632
14993
17175
7483
21627
24916
21018
7109
9498
466
1467
6243072
1089
4573
11430968
14578
10017
6941
4963
15308
14371114
18020
17818
10692152
783141
16847
7324
4974
13996
16027
6722
482
1064
5790
1356
9786
3036
7212
8354
5600
725
14042384
13822697
14690326
5755
2388
10420083
9329
2814
10204
3186030
9576
13424
5096
5229555
15183
13499
14832894
5435
6007
14554410
6614
14074164
5632
19091
14966922
1777
3108
13366726
20853
9527
10038
6012
14966370
17502
12639
323
6465
4897893
1260604
1464
22890
2966
5053
12357
10422
6405
14524
11720
3602
2614290
5187
10152424
18768
10986
23400
10170912
14839
14552
10459
13836454
7562
7001
11616092
14969384
12643
13767492
185
14979512
14919525
4507
4989
8256
1399
1261
8136
10277620
7219
13637
10350
989
5825
10225858
1430
17463
4398
21655
851
3743
836
4610
2308222
9009
8270125
2041
14860208
18835
11800
9856
19722
14964467
1656
14666702
1783
2825519
4910001
1151
9256
10096
23502
14268137
1181
2774491
7521704
12828509
21630
1151
6450216
2426
4804
24520
7589
13436663
14855394
676
5247000
18396
875
9984
1767
2583
10064881
25626
23103
16098
16030
3785
12122117
1967
10338
20011
14110
8159
8865
9919
2177709
12947
2804
3156
6141
8213344
15033
14898851
2587
5663
11488
445
16250
7728
216
863
14883009
22703
3655935
13269579
7807
540540
8380294
7103015
1390
1122
9354
11589063
20260
16330
11170743
397
11318
6989
20785
2892
22947
4250
10498682
10872
12102455
12049
4285
22352
7624
12234775
6930111
16807
10371
14910682
17684
13036
6998554
20530
11731
1893
4382
12203560
5018
14662
12966369
13292
800700
5141
6223
11374078
12017
10589
12679082
12687
6195
5403
8892
13188032
7999
9493
7572570
9044596
16140
3293
9504625
4842
11496
2817
14522717
15091
972471
14927410
19694
4555
2612
7995
12509328
2524398
1038
4897
8941150
15434
695
3473776
11763
16671
20555
3948
17916
9706397
22172
4622
3241
11642
5886
8706
15218
4983
13154
11886474
2434
2355
9134207
7623119
8335
582147
7208
2669
12945
18068
8638
13008545
10031
13440159
11072
10368089
4673395
14001322
9153
14977620
4743193
5766
50
17721
12230690
1272
470
11792
5653242
3376
13629
13325309
278
912
13327079
14603
5439
408559
11245724
12114
8779
8087996
18906
12673
12916965
13243841
10192
20417
2727
12265
9552
5906
6822
9862
2911
6762
15031
13688515
1144542
13951891
14411
11223
2324343
3698
1508
4873
1930
12738775
11405
8133
14251294
13546
14947599
1951
10927027
13803643
12143916
12595419
25084
14032763
5850383
24192
6815
5737
2202
5439384
10312
6698
1773
6775
4153403
8928515
3544
117602
151414
13461367
10853
10341586
17876
1686722
6422
1211
9902173
16950
2856726
11749001
210
8597
9057542
16281
4227963
13679
1176
1415
1533967
2412
14924835
11101064
1421
2543
8176
16543
9494
13167035
4360451
332177
20083
10544
2930
5461
7193
14610779
6879
2191
13056
462
11007004
18229
8055959
14655
11304
14447609
10618356
4817
8162982
10525911
6889
22245
3905
14270509
11732
14869089
6981
13315923
8403
14058764
8424
8673
1188
10497575
18442
23077
9897
7804
13978
14803675
10732910
4069
4291
10568555
1519789
14753291
22320
5002
12717181
922
7258
14655114
1723
14224838
4878
2029
14972234
14097
13398
14536092
12254646
14659
14870577
24213
10056
11215094
213
14965343
19603
12058
11222200
8596773
3034731
12158890
13870561
15705
7732
18532
7771
479
14736770
13809
13743111
5785881
13261809
9764039
17725
5535
2691
17006
10805451
5879
3823
4129
16978
11339
9907521
10286311
12327
2542170
15160
14515110
6713
243
20316
6831347
14050202
9823
13825
7732334
5544
15544
14745473
2236231
6796
959
2442495
6386194
1385
12853146
21970
9471
4124
914272
6437
2966
14036524
16901
7830
12556
14979922
9030
4347
5321
16770
1211
3626346
13015
9940924
8712
11657
4026
979
1263
12462085
17223
13972
5165
16065
23201
3596
9018
2619
14249108
6623
7161
10677675
16414
8766444
10560
19879
7005
14808
13517413
40
14914936
2612660
1446
12533518
15272
9593
6685126
5665049
14766369
7625816
3089
8734
14930630
20157
9082
4215
12467
147
2895846
15199
3001
19107
20796
2271
19272
22031
7382790
10245
4425
4390
14973282
24910
12077
974
2765
10780898
15658
17088
21184
2105
6974
2730
8623
6881
720
13072
11957235
5603486
2418
11475
12232
8759416
8735
14795400
1447
12190
3994
782279
9918
4245
12295
513
364
880
352
22829
7475
11896
2491
13739
5422
6016
13037
8534
12801637
19647
3098
12240
3953890
14450
7645
1761
1724633
1153
9024
15501
16472
11084238
14740157
14582
13579
761
5249487
8038
3323
13435830
17988
8116953
14895
14356895
18609
11190
5897
2828
3970
4565
7268
13135609
17269
2182
945
3914
9975
14934456
844
6153
720
15282
13142685
19526
13264652
1688
5167
416
6269
8639611
833
14953128
16622
3424
3506
3757212
3431
16481
2273
11300
3198
13038720
4985
17869
6736836
7729
22154
642
8774
5506
4569
7734
7391077
14122667
18152
12687
12974413
15056
13470
14610792
14007726
1074
1943
1465
12529940
7527
565
14709812
7531
6315
14683602
7439
14349176
9819
15628
11199764
10259001
11826
5062
7890
1235
3472
10367559
8443
14378909
8541
22908
20009
12765
8883
14740
964
3263
2860
888
15931
10297
14754716
7930654
5008066
14783673
107
6522
10574
12706270
4020
7654
1350
7626
1125
12508556
2396
14959634
12459020
3304
11134
17584
10745955
21269
1404
14826
706
10179
22070
822
14264012
9940580
18896
5387079
2080379
1351
6810
858
6112
6599
6127
1561
6132135
12645398
9452
16035
12898745
10189661
3975021
14893103
23698
12618870
11111
4876
8983494
5576
10152
9424674
2425
8468
14775665
15157
14724682
14140
4910
531
4071305
6542
1227
2885
8
11108
8148
14880636
18461
13010274
1856638
14227480
5525
12234
366233
2670
12144798
9165770
11100
16028
12977
14949
14705
9278
5446474
22507
4492
13377
330588
14631203
5988489
14887482
81
1181
1834
17020
12412253
17501
12798
10556479
2884
12928289
3847
14664482
8225
880
12993
14255276
7421
3879637
194
4517
4554
18028
7165114
5252
14953394
19516
2751
1883
2983
10615
16436
8259961
12366160
15127
14895365
513
14728
3507
9168754
11163735
8386
2410386
14206
124
10169
9916
728
23952
17246
18987
9677
14000
12008917
18609
7599
2781
20004
14130527
6947
19842
5656
14911266
3523
8618
8515
25459
11258640
8915
6464
12390
11544103
11450403
1297
11588
14016984
2120413
13479
15031
8811
4112
14859727
9425682
5253
13921548
15003
13842
18461
3657
5897
13957
3745
8117
864
9736837
19792
2018624
283
5832
10300562
528
9282
10892
4123
10518
14202887
9798
14809618
10291013
10760
4295
14351436
11892235
11238969
933
8914
7380
14015480
5201
2017
9672
13161
19305
11207
5877
9422
11282155
612
12345439
4985
13884953
22424
14807375
14736
9700
19113
17091
18994
5656379
12930
8631
7489
15247
3073
3865
25832
9511
7372
7328
1987
301
353
10152
11731
7859
14709075
19523
15505
14286
15747
982
7030
1680834
16919
8761270
18394
13652
12847716
4090
5248
8238
9060
13655294
7880702
4428931
3070
12898
3181
8791212
10859
10232207
3745
24700
12175136
14505149
1610
9618482
4543
10084
14728
4821
16740
13421
5598
16391
14313
6374
246
10073065
11940
10313
7515
3679
9248
8899
2111387
5983
6270
11476
4011
2658
7343
4845
11594
4167
13364134
10935
4281
6617178
7681144
11005
6126
12693952
10177
3970
434
4482801
9507
645601
4807
13657
6992
3370
12866116
12445152
19193
1268
14389697
14603195
13693
6732
7552763
14665942
17560
453
14563468
6861
13698
4880142
12925
12524
13394
13979642
12309
21391
12011
11160
24048
12884
1031
9459
7758
7436733
11523
14947
14654363
13846696
8277
20073
13841
4283
11506
3349653
14363
13703233
6541685
587603
11773
13893
9531239
15712
11415
5067021
21297
1619865
10789110
6338
1304
13062784
10649
1055
5063
7942
14187343
23928
1896
1304447
10644489
2799
2299
4017
512
7684
7393
14209
1308
319
4255680
991
14369972
11425798
2288
8113
14527144
9944366
1526
7032
4214
15316
9399
18512
7252
4067840
865
335963
11836892
3859
14455
12993
11661
6058
13796
1596
7687
8286
11190
5826394
17459
9806
1592505
5660030
477
10446
11599
12655332
21049
503
13512187
6950
8391203
13837594
7552
7151
2860
11264
471
4211210
6883
2828
8811
10863
8411
16581
5975967
968
2818
14408017
1789950
9311353
2468
18529
12115
8917
10365
219992
9550887
2126547
4301960
8946
14577030
14537182
7510
934
19392
5703
7959
4785011
14234672
12658
356014
1442
12736409
2259
4100
22688
10594660
10071
23056
14785100
10864
10247375
7326
14755754
13348656
6407
8424
8164
14426252
919
9169686
784
13904778
12879902
9997
9443
18434
5454
7788
5904462
6319
4017
889
6568320
25689
14935872
9228
14974826
10306
655
12331
14968616
13283433
3633
14323
1266
1101365
21934
18974
14378160
1488747
4132522
14731433
1896857
6629476
20156
2466060
7423
2121
10280
2093
21628
21417
13810464
5965
10464
5785
1238204
14286422
2341
18027
7965
5714
8682
14798532
2355
18781
6956
11345769
179634
868462
11388
4731
11710140
41
18442
1353925
19948
14299687
11004
14634438
5589
23384
4324
15419
4826
13922101
11804682
11851552
11797900
3685
3510
1658
23216
11140
4781
6508
280
11813
601895
1812
14635627
21783
3672840
10831
20871
149
5159871
4185
2495205
2407240
13361428
6373
9556
5870
6660
13385737
1761
4084
2753317
94592
4591
10534
2829
1730144
14979947
13747218
606
17890
6644
21105
11054
12600
2675
13908351
1103
2992
5364447
7794932
5368
10848
16348
18770
12470
426339
7592
11970106
10724602
1907
4919
12247
1150
15610
2675
16423
18464
16073
15516
8443
13823
12683115
14968788
19482
2323
2525
15284
3866333
7919940
9585
1404
7316
6936
8118
303
11199
14770060
1430
10028710
17243
3188
769
4312
14835944
1281
2316
3392
2889
8912
9978
3395
14321432
21180
7136298
9219
7812873
5178
12765
15350
8648115
20589
5112
1826
14377
12761
354402
9772
18871
4114
1804
6972
19919
7261171
5199
10043
7499854
6113
12370171
4231
1732
12660786
2220
8109
15691
5413
17066
4354
11947
15453
22583
19052
2570
6916
12715270
14302021
20377
15165
7214
13338654
10115300
16800
10663
15984
1397
5151577
9355
17411
4624011
5706612
12831
21984
19209
13643
6501719
5028
5151
9096197
9682046
1879
2426405
11344711
11245
14165
4917
2483
13140
19567
1419207
6483
14593227
18436
13383
13643
12604
14940651
6908989
23279
1915
11148
7799
6192310
11958
870625
15960
1520
5087
2308740
12655
6597473
6764
1535
401
5310
9220
4028
1958
5515
17961
7834
13032
24725
2024981
3375
16096
11248
4915
7324563
14370829
14397
12510704
26722
9100226
10067
14977949
3256
7710
9387
12181568
1081
4369
625
2245
21498
6239
11914
5994
1897
2997
8317
11099007
10320
15145
1162
13351457
8785403
260
6311820
11098
4327
10887452
13746405
13808
5549168
5
12544
24023
7373674
7591582
8729
3797
13015
4768777
14145530
2452
14951358
13112
14319
14187661
9152
1496
16034
14777296
3915
7189
88
23140
14763875
6580
14073
17441
11007
21846
5670149
16731
17908
11995
23374
5838
3267487
3208
5976
10817598
9986
10799
15541
623
14988854
2252109
5546
5039
5049
17864
2531
10425
14349631
5291
14390
1332
16636
10221
3226502
4767
6681
9521308
9494006
11243
6320
2150
706
14174302
14663854
8315
1043
4730339
1608
8094246
14234370
11620159
8228
12066967
7418643
11470921
2054
10882
6214
3279
22906
10382268
8219732
3104
7259
19122
19887
3808
2899636
568
10737263
18081
4051024
7999925
4653
10977
15618
7749
12620
7996849
15363
10378
7829
12833930
12582
190
4838
7059456
7669
4871
16182
5153
7077050
14121
6939
8667
23494
8451
14945250
4265
3895859
7712301
10416
7558
17169
16486
1037
12408395
9379
9706014
6145
4
7889
4910
6991661
15904
13504
5065
8297
14698615
10986
8619
12802079
12053314
619119
625
5190
5562
6208
18909
3619
8759
8604
18068
14272931
2316951
13133
8379
5863
14708994
9906
9389
1887598
4819
11895141
14457279
8316606
17651
12717
6370291
303
12905
11156
11398075
17344
12734300
10344535
20403
13942
24701
12156450
7103
10572
10554
9683
10917924
14343
7779
25948
21084
668
12862889
15828
7326
5604
6596
5606
4168
14821816
4995
4373
12179
21450
6252380
15627
14496210
15665
4983
8893
4193
14503
4902
5035
7703791
4710
8355
11741
14988897
5317
6425
1508
13384
3719
1267416
4074
13384
4976465
14197869
14969152
12658
2617
2527083
982639
12662513
6276
14946445
13590211
18186
19390
13012355
20933
8505
11814
16719
13815
5714
10802
3702024
186
24292
430
12632
7841917
4645590
10106868
6857
14836001
6179889
10824
2787
10157214
13184647
22670
10811896
14747
13066
10399584
1997
2465
11388
1929
10710
8035103
9085
18159
3037
11918439
4790
1820
12444
6809
13970900
1119
4587
3398319
1280
7410969
1427
6352
2191
1514535
17892
14932568
2142
7756
14463636
4450
14672986
4326
14953568
20543
25141
7984
5154
14967068
13675
9550
15238
1373
11695357
1267631
23362
13192693
10972
951
9823
3735
12749
12717539
14986875
8802
10601668
12299691
12193146
12891344
8534
10304
11833076
3285
5677
6468111
3711141
8185261
1248
13830718
12483782
724
5637
12918
16202
15651
19558
13383
7661
66
4856
3469
22913
19422
12149577
5495246
14364020
11266
6529
8601225
14839973
25095
13912
9410540
10725803
6925
1764
8786
21966
17567
3608967
1558
13579
4859
1097
5941
3787916
8439
6925
12447232
10653
5207014
12163
4136
13648808
156
14954358
18616
7039259
14148551
2502
21694
14896602
1579295
6557
13955
8155
21188
12039
12821
2808969
346
12994230
10069
12892
7386
16585
11793
224
18904
14611997
2975360
12113
18843
7569
643
14935
5978
15860
856
21652
384
8417
3167
21737
10757
12164
11727
7328909
3902
7363
1227
12381
15943
13153477
7968821
11526
6888211
5992329
11179
6454
12093
14078
14878707
13831161
14329598
14722303
10426469
11274
13245241
10773
14863467
2193
5788
12785854
12044
14219262
13648
5135353
3001
11738
13970178
3076979
4364746
15718
2378904
21229
4714
15318
10449
5913
4769
17254
12610
16967
10249
4920
16427
284727
4741
8601
7754629
5681
4623858
13201545
20810
11926
14353671
9005119
14970777
20176
18115
9478
14415106
3091
4018
9858
7803075
14051440
14900865
1047
14569
13840302
2632861
4945
23751
2791
9572356
1678
6838
2251
9796985
18946
12649
14972568
14933
23388
18294
5517062
9193245
4690
2146
12832361
7981330
19874
10566
21094
4855
17929
960
5107
15120
14830009
9830100
11333225
13118
1046
5084
10526440
8579
8618
11118
7577
5253857
11195
553
2970
9939
14953
11426
6047
12886
9668
14652321
22197
1916784
18740
5913645
16144
5146295
6233570
16381
10387
128
16956
4179
235
597816
1899
3325
4147830
7790
9510
21679
2930
4031
14703138
6055568
325
1292
6904232
10440
12362605
1483
11664
4131
1693
12954744
13143396
9414
16238
1295
7160
18152
14751401
1774
8821
6750
19749
14364
3948532
11923832
12504
15738
3065
11421
14988502
2168813
13729
1599
5677
3515
7606
16323
7174
5224981
25275
6968
10251
14476766
14896297
6578
10675538
15748
14210
14344
4304
1080
4238
8187
7564128
14143
19224
6287555
13147395
23392
14890854
23716
6490983
6050
5174
4454
20249
13858
16373
12975497
15896
3526
14946
14632
15453
8722
9070
1414
2285
13265
9375
17830
12543383
11516785
6711
1663
6465
2202
9542
338
1690110
15592
2116962
17
9970
10486688
1052
6053324
3685882
19246
7805225
12689
12044334
1736
5604
21497
3064562
13755
12117
15207
12277
6439
928
3648452
253
4396557
5056
11229924
11797842
3336
6569
1532
12085919
4279
13799665
2392
13765
8183
6554897
3431
5059
9179
12452
21541
19901
11080
8625068
7228
14194541
8215246
5249665
16138
536
3807603
4041
3738
13203
22851
13045
3165
10577
21159
8018
12915787
10216
9419
15222
1682
8988
12157123
14071274
1369
9517051
5932
7443
18583
14672
15293
19476
4546789
4559
11033811
7867
4520937
7694
10022
12244
11618082
10765
6724195
14112
18518
13287096
4418
11399855
10498357
9031
14746
8546
3851803
12520904
11972
17384
6265066
14967882
3384073
16323
189
6644
6847
14958611
12005
1954
369
11828118
7966
23827
18023
21116
1118
14562
14819227
15626
6890
11537823
4571
14675767
10058945
11517
9188298
12975
3861384
1639
8259
3788
2390
9477371
10679
8909117
19793
4855
2125
14377
14904081
3325
10440
3678959
10813094
4026
14750
6242462
12122243
26135
5907
7789
14886233
2262
7536
15465
6865700
13404437
2757072
1708249
1233
14922717
3207
14876298
7328
8595
2322
6461
12144683
247
9258
23123
4042
4446
639
21430
4708055
940856
12319
1494
18056
10278988
13979
1015
14401303
12913279
3060864
5357638
2164
2038
14622795
17599
6653345
8826332
5493
9472
11296
3020
14938611
2081
1983
14483202
5864
4401
15285
17323
5792
6896
12439169
877060
6020867
631
2001
10598
18025
6941
14972408
1176
1649
5526
2793
2206
17924
8382
5198469
9782
12632
430
2705
1354
2349457
7224
6249
4277
3976
1428764
8859642
5396
2849
14283404
5969879
15264
6965
24390
29
3007
4264
6153
13539
1784
9189
749
2851144
12343245
7980
3400
454
13725921
13891698
9615954
9653
3931
625
12809
16417
14612048
14809308
12317
23213
6109
3581
4774
11568
10232963
5444893
12710
1992
6114
2159
5193
23805
3502
4699
8410
6523
15181
6974285
2480
5576
16774
11553517
2486857
5565533
7395210
19404
10092
13083890
4874
9434
8327146
2696
7251
7607
14777
14645531
9082
11374
1589
1931
11472
5979
1839
2942625
22969
2261
15176
5497478
14898612
1828
13473
524
5363
8261
10538
20971
11710
18275
7902
15799
14453389
9663
11422
1751
6030
3341
15432
11420088
5421287
21032
6665110
21775
10633
14669622
9368
9088
11288
15953
22452
6970779
3025
16542
11335229
3249
21291
20454
10429629
5806
1666
6487
6070677
12361505
504
11297
6262
13977
11658
17665
5809
4799
4864
20227
16832
1989
4852
9604
22889
13789
17868
14258223
1103874
1037
13940157
23805
629
9911189
1317
1103
8881086
3429621
4364
5466
18079
14018
2123
1238400
3763
206
13164
5962217
4054
14014
14723532
6376
8225875
13739466
10662
26084
3540
3325556
11168628
15790
1787
3127845
552
3268
17238
5748
7390
1422482
6733
4327
12066
7084
14826
5503451
8273329
4775
24494
13196
13890850
12990
301
10648
563
5259
12064
14467443
15243
4004400
10094805
1228
11469
296
327
8910079
8703
14559054
11215
9105
11400630
8749
13920
13509
8699307
12130
8523
21892
335
17869
8615
144
7308
11082079
14714248
21823
14549
11429813
18775
1308
5724
9786
10661724
2145
18664
10656
9901
1033
14959685
5785
1036
16258
1682
5362
6685
11452
5015
5730666
2200080
2496
3540532
12426
14878354
1054
3959
20754
3516
12829671
11387146
17673
17944
14968904
11020
4233229
18202
10247
2544
20
26160
3553
15384
2223
8670
20156
10614
13391
9030
12288
1568
8819
9956
14231435
14941617
6492
9112
1320727
11221640
1806
5302
13610947
6433
1406971
12248
18515
4099271
7933332
13554
5441
10420
19844
14616508
5703
331751
893026
854
16421
7697
17639
7553
6437396
20769
4784
4281
653
7404
14914197
13108
5523
9391380
406
13672937
7642
6189898
10362
23073
9789626
6349
19637
3442
10356
12943703
9487
4223
2426
21506
21554
7309
19900
14866001
12357
3506580
15470
14897740
15664
4583558
3606
10557554
6537
6554
12380551
8181
8607097
13832
282
3520
9166
6205
14250
12030903
14245663
3855
2708
5680458
3748
5975
6985
6182
100
9530
20355
22788
8756
1161
2153
2303
1548
22084
14968283
13603499
3688368
1603562
14548
12111
3410
11544
14573959
1451723
1759
1988
14739979
1467
14165
14269433
6171741
4964
9787
3305987
16645
3827899
6795024
4345
8559
8542
2019
20310
1229809
4068
5701
4825
13426917
13638846
4222286
20789
13928377
25447
11560
7868
4347
7859
23213
5860
15657
1696
5134
3067
3368639
7190
8918
526978
14175
2614
13227699
2639
8488067
12877
10155
12265380
5334
22033
5851
5162
6465
1171343
14650550
107
9698
14608
13764
12318
4070
7093
14745267
17711
15140
5678
14648281
8437821
15233
2533
15220
12434
12863812
12859218
1606612
23962
4566
8876214
2701
386
10471
10377
4728897
11485348
10365
7151
5492
1222
6548
19796
13040
8389294
14892777
14978897
1922
11235
13919857
9785780
18971
17967
14706881
4355390
10005
8372738
10697
8519
14949922
6634
845
13903896
5512
16165
14835396
6583
11345003
8446
14554
10709
9926092
20313
5306
20162
12853322
12889437
1841496
4420
11133
5300
12768
15642
10505
10091
8214
8744
7353
5641
12182615
12119952
14691232
4035
6416
11309444
4031
13878888
13603710
4520
11062
13699
4547
13426
12679
4016
472807
7740222
2860
13703
14974957
13718
17735
10260
6869
24044
949
9837194
1371170
2516
11427
17278
2375
1671444
10892
4504
2624
8232
12225666
1577
12993535
24656
2422706
3700750
5828
15842
2628
6292257
17059
16708
14505480
9556411
3372
5381120
11324
7907911
8110
2168
1716
7339078
3936
8247876
521
7924
3867792
13768885
14021
12023
5953
13489478
3837
6378
17873
9900
13135028
11955
14773
20101
1651
1679
18212
12443832
2737919
8097636
14348704
13436
2306
12047855
2145
5902
7999
2118
4891
182605
8269
10801355
2260711
442
1817
1702
5695053
11228235
1292
9505
11203
14754095
18945
1895
7948141
12736
11429
922
10290
3813
1950
6978
1087
10336518
8778378
14284378
14777
4392
7404
6667
9638
2502
10285878
14962388
1028253
14598
1163
8644
8382
4833
17619
4230
11102
14366596
22819
3540
11555
11471
20142
22490
309
14200
21247
13449978
4753
7625
2993
11450
98
20263
10566
11176730
14883944
23148
1048
14566359
14841745
18097
6170
9935
21705
14914768
22691
18685
3536
4607
8352
20733
15128
351105
8835
7866513
7180
14138
14973948
16347
19189
12280
11563563
25276
1292204
2400510
13280519
12296
18701
20926
14542
7080
4558
25052
10950
20645
4732
19999
9133
674
12362
304
14924557
8225
445
11318602
1497
14772572
3928
1550
21143
18865
7221
6711077
5460
2378291
1327
2182
23238
17816
15433
11962
1916
13169
5208
1669
9614
14621
11943
20387
14112834
4757
12320540
11266036
846
13954
13670985
14073
12212
8662
15853
12217
10036
759
267
13367
4929
3216
231092
9237042
86843
14589
2608917
12386
1472
3234
9028899
13580729
3725
15463
13723
16633
12177765
9638
5412
10579
7353
7385
3663
7004
8753654
5709
11766621
2168
9495615
2795
7310
5964
4631
9483468
3094851
3345
7334
25821
2171
13207408
2817
24303
10045783
8732
3113657
12724322
18785
3779370
22827
6770
4954421
260
9787
5908
14790
23700
2982935
627530
491
3996
238
9295
10174
14732001
4373501
855304
16095
14074
7463
23827
13988330
7603
8131
14963108
5239
2791
8343
2031075
12540
23966
7549
14985423
2801557
11260904
4472
17220
16533
17505
4043074
6725
8961
6450161
3808
6627475
23451
12663
8961748
8570892
14422770
11065
10365
4156
13703
1882
14402711
3084547
10463997
12364758
14488186
6446
13160
5240
10078
3070646
13102
4166
6860
10058
2471
1663
7111
785223
5004
3781
3513503
16987
12308499
15435
2787499
3253524
1880
3926
2883
14968199
15191
4526
24911
632
15180
650
47
5568
6056
24098
12931
2165
6773
1495
13119
18547
4628943
11567501
10149
1345
14090180
14137
24556
2469926
8539
10170115
11253
1813
4187
14850398
4941385
13448
736
1110
6800852
3889
9184
2859
14783826
22188
9403
13192
6363
13939249
14162922
13592077
422
2721411
2003
5574
3736623
2523
12024
3670685
12027
14309758
9534
424082
12856746
10632
832
3278
1943279
2438
2265
1111
2330
16388
10590451
14639148
14041093
1265
12198290
3574093
4725
19716
12074084
10204
14987555
1355
13885
2523
14724350
8872
1973215
5807
6756949
784
14898534
9723
8552
19144
1962
3515
9231927
14886148
10374
14498464
8616917
1011
12972021
6135386
13136095
11640680
21850
14013544
14320035
9461
17947
4686
15481
7999
3009191
2107306
12530
1598
3121
4977
1495310
6512
14743484
11802
317
9841438
5794
7924321
1462
1076
7668
4696
6285
13830
11131394
19540
3914
22581
1766
1179
19363
1806
9367
14092
8801763
7668
2463
11365518
71482
14854915
5370
14441
9561
11418
4514972
16832
1487
9015
1313
4363
4907
14366
8587
7691958
5987
289
18170
290
2979
12767
702
4910
4435
17482
16546
7936527
3362
19425
4339
8546803
15455
7220
5114980
9421
14816865
4437893
4722
2943
12092552
2387154
5426
3397
14399
9166
3830
17835
453
7617238
7823
3706
4522
6030
140
173
1221
21078
4236
11112
14089299
1657
8884
7794074
25639
11079
13172033
13815
2985
13979427
5422
6416545
24280
2617
4430
3236
1413
9971
23731
10528333
294978
327
14821825
4959
4636374
3493427
11143
14972151
9023221
5169
3545
14961892
10326
13804
14307
13959
21977
21439
7453114
10670
1540119
14286
4550
14918352
18931
14982880
9934335
66
602
12590749
10351
1110
8201
14937850
10338357
11981
785
13575
17235
2974
12047
18654
3194
786
23398
4106
12562060
14054
14263780
7979442
13172135
5977
5229
3609
7013
5197
17545
13748993
13513341
4849
13914
8467
13417482
14421
10931964
2880
16642
59
16496
1354
7080175
184
6063
7342
1661
10717
14827
5858
12156
8218
8473435
13534
8543
24570
967
906
16560
14878466
326
6548
5521085
14965273
4740
20029
1222084
14935496
2624
7572
611
9548
3308
5419450
2683
6991339
12646215
8030
1843
9125
16236
10177202
17916
13090
14109
3972
12978063
7027
1957
7599
6471140
15126
7015027
9212
5395274
17841
318
13299536
13328847
11943
25176
9422
12742614
15964
11901
1214
3894
1429402
18066
6724
13724
15251
7781
6460
23843
12545
4848
14395567
3317
1562
8108
3753
6588164
2254931
7801
2041
7204
9153
16085
4131
9242
5554
2156
12780
4
5644
9380526
7209712
3312
4741
627
772
11388817
14821459
17923
19920
8148
12909339
13700
983530
5268
23145
12202221
20601
4257
21898
10651095
5798599
2106
924
3002
14762
14643
11701
14474037
22000
2617
1470508
9759603
17379
9703
1208
14907
2208
14168686
1053
6027662
12325282
2328
3783
9870
5079
24898
9151225
11797423
2366
2187763
1117
8283864
16112
13071393
2367492
13673
3221
8965128
11972998
7473226
8664
9575
2868
2558
4680
689
391
10301
9708
13497040
20625
797
6894
24596
14974452
14637811
14844297
15240
7562
12945
20619
6837
9303
21534
10228
5375
17587
5436
19562
2209
1966377
10390
9893
18299
4617
14072
13362082
13408763
5173350
21012
9832
4850298
2938
14756017
6064574
5291
5944
10295
9245721
7872
15916
14805161
11469
8795
2918
14938317
851
941
9465350
561
11359
5471492
11781056
24735
2730
13955479
9794202
2458629
16011
23621
20508
8227
7316
7575890
8158593
21193
5957
3502
13361
17457
11190
12650570
9002
12292
13841632
108837
17784
14909
13
5774
247
8458561
14680786
18345
16788
14304979
7919
2335063
5922
14163367
19804
8756308
7309
12871610
5222
5058
9815
14816653
8181
17438
8110
12310
1762
11023
5302032
14919049
14232833
1889
19774
7448810
13025
2911
1337
11793126
10436
17874
12151193
6295714
14936630
14440
17155
14914276
20155
1773027
152
12167324
17022
17936
3540
7938
9120
20230
9566
7052
14879428
7459
10472831
7436
14836020
1807681
2800
1872
6546
17643
12390
543
5294
94
11047626
10770877
18124
16251
12699
11167349
25034
255
2129
9960
4629313
517699
9390681
14724037
9338
19783
7652
10836
9013512
2394
7395
8710
7521
9168
630
8358343
5213
20893
206
1381
6784184
4356
9859305
5985
6384
13414
14365034
1277
13513325
18363
14444949
7583260
15406
710
13635
6720
9683264
4606
8677281
13651
8124
14965419
12280
9082
5048
11146
9237
855
4991
10223
13569
13049
8655411
13768238
8392707
14566500
9789
2617
20523
2488
10460
14690339
9345
21475
13242
9429
5495
8270024
14631953
2016
5241171
14490294
23369
2973155
5595
433
9584880
14317003
635
9868
12030
5902
11353718
11216
4555
1141
3418892
1518887
5454
22276
13676213
2449
1317
15019
10489
9341
14485724
6907313
13011150
6417
163
1834493
7990309
16679
16924
2582
19513
18827
7158
13563
2277
2480
11475504
2056
14137
1864
160
502908
15244
450641
771003
2123
19598
4733
41
2851
13683533
2070
7369361
17172
17098
16981
5692264
3250
4174
9389
2276
7073586
10484669
7207
4061
11066
14945314
14971596
2184365
9140
392878
2760
14791835
15928
22043
8077
18205
8864
20590
24938
1745
9815451
4263
8211
18238
8341
7327
7645906
12994
13801624
5629
2300
2577
9472
5063
3367
14920
11979
12641
14756479
24922
3271
8636
18186
8198
5587843
8212
4256
11229
14866509
20798
1478
8511
12863
11486
19199
5470
13960276
13576103
20430
6088
11532
13458754
13511
10908515
14711233
14735353
13194
19512
1711
19585
8146001
2709
14924564
13755135
5452070
4479
11195
7327
84803
1153
2450
14194
3090
22192
14798441
11293939
4181
7262
3668
4984
5295
3596
2246
13096
3825
105
1509
14972425
22963
2388
1564
4284132
7902
11867975
7764
7511135
14912
12222
3223
7932
14900
7672
9859841
307
6779
5918877
4871763
15115
3062864
783
19642
7952
9096
14307945
5360595
8
1750
5621
5892
11345135
4061209
5466
20336
2943
6481
2178
12956
12135
11687
5184
352
9731
2072
14539437
13616716
12933
9839605
7559
14148
14274172
595
15204
13773562
20663
1469
17981
14392714
4343
831145
10933
11925
14268
14741136
14895305
20045
11615
2769253
10627
2901
13635386
10475
13962
1310839
13586562
2994558
12970825
12787256
3021727
3166
5208
10902
1544971
13734478
1712
6096326
16840
7091
3385
7679492
9503
7466
12583
11487477
11648
20752
3286
17028
1496
3840
17962
17628
14656129
12449395
280
2745
7234483
7723
6790584
10582
2795356
4195
8753
10085
13856112
4848097
9839741
12356
4900
6084
14232
4975
1169
8729049
4966
3343
3272
18110
5709
14124646
3875
3283211
12151
14385
100
9465
17303
13740264
13030
80
8928
3165
2146
9921
10270136
3024
13731
3716
43
4440
1989946
14461942
1454
10103414
11993707
4303
14652339
14847618
5658
760
4670
2264
4224
13895
18842
16816
14633023
14896584
12021227
4038
5424864
8075
11742
3305
1046
823348
3541
722
12651225
11162721
2996
13852226
1766559
1076
14503874
10189
5481
11526
16811
12594599
3446
14852721
20395
3329
10230
1413
14966236
20418
334566
6299
13988
211
21460
2656
12811
9187
11801
7903607
2463
6725
9338
11085530
11061033
3952038
265
4552
423
757
365
10056
12958
6694
4574
12704314
7571
5765
18050
386
7881
6406
13252
8751
770
11352940
1483
2354
3543
14265
4974820
10621
14282577
394
13715411
885
21252
2572
1921
8605
4491
10040248
10553489
1318157
14614368
11221884
16976
17000
19189
13133
12450892
21962
10009
14368536
14760326
10657
6811
5323
1516
6913
2425
12851191
10565
5676
10596135
95
21252
21528
2992877
571862
13487
14501
14191518
9534001
3175343
664
23803
11235
16949
4185
9938
5999
5169
4525
14923422
1753
4904
10258
11093891
21255
3659
6453
740
4139385
4961
18878
18655
9331
14965774
13816522
5710
8929
10608
2169
2594
1885
14059
4803
3824
3842047
9046
12470
43
8990
14894976
15839
8956411
8700
3574
10727
6276
6681
11692
6865766
14944924
16503
12866060
4050946
364
9140
18221
9871
14295
10424
217
3572
11053
13233
16279
10647
4670
6577304
4586
1967
3376639
19117
6239875
14494562
1687
6679
6586
9778797
14340969
5156017
4363
8601
10235
9837
1979
7799
12975379
14114
6246
2749
14806
16131
12429
313432
16334
15283
1046
7800799
15856
243
10376
1318902
6325
10184
5018
2170
18167
11175
5839
6648
14576005
10470
14663692
10785
4547
11349
9608415
3132
10339430
6077
5370
5596
7855
9074595
6027
2560
6419832
12673
3552559
7217
23801
10819617
6931205
649
4887
15158
4229061
14023559
4388
13265
16247
13878
1551
6402
1419
6912717
5738
18129
11256042
10469
21402
380
16875
10052577
5475
6226
5334
10626160
17781
581
18965
20402
11645
19352
14640710
10568156
5998458
19448
14710
11769
8224
8327
3933063
11545885
14710386
5075
9006
13963887
12665
1109197
11699
8401395
13116
23432
4240
14860465
13071
14319
1898
895
13027871
15773
8729
7147
7383043
15570
4773
4667674
6631
8460
15173
4935134
9096957
427
929
3180273
6593
16530
17039
1881
14808686
960
7313835
22473
8921
413696
7821
14893
2981
14392043
12728
14046049
1504496
7088752
2269679
10245
14116786
4694
147
10795988
21677
371
14958466
7542
9549
14183
12830290
20546
3152
10521735
434160
14986608
1095
3957
20233
113
3729
4588
12433099
4421541
15011
7184
10088797
12426606
11698
4102
9232
7578
13993
21000
12101
3049548
7688443
5630835
6051
5145
16904
20056
18550
2205647
13921306
4144602
24915
1220
8701
15901
14020223
13260908
4605
19304
1412
17715
20163
8925342
11032
23947
8008
13590
6622460
17837
13208
6983
16677
10838
5173005
59
8522663
515
14835116
5151
3832766
14988
5189
11357
13451620
5596912
4442
2379
17784
7482
12949110
22513
5523593
17755
8259
14860558
14589600
3802
14303
8009
6539
5830
13236748
1811
11249
11444435
14910458
11420
7252
11738
4031
5938601
7096
13381014
15003
9522
12606
8671
13674282
14163699
5735
13258
11079943
3424101
307
2885
9923166
17794
8374
20329
6467
14471861
11177243
11961
9716789
11883
7890414
14490898
10257318
283881
3823
1940
21538
11684
1417
22456
5333735
6192
3974
21454
1892
8645
6091
1654
3488
20759
14771605
3572
19387
19477
11705261
12468
936
6216
14761
14431435
10760
10834
1786
6874
3410
12781264
9626630
11289955
9974916
12779356
4471833
11676811
13405
23932
735
9355
7880849
12367314
10917
450
5045654
13150060
10157524
4899696
7833630
11869
13370842
8367335
1968
12012
19458
4826
11651516
4862545
12715457
7497921
8405687
18003
12485408
3533
764
17421
14733496
7813
14960949
14386388
17646
16870
21978
14179
20495
1063
13088712
13625605
5990
23147
12347
2136
8860
12445039
8196668
6245130
19846
420
1705
965
3548690
2870
9720474
6126244
21819
5482
19313
12327083
14269
226
2280790
7697376
2650
17598
19524
15352
2230
299
6389
11776
14242
10381
3461
263
6191
310
17526
14304115
718
5953959
15082
4946
179
1242
10870
7080
6565570
2592
3265
2289
10567
11811
9338
5873
11254
14430
2885
9028
12273949
24140
11708717
13904713
19786
17480
13415
16232
10156
5318
531
2464330
13883234
10278
2284
23404
7241290
8266
6654
9644
5590
2717
10603
2326
3967
4862157
5878
13811
7963
7689
2006
14884502
14492
1162
14958074
3034582
10406
10170504
5487
5510
21283
7612136
1453
5703
7407
22487
7389
9673344
8629
14251815
3853
14289470
10685
13671
7409
5881
7147
11416711
12342
14817
5590
11488477
9207
10634304
11845
14131461
11220525
8515383
14920903
1681909
411
10563
18630
6404
13138
3457
5955
6991
725608
1723
6391
14674222
2930
7353
14651538
11484
816
456
10131966
23788
7878
7103
2246
1240
8103
26918
16980
12197
4272
21997
15168
11773
13489813
8893
14819375
7720446
15370
5201
2659
12733844
7488386
759755
10311
7407
14605392
4717
2382
10336
2036
11349
21662
24118
25851
11135
588
837
1293100
2995856
6182885
14353
6902
11946
9749
2359
16228
2081556
14158
11945
14965887
690
15653
4277
8749
9558
4450
13335
12553
7731
14968110
12729197
505227
5671422
3986
1188
12652
8906
2555
22605
13644
2048
12557674
14773330
7011
9781152
2446960
1875
3544214
7736
4424
14322000
14858334
14385958
12756155
11102
9
500137
2820
4006989
9725
15396
11403
18225
875
25902
24497
12642280
4888
9261254
4462
10536
7189
6654
5418
11084531
694
15436
14858335
1379
2627
2724
12150
13256
13679
7892
1298385
15
18731
10138
7283
15373
12330187
3689
5385
10116
11552431
4295
6695
765342
6398
15769
4992
16741
346
10545843
835
8280597
5631
10586901
12488023
13646833
10077
8286
6299420
11295
10020549
11634055
185
9225
3778
18548
7556615
11059
14251
14113399
14984585
5335055
8845
4465692
16177
17220
14960981
4325
15164
14869986
2947
3118
4970800
871
8266
862288
1424
6787
11440
18333
1291
16806
24428
12352464
7448
20132
7748
18449
14022556
12476727
5053
14729406
10701607
11809
6259
18669
2896
14886910
12935
14540870
14640474
402
13424
9873770
13706
18805
2932
1263
7742865
13551
15651
11193
9244
7217
14649837
13530636
5819
18753
11491
3554
15102
5467
14966625
5387580
11193806
10231
7701
6512
10555
10543
6674
15710
5211234
7441
11645
6518
12048348
7218
18998
13998465
976
4247
5071
8676062
584307
7242995
12539807
5880
21200
4962
11799496
13284185
14119843
5900
22025
11850615
18384
2256867
16220
875
2065
239
14621
6119
2676
22383
14336603
2611
2946
3027
19709
5683
7411
4682117
1621
2119
1721
10768
16365
19601
8575
14949217
21775
2333
3141
14607448
4816
4199
9146
9750
12986
14731
10640
5392510
6949043
3095
16093
23320
1768
17124
14963745
12117
607878
252
14961318
12191
17334
80143
5927470
2001285
14687
2974125
13473
1578
1951
922
6411
5564
12769
12280924
2377
23607
6360
14963272
524275
18184
711
6196
12467076
9974907
15037
13530379
12708
25159
7527
12144665
9009
1279
1295
504
13409
14042
12674099
10268075
10136
13668375
6050312
3550
4019
14559634
10990
21339
14180164
21269
3315
9435
16684
1887
23364
13630
13170925
4394
13453031
10270
764
4606
10386
1401386
2736
13373081
13345720
3875
10160935
12596
5024019
13804
2560300
8450
9454
11950
9595
25587
1997
15306
4418339
1414174
11498
2009671
1720
15507
6021
9165
7192
2332644
4178
8871
988897
14129
11191
11637
3011
6029
4861
1982159
4901
14872316
13285022
20681
9155392
17618
11269077
247
14517
10828
14579282
6044
17460
9993
5994
14579163
9629
4005
10380
1560
19757
2967230
3063339
292
2155
4160
2602
9835528
22679
2187
11832
879
5270315
16177
8999245
2035
13959
14440494
21457
6133
5162
13293
12898433
1769
634
5661
911
10158
6366
14487703
240635
11242
9494
9692
10186
10899
1645
4146
10768
969
8536
22307
14735
21804
18390
1044
14795
18151
14967092
6635
7257
4716
11026
14214220
6382
6467
13040
3512895
15785
747
24290
6887115
14929244
14683
3217456
14991
2439085
1526
2286714
12795
6920
1880
12924
14978621
8182
8325571
14495
25338
2443
15279
6428
10898955
7239
1904
2700182
5463
7892647
6628751
6805
6789893
9416
12612021
21039
2525929
15811
20306
2156
3340
943
1463
3604
8003
5145
24138
23582
3645
3413
14712
14128938
19327
5252491
2225
4647
17163
7016
4098
3041639
11742702
8498
1634
5632
7224
1062
1536
2824
14684826
4185
16107
9773
19545
6059956
4463
6865287
8360
4133
3626606
19490
6842
15758
8474935
8721
12372
15874
14465417
12837886
569
1617
15074
7668
6865446
13832
11218
11101535
7124
14506596
3165789
21846
2544
6089
12507575
6848637
4025
7166
13876
3100
14947581
14818552
2983
8901158
24719
8287
10898887
6400311
5914891
6434
6663
784560
14393354
4718
16331
10464
15397
11283423
177
2719
9065
19443
7649
4123
8441101
14372099
18721
10927
4790071
5199
3333
14623481
968
13011
4081
13209
4437494
8849
509837
14929499
16659
905
2961278
13117759
24883
12194908
6403
14969033
5327
10153160
12604
9780
12060
9120507
14524127
9428362
3405
1723
12608
3952
1937
5959
20767
20508
421647
21462
15439
14801262
4739729
19109
7395
9454
16126
3533
6392
14256439
10941028
7556309
12976419
3948
549
8105
2445
484140
5204005
15006
653
14708236
14670764
14892111
13502871
10420675
14238351
2114
10454472
2997
12675932
13790
10840549
14758
1492
14592
9396930
1929
5958
10715
8785709
5347
1787999
8416
9983232
13048766
2737768
2926
9477015
3862
21161
6123
4912
6443
22501
14987839
48270
12127210
2790
737014
18490
9295849
20399
7167597
10308
9343696
5107
1667
14271422
15951
3351
8285
5720
10770
10049665
16084
14759529
7128520
3577
11086884
8942
9718132
5359
12324
5116
13372
2866
11484323
5134382
15287
4461
12798415
12085
14934849
14492
252
2759297
12796
9095
14453716
14771
10898
1300
16856
1116
5594
4862
24041
9246156
2004
14781614
12555
981
4046438
8568
13173
11659624
24790
4250415
866
15876
3806
12871
138
6367
12658295
20886
13295
1925
14287322
13629
7953168
450227
25382
11425243
21610
8208
4235
2896
19812
13220
7300
11970209
2313690
12777
143939
5863377
5040
4681
3493
22990
2848
4868
14397
2973217
8555
2296858
5535
18464
13672937
993
1864
10800
11814
8171
3184
19449
14857580
9276439
2073
10716
25022
9065516
7043780
3172
9362
20915
11716060
2736
15984
21065
9306
17433
280
16363
14698085
14964356
18057
6700
14340841
25420
8784
4625
14093
2911
1264
2195
14483
11349776
7143
14814517
13182358
10880
7801
12530932
7856
4540
4367
16378
11707226
10917
3607
11610
14407017
8155875
2998
13253
2195
7316
13985
1381
13564
15571
12491955
1774
15936
14949114
2054905
14100
1861591
14694813
1143
13786
1623029
16550
10291
6507
16441
9808
8699
12725524
19378
7314069
19010
14383
24400
10940
3144
16780
4730
14960893
2021
940
8810
21131
12242753
25
7131
18829
12273736
13742644
2424
10391
1719
8714
19397
19388
4131051
14985853
7101885
14423157
9609
16527
13120
241
14575
13301390
22258
2450241
10114491
7618
3765
10732
14465485
2128829
12737
14960838
25297
4720
20195
4700
14891564
4933
11432
18075
5278
3941271
1321237
1694
949
7812
12471218
10894
13118127
17628
9699
3117
14929283
2929
3128
7654
13901208
3808
11200200
12464
7493
7520
12174
2028
11015
2318
10669
387
38984
7730
8258588
296
13376
2696
15461
9987
14989
17213
10709330
9410
25139
6103
9372
23415
14688
8671
10539
4736
11931
16276
8796477
8442546
13744
5429
14649564
14976726
8251213
6493
12594
14839650
7301
14534762
1281
12306
4588931
10532
14907392
7191
14539
8858
18453
14975149
691
3460
20377
16172
5281
8323
24297
6664
12991432
4121
15206
6208
15872
7198875
5767
7670135
4739
6788
14766305
21637
13501057
819
10949
937
25781
4784
9810
2987
12514121
21512
14143
943
11505
3539
14296959
21264
2310101
5295
3186
12368
19115
5713
2805
6389
6937934
976
8655
4718874
7302151
13427
8916
426
5536
1216
10287
3837
4999
10806266
3540351
3909
20342
3609
14368063
14854649
11278511
14951440
3264
10444
5070
5032
4295
2688
18139
11430
4569
15325
105925
356
8365
14300537
7158
12999
21430
1391
13928895
13524742
5334
4351
4117
616
7078
5196
2531
3428
12246979
3731
3523
13472086
5211938
15713
14570354
2451
13596
8560
14937199
11241
4371
19887
24499
6181152
1303
9677511
14123365
2348
19157
976646
14316397
3099366
14926594
14438099
5796
6840031
12533380
16554
12366
14525162
12018
10228234
9898818
7648
8329938
3150
10548
14978099
8944361
5247
13546074
3352
12945479
11395337
4659
14334793
4598
10922
13346253
2780151
18488
21589
8740365
4793610
16577
1815
11874
1067827
1465
17697
1491519
10497
7705332
17387
3240
2586
21158
11069
8089403
13277801
14259379
16457
16378
13889413
893
1118
14085
5521
1398
8110
4357
6277
3545
4001975
5554
10227
16635
13010
4578
5418
8888119
4359067
15995
9440
4560
13570
482
5830850
15888
5745
14769298
4210
3580
14610574
3403
5320383
6922954
5946
10840
1593
13932
8782510
3425
939125
1807
8147
1602163
15103
9090
9893
3626054
9080
8655886
14967515
13468700
14641
4673
5195
12706
2049
2067034
15131
22876
13814165
7830111
25231
14926963
14821745
13812956
17176
18751
11037975
1493
14342
17215
4401152
13529
11463270
3309
1604
14512
15479
6608
12972
21378
5529
6644011
1294
6844
12026
19686
5136
8763
11680
13173
6066
4888887
8403
1314
22805
725
16123
13495
14097
11086
3541047
12248
1993
6201
3845
5422
2864
2926
14973033
10491862
8050
4718
486
21834
11991
18495
12812
1293000
18229
3153
14438
233
12784287
9915
9051677
4532
17693
14557750
13777824
10515
14022041
1033
14508004
1900
9788
12846
7746
10151279
10710480
12589
16690
7064
3894
10315279
10530
6633
8917
7214
11346411
2558
7991
20976
2522
3914
13603332
4111
7724
16397
21666
2289
711
9077454
5767290
2865
339
6395
17116
951
20159
5457112
15828
3964
540
5426
21066
1676841
19884
2941
10512
4419948
19799
3537
77
12197
5285
14785991
11304173
19351
13442274
465993
13856757
4399
14953927
4425377
13849910
3736872
1194
13188
5801
9076375
8674409
16809
1723124
1706339
9058
14956324
8906
13263
8888
10333561
11136
8828842
5010
16088
6560192
22933
7392
3227
14827950
2590699
1407495
3299152
5090
5641
6816
10746465
1877423
9552484
12062
23031
9566
13539058
16013
6918
6135
13624
5107085
14595462
5938732
3189
8378
17964
645
1976
7728
4566750
5761
14156
4108384
7099
16185
14476330
5721
80
11111
16277
8306
8770896
13640599
12321606
5716
958388
14391
14353781
22828
4313
4072
16037
21757
4912255
12272
8515882
14938
6297
2101892
5768
4000601
1433
15775
7363
14920364
19584
24014
9606979
4298
7965
8491
11381
16004
9835185
3505
9594
7516
12541
5377064
2481
4383
3890
15221
4667
7327
5709
7897
5749
5395
16960
3043
8498
13263718
25169
15512
12081412
5404608
4120
3120
973
1188
5454
10038
7595
4487
22045
6003
5065800
12374803
9083
416
36
7063098
491292
8991
7267
8220
7804458
356471
7628
13083285
14928
19139
4063
16807
16964
14135602
4196
4910
1473011
23715
4149000
11542
11454
641
7802940
9844
6998
6696
8438661
5135
13754232
6927991
7800798
1820091
14835391
20
16086
2611
4490
2479
19512
10403
14791245
9231194
5760
16516
15791
14697854
2609829
10886207
14966668
3719430
13363197
786
13828
14976220
4373
7537
1074
817
1821
10516
10409
3113
9927
11162
14229
10210009
22678
19112
9228
6077
13670721
23617
616
8125784
5655
14322563
14516622
18136
13790
7307145
13319
4061
4286238
15892
5508
14302
5449
7901019
17821
9837
11434064
9421
11075
25040
9992
6323
27168
539
13988625
14668239
2999
569
7903546
4878663
6570
13030337
4191
513
4322
1261211
1992
9433
13310
10310
14191520
11508
9666
14455987
12641162
23439
17942
519
3470
4980
11488
12135
19392
18291
14769245
20675
12190525
3419
4420
16929
10875
8306054
5513
8916
1059
4271
674
18560
2283885
10489521
14360707
3103
10186159
1873
4918
14680860
2129
8825
9688175
9556143
14131
17713
8575
1849
28
2086522
7590
788
10132
7011008
2551
7281422
14226
6701
14181596
2760
13465
9977
568806
8795
7363975
13781
7186
6579
14689754
19018
12443
2267
22501
13604298
201
11537
2975
5832720
3798
13144
2294
4980
16225
14720142
11140
24602
4764
14707253
1582
9560
2284
2006
7679
10721
9217244
1314
2509
7481
1500
13752048
5599
13633
7636
8115
877
14235839
3530
7769
11751225
1315
5592
6204210
20080
4431
3296871
17704
11342
18595
14823656
17305
20417
15877
17725
15191
8841487
1753180
9664874
1519
10629
5196963
8814
4075
3623
8980
3451
4985
17591
6812
9191
2782893
9571
6768
632
7740244
14287514
103
14819652
4920
1076
10101581
12405
3077
5485641
6965
7951
3147
14975660
6534
6273547
22772
18498
14803338
2725
11860
12641
1060682
11613
8918
16261
12627
14953375
3688893
10446
7328
14885332
17428
2725
5701
14047180
6876337
15106
14942596
11797
3599
8614708
10783352
4853
7760
8153453
22597
10007978
4565591
8166
7438
3969
17136
9806019
175
3195
2614
11261
1598
10097
10178
6288
8884
23037
683
162
22096
5125
5163963
2795
11101
21103
17534
650
228
1397
8844
5515110
10144
756984
7357468
1155556
24930
515
2884
1678
10949
17967
10665
13425029
5982628
4977365
6646193
2167
840612
12477
12289826
11399
20255
10389135
206212
11303799
21997
10896469
3432
95
3115
6769
18985
9182190
3946
12720
4705
1552
12930808
13097
12614325
3791238
9989
17510
2095
10770
14867349
873
1896
7360893
5763
3715
11421
4376
12775297
650
10878
9873740
6444
1008263
841
11389838
2324
8775
664
5478
7214
25944
1332
14980475
778
3086
10460678
1313405
4239947
8827591
7796635
9878940
14978944
18444
8512074
13516410
12863
9294
6089231
11285
2421
14981443
23283
4635624
8607
4156451
630
13251073
2606
21866
4150
7866
4961
5062507
6516
20567
5185
14104520
16220
10085
7639
11582
24973
17780
6196
12235
13122
9581
11741
8990
9739026
902
8966
1625
6638
1443
5010
4904
12390968
3568
3820
4734
14818437
5193211
16176
12490
7328
13723
6589
6026
5130
14772156
25208
11595991
7119
4189
9858204
10660
11200
1409
8287
8813366
3832724
333
8003
1010
2264417
8478513
9025233
9687
12798803
11909647
8688925
9719
13598552
2350
2204
6290
7165
4916056
2683
15923
1853
14761266
1852
16129
1285
11818
7719907
9369
3250
12062
8389
14684266
12520156
116361
7615
9892
10607
317
4828
8680
11205
24413
227762
9764228
23
9080179
10076
812
957
1376
5687165
6256
3270
9892
7390
838
2026
15869
13847747
4008
14552023
7903128
17933
85
4889
14677442
14234622
13586
3842547
7657
4159734
1699
4692
5698
13605535
13800346
2797
5440
7544146
7031041
15673
3615
2496
19053
14965931
4027
14973591
3664
3104
13945035
1436568
7216975
13764267
9479
10040
3216
1598
16455
6282
10661
10348
9304
7345
4208
5060122
9212
17605
9026301
13437375
425
14024181
2356
5556903
3450
4910345
1731
6562
6944624
7259
11489
6774881
14596434
9213
3561
16700
6970
23366
2185
13827902
12484047
1583
11953688
18486
395070
13577089
4992
13834483
13943
10590928
10188
12397
644
8525343
10883
3347202
9948
6719605
909
3538076
8571
12955285
17077
8972
14966426
14970754
14472
20488
8453
1739
3739
674
2222
547
7141824
22392
7403
14781444
3033
11633
10975958
3426
5572
17604
12717
3821
5811
477
12626375
3620803
14259894
2135524
1597
14819
19983
8834012
1345
14645176
14092
14545977
13312249
6156
11098
1858953
14884365
7085
346
7472689
4925265
11852
24437
4021
8155
3529
7730313
7549247
14824
3854485
13516396
1075
1213
877
12312
4252382
5591218
12621
8695076
19073
2116
2652
14964172
848
1737
12608
10672
13800908
2754
13764
12956129
3389621
12445178
12286
10155
9288
11469
7572
6647549
8757
11114109
17475
1211250
2270
11298961
6401
2989
12969957
1210
6255
1009
11480
8265593
827417
3134
13799
1603521
13405
9039
1091
3820
147
1184
13150795
20198
549144
6277
2375
7658
18033
8209
12414
17021
8568761
14538298
10534
857
4651
15563
7749146
14160261
1463
121179
8769
13143871
2786
7110394
4523250
9320
8232
17232
16777
16001
13739
13985125
4820
6050725
13681438
538
14260
12850
9169
1547
1667261
217
254
13287191
19158
12809793
3824
13680923
14975740
14361632
13495
6573967
20036
22733
12583535
13299
12271
3611
10734151
26455
11615
6274
8061
17584
5467
2343732
3418
7354023
10982054
10404
4942
9506411
6857
3903
298035
12333
5427
14296152
16716
10242965
10179
2077
7573
13580123
7603
22948
19291
4853
15010
14483627
7045
14399979
370
12376184
2016
3956
7212
6569
3452
1166
11054
16320
10216
7530171
5443
3249
8382
2534
16070
295
1048
6587
527475
6106
1679648
4434
15090
17970
9711
18416
13887
5125204
2480458
142
3152
18371
3199
7536
4991173
16747
12048
22215
19067
14347
7427
3686
5028448
5616374
3664938
9587
4550260
14889340
18997
15665
14814226
8970587
16155
15118
17064
14430099
9744748
13393380
12891287
7903
5292
14225041
14744691
13801649
13915
14764547
12603843
14792
14002662
3004
14700899
12429820
3474
5476655
9135
12110
5910
3719
23980
3384556
6672
76
8792
13514128
12967
2192
113
9570988
16007
4255
9078491
14557947
2410
3165
5817
5297
3701
10958699
14777912
11887
21049
12791
1997
14955875
3936
10755
12271
10939
4874171
5376135
13978
14909904
857
8951539
3858
10483
18517
12149329
1205
6879918
21464
8718
2403
4158
13991590
2757
5504694
13256
7628
1915
4292
1645488
2777
21780
14952500
10649
10961
3744
3097
17636
12472522
10503
9109632
7414
3150820
11141597
5960
6212630
10460
7836657
12835379
2004
7382
13720
14899779
3963
16104
13337
8589
2231
6852142
17392
10818
2207
16683
1440
18283
7424334
1083
3286
2512
16013
2762
3699
14665517
2148
7695
12667
20299
843
18920
20048
17471
6531112
4773007
14909
2833
13954114
13165921
6126
4914642
14683271
1583
13364
12067538
11304
5936
12021
18838
14245188
14655
5033
14554533
8901720
12459994
12903
17576
12971559
4388
8133159
4122
10407587
15410
4660736
8276
1236
13350
24838
1543
16980
807
4163
4836
1679199
5371520
1968
4708
14342
17179
7221
16725
1693211
6715
4630
19942
14599189
3610
4566
1429677
25902
12825903
17028
12982
11600
14521351
6051
10887
7252
4921
14902320
10483
18449
9739588
3259746
5216
4691
12751187
16203
3457
13212886
9990
2538
14845968
20676
10825
2276
17988
7624
7975301
1090
5598
1517
15796
7307
4128
1302
12699465
195
14170030
6952
12441
17613
12536
5889
2881
18608
1018
23937
25103
14368
16721
1447387
5229
6401538
21111
2123862
14109244
12738
15315
2662
19493
16164
13821
20241
14145652
8172
341
10015159
12125264
9384
6398
16978
9479
7205
11017
10004871
5920
17684
733
14312
2972874
4560
14893145
9017
6203
12017631
12290
3926
14398
20227
8027
3463
10795
12798275
8771169
12216512
12156
1113
8362
9666
10221
2993
20837
1331249
13985
7945
20443
6946967
8278060
998585
7714
12003
2005
1192
4343
10697
3430
3552
15349
13091
12989
7209
10324556
13158
14578374
1547817
577
13011660
5125
14042141
3831424
17661
2740
8002
12506
3492
14093601
14961262
11948663
2319
13253217
16504
14556016
2163
5396
9151
4822180
9087
25364
7409
3927
2757
6352
18101
9697720
10305960
7688021
10138526
11737346
10110
3129
7998993
14908
6156599
14704797
9487
8304912
13260
12748
2424862
16268
17880
18070
13765
3179
17818
10895
14875577
7450001
5400
4143
14384739
17191
18800
12736121
8285
9481042
678
1729
8525341
1338
5421406
6451
2303
49
15378
13297402
8915575
5383
1610
11614
20270
1263994
7377
13713997
3607
9111411
6318
11963
5201016
5155
24313
12054
3776
13549433
6387780
12141
2055
14517543
14344134
387
6992
5705
656730
13276692
13079834
2920
10773
13784
15529
21416
14822
2283
14746395
10020
12288
13342097
1428
7051007
4446
4669
9473212
9953
6437
949
7643465
20469
1709
6018
11191264
1067403
11804807
8448064
14609069
1765
14670
25252
14540265
7993526
12283
12507672
1580
11952994
13380
3447
6520
2383230
3397
763669
11210
12941
9082
2450
6687
11158
14248407
5809
14429946
10207033
10491
13334
1445769
2557324
14865799
18726
10149016
5568
1983
14480147
10638
1988
5315
3007715
24206
8391
4544
1024
6214
12016
9220
2405
3870499
20382
12802
933052
2448
1979623
12302799
4361
11519078
41014
7028
11934673
6311
13148
13369323
2641956
2157
12476
3611
13656134
1760722
3036
10423
14281
129
12226315
8082
7509639
6647916
15721
726
2367682
8592
11304
4081
19595
1560
8865961
8041
3633673
1825
2156
7448
8502
10052
14279
5891
21162
17228
3768303
19298
6518549
12740140
11195
2406
23054
12818699
6376
24907
5371
3023
7920
11827
1062126
14343
1981
6069
12173
2682
6687703
14018336
24531
1427468
4412520
4891
11243
14899464
23721
11197
7394904
387
9819
5670627
13681
2125
12228955
6514116
12982290
18409
5340
12238
4732
12113
14170803
6395287
1521
2198
2598
10734
7068
17847
13866992
19813
6803366
590
4675
1029541
6261
4064603
2466
12417600
7404
2005
10689348
6482
13133
3946
6269
14432
12334369
5189
9029
2814
1538
14277102
16606
14791492
15151
7970
1440
22599
14079
6450
5733
2992
18418
7102983
13188794
3324
7777245
9568
13906168
279
12224397
172
11231
13661819
919
13669945
7082
14165
2040
6301
7862704
5163094
2305908
5411
12242
20087
3690
19111
8049
11750373
11167
7655536
9341
9355
2913893
13678510
1434
10070
1657913
7390
4414
10830
8800
3404347
7235516
10471153
1996
2111
1547
47
14400
19895
9144317
7331
7410
2880849
14980160
15086
9025
23081
4864959
5613
637
5778
10271
15630
7744
1528
854
23089
10363
11456
10256597
3516
24346
3562
8352
4745
13202
5531
355
29
10584
6668
18965
24206
11621
2159858
20308
14576709
11611477
7333
11922195
20320
15210
827
2454
7389
11174
14832902
1835
11639
3277
6649
9997
14284
8056860
1105
16610
1105
16044
3410
11366
5936
17867
11207416
12742345
7576
2093
1672530
1896137
16840
3784
14127795
4495
322044
1299
9571607
11656272
8951
3115316
747
7702
698
4198
9805
14529444
1864
4791705
20166
21455
11984579
8833
7780
13919
12881078
17947
19354
6484358
21009
17731
13083267
4875
5905
15243
2420
20458
3318474
14261609
1444160
13343
13138331
2429
5390
3443558
8103582
478728
6343
4880
14588692
7577
14567430
14424262
2398
8471269
2097
15478
2685679
13235290
8302
16782
35
8533
5151638
6831433
14960309
6466
11259
8818962
9671
6061
13440937
3708
7690
18817
331
11680377
2613518
11089
13374
13421811
18462
479
3424
11915196
6100576
6245
18585
1302
6958
3539086
8275
6207951
6143
3348
19
15629
1614295
2518
12190
9449
12455
12644
10231021
14786983
20742
5811043
8304026
26471
14864012
5900
11968464
7495
1161
18823
5861
2392
4751138
17297
14954700
894
14736928
18379
300
280
19324
6520
9693
16893
2641
17457
2815832
13804
12061
4783
5068005
5015
14785091
9334649
6802
5628
1480
8121
17498
3126
12957923
2963
12401206
3661
2048
8902
3130
2849451
8766108
7687
5092
9292343
11686618
2343020
12755105
22767
5884
5038
8740
623
12869235
5431
10233284
2072
806
7011
10653
10736
8565695
5454572
9474
13491428
4854
8448
2402
19045
1461
963
8943
23494
14258
17255
9942
2193
4327240
4043
2202
4860086
7399
14268946
4741
1781
2760
14972401
2097
5660
13240
12788664
943346
1775289
4021
6326
9032925
15035
4796
9519
4184
13066948
7129957
18172
24903
2664
944030
3817
18691
13441
7199
14947696
15100
1893
12372
4369
7217
4264
14715227
8704
5971
13957705
10718
6106
386
14908453
15540
4882
1416
11345
7163687
14644154
2506
5955
1118
1544
14380
14214360
3524762
836942
2411
5764
14380966
10988
14536309
19297
15800
6822138
21537
10106
16188
11413238
20655
22888
15952
12286
11357
13116
10717
1959
14964600
1166
3800360
10143
15180
12852225
1874
3133
16450
3455166
9108
9612651
14986742
13558044
13694717
11202
274
11243
3637
17922
14234933
6038
4133
8123
11547
6429
12278
10378
17020
14911052
5680
12762
11248144
16676
6064
6153930
4126
7269
7334
11514004
2045
6116
1943
17344
13060310
7999
2491
4499
3388
1602
8744
10316
10749394
4669560
9962
1970540
14972504
10783
15892
13717
12988249
10932
2195269
13451
1576
5730
11229451
22026
14910795
14974751
8966355
10889
7549978
4845
5988
1616
5638
4611
13275021
11234
7976168
1338990
23185
14726
5872
8395
6645704
10646
4635
14132855
6299
2428754
2937
948
6057
10057
24108
5164
8001
18616
5214
7511
10926
9365
7349486
1218
12796
22144
6823
8014
18638
5075
10285285
18453
6254
10539123
1323
14980600
9283
15775
4565664
9225
21758
14892030
14976321
1622
19502
6303
5494176
11391
13753
14672902
5323
19532
6133
2871688
1805
14750
14597123
812
7658
1106
8794
7032
18815
14073760
15552
4479
1952
12173
7608220
12891618
24659
16655
6165
580
14887583
15928
11055
2510848
19871
4763
421
19359
3723
1882687
7599
5401264
5566018
20270
909
10421
14770974
2597
2419
702
561835
4710878
4037974
6724684
12398709
6522
12105
13472438
4049
3880
737
7271
14975535
10155
15273
6098
12141
14866931
13964120
12108
12969
14534157
2757
14924605
17330
7441
1916
4072
1722
20909
1838616
1101327
4863081
693
15555
13009829
10686
12140
2198
3752
9299835
4695
18847
23376
19423
12538
10578
14794880
10959338
11381915
605
8601
2400
6372
4684
862
9960
7145
2999
605
3258385
9914
2811
14892505
15156
15449
9613
20661
1509
3550
16391
14418225
14755
14604132
7490339
11823689
7983359
10573
13995712
274
13785
11169
1753
8776
9883
7843
1561
5290532
12817946
24304
10792
2172
18549
11275577
14438284
7555
4701
2059
7527
3788
13162666
2643
14150618
8243
9064320
14744
1149
12751
297
4573
7462
5878
14455
21113
13734547
14247
15195
8180
17049
8789
2901810
11299753
974
14941383
4055
14127277
495
953
7216
312
13878
25241
12254
269
20055
1493
89
9984
12509
7528
17997
9359
14721409
3165
3419154
12681428
11274404
10960
1889
10521731
4770
461
3441
14923311
14761
5202
9117474
18807
5986
14945940
13783
14741
18876
17441
23613
9412
4647
2740
3044
5449
4231
12864
18310
21388
14481592
6216
6270
4530
14753530
8025
6340069
1557
4550783
10665
7615
65
9261545
8078957
14543980
1139
14379
478
14174056
11924
17354
4476969
5711
13505
650154
18483
13759
18364
638
10201501
7069
541
5919
3661
9804330
15887
5145
229
20295
15267
13573961
13902166
913
12492158
16900
23452
14001
13676
5561005
5474007
14955905
8366
16325
535
12964
6168
3590
11335949
3015
5281044
6723
2264
9976
14145
711
8067661
8964
14281577
4990
8835
3471
11904
14594178
14959621
2810
1760
12682
3086
14669343
12168
8123
21635
9366
956
2868
7432
12187
2242
12630558
14468213
8561
18347
14877487
1897
9578
1547
417468
5866
6051
8653
6919
9085
10521
3766
331
4526
15582
2108
14184957
14345072
14213342
23706
6016
2223
2178
16710
1817
1063
4504
7107
13993990
2704
13149532
8436376
2235252
14262552
10109
11969
1174
2804
4323
8040
7292
14872
12634338
14294083
9594
11053578
4438074
6456
20216
21381
13079261
7990
16227
12586
10669
14512
5233
9215491
2456
3699
7032
14150019
10427594
8397
4800
5124
347
17437
14045397
1404977
14270
14956368
12809
2640
3287
6933
10500257
7156
14667
1318767
17699
6713170
14804002
7151
5874
4102
7948
10092
5184
8877340
18590
2129
12033699
11748641
1355
11603
13395
4692
12012
9845
14921
16516
941565
13397963
17567
732
14938065
1984
10008
8361
854
11415674
7281
7018318
3626
4758
8919
4890134
3162
1392
6271
5543
89
14723961
9613913
2933
14185134
6948
4857270
4615
4043
6287
16522
4607
13756
8936
8217385
1129
3456
13457304
1670
7521
4604
14248
10254
6606
12019
984
12018
6340
13535726
22982
9170468
5629
10501733
2672
9300
12782217
3820
17219
13209
5144
11203
2085
12754
14688467
11687334
5897268
11264640
4442
21619
15471
12025
10021
13735
10991673
6315
14739814
10164046
11863
12703
12455
1168
7839249
3176
11735247
14966148
12784228
9410
319
14970427
339
21323
15998
5634
6273324
5653595
5239
14537
13350
8360
16212
11754
16313
1953
1448
5805
2705
106
5300
24120
95968
15834
13168728
7463
14965725
7410432
20076
8475
3394485
12741
21123
287
13150209
2482
17231
11981577
5385
9723
14835960
11495
14743581
8855
10596
19174
14494682
11086
16871
13965914
13488
21064
14614657
2738
9332
13600912
6776
4363
7500841
2848
3189
6972328
8261
2448460
4826214
7153
14710605
13639517
17014
6477
14473721
3554
1995322
5599673
6961
19912
7556
9138
14378585
17138
8590458
1376687
1469
14581039
5084
14605824
5052
14153334
9629
7276893
14937299
6947683
14754
2410168
9420866
2680
5560
7194
7872
16032
6152
5210
14394
10984
18645
12465
3998
16879
1093089
13496949
7655
15847
13913058
15873
14140553
7270
7151
10154
9712384
8567
16301
8475
13387428
277463
4910
9647
9657
505469
7251
10755
8544
219
23771
8621
942
14534721
2884
8094
14932459
8184
8666
9296163
5750
11988
786
11347
16069
21156
10207
6019
9456
3954
839
9467
2572
8996
2527
19072
4494
13138449
20195
16196
2998
1051931
13800
12868
22093
3277693
13616
12387622
7906
2331
12442847
13834
14956716
4309
11228840
288
8786
15790
8023
1305
9505
22783
3347774
17219
1639
13839
9307103
4277
14972380
21133
8109
2905
3963
3760
10061
18658
12624
4358
3993
4967
12899774
4057331
14499724
927
9115
6935
664816
21178
4113
6607145
4269
4491
147557
25664
972
1690
17100
1391
20714
13247422
14548720
16371
24318
6964
4341
14906360
9181962
9905116
8574
9902
669294
12012237
13225
27
23243
15033
10800
11287
11297
8247
7491007
14856035
806
5531
6678250
1575
8242
5132
4643
3517
12477
2857
13207
13964932
6639
995
18657
10672
513
7771
319
651
1569
15556
794
4107
14303552
3161
10099
6316
7244
14830397
23000
8833212
19907
5246
4083624
8938532
722
9577
9364
11419452
11392
3179
14123812
22222
2611086
73
10496
11444828
12900732
10283287
14883024
14944890
11713010
12281
13638304
20754
18693
13914945
14446164
6060
10184829
5258623
7299
14382646
9981676
7889
10273275
3083
18994
4186077
3663775
10108320
14671991
2487099
5183756
527
22653
8273
14964254
13861
5315
10563
11129
8902
4638
9140
5124677
15817
14110489
15579
7823664
15895
10070
8333534
14607
5692
18277
5011496
191709
15840
15927
12543
2086
10375939
18853
3069
5749264
15391
12320
3158104
3032
6499
4235678
4727
1010
6877
9720
18627
8676
7576
11679316
2645
14456724
9324
1034
5477
8931629
9072
12258443
4135
14945913
234902
11885467
9505
26372
8152
5751
5043
3747
5687972
7171
9654658
13619
6350
12619372
14217336
6147
14420
12443117
20536
19803
20646
9923
14799719
14352040
14777738
4438
10415
191
7465
19055
5417
14911872
6504755
2232
5294661
12269
3913
5294
23646
23030
3916
3413342
637
3719
4689
9956
9393
8548
2402
13792
8302937
9739
11246
16926
6848
10014
47
12106879
9134
1567
2700
11812
10606145
3349
9318
10839
16149
1055
4776062
14162396
7427
14702397
6880
1141
7434
9945
1609
13985
14655500
12589163
5826
5007
13745
12373117
4928
15910
9476
13328689
2193
4388826
8367
13627
2506157
12214
738
11441
8752
2269026
5418971
25575
1821
3954
9378
18197
9151293
780
12476
4586
919
9857
10238
8781952
5245639
12225
4177782
12228
9630
11915806
15809
17202
3172
12253
7332584
9788
6225
2014
2453
12194
17775
20603
3229
248
2721
8706
16958
2338
710
479
3732
9812
1688
11843
373
2067
131
13420558
10884606
11981
518
19071
13306
1573
3149
8752
3940
8592795
13667151
12400
9853
224
4033388
172868
14955478
5101
1966
4439
14200996
21634
7913
2543
6155786
9510
12369
7850
9312
296
13279
83
3179
13130
18298
359
4870682
10292
2377
575
6773
1422
5120
409
431
16395
9159885
17750
14922554
4918314
14952683
14211551
1181
21521
14957686
9277
10297708
13748721
12122246
14946719
2680
2492820
619
8554
3445080
12850368
5368
1874
2854
1849
1116
9976
12513
17560
19035
5278
4372
13838555
20784
8905
13556615
4215
4223980
14988949
12440088
16588
2180
9786
167501
10624510
1060
6289758
8660
13418
10785
8793
9356
5992
2433
14501
8829
11084982
383
14935999
1923052
5102
3967
4737
5175462
5082
8935
8425
1788916
4400615
3610
6507698
16265
11342
12687
13199
16228
11658020
8270
1109
9355
3827
14777636
14459422
7825150
6291
15340
1132
24490
3967840
14961633
3802
17463
3961
14790171
9280
8592
13544
178
14280330
7319
6413
22701
4827581
4872
14905
3125
14995
12557
1024
4547
16227
10334
1980
270
430
5826492
1975
14966622
18143
13753
597
3057
37
4166424
14158179
14968131
14710758
16550
1033
1294
17617
1367
364
14561380
845
2424
12278
4443016
2093
1707977
10779683
18560
21556
7041194
20753
11845
14945422
9607
12402
1888
9652
5022
8693
14491286
2973
11770937
11230808
596
10070
760
5309815
1778988
15016
3493
19927
18841
14094
6930
11131
10050
2990
20356
16288
3957
13657818
16379
1625407
12454
9152
443
14178
12781
14317
14066459
1907
4222054
15129
14418
5429012
5118
5461
6296991
14889334
4235
13551604
12774999
5968
5566
11318839
12704
4375
5723
14607
7550
5894
7139
6872646
4944
14657105
14543
7565
12170
14755594
10540
5257
4874
18556
2432
5972
4642
15461
13838355
6689
11596
13347
12894313
6478
5702
2349
4010
2027
5328
5036592
12128
13637277
6313
13982973
6275
13118
8827921
13328802
12524
1062
12427920
7342
16225
3695266
10030671
895688
40
22199
2105
6876
6914
15888
7951759
6476
2704016
5148
311103
1384
4404197
20678
1849
7035936
8911
13767257
4131885
5581
17774
229
10745236
9845593
11471
7700109
15354
12384350
21899
2281
13414
4019
4066
338761
3284220
4634357
8785
10207
6283
14283
3904
5592125
16775
23560
21739
1428
11682585
7628306
4183
4784
12897
11182280
422
13993
9761903
12572523
1573
15868
1897
4053
13145
12629
11845744
10700
13055664
12963480
17580
4560
13613
16554
5118
13842369
14948041
3504
10004
7292472
8421
229957
9153267
330
6880900
11683
6466320
5784
21467
15091
8831023
6012886
13881150
6111
17109
24130
1469
15061
9937472
11922
17813
1124
6748
11354500
14830744
19120
15543
1029
1680
7796
14432988
14783013
660450
10116
2522154
3899
4514
1867
9389
15548
9204
794
8985911
2387
890
13857299
7214625
1570
12248487
4783495
10096
10492
4723
16009
5883
12475
892
20780
6732001
16318
1292
3275
4224
4875298
20790
6491
13484
8263406
6979
1968004
18826
7124
18444
10227404
5280
5223141
13858359
11697616
17382
4493
15935
8261303
21125
9179
12354649
7121
1963
6707
14313660
10698
10079682
6008
7761
7295366
3491
1853033
2164
9705
1546971
10568
3398
14887537
4784650
10092545
2196
12453441
5834
13819
14912
1925
18729
454
1718
19358
19186
2318
23744
2669
6476
14075806
7990100
11148
12121034
1384
1492192
426864
7430234
3760782
21338
8456322
6471
13569558
2616
5953636
78
6905
4380
13291704
14123147
11378
8105908
13865505
399390
7356769
4509
2860854
4315
8083
23050
1098
12531116
17782
2691
11632
4050
7515
2599
25452
15214
17623
14949
6921815
13455580
10180662
9580
14947301
13057
6549712
3054
10554600
9421047
1111
18250
13771957
12050
12320
8786842
17306
3682141
11883
957
107
21541
11762570
2515890
4021650
19541
14176
19938
8738
158
14490604
12116
424
3408740
13407881
2091882
11682604
7568
759
60435
5930
16224
5460400
8691
5452
2139844
8255
3430520
3617
16101
876
8026
2610
14804308
15895
14767830
7758328
11970
14593679
2033
4036839
17640
4320975
3713
22542
13258640
12072776
3696
14939768
8441
6168
4582
6222
2995
7058981
11177
1828
19610
11313
8210
13992641
13964
12014
2184888
9356
12280275
7281
19866
6639
4115
3491
1709
5375022
2228
14862103
6919550
16674
22082
1710445
13602936
7948398
1598
7128
2752
2255
9665
3730
3818
6892
1658
20012
3277
8618747
10145083
9448246
10327
13855799
9794
6680762
21193
607
5581402
10273
7411
6630487
1742
1255629
823
7119
12515867
12770277
13769
7359
933
701916
14133359
4526
14960636
9770
13030416
15242
9622425
8526
9343
6816
17819
10506
5046
11381
2451
19736
13390161
10819797
16030
16434
2684907
7973
8294290
5693
5315
14552612
7841
1004
370280
13229
1978384
1681
10098176
14414698
1300398
978
6285
16001
1680
3201516
14302
14804458
10397
17792
11091463
11269
524
3786
2521
17321
5088257
19862
14912223
4477
1761
5257
706
9214
7737
12886
11887906
4217994
14597691
14474469
9329070
4225
23628
2467
6755
11771
2219
12140
10052
2035
8279
11470759
19662
9336428
2432804
9866
15146
19074
16289
14914408
969
6696
8184230
19905
11832
9002024
3401043
706
1636910
5423
6622
12844
9966
1304496
15548
14464
13323773
11564723
14038
3057630
18612
11418323
11627
2921
11500209
20316
4330
5135
12708
2431
281
11941274
4239261
14262050
5087
3570555
2017
7246286
12554
9819
24438
1783
12853754
23020
7581
9018
15624
20788
19268
5752
22803
3161809
17619
14533495
4007
5819154
607
4430235
8577265
7994
12090
10339
715
6709
7256
4250
2587
7764873
16768
19669
9439
10721
19797
7429
13927979
12026
3073
14731
5527
11914472
10845670
582490
695242
5791
13789544
13211
21854
7581
2389
2470
3677
19534
7323
3041
4248322
485
7707453
13581816
14275277
12720300
5293
3641
4042
19220
3639
14818537
13886255
2645
13543
16767
4659178
4260967
14741
11522
21749
13453
3912
10128
19855
8371
1741
12796651
20211
19504
22727
700
737
13766884
15253
2087795
3656
19813
14935192
2172940
16198
16845
12492339
579
1236
15109
15386
10831004
4499611
5954
14260631
21259
11358352
7641
12004
12775
18236
10524
12033
8934
613
2085
17087
718
8796925
11347941
11999846
12592
8865
6163
7078
10408
5968
5416378
866310
10737833
5156
18449
150
592
4248972
13226344
13864862
10648
4203826
22842
12471307
5728
4452
553
4024
13921
13922994
10328
13876895
3208
12570719
1382
9862
3523
1262
23164
11616938
12212
18261
764
12455
21133
14172761
15411
7844
5846
7960124
11995792
15825
6235
8826
188
3013
6358016
1276
6682
13402
13367572
2818
18785
14727226
9800
9286
14179
14993
1874
1699
6868136
5323
9892
7765
18083
18067
9132
5079711
2936730
15729
25173
4239
1912
4155
15305
3140
16464
12436632
15680
21284
8668588
9972893
4971960
18366
1100
18790
3528
6608
12944
6596247
6435
9976428
10721210
14892096
9333
5297
5003
565
14339253
5589
14432748
3124
2355
7579344
15826
8498
2484
3279307
743
9785100
1827
5958
3072
692355
4672
14829995
12138
2628050
14166325
288
12688087
4699
2714
3313
13976380
2023
3912636
699
10353149
322
1586
882
21819
7307
6818319
12540561
2940
4795956
19227
2674071
10166480
15511
9624
8249901
10234
1089
14831
6212
3656
120
12677
8362
16841
10198270
1044
19986
4512
3860
4365934
9016
15707
17082
5189
718
4549
5272
3331
352529
5544
14736619
13946108
6269665
3910
1165
13406735
2143
11423
20979
1960
14933657
3525
18481
21216
1903
11793
13236633
15505
8214
9302033
6832121
11668166
21470
6912
14948
6376
10116757
3
13427586
15352
3018
6363581
10641
19554
8895
7760054
1549814
1761
20378
15088
2098532
8236269
14967066
10253
14851167
5797
17520
6764
9413
5361
5121
4324
23898
1043166
6391
19850
12428782
2639
13582417
18163
16335
5561
7692
1232
14963830
7744
518
4293
5021964
3442
11797
9259705
3072339
14661263
5193
8919719
2820
13316
26284
3546
7119
14703
17714
8690
3507177
9693
8942
12580989
2981
14094
8876
3478
14931506
16139
7278
12698
19263
1948
2917
21021
14046867
14977843
15340
10088
14743511
13840643
14742
4359
17438
20928
736
3932
6149021
1561
9604
13313593
3174
11449507
20791
10977
14637507
8749
8270850
4604523
5595
6491250
12963
13935
11733
2140021
26718
10053079
3238
11416
17051
9742
14831588
2413
11982
4535
7935
11866
5843
9711
9953
8033
6884
13272686
20246
7674
12417162
6610
19288
11790
10021
13813
880
2922
13202
690
17816
12007078
2033
13429
2930
6961
9565
14637355
17240
16249
1441
4405
16207
23889
15683
6917762
5248671
3373
7212449
4402
7596677
11536
3468
14718787
1619
20915
3782
6736
11763901
20784
11836
8080396
14562290
10909
9953
1908
14937993
731990
12393562
8535
11305
17508
19279
10389968
13593285
25637
4070
9975225
8379
15686
22787
15786
2839
6591
14271
16428
841
1050
14730
20193
2234
7344
14187328
10885
4252
13332
13591
5317549
6705734
3723
6986
21516
4127
7675
12138
3947
6018245
5164
13843290
14331761
12552
18356
13499
17034
15771
19824
5211360
1430
14753253
578883
3035413
16575
14967371
5425
19648
12795
15906
3656
19536
14326706
10189310
16717
9698
7658
3465
22095
18118
635
9862
7523
13852
2772856
14757346
9442
2165
21816
2372
1636473
6449
2608
14137578
3792
7298
14104
7059211
4269
3739
11792803
9294
6910
14200405
19524
2509
7313
8327955
15920
1050
2466
19399
2262
14496
24116
11075
14901860
8058312
963428
11176120
5142
344
10377
12915
4351893
14748589
7628011
2380
16481
5900
539
1585
17825
2331
4407
14828
10003
5332763
3065
1188
11321
11629
1838
9615815
10155
1545
8726
15570
7444353
2035
16620
14381725
6000
7548991
23506
11594
3389
5244
21164
10228
39
6367167
9350
17026
13538785
1879
6720211
1058
11378584
9178
14914609
17717
14758421
2053
4537
7498
8455597
5576232
18234
10133856
12510003
10005
23219
167
19927
3816
10511
21759
3451
9463
8845
4492
7882
14930
21103
11636
7279
5993
5683
12897973
1539
13628
13265
12611950
1293
3252
7937
5800
8880042
8404711
14908
14638937
6459
6033
8921766
14907287
12216
11297
10709
8739134
4351
10518489
3964
3028
14701578
10882066
3008
17748
22505
1460
4853
5538
3033
15961
4578
10669
6791
15479
2940126
965
6644
21826
9243
13805876
10363
737
3610108
706
18487
4532
1491
12997097
6303157
9047919
11747083
12044
5311
8576
7948268
5231489
17361
3833
136491
7068
12096
4614886
17932
17508
13462
8627901
6714
14907509
11550550
5780
11734
11629
8783192
14372999
1124
6589034
6155758
16594
11284
4608
13196574
4846
3392
1824
17980
7641
5771
3859
20917
17256
3173166
4792251
718
18341
9366
7521
11101
8508
9103339
14981713
699211
1233
111
13491122
8400
23425
11592
446
10789787
10119
732
13387517
656
7252355
3864014
17166
9858
8829
8228
1035
24999
7678
1613
4422
14930138
207
3397
19104
721
10179
9091
1167717
14488117
18536
15133
5092344
5290
14641
13547890
5615
14696
8257625
5512
8253
17765
14582072
5112
4567
7451016
12920230
17248
14858716
6909
22072
7398
8735
831
21045
6528
4698
10270376
15958
17788
10495
324901
10959
9271
13261
9047247
9525
299614
2129334
17331
17045
1260
3373
19958
14682
14925394
8828
23284
16221
10435
9942
11603092
22971
7828
6290
3087416
3473
1413360
17294
18496
11136
8242
1840866
4721822
19508
14491
8633
10543
12379438
18347
7829
5136
7113769
14826987
18843
3976
18416
13093752
11157312
24865
6185
12992
22367
12467597
20267
18368
7267
21126
5089
5342
11582
1854
7108
15525
22461
15396
6340510
14808802
3107
2172306
1853
13578218
4720
14784484
13725472
6875
14836
9429
10268
11349
4420784
12135
7878117
21277
8504
8788
4580
7833
3513
5063
14811
15224
7784
12977743
5402
9173
15014
7773
2178027
677
14656
4425
315748
12997
10330
11064644
21526
786
14858838
12316971
9510
9150
19063
610
14947062
7341
14891
5954
20624
13455
13197
18045
1378
10797451
14740622
11580
15997
8512
7194
5618
1934
25124
220
17123
11625
14209
13353
7774
14625575
6701
17155
4842
13737109
1135
9116
13116403
14949119
22809
11217
13480919
9894941
2609
4567448
1462
12945
13565391
14708564
10025865
8709
14863315
647
12812
8757755
12949439
352434
1017
16967
13632
12620354
15257
14306012
14561829
9606
3072300
17381
11736
16762
13806100
10925458
14630
9404
5845
245
11090
2535
10298069
11958
14958649
19256
11758
14234
3119
12947649
3827
9391
8225231
11580
11004
3913
25346
12229522
2919
8860445
12830338
3083
10505569
14758079
2297501
12712520
8068
1500
5079
13185806
14101213
19688
4294187
774
11632
7195619
19971
12981758
3788
3987302
8203
9263
1447
1170
9125
1263
12524
1377
2108
11425753
14481787
2266
8501
376073
2487
3152
10336
14063
11139
917
8398342
6815083
3254
17916
3066
8534
10504
6110
595
4466
11949
1539
17368
2944
4313
252
12488610
7782
3784
17741
21876
11694
6202
8465
6003
14816761
16631
1931265
10178914
3478
2247
15615
13784279
9500
13699
1871
7019350
7671
15627
14625
14071
10879
20855
13213723
10358
16758
9336
5203
9208
5126027
17008
11225722
14938507
11842406
11647167
3439
8355725
16831
24312
2458
5084
7026636
5468
6875
5703
1296724
12513
3135
5332916
10718
4708602
14120
7462
3067
8338
13505
5294587
5905
367
5237
8470
14936439
18873
2626911
17959
8507
807
7490
1384
14173369
3858
6765
14626944
21238
10702709
2816
5368
7843
1493
15970
10542376
8032187
439
315
5539
15625
25346
7491
26649
23889
10802393
13233254
2116
14960632
3605
14982520
25354
41
3691
12682
5962
1033
2137
1495
14412
13272939
7021
11450741
4649
19176
15194
9772
6993
11664040
7072
18858
14279779
21638
8254
19411
13502
25910
3024804
4942608
5997
5643
5764
15697
11753703
7886
8832138
6203484
13033
99
985182
13101
6563
20204
13058421
6707
19291
11596
10127
5601
14118
4304
5993
2690
12347
2431
8745
10055319
6243471
67
7247
10340
6410
5306
13376507
13222
4192
6251622
7449
5257
1284
8634
17812
3996
23984
4946
11952
7348113
1154
11841052
7140
14017
2531
2679574
14877301
8783
16532
6520639
23488
11466
12306839
532
19202
16150
7600336
11173
3994
3921
9862
6763
21124
21280
4699423
14354124
6776340
11711300
22725
8628
11752242
23410
4024
289
6821
652
10089
3954
10334980
3570
20618
6557267
1541
3191
2987
12483
5150
3581
18012
5688
3651
4432
14871770
13548761
14486487
17213
7985
3926
15672
11959
3169843
1710653
10125187
724
6732
8423120
7380
11008
5528
505
14476
9532
6744813
2663708
23031
11536
3726
5830
6152
18922
3785
13386065
4868
1373
16697
9832
5760
2325149
11407
1636
14981952
4375101
10995
1766
13865
3095
17469
2913
7023
95
7144
13797
10190041
15730
4942
12335
14692512
3476
14508489
14987431
12306780
11960507
14280
6086
13004
3150
11547
4857
9009798
16174
21041
14095737
11229064
13099024
13486
75
14034201
14927335
14512351
19770
3960
16019
1252
10535
14753734
14490755
6171
6543
7457
11523
8253
12061
2273821
5616
8796
9629
8588358
1869
8961
14094285
8880
4175
5965
10327430
5936513
7409724
14253223
5974
5858
1568630
6710
8534644
3605
9883
4517
5940
2264353
2906
16518
14985170
2521
2653
1221
8573
368
4010
13873600
12613960
4001
11424
2025
12139
4700
5059
1820
17837
13591814
5648
11890070
4807
1974
19308
6206
4892
1080851
1673
8531
14905994
6780
2867
2677
8639
4824755
14891888
14558436
14746656
6227
6504
15373
1544
13480
17082
11601585
5739189
6215166
13732
11436129
14847559
6719
8780
6031
12539
11879
11606
9822
13607
6627
2006
6461
4426
1501
8115
8241
8562
14052956
1329
6798
5310
14947181
17475
11985495
8577
13112997
1468
10948
13386
6439015
12931
6752752
6219
1589
2545
7368
4503
8139
525
1894
14940486
5670
7246
7975270
7200
4434
1523132
5900949
38
12783532
3053
1998897
5479
1458
20457
2490
11455
3824
9369
4278
866
3228163
5326
2142
18210
14919570
7104
17348
15885
19273
14136236
13693
17003
16381
752
14100345
14171
9503322
6602268
1457
13523003
6019
10512
14045604
9879
12604321
8421598
1768
6337
11731
706
19882
6548
4981194
7366887
7062
15102
3942
6432392
695001
25951
14201109
8273367
11141534
12525110
7783
1348
12
3080
21681
13303891
860523
11236
3544
9503
12722
4042
383666
1431
2320
10617
21119
15046
6306
2351684
18553
13770
14957
9440
758
11327932
4642
18807
12497942
11760
5041084
13793845
14435
14971173
7640716
7426
9012121
3775
11039409
11106
24031
5822
1726
6270
4542
4708
730
22293
14658300
15758
4007852
10033010
7539
14896509
13571458
13766
7370885
17237
4620
2188261
2162
10117
11792
11853
9882742
6619
11691
5481
1150
10892
13467
11131179
12688725
2437
10009
14752256
4371684
14842390
11364
2919
14838203
22733
12136516
14675354
17785
8348
15168
7857
10085
4401
11001487
10871648
4674
4269
14001814
13395772
15125
16171
951
7224
4485121
10186
14906770
14363914
9558328
13243211
19921
6229777
9753
13069
4672
7022688
5614
14568598
3174
25965
9845
1075
24129
12342413
14232902
9755585
7708
1231
14529
14074764
2670
8227
12747
3677
18069
2155
13847
13830
7132
19896
2048
4052
4492
6398567
15725
14804080
6211
11432
6028
21120
14957201
11525228
3413
8897
12639
15509
11536411
12891359
10414257
18891
4213
8732
5601
7888306
19
4024
7186
5374
20752
3550
18586
21089
15547
6791343
15402
16378
8002
8360212
743
14464865
11203
5670
6492
17415
12936573
3267
11496
11379
14114300
2234
5346
21187
7132
3172
3617778
10148
1580940
1512
9415
11007
8572
320
1648
13188
14628
6708
10507
135
7391
8703998
1199
13920
11518
12513
2224
6167
14511476
3144
4112
1678
1530
5327
8705576
11125
503
3680
14497600
19276
16221
12781
21021
10397
3675
10160
10145652
14554182
18890
9174
20271
1452
8368466
2195
10804779
11338874
13026413
11450548
14452985
504096
14285427
3292
3868
1682
4911
13306947
13610687
8111625
13693822
18705
4432424
14620539
16803
11066
13550
813
310992
8666685
3303594
4093502
4872
885
9622
13656205
14738018
19454
10663
15482
19771
53250
20277
5094
593
5114
16120
1179
6083336
801
10770
21831
3059805
8842
15543
1899
12532
12151
5693
5801
12884519
7598
16828
6097
5737
23209
10113603
13678540
2419758
3253928
1323
14126
14946363
17422
9439
8797
10003
16221
15579
12712
4625
20970
6142
14235
9611
14144164
812
1302168
7707
762
16634
13103155
1450
14974938
18344
224
5246
11083453
8186152
9485
1699
4725
16599
4698
4396
9126
13070
14443004
5248
12762
6543
16059
4543
12063
86
17493
12637
5988
5034591
12801647
3286
4179
1969
10466
5550
6186
7534
655750
13920274
12151799
4005
7341
6019
10370
19873
12488664
8442
9232203
8181
8751
14062426
1689
4572
13983252
4034
6590
22558
90660
9718
281
10793
9733764
1059
6273
2839
2418663
10164992
1541
10604
22641
256827
2620
9695916
14347
311815
13058393
712
20970
6924264
778
5417
10400863
22141
14572725
20897
17170
2926
4296
6226
6491
14202759
17443
6877315
20764
2820
9086
16296
13217913
6875649
638118
2594
6928
21789
844219
4476
501
21467
18997
14767816
7759
12167
1862
9442031
13717
10983
10885860
7426439
4114
6727
4926
14154
16295
1302005
2067
14838218
8305
22410
14575750
7912
5534773
3835
4969
20241
5891197
5965
14647103
10623
3456457
12974
14814
7126
3777
9258
12922375
16025
4916
68
12657610
8509
3098713
5232569
24548
11268
8653
17422
5194
1503
21953
7878654
25593
13910
12115
17027
8730573
2746075
13726
4305
7206
21947
12802
3328
1605
14501142
3695
6073
11042
9870
12745845
88058
10503
15201
13850910
10882
13930
13343385
4404
11609
4112
13612
15703
13491563
14468360
2320
13624936
5174139
13487711
8037524
16725
3336533
22843
5576
1554
14416578
10961
1817980
13680285
823
11632378
2486
14613
13865
16260
16284
3612375
3105
10978
3392
14910618
145
5663
14857504
14296509
12734
10528
8775
14094
4157
10768198
5075
1600
12067955
9903
14966134
5255
1297
13988076
14280556
2184
8289
8142
4771552
4774936
12267154
2691
14371555
20790
2414
1217
12998
1379
9926
7906
8923
17232
3076
5390
13996218
18005
11729619
317
23722
15705
3917
13608832
10241
4416
2252
7018
9553
297
9720
22847
23027
9283740
12956065
6390
6374
8199
20264
10189
9356
14971750
10106097
13480
6753861
6196
854
5391
13271
9762837
18392
14903
20871
5366
11291
219996
16569
7373744
10837
14978136
2498
11920
2943175
4082
19776
6738
12717
14047605
14027
10822
498
14584234
16150
4946160
14078364
17274
13822
14942
5100566
6117
4393
9905
15476
16565
10204095
1885337
7364
10634
6868
9767
6713373
4303
5393
443
11158
15536
12687
1512
7268
1082
12965
374
13217132
4135
4948080
8107
6864
4970
9289029
6859
15028
3658921
14804361
65488
587
20165
9323
5698
1103
7856
20064
13626599
13284001
17743
10517116
5205
11914
12892
8024
14791104
15462
14779144
16850
19926
1181
13838
19058
183239
6503
3840
18797
21892
2240
10768
14465443
4743
8879
277806
12402
14102
11457157
2514
1359
22498
15292
21153
7100730
6028859
14972288
7187
15076
1343
5468
7002810
11051
18725
15315
1581
10564
9677
7505
2484
1645
9611
8534029
9708679
1585
9536607
13985
13203
7388
3075729
14643170
5857
4859
110
20089
18394
14890
14374
9901849
16528
5152
9737
3652
13746409
14962882
8568
13971
15411
10134059
6748
7598
17487
14168276
11267001
11408
11665393
912
4785
10468
13592
168
6702
9201159
14814346
107550
3161218
3344858
5860
1301
9237526
2960
9348
9057
7203145
3616
20417
18303
2001
8908
477
10239620
14171
3748
1020
4657
8396
4180
19572
3473
1672671
7465
973
3371
1424
14023
4797
10616
3991
8874
4053
12172
13537
9149
12084
24671
13123
1286730
14779509
2692
14008125
14290809
16216
16820
18922
1218
16785
8223
5629
8534
25504
2518
3666
24128
10358
9460830
8367597
14099651
118
3082849
11214
6615689
15368
266
7987457
2558
1643
16360
18635
13129637
258
21145
15728
1204
1223
1460385
13229
65411
11667659
13649605
14514767
7830
13639388
189
19959
540
12459
24160
9069
11661514
2630
3004529
44
8043
11181
12476427
648
14303276
1631
9508895
20495
17054
1136
18386
1800
2149
13451
4755166
12469161
1697
6299
6418
8539
547092
9700807
3622
10146
13673
2604
1465
3617333
14436011
12779
14830289
15747
3545
7709
7833
7477
9032
11036544
5595360
3790
8438
3239780
15912
359
8680
5565
2866
9031
14563373
4081
10730
10257
3193099
11727295
5870
6135468
8408
9996
6004
14965029
18681
2696
1406
10482024
9038
3498
15533
9219822
9097744
14877282
7884
1137
2726
3889197
24935
10789572
6208
7018
12712
2944397
9398
14545
8058
14902
12858
11267
14722485
13600974
14864632
15115
10899
1791
13930
21493
7335
14797
6313055
1886
7070
1658041
17473
12997405
2789
3836789
10035
16384
11735
13235
8373126
838016
10430
8053
2515
20957
14192129
9238
1705729
4097
7306
12543
12805
1988625
10734
17629
23838
19547
5395
6760
8915
17363
7062
3942
4449
383
626
14961560
7192049
18845
13250367
3894
14182
5132
25360
11460
17726
7223981
1197
2898
1338
722
3860
18499
10528
18
12537
20934
3550
8790
6720
10409
14915573
4151
16364
5582
8430
17436
568
10057
14528186
7721347
10593
14970789
4556
2396
9510226
12343
14345624
3884
8243
15111
2269
14985
10215
14735852
12973
9478
7268612
6627
14972954
1768
4975463
3444259
14739946
307
10340
1301124
14370011
858079
25053
1951277
4993320
18294
5309745
21295
7641
7725
17772
1329
8955
13507
14905394
1560
5653
6390
16227
17139
19030
7060571
11217811
7559
809
14580
5145
4634
362
20325
11264
13386526
334
1199
6821906
9462
10411135
1615
5005
9821
3406
10602
610890
8820
2229
15112
7931162
25827
14884944
12027313
14005224
13032715
6431
10038
17401
1397
3369
7456
5830285
3890799
4781794
14690
8638
14448728
14254151
3604
10724
1042002
5838
2183
3501
14101
919
10768
8380
10608
1515
96750
11418
13914514
10326
13927370
5149
13842798
5994903
10655
9353889
20199
8571
2076
6374
483
5352
7722
14452193
2788
11619
1058
839
8209114
11570146
8244
14882233
14975
6978104
7971
12397799
12152
10200
17994
4269
962787
2133
616
4376
12693
7518
14803123
7364
10975
5365183
1796
5608
12186
16857
9029
16291
11427
6830950
9694
8788
7746
14261974
14889011
10527858
14543643
8354
1953
17154
16549
13840
2719
8291
3497
2161
9015
11891
13579
3114
7715
3490759
19035
1305
2705432
11313418
2889
22632
21532
12298742
18789
4822
6357291
11458125
12468070
18999
5102
5568664
4283
10910
7545
13264949
21004
2454
4924
12988
14772808
11359
6621
7813
7953641
2202
4840479
6133
8613
25187
14913935
19935
10376618
7974
4327528
17901
18479
4852
12093647
11446233
1030
3239552
11497613
5296
16036
11513
11996
13642624
14230
1177
13540035
13255644
3119
12178645
10070
5662609
12101621
17946
12923
1528
6115
6656
9846328
7334
540
976965
5834
898
16575
2218
1806
6389
5981037
3310
12742848
4862
4104
4514
5223
7474994
13641886
13286082
10024742
15190
1025
693
3237
485
192
12415725
2839
2666
10222
10510
13777
3410
7183
22621
17656
485420
23534
14519
12172683
14398696
4643
4589
10517121
15151
11702
3129242
6084
6784856
18633
10275004
1251836
24472
4330
12861
2762
10832
21134
10711
4442
4016541
16516
970
14907533
13383702
14867902
5482
10880
7739
7381
14376
1403
8493337
13304069
6882968
10460
9283
6647733
14052716
12887
18518
20654
604450
9215765
3078202
10638
14838485
13604812
826
10231
3299
16852
594
3988
241673
5448
4237
2047
14510535
1579
9373
4342
3950100
923089
6485
10061
5940463
3399
6856
6689
3192
17835
6270
14808131
14879591
1252
6917
8982
15621
21904
10850
4103
4258
12965929
14974260
14036
72
14014830
14754
6150
7777203
4343
5996
18259
3395
14652714
391620
6190828
6083072
23057
12585855
19165
8766
12051560
16112
1256
9737
7011958
8146
14855
22973
9267
5504
6554
18353
14067434
1990
7502
5131
21327
13162031
10173000
9666
1567
1203
14280593
3861
8260
7504
583233
12728940
16423
14875878
6624006
7620
5208747
10346
14372407
6827
6769656
2302
12326
1561
4011
2786
5077
13458003
390
5870
17168
10376
4385570
11571
13112061
2664
5017
12687345
14012
20824
7547
5343888
987
16095
1306
7537
5734
11550
22743
17796
1462
7320
9618
5011
21143
7298
14503750
68
19882
6540
14923301
11579
22812
920
14872630
5995
3025
5213
14733712
6177753
3530
12936
1076901
7852
10467
3212230
2766
23566
4914
5963
3202
3938
4781
1235
3958
7808
7756
5424900
16666
12789811
8198558
44
7645
23515
13910697
5079557
114
9290
928
20765
12752092
12328
7409
21598
15607
2852
12412
14476
8836967
2728
1764346
189018
10392
768
9450
11355
15674
3714050
5320598
13062
2321
2799
17373
5999
11880
6995
13573
1578
6456074
3990
1130
6572
17541
12930
17813
13743
10238824
7529
269
14349
9325
10403
12248
13960686
11290
1382
24577
2112908
1058372
14964675
2685
13093
3620
19647
13797504
7424237
14927346
10285
437567
18950
14768
3377
2173153
14587
12706
12016420
14115633
13917
9443
4599
20090
9622
5978
11058
3548662
15556
14727059
6775117
3342
7506
8269
4240
7417
13098
13809660
11247
9260916
8860
7988
1987291
1295
16076
3310
6951666
14508815
14959718
8297013
4038
4534
8057
7868052
2440
18635
2287
4514195
4319
12515145
22588
6820
17014
3265
6337
5383125
5498469
13520327
1822
10740
13921
9492131
14262900
2289
1548
6989
12984
10643888
2462
1225921
13349
2430
1717
11649
3239
4111
17639
257
4994
7375086
14938882
4473
12680
6432
4016053
9351717
14204
5382
14872202
9340989
14159649
1219
9004
6540297
12293
4773788
1295
3845
13327377
1444790
3069230
8480
23067
14730466
4738
18
1257
15268
12613168
2076
12072243
11936
8259955
20835
13884642
20405
368
4333
11645
14939471
14949322
206
6048108
3747
8385682
13423573
11776
2777051
11638
12088
8373
5520892
11082299
6577
8382818
917374
12692683
1434
3902
3215
22454
6253024
2841498
4999
2655
8880
14745
22045
1476
13967433
15655
6873
3809
14390
7926159
12974
13876769
5663
6256
14625756
5696
13602658
11057
19786
3659
7581
15570
12032556
8923196
3458
14964832
13886557
20968
13921049
20352
6963905
5129
4597157
2468
1275468
3656
7037
7812
9783
13045
16810
15888
12260
634
3944
9284916
4608077
14754210
13271064
19455
14832347
852
9246
5116
14779254
9457
5865354
2528
3415331
4488
8396
867186
12163656
12171
7274331
4548301
16471
14706
4634748
1901
13522109
11229
4649355
2071
17733
3273
14492625
12636
3833
1275
14784918
13794
10551306
283
902
16115
6975
6993
14799715
8005521
11171764
7723
14721711
6892
1799
9290200
19654
17504
23344
11284
578017
14980915
300
2960689
5744056
6350
5080374
9358
20025
6035
10713
14575
6357
13133894
493
4254
15487
5814
14844
6254
14728772
4400697
9847
20786
7696
5108
17846
1305153
8819901
7268
11149
14380
4782
19764
13016832
10083
16163
1257
19322
1070
12047741
2729
16559
2372
9578816
1445
14729895
17701
1578835
3004
4866
1179
3324655
14589
13342
1417
4456218
22818
9386755
2750
16314
20051
11043
8916
9737
24823
10401
6345697
5682
11587599
11608172
14930632
14549679
7256
8438877
3325
8573
14967
5327
4601113
14196
12452
12592
4805
21394
6660909
9150026
18397
4378
14041
9610
13492
12452072
2671
10852248
14834
2952
9171
18060
14710
1788
12187
4404611
15126
8732
1145
6601
9450
23062
8693281
4688863
916
5222
9421
4832054
5874
7233915
7590
11792621
8873846
11991
12838039
1374
11270397
5478
2489
4926
11417757
5165
8802
14828309
9005568
12590960
11928
2268684
5522040
12401282
10764
18709
2711
1505
4702
18430
13323
7421
14968440
5423
8578
4705190
19311
19415
3756785
13691934
12785
16180
4087
6789
1327
10831
2366
4342
932
14702712
6677
3649
16385
2322
12832812
1365
3055
1943
12920
3496
11448222
12502742
9023
9996855
6281
2309
13808
5487935
8024889
9796
9400518
8609
12529
14979118
4932
15001
13778
6159
17618
12816810
9396566
5410033
7849
2491
9002
11168
4636
14784959
14790187
14646
9902479
7257
15902
3188
6576775
2791
14261713
1536
871844
5871
14789577
12918379
14025721
11090
12997
5691611
12889183
658745
11104
10111866
9890
11000
7780220
528880
319
7921116
487
14350870
17727
5755004
12467155
11465
14493
13499811
8919
12923494
25055
6497
6009
6644614
8290
15072
1078
15222
14151132
92323
14987
3171
11726
14303
11937534
12123796
4918
5585
613
15623
12088
13856
7372
8133
8935
1147
13018
15536
7571
4894
25572
12439
15544
14390
9822
14656262
14235
113
261
9074
3179
7934582
12101
14503200
8233
15864
16585
4704
396
7796
9855130
14692
9975
4110
19993
4022
4999
15224
5293
8755
11813
2704
14794141
19449
1905
7561855
5733
5195
2242012
8615871
9520946
9878850
5078
2171
2065
1198668
4713
5434
32
2986
5980
11586714
1901
5711340
5926347
9997
18831
19846
21925
10750
7581225
8896
11437
126
5876
21404
11292098
10112019
24480
6623
11183321
14035067
9810
1731
2579
14599163
1137
14120
7051
25223
4517
486
16258
14973158
14909121
23215
874253
13207
9067
14059
14959510
14892
13739
23897
2529
17382
5883
6317
5785677
13099
13451383
466
2143
3646
17631
3550
8012
4985
14363208
23577
11634
7354494
13054916
17401
2793707
13158024
15354
9000
14159
12020
3634
11501784
3498
10516
15659
3847
70260
9162
3922
2082
257054
792
6575
656
13031
3993
7848
8286
7298
865065
12378
14743789
20088
12088558
8898322
9152
6276
17527
14050
5100
6293975
5793282
25953
10807
3121165
2326858
21387
14979510
10097
4313
14531954
18686
10099
13493
10111
1257
9018082
6100
2879
15124
19126
4356
4577
14970761
9796
4140
4803
10725587
3691861
5005
11980112
3066
7780
17375
5855
13773200
14913312
2495
9849
8036
14656395
2816
1276
2823
10118926
4267
3209
13716
5796
9982
2114161
8403
3356
4329
25485
17684
3856
12149
375
19
10188094
91001
2223
12310243
16544
3436523
7238128
15828
7797
22230
12199058
6674205
1980529
1111
3314371
17160
13587470
14853
23746
9982094
9039
23305
699019
2806
8687
4632
5867
19332
14975
11919404
1245
1536239
17214
23850
12809320
3576
18436
4021
4703
6506
2456
11269
6954408
9719
3526205
5083
12273
8745
9526
938
13307440
5771
4195
4943
12936
2847483
10948
5894
4294
10355
14159394
5100
14007199
24977
1110
1618
6472
10778
3913
4025
9187537
2354
546
6964
4185675
5307132
3277
1169
10985
10458207
9220442
1872
4659
4231071
6076180
8497
12789838
2686
2303840
1222
14009598
14161945
6068
5269
15663
1776
794871
13440944
9568
8483
14029161
6117314
15899
6498
5160
4048
15438
843
14703509
310
14287
5737311
6985128
11244
864
10326
14190322
19597
14869766
19895
2953
2446
10651295
6654
25736
4919
7144
1863
5298152
14122
13255142
20136
19015
3825
1323960
16415
2084692
15665
12007378
7258
4458
19575
12594
12298
9116
17619
11672035
9574471
7942150
13850708
8867
3396
9047
12539
23523
21907
14685
8492
8149809
18962
9610
1508
4718
17033
4238728
4784347
20551
10760
10410
12208024
1951
7075
3864
21455
3205248
8834
2079
1558
5228337
3341
4110
8081835
12934
2598
8761
8063
19968
14513109
9637
14739
4963944
13321289
5374
16696
22240
19605
5447
11171590
12162
9104125
14541950
10242
16794
15449
2776
4249
14006281
8458
6887
23970
5708
14808843
5584
1758
342
1374
22500
14963937
6129
12485475
7129573
7302877
12269
3739
17088
8845
12338988
9479
1070
1084132
5083
17241
3872
977
1604
1351
9571
6887
8347
1113
5544
4819
4120
411
10060
1484
2067
16363
5116
5091
11835871
1944
13902
13580600
1652
10257
10645288
8154
3109
18349
11299059
11815
7226
12900768
8840003
11580
21153
8235
14713843
9147
12437626
4517
11830388
2393
14641355
4370
12222
82
16317
5045855
9456
1380514
4173945
136500
5623
7947255
6305316
2290
7164
10400780
6760
13675456
6147
17480
22970
8876
3979
5592355
7665
4606
81
9199
12098
7063288
13922
12707047
18112
4616287
3609
12781857
8532
2304
2527
9470572
11252
3164
11012528
10401
14500606
20419
14554225
9458
12199
18449
14783141
16863
10109055
18453
14589416
19231
10951537
12337
4622658
2833
8783
8196
4521
3652
4600
13434208
3327179
2267
9688
2676
13798277
2883
5170
895
2320
15649
2508246
7414
11820
2592
14964651
6472396
9820
21831
2559964
6669338
3609
3810
2201
7592905
18866
14956315
14310177
7946
8718
7161
22942
2106
5033
4796
14778
1323404
13251
4122
22176
12922308
9797
18333
464
19992
8992
1320
15814
5474
6533952
6412
7370
14760958
14878439
6412
20912
11446
3663
3130
7015
15873
23168
11379
10401005
1244
13648383
4068705
1116
607
455302
981
21346
3635
3208
5906
6481
15708
12311521
14691544
3475
5495
8377953
6169
13828
3246
454
1385
19119
14072
2752599
4955
12050
14365
8367
14466
12089876
2634
2574
21654
16657
2350
8627
8654634
4148929
3656
2671
1406
14949899
13959988
4542
14981411
7269
10244
9003297
11535094
24992
13123
1377
4372262
14597250
19816
7076
3690
13469032
12210
615
4412084
8405
2990337
5938
6363
2345
11926966
14233731
1031
7872
8438801
15477
7891929
2453052
3584
7528
4452205
7955856
17221
4793
1124
23727
24405
896
2019
14618562
10032
14922678
13300
4345
13853805
1470
8307
8182
11144
13656824
13147
11443
3008
3605746
8937426
17574
11482
2967
14678
17183
12560794
13828252
2090
19402
2108
253158
4001
13354
14851733
9658668
12916173
1653
14390018
8991
21240
8512494
8463
8107
7310
11126
1367
1261
13078
5729
12019750
1688887
1102
1514
4877
3223714
12984
14388105
8969
2676
8488
11246
6119
12474
6248
7920
9349563
19269
16704
16742
198
6163464
14968
14716551
10398
13187910
7889
158459
7185
9170
14944741
13474
170
10680
6376
6807
13618191
9522
1005
3720
11149096
556
1456
12996
3111539
13608971
6990
9114
7145
748
21577
8395
9394
16346
13819534
20876
14182366
2221
394
737
9814
21099
7742
5303
13789
17857
4864796
16162
14453893
16810
14554258
9977
12870
12841067
12887
1869
14855243
2374
14781
7978
11943
4374
14930111
12715600
14565
11069770
7912
22290
12166
8632
17766
14388388
11143
20512
10155
14854360
13925
3208732
7425
187
7038
12939288
17729
5436
14938379
2896
8674458
12153
11995
601308
20967
8794
19770
21311
12938818
3865810
14350528
21830
12151834
837
4406
164
1783
9309607
37560
6860
11696
1829560
3293607
10971
12772
1954
12490
9971
12787
7265687
5746362
14184
1294
19082
21926
11170
11361829
8460
14498
3316
14023
14778
1744
2407
1520335
3876
4280136
1863
5166
12481605
1466
13601552
11573
1693
14730336
7701
9420513
16623
4711
16835
14176896
3901
10733328
8772
5752
8935
13863
24160
21655
12802
12767
13310256
17836
545
6632
6876
13271
13037421
17622
12403
11650305
2019
473
1166
14512
11685362
1533
4098
1960
14394760
17931
14967794
6246
10490
14986382
5467176
3335
4498
2862410
13821
9609597
6028
1553
2340
11478
7890970
13480382
11905
7797
11924202
6341
3616
21899
9553035
14284
12407904
12202
9784
16937
5096
1703662
7583
19236
11081
3035
19320
2125
15648
17992
4216
1379
4535
8156
5072519
20952
4459
14510728
10334506
2188
3013455
6041
10961
5321
17043
2636337
1519
11356
4626795
5552598
6078
1547
8418931
6559
14559481
691
7904
8511646
1813
22496
2092
4720
13013831
14680600
8758
1621
938
1390
1747
23044
1018
3509
15
13841220
4253
4746064
6536
4477
6692
2997769
5748072
9995
20311
8082
13292315
1727
7075
12876
14946672
3659
17120
8743
3724
1650
8865
3006
17216
10041
2459
13605
2415
18767
9159
12143094
5185
1683
6612286
2320
10312697
10261
11587492
5499436
21069
11245
21507
13461
17806
1025
3254014
3691745
16773
2682
18475
6467
508
11955
8000
25222
5362
18562
5056178
15735
2861
12274175
17377
11769198
8945
17441
22639
851
13884
12288
8230
15982
5463
9017120
21312
13669
2923
4316
9494801
8730
5119
4956
14780544
2325
11656831
8712
3603034
6932
453
14721
809
7228
14490
6579698
6650
1813
17277
9149849
3374
2651756
5640
10802275
9399840
4963195
7467958
9257
14791820
8671
4164
9936
1889
5768706
2206
2484918
9910562
8894357
8185531
10140
2590
789
10254573
15422
3885
9772
1824
12573
1322622
11289
12422
1707732
6774
745
7
6426
2031480
8957
13586019
11119
2441
10178670
7451
21283
19067
12207
462035
7917
10186
506
1796
10400401
15530
164614
2734
14921954
5535
6728
1523178
2400
21118
11790909
3373
10412
6818420
1658205
4291
